year,froot_gCm2,leaf_gCm2,p_uptake_demand_ratio,gpp_pft7_gCm2day,gpp_pft9_gCm2day,gpp_pft10_gCm2day,l2fr_site,l2fr_canopy,l2fr_ustory,leaf_alloc_gCm2yr,froot_alloc_gCm2yr
1901,0.35988746,0,0.0027513609,0,0,0,3.4274294,1.9375807,0.78484911,0,8.0293667e-05
1901.0833,0.33554801,0,0.002807644,0,0,0,3.4803061,1.7583631,0.71306014,0,3.8380524e-05
1901.1667,0.30958423,0,0.0029833161,0,0,0,3.5211179,1.5950514,0.64763618,0,0
1901.25,0.29960938,3.0765329,0.0030018678,0,0,0,3.5249791,1.4421052,0.58635795,138.98368,0.37571999
1901.3333,0.33209671,11.949411,0.002832223,0,-3.873666e-07,0,3.2725265,1.3038034,0.53084213,0,0
1901.4167,0.32961514,12.950709,0.0029522085,0.019977818,0.016949679,0,2.689055,1.178722,0.48056686,0,0
1901.5,0.35019335,17.500717,0.0034199692,0.84074136,1.7413897,0.7749984,1.788884,1.0658069,0.43513697,111.22967,0.015417468
1901.5833,2.2043632,25.963372,0.00064796722,0.81580768,1.8958666,1.0556154,1.3841587,0.9692266,0.39355588,15.61332,38.673856
1901.6667,10.807759,27.101362,0.00011597679,0.52806366,1.2725021,0.71436177,1.284698,0.91145134,0.3648043,7.2658926e-12,139.69525
1901.75,18.635459,13.468209,7.8029887e-05,0.097668229,0.23116948,0.12102435,1.6986965,0.89964283,0.35952356,3.0481642e-12,30.348056
1901.8333,17.952351,0,5.4827939e-05,0,0,0,1.6954353,0.9118346,0.35808408,0,0.0023787797
1901.9167,16.50157,0,4.7625868e-05,0,0,0,1.638991,0.92276913,0.35605592,0,0.13009111
1902,15.145699,0,4.6843095e-05,0,0,0,1.6887201,0.93063766,0.34536561,0,0.0046834516
1902.0833,13.948097,0,5.0295188e-05,0,0,0,1.726961,0.93693441,0.33128372,0,0.001444954
1902.1667,12.846423,0,5.4835902e-05,0,0,0,1.7568778,0.9426133,0.31854403,0,4.2644158e-05
1902.25,12.953827,2.9482255,5.6725243e-05,0,0,0,1.7866899,0.94803196,0.30654952,133.11792,51.274091
1902.3333,15.659971,11.471871,5.4192413e-05,0.0082537729,0.014264542,0,1.8392283,0.96458602,0.29173747,0,0
1902.4167,15.995722,15.517755,5.9993174e-05,0.82591623,1.9127775,0.63288262,1.7491091,1.0168382,0.27083063,124.31283,0.013164561
1902.5,26.635962,23.864498,4.6716967e-05,1.0099865,2.3146977,1.2421894,2.010031,1.1184514,0.25020769,1.7797349,244.19428
1902.5833,49.53748,24.886906,1.9426463e-05,0.81257783,1.8859027,1.0310607,2.946454,1.2920406,0.23997648,3.1582713e-12,254.22029
1902.6667,66.884816,25.857013,1.1061149e-05,0.54975809,1.2959739,0.70110786,3.9678996,1.5499976,0.2412035,2.1847774e-12,168.99008
1902.75,71.501784,16.334468,1.2639176e-05,0.12581991,0.25980806,0.1282084,5.034821,1.91327,0.25869557,7.764011e-13,20.243978
1902.8333,69.23788,0,1.9578007e-05,1.4779192e-23,0,0,5.2105269,2.3280301,0.26788846,0,0.0017860221
1902.9167,66.74619,0,2.1816244e-05,7.097196e-25,0,0,5.186626,2.7078185,0.27564731,0,0.26319035
1903,64.330824,0,0.0001091919,7.1240072e-05,0,0,5.24019,3.0562103,0.28275886,0,0.11902419
1903.0833,62.096503,0,2.0981977e-05,0,0,0,5.2959085,3.3560462,0.28887618,0,0.048619001
1903.1667,59.934478,0,2.1600948e-05,0,0,0,5.3438034,3.6272199,0.29440838,0,2.2287398e-06
1903.25,67.687817,3.1423052,1.8445717e-05,0,1.6753619e-06,0,5.4065156,3.880466,0.29948372,141.99166,463.29766
1903.3333,88.351913,12.123172,1.0158631e-05,6.7729365e-07,0.0013585385,0,4.6139483,4.0662656,0.29892862,0,0
1903.4167,79.361536,12.807586,1.1285632e-05,0.37182361,0.88072602,0.15452597,3.2956841,4.1250901,0.2923182,14.336923,0.12248463
1903.5,63.356809,17.020969,1.1159145e-05,1.2754805,3.1044374,0.83338551,3.0660362,4.0455499,0.28624138,69.124872,0.92981296
1903.5833,35.009865,24.998683,1.6493079e-05,1.0945782,2.6574408,1.0556226,6.7202139,3.8458798,0.28380284,69.540093,1.6474184
1903.6667,27.568296,28.127281,1.8994722e-05,0.70203716,1.7185436,0.74911623,13.981769,3.5990615,0.28313822,2.6322429e-11,15.935157
1903.75,28.025929,11.180284,3.0989893e-05,0.11889636,0.27716829,0.11552528,21.629547,3.3954949,0.28341371,9.0432395e-12,5.5431474
1903.8333,27.175507,0,3.9760482e-05,6.5397609e-07,0,0,22.284378,3.2238798,0.28393787,0,0.9292531
1903.9167,26.274282,0,3.5376699e-05,0.00077056526,0,0,22.290308,3.0691628,0.28441527,0,1.931818
1904,24.765378,0,2.7328089e-05,0,0,0,22.458025,2.9269814,0.28485334,0,0.97540208
1904.0833,22.987036,0,3.0172017e-05,0,0,0,22.509163,2.8037117,0.28523043,0,0.95208004
1904.1667,21.343743,0,3.2583917e-05,0,0,0,22.366381,2.6866002,0.28557158,0,0.80705796
1904.25,21.232028,3.7605339,3.3824515e-05,0,0,0,22.167568,2.5706911,0.28592876,169.98819,68.773841
1904.3333,24.081687,14.557389,3.3291293e-05,0,-0.0003511435,0,20.070511,2.4558613,0.28856078,1.5001881e-12,2.6887121
1904.4167,23.733683,16.811991,3.8580216e-05,0.90120126,0.95805199,0.56633451,18.657433,2.3392336,0.29523483,55.400948,7.9012721
1904.5,24.963256,25.643177,3.2802091e-05,1.3044295,1.970323,1.3050295,19.421368,2.2339239,0.30562067,69.270634,44.159783
1904.5833,33.285417,28.451856,1.793191e-05,1.0571917,2.1444526,1.126593,22.075314,2.1659987,0.3204875,2.6407966e-11,152.27616
1904.6667,47.381699,29.605368,8.6510536e-06,0.72980702,1.5064498,0.80142909,26.616928,2.1632581,0.33988595,2.5634275e-11,159.65091
1904.75,52.473366,13.733732,1.0979242e-05,0.056905103,0.098767634,0.059400465,31.716915,2.2470775,0.36439133,7.708308e-12,17.40297
1904.8333,51.168405,0,1.9990861e-05,0.0007181659,0,0,32.166679,2.3693111,0.38983381,0,3.8947753
1904.9167,49.318187,0,1.8386385e-05,5.2146719e-08,0,0,32.338879,2.480695,0.41289282,0,7.9342026
1905,46.255678,0,1.8443028e-05,0,0,0,32.381886,2.5812447,0.43405244,0,3.8961421
1905.0833,43.077037,0,1.945905e-05,0,0,0,32.519482,2.66522,0.45226958,0,3.7835903
1905.1667,40.14517,0,2.0001075e-05,0,0,0,32.512089,2.7379332,0.46875128,0,3.6575007
1905.25,41.06991,4.3298528,1.9453035e-05,0,-2.9123707e-09,0,31.753965,2.7996655,0.48426345,196.04912,175.17735
1905.3333,49.503364,16.670706,1.7853554e-05,0.0059425832,0.001585997,0,28.887177,2.873122,0.50429958,2.7767137e-11,17.226422
1905.4167,49.854886,18.616436,1.8799745e-05,0.84892416,0.96994955,0.56385363,27.005909,3.0178115,0.53745359,45.443747,27.150495
1905.5,54.168131,26.440229,9.5834366e-06,1.302898,2.1816382,1.3088388,24.473675,3.258754,0.58567625,68.975665,105.22473
1905.5833,67.128092,29.604923,3.1045208e-06,1.0560859,2.1016457,1.167307,25.393997,3.6319208,0.6531049,2.4834658e-11,186.57764
1905.6667,79.871915,30.655058,2.2306465e-06,0.62260813,1.2480717,0.72107893,29.942116,4.1567779,0.74120951,2.6126835e-11,152.26415
1905.75,87.284006,13.154704,1.928353e-06,0.14427533,0.24156035,0.12358531,35.203049,4.8604379,0.85396045,7.3974584e-12,50.519295
1905.8333,85.640781,0,1.9412212e-06,0.00027647185,0,0,35.618557,5.6041017,0.97142619,0,9.013386
1905.9167,83.366953,0,1.9995612e-06,0,0,0,35.760956,6.2760539,1.0778373,0,18.303981
1906,81.89553,0,2.0990333e-06,0,0,0,35.646114,6.8875375,1.1754754,0,9.1814418
1906.0833,79.828627,0,2.8821778e-06,0,0,0,35.575657,7.408289,1.2595266,0,8.1039679
1906.1667,77.386022,0,5.914339e-06,0,0,0,35.500313,7.8728876,1.3355641,0,2.6430748e-05
1906.25,82.478516,2.6216158,6.7457427e-06,0,0,0,34.761978,8.3004503,1.4068952,117.94699,362.59698
1906.3333,101.19494,10.828177,4.4966191e-06,0,0.00014804509,0,14.618365,8.5243855,1.4716018,0,0
1906.4167,98.313533,11.954148,4.8618258e-06,0.032384091,0.010377977,0,12.422554,8.5432453,1.5238452,0,0
1906.5,95.462717,15.348606,3.7594345e-06,1.5075191,1.344927,0.76824394,11.102739,8.5365648,1.5602654,54.341296,22.266325
1906.5833,94.993368,20.494623,2.1718863e-06,1.1593628,1.4431169,0.78807872,11.093231,8.5067835,1.5927829,49.986717,12.883857
1906.6667,94.601259,26.167987,2.0587299e-06,0.82634681,1.0529732,0.71225007,12.364482,8.472518,1.6274959,47.772653,17.82863
1906.75,94.673865,25.706746,2.0177724e-06,0.32660833,0.41410989,0.28358556,14.628869,8.455595,1.667894,13.320989,22.684666
1906.8333,93.126372,0,5.251843e-06,0.0028269535,0,0,15.583097,8.4552393,1.7130792,0,7.4630515
1906.9167,90.38353,0,1.0097247e-05,3.8999425e-06,0,0,15.518476,8.4567833,1.7551157,0,7.207804
1907,87.069824,0,1.086539e-05,0,0,0,15.671288,8.4574156,1.7936864,0,7.1168279
1907.0833,84.617391,0,1.1259567e-05,0,0,0,15.754053,8.4570007,1.8268888,0,7.0698965
1907.1667,82.247421,0,1.1353367e-05,0,0,0,15.77077,8.4553947,1.8569252,0,7.0109709
1907.25,84.271759,1.9947391,1.0738542e-05,0,0,0,15.425414,8.4515047,1.8849615,89.740129,227.04087
1907.3333,87.581068,7.8337258,8.7617718e-06,0,2.8098138e-08,0,12.815602,8.3832445,1.9040612,0,0
1907.4167,79.356022,8.5227853,9.887367e-06,0.00056007323,0.0004645685,0,10.947494,8.1611996,1.9082954,0,0
1907.5,73.386051,10.131106,1.0990691e-05,0.9031449,0.56015525,0.28325773,8.2600508,7.7974567,1.8999062,30.080589,0.064124192
1907.5833,49.503308,13.963696,9.5463593e-06,1.2851284,1.6370848,0.57793037,6.1803064,7.2808166,1.8863243,32.645708,8.9296146
1907.6667,13.863834,17.643709,4.4572353e-05,0.82345446,1.1976037,0.45377262,7.5174298,6.6427207,1.8808656,34.861386,9.1723186
1907.75,13.324043,4.4116895,7.5392702e-05,0.041182939,0.043611874,0.023219268,7.8987207,6.0012803,1.8817729,1.5114425,6.679466
1907.8333,13.323393,0,5.7328409e-05,0.00081473943,0,0,7.8187361,5.4211364,1.8841926,0,5.3569601
1907.9167,12.98031,0,3.466741e-05,0,0,0,7.8126106,4.9001579,1.8863792,0,4.4711751
1908,12.107274,0,3.4149445e-05,0,0,0,7.9298048,4.4328809,1.8883483,0,3.0700234
1908.0833,11.475103,0,3.9467122e-05,0,0,0,8.0198145,4.0417356,1.8899578,0,1.7944846
1908.1667,10.719733,0,4.2383461e-05,0,0,0,8.103508,3.6981864,1.8904147,0,0.53698386
1908.25,8.584165,3.3225333,5.2272804e-05,0,0,0,8.2785807,3.3832338,1.8487895,150.80272,7.8428493
1908.3333,0.44848214,12.649478,0.0012019542,5.001117e-08,-1.3845764e-05,0,7.9224524,3.0713301,1.7841653,0,0
1908.4167,0.44012163,14.308095,0.0015592402,0.78504977,0.5758232,0.4419883,5.0406795,2.7752137,1.7230958,54.379872,0.02028951
1908.5,1.0849698,23.898106,0.0011432238,1.3586877,1.9201384,1.33043,2.0241022,2.5094459,1.6635262,84.0394,11.559982
1908.5833,8.7586483,26.70156,0.00011554597,0.97109917,1.4703668,1.0413579,1.9196551,2.289649,1.6127969,5.7209916e-06,137.68461
1908.6667,24.703952,27.6828,2.9461627e-05,0.67099232,1.0470524,0.66708387,2.1761177,2.1395035,1.6027607,4.0238774e-11,181.12955
1908.75,34.125306,14.663477,2.2642296e-05,0.14925987,0.21065222,0.13850977,2.721031,2.0654986,1.6020674,1.8181254e-11,32.361778
1908.8333,33.444833,0,3.091749e-05,0.00088660349,0,0,2.8506258,2.0362391,1.6019895,0,1.4899917
1908.9167,31.145489,0,2.6155773e-05,0,0,0,2.8939428,2.0113182,1.6019289,0,1.0541919
1909,28.595034,0,2.269373e-05,0,0,0,2.9635997,1.987617,1.5964408,0,0.10408666
1909.0833,26.334392,0,2.2403003e-05,0,0,0,3.008373,1.9667202,1.570823,0,0
1909.1667,24.253547,0,2.2745782e-05,0,0,0,3.046026,1.9478018,1.545205,0,0
1909.25,24.369959,3.0735175,2.401834e-05,0,-5.130546e-06,0,3.079304,1.9302963,1.5211416,139.00658,92.780571
1909.3333,29.28791,11.88103,2.4731229e-05,0.012399199,0.013448904,0.0015759736,3.6524446,1.9344718,1.496807,4.6646895e-08,0
1909.4167,29.915504,15.884308,2.7220676e-05,0.97037698,1.5655333,0.6461782,4.7095733,1.9992739,1.4711704,107.68,0.028258038
1909.5,38.907178,24.518101,1.5026621e-05,1.0963352,1.7214313,1.2479133,6.4913459,2.1410377,1.4463378,23.278114,205.93057
1909.5833,59.704028,25.509594,2.2067086e-06,0.93770414,1.4742103,1.0642899,9.6441069,2.3841484,1.4235268,1.6868877e-11,244.4522
1909.6667,76.717585,26.35283,1.5307671e-06,0.56181829,0.90027173,0.61273133,14.461657,2.7418754,1.4051181,1.7279183e-11,133.81368
1909.75,79.171643,7.7963849,1.4568509e-06,0.018442727,0.02643453,0.012872,19.027437,3.2253492,1.3916754,5.8614546e-16,0.00056819247
1909.8333,76.412231,0,1.7857695e-06,2.0822539e-06,0,0,19.496023,3.7205002,1.3808248,0,1.6095022e-05
1909.9167,73.661156,0,8.5512211e-06,1.5954554e-05,0,0,19.81802,4.1679797,1.3710009,0,4.962103e-05
1910,70.966512,0,1.0379925e-05,0,0,0,19.978868,4.5785413,1.3619615,0,1.6205531e-05
1910.0833,67.440651,0,1.2664941e-05,0,0,0,19.779381,4.9319658,1.354179,0,1.5414306e-05
1910.1667,62.147982,0,1.3735193e-05,0,0,0,19.961483,5.251699,1.3471396,0,1.4466101e-05
1910.25,66.764116,1.9335317,1.2243645e-05,0,0,0,19.491043,5.5506353,1.3404387,88.132365,449.94422
1910.3333,85.507073,7.142588,8.6947903e-06,0,-3.6414256e-10,0,17.059786,5.7882895,1.328966,0,0
1910.4167,78.13333,7.0799333,9.3809431e-06,0.029975281,0.004425069,0,15.75282,5.9334254,1.3104265,0,0
1910.5,73.394179,7.9306755,9.6210997e-06,0.74108714,0.17488422,0.31370915,12.910783,5.985641,1.2868345,24.447138,0.037730596
1910.5833,71.115404,11.058531,2.7612484e-06,0.69932944,0.25378448,0.45342043,9.2365599,5.9475002,1.2604175,35.583708,0.053531861
1910.6667,71.568847,14.561087,2.5402617e-06,0.54100812,0.23639931,0.4338471,5.272078,5.8416657,1.2338853,34.667997,0.051060277
1910.75,71.643069,5.790418,8.6969367e-06,0.056768681,0.02815787,0.044872363,4.0072098,5.7335906,1.2081218,1.8398568,0.0039378376
1910.8333,69.256634,0,1.5852385e-05,3.6515406e-05,0,0,4.0188103,5.6413507,1.1846573,0,0
1910.9167,66.30104,0,1.551469e-05,4.2712215e-05,0,0,4.060308,5.5581617,1.1634922,0,0.0035298532
1911,60.910702,0,1.5119712e-05,0,0,0,4.0992908,5.4818316,1.1440744,0,4.1304203e-07
1911.0833,55.200275,0,1.6622576e-05,0,0,0,4.1204524,5.4161158,1.1273587,0,0
1911.1667,49.297847,0,1.8529854e-05,0,0,0,4.1254811,5.3566561,1.1122358,0,0
1911.25,43.931473,0.60644821,2.0566524e-05,0,0,0,4.1292853,5.3003864,1.097983,30.928727,34.610273
1911.3333,40.854581,2.7977752,2.3555833e-05,0,-3.440346e-07,0,3.3816581,5.1968646,1.0777551,0,0
1911.4167,26.233865,3.1651771,3.9037983e-05,0.032968938,0.010694297,0.0002867228,2.1008635,4.9753404,1.0440961,0.0001105704,2.2287723e-07
1911.5,7.313929,4.5576203,0.00016093464,0.76877136,0.83958867,0.21250074,1.0907156,4.6273198,0.99982673,23.078826,0.040806605
1911.5833,0.32501665,7.8528821,0.0063427528,0.71627609,1.0356586,0.33205202,1.3181007,4.1896906,0.98254633,39.783925,0.0423376
1911.6667,0.45640545,12.077007,0.0049447189,0.46564528,0.68973051,0.33763065,2.529424,3.7858813,0.96301413,29.676593,0.23798059
1911.75,2.1391385,5.9915525,0.00088794506,0.10101674,0.11676928,0.052323179,4.6593442,3.4337418,0.91459423,4.6497071e-12,0.43417323
1911.8333,2.3189243,0,0.00060106965,0.0069987907,0,0,4.9038982,3.1287739,0.85762626,0,0
1911.9167,2.173258,0,0.00021596492,0,0,0,5.0143127,2.8539155,0.80580038,0,1.1392781e-08
1912,1.9930443,0,0.0002122999,0,0,0,5.1372242,2.6017332,0.75824565,0,0
1912.0833,1.8353409,0,0.00023089131,0,0,0,5.2358055,2.3846447,0.71730864,0,0
1912.1667,1.6903104,0,0.00025557863,0,0,0,5.3177638,2.1882482,0.68027353,0,0
1912.25,1.7607402,1.2976089,0.00027475774,0,-2.6317264e-07,0,5.3687692,2.0043018,0.64619601,66.169117,7.4128828
1912.3333,3.0503266,6.0921945,0.00022610568,0.00015538603,3.2648738e-05,0,4.7921157,1.8371221,0.63496381,0,0
1912.4167,2.9368764,7.4925744,0.00026048481,0.3560285,0.44215597,0.16270825,3.8126733,1.6838589,0.63422656,23.425602,0.013969855
1912.5,3.8739771,12.812793,0.00032429938,0.77213842,1.249783,0.6592418,3.3469875,1.5464828,0.6336323,37.784372,15.656843
1912.5833,10.158096,14.444907,0.00016121073,0.6224642,1.0338443,0.59983349,3.9371231,1.4474498,0.60218292,1.2762658e-11,82.882379
1912.6667,18.403046,15.512069,7.038589e-05,0.40719489,0.69168251,0.404064,5.2129416,1.401112,0.5554226,1.4269537e-11,99.523797
1912.75,28.954383,13.266266,3.3325228e-05,0.1519842,0.25575789,0.14550992,7.6139836,1.4109485,0.52352661,1.169796e-11,107.15627
1912.8333,31.512056,0,3.1975393e-05,0.00040974303,0,0,8.5142241,1.4636918,0.50273174,0,0
1912.9167,29.273281,0,1.9691535e-05,0,0,0,8.6335449,1.5166502,0.48467225,0,7.7059476e-06
1913,26.845859,0,1.935305e-05,0,0,0,8.7906055,1.5652393,0.46808949,0,2.6470024e-06
1913.0833,24.721643,0,2.2595468e-05,0,0,0,8.9285355,1.6070668,0.45381457,0,2.4804389e-06
1913.1667,22.768127,0,2.5097086e-05,0,0,0,9.0557947,1.6449075,0.44090044,0,1.7421205e-06
1913.25,21.699643,1.8326056,2.7206514e-05,0,-7.4779955e-12,0,9.1031981,1.6805153,0.42909819,81.991562,32.902115
1913.3333,23.25795,7.3882286,3.0503028e-05,0.024684412,0.012528892,0.010069147,8.1114426,1.7284224,0.42550761,0.93722128,0.0019599981
1913.4167,24.271186,11.671967,3.4992037e-05,0.81136383,0.76089668,0.63488443,6.4460096,1.8186221,0.42533103,76.650097,28.332692
1913.5,34.093983,15.772922,1.5971254e-05,0.76009752,1.2286327,0.82329208,6.0111051,1.9652975,0.42553726,2.4805913e-06,165.79348
1913.5833,49.62422,16.746255,4.4363937e-06,0.59369049,0.96969048,0.63355313,6.9278626,2.1883907,0.42499301,1.3056801e-11,150.55373
1913.6667,57.860043,17.637456,3.3751601e-06,0.3620488,0.60110566,0.34639435,8.835454,2.4947045,0.41736975,1.8265857e-11,74.22434
1913.75,61.774366,10.022673,2.6668613e-06,0.096712114,0.15994085,0.1033202,11.37601,2.8963065,0.41753632,7.5011479e-12,13.795928
1913.8333,60.109399,0,9.2008513e-06,0.0010172988,0,0,11.864268,3.3291104,0.4243795,0,8.8270119e-11
1913.9167,57.945594,0,1.2230298e-05,0,0,0,12.034427,3.7230005,0.43119696,0,1.2463141e-05
1914,55.489294,0,1.5168343e-05,-1.6701351e-26,0,0,12.197571,4.0843945,0.43749112,0,2.5064512e-07
1914.0833,51.421717,0,1.7985387e-05,0,0,0,12.340646,4.3954964,0.44291359,0,1.1715186e-09
1914.1667,47.358401,0,1.7979753e-05,0,0,0,12.432685,4.6769457,0.44781935,0,2.0873432e-10
1914.25,49.540486,1.604822,1.7540631e-05,0,0,0,12.204782,4.93998,0.45228484,72.811452,278.81949
1914.3333,61.35178,6.0530878,1.4787106e-05,0,3.4736753e-06,0,9.9593344,5.1404772,0.4534269,0,0
1914.4167,57.802819,6.2309448,1.561679e-05,0.0091895229,0.0020031355,0,7.1509581,5.2383485,0.45314905,0,0
1914.5,55.836368,7.3576518,1.9683643e-05,0.57764321,0.28519791,0.31268227,4.2166133,5.2313128,0.45208433,25.958771,0.039360691
1914.5833,50.666176,11.019609,3.1707688e-05,0.58592592,0.83089373,0.4604244,3.2997892,5.1212616,0.43861753,42.549641,0.045712807
1914.6667,38.272064,14.480255,4.7904283e-05,0.32922267,0.55957066,0.30781062,2.1925888,4.9249816,0.43352154,14.610412,0.066992803
1914.75,24.587175,15.26082,7.5348398e-05,0.055708312,0.080851316,0.050250949,1.6716843,4.6501536,0.43352363,7.8755326e-12,0.0063455451
1914.8333,14.398208,3.1281211,7.7260607e-05,0.00045725667,0.00073405582,0,1.801214,4.3142695,0.43352085,0,0
1914.9167,13.284623,0,6.2575906e-05,6.9806567e-06,0,0,1.8449714,3.9858522,0.4335182,0,1.6341866e-08
1915,12.657097,0,6.6136367e-05,0,0,0,1.8777477,3.6844702,0.43351579,0,2.2498919e-08
1915.0833,11.689589,0,6.890123e-05,0,0,0,1.8853939,3.4250288,0.4335137,0,1.8140187e-08
1915.1667,10.765949,0,7.2797287e-05,0,0,0,1.8981007,3.1903164,0.43351179,0,0
1915.25,9.7877001,1.7845092,8.2285405e-05,0,0,0,1.9349351,2.9698656,0.43350339,80.198577,10.29737
1915.3333,1.5271747,7.0920391,0.00048828076,0,0.00010324958,0,2.3694389,2.7280772,0.43345857,0,0
1915.4167,0.29702327,7.9502407,0.0029758359,0.015269392,0.0092553287,0,2.2632229,2.4663579,0.43328008,0,0
1915.5,0.29317586,10.416562,0.0035391334,0.51418855,0.85632974,0.39573498,1.8280654,2.2290881,0.43287456,53.35687,0.022506677
1915.5833,1.3437201,15.969079,0.0014863906,0.58228851,1.0650772,0.66589066,1.9351957,2.0153501,0.43270454,20.369263,12.519561
1915.6667,6.2568439,17.03004,0.00025779774,0.35958238,0.67465951,0.41483015,2.1953804,1.8521543,0.43259898,1.5943134e-11,60.857945
1915.75,11.465671,8.5708033,0.00013189881,0.080014947,0.14507951,0.087999249,2.54248,1.7426535,0.43236396,7.5168705e-12,20.330778
1915.8333,11.48965,0,9.2052062e-05,4.5417565e-08,0,0,2.6066937,1.6630417,0.43206447,0,0.00053094003
1915.9167,11.076058,0,9.6730735e-05,0,0,0,2.6423032,1.5918629,0.43179101,0,0.00049927313
1916,10.670851,0,0.00010247797,0,0,0,2.7068121,1.5265564,0.43154007,0,0.00047795559
1916.0833,10.298957,0,0.00010862314,0,0,0,2.7405925,1.470338,0.43132401,0,0.00045849892
1916.1667,9.9327713,0,0.00010920972,0,0,0,2.7630935,1.4194779,0.43112853,0,0.00045246665
1916.25,10.235489,2.6754192,0.00010023157,0,0,0,2.7801125,1.3719481,0.43090543,106.78752,36.020384
1916.3333,12.584275,9.4139501,8.4138577e-05,0,0,0,3.0380111,1.3373256,0.42882916,0,0
1916.4167,13.487306,10.428452,8.0480051e-05,0,2.8601354e-05,0,3.2630947,1.3313867,0.42363313,0,0
1916.5,14.508525,11.547666,7.6964912e-05,0.019203919,0.02141658,0,3.3583109,1.3555762,0.41579428,0,0
1916.5833,15.516863,16.241627,6.9755028e-05,0.48385489,1.0173296,0.53619381,3.4564519,1.4073378,0.40568522,97.205275,5.1126268
1916.6667,21.030163,21.911573,4.0892166e-05,0.37776283,0.80195867,0.57302278,3.5178447,1.487973,0.39729851,1.810318e-10,98.292593
1916.75,28.090879,22.876035,2.706478e-05,0.15996955,0.33767335,0.23205874,3.7064817,1.6063355,0.39192265,1.5160588e-11,42.456832
1916.8333,28.893895,0,3.210381e-05,0.0052265508,3.1695809e-05,0,3.8355255,1.7559756,0.38820156,0,3.9878032e-10
1916.9167,27.160948,0,2.1225702e-05,0,0,0,3.8138986,1.8993564,0.38502404,0,0.00047459618
1917,24.908813,0,1.7850736e-05,0,0,0,3.8377388,2.0309067,0.38210869,0,0.00043452525
1917.0833,22.937965,0,2.0635003e-05,0,0,0,3.8728106,2.1441488,0.37959903,0,0.00040978133
1917.1667,21.125488,0,2.5596406e-05,0,0,0,3.9028397,2.2465956,0.3773286,0,0.0003864683
1917.25,23.096837,2.0781755,2.4660028e-05,0,-3.0113266e-10,0,3.8975823,2.3423865,0.37514386,107.27924,190.71775
1917.3333,34.407534,9.2728259,2.0684789e-05,0.017658464,0.019935293,0.0054212355,3.6459227,2.4157894,0.36849415,0.00021991417,6.6687874e-07
1917.4167,35.16946,12.062343,2.4151974e-05,0.70004242,1.4119944,0.50104495,3.3480856,2.4537821,0.35379568,61.60036,0.031346446
1917.5,38.16577,19.052628,1.7011873e-05,0.8028882,1.7107637,0.95645429,3.2908719,2.4738822,0.33987492,39.543729,64.981972
1917.5833,48.560459,20.33581,6.8618938e-06,0.63688473,1.3741696,0.85222614,3.3638997,2.510124,0.33138496,2.0314643e-11,143.82648
1917.6667,60.696263,21.163208,4.659928e-06,0.45938552,1.0047021,0.57784791,3.584136,2.5792506,0.32339469,2.1456065e-11,125.11529
1917.75,66.476159,17.647114,3.8507033e-06,0.10451473,0.22520263,0.12841671,3.9233878,2.6960218,0.31908906,8.4439636e-12,22.515901
1917.8333,64.116061,0,1.1022317e-05,0,0,0,4.0289612,2.847688,0.31894058,0,0
1917.9167,58.931176,0,8.3638852e-06,0,0,0,4.0280976,2.9900699,0.31880295,0,3.0518134e-06
1918,54.044463,0,8.5038955e-06,0,0,0,4.0584574,3.1207049,0.31867641,0,2.7455951e-06
1918.0833,49.768146,0,1.0287153e-05,0,0,0,4.0791821,3.2331607,0.31856751,0,2.5820016e-06
1918.1667,45.835469,0,1.1848451e-05,0,0,0,4.0958252,3.3348978,0.31846899,0,2.4303246e-06
1918.25,45.817349,2.3392146,1.2489981e-05,0,0,0,4.1082273,3.4299369,0.3183594,105.7822,166.37398
1918.3333,53.737942,9.0304296,1.1571527e-05,0,-1.6827532e-08,0,3.9946799,3.5007496,0.31803992,0,0
1918.4167,52.165277,9.3971295,1.3808734e-05,-6.4354872e-08,-3.237932e-06,0,3.8435643,3.5362871,0.31762299,0,0
1918.5,51.48546,10.241472,1.6145448e-05,0.30539676,0.68973964,0.20506452,3.6288488,3.5411286,0.31701079,20.264098,0.015214222
1918.5833,52.335143,15.259764,1.3746102e-05,0.61954956,1.417675,0.60953563,3.4363618,3.5152781,0.31654653,70.003281,0.26646036
1918.6667,53.994875,19.040687,6.6894845e-06,0.41795879,0.96832975,0.50393708,3.4938719,3.4843976,0.31647018,1.8212155e-11,22.048736
1918.75,55.576578,10.741746,8.0427926e-06,0.096651193,0.21606738,0.10873667,3.6033804,3.4732418,0.3164556,9.2292071e-12,5.12944
1918.8333,52.5418,0,1.0832036e-05,0,0,0,3.6099417,3.4736192,0.31641999,0,7.0428044e-07
1918.9167,48.253212,0,1.0520949e-05,0,0,0,3.6124761,3.4744427,0.31638634,0,0.00059763009
1919,44.252038,0,1.1976869e-05,0,0,0,3.6499002,3.4751959,0.31635547,0,0.00045610093
1919.0833,40.750623,0,1.2876782e-05,0,0,0,3.6686506,3.4758415,0.31632891,0,0.00042620199
1919.1667,37.53056,0,1.4452226e-05,-2.6742691e-05,0,0,3.6917684,3.476423,0.31630489,0,0.00040126348
1919.25,36.176994,1.9174255,1.5681837e-05,-5.0022435e-09,-1.5960276e-09,0,3.7031705,3.4767237,0.31619629,86.411973,73.419016
1919.3333,39.778635,7.5468244,1.7346523e-05,0.055892825,0.13651962,0.019842446,3.5777209,3.4603372,0.31038186,1.0626283,0.003076777
1919.4167,40.626358,9.8710172,2.0074947e-05,0.71446682,1.595696,0.40741548,3.3679864,3.4082417,0.29341123,44.778568,0.038805998
1919.5,39.765686,15.413563,1.8427032e-05,0.82455074,1.8055744,0.80194915,3.3347342,3.3301518,0.27155912,35.589747,9.0262004
1919.5833,44.968326,16.712084,6.6004104e-06,0.60845638,1.3462736,0.66376723,3.5146415,3.2625828,0.25478587,1.707143e-11,96.736303
1919.6667,54.217964,17.476141,4.5754036e-06,0.42168625,0.94510481,0.44866571,3.7315385,3.2325788,0.24327163,1.7050568e-11,87.943118
1919.75,58.601066,12.852875,4.0565983e-06,0.11443598,0.23513589,0.045332402,3.9728067,3.2435255,0.23540659,2.6208926e-12,8.9298632
1919.8333,57.115257,0,4.1007893e-06,2.7561861e-22,0,0,4.0231142,3.2809107,0.22975519,0,2.9437108e-09
1919.9167,55.059228,0,3.9529286e-06,0,0,0,4.0393758,3.3170314,0.22477256,0,0.0012417495
1920,53.045239,0,4.1778262e-06,0,0,0,4.0817823,3.350172,0.22020099,0,0.00039794937
1920.0833,51.196549,0,4.6337923e-06,0,0,0,4.1039701,3.3786995,0.21626559,0,0.00039044896
1920.1667,49.413346,0,5.2621735e-06,0,0,0,4.1263885,3.4045064,0.21270531,0,0.00038292874
1920.25,49.960371,2.5406911,7.5228595e-06,0,0,0,4.1202998,3.4283853,0.20929137,114.36279,101.23894
1920.3333,56.327604,10.070765,6.611026e-06,0,0,0,3.8655214,3.4303684,0.20071816,0,0
1920.4167,55.222925,10.901534,7.373656e-06,0,-9.925522e-08,0,3.5043151,3.3878067,0.18363969,0,0
1920.5,44.629287,11.726494,1.2230002e-05,0.0979962,0.14747791,0.032574533,3.0915997,3.2956805,0.16688462,2.9165036,0.0034101773
1920.5833,29.315043,15.81423,1.9624975e-05,0.68859509,1.6452056,0.60533196,2.6299257,3.1402709,0.15156566,70.388924,0.036085374
1920.6667,13.106453,21.867201,5.3622458e-05,0.40338486,1.022473,0.45685345,2.7080359,2.9275434,0.1404115,37.583029,0.046961935
1920.75,0.91517629,11.223196,0.0008949138,0.078969321,0.17240517,0.084013839,3.0447798,2.6672592,0.13432197,4.5380915e-12,0.01335824
1920.8333,0.36890132,0,0.0031029643,2.6321898e-07,0,0,3.0278676,2.4106524,0.13021043,0,3.8347231e-05
1920.9167,0.35563565,0,0.0033309164,0,0,0,3.004998,2.1789095,0.12654211,0,8.3900318e-08
1921,0.34265014,0,0.0029101814,0,0,0,3.0258307,1.9662861,0.1231764,0,5.4297658e-08
1921.0833,0.32929081,0,0.0028735639,0,0,0,3.0492141,1.7832514,0.12027908,0,4.5765202e-09
1921.1667,0.30542054,0,0.0027953971,0,0,0,3.0693948,1.6176628,0.11765791,0,0
1921.25,0.29602987,2.8993234,0.0028886127,0,0,0,3.0807176,1.4625819,0.11512944,130.86636,0.37610704
1921.3333,0.38699104,11.299904,0.0023291062,0,1.4604548e-06,0,2.8712249,1.3224628,0.10861812,0,0
1921.4167,0.47783958,12.306245,0.0019969861,0.021104827,0.013799267,0,2.4104879,1.1961254,0.099139191,0,0
1921.5,0.55999914,16.408343,0.0017747976,0.73029339,1.7659428,0.65062728,1.721693,1.0824447,0.090555839,102.47571,0.18609859
1921.5833,1.8960045,24.930682,0.00047585409,0.84321833,2.4500376,1.0960438,1.4953936,0.9822762,0.086116634,17.083983,49.356614
1921.6667,10.30112,26.058728,8.112636e-05,0.50700555,1.4899252,0.65487537,1.3882852,0.91508502,0.093032166,3.3213717e-12,120.7106
1921.75,15.943041,13.83211,6.1036335e-05,0.081412247,0.21232161,0.083272717,1.4199393,0.88884735,0.10783699,2.1360123e-12,21.68371
1921.8333,15.675731,0,8.1865357e-05,0.0086719719,0,0,1.4376837,0.88548297,0.12509491,0,0.70590513
1921.9167,15.169877,0,8.8799352e-05,7.4589687e-23,0,0,1.4466783,0.88329488,0.14082205,0,0.91324868
1922,14.649966,0,8.9616849e-05,0,0,0,1.4753053,0.88125736,0.15525171,0,0.68538564
1922.0833,14.195011,0,9.2528157e-05,0,0,0,1.4913658,0.87946796,0.16767332,0,0.68360862
1922.1667,13.756027,0,9.4974501e-05,0,0,0,1.503521,0.87780929,0.17891097,0,0.68184396
1922.25,14.210106,3.7357556,8.8651708e-05,0,0,0,1.506897,0.87631124,0.18945391,168.1936,40.948186
1922.3333,16.333161,14.79703,5.6117733e-05,0,0,0,1.5338702,0.88533169,0.20091376,0,0
1922.4167,16.07698,16.004683,5.6945297e-05,0,4.0311353e-07,0,1.605882,0.92841423,0.21645555,0,0
1922.5,15.851786,17.180199,5.759731e-05,0.0011717511,0.0006492828,0,1.7102249,1.012277,0.23559843,0,0
1922.5833,15.715115,19.69894,5.8478268e-05,0.1606875,1.3787025,0.34996204,1.8485409,1.1344073,0.25429088,62.671804,7.5845466
1922.6667,17.601281,28.575767,4.4550197e-05,0.1987703,1.7009119,0.64829841,1.9335194,1.29703,0.27406439,82.658835,27.764458
1922.75,18.857213,24.756279,4.5844386e-05,0.048845448,0.357725,0.168838,2.0490627,1.5109797,0.29951012,14.988722,12.986898
1922.8333,18.42704,0,5.1762705e-05,8.3160873e-06,0,0,2.0713432,1.7528064,0.327923,0,0.64831281
1922.9167,17.119721,0,5.2095063e-05,0,0,0,2.0415285,1.9738925,0.35410902,0,5.915401
1923,16.238222,0,6.2574404e-06,0,0,0,1.9993213,2.173806,0.37813497,0,0.5911966
1923.0833,15.112405,0,4.9071609e-06,0,0,0,1.9814147,2.340883,0.39881751,0,0.6248876
1923.1667,14.062629,0,5.1805669e-06,0,0,0,1.971489,2.4807804,0.41752762,0,0.52000846
1923.25,19.707043,3.4531052,4.4284689e-06,0,0,0,2.1150405,2.5982265,0.4349477,156.58107,309.25917
1923.3333,35.120253,13.156658,3.3369927e-06,0,-1.3978587e-07,0,2.2752247,2.6668828,0.44409576,0,0
1923.4167,31.549022,13.535215,3.5735311e-06,0.0031565455,0.0036713813,0,1.9172989,2.6606033,0.4394916,0,0
1923.5,27.288962,16.55109,3.8853559e-06,0.51092501,2.5985746,0.60075899,1.5657246,2.5800271,0.42423421,68.8261,1.8164173
1923.5833,15.743095,24.236903,4.8587267e-06,0.5475936,2.7429669,0.95655835,1.4937472,2.4281733,0.40768057,59.147553,10.838924
1923.6667,14.045884,27.397603,4.8505767e-06,0.3646619,1.7998487,0.68717343,1.7125986,2.2587264,0.40058941,1.0797107e-11,20.663951
1923.75,16.281836,28.478308,4.2515162e-06,0.12509818,0.557682,0.21360088,1.9830775,2.1307023,0.40144119,1.8569041e-11,22.52102
1923.8333,17.279647,5.8243778,3.801814e-06,0.00048088246,0.0019868387,0.00077736315,2.167588,2.0480268,0.40944192,2.4066045e-12,7.2568816
1923.9167,16.356934,0,3.9500214e-06,0,0,0,2.1482997,1.9836041,0.41897237,0,7.5009187
1924,15.714427,0,0.00033133896,0,0,0,2.1136484,1.9235566,0.4277229,0,3.6086958
1924.0833,14.846073,0,4.1403688e-05,0,0,0,2.0949543,1.8699471,0.43525565,0,3.3811075
1924.1667,14.01572,0,4.3296652e-05,0,0,0,2.0982459,1.8179739,0.44206992,0,3.1311005
1924.25,14.552078,3.4199513,4.3465243e-05,0,0,0,2.0996139,1.7662359,0.44850329,154.48377,63.313217
1924.3333,17.723866,13.282555,4.028136e-05,0,0,0,2.1297903,1.7237049,0.4582966,0,0
1924.4167,18.08151,16.764939,4.7389083e-05,0.57988233,2.1405572,0.48260002,2.2031667,1.7073756,0.47723812,74.942184,25.581175
1924.5,23.540279,24.614938,2.8884126e-05,0.8433174,3.0302379,1.0859565,2.3512352,1.728922,0.50890607,53.036167,85.2519
1924.5833,33.623122,27.220218,1.0779994e-05,0.71665487,2.547199,1.0074357,2.7914276,1.8083297,0.55837882,2.2593427e-11,147.56834
1924.6667,46.071567,28.308827,5.317755e-06,0.4692023,1.6590319,0.67167576,3.636312,1.963895,0.62673187,2.3340203e-11,146.93087
1924.75,53.257644,8.4153414,2.8311838e-06,0.046175011,0.14825433,0.05218023,4.5642366,2.2091916,0.71627802,4.5928093e-12,40.993232
1924.8333,52.696619,0,2.5554448e-06,0.0040608565,0,0,4.6005187,2.4707291,0.80747783,0,11.977126
1924.9167,51.835284,0,2.6834089e-06,0.00018986306,0,0,4.5742068,2.7069986,0.88989121,0,24.61925
1925,51.988926,0,8.0769005e-06,1.0974688e-12,0,0,4.4866953,2.9232287,0.9655056,0,12.375672
1925.0833,49.824964,0,1.6369633e-05,0,0,0,4.3607931,3.1069033,1.030598,0,3.2557952
1925.1667,46.29004,0,1.8796862e-05,0,0,0,4.2487893,3.2691524,1.0894868,0,2.5123692e-05
1925.25,46.747588,2.434432,1.813866e-05,0,-2.0314022e-08,0,4.1960421,3.4171641,1.1446766,147.17923,237.26471
1925.3333,58.591761,12.476797,9.3723202e-06,0.0015618982,0.00028127524,0,4.3530788,3.5621295,1.2009896,0,0
1925.4167,56.559823,14.849397,8.1524058e-06,0.79896502,2.1342565,0.4811921,4.0968251,3.6972091,1.2597212,76.349435,0.019787727
1925.5,58.468085,23.431232,2.9057294e-06,1.1179793,3.0760606,1.0696958,4.1299815,3.8057706,1.3117148,54.751941,79.452723
1925.5833,67.505307,27.841005,2.1562246e-06,1.0003418,2.7300367,1.1114009,4.6001539,3.9359961,1.3728819,25.235218,114.83885
1925.6667,76.967418,29.188706,1.8266832e-06,0.59302501,1.6265212,0.69783818,5.798048,4.12428,1.4528753,2.248107e-11,120.28293
1925.75,85.3457,30.088969,1.5522248e-06,0.33102314,0.89783136,0.38821172,8.3901443,4.4080067,1.5617027,2.3845157e-11,94.684019
1925.8333,87.365724,10.22396,1.8486732e-06,0.018105714,0.043057428,0.018993269,10.989244,4.8117356,1.7039925,5.8765353e-13,0.11760206
1925.9167,83.11981,0,3.9098741e-06,9.3198486e-05,0,0,11.015001,5.2378917,1.8505138,0,0.00066329691
1926,79.980649,0,0.00011189903,0,0,0,10.948109,5.6267848,1.9851612,0,0
1926.0833,77.041961,0,1.5500773e-05,0,0,0,10.899103,5.9596982,2.1010709,0,0
1926.1667,72.119474,0,7.8970088e-06,0,0,0,10.554475,6.2540984,2.2059329,0,0
1926.25,66.848956,0,9.0140347e-06,0,0,0,10.282296,6.5184083,2.3041308,0,0
1926.3333,82.519613,10.330088,5.3518697e-06,2.7702217e-07,2.2304907e-05,0,9.170208,6.7173905,2.3831508,118.42669,245.37556
1926.4167,78.790665,11.323504,4.6101472e-06,0.60818257,1.0206617,0.22294797,7.9091668,6.7823071,2.4193137,23.566538,0.017808772
1926.5,73.06464,17.828146,2.7292667e-06,1.4697409,3.1751526,0.88888357,7.3113332,6.7295465,2.4173253,82.276357,0.22670385
1926.5833,69.994882,21.642216,2.1993085e-06,1.0919543,2.5239323,0.81407907,8.7010832,6.5887017,2.3976026,8.133076,31.911545
1926.6667,74.924283,22.910148,1.9801271e-06,0.76373209,1.7728738,0.59811378,11.862034,6.4032974,2.3917334,6.6382827,86.125442
1926.75,79.265259,15.34592,1.8682397e-06,0.22941496,0.49388593,0.15961961,16.456047,6.1894464,2.4051397,1.1594524,21.918837
1926.8333,76.822199,0,1.8953027e-06,0.0035925492,0,0,17.556673,5.9702244,2.4297318,0,0
1926.9167,73.422536,0,4.395657e-06,9.1621361e-08,0,0,17.480619,5.7697396,2.4528043,0,0.00020198675
1927,69.932528,0,3.6163872e-06,0.00011869566,0,0,17.496996,5.5842404,2.4739733,0,0
1927.0833,66.643812,0,5.0022477e-06,0,0,0,17.57111,5.4223309,2.4921963,0,0
1927.1667,62.793925,0,6.8124941e-06,0,0,0,17.589655,5.2720189,2.5086823,0,0
1927.25,59.236016,2.1559636,8.6752598e-06,0,0,0,17.401005,5.1232266,2.5240283,130.46198,94.6707
1927.3333,59.80733,10.966739,7.7344321e-06,0,0,0,15.285636,4.9456472,2.5262749,0,0
1927.4167,46.307128,11.583772,9.9054641e-06,0.39096586,0.14340032,0.13101231,12.747484,4.6870718,2.4990997,14.436305,0.011690465
1927.5,38.980633,17.396437,7.3527581e-06,1.4083427,0.81376567,0.82448882,8.8145885,4.3895044,2.4428997,98.632118,0.070823983
1927.5833,37.360214,23.283426,4.102817e-06,1.1727011,0.95666279,0.92925529,4.5062842,4.0985355,2.3700118,20.369326,26.853933
1927.6667,43.73512,25.606081,5.171592e-06,0.7042843,0.91897109,0.53962111,3.8412907,3.8511214,2.3169811,12.643443,77.46442
1927.75,46.092473,1.6988899,4.7045546e-06,0.0097156555,0.0058324741,0,4.1333718,3.6504915,2.2869487,0,0
1927.8333,44.454444,0,4.3511768e-06,0.00019987841,0,0,4.134747,3.4743476,2.2636435,0,0
1927.9167,42.872462,0,4.5361085e-06,7.3037595e-24,0,0,4.2282228,3.315403,2.2426066,0,0
1928,41.321967,0,6.1121204e-06,0,0,0,4.3875036,3.1696479,2.2233055,0,0
1928.0833,39.898071,0,9.2067758e-06,0,0,0,4.4723487,3.0442533,2.2066901,0,0
1928.1667,38.523931,0,1.3506785e-05,0,0,0,4.5422902,2.9308963,2.1916585,0,0
1928.25,38.760334,3.6335527,1.5899532e-05,0,9.8485973e-06,0,4.5183477,2.8246982,2.1774166,163.9544,69.072991
1928.3333,43.210402,14.265353,9.4185862e-06,0,8.2336441e-05,0,3.9080796,2.7181795,2.1534114,0,0
1928.4167,40.707145,15.355249,1.1104442e-05,0.30581687,0.43432491,0.11882513,2.9156904,2.5983467,2.1067381,13.958356,0.0065241798
1928.5,34.361538,23.334051,1.221858e-05,1.4281205,2.8922474,1.0779731,1.8049445,2.4669311,2.0366316,138.80739,0.061995148
1928.5833,32.719251,30.527625,5.6578474e-06,1.058821,2.1841062,1.0695022,2.8580358,2.3372133,1.9498956,5.4992025,41.174776
1928.6667,40.888309,31.472329,2.9148439e-06,0.76192873,1.6095194,0.74390713,6.7036119,2.2494063,1.8794757,2.4887276e-11,118.28569
1928.75,47.690555,20.778732,2.388776e-06,0.15594449,0.29660401,0.13905886,12.03846,2.2154319,1.8357075,1.075303e-11,26.781141
1928.8333,46.658885,0,2.425244e-06,0.002963627,0,0,13.241703,2.216414,1.8094097,0,0
1928.9167,44.995315,0,4.893041e-06,0,0,0,13.296561,2.2194183,1.7865987,0,0
1929,43.364938,0,1.8361035e-05,0,0,0,13.312445,2.2218068,1.7656696,0,0
1929.0833,41.867793,0,9.1031225e-06,0,0,0,13.491353,2.223587,1.747653,0,0
1929.1667,40.42308,0,1.0935903e-05,0,0,0,13.643504,2.2249498,1.7313536,0,0
1929.25,44.911731,8.455514,8.1907219e-06,0,6.1867019e-06,0,14.77425,2.2260919,1.7154089,202.31703,138.57963
1929.3333,50.751798,17.705729,5.1826569e-06,0,4.5636104e-05,0,20.872721,2.2337441,1.6892563,0,0
1929.4167,48.667684,18.795924,5.5069186e-06,0.24531735,0.20030074,0.091181446,27.06444,2.2605436,1.6477097,11.61938,0.0041101469
1929.5,43.182448,29.057357,4.9707432e-06,1.5641766,1.6389078,1.4140238,30.224924,2.3098683,1.5908113,174.72592,1.6023777
1929.5833,45.110654,37.088662,3.4427862e-06,1.000977,1.5410349,1.2004219,33.453747,2.4072888,1.5333693,8.7385112,92.585799
1929.6667,57.067171,37.725545,2.7978199e-06,0.78669367,1.5749134,0.96494136,36.312534,2.5885782,1.5004264,4.0192528e-11,175.81075
1929.75,65.473579,18.379727,2.4259293e-06,0.20262427,0.39314213,0.21823004,40.479637,2.876714,1.4951116,1.8148263e-11,44.132674
1929.8333,63.707866,0,4.3501723e-06,0.00068294213,0,0,41.447395,3.2048826,1.5029911,0,0.89730733
1929.9167,61.438236,0,4.0525147e-06,3.0864352e-05,0,0,42.048748,3.5025198,1.5105392,0,0.86518941
1930,59.161231,0,4.4350645e-06,0,0,0,42.581562,3.7742872,1.5174601,0,0.85603886
1930.0833,57.169165,0,5.6921331e-06,0,0,0,42.404598,4.0061264,1.5234133,0,0.69747496
1930.1667,55.215053,0,6.5340309e-06,0,0,0,41.960178,4.2113361,1.528791,0,0
1930.25,54.893263,1.6884117,6.8788327e-06,0,8.1988942e-07,0,41.904629,4.3999,1.5338097,204.49483,200.66506
1930.3333,67.546375,17.501848,3.7800257e-06,0,2.3887327e-05,0,41.262138,4.5875578,1.5327579,0,0
1930.4167,65.083928,18.585451,3.9425081e-06,0.018674348,0.0030318642,0,43.234657,4.8199439,1.5172545,0,0
1930.5,60.612541,22.042109,4.3153273e-06,1.0329803,0.98467891,0.66505015,45.030258,5.0906434,1.4899426,87.241779,0.72071669
1930.5833,56.902189,34.338512,2.9901228e-06,1.2576259,1.608956,1.2564487,44.004841,5.3947062,1.4563999,104.86542,13.850135
1930.6667,58.376227,37.911981,2.744938e-06,0.67766145,1.1266192,0.701178,44.335419,5.7374692,1.4350868,0.35075059,43.686439
1930.75,57.942633,19.861124,2.6843882e-06,0.09786819,0.13214784,0,46.655415,6.1251001,1.4308227,1.392743e-12,2.8550224
1930.8333,55.468954,0,2.7890762e-06,1.9888098e-18,0,0,47.702744,6.4739256,1.4347659,0,2.9139324
1930.9167,52.99937,0,2.9142761e-06,0.00077616853,0,0,48.304939,6.7174945,1.4385929,0,2.8096525
1931,50.415397,0,2.244607e-06,2.6796398e-08,0,0,48.835678,6.8688245,1.4420511,0,2.7794901
1931.0833,48.356306,0,3.0836118e-06,3.0690151e-07,0,0,49.340065,6.9359846,1.4449648,0,2.7647282
1931.1667,46.440009,0,3.7165346e-06,0,0,0,49.635448,6.9383626,1.4475185,0,2.7486356
1931.25,47.143932,5.0333827,4.5123788e-06,0,8.6838117e-06,0,49.050117,6.8857174,1.4497068,227.4933,124.74088
1931.3333,53.227086,19.626496,3.1279542e-06,0,6.8202498e-05,0,46.378265,6.76893,1.4450871,0,0
1931.4167,52.273054,21.017846,3.1720554e-06,0.43583873,0.3021202,0.2099355,44.851021,6.5835142,1.4274423,32.205695,0.0046411222
1931.5,50.422393,32.336861,2.5668976e-06,1.5407383,1.5249729,1.411461,40.652065,6.3440313,1.3992425,172.13816,5.4684287
1931.5833,51.577833,41.343462,2.3013251e-06,1.2738106,1.5179951,1.5335445,36.002293,6.0772266,1.3733747,15.465566,65.71978
1931.6667,59.883792,42.059559,2.0315772e-06,0.82236277,1.2139805,0.94418678,30.813904,5.8279781,1.3622323,0.012998575,133.39674
1931.75,64.997889,20.571603,1.8390707e-06,0.12972956,0.18263641,0.13667028,27.407625,5.6136813,1.3676636,1.502645e-11,24.807818
1931.8333,63.252449,0,1.8347478e-06,9.4629158e-05,0,0,26.92898,5.4240866,1.3806788,0,4.8582388
1931.9167,61.290283,0,1.9130155e-06,0,0,0,27.124983,5.240397,1.392589,0,10.14758
1932,59.803251,0,1.0346395e-05,0,0,0,26.859118,5.058907,1.4033183,0,4.9930254
1932.0833,58.053311,0,2.8802444e-06,0,0,0,26.351736,4.891139,1.4122504,0,4.950186
1932.1667,56.382563,0,3.0057909e-06,0,0,0,26.205038,4.7300844,1.419976,0,4.917048
1932.25,58.29414,6.3629923,3.005636e-06,0,0,0,25.546955,4.5719624,1.4268827,288.21722,165.34141
1932.3333,66.993155,24.590371,2.7176613e-06,0,9.8743709e-06,0,21.950453,4.4268551,1.4299107,0,0
1932.4167,65.933309,25.622703,2.7879205e-06,0,4.8119697e-05,0,18.548292,4.2967663,1.4275692,0,0
1932.5,64.931802,29.337754,2.9738726e-06,0.93611089,0.86649024,0.78895093,15.576043,4.1592526,1.4214059,96.94816,31.413331
1932.5833,67.094825,41.844457,2.9739997e-06,1.1635134,1.2816597,1.4057385,14.20937,4.0184951,1.4155819,130.65173,36.553533
1932.6667,71.28489,47.342978,2.7435833e-06,0.79278357,0.98999782,0.98586867,12.334262,3.9010561,1.4209946,0.052592141,97.911137
1932.75,76.254711,32.439683,2.5137108e-06,0.23216779,0.319241,0.2876297,10.853321,3.8292971,1.4426008,0.024467509,57.965604
1932.8333,75.848073,0,2.4374506e-06,0.0013509913,0,0,10.37607,3.795361,1.4742038,0,10.894362
1932.9167,74.008912,0,2.500836e-06,0.00041764834,0,0,10.363808,3.7667599,1.5037416,0,10.506654
1933,71.285054,0,2.6500327e-06,0,0,0,10.254992,3.7394021,1.5309181,0,10.38607
1933.0833,69.656081,0,3.0700514e-06,0,0,0,9.9656677,3.7138731,1.5544184,0,10.29587
1933.1667,67.955412,0,3.5518037e-06,0,0,0,9.9138498,3.6889896,1.5757718,0,4.9589429
1933.25,71.858503,6.1782068,3.525369e-06,0,6.7196024e-06,0,9.6098738,3.6640937,1.5957347,280.11981,283.8708
1933.3333,86.080939,23.693379,2.4547508e-06,0,4.7385594e-05,0,8.179306,3.6212296,1.6068033,0,0
1933.4167,81.868529,24.770821,2.5693628e-06,0.53375617,0.70551956,0.30975036,7.1250496,3.5383627,1.6019723,41.862086,0.0064299184
1933.5,78.136213,37.024282,2.5150189e-06,1.7159184,3.0012113,1.7285861,5.8420172,3.416115,1.5838068,177.20865,17.04985
1933.5833,79.823941,47.228839,2.2637425e-06,1.3110455,2.3598742,1.7272997,6.4933147,3.2881701,1.5675404,39.954843,60.382391
1933.6667,85.018285,48.2921,2.0145226e-06,0.77439362,1.4141328,0.99764045,7.5732584,3.2097108,1.5657657,3.644766e-11,92.165599
1933.75,89.58175,28.351419,1.8193208e-06,0.16094351,0.28425424,0.19596426,8.3412342,3.1971252,1.5804572,1.7857787e-11,50.511799
1933.8333,88.544823,0,1.8108881e-06,0.00051707562,0,0,8.5598192,3.2240753,1.6042036,0,14.348086
1933.9167,86.593702,0,1.8978166e-06,8.1592871e-20,0,0,8.6734953,3.2498546,1.6262861,0,29.882477
1934,85.931063,0,1.9952383e-06,2.1455698e-23,0,0,8.4370356,3.2718813,1.6466433,0,13.735315
1934.0833,83.492741,0,2.1355074e-06,0,0,0,8.2064676,3.2877429,1.6643416,0,3.3823789e-05
1934.1667,80.625959,0,2.2305017e-06,0,0,0,8.3081045,3.3002594,1.6804451,0,3.3719675e-05
1934.25,83.478749,6.668868,2.2175657e-06,0,1.6367909e-07,0,8.4279947,3.310467,1.6954901,302.62269,260.69619
1934.3333,96.236117,25.503155,1.9805029e-06,9.8922765e-08,3.5165468e-05,0,9.0799618,3.3008554,1.7034218,0,0
1934.4167,92.813388,28.437328,2.0416428e-06,1.1241668,1.420254,0.79183116,9.9108667,3.255496,1.6988899,110.9221,0.01446195
1934.5,91.161497,44.437554,1.9313084e-06,1.7298595,2.7617746,1.9910879,11.251108,3.1906664,1.687973,170.03671,45.071142
1934.5833,98.131396,51.540576,1.6790331e-06,1.3930806,2.2447004,1.8976381,15.087738,3.1545985,1.6888458,3.7821841,141.60062
1934.6667,110.2585,52.284949,1.4651673e-06,0.99564985,1.5998051,1.3037469,19.722775,3.1865754,1.7110698,3.8740952e-11,195.3379
1934.75,122.93904,42.689811,1.3016545e-06,0.3033285,0.49733399,0.39201243,23.800854,3.3167844,1.7611816,2.6382818e-11,151.88184
1934.8333,125.1599,0,1.2558171e-06,6.753833e-06,0,0,24.86937,3.5259597,1.8332113,0,25.195795
1934.9167,121.74359,0,1.3451026e-06,2.636954e-19,0,0,25.196102,3.7247722,1.9016023,0,0.81109643
1935,116.76859,0,1.4349325e-06,0,0,0,25.373476,3.9048681,1.9644392,0,0.00015013831
1935.0833,112.23986,0,1.507534e-06,0,0,0,25.753593,4.0566483,2.0186169,0,5.3220692e-06
1935.1667,105.57315,0,1.6154997e-06,0,0,0,26.051186,4.1895051,2.0677438,0,0
1935.25,105.86509,5.2146013,1.666153e-06,0,0,0,25.667349,4.3061299,2.1138811,271.84709,402.96244
1935.3333,121.28753,22.163091,1.51745e-06,0,2.293645e-06,0,24.002302,4.3893189,2.1473782,0,0
1935.4167,113.65868,22.340966,1.622679e-06,5.5249841e-05,3.9706505e-05,0,24.32476,4.417974,2.1601412,0,0
1935.5,106.18793,24.568679,1.7542631e-06,0.96061721,1.0719507,0.65880263,25.120905,4.3933926,2.1539268,77.078056,0.023138035
1935.5833,99.749744,36.210503,1.7658598e-06,1.3129827,1.7774749,1.3693727,24.391531,4.3262143,2.1314387,127.2476,6.1643879
1935.6667,99.504054,42.596851,1.6637993e-06,0.89051564,1.2168547,1.0499209,23.247534,4.2728529,2.1149092,37.305258,44.141847
1935.75,100.6651,36.263909,1.5873414e-06,0.29582746,0.39029337,0.26397543,22.284557,4.2660151,2.118809,7.1941025,17.571124
1935.8333,98.114684,0,1.5925571e-06,0.0002351763,0,0,22.062914,4.2960835,2.1386395,0,0
1935.9167,94.610035,0,1.67889e-06,0,0,0,21.815077,4.3244352,2.1585693,0,8.8394405e-05
1936,91.165364,0,1.3159148e-06,0,0,0,21.793045,4.3458486,2.1769347,0,6.2523429e-05
1936.0833,87.755524,0,1.397329e-06,0,0,0,18.272024,4.3600731,2.1928339,0,6.1415233e-05
1936.1667,84.085934,0,1.4878428e-06,0,0,0,15.407837,4.3675604,2.2074053,0,6.0876959e-05
1936.25,84.06128,4.4630114,1.5321457e-06,0,9.6802468e-07,0,15.236053,4.3702168,2.2209349,202.30753,182.53984
1936.3333,90.347327,17.145084,1.50035e-06,0,1.6934593e-05,0,13.819268,4.3242469,2.2213857,0,0
1936.4167,83.124317,17.916003,1.8239398e-06,0.37423412,0.14229262,0.17813032,14.471557,4.1801696,2.1956105,19.800721,0.0085466823
1936.5,56.964256,26.848279,2.6859727e-06,1.5838526,1.5372571,1.2582313,18.856636,3.9441602,2.1442039,155.84743,0.26453262
1936.5833,43.197293,35.415515,2.9630874e-06,1.2007511,1.6498178,1.2937819,17.348557,3.6421196,2.0809007,37.143569,41.070066
1936.6667,50.993707,39.333787,2.253086e-06,0.85179479,1.186268,0.95912879,12.425121,3.3657544,2.038698,34.845791,117.96505
1936.75,57.638761,33.821709,1.8836921e-06,0.20827735,0.26674876,0.21371986,11.430723,3.1428568,2.0263357,8.2034037,28.650001
1936.8333,56.409128,0,1.8729094e-06,0.0043288999,0,0,11.751437,2.9659176,2.0366068,0,0
1936.9167,54.400057,0,1.9928575e-06,4.331829e-07,0,0,11.965397,2.8096209,2.0484195,0,0.00021014121
1937,52.43282,0,1.2168179e-05,0,0,0,12.152255,2.6669109,2.0592434,0,0.00010500893
1937.0833,50.627694,0,3.1489096e-06,0,0,0,12.299437,2.5447755,2.0685477,0,0.00010471232
1937.1667,48.886977,0,3.3335866e-06,0,0,0,12.393112,2.4350944,2.0769513,0,3.7008971e-05
1937.25,50.471645,6.1130133,3.305533e-06,0,2.0784002e-08,0,12.258451,2.3330784,2.0846465,277.59124,149.04827
1937.3333,58.847461,23.327373,2.8759325e-06,0,4.1669082e-06,0,13.048113,2.2311788,2.0810993,0,0
1937.4167,57.291038,23.948481,3.0295703e-06,0,2.7687856e-05,0,15.629342,2.1194317,2.0560308,0,0
1937.5,51.73659,28.156508,3.3881772e-06,1.0708928,0.93059545,0.99416557,18.447727,2.0024154,2.0094805,125.47053,0.01910578
1937.5833,47.298316,44.203389,3.5571554e-06,1.2574119,1.9241697,1.7346739,24.072409,1.8951735,1.9441293,129.33792,18.031709
1937.6667,52.238263,47.846742,3.095676e-06,0.78861988,1.2858213,1.1818105,34.008789,1.8383466,1.8906235,0.019763901,96.219148
1937.75,58.65021,42.324107,2.7208287e-06,0.24104393,0.39309118,0.34489323,43.975094,1.8595325,1.8645853,0.0060068058,43.367725
1937.8333,58.073159,0,2.6649573e-06,0.0036623567,0,0,47.633003,1.9502931,1.8610687,0,0
1937.9167,56.009606,0,2.8790644e-06,2.2113237e-20,0,0,48.375957,2.0425742,1.8607454,0,0.00015018061
1938,53.992867,0,3.7329232e-06,7.476243e-07,0,0,49.108181,2.1264782,1.8604198,0,8.0416035e-05
1938.0833,52.143212,0,4.5452075e-06,5.6529919e-09,0,0,50.018894,2.1979291,1.8601164,0,8.0200883e-05
1938.1667,50.356999,0,4.667299e-06,0,0,0,50.798267,2.2617533,1.8598186,0,7.983175e-05
1938.25,56.078251,6.6950945,4.1107869e-06,0,5.845453e-06,0,50.569942,2.3211226,1.859378,304.15246,342.41178
1938.3333,74.842483,25.491787,2.4031356e-06,0,3.733946e-05,0,54.532795,2.412379,1.8501328,0,0
1938.4167,72.845913,28.776275,2.4728463e-06,1.0850326,0.4987563,0.90960107,63.614307,2.5980537,1.8242474,114.7135,0.1000539
1938.5,72.078496,45.855999,2.3068083e-06,1.50157,1.0860986,2.0749761,66.777214,2.9358673,1.7910862,171.42588,41.435955
1938.5833,81.694566,50.72559,1.9936733e-06,1.1434772,1.1839979,1.7782506,69.992851,3.5533998,1.7734408,0.31526998,211.9098
1938.6667,97.738206,50.686736,1.6575226e-06,0.78464352,1.1274552,1.1454833,71.784744,4.5089097,1.7855834,4.3136265e-11,209.70607
1938.75,105.3555,50.643545,1.530271e-06,0.34950917,0.58042514,0.46664798,78.198212,5.8968878,1.8363055,4.1843637e-11,72.152912
1938.8333,103.43754,6.74904,1.5545897e-06,0.0010431999,0.0018285456,0.0011918409,87.181198,7.6997981,1.9260714,1.8356935e-13,1.9995682
1938.9167,99.77939,0,1.647716e-06,3.689245e-06,0,0,89.927834,9.4676552,2.0191855,0,4.1563954
1939,96.448876,0,1.7619545e-06,0,0,0,90.920799,11.071299,2.1044858,0,2.0698357
1939.0833,93.297951,0,1.8845295e-06,0,0,0,90.971901,12.421996,2.1777544,0,2.0618217
1939.1667,90.256035,0,1.9860215e-06,0,0,0,92.308723,13.615425,2.2438734,0,2.0553642
1939.25,98.053187,4.7252025,1.9266356e-06,0,1.8855935e-06,0,90.079971,14.707499,2.3054929,244.86133,571.04595
1939.3333,128.67934,20.813886,1.5511672e-06,0,1.7972545e-05,0,80.068581,15.806018,2.3508296,0,0
1939.4167,122.52039,21.633791,1.6420486e-06,0.12657473,0.057131722,0.028708727,79.930649,17.148968,2.3711739,2.1948852,0.0015517389
1939.5,117.16057,29.37985,1.6568756e-06,1.6987109,1.6116263,1.462755,74.782951,18.722509,2.3714802,157.31936,9.8788063
1939.5833,114.40155,41.497923,1.5094392e-06,1.2830848,2.2671859,1.5633888,70.932938,20.50502,2.3683732,69.805785,54.021079
1939.6667,117.31603,43.440539,1.3705254e-06,0.84204139,1.5693351,1.0577689,76.599403,22.408392,2.3831599,0.60087752,93.167607
1939.75,118.51548,26.98621,1.3380069e-06,0.17435631,0.30082094,0.2027942,81.036621,24.443172,2.4250393,1.7204753e-11,23.814403
1939.8333,114.04347,0,1.4195366e-06,3.7477835e-05,0,0,82.990738,26.345404,2.4821928,0,4.893337
1939.9167,107.44978,0,1.8452722e-06,0,0,0,84.634125,27.798025,2.5344942,0,9.8006675
1940,99.713847,0,1.7328554e-06,0,0,0,85.968262,28.804434,2.5816324,0,4.7878923
1940.0833,92.632331,0,2.0841876e-06,0,0,0,87.585747,29.385427,2.6219301,0,4.1840999
1940.1667,86.036004,0,2.6157613e-06,0,0,0,89.126434,29.603329,2.6601923,0,3.1571993
1940.25,87.165497,4.5643696,2.4915385e-06,0.015388899,0.0026080149,0,89.393471,29.524662,2.6989675,206.96107,337.9999
1940.3333,102.53579,18.152874,1.8119566e-06,0.65140963,0.28349395,0.34702468,84.766846,29.172882,2.7237277,33.515731,0.018447994
1940.4167,99.149197,26.73891,1.730228e-06,1.687969,0.82007412,1.4906206,74.114952,28.571938,2.7251668,151.93886,8.3502072
1940.5,101.86032,35.342377,1.5154999e-06,1.5005383,0.81552928,1.7729312,63.413574,27.823698,2.7303751,13.839437,128.70344
1940.5833,114.79778,36.40097,1.3004243e-06,1.2065137,0.72307797,1.4800374,56.178879,27.012466,2.7640121,3.4847485,213.61299
1940.6667,129.10958,37.381187,1.1662584e-06,0.76702802,0.50454427,0.96209765,52.473377,26.241085,2.8389754,2.4971359,166.52866
1940.75,134.06698,25.769012,1.1508198e-06,0.195695,0.12289893,0.23424748,52.493504,25.560808,2.9691269,0.26049886,36.913285
1940.8333,130.31389,0,1.1982945e-06,0.0066887613,0,0,53.224026,24.959633,3.1311066,0,5.6038288
1940.9167,125.68362,0,1.3022243e-06,1.7441359e-19,0,0,53.814049,24.367897,3.2801452,0,11.445528
1941,121.60763,0,1.4001457e-06,0,0,0,54.349709,23.764393,3.4160426,0,5.7571503
1941.0833,117.42664,0,1.4867933e-06,4.0926107e-06,0,0,54.89764,23.187014,3.532093,0,5.3126161
1941.1667,112.57615,0,1.5797981e-06,1.1089925e-07,0,0,55.332424,22.606178,3.6360209,0,0
1941.25,114.15005,3.3737458,1.6260669e-06,0.00027711213,1.6735275e-06,0,53.671909,21.984636,3.7332275,175.87124,510.74723
1941.3333,136.48242,14.541857,1.4248209e-06,0.11937194,0.0077108765,0.018145442,47.161495,21.267248,3.8106923,0.13130336,0.00059715707
1941.4167,127.94784,17.518904,1.4698647e-06,1.5712921,0.32723778,0.88459119,43.284882,20.443714,3.8474462,77.072552,2.0482384
1941.5,124.00603,26.153948,1.3823419e-06,1.4564782,0.8637179,1.2384283,37.859734,19.579823,3.8635333,97.975237,12.308981
1941.5833,124.44378,33.234227,1.3059345e-06,1.2779305,1.4232608,1.3647327,33.904423,18.728075,3.8958375,44.832609,69.152734
1941.6667,129.72403,34.894139,1.2212788e-06,0.82441292,1.2938195,0.92036973,32.643517,17.961437,3.9596238,2.4004616,87.523506
1941.75,132.02767,21.726793,1.2037409e-06,0.26934009,0.37060132,0.257969,34.703136,17.306429,4.0656457,0.41193744,28.17806
1941.8333,128.33466,0,1.2397386e-06,0.00031449598,0,0,35.503689,16.745665,4.1930642,0,5.7398439
1941.9167,123.82878,0,1.3033435e-06,2.4393848e-24,0,0,36.262253,16.228548,4.3097258,0,4.2414076
1942,118.78214,0,1.3894023e-06,0,0,0,37.096817,15.738085,4.4163156,0,0.88441105
1942.0833,114.31682,0,1.4728668e-06,0,0,0,37.811359,15.300076,4.5075274,0,0
1942.1667,110.00248,0,1.5719262e-06,0,0,0,38.395054,14.887387,4.5893974,0,0
1942.25,111.53776,1.8070411,1.6136586e-06,0,1.9860208e-06,0,38.153355,14.483311,4.665041,109.38531,364.1863
1942.3333,126.60778,9.1584325,1.4670181e-06,0,2.1611262e-05,0,34.81316,14.042256,4.7072148,0,0
1942.4167,116.10553,9.5083378,1.5944448e-06,0.65876495,0.096214464,0.19256201,33.139477,13.465493,4.6807461,15.727834,0.015615917
1942.5,104.33606,12.810134,1.6308863e-06,1.6256947,0.60653994,0.67392121,29.021097,12.768425,4.5717912,54.073251,0.18796956
1942.5833,93.830772,18.065117,1.6450023e-06,1.253549,1.1010124,0.73154324,25.540651,11.970802,4.3751597,58.953923,0.43312213
1942.6667,80.09284,22.911988,1.7875934e-06,0.89793558,1.1039727,0.64279445,23.975765,11.119687,4.1614194,39.345641,3.4917406
1942.75,78.271732,21.261472,1.8182093e-06,0.15534164,0.22355616,0.1033839,22.238754,10.304234,4.002646,5.543659,2.0498091
1942.8333,76.391108,0,1.8832927e-06,0.0002523179,0,0,21.970278,9.5732965,3.8853259,0,0
1942.9167,73.652759,0,1.9905535e-06,0,0,0,22.499311,8.9151287,3.7826679,0,0.00015783228
1943,70.595533,0,2.1091053e-06,0,0,0,22.93215,8.3123217,3.6885481,0,1.2846424e-05
1943.0833,67.257673,0,2.2634006e-06,0,0,0,23.367996,7.7954736,3.6035326,0,0
1943.1667,63.752823,0,2.4342694e-06,0,0,0,23.776159,7.3316035,3.5152462,0,0
1943.25,60.239494,0.7407646,2.6257878e-06,0,7.4032293e-08,0,24.084354,6.8994026,3.4241538,134.96247,67.551055
1943.3333,57.145253,10.988024,2.7386168e-06,0,1.2752266e-05,0,21.277567,6.4795547,3.3257475,0,0
1943.4167,28.395083,10.793179,5.229313e-06,0.042056368,0.0018477741,0.0050384321,18.074224,5.9964771,3.1835506,0.4533299,0.00017685098
1943.5,5.6484267,13.802222,3.4658169e-05,1.3020014,0.15278315,0.65321598,13.021396,5.4474759,2.9907651,74.633498,0.045947459
1943.5833,2.6964003,21.10574,7.683158e-05,0.99251999,0.40997559,0.75573439,7.5667477,4.9136052,2.7544751,77.396833,0.9210302
1943.6667,4.2637037,26.154546,7.8024139e-05,0.63789446,0.64355796,0.58141499,6.5032973,4.4480052,2.5404387,22.078066,7.8792548
1943.75,7.6973974,27.064128,4.0278235e-05,0.26839033,0.32201687,0.25420936,5.873817,4.0619631,2.380033,0.0052682972,10.003439
1943.8333,9.0827737,0.91389735,5.7694775e-05,0.0010911738,0.00030442072,0.00067196761,5.3385792,3.7481408,2.2676663,0,0
1943.9167,8.7589202,0,7.2360155e-05,3.5049916e-14,0,0,5.1980715,3.4724348,2.1734192,0,3.3437399e-05
1944,8.4418664,0,7.8427773e-05,0,0,0,5.09131,3.2195866,2.0869708,0,4.9200055e-05
1944.0833,8.1509259,0,8.4718893e-05,0,0,0,4.8991709,3.002043,2.0125706,0,4.9086355e-05
1944.1667,7.8701703,0,9.1060618e-05,0,0,0,4.5447893,2.8053622,1.9452783,0,4.8972726e-05
1944.25,9.6923755,3.7769435,7.4766453e-05,0,0,0,3.9191823,2.621228,1.8821539,170.55319,92.074008
1944.3333,16.504377,14.785434,3.3536871e-05,0,3.1800112e-06,0,2.8828361,2.4512935,1.8178006,0,0
1944.4167,18.104818,15.749253,3.0440569e-05,0.00061630453,1.6056449e-05,0,2.320713,2.2941239,1.747395,0,0
1944.5,18.487783,18.124934,3.1777323e-05,0.63303303,1.2153718,0.52869019,2.0800207,2.1504714,1.6738137,65.174468,0.017158327
1944.5833,19.222582,28.875507,1.2568145e-05,0.82951934,1.8186143,1.1202059,2.7498784,2.0271366,1.6020323,98.286592,12.551522
1944.6667,23.582304,32.432385,8.1395519e-06,0.49722502,1.1191102,0.75757681,2.9622142,1.9564383,1.5530429,0.17227871,65.37062
1944.75,28.991455,28.959874,5.7569637e-06,0.13943275,0.31637639,0.20206271,3.3344476,1.9531534,1.5353987,0.0030160185,25.00052
1944.8333,28.97572,0,5.9177937e-06,9.9142144e-06,0,0,3.5789349,2.0055735,1.544502,0,0
1944.9167,27.938325,0,1.3586267e-05,9.3392555e-06,0,0,3.5293326,2.06078,1.5563706,0,3.4718458e-05
1945,26.922196,0,1.1859442e-05,1.8015495e-28,0,0,3.4755888,2.1112642,1.5672644,0,3.6489038e-05
1945.0833,25.989464,0,1.3069279e-05,0,0,0,3.4128871,2.1545377,1.5766431,0,3.6303203e-05
1945.1667,25.089636,0,1.4065431e-05,0,0,0,3.337956,2.1934376,1.5851279,0,3.610542e-05
1945.25,26.00866,1.6417394,1.4468787e-05,0,2.0414328e-07,0,3.2562335,2.2296491,1.5930591,198.91855,219.95965
1945.3333,42.126905,16.943231,4.6588298e-06,0,8.1246945e-06,0,3.8852575,2.2736678,1.5930218,0,0
1945.4167,42.309813,17.824227,4.2435322e-06,0.01036559,0.0071039364,0,5.1899018,2.3611796,1.5735579,0,0
1945.5,42.193383,22.632942,3.7844648e-06,0.78046495,2.0372899,0.930561,6.790885,2.4964182,1.5393139,117.15148,1.074801
1945.5833,44.832874,34.31952,2.4995588e-06,0.7011826,1.9667013,1.2362701,9.7386618,2.6901686,1.5023214,70.040022,90.987138
1945.6667,54.752897,36.24757,1.9316496e-06,0.51416142,1.434788,0.93528035,14.079611,2.9631054,1.482179,0.82325976,131.98072
1945.75,60.881648,22.580348,1.7038682e-06,0.12062485,0.32380595,0.21069441,19.68434,3.3416743,1.4823464,0.081238978,31.146207
1945.8333,59.324775,0,1.7118271e-06,5.5546374e-11,0,0,20.937803,3.7686698,1.4937624,0,2.0518164
1945.9167,57.250474,0,1.783737e-06,0,0,0,21.037682,4.1561275,1.5047297,0,1.9780551
1946,55.048667,0,1.143593e-05,0,0,0,21.178448,4.5076647,1.5147723,0,1.9584477
1946.0833,53.197395,0,2.7633023e-06,0,0,0,21.134413,4.8063846,1.5233963,0,1.9471587
1946.1667,51.41769,0,2.8875365e-06,0,0,0,21.050385,5.0717039,1.5311654,0,1.9336883
1946.25,52.485913,0.81786455,2.9712435e-06,0,6.1901971e-08,0,20.807999,5.3147035,1.5383869,148.67421,521.91824
1946.3333,87.402225,12.567309,1.9772369e-06,0,1.3117132e-05,0,17.291231,5.5095801,1.539978,0,0
1946.4167,80.444992,13.084712,2.12698e-06,0.027884192,0.0043933004,0,15.850791,5.6067348,1.5269479,0,0
1946.5,74.560456,16.083775,2.2445313e-06,0.97364551,0.88909275,0.69670214,13.884199,5.6012044,1.5010918,66.120955,1.4040623
1946.5833,71.520276,22.603219,2.2398117e-06,0.79857388,1.3290708,0.78984248,12.970503,5.5190191,1.4736401,58.513073,4.8768232
1946.6667,70.52619,27.209511,2.1924752e-06,0.55124759,0.98585531,0.65112846,13.125722,5.4215002,1.4617854,41.549979,11.39416
1946.75,69.833286,30.205583,2.1733283e-06,0.22774233,0.39300792,0.27188242,13.952151,5.3503747,1.4681464,11.968507,9.0219088
1946.8333,68.413757,2.0605621,2.2116401e-06,0.00046158854,9.6116941e-08,0,14.552594,5.3112435,1.4901983,1.5748444e-13,3.240446
1946.9167,66.213839,0,2.2840202e-06,3.3803629e-06,0,0,14.556185,5.2813864,1.5136056,0,3.022579
1947,63.788712,0,2.399483e-06,0,0,0,14.573892,5.2525043,1.5347947,0,2.9841405
1947.0833,61.814107,0,2.5168988e-06,0,0,0,14.475903,5.2258515,1.5527303,0,2.9597305
1947.1667,59.907213,0,2.613795e-06,0,0,0,14.491763,5.2001033,1.5686766,0,2.938857
1947.25,61.590031,2.6578133,2.6157259e-06,0,2.6632832e-06,0,14.206012,5.173708,1.5832554,120.03289,175.02159
1947.3333,66.888198,10.309205,2.4535159e-06,0.00010552978,3.1454495e-05,0,12.14678,5.0997005,1.5914692,0,0
1947.4167,61.727118,11.799073,2.6177761e-06,0.81625891,0.43282398,0.37045382,9.570488,4.9181423,1.5906905,41.86912,1.1700762
1947.5,47.245618,18.072838,3.0301198e-06,1.3243213,1.8347583,0.94494711,6.8354955,4.6423993,1.5877006,73.529002,7.6330058
1947.5833,26.405023,24.901021,4.505815e-06,0.98305213,1.81877,0.96165848,6.1062627,4.2846661,1.5947284,78.637399,18.337295
1947.6667,25.186095,31.70551,4.1145067e-06,0.53819189,1.1712538,0.63583898,7.659421,3.9285948,1.6162109,41.04505,18.808653
1947.75,26.508253,19.217733,3.8202215e-06,0.049821467,0.12486721,0.035304468,9.9874182,3.6371145,1.6541306,0.01238089,6.2664076
1947.8333,26.129965,0,3.7790853e-06,0.001732875,0,0,10.551148,3.3943315,1.698929,0,4.219045
1947.9167,25.53663,0,3.9701895e-06,3.8142204e-05,0,0,10.710854,3.176559,1.7396356,0,8.7487024
1948,25.322257,0,1.7596263e-05,2.7853705e-06,0,0,10.808883,2.9770684,1.7767137,0,4.3280386
1948.0833,24.784852,0,1.8488023e-05,0,0,0,10.907876,2.8056614,1.8084127,0,4.2984084
1948.1667,24.266664,0,2.0299913e-05,2.4030177e-10,0,0,10.962964,2.6509404,1.8369035,0,4.2623299
1948.25,26.169186,4.6595056,2.0831802e-05,0,2.3434024e-06,0,10.690027,2.5062346,1.8633562,210.94512,111.81524
1948.3333,32.877114,18.007098,2.2725375e-05,0,2.3175083e-05,0,8.2738123,2.3628216,1.8794731,0,0
1948.4167,31.826843,18.799925,2.3470853e-05,0.0061673836,7.5850862e-05,0,5.2158394,2.2056091,1.8773656,0,0
1948.5,23.640767,21.318307,4.0325634e-05,0.76202934,0.78495032,0.51516348,2.6833434,2.0321569,1.8572909,70.608862,0.39810461
1948.5833,18.533038,31.117169,4.4106393e-05,1.0039865,1.9070544,1.1439101,3.5543306,1.844483,1.8192004,106.87183,19.145719
1948.6667,19.40817,37.149224,4.0634539e-05,0.59964678,1.4061061,0.77767404,5.5298514,1.6941634,1.7728666,14.201642,27.483305
1948.75,20.069513,9.7977687,3.229361e-05,0.05101811,0.10758177,0.061129487,7.2442489,1.6008439,1.7216971,0.58439371,9.5609412
1948.8333,19.958608,0,3.4985627e-05,2.482081e-06,0,0,7.178731,1.5326365,1.6726644,0,7.2355715
1948.9167,19.829117,0,3.7429618e-05,0,0,0,7.203033,1.4711672,1.6285627,0,6.9721579
1949,19.092411,0,2.0660464e-05,0,0,0,7.3294744,1.4147894,1.5882504,0,6.8974852
1949.0833,18.991005,0,2.0545103e-05,0,0,0,7.3600397,1.3662874,1.5536892,0,6.847496
1949.1667,18.88866,0,2.1724072e-05,0,0,0,7.3751082,1.3224398,1.5226091,0,6.7927315
1949.25,20.612357,5.1021003,1.9280969e-05,0,4.7232528e-07,0,7.6103988,1.2815219,1.493431,230.73136,94.517299
1949.3333,24.510274,19.81836,1.1270608e-05,0,9.4870315e-06,0,10.434664,1.2551689,1.4592021,0,0
1949.4167,22.008715,20.845225,1.3033218e-05,0.011036199,0.0023133581,0,14.576544,1.2692914,1.4120457,0,0
1949.5,18.259386,25.322521,1.5858841e-05,0.88742223,1.6212913,0.80434086,16.660919,1.3354758,1.348352,126.90339,0.024956077
1949.5833,15.038684,38.330827,6.8158038e-06,0.93789429,2.1763839,1.3486248,15.295274,1.4720528,1.2652909,100.08626,25.078662
1949.6667,21.035755,42.896986,4.2299289e-06,0.71475835,1.7846495,1.1548287,17.522003,1.7090045,1.1823117,0.17826451,103.05133
1949.75,27.027115,43.723527,3.0774922e-06,0.2161144,0.50046565,0.27663377,23.621391,2.0865681,1.1127406,0.019258147,27.92847
1949.8333,27.595706,11.798224,2.8231634e-06,0.0053022702,0.0038334077,0,29.460751,2.6192207,1.053864,0.0039081343,4.5197875
1949.9167,27.007958,0,2.8848092e-06,0,0,0,29.962534,3.1693423,1.0018681,0,8.8774887
1950,26.764698,0,2.3241746e-05,0,0,0,30.118618,3.6720426,0.95419711,0,4.4048602
1950.0833,26.192896,0,5.0898893e-06,0,0,0,29.961843,4.1015368,0.91318101,0,4.4298067
1950.1667,25.64119,0,5.8792898e-06,0,0,0,29.813435,4.483541,0.87614393,0,4.3994994
1950.25,32.510281,3.1959298,5.1329453e-06,0,1.9775376e-06,0,29.475626,4.8379779,0.84147465,193.16799,460.45558
1950.3333,58.661036,16.437424,2.7096405e-06,0.0022365423,2.5466455e-05,0,31.421631,5.2222209,0.80899715,0,0
1950.4167,53.296629,17.982153,2.9347775e-06,0.64323992,0.32589528,0.29606278,36.784382,5.7691784,0.77648747,65.915854,0.01036405
1950.5,50.395574,29.423153,2.9528796e-06,1.6848356,1.9151632,1.4862439,38.964336,6.4934216,0.74623895,95.629217,32.39769
1950.5833,50.959449,33.260752,2.7601643e-06,1.2665649,2.2350673,1.2743905,45.827545,7.4447327,0.72657049,33.547218,40.167152
1950.6667,53.610656,36.692161,2.4927022e-06,0.87757513,1.6023707,0.92733191,56.718502,8.6489468,0.72016788,28.952051,54.815621
1950.75,58.174383,39.176051,2.2916772e-06,0.36484753,0.67207096,0.31524459,68.442833,10.211243,0.72838205,8.665064,76.830976
1950.8333,60.614537,0,2.1937706e-06,0.014179736,0.0014096385,0,73.528351,12.088687,0.74997026,0,15.097198
1950.9167,59.53465,0,2.2461763e-06,0.0001998951,0,0,73.763954,13.864012,0.77235949,0,25.484906
1951,59.523605,0,2.3043851e-06,0,0,0,73.188988,15.466475,0.79289138,0,12.424815
1951.0833,58.514412,0,2.4091162e-06,0,0,0,72.002602,16.7941,0.81055659,0,12.396859
1951.1667,57.349935,0,2.4882047e-06,0,0,0,72.200905,17.95294,0.82652968,0,12.456147
1951.25,56.737084,1.6059944,2.5707207e-06,0,4.8593319e-07,0,72.160278,18.993231,0.84148407,292.45468,145.99989
1951.3333,63.966513,24.62709,2.3607809e-06,0.00059227759,2.5549737e-05,0,70.000114,19.823374,0.86141616,0,0
1951.4167,62.070783,26.238469,2.4566575e-06,0.95205825,0.28436816,0.59528024,65.899086,20.324867,0.90435243,36.836738,112.70614
1951.5,80.084637,30.660739,1.9224422e-06,1.6116332,1.134968,1.3947738,54.105396,20.563475,0.97797781,21.335292,283.73299
1951.5833,99.969514,32.357629,1.4355924e-06,1.2120389,1.6943007,1.0849184,48.743008,20.685307,1.0969588,10.620533,269.51078
1951.6667,115.6524,33.819094,1.1922223e-06,0.91922862,1.4023109,0.82332354,49.373768,20.7833,1.2703149,9.552597,155.94615
1951.75,119.06289,14.5438,1.1454371e-06,0.1355481,0.18795077,0.10744934,51.931248,20.904531,1.5091112,0.56075849,12.521938
1951.8333,114.71884,0,1.1801867e-06,0.0027850908,0,0,52.403038,21.023333,1.763256,0,0.024036448
1951.9167,110.15808,0,1.2704082e-06,8.2727333e-24,0,0,53.495533,21.100306,1.9935787,0,0.049104133
1952,105.6589,0,6.6407711e-06,0,0,0,54.50346,21.128536,2.2048969,0,0.023616207
1952.0833,101.51236,0,6.9091629e-06,0,0,0,55.320278,21.100368,2.3868058,0,0.022912095
1952.1667,97.486824,0,6.9990147e-06,0,0,0,56.184246,21.014847,2.5513744,0,0.022273478
1952.25,101.06893,3.7321232,7.3451533e-06,0,5.5115856e-07,0,55.516869,20.86841,2.705126,169.00391,348.91219
1952.3333,117.26607,14.372244,8.0934233e-06,0,5.5657703e-06,0,51.658085,20.588596,2.8191328,0,0
1952.4167,108.73766,14.856719,8.4659378e-06,0.01567458,0.00033273673,0,51.51228,20.08853,2.8664074,0,0
1952.5,83.393767,18.290959,1.0419474e-05,1.3749979,0.20617141,0.7887231,53.570187,19.376207,2.8442557,81.504944,0.18443978
1952.5833,55.269584,26.639655,1.462468e-05,1.1191241,0.37621874,0.96548144,54.427895,18.443819,2.7497244,67.025672,0.56611477
1952.6667,34.949012,29.223248,2.1940004e-05,0.83334622,0.40152164,0.73802235,53.386822,17.35014,2.5921412,7.3557992,0.63592327
1952.75,29.036224,30.108105,2.6099167e-05,0.26421447,0.13216461,0.23197583,46.517738,16.142183,2.3979552,1.1998117,4.8453828
1952.8333,28.386451,4.0567936,1.8991266e-05,0.016374268,0.0014906425,0.0013771633,40.724976,14.860552,2.2234147,3.3676621e-14,2.5080048e-05
1952.9167,26.792221,0,1.8423596e-05,0.00010396787,0,0,41.300739,13.649149,2.0683329,0,3.0933013e-05
1953,25.214972,0,7.4574336e-06,5.6887504e-24,0,0,42.165298,12.529546,1.9260322,0,4.8393743e-05
1953.0833,23.827348,0,1.115021e-05,6.6265674e-08,0,0,42.726711,11.556929,1.8035152,0,4.7619895e-05
1953.1667,22.456508,0,1.3669845e-05,1.5970181e-07,0,0,43.484287,10.669332,1.6926552,0,4.710878e-05
1953.25,22.480715,4.0003867,1.5225522e-05,0.0078692812,3.1538955e-06,0,34.759098,9.8284149,1.5887502,178.97478,59.247736
1953.3333,10.194154,16.094193,5.2122748e-05,0.49470957,0.10139312,0.2070019,6.7754316,8.9693947,1.4953173,30.008769,0.0075224097
1953.4167,4.8736925,26.024137,7.0838782e-05,1.6443055,0.54173399,1.3205499,5.2062721,8.1046791,1.4155866,170.93029,5.4962182
1953.5,7.8802807,38.043622,1.9849957e-05,1.724569,0.63255468,2.0549108,4.465066,7.3226938,1.3567488,45.758448,70.31869
1953.5833,18.359592,39.26634,7.4430122e-06,1.1621502,0.44432449,1.4906734,4.5709109,6.6222043,1.3180952,0.0037628759,115.71381
1953.6667,30.060066,40.209327,4.5186321e-06,0.86040034,0.35323379,1.0918784,5.7299175,6.0271659,1.2974005,0.0035680228,158.50198
1953.75,46.121296,34.431834,3.0686438e-06,0.19881847,0.084360803,0.23039603,7.2160439,5.5269356,1.2923115,0.0008086172,201.48051
1953.8333,53.344946,0,2.709435e-06,3.8641485e-05,0,0,7.9387598,5.1103716,1.2977741,0,21.746688
1953.9167,52.692339,0,4.5993593e-06,7.0814926e-24,0,0,8.1343517,4.7393117,1.3039644,0,43.379222
1954,52.212536,0,5.1549059e-06,0,0,0,8.0887365,4.3989782,1.3096135,0,21.558262
1954.0833,49.991373,0,5.2269829e-06,0,0,0,8.2220058,4.1064968,1.3140531,0,20.662617
1954.1667,47.80912,0,6.1908863e-06,0,0,0,8.3409262,3.8425183,1.3171428,0,19.766322
1954.25,46.379965,5.2699987,5.8554529e-06,0,1.4054331e-10,0,8.6244631,3.596065,1.3185471,238.33529,16.006732
1954.3333,46.411823,20.667015,4.764413e-06,0.22278939,0.050653544,0.12204101,10.659591,3.3911955,1.3235146,20.196486,5.4901515
1954.4167,51.527437,33.616181,3.481658e-06,1.5088879,0.54158266,1.7514768,11.30962,3.259192,1.3391129,176.8585,201.4303
1954.5,83.031029,38.806476,2.0972334e-06,1.3388651,0.59157024,1.9166849,10.611804,3.2221749,1.3687972,0.0026975807,439.50488
1954.5833,114.76209,39.731849,1.5232296e-06,1.093784,0.57708344,1.5988116,11.344996,3.3101742,1.4158694,0.00021581999,370.21738
1954.6667,135.75251,40.603552,1.2632736e-06,0.70189289,0.42178889,1.0235614,13.017752,3.553932,1.4810643,0.00014088824,224.76768
1954.75,145.06929,41.447483,1.1689052e-06,0.25057393,0.14500392,0.35330489,15.693298,3.9929888,1.5679038,2.6585628e-05,88.739143
1954.8333,145.30966,14.000124,1.177605e-06,0.0098828941,0.0054004375,0.0095142694,18.435427,4.6409321,1.6773151,1.6438267e-15,30.0665
1954.9167,141.37417,0,1.2459403e-06,2.2201431e-21,0,0,18.97076,5.327724,1.7885817,0,22.637738
1955,137.91545,0,1.3361657e-06,1.1615903e-06,0,0,19.18293,5.9569831,1.890779,0,4.4032636
1955.0833,133.203,0,1.4383685e-06,2.0778722e-06,0,0,19.370949,6.4964709,1.9787297,0,2.0360363e-06
1955.1667,128.5919,0,1.5391302e-06,0,0,0,19.473757,6.9817605,2.0582352,0,1.9480896e-06
1955.25,134.81386,2.4485542,1.5310262e-06,0,1.0184321e-06,0,19.182568,7.4333005,2.1325798,148.03855,672.38365
1955.3333,166.80667,12.512201,1.2718216e-06,0.025698079,0.0033526556,0,18.35626,7.8033638,2.1922617,2.5011799e-10,2.3115897e-05
1955.4167,152.12542,14.27402,1.3870928e-06,1.0037928,0.49366592,0.52235638,19.294962,8.0250835,2.2294374,51.396542,0.024205133
1955.5,142.30448,19.765239,1.3355052e-06,1.2218219,0.72002845,0.97379385,18.819101,8.1240339,2.255897,48.63307,27.251142
1955.5833,139.32002,24.640966,1.2131219e-06,1.0516093,0.64898469,1.0094788,18.406639,8.1559048,2.2912221,50.640461,30.710969
1955.6667,139.21513,29.32737,1.1623566e-06,0.68774981,0.44244673,0.77216781,18.769917,8.1818123,2.3409872,38.918043,41.161916
1955.75,139.9257,21.436928,1.165944e-06,0.17152928,0.10940019,0.19579906,19.627279,8.2275782,2.4105875,5.2541229,40.817689
1955.8333,137.10015,0,1.1979447e-06,3.3121305e-07,0,0,20.189049,8.2853193,2.491533,0,6.8924334
1955.9167,132.31735,0,1.2852034e-06,0,0,0,20.561024,8.3374882,2.5659211,0,0.00018159935
1956,126.93419,0,1.3762693e-06,0,0,0,20.860456,8.3835821,2.6340768,0,0
1956.0833,120.80984,0,1.4951422e-06,0,0,0,20.976765,8.4179144,2.6927519,0,0
1956.1667,114.12793,0,1.6213229e-06,0,0,0,21.013351,8.4321365,2.7461939,0,0
1956.25,110.75239,1.7010224,1.7222253e-06,0,0,0,21.080214,8.4235716,2.7967527,76.29934,182.83137
1956.3333,110.9903,6.7308974,1.7427088e-06,0,2.7566008e-06,0,20.504116,8.3262835,2.8294809,0,0
1956.4167,100.31076,7.1583288,1.9821885e-06,0.0030602035,4.3598081e-05,0,21.286989,8.0681581,2.8330626,0,0
1956.5,82.357481,8.3209416,2.4807382e-06,0.94392572,0.26505773,0.34420665,24.717209,7.6556401,2.8108397,27.264806,0.046781901
1956.5833,27.067067,11.708903,5.6556214e-06,0.7690269,0.5353445,0.45837636,45.297775,7.0861053,2.7351387,45.64522,0.007135104
1956.6667,1.3054962,16.314391,0.00011383404,0.5798219,0.45519098,0.43686615,52.938148,6.426136,2.6173613,49.656999,0.073667956
1956.75,1.2614182,9.538128,0.00011041356,0.039883471,0.028881343,0.0095900512,47.753761,5.8055401,2.511739,0.92286428,0.002305216
1956.8333,1.2140849,0,0.00012073975,1.9704166e-08,0,0,50.436932,5.2450037,2.4234879,0,0
1956.9167,1.1686492,0,0.00037012596,2.8633502e-24,0,0,53.993641,4.7391233,2.3439546,0,0
1957,1.1247859,0,0.00048317813,0,0,0,57.521385,4.2750421,2.2708273,0,0
1957.0833,1.0848965,0,0.00051895657,0,0,0,60.53949,3.8756001,2.2077351,0,0
1957.1667,1.0470841,0,0.00056704041,0,0,0,63.178902,3.5142932,2.1505599,0,0
1957.25,1.0328946,4.5099957,0.00056987745,0,2.3790805e-07,0,65.026375,3.1759624,2.0966275,182.35037,1.618516
1957.3333,1.0193896,15.154205,0.00049958652,0,2.1766292e-06,0,60.676174,2.8700032,2.0289776,0,0
1957.4167,0.77661249,15.598212,0.00064868649,0.17004796,0.14084228,0.14394303,58.156494,2.5933154,1.9236653,16.610824,0.0063587533
1957.5,0.54292468,23.507051,0.00056406844,0.85164899,0.90720614,1.2184037,46.26429,2.3435659,1.7758579,143.15193,0.17233962
1957.5833,3.2278551,30.527644,5.2256692e-05,0.71445255,0.79511397,1.3800887,32.552513,2.1256478,1.6096523,0.45495829,47.027101
1957.6667,13.081913,31.393949,1.0438243e-05,0.42354428,0.48748397,0.83416563,24.832954,1.9740089,1.4828836,0.0028287834,128.36898
1957.75,21.961793,32.292996,5.8462356e-06,0.1580578,0.18705273,0.22095376,20.7637,1.8969017,1.4172407,0.00085702063,45.910418
1957.8333,23.087772,8.7684421,5.3488975e-06,0.008460855,0.0047466811,0,21.318922,1.8985968,1.4064242,0,0
1957.9167,22.299854,0,5.6498448e-06,2.9370191e-08,0,0,21.9349,1.9273741,1.4038233,0,0.00029875922
1958,21.486066,0,6.0276561e-06,0,0,0,22.306107,1.9539206,1.4015058,0,0
1958.0833,20.739099,0,6.3649877e-06,0,0,0,22.603346,1.9767264,1.3995447,0,0
1958.1667,20.01841,0,6.831478e-06,0,0,0,22.840872,1.9973055,1.3978044,0,0
1958.25,25.180796,4.5337938,6.1012825e-06,0,2.1886732e-06,0,21.89443,2.0167897,1.3961279,204.81609,266.85494
1958.3333,41.102238,17.711353,4.030052e-06,0,1.2929238e-05,0,17.891685,2.060977,1.3910205,0,0
1958.4167,40.90571,19.130755,4.5724837e-06,0.30031049,0.082179527,0.24063346,19.100592,2.1834795,1.3810053,31.331277,0.016561933
1958.5,41.246425,30.349888,5.1941406e-06,0.97573341,0.82478863,1.6938108,22.823977,2.4029591,1.3695712,166.4512,43.635965
1958.5833,55.304296,37.552215,3.5702221e-06,0.76871603,1.0714522,1.6461527,18.71607,2.754005,1.3649752,0.018706886,247.77831
1958.6667,72.058201,38.444642,2.6004404e-06,0.45938797,0.65720424,0.95572881,15.415807,3.2632921,1.3655108,1.3244138e-06,162.77978
1958.75,76.259166,22.708973,2.2644326e-06,0.031933262,0.043485433,0.01954303,14.587864,3.9706523,1.3688736,6.0201103e-07,5.4944054
1958.8333,74.014112,0,2.2913462e-06,7.6623618e-06,0,0,14.728066,4.7601013,1.372928,0,3.7679273
1958.9167,71.678407,0,2.404819e-06,0,0,0,14.849644,5.479948,1.3763405,0,7.7856817
1959,69.709986,0,7.7973809e-06,0,0,0,14.891637,6.1391854,1.3791846,0,3.8700074
1959.0833,67.597099,0,8.2155384e-06,0,0,0,14.95155,6.7053809,1.381385,0,3.8473183
1959.1667,65.557174,0,8.4425856e-06,0,0,0,14.939763,7.2160554,1.3831178,0,3.8182478
1959.25,77.633053,3.0511229,8.3003042e-06,0,6.7398011e-07,0,14.88684,7.6916699,1.3844054,137.86549,661.80729
1959.3333,108.55497,11.83021,7.9286829e-06,0,1.174715e-05,0,13.623894,8.0726013,1.3834529,0,0
1959.4167,98.52048,12.388486,8.5323263e-06,0.087222367,0.0678292,0.0089058011,13.473396,8.2813244,1.3778191,0.81000695,0.0013003082
1959.5,90.675987,15.257873,9.0675667e-06,0.95384687,1.5165338,0.69220203,13.24451,8.3168468,1.3664857,46.363029,5.9975063
1959.5833,86.147539,19.799549,8.8297238e-06,0.87413233,1.4660624,0.83602647,14.378123,8.2075214,1.3529559,48.283783,5.5511835
1959.6667,84.196344,24.259174,8.6709233e-06,0.58830048,0.9972919,0.6475839,17.663548,7.9751759,1.3397404,38.309615,6.2086164
1959.75,82.798533,15.54068,7.4870063e-06,0.10814159,0.18523885,0.13414135,22.005934,7.6160531,1.3279818,5.18247,4.5601344
1959.8333,80.397785,0,5.6504978e-06,0.00038845155,0,0,22.733646,7.203733,1.3181515,0,4.5272617
1959.9167,77.857547,0,5.8971186e-06,1.3965914e-21,0,0,22.825752,6.826582,1.309359,0,9.2573916
1960,75.133033,0,6.5631239e-06,6.7648571e-08,0,0,22.721598,6.4801278,1.3013371,0,4.6298293
1960.0833,71.585648,0,6.864067e-06,0,0,0,22.56389,6.1811147,1.2944591,0,4.5367254
1960.1667,67.909308,0,7.1980921e-06,0,0,0,22.752005,5.9076915,1.2881746,0,4.181815
1960.25,65.364219,2.2265788,8.0080845e-06,0,2.8303819e-07,0,22.975098,5.6455474,1.2820858,161.87882,82.919058
1960.3333,36.921009,13.533576,1.8497454e-05,3.0139491e-08,1.1463903e-05,0,26.718616,5.3159094,1.2740288,0,0
1960.4167,6.3802935,14.405863,0.000125017,0.44043603,0.098464641,0.21552896,31.053223,4.8300233,1.2596128,34.306232,0.0074154795
1960.5,6.7557194,22.124976,0.00010109325,1.2534007,0.79969818,1.1688998,26.4797,4.3634739,1.2410125,109.88476,7.889003
1960.5833,8.2474388,32.704163,7.4445328e-05,1.0709691,1.596012,1.4066154,25.499353,3.9354031,1.2273176,79.476279,5.9044974
1960.6667,9.7034527,35.488844,5.9079171e-05,0.63829419,1.0704449,0.84922781,27.178955,3.555239,1.2183821,1.635635,6.9839206
1960.75,10.856079,11.686054,3.9508872e-05,0.079218846,0.10262097,0.094494751,29.149618,3.214256,1.2121083,0.00040990915,5.2585786
1960.8333,10.890297,0,3.5779176e-05,0.0014935276,0,0,28.966274,2.908731,1.2070248,0,4.2832867
1960.9167,10.872214,0,4.0234427e-05,0.0012950694,0,0,29.332573,2.6331027,1.2024461,0,8.7361856
1961,11.208158,0,3.7721136e-05,0.001376965,0,0,29.616447,2.3803885,1.1982484,0,4.3903801
1961.0833,11.176456,0,4.850245e-05,0,0,0,29.891256,2.163039,1.1946374,0,4.3567502
1961.1667,11.141445,0,5.6566449e-05,-1.569035e-06,0,0,29.844633,1.9668131,1.1913742,0,4.278252
1961.25,11.296083,5.5905464,5.7260695e-05,6.7658561e-09,1.0582326e-06,0,29.544861,1.7836906,1.1883007,252.91476,10.474249
1961.3333,11.284648,21.714093,6.6598688e-05,0.052816191,0.0041558235,0.00042787335,27.166283,1.6153722,1.1838063,0.03746816,0
1961.4167,12.112739,30.577747,5.823738e-05,1.2430911,0.26368833,1.3738738,21.877348,1.4599651,1.1752551,204.2883,12.359268
1961.5,16.571024,40.753819,3.6645361e-05,1.2382303,0.48549694,1.9405334,15.73108,1.3239839,1.1675421,2.5205311,83.29536
1961.5833,25.33349,41.996688,2.3364551e-05,1.1107571,0.76655132,1.7572282,9.8983994,1.2182931,1.1622825,0.002025166,100.51972
1961.6667,35.898656,43.210942,1.7571603e-05,0.69959219,0.80791865,1.1426979,4.9272127,1.1514121,1.1584066,2.6726582,149.33348
1961.75,48.042011,19.903889,1.1562092e-05,0.111552,0.12311422,0.13084321,1.6515234,1.1281853,1.1552786,2.8041138,106.46305
1961.8333,49.766526,0,9.0419417e-06,0.00031351404,0,0,1.5044088,1.1274756,1.1525728,0,20.429846
1961.9167,49.725968,0,9.7426528e-06,1.0226828e-22,0,0,1.5048715,1.1274626,1.1501366,0,40.681275
1962,51.294405,0,3.9098891e-06,5.9718968e-06,0,0,1.4814889,1.1274525,1.1478976,0,21.075862
1962.0833,51.199261,0,3.8217704e-06,0.0035671475,0,0,1.4582634,1.1274443,1.1459694,0,21.035568
1962.1667,51.104512,0,3.9201364e-06,0.00090080231,0,0,1.4285495,1.127436,1.1442264,0,21.000206
1962.25,51.060226,9.5884614,4.0692535e-06,0.00028351282,3.8699454e-05,0,1.4189265,1.1276604,1.1426164,435.29529,20.31813
1962.3333,51.765729,37.857231,4.3515238e-06,0.47152599,0.61143387,0.49246508,1.7134048,1.1479505,1.142673,78.80802,16.923366
1962.4167,66.896282,47.298253,3.2645596e-06,1.4723873,2.5204683,2.325376,2.0821948,1.2275982,1.146726,34.87607,422.29144
1962.5,106.27227,48.519962,1.9211989e-06,1.4864696,2.5320215,2.5096471,2.7631097,1.3928963,1.1558632,0.23162671,468.08402
1962.5833,139.47019,49.591552,1.3451837e-06,1.196604,2.063896,2.0935851,3.9577985,1.6826215,1.1717649,0.00013209425,368.06016
1962.6667,157.50243,50.60922,1.0701418e-06,0.70136854,1.21977,1.1849708,6.5224123,2.1299465,1.195501,6.931736e-05,200.09389
1962.75,163.55225,28.171875,9.9035287e-07,0.18805513,0.2874269,0.27800146,10.347448,2.7784464,1.2287443,2.6167439e-05,56.108032
1962.8333,159.84528,0,1.0151191e-06,0.00031694551,0,0,11.103723,3.5079603,1.2656466,0,14.743412
1962.9167,152.16628,0,1.1557441e-06,0,0,0,11.132341,4.1697998,1.2992769,0,29.304125
1963,142.8237,0,1.2452467e-06,0.00060698667,0,0,10.982678,4.7668815,1.3301283,0,14.678289
1963.0833,134.50147,0,1.3290468e-06,0,0,0,10.914613,5.2697511,1.3566824,0,14.353228
1963.1667,125.74464,0,1.4333137e-06,0,0,0,10.796684,5.7120466,1.3807009,0,13.938109
1963.25,136.39018,12.727978,1.3579715e-06,0,4.440087e-09,0,11.219431,6.1129236,1.4037298,329.55131,531.04169
1963.3333,152.78968,27.748726,1.2213319e-06,0.017779683,0.0016428924,0,14.571573,6.5254784,1.4377975,0.0056319561,92.861876
1963.4167,150.53685,28.77441,1.235513e-06,1.0110957,0.79730685,0.87965153,17.847052,6.8876834,1.4966568,19.685003,120.62751
1963.5,154.22899,32.535866,1.1342772e-06,1.386672,2.2718774,1.5358552,21.579624,7.1674314,1.5870707,46.93454,161.59188
1963.5833,165.9326,37.578598,9.8414148e-07,1.0221267,1.8150638,1.3194431,29.160927,7.436821,1.7203494,48.647834,223.16901
1963.6667,183.84585,42.76805,8.5571025e-07,0.79396158,1.4004559,1.1100349,38.453506,7.7289371,1.9046088,44.90578,301.99981
1963.75,192.49693,20.241914,7.9748639e-07,0.14014765,0.22978425,0.19092028,46.982922,8.0773983,2.1552773,3.0711857e-06,15.914924
1963.8333,185.58389,0,8.7410751e-07,3.7052277e-07,0,0,48.796711,8.4370689,2.4246466,0,0.0028144174
1963.9167,173.86384,0,9.9432509e-07,0,0,0,49.06197,8.7561054,2.6690552,0,0.0055031472
1964,161.40105,0,1.0733559e-06,0,0,0,49.050602,9.0325785,2.8933311,0,0.0025200228
1964.0833,150.31387,0,1.1616071e-06,0,0,0,49.442455,9.2462444,3.0864046,0,0.0023103496
1964.1667,139.91295,0,1.2636909e-06,0,0,0,49.794548,9.4061146,3.2610583,0,0.0021253524
1964.25,136.02547,2.8169292,1.3302232e-06,0,-1.0137818e-08,0,49.974907,9.52561,3.4243107,127.64892,292.72822
1964.3333,140.1066,10.747496,1.3087721e-06,0,-3.9444389e-08,0,55.531689,9.543664,3.5529213,0,0
1964.4167,127.24769,10.989035,1.4302859e-06,0.094903835,0.012436937,0.035071238,66.443344,9.401268,3.6318696,1.9917397,0.0038341928
1964.5,119.59348,14.059562,1.4764908e-06,1.1094707,0.29116185,0.69764718,75.080421,9.1219997,3.6697156,61.490647,0.071319218
1964.5833,113.91719,19.173041,1.4514858e-06,0.92675607,0.44079842,0.81495243,83.623405,8.7196817,3.6870089,35.969288,11.883905
1964.6667,93.13067,21.34694,1.6230415e-06,0.59402775,0.36844197,0.57041244,99.630516,8.2263546,3.7149341,17.791927,23.910408
1964.75,62.617779,23.062058,2.146103e-06,0.25530736,0.14916503,0.23815137,123.48859,7.6435685,3.7633865,9.5345807,9.4006598
1964.8333,53.537406,0.78842969,2.4217563e-06,5.652895e-05,1.7206846e-05,3.3816934e-05,134.48643,7.029438,3.8309369,0,0
1964.9167,50.998535,0,4.6211394e-06,0,0,0,137.8474,6.470623,3.8970523,0,9.5919584e-05
1965,47.466621,0,4.7225299e-06,0,0,0,140.71475,5.966538,3.9576652,0,0
1965.0833,44.071969,0,5.9358954e-06,0,0,0,142.48892,5.569881,3.9537148,0,0
1965.1667,40.595211,0,7.1816357e-06,0,0,0,141.87944,5.2583208,3.8361545,0,0
1965.25,39.314713,3.7063425,6.8938571e-06,0,0,0,141.94505,4.9661865,3.7229476,150.38497,78.53835
1965.3333,26.10879,12.218171,1.0860855e-05,0,0,0,159.16162,4.6485534,3.6094189,0,0
1965.4167,1.6366099,12.142044,0.00017042039,0.039336485,0.00041945638,0.008859165,202.86928,4.2426672,3.4828062,0.92342743,0.00028719349
1965.5,0.49702171,16.284058,0.00045286692,0.76166583,0.022688618,0.7693723,187.80173,3.8337245,3.3390386,93.879121,0.040073839
1965.5833,2.007043,23.822069,3.9002934e-05,0.58532655,0.029294403,0.89785968,159.03145,3.4638841,3.1741102,30.591313,12.673616
1965.6667,7.4543157,24.801096,1.0053684e-05,0.38872199,0.02367239,0.64024431,135.68903,3.1679904,3.0008054,9.6033311e-05,55.195917
1965.75,12.152709,11.442688,5.397294e-06,0.046510028,0.0024823421,0.06189354,116.99329,2.9478319,2.8445232,1.1372802e-05,8.6856615
1965.8333,11.889857,0,1.1331275e-05,0.0031217991,0,0,117.92174,2.7725368,2.7073896,0,0
1965.9167,11.290655,0,1.8248238e-05,0,0,0,121.24608,2.6150146,2.5835845,0,3.9060272e-05
1966,10.370887,0,3.1729109e-05,0,0,0,124.42294,2.4704897,2.4698563,0,0
1966.0833,9.5512569,0,4.0464318e-05,0,0,0,127.27046,2.3460791,2.3718278,0,0
1966.1667,8.7973969,0,4.8269729e-05,0,0,0,129.10493,2.2335286,2.2830238,0,0
1966.25,9.8721376,2.798527,4.9197355e-05,0,0,0,101.82251,2.1282496,2.1996083,126.47999,78.577242
1966.3333,15.158733,10.834731,3.3037086e-05,0,-8.9913268e-09,0,25.003147,2.0452926,2.1143143,0,0
1966.4167,16.123865,11.443655,2.7921358e-05,0.020433155,0.0002037429,0.0013376519,45.144527,2.0084271,2.0125153,0.00090904204,0
1966.5,17.608626,16.923171,1.8618926e-05,0.52508213,0.0095291435,0.77481913,54.37812,2.0221603,1.8882804,112.43505,13.253815
1966.5833,27.504653,22.919061,6.1222145e-06,0.50329255,0.012090756,1.0063322,48.135136,2.0967822,1.7415444,0.022452547,178.64863
1966.6667,42.647362,23.813391,3.8283888e-06,0.33596968,0.0099924709,0.67843743,40.675072,2.2473111,1.6096542,3.0288231e-14,148.25553
1966.75,50.520908,17.411243,3.192293e-06,0.080136577,0.0026860698,0.16677928,30.731783,2.4894726,1.5093058,1.4538986e-14,31.010763
1966.8333,49.616121,0,3.4041102e-06,0.00048562497,0,0,5.3693976,2.7839606,1.4318675,0,0
1966.9167,47.830068,0,3.5963089e-06,4.2356329e-06,0,0,5.4578719,3.0562816,1.3631148,0,1.8430377e-05
1967,46.080437,0,3.8373983e-06,0,0,0,5.5337434,3.3061218,1.300022,0,9.2296461e-06
1967.0833,44.338059,0,4.064455e-06,0,0,0,5.5894861,3.5211813,1.2456968,0,9.1705625e-06
1967.1667,41.19749,0,4.4545995e-06,0,0,0,5.6285357,3.7157221,1.1965367,0,8.7391473e-06
1967.25,42.124517,1.372191,5.2817636e-06,0,-2.0481038e-11,0,5.6859565,3.8978021,1.1504728,125.00742,393.18351
1967.3333,66.630788,10.366671,2.9563612e-06,1.8318494e-07,3.0374931e-06,0,10.211939,4.0417438,1.1050161,0,0
1967.4167,63.959606,11.030914,3.0271833e-06,0.31987026,0.0053320988,0.27994623,17.048607,4.1157146,1.0546769,26.04897,0.01926065
1967.5,63.084543,16.360383,3.0304618e-06,0.55752757,0.013028748,0.80640636,21.748861,4.1342001,1.0054301,81.618397,0.0665172
1967.5833,65.978944,21.273604,2.7929216e-06,0.49858475,0.016940843,0.91232522,24.535812,4.1493006,0.97213,5.9712438,54.933348
1967.6667,71.977362,21.951746,2.4967369e-06,0.36551136,0.015695795,0.65451616,25.315041,4.2010818,0.96594113,2.39569e-14,69.241854
1967.75,75.665697,14.504991,2.3036318e-06,0.083442817,0.0037611304,0.15213973,22.795216,4.3046856,0.99204373,1.0928361e-14,13.563691
1967.8333,72.76538,0,2.5179145e-06,1.6190172e-05,0,0,5.3396935,4.4385271,1.0376322,0,0
1967.9167,66.958152,0,3.4389423e-06,0,0,0,5.3850641,4.5621662,1.0803456,0,0.0015692788
1968,61.406463,0,2.3741772e-05,0,0,0,5.4369721,4.6755881,1.1195416,0,8.2068734e-06
1968.0833,56.548063,0,5.9280023e-06,0,0,0,5.4732385,4.7732091,1.1532865,0,7.695838e-06
1968.1667,52.080031,0,7.4703817e-06,0,0,0,5.5026803,4.8615069,1.1838176,0,7.2335404e-06
1968.25,52.544318,1.9920086,7.6060896e-06,0,-4.0096131e-09,0,5.7055793,4.943676,1.2122983,90.796273,218.38879
1968.3333,60.305823,7.3727295,4.2758797e-06,0,-5.6259246e-10,0,9.750308,4.9834294,1.230998,0,0
1968.4167,56.214474,7.4790209,4.1806829e-06,0.18917174,0.0044403733,0.10321426,14.589774,4.9417138,1.23576,8.6023041,0.012696847
1968.5,51.832251,10.526326,4.3597042e-06,0.60055817,0.017858639,0.58731665,17.942177,4.8201928,1.2336445,56.023982,0.056887976
1968.5833,46.087906,15.825588,4.6321379e-06,0.48309042,0.018862356,0.68269082,21.187237,4.6426401,1.2410686,31.441957,5.1024317
1968.6667,48.45731,17.067267,4.3123541e-06,0.33421351,0.015295947,0.43261437,21.752871,4.4922266,1.2717472,2.0358445e-06,19.41669
1968.75,50.323885,13.075549,3.9839197e-06,0.040132888,0.0017935676,0.050559975,21.074842,4.3964944,1.3362038,9.1685337e-15,0.60096095
1968.8333,49.285524,0,4.3827231e-06,0.00050394369,0,0,3.4783995,4.3380623,1.4236498,0,0
1968.9167,47.511294,0,4.6400473e-06,3.9262756e-07,0,0,3.5180316,4.2879882,1.5053952,0,0.0006930336
1969,45.773324,0,3.9747724e-06,3.7399841e-05,0,0,3.5529468,4.242043,1.5802779,0,7.582422e-06
1969.0833,43.440361,0,4.2224792e-06,2.7375557e-05,0,0,3.574955,4.2024894,1.6445904,0,7.3993278e-06
1969.1667,40.022273,0,5.9376516e-06,-8.4873032e-14,0,0,3.5866787,4.1666999,1.7026045,0,4.7729946e-06
1969.25,39.258111,2.1580453,7.7447748e-06,0,-1.8817976e-08,0,3.7365136,4.1328053,1.7565845,97.971407,112.18271
1969.3333,44.410404,8.3381757,4.3261825e-06,0.14147049,0.0026525527,0.071202831,6.9647636,4.0768919,1.7954015,5.9474624,0.0085903439
1969.4167,44.696808,11.785604,4.1176218e-06,0.70915129,0.019109928,0.62939942,10.108406,3.9734368,1.8149608,66.034405,0.042602864
1969.5,44.628967,16.989123,3.9507559e-06,0.68311181,0.026447367,0.85218608,12.628006,3.8503327,1.8365904,18.321666,14.339713
1969.5833,49.631365,17.860003,3.4359323e-06,0.51366301,0.027604748,0.67056297,13.630404,3.7588861,1.8819156,5.2822207e-05,77.162267
1969.6667,59.409086,18.574124,2.835613e-06,0.41393676,0.026431767,0.55553355,13.218168,3.7208812,1.9615055,0.00021238911,112.94008
1969.75,65.578215,19.2676,2.5095235e-06,0.16875205,0.01244421,0.22108938,12.651166,3.745029,2.0871363,1.4071434e-14,32.484635
1969.8333,65.322705,1.3089153,3.0236993e-06,0.0026527472,0.00011679669,0.003280681,12.263036,3.8278565,2.2551939,0,0
1969.9167,60.38544,0,4.5150387e-06,0,0,0,12.305882,3.9170864,2.4196451,0,2.4519833e-05
1970,55.378571,0,1.6330581e-05,0,0,0,12.511157,3.9989529,2.5705268,0,0
1970.0833,50.99706,0,1.0615101e-05,0,0,0,12.726347,4.0694251,2.7004094,0,0
1970.1667,46.967603,0,1.2364852e-05,0,0,0,12.923196,4.1331792,2.8179095,0,0
1970.25,46.212535,1.8348895,1.2840533e-05,0,-2.5239446e-07,0,11.366058,4.1927037,2.9277864,94.888552,156.78569
1970.3333,54.279931,8.1236763,7.0731767e-06,0.039512963,0.0011509932,0.017933095,6.3630443,4.2311382,3.013376,0.74767789,0.002423206
1970.4167,54.930281,10.757662,4.1700541e-06,0.72227052,0.025887894,0.53174692,8.3242798,4.2352514,3.0626378,57.197956,0.04300809
1970.5,57.33588,16.552744,3.8091018e-06,0.68038183,0.033539147,0.83103316,9.8554029,4.2288327,3.0878265,31.443851,45.901154
1970.5833,65.324232,17.612508,3.2728544e-06,0.57875266,0.036626044,0.73206928,10.850564,4.2443862,3.1047347,0.0075714119,103.73081
1970.6667,73.87279,18.268738,2.8282172e-06,0.37452293,0.027957364,0.43879697,11.340246,4.2980385,3.125391,1.3793789e-14,76.128146
1970.75,75.975507,9.0665407,2.662304e-06,0.026890149,0.001768582,0.034216422,11.506115,4.4007754,3.1531322,5.5483083e-16,9.0673936e-05
1970.8333,73.553734,0,2.9009852e-06,0.0017589721,0,0,7.156888,4.5228038,3.1830342,0,0
1970.9167,69.657072,0,3.1971606e-06,0,0,0,5.0647049,4.6339688,3.2101882,0,0
1971,63.915089,0,2.8465763e-06,0,0,0,5.1130457,4.735961,3.2351024,0,0
1971.0833,58.857866,0,4.1128346e-06,0,0,0,5.1489196,4.8237586,3.2565494,0,0
1971.1667,54.207023,0,7.2350695e-06,0,0,0,5.1747112,4.9031858,3.2759509,0,0
1971.25,53.765044,2.0647456,8.0022937e-06,0,0,0,5.2217937,4.977118,3.2938066,93.858492,181.42068
1971.3333,60.645431,7.7632098,4.2007159e-06,0.0010645898,4.6450314e-05,0,5.6824183,5.0132155,3.2882609,0,0
1971.4167,58.535326,8.4319664,3.2426685e-06,0.43519739,0.028880305,0.27206778,6.2039866,4.9765987,3.2329054,23.939545,0.025359238
1971.5,55.17539,13.292104,3.2872683e-06,0.64284552,0.055181726,0.66958678,6.6587634,4.8741236,3.1268821,55.528248,0.080910145
1971.5833,53.403709,15.886405,3.2297205e-06,0.52301234,0.057196043,0.6389325,7.4772563,4.7389193,2.9742675,0.001367798,14.348896
1971.6667,57.067405,16.522475,2.9280557e-06,0.38937711,0.051432143,0.45880449,8.1234522,4.6371641,2.8223579,9.635573e-06,42.078709
1971.75,59.313722,6.0123038,2.6867699e-06,0.062153856,0.0060539178,0.039380382,8.5326281,4.5771432,2.710664,2.293843e-15,3.4945635
1971.8333,57.364356,0,2.6894345e-06,0.0026745961,0,0,8.5558834,4.5360928,2.6264491,0,0
1971.9167,55.29936,0,2.8107709e-06,9.8600568e-05,0,0,8.6455088,4.4992471,2.5387783,0,0
1972,53.276476,0,3.3369713e-06,3.6244237e-25,0,0,4.2288871,4.4654412,2.4515696,0,0
1972.0833,51.419675,0,3.5675926e-06,0,0,0,3.7785046,4.4363394,2.3728027,0,0
1972.1667,49.15506,0,3.7807254e-06,0,0,0,3.8000777,4.4100118,2.3005614,0,0
1972.25,47.719784,2.1856984,4.0152877e-06,0,0,0,3.8274026,4.3850188,2.2342072,98.919441,105.79724
1972.3333,52.822843,8.5113915,3.6247602e-06,0.0067177739,9.5727638e-05,0,4.1321177,4.3391404,2.2109666,0,0
1972.4167,51.527515,9.7156521,3.6244207e-06,0.4591558,0.036736658,0.28144528,4.466198,4.2433596,2.204253,27.094509,0.024831109
1972.5,44.294156,15.729317,3.9417637e-06,0.74960014,0.080178721,0.83019779,4.9414473,4.0991559,2.1919508,65.408005,0.14337455
1972.5833,43.296397,18.431213,3.8373651e-06,0.62778196,0.088379537,0.82035076,5.6921988,3.9344628,2.1801381,1.8531812e-14,34.587357
1972.6667,50.01533,19.140357,3.2413295e-06,0.39645363,0.069868807,0.50117679,6.2086616,3.8103962,2.1695111,2.5126271e-14,82.517379
1972.75,54.568511,19.837083,2.8409363e-06,0.1168092,0.023256474,0.10792914,6.6942716,3.7342758,2.1685936,1.6261691e-13,10.606281
1972.8333,54.874077,4.7282879,2.7037138e-06,0.0026681594,0.00056507131,0,7.047965,3.7033515,2.1684744,0,0
1972.9167,52.958302,0,2.7841968e-06,1.186506e-05,0,0,7.1254368,3.6882079,2.1683812,0,0
1973,51.021047,0,2.1509717e-05,0,0,0,7.2315173,3.674371,2.1682968,0,0
1973.0833,49.242854,0,3.9580877e-06,0,0,0,7.3032393,3.6624599,2.1682246,0,0
1973.1667,47.527649,0,4.6040927e-06,0,0,0,4.1585522,3.651684,2.1681592,0,0
1973.25,48.905652,2.8026216,4.7622448e-06,0,1.7120668e-07,0,3.2603018,3.6413507,2.1680324,126.3775,136.1389
1973.3333,57.403799,11.031102,4.0332002e-06,0,2.2924703e-06,0,3.5196466,3.615644,2.1675212,0,0
1973.4167,58.236547,11.97719,3.9384322e-06,0.28255855,0.022027162,0.1491257,3.7844598,3.5556073,2.1674445,14.386448,0.01035844
1973.5,54.782551,18.343076,4.0309005e-06,0.88506574,0.090139077,0.9038136,3.9632447,3.4608328,2.1674466,107.62586,0.046476537
1973.5833,52.580848,23.692288,4.0079299e-06,0.64787497,0.087924353,0.91203131,4.4790039,3.3469484,2.1674662,1.3361652e-14,23.045148
1973.6667,58.379658,24.4257,3.5206992e-06,0.51057355,0.084566607,0.7011737,4.9420872,3.2608399,2.1674747,1.3027338e-14,95.58987
1973.75,63.335508,15.325404,3.1481272e-06,0.076772227,0.01344985,0.088029763,5.354353,3.2127337,2.1674695,3.3555526e-15,12.471129
1973.8333,61.573997,0,3.155739e-06,0.00043381077,0,0,5.4584198,3.1883149,2.1674423,0,0
1973.9167,59.357457,0,3.299635e-06,0,0,0,5.5506754,3.1674449,2.1674163,0,0
1974,57.186119,0,3.4681359e-06,0,0,0,5.649219,3.1482971,2.1673925,0,0
1974.0833,55.193059,0,3.6296119e-06,0,0,0,5.6936035,3.1318135,2.167372,0,0
1974.1667,53.270601,0,3.8010205e-06,0,0,0,5.7247458,3.1169012,2.1673534,0,0
1974.25,53.439133,2.5923853,4.163423e-06,0,1.8481242e-07,0,3.9592724,3.1028354,2.1673133,156.44363,123.45622
1974.3333,61.393801,13.497432,3.7760854e-06,0,2.1378262e-06,0,2.971699,3.0775247,2.1670489,0,0
1974.4167,61.613057,14.617753,3.7268885e-06,0.32801426,0.024145714,0.21719488,3.2429426,3.0233471,2.1669931,23.756254,0.0098666259
1974.5,57.034843,23.419375,3.9302113e-06,0.92949433,0.089085494,1.1553782,3.5264068,2.941469,2.1669939,127.53464,0.50564075
1974.5833,57.481393,28.803574,3.7233444e-06,0.81314332,0.10421484,1.2885993,4.0337157,2.8522332,2.167006,1.488052e-14,68.798609
1974.6667,70.21866,29.588724,3.0064798e-06,0.5863969,0.092640583,0.93948877,4.3707438,2.7951589,2.1670122,1.4992647e-14,194.37062
1974.75,78.845613,12.635741,2.6009084e-06,0.1224775,0.019804234,0.15944054,4.7007995,2.7777555,2.1670134,5.5548865e-15,31.543201
1974.8333,76.517068,0,2.6179716e-06,2.5389297e-05,0,0,4.7628598,2.7787631,2.1670096,0,0
1974.9167,73.058717,0,2.8029001e-06,4.7566824e-12,0,0,4.8269768,2.780091,2.167006,0,0
1975,67.234114,0,3.0909039e-06,0,0,0,4.9346132,2.7813096,2.1670027,0,0
1975.0833,61.914079,0,3.3736221e-06,0,0,0,5.0280056,2.7823586,2.1670001,0,0
1975.1667,57.021558,0,3.6985837e-06,0,0,0,5.0965528,2.7833076,2.1669974,0,0
1975.25,54.174524,2.9294754,3.9713664e-06,0,0,0,5.0810409,2.7840788,2.1669714,151.9482,90.874049
1975.3333,57.418324,12.836242,3.7748471e-06,7.554387e-08,3.1365009e-06,0,4.638485,2.774828,2.1665282,0,0
1975.4167,57.581365,14.394342,3.8209505e-06,0.45964543,0.053844139,0.33684181,3.7948098,2.7461369,2.165416,41.146543,0.017730063
1975.5,58.319025,23.660133,3.759525e-06,0.94704952,0.22700063,1.2657375,2.8741279,2.7060049,2.164341,101.39373,21.404943
1975.5833,66.79143,27.41118,3.2941555e-06,0.82733421,0.2697535,1.2485446,2.6987741,2.6795635,2.163662,2.0553077e-14,184.79777
1975.6667,82.74354,28.228074,2.6137268e-06,0.47244992,0.17403249,0.68204077,3.2274129,2.6886046,2.1624591,2.3985206e-14,150.58426
1975.75,87.725185,28.067654,2.3563307e-06,0.10415886,0.033057969,0.14896646,3.8399105,2.7433274,2.1613395,8.9765539e-15,12.096836
1975.8333,85.428715,0,2.3967632e-06,1.259152e-06,0,0,4.1259255,2.8384082,2.1602197,0,0
1975.9167,79.184018,0,4.3463156e-06,0,0,0,4.1632481,2.9327409,2.1589458,0,1.1149249e-06
1976,72.617814,0,4.2928091e-06,0,0,0,4.2257776,3.0192914,2.1577549,0,0
1976.0833,66.871785,0,5.2919972e-06,0,0,0,4.251246,3.0937972,2.1567297,0,0
1976.1667,61.587498,0,6.4062533e-06,0,0,0,4.2501426,3.1612017,2.1558015,0,0
1976.25,60.28872,3.1398481,6.4724536e-06,0,-2.2022043e-12,0,4.2472906,3.2241137,2.1548889,142.46517,166.77955
1976.3333,66.991583,11.958242,3.0838787e-06,0,-8.7408299e-05,0,4.0013709,3.2673664,2.1533282,0,0
1976.4167,65.723822,13.954967,2.6753189e-06,0.65094306,0.27471281,0.49766404,3.6829388,3.280148,2.1512387,55.598793,0.029112062
1976.5,66.84,22.484971,2.4874928e-06,0.87308684,0.43757452,1.1313908,3.5432124,3.2758896,2.1496344,75.10074,37.894562
1976.5833,74.957609,25.01999,2.2029801e-06,0.7083021,0.39155153,1.0597535,3.8204706,3.2844918,2.1318071,4.302632e-14,139.94316
1976.6667,87.584801,25.75708,1.8761219e-06,0.50679908,0.29920238,0.75628008,4.172946,3.3255875,2.0692084,1.5981726e-14,146.86874
1976.75,93.936063,23.873573,1.7114327e-06,0.16360922,0.095848065,0.20502388,4.6350479,3.4128814,2.0038702,1.0011237e-14,23.389704
1976.8333,91.04424,0,1.6837785e-06,8.2774488e-07,0,0,4.8337431,3.5393145,1.9464452,0,7.4976484e-14
1976.9167,84.408984,0,1.8130473e-06,0,0,0,4.8845782,3.6609209,1.8929468,0,3.9573215e-06
1977,77.409506,0,2.0000002e-06,0,0,0,4.9711127,3.7724943,1.8438262,0,7.0987424e-14
1977.0833,71.284316,0,2.1815833e-06,0,0,0,5.0290856,3.8685415,1.80154,0,6.7586282e-14
1977.1667,65.65135,0,2.3841737e-06,0,0,0,5.0736189,3.9554336,1.7632817,0,6.4350718e-14
1977.25,63.713327,2.1240392,2.5356983e-06,0,0,0,5.088819,4.0366621,1.7276719,128.61939,205.3248
1977.3333,73.620833,10.785772,2.2749152e-06,0.0037090162,0.0012045283,0,4.7755027,4.0922089,1.7104822,0,8.4978994e-14
1977.4167,73.00438,11.93156,2.307429e-06,0.4864947,0.35053751,0.33553641,4.3111434,4.09935,1.7056299,31.167799,0.021188286
1977.5,73.478311,19.022204,2.1992257e-06,0.84971426,0.67658173,1.0378238,3.9292371,4.0663466,1.7017859,87.851638,6.5312532
1977.5833,76.88237,22.821706,2.058156e-06,0.72222671,0.60251335,1.0640022,4.0981045,4.0296535,1.6893877,1.4791531e-14,72.391897
1977.6667,84.889449,23.490826,1.8529101e-06,0.49205253,0.43694396,0.69272002,4.382843,4.0272942,1.6053774,1.3935208e-14,98.647944
1977.75,89.156032,13.937109,1.7171214e-06,0.11416578,0.10160614,0.15420007,4.7105312,4.0694766,1.4979995,5.0049849e-15,18.439133
1977.8333,84.999137,0,1.7192804e-06,1.5567371e-05,0,0,4.7679758,4.1358018,1.4011661,0,2.3105234e-14
1977.9167,78.086942,0,1.9039634e-06,0,0,0,4.8242106,4.1972203,1.3091941,0,2.1269494e-06
1978,71.611702,0,2.0714069e-06,0,0,0,4.8983951,4.2535725,1.2248352,0,2.6948071e-06
1978.0833,65.945283,0,2.2482445e-06,-6.3270062e-08,0,0,4.9478254,4.3020821,1.1522157,0,2.0083948e-06
1978.1667,60.734212,0,2.5570562e-06,0,0,0,4.9902,4.3459682,1.0865179,0,1.9623817e-14
1978.25,64.42827,5.7999212,2.7509845e-06,0,-1.3853124e-07,0,4.9278946,4.38449,1.0301104,116.32299,166.84332
1978.3333,67.75634,9.9506453,2.3443624e-06,0.0080199653,0.0026010524,0,4.5945139,4.3882031,1.0118088,0,0
1978.4167,68.156458,11.299622,2.3468508e-06,0.45570505,0.46078465,0.32483713,4.1418829,4.3472843,1.0039402,28.898243,0.02750878
1978.5,67.365073,17.54522,2.2357922e-06,0.76410811,0.87916654,0.94329163,3.770174,4.2654042,0.99955255,78.314652,1.1814989
1978.5833,68.303078,21.027286,2.1510316e-06,0.65156449,0.77434781,0.95678013,3.9010601,4.1762829,0.99911463,1.1662627e-14,45.455154
1978.6667,75.162545,21.683745,1.94939e-06,0.45047267,0.55417363,0.65688286,4.1497545,4.1266479,0.99912453,1.1341936e-14,94.951672
1978.75,79.141892,10.721458,1.8002507e-06,0.075398356,0.082621369,0.090523624,4.4160118,4.1240678,0.99913025,3.1590597e-15,9.4477151
1978.8333,76.643825,0,1.8122612e-06,0.0035593783,0,0,4.464942,4.1446061,0.99912947,0,0
1978.9167,73.884815,0,1.8974093e-06,0,0,0,4.5238123,4.1639509,0.99912834,0,8.1025592e-08
1979,71.182065,0,2.0133228e-05,0,0,0,4.5875945,4.1816998,0.99912733,0,0
1979.0833,68.701215,0,2.6651121e-06,0,0,0,4.6242161,4.1969786,0.99912643,0,0
1979.1667,66.308253,0,2.8028712e-06,0,0,0,4.6560555,4.2108011,0.99912566,0,0
1979.25,66.712901,2.2900966,2.8501804e-06,0,2.456558e-09,0,4.6579027,4.2235947,0.99911684,138.22127,165.81616
1979.3333,77.27205,11.914193,2.5235204e-06,1.6164053e-08,1.605673e-05,0,4.3171268,4.2160826,0.99905682,0,0
1979.4167,77.299356,12.849409,2.5969375e-06,0.29068515,0.33186102,0.19318476,3.8434212,4.1609674,0.99901593,15.864927,0.01556863
1979.5,70.136473,18.664008,2.8294528e-06,0.80017388,1.2146741,0.97755941,3.3102045,4.0582113,0.99900275,104.73792,0.041454795
1979.5833,65.380707,25.261214,2.8863903e-06,0.58904638,0.92965709,1.0292673,3.2763453,3.9255521,0.99900275,12.312603,15.943557
1979.6667,69.113903,25.980735,2.6845707e-06,0.45177423,0.72286279,0.69030421,3.472064,3.8211524,0.99900275,1.1630781e-14,56.412997
1979.75,73.7876,23.174645,2.4971305e-06,0.20107551,0.320452,0.31784505,3.7035773,3.7603419,0.99900275,8.3134413e-15,37.799711
1979.8333,72.96937,0,2.4441147e-06,0.012579399,0,0,3.7951405,3.7350602,0.99900275,0,0
1979.9167,70.34263,0,2.5026363e-06,0,0,0,3.8111336,3.7165568,0.99900275,0,0
1980,67.769453,0,2.601822e-06,0,0,0,3.8679645,3.69958,0.99900275,0,0
1980.0833,65.407544,0,2.7236383e-06,0,0,0,3.9023335,3.6849656,0.99900275,0,0
1980.1667,63.129306,0,2.8365291e-06,0,0,0,3.9334996,3.6717441,0.99900275,0,0
1980.25,62.805101,1.8365198,2.9094383e-06,0,0,0,3.9501724,3.6593187,0.9990027,166.74556,175.2159
1980.3333,74.728988,14.242665,2.4903836e-06,0,1.6962631e-05,0,3.7234015,3.6347537,0.9989779,0,0
1980.4167,74.994586,15.128798,2.5010031e-06,0.21875603,0.27085992,0.12853874,3.3867505,3.5743668,0.99890941,11.213479,0.0078792371
1980.5,69.732614,21.694036,2.6191651e-06,0.91022987,1.6077675,1.1494321,3.0178125,3.4770284,0.99889064,129.66486,0.038181741
1980.5833,66.311538,30.155338,2.6441955e-06,0.78184739,1.4102163,1.3151874,3.0434384,3.360281,0.99889064,19.870784,30.558615
1980.6667,72.03348,30.933835,2.4294357e-06,0.47284194,0.86987917,0.77398813,3.22191,3.2757344,0.99971539,1.2527208e-14,84.609647
1980.75,75.074069,31.851422,2.288903e-06,0.14676786,0.26846914,0.15781324,3.4201362,3.2359812,1.0164279,9.1696424e-19,14.728217
1980.8333,73.364861,4.3254527,2.2786662e-06,0.00091263482,0.0018705204,0,3.5539899,3.2396016,1.0218993,0,0
1980.9167,70.733614,0,2.3592454e-06,0,0,0,3.5814078,3.2540402,1.0256139,0,0.41631238
1981,68.181254,0,2.4519743e-06,0,0,0,3.6211364,3.2672336,1.029021,0,0
1981.0833,65.806419,0,2.5648151e-06,0,0,0,3.6439559,3.2785296,1.0319539,0,0
1981.1667,63.515648,0,2.682006e-06,0,0,0,3.6618884,3.2886801,1.0346074,0,0
1981.25,66.31241,4.4553811,2.6477048e-06,0,0,0,3.6521668,3.2978666,1.0369799,201.05326,230.75286
1981.3333,78.365982,17.481092,2.3082493e-06,0,9.8480985e-06,0,3.3986297,3.2898409,1.0331048,0,0
1981.4167,76.395825,19.568978,2.3926837e-06,0.52857478,0.98247943,0.47618038,3.0580025,3.2458708,1.0202892,49.177772,0.13044227
1981.5,74.5757,28.906804,2.3922373e-06,1.0038211,2.107157,1.3960883,2.7798228,3.1683238,1.0078505,138.85119,4.0894542
1981.5833,74.020922,36.821019,2.3472896e-06,0.8723325,1.8341745,1.5050023,2.8193111,3.0836902,1.0021878,6.9973009,45.644222
1981.6667,79.338707,37.701774,2.1892997e-06,0.54879229,1.1607279,0.92876155,2.9957232,3.0366895,1.0002395,7.3499082e-07,94.157102
1981.75,81.210159,38.560472,2.1116994e-06,0.10899511,0.21211919,0.17350985,3.2500653,3.0429471,1.0008461,5.4578825e-07,13.852259
1981.8333,79.219393,0,2.1197668e-06,1.0823736e-05,7.0938423e-08,0,3.3935316,3.0999577,1.003216,0,3.3521456
1981.9167,76.65401,0,2.2450495e-06,2.5817848e-24,0,0,3.4217491,3.1619565,1.0057018,0,6.7748618
1982,74.41958,0,2.3281777e-06,0,0,0,3.4477315,3.2185955,1.0079824,0,3.382024
1982.0833,72.103165,0,2.4210374e-06,0,0,0,3.4659328,3.2670829,1.0099456,0,3.3780396
1982.1667,69.868445,0,2.515864e-06,0,0,0,3.4792662,3.3106489,1.0117218,0,3.3740612
1982.25,73.945999,6.0619651,2.4455521e-06,0,2.2983834e-06,0,3.4855607,3.3508666,1.0134249,274.63772,290.175
1982.3333,89.138627,23.404721,2.0776592e-06,0,3.4428765e-05,0,3.3222792,3.3702018,1.0176941,0,0
1982.4167,86.571768,24.541652,2.1442106e-06,0.24181667,0.54927195,0.19519263,3.0683987,3.3519232,1.0274743,27.3541,2.9558976
1982.5,87.041713,32.973561,2.1413964e-06,1.2540772,2.9263412,1.744636,2.811723,3.2984257,1.0435941,126.81945,48.60465
1982.5833,88.764712,42.533182,2.0160107e-06,0.97805499,2.2590854,1.7724746,2.8611593,3.2421405,1.0709916,45.509912,74.813886
1982.6667,95.270894,43.974191,1.8425851e-06,0.5843108,1.3762006,1.0778569,3.0618336,3.2263343,1.1109464,4.4872861e-16,113.80141
1982.75,99.894576,18.705802,1.7358751e-06,0.15277499,0.30194817,0.20014524,3.293855,3.2663217,1.165737,1.3647343e-16,42.947458
1982.8333,97.714193,0,1.7238392e-06,0.0003460837,0,0,3.3087232,3.3302968,1.2241201,0,10.201219
1982.9167,95.08881,0,1.782137e-06,0,0,0,3.3283737,3.3885529,1.2770329,0,20.905068
1983,93.367279,0,1.8313867e-06,0,0,0,3.3373783,3.4416802,1.3255802,0,10.550572
1983.0833,90.977006,0,1.9074619e-06,0,0,0,3.3472354,3.487041,1.3673718,0,10.538162
1983.1667,88.670269,0,1.9832689e-06,0,0,0,3.3544872,3.5276959,1.40518,0,10.525703
1983.25,90.308145,3.8146034,1.9955601e-06,0,3.2812678e-06,0,3.3649855,3.5652523,1.4406136,277.63897,300.04519
1983.3333,105.62729,23.109986,1.7232607e-06,0,6.1054552e-05,0,3.2626724,3.5803497,1.4788356,0,0
1983.4167,99.502102,25.439503,1.8003517e-06,0.84139924,1.9212416,0.72884066,3.0797257,3.5446019,1.5330769,111.63671,0.015164482
1983.5,102.03935,39.720088,1.6490869e-06,1.4841366,3.3573743,2.069215,3.0686653,3.4710357,1.6077889,139.74868,168.323
1983.5833,115.31224,45.849737,1.3949953e-06,0.97438189,2.2221981,1.6087419,3.5175393,3.4198375,1.715569,9.2157695e-16,184.2849
1983.6667,127.50721,46.765029,1.2229185e-06,0.65331205,1.4841348,0.96282675,4.3156853,3.4331846,1.8620964,7.2123849e-16,131.58001
1983.75,129.34843,32.179091,1.1731588e-06,0.16771961,0.37746808,0.16706417,5.3587503,3.5332432,2.0563555,2.8172817e-16,13.597347
1983.8333,125.58843,0,1.1985667e-06,8.6758016e-05,0,0,5.6353674,3.6893945,2.2730567,0,0
1983.9167,121.12599,0,1.2652757e-06,0.00012997676,0,0,5.6909041,3.8354692,2.4717894,0,0
1984,116.75221,0,1.3247486e-06,0,0,0,5.7286487,3.9692185,2.6541264,0,0
1984.0833,112.73539,0,1.4128381e-06,0,0,0,5.7563176,4.0840001,2.8110895,0,0
1984.1667,108.85866,0,1.4789035e-06,0,0,0,5.7756824,4.1873569,2.9530916,0,0
1984.25,115.9416,5.5069583,1.4302925e-06,0,1.6229809e-08,0,5.7576418,4.2833328,3.0857823,250.55246,506.16637
1984.3333,139.6631,20.751325,1.2137696e-06,0,5.0726974e-05,0,5.3960676,4.3409719,3.1856816,0,0
1984.4167,131.83843,22.054518,1.2730513e-06,0.97936622,1.7228969,0.64816957,4.9407854,4.3283453,3.2319937,62.571516,0.024440107
1984.5,125.73245,33.238683,1.2227139e-06,1.5785561,3.4028201,1.5695008,4.7242718,4.2594242,3.2310691,149.86566,0.16220869
1984.5833,123.30819,42.457871,1.1425017e-06,1.1470051,2.5249997,1.4429797,5.3818259,4.2011576,3.2055249,57.854511,25.028386
1984.6667,126.68818,45.217395,1.013457e-06,0.84518645,1.8572768,1.1104435,7.1909113,4.2087326,3.1937995,1.2406479e-15,83.056466
1984.75,129.63159,37.029956,9.6273868e-07,0.25308242,0.5276449,0.29771849,10.686899,4.3117299,3.2055488,5.4382987e-16,20.493752
1984.8333,126.16988,0,9.7090413e-07,0.0030611567,0,0,12.112329,4.4911218,3.2349017,0,0
1984.9167,121.70043,0,1.0376533e-06,4.1282125e-05,0,0,12.269232,4.6625762,3.2636254,0,0
1985,117.32069,0,1.1060002e-06,0,0,0,12.422158,4.8182616,3.2899792,0,0
1985.0833,113.30026,0,1.1615024e-06,0,0,0,12.538998,4.9504142,3.3126659,0,0
1985.1667,109.42375,0,1.2256687e-06,0,0,0,12.608958,5.0672545,3.33319,0,0
1985.25,110.42613,2.8881452,1.249712e-06,0,1.6313362e-06,0,12.515346,5.1730256,3.3523297,210.06965,359.13541
1985.3333,128.99917,17.606983,1.1084295e-06,0,4.5222927e-05,0,10.632667,5.2331662,3.3541701,0,0
1985.4167,121.06017,18.133692,1.1773327e-06,0.26093633,0.093180132,0.11367934,8.0382156,5.1978354,3.3123629,9.655204,0.0082250421
1985.5,103.52574,23.979507,1.4263321e-06,1.778732,1.3054927,1.2336263,4.7072105,5.0624781,3.2221241,131.63047,0.045433676
1985.5833,87.012216,34.425676,1.6511572e-06,1.3236133,2.3880291,1.2476203,3.7976449,4.8405442,3.0888922,54.563951,6.5887547
1985.6667,83.091907,36.668286,1.6514483e-06,0.81177415,1.7866579,0.79341796,4.9517169,4.6019177,2.964112,16.760577,33.320483
1985.75,83.810337,24.458414,1.5880836e-06,0.20686876,0.44417884,0.18642803,6.9720001,4.4072685,2.871609,3.3812986,10.368755
1985.8333,80.748729,0,1.6244483e-06,0.0015023303,0,0,7.5083442,4.2484083,2.8010523,0,0
1985.9167,76.989345,0,1.7126798e-06,0,0,0,7.6505127,4.1057105,2.7382629,0,0
1986,73.134698,0,1.8096421e-06,0,0,0,7.8043499,3.973912,2.6806538,0,0
1986.0833,69.527462,0,1.90486e-06,0,0,0,7.9419594,3.8592019,2.6310616,0,0
1986.1667,66.062801,0,2.0101829e-06,0,0,0,8.0582895,3.7537997,2.5861962,0,0
1986.25,64.583376,2.9476432,2.0753607e-06,0,2.4881436e-06,0,8.119524,3.6531966,2.544126,214.32697,140.5144
1986.3333,70.144452,18.023787,1.9107965e-06,0,7.0592299e-05,0,7.0578327,3.5334458,2.4956284,0,0
1986.4167,55.658579,19.096062,2.3052319e-06,0.67455591,0.27917198,0.31243722,5.3271608,3.3505487,2.4229918,35.208064,0.013869357
1986.5,42.425465,30.066535,2.8613142e-06,1.8032424,2.1761948,1.4425594,3.2551188,3.1208007,2.326273,164.98511,0.84432412
1986.5833,42.350627,38.591277,2.8484894e-06,1.2842959,2.8359363,1.3314228,3.5364234,2.9037476,2.2237747,42.198496,39.833975
1986.6667,48.587404,41.902371,2.2236736e-06,0.72989988,1.6382945,0.78561994,5.0961561,2.7437086,2.1505408,8.6147045,72.463713
1986.75,51.567018,23.362536,1.8651474e-06,0.1104716,0.22922387,0.075757512,7.6690593,2.6519248,2.1119478,6.2847956e-16,7.1331811
1986.8333,50.064489,0,1.8825876e-06,0.01199505,0,0,8.3189735,2.6011431,2.0931988,0,0
1986.9167,48.29466,0,2.024886e-06,0.00057281596,0,0,8.5215178,2.5567091,2.0770445,0,0
1987,46.559628,0,7.6480901e-06,0,0,0,8.6904716,2.515744,2.062223,0,0
1987.0833,44.965778,0,8.0640357e-06,0,0,0,8.8259487,2.4802644,2.0494642,0,0
1987.1667,43.427158,0,8.2700972e-06,0,0,0,8.9392004,2.4479535,2.0379214,0,0
1987.25,46.721499,5.8769113,8.2366851e-06,0,4.2212371e-06,0,9.0306931,2.4174247,2.0269263,266.54289,217.78538
1987.3333,59.386183,22.563424,7.9587007e-06,0.0022180637,6.4719374e-05,0,9.032814,2.3888841,2.004519,0,0
1987.4167,58.149111,25.252759,7.9648989e-06,1.0273238,0.77206675,0.73920037,7.9541569,2.3686724,1.9567986,90.109002,0.018941396
1987.5,51.089194,41.225471,1.0183204e-05,1.5514656,2.9555491,1.9271255,7.9538512,2.3678823,1.8868676,165.35484,14.165082
1987.5833,55.353008,46.636164,9.541277e-06,1.2523469,3.1388086,1.7607072,10.727285,2.4258795,1.8125937,0.10806066,154.1112
1987.6667,70.458397,47.544237,7.5640405e-06,0.73997781,1.8605784,0.9818758,15.560859,2.5857499,1.7626393,0.17562806,182.32699
1987.75,82.287744,48.217699,6.5773561e-06,0.36850927,0.92674763,0.44532646,22.452236,2.8791788,1.7407252,0.22603272,122.41441
1987.8333,84.185787,0,5.1345387e-06,0.0054297702,1.0877566e-06,0,27.041615,3.2926276,1.7427936,0,14.835448
1987.9167,81.584588,0,5.1565562e-06,0.00025650049,0,0,27.661089,3.6931715,1.7490114,0,0.93741658
1988,78.51892,0,5.3361759e-06,0.00055418747,0,0,28.250225,4.0566845,1.7547154,0,0.92926874
1988.0833,75.805724,0,5.5642072e-06,9.5556878e-05,0,0,28.772989,4.3655181,1.7596248,0,0.92599118
1988.1667,73.186003,0,5.7460743e-06,0,0,0,29.23653,4.6403675,1.7640656,0,0.3277488
1988.25,77.58601,5.5211782,5.6869594e-06,0,1.5813591e-05,0,29.500927,4.8918934,1.7680248,250.35889,325.25663
1988.3333,91.838263,21.215631,5.5703513e-06,0.029575343,0.0037995108,0,29.364319,5.1187515,1.7579489,0,0
1988.4167,77.181391,26.548373,6.6906077e-06,1.3933658,0.60841194,1.084729,29.089529,5.2650638,1.7178867,157.2613,0.41380984
1988.5,63.773751,41.685723,7.8356688e-06,1.7882958,1.6536565,2.1500392,28.226772,5.310411,1.6530802,83.739368,37.502487
1988.5833,64.83008,43.356415,7.4814975e-06,1.2156467,2.2458856,1.5370883,28.671942,5.2911215,1.5893173,8.5092098,63.810184
1988.6667,67.11065,44.14871,6.5906502e-06,0.76241679,1.8791457,0.94638864,32.248127,5.2363362,1.5438751,5.7892204,53.643997
1988.75,68.542562,15.777174,5.7485095e-06,0.10369301,0.25587749,0.11103531,37.393669,5.1511941,1.5123516,1.0883142,34.648499
1988.8333,67.442209,0,5.6586214e-06,5.3317647e-05,0,0,38.512192,5.054256,1.4875593,0,21.15895
1988.9167,66.139549,0,5.8511928e-06,3.9266978e-08,0,0,39.007843,4.9537687,1.4652622,0,41.767421
1989,66.463217,0,5.8422761e-06,0.00052371838,0,0,39.064972,4.8447719,1.4448427,0,21.791405
1989.0833,65.191284,0,5.9899926e-06,0,0,0,38.508259,4.7347031,1.4273061,0,21.709545
1989.1667,63.963085,0,6.1131959e-06,0,0,0,38.789955,4.6195183,1.4114805,0,21.641139
1989.25,63.015029,6.8271286,6.6230118e-06,0,2.9609834e-06,0,38.879665,4.496572,1.396618,309.52518,36.54945
1989.3333,59.985623,26.279509,8.3040723e-06,0,6.5708737e-05,0,37.698612,4.3433833,1.377754,0,0
1989.4167,54.048479,28.226415,9.1581642e-06,0.46984998,0.090966732,0.34655719,36.044567,4.1287661,1.3471886,87.958607,0.0059921958
1989.5,45.165297,44.0857,1.0674185e-05,1.2936246,0.44902906,1.8585951,31.713762,3.8591616,1.3035748,127.10138,36.892614
1989.5833,42.645469,47.453362,1.1106287e-05,1.1836172,0.71220073,1.8334195,25.976784,3.5668108,1.255549,5.9527824,30.060503
1989.6667,44.280585,48.67119,1.062919e-05,0.84016206,0.77993154,1.2782865,20.91815,3.3043587,1.2158287,12.019838,27.941169
1989.75,45.271281,41.516449,9.9330682e-06,0.28013071,0.29936641,0.4148696,16.974716,3.0675459,1.1824474,6.5515641,24.661568
1989.8333,45.399174,0,6.4530518e-06,6.875651e-06,0,0,15.784745,2.8533599,1.1533729,0,18.565659
1989.9167,45.333441,0,6.5108638e-06,1.197591e-05,0,0,15.887813,2.6600213,1.1273407,0,36.43347
1990,46.690423,0,2.5592317e-06,0,0,0,15.815001,2.4826469,1.1036199,0,19.06888
1990.0833,46.602231,0,2.5265481e-06,0,0,0,15.778705,2.3299832,1.0833577,0,19.003118
1990.1667,46.513304,0,2.6329676e-06,0,0,0,15.690564,2.1918709,1.0652076,0,18.997555
1990.25,46.424653,2.9872481,2.7276869e-06,0,2.4770088e-07,0,15.585299,2.0625415,1.0483794,544.50949,18.851205
1990.3333,47.00416,45.228146,2.7472117e-06,0,5.1109122e-05,0,11.796346,1.9468142,1.0337667,1.240705,22.656252
1990.4167,48.926819,49.124077,2.8573513e-06,1.0080606,0.33191228,1.5220613,4.8272738,1.8463873,1.0218824,78.176109,57.635493
1990.5,53.420331,53.38183,3.0804149e-06,1.5633182,1.3474825,2.7166421,3.3312418,1.7620893,1.0145526,11.860458,66.628089
1990.5833,58.444858,54.059215,2.5228878e-06,1.2090715,2.4079084,2.1013226,4.0350032,1.6941389,1.0136315,3.7874371e-06,88.739739
1990.6667,65.594815,54.404154,2.149271e-06,0.72404388,1.5845611,1.2211364,4.0846395,1.6489302,1.0198175,3.0463018e-06,123.48296
1990.75,74.672833,42.351291,1.8769277e-06,0.19942413,0.42196174,0.31343166,4.4584489,1.6289351,1.0344454,1.4334636e-06,123.05864
1990.8333,77.644803,0,1.8257801e-06,0.0089035835,0,0,4.6064401,1.6278069,1.0548553,0,31.228013
1990.9167,77.456333,0,1.873908e-06,0,0,0,4.4874077,1.6284575,1.0740997,0,60.541948
1991,79.61759,0,1.8853341e-06,0,0,0,4.2921557,1.62875,1.0918107,0,31.970176
1991.0833,79.414174,0,1.938273e-06,0,0,0,4.1091294,1.6285676,1.1071185,0,31.91241
1991.1667,79.220407,0,1.9904787e-06,0,0,0,3.9537618,1.6280013,1.1210173,0,31.906349
1991.25,79.874001,16.329281,1.9962145e-06,0,7.6065982e-06,0,3.9197829,1.6273713,1.1342071,660.56024,85.786792
1991.3333,90.80717,54.749336,1.747074e-06,0.0014039015,9.0708491e-05,0,5.3623953,1.6411475,1.1545564,0,204.26953
1991.4167,106.93022,55.394523,1.5358174e-06,0.90878549,1.6313159,1.4206193,7.4324379,1.6953228,1.194329,9.7424346,345.82718
1991.5,144.31551,57.158589,1.0449704e-06,1.5890856,3.5813792,2.9487921,11.028651,1.8052381,1.2587969,9.4208057,540.12167
1991.5833,189.29309,57.68026,7.2354243e-07,1.2248131,2.7791777,2.3020259,17.45826,1.9980682,1.3585359,1.4255437e-06,621.03854
1991.6667,224.49337,58.081664,5.9810282e-07,0.81895995,1.8755642,1.5500301,25.684217,2.3016498,1.4996183,1.2506786e-06,385.78783
1991.75,238.97886,35.788722,5.6314406e-07,0.17932905,0.40324059,0.26249982,34.071087,2.7533758,1.6935408,4.8017818e-07,163.54
1991.8333,235.72488,0,5.7173276e-07,0.0016076665,0,0,35.95602,3.2760913,1.9116157,0,18.253704
1991.9167,227.66533,0,5.9552843e-07,1.0124172e-05,0,0,36.414722,3.7536759,2.1110547,0,0
1992,219.33192,0,2.0410339e-06,0.0003145593,0,0,36.834164,4.1900153,2.2939813,0,0
1992.0833,211.71916,0,2.0275804e-06,4.1823477e-07,0,0,37.245087,4.5635571,2.4514003,0,0
1992.1667,204.38662,0,1.9877161e-06,1.0035389e-08,0,0,37.607586,4.8989854,2.5937617,0,0
1992.25,208.1801,5.8087111,2.032257e-06,0,9.6436802e-06,0,37.086761,5.2092247,2.7267752,302.26039,593.93203
1992.3333,230.72025,24.938207,2.4717804e-06,0.049708632,0.0091442274,0.00068912775,35.052338,5.4316916,2.8254006,0,0
1992.4167,206.69699,29.853946,2.6657699e-06,1.7766524,1.0119879,1.4637923,35.628242,5.489994,2.8635473,144.54864,0.038772562
1992.5,158.70917,44.433959,3.2442392e-06,1.8690552,1.5245906,2.314368,38.779469,5.3871393,2.8498418,144.62978,2.471657
1992.5833,112.39179,52.779518,4.295789e-06,1.3090773,1.1113576,1.9547169,44.831306,5.1247625,2.8063111,52.225045,73.472423
1992.6667,84.315725,54.204527,5.6073463e-06,0.72036679,0.62314614,1.0313003,52.141045,4.730957,2.7711902,1.5049356e-06,54.803422
1992.75,83.607614,40.492881,5.4184138e-06,0.11105152,0.091157753,0.14635123,57.144428,4.3234615,2.7474766,4.530001e-07,6.9623778
1992.8333,81.034012,0,4.5287957e-06,0.0012559926,0,0,58.676636,3.9570179,2.7293143,0,0
1992.9167,78.118704,0,4.766373e-06,9.8487616e-12,0,0,59.103619,3.6281648,2.7132022,0,0
1993,75.291038,0,1.6924436e-06,0.0028213584,0,0,59.49939,3.3286572,2.6985669,0,0
1993.0833,72.721615,0,1.721095e-06,4.3584024e-10,0,0,59.457043,3.073164,2.6860955,0,0
1993.1667,70.254311,0,1.8007273e-06,0,0,0,57.436432,2.8446565,2.6749244,0,0
1993.25,70.397943,12.045329,1.8371763e-06,0,9.5830109e-06,0,56.957054,2.631449,2.6636839,335.5548,113.87956
1993.3333,69.459893,28.452063,1.8714691e-06,0.00012671423,5.2038238e-05,0,55.633419,2.4190438,2.6306849,0,0
1993.4167,51.60423,32.092843,2.3255639e-06,1.1378397,0.3246685,0.97137221,57.466564,2.2081337,2.5538373,136.77591,0.018631966
1993.5,30.339528,53.666562,3.2571718e-06,1.864058,0.64390029,2.845936,57.728329,2.0021892,2.4269817,189.99677,21.813939
1993.5833,19.675655,58.255129,4.3660457e-06,1.3642085,0.53489393,2.2391973,57.062424,1.8191458,2.2536676,5.464612,102.85073
1993.6667,18.381491,58.875807,4.6280898e-06,0.8749011,0.38189901,1.4017686,55.002575,1.6802644,2.0593181,8.6482126e-07,112.39383
1993.75,28.915806,53.615827,3.2776363e-06,0.36995222,0.16958484,0.59978365,50.697071,1.5874513,1.8746502,6.0729516e-07,153.83668
1993.8333,34.60468,0,2.8144184e-06,0.046298886,0,0,48.366901,1.5364724,1.7082623,0,13.852396
1993.9167,34.511793,0,2.880023e-06,0,0,0,48.51366,1.4952658,1.5580062,0,26.58628
1994,35.440266,0,2.8936531e-06,0,0,0,48.406593,1.4565117,1.4199638,0,14.11309
1994.0833,35.321813,0,2.9755822e-06,0,0,0,48.701836,1.4221982,1.3009751,0,14.057228
1994.1667,35.206079,0,3.0577676e-06,0,0,0,48.910065,1.3901659,1.1931771,0,14.010606
1994.25,35.228234,10.137226,3.139007e-06,0,6.2040564e-06,0,48.914448,1.3592579,1.0921074,527.05077,20.644165
1994.3333,36.605138,43.998614,3.122391e-06,6.7686475e-08,9.3859551e-05,0,47.380054,1.3440601,1.0037211,0,22.53354
1994.4167,38.271584,46.977635,3.078505e-06,0.90434693,0.29520154,1.0130008,44.499535,1.3731344,0.93167019,117.14492,31.328693
1994.5,50.228752,61.788525,2.3163077e-06,1.6892211,0.6917248,3.0841922,36.112892,1.4598054,0.8768782,88.487344,328.57661
1994.5833,80.062121,63.442416,1.4617266e-06,0.98982838,0.46595618,2.0068927,31.49736,1.6299622,0.8410036,4.0595865e-07,324.13963
1994.6667,102.8901,64.103663,1.2386521e-06,0.86867061,0.52262205,1.5826465,28.947676,1.9035848,0.82740015,3.6480076e-07,299.96144
1994.75,117.63828,31.250544,1.0861768e-06,0.16422108,0.11531537,0.30066851,26.158205,2.3041041,0.83792323,1.2082257e-07,104.0914
1994.8333,116.20759,0,1.1010403e-06,0.0028857796,0,0,25.911793,2.7463238,0.85960907,0,14.818884
1994.9167,113.2975,0,1.1593653e-06,0,0,0,25.956556,3.1441748,0.87954998,0,28.894232
1995,111.57771,0,3.5200596e-06,0,0,0,25.623791,3.5039303,0.89778185,0,15.037145
1995.0833,108.91723,0,3.6950023e-06,0,0,0,25.656912,3.8087568,0.91342497,0,14.901131
1995.1667,106.3394,0,3.8133749e-06,0,0,0,25.528399,4.0796185,0.92752737,0,14.754507
1995.25,112.03964,7.4999169,3.9555684e-06,0,2.127077e-06,0,24.670801,4.3275728,0.94072074,546.64096,634.74559
1995.3333,151.79582,45.21047,4.0658938e-06,0,4.2632226e-05,0,20.393116,4.5151372,0.96252322,0,85.07927
1995.4167,143.51308,45.718044,4.224416e-06,0.57606374,0.42927336,0.61427631,19.511103,4.5902958,1.014626,27.68212,100.43687
1995.5,156.48441,51.733844,3.6903396e-06,1.698401,1.8093639,2.5292914,15.506667,4.5452757,1.1019073,91.9779,420.61807
1995.5833,157.68796,60.24785,3.4914904e-06,1.3809673,1.5688562,2.3443033,12.623529,4.3863001,1.2350897,73.20984,311.76494
1995.6667,148.8284,63.101895,3.6185456e-06,0.9666118,1.1522205,1.7287918,10.904664,4.1326909,1.4174021,2.2002922e-07,213.1151
1995.75,152.62702,39.028261,3.0414783e-06,0.26853792,0.3203832,0.43670127,9.2984209,3.8651714,1.6544517,8.549734e-08,44.30871
1995.8333,147.98622,0,2.3136522e-06,0.025418726,0,0,8.9978256,3.6333261,1.9115764,0,0
1995.9167,142.75953,0,2.4987428e-06,1.1021426e-11,0,0,8.9908199,3.4269454,2.1463876,0,1.5266166e-05
1996,137.65891,0,2.5726783e-06,1.7715317e-09,0,0,8.8976908,3.2431552,2.362077,0,0
1996.0833,132.972,0,2.8218744e-06,3.3518059e-11,0,0,8.8301802,3.0901618,2.5479777,0,0
1996.1667,128.44613,0,3.0292797e-06,0,0,0,8.788662,2.9553878,2.7163343,0,0
1996.25,129.80354,6.3305316,3.2732632e-06,0,2.5771325e-07,0,8.6259279,2.8318236,2.873939,383.67778,354.8584
1996.3333,149.5598,32.242987,3.8879284e-06,0.019031156,0.0082996602,0,7.7934136,2.7079449,2.990798,0,0
1996.4167,130.91193,38.949739,4.1349304e-06,1.327796,1.5704182,1.6382549,8.2878189,2.5555599,3.0279446,188.30951,0.036352918
1996.5,94.733767,61.687652,5.2837058e-06,1.5688969,2.2033134,3.1308621,13.526457,2.3747895,2.9862518,186.03455,15.110707
1996.5833,70.880942,65.707102,6.7164156e-06,1.1278173,1.8875052,2.4080633,24.106571,2.1996272,2.8706019,0.67438307,125.66024
1996.6667,52.245487,65.317966,8.7636063e-06,0.70123816,1.2595543,1.4257313,37.224358,2.0664535,2.6913729,13.62008,146.47795
1996.75,56.213081,25.166133,6.8457111e-06,0.16056649,0.27374903,0.30755786,45.590221,1.9758337,2.4858525,0.004341141,86.746408
1996.8333,57.193637,0,5.5463674e-06,0.014524453,0,0,47.081055,1.9077768,2.2996445,0,23.320444
1996.9167,57.091143,0,5.6987847e-06,4.7372253e-20,0,0,47.878262,1.8462547,2.1316252,0,44.978948
1997,58.722842,0,2.0965431e-06,0,0,0,48.110458,1.7893473,1.9774717,0,23.444173
1997.0833,57.8168,0,2.0481991e-06,0,0,0,48.7159,1.7398561,1.8447727,0,3.5121819
1997.1667,55.868283,0,2.1565029e-06,0,0,0,49.032162,1.6944534,1.7247177,0,0
1997.25,54.483425,8.8612409,2.2516142e-06,0,1.3733818e-05,0,48.98735,1.6512729,1.6122222,402.25142,26.087079
1997.3333,52.495476,33.945583,2.3183982e-06,0.19134626,0.090526569,0.057621511,48.183506,1.6181653,1.5062932,10.991382,0.0014528086
1997.4167,48.191492,54.887637,2.4208005e-06,1.5620403,1.2288433,2.8309971,45.42297,1.6001186,1.3996881,388.17786,59.704188
1997.5,65.599367,67.543335,1.6833327e-06,1.465735,1.2218059,3.4992167,37.243717,1.5964345,1.3007519,0.00060279828,310.70545
1997.5833,86.103246,67.316994,1.2359501e-06,1.0458128,0.89707119,2.6419141,33.952595,1.6279563,1.2192352,2.8807486e-05,269.8825
1997.6667,110.57782,67.105658,9.9631291e-07,0.72142962,0.63492099,1.8072036,33.555401,1.7115082,1.1551691,1.332053e-06,393.94128
1997.75,137.62346,38.87213,8.552106e-07,0.20700232,0.18068337,0.44858456,34.212292,1.8722124,1.106101,6.5155412e-07,215.67629
1997.8333,136.91729,0,8.7027087e-07,0.0063973884,0,0,34.928921,2.075937,1.0668728,0,9.9362917
1997.9167,132.85422,0,9.131586e-07,0,0,0,35.289978,2.2611175,1.0317364,0,19.585875
1998,129.64,0,9.5213358e-07,0,0,0,35.447544,2.428618,0.99949342,0,10.125953
1998.0833,125.94935,0,1.0099332e-06,0,0,0,35.737457,2.5704489,0.97173369,0,10.045598
1998.1667,122.38249,0,1.0871827e-06,0,0,0,35.929668,2.6961706,0.94662762,0,9.9594188
1998.25,120.89451,6.8283142,1.1409522e-06,0,2.7256955e-07,0,35.841087,2.8110783,0.92315179,621.89384,202.44369
1998.3333,134.43372,51.862549,1.0692556e-06,0,1.5312987e-05,0,36.293079,2.9301662,0.90650111,0,81.37673
1998.4167,137.91645,53.167272,1.0651173e-06,0.35301471,0.11075346,0.57070244,38.792458,3.0913758,0.90708977,18.509824,103.4638
1998.5,142.96336,61.399736,1.020638e-06,1.4670496,0.62737175,3.3118183,37.669746,3.2464068,0.92846388,167.30819,136.02327
1998.5833,154.29804,70.199043,9.1259813e-07,0.85886818,0.40946148,2.346892,34.388962,3.407058,0.97496498,14.804126,277.0345
1998.6667,174.49488,70.150599,8.1875834e-07,0.74261485,0.37175888,1.9011904,31.459801,3.5998702,1.0490912,1.5324162e-06,346.1117
1998.75,193.92996,56.502596,7.523393e-07,0.22703695,0.11130185,0.50264664,29.439571,3.8563056,1.1576583,6.6757941e-07,264.40332
1998.8333,196.90563,0,7.5045045e-07,0.037604312,0,0,28.858547,4.1618576,1.2901009,0,36.736271
1998.9167,192.99002,0,7.7780254e-07,0.0003503126,0,0,28.564154,4.444037,1.4137528,0,67.444415
1999,191.47052,0,7.9915969e-07,0,0,0,28.108271,4.6994109,1.5271918,0,33.81813
1999.0833,187.56948,0,8.3442387e-07,0,0,0,27.338755,4.9156704,1.6248325,0,33.539876
1999.1667,183.78375,0,8.6507384e-07,0,0,0,27.04793,5.1075034,1.713154,0,33.292785
1999.25,190.77829,7.8403046,8.6826708e-07,0,3.0131736e-06,0,24.226826,5.2833018,1.7960531,356.87828,541.46927
1999.3333,209.54236,29.522279,8.3574758e-07,0,3.1217394e-05,0,15.240008,5.4030766,1.8876318,0,0
1999.4167,194.14914,30.273052,9.0158539e-07,0.55603297,0.23519611,0.46353454,13.842321,5.4238367,2.0159142,64.762986,0.0092542468
1999.5,185.05427,47.700845,8.5901098e-07,1.5011695,1.466907,2.294621,12.207058,5.3444533,2.1846194,211.13984,126.89168
1999.5833,196.6316,57.137184,7.0524237e-07,1.2060106,1.4446993,2.3201075,12.667112,5.1955729,2.4073071,89.212464,268.90889
1999.6667,211.73707,65.053366,6.2331338e-07,0.77619928,0.94798327,1.6659933,14.156826,5.0567694,2.6879427,50.013754,174.83313
1999.75,214.00771,36.61406,6.1434116e-07,0.15505407,0.19472157,0.31581319,15.917122,4.9709282,3.0387506,1.4620776e-16,24.081869
1999.8333,207.2029,0,6.4445959e-07,2.911308e-05,0,0,16.554594,4.9189773,3.4101741,0,0
1999.9167,197.50939,0,7.3558056e-07,0,0,0,16.828285,4.875361,3.7479563,0,0.00024442534
2000,185.9654,0,2.2407714e-06,0,0,0,16.954447,4.8416243,4.0578713,0,0
2000.0833,174.32208,0,2.5126947e-06,0,0,0,17.101366,4.8226438,4.3246579,0,0
2000.1667,166.85031,0,2.5770794e-06,0,0,0,17.21711,4.8164253,4.5660162,0,0
2000.25,177.19863,6.3166507,2.4912681e-06,0,-1.1180091e-08,0,16.663275,4.8142099,4.7914205,288.38306,758.15267
2000.3333,209.40617,23.276588,2.2408578e-06,7.6637217e-05,8.8394632e-05,0,14.183124,4.7692347,4.9500394,0,0
2000.4167,174.1809,23.914361,2.5608381e-06,0.8816772,0.14979347,0.68334118,13.145621,4.611722,4.9803953,63.387701,0.025245128
2000.5,95.885552,34.658413,4.0495456e-06,1.2382981,0.62351176,1.7605758,13.421605,4.3207521,4.8726168,181.75602,0.045787037
2000.5833,35.752017,50.25455,9.3585149e-06,0.94228604,1.1404756,1.9583673,14.513735,3.9210033,4.6263504,124.1775,0.11252051
2000.6667,5.4118629,53.814199,5.1894767e-05,0.62592519,0.93217113,1.3665019,17.218296,3.5456576,4.2573581,5.1853312e-12,10.473964
2000.75,1.8705965,47.373995,0.00015641635,0.10039837,0.14461687,0.20252623,18.872749,3.2263358,3.8493814,2.4535617e-12,4.8790171
2000.8333,1.8939204,0,0.00010126209,0.0014164105,0,0,19.987173,2.954509,3.4781995,0,6.0256221e-12
2000.9167,1.8261742,0,0.00010642811,7.473098e-25,0,0,20.687141,2.7111769,3.1432827,0,4.8393385e-06
2001,1.7597923,0,3.9544921e-05,0,0,0,21.31321,2.4877162,2.8359971,0,5.4449424e-06
2001.0833,1.698844,0,4.0600102e-05,0,0,0,21.759487,2.2951198,2.5714731,0,5.4314341e-06
2001.1667,1.6400381,0,4.4003005e-05,0,0,0,22.033974,2.1205919,2.3321624,0,5.4161556e-06
2001.25,2.9265021,7.4945493,2.7426833e-05,0,1.1834382e-07,0,21.911098,1.9567493,2.1080387,340.05939,61.588974
2001.3333,6.4685992,28.766992,1.3735599e-05,0,7.4434051e-06,0,18.587675,1.8028754,1.9053863,0,9.9141313e-11
2001.4167,5.8793961,29.802877,1.5307498e-05,0.012113175,0.00049773974,0,13.080841,1.6519027,1.7221105,0,1.2047674e-10
2001.5,2.8887368,40.208176,3.8688086e-05,0.89683591,0.21126676,1.6835605,5.5529971,1.5040317,1.5566342,268.87959,0.024560023
2001.5833,5.9715486,59.09862,2.8477882e-05,0.85647754,0.44220869,2.2989895,4.1605806,1.373005,1.4085501,58.366194,104.84995
2001.6667,22.827506,60.617175,5.8609999e-06,0.61497893,0.71890454,1.6812614,3.7069366,1.2893885,1.2952156,1.9306564e-12,238.23662
2001.75,39.151475,35.639204,3.5535359e-06,0.12505041,0.20430166,0.32887205,3.5213776,1.2721285,1.2157232,9.6039408e-13,100.35601
2001.8333,40.385015,0,3.5390738e-06,3.310489e-07,0,0,3.4485071,1.2967594,1.1574179,0,7.1772162
2001.9167,38.783818,0,7.8316307e-06,0,0,0,3.0327315,1.3207854,1.1055437,0,13.855174
2002,37.09168,0,4.8196148e-06,0,0,0,2.3713667,1.341382,1.0579493,0,6.9066645
2002.0833,35.056848,0,4.9284795e-06,0,0,0,2.0013199,1.3564316,1.0169781,0,6.4039408
2002.1667,33.576194,0,5.0262161e-06,0,0,0,1.8371121,1.3657475,0.9799121,0,5.974994
2002.25,35.262302,5.6295288,5.1165248e-06,0,8.4997719e-07,0,1.6508824,1.372847,0.94523793,340.65468,150.59873
2002.3333,44.369325,28.915344,4.5269867e-06,0.0051596485,0.0015552167,0,1.8396246,1.3978182,0.92029095,0,0
2002.4167,43.966204,36.443733,4.6430514e-06,0.7226698,1.2588172,1.2754263,2.3675008,1.4880918,0.9189111,251.23769,5.929952
2002.5,61.109174,57.956662,2.926821e-06,1.0622349,2.0743742,3.0077406,2.9052444,1.6704166,0.94862098,85.262418,525.95806
2002.5833,113.63875,60.250979,1.479279e-06,0.81569557,1.5854327,2.3257484,3.6964152,1.9864892,1.0242648,1.3718364e-12,568.73258
2002.6667,148.25378,61.197639,1.100498e-06,0.55012256,1.0704761,1.5928671,4.8626738,2.4710789,1.1575874,1.0730985e-12,372.69732
2002.75,163.13085,62.107753,9.4011705e-07,0.21126594,0.40184824,0.53598708,6.4213467,3.1802504,1.362908,8.4763842e-13,88.073685
2002.8333,160.15321,25.090914,9.0680317e-07,0.025095913,0.043125414,0.041556684,8.4911375,4.1443481,1.6453191,1.9984087e-13,0.00076073295
2002.9167,154.57557,0,9.5002434e-07,0.0022234516,0,0,8.8058167,5.1623082,1.9439965,0,1.3595877e-06
2003,149.00023,0,9.9901524e-07,6.9915197e-05,0,0,8.8544703,6.0947695,2.2188892,0,3.6512796e-06
2003.0833,143.87967,0,1.0471593e-06,2.9839224e-06,0,0,8.8905439,6.8923802,2.4555278,0,3.6384332e-06
2003.1667,138.93762,0,1.1184378e-06,0,0,0,8.8941145,7.60885,2.6696115,0,3.604135e-06
2003.25,143.17493,1.9523529,1.1571342e-06,0,1.8070446e-07,0,8.9812946,8.2746964,2.8700643,236.90215,1122.4647
2003.3333,214.70077,19.811371,7.8804021e-07,0.0056627744,0.00020188435,0,11.25461,8.9690781,3.0366428,0,0
2003.4167,198.87458,21.913802,8.3890785e-07,0.87789237,1.1053451,0.80492715,13.596327,9.9167709,3.1457388,70.637978,0.023939038
2003.5,185.37062,32.077983,8.4199263e-07,1.1089538,2.3338976,1.5574309,16.760788,11.064567,3.2128232,123.6292,12.163033
2003.5833,179.7473,38.551237,8.0887207e-07,0.94123572,1.9574455,1.5251527,22.788649,12.421261,3.2785785,33.996404,80.940173
2003.6667,179.7609,41.358899,7.7199036e-07,0.62653127,1.3115552,1.0334975,30.62911,13.988619,3.3679833,24.334794,76.898283
2003.75,179.1447,43.117847,7.5647563e-07,0.26324041,0.53427607,0.45776138,40.172474,15.832252,3.4959812,6.7165651,26.79304
2003.8333,174.63654,20.366214,7.6118488e-07,0.040405778,0.086164755,0.067085512,49.43541,17.951916,3.6728971,1.7775235e-13,0.00011516069
2003.9167,166.78302,0,7.9858825e-07,0,0,0,50.967716,20.060747,3.8650374,0,0.00030086941
2004,157.98084,0,8.4628118e-07,0,0,0,51.431736,21.937717,4.0422926,0,0.00014609815
2004.0833,149.45106,0,8.9737125e-07,0,0,0,52.104927,23.437803,4.1948805,0,0.00014522009
2004.1667,140.92384,0,9.8271005e-07,0,0,0,52.831402,24.64959,4.3329239,0,0.00014487287
2004.25,138.39637,1.9978036,1.041957e-06,0,1.0677625e-06,0,52.80238,25.619707,4.462049,145.31075,456.61163
2004.3333,157.25671,12.1198,9.3235303e-07,0,1.4776044e-05,0,55.67527,26.222717,4.5499797,0,0
2004.4167,143.69521,13.43963,1.013025e-06,0.95164601,0.13733347,0.51426583,62.505035,26.328455,4.5486164,44.468918,0.028640123
2004.5,129.60608,20.151803,1.044829e-06,1.418585,0.3863599,1.130143,61.926281,26.007648,4.4684243,82.574862,0.56854329
2004.5833,120.42339,24.136048,1.085196e-06,1.1161453,0.44803054,1.0819213,61.813435,25.350649,4.3619537,24.540048,21.361381
2004.6667,118.51343,26.212778,1.0415029e-06,0.68330596,0.32427602,0.65630916,61.325314,24.46689,4.2975731,15.965231,34.602658
2004.75,117.1249,27.129784,9.9708473e-07,0.25711152,0.12407161,0.22055115,61.373489,23.407982,4.2844577,2.9099761,11.082993
2004.8333,113.02281,1.8230118,1.0152514e-06,0.0048700822,1.5159603e-06,0,61.599262,22.236403,4.3180242,0,0
2004.9167,106.84042,0,1.0820884e-06,0,0,0,62.743382,21.115864,4.3590193,0,0
2005,100.61327,0,3.1021159e-06,0,0,0,64.116676,20.063026,4.3966312,0,0
2005.0833,94.783172,0,3.2944902e-06,0,0,0,65.372803,19.13241,4.429009,0,0
2005.1667,89.138694,0,3.5121259e-06,0,0,0,51.186398,18.259132,4.4582953,0,0
2005.25,91.149822,1.3743625,3.9554438e-06,0,7.0348329e-07,0,7.3157969,17.31296,4.4850802,62.096746,283.16185
2005.3333,100.0825,5.0542145,3.722809e-06,0.0033671025,5.4134546e-06,0,7.657445,16.353907,4.3870649,0,0
2005.4167,91.133446,4.9458067,3.9905003e-06,0.68652284,0.016743822,0.11539458,8.402092,15.327877,4.17484,8.9679291,5.7693672e-07
2005.5,58.072824,6.5385718,5.2757305e-06,1.368139,0.042069073,0.3803282,10.784547,14.18276,3.9402561,33.319626,2.4750873e-06
2005.5833,3.2878444,10.272685,6.8373702e-05,1.1113459,0.04072384,0.48550926,25.426203,12.883022,3.6747246,54.729274,4.0348598e-06
2005.6667,0.50957029,14.45167,0.00053532876,0.61101837,0.025321654,0.38392425,27.766859,11.637683,3.3850517,43.932895,1.9915503e-06
2005.75,0.49817859,15.907804,0.00052069046,0.14306729,0.0060515251,0.083852371,27.080393,10.512723,3.0728707,9.0756741,2.5394857e-07
2005.8333,0.48350811,0,0.00083002448,0.00015316257,0,0,14.336976,9.4963961,2.777204,0,0
2005.9167,0.46610285,0,0.0015518023,2.3580834e-05,0,0,2.5412917,8.5792017,2.5105247,0,0
2006,0.44905252,0,0.0016256697,3.1788284e-23,0,0,2.619736,7.7376776,2.2658465,0,0
2006.0833,0.43340211,0,0.0018289792,5.8896733e-05,0,0,2.6325183,7.0132599,2.055218,0,0
2006.1667,0.41830607,0,0.0019653942,0,0,0,2.5667357,6.3578901,1.8646654,0,0
2006.25,0.41993338,2.8698163,0.0019937688,0,1.7585288e-06,0,2.672241,5.7441492,1.6861967,149.32696,0.39189471
2006.3333,0.47277592,12.355571,0.0014526497,0.00094854467,2.528092e-05,0,12.095875,5.1897421,1.5245804,0,0
2006.4167,0.45323436,12.910172,0.0015174804,0.41215746,0.0084327627,0.21020266,22.817015,4.6885738,1.3783072,24.335326,0.015312328
2006.5,0.44065891,20.051908,0.0011053619,1.0704673,0.030657585,1.0144126,22.304802,4.2361465,1.2462337,108.45063,0.044271879
2006.5833,1.2160015,24.921,0.00037555295,0.91723442,0.035335727,1.0468631,21.326311,3.8226995,1.1250256,1.2068996e-14,14.303939
2006.6667,8.345169,25.603268,4.2612763e-05,0.59548076,0.027328319,0.70919403,17.050505,3.477742,1.0173556,1.2009205e-14,101.73457
2006.75,18.511482,26.295232,1.7626644e-05,0.22679762,0.012094632,0.27439876,12.772758,3.2045135,0.92014068,9.4156358e-15,68.365496
2006.8333,21.660736,7.1307397,1.228623e-05,0.0036795216,0.00018749951,0,10.756803,2.9971898,0.83234394,0,1.6288838e-14
2006.9167,20.949436,0,1.2163471e-05,2.4030534e-25,0,0,2.123354,2.824333,0.75326735,0,1.4475713e-06
2007,20.183094,0,7.9075289e-06,0,0,0,1.53091,2.6658363,0.68072248,0,2.257047e-06
2007.0833,19.479671,0,8.446621e-06,0,0,0,1.507357,2.5293963,0.61827302,0,2.2517802e-06
2007.1667,18.801164,0,8.9292889e-06,0,0,0,1.4618851,2.4059608,0.56177586,0,2.2383983e-06
2007.25,19.885864,3.6966624,9.0810518e-06,0,5.1969277e-07,0,1.4769894,2.2902763,0.50885361,166.91408,76.759489
2007.3333,25.305634,14.47606,7.2315934e-06,0.0046211197,6.4600776e-05,0,3.4302499,2.1809614,0.46082664,0,5.4615943e-13
2007.4167,26.448172,17.494218,6.8643208e-06,0.69350467,0.024775141,0.53541357,5.55406,2.0764587,0.41731575,93.019388,0.016681849
2007.5,31.824678,29.309327,5.3299123e-06,1.2092208,0.056988599,1.6611613,6.185215,1.9874589,0.37893954,70.704732,150.2326
2007.5833,50.19768,30.895721,3.0630827e-06,1.0380593,0.064193075,1.5321173,6.1124277,1.9337646,0.34878063,5.4149213e-14,210.29765
2007.6667,69.124483,31.761635,2.168862e-06,0.70397128,0.05222894,1.0484132,6.2124958,1.9319062,0.32588506,4.6667157e-14,279.85904
2007.75,94.083302,31.533595,1.6201636e-06,0.16098823,0.013074464,0.21790187,6.3472366,1.9969506,0.30782232,3.3125307e-14,240.35901
2007.8333,97.504064,0,1.5185724e-06,0.0012630617,0,0,6.6578197,2.1271276,0.29321361,0,1.8538076e-05
2007.9167,93.994133,0,1.6058837e-06,0.001483284,0,0,6.7684331,2.2583921,0.28031829,0,3.8235621e-05
2008,90.555772,0,4.2038578e-06,0.0001255033,0,0,3.3962054,2.3788273,0.26848689,0,1.8908353e-05
2008.0833,87.399714,0,4.4202388e-06,0,0,0,3.3031621,2.4825025,0.25830191,0,1.8864891e-05
2008.1667,84.355451,0,4.5651605e-06,0,0,0,3.3136256,2.5762959,0.24908772,0,1.8821526e-05
2008.25,85.262328,4.5273025,4.6388736e-06,0,2.5730062e-06,0,3.3130491,2.6638198,0.24047783,204.92651,176.36794
2008.3333,94.419695,17.542951,4.4733274e-06,0.0059150101,3.6823095e-05,0,3.4180326,2.7224216,0.23407218,0,0
2008.4167,91.348752,19.075049,4.4410372e-06,0.51557081,0.022124316,0.41770778,3.6858609,2.733079,0.23128958,43.33279,0.015216207
2008.5,80.170475,30.733181,4.6955161e-06,1.0541482,0.063918547,1.5101826,4.009429,2.7018368,0.23433432,155.22583,0.11645723
2008.5833,73.126331,37.139244,5.5746532e-06,0.98742707,0.11437372,1.6243462,4.0045419,2.6431425,0.24153444,1.100325e-18,54.076818
2008.6667,81.459567,38.357265,4.991954e-06,0.61447921,0.10304029,1.0301139,3.7918971,2.5970118,0.24225889,5.8194334e-19,148.26904
2008.75,84.678538,13.894796,4.4465214e-06,0.087461235,0.017653266,0.12579309,3.6934803,2.5748796,0.24262232,1.6662793e-19,18.985099
2008.8333,81.842154,0,4.4126305e-06,0.00014790266,0,0,3.5551527,2.5625353,0.24278815,0,0.34148185
2008.9167,78.923889,0,4.7263134e-06,7.0496188e-08,0,0,3.4346995,2.5514452,0.24293508,0,0.32883335
2009,76.036103,0,4.9141058e-06,6.8687492e-07,0,0,3.3067431,2.5411501,0.24306989,0,0.32451946
2009.0833,73.412605,0,5.5307273e-06,2.9657411e-07,0,0,3.2042863,2.5321407,0.24318592,0,0.32202314
2009.1667,70.881844,0,5.8224791e-06,0,0,0,3.1412218,2.5238576,0.24329089,0,0.31971894
2009.25,70.787959,5.6169559,6.0211546e-06,0,3.8702535e-07,0,3.0492504,2.5156944,0.24336976,253.63041,111.35174
2009.3333,73.057532,21.958981,6.2173217e-06,0,7.5612828e-06,0,2.4334822,2.4889934,0.24220581,0,0
2009.4167,55.023663,26.403338,8.1154958e-06,0.99461541,0.3498408,0.99123884,1.5731013,2.4166825,0.23869149,118.51943,0.25437857
2009.5,33.449586,41.589834,1.2463931e-05,1.3923052,0.62106123,2.4306462,1.0624596,2.2945931,0.23500817,108.57614,1.7344906
2009.5833,23.867782,45.272216,1.7065737e-05,1.0278401,0.51851976,1.9423785,1.0832949,2.1358936,0.23332639,19.265132,54.501199
2009.6667,25.746072,46.985365,1.5572447e-05,0.7140677,0.39412573,1.3597116,1.2317179,1.9903957,0.23070236,2.4480876,22.341156
2009.75,26.326954,32.512829,1.376026e-05,0.25167141,0.14415976,0.45761872,1.3711127,1.8612863,0.22763976,6.665887,16.079526
2009.8333,26.518196,0,1.0342913e-05,7.0220943e-05,0,0,1.4351435,1.7446865,0.22643083,0,10.898976
2009.9167,26.487658,0,1.0535763e-05,0.00021396725,0,0,1.4511441,1.6394086,0.22564897,0,21.246902
2010,27.2799,0,5.6149706e-06,1.3552658e-07,0,0,1.426212,1.5427566,0.22493161,0,11.181709
2010.0833,27.21953,0,5.6843437e-06,0.00051620898,0,0,1.3982109,1.4594854,0.22431408,0,11.150438
2010.1667,27.158808,0,5.8932806e-06,3.4628647e-10,0,0,1.3579762,1.3840729,0.2237554,0,11.120482
2010.25,27.122727,6.6607604,6.1097471e-06,8.4460749e-07,3.5658673e-06,0,1.3069251,1.3133709,0.22323786,606.52167,15.388422
2010.3333,29.165735,50.657451,5.8804426e-06,0.1741256,0.11052896,0.13027213,1.241709,1.2511481,0.22456327,6.9149375e-05,49.823695
2010.4167,33.230346,51.855586,5.099424e-06,1.4281435,1.0120626,2.6645664,1.2618065,1.2006195,0.23151666,0.00018628662,68.893148
2010.5,39.127074,53.019702,3.9631955e-06,1.379832,1.0289045,2.7565428,1.3823167,1.1639353,0.24582694,3.3017686e-19,96.378375
2010.5833,47.626819,54.169711,3.152531e-06,1.1452264,0.89342849,2.4005122,1.5269657,1.143579,0.269871,3.1579222e-19,134.19051
2010.6667,59.136715,55.269495,2.5329953e-06,0.77251874,0.63102325,1.5987356,1.7030421,1.1439199,0.3051939,3.1558821e-19,179.80443
2010.75,72.944567,32.582276,2.032102e-06,0.18798638,0.14397721,0.32081912,1.9105189,1.1687305,0.35440248,1.5156999e-19,149.16372
2010.8333,75.887099,0,1.8861045e-06,0.016445895,0,0,1.977694,1.2067184,0.40937585,0,31.160033
2010.9167,75.809471,0,1.9675115e-06,1.4368365e-05,0,0,1.9808958,1.2417786,0.4595615,0,60.477413
2011,78.061447,0,2.0038742e-06,0,0,0,1.9582494,1.2737974,0.50560677,0,31.996414
2011.0833,77.900127,0,2.104209e-06,0,0,0,1.9353584,1.3011922,0.5452444,0,31.918568
2011.1667,77.738419,0,2.1686219e-06,0,0,0,1.906394,1.3257933,0.58110392,0,31.844357
2011.25,78.364275,15.41824,2.2227471e-06,0,5.4202875e-07,0,1.8777652,1.3488364,0.61483818,701.15886,101.60884
2011.3333,98.216303,58.608938,1.8377513e-06,0,6.2658603e-06,0,2.0588703,1.3865613,0.65769267,0,385.07299
2011.4167,131.78867,59.810791,1.3846445e-06,0.93930107,0.90891135,1.7290347,2.4944293,1.4722254,0.73136926,0.00042089712,533.15272
2011.5,180.21479,60.96603,9.9011561e-07,1.3042966,1.317214,2.9025206,3.2675915,1.6258732,0.84506232,2.1067543e-13,689.1372
2011.5833,232.59917,62.091623,7.5815757e-07,1.1355297,1.1731255,2.5149751,4.4418759,1.8788469,1.0128196,1.9837086e-15,685.94046
2011.6667,280.65726,63.149139,5.9761402e-07,0.82801772,0.87503907,1.8376951,6.2868652,2.2568498,1.2456454,4.8980265e-14,578.62758
2011.75,295.69262,53.739417,5.3399572e-07,0.25204298,0.27058939,0.50768081,8.7551775,2.8010867,1.5688092,7.206718e-17,58.25516
2011.8333,286.65876,0,5.3919024e-07,0.0039775888,0,0,9.7467842,3.4639974,1.9547493,0,2.6642281e-05
2011.9167,276.45296,0,5.6313348e-07,0.00021954105,0,0,9.8106861,4.0838699,2.3149917,0,2.5346741e-05
2012,266.45085,0,1.484368e-06,2.4824259e-08,0,0,9.8390779,4.6514468,2.6455138,0,2.5133023e-05
2012.0833,257.26587,0,1.5020141e-06,0,0,0,9.8281584,5.1385155,2.9300404,0,2.4691803e-05
2012.1667,248.40215,0,1.4545265e-06,0,0,0,9.831398,5.5770903,3.1874473,0,2.453344e-05
2012.25,259.23881,6.2635131,1.4608391e-06,0,6.7606883e-06,0,9.7426348,5.9851165,3.4279842,284.989,921.51253
2012.3333,295.07047,23.560986,1.5509866e-06,0,3.7771822e-05,0,9.2817974,6.29176,3.6094079,0,0
2012.4167,268.69243,25.271162,1.6542135e-06,1.1297384,0.80426451,0.83025196,8.4625216,6.4129667,3.6926835,69.101267,0.03217382
2012.5,215.12344,36.278524,1.9338947e-06,1.5483354,1.870408,1.6968295,7.8347149,6.3276882,3.6841369,149.18438,0.064647833
2012.5833,117.41455,44.665791,3.1568013e-06,1.1283767,1.4450383,1.5695346,10.630913,6.0194683,3.5917003,63.12808,0.38596907
2012.6667,42.825587,50.861344,7.7029536e-06,0.8176656,1.0547517,1.1882025,17.642944,5.5087376,3.4250607,66.869063,1.46961
2012.75,36.287323,31.880338,8.0449936e-06,0.22733882,0.26850471,0.32052574,23.437958,4.9766421,3.2216167,19.363915,6.9556209
2012.8333,35.549749,0,6.3427606e-06,0.0009095613,0,0,24.554239,4.4958096,3.0375378,0,0
2012.9167,34.307834,0,6.7676588e-06,1.4868109e-08,0,0,25.152267,4.0627933,2.8716578,0,0
2013,32.967094,0,3.0614153e-06,1.09563e-05,0,0,25.624031,3.6679323,2.7194633,0,0
2013.0833,31.838346,0,3.0783751e-06,1.1876513e-07,0,0,26.153095,3.3295293,2.588448,0,0
2013.1667,30.606195,0,3.2572118e-06,0,0,0,26.509338,3.0246942,2.4699204,0,0
2013.25,29.362932,6.40753,3.4734271e-06,-5.6924156e-10,0,0,26.456646,2.7413666,2.3588347,333.94714,49.449157
2013.3333,28.887125,27.844548,3.5719033e-06,0.014269711,0.00023292461,0,24.465906,2.4800799,2.2500634,0,0
2013.4167,23.492156,35.202354,4.1265343e-06,1.3779663,0.14688796,1.5583157,21.343527,2.2408569,2.1289837,227.14755,0.02546391
2013.5,19.97867,54.976992,4.4299054e-06,1.4751676,0.25956666,2.7573848,16.805029,2.0249684,1.9972248,96.734482,33.405703
2013.5833,29.259007,57.467837,3.2383562e-06,1.300268,0.29230552,2.4861642,11.625961,1.8357379,1.8788258,3.5015174e-07,170.82304
2013.6667,45.402389,58.368161,2.2748115e-06,0.84460508,0.20893822,1.5276322,6.4851069,1.6962296,1.7881365,2.2955563e-07,189.14952
2013.75,64.419545,59.254069,2.0406378e-06,0.32569096,0.090727749,0.57043247,2.4728291,1.6081294,1.7212147,1.4431346e-07,276.97083
2013.8333,81.606045,33.965982,1.7474727e-06,0.052883558,0.014577128,0.071966073,2.3570726,1.5817096,1.6786143,5.5464598e-08,99.153363
2013.9167,81.675753,0,1.7756961e-06,0.0015677693,0,0,2.4383605,1.5933278,1.6512074,0,35.656393
2014,81.681527,0,1.8034726e-06,5.0406343e-05,0,0,2.420717,1.6043736,1.6255136,0,18.392579
2014.0833,80.305107,0,1.9750614e-06,0,0,0,2.372911,1.6155787,1.6054281,0,17.834843
2014.1667,78.96246,0,2.1084895e-06,0,0,0,2.2953129,1.6244175,1.5862688,0,17.646319
2014.25,79.653822,8.2662683,2.1935937e-06,0,1.7491145e-06,0,2.1734807,1.6325532,1.5684316,375.18832,106.14214
2014.3333,83.971769,31.679835,2.1381059e-06,0.019014568,0.0016261562,0,2.3114169,1.6577842,1.5609665,0,0
2014.4167,82.70099,38.742043,2.2149229e-06,1.0327057,0.83436722,1.3138707,2.6051188,1.7366259,1.5776629,278.23829,8.4449716
2014.5,102.73326,63.110664,1.6161274e-06,1.318173,1.8216443,2.8943817,2.9121213,1.8845587,1.624195,92.446108,524.23121
2014.5833,153.51601,65.331765,1.0176371e-06,1.2221161,1.6784141,2.7437088,3.6727736,2.1289542,1.7139312,4.2209349e-19,644.56027
2014.6667,191.87759,66.192888,7.7991967e-07,0.80059103,1.1059003,1.7452023,5.6693091,2.4889648,1.8568047,4.0549175e-19,393.5778
2014.75,203.95875,51.803235,7.1026074e-07,0.18161089,0.23714323,0.38244964,8.6965637,2.9982333,2.0669639,8.6252085e-19,44.575281
2014.8333,197.63577,0,7.3274151e-07,0.009124153,0,0,9.9183102,3.6018839,2.3193917,0,1.292234e-11
2014.9167,190.64078,0,7.7212178e-07,0.00043266801,0,0,10.109161,4.1601534,2.5538728,0,2.6346855e-11
2015,183.78361,0,8.1838107e-07,0.00045587751,0,0,10.257442,4.6696625,2.7690091,0,1.3334089e-11
2015.0833,176.70846,0,8.905273e-07,0.00026995545,0,0,10.372956,5.1051502,2.9542067,0,1.3224197e-11
2015.1667,169.64032,0,9.3176146e-07,5.2830649e-05,0,0,10.459744,5.4946432,3.1217525,0,1.3087818e-11
2015.25,184.77459,6.7352871,8.8912526e-07,0,1.2088443e-06,0,10.546346,5.8553395,3.2783587,306.65436,978.87046
2015.3333,231.20221,25.373694,7.0993428e-07,0.18917448,0.058886691,0.096337878,12.008429,6.1496282,3.3998234,5.9572517,0.0038492917
2015.4167,216.78634,31.68723,7.2439298e-07,1.7144031,1.2363123,1.6970786,14.148417,6.3516717,3.4682837,158.51978,0.038293492
2015.5,207.56228,46.308074,6.8180401e-07,1.6023456,2.3937736,2.3385413,17.875877,6.4927735,3.5055873,135.89023,53.433358
2015.5833,210.49553,54.801438,6.2834204e-07,1.247584,1.9228441,2.1186247,26.514614,6.6354756,3.5530109,79.45175,128.80209
2015.6667,217.43768,60.661592,5.8226539e-07,0.82562977,1.2759066,1.4676888,36.034538,6.8225293,3.6305728,29.945789,141.7338
2015.75,219.09836,57.633501,5.677532e-07,0.25803499,0.40262208,0.44524585,46.225166,7.0937405,3.7526667,3.0728822e-09,31.275874
2015.8333,213.05069,0,5.915777e-07,0.019423655,0,0,52.301678,7.4410162,3.9138908,0,0
2015.9167,205.51533,0,6.240648e-07,0.0002470122,0,0,53.831734,7.7688069,4.0681987,0,0
2016,198.12799,0,6.576509e-07,0.0003303983,0,0,55.259766,8.0644484,4.2097754,0,0
2016.0833,191.34204,0,6.9113679e-07,2.7591031e-06,0,0,56.455769,8.3134222,4.3316507,0,0
2016.1667,184.79124,0,7.2656491e-07,0,0,0,57.206944,8.5315571,4.4419093,0,0
2016.25,183.5459,2.0566708,7.541787e-07,0,6.2598444e-07,0,57.092999,8.7273607,4.5451164,249.99143,656.0149
2016.3333,218.00855,20.481417,6.7143674e-07,0.17647426,0.024036995,0.081825311,53.022507,8.8512011,4.6123023,6.5129927,0.0035173387
2016.4167,200.67972,25.34478,6.9992473e-07,1.6594861,0.46105316,1.3468198,50.325397,8.8070412,4.5922041,119.55865,0.048522404
2016.5,186.60626,36.994141,6.7960525e-07,1.4953729,1.0325099,1.7860346,47.747513,8.5988445,4.5078568,104.38365,4.4893503
2016.5833,178.99071,40.852003,6.2250029e-07,1.2531364,1.8431857,1.6792544,48.226337,8.251977,4.4215989,26.905803,48.130959
2016.6667,169.79258,43.280717,6.0403232e-07,0.83616099,1.4226504,1.1451194,54.39555,7.8040113,4.3811741,22.970231,75.949444
2016.75,150.88338,26.014786,6.5240039e-07,0.2920401,0.46276328,0.38714651,63.793316,7.2863522,4.3949776,8.9610343,25.002213
2016.8333,145.8776,0,6.8780992e-07,0.0064425371,0,0,67.128403,6.8001084,4.4397197,0,0
2016.9167,140.15728,0,7.3235088e-07,7.0120416e-05,0,0,69.412262,6.365489,4.4819069,0,0
2017,134.33994,0,2.5446082e-06,0.0023517487,0,0,71.544479,5.9722357,4.5206141,0,0
2017.0833,128.8619,0,2.8004492e-06,0.0015620219,0,0,73.299408,5.6415873,4.5539346,0,0
2017.1667,123.51584,0,2.8376774e-06,0,0,0,74.829773,5.3520622,4.5840793,0,0
2017.25,124.50185,5.4983166,3.0221479e-06,0,4.2487141e-06,0,74.812515,5.0911002,4.6119194,287.04356,336.66975
2017.3333,130.10232,23.198636,3.7334034e-06,0.092606694,0.0027804834,0,77.505684,4.8255196,4.6000104,0,0
2017.4167,91.22245,26.774181,5.0160306e-06,1.2731477,0.15976539,1.1945132,87.21579,4.4877982,4.4944677,121.28582,0.038540358
2017.5,58.287732,41.768793,7.2077114e-06,1.389484,0.30075509,2.1440318,87.944336,4.1168208,4.299221,170.98272,1.1145049
2017.5833,34.662187,47.716152,1.1388105e-05,1.0732683,0.3084038,1.9232301,89.958084,3.7685034,4.0220952,5.6654748e-10,40.211684
2017.6667,39.642405,48.376534,1.0248005e-05,0.72687592,0.25802525,1.2913057,85.702736,3.4954634,3.7330165,2.9404867e-10,146.03697
2017.75,52.220345,36.320455,7.3208266e-06,0.27776374,0.10402677,0.482002,82.870888,3.3116126,3.4933486,1.0143252e-10,87.890488
2017.8333,53.069972,0,5.1149482e-06,0.029815271,0,0,85.016937,3.1961997,3.2934196,0,0
2017.9167,51.190779,0,5.3699441e-06,0.0003355692,0,0,87.780586,3.0964699,3.1145444,0,0
2018,49.348425,0,5.6562862e-06,0.00011906726,0,0,90.31955,3.0041506,2.9504266,0,0
2018.0833,47.656003,0,5.9096888e-06,0,0,0,92.642128,2.9238832,2.8091476,0,0
2018.1667,46.022233,0,6.1743394e-06,0,0,0,94.740486,2.8504512,2.6813345,0,0
2018.25,46.344124,2.5240742,6.5301761e-06,0,7.6800851e-07,0,95.61084,2.7808642,2.5616305,306.3166,236.1327
2018.3333,63.208625,25.769088,7.1972681e-06,0,3.3310906e-05,0,86.488358,2.7268817,2.4463713,0,0
2018.4167,57.692003,27.78767,7.815117e-06,0.54390585,0.084702952,0.54616933,85.882896,2.7207181,2.3200982,77.187216,0.0127942
2018.5,49.403653,46.609581,8.8876004e-06,1.2295801,0.22932094,2.4566247,78.336739,2.7770987,2.1819379,220.53591,32.047825
2018.5833,59.841603,53.557422,7.4584673e-06,0.95696699,0.20695737,2.2721102,62.906189,2.9231951,2.0482891,2.9439616e-11,221.56676
2018.6667,76.54579,54.392636,5.9726017e-06,0.67828019,0.16608141,1.6267715,50.515232,3.1854296,1.9453676,9.4876348e-12,188.32562
2018.75,89.153036,53.382177,5.2079486e-06,0.25949424,0.069636433,0.58174953,41.519161,3.5843911,1.8696914,1.7913568e-12,130.8188
2018.8333,91.983199,0,3.4576819e-06,0.023277573,0,0,38.165665,4.0904593,1.8168646,0,20.585863
2018.9167,90.350904,0,3.5201369e-06,0.0014193002,0,0,38.383213,4.5686245,1.7720824,0,40.542386
2019,90.376429,0,3.543621e-06,0.00052602837,0,0,37.905479,5.0008116,1.7309949,0,21.123007
2019.0833,88.937037,0,3.6141528e-06,0,0,0,37.779728,5.3662109,1.6956251,0,21.090027
2019.1667,87.548934,0,3.6918232e-06,0,0,0,37.72979,5.6904263,1.6636266,0,21.058846
2019.25,89.323185,2.1812441,3.8113767e-06,0,1.4974997e-06,0,37.175949,5.9874187,1.633656,264.70801,410.00806
2019.3333,112.14076,22.198169,4.3590662e-06,0.017670611,5.4040271e-05,0,29.764887,6.2211132,1.6036587,0,0
2019.4167,103.90784,29.507814,4.6447449e-06,1.0564049,0.35798008,1.160757,22.324291,6.3352666,1.5681173,231.36987,9.1219267
2019.5,101.1584,42.954195,4.6238797e-06,1.2195737,1.114359,2.20161,14.41853,6.337327,1.5332603,11.405082,61.799319
2019.5833,101.77161,44.524297,4.5084921e-06,0.9944449,1.5679163,1.864014,11.93932,6.2419448,1.5095695,12.255615,62.52544
2019.6667,104.36958,46.101216,4.3415203e-06,0.66869385,1.0768513,1.285895,12.516458,6.0613999,1.4984311,9.3101197,77.487913
2019.75,108.5581,36.435027,4.3405576e-06,0.24803313,0.37674359,0.42812711,12.962899,5.8025112,1.5009198,1.6320923,81.805305
2019.8333,108.27059,0,3.1659904e-06,0.012070254,0,0,12.957964,5.5010543,1.5132776,0,29.582677
2019.9167,105.87929,0,3.2492878e-06,1.1185686e-07,0,0,12.912572,5.2200871,1.5255336,0,57.749384
