year,froot_gCm2,leaf_gCm2,p_uptake_demand_ratio,gpp_pft7_gCm2day,gpp_pft9_gCm2day,gpp_pft10_gCm2day,l2fr_site,l2fr_canopy,l2fr_ustory,leaf_alloc_gCm2yr,froot_alloc_gCm2yr
1901,43.199748,0,6.3665225e-06,0,0,0,3.4274294,5.797802,1.3159266,0,8.9556863
1901.0833,41.993659,0,6.5705781e-06,0,0,0,3.4803061,5.5655885,1.1952535,0,8.3532314
1901.1667,40.479247,0,6.8278068e-06,0,0,0,3.5211179,5.3518672,1.0852798,0,3.8090821
1901.25,39.059248,2.0336602,6.7625647e-06,0,0,0,3.5249791,5.1515832,0.98227835,92.354097,21.837856
1901.3333,37.883963,7.7609154,6.1599471e-06,0,-3.873666e-07,0,3.2725265,4.9674158,0.88910896,0.19424713,0.56861611
1901.4167,32.290354,8.1417393,7.4828067e-06,0.019977818,0.016949679,0,2.689055,4.777935,0.80498499,0.76972543,0.59481317
1901.5,24.245044,13.336376,1.1188429e-05,0.84074136,1.7413897,0.7749984,1.788884,4.551352,0.72934926,92.709924,107.46754
1901.5833,24.154412,17.034736,1.1933775e-05,0.81580768,1.8958666,1.0556154,1.3841587,4.2784152,0.66919273,1.4973898,21.251762
1901.6667,15.36184,17.601652,1.3485281e-05,0.52806366,1.2725021,0.71436177,1.284698,3.9817238,0.64876211,0.66973523,12.461735
1901.75,7.9033086,8.7614022,3.4084056e-05,0.097668229,0.23116948,0.12102435,1.6986965,3.6632018,0.6636948,0.34041573,4.6589991
1901.8333,7.0762574,0,3.0011874e-05,0,0,0,1.6954353,3.3560069,0.69032639,0,0.63106443
1901.9167,6.7719831,0,2.4411785e-05,0,0,0,1.638991,3.0791259,0.75120467,0,2.7140544
1902,6.6398205,0,2.5316327e-05,0,0,0,1.6887201,2.8252702,0.81859493,0,1.0674202
1902.0833,6.379548,0,2.442233e-05,0,0,0,1.726961,2.6067765,0.87660879,0,1.029048
1902.1667,6.1322735,0,2.2538845e-05,0,0,0,1.7568778,2.4091606,0.92910379,0,1.3099791
1902.25,6.0544969,3.8045368,2.1904971e-05,0,0,0,1.7866899,2.2241445,0.97853678,173.16772,5.7618647
1902.3333,6.708499,14.373923,1.7139824e-05,0.0082537729,0.014264542,0,1.8392283,2.0578637,1.0458603,0.2400783,0.66774928
1902.4167,7.5010485,15.591809,2.0397838e-05,0.82591623,1.9127775,0.63288262,1.7491091,1.9072896,1.136868,14.67051,22.465461
1902.5,6.3910536,16.7857,2.8184051e-05,1.0099865,2.3146977,1.2421894,2.010031,1.7603326,1.2225572,2.0052196,5.8885004
1902.5833,5.4779085,17.468344,2.5905078e-05,0.81257783,1.8859027,1.0310607,2.946454,1.6128979,1.2909786,0.6201769,4.94629
1902.6667,6.5159961,18.098576,1.5070478e-05,0.54975809,1.2959739,0.70110786,3.9678996,1.4831244,1.3598934,0.32336169,5.4191655
1902.75,8.0022663,11.393987,1.9615751e-05,0.12581991,0.25980806,0.1282084,5.034821,1.3721352,1.4074036,0.18380885,10.764
1902.8333,8.3937477,0,3.6971865e-05,1.4779192e-23,0,0,5.2105269,1.2754213,1.4296505,0,1.4529977
1902.9167,8.3619589,0,4.0342336e-05,7.097196e-25,0,0,5.186626,1.1885555,1.4494598,0,3.323638
1903,8.4752319,0,6.9865193e-05,7.1240072e-05,0,0,5.24019,1.1090009,1.468238,0,1.2291815
1903.0833,8.4221903,0,3.3604658e-05,0,0,0,5.2959085,1.0406203,1.4848571,0,1.2333595
1903.1667,8.3740288,0,3.3951557e-05,0,0,0,5.3438034,0.97884154,1.5002775,0,1.2363939
1903.25,8.5637653,4.9904096,2.8473221e-05,0,1.6753619e-06,0,5.4065156,0.92117602,1.5148724,226.73144,17.741104
1903.3333,14.151048,19.291563,7.4880372e-06,6.7729365e-07,0.0013585385,0,4.6139483,0.8815468,1.5145044,2.8974431,111.05396
1903.4167,28.496237,20.127321,4.3316691e-06,0.37182361,0.88072602,0.15452597,3.2956841,0.89663559,1.4515578,2.5192738,264.87094
1903.5,64.076498,21.098146,2.0555999e-06,1.2754805,3.1044374,0.83338551,3.0660362,1.024163,1.3298527,3.5854585,621.73155
1903.5833,129.47384,21.847993,1.2729508e-06,1.0945782,2.6574408,1.0556226,6.7202139,1.3939201,1.2430799,0.25451588,734.63257
1903.6667,165.87877,22.467669,1.0205372e-06,0.70203716,1.7185436,0.74911623,13.981769,2.1982164,1.2073007,0.11786561,296.56884
1903.75,176.89519,8.8589108,1.5250043e-06,0.11889636,0.27716829,0.11552528,21.629547,3.6183357,1.1893426,0.043851192,35.055086
1903.8333,174.28304,0,1.9346519e-06,6.5397609e-07,0,0,22.284378,5.2320342,1.1765505,0,2.3707251
1903.9167,171.32206,0,1.7730123e-06,0.00077056526,0,0,22.290308,6.6919188,1.1648246,0,6.7400691
1904,165.11957,0,1.5273336e-06,0,0,0,22.458025,8.0125065,1.1523054,0,2.228532
1904.0833,150.56606,0,1.5438924e-06,0,0,0,22.509163,9.0811958,1.1232823,0,2.0506402
1904.1667,131.91842,0,1.6902327e-06,0,0,0,22.366381,9.9739065,1.0430206,0,1.9752815
1904.25,123.63341,1.6708286,1.7863631e-06,0,0,0,22.167568,10.795804,0.96120888,75.288943,15.415017
1904.3333,118.69229,6.5795798,1.658139e-06,0,-0.0003511435,0,20.070511,11.460877,0.89282036,0.21471042,35.030588
1904.4167,116.2139,7.867163,1.8266917e-06,0.90120126,0.95805199,0.56633451,18.657433,11.917217,0.84258318,27.795943,38.928953
1904.5,117.27028,12.487635,1.6713891e-06,1.3044295,1.970323,1.3050295,19.421368,12.377478,0.82717717,74.932199,44.109947
1904.5833,124.26183,19.020682,1.2620644e-06,1.0571917,2.1444526,1.126593,22.075314,13.081438,0.82840991,24.969757,169.73533
1904.6667,140.19723,19.788228,8.9100098e-07,0.72980702,1.5064498,0.80142909,26.616928,14.203268,0.84169739,0.036075342,194.22148
1904.75,149.05226,9.1290884,1.1119266e-06,0.056905103,0.098767634,0.059400465,31.716915,15.917452,0.86584443,0.010560035,62.187903
1904.8333,148.19646,0,1.7951788e-06,0.0007181659,0,0,32.166679,17.828638,0.8931132,0,7.6451506
1904.9167,145.26325,0,1.6612488e-06,5.2146719e-08,0,0,32.338879,19.552179,0.91829032,0,22.042452
1905,139.25397,0,1.6012647e-06,0,0,0,32.381886,21.03919,0.94531631,0,5.6429512
1905.0833,131.91663,0,1.6815795e-06,0,0,0,32.519482,22.160654,0.97994006,0,5.0118903
1905.1667,124.27692,0,1.7431249e-06,0,0,0,32.512089,22.997114,1.059607,0,5.2149331
1905.25,116.91606,1.2156564,1.7385714e-06,0,-2.9123707e-09,0,31.753965,23.645014,1.2918739,54.619823,10.458187
1905.3333,111.28443,4.8397067,1.650601e-06,0.0059425832,0.001585997,0,28.887177,24.142424,1.5008411,0.2418323,0.64312759
1905.4167,109.16626,7.3512984,1.7520392e-06,0.84892416,0.96994955,0.56385363,27.005909,24.451708,1.6013752,68.651825,90.300419
1905.5,126.25167,14.375692,1.0559985e-06,1.302898,2.1816382,1.3088388,24.473675,24.730326,1.6212122,75.099346,296.15004
1905.5833,153.2069,18.415274,5.7821165e-07,1.0560859,2.1016457,1.167307,25.393997,25.266058,1.6221375,0.5304939,351.53302
1905.6667,172.72194,18.919323,4.8094364e-07,0.62260813,1.2480717,0.72107893,29.942116,26.334723,1.6232696,0.034651814,171.70449
1905.75,179.60785,8.0733756,4.4201551e-07,0.14427533,0.24156035,0.12358531,35.203049,28.182911,1.6279408,0.01069526,28.086892
1905.8333,176.95476,0,4.457045e-07,0.00027647185,0,0,35.618557,30.294317,1.6334964,0,2.6337682
1905.9167,172.62374,0,4.5949852e-07,0,0,0,35.760956,32.201611,1.6385427,0,3.5243736
1906,165.30909,0,4.8242646e-07,0,0,0,35.646114,33.927402,1.6432024,0,0.90049933
1906.0833,158.42625,0,5.7570242e-07,0,0,0,35.575657,35.385101,1.6472516,0,0.86911885
1906.1667,150.95383,0,8.8646084e-07,0,0,0,35.500313,36.677601,1.6509566,0,0.82714319
1906.25,145.13755,0.69945055,1.0026571e-06,0,0,0,34.761978,37.863773,1.65447,30.989861,2.8726964
1906.3333,81.388056,3.0571474,1.0284468e-06,0,0.00014804509,0,14.618365,37.655434,1.6540803,0.047201378,1.209637
1906.4167,77.925585,3.7073644,1.1729322e-06,0.032384091,0.010377977,0,12.422554,35.957829,1.6308274,0.1373766,0.89962518
1906.5,77.262819,8.3443895,9.556212e-07,1.5075191,1.344927,0.76824394,11.102739,34.177013,1.5478059,88.877119,39.658169
1906.5833,87.586813,12.549536,6.1143481e-07,1.1593628,1.4431169,0.78807872,11.093231,32.460316,1.4884516,0.5036112,216.14202
1906.6667,105.83492,13.189812,5.5444497e-07,0.82634681,1.0529732,0.71225007,12.364482,31.053755,1.4718577,0.043689097,178.41483
1906.75,113.1156,11.984753,5.2932694e-07,0.32660833,0.41410989,0.28358556,14.628869,30.108955,1.47084,0.03151796,41.89678
1906.8333,112.45293,0,1.1662706e-06,0.0028269535,0,0,15.583097,29.641691,1.4777906,0,0.83386292
1906.9167,110.51711,0,2.0989974e-06,3.8999425e-06,0,0,15.518476,29.26685,1.4851655,0,2.003737
1907,108.67482,0,2.2254414e-06,0,0,0,15.671288,28.900824,1.4921577,0,0.7932553
1907.0833,106.67701,0,2.2911966e-06,0,0,0,15.754053,28.563927,1.4984285,0,0.75713753
1907.1667,104.09651,0,2.3124044e-06,0,0,0,15.77077,28.234909,1.5044175,0,0.71431819
1907.25,101.04472,0.54924533,2.1458955e-06,0,0,0,15.425414,27.895144,1.5105957,23.942815,16.19409
1907.3333,97.078256,2.4478682,1.4308398e-06,0,2.8098138e-08,0,12.815602,27.340038,1.5650091,0.18190919,0.75666574
1907.4167,93.969472,3.0705277,1.5845368e-06,0.00056007323,0.0004645685,0,10.947494,26.47958,1.7566351,0.11519879,0.43273218
1907.5,91.58361,4.8446031,1.6866169e-06,0.9031449,0.56015525,0.28325773,8.2600508,25.36335,2.0017936,46.171173,0.99550903
1907.5833,91.770694,13.435771,1.284323e-06,1.2851284,1.6370848,0.57793037,6.1803064,23.942308,2.2248321,82.770663,63.583586
1907.6667,102.22511,15.73595,1.6769151e-06,0.82345446,1.1976037,0.45377262,7.5174298,22.536514,2.3975644,0.25078932,158.00267
1907.75,107.31936,3.6295722,2.7141978e-06,0.041182939,0.043611874,0.023219268,7.8987207,21.316971,2.4912908,0.041473303,1.5625472
1907.8333,105.1762,0,2.3818586e-06,0.00081473943,0,0,7.8187361,20.234909,2.5649323,0,0.47725105
1907.9167,100.45072,0,1.8300818e-06,0,0,0,7.8126106,19.240694,2.7526774,0,0.26175694
1908,95.301598,0,1.9334682e-06,0,0,0,7.9298048,18.318291,3.0333591,0,0.24900872
1908.0833,90.645455,0,2.1655653e-06,0,0,0,8.0198145,17.524153,3.2729454,0,0.24096999
1908.1667,86.196817,0,2.3338555e-06,0,0,0,8.103508,16.805641,3.4865396,0,0.23308233
1908.25,84.002197,0.81642787,2.5382235e-06,0,0,0,8.2785807,16.132135,3.6830602,37.001536,94.692317
1908.3333,87.163553,3.1356085,2.5077122e-06,5.001117e-08,-1.3845764e-05,0,7.9224524,15.468869,3.8543599,0.13345114,0.56746498
1908.4167,70.206694,4.3385727,3.1952429e-06,0.78504977,0.5758232,0.4419883,5.0406795,14.654857,3.9756703,55.238898,1.5201764
1908.5,32.042746,12.522503,7.9933334e-06,1.3586877,1.9201384,1.33043,2.0241022,13.592081,3.9968846,64.234627,38.966241
1908.5833,34.579217,13.830807,5.7487423e-06,0.97109917,1.4703668,1.0413579,1.9196551,12.482421,3.9260988,0.32212016,80.757361
1908.6667,43.783214,14.311355,3.2493515e-06,0.67099232,1.0470524,0.66708387,2.1761177,11.545775,3.8947272,0.30980094,116.44288
1908.75,55.351593,7.5734225,3.3621063e-06,0.14925987,0.21065222,0.13850977,2.721031,10.767639,3.8977749,0.12809714,97.723858
1908.8333,57.323065,0,4.7817757e-06,0.00088660349,0,0,2.8506258,10.108201,3.9064281,0,11.360067
1908.9167,55.539206,0,4.0326008e-06,0,0,0,2.8939428,9.5146227,3.9353611,0,32.029115
1909,54.335922,0,3.5273783e-06,0,0,0,2.9635997,8.9698229,3.9999261,0,10.848711
1909.0833,52.21507,0,3.575426e-06,0,0,0,3.008373,8.5008564,4.0574265,0,10.426858
1909.1667,50.277073,0,3.5815351e-06,0,0,0,3.046026,8.0765991,4.1098309,0,10.033795
1909.25,48.650797,2.367513,3.6310819e-06,0,-5.130546e-06,0,3.079304,7.6797791,4.1590486,107.7491,9.1826034
1909.3333,48.694,8.9453422,3.4264485e-06,0.012399199,0.013448904,0.0015759736,3.6524446,7.3620524,4.1741147,0.15234659,0.667213
1909.4167,61.085463,12.112743,3.2478406e-06,0.97037698,1.5655333,0.6461782,4.7095733,7.1887388,4.0800743,40.771221,356.82182
1909.5,100.64326,12.953878,1.6053485e-06,1.0963352,1.7214313,1.2479133,6.4913459,7.200264,3.8258779,0.62318684,427.15584
1909.5833,131.49488,13.32826,5.9021062e-07,0.93770414,1.4742103,1.0642899,9.6441069,7.540061,3.4802868,0.29085579,317.21981
1909.6667,152.02893,13.650505,4.6844494e-07,0.56181829,0.90027173,0.61273133,14.461657,8.4275227,3.2096133,0.084541457,144.08316
1909.75,154.76944,4.0164976,4.4681295e-07,0.018442727,0.02643453,0.012872,19.027437,10.024165,3.0466063,0.018772291,0.45648311
1909.8333,152.13484,0,5.0360921e-07,2.0822539e-06,0,0,19.496023,11.779141,2.935183,0,0.24893538
1909.9167,149.41859,0,1.4333845e-06,1.5954554e-05,0,0,19.81802,13.366239,2.8349662,0,0.25093112
1910,142.40175,0,1.6336304e-06,0,0,0,19.978868,14.822354,2.7430019,0,0.33234415
1910.0833,126.13443,0,1.9435231e-06,0,0,0,19.779381,16.075476,2.6636212,0,0.29518447
1910.1667,117.71238,0,2.0900991e-06,0,0,0,19.961483,17.208771,2.5916841,0,0.2833339
1910.25,109.6305,0.11675761,2.0119387e-06,0,0,0,19.491043,18.268579,2.5246265,5.0020567,1.1312455
1910.3333,104.69562,0.55568636,1.5865802e-06,0,-3.6414256e-10,0,17.059786,19.134089,2.4735899,0.081732531,0.36472508
1910.4167,102.24137,0.73025574,1.6541173e-06,0.029975281,0.004425069,0,15.75282,19.661425,2.4142175,0.059486703,0.048080322
1910.5,101.80404,1.1655126,1.7101437e-06,0.74108714,0.17488422,0.31370915,12.910783,19.749493,2.3391681,6.9074685,1.6791605
1910.5833,101.4342,1.824902,7.7644467e-07,0.69932944,0.25378448,0.45342043,9.2365599,19.323238,2.273263,2.854095,1.0776306
1910.6667,63.676827,2.2866866,8.4024555e-07,0.54100812,0.23639931,0.4338471,5.272078,18.362839,2.2746649,7.1579863,1.2391925
1910.75,10.442226,1.0021088,1.2148653e-05,0.056768681,0.02815787,0.044872363,4.0072098,16.880972,2.3785281,1.2384024,0.54821314
1910.8333,6.2034712,0,4.5187458e-05,3.6515406e-05,0,0,4.0188103,15.301081,2.5231709,0,0.21792118
1910.9167,6.0149343,0,4.3358355e-05,4.2712215e-05,0,0,4.060308,13.871268,2.6542456,0,0.21813199
1911,5.6405207,0,3.3301869e-05,0,0,0,4.0992908,12.559449,2.7737944,0,0.21033547
1911.0833,5.2724872,0,3.2530119e-05,0,0,0,4.1204524,11.430233,2.8759162,0,0.20204724
1911.1667,4.932391,0,3.4495344e-05,0,0,0,4.1254811,10.408694,2.967416,0,0.19292143
1911.25,3.9039426,0.46305274,3.9378367e-05,0,0,0,4.1292853,9.4507542,3.0523148,23.740787,1.1589108
1911.3333,1.2959229,2.1371518,0.00010004106,0,-3.440346e-07,0,3.3816581,8.55266,3.1591501,0.08007234,0.43188142
1911.4167,1.2202174,2.4243006,0.00010600907,0.032968938,0.010694297,0.0002867228,2.1008635,7.7271857,3.2920649,0.83812016,0.22737204
1911.5,1.7204238,6.3628452,0.00013304924,0.76877136,0.83958867,0.21250074,1.0907156,6.9843621,3.3555307,67.749383,8.9155398
1911.5833,10.203692,8.971856,6.3339532e-05,0.71627609,1.0356586,0.33205202,1.3181007,6.358644,3.3740821,0.87092968,140.72947
1911.6667,27.930276,9.3793841,2.4427351e-05,0.46564528,0.68973051,0.33763065,2.529424,5.943881,3.340837,0.52358932,262.31195
1911.75,43.826107,4.363074,1.6051492e-05,0.10101674,0.11676928,0.052323179,4.6593442,5.8250804,3.2425387,0.15639603,35.916371
1911.8333,43.483175,0,1.6841665e-05,0.0069987907,0,0,4.9038982,5.8812003,3.1172538,0,0.21664062
1911.9167,41.88434,0,7.224352e-06,0,0,0,5.0143127,5.9371977,3.0031216,0,0.19373798
1912,39.742485,0,7.181136e-06,0,0,0,5.1372242,5.9885597,2.898499,0,0.1829283
1912.0833,37.805632,0,7.6767392e-06,0,0,0,5.2358055,6.0327587,2.8085127,0,0.17755024
1912.1667,35.965074,0,8.303542e-06,0,0,0,5.3177638,6.0727296,2.7271805,0,0.17224049
1912.25,35.637043,0.88637561,8.150917e-06,0,-2.6317264e-07,0,5.3687692,6.1097703,2.6506252,45.743337,74.480922
1912.3333,39.763972,3.951442,5.7048655e-06,0.00015538603,3.2648738e-05,0,4.7921157,6.1077394,2.5267584,0.0080900425,0.027931062
1912.4167,37.247214,5.0771977,6.3301541e-06,0.3560285,0.44215597,0.16270825,3.8126733,6.0083184,2.3170784,45.836578,0.26247042
1912.5,36.599811,9.0541653,8.1781691e-06,0.77213842,1.249783,0.6592418,3.3469875,5.8357019,2.1109397,7.8463628,72.258109
1912.5833,47.870368,9.4841635,8.9617688e-06,0.6224642,1.0338443,0.59983349,3.9371231,5.7315931,1.9330518,0.25159813,144.04805
1912.6667,66.694275,9.8791374,5.281257e-06,0.40719489,0.69168251,0.404064,5.2129416,5.7725763,1.8171941,0.20666405,294.67892
1912.75,85.920654,8.2409969,3.220872e-06,0.1519842,0.25575789,0.14550992,7.6139836,6.0731859,1.7764717,0.10042199,69.470846
1912.8333,85.469373,0,3.7270672e-06,0.00040974303,0,0,8.5142241,6.6372075,1.7948856,0,0.11288598
1912.9167,81.801675,0,2.5375593e-06,0,0,0,8.6335449,7.1843963,1.8185967,0,0.10993306
1913,77.370077,0,2.1217102e-06,0,0,0,8.7906055,7.6864552,1.8403574,0,0.10517839
1913.0833,73.487706,0,2.3298871e-06,0,0,0,8.9285355,8.1186705,1.8590882,0,0.10132624
1913.1667,69.895461,0,2.5177108e-06,0,0,0,9.0557947,8.5096731,1.8760334,0,0.097749164
1913.25,67.599066,0.41078357,2.5920767e-06,0,-7.4779955e-12,0,9.1031981,8.8749313,1.892253,18.244006,54.402616
1913.3333,68.670563,1.7023451,2.5414365e-06,0.024684412,0.012528892,0.010069147,8.1114426,9.1339216,1.9301505,0.67018656,0.65686991
1913.4167,67.964196,4.0846108,2.8656445e-06,0.81136383,0.76089668,0.63488443,6.4460096,9.1680698,2.0156441,64.985838,1.4868285
1913.5,69.303922,9.0458123,1.984145e-06,0.76009752,1.2286327,0.82329208,6.0111051,9.0568943,2.1665366,17.582556,88.089762
1913.5833,84.179036,9.4609912,9.7561156e-07,0.59369049,0.96969048,0.63355313,6.9278626,9.0135431,2.3995059,0.13466008,200.64668
1913.6667,100.08513,9.7514829,8.0328431e-07,0.3620488,0.60110566,0.34639435,8.835454,9.1506805,2.7193933,0.091329427,112.99199
1913.75,104.86695,5.4647252,6.9763291e-07,0.096712114,0.15994085,0.1033202,11.37601,9.6115942,3.1382163,0.038579832,10.543875
1913.8333,103.53863,0,1.4723533e-06,0.0010172988,0,0,11.864268,10.259493,3.5833402,0,0.22503498
1913.9167,101.71235,0,1.8226339e-06,0,0,0,12.034427,10.855837,3.9881477,0,0.22474286
1914,99.419847,0,2.1515923e-06,-1.6701351e-26,0,0,12.197571,11.402982,4.3588123,0,0.23711615
1914.0833,94.506159,0,2.5450604e-06,0,0,0,12.340646,11.87398,4.6758952,0,0.24648717
1914.1667,88.031366,0,2.7967692e-06,0,0,0,12.432685,12.300071,4.9595404,0,0.23695813
1914.25,82.00074,0.081480721,2.8812483e-06,0,0,0,12.204782,12.697243,5.2208695,3.2698256,1.0205884
1914.3333,78.71481,0.46273461,2.5754248e-06,0,3.4736753e-06,0,9.9593344,12.922385,5.4213862,0.063959178,0.26836129
1914.4167,68.924896,0.7053244,2.8488107e-06,0.0091895229,0.0020031355,0,7.1509581,12.74757,5.4964914,0.043652181,0.10781319
1914.5,19.973772,1.7679879,1.0731942e-05,0.57764321,0.28519791,0.31268227,4.2166133,12.032777,5.4085741,29.478376,1.0329853
1914.5833,1.1694558,7.1840431,0.00040590472,0.58592592,0.83089373,0.4604244,3.2997892,10.909166,5.1812253,61.493216,6.5208017
1914.6667,7.3767039,9.1602625,0.00011826015,0.32922267,0.55957066,0.30781062,2.1925888,9.8945065,4.9205856,0.38718106,86.166427
1914.75,15.406251,9.4413478,3.1091571e-05,0.055708312,0.080851316,0.050250949,1.6716843,9.0726404,4.6373491,0.15477983,28.853294
1914.8333,17.08415,1.9224248,2.0537755e-05,0.00045725667,0.00073405582,0,1.801214,8.4428034,4.3390126,0.018830004,0.14036862
1914.9167,16.507849,0,1.7797662e-05,6.9806567e-06,0,0,1.8449714,7.9117785,4.0580344,0,0.02678604
1915,16.024916,0,1.7380396e-05,0,0,0,1.8777477,7.4246774,3.7985275,0,0.026866191
1915.0833,14.686039,0,1.6878026e-05,0,0,0,1.8853939,7.0053606,3.573338,0,0.013546918
1915.1667,13.820154,0,1.759211e-05,0,0,0,1.8981007,6.6260104,3.3676677,0,0.0063106276
1915.25,14.340157,1.1118621,1.6567759e-05,0,0,0,1.9349351,6.2706676,3.1726251,50.199265,51.56023
1915.3333,18.411197,4.3436983,1.2712819e-05,0,0.00010324958,0,2.3694389,5.9443307,2.9726956,0.0034288102,0.48964491
1915.4167,20.018212,4.7178688,1.2755881e-05,0.015269392,0.0092553287,0,2.2632229,5.6317263,2.7475874,0.084286867,0.16874066
1915.5,18.372819,7.2882622,1.5498741e-05,0.51418855,0.85632974,0.39573498,1.8280654,5.3104038,2.5190043,45.582223,12.278735
1915.5833,21.633727,9.4169741,2.1098116e-05,0.58228851,1.0650772,0.66589066,1.9351957,5.0017343,2.3248682,0.1515012,42.376497
1915.6667,27.482884,9.8239509,1.3790873e-05,0.35958238,0.67465951,0.41483015,2.1953804,4.7683005,2.1866992,0.023843981,60.691505
1915.75,33.860542,4.8971567,1.2445134e-05,0.080014947,0.14507951,0.087999249,2.54248,4.6109509,2.0979483,0.0039450293,44.815877
1915.8333,34.829035,0,1.0074607e-05,4.5417565e-08,0,0,2.6066937,4.4980621,2.0332398,0,6.8170675
1915.9167,34.728542,0,1.0276425e-05,0,0,0,2.6423032,4.3972282,1.9753357,0,20.144747
1916,35.760567,0,1.0276835e-05,0,0,0,2.7068121,4.3047132,1.9222134,0,7.0075822
1916.0833,35.398021,0,9.3957315e-06,0,0,0,2.7405925,4.2250729,1.8764881,0,6.9471541
1916.1667,34.783214,0,7.8621379e-06,0,0,0,2.7630935,4.1530223,1.8351256,0,6.8211284
1916.25,34.013879,2.760557,7.3402098e-06,0,0,0,2.7801125,4.0859156,1.796205,111.45634,5.5843066
1916.3333,34.042325,9.3255984,6.5330323e-06,0,0,0,3.0380111,4.0487208,1.7478647,0.0033346708,0.88327835
1916.4167,34.755811,9.7069154,6.5123427e-06,0,2.8601354e-05,0,3.2630947,4.0623264,1.6611253,0.0006122662,1.895699
1916.5,36.016461,10.175597,6.5074864e-06,0.019203919,0.02141658,0,3.3583109,4.0792093,1.5226095,0.26425682,0.77062092
1916.5833,42.005602,11.18243,5.671161e-06,0.48385489,1.0173296,0.53619381,3.4564519,4.0806417,1.3744562,7.1921273,98.913692
1916.6667,47.72108,11.731884,4.0358782e-06,0.37776283,0.80195867,0.57302278,3.5178447,4.0794659,1.2427123,0.39528196,24.758516
1916.75,50.845344,12.170913,3.3222198e-06,0.15996955,0.33767335,0.23205874,3.7064817,4.0876241,1.1244608,0.027809154,27.727309
1916.8333,52.442398,0,4.3187028e-06,0.0052265508,3.1695809e-05,0,3.8355255,4.1039724,1.0224056,0,10.947355
1916.9167,51.486816,0,3.1113063e-06,0,0,0,3.8138986,4.1205215,0.93177336,0,29.787105
1917,51.20505,0,2.6846267e-06,0,0,0,3.8377388,4.1357017,0.84861845,0,10.077597
1917.0833,49.47697,0,2.9391795e-06,0,0,0,3.8728106,4.1487646,0.77703553,0,9.7400608
1917.1667,47.808383,0,3.36517e-06,0,0,0,3.9028397,4.1605787,0.71227551,0,9.4140134
1917.25,46.218265,1.2575984,3.3888384e-06,0,-3.0113266e-10,0,3.8975823,4.1716046,0.651604,65.008855,9.5225654
1917.3333,45.225427,5.5892873,3.2817059e-06,0.017658464,0.019935293,0.0054212355,3.6459227,4.1771655,0.59410667,0.41244563,0.006458911
1917.4167,46.073973,10.60807,3.6792344e-06,0.70004242,1.4119944,0.50104495,3.3480856,4.1664453,0.5412901,69.203831,34.818429
1917.5,49.453955,12.283091,2.7895949e-06,0.8028882,1.7107637,0.95645429,3.2908719,4.1514187,0.52281123,1.628711,21.983456
1917.5833,51.88683,12.840026,1.7500568e-06,0.63688473,1.3741696,0.85222614,3.3638997,4.1424041,0.5676772,1.1069243,23.142732
1917.6667,54.404531,13.353471,1.489449e-06,0.45938552,1.0047021,0.57784791,3.584136,4.1393089,0.70834786,0.78546278,24.37863
1917.75,57.147603,11.111206,1.1761531e-06,0.10451473,0.22520263,0.12841671,3.9233878,4.1416254,0.97981697,0.65087252,19.896082
1917.8333,57.199728,0,3.3585081e-06,0,0,0,4.0289612,4.1456337,1.3361883,0,11.322281
1917.9167,55.299699,0,2.517143e-06,0,0,0,4.0280976,4.1492524,1.6706072,0,32.203517
1918,55.062409,0,2.425912e-06,0,0,0,4.0584574,4.1525726,1.9774363,0,10.90765
1918.0833,52.467585,0,2.5963857e-06,0,0,0,4.0791821,4.1554313,2.2415659,0,10.396087
1918.1667,50.291114,0,2.7550259e-06,0,0,0,4.0958252,4.1580176,2.4805167,0,9.9658435
1918.25,48.70645,3.0958364,2.8358349e-06,0,0,0,4.1082273,4.1604381,2.7039154,141.34835,15.005255
1918.3333,48.969243,11.740941,2.5811221e-06,0,-1.6827532e-08,0,3.9946799,4.1624956,2.8772674,0.69642389,8.6051637
1918.4167,48.545711,11.825031,2.9520911e-06,-6.4354872e-08,-3.237932e-06,0,3.8435643,4.1629195,2.9530518,6.1805697e-07,0.0040586743
1918.5,48.549466,12.132736,3.3219808e-06,0.30539676,0.68973964,0.20506452,3.6288488,4.1559749,2.9011252,5.4005558,26.41237
1918.5833,51.855631,12.973752,2.8483757e-06,0.61954956,1.417675,0.60953563,3.4363618,4.1428437,2.6971157,1.121706,22.433963
1918.6667,54.637466,13.490428,1.7168379e-06,0.41795879,0.96832975,0.50393708,3.4938719,4.1342258,2.4408164,0.94203433,22.596476
1918.75,56.965202,7.6084994,2.1282763e-06,0.096651193,0.21606738,0.10873667,3.6033804,4.129642,2.207351,0.54699768,16.709731
1918.8333,56.148868,0,2.7995645e-06,0,0,0,3.6099417,4.1265407,1.9978909,0,11.132751
1918.9167,54.251187,0,2.6455421e-06,0,0,0,3.6124761,4.1237473,1.8091233,0,31.551096
1919,53.186968,0,2.7466408e-06,0,0,0,3.6499002,4.121182,1.6358835,0,10.550238
1919.0833,49.589593,0,2.7846861e-06,0,0,0,3.6686506,4.1189704,1.4867052,0,9.8384576
1919.1667,47.726147,0,3.043564e-06,-2.6742691e-05,0,0,3.6917684,4.1169672,1.3517004,0,9.4638048
1919.25,46.245202,2.9728115,3.2928642e-06,-5.0022435e-09,-1.5960276e-09,0,3.7031705,4.115088,1.2251521,135.82925,15.633806
1919.3333,47.085807,11.40992,3.4158504e-06,0.055892825,0.13651962,0.019842446,3.5777209,4.1132851,1.1091549,2.7837773,19.163571
1919.4167,49.597353,12.050442,3.7508178e-06,0.71446682,1.595696,0.40741548,3.3679864,4.1114597,1.0061846,2.3776168,19.621003
1919.5,52.453179,12.648758,3.2840001e-06,0.82455074,1.8055744,0.80194915,3.3347342,4.1119547,0.94424599,1.1099044,23.69468
1919.5833,55.459127,13.190009,1.5650196e-06,0.60845638,1.3462736,0.66376723,3.5146415,4.1163926,0.95883912,0.89201357,24.687935
1919.6667,58.363322,13.684451,1.2489195e-06,0.42168625,0.94510481,0.44866571,3.7315385,4.1253281,1.0818074,0.55135087,24.796341
1919.75,60.836721,10.002261,1.14339e-06,0.11443598,0.23513589,0.045332402,3.9728067,4.1382513,1.3377254,0.73727561,17.145363
1919.8333,61.285082,0,1.1700173e-06,2.7561861e-22,0,0,4.0231142,4.1509209,1.6723646,0,12.036682
1919.9167,61.255015,0,1.1356851e-06,0,0,0,4.0393758,4.1623168,1.9833549,0,35.800411
1920,62.858023,0,1.1692257e-06,0,0,0,4.0817823,4.1727729,2.268681,0,12.361101
1920.0833,61.46495,0,1.2731163e-06,0,0,0,4.1039701,4.1817737,2.5142939,0,12.090954
1920.1667,61.254468,0,1.3886546e-06,0,0,0,4.1263885,4.1899171,2.7364886,0,12.055513
1920.25,61.115094,2.0851891,1.7711609e-06,0,0,0,4.1202998,4.1975188,2.9441891,94.249457,9.1681154
1920.3333,61.486725,8.1298072,1.5716893e-06,0,0,0,3.8655214,4.2015724,3.1000273,5.1251651e-11,0.00034442568
1920.4167,60.072031,8.6045424,1.7156633e-06,0,-9.925522e-08,0,3.5043151,4.1919208,3.1363952,6.8427136e-12,6.314276e-05
1920.5,55.288598,9.1963634,2.3719749e-06,0.0979962,0.14747791,0.032574533,3.0915997,4.1533003,2.9948914,22.119772,0.008529113
1920.5833,51.403213,16.129997,2.9373111e-06,0.68859509,1.6452056,0.60533196,2.6299257,4.0706625,2.7185333,63.670654,49.162171
1920.6667,54.72026,17.337877,3.634844e-06,0.40338486,1.022473,0.45685345,2.7080359,3.9803033,2.4922607,2.3442107,24.959693
1920.75,57.197563,8.6260568,5.1452021e-06,0.078969321,0.17240517,0.084013839,3.0447798,3.9042535,2.3636076,1.5638137,18.386142
1920.8333,57.447948,0,6.2031741e-06,2.6321898e-07,0,0,3.0278676,3.8375566,2.296087,0,11.440643
1920.9167,57.306673,0,6.3228877e-06,0,0,0,3.004998,3.7774072,2.237005,0,31.112508
1921,56.502618,0,5.8303149e-06,0,0,0,3.0258307,3.7222197,2.1827967,0,10.548572
1921.0833,54.55013,0,5.8885689e-06,0,0,0,3.0492141,3.6747112,2.1361315,0,10.195637
1921.1667,52.0535,0,5.872801e-06,0,0,0,3.0693948,3.6317303,2.0939136,0,9.7399873
1921.25,50.194293,2.0961741,5.8748369e-06,0,0,0,3.0807176,3.5914009,2.0547099,95.050146,7.9036293
1921.3333,47.06651,8.0307899,5.5424248e-06,0,1.4604548e-06,0,2.8712249,3.5472085,2.0309987,0.00010213496,0.0059312163
1921.4167,40.843576,8.4623555,6.5053659e-06,0.021104827,0.013799267,0,2.4104879,3.4763398,2.0074012,0.17840276,0.00016759642
1921.5,31.764142,14.693557,8.1601884e-06,0.73029339,1.7659428,0.65062728,1.721693,3.3550024,1.9750693,118.73689,60.130669
1921.5833,33.353344,19.728761,6.4758569e-06,0.84321833,2.4500376,1.0960438,1.4953936,3.1950438,1.9649917,2.4000142,27.924379
1921.6667,35.946649,20.475775,5.2316195e-06,0.50700555,1.4899252,0.65487537,1.3882852,3.0532651,1.9657968,2.0001422,22.454669
1921.75,37.894778,10.840358,6.3256271e-06,0.081412247,0.21232161,0.083272717,1.4199393,2.9296913,1.9672865,1.0484905,13.47132
1921.8333,38.084302,0,8.953728e-06,0.0086719719,0,0,1.4376837,2.8194203,1.968745,0,7.5061862
1921.9167,38.064599,0,9.3686022e-06,7.4589687e-23,0,0,1.4466783,2.7199388,1.9700595,0,22.261024
1922,39.214868,0,8.9864834e-06,0,0,0,1.4753053,2.6287045,1.9712726,0,7.7543898
1922.0833,39.154451,0,9.0720623e-06,0,0,0,1.4913658,2.5501988,1.9723229,0,7.7472543
1922.1667,39.079957,0,9.1137608e-06,0,0,0,1.503521,2.4792054,1.973279,0,7.3145201
1922.25,39.067283,5.5628377,8.31753e-06,0,0,0,1.506897,2.4127467,1.9740833,253.42919,10.851384
1922.3333,40.042099,21.492647,4.9799646e-06,0,0,0,1.5338702,2.3523109,1.9669681,3.2207635,12.750036
1922.4167,40.358935,22.310095,4.9752175e-06,0,4.0311353e-07,0,1.605882,2.2958124,1.93766,2.4404515,11.348078
1922.5,39.73962,23.119515,5.049772e-06,0.0011717511,0.0006492828,0,1.7102249,2.2401896,1.8796484,2.7130886,11.779868
1922.5833,38.329672,24.47707,5.2819178e-06,0.1606875,1.3787025,0.34996204,1.8485409,2.1767299,1.7925835,18.43465,16.217513
1922.6667,39.359875,26.095636,4.6033115e-06,0.1987703,1.7009119,0.64829841,1.9335194,2.1128709,1.698444,2.6670894,20.923549
1922.75,41.233171,19.860217,5.0535764e-06,0.048845448,0.357725,0.168838,2.0490627,2.0569625,1.6269159,1.8421562,16.027202
1922.8333,41.133683,0,6.4389242e-06,8.3160873e-06,0,0,2.0713432,2.0074422,1.5705334,0,8.6883671
1922.9167,39.770838,0,6.3496882e-06,0,0,0,2.0415285,1.960358,1.5202743,0,23.066482
1923,39.179955,0,2.1561523e-06,0,0,0,1.9993213,1.9140424,1.4739808,0,7.9653878
1923.0833,37.58638,0,2.1158046e-06,0,0,0,1.9814147,1.8717062,1.4167072,0,7.5110634
1923.1667,36.326427,0,2.2261631e-06,0,0,0,1.971489,1.8327283,1.2939609,0,7.242356
1923.25,35.144866,5.9427693,2.1359892e-06,0,0,0,2.1150405,1.7962359,1.1730155,271.4856,10.157113
1923.3333,35.124056,22.479473,1.5256561e-06,0,-1.3978587e-07,0,2.2752247,1.764459,1.1332765,3.600338,13.198867
1923.4167,35.1054,22.646518,1.6212759e-06,0.0031565455,0.0036713813,0,1.9172989,1.7390798,1.1245371,1.7309696,8.9602229
1923.5,37.796322,23.550799,1.7442226e-06,0.51092501,2.5985746,0.60075899,1.5657246,1.7206724,1.1205039,4.6762605,55.629642
1923.5833,42.10975,24.369361,2.0410716e-06,0.5475936,2.7429669,0.95655835,1.4937472,1.7130467,1.119944,1.4668823,44.663
1923.6667,46.156455,25.11261,1.969639e-06,0.3646619,1.7998487,0.68717343,1.7125986,1.72071,1.12078,1.2227915,51.439635
1923.75,50.65674,25.815992,1.7377691e-06,0.12509818,0.557682,0.21360088,1.9830775,1.7468504,1.1223892,1.2116166,56.735398
1923.8333,53.316105,5.2509429,1.5966664e-06,0.00048088246,0.0019868387,0.00077736315,2.167588,1.7907547,1.124138,0.3772211,20.713962
1923.9167,51.595476,0,1.655063e-06,0,0,0,2.1482997,1.8338487,1.1256204,0,28.538649
1924,50.985359,0,2.2909693e-05,0,0,0,2.1136484,1.8690826,1.126913,0,9.3072942
1924.0833,47.686923,0,4.1812127e-06,0,0,0,2.0949543,1.8955401,1.1203732,0,9.262822
1924.1667,45.751967,0,4.333916e-06,0,0,0,2.0982459,1.9184562,1.0946815,0,8.9221631
1924.25,44.329759,5.6992616,4.2609022e-06,0,0,0,2.0996139,1.9399704,1.0696839,260.23199,19.693093
1924.3333,45.475401,21.546505,3.5397741e-06,0,0,0,2.1297903,1.96387,1.062217,3.9673766,30.683814
1924.4167,48.892807,22.162065,3.9320644e-06,0.57988233,2.1405572,0.48260002,2.2031667,1.9979465,1.0616561,3.314583,79.084691
1924.5,55.424251,23.055458,2.8837815e-06,0.8433174,3.0302379,1.0859565,2.3512352,2.0494697,1.0622941,1.9796383,81.221053
1924.5833,62.697299,23.795569,1.7059252e-06,0.71665487,2.547199,1.0074357,2.7914276,2.1289642,1.0642858,1.0901107,113.94816
1924.6667,73.765315,24.465654,1.1629404e-06,0.4692023,1.6590319,0.67167576,3.636312,2.2478786,1.0675658,0.17921002,169.44887
1924.75,86.021073,7.2144601,8.4756664e-07,0.046175011,0.14825433,0.05218023,4.5642366,2.4251089,1.0718684,0.020870557,87.35465
1924.8333,86.829104,0,8.1648454e-07,0.0040608565,0,0,4.6005187,2.6148732,1.0760254,0,17.209856
1924.9167,86.737864,0,8.3455404e-07,0.00018986306,0,0,4.5742068,2.7860458,1.0797784,0,29.881192
1925,85.103899,0,1.5671848e-06,1.0974688e-12,0,0,4.4866953,2.9422164,1.0832275,0,7.3976858
1925.0833,78.720205,0,2.7821307e-06,0,0,0,4.3607931,3.0721622,1.0862288,0,6.7976253
1925.1667,75.111069,0,3.0857875e-06,0,0,0,4.2487893,3.1811938,1.0890518,0,6.4607268
1925.25,72.127789,3.5923128,2.9913301e-06,0,-2.0314022e-08,0,4.1960421,3.2744677,1.0919802,218.19123,24.871181
1925.3333,71.920089,18.072437,1.5750313e-06,0.0015618982,0.00028127524,0,4.3530788,3.3518791,1.0971975,0.0059220158,20.223066
1925.4167,73.766552,20.070599,1.4111095e-06,0.79896502,2.1342565,0.4811921,4.0968251,3.4088171,1.1024954,41.363123,53.923855
1925.5,82.091443,22.676282,8.5564579e-07,1.1179793,3.0760606,1.0696958,4.1299815,3.4612675,1.1039535,0.13329573,126.33789
1925.5833,94.946593,23.297202,7.0460601e-07,1.0003418,2.7300367,1.1114009,4.6001539,3.5487201,1.1045508,0.033042117,202.6654
1925.6667,117.6773,23.883952,5.8934745e-07,0.59302501,1.6265212,0.69783818,5.798048,3.7080348,1.1058786,0.0089168435,385.53787
1925.75,148.92976,24.449602,4.9161508e-07,0.33102314,0.89783136,0.38821172,8.3901443,4.0277658,1.1079208,0.00557025,252.7539
1925.8333,156.653,8.2727047,5.0339526e-07,0.018105714,0.043057428,0.018993269,10.989244,4.6193275,1.1104231,0.0012098704,53.781279
1925.9167,153.54982,0,7.0556348e-07,9.3198486e-05,0,0,11.015001,5.2902455,1.1127756,0,17.020904
1926,151.96909,0,2.5957536e-06,0,0,0,10.948109,5.9012332,1.1149306,0,11.997222
1926.0833,147.67423,0,9.568563e-07,0,0,0,10.899103,6.424994,1.1167859,0,11.748185
1926.1667,137.04342,0,9.9552597e-07,0,0,0,10.554475,6.8824592,1.1184638,0,10.968441
1926.25,129.82482,0,1.0996313e-06,0,0,0,10.282296,7.2841306,1.1200336,0,10.520502
1926.3333,124.59277,11.9713,7.8061947e-07,2.7702217e-07,2.2304907e-05,0,9.170208,7.5970745,1.1212229,139.30247,13.090316
1926.4167,123.74911,13.282786,7.2978793e-07,0.60818257,1.0206617,0.22294797,7.9091668,7.7784734,1.1207682,39.522413,121.72921
1926.5,148.63788,20.231485,5.4978085e-07,1.4697409,3.1751526,0.88888357,7.3113332,7.8670421,1.1199911,70.146234,430.8407
1926.5833,186.19514,22.669174,4.6510269e-07,1.0919543,2.5239323,0.81407907,8.7010832,8.0210629,1.1202136,0.069173168,432.26992
1926.6667,213.32617,23.16713,4.1446884e-07,0.76373209,1.7728738,0.59811378,11.862034,8.4081411,1.1212397,0.036957303,273.21094
1926.75,224.85226,15.198614,3.8976899e-07,0.22941496,0.49388593,0.15961961,16.456047,9.2300529,1.1226729,0.0042474147,66.299775
1926.8333,222.59808,0,3.9390653e-07,0.0035925492,0,0,17.556673,10.335302,1.124199,0,4.5168434
1926.9167,219.02974,0,5.4008711e-07,9.1621361e-08,0,0,17.480619,11.344432,1.1259699,0,13.698724
1927,216.18709,0,4.9950529e-07,0.00011869566,0,0,17.496996,12.252256,1.1288271,0,4.5869291
1927.0833,211.87481,0,5.6239384e-07,0,0,0,17.57111,13.018095,1.139312,0,4.5457594
1927.1667,200.39088,0,6.6199624e-07,0,0,0,17.589655,13.701903,1.2390479,0,3.9951319
1927.25,182.1488,0.3629335,7.8559503e-07,0,0,0,17.401005,14.336252,1.4881294,21.462607,4.1509344
1927.3333,171.74743,2.0593747,7.3108902e-07,0,0,0,15.285636,14.809557,1.5819101,0.0033006597,0.37698688
1927.4167,164.33094,2.6271145,8.0674442e-07,0.39096586,0.14340032,0.13101231,12.747484,14.947722,1.5897745,14.329872,0.40447414
1927.5,160.59855,5.1797954,7.0849075e-07,1.4083427,0.81376567,0.82448882,8.8145885,14.678537,1.5909917,20.703439,13.390461
1927.5833,105.16753,7.2904159,7.5715747e-07,1.1727011,0.95666279,0.92925529,4.5062842,13.974822,1.5908493,33.58508,22.206847
1927.6667,32.453515,12.73215,1.3471794e-06,0.7042843,0.91897109,0.53962111,3.8412907,12.918786,1.5915592,75.181589,32.03228
1927.75,32.868121,1.0199524,1.2941041e-06,0.0097156555,0.0058324741,0,4.1333718,11.862917,1.5929713,0.60244026,9.5514906
1927.8333,32.824125,0,1.1743549e-06,0.00019987841,0,0,4.134747,10.917189,1.5943336,0,6.4660604
1927.9167,32.740697,0,1.2220759e-06,7.3037595e-24,0,0,4.2282228,10.063506,1.5955621,0,19.709849
1928,33.737741,0,1.8227912e-06,0,0,0,4.3875036,9.2802687,1.5966868,0,4.1808443
1928.0833,33.275168,0,2.5619868e-06,0,0,0,4.4723487,8.6060505,1.5976527,0,0.26172677
1928.1667,32.674331,0,3.5334276e-06,0,0,0,4.5422902,7.9961214,1.598524,0,0.25757987
1928.25,32.350309,2.7842319,3.9442975e-06,0,9.8485973e-06,0,4.5183477,7.4249411,1.5993106,126.19422,20.960898
1928.3333,32.401737,10.718515,2.1093745e-06,0,8.2336441e-05,0,3.9080796,6.9042678,1.5979379,0.0045721663,0.012074845
1928.4167,25.535718,11.630775,2.6720688e-06,0.30581687,0.43432491,0.11882513,2.9156904,6.40941,1.5900165,50.974486,0.2603395
1928.5,21.276256,21.242097,3.1740979e-06,1.4281205,2.8922474,1.0779731,1.8049445,5.933619,1.5768133,73.13789,203.29187
1928.5833,52.3904,22.482997,1.3062499e-06,1.058821,2.1841062,1.0695022,2.8580358,5.5913,1.5676236,0.10404455,496.08801
1928.6667,87.591521,22.96447,8.3210341e-07,0.76192873,1.6095194,0.74390713,6.7036119,5.631866,1.5627202,0.029477862,311.24738
1928.75,101.77799,15.060412,7.0041574e-07,0.15594449,0.29660401,0.13905886,12.03846,6.2767649,1.5609106,0.025187845,42.395392
1928.8333,100.9989,0,6.9950949e-07,0.002963627,0,0,13.241703,7.3154135,1.5603292,0,3.8143085
1928.9167,98.615773,0,9.2004262e-07,0,0,0,13.296561,8.2848949,1.5598321,0,11.334623
1929,95.411055,0,1.3035218e-06,0,0,0,13.312445,9.1688547,1.5593799,0,3.7793377
1929.0833,94.06206,0,1.1956247e-06,0,0,0,13.491353,9.9265661,1.5589937,0,3.7721917
1929.1667,92.455603,0,1.3643551e-06,0,0,0,13.643504,10.610813,1.5586463,0,3.7527268
1929.25,98.376192,4.2036017,1.1073128e-06,0,6.1867019e-06,0,14.77425,11.271171,1.5583932,100.94598,182.63771
1929.3333,105.20811,8.7076379,8.1409695e-07,0,4.5636104e-05,0,20.872721,12.322623,1.559824,0.0021487963,7.7698686
1929.4167,104.04738,9.0974625,8.4456428e-07,0.24531735,0.20030074,0.091181446,27.06444,14.093302,1.5651852,2.6389412,17.706526
1929.5,105.01316,11.196874,7.9728017e-07,1.5641766,1.6389078,1.4140238,30.224924,16.194828,1.576679,40.134658,20.918378
1929.5833,106.21494,15.805045,6.9517785e-07,1.000977,1.5410349,1.2004219,33.453747,18.618347,1.5976015,62.481899,26.866467
1929.6667,108.3171,22.424038,6.1082699e-07,0.78669367,1.5749134,0.96494136,36.312534,21.478943,1.6278529,56.701198,68.204455
1929.75,113.93818,11.805916,5.4452607e-07,0.20262427,0.39314213,0.21823004,40.479637,24.986368,1.6682434,0.0060706099,47.417548
1929.8333,113.22019,0,7.3707474e-07,0.00068294213,0,0,41.447395,28.645477,1.7117302,0,7.3107917
1929.9167,111.82434,0,7.1758399e-07,3.0864352e-05,0,0,42.048748,31.944496,1.7516441,0,22.604403
1930,111.62835,0,7.6059735e-07,0,0,0,42.581562,34.944027,1.7888702,0,7.4370393
1930.0833,105.09007,0,8.6127807e-07,0,0,0,42.404598,37.475803,1.8217382,0,6.1858061
1930.1667,98.510742,0,9.6499627e-07,0,0,0,41.960178,39.635098,1.8533467,0,6.3486149
1930.25,96.007176,0.61198475,1.0099757e-06,0,8.1988942e-07,0,41.904629,41.560307,1.8847557,73.921151,21.391192
1930.3333,95.767684,6.4782947,7.1928935e-07,0,2.3887327e-05,0,41.262138,43.333885,1.9202131,0.00054829991,13.439071
1930.4167,94.602779,7.0994725,7.4500815e-07,0.018674348,0.0030318642,0,43.234657,45.175259,1.9740882,0.008982715,0.20345144
1930.5,93.666568,9.698309,7.76278e-07,1.0329803,0.98467891,0.66505015,45.030258,47.072712,2.0472364,51.232448,37.596288
1930.5833,95.909745,14.345058,6.5379726e-07,1.2576259,1.608956,1.2564487,44.004841,49.110523,2.1424599,45.147888,43.624348
1930.6667,99.402741,19.598158,6.0129582e-07,0.67766145,1.1266192,0.701178,44.335419,51.384037,2.2615268,49.484922,57.493429
1930.75,102.45525,11.114429,5.7994544e-07,0.09786819,0.13214784,0,46.655415,54.097393,2.4111292,1.5176341,22.639357
1930.8333,101.56759,0,6.0377954e-07,1.9888098e-18,0,0,47.702744,56.849915,2.5622158,0,6.7539951
1930.9167,100.16238,0,6.3291986e-07,0.00077616853,0,0,48.304939,59.186993,2.6854661,0,20.562267
1931,99.732406,0,6.6006828e-07,2.6796398e-08,0,0,48.835678,61.161594,2.7830522,0,6.9338552
1931.0833,98.040685,0,7.4434735e-07,3.0690151e-07,0,0,49.340065,62.707947,2.8512516,0,6.9212719
1931.1667,96.151449,0,8.1199477e-07,0,0,0,49.635448,63.957092,2.8959827,0,6.8988769
1931.25,94.223306,1.4546162,8.7677097e-07,0,8.6838117e-06,0,49.050117,64.973152,2.9200897,65.304657,25.793398
1931.3333,93.668051,5.8240741,7.6183215e-07,0,6.8202498e-05,0,46.378265,65.66069,2.9200447,0.0016284645,0.61354869
1931.4167,92.243753,6.7359218,7.8408328e-07,0.43583873,0.3021202,0.2099355,44.851021,65.998238,2.8971841,45.199142,1.6934044
1931.5,91.877759,11.402902,7.3446995e-07,1.5407383,1.5249729,1.411461,40.652065,65.932915,2.8658781,15.577482,21.686406
1931.5833,92.990562,13.494016,6.8895122e-07,1.2738106,1.5179951,1.5335445,36.002293,65.440247,2.8438303,27.157285,29.641976
1931.6667,95.300235,16.940763,6.2617403e-07,0.82236277,1.2139805,0.94418678,30.813904,64.532593,2.8339293,37.979232,41.568528
1931.75,98.287694,9.1889156,5.7468264e-07,0.12972956,0.18263641,0.13667028,27.407625,63.285233,2.8341622,3.9795621,31.664087
1931.8333,97.803459,0,5.7434676e-07,9.4629158e-05,0,0,26.92898,61.952469,2.8383329,0,9.6388088
1931.9167,96.509017,0,6.0036882e-07,0,0,0,27.124983,60.698494,2.841718,0,29.012063
1932,94.772391,0,7.4442596e-07,0,0,0,26.859118,59.486076,2.8442526,0,9.2845907
1932.0833,88.325828,0,6.8703201e-07,0,0,0,26.351736,58.346554,2.8451405,0,8.5410646
1932.1667,85.619107,0,7.2375963e-07,0,0,0,26.205038,57.204475,2.8441224,0,8.664242
1932.25,84.149465,1.762755,7.3855188e-07,0,0,0,25.546955,56.06905,2.8428459,79.364766,11.474961
1932.3333,83.67414,6.9797905,7.0153811e-07,0,9.8743709e-06,0,21.950453,54.761608,2.8448644,0.00093112274,1.384367
1932.4167,82.962431,7.5412914,7.2215619e-07,0,4.8119697e-05,0,18.548292,52.88559,2.8527155,0.0004667819,0.0031587464
1932.5,71.714319,9.9228257,7.9117405e-07,0.93611089,0.86649024,0.78895093,15.576043,50.315685,2.8574131,50.872381,11.183645
1932.5833,56.764599,13.352786,8.2567442e-07,1.1635134,1.2816597,1.4057385,14.20937,47.275539,2.86131,10.492817,26.742602
1932.6667,59.606176,15.149616,7.5239387e-07,0.79278357,0.98999782,0.98586867,12.334262,44.401699,2.8692124,18.49835,36.236251
1932.75,63.153647,11.310743,6.8220425e-07,0.23216779,0.319241,0.2876297,10.853321,41.681183,2.8819892,8.2960586,37.122961
1932.8333,63.895963,0,6.579175e-07,0.0013509913,0,0,10.37607,39.140617,2.8973763,0,11.006972
1932.9167,63.540787,0,6.7786823e-07,0.00041764834,0,0,10.363808,36.823887,2.9116356,0,32.827336
1933,63.329317,0,7.1043422e-07,0,0,0,10.254992,34.675697,2.9248505,0,10.49259
1933.0833,59.276775,0,7.9067894e-07,0,0,0,9.9656677,32.789417,2.9366281,0,10.020329
1933.1667,58.535617,0,8.6843067e-07,0,0,0,9.9138498,31.0492,2.947562,0,10.031992
1933.25,58.050033,3.1070609,8.7941248e-07,0,6.7196024e-06,0,9.6098738,29.39455,2.9578862,140.81567,9.4581232
1933.3333,58.160711,11.970056,7.106953e-07,0,4.7385594e-05,0,8.179306,27.826395,2.9704332,0.00033476268,1.505169
1933.4167,58.738377,13.544968,7.4197948e-07,0.53375617,0.70551956,0.30975036,7.1250496,26.24279,2.9870317,81.164838,14.60347
1933.5,63.593529,21.931507,6.8382138e-07,1.7159184,3.0012113,1.7285861,5.8420172,24.633303,3.0009077,37.454496,89.009268
1933.5833,75.005502,23.313219,5.914435e-07,1.3110455,2.3598742,1.7272997,6.4933147,23.106087,3.0174284,0.025728654,170.41789
1933.6667,93.680739,23.807945,5.0829692e-07,0.77439362,1.4141328,0.99764045,7.5732584,21.813776,3.0394402,0.028451628,287.98941
1933.75,118.8134,14.043608,4.4085724e-07,0.16094351,0.28425424,0.19596426,8.3412342,20.792604,3.0694659,0.014716763,196.77478
1933.8333,121.24133,0,4.4133202e-07,0.00051707562,0,0,8.5598192,19.998301,3.1030126,0,14.741145
1933.9167,120.12654,0,4.6058412e-07,8.1592871e-20,0,0,8.6734953,19.287218,3.1336362,0,43.68675
1934,111.24405,0,4.9005348e-07,2.1455698e-23,0,0,8.4370356,18.62512,3.1621485,0,12.247616
1934.0833,99.626578,0,5.3519045e-07,0,0,0,8.2064676,18.021303,3.1883965,0,11.960865
1934.1667,98.800756,0,5.596861e-07,0,0,0,8.3081045,17.460194,3.2127364,0,12.088536
1934.25,99.198781,2.6445321,5.6554774e-07,0,1.6367909e-07,0,8.4279947,16.930782,3.2355144,119.70629,64.621223
1934.3333,101.78585,10.238519,5.2531203e-07,9.8922765e-08,3.5165468e-05,0,9.0799618,16.531229,3.2606649,0.00016633476,0.0085156057
1934.4167,101.60355,13.612934,5.3764813e-07,1.1241668,1.420254,0.79183116,9.9108667,16.369696,3.2894182,98.483906,43.734416
1934.5,108.99988,21.029873,4.8051913e-07,1.7298595,2.7617746,1.9910879,11.251108,16.517185,3.3138535,26.2308,144.97555
1934.5833,126.56111,22.020658,4.1502736e-07,1.3930806,2.2447004,1.8976381,15.087738,17.157717,3.3449969,0.0018537588,240.84417
1934.6667,146.91684,22.492504,3.6230827e-07,0.99564985,1.5998051,1.3037469,19.722775,18.407743,3.3886273,0.0014423282,262.98811
1934.75,167.32432,18.470971,3.23752e-07,0.3033285,0.49733399,0.39201243,23.800854,20.407961,3.4514825,0.00085766391,233.84166
1934.8333,174.12218,0,3.1504572e-07,6.753833e-06,0,0,24.86937,22.921274,3.5287313,0,22.063774
1934.9167,172.89892,0,3.2874695e-07,2.636954e-19,0,0,25.196102,25.263786,3.6008952,0,60.165071
1935,171.75663,0,3.4512252e-07,0,0,0,25.373476,27.389582,3.6670389,0,4.3534508
1935.0833,167.72199,0,3.6350113e-07,0,0,0,25.753593,29.170761,3.7236953,0,4.1807646
1935.1667,160.44702,0,3.8986704e-07,0,0,0,26.051186,30.703693,3.7739847,0,3.575021
1935.25,152.30106,1.7245491,4.1040934e-07,0,0,0,25.667349,31.945366,3.8177903,89.462176,29.833958
1935.3333,146.88285,7.528462,3.9351892e-07,0,2.293645e-06,0,24.002302,32.765533,3.845782,0.00080148845,0.09284929
1935.4167,140.0506,7.89095,4.2030891e-07,5.5249841e-05,3.9706505e-05,0,24.32476,33.135063,3.8010588,0.00021615831,0.0020066798
1935.5,124.48479,10.864267,4.5853008e-07,0.96061721,1.0719507,0.65880263,25.120905,33.301228,3.7125661,81.999272,0.95237403
1935.5833,120.08645,15.655823,4.4330559e-07,1.3129827,1.7774749,1.3693727,24.391531,33.340176,3.6214998,0.40951742,118.31054
1935.6667,132.89739,16.076611,4.1054022e-07,0.89051564,1.2168547,1.0499209,23.247534,33.383751,3.5612233,0.035384885,205.97455
1935.75,152.21393,13.25561,3.7715591e-07,0.29582746,0.39029337,0.26397543,22.284557,33.51823,3.5281546,0.016278809,191.88436
1935.8333,153.78064,0,3.7642306e-07,0.0002351763,0,0,22.062914,33.733284,3.508419,0,1.7036845
1935.9167,145.4387,0,3.9970601e-07,0,0,0,21.815077,33.891922,3.4914923,0,1.9855395
1936,140.01319,0,4.1824305e-07,0,0,0,21.793045,33.973335,3.47561,0,0.510881
1936.0833,127.89401,0,4.5278529e-07,0,0,0,18.272024,33.895786,3.462503,0,0.27469474
1936.1667,120.60729,0,4.8598667e-07,0,0,0,15.407837,33.280716,3.45346,0,0.19201117
1936.25,117.83499,0.58107887,5.0378935e-07,0,9.6802468e-07,0,15.236053,32.602566,3.4416177,25.727018,23.270657
1936.3333,111.99974,2.4448312,5.0364258e-07,0,1.6934593e-05,0,13.819268,31.870382,3.4238713,0.00050759553,0.0027034054
1936.4167,69.576539,2.9698564,6.3271466e-07,0.37423412,0.14229262,0.17813032,14.471557,30.926626,3.4156773,14.372745,1.0747094
1936.5,26.941918,10.570699,9.8441819e-07,1.5838526,1.5372571,1.2582313,18.856636,29.697256,3.4154286,127.78376,8.9554569
1936.5833,34.421414,15.68917,9.3824286e-07,1.2007511,1.6498178,1.2937819,17.348557,28.362211,3.423141,0.75273351,242.66025
1936.6667,63.723773,16.106149,6.8142708e-07,0.85179479,1.186268,0.95912879,12.425121,27.137619,3.4374526,0.19642673,384.92636
1936.75,82.315683,13.263647,5.7177135e-07,0.20827735,0.26674876,0.21371986,11.430723,26.159229,3.4558136,0.02976482,53.260202
1936.8333,81.729911,0,5.7445351e-07,0.0043288999,0,0,11.751437,25.49185,3.4760501,0,1.5458213
1936.9167,79.996884,0,6.1672307e-07,4.331829e-07,0,0,11.965397,24.903812,3.4943955,0,3.3525353
1937,78.321941,0,8.3887863e-07,0,0,0,12.152255,24.345993,3.5108669,0,0.86658951
1937.0833,76.626919,0,7.2305431e-07,0,0,0,12.299437,23.849154,3.524683,0,0.29581929
1937.1667,74.646674,0,7.6973447e-07,0,0,0,12.393112,23.383331,3.5367887,0,0.2802265
1937.25,77.403642,0.96963096,7.7543763e-07,0,2.0784002e-08,0,12.258451,22.932562,3.5476313,43.52524,202.20502
1937.3333,88.414818,3.8745282,6.9117203e-07,0,4.1669082e-06,0,13.048113,22.669416,3.5486434,6.9093246e-05,0.020950659
1937.4167,86.560532,4.2261565,7.4517891e-07,0,2.7687856e-05,0,15.629342,22.841805,3.5242605,0.00040962184,0.043288128
1937.5,84.075667,7.0374086,8.1734476e-07,1.0708928,0.93059545,0.99416557,18.447727,23.422829,3.474508,84.736544,1.6681323
1937.5833,79.658829,16.447565,8.018776e-07,1.2574119,1.9241697,1.7346739,24.072409,24.532206,3.4241264,61.36008,156.79899
1937.6667,92.776567,17.810402,6.8074826e-07,0.78861988,1.2858213,1.1818105,34.008789,26.567778,3.3928602,2.5180306,196.13586
1937.75,102.51399,16.032532,6.003209e-07,0.24104393,0.39309118,0.34489323,43.975094,29.927254,3.3747661,1.3200503,44.083681
1937.8333,102.14247,0,5.9165382e-07,0.0036623567,0,0,47.633003,34.273888,3.3639853,0,2.4935574
1937.9167,100.39798,0,6.2330741e-07,2.2113237e-20,0,0,48.375957,38.381565,3.3547065,0,7.6006766
1938,98.329812,0,6.9635712e-07,7.476243e-07,0,0,49.108181,42.139935,3.3459487,0,2.3792855
1938.0833,96.772373,0,7.658291e-07,5.6529919e-09,0,0,50.018894,45.368011,3.3381767,0,2.3947661
1938.1667,94.898313,0,7.9640876e-07,0,0,0,50.798267,48.284718,3.3308997,0,1.5230332
1938.25,95.632501,0.62799494,7.714911e-07,0,5.845453e-06,0,50.569942,51.019901,3.3238008,27.706547,113.33444
1938.3333,100.29881,2.6820831,6.0326374e-07,0,3.733946e-05,0,54.532795,54.079681,3.3150799,0.00022875142,0.0057055787
1938.4167,97.620644,4.2755716,6.1586627e-07,1.0850326,0.4987563,0.90960107,63.614307,58.337852,3.2991872,36.243456,1.5933526
1938.5,96.624248,7.9523735,5.424132e-07,1.50157,1.0860986,2.0749761,66.777214,63.770103,3.2831564,27.227707,31.448179
1938.5833,99.819221,11.236641,4.8164213e-07,1.1434772,1.1839979,1.7782506,69.992851,70.669281,3.2754602,43.097036,70.613939
1938.6667,105.3216,16.166808,4.1604505e-07,0.78464352,1.1274552,1.1454833,71.784744,79.008606,3.2745097,58.486274,52.435477
1938.75,107.78957,20.380868,3.8197979e-07,0.34950917,0.58042514,0.46664798,78.198212,89.086922,3.2795887,25.781209,20.990278
1938.8333,107.65559,2.8292688,3.9487452e-07,0.0010431999,0.0018285456,0.0011918409,87.181198,100.67069,3.2894275,8.0377728e-06,4.7420778
1938.9167,105.92748,0,4.2129309e-07,3.689245e-06,0,0,89.927834,111.73917,3.2996371,0,11.116406
1939,102.23903,0,4.5081651e-07,0,0,0,90.920799,121.78525,3.3090689,0,3.3391306
1939.0833,96.654698,0,4.8466018e-07,0,0,0,90.971901,130.20576,3.3172321,0,3.1942505
1939.1667,94.173886,0,5.13423e-07,0,0,0,92.308723,137.64529,3.3247221,0,3.1721617
1939.25,92.250042,1.0401516,5.187847e-07,0,1.8855935e-06,0,90.079971,144.46175,3.3318937,53.414143,38.946844
1939.3333,92.670195,4.7668749,4.4615493e-07,0,1.7972545e-05,0,80.068581,150.20341,3.3385203,9.2959798e-05,0.058314827
1939.4167,91.003843,5.2581136,4.7256319e-07,0.12657473,0.057131722,0.028708727,79.930649,154.28787,3.3388803,3.2547854,0.78255859
1939.5,90.366885,9.6158441,4.6451103e-07,1.6987109,1.6116263,1.462755,74.782951,156.56807,3.3253763,103.95059,13.066032
1939.5833,96.9062,19.669319,4.0299548e-07,1.2830848,2.2671859,1.5633888,70.932938,157.63509,3.3017931,60.953815,212.06536
1939.6667,119.70884,20.902241,3.5158931e-07,0.84204139,1.5693351,1.0577689,76.599403,158.20984,3.2827048,0.0045540786,256.24931
1939.75,130.94382,13.033204,3.39786e-07,0.17435631,0.30082094,0.2027942,81.036621,158.78487,3.2735865,0.0014034194,39.068759
1939.8333,129.60282,0,3.6054999e-07,3.7477835e-05,0,0,82.990738,159.39403,3.2705739,0,3.1535309
1939.9167,125.56611,0,4.216925e-07,0,0,0,84.634125,159.81172,3.2669642,0,8.8824307
1940,119.8051,0,4.2711756e-07,0,0,0,85.968262,159.7052,3.2520866,0,2.4016044
1940.0833,114.12744,0,4.8837467e-07,0,0,0,87.585747,159.00739,3.1739686,0,2.8586209
1940.1667,108.75407,0,5.6676384e-07,0,0,0,89.126434,158.22035,3.0641057,0,2.7989167
1940.25,106.5614,0.81571203,5.6877792e-07,0.015388899,0.0026080149,0,89.393471,157.47716,2.9614062,36.194467,133.86225
1940.3333,112.90143,3.6787381,4.7137945e-07,0.65140963,0.28349395,0.34702468,84.766846,156.70589,2.8793018,6.236236,60.154365
1940.4167,121.63361,4.5226221,4.2083465e-07,1.687969,0.82007412,1.4906206,74.114952,155.69176,2.817343,0.82046449,180.83819
1940.5,133.44228,5.1463475,3.589364e-07,1.5005383,0.81552928,1.7729312,63.413574,154.48248,2.7902117,1.3656445,143.92886
1940.5833,140.89103,5.7656034,3.1743588e-07,1.2065137,0.72307797,1.4800374,56.178879,153.12633,2.7854917,0.9117326,96.948364
1940.6667,144.2968,6.3307546,2.9445684e-07,0.76702802,0.50454427,0.96209765,52.473377,151.72987,2.7956722,0.47999085,44.96084
1940.75,143.27523,4.5626648,2.9454804e-07,0.195695,0.12289893,0.23424748,52.493504,150.33281,2.818428,0.0050271072,6.012881
1940.8333,139.63754,0,3.1238272e-07,0.0066887613,0,0,53.224026,148.93317,2.8486996,0,0.90200479
1940.9167,135.60449,0,3.3440429e-07,1.7441359e-19,0,0,53.814049,147.49464,2.8801694,0,2.3590188
1941,131.65796,0,3.5754357e-07,0,0,0,54.349709,146.00862,2.9131713,0,0.73471601
1941.0833,127.4447,0,3.8086318e-07,4.0926107e-06,0,0,54.89764,144.60454,2.9453988,0,0.65844096
1941.1667,122.44342,0,4.0674092e-07,1.1089925e-07,0,0,55.332424,143.22668,2.9798527,0,0.54337093
1941.25,114.70634,0.049240269,4.3065896e-07,0.00027711213,1.6735275e-06,0,53.671909,141.61745,3.0746617,1.6794189,5.3335082
1941.3333,110.40793,0.55104663,3.9920923e-07,0.11937194,0.0077108765,0.018145442,47.161495,139.70889,3.2314196,0.082756912,0.018646454
1941.4167,108.24742,1.6145691,4.0094986e-07,1.5712921,0.32723778,0.88459119,43.284882,137.14595,3.4413283,16.240339,4.0055392
1941.5,107.17468,5.3084302,3.6673731e-07,1.4564782,0.8637179,1.2384283,37.859734,133.87999,3.7237072,61.424306,8.2901687
1941.5833,111.29486,10.815735,3.4297693e-07,1.2779305,1.4232608,1.3647327,33.904423,129.96967,4.0011473,60.799202,104.1455
1941.6667,121.13963,16.116662,3.1957018e-07,0.82441292,1.2938195,0.92036973,32.643517,125.79097,4.2865777,27.5278,140.79087
1941.75,128.83209,10.248468,3.1277827e-07,0.26934009,0.37060132,0.257969,34.703136,121.96141,4.6220441,0.0085150595,38.195777
1941.8333,127.34203,0,3.2605411e-07,0.00031449598,0,0,35.503689,118.57044,4.9891267,0,0.71100846
1941.9167,124.98482,0,3.4688449e-07,2.4393848e-24,0,0,36.262253,115.44627,5.3625698,0,1.8739653
1942,122.69625,0,3.7046601e-07,0,0,0,37.096817,112.51266,5.7513032,0,0.56448962
1942.0833,120.04095,0,3.9356672e-07,0,0,0,37.811359,109.9371,6.130518,0,0.18673909
1942.1667,116.7042,0,4.1805876e-07,0,0,0,38.395054,107.56618,6.532599,0,0.0030748507
1942.25,113.27738,0.047894722,4.3435801e-07,0,1.9860208e-06,0,38.153355,105.30022,7.0030208,2.3899023,25.375816
1942.3333,112.61975,0.45284795,4.1083564e-07,0,2.1611262e-05,0,34.81316,103.02077,7.946157,2.3883496e-05,0.077666879
1942.4167,111.13095,0.86693297,4.3973648e-07,0.65876495,0.096214464,0.19256201,33.139477,100.47688,9.0048685,6.93883,0.22836099
1942.5,109.99765,2.9823943,4.2370624e-07,1.6256947,0.60653994,0.67392121,29.021097,97.564697,9.5986872,42.183503,0.4152796
1942.5833,110.70336,8.0748415,4.0336764e-07,1.253549,1.1010124,0.73154324,25.540651,94.167046,9.6968803,53.482171,45.445154
1942.6667,116.65542,12.051739,4.0141032e-07,0.89793558,1.1039727,0.64279445,23.975765,90.481743,9.3956709,41.341447,79.429889
1942.75,120.04532,12.211669,3.9781213e-07,0.15534164,0.22355616,0.1033839,22.238754,86.530334,9.0419207,8.8480419,10.413458
1942.8333,118.72103,0,4.1881654e-07,0.0002523179,0,0,21.970278,82.515419,8.7761393,0,0.0018944207
1942.9167,115.78476,0,4.4983526e-07,0,0,0,22.499311,78.811028,8.4916878,0,0.0018868248
1943,112.05421,0,4.8454297e-07,0,0,0,22.93215,75.375977,8.065115,0,0.0018733739
1943.0833,108.35703,0,5.212471e-07,0,0,0,23.367996,72.387527,7.3883481,0,0.0018637386
1943.1667,104.47159,0,5.6116772e-07,0,0,0,23.776159,69.678589,6.7207541,0,0.0018608605
1943.25,100.51098,0.005807884,6.0355603e-07,0,7.4032293e-08,0,24.084354,67.140327,6.0847502,0.96659426,0.44213875
1943.3333,98.849244,0.17022237,6.302397e-07,0,1.2752266e-05,0,21.277567,64.613075,5.5473714,3.6144063e-05,0.0013754209
1943.4167,98.636165,0.32204244,8.5076232e-07,0.042056368,0.0018477741,0.0050384321,18.074224,61.352112,5.1359158,0.067469547,0.0060337131
1943.5,78.759506,0.87576971,1.3095614e-06,1.3020014,0.15278315,0.65321598,13.021396,57.077927,4.7871704,11.757723,0.39956587
1943.5833,33.038385,3.2418426,1.8170155e-06,0.99251999,0.40997559,0.75573439,7.5667477,52.096878,4.5431333,43.092978,2.6708903
1943.6667,3.3679581,8.5177096,8.6166974e-06,0.63789446,0.64355796,0.58141499,6.5032973,47.187511,4.4366374,57.447388,2.8801426
1943.75,2.4621063,10.66245,9.643768e-06,0.26839033,0.32201687,0.25420936,5.873817,42.62801,4.4431996,7.5497814,4.0020507
1943.8333,2.8273885,0.36517353,2.1681295e-05,0.0010911738,0.00030442072,0.00067196761,5.3385792,38.507011,4.5346775,0.003098923,0.36627083
1943.9167,2.7850673,0,2.7491766e-05,3.5049916e-14,0,0,5.1980715,34.788975,4.6338258,0,0.14753279
1944,2.7194985,0,2.9572167e-05,0,0,0,5.09131,31.37788,4.7240434,0,0.001865302
1944.0833,2.6545192,0,3.176248e-05,0,0,0,4.8991709,28.441666,4.8009911,0,0.0018630182
1944.1667,2.5908391,0,3.3948552e-05,0,0,0,4.5447893,25.785503,4.8698816,0,0.0018607552
1944.25,2.6975821,2.0395187,2.9774068e-05,0,0,0,3.9191823,23.298265,4.9331965,92.745839,7.4444898
1944.3333,3.1315505,7.7487547,1.2018839e-05,0,3.1800112e-06,0,2.8828361,21.0508,4.9542499,1.2192971e-05,2.9821593e-06
1944.4167,2.4879994,7.9110973,1.4126823e-05,0.00061630453,1.6056449e-05,0,2.320713,19.014898,4.8691378,0.00045317153,2.7486008e-06
1944.5,1.7306405,11.335506,2.461907e-05,0.63303303,1.2153718,0.52869019,2.0800207,17.176062,4.6448154,88.695441,10.783654
1944.5833,6.3162842,16.139111,4.3132682e-06,0.82951934,1.8186143,1.1202059,2.7498784,15.504282,4.2835059,6.1184084,94.218002
1944.6667,19.198243,16.64298,1.8091492e-06,0.49722502,1.1191102,0.75757681,2.9622142,14.081465,3.8863773,0.88814212,170.07623
1944.75,40.979996,14.706497,1.1488121e-06,0.13943275,0.31637639,0.20206271,3.3344476,12.904016,3.5485482,0.012630325,278.19409
1944.8333,52.886471,0,1.0777077e-06,9.9142144e-06,0,0,3.5789349,11.958708,3.2668817,0,10.313509
1944.9167,52.854143,0,1.6589789e-06,9.3392555e-06,0,0,3.5293326,11.124799,3.0156693,0,31.556835
1945,54.508209,0,1.6219617e-06,1.8015495e-28,0,0,3.4755888,10.359611,2.785171,0,10.64952
1945.0833,54.012075,0,1.7285192e-06,0,0,0,3.4128871,9.7007942,2.5867434,0,8.34811
1945.1667,53.259518,0,1.8225571e-06,0,0,0,3.337956,9.104495,2.4072537,0,5.8571375
1945.25,52.459329,0.85899868,1.8940119e-06,0,2.0414328e-07,0,3.2562335,8.5456696,2.2402492,104.19749,9.5187903
1945.3333,53.689599,8.8054165,1.1045416e-06,0,8.1246945e-06,0,3.8852575,8.0870371,2.0911658,6.022301e-07,0.0032205179
1945.4167,54.940872,9.192436,1.0892818e-06,0.01036559,0.0071039364,0,5.1899018,7.8514585,1.9563944,0.096850942,0.0047115715
1945.5,61.187349,15.684253,1.0267835e-06,0.78046495,2.0372899,0.930561,6.790885,7.8646975,1.8374802,100.68491,257.70855
1945.5833,98.971687,18.884711,7.0921391e-07,0.7011826,1.9667013,1.2362701,9.7386618,8.1741343,1.7576425,0.016052531,446.29942
1945.6667,127.92239,19.469885,5.5699155e-07,0.51416142,1.434788,0.93528035,14.079611,8.9414396,1.7211744,0.0079091529,300.28299
1945.75,140.70429,12.214055,5.0026307e-07,0.12062485,0.32380595,0.21069441,19.68434,10.419529,1.7183126,0.0089756476,55.802605
1945.8333,139.29386,0,5.067439e-07,5.5546374e-11,0,0,20.937803,12.304528,1.7336953,0,0.98430508
1945.9167,136.25231,0,5.2861873e-07,0,0,0,21.037682,14.022223,1.7485291,0,2.9820303
1946,133.82214,0,6.3147104e-07,0,0,0,21.178448,15.574903,1.7619557,0,1.0125683
1946.0833,128.72428,0,5.8763692e-07,0,0,0,21.134413,16.887018,1.7732903,0,0.91070784
1946.1667,123.55249,0,6.1811238e-07,0,0,0,21.050385,18.035158,1.7831544,0,0.54678908
1946.25,119.26863,0.11047076,6.4318402e-07,0,6.1901971e-08,0,20.807999,19.075922,1.7921827,19.75654,28.043478
1946.3333,117.85962,2.0093676,5.159485e-07,0,1.3117132e-05,0,17.291231,19.90163,1.7984931,2.2571825e-05,0.001056835
1946.4167,114.6531,2.6368985,5.4803348e-07,0.027884192,0.0043933004,0,15.850791,20.35363,1.7929906,0.11340513,0.002966495
1946.5,111.58254,5.8631198,5.6104102e-07,0.97364551,0.88909275,0.69670214,13.884199,20.476166,1.7690378,77.062217,1.0834233
1946.5833,113.50402,12.630892,5.2951816e-07,0.79857388,1.3290708,0.78984248,12.970503,20.404835,1.749012,31.064251,110.28487
1946.6667,122.81768,13.747643,5.0044582e-07,0.55124759,0.98585531,0.65112846,13.125722,20.372021,1.7533487,3.3778153,136.93154
1946.75,128.43777,14.428147,4.8474357e-07,0.22774233,0.39300792,0.27188242,13.952151,20.469988,1.7818433,0.093375393,37.629353
1946.8333,126.85646,0.98134112,4.9166636e-07,0.00046158854,9.6116941e-08,0,14.552594,20.715479,1.830536,0.0018011388,1.1852119
1946.9167,123.09627,0,5.1421165e-07,3.3803629e-06,0,0,14.556185,20.957556,1.8803182,0,1.4290207
1947,118.32403,0,5.4597956e-07,0,0,0,14.573892,21.150948,1.9276741,0,0.60511983
1947.0833,112.65103,0,5.7932567e-07,0,0,0,14.475903,21.28574,1.9706198,0,0.51318107
1947.1667,109.51848,0,6.0708948e-07,0,0,0,14.491763,21.379206,2.0121243,0,0.46500118
1947.25,107.47004,0.43734364,6.1902955e-07,0,2.6632832e-06,0,14.206012,21.442116,2.0546808,18.829299,59.423034
1947.3333,108.26849,2.0250445,5.9684692e-07,0.00010552978,3.1454495e-05,0,12.14678,21.346806,2.1250167,7.3142222e-05,1.653263
1947.4167,105.77179,3.2613792,6.2251007e-07,0.81625891,0.43282398,0.37045382,9.570488,20.912119,2.2075384,33.644309,2.6038951
1947.5,104.58097,11.370607,6.2638628e-07,1.3243213,1.8347583,0.94494711,6.8354955,20.079828,2.2912176,99.17589,77.337306
1947.5833,109.0192,15.592387,6.875191e-07,0.98305213,1.81877,0.96165848,6.1062627,18.955017,2.4006844,23.743674,292.53487
1947.6667,108.65673,18.953009,6.8114065e-07,0.53819189,1.1712538,0.63583898,7.659421,17.786182,2.5320528,36.581546,162.33664
1947.75,113.41219,12.238525,6.4930015e-07,0.049821467,0.12486721,0.035304468,9.9874182,16.888147,2.7007167,6.1185555,9.9692187
1947.8333,111.85718,0,6.6625375e-07,0.001732875,0,0,10.551148,16.2358,2.886519,0,1.3575768
1947.9167,109.91687,0,7.0639504e-07,3.8142204e-05,0,0,10.710854,15.652911,3.0624738,0,4.085844
1948,108.19318,0,7.5044017e-07,2.7853705e-06,0,0,10.808883,15.114183,3.2319124,0,1.2987549
1948.0833,106.33291,0,7.8843709e-07,0,0,0,10.907876,14.646817,3.3857934,0,0.99068733
1948.1667,103.96432,0,8.6535101e-07,2.4030177e-10,0,0,10.962964,14.21964,3.5344203,0,0.0011306644
1948.25,101.72074,1.1785148,8.6470965e-07,0,2.3434024e-06,0,10.690027,13.811485,3.6857467,52.857025,39.894433
1948.3333,101.05318,4.7323648,8.0790926e-07,0,2.3175083e-05,0,8.2738123,13.352962,3.8178821,3.745166e-05,0.0011654232
1948.4167,89.894883,5.1999977,9.0535337e-07,0.0061673836,7.5850862e-05,0,5.2158394,12.703099,3.9111626,0.00061874087,0.0013022786
1948.5,24.586063,7.8343647,2.4528042e-06,0.76202934,0.78495032,0.51516348,2.6833434,11.799799,3.9605436,72.129972,14.281951
1948.5833,15.843337,17.428475,2.9892169e-06,1.0039865,1.9070544,1.1439101,3.5543306,10.795518,3.9516041,119.27134,137.34212
1948.6667,31.492326,22.830527,1.8077608e-06,0.59964678,1.4061061,0.77767404,5.5298514,10.015153,3.899086,1.3979365,186.66992
1948.75,40.210936,5.9739165,1.743044e-06,0.05101811,0.10758177,0.061129487,7.2442489,9.5407505,3.8397679,0.13688706,22.213513
1948.8333,39.726023,0,2.1518217e-06,2.482081e-06,0,0,7.178731,9.2047539,3.7879212,0,1.0896639
1948.9167,39.066192,0,2.3293039e-06,0,0,0,7.203033,8.9018135,3.7408779,0,3.3837334
1949,38.436022,0,2.3987952e-06,0,0,0,7.3294744,8.6235476,3.6974952,0,1.0721515
1949.0833,37.278298,0,2.5099071e-06,0,0,0,7.3600397,8.3834715,3.660037,0,0.66850379
1949.1667,36.069915,0,2.6927507e-06,0,0,0,7.3751082,8.1654472,3.6261573,0,0.0011325206
1949.25,38.819697,2.4252741,2.462715e-06,0,4.7232528e-07,0,7.6103988,7.9623046,3.5941861,109.73061,153.96331
1949.3333,47.703978,9.4124191,1.631778e-06,0,9.4870315e-06,0,10.434664,7.8974457,3.5521524,4.7660728e-05,0.0011586222
1949.4167,45.861375,9.8952819,1.7748174e-06,0.011036199,0.0023133581,0,14.576544,8.1699286,3.4702446,0.0074152273,0.0011684793
1949.5,45.714494,15.172,1.897026e-06,0.88742223,1.6212913,0.80434086,16.660919,8.726552,3.3312404,115.84711,142.00503
1949.5833,71.128659,22.34338,1.2214865e-06,0.93789429,2.1763839,1.3486248,15.295274,9.4641485,3.1707983,42.449962,371.31415
1949.6667,101.6044,25.148861,8.6324036e-07,0.71475835,1.7846495,1.1548287,17.522003,10.553885,3.0403321,5.4800671,327.5756
1949.75,117.35555,25.638463,7.1322432e-07,0.2161144,0.50046565,0.27663377,23.621391,12.319205,2.9364715,0.13815196,64.134934
1949.8333,117.43046,6.9159158,6.9164099e-07,0.0053022702,0.0038334077,0,29.460751,14.945008,2.8528414,0.057883872,2.7760327
1949.9167,115.40426,0,7.1525847e-07,0,0,0,29.962534,17.708513,2.7801728,0,7.4536078
1950,113.46103,0,8.4980906e-07,0,0,0,30.118618,20.236748,2.713469,0,2.4409725
1950.0833,106.77701,0,8.0488866e-07,0,0,0,29.961843,22.396292,2.6562586,0,2.2214532
1950.1667,100.99366,0,8.7346012e-07,0,0,0,29.813435,24.298155,2.6059895,0,2.1113195
1950.25,102.21459,0.62185031,8.5392264e-07,0,1.9775376e-06,0,29.475626,26.065201,2.5591011,37.084749,183.18775
1950.3333,111.93921,3.4201199,6.2124457e-07,0.0022365423,2.5466455e-05,0,31.421631,27.95409,2.5141559,4.6364927e-05,0.0016147082
1950.4167,109.44477,4.4547231,6.5705132e-07,0.64323992,0.32589528,0.29606278,36.784382,30.298256,2.4600227,28.847502,1.4184399
1950.5,108.0867,12.345528,6.1689883e-07,1.6848356,1.9151632,1.4862439,38.964336,32.887657,2.3888924,148.79803,21.047372
1950.5833,123.78027,20.037532,5.5430195e-07,1.2665649,2.2350673,1.2743905,45.827545,35.904972,2.3102701,4.3882649,357.24846
1950.6667,151.48841,20.917742,4.7907173e-07,0.87757513,1.6023707,0.92733191,56.718502,39.636848,2.2551894,5.1827028,286.89906
1950.75,163.84909,21.599608,4.3999677e-07,0.36484753,0.67207096,0.31524459,68.442833,44.478149,2.2421181,0.86086056,76.713399
1950.8333,163.62354,0,4.2885517e-07,0.014179736,0.0014096385,0,73.528351,50.278061,2.2616277,0,2.3123573
1950.9167,160.4901,0,4.4055838e-07,0.0001998951,0,0,73.763954,55.791649,2.2851005,0,6.211276
1951,151.24065,0,4.6669933e-07,0,0,0,73.188988,60.823639,2.3066912,0,1.774989
1951.0833,138.83683,0,5.0491104e-07,0,0,0,72.002602,65.010063,2.3255682,0,1.2211912
1951.1667,133.9391,0,5.2999997e-07,0,0,0,72.200905,68.71962,2.3429904,0,0.78999147
1951.25,129.67068,0.11160902,5.5469991e-07,0,4.8593319e-07,0,72.160278,72.12104,2.3600433,20.065519,43.490683
1951.3333,129.7553,1.9336146,5.3506454e-07,0.00059227759,2.5549737e-05,0,70.000114,75.090454,2.3924928,3.6940675e-05,2.8120263
1951.4167,126.93436,2.6401738,5.5272761e-07,0.95205825,0.28436816,0.59528024,65.899086,77.298485,2.5136254,17.576849,11.521802
1951.5,125.88654,7.0731379,4.5540298e-07,1.6116332,1.134968,1.3947738,54.105396,78.905952,2.7473116,78.049807,21.467737
1951.5833,129.55181,16.355628,3.9465988e-07,1.2120389,1.6943007,1.0849184,48.743008,80.170464,3.1342297,76.566195,107.45101
1951.6667,143.58428,18.134722,3.4635823e-07,0.91922862,1.4023109,0.82332354,49.373768,81.357002,3.7279487,0.10978333,207.65792
1951.75,151.75551,7.7062496,3.2629089e-07,0.1355481,0.18795077,0.10744934,51.931248,82.744209,4.5731673,0.0033377728,22.67749
1951.8333,149.30922,0,3.3378527e-07,0.0027850908,0,0,52.403038,84.161713,5.5359344,0,2.8434163
1951.9167,146.46389,0,3.5355498e-07,8.2727333e-24,0,0,53.495533,85.401207,6.5418315,0,0.48795816
1952,142.6934,0,3.7988715e-07,0,0,0,54.50346,86.498367,7.6283464,0,0.0011042289
1952.0833,138.33827,0,4.0193126e-07,0,0,0,55.320278,87.420464,8.6980047,0,0.0010914881
1952.1667,134.28923,0,4.2460422e-07,0,0,0,56.184246,88.248886,9.7266436,0,0.0010873395
1952.25,130.14346,0.018778332,4.3654745e-07,0,5.5115856e-07,0,55.516869,88.974457,10.685608,0.41940755,14.054721
1952.3333,121.20917,0.21892617,4.1976278e-07,0,5.5657703e-06,0,51.658085,89.39489,11.454644,2.4034694e-05,0.001222915
1952.4167,114.17022,0.43380103,4.6030053e-07,0.01567458,0.00033273673,0,51.51228,89.306412,11.899707,0.00053435035,0.00050275718
1952.5,107.51931,1.1011281,5.4526907e-07,1.3749979,0.20617141,0.7887231,53.570187,88.689545,11.942092,12.645763,0.10745525
1952.5833,103.13567,2.6510172,6.2818913e-07,1.1191241,0.37621874,0.96548144,54.427895,87.488869,11.556308,17.214774,0.19279009
1952.6667,100.71163,4.1462779,7.1421493e-07,0.83334622,0.40152164,0.73802235,53.386822,85.738602,10.875854,14.106841,2.6168264
1952.75,100.77032,4.9022785,7.2325753e-07,0.26421447,0.13216461,0.23197583,46.517738,83.417496,10.268412,2.4391276,3.5612434
1952.8333,99.39453,0.67066605,7.0530899e-07,0.016374268,0.0014906425,0.0013771633,40.724976,80.62088,9.8115406,0.012738479,1.1714506
1952.9167,95.818818,0,7.454093e-07,0.00010396787,0,0,41.300739,77.888809,9.3647289,0,0.18743661
1953,91.34502,0,8.5737065e-07,5.6887504e-24,0,0,42.165298,75.363876,8.9121323,0,0.0010905224
1953.0833,86.087786,0,1.0269073e-06,6.6265674e-08,0,0,42.726711,73.176559,8.5086622,0,0.001066656
1953.1667,82.580626,0,1.1440073e-06,1.5970181e-07,0,0,43.484287,71.187134,8.1376877,0,0.0010607023
1953.25,59.44401,0.3471344,1.3011174e-06,0.0078692812,3.1538955e-06,0,34.759098,69.179092,7.7855291,15.271029,3.2709042
1953.3333,5.6290971,1.6717459,9.7754037e-06,0.49470957,0.10139312,0.2070019,6.7754316,64.412674,7.4896145,11.276769,1.0314307
1953.4167,9.6677737,3.9387271,4.4796898e-06,1.6443055,0.54173399,1.3205499,5.2062721,58.969967,7.2724204,17.971108,44.278425
1953.5,18.447077,4.6410314,1.762603e-06,1.724569,0.63255468,2.0549108,4.465066,54.092968,7.1377649,0.21818299,105.55176
1953.5833,28.906569,4.999103,1.1071485e-06,1.1621502,0.44432449,1.4906734,4.5709109,49.802948,7.0699677,0.18556013,83.43503
1953.6667,36.857322,5.3436784,8.2919621e-07,0.86040034,0.35323379,1.0918784,5.7299175,46.411888,7.0570021,0.19045231,66.19929
1953.75,42.906564,4.7382927,6.4138607e-07,0.19881847,0.084360803,0.23039603,7.2160439,44.030659,7.0908895,0.10298478,40.152493
1953.8333,44.461146,0,6.1496786e-07,3.8641485e-05,0,0,7.9387598,42.489941,7.1543937,0,3.9968077
1953.9167,43.439217,0,8.6659901e-07,7.0814926e-24,0,0,8.1343517,41.087536,7.2209821,0,3.177664
1954,40.935084,0,1.0099749e-06,0,0,0,8.0887365,39.414448,7.3735404,0,0.1035758
1954.0833,38.707878,0,1.072758e-06,0,0,0,8.2220058,37.784988,7.6070061,0,0.0010924966
1954.1667,36.70897,0,1.2504875e-06,0,0,0,8.3409262,36.304016,7.8191113,0,0.0010378608
1954.25,36.107086,0.3807937,1.2303207e-06,0,1.4054331e-10,0,8.6244631,34.914879,8.0149612,16.776172,35.274856
1954.3333,38.768355,1.6641918,1.0748599e-06,0.22278939,0.050653544,0.12204101,10.659591,33.835423,8.1381941,3.6553692,0.1991479
1954.4167,37.553694,3.2456226,8.8595868e-07,1.5088879,0.54158266,1.7514768,11.30962,33.272617,8.1530361,16.259895,6.8712087
1954.5,39.791912,4.1689659,5.7813378e-07,1.3388651,0.59157024,1.9166849,10.611804,33.290245,8.1375303,5.7930008,17.105204
1954.5833,43.080159,5.208509,4.5125086e-07,1.093784,0.57708344,1.5988116,11.344996,34.010284,8.146656,11.958296,20.466987
1954.6667,46.741135,6.3258442,3.8288792e-07,0.70189289,0.42178889,1.0235614,13.017752,35.483486,8.191968,4.8157176,35.182645
1954.75,51.629189,6.7098876,3.4627581e-07,0.25057393,0.14500392,0.35330489,15.693298,37.812656,8.2778521,0.10656267,42.555628
1954.8333,55.655688,2.3003081,3.5487162e-07,0.0098828941,0.0054004375,0.0095142694,18.435427,40.942997,8.4050674,0.017646181,24.086114
1954.9167,54.723233,0,3.8337492e-07,2.2201431e-21,0,0,18.97076,44.07032,8.5445585,0,10.880022
1955,53.020112,0,4.12871e-07,1.1615903e-06,0,0,19.18293,46.752705,8.6812582,0,0.0010157647
1955.0833,50.606888,0,4.4487729e-07,2.0778722e-06,0,0,19.370949,48.89188,8.8099222,0,0.0010123219
1955.1667,48.644383,0,4.7738649e-07,0,0,0,19.473757,50.606998,8.9379416,0,0.00097042394
1955.25,47.80937,0.44082952,4.8792128e-07,0,1.0184321e-06,0,19.182568,51.996529,9.0661678,26.411681,13.906612
1955.3333,48.999097,2.3679046,4.1757096e-07,0.025698079,0.0033526556,0,18.35626,52.947212,9.3153543,0.0081728831,0.00067408868
1955.4167,45.892753,3.7327248,4.5788528e-07,1.0037928,0.49366592,0.52235638,19.294962,53.904961,9.6818523,25.840698,0.90880877
1955.5,47.587007,5.0491923,4.1955448e-07,1.2218219,0.72002845,0.97379385,18.819101,55.15506,9.776001,0.78751826,84.296822
1955.5833,56.387749,5.40666,3.6344474e-07,1.0516093,0.64898469,1.0094788,18.406639,56.749237,9.6432381,0.79751642,69.883042
1955.6667,64.021334,5.6895535,3.3850114e-07,0.68774981,0.44244673,0.77216781,18.769917,58.664234,9.5393505,0.012166672,93.846637
1955.75,74.891388,4.0010768,3.2929475e-07,0.17152928,0.10940019,0.19579906,19.627279,60.924747,9.502779,0.010410079,104.69061
1955.8333,76.910526,0,3.4557269e-07,3.3121305e-07,0,0,20.189049,63.217243,9.4926443,0,0.0023581618
1955.9167,75.317226,0,3.7214599e-07,0,0,0,20.561024,65.10894,9.4829521,0,0.00504548
1956,73.496886,0,4.012289e-07,0,0,0,20.860456,66.614876,9.4697514,0,0.0023806395
1956.0833,69.939122,0,4.3529249e-07,0,0,0,20.976765,67.637421,9.441515,0,0.0023084601
1956.1667,65.375336,0,4.746995e-07,0,0,0,21.013351,68.442787,9.4018173,0,0.0022033288
1956.25,62.98849,0.021729586,5.0528325e-07,0,0,0,21.080214,69.183861,9.3607597,0.43210585,0.6406878
1956.3333,62.022507,0.27707664,5.1641928e-07,0,2.7566008e-06,0,20.504116,69.878113,9.2621765,7.1623328e-06,0.066063905
1956.4167,49.86845,0.57561084,5.9392909e-07,0.0030602035,4.3598081e-05,0,21.286989,70.478249,8.9657259,4.5493601e-05,0.00082924605
1956.5,27.147725,1.6089746,7.8692244e-07,0.94392572,0.26505773,0.34420665,24.717209,70.812027,8.3642626,26.967041,0.28059618
1956.5833,8.024863,5.318623,1.8236194e-06,0.7690269,0.5353445,0.45837636,45.297775,70.850388,7.5716949,33.046672,4.5172124
1956.6667,12.886311,6.1177355,2.141247e-06,0.5798219,0.45519098,0.43686615,52.938148,70.9217,6.8681216,0.0039331718,59.959698
1956.75,20.504143,3.1759522,1.8038196e-06,0.039883471,0.028881343,0.0095900512,47.753761,71.156151,6.2916942,2.0808667e-05,38.902046
1956.8333,21.274585,0,2.0884031e-06,1.9704166e-08,0,0,50.436932,71.385513,5.8062,0,0.00084636766
1956.9167,20.773845,0,3.9555744e-06,2.8633502e-24,0,0,53.993641,71.474007,5.3695054,0,0.00084493199
1957,20.276496,0,4.8741658e-06,0,0,0,57.521385,71.431122,4.9688773,0,0.00084330459
1957.0833,19.795312,0,5.3010967e-06,0,0,0,60.53949,71.280022,4.6240368,0,0.00084081423
1957.1667,19.316647,0,5.8208593e-06,0,0,0,63.178902,71.030663,4.3120923,0,0.00083852239
1957.25,19.369213,0.93360164,5.6903455e-06,0,2.3790805e-07,0,65.026375,70.684456,4.0197949,37.737701,11.885113
1957.3333,22.607643,3.1519888,4.1274584e-06,0,2.1766292e-06,0,60.676174,70.287086,3.7501559,5.8549976e-06,4.8516685e-05
1957.4167,24.55358,3.3424769,4.0702694e-06,0.17004796,0.14084228,0.14394303,58.156494,69.836929,3.4869523,15.197446,0.00037997883
1957.5,27.001729,6.236271,2.9475173e-06,0.85164899,0.90720614,1.2184037,46.26429,69.358398,3.222049,22.234403,31.041546
1957.5833,34.401838,6.5217372,1.7392691e-06,0.71445255,0.79511397,1.3800887,32.552513,68.883774,2.9888229,1.5111451,64.77494
1957.6667,44.549804,6.7172828,1.1599883e-06,0.42354428,0.48748397,0.83416563,24.832954,68.476868,2.8048067,1.8394662,114.9009
1957.75,59.877712,7.1262391,8.4663844e-07,0.1580578,0.18705273,0.22095376,20.7637,68.197861,2.6950119,0.5718348,214.0428
1957.8333,68.992101,1.9885306,8.1663433e-07,0.008460855,0.0047466811,0,21.318922,68.080284,2.6661305,0.0039884644,0.20761867
1957.9167,67.64017,0,8.8790171e-07,2.9370191e-08,0,0,21.9349,67.930206,2.6459339,0,0.14302283
1958,66.014506,0,9.6019403e-07,0,0,0,22.306107,67.620438,2.6222343,0,0.048290661
1958.0833,64.784467,0,1.0291774e-06,0,0,0,22.603346,67.196083,2.5952756,0,0.047267278
1958.1667,63.132904,0,1.104422e-06,0,0,0,22.840872,66.674232,2.5608752,0,0.046181773
1958.25,61.045434,0.083557941,1.1205443e-06,0,2.1886732e-06,0,21.89443,66.081551,2.5089633,2.7440742,1.6555179
1958.3333,58.253437,0.68737823,9.4121947e-07,0,1.2929238e-05,0,17.891685,65.320511,2.4672945,4.7040144e-05,0.67897861
1958.4167,34.988523,1.3061821,1.1687606e-06,0.30031049,0.082179527,0.24063346,19.100592,64.094963,2.4582763,4.9017018,1.3344544
1958.5,7.7338321,4.9949121,2.0652833e-06,0.97573341,0.82478863,1.6938108,22.823977,62.331436,2.4616058,72.029158,3.3072272
1958.5833,9.8169679,8.8729998,1.4940279e-06,0.76871603,1.0714522,1.6461527,18.71607,60.312885,2.4730992,0.097639279,88.633876
1958.6667,21.225693,9.4047487,9.2745887e-07,0.45938797,0.65720424,0.95572881,15.415807,58.343174,2.4903109,0.067333322,173.72403
1958.75,37.404686,5.6975596,7.1773138e-07,0.031933262,0.043485433,0.01954303,14.587864,56.482601,2.5129881,0.057399633,108.15014
1958.8333,38.436335,0,7.2228096e-07,7.6623618e-06,0,0,14.728066,54.774994,2.537607,0,1.1091745
1958.9167,37.783809,0,7.6402171e-07,0,0,0,14.849644,53.123646,2.5607624,0,3.2592275
1959,37.302602,0,8.1595374e-07,0,0,0,14.891637,51.490105,2.5829747,0,1.0124099
1959.0833,36.677402,0,8.5841162e-07,0,0,0,14.95155,49.975986,2.603173,0,0.94331544
1959.1667,35.288371,0,9.0646341e-07,0,0,0,14.939763,48.494827,2.6226954,0,0.83269396
1959.25,35.611074,1.5138172,8.640335e-07,0,6.7398011e-07,0,14.88684,46.98061,2.6394143,68.054639,62.873662
1959.3333,39.660286,6.0345023,6.4336922e-07,0,1.174715e-05,0,13.623894,45.375961,2.6791165,6.7923272e-05,0.44081563
1959.4167,40.123928,6.6052685,6.9996543e-07,0.087222367,0.0678292,0.0089058011,13.473396,43.721321,2.7307501,4.2179819,0.62589617
1959.5,45.396768,10.725163,7.3356028e-07,0.95384687,1.5165338,0.69220203,13.24451,42.289005,2.5974779,44.701639,171.83856
1959.5833,71.691878,11.809644,6.1545865e-07,0.87413233,1.4660624,0.83602647,14.378123,41.11721,2.4324994,0.056171963,329.8376
1959.6667,93.487605,12.347879,5.4911891e-07,0.58830048,0.9972919,0.6475839,17.663548,40.438915,2.3765898,0.035908779,213.41801
1959.75,101.69139,7.4060047,5.2391908e-07,0.10814159,0.18523885,0.13414135,22.005934,40.518559,2.3695648,0.01447418,22.466916
1959.8333,100.42132,0,5.268912e-07,0.00038845155,0,0,22.733646,41.058315,2.3726597,0,0.45489748
1959.9167,98.455273,0,5.4474265e-07,1.3965914e-21,0,0,22.825752,41.535572,2.3758755,0,0.39971081
1960,95.50266,0,5.71111e-07,6.7648571e-08,0,0,22.721598,41.901943,2.3790288,0,0.27568301
1960.0833,93.572378,0,5.9830273e-07,0,0,0,22.56389,42.084747,2.383636,0,0.076648379
1960.1667,91.678523,0,6.2708369e-07,0,0,0,22.752005,42.127529,2.3969922,0,0.0010327413
1960.25,89.335181,0.028300085,6.5483965e-07,0,2.8303819e-07,0,22.975098,42.148006,2.412245,1.3577013,22.022138
1960.3333,88.531613,0.51140448,8.8043339e-07,3.0139491e-08,1.1463903e-05,0,26.718616,42.094612,2.453198,2.0092478e-05,0.02931106
1960.4167,86.672075,1.1590247,1.3718632e-06,0.44043603,0.098464641,0.21552896,31.053223,41.71027,2.5870702,6.639779,0.17445367
1960.5,85.305952,4.3135225,1.1780883e-06,1.2534007,0.79969818,1.1688998,26.4797,40.975632,2.8026438,60.413685,1.4998976
1960.5833,86.52959,12.439817,1.0879604e-06,1.0709691,1.596012,1.4066154,25.499353,40.074291,2.9362743,73.061179,104.59311
1960.6667,100.30314,14.461049,9.3226026e-07,0.63829419,1.0704449,0.84922781,27.178955,39.363865,3.0194952,0.38422512,165.34551
1960.75,105.99161,4.7712466,8.6331568e-07,0.079218846,0.10262097,0.094494751,29.149618,39.021576,3.1023576,0.084612185,10.277485
1960.8333,104.26292,0,9.0027083e-07,0.0014935276,0,0,28.966274,38.852013,3.1830869,0,0.77414887
1960.9167,102.45971,0,9.8453256e-07,0.0012950694,0,0,29.332573,38.682434,3.2599323,0,2.2492654
1961,100.77496,0,1.0080861e-06,0.001376965,0,0,29.616447,38.505268,3.3358603,0,0.68893088
1961.0833,98.654799,0,1.1743895e-06,0,0,0,29.891256,38.331596,3.4075348,0,0.62255509
1961.1667,93.706489,0,1.3446743e-06,-1.569035e-06,0,0,29.844633,38.136688,3.4875047,0,0.4675843
1961.25,89.456432,0.12163442,1.3543182e-06,6.7658561e-09,1.0582326e-06,0,29.544861,37.888329,3.6053374,4.5918833,33.351763
1961.3333,89.472048,0.79029106,1.226631e-06,0.052816191,0.0041558235,0.00042787335,27.166283,37.494541,3.7250216,0.17010762,0.0026918006
1961.4167,88.079154,1.7129738,1.1392032e-06,1.2430911,0.26368833,1.3738738,21.877348,36.746029,3.7863286,10.630783,1.6691112
1961.5,87.033816,3.1920355,9.461308e-07,1.2382303,0.48549694,1.9405334,15.73108,35.554379,3.8159814,13.952335,2.8596582
1961.5833,86.510189,5.6291907,8.3244026e-07,1.1107571,0.76655132,1.7572282,9.8983994,33.839504,3.825877,36.996515,4.0322582
1961.6667,83.719835,10.048889,7.4159618e-07,0.69959219,0.80791865,1.1426979,4.9272127,31.636351,3.8211503,51.59583,5.6829428
1961.75,29.461497,5.8506927,9.1886653e-07,0.111552,0.12311422,0.13084321,1.6515234,28.964437,3.8095429,7.9424024,3.6457398
1961.8333,19.821325,0,9.9018348e-07,0.00031351404,0,0,1.5044088,26.24506,3.7991149,0,1.9154589
1961.9167,19.523788,0,1.0456159e-06,1.0226828e-22,0,0,1.5048715,23.783669,3.7895632,0,5.6541634
1962,19.318266,0,1.0837051e-06,5.9718968e-06,0,0,1.4814889,21.528332,3.7805724,0,1.7460841
1962.0833,19.09898,0,1.1363981e-06,0.0035671475,0,0,1.4582634,19.589394,3.7725947,0,1.6677299
1962.1667,18.876117,0,1.1848093e-06,0.00090080231,0,0,1.4285495,17.83733,3.7651129,0,1.588526
1962.25,16.387394,2.2996736,1.2459902e-06,0.00028351282,3.8699454e-05,0,1.4189265,16.196184,3.757931,104.04929,8.0048752
1962.3333,9.1173844,10.136125,1.5730363e-06,0.47152599,0.61143387,0.49246508,1.7134048,14.65873,3.7505283,68.702452,6.2835315
1962.4167,13.648191,16.933091,1.2244412e-06,1.4723873,2.5204683,2.325376,2.0821948,13.256088,3.7409918,21.461088,91.009755
1962.5,27.999787,17.49316,6.3513085e-07,1.4864696,2.5320215,2.5096471,2.7631097,12.047167,3.734328,0.09879367,209.73825
1962.5833,57.476047,17.974732,4.2696439e-07,1.196604,2.063896,2.0935851,3.9577985,11.074979,3.731935,0.026062683,507.46865
1962.6667,119.44837,18.430971,3.1493363e-07,0.70136854,1.21977,1.1849708,6.5224123,10.54219,3.734118,0.00264503,690.44407
1962.75,140.90627,10.295247,2.8503746e-07,0.18805513,0.2874269,0.27800146,10.347448,10.7502,3.7405953,0.00091551309,40.311769
1962.8333,139.36491,0,2.9053112e-07,0.00031694551,0,0,11.103723,11.411096,3.7488008,0,3.3918945
1962.9167,134.83144,0,3.1163e-07,0,0,0,11.132341,12.015355,3.7562141,0,8.8997651
1963,128.5174,0,3.3684341e-07,0.00060698667,0,0,10.982678,12.501672,3.7624984,0,2.4019766
1963.0833,123.06467,0,3.6112709e-07,0,0,0,10.914613,12.851938,3.7670341,0,1.7811063
1963.1667,117.04918,0,3.8958689e-07,0,0,0,10.796684,13.100556,3.7689373,0,0.99348763
1963.25,119.71888,1.3980912,3.7912025e-07,0,4.440087e-09,0,11.219431,13.277203,3.7572734,35.043326,212.8939
1963.3333,126.26486,3.3251848,3.471757e-07,0.017779683,0.0016428924,0,14.571573,13.797322,3.7133346,0.0011358179,0.0010633957
1963.4167,123.8197,5.4140897,3.5139735e-07,1.0110957,0.79730685,0.87965153,17.847052,15.064765,3.6952322,68.406138,1.162641
1963.5,127.29831,15.621451,3.1431878e-07,1.386672,2.2718774,1.5358552,21.579624,17.232782,3.7201133,85.897528,177.064
1963.5833,151.07957,17.517958,2.771958e-07,1.0221267,1.8150638,1.3194431,29.160927,20.635235,3.7583148,0.0035983914,307.3648
1963.6667,173.17502,17.933177,2.4523331e-07,0.79396158,1.4004559,1.1100349,38.453506,25.465565,3.7986605,0.0044191337,238.49386
1963.75,179.91027,8.2298536,2.3008496e-07,0.14014765,0.22978425,0.19092028,46.982922,31.957262,3.848887,0.0020605913,23.934621
1963.8333,176.64576,0,2.4028108e-07,3.7052277e-07,0,0,48.796711,38.859509,3.9010885,0,1.5383311
1963.9167,168.99417,0,2.6145196e-07,0,0,0,49.06197,44.980968,3.9617791,0,2.7236552
1964,160.46005,0,2.8440746e-07,0,0,0,49.050602,50.254143,4.1682448,0,0.11821839
1964.0833,150.57185,0,3.0893852e-07,0,0,0,49.442455,54.590073,5.0808787,0,0.0034898006
1964.1667,139.94244,0,3.3691461e-07,0,0,0,49.794548,58.489948,6.3022795,0,0.0016751008
1964.25,132.13654,0.039864728,3.5736304e-07,0,-1.0137818e-08,0,49.974907,62.151218,7.4473853,1.2569145,27.321577
1964.3333,126.94182,0.33464955,3.5946579e-07,0,-3.9444389e-08,0,55.531689,66.200226,8.4028883,3.1142458e-05,0.057385471
1964.4167,121.23494,0.59346255,3.9076733e-07,0.094903835,0.012436937,0.035071238,66.443344,71.791893,9.566617,0.8102441,0.029756857
1964.5,118.65862,1.4568551,3.939617e-07,1.1094707,0.29116185,0.69764718,75.080421,78.906433,10.787553,12.164522,0.21444582
1964.5833,116.9669,2.6913611,3.839755e-07,0.92675607,0.44079842,0.81495243,83.623405,87.620255,12.023718,13.277657,1.1993654
1964.6667,116.61869,3.6406722,4.0734946e-07,0.59402775,0.36844197,0.57041244,99.630516,97.649628,13.04002,4.5606093,3.1002429
1964.75,116.56673,3.8621039,4.578784e-07,0.25530736,0.14916503,0.23815137,123.48859,109.16408,13.634916,0.00014381469,1.5418242
1964.8333,114.44594,0.13071588,4.8638282e-07,5.652895e-05,1.7206846e-05,3.3816934e-05,134.48643,121.73811,13.925361,1.3178673e-06,0.00047563442
1964.9167,108.90047,0,6.3371641e-07,0,0,0,137.8474,133.45699,14.301684,0,0.00046471401
1965,100.93556,0,7.1425859e-07,0,0,0,140.71475,144.00641,15.747769,0,0.00043431706
1965.0833,88.21325,0,8.7332643e-07,0,0,0,142.48892,153.05067,17.297817,0,0.00038876984
1965.1667,77.412292,0,1.0307274e-06,0,0,0,141.87944,161.22154,18.691296,0,0.00036183372
1965.25,72.241746,0.0039481661,1.0508511e-06,0,0,0,141.94505,168.86429,19.990969,0.10927374,2.7648229
1965.3333,70.56167,0.028911592,1.1581982e-06,0,0,0,159.16162,175.61349,21.023994,1.4702452e-05,0.00035294219
1965.4167,69.934808,0.050993425,1.712527e-06,0.039336485,0.00041945638,0.008859165,202.86928,181.24411,21.533937,0.0095071486,0.00030422289
1965.5,70.989452,0.11383108,1.5934354e-06,0.76166583,0.022688618,0.7693723,187.80173,185.55392,21.330198,0.91645681,0.0011707584
1965.5833,72.240733,0.20386795,1.2204497e-06,0.58532655,0.029294403,0.89785968,159.03145,188.43491,20.275639,0.84659191,0.0024251327
1965.6667,73.32854,0.26764738,1.0314852e-06,0.38872199,0.02367239,0.64024431,135.68903,189.66112,18.520086,0.11780406,0.73282788
1965.75,73.746093,0.12698211,9.0417046e-07,0.046510028,0.0024823421,0.06189354,116.99329,189.21194,16.732143,0.0013671267,0.10371048
1965.8333,70.869319,0,1.075548e-06,0.0031217991,0,0,117.92174,188.03917,15.117758,0,0.00038737518
1965.9167,67.221984,0,1.2851073e-06,0,0,0,121.24608,186.95705,13.660664,0,0.00031665344
1966,62.213983,0,1.6031364e-06,0,0,0,124.42294,185.96313,12.323795,0,0.00030446645
1966.0833,57.891589,0,1.8642113e-06,0,0,0,127.27046,185.10652,11.172979,0,0.00029339875
1966.1667,52.863609,0,2.1449653e-06,0,0,0,129.10493,184.33009,10.131875,0,0.00027865537
1966.25,36.423586,0.0019398167,2.5822546e-06,0,0,0,101.82251,183.51459,9.1569004,0.044615838,0.99399859
1966.3333,3.6996726,0.022443819,1.0174837e-05,0,-8.9913268e-09,0,25.003147,181.42287,8.2758179,1.1700987e-05,0.00027172087
1966.4167,7.6024123,0.045191351,5.7428178e-06,0.020433155,0.0002037429,0.0013376519,45.144527,179.44363,7.4784894,0.001631811,2.4144242e-05
1966.5,11.234635,0.071327981,4.0466066e-06,0.52508213,0.0095291435,0.77481913,54.37812,177.68399,6.7577786,0.072956282,0.0019907408
1966.5833,14.49077,0.099572855,2.149264e-06,0.50329255,0.012090756,1.0063322,48.135136,175.83133,6.1036625,0.080396447,0.026418298
1966.6667,17.178459,0.12566424,1.4625841e-06,0.33596968,0.0099924709,0.67843743,40.675072,173.74858,5.5657649,0.033243997,0.033150825
1966.75,14.18568,0.10244376,1.2013886e-06,0.080136577,0.0026860698,0.16677928,30.731783,171.22165,5.1268573,0.0045432092,0.022357002
1966.8333,0.2676271,0,4.1821208e-06,0.00048562497,0,0,5.3693976,167.7323,4.7553587,0,0.0023583195
1966.9167,0.25754521,0,4.406349e-06,4.2356329e-06,0,0,5.4578719,164.20746,4.422195,0,0.0063358254
1967,0.24814656,0,4.9588762e-06,0,0,0,5.5337434,160.93904,4.1166892,0,0.0023724803
1967.0833,0.23883596,0,5.5268933e-06,0,0,0,5.5894861,158.09377,3.8538601,0,0.0022342321
1967.1667,0.22419632,0,6.572564e-06,0,0,0,5.6285357,155.48001,3.6162519,0,0.0021294675
1967.25,0.25711552,0.0014788878,2.0576859e-05,0,-2.0481038e-11,0,5.6859565,152.98111,3.3939295,0.10570022,0.012961243
1967.3333,3.0429487,0.027807733,1.3037888e-06,1.8318494e-07,3.0374931e-06,0,10.211939,150.62529,3.1990731,1.2545165e-05,0.004906047
1967.4167,7.1005742,0.05787082,1.3605312e-06,0.31987026,0.0053320988,0.27994623,17.048607,148.38397,3.0390363,0.060716493,0.01562496
1967.5,10.759748,0.093841183,1.4693208e-06,0.55752757,0.013028748,0.80640636,21.748861,146.14047,2.9038565,0.14406734,0.061403035
1967.5833,13.996416,0.14405424,1.2549564e-06,0.49858475,0.016940843,0.91232522,24.535812,143.67813,2.7895937,0.41075255,0.11698676
1967.6667,16.661867,0.19257604,1.070204e-06,0.36551136,0.015695795,0.65451616,25.315041,141.01138,2.7023666,0.052695768,0.73866952
1967.75,15.548075,0.13792489,9.2343373e-07,0.083442817,0.0037611304,0.15213973,22.795216,138.20047,2.6356549,0.003418816,0.28351878
1967.8333,0.26486599,0,2.5996467e-06,1.6190172e-05,0,0,5.3396935,133.41684,2.5797238,0,0.0031267052
1967.9167,0.25177971,0,2.3025224e-05,0,0,0,5.3850641,127.91355,2.5293522,0,0.0082252242
1968,0.23919849,0,0.00012131778,0,0,0,5.4369721,122.85058,2.4831154,0,0.002866842
1968.0833,0.22317839,0,5.3940505e-05,0,0,0,5.4732385,118.46629,2.4431198,0,0.0033401245
1968.1667,0.21051842,0,8.3537278e-05,0,0,0,5.5026803,114.45579,2.4064953,0,0.0025000313
1968.25,0.38367059,0.0030212134,5.0678467e-05,0,-4.0096131e-09,0,5.7055793,110.6937,2.3719981,0.065867242,0.56260318
1968.3333,3.5554268,0.036390386,1.9697911e-06,0,-5.6259246e-10,0,9.750308,107.92088,2.3301568,2.8823994e-05,0.0002909206
1968.4167,7.394474,0.075407414,1.5156534e-06,0.18917174,0.0044403733,0.10321426,14.589774,106.24842,2.2537994,0.051251356,0.0010968734
1968.5,10.895894,0.11983517,1.6637219e-06,0.60055817,0.017858639,0.58731665,17.942177,104.81365,2.1430535,0.071399575,0.041334725
1968.5833,13.919402,0.16276451,1.6072224e-06,0.48309042,0.018862356,0.68269082,21.187237,103.28216,2.0737705,0.088745221,0.039591808
1968.6667,16.293382,0.20794147,1.4283095e-06,0.33421351,0.015295947,0.43261437,21.752871,101.52904,2.0364301,0.12085794,0.038923766
1968.75,17.174857,0.17945432,1.219552e-06,0.040132888,0.0017935676,0.050559975,21.074842,99.40226,2.0165293,0.0022554205,0.033009745
1968.8333,0.17624434,0,1.149522e-05,0.00050394369,0,0,3.4783995,94.945442,2.0046747,0,0.0037688364
1968.9167,0.17157148,0,1.1578965e-05,3.9262756e-07,0,0,3.5180316,88.923531,1.9944988,0,0.004320471
1969,0.16649961,0,6.5904082e-06,3.7399841e-05,0,0,3.5529468,83.391777,1.9852052,0,0.0022780452
1969.0833,0.15802459,0,7.2149587e-06,2.7375557e-05,0,0,3.574955,78.618683,1.9773268,0,0.0022120906
1969.1667,0.14746693,0,4.5541692e-05,-8.4873032e-14,0,0,3.5866787,74.281898,1.9703995,0,0.0019461537
1969.25,0.30443302,0.0051110551,4.9193604e-05,0,-1.8817976e-08,0,3.7365136,70.218277,1.963883,0.12289279,0.019763111
1969.3333,3.4042839,0.058605514,1.9576846e-06,0.14147049,0.0026525527,0.071202831,6.9647636,67.446091,1.9481982,0.010238511,0.062365476
1969.4167,7.3776394,0.12240524,2.1260414e-06,0.70915129,0.019109928,0.62939942,10.108406,65.962547,1.9051224,0.035032997,0.11405635
1969.5,10.95055,0.1886821,1.7508778e-06,0.68311181,0.026447367,0.85218608,12.628006,64.846588,1.8537934,0.13373284,0.14669281
1969.5833,14.012692,0.26423286,1.4370135e-06,0.51366301,0.027604748,0.67056297,13.630404,63.881641,1.816016,0.18221833,0.17439527
1969.6667,16.319809,0.32534203,1.1967738e-06,0.41393676,0.026431767,0.55553355,13.218168,62.881966,1.793604,0.011317147,0.20938686
1969.75,17.689789,0.37934227,1.0250411e-06,0.16875205,0.01244421,0.22108938,12.651166,61.67952,1.7837542,0.0046343472,0.20050452
1969.8333,17.612908,0.02718651,1.3435504e-06,0.0026527472,0.00011679669,0.003280681,12.263036,60.219425,1.7829806,0.00032195487,0.032763793
1969.9167,16.447896,0,2.2580803e-06,0,0,0,12.305882,58.803661,1.7830042,0,0.046700067
1970,15.190033,0,5.3539734e-06,0,0,0,12.511157,57.497192,1.783024,0,0.015931961
1970.0833,14.155786,0,5.3571466e-06,0,0,0,12.726347,56.365395,1.7830377,0,0.015354168
1970.1667,13.19315,0,6.4596998e-06,0,0,0,12.923196,55.334232,1.7830464,0,0.014798371
1970.25,9.6242195,0.0073918513,7.9261445e-06,0,-2.5239446e-07,0,11.366058,54.286102,1.7830268,0.26460629,0.013560776
1970.3333,3.0742581,0.078867619,7.7156301e-06,0.039512963,0.0011509932,0.017933095,6.3630443,52.32811,1.7802694,0.044878045,0.0067542614
1970.4167,6.9312532,0.16854703,1.9590025e-06,0.72227052,0.025887894,0.53174692,8.3242798,51.287682,1.7680931,0.14361835,0.1150021
1970.5,10.641581,0.24780896,1.5700568e-06,0.68038183,0.033539147,0.83103316,9.8554029,50.709053,1.7555705,0.040113333,0.11985906
1970.5833,14.131105,0.32662018,1.2472625e-06,0.57875266,0.036626044,0.73206928,10.850564,50.276787,1.7444572,0.03827335,0.12571163
1970.6667,16.993839,0.40118885,1.0262604e-06,0.37452293,0.027957364,0.43879697,11.340246,49.859886,1.729817,0.029170058,0.11834973
1970.75,18.384745,0.21857239,8.8608573e-07,0.026890149,0.001768582,0.034216422,11.506115,49.296978,1.7260708,0.0080981911,0.05124673
1970.8333,5.4972088,0,1.1131489e-06,0.0017589721,0,0,7.156888,47.713966,1.7274976,0,0.017089858
1970.9167,0.092644157,0,2.3715344e-05,0,0,0,5.0647049,43.466209,1.7290626,0,0.047346893
1971,0.091052578,0,8.4607645e-06,0,0,0,5.1130457,39.380428,1.7304987,0,0.016630659
1971.0833,0.08564462,0,0.00013983075,0,0,0,5.1489196,35.860641,1.7317322,0,0.015667662
1971.1667,0.081923463,0,0.00049135298,0,0,0,5.1747112,32.675602,1.7328455,0,0.014849431
1971.25,0.23096515,0.01501187,0.00022525842,0,0,0,5.2217937,29.729885,1.7338214,0.44614528,0.021320396
1971.3333,3.0343903,0.14025725,4.5185061e-06,0.0010645898,4.6450314e-05,0,5.6824183,28.451488,1.732291,0.007060592,0.02415096
1971.4167,6.6613359,0.27245481,1.5636929e-06,0.43519739,0.028880305,0.27206778,6.2039866,28.227598,1.7214817,0.050177883,0.38580665
1971.5,10.31829,0.4111848,1.7148577e-06,0.64284552,0.055181726,0.66958678,6.6587634,28.09243,1.6905466,0.13856162,4.0674571
1971.5833,13.853774,0.54798718,1.467634e-06,0.52301234,0.057196043,0.6389325,7.4772563,27.978899,1.664737,0.074072077,2.0924261
1971.6667,17.026361,0.67419087,1.2477697e-06,0.38937711,0.051432143,0.45880449,8.1234522,27.864614,1.6482732,0.040269831,0.74304739
1971.75,19.222731,0.26825146,1.0559999e-06,0.062153856,0.0060539178,0.039380382,8.5326281,27.731894,1.638696,0.0099600915,0.053134772
1971.8333,19.006325,0,1.0272131e-06,0.0026745961,0,0,8.5558834,27.59679,1.632188,0,0.019828974
1971.9167,18.340325,0,1.0736168e-06,9.8600568e-05,0,0,8.6455088,27.474239,1.6263729,0,0.043954727
1972,1.2535228,0,1.6181077e-06,3.6244237e-25,0,0,4.2288871,26.332996,1.6210366,0,0.014146229
1972.0833,0.1005353,0,1.1754066e-05,0,0,0,3.7785046,24.061275,1.6164422,0,0.014157532
1972.1667,0.098889584,0,1.284503e-05,0,0,0,3.8000777,21.998892,1.6122838,0,0.014235631
1972.25,0.23970151,0.01692892,7.069274e-06,0,0,0,3.8274026,20.100235,1.6082307,0.43727181,0.030349695
1972.3333,2.9222956,0.18242111,1.6740152e-06,0.0067177739,9.5727638e-05,0,4.1321177,19.399614,1.5912642,0.0085449684,0.02659266
1972.4167,6.4073945,0.37026824,1.8127643e-06,0.4591558,0.036736658,0.28144528,4.466198,19.319767,1.5302876,0.1994653,2.2792665
1972.5,10.211684,0.57932799,2.0151372e-06,0.74960014,0.080178721,0.83019779,4.9414473,19.264639,1.4101418,0.3251438,7.3736072
1972.5833,13.968552,0.77481673,1.6884834e-06,0.62778196,0.088379537,0.82035076,5.6921988,19.228395,1.2795292,0.23120733,6.9519184
1972.6667,17.594671,0.96332165,1.3449978e-06,0.39645363,0.069868807,0.50117679,6.2086616,19.205564,1.1742773,0.23597085,7.8848856
1972.75,20.776322,1.1381239,1.084815e-06,0.1168092,0.023256474,0.10792914,6.6942716,19.18783,1.0964975,0.0059852665,0.056591427
1972.8333,22.582691,0.28921937,1.0047114e-06,0.0026681594,0.00056507131,0,7.047965,19.163828,1.0427977,0.0012448845,0.02009219
1972.9167,22.192044,0,1.037714e-06,1.186506e-05,0,0,7.1254368,19.136957,0.99939525,0,0.02020192
1973,21.420794,0,2.976471e-06,0,0,0,7.2315173,19.112177,0.95959234,0,0.015246742
1973.0833,20.610297,0,1.2576812e-06,0,0,0,7.3032393,19.090637,0.92533028,0,0.015212576
1973.1667,3.9671888,0,1.8427747e-06,0,0,0,4.1585522,18.550337,0.89433444,0,0.015193321
1973.25,0.21620218,0.01898017,1.7300696e-05,0,1.7120668e-07,0,3.2603018,17.043333,0.86527646,0.49280781,0.056941198
1973.3333,2.762622,0.20404421,1.955482e-06,0,2.2924703e-06,0,3.5196466,16.508608,0.83601838,0.013757848,0.0441448
1973.4167,6.0357354,0.40916787,1.6471485e-06,0.28255855,0.022027162,0.1491257,3.7844598,16.45438,0.79809326,0.077344194,0.12819086
1973.5,9.5370933,0.63534809,1.9946222e-06,0.88506574,0.090139077,0.9038136,3.9632447,16.408432,0.75851148,0.43711776,7.8637777
1973.5833,13.070034,0.85116236,1.6412224e-06,0.64787497,0.087924353,0.91203131,4.4790039,16.376194,0.75311655,0.21392061,5.9618562
1973.6667,16.444115,1.0573977,1.3282065e-06,0.51057355,0.084566607,0.7011737,4.9420872,16.356108,0.78718066,0.23158524,6.8597248
1973.75,19.463388,0.74799027,1.0941311e-06,0.076772227,0.01344985,0.088029763,5.354353,16.341892,0.86683977,0.14232081,5.0711043
1973.8333,19.791901,0,1.0800369e-06,0.00043381077,0,0,5.4584198,16.330296,0.97604865,0,0.01997451
1973.9167,19.438889,0,1.1285059e-06,0,0,0,5.5506754,16.31988,1.0775287,0,0.020778409
1974,18.937316,0,1.1927648e-06,0,0,0,5.649219,16.31036,1.1706594,0,0.018172269
1974.0833,18.163001,0,1.2427367e-06,0,0,0,5.6936035,16.302786,1.2508438,0,0.017743285
1974.1667,17.412813,0,1.2896984e-06,0,0,0,5.7247458,16.296125,1.3233831,0,0.017637594
1974.25,6.368238,0.014127182,1.5964181e-06,0,1.8481242e-07,0,3.9592724,16.049198,1.3911541,0.55263204,0.09613494
1974.3333,2.5712759,0.20384444,1.9776046e-06,0,2.1378262e-06,0,2.971699,15.61511,1.4349775,0.015241521,0.052424412
1974.4167,5.8360607,0.41943864,1.6456817e-06,0.32801426,0.024145714,0.21719488,3.2429426,15.57862,1.417908,0.052068199,0.21591537
1974.5,9.338622,0.65514294,1.9744418e-06,0.92949433,0.089085494,1.1553782,3.5264068,15.545385,1.3247522,0.41149344,7.2328187
1974.5833,12.808984,0.8809641,1.565354e-06,0.81314332,0.10421484,1.2885993,4.0337157,15.5232,1.2102113,0.22249707,5.5506443
1974.6667,16.137127,1.0955577,1.193858e-06,0.5863969,0.092640583,0.93948877,4.3707438,15.509918,1.1044799,0.20611842,6.2340885
1974.75,18.799093,0.52156328,9.5948064e-07,0.1224775,0.019804234,0.15944054,4.7007995,15.500889,1.0152857,0.084711497,4.9904476
1974.8333,18.990137,0,9.0976386e-07,2.5389297e-05,0,0,4.7628598,15.493458,0.94428593,0,1.6632373
1974.9167,18.553551,0,9.6532256e-07,4.7566824e-12,0,0,4.8269768,15.486754,0.88103354,0,0.021925197
1975,17.589143,0,1.0681126e-06,0,0,0,4.9346132,15.480525,0.82299775,0,0.020789934
1975.0833,16.640145,0,1.162659e-06,0,0,0,5.0280056,15.475042,0.77303779,0,0.020022867
1975.1667,15.600312,0,1.2752406e-06,0,0,0,5.0965528,15.469923,0.72783786,0,0.018917814
1975.25,14.627973,0.016739186,1.3678472e-06,0,0,0,5.0810409,15.463979,0.6853025,0.5158067,0.034062416
1975.3333,15.618078,0.20874719,1.260207e-06,7.554387e-08,3.1365009e-06,0,4.638485,15.374658,0.64217371,0.014406922,0.054298541
1975.4167,14.414639,0.49260631,1.368822e-06,0.45964543,0.053844139,0.33684181,3.7948098,15.049715,0.60362458,3.957041,0.1143832
1975.5,11.587298,1.4746854,1.67696e-06,0.94704952,0.22700063,1.2657375,2.8741279,14.442711,0.56973505,8.4757917,5.3397067
1975.5833,10.409128,2.1443642,1.6246858e-06,0.82733421,0.2697535,1.2485446,2.6987741,13.59849,0.56257844,3.8966029,24.068816
1975.6667,13.249363,2.4705112,1.1892794e-06,0.47244992,0.17403249,0.68204077,3.2274129,12.786035,0.61672449,0.098334678,5.0372954
1975.75,16.269017,2.6204397,8.7570766e-07,0.10415886,0.033057969,0.14896646,3.8399105,12.135732,0.76080889,0.16565193,3.8133864
1975.8333,17.428979,0,8.5260228e-07,1.259152e-06,0,0,4.1259255,11.600189,0.98717618,0,1.898394
1975.9167,16.816525,0,2.8213531e-06,0,0,0,4.1632481,11.125088,1.2095801,0,5.7165324
1976,16.414328,0,2.9788184e-06,0,0,0,4.2257776,10.689177,1.4136416,0,1.843088
1976.0833,15.061204,0,3.9883003e-06,0,0,0,4.251246,10.31392,1.5891447,0,1.7032622
1976.1667,13.469624,0,5.0922372e-06,0,0,0,4.2501426,9.9742956,1.7466862,0,1.5340357
1976.25,12.96297,0.24809359,4.9188748e-06,0,-2.2022043e-12,0,4.2472906,9.6549911,1.8943063,10.801006,1.3087135
1976.3333,14.081298,1.1079374,1.3785858e-06,0,-8.7408299e-05,0,4.0013709,9.3598318,2.0601709,0.013565572,0.04443315
1976.4167,15.080252,2.1191519,1.1788751e-06,0.65094306,0.27471281,0.49766404,3.6829388,9.0697746,2.2449925,15.121869,4.1711433
1976.5,17.602814,3.0592941,1.142797e-06,0.87308684,0.43757452,1.1313908,3.5432124,8.7762728,2.3780611,1.7466644,18.773508
1976.5833,20.728596,3.4177373,9.8353655e-07,0.7083021,0.39155153,1.0597535,3.8204706,8.5211143,2.4840021,0.25404555,7.7374457
1976.6667,23.577239,3.7383779,8.218405e-07,0.50679908,0.29920238,0.75628008,4.172946,8.3229465,2.5729151,0.21854447,8.2252731
1976.75,26.30044,3.6476806,6.8981444e-07,0.16360922,0.095848065,0.20502388,4.6350479,8.1650085,2.6051462,0.23796886,7.8366802
1976.8333,27.166963,0,6.4321659e-07,8.2774488e-07,0,0,4.8337431,8.0337601,2.581316,0,5.4324184
1976.9167,26.430456,0,6.9412687e-07,0,0,0,4.8845782,7.9166956,2.5580018,0,16.58133
1977,26.413297,0,7.6123922e-07,0,0,0,4.9711127,7.8092871,2.5366106,0,5.2817426
1977.0833,25.52272,0,8.3381326e-07,0,0,0,5.0290856,7.7168231,2.5181961,0,4.4393549
1977.1667,24.441773,0,9.1429973e-07,0,0,0,5.0736189,7.6331711,2.5015299,0,1.2824738
1977.25,23.409847,0.50984567,9.7544205e-07,0,0,0,5.088819,7.5547919,2.4856815,30.596158,3.8985933
1977.3333,24.000196,2.7147592,8.7891084e-07,0.0037090162,0.0012045283,0,4.7755027,7.4768734,2.4449532,0.0090541946,0.045596423
1977.4167,24.229914,3.426197,9.2127004e-07,0.4864947,0.35053751,0.33553641,4.3111434,7.3724761,2.3132474,12.866108,2.4839712
1977.5,26.314259,4.5733396,9.1272807e-07,0.84971426,0.67658173,1.0378238,3.9292371,7.2343955,2.1241581,1.9774551,22.026432
1977.5833,29.216103,4.9395445,8.3202855e-07,0.72222671,0.60251335,1.0640022,4.0981045,7.1120472,1.9248123,0.24086999,10.488152
1977.6667,31.872969,5.2800095,7.4763557e-07,0.49205253,0.43694396,0.69272002,4.382843,7.0167875,1.7556481,0.22534027,10.940572
1977.75,34.19083,3.2186459,6.6334769e-07,0.11416578,0.10160614,0.15420007,4.7105312,6.9410276,1.6141403,0.15834208,9.1476859
1977.8333,34.108613,0,6.4426257e-07,1.5567371e-05,0,0,4.7679758,6.8768029,1.4917291,0,6.8201472
1977.9167,32.973785,0,7.1258518e-07,0,0,0,4.8242106,6.8190317,1.3815491,0,20.444261
1978,32.933258,0,7.6849057e-07,0,0,0,4.8983951,6.766027,1.2804604,0,6.5852233
1978.0833,31.830013,0,8.3787256e-07,-6.3270062e-08,0,0,4.9478254,6.720397,1.1934391,0,6.364646
1978.1667,30.764319,0,9.5518362e-07,0,0,0,4.9902,6.6791143,1.1147124,0,6.1515783
1978.25,30.027816,1.8719636,1.0564445e-06,0,-1.3853124e-07,0,4.9278946,6.6399908,1.0430032,36.895145,2.3444074
1978.3333,30.317474,3.3463901,8.8422297e-07,0.0080199653,0.0026010524,0,4.5945139,6.5951619,0.98599887,0.012187071,0.047201323
1978.4167,30.424424,4.605182,9.1535975e-07,0.45570505,0.46078465,0.32483713,4.1418829,6.5251369,0.93039536,23.181637,12.585166
1978.5,33.006351,6.0222354,8.8247276e-07,0.76410811,0.87916654,0.94329163,3.770174,6.4320769,0.888044,0.91170656,16.927014
1978.5833,35.765436,6.4010667,8.2956473e-07,0.65156449,0.77434781,0.95678013,3.9010601,6.3522453,0.87527215,0.3423462,12.730363
1978.6667,38.389049,6.7667295,7.4749016e-07,0.45047267,0.55417363,0.65688286,4.1497545,6.2903337,0.89060366,0.28042684,13.317317
1978.75,40.558562,3.4016995,6.679474e-07,0.075398356,0.082621369,0.090523624,4.4160118,6.2418318,0.92677242,0.16937373,10.446893
1978.8333,40.780362,0,6.5898331e-07,0.0035593783,0,0,4.464942,6.2006173,0.98306239,0,8.1537182
1978.9167,40.752523,0,6.9059121e-07,0,0,0,4.5238123,6.1634641,1.0355773,0,25.270934
1979,41.986369,0,1.8640065e-06,0,0,0,4.5875945,6.129385,1.0837396,0,8.3940344
1979.0833,41.560024,0,7.8905094e-07,0,0,0,4.6242161,6.1000533,1.1251991,0,8.3087723
1979.1667,41.451048,0,8.2325761e-07,0,0,0,4.6560555,6.0735168,1.1627095,0,6.6616348
1979.25,41.080114,0.73333684,8.4109445e-07,0,2.456558e-09,0,4.6579027,6.0486245,1.1975919,44.04897,3.9472456
1979.3333,41.533109,3.9084526,7.6599167e-07,1.6164053e-08,1.605673e-05,0,4.3171268,6.0182052,1.209435,0.007241029,0.034370098
1979.4167,39.655369,4.9470253,8.2868564e-07,0.29068515,0.33186102,0.19318476,3.8434212,5.95474,1.1712698,43.514103,0.12493171
1979.5,38.742505,8.4627736,9.703183e-07,0.80017388,1.2146741,0.97755941,3.3102045,5.8409519,1.0790935,3.7096117,29.980994
1979.5833,41.822657,8.9578675,9.4147225e-07,0.58904638,0.92965709,1.0292673,3.2763453,5.7236242,0.98206675,0.30820344,15.757429
1979.6667,44.514071,9.3549415,8.6592036e-07,0.45177423,0.72286279,0.69030421,3.472064,5.6294365,0.92179608,0.38701161,15.996866
1979.75,47.076315,8.4656226,7.8787821e-07,0.20107551,0.320452,0.31784505,3.7035773,5.5524917,0.9054181,0.36852735,14.869492
1979.8333,47.94468,0,7.3566019e-07,0.012579399,0,0,3.7951405,5.4876127,0.92171854,0,9.5869026
1979.9167,47.93882,0,7.4892881e-07,0,0,0,3.8111336,5.4294887,0.94064468,0,29.482819
1980,49.239837,0,7.7646166e-07,0,0,0,3.8679645,5.3761601,0.9582091,0,9.8460535
1980.0833,48.878957,0,8.1353778e-07,0,0,0,3.9023335,5.3302555,0.97339225,0,9.7739043
1980.1667,48.8194,0,8.4330424e-07,0,0,0,3.9334996,5.2887268,0.98712665,0,9.7620317
1980.25,48.773248,0.71257888,8.6109674e-07,0,0,0,3.9501724,5.2498307,1.0000261,64.589929,8.4635883
1980.3333,49.320422,5.5902684,7.484486e-07,0,1.6962631e-05,0,3.7234015,5.2120934,1.019588,0.0076460022,0.035671597
1980.4167,48.709758,6.3780225,7.5918581e-07,0.21875603,0.27085992,0.12853874,3.3867505,5.1626444,1.0497934,43.325188,0.072120528
1980.5,49.048111,11.310669,8.3158329e-07,0.91022987,1.6077675,1.1494321,3.0178125,5.0911136,1.0684471,16.537549,28.220409
1980.5833,51.998843,11.799917,8.0633885e-07,0.78184739,1.4102163,1.3151874,3.0434384,5.0225635,1.0956521,0.33501899,18.650672
1980.6667,54.616667,12.216467,7.374029e-07,0.47284194,0.86987917,0.77398813,3.22191,4.9685969,1.1365352,0.31125055,18.894185
1980.75,56.183573,12.758564,6.5733946e-07,0.14676786,0.26846914,0.15781324,3.4201362,4.9244828,1.1585408,0.79647503,14.805009
1980.8333,56.657832,1.7491934,6.3848751e-07,0.00091263482,0.0018705204,0,3.5539899,4.8841305,1.1586568,0.10841828,11.08077
1980.9167,56.371361,0,6.6383666e-07,0,0,0,3.5814078,4.8449492,1.1587251,0,32.929722
1981,57.920404,0,6.88196e-07,0,0,0,3.6211364,4.8052559,1.1587942,0,10.415847
1981.0833,57.760365,0,7.183246e-07,0,0,0,3.6439559,4.7682233,1.1588619,0,10.523857
1981.1667,57.612009,0,7.4785413e-07,0,0,0,3.6618884,4.7321949,1.1589358,0,10.626991
1981.25,57.466824,1.919085,7.4998815e-07,0,0,0,3.6521668,4.696116,1.1589606,86.361934,7.9494871
1981.3333,57.045713,7.6177865,6.8025963e-07,0,9.8480985e-06,0,3.3986297,4.6584945,1.1565211,0.010246927,0.048313292
1981.4167,55.320166,10.706808,7.1917782e-07,0.52857478,0.98247943,0.47618038,3.0580025,4.6077213,1.1514058,78.342892,12.792993
1981.5,56.090306,15.327306,7.2125272e-07,1.0038211,2.107157,1.3960883,2.7798228,4.5449185,1.1479833,0.076054098,19.79794
1981.5833,57.471331,15.955204,6.9193175e-07,0.8723325,1.8341745,1.5050023,2.8193111,4.4885511,1.1480206,0.1870262,20.683277
1981.6667,58.927283,16.559077,6.4816101e-07,0.54879229,1.1607279,0.92876155,2.9957232,4.4421539,1.1506901,0.091100065,21.698623
1981.75,60.082171,17.17755,6.0841813e-07,0.10899511,0.21211919,0.17350985,3.2500653,4.4032021,1.1555835,0.77364541,16.241043
1981.8333,60.488842,0,6.158262e-07,1.0823736e-05,7.0938423e-08,0,3.3935316,4.3676572,1.1618161,0,11.766954
1981.9167,60.441885,0,6.4248991e-07,2.5817848e-24,0,0,3.4217491,4.3344488,1.1677603,0,35.981703
1982,62.320288,0,6.6031993e-07,0,0,0,3.4477315,4.3028045,1.173214,0,12.133386
1982.0833,62.209886,0,6.851721e-07,0,0,0,3.4659328,4.274529,1.1779088,0,12.135543
1982.1667,62.100656,0,7.0979007e-07,0,0,0,3.4792662,4.2479701,1.1821562,0,12.134073
1982.25,61.993744,4.3385923,7.0240822e-07,0,2.2983834e-06,0,3.4855607,4.2221479,1.1861627,196.7592,9.8843216
1982.3333,62.031679,16.684946,6.1431183e-07,0,3.4428765e-05,0,3.3222792,4.1974053,1.1921654,0.012492436,5.1075846
1982.4167,62.098332,17.603049,6.3225082e-07,0.24181667,0.54927195,0.19519263,3.0683987,4.1682677,1.2046891,21.190316,10.327273
1982.5,63.309744,19.718608,6.4510903e-07,1.2540772,2.9263412,1.744636,2.811723,4.1298327,1.2266467,0.54651834,32.690145
1982.5833,65.912053,20.336164,6.0525662e-07,0.97805499,2.2590854,1.7724746,2.8611593,4.0954881,1.2626632,0.055134439,38.279341
1982.6667,69.133557,20.922912,5.5784352e-07,0.5843108,1.3762006,1.0778569,3.0618336,4.0691547,1.3158022,0.011179429,48.056349
1982.75,72.443999,8.9426292,5.2342665e-07,0.15277499,0.30194817,0.20014524,3.293855,4.0502257,1.3905511,0.0034587719,33.631596
1982.8333,72.747804,0,5.1679427e-07,0.0003460837,0,0,3.3087232,4.0350237,1.4711188,0,14.342132
1982.9167,72.694048,0,5.3247351e-07,0,0,0,3.3283737,4.0207663,1.5441586,0,41.356226
1983,74.672215,0,5.418766e-07,0,0,0,3.3373783,4.0070696,1.6111726,0,14.744275
1983.0833,74.492067,0,5.5966098e-07,0,0,0,3.3472354,3.9947009,1.6688609,0,14.71562
1983.1667,74.357174,0,5.7727016e-07,0,0,0,3.3544872,3.98295,1.7210507,0,14.694973
1983.25,74.259676,3.2907834,5.81856e-07,0,3.2812678e-06,0,3.3649855,3.971384,1.7699829,239.49411,18.184991
1983.3333,76.189093,20.107878,5.1458466e-07,0,6.1054552e-05,0,3.2626724,3.9594951,1.8278214,0.017324866,27.798
1983.4167,79.626992,21.87412,5.2749755e-07,0.84139924,1.9212416,0.72884066,3.0797257,3.9422545,1.9268926,26.198029,103.57625
1983.5,90.081833,23.42611,4.6945206e-07,1.4841366,3.3573743,2.069215,3.0686653,3.9270234,2.0817764,0.0232412,125.03216
1983.5833,103.10174,23.98547,4.069816e-07,0.97438189,2.2221981,1.6087419,3.5175393,3.9283721,2.3216298,0.0088258756,195.93489
1983.6667,121.8213,24.502743,3.5385506e-07,0.65331205,1.4841348,0.96282675,4.3156853,3.9551089,2.6867306,0.0041029957,214.63489
1983.75,133.30345,16.872261,3.3068858e-07,0.16771961,0.37746808,0.16706417,5.3587503,4.018239,3.2755406,0.0012017643,101.53658
1983.8333,135.3752,0,3.3195207e-07,8.6758016e-05,0,0,5.6353674,4.1068778,4.0139408,0,20.764915
1983.9167,134.68049,0,3.4580921e-07,0.00012997676,0,0,5.6909041,4.1913152,4.6968899,0,51.739295
1984,136.30413,0,3.5727368e-07,0,0,0,5.7286487,4.270802,5.3234954,0,21.240119
1984.0833,133.75515,0,3.7578613e-07,0,0,0,5.7563176,4.3416152,5.8629026,0,25.465739
1984.1667,131.31823,0,3.9171729e-07,0,0,0,5.7756824,4.4098363,6.3508964,0,20.071332
1984.25,131.30981,2.7936283,3.8765734e-07,0,1.6229809e-08,0,5.7576418,4.4766493,6.8070259,126.7463,53.327142
1984.3333,133.05067,10.718875,3.4456798e-07,0,5.0726974e-05,0,5.3960676,4.5682206,7.1490755,0.0044371457,0.62765989
1984.4167,132.44073,14.826698,3.5791305e-07,0.97936622,1.7228969,0.64816957,4.9407854,4.7147241,7.2546525,141.01395,81.736682
1984.5,153.4321,24.210159,3.249429e-07,1.5785561,3.4028201,1.5695008,4.7242718,4.8786669,7.1003942,26.124561,404.82514
1984.5833,179.07482,25.840962,2.9899584e-07,1.1470051,2.5249997,1.4429797,5.3818259,5.0817189,6.8487468,3.1512225,398.87881
1984.6667,230.20481,26.204841,2.5756509e-07,0.84518645,1.8572768,1.1104435,7.1909113,5.4161067,6.6798944,0.0038030226,712.77887
1984.75,256.23819,21.376157,2.3672814e-07,0.25308242,0.5276449,0.29771849,10.686899,6.1138301,6.6180058,0.0014746734,39.40291
1984.8333,252.88856,0,2.3905838e-07,0.0030611567,0,0,12.112329,7.1866879,6.6406221,0,1.1781585
1984.9167,248.42474,0,2.497201e-07,4.1282125e-05,0,0,12.269232,8.2104206,6.6704907,0,1.1766785
1985,243.94818,0,2.61038e-07,0,0,0,12.422158,9.1474829,6.6978955,0,1.1751698
1985.0833,238.86032,0,2.7202717e-07,0,0,0,12.538998,9.9519892,6.721487,0,1.173493
1985.1667,231.68363,0,2.8467977e-07,0,0,0,12.608958,10.676977,6.7428298,0,1.1717689
1985.25,223.85608,0.38804466,2.9424501e-07,0,1.6313362e-06,0,12.515346,11.352056,6.7626595,27.881876,25.8015
1985.3333,219.0575,2.5372386,2.7957586e-07,0,4.5222927e-05,0,10.632667,11.869375,6.7437429,0.0031229909,0.083689523
1985.4167,211.19277,2.9571054,2.9451655e-07,0.26093633,0.093180132,0.11367934,8.0382156,12.008174,6.5915689,7.924555,0.68606986
1985.5,157.27365,6.725837,3.5606817e-07,1.778732,1.3054927,1.2336263,4.7072105,11.672977,6.2836432,95.263173,5.2939329
1985.5833,123.02812,21.535147,4.2338792e-07,1.3236133,2.3880291,1.2476203,3.7976449,11.055147,6.0026083,160.63376,41.401773
1985.6667,134.60673,26.234044,4.0465471e-07,0.81177415,1.7866579,0.79341796,4.9517169,10.596191,5.9040923,0.0037900453,213.42464
1985.75,146.50472,17.09858,3.7796363e-07,0.20686876,0.44417884,0.18642803,6.9720001,10.453732,5.8827901,0.0015179801,50.432763
1985.8333,145.1219,0,3.8062117e-07,0.0015023303,0,0,7.5083442,10.557364,5.8765373,0,1.3643744
1985.9167,142.64612,0,3.9978175e-07,0,0,0,7.6505127,10.665125,5.8713198,0,1.3626611
1986,140.17637,0,4.2239091e-07,0,0,0,7.8043499,10.760634,5.8660469,0,1.360922
1986.0833,137.84502,0,4.4414884e-07,0,0,0,7.9419594,10.841096,5.8580594,0,1.3590171
1986.1667,134.90349,0,4.6857636e-07,0,0,0,8.0582895,10.913438,5.8181963,0,1.3511439
1986.25,133.6011,0.36778746,4.8490222e-07,0,2.4881436e-06,0,8.119524,10.980839,5.6624322,26.380282,113.59603
1986.3333,138.57733,2.4264215,4.5975827e-07,0,7.0592299e-05,0,7.0578327,10.981247,5.5777192,0.0014226904,0.009482524
1986.4167,135.35579,3.1739504,5.1418112e-07,0.67455591,0.27917198,0.31243722,5.3271608,10.757971,5.5764933,26.549302,0.1691611
1986.5,111.1303,13.213484,5.7008049e-07,1.8032424,2.1761948,1.4425594,3.2551188,10.243103,5.57582,199.36202,4.1646652
1986.5833,109.34725,26.514187,5.5413653e-07,1.2842959,2.8359363,1.3314228,3.5364234,9.6605234,5.5758734,51.454084,224.81648
1986.6667,137.31912,27.263291,4.5206249e-07,0.72989988,1.6382945,0.78561994,5.0961561,9.2888374,5.5763302,0.034603533,311.44364
1986.75,150.3454,15.091242,4.0193279e-07,0.1104716,0.22922387,0.075757512,7.6690593,9.2922497,5.5767007,0.02024679,41.390226
1986.8333,148.43445,0,4.1224177e-07,0.01199505,0,0,8.3189735,9.5540962,5.5769143,0,1.7233496
1986.9167,145.90083,0,4.3746542e-07,0.00057281596,0,0,8.5215178,9.8036175,5.5771012,0,1.4866142
1987,142.94383,0,4.6866535e-07,0,0,0,8.6904716,10.032204,5.5772743,0,1.4805942
1987.0833,140.41716,0,4.9375308e-07,0,0,0,8.8259487,10.228633,5.5774231,0,1.476992
1987.1667,138.04369,0,5.1797036e-07,0,0,0,8.9392004,10.406079,5.5775561,0,1.4747497
1987.25,140.02445,0.93967299,5.194467e-07,0,4.2212371e-06,0,9.0306931,10.573816,5.5773177,42.224762,203.13122
1987.3333,149.17448,3.7408592,4.6554069e-07,0.0022180637,6.4719374e-05,0,9.032814,10.780054,5.5491118,0.0017832294,0.0061684756
1987.4167,143.00434,5.6526638,4.8174076e-07,1.0273238,0.77206675,0.73920037,7.9541569,10.896192,5.4483352,70.697505,0.16398231
1987.5,137.87816,19.669315,4.4730416e-07,1.5514656,2.9555491,1.9271255,7.9538512,10.926059,5.29037,207.984,64.845748
1987.5833,159.16876,28.223118,3.7758545e-07,1.2523469,3.1388086,1.7607072,10.727285,11.214761,5.1588416,0.011956116,451.46397
1987.6667,195.68408,28.599659,3.0096552e-07,0.73997781,1.8605784,0.9818758,15.560859,12.084042,5.0693607,0.0083684314,358.28876
1987.75,214.5301,28.965736,2.6677867e-07,0.36850927,0.92674763,0.44532646,22.452236,13.86416,5.0046597,0.0083022121,129.78243
1987.8333,215.24374,0,2.7168525e-07,0.0054297702,1.0877566e-06,0,27.041615,16.551992,4.9553056,0,4.879558
1987.9167,211.7433,0,2.8652934e-07,0.00025650049,0,0,27.661089,19.197889,4.9119925,0,9.5451499
1988,208.6539,0,3.0297966e-07,0.00055418747,0,0,28.250225,21.618555,4.8718104,0,4.016726
1988.0833,205.32468,0,3.1902619e-07,9.5556878e-05,0,0,28.772989,23.695738,4.8367801,0,3.8255513
1988.1667,201.56495,0,3.3509386e-07,0,0,0,29.23653,25.567974,4.8046174,0,0.29306691
1988.25,197.67964,0.57790783,3.4305114e-07,0,1.5813591e-05,0,29.500927,27.317669,4.7738538,25.558475,67.116213
1988.3333,196.03889,2.4478121,3.2822462e-07,0.029575343,0.0037995108,0,29.364319,29.010281,4.7377048,0.002966997,0.043947304
1988.4167,189.79855,4.1562258,3.5112996e-07,1.3933658,0.60841194,1.084729,29.089529,30.464064,4.6778493,36.162123,1.7897327
1988.5,185.51697,9.5671583,3.289436e-07,1.7882958,1.6536565,2.1500392,28.226772,31.731825,4.612545,85.992558,9.7371216
1988.5833,185.53197,20.10116,2.9793881e-07,1.2156467,2.2458856,1.5370883,28.671942,33.126789,4.5685697,145.05907,48.777669
1988.6667,193.22495,29.479641,2.8260177e-07,0.76241679,1.8791457,0.94638864,32.248127,34.940552,4.5431705,37.877053,172.48974
1988.75,200.79657,10.632507,2.8130853e-07,0.10369301,0.25587749,0.11103531,37.393669,37.458298,4.5316291,0.0009463907,34.626749
1988.8333,197.68032,0,2.9755563e-07,5.3317647e-05,0,0,38.512192,40.106926,4.5255151,0,2.5359651
1988.9167,190.32143,0,3.210651e-07,3.9266978e-08,0,0,39.007843,42.443607,4.520381,0,6.712379
1989,183.10678,0,3.410621e-07,0.00052371838,0,0,39.064972,44.513462,4.516067,0,1.9663484
1989.0833,168.99252,0,3.7267824e-07,0,0,0,38.508259,46.167542,4.5137858,0,1.3099303
1989.1667,165.12938,0,3.9172849e-07,0,0,0,38.789955,47.559029,4.5134101,0,1.0776195
1989.25,161.58612,0.18179099,4.0984585e-07,0,2.9609834e-06,0,38.879665,48.796955,4.514688,7.4334418,56.303277
1989.3333,158.865,0.98262622,4.2901092e-07,0,6.5708737e-05,0,37.698612,49.732655,4.5160584,0.0027734593,0.0063228993
1989.4167,149.60065,1.5404806,4.6899225e-07,0.46984998,0.090966732,0.34655719,36.044567,50.179962,4.5113297,6.7858915,0.27277792
1989.5,145.16664,3.1047249,4.6992091e-07,1.2936246,0.44902906,1.8585951,31.713762,50.068607,4.5007825,14.750017,2.0715332
1989.5833,142.33032,5.1192897,4.346501e-07,1.1836172,0.71220073,1.8334195,25.976784,49.367844,4.4954567,27.029465,2.2169483
1989.6667,140.13758,8.3100032,4.0608961e-07,0.84016206,0.77993154,1.2782865,20.91815,48.104702,4.4949827,34.738476,2.7983368
1989.75,138.37971,8.7430114,4.0525538e-07,0.28013071,0.29936641,0.4148696,16.974716,46.326462,4.4984484,7.9224543,3.1586516
1989.8333,135.19923,0,4.2709976e-07,6.875651e-06,0,0,15.784745,44.254417,4.5041108,0,2.1411072
1989.9167,130.96476,0,4.5311467e-07,1.197591e-05,0,0,15.887813,42.318714,4.5095286,0,6.2105245
1990,126.26676,0,4.787122e-07,0,0,0,15.815001,40.53302,4.5145431,0,1.6181436
1990.0833,120.47324,0,5.1019674e-07,0,0,0,15.778705,38.985767,4.5189118,0,1.5486265
1990.1667,114.83429,0,5.4302336e-07,0,0,0,15.690564,37.574169,4.5229435,0,1.4755337
1990.25,110.6341,0.098104523,5.7227561e-07,0,2.4770088e-07,0,15.585299,36.242893,4.5267525,17.616141,4.4920278
1990.3333,108.04033,1.7256811,5.8623715e-07,0,5.1109122e-05,0,11.796346,34.811531,4.5266247,0.0011944632,0.0054311893
1990.4167,86.56504,2.9992738,6.3302161e-07,1.0080606,0.33191228,1.5220613,4.8272738,32.580933,4.5105815,25.751825,1.6882033
1990.5,16.272578,8.3674677,1.0566007e-06,1.5633182,1.3474825,2.7166421,3.3312418,29.618103,4.4874978,111.25778,15.692743
1990.5833,17.660841,22.559484,8.0323514e-07,1.2090715,2.4079084,2.1013226,4.0350032,26.722454,4.4729333,115.71934,91.874972
1990.6667,38.250297,24.802335,5.749659e-07,0.72404388,1.5845611,1.2211364,4.0846395,24.216993,4.4653482,0.054594553,328.30556
1990.75,59.325542,19.473264,4.855043e-07,0.19942413,0.42196174,0.31343166,4.4584489,22.125616,4.4626994,0.039651164,117.83165
1990.8333,61.777357,0,4.8636247e-07,0.0089035835,0,0,4.6064401,20.428083,4.4627442,0,3.6283933
1990.9167,60.875252,0,5.1088216e-07,0,0,0,4.4874077,18.919647,4.4630027,0,11.175961
1991,59.905868,0,5.3123154e-07,0,0,0,4.2921557,17.535542,4.4632554,0,3.5735359
1991.0833,57.792969,0,5.6035623e-07,0,0,0,4.1091294,16.343792,4.4636788,0,3.0314406
1991.1667,56.732759,0,5.8583004e-07,0,0,0,3.9537618,15.265438,4.4641805,0,2.4224923
1991.25,62.348958,3.5597521,5.8178722e-07,0,7.6065982e-06,0,3.9197829,14.258325,4.4645538,143.50629,261.80708
1991.3333,77.098057,12.125686,5.116421e-07,0.0014039015,9.0708491e-05,0,5.3623953,13.535436,4.4591055,0.0034017876,0.0091979105
1991.4167,76.382324,16.003083,4.8061531e-07,0.90878549,1.6313159,1.4206193,7.4324379,13.422452,4.4329014,143.81285,34.235424
1991.5,102.70923,25.088197,3.3815115e-07,1.5890856,3.5813792,2.9487921,11.028651,14.140993,4.3854938,5.5459247,567.85
1991.5833,152.05248,25.604123,2.41744e-07,1.2248131,2.7791777,2.3020259,17.45826,16.017073,4.3426819,0.0057056509,562.76256
1991.6667,190.19148,26.006624,1.9953099e-07,0.81895995,1.8755642,1.5500301,25.684217,19.290213,4.3121099,0.0042830596,327.31519
1991.75,200.98254,16.133146,1.8863244e-07,0.17932905,0.40324059,0.26249982,34.071087,24.246618,4.2915478,0.001454352,44.588334
1991.8333,198.68679,0,1.9248159e-07,0.0016076665,0,0,35.95602,29.985561,4.2769179,0,4.9103283
1991.9167,195.53968,0,2.0063484e-07,1.0124172e-05,0,0,36.414722,35.224812,4.263905,0,15.113832
1992,193.19923,0,2.1156377e-07,0.0003145593,0,0,36.834164,40.009178,4.2519031,0,4.9732278
1992.0833,189.66699,0,2.2113102e-07,4.1823477e-07,0,0,37.245087,44.105053,4.2415113,0,4.8946635
1992.1667,186.00047,0,2.3048223e-07,1.0035389e-08,0,0,37.607586,47.786896,4.2320538,0,4.6154057
1992.25,181.33315,0.69234235,2.3439658e-07,0,9.6436802e-06,0,37.086761,51.209129,4.2231655,35.33082,26.52353
1992.3333,177.91323,3.2584216,2.2195489e-07,0.049708632,0.0091442274,0.00068912775,35.052338,54.244705,4.2122178,0.0035607278,0.018804432
1992.4167,173.75454,6.6977064,2.3507283e-07,1.7766524,1.0119879,1.4637923,35.628242,56.72361,4.1881242,74.586596,10.451697
1992.5,180.53187,10.29076,2.5223423e-07,1.8690552,1.5245906,2.314368,38.779469,58.676102,4.156127,0.23471728,246.03821
1992.5833,196.62973,10.744208,2.7134612e-07,1.3090773,1.1113576,1.9547169,44.831306,60.627224,4.1320605,0.29080354,182.68891
1992.6667,203.26026,11.164361,2.9196667e-07,0.72036679,0.62314614,1.0313003,52.141045,62.956993,4.1281343,0.019651316,80.710263
1992.75,202.14334,8.5404953,2.9453136e-07,0.11105152,0.091157753,0.14635123,57.144428,65.883835,4.1464863,0.00029589283,14.909709
1992.8333,197.45392,0,3.0434077e-07,0.0012559926,0,0,58.676636,69.130882,4.1792202,0,3.6814546
1992.9167,192.08552,0,3.2084239e-07,9.8487616e-12,0,0,59.103619,72.069038,4.2101731,0,11.014317
1993,187.36967,0,3.3791579e-07,0.0028213584,0,0,59.49939,74.705055,4.2383676,0,3.5879098
1993.0833,180.0923,0,3.5877136e-07,4.3584024e-10,0,0,59.457043,76.911423,4.2624407,0,3.4125135
1993.1667,170.78876,0,3.8202882e-07,0,0,0,57.436432,78.686874,4.2844,0,3.140929
1993.25,164.99424,0.79076411,3.9680137e-07,0,9.5830109e-06,0,56.957054,80.204552,4.3050594,20.873424,3.0081388
1993.3333,160.66407,2.1590937,4.097555e-07,0.00012671423,5.2038238e-05,0,55.633419,81.457855,4.3268852,0.00017689365,0.00088810483
1993.4167,156.55425,3.2971574,4.6006789e-07,1.1378397,0.3246685,0.97137221,57.466564,82.405151,4.3400917,19.890749,10.3555
1993.5,153.98085,4.7985199,4.8497475e-07,1.864058,0.64390029,2.845936,57.728329,83.095726,4.3461404,2.8403156,11.965695
1993.5833,151.71579,5.3931554,4.9541472e-07,1.3642085,0.53489393,2.2391973,57.062424,83.65554,4.3665557,1.9786151,18.321767
1993.6667,150.26435,5.9021795,4.8717101e-07,0.8749011,0.38189901,1.4017686,55.002575,84.15168,4.4087057,0.49490722,27.605047
1993.75,149.75516,5.6605893,4.4820285e-07,0.36995222,0.16958484,0.59978365,50.697071,84.642471,4.4820466,0.0041930858,37.998586
1993.8333,147.07351,0,4.3590836e-07,0.046298886,0,0,48.366901,85.121033,4.5832615,0,5.8185508
1993.9167,142.39442,0,4.58919e-07,0,0,0,48.51366,85.521255,4.6803732,0,17.568952
1994,138.69086,0,4.8258943e-07,0,0,0,48.406593,85.840546,4.7696509,0,4.7245827
1994.0833,134.21182,0,5.1103433e-07,0,0,0,48.701836,86.068321,4.8467155,0,3.0179758
1994.1667,129.83248,0,5.3958917e-07,0,0,0,48.910065,86.225403,4.9166775,0,2.9305058
1994.25,125.58419,0.56309142,5.6764532e-07,0,6.2040564e-06,0,48.914448,86.320671,4.9823999,28.656604,6.1988642
1994.3333,122.74881,2.6795175,5.8288924e-07,6.7686475e-08,9.3859551e-05,0,47.380054,86.31736,5.0324636,0.0017417776,0.0019754607
1994.4167,118.75813,3.7414455,5.9692059e-07,0.90434693,0.29520154,1.0130008,44.499535,86.078712,5.0434399,25.822395,0.87583902
1994.5,115.98527,5.8760135,5.0294886e-07,1.6892211,0.6917248,3.0841922,36.112892,85.434311,5.0155644,4.5133558,15.478337
1994.5833,87.413721,6.5344144,4.3713882e-07,0.98982838,0.46595618,2.0068927,31.49736,84.262062,4.9984508,5.6102811,26.673092
1994.6667,74.842162,7.9467464,4.002315e-07,0.86867061,0.52262205,1.5826465,28.947676,82.828537,5.0139999,19.022755,43.354634
1994.75,77.149101,4.5277253,3.5633732e-07,0.16422108,0.11531537,0.30066851,26.158205,81.388611,5.0743122,5.197779,20.696939
1994.8333,75.558908,0,3.6383113e-07,0.0028857796,0,0,25.911793,79.955009,5.1562467,0,4.610258
1994.9167,73.09895,0,3.8672502e-07,0,0,0,25.956556,78.567223,5.2309699,0,13.751175
1995,70.88197,0,4.1433404e-07,0,0,0,25.623791,77.180824,5.2989621,0,4.4872403
1995.0833,69.01788,0,4.3824602e-07,0,0,0,25.656912,75.889854,5.3571777,0,4.4001318
1995.1667,66.669248,0,4.6345099e-07,0,0,0,25.528399,74.627762,5.4096241,0,4.2670311
1995.25,63.827895,0.93078829,4.7582719e-07,0,2.127077e-06,0,24.670801,73.335754,5.4580374,67.460226,6.0195792
1995.3333,57.75829,5.8124936,4.0011065e-07,0,4.2632226e-05,0,20.393116,71.896935,5.4815192,0.00060156851,0.00066153664
1995.4167,46.694752,6.9736564,4.4755015e-07,0.57606374,0.42927336,0.61427631,19.511103,69.883347,5.4158788,54.073097,0.0152968
1995.5,40.702458,12.675902,4.1912361e-07,1.698401,1.8093639,2.5292914,15.506667,67.169014,5.1977062,26.36645,60.044609
1995.5833,49.050167,13.826856,3.6621583e-07,1.3809673,1.5688562,2.3443033,12.623529,63.984833,4.9334502,3.751971,122.59262
1995.6667,64.384878,14.541566,3.4289721e-07,0.9666118,1.1522205,1.7287918,10.904664,60.668476,4.7539835,4.0073865,242.45536
1995.75,92.124961,9.2185345,2.9967913e-07,0.26853792,0.3203832,0.43670127,9.2984209,57.248444,4.6691566,0.66130018,304.36688
1995.8333,99.708751,0,2.9522172e-07,0.025418726,0,0,8.9978256,53.946384,4.6455522,0,14.162451
1995.9167,97.557165,0,3.1805538e-07,1.1021426e-11,0,0,8.9908199,50.927898,4.6273565,0,38.712733
1996,95.250122,0,3.3905343e-07,1.7715317e-09,0,0,8.8976908,48.124176,4.6101589,0,2.0117515
1996.0833,91.240846,0,3.6049747e-07,3.3518059e-11,0,0,8.8301802,45.677853,4.5948267,0,1.8741911
1996.1667,88.662654,0,3.799328e-07,0,0,0,8.788662,43.432781,4.5803981,0,1.3407321
1996.25,87.089337,1.3656379,3.9068908e-07,0,2.5771325e-07,0,8.6259279,41.30093,4.5664968,82.420431,23.610157
1996.3333,88.047393,7.1056695,3.5975478e-07,0.019031156,0.0082996602,0,7.7934136,39.293953,4.5762172,0.0010563078,0.022161846
1996.4167,89.254655,11.630173,3.8505345e-07,1.327796,1.5704182,1.6382549,8.2878189,37.369556,4.6459737,82.867821,92.746315
1996.5,101.08177,15.318942,3.9516783e-07,1.5688969,2.2033134,3.1308621,13.526457,35.749252,4.7917986,16.682497,376.04197
1996.5833,123.44316,18.389551,3.8721001e-07,1.1278173,1.8875052,2.4080633,24.106571,35.05999,5.0605927,37.022991,281.5806
1996.6667,144.40116,20.10675,3.7699365e-07,0.70123816,1.2595543,1.4257313,37.224358,35.801826,5.4924903,0.0048955498,192.11037
1996.75,151.86454,7.8777084,3.5355669e-07,0.16056649,0.27374903,0.30755786,45.590221,38.06189,6.1213508,0.00087682771,42.972674
1996.8333,150.00252,0,3.6749307e-07,0.014524453,0,0,47.081055,40.798061,6.7979722,0,3.8249614
1996.9167,147.59192,0,3.8806854e-07,4.7372253e-20,0,0,47.878262,43.266499,7.4137225,0,11.499271
1997,145.63327,0,4.0336749e-07,0,0,0,48.110458,45.515377,7.9814162,0,3.7526051
1997.0833,142.60237,0,4.241337e-07,0,0,0,48.7159,47.432228,8.4726706,0,3.6972805
1997.1667,138.55515,0,4.4927503e-07,0,0,0,49.032162,49.124306,8.9226141,0,3.6012358
1997.25,135.15422,1.1178203,4.7169175e-07,0,1.3733818e-05,0,48.98735,50.645649,9.3549547,50.414133,46.712431
1997.3333,135.39481,4.4699074,4.8402148e-07,0.19134626,0.090526569,0.057621511,48.183506,51.979881,9.8052483,10.305066,0.024716876
1997.4167,137.19109,8.3410591,4.7138585e-07,1.5620403,1.2288433,2.8309971,45.42297,53.161846,10.203423,38.668051,128.25459
1997.5,151.73954,9.0058697,3.5424713e-07,1.465735,1.2218059,3.4992167,37.243717,54.385551,10.518014,0.20737966,207.21624
1997.5833,164.61056,9.2622731,2.8937504e-07,1.0458128,0.89707119,2.6419141,33.952595,55.860756,10.775191,0.04378099,143.29298
1997.6667,171.81878,9.495141,2.563304e-07,0.72142962,0.63492099,1.8072036,33.555401,57.701481,10.97389,0.030703579,95.874609
1997.75,174.96495,5.6146136,2.355855e-07,0.20700232,0.18068337,0.44858456,34.212292,60.074257,11.122524,0.0072274704,34.651261
1997.8333,171.46997,0,2.4530055e-07,0.0063973884,0,0,34.928921,62.646564,11.238228,0,6.8985938
1997.9167,167.07084,0,2.5961219e-07,0,0,0,35.289978,64.955452,11.338328,0,20.988526
1998,163.84466,0,2.730018e-07,0,0,0,35.447544,67.033661,11.426439,0,6.9151807
1998.0833,159.37598,0,2.8816171e-07,0,0,0,35.737457,68.784439,11.498744,0,0.28548016
1998.1667,154.28805,0,3.0435416e-07,0,0,0,35.929668,70.329903,11.559568,0,0.042194652
1998.25,148.21941,0.27712787,3.1925393e-07,0,2.7256955e-07,0,35.841087,71.738304,11.607814,25.013776,7.0680632
1998.3333,139.76046,2.2308363,3.1406699e-07,0,1.5312987e-05,0,36.293079,73.189629,11.396378,8.805406e-05,0.00098530211
1998.4167,133.24142,2.6051935,3.2085666e-07,0.35301471,0.11075346,0.57070244,38.792458,75.174042,10.998703,9.4972491,0.036275065
1998.5,124.99058,4.6581984,3.1219179e-07,1.4670496,0.62737175,3.3118183,37.669746,77.447067,10.515546,16.209665,7.1453846
1998.5833,123.56552,5.180377,2.808969e-07,0.85886818,0.40946148,2.346892,34.388962,79.540001,10.017058,0.58523586,21.279171
1998.6667,124.18951,5.4714596,2.5610893e-07,0.74261485,0.37175888,1.9011904,31.459801,81.358658,9.6217566,0.28156836,29.342645
1998.75,125.63445,4.5985761,2.3953459e-07,0.22703695,0.11130185,0.50264664,29.439571,82.962646,9.324049,0.0039825711,37.180899
1998.8333,123.99817,0,2.4277387e-07,0.037604312,0,0,28.858547,84.362366,9.1030197,0,7.3662013
1998.9167,119.26223,0,2.5358347e-07,0.0003503126,0,0,28.564154,85.578148,8.9093161,0,3.4255124
1999,114.29377,0,2.6331756e-07,0,0,0,28.108271,86.633759,8.7314281,0,0.040842376
1999.0833,105.68594,0,2.7827824e-07,0,0,0,27.338755,87.47506,8.578063,0,0.092139846
1999.1667,101.39173,0,2.9061761e-07,0,0,0,27.04793,88.148735,8.4389486,0,0.036396885
1999.25,91.860071,0.60540211,2.9806614e-07,0,3.0131736e-06,0,24.226826,88.657639,8.3081923,27.047561,11.472014
1999.3333,72.725877,2.4636628,2.9706118e-07,0,3.1217394e-05,0,15.240008,87.117401,8.155611,5.7308325e-05,3.110022e-05
1999.4167,69.832616,2.9986619,3.2074686e-07,0.55603297,0.23519611,0.46353454,13.842321,83.713379,7.9090643,22.245833,0.066584086
1999.5,71.795113,9.8052835,3.0065561e-07,1.5011695,1.466907,2.294621,12.207058,79.383522,7.7218714,77.438525,79.382335
1999.5833,87.721251,11.7823,2.4707836e-07,1.2060106,1.4446993,2.3201075,12.667112,75.105591,7.7056632,0.0056561593,249.96014
1999.6667,108.06704,12.093288,2.1442419e-07,0.77619928,0.94798327,1.6659933,14.156826,71.396675,7.7041545,0.0066190101,165.10291
1999.75,114.82965,6.7600845,2.1058277e-07,0.15505407,0.19472157,0.31581319,15.917122,68.32679,7.7039514,0.0062290884,18.631175
1999.8333,113.48941,0,2.2181871e-07,2.911308e-05,0,0,16.554594,65.770271,7.7038012,0,0.82690866
1999.9167,110.18126,0,2.4161949e-07,0,0,0,16.828285,63.450142,7.7035661,0,0.036936371
2000,104.52437,0,2.6901262e-07,0,0,0,16.954447,61.211029,7.7019358,0,0.035675819
2000.0833,98.424301,0,2.9224748e-07,0,0,0,17.101366,59.21146,7.6177564,0,0.034084309
2000.1667,94.137751,0,3.1228751e-07,0,0,0,17.21711,57.387386,7.1740437,0,0.033176052
2000.25,90.854928,0.048740047,3.1535805e-07,0,-1.1180091e-08,0,16.663275,55.677647,6.6706648,1.5020864,31.012006
2000.3333,90.852886,0.43419906,2.8255741e-07,7.6637217e-05,8.8394632e-05,0,14.183124,54.011879,6.5193162,0.00093174011,0.050568184
2000.4167,89.994758,1.000465,3.2040839e-07,0.8816772,0.14979347,0.68334118,13.145621,52.162804,6.5039754,7.5155143,0.23426495
2000.5,89.493014,3.2652004,3.9213319e-07,1.2382981,0.62351176,1.7605758,13.421605,50.059868,6.4905009,41.245623,0.28621243
2000.5833,90.293683,9.2352694,4.7809044e-07,0.94228604,1.1404756,1.9583673,14.513735,47.699829,6.4864111,71.680586,33.429017
2000.6667,98.426707,12.076577,5.5957122e-07,0.62592519,0.93217113,1.3665019,17.218296,45.503113,6.4863667,0.037100879,113.18216
2000.75,103.91552,10.795766,5.8335917e-07,0.10039837,0.14461687,0.20252623,18.872749,43.614044,6.4870625,0.053878773,10.840029
2000.8333,103.04571,0,6.4947602e-07,0.0014164105,0,0,19.987173,42.018482,6.487618,0,0.68068851
2000.9167,101.20881,0,7.1792783e-07,7.473098e-25,0,0,20.687141,40.585125,6.4880729,0,0.035863185
2001,99.175967,0,7.9479713e-07,0,0,0,21.31321,39.258183,6.4884834,0,0.035820548
2001.0833,96.622691,0,8.7333672e-07,0,0,0,21.759487,38.104736,6.4888291,0,0.034592037
2001.1667,93.429491,0,9.5792677e-07,0,0,0,22.033974,37.049286,6.4891315,0,0.030142454
2001.25,90.097934,0.095110547,1.0170205e-06,0,1.1834382e-07,0,21.911098,36.047016,6.488935,3.6276217,1.4112572
2001.3333,88.352457,0.60710812,9.8532416e-07,0,7.4434051e-06,0,18.587675,34.98119,6.458746,2.7252043e-05,0.00066994447
2001.4167,86.574689,0.99072733,1.0529729e-06,0.012113175,0.00049773974,0,13.080841,33.486736,6.365036,7.5889595e-05,0.00064939955
2001.5,57.822764,1.7217716,1.3723582e-06,0.89683591,0.21126676,1.6835605,5.5529971,31.262743,6.2097569,9.5904659,5.8497539
2001.5833,8.3833756,3.6837049,3.6433762e-06,0.85647754,0.44220869,2.2989895,4.1605806,28.342907,6.0368552,33.849721,4.5089964
2001.6667,10.458272,8.6326888,1.6101951e-06,0.61497893,0.71890454,1.6812614,3.7069366,25.598915,5.911994,71.99881,3.8798212
2001.75,12.264286,7.5991414,1.1355178e-06,0.12505041,0.20430166,0.32887205,3.5213776,23.122026,5.8209839,16.926184,3.3059534
2001.8333,12.544386,0,1.0667762e-06,3.310489e-07,0,0,3.4485071,20.884996,5.7471952,0,2.4324843
2001.9167,12.24433,0,4.3556211e-06,0,0,0,3.0327315,18.87499,5.6809764,0,4.9016948
2002,11.913298,0,1.7740902e-06,0,0,0,2.3713667,17.067883,5.6200476,0,0.75148643
2002.0833,11.33702,0,1.6838034e-06,0,0,0,2.0013199,15.548164,5.5353003,0,0.04051714
2002.1667,10.908652,0,1.6097306e-06,0,0,0,1.8371121,14.18189,5.1333013,0,0.01816413
2002.25,8.9893481,1.2567902,1.7284378e-06,0,8.4997719e-07,0,1.6508824,12.900772,4.6493726,75.779713,6.6113764
2002.3333,1.653302,6.5723932,2.4558838e-06,0.0051596485,0.0015552167,0,1.8396246,11.68231,4.4947977,0.10534193,0.019939717
2002.4167,3.6169901,10.12168,3.152571e-06,0.7226698,1.2588172,1.2754263,2.3675008,10.552117,4.492281,75.28748,14.543045
2002.5,9.223382,13.682229,1.347989e-06,1.0622349,2.0743742,3.0077406,2.9052444,9.5459766,4.4910092,0.13325782,67.238187
2002.5833,18.956931,14.126687,5.8972722e-07,0.81569557,1.5854327,2.3257484,3.6964152,8.6697578,4.4923081,0.036285955,124.51951
2002.6667,34.96005,14.547721,4.0334922e-07,0.55012256,1.0704761,1.5928671,4.8626738,7.9765596,4.4955378,0.0091654748,231.22142
2002.75,64.823195,14.954078,3.1654028e-07,0.21126594,0.40184824,0.53598708,6.4213467,7.512116,4.5001316,0.037169621,503.517
2002.8333,91.269277,6.0918457,2.9460858e-07,0.025095913,0.043125414,0.041556684,8.4911375,7.4198542,4.5042658,0.020586325,29.366336
2002.9167,89.965045,0,3.1249797e-07,0.0022234516,0,0,8.8058167,7.5482168,4.5077014,0,7.4393833
2003,88.31396,0,3.2927213e-07,6.9915197e-05,0,0,8.8544703,7.6683917,4.510848,0,2.3429868
2003.0833,86.769655,0,3.4617057e-07,2.9839224e-06,0,0,8.8905439,7.7691264,4.5135589,0,2.2670524
2003.1667,85.420743,0,3.6478946e-07,0,0,0,8.8941145,7.8581204,4.5160122,0,2.2026382
2003.25,84.753104,0.40929334,3.7564669e-07,0,1.8070446e-07,0,8.9812946,7.9395943,4.5183063,49.44858,87.571031
2003.3333,89.95074,4.315482,2.7580256e-07,0.0056627744,0.00020188435,0,11.25461,8.141469,4.5173182,0.0001872098,0.077247617
2003.4167,89.035913,7.1192272,2.9275765e-07,0.87789237,1.1053451,0.80492715,13.596327,8.7144871,4.5064812,108.7409,0.27343768
2003.5,100.3773,16.095245,2.8321105e-07,1.1089538,2.3338976,1.5574309,16.760788,9.7883434,4.504818,25.908744,321.23344
2003.5833,135.89194,16.664952,2.5731688e-07,0.94123572,1.9574455,1.5251527,22.788649,11.741673,4.5078192,0.026906308,406.03378
2003.6667,161.37257,17.0648,2.3894233e-07,0.62653127,1.3115552,1.0334975,30.62911,14.743639,4.5108376,0.0033529871,244.38125
2003.75,171.83413,17.453101,2.3031866e-07,0.26324041,0.53427607,0.45776138,40.172474,19.092703,4.5131898,0.0046991322,50.117704
2003.8333,171.55218,8.2756868,2.3117512e-07,0.040405778,0.086164755,0.067085512,49.43541,24.957743,4.5149651,0.0036656595,0.69221287
2003.9167,168.3397,0,2.435888e-07,0,0,0,50.967716,31.144295,4.5171614,0,0.043296877
2004,164.58762,0,2.5804894e-07,0,0,0,51.431736,36.677956,4.5319247,0,0.045557048
2004.0833,160.74041,0,2.7302553e-07,0,0,0,52.104927,41.366673,4.8449802,0,0.042795789
2004.1667,156.87995,0,2.8978073e-07,0,0,0,52.831402,45.601604,6.006165,0,0.042743712
2004.25,151.58501,0.010765669,3.0336358e-07,0,1.0677625e-06,0,52.80238,49.569904,7.2950764,0.3739861,3.1371022
2004.3333,147.93068,0.26283297,2.8535675e-07,0,1.4776044e-05,0,55.67527,53.726807,7.7594872,0.0028669459,0.00054597222
2004.4167,145.06935,0.74732827,3.0284087e-07,0.95164601,0.13733347,0.51426583,62.505035,59.112961,7.7885828,5.5217721,0.37960654
2004.5,142.59332,1.6764922,3.1041517e-07,1.418585,0.3863599,1.130143,61.926281,64.498711,7.7999239,7.2410999,1.5146316
2004.5833,140.44964,2.4416295,3.1665698e-07,1.1161453,0.44803054,1.0819213,61.813435,69.446518,7.7868233,6.4634914,1.1101179
2004.6667,138.50409,3.1185718,3.1437878e-07,0.68330596,0.32427602,0.65630916,61.325314,73.976768,7.7702641,1.5565307,0.72880632
2004.75,136.45601,3.3901792,3.1074788e-07,0.25711152,0.12407161,0.22055115,61.373489,78.325806,7.7622151,0.0025455743,0.26535376
2004.8333,132.92882,0.23395383,3.1554694e-07,0.0048700822,1.5159603e-06,0,61.599262,82.507904,7.7473693,2.9157204e-05,0.0012874027
2004.9167,127.50551,0,3.3705123e-07,0,0,0,62.743382,86.293488,7.426033,0,0.00078913847
2005,121.80714,0,3.6635635e-07,0,0,0,64.116676,89.770882,6.722435,0,0.00057533826
2005.0833,117.29727,0,3.912221e-07,0,0,0,65.372803,92.767036,6.0931449,0,0.0005745963
2005.1667,80.742255,0,4.1822358e-07,0,0,0,51.186398,95.045799,5.5238128,0,0.0033134048
2005.25,0.49379352,0.018199906,3.1261302e-06,0,7.0348329e-07,0,7.3157969,89.742767,5.0045872,0.02664718,0.027417058
2005.3333,3.08062,0.14423759,1.0400709e-06,0.0033671025,5.4134546e-06,0,7.657445,85.72274,4.6046257,0.00017671001,0.00076334592
2005.4167,6.9764098,0.19416669,1.0292495e-06,0.68652284,0.016743822,0.11539458,8.402092,83.887634,4.1600218,0.14094894,0.43182203
2005.5,10.735776,0.26686545,1.2805665e-06,1.368139,0.042069073,0.3803282,10.784547,82.547951,3.7586508,0.40309601,0.30917086
2005.5833,14.376343,0.33021189,2.8920977e-06,1.1113459,0.04072384,0.48550926,25.426203,81.434357,3.390358,0.0059029208,0.50569025
2005.6667,17.62061,0.37170932,2.7626104e-06,0.61101837,0.025321654,0.38392425,27.766859,80.379646,3.0659349,0.00028406752,0.29475402
2005.75,20.537743,0.38246019,2.313667e-06,0.14306729,0.0060515251,0.083852371,27.080393,79.132515,2.7852128,2.6117278e-05,0.0395171
2005.8333,10.229303,0,1.0422015e-05,0.00015316257,0,0,14.336976,77.092621,2.542866,0,0.0012275749
2005.9167,0.38538096,0,0.00052786071,2.3580834e-05,0,0,2.5412917,72.268204,2.3260415,0,0.001207591
2006,0.37846359,0,0.00054367341,3.1788284e-23,0,0,2.619736,67.407242,2.127105,0,0.0011769511
2006.0833,0.36796406,0,0.00048984098,5.8896733e-05,0,0,2.6325183,63.182861,1.9558525,0,0.0011659736
2006.1667,0.35672222,0,0.00051353633,0,0,0,2.5667357,59.290321,1.800923,0,0.001165667
2006.25,0.46684622,0.0034383638,0.00038680335,0,1.7585288e-06,0,2.672241,55.698627,1.6557947,0.061846758,0.013540288
2006.3333,3.3141344,0.060042319,2.8786804e-05,0.00094854467,2.528092e-05,0,12.095875,54.634037,1.5196469,9.5931558e-05,0.020652258
2006.4167,6.9728475,0.13231761,1.6076108e-05,0.41215746,0.0084327627,0.21020266,22.817015,54.563435,1.3801177,0.085314729,0.04961991
2006.5,10.048824,0.2221933,8.2763554e-06,1.0704673,0.030657585,1.0144126,22.304802,54.347454,1.2502191,0.37179356,0.10662209
2006.5833,12.800952,0.30562715,5.4492907e-06,0.91723442,0.035335727,1.0468631,21.326311,53.951229,1.1538358,0.066792099,0.09929921
2006.6667,14.855957,0.37418463,2.9700141e-06,0.59548076,0.027328319,0.70919403,17.050505,53.325661,1.1176471,0.023810975,0.11171861
2006.75,15.897853,0.43457429,1.8392559e-06,0.22679762,0.012094632,0.27439876,12.772758,52.383846,1.1642141,0.0002174641,0.057976996
2006.8333,15.69663,0.12585206,1.5340055e-06,0.0036795216,0.00018749951,0,10.756803,51.070183,1.3015486,6.1932311e-06,0.013416018
2006.9167,0.53671427,0,6.9282e-06,2.4030534e-25,0,0,2.123354,48.04232,1.4605103,0,0.0027462464
2007,0.041297655,0,0.00016057356,0,0,0,1.53091,43.352951,1.6065882,0,0.0027428394
2007.0833,0.040800682,0,0.00018322526,0,0,0,1.507357,39.316624,1.7323378,0,0.0027410916
2007.1667,0.040215436,0,0.00017655216,0,0,0,1.4618851,35.672459,1.8461018,0,0.0027703949
2007.25,0.18740355,0.017043398,4.2879594e-05,0,5.1969277e-07,0,1.4769894,32.378456,1.9524715,0.56398101,0.054317367
2007.3333,2.941011,0.13907372,3.172466e-06,0.0046211197,6.4600776e-05,0,3.4302499,31.488031,2.0343466,0.00012447494,0.1609939
2007.4167,6.4995708,0.25506923,2.7887147e-06,0.69350467,0.024775141,0.53541357,5.55406,31.461729,2.0626578,0.023771405,0.64561891
2007.5,9.9729449,0.37128947,2.0476116e-06,1.2092208,0.056988599,1.6611613,6.185215,31.398499,2.0563931,0.067244281,3.2690843
2007.5833,13.361486,0.486048,1.2257925e-06,1.0380593,0.064193075,1.5321173,6.1124277,31.301716,2.0710669,0.009790297,2.8172405
2007.6667,16.447993,0.59372821,9.0084552e-07,0.70397128,0.05222894,1.0484132,6.2124958,31.169928,2.094856,0.00012372645,1.9729166
2007.75,19.166876,0.67466887,6.4165306e-07,0.16098823,0.013074464,0.21790187,6.3472366,30.989687,2.1024127,2.757878e-05,0.5570383
2007.8333,19.977588,0,5.6566893e-07,0.0012630617,0,0,6.6578197,30.756882,2.0861225,0,0.00061966869
2007.9167,19.26535,0,6.0270378e-07,0.001483284,0,0,6.7684331,30.532402,2.0663738,0,0.00068216474
2008,0.40421993,0,1.5442893e-06,0.0001255033,0,0,3.3962054,29.395475,2.0482545,0,0.00061643723
2008.0833,0.39682988,0,3.1929656e-06,0,0,0,3.3031621,27.493921,2.0326567,0,0.00061466024
2008.1667,0.38644121,0,3.7196512e-06,0,0,0,3.3136256,25.76322,2.0185456,0,0.00059591528
2008.25,0.51505299,0.0072971879,3.2242046e-06,0,2.5730062e-06,0,3.3130491,24.177893,2.0049975,0.060133625,0.015822159
2008.3333,3.1224496,0.12334585,1.0559066e-06,0.0059150101,3.6823095e-05,0,3.4180326,23.745031,1.9615781,0.00012753519,0.018077547
2008.4167,6.3019004,0.27356704,1.0748973e-06,0.51557081,0.022124316,0.41770778,3.6858609,23.728958,1.8241826,0.14981001,0.13557214
2008.5,9.5551824,0.47127448,1.2866793e-06,1.0541482,0.063918547,1.5101826,4.009429,23.689314,1.65424,0.45759682,4.9870247
2008.5833,11.452296,0.98814932,1.0930722e-06,0.98742707,0.11437372,1.6243462,4.0045419,23.567221,1.6051134,0.13961854,5.9231071
2008.6667,12.623866,1.600264,9.287017e-07,0.61447921,0.10304029,1.0301139,3.7918971,23.259258,1.6058737,0.10338453,4.5935538
2008.75,13.454231,0.71097806,7.5515356e-07,0.087461235,0.017653266,0.12579309,3.6934803,22.800358,1.6072922,0.040555777,2.3565295
2008.8333,13.340608,0,7.1944277e-07,0.00014790266,0,0,3.5551527,22.216263,1.6087457,0,0.44580224
2008.9167,13.09667,0,7.8695348e-07,7.0496188e-08,0,0,3.4346995,21.484783,1.610051,0,1.2205866
2009,12.812842,0,8.421793e-07,6.8687492e-07,0,0,3.3067431,20.614029,1.6112363,0,0.36075967
2009.0833,12.39343,0,8.976366e-07,2.9657411e-07,0,0,3.2042863,19.70694,1.61224,0,0.30487314
2009.1667,12.154726,0,9.4942072e-07,0,0,0,3.1412218,18.782503,1.6131278,0,0.26043589
2009.25,12.069097,0.30467738,9.7998759e-07,0,3.8702535e-07,0,3.0492504,17.836798,1.6139247,12.678843,3.8170762
2009.3333,11.709436,1.5693844,9.7039299e-07,0,7.5612828e-06,0,2.4334822,16.854792,1.6139289,0.0014351261,0.36175234
2009.4167,8.4280716,2.7936075,1.5977697e-06,0.99461541,0.3498408,0.99123884,1.5731013,15.704743,1.6122928,12.202805,1.6149431
2009.5,7.0096492,4.0662372,2.3791563e-06,1.3923052,0.62106123,2.4306462,1.0624596,14.410523,1.6123093,2.8074752,12.607577
2009.5833,8.5628033,4.754188,2.3213772e-06,1.0278401,0.51851976,1.9423785,1.0832949,13.171826,1.6153284,0.11420776,7.1999355
2009.6667,9.9782133,5.3655454,1.9356833e-06,0.7140677,0.39412573,1.3597116,1.2317179,12.082435,1.6209239,0.0824799,6.9435645
2009.75,11.189974,3.9468496,1.6704952e-06,0.25167141,0.14415976,0.45761872,1.3711127,11.108166,1.6288775,0.054776093,5.6508871
2009.8333,11.459841,0,1.3933153e-06,7.0220943e-05,0,0,1.4351435,10.233413,1.637709,0,2.1463402
2009.9167,11.436718,0,1.4293411e-06,0.00021396725,0,0,1.4511441,9.4428682,1.6457932,0,6.9156586
2010,11.789494,0,1.5187187e-06,1.3552658e-07,0,0,1.426212,8.7157583,1.6532123,0,2.2042811
2010.0833,11.748366,0,1.6224168e-06,0.00051620898,0,0,1.3982109,8.0882082,1.6596011,0,2.202496
2010.1667,11.70325,0,1.7204226e-06,3.4628647e-10,0,0,1.3579762,7.5189524,1.6653835,0,2.2010268
2010.25,11.668927,0.8188287,1.8097867e-06,8.4460749e-07,3.5658673e-06,0,1.3069251,6.9844441,1.6708041,74.092443,2.7721599
2010.3333,12.610077,6.4932113,1.7251646e-06,0.1741256,0.11052896,0.13027213,1.241709,6.5033908,1.6767,0.037466331,8.7653812
2010.4167,14.272537,7.1095428,1.6987177e-06,1.4281435,1.0120626,2.6645664,1.2618065,6.0783572,1.685515,0.31711547,12.650015
2010.5,16.283778,7.7255494,1.2621559e-06,1.379832,1.0289045,2.7565428,1.3823167,5.710906,1.6987567,0.094376832,17.647198
2010.5833,18.742466,8.3141401,1.0147302e-06,1.1452264,0.89342849,2.4005122,1.5269657,5.3973346,1.7177596,0.0038203641,23.759639
2010.6667,21.656612,8.8771498,8.3120551e-07,0.77251874,0.63102325,1.5987356,1.7030421,5.1507025,1.7428231,0.0031279778,31.221021
2010.75,24.885165,5.4057459,6.7416067e-07,0.18798638,0.14397721,0.32081912,1.9105189,4.9709754,1.7751099,0.0012327265,25.769818
2010.8333,25.515735,0,6.1848249e-07,0.016445895,0,0,1.977694,4.8351517,1.8099527,0,4.8273714
2010.9167,25.460407,0,6.4889798e-07,1.4368365e-05,0,0,1.9808958,4.7104955,1.8416972,0,15.393893
2011,26.115311,0,6.6175784e-07,0,0,0,1.9582494,4.5919399,1.8708223,0,4.929581
2011.0833,25.928827,0,6.9452227e-07,0,0,0,1.9353584,4.4858556,1.8958938,0,4.9050608
2011.1667,25.82306,0,7.2142029e-07,0,0,0,1.906394,4.386024,1.9185752,0,4.8955594
2011.25,25.830673,2.562335,7.3950457e-07,0,5.4202875e-07,0,1.8777652,4.2890406,1.9398891,115.79945,8.8978753
2011.3333,27.421374,9.9932421,6.3233171e-07,0,6.2658603e-06,0,2.0588703,4.2198057,1.9652586,0.00077951086,17.987641
2011.4167,32.262545,10.581932,5.1316539e-07,0.93930107,0.90891135,1.7290347,2.4944293,4.2154799,2.0062973,0.065461951,117.56711
2011.5,43.83399,11.169557,3.7353138e-07,1.3042966,1.317214,2.9025206,3.2675915,4.2997804,2.0697727,0.13510632,123.72661
2011.5833,58.406282,11.746361,2.7956477e-07,1.1355297,1.1731255,2.5149751,4.4418759,4.5390487,2.1658819,0.010008031,227.90917
2011.6667,80.624871,12.286821,2.2211397e-07,0.82801772,0.87503907,1.8376951,6.2868652,5.0882602,2.3037207,0.00063057168,227.81489
2011.75,93.363471,10.703926,2.0051122e-07,0.25204298,0.27058939,0.50768081,8.7551775,6.2621126,2.5037179,0.0002441637,122.87178
2011.8333,96.882343,0,2.0059248e-07,0.0039775888,0,0,9.7467842,7.9920602,2.7560155,0,8.7257642
2011.9167,95.856018,0,2.094541e-07,0.00021954105,0,0,9.8106861,9.6162357,2.9936147,0,26.948348
2012,96.246339,0,2.2134947e-07,2.4824259e-08,0,0,9.8390779,11.070681,3.2116113,0,8.817606
2012.0833,92.312656,0,2.3213072e-07,0,0,0,9.8281584,12.282138,3.399271,0,8.3973929
2012.1667,90.132214,0,2.4215541e-07,0,0,0,9.831398,13.330673,3.5690439,0,1.8689621
2012.25,87.757491,1.0540417,2.4184828e-07,0,6.7606883e-06,0,9.7426348,14.275432,3.7285333,47.170605,6.5752957
2012.3333,87.024234,4.2662704,2.1851453e-07,0,3.7771822e-05,0,9.2817974,15.168462,3.912885,0.0001312637,0.012628427
2012.4167,86.819097,6.5993504,2.3443926e-07,1.1297384,0.80426451,0.83025196,8.4625216,15.96051,4.1801519,68.292335,18.212987
2012.5,98.877743,13.450919,2.4901161e-07,1.5483354,1.870408,1.6968295,7.8347149,16.344307,4.5220027,34.075531,257.51626
2012.5833,124.17944,14.115713,3.1504513e-07,1.1283767,1.4450383,1.5695346,10.630913,16.668716,4.8973737,0.00097970178,280.7614
2012.6667,142.96305,14.518488,4.0898664e-07,0.8176656,1.0547517,1.1882025,17.642944,17.350767,5.1795974,0.0012896822,188.44507
2012.75,150.18408,8.6063892,4.0504872e-07,0.22733882,0.26850471,0.32052574,23.437958,18.734657,5.393116,0.00042292007,25.042391
2012.8333,148.32792,0,4.0588614e-07,0.0009095613,0,0,24.554239,20.512028,5.5828876,0,0.00063358122
2012.9167,143.09332,0,4.4014959e-07,1.4868109e-08,0,0,25.152267,22.134113,5.7540088,0,0.00072687304
2013,137.27851,0,4.7817116e-07,1.09563e-05,0,0,25.624031,23.594597,5.9110308,0,0.00063000726
2013.0833,134.75797,0,5.0585265e-07,1.1876513e-07,0,0,26.153095,24.827736,6.0462227,0,0.00060621816
2013.1667,130.58262,0,5.383605e-07,0,0,0,26.509338,25.924969,6.1685543,0,0.00066107837
2013.25,123.70376,0.021990096,5.8041064e-07,-5.6924156e-10,0,0,26.456646,26.901802,6.2819915,0.47560888,7.6482938
2013.3333,119.35386,0.35183961,6.0954119e-07,0.014269711,0.00023292461,0,24.465906,27.593845,6.3232164,1.4813304e-05,0.0049601476
2013.4167,117.44099,0.86791482,6.2783135e-07,1.3779663,0.14688796,1.5583157,21.343527,27.871714,6.3225813,3.5370993,0.88804967
2013.5,115.73158,1.5414171,5.9090587e-07,1.4751676,0.25956666,2.7573848,16.805029,27.692938,6.3227134,2.5051865,1.363028
2013.5833,114.18483,2.0747497,5.2902624e-07,1.300268,0.29230552,2.4861642,11.625961,26.992695,6.3243465,1.373328,1.9637969
2013.6667,110.60465,2.4907133,4.5945956e-07,0.84460508,0.20893822,1.5276322,6.4851069,25.725113,6.3274045,0.17575988,2.4471615
2013.75,39.448582,2.891775,5.2997353e-07,0.32569096,0.090727749,0.57043247,2.4728291,23.816252,6.3315139,2.4727929,2.9216438
2013.8333,12.73139,1.9042239,5.935957e-07,0.052883558,0.014577128,0.071966073,2.3570726,21.55714,6.3350515,0.89316421,2.9322614
2013.9167,12.946147,0,6.1494347e-07,0.0015677693,0,0,2.4383605,19.473297,6.337811,0,7.8141824
2014,13.283361,0,6.2971424e-07,5.0406343e-05,0,0,2.420717,17.553232,6.3360562,0,2.5710957
2014.0833,13.14634,0,6.9643932e-07,0,0,0,2.372911,15.925715,6.3424625,0,1.1934643
2014.1667,12.857843,0,7.4813852e-07,0,0,0,2.2953129,14.44603,6.344398,0,0.00065464766
2014.25,12.149811,0.95398462,7.8742011e-07,0,1.7491145e-06,0,2.1734807,13.063044,6.3460369,42.894387,1.9687922
2014.3333,11.799445,3.7904161,7.6443445e-07,0.019014568,0.0016261562,0,2.3114169,11.803857,6.3324518,0.12031122,0.00085483307
2014.4167,12.226947,6.1904211,8.8404045e-07,1.0327057,0.83436722,1.3138707,2.6051188,10.661738,6.2698197,88.418245,0.15053255
2014.5,17.559489,14.17756,6.338181e-07,1.318173,1.8216443,2.8943817,2.9121213,9.658061,6.1620216,31.099795,172.49366
2014.5833,49.268797,14.734317,3.460498e-07,1.2221161,1.6784141,2.7437088,3.6727736,8.8904886,6.0683231,0.0031610855,420.99099
2014.6667,77.968456,15.083957,2.6128356e-07,0.80059103,1.1059003,1.7452023,5.6693091,8.6501493,5.9990396,0.002569417,247.19579
2014.75,89.73249,11.912037,2.3427246e-07,0.18161089,0.23714323,0.38244964,8.6965637,9.2688074,5.9464231,0.00020257739,33.238041
2014.8333,89.308724,0,2.4380901e-07,0.009124153,0,0,9.9183102,10.582985,5.9044318,0,4.0627703
2014.9167,88.029578,0,2.5825574e-07,0.00043266801,0,0,10.109161,11.84896,5.8670759,0,12.648831
2015,87.388858,0,2.7293032e-07,0.00045587751,0,0,10.257442,13.003613,5.8328023,0,4.0851757
2015.0833,85.583352,0,2.9062466e-07,0.00026995545,0,0,10.372956,13.988571,5.803298,0,3.9125688
2015.1667,83.849251,0,3.0665069e-07,5.2830649e-05,0,0,10.459744,14.852232,5.7766061,0,3.6970087
2015.25,85.564956,0.627834,2.9977215e-07,0,1.2088443e-06,0,10.546346,15.65411,5.7515669,27.921895,137.86898
2015.3333,92.710912,2.628579,2.4819116e-07,0.18917448,0.058886691,0.096337878,12.008429,16.735674,5.7245011,5.0635115,0.0070556723
2015.4167,91.973506,6.612666,2.4978385e-07,1.7144031,1.2363123,1.6970786,14.148417,18.564739,5.6872482,102.48056,2.021826
2015.5,102.96697,15.817937,2.2164531e-07,1.6023456,2.3937736,2.3385413,17.875877,21.170036,5.6611476,48.29957,338.87038
2015.5833,140.93363,16.677698,1.9452476e-07,1.247584,1.9228441,2.1186247,26.514614,25.016138,5.6523404,0.00073307365,396.70289
2015.6667,166.43819,17.033834,1.7620314e-07,0.82562977,1.2759066,1.4676888,36.034538,30.417488,5.6524568,0.00056845579,228.2573
2015.75,173.78499,16.247114,1.7026954e-07,0.25803499,0.40262208,0.44524585,46.225166,37.726738,5.6572208,0.00014004016,28.677494
2015.8333,172.29359,0,1.7949796e-07,0.019423655,0,0,52.301678,46.472801,5.6645331,0,1.7344969
2015.9167,169.35039,0,1.9091709e-07,0.0002470122,0,0,53.831734,54.704777,5.6715698,0,5.3780606
2016,166.668,0,2.0257937e-07,0.0003303983,0,0,55.259766,62.233829,5.6780214,0,0.83371248
2016.0833,163.12766,0,2.1411613e-07,2.7591031e-06,0,0,56.455769,68.695198,5.6835704,0,0.0019504764
2016.1667,158.04064,0,2.2641542e-07,0,0,0,57.206944,74.521049,5.6885862,0,0.0019481037
2016.25,152.24198,0.072918236,2.3740492e-07,0,6.2598444e-07,0,57.092999,79.957031,5.6932602,8.5549013,2.4038077
2016.3333,148.12931,0.94917894,2.1907321e-07,0.17647426,0.024036995,0.081825311,53.022507,85.025368,5.685873,1.3434902,0.0075044165
2016.4167,145.03269,2.0805548,2.2341959e-07,1.6594861,0.46105316,1.3468198,50.325397,89.052299,5.6556244,18.379008,0.23011663
2016.5,143.02394,5.6694807,2.0566976e-07,1.4953729,1.0325099,1.7860346,47.747513,92.333878,5.6451392,61.229415,0.55203946
2016.5833,143.99952,14.44248,1.9471618e-07,1.2531364,1.8431857,1.6792544,48.226337,95.634735,5.6397123,93.06365,84.553145
2016.6667,158.81303,17.030345,1.8743039e-07,0.83616099,1.4226504,1.1451194,54.39555,99.23214,5.637238,0.0025508863,187.39618
2016.75,166.51811,10.035123,1.9702543e-07,0.2920401,0.46276328,0.38714651,63.793316,103.56079,5.6365256,0.0012749485,43.927745
2016.8333,164.72456,0,2.0967047e-07,0.0064425371,0,0,67.128403,108.16615,5.636241,0,0.052106811
2016.9167,161.75619,0,2.2526872e-07,7.0120416e-05,0,0,69.412262,112.27259,5.6356726,0,0.0019153167
2017,158.23279,0,2.4416366e-07,0.0023517487,0,0,71.544479,115.94947,5.6338515,0,0.0020844362
2017.0833,153.87417,0,2.6154709e-07,0.0015620219,0,0,73.299408,119.05379,5.6230307,0,0.0018994391
2017.1667,148.98738,0,2.7964526e-07,0,0,0,74.829773,121.84452,5.5567927,0,0.0018971295
2017.25,143.12702,0.012656692,2.9334163e-07,0,4.2487141e-06,0,74.812515,124.46047,5.3718324,0.049035254,0.52325878
2017.3333,138.39613,0.28654409,2.9617286e-07,0.092606694,0.0027804834,0,77.505684,127.24745,5.2958102,0.0016915063,0.01358815
2017.4167,135.76128,0.79204905,3.4219846e-07,1.2731477,0.15976539,1.1945132,87.21579,130.45328,5.2908535,3.556489,0.13545473
2017.5,133.38512,1.4226013,3.4409788e-07,1.389484,0.30075509,2.1440318,87.944336,133.28209,5.2880163,2.9638946,0.24141251
2017.5833,131.08553,2.0035703,3.5276977e-07,1.0732683,0.3084038,1.9232301,89.958084,135.95296,5.2879472,4.1502687,0.64555545
2017.6667,128.88512,2.6068066,3.3123519e-07,0.72687592,0.25802525,1.2913057,85.702736,138.59372,5.2890368,1.9416781,1.0168798
2017.75,126.53479,2.1386065,3.1845113e-07,0.27776374,0.10402677,0.482002,82.870888,141.35176,5.2903261,0.017844604,1.2346444
2017.8333,122.57683,0,3.3987951e-07,0.029815271,0,0,85.016937,144.11261,5.2914391,0,1.1659292
2017.9167,118.08981,0,3.7217467e-07,0.0003355692,0,0,87.780586,146.60716,5.2924256,0,3.6027407
2018,113.86819,0,4.0654098e-07,0.00011906726,0,0,90.31955,148.87183,5.2933259,0,0.78038254
2018.0833,109.7426,0,4.4068494e-07,0,0,0,92.642128,150.80057,5.2940965,0,0.0019470889
2018.1667,105.7462,0,4.7631238e-07,0,0,0,94.740486,152.52554,5.2947893,0,0.0019447237
2018.25,101.51733,0.052003259,5.1021016e-07,0,7.6800851e-07,0,95.61084,154.12123,5.2954183,6.0589594,1.3523544
2018.3333,96.935995,0.70275238,4.801106e-07,0,3.3310906e-05,0,86.488358,155.4953,5.2851691,0.0032743405,0.00094686756
2018.4167,95.281877,1.1640118,5.1746343e-07,0.54390585,0.084702952,0.54616933,85.882896,156.35715,5.2317648,5.8657833,0.030325648
2018.5,93.942001,1.8248865,5.0108986e-07,1.2295801,0.22932094,2.4566247,78.336739,156.42188,5.1373887,0.28326133,3.670558
2018.5833,93.208931,2.1290316,4.1784708e-07,0.95696699,0.20695737,2.2721102,62.906189,155.43816,5.0577474,0.0017815912,2.9213209
2018.6667,92.339985,2.4128957,3.6505492e-07,0.67828019,0.16608141,1.6267715,50.515232,153.23108,5.0013981,0.00091639747,3.2621035
2018.75,91.305278,2.5957872,3.4485157e-07,0.25949424,0.069636433,0.58174953,41.519161,149.59561,4.9607692,0.00047871133,3.7138066
2018.8333,89.077339,0,3.5475369e-07,0.023277573,0,0,38.165665,144.80223,4.9307675,0,2.4399843
2018.9167,86.074837,0,3.7846499e-07,0.0014193002,0,0,38.383213,140.18121,4.9047766,0,7.5864652
2019,82.622826,0,4.003675e-07,0.00052602837,0,0,37.905479,135.91513,4.8809285,0,2.4027311
2019.0833,79.410158,0,4.2460772e-07,0,0,0,37.779728,132.20486,4.8603969,0,2.3352437
2019.1667,76.820336,0,4.475757e-07,0,0,0,37.72979,128.82591,4.8418207,0,2.2951679
2019.25,73.819421,0.1221469,4.6646991e-07,0,1.4974997e-06,0,37.175949,125.63983,4.8244205,14.611768,2.2698781
2019.3333,69.198251,1.389508,4.2608517e-07,0.017670611,5.4040271e-05,0,29.764887,122.16621,4.8067808,0.0042260036,0.0010624879
2019.4167,69.53223,2.4136668,4.3921827e-07,1.0564049,0.35798008,1.160757,22.324291,116.76827,4.7810974,19.636214,1.3393567
2019.5,70.561878,6.6833575,3.8040423e-07,1.2195737,1.114359,2.20161,14.41853,109.37988,4.7573953,98.649652,1.615802
2019.5833,82.896836,12.215833,3.2592874e-07,0.9944449,1.5679163,1.864014,11.93932,100.85446,4.7461901,0.029765251,273.13469
2019.6667,105.49409,12.479343,2.8799272e-07,0.66869385,1.0768513,1.285895,12.516458,93.063187,4.7441168,0.0034596606,209.09199
2019.75,115.33646,9.8566571,2.7811274e-07,0.24803313,0.37674359,0.42812711,12.962899,86.146889,4.7453141,0.0087532838,42.85768
2019.8333,114.28224,0,2.9048925e-07,0.012070254,0,0,12.957964,80.030647,4.7468357,0,0.26351208
2019.9167,112.14104,0,3.1001031e-07,1.1185686e-07,0,0,12.912572,74.50547,4.7478986,0,0.12849645
