year,froot_gCm2,leaf_gCm2,p_uptake_demand_ratio,gpp_pft7_gCm2day,gpp_pft9_gCm2day,gpp_pft10_gCm2day,l2fr_site,l2fr_canopy,l2fr_ustory,leaf_alloc_gCm2yr,froot_alloc_gCm2yr
1901,2.9146113,309.14059,0.37110639,0.0099313461,0,0,0.025837647,0.013830139,0.010016534,79.521221,0.0045671867
1901.0833,2.7504319,292.08237,0.26573503,-0.00022498805,0,0,0.025971269,0.013481181,0.010021083,75.129379,0
1901.1667,2.6609213,282.94638,0.26124537,-0.0020124897,0,0,0.025691893,0.013155442,0.010019108,72.780026,0
1901.25,2.5756583,274.2537,0.25298506,-0.0056828374,0,0,0.025247239,0.012850321,0.010017257,70.544657,0
1901.3333,2.4964807,267.23158,0.23562184,0.58928577,0,-5.5197384e-06,0.024133664,0.012574823,0.010015587,162.23603,0.079015285
1901.4167,2.5378433,287.79873,0.15609673,4.9513311,0.0098929463,0.017132706,0.023189824,0.012325794,0.010014078,530.72765,3.9244042
1901.5,3.0603164,317.9315,0.020619659,12.703161,0.027938655,0.10602692,0.021691984,0.012141062,0.010012716,466.85821,9.1228957
1901.5833,4.0701977,342.2986,0.00081290299,11.133371,0.021581491,0.10468781,0.025438493,0.012791347,0.010011736,397.63586,15.598678
1901.6667,4.7858069,356.62022,0.00067197351,6.7291325,0.011026882,0.051576134,0.029830763,0.01415939,0.010029527,318.14961,10.409595
1901.75,4.5637158,363.10291,0.00057534309,2.0911173,0,0,0.028504452,0.015166367,0.01005064,183.40212,2.5054103
1901.8333,3.7781792,358.64821,0.00047777095,0.0097105841,0,0,0.025833761,0.015350233,0.010047107,100.20671,0.14038366
1901.9167,3.3028719,336.16397,0.00053233485,-1.0209489e-08,0,0,0.023632566,0.014883809,0.010042871,110.15022,0.30557368
1902,3.1205597,319.78869,0.0282788,-4.0708897e-07,0,0,0.023688247,0.014409192,0.01003989,89.4218,2.1814544
1902.0833,2.8916765,300.08301,0.0042811646,-3.2416895e-06,0,0,0.023494534,0.013997296,0.010036164,77.185872,0
1902.1667,2.6824342,286.21984,0.0041958997,-0.00063537423,0,0,0.023209522,0.013623889,0.010032778,73.620496,0
1902.25,2.598556,277.51201,0.0041613476,-0.001614323,-5.7090673e-07,-2.8895093e-05,0.022768565,0.013273937,0.010029605,71.381409,0
1902.3333,2.5201032,270.8416,0.0046244762,0.77373159,0.0022325799,0.00049769571,0.021441616,0.012957832,0.010026741,189.4478,0.075828626
1902.4167,2.6921961,300.01301,0.0053675198,9.3999936,0.024718458,0.07275309,0.021647396,0.012672093,0.010024154,638.67584,7.4462982
1902.5,3.7489668,330.31565,0.0052272175,12.919966,0.028107918,0.11965637,0.022894487,0.012808057,0.010021927,423.37791,23.389456
1902.5833,5.5270926,344.3476,0.0041150767,10.219914,0.021572254,0.1065177,0.029984249,0.014256758,0.010020334,385.97392,25.7165
1902.6667,6.8390951,355.27697,0.001374792,6.9276233,0.01363852,0.06222943,0.035895199,0.016158652,0.010023928,340.67625,18.366429
1902.75,6.3963574,362.51462,0.00047857294,2.5815045,0,0,0.034634978,0.018261794,0.01009117,217.03516,6.5501002
1902.8333,4.3343985,358.61146,0.00055416598,0.00020276782,0,0,0.026444454,0.01955916,0.01012515,98.838934,0.23431295
1902.9167,3.3563636,344.83221,0.00063437945,0.0011313632,0,0,0.024227072,0.018950425,0.0101259,90.306693,0.20662218
1903,3.2353175,335.44415,0.00063894538,0.064420307,0,0,0.024816342,0.018094253,0.010113994,86.295944,0.014765111
1903.0833,3.0849588,320.79813,0.00066013477,0.32329998,0,0,0.025302174,0.017344838,0.010103307,114.43749,0.0065111439
1903.1667,3.018026,317.94116,0.00068227045,0.47229717,0,0,0.025530124,0.016657745,0.010093636,126.78896,0.0038555299
1903.25,2.9698221,317.05797,0.00067193352,0.55708931,0,6.8412519e-07,0.024803761,0.016013985,0.010084578,142.73806,0.012329098
1903.3333,2.9768015,334.9711,0.00069791236,3.14044,0.00033508902,-3.4937964e-05,0.018686801,0.01543267,0.010076399,518.17845,1.8588668
1903.4167,3.2722342,358.17575,0.00074047083,6.795496,0.011757782,0.030817451,0.018572029,0.014907524,0.010069007,372.77261,6.0890754
1903.5,3.8335174,377.90287,0.00098035927,14.159554,0.021628143,0.087501791,0.018938901,0.014605958,0.01006348,521.91381,12.929385
1903.5833,5.3540273,391.64937,0.00065428769,11.733744,0.012380264,0.051251285,0.023628207,0.015104311,0.010065592,392.22858,23.242946
1903.6667,6.5081841,400.25547,0.00050224818,7.5748202,0.0067050221,0.038192202,0.028291345,0.015951237,0.010061107,321.57418,14.890947
1903.75,6.8474528,404.57347,0.00036655608,2.1393128,0,0,0.030819762,0.016498284,0.010060051,216.39909,7.0747155
1903.8333,6.115986,402.78023,0.00033715251,0.035524638,0,0,0.031045467,0.016714446,0.010055965,134.04636,3.0999571
1903.9167,5.271466,397.0505,0.00037185932,0.041863049,0,0,0.028645875,0.016631557,0.01005064,135.06753,1.5198391
1904,4.4227061,374.19805,0.00040839697,-1.0979213e-08,0,0,0.024464974,0.016159084,0.010047133,100.28505,5.0243164
1904.0833,3.9101075,345.83026,0.00046458511,-2.4666047e-08,0,0,0.025080774,0.015608641,0.010042917,94.191624,3.1795021
1904.1667,3.3755819,308.35173,0.0005348546,-0.00081953132,0,0,0.023459593,0.015212835,0.010038909,81.292184,0.26123687
1904.25,2.926094,296.50763,0.00062264682,-0.0012629691,-1.1643507e-06,-6.5954657e-05,0.019968452,0.014965122,0.010035145,77.506946,0.025225334
1904.3333,2.7913805,288.29923,0.00068315305,0.37324588,0.00068768801,-9.929456e-05,0.020372376,0.014614752,0.010031747,125.79312,0.031700409
1904.4167,2.8841435,318.39406,0.0010429556,9.449986,0.014363339,0.055074777,0.021828726,0.014175486,0.010028686,797.26661,7.6151313
1904.5,4.1277893,353.8996,0.00098739774,13.110137,0.016519868,0.084515268,0.024198866,0.014087752,0.010027202,386.21004,23.078232
1904.5833,6.0802992,369.629,0.00058847072,10.606352,0.013124252,0.080495345,0.030015396,0.015255695,0.010032103,306.28352,22.203165
1904.6667,7.2015184,379.96918,0.00048212524,7.2319705,0.0091753299,0.062827175,0.03504172,0.017032802,0.01004118,272.35667,15.777994
1904.75,7.832122,385.76919,0.00030920169,1.5400528,0.00047657146,0.0033293441,0.039367825,0.018956181,0.01004993,202.81558,11.566496
1904.8333,7.9829283,385.93468,0.00024215845,0.14499247,0,0,0.042429578,0.020908594,0.010048613,168.69299,9.3526207
1904.9167,7.8873755,377.38949,0.00023294502,-2.1243094e-07,0,0,0.044496082,0.022654738,0.010044146,200.88752,7.4556928
1905,7.1293609,357.66193,0.00025891344,-5.2617982e-06,0,0,0.047019888,0.024095424,0.01004007,104.79391,7.8188661
1905.0833,6.3395686,339.26204,0.00029111392,-9.3072671e-05,0,0,0.054084912,0.024821725,0.010036314,92.486435,4.6435361
1905.1667,5.5250828,326.0192,0.00032928059,-0.00041498051,0,0,0.053099547,0.024661113,0.010032914,85.57803,0.89354967
1905.25,4.4076839,314.03089,0.00041085246,-0.0010005683,0,-0.00014210774,0.037618253,0.023542602,0.010029729,82.583496,0.21434082
1905.3333,3.5493898,305.84526,0.00053604919,0.62343472,0.0010832507,-0.00023433324,0.028997812,0.022234615,0.010026854,179.22456,0.18089634
1905.4167,3.4672341,328.5943,0.00072324608,7.1482039,0.014923285,0.058854475,0.028274387,0.021053322,0.010024264,567.12343,5.548081
1905.5,4.6504983,356.67381,0.00093640556,13.256848,0.025097412,0.1324475,0.030080061,0.020327456,0.010024226,400.31136,23.456483
1905.5833,6.400736,371.50997,0.00059235422,10.964476,0.021019256,0.11961253,0.035054754,0.020690737,0.010029412,293.52254,20.119077
1905.6667,7.367264,378.68729,0.00044522033,6.3042774,0.012703782,0.067111301,0.039109204,0.021400897,0.010036837,255.59144,15.776691
1905.75,7.7738184,382.1823,0.00035268429,2.7846233,0.00041532992,0.0018100928,0.041848864,0.022464016,0.010039914,219.55552,11.546485
1905.8333,8.0185616,382.40325,0.00029799814,0.19493941,0,0,0.043989819,0.023867521,0.010043693,181.36114,9.1473262
1905.9167,7.975366,372.16824,0.00029159567,0.00015546899,0,0,0.046106532,0.025366118,0.010073917,269.29819,10.65428
1906,7.5933198,343.06747,0.00028284034,0.017916049,0,0,0.04863831,0.026313575,0.010108773,119.32698,11.65568
1906.0833,7.0192702,332.24201,0.00030225524,0.25489525,0,0,0.056032594,0.027498772,0.010147372,125.66695,7.8076281
1906.1667,5.9921513,321.89441,0.00034510822,0.29441491,0,0,0.057218958,0.028330918,0.010159594,124.48115,1.2025229
1906.25,4.6376977,321.47336,0.00043604779,0.93730041,0,0,0.043858778,0.027996611,0.010145544,217.78174,0.40538491
1906.3333,3.3641891,331.48351,0.00060795911,2.8860319,0,-1.735026e-08,0.031477898,0.026698204,0.010131469,263.38607,2.5209401
1906.4167,3.3692035,340.58228,0.00059769885,5.327719,0.0050891725,0.011812292,0.030798722,0.025099574,0.010118748,302.65387,4.2877245
1906.5,4.1065207,358.45524,0.00075226009,14.17148,0.024730146,0.13424994,0.033206504,0.023762934,0.010107268,381.66299,16.801365
1906.5833,5.4976689,368.38198,0.00046564275,10.802564,0.018411023,0.11310087,0.034690451,0.022897154,0.010096733,255.94389,18.328313
1906.6667,6.8166922,374.34578,0.00035185728,7.6754221,0.013707487,0.08703642,0.035500307,0.022657214,0.010087432,239.83935,17.921902
1906.75,8.0271335,378.01459,0.00029006792,3.2275147,0.00052995815,0.0030635974,0.038771044,0.02251007,0.010079876,218.39514,18.244328
1906.8333,9.0191942,379.36512,0.00020049835,0.33970984,0,0,0.042366464,0.022561401,0.010072736,191.62585,15.741993
1906.9167,9.3400953,374.73562,0.00018880531,0.0066709178,0,0,0.045430906,0.022948431,0.010066316,369.18993,18.128927
1907,11.118941,377.03216,0.0001587133,0.0047680124,0,0,0.056841254,0.023742478,0.010064584,137.07468,35.184189
1907.0833,12.607624,358.33576,0.00013832391,0.012285933,0,0,0.075544015,0.025217872,0.010068736,134.37816,30.892969
1907.1667,13.434194,341.17198,0.00012847259,-0.00057017904,0,0,0.095597245,0.027326174,0.010084457,125.16559,18.845608
1907.25,13.310193,329.5294,0.00012905282,-0.0020564341,0,0,0.11198652,0.030023349,0.010084671,112.47709,11.999986
1907.3333,11.680131,322.84996,0.00014658397,1.0146423,0,-2.1062864e-08,0.11015803,0.032856982,0.010076594,200.08494,1.7970396
1907.4167,8.8466015,334.46804,0.00020565453,4.0954843,0.0014215415,0.00035901063,0.091210648,0.03462752,0.010069185,318.69563,7.4839405
1907.5,8.3609764,349.88403,0.00030460945,10.060256,0.019015056,0.074823723,0.079859383,0.034795161,0.010062498,351.57027,33.076677
1907.5833,9.3786335,362.76111,0.00029259932,10.728292,0.017874251,0.093338415,0.065866172,0.035083558,0.010056362,259.73392,27.773479
1907.6667,10.475371,369.22875,0.00023772656,7.0257327,0.011033915,0.060941626,0.063427724,0.035745982,0.010050984,232.07834,21.952466
1907.75,11.332814,373.60013,0.00018362349,1.5355972,0,0,0.061898425,0.035528969,0.010046261,207.06514,18.719791
1907.8333,11.655072,373.89973,0.00014320016,0.031821365,0,0,0.061669737,0.035302505,0.010042279,188.43869,11.191471
1907.9167,11.344625,364.30848,0.00013456076,-1.3795576e-23,0,0,0.063467138,0.036150381,0.010039916,234.09129,9.4375178
1908,9.6519319,336.60936,0.00016153374,-2.5591865e-06,0,0,0.0643031,0.035984509,0.010042927,108.42103,7.9482993
1908.0833,9.0783574,328.58393,0.00017641523,-3.9766495e-06,0,0,0.065050937,0.034777243,0.010047121,130.27782,7.527877
1908.1667,8.2458779,316.95247,0.00019450206,-9.9398212e-05,0,0,0.071475565,0.033655763,0.01005095,111.82403,4.8519327
1908.25,7.4095856,308.08896,0.00021978511,-0.00018110306,0,-8.0908514e-05,0.0764549,0.032260172,0.01005463,99.70546,3.0357374
1908.3333,6.3922862,300.56751,0.00027260301,0.23772303,0.00077569513,-0.00019887307,0.07518328,0.030775823,0.010057903,93.230286,1.7211831
1908.4167,4.862776,310.8319,0.0004598037,6.9264477,0.017170227,0.045626886,0.062494084,0.029381348,0.010061292,449.14539,9.3261359
1908.5,5.2484912,332.66392,0.0006093501,13.39442,0.027227515,0.10030864,0.051029865,0.028380752,0.010084336,319.4294,26.656705
1908.5833,6.2964479,343.43883,0.00041195547,9.3508066,0.018585205,0.079615393,0.047550455,0.028158866,0.010133111,251.38115,20.644804
1908.6667,7.6271719,349.68793,0.00031872751,6.7364318,0.0061110419,0.027711043,0.051441047,0.028531605,0.010140748,234.34683,19.728644
1908.75,8.8615101,353.80298,0.0002359754,2.2376362,0,0,0.055960532,0.029437024,0.010140434,209.65924,18.552813
1908.8333,9.834934,355.42965,0.00017136762,0.12309389,0,0,0.061390754,0.030656416,0.010129316,196.41844,18.237366
1908.9167,10.332351,351.29005,0.0001579228,-3.5309602e-07,0,0,0.065760404,0.032046277,0.010117621,319.79204,18.221243
1909,10.088239,334.89832,0.00015830273,-2.8575705e-08,0,0,0.069347382,0.033013694,0.010108716,118.0382,20.197617
1909.0833,8.9447675,312.38243,0.00018032589,-4.2397888e-05,0,0,0.084961951,0.033768378,0.010098617,127.23507,15.155838
1909.1667,8.223583,296.67386,0.0001947235,-0.00058411118,0,0,0.097519122,0.034398794,0.010089454,106.84149,3.577713
1909.25,6.7232894,287.60889,0.00024203926,-0.00052443878,-4.9677094e-06,-2.4921648e-05,0.087436005,0.034876026,0.010080874,87.174899,1.1810395
1909.3333,4.4394592,280.63735,0.00038589319,0.39568375,0.0011063824,0.0011773343,0.064664297,0.035204489,0.010073124,133.86988,0.46028911
1909.4167,3.2579997,295.64685,0.00076766725,8.3604518,0.023763261,0.07024473,0.051454924,0.034911152,0.010066091,457.12653,9.3943568
1909.5,4.8765172,317.66829,0.0006425546,12.444219,0.032591456,0.1084107,0.047931504,0.034221325,0.010060451,317.36518,29.36774
1909.5833,6.9064321,328.25062,0.00037211998,10.781651,0.026929256,0.062789151,0.048383482,0.03416229,0.010074916,250.39102,23.864469
1909.6667,8.5031353,335.90814,0.00027589273,7.2757975,0.012697382,0.033852444,0.050922062,0.034884591,0.010129166,234.42307,23.119645
1909.75,9.9823447,341.0044,0.0002029576,1.7031207,0,0,0.054588031,0.036171917,0.010234915,208.08074,22.610927
1909.8333,10.934277,344.17346,0.0001693162,0.060749286,0,0,0.058424644,0.037873618,0.010386299,194.4516,14.264088
1909.9167,11.459161,345.16671,0.00015870224,0.014052423,0,0,0.062619008,0.039822537,0.010580552,332.02966,20.696323
1910,11.154511,327.62557,0.00015802815,0.00026714147,0,0,0.069620222,0.041121133,0.010774468,131.44889,19.639974
1910.0833,9.5061557,293.42291,0.00018227335,-3.670413e-05,0,0,0.076522365,0.04082844,0.010937266,139.74356,10.004094
1910.1667,8.5397558,285.17535,0.00019718389,-0.0003387821,0,0,0.075585902,0.040329497,0.011116031,113.74569,2.3792943
1910.25,6.9302074,279.10602,0.00024449208,-0.001036227,0,-8.4928802e-07,0.063972332,0.039812461,0.011292829,102.77028,0.90032865
1910.3333,4.770014,273.6308,0.00036868808,0.60823994,0,-2.8895346e-05,0.051895332,0.038830996,0.011379611,161.84186,0.75026456
1910.4167,3.914543,285.81432,0.00048264235,5.4754647,0.011633477,0.015169128,0.051133182,0.036836803,0.011306716,342.81506,4.5353753
1910.5,4.8862398,303.25168,0.00061511958,12.314685,0.029830815,0.10592935,0.050543722,0.03454588,0.011180642,306.88264,22.83213
1910.5833,6.6552367,312.81292,0.0004021411,9.2390297,0.021694728,0.090517235,0.050244275,0.033588961,0.011065132,216.77453,20.820551
1910.6667,7.9192603,319.02501,0.0003300423,7.2157621,0.017561685,0.078851162,0.052890442,0.033584621,0.010966618,209.69768,19.797425
1910.75,9.0728067,324.22823,0.00025089149,1.6332281,0.0024707523,0.011196517,0.055975709,0.034085218,0.01087982,194.60643,15.807987
1910.8333,9.5849559,327.25048,0.00019496257,0.054133055,0,0,0.057992619,0.034871101,0.010795598,178.92474,11.327209
1910.9167,10.03777,329.87595,0.000183154,0.02853158,0,0,0.060326785,0.035589017,0.010718799,395.92867,21.451176
1911,10.750587,319.51424,0.00016404994,0.00014227049,0,0,0.070310183,0.036109634,0.010667107,134.37995,28.849839
1911.0833,10.83585,304.288,0.00016311675,-7.4045424e-05,0,0,0.085170329,0.036602378,0.010632406,138.77877,17.777403
1911.1667,10.577344,292.51841,0.00016634507,-0.0014804955,0,0,0.095019676,0.036947001,0.010608879,119.00357,4.2203041
1911.25,9.381799,279.25628,0.00018771674,-0.0023044663,0,-2.623386e-11,0.090993755,0.037028834,0.01058602,106.33728,1.6016345
1911.3333,7.644258,273.87974,0.00023189433,0.48884973,0,-1.5843124e-05,0.08211872,0.036476497,0.010554962,141.76409,0.52827737
1911.4167,5.7163183,283.67227,0.00033722163,5.7200792,0.013378904,0.028835904,0.07275226,0.03501197,0.010507073,347.27774,9.0925193
1911.5,6.1343475,302.25104,0.00046148963,12.350199,0.030420815,0.11353929,0.066424817,0.033920527,0.010463215,281.6756,26.093024
1911.5833,7.7823764,310.45079,0.00034972586,10.622381,0.026451734,0.11047088,0.066393569,0.033739187,0.010448191,228.67567,20.853206
1911.6667,9.2066023,317.60129,0.00026417509,6.6112147,0.01661089,0.075271359,0.069028392,0.034300808,0.010473227,208.39924,19.783175
1911.75,10.430986,322.49025,0.00022940963,2.5574812,0.0026513785,0.012308171,0.072406523,0.035327613,0.0104918,195.24232,19.875883
1911.8333,11.23647,326.42263,0.00019416958,0.38245129,0,0,0.073823027,0.036632359,0.010480812,185.56222,12.42612
1911.9167,11.433296,327.55443,0.00014220226,0.0031561594,0,0,0.075025097,0.037825532,0.010451582,323.74806,18.008083
1912,12.473649,331.42594,0.00013343214,-3.3962272e-10,0,0,0.08169543,0.038926654,0.010411785,131.99942,27.254333
1912.0833,13.687748,324.60839,0.00012189893,-4.7840293e-05,0,0,0.090434127,0.040180877,0.01037566,136.34139,24.35943
1912.1667,14.318114,317.2119,0.00011970543,-0.00071553468,0,0,0.10089794,0.04133153,0.010352251,137.52008,22.953094
1912.25,14.171223,312.0085,0.00012076642,-0.0014553787,0,-4.1855179e-06,0.11479786,0.04202858,0.010332616,129.04505,10.115953
1912.3333,12.954887,313.87684,0.00013182258,2.4596014,0.0039761457,0.00066446011,0.11324728,0.042057559,0.010312581,281.19541,5.3456031
1912.4167,13.59025,326.30718,0.00014425682,9.0388794,0.024459196,0.06617296,0.16698059,0.041449659,0.010290827,312.60699,68.758744
1912.5,18.172313,335.31368,0.00010659187,13.179505,0.032461777,0.096517265,0.29686594,0.041079879,0.010293292,252.62391,55.254531
1912.5833,21.08245,340.25854,8.6574029e-05,10.146861,0.025260609,0.08065827,0.32221159,0.041139759,0.010336996,219.49114,39.491057
1912.6667,23.389501,343.8856,7.5807446e-05,6.6109574,0.017018474,0.052263093,0.30980942,0.041330259,0.010411549,207.20271,37.61983
1912.75,25.132326,346.09821,7.0046401e-05,3.0068848,0.0027812607,0.0083971326,0.27065974,0.042056087,0.010515006,192.95419,35.669088
1912.8333,25.879167,347.1629,6.2379251e-05,0.1822494,0,0,0.22051097,0.043306716,0.010649545,183.91356,24.034009
1912.9167,24.67053,345.22069,6.2724335e-05,-6.2568845e-10,0,0,0.16021033,0.044794545,0.010746143,361.43256,34.087859
1913,22.483425,328.68037,6.9279115e-05,-3.235747e-06,0,0,0.12155997,0.045895405,0.010893985,134.69843,35.226375
1913.0833,20.482624,312.59999,7.8184108e-05,-4.9001704e-05,0,0,0.13317104,0.047129788,0.011010209,144.6761,35.108994
1913.1667,21.842103,308.39229,7.3585165e-05,-0.0001263403,0,0,0.16175796,0.049646165,0.011098078,139.86833,32.508996
1913.25,22.295209,303.05126,7.220039e-05,-0.00028218936,-4.6840517e-06,-3.8462358e-05,0.19021159,0.052800059,0.011164507,122.37771,19.420094
1913.3333,21.03466,298.91154,7.830096e-05,0.98155051,0.0024608148,0.0031389235,0.19882315,0.055895925,0.011214772,176.33587,11.000872
1913.4167,21.28838,311.86694,8.1292601e-05,12.471745,0.03280237,0.090146099,0.22094086,0.059075944,0.011297621,361.392,69.12707
1913.5,24.52581,324.26473,5.8558202e-05,12.915356,0.031534876,0.10736424,0.22939134,0.064862758,0.011499388,236.51966,55.074842
1913.5833,27.225632,329.69308,5.2246458e-05,10.328717,0.026678628,0.09168513,0.21864083,0.07001584,0.011831346,213.64534,47.715314
1913.6667,29.212356,333.74053,4.7930396e-05,6.383048,0,0,0.22570963,0.074978083,0.0122969,207.49947,49.280592
1913.75,31.845301,336.98431,4.6041936e-05,2.3282686,0,0,0.23377571,0.079886109,0.012901183,203.6915,50.314181
1913.8333,33.797681,340.19482,4.4447668e-05,0.068306385,0,0,0.23481832,0.084634699,0.013591664,200.78332,33.509293
1913.9167,33.724248,340.2459,4.367056e-05,0.0017918681,0,0,0.22711879,0.089087792,0.014233832,396.17535,44.741588
1914,35.489544,346.65802,4.1084899e-05,0.0037422698,0,0,0.21597952,0.094320737,0.014693318,136.51612,47.102559
1914.0833,34.145534,334.52815,4.2440341e-05,0.001225894,0,0,0.21890104,0.10331009,0.014907042,130.12777,36.369856
1914.1667,31.154202,315.18885,4.8620037e-05,-0.00059568242,0,0,0.23706703,0.11754488,0.014922471,124.95766,27.414571
1914.25,28.828705,307.00597,5.3551292e-05,-0.0015367663,0,0,0.25888535,0.1372714,0.014766566,123.66285,20.145232
1914.3333,27.763397,302.81556,5.550298e-05,0.97077863,0,-5.4218397e-06,0.26263443,0.15865831,0.01442131,182.81288,17.115674
1914.4167,27.404202,311.8366,5.5581047e-05,4.6480972,0.008831207,0.016166235,0.25644585,0.17560598,0.013998891,313.48394,45.217237
1914.5,29.86056,328.74775,4.9094579e-05,12.793022,0.037287629,0.097143461,0.29334435,0.18663399,0.013920999,338.82165,81.782036
1914.5833,31.881537,338.7804,4.3464741e-05,10.526291,0.027090813,0.070988183,0.35237366,0.19327711,0.015796661,225.78761,50.497248
1914.6667,33.361331,343.54171,4.1347026e-05,6.7349812,0.012529261,0.035531207,0.39816326,0.19888969,0.017562773,215.83203,49.590634
1914.75,35.225075,347.34836,4.0305953e-05,2.4667726,0,0,0.40957025,0.20411041,0.017802909,203.59158,48.055564
1914.8333,37.269164,349.81456,3.8563881e-05,0.024430189,0,0,0.39812484,0.20756514,0.017395349,190.05301,33.442045
1914.9167,37.628245,350.66092,3.8141763e-05,0.033017938,0,0,0.36876094,0.21022123,0.017711649,281.96391,38.376835
1915,37.503272,349.64365,3.6996844e-05,0.0006566557,0,0,0.32777965,0.2123004,0.017943159,152.13002,35.053451
1915.0833,32.372467,316.27035,4.2982909e-05,-1.2657714e-05,0,0,0.27647272,0.21197714,0.01734673,141.34751,31.036893
1915.1667,28.589563,303.01952,5.1083414e-05,-0.0014390075,0,0,0.23196952,0.21036728,0.016710123,123.8757,29.395243
1915.25,25.783647,297.05507,5.6917132e-05,0.0078980636,0,-1.9522561e-08,0.20933849,0.20817013,0.01607069,118.59928,24.199791
1915.3333,23.383504,297.32859,6.2540421e-05,2.0808626,0,-1.0004413e-05,0.19223921,0.20432439,0.015483895,208.37309,17.320214
1915.4167,21.416012,304.932,6.7991197e-05,4.2556434,0.0081405181,0.013793731,0.18143775,0.19798897,0.014953571,248.72296,30.995053
1915.5,20.501031,318.43358,7.3592288e-05,12.245009,0.030821638,0.11372779,0.20090257,0.18919462,0.014481034,311.49117,53.848684
1915.5833,22.715766,326.84973,5.9453196e-05,10.247248,0.026031887,0.10643579,0.24500918,0.18121351,0.014078603,219.61493,55.151028
1915.6667,25.229337,331.97978,5.2195595e-05,6.6356949,0.017785286,0.07276473,0.26742694,0.17253372,0.013766414,200.06268,49.69428
1915.75,28.196231,334.85389,4.8287395e-05,1.9988124,0.00074990294,0.0030931178,0.27242351,0.16351351,0.013546874,184.34569,47.773067
1915.8333,30.150916,336.47764,4.5330118e-05,0.03759884,0,0,0.26473922,0.15523477,0.013377314,178.19392,27.153058
1915.9167,29.970575,329.78034,4.6035504e-05,2.0439695e-18,0,0,0.24645585,0.14813958,0.013173397,361.25111,39.458923
1916,31.403888,332.83135,4.4088258e-05,0.042182536,0,0,0.22088902,0.14238128,0.012908208,136.73749,42.281449
1916.0833,31.61129,323.35806,4.3653923e-05,0.040289903,0,0,0.20630679,0.13872236,0.012643184,135.69409,46.288054
1916.1667,31.517152,309.37737,4.3775384e-05,0.088129676,0,0,0.21298158,0.13659534,0.012397538,123.23703,53.905718
1916.25,32.83472,301.50652,4.2090782e-05,0.21959812,0,0,0.23921485,0.1360123,0.012165546,115.0301,63.616876
1916.3333,35.155512,301.20686,3.8947961e-05,0.83660584,0,0,0.28544751,0.137327,0.011956102,168.20203,73.839657
1916.4167,38.485754,305.86863,3.439809e-05,2.7638702,0,-9.6446137e-07,0.32936901,0.13994411,0.011767395,216.96215,72.784612
1916.5,39.803937,313.91448,3.2808857e-05,5.3151283,0.012608704,0.026691043,0.35929295,0.14169101,0.011600589,256.46237,76.884916
1916.5833,42.814627,324.10938,3.0112766e-05,9.1723518,0.03057558,0.10935081,0.4250066,0.1420594,0.011483914,253.40586,94.773986
1916.6667,47.810059,329.37163,2.5042e-05,5.896985,0.019838873,0.075082486,0.50742072,0.14258549,0.011454151,195.35482,91.734868
1916.75,52.850086,331.69097,2.2751559e-05,2.5986817,0.0056360304,0.021663812,0.62172812,0.14381382,0.011477143,173.09714,84.792038
1916.8333,56.611676,332.37734,2.1590344e-05,0.65568942,0,0,0.73942327,0.1456085,0.011541106,156.71713,71.441489
1916.9167,54.79696,311.4109,2.4174326e-05,0.00014550269,0,0,0.8858459,0.147919,0.011636289,176.7015,50.414662
1917,46.877459,288.61022,2.8412956e-05,-2.5336696e-07,0,0,0.99642903,0.14690132,0.011618609,88.689615,22.140613
1917.0833,40.729616,269.64456,3.3443721e-05,-6.3529939e-06,0,0,1.0091946,0.14350268,0.011495687,87.039465,18.632816
1917.1667,34.446388,263.2485,3.9994906e-05,-6.7680026e-05,0,0,1.0372237,0.14072421,0.011393916,89.762334,20.087996
1917.25,28.425617,256.77654,4.9339011e-05,-0.00020063129,-6.3118085e-06,-6.110339e-05,1.0903313,0.13870303,0.011326552,83.053056,19.774124
1917.3333,25.622709,251.07953,5.4322707e-05,0.4961143,0.0020174336,0.0020459678,1.0404629,0.13721025,0.011276998,118.55179,20.172545
1917.4167,23.554485,257.14529,6.0915492e-05,7.1234277,0.032307005,0.084369331,0.9724741,0.13537803,0.011242191,258.06884,45.724627
1917.5,24.252385,270.04728,5.9368806e-05,11.769501,0.047331491,0.16010526,1.0464088,0.13413522,0.011320912,244.68874,66.235024
1917.5833,26.138525,276.98842,5.1692219e-05,8.792004,0.035767869,0.13144341,1.1436195,0.13434625,0.011595631,181.34123,64.415373
1917.6667,29.487155,280.78878,4.6123128e-05,6.28327,0.026239484,0.094423547,1.1814284,0.13313212,0.012037645,172.52098,61.912527
1917.75,32.762922,283.69278,4.0857809e-05,2.4294296,0,0,1.1459727,0.13147047,0.012710254,154.45152,48.031543
1917.8333,34.864511,284.89968,3.8949838e-05,0.02117663,0,0,1.061933,0.13089989,0.013669376,147.91955,36.850645
1917.9167,34.768622,279.01578,3.8781647e-05,0,0,0,0.97978121,0.13115743,0.014820861,347.59162,55.645226
1918,37.497837,280.94277,3.6282683e-05,-2.3397814e-08,0,0,0.87291354,0.13232408,0.015908053,114.63598,77.311334
1918.0833,37.987322,262.04839,3.5898542e-05,-2.0113667e-05,0,0,0.82969087,0.1354226,0.016735747,108.7099,89.164154
1918.1667,41.050341,248.28273,3.3049098e-05,-0.00068893591,0,0,0.73580807,0.14077476,0.017243436,111.48476,109.69968
1918.25,44.533145,242.31669,2.9838795e-05,-0.0018184252,0,0,0.68226457,0.14515869,0.017776154,97.388303,80.363301
1918.3333,47.993585,235.57915,2.7167507e-05,-0.0014767804,0,-2.24477e-07,0.69093919,0.1513174,0.018565301,94.568066,87.648751
1918.4167,51.65099,225.98016,2.4510004e-05,0.57822539,0.0024203121,-3.1083781e-05,0.70471674,0.16382787,0.019858614,123.19172,102.43508
1918.5,62.955491,233.74535,1.9719077e-05,7.4304724,0.047029495,0.081494865,0.76759899,0.17982557,0.021333948,240.19275,293.6231
1918.5833,84.705912,238.49496,1.4522846e-05,8.8039475,0.060194576,0.11372967,0.96587181,0.1959215,0.022331316,148.72358,296.36011
1918.6667,100.93343,241.05372,1.2087512e-05,5.5961918,0.044599126,0.080975661,1.1950802,0.20839928,0.02297518,136.19118,250.68713
1918.75,116.83012,242.6673,1.0425035e-05,2.0455186,0.0033726882,0.0060252409,1.42258,0.22104044,0.023945687,122.50126,263.50023
1918.8333,135.11261,240.62048,9.176887e-06,0.0029165935,0,0,1.6753531,0.23648039,0.025609933,112.18073,321.34828
1918.9167,152.74678,231.44297,8.2442039e-06,-8.2991778e-07,0,0,2.0296297,0.26025856,0.028736528,181.72954,365.43071
1919,158.02111,211.46332,7.5566345e-06,-1.2460929e-09,0,0,2.5407245,0.2883535,0.034694459,77.474875,247.25974
1919.0833,152.69457,183.22401,7.8552002e-06,-3.4046382e-06,0,0,2.9517696,0.3181662,0.048652645,69.67358,199.98163
1919.1667,161.29084,173.3826,7.4015315e-06,-4.2915471e-05,0,0,3.3379514,0.35201612,0.070778549,66.713386,246.75999
1919.25,171.88689,166.55409,6.7739279e-06,-2.3857333e-05,-2.0679297e-06,-4.1547662e-06,3.7885022,0.3924903,0.10689963,61.971578,163.52342
1919.3333,172.51888,158.70573,6.7430947e-06,1.6794573,0.013373938,0.014363171,4.3369637,0.44045904,0.14943527,102.46021,236.67727
1919.4167,227.32902,160.37555,5.234187e-06,9.6494794,0.07267144,0.096340171,4.9849396,0.49727675,0.20128767,83.82479,1197.253
1919.5,336.77551,160.28589,3.5241271e-06,10.359538,0.079167762,0.12212826,6.2169366,0.57052368,0.25986606,75.09922,1494.5569
1919.5833,455.67009,160.22578,2.5960289e-06,7.1798668,0.05803859,0.097896075,7.8577995,0.67600107,0.32887718,75.181645,1490.9276
1919.6667,561.34343,160.35253,2.1003791e-06,4.8746376,0.042157227,0.075218179,9.880105,0.82835495,0.40116382,76.612151,1243.454
1919.75,623.81321,160.46615,1.8831117e-06,1.793681,0.0055804255,0.010219956,12.579685,1.0463449,0.49588472,72.792427,645.89683
1919.8333,644.03033,158.78098,1.8201501e-06,0.020505357,0,0,15.906431,1.3559635,0.62372547,52.494542,305.24293
1919.9167,637.75915,153.89574,1.8374703e-06,0.0030398735,0,0,20.041889,1.7883749,0.8231492,64.391467,191.23187
1920,620.62663,149.43764,3.1211887e-06,0.033683904,0,0,25.104454,2.3859029,1.1127861,44.043015,68.214413
1920.0833,576.22361,136.00394,2.1819585e-06,0.044487088,0,0,30.822596,3.1279874,1.666737,38.857185,42.262207
1920.1667,552.83111,130.09009,2.2741453e-06,0.099291001,0,0,37.141369,4.0768914,2.5635228,36.640268,33.945006
1920.25,535.24375,126.05822,2.3481582e-06,0.15266089,0,0,44.024651,5.3320203,3.6106489,36.044767,23.48364
1920.3333,523.99933,124.50343,2.3923694e-06,0.70023971,0,0,51.859257,6.8650141,4.8475223,63.841541,35.054855
1920.4167,508.20303,123.43588,2.4658329e-06,1.8825413,0,1.4728516e-08,60.348595,8.6379414,6.390203,100.78982,173.47741
1920.5,537.82028,127.81586,2.3377365e-06,6.5496427,0.068906615,0.13481874,68.725014,10.670968,8.2877855,118.21944,1080.59
1920.5833,652.29166,128.8275,1.9242093e-06,6.8736951,0.080906712,0.17535606,77.00238,13.057068,10.469383,62.559255,1484.8246
1920.6667,735.10176,128.54809,1.7009636e-06,4.2760178,0.045411946,0.097139691,86.474976,15.768051,12.899861,62.455668,956.78826
1920.75,767.46911,127.8227,1.625375e-06,1.029587,0,0,97.133354,18.883724,15.639198,44.691616,185.6189
1920.8333,753.19296,125.35261,1.6545164e-06,0.036000941,0,0,109.23811,22.439119,18.699289,33.037502,11.121302
1920.9167,720.22605,119.82694,1.7244136e-06,0.00090937702,0,0,122.23911,26.480312,22.117973,31.968065,8.5019422
1921,627.02477,103.82486,1.9844854e-06,0.0037500498,0,0,137.57478,31.173136,27.051504,26.769239,1.4985227
1921.0833,560.9861,92.562594,2.2082108e-06,0.011450075,0,0,152.12793,36.177101,33.355568,23.841667,0.6576376
1921.1667,526.51179,86.715631,2.3616826e-06,0.10262338,0,0,167.16,41.62627,41.116013,22.63904,0.24339772
1921.25,512.3747,84.418006,2.4249009e-06,0.18688608,0,0,183.19131,47.808426,49.679626,23.827578,0.95375722
1921.3333,495.08578,82.526103,2.5015538e-06,0.63385851,0,2.3947313e-10,199.80727,54.550106,58.858189,47.355619,23.72402
1921.4167,487.12626,82.46658,2.5492702e-06,3.1566773,0.046726483,0.074437766,217.08804,61.781441,68.934479,65.140843,431.04982
1921.5,570.7103,83.242968,2.1783928e-06,7.3218941,0.13821497,0.31424831,233.16573,69.611748,79.635185,41.354437,1623.997
1921.5833,705.8751,83.093695,1.7540004e-06,6.3837375,0.12426531,0.29353244,251.00224,78.23658,91.105019,41.342235,1594.7501
1921.6667,789.82431,82.971647,1.559209e-06,3.7877864,0.078266975,0.17754495,269.9129,87.400307,102.96883,41.463359,908.72368
1921.75,810.87893,82.572401,1.5158338e-06,0.69171436,0,0,290.1662,97.26223,115.42784,30.432778,107.98948
1921.8333,794.49683,81.064016,1.5454774e-06,0.18271556,0,0,311.72018,107.83359,128.48476,22.095096,1.3566661
1921.9167,776.36212,79.272337,1.5803507e-06,0.00066073904,0,0,334.08148,119.14017,142.16986,21.560475,6.3567688
1922,733.47503,74.962161,0.00012207977,0.00432776,0,0,347.16843,131.11534,156.58023,20.125184,3.0853575
1922.0833,683.48277,70.135407,1.7522736e-06,0.018942133,0,0,347.77969,141.74016,169.89714,18.036147,0
1922.1667,626.19519,64.607404,1.9026105e-06,0.050630493,0,0,345.73621,151.33427,182.67885,16.638548,3.1617292e-05
1922.25,553.34556,58.675077,2.1415724e-06,0.08174652,0,0,337.16177,160.39975,194.74786,15.321047,0.0033717092
1922.3333,467.25518,51.052917,2.5249126e-06,0.24133136,0,0,332.31516,168.67065,202.91429,17.700112,0.041548941
1922.4167,400.97988,44.890188,2.9728715e-06,0.44469978,0,1.1485611e-10,331.53452,175.90025,197.75789,22.233643,3.1747624
1922.5,377.04554,43.741312,3.2122425e-06,1.1060387,0.034339909,0.041483097,331.88257,179.47646,190.94063,47.896057,36.172854
1922.5833,377.99227,44.559777,3.229072e-06,3.3200155,0.15428544,0.3377733,330.32751,181.72206,184.59921,26.506833,329.82499
1922.6667,395.5901,44.569291,3.0819519e-06,2.0841915,0.094060737,0.26728534,326.87204,183.41516,178.83763,23.850996,235.12831
1922.75,395.47658,44.242501,3.0747874e-06,0.40791363,0,0,323.34354,184.60036,173.47806,14.220961,2.9434806
1922.8333,386.07761,43.258745,3.1348927e-06,0.0009359429,0,0,320.38846,185.31305,168.45131,11.169081,0.065286652
1922.9167,373.15813,41.853275,3.2395935e-06,4.8884053e-06,0,0,317.32162,185.59703,163.70349,10.967888,0.15179636
1923,332.81219,37.407938,3.580094e-06,0.00010288494,0,0,313.52689,185.5313,159.11688,9.6667842,0.1888079
1923.0833,275.85527,31.134361,4.2998836e-06,0.015928476,0,0,301.84457,184.96852,154.93831,8.0724431,0.29029606
1923.1667,182.2736,21.857014,6.269086e-06,6.5561804e-06,0,0,267.56482,183.96106,151.98965,5.5832536,0.27033367
1923.25,88.380545,11.552758,1.2364221e-05,0,0,0,210.97105,182.35065,151.87694,2.5830597,0.19210997
1923.3333,50.375413,6.0247756,1.9549047e-05,0,0,0,156.27893,179.1322,151.87694,1.0851275,0
1923.4167,33.037867,3.1466174,2.6996966e-05,0.0047180478,0.00089563332,0,103.88541,173.46698,151.87694,0.98301839,0.21372829
1923.5,33.161364,3.2981888,2.7849585e-05,0.26916144,0.16938553,0.3322914,93.575737,167.46983,151.87694,6.0751218,15.17122
1923.5833,34.210138,3.4383088,2.9042394e-05,0.31314775,0.19897978,0.47706429,86.646828,161.12721,151.87694,1.7178968,28.680288
1923.6667,35.243127,3.4425606,2.769948e-05,0.20224019,0.13486453,0.32365984,80.340157,154.661,151.87694,1.6972792,20.089155
1923.75,34.830358,3.4271078,2.7218302e-05,0.049329381,0.003254589,0.0081014299,74.014832,147.9776,151.87694,1.2122491,3.0542288
1923.8333,33.605095,3.3710492,2.4434481e-05,0.00016300745,0,0,68.214478,141.08826,151.87694,1.0786539,2.691171
1923.9167,31.611588,3.243563,2.5539195e-05,0,0,0,62.815788,133.99368,151.87694,1.7442082,3.7412499
1924,28.798793,3.0662131,2.8171165e-05,0,0,0,56.139256,126.57742,151.87694,0.99816884,3.2531608
1924.0833,24.689773,2.6365819,3.2026586e-05,0,0,0,48.427433,119.34673,151.87694,1.0107287,1.116833
1924.1667,23.068735,2.4442745,3.4504268e-05,0,0,0,40.776489,111.94347,151.87694,0.62871868,0
1924.25,21.909783,2.2970363,3.6156762e-05,0,0,0,32.229809,104.08479,151.87694,0.37377409,0
1924.3333,18.567424,2.1632391,4.001593e-05,0,0,-2.2597076e-09,23.987057,95.985779,151.87694,0.36922822,0
1924.4167,5.8301049,2.1944449,8.8452973e-05,0.08731146,0.091434348,0.10129267,31.080667,87.654739,151.87694,4.1920201,0.91445156
1924.5,4.0190583,2.7798244,0.000125975,0.28877625,0.24196069,0.36846073,30.914764,79.574394,151.87694,13.133821,5.1022317
1924.5833,5.7700677,3.4397051,0.00010013708,0.30557547,0.20888474,0.36584939,32.156033,72.021065,151.87694,2.9274217,5.2875756
1924.6667,7.1117231,3.5543644,7.9549784e-05,0.20200855,0.1393289,0.26279208,32.016285,65.319054,151.87694,3.0610196,2.5920532
1924.75,7.8516053,3.6589322,7.0045586e-05,0.01689394,0.0094815248,0.021888736,32.046936,59.287735,151.87694,2.4806269,0.53699431
1924.8333,8.5118534,3.7329844,6.536868e-05,0.0025532277,0,0,33.149853,53.849022,151.87694,2.5124191,0.2921526
1924.9167,9.6680094,3.8462775,5.8185175e-05,0.00012318982,0,0,32.698269,48.970848,151.87694,5.6023947,0.82622079
1925,9.5385965,3.8351968,5.6796933e-05,1.9403458e-07,0,0,29.703386,44.540829,151.87694,1.9134962,0.67434604
1925.0833,8.8294419,3.3382585,5.9259542e-05,0,0,0,26.715528,40.768196,151.87694,3.509574,0.80698684
1925.1667,9.0975361,3.3491489,5.8700287e-05,0,0,0,23.829952,37.396698,151.87694,2.5077959,0.48763616
1925.25,9.7475266,3.3940093,5.7103309e-05,0,0,0,23.230936,34.275185,151.87694,2.5910917,0.54394463
1925.3333,10.237695,3.4767217,5.5840344e-05,0.004900016,0.00067414589,0,22.237301,31.484285,151.87694,3.1112099,0.48576865
1925.4167,10.654642,3.7338894,5.9508606e-05,0.24207306,0.15955344,0.19814425,20.661371,28.977753,151.87694,6.4111441,0.61884989
1925.5,11.394315,4.0664896,6.5167682e-05,0.44575827,0.28425301,0.50746675,18.133751,26.727785,151.87694,2.9702788,1.2045316
1925.5833,12.251969,4.1806367,5.9179372e-05,0.39986823,0.25534404,0.48952077,16.110661,24.682747,151.87694,2.573947,2.0233249
1925.6667,12.999115,4.2829262,5.4514519e-05,0.23687831,0.15628178,0.31016409,14.520781,22.88125,151.29164,2.4613177,1.4536146
1925.75,13.651879,4.3713674,5.1159928e-05,0.12965602,0.075375949,0.15272117,13.342212,21.262407,150.22096,2.3095215,1.4320879
1925.8333,14.113289,4.4780583,4.6736463e-05,0.0047101419,0,0,12.519153,19.799177,149.50694,3.3135582,1.3160634
1925.9167,13.975291,4.574867,4.4992921e-05,8.9419512e-05,0,0,11.456087,18.470072,149.11688,5.8180265,1.5593758
1926,12.712217,4.8262379,5.0693419e-05,3.9372169e-07,0,0,9.5025272,17.227022,147.0376,3.3813115,0.77278253
1926.0833,11.483622,4.7708265,5.0849772e-05,0,0,0,8.0131207,16.118704,146.91307,4.9591701,1.0076408
1926.1667,9.8425578,4.6963883,5.882097e-05,0,0,0,6.6451612,15.064552,146.91307,5.6944994,1.2144286
1926.25,8.6966008,4.845615,6.8032859e-05,0,0,0,5.4190402,14.01663,144.11662,2.0427837,0.19900739
1926.3333,7.1076462,4.780855,7.8712284e-05,0.0071395228,0.0019205598,0,4.3310661,12.997663,141.99948,2.3510947,5.462031e-05
1926.4167,5.1982435,5.1513133,0.00010885882,0.2818604,0.15311803,0.19221348,3.6297274,11.993162,140.83022,15.685685,1.2962158
1926.5,3.8554273,6.3634799,0.00016144777,0.75755908,0.35429398,0.78791105,2.8708751,10.996645,130.49159,11.199895,12.465407
1926.5833,3.2059418,7.3911957,0.00016383773,0.63383184,0.2650635,0.68681314,3.406713,10.015049,118.52547,14.268031,6.0907551
1926.6667,4.3669594,8.0295103,0.00012374847,0.4671441,0.19093839,0.51366964,3.7275248,9.1460667,107.84309,7.3383037,4.5778855
1926.75,5.5688159,8.4362384,0.00010438073,0.12354689,0.032550475,0.087360957,3.8453739,8.3964691,98.148918,7.9943987,2.4862914
1926.8333,6.5716472,8.9493142,8.5256885e-05,0.0037314487,0,0,3.972868,7.7469406,89.328575,9.1613966,1.9910526
1926.9167,7.4822041,9.4538629,7.6186756e-05,8.0686895e-07,0,0,3.9590259,7.1826072,81.297348,14.779044,3.0372351
1927,7.9757078,10.158801,7.0783404e-05,0.00011676884,0,0,3.6278799,6.6836948,73.871429,7.4152855,2.6335457
1927.0833,8.4086163,10.142192,6.8784379e-05,0,0,0,3.4540455,6.2660213,67.441872,6.3831919,1.5616995
1927.1667,7.9728086,9.3709398,7.3709372e-05,0,0,0,3.253813,5.8922949,61.597477,3.5985362,0.28924316
1927.25,7.075632,8.4927632,8.2872524e-05,0,0,0,3.0141165,5.5388002,56.144165,3.5069308,0.31267143
1927.3333,6.5252632,8.4975976,8.8669061e-05,-5.2744534e-05,0,0,2.8437726,5.2088361,51.181332,3.7750933,0.36416346
1927.4167,6.0778097,8.8730771,9.8818535e-05,0.25045944,0.088222204,0.13875345,2.5596006,4.8925834,46.626953,17.676577,0.59503665
1927.5,6.2468778,10.665609,0.00011799338,1.0971384,0.34976456,0.82121238,2.1480522,4.5886149,42.416069,19.6013,20.599889
1927.5833,7.235589,11.758314,0.0001047557,0.98204946,0.29409639,0.76329967,1.7754641,4.3288422,38.462772,16.880457,25.683814
1927.6667,6.8610236,13.001595,0.00010428849,0.64066273,0.16467744,0.42410286,1.5450141,4.1074243,34.894482,18.087303,17.548408
1927.75,4.8160865,13.687504,0.00012934707,0.012844581,0,0,1.7088245,3.9116306,31.615486,8.5436607,1.3038324
1927.8333,5.0552427,14.108822,0.0001392979,0.00060991293,0,0,1.8028629,3.740361,28.595646,10.704576,1.7282095
1927.9167,5.5777491,14.233205,0.000121237,8.6824831e-21,0,0,1.7679082,3.5930245,25.838659,16.302699,2.5637307
1928,5.883594,14.86784,0.00010944838,0.00077042595,0,0,1.6496872,3.4564393,23.307755,7.5166338,1.9079733
1928.0833,6.0838098,14.883997,0.00010518917,0.0034087791,0,0,1.5630959,3.3302193,21.129578,6.1004398,0.98236399
1928.1667,5.6703724,14.343061,0.0001132527,0.00053601114,0,0,1.4610155,3.2003429,19.159178,7.8426357,0.99398699
1928.25,4.8606987,13.661363,0.0001298717,0.016060518,0,2.0193106e-12,1.3763747,3.0568831,17.313173,9.1639035,1.0923655
1928.3333,4.6234513,14.2093,0.00013389398,0.061730619,0,0,1.297991,2.9054945,15.644894,11.481317,1.3033187
1928.4167,4.4234307,15.564312,0.00014847265,0.77596499,0.17424991,0.48146974,1.2000761,2.7476459,14.135672,41.129429,5.9794708
1928.5,5.205676,19.520497,0.00012941525,2.0102368,0.41659787,1.4230969,1.0405862,2.5852709,12.795154,46.989229,32.121599
1928.5833,6.3618147,22.412159,9.6166128e-05,1.711087,0.32964131,1.1181729,1.0232812,2.4819145,11.644281,33.449107,20.467714
1928.6667,8.4641725,24.193926,8.1954386e-05,1.2792773,0.24002625,0.78627444,1.062659,2.4610202,10.697157,30.905955,20.19555
1928.75,10.272588,26.006196,6.8784466e-05,0.20717057,0.0051480454,0.018997633,1.0589142,2.441457,9.902442,31.177721,12.343848
1928.8333,11.646727,28.055759,6.1980005e-05,0.0078956565,0,0,1.0384887,2.4192491,9.2305603,35.538301,13.096417
1928.9167,12.487682,29.350707,5.707681e-05,6.2211615e-06,0,0,0.99823403,2.3894997,8.6580982,40.352936,13.360898
1929,12.155048,28.967651,5.8266793e-05,0.0083952147,0,0,0.94617474,2.3476541,8.1558495,11.476309,4.1977262
1929.0833,11.559258,29.014573,6.037216e-05,0.0085443808,0,0,0.923931,2.2928154,7.7339506,13.604269,2.6726821
1929.1667,9.5956549,27.557503,7.1131028e-05,0.0034157752,0,0,0.9163968,2.2219791,7.3498397,14.113622,2.444326
1929.25,7.4223024,27.462786,8.5111722e-05,0.012180327,0,0,0.93154031,2.1333628,6.9759912,10.602978,1.1887614
1929.3333,5.5533382,27.706364,0.00010571415,0.067888452,0,0,0.92584747,2.0331235,6.6119661,16.324939,1.0976481
1929.4167,4.3738405,30.798281,0.00012630282,1.7820188,0.2544677,0.801693,0.88213921,1.9184315,6.2466292,116.92653,12.240992
1929.5,5.5543217,38.701035,9.0316877e-05,4.0756585,0.52282214,1.9053242,0.8097716,1.7973863,5.8749428,47.956659,28.991327
1929.5833,8.0088712,40.405553,6.7863693e-05,2.6826715,0.34811057,1.2676472,0.84544802,1.7131338,5.5434084,33.862511,19.265579
1929.6667,10.396229,41.917514,5.6011875e-05,2.1838317,0.28372093,1.0039088,0.9148075,1.6384571,5.3660035,34.820702,20.338996
1929.75,12.651184,43.44324,5.1199058e-05,0.56018679,0.053557141,0.19384621,0.96636868,1.5547,5.2434077,38.309874,19.085171
1929.8333,14.613524,45.328576,4.7525114e-05,0.0030744262,0,0,0.99839497,1.47815,5.1414886,41.381781,15.071725
1929.9167,15.809566,46.780687,4.4054683e-05,0.00025643166,0,0,1.0104473,1.4112657,5.0528054,53.631497,14.842927
1930,16.935302,49.496807,4.5102446e-05,0.0035311448,0,0,0.97092241,1.3720592,4.9633999,29.639862,10.659447
1930.0833,15.558096,45.523915,4.4607496e-05,3.1830806e-06,0,0,0.94641614,1.3615491,4.835247,21.769426,5.4681709
1930.1667,13.042978,40.226083,5.2542826e-05,2.9717658e-07,0,0,0.91291147,1.3666651,4.5864348,25.702817,5.9339005
1930.25,11.207603,39.260928,6.421352e-05,-1.4323358e-05,0,0,0.84747303,1.3465527,4.3033876,24.845423,4.2247983
1930.3333,8.8148415,39.623898,7.9292717e-05,0.024976057,0,0,0.81055355,1.2998101,4.0388813,27.753422,4.1860737
1930.4167,6.3429098,41.504394,0.00011409207,0.40341839,0.02245135,0.034860444,0.8840915,1.226464,3.846344,53.310287,4.9357987
1930.5,5.9465892,49.141869,0.00013001973,4.0789868,0.46165947,1.2715573,0.92353803,1.1303358,3.7073007,142.62507,20.134324
1930.5833,7.7693947,55.144437,9.6880656e-05,4.1555025,0.41502822,1.243604,0.83047694,1.0347295,3.5213714,55.065641,20.546046
1930.6667,9.5630866,57.508782,7.3204421e-05,2.3226251,0.21518711,0.64942379,0.79007614,0.95851278,3.3253415,47.906333,16.106914
1930.75,10.802027,59.295971,6.5875742e-05,0.45966979,0,0,0.7802614,0.89661855,3.1291406,41.424086,10.057989
1930.8333,11.495399,60.371894,6.6419125e-05,4.7987414e-05,0,0,0.7834847,0.84597516,2.9365489,41.746627,8.3355144
1930.9167,12.282486,61.787762,6.3412495e-05,0.0096971807,0,0,0.77905965,0.80322111,2.7538965,72.549549,14.09482
1931,13.36584,64.751193,5.7922582e-05,0.0006452891,0,0,0.75235301,0.76376104,2.589746,35.120009,13.630035
1931.0833,14.029457,65.089621,5.5387518e-05,0.0097011531,0,0,0.7270776,0.72690672,2.4488564,47.916462,16.272377
1931.1667,14.488503,65.900721,5.3993674e-05,0.0013357215,0,0,0.69919902,0.68773752,2.3153257,46.327278,14.526693
1931.25,14.166922,66.681542,5.4668417e-05,0.030257003,0,6.442305e-10,0.67128795,0.64362234,2.178458,49.137176,10.501804
1931.3333,13.303718,68.419486,5.7047397e-05,0.5357099,0.011877147,0.0037246877,0.65292853,0.59732169,2.0390024,56.022606,8.2271366
1931.4167,12.660819,72.793297,5.8709869e-05,5.1677816,0.37189052,1.1474452,0.63451636,0.55219883,1.896136,114.45797,22.781646
1931.5,13.953622,77.881649,5.2764961e-05,6.7154404,0.46558162,1.4851267,0.6171242,0.50756115,1.7544568,63.026847,21.794617
1931.5833,16.015688,80.018386,4.6262365e-05,5.5889826,0.39121538,1.2122004,0.62965447,0.47509745,1.6245608,57.33376,23.30643
1931.6667,18.336631,81.838883,4.0481245e-05,3.6896955,0.23849711,0.70530807,0.63910669,0.44946137,1.5391462,56.218187,25.86848
1931.75,20.385792,83.423778,3.7029633e-05,0.6911788,0,0,0.64087975,0.42741323,1.4771771,52.598595,16.997761
1931.8333,21.283999,84.281772,3.56733e-05,0.01788053,0,0,0.63903326,0.40896058,1.4270426,44.859596,9.1973408
1931.9167,21.830833,84.488437,3.4938887e-05,2.7614902e-05,0,0,0.63092303,0.394036,1.3816286,79.500165,17.863305
1932,21.625113,81.738733,3.4840556e-05,3.3756363e-05,0,0,0.61621761,0.38901588,1.3306143,40.229326,20.044518
1932.0833,20.380212,73.401146,3.6840429e-05,0.0010476582,0,0,0.61525476,0.39770961,1.2665799,35.931461,22.4676
1932.1667,20.574266,70.407353,3.6881735e-05,0.011152123,0,0,0.60466158,0.40410671,1.2001934,35.254066,26.728987
1932.25,21.811584,70.878483,3.5322399e-05,0.061822336,0,0,0.59937859,0.40374687,1.1354764,37.437036,30.301084
1932.3333,23.393491,71.542084,3.2745822e-05,0.12054996,0,0,0.61601424,0.39739853,1.0728989,38.131268,33.487561
1932.4167,25.733516,72.304927,3.0260235e-05,0.54717645,0.009878469,0.0032273636,0.64626503,0.39245284,1.0150782,43.879922,36.687538
1932.5,28.839076,74.500188,2.6782478e-05,6.3586857,0.52890472,1.4325302,0.66104174,0.39067832,0.96172261,62.249433,47.830315
1932.5833,32.352749,76.19305,2.378761e-05,4.7515464,0.39692941,1.0675645,0.6914764,0.3918663,0.92052776,46.767848,46.434148
1932.6667,35.972722,77.333719,2.1229927e-05,3.3048909,0.24804157,0.6293645,0.7375775,0.3952722,0.89258003,46.384992,50.607669
1932.75,39.662171,78.378536,1.960078e-05,1.0911168,0,0,0.77684724,0.40079045,0.87229824,45.420604,43.432014
1932.8333,41.367255,79.165377,1.8989162e-05,0.011618495,0,0,0.78642547,0.4072614,0.85721427,41.4877,18.74328
1932.9167,41.415621,78.058623,1.8939003e-05,0.0019989362,0,0,0.78935921,0.41344136,0.84501892,72.097649,35.059904
1933,39.967567,74.076742,2.0748977e-05,7.9753624e-06,0,0,0.79613411,0.42223197,0.83347476,37.542349,23.097699
1933.0833,37.026297,67.113534,2.1001453e-05,0.00058341068,0,0,0.80806518,0.43455914,0.82525975,35.308114,22.062864
1933.1667,35.955388,63.996404,2.1471273e-05,2.6157456e-05,0,0,0.81096488,0.44676566,0.8212145,35.256713,21.444202
1933.25,36.286265,63.911162,2.1747868e-05,-7.0331203e-05,0,0,0.80989772,0.45705017,0.81937319,35.175321,20.540203
1933.3333,36.174413,64.004652,2.2464272e-05,0.20053968,0.0017747458,9.7877309e-07,0.79997307,0.46392179,0.81911498,37.968311,16.409922
1933.4167,36.463413,65.677397,2.2838118e-05,3.3633068,0.32768283,0.67703664,0.78486758,0.46783617,0.81888914,61.230844,40.047632
1933.5,39.164566,68.559937,2.1576481e-05,6.2730343,0.61109546,1.4025887,0.79156631,0.47027582,0.81740409,54.80456,42.395158
1933.5833,41.625999,70.470005,2.0279262e-05,4.8199236,0.47386429,1.0564145,0.81944907,0.47379795,0.82436424,50.090594,41.182195
1933.6667,44.354185,72.153635,1.9024788e-05,2.6736412,0.25202709,0.54109357,0.85039759,0.47976956,0.83778113,49.614908,43.473373
1933.75,46.75756,73.619932,1.8152781e-05,0.32167748,0,0,0.88651162,0.48708203,0.85657477,45.124829,30.978514
1933.8333,47.987662,74.372403,1.7664912e-05,0.011751572,0,0,0.92174655,0.49447024,0.87992173,41.409115,23.37445
1933.9167,48.048951,73.497877,1.7606826e-05,1.9894559e-07,0,0,0.95048463,0.50104648,0.90806186,65.595348,36.07884
1934,43.323621,65.783344,1.8965206e-05,1.1824274e-06,0,0,0.95043582,0.50813591,0.95250565,32.032004,20.281861
1934.0833,38.00378,56.872915,2.1675334e-05,0.0023694221,0,0,0.96396065,0.51940745,1.016279,28.161027,19.273162
1934.1667,38.550381,56.618173,2.1716034e-05,6.5661553e-05,0,0,0.96289855,0.53281355,1.0742255,27.595482,21.167479
1934.25,39.25455,56.277175,2.1795317e-05,-0.00034922815,0,0,0.95788109,0.54754066,1.1219451,27.575113,24.391993
1934.3333,40.128805,56.060899,2.1667249e-05,0.16490114,0.0051866155,3.7411159e-05,0.94688225,0.56282294,1.1553428,30.029503,26.851696
1934.4167,42.130679,57.330817,2.0786731e-05,4.4856925,0.55116812,0.78591692,0.93581074,0.57956719,1.1725907,46.441287,51.649885
1934.5,45.889508,59.315007,1.9323334e-05,5.2077513,0.61672761,0.99204543,0.97880673,0.59804523,1.1790831,45.868943,59.517567
1934.5833,50.282463,60.935061,1.764377e-05,4.3470713,0.51774481,0.83494783,1.0245452,0.61869884,1.1772325,41.38649,65.040127
1934.6667,54.884341,62.282421,1.6084088e-05,3.1778731,0.39547921,0.60506522,1.0649093,0.64185256,1.1779432,40.60713,64.568677
1934.75,59.446849,63.462436,1.4845319e-05,0.93682709,0.060995041,0.091637562,1.144642,0.66862935,1.1809332,38.519176,58.886111
1934.8333,62.12515,64.245969,1.417626e-05,0.0048774431,0,0,1.2261419,0.69920874,1.1854441,34.69087,34.041107
1934.9167,63.083291,64.091846,1.4059243e-05,4.0800874e-05,0,0,1.2976674,0.73388612,1.1912614,57.439143,55.995707
1935,62.378418,61.808705,1.4283569e-05,-7.7901233e-07,0,0,1.3717438,0.77418143,1.1986591,30.186977,42.030287
1935.0833,61.684642,59.217572,1.4667434e-05,-3.9542363e-06,0,0,1.4425206,0.81780416,1.2046736,28.852396,35.818712
1935.1667,61.429545,58.166187,1.4946537e-05,-0.0015673979,0,0,1.4942489,0.86489516,1.2078882,27.84497,25.057392
1935.25,61.778624,57.724603,1.5085839e-05,-0.0037700959,0,0,1.5444615,0.91711515,1.2078434,28.0914,28.506653
1935.3333,62.304601,57.302352,1.5087672e-05,-0.0036896253,0,0,1.5916114,0.97290736,1.2022026,27.827996,31.015276
1935.4167,63.122496,57.167292,1.5068681e-05,0.31848425,0.013273929,0.0021465036,1.5991372,1.0305789,1.1881294,31.002693,33.702244
1935.5,68.118088,58.501836,1.4016834e-05,4.7284309,0.56609516,0.57066196,1.6488717,1.0834827,1.1630441,42.615411,129.95641
1935.5833,77.792734,59.811667,1.2435438e-05,4.2787515,0.51754548,0.54820095,1.839439,1.1333381,1.1275684,38.594231,108.28929
1935.6667,83.329819,60.806282,1.1559453e-05,2.8299231,0.35007623,0.37004573,1.9555984,1.1827204,1.0913942,36.049738,88.473711
1935.75,88.548779,61.705615,1.0892812e-05,0.94154958,0,0,2.1489484,1.2356205,1.0578004,35.695084,87.110028
1935.8333,91.548696,62.231999,1.0593837e-05,0.0087070385,0,0,2.4320788,1.2945033,1.0256205,30.005481,37.953074
1935.9167,85.160926,57.632394,1.1275864e-05,0,0,0,2.7401712,1.3663926,0.99439472,42.794344,53.494023
1936,80.913901,54.512981,1.1788294e-05,3.7027041e-06,0,0,3.0651443,1.4543279,0.96444553,24.894016,38.751918
1936.0833,77.654205,51.098272,1.2264911e-05,0.0021706538,0,0,3.4087198,1.5542055,0.94012403,24.053413,45.784266
1936.1667,76.337874,48.868775,1.2466386e-05,0.0049495019,0,0,3.6786115,1.6704546,0.91955251,22.442094,40.963745
1936.25,77.417806,48.567664,1.2327707e-05,0.040237413,0,0,3.7017052,1.7947941,0.90109056,21.933309,40.385186
1936.3333,79.835117,48.739966,1.2008768e-05,0.14699753,0,0,3.6683733,1.9120208,0.88450611,23.16373,53.108093
1936.4167,84.597535,49.447,1.1417748e-05,2.360735,0.34262503,0.30729447,3.6456015,2.0213389,0.86859548,35.72899,130.72104
1936.5,101.45987,50.238445,9.5980067e-06,4.4813629,0.72163981,0.74443878,4.0210614,2.131243,0.85412252,25.447258,265.48424
1936.5833,121.50975,50.600119,8.1052594e-06,3.3495086,0.56264511,0.58450507,4.7252512,2.260107,0.84303939,25.404533,250.88757
1936.6667,139.99774,50.935552,7.0218093e-06,2.3608067,0.40755426,0.41573889,5.4728498,2.4166758,0.83586556,25.505675,236.44014
1936.75,155.4597,51.227707,6.3090342e-06,0.65696934,0.069052509,0.074988462,6.1771665,2.6183708,0.83261746,24.538907,211.04242
1936.8333,172.79303,51.380131,5.7710827e-06,0.027576851,0,0,6.9096651,2.8831947,0.83368438,23.604489,296.17163
1936.9167,187.77029,50.117653,5.3598678e-06,0.00011858606,0,0,7.9060593,3.2271795,0.84006679,21.652418,181.19677
1937,184.63553,48.409224,5.9665481e-06,0.0076017452,0,0,9.387291,3.6769471,0.86819857,15.079666,23.635492
1937.0833,181.12899,47.344234,5.5422088e-06,0.0029685143,0,0,11.047871,4.2019591,0.91598803,14.621879,27.050513
1937.1667,164.98955,42.887632,5.9869189e-06,0.0035670306,0,0,12.765941,4.826261,0.97278666,12.90268,25.063614
1937.25,159.58251,41.432146,6.1397845e-06,0.013270418,0,0,14.763581,5.5759296,1.0406052,11.463771,9.3568379
1937.3333,150.65911,39.922174,6.4616374e-06,0.044686704,0,0,16.942955,6.433414,1.1201683,10.995998,5.7975042
1937.4167,139.99358,38.411681,6.9721909e-06,0.31118404,0.026326141,0.0011433122,19.593239,7.3952041,1.2141238,27.33393,8.1600956
1937.5,155.14292,42.416506,6.5344757e-06,3.5657832,0.78727074,0.784699,21.901114,8.4540195,1.3232983,66.134805,523.20898
1937.5833,213.26841,43.145359,4.9544906e-06,3.3048762,0.74708396,0.86734327,24.286423,9.6268215,1.456906,21.567792,742.23325
1937.6667,259.87309,43.274298,4.1111985e-06,2.0657793,0.48130698,0.55473612,27.62035,10.930137,1.6238508,21.632139,469.21883
1937.75,279.57264,43.327298,3.8224844e-06,0.65413577,0.094365734,0.1040677,31.483446,12.434702,1.8427333,18.062493,134.46723
1937.8333,277.5535,42.743817,3.84339e-06,0.019015988,0,0,36.15015,14.19919,2.1282527,11.12767,1.3038548
1937.9167,270.86973,41.702617,3.8978333e-06,6.9253646e-21,0,0,41.551548,16.250355,2.4950526,11.103431,2.9372605
1938,250.68223,38.543176,4.1563922e-06,9.1888415e-06,0,0,47.289967,18.644197,2.9572632,9.9872735,1.3439972
1938.0833,242.93366,37.300047,4.2665838e-06,5.4092726e-06,0,0,53.51239,21.239859,3.4854136,9.5963235,0.018717576
1938.1667,232.72048,35.678394,4.4411977e-06,0.0016093333,0,0,60.080479,24.182518,4.1059389,9.1784973,0
1938.25,227.25247,34.781191,4.5364923e-06,0.038696586,1.2251281e-06,0,67.367218,27.59601,4.8421779,8.9757665,0
1938.3333,220.91626,33.822902,4.6514438e-06,0.22394275,0.032186067,0.0016739096,74.932846,31.402998,5.6727777,13.799539,7.3221151e-10
1938.4167,225.36425,35.691742,4.5817874e-06,3.0956259,0.88903904,0.93535494,83.157944,35.605675,6.5716629,52.164649,376.78179
1938.5,272.46866,36.313802,3.8818976e-06,3.2141674,0.90645172,1.1188184,92.953232,40.235683,7.5305724,18.155975,691.28016
1938.5833,321.22776,36.325399,3.3190242e-06,2.4249665,0.70960129,0.87078553,103.841,45.403057,8.5907593,18.161824,543.79177
1938.6667,351.60521,36.330648,3.0310716e-06,1.6499091,0.48501617,0.56965507,114.59474,50.947948,9.7463102,18.164511,341.2412
1938.75,361.72819,36.292572,2.9381106e-06,0.70049947,0,0,125.71354,57.002605,11.03427,16.352085,87.282224
1938.8333,356.76599,35.804231,2.9744801e-06,0.022411201,0,0,137.47299,63.594807,12.460694,9.211343,0
1938.9167,340.73818,34.126703,3.0965521e-06,0.00038949647,0,0,149.48869,70.729836,14.036296,8.7797825,0
1939,306.27847,30.59252,3.3909753e-06,1.4209911e-09,0,0,161.02361,78.453308,15.753706,7.870542,0
1939.0833,266.68048,26.553003,3.8509852e-06,0.0049382693,0,0,171.83154,86.060989,17.377026,6.8312841,0
1939.1667,257.49266,25.568984,3.9639472e-06,0.00044480695,0,0,184.70741,94.075981,19.053001,6.5781369,0
1939.25,249.73977,24.732046,4.0730511e-06,0.030768331,0,0,198.44519,102.94776,20.947426,6.4058556,0
1939.3333,240.58013,23.75564,4.2057368e-06,0.066255871,4.8485952e-06,0,211.64719,112.38423,22.968876,6.1018574,0
1939.4167,227.81686,23.07944,4.4098774e-06,0.81393649,0.35752613,0.24498312,220.53418,121.66563,25.068586,32.974729,46.366876
1939.5,240.94248,24.158807,4.1541516e-06,2.5756012,1.1956736,1.3632357,232.83127,130.81273,27.264818,12.089594,388.39143
1939.5833,271.91269,24.143903,3.68473e-06,1.9086522,0.91037068,1.0540434,249.00526,140.41982,29.636442,12.071923,398.45707
1939.6667,294.21788,24.130607,3.3812021e-06,1.2341653,0.61080228,0.68442465,263.91907,150.20242,32.126492,12.031583,236.87541
1939.75,298.60669,23.999987,3.2859045e-06,0.25657947,0.068144447,0.072436145,277.38699,160.31741,34.780807,8.1849699,18.909435
1939.8333,293.64118,23.530329,3.3199051e-06,0.00017850213,0,0,292.62717,170.76912,37.537445,6.0537378,0
1939.9167,286.31186,22.858219,3.3834247e-06,-1.3929039e-09,0,0,310.32892,181.65459,40.354,5.8808258,0
1940,273.87351,21.783637,3.5606959e-06,-4.325846e-08,0,0,329.38547,193.17038,43.252674,5.6043658,0
1940.0833,256.87179,20.367516,3.8120968e-06,-1.9482579e-07,0,0,348.27994,204.50464,45.959538,5.2308876,0
1940.1667,239.6841,18.946035,4.1008889e-06,-2.8793482e-07,0,0,367.40381,216.18921,48.554836,4.8319671,0
1940.25,226.53981,17.837504,4.3747827e-06,0.013493838,0.0067178609,0.00019156578,384.42383,228.52705,51.255558,4.5175419,0
1940.3333,217.09526,17.605707,4.5796587e-06,0.79449138,0.50301633,0.22645418,396.70456,240.53496,54.157429,20.840215,54.446016
1940.4167,226.67317,17.981021,4.357139e-06,2.0948971,1.2126341,0.90161642,408.30164,252.172,57.186977,8.990637,322.83794
1940.5,255.38602,17.970055,3.8490903e-06,1.8499547,1.0657185,0.84950407,426.69531,263.65915,60.315361,9.1023988,394.78723
1940.5833,279.09166,17.965164,3.4723648e-06,1.4763389,0.88327743,0.70122795,444.33966,275.29416,63.800373,9.0600255,296.14161
1940.6667,291.15829,17.952988,3.2394041e-06,0.90884919,0.56721785,0.43747771,456.38708,286.60828,67.618568,8.9289774,139.61146
1940.75,289.89848,17.834252,3.1588197e-06,0.21737141,0.093611653,0.071000087,466.40488,297.75299,71.712639,5.8240919,13.327971
1940.8333,283.57393,17.472217,3.2122537e-06,0.012258172,0,0,483.83273,308.6611,75.837997,4.4951719,0
1940.9167,274.44217,16.964249,3.3009221e-06,1.9852251e-06,0,0,503.08801,319.67944,79.956673,4.3644852,0
1941,260.17532,16.144283,3.4538334e-06,3.467427e-22,0,0,522.94342,331.05139,84.04155,3.8907371,0
1941.0833,240.52081,14.94629,3.7600203e-06,-1.2493129e-09,0,0,546.99042,341.81171,87.510101,3.0427059,0
1941.1667,219.41043,13.680941,4.1573226e-06,-2.4565372e-08,0,0,560.81348,350.66296,90.779778,2.7808886,0
1941.25,199.56908,12.337975,4.5944093e-06,-2.7048891e-08,0,0,575.40204,358.28159,94.156204,2.4885153,0
1941.3333,166.23783,10.399817,5.4428428e-06,0.13522658,0.11242237,0.012630929,547.64868,364.00528,97.211578,12.008994,0.54105724
1941.4167,164.34255,10.802314,5.6013255e-06,1.1854445,1.1574642,0.35350998,565.12354,368.54962,98.505005,8.3375635,120.08318
1941.5,176.12366,10.794644,5.2959786e-06,1.1182422,1.0436983,0.56757549,581.52124,373.2189,98.932663,5.3961985,195.41227
1941.5833,189.04801,10.784321,4.8668717e-06,0.98819385,0.94965855,0.5395479,593.09277,378.10629,100.13535,5.3904802,182.03314
1941.6667,197.13709,10.773382,4.553609e-06,0.61829024,0.61563205,0.34690919,599.21985,383.03647,102.59074,5.3283041,85.056365
1941.75,197.12302,10.699847,4.4212475e-06,0.18173753,0.084048928,0.046614277,601.07739,388.06778,105.79024,3.5286872,8.2886281
1941.8333,193.72153,10.476098,4.4799008e-06,0.00073595622,0,0,613.0318,393.18454,108.75993,2.6950762,0
1941.9167,186.13634,10.043048,4.6289001e-06,1.1491641e-19,0,0,625.79028,398.55704,111.00393,2.4220916,0
1942,176.45046,9.4610723,4.8491147e-06,0.00090406145,0,0,636.60651,404.27243,111.25249,1.9019591,3.8924017e-05
1942.0833,169.55356,9.0182191,5.0471713e-06,0.0054786563,0,0,648.98132,409.81442,110.15479,2.0001083,0.0049570007
1942.1667,127.31239,6.5167691,6.0676334e-06,0.00026554373,0,0,523.55981,414.0679,107.61715,1.1660615,0
1942.25,64.511396,2.6913972,9.8721193e-06,7.080337e-07,0,0,173.89066,406.43527,107.04543,0.12162826,0
1942.3333,62.366545,2.5175919,1.0297934e-05,7.3455743e-08,0,0,171.62144,395.67847,107.04543,0.11931974,0
1942.4167,60.548186,2.5063534,1.1100778e-05,0.15002743,0.60974271,0.082490271,174.06454,385.59656,107.04543,5.5005133,7.877498
1942.5,61.278231,2.7197003,1.1726111e-05,0.32244319,1.2620036,0.33334606,178.19438,376.11899,107.04543,1.3599234,30.386275
1942.5833,63.480549,2.7187415,1.1325793e-05,0.24732324,0.97406304,0.40803031,174.12306,367.04886,107.04543,1.3594695,24.286328
1942.6667,64.999953,2.7167932,1.0519264e-05,0.1741477,0.72218588,0.32035249,164.48242,358.61902,107.04543,1.1942407,11.082801
1942.75,65.277807,2.6810118,1.0031685e-05,0.037794677,0.12363352,0.056210331,156.48,350.63086,107.04543,0.73490015,0.67369323
1942.8333,64.27142,2.6013828,1.0166682e-05,0.0001996425,0,0,153.07973,343.03488,107.04543,0.65959204,0
1942.9167,60.076036,2.3777564,1.0672799e-05,0,0,0,146.9655,335.74429,107.04543,0.25367081,0
1943,50.672442,1.9311408,1.1855926e-05,0,0,0,134.26088,328.53293,107.04543,0.1295213,0
1943.0833,46.721291,1.6976604,1.2659135e-05,0,0,0,127.83907,321.7933,107.04543,0.11016189,0
1943.1667,45.188032,1.5834988,1.3190279e-05,0,0,0,123.87593,315.11057,107.04543,0.10755407,0
1943.25,43.658484,1.4838367,1.3813744e-05,0,0,0,119.1175,308.17911,107.04543,0.10689511,0
1943.3333,40.417988,1.2963214,1.4601473e-05,0,0,0,114.65639,301.11557,107.04543,0.080759156,0
1943.4167,36.47409,1.1361061,1.6314676e-05,0.0077230312,0.1106216,0.0044046481,115.05633,293.62378,107.04543,0.80984064,0
1943.5,35.284959,1.3155205,1.8496001e-05,0.14727879,1.37791,0.19005254,120.27424,285.73907,107.04543,3.2875656,5.6290283
1943.5833,36.545917,1.3870603,1.9152434e-05,0.11994637,1.0801116,0.27162684,119.94543,277.491,107.04543,0.86650969,4.218185
1943.6667,37.517197,1.3886471,1.8142444e-05,0.074203977,0.54078562,0.16519951,112.47485,269.19318,107.04543,0.56464602,1.0608412
1943.75,32.751944,1.3589766,1.9293455e-05,0.025055695,0,0,104.89176,260.70996,107.04543,0.40639922,0.13007537
1943.8333,27.987946,1.3162664,2.0998266e-05,0.00010505978,0,0,103.59295,252.01047,107.04543,0.36644088,0.17939165
1943.9167,24.772542,1.2391527,2.2491951e-05,0,0,0,102.93159,243.08588,107.04543,0.40062145,0.30332865
1944,23.905488,1.1519315,2.2989048e-05,0,0,0,95.815376,233.94157,107.04543,0.18727543,0.42200029
1944.0833,23.039561,1.0493504,2.3625413e-05,0,0,0,89.174889,225.22147,107.04543,0.18443443,0.56493049
1944.1667,23.120224,0.99640386,2.3826989e-05,0,0,0,84.757675,216.4469,107.04543,0.18582606,0.78542333
1944.25,22.965502,0.93521632,2.4118057e-05,0,0,0,79.195374,207.28606,107.04543,0.18239796,0.94964014
1944.3333,23.271715,0.89703401,2.4215866e-05,0,0,0,74.561981,198.00436,107.04543,0.13866868,0
1944.4167,23.420393,0.86047605,2.6083042e-05,0,0,0,73.062836,188.57837,107.04543,0.14149018,0
1944.5,22.682847,0.90414536,3.0233165e-05,0.060904528,0.87441972,0.16497945,74.08036,178.98763,107.04543,2.4246282,4.0681091
1944.5833,22.576971,1.0597588,3.4088374e-05,0.097514991,1.2687167,0.37509847,71.546654,169.08817,107.04543,1.7021974,5.7001276
1944.6667,23.414232,1.1154009,3.1775675e-05,0.061707866,0.29852085,0.0901143,64.527344,159.31689,107.04543,0.54566142,3.2799211
1944.75,24.443811,1.115206,3.0779185e-05,0.01640448,0,0,59.503986,149.60175,107.04543,0.43420296,1.8998109
1944.8333,25.141923,1.0988449,2.9177483e-05,6.3087125e-06,0,0,54.206028,139.93959,107.04543,0.34060449,0.17967392
1944.9167,22.224717,1.0775267,2.9709734e-05,1.1633594e-07,0,0,50.577179,130.28899,107.04543,0.56811587,0.29549778
1945,16.573427,1.0779301,3.5755133e-05,0,0,0,49.587524,120.49367,107.04543,0.34459307,0.41278648
1945.0833,16.06789,1.0447201,3.6659527e-05,0,0,0,47.631332,111.50474,107.04543,0.34859751,0.50155014
1945.1667,15.97964,0.99585287,3.6841953e-05,0,0,0,44.015228,103.1205,107.04543,0.34040408,0.57317035
1945.25,14.840645,0.94645558,3.935468e-05,0,0,0,41.254078,95.0177,107.04543,0.34322719,0.61460868
1945.3333,13.868462,0.93407824,4.0409548e-05,0,0,0,39.871952,87.445709,107.04543,0.48552887,0.76205288
1945.4167,13.748281,0.93834597,4.1142768e-05,0.00094018196,0.028961019,4.3827673e-07,37.242184,80.44313,107.04543,0.45510843,0.32944357
1945.5,13.688665,1.0599728,4.1431205e-05,0.092764698,1.2245779,0.32762213,33.936249,74.020844,107.04543,2.8131078,0.86903958
1945.5833,14.126593,1.3213465,4.027009e-05,0.10928216,1.2084349,0.39220124,30.048487,68.039062,107.04543,3.1554235,1.2522112
1945.6667,14.727937,1.4079937,3.7597292e-05,0.083911892,0.90173636,0.291347,26.788073,62.670956,107.04543,1.0390799,0.86846708
1945.75,14.694268,1.451431,3.6083871e-05,0.017639824,0.1790484,0.06206331,24.079802,57.767181,107.04543,0.88399451,0.58439147
1945.8333,14.574966,1.4733755,3.5973022e-05,1.8399315e-07,0,0,21.990633,53.279202,107.04543,0.83339671,0.55135722
1945.9167,13.865305,1.4256325,3.6714839e-05,0,0,0,19.242382,49.207794,107.04543,1.5203712,0.97266753
1946,12.481948,1.44749,3.7871054e-05,0,0,0,15.821884,45.453415,107.04543,0.66115368,0.88365129
1946.0833,11.866635,1.3891424,3.9025574e-05,0,0,0,13.789011,42.196228,107.04543,0.67104993,1.0880558
1946.1667,10.543937,1.258077,4.1466748e-05,0,0,0,11.446303,39.218224,107.04543,0.72733674,1.3137998
1946.25,9.8439669,1.2026547,4.2844968e-05,0,0,0,9.6642208,36.397961,107.04543,0.70690232,1.5585981
1946.3333,9.8501435,1.244223,4.2484462e-05,0,0,0,8.4578848,33.815765,107.04543,0.59644161,1.814315
1946.4167,9.704832,1.2815382,4.2360145e-05,0.015824124,0.18092477,0.022946122,7.2791119,31.434874,107.04543,0.90200124,2.2236471
1946.5,9.6352017,1.4029255,4.1954805e-05,0.15136426,1.7612109,0.61596076,6.2074194,29.231674,107.04543,1.6814014,3.3303677
1946.5833,9.7497664,1.534689,3.9854753e-05,0.11707397,1.2805374,0.48637537,5.3598795,27.162712,107.04543,1.946411,6.3530829
1946.6667,9.8659527,1.6979814,3.8024973e-05,0.087440535,0.69053742,0.26653821,4.6927471,25.278032,107.04543,2.0231608,6.7895236
1946.75,9.7747575,1.8141042,3.7562037e-05,0.026431969,0,0,4.1861019,23.524639,107.04543,1.0184335,4.0149185
1946.8333,9.3989931,1.8847425,3.8490154e-05,0.0001646906,0,0,3.7380278,21.882259,107.04543,1.2836181,3.2214126
1946.9167,8.4423134,1.9213848,4.0202984e-05,1.4983456e-06,0,0,3.2609062,20.326759,107.04543,1.8419079,2.6485407
1947,6.8741916,1.8452116,4.2461779e-05,0,0,0,2.7402954,18.816225,107.04543,0.62069721,0.25062017
1947.0833,5.3996737,1.6657375,4.6432084e-05,0,0,0,2.3945949,17.440218,107.04543,0.75843494,0.35787988
1947.1667,4.5562997,1.633885,4.8885206e-05,0,0,0,2.1602275,16.126942,107.04543,0.82027996,0.42161038
1947.25,3.8220058,1.6266133,5.1794803e-05,0,0,0,1.9557394,14.836731,107.04543,0.73231375,0.34578072
1947.3333,3.1329868,1.6956764,5.343221e-05,0.0052748092,0.054945026,7.7194747e-10,1.7908623,13.612295,107.04543,0.82684438,0.08662292
1947.4167,2.4432456,2.0447187,5.7364523e-05,0.18740383,1.6185545,0.58770246,1.6711044,12.443076,107.04543,7.9154677,4.5001733
1947.5,3.1990642,2.7986416,4.7991551e-05,0.31267245,2.0290609,0.93362287,1.8086689,11.359271,106.83169,7.5902439,9.8557413
1947.5833,4.4499137,3.332267,4.2416035e-05,0.27295047,1.5676992,0.72394918,2.1295834,10.394466,103.74693,6.0342168,7.2214919
1947.6667,6.0826824,3.7409235,3.7655722e-05,0.1779435,0.74825514,0.34568529,2.3968735,9.5867043,100.11408,4.5091119,5.8550955
1947.75,7.4714534,4.0045851,3.5116729e-05,0.034886372,0,0,2.5978794,8.9071474,96.99511,2.6372666,2.1727887
1947.8333,8.6239055,4.1816374,3.4757537e-05,0.00093532959,0,0,2.7458935,8.3308678,94.583275,2.639022,1.8447001
1947.9167,9.6497256,4.3757777,3.3335902e-05,1.4587847e-05,0,0,2.8324056,7.8381057,92.578926,4.6352978,3.5083849
1948,9.9766543,4.6101329,3.5919074e-05,5.3313004e-06,0,0,2.7446337,7.4037843,90.785942,3.4637619,3.0934429
1948.0833,10.328837,4.6388954,3.2599306e-05,5.8055634e-05,0,0,2.687176,7.038394,89.282158,2.967908,2.7931802
1948.1667,9.9695036,4.4282833,3.3082735e-05,4.7431039e-06,0,0,2.5506876,6.7075033,87.993889,1.9237278,1.9577416
1948.25,9.7653037,4.4104583,3.3204513e-05,0,0,0,2.4221876,6.387413,86.79306,1.4464517,1.9213729
1948.3333,9.6439552,4.4846963,3.465193e-05,0,0,0,2.2518868,6.0784564,85.543304,1.4670315,2.4481484
1948.4167,9.245486,4.5851585,3.8684313e-05,0.006582648,0.010411614,0,2.1526775,5.7734461,84.020271,1.9795532,3.0293374
1948.5,8.4475474,4.9583614,4.7940535e-05,0.22175066,0.89783083,0.3602063,2.1340692,5.4625163,82.195084,9.2782351,6.484847
1948.5833,8.4701953,6.111599,5.4779626e-05,0.4897615,1.7164536,1.1703404,2.0541127,5.1390471,79.998093,16.315566,24.768191
1948.6667,8.9228144,7.4445698,4.957167e-05,0.34065461,0.92233746,0.6963143,1.9504559,4.822648,77.428085,16.540473,23.573206
1948.75,8.5502686,8.41715,4.989795e-05,0.018907444,0,0,1.9907515,4.496439,74.674385,10.342313,10.581894
1948.8333,8.8419095,8.9632766,4.7204736e-05,9.4303949e-07,0,0,2.0245786,4.1866064,71.988525,6.147608,2.7684795
1948.9167,8.5791033,8.4621347,4.8977843e-05,-6.7350086e-14,0,0,2.0065861,3.9114475,69.35527,2.8805798,0.46102792
1949,7.9694223,8.0185831,5.1981231e-05,0,0,0,1.9549917,3.667352,66.717949,2.0765399,0.011404779
1949.0833,7.0316615,7.5900997,5.7629852e-05,0,0,0,1.9402114,3.458951,64.229271,1.965209,0.011855345
1949.1667,5.554249,7.1474332,6.9344751e-05,0,0,0,1.9334346,3.2660689,61.760838,1.8578959,0.012761788
1949.25,4.4691111,7.0664152,8.2247476e-05,0,0,0,1.9312208,3.0755227,59.214264,1.8601763,0.017496666
1949.3333,4.3012337,7.079999,8.3298e-05,0,0,0,1.8697876,2.8935456,56.642826,1.8703437,0.020160075
1949.4167,3.9637131,7.254885,8.6797249e-05,0.030088017,0.05016987,2.9241659e-06,1.7977417,2.7161949,54.01926,5.8900606,0.022003689
1949.5,3.518512,8.9421291,8.7292734e-05,0.61579689,1.304765,0.55260977,1.7208656,2.5377858,51.301941,40.509878,8.7278798
1949.5833,3.7934426,12.108231,7.9944279e-05,0.88778651,1.4807196,0.70893374,1.6408389,2.3617775,48.673756,26.832267,19.283739
1949.6667,4.1239383,13.508058,7.239214e-05,0.75263623,1.1580316,0.55901672,1.6155115,2.2334197,45.782413,14.231513,9.0712906
1949.75,4.9647707,14.302532,6.5950939e-05,0.19348917,0.19732289,0.096757322,1.5995768,2.2217076,42.856411,11.11227,4.2867704
1949.8333,5.6974785,14.886989,6.2203719e-05,0.0064067379,0,0,1.58038,2.2104542,39.99609,10.42206,2.6914236
1949.9167,6.0979933,15.15708,6.018249e-05,2.7005121e-20,0,0,1.5564995,2.1880219,37.204689,16.339871,3.3932536
1950,6.0142335,15.202144,5.9733418e-05,0.0014858171,0,0,1.52491,2.1514473,34.433483,9.0049971,2.6476673
1950.0833,5.7362416,14.636769,6.3181207e-05,2.3567757e-06,0,0,1.5136077,2.1009128,31.861765,10.306258,3.3909713
1950.1667,5.1498958,13.707856,6.7599613e-05,0.0024646532,0,0,1.5145558,2.0334859,29.36768,6.4688973,1.7987435
1950.25,4.9800114,13.941363,6.8100657e-05,0.010053945,0,0,1.4999431,1.9496931,26.881874,5.5552361,1.4218468
1950.3333,4.5408527,14.272755,6.8768291e-05,0.038129804,0.023808376,5.3717936e-08,1.4840738,1.8540679,24.487669,9.2507927,1.3868332
1950.4167,3.7231201,15.42769,7.6060016e-05,0.71960409,0.9748513,0.39460723,1.4823828,1.7437795,22.185804,35.267843,8.8549165
1950.5,4.4787428,18.714549,6.3954307e-05,2.0205251,2.3111734,1.2093467,1.4559412,1.624325,20.049473,31.8949,16.133355
1950.5833,6.1253076,20.281274,5.1399529e-05,1.6301966,1.8180624,0.95788915,1.424759,1.5610363,18.08642,21.807701,13.720861
1950.6667,7.4191559,21.589773,4.6313075e-05,1.1758595,1.2871102,0.66032581,1.4791712,1.5311079,16.609369,22.268837,14.163094
1950.75,8.7294839,22.801057,4.1612617e-05,0.4930542,0.3514449,0.18373135,1.6185207,1.4570034,16.032322,19.621451,11.103497
1950.8333,9.7096404,23.59397,3.9333761e-05,0.025035415,0,0,1.7452284,1.3611869,15.711867,14.45204,3.2825877
1950.9167,10.257217,23.719067,3.8290138e-05,0.0005681663,0,0,1.8094406,1.2801671,15.458553,21.775063,4.8842995
1951,9.6506495,22.32518,4.3056109e-05,4.9098819e-20,0,0,1.7650816,1.2218785,14.914174,12.289002,3.6318661
1951.0833,8.8308612,20.249477,4.4391309e-05,0.00013583511,0,0,1.6838437,1.1875069,13.665171,11.706676,3.5090473
1951.1667,8.0381716,18.765299,4.524245e-05,3.5113612e-05,0,0,1.5533491,1.1518425,12.398548,10.995157,3.3851061
1951.25,7.4164211,18.173952,4.6878682e-05,0.0072940246,0,0,1.4903638,1.1080432,11.203112,11.298832,3.4488735
1951.3333,7.2389636,18.832475,4.766744e-05,0.1129257,0.11414299,1.4607891e-05,1.4633155,1.0557405,10.132265,13.852953,3.7457476
1951.4167,7.5177187,20.379767,4.8972292e-05,1.877465,2.2193911,1.1058274,1.4803261,0.99766856,9.4568691,33.90768,14.915426
1951.5,9.0149753,22.534402,4.1870651e-05,2.1642117,2.396818,1.3298774,1.4691405,0.94149208,9.1014824,26.970491,16.359695
1951.5833,10.765309,24.207026,3.7349881e-05,1.7068298,1.8169717,1.0035557,1.4729128,0.90142262,8.8284473,26.165837,16.824563
1951.6667,12.615821,25.746163,3.3766733e-05,1.3568566,1.4053758,0.75032785,1.4675877,0.87109023,8.5999136,25.785668,19.222789
1951.75,14.442405,27.145706,3.1328567e-05,0.19531808,0.056469506,0.029343772,1.4639947,0.84618431,8.3930569,22.596487,15.812001
1951.8333,15.743127,28.100243,3.0111269e-05,0.0068054988,0,0,1.4642563,0.82527941,8.2020588,19.249832,12.698147
1951.9167,16.679548,28.403666,2.91251e-05,4.0504654e-05,0,0,1.4591668,0.80498672,8.0179462,29.056945,18.894786
1952,17.370956,28.412336,2.8635979e-05,1.00924e-06,0,0,1.4357845,0.79119778,7.8296728,13.547867,15.341317
1952.0833,17.275821,26.641559,2.8720302e-05,7.6754756e-05,0,0,1.4325086,0.78560936,7.6453896,13.53895,17.457867
1952.1667,17.701108,25.715906,2.8433735e-05,9.2290204e-05,0,0,1.4259604,0.78632593,7.4474616,13.719502,20.336671
1952.25,18.857308,26.110472,2.7558464e-05,0.0017837121,0,0,1.4212155,0.79107636,7.2198381,13.414413,14.823583
1952.3333,18.887132,26.518002,2.7249007e-05,0.0046895067,0,0,1.4198666,0.79689986,6.9600964,12.774351,6.6507807
1952.4167,18.325165,27.008031,2.7616185e-05,0.16458117,0.14463613,0.053137894,1.4246795,0.80239034,6.6604309,21.145311,7.083237
1952.5,21.40451,29.099917,2.5377436e-05,2.9596997,2.8164254,1.5709472,1.4279115,0.80332762,6.312377,33.559605,60.072577
1952.5833,23.461895,30.602124,2.3669903e-05,2.1712631,2.0023272,1.1656735,1.4146613,0.8054505,5.9140925,28.106676,26.483875
1952.6667,25.521085,32.179497,2.2106213e-05,1.6686537,1.5067392,0.85376951,1.4130771,0.80941695,5.4838624,29.381729,31.137969
1952.75,27.62139,33.642657,2.0813412e-05,0.53492052,0.22656207,0.13872755,1.4275824,0.81439179,5.0404711,26.701793,25.699482
1952.8333,28.666645,34.480993,2.0343712e-05,0.032549645,0,0,1.4377278,0.8199566,4.6185932,18.370154,9.9534685
1952.9167,29.495861,35.183139,2.0209451e-05,0.00016876588,0,0,1.4419872,0.82522649,4.2490277,36.448308,26.596467
1953,29.874004,35.318106,1.9790561e-05,7.5247813e-21,0,0,1.4411882,0.83154714,3.9082284,17.814652,13.092918
1953.0833,27.23638,31.72943,2.0870868e-05,1.1290288e-05,0,0,1.4478633,0.84116006,3.5619836,16.680407,13.809392
1953.1667,27.14566,31.415422,2.0920916e-05,-2.101994e-05,0,0,1.4367143,0.84988368,3.2364779,14.155808,9.3158319
1953.25,27.273444,31.497791,2.1168773e-05,0.00027203206,0.00011378199,5.7307238e-09,1.4224254,0.85648465,2.9307432,14.874311,9.9290634
1953.3333,27.508412,32.296777,2.1246637e-05,1.2263223,1.1153262,0.49270807,1.3969206,0.8592729,2.652776,33.673908,26.773888
1953.4167,30.874304,35.059616,1.9403915e-05,3.5331708,2.957982,1.5350151,1.3846313,0.85955006,2.4057474,41.571693,50.282145
1953.5,33.936564,36.840633,1.7899933e-05,3.7978315,2.9963839,1.6290122,1.3883934,0.86168432,2.2041459,31.768132,37.261353
1953.5833,36.877666,38.359109,1.6523481e-05,2.6271704,2.1091457,1.1137545,1.3936794,0.86648506,2.0460508,30.920933,37.828397
1953.6667,39.795183,39.754782,1.5290138e-05,1.9789132,1.5734407,0.80043341,1.4027539,0.87341565,1.9260135,30.448327,39.23006
1953.75,42.436063,40.987819,1.4416256e-05,0.5151474,0.081475172,0.039212027,1.4084699,0.88213265,1.8326582,27.22881,27.075672
1953.8333,43.606825,41.803382,1.4152392e-05,0.0017273054,0,0,1.41099,0.89137393,1.7609773,24.782597,17.043128
1953.9167,44.455774,42.431507,1.3908556e-05,-4.7939294e-10,0,0,1.4141088,0.90012151,1.703541,42.929767,35.625932
1954,44.125017,41.868046,1.412618e-05,-3.7993023e-08,0,0,1.4215581,0.91038609,1.6421498,20.894526,17.431817
1954.0833,42.59038,40.017106,1.4845901e-05,-1.3792031e-05,0,0,1.4313407,0.92162389,1.5770131,21.571425,20.098071
1954.1667,40.947288,37.964135,1.5638316e-05,-9.7152755e-06,0,0,1.4407434,0.93291968,1.5162648,20.657396,21.436555
1954.25,41.509055,37.954677,1.5922908e-05,-0.00018120055,0,0,1.445768,0.94416708,1.460866,18.579314,17.788845
1954.3333,41.953109,38.095184,1.626481e-05,0.93261153,0.74899651,0.20980063,1.4491661,0.95426017,1.4118245,30.041365,32.927033
1954.4167,45.317221,40.163003,1.5287451e-05,4.1536212,2.9282234,0.97173963,1.4504075,0.96364361,1.3682129,38.700122,49.114705
1954.5,48.591424,41.923646,1.4343277e-05,3.7522958,2.4764561,0.90236969,1.4576341,0.97178483,1.3312639,34.351944,44.603543
1954.5833,51.694091,43.424852,1.3474008e-05,3.1666002,2.1307916,0.7560217,1.4709557,0.97460145,1.3009021,33.006405,45.00053
1954.6667,54.808442,44.793032,1.2618621e-05,2.0488564,1.2434502,0.43184713,1.4887084,0.97938532,1.2775359,32.632256,46.294661
1954.75,57.769928,45.946777,1.2088854e-05,0.80340872,0,0,1.5023518,0.98690474,1.259818,27.853522,40.819569
1954.8333,59.908185,46.535857,1.1793134e-05,0.034729274,0,0,1.5111977,0.99694961,1.2463285,23.258716,33.618943
1954.9167,58.43477,44.33658,1.1928249e-05,1.0590584e-19,0,0,1.5238792,1.0092731,1.2357423,38.495144,56.30571
1955,58.061827,42.641632,1.190228e-05,0.00025226394,0,0,1.5414125,1.0246705,1.2265873,21.071657,44.334059
1955.0833,56.828029,39.998151,1.2117585e-05,0.00018813131,0,0,1.568925,1.0432674,1.2219229,19.765471,51.161534
1955.1667,56.382954,37.500426,1.2513513e-05,-4.548431e-06,0,0,1.6108446,1.0671198,1.2209417,18.297049,60.702478
1955.25,60.464989,37.35311,1.2239873e-05,-5.0789751e-05,0,0,1.6743093,1.098984,1.2229946,17.791348,77.590379
1955.3333,65.763742,37.41825,1.1704436e-05,0.23882389,0.16190898,0.0058486839,1.7745905,1.1408142,1.2280273,19.87123,84.65045
1955.4167,75.464144,37.999414,1.0495827e-05,3.0873145,2.4057722,0.61622516,1.9234861,1.1956946,1.236569,19.760435,163.76059
1955.5,88.141702,38.470268,9.2223081e-06,3.2986935,2.5389508,0.72779494,2.159116,1.2689103,1.2516757,19.402474,188.19033
1955.5833,105.5884,38.92507,7.9066376e-06,2.8374146,2.1832663,0.63630885,2.5419459,1.3689231,1.2780131,19.573464,267.27593
1955.6667,131.19106,39.356414,6.569252e-06,1.8765483,1.4973676,0.42570072,3.1983085,1.5053015,1.3172212,19.708211,402.17632
1955.75,167.1764,39.741442,5.3585272e-06,0.46918477,0.20561845,0.057904283,4.3115406,1.7016314,1.3721223,18.4561,431.74852
1955.8333,182.07943,39.701272,4.9723144e-06,0.00056362666,0,0,5.7662086,1.9806936,1.443179,14.121138,67.97054
1955.9167,174.58604,38.020983,5.1332108e-06,2.4740955e-05,0,0,7.5267773,2.3787682,1.5356485,18.951719,47.162552
1956,167.72957,36.61903,5.4793441e-06,1.4726238e-05,0,0,9.5635576,2.9271896,1.6591921,12.826488,43.89851
1956.0833,153.04048,33.291873,5.7354991e-06,0,0,0,11.738651,3.598876,1.80686,10.000277,11.851101
1956.1667,138.38027,30.178253,6.2552849e-06,3.1157071e-06,0,0,14.15669,4.4350452,1.9873937,8.6884555,8.1742238
1956.25,135.48099,29.607357,6.3643715e-06,9.0417227e-05,0,0,17.075033,5.4838986,2.1970377,7.9128216,3.0175222
1956.3333,132.50104,29.054582,6.4664541e-06,0.00049042222,0,0,20.164902,6.738235,2.4231358,7.4731314,0
1956.4167,129.13531,28.470036,6.6454463e-06,0.14401254,0.1453617,0.0028326663,23.417742,8.1965704,2.6481895,14.977264,0.056559776
1956.5,138.60522,31.82783,6.3986395e-06,2.7989219,2.8924033,0.73648236,26.699839,9.854167,2.8519359,60.127434,357.38206
1956.5833,170.56017,32.578181,5.4246966e-06,1.9944179,2.0738952,0.60541319,31.151369,11.772892,3.0488853,16.328048,376.11399
1956.6667,198.97708,32.706458,4.7280769e-06,1.5463014,1.4046772,0.39899326,36.103737,13.937166,3.2463467,16.368368,333.93114
1956.75,210.98517,32.712042,4.4772128e-06,0.15068509,0,0,40.712627,16.3801,3.4463015,11.880031,78.091751
1956.8333,209.67324,32.200474,4.4977182e-06,0.00016719165,0,0,45.742489,19.120022,3.6381636,8.3773196,0.61544011
1956.9167,197.85875,30.380543,4.7029753e-06,2.3346722e-20,0,0,51.087307,22.215364,3.8250091,7.9049763,0.38561826
1957,181.69761,27.832465,5.0081835e-06,0.0014699153,0,0,56.286026,25.702333,4.0074897,7.1598563,0.0042822702
1957.0833,175.65258,26.820853,5.1501925e-06,0.00012832194,0,0,62.251492,29.411734,4.1702676,6.8996507,0.00030146015
1957.1667,167.45192,25.475368,5.35662e-06,4.1507521e-05,0,0,68.207306,33.53532,4.3140659,6.5535125,6.6702212e-05
1957.25,162.3895,24.607308,5.4907177e-06,0.00076328701,0,0,74.804367,38.249439,4.4415083,6.3302227,0
1957.3333,157.17155,23.71739,5.6331164e-06,0.0017123596,4.5956899e-05,0,81.274406,43.476089,4.5547357,6.1013571,0
1957.4167,151.88414,23.52198,5.8024843e-06,0.83424429,1.1913679,0.2354975,87.938492,49.188049,4.669363,41.660802,47.086152
1957.5,165.44347,25.269363,5.4088969e-06,2.4103384,3.2942215,1.0074432,97.417595,55.52037,4.8056722,13.116314,348.26584
1957.5833,199.01659,25.343219,4.6040172e-06,1.968368,2.7944302,0.84213302,110.28471,62.577389,5.0272593,12.69435,426.85082
1957.6667,222.05451,25.40971,4.1345129e-06,1.1527871,1.5848944,0.4645237,121.63316,70.035583,5.3600545,12.728058,230.71152
1957.75,228.8017,25.397906,4.0014506e-06,0.36710445,0,0,132.09808,77.797462,5.7717824,9.9854266,35.53543
1957.8333,225.46117,25.042597,4.05028e-06,0.02249176,0,0,142.287,85.990234,6.1785836,6.4790451,0.063899917
1957.9167,218.25844,24.199752,4.1560147e-06,8.0675348e-05,0,0,152.26057,94.766457,6.5670409,6.2939756,0.067257273
1958,203.68057,22.537241,4.5604429e-06,0.00025312335,0,0,160.70679,104.13795,6.8833737,5.7976924,4.5066014e-05
1958.0833,198.64069,21.93743,4.5216393e-06,0.0012589363,0,0,171.08705,113.56599,7.1342573,5.6433889,2.3786466e-05
1958.1667,190.61916,21.056982,4.6745431e-06,0.0016069072,0,0,182.01569,123.69973,7.3605566,5.416888,1.8790568e-09
1958.25,183.93229,20.283002,4.8111415e-06,0.002836919,0.0028223414,0,191.83316,134.9294,7.566998,4.8967791,1.8767085e-09
1958.3333,176.83533,19.413326,4.9724226e-06,0.020593105,0.050801563,0,199.58475,146.78557,7.8061161,4.8095209,6.2768761e-06
1958.4167,171.1109,19.633418,5.1269276e-06,1.0999603,2.0870394,0.42442839,208.19542,158.97993,8.1456184,29.051865,83.11037
1958.5,184.95616,20.201817,4.7915228e-06,2.0135346,3.7771535,1.1301017,223.3304,171.19002,8.6246948,10.089859,314.13169
1958.5833,210.44871,20.227036,4.2572251e-06,1.5340672,2.9520999,0.8686192,242.82602,183.60321,9.2709665,10.07705,313.79936
1958.6667,225.55351,20.244226,3.9527486e-06,0.90564182,1.7126383,0.4824147,258.16376,196.12273,10.065192,10.25127,157.70288
1958.75,226.91834,20.10737,3.8948897e-06,0.080717273,0,0,270.73669,208.54591,10.955641,5.9106538,1.1959003
1958.8333,222.64883,19.73976,3.9563211e-06,0.00093832269,0,0,283.11133,221.05772,11.79798,5.0781973,1.7257161e-05
1958.9167,217.51352,19.289423,4.0304039e-06,6.6270924e-06,0,0,295.94897,234.05486,12.565894,4.9623654,1.3529747e-06
1959,205.37004,18.238757,4.2034603e-06,0,0,0,305.61255,247.78062,13.217159,4.5663679,0
1959.0833,197.14631,17.504107,4.3413065e-06,0.00092099318,0,0,316.09058,261.22757,13.697411,3.9647087,0
1959.1667,175.87501,15.523584,4.7448275e-06,0,0,0,320.03516,274.73917,13.850702,3.522042,0
1959.25,143.95519,12.781636,5.4988031e-06,5.2496646e-05,0,0,294.90997,286.81482,13.288999,2.8596636,0
1959.3333,66.022992,5.863009,8.5738184e-06,1.3080507e-05,0.0037792791,0,139.40279,288.31998,12.403089,1.1288183,0
1959.4167,36.158979,3.0781932,1.232247e-05,0.061677372,1.0991799,0.1673966,46.644012,276.31165,11.439432,6.5003153,0.66444951
1959.5,36.769662,3.497679,1.2094934e-05,0.23918162,3.6810243,1.1026904,45.165298,263.12137,10.533834,2.7601926,17.440867
1959.5833,38.847249,3.5067596,1.1218227e-05,0.20321912,3.2103382,1.0161768,44.882797,250.90421,9.6880322,1.7463652,18.86415
1959.6667,40.304318,3.5135199,1.0413168e-05,0.13570882,2.206105,0.67437343,43.829445,239.93141,8.9308853,1.7200004,10.413517
1959.75,41.112442,3.5066362,9.8077608e-06,0.02994005,0.33399017,0.10054463,42.391949,229.87958,8.254425,1.302059,1.2458492
1959.8333,41.417159,3.4760428,9.7660595e-06,0.0002181289,0,0,41.8349,220.62373,7.652029,1.1791042,1.6819917
1959.9167,39.335456,3.2641955,9.9669087e-06,1.7653674e-09,0,0,39.682053,212.0536,7.120419,1.0248878,1.4085234
1960,34.567114,2.8493083,1.042403e-05,6.6318472e-08,0,0,35.44294,203.90294,6.650547,0.4812004,0.0012401804
1960.0833,33.178762,2.6866945,1.0620201e-05,5.182478e-08,0,0,33.387878,196.58769,6.264286,0.44189991,0
1960.1667,31.593975,2.5157509,1.08076e-05,0,0,0,29.377897,189.56755,5.9338408,0.42644102,0
1960.25,30.400159,2.3818789,1.0974161e-05,-1.1225988e-09,0.00093107487,0,27.09132,182.39627,5.6464896,0.42112696,0
1960.3333,29.882129,2.3088688,1.1141227e-05,0.0038342125,0.41728702,-3.1741287e-06,25.421606,175.33893,5.3956532,0.82865084,1.5765541e-06
1960.4167,29.660402,2.5205025,1.1426176e-05,0.12577085,3.2648318,0.61088001,23.939554,168.33952,5.175456,4.9978378,6.6294242
1960.5,30.894974,2.6385416,1.0784375e-05,0.16788189,4.1266384,1.2882693,22.300678,161.34268,4.98176,1.5304879,14.509823
1960.5833,32.620378,2.6760465,9.9129502e-06,0.14292988,3.6564486,1.0972475,20.776131,154.21622,4.8045015,1.416196,13.220483
1960.6667,34.082264,2.7049142,9.0610574e-06,0.10087623,1.6547208,0.47791102,19.029543,147.19461,4.6476541,1.3163677,7.7150048
1960.75,35.028361,2.7143538,8.8379074e-06,0.015075325,0,0,17.671362,140.15778,4.5087905,0.85860754,0.94163815
1960.8333,35.170209,2.6891304,8.8518509e-06,0.00039411285,0,0,16.277224,133.09378,4.3862219,0.75692095,0.15637223
1960.9167,31.618405,2.6428795,9.136088e-06,0.00023864269,0,0,14.505733,125.96439,4.2770343,0.83888479,0.26352132
1961,25.901621,2.5906109,9.4966963e-06,9.3744715e-05,0,0,12.77883,118.59356,4.1763291,0.62506293,0.39981478
1961.0833,20.374835,2.3974141,1.0124935e-05,0,0,0,11.47301,111.44437,4.0866251,0.59951611,0.53972213
1961.1667,18.273855,2.1628654,1.1269218e-05,0,0,0,10.248278,104.35856,3.9990842,0.57381829,0.74273819
1961.25,16.790185,2.1070635,1.2270677e-05,-1.0694868e-06,0.004818674,0,9.3156042,97.192497,3.9064128,0.54451139,0.41236026
1961.3333,15.067214,2.0990486,1.2760054e-05,0.015271349,0.51936626,0.038197423,8.2521687,90.170776,3.8065033,1.7819178,0.22038585
1961.4167,14.451083,2.3913523,1.3350599e-05,0.14053921,4.3224821,0.80495915,7.3911014,83.320213,3.6950831,5.6005565,3.9448429
1961.5,14.390511,2.6544281,1.2667831e-05,0.15003242,4.0077276,0.9870763,6.6289186,76.740883,3.5703149,2.0718025,5.2838297
1961.5833,11.781025,2.7326406,1.2082216e-05,0.13559366,3.6089109,0.88540938,5.8899183,70.352234,3.4278924,2.3352021,8.0283122
1961.6667,8.5028056,2.8917885,1.1366591e-05,0.087481254,2.3100785,0.55231993,5.8600078,64.336975,3.26984,2.8783204,5.1095396
1961.75,7.3763188,3.0894449,1.067493e-05,0.025519127,0.234943,0.050902254,6.1596322,58.649929,3.0873389,2.0078367,2.2824397
1961.8333,8.1415186,3.1723275,1.0578567e-05,0.00028546572,0,0,6.2320256,53.517799,2.8970838,0.98264409,0.48352646
1961.9167,8.6567765,3.078101,1.0615136e-05,1.6770046e-20,0,0,6.0994649,48.934612,2.7224638,1.2705084,0.73570302
1962,8.417245,2.9224225,1.0754518e-05,3.3843974e-06,0,0,5.6930943,44.764385,2.5635812,0.90524926,0.96674076
1962.0833,8.9389039,2.8810655,1.0862849e-05,0.00024928678,0,0,5.5950303,41.202778,2.4283493,0.88936355,1.3376675
1962.1667,9.6240863,2.9347157,1.1047217e-05,9.3488308e-05,0,0,5.518404,38.002483,2.3080108,0.90266154,1.9534285
1962.25,10.206753,2.9477915,1.1949345e-05,-5.709516e-08,-3.6526945e-06,0,5.406508,34.997227,2.1885571,0.9039502,2.9131716
1962.3333,10.98867,3.0331719,1.2894046e-05,0.044248478,0.88024449,0.066229823,5.1074028,32.306194,2.0736177,4.7782736,3.5303943
1962.4167,12.482875,3.4881565,1.3518366e-05,0.23787281,4.5772466,0.65176723,4.8290138,29.906752,1.9554797,4.9748988,15.413468
1962.5,14.223079,3.774191,1.2716721e-05,0.26148497,4.7342563,0.88559931,4.7061853,27.772552,1.8481975,3.6958384,19.448975
1962.5833,15.804101,4.0402696,1.1706615e-05,0.21534711,3.8221221,0.68057552,4.6089458,25.836332,1.7663703,3.4733024,18.504194
1962.6667,17.036332,4.2624027,1.0858417e-05,0.16172723,1.5652449,0.25751852,4.5870862,24.134291,1.6984385,3.4995279,17.699032
1962.75,18.04137,4.4625993,1.0623783e-05,0.048100205,0,0,4.5188451,22.65626,1.6403439,2.1505712,10.410994
1962.8333,17.911157,4.5721135,1.0684053e-05,0.0002409595,0,0,4.4366937,21.424238,1.589936,1.7734099,0.81052693
1962.9167,17.06578,4.6293773,1.1241479e-05,0,0,0,4.3258471,20.336662,1.5459752,2.8420187,1.6269403
1963,15.521963,4.6896292,1.2235193e-05,0,0,0,4.1494317,19.319788,1.5060748,1.7955482,2.012857
1963.0833,14.2546,4.693062,1.3495646e-05,-1.8547952e-07,0,0,4.0205908,18.409754,1.472618,1.7821477,2.8947634
1963.1667,13.10658,4.6644323,1.4933959e-05,-1.1790202e-07,0,0,3.8073976,17.525782,1.444411,1.7576674,4.204852
1963.25,12.202,4.6433462,1.6416476e-05,-2.4331004e-06,-1.642007e-05,0,3.5367603,16.603973,1.4216541,1.6725057,4.0067944
1963.3333,11.082893,4.6393597,1.8133385e-05,0.0036100453,0.084966031,-3.0382557e-07,3.1651874,15.665001,1.4067167,1.793234,3.1319902
1963.4167,10.249488,5.0052772,2.0346755e-05,0.24457543,2.9253178,0.16555403,2.784631,14.704565,1.4009328,9.3737627,17.786241
1963.5,11.674675,5.7150163,2.0599451e-05,0.39584038,3.9353263,0.35758108,2.6530132,13.706476,1.403621,7.3898948,37.841481
1963.5833,14.394132,6.1865216,1.9386416e-05,0.30479753,2.9645763,0.27559977,2.6017413,12.742039,1.4048597,6.5460545,29.678634
1963.6667,15.109131,6.761956,1.8919944e-05,0.27162024,2.083001,0.19263764,2.5739958,11.849629,1.4187649,9.3036232,22.197276
1963.75,14.313254,7.3082503,1.9092429e-05,0.060344331,0,0,2.5586116,11.007276,1.4265746,4.8296887,5.9801373
1963.8333,13.059279,7.4499506,2.0324092e-05,5.8570752e-06,0,0,2.6138318,10.231372,1.4276862,3.3720891,2.8461691
1963.9167,13.195042,7.4784379,2.0710933e-05,0,0,0,2.645931,9.5163307,1.4201205,3.6227025,1.8673216
1964,12.913996,7.5364625,2.1278343e-05,-4.767107e-10,0,0,2.6220815,8.8686905,1.4005578,4.6084247,1.2828538
1964.0833,11.843411,7.1348953,2.3310326e-05,-8.1844202e-10,0,0,2.5927651,8.3270226,1.3687803,2.1546114,1.3720162
1964.1667,10.488951,6.4722556,2.6283717e-05,-2.5603742e-09,0,0,2.52268,7.8274965,1.323424,2.2859289,1.8980406
1964.25,9.6239233,6.3128523,2.8400651e-05,-1.2901172e-09,0,0,2.4660442,7.345511,1.2601615,2.1327621,2.1136228
1964.3333,9.129161,6.3095125,2.9198392e-05,-4.8864899e-06,-0.00010989527,0,2.3685107,6.9076095,1.1853997,1.7642392,1.9549868
1964.4167,8.4282663,6.5942113,3.0964369e-05,0.17475363,1.2857394,0.045360152,2.2472508,6.4975443,1.1094199,12.70853,2.7879359
1964.5,8.427511,8.0086198,3.1722811e-05,0.59097989,3.6938983,0.22526181,2.1855054,6.1026006,1.0296686,16.121855,22.679003
1964.5833,9.8764645,9.121296,2.8893861e-05,0.5328071,2.8975319,0.21430716,2.1660919,5.7684717,0.9379378,14.364012,29.427206
1964.6667,11.915563,10.33029,2.5996233e-05,0.37934108,1.9263644,0.14512304,2.0663671,5.4730482,0.85459024,17.263223,33.935199
1964.75,13.752562,11.309689,2.3958268e-05,0.19746521,0.58268114,0.045755054,2.0526879,5.1759257,0.78304923,10.841943,16.099031
1964.8333,14.254071,11.722269,2.3844472e-05,0.00014198132,0,0,2.0667694,4.904932,0.72146857,6.3952531,5.0582943
1964.9167,14.152208,11.563892,2.5038824e-05,0,0,0,2.0721045,4.6579185,0.66849875,7.9585342,6.372462
1965,13.528774,10.927834,2.6155356e-05,-1.8014396e-10,0,0,2.0474391,4.4359317,0.62222028,3.970792,2.6178238
1965.0833,12.064963,9.5966551,2.8994655e-05,-2.3929574e-11,0,0,2.0093517,4.2440424,0.58447886,3.1006663,1.8229547
1965.1667,10.512717,8.6387619,3.293965e-05,-1.6855399e-09,0,0,1.9688554,4.0615721,0.55213714,2.6277764,1.3623111
1965.25,9.5654968,8.6310152,3.5010511e-05,0,0,0,1.9388866,3.8752599,0.52261245,2.4538884,1.0115598
1965.3333,7.9976562,8.6251684,3.8007427e-05,0,-3.4035548e-07,0,1.9187058,3.6834469,0.49498048,2.4463002,1.0721474
1965.4167,6.1484943,8.7095993,4.2874806e-05,0.040637241,0.1521018,0.0039508558,1.9157406,3.4800739,0.46772498,7.8905286,0.99186121
1965.5,6.2492797,10.915161,4.0990308e-05,0.79502817,3.006297,0.15281733,1.8814075,3.2780757,0.44249853,40.204972,27.046891
1965.5833,7.9692667,13.172302,3.5278594e-05,0.75962028,2.3066606,0.15329916,1.8538486,3.1139932,0.42417654,20.615837,28.058629
1965.6667,9.7900461,14.528506,3.1657422e-05,0.54714568,1.4728924,0.10729369,1.8491306,2.9928396,0.41269791,16.471007,18.78352
1965.75,11.4998,15.382161,2.9978704e-05,0.085383758,0,0,1.8507978,2.9247115,0.40454802,10.21992,9.0836875
1965.8333,12.40547,15.70647,2.9572831e-05,0.0074326067,0,0,1.847311,2.8715286,0.39791712,7.3706959,5.001346
1965.9167,12.402597,15.070185,2.9873996e-05,-1.0961978e-12,0,0,1.8397424,2.8373756,0.39218959,10.165283,5.4713483
1966,11.811858,14.18407,3.2658249e-05,0,0,0,1.8232243,2.8123567,0.38685182,6.2971967,4.9770678
1966.0833,11.514582,13.694037,3.4555298e-05,-7.757072e-09,0,0,1.804486,2.772193,0.38180014,6.0173747,4.8856571
1966.1667,10.262636,12.589224,3.7766589e-05,-1.6763729e-10,0,0,1.7885239,2.7142894,0.3759467,5.3521372,4.8808373
1966.25,9.2354584,12.264214,4.0579016e-05,-7.6399359e-11,0,0,1.7737966,2.635186,0.36775589,5.6572331,5.4940781
1966.3333,8.2865432,12.371263,4.2716489e-05,-3.5758338e-06,-0.00012921797,0,1.7594553,2.5388286,0.35532099,5.1758462,5.6171102
1966.4167,7.5703622,12.655644,4.4460929e-05,0.15316744,0.38905952,0.011770699,1.7424052,2.4288712,0.34098011,17.104069,6.5008799
1966.5,8.4609203,15.808402,4.0258958e-05,1.3133949,2.776773,0.16873626,1.7162006,2.3046079,0.32801113,47.873509,34.324533
1966.5833,11.043865,18.056169,3.4068376e-05,1.3114794,2.4077158,0.18026701,1.7151548,2.1855719,0.31286719,20.665083,25.021072
1966.6667,13.498998,19.392129,3.018188e-05,0.90880322,1.5915879,0.12908584,1.7257171,2.1400754,0.2996816,20.49589,24.831551
1966.75,15.625875,20.52767,2.7519865e-05,0.25006153,0.35884768,0.030566168,1.7396764,2.1419971,0.28868198,15.987267,17.22224
1966.8333,16.541317,21.065928,2.6758353e-05,0.0093849768,0,0,1.7446129,2.1403449,0.27943817,10.16484,5.4266358
1966.9167,16.910437,20.90057,2.6897756e-05,6.3313451e-05,0,0,1.7413962,2.1374648,0.27181038,18.403664,13.20656
1967,17.984679,21.60345,2.6110005e-05,0.0002846912,0,0,1.7325492,2.132158,0.26594397,10.055499,9.7259055
1967.0833,18.727465,21.564241,2.5983936e-05,2.1056181e-05,0,0,1.7251616,2.1220117,0.26273566,10.330107,11.987217
1967.1667,19.291051,21.214083,2.6706815e-05,0,0,0,1.7101249,2.1033485,0.26245943,10.497025,14.776406
1967.25,20.233562,21.278722,2.684384e-05,-6.133005e-06,0,0,1.6883488,2.0725276,0.26577878,10.682863,17.544772
1967.3333,21.242831,21.467356,2.5906385e-05,0.064469406,0.1394813,4.4583981e-09,1.6633751,2.0278132,0.27332053,11.881356,20.725929
1967.4167,23.334989,22.613505,2.3976125e-05,1.5464314,2.1537199,0.15364811,1.6476157,1.9676393,0.28531349,28.766123,51.399973
1967.5,27.77347,24.188144,2.1307296e-05,2.0157752,2.6165986,0.25301207,1.6733215,1.9037285,0.30369487,21.375344,51.957301
1967.5833,32.486826,25.364444,1.8946421e-05,1.8171681,2.3552183,0.23744134,1.7503723,1.8519275,0.33076325,21.22582,59.769618
1967.6667,37.689332,26.423369,1.691658e-05,1.3458629,1.6478316,0.17938657,1.8807521,1.8116992,0.36681402,20.53268,68.525235
1967.75,43.415278,27.320758,1.5230718e-05,0.33010382,0.35896199,0.036738967,2.1005011,1.782274,0.41356003,17.636511,74.470573
1967.8333,47.301549,27.684998,1.4346101e-05,0.00070621596,0,0,2.4245219,1.7586526,0.47216952,12.981801,27.52749
1967.9167,47.850829,27.617827,1.4353534e-05,-2.9122794e-08,0,0,2.7529151,1.7387241,0.54405218,21.87587,30.704258
1968,49.919244,29.114377,1.6209826e-05,-2.6574274e-08,0,0,2.9540248,1.7212747,0.62888092,27.925403,30.856535
1968.0833,46.833795,27.523091,1.5136907e-05,-7.1390179e-07,0,0,2.8952129,1.7058678,0.70639426,13.935097,10.68796
1968.1667,44.403173,26.296653,1.5933623e-05,-1.3364716e-06,0,0,2.8329978,1.6902574,0.77511233,12.878976,9.4181133
1968.25,43.821193,26.224615,1.6338268e-05,-0.0003410004,-2.108249e-05,0,2.7619298,1.6724029,0.83758765,12.365502,8.7327203
1968.3333,43.002553,26.106816,1.7049806e-05,0.015356372,0.015920494,2.9785426e-10,2.646867,1.6508758,0.89107728,11.623003,6.9014101
1968.4167,43.169335,27.161729,1.715375e-05,1.4894364,1.5406668,0.09488301,2.5028293,1.6237954,0.93514085,38.932727,43.633441
1968.5,48.522402,29.206717,1.5740459e-05,2.7166968,2.6079787,0.28553959,2.4644098,1.5928985,0.96958977,23.786194,79.632573
1968.5833,53.164948,30.462587,1.4516675e-05,2.1751541,2.0614171,0.26532633,2.4261193,1.5665263,0.99553865,26.653529,59.681129
1968.6667,54.640707,31.937927,1.3940273e-05,1.5956431,1.329328,0.17034119,2.2487698,1.5460991,1.0128117,28.315568,53.385913
1968.75,54.2899,33.061121,1.3927468e-05,0.32229804,0,0,2.0661705,1.5309428,1.0213132,20.070342,26.938236
1968.8333,52.184477,33.503834,1.4282472e-05,0.010383623,0,0,1.9189993,1.5193447,1.025291,15.838859,15.230224
1968.9167,48.549369,32.987718,1.4889302e-05,3.9131535e-05,0,0,1.836337,1.5100915,1.038268,27.787613,34.106678
1969,46.648189,33.537261,1.5342381e-05,-1.755492e-07,0,0,1.8401829,1.5016879,1.0635741,15.371244,18.916005
1969.0833,44.631887,32.385025,1.6092259e-05,-4.6467793e-06,0,0,1.8822517,1.4950759,1.0973722,14.565381,18.637917
1969.1667,44.476435,31.749606,1.6627309e-05,-8.9817519e-05,0,0,1.9155802,1.49189,1.1407925,13.907366,20.605733
1969.25,45.029402,31.391416,1.6831089e-05,-0.00013814462,-4.0393813e-06,0,1.9470973,1.4921955,1.1947124,13.389129,23.24928
1969.3333,46.497185,31.800721,1.624395e-05,1.2549918,1.0833111,0.082764036,1.9621341,1.4951982,1.2572023,28.261077,37.302495
1969.4167,50.401419,33.42437,1.520229e-05,3.3437808,2.6525031,0.30484482,2.0105433,1.5013032,1.3260179,25.616453,64.572584
1969.5,55.337038,34.263771,1.4060385e-05,3.2825765,2.6509628,0.32235441,2.1001687,1.5167829,1.4029013,22.399275,65.03594
1969.5833,60.018629,35.127018,1.3030024e-05,2.3508915,1.9169011,0.23998143,2.1953275,1.5408981,1.48999,22.938167,64.516733
1969.6667,64.724192,35.952117,1.2160298e-05,1.8528801,1.5122736,0.19363977,2.2944431,1.5657558,1.5901111,23.352725,66.614505
1969.75,68.751939,36.751866,1.1506955e-05,0.74531659,0.097162828,0.012110927,2.3918736,1.5917503,1.6960087,22.957042,46.081707
1969.8333,70.185572,37.205011,1.119395e-05,0.017249625,0,0,2.462678,1.6162728,1.8089961,18.208598,23.672468
1969.9167,70.36908,37.051219,1.1242193e-05,0,0,0,2.5319111,1.6368468,1.9316398,31.228776,50.082685
1970,70.933044,36.93286,1.084428e-05,0,0,0,2.5842099,1.664683,2.0576437,17.783854,32.655522
1970.0833,68.231724,35.069019,1.1481063e-05,0,0,0,2.6036148,1.6986822,2.171947,17.208008,26.439599
1970.1667,68.353847,34.855258,1.1643448e-05,0,0,0,2.599684,1.7302511,2.2787857,16.113918,23.610646
1970.25,68.437852,34.598589,1.1821613e-05,0,0,-1.9196066e-05,2.5878031,1.7597594,2.3813941,15.841789,23.521556
1970.3333,68.763196,34.62914,1.2042161e-05,0.49721405,0.41382073,0.022681297,2.5607574,1.7861996,2.4756763,22.358211,28.534748
1970.4167,72.830699,35.691392,1.145072e-05,3.4134978,2.5158229,0.22769293,2.5849197,1.8101289,2.5608976,26.092497,90.95298
1970.5,79.358421,36.654934,1.0563899e-05,3.3240967,2.3281383,0.26175774,2.6959064,1.8360995,2.6384759,25.131623,86.848391
1970.5833,85.405603,37.553072,9.927352e-06,2.7326108,1.8997349,0.23271616,2.8211808,1.8591146,2.7140818,24.472002,86.030371
1970.6667,91.535069,38.349919,9.2568134e-06,1.7761487,0.99695164,0.12388087,3.0036349,1.8818939,2.7889397,23.89933,94.278608
1970.75,97.760126,38.948722,8.7245426e-06,0.33557294,0,0,3.2316921,1.9083297,2.8686464,20.134177,92.381749
1970.8333,100.6272,38.897172,8.4876419e-06,0.011564199,0,0,3.5641632,1.9356464,2.9583385,18.06722,39.627428
1970.9167,97.760275,37.792455,8.7743147e-06,-2.5352053e-09,0,0,3.9687014,1.9642239,3.0627131,29.546092,59.291774
1971,93.791127,36.188938,9.1356578e-06,-3.0819814e-06,0,0,4.3911386,1.996483,3.1888258,16.465869,40.120492
1971.0833,86.430028,32.982562,9.8691762e-06,-0.0001157794,0,0,4.8273244,2.034914,3.3325005,14.69457,38.814068
1971.1667,77.84947,29.446626,1.078263e-05,-0.00014271412,0,0,5.3175106,2.0828245,3.506439,12.238901,32.414758
1971.25,76.847821,28.674774,1.1017431e-05,-4.8197101e-05,-4.2843852e-05,-7.1033557e-13,5.8733578,2.1428242,3.7203197,11.47855,37.011056
1971.3333,76.698199,28.218862,1.1168048e-05,-1.6161067e-05,-6.424172e-05,-2.8707729e-06,6.4473419,2.2152371,3.9735882,9.4313907,24.072258
1971.4167,82.047932,29.005218,1.0627275e-05,2.3338699,1.851008,0.14698985,7.1611876,2.3010423,4.263361,29.815069,192.54721
1971.5,100.39623,29.690117,8.9889281e-06,2.5786336,1.9990104,0.20686854,8.7933083,2.4052997,4.5844836,15.254102,223.35811
1971.5833,117.18673,30.029438,7.8189778e-06,2.0509856,1.6096884,0.18498712,10.628543,2.5401001,4.9421883,15.210136,232.81362
1971.6667,135.50265,30.338714,6.8103473e-06,1.4829275,1.1869857,0.14372749,12.302787,2.7115159,5.3315396,15.271424,243.65941
1971.75,153.50647,30.617332,6.0646321e-06,0.3668011,0.11087607,0.013735669,13.615746,2.9387746,5.7552767,14.715017,266.89393
1971.8333,168.46225,30.673668,5.5767414e-06,0.035999883,0,0,15.133543,3.2509897,6.2157984,10.654275,91.812552
1971.9167,167.13849,30.273646,5.6109625e-06,0.00044937196,0,0,17.646925,3.6813917,6.7138586,12.136709,30.575557
1972,162.17296,29.507047,5.7451512e-06,0,0,0,20.575577,4.2687421,7.2578149,8.8364599,7.9352451
1972.0833,148.68928,27.119024,6.2114659e-06,-5.0902022e-09,0,0,23.705835,4.9921007,7.8140969,8.0612515,7.462065
1972.1667,137.10448,25.023157,6.6795465e-06,-1.3704226e-05,0,0,27.107573,5.8974938,8.4081964,7.3008877,7.5328654
1972.25,128.87268,23.540331,7.0960664e-06,-1.8129849e-05,-0.00017159474,0,31.001513,7.0336914,9.0496426,6.2080531,1.3738812
1972.3333,123.1728,22.983016,7.4194313e-06,0.33730363,0.4246436,0.0093248725,34.406708,8.3848333,9.7008915,31.929439,8.3655661
1972.4167,131.64483,25.329458,7.058577e-06,2.2977374,2.0151194,0.21207419,38.496342,9.9614573,10.357623,22.856218,315.59822
1972.5,167.49221,25.486439,5.7023535e-06,2.3921873,2.1495421,0.27272273,44.691547,11.778123,11.047792,12.845017,477.41222
1972.5833,201.44729,25.589282,4.7763347e-06,1.8703807,1.7235177,0.23557508,51.47216,13.881104,11.819366,12.858822,390.25177
1972.6667,222.87005,25.666693,4.3116579e-06,1.1601922,0.96473984,0.13564346,57.871136,16.240114,12.667613,12.837031,250.77662
1972.75,233.80412,25.726611,4.1107519e-06,0.41872368,0,0,63.955349,18.942453,13.596855,12.349288,116.68384
1972.8333,234.72223,25.486486,4.0922087e-06,0.01294783,0,0,70.678986,22.018753,14.583301,6.6849537,1.8754194
1972.9167,228.15605,24.737824,4.1941785e-06,1.8046374e-05,0,0,78.512115,25.500551,15.632181,6.6540783,0.79859889
1973,211.67843,22.918113,5.0957315e-06,1.122989e-07,0,0,86.068893,29.457634,16.762144,5.9234629,0.13113525
1973.0833,196.37665,21.205939,4.8172928e-06,6.219713e-06,0,0,93.476173,33.639519,17.864885,5.4776872,0.12183784
1973.1667,185.42759,19.978654,5.0684184e-06,0.00039332441,0,0,101.15559,38.261387,18.961197,5.1611779,0.17215169
1973.25,176.21876,18.971961,5.3051481e-06,0.0020201884,0.0048459809,0,107.92149,43.486214,20.055595,4.8828295,0.020066495
1973.3333,166.46232,17.921904,5.5894484e-06,0.049415769,0.15850284,0,114.61887,49.104012,21.104208,6.2921953,1.5460413e-05
1973.4167,161.00815,18.387727,5.8274636e-06,1.1201192,1.4702818,0.16479871,122.11089,54.890198,22.146004,28.014951,83.939048
1973.5,174.12111,18.807996,5.4530383e-06,1.7745584,2.3241946,0.44711018,131.49632,60.770412,23.227295,9.4043019,276.01559
1973.5833,195.56767,18.810153,4.8725547e-06,1.2364955,1.6661749,0.36134388,141.86855,66.887619,24.440378,9.4944666,234.11926
1973.6667,208.13198,18.804336,4.5783158e-06,0.93080096,1.2986398,0.28144814,151.41753,73.097,25.710424,9.3288922,161.58214
1973.75,210.26836,18.64497,4.5116753e-06,0.13828521,0.092116123,0.018402127,160.57242,79.536476,27.060171,5.4848134,2.8983339
1973.8333,207.07519,18.279096,4.573752e-06,0.0052242792,0,0,169.93555,86.253433,28.354485,4.7026048,0
1973.9167,201.79433,17.723998,4.6790651e-06,2.0414725e-07,0,0,179.34491,93.213142,29.314787,4.5598031,0
1974,193.24854,16.888388,4.8438883e-06,0,0,0,188.26915,100.57736,29.942335,4.3448299,0
1974.0833,168.58496,14.625007,5.4403049e-06,3.831751e-05,0,0,193.15005,107.9473,30.481308,3.6346206,0
1974.1667,134.85269,11.693362,6.5649474e-06,0.0001580908,0,0,173.02394,115.39881,30.955873,2.4230284,0
1974.25,80.847159,6.9894143,9.4915567e-06,6.9346716e-05,0.0097668647,0,91.909035,120.23289,31.370867,1.1913918,0
1974.3333,54.19324,4.5314296,1.3057274e-05,0.00033865362,0.12933639,4.187374e-11,32.634567,115.7355,31.836458,0.62231001,0
1974.4167,52.683961,4.6133692,1.3245928e-05,0.24764698,1.6210598,0.2892782,30.871731,110.46667,32.549858,9.0386393,13.595399
1974.5,54.438848,4.8603644,1.2875254e-05,0.37970908,2.3714418,0.59076191,29.814274,105.39034,33.560055,2.6228165,39.178407
1974.5833,57.209458,4.8341174,1.2222712e-05,0.32468572,2.1224064,0.5272505,28.925463,100.37029,34.967983,2.7807866,42.793115
1974.6667,58.335096,4.8335176,1.1810585e-05,0.22754183,1.5213805,0.37866163,28.038157,95.574318,36.579437,2.9498506,22.229183
1974.75,58.015913,4.823375,1.1684483e-05,0.055895242,0.15685421,0.038266845,27.06089,90.946541,38.21138,1.7873139,1.3352387
1974.8333,56.941308,4.7416706,1.1695657e-05,8.6980607e-05,0,0,26.288939,86.533592,39.601055,1.2974025,0.082797682
1974.9167,54.512698,4.5317905,1.198987e-05,1.1922905e-25,0,0,25.309301,82.32444,40.685146,1.1711941,0.0058637609
1975,48.535205,4.0023378,1.2962733e-05,0,0,0,23.39732,78.216286,41.490566,1.0297713,0.0006932201
1975.0833,45.415431,3.6627725,1.4059212e-05,0,0,0,21.724274,74.418892,42.052502,0.93702455,0.00094635394
1975.1667,42.642221,3.3596347,1.505402e-05,0,0,0,19.758776,70.669785,42.434036,0.70768779,0.0013188436
1975.25,36.700908,3.0219567,1.6823478e-05,-2.7367528e-11,-2.6161325e-05,0,16.761518,66.727585,42.406433,0.62823136,0.0016302275
1975.3333,28.182,2.7496489,2.0075384e-05,-3.2570139e-06,-0.00075822728,0,14.217546,62.601521,40.989101,0.61127412,0
1975.4167,20.4309,2.8170715,2.4468529e-05,0.1427114,1.3232788,0.15092443,13.073207,58.355774,39.465553,5.7722072,2.9635604
1975.5,19.117448,3.2942442,2.5032938e-05,0.31179041,2.4119453,0.42308677,11.579626,54.077751,37.987537,7.7805166,11.686658
1975.5833,21.158013,3.5778596,2.2988786e-05,0.28816292,2.0145019,0.38787568,10.175903,49.897533,36.4319,1.8654677,12.572679
1975.6667,18.848775,3.6265389,2.3117527e-05,0.16879443,1.0316776,0.20215388,8.2539654,45.961121,35.051384,2.0922916,6.337475
1975.75,13.880319,3.6662866,2.5593148e-05,0.035038161,0,0,6.8350263,42.181244,33.700325,1.5890102,1.3628862
1975.8333,8.6399056,3.6699811,3.447472e-05,1.7110476e-05,0,0,6.4338684,38.538971,32.522755,1.6190819,1.2932794
1975.9167,6.6041732,3.6269657,4.3721404e-05,0,0,0,6.6419072,35.077133,31.404551,2.9150784,1.8015519
1976,6.4313393,3.5581298,4.4983612e-05,-1.2143241e-08,0,0,6.3104267,31.888739,30.321016,1.7148991,1.5120386
1976.0833,6.2382976,3.2890914,4.8802493e-05,-1.2627081e-09,0,0,6.0342398,29.154892,29.331854,2.8466538,1.0761637
1976.1667,5.9788935,3.0688525,5.3638498e-05,-2.7516243e-06,0,0,5.6769657,26.691544,28.376621,2.7534823,0.92151709
1976.25,6.2890658,3.1806505,5.3021628e-05,-1.896689e-06,0,0,5.5365057,24.393002,27.414728,2.6245636,1.3756287
1976.3333,6.3911071,3.2117874,4.8690436e-05,0.00054065266,0.0048405124,4.1613739e-05,5.2396898,22.318617,26.470829,0.9912601,0.062097524
1976.4167,6.5918504,3.6878802,4.5315886e-05,0.29641384,1.824718,0.18472149,4.9307046,20.437551,25.537304,11.901373,3.5839316
1976.5,7.9127643,4.2299656,3.9982035e-05,0.40653076,2.1424556,0.32007849,4.8652658,18.748066,24.580463,4.1145959,9.4444974
1976.5833,9.4344895,4.4809221,3.6015721e-05,0.33468496,1.7068909,0.28215363,4.8757844,17.223398,23.492184,3.9877238,7.4240875
1976.6667,10.68578,4.6883794,3.2933815e-05,0.24164443,1.2069541,0.2096822,4.7829576,15.89362,22.478313,3.3954202,6.1071096
1976.75,11.627464,4.8437091,3.1003125e-05,0.083841599,0.20366473,0.03465078,4.6964812,14.713286,21.532143,2.6644492,1.9494111
1976.8333,12.242024,4.9309111,3.0733576e-05,0.00034162645,0,0,4.6694083,13.658301,20.642296,2.3900931,1.0266887
1976.9167,12.618084,5.0081252,3.2074156e-05,0,0,0,4.6205926,12.712792,19.79945,5.2438556,2.2957388
1977,12.391856,5.2040364,3.2550761e-05,-4.0893247e-08,0,0,4.3708291,11.849223,18.981474,2.4005638,1.8818362
1977.0833,12.396994,5.2224924,3.3902936e-05,-3.7619717e-06,0,0,4.1873584,11.10213,18.231947,2.9955485,2.3153624
1977.1667,11.720669,5.1279743,3.6551133e-05,-1.717779e-06,0,0,3.8826945,10.412563,17.504204,3.3769221,2.26824
1977.25,10.526755,4.9520633,3.9745235e-05,-1.4414029e-07,-0.00013933889,0,3.4926507,9.7436657,16.76646,3.9914517,2.4935336
1977.3333,9.677141,5.0931163,4.0768533e-05,0.002068109,0.011975856,1.1903033e-05,3.1203277,9.1059608,16.034737,3.6295778,2.3283831
1977.4167,8.6926194,5.4101199,4.2468328e-05,0.39250712,1.5072184,0.1621956,2.7926505,8.4878159,15.295742,8.0510823,4.3095891
1977.5,8.834444,6.1891009,4.0627216e-05,0.63234342,2.0358221,0.31189286,2.6138046,7.8881907,14.532655,11.366393,22.496477
1977.5833,10.065703,6.9145919,3.6836514e-05,0.58294505,1.7347912,0.28813894,2.4801719,7.331953,13.670982,9.6860443,21.077251
1977.6667,11.050253,7.6231523,3.3923712e-05,0.42126411,1.1759,0.20240182,2.3704057,6.9199395,12.972795,10.133753,18.69096
1977.75,11.431405,8.3221579,3.2557065e-05,0.10982666,0.192021,0.033957032,2.3132606,6.5337954,12.337868,8.9689427,10.048629
1977.8333,11.818384,8.7904288,3.4364599e-05,0.00012258002,0,0,2.324291,6.1406193,11.714814,9.6465946,6.4445784
1977.9167,12.099805,9.1875987,3.5804296e-05,0,0,0,2.3381152,5.7892733,11.087774,10.215047,5.1067404
1978,12.154606,9.5165819,3.5381319e-05,-2.4601163e-06,0,0,2.3067055,5.470397,10.43978,4.4187245,1.4449919
1978.0833,11.842069,9.4890296,3.7844638e-05,-4.8996024e-06,0,0,2.2829237,5.1945,9.7981253,5.6055908,1.6838733
1978.1667,11.268755,9.5699634,4.0655123e-05,-1.2405581e-05,0,0,2.2417319,4.9362016,9.1288118,5.6292917,1.5924544
1978.25,10.076676,9.5992079,4.3902644e-05,-8.698189e-05,-9.0312601e-05,0,2.1963177,4.6767154,8.4597626,2.938917,0.29614528
1978.3333,8.8682333,9.5924241,4.5381734e-05,0.039943797,0.06797026,0.0020947855,2.1247523,4.4178233,7.8189926,7.2878313,0.25753597
1978.4167,8.4610451,11.707954,4.4725984e-05,0.97760016,1.5571912,0.19582618,2.0371063,4.1613879,7.2034087,42.609214,21.828987
1978.5,10.501347,13.917008,3.8847647e-05,1.3891295,1.8353142,0.30196001,1.9559609,3.946578,6.6087527,22.49832,42.496927
1978.5833,13.576771,15.314393,3.3225617e-05,1.2541512,1.5406416,0.27609545,1.9619505,3.8619285,6.0249519,18.40185,30.029174
1978.6667,16.599374,16.402192,2.9114532e-05,0.90103098,1.0691221,0.20048399,2.0132508,3.8656249,5.4836183,17.34516,29.730028
1978.75,19.165901,17.200259,2.652166e-05,0.16161245,0.10546762,0.021279836,2.0193214,3.8659866,4.9951267,11.926797,14.857352
1978.8333,20.485217,17.511697,2.5587386e-05,0.012167983,0,0,2.0359182,3.8627498,4.5715451,8.3459603,6.4555809
1978.9167,21.5433,17.699361,2.4908335e-05,0.000118847,0,0,2.0441806,3.8534954,4.2043228,14.977383,14.203673
1979,22.99537,18.401485,2.6707048e-05,2.7088652e-05,0,0,2.0215623,3.8348258,3.879086,10.255951,12.884947
1979.0833,22.446811,17.458888,2.4490946e-05,0,0,0,1.9837996,3.8029704,3.6064472,7.4322777,10.05169
1979.1667,22.739364,17.304029,2.4395087e-05,0.00010867258,0,0,1.9309505,3.7529783,3.3638558,7.3553414,13.319135
1979.25,23.157472,17.441362,2.4166222e-05,7.7414355e-05,2.6211284e-05,0,1.862727,3.6789436,3.136997,7.3285069,18.310514
1979.3333,23.290362,17.568128,2.4228377e-05,0.027390801,0.082531019,0,1.779752,3.5779698,2.9281328,7.4619713,19.548964
1979.4167,23.86204,18.351441,2.4528226e-05,0.98949587,1.0857388,0.18038588,1.7301517,3.4488533,2.7309086,25.57784,60.772894
1979.5,29.463671,20.306967,2.140492e-05,1.9977945,1.9791764,0.59889567,1.7542489,3.310838,2.5408714,25.14381,74.538468
1979.5833,35.445515,21.201979,1.8471635e-05,1.4742951,1.4464822,0.51389437,1.8838941,3.1915836,2.3520472,15.567612,72.82566
1979.6667,41.899782,21.866785,1.6227772e-05,1.1393726,1.1169721,0.38396243,2.0780332,3.1048429,2.168442,15.113976,83.945259
1979.75,49.197379,22.457086,1.4346117e-05,0.51746314,0.46276704,0.16262614,2.3499062,3.0389724,1.9869539,14.042892,96.841374
1979.8333,57.220314,22.848098,1.287226e-05,0.046563179,0,0,2.7695317,2.9849875,1.8201376,11.014558,86.047709
1979.9167,60.097717,22.653669,1.2402485e-05,1.5412561e-06,0,0,3.2435272,2.9399812,1.6761224,16.569783,53.470418
1980,59.198942,21.60164,1.2414649e-05,7.6275082e-06,0,0,3.7072368,2.9015417,1.5524285,8.9690495,37.246571
1980.0833,59.418786,21.09153,1.2412181e-05,2.1410692e-05,0,0,4.2722073,2.8709378,1.4550568,8.0980649,26.875663
1980.1667,59.037145,20.701075,1.2461566e-05,6.3397594e-06,0,0,4.9123206,2.8450742,1.3770829,7.0679617,11.077518
1980.25,58.211584,20.325426,1.2611285e-05,7.7176962e-06,0,0,5.6020379,2.821785,1.3150926,6.8583217,14.001208
1980.3333,58.355458,20.299416,1.2528058e-05,0.0020563918,0.069715325,0,6.2415576,2.8001053,1.2708884,6.4085344,10.962751
1980.4167,59.183836,21.028977,1.235645e-05,0.94267956,0.9939616,0.31511732,6.4330239,2.7780013,1.2426943,29.400453,87.968859
1980.5,75.106628,22.288263,1.0345328e-05,2.1614004,2.1685113,0.8519396,6.8610559,2.7584624,1.2298177,12.607113,276.96727
1980.5833,98.282084,22.707459,8.3241157e-06,1.8135919,1.8332585,0.7203417,8.0068884,2.7424495,1.2355174,12.450693,264.1928
1980.6667,115.00397,23.09512,7.2486714e-06,1.121717,1.1669307,0.44298133,9.2174644,2.7250731,1.2619574,12.41878,166.52675
1980.75,122.10926,23.435641,6.8543791e-06,0.36430322,0.055390887,0.017858311,10.425748,2.7117159,1.3099313,10.97018,69.268918
1980.8333,125.04728,23.563681,6.728184e-06,0.0032924898,0,0,11.804805,2.7015028,1.3808422,8.8764077,66.747298
1980.9167,123.48132,22.93532,6.7894553e-06,0,0,0,13.450826,2.6940212,1.4766397,9.6630852,25.604946
1981,118.47347,22.290552,7.0044302e-06,0.00036492775,0,0,15.499569,2.6893694,1.600673,6.4532268,7.4611127
1981.0833,115.31001,21.898709,7.1495824e-06,5.8369637e-05,0,0,17.821379,2.6888764,1.7451314,7.0808706,8.741124
1981.1667,110.1526,21.134971,7.4252926e-06,9.5551573e-06,0,0,20.196913,2.6934109,1.9174633,6.5990955,8.6246006
1981.25,107.69715,20.921189,7.554173e-06,8.3804415e-06,0.0035628537,0,22.938915,2.7045054,2.1250777,5.3799048,0.0016445331
1981.3333,101.85728,20.251885,7.814645e-06,0.0009654393,0.076138563,0,24.8902,2.7224097,2.3637443,5.2082362,2.4043523e-07
1981.4167,83.522908,18.866107,9.0713538e-06,1.2101251,1.569966,0.52383613,23.934074,2.751797,2.6333435,31.445048,103.33046
1981.5,97.341523,19.906741,7.9007514e-06,1.7988564,2.2262448,0.92965095,27.701605,3.0208292,2.9361963,9.9543579,224.96053
1981.5833,116.74982,20.152053,6.7653514e-06,1.5506046,1.946785,0.80489016,33.175842,3.4395514,3.284929,10.075463,236.43232
1981.6667,131.71101,20.340707,6.0420148e-06,0.98047264,1.1294773,0.45377941,37.849899,3.8924909,3.680171,9.8111133,154.59337
1981.75,136.3014,20.512188,5.8437436e-06,0.18580508,0,0,42.048611,4.3925838,4.1285458,8.4330587,41.708219
1981.8333,137.98697,20.533549,5.7931629e-06,0.00034091759,0,0,45.947975,4.9503078,4.6242108,7.2982172,48.715519
1981.9167,139.7098,20.400977,5.7379862e-06,7.8332752e-10,0,0,49.708817,5.5807281,5.1721601,6.7422727,41.579578
1982,137.32032,20.011403,5.7780885e-06,5.4307273e-05,0,0,54.056011,6.3115983,5.7864647,5.2308666,1.0631004
1982.0833,131.98049,19.28932,5.9544877e-06,0.00013532897,0,0,58.50407,7.1024036,6.4289441,4.9610957,1.6737022e-05
1982.1667,125.90456,18.458299,6.1778551e-06,4.2731072e-05,0,0,62.706772,7.9924841,7.1387095,4.7474258,1.2451038e-06
1982.25,122.00379,17.937917,6.3267489e-06,2.7951671e-06,0.0053964501,0,67.092735,9.0106382,7.9328761,4.6137002,0
1982.3333,118.19481,17.386198,6.4665269e-06,0.0087660972,0.079349445,0,70.938789,10.121748,8.7661037,4.513298,0
1982.4167,114.84276,17.63303,6.6105331e-06,0.87843077,1.4442975,0.31275774,74.42775,11.268427,9.616044,31.865861,59.466757
1982.5,132.05793,18.751122,5.8438372e-06,2.0158146,2.7581258,1.2116136,77.95237,12.43149,10.484026,9.3747518,349.25222
1982.5833,159.50018,18.75571,4.9628593e-06,1.5544179,2.1866101,0.96417765,83.370094,13.67817,11.422638,9.3736936,342.74736
1982.6667,179.33407,18.76419,4.4334588e-06,0.91377074,1.3459388,0.5730778,88.91674,15.013602,12.422027,9.35589,174.31196
1982.75,183.18035,18.670002,4.2762263e-06,0.13759389,0.18605634,0.070616524,93.809929,16.497519,13.498825,5.8003385,17.440839
1982.8333,180.89986,18.37885,4.3154901e-06,0.00034022005,0,0,99.761467,18.174309,14.592893,4.7961043,3.6067185
1982.9167,177.37746,17.974481,4.3814957e-06,3.1925493e-05,0,0,105.99397,20.102072,15.678465,4.6253307,0.019831679
1983,167.02394,16.883785,4.5483521e-06,2.3130803e-05,0,0,110.69369,22.356062,16.784258,4.3431844,0
1983.0833,159.01634,16.025228,4.7223411e-06,0.00014746921,0,0,115.66762,24.798357,17.863592,4.1223519,0
1983.1667,151.24212,15.186227,4.8962115e-06,3.0205259e-05,0,0,120.52816,27.557152,18.944817,3.9065463,0
1983.25,129.87749,13.114446,5.379045e-06,2.1148957e-05,0.0069924047,0,107.34576,30.736626,20.095179,3.373571,0
1983.3333,72.604433,7.8144018,7.8382636e-06,2.4272397e-05,0.1127194,0,25.951227,33.264175,21.420513,2.0100184,0
1983.4167,68.330728,7.8034583,8.2402521e-06,0.58552945,2.092145,0.65753874,20.893291,34.10659,22.886686,14.831994,44.705984
1983.5,76.195978,8.0666738,7.5231483e-06,0.87398039,2.9705193,1.3389779,21.982307,34.882732,24.619061,4.0369292,144.07584
1983.5833,86.565338,8.0462703,6.7063561e-06,0.57153892,2.0120868,0.90636761,23.38833,35.70015,26.89617,4.0223038,106.11433
1983.6667,93.366273,8.0418494,6.0869679e-06,0.37817749,1.3074667,0.55202502,24.322186,36.56966,29.741617,3.7345,58.665711
1983.75,94.455749,8.0294926,5.9118215e-06,0.078105618,0,0,25.250872,37.5392,32.956257,3.2551307,0.45978395
1983.8333,93.884766,7.9386076,5.9395688e-06,1.5440233e-05,0,0,26.498148,38.643383,36.006992,2.0420439,0
1983.9167,92.403263,7.739645,5.9964045e-06,6.2708615e-07,0,0,27.770657,39.908768,38.852398,1.9908679,0
1984,87.849699,7.2856876,6.0991915e-06,4.0781244e-08,0,0,28.417009,41.366302,41.58786,1.8740878,0
1984.0833,75.854234,6.2260902,6.6652074e-06,1.3242122e-09,0,0,27.205133,42.804531,44.12566,1.6014877,0
1984.1667,67.923762,5.4938528,7.1928807e-06,4.6708644e-08,0,0,25.845522,44.116909,46.586575,1.1019421,0
1984.25,64.875983,5.1123197,7.4714994e-06,1.3024731e-08,-1.5554636e-05,0,24.56875,45.260048,49.02248,0.79860092,0
1984.3333,60.575366,4.6099639,8.1840108e-06,0.00044940288,0.090514904,0,22.368109,45.890736,51.362232,0.77307701,0
1984.4167,59.267789,4.7084647,8.6111186e-06,0.3269474,2.0079887,0.44303102,21.413164,46.133446,53.603607,7.7980436,21.745279
1984.5,62.192157,4.8694843,8.2835768e-06,0.5102245,3.0209255,1.0380159,20.713488,46.089291,56.337643,2.7434061,63.831723
1984.5833,65.98822,4.9087992,7.5267758e-06,0.3667622,2.2218309,0.76610193,19.601204,45.770645,60.824188,2.961005,52.803583
1984.6667,68.606265,4.9706297,6.8524423e-06,0.27126443,1.6726691,0.55859347,18.413042,45.202961,67.138382,2.90988,30.121326
1984.75,69.745004,4.9766274,6.545723e-06,0.069082164,0.2440258,0.079912453,17.311062,44.411686,74.88633,1.6455889,2.3901454
1984.8333,69.880709,4.9189869,6.5757918e-06,0.0013246477,0,0,16.177277,43.423428,82.355988,1.3661338,0.34485025
1984.9167,69.401629,4.8213662,6.6536018e-06,4.7127468e-05,0,0,14.916751,42.242828,88.91256,1.2758711,0.12723585
1985,67.743137,4.6512741,6.7512542e-06,8.5762474e-07,0,0,13.323902,40.840057,94.633331,1.19632,0
1985.0833,64.340793,4.3630907,6.9956227e-06,7.7410839e-06,0,0,11.547595,39.287388,99.399849,0.98804534,0
1985.1667,58.096517,3.9029324,7.4569816e-06,6.8824594e-07,0,0,9.3971224,37.477711,103.92169,0.82871648,0
1985.25,41.886434,3.6937508,8.6610007e-06,1.1174762e-08,-2.7372329e-07,0,6.8979406,35.306568,108.25252,0.88812369,0
1985.3333,17.043347,3.4539225,1.1724937e-05,7.0975895e-06,0.086394117,0,4.1156626,32.67065,112.33187,0.88819289,0
1985.4167,3.1391364,3.5356653,1.6015985e-05,0.14549146,1.3223859,0.13216116,3.6530194,29.691174,115.82568,6.9762561,0.013366411
1985.5,3.3192565,4.3776999,1.6839045e-05,0.4990138,3.4353926,0.72846625,3.551029,26.879116,119.78866,18.847408,6.6226441
1985.5833,5.2475752,5.3484943,1.5316225e-05,0.44648207,2.5769825,0.66691474,3.8747196,24.321947,126.31403,4.1854588,8.8628983
1985.6667,7.0903525,5.5260528,1.3841072e-05,0.27476077,1.4010916,0.35979042,4.2729301,22.089685,134.87819,4.0535087,5.1683812
1985.75,8.7562464,5.6580333,1.319934e-05,0.068638087,0,0,4.5882068,20.108105,143.24913,2.9994744,2.5834144
1985.8333,10.212247,5.7219169,1.3026579e-05,0.00038053349,0,0,4.816031,18.347029,149.84801,2.7733764,2.5050278
1985.9167,11.384013,5.7336632,1.2951751e-05,1.6568909e-05,0,0,4.9520345,16.782551,154.99893,5.3228777,4.3448247
1986,11.96324,5.9664664,1.2830012e-05,3.6933617e-11,0,0,4.8796225,15.366858,159.08914,2.6744659,5.0642139
1986.0833,12.898363,5.9818951,1.2876082e-05,5.2897206e-07,0,0,4.8767061,14.162654,162.10646,2.6698555,7.3311884
1986.1667,13.408099,5.8352654,1.3173949e-05,2.7373849e-07,0,0,4.7630959,13.082973,164.38794,2.5918195,10.442365
1986.25,14.268531,5.8255713,1.3388095e-05,3.9059629e-06,0,0,4.6568437,12.080176,166.09387,2.5742369,15.358937
1986.3333,15.2477,5.8856127,1.3437376e-05,4.0524626e-05,0.15895479,0,4.1788211,11.184225,167.35846,2.4834714,20.375478
1986.4167,16.263483,6.0315556,1.4146467e-05,0.37893674,2.2326804,0.25451918,3.6310475,10.386039,168.78363,4.6544322,40.344285
1986.5,20.019455,6.3448399,1.3708815e-05,0.70067605,3.7455308,0.76200793,3.348165,9.6892242,170.22931,6.2239367,67.871323
1986.5833,25.367433,6.6809645,1.2171415e-05,0.52490809,2.7761109,0.61344888,3.4096746,9.0984707,171.15558,5.8533361,86.153263
1986.6667,31.33291,6.9618756,1.0662533e-05,0.31470491,1.6107646,0.35060557,3.6935194,8.6405973,170.99411,4.4250652,67.866281
1986.75,37.652936,7.119983,9.7524253e-06,0.038837488,0,0,4.1247072,8.3057098,169.8916,3.4827202,75.511626
1986.8333,41.067589,7.1803643,9.4610368e-06,0.0067623381,0,0,4.6600585,8.1041737,168.56514,2.1345191,0.58590279
1986.9167,41.272782,7.1756546,9.4879024e-06,0.00025813248,0,0,5.2379251,8.0589771,167.13152,2.6284484,1.8670229
1987,40.037602,7.0280628,9.5490395e-06,8.1614075e-06,0,0,5.7614732,8.1820345,165.54929,2.0967258,1.3349682
1987.0833,39.484967,6.9011608,9.680025e-06,4.5069613e-06,0,0,6.3813176,8.4604902,163.91814,2.0579881,1.7586784
1987.1667,38.280047,6.6718026,9.9409444e-06,1.086829e-06,0,0,6.9784946,8.8957748,162.15768,1.9899088,2.3737306
1987.25,37.588693,6.5498957,1.0156553e-05,2.1994155e-06,0.012221381,0,7.5708666,9.4913216,160.20369,1.9350277,2.8312011
1987.3333,36.669739,6.4568236,1.04213e-05,0.019639791,0.22946557,5.7214115e-08,7.4532709,10.14955,157.95914,2.4830177,0.67294906
1987.4167,36.972705,7.1364515,1.0931695e-05,0.66793084,3.5351565,0.46877383,7.2627563,10.718341,155.26324,14.650325,55.287337
1987.5,45.028273,7.6775276,9.9110903e-06,0.80609465,3.9029634,0.79171744,7.6946201,11.22941,152.06728,7.5530209,135.9656
1987.5833,56.461748,7.9311114,8.4962749e-06,0.66746089,3.3065377,0.6635232,7.959691,11.696092,148.26784,4.1398352,137.2749
1987.6667,65.473758,8.0593191,7.511987e-06,0.38513342,1.4524333,0.28144745,8.481164,12.125678,144.12134,4.1153443,69.531858
1987.75,69.43626,8.1697488,7.2088988e-06,0.18189738,0,0,8.9254599,12.573819,139.96835,3.7273011,30.647867
1987.8333,71.131162,8.1813214,7.1378035e-06,0.0036099074,0,0,9.368928,13.063469,136.08723,2.3311602,13.861688
1987.9167,71.159199,8.0928309,7.1519989e-06,5.3552163e-05,0,0,9.8694706,13.613837,132.40436,2.1250462,0.22319363
1988,69.971636,7.9674022,7.1620902e-06,0.00018714789,0,0,10.321701,14.243636,128.79066,2.0594468,0.094238534
1988.0833,68.229623,7.7334987,7.3153569e-06,1.506349e-05,0,0,10.57047,14.88896,125.42054,1.9947344,0.072716785
1988.1667,64.924724,7.3444224,7.5853845e-06,3.9748369e-07,0,0,10.457239,15.497232,122.08356,1.8944974,0.10364358
1988.25,62.397785,7.074846,7.8278044e-06,3.8247618e-06,0.026786803,0,10.308928,16.059708,118.64058,1.8210818,0.036919176
1988.3333,25.629451,2.965149,1.0326065e-05,0.015346344,0.42666586,0.0088640043,6.3119922,16.378061,114.98686,1.4648618,0.010240488
1988.4167,18.616876,2.4689103,1.2945925e-05,0.2450796,4.2456357,0.56334984,5.4820547,16.408192,110.83626,4.1346595,18.692861
1988.5,21.418776,2.7345689,1.1939566e-05,0.3045306,4.7237618,0.85119079,6.0655842,16.435656,106.12607,4.0826317,57.344519
1988.5833,24.459267,3.0300862,1.0679079e-05,0.23066275,3.3699935,0.60987451,6.677002,16.51605,100.6563,3.6144784,40.835626
1988.6667,25.559342,3.2788019,9.7335587e-06,0.15599249,2.1855043,0.38453686,7.0804925,16.6063,94.772667,3.3063974,22.461811
1988.75,24.708614,3.4265716,9.3154149e-06,0.02974441,0.16197482,0.026294031,7.2347155,16.604647,89.007332,1.4306779,2.2294228
1988.8333,22.941757,3.4556952,9.5120386e-06,4.0295164e-05,0,0,7.3511667,16.509254,83.863365,0.9080466,0.1218726
1988.9167,22.408661,3.4423152,1.0159735e-05,6.328967e-21,0,0,7.4936008,16.342779,79.370583,0.88482906,0
1989,21.738531,3.3097356,1.0599525e-05,8.8760508e-05,0,0,7.3216734,16.157812,75.403862,0.85071124,0
1989.0833,20.137191,2.984562,1.2189301e-05,-9.1685163e-13,0,0,7.0149784,15.965663,72.059563,0.76704209,0
1989.1667,20.089982,2.934278,1.3208415e-05,-8.0557628e-12,0,0,6.8964639,15.739611,69.042122,0.75409438,0
1989.25,17.929368,2.7046583,1.4679523e-05,-8.0905111e-11,0,0,6.3200483,15.429305,66.162918,0.69500317,0
1989.3333,12.448445,2.1471581,1.7200264e-05,1.7200414e-06,0.10593684,0,4.7276731,14.802985,63.458672,0.55153961,0
1989.4167,9.7728707,2.0581742,1.9683377e-05,0.099140593,2.1108414,0.079958127,3.5876074,13.951163,60.872543,6.7700827,0.093202227
1989.5,9.7884629,2.7328748,2.027194e-05,0.23487779,3.5901038,0.29184033,3.3660014,13.104103,58.371895,4.9612415,8.8220569
1989.5833,10.367428,2.9979122,1.8804209e-05,0.23480338,3.3265561,0.3083187,3.281374,12.286014,55.887161,3.2620528,14.923874
1989.6667,10.622563,3.2639583,1.7705515e-05,0.17982079,2.4313447,0.22372923,3.2237968,11.515075,53.480579,3.2186711,11.775828
1989.75,10.05042,3.4809988,1.7042561e-05,0.062670163,0.66775718,0.064445828,3.1929014,10.772114,51.099812,2.1366038,3.8100156
1989.8333,8.7556625,3.5923687,1.7275195e-05,5.1878077e-05,0,0,3.167145,10.05121,48.731873,1.3713699,0.88147792
1989.9167,7.4956161,3.6853619,1.7747163e-05,0.00012445802,0,0,3.200563,9.3478708,46.35981,2.1926793,1.4817791
1990,7.2997315,3.6152271,1.7667355e-05,6.0405771e-09,0,0,3.1270463,8.688159,43.937206,1.3637655,1.9068858
1990.0833,7.5071985,3.3755607,1.7826154e-05,2.3940548e-07,0,0,3.0499346,8.1405735,41.623234,1.2616873,2.4614836
1990.1667,7.6137446,3.1710891,1.8149482e-05,3.3593555e-07,0,0,2.9581418,7.660327,39.310814,1.1731482,3.2468731
1990.25,8.2263965,3.2509607,1.8231045e-05,1.2265707e-07,0,0,2.8851101,7.2183342,36.930969,1.1664122,4.5813093
1990.3333,8.7177968,3.3584624,1.8146662e-05,0.0097807718,0.32838207,-4.2616649e-07,2.7306519,6.8176298,34.56316,1.8309054,6.8059324
1990.4167,9.3728555,3.9235237,1.87431e-05,0.38391109,4.5087491,0.30353597,2.540123,6.4461732,32.211372,9.8996455,18.515485
1990.5,11.49853,4.6059177,1.7488026e-05,0.48668286,4.8574116,0.45204773,2.5142491,6.1150265,29.9007,7.8712755,39.251648
1990.5833,14.941596,5.4942565,1.5719805e-05,0.44784111,3.9720945,0.37338248,2.4771152,5.8476143,27.65003,12.578004,49.436539
1990.6667,18.761979,6.3522621,1.4313255e-05,0.29828989,2.3359238,0.21378175,2.5072131,5.5801358,25.539436,10.228812,37.10312
1990.75,21.802118,6.9164508,1.3520755e-05,0.088532324,0,0,2.5675156,5.3584452,23.526218,4.7901772,22.003081
1990.8333,23.783192,7.1090423,1.3171365e-05,0.0041807953,0,0,2.6146595,5.1805983,21.60199,3.3098402,18.671059
1990.9167,24.116857,6.913621,1.3135002e-05,8.7489235e-06,0,0,2.6490068,5.0387764,19.770515,3.0067665,8.0881285
1991,23.275606,6.7358473,1.3229016e-05,2.9348759e-06,0,0,2.6638553,4.9237471,18.071646,1.998399,1.5947486
1991.0833,21.973262,6.3562039,1.3690146e-05,4.7977283e-09,0,0,2.642427,4.8301597,16.611935,1.7693523,1.0560962
1991.1667,21.489536,6.2735486,1.3968507e-05,1.9381024e-09,0,0,2.6181843,4.7385669,15.285181,1.6121768,9.7988645e-05
1991.25,21.169037,6.3033211,1.4144856e-05,-3.3496292e-09,0.025972635,0,2.5828621,4.6395206,14.027149,1.6198042,0.00010592125
1991.3333,20.795381,6.4037065,1.4375649e-05,0.023963522,0.43759505,0,2.4751649,4.5293007,12.868159,3.2820341,0.0017110601
1991.4167,21.52212,7.2742808,1.5006002e-05,0.65288638,4.567797,0.29331179,2.3493092,4.4033704,11.791823,17.279977,46.177815
1991.5,26.305707,8.5449293,1.3901635e-05,0.95479973,5.8804126,0.51068282,2.371192,4.2707639,10.790357,15.426536,47.044026
1991.5833,30.439008,9.6479692,1.2686719e-05,0.82071734,4.6134976,0.40791274,2.4289796,4.1630888,9.8603392,15.081253,44.920618
1991.6667,34.500502,10.721645,1.172871e-05,0.60293116,3.1675503,0.28094151,2.4772825,4.0880594,9.0667744,15.224997,45.598216
1991.75,38.079835,11.660589,1.1034168e-05,0.1543634,0.54325745,0.046187232,2.5193758,4.0512257,8.3777962,11.042744,29.295109
1991.8333,39.523225,12.030409,1.0853377e-05,0.0018008498,0,0,2.535213,4.0607977,7.7687216,5.7762266,9.9289715
1991.9167,40.389236,12.225142,1.0799917e-05,3.5180133e-05,0,0,2.5454714,4.0670028,7.2489738,10.397887,24.561209
1992,42.374764,12.81019,2.8519278e-05,0.00027149369,0,0,2.5540669,4.0679812,6.7997398,11.771537,30.022581
1992.0833,41.081522,12.425396,2.853242e-05,3.2882464e-05,0,0,2.5318809,4.0603533,6.4273663,5.8873792,7.7046762
1992.1667,39.324652,11.949127,2.9453238e-05,2.3660364e-05,0,0,2.5002058,4.0383425,6.0959935,3.0736736,0.022987471
1992.25,38.226184,11.909964,3.002556e-05,0.0036554517,0.03008054,0,2.4460509,3.9951427,5.780375,3.0635577,0.029336241
1992.3333,35.537586,12.171838,3.1608808e-05,0.23003637,1.3941158,0.028022165,2.3118014,3.9251819,5.4760752,13.979463,0.2277242
1992.4167,37.670035,15.395083,3.1111224e-05,1.6825844,6.310678,0.53479333,2.1676559,3.8236485,5.1662221,71.895441,166.84583
1992.5,46.876293,19.944206,2.164294e-05,2.20099,6.5082658,0.90402686,2.1004879,3.7113492,4.852716,41.530176,94.82163
1992.5833,54.54085,22.807119,1.0013621e-05,1.668073,4.5779713,0.76355084,2.1027961,3.6163352,4.6181617,42.471095,93.377252
1992.6667,62.483303,25.74007,1.0339257e-05,1.0395938,2.0624032,0.35173989,2.1971259,3.5432215,4.5168686,45.092643,98.994871
1992.75,69.841795,28.437613,9.6622744e-06,0.2577333,0,0,2.2215979,3.5250328,4.4232664,38.297435,79.342751
1992.8333,75.283505,30.510915,9.0794392e-06,0.006481946,0,0,2.2329943,3.5290351,4.3220587,36.23812,69.254668
1992.9167,77.883512,31.528618,8.8527204e-06,4.6635035e-06,0,0,2.2356958,3.5315142,4.2257462,25.772642,42.262067
1993,74.116081,30.181883,9.1406337e-06,0.013006001,0,0,2.2151351,3.5210006,4.1271811,7.7766416,0.05412436
1993.0833,67.551509,27.621634,9.7102038e-06,0.014428143,0,0,2.180938,3.5012448,4.0370879,7.1168625,0.074330824
1993.1667,66.078432,27.285041,9.8805995e-06,0.012114044,0,0,2.1376202,3.4641628,3.9568527,7.0302258,0.11003166
1993.25,63.561201,27.015693,1.0131312e-05,0.030266211,0.21467482,0,2.0725803,3.3873303,3.8756285,6.9567032,0.065909339
1993.3333,57.769269,28.33741,1.0784092e-05,0.79819686,2.2612638,0.10203793,1.9859961,3.2781489,3.7715721,53.353093,1.5885567
1993.4167,57.766739,32.947015,1.0876167e-05,3.4264832,6.8883902,1.1431923,1.9405901,3.1594627,3.6259606,56.581079,91.486289
1993.5,61.317712,34.805898,1.0433599e-05,3.3325131,6.5126191,1.2829059,1.9437056,3.0588515,3.4786017,30.878852,44.972986
1993.5833,64.144418,36.187004,9.9485496e-06,2.4339379,4.7518515,0.94011872,1.9463844,2.9697506,3.3437831,30.66294,43.39662
1993.6667,66.900827,37.514064,9.5333189e-06,1.5989998,2.6966655,0.51952779,1.949851,2.8931723,3.2232628,30.708848,44.019179
1993.75,69.326714,38.618788,9.270374e-06,0.67729195,0,0,1.9549031,2.8274632,3.1152184,24.67583,32.045749
1993.8333,70.392706,38.977351,9.1764196e-06,0.1041509,0,0,1.9605246,2.7745941,3.0207818,19.371446,19.514682
1993.9167,71.195126,39.145779,9.115628e-06,1.890554e-06,0,0,1.9658456,2.7315433,2.941061,31.112641,42.159373
1994,73.049441,40.018152,8.945377e-06,0.00045877769,0,0,1.9722099,2.6958413,2.8724904,17.276223,29.081384
1994.0833,74.255444,39.761521,8.8533197e-06,0.012715059,0,0,1.9830436,2.6688552,2.8170094,17.761404,35.402135
1994.1667,75.181261,39.153617,8.786471e-06,0.0037578282,0,0,1.9988638,2.6480019,2.7691741,18.861269,45.556482
1994.25,78.01073,39.111409,8.5737311e-06,0.013635849,0.030438417,0,2.0248425,2.6318603,2.7253985,18.576894,57.666066
1994.3333,82.352825,39.393075,8.2189063e-06,0.49725618,0.90146632,0.11237619,2.0668266,2.62082,2.6860332,21.514632,78.070044
1994.4167,89.641027,39.881986,7.7009427e-06,3.2779599,6.32873,1.3307596,2.1396656,2.6157172,2.6505671,21.680498,127.08935
1994.5,99.980868,40.344492,7.0410879e-06,3.1807791,6.1504054,1.2796523,2.2674398,2.6205716,2.6244042,22.922282,156.49543
1994.5833,112.93979,40.861774,6.3599641e-06,1.8278845,3.6734947,0.74800919,2.4636226,2.644304,2.6108053,22.762039,190.57437
1994.6667,129.18968,41.326303,5.6953213e-06,1.589834,3.2492035,0.64029009,2.7511046,2.6875587,2.6123276,22.595447,252.03123
1994.75,152.38661,41.740317,5.0053586e-06,0.32463884,0.16258238,0.031663739,3.2289436,2.7550244,2.631902,21.340824,379.17347
1994.8333,173.66245,41.388072,4.5107831e-06,0.013490782,0,0,4.0520048,2.8604145,2.6802552,15.655403,133.73947
1994.9167,161.4434,38.513456,4.7635781e-06,6.9095959e-06,0,0,4.9845123,3.0207949,2.7698836,18.820746,22.141739
1995,152.7337,36.92757,4.971107e-06,0.00026796212,0,0,6.0772848,3.2510023,2.9151649,12.830565,11.934767
1995.0833,141.25615,34.373667,5.2707401e-06,8.0428119e-06,0,0,7.1182022,3.5316014,3.1047237,12.628205,11.633017
1995.1667,131.97079,32.224309,5.5464679e-06,4.501104e-06,0,0,8.1894064,3.8698072,3.3493485,10.937523,9.0499429
1995.25,125.19085,30.69447,5.7770176e-06,0.0013443902,0.016915583,0,9.2851763,4.2693977,3.6683156,10.154893,8.7117332
1995.3333,122.52704,30.289572,5.889653e-06,0.16081736,0.51721052,0.029480628,10.11481,4.6857924,4.0148048,14.346521,8.4705802
1995.4167,123.20379,32.49348,5.9168906e-06,2.2003607,6.0236105,1.3064619,10.274309,5.0606079,4.3265533,51.985275,128.22138
1995.5,139.68103,33.627868,5.3553936e-06,2.5580349,6.9040112,1.5981836,11.216464,5.3955607,4.5932407,19.085099,298.85184
1995.5833,163.01814,33.981014,4.709621e-06,2.010882,5.5424631,1.2745798,12.598498,5.7090564,4.8351355,17.936672,266.12532
1995.6667,178.16623,34.253959,4.3558744e-06,1.3880714,3.9733567,0.87828826,13.759022,5.9367223,5.0555668,17.508097,172.76901
1995.75,184.57542,34.397539,4.2020433e-06,0.39598933,1.0500161,0.22067662,14.765218,6.1287704,5.2663732,14.573501,53.43111
1995.8333,184.11556,34.225836,4.1988892e-06,0.039087092,0,0,15.783277,6.3320708,5.4742503,12.378897,28.631674
1995.9167,183.76136,34.024488,4.1853777e-06,5.7520385e-07,0,0,16.996393,6.5564098,5.684145,18.421075,53.827796
1996,181.73134,33.627659,4.2217976e-06,4.7847196e-06,0,0,18.184681,6.8126316,5.9021468,11.667066,37.289646
1996.0833,171.5329,31.663045,4.4206927e-06,0.00022704423,0,0,19.408581,7.0907474,6.1156092,9.8776895,10.704784
1996.1667,162.698,30.078359,4.6156533e-06,0.0076657578,0,0,20.646715,7.4025297,6.324924,9.3347068,13.008264
1996.25,158.35921,29.385811,4.70945e-06,0.013237518,0.0098990752,0,22.167938,7.7452321,6.5115271,7.5815671,0.22654766
1996.3333,153.21817,29.24224,4.8208722e-06,0.50184933,2.158365,0.25904111,23.476938,8.119626,6.6645856,31.880325,22.406841
1996.4167,161.16835,30.429402,4.6060486e-06,2.2286792,7.3494862,1.7478071,25.045673,8.7180004,6.7863483,18.120448,283.94458
1996.5,188.41587,30.52933,4.0355908e-06,2.2638142,7.4674568,1.8155047,28.226076,9.6817818,6.8849273,15.336156,396.76392
1996.5833,212.22916,30.656444,3.6147517e-06,1.5960122,5.5659076,1.3068819,31.597574,10.501081,6.9803329,15.456307,282.27971
1996.6667,228.14293,30.782664,3.3511956e-06,1.0312631,2.897147,0.65252379,34.709373,11.306304,7.0851398,15.753613,177.01509
1996.75,232.22665,30.825188,3.2897697e-06,0.30789986,0,0,37.584682,12.187455,7.2086945,11.186381,64.658406
1996.8333,230.60003,30.429468,3.3090462e-06,0.02379094,0,0,40.55711,13.142874,7.3601975,8.3759227,24.810039
1996.9167,226.3107,29.895287,3.3541558e-06,2.9269219e-19,0,0,43.898094,14.195061,7.5465183,7.7579242,2.0600394
1997,212.98103,28.279351,3.4936081e-06,0.00036431137,0,0,46.780209,15.344183,7.7726998,7.2742558,0
1997.0833,202.81643,27.079921,3.625091e-06,0.001181232,0,0,49.644318,16.491045,8.0177088,6.9657078,0
1997.1667,195.27958,26.255423,3.7271386e-06,0.00065761231,0,0,52.629887,17.766438,8.2866039,6.7536231,0
1997.25,170.00435,23.55027,4.0892019e-06,0.010402422,0.060595425,0,50.83815,19.038229,8.581089,6.3208771,0
1997.3333,149.00699,21.72987,4.4594954e-06,0.34918522,1.7651624,0.33526648,47.964287,19.399807,8.8519907,24.88339,5.8242534
1997.4167,151.13454,23.292638,4.2269826e-06,1.7687296,8.5018602,2.0700139,50.357525,19.748201,9.0520315,23.376811,206.17546
1997.5,171.63283,23.58903,3.7082007e-06,1.6431951,7.9102251,1.9621777,55.497265,20.178179,9.1877575,11.996607,324.20364
1997.5833,191.53818,23.640454,3.2797229e-06,1.1516004,5.7022495,1.3977108,60.672218,20.878841,9.2719297,11.403271,213.74066
1997.6667,200.95432,23.644684,3.0273222e-06,0.79056789,3.9847088,0.94969838,64.53688,21.832947,9.3104897,11.105248,121.91857
1997.75,203.12113,23.549212,2.8973145e-06,0.2241947,0.8156133,0.18707413,67.903915,23.093361,9.3117189,8.3323249,18.022317
1997.8333,199.55459,23.181716,2.9260514e-06,0.0094003899,0,0,71.840927,24.685369,9.2801161,5.9630068,0.00013728182
1997.9167,191.7856,22.271765,2.9990697e-06,8.7912864e-20,0,0,75.240463,26.644487,9.221406,5.72897,0.00027187417
1998,173.9393,20.235918,3.1805771e-06,4.9007127e-08,0,0,76.432724,29.005905,9.1339731,5.2051197,0.00025871259
1998.0833,162.41181,18.976318,3.3233932e-06,0.00020128211,0,0,78.429619,31.566385,9.0207357,4.8810487,0.00034603262
1998.1667,144.15124,16.668236,3.557052e-06,8.3594019e-05,0,0,78.559708,34.437637,9.2891741,4.287282,0.00048724326
1998.25,91.736615,12.001155,4.4041763e-06,3.9178028e-08,0.0024831328,0,41.347782,37.634972,10.089396,3.0760277,0.00043565605
1998.3333,83.143964,11.090502,4.6346881e-06,0.0001327968,0.1976464,0,36.036514,41.240082,10.142342,2.7357759,0
1998.4167,80.229364,11.243002,4.7734839e-06,0.44479912,4.6560363,0.9282593,37.357513,45.083588,9.7897978,18.375808,26.093584
1998.5,83.887786,11.906672,4.3060782e-06,0.84380531,8.4473745,2.0285594,39.417103,48.838326,9.4005814,7.5929048,109.4627
1998.5833,90.544634,11.951032,3.8754647e-06,0.48962222,5.0647388,1.224155,42.963207,53.378231,8.9648857,5.9728299,72.98904
1998.6667,94.298698,12.004094,3.5351202e-06,0.4249435,4.424495,1.0313296,45.431412,58.534267,8.4979877,5.9764965,58.943111
1998.75,94.076514,12.056683,3.3762315e-06,0.18256961,0.6404715,0.14811129,47.659233,63.030449,7.9917817,4.7918364,11.790007
1998.8333,87.440103,11.975066,3.4804218e-06,0.028020868,0,0,50.650436,66.366623,7.4359326,3.3807688,0.27506587
1998.9167,78.176513,11.533259,3.6675285e-06,0.00014993831,0,0,53.129467,69.763908,6.826757,2.9960844,0.24228781
1999,72.354615,10.952157,3.8464827e-06,7.5644653e-08,0,0,54.350285,73.313904,6.2078185,2.8165788,0.02967741
1999.0833,61.836649,9.4944453,4.2313723e-06,2.0657149e-09,0,0,51.923019,76.693001,5.6720524,2.3848137,0
1999.1667,47.018003,8.0734584,4.6304508e-06,2.6123472e-12,0,0,38.34763,79.595322,5.1874294,1.7477342,0
1999.25,29.945087,6.6841929,5.2378696e-06,0,0.042109845,0,11.468433,80.369354,4.7279253,1.4237914,0
1999.3333,28.980598,6.5870038,5.4134234e-06,0.0014164567,0.69066388,0,10.732227,80.317154,4.3115435,1.5419085,0
1999.4167,28.153703,7.0029846,6.2347349e-06,0.24523705,5.4160028,0.4813204,10.549539,80.162117,3.9326997,15.321273,9.8206112
1999.5,29.617025,7.6907515,7.0617198e-06,0.35992905,8.2562769,1.114935,11.001186,79.706009,3.5880709,4.4410989,32.170956
1999.5833,30.562013,7.8403493,7.0214583e-06,0.27799266,6.6255218,1.0918262,11.049973,78.868423,3.2754784,4.2382342,39.502288
1999.6667,31.43752,8.0047976,6.361965e-06,0.18428815,4.4516381,0.73303849,10.789685,77.667343,3.0761614,4.3265563,25.421028
1999.75,30.670926,8.1377532,6.1486812e-06,0.061032465,0.083201273,0.012424795,10.527753,76.141396,2.9992642,2.9558569,9.7758615
1999.8333,28.977927,8.1490427,6.3031102e-06,4.161617e-05,0,0,10.334673,74.410591,2.9511497,2.1221752,0.093095099
1999.9167,28.81063,8.0324756,6.6567045e-06,0,0,0,10.124077,72.535378,2.9124808,2.1197646,0.19393326
2000,27.806278,7.687686,7.2606185e-06,0,0,0,9.728014,70.437332,2.8823149,1.989755,0.072745321
2000.0833,26.053825,7.2671166,8.0017289e-06,0,0,0,9.2237644,68.255409,2.8601527,1.8700752,0.0099051519
2000.1667,25.151631,7.1719717,8.4407247e-06,0,0,0,8.8115263,65.883965,2.8393648,1.7333141,0.013226952
2000.25,24.743129,7.1030408,8.7080043e-06,0,-0.0013222703,0,8.2420568,63.260284,2.8176749,1.7082788,0.017181782
2000.3333,23.611907,6.9247521,8.8187699e-06,0.00020979734,0.28430212,4.6793711e-08,6.5040002,60.176849,2.8353405,1.6829812,0.0075114821
2000.4167,23.69855,7.4590761,9.346536e-06,0.25587369,5.7425317,0.41023543,5.4360967,56.355515,2.8803701,15.833293,17.716781
2000.5,26.855446,8.1559019,9.5219148e-06,0.35904183,7.76943,0.77350775,4.8388839,52.494137,2.911648,4.8461343,37.068608
2000.5833,28.795954,8.3803888,9.133706e-06,0.27558195,5.9664188,0.71896056,4.2057076,48.580078,2.9290259,4.9663475,27.529444
2000.6667,24.882341,8.6457515,8.7257504e-06,0.19401189,4.0771862,0.5268515,3.5699885,44.733368,2.9322023,5.6558505,20.326087
2000.75,19.924581,8.8871131,8.5853671e-06,0.054322278,0.46409105,0.06113742,3.4587188,40.896568,2.9207122,3.8466933,7.3521431
2000.8333,19.338092,8.922779,8.7048466e-06,1.2597891e-07,0,0,3.4744465,37.250408,2.8928518,2.5225369,0.74718072
2000.9167,19.751634,8.8757658,8.7678636e-06,0,0,0,3.4394894,33.968006,2.8473184,2.9051324,1.2713811
2001,19.842653,8.8578537,8.751028e-06,0,0,0,3.3189218,30.969725,2.7807279,2.5082671,1.6381276
2001.0833,19.303832,8.8575361,8.9441955e-06,0,0,0,3.2403729,28.395847,2.6946568,2.4851596,2.1979293
2001.1667,16.744671,8.8137109,9.3528652e-06,0,0,0,3.1478953,26.068539,2.581764,2.4720747,3.2406679
2001.25,13.460852,8.8352384,9.7752918e-06,0,0.011657454,0,3.0306489,23.884605,2.4333794,2.4498566,4.1411275
2001.3333,9.0816831,8.834823,1.0025223e-05,0,0.15586857,0,2.8338892,21.903431,2.2480774,2.2711409,0
2001.4167,6.7258733,8.9567387,1.1345566e-05,0.07456968,1.7107198,0.064487646,2.6751785,20.098259,2.0403457,11.857856,1.953622
2001.5,7.1376972,10.250385,1.2655956e-05,0.41851004,7.4685747,0.53822074,2.5728779,18.455004,1.8476266,14.806838,22.936198
2001.5833,8.662085,10.706026,1.2144518e-05,0.37484815,6.2341131,0.58334086,2.6396127,16.955536,1.6704342,10.44723,22.750434
2001.6667,9.6367914,11.436841,1.1067426e-05,0.28183837,4.4612332,0.42192096,2.8452539,15.634401,1.5128927,13.371979,13.520791
2001.75,9.4363838,12.02675,1.0526561e-05,0.08458864,0.6276009,0.058724417,2.9504092,14.432093,1.3728151,7.8015649,3.067399
2001.8333,8.5594421,12.033222,1.1097194e-05,0,0,0,2.8862116,13.312604,1.2494818,3.511757,0.74200797
2001.9167,7.4037691,11.79224,1.3073581e-05,0,0,0,2.7992535,12.264501,1.1406341,4.2451162,1.1885326
2002,5.954721,11.495929,1.4261094e-05,-3.4412107e-13,0,0,2.7190049,11.263641,1.0422833,3.3708317,1.7485573
2002.0833,5.7227779,10.981678,1.476499e-05,0,0,0,2.642998,10.380672,0.95875269,3.2202417,2.4072382
2002.1667,5.8779698,10.669569,1.5683829e-05,0,0,0,2.5625625,9.5782328,0.88425535,3.1285662,3.4008606
2002.25,6.0684001,10.517237,1.6441718e-05,0,-5.682651e-06,0,2.4734819,8.8228979,0.81497878,3.0835936,4.8846794
2002.3333,6.2045068,10.401891,1.6162854e-05,0.015619296,0.15371388,0.002987196,2.3244917,8.1353998,0.75217116,4.612845,7.1092168
2002.4167,6.5248581,11.77197,1.670599e-05,0.51674659,6.3187061,0.21368518,2.2315905,7.5091047,0.69445449,29.451781,16.590753
2002.5,7.7947034,13.100303,1.6101994e-05,0.69398812,7.6311728,0.34276991,2.1799438,6.9433351,0.64236546,12.090952,20.80187
2002.5833,9.4670216,13.741928,1.5083344e-05,0.57607782,6.0434797,0.27731252,2.1577148,6.4387121,0.59607035,13.986683,21.029964
2002.6667,11.089693,14.327374,1.4197391e-05,0.40632514,4.0213926,0.17680752,2.1828527,6.0304632,0.55718076,13.971015,19.703397
2002.75,12.319569,14.862106,1.3596964e-05,0.24256343,0.85262265,0.033226175,2.2036593,5.6888838,0.52495784,11.488512,14.659547
2002.8333,12.927208,15.213431,1.3498099e-05,0.036399394,0,0,2.1984694,5.3958592,0.49919024,7.3683134,9.7303135
2002.9167,13.400571,15.461431,1.3551139e-05,0.003140083,0,0,2.1967213,5.1404777,0.47994137,13.421903,15.731885
2003,14.189095,15.796453,1.351307e-05,0.00032925063,0,0,2.1842926,4.9094343,0.46750242,7.4487876,16.420389
2003.0833,15.690729,16.007042,1.3342386e-05,7.3311911e-05,0,0,2.1724679,4.708847,0.46370551,7.4750361,21.764103
2003.1667,17.414875,16.186833,1.3160847e-05,7.8366267e-06,0,0,2.1587167,4.5209055,0.46972433,7.1961104,22.666486
2003.25,18.54628,16.155086,1.3305758e-05,4.1935494e-05,0.026950949,0,2.135118,4.3313289,0.48867074,6.0198094,13.27446
2003.3333,18.406693,16.157469,1.3299999e-05,0.082709676,0.81798599,0.0031188738,2.0950587,4.1399055,0.52406102,10.879909,4.9874847
2003.4167,21.306494,16.5476,1.2953577e-05,1.0199449,7.7853517,0.23558623,2.0946913,3.9517543,0.57843703,15.15391,105.05801
2003.5,27.708242,16.670544,1.1700475e-05,0.98151828,7.0821031,0.2779379,2.216284,3.8160098,0.65599942,11.866793,73.510516
2003.5833,32.514535,16.486356,1.0726299e-05,0.8311993,5.9746924,0.23759329,2.398751,3.7168486,0.76136822,11.423662,82.380685
2003.6667,37.527755,16.24739,9.8415385e-06,0.56825091,3.7906356,0.14270394,2.6310449,3.6451285,0.89228344,10.971135,65.599997
2003.75,41.646391,16.422609,9.3458384e-06,0.33538221,0,0,2.8597405,3.5858426,1.0505747,8.6558435,41.48472
2003.8333,42.794578,16.613653,9.2774671e-06,0.048862733,0,0,3.0697887,3.5380955,1.2376965,6.9149619,8.201373
2003.9167,41.948136,16.275674,9.3993594e-06,4.9542858e-06,0,0,3.2513418,3.5027575,1.4548993,9.1275864,12.634657
2004,41.663427,16.276628,9.6247759e-06,0,0,0,3.3637261,3.4782755,1.7055097,5.8868041,8.4993356
2004.0833,39.778624,15.450083,9.7574875e-06,0,0,0,3.3490987,3.4646633,1.9699799,5.5741977,10.143315
2004.1667,39.08949,15.030153,9.9170811e-06,0,0,0,3.3419676,3.4595466,2.2577963,5.3614671,12.493613
2004.25,39.279032,14.959493,9.974261e-06,1.2659873e-05,0.021459086,0,3.3247335,3.4615786,2.5693679,4.7041305,5.1542871
2004.3333,38.225677,14.566811,1.0017952e-05,0.033330087,0.58787143,0.00031491306,3.1827059,3.4676642,2.8561292,6.059081,0.16725578
2004.4167,40.587865,15.099797,1.0012702e-05,1.0781028,8.0018062,0.21627346,3.0906363,3.4721668,3.106369,19.956593,89.9962
2004.5,47.043931,14.942563,9.2471755e-06,1.2185992,8.7252825,0.3592181,3.1906884,3.4789574,3.3240438,8.9620296,97.544219
2004.5833,52.386619,14.452592,8.5723805e-06,0.91842739,6.6469073,0.28572177,3.3143618,3.4890518,3.5147834,9.2254668,75.702694
2004.6667,54.567248,14.044778,8.2244314e-06,0.54455617,3.7711808,0.15258528,3.3992934,3.5077999,3.6743727,8.9441848,43.68604
2004.75,57.57951,14.239278,7.9919091e-06,0.24640345,0,0,3.5174704,3.528476,3.8094869,7.7593492,39.797496
2004.8333,59.738159,14.422379,7.8848116e-06,0.0043575819,0,0,3.6372576,3.5437231,3.9247396,6.1614859,29.245637
2004.9167,60.995605,14.439083,7.8325775e-06,7.3019942e-20,0,0,3.7530406,3.5646524,4.0211658,8.2936191,25.249372
2005,60.005557,14.266074,7.8985731e-06,2.2181916e-06,0,0,3.7807279,3.5919669,4.099175,5.1847173,11.169741
2005.0833,58.702372,13.897368,8.0192194e-06,0,0,0,3.750613,3.6237018,4.1512465,4.784623,12.493758
2005.1667,58.808845,13.82869,8.0656228e-06,0,0,0,3.6890242,3.6569986,4.177856,4.2326498,12.672924
2005.25,57.85637,13.551788,8.1561766e-06,0,0.15342634,0,3.4411948,3.6907263,4.1764746,3.677367,7.383653
2005.3333,55.325702,13.062104,8.308637e-06,0.059792739,1.2917575,0.00080680919,3.0050678,3.7222183,4.1424155,8.023674,0.99409793
2005.4167,56.785151,13.709299,8.3585974e-06,1.0818578,7.8731886,0.25434233,2.9065402,3.7509551,4.0727572,16.472914,98.194896
2005.5,63.5226,13.866656,7.8348285e-06,1.2497458,8.8474657,0.37698359,3.0322638,3.7903454,3.9667203,11.53088,106.70397
2005.5833,71.465231,13.960236,7.2290732e-06,1.0184656,7.0611412,0.31219229,3.3155482,3.8259847,3.826144,11.197415,153.54994
2005.6667,78.350514,13.890162,6.7187148e-06,0.57133073,4.0157815,0.17724909,3.6267078,3.8640249,3.6645555,10.612242,82.001891
2005.75,81.515856,14.213902,6.4841884e-06,0.15106862,0.5203045,0.02077974,3.9895878,3.9133821,3.4866111,8.539075,44.744088
2005.8333,82.485281,14.454599,6.438423e-06,0.00048626222,0,0,4.4128237,3.9818578,3.285517,5.6251787,22.069934
2005.9167,81.504621,14.569989,6.4887377e-06,1.5696725e-05,0,0,4.9094844,4.0813084,3.0617411,5.6919973,7.6175786
2006,78.588881,14.418724,6.6065609e-06,8.1333892e-09,0,0,5.4239235,4.2210121,2.8170242,4.2987555,3.4077088
2006.0833,72.258294,13.428544,6.9341559e-06,0.0024481997,0,0,5.8259459,4.3933129,2.5845115,3.9747309,3.3535498
2006.1667,69.794543,13.213351,7.0878896e-06,1.1427338e-06,0,0,6.3409524,4.6047435,2.3570991,3.9092667,4.3195132
2006.25,67.779809,13.047177,7.2223302e-06,0,0.13138856,0,6.8500705,4.8559098,2.1331565,3.439034,0.69400352
2006.3333,64.832494,12.802387,7.474001e-06,0.057429482,1.2041216,0.0024631457,7.2113495,5.0996165,1.9281716,7.5674388,0.10017208
2006.4167,62.342014,14.041741,7.7702425e-06,1.00924,7.4673512,0.23980932,7.6323547,5.3014183,1.7429658,25.457626,55.778573
2006.5,66.854715,15.057182,7.4225013e-06,1.1790426,8.010466,0.42422783,8.6369181,5.4770169,1.5807098,15.962239,120.09563
2006.5833,74.244782,15.810201,6.874207e-06,1.0102291,6.7141494,0.37254837,9.9571609,5.6467414,1.442821,10.730877,97.468166
2006.6667,80.602996,16.381867,6.4772066e-06,0.65061814,4.2859846,0.24437307,11.210304,5.8118711,1.3302654,11.588423,66.515806
2006.75,83.496511,16.904432,6.2799872e-06,0.27827043,1.1071731,0.055731722,11.966763,5.9798932,1.2364613,9.8931035,28.85203
2006.8333,83.893508,17.15992,6.2558493e-06,0.0086878694,0,0,12.63598,6.1467366,1.1581898,7.4009866,11.937754
2006.9167,83.913341,17.351532,6.2611184e-06,6.1252043e-20,0,0,13.218801,6.306685,1.0937065,12.376544,28.792027
2007,81.066258,17.070377,6.3524085e-06,7.2147881e-06,0,0,12.684308,6.4523449,1.0411721,7.2133183,17.461304
2007.0833,79.389267,16.787777,6.4607552e-06,0,0,0,12.192098,6.5726056,1.0035458,5.6120912,9.9935109
2007.1667,76.806262,16.433131,6.5871382e-06,1.8214906e-06,0,0,11.685946,6.6704521,0.97849917,4.2621159,0.26199751
2007.25,63.021466,14.341533,7.2237481e-06,0,0.090939413,0,7.1900463,6.7435193,0.96465087,3.6871721,0
2007.3333,51.547244,12.546584,8.0515902e-06,0.038512137,1.017324,0.00012291397,2.9819207,6.7820559,0.95965755,4.950516,0.00047995595
2007.4167,52.96408,13.496201,7.9511537e-06,0.88291967,7.3709914,0.34423945,2.8814843,6.7791238,0.96569878,17.324769,72.179339
2007.5,58.536667,14.090683,7.461575e-06,1.1540456,9.2990381,0.57454758,2.8724818,6.7394185,0.98371339,11.036629,68.305822
2007.5833,63.732378,14.884629,7.0028336e-06,0.9813823,7.7464643,0.48420255,2.7589638,6.6639242,1.0151321,13.774224,78.556136
2007.6667,66.149071,15.789744,6.7182691e-06,0.67058799,5.2326981,0.32086147,2.6500342,6.5499973,1.0596412,15.743906,59.96724
2007.75,67.703083,16.659349,6.5609715e-06,0.16905782,0.7780793,0.04364468,2.6133049,6.4254675,1.1180094,12.160443,41.665998
2007.8333,68.827972,16.999781,6.5097515e-06,0.0075622494,0,0,2.6221128,6.3076472,1.1898569,7.5015822,17.038357
2007.9167,69.249555,17.125942,6.492613e-06,0.0019876478,0,0,2.6320205,6.2029943,1.2745475,9.1850962,24.984586
2008,66.615589,16.774215,6.5877739e-06,0.00075785108,0,0,2.6109421,6.1090784,1.3696817,5.4499384,19.073818
2008.0833,65.429799,16.290262,6.6431949e-06,0.00026496712,0,0,2.606704,6.0296831,1.458376,4.7436209,13.614683
2008.1667,64.698823,16.147681,6.6808052e-06,3.0609115e-05,0,0,2.6029937,5.9573879,1.5428747,4.1636092,0.072077474
2008.25,63.898645,16.098641,6.7219235e-06,0.00033987567,0.15068421,0,2.5871284,5.8852868,1.625685,4.1391345,0
2008.3333,63.012958,16.105324,6.7864871e-06,0.088578194,1.2212503,0.0014090761,2.5469337,5.8100209,1.702162,7.6858494,0.0013517287
2008.4167,63.923351,17.259685,6.7822098e-06,0.9673821,7.3870083,0.36872045,2.5111513,5.7254486,1.766387,23.2717,73.829223
2008.5,69.638215,18.2945,6.4440615e-06,1.1612409,8.383342,0.55796137,2.5381858,5.6353698,1.8167801,15.862945,56.603494
2008.5833,73.853739,19.217122,6.1775913e-06,1.0306501,7.2333635,0.48428581,2.5671933,5.5543146,1.8548534,17.476219,59.006749
2008.6667,78.063451,20.148555,5.9280505e-06,0.70657226,4.7951775,0.31610435,2.5964136,5.4848332,1.879782,17.626841,58.006869
2008.75,81.09241,20.903649,5.7768016e-06,0.1002718,0,0,2.6206045,5.4240975,1.8921604,12.05835,32.442712
2008.8333,81.434749,21.137716,5.7654861e-06,0.0062521864,0,0,2.6296248,5.3703504,1.8919929,9.176541,20.291423
2008.9167,81.451871,21.325689,5.7644975e-06,0.00050221272,0,0,2.6398137,5.3229556,1.8786603,13.758553,43.653198
2009,77.921353,20.986175,5.8594997e-06,0.00045498467,0,0,2.6373751,5.2813697,1.8507284,7.6153195,22.992598
2009.0833,73.987193,20.006759,6.0137277e-06,5.6166985e-05,0,0,2.6177144,5.2498999,1.8096664,5.2410774,5.7847332
2009.1667,72.06969,19.506227,6.0978227e-06,0,0,0,2.6024768,5.2259436,1.7528579,5.0158186,4.8813227
2009.25,69.573745,19.206641,6.2006452e-06,0,0.15131105,0,2.586503,5.2029505,1.6764007,4.9387384,0.16138785
2009.3333,66.83211,19.157192,6.3405164e-06,0.073188586,1.805356,0.0014299201,2.5645642,5.174809,1.5799971,9.3353756,0.10776471
2009.4167,67.457341,20.419082,6.3590937e-06,1.2140542,8.6332342,0.47473976,2.5532551,5.1362162,1.4680325,24.733493,84.987545
2009.5,72.833933,21.384936,6.0793359e-06,1.4735855,9.7882259,0.69833445,2.59484,5.0743122,1.3632208,18.112394,57.750399
2009.5833,77.041171,22.45014,5.8443256e-06,1.0786151,7.189927,0.51027515,2.6306233,5.0101743,1.2690501,20.875546,63.004978
2009.6667,81.1643,23.551028,5.6214476e-06,0.76550245,5.0268315,0.35089361,2.6661987,4.9568076,1.1873114,20.72332,63.068133
2009.75,84.625438,24.477508,5.4656962e-06,0.34982783,0,0,2.6959288,4.9113441,1.1160512,15.876482,39.686217
2009.8333,85.975327,24.839208,5.4266611e-06,0.0021618446,0,0,2.708781,4.8729181,1.0562636,12.392422,27.303116
2009.9167,86.995125,25.083883,5.4018883e-06,0.00052010185,0,0,2.7207973,4.841258,1.0071129,19.658844,64.036838
2010,90.229258,25.618231,5.2717355e-06,6.6341901e-05,0,0,2.753917,4.8159637,0.96691453,10.877609,39.467385
2010.0833,90.953767,25.499839,5.2507653e-06,0.0069661103,0,0,2.7806745,4.7993965,0.9367609,8.109105,16.588845
2010.1667,87.728523,24.730798,5.3435283e-06,0.004895686,0,0,2.7860794,4.7907238,0.91395074,8.0214472,1.5978369
2010.25,86.283453,24.552366,5.3925542e-06,0.015502513,0.093009466,0,2.7949302,4.788372,0.89654666,7.0128335,0.88907623
2010.3333,85.132882,24.745034,5.4389052e-06,0.35961288,3.6607371,0.047391448,2.7675812,4.7869201,0.88358396,23.924801,12.78287
2010.4167,92.253312,26.026051,5.242694e-06,1.5475485,9.3362821,0.60867316,2.8020144,4.7785325,0.87480599,14.689767,163.12925
2010.5,98.819993,26.440075,4.9867817e-06,1.4796422,9.0173963,0.67335419,2.8570545,4.7568431,0.87101161,13.899023,49.291218
2010.5833,101.65375,26.835317,4.842776e-06,1.1568191,7.2926849,0.55032971,2.8934276,4.7378049,0.87321693,14.945531,54.597503
2010.6667,105.05986,27.347755,4.6733776e-06,0.78099199,5.0031766,0.36947349,2.9468985,4.7337704,0.88240659,16.383428,64.24065
2010.75,109.27735,27.975775,4.5301285e-06,0.26977988,0,0,2.9876447,4.7504702,0.89965397,16.327876,59.067985
2010.8333,110.51384,28.229449,4.5052498e-06,0.015783179,0,0,2.9940815,4.7680798,0.9265734,12.101252,29.564344
2010.9167,111.12283,28.320322,4.4952858e-06,3.6743982e-05,0,0,3.0030029,4.7843099,0.96446967,17.05569,61.561567
2011,109.75325,27.666414,4.515146e-06,9.3217137e-05,0,0,3.0016394,4.8008103,1.0147893,11.359346,35.415496
2011.0833,104.60497,26.304202,4.6344694e-06,0.00010947232,0,0,2.9862466,4.8188248,1.0738084,7.4469529,6.1215022
2011.1667,102.01566,25.8145,4.6996884e-06,0,0,0,2.9838512,4.8398089,1.143572,6.6385623,0
2011.25,100.5637,25.608743,4.7450981e-06,0,0.12605954,0,2.9691043,4.8617611,1.2258685,6.5856478,0
2011.3333,99.063195,25.40502,4.8068541e-06,0.047165903,1.1595668,2.3953895e-05,2.9214234,4.8765225,1.3149227,7.691264,0.0018037709
2011.4167,98.545663,26.70902,4.8753764e-06,1.1509464,7.3255579,0.38389202,2.8653333,4.8782902,1.3969027,35.246731,61.386675
2011.5,105.11639,27.681833,4.6781079e-06,1.3078997,8.2445629,0.62761624,2.9037929,4.8718138,1.4688991,15.480765,78.711863
2011.5833,108.41274,28.244287,4.514337e-06,1.1248606,7.0211094,0.53738928,2.9478631,4.8674998,1.5336033,18.026564,58.608925
2011.6667,112.00489,28.876046,4.3353602e-06,0.81801714,5.1508401,0.38644788,3.0056021,4.8614616,1.5899167,17.801962,63.803735
2011.75,115.81171,29.648606,4.1926637e-06,0.32877056,0.242479,0.017336105,3.0507982,4.8682652,1.6391791,19.164931,58.279347
2011.8333,117.26079,29.873759,4.1663297e-06,0.007091039,0,0,3.0594358,4.8792591,1.6829116,12.621087,30.141902
2011.9167,117.8994,29.947372,4.1594271e-06,0.00014941807,0,0,3.0690427,4.8915558,1.7220564,16.66358,53.521091
2012,107.59161,27.667521,4.3380383e-06,8.5653994e-06,0,0,3.0230451,4.9076953,1.7568681,8.665695,18.930454
2012.0833,98.170124,25.197135,4.5707138e-06,8.885182e-06,0,0,2.9680295,4.9253173,1.7846389,6.4799816,5.8745508
2012.1667,94.126731,24.199847,4.6809323e-06,0,0,0,2.9384501,4.9425011,1.8065538,6.2234151,5.6437281
2012.25,92.494667,23.815,4.7430085e-06,0.00080898725,0.12683699,0,2.910171,4.9590998,1.822322,6.1244152,2.2584211
2012.3333,91.153421,23.602543,4.8242277e-06,0.010839108,0.72573159,0,2.8369708,4.9693775,1.829601,6.0697636,0
2012.4167,90.232581,24.286486,4.9713758e-06,0.93459085,6.7548055,0.32419928,2.7457795,4.9674406,1.8267506,27.936694,31.096308
2012.5,93.729943,25.427714,4.8798911e-06,1.2580631,8.6177606,0.62833686,2.7399497,4.9570656,1.8121377,18.774177,70.295855
2012.5833,97.888783,26.242444,4.6794758e-06,0.91724739,6.1558017,0.46242812,2.7921402,4.946743,1.7839472,18.921847,62.520356
2012.6667,101.71704,26.974807,4.4817884e-06,0.67375906,4.5754411,0.3305075,2.8562448,4.9371638,1.7413243,18.538306,61.315923
2012.75,104.32684,27.867232,4.3505343e-06,0.31968461,0.21090078,0.01477364,2.9066758,4.9296918,1.6819259,19.320976,38.398563
2012.8333,103.46704,28.131377,4.3772511e-06,0.0039112434,0,0,2.9176507,4.9245329,1.6052771,11.907743,26.216009
2012.9167,101.17038,28.034607,4.4374437e-06,5.9343174e-07,0,0,2.9277804,4.9213848,1.5103195,11.147413,24.636208
2013,93.727231,27.5719,4.6024684e-06,0.00025961342,0,0,2.9172575,4.9181337,1.3939852,7.0939008,11.417814
2013.0833,89.700565,26.725566,4.7159797e-06,0.00012238447,0,0,2.9022057,4.9143081,1.2692367,6.8750885,6.978664
2013.1667,85.577048,25.537346,4.8483553e-06,0.00092101454,0,0,2.8603854,4.9125738,1.1512922,6.5673256,6.7380782
2013.25,84.713057,25.321092,4.9129221e-06,0.0013887489,0.050022167,0,2.8253798,4.9065676,1.0408257,6.5117314,4.6888591
2013.3333,83.045475,25.096696,5.0037047e-06,0.045545716,0.82248456,2.3151116e-05,2.7376847,4.8945484,0.9411031,7.4041788,0.65693304
2013.4167,80.553502,26.10747,5.2082237e-06,1.1532374,7.6336622,0.33970489,2.6223228,4.8742371,0.85098004,31.206036,25.619567
2013.5,82.230859,27.756335,5.1720831e-06,1.4017682,8.7343941,0.59491201,2.594301,4.8435607,0.76962334,28.857237,89.684194
2013.5833,86.547956,28.932326,4.935529e-06,1.2575186,7.5494535,0.53838209,2.6507287,4.7916255,0.6949746,22.569226,61.977397
2013.6667,90.348281,29.919688,4.6875648e-06,0.84970428,4.1705936,0.28896133,2.7288496,4.7430863,0.6286757,23.669086,61.334542
2013.75,93.102582,30.964997,4.5835795e-06,0.39474378,0,0,2.7634928,4.6995087,0.56915528,19.663072,33.660016
2013.8333,93.987353,31.325914,4.5746465e-06,0.070596553,0,0,2.7665181,4.660656,0.51665312,15.608485,26.219489
2013.9167,94.716959,31.612415,4.5720458e-06,0.0015115947,0,0,2.7708807,4.6264839,0.47040704,24.603843,69.127441
2014,95.065705,31.77185,4.5560823e-06,0.00058982416,0,0,2.7845509,4.5965142,0.42920586,10.460636,24.585156
2014.0833,93.871415,31.171974,4.6029618e-06,0.0010472661,0,0,2.7902229,4.5726252,0.39484322,8.9647246,13.19589
2014.1667,91.841415,30.537529,4.6878095e-06,0.00046613916,0,0,2.7897999,4.5531616,0.36495492,9.7852849,7.2810442
2014.25,90.95294,30.469839,4.7445774e-06,0.0052683554,0.19737546,0,2.7826471,4.5367332,0.33836266,10.34266,4.0259586
2014.3333,89.536056,30.365767,4.824868e-06,0.13906853,1.2078627,0.00032362424,2.7280416,4.5219302,0.31618509,12.441569,0.6932349
2014.4167,90.083055,31.512246,4.9317146e-06,1.2170157,7.0130346,0.28764488,2.6737278,4.5054812,0.29845113,31.383263,93.471617
2014.5,99.765673,32.439753,4.6943164e-06,1.452185,8.2957126,0.51416319,2.741827,4.4905305,0.28568062,17.991244,105.59558
2014.5833,103.7939,32.913089,4.4978569e-06,1.3304412,7.5616525,0.4968866,2.8270812,4.4893188,0.27851009,17.976327,61.389959
2014.6667,107.63302,33.374265,4.2798542e-06,0.867102,5.0109459,0.32221033,2.9558151,4.5057588,0.27800927,17.184853,71.288487
2014.75,112.09208,33.860449,4.0949094e-06,0.27797877,0.71047611,0.044434973,3.0983872,4.5422978,0.28496286,18.79862,70.607595
2014.8333,114.99413,34.103569,4.0465798e-06,0.015600761,0,0,3.1788976,4.6015067,0.30048445,14.065757,53.137681
2014.9167,117.88448,34.213487,4.0074428e-06,0.00095504692,0,0,3.279844,4.6890354,0.32563362,22.092573,112.61247
2015,122.80822,34.619428,3.9102433e-06,0.00052985009,0,0,3.3852627,4.8123302,0.36147353,11.907006,30.471782
2015.0833,117.67888,33.14247,4.021515e-06,0.0029799112,0,0,3.46612,4.9659648,0.40525922,9.2950006,7.7349765
2015.1667,115.59638,32.750051,4.0848104e-06,0.00496398,0,0,3.5722654,5.155519,0.45842183,8.4232729,0.0060675126
2015.25,113.27297,32.33074,4.1585517e-06,0.0064806858,0.15661504,0,3.6078651,5.3768249,0.522322,8.3149256,0.0014693585
2015.3333,110.9831,32.187894,4.2405018e-06,0.36187441,2.4026577,0.048218906,3.5312481,5.5789685,0.59088773,29.942453,7.2134146
2015.4167,117.72876,33.963352,4.1883059e-06,1.8396812,10.166361,0.47715361,3.5439031,5.7456017,0.65341079,20.189869,232.49678
2015.5,136.10488,34.307562,3.808573e-06,1.7105928,9.2362555,0.5721724,3.780112,5.8957067,0.70900297,17.261328,219.15266
2015.5833,149.90015,34.586411,3.4878303e-06,1.2741103,7.0610976,0.44006764,4.1536441,6.0483279,0.75967252,15.777999,158.31951
2015.6667,158.9649,34.749765,3.2278874e-06,0.85981736,4.6107915,0.2802876,4.6707053,6.2104053,0.8048448,18.705282,126.26078
2015.75,164.70377,35.199981,3.1277229e-06,0.32815024,0,0,5.1200151,6.3966084,0.84641355,16.309966,87.795129
2015.8333,168.28132,35.209391,3.1108327e-06,0.029423978,0,0,5.5694814,6.6207976,0.88638163,12.270308,65.071162
2015.9167,168.41191,34.900736,3.1367442e-06,0.00028597704,0,0,6.1288815,6.8991928,0.92640835,10.149718,29.373469
2016,163.41209,34.364957,3.228947e-06,0.00038380908,0,0,6.7917747,7.2521873,0.96802151,8.8630778,0.39084495
2016.0833,159.11283,33.691004,3.325905e-06,0.0012125461,0,0,7.4713826,7.6607366,1.0089058,8.6653677,0.011568935
2016.1667,155.30521,33.146437,3.4254031e-06,0.0011701951,0,0,8.1060181,8.1386423,1.0495644,8.5253197,1.4240032e-05
2016.25,146.31899,31.98874,3.595334e-06,0.0085732909,0.064303857,0,8.1213875,8.6702337,1.0872775,8.2368953,7.0506202e-07
2016.3333,131.91867,30.376263,3.8588964e-06,0.3299625,2.4116264,0.011618338,7.6543808,9.1647367,1.1198063,19.815409,9.2652474
2016.4167,133.98881,30.968081,3.8975795e-06,1.5996091,10.007496,0.10171571,8.0611515,9.5749874,1.1469793,16.1936,160.34781
2016.5,150.65201,31.014776,3.7294349e-06,1.4226709,8.8673183,0.14760359,9.0522337,9.9743528,1.1688604,12.525465,242.78308
2016.5833,166.79086,30.967111,3.5337537e-06,1.1690825,7.4067909,0.16708184,10.213984,10.395284,1.1858099,11.540031,200.61526
2016.6667,177.45653,30.826209,3.386928e-06,0.79517083,5.1428329,0.1454752,11.382424,10.853817,1.197234,11.080547,116.05642
2016.75,178.60472,30.907193,3.3614008e-06,0.3402642,1.5671227,0.04978411,12.428545,11.389677,1.2031646,16.827356,17.820406
2016.8333,175.93871,30.928779,3.406064e-06,0.010792483,0,0,13.438873,12.0313,1.2034633,8.2123291,0.054277349
2016.9167,172.92225,30.52411,3.4633435e-06,0.00013173966,0,0,14.53294,12.806767,1.1977203,7.8819332,0.1118115
2017,165.92538,29.50131,3.5698845e-06,0.0016786439,0,0,15.447343,13.745522,1.1848316,7.5925179,0.71333112
2017.0833,155.67699,27.911961,3.744042e-06,0.0014090341,0,0,15.9535,14.775806,1.164901,7.1827542,0.04114845
2017.1667,130.74948,25.216118,4.1697062e-06,3.7294667e-05,0,0,10.393062,15.877951,1.1359138,6.4855525,7.4646791e-05
2017.25,107.42866,22.769792,4.6893965e-06,0.0029465473,0.089612583,1.6136437e-15,7.4507027,16.84498,1.0949854,5.8595109,0.00017972139
2017.3333,91.932401,21.307467,5.1392421e-06,0.16080042,1.9363898,0.0056900496,6.2192397,17.389477,1.0407676,9.9695259,3.7684568
2017.4167,88.538125,21.120239,5.2736868e-06,0.98046872,9.6099596,0.047688791,5.9566617,17.76973,0.97168195,13.203326,60.181814
2017.5,92.700452,21.1554,5.2152218e-06,0.98221998,9.5409262,0.10873358,6.041738,18.060776,0.88831723,10.936068,131.26769
2017.5833,99.897705,21.466607,5.0236772e-06,0.74400152,7.2842031,0.15183833,6.2824469,18.302443,0.80359191,13.331769,86.104162
2017.6667,105.28466,21.971488,4.8262314e-06,0.51476194,5.0092595,0.13447004,6.4594636,18.51145,0.72827435,13.796908,65.918214
2017.75,107.35277,22.315223,4.6928708e-06,0.23959096,1.9019945,0.051590585,6.5091963,18.700066,0.66034245,10.904977,18.940394
2017.8333,106.40236,22.401433,4.688688e-06,0.020653265,0,0,6.4375672,18.882456,0.59932399,8.4298551,1.8021265
2017.9167,104.97522,22.232847,4.7401868e-06,0.00011827933,0,0,6.3648667,19.027359,0.54502875,5.773932,0.30804375
2018,102.1261,21.787539,4.826933e-06,0.00015829636,0,0,6.195828,19.124041,0.49596056,5.744528,0.074013555
2018.0833,98.402567,21.302883,4.9482269e-06,0,0,0,5.9312606,19.152977,0.45417023,5.4786334,0.024544548
2018.1667,70.167266,16.706618,5.7332131e-06,0,0,0,4.8814764,19.0595,0.41660753,4.3003437,0.00035330978
2018.25,48.505772,13.790595,6.894667e-06,0,0,0,3.9780512,18.731277,0.3815462,3.5511098,0.00043529405
2018.3333,38.800079,13.435262,7.3778979e-06,0.0017434903,0.94491971,0,3.6030533,18.238171,0.3493529,3.5717141,0.00090268714
2018.4167,26.668439,14.022064,8.1772359e-06,0.34210988,5.3064851,0.019812243,3.2604256,17.571344,0.31914461,27.755324,2.1725609
2018.5,18.298004,15.284289,9.0653793e-06,0.68431507,10.33215,0.10718824,3.0755391,16.736143,0.29223353,20.903567,21.345473
2018.5833,18.843666,16.462956,9.0083286e-06,0.56800841,7.8072719,0.15175785,2.8974414,15.789217,0.27011338,10.529611,31.809569
2018.6667,17.853109,16.894538,8.7645612e-06,0.3923929,5.5477973,0.1245762,2.7503252,14.79923,0.25431955,10.529973,14.425971
2018.75,13.080618,17.268782,8.8605721e-06,0.16524067,2.2081501,0.047670858,2.6099372,13.755053,0.24562466,8.7478166,7.7736271
2018.8333,8.3548101,17.488515,9.2088039e-06,0.020684544,0,0,2.5065064,12.667813,0.24510022,7.1125875,0.76945519
2018.9167,5.0511002,17.560098,9.6628928e-06,0.00073477509,0,0,2.5043817,11.558935,0.25378433,9.193261,2.7953628
2019,5.1704701,17.354155,9.9194422e-06,0.00069335722,0,0,2.4901125,10.506588,0.27252069,6.0964471,0.051949418
2019.0833,5.6304438,17.203771,9.8467044e-06,0.00031879522,0,0,2.4798527,9.6116095,0.29971877,6.0352195,0.053155297
2019.1667,6.0669985,17.283445,9.9145727e-06,0,0,0,2.4614997,8.8116035,0.3360756,6.0570114,0.071348534
2019.25,6.3663418,17.36737,1.0015607e-05,0,0,0,2.4310455,8.0679903,0.3825098,6.0779376,0.098950957
2019.3333,6.4891963,17.488653,9.7727407e-06,0.071803838,1.6545401,6.6373176e-07,2.3657408,7.3977089,0.43709955,9.5182633,0.090063163
2019.4167,6.5984568,18.682545,1.0310227e-05,0.65661304,8.8946415,0.054658081,2.2735882,6.788847,0.49297559,25.094205,3.327123
2019.5,7.2863996,19.614058,1.0563359e-05,0.74348108,10.113676,0.13384885,2.2146211,6.2373357,0.54300213,11.274142,11.971424
2019.5833,7.916091,20.052932,1.0735361e-05,0.58756578,8.039685,0.16248222,2.1487858,5.7693906,0.58740807,11.212378,10.035382
2019.6667,8.1697004,20.377718,1.0243538e-05,0.38368655,5.5057022,0.11776988,2.0658941,5.3625183,0.62398827,9.3853902,8.7653733
2019.75,8.2911095,20.791825,9.798121e-06,0.20649728,1.542789,0.032459053,2.0492909,4.978673,0.65186709,13.633637,12.012473
2019.8333,8.4310323,21.147266,9.7535776e-06,0.010407067,0,0,2.0402269,4.6136751,0.66918325,7.8782219,9.9992082
2019.9167,9.2891874,21.261107,1.0040468e-05,3.0258618e-05,0,0,2.0350037,4.2692418,0.67369437,26.562764,33.056395
