year,sminp_gPm2,labilep_gPm2,secondp_gPm2,occlp_gPm2,primp_gPm2,litr1p_gPm2,litr2p_gPm2,litr3p_gPm2,vegp_gPm2,storep_gPm2,totsomp_gPm2,p_uptake_gPm2yr,p_efflux_gPm2yr,sminp_leached_gPm2yr,total_inorganic_gPm2,total_ecosystem_gPm2
1901,736.97894,39.515076,424.49701,0.96073747,0.031485662,5.2026696,41.513321,20.368231,8.0009632,7.1749558,265.71045,1035.7908,1035.632,3.3138092e-06,1201.9832,1549.9538
1901.0833,691.06653,38.786793,424.5979,0.96115506,0.0314859,5.238091,41.45932,20.342787,7.8661304,7.0521364,263.35687,568.76819,568.64246,2.8054935e-06,1155.4438,1500.7591
1901.1667,646.57318,37.911175,424.69464,0.96157265,0.031486139,5.2740216,41.417652,20.323378,7.7424512,6.9387579,263.30594,533.35406,533.23181,2.2679019e-06,1110.172,1455.1742
1901.25,603.66211,36.812916,424.78973,0.96200448,0.031486385,5.3118315,41.386368,20.309111,7.615346,6.8227911,263.25339,500.85007,500.73077,1.7553174e-06,1066.2583,1410.9571
1901.3333,562.25684,34.936543,424.87781,0.96243638,0.031486634,5.3485184,41.364075,20.299229,7.4891138,6.7081456,263.20105,500.40802,500.29153,1.2665236e-06,1023.0651,1367.4752
1901.4167,525.83142,29.962076,424.94849,0.96286839,0.03148688,5.402967,41.433754,20.333506,7.9411101,6.6620698,263.15063,337.85486,326.27103,8.1779274e-07,981.73639,1326.6604
1901.5,500.30853,26.196022,424.99622,0.96330047,0.031487126,5.489871,41.756378,20.488562,8.6021967,6.7906151,263.1004,335.66071,329.24118,3.6833819e-07,952.49561,1298.7236
1901.5833,474.3858,19.751722,425.01807,0.96373963,0.031487375,6.0714679,42.85247,21.025402,9.1093864,7.170444,263.03833,235.73001,227.99208,1.8459204e-07,920.15082,1269.4183
1901.6667,459.55719,15.259739,425.01193,0.96417171,0.031487621,6.8735552,44.330688,21.74975,9.4088497,7.3933239,262.97211,163.97443,159.17032,1.0617256e-07,900.82452,1253.5528
1901.75,449.57446,11.228737,424.9827,0.96460378,0.031487867,7.1454468,44.989975,22.072796,8.8524618,7.4932661,262.90326,76.263908,83.276398,8.8007603e-08,886.78198,1240.2392
1901.8333,445.73676,9.7014484,424.94009,0.96503586,0.031488113,6.9299531,44.704781,21.934233,8.2963972,7.4423294,262.83878,36.060616,35.916809,1.2564912e-07,881.37482,1233.5213
1901.9167,443.25671,8.6675901,424.89133,0.96546787,0.031488359,6.8097377,44.520855,21.845367,8.1615448,7.3186202,262.78445,27.862955,28.793819,1.2794828e-07,877.81262,1229.2532
1902,456.50876,12.863872,424.84961,0.96590686,0.031488609,6.7068739,44.364128,21.769836,8.0615101,7.2297697,171.39549,210.62199,209.01979,2.4975006e-07,895.2196,1154.7472
1902.0833,455.34805,12.289633,424.81958,0.96632463,0.031488843,6.6291475,44.241722,21.711082,7.9439311,7.1228566,168.19292,19.185263,19.053951,2.4285188e-07,893.45508,1149.2968
1902.1667,454.1398,11.783888,424.78647,0.96674234,0.031489082,6.5672064,44.142151,21.663527,7.8220563,7.0119009,168.17805,13.189913,13.061961,2.3442887e-07,891.70837,1147.0932
1902.25,453.31644,11.469194,424.75021,0.96717423,0.031489324,6.5135436,44.057487,21.623316,7.6998215,6.9007845,168.16277,8.9447231,8.8200989,2.2814415e-07,890.53455,1145.4923
1902.3333,452.69922,11.258345,424.71265,0.96760601,0.03148957,6.4489141,43.999298,21.59577,7.5894966,6.7986803,168.14914,8.8305359,8.4683743,2.1441159e-07,889.66925,1144.2506
1902.4167,451.89334,10.989954,424.67401,0.96803778,0.031489812,6.2624888,44.167805,21.676212,7.7565694,6.1384649,168.13905,17.87789,13.483228,1.4545279e-07,888.55682,1142.6974
1902.5,450.38553,10.464753,424.63336,0.9684695,0.031490054,6.1485238,44.355213,21.765915,8.0919037,6.1953239,168.12158,26.008684,21.070845,1.0648379e-07,886.48358,1141.162
1902.5833,448.26318,9.6783257,424.58859,0.96890831,0.031490304,6.5679936,45.08054,22.123343,8.3045015,6.3108091,168.10435,28.629948,23.182182,8.1913996e-08,883.53052,1140.022
1902.6667,446.30875,8.9211836,424.54059,0.96933991,0.031490546,6.5875373,44.767998,21.974161,8.5620642,6.5023165,168.08691,26.351143,20.891684,6.9500068e-08,880.77136,1137.2524
1902.75,444.45465,8.1745281,424.48871,0.9697715,0.031490788,6.7583442,44.889881,22.03582,8.5789614,6.9436131,168.06931,23.588789,20.896709,6.6405995e-08,878.1192,1135.3951
1902.8333,442.85806,7.5144567,424.43329,0.97020304,0.03149103,6.4660969,44.453438,21.82272,8.4330673,7.5328703,168.05099,19.942427,17.949474,7.525653e-08,875.8075,1132.5667
1902.9167,441.53827,6.965023,424.37476,0.97063452,0.031491272,6.2703156,44.141003,21.670286,8.492178,7.5964622,168.03316,15.409553,16.445961,8.5722569e-08,873.88019,1130.0836
1903,440.58008,6.5857372,424.31284,0.97107303,0.031491518,6.1312933,43.876736,21.541534,8.4904156,7.5992608,168.01543,10.673292,8.8523502,9.6151382e-08,872.4812,1128.1359
1903.0833,439.97946,6.3754897,424.25253,0.9714902,0.031491753,6.0229855,43.617821,21.415638,8.5165854,7.6299253,167.99927,7.4243827,7.113215,1.0239182e-07,871.61047,1126.8127
1903.1667,439.56989,6.2570839,424.19144,0.97190738,0.031491987,5.9281416,43.374214,21.297165,8.4826927,7.6028919,167.98358,5.7981772,5.5354524,1.0278594e-07,871.02185,1125.6905
1903.25,439.24316,6.1771574,424.12781,0.97233862,0.031492226,5.8544459,43.173515,21.199556,8.3545446,7.4877257,167.96753,4.8995776,4.6702418,1.0316948e-07,870.55194,1124.5893
1903.3333,438.96457,6.1151838,424.06381,0.9727698,0.031492468,5.8047781,43.033787,21.131529,8.2716894,7.4107437,167.95183,4.6860547,4.3455057,1.0222561e-07,870.14783,1123.7522
1903.4167,438.67371,6.0513468,423.99954,0.97320086,0.03149271,5.7222252,42.975182,21.100761,8.3763599,6.7860637,167.94035,7.7923079,5.0658383,8.1004202e-08,869.72931,1122.6302
1903.5,438.18918,5.9296513,423.93481,0.97363192,0.031492949,5.6432333,42.947281,21.083128,8.5996161,6.606462,167.92429,10.695321,6.3197799,5.5497434e-08,869.05878,1121.8628
1903.5833,437.53339,5.7553821,423.86829,0.97406995,0.031493194,6.2029352,43.884628,21.5424,8.5703983,6.4842806,167.90631,11.929567,8.3133125,4.4260673e-08,868.1626,1122.7535
1903.6667,436.90308,5.5848646,423.80194,0.97450083,0.031493433,6.6194911,44.431931,21.812469,8.5442581,6.3976779,167.88858,9.9836435,7.0658212,3.9098687e-08,867.2959,1122.9903
1903.75,436.35608,5.4359851,423.7348,0.97493166,0.031493671,6.6295385,44.208443,21.705595,8.2159729,6.840776,167.86902,8.2189112,7.2351842,4.6631616e-08,866.53326,1122.0026
1903.8333,435.85947,5.3004827,423.66693,0.97536242,0.031493913,6.5232434,44.04715,21.627743,8.1005249,7.1682272,167.85045,6.6403732,5.4407225,6.5417602e-08,865.83374,1121.1511
1903.9167,435.43744,5.1862879,423.59845,0.97579312,0.031494152,6.4258571,43.872036,21.543159,8.1163626,7.1937795,167.83359,5.5930939,6.3243861,7.8796738e-08,865.22943,1120.2142
1904,435.10165,5.099524,423.52832,0.9762308,0.031494394,6.3748784,43.751328,21.485382,7.9705863,7.0604134,167.81732,4.3188987,2.4277394,8.5046722e-08,864.73724,1119.1971
1904.0833,434.83194,5.032207,423.46127,0.97664726,0.031494625,6.3416929,43.664497,21.444126,7.9381876,7.0422564,167.80261,4.0460854,2.8857965,8.3857046e-08,864.33356,1118.5669
1904.1667,434.58704,4.9726262,423.39389,0.9770636,0.031494856,6.3168235,43.597561,21.412579,7.8956671,7.0131426,167.78787,3.770071,2.6359739,8.2354859e-08,863.9621,1117.9857
1904.25,434.354,4.9173899,423.32394,0.97749406,0.031495094,6.2972059,43.544979,21.388069,7.8558149,6.9853292,167.77264,3.5798793,2.4452996,8.0928594e-08,863.60431,1117.4484
1904.3333,434.13095,4.864922,423.25375,0.97792441,0.031495333,6.2670436,43.503849,21.36891,7.8289862,6.9682736,167.75879,4.1363263,2.6015227,7.6779671e-08,863.25903,1116.9549
1904.4167,433.84799,4.7915087,423.18329,0.97835463,0.031495571,6.1192508,43.62289,21.424725,8.0173349,6.3333812,167.74881,8.8648691,5.3089066,5.3002871e-08,862.83258,1116.099
1904.5,433.33328,4.6331344,423.11224,0.97878486,0.03149581,6.0270462,43.800507,21.508392,8.263525,6.2703419,167.73186,11.113862,6.8800364,3.9432731e-08,862.08893,1115.6906
1904.5833,432.67361,4.4202409,423.03909,0.979222,0.031496048,6.5956521,44.847435,22.022135,8.3692951,6.2872477,167.71429,11.517553,8.2459221,3.1692252e-08,861.14368,1116.9797
1904.6667,432.02475,4.2062435,422.966,0.97965211,0.031496286,7.4703493,46.478939,22.821604,8.446229,6.3023453,167.69807,10.855679,7.9102168,2.6494423e-08,860.20819,1119.4257
1904.75,431.44263,4.0126305,422.89191,0.98008204,0.031496521,7.5733533,46.672237,22.917597,8.1048212,6.8343654,167.67856,8.4871597,7.4000282,3.3441989e-08,859.35876,1119.1397
1904.8333,430.92929,3.8421035,422.81689,0.98051196,0.03149676,7.3517256,46.377605,22.774263,8.0423183,7.0903487,167.66064,6.545279,5.286746,4.8184017e-08,858.60028,1117.8972
1904.9167,430.53772,3.717015,422.74112,0.98094177,0.031496994,7.2056532,46.156216,22.666918,8.0118275,7.0718727,167.64462,5.0611119,5.8647299,5.2952586e-08,858.0083,1116.7654
1905,430.20502,3.6143134,422.66357,0.98137856,0.031497236,7.0826344,45.967133,22.575424,7.8352141,6.9081302,167.62912,4.6968207,2.9702969,5.1362782e-08,857.49579,1115.4934
1905.0833,429.91537,3.5265996,422.58932,0.98179418,0.031497464,6.9792643,45.811943,22.500452,7.8132415,6.8985133,167.61432,4.3742971,3.1004677,4.9695227e-08,857.04462,1114.6624
1905.1667,429.65503,3.4502933,422.51465,0.98220968,0.031497691,6.8944235,45.682194,22.437958,7.785749,6.8832865,167.59949,4.0000048,2.7515502,4.8279944e-08,856.63373,1113.9168
1905.25,429.41342,3.3823402,422.43713,0.98263919,0.031497926,6.8235402,45.570995,22.384602,7.7556567,6.8663659,167.58424,3.7262683,2.4809585,4.715293e-08,856.24707,1113.2325
1905.3333,429.18463,3.3191843,422.35928,0.98306865,0.031498164,6.7491345,45.470539,22.336361,7.7360935,6.8590446,167.56967,4.0159144,2.5793018,4.5483002e-08,855.87769,1112.5985
1905.4167,428.91776,3.2398047,422.28113,0.98349798,0.031498399,7.1989665,46.585938,22.88283,7.8815994,6.1336637,167.55708,7.3559966,4.1926498,3.2535119e-08,855.45374,1113.6938
1905.5,428.41919,3.0592363,422.20233,0.98392725,0.031498633,8.29527,48.99118,24.060799,8.0831375,6.0819459,167.54248,11.12394,6.7296548,2.1322965e-08,854.69623,1117.751
1905.5833,427.71594,2.7864172,422.12109,0.9843635,0.031498872,9.303627,51.151325,25.11842,8.2780409,6.1974058,167.5265,12.79955,8.8331366,1.600494e-08,853.63928,1121.2146
1905.6667,427.04562,2.5217719,422.03976,0.98479259,0.031499103,10.072802,52.773209,25.912418,8.3942394,6.2577319,167.50958,10.638541,7.4688315,1.3192825e-08,852.62347,1123.5435
1905.75,426.49683,2.3071933,421.95721,0.98522162,0.031499337,10.444678,53.505775,26.271873,8.1637678,6.6936398,167.49037,8.9401417,7.4062238,1.3587076e-08,851.77795,1124.3481
1905.8333,425.96283,2.0958142,421.87363,0.9856506,0.031499572,10.282366,53.27372,26.159851,8.0481148,7.0842719,167.47256,7.8681517,6.401546,1.5125718e-08,850.9494,1123.2703
1905.9167,425.47592,1.9035478,421.78903,0.98607945,0.031499807,9.9210663,52.819767,25.938681,8.1458273,7.1869264,167.45561,7.2077336,7.7902517,1.4566089e-08,850.18604,1121.6539
1906,425.02692,1.7276932,421.70209,0.98651528,0.031500041,9.5909719,52.396793,25.732611,8.1024446,7.1477938,167.43837,6.6611404,4.8852992,1.423395e-08,849.47467,1119.8837
1906.0833,424.64145,1.5789915,421.61859,0.98692989,0.031500269,9.304307,52.024147,25.551035,8.2124329,7.2627225,167.42206,6.0520353,4.5652332,1.3839636e-08,848.85742,1118.6342
1906.1667,424.29898,1.4502928,421.53442,0.98734444,0.031500492,9.0160952,51.644417,25.365841,8.3087788,7.3642831,167.40598,5.5030193,4.1616364,1.3570632e-08,848.30255,1117.408
1906.25,423.98383,1.3358015,421.44681,0.98777294,0.031500727,8.7254047,51.250767,25.173723,8.3878765,7.4528732,167.38968,5.0250216,3.7990158,1.3126372e-08,847.78577,1116.1661
1906.3333,423.70004,1.2364911,421.35867,0.98820138,0.031500958,8.4434128,50.856068,24.980932,8.4637794,7.5324273,167.37369,4.7556233,3.521965,1.2284609e-08,847.31488,1114.9652
1906.4167,423.42435,1.1408343,421.27005,0.9886297,0.031501189,8.0725307,50.418262,24.76598,8.559041,6.8789625,167.35997,5.979228,3.6096516,1.0798493e-08,846.85535,1112.9101
1906.5,423.0415,0.98908854,421.18085,0.98905796,0.031501424,7.2651644,49.665672,24.392223,8.569499,6.4746799,167.34689,9.5753946,4.892952,6.3967525e-09,846.23199,1109.9461
1906.5833,422.56781,0.78894228,421.08929,0.98949313,0.031501658,7.6960874,50.579956,24.838631,8.5907974,6.4228611,167.32809,9.0245647,5.37886,4.1935637e-09,845.46704,1110.9235
1906.6667,422.15823,0.62004459,420.99823,0.98992121,0.031501889,8.5303354,52.107132,25.586664,8.6437845,6.4225202,167.30988,6.7302165,3.9771395,3.0956524e-09,844.79791,1113.3982
1906.75,421.87729,0.51871711,420.90652,0.99034917,0.03150212,9.4756336,53.815865,26.426008,8.6685286,6.4108119,167.29181,4.9059443,3.0425904,2.6735425e-09,844.32434,1116.413
1906.8333,421.66684,0.45498547,420.81442,0.99077708,0.031502351,9.5578852,53.956993,26.497112,8.1481562,7.1731486,167.274,3.385705,2.5845356,3.5293437e-09,843.95856,1116.5659
1906.9167,421.52362,0.42747054,420.72211,0.99120486,0.031502582,9.3083496,53.617985,26.332226,8.1276407,7.1650333,167.25757,2.5021513,3.6100571,4.7610178e-09,843.69592,1115.5047
1907,421.40671,0.41501361,420.6282,0.99163955,0.031502817,9.0594912,53.299622,26.177336,7.9021807,6.9530807,167.242,2.4379318,0.89515573,4.6846655e-09,843.47308,1114.1068
1907.0833,421.30621,0.4090082,420.53882,0.99205309,0.031503037,8.8337297,53.015869,26.039286,7.8784542,6.9425044,167.22704,2.3501573,0.98908007,4.6195026e-09,843.27759,1113.2145
1907.1667,421.21283,0.4068419,420.44943,0.99246657,0.03150326,8.6255932,52.742268,25.906206,7.8518085,6.9282389,167.21198,2.2644172,0.94224203,4.5958171e-09,843.09308,1112.3591
1907.25,421.11945,0.40630049,420.35706,0.99289399,0.031503491,8.424716,52.467663,25.77265,7.8127337,6.9034915,167.19649,2.2325857,0.94548941,4.5898521e-09,842.90723,1111.485
1907.3333,421.02719,0.40637094,420.26468,0.9933213,0.031503718,8.2352962,52.201412,25.643143,7.7804537,6.8847003,167.18117,2.2978871,0.98556727,4.5895785e-09,842.72308,1110.6492
1907.4167,420.93573,0.40685046,420.17233,0.99374855,0.031503949,8.0374422,51.948448,25.519806,7.8394685,6.450243,167.16597,2.4253895,0.75823253,4.605591e-09,842.54016,1109.5015
1907.5,420.84613,0.40834016,420.07999,0.99417567,0.031504177,7.5678654,51.420074,25.259308,8.0111074,6.1213913,167.15585,5.0320964,1.8328856,3.5905277e-09,842.36017,1107.8958
1907.5833,420.73685,0.3999553,419.98615,0.99460971,0.031504411,6.9003806,50.552292,24.830273,8.2388201,6.1790271,167.13956,5.6681967,2.2469776,2.4010556e-09,842.14905,1105.9894
1907.6667,420.63675,0.39574656,419.89383,0.99503666,0.031504638,6.7414889,49.905979,24.515604,8.3402967,6.2222462,167.12175,4.6431737,1.9708669,2.1070938e-09,841.95288,1104.8003
1907.75,420.54291,0.39493129,419.80148,0.99546349,0.031504866,6.6636624,49.418625,24.278416,8.0183296,6.6922579,167.10339,2.8879588,1.8087207,2.9864746e-09,841.7663,1103.941
1907.8333,420.45639,0.39807084,419.7092,0.99589026,0.031505097,6.5950093,49.165722,24.155418,7.8900595,6.9611411,167.08632,1.8805652,0.6542055,4.4595629e-09,841.59106,1103.4447
1907.9167,420.37448,0.40369153,419.61691,0.99631691,0.031505324,6.5828171,49.000851,24.075993,7.8405151,6.9248152,167.07074,1.5756791,2.6837587,4.8965525e-09,841.42291,1102.9187
1908,420.28683,0.40699717,419.52319,0.99675047,0.031505555,6.5883532,48.870651,24.013674,7.6132441,6.7099934,167.06998,1.640753,0.47401595,5.049261e-09,841.2453,1102.1112
1908.0833,420.19904,0.40774632,419.43405,0.99716294,0.031505775,6.5853539,48.747524,23.954594,7.5717897,6.6827669,167.08336,1.7129583,0.56472617,5.0683449e-09,841.06952,1101.6949
1908.1667,420.1127,0.40927324,419.34491,0.99757534,0.031505994,6.5854297,48.638245,23.902267,7.53229,6.6564598,167.09688,1.7243727,0.58701915,5.0871134e-09,840.89594,1101.3075
1908.25,420.02322,0.41071686,419.25278,0.99800164,0.031506222,6.5867786,48.537071,23.853859,7.4605517,6.6201577,167.11101,1.7757893,0.65153933,5.1042339e-09,840.71619,1100.8856
1908.3333,419.93085,0.4105815,419.16068,0.99842781,0.031506449,6.5879774,48.492168,23.83218,7.4419045,6.6134686,167.12822,2.8243852,1.4920911,4.7709601e-09,840.53198,1100.6279
1908.4167,419.83774,0.41002426,419.06857,0.99885392,0.031506676,7.0718503,49.617496,24.381355,7.5879669,5.9058552,167.14937,4.952951,1.6377224,3.594568e-09,840.34668,1102.0605
1908.5,419.73767,0.40569797,418.9765,0.99927992,0.0315069,6.9446177,49.792011,24.461893,7.8024511,5.8550162,167.16846,5.5588131,2.0890436,2.6742153e-09,840.15063,1102.1751
1908.5833,419.63513,0.40085837,418.8829,0.99971282,0.031507131,8.0572357,51.918652,25.503666,7.9105811,5.8874054,167.19568,3.5410709,1.4628453,2.3710638e-09,839.95007,1106.4233
1908.6667,419.53738,0.39777386,418.79083,1.0001386,0.031507358,9.4896402,54.642502,26.840065,7.9473553,5.8795557,167.23598,3.1458106,1.2885345,2.2405695e-09,839.75757,1111.7927
1908.75,419.44077,0.39532837,418.69876,1.0005643,0.031507581,9.9163408,55.450397,27.237783,7.7185979,6.26928,167.27461,2.7485337,1.4192494,3.018479e-09,839.56689,1113.4339
1908.8333,419.34927,0.39563403,418.60669,1.00099,0.031507809,9.9598322,55.515915,27.271393,7.5175538,6.6083045,167.3015,1.7695411,0.49936104,4.4368216e-09,839.38403,1113.5585
1908.9167,419.26028,0.3972905,418.51465,1.0014155,0.031508032,10.00281,55.562893,27.295977,7.4818158,6.5834446,167.31744,1.7530265,1.6428145,4.7409556e-09,839.20514,1113.4495
1909,419.22311,0.42775464,418.42123,1.001848,0.031508259,10.043866,55.609463,27.320393,7.383369,6.4966059,166.89078,2.9771531,1.3811275,5.1076627e-09,839.10547,1112.85
1909.0833,419.12024,0.42018664,418.3324,1.0022594,0.031508479,10.079697,55.65152,27.342514,7.3665676,6.4904737,166.8761,1.9462949,0.69716644,5.0331721e-09,838.90656,1112.7134
1909.1667,419.02512,0.41679296,418.24353,1.0026706,0.031508695,10.11422,55.697857,27.366728,7.3424892,6.4769092,166.86172,1.8637408,0.68107289,5.0015618e-09,838.7196,1112.5796
1909.25,418.92947,0.41474524,418.15167,1.0030959,0.031508919,10.150331,55.759102,27.39827,7.3102584,6.4556108,166.84703,1.9206195,0.94544083,4.9799684e-09,838.53046,1112.451
1909.3333,418.83221,0.4118183,418.05984,1.003521,0.031509142,10.218122,55.942413,27.489426,7.2706671,6.424685,166.83307,2.4535613,1.509259,4.8497086e-09,838.33887,1112.5173
1909.4167,418.73254,0.40758905,417.96799,1.0039459,0.031509366,10.652149,57.26511,28.13711,7.3901782,5.6829319,166.82187,4.928936,1.7313579,3.4672882e-09,838.14362,1114.093
1909.5,418.62009,0.39643151,417.87613,1.0043708,0.031509589,11.558478,59.354462,29.161446,7.5853276,5.6408529,166.80423,4.1262922,1.4829955,2.7992242e-09,837.92853,1118.0333
1909.5833,418.51398,0.38954195,417.78275,1.0048026,0.031509817,13.226863,62.681183,30.793194,7.6690717,5.6579022,166.78824,3.6898017,1.4455358,2.4214597e-09,837.7226,1124.539
1909.6667,418.41876,0.38773426,417.69086,1.0052272,0.03151004,14.617173,65.403343,32.128601,7.7145996,5.6510139,166.77245,3.3581839,1.3286531,2.348026e-09,837.53406,1129.8212
1909.75,418.32678,0.38767147,417.59897,1.0056518,0.031510264,15.149648,66.390015,32.614243,7.4455724,6.1583948,166.75577,2.5078723,1.113289,3.0760352e-09,837.35059,1131.8643
1909.8333,418.23624,0.38838434,417.50711,1.0060763,0.031510487,15.214951,66.627235,32.731941,7.4075136,6.4524283,166.73976,2.1580453,0.70295668,3.9221044e-09,837.16931,1132.3431
1909.9167,418.14624,0.38937375,417.41531,1.0065007,0.031510707,15.194564,66.704292,32.771172,7.4265466,6.4809079,166.72412,2.0993764,2.121619,4.1458956e-09,836.98895,1132.2906
1910,418.05402,0.38996783,417.32199,1.006932,0.031510934,15.154712,66.761505,32.800674,7.2818341,6.3484983,166.7084,2.0984015,0.70711243,4.1915542e-09,836.80444,1131.8601
1910.0833,417.96637,0.39057383,417.23322,1.0073423,0.03151115,15.107082,66.803154,32.822456,7.2360144,6.3239574,166.69348,2.0531285,0.77194214,4.2730677e-09,836.62897,1131.6151
1910.1667,417.87976,0.39173409,417.14447,1.0077527,0.031511363,15.045617,66.825005,32.834469,7.2043509,6.3037181,166.67871,2.0154119,1.1020657,4.3556554e-09,836.4552,1131.3471
1910.25,417.79114,0.39341238,417.05276,1.0081767,0.031511586,14.972928,66.837975,32.842152,7.1477313,6.2588682,166.66351,2.0070655,1.2524364,4.4081778e-09,836.27698,1131.0002
1910.3333,417.70105,0.39429468,416.96106,1.0086006,0.031511806,14.915588,66.891502,32.869675,7.0765967,6.2007484,166.64853,2.1394289,1.5083688,4.4248414e-09,836.0965,1130.6991
1910.4167,417.60928,0.39424333,416.86938,1.0090245,0.031512026,15.30147,67.873566,33.351894,7.0500531,5.578476,166.63405,2.7892981,1.1970489,3.8452264e-09,835.91345,1131.7029
1910.5,417.51163,0.39099151,416.77771,1.0094483,0.031512249,16.55736,70.510605,34.646538,7.1647458,5.2282891,166.61987,3.94033,1.331645,2.6825377e-09,835.72125,1136.4486
1910.5833,417.41223,0.387613,416.68457,1.0098789,0.031512473,17.848087,73.086945,35.911289,7.2413735,5.2365179,166.6041,3.82075,1.4150293,2.3467366e-09,835.52576,1141.4541
1910.6667,417.31924,0.38688499,416.59293,1.0103024,0.031512693,19.285048,75.929527,37.305386,7.287786,5.2303357,166.58859,3.8751528,1.5064079,1.9884465e-09,835.34088,1146.9676
1910.75,417.22797,0.38706511,416.50128,1.010726,0.031512912,20.064659,77.357681,38.007526,7.0941777,5.6087985,166.57097,2.8165288,1.2379667,2.4132814e-09,835.15857,1149.8624
1910.8333,417.13766,0.38777587,416.40967,1.0111494,0.031513132,20.315657,77.732544,38.193119,6.9802771,5.9973769,166.5537,1.9979012,0.62025887,3.4884335e-09,834.97778,1150.7505
1910.9167,417.04773,0.3886537,416.31808,1.0115726,0.031513352,20.515804,78.028809,38.340069,7.0255885,6.0496249,166.53767,1.9017614,2.1486986,3.9868655e-09,834.79755,1151.2951
1911,416.9566,0.38970014,416.22504,1.0120028,0.031513575,20.672722,78.27948,38.464649,6.8304396,5.8695297,166.52196,1.8766847,0.50630867,4.2255506e-09,834.61487,1151.2537
1911.0833,416.86932,0.39039248,416.13651,1.0124121,0.031513788,20.777876,78.489403,38.569107,6.8165631,5.86726,166.50722,1.9325323,0.64153409,4.2664201e-09,834.44012,1151.4675
1911.1667,416.78146,0.39073819,416.048,1.0128212,0.031514,20.853548,78.683197,38.665634,6.8022833,5.8638606,166.49248,1.9510099,0.66801053,4.2796384e-09,834.26453,1151.6255
1911.25,416.69095,0.39126521,415.95651,1.0132442,0.031514216,20.914488,78.871536,38.759518,6.7921324,5.8652687,166.47723,1.9475923,0.6906684,4.304932e-09,834.08344,1151.7636
1911.3333,416.6015,0.39235678,415.86505,1.013667,0.031514436,21.001949,79.104218,38.875145,6.7849498,5.8696427,166.46201,1.9713033,0.8302412,4.3180544e-09,833.90405,1152.002
1911.4167,416.51224,0.39353645,415.77362,1.0140897,0.031514656,21.5833,80.340843,39.482418,6.8256612,5.1750236,166.4476,2.6899652,0.77418602,3.8008356e-09,833.72498,1153.5798
1911.5,416.41519,0.39049226,415.68219,1.0145124,0.031514872,23.246862,83.984367,41.268536,6.9378386,4.9690948,166.43309,3.7592614,1.311157,2.4103854e-09,833.53394,1160.3737
1911.5833,416.31683,0.38753644,415.58929,1.0149419,0.031515095,25.354958,88.31971,43.395157,6.9872074,4.9448237,166.416,2.719274,1.0732958,1.9417754e-09,833.34015,1168.758
1911.6667,416.22513,0.3873587,415.49789,1.0153644,0.031515311,27.675858,93.059204,45.719421,7.026835,4.9242864,166.39966,2.6462069,1.0662091,1.7593349e-09,833.15723,1177.9625
1911.75,416.13467,0.38784721,415.40649,1.0157868,0.031515531,29.552099,96.860672,47.583878,6.8545036,5.2884598,166.38257,2.466126,1.154285,1.7171852e-09,832.97632,1185.4985
1911.8333,416.04437,0.38841194,415.31516,1.016209,0.031515747,30.6383,99.016632,48.642921,6.7271399,5.6968536,166.36537,2.2134235,0.90589452,2.2536213e-09,832.79565,1189.8829
1911.9167,415.95676,0.39040756,415.22382,1.0166312,0.031515963,30.712051,99.21402,48.741081,6.764739,5.741869,166.34853,1.666415,1.5669112,4.2278279e-09,832.61908,1190.1414
1912,415.86618,0.39161879,415.13101,1.0170602,0.031516183,30.69783,99.263786,48.766815,6.6577311,5.6454082,166.33319,1.7219621,0.40069446,4.5359592e-09,832.43738,1189.8021
1912.0833,415.78012,0.39283168,415.04272,1.0174683,0.031516396,30.703466,99.363144,48.816814,6.6378522,5.6390204,166.31874,1.7299405,0.7823332,4.5552273e-09,832.26465,1189.7437
1912.1667,415.69376,0.39385283,414.95447,1.0178765,0.031516604,30.723221,99.499825,48.885105,6.5946264,5.6102242,166.30429,1.7754829,0.8877784,4.5717052e-09,832.09149,1189.7088
1912.25,415.60379,0.39454374,414.86325,1.0182983,0.03151682,30.763718,99.692528,48.980923,6.53336,5.5684185,166.28937,1.8060062,0.92419606,4.5789159e-09,831.91138,1189.7397
1912.3333,415.51254,0.39451864,414.77206,1.01872,0.031517036,30.990438,100.321,49.290104,6.5276289,5.425252,166.27477,2.170707,1.0249434,4.2297632e-09,831.72937,1190.5586
1912.4167,415.41846,0.39295262,414.68088,1.0191417,0.031517252,32.479355,103.75957,50.956841,6.6216726,4.6801372,166.25996,2.7363703,0.79326415,2.9864136e-09,831.54297,1196.3005
1912.5,415.32056,0.38931909,414.58969,1.0195632,0.031517465,34.451939,107.88052,52.972061,6.7327633,4.7178345,166.24461,2.7908571,1.0349189,2.3976856e-09,831.35065,1204.3504
1912.5833,415.22479,0.3876363,414.49701,1.0199915,0.031517684,36.432056,111.95241,54.968014,6.8269515,4.7538037,166.22896,2.7901127,1.1422685,1.964469e-09,831.16095,1212.3231
1912.6667,415.13382,0.38771668,414.40585,1.0204129,0.031517901,38.037292,115.20337,56.562618,6.9046545,4.7730689,166.21246,2.6442876,1.0588138,1.7825833e-09,830.97925,1218.6727
1912.75,415.04346,0.38811794,414.31473,1.0208342,0.031518117,38.841312,116.731,57.314785,6.8733735,4.9495487,166.19534,2.3936999,1.1219738,1.8997135e-09,830.79865,1221.7041
1912.8333,414.9538,0.3888973,414.22363,1.0212554,0.031518329,39.145695,117.36531,57.626575,6.5808716,5.5239429,166.17793,1.7162957,0.42862105,3.4784138e-09,830.61902,1223.0393
1912.9167,414.86429,0.3897413,414.13254,1.0216764,0.031518545,39.136887,117.43004,57.658951,6.5755177,5.5243459,166.16222,1.6118062,1.4100872,4.6455479e-09,830.43976,1222.9277
1913,414.77197,0.3898758,414.03998,1.0221044,0.031518761,39.061768,117.37715,57.634098,6.4723907,5.425468,166.14725,1.621121,0.29789016,4.8511519e-09,830.25537,1222.3735
1913.0833,414.68338,0.38960674,413.95193,1.0225115,0.03151897,39.01807,117.39884,57.645771,6.463737,5.4276171,166.13309,1.6837621,0.36445636,4.8544035e-09,830.07892,1222.166
1913.1667,414.59555,0.38971487,413.86389,1.0229185,0.031519175,38.99337,117.4781,57.685692,6.449091,5.4278007,166.11887,1.6998653,0.40752009,4.8560485e-09,829.9035,1222.0564
1913.25,414.50504,0.38998851,413.77289,1.0233392,0.031519391,38.972511,117.58192,57.737709,6.4328761,5.4264235,166.10417,1.727901,0.45982745,4.8591908e-09,829.72272,1221.9784
1913.3333,414.41367,0.38979167,413.68192,1.0237598,0.031519603,39.238323,118.27678,58.078964,6.4345226,5.4352331,166.08946,1.8540529,0.6531142,4.400194e-09,829.54059,1223.0939
1913.4167,414.32104,0.38889083,413.59094,1.0241803,0.031519815,41.080734,122.19279,59.997787,6.5289803,4.5396738,166.07521,2.6798251,0.76481509,2.9457734e-09,829.35657,1229.7718
1913.5,414.2276,0.38753814,413.5,1.0246007,0.031520028,43.03727,126.29457,62.008354,6.6556201,4.5816994,166.0603,2.8875644,1.0233178,2.3625082e-09,829.1712,1237.8091
1913.5833,414.13434,0.38709068,413.40756,1.025028,0.031520244,44.987537,130.35498,63.995811,6.7448478,4.6113119,166.04356,1.8886194,0.59734869,2.204366e-09,828.98547,1245.7235
1913.6667,414.04382,0.38729817,413.31665,1.0254482,0.031520456,46.453465,133.38747,65.481316,6.8094406,4.6290874,166.02731,1.6705251,0.47916442,2.1273097e-09,828.80475,1251.5928
1913.75,413.9534,0.38754267,413.22577,1.0258684,0.031520668,47.615784,135.78291,66.654861,6.6510992,4.9696941,166.01128,1.8070978,0.65917504,2.3033806e-09,828.62408,1256.3097
1913.8333,413.86331,0.38795194,413.13489,1.0262885,0.031520881,47.931965,136.45343,66.984146,6.5043764,5.3857269,165.99509,1.8545122,0.51257092,3.3015128e-09,828.44391,1257.6987
1913.9167,413.77304,0.38825342,413.04404,1.0267085,0.031521093,48.075619,136.76506,67.137947,6.5886788,5.4668236,165.97899,1.816699,1.6026193,3.7184007e-09,828.26355,1258.2767
1914,413.68106,0.38843921,412.95175,1.0271353,0.031521309,48.211727,137.05074,67.27906,6.51999,5.3963289,165.96303,1.7799538,0.42744032,3.9793733e-09,828.0799,1258.5008
1914.0833,413.59348,0.38856089,412.86392,1.0275413,0.031521514,48.336082,137.30464,67.404602,6.5092177,5.3958125,165.94812,1.749627,0.43980679,4.1184283e-09,827.90497,1258.8035
1914.1667,413.50583,0.38865378,412.77609,1.0279472,0.031521715,48.463299,137.56,67.530869,6.4981971,5.396132,165.93333,1.7134914,0.43995118,4.1975436e-09,827.72998,1259.1118
1914.25,413.41522,0.38874054,412.68533,1.0283668,0.031521928,48.60078,137.83377,67.666229,6.4859691,5.3981709,165.91818,1.7201891,0.46787074,4.2235184e-09,827.54913,1259.4522
1914.3333,413.32495,0.38899752,412.5946,1.0287863,0.03152214,48.761517,138.15784,67.826271,6.4809446,5.4086437,165.90306,1.7694826,0.52346718,4.2246895e-09,827.3689,1259.9072
1914.4167,413.23468,0.38924828,412.50388,1.0292057,0.031522349,49.0877,138.83762,68.160187,6.5636063,4.6858163,165.88786,1.8280548,0.39428756,4.1065795e-09,827.18854,1260.4113
1914.5,413.14377,0.3891311,412.41318,1.0296251,0.031522561,50.535065,141.94151,69.68074,6.6726665,4.5987468,165.87373,3.0814056,0.96043861,2.6008153e-09,827.00714,1266.3096
1914.5833,413.05026,0.38840234,412.32101,1.0300512,0.031522773,51.802551,144.60233,70.986511,6.7477474,4.6122503,165.85815,3.12537,1.1199151,2.1562638e-09,826.82117,1271.4307
1914.6667,412.95932,0.38824716,412.23035,1.0304704,0.031522982,52.887154,146.78177,72.056419,6.7952886,4.6106715,165.84238,2.8897178,1.0701034,1.9948505e-09,826.63983,1275.6136
1914.75,412.86884,0.38832676,412.13971,1.0308894,0.031523194,53.492653,147.91176,72.611885,6.7172542,4.8144083,165.82607,2.414299,0.95649904,2.432017e-09,826.45923,1277.8333
1914.8333,412.77893,0.38871217,412.04907,1.0313083,0.031523403,53.842697,148.53763,72.919662,6.4677753,5.3361921,165.80957,1.7081271,0.45319176,3.6296275e-09,826.27948,1279.193
1914.9167,412.68863,0.38887843,411.9585,1.0317272,0.031523611,54.01918,148.83067,73.064392,6.4872661,5.3610635,165.79405,1.6835494,1.7524766,4.1870964e-09,826.09924,1279.6558
1915,412.59686,0.38902524,411.86642,1.0321529,0.031523824,54.228317,149.20128,73.247162,6.4098053,5.2805552,165.77838,1.6645002,0.38836867,4.1878274e-09,825.91595,1280.0615
1915.0833,412.50961,0.38920993,411.77884,1.0325578,0.031524025,54.394367,149.49303,73.391281,6.3985291,5.2814541,165.76353,1.6464386,0.42025524,4.2097281e-09,825.7417,1280.4639
1915.1667,412.4223,0.38935605,411.69125,1.0329627,0.031524226,54.550831,149.77231,73.529312,6.3820224,5.2789016,165.74883,1.6490731,0.45116106,4.2418065e-09,825.56738,1280.8295
1915.25,412.33224,0.38961041,411.60074,1.0333812,0.031524435,54.714256,150.07195,73.677376,6.366663,5.2790718,165.7337,1.6699406,0.50960964,4.2587569e-09,825.38751,1281.2305
1915.3333,412.2421,0.38978741,411.51025,1.0337996,0.031524643,54.904411,150.43661,73.8573,6.3646889,5.2907653,165.71855,1.7297879,0.6458326,4.2637929e-09,825.20746,1281.7798
1915.4167,412.15277,0.39041993,411.4198,1.034218,0.031524852,55.242783,151.12466,74.195381,6.4101005,4.6038146,165.70334,1.7534559,0.35981306,4.1345651e-09,825.02881,1282.3089
1915.5,412.06198,0.39023045,411.32935,1.0346361,0.031525061,56.720837,154.2793,75.740898,6.4906583,4.4664183,165.6893,3.1182673,0.95127851,2.6804461e-09,824.84772,1288.2351
1915.5833,411.96713,0.38865012,411.23743,1.0350611,0.031525269,58.253918,157.5092,77.324715,6.5703559,4.4839568,165.67381,3.2476375,1.19582,2.0445108e-09,824.65979,1294.4757
1915.6667,411.87671,0.38863295,411.147,1.0354792,0.031525478,59.487392,160.00542,78.549156,6.6199074,4.4889731,165.65787,3.0300028,1.1457733,1.8552113e-09,824.47937,1299.2881
1915.75,411.7868,0.38888913,411.05661,1.0358971,0.031525686,60.640083,162.31198,79.679367,6.4632874,4.8495984,165.64098,2.3861127,0.97343934,2.3222519e-09,824.29974,1303.885
1915.8333,411.69739,0.38939449,410.96622,1.036315,0.031525891,60.89291,162.75249,79.896347,6.3361835,5.2340975,165.62416,1.7626605,0.46973619,3.5403718e-09,824.12085,1304.857
1915.9167,411.6076,0.38970658,410.87589,1.0367328,0.0315261,61.070732,163.05484,80.045662,6.4192257,5.3188577,165.60815,1.7789249,1.4481428,3.694498e-09,823.94147,1305.4589
1916,411.51663,0.39015198,410.78406,1.0371573,0.031526309,61.234161,163.33789,80.185486,6.4276395,5.3277521,165.59212,1.7807835,0.47335806,3.843772e-09,823.75958,1305.8646
1916.0833,411.42996,0.39050367,410.69672,1.0375612,0.03152651,61.382652,163.60225,80.316071,6.4943476,5.4041123,165.577,1.7827398,0.64531451,3.9149137e-09,823.5863,1306.3627
1916.1667,411.34311,0.3907589,410.60941,1.0379651,0.031526707,61.516602,163.84412,80.435593,6.4883265,5.410305,165.56198,1.7729996,0.67110759,4.0080224e-09,823.41278,1306.6697
1916.25,411.25366,0.39120042,410.51913,1.0383824,0.031526912,61.646107,164.08241,80.553421,6.4483719,5.3888998,165.54663,1.7653271,0.73556662,4.0744137e-09,823.23395,1306.8998
1916.3333,411.16449,0.39179385,410.42889,1.0387998,0.031527121,61.778316,164.33377,80.677643,6.3807645,5.3450179,165.53134,1.7914829,0.81764251,4.0938635e-09,823.05554,1307.1023
1916.4167,411.07443,0.39186817,410.33868,1.039217,0.031527326,61.935993,164.64653,80.831886,6.3290725,4.9079933,165.51604,1.8268577,0.59480608,4.0961958e-09,822.87579,1307.0433
1916.5,410.98474,0.39214769,410.24847,1.0396341,0.03152753,62.185398,165.15974,81.084175,6.3875866,4.5916271,165.50078,1.8770748,0.4681271,3.94592e-09,822.69653,1307.6058
1916.5833,410.8927,0.39194337,410.15683,1.040058,0.031527739,63.528667,168.05472,82.501823,6.4690051,4.5209851,165.48639,3.2527993,1.1447111,2.5465339e-09,822.51306,1313.0746
1916.6667,410.80035,0.39074731,410.06665,1.0404749,0.031527944,65.151443,171.50314,84.189651,6.5733557,4.5641971,165.47098,3.2677162,1.3211074,2.0599558e-09,822.32977,1319.7826
1916.75,410.70969,0.39046559,409.9765,1.0408918,0.031528149,66.501183,174.29288,85.554794,6.673934,4.619359,165.45534,3.0496328,1.2626764,1.9815392e-09,822.14911,1325.2467
1916.8333,410.61963,0.39050117,409.88638,1.0413085,0.031528354,67.272736,175.82204,86.303673,6.3408194,5.3062453,165.4391,2.2760234,1.1582692,2.8211653e-09,821.96936,1328.454
1916.9167,410.53366,0.39273721,409.7963,1.0417252,0.031528555,67.196236,175.69264,86.241257,6.3588119,5.3331294,165.4234,1.5086404,1.6613784,4.7298818e-09,821.79596,1328.0414
1917,410.44562,0.39464599,409.70474,1.0421486,0.031528763,66.994034,175.38832,86.093201,6.1783409,5.1648097,165.42247,1.3936996,0.25135705,4.9093081e-09,821.61877,1326.86
1917.0833,410.36032,0.39563134,409.61765,1.0425514,0.031528961,66.820816,175.14713,85.976074,6.1541419,5.1563058,165.43483,1.5035561,0.32682011,4.9649183e-09,821.44769,1326.137
1917.1667,410.27411,0.39611503,409.53058,1.0429542,0.031529158,66.737946,175.07823,85.943306,6.1445298,5.1606126,165.44852,1.5323575,0.38539809,4.9718083e-09,821.27533,1325.7884
1917.25,410.18689,0.39761457,409.44058,1.0433705,0.031529363,66.624619,174.98837,85.900291,6.131371,5.162641,165.46286,1.557135,0.54297835,4.9954636e-09,821.10004,1325.3702
1917.3333,410.09796,0.3981899,409.35062,1.0437868,0.031529564,66.652206,175.14034,85.975594,6.0990558,5.1442156,165.47794,1.6365469,1.0479554,4.848602e-09,820.92212,1325.4114
1917.4167,410.00845,0.39842847,409.26068,1.0442028,0.031529769,67.795982,177.66101,87.209503,6.1742363,4.4669585,165.49631,2.7856507,0.80874074,3.4761209e-09,820.74335,1329.5474
1917.5,409.91711,0.39767504,409.17075,1.0446188,0.03152997,69.461395,181.29988,88.989883,6.2939897,4.3874683,165.51503,3.3506455,1.1974114,2.5724263e-09,820.56171,1336.5094
1917.5833,409.823,0.3961961,409.07938,1.0450417,0.031530175,71.188339,184.95399,90.776962,6.3752666,4.3988085,165.54265,3.3873262,1.2938184,2.1567923e-09,820.37518,1343.6112
1917.6667,409.72729,0.39303854,408.98947,1.0454575,0.03153038,72.781075,188.23422,92.380753,6.4992666,4.4607735,165.58412,3.1232023,1.1914814,1.923081e-09,820.18683,1350.127
1917.75,409.63205,0.39014167,408.89957,1.0458733,0.031530581,73.875877,190.42009,93.449562,6.5183859,4.6409254,165.62419,2.7915606,1.2701342,2.0289979e-09,819.99921,1354.5283
1917.8333,409.54138,0.38970682,408.80969,1.046289,0.031530783,74.051483,190.79727,93.634537,6.2054086,5.1884618,165.653,1.5209659,0.36581919,4.2236006e-09,819.8186,1355.3488
1917.9167,409.45505,0.39162436,408.71982,1.0467045,0.031530984,73.807159,190.42639,93.453735,6.1850934,5.1776094,165.66693,1.428414,0.82337487,4.8692161e-09,819.64478,1354.3617
1918,409.39905,0.41073593,408.62857,1.0471268,0.031531189,73.546867,190.03566,93.263268,6.1704731,5.1703196,165.24634,3.1105769,1.0548586,5.1728417e-09,819.51703,1352.9499
1918.0833,409.2851,0.39604723,408.54175,1.0475286,0.031531382,73.316933,189.72604,93.112511,6.1772323,5.1897469,165.2323,1.7966148,0.52714807,4.9967213e-09,819.302,1352.0568
1918.1667,409.19489,0.39422891,408.45493,1.0479302,0.03153158,73.095215,189.46066,92.983414,6.1527648,5.1867576,165.21848,1.720789,0.66906995,4.9743401e-09,819.12354,1351.2208
1918.25,409.10773,0.39565107,408.36514,1.0483454,0.031531781,72.86705,189.21068,92.861832,6.127141,5.1763926,165.20409,1.7121266,0.81904346,4.9913584e-09,818.94843,1350.3956
1918.3333,409.0202,0.39685601,408.27542,1.0487607,0.031531982,72.646706,188.99692,92.757957,6.090951,5.155036,165.1897,1.818377,1.0006647,5.0049502e-09,818.77283,1349.6101
1918.4167,408.93015,0.39667791,408.1857,1.0491756,0.03153218,72.562309,189.00948,92.764458,6.0877924,4.6713448,165.17511,1.8686873,0.66531223,5.0012514e-09,818.59326,1348.8637
1918.5,408.84296,0.39804748,408.09604,1.0495906,0.031532381,72.773903,189.75952,93.130363,6.2161074,4.512774,165.16125,2.7143421,0.80869055,4.1630708e-09,818.41815,1349.972
1918.5833,408.74435,0.39399457,408.00488,1.0500122,0.031532586,74.122086,192.98418,94.705643,6.3897209,4.5293531,165.14677,3.7975764,1.3566896,2.6136917e-09,818.22473,1356.1025
1918.6667,408.6442,0.38831854,407.91519,1.050427,0.031532783,75.526741,196.02763,96.193275,6.5357084,4.6094346,165.13173,3.512866,1.3676203,2.3250302e-09,818.02966,1362.0542
1918.75,408.55344,0.38774085,407.82553,1.0508417,0.031532984,76.462067,197.98225,97.148529,6.5152202,4.8950176,165.11613,2.77706,1.2645327,3.0055385e-09,817.84912,1365.9684
1918.8333,408.46796,0.39000902,407.73587,1.0512563,0.031533185,76.353569,197.90192,97.109238,6.2878299,5.3064141,165.10042,1.636526,0.43178326,4.6893791e-09,817.6767,1365.7362
1918.9167,408.38159,0.39178029,407.64627,1.0516708,0.031533383,76.067337,197.50909,96.917511,6.2735972,5.304872,165.08603,1.6949527,1.6001065,4.7786028e-09,817.50293,1364.6613
1919,408.29276,0.39299348,407.55521,1.052092,0.031533584,75.789833,197.16756,96.750946,6.1494126,5.193666,165.08598,1.6179034,0.70415139,4.7929327e-09,817.32458,1363.462
1919.0833,408.20868,0.39438114,407.46857,1.0524926,0.031533778,75.518463,196.84003,96.591248,6.1008105,5.1591401,165.09947,1.6209413,0.99623382,4.8090718e-09,817.1557,1362.4649
1919.1667,408.12463,0.39577043,407.38196,1.0528933,0.031533971,75.248894,196.53654,96.443298,6.0503464,5.1206646,165.11305,1.6674094,1.1299895,4.8251758e-09,816.98682,1361.4996
1919.25,408.03741,0.39702865,407.29245,1.0533074,0.031534169,74.974487,196.25446,96.305855,5.9942036,5.0766969,165.1274,1.7164302,1.2254519,4.8397579e-09,816.81177,1360.5449
1919.3333,407.94839,0.39728335,407.20297,1.0537214,0.031534366,74.875443,196.35345,96.354683,5.9514613,5.0417528,165.14262,1.9461548,1.4583828,4.5310204e-09,816.63391,1360.3534
1919.4167,407.85785,0.39671484,407.11349,1.0541354,0.031534564,76.037193,199.03397,97.665581,6.0116978,4.3636622,165.16093,3.218889,1.1008496,3.2938332e-09,816.45374,1364.7267
1919.5,407.7655,0.39514497,407.02405,1.0545492,0.031534761,77.560226,202.37149,99.297112,6.1276822,4.290134,165.17955,3.6554439,1.4161184,2.5628495e-09,816.27081,1371.097
1919.5833,407.67065,0.39301848,406.93314,1.0549698,0.031534962,79.196304,205.80531,100.97496,6.282424,4.3749857,165.20924,3.608732,1.5366788,2.0820301e-09,816.08337,1377.9266
1919.6667,407.57501,0.38965398,406.84369,1.0553834,0.03153516,80.575096,208.59518,102.33757,6.4245358,4.4581151,165.25104,3.3110471,1.4665949,1.9115853e-09,815.89526,1383.5368
1919.75,407.48013,0.38668215,406.75427,1.055797,0.031535357,81.512794,210.41046,103.22426,6.5452113,4.5243769,165.29092,3.0258963,1.3389431,1.9526845e-09,815.70844,1387.2165
1919.8333,407.38788,0.38515204,406.66486,1.0562105,0.031535555,81.989403,211.2204,103.62073,6.2559948,5.1722746,165.32243,2.8648808,1.5603266,2.1440192e-09,815.52563,1389.1069
1919.9167,407.29868,0.38525468,406.57544,1.0566239,0.031535752,82.28141,211.65147,103.8315,6.3416023,5.2906642,165.34406,2.553225,1.9750898,2.5461115e-09,815.3476,1390.0884
1920,407.22455,0.39429986,406.48462,1.057044,0.031535953,82.553276,212.07053,104.03634,6.439167,5.374938,164.90761,4.181354,1.8644108,2.8484566e-09,815.19208,1390.574
1920.0833,407.12354,0.38638049,406.39819,1.0574436,0.031536143,82.764946,212.40678,104.20083,6.5403395,5.4809365,164.892,2.2642639,1.0520381,3.0912088e-09,814.99707,1391.2829
1920.1667,407.03796,0.3868399,406.3118,1.0578432,0.031536333,82.924553,212.65858,104.32404,6.6101084,5.5559411,164.87682,2.1937263,1.2992188,3.2909473e-09,814.82599,1391.776
1920.25,406.9501,0.38762343,406.22247,1.0582563,0.031536527,83.081451,212.92328,104.4534,6.6602883,5.6113691,164.86111,2.0820198,1.3840463,3.5125691e-09,814.64996,1392.2409
1920.3333,406.86218,0.38836414,406.13318,1.0586692,0.031536724,83.202232,213.13129,104.55498,6.693882,5.6481237,164.84552,2.0290411,1.5789785,3.6551984e-09,814.47394,1392.55
1920.4167,406.77469,0.38930833,406.04391,1.0590822,0.031536918,83.311836,213.32993,104.65187,6.7146797,5.3279853,164.83006,2.0367355,1.1520448,3.702878e-09,814.29852,1392.4649
1920.5,406.68643,0.38985506,405.95465,1.0594949,0.031537116,83.419937,213.53806,104.75306,6.781652,4.8945885,164.81453,2.0017481,0.56854552,3.7394821e-09,814.12201,1392.3238
1920.5833,406.59476,0.38930225,405.86398,1.0599144,0.031537313,84.035538,214.85258,105.39426,6.8038335,4.8310857,164.79982,3.0291994,1.089969,2.6461879e-09,813.93951,1394.6567
1920.6667,406.50339,0.38812706,405.77475,1.0603269,0.03153751,84.776199,216.38844,106.14413,6.8455138,4.8179173,164.78455,3.2644346,1.3475403,2.1788895e-09,813.75812,1397.5149
1920.75,406.41364,0.38782793,405.68558,1.0607394,0.031537704,85.19014,217.21695,106.54823,6.7228084,5.1843729,164.76855,2.7067606,1.2678727,2.7663414e-09,813.57935,1399.2104
1920.8333,406.32507,0.38815209,405.59641,1.0611517,0.031537898,84.940338,216.92622,106.40607,6.6139522,5.5677276,164.75273,2.3203478,0.94245309,3.2956058e-09,813.40234,1398.6095
1920.9167,406.2373,0.38890514,405.50723,1.0615641,0.031538092,84.633133,216.5845,106.23906,6.7012806,5.6597581,164.73709,2.1982749,1.8567427,3.7022179e-09,813.22656,1397.7815
1921,406.14847,0.38984385,405.41666,1.0619831,0.031538289,84.278915,216.19353,106.04792,6.6085186,5.5824947,164.73936,1.9724069,0.9479028,4.0905488e-09,813.04852,1396.4992
1921.0833,406.06277,0.39011544,405.33047,1.0623817,0.031538479,83.934113,215.83447,105.87243,6.5617466,5.5484776,164.75853,1.9733894,1.2376262,4.1387778e-09,812.87726,1395.3871
1921.1667,405.97742,0.3905437,405.24432,1.0627803,0.031538665,83.579117,215.46565,105.69206,6.4954262,5.4942842,164.77687,1.9851409,1.4677973,4.1949022e-09,812.70667,1394.2101
1921.25,405.88913,0.39097545,405.15524,1.0631921,0.031538859,83.201912,215.08591,105.50634,6.4198089,5.4306374,164.79532,2.0133581,1.5402056,4.2078119e-09,812.53003,1392.97
1921.3333,405.80081,0.39135385,405.06622,1.063604,0.031539053,82.814476,214.71198,105.32349,6.3468633,5.3696818,164.81363,2.0804369,1.6034226,4.2151309e-09,812.35358,1391.7337
1921.4167,405.71326,0.39215899,404.9772,1.0640159,0.031539246,82.458015,214.45471,105.19752,6.3594518,4.951551,164.83267,2.1648602,0.88710111,4.1914325e-09,812.17822,1390.4321
1921.5,405.63043,0.39549336,404.88821,1.0644275,0.03153944,82.230782,215.4695,105.68974,6.5320101,4.6930103,164.85548,4.9894681,1.8821671,2.8078135e-09,812.01019,1391.4807
1921.5833,405.53143,0.39084077,404.79779,1.0648458,0.031539638,81.723015,216.68303,106.27798,6.7743578,4.8026147,164.88179,5.3763213,2.2302144,2.0995645e-09,811.81647,1392.9593
1921.6667,405.43832,0.38859239,404.70883,1.0652573,0.031539828,81.445557,217.8584,106.84767,6.9185262,4.8781176,164.91313,4.8178053,2.0837989,1.8482407e-09,811.63257,1394.494
1921.75,405.34872,0.38822839,404.61987,1.0656687,0.031540021,80.984009,218.07455,106.95016,6.8195229,5.2027836,164.93318,3.6657579,1.959532,2.109954e-09,811.45404,1394.4183
1921.8333,405.26035,0.38852629,404.53094,1.0660801,0.031540215,80.473312,217.61629,106.72519,6.6907463,5.6381164,164.95312,2.6432791,1.1674805,2.6013074e-09,811.27747,1393.3743
1921.9167,405.173,0.38935664,404.44202,1.0664912,0.031540405,80.008736,217.14021,106.49205,6.7784333,5.7305989,164.9734,2.2253881,2.3675873,3.3037044e-09,811.10242,1392.2258
1922,405.11694,0.40789914,404.35175,1.0669092,0.031540602,79.524773,216.61026,106.23296,6.690454,5.6519132,164.55319,3.9291656,1.9975798,3.6236749e-09,810.97504,1390.2386
1922.0833,405.00742,0.39509848,404.26584,1.0673068,0.031540785,79.060287,216.11005,105.9885,6.78298,5.749517,164.53772,2.5174611,1.3943281,3.5854382e-09,810.76721,1388.9962
1922.1667,404.92075,0.39466807,404.17993,1.0677042,0.031540971,78.579735,215.58885,105.7337,6.8541179,5.82582,164.52258,2.4378901,1.4191226,3.6894137e-09,810.5946,1387.6993
1922.25,404.83292,0.39520252,404.09113,1.0681151,0.031541161,78.07196,215.03006,105.46045,6.9222035,5.8991303,164.5071,2.4150913,1.5226845,3.8190313e-09,810.41888,1386.3098
1922.3333,404.74533,0.39584133,404.00235,1.0685259,0.031541355,77.564293,214.46759,105.18535,6.9666142,5.9478087,164.49176,2.424612,1.7972454,3.8775516e-09,810.24365,1384.8671
1922.4167,404.65796,0.39657649,403.9136,1.0689366,0.031541545,77.069542,213.94235,104.92826,7.0094504,5.7621655,164.47658,2.4530592,1.4228126,3.8993808e-09,810.0686,1383.257
1922.5,404.57587,0.40017325,403.82489,1.0693471,0.031541735,76.327507,213.28984,104.60696,7.1318555,5.4404507,164.46181,2.7103977,0.88420379,3.9748045e-09,809.90179,1381.1602
1922.5833,404.48657,0.40063602,403.73474,1.0697644,0.031541929,75.243629,213.03513,104.47532,7.3002911,5.4210358,164.44925,4.59238,1.7022336,3.3636405e-09,809.72327,1379.6479
1922.6667,404.39429,0.39867496,403.64606,1.0701748,0.031542119,73.278862,212.63756,104.27061,7.5207028,5.4944763,164.43559,6.3146086,2.6876776,2.4256748e-09,809.54077,1377.1786
1922.75,404.29813,0.39461195,403.55737,1.0705851,0.031542309,71.323227,211.27689,103.59971,7.5945067,5.7612243,164.41782,4.6834502,2.7450593,2.7579035e-09,809.35223,1373.3255
1922.8333,404.21222,0.39609924,403.46872,1.0709953,0.031542499,70.095154,210.05669,103.00079,7.3124428,6.2619734,164.39977,2.322751,1.0168339,4.2285353e-09,809.17957,1370.3065
1922.9167,404.12741,0.39817613,403.3801,1.0714055,0.031542689,69.237709,209.13527,102.54928,7.2814789,6.2443919,164.38474,2.3865371,3.0578084,4.3089612e-09,809.00861,1367.8415
1923,404.0401,0.39966357,403.29004,1.0718223,0.031542882,68.404709,208.24518,102.11343,7.045362,6.0277953,164.41223,2.1180663,1.0341597,4.3457087e-09,808.83319,1365.0819
1923.0833,403.95789,0.40153229,403.20438,1.0722189,0.031543065,67.608513,207.39249,101.6955,7.0042815,5.9997315,164.4783,2.1343896,1.205719,4.3733892e-09,808.66754,1362.8463
1923.1667,403.8764,0.40378696,403.11874,1.0726153,0.031543247,66.816162,206.54178,101.27843,6.947763,5.9565406,164.54228,2.1116679,1.3141856,4.4076653e-09,808.50311,1360.586
1923.25,403.79251,0.40630031,403.03024,1.0730251,0.031543437,65.97213,205.64355,100.83782,6.8898997,5.911099,164.60609,2.1723995,1.5226966,4.4460466e-09,808.33362,1358.1942
1923.3333,403.70847,0.40869915,402.94174,1.0734348,0.031543627,64.980186,204.64513,100.34901,6.8224301,5.8563976,164.66913,2.3026912,1.7219181,4.4749742e-09,808.16388,1355.4861
1923.4167,403.62518,0.4114953,402.8533,1.0738444,0.031543817,63.875179,203.68047,99.876564,6.8333058,5.430192,164.73587,2.6756222,1.015691,4.4796327e-09,807.99542,1352.427
1923.5,403.54138,0.41400072,402.76489,1.0742539,0.031544004,62.208771,203.17003,99.6166,7.0597124,5.2656183,164.81419,6.2665696,2.4308929,3.0884983e-09,807.82611,1349.9611
1923.5833,403.43384,0.40441072,402.67505,1.0746701,0.031544197,60.738079,202.72429,99.39119,7.3107095,5.3844662,164.95706,5.8335252,2.4894998,2.2251931e-09,807.61951,1348.1254
1923.6667,403.32748,0.3947024,402.58661,1.0750794,0.031544384,60.397453,202.9581,99.501587,7.507719,5.5169897,165.13361,5.1543164,2.3235161,1.8843749e-09,807.41547,1348.4309
1923.75,403.23145,0.39056951,402.49814,1.0754887,0.031544574,60.079136,202.88663,99.461235,7.6715407,5.6349335,165.26297,4.4125304,1.9937261,1.8858572e-09,807.22717,1348.2236
1923.8333,403.14362,0.39089388,402.4097,1.0758978,0.03154476,59.477554,201.9509,99.000038,7.4123135,6.1196027,165.3494,2.4804113,2.0401416,2.9420528e-09,807.0517,1346.3615
1923.9167,403.06274,0.39497751,402.32129,1.0763069,0.031544946,58.887554,201.02597,98.54789,7.2520657,6.2026458,165.3997,1.7309544,1.9119622,4.5485797e-09,806.8869,1344.2027
1924,403.05719,0.44056612,402.2316,1.0767226,0.031545136,58.292534,200.12442,98.10743,7.1867919,6.1504445,164.21184,5.0616136,3.1161253,5.1525313e-09,806.83765,1340.9111
1924.0833,402.93005,0.41791764,402.1463,1.077118,0.031545319,57.72065,199.26942,97.689667,7.1497593,6.1257372,164.19693,2.349653,1.6867654,4.9013318e-09,806.60297,1338.7551
1924.1667,402.83264,0.41139615,402.06094,1.0775135,0.031545497,57.14769,198.41953,97.274399,7.0744786,6.0630097,164.18298,2.2347386,1.7438892,4.8354818e-09,806.41406,1336.5761
1924.25,402.73972,0.40885928,401.97269,1.0779222,0.031545687,56.559738,197.55647,96.852692,6.9738245,5.980001,164.16852,2.1681871,1.7672035,4.8070925e-09,806.23077,1334.3221
1924.3333,402.64954,0.40781739,401.88446,1.0783308,0.031545874,55.980625,196.71446,96.441216,6.8793588,5.9005332,164.15424,2.3106627,1.9297246,4.7966395e-09,806.05164,1332.1221
1924.4167,402.55881,0.40646091,401.79623,1.0787394,0.03154606,55.812748,196.84464,96.503899,6.9158292,5.3494544,164.14232,4.5510249,1.9060644,3.4745127e-09,805.87177,1331.4407
1924.5,402.45685,0.39902514,401.70801,1.0791478,0.031546246,55.872776,197.54807,96.844482,7.1098976,5.2132668,164.1288,5.7200065,2.2715225,2.5763369e-09,805.67456,1332.3919
1924.5833,402.35727,0.393659,401.61832,1.0795629,0.031546433,56.00452,198.19449,97.156921,7.3209829,5.3399348,164.11375,5.5898852,2.4285262,2.0892252e-09,805.48041,1333.611
1924.6667,402.26535,0.39166847,401.53009,1.0799711,0.031546619,56.116741,198.57158,97.337677,7.5127211,5.4575534,164.09836,5.1473861,2.3225739,1.9390984e-09,805.29865,1334.3933
1924.75,402.17535,0.3906965,401.44186,1.0803792,0.031546805,55.91647,198.1109,97.110512,7.3886623,5.992135,164.08147,4.0100784,2.491847,2.2554356e-09,805.11987,1333.7201
1924.8333,402.0874,0.3908304,401.35367,1.0807874,0.031546991,55.558758,197.21094,96.670486,7.3799348,6.2728539,164.06503,3.1439881,1.7200004,2.6490723e-09,804.94427,1332.1023
1924.9167,402.00076,0.39165804,401.26547,1.0811954,0.031547178,55.259232,196.48566,96.315933,7.4659157,6.3648105,164.0491,2.7074859,2.9136117,3.108249e-09,804.77063,1330.7112
1925,401.91394,0.39317441,401.17587,1.08161,0.031547364,54.948418,195.76181,95.961937,7.4264607,6.3316183,164.03316,2.4129558,1.4368702,3.6560177e-09,804.59619,1329.0595
1925.0833,401.83282,0.39539659,401.09064,1.0820044,0.031547543,54.549568,194.96461,95.57209,7.3997054,6.3161354,164.01833,2.1510439,1.3868324,4.2386059e-09,804.43243,1327.2528
1925.1667,401.75061,0.39702237,401.00543,1.0823988,0.031547721,54.074455,194.08888,95.144058,7.3250098,6.2558308,164.00407,2.1643481,1.5720572,4.3749626e-09,804.26703,1325.1594
1925.25,401.66458,0.39813194,400.91736,1.0828065,0.031547908,53.593563,193.21167,94.715317,7.2435045,6.1883683,163.98947,2.2074108,1.7295139,4.3889652e-09,804.09448,1323.0363
1925.3333,401.57758,0.39870471,400.82932,1.0832139,0.03154809,53.173733,192.41797,94.327293,7.1725025,6.1045222,163.97478,2.2867167,1.8372918,4.3718518e-09,803.92035,1321.0912
1925.4167,401.49017,0.39904997,400.74127,1.0836215,0.031548277,53.251873,192.72125,94.473686,7.2371945,5.3119721,163.96286,4.5554142,1.4935216,3.165151e-09,803.74567,1320.7045
1925.5,401.39044,0.39270118,400.65326,1.0840288,0.031548459,53.321373,193.00412,94.608719,7.4421015,5.3965693,163.94879,5.3396773,2.1634362,2.2467501e-09,803.552,1321.2737
1925.5833,401.29666,0.39036447,400.56378,1.0844427,0.031548645,53.307735,192.88301,94.546242,7.6177468,5.471137,163.93297,4.9345875,2.1674745,1.9176971e-09,803.36682,1321.1256
1925.6667,401.20892,0.39050224,400.47577,1.08485,0.031548828,53.401714,192.8837,94.543159,7.7352719,5.5230622,163.91681,4.7927642,2.1306658,1.7001862e-09,803.19159,1321.1953
1925.75,401.12164,0.39086777,400.38779,1.0852571,0.031549014,53.606316,193.09137,94.641251,7.8341236,5.5743012,163.89977,4.3875918,1.9759455,1.6281814e-09,803.01709,1321.6641
1925.8333,401.03458,0.39133209,400.2998,1.0856642,0.031549197,53.425209,192.46365,94.333298,7.5921879,6.0273309,163.88083,2.7000878,1.5210613,2.2834663e-09,802.84296,1320.5655
1925.9167,400.94888,0.3925285,400.21188,1.086071,0.031549379,53.127602,191.67487,93.948013,7.5196652,6.318079,163.86354,2.0525115,1.776181,3.2358858e-09,802.6709,1319.1227
1926,400.86044,0.39302206,400.1225,1.0864846,0.031549565,52.849186,190.94464,93.591408,7.5249801,6.3281364,163.84749,2.0656321,0.68294793,3.7732706e-09,802.49402,1317.5799
1926.0833,400.77621,0.39344233,400.03751,1.0868779,0.031549741,52.583076,190.26048,93.257286,7.5628772,6.3742476,163.83272,2.0274844,0.80167985,4.059018e-09,802.32556,1316.1962
1926.1667,400.69223,0.39399594,399.95251,1.0872713,0.031549919,52.30899,189.57433,92.922157,7.5263038,6.3514371,163.81831,2.0008366,0.82742661,4.2236574e-09,802.15753,1314.6591
1926.25,400.60602,0.39488119,399.86465,1.0876778,0.031550102,52.03693,188.89871,92.592201,7.4869208,6.3273602,163.80359,2.0209618,0.98063028,4.2453046e-09,801.9848,1313.1306
1926.3333,400.52063,0.39621121,399.77682,1.0880843,0.031550281,51.777111,188.26062,92.280594,7.4824038,6.3311105,163.78883,2.1305933,1.1195226,4.2621147e-09,801.81329,1311.7339
1926.4167,400.43353,0.39659566,399.68903,1.0884907,0.031550463,51.886604,188.48647,92.390305,7.5536528,5.8893037,163.77583,3.5436473,1.4390721,3.3527916e-09,801.63922,1311.6214
1926.5,400.33817,0.39248374,399.60123,1.088897,0.031550646,52.382854,189.52203,92.892715,7.6558952,5.488677,163.76105,3.9467993,1.5031599,2.3086937e-09,801.45233,1313.1556
1926.5833,400.24652,0.39117283,399.51199,1.0893099,0.031550832,53.055534,190.5466,93.389687,7.7037992,5.470499,163.74442,3.0121148,1.2435418,1.9825195e-09,801.27051,1315.181
1926.6667,400.15915,0.39137,399.42422,1.0897161,0.031551011,54.240391,192.56575,94.375488,7.7469454,5.4681044,163.72845,2.910408,1.2296022,1.7075741e-09,801.09601,1319.2211
1926.75,400.07214,0.39176723,399.33649,1.0901221,0.031551193,55.273769,194.30952,95.226669,7.6443253,5.7020974,163.71167,2.6021132,1.3132727,1.779825e-09,800.92212,1322.7901
1926.8333,399.98578,0.39247763,399.24875,1.090528,0.031551376,55.355095,194.27075,95.207977,7.4368324,6.1626358,163.69466,2.0444043,0.74523515,2.4975548e-09,800.74908,1322.877
1926.9167,399.89963,0.39330545,399.16104,1.0909339,0.031551555,55.164375,193.79056,94.973946,7.4891138,6.2162452,163.67819,1.9373618,2.4574449,3.3919518e-09,800.57648,1321.8889
1927,399.81146,0.39382026,399.07193,1.0913463,0.031551737,54.958805,193.29735,94.733543,7.3933897,6.1276054,163.6624,1.9770569,0.64823401,3.8557793e-09,800.40015,1320.5733
1927.0833,399.72803,0.3945424,398.98715,1.0917387,0.031551912,54.763836,192.84004,94.510658,7.4247637,6.1698537,163.64774,1.9929165,0.7211743,4.0343613e-09,800.23303,1319.5899
1927.1667,399.64432,0.39511278,398.9024,1.092131,0.031552088,54.548752,192.36139,94.277321,7.3892245,6.148881,163.63324,1.9842616,0.81753337,4.1425765e-09,800.06549,1318.4243
1927.25,399.55759,0.39558268,398.81479,1.0925364,0.031552266,54.30315,191.82683,94.016716,7.3482294,6.1232424,163.61844,1.9847621,0.86323196,4.2613291e-09,799.89203,1317.1286
1927.3333,399.47076,0.39600229,398.7272,1.0929419,0.031552449,54.060768,191.30977,93.764725,7.314281,6.1053543,163.60376,2.031987,0.93104374,4.266409e-09,799.71851,1315.8772
1927.4167,399.38507,0.39702389,398.63962,1.0933472,0.031552628,54.003269,191.21362,93.71814,7.3410473,5.5147271,163.58965,2.461633,0.77869129,3.9014076e-09,799.54663,1314.9271
1927.5,399.29462,0.395441,398.55209,1.0937525,0.031552806,54.732651,192.85419,94.518204,7.4659038,5.2779193,163.57555,3.4454608,1.1539592,2.6179612e-09,799.36749,1317.7919
1927.5833,399.20135,0.39312324,398.4631,1.0941643,0.031552989,56.144421,195.50412,95.812157,7.5548921,5.3048215,163.55995,3.1823092,1.2404566,2.0061712e-09,799.18335,1323.0637
1927.6667,399.11371,0.39305592,398.37558,1.0945693,0.031553168,57.218884,197.37366,96.725731,7.6277914,5.3338218,163.54419,2.8636599,1.1337188,1.8636892e-09,799.00842,1326.8325
1927.75,399.02658,0.39324403,398.28809,1.0949743,0.031553347,57.696678,197.98135,97.024208,7.3101134,5.9464974,163.52806,2.5588946,1.3021667,2.1416142e-09,798.83441,1328.3213
1927.8333,398.93973,0.39357516,398.20059,1.0953792,0.031553525,57.918278,198.10965,97.088142,7.360127,6.0575871,163.51178,2.1138303,0.89061701,2.5465696e-09,798.66089,1328.7065
1927.9167,398.85309,0.39400855,398.11313,1.0957839,0.031553704,58.080135,198.1718,97.119308,7.4245992,6.1256585,163.49583,1.8937625,2.6690774,2.9920266e-09,798.48755,1328.9049
1928,398.76553,0.39472434,398.02426,1.0961953,0.031553887,58.207905,198.1781,97.122993,7.2819829,5.990531,163.4798,1.8807249,0.70025766,3.2683893e-09,798.31226,1328.5736
1928.0833,398.68274,0.39566842,397.9397,1.0965867,0.031554058,58.342495,198.21991,97.143837,7.3471217,6.0657911,163.46472,1.8873166,0.78396809,3.4642691e-09,798.14618,1328.7301
1928.1667,398.59915,0.39616948,397.85516,1.0969779,0.03155423,58.473495,198.26157,97.164536,7.408123,6.1353374,163.44977,1.862304,0.82288831,3.6519174e-09,797.979,1328.8719
1928.25,398.51279,0.3967011,397.76779,1.0973823,0.031554408,58.587936,198.27379,97.170807,7.4316196,6.1703572,163.43452,1.7949663,0.90698588,3.9014614e-09,797.80621,1328.8752
1928.3333,398.42578,0.39689758,397.68045,1.0977867,0.031554587,58.705196,198.29901,97.183403,7.4005599,6.1494193,163.41953,1.8477049,1.1523615,3.9459338e-09,797.63251,1328.7896
1928.4167,398.3382,0.3967458,397.59314,1.098191,0.031554762,59.218731,199.16147,97.604767,7.3484149,5.4039178,163.40498,2.3821852,0.81342602,3.2001386e-09,797.45789,1329.6002
1928.5,398.24887,0.39565206,397.50583,1.0985951,0.031554941,60.412689,201.3891,98.692863,7.3163919,5.0355377,163.39062,3.0982647,1.064726,2.2596445e-09,797.28052,1333.5177
1928.5833,398.15894,0.39500257,397.41708,1.0990058,0.03155512,61.31831,202.92413,99.443214,7.3570037,5.0184617,163.37515,3.0768826,1.1442245,1.9343438e-09,797.10156,1336.5378
1928.6667,398.07199,0.39516521,397.3298,1.0994098,0.031555299,62.178394,204.33315,100.13189,7.3956966,5.0183949,163.35909,2.8702998,1.0965513,1.7465235e-09,796.92798,1339.3446
1928.75,397.9852,0.39541599,397.24255,1.0998138,0.031555474,62.814873,205.30327,100.60609,7.2990155,5.2371435,163.34235,2.3460784,1.0355241,2.135973e-09,796.75452,1341.3573
1928.8333,397.89896,0.39593056,397.1553,1.1002176,0.031555653,62.956036,205.3215,100.61598,7.0674462,5.7316222,163.32564,1.8158337,0.60270041,2.7912657e-09,796.58197,1341.6002
1928.9167,397.81265,0.39640903,397.06808,1.1006213,0.031555828,63.069756,205.3148,100.61378,7.1335454,5.796205,163.30954,1.8216835,1.8769978,3.1692697e-09,796.40936,1341.647
1929,397.72452,0.39667535,396.97946,1.1010315,0.031556007,63.185905,205.32068,100.6177,7.0692177,5.7274027,163.29353,1.8615797,0.57690567,3.4357144e-09,796.23322,1341.4477
1929.0833,397.64069,0.39692453,396.89514,1.101422,0.031556178,63.30933,205.36073,100.63821,7.1441298,5.8098121,163.27844,1.8843395,0.62754345,3.4588825e-09,796.06573,1341.6064
1929.1667,397.5571,0.39729673,396.81085,1.1018121,0.031556349,63.4147,205.37137,100.64427,7.2136092,5.8887386,163.26343,1.8511372,0.63027471,3.6218293e-09,795.89862,1341.6948
1929.25,397.47089,0.39779085,396.72372,1.1022155,0.031556524,63.492336,205.32376,100.62184,7.2836776,5.9692826,163.24821,1.8570806,0.72172028,3.7963415e-09,795.7262,1341.6652
1929.3333,397.38431,0.39807156,396.63663,1.1026188,0.031556699,63.528992,205.19348,100.55909,7.3490515,6.0346947,163.23311,1.886961,0.82000607,3.8567833e-09,795.55316,1341.4516
1929.4167,397.29761,0.39828521,396.54953,1.103022,0.031556875,63.716022,205.38983,100.65553,7.3874292,5.254425,163.21811,1.9566902,0.51883852,3.6791565e-09,795.38,1341.0013
1929.5,397.20956,0.39776063,396.46246,1.1034251,0.03155705,64.708755,207.2883,101.58239,7.4153905,5.0896058,163.20413,3.1191738,1.0846843,2.5117823e-09,795.20483,1344.4934
1929.5833,397.12015,0.39724213,396.37399,1.1038347,0.031557228,65.673683,209.03706,102.4361,7.4731421,5.1113782,163.18881,3.1520247,1.2199625,2.0285651e-09,795.02673,1347.9469
1929.6667,397.0332,0.39728069,396.28696,1.1042377,0.031557404,66.691566,210.84717,103.3189,7.5206289,5.1210241,163.17343,3.1315162,1.2815146,1.8362032e-09,794.85321,1351.5259
1929.75,396.94669,0.39755094,396.19992,1.1046406,0.031557579,67.498756,212.2012,103.97909,7.3436794,5.4717402,163.15665,2.4043052,1.0766168,2.1675814e-09,794.68036,1354.3314
1929.8333,396.86066,0.39804471,396.11295,1.1050433,0.03155775,67.554504,212.06541,103.91358,7.1951032,5.8399072,163.13986,1.664516,0.44289517,3.4895007e-09,794.50824,1354.2166
1929.9167,396.77408,0.39824966,396.02597,1.105446,0.031557925,67.612976,211.9705,103.86805,7.2566319,5.8975124,163.12439,1.6920919,1.4985275,3.8953769e-09,794.33533,1354.0654
1930,396.68591,0.3983717,395.93759,1.1058551,0.031558104,67.679092,211.90222,103.83552,7.1720386,5.8058853,163.1091,1.7194154,0.41860741,4.0965737e-09,794.15924,1353.6631
1930.0833,396.60214,0.39853317,395.85352,1.1062444,0.031558271,67.742699,211.84964,103.81065,7.1787381,5.8303695,163.09467,1.7056888,0.45646888,4.1359209e-09,793.992,1353.4988
1930.1667,396.51862,0.39883357,395.76944,1.1066337,0.031558439,67.793228,211.78035,103.77748,7.107769,5.7926416,163.08038,1.7129487,0.5278914,4.1929771e-09,793.82507,1353.1569
1930.25,396.43234,0.39916492,395.68256,1.107036,0.031558614,67.847412,211.72249,103.74987,7.0495586,5.7595577,163.06564,1.729562,0.57848287,4.2073016e-09,793.65265,1352.8472
1930.3333,396.34598,0.39944381,395.5957,1.1074382,0.031558786,67.87532,211.61603,103.69863,7.011766,5.7386518,163.0509,1.7657759,0.65053874,4.2130641e-09,793.4801,1352.4714
1930.4167,396.25919,0.39947596,395.50885,1.1078404,0.031558961,67.949028,211.61459,103.69863,7.0550504,5.261117,163.03607,1.813611,0.50591832,4.2158019e-09,793.30688,1351.9213
1930.5,396.17297,0.39979661,395.42203,1.1082424,0.031559132,68.63707,212.94705,104.34921,7.1518469,4.9316592,163.02213,2.6964746,0.76375252,3.2235004e-09,793.13458,1354.1735
1930.5833,396.08328,0.39901412,395.3338,1.108651,0.031559307,69.760254,215.17984,105.43867,7.2918754,4.9964032,163.00771,3.4335866,1.2554572,2.3077045e-09,792.9563,1358.6311
1930.6667,395.99561,0.39853123,395.24701,1.1090529,0.031559482,70.807152,217.14836,106.39856,7.4108105,5.0653825,162.99269,3.2750626,1.2773367,2.0299569e-09,792.78174,1362.6046
1930.75,395.90854,0.39836535,395.16022,1.1094546,0.031559654,71.395073,218.075,106.85097,7.4395947,5.1903539,162.97757,3.0336134,1.4411091,2.1035718e-09,792.60815,1364.5367
1930.8333,395.82172,0.39833811,395.07346,1.1098564,0.031559825,71.679688,218.33061,106.97652,7.1460047,5.8124256,162.96219,2.6078737,1.1319185,2.5518749e-09,792.43494,1365.3424
1930.9167,395.73523,0.39847335,394.98672,1.110258,0.03156,71.83844,218.37885,107.00083,7.2218194,5.8897824,162.94681,2.1338117,2.2026889,3.1071772e-09,792.26221,1365.5388
1931,395.64749,0.39867729,394.89859,1.110666,0.031560175,71.99115,218.4451,107.03387,7.1630487,5.8284206,162.93172,2.0274937,0.71868402,3.5336374e-09,792.08698,1365.4803
1931.0833,395.56433,0.39905977,394.81473,1.1110543,0.031560339,72.091934,218.43976,107.03196,7.236033,5.9086156,162.91754,1.881492,0.65518868,3.9734833e-09,791.92072,1365.5466
1931.1667,395.4812,0.39943859,394.7309,1.1114426,0.031560507,72.134911,218.33145,106.97982,7.2209659,5.9091835,162.9035,1.7746589,0.61036116,4.1605577e-09,791.75458,1365.2345
1931.25,395.39508,0.39973727,394.64426,1.1118438,0.031560678,72.127876,218.12572,106.88026,7.1711307,5.8764458,162.88927,1.7676427,0.66856891,4.2763433e-09,791.58246,1364.6532
1931.3333,395.30817,0.39958513,394.55762,1.112245,0.031560849,72.143211,217.97859,106.80936,7.158349,5.8751836,162.87511,1.8691343,0.81763804,4.2982728e-09,791.40918,1364.249
1931.4167,395.22156,0.39957961,394.47101,1.1126461,0.031561021,72.409065,218.37862,107.00517,7.2031775,5.4517379,162.86128,2.2969296,0.80198926,3.732306e-09,791.23639,1364.5455
1931.5,395.13351,0.39881077,394.3844,1.1130471,0.031561192,73.403587,220.31665,107.95081,7.2779675,4.9992452,162.84801,3.3741207,1.2165452,2.4611906e-09,791.06134,1367.8576
1931.5833,395.04462,0.39831793,394.29642,1.1134546,0.031561363,74.013138,221.31451,108.43842,7.3647051,5.0340977,162.83344,3.3992374,1.3869439,2.0589475e-09,790.8844,1369.8826
1931.6667,394.9581,0.39833051,394.20984,1.1138554,0.031561535,75.08252,223.24202,109.3774,7.4243717,5.0480289,162.81813,3.1921499,1.3207701,1.8618903e-09,790.71167,1373.7041
1931.75,394.87189,0.39850441,394.12332,1.1142561,0.031561706,75.643707,224.07445,109.78357,7.2429676,5.426322,162.80219,2.9072237,1.4516046,2.0019693e-09,790.53949,1375.5127
1931.8333,394.78583,0.39874926,394.03677,1.1146568,0.031561878,75.845764,224.15196,109.82233,7.1358991,5.799829,162.78616,2.5965145,1.1553893,2.356048e-09,790.36755,1375.9095
1931.9167,394.69989,0.3990463,393.95029,1.1150573,0.031562045,76.053757,224.28207,109.88665,7.2217336,5.8825402,162.77031,2.4240472,2.0794578,2.4859907e-09,790.1958,1376.2928
1932,394.61252,0.39931202,393.8624,1.1154643,0.03156222,76.266998,224.4458,109.96729,7.2320223,5.8843436,162.75426,2.3509371,0.94149935,2.6058631e-09,790.0213,1376.572
1932.0833,394.52936,0.39955992,393.77878,1.1158516,0.031562384,76.462143,224.61035,110.0482,7.315424,5.971077,162.73895,2.2310359,0.9343062,2.7685403e-09,789.8551,1377.0013
1932.1667,394.44626,0.39982441,393.69516,1.1162388,0.031562548,76.649254,224.78143,110.13219,7.3930936,6.0511956,162.72371,2.1567574,0.89026803,2.9519469e-09,789.68903,1377.42
1932.25,394.36038,0.40010956,393.60873,1.116639,0.031562716,76.826431,224.94313,110.21149,7.472291,6.1304331,162.70801,2.1257439,0.88266921,3.1191663e-09,789.51746,1377.8093
1932.3333,394.27451,0.40037847,393.52234,1.1170392,0.031562887,76.994339,225.09906,110.2879,7.5488839,6.2073636,162.69244,2.1468012,1.0193241,3.1901881e-09,789.34589,1378.1759
1932.4167,394.18872,0.40068388,393.43597,1.1174392,0.031563055,77.15519,225.25092,110.36217,7.5774269,5.6792812,162.67685,2.1166518,0.79682982,3.2337819e-09,789.17438,1377.8762
1932.5,394.10345,0.40126461,393.34961,1.1178391,0.031563222,77.513275,225.84059,110.64957,7.5853052,5.343123,162.66165,2.3908253,0.75756961,2.9048304e-09,789.00378,1378.5973
1932.5833,394.01599,0.40141609,393.26187,1.1182456,0.031563394,78.381081,227.4935,111.45519,7.5175853,5.1797886,162.64671,3.2391894,1.2978821,2.0888047e-09,788.8291,1381.503
1932.6667,393.92981,0.40147245,393.17554,1.1186453,0.031563565,79.125076,228.82042,112.10141,7.5326838,5.1505356,162.63094,3.0824699,1.2620519,1.8997992e-09,788.65704,1384.0181
1932.75,393.84396,0.40171438,393.08926,1.119045,0.031563733,79.581963,229.49522,112.43083,7.4433675,5.3762002,162.61485,2.8664646,1.3575484,1.9529049e-09,788.48553,1385.428
1932.8333,393.75848,0.40211731,393.00299,1.1194446,0.0315639,79.735664,229.5621,112.46429,7.2169433,5.8766727,162.59811,1.9801956,0.75118703,2.7122729e-09,788.31458,1385.7684
1932.9167,393.67337,0.40273198,392.91672,1.1198441,0.031564068,79.679222,229.30438,112.33945,7.2314744,5.8970518,162.58235,1.7256798,2.6013641,3.9923589e-09,788.14423,1385.1782
1933,393.58615,0.40295321,392.8291,1.1202501,0.031564239,79.660118,229.09578,112.23864,7.0087876,5.68788,162.56718,1.7158964,0.51785636,4.2015427e-09,787.97003,1384.2285
1933.0833,393.50323,0.40321431,392.7457,1.1206363,0.031564403,79.626335,228.88593,112.13738,6.9584541,5.6569586,162.55301,1.743904,0.68824905,4.3012727e-09,787.80438,1383.6225
1933.1667,393.42065,0.40364015,392.66235,1.1210225,0.031564564,79.512924,228.61548,112.00644,6.9120603,5.6266894,162.53902,1.8264897,0.94120449,4.3710546e-09,787.63922,1382.8518
1933.25,393.33664,0.40481228,392.57617,1.1214217,0.031564731,79.343933,228.30066,111.85378,6.851594,5.5834556,162.52461,1.8648837,1.2162431,4.4095989e-09,787.47058,1381.9287
1933.3333,393.25211,0.40568474,392.49005,1.1218207,0.031564899,79.169922,228.00441,111.71017,6.7863288,5.532505,162.51022,1.9509747,1.4060138,4.4193715e-09,787.30121,1381.0147
1933.4167,393.1665,0.40597445,392.40393,1.1222197,0.031565066,79.178986,228.09988,111.75755,6.8088722,5.1143117,162.49591,2.1751719,0.97236264,4.0645602e-09,787.13019,1380.5857
1933.5,393.07812,0.40473992,392.31781,1.1226186,0.031565234,80.052261,229.9722,112.67155,6.9242439,4.7106299,162.48244,3.5727389,1.2152466,2.7236182e-09,786.95483,1383.7682
1933.5833,392.98611,0.40228552,392.23032,1.123024,0.031565402,80.983055,231.82512,113.57557,7.0665255,4.7907696,162.46758,3.4992468,1.4109399,2.2389373e-09,786.77332,1387.4819
1933.6667,392.89963,0.40206352,392.14426,1.1234227,0.031565569,81.742096,233.21243,114.25189,7.1883779,4.8628502,162.45222,3.2145438,1.3210329,2.061594e-09,786.60089,1390.3108
1933.75,392.81393,0.40224957,392.0582,1.1238214,0.031565733,81.983536,233.46397,114.37501,7.1098733,5.1724281,162.43597,2.515347,1.2216319,2.4492961e-09,786.42981,1390.9706
1933.8333,392.72876,0.40271577,391.97214,1.1242199,0.031565901,81.94429,233.17229,114.23344,6.9469018,5.5943809,162.41989,1.9566407,0.6983512,3.2092575e-09,786.2594,1390.5705
1933.9167,392.64368,0.40320501,391.88614,1.1246183,0.031566069,81.881859,232.8622,114.08279,7.0251784,5.6774731,162.40446,1.9377854,1.4484348,3.6958925e-09,786.08917,1390.0231
1934,392.55777,0.4040195,391.79874,1.1250232,0.031566236,81.808441,232.54506,113.92868,6.9825029,5.6498799,162.38914,1.8193778,0.55249739,4.1374335e-09,785.91705,1389.2207
1934.0833,392.47583,0.40468588,391.71558,1.1254084,0.031566396,81.735832,232.25443,113.78755,6.9102373,5.6093273,162.37502,1.8187172,0.62069458,4.2983466e-09,785.75305,1388.4255
1934.1667,392.39395,0.40536472,391.63245,1.1257936,0.031566557,81.664742,231.97974,113.65419,6.8649302,5.5850911,162.36099,1.7968017,0.8038637,4.3542303e-09,785.58911,1387.6987
1934.25,392.30963,0.40622649,391.54651,1.1261917,0.03156672,81.589584,231.7039,113.52035,6.8022761,5.5381098,162.34657,1.8285121,1.2405341,4.3876804e-09,785.4201,1386.9208
1934.3333,392.22507,0.40696961,391.4606,1.1265898,0.031566888,81.521202,231.45302,113.39861,6.722291,5.4744864,162.33215,1.8915609,1.4236337,4.3957318e-09,785.25079,1386.1526
1934.4167,392.1395,0.40713415,391.37473,1.1269877,0.031567052,81.839882,232.04985,113.69024,6.6748161,4.7981529,162.31842,2.7782786,1.0870208,3.4762606e-09,785.07996,1386.4513
1934.5,392.04904,0.40464243,391.28888,1.1273855,0.031567216,82.864769,234.14127,114.71067,6.7710347,4.5610738,162.30463,3.6393254,1.3710248,2.502049e-09,784.90149,1390.2549
1934.5833,391.95834,0.40278277,391.2016,1.1277899,0.031567384,83.843536,236.01643,115.62502,6.8796263,4.6051621,162.2896,3.517144,1.486624,2.1389723e-09,784.72211,1393.9814
1934.6667,391.87228,0.40265572,391.11575,1.1281875,0.031567547,84.632874,237.42598,116.31206,6.9824624,4.6619687,162.27405,3.2599754,1.4015841,1.9767268e-09,784.55042,1396.8399
1934.75,391.78687,0.4028742,391.02994,1.1285851,0.031567711,85.089523,238.08389,116.63335,6.9999404,4.8348298,162.2581,3.0317817,1.5463772,1.9431228e-09,784.37982,1398.2794
1934.8333,391.70212,0.40342498,390.94412,1.1289827,0.031567875,85.153992,237.97244,116.57954,6.7403898,5.3843021,162.24106,1.7576044,0.57728899,3.2145773e-09,784.21021,1398.282
1934.9167,391.61719,0.40389395,390.85834,1.12938,0.031568039,85.077507,237.646,116.42101,6.7304273,5.3774438,162.22594,1.6372716,1.7418337,4.4443813e-09,784.04034,1397.5186
1935,391.52997,0.40386349,390.77118,1.1297839,0.031568207,85.002029,237.3401,116.27252,6.5741539,5.2226973,162.21136,1.6547849,0.41947272,4.5602659e-09,783.86633,1396.4892
1935.0833,391.4469,0.40378869,390.68826,1.1301681,0.031568367,84.935463,237.07558,116.14417,6.5610328,5.2239928,162.1976,1.6817402,0.4705047,4.5695501e-09,783.70068,1395.8386
1935.1667,391.36389,0.40374446,390.60535,1.1305522,0.031568523,84.866577,236.82004,116.02019,6.5416441,5.2194204,162.18384,1.7092118,0.49852911,4.5689363e-09,783.5351,1395.1868
1935.25,391.27832,0.40382245,390.51962,1.1309493,0.031568687,84.798172,236.57478,115.90125,6.5065017,5.2025428,162.16962,1.732373,0.56586301,4.5696482e-09,783.36426,1394.5171
1935.3333,391.19296,0.40401796,390.43396,1.1313462,0.031568851,84.734955,236.35155,115.79309,6.4689031,5.1832557,162.15536,1.745077,0.68171549,4.5712869e-09,783.19385,1393.881
1935.4167,391.10815,0.40447477,390.3483,1.1317432,0.031569015,84.700981,236.20212,115.72103,6.4710426,4.8546348,162.14107,1.8198397,0.6080007,4.5859281e-09,783.02423,1393.1152
1935.5,391.02335,0.40493941,390.26263,1.13214,0.031569175,85.159912,237.15009,116.18414,6.5584936,4.45716,162.12775,2.8883765,0.94641328,3.4414813e-09,782.85461,1394.4922
1935.5833,390.93298,0.40313596,390.17563,1.1325432,0.031569343,86.275658,239.52745,117.34418,6.6917706,4.4922991,162.11391,3.7971847,1.5408472,2.3572488e-09,782.67584,1399.1211
1935.6667,390.8461,0.40243953,390.09,1.1329398,0.031569503,87.348114,241.67876,118.39304,6.8501201,4.5913916,162.09924,3.6559415,1.5645571,1.9993061e-09,782.50299,1403.4636
1935.75,390.76038,0.40236831,390.00439,1.1333364,0.031569667,88.050522,242.94336,119.00942,6.9048834,4.8112135,162.08408,3.3242946,1.6016515,2.019757e-09,782.33203,1406.1355
1935.8333,390.67484,0.40238354,389.91882,1.1337329,0.031569827,88.346497,243.2821,119.17546,6.7183213,5.3524938,162.06897,3.1384745,1.5170285,2.2029409e-09,782.16132,1407.1051
1935.9167,390.58945,0.40247282,389.83328,1.1341293,0.031569991,88.479645,243.26543,119.1678,6.8099189,5.4454517,162.05371,2.8251348,2.3891435,2.5460472e-09,781.99091,1407.2129
1936,390.50299,0.40274417,389.74634,1.134532,0.031570155,88.614464,243.28737,119.17882,6.8068471,5.4445682,162.0381,2.4174209,1.1810645,2.8611042e-09,781.81818,1407.1883
1936.0833,390.42099,0.40312204,389.6636,1.1349152,0.031570312,88.746048,243.35562,119.21239,6.8788691,5.5244408,162.02354,2.3067634,1.2093006,3.112965e-09,781.65417,1407.3951
1936.1667,390.33899,0.40349939,389.58093,1.1352984,0.031570468,88.860786,243.41466,119.24138,6.9281864,5.5827646,162.00902,2.2372079,1.4512951,3.3612026e-09,781.4903,1407.527
1936.25,390.25409,0.40381101,389.49545,1.1356944,0.031570628,88.966599,243.46791,119.26745,6.9619498,5.622519,161.99411,2.2351804,1.642022,3.5131704e-09,781.32056,1407.601
1936.3333,390.16885,0.40391856,389.41,1.1360903,0.031570792,89.066902,243.52451,119.29504,6.9825425,5.5553102,161.97922,2.2510703,1.5938981,3.5491943e-09,781.15045,1407.5539
1936.4167,390.08353,0.40397096,389.32455,1.1364862,0.031570952,89.207726,243.68254,119.37177,7.0362787,4.9446025,161.96426,2.1785164,0.67063022,3.513789e-09,780.98004,1407.1872
1936.5,389.99796,0.40388101,389.23914,1.1368819,0.031571113,89.937866,245.10107,120.0624,7.0625739,4.8102956,161.95071,3.4838369,1.3922557,2.3300228e-09,780.80945,1409.7344
1936.5833,389.91034,0.40343994,389.15234,1.1372842,0.031571276,90.814613,246.74036,120.85958,7.1180315,4.8108606,161.93555,3.6322179,1.5683606,1.9177944e-09,780.63495,1412.914
1936.6667,389.82544,0.40368128,389.06696,1.1376797,0.031571437,91.536507,247.98735,121.46554,7.1827908,4.8236313,161.91937,3.30738,1.4187108,1.7150295e-09,780.46533,1415.3805
1936.75,389.74078,0.40404049,388.9816,1.1380752,0.031571597,91.823357,248.28549,121.61047,7.2410746,4.8492208,161.90274,2.9043357,1.2391618,1.8304953e-09,780.29608,1416.0084
1936.8333,389.65628,0.40448749,388.89627,1.1384706,0.031571757,91.824409,248.0144,121.47791,7.0643268,5.2578506,161.88602,2.4558601,1.1843424,2.0787381e-09,780.12708,1415.652
1936.9167,389.57199,0.40501735,388.81094,1.1388659,0.031571917,91.874352,247.91003,121.42735,6.9488797,5.5982037,161.86951,2.1548347,2.5083859,2.3356275e-09,779.95837,1415.5868
1937,389.48627,0.40552223,388.72427,1.1392677,0.031572081,91.935944,247.86371,121.40514,6.8403568,5.4886127,161.85313,2.1686382,0.81044579,2.4806448e-09,779.78693,1415.1738
1937.0833,389.40463,0.40597358,388.64178,1.1396499,0.031572234,91.991158,247.83232,121.39014,6.9219933,5.5754147,161.83762,2.1893547,0.93065774,2.5270914e-09,779.6236,1415.1722
1937.1667,389.32315,0.40648189,388.55933,1.1400321,0.03157239,92.028038,247.77841,121.36408,6.993577,5.6522207,161.8221,2.1543524,1.0188603,2.6500955e-09,779.46051,1415.099
1937.25,389.23929,0.40719953,388.47409,1.140427,0.031572547,92.050522,247.70509,121.3285,7.0563731,5.7218518,161.80609,2.1091518,1.1950021,2.8788909e-09,779.2926,1414.961
1937.3333,389.15521,0.40780675,388.38889,1.1408219,0.031572707,92.071404,247.6425,121.29803,7.1027303,5.7687411,161.7903,2.151587,1.41717,3.0130374e-09,779.12427,1414.798
1937.4167,389.07141,0.4085432,388.30371,1.1412168,0.031572867,92.098915,247.60504,121.27965,7.1370897,5.438005,161.77454,2.132143,1.0350826,3.0505285e-09,778.95648,1414.2897
1937.5,388.98712,0.40900376,388.21854,1.1416115,0.031573027,92.568077,248.53749,121.73319,7.2058749,4.9620385,161.75972,3.0147231,1.1015447,2.4127307e-09,778.78778,1415.5541
1937.5833,388.89908,0.4081637,388.13202,1.1420126,0.031573188,93.297508,249.98723,122.43816,7.2658796,4.9314823,161.74414,3.4663649,1.4574758,1.8592312e-09,778.61285,1418.2772
1937.6667,388.81433,0.4083586,388.04688,1.1424072,0.031573348,93.9347,251.14792,123.00185,7.3066888,4.9200954,161.72791,3.3461943,1.4426644,1.6113251e-09,778.44348,1420.4826
1937.75,388.72998,0.4087404,387.96176,1.1428016,0.031573504,94.430855,251.96291,123.39792,7.3090959,5.0481801,161.71117,3.0120502,1.4507799,1.643933e-09,778.27484,1422.135
1937.8333,388.6459,0.40927809,387.87668,1.143196,0.031573664,94.450829,251.80034,123.31873,7.0310097,5.6383514,161.69359,1.8909676,0.66654366,2.2597864e-09,778.10663,1422.0395
1937.9167,388.56213,0.40995264,387.79163,1.1435903,0.031573821,94.351379,251.44614,123.14649,7.0972967,5.7010093,161.67732,1.8197131,2.1399827,2.8241576e-09,777.93884,1421.3584
1938,388.47665,0.41045672,387.7052,1.143991,0.031573981,94.232117,251.0728,122.96484,6.9363165,5.5445871,161.66125,1.8068219,0.53253001,3.5483347e-09,777.76782,1420.1798
1938.0833,388.39511,0.41082859,387.62296,1.1443722,0.031574134,94.100853,250.69913,122.78298,6.9378524,5.5587683,161.64677,1.804234,0.57544166,4.2072044e-09,777.6048,1419.3311
1938.1667,388.31363,0.41122606,387.54074,1.1447533,0.031574287,93.966057,250.33492,122.60566,6.8958378,5.5342336,161.63281,1.8243263,0.76166725,4.3183577e-09,777.44196,1418.4115
1938.25,388.22913,0.41148984,387.45578,1.1451473,0.031574443,93.82708,249.97369,122.4298,6.8418679,5.4971242,161.61847,1.8771248,0.93509698,4.3566883e-09,777.27313,1417.4611
1938.3333,388.14395,0.41137952,387.37082,1.1455412,0.031574603,93.717361,249.68898,122.29136,6.8418727,5.5030746,161.60406,1.9593524,1.1322817,4.3005786e-09,777.10327,1416.75
1938.4167,388.05911,0.41142121,387.28589,1.1459349,0.03157476,94.240623,250.81372,122.83972,6.9192176,4.6854033,161.59091,3.2582994,1.0500529,3.0566514e-09,776.9339,1418.0235
1938.5,387.97189,0.41018564,387.20096,1.1463287,0.031574916,95.035324,252.49028,123.65629,7.0790405,4.7264028,161.57684,3.7056289,1.4416673,2.3238427e-09,776.76086,1421.325
1938.5833,387.88492,0.40981233,387.11465,1.1467286,0.031575076,95.422005,253.13501,123.96996,7.2177157,4.8060389,161.56187,3.6028378,1.4710364,2.0006758e-09,776.58771,1422.7004
1938.6667,387.80051,0.41006371,387.02975,1.1471223,0.031575233,96.190224,254.51929,124.64238,7.3280015,4.8675852,161.54605,3.352088,1.4007878,1.7012818e-09,776.41901,1425.5125
1938.75,387.71625,0.41038093,386.94489,1.1475157,0.031575389,96.751358,255.45105,125.09498,7.4201484,4.9169307,161.52962,3.0022693,1.2369034,1.8013129e-09,776.25061,1427.4147
1938.8333,387.63232,0.41086718,386.86005,1.147909,0.031575546,96.773178,255.28084,125.01174,7.1127119,5.5039096,161.51231,1.895278,0.85293996,2.7193159e-09,776.08264,1427.2774
1938.9167,387.54837,0.41132447,386.77521,1.1483023,0.031575702,96.65966,254.90393,124.82841,7.1197557,5.65061,161.49625,1.7540107,1.7234443,3.258473e-09,775.91473,1426.5734
1939,387.46271,0.41159239,386.68903,1.1487019,0.031575859,96.535995,254.52809,124.64556,7.088932,5.610321,161.48044,1.7660675,0.4605841,3.7162238e-09,775.74359,1425.6329
1939.0833,387.38083,0.41166607,386.60703,1.1490821,0.031576011,96.409508,254.17046,124.47154,7.1601267,5.6858606,161.46588,1.73993,0.48337504,4.1494173e-09,775.5802,1424.9436
1939.1667,387.29883,0.41164827,386.52502,1.1494622,0.03157616,96.283279,253.82854,124.3052,7.1909647,5.722456,161.45172,1.71694,0.49197674,4.3263837e-09,775.4165,1424.1986
1939.25,387.21399,0.41160226,386.44028,1.1498551,0.031576317,96.154488,253.49292,124.14196,7.1701193,5.7171922,161.43729,1.7466692,0.52351433,4.4024646e-09,775.24725,1423.3612
1939.3333,387.12927,0.41161034,386.35556,1.1502479,0.031576473,96.043304,253.20952,124.00419,7.2362075,5.7875237,161.42284,1.7600156,0.55228096,4.409618e-09,775.07831,1422.7819
1939.4167,387.04474,0.41171527,386.27084,1.1506407,0.031576626,96.131836,253.38382,124.0893,7.3047638,5.3503289,161.40891,2.2834034,0.71116447,3.7623136e-09,774.90948,1422.5784
1939.5,386.95947,0.41139582,386.18616,1.1510334,0.031576782,96.809921,254.90369,124.8269,7.3990993,4.9597054,161.39452,2.4980996,0.8775965,2.5267068e-09,774.73962,1425.0335
1939.5833,386.87311,0.4112305,386.1001,1.1514324,0.031576939,97.936005,257.22745,125.95531,7.4284773,4.9463315,161.37871,1.6280049,0.53509635,2.1662807e-09,774.56738,1429.4397
1939.6667,386.78888,0.41145101,386.01544,1.151825,0.031577095,98.951752,259.28714,126.95792,7.4559445,4.9374137,161.36331,1.6069311,0.5235123,1.9373612e-09,774.39911,1433.3526
1939.75,386.7049,0.41180342,385.93082,1.1522173,0.031577248,99.592461,260.55252,127.57444,7.3381405,5.1583285,161.34772,1.7158595,0.63447303,2.1386517e-09,774.23126,1435.7949
1939.8333,386.62152,0.41244751,385.84619,1.1526096,0.031577405,99.513908,260.3808,127.4912,7.1129904,5.5990973,161.33186,1.5797371,0.36668786,3.6731556e-09,774.06427,1435.4941
1939.9167,386.53741,0.41272739,385.7616,1.1530019,0.031577557,99.276718,259.86786,127.24163,7.0819998,5.5783687,161.3174,1.4817028,1.2550538,4.9576969e-09,773.8963,1434.2602
1940,386.4509,0.41242328,385.67566,1.1534004,0.031577714,99.059181,259.40796,127.01796,6.9632211,5.4662809,161.30342,1.5524126,0.30512607,5.0063815e-09,773.72388,1432.9419
1940.0833,386.36877,0.41226053,385.59387,1.1537796,0.031577863,98.869209,259.01712,126.82803,6.9361305,5.4537487,161.2901,1.5556943,0.32601538,5.0049862e-09,773.56024,1431.9546
1940.1667,386.2865,0.41199434,385.51208,1.1541588,0.031578012,98.683716,258.64014,126.64486,6.9038048,5.4388986,161.27679,1.5614977,0.34899342,5.0018292e-09,773.3963,1430.9845
1940.25,386.20123,0.41159192,385.42758,1.1545507,0.031578168,98.521645,258.32629,126.49255,6.8703108,5.4272695,161.26311,1.6583413,0.51445252,4.9956808e-09,773.2265,1430.1277
1940.3333,386.11649,0.41146034,385.34308,1.1549425,0.031578321,98.751709,258.92868,126.7868,6.8959141,5.1521816,161.24982,2.2510464,0.80611748,4.0649608e-09,773.05756,1430.8227
1940.4167,386.03134,0.41111895,385.25861,1.1553342,0.031578474,99.590546,261.10413,127.82655,7.0005722,4.6655383,161.23598,2.5911617,0.8488031,2.9352591e-09,772.88794,1434.3113
1940.5,385.94598,0.41064245,385.17413,1.1557258,0.031578626,100.76889,263.70309,129.06348,7.0661144,4.6685653,161.22099,1.7038738,0.54757923,2.4371305e-09,772.71802,1439.2091
1940.5833,385.85999,0.41055632,385.08829,1.1561238,0.031578783,102.04155,266.33511,130.34517,7.1003971,4.65938,161.20621,1.7093092,0.56249154,2.1352611e-09,772.54651,1444.2343
1940.6667,385.77609,0.41082859,385.00388,1.1565152,0.031578936,103.1242,268.5574,131.42702,7.1354685,4.6527724,161.19067,1.6694999,0.54625082,1.8882096e-09,772.37885,1448.4665
1940.75,385.69244,0.41122401,384.91946,1.1569066,0.031579088,103.82954,269.97287,132.11642,7.0552192,4.8585234,161.17484,1.66374,0.6216163,1.9953232e-09,772.21161,1451.2191
1940.8333,385.60898,0.41171637,384.83505,1.157298,0.031579241,103.91248,270.16394,132.21021,6.8497648,5.3202906,161.15898,1.6777209,0.48032135,2.7233482e-09,772.04456,1451.6602
1940.9167,385.52539,0.41213,384.7507,1.1576891,0.031579394,103.77074,269.92111,132.09259,6.8631482,5.3345437,161.14342,1.6338426,1.3329842,3.8877173e-09,771.8775,1451.003
1941,385.43973,0.41216666,384.66498,1.1580867,0.031579547,103.59112,269.61136,131.94237,6.740036,5.2161436,161.12859,1.6483035,0.39083323,4.3620085e-09,771.70648,1449.9361
1941.0833,385.35809,0.4121199,384.5834,1.1584649,0.031579696,103.42022,269.31369,131.79805,6.7234411,5.2142391,161.11481,1.6402339,0.41339216,4.5086153e-09,771.54364,1449.1282
1941.1667,385.2764,0.41204047,384.50186,1.158843,0.031579841,103.25427,269.02951,131.66029,6.7044492,5.2102375,161.10114,1.6268296,0.43425551,4.5464663e-09,771.38068,1448.3405
1941.25,385.19174,0.41186437,384.41757,1.1592339,0.031579994,103.0867,268.74725,131.52354,6.6815162,5.2016678,161.0871,1.6618894,0.59821349,4.5674233e-09,771.21198,1447.5397
1941.3333,385.10703,0.41161585,384.33328,1.1596247,0.031580146,103.09088,268.82782,131.56335,6.6994033,5.1714768,161.07303,1.6782458,0.78204346,4.2287831e-09,771.04309,1447.4691
1941.4167,385.02237,0.41141415,384.24902,1.1600153,0.031580299,104.03171,271.03049,132.61809,6.7408371,4.400064,161.05894,1.9031345,0.50967437,2.9376062e-09,770.87439,1450.7545
1941.5,384.93768,0.41117203,384.16479,1.160406,0.031580448,105.31892,273.77277,133.93936,6.8214493,4.4101601,161.04442,1.7070271,0.49199221,2.362343e-09,770.70563,1456.0126
1941.5833,384.85202,0.41113877,384.07919,1.160803,0.031580605,106.55976,276.41888,135.19345,6.8888078,4.434516,161.0294,1.5532166,0.36317033,2.0981648e-09,770.53473,1461.0595
1941.6667,384.76828,0.41137511,383.995,1.1611934,0.031580754,107.73326,278.90628,136.38522,6.9440546,4.4513507,161.0137,1.2114359,0.16254789,1.8914172e-09,770.36743,1465.8013
1941.75,384.68481,0.41175017,383.91083,1.1615837,0.031580906,108.48757,280.46973,137.1423,6.8285947,4.7298155,160.99788,1.2004143,0.19121331,1.921042e-09,770.2005,1468.8563
1941.8333,384.60138,0.41213197,383.82666,1.161974,0.031581055,108.70018,280.86722,137.33354,6.6877046,5.0998507,160.98221,1.3860514,0.29389235,2.5583948e-09,770.03375,1469.7045
1941.9167,384.51797,0.41250214,383.74252,1.1623641,0.031581208,108.70955,280.82523,137.31534,6.7534442,5.1649404,160.96645,1.4012089,0.95671082,2.9822469e-09,769.86688,1469.6019
1942,384.43317,0.41287327,383.65701,1.1627606,0.031581361,108.73913,280.82358,137.31712,6.7342644,5.1522856,160.95058,1.4107335,0.40694982,3.1828287e-09,769.69739,1469.4143
1942.0833,384.35245,0.41318899,383.57568,1.1631379,0.031581506,108.79179,280.87396,137.34393,6.7807331,5.2123265,160.93562,1.4007148,0.46816501,3.4129704e-09,769.53601,1469.4743
1942.1667,384.27158,0.41342279,383.49435,1.163515,0.031581651,108.81718,280.86472,137.34167,6.8273649,5.2698364,160.92097,1.3981283,0.41899872,3.7080021e-09,769.37439,1469.4161
1942.25,384.18777,0.41355678,383.41031,1.1639049,0.0315818,108.83701,280.84061,137.33224,6.8811932,5.3306546,160.9062,1.4055806,0.36642921,3.922243e-09,769.20703,1469.335
1942.3333,384.10385,0.41362074,383.32626,1.1642946,0.031581949,108.87349,280.85172,137.33994,6.9394054,5.3920121,160.89149,1.4102522,0.37024698,3.9381938e-09,769.03961,1469.3276
1942.4167,384.01996,0.41368586,383.24225,1.1646843,0.031582098,109.2893,281.67957,137.74533,6.9825439,4.7143979,160.87691,1.5168729,0.31641582,3.2573182e-09,768.87213,1470.1603
1942.5,383.93585,0.41363725,383.15826,1.1650739,0.031582247,110.54852,284.31503,139.03271,7.002275,4.5120974,160.86252,1.9039527,0.59201252,2.1996136e-09,768.70441,1474.9775
1942.5833,383.85065,0.4137066,383.07291,1.1654698,0.0315824,111.67574,286.64499,140.17088,7.0149837,4.4717169,160.84727,1.9266939,0.65071183,1.8549193e-09,768.5343,1479.3599
1942.6667,383.76736,0.41406292,382.98892,1.1658592,0.031582549,112.73697,288.82343,141.23419,7.035852,4.4404745,160.83148,1.8517879,0.63075775,1.6540519e-09,768.36774,1483.4702
1942.75,383.68427,0.41449568,382.905,1.1662484,0.031582698,113.62902,290.63727,142.11948,7.0677891,4.4302878,160.81534,1.7506094,0.57600319,1.7202433e-09,768.2016,1486.9008
1942.8333,383.60123,0.41495061,382.82108,1.1666378,0.031582847,113.8604,291.03174,142.31265,6.745482,5.0361376,160.79912,1.6607351,0.58145326,1.9502349e-09,768.03546,1487.821
1942.9167,383.51822,0.4154174,382.73718,1.1670269,0.031582996,114.04575,291.32471,142.45775,6.793931,5.120193,160.783,1.5925351,1.8131198,2.1331674e-09,767.86938,1488.3946
1943,383.43387,0.41589603,382.65192,1.1674224,0.031583149,114.19276,291.54681,142.56842,6.6986427,5.0290885,160.76666,1.4252803,0.33143294,2.5475326e-09,767.70068,1488.5031
1943.0833,383.35358,0.41631162,382.57083,1.1677986,0.031583291,114.27995,291.65524,142.62299,6.7609177,5.0972171,160.75136,1.4005322,0.32318452,2.9195515e-09,767.54004,1488.7076
1943.1667,383.2731,0.41664302,382.48975,1.1681747,0.031583436,114.35574,291.74197,142.66693,6.8150244,5.1566935,160.73622,1.4134734,0.48261738,3.0673879e-09,767.37921,1488.8517
1943.25,383.18991,0.41695306,382.40591,1.1685636,0.031583585,114.43613,291.83856,142.71574,6.863935,5.2116375,160.72067,1.4146258,0.52053976,3.2029035e-09,767.21295,1488.9996
1943.3333,383.10657,0.41719481,382.32211,1.1689523,0.03158373,114.5342,291.97617,142.78436,6.9169645,5.2663836,160.70529,1.4267918,0.53538626,3.3176115e-09,767.04639,1489.2297
1943.4167,383.02325,0.4174287,382.23834,1.169341,0.031583879,114.69135,292.24417,142.91628,6.9214916,4.5369849,160.68997,1.4231529,0.28908849,3.2731331e-09,766.87988,1488.8801
1943.5,382.93985,0.41762304,382.1546,1.1697295,0.031584028,115.5883,294.10416,143.82376,6.8996029,4.4088855,160.67494,1.7505106,0.50450099,2.2984366e-09,766.71338,1492.213
1943.5833,382.85507,0.41778171,382.06949,1.1701244,0.031584177,116.74344,296.50702,144.99515,6.9069376,4.3878641,160.65941,1.8788165,0.63377392,1.8172969e-09,766.54401,1496.7438
1943.6667,382.77206,0.41814655,381.98578,1.1705128,0.031584326,117.48914,298.01791,145.73105,6.9307995,4.3802304,160.64349,1.8132343,0.61745059,1.6607307e-09,766.37811,1499.5707
1943.75,382.68918,0.41857061,381.90207,1.1709011,0.031584471,118.07182,299.18533,146.2948,6.959218,4.3732123,160.6273,1.6909293,0.51915085,1.743669e-09,766.21228,1501.7239
1943.8333,382.60635,0.41900486,381.81839,1.1712893,0.03158462,118.26093,299.53909,146.4511,6.6166482,4.987545,160.61105,1.3946241,0.36539218,2.4942857e-09,766.04657,1502.5129
1943.9167,382.52347,0.41941205,381.73474,1.1716775,0.031584766,118.26659,299.47635,146.42247,6.6651464,5.0329013,160.59514,1.3652234,1.7055323,2.8806397e-09,765.88086,1502.3395
1944,382.43924,0.41980773,381.64975,1.1720718,0.031584915,118.28095,299.43448,146.40414,6.5041585,4.8848114,160.57919,1.3699225,0.24017312,3.2109122e-09,765.7124,1501.8002
1944.0833,382.35889,0.42007995,381.56888,1.1724471,0.031585056,118.30389,299.41711,146.39774,6.5649734,4.9573035,160.56429,1.38107,0.26511011,3.5248253e-09,765.55182,1501.7572
1944.1667,382.27853,0.4203423,381.48804,1.1728222,0.031585198,118.33889,299.42838,146.40524,6.6186028,5.0284171,160.54965,1.3907479,0.28174314,3.6750543e-09,765.3913,1501.7604
1944.25,382.1955,0.42063123,381.40445,1.17321,0.031585347,118.3742,299.4407,146.41325,6.6767302,5.1022735,160.53465,1.3926442,0.29145932,3.8290997e-09,765.22534,1501.7671
1944.3333,382.11224,0.42078716,381.32089,1.1735978,0.031585492,118.40695,299.45065,146.41998,6.7464199,5.1801805,160.51985,1.4016371,0.34017256,3.9620458e-09,765.05902,1501.7831
1944.4167,382.02884,0.42085013,381.23737,1.1739855,0.031585637,118.46162,299.51001,146.45068,6.7940769,4.6870909,160.50516,1.4072367,0.30476478,3.9897134e-09,764.89258,1501.3013
1944.5,381.94559,0.42099443,381.15387,1.174373,0.031585783,119.05398,300.73035,147.04681,6.7948174,4.3637028,160.4906,1.6106743,0.40162864,3.0481275e-09,764.72644,1503.2067
1944.5833,381.86044,0.42083317,381.069,1.1747668,0.031585932,120.31129,303.38141,148.34082,6.7952332,4.2999969,160.47591,1.9879909,0.7169469,2.189108e-09,764.55664,1508.1612
1944.6667,381.77698,0.42083615,380.98553,1.1751542,0.031586077,121.40199,305.66125,149.45303,6.8126779,4.2891312,160.46106,1.9356595,0.70941728,1.9630979e-09,764.39014,1512.4692
1944.75,381.69385,0.42101222,380.90207,1.1755415,0.031586222,122.28099,307.47238,150.33665,6.7783818,4.378653,160.44579,1.8728061,0.72916669,1.937021e-09,764.22412,1515.917
1944.8333,381.61093,0.42127442,380.81863,1.1759287,0.031586368,122.5361,307.9317,150.56291,6.5048847,4.9158049,160.43018,1.5964938,0.5133571,2.6148372e-09,764.05835,1516.94
1944.9167,381.52826,0.42166781,380.73523,1.1763158,0.031586513,122.51803,307.82095,150.51073,6.5283899,4.9453435,160.41478,1.3486085,1.2370374,3.9545864e-09,763.89313,1516.6314
1945,381.44357,0.42171568,380.65045,1.1767092,0.031586662,122.52944,307.77884,150.49171,6.4709454,4.8897991,160.3999,1.3633144,0.27516103,4.2833546e-09,763.72406,1516.2847
1945.0833,381.36288,0.42168644,380.56982,1.1770835,0.031586803,122.54036,307.74277,150.47549,6.4700255,4.9028144,160.38602,1.3683218,0.29508671,4.3865755e-09,763.56305,1516.0806
1945.1667,381.28223,0.42166957,380.4892,1.1774577,0.031586941,122.5518,307.71146,150.46152,6.4396601,4.8916812,160.37224,1.3710953,0.33649036,4.432362e-09,763.40216,1515.8305
1945.25,381.19885,0.42166814,380.40585,1.1778444,0.031587087,122.56395,307.68311,150.44899,6.4009948,4.8737321,160.35806,1.3735763,0.40901968,4.4754804e-09,763.23584,1515.5647
1945.3333,381.11566,0.42173475,380.32251,1.1782311,0.031587232,122.58067,307.66815,150.44302,6.3564997,4.8509769,160.34393,1.3860005,0.53611398,4.4832102e-09,763.0697,1515.313
1945.4167,381.03223,0.42167556,380.23923,1.1786177,0.031587373,122.62802,307.72137,150.47026,6.3422017,4.503356,160.32974,1.4128234,0.46565673,4.4994013e-09,762.90332,1514.8982
1945.5,380.94882,0.42161623,380.15594,1.1790043,0.031587519,123.2203,308.95255,151.07112,6.3621469,4.0610676,160.31564,1.6868665,0.46726805,3.3409253e-09,762.737,1516.7198
1945.5833,380.86343,0.42120144,380.07129,1.1793971,0.031587668,124.22061,311.06024,152.10052,6.4184685,4.0129385,160.30139,2.0537825,0.7519936,2.3750655e-09,762.56696,1520.681
1945.6667,380.77985,0.42102513,379.98804,1.1797835,0.031587809,125.13013,312.95197,153.02371,6.4791217,4.0301948,160.28706,2.0220242,0.76089877,2.0831779e-09,762.40033,1524.3025
1945.75,380.69662,0.42101908,379.90482,1.1801697,0.031587955,125.97852,314.69974,153.87566,6.3339067,4.3643861,160.27234,1.9126858,0.78594726,2.2507107e-09,762.23425,1527.7587
1945.8333,380.61359,0.42111614,379.82159,1.1805559,0.031588096,126.17851,315.03979,154.0433,6.2282686,4.6855097,160.25743,1.818414,0.71777463,2.5675735e-09,762.06848,1528.5013
1945.9167,380.5307,0.42128187,379.7384,1.1809421,0.031588241,126.33283,315.27924,154.16206,6.2817836,4.746469,160.24249,1.6994886,1.5642591,2.8367626e-09,761.90302,1528.9479
1946,380.44656,0.42148405,379.65387,1.1813344,0.031588387,126.50014,315.55368,154.29755,6.2508869,4.7218723,160.22734,1.5829787,0.65004468,3.1151106e-09,761.73486,1529.2863
1946.0833,380.36646,0.42165607,379.57346,1.1817076,0.031588525,126.66334,315.82944,154.43335,6.2715101,4.7559805,160.21298,1.5694056,0.74639195,3.2780678e-09,761.57489,1529.7414
1946.1667,380.28635,0.42181569,379.49304,1.1820809,0.031588662,126.82005,316.09613,154.56454,6.3037763,4.7985482,160.19861,1.5263423,0.73611349,3.5036527e-09,761.41486,1530.1964
1946.25,380.20355,0.42198011,379.40991,1.1824666,0.031588808,126.97148,316.35483,154.6917,6.3355665,4.8398132,160.18382,1.4880443,0.76561755,3.7713033e-09,761.24951,1530.6268
1946.3333,380.12042,0.42196992,379.32684,1.1828524,0.031588949,127.12391,316.62048,154.82207,6.3600326,4.865026,160.16924,1.5022681,0.82695192,3.8808068e-09,761.08374,1531.0444
1946.4167,380.03732,0.42195928,379.24374,1.1832379,0.031589091,127.39478,317.14566,155.07857,6.3729262,4.3129039,160.15468,1.5103768,0.481897,3.6481498e-09,760.91785,1531.3774
1946.5,379.95419,0.42190805,379.16071,1.1836234,0.031589232,128.34088,319.12833,156.04457,6.3699408,4.0320373,160.1405,1.9874021,0.7329095,2.4065623e-09,760.75201,1534.8084
1946.5833,379.86966,0.42184386,379.07629,1.1840153,0.031589378,129.01935,320.5116,156.71873,6.4043894,4.0361037,160.12561,2.0443161,0.82032597,1.9867785e-09,760.58344,1537.3992
1946.6667,379.78705,0.42205352,378.99326,1.1844006,0.031589519,130.06535,322.68161,157.77345,6.4670129,4.0566497,160.11032,1.9874396,0.78932178,1.7925924e-09,760.4184,1541.5727
1946.75,379.70456,0.42231622,378.91028,1.1847858,0.031589665,130.84633,324.27612,158.54837,6.5337915,4.0821943,160.0947,1.9041822,0.73241246,1.805463e-09,760.25354,1544.635
1946.8333,379.6221,0.42259523,378.82727,1.185171,0.031589806,131.18498,324.90961,158.85631,6.2468972,4.6344099,160.07906,1.8210469,0.84629607,2.0532935e-09,760.08875,1546
1946.9167,379.53979,0.422923,378.74432,1.1855562,0.031589948,131.43193,325.34729,159.06921,6.2594571,4.7394795,160.06345,1.7622623,1.6569998,2.2588802e-09,759.92419,1546.8351
1947,379.45615,0.4232704,378.66003,1.1859474,0.031590089,131.67209,325.77228,159.27617,6.2026958,4.6768298,160.04761,1.7138734,0.58164692,2.3805111e-09,759.75702,1547.4047
1947.0833,379.37656,0.4235906,378.5798,1.1863197,0.031590227,131.86304,326.1041,159.43822,6.2645135,4.7464027,160.03244,1.5521805,0.50587773,2.6229743e-09,759.5979,1548.0465
1947.1667,379.29706,0.42394558,378.49963,1.186692,0.031590365,131.99254,326.31305,159.54095,6.3196192,4.8119607,160.01736,1.5020398,0.48610282,2.8567355e-09,759.43896,1548.4345
1947.25,379.2149,0.42432457,378.41675,1.1870768,0.031590506,132.10786,326.49753,159.63153,6.3533845,4.8602204,160.00191,1.4621906,0.48494327,3.2002154e-09,759.27466,1548.7271
1947.3333,379.13248,0.42455783,378.33389,1.1874614,0.031590644,132.22783,326.69778,159.72969,6.4018521,4.8285456,159.98666,1.4883672,0.5106647,3.3440677e-09,759.10999,1548.9823
1947.4167,379.05002,0.42474771,378.25104,1.1878461,0.031590786,132.88635,328.06848,160.39682,6.4338317,4.1050611,159.97171,1.7420344,0.56969023,2.5670186e-09,758.94531,1550.8076
1947.5,378.96738,0.42483783,378.16824,1.1882305,0.031590927,133.90746,330.22452,161.44411,6.4701333,4.0297561,159.95674,2.0239959,0.81605393,2.0936608e-09,758.78027,1554.813
1947.5833,378.88385,0.42516661,378.08408,1.1886213,0.031591069,134.82384,332.13931,162.3719,6.5150762,4.027833,159.94086,1.994843,0.81706607,1.7983088e-09,758.61328,1558.432
1947.6667,378.80194,0.42562672,378.00128,1.1890056,0.031591211,135.58998,333.71954,163.13701,6.5497284,4.0223951,159.92407,1.952148,0.79113728,1.6620818e-09,758.44952,1561.3922
1947.75,378.72009,0.42609942,377.91852,1.1893898,0.031591352,135.93825,334.39005,163.46143,6.4800415,4.209516,159.90657,1.775628,0.73113775,1.8583151e-09,758.28571,1562.6716
1947.8333,378.6384,0.42663696,377.83578,1.189774,0.03159149,135.96155,334.37003,163.45192,6.250391,4.6849546,159.88904,1.4084207,0.36826009,2.5997684e-09,758.12219,1562.7301
1947.9167,378.55646,0.4270556,377.75308,1.1901581,0.031591631,135.96864,334.32663,163.4315,6.3027525,4.7419968,159.87206,1.4118547,0.86477613,3.009333e-09,757.95837,1562.602
1948,394.84222,4.8204012,377.67862,1.1905484,0.031591773,135.97359,334.28293,163.41098,7.0236483,5.4599457,101.6906,254.51085,243.33893,1.1575958e-07,778.56342,1526.4051
1948.0833,399.72668,5.724679,377.62421,1.1909198,0.031591907,135.97955,334.25003,163.39557,7.1667542,5.6285758,82.002243,8.2809544,7.3277903,1.6465414e-07,784.2981,1512.7208
1948.1667,399.11813,5.6725998,377.57022,1.1912911,0.031592045,135.97881,334.20844,163.37581,7.1807804,5.6550517,81.998245,7.7641635,6.8618422,1.6960298e-07,783.58386,1511.9811
1948.25,398.50443,5.6180086,377.51416,1.1916749,0.031592183,135.99316,334.20197,163.37306,7.1476874,5.6389079,81.99411,7.8001008,6.9398851,1.6587497e-07,782.85986,1511.2087
1948.3333,397.86926,5.5588851,377.45782,1.1920587,0.031592324,136.02335,334.23309,163.38857,7.1837573,5.6813812,81.989983,8.1753836,7.3700871,1.6041983e-07,782.10968,1510.6098
1948.4167,397.20081,5.4935613,377.40115,1.1924424,0.031592462,136.09361,334.35382,163.44759,7.2413378,5.3582516,81.98584,8.7649746,6.6180243,1.5153178e-07,781.31958,1509.8
1948.5,396.47903,5.4191432,377.34418,1.1928262,0.0315926,136.82681,335.91589,164.20743,7.3408546,4.9378839,81.981934,9.5204296,7.218255,1.0534885e-07,780.46674,1511.6775
1948.5833,395.72064,5.3363457,377.28586,1.193216,0.031592742,137.8965,338.21899,165.32745,7.4105368,4.9298081,81.978012,10.436175,8.00175,7.753578e-08,779.56769,1515.329
1948.6667,394.86847,5.2367887,377.22803,1.1935996,0.031592879,138.78456,340.10101,166.24246,7.4911957,4.9568701,81.973816,12.015739,9.8627491,6.8318236e-08,778.55847,1518.1084
1948.75,393.91794,5.1173263,377.16968,1.1939831,0.031593021,139.1937,340.92215,166.64241,7.40552,5.2191386,81.969482,12.285261,11.259994,8.0571716e-08,777.43054,1518.7829
1948.8333,393.06921,5.0045948,377.11069,1.1943665,0.031593159,139.22353,340.92313,166.64423,7.190773,5.6140232,81.965034,9.1567154,8.3652782,1.0901417e-07,776.41052,1517.9712
1948.9167,392.38501,4.9099188,377.05124,1.1947498,0.031593297,139.22612,340.87344,166.62129,7.200428,5.6357427,81.960922,8.2434063,7.885129,1.1135978e-07,775.57257,1517.0905
1949,392.01773,4.8619261,376.99039,1.1951394,0.031593438,139.22508,340.82132,166.59703,7.0917187,5.5483513,81.96122,1.5488954,0.69148916,1.1078932e-07,775.0968,1516.3415
1949.0833,391.93579,4.8582187,376.9324,1.19551,0.031593569,139.22495,340.77853,166.57724,7.0138311,5.4933448,81.965652,1.3695793,0.55158377,1.1144581e-07,774.95355,1516.007
1949.1667,391.85388,4.8544917,376.87442,1.1958807,0.031593703,139.22517,340.74088,166.56001,6.9406843,5.4421978,81.969971,1.3750285,0.60287404,1.1208321e-07,774.81024,1515.6892
1949.25,391.76929,4.8506603,376.81448,1.1962638,0.031593841,139.22563,340.70633,166.54442,6.8723927,5.3949304,81.974335,1.3753451,0.62551552,1.1255732e-07,774.66235,1515.3803
1949.3333,391.68475,4.8468142,376.75452,1.1966469,0.031593978,139.22714,340.67743,166.53156,6.7998424,5.3436699,81.978592,1.3940908,0.7084235,1.1313072e-07,774.51434,1515.0725
1949.4167,391.6001,4.8429112,376.69455,1.1970299,0.031594116,139.26759,340.73605,166.56107,6.7719073,4.8651114,81.982941,1.4309962,0.45918494,1.1330672e-07,774.36621,1514.5509
1949.5,391.51648,4.8395748,376.63458,1.1974128,0.031594254,139.69073,341.63663,166.99921,6.8066306,4.6554384,81.987572,1.6239595,0.4678255,9.3047589e-08,774.2196,1515.9958
1949.5833,391.42911,4.8349042,376.57364,1.1978019,0.031594392,140.83907,344.14825,168.21785,6.8042245,4.5374832,81.992607,2.2857516,0.92938858,6.2034196e-08,774.06708,1520.6065
1949.6667,391.34299,4.8302584,376.51364,1.1981848,0.03159453,141.9576,346.60889,169.40672,6.8221908,4.5052724,81.997421,2.2697043,1.0050771,5.2800758e-08,773.91669,1525.2148
1949.75,391.25674,4.8258557,376.45364,1.1985676,0.031594668,142.76001,348.31943,170.23442,6.8879704,4.5330319,82.003456,2.0545828,0.92539275,5.2402136e-08,773.76642,1528.5048
1949.8333,391.17053,4.8215399,376.39365,1.1989503,0.031594805,142.98843,348.7547,170.44684,6.7049031,4.9841089,82.010262,1.9500952,1.0394573,6.2656568e-08,773.61633,1529.5055
1949.9167,391.0849,4.8175254,376.33365,1.199333,0.03159494,143.007,348.85739,170.49782,6.6529741,5.2185206,82.016792,1.710579,1.4594123,7.4177883e-08,773.46704,1529.7175
1950,390.99783,4.8133831,376.27264,1.1997218,0.031595081,142.98631,348.91418,170.52664,6.6530213,5.2264571,82.023468,1.6893611,0.82613719,8.0126576e-08,773.31519,1529.6453
1950.0833,390.91501,4.8093982,376.21457,1.2000917,0.031595211,142.96236,348.96393,170.55179,6.6950545,5.2763267,82.029617,1.6801943,0.95911038,8.5548258e-08,773.17065,1529.6497
1950.1667,390.83252,4.8054671,376.15652,1.2004616,0.031595342,142.92955,349.0083,170.57414,6.7302999,5.3196425,82.035202,1.668081,1.0563298,9.4248058e-08,773.02661,1529.6237
1950.25,390.74756,4.8014307,376.09647,1.200844,0.03159548,142.90126,349.07452,170.60704,6.7559934,5.3512487,82.040359,1.6847345,1.1549107,9.7530254e-08,772.87793,1529.6083
1950.3333,390.66275,4.7973948,376.03644,1.2012264,0.031595614,142.86682,349.13934,170.63913,6.7794113,5.3698673,82.045227,1.7052321,1.1779318,9.8707325e-08,772.72943,1529.5693
1950.4167,390.57806,4.7934041,375.97638,1.2016087,0.031595752,143.01387,349.62012,170.87271,6.8122382,4.8605514,82.050217,1.8467503,0.777942,8.9699149e-08,772.58105,1529.8108
1950.5,390.49255,4.7889643,375.91632,1.2019908,0.031595886,143.87343,351.67526,171.86855,6.8686628,4.546824,82.055161,2.2360992,0.93524456,6.1999195e-08,772.43146,1533.3193
1950.5833,390.4054,4.7843947,375.85526,1.2023792,0.031596024,144.86958,353.7868,172.89284,6.9138923,4.5032716,82.060509,2.2571118,0.95020902,5.0674117e-08,772.27905,1537.3059
1950.6667,390.31949,4.7800813,375.79517,1.2027614,0.031596161,145.65419,355.40479,173.6774,6.9508896,4.464334,82.067055,2.1071842,0.82999092,4.3894289e-08,772.12915,1540.3478
1950.75,390.23331,4.7757301,375.73508,1.2031434,0.031596296,146.50128,357.14896,174.52301,7.0177598,4.4864106,82.074242,2.0199611,0.80718255,4.2095326e-08,771.97888,1543.7305
1950.8333,390.14713,4.7713742,375.67499,1.2035254,0.03159643,147.07617,358.29398,175.07903,6.6715455,5.0984917,82.081512,1.9649293,1.3054478,4.2958359e-08,771.82867,1546.1294
1950.9167,390.061,4.7670169,375.6149,1.2039073,0.031596564,147.40678,358.90332,175.37585,6.7016077,5.1301789,82.088654,1.8836939,1.7490629,4.7213291e-08,771.67847,1547.2849
1951,389.97369,4.7626624,375.55377,1.2042954,0.031596702,147.61046,359.24384,175.54218,6.6676593,5.1045284,82.095779,1.7835058,0.83232045,5.2862372e-08,771.52606,1547.7906
1951.0833,389.89081,4.7585831,375.49564,1.2046646,0.031596832,147.75722,359.47986,175.6577,6.6915288,5.1388969,82.102234,1.5676905,0.78177541,5.8675287e-08,771.38129,1548.2088
1951.1667,389.80814,4.7545466,375.43747,1.2050339,0.031596962,147.89188,359.70444,175.76761,6.7322769,5.1864929,82.108566,1.5261235,0.74557328,6.3678449e-08,771.23676,1548.6279
1951.25,389.72287,4.7504206,375.37735,1.2054155,0.031597096,148.01723,359.91635,175.87115,6.7805281,5.2380958,82.114937,1.5069432,0.72924387,6.8142562e-08,771.08771,1549.026
1951.3333,389.63757,4.7462454,375.3172,1.2057971,0.031597231,148.11826,360.08148,175.95197,6.8214369,5.2678313,82.12117,1.5209128,0.81179458,6.8986694e-08,770.93848,1549.3006
1951.4167,389.55206,4.7419033,375.25705,1.2061787,0.031597365,148.6259,361.13644,176.46454,6.83776,4.4653873,82.12748,1.7311729,0.52035469,5.7668242e-08,770.78882,1550.4463
1951.5,389.46613,4.7373266,375.19687,1.2065601,0.031597499,149.45616,362.88574,177.31337,6.8991489,4.4061017,82.133904,2.1020212,0.8159638,4.5394913e-08,770.63849,1553.7329
1951.5833,389.37897,4.7328925,375.13571,1.2069478,0.031597637,150.15509,364.33105,178.0123,6.9567914,4.4060936,82.141052,2.1107547,0.84838217,3.9749864e-08,770.48615,1556.4886
1951.6667,389.29324,4.728579,375.07553,1.2073292,0.031597771,150.91357,365.89243,178.76653,7.0053129,4.3903055,82.148636,2.021663,0.80679607,3.6759566e-08,770.3363,1559.4532
1951.75,389.20767,4.7242789,375.01535,1.2077105,0.031597905,151.44453,366.95837,179.28102,6.7785654,4.8126073,82.155754,1.7564417,0.81563926,4.1636593e-08,770.18658,1561.6174
1951.8333,389.1225,4.7201085,374.95514,1.2080917,0.031598039,151.48529,366.98041,179.2917,6.7265067,5.046648,82.162415,1.3783985,0.37829319,5.4319042e-08,770.03741,1561.7304
1951.9167,389.03772,4.7160382,374.89493,1.2084728,0.031598169,151.4492,366.85187,179.22998,6.7831163,5.1126289,82.168915,1.3453038,1.1313264,6.3818561e-08,769.88879,1561.4846
1952,388.52179,4.6357164,374.83362,1.2088603,0.031598307,151.4248,366.75452,179.18343,7.0634313,5.3894224,81.843903,13.524554,5.9219079,6.5401032e-08,769.23157,1560.891
1952.0833,387.77087,4.5088305,374.77466,1.2092288,0.031598434,151.40906,366.6824,179.14929,7.3669806,5.7037401,81.839294,7.2268672,4.7870336,6.4611584e-08,768.29517,1560.4459
1952.1667,387.30823,4.4310927,374.71524,1.2095973,0.031598564,151.38768,366.60287,179.11157,7.497807,5.842823,81.835144,5.5799842,4.20011,6.6639195e-08,767.6958,1559.9736
1952.25,386.90042,4.3621078,374.65344,1.2099782,0.031598695,151.36256,366.51895,179.07167,7.5774217,5.9303079,81.830872,5.2066922,4.2116818,6.83618e-08,767.15759,1559.4494
1952.3333,386.51096,4.2948437,374.59134,1.2103591,0.031598829,151.33751,366.43942,179.03383,7.6403465,5.9967551,81.826637,5.0721598,4.107192,6.890194e-08,766.6391,1558.9136
1952.4167,386.12271,4.2259021,374.52887,1.2107399,0.031598963,151.33705,366.41733,179.02376,7.7107205,5.661994,81.822403,5.2743449,2.6630938,6.6609125e-08,766.11981,1558.0931
1952.5,385.68323,4.1436334,374.46606,1.2111206,0.031599093,151.93123,367.69757,179.64613,7.8499775,5.2813854,81.818573,6.7602768,3.3958066,4.6400373e-08,765.53571,1559.7605
1952.5833,385.13962,4.0347624,374.40173,1.2115076,0.031599227,152.89537,369.78479,180.66005,7.9533553,5.3064241,81.814522,8.2158184,4.6450529,3.4959339e-08,764.81921,1563.2337
1952.6667,384.50763,3.8998132,374.33783,1.2118882,0.031599361,153.79111,371.6864,181.58331,8.0680075,5.3669872,81.810242,9.4040794,5.6342278,2.8926259e-08,763.98877,1566.2948
1952.75,383.79947,3.738647,374.27319,1.2122687,0.031599492,154.41545,372.97333,182.20909,8.2258558,5.4724116,81.805901,9.4367886,6.1011033,2.7166463e-08,763.05518,1568.1572
1952.8333,383.15326,3.5853105,374.20776,1.2126492,0.031599626,154.60931,373.31335,182.37633,7.97644,6.0385165,81.801567,8.2136183,7.4404531,2.8855919e-08,762.19055,1568.306
1952.9167,382.5629,3.4399805,374.14157,1.2130296,0.031599756,154.67256,373.37613,182.40916,7.9938927,6.191298,81.796974,7.4620519,8.9602194,3.3267597e-08,761.38904,1567.8291
1953,382.22708,3.3634293,374.0737,1.2134162,0.03159989,154.67535,373.32358,182.38577,7.7177777,5.9334097,81.798439,1.5733675,0.71812391,3.8053546e-08,760.90924,1566.7436
1953.0833,382.14529,3.3585656,374.00897,1.213784,0.031600017,154.66322,373.24945,182.35165,7.6721301,5.9145508,81.804108,1.3575718,0.56731856,4.5985406e-08,760.75824,1566.4132
1953.1667,382.06412,3.3538411,373.94424,1.2141517,0.031600144,154.65536,373.1908,182.325,7.5917439,5.8611722,81.80864,1.3601483,0.59913546,5.0267555e-08,760.60797,1566.0407
1953.25,381.98022,3.3489392,373.87729,1.2145319,0.031600274,154.64816,373.1376,182.30099,7.5133829,5.8043036,81.813026,1.3834944,0.87548822,5.2227083e-08,760.45258,1565.67
1953.3333,381.89615,3.3439045,373.81033,1.2149119,0.031600408,154.79097,373.41483,182.43762,7.4696336,5.6412101,81.817467,1.4610695,0.89069647,4.7497821e-08,760.29694,1565.8687
1953.4167,381.81192,3.3388155,373.74338,1.215292,0.031600539,155.70854,375.38419,183.397,7.4841719,4.979353,81.822533,2.1655777,0.70833117,3.2731403e-08,760.14099,1568.9168
1953.5,381.72726,3.3334932,373.67639,1.2156719,0.031600669,156.52469,377.12027,184.24286,7.5197506,4.9093571,81.827248,2.2876489,0.86571813,2.7760571e-08,759.9845,1572.1287
1953.5833,381.64124,3.3282397,373.60831,1.216058,0.031600799,157.47314,379.11057,185.2101,7.5492153,4.9275622,81.832985,2.2839439,0.92105061,2.4009381e-08,759.82544,1575.929
1953.6667,381.55573,3.3228068,373.54132,1.2164378,0.03160093,158.32451,380.86884,186.06427,7.5724087,4.9291768,81.840286,2.1594503,0.86588079,2.1629916e-08,759.66791,1579.2674
1953.75,381.46988,3.317271,373.4743,1.2168175,0.031601064,158.85458,381.92221,186.57675,7.540328,5.0261736,81.848061,1.9213834,0.84688157,2.3287756e-08,759.50989,1581.278
1953.8333,381.38446,3.3119335,373.40729,1.2171972,0.031601191,158.89984,381.94919,186.59148,7.2655196,5.5268078,81.855415,1.3042383,0.34740537,3.6392869e-08,759.35248,1581.4407
1953.9167,381.29971,3.3067343,373.34024,1.2175767,0.031601321,158.87428,381.84375,186.54204,7.2271543,5.5000949,81.861641,1.3198429,1.0705948,4.8252343e-08,759.19586,1581.0448
1954,381.21472,3.3017919,373.27209,1.2179625,0.031601455,158.84293,381.73251,186.48981,7.1153474,5.3901029,81.865959,1.3006094,0.47578746,5.3386813e-08,759.03815,1580.4748
1954.0833,381.13403,3.2971087,373.20724,1.2183295,0.031601582,158.80447,381.61481,186.43434,7.0642905,5.3522029,81.869507,1.294246,0.5219841,5.5175427e-08,758.88837,1580.0279
1954.1667,381.0535,3.2924724,373.14236,1.2186965,0.031601705,158.75681,381.48224,186.37158,7.0126233,5.3165917,81.872841,1.2964095,0.53170896,5.6650087e-08,758.73865,1579.5513
1954.25,380.97028,3.287674,373.07532,1.2190758,0.031601835,158.72226,381.38281,186.32503,6.9583406,5.2812734,81.876282,1.3228835,0.58134347,5.655361e-08,758.58392,1579.1299
1954.3333,380.88687,3.2827868,373.00821,1.2194551,0.031601965,158.81158,381.55673,186.41136,6.9305487,5.1463718,81.879791,1.4006073,0.56160933,5.2474579e-08,758.42896,1579.1653
1954.4167,380.80331,3.2778523,372.94113,1.2198343,0.031602096,159.74896,383.58261,187.39883,6.9939847,4.5759754,81.884041,2.1013811,0.69358003,3.5904502e-08,758.2738,1582.4582
1954.5,380.71964,3.2728457,372.87402,1.2202134,0.031602222,160.60028,385.43347,188.30005,7.0785184,4.5737391,81.888092,2.3766718,1.0232842,2.9777988e-08,758.11835,1585.9925
1954.5833,380.63464,3.2678282,372.80582,1.2205987,0.031602357,161.47618,387.29498,189.20305,7.1477165,4.5916572,81.892303,2.3747106,0.9875437,2.4729353e-08,757.96045,1589.5664
1954.6667,380.5502,3.2626536,372.73868,1.2209777,0.031602483,162.52306,389.49756,190.26956,7.2111545,4.6051936,81.897942,2.2391014,0.8641451,2.2260139e-08,757.80408,1593.8085
1954.75,380.46524,3.2572916,372.67154,1.2213566,0.031602614,163.2007,390.89584,190.94275,7.2978821,4.6256819,81.904053,1.6350975,0.47510391,2.4172364e-08,757.64703,1596.5139
1954.8333,380.38037,3.2519779,372.6044,1.2217355,0.03160274,163.4023,391.29367,191.13004,7.1362686,5.0146298,81.910454,1.3683883,0.49142164,3.0852608e-08,757.49011,1597.3775
1954.9167,380.29568,3.2467227,372.53723,1.2221142,0.031602871,163.44373,391.33881,191.1532,7.0733542,5.2430706,81.916977,1.5288526,2.175246,3.6877115e-08,757.33337,1597.5024
1955,380.20993,3.2414801,372.46896,1.2224991,0.031603001,163.47258,391.35916,191.16528,6.9732451,5.1492448,81.92292,1.4936099,0.40819889,4.3109146e-08,757.1745,1597.2169
1955.0833,380.12888,3.2366672,372.40399,1.2228653,0.031603124,163.50438,391.39246,191.18347,7.0271125,5.2210388,81.927704,1.4778943,0.41561237,4.6985061e-08,757.02399,1597.2801
1955.1667,380.04834,3.2320316,372.33899,1.2232316,0.031603247,163.50798,391.3685,191.17372,7.0025826,5.2243252,81.931763,1.4604807,0.41173786,4.9534634e-08,756.87421,1597.083
1955.25,379.96524,3.2272699,372.27179,1.22361,0.031603377,163.49068,391.30145,191.14311,6.9632454,5.2086172,81.935661,1.4579152,0.43772674,5.019238e-08,756.71954,1596.7623
1955.3333,379.88202,3.2224271,372.20459,1.2239884,0.031603504,163.50803,391.31351,191.15092,6.9583187,5.2171812,81.939507,1.5043178,0.56217837,5.0348525e-08,756.56464,1596.6521
1955.4167,379.79877,3.2175839,372.13736,1.2243669,0.031603631,163.94086,392.23007,191.59842,7.0101895,4.561111,81.94355,1.6451577,0.39803478,4.1216676e-08,756.40967,1597.6938
1955.5,379.7153,3.2126145,372.07013,1.2247452,0.031603761,164.97391,394.46365,192.68617,7.0812659,4.4973593,81.94812,2.4588165,0.92447084,2.8418565e-08,756.25439,1601.9049
1955.5833,379.63022,3.2074709,372.0018,1.2251296,0.031603891,166.04918,396.76102,193.8028,7.124043,4.485333,81.952614,2.4991765,1.0224866,2.3157794e-08,756.09625,1606.2712
1955.6667,379.54596,3.2022979,371.93454,1.2255077,0.031604018,166.94627,398.6312,194.71103,7.1686826,4.4858489,81.958305,2.3188813,0.94235647,2.0706821e-08,755.93994,1609.8412
1955.75,379.4613,3.1969843,371.86728,1.2258859,0.031604145,167.60564,399.96719,195.36046,7.1134224,4.6553421,81.964561,2.1244667,0.99105567,2.1919943e-08,755.78308,1612.4496
1955.8333,379.37683,3.1917429,371.79999,1.2262639,0.031604271,167.67026,400.02066,195.38818,6.943881,5.0388923,81.970474,1.5445598,0.4747453,3.0823312e-08,755.6264,1612.6588
1955.9167,379.29248,3.1865504,371.73273,1.2266419,0.031604398,167.64101,399.89539,195.32938,7.0011668,5.0967441,81.976616,1.4691198,1.5752096,3.5171173e-08,755.47003,1612.4102
1956,379.20691,3.1812997,371.66431,1.227026,0.031604528,167.61894,399.79276,195.28152,6.9532104,5.0454578,81.982552,1.4873978,0.63752317,3.7380325e-08,755.31116,1611.9856
1956.0833,379.12573,3.1763718,371.59921,1.2273914,0.031604651,167.59384,399.69263,195.23477,7.0029454,5.0995283,81.987778,1.4940102,0.66060966,4.0073655e-08,755.16034,1611.7719
1956.1667,379.04483,3.1715224,371.53409,1.2277567,0.031604774,167.56674,399.59399,195.18866,7.0526743,5.1533217,81.992493,1.5072814,0.67305321,4.233441e-08,755.00983,1611.5577
1956.25,378.96143,3.1665926,371.46677,1.2281344,0.031604901,167.53598,399.49121,195.14049,7.1040058,5.2114034,81.996994,1.5114695,0.69699466,4.3985047e-08,754.85455,1611.3346
1956.3333,378.8782,3.1617069,371.39941,1.228512,0.031605024,167.50754,399.39822,195.09697,7.1515341,5.2626119,82.001251,1.5282964,0.74918389,4.4722139e-08,754.69946,1611.1175
1956.4167,378.79492,3.1567912,371.33209,1.2288896,0.031605151,167.58614,399.54178,195.16815,7.161665,4.7121654,82.00544,1.5215399,0.39620894,4.3563947e-08,754.54431,1610.7196
1956.5,378.71173,3.1519012,371.26471,1.2292671,0.031605277,168.29436,401.05936,195.90701,7.1791444,4.5289531,82.010155,2.177593,0.73118711,2.9845236e-08,754.38922,1613.3682
1956.5833,378.62701,3.1468542,371.19626,1.2296507,0.031605408,169.13014,402.85172,196.77505,7.2143126,4.5128474,82.014244,1.9169277,0.62500417,2.3325777e-08,754.23138,1616.7297
1956.6667,378.5433,3.1417823,371.12888,1.230028,0.031605531,170.17577,405.08359,197.85323,7.2627144,4.5126619,82.018776,1.0986764,0.13555619,2.031563e-08,754.07562,1620.9824
1956.75,378.45932,3.1366384,371.06146,1.2304053,0.031605657,170.82719,406.4567,198.51648,7.1677585,4.7367787,82.024467,1.0863791,0.17668976,2.2060492e-08,753.91943,1623.6487
1956.8333,378.3754,3.1315205,370.99408,1.2307825,0.031605784,170.95602,406.70435,198.63405,7.0312161,5.0829053,82.030327,1.3142935,0.29381645,2.9350868e-08,753.76337,1624.2023
1956.9167,378.2916,3.1264327,370.92667,1.2311597,0.031605911,170.90266,406.58896,198.57945,7.0898657,5.1397524,82.03595,1.4843403,1.7479432,3.601204e-08,753.60748,1623.9442
1957,378.20685,3.1213913,370.85812,1.2315429,0.031606037,170.836,406.44821,198.51311,6.9931378,5.0448675,82.04081,1.5098354,0.43623975,4.1986532e-08,753.44958,1623.3256
1957.0833,378.1265,3.1166801,370.79291,1.2319076,0.031606156,170.7968,406.36981,198.47701,7.0462165,5.1132312,82.044922,1.5323497,0.48086569,4.2577142e-08,753.29962,1623.1476
1957.1667,378.0463,3.1120255,370.72769,1.2322721,0.031606279,170.75273,406.28088,198.43578,7.0807872,5.1711268,82.048851,1.5347097,0.58769137,4.3379924e-08,753.1499,1622.9201
1957.25,377.96353,3.107265,370.66022,1.2326491,0.031606402,170.7029,406.1806,198.38898,7.1198049,5.2294755,82.052719,1.5521425,0.80050552,4.4101679e-08,752.9953,1622.6698
1957.3333,377.88077,3.1024799,370.59277,1.2330259,0.031606529,170.66042,406.09698,198.35023,7.1437492,5.2076936,82.056503,1.5677694,0.85675657,4.4161073e-08,752.8407,1622.3562
1957.4167,377.798,3.0976832,370.5253,1.2334026,0.031606652,170.78767,406.38055,198.48981,7.1331439,4.6604276,82.060326,1.5930427,0.37832451,4.004351e-08,752.68604,1622.1979
1957.5,377.71521,3.0928752,370.45782,1.2337793,0.031606779,171.58656,408.15271,199.35249,7.1426821,4.5257459,82.064735,2.4456179,0.88265491,2.7550783e-08,752.53125,1625.3562
1957.5833,377.63086,3.0878963,370.38922,1.234162,0.031606905,172.42708,410.00565,200.24503,7.1390853,4.5099907,82.067917,1.4141799,0.32583752,2.4473586e-08,752.37378,1628.7685
1957.6667,377.54761,3.0829327,370.32175,1.2345386,0.031607028,173.31061,411.88129,201.151,7.1515412,4.5001836,82.072464,1.0876123,0.15146662,2.1859274e-08,752.21844,1632.2855
1957.75,377.46414,3.0779095,370.25421,1.234915,0.031607151,173.86356,413.03217,201.70822,7.1739058,4.5000896,82.077721,1.0995153,0.17183542,2.0648148e-08,752.06281,1634.4185
1957.8333,377.38065,3.0728667,370.18671,1.2352914,0.031607278,174.30524,413.9469,202.1517,6.9717531,4.883903,82.082939,1.0984831,0.26049876,2.1971545e-08,751.90717,1636.2496
1957.9167,377.29721,3.067843,370.11917,1.2356677,0.031607401,174.63005,414.6055,202.47137,6.9124465,5.0811024,82.088074,1.082988,1.560545,2.4768923e-08,751.75153,1637.5401
1958,377.21252,3.0627828,370.05054,1.2360501,0.031607527,174.82266,414.99481,202.66023,6.7906923,4.9577513,82.093513,1.4085782,0.39880273,2.7517524e-08,751.59344,1637.9131
1958.0833,377.13199,3.057977,369.9852,1.236414,0.031607646,174.87671,415.17212,202.74864,6.8472562,5.0167956,82.09861,1.7721076,0.67161334,2.9091245e-08,751.44318,1638.2034
1958.1667,377.05148,3.053179,369.91986,1.2367778,0.031607766,174.90083,415.28622,202.80708,6.9050922,5.0812216,82.103355,1.7298517,0.66525549,3.0589842e-08,751.29291,1638.3768
1958.25,376.96835,3.0482395,369.85226,1.2371539,0.031607889,174.91998,415.38382,202.85744,6.9622555,5.1455054,82.10817,1.7407159,0.7697826,3.1548627e-08,751.1377,1638.5149
1958.3333,376.88528,3.0433133,369.7847,1.2375299,0.031608012,174.95891,415.51871,202.92575,7.0083041,5.1966109,82.112869,1.7492127,0.84508371,3.2069323e-08,750.98242,1638.7035
1958.4167,376.80225,3.0384068,369.7171,1.2379057,0.031608135,175.18079,416.04382,203.18353,7.0083866,4.6096539,82.117554,1.8100847,0.54528868,2.9137096e-08,750.82727,1638.9709
1958.5,376.71915,3.0334392,369.64951,1.2382816,0.031608257,176.02945,417.93854,204.09613,7.0259233,4.3865137,82.121796,1.3974743,0.29042098,2.1772744e-08,750.672,1642.2703
1958.5833,376.63458,3.0283673,369.58078,1.2386636,0.031608384,177.01295,420.03412,205.10724,7.008369,4.3380928,82.12664,1.0836127,0.12456201,1.9293347e-08,750.51404,1646.1414
1958.6667,376.55124,3.0233517,369.51318,1.2390392,0.031608507,177.8694,421.84824,205.98286,7.0398822,4.3455973,82.132553,1.0857978,0.12733911,1.7279211e-08,750.3584,1649.5769
1958.75,376.46802,3.0183816,369.44553,1.2394148,0.03160863,178.44011,423.043,206.55876,6.9606671,4.5504403,82.138481,1.0782784,0.16510308,1.7110695e-08,750.20294,1651.8945
1958.8333,376.38489,3.0134363,369.3779,1.2397904,0.031608753,178.78374,423.74286,206.89548,6.7916274,4.9215531,82.144249,1.0714803,0.13313444,1.8413658e-08,750.04767,1653.3272
1958.9167,376.30185,3.0085249,369.31024,1.2401659,0.031608876,178.99574,424.16272,207.09641,6.8361731,4.9644799,82.149918,1.0782322,1.237957,1.993949e-08,749.8924,1654.0978
1959,373.96964,2.1798573,369.24011,1.2405475,0.031608999,179.19136,424.55286,207.28357,7.2177796,5.3569374,81.577011,54.170528,45.138279,1.3821616e-08,746.6618,1651.8413
1959.0833,370.93546,0.90958005,369.16714,1.2409105,0.031609118,179.32149,424.85919,207.4348,7.2893376,5.4676647,81.572266,21.772203,21.119534,4.973669e-09,742.28473,1648.2294
1959.1667,369.99756,0.48047483,369.09015,1.2412735,0.031609237,179.33629,425.01385,207.51442,7.3083191,5.5103412,81.568207,9.2308731,8.6416378,2.6288882e-09,740.84106,1647.0924
1959.25,369.42618,0.22390243,369.00897,1.2416488,0.031609356,179.35449,425.16373,207.59128,7.3317327,5.5456228,81.563972,6.2781625,5.7746534,1.2519182e-09,739.93231,1646.4831
1959.3333,369.11877,0.1032619,368.92685,1.2420238,0.031609479,179.37729,425.3129,207.66747,7.3603745,5.572475,81.559761,3.329843,2.8175437,5.9348637e-10,739.42255,1646.2729
1959.4167,368.98068,0.073179528,368.84439,1.2423989,0.031609602,179.54837,425.77582,207.89578,7.3356628,4.8609834,81.55558,2.1719685,0.63961709,3.9725731e-10,739.17224,1646.1444
1959.5,368.89062,0.069090992,368.76187,1.2427739,0.031609721,180.16136,427.2449,208.61357,7.2655792,4.6415453,81.551895,2.7239172,1.0254662,2.8804348e-10,738.99597,1648.4749
1959.5833,368.80545,0.068371721,368.67801,1.2431549,0.031609844,180.65465,428.45053,209.2034,7.2575879,4.573297,81.5476,2.6601169,1.0425092,2.6600935e-10,738.8266,1650.5137
1959.6667,368.72275,0.068258524,368.59552,1.2435297,0.031609967,181.1857,429.68439,209.80553,7.3030481,4.5594096,81.543259,2.5544267,0.98433441,2.4649419e-10,738.66168,1652.7431
1959.75,368.64044,0.068343274,368.51306,1.2439044,0.03161009,181.47691,430.34741,210.13176,7.3008904,4.6721706,81.538795,2.3687603,1.0399404,2.5050248e-10,738.49731,1653.9652
1959.8333,368.55826,0.068486877,368.4306,1.2442789,0.031610209,181.48187,430.34302,210.13446,7.1107678,5.1566148,81.534019,1.7243549,0.56918734,3.1203759e-10,738.33325,1654.094
1959.9167,368.47617,0.068671584,368.34818,1.2446535,0.031610332,181.49246,430.34171,210.13789,7.1890812,5.2405801,81.529655,1.6822114,1.4642477,3.4902975e-10,738.16925,1654.1007
1960,368.39273,0.068848319,368.2644,1.2450341,0.031610455,181.50227,430.34015,210.14088,7.1932869,5.2451682,81.525253,1.663906,0.54103017,3.9100573e-10,738.00262,1653.9495
1960.0833,368.31323,0.068940364,368.18472,1.2453961,0.031610571,181.52051,430.36096,210.15434,7.2688298,5.3255677,81.52108,1.6807485,0.6694845,4.1164333e-10,737.84393,1653.9952
1960.1667,368.2337,0.069021113,368.10504,1.2457582,0.031610686,181.53654,430.37939,210.16643,7.3273478,5.3892226,81.516899,1.6838726,0.88568258,4.285475e-10,737.68518,1654.001
1960.25,368.15161,0.069157213,368.02271,1.2461324,0.031610809,181.54271,430.37747,210.16852,7.3768492,5.4462128,81.512573,1.6668748,0.9172821,4.5505713e-10,737.52124,1653.9455
1960.3333,368.06949,0.069274247,367.94037,1.2465065,0.031610928,181.55368,430.38843,210.17667,7.4206853,5.4222116,81.508293,1.6942637,0.87668359,4.7480875e-10,737.35724,1653.8273
1960.4167,367.9873,0.069345787,367.85803,1.2468805,0.031611048,181.97849,431.30289,210.62311,7.4186645,4.7118473,81.504143,1.848969,0.46140853,4.0682449e-10,737.19318,1654.7323
1960.5,367.90503,0.06935554,367.77576,1.2472545,0.031611167,182.69049,432.862,211.38266,7.4184337,4.6125059,81.500473,2.7017348,0.97305924,3.2163003e-10,737.02899,1657.4955
1960.5833,367.82135,0.069326788,367.69211,1.2476344,0.03161129,183.03236,433.61642,211.73718,7.4727411,4.5940938,81.495872,2.4242518,0.84696752,2.817605e-10,736.862,1658.8108
1960.6667,367.73914,0.069340669,367.60986,1.2480083,0.031611409,183.58389,434.99194,212.29971,7.518723,4.5702443,81.491127,1.7942605,0.49052629,2.6624289e-10,736.69794,1661.1536
1960.75,367.65704,0.069413826,367.52762,1.248382,0.031611532,183.92984,435.86325,212.64256,7.3777871,4.8469691,81.486633,1.4619483,0.48229444,2.7804886e-10,736.53406,1662.6811
1960.8333,367.5752,0.069619328,367.4454,1.2487556,0.031611651,183.96974,435.91547,212.66615,7.2869606,5.1349788,81.482407,1.5387279,0.41468671,3.7945111e-10,736.37061,1662.8262
1960.9167,367.49332,0.069787361,367.36319,1.2491291,0.03161177,183.91069,435.74603,212.58961,7.3303375,5.1875119,81.478119,1.5340741,1.2486531,4.6980086e-10,736.20703,1662.4493
1961,367.40964,0.069712646,367.27966,1.2495086,0.03161189,183.87163,435.62411,212.53621,7.3207984,5.1746521,81.47863,1.4840343,0.38679218,5.1066568e-10,736.04016,1662.0461
1961.0833,367.33026,0.069762155,367.2002,1.2498697,0.031612005,183.82224,435.48569,212.47412,7.350513,5.2159643,81.482735,1.4311935,0.46348161,5.7845256e-10,735.88171,1661.713
1961.1667,367.25098,0.069857873,367.12073,1.2502308,0.031612121,183.74916,435.29956,212.38829,7.2783384,5.1688085,81.486694,1.404372,0.64740086,6.7999967e-10,735.72339,1661.0942
1961.25,367.16898,0.069924586,367.0386,1.250604,0.03161224,183.68118,435.12744,212.30928,7.1973596,5.1151276,81.490761,1.4231128,0.69026595,7.0771849e-10,735.55969,1660.4807
1961.3333,367.08685,0.069921605,366.95648,1.250977,0.031612359,183.66252,435.06738,212.28487,7.1408095,5.0777779,81.494904,1.4868634,0.84127444,6.8810529e-10,735.39587,1660.1241
1961.4167,367.00473,0.069904462,366.87439,1.2513502,0.031612478,184.28818,436.41763,212.94633,7.1486812,4.4443727,81.499611,1.9855932,0.53144354,4.8910148e-10,735.23199,1661.9768
1961.5,366.92249,0.069804296,366.79233,1.2517231,0.031612597,185.18204,438.42966,213.90363,7.2068911,4.43119,81.503952,2.1219599,0.66970247,3.8474307e-10,735.06793,1665.7253
1961.5833,366.83908,0.069798328,366.70892,1.252102,0.031612717,185.90834,440.24539,214.66896,7.2104607,4.4626479,81.508041,1.9238111,0.56769252,3.3055772e-10,734.90149,1668.9053
1961.6667,366.75708,0.069821283,366.62689,1.2524748,0.031612836,186.21738,441.11398,214.98477,7.1822658,4.4556103,81.512253,1.9261967,0.59718996,2.9982783e-10,734.73792,1670.2042
1961.75,366.67508,0.069829501,366.54486,1.2528476,0.031612955,186.61378,442.05869,215.39011,7.0390911,4.7312365,81.516373,1.8230499,0.68717545,3.3364167e-10,734.57428,1671.9237
1961.8333,366.59314,0.069870681,366.46286,1.2532201,0.031613071,186.63855,442.11566,215.40167,6.9559989,5.0010009,81.520386,1.550427,0.47346687,4.6605153e-10,734.41071,1672.044
1961.9167,366.51126,0.069918402,366.38089,1.2535926,0.03161319,186.592,441.96793,215.33969,6.9912119,5.0397196,81.524513,1.483076,1.6224465,6.0013194e-10,734.24725,1671.7024
1962,366.42804,0.069962248,366.29758,1.2539712,0.031613309,186.54716,441.82822,215.2813,6.8350511,4.8820133,81.52874,1.4786537,0.43119508,6.6561784e-10,734.08118,1670.9836
1962.0833,366.34885,0.069997802,366.21832,1.2543314,0.031613424,186.50906,441.70895,215.23213,6.7761474,4.8425703,81.532761,1.4742191,0.59908903,6.7993844e-10,733.92316,1670.5248
1962.1667,366.26968,0.070038483,366.13907,1.2546915,0.03161354,186.47485,441.60202,215.18878,6.7073107,4.7920818,81.53672,1.4710703,0.77062047,6.8480244e-10,733.76508,1670.0669
1962.25,366.18793,0.070124969,366.05716,1.2550637,0.031613655,186.43567,441.48694,215.1412,6.6395421,4.7431102,81.540649,1.4518038,0.84291565,6.945669e-10,733.60187,1669.5891
1962.3333,366.10614,0.070187069,365.97528,1.2554358,0.031613775,186.42073,441.42889,215.12126,6.5979261,4.7159867,81.544594,1.5090551,0.91476864,6.86734e-10,733.43866,1669.2681
1962.4167,366.02435,0.070220605,365.8934,1.2558078,0.03161389,187.03792,442.74866,215.77238,6.5905447,4.2584796,81.548973,1.8968472,0.67392802,5.0878574e-10,733.27539,1671.2323
1962.5,365.94226,0.070092961,365.81155,1.2561797,0.031614009,188.07736,445.0773,216.87628,6.6477838,4.0604815,81.552803,1.5111338,0.35226992,3.9405323e-10,733.11169,1675.4036
1962.5833,365.85876,0.069924153,365.72839,1.2565577,0.031614129,189.18019,447.4639,218.01579,6.7124949,4.0872493,81.55722,1.0992883,0.13264984,3.4771039e-10,732.94525,1679.9622
1962.6667,365.77689,0.069882512,365.64658,1.2569295,0.031614244,190.03241,449.27673,218.88902,6.7798085,4.1183572,81.561569,1.0879754,0.12397672,3.1838487e-10,732.78192,1683.4398
1962.75,365.6951,0.069897287,365.56476,1.2573012,0.031614359,190.53395,450.32996,219.39386,6.833396,4.1775498,81.565697,1.0663477,0.18128765,3.44622e-10,732.61865,1685.4531
1962.8333,365.61343,0.069953062,365.483,1.2576728,0.031614479,190.58182,450.40952,219.43027,6.6079707,4.6330509,81.57003,1.2590109,0.27471158,5.098465e-10,732.45569,1685.6884
1962.9167,365.53195,0.070106916,365.40121,1.2580444,0.031614594,190.45648,450.13583,219.302,6.5748768,4.6104708,81.57386,1.2529422,2.6045778,7.5122325e-10,732.29297,1684.9465
1963,365.4494,0.070402123,365.31815,1.2584219,0.031614713,190.33696,449.87659,219.18053,6.3029213,4.3462892,81.57711,1.3030499,0.36457142,7.9293805e-10,732.12799,1683.7484
1963.0833,365.37088,0.070680283,365.23911,1.2587811,0.031614825,190.26196,449.72049,219.10953,6.2753534,4.3425002,81.580231,1.3117855,0.38637504,7.9635348e-10,731.97107,1683.2611
1963.1667,365.29242,0.070985943,365.16006,1.2591401,0.031614937,190.1761,449.54245,219.02765,6.2433209,4.3368526,81.583313,1.3213851,0.43266273,7.9969864e-10,731.81421,1682.7239
1963.25,365.2113,0.071293868,365.0784,1.2595114,0.031615052,190.09517,449.37918,218.95317,6.2021828,4.320859,81.586517,1.342328,0.62088615,8.0308682e-10,731.6521,1682.1891
1963.3333,365.13013,0.071562536,364.99673,1.2598826,0.031615172,190.03343,449.2627,218.9016,6.161406,4.2721744,81.589775,1.3930175,0.64713573,8.0592505e-10,731.48993,1681.7111
1963.4167,365.04883,0.071736865,364.9151,1.2602535,0.031615287,190.21437,449.68384,219.11163,6.1995826,3.8014331,81.593269,1.4847422,0.31981868,7.1111705e-10,731.32751,1681.9317
1963.5,364.96741,0.071855009,364.83347,1.2606245,0.031615403,190.98096,451.46063,219.96211,6.2680664,3.7399859,81.597023,1.8020171,0.50433999,4.8573429e-10,731.16498,1685.1737
1963.5833,364.88458,0.071917303,364.75052,1.2610015,0.031615518,191.87695,453.47534,220.91299,6.3355298,3.73313,81.600235,1.1160513,0.1511866,4.0637196e-10,730.99963,1688.9338
1963.6667,364.80304,0.071935251,364.66895,1.2613722,0.031615634,192.85805,455.57507,221.9243,6.4088368,3.7334161,81.604271,1.1139671,0.14697644,3.6619058e-10,730.83691,1692.9409
1963.75,364.72101,0.071685933,364.58737,1.2617429,0.031615749,193.4437,456.81808,222.52036,6.3253975,3.974169,81.609253,1.1111468,0.25935459,4.3601178e-10,730.6734,1695.3644
1963.8333,364.63937,0.071641102,364.50583,1.2621136,0.031615864,193.41339,456.7514,222.48813,6.2432532,4.1693702,81.613983,1.2553951,0.23665671,7.5410167e-10,730.51056,1695.1902
1963.9167,364.55844,0.071968459,364.42429,1.2624841,0.03161598,193.26035,456.43649,222.3382,6.217886,4.1727204,81.617043,1.2655569,1.9322901,8.3826657e-10,730.34882,1694.3914
1964,364.47626,0.072329164,364.34143,1.2628607,0.031616099,193.14113,456.20294,222.22823,5.9718294,3.9685857,81.620041,1.2915136,0.32119343,8.4306445e-10,730.18451,1693.3173
1964.0833,364.3981,0.072697788,364.2626,1.2632189,0.031616211,193.03326,455.99533,222.1308,5.948596,3.9768858,81.622887,1.3005034,0.43193585,8.4729423e-10,730.02826,1692.736
1964.1667,364.31995,0.073044211,364.18381,1.263577,0.031616319,192.92735,455.79398,222.03638,5.9172158,3.9755166,81.625717,1.3049393,0.48456115,8.5122587e-10,729.87195,1692.1481
1964.25,364.23914,0.073390566,364.10236,1.2639472,0.031616434,192.8233,455.5997,221.94542,5.8689566,3.9640455,81.628654,1.3146157,0.57056874,8.5515617e-10,729.71051,1691.5405
1964.3333,364.15829,0.07370811,364.02094,1.2643174,0.03161655,192.73431,455.44275,221.87268,5.8370652,3.9582527,81.631645,1.3591961,0.67567652,8.5870866e-10,729.54889,1691.0256
1964.4167,364.0773,0.073939234,363.93951,1.2646874,0.031616665,192.843,455.72839,222.0153,5.8446822,3.7058818,81.63485,1.445107,0.46223277,7.628681e-10,729.38708,1691.1593
1964.5,363.99612,0.07406804,363.85812,1.2650573,0.031616777,193.92598,458.14001,223.18668,5.8987927,3.4401283,81.638062,1.3259181,0.25895256,4.8413462e-10,729.22504,1695.4548
1964.5833,363.9137,0.074204884,363.77542,1.2654333,0.031616896,195.17979,460.84601,224.49356,5.9363494,3.4201291,81.641441,1.1489868,0.16897741,4.0693188e-10,729.06036,1700.5778
1964.6667,363.83212,0.074094422,363.69406,1.2658031,0.031617008,196.25172,463.1528,225.60533,5.9472194,3.4111092,81.645943,1.1590576,0.21408622,3.4180456e-10,728.89771,1704.9119
1964.75,363.75,0.0736674,363.61273,1.2661729,0.031617124,197.14168,465.06354,226.52672,5.9869337,3.4406488,81.651474,1.1456172,0.21269199,3.4176126e-10,728.73419,1708.5451
1964.8333,363.668,0.073296309,363.5314,1.2665424,0.031617239,197.32759,465.45944,226.7166,5.8073502,3.8262389,81.657074,1.2704079,0.33001927,5.9159977e-10,728.57086,1709.3651
1964.9167,363.58691,0.073430434,363.4501,1.266912,0.031617351,197.17384,465.16583,226.57658,5.804862,3.8399677,81.661049,1.2526048,0.71669185,8.1528639e-10,728.409,1708.6311
1965,363.50491,0.073755048,363.36746,1.2672875,0.031617466,197.01314,464.85638,226.42847,5.7512054,3.7977753,81.663963,1.2723138,0.27713248,8.3271096e-10,728.24506,1707.7559
1965.0833,363.42691,0.074076481,363.28888,1.2676448,0.031617578,196.87865,464.6048,226.30841,5.6946306,3.7758687,81.666695,1.268338,0.27253947,8.3627799e-10,728.08911,1707.0182
1965.1667,363.34894,0.074415319,363.2103,1.268002,0.031617686,196.74904,464.36334,226.19316,5.6756692,3.7838864,81.669418,1.2749176,0.28762341,8.4018897e-10,727.93329,1706.3677
1965.25,363.26834,0.074760169,363.12906,1.2683712,0.031617802,196.63654,464.16559,226.09935,5.6664047,3.8016288,81.672287,1.3059518,0.48706013,8.439931e-10,727.77216,1705.8139
1965.3333,363.18774,0.075087607,363.04785,1.2687404,0.031617913,196.54024,464.00827,226.02531,5.6417108,3.8007209,81.675224,1.3203423,0.64916193,8.475442e-10,727.61102,1705.3025
1965.4167,363.10706,0.075351648,362.96667,1.2691095,0.031618025,196.54857,464.07645,226.06062,5.6454902,3.5203736,81.678253,1.3187513,0.34335133,8.1896678e-10,727.44977,1704.9795
1965.5,363.02625,0.0755504,362.8855,1.2694784,0.031618141,197.48291,466.14035,227.05942,5.6658077,3.3779118,81.68129,1.1039338,0.12306736,5.3086829e-10,727.28839,1708.6962
1965.5833,362.94412,0.075748004,362.80301,1.2698534,0.031618256,198.881,469.16403,228.52303,5.6304913,3.3468277,81.684555,0.97338104,0.02989535,4.0443082e-10,727.12433,1714.3543
1965.6667,362.86325,0.075889796,362.72189,1.2702222,0.031618368,200.15349,471.91724,229.85701,5.6508298,3.3517416,81.688065,0.97001123,0.028772973,3.6253112e-10,726.96283,1719.5813
1965.75,362.78192,0.075763226,362.64078,1.2705909,0.03161848,200.86066,473.44131,230.59435,5.6184154,3.537915,81.692505,0.96581393,0.034852199,4.6552234e-10,726.80066,1722.5459
1965.8333,362.70062,0.075658932,362.55969,1.2709595,0.031618591,200.87701,473.4624,230.60272,5.5558362,3.7705872,81.696915,0.9816491,0.053225584,7.3734557e-10,726.63849,1722.6039
1965.9167,362.61966,0.075711854,362.47861,1.2713281,0.031618703,200.85973,473.41006,230.57608,5.5762095,3.8165607,81.700836,1.041479,0.74370134,7.7376811e-10,726.47687,1722.4164
1966,362.53766,0.075922161,362.39621,1.2717026,0.031618819,200.80515,473.27771,230.51208,5.494257,3.765738,81.704285,1.05084,0.49693394,8.1107299e-10,726.31311,1721.8724
1966.0833,362.45978,0.076200381,362.31784,1.272059,0.031618927,200.74467,473.13272,230.44206,5.4501181,3.7559025,81.70726,1.0477536,0.76020014,8.2467888e-10,726.15747,1721.3902
1966.1667,362.38196,0.07649117,362.23947,1.2724152,0.031619035,200.69492,473.01089,230.38327,5.401618,3.7396476,81.710197,1.046937,0.75228679,8.2844548e-10,726.00189,1720.9425
1966.25,362.30154,0.076804802,362.15848,1.2727834,0.031619146,200.64165,472.88092,230.32048,5.3463678,3.71526,81.713188,1.0470606,0.87133914,8.3368235e-10,725.84125,1720.4591
1966.3333,362.22113,0.077111594,362.07751,1.2731515,0.031619258,200.60214,472.78134,230.27232,5.2876816,3.6869771,81.716179,1.0535051,0.88648474,8.3694995e-10,725.68048,1720.0271
1966.4167,362.14066,0.077376895,361.99655,1.2735196,0.03161937,200.63271,472.83429,230.29832,5.2500939,3.5117421,81.719254,1.0708519,0.67230862,8.1904783e-10,725.51971,1719.7661
1966.5,362.06006,0.077565715,361.91562,1.2738876,0.031619482,201.563,474.84927,231.2749,5.2990465,3.2714837,81.722466,1.0311679,0.077261046,5.15884e-10,725.3587,1723.3389
1966.5833,361.97812,0.077728413,361.83337,1.2742616,0.031619597,203.06129,478.10483,232.85088,5.3630333,3.2201617,81.725838,0.95857424,0.021424128,3.8754847e-10,725.19513,1729.5212
1966.6667,361.89706,0.077653758,361.75247,1.2746294,0.031619709,204.31673,480.83395,234.17151,5.4191608,3.2220438,81.730095,0.95052874,0.36846688,3.4793499e-10,725.03345,1734.727
1966.75,361.81555,0.077313296,361.67157,1.2749971,0.031619821,205.24704,482.85648,235.14929,5.366807,3.3289449,81.735268,0.95017421,0.84102356,3.6943598e-10,724.87109,1738.5549
1966.8333,361.73404,0.076951742,361.5907,1.2753648,0.031619933,205.38928,483.1564,235.29271,5.2281795,3.534694,81.740524,0.95022136,0.82948273,5.5709243e-10,724.70874,1739.0505
1966.9167,361.65265,0.076666825,361.50986,1.2757324,0.031620041,205.38104,483.12823,235.27684,5.2102904,3.5447412,81.745529,0.96036339,3.8984284,6.3553357e-10,724.54651,1738.8332
1967,361.5704,0.076618314,361.4277,1.2761059,0.031620156,205.3578,483.06924,235.2453,4.8235555,3.3014605,81.74984,1.0041595,0.68667138,7.231708e-10,724.38245,1737.9297
1967.0833,361.49246,0.076741301,361.34952,1.2764612,0.03162026,205.3374,483.02689,235.22134,4.7852688,3.3165631,81.75341,1.1265569,0.70159382,7.5646489e-10,724.22681,1737.6676
1967.1667,361.41467,0.076936156,361.27139,1.2768165,0.031620368,205.32146,482.9967,235.20583,4.7505946,3.3131797,81.756668,1.1156561,0.74328297,7.7370316e-10,724.07141,1737.4159
1967.25,361.33432,0.077165425,361.19061,1.2771838,0.03162048,205.31125,482.97766,235.19563,4.694438,3.2916105,81.759941,1.1132027,0.728499,7.8014739e-10,723.91089,1737.1415
1967.3333,361.254,0.077402666,361.10983,1.2775509,0.031620592,205.32362,483.00717,235.20895,4.6076045,3.2495451,81.763214,1.1236392,0.80534333,7.8325746e-10,723.75037,1736.9105
1967.4167,361.17355,0.077567287,361.02911,1.277918,0.0316207,205.76526,483.98404,235.67943,4.6291304,2.9644606,81.766571,1.1146491,0.31751195,5.9858424e-10,723.58978,1738.3787
1967.5,361.09305,0.077676073,360.94836,1.278285,0.031620812,206.95578,486.60608,236.94261,4.6768775,2.7667,81.76992,0.9614833,0.037145924,4.0413828e-10,723.42896,1743.147
1967.5833,361.01096,0.077645779,360.86636,1.2786579,0.031620923,208.30452,489.58212,238.37543,4.723763,2.7222135,81.77404,0.94834125,0.083428822,3.3650233e-10,723.26526,1748.7474
1967.6667,360.92953,0.077246353,360.78568,1.2790248,0.031621035,209.28584,491.74628,239.4169,4.7734723,2.7164071,81.779388,0.94798398,0.38058144,3.0635364e-10,723.10315,1752.8214
1967.75,360.8479,0.076730192,360.70499,1.2793915,0.031621143,209.60486,492.43628,239.74879,4.7086592,2.8513899,81.785156,0.9475888,0.74211246,3.4909015e-10,722.94067,1754.0758
1967.8333,360.76639,0.076267481,360.62433,1.2797582,0.031621255,209.57423,492.36682,239.71199,4.5736289,3.0457585,81.790794,0.99360406,0.85418093,5.6778321e-10,722.77838,1753.8416
1967.9167,360.68585,0.076308675,360.5437,1.2801248,0.031621363,209.43567,492.06659,239.56444,4.5208311,3.0358009,81.794739,1.072783,1.9784018,8.4444518e-10,722.61761,1753.0357
1968,360.60455,0.076669373,360.46176,1.2804973,0.031621475,209.33191,491.84549,239.45561,4.2394443,2.8392303,81.797577,1.0874366,0.39168543,8.6073593e-10,722.45508,1751.9644
1968.0833,360.52728,0.077030808,360.38382,1.2808517,0.031621579,209.23677,491.6424,239.35564,4.2308908,2.8643203,81.80024,1.0817971,0.63340348,8.6503721e-10,722.3006,1751.4309
1968.1667,360.45001,0.077403553,360.30588,1.2812061,0.031621687,209.14201,491.43927,239.25562,4.0870547,2.7789054,81.802872,1.0787443,0.78050393,8.6926077e-10,722.14606,1750.6517
1968.25,360.37018,0.077788189,360.22531,1.2815723,0.031621795,209.05142,491.24506,239.15987,4.0150633,2.7482708,81.80558,1.0815526,0.75880158,8.7396418e-10,721.98645,1750.0118
1968.3333,360.29031,0.078155309,360.14478,1.2819386,0.031621903,208.98816,491.11169,239.09344,3.8505943,2.6457853,81.808311,1.1000555,0.8380205,8.7778423e-10,721.82678,1749.3247
1968.4167,360.21036,0.078462258,360.06427,1.2823046,0.031622015,209.37695,491.98074,239.51039,3.853452,2.4445107,81.81118,1.1356797,0.34591466,6.6433414e-10,721.66699,1750.6442
1968.5,360.13028,0.078689106,359.98376,1.2826707,0.031622123,210.61285,494.71915,240.82748,3.9202728,2.2585752,81.814072,0.9619177,0.026879178,4.4022533e-10,721.50702,1755.6594
1968.5833,360.04871,0.078804716,359.90195,1.2830427,0.031622235,211.67757,497.06802,241.95772,3.9793189,2.2415967,81.817657,0.94583744,0.065641157,3.5880715e-10,721.34406,1760.0859
1968.6667,359.96774,0.078535661,359.8215,1.2834085,0.031622343,212.45576,498.78448,242.7831,4.0340304,2.2416759,81.822533,0.94553918,0.18564247,3.3066444e-10,721.1828,1763.3043
1968.75,359.88663,0.078172348,359.74106,1.2837743,0.031622451,212.90791,499.79059,243.26401,4.0246978,2.3154135,81.827728,0.94522309,0.8093456,3.9532203e-10,721.02124,1765.1516
1968.8333,359.80557,0.07784614,359.66061,1.28414,0.031622559,212.98482,499.96341,243.34349,3.8868105,2.5272639,81.832825,0.94472229,0.83384132,4.7753185e-10,720.8598,1765.3985
1968.9167,359.72473,0.077611454,359.5802,1.2845056,0.031622667,212.96875,499.93005,243.32361,3.8627932,2.5402708,81.837631,0.95935094,1.6791354,6.3654071e-10,720.69867,1765.1618
1969,359.64316,0.077688903,359.4985,1.2848771,0.031622779,212.90633,499.79474,243.25371,3.7665732,2.4762807,81.841438,0.99638772,0.57488096,7.6363565e-10,720.53583,1764.5749
1969.0833,359.56589,0.077942505,359.42075,1.2852306,0.031622883,212.84323,499.66531,243.18494,3.7418375,2.4853113,81.844505,1.1142489,0.75159192,7.9175039e-10,720.38141,1764.1466
1969.1667,359.48874,0.078254215,359.34302,1.285584,0.031622987,212.76584,499.50983,243.10779,3.6091239,2.4089451,81.847328,1.1243676,0.90663117,8.0893542e-10,720.22723,1763.476
1969.25,359.40906,0.078606188,359.2627,1.2859492,0.031623095,212.68387,499.34332,243.02528,3.5741546,2.4032898,81.850113,1.1235343,0.86546654,8.2305118e-10,720.06793,1762.9479
1969.3333,359.32935,0.078936912,359.18237,1.2863145,0.031623203,212.80983,499.63962,243.16571,3.453927,2.2611456,81.852928,1.1568333,0.56480682,7.1801881e-10,719.90863,1763.0918
1969.4167,359.24951,0.079190791,359.10208,1.2866796,0.031623311,213.82747,501.90851,244.25525,3.5012541,1.9871646,81.855751,0.96955037,0.028713005,4.5717663e-10,719.74908,1767.0844
1969.5,359.16959,0.079383612,359.02179,1.2870446,0.031623419,214.90202,504.2977,245.40202,3.5578816,1.9087663,81.858971,0.94364393,0.0022746313,4.0926038e-10,719.58942,1771.5168
1969.5833,359.0878,0.079264805,358.94022,1.2874156,0.031623527,215.89667,506.51804,246.46626,3.6162381,1.8912141,81.863373,0.94322103,0.010483146,3.6335013e-10,719.42633,1775.6781
1969.6667,359.00702,0.078973956,358.85995,1.2877805,0.031623635,216.75093,508.42905,247.3812,3.6760809,1.897445,81.868301,0.94298583,0.088778399,3.3704942e-10,719.26532,1779.2682
1969.75,358.92612,0.07861203,358.77972,1.2881453,0.031623743,217.32605,509.71777,247.99677,3.7186673,1.9172662,81.873596,0.94279063,0.58826995,3.2706884e-10,719.10419,1781.6543
1969.8333,358.84531,0.078285702,358.69952,1.28851,0.031623852,217.46376,510.0304,248.14294,3.5606225,2.1568258,81.878914,0.94789398,0.92247599,5.0105547e-10,718.94324,1782.1767
1969.9167,358.76517,0.078318946,358.61932,1.2888746,0.031623956,217.31224,509.69977,247.97961,3.5082507,2.172421,81.883011,0.97215188,1.6448338,8.1806478e-10,718.78326,1781.3386
1970,358.67279,0.072405234,358.53784,1.2892451,0.031624068,217.12244,509.29041,247.77832,3.4708955,2.1842656,81.163689,5.9910283,5.0131135,8.3502805e-10,718.60394,1779.614
1970.0833,358.58884,0.068957508,358.46027,1.2895977,0.031624168,216.91583,508.85059,247.56303,3.4214211,2.1824303,81.158836,1.1011826,0.94451648,8.3260998e-10,718.43927,1778.5315
1970.1667,358.5112,0.068924241,358.38269,1.2899501,0.031624272,216.76961,508.5426,247.41133,3.373821,2.1777923,81.155739,1.1056355,0.95520347,8.367223e-10,718.28442,1777.7153
1970.25,358.431,0.068901762,358.30252,1.2903144,0.03162438,216.62404,508.23621,247.26044,3.316838,2.1639266,81.152542,1.1163079,0.96673346,8.3941887e-10,718.12439,1776.8784
1970.3333,358.35074,0.068854503,358.22238,1.2906787,0.031624485,216.55907,508.11136,247.19701,3.1982703,2.0840838,81.149345,1.1547481,0.81091189,8.299566e-10,717.96423,1776.2634
1970.4167,358.27048,0.068783976,358.14224,1.2910428,0.031624593,217.13475,509.41931,247.8221,3.2307935,1.7965542,81.146095,1.1183131,0.14987692,6.343131e-10,717.80414,1778.3537
1970.5,358.19025,0.068730883,358.06213,1.2914069,0.031624697,218.13327,511.66019,248.89444,3.2823019,1.7093549,81.142761,1.0045882,0.034602426,5.0653665e-10,717.6441,1782.4664
1970.5833,358.10883,0.068716869,357.98071,1.2917769,0.031624805,219.09538,513.8183,249.92703,3.3105333,1.6590831,81.139435,0.99093056,0.030638877,4.1702794e-10,717.48163,1786.4313
1970.6667,358.02872,0.068707861,357.90063,1.2921407,0.031624913,219.8539,515.52167,250.7412,3.360178,1.6602966,81.136162,0.9907155,0.13286632,3.9439677e-10,717.32178,1789.5951
1970.75,357.94867,0.068706252,357.82056,1.2925045,0.031625018,220.10872,516.09851,251.01401,3.3177493,1.8015212,81.132889,0.99168748,0.84490782,5.3076732e-10,717.16199,1790.6353
1970.8333,357.86862,0.068708681,357.74051,1.2928684,0.031625126,220.02893,515.92816,250.92743,3.2194552,1.9166917,81.129631,1.0048201,0.99093187,7.0726985e-10,717.00232,1790.1526
1970.9167,357.78857,0.068708241,357.66049,1.293232,0.03162523,219.9381,515.73322,250.82925,3.164746,1.9121791,81.126373,1.0091306,1.7040704,7.2095174e-10,716.84259,1789.5466
1971,357.70728,0.068712428,357.57916,1.2936015,0.031625338,219.82814,515.49591,250.71091,3.0715117,1.8627011,81.126846,0.98631412,0.58465195,7.423534e-10,716.68036,1788.7764
1971.0833,357.63007,0.06880518,357.5018,1.2939532,0.031625442,219.69093,515.20844,250.56897,2.9954946,1.8438897,81.130623,1.0840049,0.74913025,7.6580325e-10,716.52625,1787.9646
1971.1667,357.55307,0.068990327,357.42444,1.2943046,0.031625543,219.53912,514.89191,250.41338,2.9491351,1.8386434,81.134026,1.0736103,0.79038709,7.8151424e-10,716.37244,1787.1386
1971.25,357.47354,0.069226839,357.34448,1.294668,0.031625647,219.38737,514.57526,250.25766,2.8663228,1.8089799,81.137413,1.077674,0.7266174,7.8669937e-10,716.2135,1786.2466
1971.3333,357.39398,0.06943246,357.26456,1.2950312,0.031625751,219.26968,514.33569,250.13916,2.776232,1.7752033,81.140846,1.1083269,0.68703848,7.885263e-10,716.05463,1785.4914
1971.4167,357.31427,0.069539428,357.18463,1.2953944,0.031625859,219.65654,515.23053,250.56573,2.7210433,1.5798239,81.144608,1.1949077,0.29418656,5.9376298e-10,715.89551,1786.7939
1971.5,357.23431,0.069508143,357.10474,1.2957575,0.031625964,220.7899,517.78467,251.78778,2.7429614,1.4706548,81.148476,0.96934885,0.062242862,4.2538209e-10,715.73596,1791.4605
1971.5833,357.15259,0.069221146,357.02356,1.2961265,0.031626072,221.77252,519.98907,252.84128,2.7348113,1.4412997,81.15358,0.94920099,0.12707727,3.8080011e-10,715.57312,1795.5057
1971.6667,357.07153,0.068586558,356.9437,1.2964894,0.031626176,222.56319,521.76324,253.68947,2.7398076,1.4200317,81.159836,0.93734539,0.37877288,3.5130629e-10,715.41193,1798.7474
1971.75,356.99158,0.06852027,356.86383,1.2968522,0.03162628,222.98186,522.70538,254.13815,2.7615583,1.4190607,81.164207,0.93701518,0.63367885,3.6768205e-10,715.25244,1800.4227
1971.8333,356.91174,0.068521909,356.784,1.297215,0.031626385,223.13084,523.0462,254.29718,2.6714997,1.5792567,81.168358,0.94889772,0.69794291,4.0639586e-10,715.09314,1800.9865
1971.9167,356.83197,0.068540096,356.70419,1.2975777,0.031626489,223.14276,523.08026,254.30855,2.6550236,1.6183224,81.172554,1.0370332,0.90594649,4.9346055e-10,714.93396,1800.9115
1972,356.75092,0.068571791,356.62308,1.2979463,0.031626593,223.06047,522.92871,254.23259,2.638613,1.6360953,81.176842,1.2051134,0.62550253,5.7347355e-10,714.77216,1800.4454
1972.0833,356.6738,0.068586856,356.54593,1.2982969,0.031626698,222.96989,522.76141,254.14957,2.6542525,1.6686858,81.180824,1.1946298,0.64133328,6.5443628e-10,714.61823,1800.0028
1972.1667,356.59671,0.068619534,356.46878,1.2986475,0.031626798,222.87192,522.57397,254.05676,2.6268592,1.6695931,81.184807,1.1601347,0.6249367,7.0628353e-10,714.46442,1799.4483
1972.25,356.51706,0.068679407,356.38904,1.2990098,0.031626903,222.75862,522.35168,253.94672,2.5764861,1.6546928,81.188828,1.1526085,0.64776981,7.2854173e-10,714.30536,1798.7823
1972.3333,356.43747,0.068750106,356.3093,1.2993722,0.031627007,222.72623,522.31415,253.92513,2.5477781,1.6495408,81.192749,1.1820679,0.58573198,6.9460176e-10,714.14655,1798.5021
1972.4167,356.35767,0.068697974,356.22961,1.2997344,0.031627107,223.37695,523.8089,254.63997,2.573977,1.4780208,81.196945,1.371134,0.44540218,4.5841492e-10,713.98737,1801.0622
1972.5,356.27765,0.068523094,356.1499,1.3000965,0.031627212,224.39587,526.11853,255.73972,2.6079321,1.437368,81.201103,0.97364986,0.12845273,3.8767403e-10,713.82782,1805.3284
1972.5833,356.19656,0.068466671,356.06894,1.3004645,0.03162732,225.41325,528.40845,256.83313,2.6342714,1.4417384,81.205452,0.96407169,0.2728858,3.2773487e-10,713.66608,1809.6024
1972.6667,356.11691,0.06846913,355.98929,1.3008264,0.03162742,226.18584,530.15106,257.66336,2.6475563,1.4528204,81.209831,0.96185595,0.45684287,2.965086e-10,713.50714,1812.8175
1972.75,356.03735,0.068495698,355.90964,1.3011883,0.031627525,226.59471,531.07617,258.10175,2.6460121,1.4603808,81.214645,0.96443743,0.64329129,2.948792e-10,713.34833,1814.442
1972.8333,355.95779,0.068532839,355.83002,1.3015501,0.031627629,226.81427,531.57471,258.33603,2.5830984,1.5686167,81.219437,0.96516097,0.85797161,3.1284556e-10,713.18951,1815.2857
1972.9167,355.87827,0.068577021,355.75043,1.3019118,0.031627733,226.82593,531.60834,258.34692,2.550108,1.6522033,81.224243,0.96332943,0.87749231,3.5584091e-10,713.03082,1815.2386
1973,355.79977,0.069858402,355.66956,1.3022794,0.031627838,226.83589,531.6416,258.35776,2.5750718,1.6843833,81.049583,2.2511644,1.5548717,4.055716e-10,712.87311,1815.0173
1973.0833,355.72067,0.06870158,355.59259,1.3026291,0.031627938,226.81992,531.63654,258.35178,2.5939128,1.7155015,81.045563,1.2868581,0.90488762,4.3287296e-10,712.71619,1814.8794
1973.1667,355.64383,0.068752237,355.51566,1.3029788,0.031628035,226.78621,531.60333,258.33307,2.6107979,1.741556,81.041618,1.3181174,0.97258013,4.727001e-10,712.56287,1814.6794
1973.25,355.56439,0.068792537,355.43613,1.3033401,0.031628139,226.7506,531.56458,258.31155,2.6242003,1.7619731,81.037537,1.3137603,0.94656265,5.1784532e-10,712.4043,1814.4547
1973.3333,355.48495,0.068846457,355.35663,1.3037014,0.03162824,226.72647,531.55005,258.30173,2.6382999,1.7807961,81.033455,1.3246714,0.89383519,5.4149524e-10,712.24573,1814.2765
1973.4167,355.40546,0.068839699,355.27713,1.3040627,0.031628344,227.10629,532.44403,258.72614,2.6715174,1.552735,81.029327,1.2582332,0.32092288,4.1232062e-10,712.08716,1815.6171
1973.5,355.32587,0.068770573,355.19766,1.3044238,0.031628449,227.91573,534.27661,259.5983,2.7337675,1.5183474,81.025124,1.0183667,0.071233049,3.1556016e-10,711.92834,1818.9962
1973.5833,355.24512,0.068775684,355.11688,1.3047909,0.031628553,228.70396,536.06342,260.44897,2.7934127,1.5244911,81.020958,0.99294269,0.15085937,2.7575114e-10,711.76721,1822.3224
1973.6667,355.16577,0.068816483,355.03745,1.3051518,0.031628653,229.36931,537.57666,261.16907,2.8460462,1.547163,81.01683,0.99207765,0.36871117,2.5056743e-10,711.60883,1825.1339
1973.75,355.08652,0.068904787,354.95804,1.3055128,0.031628754,229.80351,538.56683,261.63879,2.839102,1.6355286,81.012634,0.99170369,0.6670478,2.4822291e-10,711.45062,1826.947
1973.8333,355.00726,0.068995759,354.87863,1.3058736,0.031628858,229.94696,538.90112,261.79425,2.7672696,1.8014479,81.008423,0.99128354,0.62613928,2.7734606e-10,711.29236,1827.5118
1973.9167,354.92807,0.069093853,354.79926,1.3062344,0.031628959,230.03552,539.11224,261.88989,2.7740586,1.829573,81.004211,1.0095673,1.7729845,2.956525e-10,711.13422,1827.7797
1974,354.8476,0.069195166,354.7186,1.3066009,0.031629063,230.10623,539.28381,261.96564,2.7036347,1.7735782,80.999931,1.016625,0.75196999,3.188125e-10,710.97357,1827.8065
1974.0833,354.77103,0.069293335,354.64185,1.3069497,0.031629164,230.14365,539.3797,262.00574,2.7123342,1.7954874,80.995857,1.0179261,0.76031482,3.4979702e-10,710.82074,1827.8535
1974.1667,354.69449,0.069392242,354.56512,1.3072984,0.031629261,230.11452,539.32538,261.97446,2.7204185,1.8184501,80.991783,1.0193666,0.78977704,3.9943437e-10,710.66791,1827.6129
1974.25,354.61539,0.069493733,354.48581,1.3076588,0.031629361,230.05295,539.19659,261.90857,2.7275207,1.8407823,80.987572,1.0205779,0.75914794,4.307763e-10,710.50995,1827.2238
1974.3333,354.53629,0.069605283,354.40649,1.3080192,0.031629462,229.995,539.08319,261.85016,2.7331319,1.862587,80.983437,1.1583266,0.83985108,4.4872692e-10,710.35205,1826.8596
1974.4167,354.45718,0.06969256,354.32724,1.3083794,0.031629566,230.1772,539.53418,262.06128,2.762043,1.6212049,80.979218,1.1695583,0.34284991,3.8420994e-10,710.19409,1827.3293
1974.5,354.37799,0.069718882,354.24799,1.3087397,0.031629667,230.93379,541.2688,262.88477,2.820251,1.5300553,80.974915,1.0049341,0.062665388,2.8603031e-10,710.03601,1830.4486
1974.5833,354.29758,0.069793947,354.16745,1.3091056,0.031629767,231.64415,542.89734,263.65762,2.8819447,1.5251936,80.970612,0.99025476,0.14139548,2.5251523e-10,709.87549,1833.4523
1974.6667,354.2186,0.069917426,354.08823,1.3094656,0.031629872,232.24896,544.28839,264.31683,2.9363921,1.5363055,80.966316,0.98972321,0.38692647,2.3121405e-10,709.71777,1836.011
1974.75,354.13971,0.070078969,354.00903,1.3098257,0.031629972,232.50703,544.89014,264.59906,2.8714488,1.6786286,80.961975,0.9889037,0.79587865,2.5083086e-10,709.56024,1837.0684
1974.8333,354.06085,0.070259668,353.92984,1.3101856,0.031630073,232.37756,544.61127,264.46033,2.8062046,1.8057595,80.957642,1.0296966,0.66522187,3.4089057e-10,709.40271,1836.4215
1974.9167,353.98209,0.0704652,353.85068,1.3105453,0.031630173,232.17023,544.1684,264.24371,2.7972779,1.824369,80.953346,1.1288484,1.0330981,5.0766968e-10,709.24536,1835.4026
1975,353.90186,0.070572577,353.77023,1.3109109,0.031630274,231.93982,543.67841,264.00464,2.7613413,1.8108783,80.949112,1.1204753,0.46493784,7.5827272e-10,709.08521,1834.2293
1975.0833,353.82529,0.070559576,353.6937,1.3112588,0.031630371,231.75079,543.28149,263.81049,2.7473044,1.8228773,80.945267,1.1425375,0.79952443,7.8821244e-10,708.93243,1833.2906
1975.1667,353.74878,0.070566207,353.61719,1.3116065,0.031630471,231.58109,542.92957,263.63794,2.722302,1.8237164,80.941406,1.1509523,0.79667234,7.8827384e-10,708.77972,1832.4156
1975.25,353.66971,0.070582286,353.53809,1.3119659,0.031630572,231.41318,542.58295,263.46793,2.6969974,1.8246361,80.937416,1.1569306,0.78616804,7.8843843e-10,708.62195,1831.545
1975.3333,353.59064,0.070585534,353.45901,1.3123254,0.031630669,231.26131,542.27356,263.3158,2.6685154,1.8232617,80.933434,1.1777575,0.79630679,7.8803436e-10,708.46417,1830.7399
1975.4167,353.51151,0.070541777,353.37997,1.3126847,0.031630769,231.38551,542.59534,263.4653,2.6764779,1.5727426,80.929443,1.2102699,0.33155534,6.1773708e-10,708.30634,1830.9311
1975.5,353.43225,0.0704199,353.30093,1.313044,0.03163087,232.13048,544.30939,264.28003,2.7464206,1.496006,80.925308,1.0168569,0.06850227,3.9907858e-10,708.14825,1834.0359
1975.5833,353.35184,0.070375502,353.22061,1.313409,0.031630974,232.79311,545.81958,264.99747,2.8124819,1.4764903,80.921196,0.99060971,0.10306969,3.4199135e-10,707.98785,1836.8081
1975.6667,353.27283,0.070368461,353.1416,1.313768,0.031631071,233.36638,547.13702,265.62186,2.8774886,1.4889754,80.917152,0.98703593,0.23902202,3.0583686e-10,707.8302,1839.2391
1975.75,353.19385,0.070373632,353.06262,1.314127,0.031631172,233.57527,547.62579,265.85034,2.9201486,1.5164222,80.913109,0.98660094,0.69355196,3.4970374e-10,707.67261,1840.0737
1975.8333,353.11496,0.070418812,352.98364,1.3144859,0.031631272,233.4588,547.38025,265.72766,2.7827449,1.7612628,80.909119,1.0705125,0.71840918,6.6222655e-10,707.51514,1839.5349
1975.9167,353.0361,0.070470922,352.90469,1.3148447,0.031631373,233.23799,546.90771,265.49619,2.7616997,1.7740746,80.905144,1.1023349,1.3671461,8.1836543e-10,707.35767,1838.4404
1976,352.95612,0.070600048,352.82446,1.3152094,0.031631473,233.01984,546.4433,265.26944,2.6938615,1.7373815,80.904739,1.0550305,0.61684692,8.3816221e-10,707.198,1837.2665
1976.0833,352.88031,0.070873044,352.74814,1.3155563,0.03163157,232.82063,546.02039,265.06293,2.6785781,1.7504634,80.907784,1.0567223,0.72004092,8.4395524e-10,707.04651,1836.2873
1976.1667,352.8045,0.071143635,352.67184,1.3159031,0.031631663,232.62833,545.61298,264.86392,2.6584704,1.7554129,80.910835,1.0623292,0.75000471,8.4836271e-10,706.89502,1835.325
1976.25,352.7261,0.071409382,352.59296,1.3162616,0.031631764,232.4409,545.21808,264.67087,2.6412067,1.761467,80.914032,1.0714676,0.72089207,8.5145824e-10,706.7384,1834.3849
1976.3333,352.64761,0.071604013,352.5141,1.31662,0.031631865,232.31099,544.95599,264.54147,2.6290247,1.7712941,80.917358,1.1156169,0.63223606,8.1352031e-10,706.58154,1833.7077
1976.4167,352.56888,0.071670547,352.43527,1.3169783,0.031631961,232.76547,546.02063,265.04623,2.6707792,1.4940578,80.921036,1.0473641,0.13351206,5.458371e-10,706.42438,1835.3427
1976.5,352.49008,0.071683325,352.35645,1.3173367,0.031632062,233.37984,547.42163,265.71219,2.7247171,1.4392809,80.924904,0.94490439,0.041662052,4.4153417e-10,706.26715,1837.8697
1976.5833,352.40985,0.071598999,352.27634,1.3177007,0.031632163,234.05959,548.97589,266.45032,2.7645426,1.4391812,80.929314,0.92510772,0.039999712,3.8381281e-10,706.10712,1840.7261
1976.6667,352.32983,0.070936181,352.19757,1.3180588,0.031632259,234.63512,550.29395,267.07581,2.7994146,1.4539261,80.935677,0.92477018,0.15455946,3.387654e-10,705.948,1843.1419
1976.75,352.2496,0.070145808,352.11877,1.3184168,0.03163236,234.96184,551.04614,267.43094,2.8310509,1.471935,80.942505,0.92449063,0.72742367,3.5168476e-10,705.78857,1844.473
1976.8333,352.17072,0.070076399,352.04004,1.3187748,0.031632457,234.9081,550.93536,267.37326,2.6836815,1.68007,80.946907,0.94222826,0.77319944,6.0664945e-10,705.63123,1844.1586
1976.9167,352.09213,0.070166282,351.9613,1.3191327,0.031632554,234.72168,550.53186,267.17572,2.6555979,1.6856313,80.950851,1.0403951,1.0301529,7.9282375e-10,705.47437,1843.1956
1977,352.01248,0.070361152,351.88129,1.3194963,0.031632654,234.53876,550.14429,266.98373,2.628926,1.6942538,80.9543,1.0393238,0.28340515,8.0741552e-10,705.31525,1842.2594
1977.0833,351.93671,0.070542939,351.80515,1.3198423,0.031632751,234.38173,549.81604,266.8219,2.5983186,1.7005428,80.95768,1.0833808,0.68635583,8.0978524e-10,705.16382,1841.44
1977.1667,351.86096,0.070752814,351.72906,1.3201882,0.031632844,234.21928,549.47925,266.65707,2.4505658,1.6164285,80.960999,1.0858247,0.76908237,8.1221324e-10,705.01257,1840.3962
1977.25,351.78275,0.070987128,351.65039,1.3205458,0.031632941,234.05379,549.13574,266.48914,2.294451,1.525689,80.964348,1.0905117,0.72839493,8.1483181e-10,704.85632,1839.3195
1977.3333,351.70444,0.071174391,351.57175,1.3209032,0.031633042,233.92381,548.87402,266.36053,2.1687186,1.4508481,80.967773,1.1274178,0.6656189,8.051636e-10,704.69989,1838.4457
1977.4167,351.62595,0.071258202,351.4931,1.3212606,0.031633139,234.31383,549.79169,266.79556,2.1928928,1.2313341,80.971466,1.1160386,0.18976945,5.3572985e-10,704.54321,1839.84
1977.5,351.54733,0.071245424,351.41449,1.321618,0.031633236,235.06165,551.49316,267.60403,2.2548585,1.2136102,80.975266,0.95119786,0.068784222,4.2289e-10,704.38629,1842.9889
1977.5833,351.46683,0.070909202,351.33463,1.321981,0.031633336,235.89447,553.38745,268.50586,2.2867038,1.2117014,80.980507,0.92276967,0.058575552,3.6150408e-10,704.22595,1846.4927
1977.6667,351.38666,0.070049345,351.25604,1.3223381,0.031633433,236.5399,554.85828,269.20538,2.3273442,1.2256576,80.987549,0.92234123,0.19802755,3.0359376e-10,704.06671,1849.2107
1977.75,351.30774,0.069864862,351.17746,1.3226953,0.03163353,236.90628,555.6969,269.60245,2.3027232,1.3270632,80.992317,0.92189229,0.83594477,3.2118283e-10,703.90936,1850.7371
1977.8333,351.22925,0.069888383,351.09894,1.3230522,0.031633627,236.80557,555.48199,269.49518,2.2177744,1.437845,80.996483,1.0001153,0.91112316,6.1660987e-10,703.75275,1850.1875
1977.9167,351.15106,0.070082322,351.02039,1.3234091,0.031633724,236.59996,555.0423,269.28049,2.1840918,1.4362527,81.000069,1.0512298,1.4641188,8.0456219e-10,703.59656,1849.1397
1978,351.07181,0.070369393,350.94058,1.3237718,0.031633824,236.4081,554.63885,269.0835,2.1190567,1.3983524,81.003143,1.0865012,0.80975521,8.1882162e-10,703.43817,1848.0892
1978.0833,350.99637,0.070637517,350.86469,1.3241168,0.031633917,236.24918,554.31067,268.92297,2.1031089,1.4062359,81.006203,1.0833921,0.8468048,8.2227741e-10,703.28741,1847.2858
1978.1667,350.92099,0.070912786,350.78879,1.3244618,0.03163401,236.08772,553.97546,268.75909,2.0879111,1.4129649,81.009232,1.0863973,0.81327552,8.2554197e-10,703.13678,1846.4691
1978.25,350.84305,0.071189128,350.71033,1.3248185,0.031634107,235.92796,553.64551,268.59775,2.0705338,1.4180779,81.012367,1.100826,0.81087404,8.2858864e-10,702.98102,1845.6533
1978.3333,350.76498,0.071397409,350.6319,1.3251749,0.031634204,235.83133,553.46222,268.50668,2.0566037,1.3484659,81.015678,1.1395732,0.72694039,7.8972645e-10,702.82507,1845.0461
1978.4167,350.6868,0.071524993,350.55347,1.3255314,0.031634301,236.34874,554.6676,269.0787,2.0968995,1.1590123,81.019135,1.0561759,0.28316379,4.8396714e-10,702.66895,1847.0391
1978.5,350.60852,0.071580522,350.47507,1.3258878,0.031634398,237.22328,556.65875,270.02588,2.1590874,1.1584334,81.022751,0.94824266,0.12220121,3.6711403e-10,702.51263,1850.7609
1978.5833,350.52808,0.071166068,350.39542,1.3262498,0.031634495,238.23302,558.96045,271.12149,2.2167687,1.1584136,81.028244,0.92045623,0.11736569,2.9408226e-10,702.35248,1855.0709
1978.6667,350.44785,0.07014925,350.31705,1.326606,0.031634592,239.05437,560.83875,272.01459,2.2419271,1.1569417,81.035988,0.92001009,0.43783051,2.551046e-10,702.1933,1858.5359
1978.75,350.36862,0.069682457,350.23868,1.3269622,0.031634688,239.39854,561.63153,272.38904,2.2053018,1.1964406,81.042442,0.9196558,0.79044491,3.109496e-10,702.03558,1859.899
1978.8333,350.29037,0.069729902,350.16034,1.3273182,0.031634785,239.31035,561.44189,272.29352,2.1122959,1.3432703,81.047203,0.94211566,0.77957118,3.8515172e-10,701.87939,1859.4279
1978.9167,350.21213,0.069773264,350.08203,1.3276742,0.031634882,239.21573,561.23718,272.19022,2.1163843,1.3696457,81.051956,0.95798165,0.79431254,4.3028919e-10,701.72321,1858.9042
1979,350.13522,0.071218915,350.00244,1.3280358,0.031634979,239.12654,561.04456,272.09387,2.1628819,1.4351618,80.794678,2.7020025,1.9205495,4.6760062e-10,701.56854,1858.2262
1979.0833,350.0571,0.069907218,349.92673,1.32838,0.031635072,239.04161,560.86066,272.00235,2.1742368,1.4653374,80.790398,1.0203103,0.71753305,4.9138432e-10,701.4137,1857.7483
1979.1667,349.98151,0.069973193,349.85104,1.328724,0.031635161,238.95145,560.66443,271.90494,2.181366,1.4918752,80.786438,1.0174414,0.67094368,5.5118177e-10,701.26288,1857.2434
1979.25,349.90341,0.070048928,349.7728,1.3290797,0.031635258,238.85591,560.46832,271.80737,2.1867511,1.5178062,80.782425,1.187443,0.80320179,5.801169e-10,701.10693,1856.7255
1979.3333,349.82532,0.070120357,349.69455,1.3294352,0.031635355,238.74333,560.2608,271.70471,2.1923535,1.5433286,80.778358,1.2510828,0.80690372,5.8733934e-10,700.95099,1856.174
1979.4167,349.74722,0.070188083,349.61633,1.3297907,0.031635448,238.83751,560.53186,271.83075,2.1906919,1.2800733,80.774307,1.3301799,0.47445285,4.7280135e-10,700.7951,1856.2404
1979.5,349.66888,0.070119426,349.53815,1.3301462,0.031635545,239.50081,562.07721,272.56207,2.2238131,1.2655455,80.770058,1.0467737,0.11457697,3.3684702e-10,700.63892,1859.0385
1979.5833,349.58942,0.070098385,349.45868,1.3305073,0.031635642,240.35052,564.02118,273.4837,2.2440622,1.2581387,80.765869,1.0064813,0.26054269,2.6361763e-10,700.48029,1862.6038
1979.6667,349.51132,0.070144705,349.38052,1.3308625,0.031635735,241.05179,565.62897,274.246,2.2651479,1.2534024,80.761726,0.97716773,0.49616125,2.3691016e-10,700.32452,1865.5315
1979.75,349.43338,0.070242271,349.3024,1.3312178,0.031635832,241.50122,566.66412,274.73447,2.260664,1.2750027,80.75753,1.0094874,0.75167584,2.4089733e-10,700.16888,1867.3618
1979.8333,349.35547,0.070352525,349.22427,1.3315728,0.031635925,241.55385,566.79382,274.7897,2.1446657,1.467556,80.753296,1.0128225,0.78475577,3.0988406e-10,700.01324,1867.5162
1979.9167,349.27756,0.070468813,349.14615,1.3319278,0.031636022,241.53979,566.77197,274.77332,2.1538146,1.4937545,80.749069,1.0156866,1.2199829,3.4062889e-10,699.85767,1867.3394
1980,349.19843,0.070589237,349.06677,1.3322885,0.031636119,241.49425,566.67798,274.72314,2.1341276,1.4875963,80.744766,1.0173883,0.63801479,3.7129258e-10,699.69971,1866.9616
1980.0833,349.12314,0.070702523,348.99127,1.3326317,0.031636208,241.44676,566.5788,274.67184,2.1534822,1.5201743,80.740677,1.0208193,0.66927594,3.8837955e-10,699.54938,1866.6612
1980.1667,349.04785,0.070821606,348.91577,1.3329749,0.031636301,241.4034,566.48907,274.62546,2.1735094,1.5522408,80.73661,1.04971,0.66637522,3.9853273e-10,699.39899,1866.3794
1980.25,348.97009,0.070964985,348.83774,1.3333296,0.031636395,241.33073,566.36322,274.56177,2.1931684,1.5844045,80.732498,1.2875457,0.90875393,4.1458198e-10,699.24371,1866.0096
1980.3333,348.89233,0.071096689,348.75974,1.3336842,0.031636491,241.24689,566.23102,274.49536,2.2053311,1.6094719,80.728264,1.2967325,0.91266483,4.2513221e-10,699.08844,1865.6048
1980.4167,348.81454,0.071209945,348.68173,1.3340387,0.031636585,241.24733,566.29156,274.5209,2.196559,1.3482658,80.724045,1.2997781,0.58858311,3.9214915e-10,698.93317,1865.2618
1980.5,348.73657,0.071212389,348.60376,1.3343931,0.031636678,241.78331,567.55743,275.11252,2.2165508,1.2705542,80.719711,1.1210347,0.1860176,2.7890446e-10,698.77753,1867.4375
1980.5833,348.65741,0.071251653,348.52451,1.3347534,0.031636775,242.39029,568.95221,275.7702,2.2520235,1.2574922,80.715355,1.0099518,0.19778609,2.4594549e-10,698.61957,1869.9573
1980.6667,348.57968,0.071370095,348.44656,1.3351077,0.031636868,242.78284,569.85822,276.19504,2.3013566,1.2760149,80.711075,1.0016972,0.49110761,2.3692212e-10,698.46436,1871.5889
1980.75,348.50204,0.071518213,348.36865,1.3354619,0.031636961,242.94444,570.23694,276.36899,2.3344462,1.2956982,80.706757,1.0083141,0.71652281,2.4519733e-10,698.30933,1872.1966
1980.8333,348.42444,0.071675539,348.29074,1.335816,0.031637054,242.93874,570.23389,276.3616,2.2418239,1.4808013,80.702438,1.0114686,0.81545496,2.634423e-10,698.1543,1872.1135
1980.9167,348.34683,0.071836576,348.21286,1.3361701,0.031637151,242.90863,570.17371,276.32764,2.2072325,1.579006,80.69812,1.0119683,0.7604968,2.9005054e-10,697.99933,1871.8935
1981,348.26801,0.071996517,348.1337,1.3365299,0.031637244,242.83598,570.01666,276.24768,2.2403638,1.6226132,80.693726,1.0131155,0.30313146,3.2227013e-10,697.84186,1871.4988
1981.0833,348.19296,0.072144628,348.05841,1.3368721,0.031637333,242.7691,569.87189,276.1745,2.2738676,1.6668056,80.689568,1.0162512,0.62863886,3.321203e-10,697.69196,1871.1376
1981.1667,348.11798,0.07229013,347.98312,1.3372144,0.031637426,242.70213,569.72668,276.10162,2.2930276,1.6966276,80.68541,1.0277146,0.64542198,3.4399072e-10,697.54224,1870.7478
1981.25,348.04047,0.072464816,347.9053,1.3375682,0.03163752,242.61253,569.55731,276.01746,2.3111067,1.7262928,80.681229,1.2736963,0.86057729,3.5311748e-10,697.38745,1870.2933
1981.3333,347.96298,0.072627842,347.82751,1.3379217,0.031637613,242.50746,569.37415,275.92715,2.3250358,1.7513396,80.676918,1.2811042,0.82415265,3.6079664e-10,697.23273,1869.7948
1981.4167,347.88544,0.072753564,347.74973,1.3382753,0.031637706,242.64767,569.75146,276.09991,2.3498158,1.4061486,80.6726,1.2628009,0.29876038,2.9715441e-10,697.07776,1870.0053
1981.5,347.80774,0.072779462,347.67197,1.3386289,0.031637799,243.14273,570.90356,276.63589,2.4133937,1.3514048,80.668167,1.0144588,0.081546172,2.4531374e-10,696.92273,1872.0378
1981.5833,347.72891,0.072890408,347.59293,1.3389881,0.031637892,243.59221,571.94238,277.1243,2.4886072,1.3730447,80.663773,0.99850398,0.10132401,2.278772e-10,696.76532,1873.9497
1981.6667,347.65149,0.073047519,347.51523,1.3393414,0.031637985,243.96031,572.79828,277.52631,2.5566404,1.4047382,80.659393,0.9780044,0.32346684,2.1605265e-10,696.61072,1875.5164
1981.75,347.57413,0.073229246,347.4375,1.3396947,0.031638078,244.0387,572.98969,277.61151,2.5994287,1.4284774,80.655014,1.0006312,0.63412195,2.3371044e-10,696.45618,1875.779
1981.8333,347.49683,0.073429495,347.3598,1.3400478,0.031638172,243.92909,572.75189,277.49249,2.4285922,1.7142968,80.650642,1.0279645,0.87266386,2.9259445e-10,696.3017,1875.2686
1981.9167,347.41949,0.073616982,347.28214,1.3404011,0.031638265,243.76808,572.39966,277.31323,2.4231699,1.741176,80.646263,1.0298077,1.1112447,3.4364805e-10,696.14728,1874.4388
1982,347.34091,0.073797941,347.20322,1.3407599,0.031638358,243.63002,572.09357,277.16257,2.4127574,1.7412142,80.641823,0.99817622,0.5712617,3.6449674e-10,695.9903,1873.6723
1982.0833,347.26614,0.073960654,347.12814,1.3411012,0.031638447,243.50482,571.81598,277.02673,2.4340475,1.773059,80.637627,1.021301,0.65778244,3.7913567e-10,695.841,1873.0332
1982.1667,347.19138,0.074131742,347.05307,1.3414425,0.031638537,243.36259,571.52069,276.88263,2.4551079,1.8034928,80.633514,1.1691939,0.78470701,3.9699152e-10,695.69165,1872.3496
1982.25,347.11414,0.074316129,346.97546,1.3417953,0.03163863,243.20924,571.21265,276.73254,2.4717698,1.8359394,80.629211,1.1798846,0.75343341,4.165287e-10,695.53735,1871.6287
1982.3333,347.03687,0.074487582,346.89789,1.3421481,0.031638719,243.05824,570.91577,276.58795,2.494482,1.8705764,80.624954,1.235445,0.76491535,4.3036563e-10,695.38306,1870.9351
1982.4167,346.95953,0.074597925,346.82031,1.3425007,0.031638812,243.01352,570.8653,276.56018,2.5352809,1.5647517,80.620651,1.206578,0.33023176,3.9352777e-10,695.22858,1870.3882
1982.5,346.88196,0.074585535,346.74277,1.3428532,0.031638905,243.49254,571.98212,277.08203,2.5942216,1.457154,80.61628,1.0202707,0.082570471,2.8345579e-10,695.07379,1872.298
1982.5833,346.80328,0.074642815,346.66397,1.3432115,0.031638999,243.94728,573.02954,277.57605,2.6601272,1.449242,80.611923,1.0067915,0.089590967,2.5502958e-10,694.91669,1874.1908
1982.6667,346.72598,0.074759178,346.58646,1.3435639,0.031639088,244.27722,573.79352,277.93414,2.712203,1.4634089,80.607628,1.0042036,0.24638605,2.3698415e-10,694.76239,1875.5506
1982.75,346.64877,0.074915916,346.50897,1.3439162,0.031639181,244.3996,574.08142,278.06604,2.6856322,1.5681487,80.603302,1.0072289,0.72793502,2.4875316e-10,694.60822,1876.0124
1982.8333,346.57162,0.075076461,346.43152,1.3442684,0.031639274,244.28064,573.81683,277.9357,2.5599434,1.7877632,80.598969,1.006021,0.60933089,3.097102e-10,694.4541,1875.434
1982.9167,346.49448,0.075238727,346.35406,1.3446206,0.031639364,244.15276,573.5307,277.79626,2.5836685,1.8228641,80.594635,1.0027207,0.6283443,3.2954162e-10,694.29999,1874.781
1983,346.41608,0.075401269,346.27536,1.3449785,0.031639457,244.02347,573.24109,277.65515,2.6204512,1.8668594,80.590233,1.0023642,0.30569157,3.513774e-10,694.14343,1874.1407
1983.0833,346.34149,0.0755665,346.20047,1.3453189,0.031639546,243.90178,572.96863,277.52237,2.6556196,1.913066,80.58606,1.0244328,0.52359188,3.7467232e-10,693.99451,1873.5421
1983.1667,346.26697,0.075742081,346.12561,1.3456594,0.031639632,243.76065,572.67627,277.38013,2.6810291,1.9493855,80.58197,1.1963347,0.72088987,4.0051679e-10,693.84558,1872.875
1983.25,346.18985,0.075888649,346.04822,1.3460112,0.031639725,243.60709,572.36993,277.23145,2.701659,1.9817958,80.577675,1.2010201,0.7344138,4.2653323e-10,693.69159,1872.1613
1983.3333,346.11273,0.076006778,345.97086,1.3463629,0.031639814,243.48349,572.13379,277.11621,2.7153332,1.9967945,80.573418,1.2137638,0.67208648,4.3730816e-10,693.5376,1871.5567
1983.4167,346.03549,0.076061226,345.89352,1.3467146,0.031639908,243.68517,572.62988,277.34909,2.7306385,1.5983874,80.569092,1.1015155,0.14637119,3.3787778e-10,693.38342,1871.9457
1983.5,345.95816,0.076066576,345.81619,1.3470663,0.031639997,244.17401,573.74402,277.87726,2.7456892,1.548973,80.564781,1.0054882,0.065220989,2.8736477e-10,693.22913,1873.8839
1983.5833,345.87973,0.076144122,345.73761,1.3474236,0.03164009,244.61351,574.74451,278.35004,2.7983689,1.5602467,80.560448,0.99469417,0.067344859,2.5466895e-10,693.07251,1875.6996
1983.6667,345.80264,0.076247379,345.66031,1.3477751,0.031640179,244.91087,575.42377,278.66913,2.8739176,1.5844992,80.556175,0.97974098,0.13650183,2.4281063e-10,692.91858,1876.937
1983.75,345.72562,0.076377936,345.58304,1.3481264,0.031640269,245.05661,575.75928,278.82452,2.8524992,1.7302109,80.551895,0.99790484,0.60281074,2.5247288e-10,692.76477,1877.5398
1983.8333,345.64862,0.076516159,345.50577,1.3484777,0.031640362,244.96165,575.54663,278.71924,2.7256296,1.9723724,80.5476,0.99490619,0.58054888,3.539232e-10,692.61096,1877.0841
1983.9167,345.57162,0.076648429,345.42853,1.3488289,0.031640451,244.83868,575.2691,278.58432,2.7484,2.0083606,80.543304,0.99460858,0.84118325,3.8250472e-10,692.45721,1876.4495
1984,345.49341,0.076789059,345.35007,1.3491858,0.031640545,244.71788,574.99609,278.45157,2.7557819,2.023402,80.538948,0.99397892,0.53111666,4.0989651e-10,692.30109,1875.7847
1984.0833,345.41901,0.076931432,345.27539,1.3495255,0.03164063,244.60014,574.72974,278.32214,2.7724421,2.0508902,80.534805,0.99174744,0.63414788,4.4737122e-10,692.15253,1875.1628
1984.1667,345.34454,0.077045515,345.20071,1.349865,0.031640716,244.47932,574.45624,278.1893,2.7722993,2.0631559,80.530708,0.99212408,0.63184112,5.0334031e-10,692.00378,1874.4948
1984.25,345.26755,0.077130646,345.12357,1.3502158,0.031640805,244.36189,574.18976,278.05984,2.7744296,2.0781343,80.526535,0.99176979,0.62345582,5.4788302e-10,691.8501,1873.8406
1984.3333,345.19049,0.077182144,345.04642,1.3505666,0.031640898,244.25536,573.94757,277.94208,2.7760918,2.0779293,80.522415,0.99312496,0.58460909,5.6857219e-10,691.69629,1873.2177
1984.4167,345.11337,0.077185765,344.96927,1.3509175,0.031640988,244.50194,574.5033,278.20639,2.8213468,1.6212951,80.518303,0.9969629,0.071604751,4.1325676e-10,691.5423,1873.7149
1984.5,345.03619,0.077150732,344.89215,1.3512681,0.031641077,245.00836,575.64349,278.75015,2.893018,1.6264287,80.514191,1.005793,0.06954547,3.2031749e-10,691.38837,1875.8239
1984.5833,344.95782,0.077154823,344.81381,1.3516245,0.031641167,245.39729,576.51691,279.16449,2.9631813,1.6621685,80.51001,1.0010409,0.083824284,2.7260788e-10,691.23199,1877.4459
1984.6667,344.8808,0.077180371,344.73672,1.351975,0.031641256,245.85657,577.55878,279.65784,3.0328281,1.6957214,80.505898,0.9984563,0.33042401,2.5049648e-10,691.07831,1879.3861
1984.75,344.80383,0.077229366,344.65967,1.3523254,0.031641345,246.13295,578.18701,279.95334,3.0351779,1.7680815,80.501747,0.99976015,1.0081698,2.5958491e-10,690.92468,1880.503
1984.8333,344.72693,0.077296384,344.58261,1.3526758,0.031641435,246.08841,578.08594,279.901,2.8393652,2.0613933,80.497581,0.99941289,0.6784693,3.393745e-10,690.77112,1880.2448
1984.9167,344.65002,0.077366039,344.50558,1.353026,0.031641524,245.96974,577.81689,279.76987,2.8537669,2.0886233,80.493416,0.99754786,0.68826133,4.1893453e-10,690.61761,1879.6099
1985,344.5719,0.077440016,344.42731,1.353382,0.031641617,245.86154,577.57098,279.65054,2.8836,2.1264853,80.489182,0.99704808,0.3272419,4.5498713e-10,690.46167,1879.0439
1985.0833,344.49756,0.077513427,344.35284,1.3537207,0.031641703,245.76541,577.35199,279.54422,2.9164021,2.169059,80.485153,0.99609756,0.54004014,4.7725518e-10,690.31323,1878.5455
1985.1667,344.42328,0.077598684,344.27838,1.3540592,0.031641789,245.66263,577.11792,279.43066,2.9297168,2.1950932,80.481125,0.99500883,0.60426885,5.1902393e-10,690.16498,1877.9822
1985.25,344.34644,0.077672027,344.20145,1.3544092,0.031641878,245.55362,576.86932,279.31012,2.9382355,2.2165782,80.47699,0.99372607,0.60194391,5.4622373e-10,690.0116,1877.3766
1985.3333,344.26959,0.077715658,344.12448,1.3547591,0.031641964,245.44473,576.62079,279.18964,2.932302,2.2258985,80.472885,0.99479592,0.59211129,5.6485555e-10,689.85815,1876.7444
1985.4167,344.19272,0.077739626,344.04758,1.355109,0.031642053,245.43376,576.5932,279.17499,2.9553661,1.8039415,80.468796,0.9963997,0.14308424,5.0958787e-10,689.70471,1876.1347
1985.5,344.11578,0.077730164,343.97067,1.3554587,0.031642143,245.8784,577.59302,279.65256,2.9985571,1.7471213,80.464691,1.0023046,0.087126963,3.6044667e-10,689.55127,1877.8857
1985.5833,344.0376,0.077699758,343.89252,1.3558141,0.031642232,246.39491,578.75208,280.20508,3.0486844,1.7590971,80.460526,1.0046567,0.099431574,2.9243849e-10,689.39526,1880.0156
1985.6667,343.96075,0.077718742,343.81564,1.3561636,0.031642321,246.73106,579.505,280.56235,3.1124492,1.7911484,80.456413,1.0029424,0.23511137,2.5646676e-10,689.24188,1881.4003
1985.75,343.88397,0.077754162,343.7388,1.3565131,0.031642411,247.04704,580.21698,280.89948,3.0756171,1.9221523,80.452301,1.003577,0.96229821,2.5172611e-10,689.08868,1882.7023
1985.8333,343.80722,0.077798404,343.66196,1.3568625,0.031642497,247.17343,580.49603,281.03043,2.9130838,2.171973,80.448166,1.0045307,0.65854967,2.7734753e-10,688.93549,1883.1685
1985.9167,343.73047,0.07784535,343.58514,1.3572119,0.031642586,247.17792,580.50079,281.03012,2.9304922,2.1983783,80.444031,1.0028177,0.89937466,3.0114833e-10,688.78229,1883.0641
1986,343.65253,0.077898897,343.50708,1.357567,0.031642675,247.17191,580.48248,281.01868,2.9377997,2.2114501,80.439827,1.0016994,0.52569199,3.1829514e-10,688.62671,1882.8889
1986.0833,343.57834,0.077948779,343.4328,1.3579047,0.031642761,247.16289,580.4577,281.0043,2.9599748,2.240958,80.435829,1.0001928,0.643538,3.3932959e-10,688.47864,1882.7403
1986.1667,343.50421,0.077999778,343.35855,1.3582424,0.031642847,247.14259,580.40759,280.97784,2.9785211,2.2667718,80.431831,0.99894601,0.64448816,3.6595535e-10,688.33063,1882.5358
1986.25,343.42755,0.078048736,343.2818,1.3585914,0.031642932,247.10712,580.32318,280.93524,2.9968643,2.293123,80.427696,1.0014213,0.63417518,3.9409223e-10,688.17761,1882.2608
1986.3333,343.35089,0.078095853,343.20508,1.3589404,0.031643022,247.07249,580.24036,280.8941,3.0171506,2.3191798,80.423569,1.0023918,0.61986345,4.0409681e-10,688.0246,1881.9916
1986.4167,343.27426,0.078143939,343.12836,1.3592893,0.031643108,247.1181,580.33838,280.93964,3.0504472,1.9575487,80.419441,1.0025809,0.21153636,3.6870684e-10,687.8717,1881.6953
1986.5,343.1976,0.078157783,343.05167,1.3596381,0.031643197,247.50574,581.2063,281.35379,3.1149883,1.7968165,80.415298,1.0034674,0.09541627,2.8460564e-10,687.71863,1883.1115
1986.5833,343.11978,0.078224689,342.97372,1.3599925,0.031643286,247.85719,581.99487,281.72836,3.1686547,1.8181792,80.411064,1.0064393,0.16233888,2.586171e-10,687.56335,1884.5417
1986.6667,343.04333,0.078337044,342.89706,1.3603412,0.031643372,248.16411,582.68347,282.05511,3.2288461,1.8498101,80.406815,1.0071425,0.215591,2.2833387e-10,687.41071,1885.7989
1986.75,342.96698,0.078479841,342.82043,1.3606898,0.031643461,248.33534,583.06616,282.2356,3.1529307,2.0513465,80.402512,1.0030055,0.86028248,2.4314603e-10,687.25824,1886.5021
1986.8333,342.89059,0.078614756,342.7438,1.3610382,0.031643547,248.25714,582.88544,282.14667,3.0226893,2.2822194,80.398201,1.0002174,0.55412352,3.0318922e-10,687.10565,1886.0981
1986.9167,342.81427,0.078755975,342.66721,1.3613867,0.031643633,248.13051,582.59894,282.00739,3.0439255,2.3078697,80.39389,1.0039226,0.60716921,3.6607137e-10,686.95325,1885.4357
1987,342.73669,0.078906842,342.58936,1.3617407,0.031643722,248.01221,582.3277,281.87631,3.0710933,2.3383462,80.389511,0.98746055,0.44422638,3.9765655e-10,686.79834,1884.8135
1987.0833,342.6629,0.079050928,342.51529,1.3620776,0.031643808,247.90504,582.08124,281.75732,3.0973649,2.371598,80.385345,0.98677927,0.53311139,4.1960421e-10,686.65088,1884.2488
1987.1667,342.58914,0.07919123,342.44125,1.3624144,0.03164389,247.79852,581.83594,281.63895,3.1183813,2.4009521,80.381203,0.98682994,0.53487909,4.4459858e-10,686.50366,1883.6776
1987.25,342.51282,0.0793126,342.36472,1.3627625,0.031643979,247.69286,581.5921,281.52127,3.1397545,2.430588,80.376945,0.98723209,0.53370017,4.6656778e-10,686.3512,1883.1048
1987.3333,342.43649,0.079408526,342.28818,1.3631104,0.031644065,247.59676,581.36951,281.41382,3.1611476,2.4138322,80.372711,0.98853171,0.48696968,4.7863419e-10,686.19879,1882.5265
1987.4167,342.36014,0.079484612,342.2117,1.3634584,0.031644151,247.80479,581.82758,281.63336,3.1991696,1.9367548,80.368484,0.99075627,0.065847129,3.6753001e-10,686.04645,1882.8167
1987.5,342.28369,0.079511233,342.13519,1.3638062,0.031644236,248.23367,582.77771,282.08923,3.2374079,1.9129798,80.364258,1.007899,0.11692539,2.9720776e-10,685.89386,1884.509
1987.5833,342.20605,0.079555489,342.0575,1.3641598,0.031644326,248.58191,583.547,282.45691,3.2951386,1.9296947,80.35997,1.0097021,0.10894727,2.6612387e-10,685.73889,1885.9095
1987.6667,342.12976,0.079634026,341.98105,1.3645076,0.031644411,248.88914,584.22839,282.78177,3.3618441,1.9605314,80.355728,1.0069571,0.13257563,2.508791e-10,685.58655,1887.1639
1987.75,342.05356,0.079752088,341.9046,1.3648552,0.031644497,249.07321,584.63477,282.97452,3.4279971,1.9957286,80.351463,1.0047932,0.20966887,2.4172014e-10,685.43439,1887.8921
1987.8333,341.97736,0.079859853,341.82819,1.3652027,0.031644583,249.13625,584.76776,283.03656,3.1763587,2.4409387,80.347191,1.002503,0.82007706,2.7258693e-10,685.28217,1888.1871
1987.9167,341.90118,0.079982266,341.7518,1.3655502,0.031644668,249.05087,584.56757,282.93927,3.2091589,2.4788194,80.342918,1.0004268,0.62545311,3.372338e-10,685.13013,1887.7186
1988,341.82376,0.08010187,341.67416,1.3659033,0.031644758,248.9539,584.34113,282.83035,3.2365396,2.5047476,80.338562,0.9944787,0.39234436,3.672703e-10,684.97552,1887.1807
1988.0833,341.75015,0.080221504,341.60031,1.3662392,0.03164484,248.86871,584.14136,282.73438,3.2695577,2.5399432,80.334435,0.99227524,0.47277462,4.0001322e-10,684.82849,1886.7168
1988.1667,341.67651,0.080335431,341.52646,1.3665751,0.031644922,248.79289,583.96234,282.64835,3.2997055,2.5743189,80.330307,0.9926421,0.48559317,4.2142795e-10,684.68152,1886.2894
1988.25,341.60043,0.08047045,341.45013,1.3669223,0.031645007,248.70825,583.763,282.55258,3.3294237,2.6116562,80.326042,0.9916001,0.48174912,4.4367099e-10,684.5296,1885.8206
1988.3333,341.52435,0.080583245,341.37384,1.3672694,0.031645093,248.63846,583.59644,282.47266,3.3590631,2.5243325,80.321793,0.99321467,0.37701494,4.4244514e-10,684.37762,1885.2904
1988.4167,341.44815,0.0806209,341.29755,1.3676164,0.031645179,248.92126,584.21509,282.7706,3.4104979,2.0384052,80.317543,0.99778241,0.06690979,3.3816033e-10,684.22552,1885.899
1988.5,341.37192,0.080641203,341.22128,1.3679633,0.031645264,249.34685,585.15118,283.22021,3.4492297,1.984376,80.313301,1.0012406,0.06624011,2.9114125e-10,684.07343,1887.5387
1988.5833,341.29453,0.080704257,341.14377,1.3683159,0.031645354,249.70427,585.93726,283.59579,3.5073578,1.9845948,80.308983,0.99338973,0.068025574,2.6825017e-10,683.91895,1888.9572
1988.6667,341.21848,0.080801085,341.06754,1.3686627,0.031645436,249.98808,586.56116,283.89279,3.5747375,2.0158401,80.304726,0.99327266,0.10830413,2.4811841e-10,683.76709,1890.1044
1988.75,341.14249,0.080926917,340.9913,1.3690094,0.031645522,250.0864,586.77106,283.99121,3.4485855,2.3133831,80.30043,0.99427313,0.53191006,2.7089653e-10,683.61536,1890.5264
1988.8333,341.06659,0.081087232,340.9151,1.369356,0.031645607,249.96478,586.492,283.85599,3.3548417,2.5045905,80.296143,1.0176371,0.41355512,3.8718775e-10,683.46375,1889.9321
1988.9167,340.99069,0.081248,340.83893,1.3697026,0.031645693,249.80275,586.13831,283.68561,3.2941289,2.4656594,80.291901,1.034725,0.61784351,5.7589367e-10,683.31219,1888.9907
1989,340.91333,0.081269033,340.76151,1.3700548,0.031645779,249.69228,585.88354,283.56317,3.2631712,2.4485836,80.287697,0.98210287,0.4295561,6.4210171e-10,683.15778,1888.2961
1989.0833,340.83975,0.081318758,340.68787,1.3703898,0.031645861,249.57509,585.62756,283.43964,3.2038999,2.4111147,80.283836,1.1145599,0.60256952,6.0671468e-10,683.01093,1887.5522
1989.1667,340.76614,0.081333369,340.61423,1.3707248,0.031645942,249.45859,585.38959,283.32516,3.1252787,2.3570025,80.279945,1.1281523,0.60228014,5.1290072e-10,682.86401,1886.7996
1989.25,340.69009,0.081368916,340.53812,1.3710711,0.031646028,249.34335,585.15613,283.21368,3.04073,2.3007109,80.275925,1.1342735,0.59070045,4.6721216e-10,682.71228,1886.0428
1989.3333,340.61404,0.081388727,340.46201,1.3714173,0.031646114,249.24113,584.95288,283.11697,2.9720492,2.2588568,80.271896,1.14851,0.58847821,4.5258872e-10,682.56049,1885.3744
1989.4167,340.53793,0.081378371,340.38593,1.3717633,0.031646196,249.22874,584.94873,283.11676,2.9934323,1.8330771,80.267868,1.1610028,0.26520139,4.1190573e-10,682.40863,1884.7973
1989.5,340.46167,0.081266113,340.30988,1.3721094,0.031646281,249.75989,586.11224,283.68097,3.0148871,1.764472,80.263741,1.0107043,0.096450813,2.5876917e-10,682.25653,1886.8527
1989.5833,340.38425,0.081190899,340.23257,1.372461,0.031646367,250.45102,587.60181,284.40298,3.0433352,1.7661839,80.259621,1.0108151,0.10843892,2.0945221e-10,682.10205,1889.627
1989.6667,340.30814,0.081158064,340.15652,1.3728068,0.031646453,251.08775,588.97418,285.06717,3.0953608,1.7874014,80.255569,1.0067636,0.18557714,1.797166e-10,681.9502,1892.2177
1989.75,340.23212,0.081155695,340.08054,1.3731526,0.031646535,251.48584,589.82526,285.47888,3.0786293,1.8822509,80.251511,1.0047507,0.52507782,1.8044576e-10,681.79858,1893.801
1989.8333,340.15616,0.081176944,340.00452,1.3734983,0.03164662,251.50714,589.85095,285.49142,2.9076285,2.2014182,80.247429,0.99892753,0.47477233,2.3650981e-10,681.64691,1893.8528
1989.9167,340.08023,0.08120016,339.92856,1.3738439,0.031646702,251.46245,589.73297,285.43469,2.9383085,2.2425518,80.243347,1.0009696,0.64812523,2.6095828e-10,681.49542,1893.5497
1990,340.00308,0.081225358,339.85135,1.3741952,0.031646788,251.41687,589.61261,285.37784,2.9581397,2.2707539,80.239204,1.0004824,0.43313634,2.8797559e-10,681.34155,1893.217
1990.0833,339.92969,0.081262499,339.77789,1.3745294,0.03164687,251.37427,589.49957,285.3252,2.9878354,2.3099966,80.23526,0.99705255,0.47994283,3.0797231e-10,681.19501,1892.9271
1990.1667,339.85638,0.081335351,339.70444,1.3748634,0.031646952,251.33311,589.38959,285.27399,3.0104568,2.3481786,80.231308,0.99562132,0.45109218,3.2987948e-10,681.04871,1892.6354
1990.25,339.78055,0.081381731,339.62854,1.3752087,0.031647034,251.29919,589.29449,285.2301,3.0420966,2.3877807,80.227234,0.99666601,0.44864565,3.4115089e-10,680.89734,1892.3782
1990.3333,339.70474,0.081425004,339.55264,1.375554,0.03164712,251.2701,589.20978,285.19125,3.0551233,2.3941312,80.22316,0.99727726,0.43102491,3.4537082e-10,680.74603,1892.0897
1990.4167,339.62888,0.081421092,339.47678,1.3758992,0.031647202,251.48738,589.66168,285.41263,3.0864885,1.9058698,80.219086,0.99979913,0.082231827,2.7115821e-10,680.59467,1892.3677
1990.5,339.55286,0.0813464,339.40091,1.3762443,0.031647284,252.17357,591.13507,286.12854,3.131321,1.8616923,80.215012,1.0093058,0.084013946,1.9997171e-10,680.44305,1895.0884
1990.5833,339.47574,0.081324182,339.32382,1.3765949,0.031647369,252.71797,592.29547,286.69174,3.180793,1.8774645,80.210846,1.0107418,0.12408519,1.6965288e-10,680.28912,1897.2635
1990.6667,339.40005,0.081400305,339.24799,1.3769399,0.031647451,253.22913,593.38776,287.2211,3.2384427,1.9125129,80.206665,1.0080817,0.21247467,1.5595478e-10,680.13806,1899.3337
1990.75,339.32446,0.081520222,339.17218,1.3772848,0.031647537,253.52129,594.00336,287.51974,3.2351475,2.0403481,80.202415,1.0057709,0.48327565,1.5521057e-10,679.98706,1900.5094
1990.8333,339.24887,0.081619166,339.09641,1.3776295,0.031647619,253.62929,594.21527,287.62341,3.0635591,2.3855159,80.198158,1.0051497,0.48415527,1.69375e-10,679.83618,1900.9514
1990.9167,339.17331,0.081725433,339.02063,1.3779743,0.031647701,253.66521,594.27106,287.6514,3.0955844,2.4230609,80.193893,1.0032318,0.64352173,1.8378168e-10,679.6853,1900.9855
1991,339.09653,0.081837013,338.94363,1.3783245,0.031647786,253.68553,594.29291,287.66306,3.117578,2.4497216,80.189568,1.0028147,0.42726809,1.9724684e-10,679.53198,1900.9303
1991.0833,339.02347,0.081949092,338.87036,1.3786578,0.031647865,253.70039,594.30408,287.66962,3.1493607,2.487906,80.185455,1.0027685,0.47419009,2.0764206e-10,679.38611,1900.8829
1991.1667,338.95047,0.08206971,338.79712,1.378991,0.031647947,253.7093,594.30237,287.67014,3.1765349,2.5237334,80.181335,1.003365,0.48760286,2.1962042e-10,679.2403,1900.8037
1991.25,338.875,0.082194708,338.72144,1.3793354,0.031648029,253.7193,594.30206,287.67181,3.196857,2.5515795,80.177078,1.0044725,0.48220405,2.2688242e-10,679.0896,1900.7082
1991.3333,338.79953,0.082304798,338.64575,1.3796797,0.031648111,253.73485,594.31366,287.6795,3.2242455,2.4779797,80.172829,1.0048424,0.39885047,2.292356e-10,678.93896,1900.542
1991.4167,338.724,0.082391478,338.57007,1.380024,0.031648193,253.89351,594.63684,287.83829,3.2699163,2.0287182,80.168571,1.0053507,0.089677967,2.0556083e-10,678.78815,1900.6239
1991.5,338.64841,0.082415506,338.49442,1.3803681,0.031648275,254.43643,595.79633,288.40192,3.3247814,1.9944249,80.164314,1.0066805,0.077849746,1.6895359e-10,678.63727,1902.7555
1991.5833,338.57172,0.082517467,338.41754,1.3807179,0.03164836,254.87889,596.73785,288.85867,3.3802462,2.0116093,80.15995,1.0034459,0.090899281,1.6033086e-10,678.48419,1904.5115
1991.6667,338.49637,0.082647823,338.34192,1.3810619,0.031648442,255.24486,597.51471,289.23535,3.4461861,2.0409391,80.155609,1.0004447,0.10668618,1.5422291e-10,678.33362,1905.9712
1991.75,338.42105,0.082796827,338.26633,1.3814058,0.031648524,255.44585,597.93274,289.43814,3.5196996,2.0801027,80.151245,0.99824822,0.11701993,1.5076165e-10,678.18323,1906.751
1991.8333,338.34576,0.082958616,338.19077,1.3817497,0.031648606,255.43134,597.88104,289.4137,3.3360291,2.4881001,80.146873,0.99405342,0.51039237,1.7140726e-10,678.03296,1906.73
1991.9167,338.27054,0.083135858,338.1152,1.3820934,0.031648688,255.32378,597.6264,289.29193,3.3087189,2.585773,80.142509,0.98123598,0.51524919,2.0684111e-10,677.88263,1906.1618
1992,338.19406,0.08329735,338.03842,1.3824428,0.03164877,255.22949,597.40002,289.18417,3.332,2.6098833,80.1381,0.98277956,0.39216,2.2578368e-10,677.72992,1905.6237
1992.0833,338.12134,0.083461516,337.96536,1.3827752,0.031648852,255.144,597.19366,289.08609,3.3611035,2.6440141,80.133911,0.98108119,0.45298871,2.4082e-10,677.58459,1905.1473
1992.1667,338.04855,0.083605468,337.89233,1.3831075,0.03164893,255.05916,596.98865,288.98868,3.3760929,2.6668367,80.129745,0.98148346,0.46082017,2.5739672e-10,677.43933,1904.6485
1992.25,337.9733,0.083717428,337.81683,1.383451,0.031649012,254.98215,596.79968,288.89914,3.4009392,2.6977584,80.125465,0.98338658,0.49092156,2.6972477e-10,677.28894,1904.1941
1992.3333,337.89798,0.083812296,337.74136,1.3837944,0.031649094,254.92271,596.64862,288.82809,3.4061751,2.6861312,80.121201,0.98443872,0.47034588,2.7290109e-10,677.13861,1903.7516
1992.4167,337.8226,0.083852768,337.66589,1.3841377,0.031649176,255.20036,597.22632,289.11136,3.4483132,2.0605471,80.116951,0.99214208,0.059800461,2.1321273e-10,676.98822,1904.1522
1992.5,337.74719,0.083869912,337.59045,1.384481,0.031649254,255.66222,598.20355,289.58749,3.5217006,2.0653756,80.112701,1.0011137,0.063932717,1.9162617e-10,676.83765,1905.9907
1992.5833,337.67065,0.083921142,337.51379,1.3848298,0.03164934,256.11606,599.16595,290.05429,3.5945194,2.0791423,80.108376,0.98741275,0.063211977,1.7577952e-10,676.68488,1907.8033
1992.6667,337.59543,0.084012978,337.43839,1.3851728,0.031649418,256.43945,599.84711,290.38376,3.65168,2.0972085,80.104095,0.98289949,0.086390749,1.6220762e-10,676.53467,1909.0579
1992.75,337.52026,0.084135339,337.36301,1.3855159,0.0316495,256.48682,599.92944,290.42294,3.6262305,2.2285278,80.099792,0.98180437,0.7084325,1.7656222e-10,676.38458,1909.1784
1992.8333,337.44513,0.084265374,337.28763,1.3858589,0.031649582,256.41708,599.75739,290.33987,3.4245286,2.5790219,80.095482,0.98609763,0.46673843,2.0987791e-10,676.23456,1908.8478
1992.9167,337.37003,0.084394127,337.21228,1.3862017,0.031649664,256.3349,599.5575,290.24515,3.453764,2.6192651,80.091171,0.9870981,0.63591063,2.2470252e-10,676.08459,1908.3864
1993,337.2937,0.084528193,337.13571,1.3865502,0.031649746,256.27951,599.4151,290.1785,3.4728172,2.6471922,80.0868,0.98647451,0.43575707,2.3494579e-10,675.93213,1908.012
1993.0833,337.22113,0.084668212,337.06287,1.3868816,0.031649824,256.22147,599.26819,290.10941,3.4589157,2.6492403,80.082626,0.98081553,0.53910846,2.5918873e-10,675.78723,1907.577
1993.1667,337.1485,0.084779128,336.99002,1.387213,0.031649902,256.19107,599.18066,290.06921,3.4466834,2.6502056,80.078484,0.9825719,0.54724342,2.7022348e-10,675.64215,1907.2584
1993.25,337.07343,0.084889121,336.91473,1.3875556,0.031649981,256.17303,599.11908,290.04175,3.4688294,2.6825805,80.074219,0.98336297,0.53360987,2.7793245e-10,675.49231,1907.0518
1993.3333,336.99835,0.084987573,336.83948,1.3878981,0.031650063,256.20309,599.1618,290.06497,3.4937806,2.607331,80.069969,0.98459637,0.42632258,2.7963437e-10,675.34241,1906.9433
1993.4167,336.92322,0.085049249,336.76422,1.3882405,0.031650141,256.48218,599.74091,290.34933,3.5483096,2.0592797,80.06572,0.9876368,0.048749723,2.2233211e-10,675.19238,1907.4381
1993.5,336.84808,0.085104935,336.689,1.3885828,0.031650223,256.95474,600.73682,290.83508,3.6089711,2.0535717,80.061462,0.9786464,0.042856362,1.9711119e-10,675.04248,1909.2931
1993.5833,336.77179,0.085178889,336.61255,1.3889307,0.031650305,257.42792,601.73602,291.32208,3.6578715,2.0682857,80.057121,0.9425413,0.054245222,1.7835791e-10,674.89008,1911.1595
1993.6667,336.69678,0.085271023,336.53735,1.3892729,0.031650387,257.78104,602.47693,291.68408,3.6997564,2.0922775,80.052864,0.94219476,0.089378223,1.662574e-10,674.74036,1912.5273
1993.75,336.6218,0.085388683,336.46219,1.3896151,0.031650465,258.00388,602.93634,291.90918,3.710417,2.1592638,80.048576,0.94184619,0.93474704,1.5502837e-10,674.59064,1913.3582
1993.8333,336.54684,0.085502438,336.38702,1.3899571,0.031650547,258.17313,603.2782,292.07736,3.4455907,2.5471635,80.044281,0.94898677,0.53767735,1.628805e-10,674.44104,1914.0068
1993.9167,336.47192,0.085614555,336.31186,1.390299,0.031650625,258.25812,603.43774,292.15543,3.4606898,2.5758395,80.040009,0.9933964,0.83040935,1.7232478e-10,674.29138,1914.2192
1994,336.39578,0.085733078,336.2355,1.3906465,0.031650707,258.29233,603.48767,292.17984,3.4505925,2.5783093,80.035645,0.99785954,0.50127691,1.7914911e-10,674.13934,1914.1637
1994.0833,336.32336,0.085846789,336.16287,1.390977,0.031650785,258.32324,603.53168,292.20178,3.4748471,2.6145117,80.031494,0.99883521,0.58026749,1.8612101e-10,673.99475,1914.1722
1994.1667,336.25095,0.085964747,336.09024,1.3913076,0.03165086,258.33743,603.53979,292.20636,3.491699,2.644484,80.027344,0.996122,0.59092587,1.9716072e-10,673.8501,1914.0971
1994.25,336.17609,0.086082071,336.01517,1.3916492,0.031650942,258.35028,603.54437,292.20929,3.5062022,2.6726103,80.023048,0.99661523,0.58183724,2.0220649e-10,673.70068,1914.0065
1994.3333,336.10126,0.086197115,335.94009,1.3919908,0.03165102,258.36658,603.5564,292.21637,3.520092,2.5880325,80.018768,1.0022898,0.47395709,2.0462311e-10,673.55121,1913.8176
1994.4167,336.02643,0.086303174,335.86505,1.3923323,0.031651098,258.56808,603.9671,292.41782,3.5637081,2.1147017,80.014473,1.0002502,0.075539023,1.822347e-10,673.40179,1914.0476
1994.5,335.95157,0.08638496,335.79004,1.3926737,0.03165118,259.02902,604.93622,292.89029,3.6235838,2.0919948,80.010162,0.97565329,0.044426899,1.6069705e-10,673.25238,1915.8337
1994.5833,335.87552,0.086496994,335.71381,1.3930207,0.031651258,259.51111,605.95154,293.38602,3.6720951,2.1023133,80.005768,0.94008362,0.05490347,1.4639114e-10,673.10046,1917.7293
1994.6667,335.80081,0.086636655,335.63882,1.3933619,0.03165134,259.93872,606.85205,293.82617,3.7197418,2.1201603,80.001823,0.92352343,0.14191772,1.3727287e-10,672.95129,1919.41
1994.75,335.72614,0.086787291,335.56384,1.3937032,0.031651419,260.32904,607.68048,294.23102,3.6182036,2.300317,79.999695,0.91400588,0.98716187,1.878778e-10,672.80212,1920.9608
1994.8333,335.65146,0.086939834,335.48889,1.3940443,0.031651497,260.49615,608.02856,294.40131,3.465795,2.539021,79.997795,0.96809858,0.56526631,2.2740544e-10,672.65302,1921.5817
1994.9167,335.57681,0.087082475,335.41397,1.3943853,0.031651575,260.67496,608.40131,294.58386,3.485575,2.5705771,79.995903,0.96955544,0.73680502,2.3630201e-10,672.50397,1922.2161
1995,336.79236,0.66676992,335.33887,1.3947319,0.031651657,260.89951,608.8717,294.81546,3.522476,2.6176898,77.142654,31.02951,30.25066,2.5172278e-09,674.22437,1922.0939
1995.0833,339.15225,1.4394987,335.27133,1.3950616,0.031651732,261.11011,609.31226,295.03287,3.5426698,2.6488316,71.717194,32.081268,31.697433,7.9895344e-09,677.28979,1920.6537
1995.1667,341.51733,1.8723893,335.20673,1.3953912,0.03165181,261.31815,609.74719,295.24765,3.5579886,2.6756854,66.310379,31.797194,31.419075,1.4848659e-08,680.0235,1918.8805
1995.25,343.99368,2.1371572,335.14169,1.395732,0.031651888,261.52539,610.17981,295.46136,3.5711219,2.7017188,60.707985,31.525402,31.128899,2.3108258e-08,682.69995,1916.8473
1995.3333,346.49329,2.302248,335.07773,1.3960727,0.031651966,261.77103,610.69464,295.71503,3.5505326,2.6031566,55.114048,31.059256,30.258268,3.1619965e-08,685.30103,1914.7494
1995.4167,348.99289,2.4126196,335.01447,1.3964133,0.031652045,262.24747,611.70416,296.20996,3.6338861,2.1897109,49.529976,31.393599,29.607239,3.5829231e-08,687.84808,1913.3633
1995.5,351.4483,2.4895043,334.95169,1.3967539,0.031652123,263.0206,613.34882,297.01364,3.7029314,2.1738229,43.892403,33.465225,32.432701,3.7647819e-08,690.31793,1913.4701
1995.5833,353.97134,2.5482545,334.88828,1.3971,0.031652205,263.69528,614.78229,297.71249,3.7440083,2.181251,37.877136,36.006618,35.226479,4.2101821e-08,692.83661,1912.829
1995.6667,356.3811,2.5916817,334.82611,1.3974404,0.031652283,264.28699,616.04041,298.32724,3.7777832,2.1857097,31.92721,36.143997,35.525234,6.5551134e-08,695.22803,1911.7734
1995.75,358.69104,2.6250091,334.76419,1.3977808,0.031652361,264.7663,617.0578,298.82474,3.6770272,2.3441067,26.113129,35.514431,35.928185,1.3380551e-07,697.50964,1910.2927
1995.8333,361.02676,2.6527169,334.70242,1.3981211,0.031652436,264.95978,617.461,299.02286,3.4643714,2.585247,20.371206,34.172638,33.890556,2.2055674e-07,699.81171,1907.6762
1995.9167,363.39465,2.6761248,334.64081,1.3984613,0.031652514,265.04913,617.64044,299.11243,3.4444585,2.5851462,14.702356,33.299248,32.969559,3.0574782e-07,702.14166,1904.6756
1996,365.85062,2.6965823,334.57828,1.3988072,0.031652596,265.16205,617.86951,299.22653,3.3777833,2.5505366,8.9750185,32.097504,31.629797,3.7712985e-07,704.55597,1901.7173
1996.0833,368.2562,2.7136855,334.51892,1.3991361,0.03165267,265.28497,618.12,299.3511,3.3356624,2.5318043,3.5354564,31.503614,31.143267,4.3900712e-07,706.91956,1899.0786
1996.1667,369.58618,2.7223384,334.45963,1.399465,0.031652745,265.42218,618.40045,299.49036,3.3006532,2.5156586,0.31876385,7.4755325,7.1022563,4.6906797e-07,708.19934,1897.6474
1996.25,369.35474,2.7213337,334.39835,1.3998051,0.031652823,265.56958,618.7019,299.64005,3.3156898,2.5437157,0.27823272,2.8540413,2.4651065,4.5344561e-07,707.90588,1897.955
1996.3333,369.13116,2.720361,334.33707,1.4001449,0.031652901,265.77771,619.1333,299.85312,3.3356643,2.4992266,0.27823192,2.6294408,1.9408531,4.1336534e-07,707.62042,1898.4976
1996.4167,368.91382,2.7194109,334.27582,1.4004848,0.03165298,266.39526,620.43628,300.49222,3.4165103,2.072669,0.27823323,2.6978776,1.290421,3.1551471e-07,707.34125,1900.4325
1996.5,368.67184,2.7182789,334.21457,1.4008247,0.031653058,267.13492,621.99689,301.25671,3.4695632,2.0257311,0.27823707,3.2013509,2.3873451,2.7334931e-07,707.03723,1903.1993
1996.5833,368.39175,2.7169118,334.15231,1.40117,0.031653136,267.89108,623.59406,302.03729,3.4948452,2.0233436,0.27823684,3.2302823,2.4710829,2.4512883e-07,706.69385,1906.0127
1996.6667,368.1666,2.7158921,334.09106,1.4015096,0.031653211,268.55869,625.00323,302.72617,3.5266027,2.0329127,0.27823585,2.4778938,1.7079382,2.2921076e-07,706.40668,1908.5326
1996.75,367.9624,2.7149897,334.02985,1.4018493,0.031653289,268.93704,625.79578,303.11401,3.3760133,2.2748706,0.27823189,2.509326,2.5989313,2.5135225e-07,706.14081,1909.9167
1996.8333,367.7569,2.7140746,333.96863,1.4021889,0.031653367,269.1022,626.13367,303.28064,3.2811575,2.4479611,0.27823102,2.4940636,2.0083666,3.0044365e-07,705.87341,1910.3972
1996.9167,367.55359,2.7131813,333.90741,1.4025284,0.031653445,269.23138,626.3952,303.41095,3.2787409,2.4565606,0.27822241,2.4344625,1.9598032,3.5053733e-07,705.6084,1910.6595
1997,367.41391,2.7126944,333.84521,1.4028734,0.031653523,269.22983,626.37079,303.40195,3.2801983,2.4667981,0.27860445,0.97074378,0.48874825,3.5288204e-07,705.40637,1910.4345
1997.0833,367.341,2.7126064,333.78604,1.4032016,0.031653598,269.11279,626.09442,303.27008,3.2973931,2.4910846,0.27927819,0.92478693,0.48934239,2.9858782e-07,705.27454,1909.8196
1997.1667,367.26813,2.7125227,333.72687,1.4035298,0.031653672,269.00003,625.82715,303.14267,3.2716653,2.4794981,0.27989504,0.9246738,0.48884863,2.1813024e-07,705.1427,1909.1436
1997.25,367.19287,2.7124367,333.66571,1.403869,0.031653747,268.88925,625.56293,303.01694,3.2127583,2.4408078,0.28049642,0.9251796,0.48923272,1.3827645e-07,705.00659,1908.4098
1997.3333,367.11758,2.7123349,333.60455,1.4042083,0.031653825,268.84515,625.43994,302.96033,3.1872618,2.342756,0.28109124,0.92844754,0.39986378,9.1637766e-08,704.87036,1907.9268
1997.4167,367.0423,2.7122278,333.54343,1.4045475,0.0316539,269.33585,626.45032,303.45874,3.2154834,1.8949472,0.28170198,0.93588418,0.031815112,6.6166926e-08,704.73419,1909.3711
1997.5,366.96701,2.7121122,333.4823,1.4048865,0.031653978,269.87567,627.56348,304.00638,3.2508311,1.83411,0.28231475,0.95063168,0.041422974,5.8876083e-08,704.59796,1911.4107
1997.5833,366.89053,2.7120068,333.4202,1.405231,0.031654056,270.46365,628.78082,304.60333,3.2932491,1.8173077,0.28293058,0.94738638,0.052197073,5.1896407e-08,704.45959,1913.701
1997.6667,366.81525,2.7119155,333.3591,1.40557,0.031654131,270.94257,629.76819,305.08707,3.342468,1.8300854,0.28360036,0.94240594,0.050656728,4.7234469e-08,704.32349,1915.5775
1997.75,366.73987,2.711822,333.298,1.4059088,0.031654209,271.24451,630.38062,305.38727,3.2909353,1.9694029,0.2844198,0.94149083,0.64407271,4.8436053e-08,704.18726,1916.7445
1997.8333,366.66446,2.7117307,333.23694,1.4062477,0.031654283,271.19357,630.24396,305.3219,3.1388197,2.2353771,0.2852805,0.93888807,0.42560276,5.9043497e-08,704.05109,1916.47
1997.9167,366.58908,2.7116375,333.17587,1.4065864,0.031654362,271.11569,630.05011,305.22903,3.16713,2.2739618,0.28614062,0.93887597,0.47103146,6.1739861e-08,703.91486,1916.0368
1998,366.51248,2.7115402,333.11383,1.4069307,0.031654436,271.03638,629.8526,305.13559,3.1956241,2.3085198,0.28701419,0.94221348,0.41002259,6.4287548e-08,703.77649,1915.5922
1998.0833,366.43961,2.7114508,333.05481,1.4072583,0.031654511,270.95911,629.66083,305.04547,3.2222791,2.3442998,0.2878398,0.94200677,0.46394607,6.7107813e-08,703.64484,1915.1647
1998.1667,366.36676,2.71136,332.99579,1.4075857,0.031654585,270.8833,629.47223,304.95697,3.2451062,2.3756526,0.28866184,0.94188249,0.48896509,7.012585e-08,703.51318,1914.7351
1998.25,366.29144,2.7112658,332.93478,1.4079242,0.03165466,270.81433,629.29688,304.87518,3.2441175,2.3876369,0.28950822,0.94263047,0.50307763,7.1443885e-08,703.37708,1914.2847
1998.3333,366.21616,2.7111735,332.87381,1.4082627,0.031654738,270.75424,629.14032,304.80255,3.2179255,2.3820288,0.29034835,0.94296545,0.50910723,7.1707859e-08,703.24109,1913.8284
1998.4167,366.1409,2.7110806,332.81284,1.408601,0.031654812,270.76962,629.14307,304.80807,3.1927159,2.0425608,0.29118338,0.94321537,0.11914824,6.748602e-08,703.1051,1913.3524
1998.5,366.06564,2.7109811,332.75186,1.4089394,0.031654887,271.36514,630.37244,305.41409,3.1950343,1.8888091,0.29201129,0.94064909,0.031998198,5.2528325e-08,702.96906,1915.4965
1998.5833,365.98917,2.7108843,332.68991,1.4092832,0.031654965,272.00098,631.6861,306.05832,3.195482,1.863095,0.29283991,0.91211396,0.016425733,4.5012154e-08,702.83093,1917.9277
1998.6667,365.91391,2.7107892,332.62897,1.4096214,0.03165504,272.59723,632.91693,306.66382,3.1821756,1.8626909,0.29369596,0.88856512,0.025382079,4.1816079e-08,702.69495,1920.2115
1998.75,365.83862,2.7106962,332.56805,1.4099596,0.031655114,273.07443,633.89648,307.14694,3.2193222,1.8721086,0.29463023,0.8883568,0.16474755,4.0921851e-08,702.55902,1922.0631
1998.8333,365.76334,2.7106025,332.50714,1.4102976,0.031655192,273.30597,634.35535,307.37515,3.1650043,1.979405,0.29558706,0.89037788,1.0299317,4.1652278e-08,702.42303,1922.8995
1998.9167,365.68808,2.7105029,332.44626,1.4106357,0.031655267,273.41309,634.55145,307.47287,3.0020297,2.2180219,0.2965571,0.93789703,0.72200704,4.5854289e-08,702.28717,1923.2412
1999,365.61157,2.7104099,332.38437,1.4109792,0.031655341,273.43887,634.57654,307.48581,3.0110388,2.2362361,0.2975229,0.93959808,0.51907736,4.9462056e-08,702.14899,1923.1949
1999.0833,365.53882,2.7103202,332.3255,1.411306,0.031655416,273.44882,634.57013,307.48361,3.0328422,2.2681153,0.2984392,0.94284248,0.55827558,5.2687415e-08,702.01764,1923.1197
1999.1667,365.46609,2.7102311,332.26663,1.4116328,0.031655487,273.4567,634.55933,307.47998,3.05392,2.2990906,0.29935065,0.94387579,0.56389201,5.4788281e-08,701.88629,1923.0347
1999.25,365.3909,2.7101367,332.20578,1.4119705,0.031655561,273.46634,634.55139,307.47836,3.0753222,2.3302848,0.30029076,0.94682729,0.5675295,5.6215537e-08,701.75049,1922.9525
1999.3333,365.3157,2.710042,332.14496,1.4123082,0.031655639,273.48163,634.55554,307.48337,3.096041,2.3593199,0.30122665,0.95078713,0.56287932,5.6574279e-08,701.61469,1922.8918
1999.4167,365.24057,2.7099476,332.08414,1.4126458,0.031655714,273.56366,634.70074,307.55762,3.1274776,2.0087004,0.30215538,0.94966787,0.075495176,5.3993542e-08,701.479,1922.7394
1999.5,365.16541,2.7098424,332.02335,1.4129834,0.031655788,274.13412,635.87744,308.13678,3.1722929,1.874001,0.30306473,0.91436625,0.029070877,4.413987e-08,701.3432,1924.8411
1999.5833,365.08902,2.7097404,331.96155,1.4133265,0.031655863,274.67087,636.98297,308.6814,3.2191377,1.85727,0.30402654,0.88651514,0.12033814,4.0735859e-08,701.20532,1926.921
1999.6667,365.01382,2.7096438,331.90076,1.413664,0.031655937,275.16312,637.99683,309.18106,3.2712877,1.8731791,0.30505434,0.88611871,0.23349239,3.857134e-08,701.06958,1928.86
1999.75,364.93863,2.7095513,331.84,1.4140013,0.031656012,275.59048,638.88531,309.61826,3.2138479,2.0300398,0.30613738,0.88571477,0.92217207,4.7578627e-08,700.93384,1930.578
1999.8333,364.86343,2.709466,331.77924,1.4143387,0.031656086,275.74423,639.20007,309.77426,3.0502746,2.2438347,0.30722505,0.92866242,0.57792652,6.8001647e-08,700.79822,1931.1182
1999.9167,364.78842,2.7094171,331.71851,1.414676,0.031656161,275.82687,639.36475,309.85712,2.9851198,2.208956,0.30820984,0.91272169,0.89117479,9.2863296e-08,700.66266,1931.2137
2000,364.54993,2.7082405,331.6568,1.4150188,0.031656235,275.90109,639.51129,309.93088,2.8854702,2.1436672,0.27829793,4.9119205,4.3287234,6.9889012e-08,700.36169,1931.0124
2000.0833,364.18021,2.7061019,331.59805,1.4153448,0.03165631,276.01822,639.74805,310.04913,2.806098,2.0951431,0.27821377,4.5035677,4.178987,1.3844843e-08,699.9314,1930.9263
2000.1667,363.83328,2.7041051,331.53934,1.4156709,0.031656381,276.16406,640.0451,310.19702,2.7398684,2.0556464,0.27821347,4.1604233,3.8603432,8.7482075e-09,699.52405,1931.004
2000.25,363.50928,2.702261,331.47861,1.4160079,0.031656455,276.31915,640.3609,310.35425,2.6714187,2.015388,0.27821192,3.6759694,3.3555448,7.1192656e-09,699.13788,1931.1371
2000.3333,363.2269,2.700686,331.41791,1.4163449,0.03165653,276.48312,640.69495,310.52051,2.600143,1.9743266,0.2782113,3.2026513,2.849087,6.3679169e-09,698.79346,1931.3447
2000.4167,362.96857,2.6992466,331.35718,1.4166818,0.031656601,276.88614,641.53217,310.93375,2.6382625,1.6669697,0.27821136,3.2542028,2.0157967,4.9324584e-09,698.47339,1932.4089
2000.5,362.63809,2.6972172,331.29648,1.4170187,0.031656675,277.88852,643.63007,311.96561,2.7204108,1.579015,0.27821875,4.7580848,3.7833703,3.2730836e-09,698.08044,1936.1422
2000.5833,362.18365,2.6942403,331.2348,1.4173609,0.03165675,278.89355,645.73431,312.99762,2.7872341,1.5867634,0.27821425,5.849164,5.0363364,2.7046319e-09,697.56171,1939.8395
2000.6667,361.67169,2.6907527,331.1741,1.4176977,0.031656824,279.79053,647.61292,313.91772,2.8434615,1.5970924,0.278211,6.4087353,5.7923203,2.3813849e-09,696.98596,1943.0259
2000.75,361.14218,2.6870146,331.11337,1.4180343,0.031656899,280.36053,648.80286,314.50037,2.8620455,1.6363426,0.27820846,6.2177525,6.2403145,2.6211533e-09,696.39227,1944.8327
2000.8333,360.65756,2.6835392,331.05267,1.418371,0.031656973,280.59998,649.29608,314.74167,2.6716657,1.9066064,0.27820736,5.5247278,5.203639,2.9535419e-09,695.84387,1945.338
2000.9167,360.22855,2.6804421,330.99194,1.4187075,0.031657044,280.82336,649.75525,314.96692,2.6875556,1.936433,0.2782087,4.8990679,4.8270407,3.1179133e-09,695.35132,1945.799
2001,359.98956,2.6789274,330.93024,1.4190495,0.031657118,280.91025,649.91791,315.04794,2.6843612,1.9463092,0.27971515,1.0390041,0.66138864,3.2399248e-09,695.0495,1945.8359
2001.0833,359.9176,2.6788175,330.87152,1.4193748,0.031657189,280.86435,649.79364,314.98898,2.7026427,1.9756248,0.28256556,0.91856384,0.55446655,3.3614707e-09,694.91895,1945.5268
2001.1667,359.84567,2.6787059,330.81284,1.4197001,0.03165726,280.82129,649.67548,314.93307,2.7197564,2.0036099,0.28541631,0.92116994,0.54437304,3.4605547e-09,694.78857,1945.2272
2001.25,359.7713,2.6785884,330.75214,1.4200364,0.031657334,280.77783,649.55542,314.87714,2.7264559,2.0231783,0.28836361,0.92733794,0.53163439,3.5862409e-09,694.65375,1944.9023
2001.3333,359.69696,2.678472,330.69147,1.4203727,0.031657409,280.73953,649.44617,314.82733,2.7349944,2.0462108,0.29130685,0.93131852,0.51751208,3.6559005e-09,694.51892,1944.6044
2001.4167,359.62265,2.6783545,330.63083,1.4207089,0.03165748,280.70908,649.35333,314.7858,2.754102,1.8779988,0.29424596,0.93261528,0.27363852,3.6670535e-09,694.38422,1944.1588
2001.5,359.54831,2.6782353,330.57019,1.4210449,0.031657554,281.00525,649.94952,315.08203,2.7783263,1.7027013,0.29718146,0.93276185,0.053713698,2.8167781e-09,694.24945,1945.0646
2001.5833,359.47278,2.6780992,330.50858,1.4213866,0.031657629,281.60263,651.17908,315.68735,2.7893975,1.665974,0.30017698,0.93521959,0.049070265,2.2731477e-09,694.11249,1947.3371
2001.6667,359.39835,2.6779778,330.44797,1.4217225,0.031657699,282.12338,652.2478,316.21225,2.8269615,1.6755868,0.30327612,0.92785496,0.21442859,2.1149154e-09,693.97772,1949.3671
2001.75,359.32379,2.6778605,330.38736,1.4220585,0.031657774,282.3627,652.72394,316.4469,2.7897158,1.7989542,0.30655393,0.9287473,0.84418541,2.2948077e-09,693.84277,1950.2716
2001.8333,359.24927,2.6777704,330.32675,1.4223944,0.031657845,282.2446,652.44727,316.314,2.6313739,1.9829576,0.30984634,0.90489209,0.53076553,3.6415635e-09,693.70789,1949.6379
2001.9167,359.17499,2.6777356,330.2662,1.4227301,0.031657919,282.07504,652.06854,316.13177,2.5736418,1.9506128,0.31289116,0.94244027,0.6424877,5.081056e-09,693.5733,1948.6858
2002,359.10071,2.6781909,330.20465,1.4230714,0.031657994,281.91238,651.7066,315.9577,2.521244,1.9193515,0.28502572,1.100877,0.57422829,3.6428165e-09,693.43829,1947.7405
2002.0833,359.02802,2.677515,330.14609,1.4233961,0.031658061,281.78857,651.41907,315.82004,2.4780321,1.8957387,0.28533968,0.91102409,0.49065852,3.277367e-09,693.3067,1946.9936
2002.1667,358.95639,2.6774142,330.08752,1.4237207,0.031658132,281.67902,651.1615,315.69705,2.4334447,1.8712522,0.28567475,0.91341162,0.4768981,3.2145562e-09,693.1767,1946.3047
2002.25,358.88242,2.677331,330.02701,1.4240562,0.031658206,281.57031,650.91144,315.57791,2.3905084,1.8488978,0.28606522,0.99199682,0.52072912,3.2130354e-09,693.04254,1945.6278
2002.3333,358.80838,2.6772313,329.96649,1.4243917,0.031658277,281.45834,650.68286,315.46973,2.3490086,1.7744207,0.2864399,1.048388,0.47755021,3.2012302e-09,692.9082,1944.929
2002.4167,358.73422,2.6770544,329.90601,1.4247272,0.031658348,281.7699,651.32214,315.78766,2.3751047,1.4697099,0.28675118,0.92379379,0.034273602,2.2174949e-09,692.77368,1945.7849
2002.5,358.66003,2.6768646,329.84552,1.4250625,0.031658422,282.28271,652.36511,316.30518,2.4137058,1.4348179,0.28717345,0.95251662,0.052757453,1.6879386e-09,692.63916,1947.7279
2002.5833,358.58469,2.6766996,329.78406,1.4254034,0.031658493,282.90347,653.63629,316.9332,2.4741404,1.4465504,0.28760672,0.96778768,0.074265867,1.496211e-09,692.5025,1950.1839
2002.6667,358.51062,2.6765699,329.7236,1.4257386,0.031658567,283.41617,654.68384,317.44955,2.5211766,1.4655563,0.28803465,0.96472073,0.21515365,1.3577198e-09,692.36816,1952.1925
2002.75,358.43658,2.6764553,329.66315,1.4260738,0.031658638,283.78073,655.42023,317.81363,2.4844995,1.5798424,0.28846475,0.96640807,0.58148426,1.3421412e-09,692.23395,1953.6013
2002.8333,358.36258,2.6763418,329.60272,1.4264089,0.031658709,283.86929,655.57654,317.89334,2.3884249,1.7897505,0.28889251,0.9603439,0.43496302,1.7184577e-09,692.09967,1953.9058
2002.9167,358.2886,2.6762271,329.5423,1.426744,0.03165878,283.80884,655.42059,317.82114,2.4240644,1.8290621,0.2893171,0.94813818,0.52574515,2.0612503e-09,691.96558,1953.5586
2003,358.21341,2.6761105,329.4809,1.4270844,0.031658854,283.75067,655.26935,317.75137,2.4542036,1.860168,0.29100698,0.92361838,0.42859235,2.3970901e-09,691.82916,1953.206
2003.0833,358.14188,2.6759975,329.42249,1.4274085,0.031658921,283.70013,655.13562,317.68988,2.4858899,1.8959509,0.29379743,0.9242233,0.45911333,2.5807698e-09,691.69946,1952.9007
2003.1667,358.07037,2.6758897,329.36407,1.4277323,0.031658992,283.64993,655.00256,317.62866,2.5146306,1.9295764,0.29657096,0.91997558,0.46093768,2.6695424e-09,691.56976,1952.5916
2003.25,357.99649,2.6757858,329.30371,1.4280672,0.031659063,283.59384,654.8562,317.56097,2.4969585,1.9265587,0.29942426,0.9155159,0.45062342,2.7391354e-09,691.43567,1952.1696
2003.3333,357.92261,2.6756635,329.24338,1.4284019,0.031659134,283.57462,654.78735,317.53134,2.508709,1.9070867,0.30227685,0.91886288,0.39249602,2.6665234e-09,691.30176,1951.9131
2003.4167,357.84866,2.6755178,329.18301,1.4287366,0.031659205,284.04474,655.74554,318.00638,2.5568721,1.52186,0.30514562,0.9323172,0.041907322,1.7501773e-09,691.16754,1953.348
2003.5,357.77475,2.6753778,329.12271,1.4290713,0.031659279,284.64474,656.97321,318.61288,2.623209,1.5088921,0.30802363,0.95133859,0.053970862,1.3668713e-09,691.03363,1955.7045
2003.5833,357.69965,2.675247,329.0614,1.4294113,0.03165935,285.23862,658.19,319.21194,2.6940284,1.5147332,0.31096044,0.94739962,0.080357425,1.1792065e-09,690.89734,1958.0576
2003.6667,357.62576,2.6751227,329.0011,1.4297458,0.031659421,285.66162,659.04773,319.63464,2.7605779,1.51889,0.31390285,0.94618052,0.2070044,1.0727595e-09,690.76343,1959.7008
2003.75,357.55176,2.674998,328.9408,1.4300803,0.031659491,285.89636,659.51007,319.86331,2.7881289,1.5812647,0.31697541,0.93972808,0.54133052,1.0916372e-09,690.62927,1960.5854
2003.8333,357.47775,2.6748755,328.88052,1.4304147,0.031659562,286.05896,659.82355,320.01871,2.6374087,1.8642539,0.32008737,0.93032408,0.36096978,1.4027105e-09,690.49524,1961.2182
2003.9167,357.40375,2.6747522,328.82025,1.4307491,0.031659633,285.9957,659.66272,319.94284,2.6735015,1.9081132,0.3232021,0.93119365,0.54992872,1.6916433e-09,690.36115,1960.8672
2004,357.32895,2.6748385,328.75903,1.4310888,0.031659704,285.90961,659.45343,319.84445,2.7043335,1.9457887,0.29564276,1.1383823,0.50999165,1.8080852e-09,690.22559,1960.3789
2004.0833,357.25705,2.6745198,328.70074,1.431412,0.031659774,285.82523,659.24902,319.74826,2.7371941,1.989858,0.29623553,0.94205791,0.43790376,1.9808259e-09,690.0954,1959.9413
2004.1667,357.18555,2.6744041,328.64252,1.4317352,0.031659842,285.74564,659.05481,319.65698,2.7642257,2.0304344,0.29684851,0.94226164,0.44270721,2.136771e-09,689.96588,1959.5148
2004.25,357.11163,2.6742904,328.58231,1.4320693,0.031659912,285.66833,658.86444,319.56769,2.7827353,2.0661747,0.29747671,0.94213885,0.45840579,2.2370763e-09,689.83197,1959.0788
2004.3333,357.03775,2.6741724,328.52209,1.4324033,0.031659983,285.60193,658.69684,319.48969,2.7865109,2.0626745,0.29810184,0.94340324,0.44879299,2.242202e-09,689.69806,1958.6339
2004.4167,356.96384,2.6740384,328.46191,1.4327374,0.031660054,285.92545,659.34851,319.81396,2.8121023,1.6737937,0.29872784,0.94544029,0.047151282,1.5841365e-09,689.56421,1959.4367
2004.5,356.88992,2.6738927,328.40173,1.4330713,0.031660125,286.62915,660.7981,320.52798,2.8665018,1.6610441,0.29933533,0.91054302,0.020387078,1.219175e-09,689.4303,1962.2124
2004.5833,356.81485,2.6737607,328.34058,1.4334105,0.031660195,287.25043,662.07544,321.15778,2.8767822,1.672055,0.29997069,0.87486511,0.008319078,1.0517698e-09,689.29431,1964.6268
2004.6667,356.74088,2.6736367,328.28043,1.4337443,0.031660266,287.82574,663.25726,321.74109,2.9122424,1.6908933,0.30073494,0.87444985,0.1213384,9.6993524e-10,689.16034,1966.8882
2004.75,356.66687,2.6735153,328.22031,1.434078,0.031660337,288.0881,663.78204,322.00165,2.9672503,1.7155628,0.30160484,0.87421346,0.31303445,9.4858188e-10,689.02643,1967.8826
2004.8333,356.59283,2.6733892,328.16019,1.4344116,0.031660404,288.25095,664.09717,322.15927,2.7915843,1.9994473,0.30248195,0.87408769,0.79762858,1.0035982e-09,688.89246,1968.4934
2004.9167,356.5188,2.6732645,328.10007,1.4347453,0.031660475,288.28333,664.13812,322.18231,2.7971318,2.0502334,0.30335557,0.87368506,0.73759782,1.0724881e-09,688.75854,1968.513
2005,356.4436,2.6731417,328.03897,1.4350843,0.031660546,288.30023,664.1463,322.18924,2.8007624,2.066747,0.30423999,0.87349963,0.4086853,1.1482111e-09,688.6225,1968.4301
2005.0833,356.37207,2.6730273,327.98087,1.4354068,0.031660613,288.30292,664.12622,322.1821,2.8211508,2.1016655,0.30508363,0.88505423,0.53477168,1.2530145e-09,688.4931,1968.3321
2005.1667,356.30057,2.67291,327.92276,1.4357293,0.03166068,288.29736,664.09015,322.16556,2.8318083,2.1271882,0.30594289,0.95543891,0.63519365,1.3035896e-09,688.36365,1968.1817
2005.25,356.22662,2.672787,327.8627,1.4360627,0.031660751,288.29141,664.05298,322.14856,2.8400221,2.1508965,0.30680943,0.96783561,0.63135999,1.3362199e-09,688.2298,1968.0204
2005.3333,356.15271,2.6726623,327.80267,1.436396,0.031660821,288.28668,664.01874,322.13474,2.8483882,2.0914729,0.30767164,0.98029768,0.51154554,1.3568503e-09,688.09613,1967.7839
2005.4167,356.07883,2.6725368,327.74261,1.4367292,0.031660888,288.51819,664.48132,322.36508,2.8866622,1.7347883,0.30851951,0.97322011,0.081905872,1.1569273e-09,687.9624,1968.257
2005.5,356.00491,2.6723888,327.68262,1.4370624,0.031660959,289.09003,665.65912,322.94507,2.9525802,1.6972021,0.30934042,0.88939601,0.075465739,9.83154e-10,687.82867,1970.4821
2005.5833,355.92975,2.6722515,327.62161,1.4374009,0.03166103,289.64236,666.79633,323.50574,3.0123184,1.6750565,0.31027329,0.872495,0.15281355,9.2470259e-10,687.69269,1972.6349
2005.6667,355.85577,2.6721261,327.56161,1.437734,0.031661101,290.08096,667.69727,323.95023,3.0707004,1.6725899,0.31128651,0.87213814,0.17018363,8.6401153e-10,687.5589,1974.3419
2005.75,355.78174,2.6720018,327.50165,1.438067,0.031661168,290.51614,668.60217,324.39578,3.1056762,1.7179943,0.31235999,0.87191105,0.62755162,1.2129772e-09,687.42511,1976.0752
2005.8333,355.70776,2.6718831,327.44168,1.4383999,0.031661239,290.74384,669.07269,324.62796,2.9107502,2.0292318,0.31342179,0.90259826,0.59320492,1.7297282e-09,687.29138,1976.9892
2005.9167,355.63382,2.6717556,327.38171,1.4387327,0.031661306,290.84998,669.2879,324.73572,2.9098186,2.0516734,0.31444669,0.94354248,1.0427725,2.1008308e-09,687.15765,1977.3072
2006,355.34515,2.6696587,327.32077,1.4390711,0.031661376,290.98199,669.55719,324.87051,2.8980057,2.0560088,0.27832976,6.320816,5.8910737,2.2364632e-09,686.80634,1977.4484
2006.0833,354.86685,2.6657147,327.26279,1.4393929,0.031661443,291.10458,669.80646,324.99539,2.9029958,2.0797052,0.27821028,5.7006531,5.3809009,2.3765476e-09,686.26642,1977.4338
2006.1667,354.43634,2.6621115,327.2048,1.4397147,0.03166151,291.23795,670.078,325.1312,2.9051449,2.0989716,0.2782093,5.1442633,4.8191304,2.4251683e-09,685.7746,1977.504
2006.25,354.03632,2.6587393,327.14484,1.4400473,0.031661581,291.37766,670.36212,325.27319,2.9107361,2.1222775,0.27820772,4.6074052,4.2645059,2.4853637e-09,685.31165,1977.6358
2006.3333,353.68042,2.6557341,327.08487,1.4403799,0.031661648,291.52451,670.66101,325.42242,2.9060898,2.1159432,0.27820694,4.0851665,3.6044328,2.516874e-09,684.89307,1977.8012
2006.4167,353.34552,2.6528752,327.02493,1.4407123,0.031661715,291.97867,671.60522,325.8887,2.9552166,1.7951044,0.27820647,4.3562489,2.8959923,2.0213364e-09,684.49573,1978.9968
2006.5,352.91354,2.6488948,326.96494,1.4410448,0.031661786,292.84964,673.4245,326.78314,2.9449289,1.793988,0.27819437,6.0599999,5.1129994,1.5692609e-09,684.00006,1982.0745
2006.5833,352.3342,2.6431737,326.90399,1.4413826,0.031661857,293.77383,675.35437,327.73175,2.942368,1.7797621,0.27817312,7.4279943,6.6892939,1.3296398e-09,683.35443,1985.2147
2006.6667,351.67303,2.6362569,326.84399,1.441715,0.031661924,294.49722,676.86316,328.4744,2.9879665,1.7694967,0.27817163,8.138814,7.632957,1.1913366e-09,682.62671,1987.4971
2006.75,351.01959,2.6291118,326.78397,1.4420472,0.031661991,295.06918,678.0545,329.06094,3.0139678,1.7758827,0.27817041,7.3953648,7.0595703,1.0977901e-09,681.90643,1989.1591
2006.8333,350.44348,2.6226089,326.72394,1.4423795,0.031662062,295.45648,678.8576,329.45691,2.8567441,1.9941425,0.27816904,6.5047736,6.7669654,1.1553954e-09,681.2641,1990.1642
2006.9167,349.93658,2.6167512,326.66385,1.4427116,0.031662129,295.69876,679.35632,329.70316,2.7982955,2.0910122,0.27817786,5.6020002,5.5319695,1.21472e-09,680.69153,1990.6172
2007,349.67398,2.6140504,326.60281,1.4430491,0.0316622,295.776,679.50055,329.77414,2.796515,2.1079686,0.27878147,1.0790325,0.64658535,1.3172603e-09,680.3656,1990.5995
2007.0833,349.60257,2.6138744,326.54471,1.4433702,0.031662263,295.71017,679.33771,329.69455,2.8099871,2.1345437,0.27988726,0.94944727,0.62803882,1.3753475e-09,680.23615,1990.2029
2007.1667,349.53122,2.6136963,326.48663,1.4436913,0.03166233,295.63153,679.14801,329.60312,2.8177865,2.1584811,0.28098559,0.95762551,0.61132485,1.4823468e-09,680.10693,1989.7469
2007.25,349.45746,2.6135137,326.42661,1.4440233,0.031662397,295.54489,678.94043,329.50513,2.8268175,2.1821237,0.28208944,0.94860053,0.58216798,1.5704286e-09,679.97327,1989.2548
2007.3333,349.38373,2.6133282,326.36658,1.444355,0.031662464,295.4725,678.76276,329.42181,2.838557,2.1915967,0.28317505,0.95053548,0.54733527,1.5847669e-09,679.83966,1988.8099
2007.4167,349.31003,2.6131413,326.30655,1.4446868,0.031662535,295.64526,679.09973,329.59131,2.8666821,1.7787898,0.284251,0.95402485,0.066192381,1.3514545e-09,679.70612,1988.9722
2007.5,349.2363,2.6129379,326.24655,1.4450185,0.031662602,296.19254,680.22266,330.14563,2.9026179,1.7346367,0.28533047,0.9702282,0.060247805,1.1400183e-09,679.57251,1991.0559
2007.5833,349.16135,2.6127408,326.18558,1.4453557,0.031662669,296.71887,681.3053,330.67651,2.9556899,1.7410293,0.28648323,0.95954013,0.095230587,1.231249e-09,679.43671,1993.1207
2007.6667,349.08755,2.6125517,326.12561,1.4456872,0.031662736,297.37656,682.67566,331.34637,3.0107586,1.7544068,0.28772596,0.95267951,0.30575618,2.9029494e-09,679.30304,1995.7546
2007.75,349.01376,2.6123633,326.06564,1.4460187,0.031662807,297.81818,683.59265,331.7948,3.0453796,1.7872863,0.28896999,0.95453155,0.8503015,6.6708954e-09,679.16949,1997.4966
2007.8333,348.94006,2.612185,326.00571,1.4463502,0.031662874,297.98984,683.94189,331.96588,2.8243291,2.0800908,0.2901307,0.94406134,0.52477986,9.2150456e-09,679.03601,1998.1283
2007.9167,348.86642,2.6119964,325.94577,1.4466816,0.031662941,298.16129,684.29041,332.13718,2.849952,2.1014731,0.29126367,0.94702357,0.58281332,1.0014491e-08,678.90253,1998.7341
2008,348.71817,2.610786,325.88486,1.4470184,0.031663008,298.29724,684.5636,332.27362,2.889502,2.1348026,0.27821296,2.8534744,2.110363,1.0716048e-08,678.6925,1999.1295
2008.0833,348.49142,2.6084278,325.82687,1.4473388,0.031663075,298.42938,684.82959,332.40689,2.9322891,2.1802547,0.27818981,2.8788469,2.2497463,1.1130357e-08,678.40576,1999.4624
2008.1667,348.26297,2.6060078,325.76892,1.4476591,0.031663138,298.56561,685.10382,332.54434,2.9735227,2.2272334,0.27818868,2.9091244,2.1569955,1.1429514e-08,678.11725,1999.81
2008.25,348.02219,2.6034019,325.70901,1.4479904,0.031663205,298.7113,685.39728,332.69125,3.0265131,2.2883563,0.27818742,2.9607038,2.0653331,1.1689151e-08,677.81427,2000.2071
2008.3333,347.78387,2.6007931,325.64908,1.4483215,0.031663273,298.86606,685.70953,332.8475,3.0598774,2.2449422,0.27818608,2.8542714,2.0022802,1.1733992e-08,677.51373,2000.5198
2008.4167,347.5506,2.5982206,325.58917,1.4486525,0.03166334,299.29358,686.59351,333.28467,3.1429131,1.9573997,0.27818498,2.8979321,1.2262655,1.0150913e-08,677.21832,2001.7686
2008.5,347.30267,2.5953767,325.52924,1.4489836,0.031663407,300.09698,688.26569,334.10806,3.245472,1.9851371,0.27818629,3.1539176,1.7228124,8.4224805e-09,676.9079,2004.8875
2008.5833,347.03088,2.5921295,325.46832,1.4493198,0.031663474,300.81635,689.76172,334.84244,3.3349187,2.0474443,0.27818123,3.3789396,2.0304706,7.6894384e-09,676.57233,2007.6535
2008.6667,346.74081,2.5885196,325.40842,1.4496508,0.031663541,301.38962,690.95245,335.42587,3.4002512,2.1156273,0.27817523,3.669317,2.3662894,1.0814253e-08,676.21912,2009.7811
2008.75,346.43436,2.5845716,325.34848,1.4499816,0.031663608,301.70667,691.60516,335.74573,3.3405302,2.3222516,0.27817535,3.7250688,3.564678,1.8197468e-08,675.84906,2010.8477
2008.8333,346.1337,2.5806382,325.28854,1.4503123,0.031663675,301.8186,691.82733,335.85599,3.2427669,2.4966235,0.27817246,3.5513542,3.1214459,2.2884228e-08,675.48486,2011.0044
2008.9167,345.85532,2.5769944,325.22858,1.4506429,0.031663742,301.90594,691.99829,335.94247,3.2389326,2.5058434,0.27816808,3.1981289,2.8900342,2.7253391e-08,675.14319,2011.0128
2009,345.61145,2.5738955,325.16766,1.450979,0.031663809,302.01605,692.21643,336.05222,3.2459123,2.5262415,0.27816689,2.6423743,1.9979488,2.918401e-08,674.83569,2011.1707
2009.0833,345.41785,2.5715539,325.10968,1.4512987,0.031663876,302.12646,692.43549,336.16245,3.2543595,2.5465729,0.27816632,2.2974308,1.8676152,3.0936093e-08,674.58209,2011.3855
2009.1667,345.24182,2.5694811,325.0517,1.4516183,0.031663939,302.24948,692.68073,336.28549,3.2539873,2.554641,0.27816612,2.184895,1.748358,3.1831274e-08,674.34631,2011.6488
2009.25,345.06427,2.5673995,324.99173,1.4519488,0.031664006,302.37817,692.93732,336.41425,3.2808547,2.5855544,0.27816436,2.1532478,1.7102987,3.2528451e-08,674.10706,2011.9814
2009.3333,344.88882,2.5653234,324.93179,1.4522792,0.03166407,302.54388,693.27142,336.58112,3.3111451,2.5221994,0.27816376,2.1458051,1.3434535,3.2681928e-08,673.86993,2012.3779
2009.4167,344.70966,2.5631568,324.87186,1.4526095,0.031664137,303.04562,694.30835,337.09375,3.3902278,2.1793308,0.27816448,2.2329042,0.92308629,2.56788e-08,673.62897,2013.9244
2009.5,344.52496,2.5608516,324.81192,1.4529397,0.031664204,303.69922,695.66107,337.76089,3.4518533,2.1503794,0.2781685,2.2864373,1.3945193,2.2355602e-08,673.38232,2016.3839
2009.5833,344.336,2.5584486,324.75101,1.4532753,0.031664271,304.41736,697.15033,338.49329,3.5079699,2.1443026,0.27816832,2.2663298,1.3551145,1.9944011e-08,673.13037,2019.1218
2009.6667,344.15445,2.556159,324.69107,1.4536055,0.031664338,304.99756,698.3515,339.08408,3.5677052,2.1644146,0.27816534,2.2335763,1.2838193,1.8554198e-08,672.88696,2021.3304
2009.75,343.97162,2.5538216,324.63113,1.4539355,0.031664401,305.4249,699.23303,339.51785,3.552259,2.2844903,0.27816167,2.2564859,2.0113871,1.8468187e-08,672.64221,2022.9329
2009.8333,343.78604,2.5514097,324.5712,1.4542656,0.031664468,305.5994,699.58484,339.69165,3.4089799,2.5120652,0.2781598,2.2947116,1.6094264,2.1984853e-08,672.39465,2023.4697
2009.9167,343.59457,2.5488353,324.51126,1.4545956,0.031664535,305.72052,699.8244,339.81183,3.4551291,2.5488396,0.27815899,2.3851597,1.7126781,2.3324903e-08,672.14093,2023.7797
2010,343.45724,2.547332,324.45035,1.4549308,0.031664602,305.69128,699.74127,339.77441,3.4934468,2.5775576,0.27867723,0.95680255,0.38408101,2.4791827e-08,671.94159,2023.4984
2010.0833,343.38654,2.5470839,324.3924,1.4552498,0.031664666,305.51587,699.34595,339.58392,3.52197,2.6081922,0.27966234,0.9076876,0.40653959,2.6797434e-08,671.81299,2022.6686
2010.1667,343.31583,2.5468335,324.33444,1.4555688,0.031664729,305.3533,698.9776,339.40668,3.541976,2.632463,0.28062052,0.90817249,0.40882587,2.8040692e-08,671.68439,2021.8769
2010.25,343.2428,2.5465674,324.27457,1.4558985,0.031664792,305.19238,698.61206,339.23099,3.5570321,2.6568868,0.28156033,0.90996814,0.39756182,2.9381765e-08,671.55151,2021.0824
2010.3333,343.1698,2.5462978,324.21469,1.4562281,0.03166486,305.08496,698.35822,339.11029,3.572973,2.6469829,0.28245583,0.91286689,0.34986079,2.8847264e-08,671.4187,2020.4746
2010.4167,343.09683,2.5460255,324.15482,1.4565578,0.031664927,305.31735,698.81403,339.33862,3.5834546,2.2377026,0.2833378,0.90816969,0.024144759,2.303844e-08,671.28589,2020.8604
2010.5,343.0239,2.5457568,324.09494,1.4568872,0.03166499,305.6651,699.51105,339.68414,3.591145,2.1601946,0.2842024,0.87335533,0.0092397863,2.0586004e-08,671.15314,2022.049
2010.5833,342.94977,2.5454841,324.03412,1.4572221,0.031665057,306.10239,700.39716,340.12317,3.5714781,2.1340673,0.28509426,0.8607595,0.021691363,1.8591495e-08,671.01825,2023.6315
2010.6667,342.87686,2.5452197,323.97427,1.4575515,0.03166512,306.47949,701.15717,340.50031,3.5624719,2.1213212,0.28601271,0.86042035,0.024207847,1.7327144e-08,670.88562,2024.9924
2010.75,342.80386,2.5449581,323.91446,1.4578809,0.031665187,306.64471,701.47443,340.65961,3.5242813,2.2422276,0.2870073,0.86012727,0.28232184,1.7643952e-08,670.75287,2025.5853
2010.8333,342.7309,2.5446959,323.85464,1.4582101,0.031665251,306.59183,701.33624,340.59473,3.4203594,2.4754748,0.28801632,0.85976237,0.21535452,1.9513744e-08,670.62012,2025.3268
2010.9167,342.65796,2.544435,323.79486,1.4585394,0.031665318,306.50433,701.12604,340.49429,3.4556987,2.52408,0.28902131,0.85954946,0.38686591,2.1849116e-08,670.48749,2024.8809
2011,342.5838,2.544167,323.73407,1.458874,0.031665385,306.38165,700.84198,340.35709,3.4744318,2.5572152,0.29005572,0.900877,0.39060709,2.2689839e-08,670.3526,2024.2551
2011.0833,342.51331,2.5439136,323.67627,1.4591923,0.031665444,306.26459,700.57092,340.22568,3.4950032,2.5961714,0.29102013,0.90481412,0.5119338,2.3555673e-08,670.22437,2023.6677
2011.1667,342.44278,2.5436587,323.61847,1.4595104,0.031665508,306.15549,700.31665,340.10284,3.5081997,2.6278031,0.29198056,0.91259629,0.54693925,2.4015673e-08,670.09613,2023.0991
2011.25,342.36993,2.5433953,323.55872,1.4598395,0.031665575,306.04407,700.05676,339.97812,3.5220902,2.6600711,0.29296696,0.92169756,0.53391337,2.458542e-08,669.96356,2022.5176
2011.3333,342.29706,2.5431314,323.49896,1.4601684,0.031665638,305.94525,699.82312,339.86673,3.4965646,2.6129963,0.29394367,0.92735809,0.4626382,2.4880517e-08,669.83093,2021.8696
2011.4167,342.22424,2.542865,323.43924,1.4604973,0.031665701,306.11996,700.15955,340.03613,3.494149,2.242084,0.29490599,0.91905862,0.035588469,2.1378048e-08,669.69855,2022.0453
2011.5,342.15143,2.5425894,323.37955,1.460826,0.031665768,306.69543,701.32996,340.61551,3.5210342,2.1554558,0.2958445,0.86365896,0.019785922,1.759893e-08,669.5661,2024.1794
2011.5833,342.07742,2.5423136,323.31885,1.4611602,0.031665832,307.18689,702.32422,341.10876,3.5456975,2.1360707,0.29682624,0.85842139,0.10523199,1.5702748e-08,669.43146,2026.0299
2011.6667,342.00458,2.5420451,323.25916,1.4614888,0.031665899,307.48083,702.9057,341.3989,3.5782473,2.1429408,0.29784143,0.8581425,0.12952435,1.4884735e-08,669.29895,2027.1034
2011.75,341.93173,2.5417786,323.19949,1.4618175,0.031665962,307.60672,703.1377,341.51682,3.6172743,2.1889527,0.29890954,0.85792196,0.50795901,1.4931681e-08,669.16644,2027.5329
2011.8333,341.85889,2.5415142,323.13983,1.462146,0.031666026,307.59985,703.09564,341.49924,3.4195759,2.5322073,0.29999077,0.86572433,0.54800636,1.779304e-08,669.03406,2027.4805
2011.9167,341.78607,2.5412462,323.08017,1.4624746,0.031666089,307.45618,702.77002,341.3425,3.3932962,2.5384877,0.3010754,0.91871202,1.3648314,2.231444e-08,668.90161,2026.7032
2012,341.71213,2.5409763,323.01953,1.4628084,0.031666156,307.33395,702.4892,341.20837,3.3369329,2.5065989,0.30213273,0.91958249,0.63409799,2.3777117e-08,668.76715,2025.9442
2012.0833,341.64178,2.5407248,322.96185,1.4631259,0.031666219,307.2135,702.21338,341.07648,3.3337059,2.5269446,0.30311278,0.9181596,0.68557274,2.5545026e-08,668.63916,2025.3063
2012.1667,341.57147,2.5404694,322.90421,1.4634435,0.031666279,307.10141,701.9549,340.95312,3.3349116,2.5480711,0.30405203,0.91944015,0.68709958,2.674717e-08,668.51123,2024.7077
2012.25,341.49884,2.5402055,322.8446,1.4637718,0.031666342,306.98981,701.69653,340.82996,3.340739,2.5709131,0.30498001,0.92072958,0.61476088,2.7923045e-08,668.37909,2024.1121
2012.3333,341.42627,2.5399404,322.785,1.4641,0.031666409,306.88986,701.4624,340.71875,3.3480163,2.594929,0.3058742,0.92341161,0.62503636,2.8412348e-08,668.24701,2023.5669
2012.4167,341.3537,2.5396712,322.72543,1.4644281,0.031666473,307.01889,701.70477,340.84244,3.3712122,2.1998591,0.30675772,0.92433012,0.074997447,2.4437629e-08,668.11487,2023.5587
2012.5,341.28113,2.5393882,322.66586,1.4647561,0.031666536,307.62314,702.93549,341.45255,3.4213419,2.1045384,0.30761862,0.88086015,0.035096418,1.9504537e-08,667.98285,2025.8274
2012.5833,341.20743,2.5391109,322.60532,1.4650896,0.031666599,308.2338,704.17847,342.06824,3.4667025,2.0880046,0.30850145,0.85615861,0.12554844,1.7232122e-08,667.84863,2028.1923
2012.6667,341.13492,2.5388427,322.54578,1.4654175,0.031666663,308.73273,705.19037,342.56989,3.5125825,2.0953703,0.30938542,0.85598862,0.13249674,1.5708112e-08,667.71661,2030.1268
2012.75,341.06238,2.5385735,322.48624,1.4657454,0.031666726,309.01202,705.74536,342.84634,3.5121279,2.1869583,0.31029737,0.85576892,0.55749702,1.6437145e-08,667.58459,2031.1977
2012.8333,340.9899,2.538312,322.4267,1.4660733,0.031666789,308.93851,705.56616,342.76102,3.3467484,2.4415445,0.31122917,0.88582063,0.66737694,2.1762531e-08,667.45264,2030.8178
2012.9167,340.91742,2.5380509,322.36719,1.466401,0.031666853,308.77206,705.19531,342.582,3.2874842,2.4164557,0.31214008,0.91957748,1.6076238,2.8577356e-08,667.32074,2029.8862
2013,340.84387,2.5377762,322.30673,1.4667341,0.03166692,308.63803,704.89185,342.4364,3.1794236,2.3371246,0.31294695,0.92855847,0.68983144,3.1693517e-08,667.18677,2028.9826
2013.0833,340.77399,2.5375235,322.24918,1.467051,0.031666979,308.52567,704.63452,342.31351,3.1822674,2.3589025,0.3136363,0.92817301,0.72161359,3.2883214e-08,667.05939,2028.3878
2013.1667,340.70416,2.5372729,322.19168,1.4673679,0.031667043,308.41299,704.37634,342.19012,3.1515021,2.3512464,0.31425756,0.92733741,0.70543975,3.1933272e-08,666.93213,2027.7286
2013.25,340.63205,2.5370157,322.1322,1.4676954,0.031667106,308.29941,704.11542,342.06552,3.1404886,2.3595052,0.31483376,0.92622656,0.6889776,2.6515771e-08,666.80066,2027.0958
2013.3333,340.56,2.5367532,322.07275,1.4680228,0.031667169,308.19308,703.86932,341.94824,3.1416953,2.3764746,0.31537151,0.92947251,0.65292794,1.9728514e-08,666.66919,2026.5134
2013.4167,340.48792,2.5364799,322.01331,1.4683503,0.031667233,308.39584,704.26575,342.14777,3.1725547,1.9782141,0.31591359,0.9344812,0.052550543,1.4078505e-08,666.53772,2026.8137
2013.5,340.41583,2.5361986,321.95389,1.4686776,0.031667292,309.04568,705.59094,342.80396,3.226573,1.9001528,0.31643268,0.86833864,0.02399821,1.0739864e-08,666.40625,2029.29
2013.5833,340.34262,2.5359223,321.89349,1.4690102,0.031667359,309.73984,707.00732,343.50519,3.2749827,1.872748,0.31698298,0.85398012,0.082322806,9.0765377e-09,666.27271,2031.9899
2013.6667,340.27054,2.5356555,321.83411,1.4693375,0.031667423,310.27377,708.09216,344.04282,3.3245728,1.8678484,0.31758127,0.85371923,0.094594844,8.3956477e-09,666.1413,2034.0601
2013.75,340.19843,2.5353892,321.77472,1.4696647,0.031667482,310.55087,708.6427,344.31699,3.3709395,1.8928566,0.31827915,0.85350037,0.17098992,8.2985343e-09,666.00989,2035.1026
2013.8333,340.12628,2.5351212,321.71533,1.4699918,0.031667545,310.66852,708.86145,344.4277,3.311053,2.0473552,0.31899139,0.85324073,0.71306789,9.4073718e-09,665.87836,2035.5133
2013.9167,340.05417,2.5348551,321.65594,1.4703188,0.031667609,310.57568,708.64221,344.32254,3.1886795,2.2274604,0.31970167,0.85292202,1.5053691,1.1322878e-08,665.74701,2035.0232
2014,339.98093,2.5345848,321.59564,1.4706511,0.031667672,310.47113,708.39807,344.20517,3.1232674,2.1880007,0.3204214,0.85281491,0.61474621,1.2339154e-08,665.61346,2034.3194
2014.0833,339.91119,2.5343261,321.53824,1.4709674,0.031667732,310.37961,708.18286,344.10162,3.123518,2.212184,0.32112083,0.89556462,0.69310755,1.272088e-08,665.48639,2033.8072
2014.1667,339.84149,2.5340662,321.48083,1.4712836,0.031667795,310.2803,707.95532,343.99222,3.1202822,2.2312055,0.32182568,0.9655996,0.79197156,1.3330056e-08,665.35938,2033.2605
2014.25,339.76947,2.5337994,321.42154,1.4716103,0.031667855,310.18161,707.72974,343.88516,3.0648603,2.208518,0.32253066,0.97696888,0.77813417,1.3777237e-08,665.22815,2032.6206
2014.3333,339.69745,2.5335314,321.36221,1.4719371,0.031667918,310.09592,707.53046,343.79123,3.0415943,2.1882594,0.32322931,0.97712052,0.66781712,1.3835011e-08,665.0968,2032.0675
2014.4167,339.62543,2.5332584,321.30292,1.4722638,0.031667981,310.3161,707.96661,344.01035,3.0664418,1.8383181,0.3239176,0.95895076,0.17349255,1.1402304e-08,664.96558,2032.4873
2014.5,339.55344,2.5329802,321.24365,1.4725904,0.031668045,310.85336,709.05835,344.55139,3.1123571,1.7691258,0.32457533,0.85206908,0.080425233,9.2395007e-09,664.83435,2034.5035
2014.5833,339.48026,2.5326993,321.18341,1.4729223,0.031668108,311.33621,710.03552,345.03616,3.1498592,1.7423737,0.32529059,0.85181659,0.123922,8.4407938e-09,664.70093,2036.3263
2014.6667,339.40823,2.5324261,321.12415,1.4732488,0.031668168,311.73462,710.83862,345.43481,3.1882417,1.7390659,0.32607603,0.85152441,0.15796526,7.9012334e-09,664.56976,2037.8313
2014.75,339.33615,2.5321522,321.06488,1.4735752,0.031668231,311.92853,711.21637,345.6239,3.2188053,1.7562017,0.32692793,0.85132247,0.23581988,8.1980351e-09,664.43848,2038.5092
2014.8333,339.26407,2.5318818,321.00565,1.4739016,0.031668294,311.8558,711.03973,345.53961,3.0389521,2.0353057,0.3277967,0.85776907,0.86948216,1.0109602e-08,664.30719,2038.1442
2014.9167,339.19202,2.5316093,320.94644,1.474228,0.031668354,311.73325,710.76074,345.40399,3.0159085,2.0759785,0.32867551,0.90361035,1.5964614,1.1687005e-08,664.17596,2037.4945
2015,339.1188,2.5313313,320.88626,1.4745595,0.031668417,311.59979,710.46014,345.258,2.924269,2.0167828,0.32954994,0.92559308,0.74908298,1.2872144e-08,664.0426,2036.6311
2015.0833,339.04919,2.5310729,320.82898,1.4748751,0.031668477,311.47305,710.1759,345.12131,2.8610635,1.9927437,0.33034286,0.94083333,0.78456056,1.4006719e-08,663.91577,2035.8702
2015.1667,338.97964,2.5308077,320.77173,1.4751905,0.031668536,311.36142,709.92297,345.00037,2.8418975,2.000102,0.33106977,0.94927078,0.7770955,1.4778294e-08,663.78912,2035.247
2015.25,338.90778,2.5305402,320.71255,1.4755167,0.0316686,311.24997,709.66974,344.87933,2.8016903,1.9912082,0.33177763,0.94860762,0.75430405,1.5390771e-08,663.65808,2034.5818
2015.3333,338.836,2.530268,320.65341,1.4758427,0.031668659,311.19778,709.53937,344.81897,2.783443,1.9242698,0.33244377,0.95390815,0.55154854,1.47423e-08,663.52716,2034.1234
2015.4167,338.76419,2.5299871,320.59424,1.4761686,0.031668723,311.65613,710.46808,345.28082,2.8036315,1.6296725,0.33308464,0.91274983,0.13165544,1.0933785e-08,663.3963,2035.5677
2015.5,338.69241,2.5297041,320.5351,1.4764946,0.031668782,312.1041,711.37048,345.72925,2.8411562,1.5743661,0.33371949,0.84986681,0.096008472,9.5991561e-09,663.26538,2037.2185
2015.5833,338.61948,2.5294228,320.47501,1.4768257,0.031668846,312.60043,712.37457,346.22745,2.8826594,1.5425196,0.33438793,0.84960634,0.14640936,8.7668459e-09,663.13239,2039.0943
2015.6667,338.5477,2.5291486,320.41589,1.4771515,0.031668909,312.97885,713.13501,346.60532,2.9257874,1.5481801,0.33510047,0.84935188,0.18897037,8.133652e-09,663.00159,2040.5299
2015.75,338.47589,2.5288739,320.35678,1.4774773,0.031668968,313.19763,713.56384,346.81967,2.9701025,1.5761256,0.33587438,0.84921646,0.26992318,7.9516171e-09,662.87073,2041.334
2015.8333,338.40408,2.5285974,320.2977,1.4778029,0.031669028,313.22818,713.60175,346.84122,2.8989241,1.7374929,0.33666182,0.84891224,0.94317961,8.5997849e-09,662.73981,2041.384
2015.9167,338.33228,2.5283227,320.23862,1.4781286,0.031669091,313.19946,713.51654,346.80209,2.7898486,1.8824328,0.33744755,0.84864575,1.2697172,9.1680876e-09,662.60907,2041.1369
2016,338.25931,2.5280435,320.17856,1.4784594,0.031669155,313.16605,713.42108,346.7579,2.7483659,1.8680009,0.33824331,0.84849823,0.64553767,9.7727915e-09,662.47607,2040.7758
2016.0833,338.18991,2.5277779,320.12146,1.4787742,0.031669211,313.12372,713.30835,346.70505,2.7481444,1.8914524,0.33899772,0.8483147,0.70097059,1.0366279e-08,662.34955,2040.4654
2016.1667,338.12051,2.5275123,320.06433,1.479089,0.03166927,313.07907,713.19086,346.6499,2.7403266,1.9067775,0.33974952,0.84815109,0.71030849,1.0759241e-08,662.22314,2040.1298
2016.25,338.0488,2.5272374,320.00531,1.4794143,0.031669334,313.02072,713.04462,346.5799,2.7210164,1.9129547,0.34053952,0.88991809,0.71714228,1.1182338e-08,662.09247,2039.7123
2016.3333,337.97711,2.5269608,319.94629,1.4797397,0.031669393,313.01086,713.00208,346.55948,2.7137454,1.8520864,0.34132165,0.92417508,0.52524644,1.0805526e-08,661.96173,2039.4413
2016.4167,337.9054,2.5266778,319.88727,1.4800649,0.031669453,313.42422,713.83728,346.9722,2.7321475,1.5463449,0.34206748,0.86523503,0.18252008,8.6612957e-09,661.83105,2040.6853
2016.5,337.83371,2.5263882,319.82828,1.4803901,0.031669516,313.89102,714.78113,347.44046,2.7520392,1.4919146,0.34283555,0.84779471,0.13408498,8.1213569e-09,661.70044,2042.3998
2016.5833,337.7608,2.5261023,319.76831,1.4807205,0.031669576,314.34344,715.69531,347.89413,2.7788935,1.4743384,0.3436777,0.84745741,0.16654396,7.4526199e-09,661.56757,2044.0974
2016.6667,337.68906,2.5258205,319.70935,1.4810456,0.031669635,314.82376,716.67572,348.37961,2.8157766,1.481485,0.34458405,0.84718817,0.2003393,8.9198142e-09,661.43689,2045.9579
2016.75,337.61728,2.5255389,319.65039,1.4813707,0.031669699,315.25882,717.57159,348.82239,2.7729006,1.6012956,0.34552717,0.84698606,0.65578067,1.5102119e-08,661.30627,2047.6788
2016.8333,337.54553,2.5252595,319.59143,1.4816955,0.031669758,315.46396,717.9892,349.02954,2.6703272,1.7879325,0.34643778,0.84652078,0.59509605,2.0426352e-08,661.1756,2048.4629
2016.9167,337.47385,2.5249832,319.5325,1.4820205,0.031669818,315.5802,718.2229,349.14523,2.6569788,1.8036141,0.34732711,0.86992413,1.3026185,2.4084528e-08,661.04504,2048.8013
2017,337.10599,2.518007,319.4726,1.4823506,0.031669881,315.69772,718.46033,349.26047,2.6102228,1.7822902,0.27855724,8.5981255,8.4220304,2.5287353e-08,660.6106,2048.7002
2017.0833,336.46268,2.5041637,319.41553,1.4826647,0.031669937,315.8317,718.73444,349.39502,2.5965843,1.7925973,0.27815896,7.5962844,7.4707069,2.6329859e-08,659.89667,2048.5253
2017.1667,335.89563,2.4913526,319.35843,1.4829788,0.031669997,315.95502,718.98883,349.52213,2.5527029,1.7797391,0.27816644,6.7224422,6.5650187,2.696803e-08,659.26007,2048.3367
2017.25,335.37735,2.4791639,319.29935,1.4833034,0.031670056,316.08304,719.25317,349.65454,2.5412016,1.7917111,0.27816558,5.9571404,5.7699156,2.709648e-08,658.67084,2048.2727
2017.3333,334.91733,2.4679646,319.2402,1.483628,0.031670116,316.24197,719.58112,349.81848,2.5290155,1.7656161,0.27816647,5.3741932,4.9486556,2.6097929e-08,658.14081,2048.3553
2017.4167,334.45514,2.4561291,319.18103,1.4839525,0.031670175,316.84827,720.83698,350.43964,2.5302007,1.4562625,0.27815121,6.2102365,5.2478304,1.9998691e-08,657.60791,2049.9975
2017.5,333.85309,2.439198,319.12177,1.484277,0.031670235,317.65979,722.51434,351.26773,2.5865843,1.4238694,0.27812257,8.1422968,7.2829299,1.6468718e-08,656.92999,2052.6604
2017.5833,333.10059,2.41587,319.06146,1.4846067,0.031670298,318.35873,723.9563,351.98026,2.6319671,1.4116546,0.27812111,9.3031311,8.661871,1.387666e-08,656.09418,2054.7111
2017.6667,332.29648,2.3882952,319.00204,1.4849311,0.031670358,318.92651,725.12793,352.55908,2.662652,1.404307,0.2781198,9.8122931,9.3574114,1.2703415e-08,655.20343,2056.162
2017.75,331.48178,2.3572848,318.94244,1.4852554,0.031670418,319.39041,726.08405,353.03156,2.6424513,1.4405947,0.27811852,9.4930935,9.5739393,1.5971507e-08,654.2984,2057.1656
2017.8333,330.7475,2.3266253,318.88272,1.4855796,0.031670477,319.63849,726.59149,353.2829,2.4901233,1.6315978,0.27811706,8.1245108,7.9569631,1.9861593e-08,653.47412,2057.3869
2017.9167,330.11804,2.2981775,318.82285,1.4859039,0.031670537,319.84946,727.02167,353.49609,2.4895322,1.6544152,0.27811584,7.0672178,7.1636076,2.0057726e-08,652.75665,2057.5458
2018,329.55753,2.27106,318.76187,1.4862332,0.031670596,320.05148,727.43311,353.70013,2.4734714,1.6607095,0.27811462,6.2085395,5.8941293,1.9614765e-08,652.10834,2057.7055
2018.0833,329.08588,2.2469089,318.70374,1.4865466,0.031670656,320.216,727.76703,353.86588,2.4760597,1.6841899,0.27811339,5.5114245,5.2487826,1.9965249e-08,651.55475,2057.8419
2018.1667,328.66785,2.2244787,318.64551,1.48686,0.031670712,320.37643,728.09357,354.0271,2.468118,1.6995573,0.27813777,4.9557114,4.6685963,1.9431162e-08,651.0564,2057.9993
2018.25,328.28677,2.2033002,318.58517,1.4871839,0.031670772,320.53726,728.42523,354.18912,2.4233809,1.6878624,0.2781674,4.4283876,4.1137133,1.9050699e-08,650.59412,2058.135
2018.3333,327.95584,2.1844914,318.52478,1.4875078,0.031670831,320.69958,728.76233,354.35727,2.3476548,1.6437403,0.27818015,3.9080594,3.5291905,1.8639669e-08,650.18427,2058.273
2018.4167,327.65753,2.1671913,318.46429,1.4878316,0.031670891,320.97934,729.34302,354.64651,2.3436034,1.4000294,0.27817938,3.7890711,3.0007465,1.695272e-08,649.80859,2058.7992
2018.5,327.29587,2.1441028,318.40375,1.4881554,0.03167095,321.7084,730.85437,355.3924,2.3605943,1.3512075,0.27812552,5.2878976,4.3708649,1.4518064e-08,649.36359,2061.3085
2018.5833,326.74734,2.1039383,318.34204,1.4884844,0.03167101,322.39716,732.27753,356.09482,2.3814704,1.3357028,0.27810585,7.4102573,6.7083707,2.6968102e-08,648.7135,2063.4782
2018.6667,326.08319,2.0488224,318.2811,1.4888079,0.03167107,322.99313,733.50769,356.70255,2.3760421,1.3296523,0.27810454,8.2146358,7.6987181,6.8874662e-08,647.93359,2065.1208
2018.75,325.40604,1.9853636,318.21985,1.4891315,0.031671129,323.48569,734.52271,357.20422,2.3664265,1.3241259,0.27810323,7.8197889,7.5185118,1.4158492e-07,647.13202,2066.3134
2018.8333,324.80579,1.9229745,318.15833,1.489455,0.031671189,323.75085,735.06445,357.47269,2.2080581,1.5374005,0.27810174,6.6087036,6.6369929,1.9772028e-07,646.4082,2066.7198
2018.9167,324.29532,1.8651981,318.09647,1.4897784,0.031671248,323.89786,735.36127,357.62024,2.2003167,1.5727841,0.27810049,5.7233095,5.8591294,2.0561994e-07,645.77844,2066.7089
2019,323.84094,1.8099638,318.03336,1.4901071,0.031671308,324.07916,735.72968,357.80301,2.1832492,1.5713257,0.27809927,5.0390906,4.7533131,2.0492945e-07,645.20605,2066.8505
2019.0833,323.45743,1.7605569,317.97305,1.4904197,0.031671364,324.24347,736.06415,357.9675,2.1922095,1.5942115,0.27813646,4.5943537,4.3327875,2.006274e-07,644.71313,2067.0528
2019.1667,323.11584,1.7144766,317.91251,1.4907324,0.03167142,324.40414,736.39337,358.12805,2.1998284,1.6156189,0.27815282,4.1656432,3.8812459,1.9409143e-07,644.2652,2067.2843
2019.25,322.80045,1.6704521,317.8497,1.4910556,0.031671479,324.56741,736.72803,358.29346,2.2046928,1.6354282,0.27816671,3.7664564,3.4597065,1.8846596e-07,643.84326,2067.5504
2019.3333,322.51898,1.6302115,317.78668,1.4913788,0.031671539,324.72974,737.05988,358.45969,2.2100787,1.6169704,0.27817461,3.4275801,2.9839849,1.8387675e-07,643.45898,2067.8135
2019.4167,322.24408,1.5891289,317.72348,1.4917018,0.031671599,325.15356,737.93329,358.89337,2.2181699,1.3387709,0.27816197,3.8239996,2.9240308,1.5795561e-07,643.08008,2068.8954
2019.5,321.85794,1.5221584,317.66003,1.4920248,0.031671654,325.86993,739.4129,359.62155,2.2470522,1.2774026,0.27809703,5.6659989,4.808753,1.7667588e-07,642.56384,2071.2708
2019.5833,321.29034,1.4070625,317.59509,1.492353,0.031671714,326.54413,740.80493,360.30902,2.2814391,1.2672397,0.2780906,7.3644781,6.7269487,5.014619e-07,641.81653,2073.3014
2019.6667,320.6434,1.2553856,317.53055,1.4926759,0.031671774,327.14178,742.03845,360.9184,2.3060381,1.254284,0.27808908,7.9127555,7.4327307,1.3543809e-05,640.95367,2074.8907
2019.75,320.00595,1.0845271,317.46518,1.4929986,0.031671833,327.5611,742.90173,361.34518,2.3168833,1.2401874,0.27808762,7.1767354,6.8638973,0.00022058969,640.08032,2075.7236
2019.8333,319.46008,0.92265159,317.39896,1.4933214,0.031671889,327.74301,743.27197,361.52878,2.1772394,1.416989,0.27809608,6.0268483,6.047575,0.00070600206,639.3067,2075.7229
2019.9167,318.99564,0.77422124,317.33194,1.493644,0.031671949,327.82443,743.43317,361.60989,2.1312397,1.4851955,0.27811858,5.292419,5.2686825,0.0010539055,638.62714,2075.3892
