year,sminp_gPm2,labilep_gPm2,secondp_gPm2,occlp_gPm2,primp_gPm2,litr1p_gPm2,litr2p_gPm2,litr3p_gPm2,vegp_gPm2,storep_gPm2,totsomp_gPm2,p_uptake_gPm2yr,p_efflux_gPm2yr,sminp_leached_gPm2yr,total_inorganic_gPm2,total_ecosystem_gPm2
1901,726.16376,38.178734,438.67453,0.97942698,0.031485662,5.304069,43.089302,20.917044,5.8502169,4.7434249,242.89714,1363.8564,1363.6733,2.6345681e-06,1204.0278,1526.829
1901.0833,665.99902,34.93243,438.75989,0.97985852,0.0314859,5.3540134,43.072712,20.910646,5.6180577,4.565948,240.99689,737.74298,737.57123,2.1603134e-06,1140.7028,1461.2211
1901.1667,608.05176,30.57835,438.82632,0.98029,0.031486139,5.3945642,43.051708,20.901777,5.5286188,4.5032997,240.94879,698.96674,698.8056,1.5676571e-06,1078.4683,1398.797
1901.25,551.90009,24.586069,438.86908,0.9807362,0.031486385,5.4257007,43.016361,20.885952,5.4497395,4.4471273,240.89929,645.84167,645.59851,1.0115291e-06,1016.3674,1336.4916
1901.3333,501.30359,16.923185,438.87683,0.9811824,0.031486634,5.4418263,42.954002,20.857124,5.3879156,4.4020896,240.85017,571.08246,570.69989,5.2295843e-07,958.11627,1278.0094
1901.4167,460.49368,7.9593987,438.84158,0.98162854,0.03148688,5.4326725,42.875584,20.818449,5.4430561,4.4143066,240.80156,383.17105,381.67032,1.5787538e-07,908.3078,1228.0934
1901.5,443.80862,2.5591986,438.76697,0.98207468,0.031487126,5.3559713,42.777412,20.754864,5.6555972,4.5409884,240.75633,61.37183,57.819191,1.9551328e-08,886.14832,1205.9895
1901.5833,443.00116,2.205687,438.67841,0.98252803,0.031487375,5.6295238,43.311703,20.96755,5.6730976,4.4681206,240.69884,4.711988,3.045609,1.2609266e-08,884.89929,1205.6481
1901.6667,442.91705,2.2072144,438.59109,0.98297399,0.031487621,6.1406751,44.217899,21.394064,5.6302276,4.3705049,240.63739,4.6309719,3.2001059,1.1059323e-08,884.7298,1207.1205
1901.75,442.83389,2.2092359,438.50378,0.98341984,0.031487867,6.3728924,44.635986,21.592379,5.6355243,4.3602166,240.57379,3.5920925,2.3583875,1.2713453e-08,884.56177,1207.7326
1901.8333,442.75085,2.2114251,438.41653,0.98386562,0.031488113,6.3255687,44.520073,21.542379,5.6817374,4.4176884,240.51236,2.2435913,1.2856305,1.9533752e-08,884.39417,1207.394
1901.9167,442.66345,2.2114687,438.32928,0.98431128,0.031488359,6.3432875,44.51218,21.544552,5.4545813,4.26297,240.45987,2.1436942,3.8951907,2.5266008e-08,884.22003,1206.7975
1902,447.49884,4.275126,438.24603,0.98476416,0.031488609,6.3624864,44.519302,21.553562,5.6757369,4.5329809,155.77083,292.3746,282.64401,6.1077422e-08,891.03625,1129.4512
1902.0833,446.50745,3.9290791,438.17114,0.9851951,0.031488843,6.381906,44.533291,21.565302,5.6080785,4.5292892,153.51599,14.182498,13.211322,5.4695153e-08,889.62433,1125.7582
1902.1667,445.50565,3.5598843,438.09436,0.98562592,0.031489082,6.3995886,44.549465,21.577738,5.4486256,4.4132543,153.50229,12.82422,12.634889,4.8213803e-08,888.177,1124.068
1902.25,444.53928,3.1911702,438.01312,0.98607129,0.031489324,6.4106746,44.558628,21.586521,5.3733397,4.3621545,153.4882,12.123693,11.884109,4.1855234e-08,886.76111,1122.5407
1902.3333,443.63873,2.8367467,437.93008,0.98651654,0.03148957,6.4031415,44.547451,21.5849,5.3156128,4.3198948,153.47446,11.826119,11.357837,3.6095162e-08,885.42358,1121.0691
1902.4167,442.67935,2.4427292,437.84515,0.98696172,0.031489812,6.308023,44.542271,21.582073,5.4097104,4.350646,153.46396,14.924122,11.527257,2.6345052e-08,883.98566,1119.6423
1902.5,441.4548,1.9065138,437.75797,0.98740679,0.031490054,6.1696162,44.735874,21.660479,5.74369,4.5878978,153.45125,21.171846,14.186401,1.2707874e-08,882.13818,1118.487
1902.5833,439.72952,1.0912472,437.66586,0.98785913,0.031490304,6.5149736,45.588364,22.029562,6.0179653,4.7962265,153.435,25.094301,19.589365,5.6307035e-09,879.50598,1117.888
1902.6667,438.44415,0.46585411,437.57123,0.98830402,0.031490546,6.7788448,46.26004,22.242374,6.21311,4.9418244,153.41879,11.173841,7.4042997,2.1416644e-09,877.50098,1117.356
1902.75,438.20071,0.3864646,437.47498,0.98874885,0.031490788,6.7808022,46.292023,22.222694,6.2563372,4.9656692,153.40308,4.2887802,3.1303539,1.8018725e-09,877.0824,1117.003
1902.8333,438.10449,0.38650203,437.37866,0.98919356,0.03149103,6.6411009,46.071815,22.12792,6.2341833,4.9554296,153.38567,3.3421683,2.6780188,2.1669799e-09,876.89032,1116.3064
1902.9167,438.01016,0.38755894,437.28235,0.98963821,0.031491272,6.5932531,46.001595,22.104549,6.1051354,4.8697672,153.36919,2.836617,3.8681886,2.5942806e-09,876.70117,1115.7447
1903,437.91367,0.38827401,437.18451,0.99009001,0.031491518,6.5552254,45.951923,22.090425,5.9739537,4.7629733,153.35307,2.7259045,1.5391747,2.9409117e-09,876.50806,1115.1957
1903.0833,437.82175,0.38890007,437.0914,0.99051982,0.031491753,6.5192738,45.901779,22.075003,5.8735242,4.7095304,153.33792,2.6651845,1.6108254,3.2685374e-09,876.32404,1114.741
1903.1667,437.72916,0.38915431,436.99835,0.99094963,0.031491987,6.4672141,45.822681,22.045164,5.9127574,4.7588887,153.32327,2.6931682,1.7810658,3.4454384e-09,876.13916,1114.4692
1903.25,437.63354,0.3894788,436.90213,0.99139386,0.031492226,6.4006419,45.695538,21.992147,5.9799981,4.8272266,153.30807,2.6003706,1.776111,3.6140417e-09,875.94806,1114.1517
1903.3333,437.53812,0.38987923,436.80597,0.99183798,0.031492468,6.3123169,45.509918,21.910587,6.0571804,4.8626728,153.29333,2.621037,1.5436292,3.7155317e-09,875.75732,1113.7033
1903.4167,437.44174,0.38974988,436.70981,0.99228203,0.03149271,6.2101431,45.344807,21.837017,6.116519,4.8695078,153.27992,3.0631433,1.7319274,3.5410683e-09,875.56506,1113.223
1903.5,437.34412,0.38894165,436.61368,0.99272597,0.031492949,5.9933515,45.130512,21.734165,6.0297213,4.7103724,153.26859,5.0439343,3.0583189,2.3933617e-09,875.37097,1112.2377
1903.5833,437.24411,0.38769192,436.51596,0.99317706,0.031493194,6.075047,45.265377,21.787928,5.9093113,4.5238032,153.25183,4.7686796,3.0200272,1.8989661e-09,875.17242,1111.9857
1903.6667,437.14828,0.38783285,436.41986,0.99362081,0.031493433,6.1068826,45.109215,21.69787,5.8339834,4.4033861,153.23567,4.4252973,2.8912878,1.7624846e-09,874.98108,1111.3681
1903.75,437.05331,0.38841829,436.32379,0.99406445,0.031493671,6.1461835,44.992104,21.631519,5.8004961,4.3535585,153.21794,3.263236,2.0024505,2.0644062e-09,874.79108,1110.9329
1903.8333,436.95898,0.38933614,436.22772,0.99450803,0.031493913,6.1750946,44.988461,21.642937,5.862431,4.4183025,153.20108,2.5389862,1.4289229,2.7003995e-09,874.60205,1110.8904
1903.9167,436.8649,0.39036644,436.13171,0.99495143,0.031494152,6.2077904,44.997494,21.659348,5.9139214,4.4842024,153.18497,2.3502643,3.0468798,3.2934666e-09,874.41339,1110.8611
1904,436.76962,0.39161336,436.03415,0.9954021,0.031494394,6.2593069,45.032291,21.687229,5.5653448,4.205658,153.1693,2.0787847,0.86051744,4.1128421e-09,874.22229,1110.1414
1904.0833,436.67764,0.39207673,435.94131,0.99583077,0.031494625,6.3074841,45.071812,21.716017,5.2985439,4.0340004,153.15556,2.092324,0.9264257,4.2265875e-09,874.03839,1109.6218
1904.1667,436.58578,0.39260009,435.84851,0.99625945,0.031494856,6.3540273,45.121048,21.748823,4.8763876,3.741044,153.14191,2.0945737,0.96808261,4.2604311e-09,873.85468,1108.8379
1904.25,436.49078,0.39309642,435.75259,0.99670249,0.031495094,6.3926234,45.165314,21.778845,4.84129,3.7424555,153.12788,2.121212,1.0215492,4.2744843e-09,873.66467,1108.7131
1904.3333,436.39438,0.39284185,435.65668,0.99714547,0.031495333,6.4112425,45.186211,21.796867,4.8601556,3.7817881,153.11403,2.2526331,1.1235424,4.2732711e-09,873.47253,1108.6228
1904.4167,436.29724,0.39216024,435.56079,0.99758834,0.031495571,6.3399725,45.192345,21.805769,4.9463882,3.8053033,153.10373,3.7145252,2.0188799,3.6867331e-09,873.27924,1108.4727
1904.5,436.19717,0.38988069,435.46494,0.99803108,0.03149581,6.1559811,45.232822,21.826132,5.0352182,3.7895856,153.09125,5.3194847,3.194195,2.3969544e-09,873.08154,1108.2126
1904.5833,436.09692,0.38836285,435.36749,0.99848104,0.031496048,6.450429,45.890686,22.136812,5.104599,3.7918348,153.07475,4.7611651,2.8967688,1.9901134e-09,872.88275,1109.3318
1904.6667,436.00116,0.3884047,435.27164,0.9989236,0.031496286,6.910512,46.788204,22.563704,5.1937137,3.8341744,153.0596,4.6745591,2.9029925,1.7673112e-09,872.69159,1111.0415
1904.75,435.90637,0.38894248,435.17584,0.9993661,0.031496521,6.9278688,46.741318,22.542852,5.2709684,3.8972006,153.04132,3.1157184,1.933166,2.2309103e-09,872.50208,1110.9236
1904.8333,435.81213,0.38977244,435.08005,0.99980849,0.03149676,6.8739481,46.635052,22.499493,5.3342252,3.9575119,153.02448,2.3094754,1.1540073,3.1447309e-09,872.31329,1110.638
1904.9167,435.71735,0.39029613,434.98428,1.0002507,0.031496994,6.8758254,46.60891,22.494328,5.287611,3.9371848,153.00916,2.1271336,2.2695365,4.0176933e-09,872.12366,1110.3367
1905,435.6203,0.39044294,434.88696,1.0007002,0.031497236,6.8883462,46.60989,22.502068,4.9475241,3.6646669,152.99466,2.1470566,0.86444366,4.1354311e-09,871.92987,1109.537
1905.0833,435.52798,0.39059874,434.79437,1.0011277,0.031497464,6.9004254,46.622528,22.514791,4.8323841,3.6095464,152.98094,2.1480055,0.93330073,4.1567731e-09,871.74554,1109.2061
1905.1667,435.43594,0.3908762,434.70181,1.0015553,0.031497691,6.9088545,46.633762,22.526443,4.7853074,3.6040051,152.96724,2.124361,0.9558199,4.1930313e-09,871.56165,1108.9873
1905.25,435.34119,0.39138639,434.60614,1.0019972,0.031497926,6.9111185,46.638397,22.534801,4.7521267,3.6066546,152.9532,2.1350474,0.99776888,4.2382711e-09,871.37225,1108.7685
1905.3333,435.24606,0.39168441,434.5105,1.002439,0.031498164,6.8973699,46.626919,22.534986,4.757513,3.632834,152.93938,2.2679503,1.0867219,4.2426773e-09,871.18219,1108.5712
1905.4167,435.14987,0.39138404,434.41486,1.0028807,0.031498399,6.8197322,46.576408,22.514713,4.8302174,3.6590281,152.92741,3.0296926,1.495384,3.9884731e-09,870.99048,1108.318
1905.5,435.05154,0.38990644,434.31924,1.0033222,0.031498633,6.5635829,46.633305,22.522797,4.9185295,3.6589184,152.91763,5.5446706,3.2534387,2.3855815e-09,870.79547,1108.0102
1905.5833,434.95184,0.38853341,434.22208,1.0037711,0.031498872,6.5586915,47.271461,22.701315,5.015811,3.6923351,152.90129,5.1662784,3.2460508,1.9042083e-09,870.59772,1108.7386
1905.6667,434.85638,0.38860759,434.1265,1.0042125,0.031499103,7.025475,48.312519,23.174702,5.0741725,3.7171326,152.88492,4.6147289,3.0265472,1.7510974e-09,870.40717,1110.5961
1905.75,434.76144,0.38892552,434.03091,1.0046538,0.031499337,7.2295876,48.67849,23.356218,5.1123099,3.7443397,152.8678,3.7154894,2.469764,1.9979374e-09,870.21741,1111.2061
1905.8333,434.6666,0.38929015,433.93539,1.005095,0.031499572,7.0797281,48.35593,23.213966,5.1582761,3.7850811,152.85141,3.1895719,2.0261724,2.2845141e-09,870.02783,1110.4723
1905.9167,434.57184,0.38967735,433.83987,1.0055361,0.031499807,6.9840298,48.136372,23.119993,5.0669403,3.724896,152.83568,3.0596578,3.3653321,2.4288169e-09,869.83844,1109.7064
1906,434.47549,0.39005482,433.74283,1.0059843,0.031500041,6.926271,47.994644,23.062939,4.5430055,3.2985289,152.81978,2.9248114,1.6376801,2.6297935e-09,869.64587,1108.2911
1906.0833,434.38397,0.39048713,433.65048,1.0064108,0.031500269,6.8818679,47.890171,23.022478,4.5207329,3.3124883,152.80476,2.8622913,1.6843599,2.8130556e-09,869.46283,1107.8953
1906.1667,434.29269,0.39103687,433.55817,1.0068372,0.031500492,6.8287768,47.776054,22.976393,4.4886351,3.3155308,152.78972,2.7628105,1.6369464,3.0248724e-09,869.28021,1107.4553
1906.25,434.19855,0.39171651,433.46277,1.007278,0.031500727,6.7646642,47.646404,22.922226,4.5502248,3.3810592,152.77438,2.7115071,1.6079233,3.2585044e-09,869.0918,1107.1308
1906.3333,434.10474,0.39257437,433.36737,1.0077186,0.031500958,6.6661205,47.455215,22.837532,4.6414671,3.4466279,152.75935,2.7164035,1.553,3.4020984e-09,868.90387,1106.7102
1906.4167,434.0097,0.39274842,433.272,1.0081592,0.031501189,6.5660276,47.264843,22.752192,4.7048116,3.4823046,152.74429,2.5979142,1.3446724,3.4729253e-09,868.71411,1106.2286
1906.5,433.91315,0.39208001,433.17664,1.0085995,0.031501424,6.5113015,47.337738,22.77894,4.7614336,3.4755816,152.73225,4.2252874,2.4988186,2.5441549e-09,868.52197,1106.1192
1906.5833,433.81448,0.39111674,433.07974,1.0090472,0.031501658,7.2645488,48.882896,23.504471,4.8123498,3.4815173,152.71454,3.6394229,2.2712598,2.0135094e-09,868.32587,1108.9862
1906.6667,433.71948,0.39128202,432.98444,1.0094874,0.031501889,8.2238884,50.743771,24.394724,4.8710246,3.5102057,152.69882,3.4563186,2.1537766,1.8813424e-09,868.13617,1112.5786
1906.75,433.62506,0.39172545,432.88916,1.0099275,0.03150212,8.7954493,51.796715,24.900908,4.9086657,3.5386512,152.68307,3.2751403,2.1893694,1.9434565e-09,867.94739,1114.5708
1906.8333,433.53131,0.39253065,432.79388,1.0103676,0.031502351,8.7576532,51.755753,24.887146,4.9479547,3.5679688,152.66606,2.3380156,1.2575881,2.6424374e-09,867.75958,1114.3421
1906.9167,433.43716,0.39311963,432.69864,1.0108075,0.031502582,8.7004242,51.689941,24.855743,4.9159541,3.5483541,152.65024,2.1245046,1.7006267,3.6775354e-09,867.57123,1113.9319
1907,433.34012,0.39296666,432.60187,1.0112545,0.031502817,8.7376289,51.79327,24.897833,4.7573352,3.3876977,152.63504,2.1107388,0.84106201,3.917954e-09,867.37769,1113.5865
1907.0833,433.24789,0.39288554,432.5098,1.01168,0.031503037,8.8449259,51.970028,24.99,4.6382279,3.3299932,152.6209,2.0951653,0.87708044,3.9376502e-09,867.19373,1113.5878
1907.1667,433.15582,0.39287585,432.41772,1.0121052,0.03150326,8.9477873,52.144249,25.080545,4.5237722,3.2719929,152.60683,2.0683768,0.88031375,3.9867092e-09,867.01001,1113.5852
1907.25,433.06067,0.39288285,432.32257,1.0125448,0.031503491,9.0498447,52.324039,25.173708,4.4771667,3.2609262,152.59241,2.0573156,0.8711521,4.0316284e-09,866.82019,1113.6983
1907.3333,432.96561,0.39292797,432.22745,1.0129843,0.031503718,9.1435366,52.497429,25.263479,4.4934344,3.2945213,152.57811,2.0886281,0.88020909,4.0643253e-09,866.63043,1113.9009
1907.4167,432.87085,0.39311075,432.13232,1.0134237,0.031503949,9.1592522,52.592445,25.312479,4.5618949,3.3396907,152.56421,2.2285662,0.94326425,4.1207109e-09,866.44116,1113.9712
1907.5,432.77582,0.39314759,432.03723,1.013863,0.031504177,9.2050428,52.918926,25.466164,4.6302924,3.3624127,152.5517,3.275764,1.6629555,3.4070933e-09,866.25153,1114.3861
1907.5833,432.67789,0.39244387,431.94061,1.0143093,0.031504411,9.9272223,54.696251,26.295486,4.7120261,3.3983495,152.53687,3.8216801,2.3462787,2.2480331e-09,866.05676,1117.6229
1907.6667,432.58258,0.39229721,431.84558,1.0147485,0.031504638,10.801557,56.487762,27.152294,4.7878184,3.4476011,152.52203,3.627423,2.4101653,1.9878592e-09,865.8667,1121.0658
1907.75,432.48834,0.3927249,431.75055,1.0151874,0.031504866,10.989771,56.980095,27.390375,4.8448834,3.4968622,152.50632,2.76717,1.5782201,2.6369951e-09,865.67828,1121.8866
1907.8333,432.39468,0.39345124,431.65555,1.0156263,0.031505097,10.834949,56.861671,27.339693,4.8766756,3.5245662,152.49013,1.9879187,0.85268199,3.918335e-09,865.49084,1121.4185
1907.9167,432.30103,0.39417565,431.56055,1.0160651,0.031505324,10.773093,56.797943,27.315699,4.7764583,3.4551239,152.47566,1.7158637,1.8441697,4.5703454e-09,865.30328,1120.8972
1908,432.20468,0.39426926,431.46405,1.016511,0.031505555,10.738972,56.769958,27.309282,4.2988515,3.0640261,152.46199,1.7677366,0.56225693,4.675992e-09,865.11102,1119.7541
1908.0833,432.11209,0.39386562,431.37222,1.0169352,0.031505775,10.700743,56.765514,27.313921,4.2844305,3.0748174,152.44907,1.8306396,0.65807492,4.6768371e-09,864.92657,1119.515
1908.1667,432.02008,0.39376199,431.28043,1.0173594,0.031505994,10.660442,56.767082,27.321339,4.2126532,3.0425639,152.43599,1.8427311,0.70558685,4.6755533e-09,864.7431,1119.1831
1908.25,431.92487,0.39361113,431.18552,1.0177978,0.031506222,10.61504,56.77457,27.331705,4.1898694,3.0471632,152.42253,1.8853434,0.76775283,4.6735682e-09,864.55334,1118.9342
1908.3333,431.82898,0.39305875,431.09064,1.0182362,0.031506449,10.5462,56.777328,27.339491,4.2125297,3.0887928,152.40936,2.1062858,1.0082564,4.6668145e-09,864.36243,1118.7361
1908.4167,431.7338,0.39290267,430.99579,1.0186744,0.031506676,10.407896,56.844711,27.373768,4.2893114,3.144413,152.39745,2.8708146,1.506089,4.2663086e-09,864.17267,1118.6302
1908.5,431.63681,0.39172977,430.90094,1.0191125,0.0315069,10.632039,58.083652,27.949554,4.3343754,3.1199679,152.38506,4.453546,2.7619193,2.5838736e-09,863.98004,1120.4847
1908.5833,431.53851,0.39071065,430.80457,1.0195577,0.031507131,11.438183,59.998856,28.850384,4.4086328,3.1517982,152.36925,3.7783403,2.4182739,2.2057094e-09,863.78479,1124.0019
1908.6667,431.4436,0.39064395,430.70978,1.0199957,0.031507358,12.18711,61.566734,29.598255,4.4639807,3.1864662,152.35461,3.504992,2.32535,2.0719424e-09,863.59558,1126.9528
1908.75,431.34915,0.39083096,430.61499,1.0204334,0.031507581,12.434908,62.127708,29.865881,4.5104923,3.2176893,152.33955,2.8759291,1.7350289,2.6792921e-09,863.40692,1127.9032
1908.8333,431.25519,0.39126188,430.52023,1.0208712,0.031507809,12.424659,62.190193,29.898932,4.5526228,3.2495174,152.32391,2.1130819,1.0319816,3.7275041e-09,863.21906,1127.8589
1908.9167,431.16089,0.39150375,430.42551,1.0213089,0.031508032,12.441816,62.24408,29.930407,4.5175886,3.2259755,152.30951,1.9445336,1.3893386,4.2125499e-09,863.0307,1127.7
1909,431.06488,0.39163795,430.32922,1.0217535,0.031508259,12.449278,62.296959,29.960138,4.187892,2.9536304,152.29532,1.8721949,0.68108529,4.3586708e-09,862.83899,1126.9822
1909.0833,430.97348,0.39175189,430.23764,1.0221767,0.031508479,12.395029,62.285362,29.957787,4.0073256,2.8524616,152.28218,1.8848512,0.70661658,4.4212176e-09,862.65656,1126.4367
1909.1667,430.88205,0.3918401,430.14609,1.0225997,0.031508695,12.311879,62.234856,29.939541,3.8981488,2.7975397,152.26898,1.8578761,0.6941216,4.4674593e-09,862.47406,1125.925
1909.25,430.78751,0.39190879,430.05142,1.023037,0.031508919,12.215608,62.17329,29.916134,3.9008112,2.8284931,152.25552,1.9136614,0.75183225,4.4794475e-09,862.28534,1125.5752
1909.3333,430.69302,0.39198849,429.95679,1.0234742,0.031509142,12.087396,62.102512,29.887751,3.9304783,2.877255,152.24231,2.1298928,1.0434182,4.4806643e-09,862.0968,1125.2245
1909.4167,430.59906,0.39233944,429.86218,1.0239112,0.031509366,11.881404,62.133156,29.899189,3.9998815,2.9138665,152.23111,3.2052577,1.6922138,3.9612247e-09,861.909,1124.9676
1909.5,430.50058,0.39024055,429.76761,1.0243483,0.031509589,11.803051,62.945217,30.270851,4.0843735,2.9278693,152.21788,4.429637,2.8607464,2.5662594e-09,861.71429,1125.9635
1909.5833,430.40228,0.3890765,429.67148,1.0247923,0.031509817,12.576931,64.755402,31.128345,4.1629548,2.9672861,152.2021,3.7949553,2.4757781,2.198012e-09,861.5191,1129.3121
1909.6667,430.30768,0.38905078,429.5769,1.0252291,0.03151004,13.372299,66.500938,31.927959,4.2263041,3.0055888,152.1871,3.4091322,2.2536836,2.1143369e-09,861.33032,1132.5505
1909.75,430.21381,0.38940331,429.48239,1.0256658,0.031510264,13.58311,66.967049,32.148148,4.2811213,3.0463753,152.17152,2.7438161,1.6104199,2.6304563e-09,861.14276,1133.3401
1909.8333,430.11981,0.38967404,429.38788,1.0261023,0.031510487,13.594936,67.089714,32.212414,4.3405294,3.0928483,152.15619,2.3873997,1.2796844,3.1313738e-09,860.95496,1133.4416
1909.9167,430.02588,0.38996759,429.2934,1.0265388,0.031510707,13.613397,67.216141,32.279076,4.3709583,3.1185184,152.14116,2.2709312,2.2613606,3.5770047e-09,860.76727,1133.5065
1910,429.93005,0.39007747,429.19736,1.0269824,0.031510934,13.614987,67.290833,32.321297,3.9911885,2.8054261,152.12637,2.241708,1.0429194,3.7906664e-09,860.57593,1132.726
1910.0833,429.83914,0.39030495,429.10602,1.0274044,0.03151115,13.621141,67.374283,32.367283,3.6553419,2.5912097,152.11246,2.1629407,1.029403,3.9581072e-09,860.39435,1132.1161
1910.1667,429.74811,0.39046314,429.01468,1.0278263,0.031511363,13.632872,67.461853,32.414898,3.6255999,2.5903878,152.09868,2.0777099,0.97360098,4.0843684e-09,860.21259,1132.0369
1910.25,429.65414,0.39071721,428.92029,1.0282624,0.031511586,13.593351,67.490852,32.434002,3.6383452,2.6217358,152.08495,2.0982292,0.97732818,4.1528181e-09,860.0249,1131.8881
1910.3333,429.56046,0.39108586,428.8259,1.0286984,0.031511806,13.443252,67.406303,32.398438,3.6581764,2.6553726,152.07138,2.2322347,1.0707953,4.1746171e-09,859.83765,1131.4706
1910.4167,429.46634,0.39122874,428.73154,1.0291344,0.031512026,13.20369,67.240921,32.323318,3.7148323,2.6851177,152.05766,2.355341,1.0666734,4.2201544e-09,859.64972,1130.8753
1910.5,429.37061,0.39047256,428.63721,1.0295702,0.031512249,13.213099,67.866966,32.610451,3.7864881,2.7037566,152.04639,4.0095105,2.3391788,2.9494318e-09,859.45935,1131.6865
1910.5833,429.27225,0.38912165,428.54135,1.0300131,0.031512473,13.759522,69.45858,33.348362,3.8780038,2.7596753,152.03064,3.8395488,2.4640651,2.2177913e-09,859.26428,1134.4991
1910.6667,429.17783,0.38905713,428.44705,1.0304487,0.031512693,14.516197,71.085533,34.119427,3.9637616,2.8209944,152.01624,3.8086774,2.4840648,1.8665149e-09,859.07587,1137.598
1910.75,429.08423,0.38941586,428.35275,1.0308843,0.031512912,14.874053,71.982376,34.542355,4.03234,2.8785722,152.00075,3.1492791,2.0444479,2.2109659e-09,858.88879,1139.1993
1910.8333,428.99075,0.38984236,428.25851,1.0313196,0.031513132,14.655808,71.79921,34.459023,4.0912552,2.9270592,151.98468,2.4254396,1.3256133,2.9371083e-09,858.7019,1138.619
1910.9167,428.89722,0.39020514,428.16428,1.031755,0.031513352,14.49151,71.664711,34.400719,4.1420074,2.9672699,151.96953,2.3293836,1.749643,3.4446295e-09,858.51489,1138.1506
1911,428.8017,0.39033303,428.06851,1.0321974,0.031513575,14.347853,71.555893,34.354813,3.8030183,2.6756597,151.95464,2.2496324,1.0189582,3.8483949e-09,858.32422,1137.0161
1911.0833,428.7106,0.39034626,427.97742,1.0326183,0.031513788,14.229457,71.489853,34.328884,3.7092113,2.6342413,151.94086,2.2335041,1.0860611,3.9463681e-09,858.14246,1136.475
1911.1667,428.61951,0.39033273,427.88632,1.0330391,0.031514,14.114958,71.427864,34.304619,3.639286,2.6043823,151.9272,2.224565,1.105391,3.9830068e-09,857.96063,1135.979
1911.25,428.52551,0.39042494,427.79218,1.0334741,0.031514216,13.983915,71.350235,34.272938,3.5603011,2.5689778,151.91321,2.228452,1.1044996,4.0315222e-09,857.77307,1135.4226
1911.3333,428.43152,0.39049843,427.69806,1.033909,0.031514436,13.82212,71.240234,34.225555,3.588119,2.6095369,151.89938,2.3042452,1.1400771,4.0457793e-09,857.58551,1134.9705
1911.4167,428.33774,0.39068538,427.60394,1.0343437,0.031514656,13.613408,71.110916,34.166225,3.6606336,2.6628296,151.88591,2.5187809,1.231629,3.9675356e-09,857.39825,1134.4982
1911.5,428.24216,0.38987833,427.50986,1.0347784,0.031514872,13.959578,72.345245,34.732018,3.7229609,2.6706512,151.87323,3.9984372,2.5151622,2.4164983e-09,857.20819,1136.5119
1911.5833,428.1456,0.38935336,427.41425,1.0352201,0.031515095,14.896832,74.473602,35.72044,3.8111231,2.7285428,151.85832,3.9120555,2.5509675,1.8783777e-09,857.01593,1140.5048
1911.6667,428.05191,0.38955459,427.32019,1.0356547,0.031515311,15.918098,76.813873,36.767796,3.892442,2.7812173,151.84261,3.5293365,2.2807662,1.6714002e-09,856.8288,1144.8448
1911.75,427.95865,0.38994831,427.22617,1.0360889,0.031515531,16.678041,78.455063,37.526806,3.9596503,2.8390222,151.82703,3.4325464,2.3886311,1.6171042e-09,856.64233,1147.9279
1911.8333,427.86554,0.39040565,427.13217,1.0365233,0.031515747,16.976936,79.073532,37.822964,4.0252814,2.8933778,151.81104,3.0697894,2.0011611,1.9042468e-09,856.45612,1149.0592
1911.9167,427.77341,0.39139429,427.03821,1.0369575,0.031515963,16.828176,78.890366,37.740833,4.0526934,2.9169369,151.79404,1.9791026,1.5616499,3.2582965e-09,856.27148,1148.4945
1912,427.67804,0.39147136,426.94269,1.0373987,0.031516183,16.689939,78.71888,37.665554,3.9369311,2.7931263,151.77931,1.9831012,0.76108116,4.1248609e-09,856.08112,1147.6649
1912.0833,427.58691,0.39132741,426.85184,1.0378186,0.031516396,16.577877,78.589935,37.610138,3.9461381,2.8226435,151.76581,1.9711943,0.81328171,4.1991042e-09,855.89941,1147.212
1912.1667,427.49573,0.39112774,426.76102,1.0382382,0.031516604,16.466486,78.47818,37.557682,3.9309576,2.830667,151.7525,2.0105405,0.8738184,4.2379336e-09,855.71753,1146.734
1912.25,427.40155,0.39099103,426.66711,1.038672,0.03151682,16.354267,78.38089,37.51062,3.9373586,2.8507371,151.73865,2.0151765,0.8495962,4.2361368e-09,855.52985,1146.3024
1912.3333,427.30731,0.39079031,426.57324,1.0391058,0.031517036,16.296173,78.362648,37.500832,3.9820559,2.8893058,151.72469,2.0626328,0.83964187,4.2545367e-09,855.34198,1146.0977
1912.4167,427.21313,0.39061555,426.4794,1.0395393,0.031517252,16.430449,78.767113,37.692066,4.0429382,2.9167981,151.71118,2.4342332,1.1097064,3.7174215e-09,855.15417,1146.7147
1912.5,427.11841,0.39013872,426.38556,1.0399729,0.031517465,17.478369,81.179703,38.781902,4.0646996,2.9032965,151.69659,2.5506809,1.3037311,2.3646998e-09,854.96558,1151.0701
1912.5833,427.02286,0.39002603,426.29022,1.0404135,0.031517684,18.576654,83.734566,39.860104,4.1243181,2.9444203,151.68195,2.4059658,1.2061399,1.9017956e-09,854.77502,1155.697
1912.6667,426.92941,0.39022252,426.19641,1.0408468,0.031517901,19.813009,86.652748,41.098026,4.1778593,2.9840288,151.66693,2.3218431,1.1473403,1.7003863e-09,854.58838,1160.981
1912.75,426.8363,0.39056477,426.10266,1.04128,0.031518117,20.771482,88.883682,42.041973,4.2219224,3.0250263,151.65157,2.2848263,1.2485478,1.7831199e-09,854.40228,1164.9979
1912.8333,426.74344,0.39102215,426.00891,1.0417132,0.031518329,21.0124,89.434982,42.278389,4.2673602,3.065361,151.63609,1.9846505,0.92743677,2.8236224e-09,854.21655,1165.9111
1912.9167,426.65057,0.39148533,425.91519,1.0421463,0.031518545,20.996901,89.411362,42.281963,4.2658434,3.0691152,151.62112,1.7673382,1.3711298,4.171782e-09,854.03094,1165.6773
1913,426.5553,0.39147133,425.81995,1.0425863,0.031518761,20.938757,89.342377,42.260448,3.8851912,2.7525458,151.60725,1.7568282,0.55471039,4.4928106e-09,853.84082,1164.6274
1913.0833,426.46429,0.39125556,425.72934,1.043005,0.03151897,20.886429,89.303795,42.252289,3.7726784,2.6944849,151.59421,1.8068616,0.64081013,4.4996114e-09,853.65942,1164.1633
1913.1667,426.37314,0.39097199,425.63873,1.0434237,0.031519175,20.861319,89.304024,42.264843,3.7871022,2.7207949,151.5811,1.808687,0.67322797,4.4967403e-09,853.47772,1163.9969
1913.25,426.27902,0.39071989,425.5451,1.0438563,0.031519391,20.836575,89.311172,42.28096,3.8026397,2.7508547,151.5676,1.8188969,0.70084858,4.4937645e-09,853.29022,1163.84
1913.3333,426.18475,0.39038125,425.45148,1.0442889,0.031519603,20.82185,89.356476,42.315742,3.8314154,2.7886877,151.55423,1.9399449,0.80362529,4.4931174e-09,853.10242,1163.7708
1913.4167,426.09061,0.39009455,425.35788,1.0447214,0.031519815,21.318977,90.557838,42.887901,3.8971243,2.8196073,151.54037,2.1442139,0.92248607,3.3380685e-09,852.91486,1165.9367
1913.5,425.9964,0.38974985,425.26428,1.0451539,0.031520028,22.662708,93.576347,44.29414,3.9553003,2.8364952,151.52586,1.7942964,0.7004326,2.2481277e-09,852.72705,1171.5779
1913.5833,425.90115,0.38966799,425.16919,1.0455931,0.031520244,24.029848,96.639122,45.715576,4.0107913,2.8712652,151.51144,1.7535154,0.70541555,2.0703692e-09,852.53711,1177.3151
1913.6667,425.80798,0.38987604,425.07565,1.0460254,0.031520456,25.026716,98.840614,46.734192,4.0562363,2.9089072,151.49651,1.7057416,0.67423266,1.9731001e-09,852.35101,1181.4142
1913.75,425.715,0.39014566,424.98212,1.0464575,0.031520668,25.827963,100.58976,47.542862,4.1048374,2.9432452,151.4816,1.8208067,0.7898612,2.1098341e-09,852.16522,1184.6555
1913.8333,425.62195,0.39037904,424.88864,1.0468895,0.031520881,26.133249,101.21593,47.847019,4.151834,2.9758897,151.46678,1.9126127,0.91461784,2.7769065e-09,851.97937,1185.77
1913.9167,425.52893,0.39062211,424.79517,1.0473214,0.031521093,26.364328,101.65643,48.076187,4.1588092,2.9808061,151.45177,1.8740309,1.3245398,3.1242096e-09,851.79352,1186.4819
1914,425.4343,0.39080817,424.70016,1.0477604,0.031521309,26.598766,102.09818,48.305408,4.0589156,2.8722875,151.43672,1.8379235,0.75318807,3.5067547e-09,851.60455,1186.9749
1914.0833,425.34409,0.3908892,424.6098,1.048178,0.031521514,26.818768,102.50993,48.517994,4.0160489,2.8688726,151.42279,1.8008969,0.75201052,3.7807046e-09,851.42444,1187.5788
1914.1667,425.25378,0.39091879,424.51947,1.0485954,0.031521715,26.991808,102.87384,48.70187,3.8711851,2.7882133,151.40935,1.8852578,0.82553673,3.9253854e-09,851.24426,1187.8805
1914.25,425.16034,0.39088017,424.42606,1.049027,0.031521928,27.081751,103.1552,48.842018,3.8570344,2.7987707,151.39542,1.9319345,0.86227071,3.9711132e-09,851.0578,1188.1879
1914.3333,425.0668,0.39079732,424.3327,1.0494584,0.03152214,27.171307,103.43974,48.98518,3.8799324,2.8303854,151.38147,1.9590847,0.85497308,3.9770724e-09,850.87122,1188.5592
1914.4167,424.9733,0.39071614,424.23935,1.0498898,0.031522349,27.266775,103.77303,49.140022,3.9497736,2.8794241,151.36737,1.9253186,0.8137427,3.9894634e-09,850.68475,1189.0611
1914.5,424.87979,0.39062533,424.14603,1.0503211,0.031522561,28.049372,105.63052,49.997952,4.0084906,2.8901939,151.35292,1.8547156,0.71568805,2.5766915e-09,850.49823,1192.4276
1914.5833,424.78479,0.39054304,424.05118,1.0507593,0.031522773,29.3752,108.63776,51.388241,4.0692887,2.9192305,151.33832,1.7214118,0.63628578,2.0550153e-09,850.30878,1198.0368
1914.6667,424.69177,0.39067659,423.95789,1.0511904,0.031522982,30.509308,111.20243,52.565742,4.1297379,2.9677293,151.32367,1.7136786,0.73759872,1.8925097e-09,850.12305,1202.8216
1914.75,424.59897,0.39092007,423.86462,1.0516213,0.031523194,31.124924,112.55244,53.180805,4.1822338,3.0138841,151.30876,1.7559427,0.76023537,2.2798701e-09,849.93762,1205.3007
1914.8333,424.50623,0.39118585,423.77139,1.0520523,0.031523403,31.359356,113.08434,53.422951,4.2355499,3.058013,151.29398,1.7895634,0.81163311,3.1039746e-09,849.75238,1206.2066
1914.9167,424.41327,0.39132127,423.67816,1.052483,0.031523611,31.492447,113.33923,53.558628,4.2790504,3.0975482,151.27927,1.7675953,1.3063757,3.6857357e-09,849.56677,1206.6129
1915,424.31873,0.39141575,423.58344,1.0529207,0.031523824,31.655514,113.65255,53.723373,4.1601214,2.9821358,151.26453,1.7421527,0.7178877,3.7555559e-09,849.37799,1206.8162
1915.0833,424.22873,0.39148298,423.49332,1.0533372,0.031524025,31.798954,113.92844,53.86813,3.8279624,2.7607646,151.25087,1.7576866,0.77394766,3.931333e-09,849.19836,1206.6335
1915.1667,424.13861,0.39147446,423.40323,1.0537536,0.031524226,31.874073,114.14561,53.983463,3.7396581,2.7166953,151.23752,1.8616643,0.86554921,3.9949839e-09,849.01862,1206.7156
1915.25,424.04538,0.39143151,423.31009,1.0541841,0.031524435,31.925335,114.34397,54.091949,3.7459846,2.7401309,151.2236,1.8820406,0.85332775,4.0124184e-09,848.83258,1206.9036
1915.3333,423.95215,0.39136145,423.21695,1.0546143,0.031524643,31.976027,114.55618,54.207085,3.7954168,2.7862749,151.20967,1.9122262,0.85177249,4.0336054e-09,848.64655,1207.1772
1915.4167,423.85898,0.3913258,423.12387,1.0550445,0.031524852,32.036057,114.79757,54.33514,3.8640573,2.8351719,151.19563,1.8941878,0.80460244,4.1003116e-09,848.46075,1207.5244
1915.5,423.76578,0.39125663,423.03079,1.0554748,0.031525061,32.669743,116.34396,55.073002,3.9171972,2.8472085,151.1815,2.0348079,0.89529318,2.7703746e-09,848.2749,1210.3075
1915.5833,423.67096,0.39113033,422.93622,1.0559118,0.031525269,33.712814,118.70667,56.170086,3.9758263,2.8746912,151.16673,1.7775507,0.72101206,2.0346231e-09,848.08575,1214.6925
1915.6667,423.57816,0.39125007,422.84317,1.0563418,0.031525478,34.690453,120.88649,57.178326,4.0346203,2.9111397,151.15215,1.7437574,0.71651143,1.8189992e-09,847.90045,1218.7537
1915.75,423.48557,0.3914777,422.75015,1.0567715,0.031525686,35.479488,122.64479,57.992626,4.0830736,2.9553456,151.13739,1.824108,0.91034496,2.15834e-09,847.71552,1222.0082
1915.8333,423.39301,0.39170384,422.65717,1.0572013,0.031525891,35.685482,123.11423,58.222576,4.1261163,2.9882736,151.12254,1.8515292,0.91874307,2.9939968e-09,847.53064,1222.7899
1915.9167,423.30051,0.39193648,422.56421,1.057631,0.0315261,35.855652,123.47671,58.412632,4.0636644,2.9441791,151.10759,1.840616,1.1991165,3.1371488e-09,847.34583,1223.2063
1916,423.20639,0.39212507,422.46973,1.0580676,0.031526309,36.021172,123.82252,58.595043,3.9397883,2.8175695,151.09253,1.8380564,0.81472367,3.3406053e-09,847.15784,1223.4464
1916.0833,423.11679,0.39226586,422.37985,1.058483,0.03152651,36.178322,124.14943,58.767265,3.9132285,2.8202775,151.07838,1.8278856,0.84818238,3.4684204e-09,846.97894,1223.8859
1916.1667,423.02713,0.39236599,422.29001,1.0588982,0.031526707,36.332684,124.46857,58.935097,3.8220546,2.7721674,151.06441,1.8144184,0.83263391,3.6322134e-09,846.79993,1224.1949
1916.25,422.9343,0.39239973,422.19711,1.0593275,0.031526912,36.490665,124.7936,59.105621,3.8150587,2.7859392,151.05013,1.8041228,0.81970781,3.7560572e-09,846.61469,1224.6558
1916.3333,422.8414,0.39237419,422.10428,1.0597568,0.031527121,36.647255,125.11607,59.274357,3.8882673,2.8517087,151.036,1.8041178,0.79772073,3.7955044e-09,846.42932,1225.243
1916.4167,422.7485,0.39234322,422.01141,1.0601858,0.031527326,36.830196,125.48886,59.46582,3.9570067,2.9046953,151.02174,1.7078657,0.71970737,3.8302281e-09,846.24396,1225.9123
1916.5,422.65567,0.39233583,421.91861,1.0606148,0.03152753,37.041794,125.92672,59.683693,4.0186057,2.9414332,151.00749,1.6550366,0.62469435,3.8465391e-09,846.05878,1226.6785
1916.5833,422.56137,0.39236042,421.82428,1.0610508,0.031527739,37.905201,127.8777,60.599579,4.069304,2.9540985,150.99287,1.5821177,0.51244164,2.500379e-09,845.87061,1230.2693
1916.6667,422.46863,0.39236373,421.73151,1.0614796,0.031527944,39.17852,130.74605,61.947884,4.1260948,2.9867463,150.97849,1.354901,0.32078981,1.9599735e-09,845.68555,1235.6493
1916.75,422.37595,0.39240918,421.63876,1.0619082,0.031528149,40.261974,133.15213,63.090462,4.1843243,3.0385323,150.96414,1.3508295,0.3887445,1.8957307e-09,845.50055,1240.1921
1916.8333,422.28336,0.39247882,421.54602,1.0623369,0.031528354,40.958019,134.66132,63.807503,4.2433572,3.0967569,150.94975,1.3837624,0.42615643,2.3739055e-09,845.31573,1243.0324
1916.9167,422.19101,0.39267659,421.45331,1.0627654,0.031528555,41.086182,134.946,63.947041,4.0295963,2.9517226,150.93602,1.5535715,0.98344642,4.3724242e-09,845.13129,1243.0278
1917,422.09665,0.392607,421.3591,1.0632008,0.031528763,41.05508,134.92429,63.944332,3.7142088,2.7032375,150.92255,1.5212445,0.55262691,4.6954742e-09,844.94312,1242.2068
1917.0833,422.00635,0.3922731,421.26947,1.0636152,0.031528961,41.019398,134.91628,63.947906,3.562942,2.6153686,150.90994,1.588024,0.75466436,4.7392077e-09,844.76324,1241.7351
1917.1667,421.91614,0.39195409,421.17984,1.0640293,0.031529158,41.012337,134.98785,63.990627,3.5539925,2.6288638,150.89731,1.6521468,0.86921352,4.7277311e-09,844.5835,1241.6545
1917.25,421.82315,0.39176998,421.08722,1.0644575,0.031529363,40.971764,135.03432,64.02169,3.5423162,2.6385825,150.8842,1.69235,0.90896672,4.7274504e-09,844.39813,1241.491
1917.3333,421.7298,0.39137825,420.9946,1.0648856,0.031529564,40.951962,135.14076,64.080978,3.5433161,2.6513824,150.87091,1.7519097,0.9662258,4.7242161e-09,844.21222,1241.4516
1917.4167,421.63666,0.39110157,420.90201,1.0653136,0.031529769,41.249916,135.90192,64.449852,3.5852838,2.6783969,150.85751,1.8773283,0.92503047,4.1234554e-09,844.02667,1242.7496
1917.5,421.54361,0.39084375,420.80942,1.0657414,0.03152997,42.359581,138.61652,65.708023,3.6302476,2.6770558,150.84372,1.9226623,0.82462168,2.5217397e-09,843.84119,1247.6763
1917.5833,421.44913,0.39063221,420.71533,1.0661762,0.031530175,43.671345,141.67442,67.115952,3.6896017,2.7087073,150.82967,1.7497791,0.69043171,2.0299835e-09,843.65277,1253.3425
1917.6667,421.35669,0.39067942,420.6228,1.0666039,0.03153038,44.970005,144.70976,68.505241,3.7525158,2.7548542,150.81544,1.7732307,0.81888312,1.7922742e-09,843.46832,1258.9761
1917.75,421.26456,0.39087906,420.53027,1.0670315,0.031530581,45.869747,146.79387,69.453125,3.8058476,2.8072371,150.80061,1.705302,0.76370925,1.9025779e-09,843.28424,1262.8147
1917.8333,421.17261,0.39117983,420.43781,1.067459,0.031530783,46.110729,147.39951,69.727791,3.8546331,2.8504848,150.78629,1.7152303,0.80530965,3.673567e-09,843.10059,1263.83
1917.9167,421.08038,0.39131272,420.34534,1.0678864,0.031530984,46.047073,147.35094,69.715088,3.8020821,2.8180072,150.7726,1.5683192,1.428859,4.5901194e-09,842.91644,1263.4222
1918,420.98581,0.3909995,420.25134,1.0683206,0.031531189,45.971539,147.27946,69.690048,3.5975034,2.6176331,150.75925,1.5596865,0.52241445,4.6813469e-09,842.72803,1262.6435
1918.0833,420.89566,0.3906039,420.16196,1.0687339,0.031531382,45.932201,147.26562,69.692635,3.4370391,2.5191734,150.74663,1.5920826,0.60727042,4.6783386e-09,842.54852,1262.1418
1918.1667,420.8056,0.39024404,420.07257,1.069147,0.03153158,45.908596,147.28766,69.712769,3.3225589,2.4471979,150.73386,1.6009611,0.58198994,4.6739261e-09,842.36914,1261.7818
1918.25,420.71255,0.38990551,419.98016,1.069574,0.031531781,45.904884,147.34308,69.749413,3.3163776,2.4558644,150.7207,1.5928707,0.54879802,4.6697477e-09,842.18378,1261.6741
1918.3333,420.61951,0.38956195,419.88779,1.070001,0.031531982,45.939342,147.44543,69.808197,3.3141222,2.4668555,150.70743,1.5722278,0.56396681,4.6651167e-09,841.99841,1261.6798
1918.4167,420.52652,0.38921678,419.79544,1.0704278,0.03153218,46.056313,147.69223,69.935509,3.2608175,2.440321,150.694,1.5049251,0.56946087,4.6600794e-09,841.81317,1261.8923
1918.5,420.43372,0.38897878,419.70309,1.0708545,0.031532381,46.504055,148.63913,70.397385,3.3233819,2.4768381,150.68047,1.4218137,0.41075575,3.741254e-09,841.62817,1263.6494
1918.5833,420.33951,0.38878551,419.60928,1.0712882,0.031532586,47.913708,151.80307,71.905388,3.3740349,2.4953952,150.66656,1.3185415,0.2978752,2.3072642e-09,841.44043,1269.5986
1918.6667,420.24695,0.38864142,419.51697,1.0717148,0.031532783,49.151905,154.57466,73.223595,3.4440854,2.543371,150.65295,1.2412268,0.24265432,2.0517357e-09,841.25586,1274.8465
1918.75,420.15439,0.38850263,419.42468,1.0721412,0.031532984,50.071884,156.6087,74.196106,3.5073526,2.5989618,150.63934,1.231133,0.45226839,2.5180347e-09,841.07123,1278.6937
1918.8333,420.06189,0.38838074,419.33243,1.0725676,0.031533185,50.293449,157.05525,74.412788,3.5246809,2.6094179,150.62596,1.3464628,0.60025829,4.4467336e-09,840.88684,1279.4084
1918.9167,419.96915,0.38811782,419.2402,1.0729939,0.031533383,50.337112,157.10127,74.440811,3.4363482,2.5373111,150.61279,1.3572888,1.5255108,4.5844839e-09,840.70203,1279.1678
1919,419.87582,0.38834485,419.14648,1.073427,0.031533584,50.400223,157.19479,74.489494,3.0346532,2.195173,150.61354,1.2130955,0.68577778,4.5902553e-09,840.51562,1278.4435
1919.0833,419.78806,0.38912055,419.05731,1.0738391,0.031533778,50.46331,157.28699,74.53849,2.6898842,1.9412555,150.62724,1.2188849,0.73671216,4.6008393e-09,840.3399,1277.887
1919.1667,419.70029,0.38986588,418.96814,1.0742512,0.031533971,50.543091,157.41756,74.605255,2.5966873,1.8698797,150.64101,1.184755,0.71563119,4.609086e-09,840.16412,1277.8376
1919.25,419.60944,0.39058119,418.87601,1.0746771,0.031534169,50.658279,157.62524,74.705536,2.5481095,1.8316528,150.65562,1.107626,0.60740304,4.6174802e-09,839.9823,1278.0068
1919.3333,419.51837,0.3911691,418.78387,1.0751029,0.031534366,50.851269,158.00069,74.888283,2.4756472,1.7819086,150.67125,1.113084,0.52366203,4.5023172e-09,839.80005,1278.4691
1919.4167,419.42682,0.39146805,418.69177,1.0755286,0.031534564,51.82436,160.15446,75.918869,2.5153387,1.7745422,150.68919,1.0682787,0.14489086,3.2136973e-09,839.61713,1282.494
1919.5,419.33456,0.39137968,418.5997,1.0759542,0.031534761,53.405113,163.6857,77.608604,2.5884261,1.7587798,150.7101,1.0611542,0.067574985,2.3186859e-09,839.43317,1289.1899
1919.5833,419.23596,0.38865316,418.50613,1.0763867,0.031534962,55.071915,167.41522,79.39257,2.6659687,1.7401118,150.75085,1.0609275,0.09913487,1.8860871e-09,839.23871,1296.2753
1919.6667,419.13983,0.3864482,418.41406,1.0768121,0.03153516,56.458763,170.51262,80.873512,2.7377007,1.7255517,150.79002,1.0607916,0.22809395,1.7032928e-09,839.04865,1302.1468
1919.75,419.04825,0.38669127,418.32202,1.0772375,0.031535357,57.402256,172.59215,81.869072,2.7936807,1.7368554,150.81337,1.0606172,0.37193394,1.7587815e-09,838.86572,1306.0732
1919.8333,418.95676,0.38695586,418.23001,1.0776627,0.031535555,57.985271,173.83992,82.4692,2.8265831,1.7593468,150.83618,1.0604339,0.45850945,1.9572137e-09,838.68292,1308.3994
1919.9167,418.8652,0.38718459,418.13803,1.0780879,0.031535752,58.469521,174.87514,82.965927,2.8098338,1.7622373,150.85873,1.0602678,1.4424114,2.2371984e-09,838.5,1310.2414
1920,418.77219,0.387431,418.04453,1.0785199,0.031535953,58.929131,175.85735,83.437057,2.7261231,1.7062274,150.44565,2.8366482,2.1361158,2.4215276e-09,838.31415,1311.4156
1920.0833,418.68353,0.38757986,417.9556,1.078931,0.031536143,59.331741,176.7148,83.848549,2.5591328,1.614387,150.43121,1.1892461,0.856327,2.6213327e-09,838.13721,1312.637
1920.1667,418.59494,0.38775542,417.86667,1.0793419,0.031536333,59.724735,177.54988,84.249451,2.5070229,1.5984403,150.41711,1.1889877,0.89244628,2.7584801e-09,837.96027,1314.007
1920.25,418.50336,0.38792917,417.77478,1.0797666,0.031536527,60.119537,178.38812,84.651741,2.4873128,1.6029847,150.40253,1.1887273,0.89348805,2.9511238e-09,837.7774,1315.4296
1920.3333,418.41177,0.38808444,417.68289,1.0801914,0.031536724,60.485405,179.16238,85.023178,2.4991183,1.6225069,150.38805,1.1884623,0.89108574,3.1307297e-09,837.59454,1316.7752
1920.4167,418.32016,0.38820988,417.591,1.080616,0.031536918,60.843666,179.92093,85.386864,2.4600017,1.6023811,150.37364,1.1882056,0.8325386,3.208011e-09,837.41156,1317.999
1920.5,418.22852,0.38832018,417.49918,1.0810405,0.031537116,61.385971,181.10493,85.952713,2.4830635,1.5918803,150.35931,1.1879611,0.42940187,2.64669e-09,837.22858,1320.1064
1920.5833,418.13544,0.38845661,417.40582,1.0814718,0.031537313,62.694122,184.04396,87.354828,2.5514808,1.5639887,150.34464,1.1877335,0.20855784,1.7705017e-09,837.04272,1325.5957
1920.6667,418.04422,0.38875398,417.31403,1.0818962,0.03153751,63.868145,186.67763,88.611214,2.6167352,1.5634532,150.32965,1.1874411,0.36321989,1.6093001e-09,836.86047,1330.5273
1920.75,417.95316,0.38913378,417.22226,1.0823203,0.031537704,64.459167,187.97079,89.229515,2.6549828,1.583957,150.31441,1.187186,0.79392105,2.0537605e-09,836.67847,1332.8912
1920.8333,417.86212,0.38950685,417.13049,1.0827445,0.031537898,64.669807,188.399,89.434525,2.6648295,1.6108711,150.29918,1.1868834,0.9438771,2.3560456e-09,836.4964,1333.5746
1920.9167,417.77106,0.38986537,417.03876,1.0831685,0.031538092,64.864159,188.79108,89.622147,2.6030877,1.5918204,150.284,1.1865907,2.3645043,2.6372218e-09,836.31445,1334.0707
1921,417.67847,0.3901886,416.94553,1.0835994,0.031538289,65.056038,189.17546,89.806313,2.2073922,1.3226089,150.26872,1.1863319,0.99680579,3.0347767e-09,836.12933,1333.9658
1921.0833,417.59021,0.39041883,416.85684,1.0840094,0.031538479,65.255371,189.57793,89.999329,2.017401,1.2226579,150.25444,1.1860572,1.0447367,3.2556393e-09,835.953,1334.2801
1921.1667,417.5018,0.39055002,416.76819,1.0844193,0.031538665,65.432701,189.92656,90.167252,1.9341345,1.1854454,150.24048,1.185824,1.0737549,3.5320347e-09,835.77649,1334.663
1921.25,417.41025,0.39060059,416.67654,1.0848429,0.031538859,65.613167,190.27979,90.33754,1.9209524,1.1879843,150.22635,1.1855642,1.1101135,3.6548549e-09,835.59381,1335.1595
1921.3333,417.31866,0.39061478,416.5849,1.0852665,0.031539053,65.793098,190.63243,90.507462,1.8939792,1.1762508,150.21231,1.1853039,1.0645301,3.7155872e-09,835.41101,1335.6265
1921.4167,417.22705,0.39062491,416.49329,1.08569,0.031539246,66.039795,191.14169,90.751457,1.8768418,1.1670424,150.19833,1.1850709,0.79210532,3.4912564e-09,835.22821,1336.4034
1921.5,417.13553,0.39064783,416.4017,1.0861133,0.03153944,67.083504,193.48019,91.86676,1.9323119,1.1493192,150.1843,1.1848341,0.17908652,2.0777962e-09,835.04553,1340.7419
1921.5833,417.04272,0.39079741,416.30862,1.0865436,0.031539638,68.206879,195.97365,93.060242,2.0155044,1.1204913,150.16959,1.1845635,0.095031776,1.7006589e-09,834.86029,1345.4067
1921.6667,416.95197,0.39120063,416.2171,1.0869668,0.031539828,69.359924,198.56172,94.294685,2.0938783,1.1286623,150.15421,1.1871774,0.23670606,1.4766465e-09,834.67883,1350.2719
1921.75,416.86139,0.39168802,416.12558,1.0873899,0.031540021,69.960373,199.88232,94.925301,2.1361349,1.1626033,150.13753,1.1926738,0.86370593,1.8060321e-09,834.49762,1352.7019
1921.8333,416.77072,0.39213416,416.03406,1.0878129,0.031540215,70.156189,200.28072,95.115616,2.1356726,1.1787577,150.12076,1.1923705,1.1735733,2.2075648e-09,834.31628,1353.304
1921.9167,416.68002,0.39253315,415.9426,1.0882359,0.031540405,70.308876,200.58101,95.259087,2.1166294,1.1784499,150.10414,1.192099,2.3914244,2.5837501e-09,834.13495,1353.6832
1922,416.00314,0.082991853,415.84891,1.0886656,0.031540602,70.453789,200.86087,95.39315,1.9472172,1.0572094,86.492493,499.02792,498.9418,5.5762761e-10,833.0553,1289.2601
1922.0833,415.85638,0.052472383,415.75882,1.0890745,0.031540785,70.599098,201.14346,95.52858,1.8440526,1.0102817,74.909653,1.1507843,1.2412641,3.6072187e-10,832.78827,1277.8233
1922.1667,415.7663,0.052487101,415.6687,1.0894833,0.031540971,70.745308,201.42757,95.664848,1.7205739,0.951253,74.906059,1.1505716,1.2336377,3.7329301e-10,832.60852,1278.0242
1922.25,415.67322,0.052502394,415.57559,1.0899059,0.031541161,70.897858,201.72365,95.807007,1.576923,0.88355911,74.902336,1.1503526,1.2108463,3.9432446e-10,832.42273,1278.2141
1922.3333,415.58014,0.052518003,415.48248,1.0903282,0.031541355,71.058464,202.03702,95.957634,1.392597,0.78674662,74.898621,1.1501086,1.1777591,4.1240283e-10,832.237,1278.3681
1922.4167,415.48709,0.052533779,415.3894,1.0907507,0.031541545,71.239975,202.39801,96.131012,1.2385454,0.7060951,74.894897,1.1498963,1.1601518,4.1872225e-10,832.05133,1278.6599
1922.5,415.39404,0.052548107,415.29633,1.0911729,0.031541735,71.451721,202.83368,96.33902,1.1828541,0.67904383,74.89119,1.1745776,1.1016761,4.0822531e-10,831.86566,1279.2432
1922.5833,415.2995,0.052563753,415.20175,1.091602,0.031541929,72.277893,204.67973,97.218513,1.1732478,0.66761553,74.887413,1.1716889,0.91111523,2.7920652e-10,831.677,1282.5814
1922.6667,415.20651,0.052578989,415.10873,1.0920241,0.031542119,73.442963,207.29623,98.466515,1.1869819,0.66653329,74.883682,1.1494055,0.97481728,2.2372137e-10,831.49139,1287.4343
1922.75,415.11356,0.052592579,415.01575,1.0924461,0.031542309,73.984665,208.47969,99.032417,1.1837471,0.67525905,74.879959,1.1492118,1.1802882,2.7329988e-10,831.30591,1289.5417
1922.8333,415.0206,0.052605692,414.92276,1.092868,0.031542499,74.099136,208.69423,99.134972,1.1723762,0.67393726,74.876251,1.1710937,1.2072067,4.2027085e-10,831.12042,1289.7714
1922.9167,414.92764,0.052619494,414.8298,1.0932897,0.031542689,74.196152,208.87422,99.220131,1.1494553,0.66557813,74.872543,1.173511,1.7424213,4.7503812e-10,830.93488,1289.9129
1923,414.83322,0.052632466,414.73535,1.0937183,0.031542882,74.299492,209.06766,99.311783,1.009158,0.57479918,74.872192,1.1263421,1.1238141,5.0113969e-10,830.74646,1289.8816
1923.0833,414.74338,0.05264473,414.64548,1.0941261,0.031543065,74.401566,209.259,99.402779,0.85918707,0.49917108,74.875122,1.1255554,1.1499381,5.0823218e-10,830.5672,1289.8641
1923.1667,414.65356,0.052660428,414.55563,1.0945338,0.031543247,74.501221,209.44786,99.492538,0.61716419,0.37387249,74.878067,1.1753453,1.188007,5.2068427e-10,830.38794,1289.6987
1923.25,414.56073,0.052691549,414.46277,1.0949552,0.031543437,74.592575,209.63666,99.58326,0.35201967,0.22631469,74.881134,1.2652445,1.2411801,5.2857707e-10,830.2027,1289.4746
1923.3333,414.46796,0.052738756,414.3699,1.0953765,0.031543627,74.651367,209.81978,99.6632,0.22473723,0.14405835,74.884308,1.4431932,1.3647612,5.3251437e-10,830.01758,1289.405
1923.4167,414.37518,0.052764971,414.27707,1.0957978,0.031543817,74.716591,210.04195,99.76931,0.16364869,0.11079388,74.887367,1.4879769,1.4046819,5.3251487e-10,829.8324,1289.522
1923.5,414.28241,0.052784499,414.18427,1.0962189,0.031544004,75.076668,210.9545,100.19947,0.17418353,0.11849152,74.890305,1.4241073,1.3115665,4.2433804e-10,829.64722,1291.0608
1923.5833,414.18811,0.052791573,414.08994,1.0966469,0.031544197,76.37532,213.99338,101.63081,0.18671235,0.12678473,74.893265,1.3491496,1.244164,2.5536184e-10,829.45898,1296.6653
1923.6667,414.0954,0.052817214,413.99716,1.0970678,0.031544384,77.581184,216.84351,102.95889,0.19825339,0.13556096,74.896294,1.3589511,1.2620292,2.181622e-10,829.27399,1301.8877
1923.75,414.00266,0.052829374,413.90442,1.0974886,0.031544574,78.179024,218.26462,103.61342,0.19776203,0.14932673,74.899345,1.3499711,1.3483474,2.6123614e-10,829.08893,1304.3924
1923.8333,413.90997,0.052857652,413.81171,1.0979095,0.03154476,78.239143,218.53226,103.71785,0.19787949,0.15074018,74.902649,1.5243921,1.4942952,4.1144163e-10,828.90399,1304.6446
1923.9167,413.81747,0.052956384,413.71899,1.09833,0.031544946,78.112259,218.38416,103.64884,0.18705063,0.14260152,74.905746,1.5013249,1.5077366,5.8255611e-10,828.7193,1304.0999
1924,413.72321,0.052922018,413.62479,1.0987575,0.031545136,77.993164,218.25957,103.59232,0.1738393,0.13258672,74.908798,1.5408125,1.48746,5.8732813e-10,828.53119,1303.5914
1924.0833,413.63367,0.052974563,413.53516,1.0991642,0.031545319,77.86924,218.14293,103.53957,0.15553315,0.1194275,74.911842,1.5711558,1.5490037,5.880067e-10,828.35254,1303.0911
1924.1667,413.54407,0.052975427,413.44556,1.0995708,0.031545497,77.713646,218.00117,103.47501,0.14564368,0.11190504,74.91481,1.599593,1.5872095,5.8844085e-10,828.17371,1302.5359
1924.25,413.45145,0.052984647,413.35294,1.0999911,0.031545687,77.551079,217.86235,103.412,0.13851094,0.10383383,74.91787,1.6097622,1.5611424,5.8853589e-10,827.98889,1301.9745
1924.3333,413.3588,0.052951541,413.26031,1.1004113,0.031545874,77.39035,217.73366,103.35358,0.13829654,0.098894052,74.920891,1.639346,1.5661856,5.8815219e-10,827.80402,1301.4397
1924.4167,413.26636,0.05303292,413.16776,1.1008314,0.03154606,77.265114,217.82367,103.39331,0.13604124,0.10563156,74.924271,1.9369125,1.7876484,5.3823712e-10,827.61957,1301.2676
1924.5,413.17386,0.05306593,413.07516,1.1012514,0.031546246,77.718399,219.51424,104.13744,0.15130952,0.11823832,74.926903,1.9802812,1.8407587,3.4631431e-10,827.43494,1304.0014
1924.5833,413.07974,0.053029846,412.98111,1.1016783,0.031546433,78.507423,221.99283,105.1871,0.16734895,0.12886836,74.929771,1.9221985,1.7879778,2.6050992e-10,827.24713,1308.1604
1924.6667,412.98715,0.053004313,412.88861,1.102098,0.031546619,79.235664,224.15988,106.10622,0.18268566,0.14047281,74.932602,1.647861,1.5197867,2.3714689e-10,827.06244,1311.82
1924.75,412.89459,0.052972682,412.79611,1.1025177,0.031546805,79.606201,225.25073,106.56261,0.18027571,0.14848597,74.935539,1.5050771,1.584963,2.994166e-10,826.87775,1313.5617
1924.8333,412.80209,0.05295163,412.70361,1.1029373,0.031546991,79.603333,225.44676,106.60484,0.18215801,0.15154646,74.938629,1.6013767,1.5605901,3.4758993e-10,826.69318,1313.6205
1924.9167,412.70959,0.052931268,412.61118,1.103357,0.031547178,79.582855,225.5892,106.63367,0.18605082,0.15424383,74.941666,1.5850005,1.5321122,4.0219103e-10,826.50854,1313.5962
1925,412.61563,0.052927595,412.51721,1.1037832,0.031547364,79.517929,225.6713,106.64025,0.18517643,0.15351911,74.944954,1.7228827,1.6466066,4.6750132e-10,826.32111,1313.4343
1925.0833,412.52634,0.052967895,412.42783,1.1041888,0.031547543,79.307304,225.52911,106.56498,0.1667424,0.13817167,74.948166,1.819742,1.7775346,5.4130295e-10,826.14288,1312.7974
1925.1667,412.43695,0.052968029,412.33847,1.1045943,0.031547721,79.055183,225.31664,106.468,0.15942888,0.13154911,74.95105,1.8235323,1.7976844,5.5026272e-10,825.96454,1312.0465
1925.25,412.34457,0.052957784,412.24609,1.1050135,0.031547908,78.805939,225.11691,106.37724,0.15450822,0.12501925,74.954041,1.8331838,1.7600929,5.5029131e-10,825.78021,1311.3139
1925.3333,412.25217,0.05293544,412.15375,1.1054325,0.03154809,78.586143,224.95656,106.30316,0.16011232,0.12125003,74.956886,1.798503,1.6863389,5.5006494e-10,825.59583,1310.6799
1925.4167,412.15991,0.052972399,412.0614,1.1058515,0.031548277,78.533577,225.10016,106.36653,0.17350526,0.13256976,74.959641,1.7137604,1.5156126,4.8191107e-10,825.41168,1310.6776
1925.5,412.06766,0.053015832,411.96909,1.1062704,0.031548459,79.232002,226.97928,107.20186,0.19695005,0.15113573,74.962219,1.4389296,1.2481098,2.7808322e-10,825.22754,1313.9509
1925.5833,411.97382,0.052993845,411.87527,1.1066961,0.031548645,80.163887,229.21013,108.22903,0.21219422,0.1633237,74.965164,1.2916881,1.1946679,2.2753331e-10,825.04034,1317.9841
1925.6667,411.88162,0.053034738,411.78302,1.1071148,0.031548828,80.880112,230.92006,109.01353,0.22439937,0.17275755,74.968155,1.2927072,1.2082608,2.0130926e-10,824.85632,1321.0354
1925.75,411.7894,0.053047236,411.69077,1.1075333,0.031549014,81.50161,232.40894,109.69258,0.23108107,0.18126626,74.971352,1.2886988,1.3781184,1.9790064e-10,824.6723,1323.6591
1925.8333,411.69714,0.053024974,411.59854,1.1079519,0.031549197,81.648918,232.83121,109.87502,0.222758,0.18458383,74.975418,1.5496109,1.5116818,2.9843231e-10,824.48828,1324.2263
1925.9167,411.60486,0.052995969,411.50632,1.1083703,0.031549379,81.47406,232.62878,109.77561,0.22084831,0.18301612,74.979019,1.6137453,1.5649337,4.4811335e-10,824.30414,1323.5655
1926,411.51157,0.053201348,411.41263,1.1087954,0.031549565,81.323059,232.49588,109.69804,0.22613199,0.18838383,74.771751,3.0480556,2.9479582,5.081614e-10,824.1178,1322.821
1926.0833,411.42215,0.053055301,411.32349,1.1092,0.031549741,81.16301,232.32712,109.61395,0.21852535,0.18260136,74.767906,1.728585,1.6747812,5.2964111e-10,823.93945,1322.2125
1926.1667,411.3331,0.053107854,411.23434,1.1096044,0.031549919,80.940918,232.08167,109.5015,0.20301938,0.16982852,74.764503,1.7905287,1.7288325,5.4341326e-10,823.76172,1321.4231
1926.25,411.24103,0.053134866,411.14221,1.1100224,0.031550102,80.681938,231.81134,109.37787,0.19694632,0.16520615,74.76088,1.822142,1.7840297,5.4451099e-10,823.578,1320.5723
1926.3333,411.14896,0.053150695,411.05011,1.1104404,0.031550281,80.40358,231.53983,109.25293,0.19766915,0.15535636,74.757278,1.8854285,1.7305937,5.4467569e-10,823.39417,1319.7009
1926.4167,411.05701,0.053229295,410.95804,1.1108582,0.031550463,80.14743,231.39771,109.18385,0.20907632,0.16676204,74.753593,1.9751787,1.7345744,4.9423804e-10,823.21063,1319.0691
1926.5,410.96518,0.053353414,410.86597,1.111276,0.031550646,80.507065,232.80568,109.76684,0.24417806,0.19559193,74.749397,1.9434186,1.4121172,2.908318e-10,823.02734,1321.2961
1926.5833,410.87161,0.053343836,410.77243,1.1117005,0.031550832,80.935104,234.37363,110.36877,0.28307524,0.22938706,74.745529,1.8583131,1.5250707,2.3768046e-10,822.84064,1323.7761
1926.6667,410.7796,0.053354561,410.68039,1.1121181,0.031551011,81.328125,235.85568,110.91968,0.31025535,0.25125402,74.741753,1.8009543,1.5603515,2.028471e-10,822.65698,1326.0638
1926.75,410.6875,0.053292856,410.58841,1.1125356,0.031551193,81.556984,236.91058,111.27792,0.31303418,0.26686233,74.738289,1.9214391,1.9893326,2.2363926e-10,822.47333,1327.5369
1926.8333,410.59537,0.053218853,410.49643,1.1129529,0.031551376,81.352455,236.83195,111.19906,0.31764567,0.2742627,74.734718,1.842707,1.7450311,3.1723976e-10,822.28955,1326.9997
1926.9167,410.50351,0.053265199,410.40445,1.1133703,0.031551555,81.079872,236.53328,111.05805,0.32539049,0.28005797,74.731049,1.7988127,1.6930448,4.5477072e-10,822.10608,1326.1138
1927,410.41,0.053228911,410.311,1.1137943,0.031551737,80.843536,236.25223,110.92877,0.33774403,0.29006141,74.727318,1.7436272,1.5842577,5.2417864e-10,821.91956,1325.2992
1927.0833,410.32114,0.053255975,410.22211,1.1141977,0.031551912,80.628914,236.00761,110.8127,0.3315458,0.28419891,74.724236,1.7839342,1.7017592,5.3355337e-10,821.74225,1324.5314
1927.1667,410.23236,0.053307731,410.13321,1.114601,0.031552088,80.376724,235.72676,110.68067,0.30827367,0.26426181,74.721176,1.7926525,1.720029,5.4103427e-10,821.56506,1323.643
1927.25,410.14056,0.053359337,410.04135,1.115018,0.031552266,80.075371,235.38655,110.52767,0.28465974,0.24107035,74.718033,1.8199726,1.6726482,5.4809846e-10,821.38177,1322.6151
1927.3333,410.04874,0.053381577,409.94949,1.1154348,0.031552449,79.75177,235.03493,110.36982,0.29206243,0.23610643,74.714828,1.8524448,1.655968,5.4838217e-10,821.19861,1321.5981
1927.4167,409.95694,0.053389773,409.85764,1.1158515,0.031552628,79.444328,234.7401,110.23636,0.29972664,0.24412215,74.711525,1.8937125,1.6874294,5.1908772e-10,821.01532,1320.6914
1927.5,409.86539,0.05352965,409.76584,1.1162682,0.031552806,79.606537,235.60292,110.58447,0.32942784,0.26629409,74.707764,1.8557359,1.4201167,3.2144529e-10,820.83258,1321.93
1927.5833,409.772,0.053488452,409.67255,1.1166916,0.031552989,80.116112,237.25499,111.2332,0.36915535,0.30018133,74.704224,1.6875808,1.2579255,2.4385038e-10,820.6463,1324.6242
1927.6667,409.68024,0.053496938,409.58075,1.117108,0.031553168,80.455734,238.44792,111.67114,0.39922953,0.33155042,74.700981,1.7533628,1.6212771,2.1623905e-10,820.46313,1326.4697
1927.75,409.58859,0.053546727,409.48901,1.1175244,0.031553347,80.525246,238.90508,111.79043,0.39837343,0.34689394,74.697746,1.7382169,1.6330105,2.4685098e-10,820.28027,1326.944
1927.8333,409.4968,0.053525884,409.39728,1.1179407,0.031553525,80.338623,238.9872,111.71529,0.40729028,0.35467997,74.694801,2.0198419,1.9088078,2.8626659e-10,820.09711,1326.595
1927.9167,409.40503,0.053493224,409.30557,1.1183568,0.031553704,80.1091,238.93881,111.61628,0.41006964,0.35677055,74.691498,1.8966511,1.7715933,3.2305467e-10,819.914,1326.0365
1928,409.31186,0.053501692,409.21237,1.1187797,0.031553887,79.931183,238.86372,111.54108,0.4241949,0.36891487,74.691261,1.7599373,1.5662003,3.498071e-10,819.72809,1325.5485
1928.0833,409.22324,0.053518061,409.12369,1.1191821,0.031554058,79.78862,238.80573,111.4808,0.43106103,0.37563166,74.694206,1.7407802,1.6756138,3.6983028e-10,819.55121,1325.1272
1928.1667,409.13461,0.053533889,409.03506,1.1195843,0.03155423,79.635658,238.7373,111.41599,0.42430753,0.37043411,74.697266,1.8013128,1.7330055,3.952918e-10,819.37433,1324.6553
1928.25,409.043,0.053541638,408.94342,1.1200001,0.031554408,79.404793,238.5799,111.31746,0.41436306,0.35644796,74.700478,1.8669032,1.637598,4.3842269e-10,819.19147,1323.9649
1928.3333,408.95145,0.053570878,408.85181,1.1204158,0.031554587,79.157814,238.4037,111.21394,0.44518238,0.36879197,74.703514,1.8871064,1.600221,4.5393456e-10,819.00879,1323.3017
1928.4167,408.86002,0.053651992,408.76022,1.1208315,0.031554762,78.918396,238.28773,111.13671,0.4704923,0.39035472,74.706573,1.9409993,1.5255365,4.1896808e-10,818.82629,1322.7366
1928.5,408.76855,0.053723805,408.66867,1.1212469,0.031554941,79.021729,239.01106,111.38994,0.52728438,0.43345407,74.708984,1.6928047,0.94050914,2.6891578e-10,818.6438,1323.7363
1928.5833,408.67548,0.053694598,408.57562,1.1216692,0.03155512,79.338905,240.03575,111.78911,0.58289891,0.47892669,74.7118,1.3295907,0.77808011,2.2315787e-10,818.45801,1325.3955
1928.6667,408.58398,0.053715944,408.4841,1.1220846,0.031555299,79.678596,241.04987,112.20419,0.6310603,0.5188663,74.714935,1.4859184,0.96619779,1.9924219e-10,818.27545,1327.073
1928.75,408.49234,0.053639565,408.39258,1.1224998,0.031555474,79.764725,241.46416,112.33498,0.63841999,0.55046451,74.718094,1.4858308,1.4244152,2.6078165e-10,818.09265,1327.5635
1928.8333,408.40082,0.05361471,408.30109,1.122915,0.031555653,79.637215,241.31561,112.24513,0.6661405,0.57247221,74.721191,1.5252292,1.1879979,3.3544123e-10,817.90997,1327.0677
1928.9167,408.30936,0.053627763,408.20963,1.12333,0.031555828,79.554497,241.18713,112.17594,0.68020868,0.58296788,74.724129,1.450256,1.0934503,3.7844733e-10,817.72754,1326.6324
1929,408.21646,0.053653382,408.1167,1.1237518,0.031556007,79.488937,241.08171,112.11655,0.68751872,0.59120703,74.727142,1.4412112,0.98052764,4.1258144e-10,817.54218,1326.2352
1929.0833,408.12808,0.05367491,408.02826,1.124153,0.031556178,79.439293,241.01086,112.06809,0.71538669,0.61944258,74.730049,1.4371891,1.1080967,4.1729098e-10,817.36572,1325.9489
1929.1667,408.03973,0.053701427,407.93985,1.1245543,0.031556349,79.349701,240.90137,112.00343,0.70795149,0.61673254,74.733154,1.5775898,1.3716195,4.4258919e-10,817.18945,1325.5018
1929.25,407.94839,0.053732932,407.84848,1.124969,0.031556524,79.206131,240.74409,111.91473,0.72143221,0.61630106,74.736206,1.6363932,1.2459196,4.7011967e-10,817.00708,1324.946
1929.3333,407.85709,0.053760115,407.75711,1.1253835,0.031556699,79.039024,240.56677,111.81784,0.76129645,0.64009851,74.73925,1.6848274,1.3451829,4.7742282e-10,816.82489,1324.3892
1929.4167,407.76587,0.053823303,407.66577,1.1257981,0.031556875,78.883942,240.47287,111.75535,0.79123002,0.66252512,74.742233,1.7024046,1.2301039,4.3116366e-10,816.64282,1323.951
1929.5,407.67459,0.053844847,407.57443,1.1262125,0.03155705,79.145226,241.43221,112.13615,0.83555657,0.68433928,74.744728,1.3555013,0.80493897,2.6766603e-10,816.46063,1325.4388
1929.5833,407.58173,0.053817138,407.48166,1.1266335,0.031557228,79.526947,242.49304,112.59611,0.88516361,0.72544694,74.747688,1.2505482,0.70486075,2.1834046e-10,816.27539,1327.2498
1929.6667,407.49048,0.053822637,407.39038,1.1270478,0.031557404,79.854164,243.38553,112.98383,0.9345268,0.76684016,74.75074,1.2299987,0.68523324,1.9543334e-10,816.09332,1328.769
1929.75,407.39923,0.053842545,407.2991,1.1274619,0.031557579,80.05999,243.96521,113.23008,0.95077258,0.80445534,74.754456,1.3590761,1.2808321,2.4173019e-10,815.91119,1329.6762
1929.8333,407.30804,0.053860374,407.20786,1.1278759,0.03155775,79.946815,243.77988,113.13847,0.96000749,0.81837893,74.758087,1.4178828,1.0213701,3.6908437e-10,815.72919,1329.1308
1929.9167,407.21692,0.053913344,407.11664,1.1282899,0.031557925,79.873787,243.62482,113.06496,0.98983127,0.84419894,74.761581,1.364935,0.96407789,4.1949483e-10,815.5473,1328.7065
1930,407.12454,0.054080788,407.02396,1.1287106,0.031558104,79.806152,243.48149,112.99474,1.032051,0.87922019,74.619705,2.3360958,1.807192,4.5611717e-10,815.36285,1328.1762
1930.0833,407.03629,0.054034803,406.93576,1.1291108,0.031558271,79.744469,243.35306,112.93085,0.98621148,0.84417415,74.615921,1.4141995,1.0899152,4.6752663e-10,815.18677,1327.6614
1930.1667,406.94821,0.05409795,406.8476,1.1295109,0.031558439,79.674271,243.20943,112.86546,0.90404397,0.77666384,74.612366,1.483422,1.2718624,4.8279902e-10,815.01099,1327.0532
1930.25,406.85718,0.054155029,406.75647,1.1299244,0.031558614,79.550201,243.03346,112.77612,0.87008911,0.74544895,74.608734,1.6043173,1.3406724,4.9211102e-10,814.82935,1326.4135
1930.3333,406.7662,0.054223511,406.66534,1.130338,0.031558786,79.402779,242.81578,112.67709,0.878613,0.72732538,74.605087,1.6658849,1.1479042,4.9619481e-10,814.64764,1325.7544
1930.4167,406.67529,0.054313596,406.57425,1.1307514,0.031558961,79.216408,242.57022,112.56647,0.90907001,0.75645626,74.60157,1.7880059,1.3579597,4.9745358e-10,814.46613,1325.0863
1930.5,406.58459,0.054518037,406.48318,1.1311647,0.031559132,79.13961,242.78195,112.63361,0.95754993,0.78416103,74.597572,1.8134785,0.94579452,3.504326e-10,814.28503,1325.1795
1930.5833,406.49207,0.054530632,406.39066,1.1315846,0.031559307,79.412056,243.80765,113.0156,1.0264385,0.83354551,74.593399,1.5738751,0.76251924,2.5071104e-10,814.1004,1326.7891
1930.6667,406.40103,0.054532453,406.29962,1.1319977,0.031559482,79.723289,244.72972,113.39548,1.0803579,0.88807374,74.589447,1.3235664,1.0302569,2.2240479e-10,813.91876,1328.3251
1930.75,406.31,0.054521058,406.20859,1.1324108,0.031559654,79.845352,245.07726,113.53985,1.0994138,0.92977601,74.585632,1.2778761,0.7493031,2.5703614e-10,813.73706,1328.8143
1930.8333,406.21909,0.05456131,406.11761,1.1328237,0.031559825,79.873512,245.18176,113.57006,1.1387137,0.96598393,74.582001,1.4453948,0.9394182,2.9477371e-10,813.5556,1328.8676
1930.9167,406.12814,0.054572232,406.02664,1.1332365,0.03156,79.829216,245.13312,113.52815,1.1726295,0.9958424,74.578285,1.4925331,1.0104468,3.4448447e-10,813.37415,1328.6114
1931,406.03577,0.054605264,405.9342,1.133656,0.031560175,79.780876,245.05017,113.47964,1.2177327,1.0332317,74.577873,1.4300109,0.83294702,3.8264145e-10,813.18976,1328.3293
1931.0833,405.94788,0.054639153,405.84625,1.1340551,0.031560339,79.721153,244.93027,113.42104,1.2429013,1.0570847,74.580734,1.4216928,0.93671012,4.4076467e-10,813.01434,1327.9675
1931.1667,405.86002,0.054678127,405.75833,1.1344543,0.031560507,79.666794,244.81673,113.36586,1.2672287,1.079109,74.583595,1.4214255,0.93937051,4.6817811e-10,812.83905,1327.6184
1931.25,405.76923,0.054719809,405.66745,1.1348667,0.031560678,79.606583,244.68927,113.30874,1.2710984,1.0724765,74.586555,1.4253989,0.90647072,4.8503235e-10,812.65784,1327.1926
1931.3333,405.67844,0.054763261,405.57657,1.1352791,0.031560849,79.557747,244.5905,113.26138,1.3157607,1.0866495,74.589432,1.4089236,0.66490245,4.8880511e-10,812.47656,1326.8781
1931.4167,405.58771,0.054828886,405.48572,1.1356914,0.031561021,79.590302,244.70404,113.30836,1.3762642,1.1351236,74.592316,1.3635736,0.60391331,4.0983278e-10,812.29553,1327.0019
1931.5,405.49689,0.054834496,405.3949,1.1361036,0.031561192,79.914314,245.54712,113.68465,1.4347707,1.178055,74.595078,1.2296648,0.51181799,2.7065558e-10,812.11432,1328.4683
1931.5833,405.40466,0.054861635,405.30261,1.1365224,0.031561363,80.244644,246.39334,114.05875,1.4972857,1.2311265,74.598045,1.2092923,0.49099225,2.2905207e-10,811.93024,1329.9534
1931.6667,405.31396,0.054913361,405.21182,1.1369344,0.031561535,80.526947,247.11415,114.37529,1.5515848,1.2833928,74.601006,1.2036095,0.88936645,2.0299802e-10,811.74921,1331.2016
1931.75,405.22327,0.05494741,405.12106,1.1373464,0.031561706,80.665291,247.47675,114.52791,1.5717291,1.3319609,74.603943,1.1850265,0.56674725,2.4218133e-10,811.56818,1331.7457
1931.8333,405.13263,0.054997664,405.0303,1.1377583,0.031561878,80.680374,247.51779,114.53581,1.6164293,1.374018,74.606918,1.1871617,0.67111552,2.8083838e-10,811.38721,1331.7186
1931.9167,405.04196,0.055035423,404.93958,1.1381699,0.031562045,80.697632,247.55301,114.5463,1.6462489,1.4030428,74.609856,1.1825149,0.7498408,3.0011418e-10,811.2063,1331.6623
1932,404.94986,0.055083305,404.84741,1.1385883,0.03156222,80.717728,247.592,114.5599,1.5960871,1.3599923,74.612846,1.1803778,0.5287658,3.143745e-10,811.02252,1331.461
1932.0833,404.86227,0.055138573,404.7597,1.1389863,0.031562384,80.743683,247.64113,114.57987,1.4793333,1.2644674,74.615692,1.1800261,0.87490505,3.2996464e-10,810.84766,1331.1719
1932.1667,404.77466,0.055184025,404.672,1.1393844,0.031562548,80.775734,247.70039,114.60612,1.4430859,1.2353163,74.618523,1.1793045,0.91394705,3.4854938e-10,810.67279,1331.0519
1932.25,404.68408,0.055221654,404.58136,1.1397958,0.031562716,80.809456,247.7616,114.63398,1.4648347,1.2446023,74.621452,1.177621,0.80623621,3.6758804e-10,810.492,1331.0279
1932.3333,404.59351,0.055248968,404.49075,1.1402071,0.031562887,80.846031,247.83066,114.66499,1.5086759,1.2552849,74.624374,1.1745299,0.68519074,3.7718312e-10,810.31128,1331.0413
1932.4167,404.50299,0.055280834,404.40015,1.1406182,0.031563055,80.883385,247.90367,114.69701,1.5420293,1.2833868,74.627281,1.1729735,0.88849443,3.7924031e-10,810.13055,1331.0673
1932.5,404.41248,0.055315554,404.30957,1.1410292,0.031563222,81.070084,248.34914,114.90067,1.5743119,1.3044755,74.630173,1.1468801,0.72340381,2.804425e-10,809.94995,1331.7787
1932.5833,404.32043,0.05532597,404.21753,1.1414471,0.031563394,81.421181,249.19727,115.29211,1.6104224,1.3301895,74.633102,1.0905907,0.70830047,2.1974052e-10,809.76624,1333.2505
1932.6667,404.22998,0.055372316,404.12698,1.141858,0.031563565,81.690399,249.84915,115.59248,1.6353517,1.3563899,74.636383,1.0885026,1.0814917,2.0292514e-10,809.58575,1334.3459
1932.75,404.13962,0.055449814,404.03647,1.1422688,0.031563733,81.869774,250.28047,115.79013,1.6301739,1.3789411,74.639938,1.0870061,0.83603466,2.1429174e-10,809.4054,1334.9948
1932.8333,404.04926,0.055520903,403.94595,1.1426795,0.0315639,81.896957,250.34282,115.81413,1.6463804,1.3920698,74.643509,1.1422799,0.96371716,2.8923991e-10,809.22498,1334.9608
1932.9167,403.95889,0.055581264,403.8555,1.1430901,0.031564068,81.873405,250.27365,115.77959,1.6218121,1.3708135,74.647049,1.1598934,0.96082377,3.7465389e-10,809.04462,1334.6109
1933,403.86719,0.055717226,403.76355,1.1435074,0.031564239,81.857697,250.22012,115.75314,1.5443245,1.3042358,74.504585,2.1345599,1.5070285,4.1953929e-10,808.86151,1334.0457
1933.0833,403.77975,0.055731431,403.67609,1.1439043,0.031564403,81.849297,250.18153,115.73444,1.4329822,1.2125924,74.500778,1.2100822,1.0483629,4.522924e-10,808.68707,1333.5987
1933.1667,403.69244,0.055795647,403.58862,1.1443013,0.031564564,81.843468,250.1454,115.71799,1.3826807,1.1706778,74.497101,1.2113743,1.0297104,4.8077481e-10,808.5127,1333.2699
1933.25,403.60211,0.055842191,403.49823,1.1447115,0.031564731,81.839394,250.11073,115.70282,1.3663298,1.1465712,74.493324,1.2125473,0.9251458,4.9931814e-10,808.33246,1332.9916
1933.3333,403.51181,0.055881277,403.40787,1.1451217,0.031564899,81.840576,250.08759,115.69308,1.3701863,1.1268877,74.489571,1.2144734,0.80728078,5.0256249e-10,808.15228,1332.7602
1933.4167,403.42154,0.055921901,403.3175,1.1455318,0.031565066,81.893013,250.18893,115.74116,1.4041911,1.1553812,74.485802,1.2162479,0.60077661,4.4539614e-10,807.97198,1332.8404
1933.5,403.3313,0.055961255,403.22717,1.1459419,0.031565234,82.24926,251.02249,116.12942,1.4676725,1.2033006,74.481979,1.1547037,0.39239445,2.8659633e-10,807.79193,1334.3461
1933.5833,403.23953,0.055987891,403.13538,1.1463584,0.031565402,82.596756,251.82446,116.50547,1.5226221,1.2485679,74.478134,1.1353483,0.60508329,2.4374713e-10,807.60883,1335.7848
1933.6667,403.14932,0.056027353,403.04507,1.1467682,0.031565569,82.901131,252.53539,116.83707,1.5596182,1.2838746,74.474358,1.1339983,0.97630018,2.2348273e-10,807.42877,1337.0202
1933.75,403.05917,0.056085456,402.9548,1.1471779,0.031565733,83.017738,252.79814,116.9579,1.5606408,1.3158594,74.470589,1.1556394,0.89686513,2.7056452e-10,807.24878,1337.3697
1933.8333,402.96899,0.056125775,402.86456,1.1475875,0.031565901,83.01432,252.77745,116.94387,1.5739042,1.3266708,74.46685,1.2133973,1.0194985,3.3927333e-10,807.06879,1337.1719
1933.9167,402.87885,0.056170363,402.77432,1.1479971,0.031566069,83.005524,252.74214,116.92339,1.559714,1.3147587,74.463074,1.2131984,0.99123102,3.828039e-10,806.88892,1336.8976
1934,402.78726,0.056223728,402.68265,1.1484133,0.031566236,82.999413,252.70824,116.90498,1.4099164,1.1882478,74.462654,1.1717894,0.62835073,4.4647266e-10,806.70612,1336.3795
1934.0833,402.70013,0.056279819,402.5954,1.1488092,0.031566396,83.002563,252.69081,116.8963,1.2511945,1.056474,74.465492,1.1742169,1.0468348,4.8578508e-10,806.53217,1335.895
1934.1667,402.61298,0.056320816,402.50821,1.149205,0.031566557,83.010239,252.68059,116.89201,1.2354698,1.0423126,74.468323,1.1757309,1.0602779,4.9955923e-10,806.35828,1335.6873
1934.25,402.52289,0.056353416,402.41806,1.1496142,0.03156672,83.018944,252.66916,116.88815,1.2136717,1.0138433,74.47126,1.1756023,0.97966176,5.0839272e-10,806.17847,1335.4535
1934.3333,402.4328,0.056378771,402.32791,1.1500232,0.031566888,83.032188,252.66815,116.88893,1.2117399,0.98924434,74.47419,1.1755095,0.90222871,5.098395e-10,805.99866,1335.2631
1934.4167,402.34274,0.056402758,402.23779,1.1504322,0.031567052,83.162735,252.94594,117.02002,1.2351278,1.0054139,74.477112,1.1714699,0.80109096,4.0599271e-10,805.81897,1335.6653
1934.5,402.25272,0.056436852,402.14771,1.1508411,0.031567216,83.561539,253.85167,117.44696,1.2753924,1.0338578,74.47998,1.082315,0.60533035,2.8580169e-10,805.63922,1337.2886
1934.5833,402.16122,0.056460645,402.05618,1.1512567,0.031567384,83.886482,254.56987,117.78821,1.3162129,1.0642496,74.482948,1.0829233,0.66856259,2.4274083e-10,805.45667,1338.5646
1934.6667,402.07126,0.056495875,401.96613,1.1516653,0.031567547,84.218895,255.32025,118.14233,1.3518275,1.089695,74.485893,1.0817076,0.72177875,2.1940853e-10,805.2771,1339.886
1934.75,401.98129,0.056538343,401.8761,1.152074,0.031567711,84.487427,255.9239,118.42656,1.3626715,1.1212083,74.488853,1.0804262,0.99207133,2.2243136e-10,805.0976,1340.9083
1934.8333,401.89136,0.056579404,401.7861,1.1524825,0.031567875,84.539742,256.02475,118.47195,1.3699045,1.1349058,74.491859,1.1465923,0.99288642,3.3480979e-10,804.91803,1340.9511
1934.9167,401.80145,0.056609251,401.69611,1.1528909,0.031568039,84.524254,255.96591,118.44314,1.3562436,1.1222416,74.494797,1.1599454,0.9713217,4.7645626e-10,804.73865,1340.6453
1935,401.71008,0.056646023,401.60468,1.153306,0.031568207,84.516937,255.92403,118.42271,1.2999682,1.0734079,74.497757,1.1606091,0.68618155,5.3103533e-10,804.55627,1340.2911
1935.0833,401.62314,0.056676012,401.51767,1.1537008,0.031568367,84.515694,255.8951,118.40904,1.2503921,1.0323884,74.50058,1.1636186,1.035372,5.3646787e-10,804.38275,1339.986
1935.1667,401.53619,0.056700751,401.43069,1.1540956,0.031568523,84.516632,255.86894,118.39738,1.2206323,1.0071142,74.503403,1.1654711,1.0481309,5.4143312e-10,804.20923,1339.7233
1935.25,401.44635,0.056723587,401.34079,1.1545037,0.031568687,84.521019,255.84883,118.38872,1.2033011,0.98562545,74.506332,1.1664311,0.98167896,5.4203325e-10,804.02991,1339.4837
1935.3333,401.35651,0.056745131,401.25092,1.1549118,0.031568851,84.526932,255.83156,118.38149,1.19995,0.96248567,74.509247,1.1663688,0.91877317,5.4267096e-10,803.85065,1339.2623
1935.4167,401.26666,0.056763519,401.16104,1.1553196,0.031569015,84.537865,255.82713,118.37958,1.2032313,0.96609545,74.512154,1.1629176,0.95839679,5.429564e-10,803.67139,1339.0975
1935.5,401.17688,0.056795426,401.0712,1.1557274,0.031569175,84.751335,256.298,118.60142,1.232864,0.98435932,74.515038,1.1159559,0.69622707,3.6794995e-10,803.49213,1339.8751
1935.5833,401.08563,0.056817744,400.97989,1.1561418,0.031569343,85.253418,257.43756,119.14082,1.2693368,1.0059457,74.51796,1.0784984,0.73055035,2.631052e-10,803.31,1341.9351
1935.6667,400.99588,0.056849152,400.89011,1.1565495,0.031569503,85.712341,258.47919,119.6332,1.2979687,1.0259507,74.520882,1.0783112,0.87554282,2.2514382e-10,803.13098,1343.8005
1935.75,400.90616,0.056877028,400.80032,1.1569569,0.031569667,85.976486,259.06567,119.91012,1.3056192,1.0584863,74.523804,1.0772604,0.83008969,2.3843702e-10,802.9519,1344.7921
1935.8333,400.81644,0.056903757,400.71054,1.1573644,0.031569827,86.074699,259.26492,120.00359,1.3177767,1.0672358,74.526733,1.0753083,0.98024195,2.6791522e-10,802.77277,1345.0277
1935.9167,400.72678,0.05694297,400.62082,1.1577717,0.031569991,86.148514,259.40808,120.07034,1.2360885,1.0018555,74.529648,1.0744063,0.97204316,2.8595645e-10,802.59387,1344.9884
1936,400.63565,0.05698416,400.5296,1.1581856,0.031570155,86.222229,259.54926,120.13638,1.1799592,0.95633203,74.532608,1.073215,0.70066047,3.1450992e-10,802.41199,1344.9887
1936.0833,400.54895,0.05702332,400.44284,1.1585795,0.031570312,86.291504,259.68088,120.1981,1.1263748,0.91388732,74.535423,1.0727122,0.96480078,3.364827e-10,802.23895,1344.9851
1936.1667,400.46228,0.057057656,400.35611,1.1589732,0.031570468,86.359917,259.80945,120.25867,1.0895532,0.88351792,74.538246,1.0725236,0.98781586,3.6035402e-10,802.06604,1345.0055
1936.25,400.37268,0.057090532,400.26645,1.1593802,0.031570628,86.430702,259.94189,120.32128,1.0885693,0.87503785,74.541145,1.0721896,0.94059473,3.7974843e-10,801.88715,1345.0858
1936.3333,400.28311,0.057120275,400.17682,1.1597871,0.031570792,86.504639,260.08154,120.38733,1.1057254,0.86876947,74.544044,1.0720029,0.89944237,3.8911643e-10,801.70844,1345.2004
1936.4167,400.19354,0.057154942,400.08719,1.1601939,0.031570952,86.614029,260.3042,120.49265,1.1240807,0.87888181,74.546944,1.0718641,0.79707158,3.5521422e-10,801.52966,1345.4905
1936.5,400.10397,0.057173766,399.99759,1.1606005,0.031571113,87.001785,261.17081,120.90366,1.1557877,0.88768739,74.549828,1.0739374,0.73089516,2.4223062e-10,801.35083,1347.0204
1936.5833,400.01297,0.057205003,399.90652,1.1610138,0.031571276,87.425026,262.11957,121.35352,1.1867553,0.89718777,74.552902,1.0604491,0.74400365,2.1011663e-10,801.16925,1348.7042
1936.6667,399.92355,0.057270642,399.81699,1.1614203,0.031571437,87.776932,262.90445,121.72581,1.2160119,0.9060955,74.556366,1.0599077,0.75408363,1.937995e-10,800.99084,1350.0765
1936.75,399.8342,0.057370786,399.72742,1.1618268,0.031571597,87.968063,263.31247,121.91983,1.226123,0.92875069,74.559799,1.0595934,0.92738086,2.0753273e-10,800.81238,1350.7274
1936.8333,399.74487,0.05747873,399.63791,1.1622331,0.031571757,88.016014,263.39609,121.95863,1.2412262,0.93810689,74.563202,1.0591426,0.77540463,2.4090421e-10,800.63403,1350.7473
1936.9167,399.65558,0.057589758,399.5484,1.1626394,0.031571917,88.049728,263.44791,121.98212,1.237397,0.9251886,74.566605,1.0588908,0.89336604,2.719662e-10,800.45581,1350.6647
1937,399.56494,0.057751127,399.45746,1.1630522,0.031572081,88.087273,263.50751,122.00939,1.2294099,0.92289287,74.356743,2.4738677,2.2192438,2.8629554e-10,800.27472,1350.388
1937.0833,399.47855,0.057810728,399.37094,1.163445,0.031572234,88.127701,263.5748,122.04041,1.2217561,0.9205004,74.35276,1.1068194,1.0550758,2.879004e-10,800.10229,1350.3402
1937.1667,399.39224,0.057916325,399.28445,1.1638377,0.03157239,88.168091,263.64172,122.07117,1.144866,0.86667258,74.348984,1.1152501,1.0674956,2.9651245e-10,799.92999,1350.1716
1937.25,399.30301,0.058023572,399.19504,1.1642436,0.031572547,88.208206,263.70712,122.10107,1.1278628,0.85097426,74.345085,1.1187074,1.0507433,3.1367731e-10,799.75183,1350.0922
1937.3333,399.21384,0.058132309,399.10562,1.1646494,0.031572707,88.25029,263.77655,122.13301,1.1136243,0.82213646,74.341164,1.1185684,1.0388614,3.2445224e-10,799.57379,1350.0106
1937.4167,399.12466,0.058241349,399.01627,1.165055,0.031572867,88.297104,263.85641,122.17002,1.0892706,0.81033832,74.337257,1.1188667,1.0325881,3.2651118e-10,799.39575,1349.9561
1937.5,399.03549,0.05835063,398.92691,1.1654607,0.031573027,88.502884,264.3046,122.38195,1.1163197,0.81348515,74.333351,1.1172969,0.45366991,2.5542063e-10,799.21777,1350.6704
1937.5833,398.94489,0.058454964,398.83609,1.1658729,0.031573188,88.919983,265.23666,122.82448,1.1796471,0.8226729,74.329361,1.1060321,0.37233177,1.9942864e-10,799.03687,1352.3497
1937.6667,398.8558,0.05857224,398.7468,1.1662784,0.031573348,89.21389,265.88068,123.13081,1.229858,0.83216268,74.325432,1.1056851,0.66476679,1.7900109e-10,798.85895,1353.4718
1937.75,398.76678,0.058709707,398.6575,1.1666837,0.031573504,89.427605,266.33972,123.34917,1.2371088,0.85250938,74.321457,1.1054455,1.1118702,1.8633016e-10,798.68127,1354.2089
1937.8333,398.67776,0.058852185,398.56821,1.1670889,0.031573664,89.462234,266.39102,123.3728,1.2301613,0.86108524,74.317474,1.1049976,1.1086988,2.4213709e-10,798.50348,1354.1382
1937.9167,398.58878,0.058991928,398.47897,1.1674941,0.031573821,89.453499,266.34467,123.34955,1.2191678,0.85780209,74.313507,1.1145427,1.4655606,2.8458697e-10,798.32574,1353.8639
1938,398.49835,0.059133012,398.38828,1.1679058,0.031573981,89.441208,266.28967,123.32217,1.1370648,0.79842788,74.309464,1.1158766,1.0616949,3.3787251e-10,798.14526,1353.4433
1938.0833,398.41229,0.05925715,398.302,1.1682975,0.031574134,89.431679,266.24142,123.29831,1.1229678,0.79336196,74.305641,1.1157591,1.1201456,3.8862216e-10,797.97339,1353.1668
1938.1667,398.32623,0.059357148,398.21573,1.1686891,0.031574287,89.42733,266.20465,123.27997,1.0985295,0.78081238,74.301865,1.1155111,1.1218003,4.3248258e-10,797.80157,1352.8947
1938.25,398.23721,0.059435789,398.12656,1.169094,0.031574443,89.426849,266.17563,123.2653,1.0901242,0.77255195,74.298012,1.1152166,1.0987235,4.65293e-10,797.62384,1352.6524
1938.3333,398.14816,0.059497554,398.03741,1.1694987,0.031574603,89.432281,266.16022,123.25707,1.0874116,0.74496555,74.294189,1.1148592,1.0277627,4.7635962e-10,797.44617,1352.4223
1938.4167,398.05914,0.059558351,397.94827,1.1699033,0.03157476,89.566147,266.44321,123.39036,1.1008208,0.74517828,74.290375,1.1142386,0.63458645,3.6620762e-10,797.26849,1352.8046
1938.5,397.97015,0.059619877,397.85916,1.1703079,0.031574916,89.912498,267.21094,123.75502,1.1497489,0.74949801,74.286545,1.1033723,0.50597286,2.6535676e-10,797.09076,1354.155
1938.5833,397.87973,0.05968171,397.76862,1.1707189,0.031575076,90.166977,267.75574,124.01538,1.1964875,0.75330579,74.282654,1.1030717,0.63023192,2.2496283e-10,796.91028,1355.0808
1938.6667,397.79077,0.059747536,397.67957,1.1711233,0.031575233,90.476959,268.44363,124.34148,1.2258741,0.75897932,74.278824,1.1028901,0.95038044,1.9831385e-10,796.73279,1356.2586
1938.75,397.7019,0.059833106,397.59052,1.1715275,0.031575389,90.689171,268.90671,124.56055,1.2151031,0.7819832,74.274956,1.1026418,1.0491251,2.1672891e-10,796.55536,1356.9838
1938.8333,397.61304,0.059926029,397.5015,1.1719316,0.031575546,90.721855,268.95587,124.58274,1.2099094,0.78190792,74.27108,1.1022351,1.1330459,2.9229902e-10,796.37793,1356.9013
1938.9167,397.5242,0.060019396,397.41248,1.1723357,0.031575702,90.708939,268.90054,124.55517,1.1786346,0.76725173,74.267189,1.1019783,1.5057706,3.2323577e-10,796.20062,1356.5783
1939,397.43396,0.060114395,397.32202,1.1727464,0.031575859,90.696014,268.84412,124.52714,1.072492,0.6964376,74.263245,1.1016476,1.0710599,3.5822717e-10,796.02039,1356.1198
1939.0833,397.34808,0.060203809,397.23599,1.1731371,0.031576011,90.686615,268.7966,124.50338,0.98069638,0.64648819,74.259491,1.1089092,1.1254946,4.0054424e-10,795.849,1355.7222
1939.1667,397.26221,0.060286988,397.14996,1.1735276,0.03157616,90.678787,268.7532,124.48132,0.9648453,0.64025736,74.255745,1.1123308,1.1273614,4.3932055e-10,795.67749,1355.4517
1939.25,397.1734,0.060356949,397.06104,1.1739314,0.031576317,90.672462,268.71176,124.46035,0.952694,0.62927192,74.251907,1.1118778,1.0999631,4.7100956e-10,795.50031,1355.1787
1939.3333,397.08463,0.060418468,396.97214,1.174335,0.031576473,90.673264,268.68665,124.44706,0.94604862,0.5966118,74.248085,1.1113547,1.0449669,4.7349918e-10,795.32306,1354.9208
1939.4167,396.99585,0.060480397,396.88324,1.1747385,0.031576626,90.687668,268.69321,124.4488,0.92948586,0.5900141,74.244263,1.1115084,0.97223705,4.5282444e-10,795.14587,1354.7393
1939.5,396.9071,0.06054249,396.79437,1.1751419,0.031576782,90.98735,269.35559,124.76286,0.95229298,0.58857763,74.24044,1.1023344,0.67510951,2.8603589e-10,794.96875,1355.8559
1939.5833,396.81693,0.060604881,396.70407,1.1755519,0.031576939,91.370392,270.20425,125.16657,0.98799044,0.59324872,74.236549,1.1002021,0.71356648,2.3234933e-10,794.7887,1357.3477
1939.6667,396.72821,0.06066956,396.61523,1.1759552,0.031577095,91.637863,270.78928,125.44453,1.0158039,0.59655297,74.232719,1.1000237,0.83883673,2.0973688e-10,794.61163,1358.3284
1939.75,396.63956,0.060747504,396.52646,1.1763583,0.031577248,91.792534,271.11615,125.5994,1.0049978,0.62002558,74.228867,1.09911,1.2403121,2.4422322e-10,794.43469,1358.7966
1939.8333,396.55093,0.060834527,396.43765,1.1767615,0.031577405,91.775215,271.05048,125.56695,0.994932,0.62516612,74.224991,1.1038992,1.1250834,3.7313805e-10,794.25775,1358.4955
1939.9167,396.46228,0.060892213,396.34891,1.1771644,0.031577557,91.720802,270.8999,125.49417,0.96905661,0.61001641,74.221191,1.1106818,1.40795,6.0327721e-10,794.08081,1357.9959
1940,396.37207,0.060883373,396.2587,1.177574,0.031577714,91.675865,270.76965,125.43139,0.90353793,0.56135905,74.217453,1.1102347,1.079659,6.4825217e-10,793.90076,1357.4601
1940.0833,396.28622,0.060869582,396.17288,1.1779636,0.031577863,91.640015,270.66098,125.37899,0.85184133,0.53153616,74.213913,1.1107504,1.1274388,6.4992661e-10,793.72955,1357.0068
1940.1667,396.20041,0.060852569,396.0871,1.1783531,0.031578012,91.605263,270.55405,125.32764,0.80076802,0.50199735,74.210373,1.1111522,1.1250427,6.5265837e-10,793.55829,1356.5583
1940.25,396.11166,0.060831517,395.99841,1.1787558,0.031578168,91.576431,270.45908,125.28209,0.76146865,0.46079028,74.206718,1.1108949,1.0604136,6.543141e-10,793.38123,1356.1278
1940.3333,396.02298,0.060818389,395.90976,1.1791583,0.031578321,91.612984,270.51456,125.30795,0.74739528,0.4357917,74.203041,1.1104003,0.98878443,5.7062499e-10,793.20422,1356.0259
1940.4167,395.93433,0.060814369,395.82111,1.1795608,0.031578474,91.89772,271.13586,125.60385,0.76649535,0.43699217,74.199348,1.105556,0.722359,3.7489356e-10,793.0274,1357.0676
1940.5,395.8457,0.060813885,395.73248,1.1799631,0.031578626,92.150444,271.67117,125.86075,0.80229557,0.44172472,74.195656,1.0974288,0.69695872,2.9570479e-10,792.85059,1357.9726
1940.5833,395.75565,0.060816303,395.64243,1.180372,0.031578783,92.425781,272.26031,126.14287,0.83363485,0.44479632,74.191887,1.0973295,0.75820124,2.4919289e-10,792.67078,1358.9701
1940.6667,395.66708,0.060821217,395.55383,1.1807742,0.031578936,92.692863,272.84,126.41904,0.85730731,0.44743407,74.188179,1.0960525,0.85835731,2.2190483e-10,792.49408,1359.939
1940.75,395.57858,0.060849063,395.46527,1.1811763,0.031579088,92.855713,273.18198,126.58177,0.85077661,0.46939316,74.184425,1.0957407,1.1722666,2.5975616e-10,792.31744,1360.4415
1940.8333,395.49011,0.060887452,395.37674,1.1815784,0.031579241,92.854668,273.1524,126.5668,0.84031093,0.47534144,74.180656,1.0954555,1.1182047,3.615461e-10,792.14087,1360.211
1940.9167,395.40164,0.060925983,395.28821,1.1819803,0.031579394,92.83329,273.07666,126.52974,0.82855797,0.47273725,74.17688,1.0954146,1.3328167,4.6443724e-10,791.96429,1359.8822
1941,395.31177,0.060961936,395.19824,1.1823887,0.031579547,92.808525,272.99225,126.48862,0.79154092,0.45054433,74.173058,1.0957696,1.0952854,5.3081728e-10,791.78491,1359.4895
1941.0833,395.22623,0.060986254,395.11267,1.1827773,0.031579696,92.783127,272.90738,126.44738,0.7431919,0.42812178,74.169441,1.0955637,1.1254207,5.6750166e-10,791.61426,1359.093
1941.1667,395.14069,0.060996704,395.0271,1.1831658,0.031579841,92.760132,272.82837,126.40881,0.68848705,0.40171799,74.165848,1.1075171,1.1324182,5.794904e-10,791.44348,1358.6968
1941.25,395.05225,0.061001204,394.93866,1.1835673,0.031579994,92.736931,272.74759,126.36948,0.63404411,0.36822829,74.162155,1.1088262,1.0966982,5.8599225e-10,791.26703,1358.2855
1941.3333,394.96384,0.061006118,394.85022,1.1839688,0.031580146,92.72522,272.69205,126.34238,0.56623805,0.30603096,74.158463,1.1091977,1.0770622,5.8257138e-10,791.09058,1357.881
1941.4167,394.87546,0.061017178,394.76184,1.1843702,0.031580299,92.898254,273.05881,126.51663,0.56177205,0.30306301,74.154732,1.1081302,0.96117008,3.9983469e-10,790.91425,1358.4075
1941.5,394.78708,0.061032608,394.67343,1.1847714,0.031580448,93.185074,273.67401,126.81131,0.57824355,0.30496967,74.151001,1.0948309,0.86323231,2.9735756e-10,790.73785,1359.4424
1941.5833,394.6973,0.061047226,394.58362,1.1851792,0.031580605,93.475815,274.29904,127.11052,0.59882373,0.30840322,74.147217,1.0948114,0.8727951,2.5432242e-10,790.55865,1360.4985
1941.6667,394.60898,0.061065268,394.49527,1.1855804,0.031580754,93.73954,274.86792,127.38213,0.61676836,0.31198016,74.143486,1.0939584,0.92055756,2.2905756e-10,790.38245,1361.4443
1941.75,394.52072,0.061095737,394.40695,1.1859814,0.031580906,93.894318,275.1897,127.53559,0.6120308,0.33533287,74.139725,1.0929036,1.133251,2.4401772e-10,790.2063,1361.913
1941.8333,394.4325,0.061133809,394.31866,1.1863823,0.031581055,93.911674,275.19937,127.53984,0.60589141,0.34087688,74.135963,1.0925748,1.1013191,3.1880606e-10,790.03021,1361.7639
1941.9167,394.34427,0.06117209,394.23038,1.1867832,0.031581208,93.901382,275.14734,127.51443,0.59523839,0.33812439,74.132195,1.0923393,1.2374308,3.6244088e-10,789.85413,1361.4828
1942,394.25464,0.061210576,394.14066,1.1871905,0.031581361,93.895027,275.10361,127.49302,0.57097465,0.32396552,74.128357,1.0921046,1.0885646,3.8369302e-10,789.67529,1361.1903
1942.0833,394.16937,0.06124806,394.0553,1.1875781,0.031581506,93.889107,275.0621,127.47272,0.55924731,0.32089216,74.124718,1.091912,1.1054171,4.0493803e-10,789.505,1360.9338
1942.1667,394.08411,0.061287533,393.96997,1.1879655,0.031581651,93.883377,275.02081,127.45258,0.4842881,0.28811568,74.121071,1.0927793,1.0945354,4.338187e-10,789.3349,1360.5851
1942.25,393.99597,0.061330866,393.88177,1.1883659,0.0315818,93.881592,274.98773,127.436,0.37027586,0.23007858,74.11731,1.1050364,1.0614539,4.6580872e-10,789.159,1360.182
1942.3333,393.90787,0.061367903,393.79358,1.1887664,0.031581949,93.885254,274.96808,127.42547,0.3666487,0.19906937,74.113541,1.1079918,1.0696059,4.7404014e-10,788.98315,1359.9412
1942.4167,393.81976,0.061409939,393.70541,1.1891667,0.031582098,93.919907,275.01926,127.44879,0.36059144,0.19868839,74.109779,1.1119899,1.0423604,4.2661913e-10,788.80725,1359.8642
1942.5,393.73169,0.061449658,393.61728,1.1895669,0.031582247,94.215515,275.6622,127.75533,0.36134544,0.20015563,74.10601,1.103229,0.99290371,2.7876179e-10,788.63153,1360.9322
1942.5833,393.64218,0.061480682,393.52771,1.1899736,0.0315824,94.540207,276.36411,128.09142,0.37239912,0.20407881,74.102173,1.0931122,0.96120346,2.2509178e-10,788.45294,1362.1274
1942.6667,393.55417,0.061528351,393.43961,1.1903737,0.031582549,94.799217,276.91791,128.35666,0.38606986,0.20846488,74.098381,1.0928891,0.96874434,2.0496707e-10,788.27722,1363.044
1942.75,393.46625,0.06160868,393.3515,1.1907736,0.031582698,94.971519,277.27844,128.52893,0.38259614,0.23395069,74.094521,1.0920087,1.096972,2.3055195e-10,788.10175,1363.5917
1942.8333,393.37836,0.061705712,393.26346,1.1911734,0.031582847,94.970032,277.24503,128.51271,0.37952587,0.24439391,74.09063,1.0913659,1.0569245,2.6693314e-10,787.92621,1363.3686
1942.9167,393.2905,0.061804131,393.17538,1.1915733,0.031582996,94.962563,277.19843,128.49011,0.37488931,0.2448495,74.086746,1.0908527,1.0794364,2.9856587e-10,787.75085,1363.1085
1943,393.20123,0.061907448,393.08594,1.1919794,0.031583149,94.947685,277.13596,128.45958,0.36081848,0.24051285,74.082794,1.1066785,1.0521456,3.4669667e-10,787.57263,1362.8
1943.0833,393.11627,0.061997693,393.00082,1.192366,0.031583291,94.931442,277.07339,128.42868,0.35577884,0.24093699,74.079041,1.1104527,1.0628331,3.9266271e-10,787.40302,1362.5123
1943.1667,393.03134,0.062087014,392.91571,1.1927524,0.031583436,94.922661,277.02737,128.40575,0.3541826,0.24273527,74.075279,1.1103206,1.0593178,4.0899134e-10,787.23346,1362.2614
1943.25,392.94354,0.062178452,392.82776,1.1931518,0.031583585,94.915085,276.98276,128.38358,0.35235867,0.2415619,74.071426,1.1104742,1.0390987,4.2114143e-10,787.05823,1362.0049
1943.3333,392.85577,0.06226233,392.73981,1.1935511,0.03158373,94.908791,276.94064,128.36269,0.34997144,0.20147222,74.067558,1.1104314,1.0351665,4.3157627e-10,786.88293,1361.714
1943.4167,392.76801,0.062351927,392.65189,1.1939503,0.031583879,94.905479,276.90512,128.345,0.34640321,0.20357105,74.063705,1.1108615,1.022187,4.3156387e-10,786.70776,1361.4771
1943.5,392.6803,0.062452469,392.56396,1.1943495,0.031584028,95.054153,277.21878,128.49376,0.34690565,0.20766209,74.059853,1.1169314,0.98629546,3.0242003e-10,786.53259,1361.9137
1943.5833,392.59113,0.062530249,392.47464,1.1947551,0.031584177,95.339684,277.84842,128.79198,0.35651469,0.21457282,74.055931,1.1252588,0.97958267,2.3157339e-10,786.35461,1362.9617
1943.6667,392.50339,0.062606834,392.38678,1.1951541,0.031584326,95.565346,278.34357,129.02522,0.36348286,0.23625229,74.052071,1.1209034,1.0438973,2.0736535e-10,786.17944,1363.7653
1943.75,392.41571,0.062695205,392.29895,1.1955529,0.031584471,95.695045,278.61472,129.15234,0.35734302,0.26402202,74.048218,1.1180217,1.0128373,2.1946052e-10,786.00446,1364.1361
1943.8333,392.32806,0.062790915,392.21112,1.1959517,0.03158462,95.685493,278.59564,129.13538,0.36153975,0.27247718,74.044403,1.2253541,1.1085222,3.160214e-10,785.82947,1363.9244
1943.9167,392.24042,0.062870353,392.12332,1.1963505,0.031584766,95.614655,278.48944,129.0661,0.36729166,0.28132576,74.04055,1.2475986,1.1198796,3.5746994e-10,785.65454,1363.5139
1944,392.15134,0.062950514,392.03409,1.1967556,0.031584915,95.542671,278.38391,128.99605,0.37606257,0.29076475,74.036636,1.2563834,1.1202867,3.9582976e-10,785.47675,1363.1029
1944.0833,392.06662,0.063027583,391.94922,1.1971411,0.031585056,95.477295,278.28824,128.93178,0.38322625,0.29932225,74.032898,1.2469755,1.1177626,4.2766776e-10,785.30756,1362.7203
1944.1667,391.98187,0.063100815,391.86435,1.1975265,0.031585198,95.417976,278.19861,128.87192,0.39149335,0.30822253,74.029167,1.241142,1.1193156,4.4147058e-10,785.13837,1362.3557
1944.25,391.89429,0.06317658,391.77661,1.1979247,0.031585347,95.35907,278.10641,128.81125,0.39710167,0.301487,74.02533,1.2384704,1.1267227,4.5589804e-10,784.96356,1361.9642
1944.3333,391.80673,0.063243151,391.6889,1.198323,0.031585492,95.30191,278.01364,128.75117,0.40766504,0.27581683,74.0215,1.2361232,1.0833488,4.7169196e-10,784.7887,1361.5605
1944.4167,391.71918,0.063316487,391.60123,1.1987212,0.031585637,95.248589,277.92273,128.69382,0.41635832,0.28667638,74.017677,1.229682,1.0632725,4.7584781e-10,784.61401,1361.1998
1944.5,391.63171,0.063422702,391.51358,1.1991193,0.031585783,95.237427,277.91232,128.68018,0.42514351,0.29891294,74.013878,1.2419312,1.0207943,4.1534162e-10,784.43945,1361.0073
1944.5833,391.54279,0.063508555,391.4245,1.1995238,0.031585932,95.435211,278.40314,128.89925,0.44456375,0.31548461,74.009956,1.1874033,0.90890127,2.7650013e-10,784.2619,1361.7695
1944.6667,391.45526,0.063562751,391.33688,1.1999217,0.031586077,95.627007,278.83649,129.10004,0.43224186,0.33794782,74.006111,1.1225182,1.3904639,2.4251545e-10,784.08728,1362.4272
1944.75,391.36777,0.063609384,391.24927,1.2003195,0.031586222,95.755333,279.10138,129.22447,0.42113563,0.34273583,74.002274,1.1140062,1.0974457,2.5578467e-10,783.9126,1362.7599
1944.8333,391.2803,0.063676789,391.16168,1.2007173,0.031586368,95.749123,279.06873,129.20502,0.42176706,0.34288687,73.998505,1.2003832,1.188979,3.3399514e-10,783.73804,1362.524
1944.9167,391.19284,0.063726842,391.07413,1.2011149,0.031586513,95.666016,278.92224,129.1254,0.41931954,0.34286013,73.994751,1.2875644,1.2669756,4.5361923e-10,783.56342,1362.034
1945,391.104,0.063800856,390.98514,1.201519,0.031586662,95.584076,278.79031,129.05031,0.41856888,0.34622598,73.994324,1.307529,1.2409439,4.976991e-10,783.38611,1361.5699
1945.0833,391.01944,0.063848875,390.90048,1.2019033,0.031586803,95.46785,278.66299,128.96324,0.41705027,0.34540874,73.997124,1.3224206,1.3077861,5.3006938e-10,783.21729,1361.071
1945.1667,390.93484,0.06388209,390.81586,1.2022878,0.031586941,95.353539,278.53873,128.87772,0.4154506,0.34410053,73.999939,1.3290559,1.3190295,5.4767424e-10,783.04846,1360.578
1945.25,390.84744,0.063918188,390.72836,1.202685,0.031587087,95.216797,278.41016,128.78181,0.40400752,0.33134007,74.002914,1.4036829,1.3640603,5.6204796e-10,782.87402,1360.021
1945.3333,390.76001,0.063942246,390.6409,1.2030822,0.031587232,95.084801,278.27594,128.68846,0.40712354,0.28706214,74.005829,1.3641423,1.0663018,5.6879979e-10,782.69952,1359.4488
1945.4167,390.67261,0.063957445,390.55347,1.2034793,0.031587373,94.956406,278.15359,128.59792,0.42945659,0.30829754,74.008743,1.3545502,1.0805124,5.6947341e-10,782.52515,1358.9795
1945.5,390.58527,0.06400694,390.46603,1.2038764,0.031587519,94.931793,278.21277,128.60146,0.45602661,0.33107647,74.011589,1.2486246,0.93290335,4.2874268e-10,782.35077,1358.8955
1945.5833,390.49646,0.064018466,390.3772,1.2042798,0.031587668,95.068481,278.57864,128.75703,0.48260131,0.35161403,74.014488,1.114749,0.89233458,2.9615996e-10,782.17358,1359.4265
1945.6667,390.40912,0.064049579,390.28983,1.2046766,0.031587809,95.220879,278.93439,128.9192,0.49944526,0.36377788,74.017395,1.0699288,0.92073786,2.6356137e-10,781.99927,1359.9543
1945.75,390.32181,0.064069755,390.20245,1.2050734,0.031587955,95.326057,279.16873,129.02632,0.47015074,0.37238312,74.02034,1.0623225,1.516008,3.0183903e-10,781.82501,1360.2091
1945.8333,390.2345,0.064090066,390.11511,1.2054701,0.031588096,95.312454,279.11841,128.99876,0.45169854,0.37334192,74.023293,1.0970888,1.0793755,3.4125558e-10,781.65076,1359.9287
1945.9167,390.14722,0.064106904,390.02777,1.2058666,0.031588241,95.269951,279.05341,128.94936,0.44993505,0.37235647,74.026283,1.210812,1.1810857,3.7016512e-10,781.47662,1359.5978
1946,390.0585,0.064132228,389.93906,1.2062696,0.031588387,95.221878,278.97977,128.8956,0.45346498,0.37633631,74.029274,1.1978501,1.1164513,3.9644132e-10,781.29956,1359.2559
1946.0833,389.97415,0.064166091,389.85461,1.206653,0.031588525,95.179459,278.9097,128.84677,0.45045727,0.37433353,74.032127,1.1995798,1.1784416,4.1278489e-10,781.13123,1358.9241
1946.1667,389.88983,0.064206593,389.7702,1.2070363,0.031588662,95.136848,278.83762,128.79747,0.44491354,0.37051272,74.034966,1.2012739,1.1781137,4.3912768e-10,780.96289,1358.5853
1946.25,389.80264,0.0642398,389.68295,1.2074325,0.031588808,95.096275,278.75958,128.74863,0.44238526,0.36690161,74.037888,1.1876965,1.1497058,4.7546722e-10,780.78888,1358.2405
1946.3333,389.71545,0.064255312,389.59573,1.2078286,0.031588949,95.057404,278.68582,128.70131,0.46252689,0.32928708,74.040802,1.1976806,0.85075504,4.9398752e-10,780.61493,1357.8921
1946.4167,389.62827,0.064274251,389.50854,1.2082247,0.031589091,95.020432,278.61896,128.65594,0.4915953,0.35637474,74.043716,1.1919439,0.8736161,4.9301707e-10,780.44092,1357.628
1946.5,389.54114,0.06430129,389.42136,1.2086207,0.031589232,95.089119,278.81689,128.73373,0.52545637,0.38513231,74.046608,1.1402133,0.75253898,3.2886213e-10,780.26703,1357.8639
1946.5833,389.45255,0.064304039,389.33273,1.209023,0.031589378,95.243736,279.2077,128.90794,0.55267036,0.40721416,74.049545,1.071512,0.84201676,2.573205e-10,780.09027,1358.4591
1946.6667,389.36548,0.064356536,389.24561,1.2094188,0.031589519,95.377419,279.54333,129.05811,0.55115062,0.42146978,74.052475,1.0686496,1.5158231,2.3177735e-10,779.91644,1358.9204
1946.75,389.27835,0.064354122,389.15848,1.2098145,0.031589665,95.43454,279.67426,129.11517,0.50913876,0.4255937,74.055382,1.0554364,1.032917,2.7058566e-10,779.74268,1358.9568
1946.8333,389.19131,0.064394638,389.07135,1.2102101,0.031589806,95.421738,279.63248,129.08917,0.50962365,0.42631087,74.058357,1.1389663,1.1117769,3.2111042e-10,779.56885,1358.7064
1946.9167,389.10428,0.064415559,388.98428,1.2106056,0.031589948,95.378464,279.57791,129.03816,0.50832313,0.42585734,74.06131,1.20364,1.1552374,3.5229128e-10,779.3952,1358.3851
1947,389.01584,0.064447813,388.89578,1.2110075,0.031590089,95.340996,279.51932,128.99138,0.50903332,0.42764515,74.064278,1.1823523,1.1027493,3.7296655e-10,779.21869,1358.0713
1947.0833,388.93173,0.064489469,388.81158,1.2113899,0.031590227,95.308159,279.46115,128.9492,0.50163096,0.42234099,74.067093,1.1808281,1.1602329,3.9807832e-10,779.05078,1357.7604
1947.1667,388.8476,0.064525738,388.72739,1.2117722,0.031590365,95.275635,279.39911,128.90714,0.49963409,0.42123324,74.069923,1.1832813,1.1608924,4.2820289e-10,778.88293,1357.4556
1947.25,388.76065,0.064555794,388.64038,1.2121674,0.031590506,95.234367,279.32303,128.8584,0.49964234,0.40896207,74.07283,1.1936321,1.0454719,4.7881032e-10,778.70935,1357.1066
1947.3333,388.67371,0.064576834,388.55341,1.2125624,0.031590644,95.198845,279.25366,128.81328,0.52848566,0.38494128,74.075714,1.1845711,0.78756464,5.0085508e-10,778.53589,1356.7909
1947.4167,388.58679,0.064613998,388.46643,1.2129574,0.031590786,95.192085,279.29288,128.81294,0.57064456,0.42260841,74.078644,1.1924372,0.56601542,4.0524598e-10,778.36237,1356.7322
1947.5,388.49976,0.064568192,388.37949,1.2133523,0.031590927,95.258453,279.60904,128.93155,0.62041408,0.46323371,74.081482,1.0918797,0.66441643,2.8108688e-10,778.18884,1357.153
1947.5833,388.41141,0.064563423,388.29111,1.2137536,0.031591069,95.324478,279.87332,129.03497,0.65166777,0.48704466,74.084572,1.0815005,0.79691404,2.3707428e-10,778.01245,1357.4685
1947.6667,388.32462,0.064626411,388.20419,1.2141483,0.031591211,95.39019,280.10397,129.12724,0.65373719,0.50545645,74.088036,1.0707045,1.5497147,2.1948783e-10,777.83923,1357.7079
1947.75,388.23788,0.064721622,388.11731,1.2145429,0.031591352,95.408104,280.15918,129.14607,0.61066574,0.51352048,74.091492,1.0607988,1.0053575,2.5480359e-10,777.66608,1357.5951
1947.8333,388.15115,0.064786807,388.03043,1.2149374,0.03159149,95.37233,280.0795,129.09637,0.61482495,0.51645714,74.094986,1.1618028,1.11427,3.2010625e-10,777.49292,1357.2674
1947.9167,388.06442,0.064854875,387.94357,1.2153319,0.031591631,95.331474,279.99298,129.0421,0.61902642,0.51947731,74.09845,1.1517087,1.0925378,3.4922132e-10,777.31982,1356.9234
1948,387.97644,0.065013766,387.85532,1.2157327,0.031591773,95.289825,279.90051,128.98662,0.62733918,0.52644199,73.888504,2.5700333,2.4339049,3.913696e-10,777.1441,1356.3633
1948.0833,387.89249,0.065005064,387.77136,1.216114,0.031591907,95.25383,279.81818,128.93739,0.62952554,0.52835983,73.884529,1.1941521,1.1405621,4.2215692e-10,776.97662,1356.0285
1948.1667,387.80869,0.065083124,387.68741,1.2164954,0.031592045,95.216705,279.73242,128.88678,0.62660164,0.52626193,73.880814,1.2023616,1.1617788,4.6625109e-10,776.80927,1355.6788
1948.25,387.72198,0.065134689,387.60065,1.2168895,0.031592183,95.182297,279.65125,128.83844,0.62921882,0.50959671,73.876976,1.1898806,0.99674618,4.9019999e-10,776.63629,1355.3241
1948.3333,387.63535,0.065199643,387.51389,1.2172835,0.031592324,95.152191,279.57956,128.79457,0.65637821,0.48285386,73.873169,1.1964815,0.86888349,4.9196347e-10,776.46332,1355.002
1948.4167,387.54877,0.065283827,387.42715,1.2176774,0.031592462,95.120522,279.50583,128.74925,0.68449318,0.51160407,73.869377,1.2136269,0.85912156,4.9260607e-10,776.29047,1354.7315
1948.5,387.46234,0.065427065,387.34042,1.2180712,0.0315926,95.092796,279.45377,128.71432,0.71609497,0.54382682,73.865616,1.2619519,0.75386202,4.5207779e-10,776.11786,1354.5043
1948.5833,387.37445,0.065546669,387.25232,1.2184714,0.031592742,95.140152,279.6828,128.78845,0.76225984,0.57782012,73.861763,1.3659515,0.7433458,3.0514993e-10,775.94238,1354.7556
1948.6667,387.28778,0.065546699,387.16565,1.2188652,0.031592879,95.176041,279.92444,128.84938,0.79002798,0.61962527,73.85791,1.2984141,1.454253,2.8396768e-10,775.76947,1354.9868
1948.75,387.20117,0.065573871,387.07898,1.2192587,0.031593021,95.121803,279.91507,128.8094,0.76177186,0.65509349,73.854294,1.4230192,1.1637226,4.147982e-10,775.59656,1354.714
1948.8333,387.11453,0.065579109,386.99234,1.2196522,0.031593159,94.990433,279.73083,128.71555,0.77914858,0.67097414,73.850441,1.3935672,1.193387,5.5900018e-10,775.42377,1354.1612
1948.9167,387.02795,0.065602325,386.90573,1.2200456,0.031593297,94.874863,279.55746,128.63007,0.76366627,0.65827495,73.846771,1.4417827,1.2935102,6.0558958e-10,775.25092,1353.5819
1949,386.93997,0.065612368,386.81772,1.2204454,0.031593438,94.748581,279.38168,128.54195,0.73812318,0.63647825,73.846375,1.4021305,1.2215548,6.2003014e-10,775.07538,1352.9685
1949.0833,386.85626,0.065620825,386.73398,1.2208257,0.031593569,94.6213,279.2103,128.45735,0.70704794,0.60956305,73.849274,1.444713,1.3489184,6.2393612e-10,774.90833,1352.3632
1949.1667,386.77255,0.065636463,386.65027,1.2212059,0.031593703,94.465134,279.01294,128.36362,0.67550325,0.58249956,73.852211,1.5167906,1.4473989,6.2983524e-10,774.74127,1351.6932
1949.25,386.68604,0.065648325,386.56372,1.221599,0.031593841,94.276688,278.78302,128.25819,0.65399647,0.54456174,73.855255,1.5686553,1.3602232,6.3503641e-10,774.56866,1350.9403
1949.3333,386.59952,0.065641306,386.4772,1.2219919,0.031593978,94.059822,278.54044,128.14342,0.66850686,0.50794262,73.858177,1.5733392,1.0591366,6.392708e-10,774.39594,1350.1743
1949.4167,386.51297,0.065627232,386.39069,1.2223848,0.031594116,93.873154,278.32135,128.04108,0.69677806,0.53738064,73.861023,1.5472906,1.1416159,6.3942712e-10,774.22327,1349.554
1949.5,386.4267,0.065729499,386.30423,1.2227776,0.031594254,93.73922,278.23953,127.99015,0.72713315,0.56104302,73.86377,1.4229488,1.0545138,5.1299937e-10,774.05103,1349.1718
1949.5833,386.33887,0.065760434,386.21634,1.2231767,0.031594392,93.777176,278.59747,128.10065,0.7668274,0.58821809,73.866585,1.3492004,0.8833788,3.1695502e-10,773.87579,1349.5727
1949.6667,386.25241,0.065750018,386.12988,1.2235694,0.03159453,93.833824,278.97852,128.21388,0.805682,0.61891824,73.869476,1.2987261,0.89427292,2.6898839e-10,773.70319,1350.0236
1949.75,386.16592,0.065709367,386.04349,1.2239618,0.031594668,93.840279,279.19189,128.25233,0.77644163,0.64355534,73.872375,1.3028705,1.7711464,2.8974514e-10,773.5307,1350.1076
1949.8333,386.07947,0.065685064,385.95706,1.2243543,0.031594805,93.784485,279.15735,128.19382,0.77134055,0.65723264,73.875351,1.2965058,1.1339095,3.6884334e-10,773.35815,1349.7977
1949.9167,385.99304,0.065664761,385.8707,1.2247466,0.03159494,93.710846,279.06345,128.1297,0.77971077,0.66478866,73.878311,1.3062147,1.1569788,4.2066525e-10,773.18579,1349.4127
1950,385.90527,0.065667197,385.7829,1.2251453,0.031595081,93.641266,278.97046,128.06967,0.78432679,0.66908902,73.881264,1.2905005,1.069631,4.5529625e-10,773.01062,1349.0267
1950.0833,385.82178,0.065683343,385.6994,1.2255247,0.031595211,93.574989,278.88699,128.01315,0.77289093,0.65960324,73.884132,1.3344213,1.184356,4.8722337e-10,772.84399,1348.6357
1950.1667,385.73831,0.065693289,385.61591,1.2259039,0.031595342,93.490852,278.7915,127.9505,0.7568,0.64642221,73.886955,1.3409835,1.229313,5.4326704e-10,772.67743,1348.2005
1950.25,385.65201,0.065697685,385.5296,1.2262958,0.03159548,93.417252,278.69894,127.8931,0.76537609,0.64944768,73.889862,1.333564,1.1998109,5.6115462e-10,772.50525,1347.8192
1950.3333,385.56573,0.06569989,385.4433,1.2266878,0.031595614,93.344818,278.60947,127.83702,0.8067537,0.61590236,73.892761,1.3281658,0.66251129,5.6596383e-10,772.33301,1347.4397
1950.4167,385.47952,0.065729216,385.35703,1.2270796,0.031595752,93.277794,278.55334,127.79196,0.86329806,0.66774714,73.895676,1.3353262,0.62486136,5.2380866e-10,772.16095,1347.2108
1950.5,385.39325,0.065719865,385.27078,1.2274714,0.031595886,93.305748,278.79279,127.86545,0.92113137,0.71276808,73.898468,1.2285453,0.67531699,3.2945371e-10,771.98883,1347.4852
1950.5833,385.30554,0.065692537,385.18314,1.2278694,0.031596024,93.397308,279.11603,127.98808,0.9685232,0.7497111,73.90136,1.0934474,0.57178915,2.6347458e-10,771.81384,1347.9348
1950.6667,385.21942,0.065725572,385.09695,1.228261,0.031596161,93.51963,279.48749,128.14479,1.0146494,0.78673822,73.904419,1.1005695,0.60083741,2.323611e-10,771.64197,1348.4998
1950.75,385.13324,0.065734304,385.01074,1.2286525,0.031596296,93.603241,279.74139,128.25015,1.0094743,0.82075852,73.907906,1.082649,1.4846493,2.2725347e-10,771.46997,1348.8028
1950.8333,385.04709,0.065749995,384.92459,1.2290438,0.03159643,93.647881,279.84799,128.29276,0.99052858,0.84281641,73.911385,1.0657097,0.81638086,2.3807617e-10,771.2981,1348.8314
1950.9167,384.961,0.065785378,384.83844,1.2294351,0.031596564,93.683067,279.89761,128.31613,1.0048099,0.85646081,73.914864,1.0417399,0.84768957,2.5901881e-10,771.12628,1348.7992
1951,384.87387,0.065994829,384.75089,1.2298328,0.031596702,93.70752,279.92111,128.32797,0.97939998,0.83469909,73.77491,2.021245,1.7342013,2.854231e-10,770.95227,1348.4979
1951.0833,384.79044,0.065923549,384.6676,1.230211,0.031596832,93.708916,279.92435,128.31374,0.93902272,0.80041569,73.771194,1.2309363,1.096612,3.2311204e-10,770.78577,1348.2434
1951.1667,384.70724,0.065971375,384.58432,1.2305893,0.031596962,93.711655,279.91571,128.30103,0.91518056,0.78067553,73.767517,1.2045633,1.0943913,3.5103748e-10,770.61975,1348.0115
1951.25,384.62128,0.066020846,384.49826,1.2309802,0.031597096,93.71595,279.90594,128.28976,0.90549529,0.772937,73.763718,1.2082494,1.0967057,3.7639425e-10,770.44812,1347.8019
1951.3333,384.53534,0.066073731,384.4122,1.231371,0.031597231,93.723206,279.90256,128.2818,0.94183445,0.72510815,73.759926,1.2069561,0.53586996,3.8122491e-10,770.27661,1347.6111
1951.4167,384.44943,0.066141829,384.32617,1.2317618,0.031597365,93.760323,279.99945,128.31627,1.0059744,0.77531362,73.756157,1.2336873,0.3105464,3.2241923e-10,770.1051,1347.7186
1951.5,384.36334,0.066104934,384.24014,1.2321526,0.031597499,93.904068,280.38031,128.4812,1.0899036,0.84541577,73.752289,1.1113293,0.16682373,2.4310029e-10,769.93335,1348.3866
1951.5833,384.27606,0.066168375,384.15274,1.2325495,0.031597637,94.036758,280.70248,128.62805,1.1629429,0.90722436,73.748383,1.1041558,0.4195129,2.1535189e-10,769.75916,1348.945
1951.6667,384.19031,0.066295519,384.06677,1.2329401,0.031597771,94.162704,281.00455,128.76619,1.2139531,0.9478547,73.744469,1.1033186,0.59058714,1.9568057e-10,769.58789,1349.4275
1951.75,384.10458,0.066406257,383.9808,1.2333305,0.031597905,94.229431,281.16025,128.83551,1.1510643,0.97736192,73.74054,1.1317822,1.7303531,2.3418942e-10,769.41675,1349.5109
1951.8333,384.01883,0.06651137,383.8949,1.2337208,0.031598039,94.208633,281.10187,128.80154,1.1680923,0.9946993,73.736633,1.1974759,0.96023238,3.0029279e-10,769.24554,1349.257
1951.9167,383.93314,0.06661988,383.80896,1.2341111,0.031598169,94.184357,281.02286,128.76237,1.1796024,1.0049237,73.732666,1.1818867,0.94312763,3.5271208e-10,769.07446,1348.9613
1952,383.84604,0.066727117,383.72168,1.2345076,0.031598307,94.165726,280.95807,128.72725,1.1853746,1.0098152,73.728653,1.1864883,0.80798233,3.7435396e-10,768.90057,1348.6754
1952.0833,383.76318,0.06684652,383.63861,1.2348849,0.031598434,94.149963,280.90076,128.69577,1.1649904,0.99374318,73.724846,1.1808978,1.038569,3.9252232e-10,768.73511,1348.3651
1952.1667,383.68033,0.066948935,383.55557,1.2352622,0.031598564,94.13665,280.84351,128.66701,1.1512824,0.98191434,73.721062,1.1793118,1.0638385,4.2120729e-10,768.56976,1348.0712
1952.25,383.59467,0.067035563,383.46973,1.235652,0.031598695,94.123825,280.78821,128.63815,1.1612926,0.96318066,73.717171,1.1828486,0.91950119,4.5156459e-10,768.39874,1347.7906
1952.3333,383.50897,0.067107439,383.38391,1.2360418,0.031598829,94.111137,280.73859,128.60927,1.2048947,0.93025011,73.71331,1.1813936,0.64680105,4.7422238e-10,768.2276,1347.535
1952.4167,383.42331,0.067175195,383.29813,1.2364316,0.031598963,94.09993,280.69409,128.58226,1.246569,0.96881998,73.709465,1.180398,0.74986452,4.7745952e-10,768.05664,1347.3577
1952.5,383.33768,0.06725587,383.21234,1.2368212,0.031599093,94.200638,280.9075,128.67973,1.2970668,1.0068246,73.705589,1.1184838,0.47739604,3.1956318e-10,767.88574,1347.6831
1952.5833,383.25061,0.067302726,383.12518,1.2372172,0.031599227,94.398163,281.33618,128.88432,1.3490999,1.0474609,73.701675,1.0974773,0.49943036,2.5062713e-10,767.71198,1348.4288
1952.6667,383.16501,0.06737157,383.03943,1.2376066,0.031599361,94.562996,281.69125,129.05354,1.4019145,1.0894071,73.697838,1.0946538,0.49439386,2.2091814e-10,767.54108,1349.038
1952.75,383.07941,0.067431867,382.9537,1.237996,0.031599492,94.650032,281.86761,129.13756,1.3790125,1.1429552,73.693977,1.0897626,1.4485589,2.4490596e-10,767.37018,1349.2413
1952.8333,382.99387,0.067518741,382.86801,1.2383853,0.031599626,94.663017,281.86844,129.1387,1.3718364,1.1626388,73.690117,1.0839131,0.95338339,3.0196484e-10,767.1994,1349.0942
1952.9167,382.90833,0.0675883,382.78232,1.2387745,0.031599756,94.657509,281.84103,129.11906,1.3850271,1.1738067,73.686302,1.1547784,0.93554372,3.4888034e-10,767.02863,1348.8914
1953,382.82138,0.067662992,382.69528,1.23917,0.03159989,94.643646,281.80667,129.09012,1.3843281,1.1724923,73.682381,1.1521623,0.77732319,3.9923434e-10,766.85516,1348.6348
1953.0833,382.73871,0.067738555,382.61243,1.2395463,0.031600017,94.633781,281.76425,129.06601,1.3234633,1.12242,73.678665,1.1495337,1.0098661,4.8165405e-10,766.69006,1348.2786
1953.1667,382.65598,0.067789786,382.52963,1.2399224,0.031600144,94.628174,281.72446,129.04637,1.3202138,1.1201432,73.674973,1.1468766,1.0567248,5.4409932e-10,766.52496,1348.0393
1953.25,382.57043,0.067812294,382.44403,1.2403113,0.031600274,94.6241,281.68759,129.02789,1.3089728,1.07776,73.671227,1.1493884,0.90714782,5.8420252e-10,766.35419,1347.7518
1953.3333,382.48486,0.067821577,382.35843,1.2407001,0.031600408,94.634392,281.69223,129.02501,1.3439047,1.0337492,73.667496,1.1642098,0.55981243,5.4584143e-10,766.18347,1347.5803
1953.4167,382.39929,0.067824565,382.27289,1.2410887,0.031600539,94.781075,282.01288,129.17041,1.4025095,1.0783359,73.663734,1.0939234,0.36658549,3.5865139e-10,766.0127,1348.1216
1953.5,382.31375,0.067818157,382.18732,1.2414774,0.031600669,94.964691,282.39288,129.35417,1.4635973,1.1262401,73.659981,1.0852001,0.39793158,2.947059e-10,765.84192,1348.8035
1953.5833,382.22684,0.067826852,382.1004,1.2418723,0.031600799,95.125305,282.72015,129.51213,1.5178627,1.167246,73.656174,1.0804379,0.54128259,2.5166302e-10,765.66858,1349.3674
1953.6667,382.14142,0.067865856,382.01489,1.2422607,0.03160093,95.274513,283.02478,129.65886,1.5627302,1.1996372,73.652397,1.0700295,0.57280022,2.3293278e-10,765.49805,1349.8709
1953.75,382.05606,0.067939892,381.92941,1.2426491,0.031601064,95.366959,283.20258,129.74475,1.542836,1.2894568,73.64856,1.0780655,1.1091726,2.5372876e-10,765.3277,1350.1228
1953.8333,381.97076,0.06803339,381.84393,1.2430372,0.031601191,95.36393,283.17496,129.72803,1.5541121,1.3021436,73.644722,1.1189038,0.95595545,3.8725353e-10,765.15735,1349.9253
1953.9167,381.88547,0.068104625,381.75848,1.2434255,0.031601321,95.340233,283.09955,129.68958,1.5521648,1.2997226,73.640907,1.1430335,0.94694489,5.8280453e-10,764.98706,1349.6092
1954,381.79865,0.068109192,381.67166,1.2438198,0.031601455,95.315392,283.00998,129.64981,1.5009317,1.2544014,73.637161,1.1515869,0.7407881,7.2276574e-10,764.8139,1349.1816
1954.0833,381.71597,0.068074606,381.58905,1.2441951,0.031601582,95.296776,282.93213,129.61708,1.4437957,1.2070558,73.633652,1.1510595,0.99935818,7.384075e-10,764.64893,1348.7794
1954.1667,381.6333,0.068037741,381.50647,1.2445704,0.031601705,95.281311,282.85806,129.58752,1.3802738,1.153486,73.630165,1.154711,1.0013784,7.4466922e-10,764.48395,1348.3747
1954.25,381.54785,0.067989558,381.42111,1.2449582,0.031601835,95.27002,282.79376,129.56187,1.3536371,1.1036565,73.626556,1.1541522,0.91992241,7.4429646e-10,764.31354,1348.0231
1954.3333,381.46237,0.067935966,381.33575,1.245346,0.031601965,95.277969,282.7785,129.55667,1.3586688,1.0368766,73.622925,1.1479915,0.66269332,6.9186545e-10,764.14307,1347.7747
1954.4167,381.37698,0.067899555,381.25043,1.2457335,0.031602096,95.459961,283.15723,129.73608,1.4107846,1.0773947,73.619255,1.0920887,0.42580187,4.3220236e-10,763.97266,1348.4334
1954.5,381.2916,0.067864664,381.1651,1.2461212,0.031602222,95.657013,283.55167,129.92952,1.4616755,1.1171095,73.615593,1.0789317,0.55574983,3.5178274e-10,763.80225,1349.1348
1954.5833,381.20486,0.067845799,381.0784,1.2465149,0.031602357,95.875526,283.99457,130.1452,1.5060154,1.1491824,73.611862,1.0749201,0.59081811,2.9154137e-10,763.62921,1349.9116
1954.6667,381.11957,0.067833446,380.99313,1.2469023,0.031602483,96.095177,284.44336,130.36308,1.5402957,1.1895274,73.6082,1.0735526,0.7836467,2.5637176e-10,763.45905,1350.6986
1954.75,381.03427,0.067807913,380.90787,1.2472897,0.031602614,96.225494,284.69687,130.48653,1.5319865,1.2655884,73.604538,1.066751,0.8702442,2.9641409e-10,763.28888,1351.0999
1954.8333,380.94901,0.067792155,380.82263,1.2476768,0.03160274,96.250725,284.71951,130.49902,1.5418559,1.272648,73.600876,1.0663031,0.97013694,3.9073986e-10,763.11871,1351.0034
1954.9167,380.86374,0.067773782,380.73743,1.2480639,0.031602871,96.263367,284.71408,130.49802,1.5013303,1.2386944,73.597221,1.0731102,0.9482308,4.5582296e-10,762.94861,1350.7613
1955,380.7771,0.067752875,380.65082,1.2484573,0.031603001,96.278435,284.71191,130.49921,1.4689516,1.2102995,73.596931,1.0256231,0.62518334,5.3621729e-10,762.77576,1350.5416
1955.0833,380.6947,0.067740381,380.56842,1.2488316,0.031603124,96.296524,284.71762,130.50418,1.4265733,1.1756451,73.599846,1.0237445,0.89526951,5.951532e-10,762.61133,1350.3317
1955.1667,380.6123,0.067723803,380.48605,1.2492058,0.031603247,96.316498,284.7265,130.511,1.3624712,1.1211714,73.602737,1.0243441,0.90128356,6.3109784e-10,762.4469,1350.0874
1955.25,380.52713,0.067701593,380.40091,1.2495925,0.031603377,96.339005,284.73914,130.5199,1.3363405,1.0806494,73.605713,1.0243655,0.83709985,6.3962297e-10,762.27692,1349.8977
1955.3333,380.44193,0.067668565,380.3158,1.2499793,0.031603504,96.36132,284.75098,130.52852,1.3406802,1.003755,73.608704,1.0244042,0.69613892,6.436815e-10,762.10699,1349.7009
1955.4167,380.35678,0.067640975,380.23068,1.2503659,0.031603631,96.48101,284.97336,130.63942,1.373849,1.0203515,73.611671,1.0241368,0.63430262,4.7309057e-10,761.93707,1350.0368
1955.5,380.27164,0.067610979,380.1456,1.2507524,0.031603761,96.766014,285.55197,130.92337,1.4075763,1.0336767,73.614632,1.0159004,0.65437025,3.2723119e-10,761.76721,1351.0644
1955.5833,380.18512,0.06758707,380.05914,1.2511452,0.031603891,97.048035,286.12335,131.20398,1.4429175,1.0456853,73.617691,1.0075169,0.59866673,2.6771052e-10,761.59467,1352.0763
1955.6667,380.10004,0.067571856,379.97409,1.2515315,0.031604018,97.269493,286.56543,131.4216,1.4830537,1.056788,73.62101,1.0071661,0.51218426,2.3942653e-10,761.42487,1352.8422
1955.75,380.01505,0.067586571,379.88907,1.2519178,0.031604145,97.421288,286.85852,131.5665,1.4963486,1.1222905,73.624664,1.0067389,0.66722995,2.7632674e-10,761.25519,1353.3449
1955.8333,379.93008,0.067615375,379.80405,1.252304,0.031604271,97.437042,286.85992,131.569,1.5060011,1.1455228,73.628273,1.0109046,0.87747467,3.9060524e-10,761.08569,1353.2315
1955.9167,379.84515,0.067643866,379.71906,1.2526901,0.031604398,97.441788,286.83865,131.55989,1.4831698,1.1327364,73.631874,1.0151901,0.87766534,4.4282511e-10,760.91614,1353.0043
1956,379.75888,0.067692854,379.63269,1.2530824,0.031604528,97.451782,286.82797,131.55592,1.4730278,1.130841,73.5578,1.5451127,1.2241411,4.7222037e-10,760.74396,1352.7413
1956.0833,379.67673,0.067703493,379.55054,1.2534556,0.031604651,97.463379,286.82184,131.55423,1.4159685,1.0939144,73.554123,1.0667301,0.94197148,5.0494098e-10,760.58008,1352.4836
1956.1667,379.59464,0.067731038,379.46838,1.2538289,0.031604774,97.4786,286.82251,131.55615,1.3609251,1.0587974,73.550499,1.0679497,0.94644815,5.3023019e-10,760.4162,1352.2437
1956.25,379.50977,0.067757189,379.38345,1.2542146,0.031604901,97.495544,286.82544,131.55936,1.3632213,1.0379636,73.546753,1.0681357,0.91744727,5.4556165e-10,760.24677,1352.0751
1956.3333,379.42493,0.06778077,379.29858,1.2546003,0.031605024,97.512459,286.82831,131.56258,1.3744211,0.97725481,73.543015,1.0678825,0.92501163,5.525711e-10,760.07745,1351.8754
1956.4167,379.34009,0.067805268,379.21368,1.2549858,0.031605151,97.530548,286.83389,131.56706,1.3777354,0.9832502,73.539268,1.0678754,0.94489592,5.5300736e-10,759.9082,1351.74
1956.5,379.25528,0.067832194,379.12885,1.2553713,0.031605277,97.667679,287.0939,131.69574,1.4008257,0.98519468,73.535522,1.0654975,0.51595128,3.9287712e-10,759.73895,1352.1178
1956.5833,379.1691,0.067857921,379.0426,1.2557631,0.031605408,97.969299,287.70364,131.99564,1.4404083,0.9882704,73.531708,1.0529699,0.6344977,2.8546035e-10,759.56689,1353.1959
1956.6667,379.08432,0.067883961,378.95779,1.2561483,0.031605531,98.234825,288.23715,132.25835,1.4640107,1.0097466,73.527962,1.0528891,0.80767733,2.4232724e-10,759.39777,1354.1299
1956.75,378.99957,0.067909718,378.87299,1.2565336,0.031605657,98.372551,288.49783,132.38779,1.4474317,1.0743811,73.524208,1.0526161,0.93777037,2.7694938e-10,759.22858,1354.5328
1956.8333,378.91486,0.067938522,378.78821,1.2569188,0.031605784,98.396034,288.5155,132.39839,1.4485134,1.0780602,73.520454,1.0520664,1.0058278,3.5201733e-10,759.05951,1354.4164
1956.9167,378.83014,0.067968421,378.70346,1.2573038,0.031605911,98.404312,288.50134,132.39328,1.4204412,1.0638156,73.516716,1.0562423,1.2296866,4.1649842e-10,758.8905,1354.1904
1957,378.74408,0.06799417,378.61731,1.2576951,0.031606037,98.413902,288.49014,132.38913,1.3616189,1.0231462,73.516289,1.0143228,0.91639072,4.7810184e-10,758.71869,1353.913
1957.0833,378.66217,0.068020977,378.53537,1.2580674,0.031606156,98.432304,288.49942,132.39481,1.3511375,1.0201451,73.519096,1.0114553,0.95922327,4.886887e-10,758.55524,1353.7722
1957.1667,378.58029,0.068047889,378.45346,1.2584395,0.031606279,98.451042,288.50934,132.40079,1.3324955,1.0114372,73.521896,1.0138925,0.95925665,5.0242316e-10,758.39185,1353.6189
1957.25,378.49567,0.068075016,378.36877,1.2588242,0.031606402,98.470299,288.51923,132.40681,1.3252304,0.97734088,73.524773,1.0146505,0.9195174,5.1902727e-10,758.22296,1353.4467
1957.3333,378.41104,0.068101659,378.28409,1.2592089,0.031606529,98.491425,288.53314,132.41479,1.3247042,0.90385336,73.527641,1.0145831,0.90745944,5.2122473e-10,758.05408,1353.2496
1957.4167,378.32645,0.068128727,378.19946,1.2595935,0.031606652,98.524376,288.5723,132.43509,1.3212955,0.90168118,73.530518,1.015195,0.79013491,4.8746512e-10,757.88519,1353.1705
1957.5,378.24188,0.068155922,378.11481,1.2599779,0.031606779,98.733261,288.98428,132.63812,1.3453747,0.8975876,73.533386,1.0056368,0.58498055,3.2017825e-10,757.71637,1353.8484
1957.5833,378.15591,0.068178013,378.02884,1.2603686,0.031606905,98.942535,289.39392,132.84091,1.3828678,0.89768231,73.536301,1.0017946,0.56137776,2.7979533e-10,757.54492,1354.5391
1957.6667,378.07138,0.06820605,377.94424,1.2607529,0.031607028,99.143341,289.78882,133.036,1.4039974,0.91410434,73.539421,1.0014526,0.83261216,2.5433378e-10,757.37622,1355.2019
1957.75,377.98691,0.06825307,377.85968,1.261137,0.031607151,99.26503,290.01535,133.14874,1.3778315,0.99038482,73.542953,1.0011417,0.9267503,2.5598831e-10,757.20758,1355.5479
1957.8333,377.90247,0.068303868,377.77512,1.2615212,0.031607278,99.315399,290.09082,133.1875,1.3777299,0.9941802,73.546463,1.0008869,0.96061248,2.8215383e-10,757.039,1355.5512
1957.9167,377.81802,0.068356775,377.69058,1.2619052,0.031607401,99.347832,290.12827,133.20764,1.3667932,0.99132061,73.549973,1.0005963,1.2142469,3.0974215e-10,756.87048,1355.4623
1958,377.73227,0.068428226,377.60468,1.2622955,0.031607527,99.377869,290.16016,133.2251,1.3190186,0.95853639,73.476334,1.526576,1.4360449,3.4614894e-10,756.69928,1355.2163
1958.0833,377.6506,0.068465263,377.52295,1.2626667,0.031607646,99.407257,290.1922,133.24252,1.3145556,0.95980412,73.472603,1.0481839,0.99961782,3.6644873e-10,756.53632,1355.1253
1958.1667,377.569,0.068515919,377.44125,1.2630379,0.031607766,99.437408,290.22589,133.26076,1.3026593,0.95662701,73.468933,1.0479738,0.99766713,3.824967e-10,756.37341,1355.0257
1958.25,377.48465,0.06856773,377.35681,1.2634215,0.031607889,99.470222,290.26413,133.28131,1.2942472,0.92740893,73.465134,1.0477611,0.95991671,3.9178824e-10,756.20508,1354.9075
1958.3333,377.4003,0.068619356,377.27237,1.2638052,0.031608012,99.50795,290.31293,133.30699,1.291306,0.8378945,73.461334,1.047549,0.94394296,3.9677639e-10,756.03674,1354.7551
1958.4167,377.31598,0.068671167,377.18796,1.2641888,0.031608135,99.582298,290.43997,133.37088,1.2890168,0.83487207,73.457542,1.047475,0.79934973,3.6332304e-10,755.86841,1354.843
1958.5,377.23166,0.068718776,377.10355,1.2645721,0.031608257,99.825752,290.92538,133.61028,1.3127297,0.83060032,73.453735,1.0476179,0.6729756,2.630221e-10,755.70013,1355.6586
1958.5833,377.14603,0.068778642,377.01779,1.2649617,0.031608384,100.05119,291.37207,133.8307,1.3436425,0.83004808,73.44986,1.0472374,0.69306958,2.3964641e-10,755.52917,1356.4068
1958.6667,377.06183,0.068873353,376.93344,1.265345,0.031608507,100.23302,291.72702,134.00618,1.3610523,0.84091103,73.445969,1.0469333,0.94913095,2.1604248e-10,755.36108,1356.9753
1958.75,376.97772,0.068985589,376.84909,1.2657282,0.03160863,100.3326,291.9071,134.0961,1.3230102,0.92985737,73.442047,1.0466273,1.000713,2.2538277e-10,755.19318,1357.224
1958.8333,376.89362,0.069100164,376.76477,1.2661113,0.031608753,100.37556,291.96735,134.12732,1.3219004,0.93341249,73.438118,1.0462852,1.003672,2.4336233e-10,755.02521,1357.1888
1958.9167,376.80954,0.069215178,376.68048,1.2664943,0.031608876,100.40207,291.99313,134.1416,1.3183296,0.93533015,73.434189,1.0458965,1.2233351,2.6299912e-10,754.8573,1357.0819
1959,376.72409,0.069332637,376.59482,1.2668835,0.031608999,100.4268,292.01462,134.15381,1.2851801,0.91346067,73.430191,1.0447007,0.95009029,2.8225428e-10,754.68677,1356.9108
1959.0833,376.64279,0.069443002,376.51331,1.2672538,0.031609118,100.45161,292.03772,134.16678,1.2759577,0.91285902,73.426392,1.0444478,0.99676609,2.9207611e-10,754.52448,1356.7959
1959.1667,376.56152,0.069554001,376.43182,1.267624,0.031609237,100.4781,292.06424,134.18143,1.2293895,0.88920718,73.4226,1.0441797,0.99019885,2.9992722e-10,754.36212,1356.6271
1959.25,376.47751,0.069669016,376.34763,1.2680067,0.031609356,100.50807,292.09674,134.19914,1.1645831,0.82205331,73.418671,1.0440099,0.91255701,3.1184727e-10,754.1944,1356.4036
1959.3333,376.39355,0.069794171,376.2634,1.2683892,0.031609479,100.54549,292.14435,134.22437,1.0044848,0.64063084,73.414742,1.044425,0.86439949,3.1981387e-10,754.02673,1356.0008
1959.4167,376.3096,0.069917485,376.17923,1.2687716,0.031609602,100.59808,292.22327,134.26506,0.94942158,0.61226618,73.41082,1.0445851,0.80324405,3.1468578e-10,753.85913,1355.9181
1959.5,376.22565,0.070022546,376.09506,1.2691541,0.031609721,100.81677,292.65265,134.47737,0.97346842,0.61978614,73.406898,1.0473666,0.728486,2.395753e-10,753.69153,1356.6385
1959.5833,376.14029,0.070114657,376.00952,1.2695427,0.031609844,101.0757,293.16635,134.73102,0.99710435,0.6274386,73.402908,1.0461556,0.77946025,2.1919373e-10,753.52112,1357.5216
1959.6667,376.0564,0.070238724,375.92542,1.2699249,0.031609967,101.2769,293.55939,134.92542,1.0196186,0.63757741,73.398964,1.0452852,0.77485937,2.0507673e-10,753.35358,1358.1714
1959.75,375.97253,0.070376016,375.84131,1.2703071,0.03161009,101.39748,293.7829,135.03668,0.99779302,0.72531873,73.394981,1.0432802,0.99806756,2.1234152e-10,753.18616,1358.5213
1959.8333,375.88873,0.070517726,375.75723,1.2706891,0.031610209,101.41026,293.77905,135.03661,0.9955588,0.76414275,73.390999,1.0424505,0.86740071,2.4799476e-10,753.0188,1358.3955
1959.9167,375.80493,0.070654556,375.67316,1.2710711,0.031610332,101.41415,293.75638,135.02734,1.0021465,0.7734887,73.387032,1.0420693,0.87841022,2.6596284e-10,752.85138,1358.212
1960,375.71973,0.070783533,375.58774,1.2714592,0.031610455,101.42035,293.73825,135.02029,1.0042831,0.78019625,73.382988,1.042662,0.81019098,2.8805372e-10,752.68134,1358.0277
1960.0833,375.63867,0.070901118,375.50644,1.2718285,0.031610571,101.43394,293.73734,135.02155,1.0130101,0.79111332,73.379173,1.0429192,0.85971671,2.9928332e-10,752.51947,1357.8956
1960.1667,375.55765,0.071017288,375.4252,1.2721977,0.031610686,101.44876,293.73898,135.02409,1.0219257,0.80219018,73.375359,1.0426471,0.85662168,3.0879696e-10,752.35767,1357.7691
1960.25,375.47388,0.071136184,375.34122,1.2725794,0.031610809,101.46242,293.73718,135.02499,1.0329163,0.79107559,73.371422,1.0424448,0.77438903,3.2365111e-10,752.19043,1357.6105
1960.3333,375.39014,0.071246557,375.25723,1.2729609,0.031610928,101.47959,293.74289,135.02959,1.0520263,0.69102436,73.367485,1.0422897,0.82842094,3.3544784e-10,752.02319,1357.3858
1960.4167,375.3064,0.071359031,375.17328,1.2733424,0.031611048,101.55186,293.8652,135.091,1.0672395,0.6985541,73.363564,1.0434213,0.73598552,3.0353572e-10,751.85596,1357.4934
1960.5,375.22263,0.071456783,375.08936,1.2737238,0.031611167,101.75983,294.27164,135.29169,1.0936316,0.70389616,73.359634,1.0440027,0.74058068,2.4070962e-10,751.68878,1358.1691
1960.5833,375.13754,0.071559429,375.00406,1.2741114,0.03161129,101.99104,294.72635,135.5163,1.1176265,0.71219093,73.355652,1.0424629,0.7550413,2.1361501e-10,751.51886,1358.938
1960.6667,375.05386,0.071673699,374.92017,1.2744926,0.031611409,102.16796,295.06903,135.68564,1.1170974,0.76560885,73.351707,1.0415193,0.95235109,2.0320702e-10,751.35181,1359.5088
1960.75,374.97025,0.071804114,374.8363,1.2748737,0.031611532,102.25555,295.2233,135.76286,1.0953493,0.84400576,73.34774,1.0400329,0.87029356,2.1424253e-10,751.18488,1359.7136
1960.8333,374.88663,0.071937017,374.75244,1.2752547,0.031611651,102.25684,295.1962,135.75125,1.1063633,0.85565937,73.343773,1.0396727,0.87127113,2.5910868e-10,751.01788,1359.528
1960.9167,374.80304,0.072061628,374.66861,1.2756357,0.03161177,102.24426,295.14014,135.72537,1.1141976,0.86711115,73.339806,1.0396154,0.85804617,2.8867692e-10,750.85095,1359.2818
1961,374.71808,0.072185323,374.58344,1.2760228,0.03161189,102.23647,295.0936,135.70424,1.1260524,0.88268721,73.335785,1.0392776,0.79791635,3.0607361e-10,750.68127,1359.0601
1961.0833,374.63727,0.072307579,374.50238,1.2763911,0.031612005,102.22598,295.04297,135.68097,1.1260998,0.88973433,73.331978,1.0396203,0.85075808,3.3463371e-10,750.5199,1358.8177
1961.1667,374.55643,0.072411016,374.42136,1.2767594,0.031612121,102.20792,294.97818,135.65021,1.0940044,0.87055391,73.328201,1.0524666,0.85589641,3.9865922e-10,750.35852,1358.4876
1961.25,374.47278,0.072466351,374.33759,1.2771399,0.03161224,102.1955,294.92508,135.62497,1.078498,0.82535809,73.324379,1.0471567,0.75600523,4.6072077e-10,750.19159,1358.1654
1961.3333,374.3891,0.072491072,374.25388,1.2775205,0.031612359,102.19537,294.89554,135.612,1.096136,0.73740178,73.320618,1.0396446,0.7850548,4.7012227e-10,750.0246,1357.8817
1961.4167,374.30545,0.072523184,374.17014,1.2779009,0.031612478,102.33404,295.15872,135.74101,1.1143262,0.74541092,73.316864,1.0442566,0.69372398,3.498753e-10,749.8576,1358.2679
1961.5,374.22177,0.072534338,374.08646,1.2782813,0.031612597,102.58214,295.65289,135.98195,1.1413622,0.75499523,73.313103,1.0436909,0.72347987,2.8064551e-10,749.69061,1359.1171
1961.5833,374.13675,0.072555281,374.0014,1.2786678,0.031612717,102.77418,296.0274,136.16486,1.1660409,0.76760852,73.30928,1.0429845,0.69766408,2.4673666e-10,749.521,1359.7304
1961.6667,374.05313,0.072580665,373.91772,1.279048,0.031612836,102.96721,296.40714,136.34914,1.1918613,0.78037816,73.305519,1.0431101,0.68172169,2.2659756e-10,749.35413,1360.3554
1961.75,373.96957,0.07262978,373.83408,1.2794281,0.031612955,103.0703,296.5979,136.4407,1.1629485,0.89675045,73.301712,1.0395467,0.93106097,2.564074e-10,749.18732,1360.6576
1961.8333,373.88608,0.072690196,373.75046,1.2798082,0.031613071,103.0667,296.56161,136.42412,1.1715951,0.92812032,73.29789,1.0372733,0.81789476,3.306799e-10,749.02063,1360.4706
1961.9167,373.80258,0.072743714,373.66687,1.2801881,0.03161319,103.05223,296.50214,136.39651,1.1840187,0.94160813,73.294083,1.0368717,0.79913282,3.9014375e-10,748.85406,1360.2246
1962,373.71771,0.072793059,373.58191,1.2805742,0.031613309,103.04041,296.44763,136.37138,1.1958965,0.95501363,73.290207,1.0372318,0.78472495,4.3582907e-10,748.68463,1359.9852
1962.0833,373.63693,0.072819829,373.50107,1.2809415,0.031613424,103.03134,296.40027,136.3497,1.208817,0.96942693,73.286575,1.0372015,0.8315326,4.4945977e-10,748.52338,1359.7695
1962.1667,373.55615,0.072832182,373.42026,1.2813087,0.03161354,103.02419,296.35696,136.32999,1.2208229,0.98356742,73.282967,1.0368242,0.82653004,3.8322714e-10,748.36218,1359.5607
1962.25,373.47263,0.072841622,373.33673,1.2816883,0.031613655,103.0163,296.311,136.30908,1.2014585,0.93789339,73.279266,1.0367421,0.73808777,2.9562691e-10,748.1955,1359.2504
1962.3333,373.3891,0.072839528,373.25323,1.2820678,0.031613775,103.01805,296.28522,136.29808,1.19232,0.81838727,73.275574,1.0370895,0.75561029,2.2883376e-10,748.02887,1358.9165
1962.4167,373.30563,0.07284534,373.16974,1.2824472,0.03161389,103.1696,296.57605,136.43967,1.2104278,0.82795316,73.271873,1.0424793,0.67990774,1.6721879e-10,747.8623,1359.3579
1962.5,373.22214,0.072828904,373.08627,1.2828265,0.031614009,103.39017,297.01196,136.65219,1.2403332,0.83984882,73.268158,1.040882,0.67466909,1.3631751e-10,747.69568,1360.0983
1962.5833,373.1373,0.072824433,373.00143,1.2832121,0.031614129,103.62115,297.46777,136.87541,1.2673323,0.85183793,73.264389,1.0378627,0.68667966,1.1999625e-10,747.52637,1360.8743
1962.6667,373.05386,0.072829552,372.918,1.2835913,0.031614244,103.78796,297.78876,137.03271,1.2648131,0.91461086,73.260674,1.0370482,0.83055532,1.1161398e-10,747.35986,1361.4093
1962.75,372.97049,0.072855212,372.83459,1.2839704,0.031614359,103.88496,297.96262,137.11902,1.2509975,1.0004895,73.25692,1.0346324,0.77989465,1.2255386e-10,747.19354,1361.6686
1962.8333,372.88721,0.072903961,372.75119,1.2843493,0.031614479,103.87939,297.92169,137.1006,1.2679422,1.0182323,73.253166,1.0355835,0.79942167,1.7281453e-10,747.02728,1361.4683
1962.9167,372.80389,0.072938174,372.66782,1.2847283,0.031614594,103.84882,297.82932,137.0563,1.2634227,1.0199398,73.249451,1.0606065,0.8062737,2.2096051e-10,746.86102,1361.1283
1963,372.71906,0.072888993,372.58307,1.2851133,0.031614713,103.82133,297.74313,137.01532,1.2381911,1.0055034,73.245766,1.0573537,0.81446356,1.237626e-10,746.69171,1360.7609
1963.0833,372.6384,0.072865523,372.50247,1.2854797,0.031614825,103.80669,297.68344,136.9875,1.2057929,0.98435754,73.242271,1.0582371,0.97568208,1.0777745e-10,746.53082,1360.4408
1963.1667,372.55774,0.0728328,372.42188,1.2858459,0.031614937,103.79054,297.62057,136.95842,1.1698269,0.95889056,73.238777,1.0621507,0.97908318,9.7021516e-11,746.36993,1360.107
1963.25,372.47437,0.072792947,372.33856,1.2862245,0.031615052,103.77864,297.56708,136.9337,1.1387266,0.87908179,73.235184,1.0694392,0.83283943,9.4145629e-11,746.20361,1359.736
1963.3333,372.39102,0.072754331,372.25528,1.286603,0.031615172,103.77353,297.53152,136.91681,1.1279833,0.79202157,73.231567,1.0697863,0.70526975,9.4046201e-11,746.03729,1359.4107
1963.4167,372.30768,0.072723165,372.17203,1.2869815,0.031615287,103.83446,297.62936,136.965,1.1424174,0.81021661,73.227936,1.0674956,0.64490199,7.8780753e-11,745.87103,1359.4804
1963.5,372.22437,0.072684221,372.08878,1.2873597,0.031615403,104.05956,298.06897,137.17542,1.1776776,0.83358353,73.224304,1.068603,0.5763852,5.2636461e-11,745.70483,1360.2444
1963.5833,372.13971,0.07265646,372.00418,1.2877442,0.031615518,104.23804,298.40933,137.3382,1.2180109,0.86268198,73.220581,1.0453755,0.56746989,4.3410248e-11,745.53589,1360.8228
1963.6667,372.05646,0.072633699,371.92096,1.2881223,0.031615634,104.48537,298.89639,137.57472,1.2368692,0.91051054,73.216934,1.0393953,1.0637929,3.8284549e-11,745.36981,1361.6906
1963.75,371.97327,0.072633073,371.83777,1.2885004,0.031615749,104.61626,299.14038,137.69191,1.1895448,0.98489177,73.213287,1.0516776,0.93866771,4.7043383e-11,745.2038,1362.0401
1963.8333,371.89011,0.072652943,371.75458,1.2888784,0.031615864,104.58843,299.0867,137.66193,1.188525,0.98608261,73.209824,1.2457477,1.1544441,8.4562683e-11,745.03784,1361.7593
1963.9167,371.80685,0.072592564,371.67142,1.2892563,0.03161598,104.50375,298.94974,137.59717,1.1623619,0.96564877,73.206146,1.2044257,1.1185645,9.2893103e-11,744.87177,1361.2565
1964,371.72223,0.07253255,371.58691,1.2896403,0.031616099,104.47047,298.86746,137.5594,1.1361395,0.94501615,73.205803,1.113117,0.98605657,8.8521038e-11,744.70294,1360.8873
1964.0833,371.64175,0.072486192,371.50653,1.2900057,0.031616211,104.43783,298.79437,137.52484,1.0999069,0.91642582,73.208733,1.1539613,1.0913022,8.7043379e-11,744.54236,1360.5245
1964.1667,371.56128,0.072442211,371.42615,1.2903709,0.031616319,104.38169,298.71786,137.48254,1.0606771,0.88544071,73.211678,1.2259948,1.1645738,8.5600943e-11,744.38184,1360.1217
1964.25,371.47812,0.072393641,371.34308,1.2907486,0.031616434,104.30852,298.63739,137.43456,1.0326461,0.83339918,73.214668,1.2456315,1.0719814,8.4686522e-11,744.21594,1359.6771
1964.3333,371.39496,0.072340153,371.26001,1.291126,0.03161655,104.24783,298.56638,137.39409,1.0353941,0.7427972,73.217621,1.1976998,0.72420305,8.4575798e-11,744.05005,1359.2541
1964.4167,371.3118,0.072292671,371.17697,1.2915034,0.031616665,104.2431,298.56436,137.39136,1.0578825,0.76937211,73.220535,1.1309257,0.61409831,7.8626362e-11,743.88416,1359.1308
1964.5,371.22873,0.07226149,371.09393,1.2918807,0.031616777,104.47466,299.04623,137.61453,1.1068968,0.8082853,73.223473,1.0766094,0.4222801,4.7608872e-11,743.71838,1359.9924
1964.5833,371.14423,0.072197229,371.00955,1.2922642,0.031616896,104.70481,299.49637,137.82451,1.1620417,0.84984428,73.226448,1.032411,0.39667931,3.8473405e-11,743.5498,1360.8138
1964.6667,371.06119,0.072169855,370.92657,1.2926414,0.031617008,104.94645,299.96942,138.04585,1.2146281,0.89064115,73.229424,1.0290872,0.43626818,3.3164103e-11,743.38422,1361.6806
1964.75,370.97815,0.072126664,370.8436,1.2930185,0.031617124,105.15518,300.37543,138.23599,1.1806971,0.92673773,73.232407,1.0243033,1.8170695,3.5585361e-11,743.21851,1362.3249
1964.8333,370.89517,0.072114661,370.76065,1.2933954,0.031617239,105.18369,300.42599,138.25327,1.1282539,0.93848097,73.235443,1.1162739,1.0207747,6.1427488e-11,743.05292,1362.2179
1964.9167,370.81216,0.07209184,370.6777,1.2937723,0.031617351,105.10973,300.31714,138.19771,1.1021762,0.9175145,73.238632,1.2997464,1.1943456,8.1436372e-11,742.88733,1361.7703
1965,370.72778,0.072025418,370.59341,1.2941552,0.031617466,105.02252,300.18265,138.13626,1.0696532,0.89138007,73.241577,1.2573283,1.115602,8.215454e-11,742.71893,1361.2629
1965.0833,370.64752,0.071981885,370.51324,1.2945197,0.031617578,104.95274,300.07623,138.0873,1.0233481,0.85442424,73.244514,1.2949442,1.226948,8.0014363e-11,742.5589,1360.7975
1965.1667,370.56726,0.07193426,370.43307,1.294884,0.031617686,104.86609,299.9545,138.02872,0.98327315,0.822492,73.247421,1.3166194,1.2522597,7.7477975e-11,742.39874,1360.3012
1965.25,370.48428,0.071880825,370.35022,1.2952605,0.031617802,104.79569,299.8551,137.9827,0.96293819,0.77995658,73.250351,1.2967082,1.1196018,7.718115e-11,742.23328,1359.8599
1965.3333,370.40137,0.071832128,370.26736,1.295637,0.031617913,104.7299,299.77109,137.94379,0.97185385,0.70546418,73.253326,1.3021041,0.78727525,7.7126187e-11,742.06787,1359.4433
1965.4167,370.31845,0.071786091,370.18454,1.2960134,0.031618025,104.66998,299.71365,137.9122,0.99483293,0.73436868,73.256233,1.2619785,0.71237242,7.6825567e-11,741.9024,1359.1837
1965.5,370.23566,0.071799695,370.10175,1.2963897,0.031618141,104.80962,300.04224,138.05707,1.0439147,0.7752037,73.259102,1.1521487,0.52706224,4.9840316e-11,741.73718,1359.7243
1965.5833,370.15143,0.071754202,370.01758,1.2967721,0.031618256,105.15989,300.7594,138.38611,1.090758,0.80789936,73.262016,1.0371921,0.5334366,3.6253715e-11,741.56909,1361.0352
1965.6667,370.06851,0.07168451,369.93481,1.2971482,0.031618368,105.48004,301.39752,138.68419,1.127416,0.84161872,73.264961,1.0317308,1.5663179,3.2428327e-11,741.40375,1362.1996
1965.75,369.98569,0.071638718,369.85208,1.2975243,0.03161848,105.63246,301.69455,138.82018,1.0449096,0.86987227,73.267944,1.0898299,0.88906676,4.6451048e-11,741.23859,1362.5685
1965.8333,369.90283,0.071578845,369.76935,1.2979003,0.031618591,105.60655,301.66647,138.79633,1.0500386,0.87496454,73.27095,1.1600051,1.0500941,6.9033883e-11,741.0733,1362.3385
1965.9167,369.82007,0.071557499,369.68661,1.2982762,0.031618703,105.58944,301.63763,138.77838,1.0284529,0.85770494,73.273895,1.1389159,1.0468738,7.0437392e-11,740.90814,1362.0736
1966,369.73596,0.071526714,369.60257,1.2986581,0.031618819,105.55145,301.58856,138.75003,0.99485821,0.8304106,73.27697,1.2383599,1.0734396,7.2144714e-11,740.7403,1361.7326
1966.0833,369.65594,0.071488954,369.52258,1.2990216,0.031618927,105.48421,301.52814,138.7106,0.97019315,0.81085914,73.279854,1.2800215,1.1814934,7.2793632e-11,740.58063,1361.3645
1966.1667,369.5759,0.071453199,369.44266,1.2993848,0.031619035,105.41259,301.46722,138.67087,0.9344753,0.78228313,73.282753,1.3090134,1.2081189,7.2920073e-11,740.42096,1360.9712
1966.25,369.49319,0.071409591,369.36002,1.2997605,0.031619146,105.3429,301.38474,138.62839,0.91384923,0.74013758,73.285736,1.3236635,1.0828218,7.3165161e-11,740.25598,1360.5518
1966.3333,369.41049,0.071369044,369.27737,1.3001359,0.031619258,105.27732,301.30731,138.58875,0.93029869,0.68799889,73.288673,1.315169,0.76046979,7.3124153e-11,740.091,1360.1714
1966.4167,369.32779,0.071325004,369.19476,1.3005112,0.03161937,105.226,301.26895,138.56447,0.95988578,0.7210601,73.29155,1.2502769,0.68559688,7.1872792e-11,739.92603,1359.9578
1966.5,369.24521,0.071323663,369.11218,1.3008866,0.031619482,105.42773,301.71921,138.77115,1.0152785,0.76111835,73.29438,1.1118075,0.35066366,4.4262476e-11,739.76123,1360.7501
1966.5833,369.1611,0.071229167,369.02826,1.301268,0.031619597,105.82493,302.52371,139.15326,1.0732961,0.8025502,73.297318,1.0317473,0.45746863,3.3502773e-11,739.59351,1362.2686
1966.6667,369.07846,0.071185589,368.94571,1.3016431,0.031619709,106.13871,303.14758,139.45108,1.1222093,0.83993304,73.300262,1.0265085,0.49464753,3.0218581e-11,739.42859,1363.4284
1966.75,368.99588,0.071155243,368.86316,1.3020182,0.031619821,106.37115,303.60309,139.66875,1.0956163,0.87423956,73.303223,1.0208513,1.6005553,3.24487e-11,739.26379,1364.1798
1966.8333,368.91333,0.071130022,368.78067,1.3023931,0.031619933,106.42401,303.68549,139.70744,1.0710694,0.89150143,73.306175,1.0121573,0.89079326,4.3596651e-11,739.09912,1364.1848
1966.9167,368.83075,0.07109911,368.69815,1.302768,0.031620041,106.4446,303.71173,139.71736,1.0715597,0.89239621,73.309174,1.0810068,0.95663154,5.0036308e-11,738.93439,1364.0812
1967,368.74686,0.071056828,368.61432,1.303149,0.031620156,106.44067,303.72839,139.71263,1.0845922,0.90302819,73.312187,1.1082804,0.90484655,5.9235498e-11,738.76703,1363.9485
1967.0833,368.66705,0.071029022,368.53458,1.3035114,0.03162026,106.43784,303.74747,139.70958,1.0863856,0.90523112,73.315041,1.1433374,1.034276,6.3779898e-11,738.60779,1363.8093
1967.1667,368.58725,0.071000494,368.45483,1.3038738,0.031620368,106.41964,303.76346,139.69725,1.0651758,0.88807172,73.317894,1.1952695,1.0778583,6.5768828e-11,738.44861,1363.6001
1967.25,368.50476,0.070965998,368.37241,1.3042483,0.03162048,106.39471,303.78168,139.68115,1.0489509,0.87184954,73.320831,1.2072314,1.0585345,6.6381116e-11,738.284,1363.3832
1967.3333,368.42227,0.070922621,368.29001,1.3046228,0.031620592,106.38013,303.81146,139.67307,1.0622352,0.79294628,73.32373,1.1563931,0.68136919,6.6358662e-11,738.11945,1363.163
1967.4167,368.33981,0.070886478,368.20761,1.3049972,0.0316207,106.45809,303.99252,139.7505,1.1065855,0.82808936,73.326614,1.0568986,0.5098626,5.3832293e-11,737.9549,1363.4173
1967.5,368.25732,0.070822395,368.12524,1.3053714,0.031620812,106.73209,304.53818,140.01746,1.1564289,0.85933429,73.329514,1.0146782,0.45986593,3.4961496e-11,737.79034,1364.4234
1967.5833,368.17355,0.070773289,368.04156,1.3057518,0.031620923,107.07085,305.21329,140.34764,1.2051948,0.8932668,73.332489,1.0068369,0.48048756,2.9205065e-11,737.62323,1365.686
1967.6667,368.09116,0.070744321,367.95923,1.306126,0.031621035,107.30405,305.66934,140.57036,1.2474862,0.92265987,73.335442,1.0036087,0.53712225,2.6603915e-11,737.45886,1366.5083
1967.75,368.00879,0.07072214,367.87689,1.3065,0.031621143,107.41952,305.88083,140.67339,1.2478286,0.98349214,73.338524,1.0001884,0.98465937,3.1413285e-11,737.29456,1366.8382
1967.8333,367.92645,0.070702426,367.79462,1.3068739,0.031621255,107.43234,305.88544,140.67484,1.2303458,1.0084584,73.341866,1.0444285,0.95014119,5.1666883e-11,737.13025,1366.7035
1967.9167,367.84415,0.070672818,367.71234,1.3072479,0.031621363,107.40881,305.83041,140.6458,1.206902,0.98921275,73.345184,1.090011,0.99522632,7.3566181e-11,736.96606,1366.3924
1968,367.76093,0.070894115,367.62872,1.3076278,0.031621475,107.39046,305.79919,140.62434,1.2020081,0.98344427,73.078033,2.8803234,2.4065862,7.4555688e-11,736.7998,1365.8773
1968.0833,367.68082,0.070587389,367.54919,1.3079892,0.031621579,107.37581,305.77274,140.60651,1.1662968,0.95781952,73.07473,1.134902,0.97688532,7.4254658e-11,736.6402,1365.5941
1968.1667,367.60123,0.070552923,367.46967,1.3083506,0.031621687,107.366,305.74347,140.592,1.126868,0.92683053,73.071686,1.1321263,1.0319028,7.4217188e-11,736.48145,1365.3082
1968.25,367.51895,0.070508741,367.38745,1.3087242,0.031621795,107.35821,305.7153,140.57918,1.1081319,0.89751828,73.06855,1.1337981,0.99111736,7.4169511e-11,736.31726,1365.0442
1968.3333,367.43665,0.070456535,367.30527,1.3090976,0.031621903,107.35238,305.70407,140.57014,1.1045547,0.82408249,73.065414,1.1594363,0.86239547,7.4097756e-11,736.15308,1364.7737
1968.4167,367.35443,0.070417739,367.22311,1.309471,0.031622015,107.40424,305.82364,140.62033,1.1275164,0.84441018,73.062225,1.0838484,0.60950357,6.3267822e-11,735.98901,1364.8713
1968.5,367.27216,0.070366405,367.14096,1.3098444,0.031622123,107.73981,306.49454,140.95218,1.1769446,0.87474054,73.059036,1.0510308,0.46756685,3.8431404e-11,735.82495,1366.1222
1968.5833,367.18863,0.070328131,367.05746,1.3102237,0.031622235,108.08552,307.18192,141.29097,1.2246643,0.90701729,73.055801,1.038116,0.50297928,3.0427504e-11,735.65826,1367.4042
1968.6667,367.10648,0.070305146,366.97537,1.3105968,0.031622343,108.36427,307.73245,141.56178,1.2602341,0.95632267,73.05262,1.0409645,0.63769531,2.8172109e-11,735.49438,1368.422
1968.75,367.02432,0.070285223,366.89325,1.3109698,0.031622451,108.50029,307.98834,141.68671,1.2551631,1.0286424,73.049446,1.0389744,0.87855798,3.438478e-11,735.33044,1368.8391
1968.8333,366.94223,0.070271052,366.81119,1.3113428,0.031622559,108.53976,308.04422,141.71353,1.2612735,1.0361181,73.046265,1.0418371,0.95672113,4.242182e-11,735.16669,1368.8078
1968.9167,366.86014,0.070257425,366.72913,1.3117157,0.031622667,108.55563,308.0517,141.71796,1.2511389,1.0305848,73.043091,1.0504702,0.93197924,5.6259015e-11,735.00287,1368.6529
1969,366.7767,0.070229001,366.64575,1.3120946,0.031622779,108.56544,308.0452,141.71664,1.2495506,1.0311769,73.042976,1.0052446,0.68775922,6.6103865e-11,734.83636,1368.4873
1969.0833,366.69733,0.070205569,366.56641,1.3124551,0.031622883,108.57462,308.04391,141.71645,1.2150521,1.0046569,73.04583,1.036243,0.923298,6.7788983e-11,734.67798,1368.2785
1969.1667,366.61795,0.070176862,366.48709,1.3128155,0.031622987,108.57027,308.04031,141.70802,1.1880778,0.98278922,73.048714,1.1050736,1.0122465,6.8878334e-11,734.51965,1368.0578
1969.25,366.53589,0.070139423,366.40512,1.3131881,0.031623095,108.54885,308.03558,141.6891,1.1661241,0.94175476,73.051666,1.1317878,0.98789638,6.9685112e-11,734.3559,1367.7889
1969.3333,366.45386,0.070093222,366.32315,1.3135606,0.031623203,108.58308,308.10818,141.71907,1.174287,0.8851189,73.054558,1.0085232,0.70273858,6.2694905e-11,734.19226,1367.7165
1969.4167,366.3718,0.0700434,366.24118,1.3139329,0.031623311,108.86068,308.65524,141.99089,1.2068007,0.90147698,73.057487,1.0045121,0.62818581,3.9584194e-11,734.0285,1368.7012
1969.5,366.28979,0.069998212,366.15927,1.3143052,0.031623419,109.14083,309.20737,142.26329,1.2416853,0.92196751,73.06041,0.99214339,0.60794252,3.4353773e-11,733.86499,1369.7006
1969.5833,366.20648,0.069968231,366.07602,1.3146836,0.031623527,109.42519,309.76987,142.54054,1.2758598,0.94426656,73.063416,0.98713672,0.61396253,3.0857254e-11,733.69879,1370.7179
1969.6667,366.12454,0.06993939,365.99411,1.3150557,0.031623635,109.67042,310.25241,142.77785,1.3071589,0.96439159,73.066376,0.98362708,0.627707,2.8851015e-11,733.53528,1371.5739
1969.75,366.0426,0.069915257,365.91223,1.3154278,0.031623743,109.84724,310.59344,142.94543,1.303434,1.0503025,73.069359,0.98325539,0.74221647,2.832487e-11,733.37183,1372.181
1969.8333,365.96075,0.069920644,365.83038,1.3157997,0.031623852,109.91093,310.70148,142.99834,1.3157989,1.0680946,73.072342,1.0135626,0.827905,4.4931284e-11,733.2085,1372.2756
1969.9167,365.87888,0.069889955,365.74854,1.3161716,0.031623956,109.89367,310.647,142.97192,1.2999141,1.0559976,73.075294,1.0274839,0.89978719,7.0847599e-11,733.04504,1371.9888
1970,365.79572,0.069899626,365.66537,1.3165495,0.031624068,109.85841,310.56537,142.93307,1.2766396,1.0359983,73.078362,1.1187704,0.79049623,7.6404896e-11,732.87915,1371.627
1970.0833,365.71646,0.0698357,365.58624,1.3169091,0.031624168,109.81102,310.46429,142.88828,1.2324775,1.0015794,73.081131,1.1033188,0.96619415,7.1405958e-11,732.72107,1371.1998
1970.1667,365.63721,0.069744289,365.50714,1.3172685,0.031624272,109.79186,310.40936,142.86462,1.2135128,0.98637831,73.084061,1.0819372,0.98542506,7.0311201e-11,732.56299,1370.9129
1970.25,365.5553,0.069679268,365.42538,1.3176401,0.03162438,109.77473,310.35928,142.84254,1.1942791,0.95456731,73.087021,1.0784023,0.94102669,7.0425346e-11,732.3996,1370.6121
1970.3333,365.47342,0.069608666,365.34363,1.3180115,0.031624485,109.7806,310.3631,142.84352,1.1941947,0.89039791,73.089943,1.0318578,0.77364862,6.9582257e-11,732.23627,1370.398
1970.4167,365.39157,0.069547512,365.2619,1.3183829,0.031624593,109.96751,310.72534,143.02432,1.224483,0.90874523,73.092865,1.0004717,0.58351189,5.2102683e-11,732.073,1371.0163
1970.5,365.30978,0.069498494,365.18018,1.3187542,0.031624697,110.26043,311.30429,143.31236,1.2603283,0.93110424,73.095787,0.99643981,0.64584899,4.2595948e-11,731.90979,1372.0741
1970.5833,365.22668,0.069472186,365.09717,1.3191315,0.031624805,110.54114,311.85886,143.58673,1.2912966,0.94966304,73.098732,0.9754774,0.64835656,3.5381156e-11,731.74408,1373.0704
1970.6667,365.14496,0.069442883,365.01547,1.3195027,0.031624913,110.76774,312.30286,143.80754,1.3097272,0.98723173,73.101646,0.96769094,0.71037304,3.3920054e-11,731.58099,1373.8577
1970.75,365.06323,0.069415741,364.93381,1.3198737,0.031625018,110.86387,312.47736,143.89543,1.3098112,1.0430739,73.104576,0.97211218,0.76141906,4.7283646e-11,731.41797,1374.112
1970.8333,364.98154,0.069382742,364.85217,1.3202447,0.031625126,110.86987,312.4649,143.89058,1.3041852,1.0378181,73.107506,0.99098903,0.87264955,6.0098336e-11,731.25494,1373.9297
1970.9167,364.89987,0.06935256,364.77057,1.3206156,0.03162523,110.87405,312.44815,143.88368,1.2670904,1.0091341,73.110435,0.99260998,0.89613175,6.0725057e-11,731.09204,1373.6845
1971,364.81686,0.069322199,364.68762,1.3209925,0.031625338,110.87523,312.4245,143.87387,1.2207274,0.97261178,73.113411,0.99525487,0.67711043,6.2207198e-11,730.92645,1373.4068
1971.0833,364.73792,0.069296591,364.6087,1.3213511,0.031625442,110.87266,312.39404,143.86115,1.1516095,0.9197678,73.116249,0.99683523,0.89875448,6.3809284e-11,730.76886,1373.0844
1971.1667,364.65894,0.069263689,364.52982,1.3217095,0.031625543,110.86758,312.36032,143.84663,1.0753542,0.86108637,73.119102,1.0071586,0.91744667,6.4862019e-11,730.61139,1372.7415
1971.25,364.5773,0.069214173,364.44824,1.3220801,0.031625647,110.86172,312.32965,143.83232,1.0506378,0.82237566,73.12204,1.013059,0.87776345,6.5035421e-11,730.44843,1372.4672
1971.3333,364.49567,0.069151625,364.36673,1.3224506,0.031625751,110.86707,312.31628,143.82806,1.0430189,0.7652052,73.124962,0.99795532,0.81994319,6.4975345e-11,730.28558,1372.2302
1971.4167,364.41403,0.069093876,364.28522,1.322821,0.031625859,110.9838,312.53229,143.93721,1.0553015,0.77009112,73.127899,0.9979009,0.64686227,5.1514935e-11,730.12274,1372.5293
1971.5,364.33246,0.069052413,364.2037,1.3231913,0.031625964,111.33913,313.24005,144.28824,1.0882219,0.77826995,73.130791,0.97864717,0.6530484,3.6293725e-11,729.96002,1373.8247
1971.5833,364.24957,0.069018558,364.12091,1.3235676,0.031626072,111.6488,313.85367,144.59326,1.117718,0.78760636,73.133751,0.96524775,0.64723909,3.2940737e-11,729.79468,1374.9295
1971.6667,364.16806,0.068988554,364.03943,1.3239378,0.031626176,111.90115,314.34921,144.84015,1.1471645,0.79638141,73.136681,0.96483338,0.64845544,3.0897299e-11,729.63202,1375.8028
1971.75,364.08658,0.068959564,363.95801,1.3243078,0.03162628,112.04888,314.62933,144.98048,1.1501516,0.85523796,73.139618,0.96450275,0.70002139,3.3170452e-11,729.46942,1376.2732
1971.8333,364.0051,0.06893111,363.87659,1.3246778,0.031626385,112.10799,314.72714,145.03058,1.1655887,0.86979622,73.142555,0.96405125,0.82904834,3.7240641e-11,729.30695,1376.3505
1971.9167,363.92365,0.068908185,363.79517,1.3250477,0.031626489,112.14204,314.77332,145.05513,1.16684,0.87331855,73.145485,0.96379346,0.90500832,4.5162155e-11,729.14441,1376.3005
1972,363.84088,0.068884909,363.71243,1.3254236,0.031626593,112.16058,314.78711,145.06369,1.1631922,0.87533337,73.148453,0.96353972,0.77147645,5.196861e-11,728.97925,1376.1776
1972.0833,363.76212,0.068862051,363.63376,1.3257812,0.031626698,112.17531,314.79504,145.06911,1.1111071,0.8418175,73.151268,0.97377592,0.90872598,5.6881146e-11,728.82214,1375.9658
1972.1667,363.68341,0.068835579,363.55505,1.3261387,0.031626798,112.18517,314.79565,145.07027,1.0588593,0.80669373,73.154091,0.98791629,0.92316061,5.9965519e-11,728.66504,1375.7357
1972.25,363.60199,0.06880147,363.47372,1.3265083,0.031626903,112.19136,314.78741,145.06755,1.0203738,0.76230824,73.156998,0.99159831,0.91445202,6.1251282e-11,728.50269,1375.4888
1972.3333,363.5206,0.068761006,363.3924,1.3268778,0.031627007,112.21053,314.80594,145.07803,1.003125,0.70081651,73.15992,0.98975289,0.8348335,6.1013507e-11,728.34027,1375.2987
1972.4167,363.43924,0.068726964,363.31113,1.3272473,0.031627107,112.3816,315.13742,145.243,1.022248,0.70193094,73.162819,0.98007423,0.59774226,4.1769834e-11,728.17798,1375.8269
1972.5,363.35791,0.06869439,363.22983,1.3276166,0.031627212,112.69681,315.7627,145.55389,1.0619829,0.70450348,73.16571,0.96282774,0.49725166,3.3123743e-11,728.01569,1376.9612
1972.5833,363.27524,0.06866321,363.14725,1.3279918,0.03162732,113.03145,316.42694,145.88437,1.0988632,0.70745587,73.168671,0.96240664,0.57864362,2.8289609e-11,727.85077,1378.1686
1972.6667,363.19397,0.068638302,363.06601,1.328361,0.03162742,113.29181,316.93903,146.13942,1.1195244,0.72208202,73.171608,0.96206218,0.74101418,2.5230472e-11,727.6886,1379.0721
1972.75,363.1127,0.068614334,362.98477,1.3287301,0.031627525,113.44423,317.229,146.28458,1.1114751,0.77158606,73.174599,0.96180576,0.83693612,2.6139889e-11,727.52643,1379.5418
1972.8333,363.03143,0.068590343,362.90356,1.3290991,0.031627629,113.56995,317.46359,146.40244,1.1142569,0.7745195,73.177612,0.96153355,0.94206685,2.8455197e-11,727.36432,1379.8667
1972.9167,362.9502,0.068567716,362.82239,1.329468,0.031627733,113.62553,317.55441,146.44902,1.1051334,0.77264386,73.180618,0.9612636,1.1459632,3.1379725e-11,727.20227,1379.8897
1973,362.86786,0.068642512,362.73987,1.3298428,0.031627838,113.67756,317.63754,146.49188,1.0579472,0.7423991,72.917107,2.7190118,2.6530907,3.4715401e-11,727.03784,1379.5623
1973.0833,362.78915,0.068528876,362.66138,1.3301995,0.031627938,113.72534,317.71313,146.53085,1.0263729,0.7272287,72.91423,0.99838299,0.97248769,3.7423863e-11,726.88086,1379.5181
1973.1667,362.71063,0.068508334,362.58292,1.330556,0.031628035,113.77102,317.78433,146.5677,1.0054173,0.71812278,72.911621,0.99817216,0.96941066,4.0950562e-11,726.72424,1379.4825
1973.25,362.62946,0.068486325,362.5018,1.3309246,0.031628139,113.81351,317.84827,146.60098,0.98951042,0.69651818,72.908913,0.99800158,0.95202929,4.4836933e-11,726.56226,1379.4199
1973.3333,362.54834,0.068464167,362.42068,1.3312931,0.03162824,113.85893,317.91824,146.6373,0.97553062,0.62923259,72.906219,0.99778777,0.92738253,4.6910476e-11,726.40039,1379.3258
1973.4167,362.46719,0.068443082,362.3396,1.3316616,0.031628344,113.94888,318.08002,146.71898,0.97095799,0.62551349,72.903519,0.99775028,0.80434048,4.1046309e-11,726.23853,1379.4863
1973.5,362.38611,0.068419255,362.25854,1.3320299,0.031628449,114.24459,318.66498,147.01013,0.98815668,0.62092048,72.900818,0.99778301,0.6684497,2.8444221e-11,726.07672,1380.5062
1973.5833,362.30368,0.068390913,362.17618,1.3324043,0.031628553,114.51669,319.20099,147.27704,1.0154297,0.62400997,72.898071,0.99841404,0.70581579,2.4889838e-11,725.91223,1381.4445
1973.6667,362.22263,0.068374604,362.09515,1.3327724,0.031628653,114.74094,319.63913,147.49547,1.0362252,0.62970191,72.894806,1.0072846,0.77706987,2.2493554e-11,725.75049,1382.1867
1973.75,362.14163,0.068388797,362.01413,1.3331405,0.031628754,114.8889,319.92017,147.63617,1.0201963,0.69318295,72.891121,1.0069938,0.98688924,2.2735671e-11,725.58887,1382.6387
1973.8333,362.0607,0.068411402,361.93314,1.3335085,0.031628858,114.94514,320.01273,147.68358,1.0163575,0.70543587,72.887421,1.0066807,0.97532779,2.471841e-11,725.42737,1382.6781
1973.9167,361.97977,0.06843549,361.85217,1.3338764,0.031628959,114.99185,320.08591,147.72134,1.010322,0.70520532,72.883713,1.006374,1.1764203,2.6835012e-11,725.26587,1382.6642
1974,361.89752,0.06846156,361.7699,1.3342502,0.031629063,115.03655,320.15472,147.75694,0.98317081,0.68645972,72.879951,1.0061511,0.94875592,2.8834787e-11,725.10168,1382.5995
1974.0833,361.81931,0.068487816,361.69162,1.3346059,0.031629164,115.07374,320.20908,147.78535,0.93418455,0.66264611,72.876373,1.0057962,0.96517992,3.2072598e-11,724.94562,1382.487
1974.1667,361.74109,0.068518311,361.61334,1.3349617,0.031629261,115.10348,320.24817,147.80617,0.8669371,0.62923235,72.872795,1.0082926,0.95204931,3.5888896e-11,724.78955,1382.3164
1974.25,361.66028,0.0685625,361.53244,1.3353292,0.031629361,115.13414,320.29129,147.82825,0.75543725,0.5541423,72.869102,1.0282147,0.89171988,3.8884465e-11,724.62823,1382.0605
1974.3333,361.57947,0.068598218,361.45157,1.3356967,0.031629462,115.17213,320.3519,147.85843,0.71113873,0.46541023,72.865402,1.0347234,0.87474388,4.0634378e-11,724.46692,1381.8913
1974.4167,361.49866,0.068625301,361.3707,1.3360641,0.031629566,115.25481,320.50287,147.9333,0.72505438,0.47486085,72.861702,1.030686,0.80593443,3.6236968e-11,724.30566,1382.0582
1974.5,361.41782,0.068636641,361.28986,1.3364315,0.031629667,115.54026,321.06516,148.21161,0.74327236,0.47841495,72.857994,1.0127366,0.8081882,2.4707753e-11,724.14435,1383.0411
1974.5833,361.33569,0.068651609,361.2077,1.3368047,0.031629767,115.8407,321.65805,148.50656,0.76028436,0.48521638,72.854225,1.006011,0.79592603,2.1362578e-11,723.98047,1384.0856
1974.6667,361.255,0.068709068,361.12692,1.337172,0.031629872,116.11332,322.19473,148.77379,0.77612698,0.49356493,72.850449,1.005469,0.8084507,1.966876e-11,723.8194,1385.0214
1974.75,361.17441,0.068811834,361.04611,1.3375391,0.031629972,116.25329,322.4592,148.9062,0.75845295,0.56675011,72.846611,1.0040667,0.92049259,2.2271528e-11,723.65845,1385.4489
1974.8333,361.09384,0.068925068,360.96536,1.3379061,0.031630073,116.24634,322.42197,148.88879,0.76340955,0.58715057,72.842773,1.0300422,0.88706708,3.2070496e-11,723.49768,1385.2481
1974.9167,361.01331,0.069024295,360.88461,1.338273,0.031630173,116.21755,322.33951,148.84755,0.75905335,0.58756006,72.838974,1.0586748,0.94806212,4.7654901e-11,723.33679,1384.927
1975,360.93127,0.069043718,360.80255,1.3386459,0.031630274,116.1754,322.23288,148.7928,0.73225039,0.57085329,72.835274,1.1028504,0.92245239,6.3108983e-11,723.1731,1384.5125
1975.0833,360.85312,0.068997703,360.72449,1.3390007,0.031630371,116.14301,322.14749,148.74904,0.71279776,0.55921972,72.831802,1.0860198,0.93171841,6.4469652e-11,723.01721,1384.1606
1975.1667,360.77499,0.068964891,360.64642,1.3393553,0.031630471,116.11938,322.07922,148.7119,0.69570071,0.54924625,72.828354,1.0905719,0.93150759,6.4438031e-11,722.86133,1383.8452
1975.25,360.69427,0.068938762,360.56573,1.3397219,0.031630572,116.09756,322.01456,148.67685,0.67769158,0.52120912,72.824783,1.0993311,0.89484507,6.4412482e-11,722.70032,1383.5129
1975.3333,360.61356,0.068913005,360.48508,1.3400885,0.031630669,116.08046,321.96033,148.64702,0.66790545,0.45868906,72.821205,1.100769,0.85635281,6.4378863e-11,722.53925,1383.1749
1975.4167,360.5329,0.068901047,360.40445,1.3404549,0.031630769,116.11691,322.01508,148.66553,0.67328775,0.47082204,72.817619,1.1117765,0.78458947,5.5482473e-11,722.3783,1383.1375
1975.5,360.45221,0.068870425,360.32382,1.3408213,0.03163087,116.42644,322.62918,148.95552,0.70178705,0.49037439,72.813972,1.0464668,0.72553182,3.3977821e-11,722.21735,1384.2346
1975.5833,360.37021,0.068827875,360.24188,1.3411936,0.031630974,116.73591,323.24106,149.25443,0.73092633,0.50903964,72.810303,1.0338855,0.72702885,2.7548087e-11,722.05371,1385.3354
1975.6667,360.28961,0.068827219,360.16129,1.3415598,0.031631071,116.96439,323.68738,149.46977,0.74391824,0.54037213,72.806679,1.0268977,1.026984,2.4703947e-11,721.89288,1386.1054
1975.75,360.20908,0.068841957,360.08072,1.341926,0.031631172,117.05473,323.85083,149.54764,0.71389097,0.58708197,72.803085,1.0278592,0.96355677,3.3264586e-11,721.73218,1386.2895
1975.8333,360.12857,0.068875656,360.00018,1.342292,0.031631272,116.99229,323.75345,149.49768,0.70777726,0.58641291,72.799751,1.3207541,1.2608817,5.8590396e-11,721.57153,1385.9089
1975.9167,360.04803,0.068873398,359.91965,1.3426579,0.031631373,116.84271,323.55988,149.40559,0.68655175,0.57088178,72.796295,1.395577,1.3398561,6.4553335e-11,721.41083,1385.2727
1976,359.96606,0.068807155,359.8378,1.3430299,0.031631473,116.69346,323.37051,149.31818,0.66707766,0.55506486,72.795929,1.3435438,1.253902,6.5090044e-11,721.24731,1384.6475
1976.0833,359.88818,0.068785176,359.75995,1.3433837,0.03163157,116.55157,323.19385,149.23737,0.64140731,0.53434837,72.798866,1.3691294,1.3244679,6.513954e-11,721.09192,1384.0493
1976.1667,359.81027,0.068756565,359.6821,1.3437374,0.031631663,116.38464,323.00079,149.14726,0.61504233,0.51274222,72.801765,1.3986549,1.3610896,6.5270761e-11,720.93652,1383.3988
1976.25,359.72971,0.068704635,359.60162,1.344103,0.031631764,116.2221,322.81281,149.05727,0.6003657,0.48091346,72.804703,1.3951271,1.2364097,6.5223875e-11,720.77576,1382.7539
1976.3333,359.64911,0.068626828,359.52118,1.3444686,0.031631865,116.0963,322.66254,148.98363,0.61342472,0.44224426,72.807465,1.2837322,0.85304189,6.5143967e-11,720.61499,1382.2206
1976.4167,359.56866,0.068607718,359.44077,1.344834,0.031631961,116.17137,322.83615,149.05615,0.64937288,0.47467577,72.810257,1.128804,0.60071075,4.8306945e-11,720.45447,1382.4524
1976.5,359.4881,0.068535119,359.36035,1.3451993,0.031632062,116.4734,323.44501,149.33449,0.68571663,0.50113475,72.813103,1.0102049,0.74842399,3.5464524e-11,720.29382,1383.5466
1976.5833,359.40625,0.068455294,359.27863,1.3455707,0.031632163,116.7608,324.01776,149.60477,0.71093494,0.51900458,72.816071,0.99422163,0.7262364,3.0829474e-11,720.13049,1384.5598
1976.6667,359.32581,0.06842389,359.19827,1.3459359,0.031632259,117.00218,324.49628,149.83203,0.73540306,0.53664589,72.819008,0.98700279,0.74213982,2.7838922e-11,719.97009,1385.3916
1976.75,359.24545,0.068422005,359.11789,1.3463011,0.03163236,117.14948,324.7814,149.96677,0.6857838,0.55025655,72.82196,0.9808014,1.6110219,3.0379387e-11,719.80969,1385.7653
1976.8333,359.16516,0.068438411,359.03757,1.3466661,0.031632457,117.15048,324.76883,149.95512,0.66581404,0.5502373,72.824966,1.0675931,1.0177573,5.0557687e-11,719.64948,1385.5649
1976.9167,359.08478,0.068407498,358.95724,1.3470311,0.031632554,117.07371,324.64056,149.88852,0.65127265,0.5383445,72.82811,1.2604456,1.2009894,6.2668384e-11,719.48914,1385.1096
1977,359.00305,0.068363942,358.87561,1.347402,0.031632654,116.99714,324.51434,149.82304,0.63749641,0.52715153,72.83094,1.1324811,1.0326104,6.3516761e-11,719.32605,1384.6562
1977.0833,358.92535,0.068333872,358.79797,1.3477548,0.031632751,116.95159,324.42548,149.76828,0.62241471,0.51519698,72.833809,1.171568,1.1226493,6.3481019e-11,719.17102,1384.2878
1977.1667,358.84766,0.0683024,358.72034,1.3481076,0.031632844,116.88524,324.31754,149.7067,0.60486037,0.50133836,72.836761,1.2624325,1.2033484,6.3454707e-11,719.01599,1383.8684
1977.25,358.76733,0.068268895,358.64008,1.3484722,0.031632941,116.78613,324.18011,149.63924,0.58683193,0.47400376,72.839745,1.3081282,1.1580691,6.3422795e-11,718.85577,1383.3618
1977.3333,358.68704,0.068234861,358.55984,1.3488369,0.031633042,116.70724,324.07065,149.57985,0.59825629,0.43427855,72.842545,1.1950635,0.78483862,6.3361615e-11,718.69556,1382.9283
1977.4167,358.60678,0.06820789,358.47964,1.3492013,0.031633139,116.74871,324.15787,149.61322,0.6305452,0.46464038,72.84539,1.103677,0.63178039,5.2516776e-11,718.53546,1382.9958
1977.5,358.52649,0.068154208,358.39944,1.3495657,0.031633236,117.00121,324.66406,149.85033,0.671731,0.49589783,72.848244,1.0042338,0.5884515,3.4373525e-11,718.37524,1383.9067
1977.5833,358.44485,0.06807062,358.31796,1.3499361,0.031633336,117.29929,325.25952,150.13437,0.70627779,0.52168602,72.851204,0.98801309,0.60904038,2.9394251e-11,718.21246,1384.9848
1977.6667,358.36465,0.068064786,358.23779,1.3503003,0.031633433,117.5361,325.72943,150.35811,0.73861492,0.54623097,72.854164,0.9847455,0.63644952,2.518288e-11,718.05243,1385.815
1977.75,358.28458,0.068099618,358.15765,1.3506645,0.03163353,117.68472,326.01846,150.49367,0.70098579,0.56619376,72.857132,0.99088866,1.4758228,2.7678627e-11,717.89258,1386.2137
1977.8333,358.20447,0.068099491,358.07751,1.3510286,0.031633627,117.63617,325.94647,150.4534,0.68555647,0.56911802,72.860374,1.2633668,1.1320223,5.2601177e-11,717.73273,1385.8838
1977.9167,358.12436,0.068108797,357.99741,1.3513926,0.031633724,117.48994,325.75409,150.36282,0.67371941,0.55948013,72.863388,1.3243303,1.2222276,6.4745508e-11,717.57288,1385.2763
1978,358.04276,0.068001829,357.91602,1.3517624,0.031633824,117.37058,325.59024,150.28471,0.66516572,0.55288535,72.866173,1.2186409,1.0819157,6.5284465e-11,717.4101,1384.7399
1978.0833,357.96527,0.067971587,357.83856,1.3521144,0.031633917,117.29712,325.47702,150.22371,0.65137559,0.54226869,72.86908,1.2755878,1.2070377,6.5268027e-11,717.25555,1384.3161
1978.1667,357.88779,0.067939319,357.76114,1.3524662,0.03163401,117.19928,325.34235,150.15915,0.63804889,0.53196245,72.871956,1.3044275,1.2386389,6.5242541e-11,717.10095,1383.8437
1978.25,357.80768,0.067908064,357.68109,1.3528299,0.031634107,117.09025,325.2009,150.09262,0.6297242,0.49374759,72.874855,1.2957038,1.0583631,6.5204772e-11,716.9411,1383.3233
1978.3333,357.7276,0.067870148,357.60107,1.3531935,0.031634204,117.0255,325.10791,150.04137,0.64749157,0.48521167,72.877655,1.1884404,0.80069178,6.5122394e-11,716.78137,1382.9665
1978.4167,357.64761,0.067892112,357.52109,1.353557,0.031634301,117.12267,325.31094,150.12866,0.68590379,0.51576775,72.880493,1.0938493,0.59292012,4.4956778e-11,716.62177,1383.2662
1978.5,357.56747,0.067805827,357.4411,1.3539205,0.031634398,117.43456,325.94144,150.42508,0.72828579,0.54516089,72.883331,1.00014,0.47890943,3.070116e-11,716.46198,1384.4197
1978.5833,357.48605,0.067716889,357.35983,1.3542898,0.031634495,117.7982,326.67429,150.77843,0.77557337,0.58088988,72.886269,0.98308963,0.48727441,2.4593763e-11,716.2995,1385.7931
1978.6667,357.40607,0.06769973,357.27988,1.354653,0.031634592,118.09456,327.26877,151.06645,0.8162896,0.61173856,72.889252,0.9781816,0.55894327,2.1210403e-11,716.13995,1386.8871
1978.75,357.32614,0.0676983,357.19995,1.3550162,0.031634688,118.23053,327.53311,151.19334,0.78091896,0.63488591,72.892715,0.97723424,1.4068458,2.7672057e-11,715.98041,1387.2459
1978.8333,357.24619,0.067676418,357.12003,1.3553793,0.031634785,118.2239,327.50266,151.17653,0.78021419,0.6422835,72.896309,0.98390019,0.91840905,3.5450406e-11,715.82092,1387.0428
1978.9167,357.16626,0.067659557,357.04013,1.3557423,0.031634882,118.2169,327.4707,151.16074,0.78546757,0.64654642,72.899895,0.98137254,0.90845484,3.9636121e-11,715.66138,1386.8417
1979,357.0853,0.067785613,356.95895,1.3561113,0.031634979,118.21259,327.44382,151.14809,0.79908723,0.65729123,72.69735,2.3497758,2.127316,4.285243e-11,715.49982,1386.458
1979.0833,357.00778,0.067638539,356.88171,1.3564622,0.031635072,118.20949,327.42017,151.13705,0.78899866,0.65010291,72.693649,1.0286309,0.95154285,4.6337385e-11,715.34521,1386.2447
1979.1667,356.93054,0.067628302,356.8045,1.3568132,0.031635161,118.2047,327.39301,151.12421,0.79069275,0.65223002,72.690163,1.0306183,0.94163829,5.1688757e-11,715.1911,1386.0462
1979.25,356.85068,0.067610487,356.72467,1.3571758,0.031635258,118.20113,327.36758,151.11221,0.79897356,0.64665848,72.686554,1.0310837,0.85318387,5.3371696e-11,715.03174,1385.8448
1979.3333,356.77084,0.067589387,356.64487,1.3575385,0.031635355,118.19946,327.34604,151.10214,0.82438993,0.61672086,72.682953,1.0308628,0.69990003,5.3695114e-11,714.87244,1385.6441
1979.4167,356.69104,0.067586809,356.56506,1.3579011,0.031635448,118.24043,327.41269,151.13535,0.85489821,0.64228779,72.679352,1.0324537,0.57867813,4.6025364e-11,714.71326,1385.6782
1979.5,356.61118,0.067535795,356.48529,1.3582635,0.031635545,118.4763,327.88165,151.36606,0.90558755,0.67401546,72.675743,1.0283496,0.30728313,3.0003236e-11,714.55389,1386.5332
1979.5833,356.53006,0.067493819,356.40424,1.3586318,0.031635642,118.77821,328.48642,151.66312,0.96237797,0.71536058,72.672058,1.002902,0.45988393,2.308145e-11,714.39209,1387.6696
1979.6667,356.45032,0.067489259,356.32452,1.3589941,0.031635735,119.02822,328.98502,151.91016,1.0018666,0.74273646,72.668442,0.99408734,0.62006539,2.0170121e-11,714.23291,1388.5693
1979.75,356.37064,0.067507066,356.24478,1.3593564,0.031635832,119.19556,329.31342,152.07356,1.0191659,0.77710086,72.664749,0.99372768,0.94423276,2.0946212e-11,714.07391,1389.1175
1979.8333,356.29099,0.067532182,356.1651,1.3597186,0.031635925,119.22834,329.36429,152.10016,1.0060656,0.81545866,72.661026,0.99177712,0.87027597,2.7711916e-11,713.91498,1389.0902
1979.9167,356.21136,0.067571081,356.08542,1.3600806,0.031636022,119.23085,329.35269,152.09579,1.0067307,0.81458664,72.65731,0.99578267,0.88945967,2.9815449e-11,713.7561,1388.9141
1980,356.13046,0.067606613,356.00446,1.3604485,0.031636119,119.23017,329.3338,152.08643,0.99433446,0.80492896,72.653542,1.0129982,0.77768004,3.3260696e-11,713.5946,1388.6978
1980.0833,356.0535,0.067643121,355.92743,1.3607985,0.031636208,119.23219,329.32086,152.07991,0.99026352,0.80225307,72.64994,1.014545,0.93992239,3.5404533e-11,713.44098,1388.5164
1980.1667,355.97656,0.067683369,355.8504,1.3611485,0.031636301,119.23679,329.31308,152.07607,0.98687607,0.80036932,72.646347,1.0146825,0.9646951,3.6835337e-11,713.28741,1388.3469
1980.25,355.89703,0.067723691,355.77078,1.3615103,0.031636395,119.2421,329.30615,152.07254,0.98360956,0.7989521,72.642639,1.0144179,0.96181977,3.8896789e-11,713.12866,1388.1747
1980.3333,355.8175,0.067761503,355.69119,1.3618718,0.031636491,119.24957,329.30368,152.07135,0.99930876,0.7348882,72.638916,1.0128046,0.76175374,4.0031197e-11,712.96991,1387.9676
1980.4167,355.73804,0.067805275,355.61163,1.3622335,0.031636585,119.27905,329.34653,152.0927,1.0220486,0.75129038,72.635208,1.0113399,0.68773627,3.6459412e-11,712.81134,1387.9381
1980.5,355.65851,0.067829467,355.53207,1.362595,0.031636678,119.48882,329.76099,152.29805,1.0581895,0.76227075,72.631485,0.99798703,0.56464458,2.4874793e-11,712.65265,1388.6524
1980.5833,355.57773,0.067851014,355.45123,1.3629622,0.031636775,119.73007,330.24005,152.53647,1.0944854,0.77013075,72.627701,0.99025834,0.62527251,2.0690567e-11,712.49139,1389.4904
1980.6667,355.49829,0.06790109,355.3717,1.3633237,0.031636868,119.89234,330.55692,152.69472,1.1211694,0.77715647,72.623955,0.98966378,0.72695303,1.9982372e-11,712.33282,1389.9991
1980.75,355.41895,0.06797342,355.29221,1.3636849,0.031636961,119.97744,330.71478,152.77437,1.1039704,0.84493423,72.620178,0.98928118,0.94689476,2.1265982e-11,712.17444,1390.2102
1980.8333,355.3396,0.068049617,355.21274,1.3640461,0.031637054,120.0052,330.7547,152.79562,1.1126245,0.85455084,72.616379,0.98868412,0.85556227,2.3985557e-11,712.01605,1390.1551
1980.9167,355.26028,0.068128318,355.13327,1.3644072,0.031637151,120.01595,330.75949,152.79951,1.1074315,0.85251671,72.612595,0.98832756,0.96428418,2.7011811e-11,711.85767,1390.0052
1981,355.17969,0.068207286,355.05252,1.3647741,0.031637244,120.02289,330.7561,152.79939,1.1002924,0.85038698,72.608742,0.9881376,0.77859235,2.9842333e-11,711.69678,1389.8346
1981.0833,355.103,0.068281405,354.97571,1.3651232,0.031637333,120.03168,330.75732,152.80147,1.1017653,0.85569161,72.60508,0.98787326,0.91170609,3.0746808e-11,711.5437,1389.6967
1981.1667,355.02634,0.068355821,354.8989,1.3654722,0.031637426,120.04126,330.76004,152.80432,1.0922341,0.85236865,72.60141,0.98772633,0.90445983,3.195514e-11,711.39069,1389.5424
1981.25,354.94708,0.068431146,354.81952,1.3658329,0.03163752,120.05257,330.76572,152.8087,1.0956672,0.83561701,72.597618,0.98750913,0.86519402,3.3009109e-11,711.23248,1389.3884
1981.3333,354.86786,0.0685063,354.74014,1.3661937,0.031637613,120.06505,330.77368,152.81421,1.0975175,0.77889609,72.593834,0.98714995,0.83433044,3.3838089e-11,711.07434,1389.1975
1981.4167,354.78864,0.06858813,354.66077,1.3665543,0.031637706,120.1165,330.86185,152.85939,1.0601088,0.75263822,72.59005,0.987553,0.61447269,2.9860187e-11,710.91614,1389.1567
1981.5,354.70941,0.068646967,354.58145,1.3669149,0.031637799,120.31684,331.25583,153.05597,1.0947146,0.76059556,72.586266,0.98775947,0.61815852,2.2277563e-11,710.75806,1389.8283
1981.5833,354.62894,0.068714067,354.50082,1.3672812,0.031637892,120.50767,331.62988,153.24266,1.1247817,0.76557267,72.582413,0.98722881,0.65204889,1.9972121e-11,710.59741,1390.4503
1981.6667,354.5498,0.068801798,354.42154,1.3676416,0.031637985,120.66724,331.94022,153.39778,1.1380407,0.79134744,72.578598,0.98665231,0.84862351,1.9018159e-11,710.43939,1390.9526
1981.75,354.4707,0.068906859,354.34225,1.3680018,0.031638078,120.72483,332.0408,153.4491,1.1241975,0.84649795,72.574745,0.9861483,0.86571395,2.1268595e-11,710.28143,1391.0415
1981.8333,354.39166,0.069020495,354.26297,1.3683621,0.031638172,120.71867,332.01047,153.43558,1.1328621,0.85432678,72.570885,0.98583949,0.86447954,2.8133964e-11,710.1236,1390.8464
1981.9167,354.31262,0.069121167,354.18375,1.3687222,0.031638265,120.69823,331.95096,153.40756,1.1389325,0.85978758,72.567032,0.98569769,1.0015517,3.4088007e-11,709.96582,1390.5883
1982,354.23227,0.069221683,354.10321,1.3690882,0.031638358,120.68356,331.90286,153.3853,1.1357526,0.85853916,72.563133,0.98546368,0.82264698,3.6667124e-11,709.80536,1390.3345
1982.0833,354.15582,0.069309503,354.02661,1.3694363,0.031638447,120.67162,331.86121,153.36617,1.1292865,0.85837078,72.559433,0.98523235,0.91987091,3.8530949e-11,709.65277,1390.0988
1982.1667,354.07938,0.069390006,353.95001,1.3697844,0.031638537,120.66041,331.82101,153.34776,1.1193005,0.85548961,72.555748,0.98508531,0.91848987,4.0739564e-11,709.50018,1389.8599
1982.25,354.00034,0.069458105,353.87082,1.3701441,0.03163863,120.65011,331.78204,153.33002,1.1169147,0.83290261,72.551971,0.98487878,0.86894143,4.2995277e-11,709.34235,1389.6063
1982.3333,353.9213,0.069518074,353.79169,1.3705039,0.031638719,120.64198,331.7475,153.31447,1.1215597,0.77218843,72.54821,0.98464954,0.87369484,4.3929745e-11,709.18457,1389.3304
1982.4167,353.84229,0.069574676,353.71255,1.3708636,0.031638812,120.65097,331.74826,153.31635,1.1244717,0.7726503,72.544456,0.98451966,0.74181646,4.0931522e-11,709.02686,1389.184
1982.5,353.76324,0.069625959,353.63342,1.3712231,0.031638905,120.83411,332.10648,153.49524,1.1543438,0.7679221,72.540703,0.98471189,0.53673166,2.5975007e-11,708.86914,1389.7679
1982.5833,353.68295,0.069679216,353.55304,1.3715885,0.031638999,120.98852,332.40427,153.64445,1.1859992,0.76763397,72.536888,0.98409933,0.59529781,2.2191691e-11,708.70886,1390.2366
1982.6667,353.60397,0.069736347,353.47394,1.3719479,0.031639088,121.14609,332.70999,153.79729,1.2112437,0.76865482,72.533134,0.98326516,0.72317833,2.0269224e-11,708.55121,1390.7176
1982.75,353.52505,0.069806315,353.39487,1.3723072,0.031639181,121.22992,332.86426,153.87518,1.1880178,0.8309027,72.52935,0.98197836,1.0353544,2.3393017e-11,708.39368,1390.9113
1982.8333,353.44614,0.069882348,353.31583,1.3726665,0.031639274,121.21577,332.8176,153.85355,1.1807777,0.84907186,72.525551,0.9817602,0.93724024,3.1263443e-11,708.23615,1390.6784
1982.9167,353.36725,0.069957122,353.23682,1.3730257,0.031639364,121.19891,332.76529,153.82912,1.1784048,0.85090405,72.521767,0.98192734,1.0992424,3.3537964e-11,708.07867,1390.4231
1983,353.28711,0.070032202,353.15649,1.3733906,0.031639457,121.18248,332.71356,153.80493,1.1509311,0.83316815,72.517914,0.98235452,0.88146073,3.6284031e-11,707.9187,1390.1216
1983.0833,353.21082,0.070103168,353.08011,1.3737378,0.031639546,121.1678,332.66617,153.7829,1.138319,0.82937133,72.514244,0.98232138,0.93615413,3.9365219e-11,707.76636,1389.8652
1983.1667,353.13455,0.070167519,353.00372,1.3740849,0.031639632,121.15317,332.61887,153.76089,1.1252283,0.82483768,72.51059,0.98224992,0.93552375,4.2869656e-11,707.61414,1389.6078
1983.25,353.05569,0.070218861,352.92477,1.3744439,0.031639725,121.13927,332.57242,153.73938,1.0809048,0.7861529,72.506851,0.98199987,0.88265902,4.6169821e-11,707.45673,1389.2816
1983.3333,352.97684,0.070259973,352.84583,1.3748026,0.031639814,121.13267,332.54068,153.72519,0.96159589,0.63945198,72.503143,0.98180801,0.84341717,4.7335347e-11,707.29938,1388.8022
1983.4167,352.89798,0.070296116,352.76691,1.3751613,0.031639908,121.18147,332.62238,153.7672,0.96001947,0.63561511,72.499435,0.98208809,0.71237475,3.9341599e-11,707.14197,1388.8081
1983.5,352.81915,0.070321903,352.68799,1.3755199,0.031639997,121.41689,333.0856,153.99837,0.98161936,0.63152081,72.49572,0.9821521,0.69613498,2.637246e-11,706.98462,1389.5943
1983.5833,352.73901,0.070355646,352.60782,1.3758843,0.03164009,121.57169,333.38232,154.14723,1.0020878,0.63180614,72.491951,0.98074615,0.72289962,2.2179541e-11,706.82465,1390.0517
1983.6667,352.66022,0.070389964,352.52896,1.3762428,0.031640179,121.70412,333.63406,154.2737,1.0124681,0.65043354,72.488235,0.98012841,0.89791846,2.0604995e-11,706.66742,1390.4304
1983.75,352.58145,0.070434131,352.4501,1.3766011,0.031640269,121.79926,333.8103,154.36263,0.98535299,0.71923101,72.484505,0.97945094,0.89873838,2.3581418e-11,706.51019,1390.6715
1983.8333,352.50272,0.070481762,352.37128,1.3769594,0.031640362,121.79875,333.79108,154.35466,0.98966134,0.72478765,72.480774,0.97924793,0.90148741,3.5447333e-11,706.35303,1390.4928
1983.9167,352.42398,0.07052654,352.29245,1.3773177,0.031640451,121.78577,333.74643,154.334,0.99167579,0.72892356,72.477036,0.97897267,0.98401672,3.8586297e-11,706.19592,1390.2598
1984,352.34399,0.070572995,352.21237,1.3776816,0.031640545,121.77376,333.70343,154.31421,0.98496795,0.7255463,72.473236,0.97874105,0.84553885,4.159138e-11,706.03625,1390.0114
1984.0833,352.26788,0.070618793,352.13617,1.3780279,0.03164063,121.76163,333.66101,154.29465,0.95971483,0.71492952,72.469635,0.97912544,0.89950067,4.5687207e-11,705.88434,1389.7458
1984.1667,352.19177,0.070652865,352.06,1.3783741,0.031640716,121.74812,333.61566,154.27364,0.94308782,0.70895475,72.466049,0.97962826,0.89261639,5.0763182e-11,705.73236,1389.4878
1984.25,352.11307,0.070668742,351.98126,1.3787321,0.031640805,121.73571,333.57193,154.25348,0.93486172,0.67836273,72.462379,0.97943693,0.80785722,5.335073e-11,705.57538,1389.2121
1984.3333,352.03433,0.07067389,351.90253,1.3790898,0.031640898,121.72504,333.5318,154.23511,0.90509748,0.5829075,72.458733,0.97947961,0.86503369,5.4557275e-11,705.41827,1388.8569
1984.4167,351.95566,0.070678242,351.82382,1.3794476,0.031640988,121.76002,333.58502,154.26299,0.90334988,0.58127266,72.455093,0.97958606,0.7719087,4.6438336e-11,705.26123,1388.809
1984.5,351.87695,0.07067693,351.74515,1.3798052,0.031641077,122.01144,334.08087,154.51024,0.91888452,0.57698697,72.451447,0.98003757,0.71649951,2.8855286e-11,705.10419,1389.6541
1984.5833,351.797,0.070681214,351.66519,1.3801687,0.031641167,122.26537,334.58139,154.75978,0.93791807,0.57860738,72.447731,0.97841346,0.71513993,2.370458e-11,704.94464,1390.5155
1984.6667,351.71835,0.07068713,351.58655,1.3805262,0.031641256,122.48085,335.00391,154.9706,0.95701641,0.58184958,72.444077,0.97778064,0.73889381,2.1305452e-11,704.78778,1391.2261
1984.75,351.63974,0.070699848,351.5079,1.3808836,0.031641345,122.61138,335.25262,155.09532,0.93440765,0.65196639,72.440407,0.977171,0.98225611,2.3750332e-11,704.63086,1391.617
1984.8333,351.56119,0.070723817,351.42929,1.3812408,0.031641435,122.61126,335.23413,155.08763,0.9296912,0.67783707,72.436722,0.97656691,0.88912421,3.2523768e-11,704.474,1391.4512
1984.9167,351.48264,0.070747256,351.35068,1.3815981,0.031641524,122.59486,335.18237,155.06346,0.93341517,0.68369961,72.433037,0.97645956,0.90622026,4.047886e-11,704.31726,1391.2081
1985,351.4028,0.070768781,351.27081,1.3819611,0.031641617,122.58353,335.14069,155.0443,0.93623132,0.68861014,72.429291,0.97621244,0.84305167,4.4879909e-11,704.15796,1390.9806
1985.0833,351.32684,0.070791364,351.19482,1.3823065,0.031641703,122.57513,335.1059,155.02847,0.9328171,0.69078511,72.425735,0.97594851,0.88305533,4.7407599e-11,704.00641,1390.7652
1985.1667,351.25092,0.070810348,351.11884,1.3826518,0.031641789,122.5639,335.06525,155.00974,0.92369449,0.69033366,72.42218,0.97689557,0.88333505,5.1014082e-11,703.8548,1390.5299
1985.25,351.17242,0.070827924,351.04031,1.3830087,0.031641878,122.55462,335.02789,154.99269,0.90615904,0.67203599,72.418518,0.97666013,0.81011885,5.2104064e-11,703.69818,1390.2702
1985.3333,351.09393,0.070845231,350.96182,1.3833656,0.031641964,122.54699,334.99393,154.97734,0.867194,0.5687542,72.414879,0.97675622,0.78900915,5.3051445e-11,703.54156,1389.9106
1985.4167,351.01547,0.070864104,350.8833,1.3837224,0.031642053,122.55842,334.99905,154.98021,0.862499,0.57511526,72.411232,0.97948277,0.72174859,4.9124576e-11,703.38495,1389.7715
1985.5,350.93701,0.070867702,350.80484,1.3840791,0.031642143,122.75066,335.37424,155.151,0.87953889,0.57922816,72.407585,0.98873454,0.65874392,3.1616716e-11,703.22845,1390.3707
1985.5833,350.85724,0.070859753,350.7251,1.3844415,0.031642232,123.00446,335.87427,155.38457,0.9037056,0.58548623,72.403862,0.9836157,0.66040826,2.4505023e-11,703.06927,1391.2256
1985.6667,350.77884,0.070873722,350.64667,1.384798,0.031642321,123.18447,336.22385,155.54868,0.91825944,0.62015879,72.400208,0.98056507,0.78099459,2.1190763e-11,702.91278,1391.8085
1985.75,350.70044,0.070894122,350.56824,1.3851545,0.031642411,123.34074,336.52515,155.69374,0.90423626,0.70601791,72.39653,0.97611076,0.73456299,2.0798953e-11,702.75635,1392.3227
1985.8333,350.62207,0.070914455,350.48984,1.3855109,0.031642497,123.42344,336.67551,155.76976,0.92282414,0.72423595,72.39283,0.97483546,0.73477471,2.2624248e-11,702.59998,1392.5086
1985.9167,350.54373,0.070939235,350.41144,1.3858671,0.031642586,123.46053,336.73288,155.79985,0.93946886,0.74095762,72.389137,0.97416759,0.73949206,2.5194e-11,702.4436,1392.5065
1986,350.46414,0.070972279,350.33179,1.3862292,0.031642675,123.4873,336.76889,155.81935,0.95772648,0.75811988,72.385384,0.97394586,0.71976507,2.6676878e-11,702.28479,1392.4616
1986.0833,350.38843,0.071002856,350.25601,1.3865737,0.031642761,123.51026,336.79807,155.83539,0.97196424,0.77307618,72.381805,0.97368443,0.7514832,2.8704272e-11,702.13367,1392.4042
1986.1667,350.31271,0.071036212,350.18024,1.3869181,0.031642847,123.5274,336.81543,155.84554,0.9822439,0.78566992,72.378235,0.97343302,0.74836057,3.1288267e-11,701.98248,1392.317
1986.25,350.23447,0.071068019,350.10193,1.387274,0.031642932,123.53881,336.82047,155.84961,0.99615437,0.8011409,72.374542,0.97327483,0.73893541,3.4179069e-11,701.82635,1392.207
1986.3333,350.15622,0.071097046,350.02362,1.3876299,0.031643022,123.55064,336.82629,155.85414,1.0119179,0.6974709,72.37085,0.97303957,0.63456631,3.5297255e-11,701.67023,1391.9816
1986.4167,350.078,0.071138039,349.94534,1.3879857,0.031643108,123.58846,336.88544,155.88454,1.0277499,0.70580113,72.367149,0.97431332,0.61046493,3.1918319e-11,701.5141,1391.9733
1986.5,349.99976,0.071144566,349.86707,1.3883414,0.031643197,123.7628,337.22382,156.05127,1.0561945,0.71656436,72.363464,0.97704494,0.49834958,2.3489282e-11,701.35797,1392.5321
1986.5833,349.92032,0.071183398,349.78754,1.388703,0.031643286,123.924,337.53491,156.20522,1.0883552,0.7323842,72.359673,0.97450578,0.58523607,2.1212955e-11,701.1994,1393.0439
1986.6667,349.84222,0.071263403,349.70932,1.3890586,0.031643372,124.07017,337.81543,156.34473,1.1130681,0.75090003,72.355865,0.97336978,0.73706758,1.8593779e-11,701.04346,1393.4936
1986.75,349.76422,0.071367182,349.6311,1.3894141,0.031643461,124.14816,337.95642,156.4156,1.0898894,0.85510665,72.35202,0.97219712,0.72910458,2.1174142e-11,700.8877,1393.705
1986.8333,349.68622,0.071475416,349.55292,1.3897694,0.031643547,124.13683,337.91486,156.39656,1.1054198,0.86844975,72.348175,0.97126085,0.79888219,2.642926e-11,700.73199,1393.5022
1986.9167,349.60825,0.071576834,349.47473,1.3901248,0.031643633,124.11515,337.85214,156.36707,1.1176971,0.88123107,72.34433,0.97188079,0.78860795,3.1812664e-11,700.57629,1393.2539
1987,349.52899,0.071677327,349.39529,1.3904859,0.031643722,124.09543,337.79303,156.33929,1.1307654,0.8950448,72.340424,0.97270882,0.74023163,3.4643961e-11,700.41809,1393.0121
1987.0833,349.45361,0.071773216,349.31973,1.3908294,0.031643808,124.07842,337.74036,156.31465,1.1384772,0.90456033,72.336716,0.97254401,0.81741929,3.6733006e-11,700.26752,1392.7806
1987.1667,349.3782,0.071860433,349.24417,1.3911729,0.03164389,124.0617,337.6882,156.29033,1.1422954,0.9115113,72.333023,0.97251928,0.84081215,3.9323118e-11,700.117,1392.5441
1987.25,349.30026,0.071938202,349.16608,1.3915279,0.031643979,124.04626,337.63806,156.26701,1.1447631,0.88095891,72.329216,0.97235936,0.82673347,4.1677332e-11,699.96143,1392.2678
1987.3333,349.22229,0.072003111,349.08798,1.3918829,0.031644065,124.03292,337.59219,156.24582,1.1530317,0.79225206,72.325455,0.97216666,0.77151173,4.3292318e-11,699.80579,1391.9475
1987.4167,349.14435,0.072073303,349.00992,1.3922377,0.031644151,124.09754,337.7059,156.30342,1.1631569,0.79560673,72.321686,0.9733901,0.63802767,3.3667825e-11,699.65015,1392.0375
1987.5,349.06638,0.072118744,348.93185,1.3925925,0.031644236,124.29202,338.08478,156.4922,1.1907597,0.79844695,72.317924,0.97333401,0.55602789,2.4683441e-11,699.49451,1392.6707
1987.5833,348.98718,0.072173417,348.85254,1.392953,0.031644326,124.44504,338.37817,156.63899,1.2210385,0.80603427,72.314095,0.97187424,0.61609632,2.1524704e-11,699.33643,1393.1398
1987.6667,348.9093,0.072240971,348.77454,1.3933077,0.031644411,124.58584,338.64749,156.77386,1.2270452,0.85122883,72.310318,0.97011334,0.79783654,2.0260441e-11,699.18103,1393.5768
1987.75,348.83145,0.072326161,348.69653,1.3936622,0.031644497,124.68729,338.83612,156.86897,1.2096087,0.92868346,72.306511,0.96940804,0.80242425,1.9507878e-11,699.02563,1393.8628
1987.8333,348.75366,0.072412826,348.61856,1.3940166,0.031644583,124.73008,338.90463,156.90459,1.2205273,0.93888569,72.302681,0.96906197,0.82158738,2.2019881e-11,698.8703,1393.8718
1987.9167,348.67587,0.072504252,348.54062,1.394371,0.031644668,124.72519,338.87592,156.89195,1.2291875,0.94835722,72.298859,0.96879917,0.81941319,2.6721401e-11,698.71497,1393.6844
1988,348.5968,0.072594427,348.4614,1.3947312,0.031644758,124.71763,338.84146,156.8765,1.2428834,0.96228993,72.294983,0.96852785,0.76783812,2.9379763e-11,698.55713,1393.4928
1988.0833,348.52161,0.07268104,348.38602,1.3950738,0.03164484,124.70711,338.80194,156.8584,1.2465888,0.96940917,72.29129,0.96843338,0.84089738,3.3174002e-11,698.40704,1393.2817
1988.1667,348.44641,0.072763905,348.31067,1.3954164,0.031644922,124.69984,338.76901,156.84358,1.2459073,0.97397101,72.287598,0.96889806,0.83993363,3.5591571e-11,698.2569,1393.0768
1988.25,348.36868,0.072848782,348.23279,1.3957704,0.031645007,124.69402,338.73834,156.8299,1.2471104,0.95033586,72.283783,0.96954614,0.79039186,3.7448544e-11,698.10168,1392.8452
1988.3333,348.29099,0.072939932,348.15491,1.3961244,0.031645093,124.69328,338.71805,156.82133,1.1530424,0.77727127,72.279984,0.96918923,0.73331505,3.8315438e-11,697.94653,1392.3895
1988.4167,348.21332,0.073031977,348.07706,1.3964783,0.031645179,124.79216,338.90121,156.91232,1.1471592,0.77063203,72.276184,0.9725492,0.62033212,2.9302172e-11,697.7915,1392.5912
1988.5,348.13556,0.073084705,347.99921,1.3968322,0.031645264,125.00095,339.30838,157.1132,1.1755792,0.77822608,72.272385,0.97186226,0.55818081,2.3324561e-11,697.63635,1393.285
1988.5833,348.05661,0.073153414,347.92014,1.3971918,0.031645354,125.16582,339.62567,157.27049,1.2045064,0.78996015,72.268524,0.96927941,0.59301794,2.1292173e-11,697.47876,1393.8038
1988.6667,347.97897,0.073238902,347.84232,1.3975455,0.031645436,125.30469,339.89026,157.40201,1.2311528,0.8012839,72.264709,0.9684906,0.61271918,1.9609463e-11,697.32367,1394.2178
1988.75,347.9014,0.07334502,347.76456,1.397899,0.031645522,125.36988,340.00449,157.45932,1.19925,0.92508149,72.260857,0.96693105,0.83467185,2.2252158e-11,697.16876,1394.3876
1988.8333,347.82388,0.073473699,347.6868,1.3982525,0.031645607,125.34839,339.94196,157.42979,1.2074325,0.94690239,72.257004,0.96670949,0.75823534,3.3475757e-11,697.01404,1394.1455
1988.9167,347.74628,0.073548049,347.60904,1.3986059,0.031645693,125.31464,339.85443,157.38751,1.1908206,0.93915981,72.253204,0.97526294,0.76328093,5.2712369e-11,696.85907,1393.7988
1989,347.66727,0.073553033,347.53003,1.3989651,0.031645779,125.29612,339.79755,157.36075,1.1819717,0.93647432,72.249474,0.96860576,0.74084741,5.9136293e-11,696.70148,1393.5238
1989.0833,347.59213,0.073562257,347.45486,1.3993068,0.031645861,125.27835,339.74323,157.33458,1.1480684,0.91702348,72.245972,0.97923595,0.77027529,6.1933521e-11,696.55145,1393.2187
1989.1667,347.51697,0.073553838,347.37973,1.3996484,0.031645942,125.26488,339.69769,157.3123,1.1229485,0.90165937,72.242485,0.98363483,0.85568541,6.2095599e-11,696.40149,1392.9435
1989.25,347.4393,0.073549889,347.30206,1.4000016,0.031646028,125.25194,339.65274,157.29034,1.0870919,0.83972389,72.238876,0.99230677,0.82475352,6.2366473e-11,696.24658,1392.6073
1989.3333,347.3616,0.073544122,347.2244,1.4003546,0.031646114,125.24316,339.61649,157.27246,1.0649791,0.72861898,72.235275,0.99441022,0.65221632,6.2392994e-11,696.09149,1392.2525
1989.4167,347.28397,0.073543347,347.14676,1.4007076,0.031646196,125.25935,339.63141,157.27919,1.0794194,0.74470007,72.231674,0.99866647,0.60516173,5.6538819e-11,695.93658,1392.1622
1989.5,347.20633,0.073527358,347.06912,1.4010605,0.031646281,125.47833,340.06064,157.48349,1.1105421,0.76293129,72.228058,0.9889012,0.53520256,3.2577607e-11,695.78168,1392.9057
1989.5833,347.12741,0.073502496,346.99026,1.401419,0.031646367,125.75499,340.60666,157.74538,1.1470579,0.78622979,72.224373,0.9753986,0.52747208,2.5909523e-11,695.62421,1393.8889
1989.6667,347.0498,0.073498659,346.91266,1.4017718,0.031646453,126.00584,341.10034,157.98247,1.1821982,0.80980521,72.220741,0.9746142,0.53747493,2.2161403e-11,695.46936,1394.7707
1989.75,346.97223,0.073501743,346.83511,1.4021245,0.031646535,126.15853,341.39392,158.12108,1.176365,0.88637602,72.217079,0.97212332,0.94423473,2.3379618e-11,695.31458,1395.2679
1989.8333,346.89474,0.073532961,346.75754,1.402477,0.03164662,126.18011,341.41943,158.13358,1.1544951,0.93892121,72.213387,0.96709049,0.88203359,2.8483375e-11,695.15991,1395.1999
1989.9167,346.81726,0.073563166,346.68002,1.4028295,0.031646702,126.18785,341.41663,158.13359,1.1576602,0.94338512,72.209694,0.9667092,0.88486654,3.2172386e-11,695.00531,1395.0541
1990,346.73853,0.073590599,346.60123,1.4031878,0.031646788,126.19287,341.40799,158.13071,1.1600176,0.94544005,72.20594,0.96654987,0.85917217,3.5983001e-11,694.84821,1394.8912
1990.0833,346.6636,0.073618159,346.52628,1.4035286,0.03164687,126.19824,341.40091,158.12857,1.1585659,0.94533777,72.202377,0.96616608,0.89361352,3.868211e-11,694.69867,1394.7327
1990.1667,346.58871,0.073643535,346.45132,1.4038693,0.031646952,126.20437,341.39536,158.12723,1.1562995,0.94466347,72.198807,0.96634585,0.90516275,4.1463021e-11,694.54919,1394.5759
1990.25,346.51129,0.073666804,346.37384,1.4042214,0.031647034,126.21394,341.39621,158.12914,1.1587924,0.9475708,72.195122,0.96608531,0.90170074,4.2921337e-11,694.39471,1394.4355
1990.3333,346.4339,0.073690601,346.29642,1.4045736,0.03164712,126.22507,341.40018,158.13263,1.1760942,0.81848884,72.191437,0.96590596,0.53804272,4.3617481e-11,694.2403,1394.1842
1990.4167,346.35654,0.073725276,346.21896,1.4049256,0.031647202,126.32094,341.57761,158.21735,1.2097634,0.8319689,72.187752,0.97336811,0.46267739,3.2982419e-11,694.08582,1394.4311
1990.5,346.27908,0.073710434,346.14157,1.4052775,0.031647284,126.53274,341.99136,158.41466,1.2518858,0.85547012,72.184059,0.9722935,0.43983981,2.4326919e-11,693.93134,1395.1615
1990.5833,346.20047,0.073728457,346.0629,1.4056351,0.031647369,126.75283,342.42142,158.62387,1.2940509,0.8799873,72.18029,0.96954209,0.42631483,2.1003482e-11,693.77441,1395.9268
1990.6667,346.12323,0.073808469,345.9855,1.405987,0.031647451,126.92093,342.7457,158.78233,1.3353605,0.91804188,72.176498,0.96859086,0.45967066,1.8894128e-11,693.62024,1396.4991
1990.75,346.04605,0.073899142,345.90814,1.4063387,0.031647537,127.02118,342.93155,158.87372,1.3248788,1.0701866,72.172668,0.96625227,0.53838032,1.9827518e-11,693.46606,1396.8602
1990.8333,345.96887,0.073993638,345.83081,1.4066904,0.031647619,127.0508,342.97296,158.89575,1.3499901,1.0937928,72.168831,0.96455759,0.72421175,2.1721659e-11,693.31201,1396.8441
1990.9167,345.89175,0.074094683,345.75348,1.4070419,0.031647701,127.0666,342.98608,158.90395,1.3527409,1.097194,72.164993,0.96412122,0.88480431,2.3615167e-11,693.15808,1396.7297
1991,345.81335,0.074193612,345.67493,1.4073991,0.031647786,127.08193,342.99811,158.91154,1.3544748,1.0995528,72.161102,0.96371675,0.82106,2.5397759e-11,693.00159,1396.6083
1991.0833,345.7388,0.074291006,345.60016,1.407739,0.031647865,127.09669,343.0098,158.91893,1.3481007,1.0964874,72.157387,0.96335316,0.8949005,2.6871517e-11,692.8526,1396.48
1991.1667,345.66422,0.07438504,345.52542,1.4080788,0.031647947,127.1113,343.02112,158.92615,1.3471087,1.0972111,72.153679,0.96323764,0.90966779,2.81042e-11,692.7038,1396.3604
1991.25,345.58716,0.074480556,345.44815,1.40843,0.031648029,127.12746,343.03506,158.93471,1.3496017,1.0489266,72.149849,0.96315175,0.78861004,2.8998201e-11,692.54993,1396.1956
1991.3333,345.5101,0.074574843,345.37094,1.4087812,0.031648111,127.14537,343.05255,158.94504,1.3703846,0.94643283,72.146027,0.96284366,0.59604639,2.9375134e-11,692.39606,1396.0019
1991.4167,345.43307,0.074682504,345.2937,1.4091322,0.031648193,127.21545,343.17679,159.00726,1.3988229,0.96423531,72.142197,0.96605545,0.4658213,2.5506536e-11,692.24225,1396.1471
1991.5,345.35596,0.074730977,345.21652,1.4094833,0.031648275,127.42381,343.58331,159.20834,1.4426169,0.98424381,72.138367,0.96623981,0.35054633,2.0519943e-11,692.08838,1396.8691
1991.5833,345.27771,0.074828014,345.13806,1.40984,0.03164836,127.58549,343.89398,159.36275,1.4908937,1.0140181,72.134438,0.96480477,0.3667621,1.9401585e-11,691.93213,1397.4138
1991.6667,345.20078,0.074946947,345.06088,1.4101908,0.031648442,127.72347,344.15677,159.49364,1.5359201,1.0423841,72.130569,0.96185631,0.40934646,1.8591026e-11,691.7785,1397.8612
1991.75,345.12387,0.075083092,344.98373,1.4105417,0.031648524,127.85941,344.42349,159.62611,1.5318251,1.1715342,72.128006,0.9356032,0.56315565,2.0368394e-11,691.62488,1398.3653
1991.8333,345.04703,0.075230338,344.90662,1.4108922,0.031648606,127.94749,344.59766,159.71295,1.5410053,1.2381171,72.126312,0.93654424,0.61998451,2.4974455e-11,691.47144,1398.6349
1991.9167,344.97012,0.075349152,344.8295,1.411243,0.031648688,128.01572,344.73135,159.77795,1.5632899,1.2597734,72.124649,0.94849825,0.65101945,2.9858203e-11,691.31793,1398.7907
1992,344.79303,0.022668088,344.75104,1.4115992,0.03164877,128.0905,344.87814,159.85014,1.5942074,1.2871031,66.934441,110.28001,109.77695,9.595171e-12,691.01007,1393.6446
1992.0833,344.70749,0.01691894,344.67621,1.4119382,0.031648852,128.16258,345.01981,159.9202,1.5997914,1.2951391,57.054779,112.54986,112.39159,7.6344616e-12,690.84424,1383.8965
1992.1667,344.63306,0.017139062,344.60138,1.4122771,0.03164893,128.2348,345.16168,159.98869,1.5941586,1.2924659,47.176762,112.55009,112.48933,8.2902175e-12,690.69556,1374.1442
1992.25,344.55695,0.017792905,344.52405,1.4126273,0.031649012,128.31267,345.31479,160.06454,1.5960002,1.2641194,36.941372,114.91995,114.78129,9.0440155e-12,690.54303,1364.0366
1992.3333,344.49014,0.023454962,344.44672,1.4129776,0.031649094,128.39783,345.48288,160.14735,1.6138473,1.1229976,25.622173,130.79179,130.4182,1.2206982e-11,690.40497,1352.7921
1992.4167,344.42334,0.0290794,344.36948,1.4133277,0.031649176,128.58345,345.85599,160.32921,1.6589873,1.1458842,13.766893,130.9893,129.86412,1.1682969e-11,690.26691,1341.6074
1992.5,344.32834,0.019495239,344.29224,1.4136778,0.031649254,128.84404,346.3815,160.58946,1.7600124,1.2109438,2.5849705,87.31028,85.801399,6.9669964e-12,690.08545,1331.4563
1992.5833,344.21387,0.00012161241,344.21365,1.4140335,0.03164934,129.10997,346.91776,160.85596,1.8371052,1.2622658,0.27985239,0.9281041,0.0098619703,3.8436675e-14,689.87335,1330.1363
1992.6667,344.13657,0.00013509992,344.13632,1.4143834,0.031649418,129.33328,347.36722,161.07942,1.8693959,1.3630472,0.27985123,0.92570192,0.031551018,3.9324917e-14,689.71906,1331.0113
1992.75,344.05927,0.000142832,344.05899,1.4147333,0.0316495,129.46756,347.63495,161.21289,1.8960096,1.5245426,0.27984932,0.92460901,0.034262571,4.6438632e-14,689.56482,1331.5807
1992.8333,343.98193,0.00013822784,343.98169,1.4150831,0.031649582,129.55544,347.80835,161.29865,1.9631808,1.5831599,0.27985609,0.94844145,0.087789193,5.2235539e-14,689.41052,1331.8992
1992.9167,343.90466,0.00013383091,343.90439,1.4154327,0.031649664,129.64053,347.97635,161.38075,2.0149763,1.6309828,0.27985457,0.94870502,0.13630281,5.3778999e-14,689.25629,1332.1797
1993,343.82611,0.00013506375,343.82587,1.4157881,0.031649746,129.68825,348.06113,161.42204,2.0535991,1.6751599,0.27994221,0.94706833,0.18720312,5.6457328e-14,689.09955,1332.2797
1993.0833,343.7514,0.00014016729,343.75116,1.4161261,0.031649824,129.68742,348.04126,161.41237,2.0476129,1.6806479,0.28010896,0.95096463,0.65181077,6.3415608e-14,688.9505,1332.0999
1993.1667,343.6767,0.00013818179,343.67645,1.4164641,0.031649902,129.69321,348.03485,161.40965,2.0550921,1.6904929,0.28027347,0.94960809,0.86466271,6.5056745e-14,688.80139,1331.9649
1993.25,343.59949,0.00013898915,343.59924,1.4168135,0.031649981,129.70291,348.03583,161.41064,2.0582929,1.6007677,0.28044412,0.94948643,0.75320214,6.7296151e-14,688.64734,1331.7363
1993.3333,343.52228,0.00014253143,343.52203,1.4171628,0.031650063,129.72636,348.06491,161.42552,2.078126,1.4890262,0.28061533,0.95060325,0.50295961,6.9273126e-14,688.49329,1331.5579
1993.4167,343.44513,0.00014660097,343.44485,1.4175119,0.031650141,129.8455,348.28879,161.53658,2.1229661,1.5042244,0.2807866,0.9552725,0.070834853,5.4998429e-14,688.33936,1331.9182
1993.5,343.36795,0.00013832498,343.36768,1.4178611,0.031650223,130.03914,348.66345,161.72128,2.1842825,1.5401022,0.28094673,0.92470288,0.18046524,4.6531735e-14,688.1853,1332.6145
1993.5833,343.28952,0.00012846103,343.28928,1.4182159,0.031650305,130.22675,349.02536,161.90263,2.2343824,1.5697323,0.28111926,0.92184812,0.27767298,3.9266235e-14,688.02881,1333.2688
1993.6667,343.21237,0.00012901692,343.21213,1.4185648,0.031650387,130.37167,349.30084,162.04094,2.2687809,1.6394635,0.28128952,0.92143375,0.3089138,3.6821403e-14,687.87488,1333.7779
1993.75,343.13528,0.00013771742,343.13504,1.4189137,0.031650465,130.48045,349.50256,162.14268,2.2534499,1.8269565,0.28145969,0.92105836,0.43557322,3.6561771e-14,687.72107,1334.2087
1993.8333,343.05817,0.00013464516,343.05792,1.4192625,0.031650547,130.53947,349.60281,162.19427,2.2824907,1.8546923,0.28162947,0.92027605,0.53925335,3.7405236e-14,687.56714,1334.3225
1993.9167,342.98111,0.00013745956,342.98087,1.4196112,0.031650625,130.5851,349.67581,162.23232,2.3065875,1.8781016,0.28179964,0.91997087,0.5951882,3.9789237e-14,687.41345,1334.3732
1994,342.90277,0.0001373901,342.90253,1.4199656,0.031650707,130.62094,349.72855,162.26035,2.3366871,1.9042575,0.28197262,0.91966474,0.36871561,4.1885854e-14,687.25708,1334.3899
1994.0833,342.82828,0.00013979968,342.828,1.4203027,0.031650785,130.65448,349.77762,162.28645,2.3598945,1.9274069,0.28213719,0.91945195,0.5481261,4.3886701e-14,687.1084,1334.3963
1994.1667,342.75375,0.00014099994,342.75351,1.4206399,0.03165086,130.68213,349.8147,162.30659,2.3710244,1.9395196,0.28230166,0.91919124,0.56105566,4.7093636e-14,686.95978,1334.356
1994.25,342.67676,0.00014013612,342.67648,1.4209883,0.031650942,130.70934,349.85022,162.32603,2.390517,1.9038346,0.28247172,0.91897088,0.56231683,4.7839245e-14,686.80603,1334.2685
1994.3333,342.59976,0.00013793792,342.59952,1.4213367,0.03165102,130.73843,349.88962,162.3474,2.4177613,1.7086347,0.28264183,0.91891247,0.50543123,4.7532064e-14,686.65247,1334.037
1994.4167,342.52277,0.00013555319,342.52252,1.4216849,0.031651098,130.85071,350.09836,162.45279,2.4496703,1.7204934,0.2828123,0.91931528,0.46978253,4.0069683e-14,686.49878,1334.3536
1994.5,342.44577,0.00011372005,342.44556,1.4220331,0.03165118,131.03835,350.46024,162.63426,2.4842024,1.7303017,0.28298202,0.91948992,0.42313513,3.0168363e-14,686.34521,1334.9755
1994.5833,342.36758,0.00010934984,342.36737,1.4223869,0.031651258,131.24239,350.85727,162.83308,2.520247,1.7371888,0.28315482,0.91861945,0.42699262,2.8290621e-14,686.18915,1335.6624
1994.6667,342.29065,0.00011060338,342.29044,1.422735,0.03165134,131.48235,351.33795,163.07263,2.5554144,1.7440742,0.28332558,0.91839659,0.41784444,5.0113657e-14,686.03558,1336.5113
1994.75,342.21375,0.00010813068,342.21353,1.4230829,0.031651419,131.67242,351.71872,163.26237,2.514118,1.9634017,0.28349623,0.91775852,0.39378309,9.2667898e-14,685.88214,1337.2967
1994.8333,342.13684,0.00010787739,342.13666,1.4234308,0.031651497,131.76988,351.91098,163.35858,2.5348153,1.9776914,0.28366688,0.91713709,0.61379021,1.1961534e-13,685.7287,1337.5642
1994.9167,342.05997,0.00010988555,342.05978,1.4237787,0.031651575,131.86522,352.099,163.45264,2.493288,1.9530027,0.28383771,0.91682142,0.68096536,1.2719956e-13,685.57532,1337.7223
1995,341.98187,0.00011892924,341.98166,1.424132,0.031651657,131.96498,352.29575,163.5511,2.4810884,1.9511858,0.27984273,0.96246964,0.5151,1.4115042e-13,685.41943,1337.9433
1995.0833,341.90756,0.0001138514,341.90735,1.4244683,0.031651732,132.06161,352.48648,163.64651,2.4480834,1.9338164,0.27983868,0.91843694,0.6599502,1.3852145e-13,685.27118,1338.1276
1995.1667,341.83325,0.00011603756,341.83304,1.4248044,0.03165181,132.16046,352.68164,163.74414,2.4144261,1.9137179,0.27983746,0.91830313,0.66495138,1.447083e-13,685.12286,1338.3171
1995.25,341.75647,0.00011771729,341.75626,1.4251519,0.031651888,132.26468,352.88745,163.84711,2.3989735,1.8588409,0.27983621,0.91817838,0.65101463,1.5283304e-13,684.96967,1338.5066
1995.3333,341.67969,0.00011844207,341.67944,1.4254993,0.031651966,132.37172,353.09894,163.95294,2.4093902,1.623525,0.27983493,0.9178772,0.62976468,1.5728417e-13,684.81641,1338.5527
1995.4167,341.60291,0.00012169759,341.60269,1.4258467,0.031652045,132.56619,353.48804,164.14706,2.4273996,1.6251585,0.27983406,0.91816759,0.44660738,1.4425283e-13,684.66321,1339.1969
1995.5,341.52615,0.00011294492,341.52594,1.426194,0.031652123,132.93097,354.22256,164.51294,2.4582887,1.6226382,0.27983272,0.91827095,0.37928399,1.1312455e-13,684.51013,1340.5374
1995.5833,341.44812,0.00010399535,341.44794,1.4265468,0.031652205,133.27425,354.91321,164.85709,2.4959378,1.6233779,0.27983114,0.91773981,0.43130109,9.8234239e-14,684.35437,1341.7981
1995.6667,341.3714,0.00010138388,341.37122,1.4268939,0.031652283,133.55402,355.47531,165.13722,2.5247071,1.624226,0.27982968,0.91722625,0.54580998,1.4387616e-13,684.20123,1342.7966
1995.75,341.29471,0.00010306271,341.29453,1.427241,0.031652361,133.78622,355.94089,165.36932,2.493094,1.767505,0.27982828,0.91684073,0.65479517,2.8731244e-13,684.04828,1343.6852
1995.8333,341.21805,0.00010989871,341.21783,1.4275879,0.031652436,133.90147,356.16916,165.48309,2.4689858,1.8818963,0.27982837,0.92127901,0.68153709,4.6069892e-13,683.89532,1344.0797
1995.9167,341.14139,0.00010969435,341.14117,1.4279348,0.031652514,133.97867,356.3204,165.55739,2.482142,1.8960809,0.27982986,0.92796546,0.86171985,5.7965384e-13,683.74231,1344.2568
1996,341.06348,0.00010790188,341.06326,1.4282873,0.031652596,134.06444,356.48889,165.64081,2.470654,1.8868775,0.27982527,0.91758174,0.55779922,6.4495165e-13,683.58679,1344.4184
1996.0833,340.98935,0.00010862519,340.98917,1.4286226,0.03165267,134.15211,356.66141,165.72699,2.4398434,1.8716199,0.27982339,0.91564643,0.67924941,7.0236503e-13,683.43896,1344.5708
1996.1667,340.91525,0.0001091365,340.91504,1.4289578,0.031652745,134.24556,356.84558,165.81927,2.4239662,1.8669949,0.27982193,0.91547787,0.6825816,7.2959466e-13,683.29108,1344.7722
1996.25,340.83865,0.00010955143,340.83847,1.4293044,0.031652823,134.34441,357.04053,165.91695,2.4282367,1.8443838,0.27982065,0.91526425,0.69846272,7.1749621e-13,683.13824,1344.9926
1996.3333,340.76208,0.00010939065,340.76187,1.4296509,0.031652901,134.45975,357.26892,166.03127,2.4363165,1.5630255,0.2798194,0.91512811,0.60727179,6.6659086e-13,682.98535,1345.0245
1996.4167,340.68552,0.00010732316,340.6853,1.4299972,0.03165298,134.71899,357.78931,166.29073,2.4592047,1.5637032,0.27981836,0.91518587,0.43383238,5.0279106e-13,682.83264,1345.9343
1996.5,340.60895,0.00010184734,340.60876,1.4303436,0.031653058,135.04887,358.45236,166.62132,2.4934769,1.5584979,0.2798169,0.91488165,0.36026466,4.0968013e-13,682.67981,1347.1342
1996.5833,340.53116,9.9728539e-05,340.53098,1.4306955,0.031653136,135.38741,359.13309,166.96062,2.5253673,1.5526208,0.27981529,0.91444808,0.46868291,3.5865665e-13,682.52466,1348.3637
1996.6667,340.45465,9.8943485e-05,340.45447,1.4310417,0.031653211,135.68639,359.73386,167.26001,2.5069067,1.657667,0.27981377,0.9139238,0.58896208,3.3494285e-13,682.37189,1349.4965
1996.75,340.37817,9.7620061e-05,340.37799,1.4313878,0.031653289,135.87657,360.11386,167.44963,2.4669101,1.8117274,0.27981222,0.91339719,0.66917783,3.6041599e-13,682.2193,1350.2179
1996.8333,340.3017,9.9583522e-05,340.30151,1.4317337,0.031653367,135.99416,360.34677,167.56604,2.4763734,1.8237156,0.27981058,0.91207802,0.70870286,4.2016805e-13,682.06671,1350.5535
1996.9167,340.22522,0.00010162065,340.22504,1.4320797,0.031653445,136.08932,360.53433,167.65993,2.4816384,1.8339283,0.27980947,0.91234481,0.9569425,5.0224169e-13,681.91406,1350.793
1997,340.14752,0.00010016024,340.14734,1.4324312,0.031653523,136.12671,360.59741,167.69249,2.4483685,1.8142953,0.27989596,0.9108755,0.65737283,5.3350027e-13,681.75903,1350.7182
1997.0833,340.07361,0.00010076298,340.07343,1.4327657,0.031653598,136.11472,360.55405,167.67265,2.4393041,1.8165514,0.28006035,0.91074491,0.71008587,5.2305724e-13,681.61151,1350.4888
1997.1667,339.99973,0.00010148202,339.99954,1.4331001,0.031653672,136.1041,360.51346,167.65422,2.4376948,1.8233149,0.28022456,0.91058344,0.70168358,4.8080257e-13,681.46417,1350.2772
1997.25,339.92334,0.00010341043,339.92313,1.4334457,0.031653747,136.09489,360.47507,167.63695,2.3919125,1.7112845,0.28039426,0.91042751,0.66844481,3.9369796e-13,681.31171,1349.9021
1997.3333,339.84695,0.00010312082,339.84677,1.4337913,0.031653825,136.09744,360.46048,167.63153,2.3646376,1.44473,0.28056374,0.91024536,0.58012486,3.0179499e-13,681.1593,1349.4387
1997.4167,339.7706,0.00010021781,339.77042,1.4341367,0.0316539,136.27237,360.79501,167.79982,2.3881214,1.445057,0.28073335,0.9099676,0.38272259,2.1857547e-13,681.00696,1349.9881
1997.5,339.69424,9.5530559e-05,339.69406,1.4344821,0.031653978,136.52921,361.2952,168.05057,2.4283538,1.4510707,0.28090233,0.90867919,0.31505498,1.7906659e-13,680.85461,1350.8899
1997.5833,339.61667,9.286905e-05,339.61649,1.434833,0.031654056,136.8026,361.82883,168.31801,2.46735,1.4568918,0.28107432,0.90795118,0.4087733,1.5225935e-13,680.69977,1351.8545
1997.6667,339.54034,9.1560585e-05,339.54019,1.4351783,0.031654131,137.02731,362.26428,168.53654,2.4989495,1.4645385,0.28124383,0.90771908,0.46216521,1.367952e-13,680.54749,1352.6203
1997.75,339.46405,9.1205096e-05,339.4639,1.4355235,0.031654209,137.1763,362.54642,168.67874,2.4523857,1.6631726,0.28141338,0.90742087,0.62120587,1.4305979e-13,680.39526,1353.1937
1997.8333,339.38779,9.1359907e-05,339.38763,1.4358685,0.031654283,137.18263,362.53958,168.67719,2.4376957,1.7585061,0.28158295,0.9070996,0.62760437,1.7496224e-13,680.24304,1353.1202
1997.9167,339.31155,9.1504517e-05,339.31137,1.4362136,0.031654362,137.18076,362.51617,168.66733,2.4391079,1.769879,0.28175256,0.90689325,0.83316255,1.808004e-13,680.09094,1352.9459
1998,339.23404,9.1727474e-05,339.23389,1.4365641,0.031654436,137.17947,362.49362,168.65797,2.3989203,1.7497848,0.28192493,0.90668714,0.61634469,1.8861857e-13,679.93628,1352.698
1998.0833,339.16034,9.2119728e-05,339.16016,1.4368976,0.031654511,137.18044,362.47656,168.65123,2.3873694,1.7535493,0.28208891,0.90648419,0.68753564,1.9666949e-13,679.78912,1352.5204
1998.1667,339.08664,9.2751594e-05,339.08646,1.4372312,0.031654585,137.18356,362.46387,168.64668,2.3487051,1.738953,0.28225285,0.9062835,0.69116932,2.061513e-13,679.64215,1352.3062
1998.25,339.01044,9.4459741e-05,339.01028,1.4375758,0.03165466,137.19348,362.46423,168.6487,2.245743,1.662414,0.2824223,0.90607798,0.59638673,2.1430484e-13,679.49005,1351.987
1998.3333,338.93427,9.473355e-05,338.93411,1.4379205,0.031654738,137.20856,362.47501,168.65588,2.2510045,1.3991834,0.28259167,0.90589154,0.51350832,2.1664998e-13,679.33807,1351.6103
1998.4167,338.85812,9.5259762e-05,338.85794,1.4382651,0.031654812,137.26898,362.57764,168.70879,2.2646174,1.4122328,0.28276125,0.90593475,0.48289832,2.0116717e-13,679.18616,1351.7012
1998.5,338.78198,9.2067356e-05,338.78183,1.4386095,0.031654887,137.59541,363.21829,169.02943,2.2965999,1.3991755,0.2829307,0.90602773,0.29913175,1.5125137e-13,679.03418,1352.856
1998.5833,338.70462,9.0519905e-05,338.70444,1.4389595,0.031654965,137.91989,363.85458,169.34799,2.3388114,1.4044201,0.28310266,0.90568852,0.30503073,1.290584e-13,678.87982,1354.0285
1998.6667,338.62851,8.9772293e-05,338.62836,1.4393039,0.03165504,138.21503,364.43204,169.63719,2.3802254,1.418218,0.28327188,0.90545744,0.32285607,1.196404e-13,678.72797,1355.0939
1998.75,338.55243,8.9701221e-05,338.55228,1.439648,0.031655114,138.44652,364.88071,169.8623,2.3150461,1.6489705,0.28344107,0.90510505,0.7549662,1.1763172e-13,678.57611,1356.0131
1998.8333,338.47638,8.9788882e-05,338.4762,1.4399922,0.031655192,138.5585,365.08722,169.96701,2.3017287,1.7051028,0.28361017,0.90469533,0.75847322,1.2235728e-13,678.42432,1356.3276
1998.9167,338.40033,8.9615554e-05,338.40015,1.4403363,0.031655267,138.62633,365.20453,170.02727,2.2870772,1.7061849,0.28377941,0.90449125,0.86051416,1.3100595e-13,678.27252,1356.4077
1999,338.32303,8.9538778e-05,338.32288,1.440686,0.031655341,138.67294,365.27881,170.06613,2.266809,1.6995853,0.28395143,0.90428525,0.74464309,1.4058985e-13,678.11835,1356.3866
1999.0833,338.24951,8.9681293e-05,338.24936,1.4410186,0.031655416,138.71278,365.34045,170.09857,2.2144177,1.6724577,0.28411505,0.90408349,0.74918073,1.5029e-13,677.97168,1356.2945
1999.1667,338.17599,9.0322799e-05,338.17584,1.4413512,0.031655487,138.75432,365.40543,170.13269,2.1781373,1.6592788,0.28427866,0.90389198,0.72951472,1.572091e-13,677.82495,1356.2391
1999.25,338.10004,9.1273716e-05,338.09985,1.441695,0.031655561,138.80084,365.4798,170.17159,2.1461477,1.5668186,0.28444776,0.90373856,0.60688627,1.6317896e-13,677.67334,1356.1229
1999.3333,338.02408,9.2096008e-05,338.0239,1.4420387,0.031655639,138.85091,365.56146,170.21404,2.153368,1.3540449,0.28461683,0.90352148,0.60216033,1.6593824e-13,677.52179,1355.9402
1999.4167,337.94812,9.6896423e-05,337.94794,1.4423822,0.031655714,138.93379,365.7095,170.28934,2.1405842,1.3545389,0.28478652,0.90393817,0.57503027,1.6559958e-13,677.37018,1356.0826
1999.5,337.87219,9.8289711e-05,337.87201,1.4427258,0.031655788,139.26224,366.35397,170.61086,2.1440117,1.3417246,0.28495574,0.90445083,0.45877233,1.3763535e-13,677.21869,1357.2165
1999.5833,337.79504,9.7176016e-05,337.79486,1.4430749,0.031655863,139.56354,366.94315,170.905,2.1685801,1.3435514,0.28512743,0.90419048,0.40849081,1.259224e-13,677.0647,1358.2736
1999.6667,337.71915,9.4999894e-05,337.71896,1.4434183,0.031655937,139.86974,367.54749,171.20628,2.2017448,1.3499931,0.28529674,0.90383923,0.44520047,1.3316354e-13,676.91333,1359.3739
1999.75,337.64325,9.6964999e-05,337.6431,1.4437616,0.031656012,140.13498,368.07849,171.47043,2.1053154,1.6189134,0.28546634,0.90290326,0.82742584,2.2808795e-13,676.7619,1360.4555
1999.8333,337.56741,0.00010749068,337.56723,1.4441048,0.031656086,140.23579,368.2775,171.56998,2.1222651,1.6414162,0.28563598,0.90205008,0.60659957,3.7081471e-13,676.61053,1360.7432
1999.9167,337.49161,0.00012805723,337.49136,1.444448,0.031656161,140.30492,368.41257,171.63768,2.094352,1.62826,0.28580672,0.90406436,0.60958177,5.9317845e-13,676.45923,1360.8229
2000,337.41455,0.00013304403,337.41431,1.4447967,0.031656235,140.3714,368.54233,171.70233,2.0389588,1.5938152,0.27981195,0.97737867,0.62025279,4.7759198e-13,676.30548,1360.8342
2000.0833,337.34119,0.00011690827,337.34097,1.4451284,0.03165631,140.45784,368.71255,171.78745,1.9823425,1.5586493,0.27980465,0.90562403,0.55482101,7.6967519e-14,676.15906,1360.9377
2000.1667,337.26788,0.00011740337,337.26767,1.4454601,0.031656381,140.55946,368.91357,171.888,1.9614892,1.5509837,0.2798034,0.90536952,0.55732036,4.3415778e-14,676.01276,1361.1661
2000.25,337.19211,0.00012038271,337.19189,1.4458029,0.031656455,140.66682,369.12601,171.99432,1.9487703,1.4890305,0.27980211,0.90533227,0.54097205,3.302616e-14,675.86163,1361.3664
2000.3333,337.11636,0.00011892215,337.11615,1.4461458,0.03165653,140.77974,369.34967,172.1062,1.9306487,1.2404139,0.27980077,0.90506321,0.51686788,2.7477093e-14,675.71051,1361.3969
2000.4167,337.04062,0.00012551503,337.04041,1.4464885,0.031656601,140.98248,369.75537,172.30814,1.9467238,1.2475047,0.27980086,0.90630329,0.45844764,2.3209863e-14,675.55933,1362.0794
2000.5,336.96487,0.000121236,336.96466,1.4468311,0.031656675,141.49789,370.79434,172.82339,1.9717989,1.2391127,0.27980012,0.90743822,0.42973313,1.4807879e-14,675.4082,1364.0145
2000.5833,336.88794,0.00011813466,336.88773,1.4471792,0.03165675,142.02846,371.86383,173.35413,2.0052116,1.2453429,0.27979824,0.9064405,0.40832412,1.2042992e-14,675.25464,1366.0313
2000.6667,336.81226,0.00011876965,336.81201,1.4475217,0.031656824,142.50258,372.81934,173.82776,2.0397246,1.2654589,0.27979687,0.90465558,0.380027,1.0825838e-14,675.10358,1367.8382
2000.75,336.73654,0.00011209702,336.73636,1.4478641,0.031656899,142.80521,373.42743,174.12839,1.9787033,1.505461,0.27979434,0.90345865,0.58879483,1.2083963e-14,674.95258,1369.0777
2000.8333,336.66089,0.00011302143,336.66068,1.4482064,0.031656973,142.93871,373.69278,174.26074,1.9904397,1.5655088,0.27979216,0.90184689,0.54232699,1.4272456e-14,674.80151,1369.5295
2000.9167,336.58527,0.00011450554,336.58505,1.4485486,0.031657044,143.06578,373.94519,174.38693,2.0142417,1.5917628,0.27979082,0.901631,0.58504331,1.5340814e-14,674.65063,1369.9344
2001,336.50839,0.00011229197,336.50818,1.4488964,0.031657118,143.13564,374.0744,174.45241,2.03633,1.6163454,0.28082171,0.89165992,0.50553507,1.5657778e-14,674.49731,1370.0932
2001.0833,336.43527,0.00011395125,336.43506,1.4492272,0.031657189,143.14771,374.08035,174.45695,2.0584972,1.6421384,0.28276816,0.89109182,0.53003114,1.6306472e-14,674.35138,1370.0198
2001.1667,336.36215,0.00011779941,336.36194,1.449558,0.03165726,143.16145,374.08972,174.46324,2.0781145,1.6672264,0.28471065,0.89088547,0.51302516,1.728716e-14,674.20551,1369.95
2001.25,336.28659,0.00012123771,336.28638,1.4498999,0.031657334,143.17641,374.10092,174.47046,2.0971205,1.6043427,0.28671312,0.89084327,0.43417975,1.8413659e-14,674.05469,1369.7907
2001.3333,336.21103,0.00012335923,336.21082,1.4502418,0.031657409,143.19579,374.12103,174.48209,2.1153679,1.3827136,0.28870729,0.89053988,0.36984205,1.9157947e-14,673.90393,1369.4897
2001.4167,336.13553,0.00013637987,336.13528,1.4505836,0.03165748,143.22144,374.15387,174.4996,2.1305892,1.4020705,0.29069844,0.89135373,0.37966913,2.1119161e-14,673.75317,1369.4514
2001.5,336.06003,0.00015874676,336.05975,1.4509254,0.031657554,143.45618,374.61057,174.71481,2.1404777,1.3862822,0.29269662,0.90163159,0.27238947,1.8149192e-14,673.60254,1370.2036
2001.5833,335.98325,0.00013344786,335.983,1.4512725,0.031657629,143.82358,375.33533,175.06041,2.1652174,1.3749492,0.29473516,0.89915198,0.25857207,1.2090444e-14,673.44934,1371.5036
2001.6667,335.90775,0.00012363777,335.9075,1.451614,0.031657699,144.07347,375.82175,175.29317,2.1839962,1.3694152,0.29678831,0.89676201,0.31287986,1.0373972e-14,673.29865,1372.3373
2001.75,335.83228,0.00013166523,335.83203,1.4519556,0.031657774,144.19716,376.05249,175.40131,2.1147227,1.588118,0.29883659,0.89279991,0.52212429,1.2383496e-14,673.14807,1372.8007
2001.8333,335.7569,0.00016494452,335.75659,1.452297,0.031657845,144.19914,376.03751,175.3933,2.0882909,1.6583518,0.30085081,0.90206289,0.43231952,2.4819756e-14,672.99762,1372.6751
2001.9167,335.68152,0.00019882714,335.68115,1.4526383,0.031657919,144.17319,375.96826,175.35562,2.0538819,1.641717,0.30276749,0.95353222,0.46848845,3.866744e-14,672.84723,1372.3426
2002,335.60486,0.00019493444,335.60449,1.452985,0.031657994,144.15111,375.90802,175.32242,2.0218441,1.6263963,0.28191534,1.0739381,0.53563499,2.3625905e-14,672.69421,1372.006
2002.0833,335.53192,0.00019278626,335.53156,1.453315,0.031658061,144.14705,375.88306,175.31058,1.9937109,1.6134744,0.28206271,0.93271768,0.38371471,2.0952483e-14,672.54865,1371.7787
2002.1667,335.45901,0.00019855663,335.45865,1.453645,0.031658132,144.14975,375.87192,175.30554,1.9716818,1.6050985,0.28222489,0.93398815,0.36515069,2.1158732e-14,672.4032,1371.5895
2002.25,335.38367,0.00020607006,335.38327,1.4539859,0.031658206,144.15814,375.87195,175.30597,1.9526672,1.5378642,0.2823925,0.93583912,0.31961608,2.1956807e-14,672.25281,1371.3618
2002.3333,335.30829,0.0001934342,335.30792,1.4543269,0.031658277,144.17633,375.89175,175.31622,1.9373413,1.2911891,0.28255895,0.93460143,0.28723133,2.0609602e-14,672.10242,1370.9979
2002.4167,335.23294,0.00019228902,335.23257,1.4546678,0.031658348,144.34969,376.22665,175.47516,1.9726243,1.3095318,0.28273696,0.9433946,0.2532213,1.5347415e-14,671.95203,1371.5684
2002.5,335.15759,0.0001788751,335.15726,1.4550085,0.031658422,144.83183,377.18808,175.92818,2.0197506,1.3125014,0.28289729,0.93007785,0.2142275,9.7799686e-15,671.80176,1373.3649
2002.5833,335.08105,0.00016907336,335.08072,1.4553548,0.031658493,145.24777,378.013,176.32349,2.0556827,1.3210363,0.28305864,0.90886152,0.1950739,8.0730346e-15,671.64905,1374.8931
2002.6667,335.00574,0.00016454475,335.00543,1.4556954,0.031658567,145.61046,378.7305,176.66916,2.0909534,1.3423876,0.28322411,0.90720159,0.21494474,7.1459858e-15,671.49872,1376.2254
2002.75,334.93048,0.00016823439,334.93018,1.456036,0.031658638,145.8969,379.29324,176.94081,2.0528455,1.5579139,0.28338826,0.90373719,0.30211887,7.4264562e-15,671.34857,1377.3736
2002.8333,334.85526,0.00017332842,334.85492,1.4563764,0.031658709,145.99902,379.4816,177.03426,2.0719573,1.6695414,0.28355131,0.89861453,0.27131724,1.0182356e-14,671.19836,1377.7382
2002.9167,334.78,0.00017486945,334.77969,1.4567169,0.03165878,146.02449,379.51443,177.05211,2.1178324,1.7174524,0.2837199,0.90431029,0.2788789,1.2114191e-14,671.04828,1377.7584
2003,334.70355,0.00016990583,334.70325,1.4570627,0.031658854,146.04512,379.5372,177.06059,2.1560304,1.757134,0.28482518,0.91252071,0.28453553,1.3713664e-14,670.89575,1377.7367
2003.0833,334.6308,0.00016749853,334.63049,1.4573919,0.031658921,146.06955,379.56857,177.07265,2.1982298,1.8003812,0.28670895,0.91329312,0.35292494,1.4639272e-14,670.75055,1377.7466
2003.1667,334.55807,0.00016627721,334.55777,1.4577209,0.031658992,146.09518,379.60248,177.08388,2.2354109,1.8386478,0.28856736,0.91967887,0.37387362,1.5011853e-14,670.60535,1377.7495
2003.25,334.48291,0.00016861188,334.4826,1.458061,0.031659063,146.12007,379.6347,177.09802,2.2341549,1.8169398,0.29047206,0.90912086,0.34396884,1.5596924e-14,670.45544,1377.6498
2003.3333,334.40775,0.00016268498,334.40747,1.458401,0.031659134,146.15227,379.68192,177.12077,2.2580998,1.5823113,0.29237396,0.91043681,0.31466156,1.5095745e-14,670.30542,1377.3932
2003.4167,334.33264,0.00016534125,334.33234,1.4587409,0.031659205,146.36487,380.09552,177.32291,2.2922721,1.58715,0.2942822,0.90822268,0.22870915,1.1068953e-14,670.15558,1378.1127
2003.5,334.25748,0.0001453117,334.2572,1.4590808,0.031659279,146.77538,380.90961,177.72574,2.3222318,1.5704156,0.296197,0.88853735,0.26089999,6.8695583e-15,670.00562,1379.6052
2003.5833,334.18112,0.0001360935,334.18088,1.4594262,0.03165935,147.0836,381.51498,178.02721,2.3451357,1.5729189,0.29822758,0.88767815,0.28986678,5.4845383e-15,669.85321,1380.6953
2003.6667,334.10602,0.00013168335,334.1058,1.4597659,0.031659421,147.48778,382.31644,178.42606,2.3516648,1.6240636,0.30028695,0.88687205,0.32609609,4.7872439e-15,669.70337,1382.2096
2003.75,334.03098,0.00013152494,334.03073,1.4601055,0.031659491,147.81805,382.96796,178.75079,2.2937961,1.8597577,0.30235612,0.88569558,0.43948662,5.034489e-15,669.55359,1383.5462
2003.8333,333.95593,0.00013950412,333.95566,1.460445,0.031659562,147.98611,383.2901,178.91275,2.3203716,1.8879697,0.30441073,0.8844769,0.51251495,7.2874192e-15,669.40387,1384.1055
2003.9167,333.88089,0.00013951093,333.88065,1.4607846,0.031659633,148.01903,383.33801,178.93842,2.3367994,1.9084948,0.30644503,0.8841992,0.54792839,8.663669e-15,669.25415,1384.1013
2004,333.80466,0.00015008522,333.80438,1.4611295,0.031659704,148.04152,383.3645,178.95345,2.3601613,1.9339572,0.28590187,1.0368077,0.59035188,1.0019986e-14,669.10199,1384.0414
2004.0833,333.73212,0.00014676771,333.73184,1.4614577,0.031659774,148.06236,383.38855,178.96715,2.3678832,1.9476337,0.2860482,0.89500487,0.55331475,1.0773542e-14,668.95728,1383.9769
2004.1667,333.65961,0.00014746904,333.65933,1.4617859,0.031659842,148.08511,383.4165,178.98283,2.3811255,1.9650266,0.2862094,0.89483196,0.55961484,1.1544185e-14,668.81256,1383.9294
2004.25,333.58463,0.00014691442,333.58435,1.4621251,0.031659912,148.10966,383.44745,178.99982,2.4004729,1.9566954,0.28637689,0.89687526,0.54793757,1.1935388e-14,668.6629,1383.8634
2004.3333,333.50967,0.00014575204,333.5094,1.4624641,0.031659983,148.13873,383.48761,179.02142,2.411679,1.6944652,0.28654292,0.89548039,0.4719415,1.1920026e-14,668.51337,1383.5538
2004.4167,333.43475,0.00014899885,333.43448,1.4628031,0.031660054,148.35516,383.90829,179.23131,2.4304733,1.6820374,0.28671131,0.89966005,0.34342071,8.760146e-15,668.36389,1384.2579
2004.5,333.3598,0.00012914671,333.35956,1.4631422,0.031660125,148.82774,384.8486,179.69971,2.451107,1.6524872,0.28687611,0.89611709,0.32730684,5.6173133e-15,668.21429,1385.9808
2004.5833,333.28366,0.00012125594,333.28345,1.4634866,0.031660195,149.2178,385.62085,180.08507,2.4596968,1.6378682,0.28704482,0.89556873,0.41965055,4.4802198e-15,668.06244,1387.3707
2004.6667,333.20877,0.00012328489,333.20856,1.4638253,0.031660266,149.56763,386.31192,180.42996,2.4380655,1.6908845,0.28721124,0.89511216,0.50137776,4.2138441e-15,667.91296,1388.6386
2004.75,333.13391,0.00012117554,333.1337,1.4641641,0.031660337,149.81844,386.80231,180.67513,2.3756013,1.91581,0.2873773,0.89426869,0.50879115,4.2321086e-15,667.76355,1389.6381
2004.8333,333.05905,0.00011871178,333.05884,1.4645027,0.031660404,150.03421,387.22113,180.88519,2.3997433,1.9408516,0.28754354,0.89382517,0.54179674,4.3368324e-15,667.6142,1390.3829
2004.9167,332.98422,0.00011672478,332.98401,1.4648414,0.031660475,150.13675,387.41019,180.98097,2.4198694,1.9628212,0.28771001,0.89325076,0.57989603,4.5583565e-15,667.4649,1390.6632
2005,332.90817,0.00011990136,332.90796,1.4651854,0.031660546,150.22539,387.57086,181.06262,2.43571,1.9819911,0.28787911,0.89293385,0.51933467,4.8846823e-15,667.31317,1390.8777
2005.0833,332.83585,0.0001245578,332.83563,1.4655126,0.031660613,150.3002,387.70444,181.13074,2.448137,1.9989097,0.28804007,0.89252841,0.57956201,5.5095478e-15,667.16882,1391.0393
2005.1667,332.76352,0.00012548042,332.76328,1.46584,0.03166068,150.36942,387.82672,181.19322,2.4661608,2.0197051,0.288201,0.89229727,0.58298272,5.8408957e-15,667.02441,1391.1879
2005.25,332.68875,0.00012722512,332.68854,1.4661782,0.031660751,150.44061,387.95245,181.25748,2.4761579,1.9357477,0.28836733,0.89204317,0.54958802,6.1098079e-15,666.87531,1391.2262
2005.3333,332.61401,0.00012910046,332.61377,1.4665164,0.031660821,150.51303,388.08066,181.32297,2.4754994,1.7054472,0.28853381,0.89195061,0.51177508,6.3097733e-15,666.72607,1391.1122
2005.4167,332.53928,0.00013389134,332.53903,1.4668546,0.031660888,150.69809,388.43799,181.50203,2.490083,1.6881241,0.28870097,0.89309293,0.40316001,5.6439487e-15,666.57697,1391.682
2005.5,332.46454,0.00011329214,332.46432,1.4671925,0.031660959,151.0997,389.23511,181.89964,2.5078905,1.6573402,0.28886706,0.89351696,0.35249141,4.0026373e-15,666.4278,1393.1165
2005.5833,332.38861,0.00010825032,332.3884,1.4675361,0.03166103,151.5033,390.03598,182.29924,2.5208261,1.6457399,0.28903586,0.89247715,0.35001761,3.5851411e-15,666.27631,1394.5705
2005.6667,332.31393,0.0001096031,332.31372,1.4678739,0.031661101,151.83176,390.68475,182.6232,2.4873068,1.5898502,0.2892023,0.89217758,0.4414731,3.2722018e-15,666.12738,1395.6334
2005.75,332.23926,0.00011198046,332.23904,1.4682118,0.031661168,152.09204,391.20084,182.88075,2.3991899,1.8377835,0.28936905,0.89153874,0.56827033,3.5225674e-15,665.97827,1396.6782
2005.8333,332.16464,0.00012815045,332.1644,1.4685495,0.031661239,152.23669,391.48923,183.02431,2.4060256,1.8958614,0.28953812,0.89639682,0.58199167,5.4610527e-15,665.82941,1397.171
2005.9167,332.09,0.00012259558,332.08978,1.4688872,0.031661306,152.35004,391.71414,183.1358,2.4259048,1.9174068,0.28970423,0.89093596,0.57277107,6.4875532e-15,665.68048,1397.5135
2006,332.01419,0.00013784452,332.01395,1.4692303,0.031661376,152.49728,392.00778,183.28246,2.4470606,1.9415257,0.27979693,0.99976784,0.6204052,7.8341645e-15,665.52924,1397.9852
2006.0833,331.94202,0.00012529592,331.9418,1.4695567,0.031661443,152.62979,392.27179,183.41432,2.4321399,1.9372032,0.2797876,0.89237791,0.5857631,7.8647153e-15,665.38513,1398.3502
2006.1667,331.86987,0.00012451978,331.86966,1.4698831,0.03166151,152.78194,392.57568,183.56606,2.4449658,1.9542133,0.27978614,0.89195156,0.58827442,8.2051116e-15,665.24121,1398.8438
2006.25,331.79532,0.00012537181,331.79507,1.4702204,0.031661581,152.93771,392.88684,183.72139,2.4597344,1.8827438,0.2797848,0.8918106,0.56259865,8.6610313e-15,665.09241,1399.2607
2006.3333,331.72076,0.00012657228,331.72055,1.4705578,0.031661648,153.08458,393.17987,183.86774,2.4743259,1.6475179,0.27978355,0.89162475,0.55469137,9.0391477e-15,664.94366,1399.4776
2006.4167,331.64624,0.00013239533,331.646,1.4708949,0.031661715,153.36375,393.74179,184.14752,2.4873021,1.6178194,0.27978358,0.89255553,0.41494933,7.7135623e-15,664.79492,1400.4329
2006.5,331.57172,0.00012247148,331.5715,1.4712322,0.031661786,153.93686,394.90097,184.72398,2.5194957,1.6081883,0.27978173,0.89276385,0.27667463,5.281134e-15,664.64624,1402.6155
2006.5833,331.496,0.00011678746,331.49579,1.4715747,0.031661857,154.52272,396.08591,185.31331,2.5589247,1.6180841,0.27978009,0.89222634,0.33909544,4.3104236e-15,664.49518,1404.8739
2006.6667,331.42151,0.00011484172,331.4213,1.4719117,0.031661924,154.94246,396.93298,185.73477,2.5917954,1.6271286,0.27977854,0.89184487,0.44853058,3.8714026e-15,664.3465,1406.4555
2006.75,331.34705,0.00011798297,331.34683,1.4722486,0.031661991,155.3045,397.66284,186.09796,2.545404,1.8140135,0.27977708,0.89146817,0.56264508,3.8223319e-15,664.19788,1407.9024
2006.8333,331.27258,0.00011208682,331.2724,1.4725854,0.031662062,155.56918,398.19485,186.36295,2.5153944,1.9627386,0.27977523,0.89057243,0.56379479,4.1004162e-15,664.04938,1408.9342
2006.9167,331.19815,0.0001129248,331.19797,1.4729222,0.031662129,155.7541,398.56488,186.54747,2.5370393,1.9845716,0.2797738,0.89005548,0.61492944,4.470739e-15,663.90082,1409.5687
2007,331.12253,0.00011582494,331.12231,1.4732643,0.0316622,155.86176,398.77136,186.65123,2.5432456,1.9935006,0.27985889,0.88776219,0.47949994,5.014718e-15,663.74994,1409.8509
2007.0833,331.05057,0.00011755055,331.05035,1.4735899,0.031662263,155.89864,398.82828,186.68117,2.5538676,2.0077748,0.28002009,0.887438,0.56029439,5.2681989e-15,663.60632,1409.8561
2007.1667,330.97864,0.0001213543,330.97842,1.4739155,0.03166233,155.9272,398.86835,186.70271,2.567117,2.0256701,0.28018129,0.88717723,0.56373304,5.8899181e-15,663.46277,1409.8339
2007.25,330.9043,0.00012591104,330.90405,1.4742519,0.031662397,155.95172,398.89963,186.71997,2.5145545,1.9338138,0.280348,0.88710517,0.51120049,6.5289613e-15,663.31439,1409.6145
2007.3333,330.82996,0.0001290886,330.82971,1.4745883,0.031662464,155.99141,398.96179,186.75258,2.4759531,1.5978948,0.2805146,0.88719636,0.48468745,6.7705791e-15,663.16608,1409.2262
2007.4167,330.75562,0.00013200844,330.75537,1.4749246,0.031662535,156.14241,399.25034,186.89742,2.5079145,1.5939292,0.28068203,0.88802445,0.37722507,5.989547e-15,663.0177,1409.6904
2007.5,330.68127,0.00011651983,330.68106,1.4752609,0.031662602,156.55379,400.06805,187.30498,2.5410862,1.5861677,0.28084829,0.88845253,0.36581954,4.2335499e-15,662.86938,1411.2042
2007.5833,330.60574,0.00010773581,330.60556,1.4756025,0.031662669,156.92427,400.80234,187.67131,2.5756047,1.5879028,0.28101715,0.88754785,0.3287285,3.6495223e-15,662.71869,1412.5612
2007.6667,330.53146,0.00010789646,330.53128,1.4759386,0.031662736,157.28108,401.51154,188.02487,2.6135015,1.5948982,0.28118378,0.88685352,0.30885035,3.6336739e-15,662.5705,1413.8775
2007.75,330.45721,0.00011140947,330.457,1.4762746,0.031662807,157.59013,402.13315,188.33412,2.549068,1.8712686,0.28135109,0.88645339,0.45730418,6.1373538e-15,662.42224,1415.1813
2007.8333,330.38297,0.0001170699,330.38275,1.4766105,0.031662874,157.74475,402.44168,188.48801,2.5480106,1.971784,0.28151813,0.8855319,0.49433532,8.4952983e-15,662.27417,1415.7499
2007.9167,330.30875,0.00011923746,330.30853,1.4769464,0.031662941,157.90623,402.76428,188.64893,2.5726328,1.9962189,0.2816855,0.88522357,0.54801148,9.2321577e-15,662.12604,1416.2961
2008,330.23331,0.00012320261,330.23309,1.4772877,0.031663008,158.06108,403.07336,188.80307,2.5867999,2.0125678,0.2797693,0.9085319,0.46802294,1.0207536e-14,661.97552,1416.7922
2008.0833,330.16156,0.00012189995,330.16132,1.4776124,0.031663075,158.20122,403.35272,188.94247,2.6031218,2.0313802,0.27976677,0.88716543,0.50396734,1.0614838e-14,661.83228,1417.243
2008.1667,330.08981,0.00012097188,330.08957,1.477937,0.031663138,158.34261,403.63467,189.08319,2.6254311,2.0550842,0.27976558,0.88711172,0.51634467,1.1000525e-14,661.68915,1417.7099
2008.25,330.01562,0.00012017688,330.01541,1.4782724,0.031663205,158.49146,403.93146,189.23138,2.6511722,1.9434792,0.27976426,0.88689083,0.4719108,1.1350494e-14,661.54108,1418.0697
2008.3333,329.9415,0.0001204791,329.94125,1.478608,0.031663273,158.64256,404.23303,189.38187,2.6825883,1.6933054,0.27976304,0.88679439,0.49075595,1.1542534e-14,661.39319,1418.3063
2008.4167,329.86737,0.00012399584,329.86713,1.4789433,0.03166334,158.90538,404.76181,189.64507,2.713587,1.6906376,0.27976245,0.88733804,0.32401702,1.0554575e-14,661.24524,1419.2415
2008.5,329.79324,0.00011616556,329.79303,1.4792787,0.031663407,159.43347,405.82965,190.17603,2.7501559,1.6819203,0.27976111,0.88742745,0.31345072,7.9423391e-15,661.09741,1421.2485
2008.5833,329.71793,0.00010988148,329.71771,1.4796195,0.031663474,159.93103,406.83527,190.67613,2.7812071,1.6881359,0.27975944,0.88687068,0.32002875,6.7800494e-15,660.94708,1423.1386
2008.6667,329.64383,0.00010689263,329.64362,1.4799546,0.031663541,160.32619,407.63297,191.07295,2.8025515,1.7219461,0.27975756,0.88436371,0.4090099,8.5865636e-15,660.79926,1424.6356
2008.75,329.56976,0.00011108995,329.56955,1.4802897,0.031663608,160.56392,408.11044,191.31079,2.7011604,2.0621061,0.27975589,0.88371915,0.47170374,1.5259734e-14,660.65137,1425.6795
2008.8333,329.49573,0.00011746727,329.49551,1.4806248,0.031663675,160.67848,408.33765,191.42435,2.7251852,2.0859549,0.27975467,0.88435906,0.5199737,1.9983081e-14,660.50366,1426.035
2008.9167,329.42169,0.00011456172,329.42148,1.4809597,0.031663742,160.79024,408.55905,191.53502,2.7482207,2.1091707,0.27975366,0.88514501,0.66594076,2.1679947e-14,660.3559,1426.3774
2009,329.34647,0.0001154138,329.34625,1.4813001,0.031663809,160.91197,408.80063,191.65578,2.7502856,2.1144135,0.27975243,0.88489616,0.41537878,2.3536662e-14,660.20587,1426.7187
2009.0833,329.2749,0.00011633358,329.27469,1.4816239,0.031663876,161.03357,409.04218,191.77655,2.7548256,2.1246307,0.27975121,0.88477993,0.53318036,2.5065709e-14,660.06299,1427.0745
2009.1667,329.20334,0.00011522759,329.20312,1.4819477,0.031663939,161.16206,409.2977,191.90427,2.7692933,2.1421661,0.27974993,0.88451731,0.5296014,2.5618301e-14,659.92023,1427.4754
2009.25,329.12936,0.00011666393,329.12915,1.4822823,0.031664006,161.29475,409.56149,192.03615,2.7883322,2.0473568,0.27974865,0.88438702,0.48832327,2.6664994e-14,659.77264,1427.7805
2009.3333,329.05542,0.00011616058,329.05521,1.4826169,0.03166407,161.4395,409.84998,192.18025,2.8122265,1.7400795,0.27974746,0.88429731,0.50388241,2.7110142e-14,659.625,1427.9268
2009.4167,328.98151,0.00011747322,328.98129,1.4829514,0.031664137,161.70566,410.38525,192.44681,2.8366849,1.7317591,0.27974677,0.88479793,0.3332907,2.3277807e-14,659.47754,1428.8634
2009.5,328.90756,0.00011037643,328.90735,1.4832858,0.031664204,162.17932,411.34164,192.92268,2.8668058,1.7336178,0.27974537,0.88476211,0.32447115,1.7871004e-14,659.33002,1430.6539
2009.5833,328.83246,0.00010844204,328.83224,1.4836257,0.031664271,162.65927,412.311,193.40501,2.8972685,1.7441463,0.27974376,0.88415438,0.31985295,1.5637987e-14,659.18011,1432.4766
2009.6667,328.75858,0.00010564749,328.75836,1.4839599,0.031664338,163.05634,413.11212,193.80363,2.9267824,1.7729691,0.27974194,0.88235152,0.41479942,1.4280252e-14,659.03265,1433.9843
2009.75,328.68469,0.00010615701,328.68451,1.4842941,0.031664401,163.37085,413.7453,194.11891,2.8169711,2.1406963,0.2797403,0.88143963,0.47185004,1.4472933e-14,658.88525,1435.3578
2009.8333,328.61087,0.00011198194,328.61066,1.4846282,0.031664468,163.52747,414.05759,194.27489,2.8403091,2.1628795,0.27973861,0.88007313,0.52703774,1.8405338e-14,658.73798,1435.8808
2009.9167,328.53702,0.00011209882,328.53683,1.4849622,0.031664535,163.65031,414.30139,194.39685,2.8615754,2.1834931,0.27973741,0.88059205,0.50961041,1.9683628e-14,658.59064,1436.264
2010,328.46201,0.00011113542,328.46179,1.4853017,0.031664602,163.70119,414.39243,194.4433,2.8918078,2.2094119,0.27982286,0.88013691,0.36740285,2.0843151e-14,658.44092,1436.3588
2010.0833,328.39062,0.00010935718,328.39041,1.4856247,0.031664666,163.67044,414.31204,194.40503,2.9112895,2.2292309,0.27998391,0.8802951,0.55464298,2.2267458e-14,658.2984,1436.1064
2010.1667,328.31924,0.00011000651,328.31906,1.4859476,0.031664729,163.64604,414.24451,194.37315,2.9175808,2.2403924,0.28014487,0.8800776,0.56342399,2.3509528e-14,658.15607,1435.8579
2010.25,328.24548,0.00010955923,328.2453,1.4862813,0.031664792,163.62378,414.18069,194.34326,2.9348569,2.1954014,0.28031108,0.88004565,0.54055411,2.4527535e-14,658.00885,1435.5671
2010.3333,328.17172,0.00010831541,328.17154,1.4866149,0.03166486,163.61964,414.15372,194.33163,2.9564958,1.7931328,0.28047726,0.87991399,0.47747734,2.4561814e-14,657.86169,1434.9968
2010.4167,328.09799,0.00010782962,328.09781,1.4869486,0.031664927,163.77002,414.44052,194.47591,2.9899626,1.8017746,0.28064373,0.88027668,0.36030674,2.0026386e-14,657.71454,1435.4734
2010.5,328.02426,0.00010410931,328.02408,1.4872822,0.03166499,164.04071,414.97147,194.74159,3.0222089,1.8132179,0.28080961,0.8799507,0.48437613,1.6858351e-14,657.56744,1436.4375
2010.5833,327.94937,0.00010240904,327.94919,1.4876211,0.031665057,164.35651,415.59402,195.05278,3.0500333,1.8261796,0.28097779,0.87849897,0.47209606,1.4863594e-14,657.41797,1437.5786
2010.6667,327.87567,0.00010048061,327.87549,1.4879544,0.03166512,164.62045,416.11182,195.31187,3.0754051,1.8536241,0.28114343,0.87687463,0.51126677,1.3395779e-14,657.27087,1438.5252
2010.75,327.802,0.00010084808,327.80182,1.4882877,0.031665187,164.76306,416.38297,195.44844,2.9554622,2.2250288,0.28130916,0.87636185,0.50666738,1.3947532e-14,657.12384,1439.1801
2010.8333,327.72836,0.00010116722,327.72818,1.488621,0.031665251,164.79341,416.42596,195.47166,2.9758697,2.2446809,0.28147495,0.87597597,0.5474934,1.5594761e-14,656.97699,1439.17
2010.9167,327.65472,0.0001018675,327.65454,1.4889541,0.031665318,164.8035,416.42789,195.47446,2.9945502,2.2634077,0.28164089,0.87575018,0.53211755,1.7239357e-14,656.82996,1439.0754
2011,327.5799,0.00010269287,327.57971,1.4892926,0.031665385,164.7998,416.40149,195.4632,3.0009055,2.272011,0.28180948,0.87554377,0.42941746,1.8067804e-14,656.68066,1438.8999
2011.0833,327.50873,0.00010369971,327.50851,1.4896147,0.031665444,164.79767,416.37918,195.4539,2.9961157,2.2751968,0.28196985,0.8753835,0.56078517,1.8978651e-14,656.53864,1438.7227
2011.1667,327.43753,0.00010389874,327.43735,1.4899367,0.031665508,164.80048,416.36691,195.44958,3.00823,2.2912991,0.28213018,0.87517828,0.57032639,1.9426074e-14,656.39661,1438.5952
2011.25,327.36398,0.00010447605,327.3638,1.4902697,0.031665575,164.80396,416.35532,195.44566,3.0268579,2.1808987,0.28229582,0.87499034,0.52767605,2.0057708e-14,656.24988,1438.3449
2011.3333,327.29044,0.00010481224,327.29022,1.4906024,0.031665638,164.81503,416.35931,195.44948,3.0517154,1.8440869,0.28246143,0.87478751,0.5481199,2.0404949e-14,656.10303,1437.9051
2011.4167,327.21689,0.00010570278,327.21671,1.4909351,0.031665701,164.91151,416.5368,195.53946,3.074261,1.8562564,0.28262761,0.8762573,0.4175078,1.8843215e-14,655.9563,1438.1572
2011.5,327.14337,0.00010472439,327.14319,1.4912677,0.031665768,165.24991,417.2052,195.8734,3.1069148,1.8667753,0.28279305,0.87553048,0.41575545,1.484475e-14,655.80957,1439.3945
2011.5833,327.06866,0.00010068414,327.06848,1.4916058,0.031665832,165.60585,417.90909,196.22511,3.1393862,1.8846024,0.28296113,0.87477928,0.39292827,1.2479081e-14,655.66046,1440.7075
2011.6667,326.99518,9.8531775e-05,326.995,1.4919382,0.031665899,165.91611,418.5228,196.53181,3.1735971,1.9037459,0.28312689,0.87451607,0.38009369,1.2258455e-14,655.51385,1441.8451
2011.75,326.92169,9.8827906e-05,326.92151,1.4922706,0.031665962,166.22676,419.14691,196.84286,3.0533583,2.2793999,0.28329322,0.87408179,0.58475006,1.8473318e-14,655.36719,1443.1998
2011.8333,326.84824,0.00010090946,326.84805,1.4926029,0.031666026,166.39082,419.47443,197.00642,3.0677524,2.3099852,0.2834596,0.87335259,0.5542202,2.5489366e-14,655.2207,1443.7535
2011.9167,326.77481,0.00010215863,326.77463,1.4929352,0.031666089,166.49283,419.67615,197.10739,3.0850379,2.3276315,0.28362608,0.87358117,0.76152229,3.1797763e-14,655.07416,1444.0469
2012,326.7002,0.00010494672,326.70001,1.4932729,0.031666156,166.60806,419.90463,197.22166,3.0436103,2.2989275,0.27973542,0.91847712,0.52053112,3.5431005e-14,654.92523,1444.2819
2012.0833,326.62918,0.00010305523,326.629,1.4935941,0.031666219,166.71793,420.12238,197.33057,3.0155411,2.2858655,0.27973184,0.87708032,0.57757676,3.7432609e-14,654.78357,1444.5356
2012.1667,326.55823,0.00010370219,326.55801,1.4939152,0.031666279,166.83008,420.34476,197.44174,3.0172932,2.294471,0.27973062,0.87696636,0.56878841,3.9501852e-14,654.64191,1444.85
2012.25,326.48483,0.00010350598,326.48465,1.4942472,0.031666342,166.94672,420.57608,197.55737,3.0321808,2.17835,0.27972931,0.87684345,0.52607113,4.1499915e-14,654.49554,1445.0659
2012.3333,326.4115,0.0001033537,326.41129,1.4945791,0.031666409,167.06825,420.81729,197.67795,3.0541072,1.8323065,0.27972803,0.87661642,0.55635113,4.2356652e-14,654.34912,1445.0787
2012.4167,326.33817,0.0001053596,326.33795,1.4949108,0.031666473,167.26347,421.20807,197.87286,3.0716081,1.8466865,0.27972719,0.87699389,0.44136128,3.8724286e-14,654.20282,1445.7453
2012.5,326.26483,0.00010436487,326.26465,1.4952426,0.031666536,167.75163,422.19296,198.36319,3.1022913,1.8593408,0.27972609,0.87719005,0.33679956,2.9343678e-14,654.05646,1447.6056
2012.5833,326.19031,0.00010321922,326.19012,1.4955797,0.031666599,168.27148,423.2421,198.88547,3.1396885,1.8814181,0.27972421,0.87510014,0.33894905,2.5338362e-14,653.90778,1449.6077
2012.6667,326.11703,0.00010222384,326.11685,1.4959114,0.031666663,168.72618,424.15936,199.34215,3.1757138,1.9026407,0.27972275,0.87410593,0.34549174,2.2465291e-14,653.7616,1451.3473
2012.75,326.04376,0.00010011153,326.04358,1.4962429,0.031666726,169.05692,424.82507,199.67378,3.0546188,2.2847948,0.27972114,0.87358397,0.57701963,2.3634252e-14,653.6153,1452.7902
2012.8333,325.97052,0.00010553736,325.97031,1.4965743,0.031666789,169.18649,425.08261,199.80255,3.0672069,2.3159137,0.27971959,0.87290686,0.55782956,3.2960712e-14,653.46918,1453.2036
2012.9167,325.89728,0.00010546463,325.89706,1.4969057,0.031666853,169.27414,425.25513,199.88901,3.0717881,2.3255947,0.27971885,0.87491208,0.81666648,4.2436042e-14,653.323,1453.4184
2013,325.82285,0.00010175175,325.82266,1.4972423,0.03166692,169.30449,425.30484,199.91489,3.0428634,2.3073609,0.27980295,0.87295753,0.54723269,4.5492971e-14,653.17456,1453.3288
2013.0833,325.75204,0.00010247656,325.75183,1.4975628,0.031666979,169.2708,425.21884,199.87378,3.0467024,2.3177209,0.27996239,0.87275046,0.57109183,4.8055455e-14,653.0332,1453.041
2013.1667,325.68124,0.00010312293,325.68106,1.497883,0.031667043,169.24023,425.1391,199.83578,3.0445316,2.32304,0.28012165,0.87262821,0.5685789,5.0768509e-14,652.89197,1452.7547
2013.25,325.60806,0.00010423995,325.60788,1.4982141,0.031667106,169.21034,425.06012,199.79826,3.0604012,2.2419739,0.28028613,0.8726294,0.53962851,5.3816669e-14,652.74597,1452.3974
2013.3333,325.53491,0.0001040021,325.53473,1.4985451,0.031667169,169.18443,424.98929,199.76476,3.0796916,1.8634142,0.2804504,0.87249017,0.54580367,5.1626821e-14,652.59991,1451.7619
2013.4167,325.46176,0.00010633616,325.46158,1.498876,0.031667233,169.26924,425.14304,199.84288,3.0931845,1.871848,0.28061509,0.872895,0.43696749,4.3507529e-14,652.45404,1451.9549
2013.5,325.38864,0.00010474907,325.38846,1.4992069,0.031667292,169.64513,425.88693,200.21442,3.1260028,1.8853803,0.28077939,0.87318832,0.19555224,3.0722891e-14,652.30811,1453.3467
2013.5833,325.31433,0.00010183261,325.31415,1.4995431,0.031667359,170.0813,426.75293,200.64674,3.1712403,1.9119478,0.28094551,0.87043232,0.26075009,2.4726779e-14,652.15979,1455.0049
2013.6667,325.24124,0.00010075119,325.24106,1.4998738,0.031667423,170.4198,427.42136,200.9808,3.1733286,2.019882,0.2811096,0.86998355,0.41605935,2.249453e-14,652.01398,1456.3103
2013.75,325.16815,0.00010113261,325.16797,1.5002043,0.031667482,170.61789,427.80463,201.17314,3.0809731,2.3289192,0.28127348,0.86933982,0.51645309,2.3108509e-14,651.86804,1457.1548
2013.8333,325.09509,0.0001001733,325.09491,1.5005349,0.031667545,170.70863,427.96997,201.25726,3.0998058,2.3473539,0.28143758,0.8689599,0.54747218,2.6523334e-14,651.72229,1457.3868
2013.9167,325.02206,0.00010182454,325.02188,1.5008655,0.031667609,170.6899,427.91354,201.23105,3.1171463,2.3647501,0.28160179,0.86871654,0.59490228,3.2354653e-14,651.5766,1457.1746
2014,324.94785,0.00010181288,324.94766,1.5012013,0.031667672,170.66783,427.85016,201.20135,3.1298814,2.3767772,0.28176865,0.8685683,0.35639399,3.5631742e-14,651.42853,1456.9364
2014.0833,324.87723,0.00010218351,324.87704,1.5015208,0.031667732,170.6532,427.80273,201.17953,3.1432421,2.3939939,0.28192741,0.86831617,0.56715786,3.7069513e-14,651.2876,1456.7423
2014.1667,324.80664,0.00010284727,324.80643,1.5018401,0.031667795,170.63867,427.75546,201.15778,3.1503851,2.4061649,0.28208613,0.86816204,0.57189703,3.9397769e-14,651.14667,1456.5372
2014.25,324.73364,0.00010336276,324.73346,1.5021703,0.031667855,170.6273,427.71405,201.13896,3.1665568,2.2721429,0.28225023,0.86796767,0.52607554,4.1046563e-14,651.00104,1456.2024
2014.3333,324.66068,0.00010386657,324.66049,1.5025004,0.031667918,170.61911,427.67908,201.12343,3.1850214,1.9345731,0.28241426,0.86775118,0.55131394,4.1690006e-14,650.85547,1455.6791
2014.4167,324.58774,0.00010534109,324.58755,1.5028305,0.031667981,170.68854,427.80157,201.18602,3.2006111,1.9424437,0.28257897,0.8696689,0.40780264,3.8088266e-14,650.7099,1455.8116
2014.5,324.5148,0.00010369128,324.51462,1.5031605,0.031668045,171.04002,428.49588,201.5329,3.2321334,1.9502019,0.28274301,0.86961174,0.37631837,2.7913588e-14,650.56439,1457.0983
2014.5833,324.4407,0.00010005377,324.44052,1.5034957,0.031668108,171.39627,429.19955,201.88466,3.2614951,1.9629065,0.28290921,0.8677662,0.43920621,2.3610196e-14,650.4165,1458.4043
2014.6667,324.3678,9.8391611e-05,324.36761,1.5038255,0.031668168,171.67026,429.73688,202.15364,3.2904856,1.9750856,0.28307316,0.86753225,0.4191969,2.1643747e-14,650.271,1459.3804
2014.75,324.29492,9.7327647e-05,324.29474,1.5041553,0.031668231,171.82925,430.04108,202.30669,3.1834025,2.3098881,0.28323695,0.86705524,0.58127105,2.321345e-14,650.12555,1460.0791
2014.8333,324.22208,0.00010017293,324.22189,1.5044849,0.031668294,171.82474,430.01361,202.29483,3.1762516,2.3882339,0.28340083,0.86653519,0.54585677,3.1097964e-14,649.98022,1459.9613
2014.9167,324.14923,0.00010036632,324.14902,1.5048145,0.031668354,171.80087,429.9469,202.26344,3.1945114,2.4049895,0.28356487,0.86641884,0.53580898,3.6398324e-14,649.83484,1459.7291
2015,324.0752,9.9756602e-05,324.07501,1.5051495,0.031668417,171.77467,429.87524,202.22963,3.2175136,2.4228075,0.28373152,0.86629564,0.40500116,4.0387703e-14,649.68707,1459.4907
2015.0833,324.00476,0.00010034699,324.00458,1.5054681,0.031668477,171.7516,429.81076,202.19919,3.2138083,2.4282482,0.28389031,0.8680982,0.56534177,4.4716309e-14,649.54657,1459.2341
2015.1667,323.93436,9.9462486e-05,323.93417,1.5057867,0.031668536,171.73691,429.76324,202.17719,3.2257879,2.4447041,0.28404838,0.86770773,0.59123343,4.6370975e-14,649.40613,1459.038
2015.25,323.86157,0.00010058654,323.86139,1.5061159,0.0316686,171.72253,429.71579,202.15527,3.2372777,2.3224714,0.28421184,0.86800063,0.5501616,4.7096058e-14,649.2608,1458.6985
2015.3333,323.78882,0.00010033411,323.78864,1.5064452,0.031668659,171.71895,429.69022,202.14426,3.2525492,1.958913,0.2843751,0.86784577,0.52797127,4.3115959e-14,649.11566,1458.165
2015.4167,323.71606,0.00010048654,323.71588,1.5067743,0.031668723,171.9408,430.12158,202.36047,3.2788868,1.9694781,0.28453875,0.86830914,0.32650933,3.1744979e-14,648.97046,1458.9262
2015.5,323.64331,9.7264063e-05,323.64313,1.5071034,0.031668782,172.23529,430.69986,202.64989,3.31902,1.9825125,0.28470147,0.86675346,0.34899983,2.550093e-14,648.82526,1459.9966
2015.5833,323.5694,9.4027564e-05,323.56924,1.5074378,0.031668846,172.55022,431.31955,202.95999,3.3533959,1.9914647,0.28486696,0.86522645,0.39206466,2.2024095e-14,648.67786,1461.1373
2015.6667,323.4967,9.2534785e-05,323.49652,1.5077667,0.031668909,172.80014,431.80795,203.20476,3.3638232,2.0515273,0.28503007,0.86500818,0.49915573,1.9818797e-14,648.53271,1462.046
2015.75,323.42401,9.2439077e-05,323.42386,1.5080955,0.031668968,172.97794,432.14993,203.37672,3.2440848,2.394073,0.28519309,0.86457181,0.59774005,1.9742197e-14,648.38776,1462.8157
2015.8333,323.35135,9.1880123e-05,323.3512,1.5084243,0.031669028,173.03241,432.242,203.42435,3.2562659,2.40572,0.28535625,0.86426508,0.60646617,2.279306e-14,648.24274,1462.8887
2015.9167,323.27869,9.2246162e-05,323.27853,1.5087531,0.031669091,173.04808,432.25546,203.43288,3.26229,2.4152787,0.28551948,0.86405629,1.2123021,2.5398379e-14,648.09772,1462.7972
2016,323.20486,9.3325121e-05,323.20471,1.5090871,0.031669155,173.06216,432.26547,203.43965,3.2166159,2.3775761,0.28568533,0.86384845,0.626481,2.7077139e-14,647.95044,1462.5977
2016.0833,323.13464,9.4564573e-05,323.13446,1.5094049,0.031669211,173.0748,432.27344,203.44536,3.2146919,2.384578,0.28584313,0.86366016,0.64618105,2.9045458e-14,647.81024,1462.489
2016.1667,323.06442,9.5877811e-05,323.06424,1.5097226,0.03166927,173.0881,432.28275,203.45175,3.2141366,2.392446,0.28600088,0.86346799,0.64225793,3.0768438e-14,647.67017,1462.3854
2016.25,322.99185,9.7089607e-05,322.99167,1.510051,0.031669334,173.09439,432.27722,203.45079,3.2006147,2.3409748,0.28616396,0.86328787,0.62786633,3.2789232e-14,647.52539,1462.1755
2016.3333,322.91928,9.8375756e-05,322.9191,1.5103793,0.031669393,173.11186,432.29434,203.46112,3.1761549,1.8647292,0.28632703,0.86313522,0.57663274,3.333799e-14,647.38055,1461.575
2016.4167,322.84671,9.9607299e-05,322.84653,1.5107076,0.031669453,173.32596,432.70975,203.66962,3.1882904,1.8682673,0.28649038,0.86332101,0.44586784,2.6478585e-14,647.23572,1462.2841
2016.5,322.77417,9.7771146e-05,322.77399,1.5110358,0.031669516,173.64613,433.34003,203.98503,3.2143507,1.8782326,0.28665328,0.86314744,0.40077198,2.2376378e-14,647.09094,1463.4414
2016.5833,322.70047,9.6181786e-05,322.70029,1.5113692,0.031669576,173.96352,433.96442,204.29759,3.2419822,1.8899314,0.28681889,0.8628574,0.44229037,1.9923667e-14,646.94391,1464.5882
2016.6667,322.62796,9.6498632e-05,322.62778,1.5116973,0.031669635,174.23253,434.49136,204.56157,3.2666774,1.9017713,0.28698212,0.86259085,0.52189791,1.8673661e-14,646.79926,1465.5401
2016.75,322.55548,9.7499258e-05,322.5553,1.5120252,0.031669699,174.39468,434.80191,204.71785,3.1956058,2.1222544,0.28714532,0.86234605,0.64970464,1.9020921e-14,646.65454,1466.174
2016.8333,322.483,9.9156692e-05,322.48282,1.5123532,0.031669758,174.41728,434.82968,204.73343,3.1336386,2.3075521,0.28730851,0.86186528,0.63370991,2.2259296e-14,646.50995,1466.2187
2016.9167,322.41055,0.00010241086,322.41037,1.512681,0.031669818,174.39114,434.7587,204.69987,3.1390674,2.318131,0.28747183,0.86179966,1.3194109,2.7743421e-14,646.36542,1465.9598
2017,322.33691,0.00010188768,322.33673,1.5130141,0.031669881,174.36765,434.69278,204.66875,3.0807066,2.2686837,0.28763828,0.86415815,0.59347039,2.997716e-14,646.21838,1465.5845
2017.0833,322.26688,0.00010332183,322.26669,1.5133311,0.031669937,174.34494,434.62943,204.63879,3.0635114,2.2653391,0.2877965,0.86512208,0.62488192,3.2919495e-14,646.07867,1465.3085
2017.1667,322.19684,0.0001052441,322.19666,1.5136479,0.031669997,174.32811,434.57788,204.61478,3.0256639,2.2557175,0.28795424,0.86505884,0.59386325,3.6106538e-14,645.9389,1465.0291
2017.25,322.12448,0.00010887415,322.12427,1.5139754,0.031670056,174.31531,434.53387,204.59459,2.9813397,2.1690917,0.2881172,0.86508864,0.55118185,3.9600044e-14,645.79456,1464.6768
2017.3333,322.05209,0.00010983834,322.05188,1.5143028,0.031670116,174.31223,434.50958,204.58418,2.9604027,1.7163755,0.28828001,0.86506903,0.5093689,4.0903187e-14,645.65009,1464.0211
2017.4167,321.97974,0.00011192462,321.97952,1.5146303,0.031670175,174.4926,434.85663,204.7585,2.9395835,1.6960679,0.28844324,0.86560386,0.45119557,3.285221e-14,645.50568,1464.5375
2017.5,321.90738,0.00010916921,321.9072,1.5149575,0.031670235,174.89272,435.64838,205.15413,2.9601533,1.7059045,0.2886059,0.86574376,0.39334306,2.5371329e-14,645.36133,1466.0112
2017.5833,321.83389,0.00010850726,321.83368,1.5152901,0.031670298,175.25853,436.37024,205.51497,2.9863315,1.7171495,0.28877097,0.86567038,0.42685324,2.157027e-14,645.21472,1467.3507
2017.6667,321.76157,0.00010805422,321.76135,1.5156174,0.031670358,175.56496,436.97256,205.81606,3.0141358,1.7294692,0.2889334,0.86472785,0.42605928,2.0194929e-14,645.07037,1468.4565
2017.75,321.68927,0.00010791272,321.68909,1.5159444,0.031670418,175.74716,437.32327,205.99197,2.9777811,1.8893874,0.289096,0.86418337,0.54543024,2.0106489e-14,644.92609,1469.1448
2017.8333,321.617,0.00010612722,321.61679,1.5162715,0.031670477,175.82512,437.46307,206.06297,2.8986099,2.1355884,0.28925842,0.86331928,0.55779743,2.2373999e-14,644.78186,1469.4565
2017.9167,321.54474,0.000107415,321.54453,1.5165983,0.031670537,175.86737,437.53052,206.09801,2.9141083,2.1537809,0.28942111,0.86279505,0.60003418,2.3837852e-14,644.63763,1469.4909
2018,321.47131,0.00010751474,321.4711,1.5169306,0.031670596,175.90891,437.59622,206.13226,2.9233782,2.1666019,0.28958637,0.86199659,0.50648671,2.5434549e-14,644.49109,1469.508
2018.0833,321.40146,0.0001095292,321.40125,1.5172467,0.031670656,175.93269,437.62695,206.14903,2.933244,2.1819732,0.28974372,0.86183232,0.54024935,2.7779699e-14,644.35181,1469.4655
2018.1667,321.3316,0.00011819403,321.33139,1.5175627,0.031670712,175.9581,437.66098,206.16739,2.8217914,2.1121197,0.28990126,0.86217719,0.47924522,3.0522497e-14,644.21234,1469.2226
2018.25,321.25943,0.0001270291,321.25922,1.5178894,0.031670772,175.99393,437.71561,206.19608,2.7637756,2.0666735,0.29006407,0.86292261,0.41527215,3.3267805e-14,644.06836,1469.0945
2018.3333,321.18726,0.00013082799,321.18701,1.5182159,0.031670831,176.03247,437.7757,206.22749,2.7815285,1.5938803,0.2902267,0.8628701,0.37050304,3.4534163e-14,643.92426,1468.6256
2018.4167,321.11511,0.00013974727,321.11487,1.5185424,0.031670891,176.09702,437.88867,206.28465,2.8008618,1.6124763,0.29039082,0.86425483,0.29270729,3.5742171e-14,643.78033,1468.7545
2018.5,321.04297,0.00014238633,321.04272,1.5188688,0.03167095,176.46188,438.60999,206.64027,2.8309982,1.6340408,0.2905558,0.86894423,0.22760692,2.8674722e-14,643.63635,1470.1041
2018.5833,320.96964,0.00012549797,320.96939,1.5192006,0.03167101,176.85963,439.39743,207.02844,2.873378,1.6551869,0.29072019,0.86786252,0.19570932,2.3397179e-14,643.49005,1471.5949
2018.6667,320.89752,0.0001232338,320.89728,1.5195268,0.03167107,177.18161,440.03195,207.34079,2.914093,1.6728579,0.290883,0.86718953,0.20988101,2.1759253e-14,643.34613,1472.7782
2018.75,320.82541,0.000126705,320.8252,1.519853,0.031671129,177.50999,440.68765,207.66075,2.8982141,1.8190168,0.29104722,0.86739773,0.25502977,2.6359299e-14,643.20227,1474.0689
2018.8333,320.75336,0.00013502434,320.75308,1.5201792,0.031671189,177.72566,441.11966,207.87251,2.8286679,2.1240571,0.29120731,0.8621875,0.22136763,3.7293658e-14,643.05847,1475.0203
2018.9167,320.6813,0.00014661622,320.68103,1.5205052,0.031671248,177.89465,441.45703,208.04013,2.8722186,2.1716888,0.29137141,0.86213893,0.20908922,4.3807226e-14,642.91467,1475.6418
2019,320.60812,0.00017450517,320.60779,1.5208366,0.031671308,178.07462,441.81665,208.2186,2.9122758,2.213706,0.27973449,0.98997903,0.32064313,5.526683e-14,642.76855,1476.2841
2019.0833,320.53842,0.00015724049,320.53812,1.5211518,0.031671364,178.23436,442.13556,208.37689,2.9545586,2.2577269,0.27971777,0.86386502,0.19758198,5.1269823e-14,642.62952,1476.8683
2019.1667,320.46875,0.00015961743,320.46848,1.521467,0.03167142,178.39619,442.45865,208.53741,3.0000143,2.3044183,0.27971652,0.86386919,0.19409215,5.2636291e-14,642.49054,1477.467
2019.25,320.39676,0.00016216596,320.39645,1.5217928,0.031671479,178.56326,442.79233,208.70322,3.0469115,2.3527527,0.27971527,0.86383605,0.18862012,5.4157088e-14,642.3468,1478.085
2019.3333,320.32477,0.00016059529,320.32449,1.5221184,0.031671539,178.73216,443.12961,208.87068,3.0778697,1.8194038,0.279715,0.86459589,0.16083039,5.4214659e-14,642.20319,1478.1125
2019.4167,320.25284,0.00017372923,320.2525,1.5224441,0.031671599,179.00948,443.68646,209.13145,3.084235,1.8090538,0.27972898,0.87876946,0.14777686,5.3647818e-14,642.05963,1479.06
2019.5,320.18085,0.00015130092,320.18054,1.5227696,0.031671654,179.57034,444.81741,209.66293,3.0932865,1.7957804,0.27972418,0.87890095,0.083927006,4.293342e-14,641.91602,1481.1355
2019.5833,320.10773,0.00015222204,320.10742,1.5231005,0.031671714,180.10274,445.89038,210.17415,3.1394954,1.8221087,0.27972171,0.87737292,0.047524005,9.0243581e-14,641.77008,1483.1786
2019.6667,320.0358,0.00014980347,320.03552,1.5234258,0.031671774,180.59558,446.88348,210.64636,3.1890757,1.8505192,0.27972057,0.8768571,0.053875133,2.6291653e-13,641.62659,1485.0713
2019.75,319.9639,0.00015702489,319.96362,1.5237511,0.031671833,180.98193,447.66101,211.01111,3.1387274,2.1304779,0.27971563,0.87266129,0.1479383,6.4148882e-13,641.48309,1486.6861
2019.8333,319.89203,0.00016904042,319.89172,1.5240765,0.031671889,181.18616,448.06931,211.20914,3.1183889,2.3595028,0.27970898,0.87197465,0.13425581,1.0367119e-12,641.33966,1487.5618
2019.9167,319.82016,0.00016818442,319.81985,1.5244017,0.031671949,181.31645,448.32913,211.33553,3.170619,2.4122155,0.27971607,0.8982743,0.24141216,1.2319567e-12,641.19629,1488.0399
