year,froot_gCm2,leaf_gCm2,p_uptake_demand_ratio,gpp_pft7_gCm2day,gpp_pft9_gCm2day,gpp_pft10_gCm2day,l2fr_site,l2fr_canopy,l2fr_ustory,leaf_alloc_gCm2yr,froot_alloc_gCm2yr
1901,0.10243509,0,1.2463416,-1.2492776e-15,0,0,0.010319136,0.015572505,0.01003804,0,0.0014785316
1901.0833,0.090838003,0,0.24623531,-1.71935e-06,0,0,0.010323405,0.015182197,0.010044362,0,0.0012967115
1901.1667,0.080377875,0,0.24286699,-3.5649059e-05,0,0,0.010328515,0.014778079,0.010043886,0,0.0011409637
1901.25,0.070628994,0,0.23949561,-0.00015723218,0,0,0.010333415,0.014371883,0.010043235,0,0.0009937241
1901.3333,0.061873332,0,0.25027743,-0.00012330573,0,0,0.010337943,0.013985464,0.010042246,0,0.00070210079
1901.4167,0.062910767,3.3561047,0.22364753,1.6089876,4.1072226,0.1694027,0.010105348,0.013620276,0.010040224,68.080044,0.10247823
1901.5,0.09316692,7.6399995,0.22654046,2.8950831,8.6118389,0.34930769,0.010181445,0.013585716,0.010036483,24.797589,0.92008608
1901.5833,0.20967153,9.7116455,0.16777551,2.4497198,7.5851597,0.21307117,0.012391858,0.014339319,0.010032896,14.386878,2.2222071
1901.6667,0.11588667,9.6312361,0.14243278,1.4448129,4.7472269,0.1425236,0.013235213,0.014720927,0.01002971,8.9699615,0.3299687
1901.75,0.10771384,4.0349509,0.082918458,0.41121442,1.1566916,0.043074829,0.014084274,0.015043745,0.010026836,2.6752675,0.065391654
1901.8333,0.10014631,0,0.053049721,-2.8328312e-08,0,0,0.014013103,0.015174353,0.010024246,0,0.016534183
1901.9167,0.089588517,0,0.044439752,-4.7843568e-11,0,0,0.014075583,0.015253543,0.010021908,0,0.0099861505
1902,0.07954373,0,0.41606027,0,0,0,0.014129656,0.015300131,0.010019763,0,0.0025703148
1902.0833,0.0708855,0,0.03629579,-1.2082262e-14,0,0,0.014180966,0.015316544,0.010017917,0,0.0022988934
1902.1667,0.063221305,0,0.028720584,-7.6472115e-05,0,0,0.014228256,0.01530838,0.010016247,0,0.0020584065
1902.25,0.056191962,0,0.024100924,-8.5452495e-05,0,0,0.014273344,0.015277903,0.010014683,0,0.0018376123
1902.3333,0.050311144,0,0.027876267,0.66932142,0,0,0.014312414,0.015227707,0.010013271,0,0.0016465481
1902.4167,0.055798304,3.7233038,0.036292888,3.2502174,8.5618667,0.17351109,0.01044509,0.015037393,0.010012031,51.371316,0.23509629
1902.5,0.19971665,6.0200659,0.031675342,2.8944827,8.4183268,0.28711235,0.014580522,0.016400408,0.010010875,19.560912,3.3301797
1902.5833,0.22414025,8.0356617,0.031601265,2.1988866,6.4100564,0.34305361,0.02505048,0.018172054,0.010017457,23.382966,1.1571698
1902.6667,0.18534048,9.5679425,0.029651921,1.4824363,4.588013,0.23992054,0.035790015,0.019578431,0.010123601,16.528562,1.7961252
1902.75,0.17763837,6.3977591,0.02612352,0.50951908,1.3354583,0.06547224,0.041884296,0.020635389,0.010136428,4.6354536,0.43226086
1902.8333,0.15584771,0,0.024291834,0.00010936787,0,0,0.042468023,0.021627456,0.01012328,0,0.023194928
1902.9167,0.15417856,0,0.019287391,0.00030651795,0,0,0.042684972,0.022551833,0.010111419,0,0.01353237
1903,0.1513789,0,0.013416592,0.01206781,0,0,0.04286626,0.023380924,0.010100535,0,0.0007443964
1903.0833,0.14839334,0,0.0094817299,0.0090598581,0,0,0.043018609,0.024077214,0.010091167,0,0.00060866306
1903.1667,0.14066345,0,0.0077935918,0.002758996,0,0,0.043159544,0.024680335,0.010082691,0,0.00068641938
1903.25,0.12306082,0,0.0072133411,-0.00015588609,0,0,0.043311253,0.025139675,0.010074754,0,0.00053282072
1903.3333,0.1116292,0,0.0074870894,0.60921421,0,0,0.043429583,0.025426054,0.01006759,0,0.00041574036
1903.4167,0.095318537,5.1792986,0.0099513028,2.5865779,6.4176713,0.2185012,0.019313904,0.025087897,0.010061141,86.389657,0.15854797
1903.5,0.16630172,9.010369,0.0094854413,2.9840725,9.0041985,0.43560015,0.011579269,0.024511093,0.010055549,30.098904,2.9690689
1903.5833,0.36593559,10.107779,0.00771674,2.4526989,7.8189368,0.36371287,0.017500941,0.026569579,0.010124998,23.616992,3.3829844
1903.6667,0.14532114,11.172208,0.0091391699,1.5485978,4.9326053,0.20316316,0.022923706,0.02733526,0.010128269,12.780063,0.35311179
1903.75,0.14264671,4.1744057,0.0077706897,0.33996607,1.0067511,0.044456579,0.028352898,0.027983846,0.01011589,2.6508167,0.1272636
1903.8333,0.14175694,0,0.0067233103,0.0042619686,0,0,0.028312141,0.028151944,0.010104738,0,0.017089012
1903.9167,0.13360589,0,0.0062118196,0.0015953783,0,0,0.028542634,0.028227204,0.010094674,0,0.015256449
1904,0.11912064,0,0.0050933235,-2.049652e-10,0,0,0.028760375,0.028124489,0.010085441,0,0.0017258999
1904.0833,0.10572644,0,0.0052763415,-5.6805125e-10,0,0,0.028934944,0.027856156,0.010077493,0,0.0015594056
1904.1667,0.093922805,0,0.0054129562,-0.00010998339,0,0,0.029097823,0.027458211,0.010070303,0,0.0014101756
1904.25,0.083144339,0,0.005689593,-0.00028949568,0,0,0.029256113,0.026950933,0.010063569,0,0.0012715636
1904.3333,0.074076386,0,0.0070139174,0.63325699,0,0,0.029397899,0.026373491,0.01005749,0,0.0011540684
1904.4167,0.074335498,4.6750656,0.011755724,3.0831841,7.8749339,0.19293627,0.01325192,0.025443777,0.010052055,67.05525,0.19285364
1904.5,0.2027421,7.1576703,0.00859835,2.8975973,8.834759,0.30567348,0.0149746,0.026082767,0.010047074,19.492631,3.4694076
1904.5833,0.34542708,8.9644995,0.0072615631,2.3156465,7.2746249,0.31152703,0.028511193,0.027856184,0.010097764,19.88794,1.7468703
1904.6667,0.20241388,10.201577,0.0083694831,1.5663615,5.1198448,0.2412239,0.038230408,0.029139819,0.010127574,15.074344,0.76103606
1904.75,0.17689302,2.8205758,0.0071965903,0.33878752,0.63825268,0.041406464,0.044822931,0.030231597,0.010115271,2.6244574,0.17518561
1904.8333,0.17208458,0,0.0059546558,0.0062717895,0,0,0.045343369,0.031349462,0.010104181,0,0.026231235
1904.9167,0.15363154,0,0.0049943822,-1.1112146e-24,0,0,0.045658,0.032233492,0.010094172,0,0.024157562
1905,0.13458742,0,0.0051306593,-3.760414e-07,0,0,0.046078075,0.032806568,0.010084989,0,0.0056530962
1905.0833,0.11811482,0,0.0053457017,-2.3781012e-09,0,0,0.046330266,0.033093896,0.010077084,0,0.0048478819
1905.1667,0.10375131,0,0.0054190489,-1.3590128e-05,0,0,0.046561275,0.033166472,0.010069934,0,0.0039989308
1905.25,0.090746478,0,0.0055826819,-4.7881938e-07,0,0,0.046780568,0.033059698,0.010063237,0,0.0031523859
1905.3333,0.079932826,0,0.0066643376,0.3415973,0,0,0.046979114,0.032799229,0.010057191,0,0.0027354784
1905.4167,0.068951289,4.548179,0.010854124,3.0990764,8.4491684,0.21753049,0.026352914,0.031721398,0.010051808,64.551724,0.33800499
1905.5,0.26777328,7.0926901,0.0075818175,2.9442381,8.9907134,0.3560336,0.027695175,0.031961747,0.010046843,22.025999,4.8057773
1905.5833,0.48525166,9.1410121,0.0066034612,2.39503,7.4526665,0.3950423,0.039342724,0.033688799,0.010100643,24.71136,2.6069269
1905.6667,0.2058955,10.654557,0.0077299429,1.3502496,4.4102183,0.23715367,0.048494969,0.034819398,0.010230021,14.169587,0.51449763
1905.75,0.1857754,4.5647975,0.0072050975,0.69369475,1.0118445,0.059691453,0.057443134,0.03569435,0.01021402,3.6800502,0.66158821
1905.8333,0.19112059,0,0.0065666982,0.04569961,0,0,0.058026336,0.03645435,0.010193656,0,0.025927036
1905.9167,0.18878756,0,0.0064491909,6.8767125e-05,0,0,0.058423903,0.037152503,0.010175281,0,0.025691878
1906,0.18547373,0,0.0062306137,0.00016442318,0,0,0.058765855,0.037783612,0.01015841,0,0.0054476251
1906.0833,0.18200363,0,0.005981883,0.047436057,0,0,0.058998615,0.038319103,0.010143877,0,0.0053760599
1906.1667,0.17862031,0,0.005692272,0.019011822,0,0,0.059199341,0.038796235,0.010130725,0,0.0053653486
1906.25,0.17520916,0,0.0054030591,0.087352842,0,0,0.059377793,0.039235827,0.010118405,0,0.0053542467
1906.3333,0.17188443,0,0.0053050919,0.4999413,0,0,0.059526514,0.039625417,0.010107282,0,0.0053431276
1906.4167,0.1226243,5.442203,0.0062827077,1.6655995,3.9757331,0.20549205,0.032565121,0.039025772,0.010097303,107.12393,0.15516689
1906.5,0.19460634,9.7730486,0.0066047483,3.062504,9.9975265,0.62160024,0.013177531,0.037476603,0.010196353,35.46912,4.4933289
1906.5833,0.57876215,12.081051,0.0038173776,2.2065684,7.4893371,0.46018647,0.02704493,0.039652888,0.010738976,25.614223,4.8441859
1906.6667,0.31648195,13.952794,0.0036178881,1.5493645,5.4179488,0.32593714,0.032757103,0.040840987,0.010700285,17.240732,0.80400015
1906.75,0.16511478,14.108659,0.0036690985,0.64717143,2.2398915,0.14158428,0.040385917,0.041208729,0.010633178,7.3719004,0.43633325
1906.8333,0.17243005,0,0.0020863707,0.06236143,0.017818054,0.0016262488,0.044565629,0.039680667,0.010572336,0,0.030400695
1906.9167,0.15711432,0,0.0013956705,-2.211524e-07,0,0,0.044836286,0.037726693,0.010517453,0,0.019269969
1907,0.1378618,0,0.0014973435,-2.4505171e-13,0,0,0.045225605,0.035864528,0.010467097,0,0.0013253703
1907.0833,0.12129789,0,0.0016114811,-1.6830068e-08,0,0,0.045520037,0.034197737,0.01042375,0,0.0011768713
1907.1667,0.1068186,0,0.0017128445,-8.074684e-07,0,0,0.045791395,0.032630976,0.010384534,0,0.0010441514
1907.25,0.093702511,0,0.0020126931,-2.3756437e-05,0,0,0.046050895,0.031108314,0.01034781,0,0.00092290901
1907.3333,0.082263825,0,0.0025519219,0.0083100307,0,0,0.046290278,0.029680945,0.01031466,0,0.00080986305
1907.4167,0.075223019,2.8187288,0.0031828287,0.72606947,0.71281733,0.035262614,0.033913638,0.028256617,0.010285359,54.9176,0.070297415
1907.5,0.084624662,6.5846262,0.0061398074,2.2445403,7.3556811,0.23800556,0.011002665,0.026998444,0.010259199,20.898673,0.16183908
1907.5833,0.24517841,8.5758232,0.0029925534,2.1655333,7.1140208,0.28602694,0.020194609,0.028228194,0.010234015,15.124196,3.4227451
1907.6667,0.24648133,9.0085156,0.0023978048,1.3811281,4.5247298,0.21707298,0.030532381,0.029589688,0.010229358,11.959742,0.95583212
1907.75,0.15145489,3.045727,0.002102351,0.34383995,0.53780152,0.037541387,0.035588097,0.030519016,0.010221361,2.079385,0.087428537
1907.8333,0.14037345,0,0.0011427987,0.005176835,0,0,0.036058806,0.031331815,0.010200214,0,0.020875817
1907.9167,0.12376964,0,0.00095992,0,0,0,0.036318462,0.031918731,0.010181133,0,0.020005528
1908,0.10830612,0,0.0010586872,-1.2480097e-06,0,0,0.036530767,0.032256722,0.010163625,0,0.0045665038
1908.0833,0.094951451,0,0.0013223606,-1.3017475e-09,0,0,0.036759753,0.03236739,0.010148553,0,0.0040184763
1908.1667,0.083308565,0,0.0015031393,-4.3856578e-05,0,0,0.036971532,0.032303028,0.010134917,0,0.0033610648
1908.25,0.07278331,0,0.0018308281,-5.2487868e-06,0,0,0.037121788,0.031954534,0.010122146,0,0.0027778578
1908.3333,0.06475977,0,0.0035678577,1.0903868,0,0,0.037173305,0.031229882,0.010110615,0,0.001704101
1908.4167,0.058159738,3.9639315,0.0084297676,2.8206156,8.4765966,0.20374041,0.016968703,0.029984178,0.01010082,55.008757,0.21541595
1908.5,0.22302684,6.2470851,0.0032275117,2.8577568,9.2619457,0.3191639,0.021126242,0.030598843,0.010091429,16.189372,4.0552878
1908.5833,0.48205396,7.4897972,0.0011630188,1.9707795,6.5735348,0.30051028,0.03555822,0.032383494,0.010082482,14.906582,2.6163137
1908.6667,0.50431566,8.9392476,0.0009627993,1.3929084,4.6890827,0.27055659,0.044805858,0.033657558,0.010074517,14.820529,1.980363
1908.75,0.61791862,4.5229145,0.00059831433,0.43562735,1.0321105,0.081256688,0.053819656,0.034844067,0.010067328,5.3844966,1.3264898
1908.8333,0.59630396,0,0.00035668138,0.012486876,0,0,0.05482642,0.036106098,0.010060851,0,0.081367236
1908.9167,0.51144982,0,0.00038890544,0,0,0,0.054102965,0.037129253,0.010055008,0,0.11547941
1909,0.44086057,0,0.0010426658,-6.0070107e-08,0,0,0.052049726,0.037874065,0.010049648,0,0.047515918
1909.0833,0.37930338,0,0.00071302068,-4.041999e-06,0,0,0.051795334,0.038342383,0.010045033,0,0.041149527
1909.1667,0.32658278,0,0.00073126151,-3.5845085e-05,0,0,0.05169864,0.03860138,0.010040858,0,0.035636031
1909.25,0.27980006,0,0.00083584175,-0.00011104939,0,0,0.051620211,0.038683444,0.010036948,0,0.030766895
1909.3333,0.24254833,0,0.0011975986,0.6267603,0,0,0.051566847,0.038601138,0.010033418,0,0.026863369
1909.4167,0.10282175,3.7164215,0.0044870945,2.9083957,7.390383,0.23267854,0.048621979,0.037541464,0.01003027,56.919229,0.39642283
1909.5,0.26032102,6.5061366,0.0022357544,2.7533343,8.3366364,0.41416161,0.057668243,0.037511487,0.010027383,18.850615,4.9648017
1909.5833,0.76840166,8.2191024,0.00074300059,2.3998389,7.3265192,0.47273209,0.07366918,0.039661765,0.010076706,21.107777,5.8192003
1909.6667,1.1203121,10.308105,0.00047627767,1.6339648,5.0247629,0.32453597,0.092043653,0.041708145,0.010512111,19.685477,4.2064485
1909.75,1.2579088,3.320758,0.00030051597,0.37728314,0.6408164,0.048639865,0.10657303,0.042709969,0.011005033,4.4489079,1.2569034
1909.8333,1.2550583,0,0.00024898892,0.014821896,0,0,0.10791256,0.043684669,0.012112438,0,0.23738949
1909.9167,1.1530928,0,0.00026594001,-6.1822347e-08,0,0,0.1078506,0.044456545,0.013200184,0,0.43039688
1910,1.0285425,0,0.00028904606,-2.8875944e-10,0,0,0.10812844,0.044847261,0.014199913,0,0.14227981
1910.0833,0.90197526,0,0.00030781864,-7.9802709e-06,0,0,0.1081138,0.044885147,0.015054847,0,0.12825851
1910.1667,0.79258904,0,0.00033798613,-0.00010733049,0,0,0.10835819,0.04467373,0.015805084,0,0.11615227
1910.25,0.69059333,0,0.00038468814,-0.00037501727,0,0,0.10880329,0.044444889,0.016462998,0,0.1024052
1910.3333,0.60014066,0,0.0004724655,0.13259135,0,0,0.10892474,0.044501435,0.016954081,0,0.08751046
1910.4167,0.3572203,3.0874929,0.00089907396,2.6181119,5.1936996,0.21152502,0.10780367,0.044207569,0.017096587,69.129969,0.58970684
1910.5,0.18813135,7.3844013,0.0026876742,2.9799802,8.3127688,0.41452899,0.11241441,0.043356232,0.0165418,19.9329,3.0984225
1910.5833,0.57206803,8.6299786,0.00091332162,2.2064673,6.4645684,0.32349263,0.12658264,0.045888942,0.015910394,13.564248,4.984082
1910.6667,0.86855388,9.9691208,0.00062912522,1.7131833,5.1049667,0.28261128,0.14727989,0.047147874,0.015340851,13.551776,3.4078164
1910.75,0.99638524,4.8156916,0.00039708431,0.38878683,1.0634173,0.069533473,0.1760157,0.048011366,0.014827118,4.6110738,1.2156173
1910.8333,0.99263561,0,0.00024624378,0.010223085,0,0,0.180309,0.049009491,0.014365301,0,0.15673377
1910.9167,0.93797484,0,0.00024824523,0.00064444872,0,0,0.1805505,0.049935579,0.013948699,0,0.35211269
1911,0.82831853,0,0.00026754948,-2.6831939e-07,0,0,0.1822924,0.050649088,0.013566464,0,0.130134
1911.0833,0.72194525,0,0.00030855389,-1.5453312e-06,0,0,0.18286514,0.051108234,0.013237419,0,0.11302001
1911.1667,0.62970276,0,0.00034538322,-1.5278556e-05,0,0,0.1830824,0.051369473,0.012939734,0,0.098193747
1911.25,0.54683839,0,0.00038581088,-0.00010559571,0,0,0.18347521,0.051457871,0.012660965,0,0.085063115
1911.3333,0.47808109,0,0.00046712943,0.12477285,0,0,0.18451735,0.051378813,0.012409325,0,0.073956155
1911.4167,0.25329401,3.9649964,0.0011170934,2.353655,6.237958,0.21209118,0.18136011,0.05024438,0.012186865,66.233385,1.0978379
1911.5,0.33737021,6.9507882,0.0016233812,3.0274219,8.4465586,0.41427518,0.21400706,0.049472284,0.012035728,15.895359,4.3672696
1911.5833,0.71484194,8.2265623,0.00065007049,2.5754594,7.3129592,0.36826769,0.29983297,0.052463625,0.012254138,15.178944,4.2516403
1911.6667,0.98993932,9.3915053,0.00045102803,1.603801,4.691996,0.24393677,0.40161589,0.054897167,0.012604255,13.180654,3.3564703
1911.75,1.0863537,4.9622562,0.00037461426,0.62222117,1.0857698,0.055174638,0.49536493,0.05656616,0.012839142,4.4979278,1.3558169
1911.8333,1.0839519,0,0.00030308877,0.094885408,0,0,0.5076952,0.058265761,0.012850102,0,0.20046321
1911.9167,1.0177542,0,0.00017727155,0.00013087326,0,0,0.50921923,0.059845876,0.012853364,0,0.45409803
1912,0.91126334,0,0.0002136775,-5.2087299e-11,0,0,0.51719147,0.061153144,0.012856227,0,0.15566691
1912.0833,0.80233713,0,0.0002497138,-5.3898228e-06,0,0,0.52044183,0.062117536,0.012858538,0,0.13437596
1912.1667,0.70712483,0,0.00029503417,-7.2899877e-05,0,0,0.51919568,0.062827192,0.012860471,0,0.11854704
1912.25,0.62101608,0,0.00034167137,-6.535228e-05,0,0,0.51673234,0.063323751,0.012862124,0,0.10445155
1912.3333,0.5551849,0.73199335,0.00048906502,1.3649521,1.0356231,0.030992674,0.51241243,0.063572168,0.012859901,54.669291,0.78561596
1912.4167,0.30212931,6.2795281,0.0012570963,3.283789,9.0885858,0.38043813,0.39986297,0.061472241,0.012712902,22.485297,1.7917452
1912.5,0.57148002,8.3830198,0.00082549994,3.143901,8.4842502,0.44954935,0.25746158,0.061640181,0.012581311,13.728175,4.5904575
1912.5833,0.89393184,9.6912589,0.00053844822,2.4314032,6.7076855,0.35321047,0.24878101,0.063981742,0.012754779,15.130323,3.7453393
1912.6667,1.1889818,11.197496,0.00036649199,1.5575302,4.3114827,0.24461176,0.28225359,0.066113047,0.013039283,14.964761,3.9784395
1912.75,1.4484139,9.5910961,0.00025645603,0.7102343,1.8573555,0.11621119,0.32235718,0.067656778,0.013256317,9.0766054,3.0293283
1912.8333,1.4792002,0,0.00012957255,0.023321769,0,0,0.33483863,0.069488041,0.013425891,0,0.32522148
1912.9167,1.3352671,0,0.00011910506,0,0,0,0.3354722,0.071285598,0.013610972,0,0.56435132
1913,1.195378,0,0.00012912849,-6.525395e-07,0,0,0.33786276,0.072611876,0.013780747,0,0.18461799
1913.0833,1.054039,0,0.00015387541,-4.5375186e-07,0,0,0.33957398,0.073446728,0.013926793,0,0.16275188
1913.1667,0.93041552,0,0.00017776671,-9.0594357e-05,0,0,0.34281537,0.073903866,0.014058789,0,0.14381179
1913.25,0.81836031,0,0.00020956306,-4.0440126e-05,0,0,0.34587085,0.074035943,0.014182243,0,0.12661926
1913.3333,0.7373867,0,0.00029147329,1.434399,0,0,0.34796014,0.073869035,0.014293519,0,0.11161054
1913.4167,0.46651671,6.3444576,0.00081307749,3.6837163,9.3585529,0.37881703,0.34810272,0.072637148,0.01416974,81.450242,2.5370465
1913.5,0.58858283,8.1697628,0.00081545708,3.2672251,8.5911176,0.43917529,0.35915819,0.072776899,0.013841382,11.535764,3.9597103
1913.5833,0.83508104,9.4567165,0.00034561404,2.5688792,6.8993565,0.35581866,0.39345545,0.074822739,0.013721776,10.603311,2.8278134
1913.6667,1.0083254,9.8570855,0.00022522861,1.5838878,4.3428479,0.21719146,0.44429901,0.07680662,0.013798029,8.5432441,2.6258437
1913.75,1.1776029,5.3019337,0.0002105551,0.60023337,1.2847678,0.068526102,0.49249086,0.0782919,0.014085324,4.2545506,1.6997514
1913.8333,1.2007543,0,0.00017427831,0.016273825,0,0,0.50126791,0.080680601,0.014581736,0,0.26581458
1913.9167,1.1981752,0,0.00016710338,0.00053027095,0,0,0.50175929,0.083029352,0.015090831,0,0.71941183
1914,1.1507482,0,0.00016839584,-1.5920402e-09,0,0,0.50402558,0.085117124,0.015607262,0,0.25500165
1914.0833,1.0194198,0,0.0001821185,-0.00019973563,0,0,0.50648338,0.086745121,0.01607506,0,0.22547594
1914.1667,0.90404169,0,0.00019488711,-8.4039828e-05,0,0,0.50858492,0.088025689,0.016498532,0,0.19958219
1914.25,0.79900003,0,0.00022337328,-7.8505679e-05,0,0,0.51229012,0.08902555,0.016895281,0,0.17603104
1914.3333,0.7125354,0,0.00027078722,0.17168448,0,0,0.52036685,0.089721426,0.017253516,0,0.15673046
1914.4167,0.57074602,5.4567256,0.00035024487,1.5047196,3.0996946,0.12659838,0.50402004,0.088943854,0.017316064,74.959865,2.2564705
1914.5,0.55287604,7.5500421,0.00083213154,3.3077996,8.2690014,0.39476907,0.46749678,0.086369649,0.016811941,10.78487,3.3759551
1914.5833,0.81311894,8.223258,0.00061504112,2.6036221,6.5771126,0.35993066,0.48442906,0.086721703,0.016332835,11.449196,3.3041919
1914.6667,1.0600579,9.2327138,0.00042061249,1.6459099,4.1228389,0.23865625,0.52837914,0.088542528,0.01652633,11.359723,3.3017445
1914.75,1.2798378,6.9203493,0.00026930278,0.63156951,1.0443439,0.090730262,0.57127607,0.09027002,0.017112805,7.1423101,2.6236031
1914.8333,1.3167165,0,0.00014383956,0.0046115426,0,0,0.5770061,0.09189257,0.01842431,0,0.29100905
1914.9167,1.2266854,0,0.00014782317,0.0050106017,0,0,0.57617188,0.093414448,0.019818621,0,0.70159899
1915,1.2099841,0,0.0001460635,-7.5803255e-08,0,0,0.5788995,0.094731674,0.021238063,0,0.26517206
1915.0833,1.0744508,0,0.00015737918,0,0,0,0.58062494,0.095757239,0.022584189,0,0.23481078
1915.1667,0.95131993,0,0.00017414962,-3.6378915e-06,0,0,0.58176577,0.09653087,0.023803096,0,0.20839051
1915.25,0.83928474,0,0.00020216909,-5.3176508e-06,0,0,0.58547503,0.097092405,0.024945037,0,0.18324144
1915.3333,0.75365149,0,0.00024463463,0.32488248,0,0,0.58709252,0.09743014,0.025975844,0,0.16445501
1915.4167,0.47801886,5.1179668,0.00037403285,1.5578662,3.0553679,0.13242618,0.544267,0.095289573,0.026230425,69.098199,1.6485656
1915.5,0.41981187,7.3617026,0.0010984063,3.3827852,8.3593922,0.39349129,0.46710792,0.091210172,0.025261732,13.429631,3.511009
1915.5833,0.70406956,7.8834342,0.00073294569,2.6741437,6.4963185,0.36691537,0.48923895,0.091399655,0.024148496,10.835969,3.1431522
1915.6667,0.89773891,8.5197678,0.00051270396,1.7450682,4.5184283,0.26540085,0.5386433,0.092924349,0.022838423,10.316805,2.5928484
1915.75,1.0635584,4.4656298,0.00032387098,0.52218652,1.160409,0.074491114,0.61910003,0.095031328,0.022415278,4.743269,1.5316709
1915.8333,1.0854609,0,0.00018194719,0.0035695474,0,0,0.63352007,0.09720023,0.023273673,0,0.23982923
1915.9167,1.0833386,0,0.00018715141,1.5406692e-19,0,0,0.6340332,0.099174783,0.024172828,0,0.60812993
1916,1.1103813,0,0.0001834126,0.0064543441,0,0,0.63770533,0.10095498,0.025042331,0,0.24523809
1916.0833,1.1024126,0,0.00018790827,0.00055829909,0,0,0.64045483,0.10245135,0.025820026,0,0.24306751
1916.1667,0.99632028,0,0.00020437912,-2.9824706e-05,0,0,0.64028496,0.10373385,0.026519742,0,0.21927776
1916.25,0.86544827,0,0.00023787757,-4.9557226e-05,0,0,0.64407361,0.10478081,0.027101496,0,0.1899196
1916.3333,0.75021276,0,0.00028090031,-6.1631754e-05,0,0,0.64711773,0.10556541,0.027255123,0,0.16427797
1916.4167,0.60450321,3.0440814,0.00033942374,0.24826216,0.3595188,0.0052252324,0.6259833,0.10530911,0.026760386,66.850219,1.493142
1916.5,0.20284214,6.6026794,0.0009011341,1.4729552,2.8343969,0.1457966,0.45406625,0.098861046,0.025720911,10.956734,0.28748947
1916.5833,0.30071428,8.7734275,0.0016837399,2.5114012,6.0820012,0.36424924,0.36042172,0.093330562,0.024633087,14.273301,4.1597894
1916.6667,0.64259057,10.329054,0.00086161849,1.6156059,3.9726633,0.25767657,0.36528051,0.093207404,0.02336479,11.437799,3.5308893
1916.75,0.84645901,11.174143,0.00058989151,0.6869284,1.7857067,0.11736398,0.3992981,0.093844108,0.022082919,9.1215451,2.1779887
1916.8333,0.89373591,0,0.00038357146,0.10778102,0.040765553,0.0020930441,0.4267064,0.094853774,0.020924266,0,0.20298133
1916.9167,0.82205137,0,0.0001717939,0,0,0,0.42934436,0.096367583,0.019881571,0,0.29319579
1917,0.7194216,0,0.00016737748,-1.8494274e-06,0,0,0.43495244,0.097445115,0.018924886,0,0.11113505
1917.0833,0.62321004,0,0.00022134192,-3.6464595e-06,0,0,0.43614897,0.09805169,0.018101322,0,0.093090004
1917.1667,0.54017216,0,0.00027328663,-4.3247816e-05,0,0,0.43818584,0.098297775,0.017356241,0,0.080729307
1917.25,0.46600992,0,0.00032088417,-4.4278865e-05,0,0,0.44265926,0.09820687,0.016658502,0,0.069678948
1917.3333,0.40911231,0,0.00043090081,0.63081233,0,0,0.44378638,0.097801909,0.016028658,0,0.061173064
1917.4167,0.17842387,5.5091269,0.0019829678,3.3410391,7.2254907,0.31874796,0.37183639,0.094473816,0.015460798,76.172422,1.2022183
1917.5,0.41411622,8.1391232,0.001383089,3.4908362,8.0514511,0.47074283,0.2422218,0.091458611,0.014973752,16.600298,4.986953
1917.5833,0.7856813,9.6703395,0.00077988079,2.607332,6.1887201,0.32024275,0.21131775,0.092204466,0.014936906,17.771535,3.8588613
1917.6667,1.0584737,10.990045,0.00050699653,1.8559024,4.4722135,0.22528393,0.24044466,0.093177401,0.015062033,15.586846,3.5562819
1917.75,1.180446,9.4779152,0.00039907079,0.73190913,1.7142368,0.089906348,0.2907756,0.093677752,0.014913956,8.6527038,2.4484502
1917.8333,1.1231941,0,0.00015283858,0.0016680042,0,0,0.31054533,0.094063245,0.014676023,0,0.22710025
1917.9167,0.99022593,0,0.00014372282,0,0,0,0.31241894,0.094054431,0.014538501,0,0.3850941
1918,0.88691548,0,0.00047411505,-5.0283254e-09,0,0,0.31482741,0.093457416,0.014412029,0,0.14659601
1918.0833,0.78492588,0,0.00025806727,-2.548065e-07,0,0,0.31889969,0.09243498,0.014302891,0,0.12979832
1918.1667,0.69546129,0,0.00028671348,-3.0666594e-06,0,0,0.32289419,0.091040067,0.014203887,0,0.11539766
1918.25,0.61413128,0,0.00033841969,-4.8515156e-05,0,0,0.32727697,0.089289077,0.0141109,0,0.10225671
1918.3333,0.54287497,0,0.00041911079,-0.00015134763,0,0,0.32805011,0.087283328,0.014026676,0,0.0906738
1918.4167,0.27260094,2.8469386,0.00080255204,0.16707694,0.24014855,0.0078673975,0.3033956,0.084057823,0.01388853,47.173696,0.27517293
1918.5,0.07527764,5.3061438,0.0044306298,2.1006013,4.5322959,0.14659796,0.20124382,0.077545919,0.013569398,13.580946,0.28954492
1918.5833,0.19428927,7.1727172,0.0031523469,2.820049,6.1880227,0.25039893,0.14574884,0.074712411,0.013250097,13.176807,2.4341084
1918.6667,0.46828968,8.7994849,0.0012368248,1.8204556,4.0820658,0.20393646,0.16786556,0.075429834,0.012939681,12.218999,3.3445329
1918.75,0.65569009,6.463184,0.0006777466,0.68133953,1.4053497,0.087991269,0.21661745,0.076295272,0.01269506,6.0728547,1.2825644
1918.8333,0.6122723,0,0.00030552395,-1.9337608e-08,0,0,0.22854421,0.076371111,0.012551099,0,0.098280047
1918.9167,0.52720302,0,0.00037648235,-6.2886241e-08,0,0,0.23171039,0.075649075,0.01241504,0,0.11067061
1919,0.45601415,0,0.00039641213,-3.9139089e-10,0,0,0.23388769,0.074335434,0.012263349,0,0.046551433
1919.0833,0.39340244,0,0.00044511576,-2.6287747e-07,0,0,0.23495132,0.072714366,0.012098364,0,0.040571939
1919.1667,0.33923559,0,0.00053018361,-5.7032229e-05,0,0,0.23689888,0.070899442,0.011909816,0,0.035344501
1919.25,0.29108045,0,0.00063806318,-5.775296e-05,0,0,0.23764123,0.068866447,0.011727494,0,0.030335783
1919.3333,0.2561787,0,0.0009262673,1.2650789,0,0,0.23781709,0.06672436,0.011562915,0,0.026130849
1919.4167,0.10876224,4.2129504,0.0040522744,3.6023086,6.7862229,0.22979052,0.20070514,0.063641332,0.011415668,59.268071,0.63034893
1919.5,0.22998534,6.6705467,0.0027688842,3.7287533,7.6447463,0.32189854,0.16577567,0.062538937,0.011323706,13.382406,3.1444683
1919.5833,0.50143077,8.3547691,0.0012521327,2.6317195,5.4249879,0.26475739,0.19603859,0.064567424,0.011255113,11.369347,2.692558
1919.6667,0.68169774,9.5396033,0.00085243845,1.8266166,3.8170684,0.22035647,0.26486173,0.066253565,0.011169146,10.757849,2.4643371
1919.75,0.84571465,9.5498329,0.00059861538,0.67533443,1.4247512,0.066368504,0.35959995,0.067340709,0.011059395,7.3493754,2.079775
1919.8333,0.8739864,0.30885229,0.00053847703,0.009907499,0.02564564,0.00024569974,0.41822317,0.068260588,0.010957891,0.11579043,0.18958383
1919.9167,0.86649612,0,0.00046696956,0.00072258639,0,0,0.42292762,0.069602028,0.010866629,0,0.30850446
1920,0.87270257,0,0.00072121323,0.011722806,0,0,0.42796433,0.07081195,0.010782875,0,0.11705181
1920.0833,0.86404005,0,0.00038246252,0.0097415038,0,0,0.43238473,0.071833335,0.010710755,0,0.11644056
1920.1667,0.85554476,0,0.00037216974,0.033525319,0,0,0.43899196,0.072737537,0.010645486,0,0.11616391
1920.25,0.84695371,0,0.00035080835,0.060063602,0,0,0.44350553,0.073564284,0.010584347,0,0.11588629
1920.3333,0.83859602,0,0.00034507483,0.28245506,0,0,0.44628149,0.074290179,0.010529148,0,0.11562625
1920.4167,0.69555698,2.8950814,0.00040603519,1.309922,0.87843169,0.016666817,0.43566245,0.074384607,0.010479164,82.397484,1.3732081
1920.5,0.13459368,7.5726896,0.0016159575,1.8870019,2.3364743,0.16153009,0.3105149,0.069410875,0.0104332,18.442552,0.098474685
1920.5833,0.29099436,10.25316,0.0016421032,2.7755062,5.6096947,0.55573994,0.16445486,0.064294182,0.010400771,25.694563,4.9421818
1920.6667,0.71966107,12.299322,0.00081704056,1.8649519,3.8969149,0.37388331,0.16868585,0.064468019,0.010953577,20.697121,4.5094051
1920.75,1.0160115,6.5962928,0.00046006049,0.53557115,0.80454583,0.10211984,0.18696141,0.066830024,0.012032572,7.5761349,2.5063467
1920.8333,1.0494336,0,0.00035658188,0.023412352,0,0,0.1889537,0.069943435,0.012896883,0,0.20350832
1920.9167,1.0428476,0,0.00033462857,0.00039434258,0,0,0.19243874,0.072903819,0.01367691,0,0.4737824
1921,0.97847939,0,0.00031857903,-1.6529064e-11,0,0,0.19793893,0.075385571,0.01439674,0,0.18468546
1921.0833,0.86505536,0,0.00035137002,0,0,0,0.19916524,0.077057011,0.015018471,0,0.14640087
1921.1667,0.76428481,0,0.00038968158,-4.5707409e-06,0,0,0.20021327,0.078074753,0.015571387,0,0.13436211
1921.25,0.67059178,0,0.00043940352,-0.00024170996,0,0,0.20113558,0.078483753,0.016063781,0,0.11908936
1921.3333,0.58648805,0,0.00051140739,0.017608589,0,0,0.2020894,0.078273602,0.016461128,0,0.10220237
1921.4167,0.25660754,4.1080993,0.0010389212,1.4418352,1.561255,0.098054377,0.16232036,0.076116666,0.016548529,79.201302,0.17565492
1921.5,0.13988702,9.0322746,0.0052361982,3.6116802,7.2350327,0.48905213,0.043896928,0.0707893,0.016018445,32.694203,2.1910891
1921.5833,0.66539203,12.096234,0.0014568779,3.2844818,6.45057,0.45268458,0.046032224,0.070744716,0.015450509,29.744414,8.4705434
1921.6667,0.86389499,13.700906,0.00097376877,2.0096221,4.0848281,0.28106928,0.068531759,0.072427623,0.014985788,19.364852,2.9711219
1921.75,0.56863797,8.0640856,0.0010098439,0.5975293,0.91961631,0.0809131,0.087114334,0.072633199,0.014515823,5.9199442,0.77738228
1921.8333,0.51578123,0,0.0007499847,0.2008626,0,0,0.091684274,0.071945436,0.014081388,0,0.095068387
1921.9167,0.51236595,0,0.00058670423,0.00050384151,0,0,0.092682533,0.070965432,0.013689423,0,0.12212332
1922,0.50809974,0,0.0011933201,0.0039708301,0,0,0.093397446,0.069423541,0.013329732,0,0.0075444888
1922.0833,0.4983588,0,0.0007393955,0.01341462,0,0,0.093211539,0.067926593,0.013020092,0,0.0064543075
1922.1667,0.48876525,0,0.00074240763,0.044961246,0,0,0.094077334,0.066460833,0.012739964,0,0.0056266111
1922.25,0.47902571,0,0.00075128849,0.071516524,0,0,0.094304428,0.06498035,0.012477639,0,0.0056258597
1922.3333,0.46949138,0,0.00077555643,0.23756468,0,0,0.094451383,0.063538402,0.012240845,0,0.0056213341
1922.4167,0.37434688,2.9341243,0.00093482807,0.8852988,0.39143685,0.0093481339,0.082852371,0.061885741,0.012026938,96.713237,0.34678334
1922.5,0.14957992,9.0638967,0.0024243584,1.2628534,1.2525977,0.083191729,0.015782347,0.057641219,0.01183487,17.357315,0.0020281516
1922.5833,0.15152642,11.60323,0.0038557088,2.485099,4.8985091,0.35994336,0.011266071,0.053026356,0.011655689,33.545239,0.14284417
1922.6667,0.18902404,13.659013,0.0046442719,1.9532441,3.8948783,0.32406057,0.015509767,0.050264642,0.01149616,22.815453,0.93415445
1922.75,0.21702642,11.560161,0.0030031113,0.71362162,1.1544416,0.12615329,0.023036078,0.048910666,0.011351906,8.4653135,0.55521822
1922.8333,0.19205939,0,0.0013876602,0.0011532831,0,0,0.023914406,0.046055742,0.011221847,0,0.022845794
1922.9167,0.16977511,0,0.001666878,-8.0708996e-12,0,0,0.024031349,0.04320123,0.011104585,0,0.01715244
1923,0.14734107,0,0.0015774773,-3.811047e-09,0,0,0.024200384,0.04052401,0.010996852,0,0.0042208749
1923.0833,0.12996192,0,0.0017991738,-1.8364977e-06,0,0,0.024462212,0.038174085,0.010903986,0,0.0019763702
1923.1667,0.11468166,0,0.0019857874,-6.1037468e-06,0,0,0.024701588,0.036007944,0.010819972,0,0.0013834566
1923.25,0.10079915,0,0.0022658829,-0.00011855426,0,0,0.024929598,0.033942129,0.010741296,0,0.00083397274
1923.3333,0.088672685,0,0.002707178,-0.00010582532,0,0,0.025139509,0.032042313,0.010670278,0,0.00068273975
1923.4167,0.081075363,3.9222627,0.0036476532,1.0772016,1.6125216,0.058985847,0.014321952,0.030192437,0.010607083,65.059153,0.082899312
1923.5,0.13113853,7.7287708,0.0066035911,4.0685605,7.7509673,0.37466041,0.012875009,0.029071892,0.010561532,27.5604,2.2543973
1923.5833,0.59809524,10.594993,0.0017192455,3.0614198,5.7697254,0.39836113,0.037802994,0.031649344,0.010512708,27.644642,6.9936706
1923.6667,0.85238984,13.259921,0.0010231858,2.0538817,3.9478368,0.35139314,0.055627614,0.033312365,0.010463405,23.212197,2.9603923
1923.75,0.4935888,15.256911,0.0012552058,1.021912,1.9357842,0.18156055,0.060672857,0.034695569,0.010453106,12.369107,0.83199197
1923.8333,0.19435976,3.7139389,0.0014295543,0.045861783,0.092027921,0.0048727942,0.06869442,0.035419501,0.010585911,0.48251319,0.038716115
1923.9167,0.16978261,0,0.00085845392,-4.79305e-09,0,0,0.069372885,0.035283685,0.0107188,0,0.018066286
1924,0.14912202,0,0.0047731488,-1.0575466e-06,0,0,0.068880886,0.03524714,0.010714656,0,0.0097005925
1924.0833,0.13096914,0,0.0017091278,-1.0569682e-08,0,0,0.069354981,0.035165887,0.010649007,0,0.0086281057
1924.1667,0.11516798,0,0.0017804914,-0.00011265332,0,0,0.069804795,0.034950748,0.010588616,0,0.0076986381
1924.25,0.10091649,0,0.0019454383,-0.0002450549,0,0,0.070212916,0.03461241,0.010532063,0,0.0068494071
1924.3333,0.088591398,0,0.0024292246,0.022396232,0,0,0.070581242,0.034174792,0.010481014,0,0.0060969681
1924.4167,0.083534338,4.7368524,0.006262809,3.62022,5.076051,0.26231469,0.056973852,0.033195093,0.010435134,83.091786,0.21622994
1924.5,0.32304844,9.0165092,0.0025624386,3.8106407,6.9005229,0.42965598,0.046210997,0.032601409,0.0104328,27.320931,5.7988478
1924.5833,0.63806941,12.116835,0.001371418,3.1599314,5.6817504,0.37852385,0.060375191,0.033948518,0.010455557,25.699388,3.7995921
1924.6667,0.55385096,14.805279,0.0014139382,2.0528292,3.755799,0.29031408,0.082577795,0.034526862,0.010413884,19.675285,2.0672488
1924.75,0.47459031,4.6958174,0.0012688458,0.27474026,0.42539468,0.040602886,0.10335712,0.034653131,0.010374033,3.1295284,0.34790846
1924.8333,0.46255134,0,0.0010270561,0.091771729,0,0,0.10499081,0.034668934,0.010338109,0,0.025361156
1924.9167,0.45488402,0,0.00084813527,0.013322123,0,0,0.10606443,0.034650564,0.010305688,0,0.052601461
1925,0.44760678,0,0.00074873271,0.00013288048,0,0,0.10685422,0.034595389,0.010275941,0,0.01976929
1925.0833,0.40258354,0,0.00068096578,-6.0447163e-06,0,0,0.10695063,0.034448624,0.010250334,0,0.016357393
1925.1667,0.348164,0,0.00078861276,-0.00017961953,0,0,0.10697992,0.03409896,0.010227168,0,0.012600936
1925.25,0.29974271,0,0.00092792226,-8.7949086e-05,0,0,0.10696268,0.033567715,0.010205474,0,0.010685395
1925.3333,0.26348466,0.19685763,0.00112823,0.51377804,0,0,0.10681947,0.03291015,0.010185891,71.529145,0.21534946
1925.4167,0.14652434,8.9467429,0.0038684276,4.6948157,8.392693,0.52835197,0.061780345,0.03158259,0.010168097,50.457387,1.4631459
1925.5,0.66268275,12.818138,0.0013051443,4.0712076,6.9938371,0.5950303,0.054668609,0.032424342,0.010190408,33.855981,9.9291483
1925.5833,1.0505915,16.01132,0.00077640795,3.5123224,6.0415029,0.54067431,0.06847176,0.03409835,0.010231448,34.605676,5.9394612
1925.6667,1.086437,16.907381,0.00069963146,2.0091803,3.625457,0.36676469,0.082571007,0.034908593,0.010210779,23.019339,4.0441478
1925.75,1.114823,17.090283,0.00062745146,1.0923791,2.0585109,0.22208501,0.10180847,0.035659619,0.010275504,17.181941,3.6230505
1925.8333,1.195231,5.8515873,0.00035056591,0.11022095,0.17872466,0.022415851,0.11921512,0.03597448,0.010635749,3.7306001,1.2845467
1925.9167,1.1916476,0,0.00025627084,0.0011196488,0,0,0.12131514,0.034976993,0.01116263,0,0.44465371
1926,1.2002815,0,0.00026267601,0.00043511825,0,0,0.12263197,0.033996671,0.01166488,0,0.1351494
1926.0833,1.1339646,0,0.00027072383,0.0004787002,0,0,0.12291189,0.033136968,0.012096742,0,0.13263485
1926.1667,0.98875037,0,0.00029659912,-0.0001345914,0,0,0.12225404,0.032354403,0.012455248,0,0.14012999
1926.25,0.85378363,0,0.00035016079,-0.00017079893,0,0,0.12106758,0.031710722,0.012636236,0,0.12039271
1926.3333,0.77389053,0,0.0004226733,0.62228966,0,0,0.12176859,0.031251814,0.012508658,0,0.10203218
1926.4167,0.55455026,5.5496925,0.00090084906,4.3236678,5.0823798,0.41436803,0.11188734,0.030731399,0.012285625,134.67604,1.0700272
1926.5,0.45577064,13.073836,0.0013484296,4.5578517,7.7633154,0.73087653,0.094539374,0.031042004,0.012092637,30.224758,7.255619
1926.5833,1.0379072,14.887008,0.00050205796,3.3253037,5.8367121,0.54126558,0.10781696,0.033681381,0.011890558,18.501514,5.6959992
1926.6667,1.367201,16.596379,0.00038896699,2.2418009,4.1599638,0.37994685,0.12563407,0.037037112,0.011763647,18.121213,4.2849244
1926.75,1.5578043,11.558603,0.00028640393,1.0087017,1.5889217,0.14828484,0.1479813,0.04290973,0.012148679,10.193472,2.6807432
1926.8333,1.5807649,0,0.00018358041,0.11711709,0,0,0.15426368,0.048111118,0.013007033,0,0.30314705
1926.9167,1.5436626,0,0.00017335801,0.00079871387,0,0,0.15399969,0.052621182,0.013855953,0,0.69079013
1927,1.5582187,0,0.00018958544,0.013567445,0,0,0.15540035,0.056571029,0.014635775,0,0.27227492
1927.0833,1.465553,0,0.00020960595,3.8309218e-05,0,0,0.15782593,0.059824366,0.015308777,0,0.25880299
1927.1667,1.2885312,0,0.00023243397,-0.00012392445,0,0,0.15894826,0.062583447,0.01579269,0,0.2258091
1927.25,1.1251295,0,0.00025845907,-0.0001025694,0,0,0.15953016,0.064968042,0.015906714,0,0.19452147
1927.3333,0.98230503,0,0.00030228926,0.068794481,0,0,0.15971905,0.066749692,0.015532474,0,0.16703038
1927.4167,0.69413189,7.3753577,0.00050401111,2.6539581,3.8894323,0.28030897,0.15584062,0.067782886,0.015055828,137.50308,2.8519822
1927.5,0.61567925,13.27732,0.00089915976,4.2406539,7.332635,0.5830209,0.13965069,0.067451209,0.014694583,25.955383,5.2111264
1927.5833,1.0220008,15.205756,0.00053177512,3.40395,5.967444,0.47814028,0.14313954,0.068839073,0.014249823,17.733762,5.1662117
1927.6667,1.1800646,16.783029,0.00039846436,2.1634167,3.8336875,0.32996212,0.16073214,0.069919124,0.013840378,19.195851,3.6858075
1927.75,1.1951959,1.13888,0.00033493331,0.36706992,0.25176081,0.022932894,0.17299616,0.071068823,0.013470522,1.2348404,0.49775364
1927.8333,1.191262,0,0.00026247316,0.010405446,0,0,0.17116052,0.073017903,0.013136582,0,0.24937703
1927.9167,1.1870461,0,0.00022117297,6.7154316e-05,0,0,0.17159368,0.074729674,0.012835109,0,0.55500596
1928,1.1911289,0,0.0002387649,0.014984347,0,0,0.17668237,0.076253407,0.01255858,0,0.25157526
1928.0833,1.1866877,0,0.00025506972,0.10084391,0,0,0.18239985,0.077543505,0.012320601,0,0.24899337
1928.1667,1.182288,0,0.00025421911,0.017541103,0,0,0.18313009,0.078694694,0.01210531,0,0.24743088
1928.25,1.1369477,0,0.00025027336,0.0091242891,0,0,0.18381584,0.079749517,0.011903703,0,0.23683179
1928.3333,1.045309,0,0.00028079943,0.94829598,0,0,0.1840314,0.080618344,0.011721718,0,0.21758534
1928.4167,0.89312083,9.8508615,0.00041751307,4.0417627,5.8169596,0.58168431,0.17208552,0.079896376,0.011561413,180.70191,4.4350256
1928.5,1.063674,15.93269,0.00051121856,4.3034543,7.6187528,0.87157325,0.16654108,0.077103853,0.011448755,27.004931,7.2277927
1928.5833,1.5633965,17.572451,0.00034164588,3.0529712,5.3071444,0.65249532,0.18062893,0.078578345,0.011342609,21.88335,5.6624398
1928.6667,1.8151343,18.83762,0.00027252,2.2224074,4.0769336,0.4956772,0.20325948,0.080120265,0.011238964,21.128341,5.0018453
1928.75,1.9191767,13.652487,0.00019994142,0.71668104,0.87953788,0.16053124,0.23035391,0.082162611,0.011504619,11.341303,3.0838811
1928.8333,1.9694073,0,0.00013270325,0.063399382,0,0,0.23814036,0.084479704,0.012371097,0,0.42311789
1928.9167,1.9633458,0,0.0001341091,8.2516344e-05,0,0,0.23895286,0.085504822,0.013222755,0,0.85164321
1929,1.9909793,0,0.00013381564,0.047395783,0,0,0.2397489,0.086249538,0.014148046,0,0.41482125
1929.0833,1.9834675,0,0.00013773046,0.11126139,0,0,0.24211574,0.086797155,0.014903835,0,0.41349922
1929.1667,1.9758483,0,0.00013849318,0.056389722,0,0,0.2447457,0.087252423,0.015579887,0,0.40797118
1929.25,1.9679021,0,0.00014743536,0.21750628,0,0,0.25060233,0.087638251,0.016213246,0,0.40708863
1929.3333,1.960041,0,0.00015430279,0.81217327,0,0,0.25191689,0.087945186,0.016785242,0,0.40599399
1929.4167,1.6304113,16.108496,0.00018419753,2.8243908,4.2426322,0.64637258,0.23774195,0.086996771,0.016972193,248.25831,7.012076
1929.5,1.6973219,21.050125,0.00030816998,4.3507225,7.7300281,1.1879889,0.21896657,0.083846055,0.016513081,30.159979,8.2379824
1929.5833,2.1114596,22.004312,0.00025527913,2.7393313,4.9757091,0.7680316,0.22951472,0.084731005,0.015922721,18.32523,6.2654842
1929.6667,2.4134,22.845073,0.00022054942,2.1186195,3.9691941,0.58366113,0.26410413,0.087183066,0.015918681,16.98214,5.0587188
1929.75,2.6590957,11.316142,0.00014296417,0.76488079,1.1124106,0.18407505,0.30497772,0.089976825,0.016724478,7.0733063,2.673562
1929.8333,2.6846244,0,8.057549e-05,0.015422987,0,0,0.31066751,0.09244597,0.018248731,0,0.5965641
1929.9167,2.6767221,0,8.2555482e-05,0.00097858649,0,0,0.31137174,0.094574116,0.019787204,0,1.2269549
1930,2.6216703,0,8.7414453e-05,0.01403353,0,0,0.3111563,0.09615498,0.021201869,0,0.57401321
1930.0833,2.498643,0,9.3026778e-05,0.00053274544,0,0,0.31364468,0.097121097,0.022409976,0,0.55059084
1930.1667,2.1902516,0,0.00011089879,-4.0364886e-05,0,0,0.32106674,0.09755867,0.023178095,0,0.48418988
1930.25,1.9061433,0,0.00013056061,-0.00014448861,0,0,0.3284871,0.097781762,0.022860989,0,0.4208676
1930.3333,1.6705468,0,0.00015224551,0.17132544,0,0,0.33258837,0.09799093,0.021681815,0,0.36531659
1930.4167,1.5066371,8.7753767,0.00017181503,1.2518367,0.97294727,0.19280667,0.32025728,0.09787681,0.02063022,180.74311,5.468869
1930.5,1.1583323,17.189801,0.00035387609,3.5913086,6.6098984,0.80562846,0.27746937,0.096032113,0.02029743,26.107479,4.8478718
1930.5833,1.274474,19.535063,0.00045897879,3.1804988,5.7086028,0.75452361,0.2557998,0.095635146,0.020222194,16.240693,4.4594041
1930.6667,1.3936898,20.739716,0.00039223861,2.0058048,3.7159223,0.4806677,0.27551794,0.096443608,0.019708373,14.003922,2.9865519
1930.75,1.4977396,18.576037,0.00032258598,0.69462782,1.2328099,0.17071435,0.31531185,0.097496338,0.018891053,10.259543,2.4793343
1930.8333,1.5315354,0,0.00026295666,0.00026287892,0,0,0.33398575,0.098072819,0.018067256,0,0.32051967
1930.9167,1.526,0,0.00020384669,0.022677597,0,0,0.33510306,0.098490365,0.017320851,0,0.55494819
1931,1.5382842,0,0.00018771192,0.019917912,0,0,0.33846411,0.098799102,0.016636025,0,0.30717534
1931.0833,1.5306299,0,0.00017103569,0.012156212,0,0,0.34297097,0.098997489,0.016046502,0,0.30525887
1931.1667,1.4047199,0,0.00016953793,-7.364867e-07,0,0,0.34303918,0.099000089,0.015513186,0,0.27966459
1931.25,1.2168937,0,0.00019149738,-3.7750898e-05,0,0,0.34314096,0.098499805,0.015013816,0,0.2439288
1931.3333,1.1277853,0,0.00022358216,0.74941528,0,0,0.34294438,0.097573504,0.014563091,0,0.22481651
1931.4167,1.0553029,7.8989826,0.00030757231,3.1650492,4.4904727,0.50695824,0.33191556,0.095763087,0.014155804,189.91247,4.9435788
1931.5,1.2765166,17.479494,0.00045102258,3.7390068,6.7957158,0.91487225,0.28995588,0.090692878,0.013831208,22.515045,6.8655578
1931.5833,1.6849841,18.840626,0.00035524499,2.9796585,5.5607232,0.75861079,0.2821261,0.090447724,0.013565184,15.192385,4.5296898
1931.6667,1.9204124,19.146672,0.0002829057,2.0307582,3.9741971,0.53167229,0.29445818,0.092004277,0.013365733,13.980811,3.633649
1931.75,2.0742668,8.7039424,0.00022916909,0.63408347,0.76668591,0.11538561,0.31161562,0.093737759,0.013179312,5.0015967,1.9064435
1931.8333,2.085122,0,0.00020112087,0.027994798,0,0,0.31569725,0.095932297,0.012960978,0,0.46477053
1931.9167,2.0794324,0,0.00018667587,9.978627e-05,0,0,0.31641731,0.097976387,0.012742883,0,0.75142762
1932,2.0953263,0,0.00017514899,0.00043597504,0,0,0.31585154,0.099833071,0.012519705,0,0.46074164
1932.0833,2.0890469,0,0.00015910846,0.0063060617,0,0,0.31564367,0.10141346,0.012314267,0,0.45939029
1932.1667,2.0829625,0,0.00014886515,0.089431355,0,0,0.31548056,0.10282148,0.012126026,0,0.45845951
1932.25,2.0766889,0,0.00014378449,0.40491422,0,0,0.31587452,0.10412326,0.011947699,0,0.45732805
1932.3333,2.0705441,0,0.00014691034,0.81284895,0,0,0.31690642,0.10528174,0.011785009,0,0.45631254
1932.4167,1.938693,12.959975,0.00015507215,1.8937098,1.5325122,0.38612139,0.28517142,0.1045955,0.011632665,223.92436,4.9405774
1932.5,1.7077253,19.618904,0.00022275664,3.203029,5.5155155,1.0541322,0.18546014,0.097637132,0.011481992,28.967353,5.8579831
1932.5833,1.9565357,21.108214,0.00032125707,2.7444132,5.2623107,0.93245775,0.18662906,0.095002033,0.012968644,22.078398,6.8100353
1932.6667,2.2425505,22.258205,0.00025822141,1.9288015,3.7829841,0.61549826,0.23494036,0.096234158,0.016124036,18.562477,5.3160438
1932.75,2.5265194,15.684342,0.00020466906,0.82550338,1.5256372,0.22385237,0.2958338,0.097270936,0.018233636,10.696988,3.7334934
1932.8333,2.5840967,0,0.00012964051,0.031750079,0,0,0.31524137,0.098050557,0.021917576,0,0.55212343
1932.9167,2.4798403,0,0.00011549222,0.0017447552,0,0,0.32320341,0.098550767,0.026738448,0,0.95634144
1933,2.3249977,0,0.00012393568,-5.1614415e-11,0,0,0.32922384,0.098734245,0.031209487,0,0.49322992
1933.0833,2.0507348,0,0.00013790769,-1.2002045e-07,0,0,0.33245778,0.098442964,0.035057399,0,0.43361243
1933.1667,1.8082532,0,0.00016036362,-0.00010957068,0,0,0.33285341,0.09768296,0.038536217,0,0.38243942
1933.25,1.5868623,0,0.0002003954,-0.00038694371,0,0,0.34475264,0.096561,0.041784965,0,0.33476821
1933.3333,1.4032171,0,0.00024316488,0.2213374,0,0,0.34896481,0.095260821,0.044694509,0,0.29626941
1933.4167,1.0744742,7.20406,0.00032797581,2.4126326,3.6939845,0.35726802,0.32109973,0.093328357,0.046610482,159.85892,2.542511
1933.5,0.42774764,15.116974,0.0012460065,4.0300914,7.4291476,0.82460139,0.14508203,0.090689972,0.045141354,19.964506,3.9759843
1933.5833,0.75945724,16.687527,0.00074686593,3.0420237,5.674098,0.64236441,0.10976751,0.091711551,0.042649563,13.419341,3.7856481
1933.6667,0.94776571,18.035796,0.00052844005,1.8802663,3.5513836,0.41420381,0.16291204,0.093113109,0.039594676,11.511769,2.4011435
1933.75,1.0184697,11.055043,0.00034965936,0.54735045,0.90316401,0.12921251,0.22823271,0.094134726,0.036752213,4.9415345,1.2211288
1933.8333,1.0218851,0,0.00024226996,0.023401791,0,0,0.24122591,0.095077068,0.034189265,0,0.20155457
1933.9167,1.0171883,0,0.00024112817,0.00030615674,0,0,0.24471475,0.095894538,0.031877678,0,0.30857623
1934,0.96263801,0,0.00023662047,-2.8590531e-23,0,0,0.25245675,0.096440822,0.029756801,0,0.19582598
1934.0833,0.83103834,0,0.00027084333,-6.8992267e-06,0,0,0.25437924,0.096218698,0.027931063,0,0.16807338
1934.1667,0.72323711,0,0.00030629255,-0.00012825072,0,0,0.25648719,0.095317252,0.02627934,0,0.14429139
1934.25,0.62635803,0,0.00036361971,-0.00053089277,0,0,0.25822309,0.093878061,0.024732584,0,0.1248145
1934.3333,0.5467888,0,0.00043382263,0.24155902,0,0,0.25952503,0.092022672,0.023336366,0,0.10793495
1934.4167,0.4010777,7.4177715,0.00087752845,3.760562,5.8762325,0.46380723,0.24558572,0.088657044,0.022087213,128.77571,1.447985
1934.5,0.50871965,12.319023,0.0010662369,3.8548161,7.0610202,0.66593157,0.21300653,0.084525481,0.021054775,15.856674,4.2731455
1934.5833,0.86326303,13.957768,0.00062072597,3.1086595,5.7870825,0.58619297,0.20800327,0.085290968,0.020039827,14.059622,3.6948752
1934.6667,1.1245747,15.645627,0.00042798513,2.2804583,4.3165566,0.47202912,0.2357284,0.086727671,0.019074483,13.180092,3.205385
1934.75,1.3438604,13.692622,0.00032983668,0.77978351,1.4773289,0.16826342,0.29447842,0.08775837,0.018200064,7.5406424,2.4274883
1934.8333,1.3958875,0,0.0001490326,0.020828726,0,0,0.31393844,0.088788182,0.017411355,0,0.36808601
1934.9167,1.2531602,0,0.00014043417,-1.4628831e-23,0,0,0.29933146,0.089632407,0.016700329,0,0.43004758
1935,1.0811532,0,0.00015734846,-1.4362835e-08,0,0,0.29975688,0.089775696,0.016047847,0,0.21125387
1935.0833,0.9352109,0,0.00018070066,-1.6268212e-06,0,0,0.30341017,0.089426473,0.015486063,0,0.18276433
1935.1667,0.80936111,0,0.00020559906,-4.5160057e-05,0,0,0.31065384,0.088691451,0.014977825,0,0.15776497
1935.25,0.69689518,0,0.00024338288,-0.00012381308,0,0,0.31573802,0.0875974,0.014501886,0,0.13512851
1935.3333,0.60020457,0,0.00028824381,-0.00029109499,0,0,0.31293854,0.086213656,0.014072267,0,0.11629355
1935.4167,0.5117298,3.048046,0.00036705827,0.78757371,0.53434748,0.049514834,0.3117151,0.084202759,0.013685302,78.409562,1.8331043
1935.5,0.44036776,8.2003661,0.00083690987,3.3947398,6.0659297,0.41957655,0.30240127,0.078921422,0.013374603,17.327784,2.8920399
1935.5833,0.72376715,10.28284,0.00078614097,3.1843812,5.7488777,0.46959052,0.33366716,0.078218453,0.013147894,11.242895,3.858807
1935.6667,1.0333998,11.834783,0.00052964583,2.1762869,4.0238596,0.35868051,0.39433244,0.080300242,0.012944508,9.9970077,3.2951316
1935.75,1.2407618,9.9559352,0.00039408187,0.73723486,1.3534683,0.11605776,0.47172794,0.082300633,0.012746682,6.9504509,2.0878612
1935.8333,1.2903124,0,0.00036326415,0.012420032,0,0,0.49139565,0.084099598,0.012729936,0,0.27353153
1935.9167,1.2859526,0,0.00032268115,2.1545179e-19,0,0,0.49267063,0.085686192,0.012829199,0,0.5439855
1936,1.302237,0,0.00026442157,0.0011791976,0,0,0.50142187,0.08722239,0.01296045,0,0.26610431
1936.0833,1.2968736,0,0.00024912649,0.013298728,0,0,0.50796741,0.088614747,0.013099502,0,0.26516243
1936.1667,1.2915514,0,0.00024218737,0.05294775,0,0,0.51045078,0.089819297,0.013225369,0,0.2637364
1936.25,1.2859664,0,0.0002442176,0.37069559,0,0,0.51048654,0.090891734,0.01334331,0,0.2610948
1936.3333,1.272019,1.3721292,0.00024740925,1.2350066,0.19546511,0.01553015,0.50730014,0.091776162,0.013449509,124.74692,1.7691266
1936.4167,0.65077393,12.01206,0.00040598976,2.4765006,3.5395926,0.39073012,0.37526834,0.088563249,0.0133376,28.893327,1.3004754
1936.5,0.71590283,14.60963,0.00075972779,3.8974702,7.2359916,0.75234554,0.21522059,0.083482802,0.013024287,25.781666,5.9532507
1936.5833,1.1875741,16.339954,0.00050928921,2.8717152,5.5507306,0.50367252,0.20449583,0.084212385,0.012728528,16.286916,6.3832483
1936.6667,1.4550077,16.818244,0.00037655418,2.0319448,3.9833379,0.34937595,0.21791975,0.083908752,0.012465365,14.617578,3.8313953
1936.75,1.490801,17.207205,0.00031094259,0.72598237,1.3069125,0.12775332,0.23388912,0.082861364,0.012227819,7.3211233,2.3559152
1936.8333,1.3491752,7.5519029,0.00026784893,0.056301348,0.077693815,0.0075761973,0.26255336,0.080828264,0.012013244,1.3883984,0.57689787
1936.9167,1.3171008,0,0.00022919467,0.0006524365,0,0,0.26573908,0.078320481,0.0118197,0,0.3352412
1937,1.3163175,0,0.0002234456,0.044371145,0,0,0.26591522,0.075983748,0.011642093,0,0.1882737
1937.0833,1.3046233,0,0.00022893521,0.027680523,0,0,0.2682198,0.073943451,0.011489197,0,0.1877033
1937.1667,1.2931651,0,0.00022705692,0.06361024,0,0,0.27015522,0.072069295,0.011350875,0,0.18728863
1937.25,1.2815302,0,0.00022944386,0.18030572,0,0,0.2759189,0.07028567,0.011221343,0,0.18686014
1937.3333,1.2701098,0,0.00024363465,0.61124141,0,0,0.27770728,0.068646543,0.011104418,0,0.18641864
1937.4167,1.0160159,6.3330075,0.00029324176,1.7677705,1.218901,0.15563804,0.25956717,0.066659205,0.010998978,161.10008,2.1618963
1937.5,0.66030934,15.485556,0.00067185104,3.955794,7.4704944,0.87438848,0.12690984,0.062174741,0.010907206,38.25805,5.469462
1937.5833,1.2901883,17.921692,0.00045834505,3.3947841,6.493613,0.81710794,0.12420961,0.063162297,0.011082682,22.829679,8.8099751
1937.6667,1.8390083,19.613422,0.00030888696,2.1332753,4.1883467,0.50474621,0.20247521,0.067780778,0.011835111,18.64941,5.6136676
1937.75,2.1779498,17.614849,0.00022082421,0.7602906,1.5197435,0.17570352,0.30887437,0.070982382,0.012890813,12.748154,3.8023169
1937.8333,2.266475,0,0.00011943301,0.082229705,0,0,0.35261181,0.071579352,0.013977451,0,0.46877941
1937.9167,2.2589108,0,0.00011301034,7.9669807e-20,0,0,0.35301441,0.071323089,0.014954829,0,0.88472233
1938,2.2300484,0,0.0001157745,0.00048350454,0,0,0.35413626,0.068787731,0.016134452,0,0.46836457
1938.0833,2.0396761,0,0.00012792613,-5.1224791e-07,0,0,0.353782,0.065708227,0.017393449,0,0.39278437
1938.1667,1.7988945,0,0.00014977271,-3.6997024e-05,0,0,0.36100847,0.062633611,0.018522739,0,0.35257206
1938.25,1.5798132,0,0.00017401045,0.034706758,0,0,0.36666369,0.060082227,0.019515486,0,0.31053997
1938.3333,1.4816951,0,0.00019312423,1.134688,0,0,0.36792547,0.05818807,0.020329919,0,0.28725675
1938.4167,0.94380637,14.598445,0.00048259221,4.5518888,8.2192441,0.72735262,0.33272669,0.056392327,0.020347452,191.16872,4.8735828
1938.5,1.0339448,17.976217,0.000561236,3.8391973,7.0726587,0.61031813,0.26534158,0.057705063,0.019561298,20.966526,5.5433959
1938.5833,1.3567326,19.411961,0.00042105757,2.8706989,5.360285,0.43846607,0.2470271,0.060152203,0.018896075,16.19839,3.4246725
1938.6667,1.4608775,19.363051,0.00035110564,2.0354284,3.9697724,0.31159728,0.28581801,0.060341049,0.018238008,11.227137,2.4169707
1938.75,1.4274153,19.154001,0.00030299512,0.9647492,1.7302979,0.16041969,0.37217179,0.058411822,0.017522324,7.7728306,2.2099817
1938.8333,1.3704594,2.54373,0.00015661579,0.098932584,0.073789263,0.012387825,0.42806664,0.05610453,0.016808689,0.8449039,0.57660978
1938.9167,1.3577244,0,0.00013763871,0.0029754574,0,0,0.42941537,0.053868167,0.016157959,0,0.41688742
1939,1.3618816,0,0.00013500267,1.643389e-05,0,0,0.42858097,0.051802121,0.015559197,0,0.25096829
1939.0833,1.3541821,0,0.00013058539,0.0085358964,0,0,0.42547929,0.050012045,0.015042969,0,0.2500695
1939.1667,1.2784562,0,0.0001310535,-8.7068849e-05,0,0,0.42477956,0.048370369,0.01457586,0,0.23730139
1939.25,1.145407,0,0.00015146943,0.231574,0,0,0.42673835,0.046755534,0.014138415,0,0.2111312
1939.3333,1.1296923,0,0.00016092969,0.74792877,0,0,0.43343401,0.045250282,0.013743544,0,0.20777218
1939.4167,1.0885285,7.3427004,0.00024613895,3.4748771,4.7778794,0.40235541,0.43192068,0.043908745,0.013390818,162.59456,3.353036
1939.5,1.1541143,14.649946,0.00030993795,4.4634595,8.051337,0.7642642,0.39361832,0.044207476,0.013123322,16.31057,3.0324445
1939.5833,1.2441268,15.648073,0.00017993987,3.2988706,6.2058524,0.5854986,0.3941651,0.046166923,0.012893738,11.064158,1.8829428
1939.6667,1.260013,16.287431,0.00016672129,2.1792313,4.2000469,0.39655639,0.43506584,0.048770934,0.012691919,7.8919081,1.745435
1939.75,1.2738655,10.519395,0.000162322,0.7989311,1.1572182,0.13574852,0.48706603,0.052027564,0.012489663,4.2779833,1.3045318
1939.8333,1.256244,0,0.00010832291,0.0064199106,0,0,0.49925825,0.055417996,0.012281828,0,0.27034292
1939.9167,1.0993567,0,0.00010201788,-1.764566e-07,0,0,0.50033134,0.058390468,0.012091842,0,0.43207729
1940,0.96113613,0,0.00012301312,-6.1186057e-08,0,0,0.50097603,0.060930084,0.011902626,0,0.20511095
1940.0833,0.83411305,0,0.00013986118,-1.0179517e-05,0,0,0.50414085,0.062946483,0.011726899,0,0.17693134
1940.1667,0.72423858,0,0.00015726322,-3.4826183e-06,0,0,0.50286603,0.064600781,0.011567922,0,0.15286928
1940.25,0.62643399,0,0.00021143421,0.029067671,0,0,0.50418252,0.065973915,0.011419049,0,0.13166594
1940.3333,0.65139291,3.0612855,0.00035418815,3.0589341,2.3808877,0.14397555,0.50091636,0.067089327,0.011285232,93.558383,2.7434319
1940.4167,0.9039641,9.2461258,0.00036611332,4.8342025,8.4612304,0.57833451,0.45167193,0.06894426,0.0111868,12.456946,2.7249399
1940.5,1.130691,10.803758,0.00020536703,4.2616541,7.5079379,0.55636663,0.41773066,0.072716072,0.011133414,10.592334,2.9075948
1940.5833,1.3332074,11.843537,0.00016920663,3.3315459,6.0119254,0.47045813,0.46087971,0.077693649,0.011083177,8.8064476,2.9430001
1940.6667,1.5290319,12.577362,0.00013919044,2.0714724,3.8474406,0.31131354,0.57821727,0.083409518,0.011022177,6.5066792,3.0898222
1940.75,1.7217145,9.0061259,0.00011830268,0.83433722,1.3351187,0.10859765,0.7445994,0.089871369,0.011442808,3.6212837,2.4574585
1940.8333,1.7684466,0,9.8103868e-05,0.11513117,0,0,0.79277891,0.096419528,0.012562626,0,0.3946777
1940.9167,1.6379793,0,9.653881e-05,2.1032008e-05,0,0,0.78131056,0.10217232,0.013740763,0,0.74648743
1941,1.4304069,0,0.00010701313,-1.6596232e-10,0,0,0.78514081,0.10679483,0.014715556,0,0.31423942
1941.0833,1.2386102,0,0.00011395161,-1.6315819e-05,0,0,0.78301692,0.11018485,0.014567402,0,0.2712424
1941.1667,1.072644,0,0.0001261646,-4.5021216e-05,0,0,0.78703403,0.11301716,0.01418482,0,0.23473676
1941.25,0.92443178,0,0.00015024579,0.0036064412,0,0,0.78882152,0.11547486,0.013826586,0,0.20213883
1941.3333,0.87488804,0.38885389,0.00017328329,2.1442014,0.20425293,0.010952056,0.78759325,0.11752328,0.01350316,70.819956,2.6050702
1941.4167,1.1590584,7.0463736,0.00019163507,4.741447,7.9607099,0.493363,0.71345741,0.1183659,0.013251539,10.385317,2.9637366
1941.5,1.3236267,8.2782106,0.00016076327,4.1672724,7.0076795,0.4435525,0.63099802,0.12150399,0.01382902,6.3669498,2.2707079
1941.5833,1.4746647,8.5985539,0.00010667709,3.650312,6.242361,0.35776544,0.61332899,0.12442183,0.015748991,5.2609559,2.4340023
1941.6667,1.6034135,8.404565,4.4561817e-05,2.3190965,4.066747,0.21149026,0.66542232,0.12683095,0.018282676,2.7052277,2.0917839
1941.75,1.7271277,4.6268571,3.71321e-05,0.91019012,1.1477423,0.058626691,0.76253623,0.12989667,0.021376345,1.1145995,1.4492982
1941.8333,1.7483544,0,6.1291263e-05,0.02683381,0,0,0.81023109,0.13312222,0.025300268,0,0.3966027
1941.9167,1.746282,0,6.289842e-05,0.0013715545,0,0,0.85102415,0.13600241,0.029051401,0,0.93604542
1942,1.7829243,0,6.5126333e-05,0.023483635,0,0,0.76157302,0.13856103,0.032867558,0,0.40478025
1942.0833,1.779636,0,6.5693108e-05,0.16656684,0,0,0.7299335,0.14069434,0.036476459,0,0.40348959
1942.1667,1.7763723,0,6.8058594e-05,0.074482447,0,0,0.69332886,0.14258687,0.039741542,0,0.40359824
1942.25,1.7731058,0,7.0473201e-05,0.44049258,0,0,0.68196267,0.14432082,0.042799108,0,0.40311064
1942.3333,1.7700094,0,7.1737733e-05,0.98726991,0,0,0.67034864,0.14584571,0.045558449,0,0.41629055
1942.4167,2.0188929,7.2892113,7.8273915e-05,4.1255502,6.6008243,0.38255531,0.66942292,0.14678007,0.047482539,108.30849,7.3987335
1942.5,2.0867782,9.4698062,0.00011727736,4.619998,7.6790472,0.48746417,0.72232991,0.14784318,0.048361126,9.0060125,3.9769173
1942.5833,2.0396446,10.288137,0.00011768748,3.4495724,5.7500846,0.38601603,0.84638292,0.15040268,0.049323667,7.5093601,3.6724277
1942.6667,1.9945577,11.04359,0.0001109916,2.4508638,4.2155582,0.2875216,1.0387056,0.15414663,0.049663946,6.0020316,3.6664877
1942.75,2.1606833,11.653733,9.0854854e-05,0.8698573,1.4104228,0.10732753,1.1578848,0.15881893,0.049571067,4.5615603,3.7236625
1942.8333,2.2760741,0.39754296,7.7155688e-05,0.050081016,0.0047108781,0.00019680667,1.155871,0.1631014,0.049610179,0.10823398,0.603173
1942.9167,2.26659,0,7.0724076e-05,3.1564737e-05,0,0,1.1533158,0.16807194,0.049636278,0,0.8651353
1943,2.2946969,0,5.3969317e-05,0.00048505306,0,0,1.1485676,0.17259726,0.049595561,0,0.51531516
1943.0833,2.2845152,0,5.1464165e-05,0.033580063,0,0,1.1449686,0.17645571,0.049504824,0,0.45308794
1943.1667,2.2743603,0,5.313873e-05,0.066519363,0,0,1.1444732,0.17991017,0.049422748,0,0.45162977
1943.25,2.2639441,0,5.3558695e-05,0.26853368,0,0,1.1426351,0.18310824,0.049345903,0,0.45012346
1943.3333,2.253639,0,5.4846223e-05,0.90157444,0,0,1.1374564,0.18595718,0.049276546,0,0.44904837
1943.4167,2.2616528,9.4446857,5.5834393e-05,2.3020854,3.0358987,0.2742336,0.95958614,0.18504755,0.048171841,132.33143,8.1519781
1943.5,2.4107245,12.129979,8.4590523e-05,4.3913568,7.3481853,0.71429385,0.63754731,0.17903401,0.044798225,18.38463,5.8104692
1943.5833,2.7675233,13.611166,8.3963008e-05,3.2365668,5.4094143,0.56464104,0.62868959,0.17686211,0.041415289,13.463054,4.6644037
1943.6667,3.0916962,14.768654,7.0044574e-05,2.2968973,3.9964627,0.4181826,0.64518952,0.17612429,0.038378306,9.4028927,4.6950055
1943.75,3.4157757,15.532321,5.403276e-05,1.0017533,1.7100296,0.19147827,0.67009509,0.17467608,0.035636041,5.2621131,4.9329798
1943.8333,3.5785423,0,3.3503849e-05,0.050464575,0.0078210744,0.0021657175,0.69667149,0.17383505,0.033159263,0,0.85709381
1943.9167,3.5692144,0,3.1392381e-05,0.00019354519,0,0,0.72712028,0.17309417,0.030925188,0,1.5793666
1944,3.6055944,0,3.441039e-05,0.00027024268,0,0,0.71036988,0.17668799,0.030119697,0,0.78416164
1944.0833,3.5945503,0,3.6483707e-05,0.033957461,0,0,0.68692279,0.17635627,0.029598556,0,0.77967787
1944.1667,3.5835796,0,4.0315947e-05,0.038335617,0,0,0.67930561,0.17519161,0.02894363,0,0.7779742
1944.25,3.5723001,0,4.4838656e-05,0.12270125,0,0,0.69499809,0.17403845,0.028224505,0,0.77614625
1944.3333,3.5610944,0,4.7447844e-05,0.52813165,0,0,0.70000207,0.17293851,0.027451966,0,0.77447886
1944.4167,4.0011946,10.325735,4.6468023e-05,1.4988769,1.3997941,0.1588044,0.67531592,0.17201211,0.027079647,184.02235,14.574714
1944.5,4.4078617,16.734419,5.8609265e-05,4.0814286,6.9216617,0.84898716,0.60867518,0.1721573,0.028436003,29.674685,12.513506
1944.5833,5.0720936,18.584263,6.9521491e-05,3.5288857,5.9342512,0.75063626,0.58168048,0.17392881,0.030785616,23.313093,9.8830349
1944.6667,5.6361048,19.592198,6.1218925e-05,2.0954942,3.6195846,0.44092957,0.56979966,0.17372169,0.032438513,17.423314,8.8781662
1944.75,6.1985729,17.065741,5.1588795e-05,0.83114766,1.4709077,0.16994062,0.62946284,0.16684274,0.033830259,11.481588,7.711276
1944.8333,6.38641,0,3.994974e-05,0.028109599,0,0,0.67553431,0.15649343,0.03675526,0,1.4155646
1944.9167,6.1805141,0,3.4565513e-05,0.0059348374,0,0,0.66747296,0.14570995,0.040348306,0,2.2859403
1945,5.9950901,0,3.5587433e-05,0.0042296523,0,0,0.6700092,0.13497551,0.043655884,0,1.3631185
1945.0833,5.5588651,0,3.7399637e-05,0.0068806582,0,0,0.67221171,0.12581889,0.046511568,0,1.263683
1945.1667,4.9614282,0,4.1053205e-05,-7.4107419e-05,0,0,0.6777975,0.11764855,0.049106549,0,1.126866
1945.25,4.3984498,0,4.6236131e-05,-0.00032567554,0,0,0.6820792,0.11035144,0.051541619,0,0.99155289
1945.3333,3.9029308,0,5.3742115e-05,0.074115244,0,0,0.69231141,0.10520065,0.053691924,0,0.88108163
1945.4167,3.5530638,5.271846,5.9700054e-05,1.1763534,0.62243934,0.08649993,0.70828933,0.10157451,0.055271041,129.06684,5.7653785
1945.5,2.4549547,13.298394,0.00010013532,3.8995117,6.460031,0.61027121,0.93477654,0.096099116,0.053201742,40.606556,6.9719553
1945.5833,2.6828814,16.576618,0.00012102752,3.1343092,5.0551007,0.5317196,1.4532208,0.094664529,0.050389104,16.562795,6.6468576
1945.6667,2.9333301,18.057385,0.0001084148,2.2771965,3.8819331,0.3799462,1.7867154,0.095066018,0.048418734,12.870591,4.4662445
1945.75,3.1229542,8.4917815,8.9293986e-05,0.74761698,1.0196272,0.11376432,1.7495331,0.095042959,0.046460629,4.9651129,2.2858039
1945.8333,3.1400486,0,8.1180842e-05,0.0083874803,0,0,1.6978235,0.094298318,0.044511966,0,0.68216208
1945.9167,3.1318353,0,7.4756572e-05,0.00043840363,0,0,1.6648823,0.093482941,0.042739529,0,1.0547589
1946,3.1493085,0,7.0635186e-05,0.023353458,0,0,1.6543176,0.092499629,0.041095424,0,0.68261592
1946.0833,3.1401995,0,7.4110925e-05,0.0018216177,0,0,1.6343708,0.091482252,0.039664272,0,0.68013527
1946.1667,3.1312308,0,7.2491297e-05,0.039681687,0,0,1.6102331,0.090479016,0.038369533,0,0.6787396
1946.25,3.1220377,0,6.9920839e-05,0.25037698,0,0,1.5905542,0.089455016,0.03715707,0,0.67738874
1946.3333,3.1129185,0,7.017902e-05,0.94545136,0,0,1.5568551,0.088442549,0.036062561,0,0.67598826
1946.4167,2.8053804,12.25806,7.436124e-05,2.757026,3.4429271,0.45962513,1.3744256,0.08694528,0.034642711,206.83054,8.253898
1946.5,2.5785496,20.382833,0.00012482816,4.3702021,6.7103996,0.91406672,0.88921183,0.08504118,0.032375798,42.777569,7.3937715
1946.5833,2.9791703,22.929195,0.00011760767,3.0300862,4.7466588,0.66612894,0.9191671,0.08493536,0.030445538,14.219919,5.5131749
1946.6667,3.28094,24.286181,9.8641292e-05,2.0925873,3.445635,0.47643258,0.92127812,0.085173853,0.029143326,13.790763,4.5727475
1946.75,3.5479749,25.467861,8.0932281e-05,0.93598381,1.5391855,0.2240165,0.92468107,0.085169166,0.0281213,9.339998,4.3091637
1946.8333,3.6803873,2.5849889,7.0607311e-05,0.052814057,0.0075804353,0.00041730384,0.91852146,0.083789662,0.027271636,0.57085354,1.1289106
1946.9167,3.6683986,0,6.6762739e-05,0.0015475512,0,0,0.87134677,0.081316881,0.026519863,0,0.89816359
1947,3.6553445,0,6.5213273e-05,0.00087257201,0,0,0.85733891,0.079599127,0.025885005,0,0.76821412
1947.0833,3.6406163,0,5.5024277e-05,0.10766563,0,0,0.87758505,0.079170927,0.025386255,0,0.74531797
1947.1667,3.6260863,0,5.2855794e-05,0.06025895,0,0,0.90846419,0.078769051,0.024935128,0,0.74394857
1947.25,3.611244,0,5.2513307e-05,0.33406245,0,0,0.95223612,0.078350641,0.02451276,0,0.74205606
1947.3333,3.6627918,2.4871575,5.4436427e-05,1.428961,0.50428474,0.090591,0.96817392,0.077934824,0.02412818,229.75555,8.6015671
1947.4167,4.217498,23.083573,6.381308e-05,4.8278685,7.6615932,1.3601823,0.96085513,0.078573033,0.023249753,69.759268,10.512511
1947.5,4.5763827,27.964374,7.268937e-05,4.6259907,7.2633793,1.3677935,1.0439694,0.081503078,0.02209351,30.741633,7.3801159
1947.5833,5.0308756,29.232526,6.379019e-05,3.3290617,5.3479626,1.0243473,1.0484325,0.085208438,0.021528959,16.038959,7.9115402
1947.6667,5.5550537,28.847167,5.5485376e-05,2.0146669,3.3240949,0.63950263,1.0086637,0.088755153,0.021363353,15.115546,8.7339133
1947.75,6.0522896,20.267136,4.3178017e-05,0.5570059,0.78277363,0.1894177,0.94486839,0.090088367,0.021193381,8.1662262,6.5710658
1947.8333,6.1502946,0,3.0417861e-05,0.033746485,0,0,0.88384008,0.0887881,0.020961491,0,1.4044598
1947.9167,6.1163818,0,3.2262575e-05,0.0041418987,0,0,0.8253423,0.0875604,0.020724898,0,1.6949332
1948,6.1275135,0,0.0029711744,0.0027730443,0,0,0.88511878,0.08639624,0.020441117,0,1.5578124
1948.0833,6.1145932,0,0.00055061234,0.0087839354,0,0,1.0590523,0.085364893,0.020142356,0,1.3815391
1948.1667,5.9953895,0,0.00052532775,0.00074763098,0,0,1.1586208,0.084371127,0.019872736,0,1.3586335
1948.25,5.4849624,0,0.00052764051,0.16138373,0,0,1.2226564,0.084359348,0.019623494,0,1.2405956
1948.3333,5.441498,0,0.00054107053,0.49074483,0,0,1.2313771,0.08804173,0.019400012,0,1.2282633
1948.4167,5.7612853,11.323188,0.00055171992,1.8796399,1.9591238,0.45257554,1.1854655,0.090933196,0.019142279,287.19033,18.97445
1948.5,5.8418778,25.857259,0.00057338912,4.1376246,6.5062743,1.4432997,1.1714144,0.089880869,0.018454753,44.09221,11.049243
1948.5833,6.4575342,28.549707,0.00058256573,3.3998887,5.2791207,1.2501472,1.0442853,0.090268753,0.017794907,28.850409,11.084175
1948.6667,7.0073223,29.12054,0.00057372102,2.19091,3.4175843,0.85494691,0.94307202,0.091308549,0.017174698,18.561438,10.137071
1948.75,7.349059,18.079309,0.00056205795,0.61429845,0.75405904,0.24687181,0.96386665,0.0930207,0.017072624,8.5174026,5.9612545
1948.8333,7.4061365,0,0.00054397353,0.0040392746,0,0,0.99569237,0.094857886,0.017683629,0,1.3932612
1948.9167,7.2659608,0,0.00051838177,4.9619888e-06,0,0,0.95139909,0.096392415,0.018267369,0,2.6313607
1949,6.452946,0,5.9368314e-05,-4.0373575e-08,0,0,0.74965918,0.097194538,0.018014055,0,1.4832225
1949.0833,5.5833724,0,4.8888869e-05,-7.423683e-06,0,0,0.73726392,0.097468652,0.017282316,0,1.2806757
1949.1667,4.8322477,0,5.5146942e-05,-7.3408621e-05,0,0,0.73935139,0.097443931,0.016618773,0,1.1008854
1949.25,4.1602803,0,6.1767991e-05,0,0,0,0.73691839,0.097144037,0.015997512,0,0.94549275
1949.3333,3.5835982,0,7.0510134e-05,0.016817389,0,0,0.73248637,0.09659002,0.015436826,0,0.81282192
1949.4167,2.5533217,9.5383525,9.1103924e-05,1.0812578,0.66123117,0.14788114,0.68497777,0.095855579,0.014933762,160.43864,3.2475353
1949.5,0.91684458,16.896168,0.00024307892,3.5686661,5.0401072,0.88541805,0.71554053,0.095071606,0.014549268,45.598304,4.6846323
1949.5833,1.4410716,20.785283,0.00029245688,3.2502527,4.696305,0.91461594,1.3598493,0.096453317,0.014315313,23.3172,10.488465
1949.6667,2.3627079,23.609407,0.00019885041,2.4367077,3.5978636,0.70898316,1.9686863,0.099081106,0.014369358,17.734816,10.036965
1949.75,2.9425432,26.117137,0.00014226786,0.90813414,1.3034617,0.27470648,1.9873366,0.10158784,0.014685538,15.566204,6.777254
1949.8333,3.2824504,8.2740244,0.0001193673,0.080724218,0.04564103,0.0086890355,1.6684337,0.10105077,0.015151598,4.1723315,2.4082584
1949.9167,3.2942835,0,0.00010212965,0.00082860641,0,0,1.5127773,0.097320095,0.015933145,0,1.5035983
1950,3.3485845,0,0.00010048925,0.05524552,0,0,1.4143088,0.093397178,0.016699629,0,0.72997293
1950.0833,3.3366834,0,0.00010018221,0.0050230265,0,0,1.2737596,0.089734651,0.017381502,0,0.69513977
1950.1667,3.3240651,0,0.00010090341,0.13846881,0,0,1.1397296,0.086359203,0.017998876,0,0.6820548
1950.25,3.3108273,0,0.00010402906,0.40321592,0,0,0.98669535,0.083137125,0.01857751,0,0.68059393
1950.3333,3.2977443,0,0.00010764935,0.98718673,0,0,0.87168586,0.080167614,0.019100342,0,0.67922572
1950.4167,1.9580049,18.023418,0.00015728569,3.2534496,4.2190265,0.88905201,0.93289703,0.077131137,0.019240735,315.44616,3.1790901
1950.5,1.333295,30.178195,0.00030393907,4.8975763,7.0586634,1.5618013,2.0053029,0.07422068,0.018417958,52.860768,14.985123
1950.5833,2.234472,32.972313,0.00018975892,3.5646333,5.1916596,1.1112725,2.6009579,0.071941949,0.017612148,19.204197,7.8687739
1950.6667,2.6381786,33.753626,0.00014018042,2.4875329,3.7276522,0.74817441,2.4956253,0.068720371,0.017091539,12.187036,4.7812829
1950.75,2.9257028,34.430023,0.00011714388,1.0029371,1.5674138,0.29314452,2.0529065,0.064494975,0.016787449,9.5451228,4.3320742
1950.8333,3.0573881,0,0.00010529353,0.14962649,0.021675772,0.0038943414,1.8278441,0.060152847,0.016552083,0,0.74994245
1950.9167,3.0479047,0,0.00010461596,0.0011991752,0,0,1.746716,0.056094278,0.016333971,0,1.0910899
1951,3.0719459,0,9.6999276e-05,2.1795988e-18,0,0,1.6968809,0.052298289,0.016138315,0,0.68323875
1951.0833,3.0646133,0,8.0180696e-05,0.014035095,0,0,1.6526238,0.049025625,0.01597186,0,0.68038993
1951.1667,3.0573027,0,7.8691555e-05,0.045637294,0,0,1.5927016,0.0460619,0.015821213,0,0.67924733
1951.25,3.0497955,0,8.0247271e-05,0.57664979,0,0,1.5513777,0.043283302,0.015680157,0,0.67796562
1951.3333,3.04234,0,8.3271436e-05,1.4904168,0,0,1.5178552,0.040771868,0.015552848,0,0.67673194
1951.4167,3.0566112,28.59652,9.7632648e-05,5.1762038,7.052633,1.6415177,1.4099154,0.039044101,0.015248191,384.01322,12.271487
1951.5,3.3142194,33.395771,0.00011204883,4.4268107,6.1296731,1.501106,1.4507636,0.039446015,0.014752405,38.23929,7.0300271
1951.5833,3.7995619,34.870289,9.5438387e-05,3.2518912,4.5536041,1.1182482,1.5865322,0.040435534,0.014296716,19.684777,7.2278448
1951.6667,4.2870021,35.039045,7.6789191e-05,2.5287558,3.6968665,0.8596361,1.5565273,0.040903218,0.013917369,14.083576,8.1843659
1951.75,4.6905219,10.188652,5.5677086e-05,0.55432335,0.5674539,0.14481704,1.4651963,0.040594775,0.013653878,3.1685287,3.2920123
1951.8333,4.7030617,0,3.7642196e-05,0.043922737,0,0,1.3855888,0.040169343,0.013419461,0,1.0506862
1951.9167,4.6908068,0,3.8792867e-05,0.001549442,0,0,1.3429267,0.039756827,0.013199949,0,1.3058575
1952,4.6898704,0,0.00055875204,4.5119606e-07,0,0,1.2927859,0.039366215,0.012961163,0,1.0448393
1952.0833,4.6774889,0,0.00056231173,0.029778223,0,0,1.2585529,0.039020576,0.012717246,0,1.0500317
1952.1667,4.6659671,0,0.00055658945,0.093783643,0,0,1.2039371,0.038700029,0.012493374,0,1.0479163
1952.25,4.6540992,0,0.00054984278,0.18046912,0,0,1.1451057,0.038391963,0.012280993,0,1.0438023
1952.3333,4.6422258,0,0.00055086461,0.54561037,0,0,1.0917615,0.038105831,0.012086879,0,1.0406829
1952.4167,4.8104413,14.670364,0.00055891962,1.8583884,1.4518426,0.47028781,1.0344062,0.037995789,0.011952288,372.37938,18.312648
1952.5,5.307903,32.226764,0.00058185804,4.8930604,6.7806535,1.8501227,1.134122,0.040731978,0.012690023,51.549828,15.913847
1952.5833,6.1797868,34.26563,0.00058114319,3.4379078,4.7387713,1.2774515,1.4557978,0.047223121,0.014838367,45.004087,14.63497
1952.6667,7.05746,35.961296,0.00056534493,2.5609574,3.5507716,0.94071114,1.7803755,0.053570189,0.017877903,32.670612,13.263248
1952.75,7.6484121,37.229855,0.00055038137,1.0256445,1.3073576,0.3970266,1.8791625,0.054693382,0.021570036,23.439066,12.284858
1952.8333,7.9581989,5.0657038,0.00054009689,0.27468879,0.058666696,0.028667285,1.8246781,0.057855409,0.025385581,3.2231522,3.4020841
1952.9167,7.9286387,0,0.00052728172,0.0039907057,0,0,1.7485394,0.061381046,0.029750809,0,2.426988
1953,7.7874986,0,4.7856538e-05,9.293731e-19,0,0,1.6769093,0.06149086,0.033808663,0,1.6441384
1953.0833,7.1436199,0,3.3786942e-05,-3.557187e-08,0,0,1.6236348,0.059323523,0.037330106,0,1.510964
1953.1667,6.2893908,0,3.7255872e-05,-2.195404e-06,0,0,1.5831593,0.057665091,0.040532023,0,1.340853
1953.25,5.507309,0,4.1511306e-05,-4.7659092e-05,0,0,1.5486652,0.056843672,0.043530039,0,1.1770079
1953.3333,5.0496343,4.0874868,4.6705434e-05,2.810123,1.0460623,0.22825853,1.5107299,0.057378821,0.046167135,256.91434,4.9338643
1953.4167,3.9051967,25.211379,9.2988143e-05,5.2594388,6.5936483,1.4852633,1.5570327,0.056984778,0.046772715,54.152003,11.543164
1953.5,4.4059106,29.660178,9.1955677e-05,5.3336997,6.5736827,1.5573307,1.7502304,0.06043699,0.045244478,31.873,10.836701
1953.5833,4.9490137,32.308884,8.3810279e-05,3.5588343,4.5807456,1.0326029,2.8134658,0.06494122,0.043214284,19.65022,7.7020293
1953.6667,5.4435506,33.810016,7.2113588e-05,2.5953196,3.390545,0.75262494,3.6115632,0.068093911,0.041450158,12.523745,7.9241296
1953.75,5.8482918,29.102182,5.8574453e-05,1.0983277,1.2759882,0.33135159,4.0139894,0.070273884,0.039804325,9.3437776,7.0623694
1953.8333,5.8990973,0,3.4929741e-05,0.015265441,0,0,3.734339,0.071987301,0.038211666,0,1.3332502
1953.9167,5.2479296,0,3.882865e-05,-9.0398102e-07,0,0,3.5195391,0.073132478,0.036757573,0,1.2003307
1954,4.5668003,0,4.0969375e-05,-1.1910329e-06,0,0,3.3139272,0.073522367,0.035425693,0,0.99635544
1954.0833,3.9977035,0,4.2681255e-05,-2.1389428e-05,0,0,3.1174238,0.073308393,0.034281481,0,0.8719395
1954.1667,3.4984271,0,4.6245041e-05,-0.00027601306,0,0,3.0188344,0.072637103,0.033248629,0,0.76291954
1954.25,3.0444374,0,5.3239401e-05,-0.00012680448,0,0,2.9892967,0.071580768,0.032283727,0,0.66378527
1954.3333,2.8167085,2.9769172,6.1153347e-05,2.0208688,0.75981911,0.11965866,2.9878368,0.070279822,0.031399112,184.06984,7.0508224
1954.4167,3.1279365,18.483179,0.00010648248,5.6539072,6.6467434,1.123449,2.6464698,0.071061373,0.029857606,43.08558,7.4215526
1954.5,3.4764842,22.281753,0.00011604485,4.7995946,5.557925,1.0092992,1.8005745,0.07494545,0.028146347,24.234855,6.2276134
1954.5833,3.8340495,24.635071,0.00010388575,3.9359353,4.7967172,0.8256643,0.94346893,0.079195417,0.026776541,16.068269,5.7788175
1954.6667,4.220597,26.028652,8.5047068e-05,2.4811006,3.1041141,0.53373668,0.93429863,0.082656167,0.025679657,10.322881,6.1883527
1954.75,4.6231742,27.344894,4.5845645e-05,1.1808509,1.2544585,0.28028917,1.2160014,0.085805975,0.024841253,6.5576129,5.5487055
1954.8333,4.8907604,9.3637705,3.0994353e-05,0.11945865,0.072501598,0.020142628,1.3943566,0.088556066,0.024190379,1.2695682,2.5139294
1954.9167,4.8982222,0,3.9929644e-05,5.9052441e-19,0,0,1.3980343,0.091427922,0.023628732,0,1.2165019
1955,4.8861699,0,4.0611372e-05,0.003405976,0,0,1.4108337,0.093992457,0.023174208,0,1.1367858
1955.0833,4.8346822,0,4.3020023e-05,0.0010939155,0,0,1.4504398,0.096123807,0.022833014,0,1.089225
1955.1667,4.3451111,0,4.9217229e-05,-0.00027093201,0,0,1.4950017,0.097830065,0.022522768,0,0.97377785
1955.25,3.7927525,0,5.6715089e-05,-0.00028506674,0,0,1.4808233,0.098989986,0.022233527,0,0.85057874
1955.3333,3.4630122,0,6.5526976e-05,0.93853222,0,0,1.4529055,0.099616244,0.021973807,0,0.77653811
1955.4167,3.9337398,17.457584,6.8774774e-05,4.4030435,5.1338493,0.81102303,1.4391316,0.10012002,0.021349745,227.51972,12.391186
1955.5,4.0598572,21.234831,0.00011289662,4.7621907,5.5239942,0.94969569,1.2837911,0.1018119,0.020300861,29.596562,6.8801854
1955.5833,4.4474606,23.897881,0.00010300731,4.066747,4.7587847,0.85136452,1.2008219,0.10427354,0.019416323,22.459061,6.9915598
1955.6667,4.8385318,25.318131,8.466767e-05,2.6655063,3.1860756,0.58112646,1.2718751,0.10702278,0.018732514,14.730759,7.3511628
1955.75,5.2789347,17.695194,6.7199391e-05,0.94289297,0.99239367,0.18939163,1.3095536,0.10966321,0.018288445,7.6664729,5.8556548
1955.8333,5.3837355,0,3.969789e-05,0.040236219,0,0,1.3092877,0.11210567,0.018066442,0,1.2153307
1955.9167,5.3680935,0,3.6880312e-05,0.0013147315,0,0,1.3023174,0.11429235,0.017875027,0,1.3877742
1956,5.3676199,0,3.8504972e-05,0.0038535597,0,0,1.2950088,0.11624019,0.017695012,0,1.199768
1956.0833,5.351543,0,3.8519542e-05,0.0084524395,0,0,1.2832437,0.11786387,0.017536126,0,1.1768732
1956.1667,5.3337738,0,3.8965765e-05,0.038103821,0,0,1.2694769,0.11928579,0.017390069,0,1.1499999
1956.25,5.3157597,0,4.0251063e-05,0.20415816,0,0,1.2690388,0.12056886,0.017250786,0,1.1475465
1956.3333,5.2947975,0,4.2085132e-05,0.9098827,0,0,1.2723489,0.12167329,0.017122632,0,1.0687158
1956.4167,5.6916741,18.763797,3.8385995e-05,2.8658638,2.5365929,0.664758,1.1546491,0.12289528,0.016790394,278.04027,18.326753
1956.5,5.957921,24.067039,6.1347018e-05,5.4993071,6.3040472,1.4795807,0.97134435,0.12570302,0.016149336,29.570345,8.6229121
1956.5833,6.4531188,25.761934,4.6949222e-05,3.4470645,4.0920864,0.96334335,1.1743,0.13049626,0.015555206,18.230165,7.3044436
1956.6667,6.791723,26.920531,1.5470318e-05,2.6913519,3.2274549,0.76130585,1.434473,0.13664007,0.015019104,10.783564,6.8333336
1956.75,7.1394742,15.911974,1.3608022e-05,0.78167159,0.81231201,0.1934508,1.5485398,0.14412421,0.014534613,4.0393853,4.650201
1956.8333,7.18382,0,1.9809926e-05,0.0077076685,0,0,1.5265956,0.15197498,0.014097145,0,1.5789022
1956.9167,7.1633616,0,2.4500925e-05,0.00030898609,0,0,1.520656,0.15910354,0.013702314,0,2.0945783
1957,7.1848324,0,2.6193729e-05,0.057805496,0,0,1.5238177,0.16559781,0.013340035,0,1.7291864
1957.0833,7.1678553,0,2.7559054e-05,0.048481481,0,0,1.500222,0.17114542,0.013028151,0,1.6245958
1957.1667,7.1509643,0,2.9064689e-05,0.067912078,0,0,1.5230914,0.17612159,0.012745985,0,1.6145105
1957.25,7.1312292,0,3.1665728e-05,0.42863777,0,0,1.5728418,0.18073805,0.012481748,0,1.5679123
1957.3333,7.2117327,2.2918482,3.2745502e-05,1.0696164,0.057319381,0.024984204,1.57658,0.18486145,0.01224322,278.77106,15.811486
1957.4167,8.2710404,24.958702,3.1632244e-05,3.8332111,4.148046,1.2117817,1.3091286,0.18915537,0.012030963,26.019074,9.1190741
1957.5,8.8138524,27.774585,5.4545621e-05,5.3302507,6.2114519,1.8053909,0.86219919,0.19596075,0.011849738,29.313448,11.932887
1957.5833,9.5025077,30.117268,2.7255746e-05,4.3329999,5.1270435,1.4845486,0.73783922,0.20552061,0.011850378,18.253701,11.02977
1957.6667,10.179464,31.171,1.8312168e-05,2.6286478,3.1811124,0.8887911,0.77236325,0.21740156,0.013244148,8.7432221,11.815568
1957.75,10.929214,31.810854,1.7257755e-05,1.0650236,1.2947348,0.3544044,0.87429112,0.23162988,0.016570533,6.4159412,13.224372
1957.8333,11.488398,9.5845899,1.6313064e-05,0.14111717,0.079048419,0.017852012,1.0205694,0.24753931,0.021526098,1.7461603,5.6136212
1957.9167,11.485873,0,1.5775115e-05,0.00084382074,0,0,0.99687845,0.26284111,0.026796203,0,3.655586
1958,11.508019,0,2.221787e-05,0.013116957,0,0,0.97130513,0.27677989,0.032071292,0,2.5544553
1958.0833,11.476292,0,3.0018313e-05,0.075697421,0,0,0.9446013,0.28869638,0.036984712,0,2.5338131
1958.1667,11.446169,0,2.9719648e-05,0.30587415,0,0,0.94325334,0.29940021,0.041471638,0,2.5744382
1958.25,11.414608,0,3.045333e-05,0.67282776,0,0,0.94966775,0.30934617,0.045717128,0,2.5183162
1958.3333,11.381568,0,3.1113352e-05,1.246334,0,0,0.95153069,0.31824511,0.049595129,0,2.5183376
1958.4167,12.626283,24.316303,3.0065023e-05,4.4367397,4.3686852,1.377662,0.9095645,0.32636657,0.053690217,354.09312,31.787697
1958.5,13.387775,30.548604,2.1018797e-05,5.4875336,6.4280912,1.8805481,0.79730737,0.3340649,0.059431534,25.590383,12.6579
1958.5833,13.695125,32.138161,1.458198e-05,4.1469778,4.9746388,1.3846447,0.74793887,0.33911821,0.066390797,14.213309,11.428905
1958.6667,14.091119,33.165503,1.3711109e-05,2.5198625,3.1333795,0.82531391,0.76435935,0.34027833,0.073968969,9.5198441,12.33871
1958.75,14.422962,21.801159,1.303495e-05,0.59155669,0.65429577,0.16401924,0.8057549,0.33673263,0.08190953,3.8553159,8.258425
1958.8333,14.437826,0,1.2574507e-05,0.03894672,0,0,0.81016141,0.32809138,0.08950422,0,3.2511045
1958.9167,14.408076,0,1.2302216e-05,0.00056988157,0,0,0.80886567,0.3158119,0.096350625,0,4.7306288
1959,14.491919,0,0.00049209647,0.00026255803,0,0,0.79283714,0.30563298,0.10263953,0,3.280378
1959.0833,14.458129,0,0.00044833228,0.16368638,0,0,0.85580683,0.29752603,0.10806001,0,3.233793
1959.1667,14.424496,0,0.00036227485,0.02815918,0,0,0.8980639,0.29009438,0.11296546,0,3.2278436
1959.25,14.389937,0,0.00023561096,0.26017884,0,0,0.87456882,0.28305423,0.1175608,0,3.2216995
1959.3333,14.355595,0,0.00010252011,1.3471234,0,0,0.85111499,0.27661794,0.12171058,0,3.215584
1959.4167,14.144424,30.155031,5.0587238e-05,4.0631132,4.3677167,1.3716197,0.75593364,0.27020115,0.12324535,402.2538,35.859252
1959.5,13.347792,36.171585,5.8331923e-05,4.8604391,5.5947073,1.6860591,0.5917598,0.26412687,0.11756103,44.158908,19.422607
1959.5833,12.719746,39.895698,5.5585693e-05,4.1614062,4.859347,1.413684,0.59702796,0.25914663,0.10876107,27.930765,14.650582
1959.6667,12.748505,41.784294,4.9125149e-05,2.8293899,3.3256033,0.96701552,0.71488696,0.25482911,0.10109553,21.132786,13.805179
1959.75,12.896902,33.65713,4.1803796e-05,0.99748989,1.0124658,0.34451851,0.87756473,0.25048059,0.094611153,10.885034,10.07553
1959.8333,12.866688,0,3.0087716e-05,0.034885283,0,0,0.93948525,0.24594675,0.088827811,0,2.5267571
1959.9167,12.803517,0,3.0272529e-05,0.00069774848,0,0,0.93856907,0.24163671,0.0835713,0,2.7047264
1960,12.747495,0,3.0453943e-05,0.00064202576,0,0,0.93335485,0.23753311,0.078750327,0,2.4928495
1960.0833,12.685861,0,3.0465964e-05,0.051396306,0,0,0.92712754,0.23387919,0.074604012,0,2.4856502
1960.1667,12.625108,0,3.0142557e-05,0.0627166,0,0,0.92122579,0.23045556,0.070855863,0,2.4799868
1960.25,12.563318,0,2.9854269e-05,0.16145663,0,0,0.92107892,0.2271314,0.067347676,0,2.4755519
1960.3333,12.50022,2.8889161,3.0436975e-05,1.4996362,0.25977201,0.075526687,0.91927254,0.22397719,0.06417919,353.24648,6.5980994
1960.4167,10.847291,33.322979,3.484936e-05,5.0380071,5.8771656,1.7798101,0.908997,0.21336655,0.060308348,76.402479,17.577057
1960.5,11.04273,37.992839,4.92935e-05,5.3564026,5.6911512,2.0111469,0.97141999,0.19888586,0.055504855,44.931903,19.204628
1960.5833,11.58681,40.451813,3.9562678e-05,4.4793601,4.7295445,1.7125002,1.1428568,0.18724887,0.051163621,31.865784,11.880809
1960.6667,11.998281,41.381147,2.5493811e-05,2.8737215,3.1894687,1.106902,1.3594369,0.18187483,0.04759692,14.951478,10.219077
1960.75,12.323325,18.81914,1.8305329e-05,0.90457769,0.60802123,0.23836345,1.5307946,0.17955969,0.044652633,4.6781082,6.0607975
1960.8333,12.32917,0,2.1239835e-05,0.050880829,0,0,1.5396497,0.16876121,0.04206546,0,2.7636986
1960.9167,12.296881,0,2.1598067e-05,0.013895951,0,0,1.5362846,0.15766716,0.03963571,0,3.1174184
1961,12.278661,0,2.0991129e-05,0.018800731,0,0,1.5252606,0.15150611,0.03719563,0,2.7522582
1961.0833,11.734334,0,2.0300107e-05,0,0,0,1.5128475,0.14350839,0.03494107,0,2.6291928
1961.1667,10.187258,0,2.1771872e-05,-0.00010440324,0,0,1.5155154,0.13486846,0.032800198,0,2.2856092
1961.25,8.7750051,0,2.4549576e-05,-0.00048083266,0,0,1.5208489,0.12663579,0.03079184,0,1.9726711
1961.3333,7.80279,0,2.8115566e-05,1.5854563,0,0,1.5179113,0.119065,0.028979274,0,1.7515493
1961.4167,8.6568426,26.035825,3.9215469e-05,5.8425522,5.5744612,1.6303759,1.3593894,0.11321782,0.027325206,324.97048,23.844302
1961.5,9.3249166,30.095309,4.10067e-05,5.221191,5.2306397,1.6082354,1.0195574,0.11242502,0.025980225,27.479356,10.537358
1961.5833,9.9199079,33.625431,3.6705933e-05,4.4763197,4.3619402,1.4435025,0.80872262,0.11450794,0.025013516,24.290019,10.641018
1961.6667,10.594148,36.037564,3.66844e-05,2.7351779,2.73854,0.91491307,0.91957211,0.11790664,0.024261298,15.589834,11.436872
1961.75,11.020799,16.610451,3.3044209e-05,0.99627619,0.69323624,0.2639568,1.1060878,0.12237825,0.023554357,4.6389027,5.64343
1961.8333,11.026405,0,2.7215219e-05,0.069405061,0,0,1.114208,0.12693912,0.022877151,0,2.4950732
1961.9167,10.796596,0,2.6548993e-05,0.00039258033,0,0,1.1017939,0.13094375,0.022261141,0,3.0535662
1962,9.7832596,0,2.8555518e-05,-3.5279077e-07,0,0,1.0775582,0.13436379,0.02171196,0,2.1609906
1962.0833,8.4635569,0,3.1058684e-05,-1.038521e-05,0,0,1.0528966,0.13680902,0.021224895,0,1.873178
1962.1667,7.3244087,0,3.366873e-05,-0.00027841907,0,0,1.0271304,0.13848379,0.020784389,0,1.6225932
1962.25,6.3060625,0,3.6070756e-05,-9.8804958e-05,0,0,1.0010692,0.13950808,0.020372463,0,1.3995635
1962.3333,5.6396346,0,4.2135973e-05,1.2781453,0,0,0.97648877,0.13990191,0.020001059,0,1.606582
1962.4167,5.6424867,14.327158,5.8255111e-05,6.371369,4.4332659,0.96371691,0.93368089,0.14002104,0.019515481,230.8569,8.4285501
1962.5,6.0741096,21.794003,3.8840848e-05,6.3862496,5.9258922,1.3448209,0.83033705,0.14141141,0.018678684,20.438136,7.0568331
1962.5833,6.4946529,24.364104,2.0834183e-05,4.8645112,4.6230648,1.0545493,0.86800337,0.14430268,0.018243499,11.154103,5.9658817
1962.6667,6.845688,26.011406,1.8289842e-05,3.0434955,2.9594618,0.67490661,1.0791337,0.14791436,0.0184303,8.0042283,5.8757932
1962.75,7.202608,25.125694,1.5073075e-05,1.2249892,1.0382876,0.29347154,1.3662153,0.15227219,0.019043177,3.4512166,6.0389504
1962.8333,7.2008525,0,2.040811e-05,0.031353748,0,0,1.4353161,0.15698323,0.019855138,0,1.6076379
1962.9167,6.2995367,0,2.1084305e-05,0,0,0,1.3911016,0.16098754,0.020610929,0,1.9582107
1963,5.4074717,0,2.6143091e-05,-2.4801622e-06,0,0,1.3578087,0.16407025,0.021313243,0,1.2173872
1963.0833,4.6829055,0,2.9598663e-05,-2.5205099e-05,0,0,1.2852886,0.16624689,0.021926425,0,1.0542547
1963.1667,4.0573082,0,3.4193752e-05,-0.00013023842,0,0,1.2504463,0.16775824,0.022484388,0,0.91034317
1963.25,3.4979838,0,4.0360315e-05,-0.00082137709,0,0,1.2601846,0.1687042,0.023010222,0,0.78716299
1963.3333,3.0354874,0.60422375,4.9841281e-05,0.22713796,0.027275513,0.0033717629,1.2872691,0.16907223,0.023487985,109.61561,1.9809941
1963.4167,3.1086477,10.502456,5.6805788e-05,4.285697,3.8140931,0.43906448,1.1986613,0.16941334,0.02351517,13.263965,3.8864949
1963.5,3.4484232,12.913976,7.1124487e-05,5.963941,5.0540172,0.67483478,1.1047566,0.17260122,0.022664752,14.535372,5.1488672
1963.5833,3.825,14.997015,2.3246273e-05,4.3811383,3.835764,0.51935106,1.7699358,0.17844529,0.021857584,8.2873362,4.8580957
1963.6667,4.2362926,16.586598,1.9925392e-05,3.5042109,3.1049346,0.42988458,3.0218835,0.18579362,0.021730417,5.3575772,5.7180454
1963.75,4.5884131,7.3218313,1.7809181e-05,0.94969769,0.69982816,0.10022993,4.0750833,0.19448327,0.02262927,1.386866,3.1528217
1963.8333,4.3695564,0,2.5505671e-05,0.0011332589,0,0,4.2114739,0.20296276,0.023954777,0,0.98633752
1963.9167,3.7756672,0,2.8426552e-05,-1.3742187e-06,0,0,4.3026094,0.20968546,0.025090253,0,1.332294
1964,3.2750485,0,3.418346e-05,-1.7075786e-09,0,0,4.4205618,0.2150083,0.026187416,0,0.72069349
1964.0833,2.83822,0,3.9761337e-05,-4.5829459e-05,0,0,4.4971042,0.21888974,0.027188355,0,0.6243692
1964.1667,2.4609528,0,4.4932131e-05,-0.00068717894,0,0,4.4761825,0.22171569,0.028098121,0,0.54111085
1964.25,2.1234443,0,5.1848114e-05,-0.0012902098,0,0,4.4418411,0.22366381,0.028954381,0,0.46661758
1964.3333,1.8330805,0,6.4386099e-05,-0.00042885285,0,0,4.413404,0.22470573,0.029731743,0,0.40253453
1964.4167,1.8288626,3.7588838,8.0266473e-05,3.4290693,2.5226905,0.18429059,4.1811056,0.22522642,0.0302113,80.684417,4.0655275
1964.5,2.1127656,8.3635719,5.6720062e-05,6.315841,4.8223092,0.42070215,3.2962577,0.2279105,0.028852716,13.930261,3.1211599
1964.5833,2.3967668,10.226654,3.3180593e-05,5.0045466,3.8675578,0.35832502,2.5756235,0.23308393,0.027834125,6.7006767,3.6863445
1964.6667,2.7732919,11.54583,3.0824194e-05,3.1230541,2.4723807,0.23543056,2.4137003,0.23959728,0.029095238,4.1020782,5.4337926
1964.75,3.2599547,12.717989,2.6179738e-05,1.4655911,1.1163928,0.12218038,2.8878984,0.24724711,0.033022445,2.895071,6.2307229
1964.8333,3.4854282,0,3.2568456e-05,0.052320033,0.00353342,0.0014618135,3.1551116,0.25549155,0.038870521,0,0.8700476
1964.9167,3.1320276,0,3.2839544e-05,-6.1169398e-07,0,0,3.139672,0.26264817,0.044568397,0,1.1214904
1965,2.7577465,0,3.6923539e-05,-4.2873945e-11,0,0,3.0494571,0.267869,0.0499551,0,0.54922871
1965.0833,2.3975631,0,4.2045951e-05,-2.9441821e-09,0,0,2.7104425,0.27101025,0.05471541,0,0.4759811
1965.1667,2.0930523,0,4.9585335e-05,-0.00031944045,0,0,2.6722093,0.27242762,0.058944542,0,0.41174878
1965.25,1.8227146,0,6.0644325e-05,-0.0015752945,0,0,2.7934287,0.27245083,0.062768996,0,0.3535806
1965.3333,1.5865675,0,7.1350521e-05,-0.0011182439,0,0,2.8901551,0.27124846,0.066053338,0,0.30522509
1965.4167,1.558278,4.3347981,7.1467926e-05,1.9964751,1.4266028,0.088249772,2.8521061,0.2691305,0.067992985,65.736117,3.6195005
1965.5,1.6086628,7.1688513,3.5482542e-05,5.8736725,4.3202404,0.29678109,2.6480381,0.26628175,0.06581641,13.980839,1.6710552
1965.5833,1.7432023,8.8175843,1.203058e-05,4.3469964,3.2485156,0.22491328,3.2989368,0.26117027,0.063825555,4.8027321,1.9384714
1965.6667,1.9757589,9.8860338,9.3955678e-06,2.750595,2.1196961,0.1461334,4.2127018,0.2539776,0.064646468,2.0252044,3.1893762
1965.75,2.2853813,5.8081523,7.5286093e-06,0.86824963,0.50616407,0.054221832,4.7288208,0.24645661,0.068141863,0.7193789,2.7838128
1965.8333,2.3115682,0,1.0200398e-05,0.092973389,0,0,5.2171521,0.23954989,0.072706386,0,0.50874204
1965.9167,2.1554993,0,1.7977352e-05,-1.6204544e-11,0,0,6.0999694,0.23319773,0.076894321,0,0.65849222
1966,1.9269754,0,2.0841835e-05,-1.010077e-11,0,0,7.124651,0.22704211,0.080753185,0,0.35696675
1966.0833,1.7170671,0,2.2964632e-05,-2.4153362e-05,0,0,7.7576385,0.22140524,0.084092915,0,0.31748123
1966.1667,1.5317238,0,2.5652153e-05,-0.0003292468,0,0,8.2336712,0.21598357,0.087131195,0,0.28285019
1966.25,1.3621052,0,2.987384e-05,-0.00056810099,0,0,8.6087198,0.21058932,0.08999338,0,0.24870906
1966.3333,1.2118868,0,3.7196896e-05,-0.0018094912,0,0,8.6204796,0.20540571,0.092594169,0,0.21240104
1966.4167,1.1363645,2.2572305,4.1160994e-05,1.5523098,0.90012332,0.044586162,8.16716,0.20053025,0.094715498,52.119525,1.4068406
1966.5,1.2094645,5.8663762,2.7889781e-05,5.8058042,4.1607355,0.22339701,9.6468563,0.19846822,0.094012536,14.762502,2.095719
1966.5833,1.4804766,7.4092597,7.7421737e-06,4.9231634,3.6060863,0.21647749,11.297112,0.2020019,0.093517095,4.6323576,4.0013772
1966.6667,1.9669693,8.4312325,5.1936427e-06,3.1491419,2.3791755,0.15448208,11.917109,0.20989653,0.096697763,1.9603583,5.6976509
1966.75,2.4671201,5.8618826,4.9907944e-06,0.82757578,0.64658139,0.041998051,11.704921,0.22215065,0.10409828,0.2452106,4.5394739
1966.8333,2.5883161,0,5.4370803e-06,0.076493124,0,0,11.668788,0.23643433,0.11362345,0,0.57171604
1966.9167,2.5836169,0,7.1871318e-06,0.0034361655,0,0,11.838195,0.24946252,0.12241242,0,1.0484036
1967,2.6084369,0,1.286892e-05,0.0017843705,0,0,13.423883,0.26039642,0.13014071,0,0.4197075
1967.0833,2.4390225,0,2.5778421e-05,-1.3197479e-05,0,0,14.659181,0.26917329,0.13618381,0,0.38586838
1967.1667,2.176896,0,2.7795191e-05,-0.00025496901,0,0,15.081139,0.27789453,0.14186561,0,0.34035646
1967.25,1.7838906,0,3.2640801e-05,-0.00054847445,0,0,15.234401,0.28547308,0.14698175,0,0.29937445
1967.3333,1.2333429,0,4.7636095e-05,0.63335407,0,0,16.551901,0.29173368,0.14690021,0,0.2736326
1967.4167,1.3256827,3.0089743,4.2655611e-05,4.8669687,3.6552727,0.1934276,17.947802,0.29814789,0.14463858,47.846704,2.5710957
1967.5,1.6469387,4.8703724,9.6811646e-06,5.0148731,4.212608,0.2507468,23.227932,0.31153953,0.14190362,4.707843,3.8017839
1967.5833,2.0810047,5.4329769,5.4191346e-06,4.2951509,3.7116046,0.2347026,26.877567,0.33386356,0.14172104,1.1038264,5.3767345
1967.6667,2.6681593,5.7427846,4.6628111e-06,3.027777,2.6074756,0.17890762,28.822079,0.36441207,0.14623097,0.97430959,7.5449191
1967.75,3.2914258,3.4755447,4.5910174e-06,0.91612946,0.75838095,0.058415122,29.599226,0.40412012,0.15632717,0.33142397,5.2846245
1967.8333,3.3132434,0,8.2840297e-06,0.023149503,0,0,30.677534,0.44686702,0.16904844,0,0.70152377
1967.9167,2.9365979,0,1.4798112e-05,-6.7531176e-09,0,0,32.206158,0.48513034,0.18070622,0,1.5157864
1968,2.5819235,0,1.7959776e-05,-5.7644003e-10,0,0,33.670029,0.51942843,0.19362983,0,0.54437725
1968.0833,2.2841471,0,1.9772633e-05,-7.1733191e-07,0,0,34.564358,0.54826671,0.20688301,0,0.48178959
1968.1667,2.0109303,0,2.1970038e-05,-7.5351633e-06,0,0,35.199463,0.57368708,0.22562057,0,0.42977334
1968.25,1.7730835,0,2.7181306e-05,-0.00015182605,0,0,35.750713,0.59718519,0.25649145,0,0.38068677
1968.3333,1.5699429,0,3.1981999e-05,0.082768822,0,0,35.861679,0.61821884,0.28981298,0,0.34396529
1968.4167,1.6560978,1.3429715,3.4518005e-05,4.1393748,2.7286659,0.11180552,36.331955,0.63774878,0.32374579,25.106922,3.0806361
1968.5,2.2252621,2.7499578,9.0175754e-06,4.9495606,4.2209262,0.20541492,50.819477,0.6635766,0.35591486,0.80001776,5.0873919
1968.5833,2.8270253,2.9426748,5.3659196e-06,3.7714405,3.34841,0.17693552,61.879124,0.69955921,0.4006072,0.004358656,6.8545443
1968.6667,3.5794482,3.1548445,4.5398033e-06,2.7244253,2.585141,0.14272794,67.127426,0.7439633,0.46750635,0.0023380885,8.4308136
1968.75,4.520311,2.7802936,4.4797571e-06,0.64308855,0.44061111,0.041868982,67.169098,0.79754889,0.54820806,0.0020052502,7.4159708
1968.8333,4.8301308,0,4.8142306e-06,0.043147793,0,0,65.983475,0.85539895,0.62558389,0,1.0047212
1968.9167,4.5745526,0,6.1955766e-06,0.00043595196,0,0,67.370316,0.90856159,0.69971323,0,2.5364517
1969,4.2417138,0,8.6366636e-06,-3.5393816e-08,0,0,68.344978,0.95740789,0.78405017,0,0.94789206
1969.0833,3.7588095,0,1.5569178e-05,-3.5524096e-07,0,0,68.976326,0.99962962,0.85819954,0,0.84833901
1969.1667,3.1738784,0,1.8577442e-05,-0.00038829125,0,0,70.271126,1.0379771,0.92397588,0,0.7207738
1969.25,2.8062181,0,2.0772246e-05,-0.00017318922,0,0,70.086227,1.0740379,0.98446786,0,0.63862806
1969.3333,1.780992,0.29478915,3.1971616e-05,2.435038,0.84553714,0.029430921,71.020119,1.1067388,1.0294032,14.539186,1.2251134
1969.4167,2.2269501,1.4886804,9.0894755e-06,4.9072294,4.6430012,0.17845757,87.703583,1.1424586,1.0417508,0.052824499,4.4174658
1969.5,2.9354333,1.8084149,4.2819033e-06,4.7346618,4.6479695,0.19796109,111.55436,1.1906855,1.0421928,0.019598639,5.2745192
1969.5833,4.0027392,2.3817339,3.5388966e-06,3.2951672,3.3864327,0.16838492,124.56647,1.2516104,1.0425954,0.012576116,6.5309276
1969.6667,5.1424759,2.9303073,3.22814e-06,2.5327195,2.6325351,0.14583895,131.28761,1.3231808,1.043103,0.018199239,7.9593929
1969.75,6.3709687,3.4591986,3.1955681e-06,1.0635265,1.1276174,0.06646989,130.68109,1.4068894,1.0436815,0.020027583,9.4250982
1969.8333,6.9861826,0.12433056,3.566234e-06,0.043206713,0.0093370655,0.0015048011,127.66155,1.499639,1.0442375,0.001294872,2.1544739
1969.9167,6.2537049,0,4.8802362e-06,0,0,0,130.90919,1.5865885,1.044734,0,3.6201815
1970,5.6159692,0,3.5835732e-05,0,0,0,128.7821,1.6656808,1.0451909,0,1.2642175
1970.0833,4.510053,0,1.0399798e-05,0,0,0,121.57837,1.7329682,1.0455787,0,1.014785
1970.1667,3.5922599,0,1.2288342e-05,0,0,0,114.75661,1.7934349,1.0458943,0,0.78924095
1970.25,3.0661579,0,1.4819376e-05,-7.7489421e-06,0,0,107.6655,1.8497354,1.0460329,0,0.67039581
1970.3333,2.4851495,0.06832715,2.0379977e-05,0.6894076,0.12101685,0.0026478072,99.422607,1.9003427,1.0376784,12.142033,0.74337415
1970.4167,3.028383,1.3205283,1.5360538e-05,4.2852697,4.859521,0.14870178,99.129845,1.9507648,1.0320545,0.08479569,4.847452
1970.5,3.7986746,1.5182226,5.5142259e-06,4.0826205,4.4555143,0.164356,119.68233,2.0132847,1.0325022,0.024809358,5.588719
1970.5833,4.7417954,1.8053297,3.931711e-06,3.2893127,3.605228,0.15163176,126.93631,2.0891929,1.0329106,0.0084421934,6.6715463
1970.6667,5.9699784,2.2958349,3.6123572e-06,2.1361584,2.463076,0.11821247,124.33728,2.1755965,1.0334103,0.011962273,7.9177776
1970.75,7.0965108,1.2862486,3.7705536e-06,0.41556063,0.4144734,0.027744489,117.03415,2.2731097,1.0339926,0.0070128416,5.3658917
1970.8333,6.9593312,0,4.5380252e-06,0.024147875,0,0,107.56892,2.3702333,1.0345412,0,1.580775
1970.9167,5.6457324,0,5.406157e-06,-4.882415e-11,0,0,98.929443,2.4577732,1.035051,0,3.4589937
1971,5.0237011,0,6.7598526e-06,-1.0819932e-06,0,0,90.182457,2.5377991,1.0355277,0,1.1392902
1971.0833,4.2375922,0,1.1783308e-05,-6.2602106e-05,0,0,83.103508,2.6064084,1.0514061,0,0.95958967
1971.1667,3.6226085,0,1.2918218e-05,-1.2290891e-05,0,0,75.265373,2.6683671,1.1132455,0,0.81860032
1971.25,3.1129478,0,1.5312018e-05,-6.0815564e-05,0,0,69.39817,2.7263868,1.174069,0,0.70350917
1971.3333,2.680308,0,2.0031133e-05,0.068012672,0,0,64.403412,2.7787595,1.2300766,0,0.60564955
1971.4167,2.8544106,0.71306707,2.5365063e-05,3.6229227,3.0228728,0.091196132,65.227676,2.8274641,1.2776886,9.4943081,2.7621351
1971.5,3.7604934,1.1645606,8.6359414e-06,3.4446258,3.5374556,0.12755012,90.086067,2.8812184,1.2803929,0.030492468,3.7756251
1971.5833,4.9701463,1.6363463,6.3420066e-06,2.7132699,2.8491191,0.13024533,108.40278,2.9415646,1.2809715,0.027391524,4.4004259
1971.6667,6.1962754,2.1073343,5.3579315e-06,1.9530288,2.1788308,0.11384788,109.45096,3.0051193,1.2816186,0.026689978,4.9572221
1971.75,7.4140029,2.5614805,5.3625936e-06,0.64121694,0.73072497,0.0159452,100.14994,3.0718777,1.2822793,0.020014674,5.3080764
1971.8333,8.0890125,0.18672146,6.0657094e-06,0.10078588,0.016452789,4.1336665e-06,89.82991,3.1393406,1.282692,1.0337816e-08,2.2253144
1971.9167,8.0825314,0,9.2128603e-06,0.0013154265,0,0,85.10862,3.2009523,1.2830149,0,5.1592085
1972,8.3266394,0,1.4315097e-05,0.00011861016,0,0,81.287033,3.2565668,1.2833092,0,1.9029298
1972.0833,7.9229502,0,1.508369e-05,8.258364e-05,0,0,72.24556,3.3036098,1.2835716,0,1.8083388
1972.1667,6.2657031,0,1.6889613e-05,-1.5527967e-05,0,0,65.649429,3.3452406,1.2840947,0,1.4296604
1972.25,5.3955782,0,1.9537663e-05,-1.9852477e-05,0,0,59.757175,3.3833561,1.2846994,0,1.2306861
1972.3333,4.8464132,0,2.3122415e-05,1.3308394,0,0,56.888374,3.4169009,1.2852429,0,1.1055641
1972.4167,5.5743181,1.5837562,2.5186897e-05,3.5926334,3.6097504,0.19152759,69.168083,3.4403031,1.2848346,21.76621,18.89973
1972.5,8.1650233,2.5034372,9.332126e-06,3.6293814,4.0374098,0.28941286,101.07433,3.4488323,1.2840018,2.9031993,14.175733
1972.5833,9.6240425,3.0447391,8.0792397e-06,2.8346566,3.3153648,0.26327329,124.97881,3.4598703,1.2842755,0.73870158,5.5805686
1972.6667,10.88381,3.5485893,7.8432504e-06,1.7656549,2.2139689,0.18667695,134.12695,3.4710829,1.2848402,0.78041104,5.6764892
1972.75,12.122633,4.0518269,8.0485943e-06,0.73694586,0.88972255,0.059186019,130.61188,3.4811683,1.2854872,0.9820375,6.0674642
1972.8333,13.063583,1.611479,8.0786876e-06,0.087604343,0.080265148,5.5747614e-06,110.71497,3.4892423,1.2859536,0.30743227,4.0045072
1972.9167,13.120729,0,8.8208853e-06,0.00065570681,0,0,99.576454,3.4959388,1.286316,0,8.477769
1973,13.534298,0,1.4933881e-05,0.00042107696,0,0,88.504921,3.5018675,1.2866476,0,3.1007282
1973.0833,13.506408,0,1.3469113e-05,0.0057760706,0,0,78.279808,3.506778,1.2869331,0,3.0953285
1973.1667,13.477069,0,1.4499596e-05,0.042149294,0,0,67.536942,3.5110524,1.2871914,0,3.0289956
1973.25,13.439782,0,1.4801847e-05,0.16392422,0,0,56.617424,3.5148263,1.2874331,0,2.9595609
1973.3333,13.400062,0.093384115,1.5862815e-05,0.54624902,0,0,48.827309,3.5179632,1.2876503,33.90004,3.1935233
1973.4167,14.824172,4.8389803,1.3362855e-05,3.2423686,4.3809941,0.49788789,44.858376,3.5157592,1.2843748,34.182009,48.199576
1973.5,18.973324,6.5839877,7.3185483e-06,3.4796554,4.5404578,0.68402653,58.32634,3.5079906,1.275961,3.2661295,18.540535
1973.5833,20.618495,7.1797483,5.8769406e-06,2.4884769,3.3583074,0.49797882,67.097198,3.5061095,1.2697859,1.142136,10.041417
1973.6667,22.002272,7.6986747,5.4228058e-06,1.9051526,2.6209767,0.39405463,65.866394,3.506572,1.2662853,1.0591556,9.7734614
1973.75,23.208966,5.5018486,5.4006632e-06,0.53602364,0.63739996,0.056761957,59.972836,3.5079618,1.2641339,0.69529513,7.7035698
1973.8333,23.43135,0,5.7033576e-06,0.044780843,0,0,53.222038,3.5089662,1.2623821,0,5.3774238
1973.9167,23.407735,0,6.2860531e-06,0.00016377004,0,0,48.708904,3.5095842,1.2608035,0,14.848187
1974,24.116008,0,6.8081067e-06,0.00024088152,0,0,44.10133,3.5098875,1.2593547,0,5.4942802
1974.0833,24.062317,0,7.1912473e-06,0.002273752,0,0,39.562565,3.5099018,1.2581069,0,5.4326955
1974.1667,24.000473,0,7.6579909e-06,0.04922234,0,0,35.26952,3.509644,1.2569773,0,5.272611
1974.25,23.929624,0,8.1733242e-06,0.1612908,0,0,31.070654,3.5090733,1.2559174,0,5.2451743
1974.3333,23.859303,0,9.7421052e-06,0.48128219,0,0,27.954811,3.5081768,1.2549579,0,5.2352681
1974.4167,25.235344,7.6551489,9.5455198e-06,2.6573757,3.8959652,0.68635064,27.811043,3.505266,1.2527816,110.75333,40.269471
1974.5,28.337162,9.9713169,6.1801625e-06,3.1501407,4.6867845,0.89733901,35.559216,3.4952285,1.2473757,3.3206663,14.987635
1974.5833,29.927496,10.570217,4.9658643e-06,2.6963991,4.0045024,0.76290784,38.694714,3.4855623,1.2421752,1.3709457,13.299735
1974.6667,31.405404,11.104472,4.4566264e-06,1.8725864,2.8869592,0.54980003,38.213047,3.4784095,1.2389637,1.1789628,12.99171
1974.75,32.556619,4.8092003,4.4372914e-06,0.48295398,0.62651117,0.13227162,35.844006,3.4745116,1.2372867,0.46329128,9.8179406
1974.8333,32.61007,0,5.1259085e-06,0.0037064119,0,0,34.944088,3.4767909,1.2361722,0,7.474903
1974.9167,30.963115,0,6.1294486e-06,0,0,0,33.580261,3.4787705,1.2351935,0,18.827971
1975,27.776994,0,6.7734886e-06,-5.6050201e-10,0,0,31.901098,3.4790807,1.2343184,0,6.3664509
1975.0833,24.258025,0,7.6940823e-06,-1.522483e-06,0,0,30.654062,3.4786785,1.2336235,0,5.5385083
1975.1667,21.2024,0,8.7290273e-06,-1.7666911e-05,0,0,29.256548,3.4766886,1.2330182,0,4.7711745
1975.25,18.444009,0,9.9205681e-06,-0.00011366492,0,0,27.339314,3.4727738,1.2324615,0,4.031494
1975.3333,16.053291,0,1.1437814e-05,-0.00014466503,0,0,25.367382,3.4670382,1.2319694,0,3.5056826
1975.4167,16.132452,5.1638871,1.1848865e-05,2.3893734,4.0251365,0.43365299,24.542278,3.4537466,1.2310652,73.612856,22.240054
1975.5,18.083492,6.8494603,7.1041945e-06,3.2080471,4.9200042,0.61412264,32.888283,3.4304628,1.2288826,2.5048072,10.150683
1975.5833,19.570736,7.408733,5.1077159e-06,2.7139483,4.3626158,0.54130775,40.98584,3.4121106,1.2277789,0.63560083,8.2428657
1975.6667,20.896243,7.9012606,4.3982918e-06,1.5532942,2.6479933,0.34012565,42.746967,3.3992338,1.2287742,0.62762827,8.4058763
1975.75,22.177393,8.0988975,4.3130117e-06,0.55544365,0.81202447,0.14740542,40.805935,3.3893602,1.231065,0.45314614,8.0579726
1975.8333,22.399558,0,5.0970084e-06,0.0012080648,0,0,38.938065,3.3826709,1.234044,0,5.1401694
1975.9167,19.963648,0,5.9250037e-06,0,0,0,37.829582,3.3787348,1.236972,0,12.158487
1976,17.966103,0,6.5372446e-06,0,0,0,36.64175,3.3728504,1.2396328,0,4.1148038
1976.0833,15.761979,0,7.3361794e-06,-5.1061909e-08,0,0,35.504047,3.3654039,1.242548,0,3.6104562
1976.1667,13.864677,0,8.225993e-06,-1.4117764e-05,0,0,34.12191,3.3562927,1.2495751,0,3.1765104
1976.25,12.143354,0,9.2104792e-06,-0.00027823153,0,0,32.486214,3.3462317,1.2522753,0,2.9343184
1976.3333,10.74636,0,1.0819724e-05,0.55730453,0,0,31.193935,3.3336325,1.2571594,0,2.443647
1976.4167,11.435052,4.5308694,8.7483058e-06,2.7771806,4.9852474,0.35198188,38.101326,3.3080947,1.2801086,54.439263,12.49505
1976.5,12.715617,5.2104122,5.3626673e-06,2.847584,5.1297607,0.38344644,53.869957,3.2775517,1.3027977,0.33265997,7.9792236
1976.5833,13.90727,5.7194028,4.3043706e-06,2.2601283,4.1901991,0.31162593,65.452553,3.2502441,1.3292093,0.1620267,7.4847738
1976.6667,15.01114,6.2006987,3.9763427e-06,1.564842,2.9616072,0.2205759,70.677902,3.2288647,1.3610532,0.15427716,7.0702357
1976.75,16.077088,6.4345077,3.8950279e-06,0.56615717,1.0531117,0.089306166,67.880074,3.2058809,1.3924997,0.10128349,7.6683522
1976.8333,16.154805,0,4.3824466e-06,0.0039369338,0,0,66.306854,3.1867998,1.4194077,0,3.7072646
1976.9167,14.633087,0,5.9399263e-06,0,0,0,65.671913,3.1701863,1.445415,0,9.017626
1977,13.28958,0,6.6651301e-06,-1.8207775e-07,0,0,64.661476,3.1500702,1.4837536,0,3.0552549
1977.0833,10.958326,0,8.2025754e-06,-4.3256111e-06,0,0,63.274387,3.1260712,1.5310191,0,2.5198318
1977.1667,8.2309609,0,9.9415302e-06,-1.8473245e-07,0,0,61.544552,3.0984623,1.6322304,0,1.8905988
1977.25,7.4795731,0,1.1541149e-05,0,0,0,59.601376,3.0693104,1.7568556,0,1.7141626
1977.3333,6.8970108,0.13634918,1.396233e-05,0.23950212,0.12986645,0.0039806064,56.324997,3.0409083,1.8696594,24.81089,3.4850638
1977.4167,7.7736042,2.5214197,1.2749117e-05,2.3857904,5.0907955,0.18377343,60.594296,3.01686,1.9618454,2.642058,7.277161
1977.5,8.895441,2.9626689,6.7449337e-06,2.5197112,5.3928541,0.21740951,92.372742,3.0007775,2.0246184,0.58039004,4.0657051
1977.5833,9.4921784,3.1685845,5.2163432e-06,2.0587999,4.580834,0.18941243,121.71391,2.9903593,2.0767713,0.24804498,3.3044
1977.6667,10.264481,3.4618052,4.7513158e-06,1.3283335,3.1010219,0.12884627,139.83774,2.9846771,2.1208482,0.25170768,3.5368299
1977.75,11.18005,2.0737057,4.8184602e-06,0.35134856,0.82630307,0.037104185,141.01878,2.9821374,2.1561601,0.13045285,3.0954401
1977.8333,10.803221,0,6.2538224e-06,0.00082806077,0,0,138.2164,2.9809144,2.1890008,0,2.4601512
1977.9167,9.6096573,0,7.8092908e-06,-2.7879787e-11,0,0,135.84398,2.9790089,2.2215939,0,5.9067653
1978,8.9866705,0,9.166276e-06,-2.74438e-07,0,0,132.31285,2.9760571,2.2522185,0,2.054704
1978.0833,8.175212,0,1.0160852e-05,-1.0783576e-06,0,0,128.77339,2.9723573,2.2785816,0,1.8697695
1978.1667,7.4353316,0,1.1339486e-05,0,0,0,124.7397,2.9678202,2.3024318,0,1.4920335
1978.25,6.7264298,0,1.294099e-05,0,0,0,120.18764,2.9622886,2.3247662,0,1.2642459
1978.3333,6.3289567,0.53537689,1.5065584e-05,0.47980885,1.1847366,0.030442187,114.1089,2.9559491,2.3446572,22.710188,2.36
1978.4167,7.3658442,2.5297611,1.1415463e-05,2.0284777,5.1305695,0.18150781,138.71786,2.9499865,2.3555408,4.231599,4.6289243
1978.5,8.613443,3.1251886,6.9028274e-06,2.1812546,5.4879768,0.23428685,190.11014,2.9466724,2.3595736,0.72925102,4.3086827
1978.5833,9.0889689,3.3178045,5.2914456e-06,1.7841673,4.6291526,0.21300936,228.58127,2.9461234,2.3629999,0.61285048,4.3400941
1978.6667,7.7879978,2.8041538,4.913577e-06,1.2012821,3.2175663,0.13583622,248.10945,2.94753,2.3662641,0.32685955,3.1217275
1978.75,6.296467,1.6159529,4.9856812e-06,0.25028656,0.57051228,0.033684161,240.42751,2.9502146,2.3697081,0.096376215,1.8371333
1978.8333,5.8654868,0,5.8681348e-06,0.022127004,0,0,226.16756,2.9532216,2.3743298,0,1.1661638
1978.9167,5.844044,0,6.7920869e-06,0.00066322105,0,0,215.50966,2.9559712,2.3790171,0,3.1417719
1979,5.9725596,0,1.5678976e-05,0.00022995706,0,0,200.24724,2.9584687,2.3833182,0,1.1892821
1979.0833,5.9451861,0,8.5682723e-06,4.0334512e-19,0,0,181.77184,2.960588,2.3870213,0,1.141505
1979.1667,5.9162071,0,9.3429644e-06,0.031993559,0,0,162.9288,2.9624474,2.3903749,0,1.1379204
1979.25,5.8867382,0,1.3941049e-05,0.059328892,0,0,143.7789,2.9640868,2.393523,0,1.136136
1979.3333,5.857754,0,1.6386537e-05,0.19531837,0,0,125.9964,2.965431,2.3963752,0,1.1344446
1979.4167,5.7720533,1.9304745,1.8979728e-05,1.3819575,3.9380505,0.16986731,119.26192,2.9651747,2.3951027,25.238555,14.449043
1979.5,6.8960963,2.3421454,9.9025519e-06,2.0305969,5.7200596,0.31068945,184.04979,2.964644,2.3901615,1.2562836,6.1031204
1979.5833,7.4691898,2.5056894,7.5605858e-06,1.4595203,4.2480708,0.24009999,253.38409,2.9667284,2.3906317,0.55683588,3.8570499
1979.6667,7.7215848,2.5481042,6.631798e-06,1.0775086,3.2772012,0.17502731,266.65823,2.9700074,2.3919363,0.42227522,3.5893048
1979.75,8.1486618,2.3102376,6.7906026e-06,0.49027519,1.4491253,0.084781302,249.45149,2.9743421,2.3861251,0.4277578,3.7084856
1979.8333,8.3617866,0,7.3364617e-06,0.055634513,0,0,223.26707,2.9793851,2.3827851,0,1.9189056
1979.9167,8.3522638,0,8.0850541e-06,0.00012587257,0,0,200.45944,2.984148,2.3827655,0,5.2581694
1980,8.6077033,0,8.7849794e-06,0.00025557339,0,0,177.42084,2.988518,2.3827479,0,1.9753187
1980.0833,8.5890908,0,9.5541563e-06,0.011931285,0,0,158.13182,2.99228,2.3827326,0,1.9707128
1980.1667,8.5704848,0,1.0681162e-05,0.0215128,0,0,140.20988,2.9956832,2.3827186,0,1.9661805
1980.25,8.5512968,0,1.4940735e-05,0.051729832,0,0,123.1053,2.9988701,2.382705,0,1.9617668
1980.3333,8.5321674,0,1.606843e-05,0.20232773,0,0,108.38647,3.0017469,2.3826923,0,1.9573536
1980.4167,9.1513982,2.7998276,1.6043221e-05,0.94456395,3.0060904,0.19346703,103.68195,3.0014191,2.3825436,41.664167,24.615243
1980.5,12.228446,4.13618,1.0439174e-05,1.7164353,6.1348281,0.55862174,155.58475,2.9938421,2.3827515,6.7177608,26.047699
1980.5833,13.725161,4.5787506,7.5092812e-06,1.3935042,5.2088582,0.49781188,213.94797,2.9916096,2.3836784,1.1524361,8.2142215
1980.6667,15.173127,5.0823526,6.7825658e-06,0.85082443,3.3271166,0.31515247,227.96669,2.9925041,2.3843081,1.0704382,7.6195638
1980.75,16.58795,5.5855666,6.8053182e-06,0.31763575,1.2110628,0.092809149,211.02371,2.9947438,2.384738,1.2079755,8.0053146
1980.8333,17.566491,1.7731725,7.1732743e-06,0.026367894,0.12605937,1.9338788e-05,183.22453,2.99734,2.3846738,0.33345608,4.7747173
1980.9167,17.573906,0,7.7519508e-06,7.2627273e-05,0,0,161.51108,2.9995551,2.3842933,0,9.835956
1981,17.983004,0,8.2803545e-06,0.0030177802,0,0,140.22552,3.0015538,2.3839405,0,3.8385075
1981.0833,17.919512,0,8.8314546e-06,0.011448736,0,0,122.88512,3.0032449,2.3836365,0,3.7307323
1981.1667,17.851628,0,9.3269855e-06,0.033182933,0,0,106.95856,3.0047352,2.3833611,0,3.7138727
1981.25,17.782139,0,1.1892722e-05,0.05249693,0,0,92.020401,3.0060608,2.3831017,0,3.705184
1981.3333,17.51685,0,1.2694462e-05,0.16908888,0,0,78.708824,3.0071623,2.3828824,0,3.693732
1981.4167,19.940354,6.6646882,1.1928139e-05,1.5374852,6.1707577,0.78476515,82.922447,3.0045927,2.376914,92.481708,77.567426
1981.5,24.845123,8.4842257,7.4539457e-06,1.537002,6.1755861,0.94894097,124.15501,2.9989166,2.3602746,4.2664547,22.049184
1981.5833,26.866673,9.1565577,6.1451201e-06,1.3063968,5.3372321,0.83445317,151.51727,2.9980035,2.3463848,2.0888582,14.254189
1981.6667,28.467668,9.7181648,5.5311466e-06,0.87649811,3.7079166,0.57948989,155.40956,2.9992728,2.3350377,1.6373883,12.986954
1981.75,30.010479,10.258778,5.5578475e-06,0.23078208,0.86529135,0.15452912,138.11742,3.0018029,2.3248241,1.6428876,12.795516
1981.8333,30.689886,0.35102939,5.9169406e-06,0.0026404439,0.00026191438,0.0010341107,117.78909,3.005147,2.3159077,0.044712059,6.6837072
1981.9167,30.608082,0,6.3877842e-06,8.5817119e-20,0,0,102.42469,3.0086606,2.3078499,0,16.696094
1982,31.272255,0,6.5672411e-06,0.00060235328,0,0,87.410545,3.0117223,2.300458,0,6.6656144
1982.0833,31.168086,0,6.986983e-06,0.0070592476,0,0,75.314552,3.0143032,2.2940938,0,6.6514682
1982.1667,31.064894,0,8.0764885e-06,0.013277908,0,0,64.68248,3.0165803,2.2883344,0,6.6373382
1982.25,30.959165,0,8.9553059e-06,0.039481476,0,0,56.495743,3.0186324,2.2829361,0,6.622445
1982.3333,30.85408,0,9.8819746e-06,0.16535111,0,0,49.059917,3.0203693,2.2780542,0,6.5851183
1982.4167,32.967877,9.8782899,9.4104944e-06,1.0819799,4.9670717,0.79560517,48.261402,3.0190401,2.2683976,152.03202,88.431206
1982.5,39.231703,13.591479,6.6778766e-06,1.6246371,7.3586169,1.5979253,81.24675,3.0128338,2.2391782,8.8501715,34.30863
1982.5833,41.380081,14.52236,5.5091682e-06,1.2640719,5.7743359,1.2588334,96.186752,3.0111063,2.1994519,4.9086889,22.694135
1982.6667,42.916786,15.28077,5.2851506e-06,0.74602335,3.5241024,0.75406817,98.796547,3.011323,2.1506574,3.6621372,22.518848
1982.75,44.2742,10.764387,5.1745051e-06,0.19950486,0.9607413,0.20347944,84.188179,3.0126195,2.0894468,2.7206194,19.474567
1982.8333,44.467796,0,5.2890796e-06,0.0033523582,0,0,70.095505,3.0152535,2.0225937,0,9.8222979
1982.9167,44.380803,0,5.5316186e-06,0.00022434454,0,0,59.520367,3.017864,1.9614091,0,24.985232
1983,45.412317,0,5.667976e-06,0.00043510409,0,0,49.919289,3.0201335,1.9053185,0,10.057051
1983.0833,45.289554,0,5.9425479e-06,0.004221545,0,0,42.399918,3.0221381,1.8572408,0,10.014436
1983.1667,45.165151,0,6.8777708e-06,0.0097982184,0,0,36.186745,3.0237381,1.8137401,0,9.9761642
1983.25,45.037407,0,7.1262102e-06,0.042511179,0,0,30.535469,3.0248551,1.7729704,0,9.9509284
1983.3333,44.942554,0.49198983,7.3873903e-06,0.40290563,0,0,25.949755,3.0250912,1.7366532,179.37095,24.618713
1983.4167,52.1564,18.48015,6.3933658e-06,1.5739765,7.3262669,1.9071504,31.601685,3.0201616,1.7037308,55.364861,142.03357
1983.5,56.876082,20.95818,5.1971929e-06,1.6414697,7.51827,1.9289164,55.504593,3.0066123,1.6600268,8.9339079,33.517072
1983.5833,58.59571,21.91939,4.7356639e-06,1.0653678,5.0064503,1.2340912,66.564751,2.991092,1.6108972,3.6306997,26.521926
1983.6667,60.005415,22.650408,4.4156882e-06,0.73438042,3.6085389,0.84390975,64.064629,2.9736834,1.570845,3.0113892,24.839217
1983.75,61.228126,14.982681,4.3426398e-06,0.21943117,0.99858855,0.22336754,55.469574,2.9537416,1.5317754,2.2564324,21.300794
1983.8333,61.401326,0,4.5203756e-06,0.001439095,0,0,47.41272,2.9366591,1.5059751,0,14.079212
1983.9167,61.333619,0,4.7438966e-06,0.001738152,0,0,40.413372,2.9200594,1.4853346,0,33.742441
1984,62.825464,0,4.8911074e-06,0.00022392146,0,0,33.935032,2.9043128,1.466258,0,14.32744
1984.0833,62.701762,0,5.0935514e-06,9.2286973e-06,0,0,28.930946,2.8903761,1.4505538,0,14.289268
1984.1667,62.581889,0,5.2883051e-06,0.0076250438,0,0,24.722988,2.8763201,1.4420406,0,14.26221
1984.25,62.45891,0,5.4466577e-06,0.0014163406,0,0,20.971523,2.8602686,1.4353319,0,14.235591
1984.3333,62.412787,0.72864437,5.6723857e-06,0.17813387,0,0,17.79421,2.8406146,1.4335573,265.74344,41.145716
1984.4167,66.616185,24.329243,5.3115159e-06,1.4706297,7.9735725,1.8436689,19.468075,2.8145993,1.4258238,27.701206,49.402409
1984.5,69.010027,26.10817,4.6877462e-06,1.3906303,6.9257116,1.6608933,28.736429,2.7840281,1.410881,10.543653,35.577426
1984.5833,70.970707,27.28151,4.3451514e-06,1.0018422,5.2582073,1.2155348,32.115734,2.7552538,1.3966266,5.5329309,32.991798
1984.6667,72.789527,28.122146,4.1239628e-06,0.74098017,3.953397,0.8901793,31.379107,2.730098,1.3821517,4.2600449,32.956772
1984.75,74.477874,24.210209,4.0638433e-06,0.22773959,1.1818419,0.27728584,27.586618,2.7067809,1.3694299,3.6704506,29.870086
1984.8333,74.956946,0,4.1590561e-06,0.010503898,0,0,22.737366,2.6881702,1.3662652,0,17.166125
1984.9167,74.895129,0,4.2981901e-06,0.00038180268,0,0,18.816074,2.6725976,1.3685952,0,41.001761
1985,76.725431,0,4.4213489e-06,0.0025467997,0,0,15.486052,2.657155,1.3707229,0,17.563926
1985.0833,76.586016,0,4.5599722e-06,0.0085478203,0,0,12.962129,2.6431179,1.3725315,0,17.101155
1985.1667,76.412395,0,4.7458225e-06,0.010571604,0,0,10.911485,2.6294007,1.37413,0,16.858775
1985.25,76.203585,0,4.8996367e-06,0.0010881963,0,0,9.1395884,2.6143978,1.3757201,0,16.136264
1985.3333,75.96232,0,5.0386948e-06,0.099354128,0,0,7.7286353,2.5951486,1.379256,0,15.988088
1985.4167,77.694342,24.618017,5.0255044e-06,0.78556891,4.3564988,0.91045256,6.640337,2.5709078,1.3761886,348.13094,66.467034
1985.5,81.140392,30.546552,4.8059605e-06,1.4985767,7.7717469,1.7163993,8.4507217,2.5434568,1.3589666,28.082367,48.883556
1985.5833,83.185576,32.957368,4.4601989e-06,1.1198537,5.6998036,1.2675859,11.587592,2.5184662,1.3375523,14.035014,39.90695
1985.6667,84.579803,34.140356,4.2551624e-06,0.69476295,3.6728971,0.81355702,11.466681,2.4931889,1.3125093,6.2105525,39.46158
1985.75,85.5207,23.67284,4.1482663e-06,0.20544871,1.0999385,0.17774484,10.088309,2.4705181,1.284023,3.868108,31.513129
1985.8333,85.451648,0,4.2397323e-06,0.005818805,0,0,8.4029617,2.4530387,1.2667575,0,17.779104
1985.9167,85.118294,0,4.3620516e-06,0.00066864394,0,0,7.1196613,2.4378242,1.2552025,0,28.380673
1986,85.690789,0,4.4532599e-06,5.7737811e-06,0,0,6.0215063,2.4231482,1.2445916,0,15.977331
1986.0833,85.196398,0,4.5634897e-06,0.0061280557,0,0,5.196352,2.4098265,1.2354468,0,13.712785
1986.1667,84.549092,0,4.6748269e-06,0.015050603,0,0,4.4746408,2.397078,1.227163,0,13.001453
1986.25,83.884127,0,4.7689555e-06,0.056054057,0,0,3.8773723,2.3843784,1.2193894,0,12.935537
1986.3333,83.057538,0,4.8422248e-06,0.17969446,0,0,3.4640887,2.3719559,1.2123611,0,8.692642
1986.4167,83.029941,19.812921,4.8459842e-06,0.99707258,4.8530762,1.0833274,3.2179384,2.3564856,1.1987753,355.38013,52.210385
1986.5,81.133291,33.121306,4.6603827e-06,1.4557249,7.7743683,1.8542729,3.5636554,2.3296731,1.1588969,63.120392,47.023152
1986.5833,78.992203,37.358548,4.8277134e-06,1.0376301,5.7199018,1.3518139,3.9056916,2.2987089,1.1070273,35.302778,46.370829
1986.6667,76.650314,40.015128,4.8764023e-06,0.62593398,3.5387402,0.80784076,3.9851556,2.2681623,1.050293,16.529274,39.671312
1986.75,74.114561,22.598531,4.9169471e-06,0.21051263,1.0803407,0.26981501,3.9097404,2.2383261,0.99266213,4.6889423,23.612932
1986.8333,72.994746,0,4.9528608e-06,0.019781951,0,0,3.5682814,2.2124517,0.94606972,0,9.3245087
1986.9167,72.287969,0,5.0568269e-06,0.0010548167,0,0,3.3437381,2.1880701,0.90539551,0,18.006803
1987,72.269216,0,5.1112906e-06,0.0014029012,0,0,3.1511974,2.1638291,0.86809707,0,9.4327789
1987.0833,71.568511,0,5.2367209e-06,0.0055357073,0,0,2.9722648,2.1415787,0.83600587,0,8.5112624
1987.1667,70.74558,0,5.3993986e-06,0.022532683,0,0,2.8043544,2.1197505,0.807006,0,7.0334022
1987.25,69.858588,0,5.5401138e-06,0.043732435,0,0,2.6969922,2.0974567,0.77989775,0,6.8375889
1987.3333,69.272235,2.6275185,5.6365689e-06,0.21759599,0.35951792,0.086305954,2.5963552,2.0757105,0.75557947,322.76711,43.05353
1987.4167,67.709617,33.066448,5.6001495e-06,1.4510235,8.0920821,2.0184713,2.6774588,2.0430088,0.72768116,111.80309,36.111261
1987.5,61.644066,40.313538,5.7036991e-06,1.4537991,7.389106,1.979538,3.2205353,2.0027995,0.69637865,65.140304,38.936365
1987.5833,57.110146,45.139439,5.7479256e-06,1.17762,6.2204573,1.6139167,3.8112564,1.9680573,0.66808134,34.586097,42.004235
1987.6667,54.786745,47.560334,5.7245079e-06,0.69283689,3.8612351,1.0012558,4.303266,1.9407576,0.64457649,15.574572,38.883203
1987.75,53.36209,49.114726,5.684883e-06,0.35400329,1.9607152,0.45451833,4.651166,1.9185606,0.62514776,10.880258,34.72256
1987.8333,53.174268,0,5.6674448e-06,0.015596586,0.015509018,0.0019843747,4.6825914,1.9035835,0.61152381,0,10.30725
1987.9167,52.943438,0,5.7628813e-06,0.0010479683,0,0,4.4766231,1.8948888,0.60187221,0,20.716246
1988,53.524882,0,5.7830298e-06,0.0016265685,0,0,4.2449532,1.8863138,0.59305608,0,9.6090582
1988.0833,53.196557,0,5.820415e-06,0.0047673367,0,0,4.0302277,1.8784804,0.58559418,0,9.2379976
1988.1667,52.870762,0,5.8849187e-06,0.021084889,0,0,3.8282366,1.8708129,0.5788843,0,9.2094015
1988.25,52.538589,0,6.0787029e-06,0.077585009,0,0,3.648248,1.8633572,0.57266748,0,9.1806812
1988.3333,52.857723,7.8160856,6.1963369e-06,0.48664088,1.5497842,0.43290049,3.5182793,1.8561563,0.56716281,428.31395,52.003503
1988.4167,55.656228,42.793531,5.5322525e-06,1.4972048,8.0961314,2.399621,3.6276405,1.8300627,0.55743623,126.4763,48.132818
1988.5,56.379691,49.375907,4.9025225e-06,1.6133451,8.3163995,2.5323978,4.0322556,1.8003452,0.54691291,67.013263,42.359113
1988.5833,57.080794,52.226923,4.4806711e-06,1.1148077,5.7528503,1.7244395,4.5606236,1.7749563,0.54247969,18.536851,34.077821
1988.6667,57.537023,53.719252,4.2799484e-06,0.70760547,3.74926,1.1097958,5.201313,1.7547793,0.54268295,7.4773477,30.182306
1988.75,58.542997,21.029502,4.2227889e-06,0.20770304,0.85241446,0.29527887,5.9009323,1.7415365,0.54775774,2.5172748,19.780085
1988.8333,58.338404,0,4.4435183e-06,0.0026223219,0,0,6.0850987,1.7393916,0.55690634,0,12.632654
1988.9167,54.059569,0,4.9220639e-06,-1.6693804e-10,0,0,6.2055469,1.7364544,0.56963342,0,21.666694
1989,51.758446,0,4.9672708e-06,0.0011150627,0,0,6.0901275,1.730497,0.58332366,0,11.024167
1989.0833,46.740811,0,5.9864055e-06,-1.0723686e-07,0,0,5.8955374,1.7230657,0.59641212,0,9.9223578
1989.1667,40.681839,0,6.6977427e-06,-1.7302065e-07,0,0,5.6602006,1.7117805,0.60925281,0,8.5386943
1989.25,34.852274,0,7.6028823e-06,0,0,0,5.3534546,1.688374,0.62154335,0,7.3247733
1989.3333,30.338688,0,8.5602114e-06,0.065737905,0,0,4.9916067,1.662007,0.62820864,0,6.3178442
1989.4167,30.898875,23.441769,8.6562914e-06,0.75092618,4.0422293,0.76356158,4.5441422,1.6343775,0.62458152,315.95164,46.101661
1989.5,32.029681,27.207751,6.8934132e-06,1.1825035,6.3583585,1.2975538,4.524425,1.609832,0.61641675,28.938764,26.748597
1989.5833,32.305703,28.831104,6.3136426e-06,1.0726588,5.7386444,1.1771476,4.9074411,1.5899885,0.61272967,16.776189,22.707242
1989.6667,32.939818,30.207163,5.8540668e-06,0.76364231,4.1978613,0.8582581,5.1233368,1.5753765,0.61212927,6.3231966,22.376622
1989.75,33.431549,24.86187,5.8205951e-06,0.28682164,1.5450645,0.312386,4.8313255,1.5662428,0.61397523,3.4662784,18.85656
1989.8333,33.504549,0,5.9440081e-06,0.00078968502,0,0,4.7338018,1.5635425,0.61886984,0,7.0666951
1989.9167,33.401679,0,6.2211188e-06,0.0011865905,0,0,4.5417228,1.5621743,0.62369484,0,12.779446
1990,33.661529,0,6.4483388e-06,2.9056012e-06,0,0,4.2973108,1.5607054,0.62811923,0,7.0250812
1990.0833,33.545624,0,6.7507576e-06,0.0015828601,0,0,3.9966173,1.5592424,0.63192505,0,6.9401819
1990.1667,33.395357,0,7.4507466e-06,0.02530929,0,0,3.7897611,1.5577135,0.63536566,0,6.2619059
1990.25,33.216946,0,7.771001e-06,0.054314091,0,0,3.5602992,1.5560589,0.63858414,0,6.170613
1990.3333,32.36888,0.75272116,8.0797008e-06,0.1552765,0,0,3.3537836,1.5544842,0.64314383,274.49282,24.414983
1990.4167,34.382313,26.789067,7.626048e-06,1.2506671,7.3280509,1.7432822,3.7470686,1.5500979,0.65012163,65.336294,47.675915
1990.5,36.109768,31.123208,7.0441547e-06,1.4001232,7.9679264,1.9230209,4.7149405,1.5455695,0.65328765,28.281074,37.999927
1990.5833,37.879992,33.164226,6.7340447e-06,1.1021241,6.1370449,1.5444328,5.6402435,1.5438321,0.65595943,12.33946,38.345219
1990.6667,39.909523,34.56581,6.6479092e-06,0.66869891,3.9321035,0.99169251,5.87713,1.5452477,0.65925884,9.0649955,40.08131
1990.75,42.169157,27.590111,6.561469e-06,0.20565558,1.1674133,0.26914866,5.6603413,1.5485071,0.66246074,5.6159452,34.319932
1990.8333,42.786762,0,6.6245575e-06,0.017261341,0,0,5.1237073,1.5546783,0.66614997,0,9.5591381
1990.9167,42.700894,0,6.7494966e-06,0.00078438848,0,0,4.5861139,1.5610855,0.66972554,0,16.247133
1991,43.106288,0,6.8568938e-06,0.0027678686,0,0,4.104455,1.5654259,0.67274398,0,9.4477203
1991.0833,42.967055,0,7.026315e-06,0.0078979497,0,0,3.7155766,1.5681715,0.67518705,0,8.949069
1991.1667,42.814441,0,7.318064e-06,0.022785916,0,0,3.3898258,1.5703768,0.67737752,0,8.8329543
1991.25,42.340599,0,7.5940702e-06,0.071539502,0,0,3.1035132,1.5722005,0.68007213,0,7.9203186
1991.3333,42.425837,5.6010219,7.6974593e-06,0.28214475,0.2344456,0.0086402795,2.8641653,1.5736541,0.68408722,340.53065,38.385539
1991.4167,44.872168,32.667756,7.3888491e-06,1.2207032,6.8415054,1.9308073,2.9033816,1.5718448,0.68496054,81.231991,73.744536
1991.5,48.684217,38.61592,6.7904034e-06,1.5421061,8.49516,2.4871007,3.6806436,1.5677977,0.68082392,38.919864,54.592752
1991.5833,51.475681,41.182768,6.5333816e-06,1.1908951,6.5612106,1.912209,4.2810121,1.5638473,0.67247021,19.776978,55.267531
1991.6667,54.474201,42.713482,6.0959692e-06,0.80228166,4.4422511,1.2743787,4.7385626,1.5611242,0.66166055,10.893638,56.276286
1991.75,57.648532,43.986429,5.7122566e-06,0.26943072,1.4998667,0.41622166,4.9460845,1.5590603,0.64769745,8.1525348,58.362651
1991.8333,59.665665,7.4443026,5.5566588e-06,0.0088688742,0.075459311,0.0066553273,4.9415169,1.5579971,0.63284731,1.1099537,23.342613
1991.9167,59.717879,0,5.5901555e-06,9.0375654e-05,0,0,4.6092,1.5574266,0.62108946,0,20.705153
1992,60.13649,0,5.6264389e-06,0.00075864695,0,0,4.3099008,1.5556402,0.61074555,0,12.742257
1992.0833,59.946168,0,5.7344678e-06,0.0027404475,0,0,4.0766549,1.5535942,0.60211074,0,12.611012
1992.1667,59.750468,0,5.8708165e-06,0.011077581,0,0,3.8599248,1.5508208,0.59494895,0,12.533241
1992.25,59.545979,0,5.9649701e-06,0.095548209,0,0,3.6221542,1.5466217,0.58826399,0,12.470174
1992.3333,58.828354,1.195095,6.0063535e-06,0.46044332,0,0,3.4106324,1.5420269,0.58432657,435.95584,40.309893
1992.4167,62.969245,40.828932,5.4879793e-06,1.5946748,8.3311775,2.803242,3.4930577,1.5304542,0.58178109,65.813878,68.57302
1992.5,66.506602,44.62235,4.8393613e-06,1.6246222,8.3179785,2.7348608,3.7403047,1.5157995,0.57441992,26.646466,61.796784
1992.5833,69.619864,46.465013,4.2434745e-06,1.1124515,5.7557172,1.8581359,3.9875619,1.5052401,0.56641597,8.8908686,46.839584
1992.6667,71.941018,46.950001,3.9756555e-06,0.66824999,3.583496,1.1821584,4.2523036,1.4980178,0.56033421,3.2970521,41.782147
1992.75,73.844321,34.834549,3.8253056e-06,0.20263131,1.0092208,0.37504962,4.63305,1.4920559,0.56013459,2.1927856,33.312045
1992.8333,74.127562,0,3.8602789e-06,0.0067511109,0,0,4.8852072,1.4930763,0.56720585,0,15.069727
1992.9167,73.859565,0,3.9748879e-06,0.00017484579,0,0,5.0209417,1.4959739,0.57523698,0,21.923663
1993,74.124202,0,4.0859481e-06,0.011324747,0,0,5.031424,1.4978601,0.58262265,0,15.155053
1993.0833,73.113114,0,4.2804181e-06,0.021205409,0,0,4.9068618,1.4984177,0.59126431,0,15.557457
1993.1667,71.822606,0,4.4583498e-06,0.037819068,0,0,4.5956554,1.4977119,0.6195209,0,14.696344
1993.25,71.553178,0,4.6073569e-06,0.15358108,0,0,4.2661958,1.4965454,0.65054405,0,14.672366
1993.3333,72.004259,6.0950979,4.6677678e-06,0.56759606,0.97083818,0.26847475,4.1073618,1.494965,0.67865825,450.09057,68.902342
1993.4167,76.94751,40.469311,4.1450194e-06,1.6084475,8.7250799,2.9408607,4.737,1.4889224,0.70096868,39.010188,48.49771
1993.5,79.238772,42.23996,3.7038701e-06,1.5836388,8.3743586,2.7315564,6.0175462,1.489313,0.72274607,12.236506,47.514132
1993.5833,81.131957,42.849027,3.401911e-06,1.1452634,6.1098518,1.9769505,6.9889507,1.4987903,0.74928027,5.7630923,49.371711
1993.6667,81.913784,43.331634,3.3001343e-06,0.7401827,4.0386309,1.2998694,7.6752992,1.5151093,0.77709085,3.2802745,55.064972
1993.75,82.769543,39.778035,3.300667e-06,0.30331987,1.6589524,0.48645027,8.012187,1.5391668,0.80681556,1.989264,56.121953
1993.8333,82.927041,0,3.3823746e-06,0.061160864,0,0,7.8915558,1.5688956,0.83967698,0,18.248204
1993.9167,82.499921,0,3.5482815e-06,9.8385099e-09,0,0,7.7080927,1.5975748,0.87161404,0,25.227862
1994,82.173467,0,3.6675906e-06,0.00045042948,0,0,7.4508905,1.6238796,0.90429544,0,18.166293
1994.0833,81.981145,0,3.7873181e-06,0.010861392,0,0,7.1061392,1.6467667,0.93376791,0,18.060023
1994.1667,81.757262,0,3.9253919e-06,0.016381331,0,0,6.6121345,1.6683152,0.9606114,0,17.14448
1994.25,81.426702,0,4.053632e-06,0.065108044,0,0,6.0352726,1.6884869,0.98666686,0,16.175581
1994.3333,81.266798,7.0191221,4.1577414e-06,0.29328898,0.27046859,0.085303307,5.5240335,1.7065842,1.0117637,428.77597,34.811294
1994.4167,81.842966,39.322913,4.0570599e-06,1.2890728,7.2574778,2.5060143,5.7738771,1.7252841,1.032257,57.900065,49.839706
1994.5,84.617153,42.91635,3.6391207e-06,1.3876228,7.5656288,2.5135446,7.5374498,1.7531598,1.054605,21.739638,54.577311
1994.5833,87.622762,44.081621,3.3573924e-06,0.81938831,4.5602005,1.4427018,8.7175732,1.7929411,1.0849259,6.8474054,57.670316
1994.6667,90.897784,44.725455,3.2208318e-06,0.70838314,4.0160863,1.2572064,9.0222559,1.844931,1.1232862,6.1197481,65.920238
1994.75,94.110467,24.719659,3.114633e-06,0.17386304,0.88304015,0.24494843,8.7435417,1.9111141,1.1711764,1.7835617,47.162307
1994.8333,94.367504,0,3.2248834e-06,0.010461684,0,0,8.0892658,1.9779686,1.2230322,0,19.188559
1994.9167,93.990117,0,3.2963244e-06,1.271038e-05,0,0,7.5056443,2.0376642,1.2704275,0,25.931053
1995,94.163328,0,1.6293074e-05,0.00041196005,0,0,6.8922644,2.0921416,1.3138787,0,18.071598
1995.0833,93.692414,0,1.8323912e-05,0.0057955371,0,0,6.2502317,2.1387649,1.3512486,0,17.35394
1995.1667,93.169004,0,1.8704597e-05,0.022032597,0,0,5.6504946,2.1807346,1.3850069,0,16.390592
1995.25,92.587456,0,1.8905139e-05,0.09318889,0,0,5.1007276,2.2196877,1.4165275,0,16.242927
1995.3333,90.463534,6.8427981,1.9160765e-05,0.36503919,0.65203658,0.13934081,4.6886835,2.2548885,1.4474654,420.03348,52.706806
1995.4167,93.337327,38.957495,1.9196126e-05,1.2747153,7.5638067,2.4215119,5.1538577,2.2983866,1.4794136,63.552741,71.384896
1995.5,95.886059,42.556405,1.8964596e-05,1.3950733,7.6620002,2.4880159,6.8306947,2.3642018,1.5060989,29.333034,66.828218
1995.5833,98.835841,44.683944,1.8660952e-05,1.1269901,6.2626034,1.9776253,8.1758366,2.4561644,1.5335279,10.70458,67.156399
1995.6667,101.4662,45.734242,1.8912611e-05,0.79394631,4.4555082,1.3424012,8.4237146,2.5711474,1.5633682,5.8090481,65.755808
1995.75,103.45986,28.441088,1.8623341e-05,0.2673516,1.4524071,0.43412992,7.9820099,2.6993546,1.5961879,2.4532357,48.84088
1995.8333,103.04153,0,1.8115832e-05,0.024315769,0,0,7.0081491,2.824954,1.629522,0,19.963956
1995.9167,102.45685,0,1.8245224e-05,2.4207379e-06,0,0,6.0930562,2.9467196,1.6617644,0,27.842878
1996,99.430934,0,1.8579303e-05,2.4018906e-05,0,0,5.4476585,3.0645638,1.6987823,0,19.090741
1996.0833,97.69652,0,1.878709e-05,0.00073993284,0,0,4.931849,3.1724758,1.7370572,0,18.739569
1996.1667,95.293604,0,1.4624758e-05,0.018771349,0,0,4.4621449,3.2723367,1.7718331,0,18.412193
1996.25,94.840221,0,1.3945429e-05,0.029355065,0,0,4.0713549,3.3701584,1.8043518,0,18.19727
1996.3333,94.662495,5.1884088,1.4013793e-05,0.43406764,0.66323205,0.20601089,3.8852234,3.4643791,1.8337265,384.08921,44.607443
1996.4167,96.008971,36.406007,1.3905667e-05,1.4512238,7.6229114,2.3855693,4.6880207,3.5580907,1.8632638,72.632779,47.020561
1996.5,97.903199,40.509205,1.3806212e-05,1.5595102,7.6479141,2.3967606,5.2675748,3.6507361,1.8929147,29.610452,54.951474
1996.5833,100.85889,42.534083,1.3748244e-05,1.1540577,5.7155111,1.7467985,5.7440634,3.7380543,1.9218942,14.364286,59.380523
1996.6667,104.25277,44.055201,1.3823233e-05,0.7964707,3.9653286,1.2030855,6.5136762,3.8188846,1.950079,12.168995,67.22365
1996.75,106.69494,17.331662,1.3718419e-05,0.18072069,0.85030837,0.2546324,6.9867916,3.8986642,1.9775081,3.7123628,39.165095
1996.8333,106.57392,0,1.367578e-05,0.014849024,0,0,6.7742634,3.9650609,1.9995465,0,22.397284
1996.9167,105.44967,0,1.3751293e-05,4.692191e-08,0,0,6.4776225,4.0253029,2.0211532,0,30.609442
1997,105.20297,0,4.1770027e-06,4.7974398e-05,0,0,6.1893477,4.0874629,2.0504599,0,21.463987
1997.0833,104.81509,0,3.8859193e-06,0.00088181774,0,0,5.9329152,4.1388202,2.0768464,0,21.386975
1997.1667,102.84527,0,3.9674364e-06,0.00064039251,0,0,5.706758,4.1840816,2.1030428,0,21.21345
1997.25,100.11327,0,4.0895998e-06,0.019019632,0,0,5.4637542,4.2263093,2.1395478,0,19.947334
1997.3333,98.510273,6.23063,4.1507283e-06,0.68202941,1.2792447,0.43087044,5.2467852,4.2652254,2.1782329,397.97264,57.967313
1997.4167,102.0414,37.529424,3.9101565e-06,1.8601224,7.8543864,2.7136816,4.984724,4.3038125,2.2189202,78.802131,93.693334
1997.5,103.98323,40.750392,3.715272e-06,1.7599573,7.4687392,2.4939052,4.693984,4.3298869,2.2499917,25.598643,63.95234
1997.5833,105.60032,41.784015,3.4962275e-06,1.2641451,5.4390145,1.7580436,4.6179237,4.3437729,2.2724988,12.48755,59.712492
1997.6667,107.25696,42.333487,3.3182912e-06,0.87992433,3.8257632,1.2010318,4.8713145,4.3755617,2.2953942,8.3186177,53.045236
1997.75,108.76656,28.898479,3.2193325e-06,0.283322,1.1856498,0.40240276,5.4693604,4.4123607,2.3130426,4.090105,41.541401
1997.8333,108.80197,0,3.2122139e-06,0.014141446,0,0,5.6646228,4.4389243,2.3173838,0,22.038089
1997.9167,108.33992,0,3.2670953e-06,3.2685132e-20,0,0,5.7050896,4.4617095,2.3180444,0,28.969678
1998,108.47624,0,3.2923856e-06,7.7055991e-05,0,0,5.7018003,4.4823375,2.3186748,0,22.029088
1998.0833,108.06152,0,3.3382821e-06,0.0051164183,0,0,5.6268907,4.4995952,2.319227,0,21.917007
1998.1667,107.64969,0,3.3838198e-06,0.023134551,0,0,5.5079603,4.5146484,2.3197393,0,21.906073
1998.25,106.49383,0,3.4413592e-06,0.039246114,0,0,5.3411589,4.5280604,2.3201489,0,21.813766
1998.3333,104.55713,0,3.5536978e-06,0.1030119,0,0,5.1754599,4.5396714,2.3192756,0,19.143707
1998.4167,104.48997,27.312402,3.5950229e-06,0.91293345,3.1521485,1.1607045,4.7541857,4.5488276,2.3170574,448.13155,69.525521
1998.5,107.36173,39.922077,3.38635e-06,1.8646893,7.3155996,2.915548,4.3477411,4.5020065,2.2914572,66.844176,107.73619
1998.5833,108.6304,42.030543,3.2694365e-06,1.0982186,4.4528512,1.7202239,4.2418633,4.44666,2.2420459,13.853429,54.950004
1998.6667,108.16908,42.052042,3.2713704e-06,0.95050406,3.9497777,1.4510787,4.6813197,4.4174657,2.170573,3.3856444,46.967283
1998.75,107.49453,41.778304,3.1872203e-06,0.39106417,1.6789728,0.53801792,5.1047101,4.4276719,2.077949,2.4472482,43.968908
1998.8333,106.8987,29.022284,3.2500691e-06,0.07982911,0.33524154,0.024331585,5.5586152,4.4346933,1.9723061,0.52674559,34.073091
1998.9167,106.74704,0,3.3829838e-06,0.00090890565,0,0,5.9299388,4.4352808,1.8783371,0,31.861649
1999,107.14001,0,3.4640266e-06,0.00031476142,0,0,6.225306,4.4341965,1.7949045,0,22.814975
1999.0833,106.7767,0,3.5508347e-06,0.0031315878,0,0,6.4346995,4.4326911,1.7232411,0,22.100144
1999.1667,106.38988,0,3.6343138e-06,0.018301896,0,0,6.5403581,4.4307356,1.6585541,0,21.815317
1999.25,105.89019,0,3.710403e-06,0.05898352,0,0,6.534287,4.4282289,1.5981184,0,19.091585
1999.3333,105.11677,0,3.7857153e-06,0.24086692,0,0,6.4731755,4.4251266,1.5437176,0,16.722537
1999.4167,105.63336,30.819437,3.77008e-06,1.170343,4.2172342,1.5692553,7.0848732,4.4120302,1.4915156,447.21368,56.823485
1999.5,106.5672,39.645743,3.4244351e-06,1.7012104,7.2203038,2.6945396,11.358942,4.3640614,1.4322186,50.786164,55.678085
1999.5833,107.06667,40.491492,3.1610539e-06,1.3537343,5.8383242,2.067612,14.854201,4.3052912,1.3789507,6.2411828,48.37361
1999.6667,108.88086,41.017171,2.9827902e-06,0.90067806,3.9257932,1.3641986,17.673901,4.2496195,1.3354144,3.0071466,46.853533
1999.75,110.65966,25.461625,2.9583387e-06,0.25805656,1.1645892,0.409296,18.537083,4.201158,1.3054441,1.331782,38.531269
1999.8333,109.81797,0,3.0900608e-06,0.00068690623,0,0,18.457405,4.1875067,1.3104439,0,24.368652
1999.9167,101.54461,0,3.3533659e-06,0,0,0,18.595207,4.1831532,1.3336602,0,31.040362
2000,91.560051,0,1.204957e-05,-2.3435373e-08,0,0,18.434311,4.1778407,1.3255559,0,19.818745
2000.0833,81.053473,0,1.3035147e-05,1.6984157e-07,0,0,17.405935,4.1716247,1.281917,0,17.469456
2000.1667,76.084942,0,1.3654125e-05,1.5256128e-05,0,0,15.614098,4.1644258,1.2221113,0,16.330411
2000.25,70.936166,0,1.3905352e-05,9.8783557e-07,0,0,13.967087,4.1291189,1.1640937,0,15.020742
2000.3333,63.654356,0,1.4504367e-05,0.087586472,0,0,12.5565,4.0287085,1.1049681,0,11.756005
2000.4167,63.958541,17.308477,1.4857575e-05,1.3134034,5.7135994,1.4103001,12.789699,3.9362574,1.0454985,281.09116,41.775095
2000.5,66.264853,24.208682,1.4448095e-05,1.6319071,7.1516823,1.8328705,20.093645,3.8632452,0.99369186,12.282382,40.242326
2000.5833,69.205508,25.190076,1.4062688e-05,1.2609658,5.4705958,1.4074306,24.235693,3.8041816,0.96060377,4.2592107,43.35964
2000.6667,72.049357,25.917685,1.3765241e-05,0.8586098,3.7264849,0.94920273,24.363159,3.7581079,0.94102794,3.014114,43.076572
2000.75,74.582621,24.000777,1.3675191e-05,0.25307622,0.94267227,0.32000513,22.22648,3.7220056,0.93104625,2.4552642,34.978998
2000.8333,75.242162,0,1.3775289e-05,0.014830648,0,0,19.237387,3.6907182,0.92861062,0,16.500822
2000.9167,75.045779,0,1.3931199e-05,1.5648502e-06,0,0,16.764744,3.6607199,0.92812133,0,19.967384
2001,75.088181,0,4.4222024e-06,0.00042223651,0,0,14.579274,3.6326435,0.92767084,0,16.375179
2001.0833,74.881211,0,4.2394217e-06,0.002255405,0,0,12.73469,3.6079211,0.92728102,0,16.346427
2001.1667,74.58473,0,4.3606487e-06,0.0099059744,0,0,11.108795,3.5848808,0.92691463,0,15.145836
2001.25,73.573001,0,4.4853309e-06,0.022620762,0,0,9.6487932,3.5626807,0.92644578,0,14.474962
2001.3333,72.773091,0,4.6397677e-06,0.061765626,0,0,8.4360409,3.5420878,0.92568791,0,13.624115
2001.4167,72.415128,11.24605,4.6913174e-06,0.34159738,0.58695046,0.085973321,7.4081678,3.522969,0.92448139,233.48644,20.389374
2001.5,73.810488,24.043314,4.6237114e-06,1.4756222,5.9143967,1.7378928,8.3099737,3.5066965,0.92467076,80.748048,79.103724
2001.5833,77.978,27.340671,4.4811109e-06,1.3403796,5.3490136,1.5704935,11.611655,3.4944036,0.93414277,13.510572,52.321632
2001.6667,80.33023,28.477788,4.3676209e-06,0.97108827,3.9398793,1.1225483,13.309214,3.4893279,0.95584804,4.4408656,43.646353
2001.75,81.85564,18.811537,4.2588013e-06,0.24875402,0.98222642,0.31310337,12.21655,3.4863603,0.98901814,2.7814033,32.217991
2001.8333,78.117058,0,4.4454664e-06,0,0,0,10.344749,3.513608,1.0248988,0,16.314547
2001.9167,68.686426,0,5.0193221e-06,0,0,0,8.9459944,3.5454984,1.0539515,0,17.687824
2002,60.4706,0,6.1930182e-06,-1.2087395e-07,0,0,7.7537851,3.5711045,1.0798523,0,12.556048
2002.0833,53.217296,0,5.9461681e-06,-8.4271161e-08,0,0,6.7193656,3.5895977,1.1030743,0,10.986774
2002.1667,46.746451,0,6.5399627e-06,-1.6762633e-05,0,0,5.8419609,3.6029494,1.127419,0,9.3760936
2002.25,40.815692,0,7.6559345e-06,-3.1833802e-05,0,0,5.061358,3.6125655,1.1617785,0,8.0196467
2002.3333,35.86496,1.8671313,8.9138066e-06,0.10529456,0.38126856,0.041986339,4.393939,3.6117923,1.1995493,116.02316,19.988636
2002.4167,37.304293,12.922642,7.9181718e-06,1.7392115,6.8337861,1.0845004,4.2002249,3.5737002,1.2316304,56.297356,71.206825
2002.5,41.25727,15.592517,7.0866313e-06,1.8399727,6.7109362,1.2636313,4.7661433,3.5381601,1.2502044,11.218146,45.470779
2002.5833,43.568213,16.661955,6.4463957e-06,1.45187,5.5679734,1.0167464,4.3266506,3.511539,1.2660517,7.6692817,34.018745
2002.6667,45.613993,17.46642,6.1148021e-06,0.94288844,3.6872475,0.6795585,3.6459224,3.4924152,1.2825813,5.9991698,32.448177
2002.75,47.833472,11.69179,6.0405455e-06,0.43852754,1.4434247,0.25465495,3.6760108,3.4784255,1.2992017,3.5288212,26.169933
2002.8333,48.243389,0,6.0007969e-06,0.080736851,0,0,3.6524653,3.4676991,1.3128535,0,10.643911
2002.9167,48.123788,0,6.0571242e-06,0.0061443476,0,0,3.5913742,3.4578886,1.3245779,0,15.150736
2003,48.333235,0,6.115326e-06,0.0017392049,0,0,3.4765992,3.4485259,1.3353362,0,10.478928
2003.0833,48.191298,0,6.2200816e-06,0.0074467878,0,0,3.3736346,3.440125,1.3445981,0,10.418423
2003.1667,47.859363,0,6.3522948e-06,0.023640465,0,0,3.2671115,3.4321535,1.3529779,0,10.029248
2003.25,43.609414,0,6.847205e-06,0.044602929,0,0,3.1328578,3.4229712,1.3610761,0,9.5286663
2003.3333,41.959092,1.1534134,7.1497302e-06,0.66747317,0.46811588,0.072798188,3.0008621,3.4133208,1.3689342,145.52416,18.294421
2003.4167,45.547605,16.028253,6.3009707e-06,2.1454993,7.8425398,1.5443683,3.0233517,3.4005554,1.3742366,62.747465,70.903824
2003.5,48.797552,18.544441,5.7166067e-06,1.8144051,6.3485286,1.3693044,3.2551079,3.3849618,1.3735908,7.0121727,32.943565
2003.5833,50.691266,19.23719,5.1079978e-06,1.5291856,5.5019162,1.1574894,3.7004087,3.3742929,1.3719652,5.4831893,30.983188
2003.6667,52.558318,19.890837,4.5905467e-06,0.99953766,3.4991249,0.78966314,4.4366221,3.3700507,1.3726414,3.7913323,28.601796
2003.75,54.434385,17.86991,4.3057835e-06,0.44091491,1.4624492,0.334253,5.4403224,3.3722551,1.3738371,2.6184004,25.711504
2003.8333,54.930497,0,4.1752878e-06,0.078533743,0,0,5.9971342,3.3755088,1.3764073,0,12.512844
2003.9167,54.817971,0,4.2268498e-06,0.00024619975,0,0,6.2375402,3.3782578,1.3797843,0,18.257051
2004,55.142932,0,4.8262582e-06,3.4415403e-05,0,0,6.3888216,3.3803444,1.3828825,0,12.049976
2004.0833,54.972723,0,4.4766525e-06,0.0047498826,0,0,6.4272323,3.3817317,1.3855495,0,11.761027
2004.1667,54.798007,0,4.6464538e-06,0.020032496,0,0,6.253747,3.382421,1.387969,0,11.665265
2004.25,54.606725,0,4.8463708e-06,0.084076065,0,0,5.9683719,3.3818107,1.39028,0,11.473364
2004.3333,53.857211,1.0349266,5.0709477e-06,0.26882515,0.10242346,0.023291026,5.6780729,3.3794425,1.3923925,190.07654,20.133747
2004.4167,57.551458,19.804237,4.6334076e-06,2.1803281,7.1967972,1.8721232,5.5176716,3.372915,1.3901,59.15772,81.689072
2004.5,61.146691,21.966953,3.8929907e-06,2.2618138,7.2404719,2.0396964,5.8802686,3.3621631,1.3827122,5.6535454,32.476841
2004.5833,63.314751,22.680985,3.6242022e-06,1.6994139,5.6870589,1.5153333,6.4557095,3.3531659,1.3769156,1.7321659,29.517628
2004.6667,65.329686,23.230327,3.4970069e-06,1.0508776,3.7304013,0.97089988,7.1753483,3.3464205,1.371894,1.324706,30.339111
2004.75,67.308143,23.755917,3.4340972e-06,0.41414392,1.4815286,0.36000728,7.4465032,3.3422379,1.3662958,1.110028,28.479941
2004.8333,68.02249,1.6015039,3.4946536e-06,0.018667312,0.035451048,0.0019170017,7.5466332,3.3415651,1.359388,0.028003603,15.471084
2004.9167,67.872666,0,3.6335807e-06,8.6956569e-06,0,0,7.6262012,3.344027,1.3524077,0,24.054724
2005,68.423375,0,3.7900309e-06,0.0020754948,0,0,7.6843681,3.3458366,1.3459989,0,15.00856
2005.0833,68.235271,0,3.9828597e-06,0.0084674869,0,0,7.625299,3.3468332,1.3404704,0,14.941037
2005.1667,68.044856,0,4.2774718e-06,0.037762041,0,0,7.3821321,3.3468945,1.3354148,0,14.806973
2005.25,67.832537,0,4.4517619e-06,0.0778538,0,0,6.9855294,3.3458135,1.3305767,0,14.590954
2005.3333,67.705825,3.6733109,4.6182172e-06,0.38240464,0.25828833,0.04922692,6.5327468,3.3433475,1.3260487,225.2279,18.859889
2005.4167,69.049038,22.352993,4.4308563e-06,1.9653231,7.1447046,2.0065896,7.044167,3.3368742,1.3186047,54.128874,37.461986
2005.5,70.76028,24.389226,3.61107e-06,2.0404322,7.3611848,2.0818447,9.2806759,3.3348329,1.3101895,6.732826,31.420008
2005.5833,72.51174,25.139056,3.0764461e-06,1.620359,5.8436069,1.6422022,11.201669,3.3370664,1.2986004,2.4611359,31.930549
2005.6667,74.488893,25.686417,2.8710344e-06,0.90003622,3.3877483,0.91858302,11.930987,3.3413918,1.2922008,0.86305565,34.108421
2005.75,76.461501,24.467401,2.8615766e-06,0.35790591,1.4163401,0.37398008,12.360057,3.3468769,1.2966398,0.62106342,33.383438
2005.8333,77.12058,0,3.0349238e-06,0.003351967,0,0,12.469918,3.3518538,1.310165,0,17.136281
2005.9167,76.941498,0,3.2366606e-06,0.00024956145,0,0,12.391573,3.3547704,1.3244696,0,27.056178
2006,77.532806,0,1.3085724e-05,8.0866634e-07,0,0,12.047837,3.3561842,1.3374833,0,16.46527
2006.0833,77.273659,0,1.3501078e-05,0.013985879,0,0,11.120327,3.356571,1.3485837,0,16.380962
2006.1667,76.377593,0,1.3643184e-05,0.018067597,0,0,10.090842,3.3549275,1.3638017,0,16.155192
2006.25,75.884014,0,1.3788508e-05,0.047887582,0,0,9.0938988,3.3494647,1.3983465,0,15.935182
2006.3333,75.657912,1.4108993,1.395272e-05,0.27057821,0.14870126,0.038283224,8.2120228,3.3416421,1.4329795,259.09945,25.883096
2006.4167,78.223467,24.456756,1.3840476e-05,1.6664616,6.0173351,1.7643133,8.3996296,3.3295031,1.4670452,38.718275,55.476167
2006.5,80.805719,26.21912,1.3662209e-05,1.724688,6.2022347,1.7778965,11.577779,3.3101101,1.5091583,11.291278,41.179566
2006.5833,82.523078,27.067726,1.343263e-05,1.4247353,5.4113862,1.4370969,13.899423,3.2853858,1.5581467,4.7703876,38.316709
2006.6667,84.181845,27.589524,1.3234437e-05,0.91724754,3.6054159,0.92318097,13.831611,3.2628682,1.6044149,2.5010861,39.420381
2006.75,86.130194,28.175155,1.3299191e-05,0.3874436,1.5477861,0.37707767,12.677935,3.2461996,1.6475754,1.6704909,38.210892
2006.8333,87.38932,7.6013533,1.3417785e-05,0.020374743,0.08353805,0.010024666,10.969946,3.2322106,1.6954312,0.18126941,23.851266
2006.9167,87.222584,0,1.3641581e-05,1.8282947e-19,0,0,9.4769955,3.2200189,1.7420089,0,29.326061
2007,87.824106,0,4.284017e-06,0.0038385489,0,0,8.2776308,3.2084115,1.7848154,0,18.736565
2007.0833,87.555781,0,4.1190506e-06,0.0082062177,0,0,7.2571077,3.1980379,1.8216519,0,18.618081
2007.1667,87.287351,0,4.2697461e-06,0.0066350581,0,0,6.4492316,3.1882892,1.8549385,0,18.607348
2007.25,87.002002,0,4.4367434e-06,0.085500189,0,0,5.7922997,3.1786435,1.8860067,0,18.439845
2007.3333,86.721942,0.73903054,4.5600427e-06,0.24081061,0,0,5.2366652,3.1692934,1.9139241,269.55389,29.202415
2007.4167,90.092249,26.830018,4.4463568e-06,1.7131601,6.5468267,1.7195171,5.2368803,3.1595912,1.9397503,67.324737,87.396293
2007.5,94.503172,29.745655,4.2921761e-06,2.1142015,7.3851917,1.8785806,6.2933998,3.1511302,1.9653082,17.382873,64.792936
2007.5833,97.956799,31.234842,4.1029425e-06,1.8020841,6.1136636,1.5358832,6.6874275,3.1508737,1.9931809,9.7249173,58.577981
2007.6667,101.11149,32.213457,3.8394123e-06,1.209571,4.1457205,1.0175048,6.7264667,3.1598318,2.0224924,4.6994336,58.471856
2007.75,104.30465,31.952672,3.7125294e-06,0.33370052,1.2256092,0.28100263,7.0029531,3.1776395,2.0551128,4.9420917,60.57065
2007.8333,105.58061,0,3.799792e-06,0.0173299,0,0,7.0148878,3.2024832,2.091718,0,23.214702
2007.9167,105.32826,0,3.7985592e-06,0.004712361,0,0,6.5319223,3.2263892,2.1276467,0,35.974431
2008,106.03087,0,1.3394428e-05,0.0038735465,0,0,6.0717459,3.2477171,2.160609,0,20.989846
2008.0833,105.45927,0,1.3713465e-05,0.0057783896,0,0,5.713376,3.2655165,2.1889915,0,18.327154
2008.1667,104.79584,0,1.3731459e-05,0.02370293,0,0,5.3801045,3.2801464,2.214828,0,17.22134
2008.25,103.93645,0,1.3757694e-05,0.07442039,0,0,5.0656886,3.2902589,2.2395427,0,14.896654
2008.3333,102.73624,4.4967826,1.3825217e-05,0.33889806,0.23811845,0.077821676,4.8380389,3.295027,2.2628677,239.35644,34.195353
2008.4167,102.58399,26.333699,1.382821e-05,1.9905909,6.3699319,1.6183288,4.6380253,3.2906916,2.271585,120.52404,73.751041
2008.5,105.21647,33.131987,1.3785495e-05,2.174261,6.3626288,1.7410552,4.7451072,3.2775257,2.255897,46.031815,72.931306
2008.5833,106.52291,35.718471,1.3829021e-05,1.9356097,5.5039685,1.5124294,4.7127895,3.2613657,2.2244959,15.313334,64.026803
2008.6667,106.29598,37.018813,1.4412704e-05,1.3223323,3.7303921,1.0138428,5.0310531,3.241961,2.178654,8.1463525,55.755833
2008.75,104.62685,18.276311,1.404622e-05,0.30594734,0.69528324,0.26013489,5.0946164,3.2223687,2.1176081,3.3976083,34.898306
2008.8333,103.80388,0,1.3788705e-05,0.012803284,0,0,4.8165522,3.203691,2.054379,0,17.93495
2008.9167,102.69916,0,1.3920358e-05,8.0201221e-05,0,0,4.5813155,3.183645,1.9974546,0,19.357744
2009,101.78804,0,1.4108754e-05,0.00069789102,0,0,4.425323,3.161365,1.9448146,0,12.463938
2009.0833,100.6621,0,1.4246906e-05,0.0098654954,0,0,4.2998347,3.1373703,1.8997186,0,12.046559
2009.1667,98.849915,0,1.4331848e-05,0.016367812,0,0,4.1835852,3.1140535,1.8614024,0,10.691608
2009.25,97.693294,0,1.4375474e-05,0.079922803,0,0,4.0556431,3.0911863,1.8270829,0,10.569175
2009.3333,97.295627,5.4894402,1.4364447e-05,0.88790898,0.94631313,0.25709387,4.0611634,3.0691595,1.7958785,299.20549,57.899025
2009.4167,95.795274,30.631678,1.4289627e-05,2.7085198,6.657477,2.0117874,4.2460914,3.0397587,1.746447,110.27417,66.936468
2009.5,90.856217,38.109165,1.4346805e-05,2.9575262,7.2409182,2.2278334,3.9437618,3.0050437,1.658929,53.616264,62.742794
2009.5833,89.00959,40.817574,1.4183099e-05,2.1583864,5.3686532,1.6482078,3.7027271,2.9697845,1.5570513,18.730515,70.472686
2009.6667,87.890834,42.405471,1.3926779e-05,1.4984782,3.7521097,1.1511214,4.1339097,2.9449306,1.4621793,18.075714,66.665006
2009.75,86.216345,31.112082,1.3867245e-05,0.59214769,1.4129212,0.44366365,5.3763795,2.9271626,1.373132,9.6097015,44.000241
2009.8333,85.248835,0,1.3853429e-05,0.0093931914,0,0,5.7029662,2.9169245,1.2912593,0,14.164425
2009.9167,84.641665,0,1.3813396e-05,0.0028775758,0,0,5.6226954,2.9087644,1.2168777,0,20.254706
2010,84.538259,0,4.1788694e-06,0.00077146552,0,0,5.531775,2.9000821,1.1485937,0,13.589019
2010.0833,83.919056,0,3.8689209e-06,0.034021187,0,0,5.4434752,2.8913457,1.0897827,0,13.378515
2010.1667,83.207451,0,3.8381768e-06,0.021545002,0,0,5.3027291,2.8826478,1.0366161,0,13.285676
2010.25,82.524352,0,3.8226713e-06,0.19697815,0,0,5.1341481,2.8720467,0.98716903,0,13.047214
2010.3333,82.134426,2.6383793,3.7892612e-06,1.6410855,0.43420297,0.17143439,4.9607091,2.8562157,0.94285381,331.54022,54.194196
2010.4167,82.254022,36.751464,3.4269408e-06,3.1026893,5.8160927,2.5289433,4.2704611,2.8143814,0.90015262,180.9398,78.253598
2010.5,79.305723,44.791441,3.1257748e-06,2.9676069,6.0155487,2.3983632,3.7232106,2.7245736,0.85227543,44.421246,58.689799
2010.5833,78.858465,45.706738,2.9224684e-06,2.4220946,4.9880014,1.9090141,3.76775,2.6364317,0.80884063,14.567795,44.844565
2010.6667,78.784585,45.334429,2.8168331e-06,1.6188763,3.5076899,1.2679863,4.9119291,2.5572827,0.778139,6.2776968,36.295025
2010.75,78.162462,29.099545,2.7741967e-06,0.60333097,1.1230507,0.42494465,6.3736997,2.4912579,0.75932902,1.9006819,26.091121
2010.8333,77.56906,0,2.8616507e-06,0.044713217,0,0,7.52354,2.4627223,0.75006193,0,15.912093
2010.9167,77.285364,0,2.9583471e-06,0.00078776648,0,0,8.5180264,2.4103985,0.74354231,0,25.173014
2011,77.734493,0,3.1349689e-06,0.0043221793,0,0,9.4472609,2.3582313,0.7382592,0,16.002993
2011.0833,77.431358,0,3.279318e-06,0.011696513,0,0,10.23151,2.3118494,0.73378408,0,15.822226
2011.1667,77.096552,0,3.4323778e-06,0.04558704,0,0,10.845407,2.2682803,0.7297951,0,14.969562
2011.25,76.690406,0,3.590379e-06,0.077628539,0,0,11.274949,2.2260008,0.72610366,0,14.53216
2011.3333,75.453527,3.7456152,3.7598807e-06,0.4120892,0.081671661,0.035117694,11.574747,2.1866324,0.72479439,343.95578,24.278713
2011.4167,74.929163,36.023941,3.6377039e-06,2.9617775,6.0918195,2.3594351,14.288744,2.1498568,0.72683179,129.85896,41.772505
2011.5,75.711265,40.688075,3.0545662e-06,2.6557049,5.6923784,2.1165764,21.136772,2.1255624,0.73576105,23.365136,48.752664
2011.5833,76.991923,41.447345,2.7724022e-06,2.2255538,4.7888684,1.7738315,27.912823,2.1194079,0.76003218,6.5480997,50.870466
2011.6667,78.095101,41.858412,2.6371752e-06,1.6006725,3.4634246,1.2736491,33.574821,2.1332982,0.80144286,2.4224301,51.021346
2011.75,79.684727,41.12627,2.6340938e-06,0.49181698,1.0980523,0.41294449,36.37318,2.1697485,0.86002076,1.2716015,55.460839
2011.8333,81.152916,0,2.7963342e-06,0.020210508,0,0,37.178425,2.225266,0.93337888,0,17.7437
2011.9167,79.388,0,3.0966885e-06,0.0020026189,0,0,37.97736,2.2790585,1.0101492,0,28.933913
2012,79.796456,0,3.2782398e-06,0.00027373286,0,0,38.087936,2.3272295,1.0906531,0,17.287289
2012.0833,79.596728,0,3.4640873e-06,0.0022971881,0,0,37.964008,2.3675723,1.1606311,0,17.59627
2012.1667,79.369463,0,3.6426641e-06,0.006536618,0,0,37.38475,2.4019115,1.2246469,0,16.383754
2012.25,78.954101,0,3.8171002e-06,0.095000727,0,0,36.038307,2.4334555,1.284729,0,15.077498
2012.3333,78.516759,0,3.9917763e-06,0.25678675,0,0,34.505108,2.4597759,1.3390342,0,14.909463
2012.4167,81.858836,35.573643,3.8534008e-06,2.4340081,5.5260343,2.0747324,40.03294,2.4910879,1.3826262,462.97997,84.830405
2012.5,85.625269,38.968641,3.173087e-06,2.5785774,6.0654214,2.1611439,65.462135,2.5571592,1.4158528,20.982129,72.808105
2012.5833,90.254262,39.428398,2.7720478e-06,1.8236123,4.3818032,1.5195566,82.382805,2.6681359,1.4540204,6.7045127,85.584696
2012.6667,96.381545,39.678175,2.5882368e-06,1.3385443,3.2854969,1.1291022,91.063194,2.8274345,1.4971097,2.3432103,106.73679
2012.75,104.36922,31.078584,2.5020083e-06,0.54006232,1.1039383,0.46717264,92.271118,3.0477235,1.5448718,0.55972766,101.35485
2012.8333,106.45229,0,2.6384123e-06,0.01608774,0,0,88.84996,3.3015652,1.6018542,0,22.841467
2012.9167,101.10307,0,2.8997833e-06,3.2670266e-05,0,0,86.713608,3.520601,1.6625319,0,33.929251
2013,97.245842,0,3.1225848e-06,0.0017499126,0,0,83.64167,3.7110417,1.7192304,0,19.916401
2013.0833,96.767209,0,3.2645125e-06,0.0036658426,0,0,79.573219,3.8752248,1.7680948,0,16.220906
2013.1667,93.569301,0,3.4537666e-06,0.017475596,0,0,75.974899,4.0209255,1.8123337,0,13.219962
2013.25,91.966659,0,3.6209105e-06,0.0089238215,0,0,71.736214,4.1550641,1.853644,0,11.970899
2013.3333,91.039814,0,3.7704583e-06,0.2660378,0,0,67.294624,4.2741895,1.8914584,0,11.95742
2013.4167,94.021104,29.956706,3.4839293e-06,2.6272079,6.2728397,2.1764462,83.639793,4.3932099,1.9118166,400.58703,102.7011
2013.5,101.92761,33.78183,2.8120628e-06,2.4912002,6.1546887,2.118613,138.07716,4.5713749,1.9103208,18.696126,155.52755
2013.5833,112.90713,34.220159,2.3838986e-06,2.1262955,5.3627369,1.7869337,178.92755,4.8555775,1.9224375,5.3076567,160.89025
2013.6667,123.24723,34.175016,2.1696148e-06,1.3685216,3.5597662,1.151364,197.99809,5.273715,1.9602752,0.49870585,149.4927
2013.75,132.03587,33.925314,2.115898e-06,0.49979826,1.2882414,0.38731763,196.76028,5.8630366,2.0270948,0.25100902,128.87327
2013.8333,138.64446,19.11325,2.1514202e-06,0.099439231,0.22822578,0.079170155,182.99492,6.6513886,2.1301825,0.0086982887,78.245573
2013.9167,138.35077,0,2.2578718e-06,0.0032485866,0,0,171.31766,7.5154891,2.2571683,0,16.623418
2014,136.81668,0,2.3734481e-06,0.0059146048,0,0,160.02037,8.3145351,2.3853216,0,15.76523
2014.0833,135.27501,0,2.526192e-06,0.014900465,0,0,149.67769,8.9952393,2.4978356,0,14.671261
2014.1667,133.385,0,2.704897e-06,0.03880919,0,0,139.61885,9.60145,2.5993776,0,11.946051
2014.25,126.47524,0,2.900824e-06,0.12962657,0,0,130.97488,10.161778,2.700356,0,7.3660717
2014.3333,120.85322,1.0637571,3.0609444e-06,0.467488,0.14933219,0.030241043,124.39487,10.666112,2.8080788,195.56376,43.309668
2014.4167,120.72847,21.339158,2.8858051e-06,2.405101,6.3373462,1.6062087,158.79472,11.044662,2.8857772,107.94207,45.278921
2014.5,122.57731,28.216168,2.4179183e-06,2.1896656,5.8588324,1.7248816,256.89868,11.27,2.9272635,53.592722,77.542651
2014.5833,130.07189,30.452203,2.1731837e-06,2.0027921,5.511333,1.6331965,329.74109,11.496403,2.9721844,4.7319357,152.90207
2014.6667,140.66863,30.693982,2.0201242e-06,1.281888,3.6505523,1.0410585,364.68741,11.771044,3.0323393,1.583873,156.89482
2014.75,149.28451,30.69602,1.9850743e-06,0.44110906,1.1204159,0.41142979,362.78802,12.132804,3.1133001,0.097976728,120.2525
2014.8333,151.84453,2.0446219,2.0687653e-06,0.033862624,0.00026430795,0.0038384706,335.91751,12.583209,3.207082,1.7547918e-05,23.737888
2014.9167,149.9168,0,2.2298038e-06,0.0014472266,0,0,312.78976,13.012476,3.2889912,0,13.991439
2015,146.96546,0,2.3784903e-06,0.0010604541,0,0,290.2323,13.397909,3.3647542,0,13.233321
2015.0833,140.58806,0,2.5678198e-06,0.0070156972,0,0,272.38336,13.751697,3.4571807,0,12.220485
2015.1667,136.5311,0,2.715665e-06,0.034473406,0,0,253.22395,14.062461,3.5485294,0,9.295686
2015.25,131.07732,0,2.8902691e-06,0.071467239,0,0,234.22551,14.349194,3.6419621,0,5.0389685
2015.3333,126.80067,2.8075143,3.0247004e-06,0.97627787,1.2625349,0.22689021,227.51089,14.618584,3.7528372,160.22387,70.210706
2015.4167,127.16036,18.052369,2.7561284e-06,2.3722596,6.8410444,1.5422559,360.29373,14.767263,3.8413663,96.053163,33.311405
2015.5,127.94556,24.002571,2.3900202e-06,2.2045552,6.4956432,1.7336836,524.13733,14.80453,3.8991029,48.505041,82.179317
2015.5833,135.64745,25.897941,2.1425956e-06,1.6511553,5.0895208,1.3295324,627.44226,14.871028,3.9611931,5.1904698,135.74357
2015.6667,144.3948,26.067507,2.0269829e-06,1.1169505,3.5464788,0.9001646,654.92749,14.988514,4.0328774,1.519617,123.50419
2015.75,150.31309,26.362238,2.010659e-06,0.43928817,1.4464845,0.33651986,630.45416,15.178608,4.1136456,0.34164027,66.351572
2015.8333,152.8254,13.275628,2.0711232e-06,0.050819424,0.10598657,0.020018694,576.03015,15.492455,4.2115359,0.0030913148,34.813829
2015.9167,151.12445,0,2.1839314e-06,0.0012179645,0,0,529.16809,15.849332,4.2955379,0,8.2509132
2016,148.53458,0,2.3044315e-06,0.001517041,0,0,485.25793,16.175676,4.3697519,0,7.1048324
2016.0833,145.86027,0,2.4189335e-06,0.01249062,0,0,445.53265,16.4524,4.4334331,0,5.9897288
2016.1667,141.66756,0,2.544579e-06,0.040500776,0,0,409.16165,16.69342,4.4909258,0,3.8887834
2016.25,134.6004,0,2.7512892e-06,0.11218449,0,0,376.61749,16.946302,4.5610113,0,3.4173285
2016.3333,129.35615,1.8462224,2.9001349e-06,1.0007577,1.239521,0.14826965,361.12799,17.172419,4.6328778,106.80883,56.484061
2016.4167,126.97895,12.652941,2.5976453e-06,2.206509,6.7128878,1.0968194,537.48218,17.27677,4.6807775,76.8761,15.374748
2016.5,123.50951,18.467456,2.3553405e-06,1.9802825,6.346165,1.2962492,799.99127,17.265722,4.6857657,59.816219,28.542286
2016.5833,123.43476,21.862214,2.2279753e-06,1.6247617,5.398367,1.183863,959.65521,17.273405,4.6706281,17.753857,79.499653
2016.6667,125.76868,22.62946,2.1429162e-06,1.1089382,3.7781094,0.80661002,1031.5034,17.343113,4.6416607,5.7744812,79.736524
2016.75,127.19969,13.969578,2.1540059e-06,0.43879808,1.3384037,0.29181271,1004.9166,17.482019,4.6130109,1.6203092,40.019612
2016.8333,125.73126,0,2.2712431e-06,0.018035756,0,0,931.54956,17.65966,4.5794787,0,7.9088653
2016.9167,123.60363,0,2.444596e-06,0.00029462403,0,0,855.9151,17.823347,4.546885,0,7.0051589
2017,121.40606,0,1.2341767e-05,0.005004385,0,0,781.10468,17.963547,4.5169415,0,5.8559891
2017.0833,118.82917,0,1.2774401e-05,0.0051166179,0,0,706.86316,18.078472,4.4911404,0,4.0406751
2017.1667,113.17187,0,1.3003737e-05,0.017086324,0,0,629.66852,18.244118,4.47611,0,2.6857858
2017.25,108.54574,0,1.3192483e-05,0.081636976,0,0,557.56677,18.418011,4.4667888,0,2.3175163
2017.3333,103.41811,0.94542437,1.3388559e-05,0.59898384,0.54959452,0.056492643,499.6319,18.544334,4.4570613,91.589729,31.60922
2017.4167,97.581379,10.534752,1.3282111e-05,1.9053121,6.7578615,0.82803161,633.75977,18.603979,4.4343691,63.100015,9.5523571
2017.5,92.914097,15.104666,1.2862033e-05,1.8556054,6.6897305,1.0476494,868.17163,18.572515,4.354733,45.921758,23.007275
2017.5833,90.029955,18.215224,1.266056e-05,1.3917538,5.1381813,0.93816979,969.22382,18.493401,4.2274361,22.388129,52.994615
2017.6667,87.759919,19.378159,1.2680324e-05,0.95358412,3.6218088,0.6578084,975.44299,18.429752,4.0539784,6.2124738,68.540395
2017.75,86.250022,16.047455,1.2951804e-05,0.40360917,1.4472155,0.25394995,893.59088,18.370092,3.8311415,2.5869241,44.080156
2017.8333,85.56816,0,1.2791197e-05,0.046976603,0,0,782.89423,18.326044,3.6034346,0,8.377542
2017.9167,84.288441,0,1.2873264e-05,0.0013294581,0,0,688.59155,18.283337,3.4006073,0,5.074911
2018,82.7806,0,1.3033369e-05,0.0039853391,0,0,603.11017,18.241417,3.2142634,0,3.7023515
2018.0833,81.116274,0,1.3201586e-05,0.012191266,0,0,530.16699,18.214426,3.0525124,0,2.0835003
2018.1667,77.472381,0,1.3551948e-05,0.013002783,0,0,466.22021,18.180368,2.9016695,0,1.8963235
2018.25,71.328796,0,1.4047016e-05,0.041594613,0,0,408.13528,18.147127,2.7311971,0,1.5345265
2018.3333,65.160729,0.21332889,1.4514724e-05,0.15491941,0,0,354.89679,18.118563,2.550817,77.722746,21.391514
2018.4167,62.380154,8.220287,1.468004e-05,1.2109001,4.2053673,0.48421322,350.45859,18.055094,2.3636336,52.662208,1.9883329
2018.5,58.904305,13.471585,1.4274162e-05,1.7550154,6.6753767,0.90892424,616.44189,17.854641,2.1728475,46.545543,17.805906
2018.5833,58.73565,15.735459,1.4578733e-05,1.3130995,5.2691803,0.83178321,865.52667,17.57852,2.0041544,21.271831,38.115642
2018.6667,61.352197,16.197218,1.4501423e-05,0.93017585,3.8673377,0.59669177,991.0766,17.233469,1.8712924,0.68573008,60.408146
2018.75,63.588999,15.969966,1.4137762e-05,0.40132922,1.742731,0.23246365,990.32819,16.819561,1.7711521,0.36134275,36.570195
2018.8333,63.039996,1.0520871,1.3770051e-05,0.037829619,0.041061692,0.0033497377,874.14612,16.420761,1.7060206,0.0036100002,4.4824603
2018.9167,61.986689,0,1.3833938e-05,0.001994292,0,0,769.66681,16.060621,1.6595451,0,2.9989403
2019,60.878672,0,1.4055033e-05,0.0040409892,0,0,673.586,15.72751,1.6169397,0,1.9855223
2019.0833,59.694581,0,1.4551493e-05,0.007402521,0,0,591.89337,15.437963,1.5802372,0,1.760647
2019.1667,58.021106,0,1.4918461e-05,0.025784638,0,0,518.79498,15.170922,1.5469685,0,1.5423143
2019.25,55.77578,0,1.5283287e-05,0.054270753,0,0,450.72427,14.909887,1.5157245,0,1.139823
2019.3333,53.672854,0.98759867,1.5624471e-05,0.23576161,0.11818484,0.014102572,392.62167,14.656354,1.487265,72.273136,34.021739
2019.4167,52.807473,9.431974,1.5443784e-05,1.5325833,7.1092956,0.73970224,494.87952,14.354273,1.4541982,75.5653,7.9101502
2019.5,51.401459,13.727572,1.4876358e-05,1.5104718,7.2977318,0.94513573,808.50708,13.996601,1.4370211,27.937447,37.618661
2019.5833,54.159794,14.588737,1.4811234e-05,1.1697964,5.8322348,0.77469482,969.89996,13.628526,1.4582465,2.5187729,73.773645
2019.6667,56.733932,14.578504,1.4431608e-05,0.79241975,4.055005,0.51746322,973.4483,13.250687,1.5223414,2.3435888,57.723881
2019.75,57.344999,14.468505,1.3753492e-05,0.31706149,1.624492,0.21507163,867.573,12.863495,1.6366526,0.68779502,35.876257
2019.8333,57.585862,3.3480627,1.3311467e-05,0.024253721,0.0013426244,4.5393767e-05,751.48987,12.516605,1.8024465,0.031773107,11.128924
2019.9167,56.836024,0,1.3499906e-05,7.3815743e-05,0,0,660.07135,12.213059,1.9737718,0,4.5521775
