year,froot_gCm2,leaf_gCm2,p_uptake_demand_ratio,gpp_pft7_gCm2day,gpp_pft9_gCm2day,gpp_pft10_gCm2day,l2fr_site,l2fr_canopy,l2fr_ustory,leaf_alloc_gCm2yr,froot_alloc_gCm2yr
1901,0.20016599,0,0.27903619,0.0099313461,0,0,0.025837647,0.24446654,0.095096096,0,0.096790149
1901.0833,0.19127379,0,0.26427403,-0.00022498805,0,0,0.025971269,0.24150306,0.095118202,0,0.062010569
1901.1667,0.18218043,0,0.25940773,-0.0020124897,0,0,0.025691893,0.23812774,0.095076829,0,0.060057194
1901.25,0.17645322,0.38393761,0.25056899,-0.0056828374,0,0,0.025247239,0.23464604,0.095018618,11.519623,0.14800623
1901.3333,0.17415948,1.0004955,0.23857103,0.58928577,0,-5.5197384e-06,0.024133664,0.23182583,0.094433628,0,0.10329168
1901.4167,0.17221057,1.0932889,0.16034952,4.9513311,0.0098929463,0.017132706,0.023189824,0.22996165,0.093061529,0.86816313,0.14283368
1901.5,0.17880593,1.2691006,0.01674209,12.703161,0.027938655,0.10602692,0.021691984,0.22876289,0.091581896,0.96588954,0.15592761
1901.5833,0.18044798,1.4057877,0.00041996781,11.133371,0.021581491,0.10468781,0.025438493,0.22756074,0.090902552,0.78217099,0.11316965
1901.6667,0.17749617,1.3232685,0.00038988097,6.7291325,0.011026882,0.051576134,0.029830763,0.22653598,0.090317965,0.35001137,0.11521532
1901.75,0.1750691,0,0.00024005127,2.0911173,0,0,0.028504452,0.22450677,0.090024315,0,0.084053491
1901.8333,0.1718542,0,0.00019298289,0.0097105841,0,0,0.025833761,0.22212686,0.089879595,0,0.083143336
1901.9167,0.16457633,0,0.00022073406,-1.0209489e-08,0,0,0.023632566,0.21906705,0.089760818,0,0.13872453
1902,0.160896,0,0.0041453391,-4.0708897e-07,0,0,0.023688247,0.21485522,0.089622781,0,0.080829707
1902.0833,0.15426507,0,0.0013154409,-3.2416895e-06,0,0,0.023494534,0.21005467,0.089499533,0,0.075673657
1902.1667,0.1482893,0,0.0012884341,-0.00063537423,0,0,0.023209522,0.20464073,0.089411944,0,0.072586796
1902.25,0.14375283,0.19343176,0.0012805823,-0.001614323,-5.7090673e-07,-2.8895093e-05,0.022768565,0.19919963,0.089331426,11.677111,0.12572829
1902.3333,0.14860703,1.0037384,0.0014483571,0.77373159,0.0022325799,0.00049769571,0.021441616,0.1949963,0.089043342,0.14639933,0.17140206
1902.4167,0.15589569,1.1420419,0.0017443593,9.3999936,0.024718458,0.07275309,0.021647396,0.19309708,0.088372849,1.2563737,0.16057479
1902.5,0.16093494,1.2725517,0.0017040032,12.919966,0.028107918,0.11965637,0.022894487,0.1937537,0.087578483,0.71798679,0.14428788
1902.5833,0.14232108,1.2362711,0.0013264536,10.219914,0.021572254,0.1065177,0.029984249,0.19640414,0.086172976,0.46419738,0.11171996
1902.6667,0.12880559,1.0702286,0.00062694767,6.9276233,0.01363852,0.06222943,0.035895199,0.19962732,0.084072523,0.22585786,0.089894619
1902.75,0.12084331,0,0.00031385626,2.5815045,0,0,0.034634978,0.20250662,0.082409933,0,0.060111756
1902.8333,0.11753036,0,0.00029702866,0.00020276782,0,0,0.026444454,0.20452182,0.081363231,0,0.058713807
1902.9167,0.11624944,0,0.00030912145,0.0011313632,0,0,0.024227072,0.2059201,0.080402613,0,0.09343371
1903,0.11659462,0,0.00031187735,0.064420307,0,0,0.024816342,0.2068221,0.079481311,0,0.047109078
1903.0833,0.11425522,0,0.0003162935,0.32329998,0,0,0.025302174,0.20714127,0.078652851,0,0.046736262
1903.1667,0.11261478,0,0.00032635182,0.47229717,0,0,0.025530124,0.20676216,0.077882409,0,0.046586637
1903.25,0.11333245,0.21572624,0.0003345338,0.55708931,0,6.8412519e-07,0.024803761,0.2063525,0.077153593,9.6887542,0.15700699
1903.3333,0.12556561,0.86273986,0.00038916193,3.14044,0.00033508902,-3.4937964e-05,0.018686801,0.20711683,0.076075308,0.022361191,0.16624913
1903.4167,0.13344029,0.96635689,0.00044384436,6.795496,0.011757782,0.030817451,0.018572029,0.21000654,0.074614406,0.62262605,0.13922076
1903.5,0.13415112,1.0446481,0.00065792457,14.159554,0.021628143,0.087501791,0.018938901,0.2140941,0.073538154,0.65696006,0.14995345
1903.5833,0.1303006,1.0529906,0.00051713345,11.733744,0.012380264,0.051251285,0.023628207,0.217731,0.073715627,0.37489357,0.10498012
1903.6667,0.12959985,1.0262911,0.00046039792,7.5748202,0.0067050221,0.038192202,0.028291345,0.22005381,0.07485076,0.21997367,0.094039862
1903.75,0.12771577,0,0.00022377234,2.1393128,0,0,0.030819762,0.22154626,0.076347888,0,0.063207582
1903.8333,0.12546431,0,0.00018927845,0.035524638,0,0,0.031045467,0.22239484,0.07783471,0,0.062723104
1903.9167,0.12373719,0,0.00019725255,0.041863049,0,0,0.028645875,0.22274303,0.079235859,0,0.10999092
1904,0.12136592,0,0.00021351074,-1.0979213e-08,0,0,0.024464974,0.22137302,0.080654129,0,0.06171947
1904.0833,0.11600959,0,0.00023595789,-2.4666047e-08,0,0,0.025080774,0.21766533,0.081965439,0,0.058652242
1904.1667,0.1104935,0,0.00026557999,-0.00081953132,0,0,0.023459593,0.21052942,0.083211645,0,0.056596176
1904.25,0.10758653,0.15845227,0.00030929394,-0.0012629691,-1.1643507e-06,-6.5954657e-05,0.019968452,0.20230667,0.084436998,8.1506844,0.12683402
1904.3333,0.11986782,0.71886275,0.00036963544,0.37324588,0.00068768801,-9.929456e-05,0.020372376,0.19589716,0.085721821,0.051378507,0.21771657
1904.4167,0.13569358,0.83711598,0.00061371992,9.449986,0.014363339,0.055074777,0.021828726,0.19274867,0.087319277,0.90534351,0.24571939
1904.5,0.15720866,0.96468342,0.00059350737,13.110137,0.016519868,0.084515268,0.024198866,0.19327965,0.089367107,0.32330496,0.2195908
1904.5833,0.17350979,1.0660483,0.00041199385,10.606352,0.013124252,0.080495345,0.030015396,0.1969858,0.092040733,0.21185946,0.1761803
1904.6667,0.18602422,1.144179,0.0003771226,7.2319705,0.0091753299,0.062827175,0.03504172,0.20164609,0.095095411,0.10320707,0.16183815
1904.75,0.19098014,0.038097736,0.00017517275,1.5400528,0.00047657146,0.0033293441,0.039367825,0.20660059,0.098247476,0.0068046625,0.097164723
1904.8333,0.18873673,0,0.00012966884,0.14499247,0,0,0.042429578,0.21113263,0.10115461,0,0.092180759
1904.9167,0.18290344,0,0.00012556954,-2.1243094e-07,0,0,0.044496082,0.21482317,0.10378372,0,0.1738642
1905,0.18195734,0,0.00013975731,-5.2617982e-06,0,0,0.047019888,0.2162316,0.10623939,0,0.093336627
1905.0833,0.17521108,0,0.000152318,-9.3072671e-05,0,0,0.054084912,0.21555498,0.10841753,0,0.089496084
1905.1667,0.16904676,0,0.00016578795,-0.00041498051,0,0,0.053099547,0.2140034,0.11042544,0,0.086132752
1905.25,0.16456637,0.20351054,0.00020298286,-0.0010005683,0,-0.00014210774,0.037618253,0.21200334,0.11232963,9.1653354,0.1507425
1905.3333,0.17015445,0.80286292,0.00027685607,0.62343472,0.0010832507,-0.00023433324,0.028997812,0.21133177,0.11413082,0.1116544,0.12548501
1905.4167,0.1781696,0.9282527,0.0003837182,7.1482039,0.014923285,0.058854475,0.028274387,0.21328898,0.11598056,1.224683,0.15282873
1905.5,0.20262119,1.0834666,0.00051852001,13.256848,0.025097412,0.1324475,0.030080061,0.21827528,0.11816138,0.42188763,0.34729036
1905.5833,0.22638576,1.1838578,0.00036895566,10.964476,0.021019256,0.11961253,0.035054754,0.22688107,0.12087841,0.29935293,0.23854076
1905.6667,0.26075842,1.2452446,0.00027741029,6.3042774,0.012703782,0.067111301,0.039109204,0.23641764,0.12387918,0.11228115,0.57978263
1905.75,0.26256705,0,0.00015891208,2.7846233,0.00041532992,0.0018100928,0.041848864,0.24590991,0.12684463,0,0.13253956
1905.8333,0.25066777,0,0.0001389276,0.19493941,0,0,0.043989819,0.25443098,0.12944718,0,0.12350337
1905.9167,0.24134804,0,0.00014916573,0.00015546899,0,0,0.046106532,0.26159564,0.13177645,0,0.15423843
1906,0.2204935,0,0.00015744627,0.017916049,0,0,0.04863831,0.26634648,0.13365221,0,0.048431608
1906.0833,0.21360756,0,0.00016496236,0.25489525,0,0,0.056032594,0.26916057,0.13516784,0,0.04815871
1906.1667,0.20667831,0,0.0001755549,0.29441491,0,0,0.057218958,0.27092102,0.13677423,0,0.047998338
1906.25,0.20636374,0.20445476,0.00021000078,0.93730041,0,0,0.043858778,0.27213916,0.13832214,9.176857,0.30749401
1906.3333,0.23045379,0.81954303,0.00027952326,2.8860319,0,-1.735026e-08,0.031477898,0.27461475,0.13903956,0,0.18980938
1906.4167,0.24302003,0.90688816,0.00026660331,5.327719,0.0050891725,0.011812292,0.030798722,0.27962083,0.13857506,0.41264895,0.15650718
1906.5,0.25197264,1.0466771,0.000338652,14.17148,0.024730146,0.13424994,0.033206504,0.28523305,0.13818118,0.87959072,0.18602798
1906.5833,0.25443788,1.1441964,0.00021592097,10.802564,0.018411023,0.11310087,0.034690451,0.29073966,0.13816136,0.43158986,0.15351084
1906.6667,0.25786835,1.2249214,0.00019137756,7.6754221,0.013707487,0.08703642,0.035500307,0.29672557,0.13791513,0.25957287,0.14177571
1906.75,0.25353883,0.0405635,0.00012985838,3.2275147,0.00052995815,0.0030635974,0.038771044,0.30281234,0.13749099,0.0018973105,0.092295382
1906.8333,0.24252787,0,9.8328834e-05,0.33970984,0,0,0.042366464,0.30827263,0.13698752,0,0.089040122
1906.9167,0.23193704,0,0.00010125674,0.0066709178,0,0,0.045430906,0.31279922,0.13646592,0,0.15539831
1907,0.22680768,0,9.2167837e-05,0.0047680124,0,0,0.056841254,0.31595919,0.13610114,0,0.089878351
1907.0833,0.22192812,0,8.6582593e-05,0.012285933,0,0,0.075544015,0.31778067,0.135924,0,0.088824805
1907.1667,0.2145012,0,8.4548439e-05,-0.00057017904,0,0,0.095597245,0.31814888,0.13579473,0,0.086597256
1907.25,0.20919174,0.2226994,9.2921277e-05,-0.0020564341,0,0,0.11198652,0.31757408,0.13570245,10.044397,0.27982099
1907.3333,0.22903061,0.87399856,0.00011860071,1.0146423,0,-2.1062864e-08,0.11015803,0.31782782,0.13534908,5.0383549e-07,0.30342909
1907.4167,0.24371457,0.95075043,0.00014113725,4.0954843,0.0014215415,0.00035901063,0.091210648,0.3208257,0.1343593,0.10758235,0.25940156
1907.5,0.25966379,1.0779095,0.00020572993,10.060256,0.019015056,0.074823723,0.079859383,0.32512119,0.13348383,0.83027884,0.30384797
1907.5833,0.28060735,1.2010242,0.00019371943,10.728292,0.017874251,0.093338415,0.065866172,0.32876742,0.13396123,0.38168636,0.28645391
1907.6667,0.29808207,1.1154766,0.00016538196,7.0257327,0.011033915,0.060941626,0.063427724,0.33242601,0.13511123,0.18257861,0.25928569
1907.75,0.30208298,0,9.2701666e-05,1.5355972,0,0,0.061898425,0.33651024,0.13631469,0,0.1430126
1907.8333,0.2963774,0,7.1465314e-05,0.031821365,0,0,0.061669737,0.33987722,0.13749968,0,0.1415124
1907.9167,0.2844487,0,6.7098124e-05,-1.3795576e-23,0,0,0.063467138,0.34189498,0.13865122,0,0.19675275
1908,0.25988522,0,8.1909988e-05,-2.5591865e-06,0,0,0.0643031,0.34154677,0.13941453,0,0.12301343
1908.0833,0.25042571,0,8.9717774e-05,-3.9766495e-06,0,0,0.065050937,0.33971485,0.13981731,0,0.11881152
1908.1667,0.24065918,0,9.7577133e-05,-9.9398212e-05,0,0,0.071475565,0.33708671,0.14024566,0,0.1142123
1908.25,0.23337283,0.21271162,0.00011397236,-0.00018110306,0,-8.0908514e-05,0.0764549,0.33366984,0.14067863,9.5864124,0.21624095
1908.3333,0.24376054,0.83767594,0.00015815797,0.23772303,0.00077569513,-0.00019887307,0.07518328,0.33189821,0.14062656,0.022983534,0.30761573
1908.4167,0.25790499,0.95063762,0.00024949614,6.9264477,0.017170227,0.045626886,0.062494084,0.33352104,0.13983472,1.0204679,0.29467062
1908.5,0.27909447,1.1013232,0.00029618439,13.39442,0.027227515,0.10030864,0.051029865,0.33696929,0.1395672,0.59847198,0.30623598
1908.5833,0.29240115,1.2049387,0.00020739676,9.3508066,0.018585205,0.079615393,0.047550455,0.34101212,0.14020418,0.31608871,0.26570883
1908.6667,0.29998689,0.5026065,0.00014891953,6.7364318,0.0061110419,0.027711043,0.051441047,0.34534135,0.14096451,0.092574138,0.18685108
1908.75,0.29366356,0,0.00010847674,2.2376362,0,0,0.055960532,0.34911868,0.14179504,0,0.13445266
1908.8333,0.2863711,0,8.0937221e-05,0.12309389,0,0,0.061390754,0.35208827,0.14265667,0,0.13391008
1908.9167,0.27502887,0,7.6759905e-05,-3.5309602e-07,0,0,0.065760404,0.35421899,0.14348783,0,0.18795316
1909,0.26384502,0,8.2295359e-05,-2.8575705e-08,0,0,0.069347382,0.35487849,0.14426155,0,0.12517366
1909.0833,0.25288205,0,9.2625087e-05,-4.2397888e-05,0,0,0.084961951,0.35404071,0.14492923,0,0.11986655
1909.1667,0.24292318,0,9.8945886e-05,-0.00058411118,0,0,0.097519122,0.35172728,0.14557409,0,0.1151901
1909.25,0.2366096,0.19831116,0.00012409742,-0.00052443878,-4.9677094e-06,-2.4921648e-05,0.087436005,0.34866828,0.14619997,8.9236424,0.23769251
1909.3333,0.25079105,0.78473735,0.00020066307,0.39568375,0.0011063824,0.0011773343,0.064664297,0.34727067,0.14629595,0.060698522,0.27423792
1909.4167,0.26925615,0.9122034,0.00032797636,8.3604518,0.023763261,0.07024473,0.051454924,0.34916505,0.14565472,1.1458269,0.27839023
1909.5,0.2944122,1.0628946,0.00028276013,12.444219,0.032591456,0.1084107,0.047931504,0.35431322,0.14493629,0.50752127,0.28011504
1909.5833,0.31295867,1.1757537,0.00018843816,10.781651,0.026929256,0.062789151,0.048383482,0.36192814,0.14485273,0.42160039,0.24123789
1909.6667,0.32352167,0.75270893,0.00014357362,7.2757975,0.012697382,0.033852444,0.050922062,0.36947238,0.14610185,0.20204233,0.1950813
1909.75,0.31683827,0,9.9614153e-05,1.7031207,0,0,0.054588031,0.37550616,0.14824943,0,0.13031204
1909.8333,0.30796262,0,8.8478293e-05,0.060749286,0,0,0.058424644,0.37948945,0.15074231,0,0.13021289
1909.9167,0.29960283,0,8.5656597e-05,0.014052423,0,0,0.062619008,0.38151088,0.15338886,0,0.20594539
1910,0.27091609,0,8.9433219e-05,0.00026714147,0,0,0.069620222,0.38062996,0.15548511,0,0.1192647
1910.0833,0.25809341,0,9.660123e-05,-3.670413e-05,0,0,0.076522365,0.37471119,0.1569857,0,0.11548956
1910.1667,0.24774513,0,0.00010078768,-0.0003387821,0,0,0.075585902,0.36630973,0.15869264,0,0.10952346
1910.25,0.2418636,0.21123134,0.00012620118,-0.001036227,0,-8.4928802e-07,0.063972332,0.35782644,0.16035898,9.5155403,0.2986003
1910.3333,0.26034776,0.8313295,0.00018944114,0.60823994,0,-2.8895346e-05,0.051895332,0.35145155,0.1615123,9.7150645e-07,0.31378254
1910.4167,0.27827951,0.93428208,0.00021438742,5.4754647,0.011633477,0.015169128,0.051133182,0.34844926,0.1620782,1.0608252,0.2731552
1910.5,0.30582878,1.1141604,0.00027044219,12.314685,0.029830815,0.10592935,0.050543722,0.34713185,0.16326526,0.88670745,0.37693548
1910.5833,0.33240154,1.2424941,0.00018828995,9.2390297,0.021694728,0.090517235,0.050244275,0.34909627,0.16525352,0.35157337,0.29417394
1910.6667,0.35341264,1.337436,0.00017208072,7.2157621,0.017561685,0.078851162,0.052890442,0.35369387,0.16750331,0.24652172,0.2723944
1910.75,0.36365728,0.22415812,0.00011110085,1.6332281,0.0024707523,0.011196517,0.055975709,0.35933068,0.16990156,0.044737053,0.18045467
1910.8333,0.3574969,0,8.5559805e-05,0.054133055,0,0,0.057992619,0.36465648,0.17212324,0,0.15914465
1910.9167,0.35068489,0,8.2474464e-05,0.02853158,0,0,0.060326785,0.36937433,0.17402881,0,0.28397853
1911,0.34101278,0,8.3482657e-05,0.00014227049,0,0,0.070310183,0.37301868,0.17641757,0,0.1611879
1911.0833,0.32755852,0,8.5403975e-05,-7.4045424e-05,0,0,0.085170329,0.37479639,0.17909713,0,0.15448633
1911.1667,0.31478723,0,8.8009227e-05,-0.0014804955,0,0,0.095019676,0.37551475,0.18165733,0,0.14864325
1911.25,0.30546822,0.17755889,0.00010052358,-0.0023044663,0,-2.623386e-11,0.090993755,0.37531,0.18410088,10.709767,0.35408537
1911.3333,0.32929282,0.92299108,0.00013322139,0.48884973,0,-1.5843124e-05,0.08211872,0.37615433,0.18627249,4.6597923e-07,0.3549796
1911.4167,0.34631818,1.0136024,0.00016301963,5.7200792,0.013378904,0.028835904,0.07275226,0.3800723,0.18811622,0.70698071,0.35912412
1911.5,0.38591863,1.158084,0.00019464086,12.350199,0.030420815,0.11353929,0.066424817,0.3853007,0.19078465,0.48136956,0.4739254
1911.5833,0.41132572,1.2653278,0.00016077867,10.622381,0.026451734,0.11047088,0.066393569,0.39148283,0.19462067,0.40248231,0.33295429
1911.6667,0.42896747,1.3610187,0.00013254014,6.6112147,0.01661089,0.075271359,0.069028392,0.39789233,0.19883557,0.13425888,0.22129938
1911.75,0.43332356,0.31788764,0.00010174511,2.5574812,0.0026513785,0.012308171,0.072406523,0.40410665,0.20320642,0.014245665,0.14197038
1911.8333,0.42333701,0,8.7176042e-05,0.38245129,0,0,0.073823027,0.40939122,0.20743391,0,0.12086244
1911.9167,0.41008444,0,6.5962799e-05,0.0031561594,0,0,0.075025097,0.41351929,0.21144181,0,0.21487427
1912,0.39072125,0,6.4472362e-05,-3.3962272e-10,0,0,0.08169543,0.41646257,0.21527314,0,0.11990169
1912.0833,0.37148735,0,6.3215462e-05,-4.7840293e-05,0,0,0.090434127,0.41825914,0.21865067,0,0.11624522
1912.1667,0.3531554,0,6.7657114e-05,-0.00071553468,0,0,0.10089794,0.41916671,0.22172758,0,0.11255031
1912.25,0.34956945,0.29517984,7.4038362e-05,-0.0014553787,0,-4.1855179e-06,0.11479786,0.4195061,0.2246023,10.639808,0.61991776
1912.3333,0.3882586,0.93828322,8.3270279e-05,2.4596014,0.0039761457,0.00066446011,0.11324728,0.42144656,0.22652838,0.19908589,0.36547436
1912.4167,0.40126126,1.0477655,9.1875743e-05,9.0388794,0.024459196,0.06617296,0.16698059,0.42656991,0.22721466,0.85624111,0.38191793
1912.5,0.39735215,1.1260132,7.2419985e-05,13.179505,0.032461777,0.096517265,0.29686594,0.43390143,0.22694646,0.44508696,0.3642179
1912.5833,0.41186923,1.197887,5.9673588e-05,10.146861,0.025260609,0.08065827,0.32221159,0.44310963,0.22630815,0.24762949,0.34832923
1912.6667,0.42466776,1.2570885,5.4465276e-05,6.6109574,0.017018474,0.052263093,0.30980942,0.45313913,0.22586545,0.14569523,0.34669439
1912.75,0.42236294,0.24809036,4.3352728e-05,3.0068848,0.0027812607,0.0083971326,0.27065974,0.46339312,0.2254779,0.018258467,0.22270617
1912.8333,0.40258153,0,3.8436017e-05,0.1822494,0,0,0.22051097,0.47245607,0.22490431,0,0.18234769
1912.9167,0.38332678,0,3.7133574e-05,-6.2568845e-10,0,0,0.16021033,0.47980464,0.22425608,0,0.30727915
1913,0.36613349,0,4.3375305e-05,-3.235747e-06,0,0,0.12155997,0.484799,0.22365914,0,0.17120806
1913.0833,0.35201793,0,4.8101294e-05,-4.9001704e-05,0,0,0.13317104,0.48744515,0.22303621,0,0.16509678
1913.1667,0.33970637,0,4.7516041e-05,-0.0001263403,0,0,0.16175796,0.48882627,0.22258413,0,0.16003203
1913.25,0.33202447,0.18451166,5.0357026e-05,-0.00028218936,-4.6840517e-06,-3.8462358e-05,0.19021159,0.48919469,0.22243437,9.5171946,0.39004083
1913.3333,0.35929689,0.83187711,6.421181e-05,0.98155051,0.0024608148,0.0031389235,0.19882315,0.49091133,0.22221431,0.10840725,0.39006971
1913.4167,0.39058499,0.97765669,6.3608313e-05,12.471745,0.03280237,0.090146099,0.22094086,0.49605834,0.22218557,1.1435401,0.43311466
1913.5,0.43224293,1.0963599,3.7422513e-05,12.915356,0.031534876,0.10736424,0.22939134,0.50284904,0.22378325,0.30027741,0.54697886
1913.5833,0.46379279,1.1336085,3.2850981e-05,10.328717,0.026678628,0.09168513,0.21864083,0.51152682,0.22591354,0.23689142,0.49265802
1913.6667,0.46505607,0,2.5092739e-05,6.383048,0,0,0.22570963,0.52091163,0.22761258,0,0.18766558
1913.75,0.44547662,0,2.6946864e-05,2.3282686,0,0,0.23377571,0.52950919,0.22855462,0,0.18756685
1913.8333,0.42907437,0,2.9597944e-05,0.068306385,0,0,0.23481832,0.5371685,0.22872396,0,0.18736932
1913.9167,0.41727023,0,3.0483134e-05,0.0017918681,0,0,0.22711879,0.5439347,0.22829179,0,0.33079255
1914,0.41428712,0,3.028362e-05,0.0037422698,0,0,0.21597952,0.5496425,0.2274106,0,0.19267644
1914.0833,0.40606645,0,3.0085715e-05,0.001225894,0,0,0.21890104,0.55378079,0.22639056,0,0.18995133
1914.1667,0.39074064,0,3.5751687e-05,-0.00059568242,0,0,0.23706703,0.55651313,0.22545411,0,0.18351889
1914.25,0.38230923,0.20656685,4.217543e-05,-0.0015367663,0,0,0.25888535,0.55801779,0.22455274,9.3012135,0.41504177
1914.3333,0.4096239,0.81683445,5.040205e-05,0.97077863,0,-5.4218397e-06,0.26263443,0.56095004,0.22312771,1.3772547e-07,0.36355466
1914.4167,0.43796521,0.90273219,4.7081987e-05,4.6480972,0.008831207,0.016166235,0.25644585,0.5675326,0.22079459,0.41626571,0.33162671
1914.5,0.46623824,1.0380833,3.7264748e-05,12.793022,0.037287629,0.097143461,0.29334435,0.57667983,0.21861154,0.58450783,0.38992083
1914.5833,0.49270579,1.1511747,2.8449458e-05,10.526291,0.027090813,0.070988183,0.35237366,0.58636731,0.2200264,0.31869117,0.36287754
1914.6667,0.51149388,0.73215069,2.6004625e-05,6.7349812,0.012529261,0.035531207,0.39816326,0.59595662,0.22337973,0.15404629,0.30185456
1914.75,0.5061485,0,2.4091647e-05,2.4667726,0,0,0.40957025,0.60441417,0.22750285,0,0.19611521
1914.8333,0.49596163,0,2.5339365e-05,0.024430189,0,0,0.39812484,0.61056483,0.23211879,0,0.19626681
1914.9167,0.48517773,0,2.5188801e-05,0.033017938,0,0,0.36876094,0.61470133,0.23696104,0,0.34622728
1915,0.47813816,0,2.4604109e-05,0.0006566557,0,0,0.32777965,0.61658752,0.24195573,0,0.20169183
1915.0833,0.46077647,0,2.8267215e-05,-1.2657714e-05,0,0,0.27647272,0.61546648,0.24651657,0,0.19516188
1915.1667,0.44138206,0,3.399593e-05,-0.0014390075,0,0,0.23196952,0.6120683,0.25057861,0,0.18821855
1915.25,0.44073898,0.35246645,3.9993007e-05,0.0078980636,0,-1.9522561e-08,0.20933849,0.608163,0.25436136,10.552428,0.71715602
1915.3333,0.48888428,0.9370558,4.6015954e-05,2.0808626,0,-1.0004413e-05,0.19223921,0.6068297,0.25736001,2.2059317e-07,0.52992534
1915.4167,0.52417722,1.030116,4.6228321e-05,4.2556434,0.0081405181,0.013793731,0.18143775,0.60957599,0.25969952,0.46293935,0.48972221
1915.5,0.56410488,1.1670098,4.6881923e-05,12.245009,0.030821638,0.11372779,0.20090257,0.6133216,0.26270118,0.61771999,0.57631787
1915.5833,0.60400041,1.2755165,3.3285774e-05,10.247248,0.026031887,0.10643579,0.24500918,0.61801606,0.26655322,0.3448552,0.52231176
1915.6667,0.63988275,1.3692378,3.0005127e-05,6.6356949,0.017785286,0.07276473,0.26742694,0.62449247,0.27023882,0.18241849,0.52061324
1915.75,0.65336347,0.045441386,2.5423371e-05,1.9988124,0.00074990294,0.0030931178,0.27242351,0.63190061,0.27365837,0.0008627526,0.31823651
1915.8333,0.64377795,0,2.5394811e-05,0.03759884,0,0,0.26473922,0.63872641,0.27665332,0,0.30370325
1915.9167,0.63381268,0,2.5696154e-05,2.0439695e-18,0,0,0.24645585,0.64439422,0.27924815,0,0.40232815
1916,0.61834697,0,2.556023e-05,0.042182536,0,0,0.22088902,0.64865595,0.28173265,0,0.29908979
1916.0833,0.61157363,0,2.5208692e-05,0.040289903,0,0,0.20630679,0.65180653,0.28396672,0,0.29697728
1916.1667,0.60349406,0,2.5249758e-05,0.088129676,0,0,0.21298158,0.65365952,0.28592953,0,0.29353544
1916.25,0.60393795,0.25278312,2.6066966e-05,0.21959812,0,0,0.23921485,0.65434515,0.28776783,11.384616,0.57952907
1916.3333,0.63701853,0.99977874,2.8933231e-05,0.83660584,0,0,0.28544751,0.65662318,0.28834859,1.3752774e-07,0.39608573
1916.4167,0.65608131,1.0785684,2.5083396e-05,2.7638702,0,-9.6446137e-07,0.32936901,0.66257012,0.28690043,1.1470901e-07,0.35985223
1916.5,0.67431759,1.1676811,2.3167495e-05,5.3151283,0.012608704,0.026691043,0.35929295,0.67100608,0.2844069,0.47652986,0.36064875
1916.5833,0.69458695,1.2812432,1.9003448e-05,9.1723518,0.03057558,0.10935081,0.4250066,0.68104756,0.28175482,0.21759089,0.4172263
1916.6667,0.71239099,1.3562967,1.3149202e-05,5.896985,0.019838873,0.075082486,0.50742072,0.69180059,0.27960086,0.065824626,0.39897012
1916.75,0.72162086,0.58834825,1.1611674e-05,2.5986817,0.0056360304,0.021663812,0.62172812,0.70310742,0.27739552,0.0088362142,0.31106225
1916.8333,0.70918893,0,1.1134238e-05,0.65568942,0,0,0.73942327,0.71359307,0.27545813,0,0.24049374
1916.9167,0.68310235,0,1.552162e-05,0.00014550269,0,0,0.8858459,0.7213828,0.27386218,0,0.41491846
1917,0.65732881,0,1.7172704e-05,-2.5336696e-07,0,0,0.99642903,0.72410363,0.27240911,0,0.23615915
1917.0833,0.62679214,0,2.0085952e-05,-6.3529939e-06,0,0,1.0091946,0.7225787,0.2713038,0,0.22974227
1917.1667,0.60060836,0,2.3786866e-05,-6.7680026e-05,0,0,1.0372237,0.71968222,0.27049237,0,0.22358886
1917.25,0.58258424,0.16973652,2.8906023e-05,-0.00020063129,-6.3118085e-06,-6.110339e-05,1.0903313,0.7159816,0.27020082,12.316732,0.76968905
1917.3333,0.62990555,1.0516928,3.4634882e-05,0.4961143,0.0020174336,0.0020459678,1.0404629,0.71345842,0.2695159,0.073385418,0.55946643
1917.4167,0.66884217,1.1817451,3.7388854e-05,7.1234277,0.032307005,0.084369331,0.9724741,0.7146849,0.26750812,1.3282404,0.63780889
1917.5,0.71449409,1.3483162,3.3601224e-05,11.769501,0.047331491,0.16010526,1.0464088,0.71875501,0.26616374,0.74395229,0.64584387
1917.5833,0.75450109,1.4655283,2.7258444e-05,8.792004,0.035767869,0.13144341,1.1436195,0.72464383,0.26606384,0.35153507,0.57995906
1917.6667,0.78784931,1.4424525,2.5108553e-05,6.28327,0.026239484,0.094423547,1.1814284,0.73241389,0.26576528,0.24920828,0.56990154
1917.75,0.79579232,0,1.9762563e-05,2.4294296,0,0,1.1459727,0.74108666,0.26531804,0,0.34905817
1917.8333,0.78313088,0,2.089999e-05,0.02117663,0,0,1.061933,0.74858981,0.26540855,0,0.34722934
1917.9167,0.75351162,0,2.0751049e-05,0,0,0,0.97978121,0.7536127,0.26640975,0,0.59203601
1918,0.70997165,0,2.0100088e-05,-2.3397814e-08,0,0,0.87291354,0.75622737,0.26694471,0,0.33802991
1918.0833,0.68294839,0,2.073641e-05,-2.0113667e-05,0,0,0.82969087,0.75613421,0.26656774,0,0.32607865
1918.1667,0.65416459,0,1.9651092e-05,-0.00068893591,0,0,0.73580807,0.75250047,0.26538578,0,0.31853449
1918.25,0.63224707,0.22989162,1.9255507e-05,-0.0018184252,0,0,0.68226457,0.74183065,0.26055834,11.887916,0.54533171
1918.3333,0.65996166,1.0120136,2.0573772e-05,-0.0014767804,0,-2.24477e-07,0.69093919,0.73110479,0.25423026,1.182074e-06,0.66748812
1918.4167,0.68047148,1.0469358,1.7174905e-05,0.57822539,0.0024203121,-3.1083781e-05,0.70471674,0.72910058,0.24783164,0.085747688,0.57477674
1918.5,0.71563653,1.1928477,1.313127e-05,7.4304724,0.047029495,0.081494865,0.76759899,0.73311341,0.24140884,2.0528282,0.63352353
1918.5833,0.76168223,1.3933366,7.8762223e-06,8.8039475,0.060194576,0.11372967,0.96587181,0.73881704,0.23541591,1.4712837,0.98777805
1918.6667,0.83702378,1.5554969,5.8732644e-06,5.5961918,0.044599126,0.080975661,1.1950802,0.73861647,0.23077404,0.68162448,1.0281017
1918.75,0.87742961,0.10430643,4.8954967e-06,2.0455186,0.0033726882,0.0060252409,1.42258,0.73745418,0.22882625,0.031385007,0.51089933
1918.8333,0.85917261,0,5.6254639e-06,0.0029165935,0,0,1.6753531,0.73754704,0.22789231,0,0.35860151
1918.9167,0.82124386,0,5.4593311e-06,-8.2991778e-07,0,0,2.0296297,0.74594545,0.22783887,0,0.5972708
1919,0.77283342,0,5.1326842e-06,-1.2460929e-09,0,0,2.5407245,0.75680071,0.23141593,0,0.34544816
1919.0833,0.70998305,0,5.6396075e-06,-3.4046382e-06,0,0,2.9517696,0.7672562,0.24469353,0,0.33376605
1919.1667,0.66754263,0,5.0726908e-06,-4.2915471e-05,0,0,3.3379514,0.77581078,0.2703881,0,0.32540125
1919.25,0.63656439,0.1399162,3.7815309e-06,-2.3857333e-05,-2.0679297e-06,-4.1547662e-06,3.7885022,0.78273821,0.31171185,8.4154705,0.5566245
1919.3333,0.68022049,0.73588802,4.1152352e-06,1.6794573,0.013373938,0.014363171,4.3369637,0.79051077,0.35389975,0.38605507,0.89361264
1919.4167,0.75973332,0.86400518,2.463672e-06,9.6494794,0.07267144,0.096340171,4.9849396,0.80149013,0.39312685,0.50825817,1.0148244
1919.5,0.8413716,0.93406608,1.5893571e-06,10.359538,0.079167762,0.12212826,6.2169366,0.81494206,0.42898262,7.2457306e-05,1.0067768
1919.5833,0.91952475,1.0000889,1.1676203e-06,7.1798668,0.05803859,0.097896075,7.8577995,0.83007807,0.46211651,5.5395804e-05,0.92978451
1919.6667,0.99223759,1.0687761,9.4330875e-07,4.8746376,0.042157227,0.075218179,9.880105,0.84591949,0.48954085,4.7040668e-05,0.91359097
1919.75,1.0373616,0.1786209,8.4400301e-07,1.793681,0.0055804255,0.010219956,12.579685,0.86159354,0.51421452,6.8080557e-06,0.64776761
1919.8333,1.0365025,0,8.1537877e-07,0.020505357,0,0,15.906431,0.87589943,0.53683281,0,0.58034644
1919.9167,1.0329046,0,8.2339835e-07,0.0030398735,0,0,20.041889,0.88874704,0.55952734,0,0.99344157
1920,1.0486147,0,3.5272174e-06,0.033683904,0,0,25.104454,0.90047944,0.58198589,0,0.56771679
1920.0833,0.95049961,0,1.0727088e-06,0.044487088,0,0,30.822596,0.90992975,0.61466253,0,0.52659548
1920.1667,0.93048188,0,1.1172128e-06,0.099291001,0,0,37.141369,0.9172675,0.65979141,0,0.5172249
1920.25,0.93174266,0.20606475,1.1613242e-06,0.15266089,0,0,44.024651,0.92413837,0.70277292,10.619857,0.6618804
1920.3333,1.0110608,0.93088282,1.2254277e-06,0.70023971,0,0,51.859257,0.93252653,0.74059045,0.00043339317,1.0867033
1920.4167,1.0951139,0.99218974,1.2420068e-06,1.8825413,0,1.4728516e-08,60.348595,0.94420099,0.77332878,0.00044704764,1.0063199
1920.5,1.1861336,1.0774068,1.1747804e-06,6.5496427,0.068906615,0.13481874,68.725014,0.95746422,0.80307174,0.33979361,1.1454266
1920.5833,1.286883,1.155248,9.830934e-07,6.8736951,0.080906712,0.17535606,77.00238,0.97233003,0.83033758,0.00029842278,1.1448559
1920.6667,1.3705071,0.96963474,8.6760457e-07,4.2760178,0.045411946,0.097139691,86.474976,0.98760784,0.85469526,0.00017995611,1.0399526
1920.75,1.395565,0,7.8259819e-07,1.029587,0,0,97.133354,1.0024946,0.87671888,0,0.78145921
1920.8333,1.3943684,0,7.9523113e-07,0.036000941,0,0,109.23811,1.0159736,0.89674455,0,0.78080706
1920.9167,1.3817096,0,8.2695681e-07,0.00090937702,0,0,122.23911,1.0281172,0.9148891,0,1.2951832
1921,1.2661566,0,9.5071908e-07,0.0037500498,0,0,137.57478,1.0384072,0.94196606,0,0.70230508
1921.0833,1.1958941,0,1.0534955e-06,0.011450075,0,0,152.12793,1.046191,0.97718239,0,0.66766701
1921.1667,1.170869,0,1.1222415e-06,0.10262338,0,0,167.16,1.0526971,1.0142076,0,0.65357408
1921.25,1.1743299,0.26661239,1.1653912e-06,0.18688608,0,0,183.19131,1.0588077,1.0491544,12.026133,0.82551557
1921.3333,1.2639021,1.0434231,1.2408057e-06,0.63385851,0,2.3947313e-10,199.80727,1.0663052,1.0804647,7.3871861e-05,1.1888458
1921.4167,1.3706957,1.1126307,1.248278e-06,3.1566773,0.046726483,0.074437766,217.08804,1.0767794,1.1079732,0.04604258,1.2944465
1921.5,1.4904926,1.1833424,1.0793075e-06,7.3218941,0.13821497,0.31424831,233.16573,1.0893072,1.1322827,0.0035206079,1.2602167
1921.5833,1.5969224,1.2507112,8.8613979e-07,6.3837375,0.12426531,0.29353244,251.00224,1.1033213,1.1544842,0.0026851643,1.2123851
1921.6667,1.6926709,1.2251134,7.9621253e-07,3.7877864,0.078266975,0.17754495,269.9129,1.1174878,1.1739542,0.0023514171,1.1984751
1921.75,1.730733,0,7.2868477e-07,0.69171436,0,0,290.1662,1.1312625,1.1913232,0,0.96915309
1921.8333,1.7293157,0,7.4150967e-07,0.18271556,0,0,311.72018,1.143818,1.2070674,0,0.96839005
1921.9167,1.7295951,0,7.5668243e-07,0.00066073904,0,0,334.08148,1.1551452,1.2213181,0,1.6839352
1922,1.7399783,0,7.3267074e-05,0.00432776,0,0,347.16843,1.1653072,1.2346941,0,0.97419646
1922.0833,1.6466533,0,7.7464472e-07,0.018942133,0,0,347.77969,1.1735739,1.2498024,0,0.92202914
1922.1667,1.5791435,0,8.4221517e-07,0.050630493,0,0,345.73621,1.1809149,1.2679,0,0.88410043
1922.25,1.5772688,0.32396291,9.5083993e-07,0.08174652,0,0,337.16177,1.1879977,1.2866398,14.649578,0.94681697
1922.3333,1.6572087,1.2604269,1.1272782e-06,0.24133136,0,0,332.31516,1.1960771,1.3013618,0.00080991979,1.1705954
1922.4167,1.7616348,1.3306729,1.3170761e-06,0.44469978,0,1.1485611e-10,331.53452,1.206799,1.307243,0.00052651817,1.1643561
1922.5,1.86011,1.3993348,1.463192e-06,1.1060387,0.034339909,0.041483097,331.88257,1.2178404,1.3103269,0.061276384,1.2701656
1922.5833,1.9699219,1.4720715,1.4638719e-06,3.3200155,0.15428544,0.3377733,330.32751,1.2289783,1.3124647,0.03871125,1.3865149
1922.6667,2.0696281,1.3310134,1.3598626e-06,2.0841915,0.094060737,0.26728534,326.87204,1.2397352,1.3145261,0.044532353,1.3480607
1922.75,2.1037096,0,1.352772e-06,0.40791363,0,0,323.34354,1.2498949,1.3163264,0,1.1780741
1922.8333,2.1022328,0,1.4115453e-06,0.0009359429,0,0,320.38846,1.2591221,1.3179339,0,1.177247
1922.9167,2.1021904,0,1.4590656e-06,4.8884053e-06,0,0,317.32162,1.2674514,1.3193821,0,2.0343771
1923,2.1653166,0,1.6150921e-06,0.00010288494,0,0,313.52689,1.2750944,1.3206873,0,1.2041414
1923.0833,2.1565896,0,1.9435577e-06,0.015928476,0,0,301.84457,1.2816755,1.3217757,0,1.1666184
1923.1667,2.1239906,0,3.2106066e-06,6.5561804e-06,0,0,267.56482,1.2876933,1.3211585,0,1.152109
1923.25,2.074851,0.39067797,6.3936204e-06,0,0,0,210.97105,1.2931979,1.3197612,17.962483,1.2961927
1923.3333,2.1239375,1.5175062,1.2986505e-05,0,0,0,156.27893,1.2988468,1.3197612,0.31834458,1.5809086
1923.4167,2.2205259,1.5899303,1.6729977e-05,0.0047180478,0.00089563332,0,103.88541,1.3054464,1.3197612,0,1.4758737
1923.5,2.3329048,1.6746228,1.5794225e-05,0.26916144,0.16938553,0.3322914,93.575737,1.3124636,1.3197612,0.33541966,1.653215
1923.5833,2.4458896,1.7553571,1.4385061e-05,0.31314775,0.19897978,0.47706429,86.646828,1.3198626,1.3197612,0.0053442996,1.52479
1923.6667,2.544122,1.8240338,1.3765917e-05,0.20224019,0.13486453,0.32365984,80.340157,1.326838,1.3197612,0.094682585,1.6126948
1923.75,2.5896714,0,1.3129715e-05,0.049329381,0.003254589,0.0081014299,74.014832,1.3331431,1.3197612,0,1.4518981
1923.8333,2.5765391,0,1.3783272e-05,0.00016300745,0,0,68.214478,1.3388264,1.3197612,0,1.4428619
1923.9167,2.5209973,0,1.461494e-05,0,0,0,62.815788,1.3439567,1.3197612,0,2.4161647
1924,2.5403174,0,1.5840629e-05,0,0,0,56.139256,1.3486636,1.3197612,0,1.4225777
1924.0833,2.4804967,0,1.7941851e-05,0,0,0,48.427433,1.3527156,1.3197612,0,1.3890782
1924.1667,2.4221081,0,1.9270075e-05,0,0,0,40.776489,1.3563813,1.3197612,0,1.3563806
1924.25,2.3694432,0.45096042,2.1208272e-05,0,0,0,32.229809,1.3598326,1.3197612,20.497505,1.5244409
1924.3333,2.426896,1.7117637,2.6501184e-05,0,0,-2.2597076e-09,23.987057,1.3641393,1.3197612,0,1.9002718
1924.4167,2.5285971,1.7611971,5.0286802e-05,0.08731146,0.091434348,0.10129267,31.080667,1.3701544,1.3197612,0.00019460865,1.7824645
1924.5,2.6512407,1.8296094,5.6870475e-05,0.28877625,0.24196069,0.36846073,30.914764,1.3770443,1.3197612,0.00042883014,1.7713895
1924.5833,2.7610534,1.8966828,4.6285455e-05,0.30557547,0.20888474,0.36584939,32.156033,1.3843309,1.3197612,0.00045465293,1.6833108
1924.6667,2.8566318,1.9604794,3.7532263e-05,0.20200855,0.1393289,0.26279208,32.016285,1.3911388,1.3197612,0.0031829727,1.6662775
1924.75,2.9098557,0.25752961,3.1911706e-05,0.01689394,0.0094815248,0.021888736,32.046936,1.3972487,1.3197612,0.0073226088,1.6476275
1924.8333,2.9086939,0,2.97856e-05,0.0025532277,0,0,33.149853,1.4027236,1.3197612,0,1.6288685
1924.9167,2.9101176,0,2.7119406e-05,0.00012318982,0,0,32.698269,1.4076654,1.3197612,0,2.7908611
1925,2.9996976,0,2.621073e-05,1.9403458e-07,0,0,29.703386,1.4121995,1.3197612,0,1.6798307
1925.0833,2.9447994,0,2.68365e-05,0,0,0,26.715528,1.4161026,1.3197612,0,1.6490876
1925.1667,2.8754815,0,2.768402e-05,0,0,0,23.829952,1.4196337,1.3197612,0,1.6102696
1925.25,2.8078987,0.31906736,2.8475382e-05,0,0,0,23.230936,1.4229443,1.3197612,23.239956,1.6643998
1925.3333,2.8426663,1.9331523,3.2843138e-05,0.004900016,0.00067414589,0,22.237301,1.4266019,1.3197612,0,2.026578
1925.4167,2.9573312,1.994285,3.2960485e-05,0.24207306,0.15955344,0.19814425,20.661371,1.4313356,1.3197612,0.00028134214,1.9567013
1925.5,3.0758528,2.0621037,3.1462208e-05,0.44575827,0.28425301,0.50746675,18.133751,1.4366224,1.3197612,0.00050835127,1.887697
1925.5833,3.1862373,2.1334037,2.7999335e-05,0.39986823,0.25534404,0.48952077,16.110661,1.4419394,1.3197612,0.14092093,2.0383258
1925.6667,3.3025544,2.2143519,2.5881556e-05,0.23687831,0.15628178,0.31016409,14.520781,1.4465717,1.3202544,0.24643175,2.2179754
1925.75,3.4125566,1.6953652,2.4158548e-05,0.12965602,0.075375949,0.15272117,13.342212,1.4505271,1.3208673,0.16456079,2.1444146
1925.8333,3.4354019,0,2.1985044e-05,0.0047101419,0,0,12.519153,1.4539382,1.3212471,0,1.9225924
1925.9167,3.4071156,0,2.1654931e-05,8.9419512e-05,0,0,11.456087,1.4569874,1.3216459,0,3.2552425
1926,3.5156275,0,2.3019378e-05,3.9372169e-07,0,0,9.5025272,1.4597793,1.327961,0,1.9687513
1926.0833,3.4737352,0,2.3602721e-05,0,0,0,8.0131207,1.4621825,1.3285459,0,1.9452917
1926.1667,3.3919667,0,2.6233291e-05,0,0,0,6.6451612,1.4643568,1.3285459,0,1.8995013
1926.25,3.3094268,0,2.9292636e-05,0,0,0,5.4190402,1.4663929,1.3331697,0,1.8532791
1926.3333,3.3071262,2.1370894,3.9332699e-05,0.0071395228,0.0019205598,0,4.3310661,1.4686441,1.3377303,25.846927,2.3453042
1926.4167,3.4175245,2.2631052,4.8839738e-05,0.2818604,0.15311803,0.19221348,3.6297274,1.4720278,1.3385532,0.00026201746,2.1926335
1926.5,3.5350418,2.3298643,6.3989093e-05,0.75755908,0.35429398,0.78791105,2.8708751,1.4760045,1.3503995,0.00054635827,2.1122493
1926.5833,3.6424003,2.401409,6.1710314e-05,0.63383184,0.2650635,0.68681314,3.406713,1.479965,1.365163,0.23066588,2.4325407
1926.6667,3.7883751,2.5011909,4.9630784e-05,0.4671441,0.19093839,0.51366964,3.7275248,1.4832256,1.3777297,0.55317385,2.9454157
1926.75,3.8918401,0.57910167,3.8727067e-05,0.12354689,0.032550475,0.087360957,3.8453739,1.4859943,1.3887041,0.094048115,2.3196671
1926.8333,3.8925111,0,3.1185271e-05,0.0037314487,0,0,3.972868,1.4884632,1.3985364,0,2.179806
1926.9167,3.8939635,0,2.8929353e-05,8.0686895e-07,0,0,3.9590259,1.4906914,1.4074113,0,3.7017874
1927,4.0161191,0,2.7812493e-05,0.00011676884,0,0,3.6278799,1.4927355,1.415554,0,2.2490267
1927.0833,3.9635813,0,2.7395488e-05,0,0,0,3.4540455,1.4944948,1.4225637,0,2.2196054
1927.1667,3.8676104,0,2.8665028e-05,0,0,0,3.253813,1.4960855,1.4289051,0,2.1658616
1927.25,3.7743931,0.49521367,3.2237422e-05,0,0,0,3.0141165,1.4975792,1.4348495,30.083726,2.2486286
1927.3333,3.7897688,2.4827507,3.8656832e-05,-5.2744534e-05,0,0,2.8437726,1.4995875,1.4408756,0,2.5705981
1927.4167,3.848843,2.5068533,4.2270949e-05,0.25045944,0.088222204,0.13875345,2.5596006,1.5026121,1.4475071,0.00015756972,2.37061
1927.5,3.9615342,2.5711046,5.0746356e-05,1.0971384,0.34976456,0.82121238,2.1480522,1.506013,1.454056,0.00082608099,2.3484853
1927.5833,4.076879,2.6452348,4.4837281e-05,0.98204946,0.29409639,0.76329967,1.7754641,1.5094061,1.4601486,0.32708322,2.8359666
1927.6667,4.225173,2.0055159,4.2443091e-05,0.64066273,0.16467744,0.42410286,1.5450141,1.5122273,1.4652328,0.36227752,2.919019
1927.75,4.2616297,0,4.6745809e-05,0.012844581,0,0,1.7088245,1.514671,1.4696674,0,2.3863059
1927.8333,4.2588329,0,4.4287801e-05,0.00060991293,0,0,1.8028629,1.5168732,1.4736655,0,2.3847063
1927.9167,4.2598019,0,3.9622948e-05,8.6824831e-21,0,0,1.7679082,1.5188609,1.4772744,0,4.0293767
1928,4.3919426,0,3.7783029e-05,0.00077042595,0,0,1.6496872,1.5206842,1.4805856,0,2.459273
1928.0833,4.3889182,0,3.707625e-05,0.0034087791,0,0,1.5630959,1.5222535,1.483436,0,2.4575951
1928.1667,4.3850765,0,3.7552792e-05,0.00053601114,0,0,1.4610155,1.5236731,1.4860147,0,2.4554191
1928.25,4.3864371,0.76180056,3.9310533e-05,0.016060518,0,2.0193106e-12,1.3763747,1.5250077,1.4884365,34.62488,2.5651624
1928.3333,4.4865827,2.9027588,4.4198427e-05,0.061730619,0,0,1.297991,1.526574,1.491022,0,2.7038032
1928.4167,4.6003857,2.9727465,4.821179e-05,0.77596499,0.17424991,0.48146974,1.2000761,1.5284382,1.4938616,0.012951651,2.6650031
1928.5,4.7436119,3.0597872,5.0054114e-05,2.0102368,0.41659787,1.4230969,1.0405862,1.5303025,1.496513,0.53902567,3.6163194
1928.5833,4.9435562,3.1864736,4.1649346e-05,1.711087,0.32964131,1.1181729,1.0232812,1.5321355,1.4988914,0.77009208,3.9642767
1928.6667,5.1302384,3.3066699,3.4205426e-05,1.2792773,0.24002625,0.78627444,1.062659,1.5338045,1.5009636,0.59618975,3.8222624
1928.75,5.2096457,0,2.7016522e-05,0.20717057,0.0051480454,0.018997633,1.0589142,1.5353169,1.5028132,0,2.9169345
1928.8333,5.2063945,0,2.41369e-05,0.0078956565,0,0,1.0384887,1.5366842,1.5044823,0,2.9154865
1928.9167,5.207778,0,2.3428203e-05,6.2211615e-06,0,0,0.99823403,1.5379182,1.5059888,0,4.9003486
1929,5.3659976,0,2.4381054e-05,0.0083952147,0,0,0.94617474,1.5390496,1.5073712,0,3.0036936
1929.0833,5.3625745,0,2.5088922e-05,0.0085443808,0,0,0.923931,1.5400232,1.5085611,0,3.0018349
1929.1667,5.3574182,0,2.7121085e-05,0.0034157752,0,0,0.9163968,1.5409036,1.5096376,0,2.9990182
1929.25,5.3764423,1.7349658,3.1053751e-05,0.012180327,0,0,0.93154031,1.5417763,1.5106887,41.985507,3.346464
1929.3333,5.508624,3.5233919,3.5243731e-05,0.067888452,0,0,0.92584747,1.5433111,1.5122812,0,3.3652215
1929.4167,5.6281532,3.5923235,3.9105598e-05,1.7820188,0.2544677,0.801693,0.88213921,1.5453607,1.5142324,0.011412103,3.3192396
1929.5,5.7574762,3.6672163,3.6778409e-05,4.0756585,0.52282214,1.9053242,0.8097716,1.5475426,1.5161932,0.38160652,3.9505174
1929.5833,5.9567648,3.7940412,2.9375607e-05,2.6826715,0.34811057,1.2676472,0.84544802,1.5495989,1.5179567,0.821258,4.6571632
1929.6667,6.1582974,3.9232457,2.4578774e-05,2.1838317,0.28372093,1.0039088,0.9148075,1.5513847,1.5194113,0.83585133,4.7646872
1929.75,6.2976354,1.0331303,2.0672182e-05,0.56018679,0.053557141,0.19384621,0.96636868,1.5530026,1.5207125,0.17460473,3.8038881
1929.8333,6.2467661,0,1.8833063e-05,0.0030744262,0,0,0.99839497,1.5544579,1.5220228,0,3.4884449
1929.9167,6.2334738,0,1.8306459e-05,0.00025643166,0,0,1.0104473,1.5557675,1.5233982,0,5.5085896
1930,6.3928068,0,1.7772387e-05,0.0035311448,0,0,0.97092241,1.5569657,1.5248277,0,3.5530252
1930.0833,6.3831587,0,1.8569614e-05,3.1830806e-06,0,0,0.94641614,1.5579839,1.5259681,0,3.5238101
1930.1667,6.3556819,0,2.0597734e-05,2.9717658e-07,0,0,0.91291147,1.558879,1.526657,0,3.492891
1930.25,6.2191691,0.2593415,2.3131903e-05,-1.4323358e-05,0,0,0.84747303,1.5597156,1.5272835,47.304459,3.5489277
1930.3333,6.182441,3.8867944,2.8437675e-05,0.024976057,0,0,0.81055355,1.5607749,1.5281528,1.7631824e-15,3.9635384
1930.4167,6.2863585,3.9430899,3.5357243e-05,0.40341839,0.02245135,0.034860444,0.8840915,1.5624124,1.5296061,0.14525582,3.6401208
1930.5,6.4184796,4.0539927,4.380224e-05,4.0789868,0.46165947,1.2715573,0.92353803,1.564132,1.5318053,0.51818516,4.1020765
1930.5833,6.5853265,4.1567744,3.7603095e-05,4.1555025,0.41502822,1.243604,0.83047694,1.565853,1.5365814,0.77678434,5.0164422
1930.6667,6.7927465,3.1359654,3.1298056e-05,2.3226251,0.21518711,0.64942379,0.79007614,1.5672495,1.5416621,0.65616836,4.8538951
1930.75,6.8393522,0,2.8359766e-05,0.45966979,0,0,0.7802614,1.56838,1.5465206,0,3.8300363
1930.8333,6.8316753,0,2.6465121e-05,4.7987414e-05,0,0,0.7834847,1.5693192,1.5511067,0,3.8257399
1930.9167,6.8286043,0,2.4741121e-05,0.0096971807,0,0,0.77905965,1.5700841,1.5554066,0,6.1218409
1931,7.008011,0,2.2884273e-05,0.0006452891,0,0,0.75235301,1.5706946,1.5594931,0,3.8729834
1931.0833,6.9920532,0,2.2107008e-05,0.0097011531,0,0,0.7270776,1.5711743,1.5630699,0,3.8610154
1931.1667,6.9608749,0,2.1576376e-05,0.0013357215,0,0,0.69919902,1.5715159,1.5664022,0,3.8416161
1931.25,6.8114121,1.1191694,2.2060613e-05,0.030257003,0,6.442305e-10,0.67128795,1.5717701,1.5695863,50.969318,3.9971175
1931.3333,6.8657799,4.242714,2.3933184e-05,0.5357099,0.011877147,0.0037246877,0.65292853,1.5723279,1.5726283,0.069792907,4.0778495
1931.4167,6.9901706,4.3641767,2.4640043e-05,5.1677816,0.37189052,1.1474452,0.63451636,1.5732719,1.5754915,1.0811653,4.4265589
1931.5,7.1428958,4.4775964,2.3229875e-05,6.7154404,0.46558162,1.4851267,0.6171242,1.5743575,1.578293,0.6060517,5.0936581
1931.5833,7.3676929,4.6181977,2.052162e-05,5.5889826,0.39121538,1.2122004,0.62965447,1.5754144,1.580919,1.0986605,5.9271164
1931.6667,7.5904261,3.9572483,1.8005057e-05,3.6896955,0.23849711,0.70530807,0.63910669,1.5763853,1.583197,0.73953601,5.4441334
1931.75,7.6499092,0,1.6417085e-05,0.6911788,0,0,0.64087975,1.5772645,1.5852178,0,4.2838846
1931.8333,7.6385299,0,1.5838847e-05,0.01788053,0,0,0.63903326,1.5780467,1.5870544,0,4.2675843
1931.9167,7.624812,0,1.5540953e-05,2.7614902e-05,0,0,0.63092303,1.5787491,1.5887209,0,5.8823956
1932,7.7098152,0,1.5521444e-05,3.3756363e-05,0,0,0.61621761,1.5794028,1.5903108,0,4.3350773
1932.0833,7.643362,0,1.6401047e-05,0.0010476582,0,0,0.61525476,1.5800145,1.5917572,0,4.2798748
1932.1667,7.6103224,0,1.6428636e-05,0.011152123,0,0,0.60466158,1.5806251,1.5930359,0,4.1954276
1932.25,7.6031671,1.2544135,1.5821164e-05,0.061822336,0,0,0.59937859,1.58121,1.5942262,57.101301,4.3326961
1932.3333,7.707654,4.7547501,1.4849847e-05,0.12054996,0,0,0.61601424,1.5820593,1.5950214,0.18278602,4.6832305
1932.4167,7.8415349,4.8453608,1.3757082e-05,0.54717645,0.009878469,0.0032273636,0.64626503,1.5832299,1.5950279,0.28521314,4.4232432
1932.5,8.0163321,5.0091548,1.2186131e-05,6.3586857,0.52890472,1.4325302,0.66104174,1.5843705,1.5944412,1.6648154,6.3418318
1932.5833,8.2934489,5.1828586,1.0790606e-05,4.7515464,0.39692941,1.0675645,0.6914764,1.5856136,1.5940804,1.187066,6.6882711
1932.6667,8.5312491,4.0767593,9.6354152e-06,3.3048909,0.24804157,0.6293645,0.7375775,1.5867834,1.5940548,0.73796928,5.9941333
1932.75,8.5879294,0,8.8847937e-06,1.0911168,0,0,0.77684724,1.5878613,1.594117,0,4.8091756
1932.8333,8.5801408,0,8.6273012e-06,0.011618495,0,0,0.78642547,1.5888304,1.5941858,0,4.8048468
1932.9167,8.4897373,0,8.6462715e-06,0.0019989362,0,0,0.78935921,1.5897011,1.5942514,0,6.449702
1933,8.5653225,0,8.9876967e-06,7.9753624e-06,0,0,0.79613411,1.5904933,1.5943003,0,4.8077143
1933.0833,8.4938919,0,9.5565983e-06,0.00058341068,0,0,0.80806518,1.5911797,1.5942761,0,4.1428287
1933.1667,8.3786529,0,9.7717038e-06,2.6157456e-05,0,0,0.81096488,1.5918086,1.5941949,0,3.6895704
1933.25,8.1589697,1.1905406,9.9452054e-06,-7.0331203e-05,0,0,0.80989772,1.592405,1.5940559,54.341747,4.7847556
1933.3333,8.0792261,4.4596517,1.038886e-05,0.20053968,0.0017747458,9.7877309e-07,0.79997307,1.5932739,1.5908263,0.0097943701,3.7568026
1933.4167,8.1069274,4.6522822,1.0527331e-05,3.3633068,0.32768283,0.67703664,0.78486758,1.5945067,1.5816503,6.1504755,3.9923134
1933.5,8.2482928,5.2796579,9.7947786e-06,6.2730343,0.61109546,1.4025887,0.79156631,1.5960381,1.5703013,2.6689723,6.4483768
1933.5833,8.6083692,5.4485025,9.1640031e-06,4.8199236,0.47386429,1.0564145,0.81944907,1.5977032,1.5610826,1.5175874,8.0225527
1933.6667,8.906344,4.6807094,8.6001864e-06,2.6736412,0.25202709,0.54109357,0.85039759,1.5992237,1.5544498,1.0045565,6.5662411
1933.75,8.9350361,0,8.2165816e-06,0.32167748,0,0,0.88651162,1.6005943,1.5491562,0,4.0804342
1933.8333,8.8509619,0,8.0760765e-06,0.011751572,0,0,0.92174655,1.6018312,1.5444926,0,4.0722804
1933.9167,8.7604895,0,8.0719683e-06,1.9894559e-07,0,0,0.95048463,1.6029229,1.5402534,0,4.8870642
1934,8.7090824,0,8.7124608e-06,1.1824274e-06,0,0,0.95043582,1.6037027,1.5356581,0,4.3344642
1934.0833,8.5688792,0,9.8930986e-06,0.0023694221,0,0,0.96396065,1.6038473,1.5308002,0,3.9292813
1934.1667,8.3574289,0,9.9436484e-06,6.5661553e-05,0,0,0.96289855,1.6037512,1.5262702,0,3.8339104
1934.25,8.1376359,1.2465012,1.0051081e-05,-0.00034922815,0,0,0.95788109,1.6036481,1.521965,56.9007,6.2032171
1934.3333,8.1228884,4.6581347,1.0128219e-05,0.16490114,0.0051866155,3.7411159e-05,0.94688225,1.603586,1.5140634,0.0039859701,3.843235
1934.4167,8.1728129,5.0108782,9.6759022e-06,4.4856925,0.55116812,0.78591692,0.93581074,1.6034857,1.4991853,7.970342,5.3748219
1934.5,8.4291277,5.477488,8.75363e-06,5.2077513,0.61672761,0.99204543,0.97880673,1.6039189,1.4827403,0.95051555,6.9419588
1934.5833,8.7778857,5.6321207,7.9740885e-06,4.3470713,0.51774481,0.83494783,1.0245452,1.6048038,1.4691603,1.2540389,8.1060362
1934.6667,9.0970397,5.8054575,7.2696312e-06,3.1778731,0.39547921,0.60506522,1.0649093,1.6057934,1.4588194,1.2795323,7.2131656
1934.75,9.2672529,1.523157,6.7050769e-06,0.93682709,0.060995041,0.091637562,1.144642,1.6068046,1.4507207,0.24046664,5.5753142
1934.8333,9.224385,0,6.5414106e-06,0.0048774431,0,0,1.2261419,1.6077573,1.4438183,0,4.5135781
1934.9167,9.0373131,0,6.5585004e-06,4.0800874e-05,0,0,1.2976674,1.6085846,1.4375261,0,5.6389874
1935,8.8956831,0,6.6639714e-06,-7.7901233e-07,0,0,1.3717438,1.6091857,1.4315588,0,4.4828774
1935.0833,8.6283758,0,6.8561249e-06,-3.9542363e-06,0,0,1.4425206,1.6094874,1.4261583,0,4.3796577
1935.1667,8.3755217,0,6.9998991e-06,-0.0015673979,0,0,1.4942489,1.6096263,1.4211106,0,4.1501856
1935.25,8.1488499,1.125055,7.0985375e-06,-0.0037700959,0,0,1.5444615,1.6097348,1.4163337,58.692705,5.5104413
1935.3333,8.0932239,4.7936705,7.198013e-06,-0.0036896253,0,0,1.5916114,1.6102576,1.4096,0.032933515,4.3477009
1935.4167,8.0331331,4.7855326,7.1584977e-06,0.31848425,0.013273929,0.0021465036,1.5991372,1.6113797,1.3982939,0.065456884,3.9854467
1935.5,8.1343437,5.0576143,6.5007912e-06,4.7284309,0.56609516,0.57066196,1.6488717,1.6126343,1.3839614,4.8106531,5.1897752
1935.5833,8.3366567,5.4144803,5.6091453e-06,4.2787515,0.51754548,0.54820095,1.839439,1.6141305,1.3696516,1.6007804,6.5594541
1935.6667,8.6046131,5.3818817,5.2086057e-06,2.8299231,0.35007623,0.37004573,1.9555984,1.6155593,1.3580066,0.94002071,6.6577345
1935.75,8.6944308,0,4.9035852e-06,0.94154958,0,0,2.1489484,1.6168686,1.3485603,0,4.4515833
1935.8333,8.6479131,0,4.7601875e-06,0.0087070385,0,0,2.4320788,1.618063,1.3404002,0,4.2893884
1935.9167,8.5905632,0,5.0716817e-06,0,0,0,2.7401712,1.6189516,1.3328632,0,5.6771606
1936,8.638422,0,5.2947548e-06,3.7027041e-06,0,0,3.0651443,1.6191319,1.3252819,0,4.5171244
1936.0833,8.6038355,0,5.5126852e-06,0.0021706538,0,0,3.4087198,1.6187811,1.3183161,0,4.6363166
1936.1667,8.5677821,0,5.6119488e-06,0.0049495019,0,0,3.6786115,1.6179111,1.3116558,0,4.4521255
1936.25,8.559675,1.3658442,5.5536557e-06,0.040237413,0,0,3.7017052,1.6169628,1.3052826,62.185095,5.7831147
1936.3333,8.7021487,5.1731649,5.4148377e-06,0.14699753,0,0,3.6683733,1.6161264,1.2958158,0.22349144,4.7611987
1936.4167,8.8189496,5.3833965,5.1509978e-06,2.360735,0.34262503,0.30729447,3.6456015,1.6152308,1.2798386,4.5820773,5.5045733
1936.5,9.066442,5.8841025,4.3223595e-06,4.4813629,0.72163981,0.74443878,4.0210614,1.6145566,1.2609935,3.2854777,7.5260713
1936.5833,9.3851956,6.1055655,3.6206034e-06,3.3495086,0.56264511,0.58450507,4.7252512,1.6143334,1.2430879,1.3896375,7.892295
1936.6667,9.6901758,6.2718471,3.1370907e-06,2.3608067,0.40755426,0.41573889,5.4728498,1.6142982,1.2279538,1.1375742,7.6191034
1936.75,9.8563945,1.4374218,2.8187847e-06,0.65696934,0.069052509,0.074988462,6.1771665,1.6143181,1.2150282,0.23084994,5.6817292
1936.8333,9.8262196,0,2.5755701e-06,0.027576851,0,0,6.9096651,1.6143333,1.2035021,0,5.1423992
1936.9167,9.7940248,0,2.3873852e-06,0.00011858606,0,0,7.9060593,1.6142725,1.1930686,0,6.7523706
1937,9.8845111,0,2.5529953e-06,0.0076017452,0,0,9.387291,1.6137518,1.1833129,0,5.2332278
1937.0833,9.8555461,0,2.4675253e-06,0.0029685143,0,0,11.047871,1.6131668,1.1748631,0,5.3893235
1937.1667,9.8385718,0,2.6812713e-06,0.0035670306,0,0,12.765941,1.6121342,1.1670067,0,5.4091727
1937.25,9.8301023,1.2302716,2.7660585e-06,0.013270418,0,0,14.763581,1.6107326,1.1593963,74.739451,6.2278651
1937.3333,9.9673001,6.1964858,2.9239725e-06,0.044686704,0,0,16.942955,1.6097099,1.149439,0.13703049,5.821519
1937.4167,10.098538,6.2950687,3.1484215e-06,0.31118404,0.026326141,0.0011433122,19.593239,1.609138,1.1335338,0.57384706,6.0762422
1937.5,10.28932,6.5511428,2.9564444e-06,3.5657832,0.78727074,0.784699,21.901114,1.6087061,1.1138428,3.9607983,7.7189191
1937.5833,10.602058,6.8661398,2.2121451e-06,3.3048762,0.74708396,0.86734327,24.286423,1.6085974,1.0938647,1.5885965,8.5604709
1937.6667,10.905924,7.0439274,1.825711e-06,2.0657793,0.48130698,0.55473612,27.62035,1.6086615,1.0771461,1.2608414,8.400516
1937.75,11.096297,2.0742223,1.6940832e-06,0.65413577,0.094365734,0.1040677,31.483446,1.6087487,1.0632603,0.31137591,6.6475053
1937.8333,11.080761,0,1.7024347e-06,0.019015988,0,0,36.15015,1.6088198,1.0510466,0,5.9780445
1937.9167,11.060172,0,1.7474251e-06,6.9253646e-21,0,0,41.551548,1.6088719,1.040023,0,7.8742848
1938,11.188043,0,1.8727782e-06,9.1888415e-06,0,0,47.289967,1.6084251,1.0298102,0,6.1154254
1938.0833,11.165001,0,1.9264787e-06,5.4092726e-06,0,0,53.51239,1.6076033,1.0209284,0,6.0891638
1938.1667,11.144377,0,2.0037082e-06,0.0016093333,0,0,60.080479,1.6066809,1.0128435,0,6.0781486
1938.25,11.133101,1.1662634,2.046909e-06,0.038696586,1.2251281e-06,0,67.367218,1.6057168,1.0052234,85.05056,6.8309379
1938.3333,11.276888,7.0399009,2.1005849e-06,0.22394275,0.032186067,0.0016739096,74.932846,1.6052401,0.99608922,0.078212369,6.7865966
1938.4167,11.424726,7.2452826,2.0679543e-06,3.0956259,0.88903904,0.93535494,83.157944,1.6056024,0.98271453,3.0493671,7.5122494
1938.5,11.679908,7.4664862,1.7303526e-06,3.2141674,0.90645172,1.1188184,92.953232,1.6064992,0.97003293,0.96755939,8.8639478
1938.5833,11.995209,7.6457756,1.4746023e-06,2.4249665,0.70960129,0.87078553,103.841,1.60747,0.96131408,1.5436844,9.3709355
1938.6667,12.288165,7.0376103,1.3442171e-06,1.6499091,0.48501617,0.56965507,114.59474,1.6083496,0.95535505,1.191686,8.8799396
1938.75,12.385699,0,1.3021315e-06,0.70049947,0,0,125.71354,1.609161,0.95063788,0,6.9359752
1938.8333,12.377911,0,1.3176716e-06,0.022411201,0,0,137.47299,1.609895,0.94644517,0,6.931614
1938.9167,12.37362,0,1.3727642e-06,0.00038949647,0,0,149.48869,1.6104289,0.94264352,0,9.1736464
1939,12.544142,0,1.507981e-06,1.4209911e-09,0,0,161.02361,1.6101798,0.93906271,0,6.9864354
1939.0833,12.529735,0,1.7188996e-06,0.0049382693,0,0,171.83154,1.6084416,0.93598378,0,7.0104028
1939.1667,12.521538,0,1.7772783e-06,0.00044480695,0,0,184.70741,1.6061352,0.9333244,0,6.9993443
1939.25,12.513944,1.3148698,1.8256709e-06,0.030768331,0,0,198.44519,1.6039532,0.93082893,95.897373,7.152313
1939.3333,12.628809,7.9326136,1.8863524e-06,0.066255871,4.8485952e-06,0,211.64719,1.6023468,0.92759347,0.11976717,7.8459715
1939.4167,12.809223,8.0397343,1.9796669e-06,0.81393649,0.35752613,0.24498312,220.53418,1.6016008,0.92243397,1.1465684,8.4110388
1939.5,13.077696,8.246419,1.856249e-06,2.5756012,1.1956736,1.3632357,232.83127,1.6014556,0.91735369,1.6363645,10.098077
1939.5833,13.425654,8.4433397,1.6437477e-06,1.9086522,0.91037068,1.0540434,249.00526,1.6018047,0.91556567,1.495054,10.252954
1939.6667,13.720538,8.6184377,1.5072726e-06,1.2341653,0.61080228,0.68442465,263.91907,1.6023608,0.91597509,1.281987,9.9065306
1939.75,13.892232,1.687035,1.4648244e-06,0.25657947,0.068144447,0.072436145,277.38699,1.6029826,0.91728401,0.20883405,8.132198
1939.8333,13.887172,0,1.4883151e-06,0.00017850213,0,0,292.62717,1.6035631,0.91867322,0,7.7767904
1939.9167,13.700109,0,1.539037e-06,-1.3929039e-09,0,0,310.32892,1.6040734,0.91991073,0,9.9785765
1940,13.546698,0,1.6173132e-06,-4.325846e-08,0,0,329.38547,1.6044632,0.92096084,0,7.5803915
1940.0833,13.224966,0,1.733653e-06,-1.9482579e-07,0,0,348.27994,1.6045568,0.92169195,0,7.400689
1940.1667,12.911387,0,1.8663362e-06,-2.8793482e-07,0,0,367.40381,1.6043338,0.92211312,0,7.2262597
1940.25,12.642472,3.9317203,1.9877743e-06,0.013493838,0.0067178609,0.00019156578,384.42383,1.6040368,0.92240483,95.848161,8.1265839
1940.3333,12.750467,7.8969514,2.0757834e-06,0.79449138,0.50301633,0.22645418,396.70456,1.6048981,0.92328078,0.26572749,8.5756477
1940.4167,12.952754,7.976478,1.9649783e-06,2.0948971,1.2126341,0.90161642,408.30164,1.6072123,0.92585099,0.00045119126,8.1085326
1940.5,13.144366,8.0700759,1.7226303e-06,1.8499547,1.0657185,0.84950407,426.69531,1.6102544,0.93000048,0.81172117,9.1002438
1940.5833,13.430213,8.2315663,1.5528547e-06,1.4763389,0.88327743,0.70122795,444.33966,1.6135035,0.93553752,1.2972349,10.006216
1940.6667,13.71493,8.3941305,1.4501115e-06,0.90884919,0.56721785,0.43747771,456.38708,1.6167116,0.9418782,1.0863064,9.7352502
1940.75,13.877777,1.9149365,1.4169033e-06,0.21737141,0.093611653,0.071000087,466.40488,1.6198246,0.94840181,0.20059453,8.1542915
1940.8333,13.874524,0,1.44111e-06,0.012258172,0,0,483.83273,1.6226915,0.95442337,0,7.7696856
1940.9167,13.870541,0,1.4816187e-06,1.9852251e-06,0,0,503.08801,1.6252674,0.95986861,0,9.509239
1941,13.984885,0,1.552393e-06,3.467427e-22,0,0,522.94342,1.6275268,0.96494323,0,7.8200854
1941.0833,13.726585,0,1.6890964e-06,-1.2493129e-09,0,0,546.99042,1.6292168,0.96915931,0,7.6855098
1941.1667,13.401857,0,1.8809374e-06,-2.4565372e-08,0,0,560.81348,1.630596,0.97280508,0,7.5034299
1941.25,13.077742,1.3200634,2.0871121e-06,-2.7048891e-08,0,0,575.40204,1.6318175,0.97615868,96.430907,7.5703387
1941.3333,13.068422,7.9424381,2.4705594e-06,0.13522658,0.11242237,0.012630929,547.64868,1.6330119,0.98242003,0.00011911609,8.5048893
1941.4167,13.267607,8.0124019,2.5342185e-06,1.1854445,1.1574642,0.35350998,565.12354,1.6351254,0.98766071,0.15407112,8.6369852
1941.5,13.475606,8.1029292,2.3753432e-06,1.1182422,1.0436983,0.56757549,581.52124,1.6381335,0.99057525,0.39715297,8.7463294
1941.5833,13.67944,8.2028778,2.1832918e-06,0.98819385,0.94965855,0.5395479,593.09277,1.641602,0.9931829,0.4334226,8.8401406
1941.6667,13.862855,8.2972972,2.0443085e-06,0.61829024,0.61563205,0.34690919,599.21985,1.645201,0.99596435,0.41101142,8.711959
1941.75,13.971991,1.6166614,1.988119e-06,0.18173753,0.084048928,0.046614277,601.07739,1.6487488,0.99870187,0.084227231,8.0040699
1941.8333,13.966386,0,2.0146151e-06,0.00073595622,0,0,613.0318,1.6520163,1.0011965,0,7.8210981
1941.9167,13.963196,0,2.0827206e-06,1.1491641e-19,0,0,625.79028,1.6549602,1.0033062,0,9.765532
1942,14.114766,0,2.1819621e-06,0.00090406145,0,0,636.60651,1.6576204,1.0041367,0,7.9040923
1942.0833,14.106463,0,2.2705765e-06,0.0054786563,0,0,648.98132,1.659892,1.0044161,0,7.8993946
1942.1667,14.098132,0,2.9411817e-06,0.00026554373,0,0,523.55981,1.6619365,1.0045575,0,7.8941235
1942.25,14.096035,1.4070175,4.5200154e-06,7.080337e-07,0,0,173.89066,1.6638319,1.0045583,102.69219,8.3965701
1942.3333,14.301502,8.5314838,4.72081e-06,7.3455743e-08,0,0,171.62144,1.6657757,1.0045583,1.0112814,10.211488
1942.4167,14.591317,8.6877998,5.0886233e-06,0.15002743,0.60974271,0.082490271,174.06454,1.667995,1.0045583,1.1715158,10.605474
1942.5,14.923195,8.8606514,5.3350282e-06,0.32244319,1.2620036,0.33334606,178.19438,1.6703857,1.0045583,1.443105,11.184029
1942.5833,15.293064,9.0685003,5.1350694e-06,0.24732324,0.97406304,0.40803031,174.12306,1.6728044,1.0045583,1.9091143,11.983028
1942.6667,15.679963,9.2915101,4.7808894e-06,0.1741477,0.72218588,0.32035249,164.48242,1.6749872,1.0045583,1.9114106,12.109504
1942.75,15.937844,2.4328299,4.5671231e-06,0.037794677,0.12363352,0.056210331,156.48,1.6769484,1.0045583,0.47540959,9.7482064
1942.8333,15.938908,0,4.6266719e-06,0.0001996425,0,0,153.07973,1.6787022,1.0045583,0,8.9257869
1942.9167,15.934128,0,4.8636462e-06,0,0,0,146.9655,1.6802851,1.0045583,0,10.700526
1943,16.070584,0,5.4378575e-06,0,0,0,134.26088,1.6817374,1.0045583,0,8.9995256
1943.0833,16.061166,0,5.8076084e-06,0,0,0,127.83907,1.6829877,1.0045583,0,8.9942511
1943.1667,16.051752,0,6.0492835e-06,0,0,0,123.87593,1.6841187,1.0045583,0,8.9889809
1943.25,16.076293,0.65268809,6.3323014e-06,0,0,0,119.1175,1.6851779,1.0045583,119.09619,15.238658
1943.3333,16.743064,9.8994076,6.7081482e-06,0,0,0,114.65639,1.6861233,1.0045583,1.5930031,12.34708
1943.4167,17.030017,10.089272,7.4833529e-06,0.0077230312,0.1106216,0.0044046481,115.05633,1.6869552,1.0045583,1.2422692,11.506305
1943.5,17.527083,10.337645,8.4431294e-06,0.14727879,1.37791,0.19005254,120.27424,1.6878401,1.0045583,2.6746196,15.245558
1943.5833,18.022342,10.604337,8.6826813e-06,0.11994637,1.0801116,0.27162684,119.94543,1.6890417,1.0045583,2.3087274,14.331285
1943.6667,18.420277,6.4831818,8.2268334e-06,0.074203977,0.54078562,0.16519951,112.47485,1.6902511,1.0045583,1.2727295,12.571694
1943.75,18.477388,0,8.7789313e-06,0.025055695,0,0,104.89176,1.691323,1.0045583,0,10.347338
1943.8333,18.466193,0,9.7585798e-06,0.00010505978,0,0,103.59295,1.692282,1.0045583,0,10.341068
1943.9167,18.461255,0,1.0479425e-05,0,0,0,102.93159,1.6931474,1.0045583,0,12.616403
1944,18.637357,0,1.0696942e-05,0,0,0,95.815376,1.6939415,1.0045583,0,10.43692
1944.0833,18.626435,0,1.0980547e-05,0,0,0,89.174889,1.6946251,1.0045583,0,10.430804
1944.1667,18.61552,0,1.107289e-05,0,0,0,84.757675,1.6952435,1.0045583,0,10.424691
1944.25,18.611981,2.9193028,1.1230693e-05,0,0,0,79.195374,1.6958281,1.0045583,133.08769,10.672951
1944.3333,18.790225,11.032405,1.1340941e-05,0,0,0,74.561981,1.6966008,1.0045583,0.92792439,12.415582
1944.4167,19.066863,11.192561,1.2214023e-05,0,0,0,73.062836,1.6975592,1.0045583,1.181505,12.660393
1944.5,19.396672,11.382422,1.414816e-05,0.060904528,0.87441972,0.16497945,74.08036,1.6983939,1.0045583,1.9509009,14.773507
1944.5833,19.923899,11.659468,1.5370806e-05,0.097514991,1.2687167,0.37509847,71.546654,1.6993536,1.0045583,2.7579768,16.236309
1944.6667,20.28716,3.5536045,1.4207136e-05,0.061707866,0.29852085,0.0901143,64.527344,1.7003493,1.0045583,0.6213567,12.461337
1944.75,20.29172,0,1.3731333e-05,0.01640448,0,0,59.503986,1.7011658,1.0045583,0,11.36332
1944.8333,20.279421,0,1.3326882e-05,6.3087125e-06,0,0,54.206028,1.7018974,1.0045583,0,11.356432
1944.9167,20.273766,0,1.4107439e-05,1.1633594e-07,0,0,50.577179,1.7025578,1.0045583,0,13.771649
1945,20.444715,0,1.6639706e-05,0,0,0,49.587524,1.7031636,1.0045583,0,11.449001
1945.0833,20.400031,0,1.7025253e-05,0,0,0,47.631332,1.7036852,1.0045583,0,11.42398
1945.1667,20.3829,0,1.7109047e-05,0,0,0,44.015228,1.7041571,1.0045583,0,11.414388
1945.25,20.068021,0.77468168,1.8219556e-05,0,0,0,41.254078,1.7045991,1.0045583,141.4039,11.645141
1945.3333,19.797826,11.56973,1.9062956e-05,0,0,0,39.871952,1.705162,1.0045583,0.99257174,13.05488
1945.4167,19.9723,11.671386,1.9243867e-05,0.00094018196,0.028961019,4.3827673e-07,37.242184,1.7058749,1.0045583,1.2603417,13.27217
1945.5,20.360222,11.886971,1.9020754e-05,0.092764698,1.2245779,0.32762213,33.936249,1.7065067,1.0045583,2.3435122,16.123461
1945.5833,20.909518,12.180939,1.8007619e-05,0.10928216,1.2084349,0.39220124,30.048487,1.7073328,1.0045583,2.7487259,16.691619
1945.6667,21.412944,12.466753,1.6793041e-05,0.083911892,0.90173636,0.291347,26.788073,1.7082199,1.0045583,2.5684105,16.548126
1945.75,21.764848,4.0798672,1.6119788e-05,0.017639824,0.1790484,0.06206331,24.079802,1.7090161,1.0045583,0.73741762,13.467428
1945.8333,21.771593,0,1.6077991e-05,1.8399315e-07,0,0,21.990633,1.709607,1.0045583,0,12.191152
1945.9167,21.765973,0,1.6404359e-05,0,0,0,19.242382,1.7101306,1.0045583,0,14.975339
1946,21.981867,0,1.6932489e-05,0,0,0,15.821884,1.7106107,1.0045583,0,12.308992
1946.0833,21.968918,0,1.7437718e-05,0,0,0,13.789011,1.7110242,1.0045583,0,12.301779
1946.1667,21.95598,0,1.847059e-05,0,0,0,11.446303,1.7113982,1.0045583,0,12.294569
1946.25,21.942766,0.42568994,1.906155e-05,0,0,0,9.6642208,1.7117486,1.0045583,155.34474,12.289095
1946.3333,22.065273,12.826824,1.9029652e-05,0,0,0,8.4578848,1.7123225,1.0045583,0.68203489,14.105255
1946.4167,22.362672,12.989734,1.8951068e-05,0.015824124,0.18092477,0.022946122,7.2791119,1.7133006,1.0045583,1.3150204,14.915585
1946.5,22.800379,13.220558,1.8716635e-05,0.15136426,1.7612109,0.61596076,6.2074194,1.714355,1.0045583,2.8377135,18.406941
1946.5833,23.408426,13.551204,1.780266e-05,0.11707397,1.2805374,0.48637537,5.3598795,1.7155472,1.0045583,3.0598745,18.650369
1946.6667,23.939289,9.678456,1.7004906e-05,0.087440535,0.69053742,0.26653821,4.6927471,1.7165779,1.0045583,2.0359649,17.00015
1946.75,24.043156,0,1.6777774e-05,0.026431969,0,0,4.1861019,1.7174051,1.0045583,0,13.464168
1946.8333,24.028588,0,1.6969954e-05,0.0001646906,0,0,3.7380278,1.7181261,1.0045583,0,13.45601
1946.9167,24.020415,0,1.7508128e-05,1.4983456e-06,0,0,3.2609062,1.7187769,1.0045583,0,15.787281
1947,24.197511,0,1.8383214e-05,0,0,0,2.7402954,1.7193741,1.0045583,0,13.549905
1947.0833,24.183247,0,1.9755847e-05,0,0,0,2.3945949,1.7198881,1.0045583,0,13.54074
1947.1667,24.168735,0,2.0483927e-05,0,0,0,2.1602275,1.7203531,1.0045583,0,13.529038
1947.25,24.164937,2.8000444,2.1191834e-05,0,0,0,1.9557394,1.7207918,1.0045583,170.30268,14.223329
1947.3333,24.411634,14.113562,2.1908176e-05,0.0052748092,0.054945026,7.7194747e-10,1.7908623,1.7213874,1.0045583,1.4924774,16.522501
1947.4167,24.815794,14.332994,2.2793927e-05,0.18740383,1.6185545,0.58770246,1.6711044,1.7221594,1.0045583,2.4451855,18.804716
1947.5,25.503315,14.693111,2.0799069e-05,0.31267245,2.0290609,0.93362287,1.8086689,1.7229824,1.0056702,4.1188109,21.94658
1947.5833,26.220456,15.092646,1.8666027e-05,0.27295047,1.5676992,0.72394918,2.1295834,1.722921,1.0199264,3.6778615,21.319892
1947.6667,26.810594,10.776811,1.6719996e-05,0.1779435,0.74825514,0.34568529,2.3968735,1.7228266,1.0370378,2.1428244,18.796456
1947.75,26.920676,0,1.5617599e-05,0.034886372,0,0,2.5978794,1.7238072,1.0561807,0,15.07558
1947.8333,26.904307,0,1.4992376e-05,0.00093532959,0,0,2.7458935,1.7250515,1.0749836,0,15.06432
1947.9167,26.891761,0,1.4515655e-05,1.4587847e-05,0,0,2.8324056,1.7261747,1.0926247,0,16.524063
1948,26.995722,0,1.4420089e-05,5.3313004e-06,0,0,2.7446337,1.7272047,1.108856,0,15.114299
1948.0833,26.979648,0,1.4182233e-05,5.8055634e-05,0,0,2.687176,1.7280889,1.121091,0,15.105918
1948.1667,26.962921,0,1.4332199e-05,4.7431039e-06,0,0,2.5506876,1.7288827,1.1288011,0,15.06265
1948.25,26.952071,4.1191699,1.4486007e-05,0,0,0,2.4221876,1.729571,1.1336271,187.88424,15.495867
1948.3333,27.196838,15.576153,1.5226806e-05,0,0,0,2.2518868,1.7292109,1.1361022,1.8492046,18.519737
1948.4167,27.594233,15.814714,1.6908589e-05,0.006582648,0.010411614,0,2.1526775,1.7285056,1.13899,2.0927452,18.891925
1948.5,28.036371,16.108098,2.0670101e-05,0.22175066,0.89783083,0.3602063,2.1340692,1.7276618,1.1430731,3.5831911,21.077052
1948.5833,28.74437,16.509192,2.2807719e-05,0.4897615,1.7164536,1.1703404,2.0541127,1.7268145,1.1523411,3.8070926,23.315773
1948.6667,29.367507,12.33535,2.0632886e-05,0.34065461,0.92233746,0.6963143,1.9504559,1.72627,1.1709944,2.4221249,20.808223
1948.75,29.50521,0,1.8787876e-05,0.018907444,0,0,1.9907515,1.7269174,1.1942153,0,16.522918
1948.8333,29.486435,0,1.8237579e-05,9.4303949e-07,0,0,2.0245786,1.7279104,1.2165329,0,16.509046
1948.9167,29.081998,0,1.8214776e-05,-6.7350086e-14,0,0,2.0065861,1.7288054,1.2363511,0,18.001373
1949,28.501736,0,1.9120009e-05,0,0,0,1.9549917,1.7296232,1.2536936,0,15.957126
1949.0833,27.829757,0,2.0186131e-05,0,0,0,1.9402114,1.7303237,1.267841,0,15.581615
1949.1667,27.173825,0,2.1801814e-05,0,0,0,1.9334346,1.7309525,1.2794403,0,15.209247
1949.25,26.521161,4.0224991,2.3131537e-05,0,0,0,1.9312208,1.7314966,1.2899464,183.89722,15.184716
1949.3333,26.03234,14.90171,2.4006576e-05,0,0,0,1.8697876,1.7312828,1.2973232,0.10139408,15.225154
1949.4167,25.854032,14.806937,2.5378218e-05,0.030088017,0.05016987,2.9241659e-06,1.7977417,1.731146,1.3024771,1.5645095,16.918256
1949.5,26.279852,15.041657,2.8175755e-05,0.61579689,1.304765,0.55260977,1.7208656,1.731102,1.3105794,2.5971787,20.151886
1949.5833,26.952727,15.394806,2.900863e-05,0.88778651,1.4807196,0.70893374,1.6408389,1.7312552,1.3229644,3.9174053,22.333228
1949.6667,27.664971,15.790774,2.688946e-05,0.75263623,1.1580316,0.55901672,1.6155115,1.7315295,1.3380131,3.8189752,22.32517
1949.75,28.10017,4.1330587,2.4445999e-05,0.19348917,0.19732289,0.096757322,1.5995768,1.7321581,1.3549485,0.7702987,17.084855
1949.8333,28.098233,0,2.2488362e-05,0.0064067379,0,0,1.58038,1.7335542,1.3735483,0,15.72765
1949.9167,28.08575,0,2.154102e-05,2.7005121e-20,0,0,1.5564995,1.7348591,1.3907049,0,17.649745
1950,28.226344,0,2.1554803e-05,0.0014858171,0,0,1.52491,1.7360563,1.406527,0,15.800118
1950.0833,28.209036,0,2.1917262e-05,2.3567757e-06,0,0,1.5136077,1.7370868,1.4201404,0,15.791181
1950.1667,28.191738,0,2.2711924e-05,0.0024646532,0,0,1.5145558,1.7380182,1.4323573,0,15.781383
1950.25,28.174723,1.0703892,2.2883165e-05,0.010053945,0,0,1.4999431,1.7388895,1.4439614,195.29935,15.817801
1950.3333,28.321182,16.131226,2.3347184e-05,0.038129804,0.023808376,5.3717936e-08,1.4840738,1.739158,1.4516994,1.2232269,18.339574
1950.4167,28.728331,16.366698,2.4484099e-05,0.71960409,0.9748513,0.39460723,1.4823828,1.739208,1.4552987,2.5273979,20.603415
1950.5,29.409137,16.726872,2.431917e-05,2.0205251,2.3111734,1.2093467,1.4559412,1.7393585,1.4590553,4.5172592,25.076682
1950.5833,30.288275,17.206436,2.1649839e-05,1.6301966,1.8180624,0.95788915,1.424759,1.7396855,1.4644116,4.9372714,26.019571
1950.6667,31.065557,17.638752,1.9531846e-05,1.1758595,1.2871102,0.66032581,1.4791712,1.7403982,1.4707171,3.7992157,24.215559
1950.75,31.619482,8.6692516,1.7852186e-05,0.4930542,0.3514449,0.18373135,1.6185207,1.7424525,1.4777155,1.7291243,20.742211
1950.8333,31.667136,0,1.6982467e-05,0.025035415,0,0,1.7452284,1.7432986,1.4869469,0,17.716326
1950.9167,31.652339,0,1.6705055e-05,0.0005681663,0,0,1.8094406,1.7438513,1.4958117,0,20.092063
1951,31.825591,0,1.7303453e-05,4.9098819e-20,0,0,1.7650816,1.7443198,1.5039575,0,17.793344
1951.0833,31.804554,0,1.7959672e-05,0.00013583511,0,0,1.6838437,1.7446783,1.5111862,0,17.794557
1951.1667,31.781718,0,1.8388817e-05,3.5113612e-05,0,0,1.5533491,1.7450005,1.517647,0,17.683346
1951.25,31.745706,0,1.8901654e-05,0.0072940246,0,0,1.4903638,1.7453011,1.5236243,0,17.557702
1951.3333,31.938124,16.867602,1.9377627e-05,0.1129257,0.11414299,1.4607891e-05,1.4633155,1.745531,1.5260118,212.87613,21.683132
1951.4167,32.438312,18.335264,1.9737301e-05,1.877465,2.2193911,1.1058274,1.4803261,1.7470646,1.5218171,4.5257684,24.685696
1951.5,33.298537,18.861631,1.7982466e-05,2.1642117,2.396818,1.3298774,1.4691405,1.7496096,1.5195106,5.2800068,28.480102
1951.5833,34.228604,19.363398,1.6146951e-05,1.7068298,1.8169717,1.0035557,1.4729128,1.751843,1.5208657,5.0164247,28.37981
1951.6667,35.028864,19.810259,1.4680071e-05,1.3568566,1.4053758,0.75032785,1.4675877,1.7538408,1.5247648,4.1273127,27.138825
1951.75,35.373166,0.64550922,1.3479751e-05,0.19531808,0.056469506,0.029343772,1.4639947,1.7549994,1.5314291,0.11163461,19.886821
1951.8333,35.334099,0,1.2668978e-05,0.0068054988,0,0,1.4642563,1.7552996,1.5397955,0,19.495488
1951.9167,35.291828,0,1.2400153e-05,4.0504654e-05,0,0,1.4591668,1.7555605,1.5479382,0,22.313551
1952,35.477277,0,1.2162924e-05,1.00924e-06,0,0,1.4357845,1.7557915,1.5553316,0,19.564977
1952.0833,35.429601,0,1.2223126e-05,7.6754756e-05,0,0,1.4325086,1.7559779,1.5603194,0,19.556028
1952.1667,35.384942,0,1.2123037e-05,9.2290204e-05,0,0,1.4259604,1.756126,1.5632492,0,19.543292
1952.25,35.366755,5.278674,1.1805573e-05,0.0017837121,0,0,1.4212155,1.7563008,1.565414,240.70443,20.586166
1952.3333,35.552088,19.866023,1.1764948e-05,0.0046895067,0,0,1.4198666,1.7576553,1.5633951,1.0534114,21.773251
1952.4167,35.921555,20.100512,1.1900495e-05,0.16458117,0.14463613,0.053137894,1.4246795,1.7594839,1.5567683,2.8280082,23.89866
1952.5,36.595188,20.606315,1.1119659e-05,2.9596997,2.8164254,1.5709472,1.4279115,1.7611291,1.5506696,6.6703729,29.959045
1952.5833,37.551634,21.218464,1.0401571e-05,2.1712631,2.0023272,1.1656735,1.4146613,1.7628483,1.5497699,6.36751,31.001065
1952.6667,38.413707,21.736352,9.7372813e-06,1.6686537,1.5067392,0.85376951,1.4130771,1.7641596,1.5486484,4.5287296,29.58977
1952.75,38.891509,5.6746057,9.178023e-06,0.53492052,0.22656207,0.13872755,1.4275824,1.7641956,1.5494946,0.91756943,23.118937
1952.8333,38.859025,0,8.9755576e-06,0.032549645,0,0,1.4377278,1.7643054,1.5537889,0,21.440548
1952.9167,38.813569,0,8.8412344e-06,0.00016876588,0,0,1.4419872,1.7644125,1.5579228,0,23.355872
1953,38.915344,0,8.6859645e-06,7.5247813e-21,0,0,1.4411882,1.7643999,1.5617957,0,21.527497
1953.0833,38.855143,0,9.157091e-06,1.1290288e-05,0,0,1.4478633,1.7641115,1.5643685,0,21.499277
1953.1667,38.806558,0,9.1836446e-06,-2.101994e-05,0,0,1.4367143,1.7638291,1.5661101,0,21.468342
1953.25,38.385071,6.4105634,9.292824e-06,0.00027203206,0.00011378199,5.7307238e-09,1.4224254,1.7636243,1.567471,259.83736,22.88102
1953.3333,38.424142,21.444971,9.3159451e-06,1.2263223,1.1153262,0.49270807,1.3969206,1.7647369,1.563601,1.8313727,22.97563
1953.4167,38.970117,21.915814,8.5961092e-06,3.5331708,2.957982,1.5350151,1.3846313,1.7656271,1.5564154,6.5258408,30.200095
1953.5,39.908681,22.509316,7.9220563e-06,3.7978315,2.9963839,1.6290122,1.3883934,1.7661266,1.5515914,6.2681149,33.849014
1953.5833,41.022662,23.111181,7.31011e-06,2.6271704,2.1091457,1.1137545,1.3936794,1.7667917,1.5498054,6.0898828,34.244236
1953.6667,41.980729,23.638174,6.77253e-06,1.9789132,1.5734407,0.80043341,1.4027539,1.7674048,1.5503355,5.1044624,32.87254
1953.75,42.388897,0.77027222,6.3937432e-06,0.5151474,0.081475172,0.039212027,1.4084699,1.768005,1.5531249,0.13001742,23.700112
1953.8333,42.336248,0,6.2885069e-06,0.0017273054,0,0,1.41099,1.7685436,1.5577449,0,23.410316
1953.9167,41.982464,0,6.2115596e-06,-4.7939294e-10,0,0,1.4141088,1.7690014,1.5620329,0,25.418389
1954,41.073773,0,6.3396651e-06,-3.7993023e-08,0,0,1.4215581,1.7692685,1.5660775,0,22.684258
1954.0833,40.036783,0,6.661021e-06,-1.3792031e-05,0,0,1.4313407,1.769364,1.5694344,0,22.137891
1954.1667,39.030522,0,7.0056267e-06,-9.7152755e-06,0,0,1.4407434,1.7694154,1.5721557,0,21.593677
1954.25,38.063716,5.5776029,7.1419609e-06,-0.00018120055,0,0,1.445768,1.7694612,1.5744588,255.06761,22.903249
1954.3333,37.614066,20.77846,7.2719122e-06,0.93261153,0.74899651,0.20980063,1.4491661,1.7700143,1.5726173,1.5777142,22.988609
1954.4167,37.83815,21.062996,6.8168347e-06,4.1536212,2.9282234,0.97173963,1.4504075,1.7711716,1.5679523,2.9859983,22.940599
1954.5,38.334407,21.408562,6.3778652e-06,3.7522958,2.4764561,0.90236969,1.4576341,1.7729182,1.5647739,4.3278876,29.568133
1954.5833,39.221901,21.896889,5.9747431e-06,3.1666002,2.1307916,0.7560217,1.4709557,1.7746102,1.5636442,5.506962,32.259697
1954.6667,40.120956,18.639045,5.6020731e-06,2.0488564,1.2434502,0.43184713,1.4887084,1.7763907,1.563776,4.0606083,29.869211
1954.75,40.357441,0,5.3629446e-06,0.80340872,0,0,1.5023518,1.7780321,1.5665736,0,22.403445
1954.8333,40.314473,0,5.2352898e-06,0.034729274,0,0,1.5111977,1.7795258,1.5703619,0,22.361005
1954.9167,40.257845,0,5.3221038e-06,1.0590584e-19,0,0,1.5238792,1.7808058,1.5737174,0,24.616756
1955,40.38503,0,5.3169638e-06,0.00025226394,0,0,1.5414125,1.7817699,1.5763977,0,22.352117
1955.0833,40.279482,0,5.4167358e-06,0.00018813131,0,0,1.568925,1.7825557,1.5784473,0,22.123664
1955.1667,39.450932,0,5.5873129e-06,-4.548431e-06,0,0,1.6108446,1.783239,1.579754,0,21.228601
1955.25,38.406763,3.4299477,5.4661741e-06,-5.0789751e-05,0,0,1.6743093,1.7838955,1.5808382,250.71859,22.160284
1955.3333,37.984621,20.563431,5.2274158e-06,0.23882389,0.16190898,0.0058486839,1.7745905,1.7848092,1.5772258,1.9452937,23.519886
1955.4167,38.454168,21.184867,4.6951859e-06,3.0873145,2.4057722,0.61622516,1.9234861,1.7851864,1.5673877,11.236131,28.160659
1955.5,39.366167,22.036202,4.0985196e-06,3.2986935,2.5389508,0.72779494,2.159116,1.785795,1.5569062,7.0520592,34.174076
1955.5833,40.583551,22.661956,3.5104295e-06,2.8374146,2.1832663,0.63630885,2.5419459,1.7860821,1.5485032,6.2218916,35.034681
1955.6667,41.573707,23.194086,2.9213718e-06,1.8765483,1.4973676,0.42570072,3.1983085,1.7859596,1.5425251,5.0582172,32.55406
1955.75,42.078849,5.2997228,2.3820014e-06,0.46918477,0.20561845,0.057904283,4.3115406,1.7863166,1.5388678,0.90356677,24.341668
1955.8333,41.97678,0,2.2058387e-06,0.00056362666,0,0,5.7662086,1.7869961,1.5376786,0,22.424833
1955.9167,41.859437,0,2.2823419e-06,2.4740955e-05,0,0,7.5267773,1.7875646,1.5365645,0,24.797531
1956,41.919656,0,2.3906266e-06,1.4726238e-05,0,0,9.5635576,1.7879894,1.5352856,0,22.177449
1956.0833,41.783221,0,2.5566562e-06,0,0,0,11.738651,1.7882764,1.5338411,0,22.300495
1956.1667,41.638583,0,2.7881028e-06,3.1157071e-06,0,0,14.15669,1.7884588,1.5320438,0,21.743405
1956.25,41.562025,5.957996,2.839304e-06,9.0417227e-05,0,0,17.075033,1.7886528,1.5300392,271.70032,25.642476
1956.3333,41.842099,22.435747,2.8865636e-06,0.00049042222,0,0,20.164902,1.7899611,1.5217602,1.6406446,24.918032
1956.4167,42.171076,22.711972,2.9641171e-06,0.14401254,0.1453617,0.0028326663,23.417742,1.7914534,1.5050842,3.0574847,26.808366
1956.5,42.736925,23.543071,2.8539462e-06,2.7989219,2.8924033,0.73648236,26.699839,1.7921273,1.4841397,14.939381,32.413162
1956.5833,43.666586,24.672508,2.3978394e-06,1.9944179,2.0738952,0.60541319,31.151369,1.7917013,1.4623172,9.2960475,35.245544
1956.6667,44.675391,19.387953,2.0878097e-06,1.5463014,1.4046772,0.39899326,36.103737,1.7915394,1.4423435,4.3843287,32.648208
1956.75,44.781294,0,1.974375e-06,0.15068509,0,0,40.712627,1.7930975,1.4258246,0,23.060571
1956.8333,44.58772,0,1.9832485e-06,0.00016719165,0,0,45.742489,1.7951022,1.4115741,0,23.052653
1956.9167,44.409741,0,2.0806156e-06,2.3346722e-20,0,0,51.087307,1.7968575,1.3985358,0,25.060538
1957,44.383816,0,2.2223085e-06,0.0014699153,0,0,56.286026,1.7982942,1.3858138,0,23.197287
1957.0833,44.225115,0,2.2843217e-06,0.00012832194,0,0,62.251492,1.7994714,1.3745989,0,23.288887
1957.1667,44.072807,0,2.3790419e-06,4.1507521e-05,0,0,68.207306,1.8004884,1.3642563,0,23.147134
1957.25,44.106446,7.2266208,2.4398637e-06,0.00076328701,0,0,74.804367,1.8013995,1.354303,293.31339,31.505759
1957.3333,44.782214,24.303734,2.5032327e-06,0.0017123596,4.5956899e-05,0,81.274406,1.8018614,1.3383121,3.2143257,29.256317
1957.4167,45.230571,24.716724,2.578955e-06,0.83424429,1.1913679,0.2354975,87.938492,1.8021309,1.3134191,8.1074883,30.941327
1957.5,46.064258,25.998179,2.3998452e-06,2.4103384,3.2942215,1.0074432,97.417595,1.8026512,1.2841518,16.63712,36.44134
1957.5833,47.127426,27.122157,2.0396931e-06,1.968368,2.7944302,0.84213302,110.28471,1.8036289,1.2550837,8.0621907,38.237484
1957.6667,48.155699,23.052406,1.8299311e-06,1.1527871,1.5848944,0.4645237,121.63316,1.8046334,1.2298173,4.6586057,35.709814
1957.75,48.338987,0,1.7708632e-06,0.36710445,0,0,132.09808,1.8056999,1.2075731,0,25.219865
1957.8333,48.156671,0,1.7924626e-06,0.02249176,0,0,142.287,1.8067304,1.1874599,0,25.193305
1957.9167,47.986031,0,1.8403067e-06,8.0675348e-05,0,0,152.26057,1.8075691,1.1691414,0,27.34697
1958,47.986586,0,1.9814884e-06,0.00025312335,0,0,160.70679,1.8075583,1.1507787,0,25.267121
1958.0833,47.828369,0,1.998688e-06,0.0012589363,0,0,171.08705,1.8072865,1.1342068,0,25.239162
1958.1667,47.674976,0,2.0670052e-06,0.0016069072,0,0,182.01569,1.8070115,1.1191036,0,25.231738
1958.25,47.692511,6.1573163,2.1280193e-06,0.002836919,0.0028223414,0,191.83316,1.8067223,1.1048378,321.27162,34.698836
1958.3333,48.4915,26.613738,2.1992144e-06,0.020593105,0.050801563,0,199.58475,1.8063471,1.0883973,3.5868796,32.040396
1958.4167,49.022786,27.206548,2.2668842e-06,1.0999603,2.0870394,0.42442839,208.19542,1.8061475,1.0664079,12.185605,34.93594
1958.5,50.03871,28.746234,2.1212118e-06,2.0135346,3.7771535,1.1301017,223.3304,1.8057753,1.0429829,17.502783,41.849706
1958.5833,51.24335,29.828934,1.8845635e-06,1.5340672,2.9520999,0.8686192,242.82602,1.804868,1.0215566,8.0080464,41.592123
1958.6667,52.261908,27.369052,1.7500796e-06,0.90564182,1.7126383,0.4824147,258.16376,1.8042152,1.0031453,5.0148623,37.979463
1958.75,52.489448,0,1.7254542e-06,0.080717273,0,0,270.73669,1.8039074,0.98756897,0,27.773665
1958.8333,52.32197,0,1.7524626e-06,0.00093832269,0,0,283.11133,1.8037943,0.97492212,0,27.717208
1958.9167,52.165259,0,1.7849875e-06,6.6270924e-06,0,0,295.94897,1.8036764,0.96346241,0,30.050013
1959,52.194878,0,1.8623233e-06,0,0,0,305.61255,1.8034314,0.95229709,0,27.775743
1959.0833,52.040011,0,1.9239289e-06,0.00092099318,0,0,316.09058,1.8030554,0.94189328,0,27.657215
1959.1667,51.885221,0,2.108226e-06,0,0,0,320.03516,1.8023914,0.93090248,0,27.716336
1959.25,51.919576,7.6723308,2.46131e-06,5.2496646e-05,0,0,294.90997,1.800791,0.9157759,350.31754,36.534924
1959.3333,52.802928,29.208064,4.2337811e-06,1.3080507e-05,0.0037792791,0,139.40279,1.7991087,0.89435709,7.0414138,37.245384
1959.4167,53.371716,29.762678,5.5134155e-06,0.061677372,1.0991799,0.1673966,46.644012,1.7981329,0.86629641,8.9588969,36.86856
1959.5,54.250542,31.171026,5.4141551e-06,0.23918162,3.6810243,1.1026904,45.165298,1.7974138,0.83589816,19.295691,42.747379
1959.5833,55.489384,32.571767,5.0341246e-06,0.20321912,3.2103382,1.0161768,44.882797,1.7971221,0.8063401,10.861414,45.952159
1959.6667,56.66782,33.264227,4.6863233e-06,0.13570882,2.206105,0.67437343,43.829445,1.7970867,0.780384,6.182655,43.416062
1959.75,57.304334,8.6729983,4.4244962e-06,0.02994005,0.33399017,0.10054463,42.391949,1.7968569,0.75857568,1.4735165,33.560617
1959.8333,57.174399,0,4.4049598e-06,0.0002181289,0,0,41.8349,1.795938,0.74174803,0,30.486161
1959.9167,57.01701,0,4.4986432e-06,1.7653674e-09,0,0,39.682053,1.795156,0.726704,0,33.275472
1960,57.08969,0,4.7073086e-06,6.6318472e-08,0,0,35.44294,1.794511,0.71289706,0,30.517595
1960.0833,56.939479,0,4.7959284e-06,5.182478e-08,0,0,33.387878,1.7939517,0.70100802,0,30.49003
1960.1667,56.799509,0,4.8835168e-06,0,0,0,29.377897,1.7934341,0.69025224,0,30.542324
1960.25,56.737229,5.2641565,4.9604173e-06,-1.1225988e-09,0.00093107487,0,27.09132,1.7929443,0.68012434,384.21094,36.355484
1960.3333,57.202682,31.758636,5.0333138e-06,0.0038342125,0.41728702,-3.1741287e-06,25.421606,1.7927876,0.6665923,5.2547553,35.484683
1960.4167,57.812262,33.070628,5.1548309e-06,0.12577085,3.2648318,0.61088001,23.939554,1.792888,0.6489681,24.606562,42.321349
1960.5,59.114587,34.897581,4.8766342e-06,0.16788189,4.1266384,1.2882693,22.300678,1.7932463,0.6324513,12.833521,50.714589
1960.5833,60.8031,35.747956,4.489636e-06,0.14292988,3.6564486,1.0972475,20.776131,1.7936968,0.6196537,8.6084513,53.076319
1960.6667,62.124025,21.790728,4.1161829e-06,0.10087623,1.6547208,0.47791102,19.029543,1.7937258,0.61136818,4.1651405,42.43025
1960.75,62.177204,0,4.0160262e-06,0.015075325,0,0,17.671362,1.794817,0.60711068,0,33.156459
1960.8333,62.000435,0,4.0217033e-06,0.00039411285,0,0,16.277224,1.7961291,0.60374606,0,33.120582
1960.9167,61.835978,0,4.1552803e-06,0.00023864269,0,0,14.505733,1.7973106,0.6007064,0,35.355689
1961,61.836842,0,4.3268215e-06,9.3744715e-05,0,0,12.77883,1.7983903,0.59791523,0,32.614645
1961.0833,61.506126,0,4.6165906e-06,0,0,0,11.47301,1.7993618,0.59551078,0,32.331472
1961.1667,60.084183,0,5.1114448e-06,0,0,0,10.248278,1.8002349,0.59333509,0,31.692765
1961.25,59.060104,8.7058339,5.5541423e-06,-1.0694868e-06,0.004818674,0,9.3156042,1.8008494,0.59120387,397.06754,36.955043
1961.3333,59.441864,32.813791,5.7765487e-06,0.015271349,0.51936626,0.038197423,8.2521687,1.8003401,0.58640319,6.0090681,36.355025
1961.4167,60.177881,34.552235,6.023698e-06,0.14053921,4.3224821,0.80495915,7.3911014,1.799886,0.57988465,29.091392,44.773372
1961.5,61.476901,36.22321,5.7227057e-06,0.15003242,4.0077276,0.9870763,6.6289186,1.8000091,0.57603037,10.163287,52.1888
1961.5833,63.249968,37.040483,5.4628495e-06,0.13559366,3.6089109,0.88540938,5.8899183,1.8003335,0.57665288,9.0791482,55.438785
1961.6667,64.818114,37.811115,5.1400234e-06,0.087481254,2.3100785,0.55231993,5.8600078,1.8005873,0.58141631,7.8228478,51.187968
1961.75,65.451011,4.9267332,4.8532643e-06,0.025519127,0.234943,0.050902254,6.1596322,1.8017312,0.58702528,0.78820427,36.22783
1961.8333,65.225743,0,4.8195702e-06,0.00028546572,0,0,6.2320256,1.8032569,0.59070456,0,34.284444
1961.9167,65.007046,0,4.8338343e-06,1.6770046e-20,0,0,6.0994649,1.8045995,0.59396899,0,36.719073
1962,64.9812,0,4.8931124e-06,3.3843974e-06,0,0,5.6930943,1.8057424,0.59693366,0,34.172962
1962.0833,64.765587,0,4.9406794e-06,0.00024928678,0,0,5.5950303,1.8066697,0.59947407,0,34.132692
1962.1667,64.493403,0,5.0222916e-06,9.3488308e-05,0,0,5.518404,1.8074853,0.60176939,0,34.023713
1962.25,63.250303,8.1213852,5.4181196e-06,-5.709516e-08,-3.6526945e-06,0,5.406508,1.8081548,0.60397834,424.39964,40.28995
1962.3333,62.656619,34.719262,5.8264341e-06,0.044248478,0.88024449,0.066229823,5.1074028,1.8079708,0.60720837,5.8288212,35.963455
1962.4167,63.292764,36.29639,6.0819807e-06,0.23787281,4.5772466,0.65176723,4.8290138,1.8080502,0.6103614,26.490277,47.457843
1962.5,64.777866,37.951376,5.7342731e-06,0.26148497,4.7342563,0.88559931,4.7061853,1.8090945,0.61635321,10.936904,55.876067
1962.5833,66.735297,38.843766,5.2900928e-06,0.21534711,3.8221221,0.68057552,4.6089458,1.81042,0.62675196,10.001094,61.110451
1962.6667,68.234824,22.375852,4.9174964e-06,0.16172723,1.5652449,0.25751852,4.5870862,1.8116752,0.63979536,4.6025541,45.896522
1962.75,68.218499,0,4.8120928e-06,0.048100205,0,0,4.5188451,1.8132404,0.65171945,0,35.734091
1962.8333,67.968808,0,4.8376e-06,0.0002409595,0,0,4.4366937,1.8147361,0.66222465,0,35.638739
1962.9167,66.955723,0,5.0607168e-06,0,0,0,4.3258471,1.8159989,0.67161989,0,37.522336
1963,65.220095,0,5.5021756e-06,0,0,0,4.1494317,1.8167189,0.6799174,0,34.232154
1963.0833,63.44182,0,6.0480647e-06,-1.8547952e-07,0,0,4.0205908,1.8169035,0.68686265,0,33.409774
1963.1667,61.726395,0,6.6563853e-06,-1.1790202e-07,0,0,3.8073976,1.8167415,0.69308341,0,32.638208
1963.25,60.260553,13.231114,7.2774465e-06,-2.4331004e-06,-1.642007e-05,0,3.5367603,1.8162298,0.6990611,404.07529,39.824462
1963.3333,59.220497,32.56895,8.0127784e-06,0.0036100453,0.084966031,-3.0382557e-07,3.1651874,1.8149217,0.70572263,0.8207384,33.105387
1963.4167,58.847573,32.878827,8.9440327e-06,0.24457543,2.9253178,0.16555403,2.784631,1.8141053,0.71197402,14.657957,36.618347
1963.5,59.768233,34.539539,9.0531321e-06,0.39584038,3.9353263,0.35758108,2.6530132,1.8145713,0.72124916,16.249805,47.063769
1963.5833,61.091855,35.464901,8.5196734e-06,0.30479753,2.9645763,0.27559977,2.6017413,1.8154022,0.7378546,7.4622409,49.369645
1963.6667,62.475249,27.666075,8.3062114e-06,0.27162024,2.083001,0.19263764,2.5739958,1.8162206,0.76103896,5.7389436,47.485811
1963.75,62.730178,0,8.364138e-06,0.060344331,0,0,2.5586116,1.8170755,0.78729659,0,33.18428
1963.8333,62.297195,0,8.4155981e-06,5.8570752e-06,0,0,2.6138318,1.817975,0.81170511,0,33.081026
1963.9167,60.725719,0,8.8137076e-06,0,0,0,2.645931,1.8187209,0.83400029,0,34.815313
1964,59.219427,0,9.2033933e-06,-4.767107e-10,0,0,2.6220815,1.8192697,0.85465741,0,31.667364
1964.0833,57.639223,0,9.8719092e-06,-8.1844202e-10,0,0,2.5927651,1.8194876,0.87235075,0,30.797243
1964.1667,56.109827,0,1.0752522e-05,-2.5603742e-09,0,0,2.52268,1.8194683,0.88794708,0,30.059589
1964.25,54.702174,6.9378666,1.1475701e-05,-1.2901172e-09,0,0,2.4660442,1.8193061,0.90253228,362.53163,35.978597
1964.3333,53.862996,29.316897,1.2043269e-05,-4.8864899e-06,-0.00010989527,0,2.3685107,1.818791,0.91532946,0.0076082224,31.276322
1964.4167,53.121824,29.054988,1.3050601e-05,0.17475363,1.2857394,0.045360152,2.2472508,1.8188078,0.92619628,5.7525965,29.992709
1964.5,53.476352,30.231064,1.3473855e-05,0.59097989,3.6938983,0.22526181,2.1855054,1.8203782,0.93719757,17.520098,38.157772
1964.5833,54.667681,31.42694,1.2398862e-05,0.5328071,2.8975319,0.21430716,2.1660919,1.8227448,0.95389372,8.8081965,45.484357
1964.6667,55.908229,32.087818,1.1233395e-05,0.37934108,1.9263644,0.14512304,2.0663671,1.8246996,0.97601354,6.4011924,43.843744
1964.75,56.718837,14.667539,1.0383184e-05,0.19746521,0.58268114,0.045755054,2.0526879,1.8262309,1.0013036,2.3073011,35.451492
1964.8333,56.460422,0,1.0174006e-05,0.00014198132,0,0,2.0667694,1.8280486,1.0280505,0,30.487554
1964.9167,55.044696,0,1.0078976e-05,0,0,0,2.0721045,1.8297091,1.0528349,0,31.3597
1965,53.643994,0,1.0649433e-05,-1.8014396e-10,0,0,2.0474391,1.8311318,1.0761883,0,28.551274
1965.0833,52.192766,0,1.1452464e-05,-2.3929574e-11,0,0,2.0093517,1.8322198,1.0962961,0,27.857555
1965.1667,50.792135,0,1.2496665e-05,-1.6855399e-09,0,0,1.9688554,1.8330292,1.1141171,0,27.148163
1965.25,49.506754,6.2223328,1.3409762e-05,0,0,0,1.9388866,1.8336245,1.1306498,325.14142,33.047225
1965.3333,48.824325,26.293265,1.4269316e-05,0,-3.4035548e-07,0,1.9187058,1.8338208,1.1436646,0.0034814912,29.180453
1965.4167,47.871221,25.770182,1.5766884e-05,0.040637241,0.1521018,0.0039508558,1.9157406,1.8348567,1.1544344,0.50658322,26.405932
1965.5,47.835108,26.307553,1.628614e-05,0.79502817,3.006297,0.15281733,1.8814075,1.8368825,1.1645612,11.905854,29.037296
1965.5833,48.43308,27.357681,1.4971276e-05,0.75962028,2.3066606,0.15329916,1.8538486,1.8398921,1.1781808,10.529198,36.263112
1965.6667,49.356367,26.206562,1.353245e-05,0.54714568,1.4728924,0.10729369,1.8491306,1.8426656,1.1941866,6.2620119,37.576814
1965.75,49.663819,0,1.25637e-05,0.085383758,0,0,1.8507978,1.8453363,1.2127037,0,26.584221
1965.8333,49.207445,0,1.2157048e-05,0.0074326067,0,0,1.847311,1.8479127,1.2312067,0,26.406863
1965.9167,48.265833,0,1.2361774e-05,-1.0961978e-12,0,0,1.8397424,1.8501819,1.2479041,0,27.288983
1966,47.0201,0,1.2840776e-05,0,0,0,1.8232243,1.8521307,1.2630711,0,25.352557
1966.0833,45.7738,0,1.338399e-05,-7.757072e-09,0,0,1.804486,1.8536786,1.2760085,0,24.704382
1966.1667,44.563662,0,1.4152817e-05,-1.6763729e-10,0,0,1.7885239,1.8549609,1.2876812,0,24.068781
1966.25,43.468449,6.1073713,1.4796467e-05,-7.6399359e-11,0,0,1.7737966,1.8560303,1.2984974,279.32596,28.706869
1966.3333,42.68565,22.579629,1.562085e-05,-3.5758338e-06,-0.00012921797,0,1.7594553,1.8568975,1.3048195,3.4535479e-17,22.376076
1966.4167,41.793186,22.227302,1.6760499e-05,0.15316744,0.38905952,0.011770699,1.7424052,1.8579917,1.3068876,3.8101128,23.966352
1966.5,42.342912,23.379155,1.6565738e-05,1.3133949,2.776773,0.16873626,1.7162006,1.8593316,1.3078779,17.522617,35.223186
1966.5833,43.545812,24.557572,1.4579771e-05,1.3114794,2.4077158,0.18026701,1.7151548,1.8610518,1.3115778,10.597098,37.010495
1966.6667,44.554703,25.229789,1.2991624e-05,0.90880322,1.5915879,0.12908584,1.7257171,1.862713,1.3180889,5.0468712,34.651356
1966.75,45.222837,9.8900935,1.1887666e-05,0.25006153,0.35884768,0.030566168,1.7396764,1.8643857,1.3269148,1.7183134,27.936743
1966.8333,45.167293,0,1.1577147e-05,0.0093849768,0,0,1.7446129,1.8662107,1.3381255,0,23.998113
1966.9167,45.009211,0,1.1458648e-05,6.3313451e-05,0,0,1.7413962,1.8679169,1.3485179,0,25.059932
1967,44.950344,0,1.110571e-05,0.0002846912,0,0,1.7325492,1.8695536,1.3580029,0,23.287616
1967.0833,44.614363,0,1.0987941e-05,2.1056181e-05,0,0,1.7251616,1.8709586,1.3661578,0,22.616904
1967.1667,43.403074,0,1.1205242e-05,0,0,0,1.7101249,1.8721631,1.3735011,0,21.565259
1967.25,42.087924,0.72824681,1.1319695e-05,-6.133005e-06,0,0,1.6883488,1.8731776,1.3803773,265.77666,28.149504
1967.3333,41.912783,21.840319,1.1110692e-05,0.064469406,0.1394813,4.4583981e-09,1.6633751,1.8738334,1.3825666,1.6563196,23.993689
1967.4167,42.262729,22.518104,1.0452171e-05,1.5464314,2.1537199,0.15364811,1.6476157,1.8746381,1.3764588,17.351538,29.096339
1967.5,43.022983,24.321899,9.3242597e-06,2.0157752,2.6165986,0.25301207,1.6733215,1.8757674,1.3682904,16.293202,34.519574
1967.5833,44.33826,25.248678,8.2917368e-06,1.8171681,2.3552183,0.23744134,1.7503723,1.8767945,1.3621188,6.7050138,39.74287
1967.6667,45.558289,25.79258,7.4270247e-06,1.3458629,1.6478316,0.17938657,1.8807521,1.8776243,1.359136,5.2445791,37.424358
1967.75,46.252731,10.10849,6.6971875e-06,0.33010382,0.35896199,0.036738967,2.1005011,1.8785827,1.3590561,1.6612099,27.498052
1967.8333,45.736,0,6.3629059e-06,0.00070621596,0,0,2.4245219,1.8800669,1.3619386,0,22.86579
1967.9167,44.349521,0,6.4459159e-06,-2.9122794e-08,0,0,2.7529151,1.8813896,1.3648113,0,23.630911
1968,43.062024,0,6.6126959e-06,-2.6574274e-08,0,0,2.9540248,1.8824791,1.367486,0,21.155573
1968.0833,41.758664,0,6.809938e-06,-7.1390179e-07,0,0,2.8952129,1.8832951,1.3698697,0,20.892334
1968.1667,40.511262,0,7.179387e-06,-1.3364716e-06,0,0,2.8329978,1.8838999,1.3720062,0,20.181461
1968.25,39.380539,3.3958957,7.3711135e-06,-0.0003410004,-2.108249e-05,0,2.7619298,1.8843434,1.3739817,248.22089,28.251482
1968.3333,38.941428,20.122916,7.6470878e-06,0.015356372,0.015920494,2.9785426e-10,2.646867,1.8844217,1.3710982,0.00036245753,20.696237
1968.4167,38.590953,20.288279,7.6281517e-06,1.4894364,1.5406668,0.09488301,2.5028293,1.8848317,1.3610642,11.683451,21.279276
1968.5,39.079908,21.83898,6.9465405e-06,2.7166968,2.6079787,0.28553959,2.4644098,1.8858161,1.3485428,17.994831,30.023737
1968.5833,40.09521,22.928346,6.3661341e-06,2.1751541,2.0614171,0.26532633,2.4261193,1.8870462,1.3374114,6.3609129,36.316561
1968.6667,41.400328,17.927799,6.1207406e-06,1.5956431,1.329328,0.17034119,2.2487698,1.8881527,1.3264531,3.6046123,32.690835
1968.75,41.492216,0,6.1124888e-06,0.32229804,0,0,2.0661705,1.8896784,1.3192149,0,20.255152
1968.8333,41.220445,0,6.2830663e-06,0.010383623,0,0,1.9189993,1.8912734,1.3137006,0,20.233524
1968.9167,40.965665,0,6.5938125e-06,3.9131535e-05,0,0,1.836337,1.8926152,1.3087243,0,22.166914
1969,40.363159,0,6.7832798e-06,-1.755492e-07,0,0,1.8401829,1.8937021,1.3041553,0,20.097115
1969.0833,39.16315,0,7.1561008e-06,-4.6467793e-06,0,0,1.8822517,1.8945248,1.3002201,0,19.691774
1969.1667,38.011435,0,7.4281161e-06,-8.9817519e-05,0,0,1.9155802,1.8951418,1.2966561,0,19.175622
1969.25,37.059505,5.1632263,7.547188e-06,-0.00013814462,-4.0393813e-06,0,1.9470973,1.8955784,1.2931684,236.12416,27.369827
1969.3333,37.06855,19.481465,7.1982063e-06,1.2549918,1.0833111,0.082764036,1.9621341,1.8955996,1.2843379,8.217735,22.760399
1969.4167,37.601992,20.905858,6.7256547e-06,3.3437808,2.6525031,0.30484482,2.0105433,1.8960813,1.2698861,19.853216,28.172885
1969.5,38.642995,22.04057,6.1813216e-06,3.2825765,2.6509628,0.32235441,2.1001687,1.8971277,1.2564377,5.7572636,35.659768
1969.5833,39.891664,22.543041,5.7261341e-06,2.3508915,1.9169011,0.23998143,2.1953275,1.8984698,1.2470418,5.0646026,34.344122
1969.6667,40.905375,23.011938,5.3380008e-06,1.8528801,1.5122736,0.19363977,2.2944431,1.8997363,1.2420597,4.7017553,32.583274
1969.75,41.272298,1.4988622,5.0592785e-06,0.74531659,0.097162828,0.012110927,2.3918736,1.9010394,1.2399406,0.25715029,21.922971
1969.8333,40.958866,0,5.0026342e-06,0.017249625,0,0,2.462678,1.9023789,1.2385273,0,20.46013
1969.9167,39.844755,0,5.0683152e-06,0,0,0,2.5319111,1.9034393,1.2373255,0,22.119539
1970,38.773078,0,5.2541982e-06,0,0,0,2.5842099,1.9042519,1.2361302,0,19.626379
1970.0833,37.638601,0,5.4537641e-06,0,0,0,2.6036148,1.9047335,1.2343727,0,19.244395
1970.1667,36.552478,0,5.4452635e-06,0,0,0,2.599684,1.9050215,1.2326245,0,18.748313
1970.25,35.584703,3.6969064,5.5085638e-06,0,0,-1.9196066e-05,2.5878031,1.9051771,1.2310122,225.25733,25.461471
1970.3333,35.403572,18.399308,5.4432176e-06,0.49721405,0.41382073,0.022681297,2.5607574,1.9056967,1.2281251,3.0424293,20.194664
1970.4167,35.48627,19.373382,5.1128081e-06,3.4134978,2.5158229,0.22769293,2.5849197,1.9075549,1.2225953,16.57835,20.005569
1970.5,35.867814,20.225851,4.7097028e-06,3.3240967,2.3281383,0.26175774,2.6959064,1.9102393,1.2195303,3.4880777,27.279052
1970.5833,36.864039,20.607376,4.3710261e-06,2.7326108,1.8997349,0.23271616,2.8211808,1.9127825,1.2215673,4.1819064,33.671801
1970.6667,37.833735,13.971565,4.0682426e-06,1.7761487,0.99695164,0.12388087,3.0036349,1.9148643,1.227743,2.6681062,26.665262
1970.75,37.871432,0,3.8466023e-06,0.33557294,0,0,3.2316921,1.9168869,1.2337114,0,19.596769
1970.8333,37.108462,0,3.7854079e-06,0.011564199,0,0,3.5641632,1.9187423,1.2387542,0,18.573588
1970.9167,35.997093,0,3.9177326e-06,-2.5352053e-09,0,0,3.9687014,1.9203146,1.2432339,0,20.102008
1971,35.038427,0,4.088015e-06,-3.0819814e-06,0,0,4.3911386,1.9215863,1.2467279,0,17.809299
1971.0833,34.015242,0,4.4204521e-06,-0.0001157794,0,0,4.8273244,1.9224548,1.2484547,0,17.388339
1971.1667,33.035278,0,4.8809884e-06,-0.00014271412,0,0,5.3175106,1.9229342,1.2480192,0,16.974007
1971.25,32.194436,4.4130725,5.0048297e-06,-4.8197101e-05,-4.2843852e-05,-7.1033557e-13,5.8733578,1.9231347,1.246511,201.79697,22.484732
1971.3333,31.730406,16.328964,5.0023905e-06,-1.6161067e-05,-6.424172e-05,-2.8707729e-06,6.4473419,1.923035,1.2452612,1.4055455e-05,16.607881
1971.4167,31.428743,16.600857,4.7642243e-06,2.3338699,1.851008,0.14698985,7.1611876,1.923558,1.2411752,12.631611,20.94029
1971.5,32.065962,17.833939,3.9770498e-06,2.5786336,1.9990104,0.20686854,8.7933083,1.9247886,1.2375208,10.008951,25.341947
1971.5833,32.901678,18.391449,3.4377388e-06,2.0509856,1.6096884,0.18498712,10.628543,1.9259446,1.2373362,4.2562986,27.508862
1971.6667,33.743374,18.769851,2.9969121e-06,1.4829275,1.1869857,0.14372749,12.302787,1.9269031,1.2403092,3.4234311,26.907246
1971.75,34.111749,2.4459634,2.6700945e-06,0.3668011,0.11087607,0.013735669,13.615746,1.9278351,1.2437385,0.36039803,18.519844
1971.8333,33.956062,0,2.4520159e-06,0.035999883,0,0,15.133543,1.9287595,1.2447934,0,17.378812
1971.9167,33.802204,0,2.4670126e-06,0.00044937196,0,0,17.646925,1.9295946,1.2456896,0,18.587169
1972,33.71232,0,2.5273923e-06,0,0,0,20.575577,1.9303547,1.2464041,0,17.324922
1972.0833,32.972574,0,2.7484136e-06,-5.0902022e-09,0,0,23.705835,1.9308876,1.2464545,0,17.048554
1972.1667,32.031342,0,2.9852822e-06,-1.3704226e-05,0,0,27.107573,1.9310629,1.2455369,0,16.378462
1972.25,31.213729,4.2747292,3.1811262e-06,-1.8129849e-05,-0.00017159474,0,31.001513,1.9308351,1.244254,195.46896,21.945052
1972.3333,30.92164,15.969492,3.3164301e-06,0.33730363,0.4246436,0.0093248725,34.406708,1.9307555,1.2434427,4.9386727,18.132479
1972.4167,31.223137,16.90311,3.1417831e-06,2.2977374,2.0151194,0.21207419,38.496342,1.9312633,1.2401834,14.559266,22.565804
1972.5,32.046288,17.902501,2.5157226e-06,2.3921873,2.1495421,0.27272273,44.691547,1.9321669,1.2385292,6.4288046,28.647685
1972.5833,33.083696,18.41178,2.1035901e-06,1.8703807,1.7235177,0.23557508,51.47216,1.933193,1.2407079,4.8510276,29.038112
1972.6667,33.92664,15.035447,1.8985246e-06,1.1601922,0.96473984,0.13564346,57.871136,1.9341761,1.2456478,3.0229189,25.31654
1972.75,34.069072,0,1.8094664e-06,0.41872368,0,0,63.955349,1.9349074,1.2483467,0,17.653716
1972.8333,33.911493,0,1.8009366e-06,0.01294783,0,0,70.678986,1.9354821,1.2494706,0,17.225544
1972.9167,33.748921,0,1.846448e-06,1.8046374e-05,0,0,78.512115,1.9359955,1.2504672,0,18.791373
1973,33.712931,0,2.1595074e-06,1.122989e-07,0,0,86.068893,1.9364209,1.2510512,0,17.265646
1973.0833,33.554986,0,2.1206865e-06,6.219713e-06,0,0,93.476173,1.9367052,1.250893,0,17.129628
1973.1667,33.399709,0,2.2318291e-06,0.00039332441,0,0,101.15559,1.9369097,1.2503289,0,17.119216
1973.25,33.421326,3.4922149,2.3363589e-06,0.0020201884,0.0048459809,0,107.92149,1.9370769,1.2496413,212.53701,28.052939
1973.3333,34.249753,17.621007,2.4607355e-06,0.049415769,0.15850284,0,114.61887,1.9374691,1.249199,2.5956857,21.500718
1973.4167,34.639247,18.199349,2.5618804e-06,1.1201192,1.4702818,0.16479871,122.11089,1.9379739,1.2448227,12.694459,24.250803
1973.5,35.344332,19.643944,2.3993309e-06,1.7745584,2.3241946,0.44711018,131.49632,1.9386696,1.2392879,13.283471,28.034891
1973.5833,36.227893,20.320185,2.1440371e-06,1.2364955,1.6661749,0.36134388,141.86855,1.9395792,1.2363404,4.624448,29.190465
1973.6667,37.044976,20.731157,2.0145217e-06,0.93080096,1.2986398,0.28144814,151.41753,1.940497,1.235571,3.9495345,29.2221
1973.75,37.422206,2.7021258,1.9851102e-06,0.13828521,0.092116123,0.018402127,160.57242,1.9413712,1.2343938,0.46105872,20.079537
1973.8333,37.246671,0,2.012215e-06,0.0052242792,0,0,169.93555,1.9421746,1.2365633,0,19.039734
1973.9167,37.073053,0,2.0585733e-06,2.0414725e-07,0,0,179.34491,1.9428074,1.2385538,0,20.749783
1974,37.026227,0,2.1324727e-06,0,0,0,188.26915,1.9432777,1.24035,0,18.644763
1974.0833,36.832511,0,2.4003261e-06,3.831751e-05,0,0,193.15005,1.9436513,1.2419043,0,18.777778
1974.1667,36.645915,0,2.9168332e-06,0.0001580908,0,0,173.02394,1.9439251,1.2433287,0,18.549694
1974.25,36.684576,3.8293086,4.5872052e-06,6.9346716e-05,0.0097668647,0,91.909035,1.9440359,1.2445647,233.04421,30.017956
1974.3333,37.501905,19.324394,5.820737e-06,0.00033865362,0.12933639,4.187374e-11,32.634567,1.9439057,1.2390879,3.0344733,23.630779
1974.4167,37.931804,19.981734,5.9034273e-06,0.24764698,1.6210598,0.2892782,30.871731,1.9438363,1.2266042,14.999728,27.351219
1974.5,38.840525,21.652639,5.6982326e-06,0.37970908,2.3714418,0.59076191,29.814274,1.9441127,1.2133964,15.00145,32.953148
1974.5833,40.029362,22.503192,5.3981553e-06,0.32468572,2.1224064,0.5272505,28.925463,1.9447885,1.2028357,7.5067744,35.532468
1974.6667,41.086886,23.068143,5.221566e-06,0.22754183,1.5213805,0.37866163,28.038157,1.9456136,1.1952704,5.4440906,33.329667
1974.75,41.513525,3.0091482,5.1694715e-06,0.055895242,0.15685421,0.038266845,27.06089,1.9464374,1.1933628,0.50126715,22.127233
1974.8333,41.28531,0,5.2425289e-06,8.6980607e-05,0,0,26.288939,1.947192,1.1977947,0,20.568252
1974.9167,40.636703,0,5.4952325e-06,1.1922905e-25,0,0,25.309301,1.9478563,1.2018913,0,22.695786
1975,39.567728,0,6.1301516e-06,0,0,0,23.39732,1.9483641,1.2056476,0,19.919843
1975.0833,38.405467,0,6.535673e-06,0,0,0,21.724274,1.948682,1.2088783,0,19.424432
1975.1667,37.288912,0,6.9907401e-06,0,0,0,19.758776,1.9488539,1.2117984,0,18.953912
1975.25,36.335714,4.3646051,7.8387284e-06,-2.7367528e-11,-2.6161325e-05,0,16.761518,1.9488972,1.2142683,228.02811,26.627603
1975.3333,35.939474,18.457564,9.2559785e-06,-3.2570139e-06,-0.00075822728,0,14.217546,1.9492061,1.2075148,0.00093957144,19.610095
1975.4167,35.416111,18.473107,1.1083925e-05,0.1427114,1.3232788,0.15092443,13.073207,1.9503238,1.193518,9.0307108,18.873255
1975.5,35.740063,19.696778,1.1092788e-05,0.31179041,2.4119453,0.42308677,11.579626,1.9520645,1.178232,14.727345,26.574852
1975.5833,36.643196,20.659447,1.0146565e-05,0.28816292,2.0145019,0.38787568,10.175903,1.9537053,1.1654137,6.1828624,31.512758
1975.6667,37.604146,16.159445,1.0222894e-05,0.16879443,1.0316776,0.20215388,8.2539654,1.9543905,1.1565361,3.1348126,27.872201
1975.75,37.708029,0,1.1297344e-05,0.035038161,0,0,6.8350263,1.9555726,1.1546789,0,19.297168
1975.8333,37.337575,0,1.3542946e-05,1.7110476e-05,0,0,6.4338684,1.9569243,1.1551996,0,19.175726
1975.9167,36.296215,0,1.5273816e-05,0,0,0,6.6419072,1.9580966,1.1556692,0,21.055553
1976,35.394985,0,1.5782263e-05,-1.2143241e-08,0,0,6.3104267,1.959052,1.1560994,0,18.068748
1976.0833,34.375455,0,1.6983009e-05,-1.2627081e-09,0,0,6.0342398,1.9597614,1.1564691,0,17.536996
1976.1667,33.395462,0,1.8493001e-05,-2.7516243e-06,0,0,5.6769657,1.9602932,1.1568023,0,17.175722
1976.25,32.557901,4.4859871,1.9012537e-05,-1.896689e-06,0,0,5.5365057,1.9606582,1.1568508,205.1332,23.282363
1976.3333,32.219045,16.61556,1.9076933e-05,0.00054065266,0.0048405124,4.1613739e-05,5.2396898,1.960865,1.1495351,0.23876366,18.116777
1976.4167,32.068707,16.965896,1.9108355e-05,0.29641384,1.824718,0.18472149,4.9307046,1.9619778,1.1363711,10.899341,17.97247
1976.5,32.352038,18.029016,1.7419005e-05,0.40653076,2.1424556,0.32007849,4.8652658,1.9638888,1.1229999,9.4851184,23.043917
1976.5833,33.152275,18.571535,1.5728552e-05,0.33468496,1.7068909,0.28215363,4.8757844,1.9658574,1.1129602,4.1855341,29.256055
1976.6667,34.117065,18.981228,1.4432716e-05,0.24164443,1.2069541,0.2096822,4.7829576,1.9675387,1.1068374,4.0505169,27.650179
1976.75,34.573916,4.3382966,1.3602456e-05,0.083841599,0.20366473,0.03465078,4.6964812,1.9693735,1.1040276,0.75016484,19.802125
1976.8333,34.258414,0,1.3491218e-05,0.00034162645,0,0,4.6694083,1.9713485,1.1034837,0,17.700156
1976.9167,33.378087,0,1.4214936e-05,0,0,0,4.6205926,1.9730825,1.1030568,0,19.734106
1977,32.585565,0,1.4408006e-05,-4.0893247e-08,0,0,4.3708291,1.9745673,1.1026649,0,16.731806
1977.0833,31.648256,0,1.5054386e-05,-3.7619717e-06,0,0,4.1873584,1.9757451,1.1023276,0,16.079433
1977.1667,30.759968,0,1.6162818e-05,-1.717779e-06,0,0,3.8826945,1.9767131,1.1020224,0,16.031538
1977.25,29.94439,3.0577795,1.7458875e-05,-1.4414029e-07,-0.00013933889,0,3.4926507,1.9775158,1.1016811,186.29904,20.333453
1977.3333,29.570678,15.111841,1.7933418e-05,0.002068109,0.011975856,1.1903033e-05,3.1203277,1.978276,1.0977662,0.0063228484,16.094814
1977.4167,29.418243,15.381664,1.8456802e-05,0.39250712,1.5072184,0.1621956,2.7926505,1.9796149,1.0888989,10.701878,17.838696
1977.5,29.893413,16.518716,1.7704615e-05,0.63234342,2.0358221,0.31189286,2.6138046,1.9813473,1.0794873,9.8282517,23.44326
1977.5833,30.859763,17.11937,1.6084758e-05,0.58294505,1.7347912,0.28813894,2.4801719,1.9831578,1.0731709,4.9576751,29.546443
1977.6667,31.844024,17.548611,1.4852914e-05,0.42126411,1.1759,0.20240182,2.3704057,1.984839,1.0701985,3.8318106,25.643201
1977.75,32.275394,4.0107225,1.4259873e-05,0.10982666,0.192021,0.033957032,2.3132606,1.9864407,1.069775,0.70756011,18.587473
1977.8333,31.825718,0,1.4807018e-05,0.00012258002,0,0,2.324291,1.9880948,1.0701391,0,16.371114
1977.9167,30.892618,0,1.5618269e-05,0,0,0,2.3381152,1.9895231,1.0704765,0,17.449773
1978,30.096225,0,1.5535195e-05,-2.4601163e-06,0,0,2.3067055,1.9907386,1.0707862,0,15.516172
1978.0833,29.244086,0,1.6402299e-05,-4.8996024e-06,0,0,2.2829237,1.991698,1.0710529,0,15.046971
1978.1667,28.4057,0,1.7343435e-05,-1.2405581e-05,0,0,2.2417319,1.9924793,1.0712941,0,14.474837
1978.25,27.795721,7.5013172,1.8538802e-05,-8.698189e-05,-9.0312601e-05,0,2.1963177,1.993138,1.0712664,171.94365,19.484661
1978.3333,27.46156,13.89175,1.9252708e-05,0.039943797,0.06797026,0.0020947855,2.1247523,1.9942737,1.0678123,0.052825155,14.893239
1978.4167,27.464431,14.32081,1.9212499e-05,0.97760016,1.5571912,0.19582618,2.0371063,1.9961183,1.0609765,9.5852054,15.663498
1978.5,27.860422,15.227231,1.7024226e-05,1.3891295,1.8353142,0.30196001,1.9559609,1.9983345,1.0540591,9.1606158,22.366169
1978.5833,28.803859,15.815709,1.4605112e-05,1.2541512,1.5406416,0.27609545,1.9619505,2.0004659,1.049485,4.5417054,26.831854
1978.6667,29.682048,16.214846,1.2828075e-05,0.90103098,1.0691221,0.20048399,2.0132508,2.0023229,1.0477592,3.6158802,24.492085
1978.75,30.099783,2.1162592,1.169584e-05,0.16161245,0.10546762,0.021279836,2.0193214,2.0041215,1.048277,0.33593901,17.348332
1978.8333,30.009439,0,1.1298564e-05,0.012167983,0,0,2.0359182,2.0059092,1.0495244,0,15.854912
1978.9167,29.905161,0,1.1022474e-05,0.000118847,0,0,2.0441806,2.0075235,1.0506566,0,17.377011
1979,29.924935,0,1.0909364e-05,2.7088652e-05,0,0,2.0215623,2.0090024,1.0516953,0,15.331862
1979.0833,29.78446,0,1.0831252e-05,0,0,0,1.9837996,2.0102737,1.0525895,0,15.176705
1979.1667,29.64638,0,1.0794715e-05,0.00010867258,0,0,1.9309505,2.0114217,1.0533986,0,15.128005
1979.25,29.605495,3.0181797,1.0700439e-05,7.7414355e-05,2.6211284e-05,0,1.862727,2.012491,1.0541264,183.6337,21.475105
1979.3333,30.129684,15.215752,1.0725415e-05,0.027390801,0.082531019,0,1.779752,2.0133882,1.0520232,1.7416316,18.745174
1979.4167,30.456031,15.614553,1.0849645e-05,0.98949587,1.0857388,0.18038588,1.7301517,2.0142169,1.0451441,8.2328628,20.664325
1979.5,31.065308,16.735092,9.4916359e-06,1.9977945,1.9791764,0.59889567,1.7542489,2.0151348,1.0368457,14.082857,25.372288
1979.5833,31.974837,17.617462,8.1485023e-06,1.4742951,1.4464822,0.51389437,1.8838941,2.0157447,1.0304105,5.6411039,27.808953
1979.6667,32.87575,18.06638,7.1590935e-06,1.1393726,1.1169721,0.38396243,2.0780332,2.0159061,1.0274724,3.7428862,26.218708
1979.75,33.477478,12.434055,6.334501e-06,0.51746314,0.46276704,0.16262614,2.3499062,2.015985,1.0249159,2.1755313,22.133892
1979.8333,33.482704,0,5.6779754e-06,0.046563179,0,0,2.7695317,2.0168073,1.0237557,0,17.091008
1979.9167,33.327516,0,5.4729094e-06,1.5412561e-06,0,0,3.2435272,2.0178053,1.0228904,0,19.353986
1980,33.358257,0,5.5234432e-06,7.6275082e-06,0,0,3.7072368,2.0187182,1.0220965,0,17.035703
1980.0833,33.207241,0,5.5278724e-06,2.1410692e-05,0,0,4.2722073,2.0195019,1.0214132,0,17.006715
1980.1667,33.05139,0,5.5521336e-06,6.3397594e-06,0,0,4.9123206,2.0202084,1.0207949,0,16.775701
1980.25,32.886054,0,5.6175604e-06,7.7176962e-06,0,0,5.6020379,2.0208676,1.020216,0,16.678999
1980.3333,33.510305,16.857069,5.5801697e-06,0.0020563918,0.069715325,0,6.2415576,2.020956,1.0178063,198.99003,27.144245
1980.4167,33.818673,17.239349,5.5079627e-06,0.94267956,0.9939616,0.31511732,6.4330239,2.0204253,1.0100647,8.0823979,22.67922
1980.5,34.491487,18.40614,4.6096006e-06,2.1614004,2.1685113,0.8519396,6.8610559,2.0200086,1.0000093,16.135361,28.067303
1980.5833,35.41781,19.639112,3.6862077e-06,1.8135919,1.8332585,0.7203417,8.0068884,2.0200567,0.99080944,8.588533,29.081511
1980.6667,36.261838,20.117683,3.204613e-06,1.121717,1.1669307,0.44298133,9.2174644,2.020278,0.9844147,3.8076164,27.971454
1980.75,36.517262,0.65485004,3.028073e-06,0.36430322,0.055390887,0.017858311,10.425748,2.0209,0.98044497,0.10170164,18.745948
1980.8333,36.320195,0,2.9711191e-06,0.0032924898,0,0,11.804805,2.0219197,0.97728568,0,18.13168
1980.9167,36.11172,0,2.9990156e-06,0,0,0,13.450826,2.0228386,0.97443271,0,20.70888
1981,36.126558,0,3.0934898e-06,0.00036492775,0,0,15.499569,2.023679,0.97181451,0,18.063242
1981.0833,35.932731,0,3.1589664e-06,5.8369637e-05,0,0,17.821379,2.0244002,0.96956068,0,18.054113
1981.1667,35.747018,0,3.2805508e-06,9.5551573e-06,0,0,20.196913,2.0250502,0.96752167,0,18.044087
1981.25,35.813879,4.9003689,3.3382944e-06,8.3804415e-06,0.0035628537,0,22.938915,2.0256305,0.96555972,223.67284,29.815975
1981.3333,36.618419,18.529737,3.4669604e-06,0.0009654393,0.076138563,0,24.8902,2.0256317,0.96070164,2.2585655,22.654309
1981.4167,37.006717,19.132974,4.0179852e-06,1.2101251,1.569966,0.52383613,23.934074,2.0253704,0.95091784,13.631279,26.06839
1981.5,37.674319,20.688942,3.5125045e-06,1.7988564,2.2262448,0.92965095,27.701605,2.0253904,0.93997097,17.342242,29.347925
1981.5833,38.568605,21.722171,3.00785e-06,1.5506046,1.946785,0.80489016,33.175842,2.0257638,0.93102968,6.8755725,32.178004
1981.6667,39.514463,15.48174,2.6844841e-06,0.98047264,1.1294773,0.45377941,37.849899,2.0262399,0.9254123,3.1481237,28.708427
1981.75,39.531965,0,2.5946367e-06,0.18580508,0,0,42.048611,2.0271101,0.92180109,0,19.69277
1981.8333,39.303936,0,2.5720697e-06,0.00034091759,0,0,45.947975,2.028013,0.91861022,0,19.679898
1981.9167,39.095849,0,2.5483575e-06,7.8332752e-10,0,0,49.708817,2.0288229,0.91571057,0,23.140589
1982,39.170649,0,2.5681973e-06,5.4307273e-05,0,0,54.056011,2.0295584,0.91303355,0,19.817436
1982.0833,38.97902,0,2.6478749e-06,0.00013532897,0,0,58.50407,2.0301878,0.91071695,0,19.808044
1982.1667,38.795382,0,2.7475653e-06,4.2731072e-05,0,0,62.706772,2.0307438,0.90860474,0,19.797117
1982.25,38.848616,5.3536994,2.8141346e-06,2.7951671e-06,0.0053964501,0,67.092735,2.0312417,0.90658635,244.38282,30.942668
1982.3333,39.592694,20.219449,2.8762229e-06,0.0087660972,0.079349445,0,70.938789,2.0314298,0.90235448,2.2221243,24.278759
1982.4167,39.92876,20.837633,2.9409814e-06,0.87843077,1.4442975,0.31275774,74.42775,2.0315173,0.89418912,15.389909,27.70913
1982.5,40.751263,22.716723,2.613767e-06,2.0158146,2.7581258,1.2116136,77.95237,2.0315282,0.88565505,19.79896,33.672483
1982.5833,41.744888,23.643032,2.2145e-06,1.5544179,2.1866101,0.96417765,83.370094,2.0309925,0.88029778,6.0804108,34.334235
1982.6667,42.713843,24.062932,1.9745398e-06,0.91377074,1.3459388,0.5730778,88.91674,2.0305972,0.87878627,4.474222,33.398161
1982.75,43.154269,4.6994975,1.9054191e-06,0.13759389,0.18605634,0.070616524,93.809929,2.0306268,0.87995785,0.74404036,23.851756
1982.8333,42.952251,0,1.9227725e-06,0.00034022005,0,0,99.761467,2.0313535,0.88144445,0,21.834157
1982.9167,42.745948,0,1.9530455e-06,3.1925493e-05,0,0,105.99397,2.0320296,0.88277268,0,24.422745
1983,42.756595,0,2.0318685e-06,2.3130803e-05,0,0,110.69369,2.0326188,0.88391662,0,21.838524
1983.0833,42.563833,0,2.1101273e-06,0.00014746921,0,0,115.66762,2.0330167,0.88468319,0,21.826302
1983.1667,42.378962,0,2.1900432e-06,3.0205259e-05,0,0,120.52816,2.0333505,0.88533306,0,21.818784
1983.25,42.313799,3.6343294,2.4622718e-06,2.1148957e-05,0.0069924047,0,107.34576,2.0335865,0.88585722,265.35265,30.597352
1983.3333,43.038301,21.968666,3.5456283e-06,2.4272397e-05,0.1127194,0,25.951227,2.0329816,0.88486451,2.8496714,27.077124
1983.4167,43.429967,22.767957,3.7082571e-06,0.58552945,2.092145,0.65753874,20.893291,2.0320878,0.88079149,19.663247,30.935764
1983.5,44.338439,24.793658,3.3958654e-06,0.87398039,2.9705193,1.3389779,21.982307,2.0315714,0.87695962,19.851578,37.377127
1983.5833,45.455813,25.693731,3.0260992e-06,0.57153892,2.0120868,0.90636761,23.38833,2.0314236,0.87659448,5.6630061,37.211611
1983.6667,46.391256,20.845804,2.7508256e-06,0.37817749,1.3074667,0.55202502,24.322186,2.0314801,0.87976867,3.6467963,33.382864
1983.75,46.509624,0,2.6728026e-06,0.078105618,0,0,25.250872,2.0322402,0.88440031,0,23.991872
1983.8333,46.311732,0,2.684724e-06,1.5440233e-05,0,0,26.498148,2.0332398,0.88857347,0,23.962348
1983.9167,46.129826,0,2.7110018e-06,6.2708615e-07,0,0,27.770657,2.0341339,0.89232957,0,27.150722
1984,46.199378,0,2.7605456e-06,4.0781244e-08,0,0,28.417009,2.0349371,0.89576262,0,23.837016
1984.0833,46.00431,0,3.0236872e-06,1.3242122e-09,0,0,27.205133,2.0355935,0.89872158,0,23.738916
1984.1667,45.816388,0,3.2584562e-06,4.6708644e-08,0,0,25.845522,2.0361731,0.90140671,0,23.725884
1984.25,45.624759,6.2494748,3.3865547e-06,1.3024731e-08,-1.5554636e-05,0,24.56875,2.0366781,0.90391392,286.10392,33.517744
1984.3333,45.504533,23.345605,3.6982631e-06,0.00044940288,0.090514904,0,22.368109,2.0363896,0.90479791,3.2014111,29.17621
1984.4167,45.875996,24.021555,3.8829089e-06,0.3269474,2.0079887,0.44303102,21.413164,2.0358784,0.90286851,18.104028,33.147118
1984.5,46.839122,26.080443,3.7383049e-06,0.5102245,3.0209255,1.0380159,20.713488,2.0357628,0.90126199,20.551056,38.624247
1984.5833,47.958065,27.028529,3.4043805e-06,0.3667622,2.2218309,0.76610193,19.601204,2.0359619,0.90297824,6.6734089,39.627946
1984.6667,49.031027,27.464066,3.1100824e-06,0.27126443,1.6726691,0.55859347,18.413042,2.0362518,0.9077419,5.3588547,38.808193
1984.75,49.598161,6.2543475,2.974421e-06,0.069082164,0.2440258,0.079912453,17.311062,2.036824,0.91433692,1.0532842,28.240662
1984.8333,49.416374,0,2.9859943e-06,0.0013246477,0,0,16.177277,2.0379214,0.9205969,0,25.596552
1984.9167,49.225982,0,3.0201984e-06,4.7127468e-05,0,0,14.916751,2.0389316,0.92621148,0,29.366871
1985,49.341012,0,3.064406e-06,8.5762474e-07,0,0,13.323902,2.0398457,0.9312914,0,25.744133
1985.0833,49.159594,0,3.1764744e-06,7.7410839e-06,0,0,11.547595,2.0406065,0.93554002,0,25.666226
1985.1667,48.981994,0,3.3851925e-06,6.8824594e-07,0,0,9.3971224,2.0412107,0.93919426,0,25.645711
1985.25,48.755139,4.1683,3.9812403e-06,1.1174762e-08,-2.7372329e-07,0,6.8979406,2.0417154,0.94261044,304.86228,33.701442
1985.3333,48.650298,24.949718,5.5573705e-06,7.0975895e-06,0.086394117,0,4.1156626,2.0415654,0.94453591,3.7972638,31.882012
1985.4167,49.103789,25.551928,7.1604718e-06,0.14549146,1.3223859,0.13216116,3.6530194,2.0411918,0.9433648,13.790518,34.546362
1985.5,50.040428,27.307261,7.4444247e-06,0.4990138,3.4353926,0.72846625,3.551029,2.0409577,0.94193488,23.983725,41.946122
1985.5833,51.459726,28.714281,6.8787508e-06,0.44648207,2.5769825,0.66691474,3.8747196,2.0406671,0.94316715,8.4112069,43.496555
1985.6667,52.52691,22.366615,6.2533036e-06,0.27476077,1.4010916,0.35979042,4.2729301,2.0405128,0.94732374,4.2627907,37.97147
1985.75,52.68104,0,5.9699787e-06,0.068638087,0,0,4.5882068,2.0407805,0.95258939,0,27.816223
1985.8333,52.510213,0,5.89617e-06,0.00038053349,0,0,4.816031,2.0411875,0.95747203,0,27.799446
1985.9167,52.352969,0,5.8627347e-06,1.6568909e-05,0,0,4.9520345,2.0415511,0.96184313,0,30.435712
1986,52.406713,0,5.8085184e-06,3.6933617e-11,0,0,4.8796225,2.041878,0.9657715,0,27.735775
1986.0833,52.239042,0,5.8271598e-06,5.2897206e-07,0,0,4.8767061,2.0421484,0.96902412,0,27.561439
1986.1667,52.070078,0,5.9565232e-06,2.7373849e-07,0,0,4.7630959,2.0423744,0.97176057,0,27.420605
1986.25,51.891532,0,6.0466223e-06,3.9059629e-06,0,0,4.6568437,2.0425625,0.9740867,0,27.346755
1986.3333,53.377833,26.446635,6.0599368e-06,4.0524626e-05,0.15895479,0,4.1788211,2.0423262,0.97590744,324.44203,51.936437
1986.4167,54.092173,28.382061,6.3538005e-06,0.37893674,2.2326804,0.25451918,3.6310475,2.0413969,0.9782443,21.909304,39.759739
1986.5,55.371251,30.484227,6.1549608e-06,0.70067605,3.7455308,0.76200793,3.348165,2.04091,0.98939949,18.905233,48.195318
1986.5833,56.839671,31.338301,5.4737316e-06,0.52490809,2.7761109,0.61344888,3.4096746,2.04106,1.0122794,7.3540162,47.772177
1986.6667,58.156159,29.76802,4.8058123e-06,0.31470491,1.6107646,0.35060557,3.6935194,2.0414619,1.0399008,6.3024665,45.313117
1986.75,58.546826,0,4.3934606e-06,0.038837488,0,0,4.1247072,2.0421803,1.0719777,0,31.330633
1986.8333,58.390826,0,4.254453e-06,0.0067623381,0,0,4.6600585,2.0430393,1.1041689,0,31.28726
1986.9167,58.245189,0,4.2648512e-06,0.00025813248,0,0,5.2379251,2.0438147,1.1332271,0,34.560787
1987,58.365442,0,4.2944262e-06,8.1614075e-06,0,0,5.7614732,2.0445263,1.1598879,0,31.353937
1987.0833,58.219917,0,4.3520681e-06,4.5069613e-06,0,0,6.3813176,2.0451388,1.1828386,0,31.119577
1987.1667,58.057077,0,4.4663002e-06,1.086829e-06,0,0,6.9784946,2.0456927,1.2036017,0,30.93964
1987.25,58.094777,7.9374583,4.5594552e-06,2.1994155e-06,0.012221381,0,7.5708666,2.0462005,1.222873,362.38774,40.755641
1987.3333,58.900535,30.010372,4.6728624e-06,0.019639791,0.22946557,5.7214115e-08,7.4532709,2.0465539,1.236829,4.4237702,37.729439
1987.4167,59.60463,31.268753,4.8857942e-06,0.66793084,3.5351565,0.46877383,7.2627563,2.0469699,1.2492508,26.120491,44.850055
1987.5,61.021011,33.30896,4.4413096e-06,0.80609465,3.9029634,0.79171744,7.6946201,2.047662,1.2630546,15.811393,51.810856
1987.5833,62.676691,34.214549,3.8090377e-06,0.66746089,3.3065377,0.6635232,7.959691,2.0485861,1.2786725,7.9633457,53.134201
1987.6667,64.090975,22.01093,3.3693975e-06,0.38513342,1.4524333,0.28144745,8.481164,2.049386,1.2947599,3.7910426,44.453205
1987.75,64.204797,0,3.2317098e-06,0.18189738,0,0,8.9254599,2.0502303,1.3148743,0,34.329263
1987.8333,64.024463,0,3.19827e-06,0.0036099074,0,0,9.368928,2.051085,1.3344482,0,34.170372
1987.9167,63.851982,0,3.2042412e-06,5.3552163e-05,0,0,9.8694706,2.051856,1.3521173,0,38.016131
1988,63.98683,0,3.2105213e-06,0.00018714789,0,0,10.321701,2.0525627,1.3683286,0,33.951935
1988.0833,63.796416,0,3.2781443e-06,1.506349e-05,0,0,10.57047,2.0531707,1.3822838,0,33.884359
1988.1667,63.611917,0,3.3978104e-06,3.9748369e-07,0,0,10.457239,2.0537202,1.394909,0,33.850561
1988.25,63.668981,6.5203956,3.5050089e-06,3.8247618e-06,0.026786803,0,10.308928,2.0542266,1.4066157,396.93525,48.986141
1988.3333,64.936824,32.952387,5.0892272e-06,0.015346344,0.42666586,0.0088640043,6.3119922,2.0543175,1.4116361,7.7937931,42.628873
1988.4167,65.938652,34.682058,5.7773013e-06,0.2450796,4.2456357,0.56334984,5.4820547,2.0541167,1.4114444,30.501685,50.972984
1988.5,67.685269,36.650766,5.3445292e-06,0.3045306,4.7237618,0.85119079,6.0655842,2.054379,1.4117072,12.787359,59.753162
1988.5833,69.65711,37.509054,4.7907679e-06,0.23066275,3.3699935,0.60987451,6.677002,2.0549722,1.4139327,8.7999652,59.747049
1988.6667,71.356617,38.220905,4.3809941e-06,0.15599249,2.1855043,0.38453686,7.0804925,2.0556037,1.4166718,6.8976778,55.74117
1988.75,71.997836,2.4865125,4.2016663e-06,0.02974441,0.16197482,0.026294031,7.2347155,2.0563536,1.4172242,0.36172105,39.34277
1988.8333,71.736649,0,4.2896609e-06,4.0295164e-05,0,0,7.3511667,2.0572433,1.4204612,0,38.262297
1988.9167,70.28506,0,4.5618367e-06,6.328967e-21,0,0,7.4936008,2.0580397,1.4234055,0,41.016099
1989,69.535092,0,4.7623826e-06,8.8760508e-05,0,0,7.3216734,2.058753,1.4261063,0,37.107881
1989.0833,68.007149,0,5.4240413e-06,-9.1685163e-13,0,0,7.0149784,2.0593555,1.4284306,0,36.294717
1989.1667,66.223592,0,5.8577425e-06,-8.0557628e-12,0,0,6.8964639,2.0598791,1.4305325,0,35.434364
1989.25,64.567089,8.576164,6.5182503e-06,-8.0905111e-11,0,0,6.3200483,2.060344,1.4322151,392.22009,40.339282
1989.3333,63.597172,31.841852,7.6039437e-06,1.7200414e-06,0.10593684,0,4.7276731,2.060951,1.4256345,2.1282683,36.577971
1989.4167,63.905612,32.548197,8.5206866e-06,0.099140593,2.1108414,0.079958127,3.5876074,2.0620368,1.4125285,17.388237,43.583822
1989.5,65.15114,34.43465,8.7714052e-06,0.23487779,3.5901038,0.29184033,3.3660014,2.0632601,1.3981872,17.553261,53.01933
1989.5833,66.917524,35.61487,8.196108e-06,0.23480338,3.3265561,0.3083187,3.281374,2.0644197,1.3844714,11.347863,58.105925
1989.6667,68.709306,36.532048,7.7343266e-06,0.17982079,2.4313447,0.22372923,3.2237968,2.0655181,1.3733864,8.0648796,55.358839
1989.75,69.867268,16.724618,7.4550971e-06,0.062670163,0.66775718,0.064445828,3.1929014,2.0665512,1.3633128,2.9221716,44.465358
1989.8333,69.827661,0,7.5593803e-06,5.1878077e-05,0,0,3.167145,2.0675981,1.3546851,0,37.418553
1989.9167,69.656305,0,7.7520344e-06,0.00012445802,0,0,3.200563,2.0685608,1.3470263,0,41.137384
1990,69.786474,0,7.7201203e-06,6.0405771e-09,0,0,3.1270463,2.0694435,1.3399991,0,37.539695
1990.0833,69.622509,0,7.7849681e-06,2.3940548e-07,0,0,3.0499346,2.0702024,1.3339494,0,37.509371
1990.1667,69.4637,0,7.9162419e-06,3.3593555e-07,0,0,2.9581418,2.0708883,1.3284761,0,37.484568
1990.25,69.306158,0,7.9477259e-06,1.2265707e-07,0,0,2.8851101,2.0715344,1.3233501,0,37.47695
1990.3333,70.460379,33.082984,7.9107476e-06,0.0097807718,0.32838207,-4.2616649e-07,2.7306519,2.0721128,1.3159646,419.37508,57.498001
1990.4167,71.563564,36.908865,8.1333192e-06,0.38391109,4.5087491,0.30353597,2.540123,2.0727351,1.300143,27.577842,54.902594
1990.5,73.518939,38.868662,7.6070482e-06,0.48668286,4.8574116,0.45204773,2.5142491,2.073596,1.2811586,15.068115,66.793948
1990.5833,75.98567,40.046368,6.8731438e-06,0.44784111,3.9720945,0.37338248,2.4771152,2.0744312,1.2622713,11.534673,68.606729
1990.6667,78.018039,38.201325,6.2697482e-06,0.29828989,2.3359238,0.21378175,2.5072131,2.0750515,1.2448219,7.5321468,61.206412
1990.75,78.600131,0,5.9214408e-06,0.088532324,0,0,2.5675156,2.0758314,1.2292693,0,42.353655
1990.8333,78.413874,0,5.7702978e-06,0.0041807953,0,0,2.6146595,2.0767004,1.2157707,0,42.292037
1990.9167,78.234844,0,5.754157e-06,8.7489235e-06,0,0,2.6490068,2.0774839,1.2035857,0,46.551008
1991,78.393556,0,5.7963102e-06,2.9348759e-06,0,0,2.6638553,2.0782015,1.1924058,0,42.162283
1991.0833,78.207947,0,5.9884146e-06,4.7977283e-09,0,0,2.642427,2.0788181,1.1827817,0,42.067719
1991.1667,78.014091,0,6.1022356e-06,1.9381024e-09,0,0,2.6181843,2.0793746,1.1740748,0,41.846614
1991.25,78.259237,11.724733,6.1735291e-06,-3.3496292e-09,0.025972635,0,2.5828621,2.0798745,1.1657721,475.95208,60.904679
1991.3333,79.794057,39.538663,6.2616286e-06,0.023963522,0.43759505,0,2.4751649,2.0797827,1.1526682,9.0747095,53.667623
1991.4167,81.013434,41.258764,6.5000008e-06,0.65288638,4.567797,0.29331179,2.3493092,2.0791059,1.1324846,30.807161,64.037867
1991.5,83.370343,43.596458,6.0240618e-06,0.95479973,5.8804126,0.51068282,2.371192,2.0789413,1.1120645,17.558641,75.194117
1991.5833,85.856766,44.761259,5.5098658e-06,0.82071734,4.6134976,0.40791274,2.4289796,2.0792723,1.0936514,11.154399,75.09429
1991.6667,88.103838,45.704499,5.1033803e-06,0.60293116,3.1675503,0.28094151,2.4772825,2.0797458,1.0768144,9.5611408,70.747881
1991.75,89.301519,13.419096,4.813307e-06,0.1543634,0.54325745,0.046187232,2.5193758,2.0802882,1.0598581,2.3065906,53.810675
1991.8333,89.175425,0,4.734341e-06,0.0018008498,0,0,2.535213,2.0810726,1.040538,0,48.289511
1991.9167,88.985533,0,4.7074695e-06,3.5180133e-05,0,0,2.5454714,2.0818002,1.0227276,0,52.273599
1992,89.110456,0,5.0165195e-06,0.00027149369,0,0,2.5540669,2.0824666,1.0062579,0,47.908034
1992.0833,88.896275,0,5.0905182e-06,3.2882464e-05,0,0,2.5318809,2.0830393,0.99198169,0,47.81227
1992.1667,88.684268,0,5.1901188e-06,2.3660364e-05,0,0,2.5002058,2.0835562,0.97902393,0,47.756877
1992.25,88.582836,7.2747013,5.2542105e-06,0.0036554517,0.03008054,0,2.4460509,2.0840354,0.96683657,531.1925,56.295998
1992.3333,89.583896,44.133805,5.5353189e-06,0.23003637,1.3941158,0.028022165,2.3118014,2.0844562,0.95656294,14.602745,60.01613
1992.4167,90.983652,46.557643,5.5968767e-06,1.6825844,6.310678,0.53479333,2.1676559,2.0852273,0.94371217,30.959782,72.274796
1992.5,93.487725,48.321642,4.824195e-06,2.20099,6.5082658,0.90402686,2.1004879,2.08619,0.93090248,14.144396,84.425386
1992.5833,96.247688,49.500734,4.3200434e-06,1.668073,4.5779713,0.76355084,2.1027961,2.0874472,0.92938137,12.134549,82.091626
1992.6667,98.252691,31.896442,4.3931486e-06,1.0395938,2.0624032,0.35173989,2.1971259,2.088609,0.95086515,6.2959695,69.100034
1992.75,98.485693,0,4.1088438e-06,0.2577333,0,0,2.2215979,2.0866222,0.99522758,0,54.55309
1992.8333,98.333299,0,3.9084389e-06,0.006481946,0,0,2.2329943,2.0825973,1.0497752,0,53.904745
1992.9167,98.160431,0,3.8149456e-06,4.6635035e-06,0,0,2.2356958,2.0787392,1.1000928,0,58.52699
1993,98.363839,0,3.9361275e-06,0.013006001,0,0,2.2151351,2.0751636,1.146278,0,53.69203
1993.0833,98.153844,0,4.1850749e-06,0.014428143,0,0,2.180938,2.0721164,1.1900384,0,53.593012
1993.1667,97.977772,0,4.2527054e-06,0.012114044,0,0,2.1376202,2.0693848,1.2321328,0,53.537305
1993.25,98.38365,21.194829,4.3567611e-06,0.030266211,0.21467482,0,2.0725803,2.0667863,1.2712481,598.73629,72.372346
1993.3333,99.91461,50.349064,4.6253153e-06,0.79819686,2.2612638,0.10203793,1.9859961,2.0638022,1.302122,24.950508,71.10655
1993.4167,102.05627,52.204791,4.639222e-06,3.4264832,6.8883902,1.1431923,1.9405901,2.0595572,1.331398,15.663744,88.819566
1993.5,105.07223,53.537078,4.4052708e-06,3.3325131,6.5126191,1.2829059,1.9437056,2.0546815,1.3621311,16.005761,95.863727
1993.5833,108.17108,54.937158,4.2057363e-06,2.4339379,4.7518515,0.94011872,1.9463844,2.0492215,1.3939955,14.225557,92.696192
1993.6667,110.68922,44.794485,4.0371228e-06,1.5989998,2.6966655,0.51952779,1.949851,2.0432532,1.422495,8.9799811,83.104117
1993.75,111.31883,0,3.9298229e-06,0.67729195,0,0,1.9549031,2.0378008,1.4513639,0,61.918276
1993.8333,111.19165,0,3.8906255e-06,0.1041509,0,0,1.9605246,2.0329473,1.4800299,0,61.652626
1993.9167,111.07436,0,3.8656913e-06,1.890554e-06,0,0,1.9658456,2.0285089,1.5062354,0,67.273956
1994,111.39295,0,3.7954903e-06,0.00045877769,0,0,1.9722099,2.0244367,1.530436,0,61.623097
1994.0833,111.24812,0,3.7574937e-06,0.012715059,0,0,1.9830436,2.0209379,1.5513693,0,61.576454
1994.1667,111.08657,0,3.7301813e-06,0.0037578282,0,0,1.9988638,2.0177722,1.5702962,0,61.51902
1994.25,111.33451,11.240374,3.6424578e-06,0.013635849,0.030438417,0,2.0248425,2.0147822,1.5879521,684.23468,87.116625
1994.3333,113.8098,56.732677,3.4936377e-06,0.49725618,0.90146632,0.11237619,2.0668266,2.0111418,1.600619,10.384458,80.98578
1994.4167,115.79783,58.102123,3.2812347e-06,3.2779599,6.32873,1.3307596,2.1396656,2.0072834,1.6106787,18.357284,92.287756
1994.5,118.63285,59.650548,3.0080803e-06,3.1807791,6.1504054,1.2796523,2.2674398,2.0036469,1.6207607,17.995771,103.4979
1994.5833,122.14907,61.344638,2.7248052e-06,1.8278845,3.6734947,0.74800919,2.4636226,1.9998541,1.6300453,17.013591,104.6762
1994.6667,124.93864,62.67225,2.4477995e-06,1.589834,3.2492035,0.64029009,2.7511046,1.9959764,1.6385355,12.815473,97.674337
1994.75,126.08589,2.0401264,2.159695e-06,0.32463884,0.16258238,0.031663739,3.2289436,1.9926381,1.6481068,0.34218652,71.046407
1994.8333,125.93445,0,1.9454817e-06,0.013490782,0,0,4.0520048,1.9901267,1.6595846,0,69.871909
1994.9167,125.6361,0,2.0536474e-06,6.9095959e-06,0,0,4.9845123,1.9879239,1.6703687,0,74.604683
1995,125.73133,0,2.1395992e-06,0.00026796212,0,0,6.0772848,1.9862407,1.6818417,0,69.369738
1995.0833,125.40452,0,2.2677302e-06,8.0428119e-06,0,0,7.1182022,1.9850367,1.6931263,0,69.248478
1995.1667,124.92994,0,2.3857717e-06,4.501104e-06,0,0,8.1894064,1.9842777,1.7052346,0,69.067613
1995.25,124.89296,10.389951,2.4810167e-06,0.0013443902,0.016915583,0,9.2851763,1.983942,1.7188112,758.89397,90.037444
1995.3333,127.09139,62.809989,2.5247277e-06,0.16081736,0.51721052,0.029480628,10.11481,1.9832102,1.7284263,9.0679496,89.46546
1995.4167,129.05043,63.982263,2.5323959e-06,2.2003607,6.0236105,1.3064619,10.274309,1.9825488,1.7355943,17.409824,100.0252
1995.5,131.99,65.587886,2.2999661e-06,2.5580349,6.9040112,1.5981836,11.216464,1.9824146,1.7422823,19.316707,112.5128
1995.5833,135.42154,67.246988,2.0261327e-06,2.010882,5.5424631,1.2745798,12.598498,1.9824741,1.7485344,16.72316,112.20865
1995.6667,138.52262,68.702593,1.8747318e-06,1.3880714,3.9733567,0.87828826,13.759022,1.9824668,1.7539961,15.523642,110.97223
1995.75,140.78887,29.214196,1.8095747e-06,0.39598933,1.0500161,0.22067662,14.765218,1.9824129,1.7594532,5.39696,90.067555
1995.8333,140.86792,0,1.8117678e-06,0.039087092,0,0,15.783277,1.9828497,1.7675412,0,78.533974
1995.9167,140.74348,0,1.8153445e-06,5.7520385e-07,0,0,16.996393,1.9832075,1.7753152,0,84.390787
1996,140.84741,0,1.8245179e-06,4.7847196e-06,0,0,18.184681,1.9835109,1.782487,0,78.055556
1996.0833,139.63494,0,1.9074648e-06,0.00022704423,0,0,19.408581,1.9840636,1.7888473,0,77.328273
1996.1667,139.35681,0,1.9876159e-06,0.0076657578,0,0,20.646715,1.9850072,1.7949073,0,77.218489
1996.25,139.17603,6.8439972,2.0273371e-06,0.013237518,0.0098990752,0,22.167938,1.9859279,1.8006091,832.58739,80.965893
1996.3333,139.83716,68.701297,2.0742505e-06,0.50184933,2.158365,0.25904111,23.476938,1.9864093,1.8034815,7.8176074,91.115414
1996.4167,141.87938,69.888219,1.9867962e-06,2.2286792,7.3494862,1.7478071,25.045673,1.9885087,1.8051841,16.766972,110.26435
1996.5,145.11751,71.508981,1.7478347e-06,2.2638142,7.4674568,1.8155047,28.226076,1.9915174,1.8073083,19.096859,121.93547
1996.5833,148.50338,73.05596,1.5664914e-06,1.5960122,5.5659076,1.3068819,31.597574,1.9941053,1.8098505,17.210902,121.63489
1996.6667,151.28121,42.029422,1.4544834e-06,1.0312631,2.897147,0.65252379,34.709373,1.9965909,1.812994,8.4024644,103.77801
1996.75,151.57893,0,1.4279e-06,0.30789986,0,0,37.584682,1.999521,1.8188207,0,84.778538
1996.8333,151.44013,0,1.4351306e-06,0.02379094,0,0,40.55711,2.0022836,1.8247622,0,84.540211
1996.9167,151.30049,0,1.455214e-06,2.9269219e-19,0,0,43.898094,2.0047681,1.8301728,0,88.703466
1997,151.44013,0,1.5175531e-06,0.00036431137,0,0,46.780209,2.0070403,1.8351725,0,84.22023
1997.0833,151.21588,0,1.5741533e-06,0.001181232,0,0,49.644318,2.0089912,1.839486,0,84.120809
1997.1667,151.00534,0,1.6183265e-06,0.00065761231,0,0,52.629887,2.010735,1.843372,0,83.995467
1997.25,150.92415,19.656116,1.7837471e-06,0.010402422,0.060595425,0,50.83815,2.0123436,1.8468857,897.12558,91.565935
1997.3333,151.78064,74.037135,1.9343197e-06,0.34918522,1.7651624,0.33526648,47.964287,2.0142622,1.8480287,6.8383452,97.159108
1997.4167,153.32299,74.936472,1.8445971e-06,1.7687296,8.5018602,2.0700139,50.357525,2.0172319,1.8491414,10.681638,103.31238
1997.5,154.72719,75.707205,1.6281125e-06,1.6431951,7.9102251,1.9621777,55.497265,2.0211203,1.851182,6.0492912,99.703506
1997.5833,155.83336,76.197028,1.446193e-06,1.1516004,5.7022495,1.3977108,60.672218,2.0255873,1.8539915,3.6596124,96.302637
1997.6667,156.63676,76.561324,1.3406618e-06,0.79056789,3.9847088,0.94969838,64.53688,2.0297041,1.8572397,3.1746495,95.074501
1997.75,157.12868,22.291344,1.2870387e-06,0.2241947,0.8156133,0.18707413,67.903915,2.0338278,1.8613913,0.85811141,89.374751
1997.8333,156.90282,0,1.2998654e-06,0.0094003899,0,0,71.840927,2.0381303,1.8671004,0,84.933473
1997.9167,156.45814,0,1.3329653e-06,8.7912864e-20,0,0,75.240463,2.0419588,1.8723953,0,88.110986
1998,156.22114,0,1.41356e-06,4.9007127e-08,0,0,76.432724,2.0452383,1.8772962,0,80.252495
1998.0833,155.2441,0,1.4769945e-06,0.00020128211,0,0,78.429619,2.0477257,1.8815728,0,74.926891
1998.1667,153.84099,0,1.5833633e-06,8.3594019e-05,0,0,78.559708,2.0497499,1.8854779,0,67.361703
1998.25,152.40972,6.6192271,1.9753327e-06,3.9178028e-08,0.0024831328,0,41.347782,2.0512116,1.8890855,805.24761,96.917133
1998.3333,153.15278,66.247627,2.0624407e-06,0.0001327968,0.1976464,0,36.036514,2.0516818,1.888238,0.14452364,69.499717
1998.4167,151.84157,67.294136,2.1227474e-06,0.44479912,4.6560363,0.9282593,37.357513,2.0532603,1.8794415,35.145862,68.271097
1998.5,150.70108,72.104238,1.9302136e-06,0.84380531,8.4473745,2.0285594,39.417103,2.0563836,1.8669068,61.527703,71.704338
1998.5833,149.9798,75.670987,1.7451171e-06,0.48962222,5.0647388,1.224155,42.963207,2.0609262,1.8540111,22.946386,75.406548
1998.6667,149.53807,77.148072,1.5991968e-06,0.4249435,4.424495,1.0313296,45.431412,2.065918,1.8419714,10.188847,78.578117
1998.75,148.73192,12.501057,1.5313564e-06,0.18256961,0.6404715,0.14811129,47.659233,2.0711763,1.8304876,0.90334214,68.190598
1998.8333,147.22215,0,1.5791762e-06,0.028020868,0,0,50.650436,2.0762324,1.8198467,0,65.823444
1998.9167,145.78602,0,1.6650944e-06,0.00014993831,0,0,53.129467,2.0807827,1.8102471,0,69.281263
1999,144.64228,0,1.7441027e-06,7.5644653e-08,0,0,54.350285,2.0849063,1.8014425,0,66.512221
1999.0833,143.44253,0,1.915912e-06,2.0657149e-09,0,0,51.923019,2.0883703,1.793862,0,67.230394
1999.1667,142.35833,0,2.1163717e-06,2.6123472e-12,0,0,38.34763,2.0913799,1.7870017,0,72.89455
1999.25,143.0968,17.974317,2.368477e-06,0,0.042109845,0,11.468433,2.093679,1.7804755,819.94839,131.87847
1999.3333,145.96796,67.502812,2.442079e-06,0.0014164567,0.69066388,0,10.732227,2.096,1.7679266,2.8685193,72.63661
1999.4167,145.77115,68.830401,2.7887595e-06,0.24523705,5.4160028,0.4813204,10.549539,2.0995548,1.7434008,39.319092,83.569938
1999.5,146.2149,73.811211,3.1252328e-06,0.35992905,8.2562769,1.114935,11.001186,2.1041353,1.7132319,54.048161,86.704667
1999.5833,146.60722,77.083983,3.1077923e-06,0.27799266,6.6255218,1.0918262,11.049973,2.1093605,1.6824986,34.670651,87.392666
1999.6667,147.00893,79.503641,2.8351192e-06,0.18428815,4.4516381,0.73303849,10.789685,2.1145024,1.6538459,18.07598,85.659909
1999.75,146.48911,0,2.7483179e-06,0.061032465,0.083201273,0.012424795,10.527753,2.1192708,1.6259115,0,68.732737
1999.8333,145.28476,0,2.8156753e-06,4.161617e-05,0,0,10.334673,2.1235309,1.5991666,0,68.645718
1999.9167,141.98339,0,2.9656082e-06,0,0,0,10.124077,2.1271718,1.5750275,0,69.718255
2000,137.39826,0,3.2194685e-06,0,0,0,9.728014,2.1297364,1.5528804,0,66.008776
2000.0833,133.08163,0,3.5345993e-06,0,0,0,9.2237644,2.1311464,1.5338157,0,64.465791
2000.1667,129.58334,0,3.7208963e-06,0,0,0,8.8115263,2.1316919,1.5165684,0,63.216157
2000.25,127.90379,12.70141,3.8323765e-06,0,-0.0013222703,0,8.2420568,2.131726,1.5004337,775.07461,152.44152
2000.3333,131.53774,63.604236,3.8744884e-06,0.00020979734,0.28430212,4.6793711e-08,6.5040002,2.131253,1.4830714,10.183138,81.710381
2000.4167,132.09167,65.922223,4.0814411e-06,0.25587369,5.7425317,0.41023543,5.4360967,2.1300564,1.4575053,57.648795,89.147768
2000.5,133.23854,71.777634,4.138391e-06,0.35904183,7.76943,0.77350775,4.8388839,2.1291614,1.4279059,62.145889,92.942515
2000.5833,134.58546,75.409129,3.973526e-06,0.27558195,5.9664188,0.71896056,4.2057076,2.1288958,1.3984243,20.64568,92.380342
2000.6667,135.81011,76.568522,3.8189905e-06,0.19401189,4.0771862,0.5268515,3.5699885,2.1288247,1.3711491,10.497649,91.036504
2000.75,136.13167,9.9488189,3.7800075e-06,0.054322278,0.46409105,0.06113742,3.4587188,2.1283026,1.3446454,1.3279361,69.535289
2000.8333,135.23136,0,3.8299549e-06,1.2597891e-07,0,0,3.4744465,2.1273322,1.3188909,0,66.049964
2000.9167,134.35684,0,3.8558087e-06,0,0,0,3.4394894,2.1264386,1.2956166,0,68.170662
2001,133.66555,0,3.8485296e-06,0,0,0,3.3189218,2.125613,1.2742622,0,65.758468
2001.0833,132.86202,0,3.9301462e-06,0,0,0,3.2403729,2.1248794,1.2558793,0,65.73048
2001.1667,132.09233,0,4.104968e-06,0,0,0,3.1478953,2.124191,1.2392483,0,65.684558
2001.25,133.7453,18.547526,4.2763131e-06,0,0.011657454,0,3.0306489,2.1235447,1.223966,847.396,179.34395
2001.3333,140.59791,70.255071,4.3916834e-06,0,0.15586857,0,2.8338892,2.1233137,1.2127403,11.816568,89.013813
2001.4167,139.84293,71.474336,4.9093273e-06,0.07456968,1.7107198,0.064487646,2.6751785,2.1228867,1.1942786,28.25178,89.20647
2001.5,141.62154,76.752312,5.381406e-06,0.41851004,7.4685747,0.53822074,2.5728779,2.1220076,1.1680261,77.623886,107.80214
2001.5833,143.34552,82.662813,5.1800548e-06,0.37484815,6.2341131,0.58334086,2.6396127,2.121644,1.1378026,56.59653,104.86355
2001.6667,145.03796,85.594833,4.7575281e-06,0.28183837,4.4612332,0.42192096,2.8452539,2.1215742,1.1068064,17.106244,101.4571
2001.75,145.54794,19.51164,4.5482707e-06,0.08458864,0.6276009,0.058724417,2.9504092,2.1216278,1.0762912,3.0358322,72.816557
2001.8333,142.50173,0,4.7448634e-06,0,0,0,2.8862116,2.1216235,1.0491936,0,64.645717
2001.9167,137.49591,0,5.163557e-06,0,0,0,2.7992535,2.1203697,1.0247853,0,65.882985
2002,132.88112,0,5.6609647e-06,-3.4412107e-13,0,0,2.7190049,2.117703,1.0023906,0,61.644713
2002.0833,128.49006,0,6.0487355e-06,0,0,0,2.642998,2.1140492,0.98311239,0,60.165583
2002.1667,124.30561,0,6.423772e-06,0,0,0,2.5625625,2.1094439,0.96567172,0,58.736337
2002.25,122.33701,12.922483,6.7295923e-06,0,-5.682651e-06,0,2.4734819,2.1038387,0.9492709,788.08059,190.5001
2002.3333,127.32172,64.063258,6.6428797e-06,0.015619296,0.15371388,0.002987196,2.3244917,2.0963762,0.9285211,7.2324633,70.994666
2002.4167,126.53419,67.656487,6.850069e-06,0.51674659,6.3187061,0.21368518,2.2315905,2.0875413,0.89816058,96.082272,88.243241
2002.5,128.26942,75.571954,6.6700122e-06,0.69398812,7.6311728,0.34276991,2.1799438,2.0797276,0.86333132,74.034253,106.22216
2002.5833,131.35068,79.340674,6.3075472e-06,0.57607782,6.0434797,0.27731252,2.1577148,2.0730755,0.82759261,18.494933,106.56577
2002.6667,133.45465,80.609418,5.9621925e-06,0.40632514,4.0213926,0.17680752,2.1828527,2.0681312,0.7939986,14.095737,99.534903
2002.75,134.24455,20.971809,5.729828e-06,0.24256343,0.85262265,0.033226175,2.2036593,2.0631471,0.76278973,3.0969811,69.060281
2002.8333,132.96787,0,5.7004827e-06,0.036399394,0,0,2.1984694,2.0580037,0.7352736,0,59.813544
2002.9167,131.67538,0,5.7119923e-06,0.003140083,0,0,2.1967213,2.053297,0.71048754,0,63.241036
2003,130.50377,0,5.6668018e-06,0.00032925063,0,0,2.1842926,2.0489144,0.68774724,0,59.818565
2003.0833,129.34348,0,5.6033246e-06,7.3311911e-05,0,0,2.1724679,2.0450621,0.6681717,0,59.77335
2003.1667,128.19371,0,5.5305827e-06,7.8366267e-06,0,0,2.1587167,2.041543,0.65046263,0,59.652293
2003.25,125.41884,6.5027406,5.6164358e-06,4.1935494e-05,0.026950949,0,2.135118,2.0378804,0.63387144,791.30511,105.94845
2003.3333,127.60137,65.646499,5.6061845e-06,0.082709676,0.81798599,0.0031188738,2.0950587,2.0343153,0.61622113,14.788287,73.690765
2003.4167,127.97591,71.418889,5.4767934e-06,1.0199449,7.7853517,0.23558623,2.0946913,2.0315995,0.59470052,133.52157,85.872025
2003.5,129.5563,79.768322,4.9634759e-06,0.98151828,7.0821031,0.2779379,2.216284,2.0294015,0.57273138,49.990786,97.61934
2003.5833,131.93688,81.977993,4.5701763e-06,0.8311993,5.9746924,0.23759329,2.398751,2.0270839,0.55247283,18.234869,103.78753
2003.6667,134.24677,69.10523,4.2073698e-06,0.56825091,3.7906356,0.14270394,2.6310449,2.0254104,0.53524899,12.326857,102.48299
2003.75,134.40241,0,4.0025407e-06,0.33538221,0,0,2.8597405,2.0238225,0.52030236,0,60.570363
2003.8333,133.07883,0,3.9740271e-06,0.048862733,0,0,3.0697887,2.0223222,0.50685912,0,60.373743
2003.9167,131.88326,0,4.0258424e-06,4.9542858e-06,0,0,3.2513418,2.0187953,0.49471152,0,65.172116
2004,131.015,0,4.0793352e-06,0,0,0,3.3637261,2.0133545,0.48356381,0,60.506845
2004.0833,129.91156,0,4.174849e-06,0,0,0,3.3490987,2.0086427,0.47396874,0,60.405681
2004.1667,128.84504,0,4.2408747e-06,0,0,0,3.3419676,2.0043516,0.46528834,0,60.22142
2004.25,128.27371,6.8437387,4.2676211e-06,1.2659873e-05,0.021459086,0,3.3247335,2.0003109,0.45715773,832.88742,121.64654
2004.3333,132.2515,68.927765,4.2755291e-06,0.033330087,0.58787143,0.00031491306,3.1827059,1.9977285,0.44880241,12.817797,76.632332
2004.4167,132.91422,75.294159,4.2664196e-06,1.0781028,8.0018062,0.21627346,3.0906363,1.9960506,0.43868604,141.80471,92.3009
2004.5,135.2337,84.087446,3.9465131e-06,1.2185992,8.7252825,0.3592181,3.1906884,1.9949291,0.4294357,60.683851,113.54165
2004.5833,138.62391,86.488813,3.6647305e-06,0.91842739,6.6469073,0.28572177,3.3143618,1.9942055,0.42321596,22.831806,123.17701
2004.6667,141.43679,67.119487,3.5207913e-06,0.54455617,3.7711808,0.15258528,3.3992934,1.993638,0.41978472,12.354791,100.26707
2004.75,141.10678,0,3.4250099e-06,0.24640345,0,0,3.5174704,1.991989,0.41740164,0,63.706612
2004.8333,139.74246,0,3.3801471e-06,0.0043575819,0,0,3.6372576,1.9899768,0.41523278,0,63.599489
2004.9167,138.44182,0,3.3591264e-06,7.3019942e-20,0,0,3.7530406,1.9881412,0.41326877,0,65.686554
2005,137.34087,0,3.3883814e-06,2.2181916e-06,0,0,3.7807279,1.9864576,0.41146243,0,63.142071
2005.0833,136.16376,0,3.4393329e-06,0,0,0,3.750613,1.9851311,0.40990701,0,63.106989
2005.1667,135.03687,0,3.4581215e-06,0,0,0,3.6890242,1.9839512,0.40849975,0,63.061929
2005.25,135.53359,22.010578,3.4938987e-06,0,0.15342634,0,3.4411948,1.9828944,0.40717918,894.34636,136.6503
2005.3333,139.1919,74.372947,3.5511232e-06,0.059792739,1.2917575,0.00080680919,3.0050678,1.9831052,0.40538195,29.090569,84.017321
2005.4167,139.8773,80.834426,3.5665339e-06,1.0818578,7.8731886,0.25434233,2.9065402,1.9837157,0.40311551,130.3645,94.813038
2005.5,141.79409,88.960826,3.3470351e-06,1.2497458,8.8474657,0.37698359,3.0322638,1.9845797,0.4031094,47.266723,111.77141
2005.5833,144.98413,90.614088,3.0984572e-06,1.0184656,7.0611412,0.31219229,3.3155482,1.985611,0.40644065,27.568254,140.68288
2005.6667,149.72119,91.685005,2.8815721e-06,0.57133073,4.0157815,0.17724909,3.6267078,1.9864517,0.41178641,33.504706,151.97094
2005.75,151.43412,11.906578,2.7844394e-06,0.15106862,0.5203045,0.02077974,3.9895878,1.9864306,0.41793486,2.0343927,85.327218
2005.8333,150.96226,0,2.769164e-06,0.00048626222,0,0,4.4128237,1.9854681,0.42341679,0,79.819964
2005.9167,150.47562,0,2.7885042e-06,1.5696725e-05,0,0,4.9094844,1.9845207,0.42836896,0,82.778814
2006,150.23507,0,2.8370073e-06,8.1333892e-09,0,0,5.4239235,1.9836155,0.43291762,0,79.575861
2006.0833,149.02979,0,2.97875e-06,0.0024481997,0,0,5.8259459,1.9830345,0.43683639,0,78.742701
2006.1667,148.32392,0,3.0417077e-06,1.1427338e-06,0,0,6.3409524,1.9827954,0.44038141,0,73.951695
2006.25,147.80055,20.835886,3.0975568e-06,0,0.13138856,0,6.8500705,1.982603,0.4437429,952.05128,88.617008
2006.3333,147.75963,79.726502,3.1993097e-06,0.057429482,1.2041216,0.0024631457,7.2113495,1.9833887,0.44715032,45.196467,76.7472
2006.4167,149.52429,88.327192,3.317379e-06,1.00924,7.4673512,0.23980932,7.6323547,1.9845392,0.4511466,119.16206,128.06968
2006.5,153.5385,93.610004,3.1670018e-06,1.1790426,8.010466,0.42422783,8.6369181,1.9851252,0.45754752,33.189402,136.64458
2006.5833,157.89549,95.830873,2.9384637e-06,1.0102291,6.7141494,0.37254837,9.9571609,1.9807914,0.46646738,21.300071,132.40728
2006.6667,161.1535,97.608857,2.7715982e-06,0.65061814,4.2859846,0.24437307,11.210304,1.9761266,0.47641411,17.754279,124.38627
2006.75,163.58082,41.424781,2.6884802e-06,0.27827043,1.1071731,0.055731722,11.966763,1.9730389,0.4866862,7.7975096,106.14087
2006.8333,163.60925,0,2.6776172e-06,0.0086878694,0,0,12.63598,1.9747751,0.49610323,0,90.287801
2006.9167,163.36861,0,2.6794739e-06,6.1252043e-20,0,0,13.218801,1.9768798,0.50457948,0,93.435659
2007,163.39834,0,2.7184135e-06,7.2147881e-06,0,0,12.684308,1.9787952,0.51236248,0,89.072626
2007.0833,162.84887,0,2.7621184e-06,0,0,0,12.192098,1.9805933,0.51907265,0,83.326772
2007.1667,162.071,0,2.8151755e-06,1.8214906e-06,0,0,11.685946,1.9821982,0.52515626,0,82.581808
2007.25,159.54985,14.306692,3.128999e-06,0,0.090939413,0,7.1900463,1.9836242,0.53095406,1045.9837,98.91442
2007.3333,158.75615,86.878285,3.4262166e-06,0.038512137,1.017324,0.00012291397,2.9819207,1.9814678,0.53650206,29.771398,90.782492
2007.4167,160.53703,93.130372,3.3852846e-06,0.88291967,7.3709914,0.34423945,2.8814843,1.9772501,0.54120648,95.802792,129.36179
2007.5,164.48124,98.53027,3.1811653e-06,1.1540456,9.2990381,0.57454758,2.8724818,1.9737281,0.54723644,33.668314,139.89209
2007.5833,170.26548,101.27801,2.9882874e-06,0.9813823,7.7464643,0.48420255,2.7589638,1.9708407,0.5557285,40.878557,184.95307
2007.6667,176.0636,104.10126,2.8683844e-06,0.67058799,5.2326981,0.32086147,2.6500342,1.9686018,0.56544924,16.014962,133.0185
2007.75,177.82818,23.693249,2.8044219e-06,0.16905782,0.7780793,0.04364468,2.6133049,1.9680885,0.57613653,2.5804029,104.98056
2007.8333,177.73443,0,2.7822771e-06,0.0075622494,0,0,2.6221128,1.9708741,0.58741856,0,99.257818
2007.9167,177.59302,0,2.7748931e-06,0.0019876478,0,0,2.6320205,1.9734763,0.59766108,0,103.47613
2008,177.77647,0,2.8153115e-06,0.00075785108,0,0,2.6109421,1.9758936,0.60706097,0,98.667158
2008.0833,177.58615,0,2.8396573e-06,0.00026496712,0,0,2.606704,1.978084,0.61515647,0,98.599704
2008.1667,177.39983,0,2.8557627e-06,3.0609115e-05,0,0,2.6029937,1.9799944,0.62248081,0,98.541248
2008.25,177.35505,32.047298,2.8729507e-06,0.00033987567,0.15068421,0,2.5871284,1.9814842,0.62920493,1170.3177,103.67533
2008.3333,177.73737,97.059332,2.8984023e-06,0.088578194,1.2212503,0.0014090761,2.5469337,1.9793437,0.63256401,21.330337,103.75967
2008.4167,179.2307,101.88463,2.8945985e-06,0.9673821,7.3870083,0.36872045,2.5111513,1.976433,0.6337505,76.857039,130.76957
2008.5,182.65414,106.7997,2.7524363e-06,1.1612409,8.383342,0.55796137,2.5381858,1.9740589,0.63541198,38.068733,144.60922
2008.5833,186.08333,108.88494,2.6404673e-06,1.0306501,7.2333635,0.48428581,2.5671933,1.9720565,0.63857508,16.315284,138.25497
2008.6667,188.81284,102.89882,2.5357815e-06,0.70657226,4.7951775,0.31610435,2.5964136,1.970385,0.64288968,11.118332,128.9313
2008.75,189.5964,0,2.4730134e-06,0.1002718,0,0,2.6206045,1.9713216,0.64914256,0,105.28413
2008.8333,189.38243,0,2.4687699e-06,0.0062521864,0,0,2.6296248,1.9739952,0.65598369,0,104.96745
2008.9167,189.16197,0,2.4697968e-06,0.00050221272,0,0,2.6398137,1.976371,0.66217089,0,107.77056
2009,189.1751,0,2.5117497e-06,0.00045498467,0,0,2.6373751,1.9785309,0.66785258,0,104.57429
2009.0833,189.13224,0,2.5762458e-06,5.6166985e-05,0,0,2.6177144,1.9805216,0.67219931,0,108.34577
2009.1667,189.00977,0,2.6108462e-06,0,0,0,2.6024768,1.9824758,0.67446077,0,104.77256
2009.25,188.9374,27.026888,2.6536611e-06,0,0.15131105,0,2.586503,1.9840704,0.67645019,1234.2179,113.03962
2009.3333,189.56088,103.93999,2.7100893e-06,0.073188586,1.805356,0.0014299201,2.5645642,1.9825047,0.67654759,60.624688,110.52409
2009.4167,191.75711,109.34247,2.7147858e-06,1.2140542,8.6332342,0.47473976,2.5532551,1.9800283,0.6743623,49.971274,146.53565
2009.5,194.74301,112.17027,2.5970041e-06,1.4735855,9.7882259,0.69833445,2.59484,1.9780564,0.67224979,19.926521,135.01146
2009.5833,197.0246,113.7467,2.4985322e-06,1.0786151,7.189927,0.51027515,2.6306233,1.9764236,0.67106956,11.920238,129.97801
2009.6667,198.90283,111.09076,2.4060512e-06,0.76550245,5.0268315,0.35089361,2.6661987,1.9750153,0.67071736,9.7004036,128.88947
2009.75,199.57982,0,2.3415566e-06,0.34982783,0,0,2.6959288,1.9757015,0.67082745,0,110.48356
2009.8333,199.32522,0,2.3245843e-06,0.0021618446,0,0,2.708781,1.9780161,0.67102522,0,110.02467
2009.9167,199.06683,0,2.3142838e-06,0.00052010185,0,0,2.7207973,1.9800606,0.67122626,0,113.96083
2010,199.13389,0,2.2620206e-06,6.6341901e-05,0,0,2.753917,1.9819101,0.67141962,0,110.00003
2010.0833,198.88474,0,2.2542317e-06,0.0069661103,0,0,2.7806745,1.9834847,0.67158926,0,109.92939
2010.1667,198.641,0,2.2939696e-06,0.004895686,0,0,2.7860794,1.9848943,0.67174405,0,109.85831
2010.25,198.5912,14.815064,2.3144394e-06,0.015502513,0.093009466,0,2.7949302,1.9861739,0.67188346,1352.045,128.10355
2010.3333,200.42954,112.12585,2.3317743e-06,0.35961288,3.6607371,0.047391448,2.7675812,1.9851081,0.6703189,24.318032,123.97804
2010.4167,201.98058,114.43828,2.2513009e-06,1.5475485,9.3362821,0.60867316,2.8020144,1.9831862,0.66544884,19.706355,132.60847
2010.5,204.00317,115.98817,2.1420885e-06,1.4796422,9.0173963,0.67335419,2.8570545,1.9818325,0.65970528,12.032456,134.3816
2010.5833,205.80812,117.08065,2.0820748e-06,1.1568191,7.2926849,0.55032971,2.8934276,1.9806422,0.65389264,9.8188702,133.48706
2010.6667,207.44997,114.10224,2.0132006e-06,0.78099199,5.0031766,0.36947349,2.9468985,1.9794844,0.64810246,8.6315181,131.92997
2010.75,207.98983,0,1.9541826e-06,0.26977988,0,0,2.9876447,1.9801948,0.64226073,0,114.69283
2010.8333,207.70538,0,1.9432373e-06,0.015783179,0,0,2.9940815,1.9823493,0.63695097,0,114.61696
2010.9167,207.44127,0,1.938985e-06,3.6743982e-05,0,0,3.0030029,1.9842513,0.63219583,0,119.40679
2011,207.54908,0,1.9479005e-06,9.3217137e-05,0,0,3.0016394,1.9859694,0.62784749,0,114.08641
2011.0833,207.21819,0,1.9982826e-06,0.00010947232,0,0,2.9862466,1.9874288,0.62410945,0,113.57162
2011.1667,206.88845,0,2.0257253e-06,0,0,0,2.9838512,1.9887317,0.62072963,0,113.38056
2011.25,206.80216,30.332547,2.044424e-06,0,0.12605954,0,2.9691043,1.9898326,0.61752421,1383.7816,126.48641
2011.3333,207.69422,114.04495,2.0685225e-06,0.047165903,1.1595668,2.3953895e-05,2.9214234,1.9888097,0.61191791,7.5808511,118.62353
2011.4167,208.39101,115.58612,2.095124e-06,1.1509464,7.3255579,0.38389202,2.8653333,1.9875937,0.60187763,22.239583,128.94573
2011.5,209.83231,117.21277,2.0128593e-06,1.3078997,8.2445629,0.62761624,2.9037929,1.9870104,0.58973271,12.094077,132.95141
2011.5833,211.07341,118.21731,1.9469389e-06,1.1248606,7.0211094,0.53738928,2.9478631,1.9867462,0.57628721,9.4150646,130.11856
2011.6667,212.16106,119.09805,1.8753385e-06,0.81801714,5.1508401,0.38644788,3.0056021,1.986526,0.56225061,8.434524,130.06589
2011.75,212.56447,3.8561204,1.8171656e-06,0.32877056,0.242479,0.017336105,3.0507982,1.9874532,0.54792279,0.36084731,117.36215
2011.8333,212.2,0,1.8057664e-06,0.007091039,0,0,3.0594358,1.9896692,0.53474259,0,115.65153
2011.9167,211.79253,0,1.8024508e-06,0.00014941807,0,0,3.0690427,1.9915997,0.52289015,0,120.74877
2012,211.82263,0,1.8798327e-06,8.5653994e-06,0,0,3.0230451,1.9936653,0.51203412,0,115.40886
2012.0833,211.42872,0,1.978816e-06,8.885182e-06,0,0,2.9680295,1.9956797,0.50269628,0,115.24892
2012.1667,211.03638,0,2.0253926e-06,0,0,0,2.9384501,1.9972945,0.49424946,0,115.06061
2012.25,210.9765,30.963376,2.0506461e-06,0.00080898725,0.12683699,0,2.910171,1.998623,0.48629615,1412.5211,131.05483
2012.3333,211.95637,116.25045,2.0821985e-06,0.010839108,0.72573159,0,2.8369708,1.9981334,0.47613677,2.7297987,120.44854
2012.4167,212.26019,117.25935,2.1389505e-06,0.93459085,6.7548055,0.32419928,2.7457795,1.9975519,0.46101087,20.089983,129.45675
2012.5,213.40051,118.81549,2.1001281e-06,1.2580631,8.6177606,0.62833686,2.7399497,1.9975464,0.44309583,11.408419,134.92349
2012.5833,214.34268,119.77062,2.0179182e-06,0.91724739,6.1558017,0.46242812,2.7921402,1.9978254,0.42346573,9.0639477,131.75477
2012.6667,215.15509,120.62792,1.9384613e-06,0.67375906,4.5754411,0.3305075,2.8562448,1.9979588,0.40314767,9.0604351,131.28839
2012.75,215.39253,3.9049962,1.8853132e-06,0.31968461,0.21090078,0.01477364,2.9066758,1.9989743,0.38253126,0.21004239,118.46865
2012.8333,215.03197,0,1.8962963e-06,0.0039112434,0,0,2.9176507,2.0011306,0.36356306,0,117.86669
2012.9167,214.04324,0,1.9226591e-06,5.9343174e-07,0,0,2.9277804,2.0029969,0.34648401,0,121.71116
2013,212.68614,0,1.9938691e-06,0.00025961342,0,0,2.9172575,2.0044372,0.33082989,0,116.82079
2013.0833,212.36949,0,2.0415694e-06,0.00012238447,0,0,2.9022057,2.005621,0.31735975,0,116.7464
2013.1667,212.06047,0,2.0965986e-06,0.00092101454,0,0,2.8603854,2.007251,0.30517596,0,116.67168
2013.25,211.9253,23.078499,2.1223113e-06,0.0013887489,0.050022167,0,2.8253798,2.0086224,0.29374889,1403.8057,127.43982
2013.3333,212.46554,115.5819,2.1583294e-06,0.045545716,0.82248456,2.3151116e-05,2.7376847,2.0081873,0.28107715,5.1078489,121.28047
2013.4167,212.87926,117.10328,2.2385648e-06,1.1532374,7.6336622,0.33970489,2.6223228,2.0072844,0.26422375,28.379736,132.75159
2013.5,214.0734,119.09061,2.2219785e-06,1.4017682,8.7343941,0.59491201,2.594301,2.0066566,0.24509738,14.954288,135.36491
2013.5833,215.13867,120.36879,2.1256262e-06,1.2575186,7.5494535,0.53838209,2.6507287,2.0062201,0.22467053,15.007252,133.84297
2013.6667,216.28851,93.174353,2.0268278e-06,0.84970428,4.1705936,0.28896133,2.7288496,2.0057538,0.20444965,8.7162121,133.62014
2013.75,216.45421,0,1.9836934e-06,0.39474378,0,0,2.7634928,2.0062952,0.18573232,0,119.56718
2013.8333,216.17195,0,1.9793094e-06,0.070596553,0,0,2.7665181,2.0071959,0.16890761,0,119.11705
2013.9167,215.82232,0,1.9777619e-06,0.0015115947,0,0,2.7708807,2.0079384,0.15375727,0,122.50439
2014,215.81221,0,1.9712222e-06,0.00058982416,0,0,2.7845509,2.0085804,0.13986984,0,117.92499
2014.0833,215.44439,0,1.9905183e-06,0.0010472661,0,0,2.7902229,2.0091045,0.12791927,0,117.85156
2014.1667,215.08744,0,2.0249283e-06,0.00046613916,0,0,2.7897999,2.0095527,0.11710928,0,117.77589
2014.25,214.9879,35.272311,2.0473578e-06,0.0052683554,0.19737546,0,2.7826471,2.009871,0.10697617,1430.7705,128.49997
2014.3333,215.57514,117.98311,2.0787143e-06,0.13906853,1.2078627,0.00032362424,2.7280416,2.0090008,0.097674876,8.6849263,124.77496
2014.4167,216.25108,119.38007,2.118479e-06,1.2170157,7.0130346,0.28764488,2.6737278,2.0081818,0.089218967,24.70385,135.29053
2014.5,217.49356,121.26926,2.0179789e-06,1.452185,8.2957126,0.51416319,2.741827,2.0078738,0.081583947,14.324791,135.40884
2014.5833,218.64796,122.44868,1.93855e-06,1.3304412,7.5616525,0.4968866,2.8270812,2.0078485,0.074577048,11.451617,135.28526
2014.6667,219.69156,123.48288,1.852047e-06,0.867102,5.0109459,0.32221033,2.9558151,2.0078797,0.068352588,10.553406,134.94124
2014.75,220.20245,20.003242,1.7771765e-06,0.27797877,0.71047611,0.044434973,3.0983872,2.0084937,0.062753916,1.6132416,123.37375
2014.8333,219.87085,0,1.7561511e-06,0.015600761,0,0,3.1788976,2.0100794,0.057788283,0,120.64269
2014.9167,219.53909,0,1.7390574e-06,0.00095504692,0,0,3.279844,2.0114803,0.053360458,0,125.82179
2015,219.62918,0,1.6978144e-06,0.00052985009,0,0,3.3852627,2.0127287,0.04931717,0,120.74511
2015.0833,219.31238,0,1.7447767e-06,0.0029799112,0,0,3.46612,2.0137742,0.045842905,0,120.66073
2015.1667,219.00257,0,1.7707196e-06,0.00496398,0,0,3.5722654,2.0146935,0.04270203,0,120.56722
2015.25,218.91311,31.967793,1.8009188e-06,0.0064806858,0.15661504,0,3.6078651,2.0154796,0.039753817,1458.594,132.05605
2015.3333,219.84145,120.10953,1.8335568e-06,0.36187441,2.4026577,0.048218906,3.5312481,2.0154302,0.036948189,6.939841,128.97906
2015.4167,220.28539,121.59356,1.8100067e-06,1.8396812,10.166361,0.47715361,3.5439031,2.0158629,0.034357283,18.864644,129.59139
2015.5,220.87482,122.694,1.6510413e-06,1.7105928,9.2362555,0.5721724,3.780112,2.0169845,0.032015003,10.989908,132.9631
2015.5833,221.69609,123.66307,1.5175077e-06,1.2741103,7.0610976,0.44006764,4.1536441,2.0184512,0.029879324,9.4948044,133.70463
2015.6667,222.4068,107.80501,1.411658e-06,0.85981736,4.6107915,0.2802876,4.6707053,2.0200045,0.028102767,6.8456815,131.68735
2015.75,222.47086,0,1.3692265e-06,0.32815024,0,0,5.1200151,2.0223248,0.026728846,0,122.73129
2015.8333,222.14928,0,1.3608095e-06,0.029423978,0,0,5.5694814,2.024863,0.02562188,0,122.29632
2015.9167,221.84815,0,1.370759e-06,0.00028597704,0,0,6.1288815,2.0271006,0.024670115,0,127.92958
2016,222.00386,0,1.4088996e-06,0.00038380908,0,0,6.7917747,2.0291173,0.02381362,0,122.40958
2016.0833,221.7126,0,1.4485722e-06,0.0012125461,0,0,7.4713826,2.0308247,0.023081863,0,122.33175
2016.1667,221.42862,0,1.488933e-06,0.0011701951,0,0,8.1060181,2.0323429,0.022421805,0,122.25495
2016.25,221.21069,12.034658,1.5603365e-06,0.0085732909,0.064303857,0,8.1213875,2.033735,0.021803366,1464.2798,131.24524
2016.3333,222.44206,120.65502,1.6690987e-06,0.3299625,2.4116264,0.011618338,7.6543808,2.0346556,0.020937342,8.5796513,138.38125
2016.4167,223.4066,122.15593,1.6822455e-06,1.5996091,10.007496,0.10171571,8.0611515,2.0364041,0.019902898,18.519828,136.18747
2016.5,224.25576,123.15573,1.6062097e-06,1.4226709,8.8673183,0.14760359,9.0522337,2.039253,0.019403471,8.9486252,134.34563
2016.5833,224.8005,123.80789,1.5209096e-06,1.1690825,7.4067909,0.16708184,10.213984,2.0427337,0.020087169,6.0998634,131.75678
2016.6667,225.22196,124.31863,1.4586496e-06,0.79517083,5.1428329,0.1454752,11.382424,2.0464485,0.022150688,5.7014952,132.6854
2016.75,225.62364,56.295142,1.4478518e-06,0.3402642,1.5671227,0.04978411,12.428545,2.0503705,0.02559079,2.478157,129.84397
2016.8333,225.45059,0,1.4658458e-06,0.010792483,0,0,13.438873,2.0546174,0.029478475,0,124.34403
2016.9167,225.15529,0,1.4889858e-06,0.00013173966,0,0,14.53294,2.0584705,0.03308402,0,130.34018
2017,225.35458,0,1.5346033e-06,0.0016786439,0,0,15.447343,2.0619621,0.036420371,0,124.34164
2017.0833,225.06501,0,1.6070313e-06,0.0014090341,0,0,15.9535,2.0649612,0.039301921,0,124.24609
2017.1667,224.7808,0,1.7908972e-06,3.7294667e-05,0,0,10.393062,2.0683689,0.041912705,0,124.18258
2017.25,224.60929,15.933102,2.0123116e-06,0.0029465473,0.089612583,1.6136437e-15,7.4507027,2.0716424,0.044357739,1454.0455,135.60978
2017.3333,225.71625,119.83908,2.1825726e-06,0.16080042,1.9363898,0.0056900496,6.2192397,2.0751185,0.046437874,11.048937,134.19809
2017.4167,225.68005,121.14891,2.2363226e-06,0.98046872,9.6099596,0.047688791,5.9566617,2.0796669,0.048805192,24.201288,135.35257
2017.5,226.65033,122.60581,2.2087918e-06,0.98221998,9.5409262,0.10873358,6.041738,2.0850971,0.053146578,14.079569,144.38509
2017.5833,227.95725,123.66115,2.1268722e-06,0.74400152,7.2842031,0.15183833,6.2824469,2.0906031,0.060350876,12.356565,143.73976
2017.6667,229.2382,124.6913,2.0472091e-06,0.51476194,5.0092595,0.13447004,6.4594636,2.0960307,0.07024736,10.491521,143.66299
2017.75,231.71678,76.819994,1.9942727e-06,0.23959096,1.9019945,0.051590585,6.5091963,2.1014032,0.082843147,4.7630998,186.48997
2017.8333,234.81473,0,1.9909114e-06,0.020653265,0,0,6.4375672,2.1068552,0.096299469,0,134.81508
2017.9167,234.53577,0,2.010903e-06,0.00011827933,0,0,6.3648667,2.1116538,0.10860348,0,136.23452
2018,234.75477,0,2.0449891e-06,0.00015829636,0,0,6.195828,2.1158977,0.11990272,0,129.51165
2018.0833,234.43364,0,2.0934112e-06,0,0,0,5.9312606,2.1194835,0.12963356,0,128.46151
2018.1667,231.52772,0,2.4877074e-06,0,0,0,4.8814764,2.1229303,0.13843729,0,125.51269
2018.25,229.74059,3.9711064,2.8821762e-06,0,0,0,3.9780512,2.1270018,0.14667624,1449.403,144.07469
2018.3333,231.84478,119.48851,3.0775079e-06,0.0017434903,0.94491971,0,3.6030533,2.1309278,0.15433322,10.386656,147.84328
2018.4167,233.17026,120.97879,3.3954016e-06,0.34210988,5.3064851,0.019812243,3.2604256,2.1347432,0.16299947,26.646632,146.83433
2018.5,234.78927,123.19322,3.7141911e-06,0.68431507,10.33215,0.10718824,3.0755391,2.1384199,0.17461383,21.120351,153.08588
2018.5833,236.47803,124.82592,3.6871352e-06,0.56800841,7.8072719,0.15175785,2.8974414,2.1418564,0.19057423,17.7841,154.11306
2018.6667,238.31241,126.30816,3.6031413e-06,0.3923929,5.5477973,0.1245762,2.7503252,2.1448073,0.2103384,16.399385,156.57394
2018.75,240.12303,86.348891,3.648825e-06,0.16524067,2.2081501,0.047670858,2.6099372,2.1473353,0.23352656,10.124657,149.45619
2018.8333,240.20383,0,3.7909526e-06,0.020684544,0,0,2.5065064,2.149442,0.25755173,0,130.52106
2018.9167,239.70594,0,3.9455781e-06,0.00073477509,0,0,2.5043817,2.1512566,0.27951691,0,131.52544
2019,239.31772,0,3.9835754e-06,0.00069335722,0,0,2.4901125,2.1528885,0.29969671,0,130.17456
2019.0833,238.85983,0,4.0064815e-06,0.00031879522,0,0,2.4798527,2.1542716,0.31707713,0,130.09044
2019.1667,238.41631,0,4.0298391e-06,0,0,0,2.4614997,2.1555052,0.3328034,0,130.00695
2019.25,237.97169,0,4.0639843e-06,0,0,0,2.4310455,2.1566439,0.34753028,0,129.92129
2019.3333,246.91758,126.62475,3.9596462e-06,0.071803838,1.6545401,6.6373176e-07,2.3657408,2.1587527,0.36123386,1501.052,256.23379
2019.4167,248.62,129.25096,4.0901427e-06,0.65661304,8.8946415,0.054658081,2.2735882,2.1618731,0.37612906,36.063673,172.98877
2019.5,252.41148,132.11647,4.1574963e-06,0.74348108,10.113676,0.13384885,2.2146211,2.1648145,0.39343503,24.345119,181.35613
2019.5833,256.03601,134.49176,4.1942458e-06,0.58756578,8.039685,0.16248222,2.1487858,2.1676018,0.41302454,22.390896,178.38185
2019.6667,259.36064,136.71394,4.0329023e-06,0.38368655,5.5057022,0.11776988,2.0658941,2.1699464,0.43354806,20.52243,177.00431
2019.75,261.78321,57.948448,3.8909279e-06,0.20649728,1.542789,0.032459053,2.0492909,2.1715286,0.45457935,8.0606274,156.1679
2019.8333,261.52271,0,3.8536732e-06,0.010407067,0,0,2.0402269,2.1713886,0.47457799,0,142.06165
2019.9167,260.99402,0,3.8168137e-06,3.0258618e-05,0,0,2.0350037,2.1709976,0.4926894,0,144.57924
