year,froot_gCm2,leaf_gCm2,p_uptake_demand_ratio,gpp_pft7_gCm2day,gpp_pft9_gCm2day,gpp_pft10_gCm2day,l2fr_site,l2fr_canopy,l2fr_ustory,leaf_alloc_gCm2yr,froot_alloc_gCm2yr
1901,3.0056371,0,0.27534336,-1.2492776e-15,0,0,0.010319136,0.029091462,0.01011091,0,0.00057611488
1901.0833,2.9051143,0,0.24646498,-1.71935e-06,0,0,0.010323405,0.027542131,0.010106687,0,0.00027289273
1901.1667,2.8077799,0,0.24268381,-3.5649059e-05,0,0,0.010328515,0.026117912,0.010096719,0,0.00026882507
1901.25,2.7106667,0,0.23939689,-0.00015723218,0,0,0.010333415,0.024779651,0.010087384,0,0.00026468476
1901.3333,2.6170562,0,0.25092673,-0.00012330573,0,0,0.010337943,0.023567216,0.010078957,0,0.00026060853
1901.4167,2.6647395,123.6794,0.15981191,1.6089876,4.1072226,0.1694027,0.010105348,0.022414312,0.01007134,2719.3435,2.4657286
1901.5,2.8166128,250.62642,0.12397126,2.8950831,8.6118389,0.34930769,0.010181445,0.021221887,0.01006445,394.68936,3.1753779
1901.5833,3.0993978,273.06613,0.065519325,2.4497198,7.5851597,0.21307117,0.012391858,0.020145996,0.010058382,228.70069,4.7364583
1901.6667,3.5239786,287.66686,0.040589422,1.4448129,4.7472269,0.1425236,0.013235213,0.019613316,0.010061193,130.00621,6.668312
1901.75,3.7404003,123.47841,0.014747511,0.41121442,1.1566916,0.043074829,0.014084274,0.019808065,0.01006366,33.208431,2.0741547
1901.8333,3.654852,0,0.0056356867,-2.8328312e-08,0,0,0.014013103,0.020085275,0.010057887,0,0.012378587
1901.9167,3.5300329,0,0.0048378129,-4.7843568e-11,0,0,0.014075583,0.020303736,0.010052603,0,0.0035263704
1902,3.4074797,0,0.0043374463,0,0,0,0.014129656,0.020470649,0.010047751,0,0.00012740243
1902.0833,3.2948023,0,0.0035050744,-1.2082262e-14,0,0,0.014180966,0.020585451,0.010043573,0,0.00012550391
1902.1667,3.1860219,0,0.0023262233,-7.6472115e-05,0,0,0.014228256,0.020662574,0.010039791,0,0.00012363598
1902.25,3.077395,0,0.0013831987,-8.5452495e-05,0,0,0.014273344,0.020709371,0.010036247,0,0.00012172984
1902.3333,2.975896,0,0.0013331446,0.66932142,0,0,0.014312414,0.020727284,0.010033046,0,0.00011997265
1902.4167,2.7821441,200.2175,0.0021055015,3.2502174,8.5618667,0.17351109,0.01044509,0.020297423,0.010030015,2995.9181,4.9374158
1902.5,3.240085,260.62003,0.0016595229,2.8944827,8.4183268,0.28711235,0.014580522,0.019627504,0.010027112,222.31145,12.26027
1902.5833,5.711169,276.63818,0.001124277,2.1988866,6.4100564,0.34305361,0.02505048,0.020333882,0.010024458,148.79659,40.937822
1902.6667,8.3115259,288.09839,0.00086588162,1.4824363,4.588013,0.23992054,0.035790015,0.022498943,0.010022675,135.90486,29.612164
1902.75,9.7277295,181.27017,0.00072340749,0.50951908,1.3354583,0.06547224,0.041884296,0.025856303,0.010024172,50.63056,13.015832
1902.8333,9.7535541,0,0.0006456456,0.00010936787,0,0,0.042468023,0.029398406,0.010036884,0,0.73027348
1902.9167,9.6357474,0,0.00054581347,0.00030651795,0,0,0.042684972,0.032545403,0.01005177,0,0.80157119
1903,9.5208585,0,0.00041706825,0.01206781,0,0,0.04286626,0.035409406,0.010065408,0,0.61598597
1903.0833,9.4026923,0,0.00032276561,0.0090598581,0,0,0.043018609,0.03785333,0.010077128,0,0.60528039
1903.1667,9.2452411,0,0.0002793824,0.002758996,0,0,0.043159544,0.040026065,0.010087409,0,0.59381561
1903.25,8.9947162,0,0.00026765646,-0.00015588609,0,0,0.043311253,0.041875936,0.010095275,0,0.56954026
1903.3333,8.7905861,0,0.00028054087,0.60921421,0,0,0.043429583,0.043324322,0.010100881,0,0.54296019
1903.4167,4.6971748,176.66912,0.00081738044,2.5865779,6.4176713,0.2185012,0.019313904,0.04340532,0.010100793,3179.4641,5.4714607
1903.5,3.2432121,271.76341,0.0012039442,2.9840725,9.0041985,0.43560015,0.011579269,0.040508378,0.010091331,183.6724,4.5978214
1903.5833,3.9064717,288.8982,0.00085372064,2.4526989,7.8189368,0.36371287,0.017500941,0.038218074,0.010082482,197.76417,18.288123
1903.6667,5.9131659,300.19522,0.00056166644,1.5485978,4.9326053,0.20316316,0.022923706,0.036555026,0.010078143,115.1733,30.497536
1903.75,7.529337,108.33446,0.00032232711,0.33996607,1.0067511,0.044456579,0.028352898,0.036238857,0.010086295,27.38892,9.7721178
1903.8333,7.5772759,0,0.00025940227,0.0042619686,0,0,0.028312141,0.036299795,0.010100651,0,0.98514427
1903.9167,7.4692741,0,0.00025443427,0.0015953783,0,0,0.028542634,0.036334526,0.010113706,0,1.3267463
1904,7.323097,0,0.00024550621,-2.049652e-10,0,0,0.028760375,0.036282346,0.010125001,0,0.71412043
1904.0833,7.1442085,0,0.0002608285,-5.6805125e-10,0,0,0.028934944,0.036131728,0.010133998,0,0.69534503
1904.1667,6.9705099,0,0.00027196249,-0.00010998339,0,0,0.029097823,0.03589984,0.010141439,0,0.68285915
1904.25,6.7950655,0,0.00028538104,-0.00028949568,0,0,0.029256113,0.035594057,0.010147749,0,0.6550128
1904.3333,6.6298707,0,0.00037732237,0.63325699,0,0,0.029397899,0.035218503,0.01015282,0,0.64057445
1904.4167,3.6767698,199.9204,0.0012060634,3.0831841,7.8749339,0.19293627,0.01325192,0.034132611,0.010149971,3151.7774,4.049
1904.5,3.8326238,270.935,0.0010627956,2.8975973,8.834759,0.30567348,0.0149746,0.032161724,0.010135694,173.46248,25.299385
1904.5833,7.1428395,284.64022,0.00048325511,2.3156465,7.2746249,0.31152703,0.028511193,0.031314544,0.0101233,121.30628,44.100256
1904.6667,9.9271676,294.66641,0.00035892232,1.5663615,5.1198448,0.2412239,0.038230408,0.032334439,0.010113516,113.98505,32.784296
1904.75,11.380146,77.384219,0.00021267775,0.33878752,0.63825268,0.041406464,0.044822931,0.034888238,0.010109077,23.294342,9.4648473
1904.8333,11.37031,0,0.00017358556,0.0062717895,0,0,0.045343369,0.037558194,0.010107407,0,1.8322538
1904.9167,11.171241,0,0.00017058129,-1.1112146e-24,0,0,0.045658,0.03983169,0.010104815,0,3.2939964
1905,11.069517,0,0.00017840875,-3.760414e-07,0,0,0.046078075,0.04168706,0.010100435,0,1.796511
1905.0833,10.862386,0,0.00018398093,-2.3781012e-09,0,0,0.046330266,0.043091245,0.010095078,0,1.770873
1905.1667,10.6601,0,0.00018775175,-1.3590128e-05,0,0,0.046561275,0.044192139,0.010089009,0,1.7454183
1905.25,10.455738,0,0.0001947017,-4.7881938e-07,0,0,0.046780568,0.045069054,0.01008246,0,1.719043
1905.3333,10.264899,0,0.00022887891,0.3415973,0,0,0.046979114,0.045720793,0.010076018,0,1.695339
1905.4167,5.8093434,213.55593,0.00059896562,3.0990764,8.4491684,0.21753049,0.026352914,0.045580525,0.010069701,3148.6686,7.9237848
1905.5,5.9772027,269.6988,0.00065719779,2.9442381,8.9907134,0.3560336,0.027695175,0.044221092,0.010066384,134.61111,38.833185
1905.5833,8.7759746,281.65376,0.00043923451,2.39503,7.4526665,0.3950423,0.039342724,0.044105019,0.010065025,111.0664,35.477565
1905.6667,11.415089,291.3284,0.00033245506,1.3502496,4.4102183,0.23715367,0.048494969,0.046011012,0.010064725,108.1047,37.288876
1905.75,13.539787,124.88388,0.00020886488,0.69369475,1.0118445,0.059691453,0.057443134,0.049353026,0.010078443,38.831294,17.525504
1905.8333,13.712812,0,0.00017086732,0.04569961,0,0,0.058026336,0.052717663,0.010100478,0,2.4812352
1905.9167,13.673618,0,0.00017464368,6.8767125e-05,0,0,0.058423903,0.055791624,0.010121494,0,4.0565959
1906,13.746765,0,0.00017353724,0.00016442318,0,0,0.058765855,0.058587193,0.010140706,0,2.2067887
1906.0833,13.682524,0,0.00017452353,0.047436057,0,0,0.058998615,0.060962234,0.010157191,0,2.2036787
1906.1667,13.619221,0,0.00017553588,0.019011822,0,0,0.059199341,0.063083716,0.010172021,0,2.2006235
1906.25,13.554455,0,0.00017698118,0.087352842,0,0,0.059377793,0.065040588,0.010185821,0,2.1893236
1906.3333,13.489863,0,0.00018092422,0.4999413,0,0,0.059526514,0.066782989,0.010198189,0,2.1796594
1906.4167,8.0712857,185.64652,0.00036771424,1.6655995,3.9757331,0.20549205,0.032565121,0.06710349,0.010202487,3276.0457,4.1416619
1906.5,3.8954432,285.85184,0.0011536613,3.062504,9.9975265,0.62160024,0.013177531,0.062388234,0.010185152,287.17702,20.882564
1906.5833,6.3816993,298.3948,0.00053328456,2.2065684,7.4893371,0.46018647,0.02704493,0.058395706,0.010167298,118.59569,33.424627
1906.6667,8.6705619,307.40339,0.00032132724,1.5493645,5.4179488,0.32593714,0.032757103,0.056419116,0.010157725,97.970076,28.202248
1906.75,10.692566,315.03189,0.00021902053,0.64717143,2.2398915,0.14158428,0.040385917,0.055925332,0.010159357,67.201663,27.787855
1906.8333,11.695412,0,0.00017310104,0.06236143,0.017818054,0.0016262488,0.044565629,0.056864396,0.010175125,0,2.7558003
1906.9167,11.521402,0,0.00017438065,-2.211524e-07,0,0,0.044836286,0.058063705,0.010192182,0,3.0497116
1907,11.386967,0,0.00018624814,-2.4505171e-13,0,0,0.045225605,0.058734808,0.010203144,0,1.9103034
1907.0833,11.177449,0,0.00019237871,-1.6830068e-08,0,0,0.045520037,0.058937933,0.010208401,0,1.8823227
1907.1667,10.972858,0,0.00019584634,-8.074684e-07,0,0,0.045791395,0.058813367,0.010209471,0,1.8556947
1907.25,10.766199,0,0.00019992894,-2.3756437e-05,0,0,0.046050895,0.058432132,0.010207213,0,1.82828
1907.3333,10.564529,0,0.00021020253,0.0083100307,0,0,0.046290278,0.057855785,0.010202323,0,1.7998748
1907.4167,7.787718,124.47495,0.00028596297,0.72606947,0.71281733,0.035262614,0.033913638,0.056797661,0.010193505,2420.8744,2.0726759
1907.5,3.3903569,247.71701,0.0012599364,2.2445403,7.3556811,0.23800556,0.011002665,0.053045087,0.010175821,825.73876,6.4582055
1907.5833,5.5204984,283.30472,0.00082240725,2.1655333,7.1140208,0.28602694,0.020194609,0.049401097,0.010159876,119.53908,41.792917
1907.6667,8.2629817,293.6407,0.00043905282,1.3811281,4.5247298,0.21707298,0.030532381,0.047523133,0.010155341,105.06118,27.632038
1907.75,9.6088303,96.511737,0.00024776577,0.34383995,0.53780152,0.037541387,0.035588097,0.046566937,0.010170292,26.943051,8.3823491
1907.8333,9.5717637,0,0.00018613541,0.005176835,0,0,0.036058806,0.04569184,0.010189084,0,1.3380203
1907.9167,9.3703233,0,0.00016937718,0,0,0,0.036318462,0.044658575,0.010205138,0,2.273553
1908,9.2420066,0,0.00018829918,-1.2480097e-06,0,0,0.036530767,0.043583348,0.010218837,0,1.3018526
1908.0833,9.0504205,0,0.00019968502,-1.3017475e-09,0,0,0.036759753,0.042564265,0.010229775,0,1.2836193
1908.1667,8.8638179,0,0.00020730682,-4.3856578e-05,0,0,0.036971532,0.041552901,0.010238873,0,1.2566366
1908.25,8.6714169,0,0.00021901767,-5.2487868e-06,0,0,0.037121788,0.04052427,0.010246643,0,1.1348349
1908.3333,8.4945681,0,0.00034205476,1.0903868,0,0,0.037173305,0.039521899,0.010252968,0,0.99507542
1908.4167,4.5180577,211.70834,0.00092441513,2.8206156,8.4765966,0.20374041,0.016968703,0.038038757,0.010246904,3120.7674,6.4633457
1908.5,5.0606355,269.22441,0.00089000299,2.8577568,9.2619457,0.3191639,0.021126242,0.036380086,0.010223648,150.18504,37.558321
1908.5833,7.7972468,280.40493,0.00031325943,1.9707795,6.5735348,0.30051028,0.03555822,0.036067627,0.010206099,75.370339,29.571371
1908.6667,9.7307358,287.51493,0.0002252952,1.3929084,4.6890827,0.27055659,0.044805858,0.035251692,0.010198449,75.205867,27.248663
1908.75,11.461926,132.26128,0.00019067408,0.43562735,1.0321105,0.081256688,0.053819656,0.034919605,0.010199561,35.313786,14.884003
1908.8333,11.570614,0,0.00013520515,0.012486876,0,0,0.05482642,0.034718525,0.010206251,0,2.045474
1908.9167,11.363084,0,0.00014040257,0,0,0,0.054102965,0.034458533,0.01021289,0,3.2004404
1909,11.249132,0,0.00014478041,-6.0070107e-08,0,0,0.052049726,0.034145258,0.010218461,0,1.9866582
1909.0833,11.05109,0,0.00015332444,-4.041999e-06,0,0,0.051795334,0.033812229,0.010222808,0,1.9586265
1909.1667,10.857442,0,0.00015679655,-3.5845085e-05,0,0,0.05169864,0.033453193,0.010226329,0,1.9307567
1909.25,10.661578,0,0.00016821369,-0.00011104939,0,0,0.051620211,0.0330627,0.010229243,0,1.9022298
1909.3333,10.482774,0,0.00021717382,0.6267603,0,0,0.051566847,0.032658927,0.010231518,0,1.8779241
1909.4167,10.25054,207.61335,0.00042855207,2.9083957,7.390383,0.23267854,0.048621979,0.032168794,0.010227338,3043.106,22.384372
1909.5,12.123108,259.12371,0.00024217994,2.7533343,8.3366364,0.41416161,0.057668243,0.031685345,0.010212309,88.066731,33.785352
1909.5833,14.763516,268.31627,0.00016966625,2.3998389,7.3265192,0.47273209,0.07366918,0.031546112,0.010203878,74.698102,42.303959
1909.6667,18.116126,275.37742,0.00012744562,1.6339648,5.0247629,0.32453597,0.092043653,0.031715717,0.010187285,65.483029,49.250947
1909.75,20.920724,81.173867,8.8574983e-05,0.37728314,0.6408164,0.048639865,0.10657303,0.032416321,0.010183137,17.096395,19.453485
1909.8333,21.047447,0,8.2891376e-05,0.014821896,0,0,0.10791256,0.033163115,0.010221225,0,3.9610749
1909.9167,20.779293,0,8.4595522e-05,-6.1822347e-08,0,0,0.1078506,0.033772763,0.010262213,0,5.902191
1910,20.581478,0,8.6732849e-05,-2.8875944e-10,0,0,0.10812844,0.034166429,0.010299913,0,3.8215319
1910.0833,20.238714,0,8.887209e-05,-7.9802709e-06,0,0,0.1081138,0.034391314,0.010332244,0,3.7612522
1910.1667,19.903785,0,9.3014496e-05,-0.00010733049,0,0,0.10835819,0.034533478,0.010361142,0,3.7098664
1910.25,19.564148,0,9.6703385e-05,-0.00037501727,0,0,0.10880329,0.034616794,0.010387902,0,3.6526196
1910.3333,19.235546,0,0.00010422007,0.13259135,0,0,0.10892474,0.034643479,0.010411785,0,3.5966449
1910.4167,19.443752,144.40811,0.00012910253,2.6181119,5.1936996,0.21152502,0.10780367,0.034634415,0.010422406,2965.0296,26.841526
1910.5,21.423742,252.13242,0.00014135029,2.9799802,8.3127688,0.41452899,0.11241441,0.034775369,0.010386764,96.918918,42.156576
1910.5833,24.538327,261.74706,0.00011321752,2.2064673,6.4645684,0.32349263,0.12658264,0.035418246,0.010350547,81.238727,57.579376
1910.6667,29.47418,269.13893,9.4299219e-05,1.7131833,5.1049667,0.28261128,0.14727989,0.039227322,0.010364652,80.373609,84.608793
1910.75,35.147022,123.97272,5.8329173e-05,0.38878683,1.0634173,0.069533473,0.1760157,0.050071888,0.010614096,33.412736,51.255909
1910.8333,35.870373,0,4.5084511e-05,0.010223085,0,0,0.180309,0.063882001,0.011049011,0,6.9456337
1910.9167,35.600405,0,4.4794364e-05,0.00064444872,0,0,0.1805505,0.076346532,0.011468564,0,11.799584
1911,35.372168,0,4.6919315e-05,-2.6831939e-07,0,0,0.1822924,0.08741428,0.011844023,0,6.7606505
1911.0833,34.806468,0,4.979892e-05,-1.5453312e-06,0,0,0.18286514,0.096530214,0.012143743,0,6.6475854
1911.1667,34.249742,0,5.1511917e-05,-1.5278556e-05,0,0,0.1830824,0.10439836,0.012387607,0,6.5383156
1911.25,33.684082,0,5.3325908e-05,-0.00010559571,0,0,0.18347521,0.11141139,0.01258958,0,6.431894
1911.3333,33.152081,0,5.5818575e-05,0.12477285,0,0,0.18451735,0.11740655,0.012746647,0,6.3521581
1911.4167,31.761833,181.00594,7.8170691e-05,2.353655,6.237958,0.21209118,0.18136011,0.12338897,0.012946192,2929.2427,51.297318
1911.5,32.588437,251.81755,8.4061932e-05,3.0274219,8.4465586,0.41427518,0.21400706,0.1350538,0.013998634,132.80458,94.499436
1911.5833,38.986016,261.78282,4.2762444e-05,2.5754594,7.3129592,0.36826769,0.29983297,0.15432389,0.016847286,67.445115,100.5821
1911.6667,46.070099,268.9735,3.5643199e-05,1.603801,4.691996,0.24393677,0.40161589,0.18021226,0.020655392,55.338444,104.14308
1911.75,52.107129,132.43404,3.0272724e-05,0.62222117,1.0857698,0.055174638,0.49536493,0.21157084,0.02466272,24.078497,54.178952
1911.8333,52.674782,0,2.9881523e-05,0.094885408,0,0,0.5076952,0.24328603,0.028321221,0,9.0654138
1911.9167,52.122351,0,2.9964191e-05,0.00013087326,0,0,0.50921923,0.27185321,0.031642403,0,18.215317
1912,51.880352,0,3.1541607e-05,-5.2087299e-11,0,0,0.51719147,0.29730776,0.034697883,0,9.1294989
1912.0833,50.952312,0,3.2961172e-05,-5.3898228e-06,0,0,0.52044183,0.31814501,0.037336681,0,8.2816966
1912.1667,49.908765,0,3.4533627e-05,-7.2899877e-05,0,0,0.51919568,0.33604813,0.039689951,0,6.4112951
1912.25,48.808414,0,3.5864268e-05,-6.535228e-05,0,0,0.51673234,0.35191318,0.041861873,0,6.3148423
1912.3333,48.138496,35.72011,4.1432937e-05,1.3649521,1.0356231,0.030992674,0.51241243,0.36542782,0.04379319,2646.9927,26.77035
1912.4167,46.766251,239.36577,4.4644039e-05,3.283789,9.0885858,0.38043813,0.39986297,0.37501088,0.044786498,204.32159,57.021954
1912.5,43.273453,251.3603,3.9668332e-05,3.143901,8.4842502,0.44954935,0.25746158,0.37569928,0.043447286,79.800708,76.77161
1912.5833,43.577436,261.14327,3.7506263e-05,2.4314032,6.7076855,0.35321047,0.24878101,0.36870375,0.040935267,80.958589,82.570892
1912.6667,49.564876,270.40958,3.1725045e-05,1.5575302,4.3114827,0.24461176,0.28225359,0.36306652,0.038806647,76.343392,94.804089
1912.75,56.382447,214.74743,2.6418997e-05,0.7102343,1.8573555,0.11621119,0.32235718,0.36170685,0.036985312,45.01979,85.490164
1912.8333,58.484387,0,2.3495732e-05,0.023321769,0,0,0.33483863,0.36265054,0.035333965,0,11.4385
1912.9167,57.706628,0,2.3923742e-05,0,0,0,0.3354722,0.36338973,0.033849519,0,18.156688
1913,57.31025,0,2.4349623e-05,-6.525395e-07,0,0,0.33786276,0.36327574,0.032484557,0,10.947759
1913.0833,56.390721,0,2.5828169e-05,-4.5375186e-07,0,0,0.33957398,0.36237544,0.031299084,0,10.778173
1913.1667,55.487089,0,2.7240285e-05,-9.0594357e-05,0,0,0.34281537,0.36081639,0.030208768,0,10.604962
1913.25,54.569017,0,2.8814295e-05,-4.0440126e-05,0,0,0.34587085,0.35862687,0.029170264,0,10.436501
1913.3333,53.823099,0,2.9675139e-05,1.434399,0,0,0.34796014,0.35597098,0.028217217,0,10.306072
1913.4167,56.644011,239.78411,3.3775035e-05,3.6837163,9.3585529,0.37881703,0.34810272,0.35300416,0.027391812,2981.2238,118.79879
1913.5,61.893098,253.76418,2.9093953e-05,3.2672251,8.5911176,0.43917529,0.35915819,0.35043424,0.02659527,87.497296,120.43147
1913.5833,68.723798,262.16769,1.7593435e-05,2.5688792,6.8993565,0.35581866,0.39345545,0.35104465,0.025645034,58.491824,124.14546
1913.6667,77.248886,268.37665,1.4559405e-05,1.5838878,4.3428479,0.21719146,0.44429901,0.35560796,0.024645854,42.97928,139.26898
1913.75,84.942229,140.52534,1.445764e-05,0.60023337,1.2847678,0.068526102,0.49249086,0.36560652,0.023636475,19.880669,88.993569
1913.8333,86.052634,0,1.6347167e-05,0.016273825,0,0,0.50126791,0.37781537,0.022741759,0,16.978028
1913.9167,85.933678,0,1.6294229e-05,0.00053027095,0,0,0.50175929,0.38880515,0.022021718,0,28.051842
1914,85.998483,0,1.6201226e-05,-1.5920402e-09,0,0,0.50402558,0.39838555,0.021413947,0,16.71207
1914.0833,84.646955,0,1.6564269e-05,-0.00019973563,0,0,0.50648338,0.40544465,0.020906385,0,16.003506
1914.1667,83.212405,0,1.6854938e-05,-8.4039828e-05,0,0,0.50858492,0.41073447,0.020438943,0,14.358009
1914.25,81.720464,0,1.7593848e-05,-7.8505679e-05,0,0,0.51229012,0.41473773,0.019992478,0,14.103255
1914.3333,80.33482,0,1.8924316e-05,0.17168448,0,0,0.52036685,0.41733834,0.019579485,0,13.823601
1914.4167,79.515941,199.86144,2.0092815e-05,1.5047196,3.0996946,0.12659838,0.50402004,0.41892532,0.019226406,2805.1428,80.916799
1914.5,76.665618,245.08215,2.8905293e-05,3.3077996,8.2690014,0.39476907,0.46749678,0.41946673,0.018847918,190.99415,116.33305
1914.5833,76.457977,256.78548,2.7111548e-05,2.6036221,6.5771126,0.35993066,0.48442906,0.41985872,0.01871888,105.51805,133.01
1914.6667,82.367152,264.71299,2.3196288e-05,1.6459099,4.1228389,0.23865625,0.52837914,0.42387593,0.019031834,74.91325,131.18075
1914.75,88.78243,191.51345,1.8654879e-05,0.63156951,1.0443439,0.090730262,0.57127607,0.43419161,0.019473501,30.254886,89.110096
1914.8333,89.728527,0,1.5362988e-05,0.0046115426,0,0,0.5770061,0.44806018,0.01995058,0,13.902033
1914.9167,88.563874,0,1.5873866e-05,0.0050106017,0,0,0.57617188,0.4602266,0.020455539,0,22.472443
1915,88.387474,0,1.6069214e-05,-7.5803255e-08,0,0,0.5788995,0.47082993,0.020934338,0,13.409994
1915.0833,86.72215,0,1.6512831e-05,0,0,0,0.58062494,0.47906566,0.021344557,0,12.989843
1915.1667,85.046329,0,1.7149874e-05,-3.6378915e-06,0,0,0.58176577,0.48531896,0.021717338,0,13.033725
1915.25,83.319657,0,1.8046498e-05,-5.3176508e-06,0,0,0.58547503,0.4900372,0.022082672,0,11.733244
1915.3333,81.765197,0,1.9090496e-05,0.32488248,0,0,0.58709252,0.49330598,0.022391537,0,11.453287
1915.4167,76.64682,183.12661,2.1340158e-05,1.5578662,3.0553679,0.13242618,0.544267,0.49541095,0.022464288,2600.327,48.641305
1915.5,63.207611,237.95949,3.5764835e-05,3.3827852,8.3593922,0.39349129,0.46710792,0.49451634,0.021874482,314.13026,79.750647
1915.5833,59.632383,250.65282,3.507264e-05,2.6741437,6.4963185,0.36691537,0.48923895,0.49355322,0.021271717,92.983472,98.088011
1915.6667,61.008211,258.73762,3.1712614e-05,1.7450682,4.5184283,0.26540085,0.5386433,0.49678272,0.020588147,65.034764,100.57481
1915.75,65.834992,127.21448,2.4297409e-05,0.52218652,1.160409,0.074491114,0.61910003,0.50403935,0.019654004,19.991141,58.928868
1915.8333,66.496186,0,2.064673e-05,0.0035695474,0,0,0.63352007,0.5146327,0.018753976,0,11.547011
1915.9167,66.184424,0,2.1251331e-05,1.5406692e-19,0,0,0.6340332,0.52415037,0.017945688,0,12.534197
1916,65.953195,0,2.2191804e-05,0.0064543441,0,0,0.63770533,0.53206068,0.017246583,0,8.26828
1916.0833,65.418221,0,2.2813101e-05,0.00055829909,0,0,0.64045483,0.53805858,0.016631721,0,7.8740389
1916.1667,64.243682,0,2.3426008e-05,-2.9824706e-05,0,0,0.64028496,0.54368836,0.016063306,0,7.7613528
1916.25,62.826142,0,2.4515635e-05,-4.9557226e-05,0,0,0.64407361,0.54853415,0.015588724,0,7.6088939
1916.3333,61.437842,0,2.5906118e-05,-6.1631754e-05,0,0,0.64711773,0.55154532,0.015174939,0,7.3991721
1916.4167,59.680689,99.503912,2.7010345e-05,0.24826216,0.3595188,0.0052252324,0.6259833,0.55269653,0.01479302,2269.4523,31.795963
1916.5,47.284033,196.16331,3.4768342e-05,1.4729552,2.8343969,0.1457966,0.45406625,0.54462087,0.014396755,285.67389,30.319658
1916.5833,37.632294,235.86865,6.1414125e-05,2.5114012,6.0820012,0.36424924,0.36042172,0.51717275,0.013993289,286.43981,73.003248
1916.6667,41.91478,246.65546,5.0870771e-05,1.6156059,3.9726633,0.25767657,0.36528051,0.48621106,0.013618806,43.530544,95.309193
1916.75,49.104489,252.92364,4.0822062e-05,0.6869284,1.7857067,0.11736398,0.3992981,0.46304035,0.013275485,30.076965,111.66453
1916.8333,53.237345,0,3.0119993e-05,0.10778102,0.040765553,0.0020930441,0.4267064,0.44678721,0.012988869,0,12.927843
1916.9167,52.653875,0,2.7157512e-05,0,0,0,0.42934436,0.43303591,0.012754891,0,14.563842
1917,52.053496,0,2.8531731e-05,-1.8494274e-06,0,0,0.43495244,0.4196856,0.012549516,0,9.2049673
1917.0833,51.170491,0,3.0525953e-05,-3.6464595e-06,0,0,0.43614897,0.40749103,0.01238029,0,9.064156
1917.1667,50.303072,0,3.1413605e-05,-4.3247816e-05,0,0,0.43818584,0.39573035,0.012226252,0,8.8936581
1917.25,49.277224,0,3.3747896e-05,-4.4278865e-05,0,0,0.44265926,0.38406092,0.012081112,0,5.061641
1917.3333,48.172861,0,3.4886183e-05,0.63081233,0,0,0.44378638,0.37293637,0.011949282,0,4.4508003
1917.4167,41.832659,188.22823,5.6988905e-05,3.3410391,7.2254907,0.31874796,0.37183639,0.36137986,0.011796569,2728.4787,23.464824
1917.5,31.610623,234.30914,7.3481628e-05,3.4908362,8.0514511,0.47074283,0.2422218,0.34748456,0.011623376,123.58255,72.126835
1917.5833,25.623752,247.29705,8.3349376e-05,2.607332,6.1887201,0.32024275,0.21131775,0.33353174,0.011483357,103.34627,81.990218
1917.6667,30.455945,256.45295,6.4785476e-05,1.8559024,4.4722135,0.22528393,0.24044466,0.32238987,0.011490806,78.224202,81.939933
1917.75,36.4572,212.10398,4.9309561e-05,0.73190913,1.7142368,0.089906348,0.2907756,0.31440797,0.01178063,48.472358,73.684301
1917.8333,38.215596,0,3.5103101e-05,0.0016680042,0,0,0.31054533,0.30839255,0.012400668,0,6.770653
1917.9167,37.540715,0,3.5683588e-05,0,0,0,0.31241894,0.30271465,0.013051611,0,10.799499
1918,37.156239,0,3.7990958e-05,-5.0283254e-09,0,0,0.31482741,0.29689983,0.013627143,0,5.6128466
1918.0833,36.439322,0,4.0661573e-05,-2.548065e-07,0,0,0.31889969,0.29136515,0.014103202,0,5.5273373
1918.1667,35.739176,0,4.3867138e-05,-3.0666594e-06,0,0,0.32289419,0.28590664,0.014518579,0,5.4451392
1918.25,35.031144,0,4.7245496e-05,-4.8515156e-05,0,0,0.32727697,0.28036672,0.014893394,0,5.3470885
1918.3333,34.338795,0,5.0638424e-05,-0.00015134763,0,0,0.32805011,0.27495417,0.015218562,0,5.2597375
1918.4167,31.450938,123.51031,5.4295331e-05,0.16707694,0.24014855,0.0078673975,0.3033956,0.26924956,0.015410985,2139.356,11.742648
1918.5,21.393364,195.5111,0.0001090723,2.1006013,4.5322959,0.14659796,0.20124382,0.25779787,0.015103474,494.52771,44.561175
1918.5833,18.446412,228.29033,0.00013496833,2.820049,6.1880227,0.25039893,0.14574884,0.24006811,0.01461076,100.94624,68.438518
1918.6667,22.460395,237.06745,9.5444142e-05,1.8204556,4.0820658,0.20393646,0.16786556,0.22426336,0.014170573,61.056015,79.231959
1918.75,27.963974,156.27915,6.4935819e-05,0.68133953,1.4053497,0.087991269,0.21661745,0.21180603,0.013776625,28.412044,59.494487
1918.8333,29.122548,0,4.9635775e-05,-1.9337608e-08,0,0,0.22854421,0.20149685,0.013432568,0,5.5757308
1918.9167,28.640758,0,5.365174e-05,-6.2886241e-08,0,0,0.23171039,0.19206218,0.013127359,0,7.5062072
1919,28.318312,0,5.6204011e-05,-3.9139089e-10,0,0,0.23388769,0.18322836,0.012848835,0,5.0322484
1919.0833,27.831076,0,5.8677164e-05,-2.6287747e-07,0,0,0.23495132,0.17546059,0.012610381,0,4.8234846
1919.1667,27.346587,0,6.2383428e-05,-5.7032229e-05,0,0,0.23689888,0.16827732,0.012394614,0,4.6924859
1919.25,26.854625,0,6.5385073e-05,-5.775296e-05,0,0,0.23764123,0.16140537,0.01219253,0,4.6216431
1919.3333,26.440678,0,7.1359282e-05,1.2650789,0,0,0.23781709,0.15507048,0.012010093,0,4.5306171
1919.4167,23.669584,180.64636,0.00010792181,3.6023086,6.7862229,0.22979052,0.20070514,0.14911379,0.011837894,2564.6147,27.671165
1919.5,23.82029,218.7013,0.00010194583,3.7287533,7.6447463,0.32189854,0.16577567,0.14570685,0.011731241,83.989879,75.689424
1919.5833,28.49417,227.47554,7.8500576e-05,2.6317195,5.4249879,0.26475739,0.19603859,0.1501178,0.011742536,60.478198,84.795337
1919.6667,35.231903,234.86009,5.7129379e-05,1.8266166,3.8170684,0.22035647,0.26486173,0.16485937,0.011847908,53.390489,103.02373
1919.75,43.763697,242.40488,4.3230993e-05,0.67533443,1.4247512,0.066368504,0.35959995,0.19066016,0.012038365,59.248135,120.96617
1919.8333,48.843578,8.1995241,3.7521968e-05,0.009907499,0.02564564,0.00024569974,0.41822317,0.22481485,0.012376857,1.6513013,16.469206
1919.9167,48.777319,0,3.5566583e-05,0.00072258639,0,0,0.42292762,0.25790933,0.012736208,0,19.428743
1920,49.494538,0,3.3346812e-05,0.011722806,0,0,0.42796433,0.28823221,0.013181522,0,9.5422255
1920.0833,49.38928,0,3.2473152e-05,0.0097415038,0,0,0.43238473,0.3142705,0.013657569,0,9.4014913
1920.1667,49.277779,0,3.3409371e-05,0.033525319,0,0,0.43899196,0.33772773,0.014088323,0,9.3452026
1920.25,49.160186,0,3.3475291e-05,0.060063602,0,0,0.44350553,0.35959324,0.014491778,0,9.2295474
1920.3333,49.03293,0,3.382564e-05,0.28245506,0,0,0.44628149,0.37922701,0.014856041,0,9.1324023
1920.4167,47.5615,83.311573,3.5608282e-05,1.309922,0.87843169,0.016666817,0.43566245,0.39665467,0.015156711,2391.3628,15.851265
1920.5,33.737186,209.45901,4.8347443e-05,1.8870019,2.3364743,0.16153009,0.3105149,0.40515587,0.014973857,281.8489,20.491142
1920.5833,16.64672,233.68636,0.00011355291,2.7755062,5.6096947,0.55573994,0.16445486,0.39340439,0.014509441,184.43754,47.395
1920.6667,14.699842,244.18993,0.00012588115,1.8649519,3.8969149,0.37388331,0.16868585,0.36451817,0.014114281,102.69817,51.637869
1920.75,17.386226,120.99768,9.2773764e-05,0.53557115,0.80454583,0.10211984,0.18696141,0.33776215,0.013781585,27.271276,24.121339
1920.8333,17.602125,0,8.6217791e-05,0.023412352,0,0,0.1889537,0.31517237,0.013495293,0,2.0389072
1920.9167,17.451715,0,8.9071e-05,0.00039434258,0,0,0.19243874,0.29520479,0.013238813,0,3.3790326
1921,17.235894,0,9.2735434e-05,-1.6529064e-11,0,0,0.19793893,0.27681124,0.013003498,0,1.9608826
1921.0833,16.85193,0,9.6149997e-05,0,0,0,0.19916524,0.26064938,0.012799826,0,1.9295897
1921.1667,16.475653,0,0.00010007595,-4.5707409e-06,0,0,0.20021327,0.24581599,0.012614827,0,1.8483917
1921.25,16.094765,0,0.00010495564,-0.00024170996,0,0,0.20113558,0.23178007,0.012441344,0,1.8135507
1921.3333,15.723914,0,0.00011204978,0.017608589,0,0,0.2020894,0.21896952,0.012284536,0,1.7765827
1921.4167,11.81284,108.00792,0.00015386973,1.4418352,1.561255,0.098054377,0.16232036,0.20707497,0.012127463,1987.4519,7.7893991
1921.5,4.2304597,213.21137,0.00078003836,3.6116802,7.2350327,0.48905213,0.043896928,0.19267158,0.011930319,707.26994,27.577132
1921.5833,6.6877166,234.61296,0.00050863356,3.2844818,6.45057,0.45268458,0.046032224,0.17650804,0.011743211,119.91828,45.394352
1921.6667,9.9345716,244.35066,0.00031486095,2.0096221,4.0848281,0.28106928,0.068531759,0.16351801,0.011582041,118.21147,47.799109
1921.75,13.069876,137.52337,0.00018812585,0.5975293,0.91961631,0.0809131,0.087114334,0.15315568,0.011468935,34.264207,25.991141
1921.8333,13.535121,0,0.00014006323,0.2008626,0,0,0.091684274,0.14399853,0.011429851,0,2.443152
1921.9167,13.493079,0,0.00013009757,0.00050384151,0,0,0.092682533,0.13562791,0.011405611,0,3.6407079
1922,13.493212,0,0.00013411498,0.0039708301,0,0,0.093397446,0.12793477,0.011384358,0,2.3220411
1922.0833,13.435623,0,0.00013953955,0.01341462,0,0,0.093211539,0.12126338,0.011366902,0,2.2015318
1922.1667,13.37301,0,0.00014550213,0.044961246,0,0,0.094077334,0.11521088,0.011351122,0,2.0417231
1922.25,13.288208,0,0.0001471407,0.071516524,0,0,0.094304428,0.10952549,0.011336355,0,1.8492072
1922.3333,13.200582,0,0.00014962615,0.23756468,0,0,0.094451383,0.10438227,0.011323035,0,1.8467373
1922.4167,11.716765,54.985374,0.00016734925,0.8852988,0.39143685,0.0093481339,0.082852371,0.099642962,0.011304482,1853.3452,4.3561725
1922.5,3.2391357,163.65364,0.00060036487,1.2628534,1.2525977,0.083191729,0.015782347,0.09328343,0.011203553,206.24042,0.87920225
1922.5833,2.8108126,208.39438,0.0011366477,2.485099,4.8985091,0.35994336,0.011266071,0.085889377,0.011085334,730.5635,2.8241378
1922.6667,3.5763802,239.58385,0.0012080813,1.9532441,3.8948783,0.32406057,0.015509767,0.079098195,0.01098072,60.509898,17.691079
1922.75,4.6387077,189.47844,0.0006827481,0.71362162,1.1544416,0.12615329,0.023036078,0.073794462,0.010888917,35.484452,8.2719458
1922.8333,4.7571538,0,0.00037088356,0.0011532831,0,0,0.023914406,0.069454767,0.010808497,0,0.36365475
1922.9167,4.6278075,0,0.00039762439,-8.0708996e-12,0,0,0.024031349,0.065515593,0.010735611,0,0.70560999
1923,4.5100562,0,0.00039985089,-3.811047e-09,0,0,0.024200384,0.061846305,0.010668797,0,0.20993024
1923.0833,4.3781442,0,0.00042277924,-1.8364977e-06,0,0,0.024462212,0.058643404,0.010611363,0,0.15979254
1923.1667,4.2494321,0,0.00043976592,-6.1037468e-06,0,0,0.024701588,0.055706594,0.010558975,0,0.15111176
1923.25,4.1201203,0,0.00047552833,-0.00011855426,0,0,0.024929598,0.052920356,0.010509576,0,0.14581483
1923.3333,3.9947936,0,0.00052614463,-0.00010582532,0,0,0.025139509,0.050371699,0.010464714,0,0.13698332
1923.4167,2.8432396,110.2707,0.00081302191,1.0772016,1.6125216,0.058985847,0.014321952,0.047613617,0.0104226,1872.9944,2.681132
1923.5,2.5742506,202.61018,0.0017886596,4.0685605,7.7509673,0.37466041,0.012875009,0.044070423,0.010381808,715.77001,12.252829
1923.5833,5.5592167,223.38805,0.00072205882,3.0614198,5.7697254,0.39836113,0.037802994,0.042067468,0.010345736,86.724967,45.856135
1923.6667,8.1344927,231.1369,0.00042705744,2.0538817,3.9478368,0.35139314,0.055627614,0.042652879,0.010323949,67.467719,26.732338
1923.75,9.7934334,237.92972,0.00032252818,1.021912,1.9357842,0.18156055,0.060672857,0.045040682,0.010295536,60.50933,24.257295
1923.8333,10.847625,56.387614,0.00018564222,0.045861783,0.092027921,0.0048727942,0.06869442,0.049102474,0.010269985,10.486203,7.4838109
1923.9167,10.703839,0,0.00015033068,-4.79305e-09,0,0,0.069372885,0.053103846,0.01024868,0,3.2954805
1924,10.620676,0,0.00019313832,-1.0575466e-06,0,0,0.068880886,0.056652423,0.01022903,0,1.8010328
1924.0833,10.429987,0,0.00018491043,-1.0569682e-08,0,0,0.069354981,0.059580419,0.010212149,0,1.7763908
1924.1667,10.243109,0,0.00019078104,-0.00011265332,0,0,0.069804795,0.062196311,0.010196861,0,1.7334314
1924.25,10.052445,0,0.00019498826,-0.0002450549,0,0,0.070212916,0.064559832,0.010182529,0,1.6970498
1924.3333,9.8668346,0,0.00021237684,0.022396232,0,0,0.070581242,0.066552259,0.010169579,0,1.6722942
1924.4167,7.8551769,141.03258,0.00044556335,3.62022,5.076051,0.26231469,0.056973852,0.067918941,0.010156415,2494.7335,9.879483
1924.5,7.0208963,213.43665,0.00057404715,3.8106407,6.9005229,0.42965598,0.046210997,0.067985594,0.010142024,114.71755,32.081342
1924.5833,9.3514398,223.34209,0.00040888268,3.1599314,5.6817504,0.37852385,0.060375191,0.068550318,0.010136122,87.439176,31.327737
1924.6667,11.880217,232.90431,0.00029561078,2.0528292,3.755799,0.29031408,0.082577795,0.071070351,0.010155002,86.17336,36.041717
1924.75,13.976943,69.354095,0.00019611798,0.27474026,0.42539468,0.040602886,0.10335712,0.075755678,0.010236479,24.277402,13.509828
1924.8333,14.056153,0,0.00015540728,0.091771729,0,0,0.10499081,0.08124873,0.010402455,0,2.5493985
1924.9167,14.016683,0,0.0001454095,0.013322123,0,0,0.10606443,0.086223729,0.010557647,0,4.1206228
1925,14.079656,0,0.00013656143,0.00013288048,0,0,0.10685422,0.090723455,0.010700035,0,2.1992744
1925.0833,13.870698,0,0.00013252474,-6.0447163e-06,0,0,0.10695063,0.094473824,0.010821531,0,2.1698066
1925.1667,13.607249,0,0.00013765083,-0.00017961953,0,0,0.10697992,0.097666755,0.010929008,0,2.1380336
1925.25,13.341076,0,0.00014384228,-8.7949086e-05,0,0,0.10696268,0.10047389,0.011027325,0,2.1050215
1925.3333,13.107376,5.9192325,0.00014918165,0.51377804,0,0,0.10681947,0.10279736,0.011113929,2159.4875,4.5441685
1925.4167,9.612334,208.77951,0.00035456222,4.6948157,8.392693,0.52835197,0.061780345,0.1023607,0.01110172,421.04667,15.266192
1925.5,9.46867,227.10362,0.00036136256,4.0712076,6.9938371,0.5950303,0.054668609,0.095960952,0.01100391,116.61612,26.489421
1925.5833,11.617658,239.92404,0.00026634076,3.5123224,6.0415029,0.54067431,0.06847176,0.090735771,0.010916455,113.98473,37.157409
1925.6667,14.470667,249.18014,0.00021643504,2.0091803,3.625457,0.36676469,0.082571007,0.088560037,0.010845351,84.550035,40.3268
1925.75,17.352723,257.25406,0.00016561951,1.0923791,2.0585109,0.22208501,0.10180847,0.08916603,0.01079239,80.799313,44.893848
1925.8333,19.798025,87.135516,9.3041192e-05,0.11022095,0.17872466,0.022415851,0.11921512,0.092030793,0.010764644,22.130927,18.63048
1925.9167,19.928131,0,7.6340388e-05,0.0011196488,0,0,0.12131514,0.095502056,0.010799507,0,6.0532603
1926,20.061601,0,7.6840421e-05,0.00043511825,0,0,0.12263197,0.098690405,0.010842165,0,3.6370288
1926.0833,19.897033,0,7.6877885e-05,0.0004787002,0,0,0.12291189,0.10134584,0.010878224,0,3.5410207
1926.1667,19.555222,0,7.9354984e-05,-0.0001345914,0,0,0.12225404,0.10334223,0.010908885,0,3.4722718
1926.25,19.206578,0,8.5573287e-05,-0.00017079893,0,0,0.12106758,0.10486475,0.010936941,0,3.403759
1926.3333,18.968107,0,9.3562965e-05,0.62228966,0,0,0.12176859,0.10595532,0.010961786,0,3.3589355
1926.4167,18.058797,119.9453,0.00015065086,4.3236678,5.0823798,0.41436803,0.11188734,0.10679044,0.010970969,2756.2272,16.430276
1926.5,16.76807,234.92964,0.00014227322,4.5578517,7.7633154,0.73087653,0.094539374,0.1074292,0.010904633,129.55068,34.744127
1926.5833,18.740484,243.47764,8.1751772e-05,3.3253037,5.8367121,0.54126558,0.10781696,0.10935868,0.010832585,66.585704,34.448671
1926.6667,21.300863,249.18219,6.7258261e-05,2.2418009,4.1599638,0.37994685,0.12563407,0.1136476,0.010784451,52.950623,40.272713
1926.75,24.114709,163.41506,5.4525204e-05,1.0087017,1.5889217,0.14828484,0.1479813,0.12044828,0.010767402,30.145858,31.368512
1926.8333,24.7635,0,5.1544368e-05,0.11711709,0,0,0.15426368,0.12834206,0.010769124,0,4.6794921
1926.9167,24.627682,0,5.2927575e-05,0.00079871387,0,0,0.15399969,0.13556308,0.010785375,0,8.1760593
1927,24.794526,0,5.6368972e-05,0.013567445,0,0,0.15540035,0.14272067,0.010821143,0,4.6202706
1927.0833,24.570499,0,6.1069673e-05,3.8309218e-05,0,0,0.15782593,0.14878969,0.010852375,0,4.5304981
1927.1667,24.163069,0,6.3570762e-05,-0.00012392445,0,0,0.15894826,0.15367417,0.010873233,0,4.4725607
1927.25,23.750991,0,6.6168475e-05,-0.0001025694,0,0,0.15953016,0.15765376,0.010884352,0,4.4152872
1927.3333,23.35312,0,7.0635855e-05,0.068794481,0,0,0.15971905,0.16069309,0.010886223,0,4.358577
1927.4167,22.697803,149.35561,8.8781584e-05,2.6539581,3.8894323,0.28030897,0.15584062,0.16267943,0.010885663,2703.5602,25.555375
1927.5,22.811702,230.414,9.7241791e-05,4.2406539,7.332635,0.5830209,0.13965069,0.1612041,0.010879304,107.32956,42.757686
1927.5833,24.835996,238.91973,6.9870948e-05,3.40395,5.967444,0.47814028,0.14313954,0.15679654,0.010836107,61.22709,48.77504
1927.6667,28.016815,245.20651,5.5514323e-05,2.1634167,3.8336875,0.32996212,0.16073214,0.15390424,0.010782903,58.45461,53.889648
1927.75,30.202622,16.023919,4.6770387e-05,0.36706992,0.25176081,0.022932894,0.17299616,0.15354806,0.010736303,3.7903791,13.394487
1927.8333,30.327061,0,4.0678511e-05,0.010405446,0,0,0.17116052,0.15369979,0.010734075,0,5.8260106
1927.9167,30.269084,0,3.9012401e-05,6.7154316e-05,0,0,0.17159368,0.15380019,0.010739118,0,9.1024145
1928,30.43247,0,4.2241762e-05,0.014984347,0,0,0.17668237,0.1538734,0.010747162,0,5.8626449
1928.0833,30.369695,0,4.5252222e-05,0.10084391,0,0,0.18239985,0.15392075,0.010755764,0,5.846697
1928.1667,30.307494,0,4.5670356e-05,0.017541103,0,0,0.18313009,0.15392108,0.010763567,0,5.8382057
1928.25,30.133704,0,4.5715435e-05,0.0091242891,0,0,0.18381584,0.15385011,0.010770828,0,5.794007
1928.3333,29.822839,0,4.752753e-05,0.94829598,0,0,0.1840314,0.15349659,0.010776781,0,5.6329785
1928.4167,28.993836,167.37752,5.9089733e-05,4.0417627,5.8169596,0.58168431,0.17208552,0.15292045,0.01076139,2851.9488,36.196586
1928.5,28.750308,240.94504,6.6384549e-05,4.3034543,7.6187528,0.87157325,0.16654108,0.15260275,0.010693164,99.537935,46.502824
1928.5833,31.153169,249.11685,5.7662171e-05,3.0529712,5.3071444,0.65249532,0.18062893,0.15461251,0.010646955,71.050657,49.161698
1928.6667,34.506645,255.53209,4.814412e-05,2.2224074,4.0769336,0.4956772,0.20325948,0.15963992,0.010683176,66.725038,58.756658
1928.75,38.1926,176.43839,3.688112e-05,0.71668104,0.87953788,0.16053124,0.23035391,0.16851032,0.010762986,33.352477,42.943831
1928.8333,39.042462,0,3.091355e-05,0.063399382,0,0,0.23814036,0.17950569,0.010889156,0,7.5325581
1928.9167,38.953926,0,3.1671312e-05,8.2516344e-05,0,0,0.23895286,0.18958478,0.011008332,0,12.02846
1929,39.190188,0,3.203666e-05,0.047395783,0,0,0.2397489,0.19912185,0.011120254,0,7.6166106
1929.0833,39.106585,0,3.2902673e-05,0.11126139,0,0,0.24211574,0.20755032,0.011218933,0,7.5591795
1929.1667,39.017003,0,3.3364133e-05,0.056389722,0,0,0.2447457,0.21504174,0.011309504,0,7.477739
1929.25,38.918301,0,3.5056288e-05,0.21750628,0,0,0.25060233,0.22192259,0.011394538,0,7.2165653
1929.3333,38.812391,0,3.6284568e-05,0.81217327,0,0,0.25191689,0.22797269,0.011501608,0,7.2041706
1929.4167,37.548978,196.63131,3.9268354e-05,2.8243908,4.2426322,0.64637258,0.23774195,0.23299295,0.011753629,2856.8339,35.022336
1929.5,36.805019,241.982,5.3593536e-05,4.3507225,7.7300281,1.1879889,0.21896657,0.23738573,0.011920342,88.035451,57.969119
1929.5833,38.49398,249.19222,4.7609105e-05,2.7393313,4.9757091,0.7680316,0.22951472,0.24198887,0.011956811,66.873993,61.794544
1929.6667,42.205643,255.56198,4.1360756e-05,2.1186195,3.9691941,0.58366113,0.26410413,0.24749571,0.012026795,55.861275,74.54192
1929.75,46.970319,125.52148,2.9256806e-05,0.76488079,1.1124106,0.18407505,0.30497772,0.25741014,0.0123121,23.3668,45.543538
1929.8333,47.594894,0,2.2802631e-05,0.015422987,0,0,0.31066751,0.26900643,0.0126758,0,9.2586774
1929.9167,47.503814,0,2.3413151e-05,0.00097858649,0,0,0.31137174,0.27943882,0.013003779,0,14.676572
1930,47.524597,0,2.4241001e-05,0.01403353,0,0,0.3111563,0.29116651,0.01331252,0,9.0560052
1930.0833,47.180466,0,2.5127158e-05,0.00053274544,0,0,0.31364468,0.30289915,0.013571193,0,8.7072587
1930.1667,46.411961,0,2.7301545e-05,-4.0364886e-05,0,0,0.32106674,0.30766228,0.013734604,0,8.7384841
1930.25,45.636777,0,2.9405819e-05,-0.00014448861,0,0,0.3284871,0.31018916,0.01379334,0,8.5736529
1930.3333,44.906925,0,3.1362455e-05,0.17132544,0,0,0.33258837,0.31102172,0.013751619,0,8.4021073
1930.4167,44.062734,127.00398,3.3490174e-05,1.2518367,0.97294727,0.19280667,0.32025728,0.31283733,0.013674963,2590.3222,25.401443
1930.5,42.659607,227.91399,4.7662659e-05,3.5913086,6.6098984,0.80562846,0.27746937,0.30802619,0.013671977,209.07525,55.960922
1930.5833,42.978577,240.08578,5.2047875e-05,3.1804988,5.7086028,0.75452361,0.2557998,0.29753721,0.013571222,83.222486,73.252365
1930.6667,45.921244,248.5404,4.5200126e-05,2.0058048,3.7159223,0.4806677,0.27551794,0.28463134,0.013277066,71.520182,81.698771
1930.75,51.585443,222.08676,3.7349102e-05,0.69462782,1.2328099,0.17071435,0.31531185,0.27836108,0.01302711,45.64967,79.934523
1930.8333,53.756159,0,3.1380849e-05,0.00026287892,0,0,0.33398575,0.27975705,0.012965319,0,10.16986
1930.9167,53.637642,0,2.7809354e-05,0.022677597,0,0,0.33510306,0.28192121,0.012988017,0,14.184849
1931,53.826258,0,2.7699598e-05,0.019917912,0,0,0.33846411,0.28367037,0.013014521,0,10.070208
1931.0833,53.68451,0,2.7438085e-05,0.012156212,0,0,0.34297097,0.28404388,0.013041072,0,9.9403487
1931.1667,53.079206,0,2.7454398e-05,-7.364867e-07,0,0,0.34303918,0.28350464,0.013077985,0,9.5318664
1931.25,52.13926,0,2.8441627e-05,-3.7750898e-05,0,0,0.34314096,0.28113604,0.013091965,0,9.060998
1931.3333,51.570583,0,3.0098183e-05,0.74941528,0,0,0.34294438,0.27745789,0.013071037,0,8.873823
1931.4167,50.533023,112.92338,3.6299116e-05,3.1650492,4.4904727,0.50695824,0.33191556,0.27365014,0.013041256,2780.2978,35.072245
1931.5,46.869148,236.86394,4.7285765e-05,3.7390068,6.7957158,0.91487225,0.28995588,0.27062213,0.013081622,119.70841,57.468616
1931.5833,44.126634,247.41966,4.7315738e-05,2.9796585,5.5607232,0.75861079,0.2821261,0.27048039,0.013097537,94.925181,57.047635
1931.6667,45.443423,256.0333,4.2432534e-05,2.0307582,3.9741971,0.53167229,0.29445818,0.27260056,0.012981645,72.060564,67.854482
1931.75,48.689306,117.67188,3.6023284e-05,0.63408347,0.76668591,0.11538561,0.31161562,0.27888376,0.012824021,21.166133,38.247059
1931.8333,48.977993,0,3.2550284e-05,0.027994798,0,0,0.31569725,0.28722394,0.012842147,0,8.9164063
1931.9167,48.840158,0,3.0937641e-05,9.978627e-05,0,0,0.31641731,0.29471985,0.012889359,0,13.904835
1932,49.136657,0,2.9794672e-05,0.00043597504,0,0,0.31585154,0.30141068,0.012940625,0,9.4285722
1932.0833,48.989553,0,2.8664437e-05,0.0063060617,0,0,0.31564367,0.30696622,0.012995281,0,8.7476109
1932.1667,48.823573,0,2.8051969e-05,0.089431355,0,0,0.31548056,0.3117829,0.013046137,0,8.4581667
1932.25,48.639316,0,2.7995618e-05,0.40491422,0,0,0.31587452,0.31613255,0.013095067,0,8.4030403
1932.3333,48.456345,0,2.8845227e-05,0.81284895,0,0,0.31690642,0.31989759,0.013139312,0,8.3646059
1932.4167,43.323215,134.35063,3.2011671e-05,1.8937098,1.5325122,0.38612139,0.28517142,0.32268044,0.013100503,2355.6587,13.674887
1932.5,24.416888,223.9639,5.7311467e-05,3.203029,5.5155155,1.0541322,0.18546014,0.32169932,0.012821629,558.84172,25.970209
1932.5833,13.861324,248.24761,0.00011478298,2.7444132,5.2623107,0.93245775,0.18662906,0.31935447,0.012553571,95.096733,55.247921
1932.6667,17.427258,255.23314,8.9649977e-05,1.9288015,3.7829841,0.61549826,0.23494036,0.32194021,0.0123226,71.885938,65.841538
1932.75,22.477467,175.7503,6.6956069e-05,0.82550338,1.5256372,0.22385237,0.2958338,0.33154625,0.012156432,29.799422,52.135253
1932.8333,23.764534,0,4.7255206e-05,0.031750079,0,0,0.31524137,0.34458688,0.012132044,0,4.3600685
1932.9167,23.573915,0,4.544323e-05,0.0017447552,0,0,0.32320341,0.36065343,0.012128596,0,4.5958563
1933,23.240944,0,4.6656267e-05,-5.1614415e-11,0,0,0.32922384,0.37715352,0.012096114,0,2.8530919
1933.0833,22.74183,0,5.1082508e-05,-1.2002045e-07,0,0,0.33245778,0.38756594,0.012027044,0,2.8136682
1933.1667,22.255184,0,5.9277725e-05,-0.00010957068,0,0,0.33285341,0.39358348,0.011934825,0,2.7749493
1933.25,21.763518,0,6.8273002e-05,-0.00038694371,0,0,0.34475264,0.39663419,0.011839582,0,2.6665596
1933.3333,21.296883,0,7.3921707e-05,0.2213374,0,0,0.34896481,0.39732158,0.011749797,0,2.5435504
1933.4167,20.031471,106.00454,8.5894731e-05,2.4126326,3.6939845,0.35726802,0.32109973,0.3959786,0.011660581,2612.0455,19.61295
1933.5,16.168037,228.0381,0.00014356362,4.0300914,7.4291476,0.82460139,0.14508203,0.38218844,0.011568197,169.48835,73.930541
1933.5833,17.241826,236.4897,0.0001152921,3.0420237,5.674098,0.64236441,0.10976751,0.35234687,0.011442397,61.399608,92.30627
1933.6667,24.299568,241.93282,7.7867742e-05,1.8802663,3.5513836,0.41420381,0.16291204,0.32268393,0.011331527,38.78601,107.72433
1933.75,31.920284,142.50183,4.9570695e-05,0.54735045,0.90316401,0.12921251,0.22823271,0.29729486,0.011263896,14.27416,70.599514
1933.8333,33.257425,0,4.0343744e-05,0.023401791,0,0,0.24122591,0.27531064,0.011249131,0,6.2943428
1933.9167,33.179838,0,4.1752537e-05,0.00030615674,0,0,0.24471475,0.25548577,0.011244698,0,7.1980028
1934,32.962549,0,4.2813499e-05,-2.8590531e-23,0,0,0.25245675,0.23720028,0.011244401,0,6.1271632
1934.0833,32.417592,0,4.4929402e-05,-6.8992267e-06,0,0,0.25437924,0.22113155,0.011247115,0,5.9963452
1934.1667,31.888649,0,4.6825069e-05,-0.00012825072,0,0,0.25648719,0.20626742,0.011245253,0,5.9413173
1934.25,31.351872,0,4.9498976e-05,-0.00053089277,0,0,0.25822309,0.19192415,0.011239316,0,5.8507671
1934.3333,30.850695,0,5.283823e-05,0.24155902,0,0,0.25952503,0.17872751,0.011229876,0,5.7569857
1934.4167,29.376388,152.03926,7.4991272e-05,3.760562,5.8762325,0.46380723,0.24558572,0.16675895,0.011200669,2654.0745,36.895068
1934.5,29.449146,225.628,8.2235725e-05,3.8548161,7.0610202,0.66593157,0.21300653,0.15814079,0.011099394,94.090902,56.153747
1934.5833,32.091733,234.77006,6.7684487e-05,3.1086595,5.7870825,0.58619297,0.20800327,0.15454508,0.010991643,66.974911,74.144387
1934.6667,37.955668,241.3058,5.2970554e-05,2.2804583,4.3165566,0.47202912,0.2357284,0.15661037,0.010901433,47.970489,95.115437
1934.75,45.603789,198.59385,4.0879466e-05,0.77978351,1.4773289,0.16826342,0.29447842,0.16482569,0.010835831,32.825841,93.253198
1934.8333,48.178501,0,2.6494838e-05,0.020828726,0,0,0.31393844,0.17656906,0.010791318,0,9.7117177
1934.9167,47.447763,0,2.6456273e-05,-1.4628831e-23,0,0,0.29933146,0.18771213,0.010756244,0,13.178787
1935,46.924509,0,2.706227e-05,-1.4362835e-08,0,0,0.29975688,0.19698276,0.010724522,0,8.7693227
1935.0833,46.16208,0,2.8300627e-05,-1.6268212e-06,0,0,0.30341017,0.20392309,0.01069681,0,8.6479597
1935.1667,45.414537,0,2.9481071e-05,-4.5160057e-05,0,0,0.31065384,0.20927112,0.010670825,0,8.5280314
1935.25,44.65631,0,3.1172309e-05,-0.00012381308,0,0,0.31573802,0.2134257,0.010645608,0,8.4040522
1935.3333,43.899208,0,3.291115e-05,-0.00029109499,0,0,0.31293854,0.21638289,0.010621998,0,7.9587863
1935.4167,42.632502,84.623061,3.6723588e-05,0.78757371,0.53434748,0.049514834,0.3117151,0.21851085,0.010596921,2216.4891,29.319647
1935.5,39.630927,201.97901,5.5003296e-05,3.3947398,6.0659297,0.41957655,0.30240127,0.22262886,0.010548105,327.98644,68.337403
1935.5833,41.817334,218.98818,5.7987905e-05,3.1843812,5.7488777,0.46959052,0.33366716,0.23213793,0.01049983,73.643435,98.11114
1935.6667,48.140828,226.69552,4.7159006e-05,2.1762869,4.0238596,0.35868051,0.39433244,0.24878444,0.010462726,54.338211,107.54412
1935.75,55.693198,180.46856,3.7251168e-05,0.73723486,1.3534683,0.11605776,0.47172794,0.27067631,0.010438656,41.696679,88.216337
1935.8333,57.681054,0,3.3612672e-05,0.012420032,0,0,0.49139565,0.29514909,0.01042928,0,8.4636776
1935.9167,57.338852,0,3.1307343e-05,2.1545179e-19,0,0,0.49267063,0.3175877,0.010430056,0,14.256849
1936,57.46818,0,2.8509628e-05,0.0011791976,0,0,0.50142187,0.33653912,0.010451373,0,8.1689746
1936.0833,57.114203,0,2.9126239e-05,0.013298728,0,0,0.50796741,0.35142803,0.010483271,0,8.0483933
1936.1667,56.760605,0,2.9455217e-05,0.05294775,0,0,0.51045078,0.36476064,0.010512048,0,7.9837104
1936.25,56.398626,0,2.9949455e-05,0.37069559,0,0,0.51048654,0.37710813,0.010538933,0,7.9701328
1936.3333,56.105804,21.591282,3.0267367e-05,1.2350066,0.19546511,0.01553015,0.50730014,0.38810924,0.010562753,1981.0108,26.656339
1936.4167,45.116909,185.98147,3.6001809e-05,2.4765006,3.5395926,0.39073012,0.37526834,0.39455754,0.010563026,516.39912,20.04017
1936.5,24.72287,228.68779,8.3574967e-05,3.8974702,7.2359916,0.75234554,0.21522059,0.38485983,0.010550804,229.53628,44.285357
1936.5833,21.300893,240.02263,9.3409559e-05,2.8717152,5.5507306,0.50367252,0.20449583,0.36010718,0.010525614,97.951156,56.32622
1936.6667,23.740359,249.46862,7.5754564e-05,2.0319448,3.9833379,0.34937595,0.21791975,0.33480132,0.010493634,90.35349,56.372985
1936.75,26.052225,255.38188,6.1328778e-05,0.72598237,1.3069125,0.12775332,0.23388912,0.31023541,0.010454452,39.364877,54.184816
1936.8333,27.691094,111.68908,5.0818089e-05,0.056301348,0.077693815,0.0075761973,0.26255336,0.28739798,0.010412625,8.6901763,22.718341
1936.9167,27.698744,0,4.7069443e-05,0.0006524365,0,0,0.26573908,0.26679173,0.010375641,0,4.5591068
1937,27.500531,0,4.8333619e-05,0.044371145,0,0,0.26591522,0.24788697,0.01034441,0,3.7986315
1937.0833,27.316801,0,4.9869817e-05,0.027680523,0,0,0.2682198,0.2315589,0.010318344,0,3.6524511
1937.1667,27.129797,0,5.0876351e-05,0.06361024,0,0,0.27015522,0.2167677,0.010294823,0,3.6028162
1937.25,26.934871,0,5.3193984e-05,0.18030572,0,0,0.2759189,0.20289798,0.010272854,0,3.4406953
1937.3333,26.722817,0,5.6350851e-05,0.61124141,0,0,0.27770728,0.19035937,0.010253122,0,3.2586297
1937.4167,24.994789,87.58311,6.1341954e-05,1.7677705,1.218901,0.15563804,0.25956717,0.17879759,0.010234552,2228.2069,14.310862
1937.5,15.298096,222.54847,0.00011740926,3.955794,7.4704944,0.87438848,0.12690984,0.16696653,0.010212648,598.5521,44.904261
1937.5833,14.761939,241.14361,0.00012136988,3.3947841,6.493613,0.81710794,0.12420961,0.16232881,0.010192049,101.17951,72.039326
1937.6667,21.067977,248.01555,8.3261308e-05,2.1332753,4.1883467,0.50474621,0.20247521,0.17134804,0.010175594,66.156723,92.172931
1937.75,28.815698,211.87112,5.7049674e-05,0.7602906,1.5197435,0.17570352,0.30887437,0.19593884,0.010166408,34.558003,92.787167
1937.8333,31.640526,0,3.6796078e-05,0.082229705,0,0,0.35261181,0.23117711,0.010179509,0,5.7757395
1937.9167,31.560417,0,3.6829832e-05,7.9669807e-20,0,0,0.35301441,0.26476106,0.010209397,0,11.182395
1938,31.745359,0,3.6854995e-05,0.00048350454,0,0,0.35413626,0.29520154,0.010277314,0,5.3773686
1938.0833,31.300046,0,3.9062103e-05,-5.1224791e-07,0,0,0.353782,0.31982127,0.010358487,0,5.0115366
1938.1667,30.757073,0,4.2520838e-05,-3.6997024e-05,0,0,0.36100847,0.33939698,0.010424021,0,5.5657642
1938.25,30.232975,0,4.5690431e-05,0.034706758,0,0,0.36666369,0.35602441,0.010483189,0,5.4810895
1938.3333,29.943358,0,4.8716316e-05,1.134688,0,0,0.36792547,0.36985561,0.010535751,0,5.4353791
1938.4167,29.889107,213.27534,7.4009207e-05,4.5518888,8.2192441,0.72735262,0.33272669,0.38039336,0.010679113,2770.2529,70.772627
1938.5,33.488289,234.9996,6.6995293e-05,3.8391973,7.0726587,0.61031813,0.26534158,0.38467509,0.01101778,86.586914,97.159101
1938.5833,39.202753,243.1891,5.411926e-05,2.8706989,5.360285,0.43846607,0.2470271,0.38195035,0.011353276,64.164751,119.13754
1938.6667,47.203891,249.56137,4.2501641e-05,2.0354284,3.9697724,0.31159728,0.28581801,0.37330925,0.011768923,49.207301,142.02687
1938.75,58.076181,254.45062,3.1952986e-05,0.9647492,1.7302979,0.16041969,0.37217179,0.36491138,0.012090716,37.64208,154.1324
1938.8333,65.062605,34.236107,2.0582873e-05,0.098932584,0.073789263,0.012387825,0.42806664,0.35940731,0.012397249,4.715933,33.980246
1938.9167,64.935826,0,2.0102205e-05,0.0029754574,0,0,0.42941537,0.35487866,0.012706177,0,16.368077
1939,65.081112,0,2.0060894e-05,1.643389e-05,0,0,0.42858097,0.35059568,0.013002274,0,11.268108
1939.0833,64.844757,0,1.9456866e-05,0.0085358964,0,0,0.42547929,0.34679961,0.013261271,0,11.143166
1939.1667,64.230502,0,1.9071273e-05,-8.7068849e-05,0,0,0.42477956,0.34315494,0.013494983,0,10.865298
1939.25,63.244745,0,1.9780027e-05,0.231574,0,0,0.42673835,0.33886975,0.013710488,0,10.381946
1939.3333,62.863261,0,2.0646157e-05,0.74792877,0,0,0.43343401,0.33448499,0.01390047,0,9.4673997
1939.4167,62.323753,121.50473,2.6302578e-05,3.4748771,4.7778794,0.40235541,0.43192068,0.33020276,0.014057418,2778.4406,54.314354
1939.5,60.966671,235.43394,2.4894583e-05,4.4634595,8.051337,0.7642642,0.39361832,0.32411417,0.014004729,115.97873,100.94211
1939.5833,62.373135,243.65009,1.5311629e-05,3.2988706,6.2058524,0.5854986,0.3941651,0.31799829,0.013670394,66.132053,100.47961
1939.6667,66.394813,249.20297,1.4285437e-05,2.1792313,4.2000469,0.39655639,0.43506584,0.31289867,0.013331871,47.320214,105.17155
1939.75,72.347455,163.01198,1.4660076e-05,0.7989311,1.1572182,0.13574852,0.48706603,0.30857888,0.013016768,23.793244,78.294961
1939.8333,73.466696,0,1.5929749e-05,0.0064199106,0,0,0.49925825,0.30334711,0.012740167,0,14.368294
1939.9167,72.370902,0,1.5875101e-05,-1.764566e-07,0,0,0.50033134,0.29541251,0.012501959,0,17.620435
1940,71.446814,0,1.710932e-05,-6.1186057e-08,0,0,0.50097603,0.28699633,0.012285532,0,13.126661
1940.0833,70.271164,0,1.7694974e-05,-1.0179517e-05,0,0,0.50414085,0.27904359,0.012100111,0,12.469128
1940.1667,69.053248,0,1.7930741e-05,-3.4826183e-06,0,0,0.50286603,0.271211,0.011932138,0,11.670899
1940.25,67.76505,0,1.8928657e-05,0.029067671,0,0,0.50418252,0.26328683,0.011774632,0,9.7754194
1940.3333,66.729702,75.106174,2.5116156e-05,3.0589341,2.3808877,0.14397555,0.50091636,0.25571379,0.011629788,2388.072,27.389527
1940.4167,64.265862,217.24011,2.608174e-05,4.8342025,8.4612304,0.57833451,0.45167193,0.25056866,0.011477211,222.02519,66.894237
1940.5,62.814571,228.31838,1.5830674e-05,4.2616541,7.5079379,0.55636663,0.41773066,0.25319704,0.011334337,89.02781,107.29422
1940.5833,63.907027,235.54192,1.5311378e-05,3.3315459,6.0119254,0.47045813,0.46087971,0.26911339,0.011203236,63.358936,120.7575
1940.6667,70.515312,240.8848,1.3863157e-05,2.0714724,3.8474406,0.31131354,0.57821727,0.30389428,0.011086815,46.605525,138.56122
1940.75,80.45958,165.3782,1.2786399e-05,0.83433722,1.3351187,0.10859765,0.7445994,0.36371827,0.010986413,20.032229,112.73655
1940.8333,82.995661,0,1.4117837e-05,0.11513117,0,0,0.79277891,0.43840462,0.010946165,0,16.085711
1940.9167,82.15747,0,1.4428756e-05,2.1032008e-05,0,0,0.78131056,0.50649405,0.010956878,0,26.202176
1941,81.59636,0,1.4741314e-05,-1.6596232e-10,0,0,0.78514081,0.56555551,0.011004749,0,15.134407
1941.0833,80.271751,0,1.5078491e-05,-1.6315819e-05,0,0,0.78301692,0.61371505,0.011044418,0,14.87097
1941.1667,78.963891,0,1.540433e-05,-4.5021216e-05,0,0,0.78703403,0.65485734,0.011080123,0,14.55462
1941.25,77.632949,0,1.58393e-05,0.0036064412,0,0,0.78882152,0.69108546,0.011113407,0,14.293069
1941.3333,76.948948,12.079543,1.5486823e-05,2.1442014,0.20425293,0.010952056,0.78759325,0.72189504,0.011143032,2212.6063,30.690382
1941.4167,77.22038,206.96817,1.5047699e-05,4.741447,7.9607099,0.493363,0.71345741,0.74755597,0.011099228,310.23612,77.214246
1941.5,79.11294,219.16752,1.1747871e-05,4.1672724,7.0076795,0.4435525,0.63099802,0.7632696,0.011037244,63.678343,113.8466
1941.5833,81.690773,225.394,1.0776568e-05,3.650312,6.242361,0.35776544,0.61332899,0.7658332,0.010985231,48.465803,130.44378
1941.6667,85.25072,230.18755,8.9887826e-06,2.3190965,4.066747,0.21149026,0.66542232,0.75231522,0.010988347,33.287113,137.42175
1941.75,91.263086,127.73113,8.0624177e-06,0.91019012,1.1477423,0.058626691,0.76253623,0.72639865,0.011033286,12.005925,99.027593
1941.8333,92.967659,0,8.1018561e-06,0.02683381,0,0,0.81023109,0.70222914,0.011436472,0,17.765038
1941.9167,92.773765,0,8.0689697e-06,0.0013715545,0,0,0.85102415,0.68039083,0.011888403,0,24.806659
1942,93.128629,0,9.1032271e-06,0.023483635,0,0,0.76157302,0.66011989,0.012309194,0,17.605242
1942.0833,92.911191,0,9.7973552e-06,0.16656684,0,0,0.7299335,0.64243633,0.012699069,0,17.480221
1942.1667,92.684224,0,1.045966e-05,0.074482447,0,0,0.69332886,0.62631774,0.012815655,0,17.336624
1942.25,92.435017,0,1.0974766e-05,0.44049258,0,0,0.68196267,0.61113262,0.013135588,0,17.185378
1942.3333,92.156693,0,1.1181962e-05,0.98726991,0,0,0.67034864,0.59729946,0.013467734,0,17.04092
1942.4167,93.046129,175.50683,1.1366696e-05,4.1255502,6.6008243,0.38255531,0.66942292,0.58253521,0.013555323,2657.4325,118.75907
1942.5,99.228851,222.35957,1.1171417e-05,4.619998,7.6790472,0.48746417,0.72232991,0.55637336,0.013270508,71.515988,171.7522
1942.5833,108.47375,227.8244,1.019421e-05,3.4495724,5.7500846,0.38601603,0.84638292,0.52606332,0.013013156,55.83073,194.73616
1942.6667,121.78088,232.6515,8.9836212e-06,2.4508638,4.2155582,0.2875216,1.0387056,0.50483435,0.012828155,52.572273,224.29476
1942.75,133.79741,236.94903,8.0844948e-06,0.8698573,1.4104228,0.10732753,1.1578848,0.49532443,0.012738786,40.309665,126.57666
1942.8333,136.34278,7.9512373,7.8823095e-06,0.050081016,0.0047108781,0.00019680667,1.155871,0.49726781,0.013030353,0.77527631,21.805189
1942.9167,135.34357,0,7.8968087e-06,3.1564737e-05,0,0,1.1533158,0.50087219,0.013679196,0,26.79214
1943,134.96219,0,7.8987232e-06,0.00048505306,0,0,1.1485676,0.50220281,0.014317818,0,17.349997
1943.0833,133.98361,0,8.0093996e-06,0.033580063,0,0,1.1449686,0.50262368,0.014889432,0,17.015908
1943.1667,133.00747,0,8.149048e-06,0.066519363,0,0,1.1444732,0.50285381,0.015406874,0,16.912153
1943.25,131.99534,0,8.2610331e-06,0.26853368,0,0,1.1426351,0.50291663,0.015891785,0,16.61021
1943.3333,130.96339,0,8.3392151e-06,0.90157444,0,0,1.1374564,0.50281709,0.016329939,0,15.457601
1943.4167,124.64321,180.74147,8.6524378e-06,2.3020854,3.0358987,0.2742336,0.95958614,0.50106114,0.016496211,2458.5289,70.404686
1943.5,95.953032,215.95643,1.0777886e-05,4.3913568,7.3481853,0.71429385,0.63754731,0.49277908,0.01632883,228.68785,51.445839
1943.5833,82.645178,226.75601,1.1744262e-05,3.2365668,5.4094143,0.56464104,0.62868959,0.4810558,0.016378339,72.970988,60.179461
1943.6667,83.973959,232.15416,1.0946737e-05,2.2968973,3.9964627,0.4181826,0.64518952,0.47114402,0.016773041,56.55884,66.357601
1943.75,87.579891,236.26998,9.9328508e-06,1.0017533,1.7100296,0.19147827,0.67009509,0.46100488,0.017538825,31.907854,69.747616
1943.8333,89.380622,0,8.8117349e-06,0.050464575,0.0078210744,0.0021657175,0.69667149,0.45061719,0.01871991,0,18.146275
1943.9167,89.169048,0,8.5855099e-06,0.00019354519,0,0,0.72712028,0.43883941,0.020040505,0,21.181395
1944,89.187033,0,9.3456165e-06,0.00027024268,0,0,0.71036988,0.42430422,0.0213787,0,16.071489
1944.0833,88.892169,0,9.7497841e-06,0.033957461,0,0,0.68692279,0.40955889,0.022618163,0,15.710638
1944.1667,88.594452,0,1.0686223e-05,0.038335617,0,0,0.67930561,0.39595687,0.02374091,0,15.421397
1944.25,88.227846,0,1.1639827e-05,0.12270125,0,0,0.69499809,0.38314652,0.024793653,0,14.452321
1944.3333,87.802269,0,1.1953182e-05,0.52813165,0,0,0.70000207,0.37150851,0.025745239,0,13.543597
1944.4167,86.640477,131.11056,1.2112603e-05,1.4988769,1.3997941,0.1588044,0.67531592,0.3602162,0.026510805,2326.9412,35.575158
1944.5,78.499958,210.95556,1.3628517e-05,4.0814286,6.9216617,0.84898716,0.60867518,0.34339577,0.026546782,349.85698,42.607887
1944.5833,70.391446,226.39707,1.5078107e-05,3.5288857,5.9342512,0.75063626,0.58168048,0.31839213,0.025450444,67.250911,73.676613
1944.6667,70.831202,231.81267,1.445712e-05,2.0954942,3.6195846,0.44092957,0.56979966,0.30241832,0.023977108,51.713884,124.70426
1944.75,80.839053,197.44515,1.2658416e-05,0.83114766,1.4709077,0.16994062,0.62946284,0.32698151,0.022681495,24.14725,166.17775
1944.8333,86.164705,0,1.1425765e-05,0.028109599,0,0,0.67553431,0.39593831,0.021563657,0,16.529866
1944.9167,85.65674,0,1.1079236e-05,0.0059348374,0,0,0.66747296,0.46396652,0.020559182,0,24.186057
1945,85.788563,0,1.1260046e-05,0.0042296523,0,0,0.6700092,0.52327693,0.019627273,0,16.592872
1945.0833,84.867038,0,1.137097e-05,0.0068806582,0,0,0.67221171,0.57065469,0.018812329,0,16.299721
1945.1667,83.531536,0,1.1691774e-05,-7.4107419e-05,0,0,0.6777975,0.60751939,0.018052613,0,15.200217
1945.25,82.068995,0,1.2070271e-05,-0.00032567554,0,0,0.6820792,0.6370163,0.017323833,0,14.398982
1945.3333,80.631882,0,1.2741609e-05,0.074115244,0,0,0.69231141,0.66076118,0.016662238,0,14.042748
1945.4167,79.330906,83.52939,1.3552148e-05,1.1763534,0.62243934,0.08649993,0.70828933,0.68166071,0.016100984,2045.6122,34.560864
1945.5,77.642798,194.98877,1.5144836e-05,3.8995117,6.460031,0.61027121,0.93477654,0.72776425,0.01595078,478.31845,155.67481
1945.5833,81.071593,215.99874,1.4692755e-05,3.1343092,5.0551007,0.5317196,1.4532208,0.83178735,0.016381387,72.421202,130.44469
1945.6667,82.909606,222.8476,1.3707267e-05,2.2771965,3.8819331,0.3799462,1.7867154,0.98403078,0.017548993,53.7115,104.09575
1945.75,87.060466,102.21275,1.2546414e-05,0.74761698,1.0196272,0.11376432,1.7495331,1.1317334,0.020135637,14.662393,43.27962
1945.8333,86.940639,0,1.2425323e-05,0.0083874803,0,0,1.6978235,1.2609659,0.023344574,0,10.581758
1945.9167,86.250752,0,1.2548397e-05,0.00043840363,0,0,1.6648823,1.3768373,0.026387226,0,11.245719
1946,85.589565,0,1.2903134e-05,0.023353458,0,0,1.6543176,1.4827678,0.029302299,0,9.9792855
1946.0833,84.897511,0,1.3148125e-05,0.0018216177,0,0,1.6343708,1.5733145,0.031849761,0,10.083924
1946.1667,84.177002,0,1.3210522e-05,0.039681687,0,0,1.6102331,1.6545194,0.034153055,0,9.1871103
1946.25,83.385251,0,1.3357782e-05,0.25037698,0,0,1.5905542,1.7298356,0.036305856,0,9.0650865
1946.3333,82.55823,0,1.3373645e-05,0.94545136,0,0,1.5568551,1.7970725,0.038243894,0,9.0358602
1946.4167,80.161057,134.59268,1.3611126e-05,2.757026,3.4429271,0.45962513,1.3744256,1.846127,0.040262897,2332.6211,50.48852
1946.5,60.946058,207.08185,1.7560988e-05,4.3702021,6.7103996,0.91406672,0.88921183,1.8052117,0.041966811,208.65596,74.583143
1946.5833,48.448216,217.40042,1.9966348e-05,3.0300862,4.7466588,0.66612894,0.9191671,1.6592283,0.040096231,73.656425,105.11396
1946.6667,56.443915,222.67658,1.6779975e-05,2.0925873,3.445635,0.47643258,0.92127812,1.5057575,0.037246674,29.221274,144.08724
1946.75,68.497293,226.24846,1.3689617e-05,0.93598381,1.5391855,0.2240165,0.92468107,1.3681978,0.034825306,13.390878,172.36473
1946.8333,76.510489,22.755122,1.2047992e-05,0.052814057,0.0075804353,0.00041730384,0.91852146,1.2461849,0.032860041,0.51290152,36.442492
1946.9167,76.425679,0,1.1991767e-05,0.0015475512,0,0,0.87134677,1.138365,0.031151606,0,15.244344
1947,76.221988,0,1.1962497e-05,0.00087257201,0,0,0.85733891,1.0394983,0.02959466,0,14.335255
1947.0833,76.017693,0,1.1833734e-05,0.10766563,0,0,0.87758505,0.95439517,0.028261032,0,13.293662
1947.1667,75.671308,0,1.2210518e-05,0.06025895,0,0,0.90846419,0.87734973,0.027055988,0,11.666711
1947.25,75.27224,0,1.2845637e-05,0.33406245,0,0,0.95223612,0.80515254,0.025927652,0,11.545722
1947.3333,74.905545,19.81697,1.3116825e-05,1.428961,0.50428474,0.090591,0.96817392,0.73990226,0.024909992,1859.3846,25.361149
1947.4167,70.427075,197.0184,1.394288e-05,4.8278685,7.6615932,1.3601823,0.96085513,0.67850798,0.023889791,653.13462,41.193445
1947.5,66.930465,218.00281,1.4595917e-05,4.6259907,7.2633793,1.3677935,1.0439694,0.62153202,0.022681374,81.727691,77.719322
1947.5833,66.067606,226.18133,1.4220802e-05,3.3290617,5.3479626,1.0243473,1.0484325,0.56960714,0.021500964,74.864892,95.632263
1947.6667,69.675028,232.71373,1.3190397e-05,2.0146669,3.3240949,0.63950263,1.0086637,0.52411538,0.020627242,45.671321,115.24948
1947.75,77.401847,167.63832,1.1613864e-05,0.5570059,0.78277363,0.1894177,0.94486839,0.48435643,0.020174744,16.209345,95.001977
1947.8333,79.336859,0,1.0840611e-05,0.033746485,0,0,0.88384008,0.44984621,0.020160014,0,14.951397
1947.9167,79.11969,0,1.122438e-05,0.0041418987,0,0,0.8253423,0.41766071,0.02021757,0,15.745485
1948,78.932628,0,1.2100646e-05,0.0027730443,0,0,0.88511878,0.38852257,0.020316882,0,14.776199
1948.0833,78.732811,0,1.3255842e-05,0.0087839354,0,0,1.0590523,0.3642984,0.020459296,0,14.7246
1948.1667,78.000583,0,1.3274001e-05,0.00074763098,0,0,1.1586208,0.3422738,0.020589458,0,13.78532
1948.25,76.893762,0,1.374214e-05,0.16138373,0,0,1.2226564,0.32119367,0.020710934,0,13.291311
1948.3333,76.562248,0,1.3837845e-05,0.49074483,0,0,1.2313771,0.30189821,0.020819193,0,13.238054
1948.4167,75.652823,88.0787,1.39958e-05,1.8796399,1.9591238,0.45257554,1.1854655,0.28410277,0.020891294,2288.2382,41.149064
1948.5,71.080878,208.8616,1.6102022e-05,4.1376246,6.5062743,1.4432997,1.1714144,0.2660141,0.020630416,310.61324,81.967201
1948.5833,69.601171,221.40367,1.7035232e-05,3.3998887,5.2791207,1.2501472,1.0442853,0.25094295,0.02001648,78.052601,106.83228
1948.6667,73.095754,228.7084,1.5594513e-05,2.19091,3.4175843,0.85494691,0.94307202,0.24097934,0.019456198,53.829,127.44245
1948.75,81.490606,142.34576,1.3311958e-05,0.61429845,0.75405904,0.24687181,0.96386665,0.23653872,0.019569241,17.610089,97.819301
1948.8333,83.238102,0,1.2632338e-05,0.0040392746,0,0,0.99569237,0.2349578,0.020199088,0,14.310491
1948.9167,82.48353,0,1.2537405e-05,4.9619888e-06,0,0,0.95139909,0.23332554,0.020808395,0,15.461988
1949,81.010111,0,1.3168023e-05,-4.0373575e-08,0,0,0.74965918,0.23161989,0.021353027,0,11.981578
1949.0833,79.458542,0,1.37018e-05,-7.423683e-06,0,0,0.73726392,0.229322,0.021810066,0,11.843461
1949.1667,77.904627,0,1.4174299e-05,-7.3408621e-05,0,0,0.73935139,0.22634906,0.022212634,0,10.800637
1949.25,76.290414,0,1.4688064e-05,0,0,0,0.73691839,0.22275706,0.022577098,0,10.442069
1949.3333,74.71136,0,1.5411641e-05,0.016817389,0,0,0.73248637,0.21877374,0.022891851,0,10.265247
1949.4167,67.736052,111.54658,1.7614777e-05,1.0812578,0.66123117,0.14788114,0.68497777,0.21177889,0.022727933,1778.64,23.983945
1949.5,45.410704,173.44405,2.7759901e-05,3.5686661,5.0401072,0.88541805,0.71554053,0.19562154,0.021548828,592.25638,13.084168
1949.5833,25.021488,204.50632,4.9710925e-05,3.2502527,4.696305,0.91461594,1.3598493,0.17910472,0.020414125,76.987074,26.997303
1949.6667,21.65395,211.86712,4.9913047e-05,2.4367077,3.5978636,0.70898316,1.9686863,0.16383654,0.01940714,52.430351,35.770143
1949.75,24.441199,216.72447,4.1237272e-05,0.90813414,1.3034617,0.27470648,1.9873366,0.15433323,0.018500691,17.876912,65.29061
1949.8333,28.757436,65.56537,3.5438254e-05,0.080724218,0.04564103,0.0086890355,1.6684337,0.16581288,0.017686214,0.5436484,33.388375
1949.9167,28.978871,0,3.637046e-05,0.00082860641,0,0,1.5127773,0.18735035,0.016953984,0,7.0477589
1950,28.919587,0,3.661064e-05,0.05524552,0,0,1.4143088,0.20702195,0.01628272,0,2.3612727
1950.0833,28.601902,0,3.690536e-05,0.0050230265,0,0,1.2737596,0.22377522,0.015705355,0,2.3273247
1950.1667,28.288862,0,3.7381e-05,0.13846881,0,0,1.1397296,0.23873742,0.015182734,0,2.3194452
1950.25,27.970076,0,3.8448361e-05,0.40321592,0,0,0.98669535,0.25255078,0.014693026,0,2.3104745
1950.3333,27.653627,0,3.9433278e-05,0.98718673,0,0,0.87168586,0.26481918,0.014250674,0,2.2204481
1950.4167,26.05273,125.61426,4.5734207e-05,3.2534496,4.2190265,0.88905201,0.93289703,0.27768946,0.013848127,2416.3949,53.809961
1950.5,22.875246,208.0573,4.8339094e-05,4.8975763,7.0586634,1.5618013,2.0053029,0.31038004,0.013523751,128.21829,135.77578
1950.5833,31.282868,217.25383,3.4233675e-05,3.5646333,5.1916596,1.1112725,2.6009579,0.37810245,0.013389118,74.437816,191.31854
1950.6667,46.651196,223.69453,2.3510946e-05,2.4875329,3.7276522,0.74817441,2.4956253,0.47724578,0.013543989,38.369545,178.29517
1950.75,59.347767,227.09844,1.8729501e-05,1.0029371,1.5674138,0.29314452,2.0529065,0.57926285,0.013978051,9.6140133,183.17991
1950.8333,66.18423,0,1.6852828e-05,0.14962649,0.021675772,0.0038943414,1.8278441,0.66656095,0.014550639,0,14.51884
1950.9167,65.639585,0,1.697997e-05,0.0011991752,0,0,1.746716,0.74403334,0.015199634,0,8.4862061
1951,65.111652,0,1.7244305e-05,2.1795988e-18,0,0,1.6968809,0.81468219,0.015875362,0,8.0492756
1951.0833,64.601786,0,1.7166891e-05,0.014035095,0,0,1.6526238,0.87447101,0.016488699,0,8.0403082
1951.1667,64.118974,0,1.7490529e-05,0.045637294,0,0,1.5927016,0.92786318,0.017042454,0,8.025787
1951.25,63.62398,0,1.8065435e-05,0.57664979,0,0,1.5513777,0.97719342,0.017557876,0,7.9358009
1951.3333,63.133948,0,1.8629233e-05,1.4904168,0,0,1.5178552,1.0210401,0.018019864,0,7.9206556
1951.4167,62.309042,187.69787,1.8625997e-05,5.1762038,7.052633,1.6415177,1.4099154,1.0489293,0.018876528,2534.2718,121.59403
1951.5,58.35712,214.24666,1.878402e-05,4.4268107,6.1296731,1.501106,1.4507636,1.0231912,0.019272184,69.103143,157.08942
1951.5833,63.653842,220.24481,1.6191227e-05,3.2518912,4.5536041,1.1182482,1.5865322,0.94518268,0.018538373,42.176343,188.63454
1951.6667,76.343253,224.51155,1.3064774e-05,2.5287558,3.6968665,0.8596361,1.5565273,0.86728573,0.017843865,34.949773,195.38647
1951.75,88.103689,65.850422,1.0882494e-05,0.55432335,0.5674539,0.14481704,1.4651963,0.79818898,0.017252039,7.87985,84.936981
1951.8333,88.754252,0,1.0504442e-05,0.043922737,0,0,1.3855888,0.73523003,0.016742557,0,17.204312
1951.9167,88.546768,0,1.1218826e-05,0.001549442,0,0,1.3429267,0.67481339,0.016295139,0,16.945013
1952,88.331588,0,1.2026296e-05,4.5119606e-07,0,0,1.2927859,0.61892635,0.015900066,0,15.930324
1952.0833,88.058107,0,1.2977035e-05,0.029778223,0,0,1.2585529,0.57073712,0.015572422,0,15.727055
1952.1667,87.686323,0,1.3393677e-05,0.093783643,0,0,1.2039371,0.52709627,0.015276428,0,12.692669
1952.25,87.069921,0,1.3589235e-05,0.18046912,0,0,1.1451057,0.48618373,0.014999329,0,11.458525
1952.3333,86.449921,0,1.3813676e-05,0.54561037,0,0,1.0917615,0.44920686,0.014749276,0,11.441674
1952.4167,86.889967,90.774953,1.3746175e-05,1.8583884,1.4518426,0.47028781,1.0344062,0.41576791,0.014521019,2270.4123,95.474639
1952.5,91.412462,204.20866,1.4217841e-05,4.8930604,6.7806535,1.8501227,1.134122,0.38486403,0.014313207,272.24637,216.20622
1952.5833,95.893629,214.09155,1.3753608e-05,3.4379078,4.7387713,1.2774515,1.4557978,0.35443392,0.014094045,45.755329,252.62554
1952.6667,105.69029,218.06057,1.2114733e-05,2.5609574,3.5507716,0.94071114,1.7803755,0.32586923,0.013769317,39.978298,294.03002
1952.75,124.20797,220.90854,1.011429e-05,1.0256445,1.3073576,0.3970266,1.8791625,0.31169221,0.013444851,20.809798,228.01047
1952.8333,132.77841,29.610051,9.323684e-06,0.27468879,0.058666696,0.028667285,1.8246781,0.33524239,0.013183889,1.8778551,52.787134
1952.9167,132.10653,0,8.8119523e-06,0.0039907057,0,0,1.7485394,0.36926201,0.012970695,0,16.714122
1953,130.6318,0,8.9164541e-06,9.293731e-19,0,0,1.6769093,0.40002057,0.012774474,0,10.483109
1953.0833,128.00492,0,9.1632983e-06,-3.557187e-08,0,0,1.6236348,0.42401516,0.012593039,0,10.300359
1953.1667,124.85626,0,9.536262e-06,-2.195404e-06,0,0,1.5831593,0.43960533,0.012400072,0,9.4697735
1953.25,121.61389,0,9.9522604e-06,-4.7659092e-05,0,0,1.5486652,0.44990882,0.012208273,0,8.4249657
1953.3333,119.84543,27.336508,1.0326695e-05,2.810123,1.0460623,0.22825853,1.5107299,0.45638877,0.0120379,1736.4642,59.432607
1953.4167,116.05621,179.72766,1.2184766e-05,5.2594388,6.5936483,1.4852633,1.5570327,0.47681186,0.012247991,574.08723,134.32676
1953.5,101.07439,201.09898,1.3056056e-05,5.3336997,6.5736827,1.5573307,1.7502304,0.56264508,0.013353479,75.70046,159.78958
1953.5833,77.281937,207.02973,1.5434089e-05,3.5588343,4.5807456,1.0326029,2.8134658,0.74589401,0.01571642,43.644358,100.34446
1953.6667,72.360374,211.54678,1.5395843e-05,2.5953196,3.390545,0.75262494,3.6115632,1.0337448,0.019690551,38.144429,80.022558
1953.75,69.92837,180.46987,1.4712081e-05,1.0983277,1.2759882,0.33135159,4.0139894,1.4163007,0.025071951,22.242937,66.974316
1953.8333,68.990849,0,1.285273e-05,0.015265441,0,0,3.734339,1.7977523,0.030777972,0,8.5939485
1953.9167,67.582369,0,1.3287467e-05,-9.0398102e-07,0,0,3.5195391,2.1245875,0.035430964,0,9.7367084
1954,66.187255,0,1.3441397e-05,-1.1910329e-06,0,0,3.3139272,2.389358,0.038213063,0,7.2015079
1954.0833,64.707398,0,1.3509066e-05,-2.1389428e-05,0,0,3.1174238,2.58847,0.039167404,0,7.0153352
1954.1667,63.228309,0,1.3901495e-05,-0.00027601306,0,0,3.0188344,2.7445283,0.038750004,0,5.861009
1954.25,61.622653,0,1.4606841e-05,-0.00012680448,0,0,2.9892967,2.8701751,0.0373118,0,4.399404
1954.3333,61.473124,27.374147,1.546935e-05,2.0208688,0.75981911,0.11965866,2.9878368,2.9652884,0.035365414,1716.2717,95.555194
1954.4167,64.593375,173.4082,1.610435e-05,5.6539072,6.6467434,1.123449,2.6464698,3.0182824,0.036503058,439.59644,65.99543
1954.5,66.322237,187.87999,1.5348973e-05,4.7995946,5.557925,1.0092992,1.8005745,2.999198,0.039824825,68.150334,125.58273
1954.5833,62.381815,194.2337,1.4726769e-05,3.9359353,4.7967172,0.8256643,0.94346893,2.9017434,0.040881954,57.268039,165.15297
1954.6667,59.76655,199.64418,1.3917959e-05,2.4811006,3.1041141,0.53373668,0.93429863,2.7428739,0.038769752,41.884214,186.79003
1954.75,71.924977,203.34403,1.0340827e-05,1.1808509,1.2544585,0.28028917,1.2160014,2.630517,0.03687479,16.784063,140.20219
1954.8333,79.880416,68.218984,8.9146642e-06,0.11945865,0.072501598,0.020142628,1.3943566,2.5908556,0.036101148,1.7975193,58.163173
1954.9167,80.037832,0,9.4804163e-06,5.9052441e-19,0,0,1.3980343,2.5788887,0.035829496,0,12.72337
1955,79.629116,0,9.9902491e-06,0.003405976,0,0,1.4108337,2.5689123,0.035601303,0,11.985075
1955.0833,79.123385,0,1.0861719e-05,0.0010939155,0,0,1.4504398,2.5610056,0.035410378,0,11.734587
1955.1667,77.803329,0,1.2339971e-05,-0.00027093201,0,0,1.4950017,2.5482686,0.035242971,0,11.449457
1955.25,76.261289,0,1.3446707e-05,-0.00028506674,0,0,1.4808233,2.5239651,0.035098344,0,11.261342
1955.3333,75.112469,0,1.4141749e-05,0.93853222,0,0,1.4529055,2.4905951,0.034981079,0,10.977626
1955.4167,82.810216,163.27736,1.3738411e-05,4.4030435,5.1338493,0.81102303,1.4391316,2.4497938,0.03460246,2182.9009,208.73376
1955.5,93.693435,184.64558,1.4174074e-05,4.7621907,5.5239942,0.94969569,1.2837911,2.3709819,0.033131626,74.146257,210.52205
1955.5833,99.847339,190.81652,1.2911879e-05,4.066747,4.7587847,0.85136452,1.2008219,2.2291846,0.03096251,45.262707,241.49836
1955.6667,110.44959,194.58884,1.1169937e-05,2.6655063,3.1860756,0.58112646,1.2718751,2.0381267,0.0291437,28.449288,233.24182
1955.75,125.81012,133.45012,9.4763782e-06,0.94289297,0.99239367,0.18939163,1.3095536,1.8591769,0.027937515,12.739216,179.30037
1955.8333,129.39382,0,8.3123196e-06,0.040236219,0,0,1.3092877,1.7001175,0.027254883,0,16.12443
1955.9167,128.40372,0,8.3191062e-06,0.0013147315,0,0,1.3023174,1.5566885,0.026687996,0,17.718213
1956,127.51298,0,8.4041358e-06,0.0038535597,0,0,1.2950088,1.4240959,0.026172055,0,15.79919
1956.0833,126.543,0,8.4367266e-06,0.0084524395,0,0,1.2832437,1.3091072,0.025729256,0,15.491935
1956.1667,125.57782,0,8.4387775e-06,0.038103821,0,0,1.2694769,1.2050163,0.025329003,0,15.394266
1956.25,124.58459,0,8.5276333e-06,0.20415816,0,0,1.2690388,1.1074715,0.024954541,0,15.078643
1956.3333,123.54374,0,8.7384205e-06,0.9098827,0,0,1.2723489,1.0193479,0.024616862,0,14.470438
1956.4167,123.05614,130.08761,8.5770298e-06,2.8658638,2.5365929,0.664758,1.1546491,0.93899113,0.024102813,1993.8195,171.01617
1956.5,109.62287,180.68388,1.0172248e-05,5.4993071,6.3040472,1.4795807,0.97134435,0.86363804,0.022893265,266.31455,199.33725
1956.5833,104.30074,191.42476,9.3935369e-06,3.4470645,4.0920864,0.96334335,1.1743,0.79408056,0.02175965,48.268308,219.94838
1956.6667,119.5037,194.37526,6.6958833e-06,2.6913519,3.2274549,0.76130585,1.434473,0.73657542,0.021186419,23.237975,228.38963
1956.75,130.68573,113.96822,6.0456496e-06,0.78167159,0.81231201,0.1934508,1.5485398,0.68825299,0.021552738,11.630269,79.541955
1956.8333,131.02211,0,6.2303588e-06,0.0077076685,0,0,1.5265956,0.64528185,0.022565942,0,20.213523
1956.9167,130.30809,0,6.3523476e-06,0.00030898609,0,0,1.520656,0.60626668,0.023517717,0,19.378077
1957,129.06429,0,6.7099345e-06,0.057805496,0,0,1.5238177,0.5703994,0.02434504,0,8.6652136
1957.0833,127.48682,0,6.9703165e-06,0.048481481,0,0,1.500222,0.53943115,0.025024561,0,7.8927589
1957.1667,125.87076,0,7.5188368e-06,0.067912078,0,0,1.5230914,0.51131004,0.02564623,0,7.4089614
1957.25,124.21878,0,8.2315973e-06,0.42863777,0,0,1.5728418,0.48486322,0.026235785,0,7.3785745
1957.3333,122.95052,12.117795,8.5176807e-06,1.0696164,0.057319381,0.024984204,1.57658,0.46085051,0.026779717,1475.2137,55.585139
1957.4167,112.32926,138.84628,8.9551368e-06,3.8332111,4.148046,1.2117817,1.3091286,0.43991452,0.026807079,507.30339,20.849014
1957.5,76.612964,182.38652,1.3004674e-05,5.3302507,6.2114519,1.8053909,0.86219919,0.42666635,0.025762852,251.69551,61.564354
1957.5833,45.471963,192.18542,1.3722792e-05,4.3329999,5.1270435,1.4845486,0.73783922,0.4268465,0.025486797,42.600272,80.663403
1957.6667,46.424702,195.28164,1.2284289e-05,2.6286478,3.1811124,0.8887911,0.77236325,0.44838345,0.027514063,25.182191,94.611208
1957.75,53.866476,197.66739,1.1213601e-05,1.0650236,1.2947348,0.3544044,0.87429112,0.49917829,0.033455018,11.967786,111.95086
1957.8333,59.821449,59.610542,1.0517146e-05,0.14111717,0.079048419,0.017852012,1.0205694,0.58272678,0.044408053,2.0651875,46.602399
1957.9167,59.92566,0,1.0334823e-05,0.00084382074,0,0,0.99687845,0.67272067,0.056505274,0,19.167296
1958,60.332038,0,1.1023103e-05,0.013116957,0,0,0.97130513,0.75490415,0.06780196,0,9.4226255
1958.0833,59.981827,0,1.2102814e-05,0.075697421,0,0,0.9446013,0.8251403,0.077711821,0,8.4278936
1958.1667,59.596334,0,1.2281072e-05,0.30587415,0,0,0.94325334,0.88799375,0.086714804,0,8.1866925
1958.25,59.196338,0,1.2590106e-05,0.67282776,0,0,0.94966775,0.94616657,0.095163092,0,8.0727459
1958.3333,58.73657,0,1.2811176e-05,1.246334,0,0,0.95153069,0.99801338,0.1027901,0,5.8965199
1958.4167,60.833342,130.81624,1.2515668e-05,4.4367397,4.3686852,1.377662,0.9095645,1.0415473,0.10911048,2175.3105,84.93869
1958.5,56.937557,183.68891,1.1318506e-05,5.4875336,6.4280912,1.8805481,0.79730737,1.0670006,0.11177406,84.420421,50.385665
1958.5833,55.567238,189.18791,1.0119034e-05,4.1469778,4.9746388,1.3846447,0.74793887,1.0802153,0.11096347,49.983024,66.711306
1958.6667,57.114895,192.69562,9.547377e-06,2.5198625,3.1333795,0.82531391,0.76435935,1.086213,0.10678697,33.335917,69.790008
1958.75,57.922062,125.79989,9.1900856e-06,0.59155669,0.65429577,0.16401924,0.8057549,1.0892248,0.099214099,12.450514,45.65502
1958.8333,58.31876,0,8.9434843e-06,0.03894672,0,0,0.81016141,1.0918494,0.090783834,0,10.685138
1958.9167,57.986401,0,8.6957962e-06,0.00056988157,0,0,0.80886567,1.0940362,0.083167255,0,7.1989744
1959,57.473212,0,9.2045939e-06,0.00026255803,0,0,0.79283714,1.0953524,0.076457068,0,7.1398452
1959.0833,57.038754,0,1.4526036e-05,0.16368638,0,0,0.85580683,1.0959496,0.070961647,0,7.124408
1959.1667,56.610212,0,1.6801812e-05,0.02815918,0,0,0.8980639,1.0961096,0.065992959,0,7.0888538
1959.25,56.172814,0,1.6904798e-05,0.26017884,0,0,0.87456882,1.0958444,0.061342116,0,7.0545341
1959.3333,55.739619,0,1.708908e-05,1.3471234,0,0,0.85111499,1.0951791,0.057145912,0,7.0137539
1959.4167,55.716105,154.45486,1.7422684e-05,4.0631132,4.3677167,1.3716197,0.75593364,1.0889745,0.05363439,2137.2486,83.152161
1959.5,55.506561,180.73592,2.0579602e-05,4.8604391,5.5947073,1.6860591,0.5917598,1.0563644,0.050565988,81.27425,130.6626
1959.5833,57.781026,185.23248,1.9752993e-05,4.1614062,4.859347,1.413684,0.59702796,0.98647791,0.047391899,36.793635,168.10845
1959.6667,71.01699,188.84629,1.652217e-05,2.8293899,3.3256033,0.96701552,0.71488696,0.90071827,0.045767408,40.076002,216.04127
1959.75,89.0145,154.40758,1.3301802e-05,0.99748989,1.0124658,0.34451851,0.87756473,0.82352966,0.047289416,14.77622,218.7554
1959.8333,95.77696,0,1.0957704e-05,0.034885283,0,0,0.93948525,0.75465149,0.051634274,0,18.120168
1959.9167,95.500678,0,1.0960703e-05,0.00069774848,0,0,0.93856907,0.69248939,0.05585219,0,17.386121
1960,95.204413,0,1.0918608e-05,0.00064202576,0,0,0.93335485,0.63544852,0.059646003,0,17.291636
1960.0833,94.92851,0,1.089275e-05,0.051396306,0,0,0.92712754,0.58633858,0.062831044,0,17.267996
1960.1667,94.655797,0,1.081129e-05,0.0627166,0,0,0.92122579,0.54190224,0.065624684,0,17.243608
1960.25,94.360843,0,1.0786752e-05,0.16145663,0,0,0.92107892,0.50028205,0.068150431,0,16.732366
1960.3333,94.227865,14.564034,1.0867367e-05,1.4996362,0.25977201,0.075526687,0.91927254,0.46269804,0.07033477,1783.617,47.134371
1960.4167,100.79652,167.00888,1.0842095e-05,5.0380071,5.8771656,1.7798101,0.908997,0.42826906,0.071274355,279.79126,194.39751
1960.5,112.41135,177.78806,1.1520472e-05,5.3564026,5.6911512,2.0111469,0.97141999,0.39936316,0.0695621,52.261251,236.65405
1960.5833,127.57133,182.13388,9.7580614e-06,4.4793601,4.7295445,1.7125002,1.1428568,0.37889162,0.067272671,46.210912,277.72171
1960.6667,147.66173,186.33191,7.6275874e-06,2.8737215,3.1894687,1.106902,1.3594369,0.37014189,0.065901719,36.878528,301.92178
1960.75,162.9263,85.044503,6.2781714e-06,0.90457769,0.60802123,0.23836345,1.5307946,0.37512848,0.065996267,7.3039661,110.49137
1960.8333,163.24815,0,6.4423302e-06,0.050880829,0,0,1.5396497,0.3857221,0.06689781,0,26.527203
1960.9167,161.22699,0,6.5283139e-06,0.013895951,0,0,1.5362846,0.39444244,0.067676872,0,26.487014
1961,160.24601,0,6.5136273e-06,0.018800731,0,0,1.5252606,0.40184376,0.068309568,0,21.191415
1961.0833,158.46244,0,6.4678807e-06,0,0,0,1.5128475,0.40779561,0.068762511,0,20.989142
1961.1667,155.19091,0,6.6843463e-06,-0.00010440324,0,0,1.5155154,0.41096783,0.069098838,0,16.130848
1961.25,151.02459,0,7.015859e-06,-0.00048083266,0,0,1.5208489,0.41103575,0.069350794,0,6.4857617
1961.3333,147.19099,0,7.3244419e-06,1.5854563,0,0,1.5179113,0.40852448,0.069510885,0,6.4653628
1961.4167,142.30639,142.68112,8.187164e-06,5.8425522,5.5744612,1.6303759,1.3593894,0.40541768,0.068571068,1972.2698,90.519636
1961.5,114.99775,167.07461,9.5087926e-06,5.221191,5.2306397,1.6082354,1.0195574,0.40769711,0.064117193,72.850302,62.158073
1961.5833,80.652155,171.97514,1.1452457e-05,4.4763197,4.3619402,1.4435025,0.80872262,0.4213635,0.058906108,37.050899,87.719524
1961.6667,54.788459,175.67624,1.4117522e-05,2.7351779,2.73854,0.91491307,0.91957211,0.44954976,0.054228317,25.102479,94.679376
1961.75,53.221084,80.372043,1.3655213e-05,0.99627619,0.69323624,0.2639568,1.1060878,0.49456945,0.050025944,10.184508,53.875559
1961.8333,53.789333,0,1.2690647e-05,0.069405061,0,0,1.114208,0.54529619,0.046271548,0,8.9371579
1961.9167,53.425435,0,1.270446e-05,0.00039258033,0,0,1.1017939,0.59049416,0.042889673,0,7.7477734
1962,52.488245,0,1.3245266e-05,-3.5279077e-07,0,0,1.0775582,0.62927717,0.03978686,0,5.9935132
1962.0833,51.333603,0,1.3783726e-05,-1.038521e-05,0,0,1.0528966,0.65677655,0.037114393,0,5.8017394
1962.1667,50.208673,0,1.4206167e-05,-0.00027841907,0,0,1.0271304,0.67582703,0.034694787,0,5.7101379
1962.25,49.074255,0,1.4567383e-05,-9.8804958e-05,0,0,1.0010692,0.6883862,0.032426845,0,5.6220368
1962.3333,48.114713,0,1.5290703e-05,1.2781453,0,0,0.97648877,0.69516259,0.030379688,0,6.0440683
1962.4167,47.628336,103.86726,1.6553351e-05,6.371369,4.4332659,0.96371691,0.93368089,0.69794464,0.028497895,1884.4093,43.936547
1962.5,45.091473,160.62789,1.4503608e-05,6.3862496,5.9258922,1.3448209,0.83033705,0.68796009,0.026723061,72.912882,78.024647
1962.5833,44.349089,165.55479,1.2041721e-05,4.8645112,4.6230648,1.0545493,0.86800337,0.66402948,0.025196904,33.913793,93.509766
1962.6667,47.404051,169.2239,1.0706125e-05,3.0434955,2.9594618,0.67490661,1.0791337,0.6289975,0.024347525,26.626222,122.96299
1962.75,56.981396,161.0613,8.9369087e-06,1.2249892,1.0382876,0.29347154,1.3662153,0.60007274,0.024505259,12.98025,131.23646
1962.8333,61.228503,0,8.7431908e-06,0.031353748,0,0,1.4353161,0.58251625,0.025716754,0,9.5258172
1962.9167,60.141269,0,8.7198268e-06,0,0,0,1.3911016,0.56659615,0.027015146,0,9.3062202
1963,58.931194,0,9.7670691e-06,-2.4801622e-06,0,0,1.3578087,0.55009693,0.02824411,0,8.5232654
1963.0833,57.785269,0,1.0406075e-05,-2.5205099e-05,0,0,1.2852886,0.53479505,0.02932293,0,8.313505
1963.1667,56.662593,0,1.1417612e-05,-0.00013023842,0,0,1.2504463,0.52007616,0.030297996,0,8.1740304
1963.25,55.510323,0,1.2503749e-05,-0.00082137709,0,0,1.2601846,0.50546873,0.03120972,0,7.3871516
1963.3333,54.476183,7.6952348,1.3653997e-05,0.22713796,0.027275513,0.0033717629,1.2872691,0.49149853,0.032030303,1403.9218,41.970665
1963.4167,58.296051,130.30171,1.3548854e-05,4.285697,3.8140931,0.43906448,1.1986613,0.47770908,0.032289453,320.55477,126.79901
1963.5,73.684752,150.50438,1.1862247e-05,5.963941,5.0540172,0.67483478,1.1047566,0.48289454,0.030996457,60.609598,375.93167
1963.5833,106.13136,154.65033,7.3179731e-06,4.3811383,3.835764,0.51935106,1.7699358,0.57314414,0.0290135,24.217941,495.83559
1963.6667,133.0395,157.48407,5.9572685e-06,3.5042109,3.1049346,0.42988458,3.0218835,0.82628363,0.02747564,18.777608,279.68185
1963.75,149.28713,66.72959,5.2616292e-06,0.94969769,0.69982816,0.10022993,4.0750833,1.303566,0.026610108,4.6515503,127.26764
1963.8333,148.95216,0,5.527349e-06,0.0011332589,0,0,4.2114739,1.8567592,0.02612903,0,14.133627
1963.9167,145.32286,0,5.8853998e-06,-1.3742187e-06,0,0,4.3026094,2.3470263,0.02570113,0,14.263221
1964,141.72035,0,6.3445368e-06,-1.7075786e-09,0,0,4.4205618,2.783498,0.025330722,0,12.637647
1964.0833,138.33433,0,6.8406248e-06,-4.5829459e-05,0,0,4.4971042,3.1478853,0.025029747,0,12.308255
1964.1667,135.03037,0,7.1288009e-06,-0.00068717894,0,0,4.4761825,3.4670076,0.024755891,0,12.036195
1964.25,131.7023,0,7.3987535e-06,-0.0012902098,0,0,4.4418411,3.7557578,0.024497634,0,11.819486
1964.3333,128.30928,0,7.8076e-06,-0.00042885285,0,0,4.413404,4.0061812,0.024262443,0,11.635866
1964.4167,134.30192,62.748291,7.8187695e-06,3.4290693,2.5226905,0.18429059,4.1811056,4.2091489,0.023994431,1443.8371,267.15537
1964.5,152.97315,125.41635,6.3464463e-06,6.315841,4.8223092,0.42070215,3.2962577,4.3052568,0.023044474,103.81601,297.40683
1964.5833,165.10779,131.75067,5.4922875e-06,5.0045466,3.8675578,0.35832502,2.5756235,4.2766147,0.021904776,48.635846,397.34996
1964.6667,167.30705,135.11641,5.4342709e-06,3.1230541,2.4723807,0.23543056,2.4137003,4.1164021,0.021405607,16.632143,392.02719
1964.75,163.09604,137.20679,5.3535018e-06,1.4655911,1.1163928,0.12218038,2.8878984,3.8617756,0.021959946,10.981556,91.319506
1964.8333,164.7546,0,5.554034e-06,0.052320033,0.00353342,0.0014618135,3.1551116,3.6545799,0.023826491,0,24.088822
1964.9167,160.75064,0,5.7772386e-06,-6.1169398e-07,0,0,3.139672,3.4767804,0.025954094,0,12.809872
1965,156.55294,0,5.7797865e-06,-4.2873945e-11,0,0,3.0494571,3.3101978,0.027933527,0,7.6115968
1965.0833,152.30612,0,5.6715776e-06,-2.9441821e-09,0,0,2.7104425,3.1646888,0.029645499,0,7.3747425
1965.1667,148.17852,0,5.7514444e-06,-0.00031944045,0,0,2.6722093,3.0312767,0.031193513,0,7.1679472
1965.25,144.02819,0,6.0772481e-06,-0.0015752945,0,0,2.7934287,2.9054303,0.032645002,0,6.5004094
1965.3333,139.85763,0,6.3560688e-06,-0.0011182439,0,0,2.8901551,2.7909966,0.033957221,0,4.4150833
1965.4167,154.12475,65.766074,6.048414e-06,1.9964751,1.4266028,0.088249772,2.8521061,2.6833711,0.034833372,1083.64,302.67014
1965.5,137.65511,104.85727,5.4316474e-06,5.8736725,4.3202404,0.29678109,2.6480381,2.5602384,0.034166839,295.24908,18.436398
1965.5833,71.872585,121.00521,6.321623e-06,4.3469964,3.2485156,0.22491328,3.2989368,2.4121017,0.03262246,120.1957,31.616404
1965.6667,41.864995,127.33607,6.4997544e-06,2.750595,2.1196961,0.1461334,4.2127018,2.2439973,0.032198634,16.086952,37.981889
1965.75,38.710069,70.731699,5.9183226e-06,0.86824963,0.50616407,0.054221832,4.7288208,2.070431,0.034111254,7.2330148,23.770463
1965.8333,38.318727,0,5.8145824e-06,0.092973389,0,0,5.2171521,1.9129087,0.037492264,0,4.3841856
1965.9167,37.659612,0,6.2218896e-06,-1.6204544e-11,0,0,6.0999694,1.770534,0.040628344,0,3.7599568
1966,36.726646,0,6.8355371e-06,-1.010077e-11,0,0,7.124651,1.6395692,0.043512564,0,3.2723349
1966.0833,35.845671,0,7.564086e-06,-2.4153362e-05,0,0,7.7576385,1.5265381,0.045998413,0,3.1736214
1966.1667,34.982327,0,8.3627019e-06,-0.0003292468,0,0,8.2336712,1.4238287,0.048251756,0,3.126441
1966.25,34.107588,0,9.2192631e-06,-0.00056810099,0,0,8.6087198,1.3272004,0.050366212,0,3.0783728
1966.3333,33.248279,0,1.0236341e-05,-0.0018094912,0,0,8.6204796,1.2395319,0.052279085,0,2.8817328
1966.4167,33.327557,38.99445,1.1120287e-05,1.5523098,0.90012332,0.044586162,8.16716,1.1594168,0.053817555,963.62798,30.402584
1966.5,30.073255,100.9464,8.7807875e-06,5.8058042,4.1607355,0.22339701,9.6468563,1.0810455,0.052828088,385.24041,22.415097
1966.5833,26.320122,115.50374,6.1664455e-06,4.9231634,3.6060863,0.21647749,11.297112,1.0068053,0.051492609,34.597637,70.715957
1966.6667,28.215868,118.5095,5.0137828e-06,3.1491419,2.3791755,0.15448208,11.917109,0.95202613,0.053493768,19.116431,91.481017
1966.75,35.62342,77.462681,4.7517665e-06,0.82757578,0.64658139,0.041998051,11.704921,0.93804777,0.06225894,5.0871175,82.332369
1966.8333,37.620049,0,5.0885064e-06,0.076493124,0,0,11.668788,0.95459449,0.075715281,0,5.4880612
1966.9167,37.286852,0,5.5390537e-06,0.0034361655,0,0,11.838195,0.97159457,0.088248655,0,3.4987717
1967,36.847424,0,6.7271412e-06,0.0017843705,0,0,13.423883,0.98318386,0.099941105,0,3.316117
1967.0833,36.136046,0,7.700909e-06,-1.3197479e-05,0,0,14.659181,0.98332095,0.11052196,0,3.1159328
1967.1667,35.221338,0,8.6003301e-06,-0.00025496901,0,0,15.081139,0.975326,0.12064961,0,2.9629744
1967.25,34.231376,0,9.7022094e-06,-0.00054847445,0,0,15.234401,0.96523893,0.13032635,0,2.3412612
1967.3333,33.31003,0,1.1880371e-05,0.63335407,0,0,16.551901,0.96011961,0.13986427,0,2.1719712
1967.4167,34.64539,72.571225,1.0776854e-05,4.8669687,3.6552727,0.1934276,17.947802,0.95514846,0.14808457,1327.6248,85.084031
1967.5,35.412066,115.43766,6.7820897e-06,5.0148731,4.212608,0.2507468,23.227932,0.94304138,0.15215702,107.85507,52.103042
1967.5833,40.922388,121.99964,5.0523399e-06,4.2951509,3.7116046,0.2347026,26.877567,0.943941,0.16208145,40.518617,111.27152
1967.6667,51.034097,124.99513,4.3142727e-06,3.027777,2.6074756,0.17890762,28.822079,0.97770077,0.19017324,16.516358,159.23414
1967.75,63.22369,73.263116,4.1500548e-06,0.91612946,0.75838095,0.058415122,29.599226,1.0609678,0.24965163,3.7471581,104.9242
1967.8333,64.726934,0,4.5475849e-06,0.023149503,0,0,30.677534,1.1714807,0.32733342,0,8.5095704
1967.9167,63.354179,0,5.1335151e-06,-6.7531176e-09,0,0,32.206158,1.2719357,0.39919737,0,12.614324
1968,60.615622,0,5.8759665e-06,-5.7644003e-10,0,0,33.670029,1.3664105,0.4654581,0,7.7732638
1968.0833,59.24442,0,6.513812e-06,-7.1733191e-07,0,0,34.564358,1.4506989,0.52341837,0,6.7277366
1968.1667,57.18074,0,7.2822108e-06,-7.5351633e-06,0,0,35.199463,1.5263718,0.57711613,0,5.6051002
1968.25,55.331256,0,8.119323e-06,-0.00015182605,0,0,35.750713,1.5978056,0.63013917,0,2.1919917
1968.3333,52.962791,0,9.2246637e-06,0.082768822,0,0,35.861679,1.662783,0.68138605,0,2.0782301
1968.4167,60.502339,47.380991,8.6975106e-06,4.1393748,2.7286659,0.11180552,36.331955,1.7207617,0.72984105,1061.1354,191.17165
1968.5,65.083571,93.659244,6.0670436e-06,4.9495606,4.2209262,0.20541492,50.819477,1.7599958,0.77436101,104.32816,40.454902
1968.5833,65.966301,99.477552,4.7171488e-06,3.7714405,3.34841,0.17693552,61.879124,1.7944056,0.82986873,41.363393,84.196379
1968.6667,71.008347,102.93037,4.047406e-06,2.7244253,2.585141,0.14272794,67.127426,1.8402508,0.91037273,25.092814,100.92645
1968.75,76.447017,80.992021,3.9550177e-06,0.64308855,0.44061111,0.041868982,67.169098,1.9118019,1.0294824,5.9817509,65.071043
1968.8333,77.343732,0,4.1972926e-06,0.043147793,0,0,65.983475,1.9978061,1.1771574,0,9.0565908
1968.9167,76.145895,0,4.6590194e-06,0.00043595196,0,0,67.370316,2.0746088,1.3155454,0,7.1103848
1969,74.233353,0,5.1611705e-06,-3.5393816e-08,0,0,68.344978,2.1393039,1.4436615,0,5.8161853
1969.0833,72.068892,0,5.6887529e-06,-3.5524096e-07,0,0,68.976326,2.1903019,1.5522914,0,5.7148295
1969.1667,68.197347,0,6.3997863e-06,-0.00038829125,0,0,70.271126,2.2279897,1.6528916,0,5.342944
1969.25,66.15071,0,7.0258411e-06,-0.00017318922,0,0,70.086227,2.2552269,1.7473428,0,5.2066401
1969.3333,65.384999,14.622155,7.6096799e-06,2.435038,0.84553714,0.029430921,71.020119,2.271359,1.8323121,788.87236,146.93454
1969.4167,72.273977,77.552438,5.505015e-06,4.9072294,4.6430012,0.17845757,87.703583,2.2623377,1.8984146,196.66769,58.76887
1969.5,73.1913,87.854803,3.8435087e-06,4.7346618,4.6479695,0.19796109,111.55436,2.2232237,1.932886,75.595725,128.77581
1969.5833,75.152136,92.698656,3.2381492e-06,3.2951672,3.3864327,0.16838492,124.56647,2.1719778,1.9444844,37.061592,158.81928
1969.6667,85.84746,95.888674,2.9365535e-06,2.5327195,2.6325351,0.14583895,131.28761,2.117568,1.9491869,19.757305,240.39083
1969.75,101.95832,97.264938,2.8429447e-06,1.0635265,1.1276174,0.06646989,130.68109,2.0647483,1.9671426,4.9437337,211.69815
1969.8333,110.21877,3.2582278,2.9548803e-06,0.043206713,0.0093370655,0.0015048011,127.66155,2.014859,2.0014637,0.096273852,27.15925
1969.9167,107.90796,0,3.3074209e-06,0,0,0,130.90919,1.9682008,2.0367098,0,22.63851
1970,106.03168,0,3.7050647e-06,0,0,0,128.7821,1.9241126,2.0672486,0,12.175601
1970.0833,103.28933,0,4.145159e-06,0,0,0,121.57837,1.8859081,2.0922375,0,11.49262
1970.1667,100.58313,0,4.6121572e-06,0,0,0,114.75661,1.8474841,2.1131773,0,10.92835
1970.25,97.584955,0,5.1531078e-06,-7.7489421e-06,0,0,107.6655,1.8103455,2.1314857,0,10.712045
1970.3333,93.718201,3.6859424,5.8174987e-06,0.6894076,0.12101685,0.0026478072,99.422607,1.7758964,2.129535,678.10573,134.33546
1970.4167,106.35156,71.384415,4.9957221e-06,4.2852697,4.859521,0.14870178,99.129845,1.7342058,2.1072574,240.35938,214.24014
1970.5,121.49627,80.889612,3.5496309e-06,4.0826205,4.4555143,0.164356,119.68233,1.6727576,2.0577786,51.989116,344.10104
1970.5833,140.89511,84.128462,2.9618921e-06,3.2893127,3.605228,0.15163176,126.93631,1.6074221,1.9984442,25.721804,513.26389
1970.6667,152.69502,86.448438,2.7189794e-06,2.1361584,2.463076,0.11821247,124.33728,1.5513018,1.9582956,16.916515,116.41415
1970.75,155.03697,42.356599,2.8144682e-06,0.41556063,0.4144734,0.027744489,117.03415,1.5094168,1.9559332,2.5832267,58.106706
1970.8333,152.49807,0,3.0890296e-06,0.024147875,0,0,107.56892,1.4786274,1.9778109,0,11.087975
1970.9167,148.12772,0,3.4271072e-06,-4.882415e-11,0,0,98.929443,1.4486233,1.9989527,0,20.101585
1971,144.56572,0,3.7722295e-06,-1.0819932e-06,0,0,90.182457,1.4188877,2.0186934,0,9.0880158
1971.0833,139.13779,0,4.2377528e-06,-6.2602106e-05,0,0,83.103508,1.3931532,2.035264,0,8.5844445
1971.1667,134.43609,0,4.6528767e-06,-1.2290891e-05,0,0,75.265373,1.3692037,2.0484099,0,8.2637784
1971.25,127.56293,0,5.2970531e-06,-6.0815564e-05,0,0,69.39817,1.3468624,2.0605445,0,8.0451915
1971.3333,119.28423,0,6.1244045e-06,0.068012672,0,0,64.403412,1.3265358,2.071068,0,7.6267912
1971.4167,121.13058,37.996978,6.3689763e-06,3.6229227,3.0228728,0.091196132,65.227676,1.3098638,2.0801866,653.12762,203.10639
1971.5,127.95855,56.495171,4.9947212e-06,3.4446258,3.5374556,0.12755012,90.086067,1.3163892,2.1169467,42.306021,185.82842
1971.5833,112.17894,59.228491,4.5746774e-06,2.7132699,2.8491191,0.13024533,108.40278,1.3741424,2.2366514,20.738976,292.4682
1971.6667,115.23481,61.460838,4.1926464e-06,1.9530288,2.1788308,0.11384788,109.45096,1.5177966,2.4548037,20.49656,280.60034
1971.75,124.23728,63.209638,4.1010721e-06,0.64121694,0.73072497,0.0159452,100.14994,1.8040874,2.7952268,10.203726,47.66024
1971.8333,124.6773,4.2552608,4.3726827e-06,0.10078588,0.016452789,4.1336665e-06,89.82991,2.2380204,3.239471,0.38091479,9.3450704
1971.9167,122.87904,0,5.0314834e-06,0.0013154265,0,0,85.10862,2.6733494,3.6619577,0,13.941226
1972,121.66329,0,5.8418987e-06,0.00011861016,0,0,81.287033,3.0756829,4.0389686,0,6.3023864
1972.0833,119.51786,0,6.161642e-06,8.258364e-05,0,0,72.24556,3.4247696,4.3538094,0,6.2993845
1972.1667,114.9806,0,6.7073702e-06,-1.5527967e-05,0,0,65.649429,3.7452717,4.6294484,0,6.1510024
1972.25,108.32416,0,7.2945727e-06,-1.9852477e-05,0,0,59.757175,4.0464797,4.8757806,0,5.7888055
1972.3333,102.5836,0,8.154424e-06,1.3308394,0,0,56.888374,4.3134246,5.1060672,0,5.3365998
1972.4167,107.86786,41.381843,7.3866377e-06,3.5926334,3.6097504,0.19152759,69.168083,4.5218215,5.2863832,580.04896,132.79553
1972.5,101.5135,52.793346,6.1211085e-06,3.6293814,4.0374098,0.28941286,101.07433,4.6091857,5.3660402,95.579829,52.078365
1972.5833,85.224934,59.437081,5.9530084e-06,2.8346566,3.3153648,0.26327329,124.97881,4.5787797,5.3188934,66.489953,62.08702
1972.6667,70.319638,63.882977,6.1549727e-06,1.7656549,2.2139689,0.18667695,134.12695,4.4251761,5.1457806,38.443487,68.685114
1972.75,58.429673,66.180661,6.5961904e-06,0.73694586,0.88972255,0.059186019,130.61188,4.159421,4.8784051,8.5921524,74.633323
1972.8333,60.964458,24.54121,6.5866025e-06,0.087604343,0.080265148,5.5747614e-06,110.71497,3.8822634,4.5334706,2.8731087,36.587722
1972.9167,60.52763,0,7.1010477e-06,0.00065570681,0,0,99.576454,3.6287141,4.1827903,0,18.683322
1973,60.88867,0,7.6411616e-06,0.00042107696,0,0,88.504921,3.3957891,3.8608289,0,8.1750711
1973.0833,60.412358,0,8.1740664e-06,0.0057760706,0,0,78.279808,3.1951895,3.5837831,0,8.1437853
1973.1667,59.880286,0,8.529657e-06,0.042149294,0,0,67.536942,3.0141027,3.3329477,0,8.0595219
1973.25,59.278253,0,8.7266289e-06,0.16392422,0,0,56.617424,2.8445659,3.0978851,0,8.0431599
1973.3333,58.763254,1.5444334,9.2336704e-06,0.54624902,0,0,48.827309,2.6909266,2.8856418,563.44823,68.329665
1973.4167,61.258022,59.993431,8.2873803e-06,3.2423686,4.3809941,0.49788789,44.858376,2.5366015,2.6851685,236.1913,57.239469
1973.5,58.589566,70.752196,6.1142964e-06,3.4796554,4.5404578,0.68402653,58.32634,2.377481,2.4865797,58.124208,55.509674
1973.5833,54.956954,75.531885,5.2190708e-06,2.4884769,3.3583074,0.49797882,67.097198,2.1981823,2.2891877,32.554533,79.212625
1973.6667,57.912759,77.964023,4.8396728e-06,1.9051526,2.6209767,0.39405463,65.866394,2.0256283,2.1125736,18.776953,95.948589
1973.75,64.52103,53.841922,4.74739e-06,0.53602364,0.63739996,0.056761957,59.972836,1.8775681,1.969038,7.6075792,66.813471
1973.8333,65.906949,0,4.9557248e-06,0.044780843,0,0,53.222038,1.7773037,1.8547366,0,10.279566
1973.9167,65.574624,0,5.3440772e-06,0.00016377004,0,0,48.708904,1.6961615,1.7524813,0,25.104175
1974,66.429153,0,5.6946492e-06,0.00024088152,0,0,44.10133,1.6217315,1.658496,0,9.875959
1974.0833,66.016845,0,5.9667664e-06,0.002273752,0,0,39.562565,1.5576521,1.57748,0,9.7173459
1974.1667,65.441214,0,6.3045941e-06,0.04922234,0,0,35.26952,1.4996668,1.5040878,0,9.7160925
1974.25,64.722225,0,6.6814328e-06,0.1612908,0,0,31.070654,1.4453534,1.4352503,0,9.7372161
1974.3333,63.983575,0,7.2157663e-06,0.48128219,0,0,27.954811,1.396312,1.3729863,0,9.2065209
1974.4167,64.584553,62.93188,7.0477881e-06,2.6573757,3.8959652,0.68635064,27.811043,1.3369763,1.3149081,959.56849,91.681236
1974.5,69.292434,83.417848,5.2394898e-06,3.1501407,4.6867845,0.89733901,35.559216,1.2679306,1.2577113,60.017125,137.69581
1974.5833,76.109692,86.661078,4.3144382e-06,2.6963991,4.0045024,0.76290784,38.694714,1.2193592,1.2085973,18.959808,138.69168
1974.6667,86.284384,88.559479,3.8560256e-06,1.8725864,2.8869592,0.54980003,38.213047,1.1987998,1.1784241,12.329813,167.80923
1974.75,96.258365,37.580095,3.7655775e-06,0.48295398,0.62651117,0.13227162,35.844006,1.2148046,1.1816176,3.3335672,79.31813
1974.8333,96.565537,0,4.1566286e-06,0.0037064119,0,0,34.944088,1.2472973,1.2009016,0,15.044573
1974.9167,94.79747,0,4.5176866e-06,0,0,0,33.580261,1.2769719,1.2191217,0,38.762464
1975,94.858326,0,4.8659494e-06,-5.6050201e-10,0,0,31.901098,1.3041188,1.2361288,0,14.50445
1975.0833,93.026161,0,5.28792e-06,-1.522483e-06,0,0,30.654062,1.3265885,1.2540562,0,14.080174
1975.1667,91.224447,0,5.7694374e-06,-1.7666911e-05,0,0,29.256548,1.3460214,1.2731988,0,13.901196
1975.25,89.392923,0,6.2968597e-06,-0.00011366492,0,0,27.339314,1.3640146,1.2917473,0,13.691131
1975.3333,87.415703,0,6.8761547e-06,-0.00014466503,0,0,25.367382,1.3795036,1.3105356,0,8.1276789
1975.4167,89.709245,61.763685,6.8320737e-06,2.3893734,4.0251365,0.43365299,24.542278,1.3953943,1.3247187,956.88405,124.26431
1975.5,95.739827,83.134495,5.265324e-06,3.2080471,4.9200042,0.61412264,32.888283,1.4338343,1.311671,77.536853,202.3499
1975.5833,103.44438,87.494053,4.0859204e-06,2.7139483,4.3626158,0.54130775,40.98584,1.5063918,1.2652789,13.345975,191.05536
1975.6667,115.42065,88.929117,3.5562343e-06,1.5532942,2.6479933,0.34012565,42.746967,1.615463,1.1974453,7.2348026,230.15146
1975.75,132.65468,87.182812,3.388692e-06,0.55544365,0.81202447,0.14740542,40.805935,1.7741685,1.1365665,6.4911286,162.01193
1975.8333,134.98226,0,3.568925e-06,0.0012080648,0,0,38.938065,1.9351912,1.0872605,0,12.29846
1975.9167,131.68137,0,3.8821381e-06,0,0,0,37.829582,2.0659912,1.0440776,0,15.850672
1976,128.71145,0,4.2167394e-06,0,0,0,36.64175,2.1898723,1.0046979,0,11.768275
1976.0833,125.65786,0,4.566984e-06,-5.1061909e-08,0,0,35.504047,2.2966797,0.97083837,0,11.593588
1976.1667,122.68494,0,4.9157916e-06,-1.4117764e-05,0,0,34.12191,2.3974977,0.94034415,0,11.422529
1976.25,119.68703,0,5.276539e-06,-0.00027823153,0,0,32.486214,2.4958625,0.91201913,0,11.25142
1976.3333,116.4161,0,5.6867784e-06,0.55730453,0,0,31.193935,2.5852728,0.88697457,0,11.072228
1976.4167,119.92084,70.529602,5.0673975e-06,2.7771806,4.9852474,0.35198188,38.101326,2.6684082,0.8649475,983.03,167.24802
1976.5,117.30465,84.303103,4.0641385e-06,2.847584,5.1297607,0.38344644,53.869957,2.7159302,0.83668113,41.390391,159.37305
1976.5833,111.23019,86.097881,3.579433e-06,2.2601283,4.1901991,0.31162593,65.452553,2.6716888,0.81143767,7.2831358,258.88627
1976.6667,115.64585,87.446019,3.3369179e-06,1.564842,2.9616072,0.2205759,70.677902,2.5282991,0.79926914,14.352074,429.44845
1976.75,141.19689,86.672254,3.1366926e-06,0.56615717,1.0531117,0.089306166,67.880074,2.3635902,0.8085115,14.648146,201.16256
1976.8333,145.8306,0,3.3209303e-06,0.0039369338,0,0,66.306854,2.2280052,0.84275794,0,15.266495
1976.9167,142.6236,0,3.651141e-06,0,0,0,65.671913,2.1116288,0.87897915,0,18.02812
1977,139.32854,0,3.9938077e-06,-1.8207775e-07,0,0,64.661476,2.0064223,0.90710056,0,14.487219
1977.0833,135.70856,0,4.3920127e-06,-4.3256111e-06,0,0,63.274387,1.9190698,0.92550176,0,14.128851
1977.1667,127.91488,0,4.9830164e-06,-1.8473245e-07,0,0,61.544552,1.8451227,0.93811321,0,13.312561
1977.25,117.72274,0,5.6904792e-06,0,0,0,59.601376,1.7812525,0.93976808,0,12.199874
1977.3333,108.35778,3.3536511,6.4803035e-06,0.23950212,0.12986645,0.0039806064,56.324997,1.7301983,0.9242171,615.76136,46.182412
1977.4167,110.35048,60.193431,6.2196405e-06,2.3857904,5.0907955,0.18377343,60.594296,1.6829809,0.89323878,136.08546,105.5802
1977.5,113.90346,66.099204,4.7711555e-06,2.5197112,5.3928541,0.21740951,92.372742,1.6288972,0.8553502,36.486506,141.81933
1977.5833,103.08427,69.312304,4.209639e-06,2.0587999,4.580834,0.18941243,121.71391,1.5650394,0.82158464,30.102507,141.06961
1977.6667,97.277932,72.981313,3.9757952e-06,1.3283335,3.1010219,0.12884627,139.83774,1.4961232,0.79366881,37.811461,95.619245
1977.75,102.00072,41.360788,3.9780339e-06,0.35134856,0.82630307,0.037104185,141.01878,1.431438,0.77804834,12.049732,51.264631
1977.8333,101.54187,0,4.3294144e-06,0.00082806077,0,0,138.2164,1.3806454,0.77806908,0,13.912039
1977.9167,99.180803,0,4.7821977e-06,-2.7879787e-11,0,0,135.84398,1.3360111,0.78077656,0,17.710645
1978,97.206742,0,5.238523e-06,-2.74438e-07,0,0,132.31285,1.2949374,0.7835111,0,13.058887
1978.0833,95.038556,0,5.6943859e-06,-1.0783576e-06,0,0,128.77339,1.2594451,0.78595197,0,12.824021
1978.1667,92.722952,0,6.1769629e-06,0,0,0,124.7397,1.2271999,0.78824866,0,12.556871
1978.25,89.752942,0,6.732751e-06,0,0,0,120.18764,1.1968669,0.79048008,0,12.368814
1978.3333,88.376321,18.18216,7.224819e-06,0.47980885,1.1847366,0.030442187,114.1089,1.1693929,0.79205227,759.27244,83.126063
1978.4167,93.582392,68.752557,6.3910325e-06,2.0284777,5.1305695,0.18150781,138.71786,1.1465132,0.78619975,66.747858,89.910785
1978.5,97.682551,72.334386,5.0851013e-06,2.1812546,5.4879768,0.23428685,190.11014,1.1349546,0.78347081,28.122267,126.96976
1978.5833,103.07808,75.311892,4.2520533e-06,1.7841673,4.6291526,0.21300936,228.58127,1.1386436,0.79437357,20.382715,162.59175
1978.6667,108.27041,77.097252,3.9726765e-06,1.2012821,3.2175663,0.13583622,248.10945,1.1626287,0.82554698,12.45347,214.41433
1978.75,122.26108,55.707164,3.8960161e-06,0.25028656,0.57051228,0.033684161,240.42751,1.2129942,0.88493288,8.212197,204.60036
1978.8333,127.43036,0,4.1245639e-06,0.022127004,0,0,226.16756,1.280295,0.9625361,0,24.060625
1978.9167,127.07275,0,4.4432154e-06,0.00066322105,0,0,215.50966,1.3429626,1.0342437,0,34.116064
1979,127.1832,0,4.766925e-06,0.00022995706,0,0,200.24724,1.400445,1.100039,0,15.424581
1979.0833,125.93193,0,5.0965377e-06,4.0334512e-19,0,0,181.77184,1.4499009,1.156698,0,15.201246
1979.1667,124.54028,0,5.4368074e-06,0.031993559,0,0,162.9288,1.4945676,1.2080361,0,14.753214
1979.25,122.98039,0,5.8183114e-06,0.059328892,0,0,143.7789,1.5362637,1.2562581,0,13.016641
1979.3333,121.1421,0,6.1988358e-06,0.19531837,0,0,125.9964,1.5737293,1.299981,0,11.60209
1979.4167,119.87377,65.553077,6.4142837e-06,1.3819575,3.9380505,0.16986731,119.26192,1.6049613,1.3341333,857.11466,123.67844
1979.5,108.17655,74.526861,5.8410874e-06,2.0305969,5.7200596,0.31068945,184.04979,1.6262876,1.3330681,79.648609,87.295613
1979.5833,93.143217,80.079921,5.3624167e-06,1.4595203,4.2480708,0.24009999,253.38409,1.6442814,1.2851102,49.286667,108.84015
1979.6667,95.066972,82.924947,5.008787e-06,1.0775086,3.2772012,0.17502731,266.65823,1.6612035,1.211169,28.471018,125.10826
1979.75,104.16394,73.802792,4.820567e-06,0.49027519,1.4491253,0.084781302,249.45149,1.6780257,1.1466887,18.494847,118.06466
1979.8333,107.50938,0,5.0429753e-06,0.055634513,0,0,223.26707,1.6940606,1.0928586,0,20.301251
1979.9167,107.2507,0,5.3983631e-06,0.00012587257,0,0,200.45944,1.7084768,1.0448527,0,31.354984
1980,107.7361,0,5.7134416e-06,0.00025557339,0,0,177.42084,1.7216154,1.0008035,0,16.241661
1980.0833,107.12296,0,6.0488378e-06,0.011931285,0,0,158.13182,1.7328423,0.9628759,0,16.094224
1980.1667,106.38393,0,6.3804341e-06,0.0215128,0,0,140.20988,1.7429098,0.92846763,0,14.188855
1980.25,105.41037,0,6.7714382e-06,0.051729832,0,0,123.1053,1.7522179,0.8959499,0,13.795847
1980.3333,103.94306,0,7.1263617e-06,0.20232773,0,0,108.38647,1.7604049,0.86617202,0,13.660531
1980.4167,105.34416,62.167246,7.1000304e-06,0.94456395,3.0060904,0.19346703,103.68195,1.7651963,0.84018385,936.01203,144.03206
1980.5,99.650964,82.058802,6.2293252e-06,1.7164353,6.1348281,0.55862174,155.58475,1.7552073,0.81495893,132.2865,84.691057
1980.5833,91.887407,89.921653,5.4942452e-06,1.3935042,5.2088582,0.49781188,213.94797,1.7149762,0.78339994,60.221399,80.816532
1980.6667,93.031891,93.544453,5.1118213e-06,0.85082443,3.3271166,0.31515247,227.96669,1.660357,0.74609268,20.860587,82.420095
1980.75,98.250881,95.633537,5.0513095e-06,0.31763575,1.2110628,0.092809149,211.02371,1.6067883,0.71149945,16.951569,86.981513
1980.8333,102.87479,29.088866,5.1952138e-06,0.026367894,0.12605937,1.9338788e-05,183.22453,1.5618234,0.68220258,5.2656038,43.746789
1980.9167,103.03473,0,5.4895754e-06,7.2627273e-05,0,0,161.51108,1.5340667,0.65597224,0,33.186766
1981,103.88957,0,5.7338411e-06,0.0030177802,0,0,140.22552,1.5089811,0.63187915,0,20.639295
1981.0833,103.7007,0,5.9974627e-06,0.011448736,0,0,122.88512,1.4871223,0.6111263,0,20.203525
1981.1667,103.46193,0,6.2486865e-06,0.033182933,0,0,106.95856,1.4678582,0.59235358,0,19.883082
1981.25,103.17331,0,6.5546928e-06,0.05249693,0,0,92.020401,1.4514198,0.57470864,0,19.697942
1981.3333,102.70385,0,6.8139193e-06,0.16908888,0,0,78.708824,1.4362736,0.55852693,0,19.290404
1981.4167,102.69323,86.875103,6.611584e-06,1.5374852,6.1707577,0.78476515,82.922447,1.4161056,0.54352808,1202.4042,127.93258
1981.5,108.52023,104.04751,5.2954533e-06,1.537002,6.1755861,0.94894097,124.15501,1.383973,0.531138,71.466306,122.73464
1981.5833,114.06618,107.73655,4.5539032e-06,1.3063968,5.3372321,0.83445317,151.51727,1.3533523,0.5286575,21.564028,109.83252
1981.6667,122.08609,109.91725,4.1668063e-06,0.87649811,3.7079166,0.57948989,155.40956,1.3376614,0.54501712,16.44681,140.22854
1981.75,131.55101,111.92082,4.0697173e-06,0.23078208,0.86529135,0.15452912,138.11742,1.3404037,0.58928889,16.308072,127.3031
1981.8333,135.6383,3.7658359,4.17706e-06,0.0026404439,0.00026191438,0.0010341107,117.78909,1.3581638,0.65862465,0.55891516,31.406346
1981.9167,134.06421,0,4.3959349e-06,8.5817119e-20,0,0,102.42469,1.3747882,0.7250002,0,34.044783
1982,134.3199,0,4.5412021e-06,0.00060235328,0,0,87.410545,1.3892177,0.78648865,0,23.92692
1982.0833,133.86394,0,4.7040417e-06,0.0070592476,0,0,75.314552,1.4013257,0.83988982,0,23.634265
1982.1667,133.37924,0,4.8734246e-06,0.013277908,0,0,64.68248,1.4123517,0.8883515,0,22.893964
1982.25,132.59976,0,5.167889e-06,0.039481476,0,0,56.495743,1.4227564,0.93365878,0,15.276904
1982.3333,131.13029,0,5.399575e-06,0.16535111,0,0,49.059917,1.4321598,0.97454256,0,10.843116
1982.4167,134.41733,80.03661,5.2375931e-06,1.0819799,4.9670717,0.79560517,48.261402,1.4401165,1.0118264,1275.6638,160.37648
1982.5,135.28532,111.3765,4.5555212e-06,1.6246371,7.3586169,1.5979253,81.24675,1.444713,1.0349522,109.60201,229.11112
1982.5833,145.69809,117.81447,3.9251918e-06,1.2640719,5.7743359,1.2588334,96.186752,1.447561,1.0404229,40.269615,232.37786
1982.6667,160.99042,120.82005,3.6907006e-06,0.74602335,3.5241024,0.75406817,98.796547,1.4471211,1.0309952,21.523707,303.28971
1982.75,183.42647,83.114773,3.4724585e-06,0.19950486,0.9607413,0.20347944,84.188179,1.4430746,1.0085906,11.945317,289.84541
1982.8333,189.23555,0,3.4862999e-06,0.0033523582,0,0,70.095505,1.4363474,0.97918999,0,22.53597
1982.9167,187.67747,0,3.5877551e-06,0.00022434454,0,0,59.520367,1.428831,0.9531821,0,35.295422
1983,187.14312,0,3.644529e-06,0.00043510409,0,0,49.919289,1.4214791,0.93016464,0,22.074736
1983.0833,185.58568,0,3.7463601e-06,0.004221545,0,0,42.399918,1.4165171,0.91090715,0,21.5084
1983.1667,183.84802,0,3.8613184e-06,0.0097982184,0,0,36.186745,1.4121051,0.89397508,0,21.223525
1983.25,181.19234,0,3.9531569e-06,0.042511179,0,0,30.535469,1.4078193,0.87827587,0,20.356904
1983.3333,176.51433,2.4105289,4.0714858e-06,0.40290563,0,0,25.949755,1.4038572,0.86408949,879.49052,28.643427
1983.4167,160.15095,98.324887,4.0363593e-06,1.5739765,7.3262669,1.9071504,31.601685,1.3980575,0.84703064,423.10918,81.70662
1983.5,133.77768,114.47241,3.8945645e-06,1.6414697,7.51827,1.9289164,55.504593,1.386935,0.81478757,90.643838,121.13945
1983.5833,127.74053,121.06847,3.7019286e-06,1.0653678,5.0064503,1.2340912,66.564751,1.3770714,0.78725255,58.852374,164.77413
1983.6667,141.276,126.02478,3.4246682e-06,0.73438042,3.6085389,0.84390975,64.064629,1.3749301,0.77772212,41.310654,244.40234
1983.75,156.58209,82.926102,3.2817629e-06,0.21943117,0.99858855,0.22336754,55.469574,1.3835052,0.79328185,12.378066,137.48159
1983.8333,158.62049,0,3.3783836e-06,0.001439095,0,0,47.41272,1.4040534,0.84402442,0,27.645228
1983.9167,157.95955,0,3.4933666e-06,0.001738152,0,0,40.413372,1.4240644,0.89781207,0,43.629842
1984,158.68258,0,3.5553858e-06,0.00022392146,0,0,33.935032,1.4421101,0.94759619,0,27.297647
1984.0833,157.69726,0,3.6507245e-06,9.2286973e-06,0,0,28.930946,1.4575284,0.9906711,0,27.194724
1984.1667,155.36125,0,3.7572393e-06,0.0076250438,0,0,24.722988,1.4713923,1.030655,0,26.271111
1984.25,153.25509,0,3.8642324e-06,0.0014163406,0,0,20.971523,1.4842724,1.0687298,0,25.617409
1984.3333,151.21086,3.1979543,3.9635361e-06,0.17813387,0,0,17.79421,1.4956434,1.1033347,1166.9217,73.598186
1984.4167,155.85527,112.71401,3.7566449e-06,1.4706297,7.9735725,1.8436689,19.468075,1.5010719,1.1189361,238.91394,85.100424
1984.5,156.45051,121.6541,3.4532936e-06,1.3906303,6.9257116,1.6608933,28.736429,1.5019063,1.1128439,40.413556,111.98996
1984.5833,157.95925,125.23694,3.2697194e-06,1.0018422,5.2582073,1.2155348,32.115734,1.5037341,1.1050762,33.697731,134.87697
1984.6667,166.52413,128.22984,3.1024867e-06,0.74098017,3.953397,0.8901793,31.379107,1.5081167,1.1035483,24.282785,142.85682
1984.75,175.50513,109.30392,3.0246676e-06,0.22773959,1.1818419,0.27728584,27.586618,1.5190816,1.1174291,14.964501,117.03897
1984.8333,177.87905,0,3.0674132e-06,0.010503898,0,0,22.737366,1.5332825,1.1428113,0,26.850274
1984.9167,176.76233,0,3.1589816e-06,0.00038180268,0,0,18.816074,1.5450156,1.1676761,0,40.724067
1985,176.71017,0,3.2144208e-06,0.0025467997,0,0,15.486052,1.5552084,1.1913055,0,25.010495
1985.0833,175.5874,0,3.2821777e-06,0.0085478203,0,0,12.962129,1.5637791,1.211931,0,24.975466
1985.1667,173.95729,0,3.366087e-06,0.010571604,0,0,10.911485,1.5714347,1.230697,0,24.700946
1985.25,171.994,0,3.4409334e-06,0.0010881963,0,0,9.1395884,1.5785362,1.2483397,0,24.516128
1985.3333,168.73799,0,3.5233511e-06,0.099354128,0,0,7.7286353,1.5851443,1.2648103,0,24.020239
1985.4167,169.37493,99.070579,3.5127553e-06,0.78556891,4.3564988,0.91045256,6.640337,1.5900494,1.2774426,1421.9698,126.31938
1985.5,156.89357,122.17214,3.5174353e-06,1.4985767,7.7717469,1.7163993,8.4507217,1.5866088,1.2634265,99.489513,74.570756
1985.5833,145.95191,128.9521,3.4317461e-06,1.1198537,5.6998036,1.2675859,11.587592,1.575318,1.2103748,46.814113,122.98691
1985.6667,151.48897,132.24393,3.2965384e-06,0.69476295,3.6728971,0.81355702,11.466681,1.5567088,1.1338823,28.550915,203.04591
1985.75,164.1541,91.051497,3.1593877e-06,0.20544871,1.0999385,0.17774484,10.088309,1.5351471,1.0635415,14.577811,124.00839
1985.8333,164.9697,0,3.2061976e-06,0.005818805,0,0,8.4029617,1.518154,1.0022429,0,28.201786
1985.9167,164.32545,0,3.2729695e-06,0.00066864394,0,0,7.1196613,1.5032722,0.94691592,0,37.82214
1986,164.41999,0,3.3143926e-06,5.7737811e-06,0,0,6.0215063,1.4895023,0.89611667,0,27.510959
1986.0833,163.71034,0,3.3687672e-06,0.0061280557,0,0,5.196352,1.4775654,0.85237157,0,27.252424
1986.1667,162.94134,0,3.4234995e-06,0.015050603,0,0,4.4746408,1.4666877,0.81278199,0,26.792909
1986.25,162.0564,0,3.4861771e-06,0.056054057,0,0,3.8773723,1.456418,0.7756803,0,26.255229
1986.3333,161.12596,0,3.5332894e-06,0.17969446,0,0,3.4640887,1.447072,0.74215281,0,25.377144
1986.4167,164.05363,87.753147,3.5079051e-06,0.99707258,4.8530762,1.0833274,3.2179384,1.4376786,0.71121496,1539.6127,135.03858
1986.5,167.9858,132.80189,3.3719964e-06,1.4557249,7.7743683,1.8542729,3.5636554,1.4239171,0.68127996,99.918172,94.065637
1986.5833,172.03437,138.26881,3.420575e-06,1.0376301,5.7199018,1.3518139,3.9056916,1.4058796,0.65301591,43.021876,111.40391
1986.6667,177.18543,141.8646,3.4001171e-06,0.62593398,3.5387402,0.80784076,3.9851556,1.3925053,0.63373977,29.440003,117.12145
1986.75,183.25289,79.000644,3.3642525e-06,0.21051263,1.0803407,0.26981501,3.9097404,1.3895208,0.63504308,13.55325,85.050756
1986.8333,183.62676,0,3.3798472e-06,0.019781951,0,0,3.5682814,1.3944527,0.65587085,0,29.997159
1986.9167,182.12415,0,3.4085208e-06,0.0010548167,0,0,3.3437381,1.3983847,0.6774931,0,41.593114
1987,181.83172,0,3.4345353e-06,0.0014029012,0,0,3.1511974,1.4014131,0.69780231,0,30.013117
1987.0833,180.41508,0,3.4867965e-06,0.0055357073,0,0,2.9722648,1.403782,0.71545637,0,29.588846
1987.1667,178.69109,0,3.5544463e-06,0.022532683,0,0,2.8043544,1.4057789,0.73149121,0,28.00676
1987.25,176.57304,0,3.6211366e-06,0.043732435,0,0,2.6969922,1.4075941,0.74653453,0,25.518614
1987.3333,174.89037,9.5626265,3.6727736e-06,0.21759599,0.35951792,0.086305954,2.5963552,1.4102198,0.75993878,1176.9339,128.01845
1987.4167,176.49721,121.69398,3.6401468e-06,1.4510235,8.0920821,2.0184713,2.6774588,1.4142478,0.77816761,376.78594,64.392763
1987.5,167.40523,136.46501,3.7749523e-06,1.4537991,7.389106,1.979538,3.2205353,1.4320307,0.83285606,96.709204,122.67693
1987.5833,168.78524,143.42992,3.7913469e-06,1.17762,6.2204573,1.6139167,3.8112564,1.4786043,0.95137602,64.037608,117.79168
1987.6667,174.86081,148.41326,3.7304401e-06,0.69283689,3.8612351,1.0012558,4.303266,1.5622028,1.1569921,40.960986,129.6457
1987.75,183.33191,151.61465,3.6344297e-06,0.35400329,1.9607152,0.45451833,4.651166,1.6922053,1.4822266,25.791286,147.74418
1987.8333,188.03123,0,3.5854819e-06,0.015596586,0.015509018,0.0019843747,4.6825914,1.8572092,1.9346677,0,37.144045
1987.9167,187.37495,0,3.6337526e-06,0.0010479683,0,0,4.4766231,2.0082502,2.3952539,0,43.499839
1988,187.49976,0,3.6377928e-06,0.0016265685,0,0,4.2449532,2.1427784,2.8220351,0,32.186238
1988.0833,186.63569,0,3.6478584e-06,0.0047673367,0,0,4.0302277,2.2489028,3.1900165,0,31.998588
1988.1667,185.51318,0,3.6760657e-06,0.021084889,0,0,3.8282366,2.334348,3.5180023,0,28.001474
1988.25,184.01143,0,3.7457748e-06,0.077585009,0,0,3.648248,2.4036822,3.8134234,0,25.199513
1988.3333,185.55047,25.403129,3.7670163e-06,0.48664088,1.5497842,0.43290049,3.5182793,2.4660263,4.0493302,1389.0142,209.1199
1988.4167,195.6275,134.19399,3.4553309e-06,1.4972048,8.0961314,2.399621,3.6276405,2.5286674,4.2288928,279.85299,116.47206
1988.5,201.64779,145.71853,3.1734276e-06,1.6133451,8.3163995,2.5323978,4.0322556,2.604564,4.4003787,81.628698,193.95317
1988.5833,212.07298,150.58082,2.9487301e-06,1.1148077,5.7528503,1.7244395,4.5606236,2.7046347,4.6143889,37.282472,211.27405
1988.6667,227.20759,153.16594,2.7892629e-06,0.70760547,3.74926,1.1097958,5.201313,2.8224711,4.8967657,23.799014,286.96213
1988.75,237.03136,59.818301,2.7230014e-06,0.20770304,0.85241446,0.29527887,5.9009323,2.952574,5.253921,7.2115305,71.511177
1988.8333,234.75493,0,2.7891022e-06,0.0026223219,0,0,6.0850987,3.0596955,5.6080151,0,40.723055
1988.9167,230.11231,0,2.9291348e-06,-1.6693804e-10,0,0,6.2055469,3.1318851,5.9277496,0,56.537416
1989,227.95528,0,3.0251547e-06,0.0011150627,0,0,6.0901275,3.192507,6.2058783,0,37.431017
1989.0833,223.76038,0,3.1943612e-06,-1.0723686e-07,0,0,5.8955374,3.2334676,6.4346867,0,38.955247
1989.1667,217.95504,0,3.3947874e-06,-1.7302065e-07,0,0,5.6602006,3.2645009,6.6271024,0,30.970272
1989.25,210.65667,0,3.6409638e-06,0,0,0,5.3534546,3.2782536,6.7942414,0,36.925507
1989.3333,203.48015,0,3.8857415e-06,0.065737905,0,0,4.9916067,3.2340581,6.9357467,0,32.345119
1989.4167,206.09359,99.887997,3.8639355e-06,0.75092618,4.0422293,0.76356158,4.5441422,3.1822393,7.0210352,1411.9475,155.7477
1989.5,193.81535,122.14758,3.8099545e-06,1.1825035,6.3583585,1.2975538,4.524425,3.1438076,6.9761777,111.24929,123.44401
1989.5833,184.22771,128.40368,3.7489076e-06,1.0726588,5.7386444,1.1771476,4.9074411,3.0851247,6.7780323,52.074616,129.20742
1989.6667,184.74378,132.2685,3.5987966e-06,0.76364231,4.1978613,0.8582581,5.1233368,2.9938271,6.4314809,39.396766,132.71978
1989.75,178.47984,108.84354,3.6375422e-06,0.28682164,1.5450645,0.312386,4.8313255,2.8837993,5.9651537,23.73758,89.316435
1989.8333,177.28528,0,3.7069424e-06,0.00078968502,0,0,4.7338018,2.7680764,5.4964213,0,29.23401
1989.9167,176.40342,0,3.8194016e-06,0.0011865905,0,0,4.5417228,2.6609612,5.0745683,0,37.641065
1990,176.22571,0,3.9150691e-06,2.9056012e-06,0,0,4.2973108,2.5627973,4.6888552,0,27.966288
1990.0833,175.30237,0,4.0259952e-06,0.0015828601,0,0,3.9966173,2.4784741,4.3579874,0,27.634807
1990.1667,174.21427,0,4.244916e-06,0.02530929,0,0,3.7897611,2.4023614,4.0597725,0,24.502308
1990.25,172.7896,0,4.345809e-06,0.054314091,0,0,3.5602992,2.3312531,3.781611,0,23.020083
1990.3333,171.60217,3.0379498,4.4514945e-06,0.1552765,0,0,3.3537836,2.2677195,3.5313804,1108.6023,152.40981
1990.4167,176.87075,115.79335,4.2392676e-06,1.2506671,7.3280509,1.7432822,3.7470686,2.208956,3.3000066,431.66597,56.218922
1990.5,167.42715,135.29879,4.1767298e-06,1.4001232,7.9679264,1.9230209,4.7149405,2.1353855,3.0656958,106.10568,99.693136
1990.5833,161.17525,141.98212,4.1592129e-06,1.1021241,6.1370449,1.5444328,5.6402435,2.0442209,2.8230989,53.855235,93.50985
1990.6667,162.04464,145.67934,4.1337694e-06,0.66869891,3.9321035,0.99169251,5.87713,1.9552879,2.5998452,35.878572,83.896852
1990.75,163.98551,114.97621,4.0871919e-06,0.20565558,1.1674133,0.26914866,5.6603413,1.8736969,2.4001787,21.484252,66.057408
1990.8333,163.80797,0,4.1162971e-06,0.017261341,0,0,5.1237073,1.799316,2.2233222,0,29.012303
1990.9167,162.71955,0,4.1725875e-06,0.00078438848,0,0,4.5861139,1.7314426,2.0649726,0,31.334813
1991,161.65467,0,4.2254001e-06,0.0027678686,0,0,4.104455,1.6683424,1.9196765,0,25.915958
1991.0833,160.33989,0,4.2977158e-06,0.0078979497,0,0,3.7155766,1.613578,1.7945766,0,25.435126
1991.1667,158.99234,0,4.4120775e-06,0.022785916,0,0,3.3898258,1.5639229,1.6814638,0,24.918951
1991.25,157.58371,0,4.5183956e-06,0.071539502,0,0,3.1035132,1.5177063,1.5754319,0,24.559835
1991.3333,156.98563,22.762947,4.558397e-06,0.28214475,0.2344456,0.0086402795,2.8641653,1.4772178,1.4790939,1388.8106,79.863393
1991.4167,156.61344,131.4619,4.4648964e-06,1.2207032,6.8415054,1.9308073,2.9033816,1.4352511,1.386481,303.26935,83.714418
1991.5,152.98298,148.44628,4.3089294e-06,1.5421061,8.49516,2.4871007,3.6806436,1.3826585,1.2883352,94.195539,152.77424
1991.5833,156.83761,154.46895,4.1825256e-06,1.1908951,6.5612106,1.912209,4.2810121,1.3266243,1.1852341,45.161427,198.64764
1991.6667,167.55137,157.90507,3.9015526e-06,0.80228166,4.4422511,1.2743787,4.7385626,1.2766224,1.0924487,27.73634,140.941
1991.75,174.38382,160.41727,3.6976373e-06,0.26943072,1.4998667,0.41622166,4.9460845,1.2345054,1.0176363,21.337907,113.18099
1991.8333,178.50994,26.952634,3.6084557e-06,0.0088688742,0.075459311,0.0066553273,4.9415169,1.2037061,0.96312135,3.2263574,54.928853
1991.9167,177.10632,0,3.6313013e-06,9.0375654e-05,0,0,4.6092,1.1811808,0.91999918,0,37.910454
1992,176.34146,0,3.6440717e-06,0.00075864695,0,0,4.3099008,1.1616939,0.8800509,0,30.603528
1992.0833,175.19836,0,3.6826245e-06,0.0027404475,0,0,4.0766549,1.1455775,0.84550333,0,30.156225
1992.1667,172.92966,0,3.7448369e-06,0.011077581,0,0,3.8599248,1.1310778,0.81488079,0,28.68283
1992.25,171.03963,0,3.7956211e-06,0.095548209,0,0,3.6221542,1.1166975,0.786641,0,27.199212
1992.3333,169.295,4.3701627,3.8278772e-06,0.46044332,0,0,3.4106324,1.1035155,0.76106757,1594.7683,61.924844
1992.4167,172.23893,146.72096,3.6173228e-06,1.5946748,8.3311775,2.803242,3.4930577,1.0901215,0.7365011,191.1242,98.827835
1992.5,177.58204,153.79682,3.3108445e-06,1.6246222,8.3179785,2.7348608,3.7403047,1.0821075,0.72272283,37.129589,172.67473
1992.5833,188.72568,156.8433,2.9791486e-06,1.1124515,5.7557172,1.8581359,3.9875619,1.0903256,0.73771125,23.660338,237.49534
1992.6667,199.08495,159.32994,2.8021927e-06,0.66824999,3.583496,1.1821584,4.2523036,1.1223716,0.79895574,23.019097,304.09849
1992.75,212.52018,119.46642,2.6699745e-06,0.20263131,1.0092208,0.37504962,4.63305,1.1883744,0.92803311,10.58773,122.08555
1992.8333,213.24272,0,2.6999403e-06,0.0067511109,0,0,4.8852072,1.2750089,1.1090417,0,31.909539
1992.9167,211.8305,0,2.7595688e-06,0.00017484579,0,0,5.0209417,1.3532223,1.2807937,0,39.104311
1993,210.96614,0,2.8085781e-06,0.011324747,0,0,5.031424,1.4243746,1.4380789,0,30.36962
1993.0833,207.53671,0,2.8961786e-06,0.021205409,0,0,4.9068618,1.485633,1.5725664,0,30.179337
1993.1667,205.42154,0,2.9779851e-06,0.037819068,0,0,4.5956554,1.5409485,1.6929184,0,29.521423
1993.25,203.90967,0,3.0424383e-06,0.15358108,0,0,4.2661958,1.592649,1.8041588,0,29.474812
1993.3333,205.13608,22.098863,3.0585959e-06,0.56759606,0.97083818,0.26847475,4.1073618,1.6392436,1.9029607,1622.3959,235.19385
1993.4167,220.77955,144.24367,2.764491e-06,1.6084475,8.7250799,2.9408607,4.737,1.6797436,1.9831681,131.24286,113.65677
1993.5,222.54483,152.14384,2.5621541e-06,1.5836388,8.3743586,2.7315564,6.0175462,1.7129253,2.0441597,58.305539,160.43158
1993.5833,223.76189,155.38096,2.4429021e-06,1.1452634,6.1098518,1.9769505,6.9889507,1.7492664,2.101989,26.86736,202.70668
1993.6667,226.10097,157.58994,2.3897669e-06,0.7401827,4.0386309,1.2998694,7.6752992,1.786361,2.1711988,19.730592,232.14776
1993.75,231.66785,143.64116,2.3688995e-06,0.30331987,1.6589524,0.48645027,8.012187,1.828257,2.2702892,9.8580416,187.32895
1993.8333,235.52005,0,2.3850612e-06,0.061160864,0,0,7.8915558,1.8830456,2.3975811,0,39.223379
1993.9167,234.08206,0,2.4454985e-06,9.8385099e-09,0,0,7.7080927,1.9340829,2.5184619,0,48.482501
1994,232.99316,0,2.5032632e-06,0.00045042948,0,0,7.4508905,1.970131,2.6347158,0,39.043337
1994.0833,231.70614,0,2.5593381e-06,0.010861392,0,0,7.1061392,1.9947238,2.7376561,0,38.07285
1994.1667,230.09948,0,2.6209436e-06,0.016381331,0,0,6.6121345,2.0169942,2.8285067,0,37.967405
1994.25,228.04266,0,2.6801811e-06,0.065108044,0,0,6.0352726,2.0375967,2.9086313,0,37.907639
1994.3333,227.22995,23.716405,2.7289846e-06,0.29328898,0.27046859,0.085303307,5.5240335,2.0550387,2.9723728,1444.643,129.84157
1994.4167,232.38333,133.28069,2.6595183e-06,1.2890728,7.2574778,2.5060143,5.7738771,2.0652063,2.9988482,224.34641,114.50169
1994.5,234.02509,144.81816,2.4901035e-06,1.3876228,7.5656288,2.5135446,7.5374498,2.0649135,2.94121,73.167798,164.00046
1994.5833,233.54043,149.47212,2.3873665e-06,0.81938831,4.5602005,1.4427018,8.7175732,2.0530188,2.7954445,30.793286,211.27053
1994.6667,241.04582,152.00728,2.3100154e-06,0.70838314,4.0160863,1.2572064,9.0222559,2.0345836,2.5926533,25.17231,276.11909
1994.75,259.09558,84.268123,2.2078143e-06,0.17386304,0.88304015,0.24494843,8.7435417,2.0265627,2.4070613,9.2436144,200.84441
1994.8333,262.0542,0,2.2336326e-06,0.010461684,0,0,8.0892658,2.029253,2.2547092,0,48.386228
1994.9167,260.99971,0,2.2793411e-06,1.271038e-05,0,0,7.5056443,2.0312955,2.1200309,0,46.385286
1995,259.63962,0,2.3175539e-06,0.00041196005,0,0,6.8922644,2.0327959,1.9972888,0,36.995181
1995.0833,257.87324,0,2.3591783e-06,0.0057955371,0,0,6.2502317,2.0339549,1.8921989,0,36.931445
1995.1667,255.96148,0,2.4014955e-06,0.022032597,0,0,5.6504946,2.0348723,1.7975932,0,35.115041
1995.25,253.78379,0,2.4488222e-06,0.09318889,0,0,5.1007276,2.035495,1.7094066,0,33.381243
1995.3333,251.10012,19.301057,2.5103229e-06,0.36503919,0.65203658,0.13934081,4.6886835,2.0362549,1.6296271,1210.5516,92.356015
1995.4167,244.15156,127.93541,2.5027041e-06,1.2747153,7.5638067,2.4215119,5.1538577,2.0303597,1.5519034,483.01151,61.907667
1995.5,231.35483,147.32966,2.4556018e-06,1.3950733,7.6620002,2.4880159,6.8306947,2.0140469,1.4895921,86.234119,158.04523
1995.5833,223.11054,152.71047,2.3742982e-06,1.1269901,6.2626034,1.9776253,8.1758366,2.006741,1.468829,46.120234,194.68608
1995.6667,224.4163,156.64746,2.3104712e-06,0.79394631,4.4555082,1.3424012,8.4237146,2.0373976,1.5223787,33.90781,200.09986
1995.75,231.04279,97.234607,2.2699726e-06,0.2673516,1.4524071,0.43412992,7.9820099,2.1372845,1.6833419,13.464025,86.900979
1995.8333,230.64367,0,2.329318e-06,0.024315769,0,0,7.0081491,2.2671819,1.8979697,0,45.942706
1995.9167,226.62222,0,2.4074056e-06,2.4207379e-06,0,0,6.0930562,2.3784904,2.0986569,0,39.507747
1996,220.94814,0,2.5581398e-06,2.4018906e-05,0,0,5.4476585,2.4772806,2.2834678,0,34.384074
1996.0833,215.66057,0,2.6654143e-06,0.00073993284,0,0,4.931849,2.5608613,2.4414062,0,24.657144
1996.1667,211.43207,0,2.7544595e-06,0.018771349,0,0,4.4621449,2.6355443,2.5863531,0,21.718515
1996.25,209.06413,0,2.8216725e-06,0.029355065,0,0,4.0713549,2.7040627,2.7233181,0,18.990628
1996.3333,210.75214,13.717907,2.8425641e-06,0.43406764,0.66323205,0.20601089,3.8852234,2.7630279,2.8487768,1040.3025,334.69723
1996.4167,226.419,116.72726,2.6920652e-06,1.4512238,7.6229114,2.3855693,4.6880207,2.8395746,3.0171208,534.63583,40.832401
1996.5,219.0448,138.27054,2.6801201e-06,1.5595102,7.6479141,2.3967606,5.2675748,2.9868138,3.3091891,103.60331,128.66986
1996.5833,213.21777,144.3841,2.6967889e-06,1.1540577,5.7155111,1.7467985,5.7440634,3.2345879,3.7513311,55.514582,168.25114
1996.6667,217.17609,147.981,2.7223391e-06,0.7964707,3.9653286,1.2030855,6.5136762,3.5760772,4.3572536,29.519833,186.72878
1996.75,224.6059,57.825875,2.6393438e-06,0.18072069,0.85030837,0.2546324,6.9867916,4.003335,5.1320152,7.2089068,98.091309
1996.8333,223.11237,0,2.6497626e-06,0.014849024,0,0,6.7742634,4.4012208,5.8820796,0,32.5665
1996.9167,218.42249,0,2.6975447e-06,4.692191e-08,0,0,6.4776225,4.7277517,6.5331225,0,37.348001
1997,214.26634,0,2.7398635e-06,4.7974398e-05,0,0,6.1893477,4.9847622,7.098938,0,30.968374
1997.0833,211.0997,0,2.768533e-06,0.00088181774,0,0,5.9329152,5.1752505,7.5545554,0,26.617047
1997.1667,205.58321,0,2.8305697e-06,0.00064039251,0,0,5.706758,5.3251376,7.9307427,0,24.316985
1997.25,198.08164,0,2.9229345e-06,0.019019632,0,0,5.4637542,5.4417582,8.2451811,0,22.812696
1997.3333,195.29323,16.801953,2.972439e-06,0.68202941,1.2792447,0.43087044,5.2467852,5.5189776,8.499732,1090.0389,163.3362
1997.4167,204.98064,112.41255,2.8160025e-06,1.8601224,7.8543864,2.7136816,4.984724,5.5685172,8.7066269,338.36383,209.31395
1997.5,220.48275,125.7066,2.641965e-06,1.7599573,7.4687392,2.4939052,4.693984,5.5892787,8.8168354,107.43491,329.62542
1997.5833,241.07426,129.98301,2.4489125e-06,1.2641451,5.4390145,1.7580436,4.6179237,5.5944915,8.827054,23.539171,358.68852
1997.6667,253.92562,131.28601,2.3107227e-06,0.87992433,3.8257632,1.2010318,4.8713145,5.5941463,8.7433472,16.758314,141.01893
1997.75,247.6567,89.494444,2.2967938e-06,0.283322,1.1856498,0.40240276,5.4693604,5.6104755,8.5772963,8.8361107,70.510604
1997.8333,244.08461,0,2.3130788e-06,0.014141446,0,0,5.6646228,5.6490126,8.4219713,0,28.272381
1997.9167,241.2481,0,2.3538685e-06,3.2685132e-20,0,0,5.7050896,5.6763,8.2855482,0,31.007251
1998,238.65075,0,2.3883933e-06,7.7055991e-05,0,0,5.7018003,5.6888347,8.1476736,0,26.393868
1998.0833,235.81232,0,2.4246115e-06,0.0051164183,0,0,5.6268907,5.6902695,8.015357,0,26.347232
1998.1667,232.7518,0,2.4572016e-06,0.023134551,0,0,5.5079603,5.6832738,7.8813472,0,26.222148
1998.25,227.72796,0,2.5040579e-06,0.039246114,0,0,5.3411589,5.6674228,7.7414012,0,25.454741
1998.3333,220.319,0,2.5881411e-06,0.1030119,0,0,5.1754599,5.6398125,7.6040611,0,20.265288
1998.4167,212.43952,68.963788,2.6415862e-06,0.91293345,3.1521485,1.1607045,4.7541857,5.5813947,7.431004,1157.7007,88.791886
1998.5,200.43752,100.66493,2.5726929e-06,1.8646893,7.3155996,2.915548,4.3477411,5.4310474,7.136631,138.38116,99.525372
1998.5833,178.23976,109.75254,2.5753518e-06,1.0982186,4.4528512,1.7202239,4.2418633,5.2025404,6.7355266,85.896807,104.94168
1998.6667,150.02634,115.45136,2.735997e-06,0.95050406,3.9497777,1.4510787,4.6813197,4.9179864,6.2765622,58.802657,129.7972
1998.75,155.46271,118.97063,2.6571511e-06,0.39106417,1.6789728,0.53801792,5.1047101,4.6258163,5.8058186,29.033597,150.71672
1998.8333,163.97075,84.134869,2.6550376e-06,0.07982911,0.33524154,0.024331585,5.5586152,4.3567967,5.3607283,9.4479916,135.74118
1998.9167,166.54928,0,2.6974039e-06,0.00090890565,0,0,5.9299388,4.1221547,4.975842,0,37.646639
1999,166.50647,0,2.7491606e-06,0.00031476142,0,0,6.225306,3.9070001,4.6250243,0,30.78816
1999.0833,165.85779,0,2.8067341e-06,0.0031315878,0,0,6.4346995,3.7215359,4.3221626,0,28.30344
1999.1667,164.89081,0,2.8641482e-06,0.018301896,0,0,6.5403581,3.5530996,4.0473123,0,24.433296
1999.25,163.76135,0,2.9220378e-06,0.05898352,0,0,6.534287,3.3943429,3.7890027,0,24.330618
1999.3333,162.59587,0,2.9755358e-06,0.24086692,0,0,6.4731755,3.2497396,3.554692,0,21.917966
1999.4167,162.31775,79.473317,2.9640171e-06,1.170343,4.2172342,1.5692553,7.0848732,3.1140575,3.3348503,1282.367,97.206262
1999.5,156.27606,114.26821,2.7870512e-06,1.7012104,7.2203038,2.6945396,11.358942,2.9730146,3.1210752,166.2383,83.494921
1999.5833,158.87941,123.27866,2.6217874e-06,1.3537343,5.8383242,2.067612,14.854201,2.8370759,2.9235561,56.424705,111.95927
1999.6667,164.86064,125.87222,2.4856574e-06,0.90067806,3.9257932,1.3641986,17.673901,2.7197156,2.7622259,15.510276,124.92092
1999.75,171.88023,77.765957,2.443848e-06,0.25805656,1.1645892,0.409296,18.537083,2.6237228,2.6543331,4.9512153,91.133432
1999.8333,171.57249,0,2.519763e-06,0.00068690623,0,0,18.457405,2.5420978,2.5814712,0,30.495947
1999.9167,167.99924,0,2.684405e-06,0,0,0,18.595207,2.4668937,2.5170717,0,38.263652
2000,164.56729,0,2.884299e-06,-2.3435373e-08,0,0,18.434311,2.3963554,2.4586835,0,29.71193
2000.0833,160.9322,0,3.1022678e-06,1.6984157e-07,0,0,17.405935,2.3349648,2.4078908,0,29.162417
2000.1667,156.66106,0,3.2828971e-06,1.5256128e-05,0,0,15.614098,2.2792654,2.3611867,0,24.091203
2000.25,151.60406,0,3.4915759e-06,9.8783557e-07,0,0,13.967087,2.2277722,2.3162687,0,17.030789
2000.3333,147.29704,0,3.766756e-06,0.087586472,0,0,12.5565,2.181617,2.2750428,0,16.590363
2000.4167,152.0998,76.032452,3.7094742e-06,1.3134034,5.7135994,1.4103001,12.789699,2.1386759,2.2359924,1248.8607,158.90587
2000.5,154.27236,107.22346,3.3786005e-06,1.6319071,7.1516823,1.8328705,20.093645,2.0925879,2.190465,77.632723,164.59907
2000.5833,165.75073,111.67277,3.0546616e-06,1.2609658,5.4705958,1.4074306,24.235693,2.0549784,2.1501153,29.154599,223.0912
2000.6667,181.81677,113.98464,2.8080003e-06,0.8586098,3.7264849,0.94920273,24.363159,2.0377178,2.1333315,18.325657,246.80808
2000.75,195.1035,104.32029,2.6986534e-06,0.25307622,0.94267227,0.32000513,22.22648,2.0470281,2.1533957,9.5807685,180.89588
2000.8333,199.95984,0,2.7272479e-06,0.014830648,0,0,19.237387,2.0847607,2.2192366,0,29.795816
2000.9167,198.4936,0,2.8130576e-06,1.5648502e-06,0,0,16.764744,2.1237366,2.2954633,0,30.389657
2001,197.34395,0,2.8933698e-06,0.00042223651,0,0,14.579274,2.1578372,2.3671455,0,24.499087
2001.0833,195.77323,0,2.9629141e-06,0.002255405,0,0,12.73469,2.1864233,2.4295995,0,24.430186
2001.1667,193.97819,0,3.0300369e-06,0.0099059744,0,0,11.108795,2.2118595,2.4857981,0,22.788632
2001.25,191.68817,0,3.1093875e-06,0.022620762,0,0,9.6487932,2.235605,2.5361614,0,22.067226
2001.3333,189.0287,0,3.1995585e-06,0.061765626,0,0,8.4360409,2.2570727,2.5770278,0,21.208168
2001.4167,192.29513,41.109633,3.1983309e-06,0.34159738,0.58695046,0.085973321,7.4081678,2.2712471,2.6036384,837.8016,182.44762
2001.5,179.31548,87.037072,3.24757e-06,1.4756222,5.9143967,1.7378928,8.3099737,2.2466512,2.5717738,336.27291,66.180867
2001.5833,150.07034,103.62494,3.3789818e-06,1.3403796,5.3490136,1.5704935,11.611655,2.1804664,2.4774318,120.97282,71.358161
2001.6667,139.4724,111.01881,3.4055736e-06,0.97108827,3.9398793,1.1225483,13.309214,2.1076438,2.3648942,51.517533,92.142218
2001.75,143.55426,73.472627,3.3335091e-06,0.24875402,0.98222642,0.31310337,12.21655,2.0639679,2.3102875,14.373832,80.475144
2001.8333,143.14018,0,3.4552179e-06,0,0,0,10.344749,2.0419369,2.301966,0,23.772716
2001.9167,139.61808,0,3.7326524e-06,0,0,0,8.9459944,2.0198724,2.3009455,0,27.745354
2002,136.37377,0,4.004949e-06,-1.2087395e-07,0,0,7.7537851,1.9964247,2.3027778,0,22.862947
2002.0833,132.94077,0,4.2744518e-06,-8.4271161e-08,0,0,6.7193656,1.9737276,2.3062992,0,21.190552
2002.1667,129.35646,0,4.5823376e-06,-1.6762633e-05,0,0,5.8419609,1.9505831,2.3110504,0,19.662664
2002.25,125.4403,0,4.9437958e-06,-3.1833802e-05,0,0,5.061358,1.9263793,2.3162301,0,12.660985
2002.3333,121.68346,12.169702,5.3245071e-06,0.10529456,0.38126856,0.041986339,4.393939,1.9024101,2.3206577,765.66518,79.30706
2002.4167,120.26114,87.347582,5.1869356e-06,1.7392115,6.8337861,1.0845004,4.2002249,1.8732895,2.3174558,395.90106,91.05768
2002.5,116.86955,101.55194,4.9152154e-06,1.8399727,6.7109362,1.2636313,4.7661433,1.8411289,2.3012307,78.832927,116.84634
2002.5833,120.90088,107.36758,4.5484262e-06,1.45187,5.5679734,1.0167464,4.3266506,1.8201331,2.2850597,48.943307,140.10661
2002.6667,127.48666,109.99527,4.3174514e-06,0.94288844,3.6872475,0.6795585,3.6459224,1.8171943,2.2860453,21.002979,169.56086
2002.75,134.03876,71.986996,4.217125e-06,0.43852754,1.4434247,0.25465495,3.6760108,1.8395382,2.3185544,11.974033,143.75542
2002.8333,135.92936,0,4.1957537e-06,0.080736851,0,0,3.6524653,1.8730879,2.3695247,0,24.104861
2002.9167,135.45376,0,4.2458664e-06,0.0061443476,0,0,3.5913742,1.9020832,2.4170012,0,31.438792
2003,135.57377,0,4.2744173e-06,0.0017392049,0,0,3.4765992,1.9279852,2.4614425,0,23.877155
2003.0833,135.07462,0,4.3261343e-06,0.0074467878,0,0,3.3736346,1.9499837,2.4999247,0,23.598808
2003.1667,134.4671,0,4.3884256e-06,0.023640465,0,0,3.2671115,1.9697363,2.5343716,0,22.966474
2003.25,132.02693,0,4.6143768e-06,0.044602929,0,0,3.1328578,1.9879458,2.5644739,0,21.95726
2003.3333,131.01564,8.2931416,4.7426829e-06,0.66747317,0.46811588,0.072798188,3.0008621,2.0032969,2.5864525,1026.649,101.24783
2003.4167,141.91991,100.87989,4.255251e-06,2.1454993,7.8425398,1.5443683,3.0233517,2.0169263,2.6080079,226.40578,192.00545
2003.5,158.0293,109.58479,3.8064616e-06,1.8144051,6.3485286,1.3693044,3.2551079,2.0317998,2.639437,52.341358,272.20379
2003.5833,182.90819,112.59993,3.3416475e-06,1.5291856,5.5019162,1.1574894,3.7004087,2.0539899,2.6893542,21.847554,387.12526
2003.6667,210.01554,114.42722,2.9560224e-06,0.99953766,3.4991249,0.78966314,4.4366221,2.0829985,2.7580152,13.940795,243.92195
2003.75,213.55364,100.83418,2.8272414e-06,0.44091491,1.4624492,0.334253,5.4403224,2.1193423,2.8556881,9.5132199,64.196219
2003.8333,210.76883,0,2.8027337e-06,0.078533743,0,0,5.9971342,2.1543376,2.9729013,0,23.223422
2003.9167,208.76074,0,2.8486616e-06,0.00024619975,0,0,6.2375402,2.1800954,3.0786796,0,29.562863
2004,207.27435,0,2.9003088e-06,3.4415403e-05,0,0,6.3888216,2.2005212,3.1752102,0,22.907538
2004.0833,205.28281,0,2.9719938e-06,0.0047498826,0,0,6.4272323,2.2162495,3.2562594,0,22.772277
2004.1667,202.2725,0,3.0582207e-06,0.020032496,0,0,6.253747,2.2293673,3.3266563,0,22.73502
2004.25,197.08449,0,3.1681525e-06,0.084076065,0,0,5.9683719,2.2416158,3.387882,0,22.694638
2004.3333,191.64361,5.5608717,3.293982e-06,0.26882515,0.10242346,0.023291026,5.6780729,2.2535274,3.4363158,1016.1194,129.03496
2004.4167,195.73461,93.379423,3.0853146e-06,2.1803281,7.1967972,1.8721232,5.5176716,2.2643962,3.4738839,126.4393,77.018178
2004.5,193.84933,99.9301,2.7712038e-06,2.2618138,7.2404719,2.0396964,5.8802686,2.2714458,3.4674454,60.263056,115.30711
2004.5833,169.88847,104.44742,2.7894575e-06,1.6994139,5.6870589,1.5153333,6.4557095,2.2795324,3.4057312,48.606653,185.13808
2004.6667,162.58514,109.20946,2.7665828e-06,1.0508776,3.7304013,0.97089988,7.1753483,2.2902975,3.310545,47.605111,147.43375
2004.75,171.84041,112.48486,2.6871178e-06,0.41414392,1.4815286,0.36000728,7.4465032,2.3058667,3.203083,22.286926,149.59786
2004.8333,175.40845,7.5642345,2.7020942e-06,0.018667312,0.035451048,0.0019170017,7.5466332,2.3271105,3.0993257,0.93942375,42.233332
2004.9167,174.50736,0,2.7811477e-06,8.6956569e-06,0,0,7.6262012,2.3449447,3.0153136,0,40.149401
2005,174.30802,0,2.863414e-06,0.0020754948,0,0,7.6843681,2.3585653,2.9392798,0,30.186689
2005.0833,173.29381,0,2.955835e-06,0.0084674869,0,0,7.625299,2.3691602,2.8733728,0,30.192113
2005.1667,172.24395,0,3.0479293e-06,0.037762041,0,0,7.3821321,2.3783448,2.8127794,0,30.089149
2005.25,171.08716,0,3.1419875e-06,0.0778538,0,0,6.9855294,2.3862581,2.7548678,0,29.717238
2005.3333,170.86031,18.155828,3.2283785e-06,0.38240464,0.25828833,0.04922692,6.5327468,2.3923447,2.7005215,1106.3058,115.75319
2005.4167,177.83947,102.3647,3.0926167e-06,1.9653231,7.1447046,2.0065896,7.044167,2.3870969,2.6175945,173.168,193.87083
2005.5,193.45084,110.71689,2.6593993e-06,2.0404322,7.3611848,2.0818447,9.2806759,2.3698773,2.5112627,39.194025,256.38468
2005.5833,213.68702,113.68103,2.3225448e-06,1.620359,5.8436069,1.6422022,11.201669,2.3512263,2.407774,22.187167,322.49158
2005.6667,239.20096,115.60563,2.1351302e-06,0.90003622,3.3877483,0.91858302,11.930987,2.3353355,2.3226085,15.106,358.98707
2005.75,252.12559,109.51785,2.0894026e-06,0.35790591,1.4163401,0.37398008,12.360057,2.3248522,2.2676842,10.525937,109.06638
2005.8333,249.39312,0,2.1615933e-06,0.003351967,0,0,12.469918,2.3150711,2.2389331,0,30.633285
2005.9167,245.17459,0,2.2477434e-06,0.00024956145,0,0,12.391573,2.3030822,2.2168455,0,36.090076
2006,243.30032,0,2.3122411e-06,8.0866634e-07,0,0,12.047837,2.2912323,2.1979265,0,25.39951
2006.0833,239.62913,0,2.3874454e-06,0.013985879,0,0,11.120327,2.280539,2.1819067,0,25.039382
2006.1667,236.73722,0,2.4618312e-06,0.018067597,0,0,10.090842,2.2709184,2.1669984,0,24.668834
2006.25,233.50874,0,2.5379641e-06,0.047887582,0,0,9.0938988,2.2624762,2.1518984,0,24.547325
2006.3333,228.11989,5.0437311,2.6321675e-06,0.27057821,0.14870126,0.038283224,8.2120228,2.2541685,2.1385696,922.55023,89.669832
2006.4167,224.4616,85.711896,2.6053806e-06,1.6664616,6.0173351,1.7643133,8.3996296,2.2428255,2.117739,140.528,76.640511
2006.5,179.85824,93.383841,2.7212814e-06,1.724688,6.2022347,1.7778965,11.577779,2.2197554,2.0613871,71.554725,105.67454
2006.5833,153.22575,100.81984,2.7906092e-06,1.4247353,5.4113862,1.4370969,13.899423,2.1914582,1.9867896,94.683711,121.65892
2006.6667,160.81533,108.26026,2.6366627e-06,0.91724754,3.6054159,0.92318097,13.831611,2.1669302,1.9226353,67.544157,115.5781
2006.75,167.45992,112.83312,2.6462014e-06,0.3874436,1.5477861,0.37707767,12.677935,2.1487579,1.8821006,34.274963,103.81741
2006.8333,171.86773,30.526331,2.6929783e-06,0.020374743,0.08353805,0.010024666,10.969946,2.1375566,1.8680428,3.7209924,48.337211
2006.9167,171.12701,0,2.8046197e-06,1.8282947e-19,0,0,9.4769955,2.1283085,1.8631237,0,37.272256
2007,171.02605,0,2.9302728e-06,0.0038385489,0,0,8.2776308,2.1194396,1.8590035,0,24.648617
2007.0833,169.79812,0,3.018534e-06,0.0082062177,0,0,7.2571077,2.111572,1.8552353,0,24.165271
2007.1667,168.25113,0,3.1298041e-06,0.0066350581,0,0,6.4492316,2.1040039,1.8509089,0,23.589192
2007.25,166.355,0,3.232808e-06,0.085500189,0,0,5.7922997,2.0967116,1.8453467,0,23.06479
2007.3333,164.30569,2.6850731,3.3088729e-06,0.24081061,0,0,5.2366652,2.0899007,1.8385222,979.78302,89.312269
2007.4167,164.99665,96.576683,3.2491112e-06,1.7131601,6.5468267,1.7195171,5.2368803,2.0802889,1.8212823,281.5837,77.491275
2007.5,157.72003,111.19924,3.1966629e-06,2.1142015,7.3851917,1.8785806,6.2933998,2.0585506,1.7674085,81.756499,172.53681
2007.5833,164.42025,116.13125,3.040913e-06,1.8020841,6.1136636,1.5358832,6.6874275,2.0294366,1.691081,39.076522,290.74763
2007.6667,192.52385,119.15885,2.7459901e-06,1.209571,4.1457205,1.0175048,6.7264667,2.0029767,1.608882,23.476275,370.18004
2007.75,200.7591,117.07966,2.6656023e-06,0.33370052,1.2256092,0.28100263,7.0029531,1.984551,1.5278888,12.830305,74.218269
2007.8333,197.75975,0,2.7319647e-06,0.0173299,0,0,7.0148878,1.9774864,1.4727854,0,28.260632
2007.9167,196.50701,0,2.7533983e-06,0.004712361,0,0,6.5319223,1.9739523,1.4388305,0,43.261313
2008,196.4404,0,2.7419335e-06,0.0038735465,0,0,6.0717459,1.9698526,1.4093925,0,27.839547
2008.0833,195.02085,0,2.7533686e-06,0.0057783896,0,0,5.713376,1.9659979,1.3849559,0,27.211531
2008.1667,192.35577,0,2.7767596e-06,0.02370293,0,0,5.3801045,1.9623648,1.3633453,0,24.678186
2008.25,188.16414,0,2.8131908e-06,0.07442039,0,0,5.0656886,1.9588513,1.3432645,0,20.515409
2008.3333,184.753,18.96197,2.8678708e-06,0.33889806,0.23811845,0.077821676,4.8380389,1.9555228,1.3253341,992.73488,95.095046
2008.4167,182.66024,99.562347,2.8814216e-06,1.9905909,6.3699319,1.6183288,4.6380253,1.9484161,1.3067297,284.82974,54.363472
2008.5,179.30968,111.81488,2.8587581e-06,2.174261,6.3626288,1.7410552,4.7451072,1.9481587,1.3355953,64.186122,95.105423
2008.5833,174.54447,116.1624,2.8575951e-06,1.9356097,5.5039685,1.5124294,4.7127895,1.9726988,1.4506029,40.076342,88.774667
2008.6667,157.20649,119.69899,3.0064423e-06,1.3223323,3.7303921,1.0138428,5.0310531,2.0394979,1.6738076,33.785121,82.756091
2008.75,159.69865,58.914788,2.9809182e-06,0.30594734,0.69528324,0.26013489,5.0946164,2.1563494,2.0307667,10.462392,55.51495
2008.8333,159.42957,0,3.0026779e-06,0.012803284,0,0,4.8165522,2.2916059,2.4552586,0,28.612232
2008.9167,156.82657,0,3.0884751e-06,8.0201221e-05,0,0,4.5813155,2.4100249,2.8430884,0,35.709439
2009,155.10432,0,3.1985467e-06,0.00069789102,0,0,4.425323,2.5085428,3.1914849,0,28.112898
2009.0833,153.17322,0,3.2876308e-06,0.0098654954,0,0,4.2998347,2.5868785,3.490567,0,27.57126
2009.1667,151.51045,0,3.3493122e-06,0.016367812,0,0,4.1835852,2.6530287,3.7563815,0,26.581886
2009.25,150.78868,0,3.3774004e-06,0.079922803,0,0,4.0556431,2.708348,4.0025721,0,26.067842
2009.3333,152.46902,18.855691,3.3670074e-06,0.88790898,0.94631313,0.25709387,4.0611634,2.7547095,4.222435,1030.189,167.04641
2009.4167,161.46989,104.77983,3.2573205e-06,2.7085198,6.657477,2.0117874,4.2460914,2.7852638,4.4007688,300.62239,147.91623
2009.5,175.17728,115.96765,3.1608224e-06,2.9575262,7.2409182,2.2278334,3.9437618,2.804318,4.5152411,66.352489,287.96451
2009.5833,202.73048,120.03042,2.9142986e-06,2.1583864,5.3686532,1.6482078,3.7027271,2.8261452,4.5917659,27.686248,474.67446
2009.6667,248.73953,121.91205,2.5646452e-06,1.4984782,3.7521097,1.1511214,4.1339097,2.8531694,4.6495419,14.81695,561.82071
2009.75,263.43477,87.299168,2.4701405e-06,0.59214769,1.4129212,0.44366365,5.3763795,2.8913367,4.707325,8.0419555,58.55655
2009.8333,261.72015,0,2.4830515e-06,0.0093931914,0,0,5.7029662,2.9350932,4.7688775,0,29.183347
2009.9167,258.6458,0,2.4979729e-06,0.0028775758,0,0,5.6226954,2.9695382,4.8228021,0,37.998996
2010,256.21378,0,2.505566e-06,0.00077146552,0,0,5.531775,2.9963877,4.8654261,0,28.524689
2010.0833,253.19645,0,2.5164104e-06,0.034021187,0,0,5.4434752,3.015909,4.8946261,0,28.440605
2010.1667,248.52283,0,2.520072e-06,0.021545002,0,0,5.3027291,3.0302768,4.9119086,0,28.369788
2010.25,241.37063,0,2.5444747e-06,0.19697815,0,0,5.1341481,3.0374854,4.9170308,0,25.091145
2010.3333,233.70917,6.3537816,2.567373e-06,1.6410855,0.43420297,0.17143439,4.9607091,3.0374234,4.9165239,798.20908,99.886549
2010.4167,231.51241,87.171614,2.4085475e-06,3.1026893,5.8160927,2.5289433,4.2704611,3.023035,4.8890762,335.94957,98.107576
2010.5,230.33696,98.748088,2.267742e-06,2.9676069,6.0155487,2.3983632,3.7232106,2.9814203,4.7714534,63.550381,169.07222
2010.5833,207.77519,103.28424,2.2456884e-06,2.4220946,4.9880014,1.9090141,3.76775,2.9183562,4.5772753,46.389704,184.48947
2010.6667,192.73673,106.57837,2.2456711e-06,1.6188763,3.5076899,1.2679863,4.9119291,2.8425586,4.3550887,36.045369,198.14377
2010.75,203.59814,70.23637,2.184906e-06,0.60333097,1.1230507,0.42494465,6.3736997,2.7672606,4.1338058,14.07402,166.44961
2010.8333,204.37926,0,2.2302347e-06,0.044713217,0,0,7.52354,2.69262,3.9269106,0,31.927622
2010.9167,202.63362,0,2.2888091e-06,0.00078776648,0,0,8.5180264,2.6223156,3.7395673,0,31.575321
2011,200.93551,0,2.3558055e-06,0.0043221793,0,0,9.4472609,2.5599408,3.5644922,0,26.255081
2011.0833,198.97816,0,2.437085e-06,0.011696513,0,0,10.23151,2.5074561,3.4116018,0,26.043874
2011.1667,196.897,0,2.5224167e-06,0.04558704,0,0,10.845407,2.4605336,3.271723,0,26.479346
2011.25,194.54508,0,2.6112905e-06,0.077628539,0,0,11.274949,2.4168684,3.1394045,0,23.181506
2011.3333,191.92521,8.0570476,2.7073395e-06,0.4120892,0.081671661,0.035117694,11.574747,2.3769691,3.0195308,735.3476,118.97481
2011.4167,184.19875,82.747132,2.6746902e-06,2.9617775,6.0918195,2.3594351,14.288744,2.330338,2.8971565,410.48851,37.929172
2011.5,171.45233,101.08569,2.4518113e-06,2.6557049,5.6923784,2.1165764,21.136772,2.2676733,2.7505639,90.319697,57.732816
2011.5833,159.93755,107.2466,2.3250559e-06,2.2255538,4.7888684,1.7738315,27.912823,2.1868174,2.5918126,53.004244,82.58066
2011.6667,155.33073,110.56706,2.2513441e-06,1.6006725,3.4634246,1.2736491,33.574821,2.100512,2.428534,25.237924,121.67369
2011.75,159.36293,108.86672,2.2376948e-06,0.49181698,1.0980523,0.41294449,36.37318,2.0176079,2.2625244,11.353701,97.153268
2011.8333,158.86055,0,2.3406385e-06,0.020210508,0,0,37.178425,1.9413952,2.1027517,0,24.82771
2011.9167,156.24326,0,2.4917388e-06,0.0020026189,0,0,37.97736,1.8725361,1.9585056,0,29.488288
2012,154.94719,0,2.6143837e-06,0.00027373286,0,0,38.087936,1.8091638,1.8262451,0,23.745614
2012.0833,152.60684,0,2.739733e-06,0.0022971881,0,0,37.964008,1.7549348,1.7123506,0,23.26945
2012.1667,150.8843,0,2.8552361e-06,0.006536618,0,0,37.38475,1.7069808,1.6091526,0,23.064198
2012.25,150.08609,0,2.9593568e-06,0.095000727,0,0,36.038307,1.6622384,1.5120236,0,38.215815
2012.3333,148.7401,0,3.0636893e-06,0.25678675,0,0,34.505108,1.6222492,1.4233303,0,17.018787
2012.4167,150.11944,84.21585,2.9795035e-06,2.4340081,5.5260343,2.0747324,40.03294,1.584181,1.3385259,1232.0912,119.00719
2012.5,153.72647,107.34402,2.5894917e-06,2.5785774,6.0654214,2.1611439,65.462135,1.5487337,1.2563334,89.378231,133.08343
2012.5833,161.29711,112.1942,2.3306961e-06,1.8236123,4.3818032,1.5195566,82.382805,1.5231321,1.1913053,28.969245,161.39393
2012.6667,170.71107,114.05527,2.1823298e-06,1.3385443,3.2854969,1.1291022,91.063194,1.5131084,1.1569459,12.268867,186.51742
2012.75,182.25983,89.200214,2.0949551e-06,0.54006232,1.1039383,0.46717264,92.271118,1.5264946,1.1658751,4.7147789,145.98543
2012.8333,184.28114,0,2.1543797e-06,0.01608774,0,0,88.84996,1.5584426,1.2106884,0,30.069889
2012.9167,180.29004,0,2.2990166e-06,3.2670266e-05,0,0,86.713608,1.5892183,1.2558017,0,33.092923
2013,177.7965,0,2.4313306e-06,0.0017499126,0,0,83.64167,1.6169909,1.2978393,0,24.368862
2013.0833,176.35626,0,2.5200761e-06,0.0036658426,0,0,79.573219,1.6405932,1.3344009,0,24.298617
2013.1667,173.72081,0,2.6358668e-06,0.017475596,0,0,75.974899,1.6620994,1.3671212,0,24.079565
2013.25,171.21977,0,2.7376918e-06,0.0089238215,0,0,71.736214,1.683126,1.3966091,0,23.325116
2013.3333,169.01295,0,2.8260235e-06,0.2660378,0,0,67.294624,1.7022233,1.4233259,0,19.876146
2013.4167,185.88635,82.070671,2.5866148e-06,2.6272079,6.2728397,2.1764462,83.639793,1.718495,1.4509139,1152.8918,286.45903
2013.5,185.71863,99.385992,2.2618469e-06,2.4912002,6.1546887,2.118613,138.07716,1.7407472,1.5002517,72.616863,91.662708
2013.5833,189.72492,103.71261,2.0011562e-06,2.1262955,5.3627369,1.7869337,178.92755,1.7845007,1.5973291,29.176096,145.66154
2013.6667,199.21742,106.13029,1.8409984e-06,1.3685216,3.5597662,1.151364,197.99809,1.8557034,1.7599201,15.922611,157.15178
2013.75,207.73408,107.44169,1.7900901e-06,0.49979826,1.2882414,0.38731763,196.76028,1.9638571,2.0114937,6.199557,141.14981
2013.8333,214.72104,61.26013,1.8000536e-06,0.099439231,0.22822578,0.079170155,182.99492,2.1159472,2.3647146,2.1307984,86.632374
2013.9167,213.732,0,1.8691603e-06,0.0032485866,0,0,171.31766,2.2822917,2.7502944,0,35.511278
2014,211.59279,0,1.9451541e-06,0.0059146048,0,0,160.02037,2.4314487,3.1049757,0,27.677753
2014.0833,208.90863,0,2.0183629e-06,0.014900465,0,0,149.67769,2.5560055,3.4079394,0,27.596998
2014.1667,206.1598,0,2.0909847e-06,0.03880919,0,0,139.61885,2.6650815,3.6772256,0,26.246965
2014.25,201.20792,0,2.2071151e-06,0.12962657,0,0,130.97488,2.7631752,3.9243355,0,25.406101
2014.3333,198.19434,4.2227129,2.304512e-06,0.467488,0.14933219,0.030241043,124.39487,2.8460333,4.142736,776.95652,184.25847
2014.4167,207.57769,79.497576,2.1783364e-06,2.405101,6.3373462,1.6062087,158.79472,2.9071195,4.3242774,271.48706,42.110486
2014.5,205.13695,93.046717,1.9830402e-06,2.1896656,5.8588324,1.7248816,256.89868,2.9330006,4.4365678,91.693182,71.461817
2014.5833,200.54166,98.587982,1.8415457e-06,2.0027921,5.511333,1.6331965,329.74109,2.9293811,4.476871,34.163495,101.4335
2014.6667,202.15911,101.09214,1.7389193e-06,1.281888,3.6505523,1.0410585,364.68741,2.909915,4.4474893,20.165194,144.86202
2014.75,205.92423,102.49142,1.7104761e-06,0.44110906,1.1204159,0.41142979,362.78802,2.8932853,4.356163,6.3053887,179.07583
2014.8333,208.69431,6.8524801,1.7581874e-06,0.033862624,0.00026430795,0.0038384706,335.91751,2.8820531,4.2296624,0.11720728,49.467462
2014.9167,205.99897,0,1.8432793e-06,0.0014472266,0,0,312.78976,2.8681526,4.1088014,0,36.753122
2015,202.3211,0,1.9344773e-06,0.0010604541,0,0,290.2323,2.8504949,3.9964669,0,21.225461
2015.0833,195.73353,0,2.0564489e-06,0.0070156972,0,0,272.38336,2.8296766,3.8999362,0,20.657671
2015.1667,191.94601,0,2.1511144e-06,0.034473406,0,0,253.22395,2.8095112,3.8068998,0,20.258286
2015.25,187.33937,0,2.2657619e-06,0.071467239,0,0,234.22551,2.7893872,3.7127757,0,18.909659
2015.3333,184.18679,15.558837,2.3485504e-06,0.97627787,1.2625349,0.22689021,227.51089,2.7678411,3.6230524,844.37999,55.868141
2015.4167,176.22133,81.71951,2.2381528e-06,2.3722596,6.8410444,1.5422559,360.29373,2.7376835,3.5139627,185.09901,41.391711
2015.5,172.80526,91.45537,2.0555658e-06,2.2045552,6.4956432,1.7336836,524.13733,2.7030287,3.3817744,85.283089,106.4494
2015.5833,176.31513,96.885569,1.8775689e-06,1.6511553,5.0895208,1.3295324,627.44226,2.6801984,3.2490206,29.032423,140.74072
2015.6667,183.70967,98.670043,1.7820969e-06,1.1169505,3.5464788,0.9001646,654.92749,2.6795118,3.1434243,11.520702,145.96034
2015.75,193.43492,99.801138,1.7530614e-06,0.43928817,1.4464845,0.33651986,630.45416,2.7171645,3.0887768,6.2346075,164.54839
2015.8333,200.93176,50.206773,1.779925e-06,0.050819424,0.10598657,0.020018694,576.03015,2.8103201,3.108938,1.880943,74.546115
2015.9167,200.33574,0,1.8557907e-06,0.0012179645,0,0,529.16809,2.928721,3.1708999,0,26.421342
2016,198.63692,0,1.9373938e-06,0.001517041,0,0,485.25793,3.0359626,3.230664,0,22.16224
2016.0833,196.73954,0,2.014242e-06,0.01249062,0,0,445.53265,3.1266599,3.2820287,0,21.817494
2016.1667,194.73036,0,2.0965313e-06,0.040500776,0,0,409.16165,3.2074583,3.3273878,0,21.518467
2016.25,192.22708,0,2.1998414e-06,0.11218449,0,0,376.61749,3.2820179,3.3682637,0,21.197889
2016.3333,193.56373,14.775828,2.2574179e-06,1.0007577,1.239521,0.14826965,361.12799,3.3472598,3.40381,817.08716,256.08086
2016.4167,202.69258,79.33452,2.0824887e-06,2.206509,6.7128878,1.0968194,537.48218,3.3822756,3.4262447,188.18781,47.192074
2016.5,192.41603,90.018295,1.9742456e-06,1.9802825,6.346165,1.2962492,799.99127,3.3779259,3.4315386,92.701605,99.398538
2016.5833,186.94417,96.03709,1.9039132e-06,1.6247617,5.398367,1.183863,959.65521,3.351831,3.4518781,42.08256,104.93567
2016.6667,190.47831,98.138623,1.8391006e-06,1.1089382,3.7781094,0.80661002,1031.5034,3.3457391,3.5297499,12.146467,124.41244
2016.75,198.15356,60.711417,1.8304097e-06,0.43879808,1.3384037,0.29181271,1004.9166,3.3905439,3.7079389,4.7246746,115.73137
2016.8333,199.31664,0,1.9038135e-06,0.018035756,0,0,931.54956,3.4552081,3.94801,0,30.199206
2016.9167,197.00606,0,2.0012324e-06,0.00029462403,0,0,855.9151,3.4981422,4.1792431,0,35.668552
2017,195.01431,0,2.0956875e-06,0.005004385,0,0,781.10468,3.5258968,4.3899646,0,28.664895
2017.0833,192.23469,0,2.1889462e-06,0.0051166179,0,0,706.86316,3.5403969,4.561255,0,27.658403
2017.1667,188.03497,0,2.3151281e-06,0.017086324,0,0,629.66852,3.5421002,4.6992378,0,26.69071
2017.25,185.12639,0,2.4281769e-06,0.081636976,0,0,557.56677,3.532119,4.8097692,0,25.69588
2017.3333,182.44402,8.1187245,2.5380427e-06,0.59898384,0.54959452,0.056492643,499.6319,3.5139525,4.8908381,768.65112,66.8925
2017.4167,183.70792,79.008207,2.4882606e-06,1.9053121,6.7578615,0.82803161,633.75977,3.48562,4.9340839,247.52003,97.496763
2017.5,192.55827,88.528335,2.2870918e-06,1.8556054,6.6897305,1.0476494,868.17163,3.4619076,4.9250708,55.33822,191.63837
2017.5833,208.14928,91.946192,2.1288311e-06,1.3917538,5.1381813,0.93816979,969.22382,3.4680758,4.8883986,24.342894,240.24658
2017.6667,224.31228,93.804225,2.0330306e-06,0.95358412,3.6218088,0.6578084,975.44299,3.5449481,4.8567457,13.511484,223.25038
2017.75,240.25656,76.512255,2.0000982e-06,0.40360917,1.4472155,0.25394995,893.59088,3.7315323,4.8587751,6.3639698,202.38174
2017.8333,244.99846,0,2.0507841e-06,0.046976603,0,0,782.89423,3.9980309,4.8942232,0,35.651978
2017.9167,242.49959,0,2.137758e-06,0.0013294581,0,0,688.59155,4.2441211,4.9342461,0,29.924975
2018,239.48187,0,2.2259044e-06,0.0039853391,0,0,603.11017,4.466958,4.9731455,0,24.703925
2018.0833,236.17208,0,2.3115715e-06,0.012191266,0,0,530.16699,4.6640401,5.0018744,0,23.955001
2018.1667,232.5125,0,2.4137476e-06,0.013002783,0,0,466.22021,4.8446517,5.0236959,0,23.088431
2018.25,226.26677,0,2.5630957e-06,0.041594613,0,0,408.13528,5.0182314,5.0355902,0,21.725716
2018.3333,217.49456,1.7468801,2.7499593e-06,0.15491941,0,0,354.89679,5.1777816,5.0378885,637.40241,104.59104
2018.4167,214.69378,60.220592,2.8122029e-06,1.2109001,4.2053673,0.48421322,350.45859,5.2865582,5.0126963,193.62793,45.158532
2018.5,197.9838,75.115904,2.7921901e-06,1.7550154,6.6753767,0.90892424,616.44189,5.2740359,4.8888226,97.288617,77.032582
2018.5833,184.78559,81.923001,2.7030599e-06,1.3130995,5.2691803,0.83178321,865.52667,5.1644392,4.6750426,59.755368,91.947271
2018.6667,167.28596,85.840672,2.739406e-06,0.93017585,3.8673377,0.59669177,991.0766,4.9744353,4.3935051,31.929135,114.78926
2018.75,158.13823,88.954389,2.8188911e-06,0.40132922,1.742731,0.23246365,990.32819,4.7176409,4.0748267,28.396948,114.71605
2018.8333,160.10097,6.0029933,2.9106111e-06,0.037829619,0.041061692,0.0033497377,874.14612,4.4700985,3.7625673,1.0090591,35.349842
2018.9167,159.05616,0,3.0407341e-06,0.001994292,0,0,769.66681,4.2477207,3.4778144,0,26.609213
2019,157.99569,0,3.1669799e-06,0.0040409892,0,0,673.586,4.0435963,3.2146609,0,22.861725
2019.0833,156.71016,0,3.2866815e-06,0.007402521,0,0,591.89337,3.8677559,2.9863083,0,22.80253
2019.1667,155.32167,0,3.4112029e-06,0.025784638,0,0,518.79498,3.7084739,2.7778862,0,21.9266
2019.25,153.69199,0,3.5500241e-06,0.054270753,0,0,450.72427,3.5585032,2.5807757,0,20.641559
2019.3333,152.13746,8.8077625,3.6836982e-06,0.23576161,0.11818484,0.014102572,392.62167,3.4213006,2.4007037,644.54413,37.337157
2019.4167,146.79101,76.838046,3.6797021e-06,1.5325833,7.1092956,0.73970224,494.87952,3.2852449,2.2232542,395.67034,82.152617
2019.5,143.94392,91.558821,3.4014572e-06,1.5104718,7.2977318,0.94513573,808.50708,3.1488307,2.0431981,60.899259,143.35658
2019.5833,148.35186,94.72844,3.0953049e-06,1.1697964,5.8322348,0.77469482,969.89996,3.0408394,1.8840655,17.813869,203.40414
2019.6667,162.71724,96.394792,2.8521529e-06,0.79241975,4.055005,0.51746322,973.4483,2.9950864,1.7665654,9.6275384,298.08743
2019.75,181.99447,97.630106,2.7163426e-06,0.31706149,1.624492,0.21507163,867.573,3.0519831,1.7038838,8.2732115,195.93898
2019.8333,186.61353,22.956517,2.7670303e-06,0.024253721,0.0013426244,4.5393767e-05,751.48987,3.2348452,1.7135768,2.2256457,60.041143
2019.9167,184.1432,0,2.8886227e-06,7.3815743e-05,0,0,660.07135,3.4236498,1.7477239,0,30.192655
