year,froot_gCm2,leaf_gCm2,p_uptake_demand_ratio,gpp_pft7_gCm2day,gpp_pft9_gCm2day,gpp_pft10_gCm2day,l2fr_site,l2fr_canopy,l2fr_ustory,leaf_alloc_gCm2yr,froot_alloc_gCm2yr
1901,6.6988631,12.769954,2.332386e-06,0,0,0,3.4274294,0.69543338,0.15533362,10.865796,0.025938175
1901.0833,5.6721778,12.428624,2.626437e-06,0,0,0,3.4803061,0.69322956,0.1574589,10.574796,0.0001916727
1901.1667,4.7881505,11.971628,2.815488e-06,0,0,0,3.5211179,0.69111216,0.15719149,10.185681,0
1901.25,4.0330659,11.480339,3.0152883e-06,0,0,0,3.5249791,0.686894,0.15309872,9.7673798,0
1901.3333,3.4189471,10.994204,3.0037941e-06,0,-3.873666e-07,0,3.2725265,0.67796862,0.14369285,9.3532623,0
1901.4167,2.9874956,10.753138,3.4459429e-06,0.019977818,0.016949679,0,2.689055,0.66160268,0.13109535,10.559942,0.0025889106
1901.5,4.2730826,11.006615,4.0468976e-06,0.84074136,1.7413897,0.7749984,1.788884,0.63910878,0.11966345,12.658462,39.342998
1901.5833,6.3340338,11.375114,3.2414605e-06,0.81580768,1.8958666,1.0556154,1.3841587,0.62681067,0.11271406,11.046008,24.142516
1901.6667,7.3149642,11.780759,2.8432544e-06,0.52806366,1.2725021,0.71436177,1.284698,0.62466818,0.11043712,11.439642,22.986548
1901.75,7.9950904,12.207667,2.5338391e-06,0.097668229,0.23116948,0.12102435,1.6986965,0.62848336,0.11041754,11.854165,22.894593
1901.8333,8.519982,12.454012,2.5514091e-06,0,0,0,1.6954353,0.63567495,0.1111207,12.093436,25.372985
1901.9167,8.3604539,12.288275,2.7014012e-06,0,0,0,1.638991,0.64379156,0.11389799,10.911782,8.0350249
1902,6.8865106,11.930609,3.033264e-06,0,0,0,1.6887201,0.65424526,0.11798289,10.14998,0.056006364
1902.0833,5.7680104,11.541339,3.3777496e-06,0,0,0,1.726961,0.66373003,0.1219597,9.8184063,0.015397495
1902.1667,4.857725,11.138066,3.7138536e-06,0,0,0,1.7568778,0.67039734,0.12534985,9.4749561,0
1902.25,4.0947162,10.714695,3.9423867e-06,0,0,0,1.7866899,0.67228818,0.12657671,9.1143799,0
1902.3333,3.4818656,10.30182,3.5086878e-06,0.0082537729,0.014264542,0,1.8392283,0.66676259,0.12392645,8.9680052,6.7341247e-06
1902.4167,4.7495216,10.873819,3.2945829e-06,0.82591623,1.9127775,0.63288262,1.7491091,0.6541062,0.11736923,20.61538,48.53443
1902.5,7.3977364,11.41918,2.3342179e-06,1.0099865,2.3146977,1.2421894,2.010031,0.64928603,0.11351404,11.073609,27.121782
1902.5833,8.5296743,11.842505,1.4634835e-06,0.81257783,1.8859027,1.0310607,2.946454,0.65401644,0.11296476,11.497136,25.594516
1902.6667,9.4610769,12.258455,1.108015e-06,0.54975809,1.2959739,0.70110786,3.9678996,0.66401029,0.11423957,11.904227,26.419625
1902.75,10.168787,12.691508,9.9871784e-07,0.12581991,0.25980806,0.1282084,5.034821,0.67761242,0.11606158,12.322496,27.016646
1902.8333,10.770035,13.114513,9.9553938e-07,1.4779192e-23,0,0,5.2105269,0.69392782,0.11710698,12.668184,28.780975
1902.9167,10.776315,13.36863,1.0214821e-06,7.097196e-25,0,0,5.186626,0.71289563,0.11724699,11.971085,10.859484
1903,9.0406677,13.405195,1.1355183e-06,7.1240072e-05,0,0,5.24019,0.73361868,0.11603228,11.40475,0.076079926
1903.0833,7.5028627,13.370997,1.1462491e-06,0,0,0,5.2959085,0.75161231,0.11333063,11.375474,0.086105091
1903.1667,6.1854301,13.291521,1.2085754e-06,0,0,0,5.3438034,0.76502907,0.10888266,11.307638,0.011608038
1903.25,5.0196913,13.171231,1.1756817e-06,0,1.6753619e-06,0,5.4065156,0.77129722,0.10227229,11.20504,0
1903.3333,4.095322,13.02095,8.5271745e-07,6.7729365e-07,0.0013585385,0,4.6139483,0.76139754,0.097144142,11.076907,0
1903.4167,3.6420019,13.187161,8.4533241e-07,0.37182361,0.88072602,0.15452597,3.2956841,0.73382664,0.099752329,24.370205,24.802388
1903.5,7.1057566,14.106893,7.4892824e-07,1.2754805,3.1044374,0.83338551,3.0660362,0.70678461,0.10231984,13.698785,48.302182
1903.5833,8.6728605,14.601048,6.6190501e-07,1.0945782,2.6574408,1.0556226,6.7202139,0.69334042,0.10628508,14.179121,30.721732
1903.6667,9.7333714,15.09423,5.918435e-07,0.70203716,1.7185436,0.74911623,13.981769,0.68894196,0.10891438,14.658515,30.716887
1903.75,10.688812,15.589895,5.5512663e-07,0.11889636,0.27716829,0.11552528,21.629547,0.69114035,0.11106923,15.140264,31.626624
1903.8333,11.613121,16.051713,5.6665084e-07,6.5397609e-07,0,0,22.284378,0.69874716,0.11284487,15.588672,34.551081
1903.9167,11.564015,16.274784,5.8186373e-07,0.00077056526,0,0,22.290308,0.71159303,0.11447673,14.488722,8.779456
1904,9.4721019,15.914414,6.248747e-07,0,0,0,22.458025,0.72586787,0.11638471,13.540904,0.24621815
1904.0833,7.6629636,15.335678,6.7943802e-07,0,0,0,22.509163,0.73314136,0.12186425,13.047942,0.037660873
1904.1667,6.2012905,14.748562,7.6469416e-07,0,0,0,22.366381,0.73549598,0.13506067,12.547867,0
1904.25,4.9897307,14.138887,8.1673926e-07,0,0,0,22.167568,0.7341277,0.14626089,12.028583,0
1904.3333,4.0300791,13.532834,7.9677386e-07,0,-0.0003511435,0,20.070511,0.726524,0.15278088,11.512386,0
1904.4167,5.162735,13.929134,7.8673116e-07,0.90120126,0.95805199,0.56633451,18.657433,0.71155196,0.15407333,25.862187,71.005737
1904.5,9.6594989,14.645589,7.418106e-07,1.3044295,1.970323,1.3050295,19.421368,0.70321482,0.15486552,14.207993,39.796473
1904.5833,11.256646,15.150866,6.6793001e-07,1.0571917,2.1444526,1.126593,22.075314,0.70725495,0.15676582,14.706632,38.005375
1904.6667,12.626575,15.64445,5.5628811e-07,0.72980702,1.5064498,0.80142909,26.616928,0.71967763,0.15893465,15.193351,40.013828
1904.75,13.920381,16.136661,5.0995374e-07,0.056905103,0.098767634,0.059400465,31.716915,0.73888248,0.16106328,15.67183,42.016748
1904.8333,15.057502,16.539805,5.0457845e-07,0.0007181659,0,0,32.166679,0.76397908,0.1629488,15.629814,34.169444
1904.9167,13.485616,16.544297,5.2507193e-07,5.2146719e-08,0,0,32.338879,0.79427505,0.16480382,14.389487,1.435496
1905,10.910941,15.981968,5.5935192e-07,0,0,0,32.381886,0.82224226,0.16692625,13.59875,0.37815188
1905.0833,8.8496394,15.358603,6.0262448e-07,0,0,0,32.519482,0.84084296,0.16933456,13.067859,0.0048918879
1905.1667,7.1807145,14.727404,6.5072254e-07,0,0,0,32.512089,0.85140437,0.17443341,12.53031,0
1905.25,5.7956032,14.074412,6.8533365e-07,0,-2.9123707e-09,0,31.753965,0.85479289,0.1835157,11.974212,0
1905.3333,4.7006193,13.438486,6.4677624e-07,0.0059425832,0.001585997,0,28.887177,0.84969366,0.18846372,11.590184,0.00020874484
1905.4167,5.6724912,13.805225,6.4029467e-07,0.84892416,0.96994955,0.56385363,27.005909,0.83459932,0.18855985,25.980214,83.087774
1905.5,11.476893,14.554172,5.6189413e-07,1.302898,2.1816382,1.3088388,24.473675,0.82597685,0.18913057,14.12265,48.094806
1905.5833,13.432628,15.035946,4.7254912e-07,1.0560859,2.1016457,1.167307,25.393997,0.83226025,0.19088988,14.595675,45.954057
1905.6667,15.114047,15.509165,4.1293637e-07,0.62260813,1.2480717,0.72107893,29.942116,0.84863776,0.19297034,15.06242,48.403482
1905.75,16.813688,15.980275,3.8726145e-07,0.14427533,0.24156035,0.12358531,35.203049,0.87347919,0.19506872,15.520417,52.317018
1905.8333,18.102579,16.351899,3.8916411e-07,0.00027647185,0,0,35.618557,0.90607482,0.19702759,15.268419,35.132648
1905.9167,16.034821,16.408423,4.0252914e-07,0,0,0,35.760956,0.94550687,0.19895585,14.327335,2.4621952
1906,13.388993,16.29479,4.1986073e-07,0,0,0,35.646114,0.98743737,0.20089495,13.865982,0.85516137
1906.0833,11.204254,16.094841,4.330563e-07,0,0,0,35.575657,1.0246499,0.20226814,13.695751,0
1906.1667,9.3519911,15.833156,4.5158797e-07,0,0,0,35.500313,1.0555018,0.202088,13.472935,0
1906.25,7.7530839,15.518182,4.5697226e-07,0,0,0,34.761978,1.0767639,0.19912232,13.20472,0
1906.3333,6.4032306,15.275842,5.2005299e-07,0,0.00014804509,0,14.618365,1.0737296,0.19791394,12.994724,0
1906.4167,5.2665276,14.983764,5.455438e-07,0.032384091,0.010377977,0,12.422554,1.0444306,0.19864924,15.70578,0.0055735982
1906.5,9.0232529,16.09268,5.4493637e-07,1.5075191,1.344927,0.76824394,11.102739,1.0022919,0.19463615,27.957021,103.19937
1906.5833,13.361747,16.61733,5.1455709e-07,1.1593628,1.4431169,0.78807872,11.093231,0.97742581,0.19353667,16.139079,53.776857
1906.6667,15.45761,17.10495,4.7350898e-07,0.82634681,1.0529732,0.71225007,12.364482,0.96908879,0.19469027,16.613086,52.887009
1906.75,17.336717,17.593622,4.5434584e-07,0.32660833,0.41410989,0.28358556,14.628869,0.97228682,0.1961516,17.088139,56.031212
1906.8333,19.236289,18.062424,4.4636528e-07,0.0028269535,0,0,15.583097,0.98535669,0.19754268,17.543626,61.356775
1906.9167,19.113738,18.252265,4.5092486e-07,3.8999425e-06,0,0,15.518476,1.0076134,0.19887237,16.081877,11.254781
1907,15.910286,18.145736,4.7198787e-07,0,0,0,15.671288,1.0361818,0.20023134,15.441802,0.63730329
1907.0833,13.23746,17.943155,4.9184297e-07,0,0,0,15.754053,1.0639268,0.20109685,15.269156,0
1907.1667,10.974753,17.673645,5.1328135e-07,0,0,0,15.77077,1.0877587,0.20047271,15.039572,0
1907.25,9.0086954,17.324813,5.2372661e-07,0,0,0,15.425414,1.1037985,0.19750024,14.742419,0
1907.3333,7.2330097,16.58519,5.1711959e-07,0,2.8098138e-08,0,12.815602,1.1010727,0.19469091,14.1124,0
1907.4167,5.8813216,16.072448,5.5981002e-07,0.00056007323,0.0004645685,0,10.947494,1.0820255,0.18780403,13.675622,0
1907.5,7.4027171,16.702589,5.8096305e-07,0.9031449,0.56015525,0.28325773,8.2600508,1.0489799,0.17264226,32.436851,115.86583
1907.5833,15.881658,17.479053,6.5138198e-07,1.2851284,1.6370848,0.57793037,6.1803064,1.026545,0.1603988,16.964118,73.403729
1907.6667,18.722242,17.978687,8.1735334e-07,0.82345446,1.1976037,0.45377262,7.5174298,1.0236163,0.15579627,17.460978,65.583016
1907.75,20.982539,18.472433,7.8452968e-07,0.041182939,0.043611874,0.023219268,7.8987207,1.0328724,0.15516755,17.941789,67.684233
1907.8333,21.888204,18.701129,8.0501343e-07,0.00081473943,0,0,7.8187361,1.0521076,0.15528415,16.789198,28.87329
1907.9167,18.045157,18.123094,8.8116622e-07,0,0,0,7.8126106,1.0750325,0.15737544,15.426983,0.036344271
1908,14.38891,17.384697,9.8337443e-07,0,0,0,7.9298048,1.1001649,0.16178215,14.793117,7.3811559e-05
1908.0833,11.565298,16.66485,1.0642252e-06,0,0,0,8.0198145,1.124061,0.1651151,14.179955,0
1908.1667,9.2863087,15.935471,1.1529954e-06,0,0,0,8.103508,1.14467,0.16576347,13.558828,0
1908.25,7.6246969,15.142748,1.2680374e-06,0,0,0,8.2785807,1.1594875,0.1621543,12.886393,0
1908.3333,6.3546281,14.253953,1.5047281e-06,5.001117e-08,-1.3845764e-05,0,7.9224524,1.1639148,0.15261666,12.131549,0
1908.4167,7.5394111,13.915374,1.6859213e-06,0.78504977,0.5758232,0.4419883,5.0406795,1.1541467,0.13929436,18.298367,127.71547
1908.5,17.065074,14.205046,1.9406052e-06,1.3586877,1.9201384,1.33043,2.0241022,1.1501545,0.12947674,13.791569,67.86208
1908.5833,19.72183,14.581474,1.4916044e-06,0.97109917,1.4703668,1.0413579,1.9196551,1.1649826,0.12566334,14.157511,63.355203
1908.6667,21.70969,15.098013,1.0386603e-06,0.67099232,1.0470524,0.66708387,2.1761177,1.1912113,0.1254788,14.661074,66.185489
1908.75,23.672443,15.625102,8.318508e-07,0.14925987,0.21065222,0.13850977,2.721031,1.2266573,0.12611157,15.173454,70.42528
1908.8333,24.287812,15.948854,8.1667253e-07,0.00088660349,0,0,2.8506258,1.2698414,0.1267577,14.410346,29.666681
1908.9167,19.972494,15.556642,9.0163837e-07,0,0,0,2.8939428,1.3094128,0.12973437,13.246683,0.051266
1909,15.933413,14.949928,9.9942224e-07,0,0,0,2.9635997,1.3451145,0.13662693,12.722167,0.037552175
1909.0833,13.040869,14.188497,1.1035892e-06,0,0,0,3.008373,1.3764553,0.14400178,12.076478,0.025538562
1909.1667,10.735249,13.408706,1.2037392e-06,0,0,0,3.046026,1.4019265,0.15178965,11.412346,0
1909.25,8.8181728,12.618527,1.2776314e-06,0,-5.130546e-06,0,3.079304,1.4183717,0.15858357,10.739338,0
1909.3333,7.3020048,11.869865,1.1868816e-06,0.012399199,0.013448904,0.0015759736,3.6524446,1.4189333,0.16217917,10.646003,0.00029077798
1909.4167,10.951614,12.505647,9.79687e-07,0.97037698,1.5655333,0.6461782,4.7095733,1.4035697,0.16217315,25.14383,152.24059
1909.5,19.359419,12.816746,6.5961717e-07,1.0963352,1.7214313,1.2479133,6.4913459,1.4044665,0.16446111,12.449881,70.417283
1909.5833,22.190833,13.121434,5.031967e-07,0.93770414,1.4742103,1.0642899,9.6441069,1.4256316,0.169967,12.746224,71.100977
1909.6667,24.866631,13.41792,4.1806516e-07,0.56181829,0.90027173,0.61273133,14.461657,1.4607211,0.17735861,13.034634,76.746885
1909.75,27.376357,13.674818,4.0095975e-07,0.018442727,0.02643453,0.012872,19.027437,1.5081564,0.18630986,12.966514,65.800413
1909.8333,25.012573,13.619795,4.1221176e-07,2.0822539e-06,0,0,19.496023,1.5664601,0.19656835,11.599617,0.054690648
1909.9167,20.979634,13.385981,4.2778649e-07,1.5954554e-05,0,0,19.81802,1.6296852,0.20813948,11.400521,0.057097559
1910,17.515276,13.070199,4.5191177e-07,0,0,0,19.978868,1.6913606,0.22106248,11.124789,0.033783171
1910.0833,14.600981,12.583357,4.9503393e-07,0,0,0,19.779381,1.7417495,0.23358205,10.71023,0
1910.1667,11.957584,11.827745,5.4155498e-07,0,0,0,19.961483,1.7770563,0.2445419,10.066701,0
1910.25,9.7709009,10.97312,5.6517689e-07,0,0,0,19.491043,1.7830249,0.25242919,5.3964195,0
1910.3333,7.1975477,9.7897211,5.0396261e-07,0,-3.6414256e-10,0,17.059786,1.7192473,0.25509512,2.0978088,0
1910.4167,1.4082488,8.9680552,5.554283e-07,0.029975281,0.004425069,0,15.75282,1.5915099,0.25093624,7.2862925,0.0010945632
1910.5,2.2592761,9.8964348,5.8338071e-07,0.74108714,0.17488422,0.31370915,12.910783,1.4509703,0.24144465,23.400283,48.886595
1910.5833,6.2098308,10.392294,5.8731928e-07,0.69932944,0.25378448,0.45342043,9.2365599,1.3536016,0.23627354,10.093401,39.275306
1910.6667,8.4974021,10.705029,6.9399647e-07,0.54100812,0.23639931,0.4338471,5.272078,1.2914767,0.23614766,10.397229,36.720586
1910.75,10.458189,11.021943,9.4783923e-07,0.056768681,0.02815787,0.044872363,4.0072098,1.2520512,0.2391241,10.705151,38.742073
1910.8333,11.894333,11.244151,9.8441956e-07,3.6515406e-05,0,0,4.0188103,1.2306625,0.24448289,10.291346,22.721388
1910.9167,10.574028,11.179294,1.03942e-06,4.2712215e-05,0,0,4.060308,1.2243183,0.25201029,9.5158711,0.030867226
1911,8.78614,10.763653,1.1384211e-06,0,0,0,4.0992908,1.2271531,0.26098901,9.1588188,0
1911.0833,7.3637413,10.310568,1.2638271e-06,0,0,0,4.1204524,1.2336385,0.26857606,8.7729149,0
1911.1667,6.2123118,9.8533817,1.422524e-06,0,0,0,4.1254811,1.2398309,0.27331901,8.3835141,0
1911.25,5.2509573,9.3845744,1.6197359e-06,0,0,0,4.1292853,1.2418598,0.27362117,7.9842032,0
1911.3333,4.4827983,8.9271069,1.8108337e-06,0,-3.440346e-07,0,3.3816581,1.2347366,0.26743919,7.5945197,0
1911.4167,3.9199004,8.6428439,2.65269e-06,0.032968938,0.010694297,0.0002867228,2.1008635,1.2124537,0.25299957,10.010305,0.0042194974
1911.5,7.5497907,9.4112232,5.010143e-06,0.76877136,0.83958867,0.21250074,1.0907156,1.1806477,0.23263353,16.622695,86.799808
1911.5833,11.21041,9.7484738,4.3847713e-06,0.71627609,1.0356586,0.33205202,1.3181007,1.1695712,0.21832378,9.4670312,40.355853
1911.6667,12.891166,10.07481,2.9242381e-06,0.46564528,0.68973051,0.33763065,2.529424,1.1752326,0.21036601,9.7838582,39.640523
1911.75,14.394927,10.400535,1.9632125e-06,0.10101674,0.11676928,0.052323179,4.6593442,1.1913706,0.20614347,10.100482,41.951006
1911.8333,15.449466,10.643317,2.3534997e-06,0.0069987907,0,0,4.9038982,1.2157471,0.20477223,9.7818012,25.596297
1911.9167,13.394967,10.451789,2.1948374e-06,0,0,0,5.0143127,1.2467098,0.2058323,8.8961107,0.017678183
1912,11.004274,10.052647,2.4177061e-06,0,0,0,5.1372242,1.2801731,0.20876288,8.5533739,0.011160091
1912.0833,9.1515165,9.6520046,2.6695266e-06,0,0,0,5.2358055,1.3098083,0.21212094,8.2122101,0
1912.1667,7.6506827,9.238963,2.9445641e-06,0,0,0,5.3177638,1.3337747,0.21468431,7.8604656,0
1912.25,6.3981907,8.8093001,3.1390468e-06,0,-2.6317264e-07,0,5.3687692,1.3491918,0.21475503,7.494536,0
1912.3333,5.4014642,8.3897309,2.6324303e-06,0.00015538603,3.2648738e-05,0,4.7921157,1.350531,0.21062297,7.1371616,0
1912.4167,5.3556808,8.308446,2.6199125e-06,0.3560285,0.44215597,0.16270825,3.8126733,1.3336295,0.20140533,10.658846,50.676926
1912.5,10.880202,8.5698236,2.0788946e-06,0.77213842,1.249783,0.6592418,3.3469875,1.319476,0.19303262,8.3191533,55.525797
1912.5833,12.596067,8.8866428,1.4678177e-06,0.6224642,1.0338443,0.59983349,3.9371231,1.3235866,0.1891541,8.6287373,37.697011
1912.6667,13.990005,9.1979504,1.0617048e-06,0.40719489,0.69168251,0.404064,5.2129416,1.3386416,0.18800251,8.9321932,39.103544
1912.75,15.340617,9.5070535,8.0087733e-07,0.1519842,0.25575789,0.14550992,7.6139836,1.3616184,0.18877988,9.232744,41.823944
1912.8333,16.461087,9.7377691,7.7941513e-07,0.00040974303,0,0,8.5142241,1.3911599,0.19109288,9.1842944,33.295719
1912.9167,14.545901,9.5459856,8.3911141e-07,0,0,0,8.6335449,1.4261522,0.19475497,8.1242162,0.011366403
1913,11.946334,9.1907792,9.1287666e-07,0,0,0,8.7906055,1.4630896,0.19941564,7.8198044,0.0082518302
1913.0833,9.9272057,8.8291252,9.8716896e-07,0,0,0,8.9285355,1.4955263,0.20388584,7.5118468,0.0058228373
1913.1667,8.2919272,8.4558614,1.0646991e-06,0,0,0,9.0557947,1.5216999,0.20814043,7.1939812,0
1913.25,6.9279782,8.0678631,1.1322247e-06,0,-7.4779955e-12,0,9.1031981,1.5387521,0.21068414,6.8635393,0
1913.3333,5.8444804,7.7021015,1.096979e-06,0.024684412,0.012528892,0.010069147,8.1114426,1.540969,0.20946461,9.1234725,0.0024947231
1913.4167,9.7922636,8.2633067,1.0026808e-06,0.81136383,0.76089668,0.63488443,6.4460096,1.5312562,0.20464075,13.689381,110.85191
1913.5,14.265606,8.5279429,8.537653e-07,0.76009752,1.2286327,0.82329208,6.0111051,1.5373601,0.20232165,8.279574,44.968862
1913.5833,15.984807,8.8240011,6.7945405e-07,0.59369049,0.96969048,0.63355313,6.9278626,1.5587915,0.20251296,8.5690252,45.706379
1913.6667,17.56951,9.1114827,5.7933846e-07,0.3620488,0.60110566,0.34639435,8.835454,1.5898938,0.20423166,8.8487885,48.833969
1913.75,19.205362,9.3941316,5.4487106e-07,0.096712114,0.15994085,0.1033202,11.37601,1.6292553,0.20710403,9.1236694,52.810998
1913.8333,19.501552,9.5574772,5.409496e-07,0.0010172988,0,0,11.864268,1.6760465,0.2109085,8.4786006,15.53455
1913.9167,16.657326,9.5089786,5.6389587e-07,0,0,0,12.034427,1.727259,0.21560048,8.0932446,0.010363912
1914,13.989823,9.3451897,5.9063524e-07,-1.6701351e-26,0,0,12.197571,1.7770212,0.22110312,7.9521305,0.009689252
1914.0833,11.584146,8.9336298,6.3850143e-07,0,0,0,12.340646,1.8170235,0.22657488,7.6016648,0.0018025856
1914.1667,9.5984237,8.4805498,7.0643114e-07,0,0,0,12.432685,1.8445902,0.2313733,7.2158042,0
1914.25,7.9540238,8.0221808,7.4240353e-07,0,0,0,12.204782,1.8536159,0.23385148,6.8253964,0
1914.3333,6.6539831,7.4761626,6.7051474e-07,0,3.4736753e-06,0,9.9593344,1.8227581,0.23224391,3.1070013,0
1914.4167,3.3125312,6.9104801,7.3524609e-07,0.0091895229,0.0020031355,0,7.1509581,1.7201217,0.22522923,3.5598333,0.00053441249
1914.5,2.8400072,7.7563091,1.2909077e-06,0.57764321,0.28519791,0.31268227,4.2166133,1.5840167,0.2131536,21.208716,41.151707
1914.5833,6.1213975,8.2512926,1.5967572e-06,0.58592592,0.83089373,0.4604244,3.2997892,1.4877049,0.20383835,8.0143109,31.821025
1914.6667,7.7862707,8.5498523,1.8442635e-06,0.32922267,0.55957066,0.30781062,2.1925888,1.4251596,0.19897164,8.3032098,27.018507
1914.75,9.0801977,8.8544386,1.7965793e-06,0.055708312,0.080851316,0.050250949,1.6716843,1.3817303,0.19659168,8.5981534,27.880742
1914.8333,10.154006,9.0605663,2.1599108e-06,0.00045725667,0.00073405582,0,1.801214,1.3527832,0.1959573,8.5815262,23.585362
1914.9167,9.279931,8.9737186,2.3836437e-06,6.9806567e-06,0,0,1.8449714,1.3360972,0.19677106,7.6354584,0.0045255173
1915,7.9589179,8.9011984,2.5464044e-06,0,0,0,1.8777477,1.3267474,0.19855854,7.5727484,0.0021707038
1915.0833,6.7460514,8.604235,2.7967174e-06,0,0,0,1.8853939,1.3203862,0.1999608,7.3197833,0
1915.1667,5.7430705,8.278843,3.0865726e-06,0,0,0,1.8981007,1.312837,0.19964164,7.042599,0
1915.25,4.899397,7.9391971,3.314957e-06,0,0,0,1.9349351,1.3001837,0.19613701,6.7532573,0
1915.3333,4.2274613,7.6176426,4.4848139e-06,0,0.00010324958,0,2.3694389,1.2784185,0.18817127,6.4792958,0
1915.4167,3.7674278,7.4848905,4.8487018e-06,0.015269392,0.0092553287,0,2.2632229,1.2423904,0.17488895,7.2160322,0.00051931666
1915.5,4.8041595,7.6983655,4.7683693e-06,0.51418855,0.85632974,0.39573498,1.8280654,1.1933914,0.15954553,9.6082021,40.886733
1915.5833,7.332671,8.0038775,3.4140462e-06,0.58228851,1.0650772,0.66589066,1.9351957,1.1587552,0.1486415,7.7714056,26.266488
1915.6667,8.4668268,8.3208261,2.3624279e-06,0.35958238,0.67465951,0.41483015,2.1953804,1.1410985,0.14184162,8.0792363,24.551332
1915.75,9.4172927,8.6390506,1.8065792e-06,0.080014947,0.14507951,0.087999249,2.54248,1.1332576,0.13730329,8.3885208,25.433157
1915.8333,10.285636,8.923173,1.806577e-06,4.5417565e-08,0,0,2.6066937,1.1326466,0.13439128,8.5565294,24.290544
1915.9167,9.6315555,9.02679,1.8556689e-06,0,0,0,2.6423032,1.1381232,0.1329118,7.6807,0.0037682239
1916,8.2554827,9.025407,1.9238296e-06,0,0,0,2.7068121,1.146369,0.13242289,7.6783201,0.002529683
1916.0833,7.1417275,8.9800041,1.9900929e-06,0,0,0,2.7405925,1.1529009,0.13210417,7.6396248,0.002948927
1916.1667,6.2012412,8.8971062,2.0006839e-06,0,0,0,2.7630935,1.1549116,0.13201641,7.5689925,0.00050809323
1916.25,5.2785878,8.6059757,2.0825682e-06,0,0,0,2.7801125,1.1492001,0.1312698,7.3209842,0
1916.3333,4.4827568,8.2250526,1.9635468e-06,0,0,0,3.0380111,1.1317688,0.12811847,6.9964816,0
1916.4167,3.9215661,8.0248751,1.9263671e-06,0,2.8601354e-05,0,3.2630947,1.0977768,0.12118724,6.8259137,0
1916.5,1.9058632,7.9115396,1.9095253e-06,0.019203919,0.02141658,0,3.3583109,1.0358902,0.11098985,7.9673528,0.0018609415
1916.5833,1.0476066,8.5829487,1.7284683e-06,0.48385489,1.0173296,0.53619381,3.4564519,0.94435334,0.10119581,16.496186,25.378895
1916.6667,3.211474,8.9708408,1.4486711e-06,0.37776283,0.80195867,0.57302278,3.5178447,0.87887037,0.094437353,8.7103546,20.107181
1916.75,4.3625203,9.3146348,1.2203875e-06,0.15996955,0.33767335,0.23205874,3.7064817,0.83480901,0.090839073,9.0444163,16.719072
1916.8333,5.2574868,9.6600475,1.1556955e-06,0.0052265508,3.1695809e-05,0,3.8355255,0.80346954,0.08897531,9.3796684,17.505046
1916.9167,5.9895669,9.7784474,1.1923488e-06,0,0,0,3.8138986,0.78214586,0.087975167,9.4562037,18.066385
1917,5.6540105,9.5914686,1.2595347e-06,0,0,0,3.8377388,0.76906264,0.086040542,8.1594925,1.2477399
1917.0833,4.7996109,9.3388362,1.3629999e-06,0,0,0,3.8728106,0.76186025,0.081814028,7.9442257,1.021218e-05
1917.1667,4.0954538,9.0680569,1.4409826e-06,0,0,0,3.9028397,0.75670409,0.075402074,7.7135089,0
1917.25,3.4989258,8.7750573,1.469257e-06,0,-3.0113266e-10,0,3.8975823,0.75060135,0.069079824,7.4638655,0
1917.3333,3.0214891,8.5003935,1.206398e-06,0.017658464,0.019935293,0.0054212355,3.6459227,0.74098372,0.063369401,8.3119969,0.0020313831
1917.4167,4.9421303,8.6522819,1.1317335e-06,0.70004242,1.4119944,0.50104495,3.3480856,0.72862524,0.059227534,8.8245523,46.73473
1917.5,6.6791703,9.0015978,1.0393761e-06,0.8028882,1.7107637,0.95645429,3.2908719,0.72574359,0.060178891,8.7392045,22.502406
1917.5833,7.6455921,9.3811713,9.0810329e-07,0.63688473,1.3741696,0.85222614,3.3638997,0.73154593,0.063481264,9.1082895,22.787435
1917.6667,8.5350145,9.7546577,7.8351007e-07,0.45938552,1.0047021,0.57784791,3.584136,0.7429769,0.067479715,9.4713639,24.311026
1917.75,9.4006872,10.128615,7.190028e-07,0.10451473,0.22520263,0.12841671,3.9233878,0.75878578,0.071927905,9.8348619,25.497988
1917.8333,10.134445,10.365207,7.2039944e-07,0,0,0,4.0289612,0.77792799,0.076681554,10.06492,27.548116
1917.9167,9.6777203,10.213691,7.6852939e-07,0,0,0,4.0280976,0.80012959,0.081757367,8.8935645,3.8308049
1918,8.0030337,9.9214874,8.2955808e-07,0,0,0,4.0584574,0.82400447,0.087521479,8.4409924,0.0041944962
1918.0833,6.6915974,9.6189491,8.936903e-07,0,0,0,4.0791821,0.84516603,0.093997344,8.1825856,0.00088406079
1918.1667,5.6315716,9.3045086,9.5864948e-07,0,0,0,4.0958252,0.86251724,0.10048359,7.9145801,0
1918.25,4.746811,8.9729475,9.95601e-07,0,0,0,4.1082273,0.87448949,0.10542527,7.6321804,0
1918.3333,4.0392675,8.6400192,9.0216889e-07,0,-1.6827532e-08,0,3.9946799,0.87812501,0.10709546,7.3486078,0
1918.4167,3.4713382,8.3102807,9.233861e-07,-6.4354872e-08,-3.237932e-06,0,3.8435643,0.87109929,0.10425801,7.0677398,0
1918.5,3.4453578,8.3859451,9.2680386e-07,0.30539676,0.68973964,0.20506452,3.6288488,0.85093743,0.09657114,16.68905,31.307154
1918.5833,6.4971764,9.0705073,8.6591746e-07,0.61954956,1.417675,0.60953563,3.4363618,0.83148986,0.089091301,8.806192,28.942083
1918.6667,7.7147991,9.4439136,8.3267241e-07,0.41795879,0.96832975,0.50393708,3.4938719,0.82621944,0.086209461,9.1692095,23.962371
1918.75,8.6623318,9.8184533,7.9381283e-07,0.096651193,0.21606738,0.10873667,3.6033804,0.82904541,0.086700663,9.5332914,24.295099
1918.8333,9.371968,9.9884598,8.1048603e-07,0,0,0,3.6099417,0.83727485,0.089304894,9.6986285,25.931666
1918.9167,9.22947,9.8724877,8.6522158e-07,0,0,0,3.6124761,0.85017818,0.093510911,8.7071676,6.9177563
1919,7.7123432,9.6164346,9.2511488e-07,0,0,0,3.6499002,0.86616993,0.097909488,8.1802546,6.3194421e-06
1919.0833,6.480997,9.347762,1.0077136e-06,0,0,0,3.6686506,0.88094985,0.10037096,7.9514276,0
1919.1667,5.4790867,9.0605924,1.0841841e-06,-2.6742691e-05,0,0,3.6917684,0.89273751,0.099623889,7.7068461,0
1919.25,4.6368917,8.7502552,1.143772e-06,-5.0022435e-09,-1.5960276e-09,0,3.7031705,0.89938521,0.094179362,7.4425248,0
1919.3333,3.9784806,8.480995,1.0844933e-06,0.055892825,0.13651962,0.019842446,3.5777209,0.89751792,0.086174965,9.2824059,1.8979741
1919.4167,6.6869976,8.6775776,9.9887063e-07,0.71446682,1.595696,0.40741548,3.3679864,0.89005166,0.079929024,8.4237385,60.335363
1919.5,8.645134,9.0298075,9.591871e-07,0.82455074,1.8055744,0.80194915,3.3347342,0.8923676,0.078939162,8.766723,26.666727
1919.5833,9.6861739,9.4077261,8.8981858e-07,0.60845638,1.3462736,0.66376723,3.5146415,0.9029448,0.081045054,9.1341897,26.810282
1919.6667,10.627251,9.7782193,7.8695797e-07,0.42168625,0.94510481,0.44866571,3.7315385,0.91840214,0.084736913,9.4944237,28.38923
1919.75,11.55541,10.147092,7.3164375e-07,0.11443598,0.23513589,0.045332402,3.9728067,0.93765658,0.089660183,9.8530419,29.979194
1919.8333,12.466859,10.487556,7.2853493e-07,2.7561861e-22,0,0,4.0231142,0.95988816,0.09561266,10.184146,32.409202
1919.9167,11.919106,10.628111,7.4671181e-07,0,0,0,4.0393758,0.98475963,0.10252755,9.0840884,0.85079056
1920,10.134595,10.616721,7.6851853e-07,0,0,0,4.0817823,1.0100607,0.11036856,9.032584,0.0031420285
1920.0833,8.6922487,10.54951,8.0215881e-07,0,0,0,4.1039701,1.0306021,0.11820945,8.975384,0.0034673387
1920.1667,7.4799056,10.43985,8.2817922e-07,0,0,0,4.1263885,1.04462,0.1263838,8.8820797,0.00011617081
1920.25,6.4221676,10.284475,8.3805048e-07,0,0,0,4.1202998,1.0494167,0.13399081,8.7500529,0
1920.3333,5.541293,10.099584,7.8969441e-07,0,0,0,3.8655214,1.0405068,0.13887897,8.592534,0
1920.4167,4.8102136,9.8990444,8.0934296e-07,0,-9.925522e-08,0,3.5043151,1.0126311,0.13953997,8.4216124,0
1920.5,1.5450469,9.7553059,8.9990937e-07,0.0979962,0.14747791,0.032574533,3.0915997,0.95163596,0.13448487,17.934685,0.0076405016
1920.5833,2.1485859,10.698453,1.2638831e-06,0.68859509,1.6452056,0.60533196,2.6299257,0.86968309,0.12684192,12.51711,41.037393
1920.6667,4.5092283,11.055335,1.4961623e-06,0.40338486,1.022473,0.45685345,2.7080359,0.8177197,0.12453182,10.735714,23.535162
1920.75,5.7460484,11.432917,1.8640389e-06,0.078969321,0.17240517,0.084013839,3.0447798,0.78347272,0.12561592,11.102937,20.554305
1920.8333,6.7493157,11.787482,1.8435536e-06,2.6321898e-07,0,0,3.0278676,0.76004535,0.12869041,11.447746,22.074951
1920.9167,7.4598049,12.011176,1.7989638e-06,0,0,0,3.004998,0.74548638,0.13348214,11.013928,13.02447
1921,6.6691269,12.037864,1.919379e-06,0,0,0,3.0258307,0.7378152,0.14024763,10.243261,0.0037134976
1921.0833,5.7675112,11.961699,2.0472696e-06,0,0,0,3.0492141,0.73390955,0.14855273,10.177791,0
1921.1667,4.8884312,11.564544,2.2327138e-06,0,0,0,3.0693948,0.73040354,0.15694782,9.8394642,0
1921.25,4.1227681,11.088117,2.3715818e-06,0,0,0,3.0807176,0.72456694,0.16373339,9.4336122,0
1921.3333,3.506308,10.619109,2.3969001e-06,0,1.4604548e-06,0,2.8712249,0.71377009,0.16686584,9.0340729,0
1921.4167,3.0690292,10.386706,2.6797366e-06,0.021104827,0.013799267,0,2.4104879,0.69516647,0.16473901,10.315753,0.002632753
1921.5,4.1958364,10.635298,3.1172231e-06,0.73029339,1.7659428,0.65062728,1.721693,0.67010933,0.15839742,12.225532,37.395018
1921.5833,6.1370563,11.006971,2.6229948e-06,0.84321833,2.4500376,1.0960438,1.4953936,0.65524918,0.15748538,10.687519,23.879354
1921.6667,7.0118639,11.426578,1.9103854e-06,0.50700555,1.4899252,0.65487537,1.3882852,0.65109527,0.15834846,11.095217,22.440344
1921.75,7.7358079,11.853173,1.5857623e-06,0.081412247,0.21232161,0.083272717,1.4199393,0.65369105,0.15925024,11.509674,22.762135
1921.8333,8.4346738,12.263966,1.55261e-06,0.0086719719,0,0,1.4376837,0.6614542,0.15998714,11.9089,24.903661
1921.9167,8.5907429,12.51783,1.5578615e-06,7.4589687e-23,0,0,1.4466783,0.67405754,0.16070202,11.280882,8.994483
1922,7.2801812,12.576283,1.6067288e-06,0,0,0,1.4753053,0.69032067,0.16142976,10.699241,0.27972241
1922.0833,6.1058081,12.562461,1.6758448e-06,0,0,0,1.4913658,0.70587415,0.16143984,10.687334,0
1922.1667,5.1125931,12.505901,1.7428044e-06,0,0,0,1.503521,0.71860665,0.15955757,10.639032,0
1922.25,4.2021596,12.411063,1.7775066e-06,0,0,0,1.506897,0.72601527,0.15484335,10.558127,0
1922.3333,3.3805449,12.285609,1.6762286e-06,0,0,0,1.5338702,0.72423857,0.14671148,10.451146,0
1922.4167,2.6735871,12.136367,1.7114517e-06,0,4.0311353e-07,0,1.605882,0.70875901,0.13513212,10.323901,0
1922.5,0.97379374,7.7192211,1.7628655e-06,0.0011717511,0.0006492828,0,1.7102249,0.66843808,0.12461894,6.5847944,0
1922.5833,0.188462,4.543155,1.9391164e-06,0.1606875,1.3787025,0.34996204,1.8485409,0.60702384,0.12307911,6.1883173,1.9287663
1922.6667,0.47485612,5.046973,1.8382865e-06,0.1987703,1.7009119,0.64829841,1.9335194,0.5541181,0.12348582,4.8909173,2.969644
1922.75,0.65339339,5.5394801,1.7184768e-06,0.048845448,0.357725,0.168838,2.0490627,0.51049018,0.12425089,5.3694108,1.9692881
1922.8333,0.7695189,5.9555527,1.738348e-06,8.3160873e-06,0,0,2.0713432,0.47284731,0.12496195,5.7777868,2.1102787
1922.9167,0.87463605,6.2422543,1.8294286e-06,0,0,0,2.0415285,0.44021553,0.12557752,8.406187,2.7291426
1923,1.0228882,6.6575999,1.7769e-06,0,0,0,1.9993213,0.41159579,0.1258567,6.306446,3.4827756
1923.0833,1.0897069,6.7955414,1.8608462e-06,0,0,0,1.9814147,0.38859591,0.12266648,5.9564421,0.98303009
1923.1667,0.95443154,6.8610921,1.9577735e-06,0,0,0,1.971489,0.36935782,0.11258294,5.8297512,0
1923.25,0.82904729,6.9038202,1.8808482e-06,0,0,0,2.1150405,0.35128957,0.10265876,5.8660713,0
1923.3333,0.72391063,6.9256583,1.3095726e-06,0,-1.3978587e-07,0,2.2752247,0.33313659,0.093699761,5.8846001,0
1923.4167,0.62976236,6.949801,1.3947088e-06,0.0031565455,0.0036713813,0,1.9172989,0.3132714,0.0860513,6.0610627,0.00036002019
1923.5,0.63595874,7.4242516,1.4850785e-06,0.51092501,2.5985746,0.60075899,1.5657246,0.29130176,0.08411964,10.244924,5.3757773
1923.5833,1.1112535,7.9723867,1.7520002e-06,0.5475936,2.7429669,0.95655835,1.4937472,0.27430367,0.084474482,7.7341511,5.8450243
1923.6667,1.4109832,8.489511,1.6971647e-06,0.3646619,1.7998487,0.68717343,1.7125986,0.26333252,0.085237004,8.2368454,5.1164965
1923.75,1.6386099,9.007711,1.511176e-06,0.12509818,0.557682,0.21360088,1.9830775,0.25594613,0.086120225,8.7405236,5.0106775
1923.8333,1.8237329,9.4451737,1.4030567e-06,0.00048088246,0.0019868387,0.00077736315,2.167588,0.25101921,0.086924359,9.1651998,5.3930667
1923.9167,1.9845366,9.6508935,1.4546116e-06,0,0,0,2.1482997,0.247339,0.087649919,13.436933,6.87393
1924,2.2491419,10.07753,3.6936856e-06,0,0,0,2.1136484,0.2447383,0.088368453,9.6233527,7.1047934
1924.0833,2.1151621,10.028329,1.7423996e-06,0,0,0,2.0949543,0.24387082,0.093231067,8.5269469,0
1924.1667,1.766236,9.9045224,1.781455e-06,0,0,0,2.0982459,0.24371068,0.1007181,8.4214811,0
1924.25,1.4748273,9.7533539,1.8187678e-06,0,0,0,2.0996139,0.24245232,0.10782613,8.2927132,0
1924.3333,1.2414008,9.5830467,1.6310023e-06,0,0,0,2.1297903,0.23841864,0.10974968,8.1476383,0
1924.4167,1.4585977,9.9030221,1.5283676e-06,0.57988233,2.1405572,0.48260002,2.2031667,0.23097852,0.10968824,13.829572,11.715229
1924.5,2.269224,10.480157,1.2835025e-06,0.8433174,3.0302379,1.0859565,2.3512352,0.22748266,0.11037365,10.171764,10.941525
1924.5833,2.8086458,11.012218,1.0535731e-06,0.71665487,2.547199,1.0074357,2.7914276,0.22957927,0.11160893,10.689115,10.524704
1924.6667,3.2737949,11.535143,8.429019e-07,0.4692023,1.6590319,0.67167576,3.636312,0.23525822,0.11310211,11.197467,10.776368
1924.75,3.6675946,12.057363,7.2673782e-07,0.046175011,0.14825433,0.05218023,4.5642366,0.24347274,0.11460824,11.705103,10.885321
1924.8333,4.0639737,12.570334,7.2102478e-07,0.0040608565,0,0,4.6005187,0.25347993,0.11592592,12.203883,12.276337
1924.9167,4.4815214,13.001963,7.2237407e-07,0.00018986306,0,0,4.5742068,0.26538822,0.11723507,14.149496,13.15868
1925,4.2752526,13.355273,7.1521293e-07,1.0974688e-12,0,0,4.4866953,0.27926621,0.11854462,11.360707,0.55099266
1925.0833,3.5871866,13.189137,7.5343024e-07,0,0,0,4.3607931,0.29161248,0.11939538,11.219215,5.0194117e-05
1925.1667,2.9607012,12.816498,8.0321541e-07,0,0,0,4.2487893,0.30000994,0.11901117,10.901824,0
1925.25,2.4335762,12.421814,8.3292338e-07,0,-2.0314022e-08,0,4.1960421,0.30371895,0.11714777,10.565655,0
1925.3333,2.0203718,12.07137,7.3589553e-07,0.0015618982,0.00028127524,0,4.3530788,0.30143028,0.11701187,10.267172,0
1925.4167,2.2672671,12.528581,7.4539327e-07,0.79896502,2.1342565,0.4811921,4.0968251,0.29355273,0.11773425,20.418616,20.268779
1925.5,3.7632505,13.219079,7.0869436e-07,1.1179793,3.0760606,1.0696958,4.1299815,0.28941324,0.11809693,12.834326,18.525987
1925.5833,4.6511674,13.744809,6.1418535e-07,1.0003418,2.7300367,1.1114009,4.6001539,0.29246479,0.11878198,13.34584,17.395156
1925.6667,5.3562177,14.261018,5.1875031e-07,0.59302501,1.6265212,0.69783818,5.798048,0.29997885,0.11969107,13.847718,17.731919
1925.75,6.0344962,14.775932,4.3631516e-07,0.33102314,0.89783136,0.38821172,8.3901443,0.31079215,0.12064523,14.348346,19.049136
1925.8333,6.703251,15.283722,4.1413344e-07,0.018105714,0.043057428,0.018993269,10.989244,0.32437533,0.12159723,14.84171,20.276093
1925.9167,7.3157889,15.590351,4.1716808e-07,9.3198486e-05,0,0,11.015001,0.34008652,0.12251465,21.273609,25.358837
1926,7.6992894,16.338427,4.8041574e-07,0,0,0,10.948109,0.35829455,0.12340692,14.469062,7.4103304
1926.0833,6.6085383,16.307788,4.6631015e-07,0,0,0,10.899103,0.37734988,0.1240684,13.875797,0.27716955
1926.1667,5.4453104,15.818937,4.7078473e-07,0,0,0,10.554475,0.3938711,0.12435661,13.459548,0
1926.25,4.4288966,15.197055,5.0374058e-07,0,0,0,10.282296,0.40582034,0.12340835,12.929996,0
1926.3333,3.6255354,14.622393,4.751524e-07,2.7702217e-07,2.2304907e-05,0,9.170208,0.41134709,0.12268107,12.440575,0
1926.4167,3.6866209,14.662919,4.8740617e-07,0.60818257,1.0206617,0.22294797,7.9091668,0.40972918,0.12459946,21.476273,38.369594
1926.5,6.8640211,15.355521,4.615955e-07,1.4697409,3.1751526,0.88888357,7.3113332,0.40922984,0.12587605,14.910862,32.554813
1926.5833,8.2614534,15.857419,4.1509344e-07,1.0919543,2.5239323,0.81407907,8.7010832,0.41737905,0.12687594,15.399127,29.226874
1926.6667,9.3795089,16.348908,3.7157622e-07,0.76373209,1.7728738,0.59811378,11.862034,0.43056688,0.12751517,15.877382,30.367512
1926.75,10.446148,16.837224,3.4946322e-07,0.22941496,0.49388593,0.15961961,16.456047,0.44758102,0.12800223,16.352339,31.791646
1926.8333,11.486143,17.307429,3.5237619e-07,0.0035925492,0,0,17.556673,0.46759039,0.12834728,16.795388,34.505352
1926.9167,12.143833,17.59734,3.4876717e-07,9.1621361e-08,0,0,17.480619,0.49006885,0.12832995,16.311706,21.756894
1927,10.659355,17.576985,3.603769e-07,0.00011869566,0,0,17.496996,0.51427323,0.12778276,14.95761,0
1927.0833,8.9544887,17.430022,3.7284889e-07,0,0,0,17.57111,0.5359835,0.12806179,14.832498,0
1927.1667,7.4550402,17.058682,3.9446167e-07,0,0,0,17.589655,0.55420214,0.13304245,14.51627,0
1927.25,6.0401158,16.276391,4.2954559e-07,0,0,0,17.401005,0.56766129,0.14086178,13.850048,0
1927.3333,4.9067489,15.482707,4.4545857e-07,0,0,0,15.285636,0.57337952,0.14589867,13.174097,0
1927.4167,4.2469832,15.242647,5.0228653e-07,0.39096586,0.14340032,0.13101231,12.747484,0.56907099,0.14731146,29.385892,24.143185
1927.5,8.9888051,16.314682,5.2947394e-07,1.4083427,0.81376567,0.82448882,8.8145885,0.56306064,0.14718769,15.844397,69.509576
1927.5833,11.178709,16.782375,7.0428604e-07,1.1727011,0.95666279,0.92925529,4.5062842,0.56918728,0.1476198,16.300346,40.989066
1927.6667,12.778934,17.246215,1.0164495e-06,0.7042843,0.91897109,0.53962111,3.8412907,0.58361965,0.14834921,16.751558,41.709795
1927.75,14.21826,17.704474,9.5436542e-07,0.0097156555,0.0058324741,0,4.1333718,0.60409224,0.14909306,17.197091,43.526346
1927.8333,15.308668,18.022114,9.5171595e-07,0.00019987841,0,0,4.134747,0.62952787,0.14967811,16.923215,31.531983
1927.9167,13.638798,17.997511,9.9390047e-07,7.3037595e-24,0,0,4.2282228,0.65931076,0.15029767,15.412412,0.27990182
1928,11.371298,17.804803,1.0327345e-06,0,0,0,4.3875036,0.69077271,0.15077531,15.152515,6.8853339e-05
1928.0833,9.5426235,17.541461,1.0799738e-06,0,0,0,4.4723487,0.71859187,0.14987876,14.928298,0
1928.1667,7.9954742,17.220039,1.1314469e-06,0,0,0,4.5422902,0.74132222,0.14657705,14.654595,0
1928.25,6.627623,16.839642,1.1650367e-06,0,9.8485973e-06,0,4.5183477,0.75615692,0.14005612,14.330636,0
1928.3333,5.4769558,16.42403,1.1123053e-06,0,8.2336441e-05,0,3.9080796,0.75745755,0.12996225,13.976644,0
1928.4167,4.0514492,16.190408,1.2578398e-06,0.30581687,0.43432491,0.11882513,2.9156904,0.7337119,0.11850361,32.312383,2.3096305
1928.5,6.6642421,17.478766,1.4515965e-06,1.4281205,2.8922474,1.0779731,1.8049445,0.69573796,0.10974414,16.979576,71.578792
1928.5833,9.918117,17.925208,1.0586734e-06,1.058821,2.1841062,1.0695022,2.8580358,0.68098176,0.10552675,17.413325,46.28067
1928.6667,12.08563,18.372981,7.3749277e-07,0.76192873,1.6095194,0.74390713,6.7036119,0.6818428,0.10364009,17.848493,46.831409
1928.75,14.135103,18.819397,6.2436612e-07,0.15594449,0.29660401,0.13905886,12.03846,0.69383639,0.10302575,18.282311,50.548177
1928.8333,15.870471,19.186685,6.1666577e-07,0.002963627,0,0,13.241703,0.71546495,0.10317452,18.19542,39.043481
1928.9167,14.85983,19.257706,6.2359879e-07,0,0,0,13.296561,0.7459321,0.10400195,18.485053,8.1695541
1929,12.598198,19.197095,6.5324235e-07,0,0,0,13.312445,0.78144813,0.1057277,16.70936,1.4187139
1929.0833,10.643633,18.9273,6.7979931e-07,0,0,0,13.491353,0.81582403,0.10847864,16.162809,0.20711964
1929.1667,8.9407619,18.56762,7.0629687e-07,0,0,0,13.643504,0.84775221,0.11119724,15.802782,0
1929.25,7.4724331,18.142167,6.8111348e-07,0,6.1867019e-06,0,14.77425,0.87459391,0.11220597,15.440476,0
1929.3333,6.2226206,17.662346,6.2735654e-07,0,4.5636104e-05,0,20.872721,0.89003646,0.10998028,15.031841,0
1929.4167,5.1015681,17.266994,6.4745166e-07,0.24531735,0.20030074,0.091181446,27.06444,0.88139355,0.10348444,33.255368,1.4371683
1929.5,10.932165,18.545065,6.4921829e-07,1.5641766,1.6389078,1.4140238,30.224924,0.86092776,0.096438333,18.015129,130.81909
1929.5833,16.345831,18.965976,6.1274619e-07,1.000977,1.5410349,1.2004219,33.453747,0.86721826,0.09449327,18.421958,79.615263
1929.6667,20.595253,19.489683,5.3560524e-07,0.78669367,1.5749134,0.96494136,36.312534,0.89732885,0.095444575,18.930276,96.073631
1929.75,25.211342,20.000173,4.75158e-07,0.20262427,0.39314213,0.21823004,40.479637,0.95222896,0.098039873,19.184346,85.266185
1929.8333,24.423819,20.326538,4.7009391e-07,0.00068294213,0,0,41.447395,1.0322108,0.10162276,18.925736,24.199402
1929.9167,21.543445,20.409888,4.8994713e-07,3.0864352e-05,0,0,42.048748,1.1320925,0.10605463,20.145139,7.8867237
1930,17.95649,20.398244,5.1196491e-07,0,0,0,42.581562,1.2455871,0.1116264,17.807711,2.598589
1930.0833,14.878221,20.077327,5.4505188e-07,0,0,0,42.404598,1.3534263,0.11802398,17.087054,0.00022339731
1930.1667,12.239851,19.675922,5.8324656e-07,0,0,0,41.960178,1.4390128,0.12458239,16.745078,0
1930.25,9.9755768,19.219065,6.0865426e-07,0,8.1988942e-07,0,41.904629,1.5082862,0.12968263,15.764973,0
1930.3333,8.1219152,18.646356,5.6522634e-07,0,2.3887327e-05,0,41.262138,1.54409,0.13144889,14.571735,0
1930.4167,6.5679681,18.009771,5.8711208e-07,0.018674348,0.0030318642,0,43.234657,1.5294687,0.12862906,14.42111,0.00041163838
1930.5,7.6501039,18.569363,6.0396883e-07,1.0329803,0.98467891,0.66505015,45.030258,1.4826373,0.12197486,32.703947,101.57222
1930.5833,19.433374,19.180989,5.654004e-07,1.2576259,1.608956,1.2564487,44.004841,1.4488262,0.11909961,18.630384,159.89126
1930.6667,25.256883,19.610703,5.2615405e-07,0.67766145,1.1266192,0.701178,44.335419,1.4387705,0.12016242,19.048347,98.198068
1930.75,27.289649,20.024586,5.1027121e-07,0.09786819,0.13214784,0,46.655415,1.4482839,0.12224142,19.023823,46.240819
1930.8333,24.717014,20.237733,5.3009927e-07,1.9888098e-18,0,0,47.702744,1.4733192,0.1243135,18.637472,24.10105
1930.9167,21.560127,20.203736,5.5657836e-07,0.00077616853,0,0,48.304939,1.5066544,0.12618564,17.63656,4.0566007
1931,17.707974,19.959901,5.8742205e-07,2.6796398e-08,0,0,48.835678,1.5414901,0.12774283,16.986448,0.39202546
1931.0833,14.592068,19.636508,6.1451919e-07,3.0690151e-07,0,0,49.340065,1.5698014,0.12838231,16.710964,0
1931.1667,11.984363,19.25369,6.4344749e-07,0,0,0,49.635448,1.5876958,0.12727551,16.384858,0
1931.25,9.6893422,18.618504,6.6051183e-07,0,8.6838117e-06,0,49.050117,1.583598,0.12372066,11.835854,0
1931.3333,7.8001129,17.706595,6.4495686e-07,0,6.8202498e-05,0,46.378265,1.5366474,0.11770917,10.274604,0
1931.4167,6.3835233,17.43695,6.6568094e-07,0.43583873,0.3021202,0.2099355,44.851021,1.4571345,0.10973363,34.43155,17.443178
1931.5,12.997407,18.736659,6.4157825e-07,1.5407383,1.5249729,1.411461,40.652065,1.3818582,0.10309093,18.199945,123.15354
1931.5833,17.166505,19.250432,6.0914533e-07,1.2738106,1.5179951,1.5335445,36.002293,1.3366714,0.10034172,18.698868,72.958944
1931.6667,20.291401,19.76846,5.5153009e-07,0.82236277,1.2139805,0.94418678,30.813904,1.314594,0.099585205,19.202319,77.04457
1931.75,23.475578,20.280696,5.0965815e-07,0.12972956,0.18263641,0.13667028,27.407625,1.3113322,0.099758871,19.671467,83.564525
1931.8333,23.989063,20.601854,5.1179666e-07,9.4629158e-05,0,0,26.92898,1.3261133,0.1002885,18.971341,29.130082
1931.9167,20.783065,20.590251,5.348893e-07,0,0,0,27.124983,1.3560334,0.10116205,19.319886,1.1734566
1932,17.143857,20.501571,5.6246125e-07,0,0,0,26.859118,1.392967,0.10258105,17.728104,0.94752618
1932.0833,14.154198,20.186754,6.0229979e-07,0,0,0,26.351736,1.4241865,0.10446207,17.179291,0.00086297383
1932.1667,11.638965,19.806085,6.3435158e-07,0,0,0,26.205038,1.4454064,0.10547484,16.855033,0
1932.25,9.464547,19.324429,6.4857608e-07,0,0,0,25.546955,1.4537653,0.10425197,14.384798,0
1932.3333,7.6060398,18.542189,6.1385992e-07,0,9.8743709e-06,0,21.950453,1.4291761,0.099968076,11.418483,0
1932.4167,5.8322772,17.745757,6.3137537e-07,0,4.8119697e-05,0,18.548292,1.3674074,0.092695229,11.129394,0
1932.5,4.6393946,18.399689,6.9813967e-07,0.93611089,0.86649024,0.78895093,15.576043,1.2750312,0.085352808,41.70011,61.810278
1932.5833,10.721297,19.632841,6.9072547e-07,1.1635134,1.2816597,1.4057385,14.20937,1.2008022,0.081948161,19.069548,75.03575
1932.6667,14.520853,20.158174,6.3137105e-07,0.79278357,0.98999782,0.98586867,12.334262,1.1618506,0.081966974,19.580261,69.865893
1932.75,18.003322,20.682994,5.76334e-07,0.23216779,0.319241,0.2876297,10.853321,1.1475214,0.08341068,20.090452,79.044119
1932.8333,20.238122,21.087095,5.5987795e-07,0.0013509913,0,0,10.37607,1.1564353,0.085499063,19.811374,43.717806
1932.9167,18.059608,21.159643,5.7873592e-07,0.00041764834,0,0,10.363808,1.1887487,0.088093042,20.764071,2.1613912
1933,15.050235,21.192674,6.0795441e-07,0,0,0,10.254992,1.237681,0.091417804,18.592883,2.4014842
1933.0833,12.523456,20.919248,6.4319795e-07,0,0,0,9.9656677,1.2835213,0.095448561,17.803017,0.021870175
1933.1667,10.328275,20.561622,6.6781161e-07,0,0,0,9.9138498,1.3231791,0.098928906,17.498401,0
1933.25,8.4310649,20.135984,6.7177416e-07,0,6.7196024e-06,0,9.6098738,1.3573583,0.1003077,17.13585,0
1933.3333,6.8066246,19.579636,6.074647e-07,0,4.7385594e-05,0,8.179306,1.3723714,0.098329395,13.928785,0
1933.4167,5.7238741,19.311899,6.3342316e-07,0.53375617,0.70551956,0.30975036,7.1250496,1.3498508,0.09246967,32.668024,38.097961
1933.5,17.082922,20.280486,5.7083162e-07,1.7159184,3.0012113,1.7285861,5.8420172,1.3223298,0.086973764,19.6984,199.14133
1933.5833,24.781691,20.769013,5.0427434e-07,1.3110455,2.3598742,1.7272997,6.4933147,1.3265713,0.085916288,20.174026,113.88875
1933.6667,29.962644,21.297697,4.3894414e-07,0.77439362,1.4141328,0.99764045,7.5732584,1.362245,0.08705885,20.688114,119.69953
1933.75,33.057898,21.774989,3.8513986e-07,0.16094351,0.28425424,0.19596426,8.3412342,1.42439,0.08930102,20.861572,73.153464
1933.8333,31.611595,22.066254,3.8556047e-07,0.00051707562,0,0,8.5598192,1.5099649,0.092104591,20.259546,33.949932
1933.9167,26.889442,22.036321,4.023336e-07,8.1592871e-20,0,0,8.6734953,1.6163563,0.095393896,21.422184,2.4893389
1934,22.238523,21.974415,4.2740237e-07,2.1455698e-23,0,0,8.4370356,1.7303092,0.099446781,19.095102,1.9373097
1934.0833,18.390168,21.622611,4.6524715e-07,0,0,0,8.2064676,1.815275,0.10411763,18.402094,0.071939457
1934.1667,15.124145,21.20132,4.8672592e-07,0,0,0,8.3081045,1.8892597,0.10781825,18.043257,0.0026596344
1934.25,12.306718,20.700943,4.9391861e-07,0,1.6367909e-07,0,8.4279947,1.9564321,0.1091775,16.942799,0
1934.3333,9.9478811,19.983683,4.5684104e-07,9.8922765e-08,3.5165468e-05,0,9.0799618,1.9944118,0.10711075,13.898571,0
1934.4167,10.733713,20.263668,4.6347898e-07,1.1241668,1.420254,0.79183116,9.9108667,1.9914274,0.10174963,37.469405,155.86813
1934.5,25.006568,21.134397,4.1474235e-07,1.7298595,2.7617746,1.9910879,11.251108,1.9919952,0.098574251,20.529288,166.78492
1934.5833,33.145916,21.601317,3.6190866e-07,1.3930806,2.2447004,1.8976381,15.087738,2.0244555,0.098877609,20.98336,142.02271
1934.6667,37.837971,22.062166,3.1744153e-07,0.99564985,1.5998051,1.3037469,19.722775,2.0821493,0.10072025,21.431422,123.01493
1934.75,39.973155,22.520317,2.8449529e-07,0.3033285,0.49733399,0.39201243,23.800854,2.1615119,0.10338643,21.735908,94.960067
1934.8333,39.433222,22.834733,2.7672797e-07,6.753833e-06,0,0,24.86937,2.2609138,0.10637537,20.951252,46.725476
1934.9167,33.509668,22.773521,2.8853407e-07,2.636954e-19,0,0,25.196102,2.3790874,0.10961785,22.225149,2.3670637
1935,27.551908,22.598684,3.0281123e-07,0,0,0,25.373476,2.5093865,0.11341967,19.751659,2.2699582
1935.0833,22.671415,22.114383,3.1909786e-07,0,0,0,25.753593,2.6311495,0.11764234,18.843154,0.088040167
1935.1667,18.191157,21.093432,3.421577e-07,0,0,0,26.051186,2.740103,0.12102659,17.951829,0
1935.25,14.343866,19.878842,3.6099235e-07,0,0,0,25.667349,2.816946,0.12215582,16.917496,0
1935.3333,11.324233,18.666917,3.4450935e-07,0,2.293645e-06,0,24.002302,2.8491907,0.12012028,14.244505,0
1935.4167,9.1287484,17.862253,3.6834666e-07,5.5249841e-05,3.9706505e-05,0,24.32476,2.840317,0.11398745,13.641075,0
1935.5,10.023259,18.390862,4.0087841e-07,0.96061721,1.0719507,0.65880263,25.120905,2.8047636,0.10485392,36.181744,141.72312
1935.5833,24.069449,19.129176,3.8427717e-07,1.3129827,1.7774749,1.3693727,24.391531,2.7874272,0.099961996,18.581105,153.65104
1935.6667,29.706633,19.561196,3.5851869e-07,0.89051564,1.2168547,1.0499209,23.247534,2.8000841,0.099547073,19.001574,111.86884
1935.75,33.088937,19.999925,3.3174535e-07,0.29582746,0.39029337,0.26397543,22.284557,2.8340676,0.10090229,19.352963,96.937902
1935.8333,34.373652,20.312157,3.3013021e-07,0.0002351763,0,0,22.062914,2.8873985,0.10281209,18.670256,54.655465
1935.9167,29.615387,20.210814,3.5093345e-07,0,0,0,21.815077,2.9562075,0.10500874,17.775302,0.83864479
1936,24.425577,19.968404,3.7314717e-07,0,0,0,21.793045,3.0296094,0.10751835,17.09421,0.56573577
1936.0833,20.232733,19.603396,4.0365501e-07,0,0,0,18.272024,3.0985537,0.10904437,16.690863,0.040250653
1936.1667,16.702173,19.169383,4.3250898e-07,0,0,0,15.407837,3.1393213,0.10679363,16.314185,0
1936.25,13.665452,18.665599,4.4883473e-07,0,9.6802468e-07,0,15.236053,3.1594939,0.10352346,15.885174,0
1936.3333,11.18298,18.12244,4.4666049e-07,0,1.6934593e-05,0,13.819268,3.1516175,0.10104138,15.422641,0
1936.4167,9.302468,17.537065,5.6566847e-07,0.37423412,0.14229262,0.17813032,14.471557,3.1032341,0.097616494,21.837707,19.465483
1936.5,20.167904,18.012064,8.093096e-07,1.5838526,1.5372571,1.2582313,18.856636,3.0366757,0.09471941,17.495841,221.59743
1936.5833,28.768852,18.41075,7.8987995e-07,1.2007511,1.6498178,1.2937819,17.348557,3.005147,0.094280221,17.883757,128.90985
1936.6667,33.728324,18.825715,5.9872735e-07,0.85179479,1.186268,0.95912879,12.425121,2.9997866,0.094791703,18.287587,115.37159
1936.75,36.710635,19.232564,5.0601869e-07,0.20827735,0.26674876,0.21371986,11.430723,3.0166657,0.095518157,18.538782,101.38348
1936.8333,36.031023,19.395266,5.1035943e-07,0.0043288999,0,0,11.751437,3.0545535,0.096150123,17.14516,24.001173
1936.9167,30.034862,19.200485,5.4755174e-07,4.331829e-07,0,0,11.965397,3.1112952,0.096766979,16.633013,0.36651241
1937,24.680363,18.882059,5.8892846e-07,0,0,0,12.152255,3.1792266,0.097354293,16.097573,0.091237822
1937.0833,20.373492,18.477228,6.2749166e-07,0,0,0,12.299437,3.245666,0.096986935,15.725351,0
1937.1667,16.746581,17.991209,6.6778591e-07,0,0,0,12.393112,3.3047497,0.094614185,14.649484,0
1937.25,13.612958,17.309299,6.8240104e-07,0,2.0784002e-08,0,12.258451,3.3402543,0.089453727,10.567344,0
1937.3333,11.100795,16.32124,6.0904296e-07,0,4.1669082e-06,0,13.048113,3.3071392,0.08248435,7.8756818,0
1937.4167,5.7122922,15.30325,6.4467747e-07,0,2.7687856e-05,0,15.629342,3.1928568,0.075631075,5.9916549,0
1937.5,4.0597734,16.011331,7.1520833e-07,1.0708928,0.93059545,0.99416557,18.447727,3.0362742,0.069828376,37.977835,85.392837
1937.5833,12.520493,16.929984,6.9801553e-07,1.2574119,1.9241697,1.7346739,24.072409,2.9173744,0.068067908,16.445389,101.86065
1937.6667,17.46727,17.385943,5.9751966e-07,0.78861988,1.2858213,1.1818105,34.008789,2.8437448,0.068755493,16.885348,80.766562
1937.75,20.483436,17.896447,5.289387e-07,0.24104393,0.39309118,0.34489323,43.975094,2.8001997,0.070049182,17.340973,71.644083
1937.8333,22.383027,18.315338,5.197852e-07,0.0036623567,0,0,47.633003,2.7828262,0.071411684,17.042212,48.805962
1937.9167,19.734742,18.391052,5.4152628e-07,2.2113237e-20,0,0,48.375957,2.7913775,0.072810657,16.172416,1.8071746
1938,16.259005,18.30685,5.6770887e-07,7.476243e-07,0,0,49.108181,2.8188808,0.074200585,15.628907,0.58259722
1938.0833,13.447301,18.120466,5.9133737e-07,5.6529919e-09,0,0,50.018894,2.8557072,0.075282104,15.431722,0.38903262
1938.1667,11.059163,17.85654,6.2053169e-07,0,0,0,50.798267,2.8973558,0.07595747,15.194757,0
1938.25,8.9687482,17.511901,6.1959724e-07,0,5.845453e-06,0,50.569942,2.938488,0.075244911,14.829172,0
1938.3333,7.2109126,17.087281,5.3062763e-07,0,3.733946e-05,0,54.532795,2.9586697,0.072243892,13.753924,0
1938.4167,8.9840041,17.545152,5.3461036e-07,1.0850326,0.4987563,0.90960107,63.614307,2.9397049,0.067698747,32.6438,170.40488
1938.5,26.678719,18.299179,4.718045e-07,1.50157,1.0860986,2.0749761,66.777214,2.9235148,0.066220306,17.775092,192.72812
1938.5833,34.438476,18.791208,4.1860315e-07,1.1434772,1.1839979,1.7782506,69.992851,2.942878,0.067448333,18.252535,158.97242
1938.6667,42.471409,19.289881,3.608923e-07,0.78464352,1.1274552,1.1454833,71.784744,3.0014946,0.069666289,18.737073,187.61307
1938.75,49.289413,19.724946,3.3228554e-07,0.34950917,0.58042514,0.46664798,78.198212,3.1038134,0.072321258,19.108026,122.65612
1938.8333,43.742936,19.894794,3.4322574e-07,0.0010431999,0.0018285456,0.0011918409,87.181198,3.2487216,0.075118005,17.64693,3.3350112
1938.9167,36.350649,19.912099,3.660214e-07,3.689245e-06,0,0,89.927834,3.4292867,0.077988677,20.652096,4.3968013
1939,30.092774,20.032745,3.9075709e-07,0,0,0,90.920799,3.6332982,0.081265919,17.776993,3.7811964
1939.0833,24.857081,19.768903,4.1907768e-07,0,0,0,90.971901,3.8245208,0.085042894,16.947209,0.34318545
1939.1667,20.352537,19.405615,4.436431e-07,0,0,0,92.308723,4.0123253,0.088501692,16.513879,0
1939.25,16.476445,18.887814,4.5024362e-07,0,1.8855935e-06,0,90.079971,4.1954637,0.090187348,13.232697,0
1939.3333,13.093472,18.167637,3.8431884e-07,0,1.7972545e-05,0,80.068581,4.3068647,0.088989101,14.281991,0
1939.4167,9.7645093,17.12938,4.0746187e-07,0.12657473,0.057131722,0.028708727,79.930649,4.2255139,0.083670869,22.878083,1.6580775
1939.5,19.939186,17.71993,3.9067098e-07,1.6987109,1.6116263,1.462755,74.782951,4.0607424,0.078381032,17.212316,317.03315
1939.5833,41.005306,18.012488,3.4480126e-07,1.2830848,2.2671859,1.5633888,70.932938,3.9349749,0.077380203,17.495731,271.39362
1939.6667,50.699331,18.305944,3.0497449e-07,0.84204139,1.5693351,1.0577689,76.599403,3.863416,0.078331113,17.780788,166.67217
1939.75,49.071871,18.578086,2.957932e-07,0.17435631,0.30082094,0.2027942,81.036621,3.8394637,0.080053315,17.252084,27.882617
1939.8333,41.225728,18.706281,3.1267862e-07,3.7477835e-05,0,0,82.990738,3.8517392,0.081963599,16.644978,5.4404537
1939.9167,33.852275,18.444214,3.3448796e-07,0,0,0,84.634125,3.8840361,0.084042475,19.04591,7.1395043
1940,27.100548,17.933154,3.6975399e-07,0,0,0,85.968262,3.9090736,0.086032018,15.436053,1.6717256
1940.0833,21.521067,17.152606,4.0157065e-07,0,0,0,87.585747,3.9252059,0.087090574,14.594625,0.014750843
1940.1667,17.031686,16.364954,4.3376247e-07,0,0,0,89.126434,3.9362082,0.087575227,13.923717,0
1940.25,13.363133,15.385333,4.5598725e-07,0.015388899,0.0026080149,0,89.393471,3.921397,0.086521372,9.2812575,3.8586928e-05
1940.3333,12.794212,15.294318,4.1017825e-07,0.65140963,0.28349395,0.34702468,84.766846,3.8740695,0.083315767,19.251376,111.58088
1940.4167,30.432839,15.64287,3.6314702e-07,1.687969,0.82007412,1.4906206,74.114952,3.8441193,0.081357658,15.192318,339.98981
1940.5,50.090641,16.005285,3.1358843e-07,1.5005383,0.81552928,1.7729312,63.413574,3.851743,0.081842072,15.544485,286.70327
1940.5833,61.275143,16.375175,2.7815639e-07,1.2065137,0.72307797,1.4800374,56.178879,3.8972554,0.083186455,15.903879,225.54918
1940.6667,65.088436,16.738061,2.5772013e-07,0.76702802,0.50454427,0.96209765,52.473377,3.9717412,0.084797725,16.256503,142.21372
1940.75,60.875863,17.088372,2.574206e-07,0.195695,0.12289893,0.23424748,52.493504,4.0708451,0.086359456,16.0957,46.252954
1940.8333,52.580271,17.308386,2.7176569e-07,0.0066887613,0,0,53.224026,4.1888366,0.087692484,15.569182,20.946368
1940.9167,43.893211,17.297415,2.9017025e-07,1.7441359e-19,0,0,53.814049,4.3155546,0.088943072,14.966353,0.37931895
1941,35.79453,17.150875,3.095526e-07,0,0,0,54.349709,4.4428635,0.090304852,14.622208,0.24182789
1941.0833,29.319229,16.919492,3.2956569e-07,4.0926107e-06,0,0,54.89764,4.5546689,0.091455139,14.399155,0.013357538
1941.1667,23.834426,16.550696,3.515332e-07,1.1089925e-07,0,0,55.332424,4.6447649,0.091731854,13.014869,0
1941.25,18.733356,15.484999,3.7312432e-07,0.00027711213,1.6735275e-06,0,53.671909,4.6802049,0.09373679,8.2525684,0
1941.3333,14.94583,14.975355,3.4537484e-07,0.11937194,0.0077108765,0.018145442,47.161495,4.6702652,0.094621718,21.619228,0.41899821
1941.4167,23.949649,15.763991,3.4203003e-07,1.5712921,0.32723778,0.88459119,43.284882,4.6619997,0.094287239,18.297865,316.26011
1941.5,43.463755,16.124358,3.157835e-07,1.4564782,0.8637179,1.2384283,37.859734,4.6853561,0.09724842,15.659569,252.03795
1941.5833,53.596076,16.528104,2.9681766e-07,1.2779305,1.4232608,1.3647327,33.904423,4.7398348,0.10073012,16.052176,214.09468
1941.6667,58.548614,16.923897,2.7767928e-07,0.82441292,1.2938195,0.92036973,32.643517,4.8163638,0.10385155,16.436846,145.7101
1941.75,56.816544,17.315442,2.7184291e-07,0.26934009,0.37060132,0.257969,34.703136,4.9119372,0.10664485,16.731332,70.257902
1941.8333,50.866056,17.585203,2.8289818e-07,0.00031449598,0,0,35.503689,5.0226932,0.10907419,15.713444,26.773346
1941.9167,42.458203,17.557545,3.011408e-07,2.4393848e-24,0,0,36.262253,5.1404901,0.11141916,15.20167,0.48128372
1942,34.696531,17.396746,3.2165644e-07,0,0,0,37.096817,5.2565131,0.11399277,14.82836,0.36846882
1942.0833,28.460573,17.14199,3.416728e-07,0,0,0,37.811359,5.3551583,0.11647321,14.585664,0
1942.1667,23.258522,16.824352,3.6247059e-07,0,0,0,38.395054,5.4307156,0.11825072,14.079209,0
1942.25,18.815693,16.263369,3.7711621e-07,0,1.9860208e-06,0,38.153355,5.4645596,0.11922006,9.6281284,0
1942.3333,15.224941,15.572395,3.5671104e-07,0,2.1611262e-05,0,34.81316,5.4319167,0.12419776,9.3205419,0
1942.4167,13.104958,15.508624,3.8224238e-07,0.65876495,0.096214464,0.19256201,33.139477,5.3568187,0.12782541,31.201197,78.627358
1942.5,30.275429,16.607698,3.6553516e-07,1.6256947,0.60653994,0.67392121,29.021097,5.2888565,0.13074197,16.128306,322.0225
1942.5833,45.148592,17.013319,3.512948e-07,1.253549,1.1010124,0.73154324,25.540651,5.2655859,0.13864291,16.522827,219.02262
1942.6667,52.636582,17.424557,3.5243838e-07,0.89793558,1.1039727,0.64279445,23.975765,5.2767806,0.14685576,16.92342,158.29244
1942.75,52.928414,17.807456,3.5097156e-07,0.15534164,0.22355616,0.1033839,22.238754,5.3121667,0.1522146,16.811592,82.580303
1942.8333,46.736129,17.905254,3.6695175e-07,0.0002523179,0,0,21.970278,5.3662438,0.15624395,15.340151,2.6317047
1942.9167,38.470261,17.752858,3.9486943e-07,0,0,0,22.499311,5.4277568,0.16029532,15.210665,0.23593967
1943,31.378321,17.498536,4.2576605e-07,0,0,0,22.93215,5.4805908,0.16801572,14.889883,0
1943.0833,25.726633,17.174881,4.5841551e-07,0,0,0,23.367996,5.52035,0.18165639,14.614317,0
1943.1667,21.083076,16.747767,4.9291594e-07,0,0,0,23.776159,5.5516796,0.19382069,13.043811,0
1943.25,17.448097,15.846724,5.2959865e-07,0,7.4032293e-08,0,24.084354,5.5536404,0.2032807,8.7213956,0
1943.3333,14.569929,14.492848,5.5728151e-07,0,1.2752266e-05,0,21.277567,5.4964232,0.20897572,2.047274,0
1943.4167,10.426715,13.117205,7.3783303e-07,0.042056368,0.0018477741,0.0050384321,18.074224,5.3730612,0.20915081,7.936221,0.0037263668
1943.5,13.67687,14.589708,1.1556339e-06,1.3020014,0.15278315,0.65321598,13.021396,5.228157,0.20483401,35.914736,171.54286
1943.5833,25.539484,14.821092,1.5062301e-06,0.99251999,0.40997559,0.75573439,7.5667477,5.1339808,0.20596457,14.402224,147.7988
1943.6667,31.310812,14.940016,1.7319425e-06,0.63789446,0.64355796,0.58141499,6.5032973,5.0855522,0.20966588,14.517994,102.98061
1943.75,32.714028,15.059135,1.5455784e-06,0.26839033,0.32201687,0.25420936,5.873817,5.0661139,0.21375924,14.541634,60.474066
1943.8333,31.511337,15.114045,1.4651644e-06,0.0010911738,0.00030442072,0.00067196761,5.3385792,5.069315,0.21776792,13.968502,39.732394
1943.9167,27.778633,14.904871,1.5764664e-06,3.5049916e-14,0,0,5.1980715,5.0934591,0.22167239,12.839771,0.47451142
1944,23.250377,14.545264,1.813922e-06,0,0,0,5.09131,5.1329336,0.22564955,12.389608,0.25982964
1944.0833,19.579858,14.126512,2.0713203e-06,0,0,0,4.8991709,5.1750116,0.22898243,12.026328,0
1944.1667,16.500922,13.576359,2.3546668e-06,0,0,0,4.5447893,5.2076716,0.23045091,9.1900977,0
1944.25,13.865883,12.842076,2.542519e-06,0,0,0,3.9191823,5.21243,0.22881579,8.1402867,0
1944.3333,11.692652,12.111125,2.2235015e-06,0,3.1800112e-06,0,2.8828361,5.1827817,0.22301003,6.1591576,0
1944.4167,9.039158,11.100571,2.3858045e-06,0.00061630453,1.6056449e-05,0,2.320713,5.0988307,0.21232958,1.9826047,0
1944.5,6.7724534,11.306046,2.8858553e-06,0.63303303,1.2153718,0.52869019,2.0800207,4.9678183,0.19701985,28.558324,56.061809
1944.5833,14.358258,12.014794,1.9887186e-06,0.82951934,1.8186143,1.1202059,2.7498784,4.8669224,0.18454212,11.676223,105.27394
1944.6667,18.832235,12.169809,1.3493384e-06,0.49722502,1.1191102,0.75757681,2.9622142,4.8094997,0.17729872,11.82528,67.543681
1944.75,20.384554,12.32397,9.7766247e-07,0.13943275,0.31637639,0.20206271,3.3344476,4.780931,0.17272945,11.853115,40.574027
1944.8333,20.095572,12.398787,8.7482323e-07,9.9142144e-06,0,0,3.5789349,4.7756672,0.1699304,11.355762,23.159444
1944.9167,17.64743,12.266003,8.9107135e-07,9.3392555e-06,0,0,3.5293326,4.790554,0.16860545,10.629745,0.7315919
1945,14.998032,12.034248,9.2838008e-07,1.8015495e-28,0,0,3.4755888,4.8184009,0.16844882,10.244126,0.5021936
1945.0833,12.861511,11.751442,9.7419331e-07,0,0,0,3.4128871,4.8481741,0.16885553,10.003276,0.53366314
1945.1667,11.051761,11.393747,1.0222994e-06,0,0,0,3.337956,4.8684053,0.16962937,8.7927903,0.21884397
1945.25,9.3405498,10.79897,1.0611722e-06,0,2.0414328e-07,0,3.2562335,4.860002,0.1693045,7.6286048,0
1945.3333,8.0708535,10.360943,8.8091167e-07,0,8.1246945e-06,0,3.8852575,4.8140674,0.16650903,7.447163,0
1945.4167,6.2038004,9.7152721,8.9476526e-07,0.01036559,0.0071039364,0,5.1899018,4.7081461,0.1606306,4.7593763,0.00092874922
1945.5,6.6799629,10.281445,8.5584327e-07,0.78046495,2.0372899,0.930561,6.790885,4.5572877,0.1523906,19.058975,82.837641
1945.5833,13.188072,10.8563,6.3215526e-07,0.7011826,1.9667013,1.2362701,9.7386618,4.4361854,0.14820342,10.536859,81.66831
1945.6667,16.398996,11.334859,5.0011408e-07,0.51416142,1.434788,0.93528035,14.079611,4.3479123,0.14724234,11.002637,62.653199
1945.75,17.504344,11.806508,4.5075666e-07,0.12062485,0.32380595,0.21069441,19.68434,4.2841439,0.14764144,11.284017,35.690298
1945.8333,16.837433,12.193385,4.5765699e-07,5.5546374e-11,0,0,20.937803,4.2398601,0.14860453,11.195569,18.852358
1945.9167,14.375372,12.318048,4.7734642e-07,0,0,0,21.037682,4.2064819,0.14996633,10.80007,1.1994104
1946,11.852976,12.269655,5.0005036e-07,0,0,0,21.178448,4.1727147,0.15165986,10.439405,0.68969775
1946.0833,9.8102149,12.160362,5.2464873e-07,0,0,0,21.134413,4.1317935,0.15302467,10.346054,0.28141439
1946.1667,8.0875484,12.015055,5.5160535e-07,0,0,0,21.050385,4.0698409,0.15332985,10.222043,0
1946.25,6.5930104,11.792211,5.7433249e-07,0,6.1901971e-08,0,20.807999,3.980958,0.15170595,8.654717,0
1946.3333,5.3716297,11.483037,4.5383223e-07,0,1.3117132e-05,0,17.291231,3.8505797,0.14853832,8.2500362,0
1946.4167,4.3748124,11.20715,4.8268646e-07,0.027884192,0.0043933004,0,15.850791,3.6885116,0.14354259,10.854052,0.0045293112
1946.5,8.9346273,12.03536,4.8816582e-07,0.97364551,0.88909275,0.69670214,13.884199,3.5271511,0.13610518,21.211694,148.19668
1946.5833,17.884247,12.475512,4.6441215e-07,0.79857388,1.3290708,0.78984248,12.970503,3.4004629,0.13262032,12.114872,92.49266
1946.6667,20.951835,12.882322,4.4123959e-07,0.55124759,0.98585531,0.65112846,13.125722,3.3082626,0.13213447,12.509827,69.718024
1946.75,22.30572,13.294778,4.2938203e-07,0.22774233,0.39300792,0.27188242,13.952151,3.2431619,0.13287894,12.873709,52.167961
1946.8333,22.358127,13.662245,4.3379347e-07,0.00046158854,9.6116941e-08,0,14.552594,3.2015731,0.13403112,12.793231,39.307874
1946.9167,19.739898,13.785009,4.5300681e-07,3.3803629e-06,0,0,14.556185,3.1778769,0.13537157,12.295766,0.86723367
1947,16.261784,13.788872,4.8082842e-07,0,0,0,14.573892,3.15992,0.13702211,11.826328,0.51053985
1947.0833,13.437955,13.689136,5.0984175e-07,0,0,0,14.475903,3.1371782,0.13855103,11.654397,0.037868254
1947.1667,11.054808,13.528378,5.3422684e-07,0,0,0,14.491763,3.102735,0.13911337,10.987096,0
1947.25,8.9995628,13.233332,5.4689667e-07,0,2.6632832e-06,0,14.206012,3.045012,0.13810576,9.7087067,0
1947.3333,7.3292949,12.907089,5.2768746e-07,0.00010552978,3.1454495e-05,0,12.14678,2.9532554,0.13657047,9.6039876,0
1947.4167,8.679579,13.066793,5.4679583e-07,0.81625891,0.43282398,0.37045382,9.570488,2.8455751,0.13263996,18.618902,135.97001
1947.5,20.215748,13.521526,5.5702492e-07,1.3243213,1.8347583,0.94494711,6.8354955,2.7610998,0.13090241,13.131645,121.82944
1947.5833,24.966402,13.986635,6.2206647e-07,0.98305213,1.81877,0.96165848,6.1062627,2.7102652,0.13266608,13.582154,92.806746
1947.6667,27.582277,14.449523,6.1750728e-07,0.53819189,1.1712538,0.63583898,7.659421,2.6868091,0.13541317,14.032041,75.94233
1947.75,28.330959,14.903137,5.904202e-07,0.049821467,0.12486721,0.035304468,9.9874182,2.6853065,0.13831805,14.339284,61.079172
1947.8333,26.254427,15.141121,6.040965e-07,0.001732875,0,0,10.551148,2.7030387,0.14118642,13.285847,6.1066129
1947.9167,21.756351,15.154527,6.4143268e-07,3.8142204e-05,0,0,10.710854,2.7338245,0.14423876,13.56076,1.0832425
1948,17.852232,15.090609,6.7950162e-07,2.7853705e-06,0,0,10.808883,2.7688961,0.14754647,12.893942,0.33212005
1948.0833,14.68194,14.918414,7.1378656e-07,0,0,0,10.907876,2.7985442,0.15014288,12.692424,0.00026513972
1948.1667,12.028662,14.677233,7.4428635e-07,2.4030177e-10,0,0,10.962964,2.8151901,0.1511237,11.732918,0
1948.25,9.727315,14.306764,7.6874545e-07,0,2.3434024e-06,0,10.690027,2.8046074,0.14994733,11.174712,0
1948.3333,7.8636436,13.94063,7.2820887e-07,0,2.3175083e-05,0,8.2738123,2.7547314,0.14636233,11.009982,0
1948.4167,4.1546416,13.431572,7.8123441e-07,0.0061673836,7.5850862e-05,0,5.2158394,2.6483057,0.14033866,6.9898736,0.00032941637
1948.5,2.6589956,14.239267,2.1626554e-06,0.76202934,0.78495032,0.51516348,2.6833434,2.5010858,0.13105218,32.974176,54.236592
1948.5833,8.2766693,15.115023,2.0328205e-06,1.0039865,1.9070544,1.1439101,3.5543306,2.3887262,0.12559246,14.678327,67.756988
1948.6667,11.381875,15.606925,1.4699644e-06,0.59964678,1.4061061,0.77767404,5.5298514,2.3124721,0.12492052,15.156442,47.72787
1948.75,12.656665,16.096065,1.2452097e-06,0.05101811,0.10758177,0.061129487,7.2442489,2.2586765,0.12608761,15.535315,35.782838
1948.8333,13.440892,16.502874,1.1963793e-06,2.482081e-06,0,0,7.178731,2.2232816,0.12804812,15.682742,32.51798
1948.9167,12.212756,16.635071,1.2275179e-06,0,0,0,7.203033,2.2046988,0.13062349,14.544282,1.5332588
1949,10.167316,16.595995,1.3039453e-06,0,0,0,7.3294744,2.1981826,0.13365252,14.121082,0.93187068
1949.0833,8.489972,16.46455,1.3751015e-06,0,0,0,7.3600397,2.196985,0.13611548,14.009151,0.21290139
1949.1667,7.0284521,16.275113,1.4473958e-06,0,0,0,7.3751082,2.1941867,0.13702363,13.847859,0
1949.25,5.7109697,16.010189,1.4386848e-06,0,4.7232528e-07,0,7.6103988,2.1850281,0.1352755,12.938447,0
1949.3333,4.577619,15.680624,1.225637e-06,0,9.4870315e-06,0,10.434664,2.1626866,0.1299476,12.747632,0
1949.4167,3.69523,15.331194,1.3274552e-06,0.011036199,0.0023133581,0,14.576544,2.1225786,0.12169842,12.88026,5.5505514e-05
1949.5,4.8402213,16.0155,1.3915296e-06,0.88742223,1.6212913,0.80434086,16.660919,2.0629313,0.11279366,30.539362,70.167662
1949.5833,10.443952,16.782895,1.0928889e-06,0.93789429,2.1763839,1.3486248,15.295274,2.0211253,0.10778695,16.302044,63.539485
1949.6667,13.497735,17.272549,7.8718324e-07,0.71475835,1.7846495,1.1548287,17.522003,2.0083869,0.10647403,16.777597,57.8205
1949.75,15.685882,17.762566,6.5219757e-07,0.2161144,0.50046565,0.27663377,23.621391,2.0170395,0.10692316,17.235084,53.317653
1949.8333,17.153278,18.186109,6.3340468e-07,0.0053022702,0.0038334077,0,29.460751,2.0443814,0.10837837,17.148592,37.674508
1949.9167,15.286637,18.352538,6.5392004e-07,0,0,0,29.962534,2.089843,0.11063726,18.964264,3.3473076
1950,12.900108,18.563017,6.8120568e-07,0,0,0,30.118618,2.1474612,0.1138399,16.524609,3.6935097
1950.0833,10.937887,18.42143,7.2184469e-07,0,0,0,29.961843,2.2040467,0.11788636,15.913098,1.4535998
1950.1667,9.0969428,18.161867,7.6679095e-07,0,0,0,29.813435,2.2434318,0.12198432,15.455225,0
1950.25,7.4918475,17.846631,7.5489874e-07,0,1.9775376e-06,0,29.475626,2.2749047,0.12462515,15.186762,0
1950.3333,6.1535398,17.471313,5.5278662e-07,0.0022365423,2.5466455e-05,0,31.421631,2.2781644,0.12450945,14.813597,6.3609596e-08
1950.4167,5.9796465,17.428454,5.8559198e-07,0.64323992,0.32589528,0.29606278,36.784382,2.2304869,0.12235858,22.656261,85.199935
1950.5,17.201696,17.806716,5.463998e-07,1.6848356,1.9151632,1.4862439,38.964336,2.1685822,0.12480779,17.296151,126.55175
1950.5833,21.097019,18.276962,4.9548072e-07,1.2665649,2.2350673,1.2743905,45.827545,2.1215281,0.13374877,17.752991,78.988878
1950.6667,23.870476,18.742956,4.309847e-07,0.87757513,1.6023707,0.92733191,56.718502,2.0922999,0.14394848,18.205993,76.484218
1950.75,26.044851,19.208465,3.9620772e-07,0.36484753,0.67207096,0.31524459,68.442833,2.0796821,0.15322992,18.658623,75.21191
1950.8333,27.930504,19.638509,3.8476898e-07,0.014179736,0.0014096385,0,73.528351,2.0826933,0.1614989,18.961701,74.740151
1950.9167,25.958575,19.718254,3.9514805e-07,0.0001998951,0,0,73.763954,2.1009347,0.1690722,17.642274,2.7741221
1951,21.57647,19.546695,4.1771048e-07,0,0,0,73.188988,2.1290843,0.1765243,16.705495,1.1685176
1951.0833,17.929919,19.217862,4.5068259e-07,0,0,0,72.002602,2.1492298,0.18388271,16.355426,0.0094647735
1951.1667,14.853831,18.822823,4.7269583e-07,0,0,0,72.200905,2.162847,0.18971524,16.019051,0.0001416976
1951.25,12.203258,18.358514,4.9483583e-07,0,4.8593319e-07,0,72.160278,2.1656542,0.19363433,15.62368,0
1951.3333,10.024687,17.830519,4.7752633e-07,0.00059227759,2.5549737e-05,0,70.000114,2.146003,0.19818558,14.587731,0
1951.4167,10.009774,18.15968,4.8989449e-07,0.95205825,0.28436816,0.59528024,65.899086,2.1009374,0.20473932,34.78604,144.83507
1951.5,24.759933,18.919334,3.998835e-07,1.6116332,1.134968,1.3947738,54.105396,2.0648258,0.21287833,18.377548,145.60012
1951.5833,29.929126,19.349884,3.467126e-07,1.2120389,1.6943007,1.0849184,48.743008,2.0542028,0.22611934,18.796355,109.36965
1951.6667,33.865135,19.776007,3.0491782e-07,0.91922862,1.4023109,0.82332354,49.373768,2.0628691,0.24097443,19.210913,112.87334
1951.75,37.489675,20.183623,2.881292e-07,0.1355481,0.18795077,0.10744934,51.931248,2.0883026,0.25586975,19.551273,115.30803
1951.8333,36.470834,20.264601,2.9493998e-07,0.0027850908,0,0,52.403038,2.1296065,0.27064914,17.654374,11.649777
1951.9167,30.394455,19.988436,3.1222265e-07,8.2727333e-24,0,0,53.495533,2.1814804,0.28723037,17.087409,0.96274338
1952,25.03453,19.576995,3.3381079e-07,0,0,0,54.50346,2.2352722,0.30727142,16.662934,0.00033037833
1952.0833,20.728797,19.094812,3.5270745e-07,0,0,0,55.320278,2.2809021,0.32769525,16.252422,0
1952.1667,16.805323,18.37972,3.7194428e-07,0,0,0,56.184246,2.3129745,0.34579521,15.643507,0
1952.25,13.138751,17.413026,3.8283287e-07,0,5.5115856e-07,0,55.516869,2.2843482,0.35808387,14.658229,0
1952.3333,10.837205,16.38449,3.6490238e-07,0,5.5657703e-06,0,51.658085,2.2008855,0.36464471,4.0138353,0
1952.4167,6.4484878,15.104445,3.9351602e-07,0.01567458,0.00033273673,0,51.51228,2.0568163,0.36389083,6.552579,0.0012110883
1952.5,6.4417855,16.43871,4.8171353e-07,1.3749979,0.20617141,0.7887231,53.570187,1.889395,0.35756037,39.585908,101.74369
1952.5833,13.408748,17.05247,5.5475726e-07,1.1191241,0.37621874,0.96548144,54.427895,1.7670945,0.35725078,16.565788,79.882657
1952.6667,17.466923,17.450344,6.3652806e-07,0.83334622,0.40152164,0.73802235,53.386822,1.6850265,0.36197215,16.952548,76.202658
1952.75,21.127865,17.847445,6.4901701e-07,0.26421447,0.13216461,0.23197583,46.517738,1.6301805,0.36888501,17.33774,83.286068
1952.8333,24.261653,18.148029,6.3326013e-07,0.016374268,0.0014906425,0.0013771633,40.724976,1.5988376,0.37694743,16.877398,58.717686
1952.9167,21.772951,18.05491,6.6910826e-07,0.00010396787,0,0,41.300739,1.5888264,0.38682371,15.554302,2.2425037
1953,18.139498,17.779054,7.1744097e-07,5.6887504e-24,0,0,42.165298,1.5928985,0.39904103,15.13221,0
1953.0833,15.174944,17.423641,7.6491875e-07,6.6265674e-08,0,0,42.726711,1.6030725,0.41120926,14.829599,0
1953.1667,12.657019,16.953038,8.1538036e-07,1.5970181e-07,0,0,43.484287,1.614301,0.42102471,14.42886,0
1953.25,10.499708,16.437035,1.0694273e-06,0.0078692812,3.1538955e-06,0,34.759098,1.6214141,0.42750913,13.989006,4.7673452e-07
1953.3333,9.0832524,16.46664,3.0019748e-06,0.49470957,0.10139312,0.2070019,6.7754316,1.6183072,0.42905462,30.618356,45.18219
1953.4167,25.945427,17.329141,1.7559078e-06,1.6443055,0.54173399,1.3205499,5.2062721,1.6184856,0.42980716,16.832602,296.34039
1953.5,34.681637,17.713536,1.2687399e-06,1.724569,0.63255468,2.0549108,4.465066,1.6460773,0.43322033,17.206439,131.29345
1953.5833,40.156614,18.163405,8.9764217e-07,1.1621502,0.44432449,1.4906734,4.5709109,1.7010304,0.43740249,17.643839,144.92886
1953.6667,46.249475,18.604485,6.8960782e-07,0.86040034,0.35323379,1.0918784,5.7299175,1.7803363,0.44159895,18.072741,170.36052
1953.75,52.782375,18.998396,5.4358327e-07,0.19881847,0.084360803,0.23039603,7.2160439,1.8884528,0.44575593,17.874445,141.78245
1953.8333,47.791161,18.995835,5.2591793e-07,3.8641485e-05,0,0,7.9387598,2.0277243,0.44978398,16.445223,3.3932574
1953.9167,39.296124,18.594954,5.655703e-07,7.0814926e-24,0,0,8.1343517,2.1833956,0.45451424,15.96834,1.2650009
1954,31.203058,17.659467,6.2288092e-07,0,0,0,8.0887365,2.3156762,0.46951887,15.02912,0.0001346975
1954.0833,24.914816,16.724464,6.9336755e-07,0,0,0,8.2220058,2.4226301,0.48806056,14.232821,0
1954.1667,19.86751,15.791014,7.6283015e-07,0,0,0,8.3409262,2.5127878,0.50183547,13.437812,0
1954.25,15.878538,14.957822,8.2805201e-07,0,1.4054331e-10,0,8.6244631,2.5761728,0.50938332,8.9997926,0
1954.3333,13.046321,14.353588,8.5175799e-07,0.22278939,0.050653544,0.12204101,10.659591,2.574297,0.50878882,21.195326,9.83583
1954.4167,26.193492,14.929762,6.9070416e-07,1.5088879,0.54158266,1.7514768,11.30962,2.5542386,0.50569844,14.469876,383.06975
1954.5,43.640416,15.206235,4.6932746e-07,1.3388651,0.59157024,1.9166849,10.611804,2.5759346,0.50718075,14.769641,178.09806
1954.5833,51.820498,15.641209,3.674414e-07,1.093784,0.57708344,1.5988116,11.344996,2.645478,0.51020849,15.192541,200.35755
1954.6667,60.312144,16.069723,3.1418455e-07,0.70189289,0.42178889,1.0235614,13.017752,2.7590039,0.51355869,15.609171,222.29648
1954.75,65.099142,16.382193,2.9001546e-07,0.25057393,0.14500392,0.35330489,15.693298,2.9147789,0.51703471,15.171413,99.207435
1954.8333,55.617876,16.379992,2.9931425e-07,0.0098828941,0.0054004375,0.0095142694,18.435427,3.1052113,0.52054417,14.15984,2.2255533
1954.9167,46.063222,16.225019,3.2086425e-07,2.2201431e-21,0,0,18.97076,3.3163376,0.52418441,13.968003,1.6086761
1955,37.70107,15.943287,3.4371703e-07,1.1615903e-06,0,0,19.18293,3.5301781,0.52769673,13.567665,6.9593208e-05
1955.0833,30.979207,15.595157,3.6895423e-07,2.0778722e-06,0,0,19.370949,3.7197104,0.52939761,13.271145,0
1955.1667,25.398729,15.169424,3.9470228e-07,0,0,0,19.473757,3.8722184,0.52845818,10.650911,0
1955.25,20.437876,14.063805,4.0574082e-07,0,1.0184321e-06,0,19.182568,3.9541349,0.52450186,5.1165634,0
1955.3333,16.552815,13.321424,3.490224e-07,0.025698079,0.0033526556,0,18.35626,3.941411,0.52138704,11.264192,0.0017757864
1955.4167,18.449176,13.736672,3.7487899e-07,1.0037928,0.49366592,0.52235638,19.294962,3.8902304,0.51906925,21.755882,202.10949
1955.5,40.659409,13.9947,3.3918582e-07,1.2218219,0.72002845,0.97379385,18.819101,3.8740852,0.52059919,13.593976,351.51557
1955.5833,59.62915,14.166842,3.0137255e-07,1.0516093,0.64898469,1.0094788,18.406639,3.9089818,0.52618486,13.760562,290.57602
1955.6667,67.125149,14.333737,2.8418074e-07,0.68774981,0.44244673,0.77216781,18.769917,3.9952838,0.53019941,13.922452,176.20301
1955.75,62.958486,14.477193,2.8047904e-07,0.17152928,0.10940019,0.19579906,19.627279,4.1253142,0.53305066,13.209369,34.720133
1955.8333,52.736122,14.44946,2.95479e-07,3.3121305e-07,0,0,20.189049,4.2875261,0.53541017,12.361345,0.8654666
1955.9167,43.416943,14.284434,3.179307e-07,0,0,0,20.561024,4.464747,0.53725338,12.173632,0.30899266
1956,35.393231,14.02601,3.4244133e-07,0,0,0,20.860456,4.6353521,0.53904653,11.934639,0
1956.0833,29.023487,13.721162,3.7053169e-07,0,0,0,20.976765,4.7634535,0.54667401,11.675021,0
1956.1667,23.773925,13.201919,4.0322777e-07,0,0,0,21.013351,4.8495197,0.55390149,5.5894275,0
1956.25,19.355433,12.282634,4.2980221e-07,0,0,0,21.080214,4.8640237,0.5550071,3.3453428,0
1956.3333,15.801493,11.4554,4.4039299e-07,0,2.7566008e-06,0,20.504116,4.8118343,0.5482226,3.3518495,0
1956.4167,12.932825,10.733798,5.0595673e-07,0.0030602035,4.3598081e-05,0,21.286989,4.7057066,0.53231943,3.9321777,1.1059672e-06
1956.5,15.26423,11.843504,6.5604507e-07,0.94392572,0.26505773,0.34420665,24.717209,4.5719981,0.50876784,33.565952,180.44411
1956.5833,31.526461,12.306741,1.0875564e-06,0.7690269,0.5353445,0.45837636,45.297775,4.484859,0.49221051,11.960821,209.55577
1956.6667,40.989749,12.228339,1.3133235e-06,0.5798219,0.45519098,0.43686615,52.938148,4.4522409,0.4835307,11.884403,148.28732
1956.75,39.09798,12.109321,1.2559047e-06,0.039883471,0.028881343,0.0095900512,47.753761,4.465486,0.47905523,10.852946,4.3095873
1956.8333,32.837044,11.82619,1.4118282e-06,1.9704166e-08,0,0,50.436932,4.5122318,0.47737187,10.104539,0.63750242
1956.9167,27.420342,11.441595,1.527616e-06,2.8633502e-24,0,0,53.993641,4.5749321,0.47811627,9.7546354,0.13639235
1957,22.771375,10.994544,1.6712316e-06,0,0,0,57.521385,4.6367922,0.48067939,9.3604809,0.0094741445
1957.0833,19.09652,10.398827,1.8854486e-06,0,0,0,60.53949,4.670279,0.48285189,3.6727879,0
1957.1667,16.101964,9.4320215,2.104216e-06,0,0,0,63.178902,4.6375661,0.48255122,1.3202436,0
1957.25,13.584781,8.5250102,2.32354e-06,0,2.3790805e-07,0,65.026375,4.5427761,0.47796538,1.3250513,0
1957.3333,11.561795,7.7366233,2.3840396e-06,0,2.1766292e-06,0,60.676174,4.3966289,0.46727687,1.3423544,0
1957.4167,9.9276993,7.2951191,2.4832177e-06,0.17004796,0.14084228,0.14394303,58.156494,4.2066855,0.44911337,23.251374,0.17269157
1957.5,17.367469,8.753987,1.9575318e-06,0.85164899,0.90720614,1.2184037,46.26429,4.0253949,0.42975318,11.180949,204.9306
1957.5833,26.411485,8.8368282,1.4020059e-06,0.71445255,0.79511397,1.3800887,32.552513,3.9064846,0.41848943,8.5868305,95.747676
1957.6667,30.522864,9.0036122,9.9015472e-07,0.42354428,0.48748397,0.83416563,24.832954,3.8429601,0.4122915,8.7485956,102.76605
1957.75,34.000739,9.3042925,7.4654656e-07,0.1580578,0.18705273,0.22095376,20.7637,3.8250759,0.40968093,8.8252044,78.263394
1957.8333,30.26491,9.5258206,7.2061687e-07,0.008460855,0.0047466811,0,21.318922,3.8465405,0.40935898,8.1446772,0.84653392
1957.9167,25.034254,9.6116802,7.7999709e-07,2.9370191e-08,0,0,21.9349,3.8894804,0.40893692,8.2377863,0.25769172
1958,20.485163,9.6265208,8.4595979e-07,0,0,0,22.306107,3.9281833,0.40801823,8.1907083,0.043555857
1958.0833,16.855806,9.5881438,9.0712768e-07,0,0,0,22.603346,3.9430301,0.40696523,8.1537646,0.00013724905
1958.1667,13.861217,9.5050074,9.7028214e-07,0,0,0,22.840872,3.9190152,0.40594217,7.1041597,0
1958.25,11.332389,9.2311418,9.8600867e-07,0,2.1886732e-06,0,21.89443,3.8210485,0.40499622,4.6066584,0
1958.3333,9.2921872,8.8102743,8.2375743e-07,0,1.2929238e-05,0,17.891685,3.648706,0.40202889,2.7396633,0
1958.4167,7.8191878,8.7464098,1.0152156e-06,0.30031049,0.082179527,0.24063346,19.100592,3.4290512,0.39687473,15.998776,23.788342
1958.5,13.691975,9.3473699,1.2322087e-06,0.97573341,0.82478863,1.6938108,22.823977,3.2310231,0.39345476,9.075647,101.84832
1958.5833,16.386189,9.735534,9.5937969e-07,0.76871603,1.0714522,1.6461527,18.71607,3.0803003,0.39355627,9.4526605,53.485203
1958.6667,18.054824,10.128155,7.1156046e-07,0.45938797,0.65720424,0.95572881,15.415807,2.9642811,0.39473787,9.8342054,53.123575
1958.75,19.576611,10.514745,6.0186846e-07,0.031933262,0.043485433,0.01954303,14.587864,2.873296,0.39609283,10.17207,53.80209
1958.8333,18.391287,10.717752,6.1153457e-07,7.6623618e-06,0,0,14.728066,2.8037255,0.3973251,9.311409,1.4158419
1958.9167,15.37667,10.758817,6.4715169e-07,0,0,0,14.849644,2.7485976,0.39860669,9.2525608,0.7594278
1959,12.690478,10.719299,6.8312312e-07,0,0,0,14.891637,2.6978199,0.39941865,9.1185052,0.00011004402
1959.0833,10.531125,10.635466,7.1795802e-07,0,0,0,14.95155,2.6471753,0.39832243,9.0469958,0
1959.1667,8.7385932,10.519976,7.5581636e-07,0,0,0,14.939763,2.5861382,0.39453796,8.9485237,0
1959.25,7.1187792,10.274496,7.316732e-07,0,6.7398011e-07,0,14.88684,2.5008483,0.38755751,8.7393288,0
1959.3333,5.8796732,10.115046,5.3699614e-07,0,1.174715e-05,0,13.623894,2.3768609,0.37987018,8.6034148,0
1959.4167,4.0324521,9.9429712,5.8305841e-07,0.087222367,0.0678292,0.0089058011,13.473396,2.215446,0.37121022,15.145562,0.026193129
1959.5,6.0215541,10.913821,5.9708077e-07,0.95384687,1.5165338,0.69220203,13.24451,2.0443461,0.35969019,14.525851,71.10097
1959.5833,9.5138196,11.339621,5.2373093e-07,0.87413233,1.4660624,0.83602647,14.378123,1.916424,0.35482544,11.010687,43.204313
1959.6667,11.181302,11.777244,4.7420528e-07,0.58830048,0.9972919,0.6475839,17.663548,1.8196446,0.354606,11.435722,37.705287
1959.75,12.545153,12.216781,4.5556556e-07,0.10814159,0.18523885,0.13414135,22.005934,1.7427994,0.35521933,11.862933,39.112265
1959.8333,13.702451,12.586531,4.5905693e-07,0.00038845155,0,0,22.733646,1.6827592,0.35578007,11.832421,31.174784
1959.9167,12.296701,12.68972,4.7468367e-07,1.3965914e-21,0,0,22.825752,1.6372613,0.35614714,10.808241,0.14774706
1960,10.238827,12.671953,4.9780544e-07,6.7648571e-08,0,0,22.721598,1.5984249,0.35542119,10.780735,9.6843687e-05
1960.0833,8.5791741,12.599527,5.2172442e-07,0,0,0,22.56389,1.5607589,0.35516,10.718996,0
1960.1667,7.190905,12.484756,5.4703423e-07,0,0,0,22.752005,1.5219516,0.35829878,10.6212,0
1960.25,5.9945341,12.330948,5.7189942e-07,0,2.8303819e-07,0,22.975098,1.4808971,0.3581484,10.490152,0
1960.3333,5.0071734,12.149289,7.6678691e-07,3.0139491e-08,1.1463903e-05,0,26.718616,1.4347464,0.35202569,10.334952,0
1960.4167,4.626296,12.402814,1.1506334e-06,0.44043603,0.098464641,0.21552896,31.053223,1.3793874,0.33916268,24.185156,43.793313
1960.5,12.470979,13.215694,1.0472506e-06,1.2534007,0.79969818,1.1688998,26.4797,1.3307703,0.32799977,12.833161,99.331868
1960.5833,14.911918,13.674886,9.8777787e-07,1.0709691,1.596012,1.4066154,25.499353,1.3035147,0.32636216,13.279891,51.159227
1960.6667,16.729243,14.132318,8.5613726e-07,0.63829419,1.0704449,0.84922781,27.178955,1.2920214,0.32705712,13.724593,52.821905
1960.75,18.474521,14.587827,7.8901058e-07,0.079218846,0.10262097,0.094494751,29.149618,1.2928611,0.32802087,14.167282,56.385639
1960.8333,19.237267,14.892793,7.7476403e-07,0.0014935276,0,0,28.966274,1.3045664,0.32887563,13.5013,24.990705
1960.9167,16.419543,14.899849,8.0018606e-07,0.0012950694,0,0,29.332573,1.3244514,0.32975316,12.774859,0.55732244
1961,13.582502,14.785772,8.4163935e-07,0.001376965,0,0,29.616447,1.3465385,0.33004108,12.580823,0.00069558188
1961.0833,11.278633,14.587393,8.5705284e-07,0,0,0,29.891256,1.3639205,0.32840556,12.411753,5.8750394e-05
1961.1667,9.1493996,14.017342,8.9025218e-07,-1.569035e-06,0,0,29.844633,1.370947,0.32450122,11.92617,0
1961.25,7.3676324,13.438717,9.5514861e-07,6.7658561e-09,1.0582326e-06,0,29.544861,1.3613915,0.31936464,11.433278,0
1961.3333,6.0849683,13.230804,9.8534758e-07,0.052816191,0.0041558235,0.00042787335,27.166283,1.3323185,0.31486467,15.417402,0.037706204
1961.4167,10.549813,14.13648,9.2197303e-07,1.2430911,0.26368833,1.3738738,21.877348,1.2911763,0.3121711,22.63713,129.59863
1961.5,15.895413,14.58442,8.4878076e-07,1.2382303,0.48549694,1.9405334,15.73108,1.2685018,0.31253177,14.163765,60.295967
1961.5833,18.228924,15.058536,7.4005908e-07,1.1107571,0.76655132,1.7572282,9.8983994,1.2640201,0.31415308,14.62469,61.056323
1961.6667,20.423176,15.525592,6.5368766e-07,0.69959219,0.80791865,1.1426979,4.9272127,1.2735715,0.31622097,15.078766,65.524728
1961.75,22.652917,15.989745,7.7553159e-07,0.111552,0.12311422,0.13084321,1.6515234,1.2958012,0.31830254,15.529969,70.942911
1961.8333,23.235008,16.274311,8.0262305e-07,0.00031351404,0,0,1.5044088,1.3297637,0.32015872,14.627343,23.491672
1961.9167,19.657066,16.252276,8.48279e-07,1.0226828e-22,0,0,1.5048715,1.3723406,0.32196817,14.115708,1.7818737
1962,16.264115,16.10286,8.7832285e-07,5.9718968e-06,0,0,1.4814889,1.4164397,0.3236821,13.702381,0.21506464
1962.0833,13.491043,15.876943,9.2160644e-07,0.0035671475,0,0,1.4582634,1.4539849,0.32388967,13.509943,0
1962.1667,11.174771,15.599615,9.6063945e-07,0.00090080231,0,0,1.4285495,1.4825987,0.32138026,13.273709,0
1962.25,9.1707129,15.258617,1.0171491e-06,0.00028351282,3.8699454e-05,0,1.4189265,1.4968585,0.31537324,12.983237,0
1962.3333,7.8423843,15.398065,1.1334429e-06,0.47152599,0.61143387,0.49246508,1.7134048,1.4869592,0.30564851,27.807761,34.383185
1962.4167,18.346371,16.157411,7.8758285e-07,1.4723873,2.5204683,2.325376,2.0821948,1.475035,0.29723325,15.695707,187.61174
1962.5,23.975544,16.591426,4.9810251e-07,1.4864696,2.5320215,2.5096471,2.7631097,1.4890579,0.29341799,16.116596,87.336682
1962.5833,27.419345,17.070713,3.5968282e-07,1.196604,2.063896,2.0935851,3.9577985,1.5253925,0.29211393,16.582093,94.716545
1962.6667,31.109054,17.542072,2.7340371e-07,0.70136854,1.21977,1.1849708,6.5224123,1.5807985,0.29225641,17.040036,108.77364
1962.75,35.569891,17.999578,2.4723701e-07,0.18805513,0.2874269,0.27800146,10.347448,1.6581661,0.29322201,17.326698,118.05861
1962.8333,33.862915,18.175522,2.5181211e-07,0.00031694551,0,0,11.103723,1.7626246,0.29463103,16.047164,3.426561
1962.9167,27.848447,17.832948,2.6822028e-07,0,0,0,11.132341,1.8833981,0.29647839,17.087752,3.5091064
1963,22.334861,17.179528,2.9018673e-07,0.00060698667,0,0,10.982678,1.9770898,0.29908663,14.730115,0.749145
1963.0833,18.016919,16.473021,3.111148e-07,0,0,0,10.914613,2.0358253,0.30158305,14.01773,0
1963.1667,14.433382,15.654314,3.356765e-07,0,0,0,10.796684,2.0690293,0.30291742,13.320489,0
1963.25,11.517507,14.884385,3.3114384e-07,0,4.440087e-09,0,11.219431,2.0797749,0.30691993,12.664814,0
1963.3333,9.4352225,14.486246,3.0068725e-07,0.017779683,0.0016428924,0,14.571573,2.0681911,0.31512821,13.685537,0.0023421763
1963.4167,11.753574,15.19996,3.0116868e-07,1.0110957,0.79730685,0.87965153,17.847052,2.0358267,0.31788972,28.453055,191.82825
1963.5,30.337686,15.663614,2.7005541e-07,1.386672,2.2718774,1.5358552,21.579624,2.0189359,0.3217566,15.213017,188.84385
1963.5833,35.700686,16.106231,2.4052616e-07,1.0221267,1.8150638,1.3194431,29.160927,2.0310867,0.3248612,15.643779,125.3716
1963.6667,40.82815,16.554018,2.1355822e-07,0.79396158,1.4004559,1.1100349,38.453506,2.0699074,0.32672894,16.079139,147.75327
1963.75,46.396933,16.952449,2.0068195e-07,0.14014765,0.22978425,0.19092028,46.982922,2.139468,0.32839108,15.867083,119.289
1963.8333,41.540138,16.940042,2.0827038e-07,3.7052277e-07,0,0,48.796711,2.2456512,0.32976824,14.608787,1.6382542
1963.9167,33.536773,16.34237,2.257663e-07,0,0,0,49.06197,2.3651073,0.33153293,13.970515,0.40020183
1964,26.641529,15.565612,2.4574348e-07,0,0,0,49.050602,2.4662414,0.33815628,13.245696,0
1964.0833,21.332001,14.800893,2.6736785e-07,0,0,0,49.442455,2.5471411,0.35438654,12.594515,0
1964.1667,17.075025,14.027569,2.9156689e-07,0,0,0,49.794548,2.6121778,0.37085661,11.936017,0
1964.25,13.567528,13.219005,3.1003088e-07,0,-1.0137818e-08,0,49.974907,2.6535249,0.38344628,9.3585658,0
1964.3333,10.821271,12.030984,3.1191584e-07,0,-3.9444389e-08,0,55.531689,2.6353974,0.39150217,3.0843402,0
1964.4167,8.718906,10.991416,3.3982252e-07,0.094903835,0.012436937,0.035071238,66.443344,2.5486283,0.39084437,15.549222,0.11989802
1964.5,16.334293,11.868114,3.3886488e-07,1.1094707,0.29116185,0.69764718,75.080421,2.4458928,0.38458776,14.780619,204.18954
1964.5833,25.354836,12.205711,3.3273338e-07,0.92675607,0.44079842,0.81495243,83.623405,2.3929222,0.38616011,11.853576,107.31797
1964.6667,30.027613,12.609194,3.5614252e-07,0.59402775,0.36844197,0.57041244,99.630516,2.3799207,0.39136845,12.245974,111.38449
1964.75,34.876287,13.001157,4.0665941e-07,0.25530736,0.14916503,0.23815137,123.48859,2.3978641,0.39518312,12.626961,130.31961
1964.8333,34.62429,13.170036,4.3094354e-07,5.652895e-05,1.7206846e-05,3.3816934e-05,134.48643,2.4494803,0.39696035,11.335329,5.5385048
1964.9167,28.51405,12.936996,4.5748504e-07,0,0,0,137.8474,2.5290837,0.39977068,11.010703,0.039047532
1965,22.793572,12.381014,5.0574596e-07,0,0,0,140.71475,2.612361,0.41765022,10.534751,0
1965.0833,18.441949,11.783409,5.7106558e-07,0,0,0,142.48892,2.6892428,0.43740442,10.029213,0
1965.1667,15.103202,11.062912,6.4681427e-07,0,0,0,141.87944,2.7558489,0.45427001,9.4170034,0
1965.25,12.33909,10.327698,7.0460464e-07,0,0,0,141.94505,2.8060527,0.46656024,8.582988,0
1965.3333,10.156097,9.3335826,8.3978421e-07,0,0,0,159.16162,2.807359,0.4720715,1.5740522,0
1965.4167,8.4721232,8.3565209,1.2991086e-06,0.039336485,0.00041945638,0.008859165,202.86928,2.7355473,0.46962732,7.5794506,0.0027399853
1965.5,12.899395,8.827202,1.2451524e-06,0.76166583,0.022688618,0.7693723,187.80173,2.6466775,0.46268272,14.100254,157.7289
1965.5833,21.437192,8.9582419,1.0973794e-06,0.58532655,0.029294403,0.89785968,159.03145,2.6043963,0.46248347,8.7025898,80.70957
1965.6667,25.027817,9.1734361,9.263938e-07,0.38872199,0.02367239,0.64024431,135.68903,2.6023769,0.46701154,8.9117865,86.105023
1965.75,27.910879,9.3455967,8.1745378e-07,0.046510028,0.0024823421,0.06189354,116.99329,2.6331732,0.47430286,8.6080933,55.396599
1965.8333,24.603518,9.2282221,8.5010043e-07,0.0031217991,0,0,117.92174,2.6938276,0.4836874,7.8558283,0.024719165
1965.9167,20.483447,8.9646392,9.2031797e-07,0,0,0,121.24608,2.7711804,0.49491125,7.630414,0.0077350802
1966,16.619733,8.4641092,1.0064646e-06,0,0,0,124.42294,2.8501484,0.50698733,7.2035369,8.0714843e-06
1966.0833,13.640937,7.9761902,1.1075523e-06,0,0,0,127.27046,2.9140215,0.51673996,6.7880233,0
1966.1667,11.26315,7.426885,1.2343644e-06,0,0,0,129.10493,2.9481416,0.52280259,3.5679932,0
1966.25,9.3199667,6.6465046,1.6126644e-06,0,0,0,101.82251,2.914206,0.52367413,1.5271314,0
1966.3333,7.8033088,5.9601013,2.572672e-06,0,-8.9913268e-09,0,25.003147,2.8140321,0.51745683,1.550755,0
1966.4167,6.2432559,5.4811887,2.4483534e-06,0.020433155,0.0002037429,0.0013376519,45.144527,2.6633735,0.50284791,4.8032652,0.00022061462
1966.5,7.2651356,6.1944965,2.1518872e-06,0.52508213,0.0095291435,0.77481913,54.37812,2.5092773,0.48379073,14.494524,49.713722
1966.5833,10.17807,6.4672329,1.5490031e-06,0.50329255,0.012090756,1.0063322,48.135136,2.4036515,0.47223291,6.280896,36.936
1966.6667,11.88879,6.6993278,1.1000481e-06,0.33596968,0.0099924709,0.67843743,40.675072,2.3345931,0.46651447,6.5059785,35.844943
1966.75,13.403507,6.9337366,9.7002749e-07,0.080136577,0.0026860698,0.16677928,30.731783,2.2891905,0.46407488,6.7336864,38.120355
1966.8333,13.944849,7.0858584,1.1034389e-06,0.00048562497,0,0,5.3693976,2.2627428,0.46389598,6.2845316,12.197208
1966.9167,12.121403,7.0847585,1.1751906e-06,4.2356329e-06,0,0,5.4578719,2.2506752,0.46571782,6.0313577,0.0098801101
1967,10.409714,7.0348023,1.2577548e-06,0,0,0,5.5337434,2.2448852,0.46934342,5.9851536,3.7045627e-05
1967.0833,9.0062888,6.9386372,1.3391115e-06,0,0,0,5.5894861,2.2390683,0.47310266,5.9032321,5.8185628e-07
1967.1667,7.6501197,6.6602877,1.4686235e-06,0,0,0,5.6285357,2.2268782,0.4748894,5.6658968,0
1967.25,6.4721792,6.3344464,1.5642229e-06,0,-2.0481038e-11,0,5.6859565,2.2003872,0.47286481,5.3859947,0
1967.3333,5.6025716,6.0376842,1.0057132e-06,1.8318494e-07,3.0374931e-06,0,10.211939,2.1415291,0.4661316,2.9945567,5.4367717e-11
1967.4167,5.1456881,6.0364003,1.0150434e-06,0.31987026,0.0053320988,0.27994623,17.048607,2.0278602,0.45505723,9.7052825,21.579402
1967.5,7.481304,6.3551171,9.6606857e-07,0.55752757,0.013028748,0.80640636,21.748861,1.9314262,0.4464004,6.1703658,32.584864
1967.5833,9.04682,6.6236448,8.8154974e-07,0.49858475,0.016940843,0.91232522,24.535812,1.8684194,0.44384348,6.4312432,27.305166
1967.6667,10.224923,6.8915435,7.9162754e-07,0.36551136,0.015695795,0.65451616,25.315041,1.8262565,0.4443509,6.6915674,27.864325
1967.75,11.31052,7.1617411,7.4582351e-07,0.083442817,0.0037611304,0.15213973,22.795216,1.7983948,0.44665259,6.9541136,29.445913
1967.8333,11.944187,7.3182178,8.51761e-07,1.6190172e-05,0,0,5.3396935,1.7819228,0.45021707,6.7264197,17.57149
1967.9167,10.34466,7.1491399,9.3396835e-07,0,0,0,5.3850641,1.7745891,0.45486367,6.0825526,0.01165103
1968,8.6470731,6.9205719,1.045403e-06,0,0,0,5.4369721,1.7712559,0.46001115,5.8868907,4.1188206e-05
1968.0833,7.3206299,6.6839815,1.1356854e-06,0,0,0,5.4732385,1.7673472,0.46343729,5.6853595,0
1968.1667,6.2436308,6.4405096,1.2434451e-06,0,0,0,5.5026803,1.7588565,0.46366701,5.4779563,0
1968.25,5.3420695,6.1886092,1.2918672e-06,0,-4.0096131e-09,0,5.7055793,1.7415179,0.45935628,5.2632103,0
1968.3333,4.6196845,5.9422534,1.1065624e-06,0,-5.6259246e-10,0,9.750308,1.7106017,0.44926983,5.0532587,0
1968.4167,4.2084083,5.9555266,1.141124e-06,0.18917174,0.0044403733,0.10321426,14.589774,1.660256,0.43270922,12.120711,13.552107
1968.5,7.6346006,6.4853202,1.109128e-06,0.60055817,0.017858639,0.58731665,17.942177,1.608474,0.416244,6.2957941,52.43018
1968.5833,9.2644831,6.7735412,1.1259033e-06,0.48309042,0.018862356,0.68269082,21.187237,1.5787953,0.40641081,6.5759268,26.785339
1968.6667,10.339125,7.0649711,1.0390756e-06,0.33421351,0.015295947,0.43261437,21.752871,1.5637268,0.40055484,6.8592136,27.261542
1968.75,11.310678,7.3560071,9.6777671e-07,0.040132888,0.0017935676,0.050559975,21.074842,1.5581878,0.39711472,7.1420908,28.613061
1968.8333,11.773245,7.5704437,1.154967e-06,0.00050394369,0,0,3.4783995,1.5600196,0.39538532,6.8335179,13.211537
1968.9167,10.341479,7.621787,1.2275761e-06,3.9262756e-07,0,0,3.5180316,1.5670784,0.39520743,6.486202,0.0088591515
1969,8.8920519,7.6131895,1.3067173e-06,3.7399841e-05,0,0,3.5529468,1.5745568,0.39649412,6.4763815,0.0003087969
1969.0833,7.6335212,7.4801692,1.4029615e-06,2.7375557e-05,0,0,3.574955,1.5777571,0.39791971,6.3630665,0
1969.1667,6.4623491,7.1842233,1.5439649e-06,-8.4873032e-14,0,0,3.5866787,1.5732329,0.39733645,6.110925,0
1969.25,5.4831975,6.8789134,1.6315037e-06,0,-1.8817976e-08,0,3.7365136,1.5566541,0.39296547,5.8507592,0
1969.3333,4.7795256,6.782745,1.4351367e-06,0.14147049,0.0026525527,0.071202831,6.9647636,1.5228947,0.38326648,13.056296,5.6711018
1969.4167,8.2671903,7.3308805,1.274517e-06,0.70915129,0.019109928,0.62939942,10.108406,1.484467,0.37246513,7.117877,67.394593
1969.5,10.201891,7.6068961,1.1714434e-06,0.68311181,0.026447367,0.85218608,12.628006,1.4649996,0.36782929,7.3862614,29.760303
1969.5833,11.311911,7.9005323,1.0313183e-06,0.51366301,0.027604748,0.67056297,13.630404,1.4580462,0.36694854,7.6715199,29.821938
1969.6667,12.329873,8.1901317,8.7690262e-07,0.41393676,0.026431767,0.55553355,13.218168,1.4595813,0.3685168,7.9530566,31.5833
1969.75,13.321864,8.4801065,7.8997539e-07,0.16875205,0.01244421,0.22108938,12.651166,1.4676857,0.37233683,8.2349574,33.370235
1969.8333,14.257208,8.7264106,7.6805293e-07,0.0026527472,0.00011679669,0.003280681,12.263036,1.4811403,0.37765265,8.4741838,35.650265
1969.9167,13.463209,8.6097596,8.1951237e-07,0,0,0,12.305882,1.4993671,0.38435438,7.4630103,3.7412455
1970,11.119342,8.3233071,8.9613343e-07,0,0,0,12.511157,1.5198851,0.39256051,7.0811936,3.444858e-05
1970.0833,9.2871832,8.0303065,1.0053086e-06,0,0,0,12.726347,1.537601,0.4006663,6.8316303,0
1970.1667,7.8004766,7.7264239,1.0901858e-06,0,0,0,12.923196,1.5505226,0.40681672,6.5727967,0
1970.25,6.555411,7.4070189,1.1874945e-06,0,-2.5239446e-07,0,11.366058,1.5557039,0.40918666,6.300736,0
1970.3333,5.5668922,7.1251937,1.1794444e-06,0.039512963,0.0011509932,0.017933095,6.3630443,1.5486766,0.40553501,10.23791,0.004191922
1970.4167,9.0742977,7.6671746,1.0664476e-06,0.72227052,0.025887894,0.53174692,8.3242798,1.5328064,0.39692175,10.501315,92.818006
1970.5,12.43637,7.928092,9.4753437e-07,0.68038183,0.033539147,0.83103316,9.8554029,1.5304272,0.39331514,7.6982769,35.70966
1970.5833,13.690587,8.2241707,8.2035541e-07,0.57875266,0.036626044,0.73206928,10.850564,1.5397222,0.39469719,7.986086,35.901347
1970.6667,14.829023,8.514828,7.2046481e-07,0.37452293,0.027957364,0.43879697,11.340246,1.5561101,0.39913976,8.2686853,37.676038
1970.75,15.924351,8.799389,6.7941806e-07,0.026890149,0.001768582,0.034216422,11.506115,1.5778923,0.40597278,8.5453273,39.617404
1970.8333,15.694926,8.9481296,7.6007717e-07,0.0017589721,0,0,7.156888,1.6039975,0.41477647,7.8288786,7.192695
1970.9167,13.256914,8.8197198,8.574923e-07,0,0,0,5.0647049,1.6317211,0.42546082,7.5044523,0.0044223045
1971,10.911831,8.4631825,9.5440782e-07,0,0,0,5.1130457,1.6563729,0.43754542,7.2004392,0.0002033819
1971.0833,9.0941759,8.1057036,1.0536593e-06,0,0,0,5.1489196,1.6727394,0.44798079,6.8959727,0
1971.1667,7.6303491,7.746798,1.1544015e-06,0,0,0,5.1747112,1.6784452,0.45528156,6.5902821,0
1971.25,6.4133178,7.3820557,1.2154517e-06,0,0,0,5.2217937,1.6692401,0.45790985,6.2796071,0
1971.3333,5.4449677,7.0326906,1.0776763e-06,0.0010645898,4.6450314e-05,0,5.6824183,1.6373407,0.45369416,5.9820069,0
1971.4167,5.4306155,7.2357021,1.0841104e-06,0.43519739,0.028880305,0.27206778,6.2039866,1.5727825,0.44149867,14.721256,35.495309
1971.5,8.4389709,7.7107782,1.0440214e-06,0.64284552,0.055181726,0.66958678,6.6587634,1.5160776,0.42934564,7.486962,33.382427
1971.5833,9.87224,8.0065615,1.0014736e-06,0.52301234,0.057196043,0.6389325,7.4772563,1.48283,0.42355546,7.7745094,28.568568
1971.6667,10.964449,8.2984921,9.0820504e-07,0.38937711,0.051432143,0.45880449,8.1234522,1.463518,0.42181545,8.0582965,29.194262
1971.75,11.964731,8.5905502,8.4280822e-07,0.062153856,0.0060539178,0.039380382,8.5326281,1.4537179,0.42287117,8.3421746,30.496013
1971.8333,12.631617,8.8158026,8.4830907e-07,0.0026745961,0,0,8.5558834,1.4514292,0.42617655,8.1355627,18.969801
1971.9167,11.224343,8.8493573,8.9225273e-07,9.8600568e-05,0,0,8.6455088,1.4550045,0.43145308,7.5293204,0.0019277622
1972,9.598407,8.8044163,1.1126705e-06,3.6244237e-25,0,0,4.2288871,1.4599264,0.43767953,7.4908641,2.1891957e-05
1972.0833,8.2831532,8.719028,1.2008733e-06,0,0,0,3.7785046,1.4617244,0.44212088,7.4181223,0
1972.1667,7.1329139,8.5477959,1.2782426e-06,0,0,0,3.8000777,1.4570212,0.44312236,7.2722558,0
1972.25,6.0041063,8.1604514,1.3625695e-06,0,0,0,3.8274026,1.4416602,0.43890399,6.9422984,0
1972.3333,5.1287687,7.8339428,1.2274304e-06,0.0067177739,9.5727638e-05,0,4.1321177,1.4103534,0.42748535,6.9059358,7.090381e-07
1972.4167,5.372006,8.1656752,1.2075268e-06,0.4591558,0.036736658,0.28144528,4.466198,1.3609279,0.40842968,16.075902,45.198778
1972.5,8.865647,8.6257802,1.2129851e-06,0.74960014,0.080178721,0.83019779,4.9414473,1.3206825,0.39056388,8.3762964,32.882294
1972.5833,10.230903,8.933845,1.1448493e-06,0.62778196,0.088379537,0.82035076,5.6921988,1.2987841,0.37914535,8.6756533,29.459942
1972.6667,11.303243,9.2381332,9.81516e-07,0.39645363,0.069868807,0.50117679,6.2086616,1.2882402,0.37194985,8.9714049,30.213467
1972.75,12.308829,9.543363,8.7344154e-07,0.1168092,0.023256474,0.10792914,6.6942716,1.2856344,0.36767796,9.2680825,31.776724
1972.8333,13.304207,9.8290844,8.3753514e-07,0.0026681594,0.00056507131,0,7.047965,1.2894803,0.36578819,9.5458808,34.372681
1972.9167,12.724065,9.9281203,8.6375491e-07,1.186506e-05,0,0,7.1254368,1.2990084,0.36602503,8.486501,0.77960106
1973,10.829667,9.8816445,9.2298257e-07,0,0,0,7.2315173,1.3112139,0.36789617,8.4080339,0.00071981973
1973.0833,9.2933876,9.7857537,9.7241048e-07,0,0,0,7.3032393,1.3210038,0.36942595,8.3263501,6.9170713e-06
1973.1667,7.9994416,9.6521704,1.2234998e-06,0,0,0,4.1585522,1.3254104,0.36870193,8.2125584,0
1973.25,6.8776608,9.4849551,1.3121667e-06,0,1.7120668e-07,0,3.2603018,1.3208451,0.36387378,8.0701122,0
1973.3333,5.9461328,9.2959991,1.1231066e-06,0,2.2924703e-06,0,3.5196466,1.30234,0.35311016,7.909134,0
1973.4167,5.3023919,9.3916701,1.0878646e-06,0.28255855,0.022027162,0.1491257,3.7844598,1.2648451,0.33512938,18.618532,17.207428
1973.5,9.3744891,10.025355,1.0412031e-06,0.88506574,0.090139077,0.9038136,3.9632447,1.2263684,0.31594667,9.7362638,63.109419
1973.5833,11.166611,10.339987,9.9625447e-07,0.64787497,0.087924353,0.91203131,4.4790039,1.2067205,0.3028402,10.042325,33.828224
1973.6667,12.398471,10.654441,8.7933392e-07,0.51057355,0.084566607,0.7011737,4.9420872,1.1990891,0.29402354,10.347998,34.349836
1973.75,13.522515,10.969329,7.8582389e-07,0.076772227,0.01344985,0.088029763,5.354353,1.1995176,0.288019,10.65407,35.532114
1973.8333,14.40854,11.215883,7.809511e-07,0.00043381077,0,0,5.4584198,1.2062502,0.28428388,10.487738,26.632464
1973.9167,12.933771,11.220716,8.1805166e-07,0,0,0,5.5506754,1.2181448,0.28259727,9.54868,0.0022038612
1974,10.971551,11.118422,8.6805909e-07,0,0,0,5.649219,1.2314467,0.28247458,9.4611894,0.0017518064
1974.0833,9.3874438,10.968539,9.1850762e-07,0,0,0,5.6936035,1.2413659,0.28293291,9.3335191,0.00048569065
1974.1667,8.057504,10.781096,9.7021666e-07,0,0,0,5.7247458,1.2451228,0.2831215,9.1738547,0
1974.25,6.9071101,10.558694,1.1194014e-06,0,1.8481242e-07,0,3.9592724,1.2390176,0.28112456,8.9844022,0
1974.3333,5.9531676,10.315486,1.0599747e-06,0,2.1378262e-06,0,2.971699,1.2176458,0.27511325,8.7772117,0
1974.4167,5.2844863,10.366431,1.0379065e-06,0.32801426,0.024145714,0.21719488,3.2429426,1.1740123,0.26375493,20.989856,17.43233
1974.5,8.5989749,11.112801,1.026587e-06,0.92949433,0.089085494,1.1553782,3.5264068,1.1272317,0.25138345,10.793262,53.138483
1974.5833,10.528751,11.439967,9.4924661e-07,0.81314332,0.10421484,1.2885993,4.0337157,1.1012794,0.24348098,11.111365,34.676088
1974.6667,11.87012,11.764765,7.8339195e-07,0.5863969,0.092640583,0.93948877,4.3707438,1.0886906,0.23862581,11.427101,34.354212
1974.75,13.061142,12.090586,6.8147898e-07,0.1224775,0.019804234,0.15944054,4.7007995,1.0849395,0.23580492,11.74379,35.616412
1974.8333,14.165337,12.369978,6.7997394e-07,2.5389297e-05,0,0,4.7628598,1.0880507,0.23460649,11.86585,34.715876
1974.9167,13.119281,12.321535,7.1048845e-07,4.7566824e-12,0,0,4.8269768,1.0972136,0.23490852,10.485964,0.001961102
1975,10.791689,11.849306,7.8509328e-07,0,0,0,4.9346132,1.1096017,0.23633207,10.083373,0.0013948479
1975.0833,8.9564743,11.350328,8.622016e-07,0,0,0,5.0280056,1.1207505,0.23790157,9.6583516,0.00095862769
1975.1667,7.4682762,10.84306,9.4639825e-07,0,0,0,5.0965528,1.1281449,0.23944198,9.2262686,0
1975.25,6.2238686,10.320113,1.0218516e-06,0,0,0,5.0810409,1.1288732,0.23939997,8.780825,0
1975.3333,5.2483515,9.8470626,9.8478051e-07,7.554387e-08,3.1365009e-06,0,4.638485,1.118922,0.23591964,8.3778702,0
1975.4167,5.337717,10.066659,1.0024251e-06,0.45964543,0.053844139,0.33684181,3.7948098,1.095259,0.22795789,20.009713,59.962604
1975.5,10.291093,10.680129,9.5304188e-07,0.94704952,0.22700063,1.2657375,2.8741279,1.0752808,0.2200515,10.372161,40.623327
1975.5833,11.973645,11.018329,8.5462318e-07,0.82733421,0.2697535,1.2485446,2.6987741,1.071525,0.21566308,10.701184,36.508858
1975.6667,13.28108,11.352396,6.9407025e-07,0.47244992,0.17403249,0.68204077,3.2274129,1.0776387,0.21346319,11.02593,37.040788
1975.75,14.493446,11.686261,6.2804361e-07,0.10415886,0.033057969,0.14896646,3.8399105,1.0904666,0.21274894,11.350478,39.006414
1975.8333,15.605062,11.944951,6.2176235e-07,1.259152e-06,0,0,4.1259255,1.1087039,0.21323641,11.410899,36.547707
1975.9167,14.048284,11.675732,6.632086e-07,0,0,0,4.1632481,1.1317662,0.21484666,9.9356842,0.0014354167
1976,11.520184,11.223651,7.3094122e-07,0,0,0,4.2257776,1.1570387,0.21743456,9.550365,0.001218178
1976.0833,9.5572965,10.770566,8.0498972e-07,0,0,0,4.251246,1.1793438,0.22036776,9.1644671,0.00086948067
1976.1667,7.9693263,10.309416,8.8941613e-07,0,0,0,4.2501426,1.1970497,0.223483,8.7716974,0
1976.25,6.6439821,9.832764,9.4203051e-07,0,-2.2022043e-12,0,4.2472906,1.2078815,0.22533669,8.3657193,0
1976.3333,5.5849059,9.3626743,8.7708122e-07,0,-8.7408299e-05,0,4.0013709,1.2077316,0.2240831,7.9653186,0
1976.4167,7.2339545,9.684992,8.6715471e-07,0.65094306,0.27471281,0.49766404,3.6829388,1.1951523,0.21876706,19.083409,87.606912
1976.5,12.428961,10.147399,7.8807147e-07,0.87308684,0.43757452,1.1313908,3.5432124,1.1909215,0.21454783,9.8545763,42.115076
1976.5833,14.042588,10.482644,6.9621399e-07,0.7083021,0.39155153,1.0597535,3.8204706,1.200918,0.21361585,10.180527,40.571135
1976.6667,15.440463,10.811125,6.0102809e-07,0.50679908,0.29920238,0.75628008,4.172946,1.2192347,0.21463276,10.499916,42.437964
1976.75,16.797394,11.138089,5.4946241e-07,0.16360922,0.095848065,0.20502388,4.6350479,1.2438878,0.21708925,10.817797,44.868115
1976.8333,17.887967,11.35161,5.4691054e-07,8.2774488e-07,0,0,4.8337431,1.2737048,0.22066258,10.707294,36.709721
1976.9167,15.790513,11.085384,5.8875264e-07,0,0,0,4.8845782,1.3078507,0.22523269,9.4331072,0.0012584639
1977,12.925725,10.644043,6.4655012e-07,0,0,0,4.9711127,1.3430417,0.23070304,9.0570031,0.0010338171
1977.0833,10.691092,10.189883,7.0688247e-07,0,0,0,5.0290856,1.3726081,0.23617473,8.6704751,7.4668902e-05
1977.1667,8.8726161,9.7165378,7.7251491e-07,0,0,0,5.0736189,1.3944895,0.24073251,8.2674459,0
1977.25,7.3580318,9.2297802,8.2452311e-07,0,0,0,5.088819,1.4055916,0.24267064,7.8528697,0
1977.3333,6.1569531,8.761975,7.4666673e-07,0.0037090162,0.0012045283,0,4.7755027,1.4000604,0.24031559,7.4692783,0
1977.4167,6.3259201,8.9242803,7.5272339e-07,0.4864947,0.35053751,0.33553641,4.3111434,1.3741056,0.23284879,17.761628,69.718388
1977.5,11.851105,9.4665475,6.9312006e-07,0.84971426,0.67658173,1.0378238,3.9292371,1.3533292,0.22560434,9.1933153,44.767763
1977.5833,13.665733,9.781179,6.444065e-07,0.72222671,0.60251335,1.0640022,4.0981045,1.3518599,0.22261167,9.4992028,40.975226
1977.6667,15.152269,10.090263,5.8338833e-07,0.49205253,0.43694396,0.69272002,4.382843,1.3620251,0.22224376,9.7997361,42.34298
1977.75,16.55837,10.397117,5.4436441e-07,0.11416578,0.10160614,0.15420007,4.7105312,1.3805717,0.22371253,10.09809,44.743237
1977.8333,17.250618,10.489831,5.5177446e-07,1.5567371e-05,0,0,4.7679758,1.4059049,0.22661848,9.6451967,26.418126
1977.9167,14.692042,10.149801,6.0330109e-07,0,0,0,4.8242106,1.4365349,0.23083614,8.6367725,0.0010991549
1978,12.049322,9.740035,6.5834882e-07,0,0,0,4.8983951,1.4684354,0.23607254,8.2876732,0.00077462486
1978.0833,9.9967038,9.3268361,7.1676783e-07,-6.3270062e-08,0,0,4.9478254,1.4954284,0.24114248,7.9357948,0.00033286292
1978.1667,8.3372137,8.9058308,7.7971151e-07,0,0,0,4.9902,1.5154099,0.24576692,7.5772474,0
1978.25,6.9549531,8.4728422,7.7998112e-07,0,-1.3853124e-07,0,4.9278946,1.5251174,0.24834418,7.2084635,0
1978.3333,5.8801644,8.0895433,7.56963e-07,0.0080199653,0.0026010524,0,4.5945139,1.5185323,0.24707189,7.1348972,3.3670396e-06
1978.4167,6.4834864,8.4485123,7.5150962e-07,0.45570505,0.46078465,0.32483713,4.1418829,1.4942054,0.2416639,16.612309,73.477135
1978.5,12.643566,8.8389022,6.9158864e-07,0.76410811,0.87916654,0.94329163,3.770174,1.479489,0.23753642,8.5834029,54.086576
1978.5833,14.441615,9.138044,6.57817e-07,0.65156449,0.77434781,0.95678013,3.9010601,1.4834619,0.23686635,8.8743709,42.385379
1978.6667,15.959075,9.4340239,5.997403e-07,0.45047267,0.55417363,0.65688286,4.1497545,1.4989667,0.23828164,9.1621782,44.368038
1978.75,17.430039,9.7255297,5.5961368e-07,0.075398356,0.082621369,0.090523624,4.4160118,1.5231757,0.24124525,9.4456231,47.109698
1978.8333,17.65975,9.8897824,5.6495833e-07,0.0035593783,0,0,4.464942,1.5545299,0.24537623,8.772226,13.719705
1978.9167,15.110708,9.8445117,5.9347843e-07,0,0,0,4.5238123,1.5902948,0.25055975,8.3771236,0.00090237974
1979,12.779443,9.7289393,6.2556569e-07,0,0,0,4.5875945,1.6250858,0.25655472,8.2786401,0.00073216534
1979.0833,10.904578,9.5715504,6.485098e-07,0,0,0,4.6242161,1.6519384,0.26210973,8.1446474,0.00010470619
1979.1667,9.3338601,9.378314,6.7634613e-07,0,0,0,4.6560555,1.6677451,0.26657772,7.9800919,0
1979.25,7.9813302,9.1547584,6.9285937e-07,0,2.456558e-09,0,4.6579027,1.6665585,0.26823795,7.7896705,0
1979.3333,6.6738897,8.8195214,6.3377178e-07,1.6164053e-08,1.605673e-05,0,4.3171268,1.630329,0.2652373,4.0667021,0
1979.4167,4.0342738,8.7112887,6.6340493e-07,0.29068515,0.33186102,0.19318476,3.8434212,1.5339624,0.25653765,15.02862,17.510426
1979.5,7.1412134,9.1200192,6.9499254e-07,0.80017388,1.2146741,0.97755941,3.3102045,1.4476262,0.24676487,8.8566128,46.690818
1979.5833,9.1919266,9.4250636,6.927234e-07,0.58904638,0.92965709,1.0292673,3.2763453,1.3937607,0.24110639,9.1531084,32.027158
1979.6667,10.627444,9.73251,6.4637226e-07,0.45177423,0.72286279,0.69030421,3.472064,1.359651,0.23824263,9.4519165,32.295332
1979.75,11.94529,10.042503,6.0028424e-07,0.20107551,0.320452,0.31784505,3.7035773,1.3390589,0.23724265,9.7531868,34.333086
1979.8333,13.229375,10.339526,5.8700124e-07,0.012579399,0,0,3.7951405,1.3293943,0.23770347,10.041967,37.343466
1979.9167,13.084982,10.458309,5.9931943e-07,0,0,0,3.8111336,1.3293285,0.23943992,9.0615021,4.5481617
1980,11.162242,10.405906,6.2102271e-07,0,0,0,3.8679645,1.3356103,0.2420633,8.8544561,0.00043272489
1980.0833,9.585782,10.300337,6.4757722e-07,0,0,0,3.9023335,1.3428488,0.24445757,8.7645584,0
1980.1667,8.2549443,10.153791,6.7210192e-07,0,0,0,3.9334996,1.3473839,0.245682,8.6397468,0
1980.25,7.099336,9.9703027,6.8952011e-07,0,0,0,3.9501724,1.3453978,0.24401666,8.4834506,0
1980.3333,6.1397292,9.76332,6.2106091e-07,0,1.6962631e-05,0,3.7234015,1.3318865,0.23783948,8.3071057,0
1980.4167,5.3924895,9.8083243,6.2699945e-07,0.21875603,0.27085992,0.12853874,3.3867505,1.3015662,0.22609703,19.5179,8.6082526
1980.5,10.227927,10.457966,6.2623371e-07,0.91022987,1.6077675,1.1494321,3.0178125,1.2692045,0.2127891,10.157022,90.853287
1980.5833,13.03512,10.752912,6.1404654e-07,0.78184739,1.4102163,1.3151874,3.0434384,1.2569269,0.20378831,10.443922,42.4659
1980.6667,14.666929,11.062689,5.6732125e-07,0.47284194,0.86987917,0.77398813,3.22191,1.2588841,0.19808885,10.744937,43.227449
1980.75,16.003458,11.40003,5.3824016e-07,0.14676786,0.26846914,0.15781324,3.4201362,1.2708104,0.19648118,11.071407,45.835793
1980.8333,16.980221,11.701695,5.355227e-07,0.00091263482,0.0018705204,0,3.5539899,1.2910293,0.19649738,10.910043,34.170137
1980.9167,14.953348,11.752963,5.5737956e-07,0,0,0,3.5814078,1.3171768,0.19573095,9.9998848,0.00034413508
1981,12.318759,11.698913,5.8009704e-07,0,0,0,3.6211364,1.3431784,0.19383441,9.9534685,0.00026280429
1981.0833,10.19928,11.599908,6.0615412e-07,0,0,0,3.6439559,1.3625869,0.19124252,9.8688743,0.00026837377
1981.1667,8.4263468,11.467747,6.3153612e-07,0,0,0,3.6618884,1.3722503,0.18820389,9.7560578,0
1981.25,6.9024372,11.307099,6.3609832e-07,0,0,0,3.6521668,1.3679472,0.18504192,9.618985,0
1981.3333,5.6522628,11.129792,5.774329e-07,0,9.8480985e-06,0,3.3986297,1.3439952,0.1823004,9.467741,0
1981.4167,5.3907922,11.43846,5.9690018e-07,0.52857478,0.98247943,0.47618038,3.0580025,1.2937208,0.18005459,22.206003,54.895763
1981.5,10.158458,12.176764,5.770267e-07,1.0038211,2.107157,1.3960883,2.7798228,1.2440823,0.17958772,11.823922,50.726104
1981.5833,12.227848,12.62686,5.6220426e-07,0.8723325,1.8341745,1.5050023,2.8193111,1.2183754,0.18061559,12.261377,43.950797
1981.6667,13.830109,13.075303,5.2745469e-07,0.54879229,1.1607279,0.92876155,2.9957232,1.2091541,0.18217897,12.697128,45.170194
1981.75,15.346682,13.527149,5.0638482e-07,0.10899511,0.21211919,0.17350985,3.2500653,1.2126951,0.1837967,13.136327,48.36965
1981.8333,16.299795,13.880312,5.0518958e-07,1.0823736e-05,7.0938423e-08,0,3.3935316,1.227968,0.18524198,12.792918,26.696002
1981.9167,14.079729,13.976933,5.2596749e-07,2.5817848e-24,0,0,3.4217491,1.253389,0.18665712,12.215529,1.2417757
1982,11.692259,13.957303,5.4207811e-07,0,0,0,3.4477315,1.2841976,0.18806364,11.874965,1.1353178
1982.0833,9.7394781,13.861724,5.6332624e-07,0,0,0,3.4659328,1.3134108,0.18902592,11.793469,0.00023715628
1982.1667,8.0682095,13.719029,5.8417368e-07,0,0,0,3.4792662,1.3380054,0.18865672,11.671847,0
1982.25,6.6240984,13.535128,5.8357722e-07,0,2.2983834e-06,0,3.4855607,1.3533391,0.18564671,11.515128,0
1982.3333,5.3364276,13.308504,5.1894904e-07,0,3.4428765e-05,0,3.3222792,1.348557,0.17904957,9.9482246,0
1982.4167,3.8939237,13.050947,5.3540396e-07,0.24181667,0.54927195,0.19519263,3.0683987,1.2910179,0.16831045,25.374949,1.4856623
1982.5,6.4069573,14.268748,5.2262851e-07,1.2540772,2.9263412,1.744636,2.811723,1.2119586,0.15710419,13.85636,69.56972
1982.5833,9.5359311,14.754448,4.9583946e-07,0.97805499,2.2590854,1.7724746,2.8611593,1.1688248,0.15087253,14.328509,45.950328
1982.6667,11.64672,15.240729,4.5938665e-07,0.5843108,1.3762006,1.0778569,3.0618336,1.1509619,0.14762186,14.801203,46.066551
1982.75,13.646541,15.72746,4.3074576e-07,0.15277499,0.30194817,0.20014524,3.293855,1.1517838,0.1459778,15.27432,50.78511
1982.8333,15.04363,16.125441,4.2867393e-07,0.0003460837,0,0,3.3087232,1.1696609,0.14529115,15.041947,27.973686
1982.9167,13.127392,16.290398,4.4226252e-07,0,0,0,3.3283737,1.2032849,0.14543283,17.333267,3.0146919
1983,11.111584,16.54424,4.5066864e-07,0,0,0,3.3373783,1.2470313,0.14659363,14.874003,3.5355629
1983.0833,9.3564177,16.4432,4.6476305e-07,0,0,0,3.3472354,1.2918121,0.1488618,13.991555,0.00020586025
1983.1667,7.7589052,16.250549,4.788206e-07,0,0,0,3.3544872,1.3346869,0.15093948,13.827447,8.688621e-05
1983.25,6.384904,16.005483,4.8442217e-07,0,3.2812678e-06,0,3.3649855,1.3713276,0.15111615,13.618696,0
1983.3333,5.2205035,15.723379,4.3571467e-07,0,6.1054552e-05,0,3.2626724,1.3850302,0.14790815,13.37839,0
1983.4167,5.9829038,16.110241,4.4240178e-07,0.84139924,1.9212416,0.72884066,3.0797257,1.360144,0.14086808,28.649834,121.97398
1983.5,15.337866,16.862568,3.9374504e-07,1.4841366,3.3573743,2.069215,3.0686653,1.3293642,0.13610339,16.377662,67.881876
1983.5833,18.147547,17.364325,3.4495304e-07,0.97438189,2.2221981,1.6087419,3.5175393,1.3186038,0.13577406,16.865471,65.828317
1983.6667,20.726949,17.859196,3.0318981e-07,0.65331205,1.4841348,0.96282675,4.3156853,1.3260254,0.13758428,17.34657,71.931783
1983.75,23.480147,18.351991,2.8575147e-07,0.16771961,0.37746808,0.16706417,5.3587503,1.3500172,0.14062558,17.825593,80.929172
1983.8333,24.438897,18.674282,2.861606e-07,8.6758016e-05,0,0,5.6353674,1.390779,0.14436713,16.979001,26.335843
1983.9167,20.738455,18.708175,2.9777465e-07,0.00012997676,0,0,5.6909041,1.4464976,0.14870004,19.054087,4.0167317
1984,17.352939,18.785128,3.0770343e-07,0,0,0,5.7286487,1.5103621,0.15389112,16.477899,2.7822512
1984.0833,14.403414,18.512128,3.2087411e-07,0,0,0,5.7563176,1.5708756,0.15958025,15.753748,0.00021039399
1984.1667,11.882933,18.166531,3.3444667e-07,0,0,0,5.7756824,1.623348,0.16431724,15.459453,4.3786895e-05
1984.25,9.7247744,17.769849,3.3316846e-07,0,1.6229809e-08,0,5.7576418,1.662599,0.16660346,15.121613,0
1984.3333,7.9622865,17.341234,2.9656536e-07,0,5.0726974e-05,0,5.3960676,1.6628855,0.1649604,14.756557,0
1984.4167,8.6566778,17.684707,3.0636184e-07,0.97936622,1.7228969,0.64816957,4.9407854,1.6136414,0.15910561,32.995103,145.45731
1984.5,20.031767,18.534411,2.8053842e-07,1.5785561,3.4028201,1.5695008,4.7242718,1.5612066,0.15551561,18.003251,90.942539
1984.5833,23.753516,19.028218,2.6124818e-07,1.1470051,2.5249997,1.4429797,5.3818259,1.5316019,0.15607385,18.483367,86.264111
1984.6667,27.138522,19.51417,2.2827831e-07,0.84518645,1.8572768,1.1104435,7.1909113,1.522867,0.15807214,18.955815,94.58511
1984.75,30.825652,19.998109,2.1053989e-07,0.25308242,0.5276449,0.29771849,10.686899,1.5334828,0.16068311,19.426254,107.36379
1984.8333,32.36378,20.283064,2.1216196e-07,0.0030611567,0,0,12.112329,1.5637939,0.16345483,18.297191,37.845384
1984.9167,27.373677,20.179734,2.2135946e-07,4.1282125e-05,0,0,12.269232,1.6124935,0.16633482,17.568582,2.1230122
1985,22.580719,19.905223,2.3109415e-07,0,0,0,12.422158,1.6722512,0.16931748,16.940639,1.4715354
1985.0833,18.71359,19.530179,2.4075297e-07,0,0,0,12.538998,1.7312528,0.17191391,16.621247,0.35006033
1985.1667,15.414557,19.082399,2.5171232e-07,0,0,0,12.608958,1.785305,0.17358904,16.239923,0.0001237878
1985.25,12.589118,18.549029,2.6021397e-07,0,1.6313362e-06,0,12.515346,1.8253803,0.17294131,14.503599,0
1985.3333,10.256302,17.934745,2.4620877e-07,0,4.5222927e-05,0,10.632667,1.8128229,0.16880351,15.241841,0
1985.4167,8.282138,17.550858,2.6014587e-07,0.26093633,0.093180132,0.11367934,8.0382156,1.7278577,0.16121891,35.002102,1.4464887
1985.5,12.883641,18.897556,3.2284086e-07,1.778732,1.3054927,1.2336263,4.7072105,1.618397,0.15560296,18.356849,132.38687
1985.5833,19.036341,19.335674,3.6699711e-07,1.3236133,2.3880291,1.2476203,3.7976449,1.5461088,0.15525185,18.782865,86.600618
1985.6667,22.789424,19.802969,3.5286004e-07,0.81177415,1.7866579,0.79341796,4.9517169,1.5015048,0.15542898,19.237154,86.56534
1985.75,26.363607,20.267984,3.3056989e-07,0.20686876,0.44417884,0.18642803,6.9720001,1.4768609,0.15560646,19.689175,94.54666
1985.8333,28.556397,20.547651,3.3136956e-07,0.0015023303,0,0,7.5083442,1.4699571,0.15564971,18.632464,46.701216
1985.9167,24.476387,20.383382,3.4828787e-07,0,0,0,7.6505127,1.4774184,0.15520562,17.348408,0.00031665395
1986,20.168962,20.058971,3.6860985e-07,0,0,0,7.8043499,1.491729,0.15466313,17.072026,0.00022515242
1986.0833,16.711505,19.660614,3.8835654e-07,0,0,0,7.9419594,1.5061752,0.15447089,16.732762,0.00024893022
1986.1667,13.826354,19.199999,4.0906832e-07,0,0,0,8.0582895,1.517135,0.15438823,16.340474,0.00012231403
1986.25,11.350203,18.678479,4.2517462e-07,0,2.4881436e-06,0,8.119524,1.5198659,0.15430671,15.89631,0
1986.3333,9.322091,18.125735,4.0655175e-07,0,7.0592299e-05,0,7.0578327,1.5061752,0.15413807,15.425563,0
1986.4167,8.2230642,18.164821,4.5730357e-07,0.67455591,0.27917198,0.31243722,5.3271608,1.4575305,0.15384626,37.459724,57.749696
1986.5,20.60676,19.354137,5.0713379e-07,1.8032424,2.1761948,1.4425594,3.2551188,1.4064038,0.15380067,18.801118,184.20958
1986.5833,26.741453,19.80944,4.8457105e-07,1.2842959,2.8359363,1.3314228,3.5364234,1.3907346,0.15407932,19.243859,113.44729
1986.6667,32.006431,20.263955,4.0144604e-07,0.72989988,1.6382945,0.78561994,5.0961561,1.4021194,0.15460475,19.685763,128.06382
1986.75,37.707537,20.674404,3.6101758e-07,0.1104716,0.22922387,0.075757512,7.6690593,1.4395599,0.15519567,19.599407,119.06261
1986.8333,35.064396,20.662405,3.7023159e-07,0.01199505,0,0,8.3189735,1.5065904,0.15573239,17.906168,4.1245135
1986.9167,29.136926,20.387722,3.9376908e-07,0.00057281596,0,0,8.5215178,1.6003041,0.15632553,17.491071,0.41920836
1987,23.917304,19.973081,4.2009478e-07,0,0,0,8.6904716,1.7104217,0.15674791,16.999511,0.00022803802
1987.0833,19.74077,19.493161,4.4233573e-07,0,0,0,8.8259487,1.8183532,0.1557547,16.590846,0.00025428379
1987.1667,16.244112,18.954862,4.6408829e-07,0,0,0,8.9392004,1.9191945,0.15234594,16.132446,0.0001252122
1987.25,13.205887,17.974196,4.6844843e-07,0,4.2212371e-06,0,9.0306931,1.9915216,0.14571567,5.6767216,0
1987.3333,10.715093,16.697185,4.1639748e-07,0.0022180637,6.4719374e-05,0,9.032814,1.9957621,0.13547042,6.8896408,4.3370927e-12
1987.4167,11.111565,17.194595,4.2852108e-07,1.0273238,0.77206675,0.73920037,7.9541569,1.950857,0.1238426,40.795617,143.3902
1987.5,30.882359,18.148931,3.966104e-07,1.5514656,2.9555491,1.9271255,7.9538512,1.932514,0.11664254,17.629733,268.8764
1987.5833,42.810444,18.645748,3.3817932e-07,1.2523469,3.1388086,1.7607072,10.727285,1.9751234,0.11333229,18.111624,215.54624
1987.6667,53.451855,19.166302,2.7019388e-07,0.73997781,1.8605784,0.9818758,15.560859,2.0770943,0.11199181,18.617403,231.23349
1987.75,59.545159,19.555336,2.3963042e-07,0.36850927,0.92674763,0.44532646,22.452236,2.2308679,0.11174682,18.730527,111.30407
1987.8333,51.887818,19.702639,2.439514e-07,0.0054297702,1.0877566e-06,0,27.041615,2.4294655,0.1121392,17.525318,7.6239018
1987.9167,43.332029,19.683195,2.5747286e-07,0.00025650049,0,0,27.661089,2.6664152,0.11299472,19.120883,4.6808558
1988,35.652313,19.658117,2.7234123e-07,0.00055418747,0,0,28.250225,2.9360788,0.11450514,17.231685,2.0852093
1988.0833,29.426858,19.390548,2.8665082e-07,9.5556878e-05,0,0,28.772989,3.2108917,0.11678986,16.648586,0.57784954
1988.1667,24.115117,19.022848,3.0097402e-07,0,0,0,29.23653,3.4944046,0.11899798,16.188623,9.2596715e-05
1988.25,19.538768,18.583296,3.0828917e-07,0,1.5813591e-05,0,29.500927,3.7832739,0.11957162,15.814161,0
1988.3333,15.761411,18.07091,2.9228653e-07,0.029575343,0.0037995108,0,29.364319,4.0072742,0.11715356,16.35628,0.099530905
1988.4167,19.203894,18.122179,3.1345516e-07,1.3933658,0.60841194,1.084729,29.089529,4.1209249,0.11236623,20.715723,241.3738
1988.5,45.711696,18.370813,2.9326279e-07,1.7882958,1.6536565,2.1500392,28.226772,4.2109323,0.11098707,17.843463,410.41036
1988.5833,64.014405,18.631283,2.6719752e-07,1.2156467,2.2458856,1.5370883,28.671942,4.3181057,0.11235172,18.096765,271.54296
1988.6667,69.413766,18.886961,2.5354481e-07,0.76241679,1.8791457,0.94638864,32.248127,4.448791,0.11454948,18.345308,162.84488
1988.75,64.01144,19.091735,2.5266976e-07,0.10369301,0.25587749,0.11103531,37.393669,4.6053972,0.11695387,17.297507,26.690042
1988.8333,53.656783,19.120269,2.671342e-07,5.3317647e-05,0,0,38.512192,4.7812228,0.11922106,16.978607,9.3369669
1988.9167,43.587245,18.619642,2.8778993e-07,3.9266978e-08,0,0,39.007843,4.9624581,0.12140821,16.683288,1.0032589
1989,35.208091,18.249825,3.0516145e-07,0.00052371838,0,0,39.064972,5.1371899,0.12355438,15.547886,0.2003962
1989.0833,28.554702,17.755304,3.3222176e-07,0,0,0,38.508259,5.2676692,0.12481801,15.108493,0.00017289627
1989.1667,23.292644,17.377516,3.4905682e-07,0,0,0,38.789955,5.3623514,0.12424134,14.509131,0
1989.25,18.817339,16.632732,3.6552876e-07,0,2.9609834e-06,0,38.879665,5.4090776,0.12136343,6.8435536,0
1989.3333,15.18011,15.6898,3.8375507e-07,0,6.5708737e-05,0,37.698612,5.3780971,0.11576932,6.4607728,0
1989.4167,12.456021,15.466502,4.2004569e-07,0.46984998,0.090966732,0.34655719,36.044567,5.2881603,0.10766991,32.635946,31.165254
1989.5,23.70692,16.717186,4.1936414e-07,1.2936246,0.44902906,1.8585951,31.713762,5.198916,0.10121731,16.235669,259.26415
1989.5833,38.588159,17.032772,3.8765589e-07,1.1836172,0.71220073,1.8334195,25.976784,5.1529064,0.098922312,16.542367,240.99444
1989.6667,47.973003,17.345706,3.6275122e-07,0.84016206,0.77993154,1.2782865,20.91815,5.1537166,0.09881071,16.84649,164.53934
1989.75,47.809687,17.653463,3.6181419e-07,0.28013071,0.29936641,0.4148696,16.974716,5.1973844,0.099725001,16.720154,50.992412
1989.8333,41.145824,17.852416,3.7990353e-07,6.875651e-06,0,0,15.784745,5.277915,0.10097609,16.044682,10.766867
1989.9167,34.700353,17.909072,4.0282185e-07,1.197591e-05,0,0,15.887813,5.3871531,0.10241395,16.92555,7.9391524
1990,28.567728,17.872499,4.2390496e-07,0,0,0,15.815001,5.5144405,0.10423982,15.479791,1.0663418
1990.0833,23.465857,17.647291,4.5112895e-07,0,0,0,15.778705,5.6373615,0.10628285,15.016201,0
1990.1667,19.176563,17.35088,4.7903126e-07,0,0,0,15.690564,5.7433548,0.10745688,14.535254,0
1990.25,15.500741,16.696276,5.0440963e-07,0,2.4770088e-07,0,15.585299,5.8183718,0.10645432,7.3199968,0
1990.3333,12.466235,15.910972,5.2295627e-07,0,5.1109122e-05,0,11.796346,5.8323922,0.10245449,8.8801698,0
1990.4167,12.738538,16.349362,5.9000087e-07,1.0080606,0.33191228,1.5220613,4.8272738,5.791132,0.095984966,31.771528,124.50406
1990.5,28.888144,17.125085,6.9605858e-07,1.5633182,1.3474825,2.7166421,3.3312418,5.7620163,0.092553221,16.631467,269.67951
1990.5833,42.816918,17.499382,5.6086418e-07,1.2090715,2.4079084,2.1013226,4.0350032,5.7772799,0.092750438,16.99558,199.5
1990.6667,46.563715,17.8717,4.6562755e-07,0.72404388,1.5845611,1.2211364,4.0846395,5.8292398,0.094579309,17.357502,114.61417
1990.75,44.260122,18.238764,4.0727167e-07,0.19942413,0.42196174,0.31343166,4.4584489,5.9113612,0.097241819,17.343189,36.701896
1990.8333,38.403083,18.518388,4.1045033e-07,0.0089035835,0,0,4.6064401,6.0198498,0.10029866,17.105076,18.892361
1990.9167,32.600474,18.632699,4.3164914e-07,0,0,0,4.4874077,6.1507425,0.1036875,19.169662,5.2573904
1991,26.85941,18.769344,4.4816767e-07,0,0,0,4.2921557,6.2948971,0.10771237,16.687793,3.1174213
1991.0833,22.140719,18.562427,4.7200805e-07,0,0,0,4.1091294,6.4184875,0.11239859,15.799031,0.00030689535
1991.1667,18.106403,18.230936,4.9295363e-07,0,0,0,3.9537618,6.5229292,0.11658463,13.443883,6.3044053e-05
1991.25,14.671743,17.541556,4.9832727e-07,0,7.6065982e-06,0,3.9197829,6.5935478,0.11866426,9.8907236,0
1991.3333,11.834971,16.818665,4.4321902e-07,0.0014039015,9.0708491e-05,0,5.3623953,6.6151094,0.11721729,10.076439,0
1991.4167,10.970692,17.279604,4.0669676e-07,0.90878549,1.6313159,1.4206193,7.4324379,6.6050038,0.1119489,34.370637,92.809883
1991.5,23.731638,18.16006,2.8845446e-07,1.5890856,3.5813792,2.9487921,11.028651,6.6267109,0.10875197,17.637777,205.33293
1991.5833,33.269301,18.58745,2.1059344e-07,1.2248131,2.7791777,2.3020259,17.45826,6.6922431,0.10975126,18.053311,156.47807
1991.6667,38.202122,19.008789,1.7423626e-07,0.81895995,1.8755642,1.5500301,25.684217,6.7872386,0.11299171,18.462965,109.42579
1991.75,37.295524,19.427132,1.6495743e-07,0.17932905,0.40324059,0.26249982,34.071087,6.9072485,0.11759062,18.78148,44.949206
1991.8333,33.395421,19.759996,1.6844263e-07,0.0016076665,0,0,35.95602,7.0475817,0.1229962,18.285278,20.411012
1991.9167,28.300093,19.899206,1.7561588e-07,1.0124172e-05,0,0,36.414722,7.2048235,0.12915653,21.894216,6.1057901
1992,23.713971,20.187704,1.8382316e-07,0.0003145593,0,0,36.834164,7.3757925,0.13637738,18.001021,4.8036148
1992.0833,19.681731,19.970765,1.9128123e-07,4.1823477e-07,0,0,37.245087,7.542727,0.14415023,16.995322,0.00034512676
1992.1667,16.185718,19.653166,1.9891499e-07,1.0035389e-08,0,0,37.607586,7.7063441,0.15111962,16.724862,0
1992.25,13.179561,19.256728,2.0254016e-07,0,9.6436802e-06,0,37.086761,7.8616018,0.15574269,16.387215,0
1992.3333,10.733062,18.783823,1.911677e-07,0.049708632,0.0091442274,0.00068912775,35.052338,7.908071,0.15618967,17.476002,1.101078
1992.4167,16.629787,19.378472,2.025694e-07,1.7766524,1.0119879,1.4637923,35.628242,7.7653685,0.15356825,26.81073,201.08883
1992.5,29.045014,19.789066,2.1992092e-07,1.8690552,1.5245906,2.314368,38.779469,7.5740123,0.15476175,19.222418,183.05925
1992.5833,36.752909,20.206174,2.4036072e-07,1.3090773,1.1113576,1.9547169,44.831306,7.4050756,0.15920791,19.627569,134.19824
1992.6667,39.210387,20.615324,2.6117215e-07,0.72036679,0.62314614,1.0313003,52.141045,7.2763186,0.16516022,20.025383,89.461532
1992.75,37.71884,21.016052,2.6411112e-07,0.11105152,0.091157753,0.14635123,57.144428,7.179822,0.17191052,20.178786,50.213854
1992.8333,35.023037,21.283252,2.7311859e-07,0.0012559926,0,0,58.676636,7.1109052,0.1790368,19.72369,34.827883
1992.9167,29.955467,21.225061,2.8752945e-07,9.8487616e-12,0,0,59.103619,7.0665412,0.18659769,20.013407,4.0351173
1993,24.800261,21.079665,3.0268333e-07,0.0028213584,0,0,59.49939,7.0405164,0.19483623,18.033109,1.0336793
1993.0833,20.465735,20.700963,3.2054683e-07,4.3584024e-10,0,0,59.457043,7.0250258,0.20247814,17.617918,0
1993.1667,16.852096,20.262962,3.4102101e-07,0,0,0,57.436432,6.9958558,0.20775285,17.244882,0
1993.25,13.720526,19.75714,3.5467824e-07,0,9.5830109e-06,0,56.957054,6.952765,0.209765,16.814053,0
1993.3333,11.110106,19.155247,3.6636706e-07,0.00012671423,5.2038238e-05,0,55.633419,6.8854823,0.20735613,14.677056,0
1993.4167,11.645215,19.399691,4.1640368e-07,1.1378397,0.3246685,0.97137221,57.466564,6.774951,0.20034277,33.936652,136.83917
1993.5,25.442449,20.107929,4.4271172e-07,1.864058,0.64390029,2.845936,57.728329,6.6691527,0.195859,19.536003,189.96099
1993.5833,34.055073,20.519044,4.5550317e-07,1.3642085,0.53489393,2.2391973,57.062424,6.5945768,0.19608122,19.933996,145.44158
1993.6667,38.619094,20.922953,4.4839121e-07,0.8749011,0.38189901,1.4017686,55.002575,6.5519071,0.19877054,20.326248,112.62166
1993.75,39.95081,21.323927,4.0834215e-07,0.36995222,0.16958484,0.59978365,50.697071,6.5345602,0.20293556,20.596227,85.076231
1993.8333,39.021723,21.656908,3.947475e-07,0.046298886,0,0,48.366901,6.5397587,0.20796964,20.491742,54.460623
1993.9167,33.922017,21.655327,4.1521079e-07,0,0,0,48.51366,6.5674057,0.21369272,21.669394,5.0161945
1994,28.228762,21.637022,4.3621239e-07,0,0,0,48.406593,6.6115656,0.22040546,18.96652,3.3677969
1994.0833,23.37339,21.255964,4.6172505e-07,0,0,0,48.701836,6.6605506,0.22759455,18.090856,0.00031814002
1994.1667,19.217407,20.77732,4.871207e-07,0,0,0,48.910065,6.7081881,0.23388734,17.683206,0
1994.25,15.648356,20.181797,5.1231586e-07,0,6.2040564e-06,0,48.914448,6.7444081,0.23769556,15.557271,0
1994.3333,12.731111,19.410603,5.2706008e-07,6.7686475e-08,9.3859551e-05,0,47.380054,6.7452426,0.23736005,12.901917,0
1994.4167,11.636635,19.584535,5.3647921e-07,0.90434693,0.29520154,1.0130008,44.499535,6.7002711,0.23239791,37.528918,93.621538
1994.5,25.315855,20.40961,4.4283968e-07,1.6892211,0.6917248,3.0841922,36.112892,6.6728859,0.22959127,19.825695,207.68123
1994.5833,33.220559,20.822266,3.8231073e-07,0.98982838,0.46595618,2.0068927,31.49736,6.6852474,0.23183158,20.227027,134.00962
1994.6667,38.50209,21.238809,3.4235444e-07,0.86867061,0.52262205,1.5826465,28.947676,6.7240071,0.23656918,20.632077,143.10005
1994.75,42.854037,21.625919,3.0665626e-07,0.16422108,0.11531537,0.30066851,26.158205,6.7897668,0.24306437,20.499806,105.31215
1994.8333,38.833074,21.708641,3.1560469e-07,0.0028857796,0,0,25.911793,6.8883052,0.25061226,19.400445,7.107481
1994.9167,32.613911,21.580631,3.3536321e-07,0,0,0,25.956556,7.0158048,0.25912672,21.644463,7.6246344
1995,27.063856,21.453144,3.5409474e-07,0,0,0,25.623791,7.1515217,0.26864749,18.441554,1.1982442
1995.0833,22.287736,20.996738,3.7382077e-07,0,0,0,25.656912,7.2802749,0.27760407,17.870435,0
1995.1667,18.301282,20.469634,3.9387868e-07,0,0,0,25.528399,7.3985672,0.2844232,17.421509,0
1995.25,14.896212,19.665651,4.03569e-07,0,2.127077e-06,0,24.670801,7.4774513,0.28758708,11.199496,0
1995.3333,12.135239,18.804276,3.3661053e-07,0,4.2632226e-05,0,20.393116,7.4520397,0.28603411,14.702021,0
1995.4167,10.420389,18.624811,3.7047647e-07,0.57606374,0.42927336,0.61427631,19.511103,7.2853007,0.28113168,28.867234,53.520394
1995.5,25.623869,19.15906,3.21431e-07,1.698401,1.8093639,2.5292914,15.506667,7.0673323,0.28171784,18.610959,272.82457
1995.5833,35.431117,19.550165,2.9400155e-07,1.3809673,1.5688562,2.3443033,12.623529,6.8755889,0.29199582,18.991144,142.94436
1995.6667,40.375184,19.971924,2.8363718e-07,0.9666118,1.1522205,1.7287918,10.904664,6.7262311,0.30447087,19.401299,132.29714
1995.75,43.818716,20.385681,2.5457913e-07,0.26853792,0.3203832,0.43670127,9.2984209,6.6120949,0.3174687,19.750752,120.14032
1995.8333,42.856369,20.572154,2.5338795e-07,0.025418726,0,0,8.9978256,6.5321245,0.33046165,18.381023,28.707202
1995.9167,35.612211,20.181101,2.6926466e-07,1.1021426e-11,0,0,8.9908199,6.4853415,0.34354338,17.572882,4.09518
1996,28.599065,19.326335,2.8715132e-07,1.7715317e-09,0,0,8.8976908,6.4587736,0.35689834,16.44819,0.31375486
1996.0833,23.267394,18.658129,3.0575097e-07,3.3518059e-11,0,0,8.8301802,6.4427414,0.3681711,15.879103,0.00033260662
1996.1667,19.16093,18.211698,3.2253564e-07,0,0,0,8.788662,6.425714,0.37626263,15.498897,0
1996.25,15.637759,17.690873,3.3242549e-07,0,2.5771325e-07,0,8.6259279,6.398726,0.38018516,13.259159,0
1996.3333,12.753641,16.664926,3.0588103e-07,0.019031156,0.0082996602,0,7.7934136,6.3227906,0.37843275,7.9385949,0.00010876258
1996.4167,16.522769,17.179796,3.2557523e-07,1.327796,1.5704182,1.6382549,8.2878189,6.1998143,0.37198183,30.152808,216.13559
1996.5,31.376816,17.614398,3.3951829e-07,1.5688969,2.2033134,3.1308621,13.526457,6.1163397,0.36984089,17.111133,168.82027
1996.5833,39.431129,18.042885,3.399509e-07,1.1278173,1.8875052,2.4080633,24.106571,6.082624,0.37213886,17.527308,169.72512
1996.6667,47.154423,18.46634,3.3690097e-07,0.70123816,1.2595543,1.4257313,37.224358,6.0973501,0.37679905,17.938899,183.59362
1996.75,50.515302,18.757606,3.1593484e-07,0.16056649,0.27374903,0.30755786,45.590221,6.1618624,0.38297176,17.196176,70.431106
1996.8333,43.139353,18.762771,3.2809876e-07,0.014524453,0,0,47.081055,6.2749338,0.39013854,16.659456,6.8798615
1996.9167,36.040086,18.63634,3.4573551e-07,4.7372253e-20,0,0,47.878262,6.4270244,0.3981995,18.483941,5.1500117
1997,29.699272,18.51129,3.5844278e-07,0,0,0,48.110458,6.6081824,0.40686768,15.754427,0.00084504643
1997.0833,24.456037,18.120976,3.7679638e-07,0,0,0,48.7159,6.794086,0.41418394,15.422079,6.5247815e-05
1997.1667,20.096973,17.663466,3.989397e-07,0,0,0,49.032162,6.9732442,0.41865629,13.854557,0
1997.25,16.379399,16.772328,4.2005402e-07,0,1.3733818e-05,0,48.98735,7.1036453,0.41892648,6.5604935,0
1997.3333,13.387887,16.008489,4.3472329e-07,0.19134626,0.090526569,0.057621511,48.183506,7.1548738,0.41319355,25.045738,2.6642361
1997.4167,21.910077,16.856108,4.1582643e-07,1.5620403,1.2288433,2.8309971,45.42297,7.1906862,0.40525809,16.372503,300.45184
1997.5,44.287477,17.082307,3.1388791e-07,1.465735,1.2218059,3.4992167,37.243717,7.2820539,0.40410659,16.592497,319.58034
1997.5833,57.570394,17.327007,2.5772522e-07,1.0458128,0.89707119,2.6419141,33.952595,7.4349089,0.40779155,16.830502,219.84616
1997.6667,61.226167,17.566526,2.2745715e-07,0.72142962,0.63492099,1.8072036,33.555401,7.6315265,0.41438976,17.063594,147.70209
1997.75,58.495697,17.791009,2.0776297e-07,0.20700232,0.18068337,0.44858456,34.212292,7.8653626,0.42323804,16.712017,43.850358
1997.8333,49.947586,17.904125,2.1597042e-07,0.0063973884,0,0,34.928921,8.1298046,0.43374816,16.194404,11.379904
1997.9167,41.981388,17.886424,2.2853099e-07,0,0,0,35.289978,8.4165869,0.44565049,18.904594,8.2716447
1998,34.773201,17.919678,2.4030587e-07,0,0,0,35.447544,8.7197924,0.45860183,15.250694,0.00050699734
1998.0833,28.683752,17.598517,2.5330183e-07,0,0,0,35.737457,9.0099468,0.47022241,14.977208,0
1998.1667,23.601728,17.210454,2.6663892e-07,0,0,0,35.929668,9.2885056,0.47880879,14.646718,0
1998.25,19.248148,16.663779,2.7941601e-07,0,2.7256955e-07,0,35.841087,9.5413628,0.48263365,10.592368,0
1998.3333,15.709545,15.783144,2.7519127e-07,0,1.5312987e-05,0,36.293079,9.7090282,0.47921908,7.872732,0
1998.4167,12.980023,15.328426,2.802777e-07,0.35301471,0.11075346,0.57070244,38.792458,9.7785387,0.46648297,26.547284,16.002242
1998.5,22.373235,16.193274,2.6731482e-07,1.4670496,0.62737175,3.3118183,37.669746,9.8169928,0.45169342,15.729649,262.73414
1998.5833,35.648815,16.451875,2.4205872e-07,0.85886818,0.40946148,2.346892,34.388962,9.9004278,0.44556108,15.980577,161.51275
1998.6667,41.429784,16.709108,2.2018446e-07,0.74261485,0.37175888,1.9011904,31.459801,10.028041,0.44488451,16.230664,137.94036
1998.75,41.357882,16.95846,2.0621712e-07,0.22703695,0.11130185,0.50264664,29.439571,10.190579,0.44784743,16.372891,43.705433
1998.8333,35.838544,17.17734,2.0872362e-07,0.037604312,0,0,28.858547,10.381587,0.45340481,16.201359,12.849004
1998.9167,30.661782,17.247763,2.1802855e-07,0.0003503126,0,0,28.564154,10.590136,0.46115252,18.974139,12.243507
1999,25.768001,17.376546,2.2618195e-07,0,0,0,28.108271,10.794925,0.47071585,14.825407,0.28279644
1999.0833,21.339664,17.088452,2.385238e-07,0,0,0,27.338755,10.96721,0.47981498,14.542807,0
1999.1667,17.640051,16.74474,2.488141e-07,0,0,0,27.04793,11.087636,0.48627666,14.250079,0
1999.25,14.459577,16.33147,2.5409184e-07,0,3.0131736e-06,0,24.226826,11.17495,0.48877993,13.495061,0
1999.3333,11.884825,15.889298,2.5124373e-07,0,3.1217394e-05,0,15.240008,10.955244,0.48539993,13.521429,0
1999.4167,10.561956,15.681485,2.7067242e-07,0.55603297,0.23519611,0.46353454,13.842321,10.530375,0.47824404,19.124741,74.991138
1999.5,34.105264,15.854744,2.4600087e-07,1.5011695,1.466907,2.294621,12.207058,10.105774,0.47524253,15.400241,435.55981
1999.5833,55.150218,15.995948,2.0937719e-07,1.2060106,1.4446993,2.3201075,12.667112,9.7404356,0.47469574,15.537206,333.45361
1999.6667,67.377314,16.13743,1.8356911e-07,0.77619928,0.94798327,1.6659933,14.156826,9.4553404,0.47517243,15.674735,193.96606
1999.75,63.482679,16.252579,1.8172999e-07,0.15505407,0.19472157,0.31581319,15.917122,9.2506685,0.47585323,14.776644,28.049916
1999.8333,53.006969,16.178381,1.9242997e-07,2.911308e-05,0,0,16.554594,9.1125631,0.47642493,13.912318,1.1988553
1999.9167,43.180723,15.786704,2.0668328e-07,0,0,0,16.828285,9.0123062,0.47694051,13.466078,0.26869361
2000,34.116611,14.999347,2.2643613e-07,0,0,0,16.954447,8.8836937,0.4767988,12.763339,0.00074828872
2000.0833,27.154334,14.235951,2.4671857e-07,0,0,0,17.101366,8.7496777,0.47613221,12.113093,0.00014081158
2000.1667,21.710385,13.528666,2.6371026e-07,0,0,0,17.21711,8.6073837,0.4757365,8.8157888,0
2000.25,17.377269,12.487605,2.6680408e-07,0,-1.1180091e-08,0,16.663275,8.4125338,0.47513053,4.6173922,0
2000.3333,14.103951,11.719117,2.3698188e-07,7.6637217e-05,8.8394632e-05,0,14.183124,8.1519585,0.46894893,3.7890749,0
2000.4167,15.185951,12.142086,2.7124898e-07,0.8816772,0.14979347,0.68334118,13.145621,7.8699679,0.45041639,25.045367,170.73139
2000.5,37.980981,12.587246,3.3652296e-07,1.2382981,0.62351176,1.7605758,13.421605,7.6484351,0.43980742,12.22338,368.29586
2000.5833,55.218346,12.802857,4.1678865e-07,0.94228604,1.1404756,1.9583673,14.513735,7.4964623,0.43948615,12.43253,261.97391
2000.6667,62.284943,13.015854,5.0084384e-07,0.62592519,0.93217113,1.3665019,17.218296,7.4173875,0.44005603,12.639672,161.53355
2000.75,57.922192,13.19227,5.3133704e-07,0.10039837,0.14461687,0.20252623,18.872749,7.3986039,0.44076028,11.830219,15.001543
2000.8333,48.095178,13.220207,5.8472426e-07,0.0014164105,0,0,19.987173,7.4263458,0.44131753,11.381292,1.0247448
2000.9167,39.549343,13.122358,6.4688209e-07,7.473098e-25,0,0,20.687141,7.4839616,0.44179121,11.188481,0.18734279
2001,32.178648,12.934605,7.1646861e-07,0,0,0,21.31321,7.5520473,0.44127715,11.004418,0.00047362509
2001.0833,26.336376,12.688609,7.8785973e-07,0,0,0,21.759487,7.6026225,0.43871126,9.1013449,0
2001.1667,21.546707,12.037236,8.6316754e-07,0,0,0,22.033974,7.5907097,0.43369964,3.4508867,0
2001.25,17.528199,11.289324,9.2231153e-07,0,1.1834382e-07,0,21.911098,7.493402,0.42608294,3.3715567,0
2001.3333,14.293784,10.619688,9.0094881e-07,0,7.4434051e-06,0,18.587675,7.3239288,0.41625845,3.0991439,0
2001.4167,11.677938,10.02469,9.6288272e-07,0.012113175,0.00049773974,0,13.080841,7.0943842,0.40461472,4.7856502,0.00095839904
2001.5,13.80182,11.370216,1.3792994e-06,0.89683591,0.21126676,1.6835605,5.5529971,6.8388062,0.39288527,32.246466,155.59414
2001.5833,28.506735,12.012604,1.5230412e-06,0.85647754,0.44220869,2.2989895,4.1605806,6.6321182,0.3862634,11.664099,220.48951
2001.6667,38.133219,12.272798,8.9745021e-07,0.61497893,0.71890454,1.6812614,3.7069366,6.4866853,0.38315934,11.917109,145.71214
2001.75,38.055982,12.510989,7.0354571e-07,0.12505041,0.20430166,0.32887205,3.5213776,6.3939929,0.38162798,11.416151,24.407081
2001.8333,31.959191,12.622054,7.3921399e-07,3.310489e-07,0,0,3.4485071,6.3418579,0.38073009,11.07268,2.1920331
2001.9167,26.05412,12.412271,8.1435007e-07,0,0,0,3.0327315,6.2939787,0.38036123,10.778728,1.4860868
2002,20.708323,11.940477,9.2704005e-07,0,0,0,2.3713667,6.1786585,0.38034898,10.157438,0.1264404
2002.0833,16.573766,11.467696,1.0423466e-06,0,0,0,2.0013199,6.037406,0.38017756,9.7547195,0
2002.1667,13.40336,11.117348,1.1518185e-06,0,0,0,1.8371121,5.894062,0.37987539,9.4562842,0
2002.25,10.968123,10.905304,1.2220086e-06,0,8.4997719e-07,0,1.6508824,5.7315755,0.37950915,6.4743119,0
2002.3333,8.9950245,10.292361,1.201237e-06,0.0051596485,0.0015552167,0,1.8396246,5.5111852,0.37853858,3.2673052,7.9425918e-10
2002.4167,10.215102,10.471688,1.1833449e-06,0.7226698,1.2588172,1.2754263,2.3675008,5.2475305,0.37712729,17.223378,134.77846
2002.5,26.360882,10.899377,7.0247927e-07,1.0622349,2.0743742,3.0077406,2.9052444,5.023663,0.37725094,10.581544,228.71783
2002.5833,33.92306,11.307019,4.0984611e-07,0.81569557,1.5854327,2.3257484,3.6964152,4.8496556,0.37866074,10.977812,102.80633
2002.6667,36.949698,11.767318,3.1390974e-07,0.55012256,1.0704761,1.5928671,4.8626738,4.7213087,0.38043401,11.425369,109.35909
2002.75,39.952502,12.204347,2.6387681e-07,0.21126594,0.40184824,0.53598708,6.4213467,4.6320014,0.38228706,11.577931,94.021361
2002.8333,36.06962,12.42635,2.5110467e-07,0.025095913,0.043125414,0.041556684,8.4911375,4.5813608,0.38402504,10.978115,2.1227266
2002.9167,29.971378,12.488947,2.6537882e-07,0.0022234516,0,0,8.8058167,4.5590005,0.38569394,10.950418,2.350324
2003,24.632581,12.431913,2.8056792e-07,6.9915197e-05,0,0,8.8544703,4.5438843,0.38734204,10.575924,1.5340206
2003.0833,20.274386,12.29889,2.9531517e-07,2.9839224e-06,0,0,8.8905439,4.5196853,0.388293,10.462618,0.00029533177
2003.1667,16.635247,11.94199,3.0971836e-07,0,0,0,8.8941145,4.4599099,0.38723487,5.0408649,0
2003.25,13.569037,11.298423,3.183161e-07,0,1.8070446e-07,0,8.9812946,4.3262415,0.38286799,4.303672,0
2003.3333,11.104526,10.969119,2.3460967e-07,0.0056627744,0.00020188435,0,11.25461,4.1313591,0.37454137,9.4547087,4.2033354e-05
2003.4167,12.911078,11.409156,2.4696519e-07,0.87789237,1.1053451,0.80492715,13.596327,3.9086335,0.36785382,19.471598,177.47315
2003.5,24.418047,11.915933,2.3890431e-07,1.1089538,2.3338976,1.5574309,16.760788,3.7175984,0.36676025,11.569977,91.456179
2003.5833,27.607666,12.383493,2.2108297e-07,0.94123572,1.9574455,1.5251527,22.788649,3.5648599,0.36664709,12.024508,86.21106
2003.6667,30.164361,12.845226,2.0680507e-07,0.62653127,1.3115552,1.0334975,30.62911,3.4435413,0.3667945,12.473349,87.926746
2003.75,32.628503,13.304981,2.004877e-07,0.26324041,0.53427607,0.45776138,40.172474,3.3466125,0.36703709,12.920264,93.67533
2003.8333,33.660054,13.644859,2.0179061e-07,0.040405778,0.086164755,0.067085512,49.43541,3.2724075,0.36725107,12.324046,43.18151
2003.9167,28.543208,13.66026,2.1220487e-07,0,0,0,50.967716,3.2144687,0.36710203,11.622646,0.00090984159
2004,23.459703,13.556519,2.2496087e-07,0,0,0,51.431736,3.1597242,0.36685961,11.533829,0
2004.0833,19.379359,13.384785,2.3815211e-07,0,0,0,52.104927,3.1069345,0.36715379,11.387599,0
2004.1667,15.976658,13.159421,2.5195749e-07,0,0,0,52.831402,3.0485454,0.36759281,11.195696,0
2004.25,13.067737,12.889883,2.6372061e-07,0,1.0677625e-06,0,52.80238,2.9736094,0.36807409,10.698877,0
2004.3333,10.702917,12.27205,2.4852469e-07,0,1.4776044e-05,0,55.67527,2.8556681,0.36891261,3.3167183,0
2004.4167,11.744225,12.423722,2.6322161e-07,0.95164601,0.13733347,0.51426583,62.505035,2.6861138,0.36428249,22.639028,106.16569
2004.5,19.112825,13.049838,2.7009534e-07,1.418585,0.3863599,1.130143,61.926281,2.5511942,0.36061841,12.67277,92.3429
2004.5833,23.026602,13.503462,2.7624486e-07,1.1161453,0.44803054,1.0819213,61.813435,2.4586024,0.3625522,13.113797,83.751391
2004.6667,26.085028,13.948495,2.7499883e-07,0.68330596,0.32427602,0.65630916,61.325314,2.3951578,0.36353695,13.54647,83.938313
2004.75,28.893974,14.391996,2.7354449e-07,0.25711152,0.12407161,0.22055115,61.373489,2.3524384,0.36397195,13.977188,89.543467
2004.8333,30.41747,14.718832,2.7793297e-07,0.0048700822,1.5159603e-06,0,61.599262,2.3272457,0.36438388,13.347821,43.759155
2004.9167,25.961619,14.69024,2.9655104e-07,0,0,0,62.743382,2.3167317,0.36553016,12.499991,1.905184e-07
2005,21.38951,14.525361,3.199803e-07,0,0,0,64.116676,2.3133295,0.36747777,12.359621,0
2005.0833,17.718714,14.291983,3.4219605e-07,0,0,0,65.372803,2.3103223,0.37012395,12.160909,0
2005.1667,14.664885,14.017607,4.3082045e-07,0,0,0,51.186398,2.3018081,0.37416956,11.926215,0
2005.25,12.026923,13.734493,6.5197662e-07,0,7.0348329e-07,0,7.3157969,2.2802422,0.38165173,11.685358,0
2005.3333,10.037867,13.088263,5.977144e-07,0.0033671025,5.4134546e-06,0,7.657445,2.2268236,0.38191634,5.306019,9.1538384e-07
2005.4167,9.5034111,13.219707,6.3988318e-07,0.68652284,0.016743822,0.11539458,8.402092,2.1218441,0.37049004,33.870056,88.79302
2005.5,19.894041,14.096572,7.7471486e-07,1.368139,0.042069073,0.3803282,10.784547,2.037745,0.36267024,13.696674,115.48598
2005.5833,23.965262,14.343488,1.6209041e-06,1.1113459,0.04072384,0.48550926,25.426203,1.9913226,0.3633374,13.936937,81.899018
2005.6667,27.080324,14.591341,1.5530671e-06,0.61101837,0.025321654,0.38392425,27.766859,1.9704233,0.36853012,14.177567,84.100257
2005.75,30.10552,14.835107,1.3838142e-06,0.14306729,0.0060515251,0.083852371,27.080393,1.9687188,0.37712154,14.414523,91.32611
2005.8333,30.134138,14.855598,1.5059687e-06,0.00015316257,0,0,14.336976,1.98413,0.38868877,12.945864,15.905152
2005.9167,25.38044,14.585715,1.9530742e-06,2.3580834e-05,0,0,2.5412917,2.0125878,0.40309095,12.416461,0.00072490036
2006,21.191021,14.220853,2.3044156e-06,3.1788284e-23,0,0,2.619736,2.046212,0.41988632,12.105693,0
2006.0833,17.825713,13.811089,2.6912983e-06,5.8896733e-05,0,0,2.6325183,2.0757852,0.43552527,11.756724,0
2006.1667,15.012129,13.357247,3.0997498e-06,0,0,0,2.5667357,2.0959876,0.44845659,11.370192,0
2006.25,12.596807,12.821093,3.6374247e-06,0,1.7585288e-06,0,2.672241,2.0953245,0.45691013,8.0584602,0
2006.3333,10.56787,11.790275,3.8123912e-06,0.00094854467,2.528092e-05,0,12.095875,2.0347021,0.45796305,2.2031518,0
2006.4167,8.4462855,11.590598,4.0117557e-06,0.41215746,0.0084327627,0.21020266,22.817015,1.9174619,0.44974664,25.396245,24.437204
2006.5,13.162538,12.314086,2.9068601e-06,1.0704673,0.030657585,1.0144126,22.304802,1.8198713,0.43861189,11.964537,83.925471
2006.5833,16.460706,12.580117,2.3227017e-06,0.91723442,0.035335727,1.0468631,21.326311,1.760299,0.43418872,12.222529,58.073332
2006.6667,18.803494,12.849048,1.6765435e-06,0.59548076,0.027328319,0.70919403,17.050505,1.7251009,0.43587109,12.483266,57.954635
2006.75,20.939451,13.119833,1.2171076e-06,0.22679762,0.012094632,0.27439876,12.772758,1.7069824,0.44168261,12.746212,61.721172
2006.8333,22.822458,13.338666,1.0802319e-06,0.0036795216,0.00018749951,0,10.756803,1.7032274,0.4505136,12.530266,48.91889
2006.9167,20.595657,13.250659,1.3617307e-06,2.4030534e-25,0,0,2.123354,1.7120517,0.460062,11.278574,6.1565712e-07
2007,17.311754,13.011958,1.5419724e-06,0,0,0,1.53091,1.7279055,0.46774623,11.075291,0
2007.0833,14.655036,12.718426,1.7087895e-06,0,0,0,1.507357,1.7435058,0.47107315,10.825305,0
2007.1667,12.425739,12.380939,1.8861643e-06,0,0,0,1.4618851,1.7543415,0.46826646,10.537867,0
2007.25,10.504002,12.0031,2.0079203e-06,0,5.1969277e-07,0,1.4769894,1.7547299,0.45665649,10.216033,0
2007.3333,8.9212814,11.58859,1.7286636e-06,0.0046211197,6.4600776e-05,0,3.4302499,1.7332846,0.43285483,8.8611819,2.377391e-08
2007.4167,9.4689634,11.982495,1.5832134e-06,0.69350467,0.024775141,0.53541357,5.55406,1.6733984,0.39678997,26.075289,96.131695
2007.5,16.844209,12.506836,1.1574278e-06,1.2092208,0.056988599,1.6611613,6.185215,1.6286491,0.3678624,12.150807,71.181805
2007.5833,19.780688,12.790271,8.1004799e-07,1.0380593,0.064193075,1.5321173,6.1124277,1.6125746,0.34904659,12.425711,64.079146
2007.6667,22.157075,13.070196,6.2828826e-07,0.70397128,0.05222894,1.0484132,6.2124958,1.6143421,0.33660334,12.697715,66.035595
2007.75,24.407372,13.348363,4.8916462e-07,0.16098823,0.013074464,0.21790187,6.3472366,1.6294489,0.32890302,12.968161,70.420147
2007.8333,25.332801,13.490913,4.6431236e-07,0.0012630617,0,0,6.6578197,1.6559652,0.32523561,12.133435,28.956021
2007.9167,21.706101,13.32454,4.9410642e-07,0.001483284,0,0,6.7684331,1.6913176,0.32527852,11.341838,0.00076413093
2008,18.166848,13.045858,5.894268e-07,0.0001255033,0,0,3.3962054,1.7291952,0.32895824,11.104174,4.274319e-05
2008.0833,15.320361,12.718311,6.3126197e-07,0,0,0,3.3031621,1.7613274,0.33479279,10.825248,0
2008.1667,12.944511,12.351509,6.7097739e-07,0,0,0,3.3136256,1.7839346,0.34044817,10.512868,0
2008.25,10.905699,11.948139,6.9150042e-07,0,2.5730062e-06,0,3.3130491,1.7897962,0.34396064,10.169301,0
2008.3333,9.2358477,11.282475,6.3153487e-07,0.0059150101,3.6823095e-05,0,3.4180326,1.7527841,0.34295961,4.364999,0
2008.4167,8.2909027,11.486352,6.4698031e-07,0.51557081,0.022124316,0.41770778,3.6858609,1.6611037,0.33627287,29.66617,43.427101
2008.5,13.162884,12.397669,6.6796122e-07,1.0541482,0.063918547,1.5101826,4.009429,1.5889834,0.32982352,12.042403,67.847333
2008.5833,16.020037,12.827992,6.7473565e-07,0.98742707,0.11437372,1.6243462,4.0045419,1.5496057,0.3292543,12.455997,57.142731
2008.6667,18.087847,13.30245,6.0300295e-07,0.61447921,0.10304029,1.0301139,3.7918971,1.5306386,0.33006871,12.917282,57.462699
2008.75,19.957891,13.720506,5.6210735e-07,0.087461235,0.017653266,0.12579309,3.6934803,1.5264928,0.33091408,13.327187,61.071147
2008.8333,20.510621,13.923638,5.6810751e-07,0.00014790266,0,0,3.5551527,1.5350747,0.33156437,12.504203,22.377471
2008.9167,17.291684,13.819006,6.0640667e-07,7.0496188e-08,0,0,3.4346995,1.5529732,0.33219111,11.851367,0.54439536
2009,14.12223,13.517521,6.4954588e-07,6.8687492e-07,0,0,3.3067431,1.573018,0.33241254,11.50282,0
2009.0833,11.642887,13.240085,6.9237757e-07,2.9657411e-07,0,0,3.2042863,1.5877944,0.33103478,11.266302,0
2009.1667,9.647619,13.00799,7.3335332e-07,0,0,0,3.1412218,1.5942082,0.32770857,11.068418,0
2009.25,7.9342453,12.742553,7.5968688e-07,0,3.8702535e-07,0,3.0492504,1.5871835,0.32259858,10.842137,0
2009.3333,6.5287496,12.460553,7.5264592e-07,0,7.5612828e-06,0,2.4334822,1.5584542,0.31642953,10.601758,0
2009.4167,8.3546182,13.063383,9.7121983e-07,0.99461541,0.3498408,0.99123884,1.5731013,1.4977394,0.31052911,25.514377,100.49855
2009.5,14.553117,13.659631,1.2020405e-06,1.3923052,0.62106123,2.4306462,1.0624596,1.4508773,0.30844736,13.266301,64.190961
2009.5833,17.034765,14.086949,1.3202603e-06,1.0278401,0.51851976,1.9423785,1.0832949,1.4303797,0.3088392,13.681594,57.466473
2009.6667,18.972045,14.511437,1.1886406e-06,0.7140677,0.39412573,1.3597116,1.2317179,1.4267249,0.310103,14.094138,58.655151
2009.75,20.792382,14.939555,1.1036528e-06,0.25167141,0.14415976,0.45761872,1.3711127,1.4358778,0.31162199,14.510175,61.608518
2009.8333,22.344347,15.317549,1.0412311e-06,7.0220943e-05,0,0,1.4351435,1.4559999,0.31302235,14.467368,48.910708
2009.9167,19.987768,15.396395,1.0911265e-06,0.00021396725,0,0,1.4511441,1.4855351,0.31431592,14.674408,2.3436884
2010,16.627993,15.396258,1.1537305e-06,1.3552658e-07,0,0,1.426212,1.5192593,0.31579754,13.142258,0.24265007
2010.0833,13.801924,15.201602,1.2380074e-06,0.00051620898,0,0,1.3982109,1.5489997,0.3166905,12.935473,0
2010.1667,11.435699,14.955653,1.3170919e-06,3.4628647e-10,0,0,1.3579762,1.5713571,0.31535137,12.725907,0
2010.25,9.3985181,14.663426,1.3970068e-06,8.4460749e-07,3.5658673e-06,0,1.3069251,1.5813721,0.31067938,12.476919,0
2010.3333,7.7238823,14.476715,1.3919348e-06,0.1741256,0.11052896,0.13027213,1.241709,1.5693837,0.30201867,26.210755,2.5517209
2010.4167,14.357078,15.448514,1.093429e-06,1.4281435,1.0120626,2.6645664,1.2618065,1.5409817,0.29230705,15.00426,170.40194
2010.5,20.491224,15.846023,8.8257974e-07,1.379832,1.0289045,2.7565428,1.3823167,1.5363399,0.28789341,15.39064,74.707093
2010.5833,23.211347,16.309164,7.4550206e-07,1.1452264,0.89342849,2.4005122,1.5269657,1.5532616,0.28670353,15.840846,75.632285
2010.6667,25.751026,16.766293,6.2743857e-07,0.77251874,0.63102325,1.5987356,1.7030421,1.5858076,0.28731,16.285214,80.88853
2010.75,28.38511,17.221672,5.274747e-07,0.18798638,0.14397721,0.32081912,1.9105189,1.6326643,0.28899902,16.727827,87.908029
2010.8333,28.331865,17.491003,5.0685742e-07,0.016445895,0,0,1.977694,1.693202,0.29118326,15.739074,18.809952
2010.9167,23.873165,17.501958,5.3219804e-07,1.4368365e-05,0,0,1.9808958,1.7636511,0.29382288,17.85035,4.7946163
2011,19.945282,17.544974,5.4334907e-07,0,0,0,1.9582494,1.835891,0.29719782,15.17525,1.792033
2011.0833,16.496459,17.266307,5.6670331e-07,0,0,0,1.9353584,1.8978571,0.30067176,14.693462,0
2011.1667,13.602315,16.92991,5.8762015e-07,0,0,0,1.906394,1.9462467,0.30243549,14.406903,0
2011.25,11.123572,16.527267,6.0422673e-07,0,5.4202875e-07,0,1.8777652,1.9720093,0.30096608,12.420432,0
2011.3333,9.1017503,15.682297,5.2858167e-07,0,6.2658603e-06,0,2.0588703,1.9383137,0.29491186,5.858233,0
2011.4167,8.7765772,16.153473,4.1166228e-07,0.93930107,0.90891135,1.7290347,2.4944293,1.8396086,0.28404623,39.57811,74.632076
2011.5,15.408344,17.38889,2.9641043e-07,1.3042966,1.317214,2.9025206,3.2675915,1.7625087,0.2760964,16.890097,85.198507
2011.5833,19.357737,17.866313,2.2835904e-07,1.1355297,1.1731255,2.5149751,4.4418759,1.7279387,0.27338767,17.354228,79.39856
2011.6667,22.943228,18.336555,1.8476119e-07,0.82801772,0.87503907,1.8376951,6.2868652,1.7241532,0.27369332,17.811378,89.2274
2011.75,27.080413,18.80401,1.6969975e-07,0.25204298,0.27058939,0.50768081,8.7551775,1.7493629,0.27594906,18.265759,107.8404
2011.8333,27.73346,19.079354,1.7130102e-07,0.0039775888,0,0,9.7467842,1.8071908,0.27941525,17.273344,15.013955
2011.9167,23.536017,19.118655,1.7900139e-07,0.00021954105,0,0,9.8106861,1.8964549,0.28391704,20.576837,7.9495133
2012,19.888069,19.255478,1.8687635e-07,2.4824259e-08,0,0,9.8390779,2.0044079,0.28970513,16.710472,2.7105567
2012.0833,16.337255,18.779125,1.9573767e-07,0,0,0,9.8281584,2.1090531,0.29586732,15.981758,0
2012.1667,13.447536,18.357951,2.0411382e-07,0,0,0,9.831398,2.2035267,0.30058381,15.623013,0
2012.25,11.011531,17.933266,2.0420251e-07,0,6.7606883e-06,0,9.7426348,2.280237,0.30225554,15.261274,0
2012.3333,9.0252208,17.477384,1.8295974e-07,0,3.7771822e-05,0,9.2817974,2.2940218,0.29919985,14.872955,0
2012.4167,12.172336,17.587556,1.9539343e-07,1.1297384,0.80426451,0.83025196,8.4625216,2.2343242,0.29166394,24.912164,225.10666
2012.5,28.564459,18.0123,2.0817366e-07,1.5483354,1.870408,1.6968295,7.8347149,2.1671371,0.28844729,17.495987,126.77141
2012.5833,32.455422,18.491363,2.7249484e-07,1.1283767,1.4450383,1.5695346,10.630913,2.1209564,0.28880259,17.961762,106.11997
2012.6667,36.011983,18.964851,3.6739743e-07,0.8176656,1.0547517,1.1882025,17.642944,2.0952146,0.28921616,18.422147,114.30535
2012.75,39.874442,19.433225,3.6666114e-07,0.22733882,0.26850471,0.32052574,23.437958,2.089746,0.28969648,18.877429,127.75932
2012.8333,39.856426,19.621456,3.6710736e-07,0.0009095613,0,0,24.554239,2.1050162,0.29011706,17.211796,23.690848
2012.9167,32.571562,19.099424,3.9761238e-07,1.4868109e-08,0,0,25.152267,2.1371655,0.29042739,16.264732,0.02985328
2013,26.132291,18.393504,4.3236628e-07,1.09563e-05,0,0,25.624031,2.1738548,0.28969595,15.653213,0
2013.0833,21.536427,18.035159,4.5756559e-07,1.1876513e-07,0,0,26.153095,2.2046723,0.28719315,15.347973,0
2013.1667,17.595839,17.508907,4.8690532e-07,0,0,0,26.509338,2.2247586,0.28285843,14.899713,0
2013.25,14.051228,16.701875,5.2534602e-07,-5.6924156e-10,0,0,26.456646,2.2201338,0.27810124,14.212287,0
2013.3333,11.256604,15.838888,5.5540323e-07,0.014269711,0.00023292461,0,24.465906,2.1773794,0.27740437,10.206105,0.00074126848
2013.4167,15.424265,16.081084,5.6507668e-07,1.3779663,0.14688796,1.5583157,21.343527,2.0915375,0.2774834,24.142657,196.46483
2013.5,26.385514,16.508961,5.3566094e-07,1.4751676,0.25956666,2.7573848,16.805029,2.0345314,0.27846155,16.034394,110.06877
2013.5833,30.879008,16.995404,4.7594432e-07,1.300268,0.29230552,2.4861642,11.625961,2.0115039,0.27999571,16.507323,111.05934
2013.6667,35.291776,17.472817,4.0786108e-07,0.84460508,0.20893822,1.5276322,6.4851069,2.0153377,0.28179517,16.971472,125.14177
2013.75,40.446959,17.944243,4.6013841e-07,0.32569096,0.090727749,0.57043247,2.4728291,2.0454674,0.2835986,17.429802,147.56676
2013.8333,41.639458,18.181633,4.5388467e-07,0.052883558,0.014577128,0.071966073,2.3570726,2.1044712,0.28519595,16.109508,31.545655
2013.9167,34.709029,18.082727,4.813499e-07,0.0015677693,0,0,2.4383605,2.1902761,0.28663272,15.659623,1.4704122
2014,28.510727,17.83634,4.9558338e-07,5.0406343e-05,0,0,2.420717,2.2885711,0.2877728,15.178564,1.4063208
2014.0833,23.493135,17.499102,5.4775603e-07,0,0,0,2.372911,2.3831425,0.28881177,14.891313,0
2014.1667,19.265451,17.101385,5.8366675e-07,0,0,0,2.2953129,2.4617882,0.28827289,14.552548,0
2014.25,15.65741,16.353127,6.1215769e-07,0,1.7491145e-06,0,2.1734807,2.502537,0.28508225,5.5181869,0
2014.3333,12.734959,15.211286,6.1127758e-07,0.019014568,0.0016261562,0,2.3114169,2.4658012,0.2784647,7.2479163,0.00077408346
2014.4167,13.094379,15.786078,6.2054835e-07,1.0327057,0.83436722,1.3138707,2.6051188,2.3882921,0.26900786,33.559643,158.37831
2014.5,28.89167,16.592819,4.4695562e-07,1.318173,1.8216443,2.8943817,2.9121213,2.3466358,0.26258886,16.117528,181.03193
2014.5833,36.35709,17.073127,2.8770643e-07,1.2221161,1.6784141,2.7437088,3.6727736,2.3584068,0.25969249,16.58404,158.93504
2014.6667,44.102054,17.555231,2.1942282e-07,0.80059103,1.1059003,1.7452023,5.6693091,2.4207404,0.25878623,17.052434,183.64052
2014.75,49.880918,17.966721,1.9918093e-07,0.18161089,0.23714323,0.38244964,8.6965637,2.5333364,0.25898913,16.888308,99.863784
2014.8333,43.303579,18.071821,2.0796685e-07,0.009124153,0,0,9.9183102,2.6919234,0.25975016,15.990296,3.1466097
2014.9167,35.981338,18.045576,2.2043412e-07,0.00043266801,0,0,10.109161,2.8858132,0.26102716,18.474397,4.2155718
2015,29.716222,18.076252,2.3262028e-07,0.00045587751,0,0,10.257442,3.1043789,0.26306644,15.660199,1.7762454
2015.0833,24.342898,17.694307,2.4605438e-07,0.00026995545,0,0,10.372956,3.3171768,0.26535743,15.057463,0
2015.1667,19.8432,17.231159,2.600695e-07,5.2830649e-05,0,0,10.459744,3.493839,0.26601201,14.662962,0
2015.25,16.120469,16.573345,2.5716042e-07,0,1.2088443e-06,0,10.546346,3.6282229,0.26348588,8.6635147,0
2015.3333,13.157097,16.090976,2.119297e-07,0.18917448,0.058886691,0.096337878,12.008429,3.6632273,0.25670618,20.855745,10.237785
2015.4167,27.512208,16.468521,2.0789214e-07,1.7144031,1.2363123,1.6970786,14.148417,3.619982,0.24951582,15.995334,459.07588
2015.5,54.672677,16.700232,1.8857178e-07,1.6023456,2.3937736,2.3385413,17.875877,3.5821223,0.2484965,16.221219,278.16337
2015.5833,64.75094,17.167149,1.6821186e-07,1.247584,1.9228441,2.1186247,26.514614,3.5867498,0.24910937,16.674245,245.83439
2015.6667,75.119361,17.652603,1.5314994e-07,0.82562977,1.2759066,1.4676888,36.034538,3.6457131,0.24997173,17.146212,276.93226
2015.75,78.511201,17.969048,1.4868075e-07,0.25803499,0.40262208,0.44524585,46.225166,3.7589066,0.25091514,16.860712,86.45912
2015.8333,66.147171,17.966364,1.5662694e-07,0.019423655,0,0,52.301678,3.9196706,0.25175968,15.496688,0.96566502
2015.9167,54.458413,17.792633,1.6659983e-07,0.0002470122,0,0,53.831734,4.1159849,0.25257951,15.386054,1.1550038
2016,44.365816,17.484957,1.7676473e-07,0.0003303983,0,0,55.259766,4.3368115,0.25339317,14.879234,0.49091186
2016.0833,36.269456,17.101621,1.8685633e-07,2.7591031e-06,0,0,56.455769,4.5527492,0.25335833,14.552793,0
2016.1667,29.576417,16.316349,1.9748884e-07,0,0,0,57.206944,4.742816,0.25121894,4.6092558,0
2016.25,23.944797,15.087821,2.0701204e-07,0,6.2598444e-07,0,57.092999,4.8695712,0.24597864,4.1765181,0
2016.3333,19.395549,14.556132,1.900257e-07,0.17647426,0.024036995,0.081825311,53.022507,4.907917,0.23737979,27.749006,3.5941778
2016.4167,31.820487,15.628269,1.91803e-07,1.6594861,0.46105316,1.3468198,50.325397,4.8725171,0.23348829,15.183149,437.94379
2016.5,63.664362,15.795667,1.7832376e-07,1.4953729,1.0325099,1.7860346,47.747513,4.8683529,0.23456573,15.345699,434.39383
2016.5833,82.36777,15.966058,1.7014889e-07,1.2531364,1.8431857,1.6792544,48.226337,4.9207492,0.23534437,15.511005,351.56394
2016.6667,90.81848,16.129378,1.64838e-07,0.83616099,1.4226504,1.1451194,54.39555,5.0220571,0.23581342,15.669078,223.22459
2016.75,85.069694,16.278766,1.7424036e-07,0.2920401,0.46276328,0.38714651,63.793316,5.1648068,0.23612466,15.770279,60.244346
2016.8333,71.545862,16.306613,1.8567142e-07,0.0064425371,0,0,67.128403,5.342299,0.23630206,13.896051,0.31720546
2016.9167,58.851071,16.121384,1.9948382e-07,7.0120416e-05,0,0,69.412262,5.535068,0.23597915,13.718547,2.4931162e-09
2017,47.940716,15.828114,2.1514911e-07,0.0023517487,0,0,71.544479,5.7257819,0.23532663,13.468829,0
2017.0833,39.248295,15.47404,2.300324e-07,0.0015620219,0,0,73.299408,5.8912745,0.23526764,13.167341,0
2017.1667,32.058962,14.976433,2.4540245e-07,0,0,0,74.829773,6.0261831,0.23543797,8.3367793,0
2017.25,25.992168,13.935721,2.5730301e-07,0,4.2487141e-06,0,74.812515,6.0905008,0.23564403,3.5927697,0
2017.3333,21.121904,13.134804,2.587341e-07,0.092606694,0.0027804834,0,77.505684,6.0753322,0.23639911,16.132719,0.014589913
2017.4167,26.863057,13.919442,3.0265051e-07,1.2731477,0.15976539,1.1945132,87.21579,6.0412507,0.23719098,18.148957,299.65014
2017.5,53.39016,14.093943,3.0646865e-07,1.389484,0.30075509,2.1440318,87.944336,6.0547595,0.23773007,13.690155,404.55386
2017.5833,70.327058,14.266486,3.1939322e-07,1.0732683,0.3084038,1.9232301,89.958084,6.1333275,0.23842531,13.85691,299.2381
2017.6667,77.747948,14.435176,2.9961154e-07,0.72687592,0.25802525,1.2913057,85.702736,6.2713113,0.23951451,14.021024,191.63499
2017.75,74.166015,14.592911,2.8596466e-07,0.27776374,0.10402677,0.482002,82.870888,6.4587593,0.24073513,13.708079,61.626297
2017.8333,62.926419,14.692384,3.0482087e-07,0.029815271,0,0,85.016937,6.6887417,0.24184118,13.582169,1.5294689
2017.9167,52.058078,14.611442,3.335671e-07,0.0003355692,0,0,87.780586,6.9546638,0.24286257,12.645384,0.97167275
2018,42.686518,14.41396,3.6428341e-07,0.00011906726,0,0,90.31955,7.2488985,0.243862,12.265641,0.80431603
2018.0833,35.1528,14.144707,3.9491721e-07,0,0,0,92.642128,7.5407219,0.24438366,12.036433,0
2018.1667,28.856691,13.809497,4.2653724e-07,0,0,0,94.740486,7.8297949,0.24334118,10.364814,0
2018.25,23.50207,13.00413,4.5661264e-07,0,7.6800851e-07,0,95.61084,8.0854616,0.23949756,2.9707517,0
2018.3333,19.098779,12.058317,4.2552003e-07,0,3.3310906e-05,0,86.488358,8.2662783,0.23201792,3.0386368,0
2018.4167,15.955254,11.946149,4.5828523e-07,0.54390585,0.084702952,0.54616933,85.882896,8.3916883,0.22064304,25.275123,54.619056
2018.5,28.971102,12.80407,4.4002005e-07,1.2295801,0.22932094,2.4566247,78.336739,8.5505753,0.21098563,12.617358,289.12173
2018.5833,44.250451,13.003821,3.6697523e-07,0.95696699,0.20695737,2.2721102,62.906189,8.7747297,0.206073,12.631588,220.26553
2018.6667,51.023524,13.198494,3.1955204e-07,0.67828019,0.16608141,1.6267715,50.515232,9.0324421,0.20380023,12.820654,149.47679
2018.75,50.444633,13.388766,3.0086582e-07,0.25949424,0.069636433,0.58174953,41.519161,9.320219,0.20307951,12.838398,52.838297
2018.8333,43.259114,13.533153,3.1034662e-07,0.023277573,0,0,38.165665,9.6351213,0.20323916,12.515596,4.6355989
2018.9167,36.137618,13.557763,3.307689e-07,0.0014193002,0,0,38.383213,9.9749804,0.20409267,14.187604,2.9448043
2019,30.07796,13.654541,3.4868324e-07,0.00052602837,0,0,37.905479,10.33093,0.20589811,12.190631,3.19357
2019.0833,25.088046,13.475385,3.6887099e-07,0,0,0,37.779728,10.658963,0.208736,11.467516,0
2019.1667,20.7981,13.217107,3.8823595e-07,0,0,0,37.72979,10.98385,0.21125877,11.247627,0
2019.25,17.114189,12.880696,4.0404689e-07,0,1.4974997e-06,0,37.175949,11.301906,0.21168554,9.504543,0
2019.3333,13.96013,12.453631,3.6556034e-07,0.017670611,5.4040271e-05,0,29.764887,11.490233,0.20845421,10.830889,1.09565
2019.4167,18.169601,12.395383,3.7090152e-07,1.0564049,0.35798008,1.160757,22.324291,11.414046,0.20253406,13.364168,234.07264
2019.5,40.886421,12.522771,3.2082878e-07,1.2195737,1.114359,2.20161,14.41853,11.224245,0.20097153,12.169044,339.19745
2019.5833,57.159919,12.650556,2.8029649e-07,0.9944449,1.5679163,1.864014,11.93932,11.041694,0.2016187,12.292677,263.12678
2019.6667,64.500444,12.772029,2.5072512e-07,0.66869385,1.0768513,1.285895,12.516458,10.9136,0.20205502,12.409756,165.46186
2019.75,61.623901,12.935709,2.4311973e-07,0.24803313,0.37674359,0.42812711,12.962899,10.837222,0.2023908,12.518637,50.450161
2019.8333,52.206486,13.104545,2.5462398e-07,0.012070254,0,0,12.957964,10.800137,0.20255044,11.178431,0.52064951
2019.9167,42.958539,13.107904,2.7171325e-07,1.1185686e-07,0,0,12.912572,10.77913,0.20218268,11.150394,0.00041548072
