year,froot_gCm2,leaf_gCm2,p_uptake_demand_ratio,gpp_pft7_gCm2day,gpp_pft9_gCm2day,gpp_pft10_gCm2day,l2fr_site,l2fr_canopy,l2fr_ustory,leaf_alloc_gCm2yr,froot_alloc_gCm2yr
1901,0.15648209,0,1.9807521,0.0099313461,0,0,0.025837647,0.048854165,0.017841324,0,0.046481409
1901.0833,0.14550064,0,0.26878294,-0.00022498805,0,0,0.025971269,0.047831126,0.018212669,0,0.042208326
1901.1667,0.13390579,0,0.26420203,-0.0020124897,0,0,0.025691893,0.046730909,0.01854091,0,0.038902882
1901.25,0.094645628,0.93126274,0.25722629,-0.0056828374,0,0,0.025247239,0.045442045,0.018756339,27.065778,0.027358055
1901.3333,0.046990186,2.6475785,0.23768421,0.58928577,0,-5.5197384e-06,0.024133664,0.042492326,0.018116882,8.780874e-06,0
1901.4167,0.051957883,3.2498855,0.15241918,4.9513311,0.0098929463,0.017132706,0.023189824,0.039361134,0.017356092,3.0999078,0.0022699957
1901.5,0.068841262,4.5512603,0.038192533,12.703161,0.027938655,0.10602692,0.021691984,0.036816087,0.01667477,10.720258,0.43454389
1901.5833,0.14087043,5.5086985,0.01092861,11.133371,0.021581491,0.10468781,0.025438493,0.03773164,0.016113345,5.7036883,0.89335322
1901.6667,0.19293386,5.4265819,0.0078477468,6.7291325,0.011026882,0.051576134,0.029830763,0.041512616,0.015995491,3.7512773,0.52285078
1901.75,0.20743832,0,0.0050654165,2.0911173,0,0,0.028504452,0.045524586,0.01609578,0,0.057580204
1901.8333,0.1998362,0,0.002604085,0.0097105841,0,0,0.025833761,0.049131036,0.016234774,0,0.055593523
1901.9167,0.1811125,0,0.0025721432,-1.0209489e-08,0,0,0.023632566,0.051793154,0.016365392,0,0.088294906
1902,0.15067443,0,1.2474314,-4.0708897e-07,0,0,0.023688247,0.053280324,0.016695432,0,0.044833842
1902.0833,0.13661958,0,0.018410338,-3.2416895e-06,0,0,0.023494534,0.054026134,0.017166479,0,0.039398039
1902.1667,0.12387747,0,0.018167308,-0.00063537423,0,0,0.023209522,0.054321028,0.017598147,0,0.035727144
1902.25,0.10613854,0.34847565,0.018454347,-0.001614323,-5.7090673e-07,-2.8895093e-05,0.022768565,0.054367702,0.017999539,20.454801,0.051744977
1902.3333,0.033479242,2.0350129,0.030299166,0.77373159,0.0022325799,0.00049769571,0.021441616,0.051797401,0.01773607,0.12136901,0.00072418015
1902.4167,0.039038758,2.9387809,0.041787133,9.3999936,0.024718458,0.07275309,0.021647396,0.047791917,0.017039942,8.7074433,0.11273664
1902.5,0.094908428,3.5951913,0.034725666,12.919966,0.028107918,0.11965637,0.022894487,0.046073966,0.016466107,4.6876157,1.0798041
1902.5833,0.17898035,3.7346699,0.023330852,10.219914,0.021572254,0.1065177,0.029984249,0.048636202,0.015993886,3.3332177,0.93843926
1902.6667,0.25744902,3.7616007,0.0093387859,6.9276233,0.01363852,0.06222943,0.035895199,0.052970015,0.015959579,3.2941548,0.93690606
1902.75,0.28346913,0,0.0046327938,2.5815045,0,0,0.034634978,0.05775293,0.017681208,0,0.088737282
1902.8333,0.27959209,0,0.0035755865,0.00020276782,0,0,0.026444454,0.06200745,0.019704042,0,0.086592038
1902.9167,0.2785229,0,0.0028303068,0.0011313632,0,0,0.024227072,0.065559439,0.021591106,0,0.17775147
1903,0.28298894,0,0.0026264656,0.064420307,0,0,0.024816342,0.068563819,0.02329357,0,0.088785382
1903.0833,0.28184766,0,0.0025283589,0.32329998,0,0,0.025302174,0.07091184,0.024736958,0,0.088422126
1903.1667,0.28091663,0,0.0025662666,0.47229717,0,0,0.025530124,0.072686248,0.026019683,0,0.088205557
1903.25,0.26282136,0.82511338,0.0025823298,0.55708931,0,6.8412519e-07,0.024803761,0.07423754,0.027196843,36.497818,0.13170559
1903.3333,0.066668996,3.4931507,0.009093645,3.14044,0.00033508902,-3.4937964e-05,0.018686801,0.07191135,0.026744248,0.007337677,0.00014905798
1903.4167,0.057415629,4.102808,0.013147182,6.795496,0.011757782,0.030817451,0.018572029,0.06654229,0.025262827,3.888172,0.03947315
1903.5,0.070676819,4.3638935,0.020790638,14.159554,0.021628143,0.087501791,0.018938901,0.062295023,0.023916511,6.1639455,0.60058206
1903.5833,0.081014019,4.6154629,0.017437015,11.733744,0.012380264,0.051251285,0.023628207,0.061849497,0.022854717,3.570622,0.3976602
1903.6667,0.095583404,4.8452797,0.013580394,7.5748202,0.0067050221,0.038192202,0.028291345,0.063775741,0.021672649,2.0763383,0.22375764
1903.75,0.1042537,0,0.0083324322,2.1393128,0,0,0.030819762,0.06625884,0.020642338,0,0.029843522
1903.8333,0.10340274,0,0.0056458157,0.035524638,0,0,0.031045467,0.068563551,0.019710213,0,0.029696414
1903.9167,0.10243634,0,0.0048100515,0.041863049,0,0,0.028645875,0.070537604,0.018868158,0,0.05129816
1904,0.096701457,0,0.0039130794,-1.0979213e-08,0,0,0.024464974,0.071344189,0.018300535,0,0.021079073
1904.0833,0.086781212,0,0.0043716719,-2.4666047e-08,0,0,0.025080774,0.069974922,0.017992867,0,0.020074747
1904.1667,0.078044992,0,0.0049904962,-0.00081953132,0,0,0.023459593,0.06685131,0.017738787,0,0.017253837
1904.25,0.069813817,0.5145446,0.0057091583,-0.0012629691,-1.1643507e-06,-6.5954657e-05,0.019968452,0.062890083,0.017573144,26.007348,0.038692971
1904.3333,0.045748959,2.4881302,0.0096557029,0.37324588,0.00068768801,-9.929456e-05,0.020372376,0.058342732,0.017198808,0.023507418,0.00047455221
1904.4167,0.048567785,3.2556406,0.017826701,9.449986,0.014363339,0.055074777,0.021828726,0.053713672,0.016608648,6.5295731,0.075662866
1904.5,0.089793968,4.3571182,0.016570767,13.110137,0.016519868,0.084515268,0.024198866,0.051705241,0.016136972,4.3701436,0.6541184
1904.5833,0.15099492,5.2746385,0.0090181688,10.606352,0.013124252,0.080495345,0.030015396,0.054741539,0.01577838,4.0490499,0.60904369
1904.6667,0.20485396,6.0370192,0.0066084499,7.2319705,0.0091753299,0.062827175,0.03504172,0.059626106,0.015520344,3.3252947,0.64989962
1904.75,0.23270368,0.20746488,0.0034880436,1.5400528,0.00047657146,0.0033293441,0.039367825,0.065235943,0.015285901,0.12265851,0.10105007
1904.8333,0.22514403,0,0.0021713038,0.14499247,0,0,0.042429578,0.070429899,0.015055969,0,0.062615948
1904.9167,0.20273395,0,0.0019759079,-2.1243094e-07,0,0,0.044496082,0.074721932,0.014823947,0,0.1204914
1905,0.18508764,0,0.0022013823,-5.2617982e-06,0,0,0.047019888,0.07733161,0.014608302,0,0.053843649
1905.0833,0.16571005,0,0.0024607286,-9.3072671e-05,0,0,0.054084912,0.078437798,0.014424351,0,0.048066728
1905.1667,0.14838993,0,0.0027183697,-0.00041498051,0,0,0.053099547,0.078779258,0.014258859,0,0.042112788
1905.25,0.1297273,0.69569197,0.0031678574,-0.0010005683,0,-0.00014210774,0.037618253,0.078603633,0.014097834,30.922775,0.088613659
1905.3333,0.076111064,2.8604721,0.0058832127,0.62343472,0.0010832507,-0.00023433324,0.028997812,0.076399796,0.013826534,0.018079255,0.033657487
1905.4167,0.05912597,3.5576567,0.011063899,7.1482039,0.014923285,0.058854475,0.028274387,0.0712424,0.013586449,6.4629483,0.12523418
1905.5,0.11625135,4.7483947,0.012515819,13.256848,0.025097412,0.1324475,0.030080061,0.067405082,0.013447642,5.0850653,0.85414312
1905.5833,0.17637789,4.9970974,0.0086938161,10.964476,0.021019256,0.11961253,0.035054754,0.066581011,0.013432119,3.5582207,0.69914191
1905.6667,0.19322592,4.1513415,0.0074715321,6.3042774,0.012703782,0.067111301,0.039109204,0.066644676,0.013358191,2.3993428,0.61973143
1905.75,0.21075274,0,0.0051417518,2.7846233,0.00041532992,0.0018100928,0.041848864,0.066078693,0.014188505,0,0.07566885
1905.8333,0.20856822,0,0.0043178378,0.19493941,0,0,0.043989819,0.064034671,0.015863961,0,0.061805543
1905.9167,0.20698432,0,0.0040189391,0.00015546899,0,0,0.046106532,0.061511405,0.017593289,0,0.14001608
1906,0.21047932,0,0.0040628584,0.017916049,0,0,0.04863831,0.059038479,0.019161271,0,0.062929353
1906.0833,0.20738161,0,0.0039369683,0.25489525,0,0,0.056032594,0.056603543,0.02057427,0,0.062051831
1906.1667,0.20653878,0,0.0037066981,0.29441491,0,0,0.057218958,0.054385357,0.021859121,0,0.06191406
1906.25,0.19677739,0.81698556,0.0037511552,0.93730041,0,0,0.043858778,0.052365392,0.023035787,36.151896,0.12569105
1906.3333,0.065842592,3.4632133,0.010570497,2.8860319,0,-1.735026e-08,0.031477898,0.049386449,0.022954371,0.083680674,0.0036118072
1906.4167,0.053988886,4.0792809,0.012288695,5.327719,0.0050891725,0.011812292,0.030798722,0.045622569,0.021826666,1.3072005,0.020587951
1906.5,0.078932142,4.8465412,0.016270567,14.17148,0.024730146,0.13424994,0.033206504,0.042663589,0.020747652,6.0123781,0.68275296
1906.5833,0.1512867,5.4969639,0.0078291055,10.802564,0.018411023,0.11310087,0.034690451,0.042764973,0.019744409,3.0859781,0.74228839
1906.6667,0.21681996,6.1526587,0.0052696015,7.6754221,0.013707487,0.08703642,0.035500307,0.04527463,0.018908245,2.9484538,0.76698203
1906.75,0.24403674,0.20344538,0.0042357929,3.2275147,0.00052995815,0.0030635974,0.038771044,0.049482632,0.018522071,0.077774432,0.11188887
1906.8333,0.23824297,0,0.0025948465,0.33970984,0,0,0.042366464,0.054022297,0.01864446,0,0.070095221
1906.9167,0.22804471,0,0.002032568,0.0066709178,0,0,0.045430906,0.058288056,0.019026687,0,0.1456799
1907,0.22764195,0,0.0020172533,0.0047680124,0,0,0.056841254,0.061848827,0.019612286,0,0.069062135
1907.0833,0.2267159,0,0.0020170084,0.012285933,0,0,0.075544015,0.064438246,0.020226229,0,0.069461907
1907.1667,0.21516645,0,0.0020660243,-0.00057017904,0,0,0.095597245,0.065966934,0.020750055,0,0.065681665
1907.25,0.19373844,0.8741534,0.0022523247,-0.0020564341,0,0,0.11198652,0.066861026,0.021239098,39.117846,0.12316969
1907.3333,0.13843349,3.523882,0.0032654388,1.0146423,0,-2.1062864e-08,0.11015803,0.065657951,0.021459771,7.5172297e-06,2.1791688e-08
1907.4167,0.078239231,4.0756115,0.0061358288,4.0954843,0.0014215415,0.00035901063,0.091210648,0.061608788,0.021045791,0.045515786,0.0007164694
1907.5,0.075631746,4.9010692,0.011381477,10.060256,0.019015056,0.074823723,0.079859383,0.056864038,0.020200497,5.2158627,0.3549572
1907.5833,0.13460971,5.7664118,0.00884597,10.728292,0.017874251,0.093338415,0.065866172,0.054755948,0.019443015,2.0353168,0.58949113
1907.6667,0.17901621,5.514726,0.0067668818,7.0257327,0.011033915,0.060941626,0.063427724,0.055383772,0.01889595,1.424555,0.33907338
1907.75,0.18527597,0,0.0041965554,1.5355972,0,0,0.061898425,0.056680873,0.018438131,0,0.050513352
1907.8333,0.17463254,0,0.0023812137,0.031821365,0,0,0.061669737,0.057876457,0.017992066,0,0.047483535
1907.9167,0.15650377,0,0.0018229637,-1.3795576e-23,0,0,0.063467138,0.058667745,0.017666448,0,0.080165614
1908,0.1317866,0,0.0023023277,-2.5591865e-06,0,0,0.0643031,0.058534544,0.017647611,0,0.036948574
1908.0833,0.1196546,0,0.0027314143,-3.9766495e-06,0,0,0.065050937,0.057868581,0.01781312,0,0.033471606
1908.1667,0.10869421,0,0.0030648008,-9.9398212e-05,0,0,0.071475565,0.057059094,0.017967679,0,0.030214536
1908.25,0.095867239,0.59630169,0.0036349492,-0.00018110306,0,-8.0908514e-05,0.0764549,0.056046363,0.018107103,26.341292,0.052158026
1908.3333,0.0888586,2.5292323,0.0049981191,0.23772303,0.00077569513,-0.00019887307,0.07518328,0.054668933,0.017996151,0.13160231,0.087302337
1908.4167,0.10191998,3.2089707,0.0070100604,6.9264477,0.017170227,0.045626886,0.062494084,0.05308437,0.017814601,3.9347078,0.12685965
1908.5,0.14689143,4.0400093,0.0093881208,13.39442,0.027227515,0.10030864,0.051029865,0.052643213,0.017722864,3.4369762,0.71360969
1908.5833,0.20196433,4.5727333,0.0062765055,9.3508066,0.018585205,0.079615393,0.047550455,0.055328436,0.017695691,2.9216451,0.58156907
1908.6667,0.23090167,1.8549234,0.004994723,6.7364318,0.0061110419,0.027711043,0.051441047,0.059365164,0.017630981,1.0916638,0.29825981
1908.75,0.2304979,0,0.003765553,2.2376362,0,0,0.055960532,0.063537762,0.017526124,0,0.060481611
1908.8333,0.22657907,0,0.0022817692,0.12309389,0,0,0.061390754,0.067282528,0.017436493,0,0.05777381
1908.9167,0.20532028,0,0.0019846905,-3.5309602e-07,0,0,0.065760404,0.07049793,0.017359605,0,0.11735525
1909,0.1842403,0,0.0019873378,-2.8575705e-08,0,0,0.069347382,0.072918408,0.017290788,0,0.052567547
1909.0833,0.16460448,0,0.0022157752,-4.2397888e-05,0,0,0.084961951,0.074405126,0.017232928,0,0.046736778
1909.1667,0.14715381,0,0.0023566324,-0.00058411118,0,0,0.097519122,0.0752175,0.017183213,0,0.041588012
1909.25,0.12740532,0.53045648,0.0028545398,-0.00052443878,-4.9677094e-06,-2.4921648e-05,0.087436005,0.075625919,0.017123876,23.312543,0.079554819
1909.3333,0.080885082,2.2702841,0.0057040807,0.39568375,0.0011063824,0.0011773343,0.064664297,0.074421659,0.016665187,0.13149234,0.0025140658
1909.4167,0.063242347,3.0161534,0.01272427,8.3604518,0.023763261,0.07024473,0.051454924,0.070434287,0.016094683,4.7428209,0.29750648
1909.5,0.125786,3.9339126,0.011465335,12.444219,0.032591456,0.1084107,0.047931504,0.067718305,0.015694346,2.7665696,0.72576268
1909.5833,0.18311081,4.5573348,0.0071337102,10.781651,0.026929256,0.062789151,0.048383482,0.069088109,0.01618351,2.9914733,0.56603446
1909.6667,0.22963356,2.8533898,0.0049579488,7.2757975,0.012697382,0.033852444,0.050922062,0.072737522,0.017192516,1.4239482,0.43320274
1909.75,0.23815021,0,0.003374187,1.7031207,0,0,0.054588031,0.076909795,0.018311456,0,0.070992533
1909.8333,0.23694408,0,0.0026373928,0.060749286,0,0,0.058424644,0.08066237,0.019340273,0,0.070840867
1909.9167,0.23572106,0,0.0023275735,0.014052423,0,0,0.062619008,0.083935432,0.020272771,0,0.12431189
1910,0.22438185,0,0.0024698293,0.00026714147,0,0,0.069620222,0.086341091,0.021233877,0,0.067991677
1910.0833,0.19177848,0,0.0026840353,-3.670413e-05,0,0,0.076522365,0.087074481,0.022153253,0,0.058013109
1910.1667,0.17512866,0,0.0027101061,-0.0003387821,0,0,0.075585902,0.087013125,0.022990718,0,0.053154124
1910.25,0.1563679,0.61425933,0.0030207313,-0.001036227,0,-8.4928802e-07,0.063972332,0.086556815,0.023766637,27.124922,0.089413471
1910.3333,0.093859438,2.585941,0.0054794708,0.60823994,0,-2.8895346e-05,0.051895332,0.08401224,0.023808589,0.00016334507,1.2042e-05
1910.4167,0.048150621,3.1654353,0.011256441,5.4754647,0.011633477,0.015169128,0.051133182,0.078244209,0.0227705,2.3292943,0.014223465
1910.5,0.080742029,4.2206314,0.014421275,12.314685,0.029830815,0.10592935,0.050543722,0.072772793,0.021626277,5.4165519,0.59021134
1910.5833,0.14834685,5.0682626,0.0085090315,9.2390297,0.021694728,0.090517235,0.050244275,0.071142904,0.020685812,2.1832275,0.5981072
1910.6667,0.20901354,5.8121588,0.0061146487,7.2157621,0.017561685,0.078851162,0.052890442,0.071942784,0.020052498,2.3307887,0.61573568
1910.75,0.24557419,1.0060791,0.0038951628,1.6332281,0.0024707523,0.011196517,0.055975709,0.074183203,0.019565068,0.38981142,0.18217005
1910.8333,0.23954076,0,0.0026809759,0.054133055,0,0,0.057992619,0.076550305,0.019091956,0,0.06823248
1910.9167,0.23707309,0,0.0024665489,0.02853158,0,0,0.060326785,0.078651346,0.018645434,0,0.14342641
1911,0.22046766,0,0.002567163,0.00014227049,0,0,0.070310183,0.080228008,0.018964449,0,0.067130676
1911.0833,0.19986684,0,0.002766198,-7.4045424e-05,0,0,0.085170329,0.080767207,0.019915214,0,0.060277961
1911.1667,0.18252003,0,0.0029850751,-0.0014804955,0,0,0.095019676,0.080672622,0.020897115,0,0.055348388
1911.25,0.1633058,0.50795986,0.0033129693,-0.0023044663,0,-2.623386e-11,0.090993755,0.080128737,0.021766104,30.213221,0.10722353
1911.3333,0.11858877,2.798785,0.004900449,0.48884973,0,-1.5843124e-05,0.08211872,0.078078069,0.022099854,0.00019519318,5.5720792e-06
1911.4167,0.076847769,3.3985046,0.0083434377,5.7200792,0.013378904,0.028835904,0.07275226,0.073748857,0.021661891,3.5264994,0.066360973
1911.5,0.098092343,4.4448208,0.013093533,12.350199,0.030420815,0.11353929,0.066424817,0.069284581,0.020799764,3.8938361,0.52593113
1911.5833,0.14499092,5.2965363,0.0088476222,10.622381,0.026451734,0.11047088,0.066393569,0.067201212,0.020121897,3.5283448,0.39848977
1911.6667,0.18865404,6.1093629,0.0062131579,6.6112147,0.01661089,0.075271359,0.069028392,0.066510685,0.019645475,2.2491772,0.45514139
1911.75,0.22046246,1.4746427,0.0050601508,2.5574812,0.0026513785,0.012308171,0.072406523,0.066823632,0.019294217,0.31643148,0.17211825
1911.8333,0.21931685,0,0.0043739383,0.38245129,0,0,0.073823027,0.067369618,0.01899701,0,0.059687933
1911.9167,0.20875907,0,0.0021069893,0.0031561594,0,0,0.075025097,0.067804135,0.018716795,0,0.10842128
1912,0.17514471,0,0.0023805916,-3.3962272e-10,0,0,0.08169543,0.068009824,0.018540418,0,0.051570522
1912.0833,0.15713855,0,0.0025646079,-4.7840293e-05,0,0,0.090434127,0.067999251,0.01846762,0,0.046389797
1912.1667,0.14107865,0,0.0028307554,-0.00071553468,0,0,0.10089794,0.067783207,0.018402187,0,0.041655215
1912.25,0.1247139,0.81686932,0.0032039266,-0.0014553787,0,-4.1855179e-06,0.11479786,0.067398235,0.01832406,28.848265,0.077131791
1912.3333,0.10594137,2.7962797,0.0041622245,2.4596014,0.0039761457,0.00066446011,0.11324728,0.066573732,0.017827766,0.095590845,0.046276859
1912.4167,0.11196541,3.3803375,0.0052600335,9.0388794,0.024459196,0.06617296,0.16698059,0.065149806,0.017334981,5.8282645,0.26494752
1912.5,0.15507478,4.0035979,0.0046152151,13.179505,0.032461777,0.096517265,0.29686594,0.064628251,0.017518649,1.2781485,0.54718127
1912.5833,0.19812679,4.4079451,0.0033827557,10.146861,0.025260609,0.08065827,0.32221159,0.066795714,0.017882034,0.96814398,0.46135785
1912.6667,0.22399938,4.2429613,0.0028383927,6.6109574,0.017018474,0.052263093,0.30980942,0.070820801,0.018183079,0.74019265,0.48716333
1912.75,0.24468856,0.82200271,0.0025029001,3.0068848,0.0027812607,0.0083971326,0.27065974,0.076305233,0.01834189,0.13343872,0.17196426
1912.8333,0.24300056,0,0.0018969272,0.1822494,0,0,0.22051097,0.0817535,0.018459763,0,0.07149808
1912.9167,0.22776359,0,0.0014046362,-6.2568845e-10,0,0,0.16021033,0.086550556,0.018565234,0,0.14624836
1913,0.2074638,0,0.0014231488,-3.235747e-06,0,0,0.12155997,0.090226464,0.01864841,0,0.060925053
1913.0833,0.18567637,0,0.0016901919,-4.9001704e-05,0,0,0.13317104,0.092524163,0.018706657,0,0.054361389
1913.1667,0.16640189,0,0.0018729721,-0.0001263403,0,0,0.16175796,0.094257377,0.018781452,0,0.04861232
1913.25,0.14933477,0.44385559,0.0021136755,-0.00028218936,-4.6840517e-06,-3.8462358e-05,0.19021159,0.095565803,0.018855069,22.356234,0.09848209
1913.3333,0.15400228,2.2006063,0.0025247845,0.98155051,0.0024608148,0.0031389235,0.19882315,0.096802093,0.018713668,0.2940854,0.28467396
1913.4167,0.19063303,2.9956105,0.0027026203,12.471745,0.03280237,0.090146099,0.22094086,0.09899947,0.018274618,4.0671765,0.58442227
1913.5,0.26261472,3.6978021,0.0016888053,12.915356,0.031534876,0.10736424,0.22939134,0.10394376,0.017795123,1.934887,0.79504868
1913.5833,0.34427861,3.8952196,0.0012092956,10.328717,0.026678628,0.09168513,0.21864083,0.11188547,0.017418765,1.1767518,0.96675028
1913.6667,0.38821713,0,0.0010049918,6.383048,0,0,0.22570963,0.12122129,0.017194167,0,0.11918523
1913.75,0.38640929,0,0.0011378311,2.3282686,0,0,0.23377571,0.12999609,0.017018229,0,0.11928649
1913.8333,0.38465069,0,0.0012735967,0.068306385,0,0,0.23481832,0.13787287,0.016860764,0,0.11891997
1913.9167,0.38327437,0,0.0012502543,0.0017918681,0,0,0.22711879,0.14488308,0.016720179,0,0.261057
1914,0.39207569,0,0.0011681847,0.0037422698,0,0,0.21597952,0.15094256,0.016592577,0,0.12165831
1914.0833,0.37691309,0,0.001138182,0.001225894,0,0,0.21890104,0.15558,0.016483579,0,0.11694121
1914.1667,0.33483381,0,0.0013353185,-0.00059568242,0,0,0.23706703,0.15902087,0.016385792,0,0.10365608
1914.25,0.29365707,0.65655081,0.001586779,-0.0015367663,0,0,0.25888535,0.16139981,0.016281549,29.146026,0.12951403
1914.3333,0.26257182,2.7313391,0.0018772465,0.97077863,0,-5.4218397e-06,0.26263443,0.16233192,0.0158423,0.00019498538,0.091930307
1914.4167,0.26728891,3.309635,0.0017990653,4.6480972,0.008831207,0.016166235,0.25644585,0.16140302,0.015308288,1.3065443,0.19799935
1914.5,0.31311603,4.1476726,0.001501171,12.793022,0.037287629,0.097143461,0.29334435,0.15881287,0.015765995,2.9174625,0.6140068
1914.5833,0.36957132,4.8009674,0.0011228547,10.526291,0.027090813,0.070988183,0.35237366,0.15632734,0.018473841,1.6651267,0.4217595
1914.6667,0.4082949,3.1303088,0.0010102666,6.7349812,0.012529261,0.035531207,0.39816326,0.15599579,0.020926666,0.92886359,0.28608726
1914.75,0.41279595,0,0.0010130744,2.4667726,0,0,0.40957025,0.15637091,0.02311076,0,0.1234341
1914.8333,0.40680688,0,0.0010631797,0.024430189,0,0,0.39812484,0.15667835,0.025181433,0,0.12164332
1914.9167,0.40037473,0,0.0010351714,0.033017938,0,0,0.36876094,0.15685555,0.027147047,0,0.2807225
1915,0.40102215,0,0.0010645946,0.0006566557,0,0,0.32777965,0.15690187,0.029684778,0,0.12420416
1915.0833,0.37542669,0,0.0011493922,-1.2657714e-05,0,0,0.27647272,0.15636554,0.032450646,0,0.11449671
1915.1667,0.3403188,0,0.0013815844,-0.0014390075,0,0,0.23196952,0.15504767,0.03496597,0,0.10276309
1915.25,0.30121981,0.87895925,0.0015918477,0.0078980636,0,-1.9522561e-08,0.20933849,0.15336668,0.037299488,25.503613,0.09937904
1915.3333,0.2384055,2.6121892,0.0021246497,2.0808626,0,-1.0004413e-05,0.19223921,0.15036085,0.038180888,0.074001889,0.058619815
1915.4167,0.1853131,3.2231866,0.0026838225,4.2556434,0.0081405181,0.013793731,0.18143775,0.14637114,0.036693614,1.0601191,0.076439121
1915.5,0.2172891,4.0502883,0.0027206698,12.245009,0.030821638,0.11372779,0.20090257,0.14242354,0.034530427,3.409481,0.42340649
1915.5833,0.27777866,4.8160036,0.00177338,10.247248,0.026031887,0.10643579,0.24500918,0.14048302,0.032642376,2.2164303,0.39544936
1915.6667,0.32922192,5.4218681,0.0014869429,6.6356949,0.017785286,0.07276473,0.26742694,0.14024094,0.031030137,1.6245174,0.43756247
1915.75,0.35282163,0.18237857,0.001484483,1.9988124,0.00074990294,0.0030931178,0.27242351,0.14103012,0.029565306,0.031286365,0.12756287
1915.8333,0.33842024,0,0.0015982843,0.03759884,0,0,0.26473922,0.14189729,0.028157499,0,0.099450555
1915.9167,0.32961581,0,0.0015811296,2.0439695e-18,0,0,0.24645585,0.14250365,0.026707858,0,0.21960072
1916,0.33515572,0,0.0015389661,0.042182536,0,0,0.22088902,0.14270093,0.025319999,0,0.09898707
1916.0833,0.33057827,0,0.0015396609,0.040289903,0,0,0.20630679,0.14266893,0.024108097,0,0.097812124
1916.1667,0.32369167,0,0.0015397234,0.088129676,0,0,0.21298158,0.14222202,0.023012487,0,0.09556858
1916.25,0.3233132,0.97431702,0.0015141274,0.21959812,0,0,0.23921485,0.14141114,0.021980941,43.364784,0.20683881
1916.3333,0.35002222,4.0305275,0.001429003,0.83660584,0,0,0.28544751,0.14073193,0.020906616,0.0001088099,0.26271711
1916.4167,0.38447836,4.6033696,0.0011723666,2.7638702,0,-9.6446137e-07,0.32936901,0.14037561,0.020059811,0.00011458036,0.34764171
1916.5,0.41193332,5.1743453,0.0010140202,5.3151283,0.012608704,0.026691043,0.35929295,0.13997489,0.020048421,1.1684373,0.51971114
1916.5833,0.47798624,5.9068305,0.00077681453,9.1723518,0.03057558,0.10935081,0.4250066,0.14013876,0.020980498,2.1090798,1.0660979
1916.6667,0.57255401,6.3490309,0.00042645811,5.896985,0.019838873,0.075082486,0.50742072,0.14329524,0.022064943,0.61928267,1.0294057
1916.75,0.6467998,2.8097786,0.00036418386,2.5986817,0.0056360304,0.021663812,0.62172812,0.1491828,0.022984948,0.1495098,0.56973665
1916.8333,0.6490252,0,0.00038153285,0.65568942,0,0,0.73942327,0.15559609,0.023808287,0,0.19722335
1916.9167,0.6148481,0,0.00050028949,0.00014550269,0,0,0.8858459,0.16074085,0.024551006,0,0.35597243
1917,0.55386894,0,0.00049136812,-2.5336696e-07,0,0,0.99642903,0.16382268,0.025240531,0,0.16624039
1917.0833,0.49495936,0,0.00061977131,-6.3529939e-06,0,0,1.0091946,0.16513748,0.025847923,0,0.14744694
1917.1667,0.44279237,0,0.00078423857,-6.7680026e-05,0,0,1.0372237,0.16575691,0.026430724,0,0.13144622
1917.25,0.39268294,0.51308266,0.00092579273,-0.00020063129,-6.3118085e-06,-6.110339e-05,1.0903313,0.16591197,0.027005384,36.967592,0.21680736
1917.3333,0.34063484,3.274868,0.0012482917,0.4961143,0.0020174336,0.0020459678,1.0404629,0.16608669,0.026725262,0.159911,0.76370419
1917.4167,0.40187343,3.9722738,0.001260084,7.1234277,0.032307005,0.084369331,0.9724741,0.16824181,0.025214655,5.384473,0.9628517
1917.5,0.54216693,4.9490742,0.0010124701,11.769501,0.047331491,0.16010526,1.0464088,0.17378348,0.023778681,3.4802418,1.8114723
1917.5833,0.70600776,5.6247711,0.00066160713,8.792004,0.035767869,0.13144341,1.1436195,0.18420039,0.022460731,2.1947592,1.6921051
1917.6667,0.86844992,5.8153891,0.00055510562,6.28327,0.026239484,0.094423547,1.1814284,0.19723813,0.021670826,1.981634,1.8300327
1917.75,0.93866105,0,0.00046523401,2.4294296,0,0,1.1459727,0.20929252,0.023700621,0,0.29114735
1917.8333,0.91960758,0,0.00046424763,0.02117663,0,0,1.061933,0.21745555,0.027925069,0,0.28609591
1917.9167,0.83675666,0,0.00036393219,0,0,0,0.97978121,0.22334163,0.032226443,0,0.57758541
1918,0.76844415,0,0.00037540781,-2.3397814e-08,0,0,0.87291354,0.22751507,0.037069499,0,0.23868258
1918.0833,0.68645459,0,0.00045705133,-2.0113667e-05,0,0,0.82969087,0.23025654,0.041779928,0,0.2107433
1918.1667,0.61066769,0,0.00054133247,-0.00068893591,0,0,0.73580807,0.23187612,0.045833472,0,0.18859373
1918.25,0.53469138,0.5249083,0.00064345042,-0.0018184252,0,0,0.68226457,0.23343295,0.048886612,26.66059,0.18152217
1918.3333,0.4369138,2.3973978,0.00079058018,-0.0014767804,0,-2.24477e-07,0.69093919,0.23063359,0.051306192,1.3600913e-06,2.5593929e-05
1918.4167,0.39725134,2.5345059,0.00080349098,0.57822539,0.0024203121,-3.1083781e-05,0.70471674,0.22397341,0.05399305,2.0240572e-05,3.9848784e-05
1918.5,0.40361015,3.0352112,0.00068169669,7.4304724,0.047029495,0.081494865,0.76759899,0.21623904,0.055812351,3.9280577,0.52020387
1918.5833,0.48267905,3.3577695,0.00039580927,8.8039475,0.060194576,0.11372967,0.96587181,0.21047014,0.057417229,0.91599378,0.6744183
1918.6667,0.57934452,3.9289817,0.00022189105,5.5961918,0.044599126,0.080975661,1.1950802,0.20790569,0.058428749,0.68318514,0.74016705
1918.75,0.63471048,0.27283715,0.00019064209,2.0455186,0.0033726882,0.0060252409,1.42258,0.20740716,0.059139367,0.039994713,0.26397325
1918.8333,0.59763651,0,0.00034199702,0.0029165935,0,0,1.6753531,0.20728765,0.059856031,0,0.18921395
1918.9167,0.5238835,0,0.00037428195,-8.2991778e-07,0,0,2.0296297,0.20706539,0.060963299,0,0.29863895
1919,0.45232434,0,0.0002620017,-1.2460929e-09,0,0,2.5407245,0.20649323,0.075055808,0,0.14696455
1919.0833,0.39378685,0,0.00030595847,-3.4046382e-06,0,0,2.9517696,0.20482726,0.096579134,0,0.12819662
1919.1667,0.35751422,0,0.00027094857,-4.2915471e-05,0,0,3.3379514,0.20138136,0.1167264,0,0.1163907
1919.25,0.32681247,0.24650485,0.00015806049,-2.3857333e-05,-2.0679297e-06,-4.1547662e-06,3.7885022,0.19703537,0.13629799,14.262985,0.20460391
1919.3333,0.36573445,1.4251957,0.00015847769,1.6794573,0.013373938,0.014363171,4.3369637,0.19325057,0.15273805,0.9940766,0.77010045
1919.4167,0.48458372,1.8480433,1.7507722e-05,9.6494794,0.07267144,0.096340171,4.9849396,0.19346868,0.16645645,1.2247765,1.3623986
1919.5,0.64944185,2.0996472,4.174502e-06,10.359538,0.079167762,0.12212826,6.2169366,0.19974235,0.18136539,0.00018000542,1.9627133
1919.5833,0.88476134,2.4118826,3.1146571e-06,7.1798668,0.05803859,0.097896075,7.8577995,0.21258262,0.19831488,9.9746811e-05,2.6629466
1919.6667,1.2215618,2.9177202,2.5351208e-06,4.8746376,0.042157227,0.075218179,9.880105,0.2318802,0.21460287,0.00010052281,3.5384138
1919.75,1.4762181,0.51764108,2.2749621e-06,1.793681,0.0055804255,0.010219956,12.579685,0.25690898,0.230298,1.3176575e-05,1.1837814
1919.8333,1.4472679,0,2.2220624e-06,0.020505357,0,0,15.906431,0.28152418,0.24514844,0,0.4709833
1919.9167,1.3426257,0,2.2750933e-06,0.0030398735,0,0,20.041889,0.30364171,0.26715338,0,1.016539
1920,1.3598496,0,0.00070641621,0.033683904,0,0,25.104454,0.32390663,0.29169652,0,0.44271085
1920.0833,1.2577334,0,3.7977759e-05,0.044487088,0,0,30.822596,0.34134239,0.31970927,0,0.40946633
1920.1667,1.2523301,0,3.8145332e-05,0.099291001,0,0,37.141369,0.35709584,0.34853321,0,0.40770963
1920.25,1.250046,0.51587867,3.8935883e-05,0.15266089,0,0,44.024651,0.37190175,0.37553778,25.998851,0.30183533
1920.3333,1.3781379,2.5547114,3.7118862e-05,0.70023971,0,0,51.859257,0.38936657,0.40027761,6.8327908e-08,4.6483388e-05
1920.4167,1.4144339,2.7256594,3.6060534e-05,1.8825413,0,1.4728516e-08,60.348595,0.41601491,0.42935187,1.1385665e-06,9.1709231e-06
1920.5,2.1722591,3.1834629,2.4919285e-05,6.5496427,0.068906615,0.13481874,68.725014,0.45206752,0.4681837,1.9473964,17.301243
1920.5833,3.5929896,3.5260546,1.5511401e-05,6.8736951,0.080906712,0.17535606,77.00238,0.50089341,0.51330829,5.0496701e-05,11.827756
1920.6667,4.6146601,3.0048443,1.2243448e-05,4.2760178,0.045411946,0.097139691,86.474976,0.56350678,0.56887758,3.3574679e-05,11.278203
1920.75,4.9832379,0,1.1120533e-05,1.029587,0,0,97.133354,0.63494283,0.63119549,0,1.6203566
1920.8333,4.9617123,0,1.1180687e-05,0.036000941,0,0,109.23811,0.70108008,0.68881273,0,1.3410294
1920.9167,4.8818802,0,1.1336158e-05,0.00090937702,0,0,122.23911,0.76076257,0.74141687,0,2.6802213
1921,4.6181893,0,1.1919957e-05,0.0037500498,0,0,137.57478,0.81551349,0.80684,0,1.1197722
1921.0833,4.4566402,0,1.253056e-05,0.011450075,0,0,152.12793,0.8627128,0.87056875,0,1.0835888
1921.1667,4.3519242,0,1.2952883e-05,0.10262338,0,0,167.16,0.90551078,0.92822343,0,1.0627513
1921.25,4.3378263,0.50145475,1.3159467e-05,0.18688608,0,0,183.19131,0.94573337,0.9819898,22.036223,1.3923857
1921.3333,4.4353879,2.0813069,1.3368986e-05,0.63385851,0,2.3947313e-10,199.80727,0.99097568,1.0153309,6.1602054e-10,1.8657681e-07
1921.4167,4.3345983,2.5799519,1.3689926e-05,3.1566773,0.046726483,0.074437766,217.08804,1.055266,1.0138829,14.716777,2.1118252
1921.5,6.8153748,4.0917457,9.4887691e-06,7.3218941,0.13821497,0.31424831,233.16573,1.1422133,0.98379362,3.1336819,45.15786
1921.5833,9.4951494,4.4335872,6.9938324e-06,6.3837375,0.12426531,0.29353244,251.00224,1.2641346,0.9552775,0.001252037,29.13447
1921.6667,12.303099,4.3508885,5.7740281e-06,3.7877864,0.078266975,0.17754495,269.9129,1.4258447,0.94417024,4.0933195e-11,37.97704
1921.75,13.762116,0,5.4138377e-06,0.69171436,0,0,290.1662,1.6222737,0.94617116,0,4.4802253
1921.8333,13.720623,0,5.4582042e-06,0.18271556,0,0,311.72018,1.8078151,0.9499312,0,4.4665763
1921.9167,13.694573,0,5.507814e-06,0.00066073904,0,0,334.08148,1.9751658,0.95332533,0,10.133779
1922,13.775794,0,0.026906667,0.00432776,0,0,347.16843,2.1284115,0.95649582,0,2.1775725
1922.0833,13.423149,0,4.6047926e-06,0.018942133,0,0,347.77969,2.2595985,0.95930254,0,0.607199
1922.1667,13.079959,0,4.8947122e-06,0.050630493,0,0,345.73621,2.3774903,0.96184254,0,0.60574534
1922.25,12.704551,0.66883262,5.3367266e-06,0.08174652,0,0,337.16177,2.4838145,0.96407282,29.91208,2.7522171
1922.3333,10.808133,2.7015458,6.3665648e-06,0.24133136,0,0,332.31516,2.5362906,0.95906729,0,5.245282e-08
1922.4167,7.1415384,2.9814942,8.7092321e-06,0.44469978,0,1.1485611e-10,331.53452,2.4821672,0.95668542,5.9324056e-09,5.2287728e-08
1922.5,2.5724946,3.3105935,2.6366446e-05,1.1060387,0.034339909,0.041483097,331.88257,2.3348057,0.95566559,6.3272081,0.20878039
1922.5833,1.2893539,5.271039,4.9398168e-05,3.3200155,0.15428544,0.3377733,330.32751,2.1266778,0.95439994,25.426394,2.6686778
1922.6667,1.6545093,6.1364002,2.7157452e-05,2.0841915,0.094060737,0.26728534,326.87204,1.9339107,0.95446438,11.860097,2.6105719
1922.75,1.9017742,0,2.3739984e-05,0.40791363,0,0,323.34354,1.7648962,0.95522374,0,0.6191824
1922.8333,1.8970933,0,3.6335787e-05,0.0009359429,0,0,320.38846,1.613126,0.95598733,0,0.61765828
1922.9167,1.8928183,0,3.7731195e-05,4.8884053e-06,0,0,317.32162,1.4761686,0.95667654,0,1.2156415
1923,1.9003747,0,2.0095045e-05,0.00010288494,0,0,313.52689,1.350796,0.95730877,0,0.56851534
1923.0833,1.875208,0,2.3251167e-05,0.015928476,0,0,301.84457,1.2433939,0.9578529,0,0.56235153
1923.1667,1.7749291,0,5.7081474e-05,6.5561804e-06,0,0,267.56482,1.1482017,0.95832163,0,0.51526773
1923.25,1.5747274,1.0354531,0.00014460813,0,0,0,210.97105,1.0671586,0.95844638,47.128888,0.37576737
1923.3333,1.6897352,3.8481287,0.00027223834,0,0,0,156.27893,0.99826205,0.95844638,0,1.2764423e-05
1923.4167,1.9720085,4.0571117,0.0002985131,0.0047180478,0.00089563332,0,103.88541,0.94276452,0.95844638,0,4.6222866e-06
1923.5,2.5062968,5.2810432,0.00020316501,0.26916144,0.16938553,0.3322914,93.575737,0.89773464,0.95844638,21.801898,5.8419542
1923.5833,3.4267469,6.7870333,0.00011268791,0.31314775,0.19897978,0.47706429,86.646828,0.86284947,0.95844638,0.35890395,6.960544
1923.6667,4.2375117,7.2374237,9.6165837e-05,0.20224019,0.13486453,0.32365984,80.340157,0.83964372,0.95844638,0.36844718,6.6896011
1923.75,4.6255006,0,9.0597554e-05,0.049329381,0.003254589,0.0081014299,74.014832,0.82392043,0.95844638,0,1.6797731
1923.8333,4.5028217,0,0.00014936434,0.00016300745,0,0,68.214478,0.81058693,0.95844638,0,1.466035
1923.9167,3.9874916,0,0.00016582086,0,0,0,62.815788,0.79855108,0.95844638,0,2.8841749
1924,3.5771527,0,0.0001923501,0,0,0,56.139256,0.78750873,0.95844638,0,1.1646544
1924.0833,2.9814348,0,0.0002445569,0,0,0,48.427433,0.77801323,0.95844638,0,0.97069975
1924.1667,2.5936111,0,0.00028968506,0,0,0,40.776489,0.76944202,0.95844638,0,0.84443156
1924.25,2.2860358,0.85644005,0.00033324517,0,0,0,32.229809,0.76142997,0.95844638,38.740946,0.73359683
1924.3333,2.2468527,3.2625634,0.00036207505,0,0,-2.2597076e-09,23.987057,0.75513285,0.95844638,0,0.76920529
1924.4167,2.503261,3.6954279,0.00048899016,0.08731146,0.091434348,0.10129267,31.080667,0.75115031,0.95844638,6.4614227,7.0893536
1924.5,3.5484321,4.6571954,0.00035981461,0.28877625,0.24196069,0.36846073,30.914764,0.7501083,0.95844638,3.2425876,8.3775691
1924.5833,4.5286235,5.392821,0.00026087611,0.30557547,0.20888474,0.36584939,32.156033,0.75464767,0.95844638,3.4342485,9.556366
1924.6667,5.516699,6.103239,0.0001729005,0.20200855,0.1393289,0.26279208,32.016285,0.76354289,0.95844638,3.266894,9.8910877
1924.75,6.1205951,0.83684822,0.00013761835,0.01689394,0.0094815248,0.021888736,32.046936,0.7754966,0.95844638,0.37653755,3.2198143
1924.8333,6.1095185,0,0.00015160399,0.0025532277,0,0,33.149853,0.78717607,0.95844638,0,1.9891456
1924.9167,6.0972292,0,0.00014954187,0.00012318982,0,0,32.698269,0.79771912,0.95844638,0,4.5132385
1925,5.9744939,0,0.00017466296,1.9403458e-07,0,0,29.703386,0.80739164,0.95844638,0,1.9451854
1925.0833,4.9345442,0,0.00023145492,0,0,0,26.715528,0.81570333,0.95844638,0,1.6065979
1925.1667,4.3144668,0,0.00026428167,0,0,0,23.829952,0.82321048,0.95844638,0,1.4047091
1925.25,3.7784646,0.50397142,0.0002990996,0,0,0,23.230936,0.83022207,0.95844638,36.504341,1.0367397
1925.3333,3.2645119,3.1064157,0.00033068508,0.004900016,0.00067414589,0,22.237301,0.83278698,0.95844638,8.3285354e-09,7.534817e-07
1925.4167,3.0237657,3.9557852,0.00031712037,0.24207306,0.15955344,0.19814425,20.661371,0.82363498,0.95844638,18.699836,6.1429636
1925.5,3.8079976,5.8807079,0.00016593783,0.44575827,0.28425301,0.50746675,18.133751,0.80746192,0.95844638,6.2525306,8.7839139
1925.5833,4.5557353,6.5500755,0.00011348935,0.39986823,0.25534404,0.48952077,16.110661,0.79637945,0.95844638,1.60439,5.1342392
1925.6667,5.1911725,7.1152085,0.00010262943,0.23687831,0.15628178,0.31016409,14.520781,0.7904442,0.95679325,1.5851299,5.2317201
1925.75,5.8092163,5.6330878,9.2662624e-05,0.12965602,0.075375949,0.15272117,13.342212,0.78818297,0.95264322,1.1219716,4.7929375
1925.8333,5.9287925,0,0.00013526708,0.0047101419,0,0,12.519153,0.78803414,0.9496659,0,1.9304116
1925.9167,5.646606,0,0.00015668872,8.9419512e-05,0,0,11.456087,0.78808498,0.94734806,0,4.2135223
1926,5.8213291,0,0.00036780955,3.9372169e-07,0,0,9.5025272,0.78817004,0.94205594,0,1.8953095
1926.0833,5.3357887,0,0.00018912365,0,0,0,8.0131207,0.78824884,0.94150364,0,1.7372033
1926.1667,4.4858726,0,0.00023773157,0,0,0,6.6451612,0.78831673,0.94150364,0,1.4604995
1926.25,3.9312206,0,0.00027452625,0,0,0,5.4190402,0.78837228,0.93782306,0,1.2799256
1926.3333,3.1522724,4.0815352,0.00035956356,0.0071395228,0.0019205598,0,4.3310661,0.78475612,0.92602748,49.519776,0.038616823
1926.4167,2.2851485,4.9203644,0.00051862124,0.2818604,0.15311803,0.19221348,3.6297274,0.7645359,0.90734565,19.145025,4.9425919
1926.5,2.5476625,8.3537977,0.00043270341,0.75755908,0.35429398,0.78791105,2.8708751,0.72891504,0.86418658,28.614304,14.90335
1926.5833,3.6784767,9.7856568,0.00030066198,0.63383184,0.2650635,0.68681314,3.406713,0.69876224,0.82129681,6.9640478,9.0570311
1926.6667,4.6011675,10.808096,0.00023150397,0.4671441,0.19093839,0.51366964,3.7275248,0.68008792,0.79323024,6.6012382,8.550671
1926.75,5.2170781,2.5737626,0.00022138341,0.12354689,0.032550475,0.087360957,3.8453739,0.67019433,0.77660996,1.347516,3.4124019
1926.8333,5.2232114,0,0.00021385936,0.0037314487,0,0,3.972868,0.65804464,0.75596327,0,1.7005741
1926.9167,5.2122483,0,0.00020633631,8.0686895e-07,0,0,3.9590259,0.64687264,0.73703611,0,3.7662729
1927,5.3540282,0,0.00019250374,0.00011676884,0,0,3.6278799,0.63662487,0.71967047,0,1.7423786
1927.0833,4.9859756,0,0.00021093123,0,0,0,3.4540455,0.62780613,0.70472151,0,1.6204873
1927.1667,4.2848559,0,0.00024413127,0,0,0,3.253813,0.61983085,0.69119763,0,1.3926601
1927.25,3.6206078,1.4728059,0.00029484244,0,0,0,3.0141165,0.6124298,0.6786685,89.793614,1.2093592
1927.3333,2.8478054,7.1212417,0.0003796602,-5.2744534e-05,0,0,2.8437726,0.60531896,0.66819996,0.015509894,0.020381654
1927.4167,1.9025962,7.1344017,0.00057152205,0.25045944,0.088222204,0.13875345,2.5596006,0.58729851,0.64474708,12.621024,2.0547517
1927.5,1.8583757,9.6935425,0.00051198626,1.0971384,0.34976456,0.82121238,2.1480522,0.56102031,0.60406607,19.987705,9.2667459
1927.5833,2.666119,10.81288,0.00029661483,0.98204946,0.29409639,0.76329967,1.7754641,0.54414576,0.56202841,4.1512709,6.5275831
1927.6667,3.3476099,8.4517654,0.00026214542,0.64066273,0.16467744,0.42410286,1.5450141,0.53444719,0.5302422,3.1609753,5.1370262
1927.75,3.5257135,0,0.00026123784,0.012844581,0,0,1.7088245,0.52298814,0.50383681,0,1.1479515
1927.8333,3.5137441,0,0.00031843758,0.00060991293,0,0,1.8028629,0.51082146,0.47996628,0,1.1444334
1927.9167,3.4973598,0,0.00029850536,8.6824831e-21,0,0,1.7679082,0.49983469,0.458419,0,2.615137
1928,3.6074058,0,0.00026303701,0.00077042595,0,0,1.6496872,0.48975015,0.43864936,0,1.1748038
1928.0833,3.5965538,0,0.000260275,0.0034087791,0,0,1.5630959,0.48106545,0.42163095,0,1.1710708
1928.1667,3.5793746,0,0.00027475235,0.00053601114,0,0,1.4610155,0.47320509,0.40623462,0,1.1665306
1928.25,3.5185053,3.1646034,0.00029738236,0.016060518,0,2.0193106e-12,1.3763747,0.46600729,0.39182273,143.40679,1.5341607
1928.3333,3.0460642,12.204223,0.00034551465,0.061730619,0,0,1.297991,0.46005997,0.37768126,3.2475027e-17,1.5258532e-09
1928.4167,2.1750685,13.311035,0.00048573609,0.77596499,0.17424991,0.48146974,1.2000761,0.44454968,0.35982752,28.219677,5.51402
1928.5,2.6939709,16.16887,0.00031016933,2.0102368,0.41659787,1.4230969,1.0405862,0.4219633,0.33967602,9.4259315,10.847635
1928.5833,3.5591426,16.972119,0.00016183914,1.711087,0.32964131,1.1181729,1.0232812,0.40569645,0.32463247,3.0001751,7.716491
1928.6667,4.317984,17.674875,0.00015470425,1.2792773,0.24002625,0.78627444,1.062659,0.39563003,0.31454831,2.8098157,8.6657519
1928.75,4.7151251,0,0.0001425425,0.20717057,0.0051480454,0.018997633,1.0589142,0.38840941,0.30677807,0,1.7530757
1928.8333,4.7004241,0,0.00014964324,0.0078956565,0,0,1.0384887,0.38129264,0.29934236,0,1.5303711
1928.9167,4.6508131,0,0.00013846201,6.2211615e-06,0,0,0.99823403,0.37486652,0.29263034,0,3.3918319
1929,4.673793,0,0.0001357452,0.0083952147,0,0,0.94617474,0.3689656,0.28647211,0,1.5217003
1929.0833,4.6596974,0,0.00013625257,0.0085443808,0,0,0.923931,0.36388364,0.28117085,0,1.5171111
1929.1667,4.6399655,0,0.00016450453,0.0034157752,0,0,0.9163968,0.35928324,0.27637488,0,1.5106869
1929.25,4.6842624,8.9777978,0.00018001861,0.012180327,0,0,0.93154031,0.35516608,0.27208444,217.28296,3.9157234
1929.3333,4.8644678,18.454596,0.00018619478,0.067888452,0,0,0.92584747,0.35183075,0.26945892,0.87833225,2.1019851
1929.4167,4.7304491,19.451829,0.00019831308,1.7820188,0.2544677,0.801693,0.88213921,0.34571218,0.266415,17.362113,8.0199767
1929.5,5.5884635,21.105841,0.00012244111,4.0756585,0.52282214,1.9053242,0.8097716,0.33913442,0.2636525,4.483723,10.087017
1929.5833,6.3861185,21.895541,9.0386922e-05,2.6826715,0.34811057,1.2676472,0.84544802,0.33618116,0.26387292,3.0812219,9.6591534
1929.6667,7.2514033,22.577733,7.4646741e-05,2.1838317,0.28372093,1.0039088,0.9148075,0.33625317,0.26772079,2.4650496,11.84012
1929.75,7.9443771,5.9253075,7.7284938e-05,0.56018679,0.053557141,0.19384621,0.96636868,0.33900592,0.27350071,0.53410856,5.4949061
1929.8333,7.6265652,0,8.3057821e-05,0.0030744262,0,0,0.99839497,0.34206596,0.27987546,0,2.4779502
1929.9167,7.5302189,0,7.8102814e-05,0.00025643166,0,0,1.0104473,0.34478614,0.28625396,0,5.3332395
1930,7.7426862,0,0.00018025147,0.0035311448,0,0,0.97092241,0.34726104,0.29247218,0,2.5195996
1930.0833,7.2565097,0,8.5856962e-05,3.1830806e-06,0,0,0.94641614,0.34936404,0.29790142,0,2.354813
1930.1667,6.739229,0,0.00010175259,2.9717658e-07,0,0,0.91291147,0.35116571,0.30129343,0,2.1934974
1930.25,6.0046478,1.1060241,0.0001259014,-1.4323358e-05,0,0,0.84747303,0.35280606,0.30102107,201.92695,2.9654362
1930.3333,4.7027324,15.962956,0.00016995012,0.024976057,0,0,0.81055355,0.35237992,0.29924673,0,0
1930.4167,3.0515064,16.164845,0.00027948312,0.40341839,0.02245135,0.034860444,0.8840915,0.34345862,0.29375386,1.7728391,0.35418584
1930.5,1.9701552,19.562794,0.00042210708,4.0789868,0.46165947,1.2715573,0.92353803,0.32495031,0.27975884,45.569545,13.019968
1930.5833,2.896545,21.312719,0.00022707082,4.1555025,0.41502822,1.243604,0.83047694,0.3089745,0.2630533,4.2586033,8.7022712
1930.6667,3.5700379,16.096178,0.00013805534,2.3226251,0.21518711,0.64942379,0.79007614,0.29899561,0.2510455,2.7282087,5.8915058
1930.75,3.731221,0,0.00012073298,0.45966979,0,0,0.7802614,0.29137161,0.24115796,0,1.2147935
1930.8333,3.7162784,0,0.00015202566,4.7987414e-05,0,0,0.7834847,0.28437266,0.23216161,0,1.2099342
1930.9167,3.7059016,0,0.00016274599,0.0096971807,0,0,0.77905965,0.27804446,0.22407305,0,2.5289259
1931,3.7977621,0,0.0001461676,0.0006452891,0,0,0.75235301,0.27222094,0.21681906,0,1.2364551
1931.0833,3.7872798,0,0.00014496459,0.0097011531,0,0,0.7270776,0.26719072,0.21068744,0,1.2330621
1931.1667,3.7361928,0,0.00014596878,0.0013357215,0,0,0.69919902,0.26261628,0.20535262,0,1.2163684
1931.25,3.4136127,5.257247,0.00016215786,0.030257003,0,6.442305e-10,0.67128795,0.25833705,0.20046091,239.64779,2.0622909
1931.3333,3.4843772,20.101966,0.00015636603,0.5357099,0.011877147,0.0037246877,0.65292853,0.25476432,0.19648343,0.82979338,3.1322515
1931.4167,3.8322329,20.915931,0.00013466264,5.1677816,0.37189052,1.1474452,0.63451636,0.25093481,0.1931261,5.6006034,7.6540489
1931.5,4.5632706,21.598132,8.9349975e-05,6.7154404,0.46558162,1.4851267,0.6171242,0.24885552,0.19181973,1.4616297,9.0913052
1931.5833,5.382352,22.20628,7.3432129e-05,5.5889826,0.39121538,1.2122004,0.62965447,0.24959978,0.19339965,1.2056665,11.174169
1931.6667,6.3174684,18.940907,6.2861312e-05,3.6896955,0.23849711,0.70530807,0.63910669,0.25342163,0.19753501,0.8438078,11.350226
1931.75,6.6596647,0,5.6198845e-05,0.6911788,0,0,0.64087975,0.2594108,0.20333613,0,2.1600461
1931.8333,6.6422713,0,5.6402827e-05,0.01788053,0,0,0.63903326,0.26508191,0.20913664,0,2.1607011
1931.9167,6.6320943,0,5.5748766e-05,2.7614902e-05,0,0,0.63092303,0.27016476,0.21449168,0,4.5971224
1932,6.6742701,0,5.567641e-05,3.3756363e-05,0,0,0.61621761,0.27465269,0.21943828,0,2.1566828
1932.0833,6.1774454,0,5.9854669e-05,0.0010476582,0,0,0.61525476,0.2779628,0.22327641,0,1.9987124
1932.1667,6.0402458,0,6.062094e-05,0.011152123,0,0,0.60466158,0.28040007,0.2259887,0,1.9665911
1932.25,6.0604429,5.5595213,5.9185979e-05,0.061822336,0,0,0.59937859,0.28265086,0.22849999,252.62772,4.7341839
1932.3333,6.7529776,21.199062,5.3973356e-05,0.12054996,0,0,0.61601424,0.28594923,0.23197742,1.7163462e-07,9.4028734
1932.4167,7.0909373,21.730883,5.0197148e-05,0.54717645,0.009878469,0.0032273636,0.64626503,0.29299954,0.23830895,3.4600267e-05,2.2316181
1932.5,9.041083,22.24244,3.8449412e-05,6.3586857,0.52890472,1.4325302,0.66104174,0.30344915,0.24763186,0.051276093,32.825848
1932.5833,10.632258,22.753032,2.8464734e-05,4.7515464,0.39692941,1.0675645,0.6914764,0.31873143,0.26134124,0.1640467,20.976294
1932.6667,12.319328,17.774241,2.5123729e-05,3.3048909,0.24804157,0.6293645,0.7375775,0.33872777,0.27855316,0.083834816,20.595957
1932.75,12.861181,0,2.3246024e-05,1.0911168,0,0,0.77684724,0.3615104,0.29819217,0,4.1735683
1932.8333,12.827672,0,2.6641477e-05,0.011618495,0,0,0.78642547,0.3824628,0.31668866,0,4.1746629
1932.9167,12.438238,0,2.8811797e-05,0.0019989362,0,0,0.78935921,0.40121818,0.33347437,0,7.7303216
1933,12.355136,0,9.5544776e-05,7.9753624e-06,0,0,0.79613411,0.41786736,0.3490257,0,3.9634618
1933.0833,11.456962,0,3.5134839e-05,0.00058341068,0,0,0.80806518,0.43036759,0.36346766,0,3.6983112
1933.1667,11.34681,0,3.5960129e-05,2.6157456e-05,0,0,0.81096488,0.43984628,0.37867409,0,3.6869117
1933.25,10.418094,4.6909587,3.7907608e-05,-7.0331203e-05,0,0,0.80989772,0.44833502,0.3937276,215.76492,3.1842419
1933.3333,8.9387065,17.054973,4.2057469e-05,0.20053968,0.0017747458,9.7877309e-07,0.79997307,0.45395079,0.40476641,0,0
1933.4167,8.2257148,18.36128,4.4256136e-05,3.3633068,0.32768283,0.67703664,0.78486758,0.45376313,0.40943527,30.973973,14.081902
1933.5,9.2731658,20.584892,3.2689699e-05,6.2730343,0.61109546,1.4025887,0.79156631,0.45182666,0.41081625,2.2880845,11.280118
1933.5833,10.042317,21.201309,2.8628268e-05,4.8199236,0.47386429,1.0564145,0.81944907,0.45302358,0.41338101,1.3402711,9.3852309
1933.6667,10.756807,18.105051,2.6755519e-05,2.6736412,0.25202709,0.54109357,0.85039759,0.45688069,0.41701558,1.031275,9.1269973
1933.75,10.993993,0,2.7633367e-05,0.32167748,0,0,0.88651162,0.4624275,0.42142177,0,3.5768152
1933.8333,10.967297,0,3.2509935e-05,0.011751572,0,0,0.92174655,0.46767256,0.42566088,0,3.5688333
1933.9167,10.932508,0,3.2731812e-05,1.9894559e-07,0,0,0.95048463,0.47232121,0.42953226,0,7.0279535
1934,10.077749,0,3.2862263e-05,1.1824274e-06,0,0,0.95043582,0.47614047,0.43306065,0,3.2681958
1934.0833,8.6992914,0,3.8097027e-05,0.0023694221,0,0,0.96396065,0.47822353,0.43594187,0,2.8324081
1934.1667,8.0800094,0,4.0039828e-05,6.5661553e-05,0,0,0.96289855,0.47979543,0.43853709,0,2.6307167
1934.25,7.2150514,3.6309024,4.2913809e-05,-0.00034922815,0,0,0.95788109,0.48126659,0.44097409,166.79506,2.1396203
1934.3333,6.6386214,13.152108,4.5028479e-05,0.16490114,0.0051866155,3.7411159e-05,0.94688225,0.48372185,0.44386342,0.023342746,1.1031902
1934.4167,7.3256795,13.640539,4.03472e-05,4.4856925,0.55116812,0.78591692,0.93581074,0.48844314,0.44865867,3.2528866,15.15436
1934.5,8.3637675,14.187385,2.5123607e-05,5.2077513,0.61672761,0.99204543,0.97880673,0.49670234,0.45657009,0.040279257,11.343773
1934.5833,9.4373887,14.666507,2.2550674e-05,4.3470713,0.51774481,0.83494783,1.0245452,0.50966048,0.46854228,0.022326945,14.110089
1934.6667,10.6925,15.118695,2.0332134e-05,3.1778731,0.39547921,0.60506522,1.0649093,0.52748519,0.4847033,0.020839795,17.061208
1934.75,11.700633,3.9725639,1.8614513e-05,0.93682709,0.060995041,0.091637562,1.144642,0.55071765,0.50479066,0.008941075,8.0540408
1934.8333,11.645561,0,2.3826706e-05,0.0048774431,0,0,1.2261419,0.57409209,0.52495539,0,3.7889778
1934.9167,10.934918,0,2.6080321e-05,4.0800874e-05,0,0,1.2976674,0.59515268,0.54332125,0,6.7406748
1935,10.194807,0,2.7445558e-05,-7.7901233e-07,0,0,1.3717438,0.61407262,0.56041586,0,3.302519
1935.0833,9.0880375,0,2.9998369e-05,-3.9542363e-06,0,0,1.4425206,0.62996012,0.57532084,0,2.9589428
1935.1667,8.12806,0,3.2498036e-05,-0.0015673979,0,0,1.4942489,0.64428169,0.58880568,0,2.6463793
1935.25,7.2585563,1.9362387,3.5079025e-05,-0.0037700959,0,0,1.5444615,0.65767705,0.60145617,101.22272,1.9439672
1935.3333,6.6096862,8.0573391,3.7536578e-05,-0.0036896253,0,0,1.5916114,0.67216402,0.6156013,4.3636062e-07,0.21628876
1935.4167,6.2859436,7.9607842,3.7799789e-05,0.31848425,0.013273929,0.0021465036,1.5991372,0.69170958,0.63592023,0.28964287,0.065125207
1935.5,8.0067283,9.1419071,2.5075489e-05,4.7284309,0.56609516,0.57066196,1.6488717,0.71374434,0.66231012,9.3202556,28.775184
1935.5833,9.4188508,9.6686967,1.6835724e-05,4.2787515,0.51754548,0.54820095,1.839439,0.73738754,0.696715,0.00054805127,11.799966
1935.6667,10.579371,9.7476747,1.5331658e-05,2.8299231,0.35007623,0.37004573,1.9555984,0.76340055,0.73953825,0.00041041623,15.171423
1935.75,11.18672,0,1.4362397e-05,0.94154958,0,0,2.1489484,0.79221439,0.78908896,0,3.6374098
1935.8333,11.156815,0,1.3832595e-05,0.0087070385,0,0,2.4320788,0.81933481,0.83542681,0,3.6324136
1935.9167,10.682483,0,1.4679724e-05,0,0,0,2.7401712,0.8438983,0.87725788,0,6.697944
1936,10.720844,0,1.5080856e-05,3.7027041e-06,0,0,3.0651443,0.86667341,0.91568655,0,3.4890044
1936.0833,10.143365,0,1.5801274e-05,0.0021706538,0,0,3.4087198,0.88644087,0.94876665,0,3.2399088
1936.1667,9.9145994,0,1.6333866e-05,0.0049495019,0,0,3.6786115,0.90448511,0.97868615,0,3.1563343
1936.25,9.8836906,1.6552138,1.6246373e-05,0.040237413,0,0,3.7017052,0.92147404,1.0066663,74.676394,2.3528779
1936.3333,9.8756487,6.4978902,1.5945308e-05,0.14699753,0,0,3.6683733,0.93935275,1.0284098,0,2.028646e-09
1936.4167,10.264456,7.8476714,1.5148991e-05,2.360735,0.34262503,0.30729447,3.6456015,0.96264714,1.0379512,29.347993,24.675478
1936.5,12.773082,10.135046,1.228452e-05,4.4813629,0.72163981,0.74443878,4.0210614,0.99438101,1.0369651,5.496328,22.530722
1936.5833,14.871332,10.639744,9.280011e-06,3.3495086,0.56264511,0.58450507,4.7252512,1.0394462,1.0387965,0.042962472,27.848448
1936.6667,17.506391,11.019832,8.0182017e-06,2.3608067,0.40755426,0.41573889,5.4728498,1.0987087,1.0495331,3.9011511e-06,36.365343
1936.75,19.733137,2.5385714,7.2022481e-06,0.65696934,0.069052509,0.074988462,6.1771665,1.1734735,1.070121,5.8688503e-07,15.793199
1936.8333,19.77695,0,6.6080402e-06,0.027576851,0,0,6.9096651,1.2477641,1.0921283,0,6.4390399
1936.9167,19.735925,0,6.1459145e-06,0.00011858606,0,0,7.9060593,1.3147644,1.111997,0,12.247952
1937,20.152727,0,6.4490669e-05,0.0076017452,0,0,9.387291,1.3759214,1.1302392,0,6.5614016
1937.0833,20.092348,0,8.1258031e-06,0.0029685143,0,0,11.047871,1.428477,1.1459444,0,6.4534237
1937.1667,19.966958,0,9.1287457e-06,0.0035670306,0,0,12.765941,1.4756802,1.1601552,0,6.3468827
1937.25,19.849524,1.1882444,9.6986096e-06,0.013270418,0,0,14.763581,1.5194712,1.1734288,71.720633,5.127516
1937.3333,18.774545,6.1772498,1.0311066e-05,0.044686704,0,0,16.942955,1.5526037,1.1796637,0,0
1937.4167,17.012419,6.5504839,1.1299298e-05,0.31118404,0.026326141,0.0011433122,19.593239,1.5646992,1.1682346,0.034562694,1.3318862e-05
1937.5,15.226621,10.619762,1.1147549e-05,3.5657832,0.78727074,0.784699,21.901114,1.5535778,1.1349005,71.23711,18.967136
1937.5833,16.140429,13.452963,8.0841273e-06,3.3048762,0.74708396,0.86734327,24.286423,1.5346932,1.0816509,2.1581218,13.033969
1937.6667,17.080354,13.829651,6.9658795e-06,2.0657793,0.48130698,0.55473612,27.62035,1.5223149,1.0308456,0.00028419592,10.189804
1937.75,17.699411,4.0764026,6.5507361e-06,0.65413577,0.094365734,0.1040677,31.483446,1.5142601,0.98824614,7.1512601e-05,7.1617636
1937.8333,17.683638,0,6.5522872e-06,0.019015988,0,0,36.15015,1.5078748,0.9508757,0,5.757949
1937.9167,17.622866,0,7.4854001e-06,6.9253646e-21,0,0,41.551548,1.5020856,0.91716647,0,11.332298
1938,17.844746,0,8.0247046e-06,9.1888415e-06,0,0,47.289967,1.4964399,0.88623947,0,5.8156426
1938.0833,17.79223,0,8.2665565e-06,5.4092726e-06,0,0,53.51239,1.4912739,0.85960615,0,5.7981318
1938.1667,17.714154,0,8.4437361e-06,0.0016093333,0,0,60.080479,1.4863968,0.83548814,0,5.768783
1938.25,17.662309,1.3726788,8.5518268e-06,0.038696586,1.2251281e-06,0,67.367218,1.481729,0.81286359,99.706475,4.8064329
1938.3333,17.657859,8.4738713,8.652205e-06,0.22394275,0.032186067,0.0016739096,74.932846,1.4778581,0.79218072,0.04500137,0.088473317
1938.4167,18.25374,12.673027,8.3638224e-06,3.0956259,0.88903904,0.93535494,83.157944,1.474345,0.77314037,70.305854,17.394748
1938.5,19.768288,15.005066,6.4283367e-06,3.2141674,0.90645172,1.1188184,92.953232,1.4745086,0.75858641,0.00016151974,17.031831
1938.5833,21.353353,15.357649,5.602265e-06,2.4249665,0.70960129,0.87078553,103.841,1.481149,0.75090176,6.8319779e-05,22.483055
1938.6667,23.374191,14.108103,5.0837052e-06,1.6499091,0.48501617,0.56965507,114.59474,1.4958951,0.7517373,7.4612312e-06,28.014883
1938.75,24.291452,0,4.9037258e-06,0.70049947,0,0,125.71354,1.517537,0.76000476,0,7.9088907
1938.8333,24.218673,0,4.9289497e-06,0.022411201,0,0,137.47299,1.5382637,0.76866961,0,7.8851946
1938.9167,24.168018,0,5.0723766e-06,0.00038949647,0,0,149.48869,1.5568705,0.77649379,0,15.872712
1939,24.109516,0,5.4258394e-06,1.4209911e-09,0,0,161.02361,1.5735378,0.78367758,0,7.8827586
1939.0833,23.300564,0,6.3619018e-06,0.0049382693,0,0,171.83154,1.5871729,0.78986287,0,7.5926702
1939.1667,23.230953,0,6.7556653e-06,0.00044480695,0,0,184.70741,1.5991167,0.7954486,0,7.564925
1939.25,23.161909,1.4552289,6.8576305e-06,0.030768331,0,0,198.44519,1.6102448,0.80066055,105.74518,6.368766
1939.3333,23.11681,8.9621926,6.9853991e-06,0.066255871,4.8485952e-06,0,211.64719,1.6221907,0.80933022,0,0.26610146
1939.4167,23.088943,9.90998,7.2566495e-06,0.81393649,0.35752613,0.24498312,220.53418,1.6342374,0.83063424,50.619241,5.892866
1939.5,27.02391,15.95689,6.2020081e-06,2.5756012,1.1956736,1.3632357,232.83127,1.6469707,0.86845005,25.542371,65.479661
1939.5833,30.671099,16.355714,5.3960548e-06,1.9086522,0.91037068,1.0540434,249.00526,1.6697437,0.93009549,5.2124946e-05,48.408279
1939.6667,35.00152,16.669126,4.8721477e-06,1.2341653,0.61080228,0.68442465,263.91907,1.7058598,1.0192556,9.9634545e-08,65.238954
1939.75,38.642012,3.2608577,4.621344e-06,0.25657947,0.068144447,0.072436145,277.38699,1.7577825,1.1385835,2.0229218e-09,27.063543
1939.8333,38.648333,0,4.8470943e-06,0.00017850213,0,0,292.62717,1.81078,1.2582945,0,12.508905
1939.9167,36.111873,0,5.4572174e-06,-1.3929039e-09,0,0,310.32892,1.8586397,1.3663837,0,21.726311
1940,32.638181,0,5.8279684e-06,-4.325846e-08,0,0,329.38547,1.9025708,1.4655558,0,9.4575858
1940.0833,28.929098,0,6.4467863e-06,-1.9482579e-07,0,0,348.27994,1.9404238,1.5509287,0,8.4167353
1940.1667,25.645651,0,7.1472141e-06,-2.8793482e-07,0,0,367.40381,1.9747094,1.6281565,0,7.3664245
1940.25,22.766709,2.4978123,7.744783e-06,0.013493838,0.0067178609,0.00019156578,384.42383,2.0072398,1.6996148,60.941476,4.6945127
1940.3333,21.713341,6.0803588,8.0243281e-06,0.79449138,0.50301633,0.22645418,396.70456,2.0448422,1.7497025,45.950405,0.63735417
1940.4167,26.254699,9.9863922,6.8793506e-06,2.0948971,1.2126341,0.90161642,408.30164,2.0994294,1.7792234,9.8087517,94.141515
1940.5,32.267109,10.491922,5.5236492e-06,1.8499547,1.0657185,0.84950407,426.69531,2.1832922,1.8162847,0.17445918,72.956535
1940.5833,39.069407,10.789811,4.8480006e-06,1.4763389,0.88327743,0.70122795,444.33966,2.3068218,1.8778393,1.0813119e-05,96.950772
1940.6667,47.84482,11.060857,4.3585155e-06,0.90884919,0.56721785,0.43747771,456.38708,2.4777169,1.9716055,6.1205963e-09,125.77963
1940.75,55.036072,2.5328202,4.1499975e-06,0.21737141,0.093611653,0.071000087,466.40488,2.7052004,2.1068432,1.3849225e-09,48.027961
1940.8333,55.004187,0,4.2046331e-06,0.012258172,0,0,483.83273,2.9359488,2.2479494,0,15.513251
1940.9167,54.357629,0,4.3130121e-06,1.9852251e-06,0,0,503.08801,3.1443005,2.3754716,0,10.555207
1941,52.738123,0,4.5243182e-06,3.467427e-22,0,0,522.94342,3.3351445,2.492451,0,2.0321394
1941.0833,46.637855,0,4.9700111e-06,-1.2493129e-09,0,0,546.99042,3.498687,2.5929458,0,1.354999
1941.1667,39.732702,0,5.9311051e-06,-2.4565372e-08,0,0,560.81348,3.6453869,2.6836219,0,0
1941.25,33.453014,0.40275962,6.8276122e-06,-2.7048891e-08,0,0,575.40204,3.7808702,2.7681019,29.416282,8.5511218
1941.3333,30.07089,2.4598225,7.9712627e-06,0.13522658,0.11242237,0.012630929,547.64868,3.871242,2.8041584,0.76424015,0.0016528224
1941.4167,27.517531,3.8379452,8.2733459e-06,1.1854445,1.1574642,0.35350998,565.12354,3.8951354,2.7748406,34.435272,3.2364347
1941.5,28.860707,6.784271,7.2593948e-06,1.1182422,1.0436983,0.56757549,581.52124,3.907052,2.7261448,17.333529,47.368093
1941.5833,33.688031,7.3230113,6.5518834e-06,0.98819385,0.94965855,0.5395479,593.09277,3.9548643,2.7006607,0.16823545,63.51086
1941.6667,39.868824,7.5330343,5.9707268e-06,0.61829024,0.61563205,0.34690919,599.21985,4.0528741,2.7130513,0.0017811931,90.29278
1941.75,45.264315,1.4808354,5.6659524e-06,0.18173753,0.084048928,0.046614277,601.07739,4.2157273,2.7689207,2.3586907e-10,35.72051
1941.8333,45.095671,0,5.728285e-06,0.00073595622,0,0,613.0318,4.3882699,2.8342984,0,10.038302
1941.9167,44.308942,0,5.9038466e-06,1.1491641e-19,0,0,625.79028,4.5440049,2.8933594,0,7.2110911
1942,43.063607,0,6.1641413e-06,0.00090406145,0,0,636.60651,4.6864505,2.9474518,0,0.36668583
1942.0833,41.132387,0,6.4234778e-06,0.0054786563,0,0,648.98132,4.8083239,2.9939551,0,0
1942.1667,38.788144,0,8.0160726e-06,0.00026554373,0,0,523.55981,4.9169374,3.0320792,0,0
1942.25,36.107648,0.21096908,1.1963748e-05,7.080337e-07,0,0,173.89066,5.0137439,3.038847,15.19958,5.0624042
1942.3333,33.795215,1.3422753,1.2653668e-05,7.3455743e-08,0,0,171.62144,5.0719395,3.038847,0,0
1942.4167,28.521603,1.5914257,1.4083003e-05,0.15002743,0.60974271,0.082490271,174.06454,5.0471592,3.038847,8.3664169,0.0065182177
1942.5,24.001021,3.39953,1.4864978e-05,0.32244319,1.2620036,0.33334606,178.19438,4.9506731,3.038847,28.448881,7.3413498
1942.5833,25.26735,5.6984206,1.3870035e-05,0.24732324,0.97406304,0.40803031,174.12306,4.8550491,3.038847,18.065306,41.463629
1942.6667,30.083051,6.5660132,1.2658111e-05,0.1741477,0.72218588,0.32035249,164.48242,4.8157473,3.038847,0.52066275,62.971437
1942.75,33.73364,1.7255704,1.1926601e-05,0.037794677,0.12363352,0.056210331,156.48,4.8438129,3.038847,8.4999439e-05,21.577034
1942.8333,33.241428,0,1.207588e-05,0.0001996425,0,0,153.07973,4.8936596,3.038847,0,2.6336284
1942.9167,32.12592,0,1.2651346e-05,0,0,0,146.9655,4.9387784,3.038847,0,5.4493476
1943,30.766414,0,1.4507276e-05,0,0,0,134.26088,4.9799094,3.038847,0,0.24225545
1943.0833,29.16964,0,1.5609008e-05,0,0,0,127.83907,5.0148749,3.038847,0,0
1943.1667,27.462149,0,1.6349381e-05,0,0,0,123.87593,5.0459137,3.038847,0,0
1943.25,25.553627,0.064672982,1.7268994e-05,0,0,0,119.1175,5.0743032,3.038847,11.68073,4.9745281
1943.3333,24.234308,1.0517451,1.8298408e-05,0,0,0,114.65639,5.0760393,3.038847,0,0
1943.4167,20.735474,1.192074,2.0686542e-05,0.0077230312,0.1106216,0.0044046481,115.05633,4.9978943,3.038847,0.36990439,0.0024220638
1943.5,15.1408,2.1169838,2.4921856e-05,0.14727879,1.37791,0.19005254,120.27424,4.8316035,3.038847,19.30454,0.66933894
1943.5833,12.692013,4.0927245,2.7258426e-05,0.11994637,1.0801116,0.27162684,119.94543,4.6074648,3.038847,21.995774,10.901509
1943.6667,14.481421,3.1487176,2.4955805e-05,0.074203977,0.54078562,0.16519951,112.47485,4.4108582,3.038847,1.8811797,22.594629
1943.75,14.915586,0,2.5887142e-05,0.025055695,0,0,104.89176,4.2519927,3.038847,0,2.9818772
1943.8333,14.637677,0,3.4647117e-05,0.00010505978,0,0,103.59295,4.109726,3.038847,0,1.8446493
1943.9167,14.337421,0,3.7982067e-05,0,0,0,102.93159,3.9814913,3.038847,0,4.1024546
1944,14.207222,0,3.9075108e-05,0,0,0,95.815376,3.8640294,3.038847,0,1.7572093
1944.0833,13.798219,0,3.9753195e-05,0,0,0,89.174889,3.7631326,3.038847,0,0
1944.1667,13.295577,0,4.0364095e-05,0,0,0,84.757675,3.6721709,3.038847,0,0
1944.25,12.869862,0.64202334,4.1277326e-05,0,0,0,79.195374,3.5871243,3.038847,28.984547,4.8302542
1944.3333,12.139693,2.4918134,4.2504489e-05,0,0,0,74.561981,3.4893646,3.038847,0,0
1944.4167,8.7553337,2.6138898,5.2099349e-05,0,0,0,73.062836,3.346282,3.038847,0,0
1944.5,4.1402541,3.1177385,9.0704641e-05,0.060904528,0.87441972,0.16497945,74.08036,3.1419184,3.038847,19.749723,0.028855254
1944.5833,2.275093,5.4058838,0.00011409458,0.097514991,1.2687167,0.37509847,71.546654,2.8837373,3.038847,11.749579,14.574507
1944.6667,3.6579568,1.7363396,6.3007334e-05,0.061707866,0.29852085,0.0901143,64.527344,2.6569595,3.038847,0.25419303,5.0501562
1944.75,3.7222558,0,5.9308772e-05,0.01640448,0,0,59.503986,2.4613154,3.038847,0,1.2013888
1944.8333,3.7094965,0,8.5474116e-05,6.3087125e-06,0,0,54.206028,2.2845962,3.038847,0,1.1931405
1944.9167,3.7003474,0,0.00011861051,1.1633594e-07,0,0,50.577179,2.1250763,3.038847,0,2.5806703
1945,3.7852004,0,0.0001267745,0,0,0,49.587524,1.9787169,3.038847,0,1.1971362
1945.0833,3.6962677,0,0.00013368267,0,0,0,47.631332,1.8527249,3.038847,0,1.1697625
1945.1667,3.6368154,0,0.00013711637,0,0,0,44.015228,1.7387413,3.038847,0,1.1500632
1945.25,3.3254155,0.23351714,0.00016722232,0,0,0,41.254078,1.632001,3.038847,42.482583,1.0459169
1945.3333,3.0911334,3.480165,0.00017327341,0,0,0,39.871952,1.5374521,3.038847,0,0
1945.4167,3.1231698,3.7312692,0.00016635111,0.00094018196,0.028961019,4.3827673e-07,37.242184,1.4577783,3.038847,2.2216119e-06,0
1945.5,3.6204313,4.8997621,0.00011804383,0.092764698,1.2245779,0.32762213,33.936249,1.3881861,3.038847,18.688591,14.938445
1945.5833,4.8715076,6.0177199,6.4026812e-05,0.10928216,1.2084349,0.39220124,30.048487,1.3288604,3.038847,0.3053554,8.8691567
1945.6667,5.8998973,6.3721007,4.9729038e-05,0.083911892,0.90173636,0.291347,26.788073,1.2874924,3.038847,0.29824447,9.2065647
1945.75,6.7111128,2.1306521,4.6026671e-05,0.017639824,0.1790484,0.06206331,24.079802,1.2603874,3.038847,0.11003694,4.9709752
1945.8333,6.747609,0,5.1059011e-05,1.8399315e-07,0,0,21.990633,1.239476,3.038847,0,2.1777777
1945.9167,6.6744387,0,6.7718349e-05,0,0,0,19.242382,1.2206432,3.038847,0,4.7109521
1946,6.8412381,0,6.7529632e-05,0,0,0,15.821884,1.2033641,3.038847,0,2.2089292
1946.0833,6.5468913,0,7.0613743e-05,0,0,0,13.789011,1.1884898,3.038847,0,2.1024488
1946.1667,6.2555694,0,7.5335658e-05,0,0,0,11.446303,1.1750335,3.038847,0,1.9982051
1946.25,6.1204601,0.14824331,7.6160584e-05,0,0,0,9.6642208,1.1624327,3.038847,53.937842,1.929065
1946.3333,6.2222718,4.6616746,7.6686068e-05,0,0,0,8.4578848,1.1505755,3.038847,0,0.041543939
1946.4167,6.3302433,5.0922749,7.5056931e-05,0.015824124,0.18092477,0.022946122,7.2791119,1.1372446,3.038847,4.8907895,0.20624276
1946.5,7.0289243,7.2189295,6.1980427e-05,0.15136426,1.7612109,0.61596076,6.2074194,1.1219586,3.038847,18.953869,12.581148
1946.5833,8.031779,7.9028588,4.8830909e-05,0.11707397,1.2805374,0.48637537,5.3598795,1.1107318,3.038847,1.4344034,7.8316481
1946.6667,8.8146832,5.8172676,4.6002169e-05,0.087440535,0.69053742,0.26653821,4.6927471,1.1044464,3.038847,0.89053973,6.4424199
1946.75,8.9817019,0,4.4649274e-05,0.026431969,0,0,4.1861019,1.1010455,3.038847,0,2.8329775
1946.8333,8.9456877,0,5.3278567e-05,0.0001646906,0,0,3.7380278,1.0981956,3.038847,0,2.8212325
1946.9167,8.8343807,0,6.1502687e-05,1.4983456e-06,0,0,3.2609062,1.0956206,3.038847,0,6.1326758
1947,8.8452185,0,6.1828148e-05,0,0,0,2.7402954,1.093246,3.038847,0,2.7931371
1947.0833,8.4306756,0,6.6372733e-05,0,0,0,2.3945949,1.0911801,3.038847,0,2.6604132
1947.1667,8.3399052,0,6.880716e-05,0,0,0,2.1602275,1.0892804,3.038847,0,2.6365042
1947.25,8.2573695,1.0955955,7.1850256e-05,0,0,0,1.9557394,1.0874449,3.038847,66.022326,2.1663257
1947.3333,8.185843,5.7425564,7.276133e-05,0.0052748092,0.054945026,7.7194747e-10,1.7908623,1.0835848,3.038847,0,0.0096690817
1947.4167,8.375193,7.9597253,7.2824907e-05,0.18740383,1.6185545,0.58770246,1.6711044,1.0737064,3.038847,40.515311,15.823571
1947.5,9.777491,10.079086,5.4412165e-05,0.31267245,2.0290609,0.93362287,1.8086689,1.063219,3.0333357,3.7224283,11.002326
1947.5833,10.736088,10.734524,4.8336802e-05,0.27295047,1.5676992,0.72394918,2.1295834,1.0572436,2.9337666,2.4730503,9.9281426
1947.6667,11.64022,7.8486558,4.3044336e-05,0.1779435,0.74825514,0.34568529,2.3968735,1.054927,2.8145103,1.2648098,8.348194
1947.75,11.833813,0,4.0627143e-05,0.034886372,0,0,2.5978794,1.054666,2.7082181,0,3.8528681
1947.8333,11.796365,0,4.6681074e-05,0.00093532959,0,0,2.7458935,1.0545459,2.6117916,0,3.8297475
1947.9167,11.771332,0,4.5197154e-05,1.4587847e-05,0,0,2.8324056,1.0544267,2.524179,0,8.4784343
1948,12.115515,0,0.00014542672,5.3313004e-06,0,0,2.7446337,1.0543073,2.4432707,0,3.9339738
1948.0833,12.078043,0,4.6457877e-05,5.8055634e-05,0,0,2.687176,1.0542047,2.3735421,0,3.9222417
1948.1667,12.040712,0,4.747542e-05,4.7431039e-06,0,0,2.5506876,1.0541159,2.3104765,0,3.9105657
1948.25,11.923444,2.1886965,4.711148e-05,0,0,0,2.4221876,1.053941,2.2512727,99.037025,2.8748022
1948.3333,10.42106,8.4915031,5.2090982e-05,0,0,0,2.2518868,1.0464712,2.1874802,0.0018183886,0.0034468053
1948.4167,7.6740226,8.9223972,6.5604698e-05,0.006582648,0.010411614,0,2.1526775,1.0193813,2.1011918,0.001995247,0.0022253887
1948.5,3.3529229,10.568259,0.0001283709,0.22175066,0.89783083,0.3602063,2.1340692,0.96527457,1.98158,55.424658,2.5342337
1948.5833,2.134956,17.912885,0.00021488883,0.4897615,1.7164536,1.1703404,2.0541127,0.8890605,1.8183743,60.942422,14.089401
1948.6667,3.6000095,14.71219,0.00012202237,0.34065461,0.92233746,0.6963143,1.9504559,0.8232792,1.6472658,1.6727543,9.9309541
1948.75,3.909627,0,0.00015079895,0.018907444,0,0,1.9907515,0.76848412,1.4891574,0,1.272911
1948.8333,3.8967829,0,0.00014906764,9.4303949e-07,0,0,2.0245786,0.71927768,1.346288,0,1.2687311
1948.9167,3.6139321,0,0.00017228986,-6.7350086e-14,0,0,2.0065861,0.67485809,1.2173239,0,2.2868871
1949,3.1990709,0,0.0001821508,0,0,0,1.9549917,0.63409424,1.0989997,0,1.0409492
1949.0833,2.7502174,0,0.00022374271,0,0,0,1.9402114,0.59899306,0.9971416,0,0.89487323
1949.1667,2.3646073,0,0.00028648632,0,0,0,1.9334346,0.56722564,0.90499228,0,0.76938106
1949.25,2.0782806,2.6230493,0.00034964114,0,0,0,1.9312208,0.53747106,0.81869084,120.49177,0.89546844
1949.3333,1.9173385,9.3820486,0.00038219086,0,0,0,1.8697876,0.51088583,0.74063003,0.0050306217,1.2597502
1949.4167,1.7823144,9.1236932,0.00039425489,0.030088017,0.05016987,2.9241659e-06,1.7977417,0.4865728,0.67001528,0.0024123712,1.1547949
1949.5,1.9732977,10.232056,0.00029379566,0.61579689,1.304765,0.55260977,1.7208656,0.46253476,0.60625118,13.475957,8.4746696
1949.5833,2.7535732,11.30844,0.00017838996,0.88778651,1.4807196,0.70893374,1.6408389,0.44354746,0.54772836,2.0940621,6.598699
1949.6667,3.4389,11.939741,0.00013737084,0.75263623,1.1580316,0.55901672,1.6155115,0.43185285,0.49637154,1.9167143,7.0222168
1949.75,3.9438885,3.1784554,0.00012298406,0.19348917,0.19732289,0.096757322,1.5995768,0.42449656,0.45245919,0.48197412,3.0483479
1949.8333,3.9565805,0,0.00012371039,0.0064067379,0,0,1.58038,0.41791159,0.4136025,0,1.2878655
1949.9167,3.9381413,0,0.00012781218,2.7005121e-20,0,0,1.5564995,0.41192168,0.37853414,0,2.8582916
1950,4.0296642,0,0.00012252483,0.0014858171,0,0,1.52491,0.40642473,0.34635898,0,1.3116617
1950.0833,3.7396236,0,0.00013897002,2.3567757e-06,0,0,1.5136077,0.40169159,0.31866139,0,1.2171742
1950.1667,3.5015717,0,0.00015068559,0.0024646532,0,0,1.5145558,0.39740631,0.29360387,0,1.1397622
1950.25,3.4933703,0.72539557,0.00015047003,0.010053945,0,0,1.4999431,0.3933939,0.27013797,132.05483,1.5935921
1950.3333,3.5503325,11.176591,0.00014976058,0.038129804,0.023808376,5.3717936e-08,1.4840738,0.39008811,0.2480168,0.23137435,0.81440375
1950.4167,3.5823795,11.943175,0.00015013877,0.71960409,0.9748513,0.39460723,1.4823828,0.38555455,0.22547558,9.2909235,4.8029492
1950.5,4.1912119,13.107462,0.0001044341,2.0205251,2.3111734,1.2093467,1.4559412,0.38179275,0.20480108,3.3500215,6.5368197
1950.5833,4.8064645,13.825234,6.8487985e-05,1.6301966,1.8180624,0.95788915,1.424759,0.3814936,0.18745776,2.0268218,6.8261185
1950.6667,5.4596118,14.449307,6.256262e-05,1.1758595,1.2871102,0.66032581,1.4791712,0.38380212,0.17884283,1.8717716,8.0610335
1950.75,6.0666339,7.204866,5.5039927e-05,0.4930542,0.3514449,0.18373135,1.6185207,0.38832235,0.18671742,0.68869078,5.388537
1950.8333,6.1370335,0,5.1965424e-05,0.025035415,0,0,1.7452284,0.3928284,0.19891341,0,1.9970913
1950.9167,6.1247945,0,4.8023172e-05,0.0005681663,0,0,1.8094406,0.39678019,0.21078011,0,4.4032886
1951,5.8856071,0,0.00019097276,4.9098819e-20,0,0,1.7650816,0.40036932,0.22056149,0,1.9081123
1951.0833,5.2541499,0,8.2959144e-05,0.00013583511,0,0,1.6838437,0.40328041,0.21330452,0,1.7103545
1951.1667,5.1211417,0,8.3216779e-05,3.5113612e-05,0,0,1.5533491,0.4058606,0.19904333,0,1.6670536
1951.25,5.0654453,0,8.5739368e-05,0.0072940246,0,0,1.4903638,0.40827379,0.18564558,0,1.6489442
1951.3333,4.58762,11.63087,9.1817674e-05,0.1129257,0.11414299,1.4607891e-05,1.4633155,0.40927395,0.17375739,143.31689,0.54544829
1951.4167,4.2414749,14.815724,9.931012e-05,1.877465,2.2193911,1.1058274,1.4803261,0.40264711,0.16898182,40.656049,17.34846
1951.5,5.421388,16.926801,6.0740847e-05,2.1642117,2.396818,1.3298774,1.4691405,0.39622796,0.17344798,3.0025482,9.8151633
1951.5833,6.2080133,17.66484,5.3218562e-05,1.7068298,1.8169717,1.0035557,1.4729128,0.39471111,0.1812342,2.544727,8.8205496
1951.6667,6.9805328,18.336618,4.7773858e-05,1.3568566,1.4053758,0.75032785,1.4675877,0.39656383,0.18999846,2.0882135,10.141065
1951.75,7.4147512,0.60200074,4.8300692e-05,0.19531808,0.056469506,0.029343772,1.4639947,0.40044078,0.19941328,0.064781235,2.9011553
1951.8333,7.3936875,0,5.6306966e-05,0.0068054988,0,0,1.4642563,0.40399384,0.20851828,0,2.4072157
1951.9167,7.3782462,0,5.4124575e-05,4.0504654e-05,0,0,1.4591668,0.40722299,0.21681291,0,4.6666632
1952,7.4516418,0,5.315819e-05,1.00924e-06,0,0,1.4357845,0.41020554,0.22444886,0,2.4252613
1952.0833,7.2697974,0,5.3852109e-05,7.6754756e-05,0,0,1.4325086,0.4127439,0.23099931,0,2.3658532
1952.1667,7.2104153,0,5.3771928e-05,9.2290204e-05,0,0,1.4259604,0.41500133,0.23688811,0,2.3473123
1952.25,7.2033145,4.8274468,5.3391705e-05,0.0017837121,0,0,1.4212155,0.41712183,0.24237756,219.34941,2.9010301
1952.3333,7.3120426,18.480685,5.2813601e-05,0.0046895067,0,0,1.4198666,0.41913581,0.24706684,0.57338397,1.3074708
1952.4167,7.2768461,19.022547,5.3085823e-05,0.16458117,0.14463613,0.053137894,1.4246795,0.41965041,0.25116557,2.957395,1.5420192
1952.5,7.7985688,20.090234,4.0858937e-05,2.9596997,2.8164254,1.5709472,1.4279115,0.41897109,0.25479838,5.2346492,9.8775267
1952.5833,8.4682396,20.737037,3.5172401e-05,2.1712631,2.0023272,1.1656735,1.4146613,0.42033356,0.25946593,1.4157342,8.3985868
1952.6667,9.1751004,21.298621,3.2519074e-05,1.6686537,1.5067392,0.85376951,1.4130771,0.42381507,0.26483214,1.1582832,9.9357814
1952.75,9.7246226,5.5830395,3.0299454e-05,0.53492052,0.22656207,0.13872755,1.4275824,0.4290702,0.27144003,0.2693053,5.2904842
1952.8333,9.7251786,0,2.9496858e-05,0.032549645,0,0,1.4377278,0.43432245,0.27848876,0,3.1661985
1952.9167,9.7047975,0,3.5425717e-05,0.00016876588,0,0,1.4419872,0.43905273,0.28493035,0,6.0013007
1953,9.7105261,0,3.5536999e-05,7.5247813e-21,0,0,1.4411882,0.44337893,0.29089239,0,3.158212
1953.0833,9.1646602,0,3.8362472e-05,1.1290288e-05,0,0,1.4478633,0.44698656,0.29563048,0,2.9826398
1953.1667,9.1031175,0,3.845078e-05,-2.101994e-05,0,0,1.4367143,0.45018429,0.29973048,0,2.9634961
1953.25,8.6250035,5.6031002,3.9864979e-05,0.00027203206,0.00011378199,5.7307238e-09,1.4224254,0.45319891,0.3035596,226.22507,2.8468449
1953.3333,8.8436455,19.10145,3.9948631e-05,1.2263223,1.1153262,0.49270807,1.3969206,0.4574821,0.30772707,2.3207107,11.732352
1953.4167,10.035445,19.745581,2.932003e-05,3.5331708,2.957982,1.5350151,1.3846313,0.46516639,0.31501555,0.76014282,14.877837
1953.5,11.324836,20.249637,2.565849e-05,3.7978315,2.9963839,1.6290122,1.3883934,0.47747421,0.32691047,0.173971,18.303764
1953.5833,12.879257,20.722583,2.2867902e-05,2.6271704,2.1091457,1.1137545,1.3936794,0.49538296,0.34420136,0.072046169,21.603825
1953.6667,14.653161,21.164598,2.0147798e-05,1.9789132,1.5734407,0.80043341,1.4027539,0.5186525,0.36661056,0.014077646,25.235806
1953.75,15.67675,0.68975944,1.9514106e-05,0.5151474,0.081475172,0.039212027,1.4084699,0.54584163,0.39271459,0.00030360507,6.5039561
1953.8333,15.634926,0,2.176733e-05,0.0017273054,0,0,1.41099,0.57124186,0.41721132,0,5.0891928
1953.9167,15.102321,0,2.4078825e-05,-4.7939294e-10,0,0,1.4141088,0.59443468,0.43955919,0,9.5009683
1954,13.609186,0,2.680625e-05,-3.7993023e-08,0,0,1.4215581,0.61614525,0.45986196,0,4.4216069
1954.0833,12.064924,0,2.9294881e-05,-1.3792031e-05,0,0,1.4313407,0.63424516,0.4766387,0,3.9238072
1954.1667,10.744401,0,3.2357759e-05,-9.7152755e-06,0,0,1.4407434,0.65032166,0.49154413,0,3.4956254
1954.25,9.5533347,3.0914664,3.4719382e-05,-0.00018120055,0,0,1.445768,0.66517603,0.50536036,141.93767,2.8345767
1954.3333,9.1049178,11.688936,3.4156583e-05,0.93261153,0.74899651,0.20980063,1.4491661,0.68041527,0.52161533,11.229651,13.626803
1954.4167,10.574541,12.77138,2.4883064e-05,4.1536212,2.9282234,0.97173963,1.4504075,0.69859898,0.54429263,0.59133304,15.077194
1954.5,11.926284,13.234266,2.1461479e-05,3.7522958,2.4764561,0.90236969,1.4576341,0.72139412,0.5744276,0.026972301,17.29335
1954.5833,13.466748,13.678167,1.9217132e-05,3.1666002,2.1307916,0.7560217,1.4709557,0.74959594,0.61297494,0.095520527,20.354306
1954.6667,15.154038,11.721983,1.7621434e-05,2.0488564,1.2434502,0.43184713,1.4887084,0.78295034,0.65839022,0.05106887,20.551942
1954.75,15.765211,0,1.6452404e-05,0.80340872,0,0,1.5023518,0.81960863,0.70567179,0,5.0961112
1954.8333,15.720772,0,1.6250737e-05,0.034729274,0,0,1.5111977,0.85350847,0.74844623,0,5.085731
1954.9167,15.336055,0,1.7294224e-05,1.0590584e-19,0,0,1.5238792,0.88401979,0.78721142,0,9.8795258
1955,15.271761,0,1.5039275e-05,0.00025226394,0,0,1.5414125,0.91134834,0.82412684,0,4.9401161
1955.0833,14.644606,0,1.5348804e-05,0.00018813131,0,0,1.568925,0.93455213,0.85666049,0,4.7440621
1955.1667,13.144971,0,1.6199852e-05,-4.548431e-06,0,0,1.6108446,0.95536292,0.88670915,0,4.2699148
1955.25,11.730134,1.1719163,1.6385322e-05,-5.0789751e-05,0,0,1.6743093,0.97481096,0.91520077,85.609877,3.3149681
1955.3333,10.986785,7.1133524,1.6054122e-05,0.23882389,0.16190898,0.0058486839,1.7745905,0.99451959,0.94732344,1.0825998,0.00061871176
1955.4167,12.018665,9.8299216,1.4293143e-05,3.0873145,2.4057722,0.61622516,1.9234861,1.0164472,0.98969781,34.939427,23.784545
1955.5,14.063592,10.917995,1.1315448e-05,3.2986935,2.5389508,0.72779494,2.159116,1.0410755,1.043861,0.089946946,22.885264
1955.5833,16.08344,11.326992,9.0859512e-06,2.8374146,2.1832663,0.63630885,2.5419459,1.0712435,1.1138037,0.090935098,25.2078
1955.6667,18.236268,11.710585,7.5599455e-06,1.8765483,1.4973676,0.42570072,3.1983085,1.1081215,1.2006997,0.045224599,27.019037
1955.75,19.678816,2.694224,6.1876112e-06,0.46918477,0.20561845,0.057904283,4.3115406,1.1534712,1.301827,7.1655257e-05,10.743452
1955.8333,19.585053,0,6.0159232e-06,0.00056362666,0,0,5.7662086,1.1990038,1.3957572,0,5.1296723
1955.9167,19.444415,0,6.4836531e-06,2.4740955e-05,0,0,7.5267773,1.2401483,1.4813426,0,10.357706
1956,19.631853,0,2.9265066e-05,1.4726238e-05,0,0,9.5635576,1.277859,1.5618888,0,5.1843515
1956.0833,18.867755,0,9.4128873e-06,0,0,0,11.738651,1.3103997,1.6327378,0,4.8645432
1956.1667,17.877115,0,1.0325038e-05,3.1157071e-06,0,0,14.15669,1.3401281,1.69779,0,4.459169
1956.25,17.763371,1.5987348,1.0549275e-05,9.0417227e-05,0,0,17.075033,1.3681091,1.7590847,72.239391,7.021576
1956.3333,17.764553,6.233416,1.0670471e-05,0.00049042222,0,0,20.164902,1.3923219,1.8012121,0,0
1956.4167,16.677463,6.5917666,1.1115064e-05,0.14401254,0.1453617,0.0028326663,23.417742,1.4097663,1.7934041,0.33105828,0.00022034212
1956.5,15.200024,10.018484,1.1037089e-05,2.7989219,2.8924033,0.73648236,26.699839,1.4200786,1.722025,50.228013,13.293985
1956.5833,15.604245,11.702036,8.7363824e-06,1.9944179,2.0738952,0.60541319,31.151369,1.4314479,1.6033562,3.1923914,12.677141
1956.6667,16.684247,9.3713114,7.766097e-06,1.5463014,1.4046772,0.39899326,36.103737,1.4473056,1.4922843,2.3392701,13.351955
1956.75,17.023895,0,7.4110903e-06,0.15068509,0,0,40.712627,1.4662638,1.3993694,0,5.5296761
1956.8333,16.972017,0,7.4276377e-06,0.00016719165,0,0,45.742489,1.4838424,1.3174409,0,5.5133679
1956.9167,16.90913,0,7.9984029e-06,2.3346722e-20,0,0,51.087307,1.4996216,1.2429239,0,10.704466
1957,17.228313,0,6.5509425e-06,0.0014699153,0,0,56.286026,1.5137992,1.171998,0,5.2718569
1957.0833,17.109515,0,6.5542472e-06,0.00012832194,0,0,62.251492,1.5258865,1.1105075,0,5.1370962
1957.1667,16.979668,0,7.0065321e-06,4.1507521e-05,0,0,68.207306,1.5366901,1.0547546,0,5.0513864
1957.25,16.906623,1.985067,7.2357061e-06,0.00076328701,0,0,74.804367,1.5467163,1.0023322,79.727925,4.0712926
1957.3333,16.76094,6.860354,7.4217151e-06,0.0017123596,4.5956899e-05,0,81.274406,1.5565493,0.94824266,0,0
1957.4167,16.348219,7.839812,7.7087234e-06,0.83424429,1.1913679,0.2354975,87.938492,1.5648189,0.88899738,51.036489,1.5091582
1957.5,17.681006,12.780386,6.4981273e-06,2.4103384,3.2942215,1.0074432,97.417595,1.5726527,0.82693893,17.557172,30.015512
1957.5833,19.340113,13.719088,5.331432e-06,1.968368,2.7944302,0.84213302,110.28471,1.5886347,0.775105,2.4350191,25.925672
1957.6667,21.754844,11.725593,4.7767435e-06,1.1527871,1.5848944,0.4645237,121.63316,1.6158141,0.7472648,5.6280196e-06,31.453171
1957.75,22.726309,0,4.619827e-06,0.36710445,0,0,132.09808,1.6524106,0.73490071,0,7.3962459
1957.8333,22.657955,0,4.6744881e-06,0.02249176,0,0,142.287,1.6869645,0.72488183,0,7.3740982
1957.9167,22.540139,0,4.795816e-06,8.0675348e-05,0,0,152.26057,1.7180749,0.71572268,0,13.799419
1958,22.815716,0,2.4296956e-05,0.00025312335,0,0,160.70679,1.7460307,0.70570689,0,7.4287345
1958.0833,22.749471,0,6.7681635e-06,0.0012589363,0,0,171.08705,1.7698044,0.69642401,0,7.4049289
1958.1667,22.682376,0,6.9460853e-06,0.0016069072,0,0,182.01569,1.7912022,0.68791431,0,7.3516906
1958.25,22.579726,1.6762287,7.1104514e-06,0.002836919,0.0028223414,0,191.83316,1.8110462,0.67985779,86.740351,5.6243822
1958.3333,21.99089,7.4249529,7.3457954e-06,0.020593105,0.050801563,0,199.58475,1.8254597,0.67307985,0.0095381363,0.00046904697
1958.4167,21.290591,9.2789261,7.5902949e-06,1.0999603,2.0870394,0.42442839,208.19542,1.8299826,0.66537452,71.582419,5.0435621
1958.5,22.61154,14.722467,7.1186296e-06,2.0135346,3.7771535,1.1301017,223.3304,1.8318336,0.66034865,11.710039,28.286842
1958.5833,24.982572,15.33874,6.3336429e-06,1.5340672,2.9520999,0.8686192,242.82602,1.8439689,0.67061645,0.21314917,34.161352
1958.6667,28.078962,14.081219,5.8057003e-06,0.90564182,1.7126383,0.4824147,258.16376,1.8689779,0.69913131,1.7057033e-05,44.376056
1958.75,29.567176,0,5.6626318e-06,0.080717273,0,0,270.73669,1.9054114,0.74015337,0,9.5520044
1958.8333,29.4773,0,5.7256707e-06,0.00093832269,0,0,283.11133,1.94038,0.7788282,0,9.5208446
1958.9167,29.410476,0,5.7965917e-06,6.6270924e-06,0,0,295.94897,1.9718994,0.81373549,0,18.12597
1959,30.027583,0,5.913867e-06,0,0,0,305.61255,2.0006049,0.84562767,0,9.6603761
1959.0833,29.927311,0,6.0690745e-06,0.00092099318,0,0,316.09058,2.0250385,0.87291497,0,9.4081244
1959.1667,28.861362,0,6.5693757e-06,0,0,0,320.03516,2.0467429,0.89733911,0,8.9611604
1959.25,28.149856,2.0385219,7.4750837e-06,5.2496646e-05,0,0,294.90997,2.0657299,0.91872066,92.356022,6.8104441
1959.3333,27.563484,7.8497268,1.1701582e-05,1.3080507e-05,0.0037792791,0,139.40279,2.0713406,0.90716434,0,0
1959.4167,26.613913,8.3424579,1.4783388e-05,0.061677372,1.0991799,0.1673966,46.644012,2.0658681,0.86490852,26.307052,0.13625959
1959.5,27.586438,14.614523,1.4502069e-05,0.23918162,3.6810243,1.1026904,45.165298,2.0576804,0.82166576,58.806172,40.30831
1959.5833,31.091087,15.988614,1.3344717e-05,0.20321912,3.2103382,1.0161768,44.882797,2.0629323,0.78656387,2.1413217,47.897426
1959.6667,35.566241,16.302999,1.2245951e-05,0.13570882,2.206105,0.67437343,43.829445,2.0878286,0.77084869,0.00050093056,67.976555
1959.75,39.620083,4.2519844,1.1416368e-05,0.02994005,0.33399017,0.10054463,42.391949,2.1361892,0.77826774,9.2893439e-05,31.272124
1959.8333,39.679319,0,1.1361091e-05,0.0002181289,0,0,41.8349,2.1896482,0.79217809,0,12.349046
1959.9167,39.41882,0,1.1577865e-05,1.7653674e-09,0,0,39.682053,2.2379611,0.80473751,0,23.61806
1960,39.451327,0,1.2048688e-05,6.6318472e-08,0,0,35.44294,2.2822654,0.81626189,0,12.14121
1960.0833,39.094131,0,1.227678e-05,5.182478e-08,0,0,33.387878,2.32038,0.82618314,0,11.897587
1960.1667,38.901281,0,1.2480045e-05,0,0,0,29.377897,2.3548284,0.83515912,0,11.691006
1960.25,38.650163,1.3490345,1.2664786e-05,-1.1225988e-09,0.00093107487,0,27.09132,2.3870335,0.84354001,98.166053,11.210264
1960.3333,37.688684,8.203458,1.2881655e-05,0.0038342125,0.41728702,-3.1741287e-06,25.421606,2.4149754,0.84404206,2.5072922e-06,0
1960.4167,35.863344,10.586614,1.3281131e-05,0.12577085,3.2648318,0.61088001,23.939554,2.4346018,0.82365853,83.425492,7.3832714
1960.5,39.307456,15.939457,1.2473751e-05,0.16788189,4.1266384,1.2882693,22.300678,2.4558668,0.790245,9.8613651,73.290662
1960.5833,44.51881,16.648302,1.1364739e-05,0.14292988,3.6564486,1.0972475,20.776131,2.4982438,0.76565599,1.2246944,79.596791
1960.6667,51.10551,10.119038,1.0298024e-05,0.10087623,1.6547208,0.47791102,19.029543,2.5691445,0.76130557,0.00034200816,73.021791
1960.75,52.426279,0,1.0032424e-05,0.015075325,0,0,17.671362,2.6575162,0.76969028,0,15.835319
1960.8333,52.144788,0,1.0051513e-05,0.00039411285,0,0,16.277224,2.7389116,0.77781224,0,15.537083
1960.9167,51.874772,0,1.0347927e-05,0.00023864269,0,0,14.505733,2.8123071,0.78514397,0,30.935687
1961,52.795477,0,1.0680084e-05,9.3744715e-05,0,0,12.77883,2.8794713,0.79187095,0,15.769369
1961.0833,51.560704,0,1.13422e-05,0,0,0,11.47301,2.9370265,0.79766196,0,10.382506
1961.1667,45.197442,0,1.2876489e-05,0,0,0,10.248278,2.9883795,0.80290097,0,1.9386005
1961.25,40.464692,1.8261102,1.400838e-05,-1.0694868e-06,0.004818674,0,9.3156042,3.0350587,0.80771708,83.06496,8.7418531
1961.3333,38.90286,6.9094542,1.4431246e-05,0.015271349,0.51936626,0.038197423,8.2521687,3.0656879,0.80426669,3.1978425,0.0028393017
1961.4167,36.637783,10.418925,1.5168995e-05,0.14053921,4.3224821,0.80495915,7.3911014,3.0729911,0.7846638,69.579453,21.791423
1961.5,39.949238,13.564214,1.4305293e-05,0.15003242,4.0077276,0.9870763,6.6289186,3.087014,0.76454729,7.7972628,55.323172
1961.5833,45.091271,14.080356,1.3457496e-05,0.13559366,3.6089109,0.88540938,5.8899183,3.1285405,0.76019722,0.069228018,80.605276
1961.6667,52.277837,14.324964,1.245812e-05,0.087481254,2.3100785,0.55231993,5.8600078,3.2053323,0.78237247,0.0016079994,106.17235
1961.75,57.495199,1.8669738,1.1655158e-05,0.025519127,0.234943,0.050902254,6.1596322,3.3221388,0.85124236,0.00018834394,34.065546
1961.8333,57.292733,0,1.1581802e-05,0.00028546572,0,0,6.2320256,3.4407787,0.93061066,0,17.228632
1961.9167,56.572396,0,1.1632027e-05,1.6770046e-20,0,0,6.0994649,3.5478175,1.0018668,0,31.806365
1962,55.7593,0,1.179155e-05,3.3843974e-06,0,0,5.6930943,3.6458051,1.0642192,0,9.4189203
1962.0833,54.528207,0,1.1935331e-05,0.00024928678,0,0,5.5950303,3.7299142,1.115999,0,2.2488823
1962.1667,52.554861,0,1.2175191e-05,9.3488308e-05,0,0,5.518404,3.8057163,1.1627349,0,0.032119859
1962.25,46.330824,1.3070715,1.3260505e-05,-5.709516e-08,-3.6526945e-06,0,5.406508,3.8754184,1.2023475,68.821605,13.088582
1962.3333,40.576182,5.4974868,1.4448202e-05,0.044248478,0.88024449,0.066229823,5.1074028,3.9173388,1.2112526,5.6550698,0.00516773
1962.4167,36.525503,8.2129091,1.5324431e-05,0.23787281,4.5772466,0.65176723,4.8290138,3.9128304,1.1935799,57.0907,11.86314
1962.5,38.748238,11.234692,1.4430198e-05,0.26148497,4.7342563,0.88559931,4.7061853,3.904628,1.1901352,7.5953723,50.342051
1962.5833,42.658307,11.514868,1.3223659e-05,0.21534711,3.8221221,0.68057552,4.6089458,3.9233146,1.2589982,0.28470601,60.212317
1962.6667,46.912536,6.4443815,1.2215538e-05,0.16172723,1.5652449,0.25751852,4.5870862,3.9720795,1.4015861,0.00065253458,51.082796
1962.75,47.577746,0,1.1945624e-05,0.048100205,0,0,4.5188451,4.0370803,1.5761225,0,14.57599
1962.8333,47.236759,0,1.204016e-05,0.0002409595,0,0,4.4366937,4.0967536,1.7387273,0,12.372798
1962.9167,44.412829,0,1.3114108e-05,0,0,0,4.3258471,4.1504121,1.8871318,0,22.310745
1963,39.755125,0,1.4298087e-05,0,0,0,4.1494317,4.1986675,2.0233595,0,5.5588113
1963.0833,34.5935,0,1.5958616e-05,-1.8547952e-07,0,0,4.0205908,4.2390618,2.1400769,0,0.36826
1963.1667,29.943412,0,1.7923407e-05,-1.1790202e-07,0,0,3.8073976,4.2744203,2.2447622,0,0.056186238
1963.25,25.957486,1.2223519,2.0162935e-05,-2.4331004e-06,-1.642007e-05,0,3.5367603,4.3054371,2.3407984,37.540066,8.1955286
1963.3333,22.139955,2.9143156,2.2591526e-05,0.0036100453,0.084966031,-3.0382557e-07,3.1651874,4.3077273,2.4008951,1.1880245e-09,0
1963.4167,17.921742,3.34948,2.5800502e-05,0.24457543,2.9253178,0.16555403,2.784631,4.2566438,2.400805,17.845709,0.053319214
1963.5,16.174704,5.2430918,2.677711e-05,0.39584038,3.9353263,0.35758108,2.6530132,4.1666102,2.3567495,11.17679,11.414904
1963.5833,16.290313,5.934461,2.4181638e-05,0.30479753,2.9645763,0.27559977,2.6017413,4.0916328,2.2737396,4.0694737,10.670954
1963.6667,16.408298,4.8791091,2.3348717e-05,0.27162024,2.083001,0.19263764,2.5739958,4.0399952,2.1535738,1.316119,10.576722
1963.75,16.409537,0,2.4339504e-05,0.060344331,0,0,2.5586116,4.0021596,2.0208256,0,4.7939599
1963.8333,15.995175,0,3.6099824e-05,5.8570752e-06,0,0,2.6138318,3.9686155,1.8988678,0,4.6805814
1963.9167,14.272497,0,3.6960377e-05,0,0,0,2.645931,3.9363184,1.7884952,0,8.4829648
1964,12.868034,0,3.4128047e-05,-4.767107e-10,0,0,2.6220815,3.9029346,1.6871997,0,3.7366462
1964.0833,11.137017,0,4.1143794e-05,-8.1844202e-10,0,0,2.5927651,3.8705134,1.5999871,0,3.166688
1964.1667,9.4474237,0,5.3183514e-05,-2.5603742e-09,0,0,2.52268,3.8371718,1.5211103,0,0.61338906
1964.25,8.1850896,0.41478113,6.2085302e-05,-1.2901172e-09,0,0,2.4660442,3.801748,1.4471387,21.411283,2.0874899
1964.3333,7.3337951,1.8204448,6.2431769e-05,-4.8864899e-06,-0.00010989527,0,2.3685107,3.7555268,1.3718309,0,0
1964.4167,6.1539756,2.0140088,6.1226165e-05,0.17475363,1.2857394,0.045360152,2.2472508,3.682018,1.2815082,5.3336741,0.0088050325
1964.5,6.0508819,3.3866505,5.1591236e-05,0.59097989,3.6938983,0.22526181,2.1855054,3.5830979,1.1763045,12.876585,9.5065825
1964.5833,7.1995296,4.1044494,3.953898e-05,0.5328071,2.8975319,0.21430716,2.1660919,3.4922063,1.0727594,1.6160986,7.118189
1964.6667,8.3703762,4.4599455,3.4917306e-05,0.37934108,1.9263644,0.14512304,2.0663671,3.4234986,0.99085701,0.74416099,7.5968419
1964.75,9.3029281,2.1181267,3.1581476e-05,0.19746521,0.58268114,0.045755054,2.0526879,3.3689904,0.93031532,0.23883732,5.181926
1964.8333,9.1898348,0,4.0645693e-05,0.00014198132,0,0,2.0667694,3.3223917,0.88147658,0,2.9077261
1964.9167,8.1894901,0,6.5358661e-05,0,0,0,2.0721045,3.278609,0.83738476,0,5.4646176
1965,7.362179,0,6.6236076e-05,-1.8014396e-10,0,0,2.0474391,3.2350023,0.79693007,0,2.335921
1965.0833,5.8571571,0,8.5904576e-05,-2.3929574e-11,0,0,2.0093517,3.1940444,0.7621181,0,1.8571042
1965.1667,4.6733562,0,0.00010871039,-1.6855399e-09,0,0,1.9688554,3.1531792,0.73065186,0,1.4739744
1965.25,4.1315751,0.27808873,0.00011670696,0,0,0,1.9388866,3.1110828,0.70113701,14.121454,1.1909823
1965.3333,3.9548408,1.3102884,0.00012450747,0,-3.4035548e-07,0,1.9187058,3.0663118,0.67023718,0,0
1965.4167,3.8338136,1.4955744,0.0001186397,0.040637241,0.1521018,0.0039508558,1.9157406,3.0134931,0.63268745,0.42207483,0.0014325937
1965.5,4.1601574,2.4662891,8.5237298e-05,0.79502817,3.006297,0.15281733,1.8814075,2.9505165,0.58807594,12.251199,6.8749152
1965.5833,5.2236519,3.2069746,5.0570641e-05,0.75962028,2.3066606,0.15329916,1.8538486,2.8918955,0.54197955,0.95641146,5.1616077
1965.6667,6.1636227,3.3096073,4.3897518e-05,0.54714568,1.4728924,0.10729369,1.8491306,2.8497198,0.50889093,0.53238674,5.1142347
1965.75,6.5350202,0,4.8716356e-05,0.085383758,0,0,1.8507978,2.8171468,0.48710078,0,2.1272797
1965.8333,6.3078236,0,5.9811966e-05,0.0074326067,0,0,1.847311,2.7880831,0.46867993,0,2.0535847
1965.9167,5.772708,0,6.1427163e-05,-1.0961978e-12,0,0,1.8397424,2.7606127,0.45205092,0,3.5656606
1966,5.1246798,0,8.316325e-05,0,0,0,1.8232243,2.7326412,0.43678993,0,1.6679268
1966.0833,4.516013,0,9.9157704e-05,-7.757072e-09,0,0,1.804486,2.705663,0.42364931,0,1.4697594
1966.1667,3.8624897,0,0.00012149948,-1.6763729e-10,0,0,1.7885239,2.6783841,0.41175854,0,1.2554051
1966.25,3.3749272,0.28343804,0.00014425469,-7.6399359e-11,0,0,1.7737966,2.6497068,0.40056068,12.456106,0.75509748
1966.3333,3.253005,1.2047832,0.00014839867,-3.5758338e-06,-0.00012921797,0,1.7594553,2.6167464,0.38685241,0,0.0015563398
1966.4167,3.208993,1.4413565,0.00013094419,0.15316744,0.38905952,0.011770699,1.7424052,2.5740478,0.3669771,1.9598099,0.0081700341
1966.5,3.7401253,2.4992931,7.9981059e-05,1.3133949,2.776773,0.16873626,1.7162006,2.5225003,0.341925,9.8105846,7.0717303
1966.5833,4.7431896,3.0830952,5.0210027e-05,1.3114794,2.4077158,0.18026701,1.7151548,2.4789853,0.32025501,0.4905479,4.3271738
1966.6667,5.5829366,3.4343612,4.3247059e-05,0.90880322,1.5915879,0.12908584,1.7257171,2.449054,0.30893207,0.41177102,4.5467555
1966.75,6.2486622,1.4196085,3.863762e-05,0.25006153,0.35884768,0.030566168,1.7396764,2.4275684,0.30726379,0.12473058,3.2210929
1966.8333,6.2905378,0,3.6757079e-05,0.0093849768,0,0,1.7446129,2.4100578,0.3096728,0,2.041173
1966.9167,6.2968526,0,4.5608245e-05,6.3313451e-05,0,0,1.7413962,2.3942261,0.31193581,0,4.7844497
1967,6.5018777,0,4.7597852e-05,0.0002846912,0,0,1.7325492,2.3795912,0.31400722,0,2.110468
1967.0833,6.3840249,0,5.185591e-05,2.1056181e-05,0,0,1.7251616,2.3668876,0.31578878,0,2.0728496
1967.1667,5.7164878,0,6.2301027e-05,0,0,0,1.7101249,2.3543601,0.31739819,0,1.855547
1967.25,5.0279205,0.04872747,6.9721711e-05,-6.133005e-06,0,0,1.6883488,2.3407223,0.31890726,17.635699,1.635621
1967.3333,4.8558866,1.6266098,6.3512809e-05,0.064469406,0.1394813,4.4583981e-09,1.6633751,2.3244982,0.32083479,5.2909762e-07,0.00025227101
1967.4167,5.1968582,2.5296328,4.4048007e-05,1.5464314,2.1537199,0.15364811,1.6476157,2.3009908,0.32383856,16.530731,1.3452731
1967.5,5.9975861,3.7238516,3.1746149e-05,2.0157752,2.6165986,0.25301207,1.6733215,2.2775326,0.3305667,0.63894634,5.838674
1967.5833,6.9058761,4.0677376,2.6695863e-05,1.8171681,2.3552183,0.23744134,1.7503723,2.2623248,0.34594446,0.18141503,5.6491011
1967.6667,7.7336468,4.2882073,2.3433404e-05,1.3458629,1.6478316,0.17938657,1.8807521,2.2535462,0.37144768,0.14717025,6.5726702
1967.75,8.380536,1.7098384,2.0970174e-05,0.33010382,0.35896199,0.036738967,2.1005011,2.2496576,0.40792072,0.04436594,4.455544
1967.8333,8.124589,0,2.5793159e-05,0.00070621596,0,0,2.4245219,2.2475557,0.44679746,0,2.6372079
1967.9167,7.1997754,0,3.422036e-05,-2.9122794e-08,0,0,2.7529151,2.2450042,0.48191568,0,5.17928
1968,6.5563754,0,0.00026419605,-2.6574274e-08,0,0,2.9540248,2.2416296,0.51413262,0,2.1283377
1968.0833,5.6681298,0,4.6962679e-05,-7.1390179e-07,0,0,2.8952129,2.2376893,0.54186624,0,1.8429232
1968.1667,4.9780416,0,5.2858628e-05,-1.3364716e-06,0,0,2.8329978,2.2329981,0.56695968,0,1.5858746
1968.25,4.3922425,0.19919434,5.8815134e-05,-0.0003410004,-2.108249e-05,0,2.7619298,2.2274444,0.59041321,14.199194,1.2417128
1968.3333,3.9263023,1.3300107,6.6960696e-05,0.015356372,0.015920494,2.9785426e-10,2.646867,2.2135944,0.60346097,4.7662381e-09,0
1968.4167,3.7175354,1.9619188,5.2354149e-05,1.4894364,1.5406668,0.09488301,2.5028293,2.1779633,0.59321773,13.29488,3.0113295
1968.5,4.5307227,3.6170839,3.6058544e-05,2.7166968,2.6079787,0.28553959,2.4644098,2.1238039,0.56002635,10.028537,15.150547
1968.5833,5.477279,4.3409625,2.7929471e-05,2.1751541,2.0614171,0.26532633,2.4261193,2.0732238,0.51059324,1.416114,4.3527567
1968.6667,6.2336158,3.5956902,2.6264594e-05,1.5956431,1.329328,0.17034119,2.2487698,2.0366597,0.46532461,0.36400399,3.7397216
1968.75,6.4263041,0,2.5647001e-05,0.32229804,0,0,2.0661705,2.0077913,0.42767608,0,2.0915228
1968.8333,6.4046625,0,2.69265e-05,0.010383623,0,0,1.9189993,1.9820268,0.39389619,0,2.084306
1968.9167,6.3868021,0,2.9985305e-05,3.9131535e-05,0,0,1.836337,1.9587227,0.36337826,0,4.772248
1969,6.1885263,0,2.4855159e-05,-1.755492e-07,0,0,1.8401829,1.9371147,0.33537272,0,2.0152512
1969.0833,5.3993547,0,3.2543707e-05,-4.6467793e-06,0,0,1.8822517,1.9176878,0.31126401,0,1.7583951
1969.1667,4.7476366,0,4.6143708e-05,-8.9817519e-05,0,0,1.9155802,1.8990626,0.28945276,0,1.5456826
1969.25,4.1810866,0.45440707,5.5081793e-05,-0.00013814462,-4.0393813e-06,0,1.9470973,1.8805237,0.26900756,20.282465,1.0136299
1969.3333,4.2223162,2.1991925,3.1429827e-05,1.2549918,1.0833111,0.082764036,1.9621341,1.8617275,0.24969028,14.256271,0.61189613
1969.4167,4.8815943,3.6377071,2.6592596e-05,3.3437808,2.6525031,0.30484482,2.0105433,1.8449543,0.23253785,2.1336578,3.4151188
1969.5,5.6128004,4.0503638,2.0941217e-05,3.2825765,2.6509628,0.32235441,2.1001687,1.8350892,0.22332864,0.0083926176,3.9214627
1969.5833,6.3251397,4.350998,1.8323373e-05,2.3508915,1.9169011,0.23998143,2.1953275,1.8307412,0.23695205,0.012647872,4.8632661
1969.6667,7.0790644,4.6242466,1.6199054e-05,1.8528801,1.5122736,0.19363977,2.2944431,1.8316317,0.26960665,0.011826527,6.0134118
1969.75,7.5086961,0.30809603,1.5409809e-05,0.74531659,0.097162828,0.012110927,2.3918736,1.8367695,0.31102929,0.00044697111,2.8405178
1969.8333,7.3985895,0,2.003408e-05,0.017249625,0,0,2.462678,1.8422766,0.35136744,0,2.4070896
1969.9167,6.668211,0,2.3737744e-05,0,0,0,2.5319111,1.8468059,0.38808501,0,4.8116869
1970,6.0878093,0,4.1635281e-05,0,0,0,2.5842099,1.8500186,0.42184481,0,1.9790352
1970.0833,5.404328,0,4.2307463e-05,0,0,0,2.6036148,1.8517413,0.45081022,0,1.7589443
1970.1667,4.7995965,0,4.2417592e-05,0,0,0,2.599684,1.8523355,0.47717652,0,1.559926
1970.25,4.2591589,0.35272699,4.5083092e-05,0,0,-1.9196066e-05,2.5878031,1.8519293,0.50199562,21.061967,1.2748563
1970.3333,4.267537,1.9898671,3.2535412e-05,0.49721405,0.41382073,0.022681297,2.5607574,1.8506745,0.52637291,3.6961352,1.1206257
1970.4167,5.1045646,3.1616967,2.2534623e-05,3.4134978,2.5158229,0.22769293,2.5849197,1.8504777,0.55472589,7.4333674,7.4124075
1970.5,6.1242115,3.6180748,1.8792611e-05,3.3240967,2.3281383,0.26175774,2.6959064,1.8559769,0.5903067,0.0018630265,7.2743289
1970.5833,7.2338688,3.9856369,1.2897127e-05,2.7326108,1.8997349,0.23271616,2.8211808,1.868305,0.63583982,0.00024022789,9.669292
1970.6667,8.3968611,2.8508387,1.082418e-05,1.7761487,0.99695164,0.12388087,3.0036349,1.8877233,0.69212621,9.9945562e-05,8.6185339
1970.75,8.6091906,0,1.0981537e-05,0.33557294,0,0,3.2316921,1.9109014,0.75467211,0,2.5793222
1970.8333,8.001266,0,1.3976054e-05,0.011564199,0,0,3.5641632,1.9320663,0.81251329,0,2.4123754
1970.9167,7.1250112,0,1.5323862e-05,-2.5352053e-09,0,0,3.9687014,1.9506266,0.86477596,0,4.6540598
1971,6.4804172,0,1.7033801e-05,-3.0819814e-06,0,0,4.3911386,1.9668943,0.91271603,0,1.9253469
1971.0833,5.6014536,0,1.9545238e-05,-0.0001157794,0,0,4.8273244,1.9801028,0.95394349,0,1.6384408
1971.1667,4.9606985,0,2.4951865e-05,-0.00014271412,0,0,5.3175106,1.9911318,0.99113309,0,1.4079237
1971.25,4.4169417,0.34775049,2.8289918e-05,-4.8197101e-05,-4.2843852e-05,-7.1033557e-13,5.8733578,2.0006006,1.0257725,15.351497,1.2431751
1971.3333,4.3406351,1.4541907,2.4290281e-05,-1.6161067e-05,-6.424172e-05,-2.8707729e-06,6.4473419,2.0061398,1.0538958,0,0
1971.4167,4.6381066,2.1837829,2.2279481e-05,2.3338699,1.851008,0.14698985,7.1611876,2.0057008,1.0732981,9.4870353,3.9280774
1971.5,5.5270409,2.9021096,1.3557366e-05,2.5786336,1.9990104,0.20686854,8.7933083,2.0077693,1.0895718,0.470577,5.4048005
1971.5833,6.5172901,3.282174,9.2240798e-06,2.0509856,1.6096884,0.18498712,10.628543,2.0173552,1.112801,0.31329002,7.1461645
1971.6667,7.653723,3.6320759,8.0128357e-06,1.4829275,1.1869857,0.14372749,12.302787,2.0348489,1.1495529,0.054563422,9.8331516
1971.75,8.429558,0.49209973,7.1307791e-06,0.3668011,0.11087607,0.013735669,13.615746,2.0602973,1.1998025,3.9198203e-05,4.1125744
1971.8333,8.4111448,0,6.5510349e-06,0.035999883,0,0,15.133543,2.0857882,1.2496271,0,2.6122558
1971.9167,8.3753942,0,6.5903569e-06,0.00044937196,0,0,17.646925,2.1087804,1.2945988,0,5.4809398
1972,8.5283807,0,6.7443198e-06,0,0,0,20.575577,2.1298344,1.3358417,0,2.3967075
1972.0833,7.7822325,0,8.7974322e-06,-5.0902022e-09,0,0,23.705835,2.1477535,1.3713074,0,2.1038873
1972.1667,6.8732332,0,1.2334164e-05,-1.3704226e-05,0,0,27.107573,2.1634583,1.4033432,0,1.8007261
1972.25,6.0804058,0.37396545,1.4469556e-05,-1.8129849e-05,-0.00017159474,0,31.001513,2.1775634,1.4331858,16.626847,1.5678028
1972.3333,5.841481,1.5563878,1.4603583e-05,0.33730363,0.4246436,0.0093248725,34.406708,2.1859818,1.4506116,1.4554753,0.0012904007
1972.4167,6.2437123,2.7333519,1.1653275e-05,2.2977374,2.0151194,0.21207419,38.496342,2.1866214,1.4450836,12.843395,3.3635453
1972.5,7.1547655,3.4265653,6.7506194e-06,2.3921873,2.1495421,0.27272273,44.691547,2.1917229,1.4273664,0.73436649,7.0916272
1972.5833,8.3278911,3.7808912,5.6372328e-06,1.8703807,1.7235177,0.23557508,51.47216,2.2067189,1.4168986,0.13392909,9.7892728
1972.6667,9.6406676,3.251327,5.0777712e-06,1.1601922,0.96473984,0.13564346,57.871136,2.2340834,1.4205278,0.00064228486,10.808454
1972.75,10.063022,0,4.8388806e-06,0.41872368,0,0,63.955349,2.2709699,1.4346285,0,3.0656639
1972.8333,10.014085,0,4.8156116e-06,0.01294783,0,0,70.678986,2.3056331,1.448586,0,3.0312583
1972.9167,9.9662077,0,4.9357886e-06,1.8046374e-05,0,0,78.512115,2.3368239,1.4611808,0,6.7283033
1973,10.179809,0,0.00014776942,1.122989e-07,0,0,86.068893,2.3651206,1.4726908,0,2.6280403
1973.0833,10.046927,0,8.5338825e-06,6.219713e-06,0,0,93.476173,2.3889711,1.4825166,0,2.5909459
1973.1667,9.9339457,0,8.8702018e-06,0.00039332441,0,0,101.15559,2.4099345,1.4913347,0,2.58572
1973.25,9.8024001,0.41891998,9.2080454e-06,0.0020201884,0.0048459809,0,107.92149,2.4287446,1.4994143,25.029383,2.4679943
1973.3333,9.0949964,2.2784378,9.8007804e-06,0.049415769,0.15850284,0,114.61887,2.4311004,1.4927256,0,0
1973.4167,7.5547714,3.0821108,1.0810552e-05,1.1201192,1.4702818,0.16479871,122.11089,2.3938594,1.4474732,20.949689,0.43998847
1973.5,7.5624869,5.5503412,1.0427055e-05,1.7745584,2.3241946,0.44711018,131.49632,2.3214629,1.3605884,15.958447,24.636445
1973.5833,8.5806297,6.250585,9.3156841e-06,1.2364955,1.6661749,0.36134388,141.86855,2.2494862,1.2415609,1.3039292,6.0106214
1973.6667,9.3856798,6.566551,9.4585466e-06,0.93080096,1.2986398,0.28144814,151.41753,2.1943865,1.126389,0.10140822,5.5349659
1973.75,9.8482184,0.86708635,9.1636584e-06,0.13828521,0.092116123,0.018402127,160.57242,2.1501133,1.0244596,0.001257282,3.5513881
1973.8333,9.8229898,0,9.2383016e-06,0.0052242792,0,0,169.93555,2.1112895,0.93296582,0,3.1971348
1973.9167,9.8017985,0,9.3580238e-06,2.0414725e-07,0,0,179.34491,2.0762112,0.85037768,0,7.3025105
1974,10.107772,0,9.4117395e-06,0,0,0,188.26915,2.0439661,0.7746039,0,3.2899046
1974.0833,10.000562,0,1.0146852e-05,3.831751e-05,0,0,193.15005,2.0160549,0.70937961,0,3.2550302
1974.1667,9.9208904,0,1.18474e-05,0.0001580908,0,0,173.02394,1.9905584,0.65038025,0,3.2273999
1974.25,9.8954206,0.68606407,1.8303001e-05,6.9346716e-05,0.0097668647,0,91.909035,1.9663823,0.59512764,41.183638,2.5793745
1974.3333,10.040116,3.6638547,2.2042381e-05,0.00033865362,0.12933639,4.187374e-11,32.634567,1.94331,0.54396248,1.5741768e-09,0.001453619
1974.4167,10.233405,5.0721476,2.1760214e-05,0.24764698,1.6210598,0.2892782,30.871731,1.9183931,0.49468392,38.224295,2.4817862
1974.5,11.035685,7.6636802,1.8784862e-05,0.37970908,2.3714418,0.59076191,29.814274,1.895159,0.44968596,2.4187944,8.6521331
1974.5833,12.033105,8.0200927,1.7082586e-05,0.32468572,2.1224064,0.5272505,28.925463,1.8797957,0.4140507,0.058154641,9.5678324
1974.6667,13.112782,8.3433306,1.6290218e-05,0.22754183,1.5213805,0.37866163,28.038157,1.8720753,0.39027479,0.12091307,11.829696
1974.75,13.827235,1.099452,1.5932877e-05,0.055895242,0.15685421,0.038266845,27.06089,1.8708289,0.37714753,0.014404804,5.8922756
1974.8333,13.795265,0,1.8229657e-05,8.6980607e-05,0,0,26.288939,1.871127,0.36752456,0,4.4900361
1974.9167,13.093147,0,2.1454473e-05,1.1922905e-25,0,0,25.309301,1.8712991,0.35883981,0,9.3375936
1975,11.862246,0,2.7576471e-05,0,0,0,23.39732,1.8708884,0.35087159,0,3.8582547
1975.0833,10.382914,0,2.8881834e-05,0,0,0,21.724274,1.8698351,0.3440122,0,3.3764531
1975.1667,9.1039659,0,3.2521486e-05,0,0,0,19.758776,1.8681587,0.33780664,0,2.9602229
1975.25,8.0058975,0.59543917,3.8212776e-05,-2.7367528e-11,-2.6161325e-05,0,16.761518,1.8658104,0.33202663,30.770273,2.0395018
1975.3333,7.31877,2.6061682,4.3716005e-05,-3.2570139e-06,-0.00075822728,0,14.217546,1.8614738,0.33036622,0,0.024235232
1975.4167,7.1429079,3.4171573,4.881209e-05,0.1427114,1.3232788,0.15092443,13.073207,1.8526423,0.33923355,24.763011,2.9541509
1975.5,8.1719691,5.3055068,3.8089602e-05,0.31179041,2.4119453,0.42308677,11.579626,1.8424839,0.36058846,1.9941466,11.521266
1975.5833,9.4465548,5.7656229,3.2588501e-05,0.28816292,2.0145019,0.38787568,10.175903,1.8370574,0.39808816,1.1633041,9.9782973
1975.6667,10.569251,4.7135828,3.1288764e-05,0.16879443,1.0316776,0.20215388,8.2539654,1.8359004,0.45284605,0.83444543,9.4982076
1975.75,10.88817,0,3.3915061e-05,0.035038161,0,0,6.8350263,1.8372,0.5183512,0,3.5409154
1975.8333,10.574706,0,5.9068319e-05,1.7110476e-05,0,0,6.4338684,1.8385689,0.57909262,0,3.1125301
1975.9167,9.3873162,0,7.1688759e-05,0,0,0,6.6419072,1.8395829,0.6339224,0,5.9878946
1976,8.4935976,0,7.3402778e-05,-1.2143241e-08,0,0,6.3104267,1.8401411,0.68422866,0,2.4846322
1976.0833,7.0227999,0,8.748698e-05,-1.2627081e-09,0,0,6.0342398,1.8402599,0.72753322,0,2.0390204
1976.1667,5.5965665,0,0.0001093635,-2.7516243e-06,0,0,5.6769657,1.8399792,0.76670283,0,1.6220076
1976.25,4.9462644,0.39575688,0.0001210385,-1.896689e-06,0,0,5.5365057,1.8392256,0.80321699,17.57813,1.3113681
1976.3333,4.5637335,1.6234096,0.00011411156,0.00054065266,0.0048405124,4.1613739e-05,5.2396898,1.833457,0.82442856,0,4.5118196e-07
1976.4167,4.689625,2.7507474,8.5058455e-05,0.29641384,1.824718,0.18472149,4.9307046,1.8164312,0.81578004,18.888573,9.2415898
1976.5,5.7310541,4.0133931,5.3899163e-05,0.40653076,2.1424556,0.32007849,4.8652658,1.7965761,0.77978867,2.5470238,5.6513646
1976.5833,6.4930515,4.4724345,4.6336547e-05,0.33468496,1.7068909,0.28215363,4.8757844,1.7836531,0.72733623,0.69241999,4.8217502
1976.6667,7.2822249,4.8688515,4.141765e-05,0.24164443,1.2069541,0.2096822,4.7829576,1.7761194,0.68287706,0.55315076,4.8937025
1976.75,7.7989204,1.1516358,3.8607552e-05,0.083841599,0.20366473,0.03465078,4.6964812,1.7723401,0.64638716,0.10283246,3.1333736
1976.8333,7.580393,0,4.8661539e-05,0.00034162645,0,0,4.6694083,1.7697148,0.61433405,0,2.4670391
1976.9167,6.7840833,0,7.4983509e-05,0,0,0,4.6205926,1.7669495,0.58540547,0,4.8648797
1977,6.1495421,0,6.4928099e-05,-4.0893247e-08,0,0,4.3708291,1.7637011,0.55886346,0,2.0012713
1977.0833,5.422994,0,7.6695622e-05,-3.7619717e-06,0,0,4.1873584,1.760197,0.53601503,0,1.7645976
1977.1667,4.7835796,0,9.9574536e-05,-1.717779e-06,0,0,3.8826945,1.7562983,0.51534456,0,1.5590134
1977.25,4.2128591,0.29709688,0.00012111029,-1.4414029e-07,-0.00013933889,0,3.4926507,1.7518671,0.49598506,17.68008,1.1151027
1977.3333,4.0361308,1.6218481,0.00010558579,0.002068109,0.011975856,1.1903033e-05,3.1203277,1.7453419,0.47820818,0,4.0646971e-06
1977.4167,4.3640933,2.5446941,8.2533428e-05,0.39250712,1.5072184,0.1621956,2.7926505,1.7337993,0.46113971,16.241117,4.529709
1977.5,5.268686,3.6751928,5.4965098e-05,0.63234342,2.0358221,0.31189286,2.6138046,1.7225099,0.44638678,0.54713384,4.186918
1977.5833,6.049783,4.0900637,4.7192072e-05,0.58294505,1.7347912,0.28813894,2.4801719,1.7164516,0.43624929,0.58700506,4.398414
1977.6667,6.8152496,4.485379,4.2907152e-05,0.42126411,1.1759,0.20240182,2.3704057,1.7144722,0.43079686,0.52064771,4.8430615
1977.75,7.3287012,1.0650494,4.1822663e-05,0.10982666,0.192021,0.033957032,2.3132606,1.715506,0.42955178,0.093549824,3.0354201
1977.8333,6.9561331,0,7.3633681e-05,0.00012258002,0,0,2.324291,1.7171556,0.42958951,0,2.2641295
1977.9167,6.1210035,0,8.7872773e-05,0,0,0,2.3381152,1.7181973,0.42962882,0,4.4084494
1978,5.55311,0,8.1987491e-05,-2.4601163e-06,0,0,2.3067055,1.7185545,0.42966482,0,1.8073379
1978.0833,4.9001533,0,9.8648074e-05,-4.8996024e-06,0,0,2.2829237,1.7182856,0.42969581,0,1.6007897
1978.1667,4.3254476,0,0.000113935,-1.2405581e-05,0,0,2.2417319,1.717448,0.42972383,0,1.4077405
1978.25,3.8726337,0.86827017,0.0001251082,-8.698189e-05,-9.0312601e-05,0,2.1963177,1.7158443,0.42989257,18.996469,0.60226389
1978.3333,3.8592624,1.8072136,0.00010762928,0.039943797,0.06797026,0.0020947855,2.1247523,1.7104251,0.43260059,0.30229514,0.00077713697
1978.4167,4.4657835,2.9713325,7.962143e-05,0.97760016,1.5571912,0.19582618,2.0371063,1.6994902,0.4396199,13.054571,7.2346656
1978.5,5.4020388,3.6462646,5.2094416e-05,1.3891295,1.8353142,0.30196001,1.9559609,1.6902003,0.45206958,0.47260398,4.2515733
1978.5833,6.1882189,4.0481188,4.2588777e-05,1.2541512,1.5406416,0.27609545,1.9619505,1.68581,0.47084999,0.4523195,4.62038
1978.6667,6.9598467,4.4263517,3.6907659e-05,0.90103098,1.0691221,0.20048399,2.0132508,1.6852092,0.49582171,0.35210539,5.0880081
1978.75,7.4194642,0.59736497,3.3852764e-05,0.16161245,0.10546762,0.021279836,2.0193214,1.6874108,0.52649587,0.036441932,2.8679173
1978.8333,7.402645,0,3.3975164e-05,0.012167983,0,0,2.0359182,1.6900314,0.55624801,0,2.4095748
1978.9167,7.3822555,0,3.3215434e-05,0.000118847,0,0,2.0441806,1.6923892,0.58310544,0,5.5114147
1979,7.5819306,0,0.00018461468,2.7088652e-05,0,0,2.0215623,1.6945443,0.60774714,0,2.4675339
1979.0833,7.4537629,0,3.7453796e-05,0,0,0,1.9837996,1.6963918,0.62895966,0,2.4258561
1979.1667,7.4203475,0,3.7668957e-05,0.00010867258,0,0,1.9309505,1.6980554,0.64815038,0,2.4149314
1979.25,7.384371,0.47468761,3.7622322e-05,7.7414355e-05,2.6211284e-05,0,1.862727,1.6995481,0.66608214,28.31425,1.9306867
1979.3333,6.9797197,2.6126944,3.8543367e-05,0.027390801,0.082531019,0,1.779752,1.6930106,0.67684013,1.5324871e-09,7.0215265e-09
1979.4167,6.1356658,3.8578399,4.0965257e-05,0.98949587,1.0857388,0.18038588,1.7301517,1.6637404,0.67085522,29.994988,4.4616851
1979.5,6.7136358,7.1959156,3.5305617e-05,1.9977945,1.9791764,0.59889567,1.7542489,1.6109061,0.64510447,25.369416,28.728787
1979.5833,7.9929642,8.4237214,2.6792426e-05,1.4742951,1.4464822,0.51389437,1.8838941,1.5569115,0.59817111,1.4900677,7.3867411
1979.6667,8.792744,8.8946857,2.2866418e-05,1.1393726,1.1169721,0.38396243,2.0780332,1.5162737,0.54434413,0.99918944,6.0842131
1979.75,9.5084095,6.2512872,2.0375564e-05,0.51746314,0.46276704,0.16262614,2.3499062,1.4845355,0.49828431,0.30993639,5.1922292
1979.8333,9.6520735,0,1.8596378e-05,0.046563179,0,0,2.7695317,1.4578017,0.45846802,0,3.1424717
1979.9167,9.6325586,0,1.8545372e-05,1.5412561e-06,0,0,3.2435272,1.4336425,0.42264932,0,7.0753273
1980,9.8261172,0,2.0403888e-05,7.6275082e-06,0,0,3.7072368,1.4114674,0.38978568,0,3.1990889
1980.0833,9.69001,0,2.0736345e-05,2.1410692e-05,0,0,4.2722073,1.3923695,0.36149535,0,3.1547802
1980.1667,9.6606119,0,2.0865313e-05,6.3397594e-06,0,0,4.9123206,1.3750833,0.3359015,0,3.1452077
1980.25,9.6303094,0,2.1036714e-05,7.7176962e-06,0,0,5.6020379,1.3588871,0.31193423,0,3.135347
1980.3333,9.726855,6.5593682,2.0802896e-05,0.0020563918,0.069715325,0,6.2415576,1.3448182,0.28931463,74.67673,0.027957219
1980.4167,10.052318,7.9505341,2.0256279e-05,0.94267956,0.9939616,0.31511732,6.4330239,1.3321838,0.26715004,31.81042,6.0574044
1980.5,10.955067,10.112952,1.6032545e-05,2.1614004,2.1685113,0.8519396,6.8610559,1.3218218,0.24593735,3.8182876,8.0361978
1980.5833,11.850885,10.43618,1.2772842e-05,1.8135919,1.8332585,0.7203417,8.0068884,1.3164492,0.22753392,0.0017763096,10.077934
1980.6667,12.861352,10.57616,1.1259581e-05,1.121717,1.1669307,0.44298133,9.2174644,1.3162996,0.21579754,0.00040242676,12.226437
1980.75,13.419496,0.34369307,1.0663508e-05,0.36430322,0.055390887,0.017858311,10.425748,1.3203284,0.20941338,1.0966478e-05,4.9325907
1980.8333,13.374412,0,1.0512326e-05,0.0032924898,0,0,11.804805,1.3245771,0.20448112,0,4.354421
1980.9167,13.270173,0,1.0593425e-05,0,0,0,13.450826,1.3284078,0.20000567,0,9.6335254
1981,13.610479,0,1.073732e-05,0.00036492775,0,0,15.499569,1.3319181,0.19588986,0,4.4312137
1981.0833,13.569152,0,1.0911599e-05,5.8369637e-05,0,0,17.821379,1.334936,0.19234665,0,4.4177564
1981.1667,13.527951,0,1.1228212e-05,9.5551573e-06,0,0,20.196913,1.3376625,0.18914115,0,4.4043442
1981.25,13.48961,1.6618533,1.1391079e-05,8.3804415e-06,0.0035628537,0,22.938915,1.3402444,0.18614633,75.173397,3.2210401
1981.3333,13.555302,6.442165,1.1707587e-05,0.0009654393,0.076138563,0,24.8902,1.3442756,0.18437028,0,0
1981.4167,14.252207,8.7770987,1.2917402e-05,1.2101251,1.569966,0.52383613,23.934074,1.3510822,0.1855505,51.29791,26.744573
1981.5,16.663946,11.225657,1.1197433e-05,1.7988564,2.2262448,0.92965095,27.701605,1.3615359,0.18887374,0.26591986,18.9435
1981.5833,18.46483,11.471299,9.6901558e-06,1.5506046,1.946785,0.80489016,33.175842,1.3787049,0.19513857,0.00030944437,24.965143
1981.6667,20.663818,8.2071349,8.6143773e-06,0.98047264,1.1294773,0.45377941,37.849899,1.4036639,0.23056856,0.00013785136,25.362851
1981.75,21.262152,0,8.3259974e-06,0.18580508,0,0,42.048611,1.4345852,0.30727839,0,6.9225577
1981.8333,21.194959,0,8.2775077e-06,0.00034091759,0,0,45.947975,1.4635186,0.38320509,0,6.9006683
1981.9167,21.150725,0,8.2405586e-06,7.8332752e-10,0,0,49.708817,1.489634,0.45528623,0,15.125213
1982,21.759747,0,8.2311444e-06,5.4307273e-05,0,0,54.056011,1.5135854,0.52248245,0,7.0844151
1982.0833,21.693537,0,8.4313269e-06,0.00013532897,0,0,58.50407,1.5341966,0.58029842,0,7.0629204
1982.1667,21.62753,0,8.6818372e-06,4.2731072e-05,0,0,62.706772,1.5528388,0.63220519,0,7.0414642
1982.25,21.560758,1.6094303,8.8491297e-06,2.7951671e-06,0.0053964501,0,67.092735,1.5702869,0.68101841,72.707334,5.1496581
1982.3333,21.504436,6.2758923,9.0101912e-06,0.0087660972,0.079349445,0,70.938789,1.5877734,0.73123467,0,7.867342e-08
1982.4167,21.432886,7.5074486,9.1768197e-06,0.87843077,1.4442975,0.31275774,74.42775,1.6054041,0.77938479,62.269089,3.8402375
1982.5,24.502039,12.853385,8.0952077e-06,2.0158146,2.7581258,1.2116136,77.95237,1.6221045,0.82888287,9.4453684,51.749746
1982.5833,27.313605,13.188438,6.9242765e-06,1.5544179,2.1866101,0.96417765,83.370094,1.6469798,0.88702905,0.00014930574,37.294366
1982.6667,30.758413,13.481717,6.1305286e-06,0.91377074,1.3459388,0.5730778,88.91674,1.6833671,0.95223248,2.118527e-05,53.213857
1982.75,33.783965,2.6417368,5.7993975e-06,0.13759389,0.18605634,0.070616524,93.809929,1.7349913,1.0265508,1.4545996e-13,23.219656
1982.8333,33.786263,0,5.8382379e-06,0.00034022005,0,0,99.761467,1.7890171,1.0989791,0,10.974251
1982.9167,33.710375,0,5.9263548e-06,3.1925493e-05,0,0,105.99397,1.837851,1.164493,0,22.786779
1983,34.512263,0,6.1027595e-06,2.3130803e-05,0,0,110.69369,1.8826437,1.2245866,0,11.151475
1983.0833,34.373697,0,6.305077e-06,0.00014746921,0,0,115.66762,1.9211756,1.2761648,0,11.103882
1983.1667,34.246758,0,6.5080922e-06,3.0205259e-05,0,0,120.52816,1.9560114,1.3227631,0,10.01142
1983.25,33.799481,1.152252,7.1583922e-06,2.1148957e-05,0.0069924047,0,107.34576,1.9884583,1.3624359,83.747701,5.6387975
1983.3333,33.086002,7.0486353,9.6861822e-06,2.4272397e-05,0.1127194,0,25.951227,2.0155776,1.3614401,0,2.4927166e-09
1983.4167,32.181438,9.4967969,1.0117994e-05,0.58552945,2.092145,0.65753874,20.893291,2.0361974,1.360298,80.059376,18.378991
1983.5,35.445534,14.140453,9.2179635e-06,0.87398039,2.9705193,1.3389779,21.982307,2.0582986,1.3603495,0.83960078,56.168288
1983.5833,40.010769,14.414706,8.1664984e-06,0.57153892,2.0120868,0.90636761,23.38833,2.0966463,1.3788997,0.00017208115,70.472588
1983.6667,46.526752,11.716688,7.3351175e-06,0.37817749,1.3074667,0.55202502,24.322186,2.1577988,1.4761829,8.323531e-05,88.428986
1983.75,49.128037,0,7.0873157e-06,0.078105618,0,0,25.250872,2.2403789,1.5974456,0,15.984118
1983.8333,48.972748,0,7.1182881e-06,1.5440233e-05,0,0,26.498148,2.3190041,1.7101539,0,15.933633
1983.9167,48.864141,0,7.1795594e-06,6.2708615e-07,0,0,27.770657,2.3899753,1.8118501,0,32.998793
1984,49.917035,0,7.2586836e-06,4.0781244e-08,0,0,28.417009,2.4550834,1.9050132,0,11.407511
1984.0833,47.817219,0,7.9019492e-06,1.3242122e-09,0,0,27.205133,2.5111079,1.9834393,0,7.0110803
1984.1667,45.729894,0,8.5001257e-06,4.6708644e-08,0,0,25.845522,2.561717,2.0454335,0,6.6473075
1984.25,43.731611,1.7439432,8.8452316e-06,1.3024731e-08,-1.5554636e-05,0,24.56875,2.6087399,2.0937204,80.478764,9.5689143
1984.3333,37.832703,6.2051555,9.7809307e-06,0.00044940288,0.090514904,0,22.368109,2.6405227,2.0957823,0,0
1984.4167,34.009367,7.3350593,1.0400242e-05,0.3269474,2.0079887,0.44303102,21.413164,2.6496255,2.0935779,57.495123,1.3009255
1984.5,35.541061,11.897393,1.0009452e-05,0.5102245,3.0209255,1.0380159,20.713488,2.6541762,2.1286302,11.208811,69.107422
1984.5833,42.051956,12.227687,8.9474825e-06,0.3667622,2.2218309,0.76610193,19.601204,2.685106,2.2012413,0.0070518514,93.983716
1984.6667,50.174244,12.458557,8.0308428e-06,0.27126443,1.6726691,0.55859347,18.413042,2.7564449,2.3035517,0.00020128007,99.138084
1984.75,54.302666,2.8435946,7.6255324e-06,0.069082164,0.2440258,0.079912453,17.311062,2.8863361,2.4469471,3.2812875e-05,25.847958
1984.8333,53.568557,0,7.6664437e-06,0.0013246477,0,0,16.177277,3.0307467,2.5951562,0,8.9027735
1984.9167,52.538607,0,7.7669729e-06,4.7127468e-05,0,0,14.916751,3.1611724,2.7290103,0,19.625479
1985,51.981632,0,7.8762478e-06,8.5762474e-07,0,0,13.323902,3.2795937,2.8516128,0,9.0066506
1985.0833,50.308812,0,8.1639992e-06,7.7410839e-06,0,0,11.547595,3.3791223,2.9566693,0,8.877227
1985.1667,48.236106,0,8.6980999e-06,6.8824594e-07,0,0,9.3971224,3.4657061,3.0506959,0,2.2370276
1985.25,44.952285,0.67285518,1.0081792e-05,1.1174762e-08,-2.7372329e-07,0,6.8979406,3.5423732,3.1374202,49.31546,6.1839329
1985.3333,39.028857,3.9000995,1.37216e-05,7.0975895e-06,0.086394117,0,4.1156626,3.5901825,3.1811168,0,0
1985.4167,35.387833,4.1550305,1.7399519e-05,0.14549146,1.3223859,0.13216116,3.6530194,3.5922141,3.1811583,13.941458,0.015649677
1985.5,33.61395,7.3444908,1.8166558e-05,0.4990138,3.4353926,0.72846625,3.551029,3.5637305,3.1533217,40.261278,20.274747
1985.5833,35.609432,9.7051794,1.682509e-05,0.44648207,2.5769825,0.66691474,3.8747196,3.5500858,3.0977793,15.407616,36.064825
1985.6667,39.240591,7.8696376,1.5224365e-05,0.27476077,1.4010916,0.35979042,4.2729301,3.566493,3.057277,0.021495087,46.431943
1985.75,40.184647,0,1.4577429e-05,0.068638087,0,0,4.5882068,3.606231,3.036268,0,8.9068769
1985.8333,39.676171,0,1.4455115e-05,0.00038053349,0,0,4.816031,3.6453419,3.0189283,0,8.8793461
1985.9167,39.046582,0,1.4421025e-05,1.6568909e-05,0,0,4.9520345,3.6802516,3.0030069,0,19.46873
1986,39.106388,0,1.4300008e-05,3.6933617e-11,0,0,4.8796225,3.7112501,2.9880254,0,8.9989751
1986.0833,38.083486,0,1.439991e-05,5.2897206e-07,0,0,4.8767061,3.7364492,2.9747024,0,3.7352891
1986.1667,36.24111,0,1.4799008e-05,2.7373849e-07,0,0,4.7630959,3.7573409,2.9621632,0,0.080610977
1986.25,34.57889,0,1.5111721e-05,3.9059629e-06,0,0,4.6568437,3.7746725,2.9499173,0,0
1986.3333,33.084083,3.8665703,1.5272266e-05,4.0524626e-05,0.15895479,0,4.1788211,3.7777944,2.9351187,46.651233,6.0987396
1986.4167,29.106539,4.6156798,1.6267793e-05,0.37893674,2.2326804,0.25451918,3.6310475,3.735594,2.8865387,28.379549,0.0097571938
1986.5,27.811632,8.2070278,1.60409e-05,0.70067605,3.7455308,0.76200793,3.348165,3.662467,2.7879214,27.303065,29.394914
1986.5833,30.570362,9.3489029,1.4237969e-05,0.52490809,2.7761109,0.61344888,3.4096746,3.6119869,2.6406932,5.0503623,45.128271
1986.6667,34.77272,8.9844307,1.2443032e-05,0.31470491,1.6107646,0.35060557,3.6935194,3.5964627,2.4899433,0.066660736,52.351511
1986.75,36.460228,0,1.1428031e-05,0.038837488,0,0,4.1247072,3.6109278,2.3611624,0,9.4968649
1986.8333,36.149718,0,1.1132254e-05,0.0067623381,0,0,4.6600585,3.6289809,2.2461593,0,9.4677428
1986.9167,35.844345,0,1.1179482e-05,0.00025813248,0,0,5.2379251,3.6452498,2.1426032,0,20.867031
1987,36.154084,0,1.1253366e-05,8.1614075e-06,0,0,5.7614732,3.660032,2.047822,0,9.6641793
1987.0833,35.459116,0,1.1423525e-05,4.5069613e-06,0,0,6.3813176,3.6724787,1.966417,0,4.0577986
1987.1667,34.26059,0,1.1753122e-05,1.086829e-06,0,0,6.9784946,3.6833293,1.8929354,0,0.25536807
1987.25,33.101149,1.1342262,1.2040962e-05,2.1994155e-06,0.012221381,0,7.5708666,3.69275,1.8240613,51.542181,6.5479478
1987.3333,31.487748,4.2843171,1.2409664e-05,0.019639791,0.22946557,5.7214115e-08,7.4532709,3.6861718,1.7459332,1.2492724e-05,0
1987.4167,27.69288,5.8764545,1.3220433e-05,0.66793084,3.5351565,0.46877383,7.2627563,3.64498,1.6328317,48.414854,2.7649083
1987.5,28.783059,8.9024976,1.2121614e-05,0.80609465,3.9029634,0.79171744,7.6946201,3.5970137,1.4883324,8.4649844,43.692387
1987.5833,32.756228,9.4008027,1.0381914e-05,0.66746089,3.3065377,0.6635232,7.959691,3.5792897,1.3476654,0.25566376,53.957655
1987.6667,37.39981,6.0659237,9.1066013e-06,0.38513342,1.4524333,0.28144745,8.481164,3.5987599,1.2371944,0.039012729,51.170599
1987.75,38.447663,0,8.743561e-06,0.18189738,0,0,8.9254599,3.6419141,1.1486075,0,11.169396
1987.8333,38.19868,0,8.678021e-06,0.0036099074,0,0,9.368928,3.6825986,1.069294,0,10.879311
1987.9167,37.954792,0,8.701466e-06,5.3552163e-05,0,0,9.8694706,3.7193067,0.99769372,0,23.689747
1988,38.616352,0,8.6857772e-06,0.00018714789,0,0,10.321701,3.7529178,0.93199444,0,7.4496436
1988.0833,37.612945,0,8.8811639e-06,1.506349e-05,0,0,10.57047,3.7817273,0.87543213,0,0.7012481
1988.1667,36.375038,0,9.227203e-06,3.9748369e-07,0,0,10.457239,3.8076146,0.82425535,0,0.0099277584
1988.25,35.085149,0.88451413,9.5607784e-06,3.8247618e-06,0.026786803,0,10.308928,3.8315103,0.77627629,53.683994,7.2223921
1988.3333,33.102944,4.4235298,1.3215642e-05,0.015346344,0.42666586,0.0088640043,6.3119922,3.8370085,0.72799551,0.70315527,0.00077635393
1988.4167,29.128555,6.4923074,1.5169067e-05,0.2450796,4.2456357,0.56334984,5.4820547,3.8012745,0.67411852,49.689525,8.6741163
1988.5,31.826813,9.0400213,1.3974538e-05,0.3045306,4.7237618,0.85119079,6.0655842,3.7675059,0.6266678,5.03109,57.01353
1988.5833,36.704931,9.3587255,1.2377584e-05,0.23066275,3.3699935,0.60987451,6.677002,3.7720232,0.59981722,0.022996221,66.537317
1988.6667,42.631302,9.5612966,1.1163091e-05,0.15599249,2.1855043,0.38453686,7.0804925,3.8235517,0.60328597,0.00079034676,84.213724
1988.75,46.448998,0.62349241,1.0606132e-05,0.02974441,0.16197482,0.026294031,7.2347155,3.9254968,0.63785964,4.3548825e-05,21.708091
1988.8333,46.024706,0,1.08206e-05,4.0295164e-05,0,0,7.3511667,4.0310874,0.67657775,0,13.549894
1988.9167,41.787051,0,1.1720246e-05,6.328967e-21,0,0,7.4936008,4.1262894,0.7115286,0,26.182417
1989,38.811851,0,1.2199977e-05,8.8760508e-05,0,0,7.3216734,4.2132835,0.74359596,0,1.9500494
1989.0833,31.10316,0,1.4443172e-05,-9.1685163e-13,0,0,7.0149784,4.2876825,0.77120072,0,0.85173868
1989.1667,26.550487,0,1.6032156e-05,-8.0557628e-12,0,0,6.8964639,4.3541794,0.79617429,0,0.096245323
1989.25,22.405386,0.54341886,1.8457677e-05,-8.0905111e-11,0,0,6.3200483,4.4150667,0.8194223,24.844103,4.7719496
1989.3333,19.10097,1.998405,2.1831996e-05,1.7200414e-06,0.10593684,0,4.7276731,4.4446983,0.83215326,0,0
1989.4167,16.078886,2.2235257,2.5108453e-05,0.099140593,2.1108414,0.079958127,3.5876074,4.4117575,0.82753992,8.3047713,0.079910334
1989.5,14.807797,4.0225959,2.5504949e-05,0.23487779,3.5901038,0.29184033,3.3660014,4.3268113,0.81147343,16.961035,12.780761
1989.5833,16.701499,4.6896925,2.2926873e-05,0.23480338,3.3265561,0.3083187,3.281374,4.2551193,0.79662436,1.8329696,16.619815
1989.6667,18.606419,4.9766065,2.1370008e-05,0.17982079,2.4313447,0.22372923,3.2237968,4.2155218,0.79111624,0.082159506,20.030262
1989.75,20.338362,2.3209769,2.0347008e-05,0.062670163,0.66775718,0.064445828,3.1929014,4.2033792,0.79668993,0.033367237,13.862307
1989.8333,20.471264,0,2.0525331e-05,5.1878077e-05,0,0,3.167145,4.2040501,0.80748117,0,6.2271916
1989.9167,20.38057,0,2.0987536e-05,0.00012445802,0,0,3.200563,4.2050023,0.81738132,0,13.565148
1990,20.717267,0,2.0843283e-05,6.0405771e-09,0,0,3.1270463,4.2057729,0.82640761,0,6.3454222
1990.0833,20.135574,0,2.1097811e-05,2.3940548e-07,0,0,3.0499346,4.2062421,0.83412272,0,2.5236879
1990.1667,19.327858,0,2.1585362e-05,3.3593555e-07,0,0,2.9581418,4.2063909,0.84104013,0,0.064180806
1990.25,18.671799,0,2.1800655e-05,1.2265707e-07,0,0,2.8851101,4.2061772,0.84745055,0,0.034511024
1990.3333,18.121352,2.3123645,2.1866501e-05,0.0097807718,0.32838207,-4.2616649e-07,2.7306519,4.1967697,0.84988123,28.261502,3.6509257
1990.4167,16.341783,3.7358184,2.2921171e-05,0.38391109,4.5087491,0.30353597,2.540123,4.1463008,0.83863264,27.271911,2.4657144
1990.5,17.205391,5.1614786,2.1479238e-05,0.48668286,4.8574116,0.45204773,2.5142491,4.0795212,0.8208999,2.0680123,15.937344
1990.5833,18.711654,5.4657152,1.9370114e-05,0.44784111,3.9720945,0.37338248,2.4771152,4.0304103,0.8092401,0.27941215,12.680956
1990.6667,20.016422,5.2672769,1.7682652e-05,0.29828989,2.3359238,0.21378175,2.5072131,3.99686,0.8081407,0.20900289,12.656023
1990.75,20.527396,0,1.6737808e-05,0.088532324,0,0,2.5675156,3.9734387,0.81788713,0,6.5990714
1990.8333,20.455813,0,1.6367798e-05,0.0041807953,0,0,2.6146595,3.9532781,0.82870746,0,6.5782949
1990.9167,20.360075,0,1.633415e-05,8.7489235e-06,0,0,2.6490068,3.9350665,0.83843547,0,14.160244
1991,20.48721,0,1.6396179e-05,2.9348759e-06,0,0,2.6638553,3.9183414,0.84729987,0,6.5571608
1991.0833,19.550081,0,1.701486e-05,4.7977283e-09,0,0,2.642427,3.9039264,0.85486627,0,2.0105182
1991.1667,18.894121,0,1.741097e-05,1.9381024e-09,0,0,2.6181843,3.8908665,0.86164188,0,0.035552156
1991.25,18.410299,0.81573706,1.7689321e-05,-3.3496292e-09,0.025972635,0,2.5828621,3.8783257,0.86779279,32.77041,3.6020536
1991.3333,17.343894,2.7907842,1.8132363e-05,0.023963522,0.43759505,0,2.4751649,3.84969,0.86611301,0,0
1991.4167,14.524373,3.7722036,1.9514873e-05,0.65288638,4.567797,0.29331179,2.3493092,3.7773659,0.84645796,28.594698,0.49630452
1991.5,14.491796,5.4270262,1.8413311e-05,0.95479973,5.8804126,0.51068282,2.371192,3.6778514,0.80916774,0.89637694,14.445364
1991.5833,15.901674,5.7014967,1.6738402e-05,0.82071734,4.6134976,0.40791274,2.4289796,3.5955718,0.77483666,0.59112838,11.063651
1991.6667,17.115045,5.9667653,1.5339134e-05,0.60293116,3.1675503,0.28094151,2.4772825,3.5310838,0.76149601,0.54756498,10.532198
1991.75,17.919928,1.779297,1.3256076e-05,0.1543634,0.54325745,0.046187232,2.5193758,3.4784942,0.77254099,0.10989472,7.0289421
1991.8333,17.901827,0,1.3143103e-05,0.0018008498,0,0,2.535213,3.4327254,0.79185796,0,5.7590882
1991.9167,17.85838,0,1.3579235e-05,3.5180133e-05,0,0,2.5454714,3.3914239,0.80937821,0,12.531319
1992,18.352816,0,0.0052672941,0.00027149369,0,0,2.5540669,3.3535228,0.82540184,0,5.9103374
1992.0833,18.223068,0,0.0054158545,3.2882464e-05,0,0,2.5318809,3.3208873,0.83913547,0,5.8695611
1992.1667,18.154336,0,0.0054375161,2.3660364e-05,0,0,2.5002058,3.291353,0.85149068,0,5.8221378
1992.25,17.956588,0.5207166,0.0056104749,0.0036554517,0.03008054,0,2.4460509,3.2636163,0.86288124,37.725101,2.66529
1992.3333,16.150998,3.2555112,0.0070736255,0.23003637,1.3941158,0.028022165,2.3118014,3.2242136,0.85316634,3.1324491,0.006707629
1992.4167,13.745996,5.8761206,0.0083596399,1.6825844,6.310678,0.53479333,2.1676559,3.1438842,0.79270828,45.898066,29.411678
1992.5,14.595865,9.6821794,0.0052404972,2.20099,6.5082658,0.90402686,2.1004879,3.020067,0.72067249,51.500594,83.189883
1992.5833,10.8889,14.610189,1.2536789e-05,1.668073,4.5779713,0.76355084,2.1027961,2.8412333,0.70364308,51.429873,44.435317
1992.6667,2.9087586,11.400976,1.5999805e-05,1.0395938,2.0624032,0.35173989,2.1971259,2.6269763,0.71706063,22.631453,7.4636729
1992.75,2.5162133,0,1.5817968e-05,0.2577333,0,0,2.2215979,2.4115331,0.69469142,0,0.21622266
1992.8333,2.4599899,0,2.6772732e-05,0.006481946,0,0,2.2329943,2.2107425,0.65820539,0,0.20788208
1992.9167,2.4056227,0,2.7200123e-05,4.6635035e-06,0,0,2.2356958,2.0291626,0.62552148,0,0.4259259
1993,2.366357,0,2.7662825e-05,0.013006001,0,0,2.2151351,1.8625525,0.59546983,0,0.19051661
1993.0833,2.2425749,0,3.2070064e-05,0.014428143,0,0,2.180938,1.721521,0.56892508,0,0.18429605
1993.1667,2.1784925,0,3.2284337e-05,0.012114044,0,0,2.1376202,1.5960934,0.54476315,0,0.18360318
1993.25,2.0043077,4.0147319,3.4534471e-05,0.030266211,0.21467482,0,2.0725803,1.4828503,0.52757788,111.86394,0.85496749
1993.3333,1.4078666,9.646792,4.6611698e-05,0.79819686,2.2612638,0.10203793,1.9859961,1.4109546,0.53956425,16.641041,0.0027599221
1993.4167,1.0892455,17.12729,5.8565463e-05,3.4264832,6.8883902,1.1431923,1.9405901,1.3427383,0.52016246,109.20256,6.5696732
1993.5,1.6313079,22.052374,2.0190912e-05,3.3325131,6.5126191,1.2829059,1.9437056,1.2773281,0.48585543,21.127217,6.5202883
1993.5833,2.2199859,22.957787,1.6323929e-05,2.4339379,4.7518515,0.94011872,1.9463844,1.222349,0.4568314,1.4862794,3.8407461
1993.6667,2.731753,18.759802,1.4941264e-05,1.5989998,2.6966655,0.51952779,1.949851,1.1776314,0.43509397,1.4464817,3.6708416
1993.75,2.8911806,0,1.4379997e-05,0.67729195,0,0,1.9549031,1.1199858,0.4079909,0,0.94107446
1993.8333,2.8832264,0,1.41825e-05,0.1041509,0,0,1.9605246,1.061396,0.38039169,0,0.93980144
1993.9167,2.8773393,0,1.4091067e-05,1.890554e-06,0,0,1.9658456,1.0085261,0.35546312,0,1.8985726
1994,2.9294011,0,1.3766058e-05,0.00045877769,0,0,1.9722099,0.96002328,0.33257771,0,0.95200848
1994.0833,2.9214204,0,1.3626294e-05,0.012715059,0,0,1.9830436,0.91815752,0.31286603,0,0.94907787
1994.1667,2.9133675,0,1.3523674e-05,0.0037578282,0,0,1.9988638,0.87992108,0.29503384,0,0.94629267
1994.25,2.9092503,4.6845875,1.3243149e-05,0.013635849,0.030438417,0,2.0248425,0.8439281,0.27832773,284.29094,1.3515261
1994.3333,2.8795381,23.765361,1.2864833e-05,0.49725618,0.90146632,0.11237619,2.0668266,0.81449032,0.26340908,5.0631509,1.6424917
1994.4167,3.202955,25.547531,1.195125e-05,3.2779599,6.32873,1.3307596,2.1396656,0.79142088,0.25078475,13.255378,7.1086627
1994.5,3.9103301,26.21224,1.0656951e-05,3.1807791,6.1504054,1.2796523,2.2674398,0.77491593,0.2412494,0.90819453,7.7773716
1994.5833,4.7179023,26.747674,9.3395211e-06,1.8278845,3.6734947,0.74800919,2.4636226,0.76308757,0.23502174,0.99873702,9.7882041
1994.6667,5.6935521,27.258491,8.1721419e-06,1.589834,3.2492035,0.64029009,2.7511046,0.75774103,0.23227319,0.99018731,12.879825
1994.75,6.2938542,0.8876925,7.1619897e-06,0.32463884,0.16258238,0.031663739,3.2289436,0.75661516,0.23261684,0.032258454,2.8367483
1994.8333,6.2773759,0,6.4798664e-06,0.013490782,0,0,4.0520048,0.75744545,0.23341478,0,2.0371706
1994.9167,6.2243827,0,6.8025179e-06,6.9095959e-06,0,0,4.9845123,0.75986117,0.23392531,0,4.494757
1995,6.2783714,0,1.3440834e-05,0.00026796212,0,0,6.0772848,0.76497364,0.23407917,0,2.0376777
1995.0833,6.2182792,0,7.7126642e-06,8.0428119e-06,0,0,7.1182022,0.77033156,0.23402648,0,2.0156523
1995.1667,6.0783052,0,8.1157632e-06,4.501104e-06,0,0,8.1894064,0.77730989,0.23358269,0,1.9724709
1995.25,5.9717288,4.3207263,8.4363191e-06,0.0013443902,0.016915583,0,9.2851763,0.78468668,0.23290403,314.80107,2.2071073
1995.3333,4.9565439,26.218323,8.9382575e-06,0.16081736,0.51721052,0.029480628,10.11481,0.78444886,0.22915651,1.9478148,0.20757272
1995.4167,3.8418646,28.846908,9.689843e-06,2.2003607,6.0236105,1.3064619,10.274309,0.76934952,0.21621084,44.37656,14.421475
1995.5,4.4383625,31.780262,8.6319578e-06,2.5580349,6.9040112,1.5981836,11.216464,0.75290775,0.19802563,15.131028,10.682227
1995.5833,5.2547096,32.744918,7.3697788e-06,2.010882,5.5424631,1.2745798,12.598498,0.74246168,0.18335801,1.2994775,8.1107444
1995.6667,5.9208735,33.313751,6.6337825e-06,1.3880714,3.9733567,0.87828826,13.759022,0.73700398,0.17275433,1.5512108,8.0266859
1995.75,6.4923139,14.141302,6.3070647e-06,0.39598933,1.0500161,0.22067662,14.765218,0.73248327,0.16390598,0.70540124,5.0502958
1995.8333,6.5395702,0,7.0797032e-06,0.039087092,0,0,15.783277,0.71860915,0.154313,0,2.1287635
1995.9167,6.5261028,0,8.5061101e-06,5.7520385e-07,0,0,16.996393,0.70474297,0.1454107,0,4.4050317
1996,6.6833338,0,6.8662298e-06,4.7847196e-06,0,0,18.184681,0.69205803,0.13723879,0,2.1726369
1996.0833,6.618924,0,6.7699671e-06,0.00022704423,0,0,19.408581,0.68257904,0.1301509,0,2.1487265
1996.1667,6.5668905,0,6.9181951e-06,0.0076657578,0,0,20.646715,0.6747523,0.12363482,0,2.1352517
1996.25,6.5509588,3.2744894,7.0361948e-06,0.013237518,0.0098990752,0,22.167938,0.66719341,0.11753387,397.95657,2.7744477
1996.3333,6.5923245,33.285726,7.1708114e-06,0.50184933,2.158365,0.25904111,23.476938,0.6682657,0.11426424,17.087523,9.6682696
1996.4167,7.8837322,35.24391,6.648786e-06,2.2286792,7.3494862,1.7478071,25.045673,0.66878635,0.11689135,3.7538923,21.274448
1996.5,9.7670509,35.711486,5.6774597e-06,2.2638142,7.4674568,1.8155047,28.226076,0.67529166,0.12516536,0.030595312,28.974327
1996.5833,12.517133,36.15335,4.8769475e-06,1.5960122,5.5659076,1.3068819,31.597574,0.69297194,0.1398742,0.020706701,41.308071
1996.6667,15.866213,20.675194,4.3528003e-06,1.0312631,2.897147,0.65252379,34.709373,0.719271,0.16133277,0.0070014922,33.695161
1996.75,16.526131,0,4.2350666e-06,0.30789986,0,0,37.584682,0.74033999,0.18148719,0,5.3814659
1996.8333,16.486062,0,4.1683529e-06,0.02379094,0,0,40.55711,0.75749123,0.19903876,0,5.3682274
1996.9167,16.457373,0,4.2677689e-06,2.9269219e-19,0,0,43.898094,0.77279949,0.21493702,0,9.4304646
1997,16.748846,0,4.4259427e-06,0.00036431137,0,0,46.780209,0.78646374,0.22974202,0,5.4379613
1997.0833,16.707689,0,4.5976321e-06,0.001181232,0,0,49.644318,0.79764163,0.24271922,0,5.4195231
1997.1667,16.666649,0,4.7264462e-06,0.00065761231,0,0,52.629887,0.80726069,0.25439876,0,5.4048128
1997.25,16.687823,9.1551216,5.1861789e-06,0.010402422,0.060595425,0,50.83815,0.81670415,0.26483977,416.76846,10.239052
1997.3333,18.11572,34.862094,5.53682e-06,0.34918522,1.7651624,0.33526648,47.964287,0.84129548,0.27855653,16.14917,41.482693
1997.4167,25.755793,37.329908,5.0586141e-06,1.7687296,8.5018602,2.0700139,50.357525,0.88475955,0.30598032,12.026591,124.97128
1997.5,34.691315,37.944984,4.3277632e-06,1.6431951,7.9102251,1.9621777,55.497265,0.96141565,0.35060793,1.3885862,120.78227
1997.5833,45.374401,38.452201,3.7693173e-06,1.1516004,5.7022495,1.3977108,60.672218,1.0714207,0.41745952,0.52228977,147.73126
1997.6667,56.667645,38.842428,3.4426846e-06,0.79056789,3.9847088,0.94969838,64.53688,1.222224,0.50912225,2.0563417e-07,153.94517
1997.75,65.324686,11.344532,3.2716739e-06,0.2241947,0.8156133,0.18707413,67.903915,1.4105747,0.62171179,5.5133202e-08,62.279488
1997.8333,65.279089,0,3.3015017e-06,0.0094003899,0,0,71.840927,1.5718398,0.71869504,0,15.225834
1997.9167,64.588279,0,3.3831132e-06,8.7912864e-20,0,0,75.240463,1.7153968,0.80520976,0,17.705602
1998,63.910469,0,3.5776491e-06,4.9007127e-08,0,0,76.432724,1.8454235,0.88462162,0,10.167764
1998.0833,62.780164,0,3.7334169e-06,0.00020128211,0,0,78.429619,1.9548383,0.95300412,0,10.115606
1998.1667,61.483171,0,3.9911965e-06,8.3594019e-05,0,0,78.559708,2.0506713,1.0148383,0,9.749472
1998.25,60.109384,2.5532544,4.9193509e-06,3.9178028e-08,0.0024831328,0,41.347782,2.1207786,1.0756986,310.34578,32.654737
1998.3333,59.588876,25.670005,5.1279549e-06,0.0001327968,0.1976464,0,36.036514,2.1869204,1.144291,0,0.0046011567
1998.4167,57.754178,28.730778,5.2855712e-06,0.44479912,4.6560363,0.9282593,37.357513,2.2506516,1.202819,84.304342,117.99629
1998.5,73.136188,34.698941,4.7084536e-06,0.84380531,8.4473745,2.0285594,39.417103,2.3167665,1.2426571,32.479492,264.37189
1998.5833,87.707825,36.246102,4.2053139e-06,0.48962222,5.0647388,1.224155,42.963207,2.4295802,1.2735993,7.4242783,239.68908
1998.6667,104.00843,37.172265,3.8077719e-06,0.4249435,4.424495,1.0313296,45.431412,2.618984,1.3072112,9.0134307,257.56136
1998.75,113.9174,6.0796412,3.6228378e-06,0.18256961,0.6404715,0.14811129,47.659233,2.8994009,1.3539016,1.4107509,67.166553
1998.8333,112.40481,0,3.7305845e-06,0.028020868,0,0,50.650436,3.1717868,1.4048047,0,18.942029
1998.9167,108.53613,0,3.9287725e-06,0.00014993831,0,0,53.129467,3.4165432,1.4510666,0,10.582199
1999,103.74799,0,4.1207099e-06,7.5644653e-08,0,0,54.350285,3.6389203,1.4937388,0,2.2125873
1999.0833,93.80164,0,4.5390912e-06,2.0657149e-09,0,0,51.923019,3.8267591,1.5307187,0,1.8410065
1999.1667,88.576406,0,5.0075505e-06,2.6123472e-12,0,0,38.34763,3.9918022,1.564411,0,1.9228206
1999.25,84.626973,3.5196524,5.5900346e-06,0,0.042109845,0,11.468433,4.1387277,1.5957193,160.65578,37.526852
1999.3333,79.522289,13.082011,5.7904758e-06,0.0014164567,0.69066388,0,10.732227,4.2684226,1.6050146,0,0
1999.4167,61.525144,13.970606,6.7235351e-06,0.24523705,5.4160028,0.4813204,10.549539,4.3321133,1.5740516,51.323146,0.0091756228
1999.5,46.315327,22.238489,7.7701325e-06,0.35992905,8.2562769,1.114935,11.001186,4.3618531,1.5051478,108.96206,24.801341
1999.5833,46.505582,28.679572,7.7382447e-06,0.27799266,6.6255218,1.0918262,11.049973,4.4502869,1.4064833,53.813136,126.13806
1999.6667,56.957617,31.192284,6.9309876e-06,0.18428815,4.4516381,0.73303849,10.789685,4.6415663,1.3099467,3.3456837,137.31831
1999.75,61.229702,0,6.6744469e-06,0.061032465,0.083201273,0.012424795,10.527753,4.9188399,1.2341701,0,8.1458895
1999.8333,59.731856,0,6.8421637e-06,4.161617e-05,0,0,10.334673,5.1714606,1.1635545,0,4.3060813
1999.9167,54.115765,0,7.2863477e-06,0,0,0,10.124077,5.3902845,1.0998057,0,5.3366829
2000,47.105554,0,9.3041645e-06,0,0,0,9.728014,5.5563478,1.0413157,0,0.98758264
2000.0833,39.71171,0,8.8793204e-06,0,0,0,9.2237644,5.6635804,0.99096489,0,0.26779221
2000.1667,36.526963,0,9.409031e-06,0,0,0,8.8115263,5.7266846,0.94541276,0,0.1604063
2000.25,34.674034,1.9678846,9.7326511e-06,0,-0.0013222703,0,8.2420568,5.7611165,0.90289909,119.47602,24.608379
2000.3333,33.325326,9.890113,9.8921901e-06,0.00020979734,0.28430212,4.6793711e-08,6.5040002,5.7591958,0.86550188,0,0
2000.4167,28.541051,11.330723,1.0601014e-05,0.25587369,5.7425317,0.41023543,5.4360967,5.6841927,0.81944185,49.841558,0.84340943
2000.5,24.640204,17.29109,1.0989296e-05,0.35904183,7.76943,0.77350775,4.8388839,5.5592942,0.76932764,65.856705,22.882309
2000.5833,26.228592,21.811191,1.0477233e-05,0.27558195,5.9664188,0.71896056,4.2057076,5.4405384,0.73500305,35.879773,54.536603
2000.6667,32.740381,23.411401,9.767452e-06,0.19401189,4.0771862,0.5268515,3.5699885,5.3757858,0.72897071,1.226486,98.429301
2000.75,37.416868,3.0423701,9.5140031e-06,0.054322278,0.46409105,0.06113742,3.4587188,5.3594813,0.7488938,0.00099677953,20.321901
2000.8333,36.849868,0,9.6375852e-06,1.2597891e-07,0,0,3.4744465,5.3382182,0.76807666,0,5.7893049
2000.9167,36.109604,0,9.7179172e-06,0,0,0,3.4394894,5.3175921,0.78530043,0,6.5908213
2001,35.171885,0,9.7725779e-06,0,0,0,3.3189218,5.2961645,0.80112022,0,0.76273042
2001.0833,33.84443,0,1.0008402e-05,0,0,0,3.2403729,5.2741013,0.81475472,0,0.71287449
2001.1667,32.341637,0,1.0482853e-05,0,0,0,3.1478953,5.2496109,0.82710677,0,0.70920102
2001.25,31.250015,2.5358379,1.0960589e-05,0,0.011657454,0,3.0306489,5.2222285,0.83894283,115.38563,29.764585
2001.3333,30.497774,9.567786,1.130878e-05,0,0.15586857,0,2.8338892,5.2035422,0.84967625,0,0
2001.4167,24.466602,9.4210627,1.2869017e-05,0.07456968,1.7107198,0.064487646,2.6751785,5.1651015,0.8464734,8.1978385,0.0032369795
2001.5,18.440384,11.571282,1.4663002e-05,0.41851004,7.4685747,0.53822074,2.5728779,5.0942264,0.83062553,55.49284,26.231118
2001.5833,19.240711,15.044988,1.4077505e-05,0.37484815,6.2341131,0.58334086,2.6396127,5.032856,0.81705868,43.404253,49.758509
2001.6667,23.633191,15.265869,1.2651654e-05,0.28183837,4.4612332,0.42192096,2.8452539,5.0541806,0.82279748,7.6860954,64.685057
2001.75,26.443008,3.2585696,1.1948561e-05,0.08458864,0.6276009,0.058724417,2.9504092,5.1549759,0.84738201,0.24199923,16.535865
2001.8333,24.529306,0,1.292457e-05,0,0,0,2.8862116,5.2590523,0.86188257,0,1.938481
2001.9167,21.17561,0,1.6087222e-05,0,0,0,2.7992535,5.3459344,0.87400681,0,3.6302172
2002,18.329762,0,2.3527486e-05,-3.4412107e-13,0,0,2.7190049,5.4158587,0.88481319,0,1.5149126
2002.0833,15.790194,0,1.8505649e-05,0,0,0,2.642998,5.4647355,0.89381999,0,1.3330888
2002.1667,13.547097,0,2.0263555e-05,0,0,0,2.5625625,5.4984469,0.9016552,0,1.1214665
2002.25,11.679847,0.6795153,2.2042468e-05,0,-5.682651e-06,0,2.4734819,5.5183797,0.90902281,41.261245,12.047367
2002.3333,10.775915,3.3754804,2.2343562e-05,0.015619296,0.15371388,0.002987196,2.3244917,5.5100284,0.92290801,0.23032424,0.00024219708
2002.4167,9.7782165,4.3878295,2.3562023e-05,0.51674659,6.3187061,0.21368518,2.2315905,5.447947,0.92184699,24.869794,1.0258257
2002.5,9.9079097,6.0575842,2.1536525e-05,0.69398812,7.6311728,0.34276991,2.1799438,5.3525743,0.90982652,13.9303,13.346265
2002.5833,10.596238,5.9941504,1.8609288e-05,0.57607782,6.0434797,0.27731252,2.1577148,5.2474809,0.90967894,5.7846089,17.213239
2002.6667,11.715963,5.2685859,1.7375989e-05,0.40632514,4.0213926,0.17680752,2.1828527,5.160964,0.92751926,0.86642752,18.37539
2002.75,12.553608,1.2702013,1.650979e-05,0.24256343,0.85262265,0.033226175,2.2036593,5.0875344,0.94922513,0.17394191,7.1474148
2002.8333,12.447139,0,1.6341724e-05,0.036399394,0,0,2.1984694,5.0069766,0.96456671,0,3.3633595
2002.9167,12.304126,0,1.6781887e-05,0.003140083,0,0,2.1967213,4.9331851,0.97770655,0,6.0138805
2003,12.147808,0,1.7542339e-05,0.00032925063,0,0,2.1842926,4.864481,0.98920965,0,3.3445609
2003.0833,11.957614,0,1.747341e-05,7.3311911e-05,0,0,2.1724679,4.8033428,0.99896783,0,2.963112
2003.1667,11.64753,0,1.7842331e-05,7.8366267e-06,0,0,2.1587167,4.7452188,1.0073862,0,0.82090274
2003.25,10.452359,0.18654045,1.7865848e-05,4.1935494e-05,0.026950949,0,2.135118,4.6869946,1.0147314,22.443742,3.9709386
2003.3333,10.099565,1.9359057,1.8110284e-05,0.082709676,0.81798599,0.0031188738,2.0950587,4.6349764,1.018995,0.19510208,0.00053456389
2003.4167,9.5967352,2.7719061,1.7466908e-05,1.0199449,7.7853517,0.23558623,2.0946913,4.5623779,1.0157613,18.630235,4.8470135
2003.5,10.354827,3.4645237,1.4075806e-05,0.98151828,7.0821031,0.2779379,2.216284,4.4801331,1.0098459,2.1904284,11.810404
2003.5833,11.686256,3.5332481,1.2815583e-05,0.8311993,5.9746924,0.23759329,2.398751,4.4140649,1.0053424,0.22647946,16.417409
2003.6667,13.269102,2.9778667,1.1673406e-05,0.56825091,3.7906356,0.14270394,2.6310449,4.3640981,1.0029839,0.10803569,17.873588
2003.75,13.842599,0,1.1041643e-05,0.33538221,0,0,2.8597405,4.3251925,1.0062681,0,4.0866252
2003.8333,13.744588,0,1.0935002e-05,0.048862733,0,0,3.0697887,4.2910409,1.0143203,0,4.0679021
2003.9167,13.612257,0,1.107844e-05,4.9542858e-06,0,0,3.2513418,4.2578897,1.0255183,0,6.6030562
2004,13.615104,0,2.0452368e-05,0,0,0,3.3637261,4.2250657,1.0367559,0,3.2386302
2004.0833,13.29544,0,1.1891032e-05,0,0,0,3.3490987,4.1964383,1.0466599,0,2.2105168
2004.1667,12.891441,0,1.2115826e-05,0,0,0,3.3419676,4.1698704,1.0556422,0,0.086465865
2004.25,12.408783,0.14908494,1.2457935e-05,1.2659873e-05,0.021459086,0,3.3247335,4.1439514,1.0640384,17.970226,2.8488806
2004.3333,11.898329,1.5700038,1.2488966e-05,0.033330087,0.58787143,0.00031491306,3.1827059,4.1087089,1.0669687,0.00083349839,0
2004.4167,10.376992,2.4143613,1.2991061e-05,1.0781028,8.0018062,0.21627346,3.0906363,4.0341845,1.0663882,19.420195,4.1518718
2004.5,11.160458,3.6433686,1.1625781e-05,1.2185992,8.7252825,0.3592181,3.1906884,3.9365437,1.0662866,4.5566271,16.097086
2004.5833,12.393264,3.8345449,1.0694976e-05,0.91842739,6.6469073,0.28572177,3.3143618,3.8532801,1.0665773,0.037706306,12.31925
2004.6667,13.539294,3.0276387,1.0177389e-05,0.54455617,3.7711808,0.15258528,3.3992934,3.788353,1.0671158,0.064665921,10.909838
2004.75,13.814409,0,9.8716664e-06,0.24640345,0,0,3.5174704,3.7372625,1.0675998,0,4.0813997
2004.8333,13.725138,0,9.7385519e-06,0.0043575819,0,0,3.6372576,3.6926885,1.0682763,0,4.0666242
2004.9167,13.631538,0,9.6701642e-06,7.3019942e-20,0,0,3.7530406,3.6522958,1.069227,0,7.5943184
2005,13.803441,0,9.7180355e-06,2.2181916e-06,0,0,3.7807279,3.6148152,1.0703778,0,4.0584655
2005.0833,13.649856,0,9.8495157e-06,0,0,0,3.750613,3.5819511,1.071386,0,3.3216208
2005.1667,13.362705,0,9.909144e-06,0,0,0,3.6890242,3.5514724,1.0722902,0,0.70582253
2005.25,12.955226,0.57712675,1.0044651e-05,0,0.15342634,0,3.4411948,3.5217195,1.0731161,22.991949,1.8316205
2005.3333,12.323505,1.9960317,1.0288149e-05,0.059792739,1.2917575,0.00080680919,3.0050678,3.4790351,1.0726596,0.0075253672,0
2005.4167,10.905966,2.8901545,1.0548845e-05,1.0818578,7.8731886,0.25434233,2.9065402,3.4074507,1.0720279,21.689466,2.0986972
2005.5,11.26655,4.0060733,9.9493864e-06,1.2497458,8.8474657,0.37698359,3.0322638,3.3260739,1.0720314,1.0655619,12.349536
2005.5833,12.303381,4.1734339,9.1012998e-06,1.0184656,7.0611412,0.31219229,3.3155482,3.2610414,1.072199,0.0023695965,11.840411
2005.6667,13.475413,4.2964658,8.4205803e-06,0.57133073,4.0157815,0.17724909,3.6267078,3.213747,1.0731087,0.0012781425,14.96227
2005.75,14.360274,0.56810403,8.0859118e-06,0.15106862,0.5203045,0.02077974,3.9895878,3.1832449,1.0735924,0.00021779021,6.7358042
2005.8333,14.32614,0,8.387954e-06,0.00048626222,0,0,4.4128237,3.1629775,1.0737878,0,4.6020687
2005.9167,14.285398,0,8.1204398e-06,1.5696725e-05,0,0,4.9094844,3.1447635,1.0739641,0,8.5083476
2006,14.528316,0,1.4834556e-05,8.1333892e-09,0,0,5.4239235,3.1280372,1.0741237,0,3.880956
2006.0833,14.202031,0,8.7468134e-06,0.0024481997,0,0,5.8259459,3.1136088,1.0749331,0,3.3754699
2006.1667,14.030854,0,8.9007026e-06,1.1427338e-06,0,0,6.3409524,3.1005132,1.0764177,0,3.301873
2006.25,13.776839,0.57238986,9.0753165e-06,0,0.13138856,0,6.8500705,3.0877614,1.0778342,25.657948,2.1686818
2006.3333,12.552142,2.227827,9.4729339e-06,0.057429482,1.2041216,0.0024631457,7.2113495,3.0586779,1.077783,0.17204515,0.0018245892
2006.4167,10.478383,3.2992435,1.0230301e-05,1.00924,7.4673512,0.23980932,7.6323547,2.9979711,1.077235,25.790216,4.1268041
2006.5,10.986287,5.3372802,9.6528047e-06,1.1790426,8.010466,0.42422783,8.6369181,2.9145062,1.077276,8.3953622,23.36487
2006.5833,12.095084,5.8229542,8.8728675e-06,1.0102291,6.7141494,0.37254837,9.9571609,2.8397257,1.0775831,0.24050671,7.3546701
2006.6667,12.918498,6.1610108,8.309743e-06,0.65061814,4.2859846,0.24437307,11.210304,2.7803133,1.0780251,0.23116835,6.5046205
2006.75,13.522964,2.6813392,8.0251393e-06,0.27827043,1.1071731,0.055731722,11.966763,2.7313254,1.0783947,0.11002717,5.1650279
2006.8333,13.540754,0,7.9744605e-06,0.0086878694,0,0,12.63598,2.6887729,1.078692,0,4.3952376
2006.9167,13.509137,0,7.9578776e-06,6.1252043e-20,0,0,13.218801,2.6503932,1.0789596,0,8.8028151
2007,13.693331,0,7.9437214e-06,7.2147881e-06,0,0,12.684308,2.6151614,1.0792055,0,4.4452632
2007.0833,13.297742,0,8.0832124e-06,0,0,0,12.192098,2.5848143,1.0794297,0,4.3181968
2007.1667,13.186481,0,8.2360302e-06,1.8214906e-06,0,0,11.685946,2.5573444,1.0796453,0,4.2602685
2007.25,13.010137,0.48929843,9.1523143e-06,0,0.090939413,0,7.1900463,2.5315723,1.0798452,35.413171,3.4134816
2007.3333,12.89327,3.1402761,1.0013546e-05,0.038512137,1.017324,0.00012291397,2.9819207,2.5050256,1.0776947,1.9971524e-07,2.8794747e-09
2007.4167,12.758853,4.9867895,9.9441113e-06,0.88291967,7.3709914,0.34423945,2.8814843,2.4706216,1.0729268,34.943846,3.78136
2007.5,13.611651,6.7011318,9.3287626e-06,1.1540456,9.2990381,0.57454758,2.8724818,2.4374437,1.0680721,0.035717249,9.7566906
2007.5833,14.616137,7.0385891,8.703475e-06,0.9813823,7.7464643,0.48420255,2.7589638,2.4150054,1.0648948,0.0096877758,10.272348
2007.6667,15.624466,7.2932648,8.2958795e-06,0.67058799,5.2326981,0.32086147,2.6500342,2.4031327,1.0631081,0.010138968,12.403807
2007.75,16.437836,1.6895562,8.0809805e-06,0.16905782,0.7780793,0.04364468,2.6133049,2.4009912,1.062024,0.0025190627,7.5649267
2007.8333,16.421737,0,7.9901974e-06,0.0075622494,0,0,2.6221128,2.4017813,1.0612121,0,5.346594
2007.9167,16.378455,0,7.9651645e-06,0.0019876478,0,0,2.6320205,2.4024889,1.06048,0,10.748019
2008,16.722346,0,9.2688088e-06,0.00075785108,0,0,2.6109421,2.40312,1.0598084,0,5.4442976
2008.0833,16.672891,0,8.2255665e-06,0.00026496712,0,0,2.606704,2.4036465,1.0592301,0,5.4278262
2008.1667,16.623547,0,8.2848401e-06,3.0609115e-05,0,0,2.6029937,2.4041059,1.0587071,0,5.4118406
2008.25,16.543189,1.2748884,8.3375608e-06,0.00033987567,0.15068421,0,2.5871284,2.4043946,1.0580962,45.725215,3.5986546
2008.3333,16.075704,4.0582079,8.448832e-06,0.088578194,1.2212503,0.0014090761,2.5469337,2.3986769,1.0521922,0.00070691408,5.3788271e-09
2008.4167,15.348222,6.0439524,8.5148049e-06,0.9673821,7.3870083,0.36872045,2.5111513,2.3788955,1.0350598,42.534558,2.9129893
2008.5,15.868984,8.3742104,8.0907967e-06,1.1612409,8.383342,0.55796137,2.5381858,2.3547714,1.0068676,2.2938541,11.29928
2008.5833,16.685011,8.7713348,7.7144086e-06,1.0306501,7.2333635,0.48428581,2.5671933,2.3397338,0.96852463,0.33479682,11.700876
2008.6667,17.765881,8.4901024,7.2459284e-06,0.70657226,4.7951775,0.31610435,2.5964136,2.3338029,0.93091232,0.014300616,13.520448
2008.75,18.247947,0,7.0540818e-06,0.1002718,0,0,2.6206045,2.3349426,0.89976734,0,5.9411576
2008.8333,18.192334,0,7.0940264e-06,0.0062521864,0,0,2.6296248,2.3369536,0.87203813,0,5.9230551
2008.9167,18.151812,0,7.1603581e-06,0.00050221272,0,0,2.6398137,2.3387301,0.84700763,0,11.89391
2009,18.548384,0,7.2617777e-06,0.00045498467,0,0,2.6373751,2.3403208,0.8240422,0,6.0376274
2009.0833,18.295208,0,7.4602349e-06,5.6166985e-05,0,0,2.6177144,2.3416526,0.80427283,0,5.7191168
2009.1667,18.163623,0,7.5602229e-06,0,0,0,2.6024768,2.3428209,0.7863878,0,5.5671087
2009.25,18.062592,1.2268441,7.686539e-06,0,0.15131105,0,2.586503,2.3438177,0.76953876,55.302154,4.3168422
2009.3333,17.397217,4.8240372,7.8851963e-06,0.073188586,1.805356,0.0014299201,2.5645642,2.3400309,0.74712276,0.017419217,6.2837075e-05
2009.4167,16.424013,7.2791995,7.9832653e-06,1.2140542,8.6332342,0.47473976,2.5532551,2.3243525,0.70840156,46.711748,5.8429323
2009.5,16.877268,9.548476,7.6329379e-06,1.4735855,9.7882259,0.69833445,2.59484,2.3084562,0.65176809,4.2337286,13.904646
2009.5833,17.92907,10.20334,7.276647e-06,1.0786151,7.189927,0.51027515,2.6306233,2.3030064,0.58912683,2.9950603,15.524533
2009.6667,19.245135,10.291461,6.8734075e-06,0.76550245,5.0268315,0.35089361,2.6661987,2.3083773,0.53316468,0.0015851109,19.782191
2009.75,19.928308,0,6.6478124e-06,0.34982783,0,0,2.6959288,2.3231609,0.48269069,0,6.4774214
2009.8333,19.864749,0,6.5582781e-06,0.0021618446,0,0,2.708781,2.3381975,0.4371213,0,6.4571096
2009.9167,19.820776,0,6.5620716e-06,0.00052010185,0,0,2.7207973,2.3516984,0.39598697,0,13.48393
2010,20.334944,0,6.429038e-06,6.6341901e-05,0,0,2.753917,2.3640118,0.35824624,0,6.6089142
2010.0833,20.272218,0,6.434942e-06,0.0069661103,0,0,2.7806745,2.3745425,0.32575753,0,6.5889854
2010.1667,20.209724,0,6.5543727e-06,0.004895686,0,0,2.7860794,2.3840003,0.2963655,0,6.5691896
2010.25,20.128407,0.71909517,6.6187563e-06,0.015502513,0.093009466,0,2.7949302,2.3927739,0.26883942,65.229136,5.2774155
2010.3333,19.433828,5.6305248,6.69979e-06,0.35961288,3.6607371,0.047391448,2.7675812,2.3966129,0.24389599,6.5054783,0.0010138879
2010.4167,19.015389,9.0939868,6.5071054e-06,1.5475485,9.3362821,0.60867316,2.8020144,2.3892624,0.22129709,45.947863,11.785975
2010.5,20.424344,10.827382,6.1487231e-06,1.4796422,9.0173963,0.67335419,2.8570545,2.3868127,0.20088819,3.9573194,19.987696
2010.5833,22.150358,11.47337,5.8643454e-06,1.1568191,7.2926849,0.55032971,2.8934276,2.397872,0.18215534,2.725248,26.370837
2010.6667,24.475362,11.594625,5.5643086e-06,0.78099199,5.0031766,0.36947349,2.9468985,2.4252877,0.16551284,1.9607406,36.131183
2010.75,25.772927,0,5.3758654e-06,0.26977988,0,0,2.9876447,2.4683509,0.15050051,0,8.3781162
2010.8333,25.690854,0,5.3455988e-06,0.015783179,0,0,2.9940815,2.5104573,0.1369447,0,8.3525023
2010.9167,25.611846,0,5.3343952e-06,3.6743982e-05,0,0,3.0030029,2.548363,0.12470822,0,12.810874
2011,25.727477,0,5.3561917e-06,9.3217137e-05,0,0,3.0016394,2.5830352,0.11348125,0,8.3649858
2011.0833,25.556099,0,5.4951938e-06,0.00010947232,0,0,2.9862466,2.612781,0.10381664,0,8.3060098
2011.1667,25.456492,0,5.5704377e-06,0,0,0,2.9838512,2.6395915,0.095073201,0,6.9621673
2011.25,25.09219,1.6259151,5.6278845e-06,0,0.12605954,0,2.9691043,2.6645112,0.086883828,73.564665,3.6232422
2011.3333,24.056016,6.2851873,5.7156863e-06,0.047165903,1.1595668,2.3953895e-05,2.9214234,2.6804283,0.079465188,2.250048e-07,2.0634788e-10
2011.4167,22.409672,7.89274,5.8886171e-06,1.1509464,7.3255579,0.38389202,2.8653333,2.6782444,0.072750457,48.879095,1.8530434
2011.5,23.476768,11.353127,5.6089743e-06,1.3078997,8.2445629,0.62761624,2.9037929,2.6718433,0.066687129,6.752413,32.435163
2011.5833,26.024016,11.958961,5.3612371e-06,1.1248606,7.0211094,0.53738928,2.9478631,2.6840963,0.06112225,2.7823716,37.094013
2011.6667,29.429344,12.516114,5.1105549e-06,0.81801714,5.1508401,0.38644788,3.0056021,2.7208638,0.0561787,1.9712678,54.199136
2011.75,31.760734,0.41190095,4.919234e-06,0.32877056,0.242479,0.017336105,3.0507982,2.7836905,0.051718462,0.053038722,13.891624
2011.8333,31.664595,0,4.8866323e-06,0.007091039,0,0,3.0594358,2.8467977,0.047690831,0,10.295048
2011.9167,31.580009,0,4.880812e-06,0.00014941807,0,0,3.0690427,2.9036179,0.04405519,0,16.145812
2012,31.956173,0,6.3072189e-06,8.5653994e-06,0,0,3.0230451,2.9556003,0.040719494,0,9.9979539
2012.0833,30.779993,0,5.4545258e-06,8.885182e-06,0,0,2.9680295,3.0002069,0.037847996,0,5.1564924
2012.1667,30.234236,0,5.5919422e-06,0,0,0,2.9384501,3.0404217,0.035250191,0,4.8829258
2012.25,29.558809,1.7328036,5.6748672e-06,0.00080898725,0.12683699,0,2.910171,3.0777378,0.032817088,78.556423,4.2049303
2012.3333,27.741399,6.6357423,5.8015648e-06,0.010839108,0.72573159,0,2.8369708,3.0990636,0.030614272,0,0
2012.4167,24.215929,7.8623369,6.0688103e-06,0.93459085,6.7548055,0.32419928,2.7457795,3.0875206,0.028621029,42.73754,0.19655855
2012.5,24.301579,11.433239,5.97189e-06,1.2580631,8.6177606,0.62833686,2.7399497,3.0596933,0.026821289,11.865629,33.827198
2012.5833,27.159233,12.061885,5.5987512e-06,0.91724739,6.1558017,0.46242812,2.7921402,3.0527701,0.025169607,2.0810131,38.7192
2012.6667,30.687613,12.535793,5.2908053e-06,0.67375906,4.5754411,0.3305075,2.8562448,3.074549,0.023702418,1.6590914,56.211129
2012.75,33.074684,0.41186428,5.1080715e-06,0.31968461,0.21090078,0.01477364,2.9066758,3.1258032,0.022378616,0.043567659,12.50301
2012.8333,32.653164,0,5.1391312e-06,0.0039112434,0,0,2.9176507,3.1789005,0.021183109,0,6.096824
2012.9167,32.186117,0,5.2763794e-06,5.9343174e-07,0,0,2.9277804,3.2265091,0.020103958,0,12.858067
2013,32.168634,0,5.4367565e-06,0.00025961342,0,0,2.9172575,3.2680929,0.019113835,0,6.2424301
2013.0833,31.482201,0,5.5748819e-06,0.00012238447,0,0,2.9022057,3.3026543,0.0182615,0,6.2234247
2013.1667,30.632496,0,5.7377297e-06,0.00092101454,0,0,2.8603854,3.3328106,0.017490404,0,3.791549
2013.25,29.399948,1.1614392,5.8384508e-06,0.0013887489,0.050022167,0,2.8253798,3.3594155,0.016768249,70.221622,4.3045438
2013.3333,27.835257,5.9552747,5.9722634e-06,0.045545716,0.82248456,2.3151116e-05,2.7376847,3.3695524,0.016114743,4.505193e-08,4.071234e-11
2013.4167,24.227491,7.2929305,6.2977538e-06,1.1532374,7.6336622,0.33970489,2.6223228,3.3436074,0.015523396,43.159473,0.39097721
2013.5,24.040306,10.750726,6.2690733e-06,1.4017682,8.7343941,0.59491201,2.594301,3.303138,0.014989477,17.870724,26.731767
2013.5833,27.080901,11.934316,5.8366309e-06,1.2575186,7.5494535,0.53838209,2.6507287,3.2885866,0.014499498,2.3427927,53.436162
2013.6667,31.287663,9.4800983,5.4875259e-06,0.84970428,4.1705936,0.28896133,2.7288496,3.3124866,0.01406428,1.221172,46.474419
2013.75,32.302111,0,5.353987e-06,0.39474378,0,0,2.7634928,3.3673546,0.013671705,0,7.5778392
2013.8333,31.955246,0,5.3468207e-06,0.070596553,0,0,2.7665181,3.4202499,0.013317069,0,7.5540257
2013.9167,31.58075,0,5.347802e-06,0.0015115947,0,0,2.7708807,3.46772,0.012996948,0,15.957787
2014,31.779826,0,5.3272443e-06,0.00058982416,0,0,2.7845509,3.5107458,0.012703237,0,7.7381713
2014.0833,31.077409,0,5.3879371e-06,0.0010472661,0,0,2.7902229,3.5470374,0.012450399,0,2.4433054
2014.1667,29.966375,0,5.4977222e-06,0.00046613916,0,0,2.7897999,3.5788887,0.01222166,0,0.85715689
2014.25,28.874818,1.7729173,5.5771193e-06,0.0052683554,0.19737546,0,2.7826471,3.6072259,0.01200742,71.409971,5.7682346
2014.3333,27.293578,6.0297539,5.6901708e-06,0.13906853,1.2078627,0.00032362424,2.7280416,3.6150224,0.011813532,1.643257e-07,9.8679185e-11
2014.4167,23.901617,6.999258,5.94517e-06,1.2170157,7.0130346,0.28764488,2.6737278,3.5824127,0.011638138,32.261027,0.62048123
2014.5,23.894235,10.15994,5.6699832e-06,1.452185,8.2957126,0.51416319,2.741827,3.5351455,0.011479781,18.470392,32.912881
2014.5833,26.961433,11.332266,5.3328067e-06,1.3304412,7.5616525,0.4968866,2.8270812,3.5223048,0.011334458,6.0992901,48.88468
2014.6667,31.641323,11.811083,5.024664e-06,0.867102,5.0109459,0.32221033,2.9558151,3.5606298,0.011205377,1.2226488,68.645999
2014.75,35.251342,1.9396548,4.777216e-06,0.27797877,0.71047611,0.044434973,3.0983872,3.6611955,0.011088897,0.1371637,23.17097
2014.8333,35.084825,0,4.7212552e-06,0.015600761,0,0,3.1788976,3.7723515,0.010983717,0,9.6014702
2014.9167,34.84739,0,4.6801351e-06,0.00095504692,0,0,3.279844,3.872436,0.010888775,0,20.249165
2015,35.1317,0,4.5710867e-06,0.00052985009,0,0,3.3852627,3.9638438,0.010801665,0,2.587645
2015.0833,34.087025,0,4.7598551e-06,0.0029799112,0,0,3.46612,4.0418549,0.010726679,0,1.1249881
2015.1667,32.958463,0,4.8394045e-06,0.00496398,0,0,3.5722654,4.1114817,0.010658839,0,0.10262469
2015.25,31.672217,1.5152639,4.9540326e-06,0.0064806858,0.15661504,0,3.6078651,4.1753225,0.010595302,68.774689,8.4944785
2015.3333,29.860018,5.8070607,5.0731128e-06,0.36187441,2.4026577,0.048218906,3.5312481,4.2143188,0.010537812,4.7428148,0.063028795
2015.4167,27.419923,8.073681,5.0728186e-06,1.8396812,10.166361,0.47715361,3.5439031,4.2143235,0.010485807,41.621915,9.5521943
2015.5,30.479686,10.384541,4.5435086e-06,1.7105928,9.2362555,0.5721724,3.780112,4.2348704,0.010438853,9.3241945,67.761344
2015.5833,36.766417,11.10781,4.0824539e-06,1.2741103,7.0610976,0.44006764,4.1536441,4.3275571,0.010395766,1.6374556,96.437987
2015.6667,45.760535,9.9425633,3.7324025e-06,0.85981736,4.6107915,0.2802876,4.6707053,4.5321097,0.010357498,1.1739196,106.71715
2015.75,47.903869,0,3.6101626e-06,0.32815024,0,0,5.1200151,4.8501682,0.010322988,0,1.5074647
2015.8333,46.456359,0,3.5985195e-06,0.029423978,0,0,5.5694814,5.1567707,0.01029182,0,1.3203911
2015.9167,44.400748,0,3.637874e-06,0.00028597704,0,0,6.1288815,5.433382,0.010263685,0,0.61044712
2016,41.649185,0,3.7563641e-06,0.00038380908,0,0,6.7917747,5.6870365,0.010237872,0,0.17318692
2016.0833,38.624011,0,3.8841881e-06,0.0012125461,0,0,7.4713826,5.9050069,0.01021565,0,0.054079959
2016.1667,35.439011,0,4.0188343e-06,0.0011701951,0,0,8.1060181,6.1015592,0.010195546,0,0.02101414
2016.25,32.218672,0.27317752,4.2398774e-06,0.0085732909,0.064303857,0,8.1213875,6.2845159,0.010176719,32.972076,3.2691689
2016.3333,29.637154,2.8979636,4.5645966e-06,0.3299625,2.4116264,0.011618338,7.6543808,6.4256635,0.010159681,1.2563849,0.001211906
2016.4167,26.624611,3.6153942,4.6487653e-06,1.5996091,10.007496,0.10171571,8.0611515,6.5069032,0.010144259,10.043239,0.27622143
2016.5,22.641119,4.6790685,4.5068568e-06,1.4226709,8.8673183,0.14760359,9.0522337,6.5727372,0.010130334,7.4709248,7.8711031
2016.5833,21.132292,5.5734501,4.2945258e-06,1.1690825,7.4067909,0.16708184,10.213984,6.6675377,0.010117555,9.2815403,8.7551201
2016.6667,21.543896,6.64911,4.1142998e-06,0.79517083,5.1428329,0.1454752,11.382424,6.8525157,0.010106207,10.214755,13.743245
2016.75,21.861341,3.295287,4.0790783e-06,0.3402642,1.5671227,0.04978411,12.428545,7.1519556,0.01009597,3.475706,2.4265117
2016.8333,21.057868,0,4.1373892e-06,0.010792483,0,0,13.438873,7.4872971,0.010086745,0,0.25765944
2016.9167,20.005533,0,4.2210268e-06,0.00013173966,0,0,14.53294,7.7870841,0.010078421,0,0.36739931
2017,18.713618,0,4.5152574e-06,0.0016786439,0,0,15.447343,8.0575275,0.010070784,0,0.064889218
2017.0833,17.32567,0,4.8481102e-06,0.0014090341,0,0,15.9535,8.2868214,0.010064209,0,0.013771263
2017.1667,15.994256,0,5.4356979e-06,3.7294667e-05,0,0,10.393062,8.4909372,0.010058261,0,0.013334993
2017.25,14.652911,0.23401169,6.1551605e-06,0.0029465473,0.089612583,1.6136437e-15,7.4507027,8.6787186,0.010052692,21.092177,3.2028991
2017.3333,13.938582,1.8501927,6.7156939e-06,0.16080042,1.9363898,0.0056900496,6.2192397,8.8128023,0.010047655,0.537802,0.00039836159
2017.4167,13.241126,0.6870263,6.9461976e-06,0.98046872,9.6099596,0.047688791,5.9566617,8.8400669,0.010054936,4.2984377,0.046224943
2017.5,11.75559,1.3731833,7.0034152e-06,0.98221998,9.5409262,0.10873358,6.041738,8.784359,0.010270192,8.9857817,0.97203895
2017.5833,11.362136,2.7609512,6.7876908e-06,0.74400152,7.2842031,0.15183833,6.2824469,8.7019844,0.010569281,18.569721,1.8486814
2017.6667,12.652816,4.0483219,6.3772413e-06,0.51476194,5.0092595,0.13447004,6.4594636,8.669117,0.01085668,2.6582224,21.804156
2017.75,14.327466,2.6913534,6.0959851e-06,0.23959096,1.9019945,0.051590585,6.5091963,8.7110596,0.011160635,0.72420694,9.561104
2017.8333,14.25809,0,6.078933e-06,0.020653265,0,0,6.4375672,8.7994223,0.011461949,0,0.26353749
2017.9167,13.80009,0,6.1335263e-06,0.00011827933,0,0,6.3648667,8.8827477,0.011735441,0,0.1794629
2018,13.240987,0,6.21956e-06,0.00015829636,0,0,6.195828,8.9597969,0.011986471,0,0.058700841
2018.0833,12.583106,0,6.402312e-06,0,0,0,5.9312606,9.0276871,0.01220266,0,0.049916825
2018.1667,11.836018,0,7.7006935e-06,0,0,0,4.8814764,9.0910511,0.14395329,0,0.030188927
2018.25,11.021896,0.012754986,9.0551093e-06,0,0,0,3.9780512,9.1524038,0.72485536,4.5361652,5.7732234
2018.3333,11.008137,0.47984626,9.7024968e-06,0.0017434903,0.94491971,0,3.6030533,9.1973219,1.0039618,0,0
2018.4167,10.650919,0.61798457,1.0812716e-05,0.34210988,5.3064851,0.019812243,3.2604256,9.188694,1.0037791,1.7758479,0.058518205
2018.5,9.3643526,1.2471777,1.2228238e-05,0.68431507,10.33215,0.10718824,3.0755391,9.1045837,1.0036658,10.455816,0.29638074
2018.5833,9.1704223,2.6750546,1.2249337e-05,0.56800841,7.8072719,0.15175785,2.8974414,8.9826527,1.0036814,13.506218,8.954586
2018.6667,11.25931,3.4481292,1.1534703e-05,0.3923929,5.5477973,0.1245762,2.7503252,8.9022989,1.0037156,1.6725481,22.792237
2018.75,13.301794,2.4756815,1.1355202e-05,0.16524067,2.2081501,0.047670858,2.6099372,8.891326,1.0036918,0.0039066358,11.179703
2018.8333,13.31005,0,1.1743557e-05,0.020684544,0,0,2.5065064,8.9262247,1.0034994,0,0.16006667
2018.9167,12.918004,0,1.2269019e-05,0.00073477509,0,0,2.5043817,8.9611177,1.0033021,0,0.30898524
2019,12.293893,0,2.1590877e-05,0.00069335722,0,0,2.4901125,8.9932032,1.003121,0,0.1061827
2019.0833,11.631222,0,1.2749171e-05,0.00031879522,0,0,2.4798527,9.0219164,1.0029651,0,0
2019.1667,10.974731,0,1.2955128e-05,0,0,0,2.4614997,9.049139,1.0028241,0,0
2019.25,10.235845,0,1.3227125e-05,0,0,0,2.4310455,9.0757875,1.002692,0,0
2019.3333,10.043437,0.83032693,1.3030686e-05,0.071803838,1.6545401,6.6373176e-07,2.3657408,9.0743351,0.99585682,8.313526,3.7389636
2019.4167,8.0883168,1.2193613,1.4190698e-05,0.65661304,8.8946415,0.054658081,2.2735882,8.9656239,0.9643088,5.5361353,0.036442196
2019.5,5.6064972,2.3127641,1.5776708e-05,0.74348108,10.113676,0.13384885,2.2146211,8.7459469,0.90705377,14.440113,2.3463033
2019.5833,3.7387328,3.7034508,1.7895942e-05,0.58756578,8.039685,0.16248222,2.1487858,8.4176226,0.82616812,8.7130663,14.474484
2019.6667,5.4737264,4.2075738,1.5621861e-05,0.38368655,5.5057022,0.11776988,2.0658941,8.01721,0.74743879,0.59202649,22.471819
2019.75,7.0186616,1.8510645,1.4115552e-05,0.20649728,1.542789,0.032459053,2.0492909,7.5617862,0.67635214,0.16191813,5.972022
2019.8333,6.9858539,0,1.4828375e-05,0.010407067,0,0,2.0402269,7.1172523,0.61225826,0,0.46655708
2019.9167,6.8107778,0,1.847519e-05,3.0258618e-05,0,0,2.0350037,6.7157583,0.55441999,0,1.0466432
