year,froot_gCm2,leaf_gCm2,p_uptake_demand_ratio,gpp_pft7_gCm2day,gpp_pft9_gCm2day,gpp_pft10_gCm2day,l2fr_site,l2fr_canopy,l2fr_ustory,leaf_alloc_gCm2yr,froot_alloc_gCm2yr
1901,0.40838658,79.137899,1.1976497,-1.2492776e-15,0,0,0.010319136,0.010016765,0.0099932952,61.834499,0.0047089554
1901.0833,0.35113253,77.355087,0.24761301,-1.71935e-06,0,0,0.010323405,0.010021291,0.01000001,60.441659,0
1901.1667,0.3028333,76.147564,0.24442235,-3.5649059e-05,0,0,0.010328515,0.010019296,0.010000009,59.498415,0
1901.25,0.26044619,74.834615,0.2413404,-0.00015723218,0,0,0.010333415,0.010017427,0.010000008,58.47276,0
1901.3333,0.22464953,73.463537,0.25308427,-0.00012330573,0,0,0.010337943,0.01001574,0.010000007,57.401638,0
1901.4167,0.27008003,75.196505,0.1991851,1.6089876,4.1072226,0.1694027,0.010105348,0.010014216,0.010000007,126.23186,4.6830834
1901.5,0.60152193,78.633457,0.19053787,2.8950831,8.6118389,0.34930769,0.010181445,0.010012845,0.010000006,99.841103,1.8284756
1901.5833,0.62549883,80.80408,0.14103019,2.4497198,7.5851597,0.21307117,0.012391858,0.010013035,0.010000005,96.179171,1.3527097
1901.6667,0.63128205,81.622258,0.11435371,1.4448129,4.7472269,0.1425236,0.013235213,0.010013787,0.010000005,86.072497,1.2132424
1901.75,0.61759213,81.522159,0.069075882,0.41121442,1.1566916,0.043074829,0.014084274,0.010012457,0.010000004,72.076943,0.58732115
1901.8333,0.53810416,80.604434,0.044103842,-2.8328312e-08,0,0,0.014013103,0.01001125,0.010000004,62.977326,0
1901.9167,0.4597067,79.352833,0.037828196,-4.7843568e-11,0,0,0.014075583,0.010010161,0.010000004,61.999896,0.054958456
1902,0.39649819,78.067876,0.60600698,0,0,0,0.014129656,0.010009162,0.010000004,60.996354,0
1902.0833,0.34159844,76.821364,0.036478676,-1.2082262e-14,0,0,0.014180966,0.010008303,0.010000003,60.022783,0
1902.1667,0.29508088,75.526193,0.030553959,-7.6472115e-05,0,0,0.014228256,0.010007524,0.010000003,59.011139,0
1902.25,0.25422784,74.235432,0.026262181,-8.5452495e-05,0,0,0.014273344,0.010006796,0.010000003,58.002927,0
1902.3333,0.22141446,73.870488,0.030413538,0.66932142,0,0,0.014312414,0.010006138,0.010000003,141.53808,0.15731477
1902.4167,0.50804316,82.830675,0.034965407,3.2502174,8.5618667,0.17351109,0.01044509,0.010005579,0.010000004,129.19996,6.1309602
1902.5,0.65658754,85.229628,0.035096273,2.8944827,8.4183268,0.28711235,0.014580522,0.01000645,0.010000004,105.18744,1.4428453
1902.5833,0.66652877,86.373724,0.035958104,2.1988866,6.4100564,0.34305361,0.02505048,0.010008824,0.010000004,97.578194,1.3495519
1902.6667,0.66767674,86.588569,0.034216166,1.4824363,4.588013,0.23992054,0.035790015,0.010009069,0.010000004,89.906184,1.2607934
1902.75,0.65054774,86.189002,0.030752629,0.50951908,1.3354583,0.06547224,0.041884296,0.010008196,0.010000003,80.122811,0.68073452
1902.8333,0.57354465,85.7668,0.029316727,0.00010936787,0,0,0.042468023,0.010007403,0.010000003,67.010553,0
1902.9167,0.49258262,85.010439,0.025426188,0.00030651795,0,0,0.042684972,0.010006686,0.010000003,66.420293,0.053622133
1903,0.4267967,84.243171,0.019665586,0.01206781,0,0,0.04286626,0.010006028,0.010000003,65.821469,0
1903.0833,0.36969504,83.50841,0.01508473,0.0090598581,0,0,0.043018609,0.010005463,0.010000002,65.247966,0
1903.1667,0.32056196,82.577586,0.012918946,0.002758996,0,0,0.043159544,0.010004951,0.010000002,64.521173,0
1903.25,0.27621482,81.097282,0.012085931,-0.00015588609,0,0,0.043311253,0.010004471,0.010000002,63.364895,0
1903.3333,0.24203595,81.40184,0.01265432,0.60921421,0,0,0.043429583,0.010004038,0.010000002,120.32671,0.14112052
1903.4167,0.44249976,90.615764,0.013932562,2.5865779,6.4176713,0.2185012,0.019313904,0.010003655,0.010000004,178.00167,6.4023338
1903.5,0.71304996,93.182027,0.013230447,2.9840725,9.0041985,0.43560015,0.011579269,0.010006863,0.010000003,112.57759,1.6712711
1903.5833,0.72067167,93.738243,0.013329873,2.4526989,7.8189368,0.36371287,0.017500941,0.010017394,0.010000004,106.57364,1.4597313
1903.6667,0.71870018,93.303293,0.012847207,1.5485978,4.9326053,0.20316316,0.022923706,0.010016836,0.010000004,96.546251,1.344477
1903.75,0.68636198,92.665203,0.011462025,0.33996607,1.0067511,0.044456579,0.028352898,0.010015238,0.010000004,78.933285,0.39037798
1903.8333,0.5924424,91.910996,0.010532141,0.0042619686,0,0,0.028312141,0.010013763,0.010000004,71.810796,0
1903.9167,0.5082956,90.797983,0.0097693121,0.0015953783,0,0,0.028542634,0.01001243,0.010000003,70.94191,0.13372802
1904,0.44452582,89.445993,0.0080048544,-2.049652e-10,0,0,0.028760375,0.010011208,0.010000003,69.886179,0
1904.0833,0.38322358,88.054389,0.0082797529,-5.6805125e-10,0,0,0.028934944,0.010010156,0.010000003,68.7994,0
1904.1667,0.33135383,86.693496,0.0085016731,-0.00010998339,0,0,0.029097823,0.010009204,0.010000003,67.736569,0
1904.25,0.2858261,85.344985,0.0089313136,-0.00028949568,0,0,0.029256113,0.010008313,0.010000002,66.683387,0
1904.3333,0.24976378,84.702961,0.010986947,0.63325699,0,0,0.029397899,0.010007508,0.010000002,140.86277,0.25777689
1904.4167,0.53268997,94.379559,0.013747287,3.0831841,7.8749339,0.19293627,0.01325192,0.010007074,0.010000004,152.39124,6.9251237
1904.5,0.74964075,96.307524,0.012895737,2.8975973,8.834759,0.30567348,0.0149746,0.010020495,0.010000004,112.70999,1.5810174
1904.5833,0.75488328,97.184531,0.012486508,2.3156465,7.2746249,0.31152703,0.028511193,0.010032168,0.010000007,106.57122,1.6178968
1904.6667,0.75943035,97.077765,0.012732049,1.5663615,5.1198448,0.2412239,0.038230408,0.010046213,0.010000011,99.158321,1.4870937
1904.75,0.71997149,96.349813,0.011100117,0.33878752,0.63825268,0.041406464,0.044822931,0.010046509,0.01000001,83.024318,0.533479
1904.8333,0.62316505,95.452532,0.0095779607,0.0062717895,0,0,0.045343369,0.010042006,0.010000009,74.581302,0
1904.9167,0.53215778,94.001688,0.0080420729,-1.1112146e-24,0,0,0.045658,0.01003794,0.010000008,73.448223,0.13432022
1905,0.46323103,92.343226,0.0082002226,-3.760414e-07,0,0,0.046078075,0.01003421,0.010000007,72.152744,0
1905.0833,0.39845821,90.863846,0.0085304668,-2.3781012e-09,0,0,0.046330266,0.010030998,0.010000006,70.997236,0
1905.1667,0.34363772,89.402072,0.0086150402,-1.3590128e-05,0,0,0.046561275,0.010028093,0.010000006,69.855439,0
1905.25,0.29552233,87.824047,0.0088525955,-4.7881938e-07,0,0,0.046780568,0.010025372,0.010000005,68.622751,0
1905.3333,0.25560451,86.502425,0.010530788,0.3415973,0,0,0.046979114,0.010022916,0.010000005,99.647627,0.10446079
1905.4167,0.48639954,94.729818,0.012862201,3.0990764,8.4491684,0.21753049,0.026352914,0.010020928,0.010000006,179.83252,6.7941447
1905.5,0.7548923,96.968286,0.012433959,2.9442381,8.9907134,0.3560336,0.027695175,0.01012192,0.010000012,113.89559,1.8827645
1905.5833,0.78559649,98.092638,0.012416956,2.39503,7.4526665,0.3950423,0.039342724,0.01029099,0.010000064,107.14129,2.4616784
1905.6667,0.75523567,98.010227,0.012196612,1.3502496,4.4102183,0.23715367,0.048494969,0.010344439,0.0100001,97.823299,1.429059
1905.75,0.73863083,97.69877,0.01108943,0.69369475,1.0118445,0.059691453,0.057443134,0.010318799,0.010000098,96.430515,1.2711347
1905.8333,0.67799306,97.629346,0.010576583,0.04569961,0,0,0.058026336,0.010287968,0.010000088,76.479988,0.0013836873
1905.9167,0.58221386,96.759088,0.010692706,6.8767125e-05,0,0,0.058423903,0.010260101,0.010000079,75.600956,0.28712928
1906,0.52059907,95.839053,0.010596232,0.00016442318,0,0,0.058765855,0.010234533,0.010000071,74.882804,0
1906.0833,0.44999926,94.963066,0.010507799,0.047436057,0,0,0.058998615,0.010212522,0.010000065,74.199034,0
1906.1667,0.38991304,94.043739,0.010353733,0.019011822,0,0,0.059199341,0.010192608,0.010000058,73.48133,0
1906.25,0.33687236,92.811503,0.010216153,0.087352842,0,0,0.059377793,0.010173958,0.010000053,72.519312,0
1906.3333,0.29263768,93.131579,0.010469694,0.4999413,0,0,0.059526514,0.010157123,0.010000048,123.89843,0.089240189
1906.4167,0.42602306,97.093761,0.010782427,1.6655995,3.9757331,0.20549205,0.032565121,0.01014191,0.010000044,124.78809,5.6178323
1906.5,0.71103487,97.565435,0.010882376,3.062504,9.9975265,0.62160024,0.013177531,0.010129842,0.010000039,111.84324,1.9646389
1906.5833,0.72076853,96.755743,0.0087705953,2.2065684,7.4893371,0.46018647,0.02704493,0.010120317,0.010000037,104.14579,1.4204062
1906.6667,0.7197269,96.264303,0.0072485344,1.5493645,5.4179488,0.32593714,0.032757103,0.010111837,0.010000053,97.336815,1.3378456
1906.75,0.7127857,95.740102,0.0055019627,0.64717143,2.2398915,0.14158428,0.040385917,0.010101484,0.01000005,89.407032,1.2334585
1906.8333,0.66127809,94.773404,0.0035898869,0.06236143,0.017818054,0.0016262488,0.044565629,0.010091656,0.010000045,75.273678,0.099176381
1906.9167,0.56657341,93.321234,0.0023318313,-2.211524e-07,0,0,0.044836286,0.010082784,0.010000041,72.913064,0.33226715
1907,0.50832442,91.621198,0.0022310857,-2.4505171e-13,0,0,0.045225605,0.010074645,0.010000037,71.585353,0
1907.0833,0.43740906,90.015501,0.0022721486,-1.6830068e-08,0,0,0.045520037,0.010067638,0.010000033,70.331294,0
1907.1667,0.377399,88.651456,0.0023577989,-8.074684e-07,0,0,0.045791395,0.010061299,0.010000031,69.266047,0
1907.25,0.32463737,86.74138,0.0025572942,-2.3756437e-05,0,0,0.046050895,0.010055363,0.010000028,67.774011,0
1907.3333,0.28012547,85.145772,0.0029382075,0.0083100307,0,0,0.046290278,0.010050004,0.010000025,66.589275,3.0116255e-07
1907.4167,0.25033549,86.435482,0.0035985317,0.72606947,0.71281733,0.035262614,0.033913638,0.010045162,0.010000022,125.8748,0.35497405
1907.5,0.50618389,90.229958,0.004672878,2.2445403,7.3556811,0.23800556,0.011002665,0.010040798,0.01000002,112.07121,5.8083943
1907.5833,0.67812362,91.806322,0.004067203,2.1655333,7.1140208,0.28602694,0.020194609,0.010037286,0.010000018,99.883937,1.3802946
1907.6667,0.68057317,92.044301,0.0033263681,1.3811281,4.5247298,0.21707298,0.030532381,0.010039718,0.010000017,92.940359,1.2949819
1907.75,0.656922,91.234587,0.0020686921,0.34383995,0.53780152,0.037541387,0.035588097,0.010038171,0.010000016,77.763535,0.51178185
1907.8333,0.56918792,90.197429,0.0012789513,0.005176835,0,0,0.036058806,0.010034475,0.010000014,70.474262,0
1907.9167,0.48773378,88.722721,0.0011155753,0,0,0,0.036318462,0.010031139,0.010000013,69.322514,0.61717101
1908,0.46266583,87.219834,0.0010633219,-1.2480097e-06,0,0,0.036530767,0.010028077,0.010000012,68.148625,0
1908.0833,0.39784223,85.589483,0.0012906851,-1.3017475e-09,0,0,0.036759753,0.010025442,0.01000001,66.875099,0
1908.1667,0.34296146,84.060058,0.0014600257,-4.3856578e-05,0,0,0.036971532,0.010023057,0.010000009,65.680413,0
1908.25,0.29428594,81.763282,0.0017045244,-5.2487868e-06,0,0,0.037121788,0.010020824,0.010000008,63.88595,0
1908.3333,0.28953044,81.244595,0.0031269209,1.0903868,0,0,0.037173305,0.010018809,0.010000009,100.8363,2.7046603
1908.4167,0.63244451,83.384044,0.0035042828,2.8206156,8.4765966,0.20374041,0.016968703,0.010018571,0.010000024,90.185321,3.6125036
1908.5,0.80983498,85.315399,0.0033487598,2.8577568,9.2619457,0.3191639,0.021126242,0.010229092,0.010000309,99.295168,6.2946969
1908.5833,1.1265295,86.426638,0.0016805717,1.9707795,6.5735348,0.30051028,0.03555822,0.011297271,0.01000045,92.412126,4.8257468
1908.6667,1.1974869,86.453751,0.0013995734,1.3929084,4.6890827,0.27055659,0.044805858,0.012594828,0.010000406,88.046221,3.7788282
1908.75,1.2734195,86.146243,0.0010006314,0.43562735,1.0321105,0.081256688,0.053819656,0.014200569,0.010000367,76.303885,2.6775046
1908.8333,1.202165,85.373767,0.00057857734,0.012486876,0,0,0.05482642,0.016220788,0.010000331,68.090435,1.4038941
1908.9167,1.06854,84.255077,0.00061792904,0,0,0,0.054102965,0.017905962,0.010000299,66.096306,0.26566581
1909,0.58952963,83.020285,0.003310509,-6.0070107e-08,0,0,0.052049726,0.018476488,0.01000027,64.864423,0
1909.0833,0.38511492,81.87326,0.0018904443,-4.041999e-06,0,0,0.051795334,0.017769897,0.010000245,63.968767,0
1909.1667,0.33364684,80.699615,0.0019521147,-3.5845085e-05,0,0,0.05169864,0.017042266,0.010000221,63.052258,0
1909.25,0.28863165,79.460867,0.0022616775,-0.00011104939,0,0,0.051620211,0.016360795,0.0100002,62.084842,0
1909.3333,0.25349541,78.879721,0.0034172968,0.6267603,0,0,0.051566847,0.015745576,0.01000018,126.64125,0.28512676
1909.4167,0.50097168,89.509033,0.0043480475,2.9083957,7.390383,0.23267854,0.048621979,0.015189887,0.010000166,172.23534,7.5228905
1909.5,1.078425,92.022955,0.0021406333,2.7533343,8.3366364,0.41416161,0.057668243,0.014778937,0.01000015,107.27263,8.5338618
1909.5833,1.4506223,93.361393,0.0014088895,2.3998389,7.3265192,0.47273209,0.07366918,0.015251254,0.010000137,105.2343,6.821823
1909.6667,1.5951282,93.885936,0.0011295389,1.6339648,5.0247629,0.32453597,0.092043653,0.016741876,0.010000144,97.378983,6.0130783
1909.75,1.6952846,93.880385,0.00072533271,0.37728314,0.6408164,0.048639865,0.10657303,0.018435728,0.010000204,85.184124,3.0288282
1909.8333,1.3785171,93.491443,0.00066544424,0.014821896,0,0,0.10791256,0.019485001,0.01000021,74.417726,1.1376576
1909.9167,1.0714006,92.415847,0.00077665749,-6.1822347e-08,0,0,0.1078506,0.020175636,0.01000019,73.527602,1.2593998
1910,0.97807532,91.001645,0.00083756284,-2.8875944e-10,0,0,0.10812844,0.020678965,0.010000171,71.101943,1.0635958
1910.0833,0.86463685,88.817157,0.0008883393,-7.9802709e-06,0,0,0.1081138,0.021071514,0.010000155,69.395101,0.14968489
1910.1667,0.52755966,87.559707,0.0012620995,-0.00010733049,0,0,0.10835819,0.020919848,0.01000014,68.413141,0
1910.25,0.34507463,86.191125,0.0018233389,-0.00037501727,0,0,0.10880329,0.019956952,0.010000127,67.344309,0
1910.3333,0.29844342,84.521957,0.0022876037,0.13259135,0,0,0.10892474,0.018994123,0.010000114,78.809847,0.037899413
1910.4167,0.44864879,90.61294,0.0024701811,2.6181119,5.1936996,0.21152502,0.10780367,0.018128345,0.010000135,179.36252,7.4120836
1910.5,1.3269124,94.179064,0.0015492667,2.9799802,8.3127688,0.41452899,0.11241441,0.017888719,0.010000579,110.49065,14.035062
1910.5833,2.1363448,95.369011,0.0009628085,2.2064673,6.4645684,0.32349263,0.12658264,0.019599563,0.010004406,107.92459,11.737823
1910.6667,2.5350284,95.6949,0.00081937073,1.7131833,5.1049667,0.28261128,0.14727989,0.022340676,0.010009134,101.46081,10.293571
1910.75,2.6628331,95.52858,0.00055011449,0.38878683,1.0634173,0.069533473,0.1760157,0.025222404,0.010009108,87.099847,6.9414222
1910.8333,2.4511623,95.183402,0.00037826353,0.010223085,0,0,0.180309,0.027838271,0.010008228,79.926814,2.9570976
1910.9167,1.8893621,94.33347,0.00043449242,0.00064444872,0,0,0.1805505,0.028811585,0.010007432,76.279818,1.6360207
1911,1.2946543,92.417166,0.00056940102,-2.6831939e-07,0,0,0.1822924,0.027579308,0.010006701,73.42272,1.4360529
1911.0833,1.1163877,91.152094,0.00067259965,-1.5453312e-06,0,0,0.18286514,0.026767589,0.010006072,72.427294,1.388474
1911.1667,1.0425244,89.948878,0.00072458561,-1.5278556e-05,0,0,0.1830824,0.026659103,0.010005503,71.403081,1.1456366
1911.25,0.85719599,88.646285,0.00084392761,-0.00010559571,0,0,0.18347521,0.026456498,0.010004969,69.263743,0
1911.3333,0.44733821,87.354898,0.0015075909,0.12477285,0,0,0.18451735,0.025589857,0.010004489,75.208829,0.015822393
1911.4167,0.4231247,91.802284,0.0024670323,2.353655,6.237958,0.21209118,0.18136011,0.024138581,0.010004055,175.24529,6.7827636
1911.5,1.4597714,96.049674,0.0013722909,3.0274219,8.4465586,0.41427518,0.21400706,0.023239315,0.010004344,116.14859,16.757507
1911.5833,2.0524936,97.043626,0.00078064401,2.5754594,7.3129592,0.36826769,0.29983297,0.02417996,0.010008619,105.74722,11.547983
1911.6667,2.0068074,97.717576,0.00077203155,1.603801,4.691996,0.24393677,0.40161589,0.025742602,0.0100121,103.67674,8.1474607
1911.75,2.1088046,97.784214,0.00066178403,0.62222117,1.0857698,0.055174638,0.49536493,0.027108533,0.010014796,95.004778,6.2120834
1911.8333,1.8802074,97.723722,0.00060977461,0.094885408,0,0,0.5076952,0.027732665,0.010013652,82.368641,2.0647271
1911.9167,1.5241835,96.892297,0.00039159317,0.00013087326,0,0,0.50921923,0.027297612,0.010012331,80.679138,1.4408709
1912,0.99105702,95.409952,0.00058051333,-5.2087299e-11,0,0,0.51719147,0.025765901,0.010011119,74.549987,0.0034572984
1912.0833,0.56251901,93.864307,0.00095062616,-5.3898228e-06,0,0,0.52044183,0.024307562,0.010010075,73.363599,0.0035339237
1912.1667,0.45071347,92.015378,0.0012214464,-7.2899877e-05,0,0,0.51919568,0.022971587,0.01000913,71.929234,0.0038863441
1912.25,0.38617477,88.939168,0.0014573795,-6.535228e-05,0,0,0.51673234,0.02171636,0.010008247,69.52786,0.0033465747
1912.3333,0.37939139,89.252904,0.0020461148,1.3649521,1.0356231,0.030992674,0.51241243,0.020583361,0.010007448,131.24467,3.4180474
1912.4167,0.88088086,93.322985,0.0015380888,3.283789,9.0885858,0.38043813,0.39986297,0.019635042,0.01000675,110.40882,9.7591616
1912.5,2.0304474,95.122389,0.0008257177,3.143901,8.4842502,0.44954935,0.25746158,0.020072846,0.010006608,101.76065,20.315044
1912.5833,3.1319617,96.128903,0.00054975197,2.4314032,6.7076855,0.35321047,0.24878101,0.022984901,0.010008105,101.52691,18.225017
1912.6667,3.8489993,96.572213,0.00042480827,1.5575302,4.3114827,0.24461176,0.28225359,0.02711645,0.010011865,98.464656,17.902621
1912.75,4.4460562,96.684806,0.00032569919,0.7102343,1.8573555,0.11621119,0.32235718,0.031921152,0.010020216,94.941007,19.484358
1912.8333,4.8903259,96.799642,0.00017294101,0.023321769,0,0,0.33483863,0.036843456,0.010028811,91.017479,12.689599
1912.9167,4.8202588,96.446157,0.00015311956,0,0,0,0.3354722,0.039439563,0.010028489,97.88268,11.938064
1913,4.7496753,96.303374,0.00015645345,-6.525395e-07,0,0,0.33786276,0.040138062,0.010025688,82.970581,8.0126251
1913.0833,4.1635428,95.386617,0.0001817625,-4.5375186e-07,0,0,0.33957398,0.040801242,0.010023278,81.191755,5.3384532
1913.1667,3.1922015,94.092987,0.0002255774,-9.0594357e-05,0,0,0.34281537,0.041326258,0.010021097,76.958644,3.3825356
1913.25,2.3678085,92.676401,0.00029093094,-4.0440126e-05,0,0,0.34587085,0.041666247,0.010019054,76.111508,2.8931397
1913.3333,1.8896981,92.939042,0.00041646208,1.434399,0,0,0.34796014,0.041526228,0.010017211,134.86781,5.1935198
1913.4167,2.7129208,97.130209,0.00053120742,3.6837163,9.3585529,0.37881703,0.34810272,0.040693738,0.010015547,109.27528,24.927547
1913.5,4.4734464,98.194614,0.00038251112,3.2672251,8.5911176,0.43917529,0.35915819,0.041270625,0.010014118,99.007223,28.358416
1913.5833,5.8634295,98.760299,0.0001909782,2.5688792,6.8993565,0.35581866,0.39345545,0.044251554,0.010013803,100.32098,28.528709
1913.6667,6.9167297,99.142298,0.00014176423,1.5838878,4.3428479,0.21719146,0.44429901,0.048911791,0.010014986,98.418237,31.648023
1913.75,8.1639867,99.386059,0.00012757353,0.60023337,1.2847678,0.068526102,0.49249086,0.054958526,0.010017449,98.315092,34.574536
1913.8333,8.7566823,99.784337,0.0001128633,0.016273825,0,0,0.50126791,0.061886989,0.010021635,95.039986,18.650061
1913.9167,8.6166486,100.12964,0.00011070738,0.00053027095,0,0,0.50175929,0.068349153,0.010026879,104.05745,17.263308
1914,8.2397619,100.47229,0.00011096676,-1.5920402e-09,0,0,0.50402558,0.074638695,0.010031946,84.601888,17.959106
1914.0833,7.5037787,99.546306,0.00011615689,-0.00019973563,0,0,0.50648338,0.0791988,0.010032663,85.853336,14.113717
1914.1667,6.8063177,98.556399,0.0001226428,-8.4039828e-05,0,0,0.50858492,0.081215702,0.010029906,81.521302,8.5497922
1914.25,5.5832732,97.243354,0.00014317571,-7.8505679e-05,0,0,0.51229012,0.081478871,0.010027011,77.548372,5.5601557
1914.3333,3.6068845,95.854588,0.00021176232,0.17168448,0,0,0.52036685,0.080981776,0.010024397,85.023433,1.3936154
1914.4167,2.4550734,97.798146,0.00030992154,1.5047196,3.0996946,0.12659838,0.50402004,0.079114057,0.010022036,124.93496,5.5446122
1914.5,2.807704,99.824809,0.00057227316,3.3077996,8.2690014,0.39476907,0.46749678,0.075721361,0.010019904,108.03516,19.342833
1914.5833,3.9118584,100.07451,0.00044575575,2.6036221,6.5771126,0.35993066,0.48442906,0.073318794,0.010018137,99.227868,19.971499
1914.6667,4.7146804,99.704698,0.00034811383,1.6459099,4.1228389,0.23865625,0.52837914,0.07260862,0.010019237,99.137453,20.187556
1914.75,5.4301326,99.493161,0.00024920545,0.63156951,1.0443439,0.090730262,0.57127607,0.073369034,0.010025754,97.856764,21.828675
1914.8333,5.7443022,99.704988,0.00014472139,0.0046115426,0,0,0.5770061,0.075312316,0.010038276,94.048537,11.974745
1914.9167,5.4325284,99.449933,0.00014368746,0.0050106017,0,0,0.57617188,0.077943705,0.010049423,90.788977,10.467891
1915,4.707831,98.687664,0.00015785881,-7.5803255e-08,0,0,0.5788995,0.080087356,0.010053896,78.229656,7.4699497
1915.0833,4.2537842,97.429387,0.00016901686,0,0,0,0.58062494,0.081351258,0.010053549,79.234305,6.7878937
1915.1667,3.616007,96.038699,0.00019286298,-3.6378915e-06,0,0,0.58176577,0.081513345,0.0100502,75.19051,4.0772578
1915.25,2.7298955,94.506904,0.00024764525,-5.3176508e-06,0,0,0.58547503,0.080770835,0.01004543,73.853935,1.4050328
1915.3333,2.0439161,93.235441,0.00033377856,0.32488248,0,0,0.58709252,0.07895828,0.010041034,91.630567,0.27469994
1915.4167,1.0881983,95.615447,0.00057826412,1.5578662,3.0553679,0.13242618,0.544267,0.074815668,0.010037064,126.86013,4.4214051
1915.5,2.5169514,98.233558,0.0006577489,3.3827852,8.3593922,0.39349129,0.46710792,0.069765992,0.010033485,106.53928,42.082028
1915.5833,4.7466983,98.643191,0.00039652016,2.6741437,6.4963185,0.36691537,0.48923895,0.069557287,0.010032458,100.21491,26.766044
1915.6667,5.9547066,98.806433,0.00030237131,1.7450682,4.5184283,0.26540085,0.5386433,0.072074406,0.010041635,101.96621,28.0663
1915.75,6.7559183,98.915622,0.00020178028,0.52218652,1.160409,0.074491114,0.61910003,0.075908363,0.010054416,96.935353,23.150532
1915.8333,6.2882304,98.948114,0.0001436267,0.0035695474,0,0,0.63352007,0.079129763,0.010065769,89.401871,6.7050799
1915.9167,5.5257715,98.755427,0.0001595518,1.5406692e-19,0,0,0.6340332,0.080547199,0.010067786,101.56559,6.903323
1916,3.8163315,99.381559,0.00021520194,0.0064543441,0,0,0.63770533,0.078906327,0.010061396,85.508713,7.4918821
1916.0833,3.0925025,97.999968,0.00025772833,0.00055829909,0,0,0.64045483,0.075515397,0.010055726,84.964444,5.0127739
1916.1667,2.78362,96.646167,0.00027733148,-2.9824706e-05,0,0,0.64028496,0.07167919,0.010050506,79.511789,2.6563551
1916.25,2.0377869,94.471246,0.00035144418,-4.9557226e-05,0,0,0.64407361,0.067513175,0.010045617,76.054564,1.7633868
1916.3333,1.4423826,90.902798,0.00048735391,-6.1631754e-05,0,0,0.64711773,0.063899614,0.010041203,73.252555,4.2101856
1916.4167,1.5230217,89.200377,0.00048550614,0.24826216,0.3595188,0.0052252324,0.6259833,0.062167257,0.010037214,92.88476,3.8310464
1916.5,1.4107252,92.005864,0.00056649919,1.4729552,2.8343969,0.1457966,0.45406625,0.061089639,0.010033613,121.4858,5.1264381
1916.5833,1.9242894,93.829386,0.00089116296,2.5114012,6.0820012,0.36424924,0.36042172,0.058557838,0.010030314,108.07836,16.799924
1916.6667,2.6411035,94.95502,0.00068706612,1.6156059,3.9726633,0.25767657,0.36528051,0.056347668,0.010027692,100.0034,12.638109
1916.75,2.9560986,95.408961,0.00057316944,0.6869284,1.7857067,0.11736398,0.3992981,0.05517539,0.010026275,94.320566,10.354151
1916.8333,2.8374663,95.187761,0.00041861998,0.10778102,0.040765553,0.0020930441,0.4267064,0.054756377,0.010024672,81.512752,3.9894735
1916.9167,2.421408,94.273448,0.00023111534,0,0,0,0.42934436,0.053988591,0.010022287,78.547516,3.3408772
1917,1.5564377,92.370346,0.00023895103,-1.8494274e-06,0,0,0.43495244,0.052783769,0.010020097,72.174178,1.9646667
1917.0833,1.4128569,90.537019,0.0003038104,-3.6464595e-06,0,0,0.43614897,0.051918812,0.01001821,70.74169,0.69816174
1917.1667,1.0878752,89.075424,0.00039724365,-4.3247816e-05,0,0,0.43818584,0.050652225,0.010016504,69.600019,0
1917.25,0.48123949,87.530673,0.00078917854,-4.4278865e-05,0,0,0.44265926,0.047743086,0.010014906,68.393352,0
1917.3333,0.38147156,86.086005,0.0011727876,0.63081233,0,0,0.44378638,0.044108309,0.010013463,75.114856,1.2268263
1917.4167,0.85123099,86.315863,0.0013377571,3.3410391,7.2254907,0.31874796,0.37183639,0.040928453,0.010012162,85.551561,11.244817
1917.5,1.786834,87.335482,0.00096495665,3.4908362,8.0514511,0.47074283,0.2422218,0.039402753,0.01001119,95.088568,15.896452
1917.5833,2.7052509,88.734679,0.00069730135,2.607332,6.1887201,0.32024275,0.21131775,0.04026353,0.010014711,97.605034,15.904328
1917.6667,3.3738248,89.648761,0.00052866025,1.8559024,4.4722135,0.22528393,0.24044466,0.04249163,0.010035315,93.475783,17.173022
1917.75,3.8638334,90.065926,0.00040389952,0.73190913,1.7142368,0.089906348,0.2907756,0.045713168,0.010086092,89.998938,15.984102
1917.8333,3.7159517,89.765802,0.00016665935,0.0016680042,0,0,0.31054533,0.049800079,0.010140592,76.903969,6.1944921
1917.9167,3.2950905,88.878684,0.00016193058,0,0,0,0.31241894,0.053021833,0.010147232,89.474521,6.8686143
1918,2.8329387,88.985778,0.00087131729,-5.0283254e-09,0,0,0.31482741,0.053203583,0.010132916,71.188037,2.8835444
1918.0833,2.0632818,87.773912,0.00039946684,-2.548065e-07,0,0,0.31889969,0.052171078,0.010120448,68.994095,0.63143566
1918.1667,1.2021177,86.048856,0.00052293012,-3.0666594e-06,0,0,0.32289419,0.050507106,0.010109167,67.233181,0
1918.25,0.49962313,84.590122,0.001042922,-4.8515156e-05,0,0,0.32727697,0.04721155,0.010098601,66.09382,0
1918.3333,0.4201275,82.395121,0.0013501195,-0.00015134763,0,0,0.32805011,0.043611757,0.010089063,64.378954,0
1918.4167,0.3620153,80.968253,0.0018158361,0.16707694,0.24014855,0.0078673975,0.3033956,0.040357903,0.010080442,65.48076,0.00025098376
1918.5,0.3714684,86.221911,0.0030396553,2.1006013,4.5322959,0.14659796,0.20124382,0.037420597,0.01007266,224.83617,3.4706584
1918.5833,1.5558666,93.658239,0.0014445942,2.820049,6.1880227,0.25039893,0.14574884,0.035061225,0.010065533,101.46256,27.694284
1918.6667,3.0426704,95.015176,0.00070248957,1.8204556,4.0820658,0.20393646,0.16786556,0.035460155,0.01005972,103.29922,16.386921
1918.75,2.8944421,95.836714,0.00053467916,0.68133953,1.4053497,0.087991269,0.21661745,0.037259001,0.010054517,91.476689,7.2341369
1918.8333,1.8863534,95.012382,0.00034719097,-1.9337608e-08,0,0,0.22854421,0.038371712,0.010049324,76.088645,1.1900741
1918.9167,1.2764224,93.568452,0.00049294083,-6.2886241e-08,0,0,0.23171039,0.037386484,0.010044552,74.565777,1.1741938
1919,0.93696587,91.917813,0.0005303651,-3.9139089e-10,0,0,0.23388769,0.036166444,0.010040173,71.821096,0.60963939
1919.0833,0.77425613,90.221256,0.00060197734,-2.6287747e-07,0,0,0.23495132,0.035014872,0.010036403,70.49571,0
1919.1667,0.47824968,88.801868,0.000946304,-5.7032229e-05,0,0,0.23689888,0.03318543,0.010032993,69.387006,0
1919.25,0.38888602,87.325975,0.001207505,-5.775296e-05,0,0,0.23764123,0.030952932,0.010029798,68.23411,0
1919.3333,0.37042622,87.026767,0.0016385736,1.2650789,0,0,0.23781709,0.028926337,0.010026915,116.94957,3.0634678
1919.4167,1.1197013,90.386383,0.0013154767,3.6023086,6.7862229,0.22979052,0.20070514,0.027297439,0.010028309,102.9254,14.818079
1919.5,2.2880679,92.486888,0.00087923126,3.7287533,7.6447463,0.32189854,0.16577567,0.027130317,0.010040032,107.54975,21.119044
1919.5833,3.5601247,94.360612,0.00059100043,2.6317195,5.4249879,0.26475739,0.19603859,0.028835924,0.010051375,104.25734,20.401459
1919.6667,4.3592337,95.845334,0.00044779998,1.8266166,3.8170684,0.22035647,0.26486173,0.03177169,0.010064838,100.47394,19.931386
1919.75,4.9851304,96.831121,0.000353323,0.67533443,1.4247512,0.066368504,0.35959995,0.035497501,0.010079903,94.460348,16.584094
1919.8333,4.5871744,97.043119,0.00035183225,0.009907499,0.02564564,0.00024569974,0.41822317,0.039079864,0.010084557,88.115713,7.1778722
1919.9167,3.7982585,97.149782,0.00035953513,0.00072258639,0,0,0.42292762,0.04123212,0.010078073,145.47333,10.469933
1920,3.5321515,101.54577,0.00098169839,0.011722806,0,0,0.42796433,0.04190873,0.010070398,81.544935,2.1187967
1920.0833,2.8342786,100.7269,0.00041820333,0.0097415038,0,0,0.43238473,0.041918635,0.010063792,80.715991,1.67145
1920.1667,1.8659099,99.900939,0.0005620374,0.033525319,0,0,0.43899196,0.04177377,0.010057815,79.911219,1.5437956
1920.25,1.2809188,98.944753,0.0007291658,0.060063602,0,0,0.44350553,0.041475859,0.010052218,77.416636,9.3663667e-11
1920.3333,0.90688484,98.646931,0.0009327326,0.28245506,0,0,0.44628149,0.040411327,0.010047166,102.05563,0.19655944
1920.4167,0.57951402,101.63555,0.0014371311,1.309922,0.87843169,0.016666817,0.43566245,0.037989907,0.010042599,155.78081,3.1297149
1920.5,0.97072247,105.8028,0.00097341504,1.8870019,2.3364743,0.16153009,0.3105149,0.035445798,0.010038477,128.53354,9.4124492
1920.5833,1.9558761,106.70982,0.00093223568,2.7755062,5.6096947,0.55573994,0.16445486,0.03361712,0.010034697,116.02407,17.944611
1920.6667,2.5453302,107.16821,0.00079975947,1.8649519,3.8969149,0.37388331,0.16868585,0.033251032,0.010031405,114.02294,12.621548
1920.75,2.6538414,107.33756,0.00061057729,0.53557115,0.80454583,0.10211984,0.18696141,0.03342402,0.010028745,101.39554,8.9087894
1920.8333,2.3791962,107.00881,0.00054076093,0.023412352,0,0,0.1889537,0.033729397,0.010026133,90.970374,2.9636558
1920.9167,1.8555841,106.03552,0.00059219531,0.00039434258,0,0,0.19243874,0.033591699,0.010023603,84.607728,1.4118179
1921,1.2143023,103.81778,0.00065393769,-1.6529064e-11,0,0,0.19793893,0.033408444,0.010021282,81.123377,1.1680375
1921.0833,1.1174318,102.10398,0.00070499349,0,0,0,0.19916524,0.033181969,0.010019285,79.784063,1.1565779
1921.1667,1.0346553,100.49902,0.00076068862,-4.5707409e-06,0,0,0.20021327,0.032801051,0.010017477,80.052178,1.1444691
1921.25,0.96157927,98.951779,0.00082545128,-0.00024170996,0,0,0.20113558,0.032337062,0.010015785,79.022608,1.1305248
1921.3333,0.86964626,97.373307,0.00092957512,0.017608589,0,0,0.2020894,0.031803675,0.010014256,77.087446,0.36140558
1921.4167,0.63451694,98.945133,0.0013559486,1.4418352,1.561255,0.098054377,0.16232036,0.030812925,0.010012885,137.87576,3.1459685
1921.5,1.1292917,101.47706,0.0026134085,3.6116802,7.2350327,0.48905213,0.043896928,0.029267075,0.010011654,123.43814,10.612886
1921.5833,1.3657337,105.05393,0.0022314156,3.2844818,6.45057,0.45268458,0.046032224,0.028427223,0.01001275,134.98692,6.8518379
1921.6667,1.4735978,106.53272,0.0017861667,2.0096221,4.0848281,0.28106928,0.068531759,0.027994042,0.010013727,114.13837,6.125785
1921.75,1.609062,106.55529,0.0012509776,0.5975293,0.91961631,0.0809131,0.087114334,0.027474282,0.010012426,98.473108,4.5565641
1921.8333,1.5162004,106.08038,0.0008992643,0.2008626,0,0,0.091684274,0.027738184,0.010011223,88.071248,1.4030045
1921.9167,1.3046446,105.13954,0.00079288747,0.00050384151,0,0,0.092682533,0.028260082,0.010010136,89.682738,1.9412625
1922,1.2485271,103.5153,0.002386881,0.0039708301,0,0,0.093397446,0.029031733,0.01000914,81.8419,1.1139666
1922.0833,0.80705347,102.55905,0.0014907306,0.01341462,0,0,0.093211539,0.029048014,0.010008282,80.136277,0
1922.1667,0.47600555,101.54707,0.0022080941,0.044961246,0,0,0.094077334,0.027515326,0.010007505,79.362736,2.1171513e-08
1922.25,0.4103398,100.44362,0.0024688258,0.071516524,0,0,0.094304428,0.025819585,0.010006779,78.641748,3.5554812e-08
1922.3333,0.35474999,99.687554,0.0028198133,0.23756468,0,0,0.094451383,0.024288807,0.010006122,93.986398,8.2914979e-05
1922.4167,0.32380866,102.73417,0.003188404,0.8852988,0.39143685,0.0093481339,0.082852371,0.022905402,0.01000553,171.7444,0.83494397
1922.5,0.47056517,108.22126,0.0030281295,1.2628534,1.2525977,0.083191729,0.015782347,0.021656478,0.010004994,129.96992,3.8353783
1922.5833,0.78814954,109.09601,0.003372154,2.485099,4.8985091,0.35994336,0.011266071,0.020510526,0.010004504,115.52256,4.5161979
1922.6667,0.95272571,110.30993,0.0038376066,1.9532441,3.8948783,0.32406057,0.015509767,0.019553469,0.010004067,117.89752,4.0493519
1922.75,1.0768317,110.6661,0.0024929608,0.71362162,1.1544416,0.12615329,0.023036078,0.019028969,0.010003674,102.1878,2.0532536
1922.8333,0.84717869,109.45584,0.001428803,0.0011532831,0,0,0.023914406,0.018923737,0.010003318,85.52757,0
1922.9167,0.66119846,107.52165,0.0018385595,-8.0708996e-12,0,0,0.024031349,0.018163428,0.010002997,84.016635,1.1715602
1923,0.64899516,103.28609,0.0014409431,-3.811047e-09,0,0,0.024200384,0.017362565,0.010002702,80.706692,0.0056941545
1923.0833,0.55538741,101.43894,0.0016374793,-1.8364977e-06,0,0,0.024462212,0.01667358,0.010002448,79.263673,0
1923.1667,0.47650532,99.331662,0.0018226601,-6.1037468e-06,0,0,0.024701588,0.01604842,0.010002219,77.61729,0
1923.25,0.40753378,97.56165,0.0021268874,-0.00011855426,0,0,0.024929598,0.015462948,0.010002004,76.234498,0
1923.3333,0.34937463,95.728688,0.0025681413,-0.00010582532,0,0,0.025139509,0.014934426,0.01000181,74.802465,0
1923.4167,0.3360268,95.226586,0.0033610016,1.0772016,1.6125216,0.058985847,0.014321952,0.014456782,0.010001634,107.53492,2.4113659
1923.5,0.75696746,97.396672,0.0044962605,4.0685605,7.7509673,0.37466041,0.012875009,0.014041639,0.010001477,121.98316,5.4187357
1923.5833,1.0893767,100.14477,0.0028355999,3.0614198,5.7697254,0.39836113,0.037802994,0.014118402,0.010001364,116.57814,7.9892992
1923.6667,1.4356246,101.79047,0.0019038325,2.0538817,3.9478368,0.35139314,0.055627614,0.015715854,0.010001383,109.59147,5.2617249
1923.75,1.4973329,102.661,0.001546919,1.021912,1.9357842,0.18156055,0.060672857,0.017746765,0.010002249,100.70286,4.4032352
1923.8333,1.3788716,102.26794,0.00086154882,0.045861783,0.092027921,0.0048727942,0.06869442,0.019122317,0.010002104,82.297637,1.6570057
1923.9167,1.2333213,100.74655,0.000571226,-4.79305e-09,0,0,0.069372885,0.020794179,0.010001902,79.213185,0.49969423
1924,0.75103214,99.069096,0.0055193277,-1.0575466e-06,0,0,0.068880886,0.021468583,0.010001715,77.409178,0
1924.0833,0.51962619,97.457327,0.0022448003,-1.0569682e-08,0,0,0.069354981,0.020505879,0.010001554,76.150217,0
1924.1667,0.44698373,95.728569,0.002244374,-0.00011265332,0,0,0.069804795,0.019522086,0.010001409,74.799777,0
1924.25,0.38305728,92.560083,0.0023858384,-0.0002450549,0,0,0.070212916,0.018600699,0.010001272,72.324029,0
1924.3333,0.32966587,90.319127,0.0029055902,0.022396232,0,0,0.070581242,0.017768886,0.010001149,70.573759,0
1924.4167,0.56233018,99.093832,0.004246729,3.62022,5.076051,0.26231469,0.056973852,0.017017134,0.01000104,241.73664,7.6200995
1924.5,0.87002921,103.70012,0.0036347499,3.8106407,6.9005229,0.42965598,0.046210997,0.016342206,0.01000094,132.61355,2.0417793
1924.5833,1.0125836,106.59957,0.0029889415,3.1599314,5.6817504,0.37852385,0.060375191,0.015855962,0.010000851,126.66864,5.3421111
1924.6667,1.075948,108.81889,0.0026415547,2.0528292,3.755799,0.29031408,0.082577795,0.015701087,0.010000769,116.55844,5.4276651
1924.75,1.1582702,109.34635,0.0018891161,0.27474026,0.42539468,0.040602886,0.10335712,0.015877204,0.010000695,92.368102,1.5925648
1924.8333,1.0526533,108.51397,0.0015849744,0.091771729,0,0,0.10499081,0.01620152,0.010000627,85.545574,0.41453215
1924.9167,0.79404097,107.4482,0.0016456475,0.013322123,0,0,0.10606443,0.016273148,0.010000566,83.955833,0.098974631
1925,0.57595252,106.31123,0.0018794301,0.00013288048,0,0,0.10685422,0.015765226,0.010000511,83.068139,0
1925.0833,0.49511,104.80823,0.001777363,-6.0447163e-06,0,0,0.10695063,0.015224731,0.010000463,81.894278,0
1925.1667,0.42642959,102.93765,0.0020268052,-0.00017961953,0,0,0.10697992,0.01473542,0.01000042,80.433066,0
1925.25,0.36632596,101.17383,0.0023915158,-8.7949086e-05,0,0,0.10696268,0.014277158,0.010000379,79.055274,0
1925.3333,0.31685593,100.12203,0.0029240206,0.51377804,0,0,0.10681947,0.013863452,0.010000343,126.11684,0.10484098
1925.4167,0.693087,113.75384,0.0035214736,4.6948157,8.392693,0.52835197,0.061780345,0.013508908,0.01000031,264.7463,12.40884
1925.5,1.53109,117.90267,0.0020603132,4.0712076,6.9938371,0.5950303,0.054668609,0.014024231,0.010000392,146.48277,10.13055
1925.5833,1.7102567,120.91316,0.0016784464,3.5123224,6.0415029,0.54067431,0.06847176,0.015800657,0.010000921,140.54902,6.6943041
1925.6667,1.8838451,122.3038,0.0014470051,2.0091803,3.625457,0.36676469,0.082571007,0.017108908,0.010001396,125.8887,7.2055641
1925.75,2.1097874,122.67153,0.0011755665,1.0923791,2.0585109,0.22208501,0.10180847,0.018091086,0.010001596,120.48322,7.0572314
1925.8333,2.2046682,121.98135,0.00066090754,0.11022095,0.17872466,0.022415851,0.11921512,0.019374248,0.010001448,102.18861,3.533246
1925.9167,1.9552396,120.78637,0.00051284581,0.0011196488,0,0,0.12131514,0.02175813,0.010001308,97.955154,2.567645
1926,1.7839419,119.75876,0.00055352051,0.00043511825,0,0,0.12263197,0.024088982,0.01000118,95.109415,2.3163005
1926.0833,1.6836204,118.40484,0.00056678196,0.0004787002,0,0,0.12291189,0.026093096,0.010001069,94.046534,2.2203335
1926.1667,1.4783434,116.57614,0.00061509159,-0.0001345914,0,0,0.12225404,0.027678421,0.010000968,91.091067,0
1926.25,0.81327063,114.60606,0.0010071184,-0.00017079893,0,0,0.12106758,0.027957324,0.010000874,89.552178,0
1926.3333,0.43636622,114.22103,0.0018984362,0.62228966,0,0,0.12176859,0.026454953,0.01000079,139.64013,0.089475508
1926.4167,0.83466899,124.02724,0.0021171572,4.3236678,5.0823798,0.41436803,0.11188734,0.024872921,0.010000751,243.68552,21.187632
1926.5,3.4404658,127.83718,0.00073602254,4.5578517,7.7633154,0.73087653,0.094539374,0.024415748,0.010001282,142.72439,35.821495
1926.5833,5.0824867,128.57945,0.00041111553,3.3253037,5.8367121,0.54126558,0.10781696,0.026632076,0.010004962,133.98104,24.746451
1926.6667,6.1369115,128.62997,0.00032772846,2.2418009,4.1599638,0.37994685,0.12563407,0.029562009,0.010011245,129.64108,27.538885
1926.75,7.2298693,128.55867,0.00024978357,1.0087017,1.5889217,0.14828484,0.1479813,0.032310553,0.010016144,126.2052,28.65743
1926.8333,5.8687618,128.67591,0.0002131776,0.11711709,0,0,0.15426368,0.035168897,0.010017348,118.21648,11.577935
1926.9167,5.0644791,128.32093,0.00021791476,0.00079871387,0,0,0.15399969,0.037232004,0.010016766,113.46922,6.8954125
1927,3.2449961,127.04982,0.00031536733,0.013567445,0,0,0.15540035,0.038254887,0.010020205,101.55928,2.8361224
1927.0833,1.9763357,125.59398,0.0004651263,3.8309218e-05,0,0,0.15782593,0.039665785,0.010022261,100.64019,2.1097818
1927.1667,1.6572749,123.74595,0.00054038659,-0.00012392445,0,0,0.15894826,0.041498128,0.010020458,98.452563,1.9268859
1927.25,1.4757526,121.74813,0.00059170526,-0.0001025694,0,0,0.15953016,0.042614967,0.010018476,95.619217,0.6210969
1927.3333,1.0528855,119.67543,0.00079975469,0.068794481,0,0,0.15971905,0.042367715,0.010016688,97.063574,0.0011694222
1927.4167,0.58843818,125.16175,0.0017702607,2.6539581,3.8894323,0.28030897,0.15584062,0.039966945,0.010015073,258.67583,5.2887795
1927.5,2.2850584,131.52117,0.00089773908,4.2406539,7.332635,0.5830209,0.13965069,0.037608489,0.010013693,142.64089,34.799502
1927.5833,4.4146478,132.56747,0.00047830062,3.40395,5.967444,0.47814028,0.14313954,0.036919732,0.010014482,138.04616,30.522664
1927.6667,5.774295,132.88596,0.00033216979,2.1634167,3.8336875,0.32996212,0.16073214,0.037651729,0.010017978,134.26227,28.179335
1927.75,6.4350837,133.01784,0.00026529288,0.36706992,0.25176081,0.022932894,0.17299616,0.039115485,0.010016901,126.49304,16.205355
1927.8333,6.0771229,132.98342,0.00022551599,0.010405446,0,0,0.17116052,0.040565696,0.01001536,120.78499,10.097908
1927.9167,5.4361094,132.1542,0.00021609695,6.7154316e-05,0,0,0.17159368,0.04156895,0.010013874,111.1987,2.7068369
1928,2.9918933,130.21667,0.00033171225,0.014984347,0,0,0.17668237,0.041450232,0.010012509,101.92884,2.3962016
1928.0833,1.4486513,128.61671,0.0006264525,0.10084391,0,0,0.18239985,0.04057534,0.010011335,101.466,1.1611659
1928.1667,1.2654761,127.04983,0.00068440108,0.017541103,0,0,0.18313009,0.03946228,0.010010273,100.62208,1.0591358
1928.25,1.1119198,125.18533,0.00071942335,0.0091242891,0,0,0.18381584,0.037778251,0.010009278,99.161458,1.0535482
1928.3333,1.0625732,124.59374,0.00077956181,0.94829598,0,0,0.1840314,0.03620379,0.01000838,134.12771,2.6595274
1928.4167,1.4462743,125.73682,0.00082874589,4.0417627,5.8169596,0.58168431,0.17208552,0.034665778,0.01000757,137.89817,10.388019
1928.5,2.1936467,126.31769,0.00082685868,4.3034543,7.6187528,0.87157325,0.16654108,0.033561502,0.010007028,131.20443,15.697506
1928.5833,3.3985809,126.09147,0.00055972877,3.0529712,5.3071444,0.65249532,0.18062893,0.033744469,0.010008064,127.01385,22.655683
1928.6667,4.5162975,125.8454,0.00039473694,2.2224074,4.0769336,0.4956772,0.20325948,0.035354182,0.010012231,129.41291,23.275021
1928.75,5.4972372,125.47207,0.00026117873,0.71668104,0.87953788,0.16053124,0.23035391,0.038014695,0.010015272,118.61026,23.156854
1928.8333,5.8077113,125.26734,0.00017959357,0.063399382,0,0,0.23814036,0.040688597,0.010014416,115.59494,12.31273
1928.9167,5.5366307,125.22313,0.00018484004,8.2516344e-05,0,0,0.23895286,0.042936411,0.010013094,153.75214,13.267863
1929,5.6903875,127.34212,0.00018529575,0.047395783,0,0,0.2397489,0.045405421,0.010011815,104.94022,10.702933
1929.0833,5.1882695,126.04226,0.00020073174,0.11126139,0,0,0.24211574,0.048251282,0.010010706,101.24113,3.4392541
1929.1667,4.2416551,124.51494,0.00022880897,0.056389722,0,0,0.2447457,0.051374111,0.010009702,98.578655,2.3523948
1929.25,2.6340042,123.05367,0.00033696013,0.21750628,0,0,0.25060233,0.054010607,0.010008763,104.32624,2.031
1929.3333,2.1229256,124.79336,0.00041163163,0.81217327,0,0,0.25191689,0.055520389,0.010007915,169.90095,2.540098
1929.4167,1.9632166,128.40889,0.00047202889,2.8243908,4.2426322,0.64637258,0.23774195,0.054804888,0.01000715,146.91224,18.848962
1929.5,4.0098587,128.6971,0.00045253296,4.3507225,7.7300281,1.1879889,0.21896657,0.053321835,0.01000646,124.8695,35.445883
1929.5833,6.0744449,128.04694,0.00032302568,2.7393313,4.9757091,0.7680316,0.22951472,0.054721769,0.010005864,125.42649,35.764342
1929.6667,8.0604106,127.51754,0.00025163245,2.1186195,3.9691941,0.58366113,0.26410413,0.058148663,0.010005558,126.25484,42.49469
1929.75,10.106966,127.06491,0.00015463837,0.76488079,1.1124106,0.18407505,0.30497772,0.06342677,0.010005969,122.06517,44.42821
1929.8333,10.74987,127.0064,9.4555478e-05,0.015422987,0,0,0.31066751,0.069701023,0.010006884,119.10276,20.933485
1929.9167,10.408632,126.93259,9.8113458e-05,0.00097858649,0,0,0.31137174,0.07531783,0.010007963,117.91031,19.3723
1930,9.3414709,125.69581,0.000107641,0.01403353,0,0,0.3111563,0.08060465,0.010009037,104.25312,10.967375
1930.0833,7.6368353,123.08419,0.00012299995,0.00053274544,0,0,0.31364468,0.084237032,0.0100095,99.176919,6.900375
1930.1667,4.8984475,120.28416,0.00017280661,-4.0364886e-05,0,0,0.32106674,0.085043758,0.010008958,95.296463,4.087399
1930.25,3.2609403,117.99695,0.00024214815,-0.00014448861,0,0,0.3284871,0.084430978,0.010008093,93.379059,3.9405972
1930.3333,2.4761078,116.0607,0.00031324982,0.17132544,0,0,0.33258837,0.08330486,0.01000731,102.76851,1.7272723
1930.4167,2.130673,117.63781,0.00035952873,1.2518367,0.97294727,0.19280667,0.32025728,0.081161104,0.010006603,135.4935,4.2665361
1930.5,2.1346519,118.7249,0.00060234492,3.5913086,6.6098984,0.80562846,0.27746937,0.077376373,0.010005972,120.85549,13.044644
1930.5833,3.2202096,119.45906,0.00058932311,3.1804988,5.7086028,0.75452361,0.2557998,0.074444942,0.010006088,116.59819,22.168145
1930.6667,4.2644651,119.69204,0.00044102743,2.0058048,3.7159223,0.4806677,0.27551794,0.073215351,0.010010499,115.18391,19.679482
1930.75,4.9164714,119.46477,0.00036018985,0.69462782,1.2328099,0.17071435,0.31531185,0.072195999,0.010022285,112.70181,18.716727
1930.8333,4.9665892,119.21894,0.0003015578,0.00026287892,0,0,0.33398575,0.071420565,0.010035684,108.22139,9.3179335
1930.9167,4.7026672,118.8668,0.00024343407,0.022677597,0,0,0.33510306,0.070551053,0.010038658,108.24381,8.5657936
1931,4.0879352,118.03038,0.00024990743,0.019917912,0,0,0.33846411,0.069580816,0.010035911,95.263509,4.8332135
1931.0833,3.1311719,116.86555,0.00027684425,0.012156212,0,0,0.34297097,0.069157094,0.010032543,93.168098,4.0424646
1931.1667,2.5899725,114.4204,0.00029502405,-7.364867e-07,0,0,0.34303918,0.068841845,0.010029494,89.681778,3.2784449
1931.25,2.1810834,112.50648,0.00033901181,-3.7750898e-05,0,0,0.34314096,0.068300061,0.010026638,88.155101,3.1031731
1931.3333,2.0355701,111.53598,0.00038873815,0.74941528,0,0,0.34294438,0.067510068,0.010024061,123.30777,3.4710656
1931.4167,2.0839004,113.25452,0.00049343333,3.1650492,4.4904727,0.50695824,0.33191556,0.066163324,0.010021735,118.59472,13.539954
1931.5,3.5792955,114.16901,0.00051789626,3.7390068,6.7957158,0.91487225,0.28995588,0.064368002,0.010019837,112.70023,27.697995
1931.5833,4.9604373,114.40174,0.00039584003,2.9796585,5.5607232,0.75861079,0.2821261,0.063789584,0.010018535,110.3677,25.113
1931.6667,6.1504757,114.34313,0.000310598,2.0307582,3.9741971,0.53167229,0.29445818,0.064461134,0.01001846,110.3446,28.462125
1931.75,7.1073403,114.11139,0.00024787145,0.63408347,0.76668591,0.11538561,0.31161562,0.066042468,0.010020075,108.06424,21.20484
1931.8333,6.8681822,114.26493,0.00022512261,0.027994798,0,0,0.31569725,0.067281783,0.010018908,104.09355,13.419609
1931.9167,6.705679,114.36806,0.00021342639,9.978627e-05,0,0,0.31641731,0.068002403,0.010017087,135.11102,17.430457
1932,7.4666371,116.79889,0.00018873537,0.00043597504,0,0,0.31585154,0.071279503,0.010015408,103.12228,28.26204
1932.0833,8.4577212,116.50458,0.000159341,0.0063060617,0,0,0.31564367,0.077780716,0.010013961,104.95247,30.523599
1932.1667,9.1022262,116.14675,0.00014368017,0.089431355,0,0,0.31548056,0.083855025,0.010012653,101.64867,30.149538
1932.25,9.1288872,116.00843,0.00014058109,0.40491422,0,0,0.31587452,0.08614473,0.010011428,109.72961,16.742697
1932.3333,8.2640871,116.94825,0.00015317959,0.81284895,0,0,0.31690642,0.085207634,0.010010322,125.15096,16.390772
1932.4167,6.8904483,118.61888,0.00017683838,1.8937098,1.5325122,0.38612139,0.28517142,0.084388733,0.010009324,127.65716,18.280187
1932.5,5.5290982,118.67993,0.00026399791,3.203029,5.5155155,1.0541322,0.18546014,0.084313497,0.010008428,117.688,19.773335
1932.5833,5.1014973,118.32499,0.00042416039,2.7444132,5.2623107,0.93245775,0.18662906,0.085552044,0.010007764,119.86955,21.618409
1932.6667,6.0631121,117.8392,0.0003404833,1.9288015,3.7829841,0.61549826,0.23494036,0.088425606,0.010008472,118.50649,24.763473
1932.75,6.9592055,117.61491,0.00027171217,0.82550338,1.5256372,0.22385237,0.2958338,0.092968583,0.010015402,114.85377,23.217862
1932.8333,6.7054513,117.49841,0.0001853377,0.031750079,0,0,0.31524137,0.097791687,0.010028911,103.03891,10.485688
1932.9167,5.5244341,117.22202,0.00018048039,0.0017447552,0,0,0.32320341,0.10022627,0.010029878,105.20217,7.9492236
1933,4.6716146,115.37726,0.00020712869,-5.1614415e-11,0,0,0.32922384,0.10097142,0.010027097,91.960786,6.1788037
1933.0833,3.8488682,113.40674,0.00024362608,-1.2002045e-07,0,0,0.33245778,0.10077172,0.010024721,90.132243,1.968397
1933.1667,2.7369966,111.7708,0.00032108254,-0.00010957068,0,0,0.33285341,0.098466828,0.010022604,87.423267,0.20387067
1933.25,0.99688768,110.06451,0.00071681396,-0.00038694371,0,0,0.34475264,0.092261612,0.010020656,86.052064,0.50765
1933.3333,0.62700867,108.5635,0.0011783254,0.2213374,0,0,0.34896481,0.084467374,0.010018921,101.27037,0.56326688
1933.4167,0.64346747,112.41204,0.0014041574,2.4126326,3.6939845,0.35726802,0.32109973,0.077328123,0.01001736,169.93924,6.5950634
1933.5,2.3110423,115.61401,0.00093162461,4.0300914,7.4291476,0.82460139,0.14508203,0.071313784,0.010016676,123.85649,36.593989
1933.5833,4.3309573,116.82416,0.00052977499,3.0420237,5.674098,0.64236441,0.10976751,0.068153918,0.010026859,120.61632,24.860884
1933.6667,5.0862194,117.54291,0.00040553467,1.8802663,3.5513836,0.41420381,0.16291204,0.067265861,0.010059746,116.13886,21.884901
1933.75,5.5887136,117.73316,0.00027839938,0.54735045,0.90316401,0.12921251,0.22823271,0.066397451,0.010090918,108.13041,17.2869
1933.8333,5.1618172,117.45145,0.00022010364,0.023401791,0,0,0.24122591,0.064541973,0.010089289,99.615241,5.8059544
1933.9167,4.1198591,116.74776,0.00025721951,0.00030615674,0,0,0.24471475,0.062059458,0.010080655,99.043082,3.8476062
1934,2.3450132,115.24092,0.000376885,-2.8590531e-23,0,0,0.25245675,0.059955243,0.01007273,92.173085,3.2188482
1934.0833,1.6705794,111.88146,0.00050764199,-6.8992267e-06,0,0,0.25437924,0.057720453,0.010065906,89.712407,2.5667887
1934.1667,1.1426407,110.09631,0.00068456796,-0.00012825072,0,0,0.25648719,0.054731537,0.010059731,88.677978,1.1982685
1934.25,0.78042125,108.342,0.0009789964,-0.00053089277,0,0,0.25822309,0.051084686,0.010053949,86.660509,0.38656786
1934.3333,0.55425806,105.99419,0.0013791178,0.24155902,0,0,0.25952503,0.047345236,0.010048729,102.52282,0.20980988
1934.4167,0.78678789,110.52421,0.0017106936,3.760562,5.8762325,0.46380723,0.24558572,0.043789808,0.010044014,173.037,9.5981861
1934.5,1.7098525,112.70037,0.001247479,3.8548161,7.0610202,0.66593157,0.21300653,0.041503973,0.010040166,117.7479,18.191405
1934.5833,2.9735027,113.27776,0.00073408842,3.1086595,5.7870825,0.58619297,0.20800327,0.040880896,0.010037592,110.92097,21.055931
1934.6667,3.9256816,113.25313,0.00052128325,2.2804583,4.3165566,0.47202912,0.2357284,0.04098377,0.010035,108.3167,20.625599
1934.75,4.8942966,113.09126,0.00038966411,0.77978351,1.4773289,0.16826342,0.29447842,0.041803382,0.010031859,106.24912,22.411795
1934.8333,5.2625686,113.01471,0.00018549965,0.020828726,0,0,0.31393844,0.043211926,0.010028793,104.14663,10.328964
1934.9167,5.1422529,112.6572,0.00016955893,-1.4628831e-23,0,0,0.29933146,0.044258434,0.010026008,133.66576,11.889852
1935,5.1872428,113.83919,0.00017214032,-1.4362835e-08,0,0,0.29975688,0.046112623,0.010023451,96.24026,17.218897
1935.0833,4.787859,112.3668,0.00018703841,-1.6268212e-06,0,0,0.30341017,0.051806763,0.010021251,91.140308,12.735303
1935.1667,4.4584135,110.70713,0.00020355209,-4.5160057e-05,0,0,0.31065384,0.062262308,0.01001926,91.109855,12.970029
1935.25,3.5960842,108.43216,0.00024463117,-0.00012381308,0,0,0.31573802,0.07513953,0.010017394,87.042714,3.0313633
1935.3333,2.6969081,105.96503,0.00030930919,-0.00029109499,0,0,0.31293854,0.082469381,0.01001571,83.810365,1.2962253
1935.4167,1.5650431,105.50283,0.0005078325,0.78757371,0.53434748,0.049514834,0.3117151,0.080763049,0.010014189,145.97172,0.59824112
1935.5,1.6188854,109.15622,0.00094316615,3.3947398,6.0659297,0.41957655,0.30240127,0.075554758,0.010012817,119.75712,22.291355
1935.5833,3.4947346,110.75365,0.00065940589,3.1843812,5.7488777,0.46959052,0.33366716,0.071048744,0.01001163,117.49147,26.556257
1935.6667,4.6709301,111.86165,0.00048348308,2.1762869,4.0238596,0.35868051,0.39433244,0.068934329,0.010011461,113.36103,21.344004
1935.75,5.2129566,112.5564,0.00039198255,0.73723486,1.3534683,0.11605776,0.47172794,0.06846045,0.010011876,108.61124,18.820093
1935.8333,5.1004454,112.8472,0.00037641032,0.012420032,0,0,0.49139565,0.067144893,0.010011176,104.54391,9.4425228
1935.9167,4.6524494,112.24904,0.00036198692,2.1545179e-19,0,0,0.49267063,0.065218687,0.010010171,104.252,6.5569481
1936,3.2547321,111.79437,0.00041287835,0.0011791976,0,0,0.50142187,0.063386567,0.010009211,87.741449,2.4337802
1936.0833,2.1796529,110.57803,0.0005508429,0.013298728,0,0,0.50796741,0.062345754,0.010008346,86.420117,2.0278585
1936.1667,1.7012422,109.1765,0.00065167324,0.05294775,0,0,0.51045078,0.06220413,0.010007564,85.350312,2.0337769
1936.25,1.5514403,108.3141,0.00070476666,0.37069559,0,0,0.51048654,0.063089781,0.010006832,99.353162,2.3982688
1936.3333,1.6218269,108.98078,0.00068445993,1.2350066,0.19546511,0.01553015,0.50730014,0.064071551,0.010006171,113.23205,5.6426593
1936.4167,2.0430607,109.93617,0.00055452099,2.4765006,3.5395926,0.39073012,0.37526834,0.063278288,0.010005575,112.16241,11.648245
1936.5,2.8197288,111.02209,0.00077358441,3.8974702,7.2359916,0.75234554,0.21522059,0.062043767,0.01000505,116.10363,18.25532
1936.5833,3.7127174,111.39455,0.00065000402,2.8717152,5.5507306,0.50367252,0.20449583,0.06085163,0.010005249,111.99867,20.073475
1936.6667,4.5935023,111.70064,0.00048045276,2.0319448,3.9833379,0.34937595,0.21791975,0.059841953,0.010005833,113.16037,22.419961
1936.75,5.4849493,111.41051,0.00035354419,0.72598237,1.3069125,0.12775332,0.23388912,0.05971149,0.010006777,105.42036,22.69573
1936.8333,5.7021789,111.06826,0.00028462984,0.056301348,0.077693815,0.0075761973,0.26255336,0.060090132,0.010007697,102.58943,11.125225
1936.9167,5.6161964,111.13878,0.00024603278,0.0006524365,0,0,0.26573908,0.060430266,0.010007253,125.98716,11.866674
1937,5.4827281,112.07595,0.00025264785,0.044371145,0,0,0.26591522,0.060801476,0.010007494,92.66639,8.3004079
1937.0833,5.0323256,111.37228,0.00027349504,0.027680523,0,0,0.2682198,0.061419096,0.010007342,92.866847,6.9059647
1937.1667,4.4659064,110.70476,0.00029301122,0.06361024,0,0,0.27015522,0.062090073,0.010007033,91.611303,4.3248272
1937.25,3.1785844,109.92737,0.00037239038,0.18030572,0,0,0.2759189,0.062278401,0.010006712,92.471912,1.7771767
1937.3333,2.3164654,111.20655,0.00049477338,0.61124141,0,0,0.27770728,0.061296582,0.010006355,143.35149,2.8837186
1937.4167,1.6484662,114.91368,0.00066874799,1.7677705,1.218901,0.15563804,0.25956717,0.05863566,0.010005884,137.00885,9.8655727
1937.5,2.7653996,116.11688,0.00070495298,3.955794,7.4704944,0.87438848,0.12690984,0.055645294,0.010007617,119.15716,25.088152
1937.5833,4.3077669,116.38923,0.0005601981,3.3947841,6.493613,0.81710794,0.12420961,0.054314122,0.010012965,121.30633,25.849572
1937.6667,5.5460813,116.4557,0.00041351269,2.1332753,4.1883467,0.50474621,0.20247521,0.05463871,0.010012798,120.06775,29.092502
1937.75,6.6637341,116.6625,0.00030529185,0.7602906,1.5197435,0.17570352,0.30887437,0.056227546,0.010012371,113.93102,25.025127
1937.8333,6.6613271,116.8117,0.00017736921,0.082229705,0,0,0.35261181,0.058107287,0.010013484,108.43649,13.691752
1937.9167,6.5669613,116.91976,0.00016817894,7.9669807e-20,0,0,0.35301441,0.059759971,0.010013252,108.77711,12.228521
1938,6.0628843,115.40804,0.00017606551,0.00048350454,0,0,0.35413626,0.062317919,0.010012558,96.676411,7.3603779
1938.0833,4.5856466,114.14845,0.00021715657,-5.1224791e-07,0,0,0.353782,0.064321354,0.01001144,92.596149,4.1411564
1938.1667,3.053478,112.45686,0.00030387405,-3.6997024e-05,0,0,0.36100847,0.064828619,0.010010368,91.234847,3.8169686
1938.25,2.4467194,110.65625,0.00038173562,0.034706758,0,0,0.36666369,0.064916417,0.010009364,89.936736,3.3377458
1938.3333,2.257806,111.10225,0.00042566928,1.134688,0,0,0.36792547,0.064699993,0.010008465,152.51569,3.8571172
1938.4167,2.9165214,115.08223,0.0006432776,4.5518888,8.2192441,0.72735262,0.33272669,0.06327714,0.010012327,123.50601,28.412591
1938.5,4.8565259,116.2298,0.00047701859,3.8391973,7.0726587,0.61031813,0.26534158,0.062678054,0.010049828,116.98553,29.480722
1938.5833,6.1005387,117.19206,0.00037504532,2.8706989,5.360285,0.43846607,0.2470271,0.064226933,0.010126611,118.34988,27.293988
1938.6667,7.0883399,117.93315,0.00029929521,2.0354284,3.9697724,0.31159728,0.28581801,0.067099482,0.010195279,115.76361,29.622548
1938.75,7.9828613,118.14237,0.00023613517,0.9647492,1.7302979,0.16041969,0.37217179,0.071085997,0.010379029,112.53614,31.848268
1938.8333,8.7663876,118.02887,0.00012651253,0.098932584,0.073789263,0.012387825,0.42806664,0.075707965,0.010647835,107.15944,20.963655
1938.9167,8.4182341,118.07638,0.00011619314,0.0029754574,0,0,0.42941537,0.080046102,0.010905695,145.8603,19.879062
1939,9.0558613,121.00809,0.00011102724,1.643389e-05,0,0,0.42858097,0.085556746,0.01115285,107.6397,33.754026
1939.0833,10.402355,120.16911,9.8378849e-05,0.0085358964,0,0,0.42547929,0.092441261,0.011426038,106.96393,41.223236
1939.1667,11.590497,119.51549,8.9345194e-05,-8.7068849e-05,0,0,0.42477956,0.10115562,0.011756596,102.21532,27.487254
1939.25,10.960624,117.62583,9.4854629e-05,0.231574,0,0,0.42673835,0.11345939,0.012165758,104.12901,15.120251
1939.3333,8.9197643,118.35872,0.00011142038,0.74792877,0,0,0.43343401,0.12644973,0.012644264,128.86156,18.496012
1939.4167,7.4273082,121.02971,0.00017436862,3.4748771,4.7778794,0.40235541,0.43192068,0.13579072,0.013040433,144.7367,32.492198
1939.5,9.0825902,122.32544,0.0001753573,4.4634595,8.051337,0.7642642,0.39361832,0.13846342,0.012834617,119.32768,40.780541
1939.5833,10.057708,122.34948,0.00010799388,3.2988706,6.2058524,0.5854986,0.3941651,0.1367368,0.012561832,118.31982,39.134845
1939.6667,11.227294,122.34811,9.6726566e-05,2.1792313,4.2000469,0.39655639,0.43506584,0.13402778,0.012314642,117.14138,40.877504
1939.75,12.424777,122.39956,9.168285e-05,0.7989311,1.1572182,0.13574852,0.48706603,0.13250758,0.012091683,117.7401,42.711103
1939.8333,12.477222,122.46514,7.514203e-05,0.0064199106,0,0,0.49925825,0.13226098,0.011889681,112.96322,20.997116
1939.9167,11.412887,121.84311,7.4687159e-05,-1.764566e-07,0,0,0.50033134,0.13457584,0.011706966,134.04905,19.225066
1940,10.104937,122.82453,8.6310916e-05,-6.1186057e-08,0,0,0.50097603,0.1380356,0.011539456,106.00746,25.313671
1940.0833,9.1630258,121.75534,9.4147057e-05,-1.0179517e-05,0,0,0.50414085,0.14197353,0.011395177,106.49205,26.074993
1940.1667,9.5913662,120.5417,9.198716e-05,-3.4826183e-06,0,0,0.50286603,0.14469968,0.011264518,104.84691,25.656451
1940.25,9.0598809,118.98324,0.00010407279,0.029067671,0,0,0.50418252,0.14661333,0.01114215,98.163889,6.3774368
1940.3333,7.6485225,119.71524,0.00016626831,3.0589341,2.3808877,0.14397555,0.50091636,0.14590864,0.011034489,137.85741,19.340608
1940.4167,8.3343331,120.84766,0.00019392648,4.8342025,8.4612304,0.57833451,0.45167193,0.14221659,0.010985693,112.86428,33.31673
1940.5,9.4545549,121.81213,0.00012123294,4.2616541,7.5079379,0.55636663,0.41773066,0.13720703,0.011014316,124.08444,32.751829
1940.5833,10.488153,122.15289,0.00011269458,3.3315459,6.0119254,0.47045813,0.46087971,0.13414311,0.011093654,116.14676,35.741363
1940.6667,11.496369,122.18399,9.9822741e-05,2.0714724,3.8474406,0.31131354,0.57821727,0.13328893,0.011150996,116.10395,41.11298
1940.75,12.613561,122.20547,8.7299064e-05,0.83433722,1.3351187,0.10859765,0.7445994,0.13370804,0.011117348,115.34815,43.321614
1940.8333,13.184587,122.45367,7.7454511e-05,0.11513117,0,0,0.79277891,0.1349238,0.0110228,114.34844,28.467893
1940.9167,12.871807,122.99671,7.5094467e-05,2.1032008e-05,0,0,0.78131056,0.13996433,0.010924102,149.58476,28.263232
1941,12.522711,124.28615,7.8132311e-05,-1.6596232e-10,0,0,0.78514081,0.14850657,0.010833875,106.60588,28.197924
1941.0833,12.392691,123.13546,7.9045647e-05,-1.6315819e-05,0,0,0.78301692,0.15703501,0.010755697,105.36544,34.355683
1941.1667,11.895161,121.95603,8.09095e-05,-4.5021216e-05,0,0,0.78703403,0.16350332,0.010684921,103.9579,40.891641
1941.25,12.199682,120.48102,8.1843442e-05,0.0036064412,0,0,0.78882152,0.16751377,0.010618636,99.711615,35.747987
1941.3333,13.058189,121.94797,7.9989717e-05,2.1442014,0.20425293,0.010952056,0.78759325,0.16804954,0.010559007,183.18391,49.305373
1941.4167,16.329478,126.52884,7.9544334e-05,4.741447,7.9607099,0.493363,0.71345741,0.16626105,0.010525054,126.39134,95.35662
1941.5,21.493999,127.38454,5.8357142e-05,4.1672724,7.0076795,0.4435525,0.63099802,0.17579213,0.010554487,124.39686,111.30281
1941.5833,27.485842,128.09359,4.2467276e-05,3.650312,6.242361,0.35776544,0.61332899,0.19125594,0.010672231,124.93391,138.20557
1941.6667,34.85522,128.60908,2.6263431e-05,2.3190965,4.066747,0.21149026,0.66542232,0.210675,0.010906863,123.958,166.99081
1941.75,41.783828,128.70628,2.2469609e-05,0.91019012,1.1477423,0.058626691,0.76253623,0.23120217,0.01126879,119.8684,140.61606
1941.8333,44.530366,128.59504,2.5176145e-05,0.02683381,0,0,0.81023109,0.23325835,0.011654441,114.55684,118.17266
1941.9167,45.584794,128.36823,2.4846089e-05,0.0013715545,0,0,0.85102415,0.2355812,0.011994225,126.32337,81.112194
1942,30.96335,128.63305,3.3572578e-05,0.023483635,0,0,0.76157302,0.24698611,0.012196272,105.43549,38.466035
1942.0833,23.443924,127.68641,4.0802443e-05,0.16656684,0,0,0.7299335,0.26682884,0.012163897,106.2872,31.898492
1942.1667,17.694211,126.99024,5.0265757e-05,0.074482447,0,0,0.69332886,0.2849943,0.012032041,109.58486,29.978305
1942.25,14.131166,126.51424,6.0441183e-05,0.44049258,0,0,0.68196267,0.29699454,0.011859586,110.82304,27.565667
1942.3333,12.966925,126.27788,6.4973057e-05,0.98726991,0,0,0.67034864,0.29985303,0.011703786,119.12758,27.190123
1942.4167,12.232109,126.85147,7.5675169e-05,4.1255502,6.6008243,0.38255531,0.66942292,0.29145393,0.011552571,124.3888,32.313377
1942.5,12.522616,126.6519,0.0001043462,4.619998,7.6790472,0.48746417,0.72232991,0.28055,0.011456132,122.01661,39.915955
1942.5833,13.618377,126.01888,9.9277495e-05,3.4495724,5.7500846,0.38601603,0.84638292,0.26841229,0.011414302,117.64535,42.823925
1942.6667,14.768014,125.18087,8.7031047e-05,2.4508638,4.2155582,0.2875216,1.0387056,0.25636315,0.011394368,113.63045,45.975124
1942.75,15.773369,124.31813,7.5197509e-05,0.8698573,1.4104228,0.10732753,1.1578848,0.24610245,0.011398278,112.57062,42.283067
1942.8333,15.611008,123.73655,6.9731715e-05,0.050081016,0.0047108781,0.00019680667,1.155871,0.23692666,0.01143614,108.5127,28.598561
1942.9167,14.873184,123.42789,6.8499037e-05,3.1564737e-05,0,0,1.1533158,0.22889359,0.011445503,123.34769,26.294121
1943,14.204886,123.26334,5.8819867e-05,0.00048505306,0,0,1.1485676,0.22537635,0.011379025,102.18901,27.916619
1943.0833,13.783703,122.51225,5.8185851e-05,0.033580063,0,0,1.1449686,0.22347522,0.011253999,101.3,27.595599
1943.1667,13.02313,121.77745,6.1785751e-05,0.066519363,0,0,1.1444732,0.22154938,0.011136568,102.21795,28.975898
1943.25,12.585908,121.13416,6.3531552e-05,0.26853368,0,0,1.1426351,0.21945859,0.011026574,105.70988,21.114625
1943.3333,12.68369,122.05108,6.4163076e-05,0.90157444,0,0,1.1374564,0.21745786,0.010927396,142.8747,37.177086
1943.4167,12.783672,124.87438,6.3607455e-05,2.3020854,3.0358987,0.2742336,0.95958614,0.21627882,0.010838312,141.50881,45.964379
1943.5,15.78792,125.19108,7.720977e-05,4.3913568,7.3481853,0.71429385,0.63754731,0.21486786,0.010761746,117.75816,83.676724
1943.5833,19.980056,124.66402,7.1720657e-05,3.2365668,5.4094143,0.56464104,0.62868959,0.21425961,0.010708299,115.79063,90.788809
1943.6667,24.429545,123.98048,5.7927857e-05,2.2968973,3.9964627,0.4181826,0.64518952,0.21702449,0.010692379,116.61611,115.65436
1943.75,30.33876,123.53018,4.4031698e-05,1.0017533,1.7100296,0.19147827,0.67009509,0.22978602,0.010728857,115.56768,138.5081
1943.8333,35.328213,123.35867,3.0566251e-05,0.050464575,0.0078210744,0.0021657175,0.69667149,0.25782904,0.010828353,112.70614,118.12334
1943.9167,37.899885,123.13939,2.8003846e-05,0.00019354519,0,0,0.72712028,0.3027429,0.010958023,114.4177,114.42375
1944,28.646838,122.03247,3.4349618e-05,0.00027024268,0,0,0.71036988,0.34127277,0.10839493,97.022176,32.041919
1944.0833,24.817195,120.78962,3.8341303e-05,0.033957461,0,0,0.68692279,0.35695046,0.2958118,95.999538,18.329031
1944.1667,16.796051,119.53084,5.0879458e-05,0.038335617,0,0,0.67930561,0.36653671,0.49852505,94.814277,18.007459
1944.25,10.124251,118.29586,7.4819327e-05,0.12270125,0,0,0.69499809,0.36806726,0.71941048,93.938382,9.5680189
1944.3333,8.2801534,117.57611,8.9571244e-05,0.52813165,0,0,0.70000207,0.36086527,0.95009804,113.60848,11.738345
1944.4167,7.5979717,118.86081,9.4534196e-05,1.4988769,1.3997941,0.1588044,0.67531592,0.34820545,1.1926152,129.03247,17.538054
1944.5,6.752999,119.18151,0.00013087642,4.0814286,6.9216617,0.84898716,0.60867518,0.32588094,1.4471358,112.74071,32.917979
1944.5833,8.5652499,118.59567,0.00015191137,3.5288857,5.9342512,0.75063626,0.58168048,0.30366868,1.7239338,107.61794,35.242568
1944.6667,9.6899606,117.69614,0.00013139362,2.0954942,3.6195846,0.44092957,0.56979966,0.28432411,2.0174179,106.14849,29.896745
1944.75,10.399918,116.60083,0.00011762334,0.83114766,1.4709077,0.16994062,0.62946284,0.2670615,2.3281469,104.14486,29.593474
1944.8333,10.130131,115.88142,9.3773269e-05,0.028109599,0,0,0.67553431,0.25148335,2.6551178,103.13547,18.079605
1944.9167,9.2713861,115.08185,7.4199343e-05,0.0059348374,0,0,0.66747296,0.24339777,3.0017195,111.70289,19.15464
1945,9.10859,114.60532,7.6450444e-05,0.0042296523,0,0,0.6700092,0.2419986,3.3777533,92.658071,23.222112
1945.0833,9.3639111,112.79642,7.5922471e-05,0.0068806582,0,0,0.67221171,0.24235913,3.7470081,92.26885,16.809452
1945.1667,8.553178,110.90378,8.2836457e-05,-7.4107419e-05,0,0,0.6777975,0.24081379,4.1293354,92.276524,11.320367
1945.25,7.2031668,108.91137,9.6422074e-05,-0.00032567554,0,0,0.6820792,0.23495701,4.5336256,90.520435,8.3022863
1945.3333,5.0394428,106.79328,0.0001320907,0.074115244,0,0,0.69231141,0.22405145,4.9505877,89.43743,2.3820755
1945.4167,4.282984,107.10117,0.0001529274,1.1763534,0.62243934,0.08649993,0.70828933,0.21250208,5.3755713,130.74387,5.969158
1945.5,5.0420878,108.42411,0.00018315093,3.8995117,6.460031,0.61027121,0.93477654,0.20013542,5.80723,111.93837,38.232551
1945.5833,7.3309913,108.38808,0.00018018285,3.1343092,5.0551007,0.5317196,1.4532208,0.19302364,6.2668657,102.13312,43.216161
1945.6667,9.3835359,108.17862,0.00014276085,2.2771965,3.8819331,0.3799462,1.7867154,0.19201821,6.7280774,107.15296,44.542808
1945.75,11.16676,108.02994,0.00011433909,0.74761698,1.0196272,0.11376432,1.7495331,0.19540894,7.1976647,102.90347,28.687226
1945.8333,10.485209,107.44103,0.00011263571,0.0083874803,0,0,1.6978235,0.19793281,7.677165,97.517904,10.899305
1945.9167,8.7176543,106.73027,0.00011844972,0.00043840363,0,0,1.6648823,0.19756132,8.1573658,109.89451,11.00779
1946,6.2775034,106.39064,0.00013681155,0.023353458,0,0,1.6543176,0.19263861,8.6364002,85.98683,10.346135
1946.0833,5.4342845,104.02261,0.0001505102,0.0018216177,0,0,1.6343708,0.18741933,9.1332445,86.176154,12.192421
1946.1667,5.3108851,102.39912,0.00014401397,0.039681687,0,0,1.6102331,0.18374549,9.6942139,85.034903,15.051607
1946.25,5.1660654,101.08672,0.00014074519,0.25037698,0,0,1.5905542,0.18185882,10.272996,90.476446,16.650079
1946.3333,5.8641005,102.4731,0.00012910285,0.94545136,0,0,1.5568551,0.18201087,10.843775,156.04303,18.409318
1946.4167,6.691203,106.76482,0.00011886632,2.757026,3.4429271,0.45962513,1.3744256,0.18198095,11.405845,127.39285,30.486497
1946.5,9.0219146,107.08342,0.000148027,4.3702021,6.7103996,0.91406672,0.88921183,0.18070719,11.806321,104.60537,48.651903
1946.5833,11.848897,106.84952,0.00012571605,3.0300862,4.7466588,0.66612894,0.9191671,0.18231401,10.916564,102.93159,59.971924
1946.6667,14.98788,106.73152,9.826904e-05,2.0925873,3.445635,0.47643258,0.92127812,0.18656304,9.8622522,104.73622,72.85839
1946.75,18.408777,106.49516,7.6956392e-05,0.93598381,1.5391855,0.2240165,0.92468107,0.19437887,8.9099798,101.29563,80.575523
1946.8333,20.417139,106.12677,6.5700391e-05,0.052814057,0.0075804353,0.00041730384,0.91852146,0.20455237,8.0487242,99.90944,50.806632
1946.9167,19.913519,105.78129,6.4310152e-05,0.0015475512,0,0,0.87134677,0.21415225,7.2709522,126.89828,38.701914
1947,19.057862,107.15598,6.4316875e-05,0.00087257201,0,0,0.85733891,0.22585075,7.7492065,91.990392,21.814776
1947.0833,18.148359,106.04811,5.8448099e-05,0.10766563,0,0,0.87758505,0.23774979,9.2188854,90.077876,18.136104
1947.1667,15.702792,104.82042,6.1888124e-05,0.06025895,0,0,0.90846419,0.24372996,10.589319,87.916943,20.306785
1947.25,12.180932,102.95131,7.1836454e-05,0.33406245,0,0,0.95223612,0.24237819,11.987632,91.894326,21.628897
1947.3333,11.491602,103.10759,7.7492012e-05,1.428961,0.50428474,0.090591,0.96817392,0.23479033,13.401731,117.37373,33.194822
1947.4167,12.931707,104.18604,8.8962413e-05,4.8278685,7.6615932,1.3601823,0.96085513,0.22812074,14.736277,110.07048,37.151149
1947.5,15.002666,104.69836,9.8066099e-05,4.6259907,7.2633793,1.3677935,1.0439694,0.22494964,16.098934,106.39671,50.472372
1947.5833,16.94425,104.67523,8.7603192e-05,3.3290617,5.3479626,1.0243473,1.0484325,0.22543412,17.454697,102.87188,58.626
1947.6667,18.703097,104.61013,7.835609e-05,2.0146669,3.3240949,0.63950263,1.0086637,0.23035917,18.725824,105.3416,70.016186
1947.75,19.72422,104.51347,6.5652632e-05,0.5570059,0.78277363,0.1894177,0.94486839,0.23995063,19.947727,99.800644,47.792169
1947.8333,18.268371,103.94811,4.9790797e-05,0.033746485,0,0,0.88384008,0.25139245,21.11058,95.090214,19.887509
1947.9167,16.382597,103.39428,5.3023254e-05,0.0041418987,0,0,0.8253423,0.25617695,22.065565,148.00862,21.27835
1948,9.952032,106.91833,0.03347607,0.0027730443,0,0,0.88511878,0.25130445,23.080105,90.009666,4.3379693
1948.0833,2.6420155,104.91617,0.0020746563,0.0087839354,0,0,1.0590523,0.23765329,24.127363,82.455821,0.096356582
1948.1667,2.6265485,103.01712,0.0019816183,0.00074763098,0,0,1.1586208,0.22312982,25.14175,80.980409,0.11918806
1948.25,2.8818655,100.94126,0.0019671605,0.16138373,0,0,1.2226564,0.21005425,26.163256,82.317272,0.10027127
1948.3333,3.0602745,100.41995,0.0020063927,0.49074483,0,0,1.2313771,0.19861984,27.154537,125.01,0.090980114
1948.4167,3.2588206,104.56107,0.0020396651,1.8796399,1.9591238,0.45257554,1.1854655,0.18801111,28.1127,158.06621,5.1935425
1948.5,3.4384974,106.86453,0.0021409683,4.1376246,6.5062743,1.4432997,1.1714144,0.17755288,28.55431,115.09201,3.7666975
1948.5833,3.5889149,107.52875,0.0022476607,3.3998887,5.2791207,1.2501472,1.0442853,0.19153164,26.206797,111.40815,16.392661
1948.6667,4.6338453,107.65667,0.0021605231,2.19091,3.4175843,0.85494691,0.94307202,0.27824059,23.67984,106.32941,16.545092
1948.75,4.8424611,107.38776,0.002099202,0.61429845,0.75405904,0.24687181,0.96386665,0.31542301,21.398289,99.451511,3.0815594
1948.8333,2.7421629,105.98078,0.0020682288,0.0040392746,0,0,0.99569237,0.30662537,19.336411,84.606797,0.089604095
1948.9167,2.4308225,104.38178,0.0019877614,4.9619888e-06,0,0,0.95139909,0.28784886,17.473368,88.889975,1.3315499
1949,1.0987497,102.49043,0.00051544374,-4.0373575e-08,0,0,0.74965918,0.27493143,15.757906,80.847524,0.13155848
1949.0833,0.7776799,99.964641,0.00061476772,-7.423683e-06,0,0,0.73726392,0.25472578,14.280177,78.852835,0.076479856
1949.1667,0.69011253,97.572133,0.00069772534,-7.3408621e-05,0,0,0.73935139,0.23921168,12.943291,76.974911,0.075878265
1949.25,0.6124886,95.555149,0.00078637054,0,0,0,0.73691839,0.22540519,11.691338,75.394203,0.075430447
1949.3333,0.54630678,93.386188,0.00088945508,0.016817389,0,0,0.73248637,0.21316646,10.561172,74.006888,0.074996784
1949.4167,0.4922066,96.32615,0.0010478626,1.0812578,0.66123117,0.14788114,0.68497777,0.20258828,9.5398197,195.41093,0.10868331
1949.5,0.95643714,105.21182,0.00082469458,3.5686661,5.0401072,0.88541805,0.71554053,0.19375856,8.6178713,167.21686,21.216998
1949.5833,2.0087848,106.70476,0.00071726338,3.2502527,4.696305,0.91461594,1.3598493,0.18360798,7.7719955,111.46531,15.426212
1949.6667,3.2450031,107.33102,0.00046956347,2.4367077,3.5978636,0.70898316,1.9686863,0.17275938,7.0215521,108.21776,16.934288
1949.75,4.0222467,107.54649,0.00033508634,0.90813414,1.3034617,0.27470648,1.9873366,0.16356924,6.3465819,102.64262,9.2723321
1949.8333,3.6072987,106.84737,0.00033433121,0.080724218,0.04564103,0.0086890355,1.6684337,0.15684982,5.738883,85.776352,0.46620017
1949.9167,2.565498,105.43792,0.00035361861,0.00082860641,0,0,1.5127773,0.14934024,5.1918664,84.294875,0.54250269
1950,2.4414221,104.05368,0.00036219935,0.05524552,0,0,1.4143088,0.14226569,4.6912994,81.79754,0.29979265
1950.0833,2.6743212,102.71519,0.00032697892,0.0050230265,0,0,1.2737596,0.13663207,4.2626863,81.260946,0.29116515
1950.1667,2.6585127,101.46347,0.00031972319,0.13846881,0,0,1.1397296,0.13176516,3.8760409,81.284579,0.40535001
1950.25,2.3827113,101.17311,0.00035191316,0.40321592,0,0,0.98669535,0.1270335,3.5131545,111.78073,0.54957122
1950.3333,2.1180804,104.62998,0.00039682715,0.98718673,0,0,0.87168586,0.12287589,3.1830916,159.95247,2.7922192
1950.4167,2.6509902,108.2026,0.00038462665,3.2534496,4.2190265,0.88905201,0.93289703,0.11858252,2.8832307,118.56781,25.515272
1950.5,4.8080357,109.18537,0.00032592379,4.8975763,7.0586634,1.5618013,2.0053029,0.12697186,2.6104603,114.25862,36.929261
1950.5833,6.390871,110.35506,0.00024984533,3.5646333,5.1916596,1.1112725,2.6009579,0.15055396,2.3567255,117.8206,39.351499
1950.6667,7.4816011,111.61084,0.00019019906,2.4875329,3.7276522,0.74817441,2.4956253,0.17203297,2.1297457,116.34165,37.800247
1950.75,7.9859011,112.45053,0.00016489426,1.0029371,1.5674138,0.29314452,2.0529065,0.18606238,1.9248078,113.02595,28.698382
1950.8333,7.5066392,113.21936,0.00016653996,0.14962649,0.021675772,0.0038943414,1.8278441,0.20219904,1.739592,112.05519,15.556291
1950.9167,6.1043464,113.48931,0.00018544812,0.0011991752,0,0,1.746716,0.22390705,1.5724065,114.12817,9.1506435
1951,4.5630499,113.45199,0.0002207877,2.1795988e-18,0,0,1.6968809,0.24076223,1.4191144,93.357043,7.5041827
1951.0833,3.6678857,112.25724,0.00021801372,0.014035095,0,0,1.6526238,0.22854881,1.2875247,91.978327,4.4477753
1951.1667,3.2375038,111.25691,0.00022533952,0.045637294,0,0,1.5927016,0.21203579,1.168772,88.220161,0.99850704
1951.25,2.162871,111.89657,0.00030585346,0.57664979,0,0,1.5513777,0.19531511,1.057531,137.04015,0.65901155
1951.3333,1.4907144,117.39645,0.00043572544,1.4904168,0,0,1.5178552,0.17921141,0.95665085,190.29878,4.0795498
1951.4167,3.6316435,121.64517,0.00025893387,5.1762038,7.052633,1.6415177,1.4099154,0.1643648,0.8650822,136.51256,62.173955
1951.5,8.1256544,122.85015,0.00017484782,4.4268107,6.1296731,1.501106,1.4507636,0.15356228,0.7823993,122.551,71.164817
1951.5833,12.817773,123.315,0.00011831969,3.2518912,4.5536041,1.1182482,1.5865322,0.14524134,0.70652527,118.13909,86.17497
1951.6667,17.068619,123.45651,8.5721877e-05,2.5287558,3.6968665,0.8596361,1.5565273,0.15463158,0.63913494,117.70188,80.692106
1951.75,18.761106,123.50594,6.4287407e-05,0.55432335,0.5674539,0.14481704,1.4651963,0.1789808,0.57829726,114.36622,41.756557
1951.8333,16.005451,123.32969,5.0320672e-05,0.043922737,0,0,1.3855888,0.18528545,0.52335274,110.69099,20.200593
1951.9167,10.962767,123.02119,6.2406281e-05,0.001549442,0,0,1.3429267,0.19143726,0.47392234,134.76091,18.779668
1952,6.7416192,125.04829,0.0021127677,4.5119606e-07,0,0,1.2927859,0.19226216,0.42854103,109.45708,6.3846606
1952.0833,2.3570019,124.08677,0.0021186003,0.029778223,0,0,1.2585529,0.1851487,0.38947225,98.564566,0.67677209
1952.1667,1.1822178,122.91422,0.0022952897,0.093783643,0,0,1.2039371,0.17573781,0.35406381,96.651168,0.03300146
1952.25,0.9474844,121.66358,0.0023705149,0.18046912,0,0,1.1451057,0.16673847,0.32078007,95.737187,0.03881604
1952.3333,0.83135942,121.85854,0.0024542096,0.54561037,0,0,1.0917615,0.16212514,0.29072478,145.22093,0.050067291
1952.4167,0.87130704,127.38237,0.0024720961,1.8583884,1.4518426,0.47028781,1.0344062,0.16107236,0.26356164,212.7828,5.3752605
1952.5,1.4164613,132.58177,0.0025724932,4.8930604,6.7806535,1.8501227,1.134122,0.17363144,0.23906927,144.0094,10.799287
1952.5833,1.9106851,133.95938,0.0025751428,3.4379078,4.7387713,1.2774515,1.4557978,0.17989983,0.2166069,138.31754,9.2680913
1952.6667,2.5400748,134.66342,0.0023888117,2.5609574,3.5507716,0.94071114,1.7803755,0.18165642,0.19662982,134.40495,12.927154
1952.75,2.3952483,135.11342,0.0023534568,1.0256445,1.3073576,0.3970266,1.8791625,0.18232177,0.17859483,125.51011,4.4188265
1952.8333,1.4281266,134.78987,0.0026010969,0.27468879,0.058666696,0.028667285,1.8246781,0.18822896,0.16233355,112.80726,0.19540326
1952.9167,1.2205725,133.82788,0.0023662969,0.0039907057,0,0,1.7485394,0.2037684,0.14771976,107.56491,0.15641373
1953,1.0230959,130.89034,0.00052761909,9.293731e-19,0,0,1.6769093,0.22167888,0.13432121,102.71822,0.10468373
1953.0833,0.96703786,126.7565,0.00044535764,-3.557187e-08,0,0,1.6236348,0.23388323,0.12283823,99.487825,1.0532887
1953.1667,1.0220676,123.45439,0.00042162644,-2.195404e-06,0,0,1.5831593,0.22392879,0.29910192,96.904073,2.666178
1953.25,1.2657674,121.74801,0.00036025487,-4.7659092e-05,0,0,1.5486652,0.21452987,0.82293457,95.482313,3.2779506
1953.3333,1.5731754,126.24553,0.0003436176,2.810123,1.0460623,0.22825853,1.5107299,0.20806174,1.275259,253.25872,10.793027
1953.4167,2.8798378,133.61408,0.00041692497,5.2594388,6.5936483,1.4852633,1.5570327,0.20754009,1.330584,142.25271,24.473273
1953.5,5.044065,135.31023,0.00027855116,5.3336997,6.5736827,1.5573307,1.7502304,0.20590839,1.2040459,138.81705,39.601968
1953.5833,7.2841821,136.39244,0.00020634122,3.5588343,4.5807456,1.0326029,2.8134658,0.20384495,1.0871873,134.38026,39.890337
1953.6667,8.8033462,137.05437,0.00016302081,2.5953196,3.390545,0.75262494,3.6115632,0.20071474,0.98303348,133.41464,38.022888
1953.75,9.9806385,137.55901,0.00012503324,1.0983277,1.2759882,0.33135159,4.0139894,0.19516738,0.88903308,133.54602,38.126723
1953.8333,10.535003,137.95732,6.6338747e-05,0.015265441,0,0,3.734339,0.18941897,0.80423665,128.68039,25.952295
1953.9167,10.130043,137.87177,7.0295857e-05,-9.0398102e-07,0,0,3.5195391,0.18325318,0.72768706,178.38333,22.477512
1954,10.865453,141.37957,6.6728688e-05,-1.1910329e-06,0,0,3.3139272,0.17738156,0.6591413,127.40727,46.369933
1954.0833,12.54127,140.56365,6.0374943e-05,-2.1389428e-05,0,0,3.1174238,0.17303234,0.60223365,124.26052,43.176692
1954.1667,12.602382,139.4048,6.0817532e-05,-0.00027601306,0,0,3.0188344,0.17023656,0.55161232,118.73633,23.484214
1954.25,11.588413,137.87499,6.7556517e-05,-0.00012680448,0,0,2.9892967,0.16937359,0.50494468,115.21065,11.95678
1954.3333,11.586952,138.11071,7.2903538e-05,2.0208688,0.75981911,0.11965866,2.9878368,0.17052628,0.46325475,168.33175,61.667611
1954.4167,16.312417,141.48533,9.3679788e-05,5.6539072,6.6467434,1.123449,2.6464698,0.16787748,0.42349297,146.19541,85.961439
1954.5,20.830086,142.35704,8.8556226e-05,4.7995946,5.557925,1.0092992,1.8005745,0.17000236,0.38364452,138.90954,99.828289
1954.5833,26.214102,143.14561,7.4037744e-05,3.9359353,4.7967172,0.8256643,0.94346893,0.17874767,0.34695125,140.42696,123.34493
1954.6667,31.740449,143.84411,5.9915939e-05,2.4811006,3.1041141,0.53373668,0.93429863,0.18574344,0.31438029,139.69762,133.63004
1954.75,37.539475,144.36528,3.5524667e-05,1.1808509,1.2544585,0.28028917,1.2160014,0.1919305,0.2849957,137.91866,146.03182
1954.8333,39.638162,144.46752,2.6743042e-05,0.11945865,0.072501598,0.020142628,1.3943566,0.19932097,0.26074308,133.52522,69.030654
1954.9167,36.57322,144.27392,3.2047024e-05,5.9052441e-19,0,0,1.3980343,0.20387292,0.24738692,140.76596,38.829628
1955,30.434521,144.401,3.5368779e-05,0.003405976,0,0,1.4108337,0.20816913,0.23871945,116.31788,23.085968
1955.0833,22.451747,143.13972,4.3053002e-05,0.0010939155,0,0,1.4504398,0.20954365,0.23407675,114.86856,23.504488
1955.1667,13.495803,141.34426,6.1250161e-05,-0.00027093201,0,0,1.4950017,0.21080604,0.22660239,115.79393,19.20509
1955.25,9.5615732,139.42516,8.0296253e-05,-0.00028506674,0,0,1.4808233,0.21053395,0.20683604,112.05504,9.70542
1955.3333,8.2804635,138.78351,9.425325e-05,0.93853222,0,0,1.4529055,0.206967,0.18801086,148.10691,10.632924
1955.4167,7.1002059,141.63795,0.00012004904,4.4030435,5.1338493,0.81102303,1.4391316,0.20175716,0.17083883,154.18034,31.105387
1955.5,7.8897141,142.59256,0.00019808799,4.7621907,5.5239942,0.94969569,1.2837911,0.19763407,0.15531595,136.25599,35.193107
1955.5833,9.6210362,142.91877,0.00017244589,4.066747,4.7587847,0.85136452,1.2008219,0.19390753,0.14109288,132.65259,41.014712
1955.6667,11.041341,143.12275,0.0001384233,2.6655063,3.1860756,0.58112646,1.2718751,0.19040108,0.12847643,133.54783,41.347413
1955.75,12.250193,143.42225,0.00011173562,0.94289297,0.99239367,0.18939163,1.3095536,0.18812214,0.11707394,134.46401,39.579693
1955.8333,12.667174,143.93507,6.7391382e-05,0.040236219,0,0,1.3092877,0.18672639,0.10674011,133.04241,26.418662
1955.9167,12.619823,144.36492,6.1378079e-05,0.0013147315,0,0,1.3023174,0.18520604,0.097402275,156.71737,25.484594
1956,12.507443,146.37876,6.2847088e-05,0.0038535597,0,0,1.2950088,0.18473713,0.088842832,127.28285,33.288027
1956.0833,13.211348,145.99913,6.0627885e-05,0.0084524395,0,0,1.2832437,0.18499641,0.081500888,126.38202,36.070672
1956.1667,14.296878,145.52939,5.7778972e-05,0.038103821,0,0,1.2694769,0.18474784,0.074869543,125.04937,45.664756
1956.25,13.858056,144.90944,5.8713646e-05,0.20415816,0,0,1.2690388,0.18361263,0.068640471,124.78853,22.071814
1956.3333,12.607445,145.79125,6.4314125e-05,0.9098827,0,0,1.2723489,0.18072514,0.06298127,163.84175,32.515642
1956.4167,14.756893,147.42197,5.683539e-05,2.8658638,2.5365929,0.664758,1.1546491,0.17730945,0.057856914,139.63338,87.799085
1956.5,19.647356,147.69423,7.6753095e-05,5.4993071,6.3040472,1.4795807,0.97134435,0.17843668,0.053228404,140.81198,109.13677
1956.5833,25.762161,147.59713,5.3053573e-05,3.4470645,4.0920864,0.96334335,1.1743,0.19043365,0.048984379,137.64203,128.38786
1956.6667,31.908914,147.21777,2.0627487e-05,2.6913519,3.2274549,0.76130585,1.434473,0.21363251,0.045219287,135.87533,137.51177
1956.75,36.643125,146.68946,1.7986442e-05,0.78167159,0.81231201,0.1934508,1.5485398,0.24402399,0.041826256,133.67831,133.9837
1956.8333,40.789779,146.41373,2.1925865e-05,0.0077076685,0,0,1.5265956,0.2802856,0.038768321,131.87144,153.18561
1956.9167,45.24485,146.13955,2.3731667e-05,0.00030898609,0,0,1.520656,0.31362092,0.036018047,137.15259,177.34045
1957,38.694825,145.11985,2.7190912e-05,0.057805496,0,0,1.5238177,0.34834322,0.033480827,114.63663,57.653185
1957.0833,35.027687,143.12503,2.977061e-05,0.048481481,0,0,1.500222,0.38081703,0.031287316,114.22959,35.781438
1957.1667,26.442545,140.71204,3.6531455e-05,0.067912078,0,0,1.5230914,0.41423234,0.029305574,113.08122,24.676826
1957.25,17.728582,139.63325,5.0125167e-05,0.42863777,0,0,1.5728418,0.46421939,0.027454069,119.97837,22.760467
1957.3333,15.439585,139.64802,5.697961e-05,1.0696164,0.057319381,0.024984204,1.57658,0.51781487,0.025785998,140.57675,27.0216
1957.4167,15.971305,140.20914,5.7180048e-05,3.8332111,4.148046,1.2117817,1.3091286,0.55451411,0.024266427,140.55143,73.033751
1957.5,21.584,140.74707,8.4428124e-05,5.3302507,6.2114519,1.8053909,0.86219919,0.57605022,0.022896735,138.56051,115.09489
1957.5833,24.706893,141.43315,4.1837171e-05,4.3329999,5.1270435,1.4845486,0.73783922,0.58808541,0.021678092,140.76645,86.45716
1957.6667,25.184711,141.49772,2.906324e-05,2.6286478,3.1811124,0.8887911,0.77236325,0.58889002,0.020666109,131.81389,89.563109
1957.75,25.050059,141.16688,2.8413813e-05,1.0650236,1.2947348,0.3544044,0.87429112,0.57679862,0.01985308,127.6956,86.483076
1957.8333,24.596101,140.66325,2.7867847e-05,0.14111717,0.079048419,0.017852012,1.0205694,0.54969752,0.019235659,124.65569,68.336948
1957.9167,25.998026,140.29184,2.6274174e-05,0.00084382074,0,0,0.99687845,0.51592147,0.018745212,133.23429,78.651929
1958,27.409546,139.18227,3.6248908e-05,0.013116957,0,0,0.97130513,0.48517898,0.018280862,113.14978,64.320519
1958.0833,27.194228,138.27662,4.8557533e-05,0.075697421,0,0,0.9446013,0.4602232,0.017754233,115.93299,55.746334
1958.1667,25.36989,137.50994,4.9552265e-05,0.30587415,0,0,0.94325334,0.4394508,0.017078169,115.90487,30.619119
1958.25,23.773046,137.17985,5.2544405e-05,0.67282776,0,0,0.94966775,0.42226309,0.016411588,125.71967,51.221118
1958.3333,22.867994,137.14682,5.4488246e-05,1.246334,0,0,0.95153069,0.40779296,0.015807891,131.34756,80.858686
1958.4167,23.399791,139.06561,5.5063148e-05,4.4367397,4.3686852,1.377662,0.9095645,0.3947829,0.015261861,160.91914,80.464045
1958.5,26.0102,140.67119,3.683356e-05,5.4875336,6.4280912,1.8805481,0.79730737,0.38537994,0.014784856,138.3707,94.45864
1958.5833,29.480891,140.3911,2.4145609e-05,4.1469778,4.9746388,1.3846447,0.74793887,0.38192973,0.014398094,128.49437,106.23524
1958.6667,33.376448,139.91113,2.2257596e-05,2.5198625,3.1333795,0.82531391,0.76435935,0.38523215,0.014183796,128.50855,111.91756
1958.75,36.128413,139.68897,2.080824e-05,0.59155669,0.65429577,0.16401924,0.8057549,0.39532381,0.014184626,140.58738,99.554565
1958.8333,38.536519,140.32793,1.980267e-05,0.03894672,0,0,0.81016141,0.40120628,0.014371537,127.53498,111.45387
1958.9167,42.014062,140.21759,1.8975006e-05,0.00056988157,0,0,0.80886567,0.39573726,0.014647388,134.94339,137.08764
1959,36.020987,139.19097,0.0018514126,0.00026255803,0,0,0.79283714,0.39722577,0.014956472,115.1902,22.629239
1959.0833,10.653014,138.13527,0.001798462,0.16368638,0,0,0.85580683,0.38307098,0.01496623,108.73037,0.073425087
1959.1667,2.1453705,135.79182,0.0018530072,0.02815918,0,0,0.8980639,0.35071594,0.014578238,106.59125,0.066437193
1959.25,1.8152695,133.90055,0.0014735017,0.26017884,0,0,0.87456882,0.31831267,0.014135246,117.20015,0.093923761
1959.3333,1.6551074,136.31672,0.00092049997,1.3471234,0,0,0.85111499,0.28904402,0.013735283,167.98464,4.0593382
1959.4167,1.4447417,138.9382,0.00071619626,4.0631132,4.3677167,1.3716197,0.75593364,0.26329482,0.013373819,155.65953,4.4319271
1959.5,1.1858982,141.68938,0.0013456685,4.8604391,5.5947073,1.6860591,0.5917598,0.23947768,0.013047589,155.45499,4.1186853
1959.5833,2.1551405,143.95306,0.00076715957,4.1614062,4.859347,1.413684,0.59702796,0.21806991,0.012748423,147.71931,20.045199
1959.6667,2.9069486,145.69758,0.00054373435,2.8293899,3.3256033,0.96701552,0.71488696,0.20057525,0.012482701,144.72951,11.726591
1959.75,3.2852755,146.90433,0.00043665955,0.99748989,1.0124658,0.34451851,0.87756473,0.1855728,0.01224268,135.24605,10.385143
1959.8333,3.3744953,147.04303,0.00025360321,0.034885283,0,0,0.93948525,0.17283773,0.012025732,121.25831,5.2981487
1959.9167,3.2638723,146.73062,0.00024415387,0.00069774848,0,0,0.93856907,0.16156265,0.011829856,143.17512,7.1600205
1960,3.7601038,148.00872,0.00020754947,0.00064202576,0,0,0.93335485,0.15153195,0.011650097,121.20142,15.98377
1960.0833,4.544456,147.6586,0.0001792023,0.051396306,0,0,0.92712754,0.14421062,0.011495319,125.57526,20.540336
1960.1667,5.5379048,147.13959,0.00015145759,0.0627166,0,0,0.92122579,0.13900362,0.011355275,119.84339,24.089072
1960.25,5.742108,146.21137,0.00014304891,0.16145663,0,0,0.92107892,0.13565177,0.011224113,117.76309,6.1996218
1960.3333,5.8210166,149.18388,0.00014681842,1.4996362,0.25977201,0.075526687,0.91927254,0.13353539,0.011105703,245.13389,25.232319
1960.4167,7.1450267,159.41231,0.00014243521,5.0380071,5.8771656,1.7798101,0.908997,0.13117497,0.010998691,211.16578,25.248594
1960.5,8.3305798,161.38047,0.00021751708,5.3564026,5.6911512,2.0111469,0.97141999,0.13030875,0.010902091,161.83116,33.760945
1960.5833,9.4938567,162.4188,0.00016758616,4.4793601,4.7295445,1.7125002,1.1428568,0.13157648,0.01081346,159.35184,32.764041
1960.6667,10.581133,162.8608,9.7172939e-05,2.8737215,3.1894687,1.106902,1.3594369,0.13320547,0.010734751,153.76793,36.080258
1960.75,11.457058,162.93325,6.6969034e-05,0.90457769,0.60802123,0.23836345,1.5307946,0.1351179,0.010663686,150.36847,33.078708
1960.8333,11.568839,162.68843,6.8122419e-05,0.050880829,0,0,1.5396497,0.13873714,0.010599456,139.00167,21.830895
1960.9167,11.432219,162.11595,6.7793364e-05,0.013895951,0,0,1.5362846,0.14294621,0.010541468,175.45943,27.02227
1961,12.410875,164.26612,5.8430425e-05,0.018800731,0,0,1.5252606,0.14834385,0.010488264,136.72765,42.13942
1961.0833,13.815732,163.0203,5.0333038e-05,0,0,0,1.5128475,0.15644167,0.010442456,135.41233,42.290903
1961.1667,13.193398,161.20842,5.0467206e-05,-0.00010440324,0,0,1.5155154,0.16613267,0.01040101,135.61886,34.116474
1961.25,12.359004,159.34873,5.5391989e-05,-0.00048083266,0,0,1.5208489,0.17660891,0.010362194,134.22007,33.212216
1961.3333,12.456222,158.82353,6.0673661e-05,1.5854563,0,0,1.5179113,0.18678002,0.010327154,225.58442,30.375845
1961.4167,13.511569,168.26759,8.9668982e-05,5.8425522,5.5744612,1.6303759,1.3593894,0.19261485,0.010299981,202.37107,50.696925
1961.5,16.170483,169.13532,8.7088025e-05,5.221191,5.2306397,1.6082354,1.0195574,0.19315858,0.010304321,158.63618,71.719982
1961.5833,18.446829,169.24652,7.1057359e-05,4.4763197,4.3619402,1.4435025,0.80872262,0.19393003,0.010368586,156.91836,66.430671
1961.6667,20.790821,169.17498,6.8716545e-05,2.7351779,2.73854,0.91491307,0.91957211,0.19544525,0.010530388,155.03347,72.494643
1961.75,23.141677,169.07522,5.9158479e-05,0.99627619,0.69323624,0.2639568,1.1060878,0.19850402,0.010829163,155.0997,67.78504
1961.8333,23.678578,169.03418,4.6926067e-05,0.069405061,0,0,1.114208,0.2054451,0.011280848,153.47873,50.194717
1961.9167,23.126956,168.99392,4.4732551e-05,0.00039258033,0,0,1.1017939,0.20590287,0.011791123,219.94288,55.175404
1962,21.722876,173.41354,4.7152105e-05,-3.5279077e-07,0,0,1.0775582,0.20873421,0.012199133,149.38479,61.73267
1962.0833,21.184577,171.86685,4.8744536e-05,-1.038521e-05,0,0,1.0528966,0.21099079,0.012392109,148.52967,59.339062
1962.1667,21.227732,170.34484,4.9490562e-05,-0.00027841907,0,0,1.0271304,0.21238674,0.012349622,147.34599,61.019931
1962.25,21.327484,168.76839,4.930322e-05,-9.8804958e-05,0,0,1.0010692,0.21188189,0.01215756,145.98963,51.335642
1962.3333,20.48976,167.67617,5.3658037e-05,1.2781453,0,0,0.97648877,0.21040839,0.011957005,161.53913,46.556431
1962.4167,21.851353,169.00618,6.7624707e-05,6.371369,4.4332659,0.96371691,0.93368089,0.21407866,0.011771246,168.38329,96.572846
1962.5,26.54591,169.82035,4.5077846e-05,6.3862496,5.9258922,1.3448209,0.83033705,0.22475663,0.011613311,160.7482,112.56419
1962.5833,32.01915,170.19112,2.726461e-05,4.8645112,4.6230648,1.0545493,0.86800337,0.24352506,0.011521148,159.58233,138.20105
1962.6667,39.006677,170.4891,2.3143397e-05,3.0434955,2.9594618,0.67490661,1.0791337,0.27180636,0.011539347,159.7437,175.84536
1962.75,47.46642,170.73588,1.8868699e-05,1.2249892,1.0382876,0.29347154,1.3662153,0.31011957,0.011717914,157.8332,188.36762
1962.8333,52.692413,170.60658,2.058117e-05,0.031353748,0,0,1.4353161,0.36827159,0.012092742,156.583,156.69704
1962.9167,55.566091,169.66833,1.9844316e-05,0,0,0,1.3911016,0.42438713,0.012642063,181.503,169.81307
1963,46.263751,170.13757,2.4054176e-05,-2.4801622e-06,0,0,1.3578087,0.46319264,0.013252613,143.02219,65.454018
1963.0833,41.618995,168.40611,2.6476486e-05,-2.5205099e-05,0,0,1.2852886,0.48700359,0.013743048,146.21213,53.334729
1963.1667,34.650721,166.78426,3.081996e-05,-0.00013023842,0,0,1.2504463,0.49450979,0.013941466,144.87074,54.797649
1963.25,28.945142,165.05525,3.6278125e-05,-0.00082137709,0,0,1.2601846,0.49074984,0.013735307,142.58209,53.321736
1963.3333,24.536129,163.06011,4.3223874e-05,0.22713796,0.027275513,0.0033717629,1.2872691,0.48889568,0.013383107,142.04179,25.300958
1963.4167,23.738988,162.84518,4.7176363e-05,4.285697,3.8140931,0.43906448,1.1986613,0.47971827,0.01307541,158.46614,82.245189
1963.5,27.697295,163.73096,5.0627503e-05,5.963941,5.0540172,0.67483478,1.1047566,0.47126585,0.012814511,163.05644,117.145
1963.5833,32.908209,164.5443,2.2469258e-05,4.3811383,3.835764,0.51935106,1.7699358,0.46251258,0.01262073,161.25841,128.96799
1963.6667,38.629536,165.25926,1.8731937e-05,3.5042109,3.1049346,0.42988458,3.0218835,0.45707989,0.012596474,156.16205,154.62835
1963.75,44.95867,165.15976,1.6165692e-05,0.94969769,0.69982816,0.10022993,4.0750833,0.45443603,0.012774328,146.17995,151.63699
1963.8333,44.929489,163.97601,1.8800638e-05,0.0011332589,0,0,4.2114739,0.45174187,0.013215767,140.06499,51.750257
1963.9167,39.975815,162.02514,2.0835994e-05,-1.3742187e-06,0,0,4.3026094,0.44291696,0.013929596,149.12055,61.517627
1964,33.356246,159.12014,2.4537867e-05,-1.7075786e-09,0,0,4.4205618,0.43021014,0.014656009,128.15875,39.58089
1964.0833,26.860109,156.70688,2.9179771e-05,-4.5829459e-05,0,0,4.4971042,0.4099347,0.015115803,126.31301,45.345282
1964.1667,24.876317,153.4967,3.1408148e-05,-0.00068717894,0,0,4.4761825,0.38627163,0.015264921,123.80851,51.086304
1964.25,23.472449,150.63007,3.3389086e-05,-0.0012902098,0,0,4.4418411,0.36452371,0.015245757,122.5389,41.059174
1964.3333,21.158366,148.09977,3.8152022e-05,-0.00042885285,0,0,4.413404,0.34711584,0.015299289,119.86918,13.381739
1964.4167,19.181853,148.74959,4.4375876e-05,3.4290693,2.5226905,0.18429059,4.1811056,0.33712873,0.015389016,198.42581,70.334445
1964.5,25.942285,152.49981,3.1035772e-05,6.315841,4.8223092,0.42070215,3.2962577,0.33661023,0.015341072,156.02044,202.1883
1964.5833,28.905958,152.4386,2.2821963e-05,5.0045466,3.8675578,0.35832502,2.5756235,0.35027444,0.01509401,136.64995,157.9429
1964.6667,28.274432,152.13983,2.360183e-05,3.1230541,2.4723807,0.23543056,2.4137003,0.35827586,0.014680528,138.63182,134.23002
1964.75,32.845084,151.8369,2.0794212e-05,1.4655911,1.1163928,0.12218038,2.8878984,0.36683175,0.014233969,136.21429,95.580256
1964.8333,32.413922,151.20588,2.3843319e-05,0.052320033,0.00353342,0.0014618135,3.1551116,0.37520534,0.014516479,132.73724,81.789613
1964.9167,32.29649,149.88205,2.3372526e-05,-6.1169398e-07,0,0,3.139672,0.38908985,0.015654489,157.42993,124.09727
1965,35.880867,150.16919,2.2540133e-05,-4.2873945e-11,0,0,3.0494571,0.40957952,0.016636575,126.11226,156.66364
1965.0833,41.952103,144.80442,2.0235319e-05,-2.9441821e-09,0,0,2.7104425,0.40871853,0.032761078,121.90213,223.90527
1965.1667,42.665735,142.32337,2.0074016e-05,-0.00031944045,0,0,2.6722093,0.38883182,0.060555015,120.11143,46.941098
1965.25,38.602743,140.42318,2.2510734e-05,-0.0015752945,0,0,2.7934287,0.3649627,0.057937451,117.76851,54.51381
1965.3333,35.875369,138.3253,2.4316276e-05,-0.0011182439,0,0,2.8901551,0.34161955,0.053375661,113.39984,52.094432
1965.4167,32.65271,138.0109,2.5690328e-05,1.9964751,1.4266028,0.088249772,2.8521061,0.31981713,0.049177259,167.28894,114.1866
1965.5,51.811296,140.41834,1.5393325e-05,5.8736725,4.3202404,0.29678109,2.6480381,0.3291612,0.045442928,141.67812,450.63897
1965.5833,79.458684,141.21361,1.194361e-05,4.3469964,3.2485156,0.22491328,3.2989368,0.53988081,0.042021833,140.87984,485.48207
1965.6667,108.38042,141.68631,1.0526853e-05,2.750595,2.1196961,0.1461334,4.2127018,0.82330626,0.038985103,137.33788,552.78095
1965.75,124.80742,141.70611,9.3945719e-06,0.86824963,0.50616407,0.054221832,4.7288208,1.124898,0.036346659,127.53941,302.0234
1965.8333,128.30427,140.64099,9.2819864e-06,0.092973389,0,0,5.2171521,1.1213664,0.034316987,119.34164,277.45946
1965.9167,118.27946,138.89521,1.0460267e-05,-1.6204544e-11,0,0,6.0999694,1.0436375,0.032843355,129.00649,99.961419
1966,105.12091,137.66357,1.1710529e-05,-1.010077e-11,0,0,7.124651,0.99306256,0.031695072,109.05152,52.255782
1966.0833,92.200041,135.26446,1.3096247e-05,-2.4153362e-05,0,0,7.7576385,0.95507348,0.030704441,107.85673,33.139261
1966.1667,80.782451,132.89742,1.467629e-05,-0.0003292468,0,0,8.2336712,0.94935876,0.029731805,105.98945,38.965236
1966.25,70.897222,130.44353,1.6381813e-05,-0.00056810099,0,0,8.6087198,0.97987872,0.028681768,103.41147,31.092173
1966.3333,61.322317,127.96316,1.8546176e-05,-0.0018094912,0,0,8.6204796,1.0493178,0.027492639,101.7705,17.452181
1966.4167,54.071654,126.28619,2.1022037e-05,1.5523098,0.90012332,0.044586162,8.16716,1.4114993,0.026070939,130.85688,121.16952
1966.5,84.679559,128.16215,1.4507663e-05,5.8058042,4.1607355,0.22339701,9.6468563,2.5595679,0.024620263,132.58178,775.19124
1966.5833,134.32121,127.92656,9.3092167e-06,4.9231634,3.6060863,0.21647749,11.297112,3.7841909,0.02329053,118.06632,801.95508
1966.6667,166.45925,127.29301,7.5308399e-06,3.1491419,2.3791755,0.15448208,11.917109,4.9096222,0.02214884,111.35032,546.34154
1966.75,168.18638,126.10558,7.22204e-06,0.82757578,0.64658139,0.041998051,11.704921,5.9208851,0.021313639,104.58624,203.43986
1966.8333,151.7033,124.6241,7.823769e-06,0.076493124,0,0,11.668788,6.1449714,0.022930747,102.60379,105.20171
1966.9167,135.94836,123.17786,8.6541231e-06,0.0034361655,0,0,11.838195,6.2494054,0.026855752,118.02806,111.13661
1967,105.62149,118.15339,1.1114685e-05,0.0017843705,0,0,13.423883,6.6612663,0.033106044,93.931597,45.769589
1967.0833,88.769533,115.36958,1.4378202e-05,-1.3197479e-05,0,0,14.659181,7.1381078,0.042212773,92.965497,10.046292
1967.1667,76.534696,113.19254,1.6216085e-05,-0.00025496901,0,0,15.081139,7.4345927,0.053581245,90.060811,34.811122
1967.25,64.800128,110.58374,1.8613538e-05,-0.00054847445,0,0,15.234401,7.8059187,0.067004547,88.354803,0.20613829
1967.3333,47.959685,107.61778,2.419251e-05,0.63335407,0,0,16.551901,8.3205709,0.083219133,92.078188,20.528339
1967.4167,58.175251,107.39315,2.080448e-05,4.8669687,3.6552727,0.1934276,17.947802,8.8979073,0.11097375,111.3915,595.60947
1967.5,109.87641,107.33478,1.0680123e-05,5.0148731,4.212608,0.2507468,23.227932,9.6916628,0.29401317,96.232074,797.98814
1967.5833,151.79749,106.30795,7.8224657e-06,4.2951509,3.7116046,0.2347026,26.877567,10.593917,0.52530891,90.759202,689.2
1967.6667,173.04409,105.26727,6.7384221e-06,3.027777,2.6074756,0.17890762,28.822079,11.56763,0.7440539,89.947344,463.40676
1967.75,168.16856,104.26921,6.613684e-06,0.91612946,0.75838095,0.058415122,29.599226,12.676667,0.9590019,89.72616,135.47224
1967.8333,145.82075,103.01842,7.7077584e-06,0.023149503,0,0,30.677534,13.984808,1.17444,85.380947,12.393788
1967.9167,123.88282,101.30286,9.5518608e-06,-6.7531176e-09,0,0,32.206158,15.511203,1.3934882,97.955582,22.533264
1968,102.84749,96.156716,1.1351361e-05,-5.7644003e-10,0,0,33.670029,17.428944,1.6614701,77.04443,12.449489
1968.0833,88.430591,94.25424,1.281679e-05,-7.1733191e-07,0,0,34.564358,19.667461,1.9613839,74.60268,17.74223
1968.1667,75.014621,88.969879,1.4647835e-05,-7.5351633e-06,0,0,35.199463,22.243057,2.2944734,70.332078,9.9225985
1968.25,63.01742,85.860141,1.687053e-05,-0.00015182605,0,0,35.750713,25.33382,2.70102,67.846374,0.39180795
1968.3333,51.812764,80.346026,2.0243613e-05,0.082768822,0,0,35.861679,28.745319,3.1613634,63.978501,0.3910024
1968.4167,53.00973,82.330227,2.0370388e-05,4.1393748,2.7286659,0.11180552,36.331955,32.471722,3.6526151,139.97599,390.91185
1968.5,96.72799,83.814628,1.0466778e-05,4.9495606,4.2209262,0.20541492,50.819477,36.456982,4.1211119,76.680019,801.08124
1968.5833,138.9395,83.309114,7.7155546e-06,3.7714405,3.34841,0.17693552,61.879124,40.796604,4.5879698,76.449164,663.00397
1968.6667,166.36394,82.758427,6.5468025e-06,2.7244253,2.585141,0.14272794,67.127426,45.400826,5.0494823,76.287814,521.41384
1968.75,164.44315,82.255766,6.4504106e-06,0.64308855,0.44061111,0.041868982,67.169098,50.027405,5.4950356,72.87014,182.94764
1968.8333,148.61692,81.323467,6.9295002e-06,0.043147793,0,0,65.983475,54.766293,5.9443583,66.985471,51.944812
1968.9167,127.18992,80.099031,7.9578513e-06,0.00043595196,0,0,67.370316,60.014366,6.4283538,82.578685,21.251982
1969,109.5699,80.034204,9.3544531e-06,-3.5393816e-08,0,0,68.344978,66.345848,6.9827647,66.092896,37.274591
1969.0833,95.43813,78.44995,1.1876355e-05,-3.5524096e-07,0,0,68.976326,72.998413,7.543448,64.268477,20.912924
1969.1667,81.286691,74.147634,1.3819755e-05,-0.00038829125,0,0,70.271126,80.423172,8.2126942,60.634323,31.478348
1969.25,70.313245,72.577901,1.5561367e-05,-0.00017318922,0,0,70.086227,88.915298,9.0094366,58.730984,10.837409
1969.3333,62.918603,69.72938,1.7901257e-05,2.435038,0.84553714,0.029430921,71.020119,98.156662,9.9040909,98.625207,277.31636
1969.4167,106.60278,71.087532,9.6071008e-06,4.9072294,4.6430012,0.17845757,87.703583,107.98848,10.871986,67.040881,1015.8888
1969.5,180.01036,70.731938,6.1537821e-06,4.7346618,4.6479695,0.19796109,111.55436,117.43219,11.26436,65.956237,1124.6815
1969.5833,221.66502,70.374072,5.1140219e-06,3.2951672,3.3864327,0.16838492,124.56647,126.60435,11.585164,65.379884,744.45189
1969.6667,239.81124,70.025332,4.6647665e-06,2.5327195,2.6325351,0.14583895,131.28761,135.84074,12.109441,64.991461,567.77297
1969.75,232.429,69.65702,4.6051628e-06,1.0635265,1.1276174,0.06646989,130.68109,144.87363,12.886682,63.814491,259.61264
1969.8333,209.74386,68.844184,4.9139576e-06,0.043206713,0.0093370655,0.0015048011,127.66155,154.32993,13.993854,54.732674,75.000059
1969.9167,178.12243,67.388587,5.7540415e-06,0,0,0,130.90919,164.93568,15.500497,54.89313,16.753291
1970,150.77677,66.038527,5.3655946e-05,0,0,0,128.7821,177.23091,17.818155,52.414351,2.2853107
1970.0833,127.67152,64.512879,8.737723e-06,0,0,0,121.57837,188.05292,20.932741,50.499153,0.074788114
1970.1667,107.80922,63.003033,1.0124641e-05,0,0,0,114.75661,198.13254,24.003538,49.26728,0.0026627884
1970.25,89.571536,61.109077,1.1885042e-05,-7.7489421e-06,0,0,107.6655,207.58121,26.811556,47.778066,0.0016977043
1970.3333,73.789284,58.109827,1.4582861e-05,0.6894076,0.12101685,0.0026478072,99.422607,216.59634,29.381935,78.210743,41.259841
1970.4167,91.362499,61.619662,1.1691865e-05,4.2852697,4.859521,0.14870178,99.129845,225.23654,31.578634,85.991997,795.60996
1970.5,152.0676,61.569545,6.7927172e-06,4.0826205,4.4555143,0.164356,119.68233,234.17851,33.182552,61.103715,953.84131
1970.5833,184.72216,61.33505,5.5490714e-06,3.2893127,3.605228,0.15163176,126.93631,243.22269,34.679646,59.378212,724.78019
1970.6667,199.49351,61.111808,5.09149e-06,2.1361584,2.463076,0.11821247,124.33728,248.85036,35.579197,57.597173,418.10544
1970.75,183.1578,60.669359,5.3612712e-06,0.41556063,0.4144734,0.027744489,117.03415,253.4341,36.148582,51.08275,37.386395
1970.8333,155.4994,59.578914,6.1554474e-06,0.024147875,0,0,107.56892,257.31705,36.431709,46.848596,0.10481267
1970.9167,131.09502,58.167692,7.0865281e-06,-4.882415e-11,0,0,98.929443,260.79611,36.447262,46.877264,0.19197689
1971,109.65068,56.915436,7.7638897e-06,-1.0819932e-06,0,0,90.182457,263.93478,36.196518,44.763492,0.050645043
1971.0833,89.237377,54.243937,1.0351295e-05,-6.2602106e-05,0,0,83.103508,266.36917,35.710976,42.66293,0.029173299
1971.1667,75.070433,52.424923,1.1709952e-05,-1.2290891e-05,0,0,75.265373,268.72714,35.016541,41.232231,0.03547702
1971.25,58.093153,49.89351,1.4278638e-05,-6.0815564e-05,0,0,69.39817,270.50995,34.053192,39.103103,0.25202459
1971.3333,43.430362,47.288459,1.8577159e-05,0.068012672,0,0,64.403412,272.17471,33.069565,41.975059,0.47083647
1971.4167,38.509794,49.110495,2.3208086e-05,3.6229227,3.0228728,0.091196132,65.227676,273.68143,32.260872,102.35256,302.73019
1971.5,68.783477,49.886275,1.09598e-05,3.4446258,3.5374556,0.12755012,90.086067,274.43188,33.214062,55.199089,498.2163
1971.5833,95.511444,49.903311,8.8089919e-06,2.7132699,2.8491191,0.13024533,108.40278,273.09293,35.540657,48.435098,451.61791
1971.6667,110.87535,49.788516,7.6995666e-06,1.9530288,2.1788308,0.11384788,109.45096,270.80396,38.181572,48.394214,298.0676
1971.75,105.16828,49.654491,7.6798797e-06,0.64121694,0.73072497,0.0159452,100.14994,268.03366,40.156952,46.766899,46.332698
1971.8333,89.813717,49.156923,8.607145e-06,0.10078588,0.016452789,4.1336665e-06,89.82991,264.87659,41.611095,40.704537,1.3346373
1971.9167,65.16888,48.441559,1.1929576e-05,0.0013154265,0,0,85.10862,261.37589,42.699306,47.885224,2.2013911
1972,41.793942,48.382442,2.0802914e-05,0.00011861016,0,0,81.287033,257.48978,43.534187,39.473726,3.4569726
1972.0833,36.200568,47.511458,2.280208e-05,8.258364e-05,0,0,72.24556,253.54204,44.094032,38.717102,1.7744931
1972.1667,30.157704,46.201754,2.5295669e-05,-1.5527967e-05,0,0,65.649429,249.82545,44.387127,37.699206,2.6904859
1972.25,24.522934,44.416524,2.9735565e-05,-1.9852477e-05,0,0,59.757175,246.07378,44.211704,36.241551,1.5440211
1972.3333,19.093238,45.030244,3.795098e-05,1.3308394,0,0,56.888374,242.45053,42.987988,99.59443,41.103478
1972.4167,27.549641,48.183963,3.7220041e-05,3.5926334,3.6097504,0.19152759,69.168083,239.08099,41.648052,55.125424,276.24281
1972.5,51.559947,48.188411,1.3582247e-05,3.6293814,4.0374098,0.28941286,101.07433,237.76311,41.259525,49.216208,350.45047
1972.5833,67.643143,48.123378,1.1713742e-05,2.8346566,3.3153648,0.26327329,124.97881,235.8716,41.233337,46.825502,273.3188
1972.6667,74.036263,48.041817,1.1425001e-05,1.7656549,2.2139689,0.18667695,134.12695,233.0547,41.16243,46.738263,191.09185
1972.75,74.446537,47.953799,1.1810716e-05,0.73694586,0.88972255,0.059186019,130.61188,229.15953,41.067413,46.27421,126.23284
1972.8333,70.838548,47.697455,1.1969662e-05,0.087604343,0.080265148,5.5747614e-06,110.71497,225.4903,41.014435,42.654866,49.343228
1972.9167,60.678903,47.344737,1.3162223e-05,0.00065570681,0,0,99.576454,221.84682,40.965294,69.51821,1.4899387
1973,51.141273,49.182758,4.9185161e-05,0.00042107696,0,0,88.504921,217.98627,40.881458,43.708475,5.7947562
1973.0833,44.202223,48.754621,2.4939236e-05,0.0057760706,0,0,78.279808,215.26665,40.742615,43.362182,22.675036
1973.1667,40.06584,48.292812,2.7735312e-05,0.042149294,0,0,67.536942,215.72154,40.496685,42.982116,48.745182
1973.25,38.121454,47.777526,2.8655266e-05,0.16392422,0,0,56.617424,215.7688,40.161621,42.316878,48.244797
1973.3333,32.773435,47.409639,3.229408e-05,0.54624902,0,0,48.827309,214.90497,39.77824,47.8478,35.129781
1973.4167,42.570811,48.154432,2.4692927e-05,3.2423686,4.3809941,0.49788789,44.858376,213.14481,39.382835,59.814797,446.47168
1973.5,80.361024,48.523653,1.1577506e-05,3.4796554,4.5404578,0.68402653,58.32634,211.26079,40.299362,50.977112,581.08044
1973.5833,108.28396,48.697967,9.1079928e-06,2.4884769,3.3583074,0.49797882,67.097198,207.62317,40.530479,49.63262,411.93694
1973.6667,117.87298,48.755754,8.4126286e-06,1.9051526,2.6209767,0.39405463,65.866394,202.50667,40.221844,48.345016,326.53297
1973.75,113.12206,48.638403,8.4013209e-06,0.53602364,0.63739996,0.056761957,59.972836,196.86398,39.952503,45.344834,93.445582
1973.8333,102.57087,48.193347,8.9131154e-06,0.044780843,0,0,53.222038,190.86453,39.742081,40.786903,66.712342
1973.9167,88.731788,47.599521,1.0075214e-05,0.00016377004,0,0,48.708904,184.52545,39.620731,52.547484,9.5289648
1974,75.967431,47.985233,1.1169813e-05,0.00024088152,0,0,44.10133,177.75246,39.603737,39.27818,34.428221
1974.0833,68.781815,47.308598,1.1941213e-05,0.002273752,0,0,39.562565,171.03583,39.695435,38.401361,53.150643
1974.1667,60.724556,46.560064,1.2937895e-05,0.04922234,0,0,35.26952,164.05707,39.859795,36.890723,12.472913
1974.25,52.932184,45.775987,1.4134253e-05,0.1612908,0,0,31.070654,156.5583,39.990017,38.191198,13.791867
1974.3333,43.651477,45.445416,1.9665413e-05,0.48128219,0,0,27.954811,148.75923,40.05373,44.698121,31.358796
1974.4167,46.626419,45.246858,1.912355e-05,2.6573757,3.8959652,0.68635064,27.811043,140.64503,39.994167,43.459106,419.96497
1974.5,85.33372,45.3871,9.9079598e-06,3.1501407,4.6867845,0.89733901,35.559216,131.50044,38.922207,48.621544,594.25234
1974.5833,115.37683,45.489579,7.7750174e-06,2.6963991,4.0045024,0.76290784,38.694714,121.43172,37.106354,42.98852,513.48931
1974.6667,129.27358,45.168985,6.9749744e-06,1.8725864,2.8869592,0.54980003,38.213047,111.74781,35.525314,40.609196,376.04099
1974.75,122.96954,44.768095,6.9587923e-06,0.48295398,0.62651117,0.13227162,35.844006,102.33582,34.163677,38.209922,79.156872
1974.8333,98.607384,44.1752,8.5110205e-06,0.0037064119,0,0,34.944088,93.341782,33.007011,36.448661,7.1328879
1974.9167,84.534682,43.511987,1.0888195e-05,0,0,0,33.580261,85.24501,32.04459,47.131146,13.277498
1975,72.849102,43.610804,1.2040243e-05,-5.6050201e-10,0,0,31.901098,77.956566,31.25127,35.971402,22.777635
1975.0833,63.038506,42.796396,1.397802e-05,-1.522483e-06,0,0,30.654062,71.768738,30.66407,34.614793,0.48383391
1975.1667,53.401235,41.939929,1.6135706e-05,-1.7666911e-05,0,0,29.256548,66.278931,30.172476,33.899347,0.64747832
1975.25,44.762213,40.990569,1.8711269e-05,-0.00011366492,0,0,27.339314,61.291077,29.701267,33.134755,7.7309904
1975.3333,37.063953,39.915577,2.2344133e-05,-0.00014466503,0,0,25.367382,56.870731,29.276167,31.290513,0.0091532258
1975.4167,37.388105,41.960772,2.3405779e-05,2.3893734,4.0251365,0.43365299,24.542278,52.994831,28.847755,94.231363,288.42101
1975.5,70.511982,43.443348,1.1403811e-05,3.2080471,4.9200042,0.61412264,32.888283,49.340511,28.388336,41.377702,641.9696
1975.5833,112.2583,43.303285,7.9001702e-06,2.7139483,4.3626158,0.54130775,40.98584,45.594978,27.929747,41.040996,629.69877
1975.6667,132.45134,43.208811,6.7995556e-06,1.5532942,2.6479933,0.34012565,42.746967,43.22364,27.543177,41.857692,323.97541
1975.75,126.85761,43.098625,6.6972534e-06,0.55544365,0.81202447,0.14740542,40.805935,41.570316,27.223009,39.137971,82.99766
1975.8333,110.24916,42.538255,8.2263814e-06,0.0012080648,0,0,38.938065,40.487083,26.968857,34.168912,20.304318
1975.9167,94.950758,41.710697,9.6596841e-06,0,0,0,37.829582,39.843075,26.867714,36.34943,12.224173
1976,80.885485,41.08068,1.0102242e-05,0,0,0,36.64175,39.660275,26.896509,32.713386,3.1497216
1976.0833,69.533825,40.255226,1.1388083e-05,-5.1061909e-08,0,0,35.504047,39.976948,27.03754,32.047069,7.6066505
1976.1667,60.382932,39.443739,1.281769e-05,-1.4117764e-05,0,0,34.12191,40.67025,27.29855,31.396861,14.697289
1976.25,52.62151,38.609043,1.4492281e-05,-0.00027823153,0,0,32.486214,41.779522,27.619196,30.424795,9.6662205
1976.3333,45.325339,37.979599,1.7483484e-05,0.55730453,0,0,31.193935,43.336407,27.962643,43.591598,63.062146
1976.4167,62.775187,38.851772,1.263309e-05,2.7771806,4.9852474,0.35198188,38.101326,44.230644,28.33082,41.310094,585.53206
1976.5,107.15524,38.753033,7.6352799e-06,2.847584,5.1297607,0.38344644,53.869957,43.531841,28.687016,36.900992,732.81682
1976.5833,141.12002,38.653079,6.2030613e-06,2.2601283,4.1901991,0.31162593,65.452553,41.543434,29.088696,36.962459,557.29464
1976.6667,154.49078,38.553875,5.7381467e-06,1.564842,2.9616072,0.2205759,70.677902,42.268948,29.644438,36.64991,353.54556
1976.75,146.1554,38.405795,5.6050476e-06,0.56615717,1.0531117,0.089306166,67.880074,44.92461,30.386194,34.66792,80.360129
1976.8333,124.64982,37.856378,6.3141451e-06,0.0039369338,0,0,66.306854,48.377178,31.284662,29.669244,0.044842188
1976.9167,105.00985,37.057992,8.2686756e-06,0,0,0,65.671913,52.576824,32.423538,29.417045,0.026190528
1977,88.071942,36.180962,9.4010102e-06,-1.8207775e-07,0,0,64.661476,57.8339,33.887825,28.361821,0.1795034
1977.0833,73.675111,34.864187,1.1535624e-05,-4.3256111e-06,0,0,63.274387,63.810341,35.662361,27.321423,0.66230722
1977.1667,59.416939,32.251161,1.3869199e-05,-1.8473245e-07,0,0,61.544552,71.106377,38.058105,25.248146,0.50417276
1977.25,47.022432,29.336797,1.6818571e-05,0,0,0,59.601376,79.597603,41.617752,22.94463,0.14243375
1977.3333,37.381966,26.903942,2.139856e-05,0.23950212,0.12986645,0.0039806064,56.324997,89.64994,46.452602,38.815189,4.1464787
1977.4167,41.989636,30.535297,1.9463372e-05,2.3857904,5.0907955,0.18377343,60.594296,103.24291,52.19677,70.285176,372.63127
1977.5,80.74861,30.831693,9.6246031e-06,2.5197112,5.3928541,0.21740951,92.372742,119.51225,58.647118,29.631396,637.90603
1977.5833,113.84972,30.697402,7.4950362e-06,2.0587999,4.580834,0.18941243,121.71391,136.36404,65.881943,29.358164,529.96231
1977.6667,131.25816,30.539796,6.8486293e-06,1.3283335,3.1010219,0.12884627,139.83774,150.28598,73.697632,29.456465,322.48726
1977.75,124.82236,30.399555,6.9352272e-06,0.35134856,0.82630307,0.037104185,141.01878,161.19421,82.36792,26.642725,59.890255
1977.8333,106.62692,29.838389,8.646246e-06,0.00082806077,0,0,138.2164,173.41716,91.875252,23.334069,0.027838482
1977.9167,90.224929,29.110473,1.0534577e-05,-2.7879787e-11,0,0,135.84398,187.66614,102.18462,22.833176,0.066689511
1978,76.344177,28.414823,1.251326e-05,-2.74438e-07,0,0,132.31285,204.94057,113.42729,22.221531,0.1049905
1978.0833,65.212741,27.761957,1.4074036e-05,-1.0783576e-06,0,0,128.77339,221.90526,124.81092,21.707793,0.12292254
1978.1667,55.741075,27.116448,1.5941798e-05,0,0,0,124.7397,239.34756,136.85458,21.201444,0.25177119
1978.25,47.282226,26.421716,1.8477611e-05,0,0,0,120.18764,257.86438,149.95512,20.651922,0.00024774071
1978.3333,40.370353,25.845161,2.1986605e-05,0.47980885,1.1847366,0.030442187,114.1089,278.55063,163.57281,31.117928,40.997483
1978.4167,52.003596,26.40534,1.6143471e-05,2.0284777,5.1305695,0.18150781,138.71786,303.75931,176.77235,27.802047,398.29977
1978.5,83.137453,26.349027,9.8584824e-06,2.1812546,5.4879768,0.23428685,190.11014,329.25391,189.17169,25.616744,565.82048
1978.5833,111.82367,26.289787,7.5921839e-06,1.7841673,4.6291526,0.21300936,228.58127,355.31866,201.03508,25.559103,461.12585
1978.6667,123.0857,26.226385,7.0613069e-06,1.2012821,3.2175663,0.13583622,248.10945,381.27411,212.09138,25.491627,290.61405
1978.75,115.91525,26.074627,7.1599243e-06,0.25028656,0.57051228,0.033684161,240.42751,407.70255,222.66023,22.351375,38.408937
1978.8333,98.397829,25.633637,8.1982507e-06,0.022127004,0,0,226.16756,434.72845,232.85313,20.027137,0
1978.9167,83.20573,25.174111,9.4052493e-06,0.00066322105,0,0,215.50966,462.41415,242.74872,19.666286,0
1979,69.871768,24.71194,4.605245e-05,0.00022995706,0,0,200.24724,490.88467,252.57886,19.305779,0
1979.0833,59.071247,24.236307,1.3176641e-05,4.0334512e-19,0,0,181.77184,516.15179,261.51361,18.935368,0
1979.1667,49.64507,23.650285,1.4739054e-05,0.031993559,0,0,162.9288,538.91827,269.7912,18.483633,7.3934363e-08
1979.25,41.333657,22.935256,2.1750313e-05,0.059328892,0,0,143.7789,560.0733,277.72171,17.955416,1.9632997e-07
1979.3333,34.26943,22.36077,2.7256881e-05,0.19531837,0,0,125.9964,578.92004,285.05231,25.661253,0.18022105
1979.4167,31.597067,24.883147,3.238822e-05,1.3819575,3.9380505,0.16986731,119.26192,595.81659,291.85098,72.191432,143.61819
1979.5,52.734744,26.033079,1.5482279e-05,2.0305969,5.7200596,0.31068945,184.04979,611.79071,299.11136,25.812706,468.74751
1979.5833,77.55848,25.826495,1.160287e-05,1.4595203,4.2480708,0.24009999,253.38409,626.03424,310.58914,25.178306,340.30165
1979.6667,87.631799,25.642801,1.0129369e-05,1.0775086,3.2772012,0.17502731,266.65823,638.41333,317.48984,24.960181,237.99831
1979.75,85.509494,25.41578,1.0503392e-05,0.49027519,1.4491253,0.084781302,249.45149,649.41827,322.78381,23.628815,76.589898
1979.8333,73.514082,25.01737,1.1556187e-05,0.055634513,0,0,223.26707,658.36768,327.29282,19.702772,0
1979.9167,62.086068,24.57365,1.3001426e-05,0.00012587257,0,0,200.45944,666.09534,331.52328,19.205377,0
1980,52.305926,24.126649,1.4522298e-05,0.00025557339,0,0,177.42084,672.89844,335.75143,18.856054,0
1980.0833,44.36864,23.704132,1.626546e-05,0.011931285,0,0,158.13182,678.461,339.51849,18.526034,0
1980.1667,37.621297,23.272434,1.9079636e-05,0.0215128,0,0,140.20988,683.17499,343.30072,18.188778,0.0059212888
1980.25,31.601239,22.771858,3.0778821e-05,0.051729832,0,0,123.1053,687.22144,347.02505,17.804176,0.32473728
1980.3333,26.661221,22.323374,3.5426674e-05,0.20232773,0,0,108.38647,690.409,350.48346,21.642373,8.3817959
1980.4167,25.811763,22.244642,3.6431546e-05,0.94456395,3.0060904,0.19346703,103.68195,691.95514,353.51321,26.997673,130.65424
1980.5,44.212386,22.174459,1.9022811e-05,1.7164353,6.1348281,0.55862174,155.58475,690.34973,356.47766,21.62935,399.6151
1980.5833,67.34816,21.974053,1.2240632e-05,1.3935042,5.2088582,0.49781188,213.94797,671.61847,357.56189,21.36811,343.46625
1980.6667,76.69311,21.921592,1.0916402e-05,0.85082443,3.3271166,0.31515247,227.96669,649.11542,357.30481,21.251184,181.96865
1980.75,72.034642,21.858048,1.1185908e-05,0.31763575,1.2110628,0.092809149,211.02371,629.1955,356.93484,20.504422,36.273524
1980.8333,61.436512,21.595832,1.21853e-05,0.026367894,0.12605937,1.9338788e-05,183.22453,610.49524,356.37653,16.966649,0.08610135
1980.9167,51.938988,21.210959,1.3502571e-05,7.2627273e-05,0,0,161.51108,594.11456,355.6564,16.577643,0
1981,43.7405,20.826142,1.4897173e-05,0.0030177802,0,0,140.22552,578.2113,354.7771,16.276953,0
1981.0833,37.161797,20.458983,1.6540209e-05,0.011448736,0,0,122.88512,564.69159,353.80341,15.989983,0
1981.1667,31.479273,20.042986,1.8846682e-05,0.033182933,0,0,106.95856,552.24841,352.68976,15.664912,1.6278792e-08
1981.25,26.275599,19.552758,3.2385764e-05,0.05249693,0,0,92.020401,539.492,351.39319,15.467371,0.0018230141
1981.3333,21.968251,19.238213,3.7307971e-05,0.16908888,0,0,78.708824,527.34229,349.93057,24.006257,0.52060859
1981.4167,24.554478,21.753401,3.3139084e-05,1.5374852,6.1707577,0.78476515,82.922447,514.90521,348.30072,59.237513,218.66812
1981.5,46.078883,22.485515,1.3670069e-05,1.537002,6.1755861,0.94894097,124.15501,509.76572,347.1828,21.919446,364.9823
1981.5833,66.084377,22.440942,1.0434657e-05,1.3063968,5.3372321,0.83445317,151.51727,509.05173,346.1792,21.813773,310.36188
1981.6667,75.013526,22.40053,9.0462418e-06,0.87649811,3.7079166,0.57948989,155.40956,507.6329,344.58051,21.896348,186.45235
1981.75,69.289014,22.300908,9.6083468e-06,0.23078208,0.86529135,0.15452912,138.11742,501.4838,342.05328,19.810673,17.411704
1981.8333,58.881678,21.981144,1.1009842e-05,0.0026404439,0.00026191438,0.0010341107,117.78909,491.87061,339.01276,17.270625,0.014860095
1981.9167,49.781546,21.583579,1.2164838e-05,8.5817119e-20,0,0,102.42469,481.41275,335.7756,17.511466,0.019174368
1982,42.046055,21.245906,1.2412191e-05,0.00060235328,0,0,87.410545,471.20752,332.36838,16.703545,0.015148855
1982.0833,35.823464,20.887315,1.4396133e-05,0.0070592476,0,0,75.314552,462.52139,329.02563,16.423174,0.016890632
1982.1667,30.588243,20.525996,2.1523692e-05,0.013277908,0,0,64.68248,453.32294,325.62128,16.140468,0.010554359
1982.25,21.08594,20.131022,2.7886939e-05,0.039481476,0,0,56.495743,444.08786,321.97571,15.896677,0.013832172
1982.3333,15.669541,19.837217,3.8843253e-05,0.16535111,0,0,49.059917,435.28162,318.16272,20.335085,3.0561076
1982.4167,16.10549,20.110505,3.5789173e-05,1.0819799,4.9670717,0.79560517,48.261402,426.41953,314.14536,24.703522,113.77952
1982.5,32.88788,20.257629,1.4255148e-05,1.6246371,7.3586169,1.5979253,81.24675,418.02362,309.69455,19.830938,317.70869
1982.5833,52.318219,20.225499,1.0430645e-05,1.2640719,5.7743359,1.2588334,96.186752,411.3548,305.26114,19.715351,306.76467
1982.6667,50.499752,20.187272,1.0146001e-05,0.74602335,3.5241024,0.75406817,98.796547,412.54489,305.78506,19.512539,114.75457
1982.75,44.458173,20.101992,1.0615651e-05,0.19950486,0.9607413,0.20347944,84.188179,414.28076,306.7662,17.954822,13.678694
1982.8333,37.763137,19.81394,1.1503583e-05,0.0033523582,0,0,70.095505,415.38202,306.61005,15.660996,2.1470538
1982.9167,32.182574,19.479979,1.2414585e-05,0.00022434454,0,0,59.520367,415.40909,305.83997,16.304606,5.3976668
1983,27.502801,19.21517,1.3451388e-05,0.00043510409,0,0,49.919289,414.57089,304.50702,15.09915,2.3149549
1983.0833,22.394346,18.880457,1.6468592e-05,0.004221545,0,0,42.399918,412.6929,303.13876,14.79231,0.0039967904
1983.1667,18.227959,18.506205,2.9594692e-05,0.0097982184,0,0,36.186745,410.02454,301.27496,14.499936,0.019460124
1983.25,15.379803,18.081404,3.3976154e-05,0.042511179,0,0,30.535469,406.59723,298.78278,14.817877,0.31965693
1983.3333,13.062664,18.693117,3.9937702e-05,0.40290563,0,0,25.949755,402.46893,295.78351,51.265485,5.4586017
1983.4167,20.336412,21.032451,2.172432e-05,1.5739765,7.3262669,1.9071504,31.601685,397.15347,292.2944,27.643112,291.48162
1983.5,46.268865,21.102261,1.0387075e-05,1.6414697,7.51827,1.9289164,55.504593,389.36047,286.67075,21.222213,387.14719
1983.5833,62.588789,21.094013,8.6366681e-06,1.0653678,5.0064503,1.2340912,66.564751,381.49234,281.6008,20.701254,232.66502
1983.6667,68.088956,21.057853,7.7372524e-06,0.73438042,3.6085389,0.84390975,64.064629,373.53876,277.08154,20.383834,144.57483
1983.75,63.229114,20.973014,8.1977387e-06,0.21943117,0.99858855,0.22336754,55.469574,365.72284,272.06192,18.6505,24.080848
1983.8333,52.823316,20.661585,8.9136693e-06,0.001439095,0,0,47.41272,357.68823,266.89404,16.318467,0.50447736
1983.9167,44.727709,20.311031,9.6846079e-06,0.001738152,0,0,40.413372,349.45566,261.47113,16.727024,0.40567773
1984,37.709799,20.013897,1.0403715e-05,0.00022392146,0,0,33.935032,340.96176,255.66342,15.756295,0.28676953
1984.0833,32.007113,19.675275,1.11615e-05,9.2286973e-06,0,0,28.930946,332.74252,249.89606,15.491331,0.08122431
1984.1667,27.249411,19.319737,1.213971e-05,0.0076250438,0,0,24.722988,324.1557,244.16196,15.212238,0.45235126
1984.25,22.476308,18.912021,1.361104e-05,0.0014163406,0,0,20.971523,315.15775,237.86176,14.886569,0.68592341
1984.3333,18.90815,18.561795,1.4807163e-05,0.17813387,0,0,17.79421,305.7691,231.43739,20.393949,6.3188796
1984.4167,23.12126,19.068966,1.328773e-05,1.4706297,7.9735725,1.8436689,19.468075,296.013,224.68317,24.942325,206.43664
1984.5,40.954951,19.150969,1.0127045e-05,1.3906303,6.9257116,1.6608933,28.736429,286.55713,217.23929,18.935491,275.10021
1984.5833,51.985297,19.117955,8.736014e-06,1.0018422,5.2582073,1.2155348,32.115734,276.867,209.30594,18.591277,190.47338
1984.6667,56.775171,19.078385,8.1439321e-06,0.74098017,3.953397,0.8901793,31.379107,267.3295,201.11244,18.336243,130.72613
1984.75,53.555347,19.005349,8.2752158e-06,0.22773959,1.1818419,0.27728584,27.586618,257.59625,192.81627,17.311333,30.19066
1984.8333,46.200935,18.770527,8.9089299e-06,0.010503898,0,0,22.737366,247.70236,184.35577,15.223663,10.457769
1984.9167,38.735271,18.485947,9.7816346e-06,0.00038180268,0,0,18.816074,237.66003,175.72444,17.371731,6.615064
1985,31.691592,18.391946,1.0731917e-05,0.0025467997,0,0,15.486052,227.29085,166.77919,14.732005,6.1583107
1985.0833,27.009735,18.086301,1.1616772e-05,0.0085478203,0,0,12.962129,217.2758,158.09984,14.357756,0.25645793
1985.1667,21.772422,17.720085,1.286119e-05,0.010571604,0,0,10.911485,207.09785,149.23907,14.064768,0.023558548
1985.25,17.92578,17.286122,1.419112e-05,0.0010881963,0,0,9.1395884,196.42546,139.93228,13.725321,0.03152552
1985.3333,15.051132,16.89502,1.5813657e-05,0.099354128,0,0,7.7286353,185.5475,131.06685,18.294516,0.18240506
1985.4167,13.449376,18.067123,1.7087908e-05,0.78556891,4.3564988,0.91045256,6.640337,174.49295,122.66836,46.959349,48.459239
1985.5,20.830996,19.373816,1.3765388e-05,1.4985767,7.7717469,1.7163993,8.4507217,163.19359,114.73574,23.724969,214.70297
1985.5833,35.570271,19.777469,1.041849e-05,1.1198537,5.6998036,1.2675859,11.587592,152.12183,107.40539,22.443791,172.58917
1985.6667,39.815351,19.887481,9.7270367e-06,0.69476295,3.6728971,0.81355702,11.466681,142.48759,100.82642,20.371553,99.220488
1985.75,38.216207,19.877201,9.7966285e-06,0.20544871,1.0999385,0.17774484,10.088309,133.92332,94.806244,18.364934,26.75912
1985.8333,32.945011,19.64543,1.0679498e-05,0.005818805,0,0,8.4029617,126.36725,89.391945,16.19074,4.0669573
1985.9167,28.105823,19.368988,1.1593336e-05,0.00066864394,0,0,7.1196613,119.58481,84.524803,17.762612,1.0311919
1986,23.774944,19.22635,1.259827e-05,5.7737811e-06,0,0,6.0215063,113.4006,80.07666,15.372115,0.6283243
1986.0833,20.526377,18.930234,1.3592128e-05,0.0061280557,0,0,5.196352,108.1116,76.263832,15.116698,0.064008256
1986.1667,17.576106,18.632988,1.4769114e-05,0.015050603,0,0,4.4746408,103.35581,72.830688,14.895264,0.079191829
1986.25,14.375439,18.339977,1.7305343e-05,0.056054057,0,0,3.8773723,98.728905,69.601532,15.394723,0.3825545
1986.3333,12.657614,18.315956,1.9160281e-05,0.17969446,0,0,3.4640887,94.340134,66.616219,21.634002,5.2380117
1986.4167,12.167933,18.807726,1.9761917e-05,0.99707258,4.8530762,1.0833274,3.2179384,90.27549,63.829838,23.761791,84.760549
1986.5,20.927746,19.011641,1.3838005e-05,1.4557249,7.7743683,1.8542729,3.5636554,86.455444,61.249054,20.247985,159.71999
1986.5833,15.543588,19.060615,1.6932345e-05,1.0376301,5.7199018,1.3518139,3.9056916,82.521019,58.76469,18.917321,63.484818
1986.6667,15.142876,19.053435,1.7491888e-05,0.62593398,3.5387402,0.80784076,3.9851556,78.648674,56.554459,18.605834,39.348792
1986.75,15.315588,19.024499,1.6997243e-05,0.21051263,1.0803407,0.26981501,3.9097404,74.732269,54.494915,17.974249,31.041836
1986.8333,14.792573,18.865058,1.733741e-05,0.019781951,0,0,3.5682814,71.091217,52.58223,16.345999,32.31657
1986.9167,14.86553,18.666273,1.7145496e-05,0.0010548167,0,0,3.3437381,67.750259,50.822048,20.160273,15.188772
1987,12.962446,18.784376,1.6951493e-05,0.0014029012,0,0,3.1511974,64.634773,49.177361,15.493535,0.81160908
1987.0833,11.071905,18.532366,1.8475666e-05,0.0055357073,0,0,2.9722648,61.912163,47.736664,15.27867,0.45058958
1987.1667,8.6840363,18.274739,2.1478463e-05,0.022532683,0,0,2.8043544,59.396969,46.402588,15.137255,0.094542325
1987.25,6.9826678,18.035451,2.5070087e-05,0.043732435,0,0,2.6969922,56.949322,45.095604,15.403968,0.097308484
1987.3333,6.0311276,18.214183,2.8223198e-05,0.21759599,0.35951792,0.086305954,2.5963552,54.6866,43.800999,32.975801,1.5283687
1987.4167,7.9615619,20.043606,2.4185512e-05,1.4510235,8.0920821,2.0184713,2.6774588,52.447346,42.640625,31.151056,79.904833
1987.5,14.486942,20.215891,1.8986724e-05,1.4537991,7.389106,1.979538,3.2205353,50.671886,41.52895,21.289667,100.58647
1987.5833,17.67461,20.31301,1.7391649e-05,1.17762,6.2204573,1.6139167,3.8112564,50.201298,40.606548,20.942147,75.639896
1987.6667,18.929055,20.359255,1.6692735e-05,0.69283689,3.8612351,1.0012558,4.303266,50.508133,39.817963,20.083809,48.668992
1987.75,19.516466,20.350667,1.6185679e-05,0.35400329,1.9607152,0.45451833,4.651166,50.737118,39.016685,19.556089,39.240899
1987.8333,18.60112,20.256452,1.6440956e-05,0.015596586,0.015509018,0.0019843747,4.6825914,50.921177,38.053272,18.22745,13.267557
1987.9167,16.278509,20.144127,1.7821569e-05,0.0010479683,0,0,4.4766231,50.332554,37.049961,30.87263,10.172123
1988,15.155542,21.053296,1.8032837e-05,0.0016265685,0,0,4.2449532,49.206062,36.090401,18.88879,27.800536
1988.0833,15.625536,20.902341,1.7392229e-05,0.0047673367,0,0,4.0302277,48.135983,35.21114,18.579744,41.112115
1988.1667,14.964781,20.703536,1.7821116e-05,0.021084889,0,0,3.8282366,47.037624,34.365398,17.414554,6.9379473
1988.25,12.259616,20.48655,1.9903766e-05,0.077585009,0,0,3.648248,45.781414,33.548458,20.000846,1.0681478
1988.3333,9.8323282,20.69634,2.3147644e-05,0.48664088,1.5497842,0.43290049,3.5182793,44.257187,32.88258,24.832886,47.731787
1988.4167,18.799964,20.949787,1.5714946e-05,1.4972048,8.0961314,2.399621,3.6276405,42.628113,32.256874,21.162231,221.31269
1988.5,35.032321,21.08304,1.106383e-05,1.6133451,8.3163995,2.5323978,4.0322556,41.11272,31.681072,22.74276,246.45732
1988.5833,45.65125,21.214545,9.2354949e-06,1.1148077,5.7528503,1.7244395,4.5606236,39.939018,31.090229,21.743644,170.00884
1988.6667,48.758425,21.263324,8.7664484e-06,0.70760547,3.74926,1.1097958,5.201313,38.801037,30.492033,21.06992,104.87245
1988.75,46.020608,21.237342,8.9696205e-06,0.20770304,0.85241446,0.29527887,5.9009323,37.525986,29.94018,19.360022,41.398934
1988.8333,40.447682,21.015769,1.0295757e-05,0.0026223219,0,0,6.0850987,36.204018,29.484949,17.593215,9.0949893
1988.9167,34.968141,20.702129,1.1726861e-05,-1.6693804e-10,0,0,6.2055469,34.797558,29.15456,22.470799,6.0779967
1989,29.874591,20.819424,1.1124138e-05,0.0011150627,0,0,6.0901275,33.300713,28.933764,17.291154,2.4109528
1989.0833,25.088254,20.476246,1.8449397e-05,-1.0723686e-07,0,0,5.8955374,31.781734,28.796139,16.96622,10.598613
1989.1667,21.68051,20.105412,2.169379e-05,-1.7302065e-07,0,0,5.6602006,30.184237,28.653696,16.476658,13.003779
1989.25,18.27421,19.614875,2.5376718e-05,0,0,0,5.3534546,28.440887,28.388384,15.827618,0.68892115
1989.3333,15.614837,19.020731,3.0222018e-05,0.065737905,0,0,4.9916067,26.562244,27.975662,17.489126,13.381888
1989.4167,14.693459,19.366477,3.2711043e-05,0.75092618,4.0422293,0.76356158,4.5441422,24.680298,27.392233,29.583566,81.424284
1989.5,24.660524,19.78315,1.5959211e-05,1.1825035,6.3583585,1.2975538,4.524425,22.912451,26.653728,20.575137,196.89947
1989.5833,35.560086,19.87152,1.3205818e-05,1.0726588,5.7386444,1.1771476,4.9074411,21.270876,25.88513,20.44334,195.5769
1989.6667,43.51145,19.944504,1.1629587e-05,0.76364231,4.1978613,0.8582581,5.1233368,19.920811,25.330025,20.059351,143.94208
1989.75,44.986986,19.952875,1.1376048e-05,0.28682164,1.5450645,0.312386,4.8313255,19.008808,24.849722,18.560085,71.682078
1989.8333,41.522045,19.754343,1.1728179e-05,0.00078968502,0,0,4.7338018,18.32497,24.346386,15.891692,17.581306
1989.9167,35.668444,19.470377,1.2863925e-05,0.0011865905,0,0,4.5417228,17.700583,23.885584,16.792242,0.59830929
1990,30.082067,19.285269,1.4161272e-05,2.9056012e-06,0,0,4.2973108,17.118586,23.456364,15.356453,0.91239619
1990.0833,25.05313,19.010719,1.5516174e-05,0.0015828601,0,0,3.9966173,16.590437,23.077116,15.126196,0.82311074
1990.1667,15.595671,18.734641,2.0134346e-05,0.02530929,0,0,3.7897611,16.049959,22.71769,14.909887,0.51131045
1990.25,12.609287,18.453013,2.313229e-05,0.054314091,0,0,3.5602992,15.449565,22.355196,14.848707,0.59905105
1990.3333,10.362814,18.340157,2.6602251e-05,0.1552765,0,0,3.3537836,14.767191,21.995071,20.347026,2.1764967
1990.4167,13.054674,19.044517,2.2897173e-05,1.2506671,7.3280509,1.7432822,3.7470686,13.955158,21.638897,26.744767,135.48735
1990.5,21.003837,19.307373,1.7743061e-05,1.4001232,7.9679264,1.9230209,4.7149405,13.146404,21.234526,21.426377,154.11597
1990.5833,24.819063,19.484021,1.6154116e-05,1.1021241,6.1370449,1.5444328,5.6402435,12.361081,20.808187,20.008166,98.86798
1990.6667,22.937842,19.559635,1.6555638e-05,0.66869891,3.9321035,0.99169251,5.87713,11.643687,20.378899,19.513364,49.733913
1990.75,20.891767,19.580496,1.7053246e-05,0.20565558,1.1674133,0.26914866,5.6603413,10.964532,19.947456,18.126379,13.941651
1990.8333,18.68424,19.469498,1.817607e-05,0.017261341,0,0,5.1237073,10.341818,19.54097,16.842083,16.456841
1990.9167,16.853163,19.264571,1.9226314e-05,0.00078438848,0,0,4.5861139,9.7752132,19.173893,19.417706,6.7270499
1991,14.66848,19.327398,2.088835e-05,0.0027678686,0,0,4.104455,9.2513428,18.856842,15.831413,1.004259
1991.0833,12.531066,19.105295,2.3113216e-05,0.0078979497,0,0,3.7155766,8.7845602,18.599442,15.660383,1.3855921
1991.1667,8.6749876,18.892612,2.9549226e-05,0.022785916,0,0,3.3898258,8.326911,18.356909,15.640631,0.72188598
1991.25,6.0048453,18.733768,3.9362192e-05,0.071539502,0,0,3.1035132,7.8326602,18.103998,18.337239,1.9208538
1991.3333,4.9733422,19.343674,4.5721663e-05,0.28214475,0.2344456,0.0086402795,2.8641653,7.273293,17.853899,32.051243,11.102504
1991.4167,6.2362989,20.080175,3.8658789e-05,1.2207032,6.8415054,1.9308073,2.9033816,6.7244372,17.593153,23.424604,58.041888
1991.5,11.676568,20.498224,2.4301495e-05,1.5421061,8.49516,2.4871007,3.6806436,6.2568722,17.317724,23.74391,89.65122
1991.5833,11.146949,20.699967,2.420435e-05,1.1908951,6.5612106,1.912209,4.2810121,5.8634105,16.999899,21.214637,57.540719
1991.6667,13.321387,20.785362,2.0829935e-05,0.80228166,4.4422511,1.2743787,4.7385626,5.5230517,16.681444,20.526805,62.66747
1991.75,15.690887,20.814585,1.821021e-05,0.26943072,1.4998667,0.41622166,4.9460845,5.2204909,16.362711,19.832144,43.284907
1991.8333,15.105432,20.772483,1.8159853e-05,0.0088688742,0.075459311,0.0066553273,4.9415169,4.9483747,16.033249,18.916831,19.369675
1991.9167,14.667381,20.703463,1.7184986e-05,9.0375654e-05,0,0,4.6092,4.7097774,15.709929,27.453221,17.13866
1992,13.937304,21.304263,1.772987e-05,0.00075864695,0,0,4.3099008,4.4543428,15.386997,18.499889,11.585084
1992.0833,12.581598,21.147175,1.8471368e-05,0.0027404475,0,0,4.0766549,4.2092805,15.050521,18.211796,2.2518246
1992.1667,10.822716,20.974437,2.0198861e-05,0.011077581,0,0,3.8599248,3.9675531,14.654002,18.127416,4.660025
1992.25,9.630383,20.886049,2.2153044e-05,0.095548209,0,0,3.6221542,3.7334659,14.184505,20.875663,18.13536
1992.3333,10.203798,21.193201,2.1756428e-05,0.46044332,0,0,3.4106324,3.4964163,13.662358,28.569239,57.605754
1992.4167,16.515488,21.76393,1.6736474e-05,1.5946748,8.3311775,2.803242,3.4930577,3.2890947,13.094789,23.040859,176.37013
1992.5,30.306935,21.991478,1.205449e-05,1.6246222,8.3179785,2.7348608,3.7403047,3.2258162,12.503889,23.760179,246.13003
1992.5833,45.946155,22.187335,8.9564819e-06,1.1124515,5.7557172,1.8581359,3.9875619,3.175694,11.915421,22.399369,213.89084
1992.6667,52.245006,22.271307,8.0900872e-06,0.66824999,3.583496,1.1821584,4.2523036,3.0847085,11.386595,21.886172,143.32298
1992.75,52.88839,22.303855,7.8427302e-06,0.20263131,1.0092208,0.37504962,4.63305,2.9944246,10.890455,20.491144,65.946602
1992.8333,47.809236,22.13838,8.4644371e-06,0.0067511109,0,0,4.8852072,2.909538,10.404202,18.205158,15.824815
1992.9167,42.386953,21.920394,9.0916719e-06,0.00017484579,0,0,5.0209417,2.8319185,9.941884,20.003985,22.13877
1993,37.171289,21.845566,9.6966296e-06,0.011324747,0,0,5.031424,2.7607968,9.4923134,17.566795,7.7308162
1993.0833,31.879287,21.553809,1.0231204e-05,0.021205409,0,0,4.9068618,2.7174444,9.0812368,17.328299,2.031251
1993.1667,27.062584,21.266989,1.1326792e-05,0.037819068,0,0,4.5956554,2.7270184,8.6991997,17.277381,1.4923491
1993.25,22.522755,21.177698,1.2585914e-05,0.15358108,0,0,4.2661958,2.7644866,8.3308287,23.032102,7.4802791
1993.3333,20.185623,21.647347,1.3500414e-05,0.56759606,0.97083818,0.26847475,4.1073618,2.8148127,7.9924903,25.177826,62.86416
1993.4167,31.156452,21.91264,1.0502548e-05,1.6084475,8.7250799,2.9408607,4.737,2.8341582,7.6867085,23.516318,298.78168
1993.5,51.584207,22.093125,7.6390006e-06,1.5836388,8.3743586,2.7315564,6.0175462,2.9648297,7.4404898,22.198696,329.76105
1993.5833,64.527988,22.179773,6.0461043e-06,1.1452634,6.1098518,1.9769505,6.9889507,3.2526662,7.2588034,21.805646,229.29889
1993.6667,69.168746,22.225158,5.8374035e-06,0.7401827,4.0386309,1.2998694,7.6752992,3.6257367,7.1441541,21.460957,137.98938
1993.75,66.216439,22.254597,5.8783558e-06,0.30331987,1.6589524,0.48645027,8.012187,4.0987687,7.1046414,20.289876,60.323935
1993.8333,59.58565,22.165505,6.2693853e-06,0.061160864,0,0,7.8915558,4.7595758,7.1468883,19.148614,35.964596
1993.9167,52.196149,21.934059,7.808253e-06,9.8385099e-09,0,0,7.7080927,5.6326938,7.2750125,18.877849,12.878493
1994,45.250867,21.739265,8.5983156e-06,0.00045042948,0,0,7.4508905,6.7807026,7.4920807,17.312275,8.6963708
1994.0833,38.937066,21.472657,9.3842218e-06,0.010861392,0,0,7.1061392,8.078371,7.7775021,16.957569,0.85278625
1994.1667,32.595038,21.169214,1.0243555e-05,0.016381331,0,0,6.6121345,9.5613613,8.1339111,16.718083,1.0093992
1994.25,27.449045,20.805158,1.134313e-05,0.065108044,0,0,6.0352726,11.236145,8.5654297,16.658102,1.3032637
1994.3333,22.793364,20.703884,1.3111239e-05,0.29328898,0.27046859,0.085303307,5.5240335,12.862277,9.0708828,25.567559,18.461667
1994.4167,26.405832,21.338461,1.1902543e-05,1.2890728,7.2574778,2.5060143,5.7738771,14.450179,9.6256037,26.169588,216.3125
1994.5,44.08453,21.62517,8.0122563e-06,1.3876228,7.5656288,2.5135446,7.5374498,15.795475,10.134559,22.708572,309.29085
1994.5833,55.490278,21.700403,6.2109589e-06,0.81938831,4.5602005,1.4427018,8.7175732,17.404261,10.57256,20.857518,156.53292
1994.6667,57.515401,21.7293,5.6321496e-06,0.70838314,4.0160863,1.2572064,9.0222559,19.115269,11.176468,21.064192,134.75275
1994.75,54.444533,21.696514,5.360002e-06,0.17386304,0.88304015,0.24494843,8.7435417,20.923609,11.989056,18.92707,18.359071
1994.8333,46.441913,21.464758,7.2825078e-06,0.010461684,0,0,8.0892658,22.781492,12.958506,17.383922,3.9244703
1994.9167,39.981026,21.203378,8.049974e-06,1.271038e-05,0,0,7.5056443,24.702425,14.016929,17.980486,6.7330365
1995,34.643944,20.978034,0.0012286231,0.00041196005,0,0,6.8922644,26.648977,15.050782,16.43623,3.9380816
1995.0833,30.097811,20.668203,0.001454875,0.0057955371,0,0,6.2502317,28.343744,15.956244,16.18956,0.46283388
1995.1667,25.869181,20.324729,0.001673598,0.022032597,0,0,5.6504946,29.813742,16.778566,15.988122,0.30770695
1995.25,21.453869,20.011511,0.0019959975,0.09318889,0,0,5.1007276,31.086233,17.520235,18.471421,1.3616845
1995.3333,17.765924,20.366332,0.0023785068,0.36503919,0.65203658,0.13934081,4.6886835,32.090473,18.134382,36.685913,16.278495
1995.4167,21.600405,21.432471,0.0020188664,1.2747153,7.5638067,2.4215119,5.1538577,32.875275,18.621407,25.117982,195.84425
1995.5,37.272379,21.776507,0.0012524554,1.3950733,7.6620002,2.4880159,6.8306947,33.549541,18.948816,24.437563,291.18055
1995.5833,53.480316,21.955602,0.00093507406,1.1269901,6.2626034,1.9776253,8.1758366,33.416962,18.142962,22.77217,237.30376
1995.6667,59.670895,22.045594,0.00083552382,0.79394631,4.4555082,1.3424012,8.4237146,33.285534,17.115969,21.795713,149.99662
1995.75,57.311792,22.039337,0.00084793451,0.2673516,1.4524071,0.43412992,7.9820099,33.263744,16.522009,20.201609,36.315129
1995.8333,47.916897,21.856848,0.00097336521,0.024315769,0,0,7.0081491,32.837982,15.983744,18.157486,0.73490212
1995.9167,39.786637,21.527704,0.0011391504,2.4207379e-06,0,0,6.0930562,32.101082,15.481891,18.801012,0.54124537
1996,26.827328,21.24865,0.0016069097,2.4018906e-05,0,0,5.4476585,31.023905,14.970602,16.878436,0.4440826
1996.0833,19.876234,20.734157,0.0021484105,0.00073993284,0,0,4.931849,29.728306,14.434516,16.465255,0.54020355
1996.1667,16.036633,20.12896,0.0005042947,0.018771349,0,0,4.4621449,28.154509,13.882102,15.958755,0.31687435
1996.25,11.062736,19.804589,0.00012733368,0.029355065,0,0,4.0713549,26.199677,13.204215,15.863344,0.51155449
1996.3333,8.2649784,20.398002,0.00013046534,0.43406764,0.66323205,0.20601089,3.8852234,24.061182,12.323657,45.220027,7.541242
1996.4167,8.9481752,22.179462,0.00013100854,1.4512238,7.6229114,2.3855693,4.6880207,22.040501,11.463161,33.071944,83.608752
1996.5,15.084645,23.329003,0.00012768812,1.5595102,7.6479141,2.3967606,5.2675748,20.503319,10.641101,33.043539,107.25549
1996.5833,14.417981,23.845812,0.00012796548,1.1540577,5.7155111,1.7467985,5.7440634,19.52776,9.860363,26.771415,55.708468
1996.6667,4.5520556,24.182523,0.00014778873,0.7964707,3.9653286,1.2030855,6.5136762,17.905247,9.0977726,26.328825,12.222795
1996.75,4.7097434,24.331456,0.00014485128,0.18072069,0.85030837,0.2546324,6.9867916,16.367834,8.3503008,22.972575,5.0940643
1996.8333,4.5827315,24.240868,0.00014596376,0.014849024,0,0,6.7742634,14.905014,7.623373,21.471508,1.6243787
1996.9167,4.1674995,24.124503,0.00014159233,4.692191e-08,0,0,6.4776225,13.562356,6.9222312,27.024476,2.2297447
1997,3.2162673,24.420712,3.6171801e-05,4.7974398e-05,0,0,6.1893477,12.310975,6.266263,20.680408,4.6011068
1997.0833,3.2035783,24.232579,3.2768039e-05,0.00088181774,0,0,5.9329152,11.226737,5.7008295,20.46228,7.1225756
1997.1667,3.2872919,23.923201,3.1957668e-05,0.00064039251,0,0,5.706758,10.237773,5.1865149,20.176164,12.073417
1997.25,3.4529911,23.366958,3.0796593e-05,0.019019632,0,0,5.4637542,9.3002806,4.7008724,20.431308,13.493163
1997.3333,3.4711948,23.976823,3.314378e-05,0.68202941,1.2792447,0.43087044,5.2467852,8.4476023,4.2589917,54.738349,31.52239
1997.4167,7.0338817,25.94571,2.0853406e-05,1.8601224,7.8543864,2.7136816,4.984724,7.6896205,3.8582869,30.509332,58.985461
1997.5,11.240002,26.412912,1.6441634e-05,1.7599573,7.4687392,2.4939052,4.693984,7.2096758,3.5002458,29.194695,75.034616
1997.5833,16.653806,26.584767,1.2043217e-05,1.2641451,5.4390145,1.7580436,4.6179237,6.9092684,3.1810305,26.117526,102.02556
1997.6667,23.860667,26.650092,9.1167904e-06,0.87992433,3.8257632,1.2010318,4.8713145,6.6257229,2.9115992,25.769669,136.70234
1997.75,29.403647,26.694702,8.2028155e-06,0.283322,1.1856498,0.40240276,5.4693604,6.3347645,2.6862934,25.165348,91.580528
1997.8333,29.796466,26.673691,8.0977961e-06,0.014141446,0,0,5.6646228,6.0762239,2.5023625,23.881523,23.716848
1997.9167,26.294416,26.63675,8.7612398e-06,3.2685132e-20,0,0,5.7050896,5.8622761,2.3564694,36.532508,6.3412309
1998,23.060156,27.622299,9.878363e-06,7.7055991e-05,0,0,5.7018003,5.6538815,2.2429147,24.513271,6.9845513
1998.0833,20.625226,27.542306,1.066406e-05,0.0051164183,0,0,5.6268907,5.462009,2.1610599,24.351652,14.826021
1998.1667,19.065846,27.448921,1.1220809e-05,0.023134551,0,0,5.5079603,5.2674561,2.0990872,24.095881,25.610536
1998.25,18.057358,27.124574,1.1750101e-05,0.039246114,0,0,5.3411589,5.0583735,2.0448265,23.421282,29.590386
1998.3333,15.72416,26.585488,1.298861e-05,0.1030119,0,0,5.1754599,4.8291802,2.0031404,24.375089,9.5998964
1998.4167,16.310971,26.500309,1.2911717e-05,0.91293345,3.1521485,1.1607045,4.7541857,4.5921822,1.9633771,30.671238,125.52832
1998.5,34.297623,26.672034,8.0670461e-06,1.8646893,7.3155996,2.915548,4.3477411,4.3765087,1.9100994,27.987882,346.04479
1998.5833,51.370136,26.844244,5.7794587e-06,1.0982186,4.4528512,1.7202239,4.2418633,4.2099266,1.8124721,26.079235,224.93679
1998.6667,61.24869,26.939673,5.1614429e-06,0.95050406,3.9497777,1.4510787,4.6813197,4.0703807,1.7447696,26.034899,237.0545
1998.75,66.027097,27.016427,5.0053782e-06,0.39106417,1.6789728,0.53801792,5.1047101,3.98844,1.7168568,25.526383,101.71966
1998.8333,58.192611,26.996909,5.1965285e-06,0.07982911,0.33524154,0.024331585,5.5586152,3.9826446,1.7320961,23.380318,10.641521
1998.9167,50.228771,26.795533,6.675135e-06,0.00090890565,0,0,5.9299388,4.0119858,1.7924139,23.431941,13.862916
1999,43.471824,26.703402,7.1881509e-06,0.00031476142,0,0,6.225306,4.0667539,1.9000323,21.448384,9.1699684
1999.0833,37.783459,26.470814,7.8401945e-06,0.0031315878,0,0,6.4346995,4.1357388,2.0449636,21.162084,7.956212
1999.1667,32.705676,26.230404,8.513437e-06,0.018301896,0,0,6.5403581,4.2168689,2.2311773,20.857079,1.6781041
1999.25,28.135166,25.973424,9.4633187e-06,0.05898352,0,0,6.534287,4.3090916,2.4637642,20.901602,4.3385715
1999.3333,24.597127,25.938919,1.0515934e-05,0.24086692,0,0,6.4731755,4.4042683,2.7324598,27.45158,15.295714
1999.4167,25.830748,26.291884,1.022168e-05,1.170343,4.2172342,1.5692553,7.0848732,4.4811954,3.0282748,27.327972,192.0056
1999.5,50.707646,26.531715,6.2020713e-06,1.7012104,7.2203038,2.6945396,11.358942,4.5482035,3.3526781,26.876577,398.45435
1999.5833,67.507863,26.677031,4.9514128e-06,1.3537343,5.8383242,2.067612,14.854201,4.6530166,3.7188666,26.236843,311.3604
1999.6667,77.908136,26.793035,4.6419773e-06,0.90067806,3.9257932,1.3641986,17.673901,4.8310924,4.1358242,25.801007,196.3967
1999.75,74.490137,26.827682,4.6207956e-06,0.25805656,1.1645892,0.409296,18.537083,5.1134439,4.6227455,23.719165,40.584768
1999.8333,64.132944,26.566751,5.8257056e-06,0.00068690623,0,0,18.457405,5.5256371,5.1909337,21.228332,4.5321918
1999.9167,54.679293,26.157722,5.9991794e-06,0,0,0,18.595207,6.0930047,5.849411,22.291812,5.0767561
2000,46.166074,25.33425,0.00010659344,-2.3435373e-08,0,0,18.434311,6.8114996,6.6365538,20.233221,4.8535735
2000.0833,39.738767,24.705354,0.0001100368,1.6984157e-07,0,0,17.405935,7.5763764,7.5044723,20.28572,3.6416521
2000.1667,33.95034,23.833955,0.00011452175,1.5256128e-05,0,0,15.614098,8.2906313,8.4285316,18.650787,0.22998473
2000.25,28.324531,22.994973,0.00011436611,9.8783557e-07,0,0,13.967087,8.9101992,9.3299284,17.995032,0.42282384
2000.3333,22.435674,22.234237,0.0001167825,0.087586472,0,0,12.5565,9.382597,10.096188,20.113923,0.67290781
2000.4167,22.297451,22.826694,0.00012153175,1.3134034,5.7135994,1.4103001,12.789699,9.7031002,10.712335,36.222176,172.23272
2000.5,41.007362,23.625601,0.00012199013,1.6319071,7.1516823,1.8328705,20.093645,9.8118534,11.061322,29.312699,331.36857
2000.5833,54.10482,24.172671,0.00012140119,1.2609658,5.4705958,1.4074306,24.235693,9.797863,11.233521,28.726299,247.56079
2000.6667,60.734,24.542103,0.00012077636,0.8586098,3.7264849,0.94920273,24.363159,9.8175077,11.281424,26.230521,151.91852
2000.75,57.507455,24.673149,0.00012073209,0.25307622,0.94267227,0.32000513,22.22648,9.706274,11.260767,22.616874,22.806809
2000.8333,48.397947,24.431014,0.00012125235,0.014830648,0,0,19.237387,9.4339838,11.125865,19.495515,0.041759351
2000.9167,40.280774,24.124911,0.00012211365,1.5648502e-06,0,0,16.764744,9.0187798,10.882189,20.717148,0.12987166
2001,32.341786,23.926061,1.2672144e-05,0.00042223651,0,0,14.579274,8.4890156,10.543684,19.118204,2.0377608
2001.0833,27.087837,23.615329,9.1772708e-06,0.002255405,0,0,12.73469,7.9526238,10.144595,18.874428,4.6597576
2001.1667,22.600373,23.286849,1.0245503e-05,0.0099059744,0,0,11.108795,7.4301667,9.7014542,18.615889,8.8296571
2001.25,18.546339,22.895483,1.2073074e-05,0.022620762,0,0,9.6487932,6.9047356,9.2074881,18.198002,10.039091
2001.3333,14.131092,22.486523,1.4745492e-05,0.061765626,0,0,8.4360409,6.3867102,8.6701803,19.216415,0.37108079
2001.4167,11.967921,22.641029,1.6601914e-05,0.34159738,0.58695046,0.085973321,7.4081678,5.889173,8.0989885,33.739003,19.176899
2001.5,17.696025,23.964018,1.3167401e-05,1.4756222,5.9143967,1.7378928,8.3099737,5.4199944,7.5015197,39.002261,180.21295
2001.5833,28.891927,25.254058,1.0204023e-05,1.3403796,5.3490136,1.5704935,11.611655,4.9618387,6.860096,35.202361,192.47426
2001.6667,35.246219,25.829608,8.9450741e-06,0.97108827,3.9398793,1.1225483,13.309214,4.5313234,6.215075,28.493301,120.34051
2001.75,34.741215,26.073676,9.0379235e-06,0.24875402,0.98222642,0.31310337,12.21655,4.1541948,5.6215944,24.711024,23.903038
2001.8333,29.480472,25.867363,8.8778706e-06,0,0,0,10.344749,3.8225346,5.0862751,21.670901,8.2414556
2001.9167,24.664896,25.53078,1.1933593e-05,0,0,0,8.9459944,3.505332,4.6030526,25.272665,13.808157
2002,21.189943,25.506152,2.1419875e-05,-1.2087395e-07,0,0,7.7537851,3.2223892,4.1606507,21.244691,15.914351
2002.0833,18.953416,25.165226,1.3125059e-05,-8.4271161e-08,0,0,6.7193656,2.9862757,3.7809985,20.63282,12.634064
2002.1667,16.083909,24.761396,1.5221059e-05,-1.6762633e-05,0,0,5.8419609,2.7794638,3.4379976,19.76201,0.51305672
2002.25,13.199496,24.293689,2.4371744e-05,-3.1833802e-05,0,0,5.061358,2.5945148,3.1160264,19.339204,0.27220123
2002.3333,10.710485,23.844,3.427863e-05,0.10529456,0.38126856,0.041986339,4.393939,2.4265709,2.8230309,28.80673,1.5251606
2002.4167,14.753839,25.886832,1.752227e-05,1.7392115,6.8337861,1.0845004,4.2002249,2.2164793,2.5550017,47.949576,175.45954
2002.5,21.815455,26.566932,1.6087406e-05,1.8399727,6.7109362,1.2636313,4.7661433,2.0280559,2.3123116,29.646766,150.07231
2002.5833,29.784022,27.06548,1.4083361e-05,1.45187,5.5679734,1.0167464,4.3266506,1.8522207,2.0906885,29.860245,160.05828
2002.6667,31.024696,27.271183,1.3231407e-05,0.94288844,3.6872475,0.6795585,3.6459224,1.7119976,1.89817,26.829199,124.24384
2002.75,27.435247,27.419819,1.4047663e-05,0.43852754,1.4434247,0.25465495,3.6760108,1.646871,1.7294977,26.726008,79.225489
2002.8333,25.808018,27.514119,1.4221279e-05,0.080736851,0,0,3.6524653,1.6076573,1.5826969,25.020603,32.131
2002.9167,23.985697,27.487084,1.4229429e-05,0.0061443476,0,0,3.5913742,1.571822,1.4572424,31.739034,22.401757
2003,22.018192,28.038736,1.33356e-05,0.0017392049,0,0,3.4765992,1.5398614,1.3511353,24.19825,17.19902
2003.0833,20.212376,27.930265,1.3989385e-05,0.0074467878,0,0,3.3736346,1.5129899,1.2704403,23.777182,17.365555
2003.1667,18.23651,27.792351,1.4410965e-05,0.023640465,0,0,3.2671115,1.4847294,1.2212824,23.289551,9.9264016
2003.25,15.76408,27.482575,1.5504867e-05,0.044602929,0,0,3.1328578,1.4469144,1.2124919,25.061625,6.9826585
2003.3333,14.103282,28.389329,1.7001725e-05,0.66747317,0.46811588,0.072798188,3.0008621,1.3938431,1.2168498,42.255569,48.498921
2003.4167,21.625312,29.15464,1.4144599e-05,2.1454993,7.8425398,1.5443683,3.0233517,1.3651527,1.2384747,32.809424,203.36373
2003.5,26.547391,29.753959,1.3035075e-05,1.8144051,6.3485286,1.3693044,3.2551079,1.3563743,1.2456598,33.354984,145.38982
2003.5833,33.566162,30.162908,1.0885143e-05,1.5291856,5.5019162,1.1574894,3.7004087,1.3676245,1.2787105,31.07006,150.4548
2003.6667,40.187605,30.447304,9.4911229e-06,0.99953766,3.4991249,0.78966314,4.4366221,1.420609,1.3555721,30.3758,156.31631
2003.75,47.097273,30.608993,8.4542626e-06,0.44091491,1.4624492,0.334253,5.4403224,1.5273499,1.496075,28.849009,172.59178
2003.8333,51.039897,30.637655,7.9026522e-06,0.078533743,0,0,5.9971342,1.6990076,1.7111868,27.071858,92.171404
2003.9167,47.991414,30.53478,8.2531906e-06,0.00024619975,0,0,6.2375402,1.9504884,2.0075274,31.918831,50.218959
2004,43.973308,30.840982,1.4495824e-05,3.4415403e-05,0,0,6.3888216,2.2837458,2.3885617,25.619855,29.622713
2004.0833,38.902752,30.600516,9.5579644e-06,0.0047498826,0,0,6.4272323,2.6515067,2.8030524,24.654737,8.3625586
2004.1667,33.725478,30.286031,1.0353063e-05,0.020032496,0,0,6.253747,3.0837386,3.2499394,24.005136,0.17927429
2004.25,28.913856,29.937126,1.1287476e-05,0.084076065,0,0,5.9683719,3.5709264,3.7190359,24.384313,0.84971066
2004.3333,24.680533,29.843269,1.2490778e-05,0.26882515,0.10242346,0.023291026,5.6780729,4.0424328,4.1534028,34.201305,8.5519131
2004.4167,35.428066,30.687816,1.0191383e-05,2.1803281,7.1967972,1.8721232,5.5176716,4.4704618,4.5594621,35.454927,393.35061
2004.5,63.179865,30.965256,6.622668e-06,2.2618138,7.2404719,2.0396964,5.8802686,4.881392,5.0452113,32.647952,423.43421
2004.5833,79.213604,31.186761,5.5308233e-06,1.6994139,5.6870589,1.5153333,6.4557095,5.2758832,5.5726438,30.571503,299.82411
2004.6667,87.466888,31.275906,5.3161652e-06,1.0508776,3.7304013,0.97089988,7.1753483,5.6739578,6.0558558,30.305258,194.48753
2004.75,85.385837,31.319812,5.2330124e-06,0.41414392,1.4815286,0.36000728,7.4465032,6.1066604,6.5236759,29.156395,101.43585
2004.8333,78.934327,31.155702,5.3460781e-06,0.018667312,0.035451048,0.0019170017,7.5466332,6.6072493,6.9861517,26.039452,69.042621
2004.9167,70.720367,30.853186,5.5846017e-06,8.6956569e-06,0,0,7.6262012,7.2066631,7.4483461,26.813622,32.82477
2005,61.23611,30.618921,5.869123e-06,0.0020754948,0,0,7.6843681,7.9338884,7.9181519,24.354148,10.365561
2005.0833,52.935097,30.194735,6.4723363e-06,0.0084674869,0,0,7.625299,8.7307367,8.3661337,23.759732,2.387375
2005.1667,45.312282,29.685197,8.8589723e-06,0.037762041,0,0,7.3821321,9.6136799,8.8137951,23.309432,0.022663362
2005.25,38.14926,29.104892,1.019218e-05,0.0778538,0,0,6.9855294,10.567337,9.2655725,23.887871,0.44025388
2005.3333,31.385869,29.053129,1.1986078e-05,0.38240464,0.25828833,0.04922692,6.5327468,11.46754,9.6883583,38.559594,17.242411
2005.4167,36.423776,30.089682,1.0689811e-05,1.9653231,7.1447046,2.0065896,7.044167,12.260394,10.068833,37.120311,345.22559
2005.5,65.603293,30.312743,5.843548e-06,2.0404322,7.3611848,2.0818447,9.2806759,12.9548,10.363046,30.70271,485.12035
2005.5833,91.165155,30.381959,4.6891973e-06,1.620359,5.8436069,1.6422022,11.201669,13.631407,10.665524,29.702074,367.25189
2005.6667,97.145006,30.386357,4.3784794e-06,0.90003622,3.3877483,0.91858302,11.930987,14.30409,10.946502,29.179928,169.40913
2005.75,90.754345,30.334109,4.3801733e-06,0.35790591,1.4163401,0.37398008,12.360057,15.030992,11.2473,27.562779,49.928836
2005.8333,78.579366,30.011227,5.1439893e-06,0.003351967,0,0,12.469918,15.791932,11.577269,24.068715,9.5675243
2005.9167,67.619368,29.575489,6.3281486e-06,0.00024956145,0,0,12.391573,16.679699,11.941502,24.805243,7.2773916
2006,58.087308,29.235175,0.00012161706,8.0866634e-07,0,0,12.047837,17.729656,12.347794,23.203139,3.6583406
2006.0833,50.111476,28.793192,0.00012160194,0.013985879,0,0,11.120327,18.724995,12.737582,22.761419,1.9376048
2006.1667,43.052539,28.332554,0.00012225936,0.018067597,0,0,10.090842,19.592983,13.076364,22.319717,0.97578031
2006.25,36.20575,27.815038,0.00012301958,0.047887582,0,0,9.0938988,20.341257,13.363118,21.894179,1.2833686
2006.3333,29.494887,27.455458,0.00012412961,0.27057821,0.14870126,0.038283224,8.2120228,20.896786,13.57707,31.552238,9.5050279
2006.4167,33.377003,27.992209,0.00012350992,1.6664616,6.0173351,1.7643133,8.3996296,21.196741,13.720783,31.996711,266.24842
2006.5,55.513836,28.312115,0.00012112372,1.724688,6.2022347,1.7778965,11.577779,21.050766,13.74449,31.440777,385.87174
2006.5833,73.488474,28.501535,0.00011942091,1.4247353,5.4113862,1.4370969,13.899423,20.596766,13.623351,29.318268,327.85365
2006.6667,81.955589,28.630024,0.00011909426,0.91724754,3.6054159,0.92318097,13.831611,19.920357,13.458893,28.833262,180.22772
2006.75,71.604811,28.670415,0.00011923922,0.3874436,1.5477861,0.37707767,12.677935,19.065166,13.387965,27.574515,41.098566
2006.8333,60.01028,28.43651,0.00011949461,0.020374743,0.08353805,0.010024666,10.969946,18.033695,13.19854,22.530781,0.4092771
2006.9167,47.79302,28.013078,0.00012054761,1.8282947e-19,0,0,9.4769955,16.835329,12.951767,22.333142,0.61075348
2007,34.018822,27.597416,1.3647733e-05,0.0038385489,0,0,8.2776308,15.509412,12.637979,21.614419,0.24387579
2007.0833,26.916262,27.178667,1.0755113e-05,0.0082062177,0,0,7.2571077,14.295971,12.276479,21.271878,0.31056647
2007.1667,18.312618,26.734564,1.4400298e-05,0.0066350581,0,0,6.4492316,13.158444,11.847205,20.893612,0
2007.25,11.804434,26.299041,1.8664501e-05,0.085500189,0,0,5.7922997,12.048123,11.328878,22.691894,0.12016533
2007.3333,8.0595687,26.332837,2.4994022e-05,0.24081061,0,0,5.2366652,10.993962,10.733325,36.770453,3.0287401
2007.4167,8.4715113,28.836049,2.5017493e-05,1.7131601,6.5468267,1.7195171,5.2368803,10.005595,10.09779,65.714766,75.070349
2007.5,14.965995,31.725179,1.7403912e-05,2.1142015,7.3851917,1.8785806,6.2933998,9.1494265,9.4826994,57.035048,130.62438
2007.5833,18.811012,32.775372,1.343618e-05,1.8020841,6.1136636,1.5358832,6.6874275,8.4019775,8.8894644,38.09753,99.843092
2007.6667,19.163815,33.147804,1.2364501e-05,1.209571,4.1457205,1.0175048,6.7264667,7.7451367,8.3058805,33.880661,55.200875
2007.75,16.158873,33.232361,1.4159704e-05,0.33370052,1.2256092,0.28100263,7.0029531,7.1373806,7.6815057,31.681061,12.771497
2007.8333,9.7534088,33.129796,1.9138792e-05,0.0173299,0,0,7.0148878,6.5622396,7.0269446,29.324782,4.7343121
2007.9167,8.838499,32.981612,2.1903938e-05,0.004712361,0,0,6.5319223,6.0410452,6.3905182,38.596917,10.799102
2008,9.2845298,33.582825,0.0001422198,0.0038735465,0,0,6.0717459,5.5672941,5.8158193,29.607465,24.046591
2008.0833,9.8407688,33.40387,0.00013337987,0.0057783896,0,0,5.713376,5.1598864,5.3326397,29.204596,28.138698
2008.1667,10.364186,33.19595,0.00013276098,0.02370293,0,0,5.3801045,4.7825923,4.9062543,28.820143,37.456223
2008.25,11.125218,33.06618,0.00013184729,0.07442039,0,0,5.0656886,4.4109769,4.5099654,31.427395,36.723929
2008.3333,9.9005448,33.671822,0.00013342848,0.33889806,0.23811845,0.077821676,4.8380389,4.0485606,4.14888,51.740633,18.368092
2008.4167,10.628428,36.220647,0.0001325473,1.9905909,6.3699319,1.6183288,4.6380253,3.7032955,3.8166454,68.095288,68.651089
2008.5,13.40865,38.852904,0.00013051735,2.174261,6.3626288,1.7410552,4.7451072,3.3813491,3.518898,62.085409,81.181322
2008.5833,15.938604,40.392745,0.0001288593,1.9356097,5.5039685,1.5124294,4.7127895,3.0996318,3.2677693,53.758328,76.344233
2008.6667,18.200822,41.623574,0.00013263199,1.3223323,3.7303921,1.0138428,5.0310531,2.8751295,3.0792971,51.870688,79.88503
2008.75,20.157993,42.452268,0.00012846236,0.30594734,0.69528324,0.26013489,5.0946164,2.6814959,2.9061425,44.749165,52.750368
2008.8333,18.906204,42.513303,0.00012571944,0.012803284,0,0,4.8165522,2.498117,2.7376537,37.651512,12.421522
2008.9167,14.523818,42.164005,0.00012681233,8.0201221e-05,0,0,4.5813155,2.3168001,2.566262,42.858759,2.8063334
2009,7.4030054,42.355265,0.0001337163,0.00069789102,0,0,4.425323,2.1317806,2.3801699,35.478626,2.3391222
2009.0833,3.2199356,41.958574,0.00015264061,0.0098654954,0,0,4.2998347,1.9565008,2.1878493,35.016983,3.1834486
2009.1667,2.0877193,41.461915,0.00017328901,0.016367812,0,0,4.1835852,1.7837747,1.9920217,34.879876,4.7710611
2009.25,1.8722528,41.164473,0.00017850866,0.079922803,0,0,4.0556431,1.6146257,1.8019779,36.220712,3.4798945
2009.3333,1.8731449,43.015495,0.00018034267,0.88790898,0.94631313,0.25709387,4.0611634,1.4604253,1.6290686,88.486693,9.2068894
2009.4167,3.179597,46.15495,0.00015760363,2.7085198,6.657477,2.0117874,4.2460914,1.3220404,1.4728851,63.933195,28.762521
2009.5,4.345173,47.406808,0.00015211664,2.9575262,7.2409182,2.2278334,3.9437618,1.1987283,1.3323061,54.19108,19.636788
2009.5833,4.290055,48.132107,0.00015316362,2.1583864,5.3686532,1.6482078,3.7027271,1.0882496,1.2047952,51.937869,15.753084
2009.6667,4.1349912,48.666842,0.00015298539,1.4984782,3.7521097,1.1511214,4.1339097,0.99145395,1.0937696,51.0883,17.249854
2009.75,4.7516432,49.116232,0.00014681101,0.59214769,1.4129212,0.44366365,5.3763795,0.9040243,0.99516052,50.104844,21.334364
2009.8333,5.4746494,49.433324,0.00014273029,0.0093931914,0,0,5.7029662,0.82891184,0.9081887,49.503251,26.619885
2009.9167,6.7983796,49.880844,0.0001383153,0.0028775758,0,0,5.6226954,0.76295298,0.8324452,70.99711,31.839371
2010,7.8469561,51.649719,2.3644883e-05,0.00077146552,0,0,5.531775,0.70175135,0.76666462,46.661856,33.915579
2010.0833,9.7244726,51.55104,1.7097846e-05,0.034021187,0,0,5.4434752,0.64912623,0.71436256,46.613718,61.607398
2010.1667,13.924211,51.398687,1.3413221e-05,0.021545002,0,0,5.3027291,0.60493124,0.66807568,46.124219,95.964141
2010.25,17.538108,51.31029,1.1786929e-05,0.19697815,0,0,5.1341481,0.57014734,0.6248042,51.362493,76.945977
2010.3333,22.405738,52.418817,1.0596191e-05,1.6410855,0.43420297,0.17143439,4.9607091,0.54867578,0.58616811,69.430645,214.44849
2010.4167,45.36486,53.522777,7.0720398e-06,3.1026893,5.8160927,2.5289433,4.2704611,0.53530467,0.54985017,55.970285,397.81503
2010.5,71.795695,53.638097,5.0272806e-06,2.9676069,6.0155487,2.3983632,3.7232106,0.55843049,0.52054459,52.668811,436.09936
2010.5833,95.042534,53.811278,4.4551748e-06,2.4220946,4.9880014,1.9090141,3.76775,0.62415594,0.50226104,52.132704,487.08511
2010.6667,110.71165,53.959966,4.265466e-06,1.6188763,3.5076899,1.2679863,4.9119291,0.75247121,0.50087363,52.265378,298.83907
2010.75,110.94781,54.090533,4.1996145e-06,0.60333097,1.1230507,0.42494465,6.3736997,0.96580732,0.52423525,50.779042,143.18928
2010.8333,102.53802,53.906728,4.3427071e-06,0.044713217,0,0,7.52354,1.2990606,0.58286232,46.792605,117.92815
2010.9167,94.60146,53.580504,4.5004845e-06,0.00078776648,0,0,8.5180264,1.783617,0.69235772,52.782502,83.593599
2011,84.917679,53.726479,5.3174408e-06,0.0043221793,0,0,9.4472609,2.4137905,0.86838484,44.102066,43.042771
2011.0833,74.981153,53.198379,5.7178509e-06,0.011696513,0,0,10.23151,3.1590755,1.1032538,43.152656,29.497345
2011.1667,65.443613,52.616023,6.273156e-06,0.04558704,0,0,10.845407,4.0527296,1.4227585,42.095994,13.312088
2011.25,56.611441,51.966932,6.9740559e-06,0.077628539,0,0,11.274949,5.12466,1.9526117,41.502475,11.155432
2011.3333,49.076188,51.41395,7.7072764e-06,0.4120892,0.081671661,0.035117694,11.574747,6.3544755,2.5992243,57.014836,19.033097
2011.4167,61.80428,52.306328,6.7906994e-06,2.9617775,6.0918195,2.3594351,14.288744,7.7532544,3.3260713,53.668127,563.61377
2011.5,102.21763,52.30676,4.6645332e-06,2.6557049,5.6923784,2.1165764,21.136772,9.2573528,4.1508589,49.907247,612.04085
2011.5833,130.77849,52.278489,4.1690391e-06,2.2255538,4.7888684,1.7738315,27.912823,11.003285,5.0791993,50.253995,518.3013
2011.6667,146.01687,52.282982,3.9582533e-06,1.6006725,3.4634246,1.2736491,33.574821,12.924744,6.114253,50.228531,360.58911
2011.75,141.94718,52.174184,3.9577076e-06,0.49181698,1.0980523,0.41294449,36.37318,15.088343,7.3022432,46.068641,98.181584
2011.8333,123.23615,51.515657,4.2861175e-06,0.020210508,0,0,37.178425,17.559965,8.6608601,40.657579,10.673436
2011.9167,105.30363,50.64157,5.2913042e-06,0.0020026189,0,0,37.97736,20.412733,10.199947,40.099684,0.023579307
2012,89.814268,49.846582,5.7550542e-06,0.00027373286,0,0,38.087936,23.750147,11.943523,39.045827,0.013624109
2012.0833,77.145003,49.024645,6.1996566e-06,0.0022971881,0,0,37.964008,27.353922,13.791406,38.40377,0.01647072
2012.1667,66.366293,48.218869,6.7119659e-06,0.006536618,0,0,37.38475,31.261786,15.85884,37.773634,0.54915398
2012.25,57.007939,47.380645,7.2595831e-06,0.095000727,0,0,36.038307,35.235004,18.11113,37.156439,3.4185334
2012.3333,48.812844,46.618514,7.9092733e-06,0.25678675,0,0,34.505108,38.045162,20.183849,44.020376,1.0242388
2012.4167,53.323645,47.337726,7.5390526e-06,2.4340081,5.5260343,2.0747324,40.03294,41.146847,22.340532,56.195265,391.71191
2012.5,89.79807,47.460824,5.1171542e-06,2.5785774,6.0654214,2.1611439,65.462135,44.505314,24.262009,47.158984,597.11369
2012.5833,113.42124,47.429752,4.2106831e-06,1.8236123,4.3818032,1.5195566,82.382805,48.202061,25.93425,46.223187,421.78256
2012.6667,122.2741,47.37654,3.9327274e-06,1.3385443,3.2854969,1.1291022,91.063194,52.145081,27.786911,46.134992,299.84529
2012.75,117.70747,47.233198,3.8159956e-06,0.54006232,1.1039383,0.46717264,92.271118,56.642994,29.87714,43.371593,74.861146
2012.8333,101.12361,46.617601,4.3787704e-06,0.01608774,0,0,88.84996,61.765816,32.574245,36.512201,0.014113126
2012.9167,85.601538,45.667075,5.3002436e-06,3.2670266e-05,0,0,86.713608,67.552391,36.260612,35.933579,0.0088642375
2013,72.083369,44.757184,6.0083271e-06,0.0017499126,0,0,83.64167,73.741325,40.457348,35.051525,0.0073734711
2013.0833,61.535291,44.002283,6.5034733e-06,0.0036658426,0,0,79.573219,80.066856,44.918392,34.413869,0.0021373687
2013.1667,52.537303,43.074619,7.0951437e-06,0.017475596,0,0,75.974899,86.913567,49.640965,33.666265,0
2013.25,44.707306,42.239886,7.7078985e-06,0.0089238215,0,0,71.736214,94.470207,54.817101,33.01389,0
2013.3333,38.129099,41.611645,8.4904214e-06,0.2660378,0,0,67.294624,102.26443,60.324146,39.713015,4.4413086
2013.4167,49.119849,41.973967,7.4700379e-06,2.6272079,6.2728397,2.1764462,83.639793,110.54425,66.124428,45.600993,496.4206
2013.5,87.938778,41.952163,4.4850303e-06,2.4912002,6.1546887,2.118613,138.07716,119.59634,72.253494,41.212362,618.12957
2013.5833,121.00133,41.884221,3.6391421e-06,2.1262955,5.3627369,1.7869337,178.92755,129.2556,78.85379,40.88543,543.01182
2013.6667,136.91115,41.792803,3.3104673e-06,1.3685216,3.5597662,1.151364,197.99809,139.26335,85.713463,40.629261,334.17163
2013.75,131.20605,41.635565,3.2417379e-06,0.49979826,1.2882414,0.38731763,196.76028,149.94209,92.874046,38.918796,78.748471
2013.8333,113.72619,41.229095,3.3204842e-06,0.099439231,0.22822578,0.079170155,182.99492,161.42918,100.48816,33.695847,8.8454808
2013.9167,96.896134,40.507667,3.5081364e-06,0.0032485866,0,0,171.31766,173.27502,108.62316,32.169247,3.8525018
2014,82.586512,39.790634,3.7201335e-06,0.0059146048,0,0,160.02037,185.56227,117.46905,31.149386,4.4312925
2014.0833,70.808776,39.087784,4.6871801e-06,0.014900465,0,0,149.67769,197.7146,126.41779,30.551651,0.0020809826
2014.1667,60.729671,38.39371,6.4855999e-06,0.03880919,0,0,139.61885,210.41325,135.87296,30.008604,0.0033502597
2014.25,51.249802,37.304416,7.5341113e-06,0.12962657,0,0,130.97488,224.2565,146.15405,29.913547,2.5059944
2014.3333,44.777192,36.825199,8.3118002e-06,0.467488,0.14933219,0.030241043,124.39487,238.78755,156.99945,39.546558,38.123187
2014.4167,58.453083,37.367899,6.7373599e-06,2.405101,6.3373462,1.6062087,158.79472,254.10721,168.40416,40.423615,535.93732
2014.5,97.541466,37.266355,3.7362217e-06,2.1896656,5.8588324,1.7248816,256.89868,270.38101,180.35576,36.035797,579.85978
2014.5833,127.32382,37.178658,3.3286312e-06,2.0027921,5.511333,1.6331965,329.74109,287.98099,193.06932,36.141487,540.07635
2014.6667,141.17181,37.106846,3.0936867e-06,1.281888,3.6505523,1.0410585,364.68741,305.92776,206.15993,36.14822,326.71005
2014.75,135.34726,36.992788,3.0517938e-06,0.44110906,1.1204159,0.41142979,362.78802,324.63123,219.87997,34.041139,81.017542
2014.8333,115.25731,36.486365,3.2663186e-06,0.033862624,0.00026430795,0.0038384706,335.91751,344.16888,234.27676,28.532602,0.037720492
2014.9167,97.26496,35.809308,4.0887026e-06,0.0014472266,0,0,312.78976,364.54822,249.40495,27.991697,0.016586542
2015,81.796855,35.036396,4.7951098e-06,0.0010604541,0,0,290.2323,386.13678,265.57462,27.38243,0.0045622884
2015.0833,68.918392,34.057017,5.5840992e-06,0.0070156972,0,0,272.38336,407.65866,281.75671,26.617614,0
2015.1667,58.782917,33.41952,6.3132652e-06,0.034473406,0,0,253.22395,429.50455,298.78357,26.118844,0
2015.25,48.853986,32.474045,7.0486108e-06,0.071467239,0,0,234.22551,453.27319,317.22174,25.471957,0.4323721
2015.3333,44.091873,31.960472,7.7436289e-06,0.97627787,1.2625349,0.22689021,227.51089,477.43927,336.62253,31.301706,163.28434
2015.4167,70.667893,31.900387,5.3482627e-06,2.3722596,6.8410444,1.5422559,360.29373,502.34033,356.92505,29.996413,611.01541
2015.5,107.96066,31.787265,3.6812787e-06,2.2045552,6.4956432,1.7336836,524.13733,529.05505,376.62418,31.073767,616.68377
2015.5833,135.47811,31.718854,3.2830394e-06,1.6511553,5.0895208,1.3295324,627.44226,557.55487,393.91699,30.836127,450.04929
2015.6667,142.60609,31.648513,3.1076695e-06,1.1169505,3.5464788,0.9001646,654.92749,587.36017,411.70776,30.762315,290.79558
2015.75,133.47939,31.562924,3.0961035e-06,0.43928817,1.4464845,0.33651986,630.45416,617.36255,430.45834,30.103095,82.580408
2015.8333,115.01814,31.276483,3.2103094e-06,0.050819424,0.10598657,0.020018694,576.03015,648.52161,450.50064,25.35532,1.3978171
2015.9167,97.318009,30.727005,3.4089251e-06,0.0012179645,0,0,529.16809,680.91449,472.38538,24.059951,0.67317045
2016,82.189754,30.167887,3.628237e-06,0.001517041,0,0,485.25793,715.10236,496.20297,23.574335,0.0013310294
2016.0833,69.958135,29.642601,3.8449052e-06,0.01249062,0,0,445.53265,748.77972,520.28632,23.164801,0
2016.1667,59.613764,29.123919,4.0863379e-06,0.040500776,0,0,409.16165,783.97668,545.5014,22.762468,0.0037900265
2016.25,50.568521,28.637586,5.4238226e-06,0.11218449,0,0,376.61749,823.28271,573.47064,25.176401,1.0737371
2016.3333,46.079557,28.984297,6.6779085e-06,1.0007577,1.239521,0.14826965,361.12799,866.36292,604.71783,39.40638,169.42133
2016.4167,71.770675,29.376231,4.3522168e-06,2.206509,6.7128878,1.0968194,537.48218,913.05658,637.84869,28.089277,581.19007
2016.5,108.19212,29.291248,3.6276419e-06,1.9802825,6.346165,1.2962492,799.99127,960.23157,672.84003,28.377951,558.2431
2016.5833,129.70027,29.227069,3.4054651e-06,1.6247617,5.398367,1.183863,959.65521,1009.1594,705.08215,28.417719,450.60116
2016.6667,139.18234,29.164761,3.2692924e-06,1.1089382,3.7781094,0.80661002,1031.5034,1054.7101,737.95587,28.334621,296.70732
2016.75,131.36494,29.083068,3.2951493e-06,0.43879808,1.3384037,0.29181271,1004.9166,1101.3186,772.77277,28.181311,93.044792
2016.8333,113.08566,28.819079,3.4906982e-06,0.018035756,0,0,931.54956,1148.4794,809.58331,22.81576,0.15639066
2016.9167,95.731974,28.291974,4.0413429e-06,0.00029462403,0,0,855.9151,1195.1118,848.45807,22.107411,0.0030634327
2017,80.837905,27.766,0.00012076829,0.005004385,0,0,781.10468,1250.911,890.0744,21.696645,0
2017.0833,68.795241,27.239688,0.00011974885,0.0051166179,0,0,706.86316,1306.611,931.45117,21.285636,0
2017.1667,58.035206,26.469525,0.00012092113,0.017086324,0,0,629.66852,1357.978,973.92926,20.684611,0
2017.25,48.812557,25.962254,0.00012172623,0.081636976,0,0,557.56677,1401.3761,1017.2424,20.435242,0.098975643
2017.3333,42.118907,25.741234,0.00012269703,0.59898384,0.54959452,0.056492643,499.6319,1441.0359,1057.7067,31.312689,59.594936
2017.4167,55.190515,25.743358,0.00012082618,1.9053121,6.7578615,0.82803161,633.75977,1483.1582,1094.3667,24.600274,408.07971
2017.5,81.99475,25.664385,0.00011839311,1.8556054,6.6897305,1.0476494,868.17163,1524.1095,1127.1532,24.90703,457.09591
2017.5833,97.179234,25.605232,0.00011796461,1.3917538,5.1381813,0.93816979,969.22382,1559.7513,1160.2725,24.893594,320.67994
2017.6667,102.50205,25.549171,0.00011907105,0.95358412,3.6218088,0.6578084,975.44299,1591.76,1192.4476,24.818148,193.88926
2017.75,95.543943,25.445038,0.00012200676,0.40360917,1.4472155,0.25394995,893.59088,1621.8275,1222.9006,22.746583,50.039386
2017.8333,81.037283,25.074868,0.00011894888,0.046976603,0,0,782.89423,1649.9421,1250.0582,19.682547,0
2017.9167,68.350077,24.624089,0.00011828648,0.0013294581,0,0,688.59155,1681.1323,1275.3707,19.245949,0
2018,57.518277,24.167256,0.0001185111,0.0039853391,0,0,603.11017,1740.6953,1302.0063,18.888893,0
2018.0833,48.721846,23.711795,0.00011884742,0.012191266,0,0,530.16699,1796.5675,1326.2708,18.532909,0
2018.1667,41.128911,23.188727,0.00012129796,0.013002783,0,0,466.22021,1846.3842,1348.4592,18.124084,0
2018.25,34.031782,22.325624,0.00012547184,0.041594613,0,0,408.13528,1892.2231,1369.6857,17.460087,0.0054240258
2018.3333,27.71231,21.261485,0.00012925619,0.15491941,0,0,354.89679,1928.7335,1388.2596,23.298167,1.1431772
2018.4167,27.01926,21.921638,0.00012991265,1.2109001,4.2053673,0.48421322,350.45859,1971.1797,1404.7405,33.881918,163.34634
2018.5,48.216697,22.175722,0.00012390512,1.7550154,6.6753767,0.90892424,616.44189,2043.8737,1417.4486,21.59127,409.14212
2018.5833,69.507234,22.128567,0.00013092739,1.3130995,5.2691803,0.83178321,865.52667,2111.8452,1427.3616,21.843496,311.74973
2018.6667,78.0444,22.095021,0.00013107917,0.93017585,3.8673377,0.59669177,991.0766,2172.322,1439.575,21.882968,198.023
2018.75,75.772852,22.025762,0.00012663433,0.40132922,1.742731,0.23246365,990.32819,2220.4426,1458.264,20.19845,59.48371
2018.8333,64.834617,21.776013,0.00012064989,0.037829619,0.041061692,0.0033497377,874.14612,2225.5432,1477.6476,18.147548,0.021149567
2018.9167,54.731078,21.405112,0.0001191135,0.001994292,0,0,769.66681,2190.4614,1494.7117,16.730031,0
2019,46.068493,21.013947,0.00011935848,0.0040409892,0,0,673.586,2157.2083,1509.7761,16.424301,0
2019.0833,39.076123,20.641245,0.00012303286,0.007402521,0,0,591.89337,2127.783,1522.1725,16.133,0
2019.1667,33.081461,20.236056,0.00012593305,0.025784638,0,0,518.79498,2100.2222,1532.8088,15.816309,8.2962654e-09
2019.25,27.7011,19.743044,0.00012937537,0.054270753,0,0,450.72427,2073.3079,1542.1486,15.476894,0.10987214
2019.3333,23.323096,19.416885,0.00013289523,0.23576161,0.11818484,0.014102572,392.62167,2049.1177,1549.8964,21.905966,10.471041
2019.4167,29.770149,19.712983,0.00012876625,1.5325833,7.1092956,0.73970224,494.87952,2075.7166,1555.6696,22.415473,281.05256
2019.5,52.903742,19.687876,0.00012692338,1.5104718,7.2977318,0.94513573,808.50708,2131.8792,1556.8544,19.319578,374.31375
2019.5833,69.503509,19.634398,0.00013171072,1.1697964,5.8322348,0.77469482,969.89996,2184.3132,1559.793,19.122264,275.05534
2019.6667,75.752638,19.565953,0.00013050162,0.79241975,4.055005,0.51746322,973.4483,2230.6719,1561.6898,18.755235,161.46597
2019.75,71.102798,19.481814,0.00012343246,0.31706149,1.624492,0.21507163,867.573,2265.5339,1562.4385,18.629309,37.446202
2019.8333,60.60157,19.242948,0.00011690813,0.024253721,0.0013426244,4.5393767e-05,751.48987,2256.373,1562.2164,15.440734,0.25755369
2019.9167,51.145893,18.888535,0.00011704693,7.3815743e-05,0,0,660.07135,2210.8093,1559.5768,14.784177,0.19146153
