1.7586067319e-01 1.3678510605e-02 7.8128266226e-03
1.9030982628e-02 1.4818708024e-02 1.4158343935e-03
1.6938793163e-01 1.1104825996e-02 4.2332411977e-03
2.2875592549e-04 1.1298883666e-02 1.0004550519e-03
2.3152951306e-02 1.3972507311e-02 2.7862488181e-04
1.5401384172e-02 1.2562260958e-02 2.9486287652e-04
2.2095746826e-02 4.6253015498e-03 3.8954790337e-04
3.4219776513e-02 9.9512878369e-03 1.7627367500e-04
3.4219776513e-02 9.9512878369e-03 1.7627367500e-04
4.7261728871e-02 6.7182602822e-03 2.6319680546e-04
2.7048543396e-02 3.4792748047e-03 6.4108218207e-05
6.8125289787e-03 8.8584939639e-02 9.9311933930e-04
3.1017688724e-02 3.0020343761e-02 5.4244984009e-04
1.0660661788e-01 1.2411462826e-01 4.7527924229e-04
1.6904990150e-02 1.1689015788e-01 4.1965162867e-04
1.0955433381e-02 1.0574055292e-02 1.4328120703e-04
2.9578231275e-02 1.6753361172e-02 3.9570546263e-04
1.3025377314e-02 1.3415504247e-02 2.8877133203e-04
5.9758223128e-02 1.1675992919e-01 4.8738639452e-04
7.7977707842e-03 1.1573748663e-01 1.1368565902e-03
1.3857526627e-02 1.5740272403e-01 4.3622527664e-04
2.7258996386e-02 1.1756761186e-01 4.8999045005e-04
2.0441155337e-02 1.0786349730e-02 2.7996254357e-04
1.8132233371e-02 1.0283452707e-01 3.1071763685e-04
8.4718908959e-03 9.9929256830e-03 2.9401393719e-04
2.2220370670e-02 6.7366429139e-03 2.6954420233e-04
7.9690615957e-02 1.0633108012e-02 3.3840234876e-04
1.8315970820e-02 4.6839463369e-03 3.0024571606e-04
4.2795829505e-02 3.8779669752e-03 2.8259207526e-04
1.2579403818e-01 9.3412684898e-03 4.0687675209e-04
6.8286347513e-02 3.1130098699e-03 3.5405281233e-04
2.1909356738e-02 6.8485574254e-03 2.9858818501e-04
9.9369583031e-02 2.3302570238e-03 4.3479148250e-04
3.9629617784e-02 3.1663356155e-03 3.5077009913e-04
1.2648846362e-03 1.3837256469e-02 8.2796290614e-04
5.4001758806e-02 3.6003302278e-03 3.8476193489e-04
5.4830677186e-02 2.7321299810e-03 3.9767673055e-04
5.4830677186e-02 2.7321299810e-03 3.9767673055e-04
6.4890817429e-02 4.9873609096e-03 3.6160324574e-04
5.6441245290e-02 2.9889039385e-03 3.7857352072e-04
7.4604363181e-02 3.3600423679e-03 4.0055615439e-04
7.8131295353e-04 1.5898523542e-02 1.5670113595e-03
9.3610669865e-05 1.6957944414e-02 1.3517857975e-03
7.4883528054e-02 3.6389341500e-03 2.9117353430e-04
1.6130421543e-02 1.2291826541e-02 3.4472130089e-04
5.0090526541e-02 3.3352235138e-03 3.5338869808e-04
3.5235490960e-02 1.1507798918e-02 3.6280739854e-04
3.6382165582e-02 2.7280824725e-03 4.0168246899e-04
7.2848198935e-02 3.1713403490e-03 3.2495381796e-04
3.7232490722e-02 2.7140204523e-03 2.8305308175e-04
6.5813034385e-02 1.4910567164e-02 3.6503592977e-04
3.0165500318e-02 1.1560900447e-02 3.3069788697e-04
3.0165500318e-02 1.1560900447e-02 3.3069788697e-04
4.0723032784e-02 1.4035491506e-02 3.5960891182e-04
8.8614725818e-02 3.5107550793e-03 2.9244390074e-04
1.8798018728e-02 3.6364599558e-03 3.1548812937e-04
3.9092232939e-02 1.5505871968e-02 4.0423275277e-04
5.0891604275e-02 8.4473892736e-03 4.0847890583e-04
3.0484952943e-03 3.7403330013e-03 3.4252234764e-04
2.4489157096e-02 3.4519994321e-03 3.1164970278e-04
1.3067380836e-02 1.6337265183e-02 2.6902308673e-04
4.9756789425e-04 3.5601606593e-02 1.1536556509e-03
4.9756789425e-04 3.5601606593e-02 1.1536556509e-03
2.5102748846e-02 1.9765183330e-02 3.3845723131e-04
9.8390921266e-05 4.3166624382e-02 1.4048880160e-03
1.0630072133e-02 3.8345290232e-03 1.4151831116e-04
2.7218441945e-02 1.8529289092e-02 2.9495438988e-04
2.7218441945e-02 1.8529289092e-02 2.9495438988e-04
1.4324972251e-02 9.7440943355e-03 4.4270656751e-04
9.4081572567e-02 1.3565650831e-02 3.7549011419e-04
1.1659672173e-01 2.0904133562e-02 4.5897332408e-04
1.0311611850e-02 2.4443568972e-02 3.7462393569e-04
1.1438108049e-02 1.3836097904e-02 3.7046584718e-04
7.5150318754e-02 3.0868018046e-02 4.3679840746e-04
6.5131967887e-02 3.6680392455e-02 2.6284055518e-04
2.3697244003e-02 3.4646527221e-02 4.0461130023e-04
4.1237268442e-02 2.3018969378e-02 4.5421976635e-04
1.1823369268e-02 4.0648794423e-02 7.3651261240e-04
1.7158950213e-02 3.2132363102e-02 4.2683192684e-04
6.0357119578e-02 9.9019560342e-02 1.4223831473e-02
8.0056082457e-02 2.1840275079e-01 8.2462487044e-03
6.0036332967e-02 2.6154206196e-01 7.1751936727e-03
7.2181585555e-02 2.1365180860e-01 5.6187103425e-03
7.5934097171e-02 2.5643316035e-01 3.7129205341e-02
6.6892164138e-02 2.5962228576e-01 8.8649596631e-03
7.1421189544e-03 2.5018426776e-01 8.2418079061e-03
2.3650143460e-04 2.8733159602e-01 4.0614764827e-02
6.3299213555e-05 2.3706040904e-01 4.9258317488e-02
8.1532396997e-02 1.1674522671e-01 2.0072378218e-02
6.3302928538e-05 9.2143255596e-02 7.6410047089e-02
6.3335318070e-05 1.2530244452e-01 6.0571085041e-02
6.3290709174e-05 1.1765949304e-01 1.0104859248e-01
1.4352776573e-04 1.2549752432e-01 9.0152217075e-02
8.4995928773e-05 1.1343633570e-01 8.2249718408e-02
8.4995928773e-05 1.1343633570e-01 8.2249718408e-02
6.3292481476e-05 2.0671383167e-01 1.0473307657e-01
9.1561773540e-05 3.3940383534e-03 7.2293781520e-02
6.3313906139e-05 3.7322805680e-03 6.5615239398e-02
2.7472695365e-05 2.5443701384e-02 1.1374908003e-01
2.7472409784e-05 2.7553095793e-02 1.1607278325e-01
4.1418105102e-03 1.9723089412e-02 4.7240112598e-02
2.7472635338e-05 2.2522332612e-02 1.1674093952e-01
1.2254886048e-03 2.2315382026e-02 6.2916436543e-02
1.8985821953e-05 1.9806113560e-02 2.6908674122e-02
1.8985592760e-05 1.8808071657e-02 6.5475653391e-02
1.8985592760e-05 1.8808071657e-02 6.5475653391e-02
1.8987906515e-05 3.4873626864e-03 9.2792192906e-04
1.8978716980e-05 3.0094296023e-03 2.0928316638e-03
1.8984575945e-05 1.6854952633e-02 1.6278738156e-02
1.9012463326e-05 2.5656659280e-01 1.5400263403e-02
3.1713789970e-05 2.8353805964e-02 2.1635977319e-02
2.7645487232e-05 2.4683476270e-02 4.9969458642e-02
2.7645487232e-05 2.4683476270e-02 4.9969458642e-02
1.8987670046e-05 3.9602342707e-03 2.1469748307e-02
2.4108103995e-05 2.2578605761e-02 4.0913527676e-03
2.5652770091e-05 1.9992002596e-02 1.7074710554e-02
1.8960674424e-05 2.1776120334e-02 1.5516869297e-02
1.8971668396e-05 1.8980160511e-02 6.0433407392e-03
1.8986736904e-05 3.9004908370e-03 1.8497974340e-02
1.8981148969e-05 2.1805999956e-02 7.6524522932e-03
1.8988146621e-05 3.8241277483e-03 1.4569998098e-01
1.8986647774e-05 2.7015218356e-02 1.6345161867e-02
1.8987449948e-05 2.4335323678e-02 2.1060505571e-02
1.8987728254e-05 3.9595915465e-03 7.9154143731e-02
1.8986240320e-05 3.7373263694e-03 1.6651764077e-01
1.8986576833e-05 3.7312032315e-03 3.8074196879e-03
1.8986682335e-05 3.7305826518e-03 2.7292264664e-03
2.6366583218e-05 1.9117256161e-02 8.9478546288e-03
2.7645555747e-05 2.5137854895e-02 4.9623333849e-02
1.8961609840e-05 2.5324010911e-02 3.4917876745e-02
1.8970889869e-05 2.4849287389e-02 2.4798370975e-02
1.8962929062e-05 2.4546478565e-02 1.6931109751e-02
1.8988595912e-05 2.5356508947e-02 1.2923226287e-02
1.8988595912e-05 2.5356508947e-02 1.2923226287e-02
1.8986202122e-05 2.5865102497e-02 1.4859559325e-02
2.2043309855e-05 2.1036550713e-02 4.5510675991e-03
1.8979362721e-05 1.6347473953e-02 5.7590972943e-02
1.8980206429e-05 1.6301125754e-02 4.5299723744e-02
1.9268944167e-05 1.6096128151e-02 4.2602872786e-02
1.9830667801e-05 2.1265542911e-02 3.3078805543e-02
1.8967691479e-05 2.1243451008e-02 3.4843567448e-02
1.8967691479e-05 2.1243451008e-02 3.4843567448e-02
1.8970663101e-05 2.1460809434e-02 2.6748248066e-02
2.6613496630e-05 2.1344322090e-02 6.8378063850e-02
1.8966882180e-05 2.1318994773e-02 6.8647839439e-02
1.9910721676e-05 1.7877366083e-02 5.3256192555e-02
7.0230579998e-05 1.7582711608e-02 6.2362936946e-02
3.0351845150e-05 1.5138368976e-02 6.8861805834e-02
3.0151190610e-05 1.5167142109e-02 6.8563923240e-02
3.0901651068e-05 3.0299438164e-02 5.7421581820e-02
3.0901681991e-05 3.1798778412e-02 6.2254881797e-02
3.1002291204e-05 3.1663933303e-02 6.0221439227e-02
1.8967501092e-05 0.0000000000e+00 0.0000000000e+00
4.2179767206e-05 0.0000000000e+00 0.0000000000e+00
4.1875740711e-05 0.0000000000e+00 0.0000000000e+00
6.5837849242e-02 0.0000000000e+00 0.0000000000e+00
1.8986696887e-05 0.0000000000e+00 0.0000000000e+00
5.9188305711e-02 0.0000000000e+00 0.0000000000e+00
1.8991095203e-05 0.0000000000e+00 0.0000000000e+00
1.8987077055e-05 0.0000000000e+00 0.0000000000e+00
1.8987049771e-05 0.0000000000e+00 0.0000000000e+00
1.8987049771e-05 0.0000000000e+00 0.0000000000e+00
1.8991806428e-05 0.0000000000e+00 0.0000000000e+00
1.3847188015e-02 0.0000000000e+00 0.0000000000e+00
1.0085050094e-02 0.0000000000e+00 0.0000000000e+00
1.0085050094e-02 0.0000000000e+00 0.0000000000e+00
1.1610251153e-02 0.0000000000e+00 0.0000000000e+00
1.7058869824e-02 0.0000000000e+00 0.0000000000e+00
4.5846381846e-02 0.0000000000e+00 0.0000000000e+00
5.0711573722e-02 0.0000000000e+00 0.0000000000e+00
5.0711573722e-02 0.0000000000e+00 0.0000000000e+00
1.5474369051e-02 0.0000000000e+00 0.0000000000e+00
1.5474369051e-02 0.0000000000e+00 0.0000000000e+00
5.3863299700e-02 0.0000000000e+00 0.0000000000e+00
5.2861446204e-02 0.0000000000e+00 0.0000000000e+00
6.5008141721e-02 0.0000000000e+00 0.0000000000e+00
5.0229215063e-02 0.0000000000e+00 0.0000000000e+00
5.0229215063e-02 0.0000000000e+00 0.0000000000e+00
5.0229215063e-02 0.0000000000e+00 0.0000000000e+00
6.4466284588e-02 0.0000000000e+00 0.0000000000e+00
1.3062359393e-01 0.0000000000e+00 0.0000000000e+00
1.4535465961e-01 0.0000000000e+00 0.0000000000e+00
1.1249038018e-01 0.0000000000e+00 0.0000000000e+00
8.0535659877e-02 0.0000000000e+00 0.0000000000e+00
1.6055462261e-01 0.0000000000e+00 0.0000000000e+00
1.6055462261e-01 0.0000000000e+00 0.0000000000e+00
1.3744798427e-01 0.0000000000e+00 0.0000000000e+00
1.2957988804e-01 0.0000000000e+00 0.0000000000e+00
1.7307209472e-01 0.0000000000e+00 0.0000000000e+00
1.5353583793e-01 0.0000000000e+00 0.0000000000e+00
1.4655446137e-01 0.0000000000e+00 0.0000000000e+00
1.7653801665e-01 0.0000000000e+00 0.0000000000e+00
1.7653801665e-01 0.0000000000e+00 0.0000000000e+00
2.5421091511e-02 0.0000000000e+00 0.0000000000e+00
2.5421091511e-02 0.0000000000e+00 0.0000000000e+00
1.8016939362e-01 0.0000000000e+00 0.0000000000e+00
1.8016939362e-01 0.0000000000e+00 0.0000000000e+00
6.2384708474e-02 0.0000000000e+00 0.0000000000e+00
1.5921752279e-01 0.0000000000e+00 0.0000000000e+00
1.5566405902e-01 0.0000000000e+00 0.0000000000e+00
1.5599446868e-01 0.0000000000e+00 0.0000000000e+00
1.5480988100e-01 0.0000000000e+00 0.0000000000e+00
1.2362084414e-01 0.0000000000e+00 0.0000000000e+00
6.1328206522e-02 0.0000000000e+00 0.0000000000e+00
1.1207543562e-01 0.0000000000e+00 0.0000000000e+00
1.0758726361e-01 0.0000000000e+00 0.0000000000e+00
1.0758726361e-01 0.0000000000e+00 0.0000000000e+00
9.9670865263e-02 0.0000000000e+00 0.0000000000e+00
9.9670865263e-02 0.0000000000e+00 0.0000000000e+00
7.9789419969e-02 0.0000000000e+00 0.0000000000e+00
8.1535939127e-02 0.0000000000e+00 0.0000000000e+00
8.1318846593e-02 0.0000000000e+00 0.0000000000e+00
8.2642234241e-02 0.0000000000e+00 0.0000000000e+00
8.2792117571e-02 0.0000000000e+00 0.0000000000e+00
8.4478816018e-02 0.0000000000e+00 0.0000000000e+00
8.3060524737e-02 0.0000000000e+00 0.0000000000e+00
8.4124236057e-02 0.0000000000e+00 0.0000000000e+00
8.2820296908e-02 0.0000000000e+00 0.0000000000e+00
8.9521696791e-02 0.0000000000e+00 0.0000000000e+00
8.4590995063e-02 0.0000000000e+00 0.0000000000e+00
8.9010523011e-02 0.0000000000e+00 0.0000000000e+00
8.4097354362e-02 0.0000000000e+00 0.0000000000e+00
8.3268541843e-02 0.0000000000e+00 0.0000000000e+00
7.9190164184e-02 0.0000000000e+00 0.0000000000e+00
8.1207030763e-02 0.0000000000e+00 0.0000000000e+00
9.4038164243e-02 0.0000000000e+00 0.0000000000e+00
9.4038164243e-02 0.0000000000e+00 0.0000000000e+00
9.4038164243e-02 0.0000000000e+00 0.0000000000e+00
1.4963511005e-01 0.0000000000e+00 0.0000000000e+00
8.7811463202e-02 0.0000000000e+00 0.0000000000e+00
2.2079975655e-01 0.0000000000e+00 0.0000000000e+00
2.2180212537e-01 0.0000000000e+00 0.0000000000e+00
1.2834645932e-01 0.0000000000e+00 0.0000000000e+00
1.2834645932e-01 0.0000000000e+00 0.0000000000e+00
1.4018185064e-01 0.0000000000e+00 0.0000000000e+00
1.4018185064e-01 0.0000000000e+00 0.0000000000e+00
1.4018185064e-01 0.0000000000e+00 0.0000000000e+00
8.3546832825e-02 0.0000000000e+00 0.0000000000e+00
9.5727842922e-02 0.0000000000e+00 0.0000000000e+00
1.3670551901e-01 0.0000000000e+00 0.0000000000e+00
1.4146623512e-01 0.0000000000e+00 0.0000000000e+00
9.9719610065e-02 0.0000000000e+00 0.0000000000e+00
8.8184728598e-02 0.0000000000e+00 0.0000000000e+00
1.0224417783e-01 0.0000000000e+00 0.0000000000e+00
1.0224417783e-01 0.0000000000e+00 0.0000000000e+00
1.5377831583e-01 0.0000000000e+00 0.0000000000e+00
1.1860496489e-01 0.0000000000e+00 0.0000000000e+00
9.2013317471e-02 0.0000000000e+00 0.0000000000e+00
1.1565103071e-01 0.0000000000e+00 0.0000000000e+00
1.2040091120e-01 0.0000000000e+00 0.0000000000e+00
1.2040091120e-01 0.0000000000e+00 0.0000000000e+00
9.8273318261e-02 0.0000000000e+00 0.0000000000e+00
9.8273318261e-02 0.0000000000e+00 0.0000000000e+00
1.2305446280e-01 0.0000000000e+00 0.0000000000e+00
1.5647254512e-01 0.0000000000e+00 0.0000000000e+00
9.6492641295e-02 0.0000000000e+00 0.0000000000e+00
1.1089012523e-01 0.0000000000e+00 0.0000000000e+00
9.4117506097e-02 0.0000000000e+00 0.0000000000e+00
7.0203632737e-02 0.0000000000e+00 0.0000000000e+00
7.8580625976e-02 0.0000000000e+00 0.0000000000e+00
7.8499577940e-02 0.0000000000e+00 0.0000000000e+00
7.8499577940e-02 0.0000000000e+00 0.0000000000e+00
7.7936266859e-02 0.0000000000e+00 0.0000000000e+00
7.7055378507e-02 0.0000000000e+00 0.0000000000e+00
7.7761383727e-02 0.0000000000e+00 0.0000000000e+00
7.8819909443e-02 0.0000000000e+00 0.0000000000e+00
7.7975723892e-02 0.0000000000e+00 0.0000000000e+00
7.9115198925e-02 0.0000000000e+00 0.0000000000e+00
7.7831144755e-02 0.0000000000e+00 0.0000000000e+00
7.9553222905e-02 0.0000000000e+00 0.0000000000e+00
7.7571261053e-02 0.0000000000e+00 0.0000000000e+00
6.0209978372e-02 0.0000000000e+00 0.0000000000e+00
5.8392249669e-02 0.0000000000e+00 0.0000000000e+00
5.6941626283e-02 0.0000000000e+00 0.0000000000e+00
8.5086337601e-02 0.0000000000e+00 0.0000000000e+00
5.0876627862e-01 0.0000000000e+00 0.0000000000e+00
5.1447124283e-01 0.0000000000e+00 0.0000000000e+00
5.1931713521e-01 0.0000000000e+00 0.0000000000e+00
5.1788329085e-01 0.0000000000e+00 0.0000000000e+00
5.1788329085e-01 0.0000000000e+00 0.0000000000e+00
5.1788329085e-01 0.0000000000e+00 0.0000000000e+00
4.0297823896e-01 0.0000000000e+00 0.0000000000e+00
3.5906454672e-01 0.0000000000e+00 0.0000000000e+00
3.8827372839e-01 0.0000000000e+00 0.0000000000e+00
3.8827372839e-01 0.0000000000e+00 0.0000000000e+00
3.8472296794e-01 0.0000000000e+00 0.0000000000e+00
3.8338300337e-01 0.0000000000e+00 0.0000000000e+00
2.0402731126e-01 0.0000000000e+00 0.0000000000e+00
3.0702201277e-01 0.0000000000e+00 0.0000000000e+00
3.2095265637e-01 0.0000000000e+00 0.0000000000e+00
3.7642403940e-01 0.0000000000e+00 0.0000000000e+00
3.7575812389e-01 0.0000000000e+00 0.0000000000e+00
3.1351321687e-01 0.0000000000e+00 0.0000000000e+00
2.9210165391e-01 0.0000000000e+00 0.0000000000e+00
2.3524520795e-01 0.0000000000e+00 0.0000000000e+00
2.3524520795e-01 0.0000000000e+00 0.0000000000e+00
2.5998141368e-01 0.0000000000e+00 0.0000000000e+00
2.3237404476e-01 0.0000000000e+00 0.0000000000e+00
2.3256129771e-01 0.0000000000e+00 0.0000000000e+00
2.4135943005e-01 4.2712754570e-02 2.4889529838e-02
2.6240289460e-01 3.5157720558e-02 3.8647291561e-02
2.4956065913e-01 2.1444476147e-01 3.1594316165e-02
4.0153447787e-01 2.3076152274e-02 1.4457687348e-02
3.6490707348e-02 5.9091249170e-02 2.4282977761e-02
3.3005820587e-02 7.7851912007e-02 3.7541167190e-02
1.1895741491e-02 1.0343051578e-01 3.5927448111e-02
2.0353703139e-02 7.5524110347e-02 1.4989296188e-02
4.0229582849e-02 9.1449009255e-02 2.7554810047e-02
2.1043270982e-02 9.3181085462e-02 3.2756204251e-02
4.0575057889e-02 9.6635253479e-02 3.0844108978e-02
2.9778549913e-02 6.9925067946e-02 2.2252525669e-02
5.6010902859e-02 6.5461190417e-02 2.8970147638e-02
8.2308764259e-02 9.6886613096e-02 2.6829914811e-02
1.0489600711e-01 4.0122998568e-02 3.6151686062e-02
5.5292077983e-02 1.7645491163e-01 1.7080144025e-02
6.9439515161e-02 1.8692493315e-01 2.0736009348e-02
7.8708022833e-02 1.8055130541e-01 2.3956224633e-02
6.1949182923e-02 1.6438453024e-01 1.8504284633e-02
6.0363542909e-02 2.3653533682e-01 1.7236245874e-02
9.6304396167e-02 2.1805465097e-01 2.1322824061e-02
9.6304396167e-02 2.1805465097e-01 2.1322824061e-02
9.8707649112e-01 2.9643733054e-02 1.4844408724e-02
9.1751765211e-01 3.6129362260e-02 1.3518583340e-02
9.0137812495e-01 6.9462150956e-02 9.9708773196e-03
1.0406843503e-02 2.7671235551e-01 9.5381642459e-03
6.6585292916e-01 4.0486538472e-02 6.0646067383e-04
7.0224956517e-07 0.0000000000e+00 0.0000000000e+00
7.0214082371e-07 0.0000000000e+00 0.0000000000e+00
7.0209773639e-07 0.0000000000e+00 0.0000000000e+00
7.0210501235e-07 0.0000000000e+00 0.0000000000e+00
7.0134561270e-07 0.0000000000e+00 0.0000000000e+00
7.0229441462e-07 0.0000000000e+00 0.0000000000e+00
7.0227741844e-07 0.0000000000e+00 0.0000000000e+00
4.4845168304e-05 0.0000000000e+00 0.0000000000e+00
4.6465413410e-05 0.0000000000e+00 0.0000000000e+00
9.4181247732e-05 0.0000000000e+00 0.0000000000e+00
4.4784042681e-05 0.0000000000e+00 0.0000000000e+00
4.4784042681e-05 0.0000000000e+00 0.0000000000e+00
4.4805343350e-05 0.0000000000e+00 0.0000000000e+00
4.4842450734e-05 0.0000000000e+00 0.0000000000e+00
4.4842450734e-05 0.0000000000e+00 0.0000000000e+00
4.4827207603e-05 0.0000000000e+00 0.0000000000e+00
4.4817516027e-05 0.0000000000e+00 0.0000000000e+00
4.4817516027e-05 0.0000000000e+00 0.0000000000e+00
4.4823180360e-05 0.0000000000e+00 0.0000000000e+00
4.4823180360e-05 0.0000000000e+00 0.0000000000e+00
4.4808474134e-05 0.0000000000e+00 0.0000000000e+00
6.8783554525e-05 0.0000000000e+00 0.0000000000e+00
6.8783554525e-05 0.0000000000e+00 0.0000000000e+00
4.5551520998e-05 0.0000000000e+00 0.0000000000e+00
4.4849515689e-05 0.0000000000e+00 0.0000000000e+00
6.1495398465e-05 0.0000000000e+00 0.0000000000e+00
4.4861659262e-05 0.0000000000e+00 0.0000000000e+00
1.4094872980e-04 0.0000000000e+00 0.0000000000e+00
1.4094872980e-04 0.0000000000e+00 0.0000000000e+00
1.4094872980e-04 0.0000000000e+00 0.0000000000e+00
6.3444812743e-05 0.0000000000e+00 0.0000000000e+00
8.5289175331e-05 0.0000000000e+00 0.0000000000e+00
8.6485044449e-05 0.0000000000e+00 0.0000000000e+00
8.6485044449e-05 0.0000000000e+00 0.0000000000e+00
4.4842763600e-05 0.0000000000e+00 0.0000000000e+00
4.4827320380e-05 0.0000000000e+00 0.0000000000e+00
4.4853117288e-05 0.0000000000e+00 0.0000000000e+00
6.4288778049e-05 0.0000000000e+00 0.0000000000e+00
1.6039919186e-02 0.0000000000e+00 0.0000000000e+00
7.1510847192e-05 0.0000000000e+00 0.0000000000e+00
4.0401042749e-01 0.0000000000e+00 0.0000000000e+00
1.5997889568e-03 0.0000000000e+00 0.0000000000e+00
1.5555645184e-02 0.0000000000e+00 0.0000000000e+00
4.4872133003e-05 0.0000000000e+00 0.0000000000e+00
1.6658134642e-02 0.0000000000e+00 0.0000000000e+00
9.0958713492e-01 0.0000000000e+00 0.0000000000e+00
3.9700327907e-03 0.0000000000e+00 0.0000000000e+00
2.7652420104e-01 0.0000000000e+00 0.0000000000e+00
2.9073048305e-02 0.0000000000e+00 0.0000000000e+00
6.2889630285e-02 0.0000000000e+00 0.0000000000e+00
6.2889630285e-02 0.0000000000e+00 0.0000000000e+00
1.2567949605e-01 0.0000000000e+00 0.0000000000e+00
3.4600466490e-02 0.0000000000e+00 0.0000000000e+00
3.4600466490e-02 0.0000000000e+00 0.0000000000e+00
1.9675814857e-01 0.0000000000e+00 0.0000000000e+00
3.5299589485e-01 0.0000000000e+00 0.0000000000e+00
4.4872431317e-05 0.0000000000e+00 0.0000000000e+00
4.4915808151e-05 0.0000000000e+00 0.0000000000e+00
4.4860335038e-05 0.0000000000e+00 0.0000000000e+00
4.4845684897e-05 0.0000000000e+00 0.0000000000e+00
4.4856176828e-05 0.0000000000e+00 0.0000000000e+00
4.4882734073e-05 0.0000000000e+00 0.0000000000e+00
4.4882734073e-05 0.0000000000e+00 0.0000000000e+00
4.4882734073e-05 0.0000000000e+00 0.0000000000e+00
4.4866894314e-05 0.0000000000e+00 0.0000000000e+00
4.4866894314e-05 0.0000000000e+00 0.0000000000e+00
1.4566762745e-01 0.0000000000e+00 0.0000000000e+00
3.9080885860e-02 0.0000000000e+00 0.0000000000e+00
2.7643420299e-01 0.0000000000e+00 0.0000000000e+00
2.2619063966e-02 0.0000000000e+00 0.0000000000e+00
2.2619063966e-02 0.0000000000e+00 0.0000000000e+00
1.2018540098e-02 0.0000000000e+00 0.0000000000e+00
1.9418948144e-01 0.0000000000e+00 0.0000000000e+00
1.9418948144e-01 0.0000000000e+00 0.0000000000e+00
4.1625073180e-02 0.0000000000e+00 0.0000000000e+00
3.4632781210e-02 0.0000000000e+00 0.0000000000e+00
3.3265584614e-02 0.0000000000e+00 0.0000000000e+00
1.2541770066e-01 0.0000000000e+00 0.0000000000e+00
1.0911315680e-01 2.0181189291e-02 1.5140669663e-03
1.1407994727e-01 6.8487004998e-02 2.8998062965e-03
9.6609097576e-04 6.1975800122e-02 4.5468061871e-03
1.0034470009e-03 6.2452788465e-02 3.9457040596e-03
1.4841177935e-01 9.0462816569e-02 3.5162858294e-03
1.5062905227e-01 5.9166448812e-02 2.2068953598e-03
1.5062905227e-01 5.9166448812e-02 2.2068953598e-03
1.5131194144e-01 1.8423562404e-02 2.0483251089e-03
5.4764510423e-04 1.5169008407e-05 1.6968132967e-02
2.2273983682e-01 1.5253743830e-05 2.1662463575e-03
6.5635070826e-02 1.0895058280e-02 6.5372451694e-03
2.0681396927e-04 3.7450853114e-02 1.4924186321e-02
1.8398919322e-04 4.1238719753e-02 1.4099790094e-02
1.7395469670e-01 3.3925968998e-02 1.4813856833e-03
2.2854829270e-04 2.8155002743e-02 1.8606120163e-03
1.8497453978e-04 3.8572624947e-02 7.0393242155e-03
1.8497453978e-04 3.8572624947e-02 7.0393242155e-03
1.7689869492e-04 3.8541392734e-02 1.3341206048e-02
1.7892078661e-04 3.4313408347e-02 1.2494143293e-02
1.8550126454e-04 3.2764163023e-02 1.7277101210e-02
2.2516760388e-04 3.3558420526e-02 1.2400002122e-02
2.5573647387e-04 3.4812928488e-02 1.4886871252e-02
2.4455422660e-01 3.1487620125e-02 1.4889441427e-03
2.5802892317e-04 2.1812194958e-02 1.8379058689e-02
2.0048897713e-01 2.4699920633e-02 9.3052277031e-03
2.2729586393e-04 2.4969138205e-02 1.8660676743e-02
1.6360917956e-04 2.2596014664e-02 8.9401741667e-03
1.2689078782e-04 3.8216599263e-02 8.2727094026e-03
9.8061280369e-05 3.1832785346e-02 5.4324105101e-03
1.1379398651e-04 4.4739408419e-02 1.1114224403e-02
1.7855671831e-04 2.5169722115e-02 1.0487881179e-02
1.7855671831e-04 2.5169722115e-02 1.0487881179e-02
1.7855671831e-04 2.5169722115e-02 1.0487881179e-02
1.3874281406e-04 2.8404276508e-02 1.0130762239e-02
1.8416610813e-04 2.7248648461e-02 1.1408112555e-02
1.8723373068e-04 2.8382038542e-02 1.6710776060e-02
1.9648698193e-04 3.6779462981e-02 1.5184518726e-02
2.0439319269e-04 3.1928066630e-02 1.4640407132e-02
2.3525905272e-04 2.8165091295e-02 1.4559407408e-02
2.2664184507e-04 3.6507167543e-02 1.4706449428e-02
2.3805448776e-04 2.8444865874e-02 1.3411461997e-02
2.3805448776e-04 2.8444865874e-02 1.3411461997e-02
2.3630639528e-04 2.4942640526e-02 1.4132737182e-02
2.4737782466e-04 2.6062091347e-02 1.7776252159e-02
2.3476989736e-04 2.8928581004e-02 1.4068509530e-02
2.3620204714e-04 2.3628418644e-02 1.0653810653e-02
2.4975691485e-04 2.9371291244e-02 1.1450808185e-02
2.5272593363e-04 2.7352423718e-02 1.1817940976e-02
1.6056528936e-02 2.3240288254e-02 1.1754284458e-02
1.0129477441e-02 3.4618748197e-02 9.1920649478e-03
4.0411043291e-02 3.1138849910e-02 4.4517909798e-03
1.6643579428e-02 3.1473533561e-02 4.6989707286e-03
7.2536394000e-02 2.6728632239e-02 1.2662157222e-02
1.1701604165e-01 3.2438213316e-02 1.7238472278e-02
1.3980436573e-01 3.2472304379e-02 2.4812679815e-02
1.6821396227e-01 2.7480169820e-02 2.8167683476e-02
1.6821396227e-01 2.7480169820e-02 2.8167683476e-02
1.5715391142e-02 2.9633028433e-02 3.7869153855e-02
1.2510029537e-01 2.7418061470e-02 4.7331376001e-02
1.3349904865e-01 2.9404513693e-02 4.3420331863e-02
1.3238609955e-01 2.9858580790e-02 4.2042933870e-02
1.2719322555e-01 3.0580041775e-02 4.5287750351e-02
1.0591864120e-02 3.6315581606e-02 1.8258380471e-02
5.9655585637e-02 3.8071698509e-02 1.3339730973e-01
5.9655585637e-02 3.8071698509e-02 1.3339730973e-01
8.4070138633e-02 2.4437814175e-02 9.1480040923e-02
8.7579963729e-02 3.2100957120e-02 4.9836977385e-02
3.5676270879e-02 2.4690801123e-02 1.1627102457e-01
2.4855292402e-02 2.4141145560e-02 2.6609261675e-02
8.5062720502e-02 2.2835236353e-02 1.7600724551e-02
8.5919975614e-02 1.8103593805e-02 1.0329842335e-02
1.2104661000e-03 3.0567460383e-02 2.0272413928e-02
1.5822244886e-02 2.0293117967e-02 1.0421373612e-02
1.6654365386e-02 2.3772213608e-02 4.4292978942e-02
1.6292066701e-02 2.3924433781e-02 2.0579009860e-02
1.6714757619e-02 2.4646589377e-02 5.9074537906e-05
1.8204524492e-02 2.4041324233e-02 1.1472980181e-02
1.6073108263e-02 2.2707528124e-02 2.1446015996e-02
1.4728464497e-02 2.1060112709e-02 2.4783191892e-02
1.4720610343e-02 2.4722790501e-02 1.0828561455e-02
1.4860091731e-02 2.0190509890e-02 1.2004624454e-02
1.5046905028e-02 2.0713520236e-02 9.2400672377e-03
6.2319923192e-02 4.8860636229e-02 8.7136066577e-03
1.5675866666e-02 3.4786717345e-02 1.1109275538e-02
1.5700714740e-02 4.3919268064e-02 2.3292937006e-02
7.3788847153e-02 0.0000000000e+00 0.0000000000e+00
9.5151933935e-03 0.0000000000e+00 0.0000000000e+00
9.8929135371e-05 0.0000000000e+00 0.0000000000e+00
5.5292487765e-02 0.0000000000e+00 0.0000000000e+00
9.9289094161e-07 0.0000000000e+00 0.0000000000e+00
1.3961631756e-06 0.0000000000e+00 0.0000000000e+00
6.5140732772e-06 0.0000000000e+00 0.0000000000e+00
4.4455338269e-02 0.0000000000e+00 0.0000000000e+00
2.1005713815e-01 0.0000000000e+00 0.0000000000e+00
1.3581269608e-06 0.0000000000e+00 0.0000000000e+00
1.3581269608e-06 0.0000000000e+00 0.0000000000e+00
1.8513950882e-06 0.0000000000e+00 0.0000000000e+00
9.8904013157e-07 0.0000000000e+00 0.0000000000e+00
9.8910618362e-07 0.0000000000e+00 0.0000000000e+00
9.8885526730e-07 0.0000000000e+00 0.0000000000e+00
9.8980524399e-07 0.0000000000e+00 0.0000000000e+00
1.4219293784e-06 0.0000000000e+00 0.0000000000e+00
1.4219293784e-06 0.0000000000e+00 0.0000000000e+00
9.8944690308e-07 0.0000000000e+00 0.0000000000e+00
1.9016537039e-01 0.0000000000e+00 0.0000000000e+00
8.9105661648e-02 0.0000000000e+00 0.0000000000e+00
1.1806781714e-01 0.0000000000e+00 0.0000000000e+00
1.0275993124e-01 0.0000000000e+00 0.0000000000e+00
7.8167725354e-02 0.0000000000e+00 0.0000000000e+00
1.0787173578e-01 0.0000000000e+00 0.0000000000e+00
1.9037169094e-01 0.0000000000e+00 0.0000000000e+00
1.2468969015e-01 0.0000000000e+00 0.0000000000e+00
1.1094851978e-01 0.0000000000e+00 0.0000000000e+00
2.9168144955e-02 0.0000000000e+00 0.0000000000e+00
3.1571343696e-02 0.0000000000e+00 0.0000000000e+00
1.6233402118e-01 0.0000000000e+00 0.0000000000e+00
9.3204887283e-05 0.0000000000e+00 0.0000000000e+00
3.6437938859e-01 0.0000000000e+00 0.0000000000e+00
2.8611005843e-01 0.0000000000e+00 0.0000000000e+00
2.4757104615e-01 0.0000000000e+00 0.0000000000e+00
2.2513431435e-01 0.0000000000e+00 0.0000000000e+00
1.9965267181e-01 0.0000000000e+00 0.0000000000e+00
2.0395057524e-01 0.0000000000e+00 0.0000000000e+00
2.0395057524e-01 0.0000000000e+00 0.0000000000e+00
8.7405278658e-02 0.0000000000e+00 0.0000000000e+00
1.4818078962e-01 0.0000000000e+00 0.0000000000e+00
1.3748400037e-01 0.0000000000e+00 0.0000000000e+00
1.1048039173e-01 0.0000000000e+00 0.0000000000e+00
1.1048039173e-01 0.0000000000e+00 0.0000000000e+00
1.5887316937e-01 0.0000000000e+00 0.0000000000e+00
1.6358438507e-01 0.0000000000e+00 0.0000000000e+00
1.1392949025e-01 0.0000000000e+00 0.0000000000e+00
2.0973315587e-01 0.0000000000e+00 0.0000000000e+00
1.4408265489e-01 0.0000000000e+00 0.0000000000e+00
1.4408265489e-01 0.0000000000e+00 0.0000000000e+00
1.4408265489e-01 0.0000000000e+00 0.0000000000e+00
3.5022875667e-01 0.0000000000e+00 0.0000000000e+00
2.8486219918e-01 0.0000000000e+00 0.0000000000e+00
3.4335325162e-01 0.0000000000e+00 0.0000000000e+00
3.7761359413e-01 0.0000000000e+00 0.0000000000e+00
4.2582682520e-01 0.0000000000e+00 0.0000000000e+00
3.7039830536e-01 0.0000000000e+00 0.0000000000e+00
2.8799055144e-01 0.0000000000e+00 0.0000000000e+00
4.6344538033e-01 0.0000000000e+00 0.0000000000e+00
4.5886876682e-01 0.0000000000e+00 0.0000000000e+00
4.5886876682e-01 0.0000000000e+00 0.0000000000e+00
4.1653620948e-01 0.0000000000e+00 0.0000000000e+00
4.0896838158e-01 0.0000000000e+00 0.0000000000e+00
1.2313237227e-01 0.0000000000e+00 0.0000000000e+00
1.2320294914e-01 0.0000000000e+00 0.0000000000e+00
1.2934539529e-01 0.0000000000e+00 0.0000000000e+00
3.9949550355e-01 0.0000000000e+00 0.0000000000e+00
5.2936057995e-01 0.0000000000e+00 0.0000000000e+00
5.2936057995e-01 0.0000000000e+00 0.0000000000e+00
1.1505786454e-01 0.0000000000e+00 0.0000000000e+00
5.8490712941e-01 0.0000000000e+00 0.0000000000e+00
2.1943046649e-01 0.0000000000e+00 0.0000000000e+00
1.1564575384e-01 0.0000000000e+00 0.0000000000e+00
1.4504151481e-01 0.0000000000e+00 0.0000000000e+00
1.4504151481e-01 0.0000000000e+00 0.0000000000e+00
1.5260353188e-01 0.0000000000e+00 0.0000000000e+00
1.5260353188e-01 0.0000000000e+00 0.0000000000e+00
1.5260353188e-01 0.0000000000e+00 0.0000000000e+00
1.5776445655e-01 0.0000000000e+00 0.0000000000e+00
1.2138541167e-01 0.0000000000e+00 0.0000000000e+00
1.3832427375e-01 0.0000000000e+00 0.0000000000e+00
1.3832427375e-01 0.0000000000e+00 0.0000000000e+00
1.8011403953e-01 0.0000000000e+00 0.0000000000e+00
1.8011403953e-01 0.0000000000e+00 0.0000000000e+00
1.7251889904e-01 0.0000000000e+00 0.0000000000e+00
1.8902111923e-01 0.0000000000e+00 0.0000000000e+00
3.9733676116e-01 0.0000000000e+00 0.0000000000e+00
3.9733676116e-01 0.0000000000e+00 0.0000000000e+00
1.4953570627e-01 0.0000000000e+00 0.0000000000e+00
1.3452468316e-01 0.0000000000e+00 0.0000000000e+00
1.3452468316e-01 0.0000000000e+00 0.0000000000e+00
1.3792945693e-01 0.0000000000e+00 0.0000000000e+00
1.1298849682e-01 0.0000000000e+00 0.0000000000e+00
1.4423155909e-01 0.0000000000e+00 0.0000000000e+00
1.4423155909e-01 0.0000000000e+00 0.0000000000e+00
1.0932533816e-01 0.0000000000e+00 0.0000000000e+00
1.6528000434e-01 0.0000000000e+00 0.0000000000e+00
1.6608166633e-01 0.0000000000e+00 0.0000000000e+00
1.1272435263e-01 0.0000000000e+00 0.0000000000e+00
1.5683707843e-01 0.0000000000e+00 0.0000000000e+00
1.7728451143e-01 0.0000000000e+00 0.0000000000e+00
1.9849279771e-01 0.0000000000e+00 0.0000000000e+00
1.8142984435e-01 0.0000000000e+00 0.0000000000e+00
2.2753483802e-01 0.0000000000e+00 0.0000000000e+00
1.6212203354e-01 0.0000000000e+00 0.0000000000e+00
1.9656795387e-01 0.0000000000e+00 0.0000000000e+00
1.9346237058e-01 0.0000000000e+00 0.0000000000e+00
1.9346237058e-01 0.0000000000e+00 0.0000000000e+00
1.9459148000e-01 0.0000000000e+00 0.0000000000e+00
1.9303545480e-01 0.0000000000e+00 0.0000000000e+00
2.1101634080e-01 0.0000000000e+00 0.0000000000e+00
2.1101634080e-01 0.0000000000e+00 0.0000000000e+00
1.5978541163e-01 0.0000000000e+00 0.0000000000e+00
5.4087568323e-01 0.0000000000e+00 0.0000000000e+00
6.2883576502e-01 0.0000000000e+00 0.0000000000e+00
3.0899060766e-01 0.0000000000e+00 0.0000000000e+00
5.1099987328e-01 0.0000000000e+00 0.0000000000e+00
3.2457009827e-01 0.0000000000e+00 0.0000000000e+00
4.1143459330e-01 0.0000000000e+00 0.0000000000e+00
2.1814137949e-02 0.0000000000e+00 0.0000000000e+00
2.2340896353e-01 0.0000000000e+00 0.0000000000e+00
2.3856926729e-02 0.0000000000e+00 0.0000000000e+00
1.5641044469e-02 1.5337781494e-24 0.0000000000e+00
1.6632835875e-02 9.2652629228e-19 0.0000000000e+00
3.0662024270e-01 1.2530072580e-21 0.0000000000e+00
1.8495672635e-02 4.8922648441e-20 0.0000000000e+00
1.3793770811e-02 1.3375267628e-19 0.0000000000e+00
8.4418280050e-02 8.8006299613e-20 0.0000000000e+00
8.4418280050e-02 8.8006299613e-20 0.0000000000e+00
1.1382551057e-01 3.7127922193e-21 0.0000000000e+00
2.1774309154e-02 3.7323852018e-21 0.0000000000e+00
8.5553284734e-03 0.0000000000e+00 0.0000000000e+00
4.2872169365e-02 8.9115026054e-22 0.0000000000e+00
3.1882866810e-02 0.0000000000e+00 0.0000000000e+00
4.6739647941e-02 3.1747272833e-27 0.0000000000e+00
1.6056268427e-02 7.5009833853e-21 0.0000000000e+00
6.9819849217e-02 9.4621085504e-24 0.0000000000e+00
3.6472970872e-02 1.5125015913e-23 0.0000000000e+00
1.5860248037e-02 1.0354755691e-22 0.0000000000e+00
1.9684981927e-01 7.2070805289e-24 0.0000000000e+00
1.7074073578e-02 0.0000000000e+00 0.0000000000e+00
2.3151071257e-02 6.8788256520e-23 0.0000000000e+00
3.0165154487e-01 8.5277393780e-13 0.0000000000e+00
3.0165154487e-01 8.5277393780e-13 0.0000000000e+00
3.3571523552e-01 4.9807042081e-13 0.0000000000e+00
3.5450798521e-01 6.1577349574e-13 0.0000000000e+00
9.2242660079e-05 1.5345176558e-01 9.2186341838e-03
4.0514729032e-05 1.5966444090e-01 1.8697454822e-03
1.2610195825e-01 2.1883511803e-14 0.0000000000e+00
1.2610195825e-01 2.1883511803e-14 0.0000000000e+00
4.5139569789e-01 5.7648986325e-08 1.7793988105e-20
2.6453114611e-01 3.5645837601e-19 0.0000000000e+00
2.9573104903e-01 9.7118406534e-20 0.0000000000e+00
3.2584764684e-01 7.8731740020e-20 0.0000000000e+00
7.5225098059e-02 5.6992150140e-21 0.0000000000e+00
3.0039517364e-02 8.4124148513e-02 6.0363751351e-03
1.2699519886e-02 1.3482447481e-02 1.4549116386e-03
2.9517857668e-02 5.7271461003e-02 5.6102484086e-03
2.4262105968e-02 6.4020357405e-02 3.9220630473e-03
2.2775478428e-02 7.2728558754e-02 7.8057969343e-04
1.6650649525e-02 9.9955781673e-02 2.6414450331e-03
7.4826036192e-03 1.5136854351e-01 3.0857589615e-03
4.9902148021e-03 1.2339140661e-01 1.9513124474e-03
2.5433997003e-02 0.0000000000e+00 0.0000000000e+00
2.5500908494e-02 0.0000000000e+00 0.0000000000e+00
2.5622006816e-02 0.0000000000e+00 0.0000000000e+00
1.4270671799e-02 0.0000000000e+00 0.0000000000e+00
1.4270671799e-02 0.0000000000e+00 0.0000000000e+00
3.6262802780e-01 0.0000000000e+00 0.0000000000e+00
3.2330007106e-01 0.0000000000e+00 0.0000000000e+00
3.9521754781e-01 0.0000000000e+00 0.0000000000e+00
3.6369270831e-01 0.0000000000e+00 0.0000000000e+00
3.6369270831e-01 0.0000000000e+00 0.0000000000e+00
3.6004962524e-01 0.0000000000e+00 0.0000000000e+00
3.8847338160e-01 0.0000000000e+00 0.0000000000e+00
3.9536911249e-01 0.0000000000e+00 0.0000000000e+00
5.9236742556e-01 0.0000000000e+00 0.0000000000e+00
5.6840682526e-01 0.0000000000e+00 0.0000000000e+00
5.6958010296e-01 0.0000000000e+00 0.0000000000e+00
5.8964881798e-01 0.0000000000e+00 0.0000000000e+00
5.6291509171e-01 0.0000000000e+00 0.0000000000e+00
5.7977135479e-01 0.0000000000e+00 0.0000000000e+00
5.4491969943e-01 0.0000000000e+00 0.0000000000e+00
1.2683620304e-01 6.8474289534e-03 4.4542594939e-04
1.2554766734e-01 1.5484845072e-02 4.7079737366e-04
1.2554766734e-01 1.5484845072e-02 4.7079737366e-04
3.7165060639e-02 1.3246900751e-02 3.2400637429e-04
7.3957361281e-02 1.3985574323e-02 4.6597053489e-06
7.3957361281e-02 1.3985574323e-02 4.6597053489e-06
5.3316884078e-05 2.3811569437e-02 8.9828103470e-03
5.3359581216e-05 3.0794696106e-02 8.0491811580e-03
5.3347182984e-05 7.9172867661e-02 1.1917274601e-02
5.3354589909e-05 4.0740884530e-02 1.6911207155e-02
8.1921273401e-05 2.3614227073e-02 9.7539245617e-03
3.0396313523e-03 4.6186796234e-02 5.1177580996e-03
1.1834445177e-03 1.7081569337e-02 7.5788535954e-03
1.7763360847e-04 4.7769051045e-02 1.0527147368e-02
3.5760873967e-03 1.0872774311e-02 4.0117570510e-03
5.3359744925e-05 2.5526049236e-02 1.3322509828e-04
5.3368145018e-05 1.3522728579e-02 1.8059504529e-02
5.3288316849e-05 1.1961307066e-02 2.7763230416e-02
5.3361618484e-05 1.5044159334e-02 1.3403607765e-02
1.2799385081e-02 2.7406129986e-02 1.6894824182e-02
3.6317981469e-02 2.7488651220e-02 5.0618420743e-03
6.2673278153e-03 1.7545708766e-02 5.2049665097e-04
7.6250953522e-03 8.7659731119e-03 6.2263425750e-02
8.2071742630e-05 2.2611517972e-03 6.0214907241e-02
1.3349579967e-04 3.8963098583e-03 6.6476684374e-02
9.0402834151e-05 7.6137438494e-03 5.2510561732e-02
8.9523755378e-05 7.4696182273e-03 4.9981663004e-02
4.8035139116e-04 1.1270509955e-02 2.3898809838e-02
1.2777043048e-04 1.3169325345e-02 2.9993049335e-02
3.9348990346e-02 5.5891693337e-03 2.6098999816e-02
7.9682761958e-03 4.6621158059e-03 2.0317374108e-02
2.4596063886e-02 7.0475727164e-03 2.5137626256e-02
7.0555857383e-02 3.3591066701e-03 2.3072825745e-02
1.3784404378e-02 6.0111223914e-03 3.1042030547e-02
8.9981018997e-05 4.4679684215e-03 2.3345876640e-02
8.9981018997e-05 4.4679684215e-03 2.3345876640e-02
1.0051112438e-02 6.9750954281e-03 2.0790940694e-02
7.1940113946e-03 5.5135900814e-03 2.9540208634e-02
4.6786112090e-02 4.7037076438e-03 3.1204162631e-02
1.2440801753e-02 4.8593092555e-03 2.3491388963e-02
2.4716301200e-02 4.0821052195e-03 2.7143718908e-02
4.3949123317e-02 2.0900767607e-02 5.2508413171e-02
7.6239295925e-02 2.4216602401e-02 6.0825423958e-02
9.2915287241e-02 2.1875761139e-02 6.5795727695e-02
1.0326418467e-01 2.0056044140e-02 6.6090408247e-02
1.1518945235e-01 2.1858371872e-02 8.7843017342e-02
9.9519528449e-02 2.2248312909e-02 6.0264265786e-02
8.2099580516e-03 1.8601595657e-02 2.5676994817e-02
7.9479787499e-02 2.9391135865e-02 5.2970956856e-02
5.5480787841e-02 4.4419332601e-03 2.7784441443e-02
1.6825670764e-02 1.1504634904e-02 1.1143977793e-02
4.5683088247e-02 3.6346997949e-03 4.5219238071e-02
8.2156209828e-05 5.2922817258e-02 3.6860358591e-02
3.0908464517e-04 7.8987252588e-02 2.9089817932e-02
1.3853930128e-04 7.9865497847e-02 3.6722325875e-02
1.4045335294e-02 3.9254064361e-02 2.7568327573e-02
1.1377767260e-04 6.6119132253e-02 5.1592028545e-02
7.6786371646e-03 3.2799402562e-02 2.1003095045e-02
1.0464212314e-02 3.2180137311e-02 2.1404123322e-02
2.2346086334e-02 1.7763324858e-02 2.1355566957e-02
1.9228659609e-02 5.5170702593e-03 2.3178491974e-02
1.9228659609e-02 5.5170702593e-03 2.3178491974e-02
9.7312023087e-03 8.5146755834e-03 1.9568696230e-02
1.4326612232e-02 4.1694761875e-02 4.3408936510e-02
1.2797527985e-03 5.3281121887e-02 4.1980329746e-02
2.5189127928e-02 4.4804890640e-02 4.3102595489e-02
8.2172788098e-05 1.7367261462e-02 2.5454145856e-02
8.2172743229e-05 1.8611680871e-02 7.3148722450e-02
8.2141039456e-05 4.8395978908e-02 8.8542206834e-02
8.2144900565e-05 5.2028325386e-02 1.0755340351e-01
8.2132790340e-05 1.0305669283e-01 4.8211923800e-02
8.8807409459e-05 1.0162543878e-01 4.9489712964e-02
8.2124159841e-05 8.6217513308e-02 3.9858591898e-02
8.2118993911e-05 9.4782430679e-02 3.6821576611e-02
8.2117760030e-05 1.0215911083e-01 6.4833494214e-02
8.2186840397e-05 1.0258585463e-01 5.0306885503e-02
1.7890784390e-04 8.8694263250e-02 1.0484366305e-01
1.7890784390e-04 8.8694263250e-02 1.0484366305e-01
1.4319631797e-04 1.0887491331e-01 6.9611949536e-02
8.2372408845e-05 7.9535113337e-02 1.1284627020e-01
8.2372408845e-05 7.9535113337e-02 1.1284627020e-01
8.2445985148e-05 8.2506623119e-02 7.3404482255e-02
8.2656356123e-05 8.4246790037e-02 6.8446628128e-02
8.2191945694e-05 7.7249752978e-02 1.5842909110e-02
8.2288372141e-05 8.3882480239e-02 7.2223816377e-02
1.2200894525e-04 9.1606100400e-02 5.2390246342e-02
8.4296002872e-05 9.0661333253e-02 3.4576038520e-02
8.2191964490e-05 5.0887265553e-02 1.8862104548e-02
8.2300546637e-05 1.5164943800e-02 1.4215006377e-02
8.2138608074e-05 4.8465552119e-02 3.0128428014e-02
8.2368331277e-05 1.1228019496e-01 8.8618225515e-03
8.2114003817e-05 6.1843337646e-02 2.0750919900e-02
9.9185689275e-05 1.2068379360e-01 2.2668862463e-02
8.2142546792e-05 7.3107119029e-02 2.8744687287e-02
8.2130584512e-05 1.2506774779e-02 5.0888261001e-02
8.2137696154e-05 1.2857247971e-02 5.4182039486e-02
7.3320288114e-05 4.2791810107e-03 3.3246637210e-02
7.3327434317e-05 2.8251344253e-03 3.4437187379e-02
7.3299548603e-05 3.2394602446e-03 3.8394947000e-02
1.5846454849e-01 2.6534226956e-02 4.6187429777e-02
7.3279263840e-05 2.7784351884e-03 3.4872224892e-02
7.3313810693e-05 2.1922258990e-02 3.0843229916e-02
8.7349160264e-02 2.9384215644e-03 4.7984337924e-02
5.9219521781e-02 2.2402895902e-03 9.0871973885e-05
6.5972522832e-02 1.3642539291e-02 5.9047703417e-05
4.9835086179e-02 3.8940464631e-03 6.0105962348e-05
1.5817525610e-01 5.9763366356e-02 1.5636018458e-03
1.6792609119e-02 2.8683453068e-03 3.6953458372e-05
1.1687330475e-02 3.3703838087e-02 4.2936234964e-05
1.6145948569e-01 5.9804371248e-02 5.5756812950e-04
1.6145948569e-01 5.9804371248e-02 5.5756812950e-04
1.6145948569e-01 5.9804371248e-02 5.5756812950e-04
3.2132414441e-02 4.9159852739e-03 6.5490264812e-05
9.6821087888e-03 3.8373031894e-03 3.7332836444e-05
3.4141958519e-03 5.6657975195e-03 3.2651435959e-05
3.4141958519e-03 5.6657975195e-03 3.2651435959e-05
1.8494061008e-01 8.1864595559e-03 7.6248057818e-05
1.7846154971e-02 5.8663889661e-03 4.1228807731e-05
3.5117514373e-02 1.8846937504e-02 3.8592164174e-05
3.5117514373e-02 1.8846937504e-02 3.8592164174e-05
1.6119906679e-01 8.4994435000e-02 7.4093508980e-03
1.6119906679e-01 8.4994435000e-02 7.4093508980e-03
4.1367862063e-02 2.6615513529e-02 1.4828721620e-03
8.2920929223e-03 8.1851011976e-03 3.9168428278e-05
6.4449260632e-02 6.1427964635e-03 1.5136755780e-03
1.7525494448e-02 8.1958136871e-03 9.9818958794e-04
7.6254551386e-03 6.1361158381e-03 7.2828047705e-05
3.1098447988e-01 4.6897008394e-02 3.4747449924e-03
5.3759901474e-02 1.1947403880e-02 2.4878180908e-03
7.3311549083e-05 2.5129935083e-01 2.3771126943e-05
7.3326023388e-05 1.2468893019e-01 2.8982341642e-05
1.1832048371e-01 2.2070982416e-02 4.9269752756e-03
7.3328231034e-05 2.1899783487e-01 2.9314729138e-05
7.3329632869e-05 1.1564367947e-01 2.9109125355e-05
7.3327300925e-05 3.5783938908e-02 2.9098178260e-05
7.3329692289e-05 1.3736406860e-03 2.8448988710e-05
7.3324381447e-05 2.5001063788e-02 1.3603784339e-05
3.3502988673e-02 2.5974821595e-02 1.3188403051e-03
5.6185734303e-02 9.0905703910e-03 9.8304220561e-04
5.6185734303e-02 9.0905703910e-03 9.8304220561e-04
8.9634469987e-05 1.2340126579e-02 3.3278599631e-05
7.3333367861e-05 3.8413365992e-02 1.3545190811e-05
3.5238128854e-02 1.9378666150e-02 8.8159864481e-04
2.2650137253e-03 1.1343395151e-01 1.9641228864e-03
2.9765580839e-03 1.0908100506e-01 1.9701764395e-03
2.9765580839e-03 1.0908100506e-01 1.9701764395e-03
2.0167529340e-03 1.0921526204e-01 1.4638773234e-03
2.8873721603e-03 1.0376981522e-01 1.8022666773e-03
2.5737953159e-03 1.0607266054e-01 1.7310413969e-03
2.1086754762e-03 1.0065813797e-01 9.7092369106e-04
2.6763800609e-03 6.6994559641e-02 8.0576280986e-04
2.3848031512e-03 1.0165752160e-01 1.3535268081e-03
1.6831431712e-03 1.1009427843e-01 1.3683132662e-03
1.9801391851e-03 1.0918094590e-01 1.6144515054e-03
1.3191226521e-02 1.0637986939e-02 1.7006291077e-01
9.5140379077e-03 1.5925967600e-02 7.6923603813e-02
1.2918763018e-02 1.6486834114e-02 1.7874792963e-01
1.4701293626e-02 1.6773272151e-02 1.6226345797e-01
1.3809722693e-02 3.7057114144e-02 1.4463045324e-01
2.6794696411e-03 1.8039107633e-02 1.9955328728e-01
9.3376982259e-03 2.5439896931e-02 3.8135164852e-01
1.3318278284e-02 3.0595875345e-02 1.3419016451e-01
3.4618709081e-03 1.5932273616e-01 1.1828229297e-02
1.1475979739e-02 6.6458517065e-02 1.3171619798e-01
1.0668440217e-02 6.5432512046e-02 1.4988850678e-01
7.1108070745e-03 1.2759579780e-01 6.2590512447e-02
9.7236930160e-03 2.4708854500e-02 4.2114460468e-01
6.1229154235e-03 2.5582110044e-02 1.8906402091e-01
8.0056289832e-03 4.7632272666e-02 1.3099904979e-01
7.6046801599e-03 4.5119685742e-02 1.4364745468e-01
2.7675512526e-03 1.6015821820e-01 1.9935787714e-03
2.1845094258e-03 1.5479677791e-01 2.7564235691e-03
2.2844670142e-03 1.4689951638e-01 2.6638583901e-03
2.4133266306e-03 1.5108141303e-01 2.8092256980e-03
2.4133266306e-03 1.5108141303e-01 2.8092256980e-03
2.6498919360e-03 1.4639751613e-01 4.2907518218e-03
2.4796785110e-03 1.5555471803e-01 4.9966136770e-03
2.3350303127e-03 1.6992487634e-01 6.7605411944e-03
1.0464863464e-02 1.0393446373e-01 1.9302963289e-02
1.0464863464e-02 1.0393446373e-01 1.9302963289e-02
3.1603967636e-03 1.8547814215e-01 1.0419723132e-02
3.1603967636e-03 1.8547814215e-01 1.0419723132e-02
9.7873570242e-03 1.4096238588e-01 8.1985425825e-02
3.9872469642e-05 2.7784423592e-02 2.2000137639e-02
3.9119600842e-05 6.5040952371e-02 1.1092717107e-01
3.9119600842e-05 9.0015626823e-02 6.8958275175e-03
3.9119598720e-05 3.7262524789e-02 8.2976619226e-03
3.9119596295e-05 4.4469314162e-02 4.9100677483e-02
3.9119597204e-05 5.8521276340e-02 7.1566861433e-02
3.9119385898e-05 3.2573586369e-02 9.7254458039e-03
3.9119586290e-05 2.2022526789e-02 2.2303670567e-02
3.9119458961e-05 1.9453063762e-02 7.3805899204e-03
3.9118276618e-05 5.0340688167e-02 3.4863031029e-03
3.9119811542e-05 5.6534892259e-02 6.8906565042e-03
3.9103662857e-05 5.4750272694e-02 1.2549810344e-02
5.3701907746e-05 4.8334367884e-02 1.8165833705e-02
5.3701824072e-05 5.1465317296e-02 1.4658458453e-02
5.3702995501e-05 9.7292728101e-02 1.2457313637e-02
5.3702020523e-05 8.2975897938e-02 8.3565471771e-03
3.7176200228e-03 1.5020445300e-01 1.4412701052e-02
5.3698580208e-05 5.2718851715e-02 1.0136739723e-01
5.3668234917e-05 5.2992664588e-02 8.3852571746e-02
5.3701514844e-05 9.7576574112e-02 2.3354218264e-02
5.3701514844e-05 9.7576574112e-02 2.3354218264e-02
5.3701514844e-05 8.0530512457e-02 6.3164305563e-03
5.3702260023e-05 8.1152582541e-02 9.7585657301e-03
7.9974653393e-05 7.8367910969e-02 1.6344430468e-02
5.3700671439e-05 8.0896363904e-02 2.0618638489e-02
1.0407638911e-03 7.1095469718e-02 1.0998326944e-01
5.3702567432e-05 8.2645483005e-02 1.6385495585e-02
5.3702567432e-05 8.2645483005e-02 1.6385495585e-02
5.3702638373e-05 4.9862762603e-02 2.8689342551e-02
5.3702646255e-05 8.9236638819e-02 2.8382704904e-02
5.3702230919e-05 5.8242723346e-02 3.7317699132e-02
5.3702280032e-05 6.9775984623e-02 8.1993658716e-02
5.3702558034e-05 4.5373218910e-02 4.1462536280e-02
5.9393536455e-03 2.6816975574e-01 3.8096640686e-03
5.3702728716e-05 1.3178801909e-01 1.1797675087e-02
5.3702728716e-05 1.3178801909e-01 1.1797675087e-02
1.8815190066e-02 2.2483252486e-01 4.3353062434e-02
1.5040090152e-02 1.9957561915e-01 1.5731501331e-01
5.4291460098e-05 8.8614969204e-02 2.1975327826e-02
2.4965193899e-02 2.0702877392e-01 5.0367753642e-02
1.5162431790e-02 2.0218127097e-01 5.2280001963e-02
5.4251398372e-05 1.6250291963e-01 1.7577375518e-02
5.3958561087e-05 1.7238775517e-01 1.9156661971e-02
5.3958561087e-05 1.7238775517e-01 1.9156661971e-02
5.3955050741e-05 1.6433252270e-01 2.3543730223e-02
5.3878023209e-05 1.7428589736e-01 2.8232397201e-02
5.3731301705e-05 1.6796331853e-01 2.2506037494e-02
5.3719799022e-05 1.6865423198e-01 2.6298077467e-02
5.3691066569e-05 1.6243115813e-01 2.8253129063e-02
5.3964404894e-05 1.7016882449e-01 2.5065347397e-02
1.8310201843e-05 7.3364562045e-02 2.8195695408e-02
1.8263957372e-05 6.5044039550e-02 2.8592819115e-02
1.8302871467e-05 9.3268609916e-02 2.8582980701e-02
1.8300366567e-05 1.0756729295e-01 3.2241202270e-02
1.8276320285e-05 1.4168182760e-01 3.3640373498e-02
1.8355959583e-05 1.5396473557e-01 3.4215184860e-02
1.8309602941e-05 1.6278599203e-01 2.5689114661e-02
1.8313595774e-05 1.4673281088e-01 2.7431162385e-02
3.3033921500e-04 1.5638599917e-01 1.0971278728e-02
4.9960383270e-05 1.2230004681e-01 2.0923242283e-02
7.1714119986e-03 1.4696751349e-01 1.7153320368e-02
1.8272626524e-05 2.4006429935e-01 8.3909449168e-03
1.8271690654e-05 2.2763389473e-01 1.7539813853e-03
1.8273945291e-05 2.6756149282e-01 2.0424585770e-03
1.8275028651e-05 2.7001557251e-01 1.6988590049e-02
1.8275028651e-05 2.7001557251e-01 1.6988590049e-02
2.8448534522e-05 2.6813342919e-01 2.5175303143e-02
1.1001231178e-03 2.0469446480e-01 2.2610696566e-03
1.8271483138e-05 2.9755236953e-01 1.0240838765e-04
1.8273887842e-05 2.9803781708e-01 1.3219769365e-04
1.8275775043e-05 3.1738308569e-01 1.3421073618e-04
1.8269804362e-05 1.6207160552e-01 8.2598032835e-04
1.8273633790e-05 1.3314634872e-01 1.1160604287e-03
1.8427017646e-05 2.1266038716e-01 6.5723760054e-04
1.8273103251e-05 2.3103686795e-01 9.3911699211e-07
1.8259802043e-05 3.0973679572e-01 7.3037996359e-04
1.8270743719e-05 2.9853128393e-01 5.4109150005e-04
1.8260765804e-05 3.1909822673e-01 3.6492629321e-04
1.8269938209e-05 3.3536459506e-01 5.2553886781e-04
1.8271459642e-05 3.9252228787e-01 9.3583097303e-07
1.8258648197e-05 3.2589109987e-01 9.3892121811e-07
1.8271917573e-05 3.2939039916e-01 1.2420840519e-06
1.8284109653e-05 3.6928289880e-01 7.1121175287e-06
1.8376254805e-05 3.3298094074e-01 9.3907628054e-07
2.4758796523e-05 3.9961589376e-01 1.4766378949e-02
1.8271891956e-05 4.8477277160e-01 6.0372819717e-03
4.3999428271e-05 4.2639844368e-01 2.2983985036e-04
1.8269844228e-05 3.5316865395e-01 1.8575473947e-05
4.2606861674e-05 4.4129248957e-01 9.3595687645e-07
1.8274315456e-05 4.0759301682e-01 9.3520662658e-07
1.8274782633e-05 4.4833604246e-01 9.3505171153e-07
1.9183051184e-05 3.8976514836e-01 9.3600285805e-07
1.8274093842e-05 3.9463860542e-01 9.3522789276e-07
1.8269077979e-05 3.2921318958e-01 9.3577328168e-07
1.8274434751e-05 3.3181151996e-01 9.3484540110e-07
1.8261773675e-05 3.5262966404e-01 1.7443315885e-06
1.8271734310e-05 2.4542859942e-01 4.2270071814e-04
1.8502408542e-05 3.4719250351e-01 8.9968604445e-07
2.2686113425e-05 3.8414683441e-01 3.1437916793e-04
1.8275005156e-05 3.6357934773e-01 1.0754839271e-04
1.8274140227e-05 3.5183694959e-01 8.8976714930e-05
1.8272287586e-05 4.1273112843e-01 1.1486665098e-03
1.8272189967e-05 4.0869170924e-01 1.3834373664e-03
1.8272189967e-05 4.0869170924e-01 1.3834373664e-03
3.1447658027e-05 3.7265331546e-01 1.8453064367e-03
1.8270845582e-05 3.6742119491e-01 5.1920430075e-03
1.8266451358e-05 3.8428619504e-01 2.7915704256e-03
2.6184060365e-05 4.1914055993e-01 2.4624199711e-03
1.8264889604e-05 3.5471680512e-01 3.4007113136e-03
1.8264889604e-05 3.5471680512e-01 3.4007113136e-03
7.2410781092e-03 4.4296578070e-01 4.6667291147e-03
1.8271690351e-05 3.6265791953e-01 2.4229538940e-03
1.8272606212e-05 3.8658265521e-01 5.8976186362e-03
1.8273229822e-05 4.8974565168e-01 5.0616881053e-03
2.4801693447e-05 2.8000406673e-01 7.0590908338e-04
2.4829558697e-05 3.1891291837e-01 1.6086747385e-02
2.4823668355e-05 4.2128019283e-01 5.1927614889e-03
2.4815280388e-05 2.1558021381e-01 6.4592683339e-03
2.5021692636e-05 1.0984865514e-01 1.7728643894e-03
2.5103099839e-05 4.5084705452e-01 1.3029004501e-02
2.4802162595e-05 3.3446487784e-01 1.8804361530e-02
3.3113452901e-05 5.8418972790e-01 2.7444209166e-03
3.7011956617e-05 3.0380694692e-01 8.1938432025e-03
9.6926896731e-06 6.3827247156e-06 1.8581835429e-01
2.4278156052e-03 5.3297566560e-02 1.3561944400e-02
9.6841915820e-06 7.4090960125e-02 7.8004941461e-03
3.5991521436e-03 1.0225830972e-01 8.1975681242e-03
5.1742861009e-03 3.7024705477e-03 3.2541935643e-02
5.1742861009e-03 3.7024705477e-03 3.2541935643e-02
1.0009986075e-05 1.5064389496e-05 1.2951204088e-02
5.8357826902e-04 8.2618066420e-02 1.6593996241e-02
9.6803001573e-06 1.3756515536e-02 2.2989753479e-02
9.6803001573e-06 1.3756515536e-02 2.2989753479e-02
5.6050556013e-03 3.2892422466e-04 6.6438136952e-03
7.4229327729e-03 8.2890307531e-02 2.0037389710e-02
3.2247535804e-05 1.5293173492e-01 7.2138582279e-03
1.2570986388e-03 1.1392522355e-01 1.4072538082e-02
1.2570986388e-03 1.1392522355e-01 1.4072538082e-02
1.2570986388e-03 1.1392522355e-01 1.4072538082e-02
3.0205532676e-03 4.7963085817e-03 5.0766984896e-03
3.0205532676e-03 4.7963085817e-03 5.0766984896e-03
2.5679100169e-03 2.8175059240e-02 4.7585875106e-02
5.1330969048e-03 2.3592163747e-01 1.1517954447e-02
1.3298835683e-02 1.9527476157e-01 1.0041758729e-02
2.0758335886e-03 1.4170240145e-02 1.2620037111e-02
1.1646357695e-03 3.5770109632e-04 2.7327548790e-03
4.5326808468e-03 1.4546904837e-01 8.4273414298e-03
1.4859771521e-03 3.6275284365e-02 9.3426149106e-03
1.9932739669e-03 1.4795051267e-01 9.9036017200e-03
2.7790837145e-03 2.2296414028e-01 5.6100238580e-03
3.2010499660e-03 2.2117571409e-01 7.9127238908e-03
1.3334567144e-03 6.0929259906e-02 5.2688222301e-03
1.5999309301e-03 1.4028401797e-01 8.0536431245e-03
4.4328547471e-03 2.0116907731e-01 1.0125834969e-05
6.7916101349e-03 1.3002306658e-01 1.7931458691e-05
1.9390686105e-02 1.8318987389e-01 1.8515141003e-05
1.9643784035e-03 5.9469510491e-02 2.7139723922e-02
1.9643784035e-03 5.9469510491e-02 2.7139723922e-02
2.3192883285e-03 6.6535154358e-02 4.1482660609e-02
5.0748592290e-04 1.0706483464e-02 8.4550861269e-02
5.0748592290e-04 1.0706483464e-02 8.4550861269e-02
1.6543910994e-03 2.3731716598e-01 1.4911135395e-05
2.0087978240e-03 2.0463692180e-02 1.1462736937e-01
1.7639842117e-03 1.9372010107e-01 4.8813020536e-05
1.7384490250e-03 1.5849834805e-01 2.8356216414e-05
1.9510071628e-03 1.4355362207e-01 4.6633300371e-02
1.8325461230e-03 1.3589157412e-01 1.7538616434e-02
1.7803595207e-03 6.4473039471e-02 2.9744710928e-02
2.5312517440e-03 1.7260212948e-01 2.1365124577e-02
1.7595524744e-03 7.4793992564e-02 4.7805124894e-02
2.2291632777e-03 1.0895731611e-01 3.1513539919e-02
2.0467544770e-03 1.1006065893e-01 4.3801973263e-02
1.0707937957e-02 1.1425104675e-01 4.3002623133e-02
4.8794675192e-03 3.0194335928e-01 4.4133342640e-05
6.9763443122e-03 2.1402050431e-01 9.8605740799e-06
1.4367331314e-03 8.7327605579e-03 2.1953569415e-02
2.0506457736e-02 4.3260205537e-02 1.6540032423e-02
1.4804512418e-02 1.1666756930e-01 4.3649309858e-03
2.9406152195e-03 1.0056545523e-01 6.0291049303e-03
1.5431869494e-03 1.3499342091e-01 7.8400810792e-03
1.5431869494e-03 1.3499342091e-01 7.8400810792e-03
3.8674286140e-03 1.3810173546e-01 5.2428124084e-03
2.5652300392e-03 1.3977746541e-01 3.4162134980e-03
1.1958996144e-02 1.1646656009e-01 2.9315634359e-03
3.1981215373e-03 1.8222392971e-01 9.2331834244e-06
4.1955005242e-03 2.3197798183e-01 8.3459964029e-06
4.8898737320e-04 2.4877287572e-01 8.7746736729e-04
1.8554611694e-03 2.4214251588e-01 1.1139602963e-03
6.9039668961e-04 2.4804051965e-01 8.5982357996e-04
1.6268949888e-03 2.4682217712e-01 3.2926889835e-03
1.6059257517e-03 2.7984540910e-01 1.2226759039e-03
7.8402938834e-04 2.7827691287e-01 1.5167676659e-03
1.4359456521e-03 2.5334739313e-01 6.6129732101e-03
1.4359456521e-03 2.5334739313e-01 6.6129732101e-03
5.2340416763e-04 3.2005034635e-01 7.6304680357e-03
2.0116025892e-02 2.9041401297e-01 4.2486624637e-03
1.6966813370e-03 2.8796970348e-01 8.7436419756e-03
1.4283653339e-03 2.0839809751e-01 3.7940313535e-03
2.6398371983e-04 2.4580748752e-01 4.9060144617e-04
1.3255256313e-03 2.4644330641e-01 4.1612095277e-03
1.6162740841e-03 2.3484175528e-01 5.2185971678e-03
1.8690548908e-03 2.4890265490e-01 8.5471619386e-03
1.1926957095e-03 1.5203733618e-01 1.1401953904e-05
1.1926957095e-03 1.5203733618e-01 1.1401953904e-05
7.2564804771e-03 1.3573089366e-01 1.8943901174e-02
3.6187809310e-03 2.1000288303e-01 1.5491267977e-02
4.0409501332e-03 2.1105208993e-01 1.4555947157e-02
4.2258357474e-03 2.1369145935e-01 4.3189239029e-03
1.1577890909e-03 1.9411725551e-01 1.8161337600e-03
8.5398269972e-03 1.8631783128e-01 2.4596984809e-02
1.5904060457e-03 2.0005091652e-01 1.5389085010e-02
1.4826604576e-03 1.7172727858e-01 5.0859948581e-03
1.8178322728e-03 1.6772086173e-01 8.6187841371e-03
8.4300909081e-04 1.7829049751e-01 6.7012390549e-03
8.4300909081e-04 1.7829049751e-01 6.7012390549e-03
8.1051880337e-04 1.9630969812e-01 3.2043551037e-03
1.7166783970e-03 2.0027724653e-01 5.1555599590e-03
9.9747200693e-04 1.7366317163e-01 1.3724299458e-02
1.1034785912e-03 1.4235805348e-01 1.9208816035e-02
4.2786977525e-03 1.4826098705e-01 1.8227613686e-02
3.1088121662e-03 1.5650826072e-01 2.2191610498e-02
2.2040785907e-03 1.7675239965e-01 1.4633329818e-02
1.4825508333e-03 1.4433483159e-01 1.2152926996e-02
1.0231555316e-03 2.6709783822e-01 1.7374860588e-02
1.2515049128e-03 2.6976299783e-01 1.6823833808e-02
1.6154066620e-03 2.7914343526e-01 1.7203827699e-02
3.1472401121e-03 2.5422021250e-01 1.5904653895e-02
1.7184103417e-03 3.0816150457e-01 1.4368155117e-02
1.2383968348e-03 2.6735598594e-01 1.3516751506e-02
1.2383968348e-03 2.6735598594e-01 1.3516751506e-02
1.3855505589e-03 2.6687252522e-01 1.3328778868e-02
1.4399788527e-03 2.7510884156e-01 1.3570199488e-02
1.4399788527e-03 2.7510884156e-01 1.3570199488e-02
1.3733349932e-03 2.7524709453e-01 1.2375330785e-02
1.7788005249e-03 4.3886858473e-01 1.7653889721e-02
2.2808184837e-03 3.3778546999e-01 3.4547528252e-02
1.9648083677e-03 1.8553410967e-01 4.5358239984e-02
1.8111256638e-03 2.4036061267e-01 1.7989270622e-02
2.1783036621e-03 2.2737183049e-01 2.6653897017e-02
1.6353008926e-03 2.4587435151e-01 3.3380445714e-02
1.3151629719e-03 2.4399581800e-01 3.5268224776e-02
2.0260071381e-03 2.1482525518e-01 3.1099904173e-02
2.6517599796e-03 2.0747310792e-01 2.9844320814e-01
1.5583887315e-03 2.0305416360e-01 1.4681436742e-02
3.6737164482e-03 2.0592383544e-01 1.4089385110e-01
2.6681291893e-03 2.1338584771e-01 7.4596979655e-02
2.6487927371e-03 2.1593897666e-01 2.8368299517e-02
1.4674940382e-03 2.2571911166e-01 1.9342590123e-02
1.3975094589e-03 2.2530639668e-01 1.5596922099e-02
1.5968764140e-03 2.1843720848e-01 1.7141525944e-02
1.2686706101e-03 1.6031664610e-01 1.8275366320e-02
1.0508770568e-03 1.5758375327e-01 2.4490710814e-02
1.2167798413e-03 1.5856034060e-01 2.5051731616e-02
1.3325523784e-03 1.6397957380e-01 2.2622897134e-02
1.1696354710e-03 1.5879362946e-01 3.9493460208e-02
1.2481921985e-03 1.6284198562e-01 2.5211705981e-02
8.8764021105e-04 1.6654411952e-01 2.3935774186e-02
1.8517023260e-03 1.4711913218e-01 2.7893960631e-02
9.2212011029e-03 1.3606373469e-01 1.4867644602e-02
9.2212011029e-03 1.3606373469e-01 1.4867644602e-02
1.5822252882e-02 0.0000000000e+00 0.0000000000e+00
1.6228545918e-02 0.0000000000e+00 0.0000000000e+00
1.1694483193e-02 0.0000000000e+00 0.0000000000e+00
1.5816233761e-02 0.0000000000e+00 0.0000000000e+00
1.6035037460e-02 0.0000000000e+00 0.0000000000e+00
1.3860402024e-02 0.0000000000e+00 0.0000000000e+00
1.6782586472e-02 0.0000000000e+00 0.0000000000e+00
1.6782586472e-02 0.0000000000e+00 0.0000000000e+00
1.5983308408e-02 0.0000000000e+00 0.0000000000e+00
1.6233176956e-02 0.0000000000e+00 0.0000000000e+00
1.5057397462e-02 0.0000000000e+00 0.0000000000e+00
1.7385065046e-02 0.0000000000e+00 0.0000000000e+00
2.2478234755e-02 0.0000000000e+00 0.0000000000e+00
1.6121433214e-02 0.0000000000e+00 0.0000000000e+00
1.6121433214e-02 0.0000000000e+00 0.0000000000e+00
1.6736615478e-02 0.0000000000e+00 0.0000000000e+00
2.3422537667e-02 0.0000000000e+00 0.0000000000e+00
2.7031195563e-02 0.0000000000e+00 0.0000000000e+00
2.0811573379e-02 0.0000000000e+00 0.0000000000e+00
2.0811573379e-02 0.0000000000e+00 0.0000000000e+00
2.0811573379e-02 0.0000000000e+00 0.0000000000e+00
2.0811573379e-02 0.0000000000e+00 0.0000000000e+00
2.0098915653e-02 0.0000000000e+00 0.0000000000e+00
1.9739505425e-02 0.0000000000e+00 0.0000000000e+00
1.9739505425e-02 0.0000000000e+00 0.0000000000e+00
2.0617334781e-02 0.0000000000e+00 0.0000000000e+00
3.9810012405e-02 0.0000000000e+00 0.0000000000e+00
2.7066817352e-02 0.0000000000e+00 0.0000000000e+00
3.9161862029e-02 0.0000000000e+00 0.0000000000e+00
3.9161862029e-02 0.0000000000e+00 0.0000000000e+00
3.1327633032e-02 0.0000000000e+00 0.0000000000e+00
3.7601056353e-02 0.0000000000e+00 0.0000000000e+00
3.7601056353e-02 0.0000000000e+00 0.0000000000e+00
6.7628051154e-02 0.0000000000e+00 0.0000000000e+00
5.1432002957e-02 0.0000000000e+00 0.0000000000e+00
1.0903513369e-01 0.0000000000e+00 0.0000000000e+00
4.9050233016e-03 0.0000000000e+00 0.0000000000e+00
9.5004890735e-02 0.0000000000e+00 0.0000000000e+00
4.2809491201e-02 0.0000000000e+00 0.0000000000e+00
4.2809491201e-02 0.0000000000e+00 0.0000000000e+00
7.5064572692e-01 0.0000000000e+00 0.0000000000e+00
1.0863093659e-01 0.0000000000e+00 0.0000000000e+00
1.0863093659e-01 0.0000000000e+00 0.0000000000e+00
3.2685991377e-01 0.0000000000e+00 0.0000000000e+00
5.3110718975e-01 0.0000000000e+00 0.0000000000e+00
3.0545721141e-02 0.0000000000e+00 0.0000000000e+00
6.1172319266e-02 0.0000000000e+00 0.0000000000e+00
4.8743252642e-02 0.0000000000e+00 0.0000000000e+00
7.8782233720e-02 0.0000000000e+00 0.0000000000e+00
4.3433829676e-02 0.0000000000e+00 0.0000000000e+00
4.9213732903e-02 0.0000000000e+00 0.0000000000e+00
5.5285776965e-02 0.0000000000e+00 0.0000000000e+00
4.0706346588e-02 0.0000000000e+00 0.0000000000e+00
6.3995107388e-02 0.0000000000e+00 0.0000000000e+00
4.9954456588e-02 0.0000000000e+00 0.0000000000e+00
1.4310142708e-01 0.0000000000e+00 0.0000000000e+00
4.4316458361e-02 0.0000000000e+00 0.0000000000e+00
6.5193980001e-02 0.0000000000e+00 0.0000000000e+00
3.8784587756e-02 0.0000000000e+00 0.0000000000e+00
4.1046124883e-02 0.0000000000e+00 0.0000000000e+00
4.0227950551e-02 0.0000000000e+00 0.0000000000e+00
5.7492084180e-02 0.0000000000e+00 0.0000000000e+00
6.5035247244e-02 0.0000000000e+00 0.0000000000e+00
7.7452924103e-02 0.0000000000e+00 0.0000000000e+00
7.8922324503e-02 0.0000000000e+00 0.0000000000e+00
4.9826781576e-02 0.0000000000e+00 0.0000000000e+00
6.9926206333e-02 0.0000000000e+00 0.0000000000e+00
6.3168511726e-02 0.0000000000e+00 0.0000000000e+00
5.7328583983e-02 0.0000000000e+00 0.0000000000e+00
5.7575848264e-02 0.0000000000e+00 0.0000000000e+00
1.2911123410e-01 0.0000000000e+00 0.0000000000e+00
7.9113715018e-02 0.0000000000e+00 0.0000000000e+00
9.5458008349e-02 0.0000000000e+00 0.0000000000e+00
9.5458008349e-02 0.0000000000e+00 0.0000000000e+00
9.5458008349e-02 0.0000000000e+00 0.0000000000e+00
7.1545899070e-03 0.0000000000e+00 0.0000000000e+00
7.0089688913e-03 0.0000000000e+00 0.0000000000e+00
1.2430857246e-02 0.0000000000e+00 0.0000000000e+00
1.2430857246e-02 0.0000000000e+00 0.0000000000e+00
1.2266162162e-02 0.0000000000e+00 0.0000000000e+00
1.1006816228e-01 0.0000000000e+00 0.0000000000e+00
1.1006816228e-01 0.0000000000e+00 0.0000000000e+00
9.3990712737e-02 0.0000000000e+00 0.0000000000e+00
1.1506096274e-01 0.0000000000e+00 0.0000000000e+00
1.2012914568e-01 0.0000000000e+00 0.0000000000e+00
1.0042020803e-01 0.0000000000e+00 0.0000000000e+00
1.1216866722e-01 0.0000000000e+00 0.0000000000e+00
1.5314910933e-01 0.0000000000e+00 0.0000000000e+00
1.0440458854e-01 0.0000000000e+00 0.0000000000e+00
1.1389755954e-01 0.0000000000e+00 0.0000000000e+00
9.2187033966e-02 0.0000000000e+00 0.0000000000e+00
8.4960634199e-02 0.0000000000e+00 0.0000000000e+00
7.7396719406e-02 0.0000000000e+00 0.0000000000e+00
7.7396719406e-02 0.0000000000e+00 0.0000000000e+00
8.7467351928e-02 0.0000000000e+00 0.0000000000e+00
8.7467351928e-02 0.0000000000e+00 0.0000000000e+00
7.8521751488e-02 0.0000000000e+00 0.0000000000e+00
7.5144913979e-02 0.0000000000e+00 0.0000000000e+00
7.2445326174e-02 0.0000000000e+00 0.0000000000e+00
7.8441206366e-02 0.0000000000e+00 0.0000000000e+00
7.1200270827e-02 0.0000000000e+00 0.0000000000e+00
5.9595895000e-02 0.0000000000e+00 0.0000000000e+00
5.9595895000e-02 0.0000000000e+00 0.0000000000e+00
5.9595895000e-02 0.0000000000e+00 0.0000000000e+00
6.2059921523e-02 0.0000000000e+00 0.0000000000e+00
6.2059921523e-02 0.0000000000e+00 0.0000000000e+00
7.2287597073e-02 0.0000000000e+00 0.0000000000e+00
3.2583061916e-02 0.0000000000e+00 0.0000000000e+00
1.8970127652e-01 0.0000000000e+00 0.0000000000e+00
7.2127678820e-03 0.0000000000e+00 0.0000000000e+00
3.6849403987e-02 0.0000000000e+00 0.0000000000e+00
4.8565367858e-02 0.0000000000e+00 0.0000000000e+00
1.0625784472e-01 0.0000000000e+00 0.0000000000e+00
5.6065950232e-02 0.0000000000e+00 0.0000000000e+00
4.8592723440e-02 0.0000000000e+00 0.0000000000e+00
4.9593064274e-03 0.0000000000e+00 0.0000000000e+00
7.4954525878e-02 0.0000000000e+00 0.0000000000e+00
7.4954525878e-02 0.0000000000e+00 0.0000000000e+00
1.2306756447e-03 0.0000000000e+00 0.0000000000e+00
1.2306756447e-03 0.0000000000e+00 0.0000000000e+00
2.8928976506e-01 0.0000000000e+00 0.0000000000e+00
3.2865152508e-01 0.0000000000e+00 0.0000000000e+00
1.2338753417e-01 0.0000000000e+00 0.0000000000e+00
1.2338753417e-01 0.0000000000e+00 0.0000000000e+00
1.2338753417e-01 0.0000000000e+00 0.0000000000e+00
2.6800919697e-01 0.0000000000e+00 0.0000000000e+00
2.6800919697e-01 0.0000000000e+00 0.0000000000e+00
2.5361783554e-01 0.0000000000e+00 0.0000000000e+00
1.8921802565e-01 0.0000000000e+00 0.0000000000e+00
7.7862120544e-02 0.0000000000e+00 0.0000000000e+00
1.2294447670e-01 0.0000000000e+00 0.0000000000e+00
3.1782720486e-01 0.0000000000e+00 0.0000000000e+00
9.3889828461e-02 0.0000000000e+00 0.0000000000e+00
2.0497889568e-01 0.0000000000e+00 0.0000000000e+00
7.0951383250e-02 0.0000000000e+00 0.0000000000e+00
7.0951383250e-02 0.0000000000e+00 0.0000000000e+00
5.5095493793e-02 0.0000000000e+00 0.0000000000e+00
9.7582222894e-02 0.0000000000e+00 0.0000000000e+00
9.7582222894e-02 0.0000000000e+00 0.0000000000e+00
5.8526031363e-02 0.0000000000e+00 0.0000000000e+00
1.1805462278e-01 0.0000000000e+00 0.0000000000e+00
1.1680646551e-01 0.0000000000e+00 0.0000000000e+00
8.6683015650e-02 0.0000000000e+00 0.0000000000e+00
1.1821669154e-01 0.0000000000e+00 0.0000000000e+00
5.5194581238e-02 0.0000000000e+00 0.0000000000e+00
3.2156662891e-01 0.0000000000e+00 0.0000000000e+00
3.2288096597e-01 0.0000000000e+00 0.0000000000e+00
1.6542363167e-01 0.0000000000e+00 0.0000000000e+00
1.5706745783e-01 0.0000000000e+00 0.0000000000e+00
1.8270982181e-01 0.0000000000e+00 0.0000000000e+00
1.9071595743e-01 0.0000000000e+00 0.0000000000e+00
1.4212053083e-01 0.0000000000e+00 0.0000000000e+00
1.4657544469e-01 0.0000000000e+00 0.0000000000e+00
1.4619160444e-01 0.0000000000e+00 0.0000000000e+00
1.4619160444e-01 0.0000000000e+00 0.0000000000e+00
1.5787583093e-01 0.0000000000e+00 0.0000000000e+00
1.8025825545e-01 0.0000000000e+00 0.0000000000e+00
1.5193270883e-05 0.0000000000e+00 0.0000000000e+00
1.5205963791e-05 0.0000000000e+00 0.0000000000e+00
1.5205963791e-05 0.0000000000e+00 0.0000000000e+00
1.5205566342e-05 0.0000000000e+00 0.0000000000e+00
1.5185597931e-05 0.0000000000e+00 0.0000000000e+00
5.2297241079e-05 0.0000000000e+00 0.0000000000e+00
1.3251440820e-04 0.0000000000e+00 0.0000000000e+00
2.1102102589e-05 0.0000000000e+00 0.0000000000e+00
1.5203732801e-05 0.0000000000e+00 0.0000000000e+00
1.5199682821e-05 0.0000000000e+00 0.0000000000e+00
1.5203886505e-05 0.0000000000e+00 0.0000000000e+00
1.5193781868e-05 0.0000000000e+00 0.0000000000e+00
1.5201189854e-05 0.0000000000e+00 0.0000000000e+00
9.9668382973e-05 0.0000000000e+00 0.0000000000e+00
1.5209215235e-05 0.0000000000e+00 0.0000000000e+00
1.0408938518e-04 0.0000000000e+00 0.0000000000e+00
1.5194931545e-05 0.0000000000e+00 0.0000000000e+00
5.8821477978e-05 0.0000000000e+00 0.0000000000e+00
1.5192379957e-05 0.0000000000e+00 0.0000000000e+00
3.9097436305e-05 0.0000000000e+00 0.0000000000e+00
1.5181914705e-05 0.0000000000e+00 0.0000000000e+00
1.6878021900e-05 3.1123465051e-01 7.8618340922e-05
3.1278569950e-03 2.5857937057e-02 1.3769170406e-04
2.7897200440e-03 2.5447071375e-02 1.3269791089e-04
1.2512607376e-01 1.5578059852e-01 4.3692427961e-05
1.0787490321e-01 1.8953747970e-02 1.7315758004e-02
1.0787490321e-01 1.8953747970e-02 1.7315758004e-02
1.3471818591e-01 6.8889955990e-02 3.0351802241e-02
1.2379586076e-01 5.6254913410e-02 5.9091402751e-03
1.4232495800e-01 5.6997981543e-02 3.4665049830e-02
1.3025190247e-01 5.8271181149e-02 3.1584939376e-03
1.3025190247e-01 5.8271181149e-02 3.1584939376e-03
4.1038881366e-03 0.0000000000e+00 0.0000000000e+00
2.9838454599e-03 0.0000000000e+00 0.0000000000e+00
1.0248019826e-02 0.0000000000e+00 0.0000000000e+00
1.0852311427e-02 0.0000000000e+00 0.0000000000e+00
1.0711812569e-02 0.0000000000e+00 0.0000000000e+00
1.4672587082e-02 0.0000000000e+00 0.0000000000e+00
9.6304495819e-03 0.0000000000e+00 0.0000000000e+00
9.4691283690e-03 0.0000000000e+00 0.0000000000e+00
9.4691283690e-03 0.0000000000e+00 0.0000000000e+00
9.4172755877e-03 0.0000000000e+00 0.0000000000e+00
9.1564813629e-03 0.0000000000e+00 0.0000000000e+00
9.0488928836e-03 0.0000000000e+00 0.0000000000e+00
9.0488928836e-03 0.0000000000e+00 0.0000000000e+00
9.1607174060e-03 0.0000000000e+00 0.0000000000e+00
8.7804359306e-03 0.0000000000e+00 0.0000000000e+00
8.9014366968e-03 0.0000000000e+00 0.0000000000e+00
9.3153143922e-03 0.0000000000e+00 0.0000000000e+00
9.3174122740e-03 0.0000000000e+00 0.0000000000e+00
9.4507699056e-03 0.0000000000e+00 0.0000000000e+00
2.4918167697e-02 0.0000000000e+00 0.0000000000e+00
2.4015677782e-02 0.0000000000e+00 0.0000000000e+00
2.3953317354e-02 0.0000000000e+00 0.0000000000e+00
2.4957602378e-02 0.0000000000e+00 0.0000000000e+00
2.5281261653e-02 0.0000000000e+00 0.0000000000e+00
2.5792744321e-02 0.0000000000e+00 0.0000000000e+00
2.8130828558e-02 0.0000000000e+00 0.0000000000e+00
2.6107151372e-02 0.0000000000e+00 0.0000000000e+00
2.5093404421e-02 0.0000000000e+00 0.0000000000e+00
2.4821429824e-02 0.0000000000e+00 0.0000000000e+00
2.4821429824e-02 0.0000000000e+00 0.0000000000e+00
2.4821429824e-02 0.0000000000e+00 0.0000000000e+00
1.8519252849e-02 0.0000000000e+00 0.0000000000e+00
2.3368159309e-02 0.0000000000e+00 0.0000000000e+00
2.3368159309e-02 0.0000000000e+00 0.0000000000e+00
1.7219646834e-02 0.0000000000e+00 0.0000000000e+00
2.4301586207e-02 0.0000000000e+00 0.0000000000e+00
2.3988799347e-02 0.0000000000e+00 0.0000000000e+00
2.3988799347e-02 0.0000000000e+00 0.0000000000e+00
2.4395601669e-02 0.0000000000e+00 0.0000000000e+00
2.4338545278e-02 0.0000000000e+00 0.0000000000e+00
2.4800478636e-02 0.0000000000e+00 0.0000000000e+00
1.6665603422e-02 0.0000000000e+00 0.0000000000e+00
5.5111670867e-02 0.0000000000e+00 0.0000000000e+00
7.1304893354e-03 0.0000000000e+00 0.0000000000e+00
7.1304893354e-03 0.0000000000e+00 0.0000000000e+00
7.5978293510e-03 0.0000000000e+00 0.0000000000e+00
7.9342342991e-03 0.0000000000e+00 0.0000000000e+00
7.7459132493e-03 0.0000000000e+00 0.0000000000e+00
2.2865319042e-03 9.6911694209e-03 7.6041790967e-02
2.2865319042e-03 9.6911694209e-03 7.6041790967e-02
2.1516517445e-03 1.0509023163e-02 2.2687183305e-02
1.9385986864e-03 7.1985092627e-03 5.9491802026e-02
1.7748589550e-03 3.3564536987e-02 7.0433770306e-02
4.1595027336e-03 6.0878003327e-02 3.8129449512e-01
2.0772806214e-03 6.0917962442e-03 7.9387269914e-02
4.3496167442e-03 6.0316919504e-02 2.1096106122e-01
1.7364978654e-03 2.4109052145e-02 7.2406840588e-02
1.7364978654e-03 2.4109052145e-02 7.2406840588e-02
1.9224828769e-03 5.8643979331e-02 9.8814954360e-02
3.5415682263e-03 3.4041447798e-02 1.5089675660e-01
3.0657768851e-03 5.7298580689e-02 9.1421985999e-02
2.4353714349e-03 6.3873500976e-02 6.0373752999e-02
2.4348535614e-03 2.4948035159e-02 8.5166734954e-02
2.5984641785e-03 8.7926971105e-02 9.8507059738e-02
3.0693296673e-03 6.7838062532e-02 1.5092019225e-02
3.4806920642e-03 7.2316488872e-02 9.1320698770e-02
2.3964026186e-03 4.2068913036e-02 6.5565905844e-02
2.7071434597e-03 1.2342689931e-01 8.0041686616e-02
6.5593047766e-03 7.6766665404e-02 2.3720252514e-01
4.1718740249e-03 7.2160268823e-02 1.0453785708e-01
4.1622942275e-03 8.1747597239e-02 1.0370468061e-02
2.3761769795e-03 1.0206004232e-01 5.6963051048e-02
3.0068510096e-03 5.2949614403e-03 1.5274244011e-02
2.6034289816e-03 8.5216808025e-03 7.0852009269e-02
2.8186614800e-03 3.4596484077e-02 7.2354638328e-02
2.4816930042e-03 1.1115012815e-01 2.5854027195e-02
9.9396578735e-03 3.0389523755e-01 4.2846122136e-02
1.0705279303e-02 3.2654623687e-01 4.3671443748e-02
9.0203862249e-03 2.6877656206e-01 6.0121111261e-02
9.3787974135e-03 3.1442461660e-01 4.8283118444e-02
1.0891821623e-02 1.9258947174e-01 1.2711634984e-01
1.0891821623e-02 1.9258947174e-01 1.2711634984e-01
1.1040170173e-02 3.4786405414e-01 5.8225309166e-02
1.0020901876e-02 3.7018571049e-01 4.5621673577e-02
9.9475900255e-03 3.2389969627e-01 5.4980944842e-02
9.7572666903e-03 3.3155977229e-01 5.3494771632e-02
9.3697047948e-03 3.1599629919e-01 5.3789574342e-02
9.5762098208e-03 2.5800459459e-01 6.0833851496e-02
9.5762098208e-03 2.5800459459e-01 6.0833851496e-02
8.9375917256e-03 2.4160311992e-01 8.1905094286e-02
7.3402261672e-03 3.6113363504e-01 2.5114349866e-02
1.9465732388e-02 3.3649863799e-01 3.3382506575e-02
5.1782076674e-03 4.0597281357e-01 1.4112411300e-02
1.8234165696e-02 2.8572187076e-01 1.4366141132e-02
1.7120448795e-02 3.3040570964e-01 8.1251558537e-03
1.6118504262e-02 2.3030450816e-01 4.8400903897e-02
1.3662925805e-02 2.5532349447e-01 7.6505570983e-02
1.2033206954e-02 1.9433071092e-01 6.9516874229e-02
1.7744126264e-02 2.2704192996e-01 1.2833064981e-01
3.5678884597e-03 1.1058641101e-01 2.0856245101e-04
3.1504928678e-03 1.0703286994e-01 4.2735664829e-04
3.2126595033e-03 1.0752353879e-01 4.4377461927e-04
5.5985627114e-03 9.9317307584e-02 1.7849153179e-03
5.5985627114e-03 9.9317307584e-02 1.7849153179e-03
4.9393990193e-03 9.9352726713e-02 1.1023034119e-03
4.9393990193e-03 9.9352726713e-02 1.1023034119e-03
3.6826250337e-03 1.0408275637e-01 1.1551895368e-03
2.4566803477e-03 1.1232596139e-01 6.5351206104e-04
1.9674408541e-03 1.0344926578e-01 5.8737668526e-04
1.6814285094e-03 9.4162728017e-02 3.6203590510e-04
1.6725837874e-03 9.5100221535e-02 4.0083518555e-04
1.6536481562e-03 9.5274230776e-02 3.5605148150e-04
1.0948921360e-03 9.8649856324e-02 3.7793663372e-04
1.3951351187e-03 9.6947599823e-02 3.8462397545e-04
1.3895593487e-03 9.5037715510e-02 3.2850595744e-04
1.5358753638e-03 9.8540022038e-02 4.2804055859e-04
1.4056732519e-03 1.0202137195e-01 5.0815298891e-04
1.3032439844e-03 1.0047575894e-01 4.4842116707e-04
9.9248500386e-03 7.8798481263e-02 1.3256802195e-03
1.0133180612e-02 7.9837349864e-02 1.3004116142e-03
1.0836029115e-02 7.8317572052e-02 1.4604773217e-03
1.0630429839e-02 7.7766464092e-02 1.3924174418e-03
6.4640586497e-03 1.2066553347e-01 1.4211588617e-03
6.3888810885e-03 1.1877345356e-01 1.1091450336e-03
5.9434837895e-03 1.1719892671e-01 1.5271617497e-03
6.6262205364e-03 1.1620706444e-01 1.6632775344e-03
7.0827016219e-03 1.1510187387e-01 1.9381517971e-03
6.2912734187e-03 1.1795356125e-01 1.5631720186e-03
9.0203020955e-03 1.1964704593e-01 1.8942000315e-03
1.1602903561e-02 1.2265546868e-01 1.7317344367e-03
1.0282870304e-02 1.1688739496e-01 1.5580686086e-03
8.7518420381e-03 1.1684275481e-01 1.3675710143e-03
8.7518420381e-03 1.1684275481e-01 1.3675710143e-03
9.1115419442e-03 1.1726912794e-01 1.5531591877e-03
9.8115884854e-03 1.1600245287e-01 1.3067912078e-03
8.7513549952e-03 1.3702830859e-01 1.5700546743e-03
7.3736319318e-03 1.4916211677e-01 1.2131983046e-03
6.1337916025e-03 1.2257087479e-01 8.0975016438e-04
5.9315571367e-03 1.2200775556e-01 8.2539301366e-04
5.9714106028e-03 1.2025817980e-01 8.5762335463e-04
5.5881533190e-03 1.1814234965e-01 8.2107840596e-04
5.9385591303e-03 1.1964353795e-01 8.2581169894e-04
5.8780211257e-03 1.1934592202e-01 7.7967877830e-04
5.7633746183e-03 1.0518123644e-01 8.1279992325e-04
5.4634329087e-03 1.0357931691e-01 8.5359890121e-04
6.1484654628e-03 1.0449978461e-01 9.0046758366e-04
6.1484654628e-03 1.0449978461e-01 9.0046758366e-04
6.1816219628e-03 1.0429017618e-01 1.4575050639e-03
6.7339973757e-03 1.0689486874e-01 2.5487588088e-03
6.7339973757e-03 1.0689486874e-01 2.5487588088e-03
8.1185674838e-03 1.1336434384e-01 2.8504374592e-03
7.6832417787e-03 1.1091251237e-01 3.8926813480e-03
9.1410672370e-03 1.0619364679e-01 4.1273332220e-03
7.0568830318e-03 1.1004773403e-01 4.1187562116e-03
7.4953581983e-03 1.1351440909e-01 4.8052140143e-03
8.1532820671e-03 1.1689468473e-01 5.8575217457e-03
8.4450815339e-03 1.1614696247e-01 5.6714778960e-03
8.4450815339e-03 1.1614696247e-01 5.6714778960e-03
6.8646787355e-03 1.1370333719e-01 8.8312552155e-03
8.0078270985e-03 1.1416174161e-01 9.1007599064e-03
8.0191378559e-03 1.1906838541e-01 9.4940027144e-03
1.3113770401e-02 1.0065238674e-01 1.2958093857e-02
2.5639519716e-02 1.0822734237e-01 1.3631092773e-02
4.1880393316e-07 0.0000000000e+00 0.0000000000e+00
2.6801018976e-05 0.0000000000e+00 0.0000000000e+00
2.6817884645e-05 0.0000000000e+00 0.0000000000e+00
2.6786605304e-05 0.0000000000e+00 0.0000000000e+00
2.6779272957e-05 0.0000000000e+00 0.0000000000e+00
2.6815774618e-05 0.0000000000e+00 0.0000000000e+00
2.6800482374e-05 0.0000000000e+00 0.0000000000e+00
2.6800551495e-05 0.0000000000e+00 0.0000000000e+00
2.6815161618e-05 0.0000000000e+00 0.0000000000e+00
2.6815161618e-05 0.0000000000e+00 0.0000000000e+00
2.6812313081e-05 0.0000000000e+00 0.0000000000e+00
3.0652440804e-05 0.0000000000e+00 0.0000000000e+00
3.0652440804e-05 0.0000000000e+00 0.0000000000e+00
3.0654915387e-05 0.0000000000e+00 0.0000000000e+00
3.0654915387e-05 0.0000000000e+00 0.0000000000e+00
3.0672155617e-05 0.0000000000e+00 0.0000000000e+00
3.0654015442e-05 0.0000000000e+00 0.0000000000e+00
3.0655374909e-05 0.0000000000e+00 0.0000000000e+00
5.7604872381e-05 0.0000000000e+00 0.0000000000e+00
5.7854867009e-05 0.0000000000e+00 0.0000000000e+00
5.7854867009e-05 0.0000000000e+00 0.0000000000e+00
5.5701660358e-05 0.0000000000e+00 0.0000000000e+00
5.5705481297e-05 0.0000000000e+00 0.0000000000e+00
5.5705481297e-05 0.0000000000e+00 0.0000000000e+00
5.5922664463e-05 0.0000000000e+00 0.0000000000e+00
5.5701629587e-05 0.0000000000e+00 0.0000000000e+00
7.0510555664e-05 0.0000000000e+00 0.0000000000e+00
7.0927289016e-05 0.0000000000e+00 0.0000000000e+00
7.0511817285e-05 0.0000000000e+00 0.0000000000e+00
7.0873584264e-05 0.0000000000e+00 0.0000000000e+00
7.0873584264e-05 0.0000000000e+00 0.0000000000e+00
7.0873584264e-05 0.0000000000e+00 0.0000000000e+00
7.0519758689e-05 0.0000000000e+00 0.0000000000e+00
6.3123668876e-05 0.0000000000e+00 0.0000000000e+00
6.3397278685e-05 0.0000000000e+00 0.0000000000e+00
6.3409101206e-05 0.0000000000e+00 0.0000000000e+00
6.3419903351e-05 0.0000000000e+00 0.0000000000e+00
6.3477865069e-05 0.0000000000e+00 0.0000000000e+00
6.6994520087e-05 0.0000000000e+00 0.0000000000e+00
6.6893239364e-05 0.0000000000e+00 0.0000000000e+00
6.6893239364e-05 0.0000000000e+00 0.0000000000e+00
6.6571061855e-05 0.0000000000e+00 0.0000000000e+00
6.6656665316e-05 0.0000000000e+00 0.0000000000e+00
6.6652791020e-05 0.0000000000e+00 0.0000000000e+00
6.6652791020e-05 0.0000000000e+00 0.0000000000e+00
6.6905832985e-05 0.0000000000e+00 0.0000000000e+00
6.6611844053e-05 0.0000000000e+00 0.0000000000e+00
6.6613857522e-05 0.0000000000e+00 0.0000000000e+00
6.6920995020e-05 0.0000000000e+00 0.0000000000e+00
6.6648587714e-05 0.0000000000e+00 0.0000000000e+00
6.6612870796e-05 0.0000000000e+00 0.0000000000e+00
6.6614477798e-05 0.0000000000e+00 0.0000000000e+00
6.6653507929e-05 0.0000000000e+00 0.0000000000e+00
6.6638143456e-05 0.0000000000e+00 0.0000000000e+00
6.6678450670e-05 0.0000000000e+00 0.0000000000e+00
6.6681268663e-05 0.0000000000e+00 0.0000000000e+00
6.6681268663e-05 0.0000000000e+00 0.0000000000e+00
6.6637566988e-05 0.0000000000e+00 0.0000000000e+00
6.6672764054e-05 0.0000000000e+00 0.0000000000e+00
6.6635522065e-05 0.0000000000e+00 0.0000000000e+00
6.6638100861e-05 0.0000000000e+00 0.0000000000e+00
6.6676413401e-05 0.0000000000e+00 0.0000000000e+00
6.6925969501e-05 0.0000000000e+00 0.0000000000e+00
1.0445558761e-04 0.0000000000e+00 0.0000000000e+00
1.0434975578e-04 0.0000000000e+00 0.0000000000e+00
1.0397524526e-04 0.0000000000e+00 0.0000000000e+00
1.0434963876e-04 0.0000000000e+00 0.0000000000e+00
1.0405365826e-04 0.0000000000e+00 0.0000000000e+00
1.0420620113e-04 0.0000000000e+00 0.0000000000e+00
1.0420754188e-04 0.0000000000e+00 0.0000000000e+00
1.0420754188e-04 0.0000000000e+00 0.0000000000e+00
1.0459379473e-04 0.0000000000e+00 0.0000000000e+00
1.9730578909e-04 0.0000000000e+00 0.0000000000e+00
1.9716446665e-04 0.0000000000e+00 0.0000000000e+00
1.9725189425e-04 0.0000000000e+00 0.0000000000e+00
1.9725189425e-04 0.0000000000e+00 0.0000000000e+00
1.9722791330e-04 0.0000000000e+00 0.0000000000e+00
1.9807729344e-04 0.0000000000e+00 0.0000000000e+00
1.9807729344e-04 0.0000000000e+00 0.0000000000e+00
6.1171644484e-04 0.0000000000e+00 0.0000000000e+00
6.1171644484e-04 0.0000000000e+00 0.0000000000e+00
5.4487589872e-04 0.0000000000e+00 0.0000000000e+00
6.1891827075e-04 0.0000000000e+00 0.0000000000e+00
8.6340653525e-04 0.0000000000e+00 0.0000000000e+00
8.5909561858e-04 0.0000000000e+00 0.0000000000e+00
8.5909561858e-04 0.0000000000e+00 0.0000000000e+00
8.5909561858e-04 0.0000000000e+00 0.0000000000e+00
8.5914734124e-04 0.0000000000e+00 0.0000000000e+00
8.5884600473e-04 0.0000000000e+00 0.0000000000e+00
8.8347935677e-04 0.0000000000e+00 0.0000000000e+00
8.1829637838e-04 0.0000000000e+00 0.0000000000e+00
8.2866323919e-04 0.0000000000e+00 0.0000000000e+00
8.2866323919e-04 0.0000000000e+00 0.0000000000e+00
8.2177918830e-04 0.0000000000e+00 0.0000000000e+00
7.2702169139e-05 0.0000000000e+00 0.0000000000e+00
7.2700110650e-05 0.0000000000e+00 0.0000000000e+00
7.2460549139e-05 0.0000000000e+00 0.0000000000e+00
7.2565199086e-05 0.0000000000e+00 0.0000000000e+00
7.2413480060e-05 0.0000000000e+00 0.0000000000e+00
7.2415704987e-05 0.0000000000e+00 0.0000000000e+00
7.2415704987e-05 0.0000000000e+00 0.0000000000e+00
7.2415704987e-05 0.0000000000e+00 0.0000000000e+00
7.2555787786e-05 0.0000000000e+00 0.0000000000e+00
7.2643574489e-05 0.0000000000e+00 0.0000000000e+00
7.2651797230e-05 0.0000000000e+00 0.0000000000e+00
7.2904814109e-05 0.0000000000e+00 0.0000000000e+00
7.2657630578e-05 0.0000000000e+00 0.0000000000e+00
1.6188214128e-04 0.0000000000e+00 0.0000000000e+00
1.6188214128e-04 0.0000000000e+00 0.0000000000e+00
1.3998705829e-04 0.0000000000e+00 0.0000000000e+00
1.4382866326e-04 0.0000000000e+00 0.0000000000e+00
7.2529760625e-05 0.0000000000e+00 0.0000000000e+00
7.2529605556e-05 0.0000000000e+00 0.0000000000e+00
7.4081742544e-05 0.0000000000e+00 0.0000000000e+00
7.3879926276e-05 0.0000000000e+00 0.0000000000e+00
7.4030153428e-05 0.0000000000e+00 0.0000000000e+00
7.4087949391e-05 0.0000000000e+00 0.0000000000e+00
7.4087772039e-05 0.0000000000e+00 0.0000000000e+00
7.3881864561e-05 0.0000000000e+00 0.0000000000e+00
7.4092825647e-05 0.0000000000e+00 0.0000000000e+00
7.4029068704e-05 0.0000000000e+00 0.0000000000e+00
7.4086492229e-05 0.0000000000e+00 0.0000000000e+00
7.3880642503e-05 0.0000000000e+00 0.0000000000e+00
5.8727577804e-05 0.0000000000e+00 0.0000000000e+00
5.8745344935e-05 0.0000000000e+00 0.0000000000e+00
5.8745344935e-05 0.0000000000e+00 0.0000000000e+00
5.8745344935e-05 0.0000000000e+00 0.0000000000e+00
5.0386355724e-05 0.0000000000e+00 0.0000000000e+00
5.0383816718e-05 0.0000000000e+00 0.0000000000e+00
5.0386712246e-05 0.0000000000e+00 0.0000000000e+00
5.0373072099e-05 0.0000000000e+00 0.0000000000e+00
5.0373072099e-05 0.0000000000e+00 0.0000000000e+00
5.9656180116e-03 2.3894621991e-02 1.1654689467e-03
4.7245248194e-03 3.4861019347e-02 1.2678529699e-03
3.9722868363e-03 2.3874629599e-02 7.3531148276e-04
4.1180733103e-03 9.1482258285e-03 1.0668274732e-04
3.8745602214e-03 7.0487922737e-03 5.8500232020e-04
4.2340026909e-03 1.9474246462e-02 2.5844575794e-04
4.9302318330e-03 2.2740553599e-02 1.3778596913e-03
4.3191311864e-03 2.4912409407e-02 1.1146234901e-03
3.5598354680e-03 2.5280833244e-02 1.6970516663e-04
4.3009445253e-03 3.8371276731e-02 8.1534305840e-04
4.9980285567e-03 2.9764781551e-02 1.4309569233e-03
4.8991294370e-03 1.4178189604e-02 3.8497607238e-04
3.9356437131e-03 6.8041557485e-03 3.1963929844e-03
4.1450297279e-03 1.6526653548e-02 9.6261289824e-04
4.0728841068e-03 1.0273589132e-02 6.7780128787e-04
4.0771292637e-03 1.1477865162e-02 5.5515494032e-05
3.7684530956e-03 1.5052979822e-03 8.3339130506e-03
3.8147481767e-03 8.2874994405e-04 4.5932561043e-03
3.7131335278e-03 1.0101202206e-03 1.3166037466e-02
3.7275823039e-03 5.6460889027e-04 2.9420485410e-02
4.0527633015e-03 8.6221781482e-03 4.5877524962e-02
4.0527633015e-03 8.6221781482e-03 4.5877524962e-02
7.9366496799e-03 1.2089186639e-02 2.1831945827e-02
5.6281238794e-03 4.7683612754e-02 2.1558296867e-02
5.7437821173e-03 2.5148709305e-02 7.8213637074e-02
1.0662199638e-02 6.2632312377e-03 9.1906999548e-02
9.4341205089e-03 3.8951891474e-03 2.5810275227e-02
1.0349221513e-02 8.3682626331e-03 4.0302601953e-02
1.6166873237e-02 3.8380004776e-02 6.0548486188e-02
9.5692352964e-03 4.6151227628e-02 3.1658090030e-02
1.4216848474e-02 1.5412261554e-02 1.7488056328e-02
1.0894693817e-04 6.9359124017e-02 4.1983268224e-02
1.0474825084e-06 1.8105159591e-02 2.6753176159e-03
1.0385557835e-03 5.0575430505e-02 5.3556948745e-02
6.9756804320e-04 6.8764059804e-02 1.6736610332e-03
2.3647212341e-04 2.9129014195e-02 7.3496774809e-03
4.5937675168e-04 3.1682027038e-02 2.5639771949e-02
3.7089031587e-03 3.2217042210e-02 2.3756922533e-02
4.8076607054e-03 1.9544541215e-02 5.2718949194e-02
5.3543264900e-03 1.4200794375e-02 1.6919395343e-02
2.3160955062e-01 0.0000000000e+00 0.0000000000e+00
2.3160955062e-01 0.0000000000e+00 0.0000000000e+00
1.4988863158e-01 0.0000000000e+00 0.0000000000e+00
1.9432024658e-01 0.0000000000e+00 0.0000000000e+00
2.9090575874e-01 0.0000000000e+00 0.0000000000e+00
3.7592746069e-01 0.0000000000e+00 0.0000000000e+00
6.2846503065e-02 0.0000000000e+00 0.0000000000e+00
4.6348065014e-01 0.0000000000e+00 0.0000000000e+00
9.8271104197e-02 0.0000000000e+00 0.0000000000e+00
9.8271104197e-02 0.0000000000e+00 0.0000000000e+00
4.3494451481e-02 0.0000000000e+00 0.0000000000e+00
1.1517590222e-01 0.0000000000e+00 0.0000000000e+00
1.1517590222e-01 0.0000000000e+00 0.0000000000e+00
1.7905557722e-02 0.0000000000e+00 0.0000000000e+00
1.7905557722e-02 0.0000000000e+00 0.0000000000e+00
7.6463925652e-03 0.0000000000e+00 0.0000000000e+00
1.0186196732e-02 0.0000000000e+00 0.0000000000e+00
2.7671297430e-03 0.0000000000e+00 0.0000000000e+00
2.7671297430e-03 0.0000000000e+00 0.0000000000e+00
9.5635348310e-03 0.0000000000e+00 0.0000000000e+00
1.0171725686e-02 0.0000000000e+00 0.0000000000e+00
1.0171725686e-02 0.0000000000e+00 0.0000000000e+00
5.6243028763e-03 0.0000000000e+00 0.0000000000e+00
5.6243028763e-03 0.0000000000e+00 0.0000000000e+00
9.0887865323e-03 0.0000000000e+00 0.0000000000e+00
1.0400617010e-02 0.0000000000e+00 0.0000000000e+00
5.3387615383e-03 0.0000000000e+00 0.0000000000e+00
5.7302427012e-03 0.0000000000e+00 0.0000000000e+00
4.5723554213e-03 0.0000000000e+00 0.0000000000e+00
5.5723360759e-03 0.0000000000e+00 0.0000000000e+00
5.5723360759e-03 0.0000000000e+00 0.0000000000e+00
6.5235863440e-03 0.0000000000e+00 0.0000000000e+00
6.4544749427e-03 0.0000000000e+00 0.0000000000e+00
4.9745496750e-03 0.0000000000e+00 0.0000000000e+00
5.7675062562e-03 0.0000000000e+00 0.0000000000e+00
7.3848331910e-03 0.0000000000e+00 0.0000000000e+00
7.3333199155e-03 0.0000000000e+00 0.0000000000e+00
7.3333199155e-03 0.0000000000e+00 0.0000000000e+00
8.6060653363e-03 0.0000000000e+00 0.0000000000e+00
1.1763887538e-02 0.0000000000e+00 0.0000000000e+00
1.1512330287e-02 0.0000000000e+00 0.0000000000e+00
7.7133221203e-03 0.0000000000e+00 0.0000000000e+00
3.8701633457e-03 0.0000000000e+00 0.0000000000e+00
1.1491542178e-02 0.0000000000e+00 0.0000000000e+00
1.1491542178e-02 0.0000000000e+00 0.0000000000e+00
1.1262031311e-02 0.0000000000e+00 0.0000000000e+00
1.0756549891e-02 0.0000000000e+00 0.0000000000e+00
1.2780829837e-02 0.0000000000e+00 0.0000000000e+00
2.9276216030e-01 0.0000000000e+00 0.0000000000e+00
3.3874264359e-01 0.0000000000e+00 0.0000000000e+00
2.9679526885e-01 0.0000000000e+00 0.0000000000e+00
2.8139245634e-01 0.0000000000e+00 0.0000000000e+00
3.5031917195e-01 0.0000000000e+00 0.0000000000e+00
2.2507916321e-02 0.0000000000e+00 0.0000000000e+00
2.2287607038e-02 0.0000000000e+00 0.0000000000e+00
2.2999955108e-02 0.0000000000e+00 0.0000000000e+00
2.3194451060e-02 0.0000000000e+00 0.0000000000e+00
2.2294171232e-02 0.0000000000e+00 0.0000000000e+00
2.2294171232e-02 0.0000000000e+00 0.0000000000e+00
2.3256794821e-02 0.0000000000e+00 0.0000000000e+00
2.2878237845e-02 0.0000000000e+00 0.0000000000e+00
1.4713068512e-02 0.0000000000e+00 0.0000000000e+00
1.1264148731e-02 0.0000000000e+00 0.0000000000e+00
2.3345057406e-02 0.0000000000e+00 0.0000000000e+00
2.2928708117e-02 0.0000000000e+00 0.0000000000e+00
2.3863159528e-02 0.0000000000e+00 0.0000000000e+00
2.3863159528e-02 0.0000000000e+00 0.0000000000e+00
2.4084434437e-02 0.0000000000e+00 0.0000000000e+00
1.9475813567e-02 0.0000000000e+00 0.0000000000e+00
1.9475813567e-02 0.0000000000e+00 0.0000000000e+00
2.2830953026e-02 0.0000000000e+00 0.0000000000e+00
2.6947324513e-03 0.0000000000e+00 0.0000000000e+00
1.8711482718e-02 0.0000000000e+00 0.0000000000e+00
1.0788660186e-02 0.0000000000e+00 0.0000000000e+00
1.0788660186e-02 0.0000000000e+00 0.0000000000e+00
2.8005139902e-03 0.0000000000e+00 0.0000000000e+00
2.8282807325e-03 0.0000000000e+00 0.0000000000e+00
2.2884683431e-02 0.0000000000e+00 0.0000000000e+00
2.2884683431e-02 0.0000000000e+00 0.0000000000e+00
2.2721623381e-02 0.0000000000e+00 0.0000000000e+00
2.3871305690e-02 0.0000000000e+00 0.0000000000e+00
2.4468531250e-02 0.0000000000e+00 0.0000000000e+00
1.8137345517e-02 0.0000000000e+00 0.0000000000e+00
2.2314053727e-02 0.0000000000e+00 0.0000000000e+00
2.4834073246e-02 0.0000000000e+00 0.0000000000e+00
2.3366606251e-02 0.0000000000e+00 0.0000000000e+00
2.3319344812e-02 0.0000000000e+00 0.0000000000e+00
2.5018456198e-02 0.0000000000e+00 0.0000000000e+00
2.4498332117e-02 0.0000000000e+00 0.0000000000e+00
2.5916398348e-02 0.0000000000e+00 0.0000000000e+00
6.4200176547e-02 0.0000000000e+00 0.0000000000e+00
5.8530699607e-03 2.9684074844e-02 1.5683673604e-03
1.0764300261e-02 3.0570444185e-02 7.9059293785e-04
4.3971942738e-02 2.5310526757e-02 4.7465291185e-03
2.2861655685e-02 2.2661642327e-02 1.8727633190e-03
5.5793894455e-02 2.4377166449e-02 1.4629059394e-03
4.6949605613e-02 1.6530639725e-02 1.8041697210e-03
4.6949605613e-02 1.6530639725e-02 1.8041697210e-03
3.6500646733e-02 2.0706925852e-02 2.9922987451e-03
7.0617849701e-07 1.6432799942e-02 7.3762931512e-05
3.2499894251e-01 0.0000000000e+00 0.0000000000e+00
2.1625859585e-02 2.7434261361e-02 1.2463764748e-04
2.3140173654e-01 1.5937599974e-02 3.3700756467e-04
9.9756768350e-05 3.5371008484e-02 5.1115069800e-04
9.9756768350e-05 3.5371008484e-02 5.1115069800e-04
6.0075440444e-02 1.3217291950e-02 6.7419776072e-04
4.2059511111e-02 0.0000000000e+00 0.0000000000e+00
2.1970010190e-03 3.5007413011e-02 1.9111893926e-04
3.5492505995e-02 0.0000000000e+00 0.0000000000e+00
3.0856964916e-02 1.9916873813e-02 1.5379209898e-04
7.4631863336e-01 0.0000000000e+00 0.0000000000e+00
7.4631863336e-01 0.0000000000e+00 0.0000000000e+00
1.0109396838e-01 2.5233764046e-02 1.0944704554e-03
1.8183613162e-03 0.0000000000e+00 0.0000000000e+00
7.7214280609e-02 2.1092556262e-02 4.1609497202e-04
1.1437400803e-01 2.2023558617e-02 8.9786727403e-04
8.3573360559e-03 2.9497432134e-02 2.0466091034e-04
5.3120418390e-01 1.1214015773e-02 1.6791909172e-03
7.0100626696e-07 3.0781241755e-02 8.4158388442e-05
6.9954185685e-01 0.0000000000e+00 0.0000000000e+00
1.7845876052e-03 2.4406021461e-02 2.7044213590e-03
4.4794758348e-05 2.8247531193e-02 2.5302123395e-03
4.4857817556e-05 0.0000000000e+00 0.0000000000e+00
4.4851775480e-05 3.7095978546e-02 2.3887738644e-04
4.4871460583e-05 3.9729952657e-02 1.6311670479e-03
4.4863903289e-05 5.3776209553e-02 5.4215121393e-03
4.4875257421e-05 4.1307447944e-02 2.3994245699e-05
4.4827502582e-05 5.3187047442e-02 1.7068353482e-03
1.8205605564e-02 4.2212811920e-02 2.5625725330e-04
1.8205605564e-02 4.2212811920e-02 2.5625725330e-04
4.4869123485e-05 2.4849263175e-02 2.9595839946e-02
4.4821628459e-05 4.5651413500e-02 4.3375736568e-03
7.6239620646e-01 1.5523245015e-02 4.6692019290e-03
1.3689194301e-02 2.1746762097e-02 2.2773304023e-02
5.2266095765e-02 1.6602368870e-02 2.0348621843e-02
1.5571489891e-02 3.0167666885e-02 6.8138905335e-03
6.7217680868e-03 1.1532971791e-02 3.7722669270e-03
1.4755795011e-02 1.0600943429e-02 3.3339203413e-03
6.3361648160e-02 2.5572532012e-02 9.9258282608e-05
6.7402261620e-02 2.3716538213e-02 1.8404048791e-05
6.7402261620e-02 2.3716538213e-02 1.8404048791e-05
4.4872984290e-05 6.6783010649e-02 6.7197574075e-04
4.4848295147e-05 0.0000000000e+00 0.0000000000e+00
4.4855213673e-05 7.9848010093e-02 1.6012465635e-03
4.4859305490e-05 0.0000000000e+00 0.0000000000e+00
4.4859690206e-05 0.0000000000e+00 0.0000000000e+00
6.7942210383e-05 1.1577943961e-01 2.2699140944e-02
1.9252727604e-03 1.5360662217e-01 1.3162869630e-03
4.4875800086e-05 7.5678351668e-24 0.0000000000e+00
7.0753936294e-05 1.5404081435e-13 0.0000000000e+00
4.4833476447e-05 1.3684184477e-01 2.4849158168e-03
9.5902614606e-03 1.4667594060e-01 8.5895885422e-04
1.2150070087e-02 1.5800590689e-01 1.2824607935e-03
4.9000576255e-03 1.5660882990e-01 1.1836396006e-03
1.3957803603e-02 0.0000000000e+00 0.0000000000e+00
2.4854556347e-02 0.0000000000e+00 0.0000000000e+00
2.4854556347e-02 0.0000000000e+00 0.0000000000e+00
1.6550883651e-02 0.0000000000e+00 0.0000000000e+00
2.2438384903e-02 0.0000000000e+00 0.0000000000e+00
1.9426500425e-02 0.0000000000e+00 0.0000000000e+00
1.2310465410e-02 0.0000000000e+00 0.0000000000e+00
2.3891290029e-02 0.0000000000e+00 0.0000000000e+00
1.1571282754e-02 0.0000000000e+00 0.0000000000e+00
1.1571282754e-02 0.0000000000e+00 0.0000000000e+00
9.4201448762e-03 0.0000000000e+00 0.0000000000e+00
1.1355146378e-02 0.0000000000e+00 0.0000000000e+00
1.7522801500e-05 0.0000000000e+00 0.0000000000e+00
2.3746150235e-02 0.0000000000e+00 0.0000000000e+00
3.0664533221e-02 0.0000000000e+00 0.0000000000e+00
1.1748215002e-05 0.0000000000e+00 0.0000000000e+00
2.1704477413e-02 0.0000000000e+00 0.0000000000e+00
3.1406962313e-02 0.0000000000e+00 0.0000000000e+00
2.2311656658e-02 0.0000000000e+00 0.0000000000e+00
3.3741648154e-02 0.0000000000e+00 0.0000000000e+00
2.8867033465e-02 0.0000000000e+00 0.0000000000e+00
5.5739750154e-02 0.0000000000e+00 0.0000000000e+00
1.1546061956e-02 0.0000000000e+00 0.0000000000e+00
2.7227518925e-02 0.0000000000e+00 0.0000000000e+00
2.1508109445e-02 0.0000000000e+00 0.0000000000e+00
2.6697504800e-02 0.0000000000e+00 0.0000000000e+00
1.9847773326e-02 0.0000000000e+00 0.0000000000e+00
2.3350524716e-02 0.0000000000e+00 0.0000000000e+00
2.3350524716e-02 0.0000000000e+00 0.0000000000e+00
2.7700907240e-02 0.0000000000e+00 0.0000000000e+00
2.7589381828e-02 0.0000000000e+00 0.0000000000e+00
2.4600532527e-02 0.0000000000e+00 0.0000000000e+00
3.0595733939e-02 0.0000000000e+00 0.0000000000e+00
1.1746666132e-05 0.0000000000e+00 0.0000000000e+00
4.0161419039e-02 0.0000000000e+00 0.0000000000e+00
2.6201824658e-02 0.0000000000e+00 0.0000000000e+00
3.3591506847e-02 0.0000000000e+00 0.0000000000e+00
2.7415004248e-02 0.0000000000e+00 0.0000000000e+00
3.7105699225e-02 0.0000000000e+00 0.0000000000e+00
6.7948899542e-02 0.0000000000e+00 0.0000000000e+00
3.7561630830e-02 0.0000000000e+00 0.0000000000e+00
7.6879219462e-02 0.0000000000e+00 0.0000000000e+00
3.2588410502e-02 0.0000000000e+00 0.0000000000e+00
2.9646605408e-02 0.0000000000e+00 0.0000000000e+00
3.3737260693e-02 0.0000000000e+00 0.0000000000e+00
3.3737260693e-02 0.0000000000e+00 0.0000000000e+00
8.4003271535e-02 0.0000000000e+00 0.0000000000e+00
4.8439066857e-02 0.0000000000e+00 0.0000000000e+00
3.8521377680e-02 0.0000000000e+00 0.0000000000e+00
6.6880783377e-02 0.0000000000e+00 0.0000000000e+00
4.1213623558e-02 0.0000000000e+00 0.0000000000e+00
4.2370298101e-02 0.0000000000e+00 0.0000000000e+00
5.7179562747e-02 0.0000000000e+00 0.0000000000e+00
4.2574980296e-02 0.0000000000e+00 0.0000000000e+00
5.5885038516e-05 0.0000000000e+00 0.0000000000e+00
5.5917091231e-05 0.0000000000e+00 0.0000000000e+00
5.5896291997e-05 0.0000000000e+00 0.0000000000e+00
5.5910717492e-05 0.0000000000e+00 0.0000000000e+00
5.5901986343e-05 0.0000000000e+00 0.0000000000e+00
5.5870558754e-05 0.0000000000e+00 0.0000000000e+00
2.5784042361e-03 0.0000000000e+00 0.0000000000e+00
5.5823624886e-05 0.0000000000e+00 0.0000000000e+00
5.5842852210e-05 0.0000000000e+00 0.0000000000e+00
3.3639795232e-03 0.0000000000e+00 0.0000000000e+00
4.2781378904e-02 0.0000000000e+00 0.0000000000e+00
5.5845385153e-05 0.0000000000e+00 0.0000000000e+00
5.5845385153e-05 0.0000000000e+00 0.0000000000e+00
5.5870279236e-05 0.0000000000e+00 0.0000000000e+00
5.5870279236e-05 0.0000000000e+00 0.0000000000e+00
2.5223392440e-03 0.0000000000e+00 0.0000000000e+00
6.6568170344e-05 0.0000000000e+00 0.0000000000e+00
6.6568170344e-05 0.0000000000e+00 0.0000000000e+00
2.8047261352e-02 0.0000000000e+00 0.0000000000e+00
8.7288467621e-03 0.0000000000e+00 0.0000000000e+00
1.4879248951e-02 0.0000000000e+00 0.0000000000e+00
2.7619675888e-02 0.0000000000e+00 0.0000000000e+00
1.2690118878e-02 0.0000000000e+00 0.0000000000e+00
2.6086434385e-02 0.0000000000e+00 0.0000000000e+00
1.8996997331e-02 0.0000000000e+00 0.0000000000e+00
1.0422641802e-02 0.0000000000e+00 0.0000000000e+00
9.0028160485e-03 0.0000000000e+00 0.0000000000e+00
2.4758823779e-02 0.0000000000e+00 0.0000000000e+00
1.9658342312e-02 0.0000000000e+00 0.0000000000e+00
4.2838570322e-03 0.0000000000e+00 0.0000000000e+00
5.5874103964e-05 0.0000000000e+00 0.0000000000e+00
5.5874103964e-05 0.0000000000e+00 0.0000000000e+00
3.0897706002e-01 0.0000000000e+00 0.0000000000e+00
5.5889895521e-05 0.0000000000e+00 0.0000000000e+00
5.5879501815e-05 0.0000000000e+00 0.0000000000e+00
7.0223448953e-05 0.0000000000e+00 0.0000000000e+00
5.5939726735e-05 0.0000000000e+00 0.0000000000e+00
6.1523182922e-05 0.0000000000e+00 0.0000000000e+00
5.5856804768e-05 0.0000000000e+00 0.0000000000e+00
8.7525358394e-03 0.0000000000e+00 0.0000000000e+00
4.2247991761e-01 0.0000000000e+00 0.0000000000e+00
4.2247991761e-01 0.0000000000e+00 0.0000000000e+00
4.1835682342e-01 0.0000000000e+00 0.0000000000e+00
4.1835682342e-01 0.0000000000e+00 0.0000000000e+00
7.8892880430e-02 0.0000000000e+00 0.0000000000e+00
1.2088376656e-01 0.0000000000e+00 0.0000000000e+00
5.1672509459e-03 0.0000000000e+00 0.0000000000e+00
5.9967674315e-01 0.0000000000e+00 0.0000000000e+00
5.0061626049e-02 0.0000000000e+00 0.0000000000e+00
5.5799910721e-05 0.0000000000e+00 0.0000000000e+00
5.5799910721e-05 0.0000000000e+00 0.0000000000e+00
1.0470375450e-01 0.0000000000e+00 0.0000000000e+00
3.0109005297e-01 0.0000000000e+00 0.0000000000e+00
8.4319167460e-02 0.0000000000e+00 0.0000000000e+00
7.2749251189e-02 0.0000000000e+00 0.0000000000e+00
1.7140269900e-02 0.0000000000e+00 0.0000000000e+00
1.9797996773e-02 0.0000000000e+00 0.0000000000e+00
1.5627561428e-02 0.0000000000e+00 0.0000000000e+00
1.5627561428e-02 0.0000000000e+00 0.0000000000e+00
1.5450163977e-02 0.0000000000e+00 0.0000000000e+00
1.5450163977e-02 0.0000000000e+00 0.0000000000e+00
1.5450163977e-02 0.0000000000e+00 0.0000000000e+00
1.6838404040e-02 0.0000000000e+00 0.0000000000e+00
1.7908843312e-02 0.0000000000e+00 0.0000000000e+00
6.4075834816e-03 0.0000000000e+00 0.0000000000e+00
1.1668505787e-02 0.0000000000e+00 0.0000000000e+00
1.2160668324e-02 0.0000000000e+00 0.0000000000e+00
1.2756443350e-02 0.0000000000e+00 0.0000000000e+00
1.2756443350e-02 0.0000000000e+00 0.0000000000e+00
9.7283491050e-03 0.0000000000e+00 0.0000000000e+00
1.7375857627e-02 0.0000000000e+00 0.0000000000e+00
4.6860758836e-03 0.0000000000e+00 0.0000000000e+00
4.4198717029e-03 0.0000000000e+00 0.0000000000e+00
4.4198717029e-03 0.0000000000e+00 0.0000000000e+00
4.0831692362e-03 0.0000000000e+00 0.0000000000e+00
4.0831692362e-03 0.0000000000e+00 0.0000000000e+00
4.1681566897e-03 0.0000000000e+00 0.0000000000e+00
1.9193940078e-02 0.0000000000e+00 0.0000000000e+00
4.9151169951e-03 0.0000000000e+00 0.0000000000e+00
5.3634704091e-03 0.0000000000e+00 0.0000000000e+00
2.0537982113e-02 0.0000000000e+00 0.0000000000e+00
1.9482404110e-02 0.0000000000e+00 0.0000000000e+00
1.9482404110e-02 0.0000000000e+00 0.0000000000e+00
4.0788308717e-02 5.5649373991e-02 9.8063850155e-05
1.4075593373e-02 5.8548597153e-03 6.7553817915e-02
2.0441769545e-02 2.9725011438e-02 2.7272034383e-05
1.1143460887e-02 1.9233411954e-02 8.4653817117e-02
2.0628261826e-02 2.9598910362e-02 3.6898771801e-05
1.7028410201e-02 2.7873741773e-02 4.1343648869e-05
1.7525122598e-02 5.3353216835e-05 1.3757800311e-01
1.0002579603e-02 1.0072745635e-02 1.1386236114e-01
1.3071217892e-02 5.0497928680e-05 9.0957595656e-02
1.0275465815e-02 7.2912917865e-05 1.0204690943e-01
1.0275465815e-02 7.2912917865e-05 1.0204690943e-01
9.2079475071e-03 5.3512127950e-05 3.9710736213e-02
8.6245283843e-03 7.2018559828e-03 3.5441517830e-02
6.2782076498e-02 1.6052066154e-02 4.2644573376e-02
7.7257255810e-03 4.2376894161e-05 3.9507492135e-02
6.5302097859e-02 5.1966836783e-05 4.0529297665e-02
1.7805605865e-02 4.4282219809e-05 5.1569750843e-02
7.6177006267e-03 4.2116847875e-05 8.8541826854e-02
1.0884338872e-02 4.4644470931e-05 3.0747321434e-02
1.0884338872e-02 4.4644470931e-05 3.0747321434e-02
1.1648914389e-02 1.2971309712e-02 7.9323664928e-02
7.0081889244e-03 4.1449595525e-05 1.1661803722e-01
7.4448280126e-03 4.1434095766e-05 1.0756769590e-01
1.1035175414e-02 4.3040498455e-05 6.3693141254e-02
4.0315280668e-02 4.1749640911e-05 9.4802836577e-02
2.1457399164e-02 4.1367704228e-05 8.6230248834e-02
2.4377165525e-03 1.0470460200e-01 9.0541235404e-03
1.5578799183e-02 5.2698186443e-02 2.3459772269e-02
4.2343274799e-05 1.1465822222e-01 1.9176357969e-02
1.7774108409e-02 1.0540773471e-01 6.5212886936e-03
5.7340153035e-05 7.2843177555e-02 3.4010313451e-02
6.9653523042e-03 3.0652225425e-02 1.5471266670e-02
6.9653523042e-03 3.0652225425e-02 1.5471266670e-02
1.1866276007e-02 3.0779005804e-02 1.6292743540e-02
9.4927780689e-03 2.9277179681e-02 3.9130925667e-02
1.2444401781e-02 2.5081607028e-02 4.0684204859e-02
7.8211607470e-03 6.5344509979e-02 4.4214277218e-02
7.6128492947e-03 6.2480351422e-02 3.2543444540e-02
4.9870979080e-03 1.3590294185e-01 2.2006366596e-02
4.9870979080e-03 1.3590294185e-01 2.2006366596e-02
5.3639312828e-03 6.5719094127e-02 4.1187823595e-02
3.3019834276e-03 4.3406551316e-02 5.1112907628e-02
3.3664616240e-05 3.0719296095e-02 4.6410554554e-02
1.4659183744e-03 4.3111540377e-02 7.6630397700e-02
3.3689214736e-05 8.1745778676e-02 1.3686083630e-01
3.3689689796e-05 8.7918642598e-02 1.4578612335e-01
1.8531385140e-03 4.3995625184e-02 7.4557773769e-02
6.6403365927e-03 8.5699100047e-02 3.6798651796e-02
7.6423646290e-04 9.4147282032e-02 4.2479621712e-02
1.3992026992e-03 7.3457449985e-02 1.1630482506e-01
3.3692376443e-05 7.3047572436e-02 1.8096622483e-01
3.3675374046e-05 4.3939531781e-02 1.3665815567e-01
3.3689667665e-05 4.0647152287e-02 1.5211709030e-01
3.3689762555e-05 4.5515460544e-02 1.2489059847e-01
3.3689450599e-05 1.0136561468e-01 1.1855750469e-01
3.3686921900e-05 4.9177053540e-02 5.3015292933e-02
3.3691907447e-05 5.9981251446e-02 6.4804014750e-02
6.6178301798e-05 6.4553992668e-02 6.8686431895e-02
3.3647978247e-05 5.3525578231e-02 2.5575557258e-02
3.3693538777e-05 4.4046329024e-02 2.3427419287e-02
3.3665955925e-05 5.3280622854e-02 5.4191856645e-02
3.4135931552e-05 4.4042251538e-02 1.4706800925e-02
3.4135931552e-05 4.4042251538e-02 1.4706800925e-02
3.4135931552e-05 4.4042251538e-02 1.4706800925e-02
3.7598389099e-05 6.0009347896e-02 3.0510721573e-02
3.3675852137e-05 3.6682987741e-02 2.3804461894e-02
2.3840268417e-05 6.3197053193e-02 7.5680173934e-02
3.0240612129e-05 8.6083671699e-02 2.4661818519e-02
9.4940417136e-03 9.2164713268e-02 9.7292435045e-02
2.3841370421e-05 5.1043755646e-02 5.9392852243e-02
2.5892643559e-05 7.8466925770e-02 1.9928625630e-02
2.4314897018e-05 8.7185675278e-02 2.5625954537e-02
2.3825628887e-05 6.1344852826e-02 5.3370749888e-02
7.1236756442e-04 9.3713991654e-02 1.6445663602e-02
3.9194708431e-05 5.8815043808e-02 4.6736020440e-02
2.5575212567e-04 1.8284054939e-02 1.7679805635e-02
2.9846879897e-05 8.1648576500e-03 3.6727167821e-02
1.2510775135e-04 6.3506715931e-02 5.2385591281e-02
3.1770683078e-04 6.1023852943e-02 3.8801009456e-02
3.1770683078e-04 6.1023852943e-02 3.8801009456e-02
3.1770683078e-04 6.1023852943e-02 3.8801009456e-02
2.3840058930e-05 6.3964848639e-02 1.0188843915e-01
2.3859161653e-05 2.2768354490e-02 2.8704728310e-02
2.3859161653e-05 2.2768354490e-02 2.8704728310e-02
2.9519757997e-05 2.2289806356e-02 4.1916900470e-02
2.3841646907e-05 3.1660232072e-02 7.5582908777e-02
2.3841430448e-05 3.3117481352e-02 7.3171715252e-02
1.4582995391e-05 2.3746293038e-02 5.9699157874e-02
1.4582186850e-05 2.1758474332e-02 3.9792339783e-02
1.4582815311e-05 9.7294928443e-03 6.1427728739e-02
1.4633861762e-05 1.9076337572e-02 5.4331005861e-02
1.4633861762e-05 1.9076337572e-02 5.4331005861e-02
1.4571277613e-05 3.3641368616e-02 1.4385402203e-02
1.5019406116e-05 9.7620045417e-03 3.4397650200e-02
1.4583164557e-05 2.9024737421e-02 6.4593549197e-02
1.4583164557e-05 2.9024737421e-02 6.4593549197e-02
8.9490063829e-04 2.3705104521e-02 5.7024374915e-02
8.9490063829e-04 2.3705104521e-02 5.7024374915e-02
8.9490063829e-04 2.3705104521e-02 5.7024374915e-02
8.8598494131e-04 2.4798173069e-02 4.7030172466e-02
8.8214039079e-04 1.9419243676e-02 4.5459025695e-02
8.5434034281e-04 2.5037878581e-02 5.8073149684e-02
7.9136800453e-04 2.3723156735e-02 2.4498449018e-02
6.7559952640e-05 3.0991787673e-02 1.4422817544e-02
1.4577291950e-05 3.2949149065e-02 6.1548346498e-02
1.4579901290e-05 2.8961959683e-02 6.0356227681e-02
5.2310565025e-05 1.0638967811e-02 6.1508740298e-02
1.4581607502e-05 2.9507220490e-02 4.2462052622e-02
1.4560475241e-05 2.4673345964e-02 1.9594827667e-02
1.4579934032e-05 1.7496713049e-02 8.8509252605e-02
1.4564395542e-05 5.8886671419e-03 6.1393411403e-03
1.4564395542e-05 5.8886671419e-03 6.1393411403e-03
1.4572823526e-05 5.0554915312e-03 6.6128277880e-03
1.4575109314e-05 4.8651289896e-03 8.1970281511e-03
1.3423178486e-03 3.5143870682e-03 3.9584596816e-03
5.1958784073e-03 4.1046657716e-03 3.3401370747e-03
4.4885886794e-03 3.4347539428e-03 2.4641123309e-03
2.3053342593e-03 2.8220908195e-03 2.2230066121e-03
4.3230528051e-04 2.7556910645e-02 5.0937842733e-02
1.5486183208e-03 4.0430409523e-02 5.5612834326e-02
6.1296148973e-04 2.9282516489e-02 3.6820609433e-02
2.5276518136e-03 2.8521890286e-02 9.7760697206e-02
3.0728138421e-03 1.9019520686e-02 2.2400925433e-01
2.0328295917e-04 5.1559512193e-02 8.0608485577e-02
1.6987508813e-04 1.5587882643e-02 1.8576191350e-02
7.5703014833e-04 1.0936864729e-02 2.4462984689e-01
3.2449346569e-04 9.4644360361e-03 8.7952067455e-03
9.5206059996e-05 9.2015429497e-03 2.0928274778e-01
8.3100041957e-04 1.1815292838e-02 1.5500545005e-01
3.6484314721e-04 1.6123969418e-02 6.2079033814e-02
2.2446671088e-04 1.1717133030e-02 2.4043069904e-01
1.3955918888e-03 1.4270622283e-02 1.3441978519e-01
1.5390384787e-02 1.5574636093e-02 1.3874401897e-01
6.5250232583e-03 1.7866048768e-02 1.9613875449e-01
2.9645541460e-03 1.4906503338e-02 2.0648008461e-01
1.5823192219e-05 9.3411116201e-03 2.1294913441e-01
2.2966591890e-05 1.5588743185e-02 1.6657451292e-01
5.2491492049e-03 1.3360162537e-02 1.7070179122e-01
4.2708561220e-05 7.3310877342e-03 1.4776632997e-01
7.2833223579e-03 1.4922006715e-02 1.5440024808e-01
4.4009396030e-03 5.3340234444e-03 3.6302370174e-02
2.6114639816e-04 4.7798227364e-03 8.1361077415e-02
2.6543472753e-04 8.8213860678e-03 7.3021528622e-02
2.8950608297e-03 6.5488962767e-03 1.0376929694e-02
2.2126224067e-03 1.3103651543e-02 1.1280256867e-02
1.9062175901e-03 1.4166118228e-02 1.0295694267e-02
2.1855179511e-04 1.4586601368e-02 4.8648260844e-02
1.8415418065e-03 1.3782210105e-02 6.4715695800e-02
2.1571757097e-03 1.1604733028e-02 8.2222600856e-03
2.1104373930e-03 1.2523521941e-02 8.7678496299e-03
2.3231468028e-03 1.2448046939e-02 3.3225207900e-02
2.2859037660e-03 1.7165321391e-02 1.7078596788e-01
2.0565953067e-03 1.1350737186e-02 2.8790937426e-02
6.7311784369e-04 1.5767720761e-02 2.7143759808e-02
3.0512644177e-04 1.0926837645e-02 2.9678138439e-02
2.4000187113e-04 1.6385476066e-02 2.4709212128e-02
1.7894526657e-04 1.2551835078e-02 5.2287348391e-02
1.7052272233e-04 1.5935874699e-02 3.0375752132e-02
2.2062742695e-04 1.6366511467e-02 1.1797448030e-01
2.3774997195e-04 1.3566687975e-02 3.8122589079e-02
1.8959069106e-04 1.6646834129e-02 1.2820774565e-01
3.3623116906e-05 1.0116899619e-02 5.6390110714e-02
1.2165978211e-03 1.1455373179e-02 3.4572808072e-02
1.3133910300e-03 1.4654452563e-02 8.9899394661e-02
1.5600562620e-03 1.3600295526e-02 1.2143973944e-01
1.5600562620e-03 1.3600295526e-02 1.2143973944e-01
3.3615884604e-05 1.2492222905e-02 7.4378244082e-01
3.3615884604e-05 1.2265906669e-02 5.8323162297e-01
4.4413432624e-04 1.1688847638e-02 2.2433738162e-01
3.3618980524e-05 1.0196679893e-02 1.9821374367e-01
3.3618875023e-05 1.0642175175e-02 2.3614447316e-01
3.3623684430e-05 9.3183523859e-03 5.0778570275e-02
3.3619813621e-05 1.0424551826e-02 2.3044532041e-01
3.3622724004e-05 9.8117497982e-03 1.7975189040e-01
3.3624273783e-05 2.0710217528e-21 1.4986137273e-06
3.3624273783e-05 2.0731225125e-21 1.4754801991e-06
3.3624259231e-05 2.0534580277e-21 1.3954499802e-06
3.3624262869e-05 1.9358433474e-21 1.5949596074e-07
3.3624262869e-05 1.9526910435e-21 1.0321395960e-08
3.3624302887e-05 1.9740442797e-21 0.0000000000e+00
3.3624317439e-05 1.9868451529e-21 0.0000000000e+00
3.3622702176e-05 0.0000000000e+00 0.0000000000e+00
3.3622702176e-05 0.0000000000e+00 0.0000000000e+00
1.4731838201e-04 0.0000000000e+00 0.0000000000e+00
1.4731829045e-04 0.0000000000e+00 0.0000000000e+00
4.8419968455e-05 1.2050872513e-02 7.7503122079e-02
4.8419968455e-05 1.2050872513e-02 7.7503122079e-02
3.3623473428e-05 0.0000000000e+00 0.0000000000e+00
3.3623149648e-05 2.5399600594e-10 4.3731522310e-12
1.3821943275e-02 2.6114551723e-01 8.6258878097e-08
1.8223845943e-02 2.3494371399e-01 8.2389512822e-08
1.9112725432e-02 2.0663995792e-01 1.4839342630e-07
1.7128778466e-02 2.1362706895e-01 1.5075102365e-07
3.2957043499e-02 2.2177675615e-01 1.4137529218e-07
3.2533168327e-02 2.3166571309e-01 1.4164143962e-07
3.0171232298e-02 2.1404781938e-01 1.4260764829e-07
1.1941292711e-02 2.2675767665e-01 1.5009607361e-07
9.8847676224e-03 2.3815305034e-01 1.5114502621e-07
5.6966833072e-03 2.3588220403e-01 1.6181649343e-07
1.0639886993e-02 2.2376530990e-01 1.5028906010e-07
6.7818600219e-03 1.8169099838e-01 1.5065392143e-07
4.0082222549e-03 1.9607457394e-01 1.5162468990e-07
4.0082222549e-03 1.9607457394e-01 1.5162468990e-07
6.8129730256e-03 1.7399655531e-01 1.5473150908e-07
3.9460272480e-03 1.8810356905e-01 1.6046616572e-07
5.4824558320e-03 1.7311123759e-01 1.6001813836e-07
7.2867713752e-03 1.6627467424e-01 1.5669141533e-07
1.6016577283e-03 1.5751292060e-01 1.3000570328e-07
1.1171938386e-02 1.4061634118e-01 1.1817118011e-07
1.7377861310e-02 1.4803967749e-01 1.3489471601e-07
3.4311591298e-03 1.5210044508e-01 1.5288312577e-07
7.9203800997e-03 1.5132941802e-01 1.2123353389e-07
2.3901111078e-03 1.5495258321e-01 1.2512269167e-07
6.0148373013e-03 1.5630653004e-01 1.2056344333e-07
8.9107838770e-03 1.3850502297e-01 1.7378017520e-07
1.3749767172e-02 1.2851763517e-01 2.1388216661e-07
3.1281972770e-03 1.3855665239e-01 2.1503651371e-07
9.8694108698e-03 1.3048092648e-01 2.1732119263e-07
6.7395353690e-03 1.3701818387e-01 1.5993647362e-07
6.7395353690e-03 1.3701818387e-01 1.5993647362e-07
3.9410498175e-05 1.3183059357e-01 2.2745823206e-07
3.9648000893e-05 1.5840756272e-01 2.1801705881e-07
4.0119266790e-05 1.3072909974e-01 2.1779038551e-07
4.0119266790e-05 1.3072909974e-01 2.1779038551e-07
4.0119266790e-05 1.3072909974e-01 2.1779038551e-07
4.0051310558e-05 1.3253265992e-01 2.1006950742e-07
3.0544866847e-03 9.9639904996e-02 3.0729894303e-07
4.0651118979e-05 1.5072812513e-01 2.1988764275e-07
3.9667400718e-05 1.1082708774e-01 2.2185870062e-07
3.9667400718e-05 1.1082708774e-01 2.2185870062e-07
1.6260435494e-02 1.3667754456e-01 3.3493921217e-07
1.3976299437e-02 1.7440698668e-01 4.9320736413e-07
1.3976299437e-02 1.7440698668e-01 4.9320736413e-07
7.7829384245e-03 1.4148196081e-01 3.8703289208e-06
4.2788579594e-03 1.4043797304e-01 5.6857731323e-07
3.6315842493e-03 1.2946730728e-01 4.2846136509e-07
7.0291246520e-03 9.6931149562e-02 9.0992947056e-06
5.7731117510e-03 1.1437921350e-01 4.5311659728e-07
5.7731117510e-03 1.1437921350e-01 4.5311659728e-07
5.7731117510e-03 1.1437921350e-01 4.5311659728e-07
1.4716820791e-02 1.4389252787e-01 4.7378690057e-06
1.2234045037e-02 1.4575163523e-01 2.1124427745e-07
5.0477205077e-03 1.6570108011e-01 2.7302415084e-07
2.2296745447e-03 1.2368037303e-01 3.2951062927e-06
9.7914491004e-03 1.5967279052e-01 3.3400736547e-07
1.7029418300e-02 1.6332045073e-01 2.5820463391e-04
7.2492159864e-03 1.5542589997e-01 3.2132932029e-04
3.7226760178e-03 1.1778458705e-01 7.2857759430e-05
8.6641443971e-03 1.2585356397e-01 1.0125830992e-04
3.9943873999e-03 1.4972122510e-01 1.0139168520e-04
4.2917488997e-03 1.4494471749e-01 1.2032566519e-04
1.0098620395e-02 1.4552649607e-01 1.0976178343e-04
9.7493532424e-03 1.4934749156e-01 1.1339001700e-04
7.6065004881e-03 1.2556018742e-01 6.4287064940e-05
5.8599583960e-03 1.3471837714e-01 1.3722730425e-04
1.2352615129e-02 1.4593068883e-01 7.2002762257e-05
5.5721644154e-05 1.3670687191e-01 3.5324963809e-05
2.6541261104e-04 1.4186369131e-01 3.5200398164e-06
5.5696747040e-05 1.1204962867e-01 1.8960879288e-05
5.5779598370e-05 1.2178393267e-01 6.3557885369e-05
3.5506720305e-03 1.1966667573e-01 3.0766575340e-05
1.0615249145e-04 1.3523106277e-01 9.7731455147e-05
1.0455944600e-04 1.4508989577e-01 6.1327819215e-05
2.4373986162e-04 1.5690218533e-01 6.2865578154e-05
7.5742967965e-05 1.0795633867e-01 7.7397597124e-05
6.6117181935e-05 1.0414591990e-01 6.9683082756e-05
1.5544329751e-03 1.3150933447e-01 1.9724983341e-05
6.6333958724e-03 1.2176236262e-01 3.3568070406e-04
1.5739216239e-04 1.5802375600e-01 2.9056075467e-05
8.9365521490e-05 1.7373401299e-01 3.1685931769e-05
2.4443685543e-03 1.2632512425e-01 2.2252684317e-06
3.0153580592e-03 1.6783444087e-01 2.1367404959e-06
2.0195001174e-03 1.7734924704e-01 3.0794839461e-06
3.3236523935e-03 1.7343402157e-01 4.9291951806e-06
4.2387998352e-03 1.0743985636e-01 2.1750626465e-02
3.8113849587e-03 1.1858002221e-01 1.9343226527e-02
5.7256041449e-05 1.0176230098e-01 2.6700811150e-02
5.3767260009e-03 1.1876033743e-01 7.6671172865e-03
5.9723142234e-05 1.2268469855e-01 2.3616870749e-03
5.8972380430e-05 1.2310807407e-01 2.9244944259e-03
5.8637598462e-05 1.1730881842e-01 8.0899391323e-03
2.5954812493e-03 1.5169074511e-01 9.6327795472e-04
5.5692984764e-05 2.1164007485e-01 6.1831572627e-04
5.5693234875e-05 1.4681804925e-01 2.3353794046e-03
5.5693561383e-05 3.1794918577e-01 3.0717464882e-03
5.5692881688e-05 2.7109741668e-01 4.7577149257e-04
5.5693685075e-05 3.0768703421e-01 3.4567431042e-03
5.5692144391e-05 1.5131519238e-01 2.6259563941e-03
5.5692948990e-05 2.6743214329e-01 1.3775756197e-03
5.5693253065e-05 2.2711537033e-01 1.0252138794e-03
5.5693027207e-05 4.8433723052e-01 3.2380054906e-03
5.5693552592e-05 3.6074432731e-01 1.4051584488e-03
5.5693508330e-05 5.5176825651e-02 1.4773126769e-02
5.5693508330e-05 5.5176825651e-02 1.4773126769e-02
5.5693603523e-05 2.0225178947e-01 1.1832396422e-02
5.5693536524e-05 1.8918508540e-01 1.1384386414e-02
5.5693601704e-05 9.0168410291e-02 1.9569366860e-02
5.5693785725e-05 1.8965973705e-01 1.9700594246e-02
5.5693643844e-05 1.5419615681e-01 1.8147539813e-02
5.5693346743e-05 1.7384112688e-01 1.5429807749e-02
5.5693438298e-05 1.2191071369e-01 2.5013874285e-02
5.5693467402e-05 1.1316029072e-01 1.5902600329e-02
5.5693758137e-05 1.4086381594e-01 1.5429665335e-02
5.5693290051e-05 1.2723353676e-01 1.4082768466e-02
5.5693229418e-05 2.1628511076e-01 1.3061205857e-02
5.5693229418e-05 2.1628511076e-01 1.3061205857e-02
5.5693223961e-05 3.9130797237e-01 1.0739152785e-03
5.5693109668e-05 3.8265212129e-01 3.1802202284e-03
5.5693306119e-05 3.9890419940e-01 3.4013522212e-03
5.5693224567e-05 3.6205476522e-01 4.7107332030e-03
5.5693217594e-05 3.7979645779e-01 5.3446068584e-04
5.5826700494e-05 3.9506128430e-01 3.7106788902e-04
5.5821105586e-05 4.0727741271e-01 3.1469162544e-04
5.5824272446e-05 4.2945562303e-01 5.8609330639e-04
5.5828601035e-05 3.8559962064e-01 4.4470739522e-04
5.5826019282e-05 4.3040707459e-01 2.3822178385e-04
5.5849440893e-05 4.2759715766e-01 7.3883771256e-04
5.5821148029e-05 3.8769584397e-01 8.0533882525e-04
5.5835512588e-05 4.1097539912e-01 6.4951841099e-04
5.5694934114e-05 2.3328198989e-01 4.6258474855e-03
5.5696618801e-05 3.3644489696e-01 5.3688899692e-03
3.4036320382e-03 4.1906810800e-01 4.0517316908e-04
5.5692546994e-05 1.7361289635e-01 1.3618971203e-06
3.2602116698e-03 4.1131587575e-01 5.3730378810e-04
3.6373932186e-03 3.7515574942e-01 6.7857249815e-04
2.3630178378e-03 3.8085083415e-01 5.4262654885e-04
2.0646427777e-03 3.1172825893e-01 3.7928634022e-04
2.0646427777e-03 3.1172825893e-01 3.7928634022e-04
2.9220534489e-03 3.1954160829e-01 1.2969450533e-04
3.0897942779e-03 3.1075730671e-01 7.8623874967e-03
3.3980754476e-03 3.1466212124e-01 8.1856444788e-03
3.3980754476e-03 3.1466212124e-01 8.1856444788e-03
1.1184935623e-03 3.1731879463e-01 3.3249713985e-03
1.0524734923e-03 3.0569130927e-01 9.3956386360e-03
8.0210097318e-04 2.7773839235e-01 8.1456788272e-03
8.0210097318e-04 2.7773839235e-01 8.1456788272e-03
7.8820383351e-04 2.7299027890e-01 1.0838837285e-02
8.5269777386e-04 2.8505644451e-01 1.3640348101e-02
7.7410703913e-04 2.9001861066e-01 1.2475990613e-02
5.0238917174e-04 2.7204553286e-01 1.7323686276e-02
7.6393695538e-04 2.5387095287e-01 2.0097888773e-02
1.5915448724e-04 2.4658170218e-01 2.0726728253e-02
1.2383647057e-04 2.2740020106e-01 4.1541499086e-02
1.4437473874e-04 2.3024667427e-01 3.2239428256e-02
5.9449744792e-05 2.0334165792e-01 3.4531425995e-02
3.0871097048e-05 2.1156041076e-01 4.2865706918e-02
5.0488672969e-05 2.0455020542e-01 1.8344978647e-02
1.2034488949e-04 2.0143414661e-01 6.0212371871e-02
1.2034488949e-04 2.0143414661e-01 6.0212371871e-02
1.2263932877e-04 2.0691328744e-01 3.7671424759e-02
1.3349382001e-04 2.1137842039e-01 8.2883226375e-02
1.6492098985e-04 2.2952976947e-01 2.5719197001e-02
7.7356601755e-02 0.0000000000e+00 0.0000000000e+00
6.7471568162e-02 0.0000000000e+00 0.0000000000e+00
8.6616410563e-02 0.0000000000e+00 0.0000000000e+00
7.8940163056e-02 0.0000000000e+00 0.0000000000e+00
1.0068227847e-01 0.0000000000e+00 0.0000000000e+00
7.8079321111e-02 0.0000000000e+00 0.0000000000e+00
7.8079321111e-02 0.0000000000e+00 0.0000000000e+00
1.1201935075e-01 0.0000000000e+00 0.0000000000e+00
7.9201126471e-02 0.0000000000e+00 0.0000000000e+00
5.1670907065e-02 0.0000000000e+00 0.0000000000e+00
5.1670907065e-02 0.0000000000e+00 0.0000000000e+00
6.5771898565e-02 0.0000000000e+00 0.0000000000e+00
5.8376655603e-02 0.0000000000e+00 0.0000000000e+00
7.9402152449e-02 0.0000000000e+00 0.0000000000e+00
2.6764463478e-02 0.0000000000e+00 0.0000000000e+00
8.9849260325e-02 0.0000000000e+00 0.0000000000e+00
2.8867790941e-02 0.0000000000e+00 0.0000000000e+00
7.5207148368e-02 0.0000000000e+00 0.0000000000e+00
6.9278905168e-02 0.0000000000e+00 0.0000000000e+00
4.7215809425e-02 0.0000000000e+00 0.0000000000e+00
7.9538216194e-02 0.0000000000e+00 0.0000000000e+00
8.2199128966e-02 0.0000000000e+00 0.0000000000e+00
8.2199128966e-02 0.0000000000e+00 0.0000000000e+00
8.2199128966e-02 0.0000000000e+00 0.0000000000e+00
7.9589588917e-02 0.0000000000e+00 0.0000000000e+00
5.0427887278e-02 0.0000000000e+00 0.0000000000e+00
1.9866198883e-02 0.0000000000e+00 0.0000000000e+00
1.9866198883e-02 0.0000000000e+00 0.0000000000e+00
4.5966924944e-02 0.0000000000e+00 0.0000000000e+00
4.5966924944e-02 0.0000000000e+00 0.0000000000e+00
4.3141908944e-02 0.0000000000e+00 0.0000000000e+00
1.1192609207e-02 0.0000000000e+00 0.0000000000e+00
5.7607024598e-02 0.0000000000e+00 0.0000000000e+00
5.9051719184e-02 0.0000000000e+00 0.0000000000e+00
2.2138139155e-02 0.0000000000e+00 0.0000000000e+00
5.1416138497e-02 0.0000000000e+00 0.0000000000e+00
1.1422416700e-02 0.0000000000e+00 0.0000000000e+00
1.3597173073e-02 0.0000000000e+00 0.0000000000e+00
1.3597173073e-02 0.0000000000e+00 0.0000000000e+00
5.4748365656e-02 0.0000000000e+00 0.0000000000e+00
1.9951423523e-02 0.0000000000e+00 0.0000000000e+00
2.6394277811e-02 0.0000000000e+00 0.0000000000e+00
1.2542465702e-02 0.0000000000e+00 0.0000000000e+00
1.5736747781e-01 0.0000000000e+00 0.0000000000e+00
1.5736747781e-01 0.0000000000e+00 0.0000000000e+00
1.7200289667e-01 0.0000000000e+00 0.0000000000e+00
1.7200289667e-01 0.0000000000e+00 0.0000000000e+00
1.9207102309e-01 0.0000000000e+00 0.0000000000e+00
4.0217798824e-02 0.0000000000e+00 0.0000000000e+00
3.1170173781e-02 0.0000000000e+00 0.0000000000e+00
4.5351215017e-02 0.0000000000e+00 0.0000000000e+00
4.2441316880e-02 0.0000000000e+00 0.0000000000e+00
4.0572742932e-02 0.0000000000e+00 0.0000000000e+00
4.1576026628e-02 0.0000000000e+00 0.0000000000e+00
7.2838593818e-03 0.0000000000e+00 0.0000000000e+00
7.2838593818e-03 0.0000000000e+00 0.0000000000e+00
3.8669150478e-02 0.0000000000e+00 0.0000000000e+00
5.9027193092e-03 0.0000000000e+00 0.0000000000e+00
4.2957176648e-02 0.0000000000e+00 0.0000000000e+00
2.3184166911e-02 0.0000000000e+00 0.0000000000e+00
2.3184166911e-02 0.0000000000e+00 0.0000000000e+00
3.2126646489e-02 0.0000000000e+00 0.0000000000e+00
3.4450920454e-02 0.0000000000e+00 0.0000000000e+00
4.3974054509e-03 0.0000000000e+00 0.0000000000e+00
4.1762987462e-02 0.0000000000e+00 0.0000000000e+00
9.5287501463e-03 0.0000000000e+00 0.0000000000e+00
1.9045561086e-02 0.0000000000e+00 0.0000000000e+00
8.0515264223e-02 0.0000000000e+00 0.0000000000e+00
9.1133878256e-02 0.0000000000e+00 0.0000000000e+00
4.6171377423e-03 0.0000000000e+00 0.0000000000e+00
1.3978499965e-02 0.0000000000e+00 0.0000000000e+00
6.7847421703e-02 0.0000000000e+00 0.0000000000e+00
6.7672493868e-02 0.0000000000e+00 0.0000000000e+00
9.8669731990e-02 0.0000000000e+00 0.0000000000e+00
4.7186238381e-02 0.0000000000e+00 0.0000000000e+00
1.2433064977e-01 0.0000000000e+00 0.0000000000e+00
1.8586744399e-02 0.0000000000e+00 0.0000000000e+00
1.8618777860e-02 0.0000000000e+00 0.0000000000e+00
1.8618777860e-02 0.0000000000e+00 0.0000000000e+00
3.1245363061e-03 0.0000000000e+00 0.0000000000e+00
2.5217179209e-03 0.0000000000e+00 0.0000000000e+00
1.6349498377e-03 0.0000000000e+00 0.0000000000e+00
1.6349498377e-03 0.0000000000e+00 0.0000000000e+00
1.8727988005e-02 0.0000000000e+00 0.0000000000e+00
1.8727988005e-02 0.0000000000e+00 0.0000000000e+00
5.7186890393e-02 0.0000000000e+00 0.0000000000e+00
4.6437040903e-02 0.0000000000e+00 0.0000000000e+00
4.7624103725e-02 0.0000000000e+00 0.0000000000e+00
6.4713879799e-02 0.0000000000e+00 0.0000000000e+00
5.7190040747e-02 0.0000000000e+00 0.0000000000e+00
3.5977151555e-02 0.0000000000e+00 0.0000000000e+00
2.7744951503e-02 0.0000000000e+00 0.0000000000e+00
2.7744951503e-02 0.0000000000e+00 0.0000000000e+00
2.7639304133e-02 0.0000000000e+00 0.0000000000e+00
2.6841572020e-02 0.0000000000e+00 0.0000000000e+00
8.7348816426e-05 0.0000000000e+00 0.0000000000e+00
8.7715420401e-05 0.0000000000e+00 0.0000000000e+00
8.7689524056e-05 0.0000000000e+00 0.0000000000e+00
8.7645285627e-05 0.0000000000e+00 0.0000000000e+00
8.7645285627e-05 0.0000000000e+00 0.0000000000e+00
8.7645285627e-05 0.0000000000e+00 0.0000000000e+00
2.4865336251e-02 0.0000000000e+00 0.0000000000e+00
2.4842817957e-02 0.0000000000e+00 0.0000000000e+00
1.3632050017e-02 0.0000000000e+00 0.0000000000e+00
1.3322415374e-02 0.0000000000e+00 0.0000000000e+00
1.3646137901e-02 0.0000000000e+00 0.0000000000e+00
1.3646137901e-02 0.0000000000e+00 0.0000000000e+00
1.3263370609e-02 0.0000000000e+00 0.0000000000e+00
1.3263370609e-02 0.0000000000e+00 0.0000000000e+00
1.3263370609e-02 0.0000000000e+00 0.0000000000e+00
8.2092151046e-02 0.0000000000e+00 0.0000000000e+00
7.9737869402e-02 0.0000000000e+00 0.0000000000e+00
7.9382905116e-02 0.0000000000e+00 0.0000000000e+00
3.7499902770e-02 0.0000000000e+00 0.0000000000e+00
3.7772646484e-02 0.0000000000e+00 0.0000000000e+00
4.8859494738e-02 0.0000000000e+00 0.0000000000e+00
4.8859494738e-02 0.0000000000e+00 0.0000000000e+00
4.6895608616e-02 0.0000000000e+00 0.0000000000e+00
4.4850174338e-02 0.0000000000e+00 0.0000000000e+00
4.4623838427e-02 0.0000000000e+00 0.0000000000e+00
4.4623838427e-02 0.0000000000e+00 0.0000000000e+00
4.4623838427e-02 0.0000000000e+00 0.0000000000e+00
4.4797025310e-02 0.0000000000e+00 0.0000000000e+00
4.6943976854e-02 0.0000000000e+00 0.0000000000e+00
4.7120331476e-02 0.0000000000e+00 0.0000000000e+00
4.6309532908e-02 0.0000000000e+00 0.0000000000e+00
4.6309532908e-02 0.0000000000e+00 0.0000000000e+00
4.6405216369e-02 0.0000000000e+00 0.0000000000e+00
4.6600226002e-02 0.0000000000e+00 0.0000000000e+00
4.6059858054e-02 0.0000000000e+00 0.0000000000e+00
4.6232037867e-02 0.0000000000e+00 0.0000000000e+00
4.6813698175e-02 0.0000000000e+00 0.0000000000e+00
4.6813698175e-02 0.0000000000e+00 0.0000000000e+00
4.7790392923e-02 0.0000000000e+00 0.0000000000e+00
1.1333460733e-01 0.0000000000e+00 0.0000000000e+00
1.2058846777e-01 0.0000000000e+00 0.0000000000e+00
1.2058846777e-01 0.0000000000e+00 0.0000000000e+00
3.3220868868e-02 0.0000000000e+00 0.0000000000e+00
6.1474787692e-02 0.0000000000e+00 0.0000000000e+00
6.3696655134e-02 0.0000000000e+00 0.0000000000e+00
6.3696655134e-02 0.0000000000e+00 0.0000000000e+00
6.3696655134e-02 0.0000000000e+00 0.0000000000e+00
6.3696655134e-02 0.0000000000e+00 0.0000000000e+00
6.0464969215e-02 0.0000000000e+00 0.0000000000e+00
6.6506142418e-02 0.0000000000e+00 0.0000000000e+00
5.4713088398e-02 0.0000000000e+00 0.0000000000e+00
5.9261820590e-02 0.0000000000e+00 0.0000000000e+00
6.9269510607e-02 0.0000000000e+00 0.0000000000e+00
4.9544960881e-02 0.0000000000e+00 0.0000000000e+00
4.9544960881e-02 0.0000000000e+00 0.0000000000e+00
5.5799656237e-02 0.0000000000e+00 0.0000000000e+00
5.8107709512e-02 0.0000000000e+00 0.0000000000e+00
6.9882772863e-02 0.0000000000e+00 0.0000000000e+00
5.5167504586e-02 0.0000000000e+00 0.0000000000e+00
5.8357929811e-02 0.0000000000e+00 0.0000000000e+00
5.1699497737e-02 0.0000000000e+00 0.0000000000e+00
6.5951183438e-02 0.0000000000e+00 0.0000000000e+00
6.2564202895e-02 0.0000000000e+00 0.0000000000e+00
5.4482645666e-02 0.0000000000e+00 0.0000000000e+00
6.8403484300e-02 0.0000000000e+00 0.0000000000e+00
1.2234762497e-01 0.0000000000e+00 0.0000000000e+00
8.2932102804e-02 3.8113374263e-02 2.0181354989e-02
3.4164259210e-02 2.2663748280e-02 6.1371505726e-03
4.8623424891e-04 0.0000000000e+00 0.0000000000e+00
6.7793078476e-03 0.0000000000e+00 0.0000000000e+00
6.7793078476e-03 0.0000000000e+00 0.0000000000e+00
6.0540739626e-03 0.0000000000e+00 0.0000000000e+00
5.4368761988e-03 0.0000000000e+00 0.0000000000e+00
5.4368761988e-03 0.0000000000e+00 0.0000000000e+00
5.4368761988e-03 0.0000000000e+00 0.0000000000e+00
5.9654178937e-03 0.0000000000e+00 0.0000000000e+00
5.8775920394e-03 0.0000000000e+00 0.0000000000e+00
5.7274156158e-03 0.0000000000e+00 0.0000000000e+00
6.0841503995e-03 0.0000000000e+00 0.0000000000e+00
5.8435849345e-03 0.0000000000e+00 0.0000000000e+00
1.1187681118e-02 0.0000000000e+00 0.0000000000e+00
1.1187681118e-02 0.0000000000e+00 0.0000000000e+00
5.0704684011e-03 0.0000000000e+00 0.0000000000e+00
6.0139654282e-03 0.0000000000e+00 0.0000000000e+00
9.3288481682e-03 0.0000000000e+00 0.0000000000e+00
5.2541155019e-03 0.0000000000e+00 0.0000000000e+00
2.6434816342e-03 0.0000000000e+00 0.0000000000e+00
2.6434816342e-03 0.0000000000e+00 0.0000000000e+00
6.7257127569e-03 0.0000000000e+00 0.0000000000e+00
5.0088576972e-03 0.0000000000e+00 0.0000000000e+00
5.3383863512e-03 0.0000000000e+00 0.0000000000e+00
5.0552966519e-03 0.0000000000e+00 0.0000000000e+00
4.5843477128e-03 0.0000000000e+00 0.0000000000e+00
5.0158682570e-03 0.0000000000e+00 0.0000000000e+00
4.7216534828e-03 0.0000000000e+00 0.0000000000e+00
4.3951548966e-03 0.0000000000e+00 0.0000000000e+00
3.8777299633e-03 0.0000000000e+00 0.0000000000e+00
4.5090354494e-03 0.0000000000e+00 0.0000000000e+00
1.4878020806e-02 0.0000000000e+00 0.0000000000e+00
1.5336392399e-02 0.0000000000e+00 0.0000000000e+00
1.0188358506e-02 0.0000000000e+00 0.0000000000e+00
1.3031650199e-02 0.0000000000e+00 0.0000000000e+00
1.1158787325e-02 0.0000000000e+00 0.0000000000e+00
1.1536922073e-02 0.0000000000e+00 0.0000000000e+00
1.5464282071e-02 0.0000000000e+00 0.0000000000e+00
1.5978087225e-02 0.0000000000e+00 0.0000000000e+00
1.4470609118e-02 0.0000000000e+00 0.0000000000e+00
1.1597049277e-02 0.0000000000e+00 0.0000000000e+00
8.4245511971e-03 0.0000000000e+00 0.0000000000e+00
5.0954000423e-03 0.0000000000e+00 0.0000000000e+00
9.6287251799e-03 0.0000000000e+00 0.0000000000e+00
6.2970023331e-03 0.0000000000e+00 0.0000000000e+00
5.5549166476e-03 0.0000000000e+00 0.0000000000e+00
1.8739088147e-02 0.0000000000e+00 0.0000000000e+00
1.6047027069e-02 0.0000000000e+00 0.0000000000e+00
1.7092696760e-02 0.0000000000e+00 0.0000000000e+00
1.6959240330e-02 0.0000000000e+00 0.0000000000e+00
1.6959240330e-02 0.0000000000e+00 0.0000000000e+00
1.6959240330e-02 0.0000000000e+00 0.0000000000e+00
2.3713845760e-02 2.3463141794e-02 1.0637704221e-01
1.7531456271e-02 5.6520567896e-02 9.7752284879e-02
1.9685916913e-02 3.1275449942e-02 1.0485491219e-01
1.7834589584e-02 4.8411070680e-02 9.9725085000e-02
1.3550356574e-02 4.3876769021e-02 9.2281619087e-02
8.3987134179e-03 6.6310411630e-02 7.3873865108e-02
1.5660024170e-02 3.2249948786e-02 9.7102951258e-02
1.7307715413e-02 5.2375400439e-02 1.0239038182e-01
9.4376189324e-03 3.3934842174e-02 9.8595763867e-02
1.2123809351e-02 8.1411869886e-02 9.6859696011e-02
1.2423676671e-02 6.8958642582e-02 9.2891174058e-02
9.3639120072e-03 5.3425185140e-02 8.9961103474e-02
5.3497731569e-03 1.6333097965e-01 2.5027124211e-02
1.5314400771e-03 1.0916994140e-01 2.3740716667e-02
4.4846128391e-03 1.1892175768e-02 3.9533319417e-02
4.4435091986e-03 1.0482535930e-02 2.3347213942e-02
4.4657248024e-03 6.1403126456e-03 2.3857253216e-02
1.0649170491e-02 4.1108575805e-02 8.4113573966e-02
2.7201165612e-03 6.4252070772e-02 3.0014207897e-02
2.0343177433e-03 3.5792685735e-02 2.8659678996e-02
2.6042554333e-03 1.6204778571e-02 3.7587295597e-02
1.9530370009e-03 9.1001255438e-02 1.8381684475e-02
1.9530370009e-03 9.1001255438e-02 1.8381684475e-02
6.2611902249e-03 3.1477892089e-02 7.8036576820e-02
1.0888404922e-03 6.5304065123e-02 2.0486346368e-02
5.5122181948e-03 5.9005434004e-02 2.2193746214e-02
3.6891647639e-03 1.8292681469e-02 1.5747998608e-02
3.0483166235e-03 4.1235818217e-02 2.3409883414e-02
3.0483166235e-03 4.1235818217e-02 2.3409883414e-02
1.9903996959e-02 3.1822667040e-02 7.7442427670e-03
4.7166215877e-02 6.4887890282e-02 2.5584052084e-02
4.7166215877e-02 6.4887890282e-02 2.5584052084e-02
3.5228367740e-02 7.7732794608e-02 5.4409615695e-02
2.1664160226e-02 1.1142803729e-01 4.1264316533e-02
3.5336023973e-02 4.8297709165e-02 4.4253595173e-02
5.7425306800e-02 5.7557295387e-02 1.7244321667e-01
5.7425306800e-02 5.7557295387e-02 1.7244321667e-01
2.3638469167e-02 4.7763740333e-02 6.1463592884e-02
2.3638469167e-02 4.7763740333e-02 6.1463592884e-02
5.6340621784e-02 5.1190511944e-02 3.3679599098e-02
5.8488584744e-02 4.9451806893e-02 4.2652724311e-02
4.5108000593e-02 5.7852388980e-02 2.9916769204e-02
2.7093540722e-02 4.8231780839e-02 3.0895071725e-02
3.5085146781e-02 1.3882515253e-02 4.2119714664e-02
4.3803003151e-02 2.2984426313e-02 2.0429090791e-02
2.6175454647e-02 3.1538875798e-04 1.7795412277e-03
4.8578959703e-01 1.3961867391e-02 5.7422048412e-02
3.6904179305e-01 1.8711550549e-02 2.1727506692e-02
5.4389126599e-01 1.6438159083e-02 4.7053430850e-02
1.9931831552e-02 2.1497436137e-04 2.8779867280e-03
1.9931831552e-02 2.1497436137e-04 2.8779867280e-03
1.9931831552e-02 2.1497436137e-04 2.8779867280e-03
5.2550951329e-02 4.2706296881e-04 7.3741540958e-04
5.3140831180e-02 3.7612727465e-04 2.1495397444e-04
5.5153731567e-02 1.4145501734e-02 1.6221123786e-02
5.5153731567e-02 1.4145501734e-02 1.6221123786e-02
4.4248358191e-02 1.7163095802e-02 3.2529026736e-02
6.2079658608e-01 6.3985745461e-03 9.8705816199e-03
5.1466201432e-02 1.8279666680e-04 5.5090958199e-05
6.0921043903e-01 1.6790925525e-02 1.3254168831e-02
6.0564728081e-01 1.1887256211e-02 9.3718172672e-03
6.0430837919e-01 1.2623092082e-02 9.2283512931e-03
7.0045591394e-01 6.1361811628e-03 6.1010526551e-03
5.3414669385e-01 1.0472495342e-02 7.0472574056e-03
6.4849442989e-01 7.2084750670e-03 6.6010305503e-03
9.5859350016e-02 3.8025335016e-04 7.0080107510e-05
6.2005092700e-01 6.5055139227e-03 5.6314726632e-03
5.2019840106e-02 2.7138166600e-04 2.1101998546e-05
5.2019840106e-02 2.7138166600e-04 2.1101998546e-05
1.1209357654e-01 7.2625798809e-04 3.5033690256e-04
5.4764767798e-02 2.6463259807e-04 5.3249562181e-05
7.1119132762e-02 3.2455167699e-04 6.3607578037e-05
4.1416864221e-02 2.0452455162e-04 1.4563527657e-05
3.4825194782e-02 1.5345911682e-04 1.1656614807e-05
5.1046035466e-03 1.5789872911e-04 9.3461326287e-06
6.9949813575e-03 1.9438397552e-04 7.0546984527e-06
6.9949813575e-03 1.9438397552e-04 7.0546984527e-06
6.8336135882e-03 1.9261896765e-04 5.7473000462e-06
8.4303497182e-03 1.7474150021e-04 9.1433370433e-06
7.1500576450e-03 1.9038887634e-04 7.1184276370e-06
5.6394356555e-03 1.8067637999e-04 7.8950834374e-06
5.5530880539e-03 1.7713493617e-04 7.1081685652e-06
4.5120207845e-03 6.9143603165e-05 6.9711568547e-06
5.0521755184e-03 4.3967521227e-05 6.3956915426e-06
1.6321635242e-03 1.7785891714e-05 2.1868331430e-06
1.6316963496e-03 1.7682007789e-05 6.0579305152e-06
1.6322737210e-03 1.9313223371e-05 9.4866477696e-07
1.6257670456e-03 4.7035802709e-05 1.1088591331e-06
1.6257909398e-03 4.7013792331e-05 1.1133493321e-06
1.6254753573e-03 4.9776269710e-05 1.1039643084e-06
1.6071126835e-03 2.7297260734e-05 1.2689799907e-06
1.6068797753e-03 2.3189819785e-05 1.2925403136e-06
1.6067694038e-03 2.3139244983e-05 1.2787275712e-06
1.6068289309e-03 2.3132976215e-05 1.2865923509e-06
1.6068289309e-03 2.3132976215e-05 1.2865923509e-06
1.6079090419e-03 2.3155500685e-05 1.3018101062e-06
1.6030400099e-03 2.9594853913e-05 1.3130546771e-06
1.6035986288e-03 3.0080138761e-05 1.3006294542e-06
1.6023002778e-03 2.9470462626e-05 1.5771121487e-06
2.0802407817e-03 3.3556789428e-05 9.5799488046e-07
1.6478845015e-03 3.1044238919e-05 6.5230179776e-07
2.2794558705e-03 4.5208458990e-05 1.1060109983e-06
1.8051383280e-03 1.0105955986e-04 2.2641899875e-06
1.8267443714e-03 9.4432447744e-05 1.4163046653e-06
1.8293648027e-03 9.0583176795e-05 1.3166110241e-06
1.8099191754e-03 9.3922641857e-05 1.6555974630e-06
1.8014026767e-03 8.3371498173e-05 1.5423706117e-06
2.0103365726e-03 6.9574838411e-05 1.4887348480e-06
1.8510859615e-03 6.3385543702e-05 1.0101874750e-06
4.4269455345e-03 1.6775428185e-04 2.9790978004e-06
4.8569585779e-03 1.7573309196e-04 2.1873268565e-06
4.2595600244e-03 1.6866422478e-04 2.2649604669e-06
4.3162179281e-05 1.1938238213e-13 6.1525535481e-06
3.9382479069e-05 0.0000000000e+00 3.7735923305e-07
2.3428355266e-02 1.6277621970e-35 0.0000000000e+00
2.5797425536e-02 0.0000000000e+00 0.0000000000e+00
4.7114182053e-05 2.3861027335e-13 5.5679765865e-07
1.3327791231e-01 1.5581181267e-36 0.0000000000e+00
1.7782702809e-02 0.0000000000e+00 0.0000000000e+00
1.5575837810e-02 0.0000000000e+00 0.0000000000e+00
1.4438168689e-02 0.0000000000e+00 0.0000000000e+00
1.3735370749e-02 0.0000000000e+00 0.0000000000e+00
1.4108843869e-02 0.0000000000e+00 0.0000000000e+00
1.4108843869e-02 0.0000000000e+00 0.0000000000e+00
1.6692663310e-02 0.0000000000e+00 0.0000000000e+00
2.0510537084e-02 0.0000000000e+00 0.0000000000e+00
9.0783507330e-03 0.0000000000e+00 0.0000000000e+00
8.7155653164e-03 0.0000000000e+00 0.0000000000e+00
1.4253737366e-02 0.0000000000e+00 0.0000000000e+00
1.6369662015e-02 0.0000000000e+00 0.0000000000e+00
1.7176858848e-02 0.0000000000e+00 0.0000000000e+00
2.0156435125e-02 0.0000000000e+00 0.0000000000e+00
1.2002706411e-02 0.0000000000e+00 0.0000000000e+00
2.1478616477e-02 0.0000000000e+00 0.0000000000e+00
2.0079238107e-02 0.0000000000e+00 0.0000000000e+00
1.6307657313e-02 0.0000000000e+00 0.0000000000e+00
1.1544251271e-02 0.0000000000e+00 0.0000000000e+00
1.0968513321e-02 0.0000000000e+00 0.0000000000e+00
9.1801324549e-03 0.0000000000e+00 0.0000000000e+00
1.1989773988e-02 0.0000000000e+00 0.0000000000e+00
1.1114182378e-02 0.0000000000e+00 0.0000000000e+00
1.2316334682e-02 0.0000000000e+00 0.0000000000e+00
1.0046793070e-02 0.0000000000e+00 0.0000000000e+00
1.0046793070e-02 0.0000000000e+00 0.0000000000e+00
1.5778123828e-02 0.0000000000e+00 0.0000000000e+00
9.6373164561e-03 0.0000000000e+00 0.0000000000e+00
8.9343958146e-03 0.0000000000e+00 0.0000000000e+00
6.1638507987e-07 5.0591955429e-23 0.0000000000e+00
6.1638507987e-07 5.0591955429e-23 0.0000000000e+00
6.1637115323e-07 4.8934926014e-23 5.9858675770e-17
6.1637899762e-07 8.6963366835e-24 0.0000000000e+00
6.1637194904e-07 1.5216980685e-10 6.9793825711e-07
3.2961403576e-05 2.1480154712e-02 2.2652390762e-03
4.5151934076e-04 2.8636354515e-10 0.0000000000e+00
6.6816260793e-05 6.4091481196e-10 0.0000000000e+00
1.9079341170e-04 1.9647223254e-02 2.4134324097e-03
6.1632124471e-07 1.4540582973e-02 8.6239420731e-03
1.3721286268e-04 1.4910836316e-02 3.4202676034e-03
2.5580880538e-04 2.4104805713e-05 2.9192514517e-09
3.0253264655e-04 1.0827923446e-03 1.3024681325e-02
2.2780962354e-04 2.8011766572e-24 4.9573094377e-18
2.0851244547e-05 2.1114366101e-06 0.0000000000e+00
1.2997841986e-04 1.6279873307e-05 4.1866668058e-08
5.3522258289e-05 1.4142970787e-02 2.1385794583e-02
1.4232318260e-05 1.4211411743e-02 4.0867424880e-02
5.7425342372e-05 1.5380262009e-02 3.4635137660e-03
5.7425342372e-05 1.5380262009e-02 3.4635137660e-03
5.7425342372e-05 1.5380262009e-02 3.4635137660e-03
3.1424295933e-02 0.0000000000e+00 0.0000000000e+00
1.0969741503e-02 0.0000000000e+00 0.0000000000e+00
3.8291096280e-04 1.9233668456e-02 3.4718428273e-02
2.7937901827e-02 0.0000000000e+00 0.0000000000e+00
2.7937901827e-02 0.0000000000e+00 0.0000000000e+00
3.5857627168e-02 0.0000000000e+00 0.0000000000e+00
6.0482769792e-05 2.0523659342e-02 1.1480186406e-02
8.7855927801e-03 0.0000000000e+00 0.0000000000e+00
9.9978833459e-03 0.0000000000e+00 0.0000000000e+00
4.7281440930e-03 0.0000000000e+00 0.0000000000e+00
4.7281440930e-03 0.0000000000e+00 0.0000000000e+00
8.0762554426e-03 0.0000000000e+00 0.0000000000e+00
1.1428113251e-02 0.0000000000e+00 0.0000000000e+00
7.8502410712e-03 0.0000000000e+00 0.0000000000e+00
9.0798271898e-03 0.0000000000e+00 0.0000000000e+00
1.2621826337e-02 0.0000000000e+00 0.0000000000e+00
2.0031798825e-03 0.0000000000e+00 0.0000000000e+00
5.2029153643e-03 0.0000000000e+00 0.0000000000e+00
1.0185614151e-02 0.0000000000e+00 0.0000000000e+00
2.1572087736e-02 0.0000000000e+00 0.0000000000e+00
4.5567123501e-03 0.0000000000e+00 0.0000000000e+00
1.6118102164e-02 0.0000000000e+00 0.0000000000e+00
4.2607336305e-02 0.0000000000e+00 0.0000000000e+00
4.7919872741e-03 0.0000000000e+00 0.0000000000e+00
8.9343379562e-03 0.0000000000e+00 0.0000000000e+00
1.2119147771e-02 0.0000000000e+00 0.0000000000e+00
1.2799290863e-02 0.0000000000e+00 0.0000000000e+00
1.2799290863e-02 0.0000000000e+00 0.0000000000e+00
1.1408300682e-03 0.0000000000e+00 0.0000000000e+00
4.9118284757e-03 0.0000000000e+00 0.0000000000e+00
4.9118284757e-03 0.0000000000e+00 0.0000000000e+00
4.7790408523e-03 0.0000000000e+00 0.0000000000e+00
2.3276088856e-03 0.0000000000e+00 0.0000000000e+00
4.2381936063e-02 0.0000000000e+00 0.0000000000e+00
7.6070232938e-02 0.0000000000e+00 0.0000000000e+00
3.3456082456e-03 0.0000000000e+00 0.0000000000e+00
3.1971998299e-03 0.0000000000e+00 0.0000000000e+00
4.3129485372e-04 6.7276874557e-02 5.4320845908e-03
2.1674410382e-03 0.0000000000e+00 0.0000000000e+00
1.8290142373e-03 2.4979894418e-17 0.0000000000e+00
1.4768737912e-02 0.0000000000e+00 0.0000000000e+00
1.2658401625e-02 0.0000000000e+00 0.0000000000e+00
1.2384123402e-02 0.0000000000e+00 0.0000000000e+00
7.5665160548e-03 0.0000000000e+00 0.0000000000e+00
7.2599965303e-03 0.0000000000e+00 0.0000000000e+00
1.7155805933e-03 4.2596658839e-11 0.0000000000e+00
1.8728553550e-03 0.0000000000e+00 0.0000000000e+00
1.5270877862e-02 0.0000000000e+00 0.0000000000e+00
5.6701577269e-02 0.0000000000e+00 0.0000000000e+00
5.6701577269e-02 0.0000000000e+00 0.0000000000e+00
5.6420732910e-02 0.0000000000e+00 0.0000000000e+00
5.6420732910e-02 0.0000000000e+00 0.0000000000e+00
5.6817791735e-02 0.0000000000e+00 0.0000000000e+00
5.6669118814e-02 0.0000000000e+00 0.0000000000e+00
5.6768212778e-02 0.0000000000e+00 0.0000000000e+00
5.6907987222e-02 0.0000000000e+00 0.0000000000e+00
5.6792359178e-02 0.0000000000e+00 0.0000000000e+00
5.7235453899e-02 0.0000000000e+00 0.0000000000e+00
5.7103305434e-02 0.0000000000e+00 0.0000000000e+00
5.7088838580e-02 0.0000000000e+00 0.0000000000e+00
5.6847422073e-02 0.0000000000e+00 0.0000000000e+00
5.7714695421e-02 0.0000000000e+00 0.0000000000e+00
8.0396071076e-02 8.5708244393e-03 6.9576359432e-03
1.0825317974e-01 8.8024719153e-03 2.0508802341e-02
1.0939288015e-01 7.8367533861e-03 2.1272978125e-02
1.0846084170e-01 4.0601418974e-03 2.1673328786e-02
1.1076627423e-01 9.1422325155e-03 2.2467615549e-02
6.8506062652e-02 1.6694452769e-02 2.3222047370e-02
7.4962511659e-02 9.7451413749e-03 2.3243478732e-02
6.5267883862e-02 1.6752715999e-02 1.8870863831e-02
1.7900824392e-02 4.8332306324e-03 1.8162203021e-02
7.0249648765e-02 2.6347422972e-02 1.8430041848e-02
5.9526936772e-02 4.2809891514e-02 1.8605765887e-02
6.1057755413e-02 3.7095911180e-02 1.8734905248e-02
6.7907806486e-02 1.8571237568e-02 1.8841636600e-02
3.3132668371e-04 1.1891824271e-02 2.2592422009e-02
4.6632884914e-04 2.5333370237e-02 1.3960147044e-02
6.0322750263e-04 1.2827296508e-02 3.0772737072e-02
4.6972311005e-04 1.1879428911e-02 2.2818389116e-02
5.9867499658e-04 1.1795240765e-02 2.1518240605e-02
4.3241580230e-04 5.6531521259e-03 2.9107402234e-02
6.0361383172e-04 2.6953745168e-02 2.2494132631e-02
8.9356853762e-04 3.1187290947e-02 2.2070449932e-02
6.4564216397e-04 2.5559642197e-02 2.2970624113e-02
5.0269136409e-04 2.4976300076e-02 2.2665084184e-02
2.4324836462e-04 1.2185410854e-03 3.4619335311e-03
5.3975177192e-04 2.2277856604e-03 5.9677794986e-03
2.6695145668e-04 2.9022342445e-04 2.8785016560e-03
5.4341630069e-04 8.8744113067e-03 1.4620353710e-02
2.7898390060e-04 5.8297839617e-04 3.1368628855e-03
2.5298748005e-04 3.2584016629e-03 4.9029190147e-05
2.8052162573e-04 1.5395445947e-05 4.9516472851e-05
2.0384919723e-04 1.3464020243e-03 4.9012544575e-05
2.1023129739e-04 6.6202527826e-04 4.8924205657e-05
2.1584999316e-04 2.9315674965e-05 4.9671361618e-05
2.0535104826e-04 4.6581578208e-03 4.9029136790e-05
1.9939605409e-04 8.9191891902e-04 4.9400697208e-05
2.2142233744e-04 1.1277195263e-03 4.9408097160e-05
2.1378942984e-04 2.2084212257e-03 5.0261113453e-05
2.1378942984e-04 2.2084212257e-03 5.0261113453e-05
2.0606026980e-04 2.2714589295e-04 5.0724449162e-05
2.0679123069e-04 1.1183330704e-03 5.0808196950e-05
2.5068340741e-04 3.2502990187e-03 5.0780014135e-05
2.1290988661e-04 2.0441347715e-03 5.0310149163e-05
3.4719803322e-04 2.3462404533e-04 4.9998544455e-05
3.6438846291e-04 7.1791164866e-05 5.0425004095e-05
3.6456561308e-04 6.6484121097e-05 5.0432628692e-05
5.7966218492e-07 1.9201327762e-03 1.0640968569e-02
5.7965308997e-07 2.2123004232e-02 3.3443353774e-03
5.7965468159e-07 1.9465512978e-03 1.0936268906e-02
5.7964774669e-07 1.2076703115e-05 3.0878345715e-03
5.1848826600e-04 1.2073283415e-05 5.8960301734e-05
5.7958015987e-07 8.8831483845e-04 2.8905555761e-04
5.7968878764e-07 1.6782358163e-04 1.0192069628e-04
5.7968333067e-07 2.2421733166e-02 1.6649451330e-04
5.7968333067e-07 7.3218602726e-04 1.6205374413e-04
5.7897405270e-07 1.2136844210e-05 5.9239022448e-05
5.7969401723e-07 1.1538171539e-05 2.0112506778e-04
5.7970862599e-07 1.2155371223e-05 3.7429654427e-04
2.7621416060e-04 0.0000000000e+00 7.1743932591e-03
5.7956697219e-07 0.0000000000e+00 7.2892839283e-03
5.7956663113e-07 0.0000000000e+00 7.2767825332e-03
5.7956668797e-07 1.2146531541e-05 1.1700371518e-04
5.7956646060e-07 0.0000000000e+00 7.0419687060e-03
5.7956646060e-07 0.0000000000e+00 7.0419687060e-03
5.7959351807e-07 0.0000000000e+00 6.9414264290e-03
5.7955429611e-07 0.0000000000e+00 7.2855607335e-03
5.7955859726e-07 0.0000000000e+00 7.0941748272e-03
5.7955389821e-07 0.0000000000e+00 9.2271884593e-03
1.9458302935e-04 0.0000000000e+00 9.8706497035e-03
2.3179876735e-04 0.0000000000e+00 9.8656921764e-03
1.6432008253e-04 0.0000000000e+00 9.9209123679e-03
1.6217658898e-04 0.0000000000e+00 9.8631501120e-03
1.8387321749e-04 0.0000000000e+00 9.8552867615e-03
1.8387321749e-04 0.0000000000e+00 9.8552867615e-03
4.5953913968e-05 0.0000000000e+00 9.9987782693e-03
1.9019874526e-04 0.0000000000e+00 9.8255744476e-03
2.6373993993e-04 0.0000000000e+00 9.8632640826e-03
1.5256200337e-04 2.3207360937e-03 1.0349056897e-02
5.7975199752e-07 0.0000000000e+00 9.8133650220e-03
5.7975199752e-07 0.0000000000e+00 9.8133650220e-03
8.9042493499e-05 0.0000000000e+00 9.8655525168e-03
8.9660277704e-05 0.0000000000e+00 9.9969898583e-03
1.0245667000e-04 3.6413261720e-04 6.9426719371e-03
1.2742320778e-04 0.0000000000e+00 1.2954136667e-02
8.9170092148e-05 0.0000000000e+00 1.9225477707e-02
8.7971165271e-05 6.4702267849e-11 1.6510514077e-02
9.7157667814e-05 5.5620630737e-03 1.2822126659e-02
7.4291781705e-05 0.0000000000e+00 1.6927393541e-02
5.6364245883e-05 2.0087033336e-03 7.4594479520e-03
5.6364245883e-05 2.0087033336e-03 7.4594479520e-03
6.4593570765e-05 6.9908546114e-05 1.5984134128e-02
8.2752159036e-05 8.0221906925e-03 2.1108329141e-02
8.2752159036e-05 8.0221906925e-03 2.1108329141e-02
7.1951890883e-05 0.0000000000e+00 1.7228638462e-03
7.3681532191e-05 2.9004508688e-03 7.9684113540e-03
7.3167194917e-05 1.4917240866e-02 2.0428665914e-02
7.7566888838e-05 5.6421114132e-03 1.6200076866e-02
5.5819325856e-05 5.7047753556e-03 1.1806340888e-02
5.5819325856e-05 5.7047753556e-03 1.1806340888e-02
7.5620545222e-05 4.7252987861e-03 2.8069093532e-03
7.6593676511e-05 4.7559212738e-03 1.5929825992e-02
5.8692108581e-05 6.3352132565e-03 3.2199843554e-03
7.6193125987e-05 4.9902566825e-03 1.8158131328e-03
5.2203125629e-05 5.4756347284e-03 1.8467745200e-02
5.0809058024e-05 1.3922481230e-05 1.7633085372e-02
7.3599918172e-05 3.6132753206e-03 5.2293251113e-03
8.0912818324e-05 4.3634983789e-03 8.1883929282e-03
6.5738886747e-05 3.3510231685e-03 2.6571170310e-03
6.0325333664e-05 3.6010889065e-03 1.0981803061e-02
7.5746106556e-05 4.1080351803e-03 8.3351866730e-03
6.7925396318e-05 3.4125456239e-08 1.4667833922e-02
6.2583576408e-05 4.0723778657e-03 1.4793737559e-02
6.4643347912e-05 3.3099326829e-03 9.8832582589e-03
6.2569827056e-05 4.5706763437e-03 2.0364925421e-02
6.2569827056e-05 4.5706763437e-03 2.0364925421e-02
5.3982798486e-05 1.8568085125e-05 1.1488506260e-02
6.2397583993e-05 1.0303177911e-05 7.3502829376e-03
6.2553195363e-05 3.3024167448e-03 5.6065035945e-03
6.7286080755e-05 4.0952501004e-03 1.5155228010e-02
6.7286080755e-05 4.0952501004e-03 1.5155228010e-02
5.2441967474e-05 4.0428410672e-03 1.3200289104e-02
7.0644023860e-05 4.4595728590e-03 9.2345391943e-03
6.5502365222e-05 4.1644891608e-03 7.2234569428e-03
6.5638717283e-05 4.1413681077e-03 5.2453572086e-03
5.6168208876e-05 3.7158140137e-03 1.3116913227e-02
5.6168208876e-05 3.7158140137e-03 1.3116913227e-02
6.9089171632e-05 3.0521677545e-03 1.6924418975e-02
6.7479674613e-05 3.9094852206e-03 5.3020031191e-03
6.8147275385e-05 1.9816895850e-03 7.4384563292e-03
6.7249739809e-05 4.1711770658e-03 1.2081242826e-02
6.7161301094e-05 4.2174951911e-03 1.1713392218e-02
6.8200587558e-05 4.9413079590e-03 1.2458786019e-02
6.8200587558e-05 4.9413079590e-03 1.2458786019e-02
6.9484239257e-05 3.3117584826e-03 7.5206443580e-04
6.8666202670e-05 2.3162099727e-03 1.3777086744e-02
3.1695296542e-03 1.4872753837e-02 5.5060837185e-03
2.4890071096e-03 4.8462066179e-02 8.5808790366e-03
3.2798306468e-03 5.4420913570e-02 2.0070244325e-02
4.6091922559e-03 3.9567231201e-02 2.3072833506e-02
2.9187025308e-03 4.0813476623e-02 7.4207535634e-02
2.3062138401e-03 6.9663780121e-02 1.3909774376e-04
2.1799817356e-03 1.0141279122e-02 7.0092416524e-03
2.2352670133e-03 9.7288995748e-03 2.6775509934e-02
2.3560302113e-03 4.7291337202e-02 3.5576369269e-03
2.2311405910e-03 1.0000804129e-02 2.6375691365e-03
2.2541268512e-03 6.5198784384e-02 4.1141712087e-03
2.4338654700e-03 6.2389184721e-02 4.3775037581e-03
2.2952173019e-03 5.1542201079e-02 1.1346101450e-02
2.3802599020e-03 8.8818647588e-02 7.0570285401e-03
2.3339370415e-03 9.3641094863e-02 6.3976315471e-05
2.3339370415e-03 9.3641094863e-02 6.3976315471e-05
4.4058668294e-03 9.9133877084e-02 2.8300218957e-05
4.1976424018e-03 1.0383480291e-01 2.9193681874e-04
4.7463204555e-03 9.5075832059e-02 4.7023367500e-05
4.7154970325e-03 9.0707451726e-02 3.4006522934e-03
5.1840950873e-03 8.5617418711e-02 3.6716821087e-03
5.4764122378e-03 8.4749097625e-02 1.0088636433e-04
5.4764122378e-03 8.4749097625e-02 1.0088636433e-04
5.3704956911e-03 8.9510666206e-02 2.3101981359e-05
5.1959825062e-03 5.4916621807e-02 2.7971364950e-03
5.3342414673e-03 8.0286492904e-02 4.1870106118e-04
5.3663617970e-03 5.6499617485e-02 1.4521107890e-03
5.1060683951e-03 5.8473498250e-02 1.8837645181e-05
5.3786096820e-03 4.1425091680e-02 1.3792207331e-05
5.6802542579e-03 4.8356226025e-02 1.0698431197e-05
5.7579989237e-03 3.6545754100e-02 1.8929972648e-03
5.8005832828e-03 4.6825426320e-02 8.8654519459e-06
5.8824648841e-03 3.1380821640e-02 2.1600749121e-03
6.5195372323e-03 3.0633456229e-02 1.2736894416e-03
6.4716442406e-03 0.0000000000e+00 0.0000000000e+00
6.4680998815e-03 0.0000000000e+00 0.0000000000e+00
6.4680998815e-03 0.0000000000e+00 0.0000000000e+00
6.4732264097e-03 0.0000000000e+00 0.0000000000e+00
6.4717162847e-03 0.0000000000e+00 0.0000000000e+00
6.4717162847e-03 0.0000000000e+00 0.0000000000e+00
6.4717446512e-03 0.0000000000e+00 0.0000000000e+00
6.4691983692e-03 0.0000000000e+00 0.0000000000e+00
6.4701306607e-03 0.0000000000e+00 0.0000000000e+00
6.4709805871e-03 0.0000000000e+00 0.0000000000e+00
6.4619438551e-03 0.0000000000e+00 0.0000000000e+00
6.4619438551e-03 0.0000000000e+00 0.0000000000e+00
6.4028239673e-03 0.0000000000e+00 0.0000000000e+00
6.3863389611e-03 0.0000000000e+00 0.0000000000e+00
6.3850627242e-03 0.0000000000e+00 0.0000000000e+00
6.3850627242e-03 0.0000000000e+00 0.0000000000e+00
6.3850627242e-03 0.0000000000e+00 0.0000000000e+00
6.3850636204e-03 0.0000000000e+00 0.0000000000e+00
6.3851262566e-03 0.0000000000e+00 0.0000000000e+00
6.3847956869e-03 0.0000000000e+00 0.0000000000e+00
6.3837367973e-03 0.0000000000e+00 0.0000000000e+00
5.7424573248e-03 0.0000000000e+00 0.0000000000e+00
3.1463268628e-02 0.0000000000e+00 0.0000000000e+00
3.1463268628e-02 0.0000000000e+00 0.0000000000e+00
2.6225432225e-02 0.0000000000e+00 0.0000000000e+00
2.6424962862e-02 0.0000000000e+00 0.0000000000e+00
2.6424962862e-02 0.0000000000e+00 0.0000000000e+00
2.9089325539e-02 0.0000000000e+00 0.0000000000e+00
9.6254619457e-03 0.0000000000e+00 0.0000000000e+00
9.6254619457e-03 0.0000000000e+00 0.0000000000e+00
1.5790158005e-02 0.0000000000e+00 0.0000000000e+00
1.5790158005e-02 0.0000000000e+00 0.0000000000e+00
3.1011131206e-02 0.0000000000e+00 0.0000000000e+00
3.1011131206e-02 0.0000000000e+00 0.0000000000e+00
2.7072205822e-02 0.0000000000e+00 0.0000000000e+00
2.9097989997e-02 0.0000000000e+00 0.0000000000e+00
2.9097989997e-02 0.0000000000e+00 0.0000000000e+00
2.4453307626e-02 0.0000000000e+00 0.0000000000e+00
2.3705068622e-02 0.0000000000e+00 0.0000000000e+00
2.4870802721e-02 0.0000000000e+00 0.0000000000e+00
3.9363515389e-03 1.6827182461e-12 0.0000000000e+00
1.6038015019e-02 2.6871846865e-01 8.5896175355e-02
4.5015100598e-04 2.5175095350e-01 9.7838872423e-02
7.2518360200e-04 2.7073047931e-01 1.0160219173e-01
4.8335880972e-02 1.6086768359e-01 5.6242711221e-02
4.2233453011e-05 0.0000000000e+00 0.0000000000e+00
4.2989820334e-05 0.0000000000e+00 0.0000000000e+00
4.2989820334e-05 0.0000000000e+00 0.0000000000e+00
1.0519517188e-03 0.0000000000e+00 0.0000000000e+00
7.9792188791e-02 0.0000000000e+00 0.0000000000e+00
4.8164232794e-05 0.0000000000e+00 0.0000000000e+00
5.0660243081e-05 0.0000000000e+00 0.0000000000e+00
5.0437075515e-05 0.0000000000e+00 0.0000000000e+00
4.5504104492e-05 0.0000000000e+00 0.0000000000e+00
4.7870943187e-05 0.0000000000e+00 0.0000000000e+00
4.7870943187e-05 0.0000000000e+00 0.0000000000e+00
5.7489880419e-05 0.0000000000e+00 0.0000000000e+00
3.6776535781e-03 0.0000000000e+00 0.0000000000e+00
6.5368846360e-05 0.0000000000e+00 0.0000000000e+00
6.5368846360e-05 0.0000000000e+00 0.0000000000e+00
5.9451559840e-05 0.0000000000e+00 0.0000000000e+00
5.9470769884e-05 0.0000000000e+00 0.0000000000e+00
6.1124457413e-05 0.0000000000e+00 0.0000000000e+00
5.2820720460e-05 0.0000000000e+00 0.0000000000e+00
5.2879255539e-05 0.0000000000e+00 0.0000000000e+00
5.1146924307e-05 0.0000000000e+00 0.0000000000e+00
5.4971654208e-05 0.0000000000e+00 0.0000000000e+00
6.0603173248e-05 0.0000000000e+00 0.0000000000e+00
4.2221857257e-05 0.0000000000e+00 0.0000000000e+00
4.3871973200e-05 0.0000000000e+00 0.0000000000e+00
9.9580019378e-04 0.0000000000e+00 0.0000000000e+00
4.6374983261e-05 0.0000000000e+00 0.0000000000e+00
4.3806160951e-05 0.0000000000e+00 0.0000000000e+00
1.7524553999e-03 0.0000000000e+00 0.0000000000e+00
3.7041901123e-05 0.0000000000e+00 0.0000000000e+00
3.6733202554e-05 0.0000000000e+00 0.0000000000e+00
3.6777909069e-05 0.0000000000e+00 0.0000000000e+00
3.6777909069e-05 0.0000000000e+00 0.0000000000e+00
3.5706325434e-05 0.0000000000e+00 0.0000000000e+00
3.5705300130e-05 2.3864940430e-01 1.3093355623e-06
3.5705542966e-05 2.1160491804e-01 1.5111167890e-06
3.5705829153e-05 2.9685716828e-01 1.5782257602e-06
3.5705566916e-05 1.5664308767e-01 1.3063422583e-06
3.5704664697e-05 3.4402190646e-01 1.3147938270e-06
4.1688363126e-05 2.5076723968e-01 1.2624837240e-06
4.1688259747e-05 1.7206639300e-01 1.2897277336e-06
4.1684115786e-05 3.4198707591e-01 1.4720057954e-06
1.2072053384e-04 2.4502317111e-01 2.0652741665e-06
8.1641903428e-04 1.4583669603e-01 1.1042637440e-05
2.6976820300e-04 2.0046038677e-01 7.5401877800e-06
5.4241875235e-04 1.6769822873e-01 1.0750815153e-05
2.7674296992e-04 1.1750118434e-01 2.6197817216e-06
1.7727813053e-03 8.2839042569e-02 1.2688311791e-05
5.0707551030e-03 1.2802684307e-01 2.1457933660e-04
4.0761700851e-03 2.6599608734e-01 1.1690127682e-04
4.6188500904e-03 2.8209482258e-01 1.5909684286e-04
5.7265230959e-03 1.9205860421e-01 1.6457830103e-04
9.6120432014e-05 2.1800578510e-01 5.0114405167e-04
9.6120732148e-05 2.0728423198e-01 4.7532090321e-04
9.6120732148e-05 2.0728423198e-01 4.7532090321e-04
1.6647060499e-03 1.4439500496e-01 1.1109389334e-05
1.5646762040e-03 1.4498422295e-01 1.1482893115e-05
2.3094378509e-03 1.2256351237e-01 2.9764404038e-04
9.6120319843e-05 1.3753035044e-01 1.4021741208e-05
9.6120247084e-05 1.6630421082e-01 1.5935340874e-05
9.6120269518e-05 1.5552122394e-01 1.6296494171e-05
9.6121603444e-05 1.4560451359e-01 1.3716836217e-05
9.6120102171e-05 2.0551649978e-01 3.6887754531e-02
9.6121046833e-05 3.1630912175e-01 3.8207397951e-02
9.6121194171e-05 2.0404935877e-01 1.7533116586e-02
9.6121181438e-05 3.4651428709e-01 2.7000318126e-02
9.6121430033e-05 3.3732843399e-01 2.4897180730e-02
9.6121230551e-05 3.6211203535e-01 2.3706660063e-02
9.6107994371e-05 3.4272845586e-01 2.8020244402e-02
9.6121243284e-05 2.7059766899e-01 2.2348240949e-02
9.6121243284e-05 2.7059766899e-01 2.2348240949e-02
9.6121101402e-05 1.7421925565e-01 2.5821416173e-02
9.6121188714e-05 1.8648048739e-01 1.9995353961e-02
9.6121229944e-05 2.0593468224e-01 2.0363443764e-02
9.6121209936e-05 1.8028251827e-01 1.7783296760e-02
9.6121263293e-05 3.3776277552e-01 1.7682034755e-02
9.6121362124e-05 3.5260583460e-01 1.8673991862e-02
9.6121541598e-05 3.2329554111e-01 1.8195039903e-02
9.6115839066e-05 3.1454037378e-01 2.4146428797e-02
1.0059595030e-02 1.4653038730e-01 4.7848737255e-03
1.4741217407e-02 1.3438515613e-01 3.3203379341e-04
1.2327384359e-02 1.2658459134e-01 1.5676411052e-04
1.5496269994e-02 1.2042282584e-01 4.2748813576e-04
1.9128866494e-02 1.1925675720e-01 2.3273011023e-04
7.4985583778e-03 1.6010368119e-01 3.2585446800e-03
2.5421185419e-02 1.0572025428e-01 5.1671242484e-04
1.4232569820e-02 1.1769839004e-01 3.3514210190e-04
1.1668123150e-02 1.5467353910e-01 3.8258451580e-03
2.0970526229e-02 1.6983944674e-01 5.8629932658e-03
2.4153692260e-02 1.4258139208e-01 4.3216905518e-03
2.7181800688e-02 1.4920032149e-01 4.3315199534e-03
9.6117242720e-05 1.7198273415e-01 2.8282207204e-03
6.9178426638e-02 2.5366222858e-01 1.5266001496e-02
6.9178426638e-02 2.5366222858e-01 1.5266001496e-02
2.2024533246e-02 1.2766178697e-01 6.9692470242e-04
2.7217547176e-02 1.3171773404e-01 5.1331785774e-04
4.0760688328e-02 1.7149510855e-01 4.1282480912e-03
1.1923701386e-02 1.1904000243e-01 3.5196185430e-04
1.7224093201e-02 1.7610341683e-01 3.0579599455e-03
2.5722597726e-02 1.6903778786e-01 2.4948320691e-03
2.3334645821e-02 1.7281452194e-01 2.7272121030e-03
4.3573566092e-02 1.8816698218e-01 2.5117254312e-03
2.3662663686e-02 1.7815450082e-01 4.5706583284e-03
7.8368845706e-02 1.7384829621e-01 7.3293600775e-03
6.4496443917e-02 1.6079273199e-01 7.2085409386e-03
4.1769687707e-02 1.7488615960e-01 4.6537801196e-03
4.6530669866e-02 1.5376807998e-01 4.8799609746e-03
2.2945262181e-02 1.7975213627e-01 2.5921664880e-03
1.8569146904e-02 1.6954576100e-01 2.6807835384e-03
2.8303050281e-02 1.8229203795e-01 2.2073232200e-03
5.0183578705e-02 2.2614724934e-01 8.1952879943e-03
6.9232638304e-02 2.2009626279e-01 7.9345477473e-03
3.2922213742e-02 2.0003977915e-01 8.4745234732e-03
3.3012328204e-02 2.1819295486e-01 7.9563773470e-03
4.3365001678e-02 2.2035560012e-01 7.9460613973e-03
3.5741606106e-02 2.0500841985e-01 7.5536058478e-03
3.0489055595e-02 2.1183868125e-01 7.7127212038e-03
4.8184665541e-02 2.2333518292e-01 5.6411825741e-03
3.9053194070e-02 2.2602615630e-01 2.3462259754e-02
2.9201261234e-02 8.8706177970e-02 2.8041277857e-02
5.1878388661e-02 2.1436736733e-01 1.8220854690e-02
2.6318370054e-02 1.4992012704e-01 2.0694793047e-02
2.9183486477e-02 9.2189940313e-02 2.1151233232e-02
5.1782782190e-02 1.6302173895e-01 1.4426342833e-02
3.8842156840e-02 2.5491278619e-01 1.5087136611e-02
3.6100832125e-02 1.2207311578e-01 2.5721281922e-02
3.3967619607e-02 1.9927957654e-01 3.8309982046e-02
4.8392758084e-02 2.1055220316e-01 1.9095964187e-02
3.5144934431e-02 1.6323179007e-01 3.4648219123e-02
7.2410732173e-05 1.4020285755e-01 2.2680426870e-02
7.0256399340e-05 1.1951198491e-01 4.7362635223e-02
7.0241469075e-05 1.3331762205e-01 4.7770668132e-02
7.0237306015e-05 1.2434101912e-01 5.3241773198e-02
7.0223119110e-05 6.2897128053e-02 5.7439682074e-02
7.0257333694e-05 7.6402875905e-02 4.6456923087e-02
7.0244328526e-05 5.2620830014e-02 4.0772600565e-02
7.0257296708e-05 7.9724948853e-02 3.8208900330e-02
7.0224448791e-05 1.7012631148e-01 3.9670822055e-02
7.0237788653e-05 2.1033689504e-01 4.0243604997e-02
7.1250595890e-05 1.8572003519e-01 1.1958699906e-02
7.2392585328e-05 1.5705913057e-01 1.5266658583e-02
7.2392585328e-05 1.5705913057e-01 1.5266658583e-02
7.5071682659e-05 1.3551446920e-01 1.3475225385e-02
7.5071682659e-05 1.3551446920e-01 1.3475225385e-02
7.1311266462e-05 1.5184117543e-01 1.9183054178e-02
1.1135721979e-04 1.7296092833e-01 1.9938315265e-02
2.0678814932e-04 2.6232464860e-01 8.9507911277e-03
2.0678814932e-04 2.6232464860e-01 8.9507911277e-03
1.6693196327e-04 2.5421850880e-01 7.5068743317e-03
3.3023725458e-04 1.0292610340e-01 1.5292135882e-02
2.0999313104e-04 1.0725993291e-01 1.0560459690e-02
2.0894546954e-04 1.2739763098e-01 9.9277580933e-03
1.7553172559e-04 1.2997926461e-01 1.4761222449e-02
2.6564701208e-04 1.2344180606e-01 1.8263488542e-02
2.3616164738e-04 1.2987964414e-01 1.9782280472e-02
2.5386735191e-04 1.4547369940e-01 2.3255550147e-02
1.1824715815e-04 1.1048600574e-01 5.5319807725e-03
2.0216295282e-03 1.0389230711e-01 1.9401034651e-02
9.6998676502e-03 0.0000000000e+00 0.0000000000e+00
1.3067865402e-03 0.0000000000e+00 0.0000000000e+00
2.2148079691e-03 0.0000000000e+00 0.0000000000e+00
2.2148079691e-03 0.0000000000e+00 0.0000000000e+00
2.2148079691e-03 0.0000000000e+00 0.0000000000e+00
2.2141121881e-03 0.0000000000e+00 0.0000000000e+00
2.2141121881e-03 0.0000000000e+00 0.0000000000e+00
2.5727552517e-02 0.0000000000e+00 0.0000000000e+00
2.5447876348e-02 0.0000000000e+00 0.0000000000e+00
3.3946929189e-02 0.0000000000e+00 0.0000000000e+00
5.1414801118e-02 0.0000000000e+00 0.0000000000e+00
2.6441967270e-02 0.0000000000e+00 0.0000000000e+00
2.6441967270e-02 0.0000000000e+00 0.0000000000e+00
1.5065479899e-01 0.0000000000e+00 0.0000000000e+00
1.5078547473e-01 0.0000000000e+00 0.0000000000e+00
1.5078547473e-01 0.0000000000e+00 0.0000000000e+00
1.5076279516e-01 0.0000000000e+00 0.0000000000e+00
1.5168025965e-01 0.0000000000e+00 0.0000000000e+00
9.6459047083e-02 0.0000000000e+00 0.0000000000e+00
1.5416000783e-01 0.0000000000e+00 0.0000000000e+00
1.5416000783e-01 0.0000000000e+00 0.0000000000e+00
9.5412370414e-02 0.0000000000e+00 0.0000000000e+00
2.5144878542e-02 0.0000000000e+00 0.0000000000e+00
5.9197818555e-03 0.0000000000e+00 0.0000000000e+00
5.1209569753e-02 0.0000000000e+00 0.0000000000e+00
9.6158157522e-02 0.0000000000e+00 0.0000000000e+00
1.2172407967e-01 0.0000000000e+00 0.0000000000e+00
8.9511596908e-02 0.0000000000e+00 0.0000000000e+00
2.9506718585e-02 0.0000000000e+00 0.0000000000e+00
1.0742897416e-01 0.0000000000e+00 0.0000000000e+00
1.0742897416e-01 0.0000000000e+00 0.0000000000e+00
6.1145692443e-02 0.0000000000e+00 0.0000000000e+00
6.1145692443e-02 0.0000000000e+00 0.0000000000e+00
7.2418417161e-02 0.0000000000e+00 0.0000000000e+00
6.2995357284e-02 0.0000000000e+00 0.0000000000e+00
1.9652944369e-02 0.0000000000e+00 0.0000000000e+00
6.4568360336e-02 0.0000000000e+00 0.0000000000e+00
1.0519663927e-01 0.0000000000e+00 0.0000000000e+00
3.0550092265e-02 0.0000000000e+00 0.0000000000e+00
6.1462820197e-02 0.0000000000e+00 0.0000000000e+00
6.1462820197e-02 0.0000000000e+00 0.0000000000e+00
3.6160009292e-02 0.0000000000e+00 0.0000000000e+00
9.2089897371e-03 0.0000000000e+00 0.0000000000e+00
7.4711796207e-02 0.0000000000e+00 0.0000000000e+00
7.4711796207e-02 0.0000000000e+00 0.0000000000e+00
2.3018720793e-02 0.0000000000e+00 0.0000000000e+00
2.5156753991e-02 0.0000000000e+00 0.0000000000e+00
9.2877196769e-02 0.0000000000e+00 0.0000000000e+00
2.9900521016e-04 0.0000000000e+00 0.0000000000e+00
2.9900521016e-04 0.0000000000e+00 0.0000000000e+00
2.9900521016e-04 0.0000000000e+00 0.0000000000e+00
2.9395119176e-04 0.0000000000e+00 0.0000000000e+00
3.1352073590e-04 0.0000000000e+00 0.0000000000e+00
1.6607996925e-04 0.0000000000e+00 0.0000000000e+00
1.6607996925e-04 0.0000000000e+00 0.0000000000e+00
6.1627055402e-04 0.0000000000e+00 0.0000000000e+00
1.2557027731e-04 0.0000000000e+00 0.0000000000e+00
9.0768514080e-05 0.0000000000e+00 0.0000000000e+00
9.1981227039e-05 0.0000000000e+00 0.0000000000e+00
1.1904342379e-04 0.0000000000e+00 0.0000000000e+00
2.9147768631e-04 0.0000000000e+00 0.0000000000e+00
2.9147768631e-04 0.0000000000e+00 0.0000000000e+00
8.9353671986e-05 0.0000000000e+00 0.0000000000e+00
8.8893182692e-05 0.0000000000e+00 0.0000000000e+00
1.0536739501e-04 0.0000000000e+00 0.0000000000e+00
1.0536739501e-04 0.0000000000e+00 0.0000000000e+00
1.4945391498e-04 0.0000000000e+00 0.0000000000e+00
8.5077238812e-05 0.0000000000e+00 0.0000000000e+00
8.3612690408e-05 0.0000000000e+00 0.0000000000e+00
2.1017700055e-04 0.0000000000e+00 0.0000000000e+00
1.0345275465e-04 0.0000000000e+00 0.0000000000e+00
8.4916859244e-02 0.0000000000e+00 0.0000000000e+00
4.5199376693e-02 0.0000000000e+00 0.0000000000e+00
1.4390288293e-01 0.0000000000e+00 0.0000000000e+00
5.9457167486e-01 0.0000000000e+00 0.0000000000e+00
5.6242466470e-01 0.0000000000e+00 0.0000000000e+00
8.1633363540e-02 0.0000000000e+00 0.0000000000e+00
6.0258805255e-01 0.0000000000e+00 0.0000000000e+00
4.3251116325e-01 0.0000000000e+00 0.0000000000e+00
5.8252528310e-01 0.0000000000e+00 0.0000000000e+00
1.0341342787e-01 0.0000000000e+00 0.0000000000e+00
1.0341342787e-01 0.0000000000e+00 0.0000000000e+00
6.6885981957e-01 0.0000000000e+00 0.0000000000e+00
6.6885981957e-01 0.0000000000e+00 0.0000000000e+00
1.0739344793e-01 0.0000000000e+00 0.0000000000e+00
1.9487240911e-01 0.0000000000e+00 0.0000000000e+00
1.6825458159e-01 0.0000000000e+00 0.0000000000e+00
8.7314716478e-01 0.0000000000e+00 0.0000000000e+00
7.4038739006e-01 0.0000000000e+00 0.0000000000e+00
8.1568174561e-01 0.0000000000e+00 0.0000000000e+00
8.1568174561e-01 0.0000000000e+00 0.0000000000e+00
8.1568174561e-01 0.0000000000e+00 0.0000000000e+00
1.0202717433e+00 0.0000000000e+00 0.0000000000e+00
1.0017019709e+00 0.0000000000e+00 0.0000000000e+00
8.0631501476e-01 0.0000000000e+00 0.0000000000e+00
8.1738063196e-01 0.0000000000e+00 0.0000000000e+00
8.2579909265e-01 0.0000000000e+00 0.0000000000e+00
5.0664947182e-01 0.0000000000e+00 0.0000000000e+00
8.0940474073e-01 0.0000000000e+00 0.0000000000e+00
6.7366674542e-01 0.0000000000e+00 0.0000000000e+00
8.2193585734e-01 0.0000000000e+00 0.0000000000e+00
7.1950185299e-01 0.0000000000e+00 0.0000000000e+00
8.0678954720e-01 0.0000000000e+00 0.0000000000e+00
1.1072526673e+00 0.0000000000e+00 0.0000000000e+00
1.1072526673e+00 0.0000000000e+00 0.0000000000e+00
9.9564228952e-01 0.0000000000e+00 0.0000000000e+00
5.9750375152e-01 0.0000000000e+00 0.0000000000e+00
6.8131461243e-01 0.0000000000e+00 0.0000000000e+00
4.3880498192e-02 0.0000000000e+00 0.0000000000e+00
5.7712509235e-01 0.0000000000e+00 0.0000000000e+00
8.1765604019e-01 0.0000000000e+00 0.0000000000e+00
6.5728231178e-02 0.0000000000e+00 0.0000000000e+00
6.5728231178e-02 0.0000000000e+00 0.0000000000e+00
8.5377612213e-01 0.0000000000e+00 0.0000000000e+00
6.2974037230e-01 0.0000000000e+00 0.0000000000e+00
1.3013916214e-01 0.0000000000e+00 0.0000000000e+00
1.9087171058e-01 0.0000000000e+00 0.0000000000e+00
5.1131005834e-01 0.0000000000e+00 0.0000000000e+00
6.9805185497e-01 0.0000000000e+00 0.0000000000e+00
6.1806660891e-01 0.0000000000e+00 0.0000000000e+00
4.7000993043e-01 0.0000000000e+00 0.0000000000e+00
4.4584417840e-01 0.0000000000e+00 0.0000000000e+00
7.7278699478e-01 0.0000000000e+00 0.0000000000e+00
1.5441689563e-02 0.0000000000e+00 0.0000000000e+00
6.4497486999e-02 0.0000000000e+00 0.0000000000e+00
4.1600571076e-01 0.0000000000e+00 0.0000000000e+00
9.1612929602e-01 0.0000000000e+00 0.0000000000e+00
9.1612929602e-01 0.0000000000e+00 0.0000000000e+00
1.5321384569e+00 0.0000000000e+00 0.0000000000e+00
2.5007635747e-03 0.0000000000e+00 0.0000000000e+00
2.5198236853e-01 0.0000000000e+00 0.0000000000e+00
2.5198236853e-01 0.0000000000e+00 0.0000000000e+00
9.8107551535e-01 0.0000000000e+00 0.0000000000e+00
5.8203315735e-01 0.0000000000e+00 0.0000000000e+00
1.0489853621e+00 0.0000000000e+00 0.0000000000e+00
4.6774645853e-05 1.2070623909e-01 3.4929766258e-01
4.6774639486e-05 1.9621420186e-02 1.3446952961e-01
4.6774703454e-05 2.5255414036e-02 3.0665878168e-02
4.6775125459e-05 3.4162021863e-02 3.3047004758e-02
4.6775225807e-05 5.6428522182e-02 5.3023934675e-02
4.6775277345e-05 3.6031490502e-02 1.0866836373e-02
4.6774429393e-05 2.1373294139e-02 3.2800545916e-02
4.6775282196e-05 2.3241559975e-02 2.4691325069e-02
4.6774295697e-05 7.0739484703e-02 4.5071684072e-01
4.6735531214e-05 1.7204752580e-02 2.7640544033e-02
4.6735531214e-05 1.7204752580e-02 2.7640544033e-02
4.6744683762e-05 1.1251290212e-02 1.5462440206e-02
4.7353758418e-05 4.0206320288e-05 2.3003745576e-01
6.8504012537e-05 2.8313504799e-05 1.2062703104e-02
4.6956434138e-05 2.5714344520e-04 2.4206740906e-01
4.7463319788e-05 9.1949127627e-05 3.0134584595e-03
4.6756063966e-05 9.4010072644e-05 7.8094566241e-02
4.6757068048e-05 2.1049458530e-03 1.0655094171e-02
4.6756867960e-05 1.7818819097e-03 6.7492009839e-03
4.6758799726e-05 6.0513404508e-03 2.4747663022e-02
4.6758799726e-05 7.4559852558e-03 1.0827059935e-02
4.6758392273e-05 2.5130516296e-03 1.2153857582e-02
4.6758344979e-05 2.6318646317e-03 1.4750828772e-02
4.6749100875e-05 9.8927574493e-04 1.3347010245e-02
4.6758068493e-05 1.5374209189e-02 3.7779765824e-02
4.6758068493e-05 1.5374209189e-02 3.7779765824e-02
4.9964154641e-05 4.9892557961e-05 1.4837610419e-02
4.6713613604e-05 4.2187445426e-05 6.1239350587e-02
2.8470944017e-03 2.6317436248e-01 3.5147081508e-04
2.3659795867e-05 2.6906284690e-01 2.7410325977e-04
9.1890655798e-04 2.1772326902e-01 2.8661020891e-04
9.1890655798e-04 2.1772326902e-01 2.8661020891e-04
4.4407707240e-03 2.4362650514e-01 3.4045650197e-04
3.2957852976e-03 2.3083337148e-01 2.5542909013e-04
2.1313402164e-03 2.4633406351e-01 3.5942963586e-04
6.8039685721e-03 2.3030395682e-01 3.2100806735e-04
1.7616681798e-03 2.5447433690e-01 9.6432111847e-04
2.2766269667e-03 2.6087496926e-01 6.9083361110e-03
4.5232314539e-03 2.3216399178e-01 5.7919183358e-03
4.0547212532e-03 2.4275340512e-01 2.4827155091e-03
5.4411536160e-03 2.5490554919e-01 5.8227503517e-03
4.2616245725e-03 2.5341685365e-01 2.9393061122e-03
4.7942931948e-03 2.6992816230e-01 2.3804838129e-03
4.0124645966e-03 2.4934927622e-01 2.0551260774e-03
4.6513736597e-03 2.5693146015e-01 8.0077441720e-03
2.4070791048e-03 2.4305661395e-01 2.4526990795e-03
4.4947902704e-05 2.4785532802e-01 5.8787630017e-03
4.7626744684e-03 2.2451673200e-01 2.8132475660e-03
4.0210645117e-03 2.2731766353e-01 3.1730360352e-03
4.3227562758e-03 2.5057518731e-01 4.9142965581e-03
2.9461908052e-03 1.7400867368e-01 2.4077962638e-03
7.6059590113e-04 7.2769610522e-02 6.5829974677e-03
1.4921479063e-03 2.4131636818e-01 1.0722881261e-02
8.5326233724e-03 1.9416193167e-01 3.8966737144e-03
1.0181592632e-02 2.0140874137e-01 1.0162123828e-02
6.4351584297e-03 2.2375264391e-01 1.4873994049e-02
1.4714603817e-02 1.8389623985e-01 1.0697748784e-02
6.5822429860e-05 2.0056443537e-01 7.3512579935e-03
4.4941478639e-05 2.1252013867e-01 2.4856053603e-02
4.8617453103e-05 2.1423296010e-01 5.4366367015e-03
2.7012726292e-02 0.0000000000e+00 0.0000000000e+00
2.7618885196e-02 0.0000000000e+00 0.0000000000e+00
1.7704202250e-02 0.0000000000e+00 0.0000000000e+00
5.4873164743e-02 0.0000000000e+00 0.0000000000e+00
2.6677052956e-02 0.0000000000e+00 0.0000000000e+00
1.2933912920e-02 0.0000000000e+00 0.0000000000e+00
2.2347861746e-02 0.0000000000e+00 0.0000000000e+00
2.2347861746e-02 0.0000000000e+00 0.0000000000e+00
2.2347861746e-02 0.0000000000e+00 0.0000000000e+00
3.1771140173e-02 0.0000000000e+00 0.0000000000e+00
3.1771140173e-02 0.0000000000e+00 0.0000000000e+00
8.4659238734e-03 0.0000000000e+00 0.0000000000e+00
3.6251382281e-02 0.0000000000e+00 0.0000000000e+00
7.7289815992e-02 0.0000000000e+00 0.0000000000e+00
8.6321052785e-02 0.0000000000e+00 0.0000000000e+00
6.2986679996e-02 0.0000000000e+00 0.0000000000e+00
6.2986679996e-02 0.0000000000e+00 0.0000000000e+00
1.5891345404e-01 0.0000000000e+00 0.0000000000e+00
3.4780038210e-02 0.0000000000e+00 0.0000000000e+00
1.1458457690e-04 0.0000000000e+00 0.0000000000e+00
4.5605006623e-04 0.0000000000e+00 0.0000000000e+00
1.6305710657e-04 0.0000000000e+00 0.0000000000e+00
1.6305710657e-04 0.0000000000e+00 0.0000000000e+00
1.6305710657e-04 0.0000000000e+00 0.0000000000e+00
9.1013896357e-05 0.0000000000e+00 0.0000000000e+00
4.4901711893e-05 0.0000000000e+00 0.0000000000e+00
2.5540828101e-03 0.0000000000e+00 0.0000000000e+00
2.6325358522e-03 0.0000000000e+00 0.0000000000e+00
1.6936580961e-01 0.0000000000e+00 0.0000000000e+00
6.3487341019e-05 0.0000000000e+00 0.0000000000e+00
8.5893344779e-05 0.0000000000e+00 0.0000000000e+00
8.5893344779e-05 0.0000000000e+00 0.0000000000e+00
8.5893344779e-05 0.0000000000e+00 0.0000000000e+00
3.4506113540e-02 0.0000000000e+00 0.0000000000e+00
7.7367510026e-02 0.0000000000e+00 0.0000000000e+00
3.4088826894e-02 0.0000000000e+00 0.0000000000e+00
5.4218194447e-02 0.0000000000e+00 0.0000000000e+00
6.4766221059e-02 0.0000000000e+00 0.0000000000e+00
1.0016780385e-02 0.0000000000e+00 0.0000000000e+00
7.7726305462e-02 0.0000000000e+00 0.0000000000e+00
1.2056531447e-01 0.0000000000e+00 0.0000000000e+00
7.4898301313e-02 0.0000000000e+00 0.0000000000e+00
2.3393612510e-02 0.0000000000e+00 0.0000000000e+00
2.7406087921e-02 0.0000000000e+00 0.0000000000e+00
1.2366427497e-03 0.0000000000e+00 0.0000000000e+00
4.4946620619e-05 0.0000000000e+00 0.0000000000e+00
3.1173958381e-01 0.0000000000e+00 0.0000000000e+00
6.2340736079e-02 0.0000000000e+00 0.0000000000e+00
1.3170709517e-03 0.0000000000e+00 0.0000000000e+00
4.4923360898e-05 0.0000000000e+00 0.0000000000e+00
4.4941461965e-05 0.0000000000e+00 0.0000000000e+00
5.4090352729e-02 0.0000000000e+00 0.0000000000e+00
8.4849430714e-03 0.0000000000e+00 0.0000000000e+00
4.4942957174e-05 0.0000000000e+00 0.0000000000e+00
9.5258870109e-05 0.0000000000e+00 0.0000000000e+00
8.7299552591e-03 0.0000000000e+00 0.0000000000e+00
4.4941141823e-05 0.0000000000e+00 0.0000000000e+00
4.4941141823e-05 0.0000000000e+00 0.0000000000e+00
4.4920354412e-05 0.0000000000e+00 0.0000000000e+00
2.6256275984e-02 0.0000000000e+00 0.0000000000e+00
3.7974085504e-02 0.0000000000e+00 0.0000000000e+00
2.3079369528e-02 0.0000000000e+00 0.0000000000e+00
4.6440981328e-02 0.0000000000e+00 0.0000000000e+00
5.9372204487e-04 0.0000000000e+00 0.0000000000e+00
2.4898987031e-02 0.0000000000e+00 0.0000000000e+00
2.4898987031e-02 0.0000000000e+00 0.0000000000e+00
2.3502154095e-02 0.0000000000e+00 0.0000000000e+00
5.2374529342e-02 0.0000000000e+00 0.0000000000e+00
5.2374529342e-02 0.0000000000e+00 0.0000000000e+00
5.2374529342e-02 0.0000000000e+00 0.0000000000e+00
1.9669853772e-02 0.0000000000e+00 0.0000000000e+00
1.0362649482e-04 0.0000000000e+00 0.0000000000e+00
1.0362669855e-04 0.0000000000e+00 0.0000000000e+00
1.0362603643e-04 0.0000000000e+00 0.0000000000e+00
1.0361513705e-04 0.0000000000e+00 0.0000000000e+00
1.0362458852e-04 0.0000000000e+00 0.0000000000e+00
2.4607641050e-04 0.0000000000e+00 0.0000000000e+00
1.0354258787e-04 0.0000000000e+00 0.0000000000e+00
1.0362658941e-04 0.0000000000e+00 0.0000000000e+00
1.0362434841e-04 0.0000000000e+00 0.0000000000e+00
1.0362116154e-04 0.0000000000e+00 0.0000000000e+00
1.0363015463e-04 6.1818350616e-30 0.0000000000e+00
1.0361734167e-04 0.0000000000e+00 0.0000000000e+00
1.0362097237e-04 0.0000000000e+00 0.0000000000e+00
1.0358272266e-04 0.0000000000e+00 0.0000000000e+00
1.0362114699e-04 0.0000000000e+00 0.0000000000e+00
1.0363128968e-04 0.0000000000e+00 0.0000000000e+00
1.0362206376e-04 0.0000000000e+00 0.0000000000e+00
1.0353106336e-04 0.0000000000e+00 0.0000000000e+00
1.0361748718e-04 0.0000000000e+00 0.0000000000e+00
1.0361574823e-04 0.0000000000e+00 1.1323821362e-27
1.0356225539e-04 0.0000000000e+00 0.0000000000e+00
1.0356225539e-04 0.0000000000e+00 0.0000000000e+00
2.3459109012e-02 0.0000000000e+00 7.9676202303e-09
3.4520315938e-02 0.0000000000e+00 5.8862294471e-24
1.1655346498e-04 0.0000000000e+00 0.0000000000e+00
9.9882571473e-03 0.0000000000e+00 0.0000000000e+00
1.9665432289e-04 0.0000000000e+00 0.0000000000e+00
5.3397808369e-04 0.0000000000e+00 0.0000000000e+00
5.3397705536e-04 0.0000000000e+00 0.0000000000e+00
3.7949550945e-04 0.0000000000e+00 0.0000000000e+00
4.0558943389e-04 0.0000000000e+00 0.0000000000e+00
1.1462906150e-04 0.0000000000e+00 0.0000000000e+00
5.0139565642e-02 0.0000000000e+00 0.0000000000e+00
5.0139565642e-02 0.0000000000e+00 0.0000000000e+00
1.0362897592e-04 0.0000000000e+00 0.0000000000e+00
1.0359401494e-04 0.0000000000e+00 0.0000000000e+00
1.0766145618e-02 0.0000000000e+00 0.0000000000e+00
1.1098829600e-04 0.0000000000e+00 0.0000000000e+00
1.3661527308e-02 0.0000000000e+00 0.0000000000e+00
3.1371785638e-02 0.0000000000e+00 0.0000000000e+00
4.1135819939e-02 0.0000000000e+00 0.0000000000e+00
1.1929650949e-04 0.0000000000e+00 0.0000000000e+00
1.5383225943e-02 0.0000000000e+00 0.0000000000e+00
8.3406868701e-02 0.0000000000e+00 0.0000000000e+00
1.0116638678e-01 0.0000000000e+00 0.0000000000e+00
1.0116638678e-01 0.0000000000e+00 0.0000000000e+00
6.4848116909e-02 0.0000000000e+00 0.0000000000e+00
1.9882768703e-02 0.0000000000e+00 0.0000000000e+00
1.3581028543e-04 0.0000000000e+00 0.0000000000e+00
8.9713073646e-02 0.0000000000e+00 0.0000000000e+00
1.2305684868e-04 0.0000000000e+00 0.0000000000e+00
1.8360087415e-02 0.0000000000e+00 0.0000000000e+00
1.8360087415e-02 0.0000000000e+00 0.0000000000e+00
7.9228232304e-03 0.0000000000e+00 0.0000000000e+00
1.1788094707e-04 0.0000000000e+00 0.0000000000e+00
1.0363229376e-04 0.0000000000e+00 0.0000000000e+00
1.0362421745e-04 0.0000000000e+00 0.0000000000e+00
1.0362242028e-04 0.0000000000e+00 0.0000000000e+00
1.0362320609e-04 0.0000000000e+00 0.0000000000e+00
1.0363204638e-04 0.0000000000e+00 0.0000000000e+00
1.1127237851e-01 0.0000000000e+00 0.0000000000e+00
1.1127237851e-01 0.0000000000e+00 0.0000000000e+00
1.1725790426e-01 0.0000000000e+00 0.0000000000e+00
9.3076777334e-02 0.0000000000e+00 0.0000000000e+00
5.3708900077e-02 0.0000000000e+00 0.0000000000e+00
5.3708900077e-02 0.0000000000e+00 0.0000000000e+00
4.2006716443e-02 0.0000000000e+00 0.0000000000e+00
4.2006716443e-02 0.0000000000e+00 0.0000000000e+00
2.9636003698e-02 0.0000000000e+00 0.0000000000e+00
2.9697490390e-02 0.0000000000e+00 0.0000000000e+00
6.0694074569e-02 0.0000000000e+00 0.0000000000e+00
2.8866702846e-02 0.0000000000e+00 0.0000000000e+00
2.8866702846e-02 0.0000000000e+00 0.0000000000e+00
4.2724800296e-02 0.0000000000e+00 0.0000000000e+00
2.7932812615e-02 0.0000000000e+00 0.0000000000e+00
5.5540816858e-02 0.0000000000e+00 0.0000000000e+00
4.0721976819e-02 0.0000000000e+00 0.0000000000e+00
4.0721976819e-02 0.0000000000e+00 0.0000000000e+00
5.3966333469e-02 0.0000000000e+00 0.0000000000e+00
4.9677881102e-02 0.0000000000e+00 0.0000000000e+00
4.9677881102e-02 0.0000000000e+00 0.0000000000e+00
4.9677881102e-02 0.0000000000e+00 0.0000000000e+00
9.7545648615e-02 0.0000000000e+00 0.0000000000e+00
3.4566607637e-02 0.0000000000e+00 0.0000000000e+00
3.3560363265e-02 0.0000000000e+00 0.0000000000e+00
3.0022396706e-02 0.0000000000e+00 0.0000000000e+00
3.0022396706e-02 0.0000000000e+00 0.0000000000e+00
2.3798451914e-02 0.0000000000e+00 0.0000000000e+00
2.5680722824e-02 0.0000000000e+00 0.0000000000e+00
2.7213657741e-02 0.0000000000e+00 0.0000000000e+00
2.7213657741e-02 0.0000000000e+00 0.0000000000e+00
2.1575557534e-02 0.0000000000e+00 0.0000000000e+00
3.0881430178e-02 0.0000000000e+00 0.0000000000e+00
6.2300367902e-02 0.0000000000e+00 0.0000000000e+00
4.8885080032e-02 0.0000000000e+00 0.0000000000e+00
6.9803462674e-02 0.0000000000e+00 0.0000000000e+00
1.1558117221e-01 0.0000000000e+00 0.0000000000e+00
9.8565281058e-02 0.0000000000e+00 0.0000000000e+00
7.3709630097e-02 0.0000000000e+00 0.0000000000e+00
7.3709630097e-02 0.0000000000e+00 0.0000000000e+00
9.2961356665e-02 0.0000000000e+00 0.0000000000e+00
9.1311826681e-02 0.0000000000e+00 0.0000000000e+00
3.6303787298e-04 7.5146621714e-02 9.8268862736e-03
3.6303787298e-04 7.5146621714e-02 9.8268862736e-03
5.7384166090e-04 8.0109909798e-02 1.6412256984e-02
3.9218377727e-05 9.0398824463e-02 2.4475856063e-02
4.8852920493e-04 8.4819347287e-02 2.3183212383e-02
1.1205796036e-03 7.4066286907e-02 2.5330167186e-02
2.4677641147e-03 7.2020022819e-02 2.3906069497e-02
7.7797543781e-04 9.3816716845e-02 2.0008465896e-02
1.9491259979e-03 9.3169509744e-02 1.8663322553e-02
3.8350642960e-04 4.1149063036e-02 2.1047110825e-02
3.8079234218e-04 8.8207296406e-02 1.8310922664e-02
1.6436815301e-03 6.6764966274e-02 1.9709814495e-02
1.4158568617e-03 8.8419988131e-02 1.7743949002e-02
3.1950419652e-03 6.3088556752e-02 1.7585002817e-02
5.2541849824e-03 1.7553782339e-01 1.4823417082e-02
4.3994645821e-03 1.4541555444e-01 1.2728018550e-02
2.2440564935e-03 1.1475003014e-01 1.2762522412e-02
1.9935025290e-03 1.3105671480e-01 1.5751142181e-02
1.5679368516e-03 1.3671102996e-01 1.6075169221e-02
7.1063032859e-04 7.7696080630e-02 1.1676335077e-02
6.9030099257e-04 8.3177814260e-02 1.2102320228e-02
6.8290058698e-04 8.5068567966e-02 1.2870716319e-02
2.9306940841e-05 7.9090385387e-02 6.6627463336e-03
1.6289676508e-04 9.3289213876e-02 1.3517106330e-02
3.9973819003e-04 7.3284319912e-02 1.3596819704e-02
2.0970971169e-05 7.8659890220e-02 1.0766418757e-02
4.4782305395e-05 6.0977464852e-02 1.2243237443e-02
4.0595238049e-04 5.9620589949e-02 1.7008084522e-02
6.3071300891e-05 5.3251048860e-02 2.0881216988e-02
4.2323177089e-04 5.0673749298e-02 1.4508585824e-02
5.7285263210e-05 4.5140270144e-02 1.3937764544e-02
2.0201212622e-03 3.9888016259e-02 1.8742793327e-02
6.9783547042e-04 4.1516026172e-02 1.3280663086e-02
4.9420767852e-03 5.5480496337e-02 1.1980614441e-02
8.9223087222e-03 6.4304259295e-02 1.3871185637e-02
1.5566550755e-03 5.6942350852e-02 1.3488688196e-02
2.7297568219e-05 6.5142954700e-02 1.1118628628e-02
7.1613043292e-04 4.6243623520e-02 9.4192124961e-03
7.1613043292e-04 4.6243623520e-02 9.4192124961e-03
1.6788221349e-04 3.4526714124e-02 1.5073355006e-02
2.7922269631e-04 4.3169053892e-02 1.4698779210e-02
7.7491021936e-05 4.1527495099e-02 1.2343261226e-02
1.8013911904e-04 4.7262306325e-02 1.0597162211e-02
1.8013911904e-04 4.7262306325e-02 1.0597162211e-02
4.3862831613e-06 4.6322189582e-02 1.4219712616e-02
7.4923205347e-05 5.5452653517e-02 1.0624879035e-02
4.7055493633e-04 5.7610743058e-02 1.3290332970e-02
5.4541434511e-03 8.1609810392e-02 1.9134546242e-02
5.3124695076e-05 5.5789514755e-02 1.2752771785e-02
6.4356468696e-03 5.8933693295e-02 2.4504018288e-02
6.1618920416e-02 3.5156710694e-02 2.1278358336e-02
6.7657173922e-02 7.9652876904e-02 1.7458050201e-02
1.8810860173e-03 6.6759100805e-02 1.8714621974e-02
5.9143346220e-07 1.8374641861e-01 1.7862041558e-02
5.9081308261e-07 9.2242718364e-02 1.9654824825e-02
5.9247184462e-07 1.3263024514e-01 2.4176894066e-02
5.9200121427e-07 1.2317052608e-01 3.0324294077e-02
5.9175849287e-07 1.7728335069e-02 2.2689457983e-02
5.8957673351e-07 8.5269944199e-03 1.9769687283e-02
5.8862889318e-07 9.8607232794e-03 1.9317236496e-02
5.9050550287e-07 1.2728985337e-01 3.5226444326e-02
5.9219573245e-07 3.3789784958e-02 1.5862276390e-02
5.8780017772e-07 9.2520200803e-03 2.1854924426e-02
5.9063278002e-07 3.8743815695e-02 4.9342008272e-05
4.5148335630e-06 1.3154733926e-02 1.8114342121e-02
5.9171944145e-07 5.8347221774e-02 1.3724157470e-02
3.2558328413e-03 6.9317846869e-02 1.8072355151e-02
6.6196422449e-04 6.9747497328e-02 4.2211533369e-02
5.9186940859e-07 9.1087754816e-02 8.6282988700e-02
5.9157726658e-07 8.0285315712e-02 6.5811888936e-02
5.9202843753e-07 1.4425313721e-01 9.2603916613e-03
5.9105745720e-07 3.3598380474e-02 1.7232102730e-02
1.1425496117e-06 6.3987997981e-02 4.5683394962e-02
1.1425496117e-06 6.3987997981e-02 4.5683394962e-02
5.9167819207e-07 4.9995744290e-02 7.5590822535e-02
5.9164331863e-07 6.2352732755e-02 9.3967798166e-02
5.9171954092e-07 4.4814828783e-02 7.3952831638e-02
5.9160493985e-07 7.1851812614e-02 5.4103780538e-02
5.9186409847e-07 1.7072405294e-01 7.6163662015e-03
5.9206406888e-07 1.6816516593e-01 4.9240887553e-03
5.9204745166e-07 6.8366387549e-02 4.3634555923e-02
5.9183256932e-07 1.6905952866e-01 7.2720255897e-03
5.9017325782e-07 1.5369639297e-01 9.4821230353e-03
5.9178571613e-07 1.8256673714e-01 8.7348244075e-03
5.9178571613e-07 1.8256673714e-01 8.7348244075e-03
5.9237243969e-07 1.7234691232e-01 9.9217938259e-03
5.9234614961e-07 1.7660680413e-01 9.8652495847e-03
5.9231420361e-07 1.1822736450e-01 3.0703614621e-02
5.9235350610e-07 1.9333418955e-01 8.6952249209e-03
5.9240905159e-07 1.9179501136e-01 6.0196905397e-03
5.9237801982e-07 2.8380654287e-02 1.1189086828e-02
1.6839097255e-04 3.4135652551e-02 1.2413306084e-02
2.0361197069e-04 4.0576328213e-02 2.5113585017e-02
7.9242761331e-07 4.6391735474e-02 1.4204078354e-02
7.9242761331e-07 4.6391735474e-02 1.4204078354e-02
7.9242369111e-07 1.4141898175e-02 1.3886239535e-02
7.9241698359e-07 3.1682262352e-02 1.6541918584e-02
1.2044903409e-06 3.6278265839e-02 1.1616320854e-02
1.6801178329e-02 3.1711052948e-02 2.5236926149e-05
2.1606359913e-06 3.5800854986e-02 2.0692059693e-02
6.0245353961e-03 1.0203353595e-03 1.6561431965e-02
1.6162192556e-06 6.6016335040e-02 1.8944092561e-02
7.9722182988e-07 9.3992108479e-02 2.4791190168e-02
7.9236907879e-07 6.8597208553e-02 2.6605121170e-02
7.9241837151e-07 9.7067787312e-02 1.9768986308e-02
7.9243069232e-07 7.5155786549e-02 1.1165287811e-02
7.9184804728e-07 1.4890535486e-01 1.6378805041e-02
7.9247964872e-07 9.2096948996e-02 1.3048543284e-02
7.9251057154e-07 1.2921528518e-01 1.3827277813e-02
7.9249917917e-07 1.2770450922e-01 1.4535905211e-02
7.9239241776e-07 1.2351826144e-01 7.6494801906e-03
7.9239369200e-07 2.7187129483e-02 2.5943755250e-02
7.9241300455e-07 9.3006863569e-02 7.4527132635e-02
7.9250406297e-07 1.1840002922e-01 8.0502462263e-02
7.9250952467e-07 2.3261660341e-02 4.5214520457e-02
7.9251523744e-07 1.1242302530e-02 2.3082556358e-02
7.9249664016e-07 1.6092819006e-02 2.3124588033e-02
7.9250760147e-07 2.5522808331e-02 2.0066325708e-02
7.9246817582e-07 4.8060826026e-02 1.3415261715e-02
7.9247131642e-07 1.3020101997e-01 5.5774647122e-02
7.9244123678e-07 8.0949995512e-02 4.2138677556e-02
6.0145580392e-06 0.0000000000e+00 0.0000000000e+00
6.0140996917e-06 0.0000000000e+00 0.0000000000e+00
6.0140996917e-06 0.0000000000e+00 0.0000000000e+00
6.0137708336e-06 0.0000000000e+00 0.0000000000e+00
6.0156759976e-06 0.0000000000e+00 0.0000000000e+00
6.0136104973e-06 0.0000000000e+00 0.0000000000e+00
6.0136104973e-06 0.0000000000e+00 0.0000000000e+00
6.0153953048e-06 0.0000000000e+00 0.0000000000e+00
6.0151660364e-06 0.0000000000e+00 0.0000000000e+00
6.0151660364e-06 0.0000000000e+00 0.0000000000e+00
6.0143047449e-06 0.0000000000e+00 0.0000000000e+00
6.0143887216e-06 0.0000000000e+00 0.0000000000e+00
6.0896290582e-06 0.0000000000e+00 0.0000000000e+00
6.5926099448e-06 0.0000000000e+00 0.0000000000e+00
6.0191673583e-06 0.0000000000e+00 0.0000000000e+00
6.0190168369e-06 0.0000000000e+00 0.0000000000e+00
6.0186557675e-06 0.0000000000e+00 0.0000000000e+00
6.0185952862e-06 0.0000000000e+00 0.0000000000e+00
6.0187257986e-06 0.0000000000e+00 0.0000000000e+00
6.0185798247e-06 0.0000000000e+00 0.0000000000e+00
6.0186152950e-06 0.0000000000e+00 0.0000000000e+00
6.0191714510e-06 0.0000000000e+00 0.0000000000e+00
6.0191441662e-06 0.0000000000e+00 0.0000000000e+00
6.0191637203e-06 0.0000000000e+00 0.0000000000e+00
6.0191423472e-06 0.0000000000e+00 0.0000000000e+00
6.0174847931e-06 0.0000000000e+00 0.0000000000e+00
6.0138336266e-06 0.0000000000e+00 0.0000000000e+00
6.0184956965e-06 0.0000000000e+00 0.0000000000e+00
6.0108775036e-06 0.0000000000e+00 0.0000000000e+00
6.0108775036e-06 0.0000000000e+00 0.0000000000e+00
6.0155502979e-06 0.0000000000e+00 0.0000000000e+00
6.0155502979e-06 0.0000000000e+00 0.0000000000e+00
6.0188331190e-06 0.0000000000e+00 0.0000000000e+00
6.0187367126e-06 0.0000000000e+00 0.0000000000e+00
6.0187940107e-06 0.0000000000e+00 0.0000000000e+00
6.0187680901e-06 0.0000000000e+00 0.0000000000e+00
6.0187680901e-06 0.0000000000e+00 0.0000000000e+00
6.0135828335e-06 0.0000000000e+00 0.0000000000e+00
6.0194106482e-06 0.0000000000e+00 0.0000000000e+00
6.0194338403e-06 0.0000000000e+00 0.0000000000e+00
6.0193974605e-06 0.0000000000e+00 0.0000000000e+00
6.0194424805e-06 0.0000000000e+00 0.0000000000e+00
6.0194229263e-06 0.0000000000e+00 0.0000000000e+00
6.0194074649e-06 0.0000000000e+00 0.0000000000e+00
6.0194074649e-06 0.0000000000e+00 0.0000000000e+00
6.0184938775e-06 0.0000000000e+00 0.0000000000e+00
6.0192096498e-06 0.0000000000e+00 0.0000000000e+00
6.0192096498e-06 0.0000000000e+00 0.0000000000e+00
6.0194197431e-06 0.0000000000e+00 0.0000000000e+00
6.0146217038e-06 0.0000000000e+00 0.0000000000e+00
6.0178199419e-06 0.0000000000e+00 0.0000000000e+00
6.0189213400e-06 0.0000000000e+00 0.0000000000e+00
6.0189213400e-06 0.0000000000e+00 0.0000000000e+00
2.0664627755e-05 0.0000000000e+00 0.0000000000e+00
6.0190391196e-06 0.0000000000e+00 0.0000000000e+00
8.8770884759e-06 0.0000000000e+00 0.0000000000e+00
8.8770884759e-06 0.0000000000e+00 0.0000000000e+00
8.8771030278e-06 0.0000000000e+00 0.0000000000e+00
9.6505903002e-06 0.0000000000e+00 0.0000000000e+00
8.8738661361e-06 0.0000000000e+00 0.0000000000e+00
2.5662899017e-02 0.0000000000e+00 0.0000000000e+00
1.8342880765e-02 0.0000000000e+00 0.0000000000e+00
1.5077333587e-02 0.0000000000e+00 0.0000000000e+00
2.1354285302e-02 0.0000000000e+00 0.0000000000e+00
2.1103638380e-02 0.0000000000e+00 0.0000000000e+00
2.0752325499e-02 0.0000000000e+00 0.0000000000e+00
2.0752325499e-02 0.0000000000e+00 0.0000000000e+00
2.0752325499e-02 0.0000000000e+00 0.0000000000e+00
1.4897619995e-02 0.0000000000e+00 0.0000000000e+00
2.2264405930e-02 0.0000000000e+00 0.0000000000e+00
3.9415473293e-03 0.0000000000e+00 0.0000000000e+00
2.4978213284e-03 0.0000000000e+00 0.0000000000e+00
2.4978213284e-03 0.0000000000e+00 0.0000000000e+00
2.4978213284e-03 0.0000000000e+00 0.0000000000e+00
2.4978213284e-03 0.0000000000e+00 0.0000000000e+00
1.6989018070e-02 0.0000000000e+00 0.0000000000e+00
1.2336900147e-02 0.0000000000e+00 0.0000000000e+00
1.2336900147e-02 0.0000000000e+00 0.0000000000e+00
8.8765491455e-06 0.0000000000e+00 0.0000000000e+00
8.8766064437e-06 0.0000000000e+00 0.0000000000e+00
8.8766064437e-06 0.0000000000e+00 0.0000000000e+00
2.9779028458e-02 0.0000000000e+00 0.0000000000e+00
2.9145920339e-02 0.0000000000e+00 0.0000000000e+00
3.3891750500e-02 0.0000000000e+00 0.0000000000e+00
4.2257208406e-05 0.0000000000e+00 0.0000000000e+00
4.2251765990e-05 0.0000000000e+00 0.0000000000e+00
4.3973248467e-05 0.0000000000e+00 0.0000000000e+00
4.2392727967e-05 0.0000000000e+00 0.0000000000e+00
4.2392727967e-05 0.0000000000e+00 0.0000000000e+00
4.2226642108e-05 0.0000000000e+00 0.0000000000e+00
9.6574032796e-05 0.0000000000e+00 0.0000000000e+00
2.4081281178e-04 0.0000000000e+00 0.0000000000e+00
4.2232633859e-05 0.0000000000e+00 0.0000000000e+00
4.2196508730e-05 0.0000000000e+00 0.0000000000e+00
4.2196508730e-05 0.0000000000e+00 0.0000000000e+00
5.7130213766e-05 0.0000000000e+00 0.0000000000e+00
5.7130211341e-05 0.0000000000e+00 0.0000000000e+00
4.2235402361e-05 0.0000000000e+00 0.0000000000e+00
4.2248804675e-05 0.0000000000e+00 0.0000000000e+00
4.2257517634e-05 0.0000000000e+00 0.0000000000e+00
4.2257554014e-05 0.0000000000e+00 0.0000000000e+00
4.2253741412e-05 0.0000000000e+00 0.0000000000e+00
4.2260915507e-05 0.0000000000e+00 0.0000000000e+00
4.2257324822e-05 0.0000000000e+00 0.0000000000e+00
4.2258649046e-05 0.0000000000e+00 0.0000000000e+00
4.2233939894e-05 0.0000000000e+00 0.0000000000e+00
4.2238549213e-05 0.0000000000e+00 0.0000000000e+00
4.2238549213e-05 0.0000000000e+00 0.0000000000e+00
6.2692140091e-05 3.6806658531e-02 1.4351667759e-02
4.2233569729e-05 3.8470808106e-02 1.6291793436e-02
8.8273916845e-05 3.0502756902e-02 4.6825804810e-01
4.2245130317e-05 1.7238932041e-02 1.9983330276e-02
2.7252887085e-03 1.1949137164e-02 3.1647120758e-02
4.2241049414e-05 4.8505073103e-02 6.1102152880e-03
7.2000683758e-05 5.2593743118e-02 3.1092296316e-03
4.2242084722e-05 5.3941149265e-02 1.6474428199e-02
4.2244837156e-05 5.7819967158e-02 1.6649091073e-02
4.2249850897e-05 5.1693953574e-02 1.8960528386e-02
2.5336090184e-03 2.0479693776e-02 1.1157439246e-02
4.2251099330e-05 5.2884592675e-02 2.2409325931e-02
2.2081444210e-04 1.5142563342e-02 4.6418642315e-02
8.8557995696e-05 4.8050291215e-02 1.6352516521e-02
4.4599916995e-05 1.2525868680e-02 2.5714251213e-02
4.2238123569e-05 1.0051845786e-02 7.5077774624e-03
1.2361236077e-04 2.0878461888e-02 7.1484838069e-03
7.9725925085e-05 2.3165860679e-02 7.5579079955e-03
4.2233437853e-05 6.1438992620e-02 7.8560712282e-03
4.2232295527e-05 2.1292197324e-02 6.8429656094e-03
4.2242339987e-05 1.8722290173e-02 6.5741660461e-03
4.2244089855e-05 1.0085636847e-02 6.8320740635e-03
4.2219562602e-05 6.4427953718e-03 6.3500537071e-03
4.3812355216e-05 4.9125636967e-03 7.1477528739e-03
4.2436121475e-05 1.9559717892e-02 7.0178807946e-03
4.2232597480e-05 9.7662659803e-03 7.0117410117e-03
4.2223853294e-05 2.4340849186e-03 7.1459615137e-03
4.2210998799e-05 2.9388253121e-03 6.9158124970e-03
5.8041931879e-05 1.1439042961e-02 6.8034617386e-03
4.6767313809e-05 8.9072911845e-03 1.4715417676e-02
2.3247154483e-04 6.8692501663e-03 1.1845427488e-02
1.5519750770e-02 1.7955646540e-02 1.9513203607e-02
1.7438997515e-02 4.3636915274e-02 5.1552335111e-03
5.7236327242e-05 3.1115943876e-02 6.3106601592e-03
4.3579508808e-05 1.7550316562e-02 5.6325949263e-03
5.7462159627e-05 1.1237451263e-02 5.3961132265e-03
4.2243995267e-05 1.7043371646e-02 5.3228528316e-03
4.2220663393e-05 2.5866803247e-02 5.3624831295e-03
4.2239865858e-05 7.4541100572e-03 4.4404427754e-03
4.2233063141e-05 7.5478296494e-03 4.6634738489e-03
4.2240596485e-05 1.5296006886e-02 4.5978802179e-03
4.2214218411e-05 8.6399319271e-02 3.7530417103e-06
4.3035765884e-05 7.3521368206e-02 3.7340202349e-06
4.3156240281e-05 3.8347168360e-02 3.7343863445e-06
4.2239753384e-05 6.5428111702e-02 3.7325561379e-06
5.7475746871e-05 5.5681929613e-02 3.7370817551e-06
8.6176608420e-05 7.8354536866e-02 3.1480305249e-05
4.3112519961e-05 2.2229108183e-02 3.7273565947e-06
4.9563548904e-05 3.3477630233e-02 6.4883342555e-06
4.4592041377e-05 1.4125841320e-02 5.8588250492e-04
8.4862122700e-05 7.7853910004e-02 3.7336505254e-06
7.7910129221e-05 4.9192038675e-02 3.7323876541e-06
2.9888267575e-04 5.2613887315e-02 3.7323018205e-06
1.4442508230e-04 5.9878298081e-02 3.6993683833e-06
1.4442508230e-04 5.9878298081e-02 3.6993683833e-06
1.3684521491e-01 2.5203098447e-03 2.9704017426e-06
1.3684521491e-01 2.5203098447e-03 2.9704017426e-06
1.7329342415e-01 2.6642642283e-03 2.6219828726e-06
5.3044253960e-02 3.3857559114e-03 2.3893896469e-04
5.3493314112e-02 2.5267679685e-03 2.9948987503e-04
5.2646661488e-02 2.6014904836e-03 1.1382293131e-05
5.2215397358e-02 7.8886642101e-03 3.4191471786e-04
4.9185497997e-02 3.3675924393e-03 1.1185109460e-02
5.1085796207e-02 2.0685599962e-02 1.0203754762e-02
5.1085796207e-02 2.0685599962e-02 1.0203754762e-02
5.1439204253e-02 1.8311727171e-02 8.9904022558e-03
5.1130617348e-02 2.0101546776e-02 7.3917259385e-03
5.0491701501e-02 1.5340944674e-02 1.3949392519e-02
5.0688496170e-02 4.7437530933e-03 6.2717152759e-03
4.9968850488e-02 5.2082725629e-03 1.1946276684e-02
5.2099373502e-02 3.7056544485e-02 8.8806379063e-04
5.0555169893e-02 8.6220929710e-03 1.2399816872e-04
5.0057822838e-02 4.7387877790e-02 8.8815435523e-05
5.0763466395e-02 5.2669289832e-02 2.2654773178e-04
5.2339432451e-02 6.2728404999e-02 3.2628897558e-04
5.3535414549e-02 6.0121744871e-02 3.4744800117e-04
5.2874893571e-02 3.5052151574e-02 3.7236260331e-05
3.0971376536e-02 4.1387958142e-02 3.9768505061e-04
3.0971376536e-02 4.1387958142e-02 3.9768505061e-04
3.2852244253e-02 4.1154997423e-02 9.5059227897e-04
2.9096133386e-02 4.1129448141e-02 9.4717944739e-04
8.7095737457e-02 3.2009541678e-02 1.0142411581e-03
6.0843862593e-02 2.5063588905e-02 8.0335714544e-04
1.4534644162e-01 3.4316825836e-02 6.6684654545e-04
2.0992670953e-01 2.5859060852e-02 5.4698970537e-04
1.6990780582e-01 3.2109000254e-02 6.8728674281e-04
1.7474919185e-01 2.6168810825e-02 6.7003487978e-04
1.7105128492e-01 3.0060328233e-02 7.1351943188e-04
1.6443856806e-01 2.3427110631e-02 6.0799102842e-04
1.1777710915e-01 2.4911382856e-02 6.8238320091e-04
9.8012327527e-02 1.9347843869e-02 6.3583363711e-04
1.5259065479e-01 2.6304832194e-02 8.7010600934e-04
2.0689013849e-01 2.9234034320e-02 8.7304288172e-04
2.3263882970e-01 2.5188582949e-02 8.5411811597e-04
1.4328274379e-01 2.2292772774e-02 8.5842531310e-04
2.6767366876e-01 1.8697798019e-02 8.3337097021e-04
9.3835638215e-02 2.1116337584e-02 8.0515075145e-04
1.0837977504e-01 1.3097758172e-02 8.9472802938e-04
1.7021313806e-01 1.7337664108e-02 9.1032884666e-04
2.6300961773e-02 6.6777481387e-02 9.7414032401e-04
2.4097429123e-02 7.6192610587e-02 7.2936610377e-04
1.1945649981e-01 6.8220446197e-02 9.3969739100e-04
1.8501222879e-01 3.4120679833e-02 9.2383325197e-04
5.4148130740e-02 5.8221047434e-02 9.8981169382e-04
7.7330688015e-02 4.4813487058e-02 6.7903403154e-04
1.3446653821e-01 5.4551714721e-02 8.5275296685e-04
1.6840229432e-01 5.3010181213e-02 9.9115454941e-04
1.5729868412e-01 6.4199527415e-02 8.8382834898e-04
6.4768736872e-02 5.6620871959e-02 9.2352748713e-04
1.1021586508e-01 2.7970479025e-02 8.3439971786e-04
1.0678645968e-01 5.7437338556e-02 8.7739274992e-04
6.8354212369e-02 6.1518493108e-02 9.4688884565e-04
1.1704523613e-01 5.8544227233e-02 8.8251441775e-04
1.0062825494e-01 4.4952431694e-02 9.4338814476e-04
1.7536046356e-01 4.5750426129e-02 7.9481149927e-04
1.7925051351e-01 6.1529492338e-02 9.3618832761e-04
1.8729282791e-01 7.3759469514e-02 8.5330284977e-04
1.2709306305e-01 1.5390878667e-01 9.9435894905e-04
2.0264073213e-01 6.5447938008e-02 8.7625828746e-04
2.2757961353e-01 5.7025361806e-02 9.4118280200e-04
2.2757961353e-01 5.7025361806e-02 9.4118280200e-04
2.0231438925e-01 5.5429656369e-02 8.8376875404e-04
6.8649314344e-02 7.7917595704e-02 1.0702081151e-03
6.8649314344e-02 7.7917595704e-02 1.0702081151e-03
2.3892060419e-01 3.5315597430e-02 8.7804398693e-04
2.2480892763e-01 5.3463615788e-02 9.5366189392e-04
4.3831030217e-02 8.5579683383e-02 1.0472465801e-03
5.8398709632e-02 7.7062331761e-02 4.4856530682e-04
2.3739670341e-01 5.7851945671e-02 5.1801343943e-04
4.9330268676e-02 1.0841334363e-01 5.8729853724e-04
4.9330268676e-02 1.0841334363e-01 5.8729853724e-04
1.3521689797e-01 3.9719332320e-02 6.1106063852e-04
6.3085329719e-02 1.0834083892e-01 5.5606144694e-04
7.0570781206e-02 9.9326652785e-02 5.6179576010e-04
5.6194582023e-02 8.4983613342e-02 5.7631706295e-04
4.8335434869e-02 8.6606347933e-02 4.5819416603e-04
1.7725631595e-01 7.5728510817e-02 5.6146898472e-04
5.6793045253e-02 7.4486129607e-02 4.4571834345e-04
7.9359347622e-02 4.5095686180e-02 4.5079899428e-04
7.9359347622e-02 4.5095686180e-02 4.5079899428e-04
6.9646284605e-02 5.5768722668e-02 4.7068881152e-04
4.0443346215e-02 7.3124513030e-02 4.9938814724e-04
4.2564971062e-02 2.1038042226e-02 4.1669661732e-04
1.6455931434e-02 1.1008545943e-01 4.5034963356e-04
1.9444696140e-02 1.7156135663e-01 4.9142334319e-04
6.3641460612e-02 3.2638203896e-02 4.5752433653e-04
6.6680843011e-02 2.4312070105e-02 4.5017172185e-04
6.6680843011e-02 2.4312070105e-02 4.5017172185e-04
4.0281922246e-02 3.3473081576e-02 4.4322027679e-04
4.3771924451e-02 4.3717141884e-02 4.6084341981e-04
7.2912614793e-02 1.6288279439e-02 1.9773026861e-04
6.9058033638e-02 1.7872409041e-02 1.3718373490e-04
6.2477584618e-02 1.7942469412e-02 1.4003798409e-04
7.6619540962e-02 1.3716794124e-02 1.0370064714e-04
3.0832007217e-02 3.1275570548e-02 1.8378497771e-04
3.3298053158e-02 3.1201654890e-02 1.8540923308e-04
4.6911266322e-02 3.9343369193e-02 1.1509521463e-04
7.8192120418e-02 3.0384810952e-02 2.4996848879e-04
3.8547173763e-02 8.0209583665e-02 1.1391639962e-02
6.1890584417e-02 2.9712128666e-02 2.6283040837e-03
6.6432118416e-02 3.4959197588e-02 1.3079061917e-02
5.9765522679e-02 3.8112366262e-02 1.2054241791e-02
3.2587099355e-02 4.9650209025e-02 1.0225561908e-02
8.4083381419e-02 4.4365567931e-02 1.5221326263e-02
1.8310173849e-01 2.9554392677e-02 2.2234435620e-02
8.7820661565e-02 4.6501964020e-02 1.4238560955e-02
9.8423399652e-02 4.7278700086e-02 1.1636355416e-02
6.0287968876e-02 4.0516183556e-02 1.5947927088e-02
6.0287968876e-02 4.0516183556e-02 1.5947927088e-02
5.8193543305e-02 5.7966887640e-02 7.2364128816e-03
9.7330756485e-02 3.7554020217e-02 2.1667645235e-02
6.5416676303e-02 4.0402700504e-02 2.2753220954e-02
5.7460373888e-02 2.9928151518e-02 1.1183221854e-02
8.7026440849e-02 5.2857946915e-02 2.7855664007e-02
5.9445814230e-02 2.7527435683e-02 1.6607873743e-02
8.4710021814e-02 4.2696423829e-02 1.5382816986e-02
4.2704873408e-02 6.3289611290e-02 1.5148005594e-02
4.2838805666e-02 5.4489263333e-02 1.9114624854e-02
5.3463752382e-02 3.3201745556e-02 1.3959574940e-02
4.1032104598e-02 6.1992880888e-02 1.8056037506e-02
3.3530825904e-02 6.4827647060e-02 4.0648247629e-02
3.6184298030e-02 5.5328185981e-02 2.3218385681e-02
4.7233622521e-02 3.9284397227e-02 3.4004916408e-02
2.6914986627e-02 4.4705964470e-02 2.3211151138e-02
4.0258845314e-02 3.8074493408e-02 2.3852033739e-02
3.1051646142e-02 3.4418355674e-02 1.9845397464e-02
1.0532955096e-02 2.1786429236e-01 3.7757055134e-04
7.1807208161e-02 1.5643441180e-01 4.6280421414e-04
9.3976708750e-02 1.3444307509e-01 4.5534442643e-04
7.2996245076e-02 1.4182569273e-01 2.7789454983e-04
7.4381961798e-02 1.4507346787e-01 4.2301757594e-04
7.4381961798e-02 1.4507346787e-01 4.2301757594e-04
6.1044525355e-02 8.2468536993e-02 6.5461423098e-04
4.7691562834e-02 1.0080387071e-01 5.5220159387e-04
3.8021700457e-02 9.5313085554e-02 4.4809426133e-04
5.3572844403e-02 1.5253637421e-01 1.0114364662e-03
5.9928401684e-02 1.3514133232e-01 1.3469775877e-03
6.8660815596e-03 1.1785165717e-01 5.5796713180e-04
6.4105968301e-02 1.3325087043e-01 7.7458240867e-04
8.7639107369e-02 1.6222835767e-01 1.1418018730e-03
6.6566534030e-03 1.4146206342e-01 4.2936411107e-04
1.0026087115e-01 1.4364478302e-01 7.7320312024e-04
1.4251748798e-02 1.3760519835e-01 6.5638473401e-04
3.1075874188e-02 1.6339853406e-01 8.0216162557e-04
7.3855337376e-02 1.1810009445e-02 1.0368394365e-02
7.9928586259e-02 3.6149701724e-02 7.4056165370e-03
5.5946138377e-02 2.5018914447e-02 5.2489777542e-03
5.4191437239e-02 3.6489757088e-02 4.9722462136e-03
5.1165459057e-02 3.6077861985e-02 1.0324098286e-02
6.4327556143e-01 0.0000000000e+00 0.0000000000e+00
7.6839764913e-01 0.0000000000e+00 0.0000000000e+00
7.6839764913e-01 0.0000000000e+00 0.0000000000e+00
3.2588248576e-01 0.0000000000e+00 0.0000000000e+00
5.1644879580e-01 0.0000000000e+00 0.0000000000e+00
5.1644879580e-01 0.0000000000e+00 0.0000000000e+00
4.6306354056e-01 0.0000000000e+00 0.0000000000e+00
8.9893388872e-02 0.0000000000e+00 0.0000000000e+00
8.9893388872e-02 0.0000000000e+00 0.0000000000e+00
2.2733936930e-04 3.3182816425e-02 1.9897852989e-06
2.2733936930e-04 3.3182816425e-02 1.9897852989e-06
1.3807150147e-03 6.9297923396e-02 5.5238729336e-06
9.6108649207e-05 1.0226912921e-01 1.5462123338e-04
7.1033050517e-05 1.0513006710e-01 1.5890946270e-04
9.8848122434e-06 2.9725023235e-02 3.8893198659e-06
1.0477013499e-05 2.9304917669e-02 5.1150929797e-06
3.9335466499e-04 6.6998558740e-02 3.0608817178e-04
2.5113801773e-04 5.9468820381e-02 4.2749240917e-04
2.5113801773e-04 5.9468820381e-02 4.2749240917e-04
2.5758913762e-04 6.2525494955e-02 2.6561580186e-04
2.5758913762e-04 6.2525494955e-02 2.6561580186e-04
1.1863695484e-04 6.8739009400e-02 3.0420356901e-04
1.8441628587e-04 6.8583834295e-02 3.5214666665e-04
2.5995136457e-04 6.2178551219e-02 2.4932870292e-04
4.2482515424e-01 1.4389083224e-01 1.3742815082e-02
2.6278319458e-01 1.2672323734e-01 2.8595168609e-02
3.3745496223e-01 1.2654000955e-01 2.7818501306e-02
3.0283572276e-01 1.4049188917e-01 3.6812824508e-02
9.3029074371e-02 8.8149717078e-02 1.4688618685e-03
4.5315341093e-02 6.8040281845e-02 1.0186857059e-03
7.9223310575e-02 7.6700142585e-02 1.2621226294e-03
6.0986021844e-02 5.2637076005e-02 6.2060408721e-03
5.8729444630e-02 1.0907370908e-01 3.0284716631e-03
4.8370935644e-02 8.5873803745e-02 1.5857000932e-03
7.2040477768e-02 8.7691292788e-02 1.4912367333e-03
4.6055869199e-02 1.0800246211e-01 1.7809509203e-03
6.3560395191e-02 1.0114500734e-01 3.7211750750e-03
6.3614120086e-02 1.1400562525e-01 6.5793486622e-03
3.7839578154e-02 7.3272754438e-02 1.2841961153e-02
2.3092915987e-01 8.5121674463e-02 1.9852054150e-03
5.1409264406e-02 8.6929382135e-02 2.9771625608e-03
2.6611103599e-02 8.5296811536e-02 1.4328173953e-03
8.2461359949e-03 8.1553168284e-02 1.9335586306e-03
8.2461359949e-03 8.1553168284e-02 1.9335586306e-03
1.5417535246e-02 7.5180696634e-02 1.2375871059e-03
3.9994427352e-03 3.6911377218e-02 1.4871819076e-05
2.4643785437e-03 4.7546551252e-02 2.5954885132e-05
1.4341663870e-03 4.8850900494e-02 2.2418030615e-05
1.7801283805e-03 4.8180266904e-02 2.7557843017e-05
6.2233653504e-05 3.7837737240e-02 8.9471257828e-06
4.6213236753e-05 4.4448074574e-02 1.0050395417e-05
3.1875965154e-04 3.5075520320e-02 8.2584917891e-06
1.6038215047e-04 3.6545517389e-02 6.2828770524e-06
2.3511230271e-04 3.5263443676e-02 6.3595356323e-06
2.1079812480e-04 3.5683502754e-02 5.9471269651e-06
2.5659004374e-04 3.5596133520e-02 6.1115242337e-06
3.3691000620e-04 3.6684541032e-02 6.2189629565e-06
2.1776624150e-04 3.7585985847e-02 5.7890442804e-06
1.2314747892e-04 3.4459982378e-02 2.2112136018e-05
9.4989870680e-05 3.5644636024e-02 2.0689201695e-05
1.5517582809e-04 3.2734251115e-02 1.9827926584e-05
3.4286556911e-04 4.2963474368e-02 2.5994901989e-05
5.0898729387e-04 3.8126715925e-02 2.5783462358e-05
2.6779478018e-04 4.0072336793e-02 2.0023308631e-05
5.2242418747e-07 2.0857559187e-02 1.3668025834e-06
2.4403939669e-07 2.1196543705e-02 1.2828884669e-06
2.2440858298e-07 2.0200414079e-02 1.2510780133e-06
2.7027970854e-07 1.8500181982e-02 1.2543237654e-06
1.7422779959e-07 2.0035116836e-02 1.3648888692e-06
1.7789943504e-07 1.7467144721e-02 1.3736527436e-06
1.6255026658e-07 2.0494953768e-02 1.5441141556e-06
1.6272626032e-07 2.0463454886e-02 1.3003094826e-06
1.4749869444e-07 1.9615725575e-02 1.1800823643e-06
1.8993377368e-04 8.4209934808e-02 3.5676432162e-05
1.5192086054e-04 7.5215384364e-02 3.4440272733e-05
1.0000438397e-04 7.5470421153e-02 3.4173671641e-05
1.7010434082e-04 7.1950965406e-02 3.7114862304e-05
1.3169796784e-04 8.2340351616e-02 2.8496065776e-05
1.2878342265e-04 7.4586446863e-02 3.4637563052e-05
1.5897541308e-05 8.1870276170e-02 1.7263513352e-05
8.1184483861e-05 8.1238792899e-02 2.1692852442e-05
2.7589053995e-05 8.8528594313e-02 1.8564237507e-05
3.2472727071e-05 8.8779515587e-02 2.0412277081e-05
1.1432090135e-04 8.9179592828e-02 2.2652711929e-05
1.8241983889e-04 8.9301982584e-02 2.3540574906e-05
3.1970092095e-04 8.9669969864e-02 3.3381122345e-05
4.2156874891e-04 8.9948369190e-02 2.7058496926e-05
3.5665210210e-04 8.6674804178e-02 4.3808557772e-05
3.9374283536e-05 9.2971479210e-02 2.8050920567e-05
2.9822355676e-05 9.2836669336e-02 2.1543686671e-05
1.8728037882e-05 9.3107736049e-02 2.4753536460e-05
2.2131815172e-06 8.5714240558e-02 9.5124239730e-05
2.6831990908e-04 7.4670221036e-02 1.1495516628e-04
1.5672231590e-04 8.0987344496e-02 1.2879735489e-04
8.1780570023e-05 5.6854881113e-02 9.6684322974e-05
1.3853713366e-04 5.8672605781e-02 7.3922970538e-05
6.3980646549e-05 7.2000813826e-02 1.0174114747e-04
6.3980646549e-05 7.2000813826e-02 1.0174114747e-04
6.3980646549e-05 7.2000813826e-02 1.0174114747e-04
3.8784869048e-05 5.7282807849e-02 4.3543059140e-05
3.8784869048e-05 5.7282807849e-02 4.3543059140e-05
4.0829399002e-07 5.4703008228e-02 4.3783851955e-05
4.5029019683e-07 6.2220233764e-02 4.6481425973e-05
1.3496865752e-06 5.3327430583e-02 2.4200819341e-04
9.1083599803e-07 4.9656828128e-02 1.4340149573e-04
6.2039699837e-07 5.0333599250e-02 9.8481602436e-05
7.4505820938e-06 4.5451588735e-02 8.4267116714e-05
5.1723661443e-07 4.7570830716e-02 3.2962745233e-05
4.6210046518e-04 5.2863008187e-02 1.0902068752e-03
1.5561166401e-04 5.0706517844e-02 6.8271734320e-04
2.3145884491e-04 5.1983401024e-02 7.4089131279e-04
4.0393729857e-05 5.0976147060e-02 5.1601617573e-04
3.1010614369e-05 4.6424465526e-02 5.7663868029e-04
9.9914010207e-04 4.3500358355e-02 1.0141039626e-03
8.9146994772e-05 4.8300970113e-02 1.2258929880e-03
9.4444967999e-05 4.3969323277e-02 1.0746339443e-03
7.2545187398e-06 4.3313333221e-02 1.2307190736e-03
4.9532238980e-06 4.4203925179e-02 1.4670481857e-03
2.1171420561e-05 4.2263721465e-02 1.6216286337e-03
8.8924068677e-06 4.1888985705e-02 1.6101535633e-03
2.0289637064e-06 4.1032237680e-02 7.9309830229e-04
3.8409440511e-06 4.3246436476e-02 3.0315485977e-04
4.6907879418e-07 5.3667205852e-02 2.4177812661e-02
1.5228815954e-05 6.0685168176e-02 7.2322173510e-03
3.5992155745e-07 0.0000000000e+00 0.0000000000e+00
3.5991689629e-07 0.0000000000e+00 0.0000000000e+00
3.5991689629e-07 0.0000000000e+00 0.0000000000e+00
3.5988159652e-07 0.0000000000e+00 0.0000000000e+00
3.5982913005e-07 0.0000000000e+00 0.0000000000e+00
3.5992638914e-07 0.0000000000e+00 0.0000000000e+00
3.3865568228e-02 0.0000000000e+00 0.0000000000e+00
3.6877308041e-02 0.0000000000e+00 0.0000000000e+00
4.9572094964e-02 0.0000000000e+00 0.0000000000e+00
4.9572094964e-02 0.0000000000e+00 0.0000000000e+00
5.0348599810e-04 0.0000000000e+00 0.0000000000e+00
5.0348599810e-04 0.0000000000e+00 0.0000000000e+00
2.0639449959e-02 0.0000000000e+00 0.0000000000e+00
3.9877461394e-01 0.0000000000e+00 0.0000000000e+00
7.2206754486e-01 0.0000000000e+00 0.0000000000e+00
6.6391684736e-02 0.0000000000e+00 0.0000000000e+00
1.5929477774e-02 0.0000000000e+00 0.0000000000e+00
1.9773515717e-02 0.0000000000e+00 0.0000000000e+00
1.9773515717e-02 0.0000000000e+00 0.0000000000e+00
1.9773515717e-02 0.0000000000e+00 0.0000000000e+00
1.6903788821e-02 0.0000000000e+00 0.0000000000e+00
1.6903788821e-02 0.0000000000e+00 0.0000000000e+00
1.6903788821e-02 0.0000000000e+00 0.0000000000e+00
1.6903788821e-02 0.0000000000e+00 0.0000000000e+00
1.6117048527e-02 0.0000000000e+00 0.0000000000e+00
2.4989916904e-02 0.0000000000e+00 0.0000000000e+00
2.4989916904e-02 0.0000000000e+00 0.0000000000e+00
4.3875364431e-02 0.0000000000e+00 0.0000000000e+00
4.4206453177e-02 0.0000000000e+00 0.0000000000e+00
1.5686250990e-02 0.0000000000e+00 0.0000000000e+00
1.5686250990e-02 0.0000000000e+00 0.0000000000e+00
2.6685641333e-01 0.0000000000e+00 0.0000000000e+00
2.6685641333e-01 0.0000000000e+00 0.0000000000e+00
6.1529085040e-01 0.0000000000e+00 0.0000000000e+00
5.9170022110e-01 0.0000000000e+00 0.0000000000e+00
1.6612147167e-01 0.0000000000e+00 0.0000000000e+00
7.2781651902e-02 0.0000000000e+00 0.0000000000e+00
8.4190782905e-01 0.0000000000e+00 0.0000000000e+00
8.4913900991e-01 0.0000000000e+00 0.0000000000e+00
8.0352361500e-01 0.0000000000e+00 0.0000000000e+00
3.1174984785e-03 0.0000000000e+00 0.0000000000e+00
9.7818306725e-03 0.0000000000e+00 0.0000000000e+00
1.3506145255e-02 0.0000000000e+00 0.0000000000e+00
2.3981103732e-03 0.0000000000e+00 0.0000000000e+00
2.3981103732e-03 0.0000000000e+00 0.0000000000e+00
9.5148241477e-04 0.0000000000e+00 0.0000000000e+00
2.2154560720e-03 0.0000000000e+00 0.0000000000e+00
3.7882218603e-03 0.0000000000e+00 0.0000000000e+00
6.7708671850e-05 2.4009941394e-01 2.4748134892e-02
6.4828365794e-05 2.4266423782e-01 3.3815136800e-02
6.5162317696e-05 2.1302863335e-01 4.0559552920e-02
6.5183535601e-05 2.2237547114e-01 3.1511286274e-02
6.5053213499e-05 2.2645719474e-01 3.1660328309e-02
6.4939810424e-05 2.3166117445e-01 2.2250301515e-02
6.4896700375e-05 2.3123726125e-01 2.2893471333e-02
6.6319570275e-05 3.9290884882e-01 2.6125939097e-02
6.4917310738e-05 2.3072130357e-01 4.6136028754e-02
6.5030730184e-05 2.3174526915e-01 2.5182506225e-02
6.4999373232e-05 2.3301657910e-01 2.2484698799e-02
6.5395744969e-05 2.1756367758e-01 5.3011098877e-02
6.6010547016e-05 2.9399189105e-01 2.4269687167e-02
6.7506944712e-05 3.1003781905e-01 3.0963142713e-02
6.8837246242e-05 3.1296088298e-01 2.8977722240e-02
6.6733018684e-05 2.9040625691e-01 1.9071360584e-02
2.2482626567e-04 1.8515609950e-01 3.2646245944e-02
6.9055953039e-05 1.9946984823e-01 5.9537894403e-02
6.9188742297e-05 2.0019071425e-01 1.2112913343e-02
1.2953773839e-03 1.8434935187e-01 9.0184199313e-03
6.7881083548e-05 1.3330147540e-01 1.1139417998e-02
7.3763415761e-05 1.7323282113e-01 4.0116251757e-02
6.6945396005e-05 1.5944186846e-01 6.2412269724e-02
6.5974759612e-05 1.5568978960e-01 3.6620615050e-02
6.5974759612e-05 1.5568978960e-01 3.6620615050e-02
6.6326085289e-05 1.6330001752e-01 5.5319049706e-02
6.9452560031e-05 1.6727646316e-01 2.8496224162e-03
2.3688522075e-04 1.5968963628e-01 2.7502543914e-03
6.8676295996e-05 1.6278432682e-01 2.7088317244e-03
1.8061469746e-04 1.7497417207e-01 3.0563110486e-03
3.0817385626e-05 2.0435428992e-01 1.9802757306e-03
1.6735850371e-05 1.7304078241e-01 1.6035213678e-03
1.6735850371e-05 1.7304078241e-01 1.6035213678e-03
1.2490146257e-06 2.6417557895e-01 5.8065262468e-03
1.5044650089e-06 2.1920504794e-01 4.8562071364e-03
4.5105375648e-06 2.0562258859e-01 5.5080292902e-03
9.8629931718e-07 1.4307396362e-01 4.9493684977e-03
5.2056129789e-06 1.8065898741e-01 5.2627032079e-03
6.3433839159e-07 1.8175868566e-01 2.2744218819e-02
6.8643376968e-07 2.1989156057e-01 4.5253250282e-03
7.0700148550e-07 2.3601395264e-01 7.4111724195e-03
6.5765526358e-07 2.4384737511e-01 8.6665046401e-03
7.9832172635e-07 2.3270803938e-01 2.1887806399e-02
6.4639971242e-07 2.1311150491e-01 6.1498720509e-03
6.3436622592e-07 2.3948462307e-01 9.7177285546e-03
6.3436622592e-07 2.3948462307e-01 9.7177285546e-03
6.3409982924e-07 2.1799597392e-01 1.3738236778e-02
7.4827910623e-07 1.8779394403e-01 5.8806540910e-03
7.5223497239e-07 2.1470417082e-01 6.0171500469e-03
6.8919482032e-07 2.0161421473e-01 4.1516534596e-03
4.2886484152e-05 2.4660970395e-01 4.4019264945e-03
6.7544987511e-06 2.1577149257e-01 4.2666085841e-03
3.8280108735e-05 2.2079503909e-01 3.1510413392e-03
1.3206439367e-06 1.7906978851e-01 1.6874137955e-02
1.0085123237e-04 2.1045437083e-01 1.6169206472e-02
9.2668024687e-05 1.8027073393e-01 6.3292875420e-03
2.6250900002e-06 2.3089106753e-01 8.7854383358e-03
6.8431351489e-07 1.1613985027e-01 3.2794644125e-02
3.5241926450e-06 1.4255113713e-01 2.7269418662e-02
6.3392121300e-07 1.0107066544e-01 4.2218525273e-02
7.5548334166e-07 1.5453284731e-01 3.9449037363e-02
3.7738521428e-06 1.5271149948e-01 2.9392671306e-02
6.3378872994e-07 9.7381152213e-02 4.6912283326e-02
9.2308807590e-07 2.5098488231e-01 2.6928860849e-02
6.3396420558e-07 9.5083033666e-02 2.3232629678e-02
6.3398266548e-07 9.7294298932e-02 2.3508464297e-02
1.6923545350e-06 1.4545969603e-01 3.0778468431e-02
6.3402828232e-07 9.4306954183e-02 3.0153584667e-02
6.3366684818e-07 1.2745763734e-01 4.9949138736e-02
6.3379243424e-07 1.2443196339e-01 3.7506278915e-02
6.3694660450e-07 6.8638626797e-02 2.9794784884e-02
9.1305083079e-07 1.2983490713e-02 5.4984155111e-02
6.9656447958e-07 1.9012551879e-01 3.4269277472e-02
6.3393176693e-07 1.1256021199e-01 5.0345045514e-02
6.3375011905e-07 1.6688544303e-01 5.6768862841e-02
6.3375011905e-07 1.6688544303e-01 5.6768862841e-02
6.3406941327e-07 2.5611303498e-01 1.8574359051e-02
6.3396763987e-07 1.8339866400e-01 3.7408513638e-02
5.1016915374e-07 1.8630591780e-01 3.0925272498e-02
4.1975157217e-07 1.9844408333e-01 3.5912694720e-02
4.2379059778e-05 2.5434247653e-01 3.6451772166e-02
4.7192255674e-07 3.1116862347e-01 3.5780508692e-02
1.5468368550e-05 2.5406416257e-01 3.2854318774e-02
5.0574940966e-05 2.8642752518e-01 4.2875236211e-02
5.6448758035e-06 2.3501268898e-01 3.6545151845e-02
1.8504511464e-06 2.4298635622e-01 3.2025493371e-02
4.1963734769e-07 2.7726088464e-01 3.5386599290e-02
4.2534078564e-06 2.7578076472e-01 3.5173782147e-02
2.2365490698e-06 2.7564246207e-01 3.6170340454e-02
6.4353089329e-06 2.7072102576e-01 3.8683503556e-02
1.2290375404e-05 2.6488642643e-01 3.4912107512e-02
5.1226896100e-06 2.5362426043e-01 5.8864314109e-02
4.1978006019e-07 2.7803206444e-01 3.3161210051e-02
2.2072557537e-05 2.3243018612e-01 8.5669903706e-02
1.9795230931e-05 2.4059596409e-01 7.0873836676e-02
1.9527344174e-05 1.5310616791e-01 4.1609306509e-02
9.4782062661e-05 1.5503938496e-01 1.2241067598e-02
9.4782062661e-05 1.5503938496e-01 1.2241067598e-02
4.1969059576e-07 2.5923787802e-01 4.7689497781e-02
6.0881525618e-05 2.1830010166e-01 4.1884421060e-02
5.4034286355e-06 2.2823940217e-01 2.5603816534e-02
3.8101035443e-05 2.4022072554e-01 3.9567719214e-02
7.5949678527e-05 2.7332613120e-01 4.4193465884e-02
7.5949678527e-05 2.7332613120e-01 4.4193465884e-02
1.6933608777e-05 0.0000000000e+00 0.0000000000e+00
1.6084398320e-05 0.0000000000e+00 0.0000000000e+00
2.9878921623e-05 0.0000000000e+00 0.0000000000e+00
1.7946201410e-05 0.0000000000e+00 0.0000000000e+00
2.3029767988e-05 0.0000000000e+00 0.0000000000e+00
1.6204608566e-05 0.0000000000e+00 0.0000000000e+00
1.6748355165e-05 0.0000000000e+00 0.0000000000e+00
1.8471469123e-05 0.0000000000e+00 0.0000000000e+00
2.0678942254e-05 0.0000000000e+00 0.0000000000e+00
1.6309181812e-05 0.0000000000e+00 0.0000000000e+00
1.6309181812e-05 0.0000000000e+00 0.0000000000e+00
1.8312632771e-05 0.0000000000e+00 0.0000000000e+00
1.0312026561e-02 0.0000000000e+00 0.0000000000e+00
1.2119595776e-02 0.0000000000e+00 0.0000000000e+00
1.2119595776e-02 0.0000000000e+00 0.0000000000e+00
2.0223852868e-02 0.0000000000e+00 0.0000000000e+00
1.6992832185e-02 0.0000000000e+00 0.0000000000e+00
6.6479611754e-03 0.0000000000e+00 0.0000000000e+00
4.8031827901e-03 0.0000000000e+00 0.0000000000e+00
4.8031827901e-03 0.0000000000e+00 0.0000000000e+00
1.4484991863e-02 0.0000000000e+00 0.0000000000e+00
3.3190430297e-02 0.0000000000e+00 0.0000000000e+00
5.1449201322e-03 0.0000000000e+00 0.0000000000e+00
5.1154661730e-03 0.0000000000e+00 0.0000000000e+00
9.8137815172e-03 0.0000000000e+00 0.0000000000e+00
1.0737286337e-02 0.0000000000e+00 0.0000000000e+00
4.4853349527e-02 0.0000000000e+00 0.0000000000e+00
1.7012199775e-02 0.0000000000e+00 0.0000000000e+00
9.1986479626e-03 0.0000000000e+00 0.0000000000e+00
8.6661673849e-03 0.0000000000e+00 0.0000000000e+00
8.7277025838e-03 0.0000000000e+00 0.0000000000e+00
8.6900236395e-03 0.0000000000e+00 0.0000000000e+00
9.0817286788e-03 0.0000000000e+00 0.0000000000e+00
3.7695713962e-02 0.0000000000e+00 0.0000000000e+00
2.6714489640e-02 0.0000000000e+00 0.0000000000e+00
9.1660221418e-03 0.0000000000e+00 0.0000000000e+00
1.4934298039e-02 0.0000000000e+00 0.0000000000e+00
4.5074691996e-02 0.0000000000e+00 0.0000000000e+00
3.9555617453e-02 0.0000000000e+00 0.0000000000e+00
6.2846290258e-02 0.0000000000e+00 0.0000000000e+00
6.2846290258e-02 0.0000000000e+00 0.0000000000e+00
6.9139185051e-02 0.0000000000e+00 0.0000000000e+00
6.6986582863e-02 0.0000000000e+00 0.0000000000e+00
6.6986582863e-02 0.0000000000e+00 0.0000000000e+00
6.6986582863e-02 0.0000000000e+00 0.0000000000e+00
6.6986582863e-02 0.0000000000e+00 0.0000000000e+00
6.4632702619e-02 0.0000000000e+00 0.0000000000e+00
3.2132161471e-02 0.0000000000e+00 0.0000000000e+00
4.3723464323e-02 0.0000000000e+00 0.0000000000e+00
4.7104890769e-02 0.0000000000e+00 0.0000000000e+00
1.6783420540e-02 0.0000000000e+00 0.0000000000e+00
1.7005221065e-02 0.0000000000e+00 0.0000000000e+00
7.5089220578e-03 0.0000000000e+00 0.0000000000e+00
7.5089220578e-03 0.0000000000e+00 0.0000000000e+00
9.9418318520e-03 0.0000000000e+00 0.0000000000e+00
9.9951525917e-03 0.0000000000e+00 0.0000000000e+00
1.5609250792e-02 0.0000000000e+00 0.0000000000e+00
1.5067632388e-02 0.0000000000e+00 0.0000000000e+00
1.5087579920e-02 0.0000000000e+00 0.0000000000e+00
1.3181768234e-01 4.7563333452e-03 9.9232969839e-07
6.0123343331e-02 2.0334551887e-02 9.5701290094e-07
6.0123343331e-02 2.0334551887e-02 9.5701290094e-07
1.0318763896e-01 1.0233278464e-02 6.4709823804e-07
1.0808147242e-01 5.5848813693e-03 6.5309584827e-07
4.1133184083e-03 2.9853801825e-03 6.1668950966e-07
6.5826541123e-02 1.2324025234e-02 6.1847648425e-07
1.6859784722e-01 6.8916579476e-03 9.5892551201e-07
1.7750151952e-01 1.3497460478e-02 6.9553576887e-07
1.7750151952e-01 1.3497460478e-02 6.9553576887e-07
1.7666198065e-01 1.7517107675e-03 6.6236073824e-07
1.2536652324e-01 9.9202392545e-03 6.4792369874e-07
9.9647310873e-02 3.1016505867e-03 1.5284311417e-06
3.6496894124e-02 6.2057466712e-03 6.2913084525e-07
1.2169257117e-01 5.1223265085e-03 6.6476458473e-07
1.2169257117e-01 5.1223265085e-03 6.6476458473e-07
1.7041000538e-02 1.5626574362e-03 6.1829309080e-07
8.1439923805e-02 3.7119668171e-03 6.1313048280e-07
4.4775156848e-02 1.6479960565e-02 6.1657940739e-07
2.1315053804e-02 1.3633277190e-02 6.1688788833e-07
7.9044571030e-03 1.6643337362e-02 6.1972653322e-07
9.3242099586e-03 1.9819450565e-02 6.1974178086e-07
1.5963715035e-02 1.3575279542e-02 6.1961322473e-07
6.7760423214e-03 2.2069369598e-02 1.1235794045e-04
3.0754703485e-02 3.4562793560e-02 6.2411389965e-07
2.9004089767e-02 2.9268246920e-02 6.2245201604e-07
2.6572614132e-02 1.4364111625e-02 6.1252667071e-07
3.7683414140e-02 5.0747488082e-03 1.3202062481e-05
1.9976282958e-02 1.4209792763e-01 6.5079819022e-07
2.2153940362e-02 1.3555186614e-01 6.5083196432e-07
2.2153940362e-02 1.3555186614e-01 6.5083196432e-07
2.0530445656e-02 1.6160382703e-01 6.5024868895e-07
1.8829708608e-02 1.3850506643e-01 6.4740242630e-07
1.8829708608e-02 1.3850506643e-01 6.4740242630e-07
2.3870825535e-02 1.2468867563e-01 6.3682721148e-07
2.7816131633e-02 5.0619153616e-02 6.3121099885e-07
2.7816131633e-02 5.0619153616e-02 6.3121099885e-07
2.8240236687e-02 5.0289778039e-02 6.1934189480e-07
1.6275737726e-03 2.7461890597e-02 6.3848446530e-07
1.4898178779e-03 2.2529267784e-02 1.8612426781e-05
1.9416402890e-03 2.7399241924e-02 6.3835221908e-07
4.7084019364e-03 6.1781190646e-02 6.3215178159e-07
4.0803483377e-03 6.0055331017e-02 6.3188721466e-07
2.3718401208e-03 8.7599511569e-02 6.3025865723e-07
2.4080364383e-03 8.7062728281e-02 6.3042612960e-07
5.2774198314e-03 8.8842320566e-02 6.3513396156e-07
1.4657000332e-03 9.2439955721e-02 6.3177556951e-07
6.0306936114e-03 8.7812858323e-02 6.2909600023e-07
3.8344910815e-03 9.1314300274e-02 6.3079334402e-07
4.8430929116e-03 8.9511205753e-02 6.3027054025e-07
2.7869152642e-03 8.9399635792e-02 6.3228659883e-07
3.5580314870e-03 9.2653375740e-02 6.3028772462e-07
4.8102704071e-03 9.1684579849e-02 6.3085600879e-07
3.3338281501e-03 9.0563867241e-02 6.2802957760e-07
3.6437158318e-03 9.2106133079e-02 6.2880412887e-07
3.3182444555e-03 9.1251874963e-02 1.2758007614e-06
4.1446142131e-03 8.7295593073e-02 1.2780122970e-06
8.8078698415e-04 1.1364377538e-01 1.2851941831e-06
1.8191158927e-02 1.0158792200e-01 1.2780316291e-06
1.6118640391e-02 1.1681359758e-01 1.2952497122e-06
1.3964878667e-02 1.1751305126e-01 1.2953369744e-06
1.0189548678e-03 1.0093665620e-01 1.2846705889e-06
9.9207062158e-04 9.5387915770e-02 1.2847937038e-06
7.8103070070e-03 6.0704787883e-02 1.2840980950e-06
9.3994685449e-03 5.4478085289e-02 1.2857877560e-06
6.8978444566e-04 9.3638888871e-02 1.2700043062e-06
3.7061508556e-04 8.8152289391e-02 1.2813398408e-06
4.5274803900e-04 6.8700284076e-02 1.2647735455e-06
2.9921846362e-04 9.0560515101e-02 1.2868231832e-06
2.0690363150e-04 6.8315013622e-02 1.5383739265e-04
2.8024408797e-04 1.5411252777e-01 3.8658944858e-06
2.4290474903e-04 1.3279194385e-01 1.1029839084e-04
3.3034735073e-04 1.5280864512e-01 4.1200893739e-06
2.3326538212e-04 1.1210954376e-01 1.3481669983e-04
2.6639552743e-04 8.9924768234e-02 7.3039577546e-04
3.4565790581e-04 5.1332960837e-02 3.0395448363e-03
3.4565790581e-04 5.1332960837e-02 3.0395448363e-03
1.8916994122e-04 8.8074193647e-02 3.5986319417e-03
2.6030196508e-04 5.5414953580e-02 6.0334971058e-03
2.9150997458e-04 6.6631571079e-02 4.5938112501e-03
3.3739199838e-04 9.6292010198e-02 4.2030717984e-03
1.2455282619e-04 8.2584491000e-02 1.1362501731e-03
2.4032851798e-05 1.4745672699e-02 1.1583084241e-02
2.4006237709e-05 2.1308221389e-02 5.4489595350e-03
4.9847405232e-05 1.3300515090e-02 8.9977501193e-03
5.4744951134e-05 6.5664707993e-03 4.7879046760e-02
2.6186494627e-05 3.0845284333e-03 4.5141056180e-02
3.4973378206e-04 3.9607054554e-02 1.1889930892e-02
2.6095755402e-05 1.7973094325e-02 2.3194060971e-02
9.6971475311e-05 4.3856527656e-02 1.4535712156e-02
1.3917382724e-04 1.5427970483e-02 2.1992359834e-03
1.0723113216e-04 6.8449242196e-03 8.1635937483e-03
8.3342809982e-05 2.1028938393e-02 2.3551909408e-02
8.3342809982e-05 2.1028938393e-02 2.3551909408e-02
1.3985794855e-04 1.0182342368e-01 4.4009237899e-03
7.1278163280e-05 2.8354532706e-02 4.9487899523e-03
9.8291461351e-05 6.7023142474e-03 5.1731809042e-02
7.0665439125e-05 1.9367738161e-02 1.5547001579e-02
7.0565294057e-05 1.2991914060e-02 6.1669181722e-02
7.0565294664e-05 5.0221433242e-02 1.0857997540e-02
1.3676168419e-04 1.1125593695e-01 2.5509238864e-03
1.3284941087e-04 5.5291040180e-02 1.0767323819e-02
1.3905536942e-01 6.0973414179e-13 1.2653106711e-09
1.2594175742e-01 1.2461665893e-13 5.1602201967e-11
3.1757910891e-02 2.0733098313e-01 1.9267309787e-03
3.5515024172e-02 1.9846613457e-01 1.2457596837e-02
6.7498768913e-03 2.4959578986e-01 3.1835543753e-04
2.6858066830e-02 1.7725386843e-01 1.4763007810e-01
1.8405628623e-02 1.7015539606e-01 1.2465506109e-01
1.4779214934e-01 6.7357402931e-12 3.8715419759e-11
1.4150961737e-01 1.2727772106e-11 0.0000000000e+00
1.4356591056e-01 1.4266801788e-11 1.7967840294e-10
2.9161995277e-02 2.0561955621e-01 1.7089304553e-03
1.4570679081e-01 1.2872856860e-11 2.4503778636e-09
1.4570679081e-01 1.2872856860e-11 2.4503778636e-09
1.5158031213e-02 1.6086005544e-01 1.2588832776e-01
1.5158031213e-02 1.6086005544e-01 1.2588832776e-01
1.0604785786e-01 4.3901220585e-02 1.0731094951e-01
1.5739086899e-02 1.6035817439e-01 1.9043447201e-01
1.4048623915e-01 4.0652474078e-02 1.0407907329e-01
6.0306148953e-05 1.4808127657e-02 4.7905640056e-02
6.1309946432e-05 2.6234949473e-02 1.2403578435e-01
6.0308346292e-05 3.0108917223e-03 8.1595513970e-02
6.0308218963e-05 1.8048125494e-03 1.2466398378e-01
6.0311045672e-05 1.2208032732e-02 1.1606400087e-01
6.0307560489e-05 6.9203384919e-03 1.1471301007e-01
6.0308510001e-05 1.5065691240e-02 7.9579817131e-02
6.0308921093e-05 8.5465424539e-03 8.1441352144e-02
6.0309099354e-05 1.4192759292e-02 8.2770635684e-02
6.0308782849e-05 1.5830312157e-02 8.3869341761e-02
6.0308782849e-05 1.5830312157e-02 8.3869341761e-02
6.0306821979e-05 5.4423491674e-03 8.4874945382e-02
6.0308255343e-05 2.2835315079e-03 7.2828035181e-02
6.0308255343e-05 7.8671234854e-03 7.1645681436e-02
6.0308531829e-05 1.3742406697e-02 6.3973895274e-02
6.0307676904e-05 9.2681930400e-03 6.6152501851e-02
6.0308928369e-05 8.4257313671e-03 5.9160354237e-02
6.0308811953e-05 2.8908535993e-02 5.1673361411e-02
6.0308615502e-05 1.0701116252e-02 6.1998461994e-02
6.0308771936e-05 2.8882603782e-02 5.2471752899e-02
6.0308513639e-05 2.9280459785e-05 6.8740923579e-02
6.0308513639e-05 2.8512786836e-05 6.8081718559e-02
6.0308539105e-05 1.4008878073e-05 6.4550460627e-02
1.6842432786e-02 1.6331644656e-04 5.9247526340e-02
1.6842432786e-02 1.6331644656e-04 5.9247526340e-02
1.5348258506e-02 7.3997884253e-05 5.8768624129e-02
1.7060880006e-02 6.7428162159e-05 6.5138605113e-02
1.1479086825e-02 5.4453495674e-05 7.2593166182e-02
7.3783373227e-03 7.0025295827e-05 7.2556410606e-02
1.0035783829e-02 9.1602852990e-04 7.3460470885e-02
1.3608290659e-02 8.2682672170e-04 2.5364375828e-02
1.3608290659e-02 8.2682672170e-04 2.5364375828e-02
1.4146838648e-02 1.8058695474e-03 7.3803302172e-03
1.4146838648e-02 1.8058695474e-03 7.3803302172e-03
1.0443283536e-03 1.6321107299e-03 2.2555747467e-03
8.3974899802e-03 7.6407282613e-03 4.4004671339e-03
5.9836259849e-03 5.1382459157e-03 5.8626719401e-03
1.8086254992e-04 4.1497387865e-03 5.1435168449e-03
1.8086254992e-04 4.1497387865e-03 5.1435168449e-03
3.5050498506e-04 2.6058408306e-03 3.5808327193e-03
6.0187502034e-05 5.1581445981e-03 8.6467874377e-03
6.0177357833e-05 1.7943318054e-03 4.0926700109e-02
6.6184573673e-05 2.6280588470e-02 3.2408611228e-02
1.5369362392e-02 0.0000000000e+00 0.0000000000e+00
1.4236088027e-02 0.0000000000e+00 0.0000000000e+00
1.9307338943e-02 0.0000000000e+00 0.0000000000e+00
1.7223424511e-02 0.0000000000e+00 0.0000000000e+00
1.2895272618e-02 0.0000000000e+00 0.0000000000e+00
1.2895272618e-02 0.0000000000e+00 0.0000000000e+00
2.4990329131e-02 0.0000000000e+00 0.0000000000e+00
2.4990329131e-02 0.0000000000e+00 0.0000000000e+00
2.2078725432e-02 0.0000000000e+00 0.0000000000e+00
2.2078725432e-02 0.0000000000e+00 0.0000000000e+00
7.9104620963e-03 0.0000000000e+00 0.0000000000e+00
2.7359336615e-02 0.0000000000e+00 0.0000000000e+00
2.0832526730e-02 0.0000000000e+00 0.0000000000e+00
8.5837980344e-03 0.0000000000e+00 0.0000000000e+00
1.4083174717e-02 0.0000000000e+00 0.0000000000e+00
1.0735521326e-02 0.0000000000e+00 0.0000000000e+00
1.0735521326e-02 0.0000000000e+00 0.0000000000e+00
1.3778984081e-02 0.0000000000e+00 0.0000000000e+00
1.3778984081e-02 0.0000000000e+00 0.0000000000e+00
7.0767563884e-03 0.0000000000e+00 0.0000000000e+00
1.1365866987e-02 0.0000000000e+00 0.0000000000e+00
7.5483538482e-03 0.0000000000e+00 0.0000000000e+00
7.5483538482e-03 0.0000000000e+00 0.0000000000e+00
7.5483538482e-03 0.0000000000e+00 0.0000000000e+00
7.5483538482e-03 0.0000000000e+00 0.0000000000e+00
1.0230442354e-02 0.0000000000e+00 0.0000000000e+00
1.0230442354e-02 0.0000000000e+00 0.0000000000e+00
6.9878828751e-03 0.0000000000e+00 0.0000000000e+00
7.4899310518e-03 0.0000000000e+00 0.0000000000e+00
1.2101843293e-02 0.0000000000e+00 0.0000000000e+00
1.2094694423e-02 0.0000000000e+00 0.0000000000e+00
1.2094694423e-02 0.0000000000e+00 0.0000000000e+00
5.3288078440e-03 0.0000000000e+00 0.0000000000e+00
5.3288078440e-03 0.0000000000e+00 0.0000000000e+00
8.1065364454e-03 0.0000000000e+00 0.0000000000e+00
1.1747919295e-02 0.0000000000e+00 0.0000000000e+00
9.4633571959e-03 0.0000000000e+00 0.0000000000e+00
9.4633571959e-03 0.0000000000e+00 0.0000000000e+00
3.0412041582e-02 0.0000000000e+00 0.0000000000e+00
3.0412041582e-02 0.0000000000e+00 0.0000000000e+00
6.3282919000e-03 0.0000000000e+00 0.0000000000e+00
6.3282919000e-03 0.0000000000e+00 0.0000000000e+00
6.3282919000e-03 0.0000000000e+00 0.0000000000e+00
6.7977972600e-03 0.0000000000e+00 0.0000000000e+00
2.1773464590e-03 0.0000000000e+00 0.0000000000e+00
1.5975871861e-02 0.0000000000e+00 0.0000000000e+00
1.1666770217e-01 0.0000000000e+00 0.0000000000e+00
4.6914627213e-04 0.0000000000e+00 0.0000000000e+00
2.8796485155e-04 2.4140757249e-24 0.0000000000e+00
2.8796485155e-04 2.4140757249e-24 0.0000000000e+00
1.7684163662e-03 2.6542170639e-24 0.0000000000e+00
4.4537007246e-04 2.5360651095e-24 0.0000000000e+00
1.8108387827e-02 0.0000000000e+00 0.0000000000e+00
2.4132845380e-02 2.8357302190e-18 2.1667007676e-15
1.1732001614e-02 0.0000000000e+00 0.0000000000e+00
1.4781941970e-02 9.5956927727e-18 1.3050892010e-14
2.0170899186e-02 0.0000000000e+00 0.0000000000e+00
1.9413034587e-02 0.0000000000e+00 0.0000000000e+00
1.2457628114e-02 0.0000000000e+00 0.0000000000e+00
1.8755582899e-02 0.0000000000e+00 0.0000000000e+00
3.1909732458e-02 0.0000000000e+00 0.0000000000e+00
3.1683833726e-02 0.0000000000e+00 0.0000000000e+00
2.8265535560e-02 0.0000000000e+00 0.0000000000e+00
1.5654967865e-02 0.0000000000e+00 0.0000000000e+00
8.6510225083e-03 0.0000000000e+00 0.0000000000e+00
8.6510225083e-03 0.0000000000e+00 0.0000000000e+00
1.4434588181e-02 0.0000000000e+00 0.0000000000e+00
1.6392617545e-02 0.0000000000e+00 0.0000000000e+00
1.6392617545e-02 0.0000000000e+00 0.0000000000e+00
6.0998777820e-03 0.0000000000e+00 0.0000000000e+00
6.7660666537e-03 0.0000000000e+00 0.0000000000e+00
6.7660666537e-03 0.0000000000e+00 0.0000000000e+00
3.4774883340e-02 0.0000000000e+00 0.0000000000e+00
4.1311529155e-02 0.0000000000e+00 0.0000000000e+00
3.0188847760e-02 0.0000000000e+00 0.0000000000e+00
2.4844926821e-02 0.0000000000e+00 0.0000000000e+00
3.7075369619e-02 0.0000000000e+00 0.0000000000e+00
4.3130276414e-02 0.0000000000e+00 0.0000000000e+00
2.8861207810e-02 0.0000000000e+00 0.0000000000e+00
3.2345815174e-02 0.0000000000e+00 0.0000000000e+00
3.2345815174e-02 0.0000000000e+00 0.0000000000e+00
3.9003836301e-02 0.0000000000e+00 0.0000000000e+00
4.8341216054e-02 0.0000000000e+00 0.0000000000e+00
5.3369422443e-02 0.0000000000e+00 0.0000000000e+00
3.9379169776e-02 0.0000000000e+00 0.0000000000e+00
3.6221151551e-02 0.0000000000e+00 0.0000000000e+00
6.0400832600e-02 0.0000000000e+00 0.0000000000e+00
4.5117612462e-02 0.0000000000e+00 0.0000000000e+00
1.0885601320e-02 0.0000000000e+00 0.0000000000e+00
8.2569397637e-03 0.0000000000e+00 0.0000000000e+00
7.4197625120e-03 0.0000000000e+00 0.0000000000e+00
7.4197625120e-03 0.0000000000e+00 0.0000000000e+00
2.2193015631e-02 0.0000000000e+00 0.0000000000e+00
2.6266952045e-02 0.0000000000e+00 0.0000000000e+00
2.2958009969e-02 0.0000000000e+00 0.0000000000e+00
1.3419497021e-02 0.0000000000e+00 0.0000000000e+00
1.3419497021e-02 0.0000000000e+00 0.0000000000e+00
6.7902297092e-02 0.0000000000e+00 0.0000000000e+00
1.9439128460e-02 0.0000000000e+00 0.0000000000e+00
1.3047249483e-02 0.0000000000e+00 0.0000000000e+00
3.1276261822e-02 0.0000000000e+00 0.0000000000e+00
1.5298511018e-02 0.0000000000e+00 0.0000000000e+00
3.5965214018e-02 0.0000000000e+00 0.0000000000e+00
1.8529927358e-02 0.0000000000e+00 0.0000000000e+00
2.4302271777e-02 0.0000000000e+00 0.0000000000e+00
7.7349810163e-03 0.0000000000e+00 0.0000000000e+00
3.9454466198e-02 0.0000000000e+00 0.0000000000e+00
7.3386814756e-02 0.0000000000e+00 0.0000000000e+00
7.3386814756e-02 0.0000000000e+00 0.0000000000e+00
8.6366624843e-03 0.0000000000e+00 0.0000000000e+00
9.7768110378e-03 0.0000000000e+00 0.0000000000e+00
2.1660193102e-02 0.0000000000e+00 0.0000000000e+00
7.6488018657e-02 0.0000000000e+00 0.0000000000e+00
1.0750444140e-02 0.0000000000e+00 0.0000000000e+00
1.2706566524e-02 0.0000000000e+00 0.0000000000e+00
3.4073961666e-02 0.0000000000e+00 0.0000000000e+00
3.4073961666e-02 0.0000000000e+00 0.0000000000e+00
6.4644446635e-03 0.0000000000e+00 0.0000000000e+00
4.3473441231e-03 0.0000000000e+00 0.0000000000e+00
9.1861264470e-03 0.0000000000e+00 0.0000000000e+00
1.7507347977e-02 0.0000000000e+00 0.0000000000e+00
2.2342269231e-02 0.0000000000e+00 0.0000000000e+00
4.2572953893e-02 0.0000000000e+00 0.0000000000e+00
2.2416348336e-02 0.0000000000e+00 0.0000000000e+00
1.0493330269e-02 0.0000000000e+00 0.0000000000e+00
2.9865758105e-02 0.0000000000e+00 0.0000000000e+00
2.9865758105e-02 0.0000000000e+00 0.0000000000e+00
2.9865758105e-02 0.0000000000e+00 0.0000000000e+00
6.1330077685e-03 0.0000000000e+00 0.0000000000e+00
7.3191839231e-03 0.0000000000e+00 0.0000000000e+00
9.2717369165e-03 0.0000000000e+00 0.0000000000e+00
1.9921516650e-04 0.0000000000e+00 0.0000000000e+00
1.9921516650e-04 0.0000000000e+00 0.0000000000e+00
5.8221748986e-05 0.0000000000e+00 0.0000000000e+00
4.6330195873e-03 0.0000000000e+00 0.0000000000e+00
8.6755560090e-03 0.0000000000e+00 0.0000000000e+00
1.9305357321e-02 0.0000000000e+00 0.0000000000e+00
7.4362002439e-03 0.0000000000e+00 0.0000000000e+00
1.6916922545e-02 0.0000000000e+00 0.0000000000e+00
5.0609725004e-03 0.0000000000e+00 0.0000000000e+00
3.2323072786e-03 0.0000000000e+00 0.0000000000e+00
3.5100205617e-03 0.0000000000e+00 0.0000000000e+00
1.1888505270e-01 0.0000000000e+00 0.0000000000e+00
4.7904548919e-03 0.0000000000e+00 0.0000000000e+00
1.6221572771e-02 0.0000000000e+00 0.0000000000e+00
5.0246248769e-03 0.0000000000e+00 0.0000000000e+00
1.1907050017e-01 0.0000000000e+00 0.0000000000e+00
5.0187131104e-03 0.0000000000e+00 0.0000000000e+00
5.9774143544e-03 0.0000000000e+00 0.0000000000e+00
1.3514475587e-01 0.0000000000e+00 0.0000000000e+00
7.5631918153e-02 0.0000000000e+00 0.0000000000e+00
2.2616905781e-01 0.0000000000e+00 0.0000000000e+00
1.3791229168e-02 0.0000000000e+00 0.0000000000e+00
1.1315674589e-01 0.0000000000e+00 0.0000000000e+00
9.4343040888e-02 0.0000000000e+00 0.0000000000e+00
1.2612445777e-01 0.0000000000e+00 0.0000000000e+00
1.7499040434e-02 0.0000000000e+00 0.0000000000e+00
3.2119684596e-03 0.0000000000e+00 0.0000000000e+00
4.4155219245e-03 0.0000000000e+00 0.0000000000e+00
9.9045435103e-03 0.0000000000e+00 0.0000000000e+00
1.0250469587e-02 0.0000000000e+00 0.0000000000e+00
2.3414847989e-03 0.0000000000e+00 0.0000000000e+00
3.4140812078e-02 2.4906553018e-02 5.1987982927e-04
1.0790017185e-01 1.3170261309e-01 9.0926278305e-03
8.7443570296e-02 1.7652347684e-01 4.6913488186e-03
8.7443570296e-02 1.7652347684e-01 4.6913488186e-03
5.9459653062e-02 2.4146114166e-01 1.9642236487e-02
6.8467911643e-02 2.1790300185e-01 3.4647489277e-03
1.6065462679e-01 1.3732944305e-01 8.3125265858e-03
4.1080477240e-04 8.7458403782e-14 0.0000000000e+00
3.3409305538e-02 1.4775836592e-01 2.6499399605e-02
8.6844308612e-02 2.1777625754e-01 4.6449542201e-02
1.0623132189e-01 9.5954850316e-02 1.6156942739e-02
2.9872352133e-01 6.6760561119e-03 6.2479585758e-03
6.5732129912e-01 2.6996912124e-02 5.5070283262e-05
2.1430529778e-01 2.3267519039e-03 5.1739182284e-04
8.0695595898e-05 1.4511594549e-01 6.1413686878e-03
8.0651985627e-05 2.3297587534e-01 7.0094678473e-03
7.1297893922e-01 2.9703574934e-03 1.5800781572e-04
6.9830324252e-01 2.6548924895e-03 2.4679886095e-04
4.4565299898e-01 2.0403868829e-01 2.1230859216e-02
1.5197809661e-01 1.8241809184e-01 1.5923550188e-03
6.1809524894e-02 1.9370535389e-01 4.0542411686e-04
8.1766303629e-02 9.4636157155e-02 6.9526305045e-05
7.3322553808e-02 1.5422419210e-01 4.3556023156e-03
8.1646783656e-05 2.7190536012e-01 1.9671757521e-04
8.1646783656e-05 2.7190536012e-01 1.9671757521e-04
6.4133144042e-04 2.7487188826e-01 1.4933942596e-04
1.3337551645e-03 2.6774212470e-01 3.3313048789e-05
3.0943947301e-03 2.2488177319e-01 1.8999655246e-04
8.9905011797e-04 3.1391920149e-01 5.0371365311e-04
7.4583375438e-03 3.2520829886e-01 2.9997914013e-04
2.5271659096e-02 3.2967089737e-01 4.0096575564e-04
4.8462556151e-04 3.8514595975e-01 5.2216932333e-04
8.1937757083e-05 3.4588544567e-01 2.0070914070e-04
8.8965995237e-03 3.0977277458e-01 4.4018443198e-04
8.2387074144e-05 4.0804171314e-01 3.9973736178e-04
8.8335664865e-05 4.9252301455e-01 4.1974198636e-04
8.4688558976e-05 4.8426624636e-01 4.1456653465e-04
8.4814410002e-05 5.1955116292e-01 2.3985183937e-04
9.0728683062e-05 5.3026145200e-01 3.7495224387e-04
2.9002551734e-01 4.0308776498e-01 1.2385066176e-06
2.9554423690e-01 2.9118298491e-01 2.6494250354e-04
2.9554423690e-01 2.9118298491e-01 2.6494250354e-04
1.4267687810e-01 4.6653713783e-01 1.2278191027e-06
4.3516157195e-02 3.5921911399e-01 1.8406735580e-04
3.4124052773e-01 1.5940081701e-01 2.8015777267e-04
2.9689895362e-01 1.7346979678e-01 2.7027647229e-04
4.7054383904e-01 3.5893824448e-01 1.2763658530e-04
4.7054383904e-01 3.5893824448e-01 1.2763658530e-04
2.2042170539e-01 2.4391628026e-02 2.8829440210e-04
1.6052994629e-01 1.0308513069e-02 2.0477765368e-04
1.2318433883e-01 7.5470214089e-01 1.2013264495e-04
1.4913932979e-01 3.9115923643e-01 3.0632100243e-04
7.3076142929e-02 1.2173197605e-01 3.3981402642e-04
1.1868713982e-01 1.0201386362e-01 3.0798562693e-04
1.2035450339e-01 1.1895506394e-01 6.4044252213e-04
1.6281660149e-01 9.7280430685e-03 4.4024315381e-04
1.5788633749e-01 1.1248617557e-01 6.6919185823e-04
4.2222931360e-02 1.9375056028e-01 3.6195799597e-04
2.8534557174e-01 2.8522534451e-02 2.9350442507e-04
9.5471097467e-02 1.4086730902e-01 2.2822239430e-04
8.5860379040e-02 1.1371784906e-01 2.6768015293e-04
1.4982984463e-01 1.2443200437e-01 3.8621753871e-04
2.1863790601e-01 1.1482473463e-01 3.0277369084e-04
1.4682113131e-01 4.0113638341e-01 3.4446718928e-04
1.1151668988e-01 3.4150719891e-01 2.2126569820e-04
1.7420206343e-01 4.7084037711e-01 2.0932491376e-04
1.4512281182e-01 3.9707817137e-01 1.4443720534e-04
2.6250334332e-01 3.7995731334e-01 4.5468837925e-04
2.2204214707e-01 4.3494683752e-01 1.4276531268e-04
2.2204214707e-01 4.3494683752e-01 1.4276531268e-04
3.0708954980e-01 3.6286293219e-01 1.5207450148e-04
2.7211482699e-01 3.4275639057e-01 1.5276850597e-04
2.7211482699e-01 3.4275639057e-01 1.5276850597e-04
4.1120015830e-01 3.0642035976e-01 1.3011116789e-04
1.2374257110e-01 2.3034345359e-01 4.9835294097e-04
1.2445848621e-01 4.3117606143e-01 1.1082112860e-04
1.8053586781e-01 4.1007676224e-01 1.4367687133e-04
2.9988644272e-01 3.5120924066e-01 1.1899257152e-04
9.1677204395e-02 4.4599045565e-01 1.8336979338e-04
2.5843393058e-01 1.7845576753e-01 3.5500029238e-04
2.3222382863e-01 2.3543236032e-01 1.4061731660e-04
2.8185001264e-01 2.2857702151e-01 2.1649165531e-04
3.1220175574e-01 2.1991978089e-01 4.5168423579e-04
3.9607078830e-01 2.3359708364e-01 3.2669632371e-04
1.5006113735e-01 3.7611763179e-01 2.7974804531e-04
3.1432793786e-01 1.7979426558e-01 2.3668802775e-04
1.0352310476e-01 7.0610915000e-02 8.8243962576e-04
1.0352310476e-01 7.0610915000e-02 8.8243962576e-04
2.6294597238e-01 3.7280287594e-01 9.1726140818e-04
7.1094268933e-02 2.8205725302e-01 7.6895957560e-04
1.2422779202e-01 3.2726215820e-01 2.4371735344e-04
2.4410364901e-01 3.1356885036e-01 1.4875760358e-06
1.8170866991e-01 1.2702867575e-01 7.7991103171e-04
8.0684907516e-05 4.4918884337e-01 4.9341067400e-04
3.0243281523e-01 2.5518269464e-01 5.5925645817e-04
1.5984023859e-01 1.3775083298e-01 7.3360355357e-04
1.5984023859e-01 1.3775083298e-01 7.3360355357e-04
1.8473187337e-01 1.0217006815e-01 8.3859466637e-04
2.2980427990e-01 3.9293450117e-01 4.8578002315e-04
1.8442275499e-01 2.3358351737e-01 2.8361875957e-04
1.8183118105e-01 2.1169997255e-01 4.6830945212e-04
1.6940632214e-01 2.5669620062e-01 3.7210725228e-04
1.8736445655e-01 2.8029192736e-01 2.4385325620e-04
3.5211698214e-01 2.2649470841e-01 2.9393593528e-04
1.5497213850e-01 2.1117701754e-01 1.1918683079e-04
1.5497213850e-01 2.1117701754e-01 1.1918683079e-04
1.9021808108e-01 2.9993343602e-01 2.7984136614e-04
2.6282966634e-01 1.3659817850e-01 1.7352549973e-04
1.3504512422e-01 2.5701502090e-01 2.3748813389e-04
1.9552199915e-01 1.7717754344e-01 2.1157697059e-04
1.3405201957e-01 1.6925482452e-01 1.3569135179e-04
1.4680060620e-01 8.6940969030e-02 1.1565654810e-03
2.8087786337e-01 1.3912422831e-01 1.1822637947e-03
1.3978907838e-01 5.0959081234e-02 1.2142405612e-03
2.1871850640e-01 3.3953303355e-02 1.3779449024e-03
2.6972877979e-01 1.2819904896e-01 2.0610836218e-03
1.2440082990e-01 2.6277595821e-02 5.0144451234e-04
8.4942966079e-02 4.1413994816e-02 1.4473833435e-03
1.1214500976e-01 1.5176958063e-01 5.5307295346e-05
2.5713781888e-01 6.7411687846e-02 1.1644627763e-03
5.5447615373e-02 1.0889233773e-01 7.8731178170e-04
1.2186950638e-04 2.3455212017e-01 1.5790818046e-03
9.0743133114e-05 1.4099182623e-01 6.0119801007e-04
6.8932058033e-05 2.2621206939e-01 4.8598224627e-04
6.8932058033e-05 2.2621206939e-01 4.8598224627e-04
7.6878646723e-05 2.9194970677e-01 8.5897677733e-04
1.0883018064e-01 5.7073901407e-02 6.5703744864e-04
1.6964058268e-01 5.0728203108e-02 1.3951018627e-03
2.9259120978e-04 2.2487083698e-01 7.6028166707e-04
2.8055128176e-02 4.7003674942e-02 1.4786780715e-03
7.3932702435e-05 1.6166062032e-01 8.9446473188e-04
1.0318009663e-04 1.4742860074e-01 6.7341400669e-04
2.7187792429e-02 4.8604167998e-02 4.5458333334e-03
4.6235669404e-02 4.9695462920e-02 4.0195012698e-03
1.0913275679e-01 1.6299309892e-01 4.0575793013e-02
8.4903710211e-02 1.8256638447e-01 2.3088946318e-02
1.4578012750e-01 1.2853625230e-01 3.1498613767e-02
1.7041576095e-02 1.0973790350e-01 6.9379242137e-02
1.6269754743e-01 2.4317044392e-01 2.3209849062e-02
3.8893768874e-02 2.1939350789e-01 4.1514855305e-03
1.4489349288e-02 2.0217279469e-01 2.6271576838e-02
5.0727578811e-02 5.0446256840e-02 5.7933607216e-03
3.6286787440e-02 4.4519480939e-02 5.7218589742e-03
3.0176327253e-02 8.1835933340e-02 9.2676908243e-03
3.4076044957e-02 8.9873900637e-02 5.8162003212e-03
2.7758587773e-02 6.1766185487e-02 8.8221433883e-03
3.5247945848e-02 1.1664936940e-01 4.7493354068e-03
2.9518180216e-02 1.0454405968e-01 2.6468269546e-03
3.6273352802e-02 1.3332389854e-01 6.5264772857e-03
3.7247992780e-03 1.0720585659e-01 5.9320951696e-03
4.3240718544e-02 9.6477340286e-02 3.7544368921e-03
4.2803501710e-02 7.9719355640e-02 1.2377568831e-02
4.2803501710e-02 7.9719355640e-02 1.2377568831e-02
2.4070013470e-02 1.0083001293e-01 5.8408059801e-03
4.2248121463e-02 9.9646016334e-02 1.2137596651e-02
4.3227023445e-02 9.9936410785e-02 4.8457415542e-03
3.6610467359e-02 8.5255097287e-02 6.9419092421e-03
3.6610467359e-02 8.5255097287e-02 6.9419092421e-03
1.4120241394e-02 9.7370384882e-02 6.3443913047e-03
5.6887891842e-03 8.3093844975e-02 8.4189227394e-03
5.3784003481e-02 7.6324607246e-02 6.8610942690e-03
5.0021727026e-03 8.2709506154e-02 7.5700085533e-03
1.3232371537e-02 8.8491460929e-02 1.4971232275e-02
6.6265847224e-03 8.4685706223e-02 6.9201125686e-03
1.1259531726e-01 0.0000000000e+00 0.0000000000e+00
6.6602961160e-02 0.0000000000e+00 0.0000000000e+00
4.1054396424e-02 0.0000000000e+00 0.0000000000e+00
2.3292071031e-02 0.0000000000e+00 0.0000000000e+00
2.3292071031e-02 0.0000000000e+00 0.0000000000e+00
1.6618975283e-02 0.0000000000e+00 0.0000000000e+00
1.7312011526e-02 0.0000000000e+00 0.0000000000e+00
4.6079778733e-02 0.0000000000e+00 0.0000000000e+00
7.1947575547e-02 0.0000000000e+00 0.0000000000e+00
6.3064635731e-02 0.0000000000e+00 0.0000000000e+00
4.8296814164e-02 0.0000000000e+00 0.0000000000e+00
4.8296814164e-02 0.0000000000e+00 0.0000000000e+00
6.9828639428e-02 0.0000000000e+00 0.0000000000e+00
6.9828639428e-02 0.0000000000e+00 0.0000000000e+00
6.9828639428e-02 0.0000000000e+00 0.0000000000e+00
4.6585484097e-02 0.0000000000e+00 0.0000000000e+00
4.6585484097e-02 0.0000000000e+00 0.0000000000e+00
7.1649507930e-02 0.0000000000e+00 0.0000000000e+00
1.9244444557e-02 0.0000000000e+00 0.0000000000e+00
4.5030938345e-03 0.0000000000e+00 0.0000000000e+00
8.5615267550e-03 0.0000000000e+00 0.0000000000e+00
8.3536675472e-03 0.0000000000e+00 0.0000000000e+00
1.4132125846e-02 0.0000000000e+00 0.0000000000e+00
6.6219527507e-03 0.0000000000e+00 0.0000000000e+00
6.8588704647e-03 0.0000000000e+00 0.0000000000e+00
7.1315912258e-03 0.0000000000e+00 0.0000000000e+00
2.8588826458e-02 0.0000000000e+00 0.0000000000e+00
1.7967309337e-02 0.0000000000e+00 0.0000000000e+00
1.2420432145e-01 0.0000000000e+00 0.0000000000e+00
1.1173169687e-01 0.0000000000e+00 0.0000000000e+00
1.0962389658e-01 0.0000000000e+00 0.0000000000e+00
1.2888373124e-01 0.0000000000e+00 0.0000000000e+00
1.1168559268e-01 0.0000000000e+00 0.0000000000e+00
1.1304310771e-01 0.0000000000e+00 0.0000000000e+00
9.9096418669e-02 0.0000000000e+00 0.0000000000e+00
7.0031889714e-02 0.0000000000e+00 0.0000000000e+00
7.4769296062e-02 0.0000000000e+00 0.0000000000e+00
7.4769296062e-02 0.0000000000e+00 0.0000000000e+00
6.1854912899e-02 0.0000000000e+00 0.0000000000e+00
6.1854912899e-02 0.0000000000e+00 0.0000000000e+00
6.2903945024e-02 0.0000000000e+00 0.0000000000e+00
3.9258719577e-02 0.0000000000e+00 0.0000000000e+00
1.0638936671e-01 0.0000000000e+00 0.0000000000e+00
1.0376782839e-01 0.0000000000e+00 0.0000000000e+00
6.0632091636e-02 0.0000000000e+00 0.0000000000e+00
3.4121770039e-01 0.0000000000e+00 0.0000000000e+00
3.6351185292e-01 0.0000000000e+00 0.0000000000e+00
3.8594283164e-01 0.0000000000e+00 0.0000000000e+00
3.9726505677e-01 0.0000000000e+00 0.0000000000e+00
3.8430426518e-01 0.0000000000e+00 0.0000000000e+00
3.8430426518e-01 0.0000000000e+00 0.0000000000e+00
4.6597522373e-02 0.0000000000e+00 0.0000000000e+00
7.4906462803e-02 0.0000000000e+00 0.0000000000e+00
1.1844822826e-01 0.0000000000e+00 0.0000000000e+00
1.0079058694e-01 0.0000000000e+00 0.0000000000e+00
8.6718103538e-02 0.0000000000e+00 0.0000000000e+00
9.6589588250e-02 0.0000000000e+00 0.0000000000e+00
8.3257243037e-02 0.0000000000e+00 0.0000000000e+00
4.0221010645e-02 0.0000000000e+00 0.0000000000e+00
1.0720629555e-01 0.0000000000e+00 0.0000000000e+00
9.1045906146e-02 0.0000000000e+00 0.0000000000e+00
1.4063793917e-01 0.0000000000e+00 0.0000000000e+00
1.4063793917e-01 0.0000000000e+00 0.0000000000e+00
1.1252923744e-01 0.0000000000e+00 0.0000000000e+00
4.0261123329e-02 0.0000000000e+00 0.0000000000e+00
1.6155846603e-01 0.0000000000e+00 0.0000000000e+00
1.6150339569e-01 0.0000000000e+00 0.0000000000e+00
6.8954507510e-02 0.0000000000e+00 0.0000000000e+00
4.6970726922e-02 0.0000000000e+00 0.0000000000e+00
5.8386985833e-02 0.0000000000e+00 0.0000000000e+00
4.8480642959e-02 0.0000000000e+00 0.0000000000e+00
6.3157091538e-02 0.0000000000e+00 0.0000000000e+00
1.0639046070e-01 0.0000000000e+00 0.0000000000e+00
1.1646022648e-01 0.0000000000e+00 0.0000000000e+00
1.1261764976e-01 0.0000000000e+00 0.0000000000e+00
9.9621409550e-02 0.0000000000e+00 0.0000000000e+00
1.6754575570e-01 0.0000000000e+00 0.0000000000e+00
6.3678269275e-02 0.0000000000e+00 0.0000000000e+00
1.2364843301e-01 0.0000000000e+00 0.0000000000e+00
1.2137531489e-01 0.0000000000e+00 0.0000000000e+00
1.7070466901e-01 0.0000000000e+00 0.0000000000e+00
1.3845196925e-02 0.0000000000e+00 0.0000000000e+00
1.3845196925e-02 0.0000000000e+00 0.0000000000e+00
3.0916310847e-02 0.0000000000e+00 0.0000000000e+00
1.1217841646e-02 0.0000000000e+00 0.0000000000e+00
1.1546836467e-02 0.0000000000e+00 0.0000000000e+00
2.3491573054e-02 0.0000000000e+00 0.0000000000e+00
1.8950043712e-02 0.0000000000e+00 0.0000000000e+00
7.5434096158e-02 0.0000000000e+00 0.0000000000e+00
6.9241676169e-02 0.0000000000e+00 0.0000000000e+00
7.6375122493e-02 0.0000000000e+00 0.0000000000e+00
7.6375122493e-02 0.0000000000e+00 0.0000000000e+00
4.3248318136e-02 0.0000000000e+00 0.0000000000e+00
4.3248318136e-02 0.0000000000e+00 0.0000000000e+00
3.6932655300e-02 0.0000000000e+00 0.0000000000e+00
4.1342467846e-02 0.0000000000e+00 0.0000000000e+00
4.1342467846e-02 0.0000000000e+00 0.0000000000e+00
4.1342467846e-02 0.0000000000e+00 0.0000000000e+00
2.4579595774e-02 0.0000000000e+00 0.0000000000e+00
2.4164445077e-02 0.0000000000e+00 0.0000000000e+00
2.4036577592e-02 0.0000000000e+00 0.0000000000e+00
2.4532646872e-02 0.0000000000e+00 0.0000000000e+00
1.2740682345e-02 0.0000000000e+00 0.0000000000e+00
1.1868178844e-02 0.0000000000e+00 0.0000000000e+00
1.1766562316e-02 0.0000000000e+00 0.0000000000e+00
1.9227794372e-02 0.0000000000e+00 0.0000000000e+00
3.4980530540e-02 0.0000000000e+00 0.0000000000e+00
6.4110936597e-02 0.0000000000e+00 0.0000000000e+00
3.0120411267e-02 0.0000000000e+00 0.0000000000e+00
2.9149551255e-02 0.0000000000e+00 0.0000000000e+00
8.9240156735e-02 0.0000000000e+00 0.0000000000e+00
8.8328203807e-02 0.0000000000e+00 0.0000000000e+00
1.2085942427e-01 0.0000000000e+00 0.0000000000e+00
9.4572192058e-02 0.0000000000e+00 0.0000000000e+00
8.2694149266e-02 0.0000000000e+00 0.0000000000e+00
9.3591645981e-02 0.0000000000e+00 0.0000000000e+00
6.9448887681e-02 0.0000000000e+00 0.0000000000e+00
7.7701514587e-02 0.0000000000e+00 0.0000000000e+00
9.4174329812e-02 0.0000000000e+00 0.0000000000e+00
6.4518942498e-02 0.0000000000e+00 0.0000000000e+00
6.4518942498e-02 0.0000000000e+00 0.0000000000e+00
1.1042372944e-02 1.7095012590e-01 1.9862194313e-03
1.3200510914e-02 1.1832453373e-01 1.5247743286e-03
1.7653917583e-02 1.1615611737e-01 1.9021340316e-03
4.4912975682e-05 2.0049861694e-01 2.5732747357e-03
4.4900144834e-05 2.0333258559e-01 3.3515751420e-04
4.4921025922e-05 2.6379964004e-01 7.7467649438e-04
4.4921025922e-05 2.6379964004e-01 7.7467649438e-04
4.4944869236e-05 2.3927748576e-01 1.1482763337e-02
1.2508303626e-02 2.0810307687e-01 3.4443403032e-04
9.2535880394e-03 1.8944372361e-01 3.9297282638e-04
1.2025923623e-02 1.9559437409e-01 4.9046211886e-04
1.6209349269e-02 1.9343447313e-01 1.2343965791e-03
1.6209349269e-02 1.9343447313e-01 1.2343965791e-03
2.7941914431e-02 2.2394033273e-01 1.6114796793e-03
9.7316874114e-03 2.0922479282e-01 1.9477652010e-04
1.2254279107e-02 1.8518229450e-01 1.6834255851e-03
7.6547434243e-03 1.9846692681e-01 1.6746731217e-04
1.2704369767e-02 2.2223611300e-01 2.9549947673e-04
1.7907056337e-02 2.0256898055e-01 2.9234504715e-04
2.2884353685e-02 1.9776480148e-01 1.9426213839e-03
3.4367398669e-02 1.6913582385e-01 1.7724675029e-03
1.5080036363e-02 2.0768923809e-01 6.8860457638e-04
3.1506165202e-03 1.6750043010e-01 5.3062715703e-05
2.4850898189e-03 1.4823356643e-01 8.6978771151e-05
4.2336201101e-03 1.5869969750e-01 6.9606504591e-05
2.4773175052e-02 2.2304371248e-01 5.5806035865e-04
2.5515808879e-02 9.1070973625e-02 9.7262405325e-04
3.3956596007e-02 1.9991235435e-01 5.7984152712e-04
1.9656605087e-02 1.9062087312e-01 3.4143199324e-04
8.4194409351e-02 9.5953824619e-02 3.1020552803e-03
2.8003145785e-02 1.7713401094e-01 1.3613199699e-03
4.0812592022e-02 2.3499701296e-01 1.9931190206e-03
2.3581644675e-02 2.0785771683e-01 3.3117565545e-04
2.3581644675e-02 2.0785771683e-01 3.3117565545e-04
1.2356842185e-01 1.2257534390e-01 1.3433042210e-03
7.3517150556e-02 2.1105251337e-01 2.3736358562e-03
5.2779586986e-02 1.2163775849e-01 4.0168759345e-03
2.4342671813e-02 1.6556527528e-01 4.4199050656e-03
3.7837656680e-02 2.0878257230e-01 1.5222774127e-03
3.6258016403e-02 1.1615129684e-01 7.3731623803e-03
4.0735829932e-02 2.6383732756e-01 2.2414634441e-03
1.1403084034e-02 1.0989555406e-01 6.2156742836e-03
