7.8417151235e-04 6.6018261714e-04 3.7130634882e-04
6.3608265482e-03 4.0332903154e-03 1.1903132545e-03
6.1504758196e-04 2.5701324921e-04 4.2887430754e-04
3.1380508858e-07 3.7055753637e-03 2.1983681654e-04
5.6580011733e-03 4.6079498716e-03 1.3980075892e-04
1.1713672429e-02 4.3250122108e-03 1.8206343520e-04
6.3917948864e-03 3.1482079066e-04 1.7929163005e-04
2.1403827704e-03 2.7408152819e-03 2.0269058950e-05
2.1403827704e-03 2.7408152819e-03 2.0269058950e-05
8.9067323133e-03 4.0741395205e-03 6.0279864556e-05
1.3978113420e-02 2.9351261910e-03 1.3852848497e-05
3.3894527704e-02 2.7464671060e-02 2.3576733656e-04
7.8553169966e-02 1.8381519243e-02 2.9732569237e-04
6.1519067734e-02 3.3126983792e-02 3.1585665420e-04
5.5243495852e-02 3.1898431480e-02 2.9084135895e-04
1.9147306681e-02 4.1592409834e-03 6.6441149102e-05
7.1508889087e-03 3.6522585433e-03 3.0745803087e-05
1.5603763051e-02 5.1696756855e-03 1.0155105701e-04
5.4829854518e-02 3.1380578876e-02 2.0020233933e-04
3.1893324107e-02 3.4112334251e-02 2.4656471214e-04
1.1520291679e-02 3.0099278316e-02 1.9395640993e-04
4.5940358192e-02 3.5132002085e-02 2.4493355886e-04
7.3840976693e-03 3.6726591643e-03 7.1689595643e-05
4.0827821940e-02 3.0049173161e-02 1.8449185882e-04
5.0800452009e-03 2.0741589833e-03 4.7143868869e-05
1.0225529782e-02 2.9212057125e-03 6.7443812441e-05
1.7612540396e-03 1.8784543499e-03 6.4173684223e-05
1.4593553729e-02 2.2371155210e-03 1.0066103277e-04
4.6750339679e-03 2.8668257874e-03 1.0456516611e-04
5.5435034446e-03 9.1723067453e-04 6.8500878115e-05
3.0748350546e-03 1.3207065640e-03 3.5903110984e-05
4.6630213037e-03 1.8243263476e-03 7.9905577877e-05
2.5030742399e-03 1.4726929367e-03 5.4988835473e-05
2.9850907158e-03 1.5569324605e-03 4.8524434533e-05
5.8058635659e-06 1.1577872792e-03 5.7690635003e-05
5.7976008393e-03 1.5001903521e-03 4.9550249969e-05
5.0005908124e-03 1.5093445836e-04 4.8123791203e-05
5.0005908124e-03 1.5093445836e-04 4.8123791203e-05
6.5987865673e-04 9.7813038155e-04 3.7561221689e-05
5.2583380602e-03 1.2548508821e-03 3.9050992200e-05
1.3585090637e-03 5.7722179918e-04 4.5154305553e-05
2.8750448564e-06 2.1692314185e-03 8.1167279859e-05
9.8648833102e-08 1.4342392096e-03 9.0034474852e-05
2.6140317786e-03 1.6279894626e-03 4.7611352784e-05
1.6305483878e-03 7.7096006135e-04 5.2085964853e-05
1.0003280826e-02 1.7906980356e-03 4.8988807976e-05
2.2928304679e-04 1.2450075010e-03 3.8693025999e-05
1.2354875915e-02 2.2269727197e-03 5.0330898375e-05
1.3914527372e-03 2.1710675210e-03 3.9947772166e-05
3.3362898976e-03 2.7558617294e-03 4.9986334488e-05
2.3024731781e-03 2.5316851679e-03 5.1813392929e-05
3.3476816025e-03 3.9100981667e-04 4.3025098421e-05
3.3476816025e-03 3.9100981667e-04 4.3025098421e-05
2.0893029869e-03 1.4471005416e-03 2.1995043426e-05
2.3882982787e-03 1.6340729780e-03 7.6139581324e-06
1.9629250746e-03 1.3280953281e-03 3.8957270590e-05
5.2577941678e-03 2.3859739304e-03 4.4545344281e-05
1.4866565354e-02 4.3504140340e-03 8.9514272986e-05
1.0729555041e-02 2.1138023585e-03 4.5176424464e-05
1.5107452869e-02 3.6763616372e-03 3.6881625419e-05
8.1166991731e-04 1.2479576981e-03 2.2649999664e-05
1.2443343849e-06 2.3558302782e-03 6.3339735789e-05
1.2443343849e-06 2.3558302782e-03 6.3339735789e-05
2.4455457460e-03 1.4544781297e-03 4.6422119340e-05
9.6491312718e-08 4.0818233974e-03 5.1663668273e-05
2.0779417828e-02 2.6192134246e-03 1.2077781139e-04
2.8598997742e-03 6.7341787508e-04 2.9860873838e-05
2.8598997742e-03 6.7341787508e-04 2.9860873838e-05
9.9981473759e-03 1.6323971795e-03 3.6663888750e-05
1.5401896089e-03 2.1649303380e-04 1.0325162293e-04
2.6594828814e-03 1.1431383900e-03 5.7900295360e-05
1.5299436636e-03 1.2695741607e-03 4.6955337893e-05
7.8913447214e-04 6.1458576238e-04 2.7996409699e-05
5.3779949667e-04 1.6157875070e-03 5.1253180573e-05
2.3462621029e-03 1.5644725645e-03 4.5723569201e-05
1.2985080248e-03 1.9825601485e-03 4.9063393817e-05
2.0872631576e-03 1.0544502875e-03 4.4592543418e-05
3.0028505251e-02 7.6308175921e-03 1.0830529936e-04
2.7955060359e-03 8.6012872634e-04 3.1701667467e-05
3.8118592929e-03 6.8379589356e-03 1.7207212513e-03
1.3473841362e-02 3.1805481762e-02 2.9457074124e-03
4.5397211798e-03 4.2546700686e-02 3.7322852295e-03
1.7997100949e-02 3.8054171950e-02 2.5454789866e-03
5.0924355164e-03 5.0118010491e-02 3.8662136067e-03
5.1735900342e-03 5.5846109986e-02 2.7011560742e-03
2.6360085234e-02 4.9045857042e-02 4.1115824133e-03
4.1445636612e-07 5.7843029499e-02 9.6108438447e-03
1.7503614558e-08 5.5285777897e-02 9.9988430738e-03
1.1390611529e-02 2.4947436526e-02 4.9671917222e-03
1.7654913975e-08 1.5095320530e-02 1.3968649320e-02
6.1126765871e-09 1.9495669752e-02 1.4537751675e-02
2.1089711311e-08 2.0573930815e-02 9.4200884923e-03
6.2201746687e-07 2.1199921146e-02 9.9076637998e-03
8.9630907141e-09 1.6623614356e-02 8.4446566179e-03
8.9630907141e-09 1.6623614356e-02 8.4446566179e-03
2.1390420102e-08 4.2365368456e-02 8.9144026861e-03
8.5331755884e-08 4.7816141887e-05 3.5066427663e-03
1.4247633295e-08 5.3163883422e-05 3.1083833892e-03
1.9542611973e-09 9.7078573890e-04 4.9214703031e-03
2.0517390009e-09 9.5621478977e-04 5.1962831058e-03
3.5482682870e-04 6.8296416430e-04 2.0932522602e-03
1.9751653646e-09 9.6577365184e-04 5.3825918585e-03
1.0955593316e-03 7.1212340845e-04 4.3102931231e-03
2.0838442083e-09 9.6219981788e-04 6.1215362512e-03
2.1616033408e-09 9.3940406805e-04 7.4863950722e-03
2.1616033408e-09 9.3940406805e-04 7.4863950722e-03
1.3724833492e-09 5.0052400184e-05 4.5975749381e-03
4.5068886401e-09 4.2659838073e-05 5.3069111891e-03
2.5085331590e-09 9.2592835426e-04 7.0941112936e-03
1.0366856706e-08 5.9444680810e-03 1.1443321593e-02
4.1801882844e-08 8.9916033903e-04 1.0596805252e-02
2.7424889026e-08 8.4470858565e-04 4.4162063859e-03
2.7424889026e-08 8.4470858565e-04 4.4162063859e-03
1.4531105208e-09 5.1902930863e-05 4.1008405387e-03
2.1218966140e-08 5.8090174571e-04 6.8960660137e-03
2.2561637891e-08 3.9458076935e-04 1.0809076019e-02
1.0657058347e-08 5.3305446636e-04 1.1495194398e-02
6.9099015398e-09 3.3072105725e-04 6.8488330580e-03
1.7715188205e-09 5.1127117331e-05 6.7515969276e-03
3.6772040968e-09 1.0040192865e-03 8.3701563999e-03
1.2906541391e-09 5.0301710871e-05 4.1181254201e-03
1.8022752180e-09 8.5130752996e-04 7.6216398738e-03
1.5282970445e-09 8.5878110258e-04 1.1284283362e-02
1.4336508647e-09 5.2341118135e-05 1.4185666107e-02
1.9407004892e-09 4.8269623221e-05 1.7737776041e-02
1.8257914070e-09 4.7849676776e-05 1.5840625390e-02
1.7898750260e-09 4.6810786444e-05 2.7037831023e-02
2.2605796346e-08 8.4907189012e-04 6.6495076753e-03
2.7104102074e-08 8.2179735182e-04 3.8377509918e-03
1.0331831390e-08 8.2982069580e-04 3.1893833075e-03
7.1720567263e-09 8.2450424088e-04 5.0815939903e-03
9.7002272881e-09 8.3307333989e-04 1.2553282082e-02
1.1163374669e-09 8.4340077592e-04 1.2717477046e-02
1.1163374669e-09 8.4340077592e-04 1.2717477046e-02
1.9176640276e-09 8.5556157865e-04 8.6035095155e-03
2.0076003082e-08 6.6440174123e-04 3.1584464014e-03
4.2059533634e-09 6.9036800414e-04 3.4803301096e-03
3.9239718141e-09 6.7931413651e-04 3.0102611054e-03
1.1571269276e-08 6.7221169593e-04 4.0558176115e-03
1.2899064927e-08 6.4908835338e-04 3.5132672638e-03
8.1086417580e-09 6.5740407445e-04 3.2784531359e-03
8.1086417580e-09 6.5740407445e-04 3.2784531359e-03
7.1152839176e-09 6.5224751597e-04 3.1316524837e-03
2.5590473740e-08 6.5042701317e-04 4.0104216896e-03
5.8844382700e-09 6.5064011142e-04 4.1230386123e-03
1.3408541832e-08 7.2343688225e-04 4.5894910581e-03
1.0580286158e-07 6.8898359314e-04 4.2276158929e-03
4.0159108039e-08 6.6525739385e-04 4.0505100042e-03
4.1540783258e-08 6.5712723881e-04 4.0426603518e-03
4.4346048611e-08 1.1694699788e-04 4.1960021481e-03
4.0825199221e-08 1.6922224313e-04 3.7762660068e-03
4.0401037182e-08 1.6671337653e-04 3.9678122848e-03
5.7390390218e-09 0.0000000000e+00 0.0000000000e+00
6.1423726549e-08 0.0000000000e+00 0.0000000000e+00
6.1379786587e-08 0.0000000000e+00 0.0000000000e+00
2.2612079978e-02 0.0000000000e+00 0.0000000000e+00
1.2739169719e-09 0.0000000000e+00 0.0000000000e+00
1.9258586690e-02 0.0000000000e+00 0.0000000000e+00
2.0346034579e-10 0.0000000000e+00 0.0000000000e+00
1.1816642109e-09 0.0000000000e+00 0.0000000000e+00
1.1882430595e-09 0.0000000000e+00 0.0000000000e+00
1.1882430595e-09 0.0000000000e+00 0.0000000000e+00
2.6950155649e-11 0.0000000000e+00 0.0000000000e+00
8.0315954983e-03 0.0000000000e+00 0.0000000000e+00
1.0155193508e-02 0.0000000000e+00 0.0000000000e+00
1.0155193508e-02 0.0000000000e+00 0.0000000000e+00
8.0178538337e-03 0.0000000000e+00 0.0000000000e+00
5.8268196881e-03 0.0000000000e+00 0.0000000000e+00
1.1548410403e-03 0.0000000000e+00 0.0000000000e+00
1.4827316627e-03 0.0000000000e+00 0.0000000000e+00
1.4827316627e-03 0.0000000000e+00 0.0000000000e+00
6.1276913621e-03 0.0000000000e+00 0.0000000000e+00
6.1276913621e-03 0.0000000000e+00 0.0000000000e+00
1.3809301890e-03 0.0000000000e+00 0.0000000000e+00
1.3188713929e-03 0.0000000000e+00 0.0000000000e+00
9.6842227504e-03 0.0000000000e+00 0.0000000000e+00
1.0421856306e-02 0.0000000000e+00 0.0000000000e+00
1.0421856306e-02 0.0000000000e+00 0.0000000000e+00
1.0421856306e-02 0.0000000000e+00 0.0000000000e+00
9.1115431860e-03 0.0000000000e+00 0.0000000000e+00
7.3992274702e-03 0.0000000000e+00 0.0000000000e+00
1.1375237256e-02 0.0000000000e+00 0.0000000000e+00
4.9283630215e-03 0.0000000000e+00 0.0000000000e+00
7.1515864693e-03 0.0000000000e+00 0.0000000000e+00
1.2502417900e-02 0.0000000000e+00 0.0000000000e+00
1.2502417900e-02 0.0000000000e+00 0.0000000000e+00
1.6598569229e-02 0.0000000000e+00 0.0000000000e+00
1.6661852598e-02 0.0000000000e+00 0.0000000000e+00
4.3968125246e-03 0.0000000000e+00 0.0000000000e+00
1.5322612599e-03 0.0000000000e+00 0.0000000000e+00
1.1942788260e-03 0.0000000000e+00 0.0000000000e+00
2.0216417033e-03 0.0000000000e+00 0.0000000000e+00
2.0216417033e-03 0.0000000000e+00 0.0000000000e+00
1.2021522271e-03 0.0000000000e+00 0.0000000000e+00
1.2021522271e-03 0.0000000000e+00 0.0000000000e+00
4.5971442014e-03 0.0000000000e+00 0.0000000000e+00
4.5971442014e-03 0.0000000000e+00 0.0000000000e+00
1.1068531312e-02 0.0000000000e+00 0.0000000000e+00
3.9974702522e-03 0.0000000000e+00 0.0000000000e+00
1.9821992144e-02 0.0000000000e+00 0.0000000000e+00
1.9688293338e-02 0.0000000000e+00 0.0000000000e+00
1.9911462441e-02 0.0000000000e+00 0.0000000000e+00
1.1645663530e-02 0.0000000000e+00 0.0000000000e+00
1.1631668545e-02 0.0000000000e+00 0.0000000000e+00
1.4301396906e-02 0.0000000000e+00 0.0000000000e+00
8.9633008465e-03 0.0000000000e+00 0.0000000000e+00
8.9633008465e-03 0.0000000000e+00 0.0000000000e+00
2.5353271049e-03 0.0000000000e+00 0.0000000000e+00
2.5353271049e-03 0.0000000000e+00 0.0000000000e+00
6.1213485897e-03 0.0000000000e+00 0.0000000000e+00
6.2099210918e-03 0.0000000000e+00 0.0000000000e+00
6.2208264135e-03 0.0000000000e+00 0.0000000000e+00
5.9367567301e-03 0.0000000000e+00 0.0000000000e+00
5.9893764555e-03 0.0000000000e+00 0.0000000000e+00
6.1464677565e-03 0.0000000000e+00 0.0000000000e+00
6.0653463006e-03 0.0000000000e+00 0.0000000000e+00
6.1208591796e-03 0.0000000000e+00 0.0000000000e+00
6.0301064514e-03 0.0000000000e+00 0.0000000000e+00
6.8673905917e-03 0.0000000000e+00 0.0000000000e+00
6.0207308270e-03 0.0000000000e+00 0.0000000000e+00
5.5790306069e-03 0.0000000000e+00 0.0000000000e+00
6.5989862196e-03 0.0000000000e+00 0.0000000000e+00
6.5219029784e-03 0.0000000000e+00 0.0000000000e+00
6.3408301212e-03 0.0000000000e+00 0.0000000000e+00
5.6714825332e-03 0.0000000000e+00 0.0000000000e+00
5.5774231441e-03 0.0000000000e+00 0.0000000000e+00
5.5774231441e-03 0.0000000000e+00 0.0000000000e+00
5.5774231441e-03 0.0000000000e+00 0.0000000000e+00
1.7620012164e-02 0.0000000000e+00 0.0000000000e+00
1.7289578915e-02 0.0000000000e+00 0.0000000000e+00
3.2337162644e-02 0.0000000000e+00 0.0000000000e+00
3.2478418201e-02 0.0000000000e+00 0.0000000000e+00
8.1965453923e-02 0.0000000000e+00 0.0000000000e+00
8.1965453923e-02 0.0000000000e+00 0.0000000000e+00
8.2343906164e-02 0.0000000000e+00 0.0000000000e+00
8.2343906164e-02 0.0000000000e+00 0.0000000000e+00
8.2343906164e-02 0.0000000000e+00 0.0000000000e+00
8.0891385674e-02 0.0000000000e+00 0.0000000000e+00
8.7182193995e-02 0.0000000000e+00 0.0000000000e+00
7.7807232738e-02 0.0000000000e+00 0.0000000000e+00
7.9333990812e-02 0.0000000000e+00 0.0000000000e+00
7.9834714532e-02 0.0000000000e+00 0.0000000000e+00
8.0518551171e-02 0.0000000000e+00 0.0000000000e+00
7.7393926680e-02 0.0000000000e+00 0.0000000000e+00
7.7393926680e-02 0.0000000000e+00 0.0000000000e+00
7.8846916556e-02 0.0000000000e+00 0.0000000000e+00
7.7902697027e-02 0.0000000000e+00 0.0000000000e+00
7.7169053257e-02 0.0000000000e+00 0.0000000000e+00
7.7086120844e-02 0.0000000000e+00 0.0000000000e+00
7.7626556158e-02 0.0000000000e+00 0.0000000000e+00
7.7626556158e-02 0.0000000000e+00 0.0000000000e+00
7.6844349504e-02 0.0000000000e+00 0.0000000000e+00
7.6844349504e-02 0.0000000000e+00 0.0000000000e+00
7.6928205788e-02 0.0000000000e+00 0.0000000000e+00
7.7281005681e-02 0.0000000000e+00 0.0000000000e+00
7.7688239515e-02 0.0000000000e+00 0.0000000000e+00
7.7270917594e-02 0.0000000000e+00 0.0000000000e+00
7.4718542397e-02 0.0000000000e+00 0.0000000000e+00
7.4977658689e-02 0.0000000000e+00 0.0000000000e+00
7.4592255056e-02 0.0000000000e+00 0.0000000000e+00
9.6984945238e-02 0.0000000000e+00 0.0000000000e+00
9.6984945238e-02 0.0000000000e+00 0.0000000000e+00
9.6378266811e-02 0.0000000000e+00 0.0000000000e+00
9.5400154591e-02 0.0000000000e+00 0.0000000000e+00
9.6467018127e-02 0.0000000000e+00 0.0000000000e+00
9.6269123256e-02 0.0000000000e+00 0.0000000000e+00
9.6020095050e-02 0.0000000000e+00 0.0000000000e+00
9.5441915095e-02 0.0000000000e+00 0.0000000000e+00
9.5987729728e-02 0.0000000000e+00 0.0000000000e+00
9.5842480659e-02 0.0000000000e+00 0.0000000000e+00
9.5855079591e-02 0.0000000000e+00 0.0000000000e+00
1.0463067144e-01 0.0000000000e+00 0.0000000000e+00
1.0455462337e-01 0.0000000000e+00 0.0000000000e+00
1.0692376643e-01 0.0000000000e+00 0.0000000000e+00
8.3834029734e-02 0.0000000000e+00 0.0000000000e+00
9.9599011242e-02 0.0000000000e+00 0.0000000000e+00
9.9263668060e-02 0.0000000000e+00 0.0000000000e+00
9.9181294441e-02 0.0000000000e+00 0.0000000000e+00
1.1073529720e-01 0.0000000000e+00 0.0000000000e+00
1.1073529720e-01 0.0000000000e+00 0.0000000000e+00
1.1073529720e-01 0.0000000000e+00 0.0000000000e+00
2.4603137746e-02 0.0000000000e+00 0.0000000000e+00
2.1484998986e-02 0.0000000000e+00 0.0000000000e+00
2.2651664913e-02 0.0000000000e+00 0.0000000000e+00
2.2651664913e-02 0.0000000000e+00 0.0000000000e+00
2.4007171392e-02 0.0000000000e+00 0.0000000000e+00
2.3886948824e-02 0.0000000000e+00 0.0000000000e+00
9.7557501867e-03 0.0000000000e+00 0.0000000000e+00
1.9841438159e-02 0.0000000000e+00 0.0000000000e+00
2.9324999079e-02 0.0000000000e+00 0.0000000000e+00
2.7901045978e-02 0.0000000000e+00 0.0000000000e+00
2.6298619807e-02 0.0000000000e+00 0.0000000000e+00
2.7059860528e-02 0.0000000000e+00 0.0000000000e+00
2.5034388527e-02 0.0000000000e+00 0.0000000000e+00
1.7376687378e-02 0.0000000000e+00 0.0000000000e+00
1.7376687378e-02 0.0000000000e+00 0.0000000000e+00
2.0808197558e-02 0.0000000000e+00 0.0000000000e+00
2.8156302869e-02 0.0000000000e+00 0.0000000000e+00
2.8167581186e-02 0.0000000000e+00 0.0000000000e+00
1.9993294030e-02 4.8949844204e-03 4.4620898552e-04
2.2167630494e-02 3.8486744743e-03 5.2658043569e-04
1.8319178373e-02 1.8895236775e-02 1.3743409654e-03
2.1706493571e-02 2.7815375943e-03 4.0928907692e-03
4.3068369268e-04 4.9705617130e-03 1.2803770369e-03
1.2943639886e-03 7.1922340430e-03 1.0753866518e-03
5.5186485406e-04 1.1199321598e-02 3.5177196842e-03
7.7773387602e-05 7.3324535042e-03 1.7048305599e-03
9.3927694252e-05 8.0295978114e-03 2.1294618491e-03
1.8138777232e-03 1.0148693807e-02 3.5116293002e-03
4.4145775028e-03 2.9179118574e-02 4.9668080173e-03
1.3991271844e-03 6.5180328675e-03 1.7231848324e-03
4.3691899627e-03 7.1456339210e-03 2.5385122281e-03
5.2206185646e-03 1.0829138570e-02 2.6503531262e-03
9.6604200080e-03 2.4950111285e-02 3.7861627061e-03
1.1794872582e-02 2.9454052448e-02 2.7508817147e-03
9.6291182563e-03 2.9076693580e-02 3.6953154486e-03
1.1666254140e-02 2.9646443203e-02 3.4225918353e-03
1.3191301376e-02 2.8514137492e-02 2.8569495771e-03
1.1571064591e-02 4.7067150474e-02 3.5388020333e-03
1.6481192783e-02 3.2607775182e-02 4.7433287837e-03
1.6481192783e-02 3.2607775182e-02 4.7433287837e-03
2.1024572849e-01 4.2350436561e-03 3.4475722350e-04
1.9215238094e-01 3.9300825447e-03 1.9640469691e-04
1.7622224987e-01 9.4666713849e-03 1.5512808750e-04
1.6656026244e-02 5.8004740626e-02 2.5813991670e-03
1.8362264335e-01 6.8081491627e-03 3.9894026122e-04
8.7756496514e-11 0.0000000000e+00 0.0000000000e+00
7.0157879506e-11 0.0000000000e+00 0.0000000000e+00
7.7282007183e-11 0.0000000000e+00 0.0000000000e+00
7.6073314315e-11 0.0000000000e+00 0.0000000000e+00
2.0162882475e-10 0.0000000000e+00 0.0000000000e+00
3.7629468985e-11 0.0000000000e+00 0.0000000000e+00
3.9989053735e-11 0.0000000000e+00 0.0000000000e+00
5.6927453862e-09 0.0000000000e+00 0.0000000000e+00
1.7803140295e-08 0.0000000000e+00 0.0000000000e+00
5.1088551991e-03 0.0000000000e+00 0.0000000000e+00
1.4189090791e-08 0.0000000000e+00 0.0000000000e+00
1.4189090791e-08 0.0000000000e+00 0.0000000000e+00
1.1228667773e-08 0.0000000000e+00 0.0000000000e+00
6.0704876681e-09 0.0000000000e+00 0.0000000000e+00
6.0704876681e-09 0.0000000000e+00 0.0000000000e+00
8.1895761284e-09 0.0000000000e+00 0.0000000000e+00
9.5367047592e-09 0.0000000000e+00 0.0000000000e+00
9.5367047592e-09 0.0000000000e+00 0.0000000000e+00
8.7493470247e-09 0.0000000000e+00 0.0000000000e+00
8.7493470247e-09 0.0000000000e+00 0.0000000000e+00
1.0793576699e-08 0.0000000000e+00 0.0000000000e+00
2.1937196948e-08 0.0000000000e+00 0.0000000000e+00
2.1937196948e-08 0.0000000000e+00 0.0000000000e+00
7.1139911739e-09 0.0000000000e+00 0.0000000000e+00
3.7727674318e-09 0.0000000000e+00 0.0000000000e+00
1.3975714808e-08 0.0000000000e+00 0.0000000000e+00
2.5208397592e-09 0.0000000000e+00 0.0000000000e+00
8.4984343118e-08 0.0000000000e+00 0.0000000000e+00
8.4984343118e-08 0.0000000000e+00 0.0000000000e+00
8.4984343118e-08 0.0000000000e+00 0.0000000000e+00
1.5452615187e-08 0.0000000000e+00 0.0000000000e+00
2.7659183388e-08 0.0000000000e+00 0.0000000000e+00
2.9598924201e-08 0.0000000000e+00 0.0000000000e+00
2.9598924201e-08 0.0000000000e+00 0.0000000000e+00
4.2959498181e-09 0.0000000000e+00 0.0000000000e+00
5.8262976665e-09 0.0000000000e+00 0.0000000000e+00
3.2701648056e-09 0.0000000000e+00 0.0000000000e+00
1.6396448643e-08 0.0000000000e+00 0.0000000000e+00
2.0339873154e-03 0.0000000000e+00 0.0000000000e+00
1.9374415388e-06 0.0000000000e+00 0.0000000000e+00
2.8772505000e-02 0.0000000000e+00 0.0000000000e+00
9.5851632068e-05 0.0000000000e+00 0.0000000000e+00
2.1982823964e-03 0.0000000000e+00 0.0000000000e+00
1.6899189825e-09 0.0000000000e+00 0.0000000000e+00
2.3457652424e-03 0.0000000000e+00 0.0000000000e+00
2.2836746648e-02 0.0000000000e+00 0.0000000000e+00
3.2789577381e-04 0.0000000000e+00 0.0000000000e+00
2.8737506364e-04 0.0000000000e+00 0.0000000000e+00
4.1564777493e-03 0.0000000000e+00 0.0000000000e+00
1.9349451177e-03 0.0000000000e+00 0.0000000000e+00
1.9349451177e-03 0.0000000000e+00 0.0000000000e+00
1.5868214890e-02 0.0000000000e+00 0.0000000000e+00
3.5282662138e-03 0.0000000000e+00 0.0000000000e+00
3.5282662138e-03 0.0000000000e+00 0.0000000000e+00
2.5611832738e-02 0.0000000000e+00 0.0000000000e+00
1.8645681441e-02 0.0000000000e+00 0.0000000000e+00
1.7149566212e-09 0.0000000000e+00 0.0000000000e+00
1.1361257712e-08 0.0000000000e+00 0.0000000000e+00
3.2315492504e-09 0.0000000000e+00 0.0000000000e+00
5.0679123120e-09 0.0000000000e+00 0.0000000000e+00
3.7527030372e-09 0.0000000000e+00 0.0000000000e+00
4.2365136399e-10 0.0000000000e+00 0.0000000000e+00
4.2365136399e-10 0.0000000000e+00 0.0000000000e+00
4.2361794628e-10 0.0000000000e+00 0.0000000000e+00
2.4092565720e-09 0.0000000000e+00 0.0000000000e+00
2.4092565720e-09 0.0000000000e+00 0.0000000000e+00
1.3238213956e-02 0.0000000000e+00 0.0000000000e+00
6.3407267444e-03 0.0000000000e+00 0.0000000000e+00
5.2192229778e-03 0.0000000000e+00 0.0000000000e+00
4.1828360409e-03 0.0000000000e+00 0.0000000000e+00
4.1828360409e-03 0.0000000000e+00 0.0000000000e+00
2.1022716537e-03 0.0000000000e+00 0.0000000000e+00
1.5172664076e-02 0.0000000000e+00 0.0000000000e+00
1.5172664076e-02 0.0000000000e+00 0.0000000000e+00
8.3457352594e-03 0.0000000000e+00 0.0000000000e+00
6.7004556768e-03 0.0000000000e+00 0.0000000000e+00
6.7103751935e-03 0.0000000000e+00 0.0000000000e+00
1.2193526141e-02 0.0000000000e+00 0.0000000000e+00
1.0589891113e-02 1.3958859490e-03 1.2191131711e-02
1.1662692763e-02 7.6047335751e-03 9.1692907736e-03
2.5770789307e-06 5.2014710382e-03 1.5874573961e-02
2.5759447908e-06 5.3304824978e-03 1.5965510160e-02
1.0176683776e-02 1.0065692477e-02 9.1492943466e-03
1.2864849530e-02 8.7669091299e-03 1.1508123018e-02
1.2864849530e-02 8.7669091299e-03 1.1508123018e-02
6.0492404737e-03 1.6005890211e-03 1.4100763947e-03
9.6126700555e-07 1.2820212447e-08 3.4983761609e-02
2.4595195428e-02 1.6125115465e-08 1.5907002613e-02
1.1572389631e-03 1.2872904772e-03 6.5209474415e-03
2.2756331930e-07 3.0378375668e-03 3.2098308206e-02
1.6920911605e-07 4.0279137902e-03 3.1743995845e-02
2.4517023936e-02 2.0178388804e-03 1.5883214073e-03
2.8843791711e-07 6.5745884785e-04 1.8137209117e-03
2.1256573746e-07 1.1240689782e-03 9.4961216673e-03
2.1256573746e-07 1.1240689782e-03 9.4961216673e-03
1.9073020496e-07 3.6916269455e-03 3.2998006791e-02
1.9089746672e-07 3.6185265053e-03 3.6736328155e-02
1.9380968297e-07 3.0481063295e-03 4.2458441108e-02
2.7603570629e-07 2.9496615753e-03 4.0802359581e-02
3.2652917525e-07 2.5951527059e-03 4.0632914752e-02
2.5226099417e-02 1.8297756324e-03 6.8991407752e-03
3.2802623195e-07 2.4285891559e-03 4.5255545527e-02
2.1901093423e-02 2.1280350629e-03 1.3079117052e-02
2.8452646461e-07 2.6654067915e-03 4.6807944775e-02
1.5676967280e-07 2.1270227153e-03 2.4476641789e-02
8.8305817769e-08 3.5941668320e-03 2.2681800649e-02
5.7975924506e-08 1.0070931166e-03 1.5011890791e-02
8.2450434036e-08 1.5388248721e-03 2.0703831688e-02
1.9639998072e-07 2.6749940589e-03 2.5047058240e-02
1.9639998072e-07 2.6749940589e-03 2.5047058240e-02
1.9639998072e-07 2.6749940589e-03 2.5047058240e-02
9.7330406845e-08 3.8460344076e-03 2.2306168452e-02
1.7791403195e-07 3.1358145643e-03 2.4145068601e-02
1.8781219069e-07 3.8976734504e-03 3.1404297799e-02
2.6552567078e-07 3.7624370307e-03 3.7880647928e-02
2.6925201269e-07 3.5520999227e-03 3.7786543369e-02
2.9507083354e-07 3.2965065911e-03 3.7040226161e-02
2.7940569680e-07 3.6575049162e-03 3.8527738303e-02
2.9904143162e-07 4.2605940253e-03 3.8056787103e-02
2.9904143162e-07 4.2605940253e-03 3.8056787103e-02
2.7951344350e-07 3.4942179918e-03 3.8722380996e-02
3.2790975979e-07 3.6747136619e-03 3.8539797068e-02
3.0699820286e-07 3.6636909936e-03 3.9285596460e-02
3.0036656540e-07 3.5114095081e-03 3.6413300782e-02
3.2429662156e-07 3.8791680709e-03 3.8583267480e-02
3.2626937241e-07 3.8350846153e-03 3.9643380791e-02
5.9306319599e-05 3.1159680802e-03 3.2949056476e-02
4.3566735258e-05 4.2185853235e-03 2.9903193936e-02
1.2419677805e-03 4.0394687094e-03 1.3466395438e-02
2.5791898952e-04 3.8451040164e-03 1.3367255218e-02
1.0249838233e-02 4.7617931850e-03 1.7750754952e-02
1.6895642504e-02 4.1082203388e-03 2.0273517817e-02
1.8661582842e-02 4.9766958691e-03 2.6450274512e-02
1.9856456667e-02 5.2465200424e-03 2.9584124684e-02
1.9856456667e-02 5.2465200424e-03 2.9584124684e-02
5.1747617545e-04 5.0867018290e-03 3.5312965512e-02
1.1886786669e-02 5.4486705922e-03 3.3917505294e-02
2.0406961441e-02 6.0822740197e-03 3.1486630440e-02
2.1149739623e-02 5.1635443233e-03 3.0697345734e-02
2.1562270820e-02 6.4312606119e-03 3.6477554590e-02
1.3372403919e-04 3.0001092236e-03 1.1662290432e-02
2.8882622719e-03 2.6242677122e-03 2.1896449849e-02
2.8882622719e-03 2.6242677122e-03 2.1896449849e-02
9.1364756227e-03 3.1755643431e-03 2.4558307603e-02
8.9541729540e-03 3.0266782269e-03 2.5645235553e-02
1.3436046429e-03 3.2530538738e-03 1.4932878315e-02
2.2924212681e-04 3.1103214715e-03 1.8991552293e-02
1.1977045797e-02 2.8121068608e-03 9.0775890276e-03
9.7604496405e-03 3.6023359280e-03 1.0197152384e-02
6.8919347541e-05 3.5743035842e-03 8.5631459951e-03
1.0379784508e-03 3.1226796564e-03 2.3830817372e-04
6.2980520306e-04 2.9996689409e-03 1.3787123607e-03
6.0349953128e-04 3.1444809865e-03 6.8531450815e-03
6.0197949642e-04 3.0347674619e-03 2.4842049461e-03
6.7366240546e-04 3.0686361715e-03 1.5128535451e-03
6.7115825368e-04 3.0728199054e-03 1.4379457571e-03
9.7356620245e-04 3.2242394518e-03 6.6556263482e-04
8.9371640934e-04 3.2446689438e-03 2.7319145738e-04
1.0876868619e-03 2.9159674887e-03 2.9112331686e-04
1.0494535090e-03 2.5131013244e-03 1.9968196284e-04
1.2904529460e-02 4.2174742557e-03 1.5675158647e-04
1.1269129027e-04 4.0241777897e-03 2.2324662132e-04
1.6793875257e-03 5.3981482051e-03 2.6525786961e-04
4.7994051129e-02 0.0000000000e+00 0.0000000000e+00
3.1586591154e-02 0.0000000000e+00 0.0000000000e+00
5.7574629784e-02 0.0000000000e+00 0.0000000000e+00
3.3563006669e-02 0.0000000000e+00 0.0000000000e+00
3.6740563369e-10 0.0000000000e+00 0.0000000000e+00
8.7668539095e-10 0.0000000000e+00 0.0000000000e+00
1.4484403899e-08 0.0000000000e+00 0.0000000000e+00
1.2599236332e-02 0.0000000000e+00 0.0000000000e+00
3.3207356930e-02 0.0000000000e+00 0.0000000000e+00
7.8098095953e-02 0.0000000000e+00 0.0000000000e+00
7.8098095953e-02 0.0000000000e+00 0.0000000000e+00
9.7380936648e-10 0.0000000000e+00 0.0000000000e+00
1.8102318255e-10 0.0000000000e+00 0.0000000000e+00
1.7303869448e-10 0.0000000000e+00 0.0000000000e+00
2.0335710893e-10 0.0000000000e+00 0.0000000000e+00
8.8560409006e-11 0.0000000000e+00 0.0000000000e+00
6.8605188197e-10 0.0000000000e+00 0.0000000000e+00
6.8605188197e-10 0.0000000000e+00 0.0000000000e+00
1.3186612913e-10 0.0000000000e+00 0.0000000000e+00
4.9330051988e-02 0.0000000000e+00 0.0000000000e+00
2.1497249603e-02 0.0000000000e+00 0.0000000000e+00
1.1601523496e-02 0.0000000000e+00 0.0000000000e+00
3.6825280637e-02 0.0000000000e+00 0.0000000000e+00
1.3064335100e-02 0.0000000000e+00 0.0000000000e+00
3.2312292606e-02 0.0000000000e+00 0.0000000000e+00
5.0205845386e-02 0.0000000000e+00 0.0000000000e+00
1.3094463386e-02 0.0000000000e+00 0.0000000000e+00
3.2261297107e-02 0.0000000000e+00 0.0000000000e+00
1.0733643174e-01 0.0000000000e+00 0.0000000000e+00
5.1004618406e-02 0.0000000000e+00 0.0000000000e+00
7.0795714855e-02 0.0000000000e+00 0.0000000000e+00
5.0825359921e-08 0.0000000000e+00 0.0000000000e+00
3.2382208854e-02 0.0000000000e+00 0.0000000000e+00
2.9373893514e-02 0.0000000000e+00 0.0000000000e+00
3.4515962005e-02 0.0000000000e+00 0.0000000000e+00
3.7162315100e-02 0.0000000000e+00 0.0000000000e+00
3.0177516863e-02 0.0000000000e+00 0.0000000000e+00
2.4632466957e-02 0.0000000000e+00 0.0000000000e+00
2.4632466957e-02 0.0000000000e+00 0.0000000000e+00
3.2131128013e-02 0.0000000000e+00 0.0000000000e+00
3.6886110902e-02 0.0000000000e+00 0.0000000000e+00
2.7211843058e-02 0.0000000000e+00 0.0000000000e+00
2.8044737875e-02 0.0000000000e+00 0.0000000000e+00
2.8044737875e-02 0.0000000000e+00 0.0000000000e+00
3.1386684626e-02 0.0000000000e+00 0.0000000000e+00
3.1807467341e-02 0.0000000000e+00 0.0000000000e+00
3.4952562302e-02 0.0000000000e+00 0.0000000000e+00
5.4633695632e-02 0.0000000000e+00 0.0000000000e+00
5.2725110203e-02 0.0000000000e+00 0.0000000000e+00
5.2725110203e-02 0.0000000000e+00 0.0000000000e+00
5.2725110203e-02 0.0000000000e+00 0.0000000000e+00
2.9857864976e-01 0.0000000000e+00 0.0000000000e+00
3.0798694491e-01 0.0000000000e+00 0.0000000000e+00
3.0150663853e-01 0.0000000000e+00 0.0000000000e+00
2.9359576106e-01 0.0000000000e+00 0.0000000000e+00
3.0204966664e-01 0.0000000000e+00 0.0000000000e+00
2.9249438643e-01 0.0000000000e+00 0.0000000000e+00
2.8782027960e-01 0.0000000000e+00 0.0000000000e+00
2.9202607274e-01 0.0000000000e+00 0.0000000000e+00
3.2034143806e-01 0.0000000000e+00 0.0000000000e+00
3.2034143806e-01 0.0000000000e+00 0.0000000000e+00
3.1774020195e-01 0.0000000000e+00 0.0000000000e+00
3.0600804090e-01 0.0000000000e+00 0.0000000000e+00
3.2067024708e-01 0.0000000000e+00 0.0000000000e+00
3.2014521956e-01 0.0000000000e+00 0.0000000000e+00
3.2044762373e-01 0.0000000000e+00 0.0000000000e+00
2.6127132773e-01 0.0000000000e+00 0.0000000000e+00
2.4979805946e-01 0.0000000000e+00 0.0000000000e+00
2.4979805946e-01 0.0000000000e+00 0.0000000000e+00
1.0571000725e-01 0.0000000000e+00 0.0000000000e+00
2.3911470175e-01 0.0000000000e+00 0.0000000000e+00
1.1302307248e-01 0.0000000000e+00 0.0000000000e+00
3.2849337906e-02 0.0000000000e+00 0.0000000000e+00
3.5492762923e-02 0.0000000000e+00 0.0000000000e+00
3.5492762923e-02 0.0000000000e+00 0.0000000000e+00
3.6724571139e-02 0.0000000000e+00 0.0000000000e+00
3.6724571139e-02 0.0000000000e+00 0.0000000000e+00
3.6724571139e-02 0.0000000000e+00 0.0000000000e+00
3.8237854838e-02 0.0000000000e+00 0.0000000000e+00
4.5435961336e-02 0.0000000000e+00 0.0000000000e+00
4.9792915583e-02 0.0000000000e+00 0.0000000000e+00
4.9792915583e-02 0.0000000000e+00 0.0000000000e+00
5.0792682916e-02 0.0000000000e+00 0.0000000000e+00
5.0792682916e-02 0.0000000000e+00 0.0000000000e+00
4.9796968699e-02 0.0000000000e+00 0.0000000000e+00
5.2469249815e-02 0.0000000000e+00 0.0000000000e+00
1.3402655721e-01 0.0000000000e+00 0.0000000000e+00
1.3402655721e-01 0.0000000000e+00 0.0000000000e+00
4.5026719570e-02 0.0000000000e+00 0.0000000000e+00
4.9083899707e-02 0.0000000000e+00 0.0000000000e+00
4.9083899707e-02 0.0000000000e+00 0.0000000000e+00
3.3012356609e-02 0.0000000000e+00 0.0000000000e+00
4.6783149242e-02 0.0000000000e+00 0.0000000000e+00
4.2136240751e-02 0.0000000000e+00 0.0000000000e+00
4.2136240751e-02 0.0000000000e+00 0.0000000000e+00
5.5247519165e-02 0.0000000000e+00 0.0000000000e+00
7.2872743011e-02 0.0000000000e+00 0.0000000000e+00
6.9390363991e-02 0.0000000000e+00 0.0000000000e+00
7.3058031499e-02 0.0000000000e+00 0.0000000000e+00
6.5421335399e-02 0.0000000000e+00 0.0000000000e+00
5.9979278594e-02 0.0000000000e+00 0.0000000000e+00
8.2413896918e-02 0.0000000000e+00 0.0000000000e+00
7.2884142399e-02 0.0000000000e+00 0.0000000000e+00
6.9916851819e-02 0.0000000000e+00 0.0000000000e+00
5.8915246278e-02 0.0000000000e+00 0.0000000000e+00
7.0698268712e-02 0.0000000000e+00 0.0000000000e+00
6.9479405880e-02 0.0000000000e+00 0.0000000000e+00
6.9479405880e-02 0.0000000000e+00 0.0000000000e+00
6.4648881555e-02 0.0000000000e+00 0.0000000000e+00
6.7065387964e-02 0.0000000000e+00 0.0000000000e+00
6.4468570054e-02 0.0000000000e+00 0.0000000000e+00
6.4468570054e-02 0.0000000000e+00 0.0000000000e+00
7.1948371828e-02 0.0000000000e+00 0.0000000000e+00
2.3378022015e-01 0.0000000000e+00 0.0000000000e+00
2.9225149751e-01 0.0000000000e+00 0.0000000000e+00
1.4355902374e-01 0.0000000000e+00 0.0000000000e+00
2.9843926430e-01 0.0000000000e+00 0.0000000000e+00
1.8055503070e-01 0.0000000000e+00 0.0000000000e+00
3.0105650425e-01 0.0000000000e+00 0.0000000000e+00
1.4298711717e-01 0.0000000000e+00 0.0000000000e+00
2.9689201713e-01 0.0000000000e+00 0.0000000000e+00
2.8981840611e-01 0.0000000000e+00 0.0000000000e+00
4.0437858552e-02 0.0000000000e+00 0.0000000000e+00
6.7559830844e-02 0.0000000000e+00 0.0000000000e+00
6.9131217897e-02 0.0000000000e+00 0.0000000000e+00
3.5347197205e-02 0.0000000000e+00 0.0000000000e+00
3.9784807712e-02 0.0000000000e+00 0.0000000000e+00
8.1696011126e-02 0.0000000000e+00 0.0000000000e+00
8.1696011126e-02 0.0000000000e+00 0.0000000000e+00
8.9794248343e-02 0.0000000000e+00 0.0000000000e+00
4.1984815150e-02 0.0000000000e+00 0.0000000000e+00
5.0662484020e-02 0.0000000000e+00 0.0000000000e+00
3.1390823424e-02 0.0000000000e+00 0.0000000000e+00
2.6147133112e-01 0.0000000000e+00 0.0000000000e+00
1.1206080765e-01 0.0000000000e+00 0.0000000000e+00
1.3820724189e-01 0.0000000000e+00 0.0000000000e+00
8.8768832386e-02 0.0000000000e+00 0.0000000000e+00
6.7533396184e-02 0.0000000000e+00 0.0000000000e+00
1.1909721047e-01 0.0000000000e+00 0.0000000000e+00
1.1749059707e-01 0.0000000000e+00 0.0000000000e+00
1.5787433088e-01 0.0000000000e+00 0.0000000000e+00
1.1867243797e-01 0.0000000000e+00 0.0000000000e+00
9.4559930265e-02 0.0000000000e+00 0.0000000000e+00
9.4559930265e-02 0.0000000000e+00 0.0000000000e+00
5.8107730001e-02 0.0000000000e+00 0.0000000000e+00
4.9353700131e-02 0.0000000000e+00 0.0000000000e+00
4.5466679148e-04 4.7972310334e-02 1.9390070811e-02
1.3664704284e-06 5.2167575806e-02 1.9080994651e-02
7.5813353062e-02 0.0000000000e+00 0.0000000000e+00
7.5813353062e-02 0.0000000000e+00 0.0000000000e+00
5.5505353957e-02 0.0000000000e+00 0.0000000000e+00
5.8068510145e-02 0.0000000000e+00 0.0000000000e+00
6.8261519074e-02 0.0000000000e+00 0.0000000000e+00
8.5879586637e-02 0.0000000000e+00 0.0000000000e+00
6.9809697568e-02 0.0000000000e+00 0.0000000000e+00
2.7639755979e-02 8.4446489811e-02 1.6795365140e-02
2.1985314786e-02 6.9527991116e-02 1.7702523619e-02
1.5636941418e-02 7.0863895118e-02 1.4139083214e-02
1.4006100595e-02 7.4954815209e-02 1.5983989462e-02
2.2498376667e-02 8.5059590638e-02 7.7765160240e-03
1.5416953713e-02 9.3036018312e-02 2.1154189482e-02
9.7088320181e-03 6.3422791660e-02 1.8433542922e-02
6.2107108533e-03 6.7258618772e-02 1.7236208543e-02
3.3242076170e-03 0.0000000000e+00 0.0000000000e+00
3.6262143403e-03 0.0000000000e+00 0.0000000000e+00
4.6391426586e-03 0.0000000000e+00 0.0000000000e+00
2.8912813868e-03 0.0000000000e+00 0.0000000000e+00
2.8912813868e-03 0.0000000000e+00 0.0000000000e+00
1.6640031338e-01 0.0000000000e+00 0.0000000000e+00
1.5708088875e-01 0.0000000000e+00 0.0000000000e+00
1.6009862721e-01 0.0000000000e+00 0.0000000000e+00
1.7188869417e-01 0.0000000000e+00 0.0000000000e+00
1.7188869417e-01 0.0000000000e+00 0.0000000000e+00
1.7412443459e-01 0.0000000000e+00 0.0000000000e+00
1.6632659733e-01 0.0000000000e+00 0.0000000000e+00
1.6380950809e-01 0.0000000000e+00 0.0000000000e+00
2.0289702713e-01 0.0000000000e+00 0.0000000000e+00
1.9051252306e-01 0.0000000000e+00 0.0000000000e+00
2.0256848633e-01 0.0000000000e+00 0.0000000000e+00
1.8813608587e-01 0.0000000000e+00 0.0000000000e+00
1.9086281955e-01 0.0000000000e+00 0.0000000000e+00
1.8455527723e-01 0.0000000000e+00 0.0000000000e+00
1.9205300510e-01 0.0000000000e+00 0.0000000000e+00
2.0916610956e-02 8.7405153317e-04 4.9338999816e-05
5.3274645470e-03 1.7915921053e-03 7.4656556535e-05
5.3274645470e-03 1.7915921053e-03 7.4656556535e-05
3.0978383496e-02 1.4950033510e-03 3.5630270645e-07
2.6874719188e-02 1.8109348603e-03 1.7721082379e-09
2.6874719188e-02 1.8109348603e-03 1.7721082379e-09
1.1480917550e-08 4.5747198164e-03 8.9705502614e-04
3.6753722288e-09 5.3047705442e-03 7.5311592082e-04
5.9421072507e-09 8.0592818558e-03 1.0207385058e-03
4.5878301158e-09 5.5695604533e-03 7.6514272951e-04
6.6619577410e-08 4.6417983249e-03 1.5421529533e-03
5.9330119984e-04 4.0120007470e-03 2.4633444264e-04
4.6597782784e-05 4.2658187449e-03 9.0735260164e-04
2.2190410220e-07 5.2110552788e-03 6.8711134372e-04
3.7243522238e-03 1.2170030968e-03 7.4386806227e-04
3.6454166352e-09 3.6872476339e-03 6.5069099264e-07
2.1094517244e-09 1.1250270763e-03 8.2316430053e-04
1.6702712102e-08 6.6499848617e-04 1.0767033091e-03
3.3024780688e-09 1.8960296875e-03 4.6594068408e-04
9.0192840435e-04 2.3782120552e-03 4.4471852016e-04
8.2970140502e-03 2.6012952439e-03 5.5157911265e-04
4.1831427370e-04 1.2397739338e-03 1.0960924328e-06
9.4827883004e-05 4.7985251877e-04 4.7552189790e-03
2.4207681193e-08 3.1042189221e-05 5.5586248636e-03
1.3213333716e-07 3.5352911800e-04 4.1834469885e-03
5.5707115365e-08 2.5051925331e-04 3.7497302983e-03
5.5719514336e-08 2.4025788298e-04 3.9363335818e-03
8.6254539156e-07 4.2338145431e-04 2.7572915424e-03
1.5856479295e-03 3.0111757223e-04 1.8848587060e-03
3.5889686551e-03 3.3964458271e-04 1.3513178565e-03
7.5483806431e-03 3.3091989462e-04 2.2862094920e-03
9.3916611513e-04 7.1261730045e-04 2.7176777367e-03
3.1818359275e-04 1.0338652646e-03 4.1138860397e-03
2.1179071337e-04 8.2850438775e-04 2.8759136330e-03
5.6633307821e-08 1.1203117901e-03 6.5968618728e-03
5.6633307821e-08 1.1203117901e-03 6.5968618728e-03
6.9818221964e-03 8.2797935465e-04 2.3752287962e-03
2.8348577325e-04 7.2154664667e-04 3.9624911733e-03
5.4047270678e-03 6.8023119820e-04 3.6374626216e-03
9.4703184441e-03 5.3925008979e-04 4.9614701420e-03
5.5468664505e-03 6.6596950637e-04 1.3886455446e-02
1.8479007995e-03 1.1733135907e-03 7.3467432521e-03
9.6957581118e-03 1.8913699314e-03 4.3362085707e-03
5.1636695862e-03 1.5184268123e-03 3.6662195344e-03
1.0776299983e-02 1.8518961733e-03 5.7703047059e-03
8.8632581756e-03 1.5771081671e-03 9.8903924227e-03
1.0007831268e-02 1.3344803592e-03 6.3705579378e-03
5.0548580475e-03 2.0701887552e-03 4.6002264135e-03
5.1850113086e-03 1.7056912184e-03 1.4137506485e-02
7.2959326208e-03 8.4969979071e-06 7.8494194895e-03
1.4077612199e-02 2.2582660895e-03 1.7979778349e-02
4.7046113759e-03 4.1043018427e-05 7.4207684956e-03
8.9618659160e-09 5.5276765488e-03 1.8592653796e-02
4.2424994717e-07 6.7460075952e-03 1.9670838490e-02
1.3174657454e-07 6.2553281896e-03 1.6383411363e-02
6.7807491869e-03 4.4402536005e-03 1.8120490015e-02
7.2225738279e-08 6.8415072747e-03 1.1403959244e-02
7.6060183346e-03 2.3066578433e-03 6.2138983048e-03
2.8293796349e-03 2.0813641604e-03 7.0293131284e-03
6.7726871930e-03 1.2185014784e-03 7.0372628979e-03
4.5414338820e-03 1.6225231811e-03 6.1377626844e-03
4.5414338820e-03 1.6225231811e-03 6.1377626844e-03
5.3780297749e-03 1.1311888229e-03 5.5787642486e-03
2.8163723182e-03 2.0350913983e-03 4.8372079618e-03
3.1582999509e-03 2.6114238426e-03 5.9386529028e-03
3.6384332925e-03 2.3266004864e-03 5.4114968516e-03
5.8628253363e-09 2.1226981189e-03 8.5876286030e-03
6.1528293571e-09 1.5081303427e-03 3.8836363703e-02
1.1051916715e-08 4.2355102487e-03 4.3070837855e-02
1.1380804743e-08 4.1691553779e-03 4.1012678295e-02
1.1756681850e-08 1.3271574862e-02 2.6270473376e-02
5.2966740327e-08 1.2824309058e-02 2.6972403750e-02
1.3543463240e-08 1.3515423052e-02 2.0247995853e-02
1.4193413556e-08 1.3292401098e-02 1.7271865159e-02
9.5192858041e-09 1.5078320168e-02 1.7252461985e-02
1.8082069175e-09 1.4222241007e-02 1.7621504143e-02
1.8225136955e-07 1.4647029340e-02 2.1528447047e-02
1.8225136955e-07 1.4647029340e-02 2.1528447047e-02
1.5815980703e-07 1.4743371867e-02 1.8821788952e-02
3.7089296967e-08 1.2428876944e-02 2.5611730292e-02
3.7089296967e-08 1.2428876944e-02 2.5611730292e-02
3.6908634371e-08 1.2053913437e-02 2.4197891355e-02
3.8640603606e-08 1.3463838957e-02 2.5377027690e-02
1.8126899981e-09 1.2304414995e-02 2.3839121684e-02
3.5308094226e-08 1.2084007263e-02 2.5577919558e-02
1.0428587416e-07 9.6918977797e-03 1.1564976536e-02
4.2318941240e-08 1.2011797167e-02 8.1282593310e-03
3.5196590087e-09 9.1488696635e-03 8.4867095575e-03
3.8462147245e-08 9.3040997162e-03 1.5311059542e-02
1.8604721319e-08 1.1158092879e-02 1.4610917307e-02
3.3755835460e-08 1.5488282777e-02 8.6466810899e-05
2.7142219139e-08 1.2256401591e-02 1.7281936482e-02
7.1875454921e-08 1.2147807516e-02 1.2109511532e-02
1.7295322507e-08 9.4965156168e-03 1.3150915504e-02
1.9595191247e-08 8.6390292272e-03 4.1197221726e-02
1.6279122050e-08 3.7812192459e-03 3.6286860704e-02
1.7021073440e-09 8.0702891573e-03 2.3065114394e-02
1.2929041870e-02 1.1716401204e-03 1.4075655490e-02
1.0163947906e-08 1.9452137873e-02 3.3833179623e-02
4.2209303938e-03 3.5132747144e-03 1.6285412014e-02
1.6847486961e-08 1.2536086142e-02 3.4277092665e-02
2.1004840089e-09 7.7964491211e-03 1.9099827856e-02
3.7921417505e-02 3.3154895063e-03 1.6599960625e-02
1.4242884703e-02 1.7152737128e-03 2.9985606670e-03
1.4861457981e-02 2.3660080042e-03 3.0624838546e-03
1.4854047447e-02 2.3145398591e-03 3.0433386564e-03
4.8100650311e-02 4.8710191622e-03 2.9433351010e-03
2.3790523410e-02 2.7660301421e-03 3.0515147373e-03
2.9029862955e-02 5.3001195192e-03 3.0197559390e-03
3.4735295922e-02 9.9418517202e-03 2.8659533709e-03
3.4735295922e-02 9.9418517202e-03 2.8659533709e-03
3.4735295922e-02 9.9418517202e-03 2.8659533709e-03
1.5081780963e-02 4.8573948443e-03 3.0679989140e-03
2.1338621154e-02 5.4171793163e-03 3.0461244751e-03
2.3538425565e-02 4.5295981690e-03 3.0726529658e-03
2.3538425565e-02 4.5295981690e-03 3.0726529658e-03
2.4620130658e-02 6.0703405179e-03 3.0732231680e-03
1.8932133913e-02 6.5161604434e-03 3.0731316656e-03
1.7289901152e-02 3.6268990953e-03 3.0757889617e-03
1.7289901152e-02 3.6268990953e-03 3.0757889617e-03
5.6224774569e-02 1.3125146739e-02 4.4313040562e-03
5.6224774569e-02 1.3125146739e-02 4.4313040562e-03
5.5895570666e-02 1.2947596610e-02 2.7203375939e-03
5.8495607227e-02 1.0479335673e-02 2.9585380107e-03
2.3281380534e-02 3.2809369732e-03 2.9248204082e-03
1.8902862445e-02 5.1273461431e-03 2.5957711041e-03
5.9333141893e-02 9.4591826200e-03 2.7243655641e-03
2.7079006657e-02 4.2429952882e-03 3.0834961217e-03
4.9330461770e-02 1.0905076750e-02 6.5129394643e-03
9.4494323477e-10 7.5897783041e-02 2.3505659774e-03
4.6594028635e-10 5.4147511721e-02 2.3072639015e-03
2.8245277703e-02 3.5993028432e-03 4.1864681989e-03
5.9268023822e-10 6.8352706730e-02 2.6397479232e-03
4.7020298766e-10 7.9045094550e-02 1.6788188368e-03
1.1042846637e-09 4.3372485787e-02 3.1905453652e-03
6.0706489835e-10 5.0922121853e-02 3.2037177589e-03
1.6444331452e-09 7.1666799486e-02 1.3639127137e-03
4.6343054622e-02 7.4985027313e-03 1.6921791248e-03
4.0690531023e-03 1.0666906834e-02 1.3318816200e-03
4.0690531023e-03 1.0666906834e-02 1.3318816200e-03
1.4616832137e-02 4.6601803042e-03 1.9803992473e-03
6.3157523655e-10 6.6615074873e-02 1.5192102874e-03
5.3375456482e-03 7.1460767649e-03 2.1674691234e-03
1.3668288477e-02 4.5373503119e-02 1.2095504440e-02
1.4330522157e-02 4.2534112930e-02 1.1548413895e-02
1.4330522157e-02 4.2534112930e-02 1.1548413895e-02
1.4633453451e-02 4.5553732663e-02 1.2406729162e-02
1.3471270911e-02 4.1723687202e-02 1.1545650661e-02
1.5743207186e-02 4.5511201024e-02 1.2351109646e-02
1.6150228679e-02 4.9124497920e-02 1.0927521624e-02
3.5526696593e-02 5.2526544780e-02 7.6570268720e-03
1.5313484706e-02 4.7099847347e-02 1.1254593730e-02
1.6876876354e-02 4.8021465540e-02 1.2342438102e-02
1.4534902759e-02 5.0289180130e-02 1.2197293341e-02
6.1840899289e-03 9.4717158936e-04 4.2411569506e-02
4.9375109375e-03 1.6986866249e-03 3.5583540797e-02
5.9059862979e-03 1.8124366179e-03 3.8502182811e-02
5.7097282261e-03 2.4806710426e-03 3.7573821843e-02
4.1442569345e-03 2.1186869126e-03 9.5214722678e-03
6.9398563355e-03 2.5273470674e-03 3.0799582601e-02
6.6959690303e-03 2.9800490011e-03 2.5291709229e-02
1.3688318431e-03 1.8214409938e-03 9.8513986450e-04
1.2691513635e-02 3.5747703165e-02 1.8960203975e-02
6.2679965049e-03 1.8868844956e-02 3.4305237234e-02
6.7406580783e-03 1.8972057849e-02 3.4013103694e-02
7.4275541119e-03 2.4656480178e-02 2.9643215239e-02
2.4885812309e-03 3.4698380623e-03 4.2411927134e-02
1.9418890588e-03 2.7453864459e-03 2.9031446204e-02
1.6653634375e-03 2.6241161395e-03 1.4489459572e-03
1.0846566875e-03 2.6227617636e-03 1.7342315987e-03
1.2234430760e-02 5.0822135061e-02 1.4043569565e-02
1.2248463929e-02 5.0330355763e-02 1.2581179850e-02
1.1750382371e-02 4.8738736659e-02 1.2250106782e-02
1.1648225598e-02 4.8282969743e-02 1.2445489876e-02
1.1648225598e-02 4.8282969743e-02 1.2445489876e-02
1.2001562864e-02 4.9538791180e-02 1.2330390513e-02
1.2395062484e-02 4.9729499966e-02 1.2348499149e-02
1.1697388254e-02 4.9225959927e-02 1.3100638986e-02
3.3344181720e-03 9.4868959859e-03 2.1880457643e-03
3.3344181720e-03 9.4868959859e-03 2.1880457643e-03
8.5815759376e-03 4.1797786951e-02 1.4428067021e-02
8.5815759376e-03 4.1797786951e-02 1.4428067021e-02
3.1257856172e-03 1.5201362781e-02 4.8990448704e-04
1.6536432668e-06 3.1906894874e-03 2.0226754714e-03
2.7949040304e-10 8.4271850064e-03 5.3343473701e-04
2.7927857249e-10 9.0451147407e-03 5.9922353103e-05
2.7924176860e-10 8.2960473374e-03 5.5157789029e-04
2.7998309227e-10 4.6480894089e-03 3.6961701699e-04
2.1649208815e-10 5.0781667233e-03 3.3074039966e-02
3.2699176700e-10 7.0876982063e-03 5.3508225828e-03
2.8255434104e-10 4.4163083658e-03 6.6442848183e-03
3.1070182538e-10 7.5490754098e-03 5.5748247541e-03
5.7638210871e-10 3.3403851558e-03 4.1018030606e-03
2.3288462825e-10 5.2324254066e-03 5.4858890362e-03
3.8428158433e-09 4.5648021623e-03 1.9464093202e-04
3.5367575535e-10 3.7081360351e-03 1.1065901257e-02
3.7094294303e-10 5.4798107594e-03 8.7064714171e-04
7.3790623611e-10 7.8569957986e-03 1.5477453126e-03
3.2749072898e-10 7.0192175917e-03 2.8579419013e-03
2.1666858811e-03 1.4605314471e-02 1.4714703895e-02
1.7541036401e-09 4.1978461668e-03 7.7856425196e-03
1.3416264544e-08 4.6378164552e-03 8.9551247656e-03
4.4041326142e-10 8.9348023757e-03 1.4991500648e-03
4.4041326142e-10 8.9348023757e-03 1.4991500648e-03
4.4040490699e-10 4.9838856794e-03 7.1409218945e-03
2.7340066322e-10 7.1036391892e-03 2.4034914095e-03
1.3463605683e-05 6.5928362310e-03 1.9694622606e-03
5.3733806293e-10 8.0665266141e-03 1.6677876934e-02
6.0905027203e-04 1.2965173461e-02 1.5480305068e-02
1.3807192889e-10 1.1004901491e-02 1.6267662868e-02
1.3807192889e-10 1.1004901491e-02 1.6267662868e-02
1.4577504481e-10 7.0047215559e-03 6.8938503973e-03
1.4693614381e-10 9.5237074420e-03 6.2411264516e-03
2.1932571037e-10 8.8195502758e-03 6.2281019054e-03
1.6329261554e-10 5.7454146445e-03 1.1720919283e-03
1.6190532248e-10 6.1349589378e-03 4.4659436680e-03
2.5482780766e-03 2.9888814315e-02 1.4491621405e-02
8.7101520441e-11 1.5962945297e-02 7.9215941951e-03
8.7101520441e-11 1.5962945297e-02 7.9215941951e-03
4.3317740783e-03 3.0533699319e-02 1.2034972198e-02
2.4063417222e-03 3.7252660841e-02 2.1025573835e-02
2.5017234506e-08 1.7504191026e-02 7.3242071085e-03
7.5994967483e-03 4.0380563587e-02 1.7190393060e-02
5.7222344913e-03 3.8497842848e-02 1.8465893343e-02
4.4064890403e-08 1.9947538152e-02 5.5841370486e-03
2.0518776012e-08 2.1880032495e-02 7.5449026190e-03
2.0518776012e-08 2.1880032495e-02 7.5449026190e-03
2.1088297331e-08 2.0351141691e-02 4.5838034712e-03
1.4387823377e-08 2.3470172659e-02 1.2671332806e-02
1.5995494929e-09 1.8332669511e-02 9.7813252360e-03
1.3718367553e-09 1.8837174401e-02 1.0305355303e-02
2.0567629821e-09 1.7747562379e-02 1.0268511251e-02
1.9494281744e-08 1.8949875608e-02 1.0431069881e-02
2.6729252145e-09 1.2884388678e-02 1.1256902479e-02
2.2424990753e-09 5.2435286343e-03 1.1182769202e-02
2.0937198641e-09 7.0348917507e-03 1.0790578090e-02
2.3646320457e-09 1.4341938309e-02 9.6196085215e-03
3.7375172401e-10 1.5118569136e-02 1.0775064118e-02
7.2988655120e-09 2.0012183115e-02 9.7886314616e-03
3.3576392777e-09 1.9738784060e-02 1.0661278851e-02
3.6637135548e-09 2.0192572847e-02 1.1257041246e-02
2.6803898436e-05 1.8870925531e-02 1.2702194043e-02
4.2721598703e-08 1.6814291477e-02 1.4028299600e-02
8.4042781964e-04 1.7703479156e-02 1.0243265890e-02
6.9938538294e-10 1.9690627232e-02 2.9444796965e-03
8.1590956214e-10 2.1351547912e-02 2.4332627654e-03
4.4948619826e-10 3.1051868573e-02 9.1395517811e-03
2.2399809785e-10 3.0804142356e-02 9.2317964882e-03
2.2399809785e-10 3.0804142356e-02 9.2317964882e-03
1.2202174382e-08 3.0759699643e-02 1.0475198738e-02
1.2119873281e-04 2.8566317633e-02 1.6146024689e-02
8.9241286583e-10 3.7835236639e-02 2.7728563873e-04
4.9495324506e-10 3.5688236356e-02 2.9279754381e-04
1.3224014939e-10 3.6070261151e-02 2.1741857927e-04
1.2101138980e-09 1.9582752138e-02 2.1906408947e-03
5.0693077513e-10 1.8561204895e-02 2.8371426743e-04
3.8579268669e-09 3.2145049423e-02 1.7995561939e-04
6.1275429175e-10 4.0783632547e-02 7.7145727306e-11
6.0837064553e-11 3.6572013050e-02 1.5618964972e-04
1.1684157808e-10 3.8374941796e-02 3.7248185254e-04
2.4714466029e-09 3.5720188171e-02 2.3772909481e-04
8.2095219511e-10 3.8344226778e-02 5.5132306443e-05
8.1395340468e-10 4.0250021964e-02 1.0451278731e-10
3.2728093569e-09 2.5324231014e-02 1.1009178985e-10
7.7226031125e-11 3.7839185447e-02 9.2722191036e-10
7.2932743178e-10 3.8714375347e-02 2.9670790269e-09
4.1318544142e-09 3.5332355648e-02 9.0085633397e-11
7.8763431333e-09 4.6948287636e-02 1.8138717860e-02
8.2461854012e-10 4.9309987575e-02 1.3509776443e-02
4.1564302222e-08 4.2859371752e-02 2.2771855583e-06
1.1873966255e-09 3.4057732671e-02 2.9852227357e-09
3.5974490942e-08 4.5883495361e-02 7.9338251247e-11
3.7851810575e-10 3.9055507630e-02 4.2964212743e-10
2.4326449188e-10 5.0788681954e-02 2.4664487119e-10
3.5964677902e-09 4.6226073056e-02 6.8219631333e-11
4.1405576190e-10 4.5986071229e-02 3.1214039686e-10
1.3099364926e-09 4.4055804610e-02 2.5353727451e-10
3.5157607381e-10 3.4214183688e-02 2.7254715151e-10
8.8920626418e-10 7.5099073350e-02 7.3314748716e-10
2.8334898317e-10 6.0751076788e-02 5.8329496533e-03
1.2784906467e-08 7.8981615603e-02 2.2198453564e-07
1.0345257095e-08 5.0127755851e-02 1.6286518658e-03
2.6050289703e-10 6.4610071480e-02 1.0958367493e-03
4.1594305777e-10 5.8364659548e-02 2.1717322525e-03
6.7196320730e-10 9.5855884254e-02 1.9341463223e-02
7.4735151401e-10 7.9757571220e-02 1.4763469808e-02
7.4735151401e-10 7.9757571220e-02 1.4763469808e-02
2.1099085146e-08 9.8234452307e-02 1.3502999209e-02
9.3282703784e-10 8.9082799852e-02 1.9074074924e-02
1.7801610186e-09 7.7325113118e-02 1.7203643918e-02
1.4253295433e-08 8.1969998777e-02 1.7170934007e-02
1.6389433144e-09 7.1106187999e-02 2.7068719268e-02
1.6389433144e-09 7.1106187999e-02 2.7068719268e-02
1.3053345901e-04 7.7447019517e-02 2.0158549771e-02
8.7625434686e-10 7.6181180775e-02 1.1618256569e-02
6.7080430100e-10 7.3985062540e-02 1.2293349952e-02
4.5165407525e-10 4.3360292912e-02 2.2810781375e-02
5.2911985904e-09 4.5532733202e-02 3.3190928400e-02
1.0579296328e-09 6.1824928969e-02 3.3039752394e-02
3.0441213994e-09 5.2366156131e-02 2.7616448700e-02
4.6354822203e-09 4.4589001685e-02 2.0714508370e-02
1.9343038730e-05 3.8912873715e-02 1.6314102337e-02
9.0797618313e-09 4.2410477996e-02 3.6627594382e-02
4.5331729481e-09 4.3367173523e-02 3.3848773688e-02
1.5713556678e-08 4.3239485472e-02 3.0239878222e-02
2.3050207076e-08 5.4945360869e-02 7.2027151473e-03
4.8291726173e-10 9.4200443002e-09 2.6409372687e-02
5.3391390247e-04 4.1422867216e-03 1.4866647543e-03
4.5358166112e-09 9.3928324059e-03 5.1275960868e-04
3.4622373641e-04 6.7222355865e-03 1.1982986325e-04
5.9784017503e-04 8.8404121925e-06 1.6381261230e-04
5.9784017503e-04 8.8404121925e-06 1.6381261230e-04
1.2775957181e-08 4.1406380547e-08 4.6707545407e-03
2.0069644961e-04 9.4888741150e-03 1.1814740719e-03
6.1600324841e-09 1.0193708586e-03 1.5321203682e-04
6.1600324841e-09 1.0193708586e-03 1.5321203682e-04
2.9249954969e-04 2.4868079345e-04 1.4366889372e-03
3.5342117189e-04 6.1597018503e-03 1.9533969462e-03
4.2447734216e-08 1.5914680436e-02 3.1846787315e-03
3.0164062628e-04 1.3326219283e-02 1.9485079683e-03
3.0164062628e-04 1.3326219283e-02 1.9485079683e-03
3.0164062628e-04 1.3326219283e-02 1.9485079683e-03
6.5091165015e-04 1.6565147962e-04 1.1253004195e-03
6.5091165015e-04 1.6565147962e-04 1.1253004195e-03
1.9306541653e-03 3.7769644987e-03 7.6505816542e-03
8.6826994084e-04 2.7211569250e-02 3.3193707932e-03
4.7480347566e-03 1.2288962491e-02 5.7637221180e-03
1.4786692336e-03 3.3394775819e-03 4.5882421546e-03
6.8487360841e-04 1.4336217428e-03 2.0691535901e-03
1.9793955144e-03 9.8822079599e-03 5.2021560259e-03
6.9659366272e-04 1.1971745640e-02 4.5602116734e-03
1.0214082431e-03 1.2824670412e-02 5.4986015894e-03
6.1532761902e-04 2.0545201376e-02 4.5880572870e-03
7.3158420855e-04 1.6062617302e-02 5.3489692509e-03
7.8819441842e-04 1.3727107085e-02 3.1771680806e-03
7.2006881237e-04 9.0377135202e-03 3.5761569161e-03
1.3308002381e-03 1.3434517197e-02 1.0580502696e-08
1.9008858129e-02 7.8659895808e-03 7.4026496044e-09
1.1661348399e-03 2.2204549983e-02 9.4801331230e-09
6.5750279464e-04 3.6787495483e-03 6.7451875657e-03
6.5750279464e-04 3.6787495483e-03 6.7451875657e-03
4.3664660188e-04 4.5516458340e-03 5.6537687778e-03
9.3688117340e-04 8.9874328114e-04 6.5698488615e-03
9.3688117340e-04 8.9874328114e-04 6.5698488615e-03
9.3875452876e-03 2.5924123824e-02 7.5254051879e-09
5.4686976364e-04 2.1762175020e-03 8.3148367703e-03
1.1186466552e-02 2.5834076107e-02 6.4350679452e-08
7.2250883095e-03 1.9109675661e-02 2.2260367771e-08
4.9703731202e-04 1.2283019722e-02 6.2871705741e-03
6.5917003667e-04 8.3549721166e-03 2.6413782034e-03
5.7009526063e-04 3.1578931957e-03 5.2276798524e-03
5.1475223154e-04 1.1736705899e-02 4.1576134972e-03
6.4569275128e-04 4.4608763419e-03 6.5145301633e-03
7.0675648749e-04 8.1412959844e-03 4.7001386993e-03
6.8878597813e-04 7.5902272947e-03 4.2239115573e-03
1.1034472845e-03 9.6550974995e-03 5.5480808951e-03
1.5509527875e-03 2.8529152274e-02 3.9733194512e-08
1.7066512955e-03 2.7135008946e-02 3.4768354862e-09
4.9268180737e-04 3.1231041066e-04 6.4559988678e-03
5.1314738812e-04 3.1978155021e-03 5.5783465505e-03
4.3909958913e-04 1.7556807026e-02 2.0364848897e-03
1.6717216931e-03 2.0302586257e-02 1.8517287681e-03
1.5181782655e-03 2.3996576667e-02 2.0279965829e-03
1.5181782655e-03 2.3996576667e-02 2.0279965829e-03
2.3825885728e-03 2.4543510750e-02 2.1751227323e-03
2.3407144472e-03 2.4121711031e-02 4.4086198322e-03
1.1140253628e-03 2.2299746051e-02 1.8875807291e-03
3.1580252107e-03 3.0651330948e-02 7.4347004109e-09
3.8063966203e-03 3.0115021393e-02 2.6966702205e-09
2.6756816078e-03 5.1875472069e-02 3.5678294953e-03
2.5271042250e-03 5.1717255265e-02 5.0530694425e-03
2.1393417846e-03 5.0033390522e-02 4.6372567303e-03
1.9090307178e-03 6.8684868515e-02 2.1400321275e-03
1.8045759061e-03 6.6371589899e-02 2.2371704690e-03
2.0368583500e-03 6.7714840174e-02 3.1307206955e-03
2.6150550693e-03 6.3383601606e-02 4.8792464659e-03
2.6150550693e-03 6.3383601606e-02 4.8792464659e-03
3.7616684567e-03 7.7741563320e-02 5.1609310322e-03
2.7347973082e-03 4.3135773391e-02 1.8360562390e-03
4.3566552922e-03 4.4968318194e-02 2.6497647632e-03
5.0333817489e-03 7.4526302516e-02 7.5009651482e-03
3.0499268323e-03 7.7939026058e-02 5.7109743357e-03
2.7351758908e-03 7.1977756917e-02 6.4264275134e-03
2.6779677719e-03 7.1839876473e-02 4.4953436591e-03
2.2311916109e-03 6.6290400922e-02 3.6040805280e-03
5.1565230824e-03 9.0782620013e-02 9.0377154649e-09
5.1565230824e-03 9.0782620013e-02 9.0377154649e-09
1.7374920426e-03 9.2424757779e-02 7.8188749030e-03
1.4843470417e-03 5.4429780692e-02 6.1017461121e-03
1.3486561365e-03 5.3797814995e-02 5.4646967910e-03
1.0913668666e-03 5.7909015566e-02 4.5561562292e-03
1.4049140736e-03 5.8162931353e-02 6.2116454355e-03
1.6180137172e-03 5.1798839122e-02 6.0338955373e-03
1.1518301908e-03 4.7891009599e-02 2.3860200308e-03
1.1420500232e-03 4.6411808580e-02 3.4899467137e-03
1.0872936109e-03 4.7056868672e-02 2.3521424737e-03
1.1698468588e-03 4.7987606376e-02 1.3966175029e-03
1.1698468588e-03 4.7987606376e-02 1.3966175029e-03
8.4898550995e-04 4.5055028051e-02 9.4909657491e-04
8.1087416038e-04 4.6196971089e-02 1.2248541461e-03
1.3254898367e-03 3.9056655020e-02 4.9783978611e-03
9.2038413277e-04 3.8035109639e-02 4.9814521335e-03
8.6700893007e-04 3.8786921650e-02 4.7388547100e-03
8.6879142327e-04 3.8554936647e-02 5.3598354571e-03
7.3953944957e-04 3.4163914621e-02 3.4344166052e-03
8.5272855358e-04 3.0034482479e-02 3.2348067034e-03
1.0960224317e-03 4.8362236470e-02 2.4907086045e-03
1.0905518429e-03 4.8392508179e-02 2.4504628964e-03
1.1004046537e-03 4.8566054553e-02 2.8906601947e-03
5.8824184816e-04 4.2346358299e-02 2.9445725959e-03
6.4730696613e-04 3.8253016770e-02 3.6569072399e-03
1.0448415997e-03 4.0698122233e-02 2.2110722493e-03
1.0448415997e-03 4.0698122233e-02 2.2110722493e-03
1.0078627383e-03 4.1753455997e-02 2.3399437778e-03
9.1006263392e-04 4.2535319924e-02 2.4114476983e-03
9.1006263392e-04 4.2535319924e-02 2.4114476983e-03
1.0214522481e-03 4.3575797230e-02 2.3383605294e-03
6.1325589195e-04 4.7657247633e-02 3.0091693625e-03
7.2574429214e-04 4.5196656138e-02 3.3815635834e-03
3.5409280099e-04 2.6386678219e-02 4.1444841772e-03
4.7102951794e-04 2.8737785295e-02 4.2797345668e-03
6.9491023896e-04 3.0286258087e-02 3.9421510883e-03
9.7442924744e-04 3.5358607769e-02 1.3151214225e-03
1.0705321329e-03 3.6902185529e-02 1.6764033353e-03
1.5564336209e-03 4.7241423279e-02 7.0081702434e-03
1.6921092756e-03 4.9836143851e-02 2.2937355563e-02
2.5998372585e-03 4.9916997552e-02 2.0773457363e-02
2.2582132369e-03 5.0236884505e-02 1.8694177270e-02
2.7466991451e-03 5.3125742823e-02 2.1890109405e-02
2.6040982921e-03 5.3339947015e-02 1.7721507698e-02
1.2413881486e-03 4.7193888575e-02 1.2194789015e-02
1.4908257872e-03 5.0732295960e-02 1.3676161878e-02
8.6462247418e-04 3.8851726800e-02 9.3132229522e-03
6.8303401349e-04 3.6275241524e-02 9.7330277786e-03
4.9590232084e-04 3.4196835011e-02 8.4409397095e-03
6.4889196074e-04 3.3196981996e-02 8.4348069504e-03
6.5384729533e-04 3.4052107483e-02 8.3389682695e-03
5.7606038172e-04 3.2409459352e-02 9.4728646800e-03
5.3379632300e-04 3.3888962120e-02 8.9755346999e-03
5.1881006220e-04 3.5141319036e-02 9.5674525946e-03
1.1401684023e-03 3.3466298133e-02 1.1376247741e-02
6.6604944877e-03 3.8687251508e-02 1.4169503935e-02
6.6604944877e-03 3.8687251508e-02 1.4169503935e-02
2.1791575477e-02 0.0000000000e+00 0.0000000000e+00
2.1890997887e-02 0.0000000000e+00 0.0000000000e+00
2.1772788838e-02 0.0000000000e+00 0.0000000000e+00
2.2021008655e-02 0.0000000000e+00 0.0000000000e+00
2.0979167894e-02 0.0000000000e+00 0.0000000000e+00
2.2008424625e-02 0.0000000000e+00 0.0000000000e+00
2.3621106520e-02 0.0000000000e+00 0.0000000000e+00
2.3621106520e-02 0.0000000000e+00 0.0000000000e+00
2.1320508793e-02 0.0000000000e+00 0.0000000000e+00
1.6741169617e-02 0.0000000000e+00 0.0000000000e+00
1.8091298640e-02 0.0000000000e+00 0.0000000000e+00
1.9466208294e-02 0.0000000000e+00 0.0000000000e+00
2.3949518800e-02 0.0000000000e+00 0.0000000000e+00
2.8276242316e-02 0.0000000000e+00 0.0000000000e+00
2.8276242316e-02 0.0000000000e+00 0.0000000000e+00
2.3724554107e-02 0.0000000000e+00 0.0000000000e+00
3.8763560355e-02 0.0000000000e+00 0.0000000000e+00
3.8743879646e-02 0.0000000000e+00 0.0000000000e+00
3.4940149635e-02 0.0000000000e+00 0.0000000000e+00
3.4940149635e-02 0.0000000000e+00 0.0000000000e+00
3.4940149635e-02 0.0000000000e+00 0.0000000000e+00
3.4940149635e-02 0.0000000000e+00 0.0000000000e+00
3.4209836274e-02 0.0000000000e+00 0.0000000000e+00
3.4451935440e-02 0.0000000000e+00 0.0000000000e+00
3.4451935440e-02 0.0000000000e+00 0.0000000000e+00
3.4651532769e-02 0.0000000000e+00 0.0000000000e+00
1.3575673103e-02 0.0000000000e+00 0.0000000000e+00
1.0612081736e-02 0.0000000000e+00 0.0000000000e+00
1.0409221053e-02 0.0000000000e+00 0.0000000000e+00
1.0409221053e-02 0.0000000000e+00 0.0000000000e+00
1.3773909770e-02 0.0000000000e+00 0.0000000000e+00
1.1601937003e-02 0.0000000000e+00 0.0000000000e+00
1.1601937003e-02 0.0000000000e+00 0.0000000000e+00
1.8512427807e-02 0.0000000000e+00 0.0000000000e+00
1.4199941419e-02 0.0000000000e+00 0.0000000000e+00
2.3913899437e-02 0.0000000000e+00 0.0000000000e+00
5.2252691239e-03 0.0000000000e+00 0.0000000000e+00
2.3618569598e-02 0.0000000000e+00 0.0000000000e+00
2.1275317296e-02 0.0000000000e+00 0.0000000000e+00
2.1275317296e-02 0.0000000000e+00 0.0000000000e+00
4.3717250228e-02 0.0000000000e+00 0.0000000000e+00
2.4140542373e-02 0.0000000000e+00 0.0000000000e+00
2.4140542373e-02 0.0000000000e+00 0.0000000000e+00
7.3154903948e-02 0.0000000000e+00 0.0000000000e+00
3.0227385461e-02 0.0000000000e+00 0.0000000000e+00
2.6889340952e-02 0.0000000000e+00 0.0000000000e+00
2.1837636828e-02 0.0000000000e+00 0.0000000000e+00
1.5997027978e-02 0.0000000000e+00 0.0000000000e+00
2.1945506334e-02 0.0000000000e+00 0.0000000000e+00
1.4438387938e-02 0.0000000000e+00 0.0000000000e+00
1.2468329631e-02 0.0000000000e+00 0.0000000000e+00
1.6704017296e-02 0.0000000000e+00 0.0000000000e+00
1.4614339918e-02 0.0000000000e+00 0.0000000000e+00
1.4849928208e-02 0.0000000000e+00 0.0000000000e+00
1.9944535568e-02 0.0000000000e+00 0.0000000000e+00
2.1836576983e-02 0.0000000000e+00 0.0000000000e+00
2.1362230182e-02 0.0000000000e+00 0.0000000000e+00
2.0872725174e-02 0.0000000000e+00 0.0000000000e+00
2.1101167426e-02 0.0000000000e+00 0.0000000000e+00
2.1101167426e-02 0.0000000000e+00 0.0000000000e+00
1.4818488620e-02 0.0000000000e+00 0.0000000000e+00
1.4341477305e-02 0.0000000000e+00 0.0000000000e+00
1.3712070882e-02 0.0000000000e+00 0.0000000000e+00
1.3858630322e-02 0.0000000000e+00 0.0000000000e+00
1.5531058423e-02 0.0000000000e+00 0.0000000000e+00
1.0908742435e-02 0.0000000000e+00 0.0000000000e+00
1.3523980044e-02 0.0000000000e+00 0.0000000000e+00
1.2999977916e-02 0.0000000000e+00 0.0000000000e+00
1.1353584938e-02 0.0000000000e+00 0.0000000000e+00
1.2563304044e-02 0.0000000000e+00 0.0000000000e+00
2.2555170581e-02 0.0000000000e+00 0.0000000000e+00
1.5452678315e-02 0.0000000000e+00 0.0000000000e+00
1.7567167059e-02 0.0000000000e+00 0.0000000000e+00
1.7567167059e-02 0.0000000000e+00 0.0000000000e+00
1.7567167059e-02 0.0000000000e+00 0.0000000000e+00
1.5833358048e-03 0.0000000000e+00 0.0000000000e+00
1.5513842227e-03 0.0000000000e+00 0.0000000000e+00
2.7703235392e-03 0.0000000000e+00 0.0000000000e+00
2.7703235392e-03 0.0000000000e+00 0.0000000000e+00
2.9179148842e-03 0.0000000000e+00 0.0000000000e+00
2.2151468322e-02 0.0000000000e+00 0.0000000000e+00
2.2151468322e-02 0.0000000000e+00 0.0000000000e+00
2.2454971448e-02 0.0000000000e+00 0.0000000000e+00
2.2820392624e-02 0.0000000000e+00 0.0000000000e+00
2.1759027615e-02 0.0000000000e+00 0.0000000000e+00
2.4782339111e-02 0.0000000000e+00 0.0000000000e+00
2.3530332372e-02 0.0000000000e+00 0.0000000000e+00
3.2693158835e-02 0.0000000000e+00 0.0000000000e+00
2.7566879988e-02 0.0000000000e+00 0.0000000000e+00
2.6413753629e-02 0.0000000000e+00 0.0000000000e+00
2.0077556372e-02 0.0000000000e+00 0.0000000000e+00
2.0242240280e-02 0.0000000000e+00 0.0000000000e+00
2.1770194173e-02 0.0000000000e+00 0.0000000000e+00
2.1770194173e-02 0.0000000000e+00 0.0000000000e+00
2.0441276953e-02 0.0000000000e+00 0.0000000000e+00
2.0441276953e-02 0.0000000000e+00 0.0000000000e+00
1.7523622140e-02 0.0000000000e+00 0.0000000000e+00
1.9357731566e-02 0.0000000000e+00 0.0000000000e+00
2.0254183561e-02 0.0000000000e+00 0.0000000000e+00
1.9719470292e-02 0.0000000000e+00 0.0000000000e+00
1.6929985955e-02 0.0000000000e+00 0.0000000000e+00
1.3244904578e-02 0.0000000000e+00 0.0000000000e+00
1.3244904578e-02 0.0000000000e+00 0.0000000000e+00
1.3244904578e-02 0.0000000000e+00 0.0000000000e+00
1.6317367554e-02 0.0000000000e+00 0.0000000000e+00
1.6317367554e-02 0.0000000000e+00 0.0000000000e+00
1.5883190557e-02 0.0000000000e+00 0.0000000000e+00
7.4188974686e-03 0.0000000000e+00 0.0000000000e+00
6.5421335399e-02 0.0000000000e+00 0.0000000000e+00
1.3362610480e-03 0.0000000000e+00 0.0000000000e+00
2.1864069626e-02 0.0000000000e+00 0.0000000000e+00
2.6360848919e-02 0.0000000000e+00 0.0000000000e+00
2.5461010635e-02 0.0000000000e+00 0.0000000000e+00
2.6186982170e-02 0.0000000000e+00 0.0000000000e+00
3.0156666413e-02 0.0000000000e+00 0.0000000000e+00
2.7487412095e-02 0.0000000000e+00 0.0000000000e+00
2.6172315702e-02 0.0000000000e+00 0.0000000000e+00
2.6172315702e-02 0.0000000000e+00 0.0000000000e+00
2.7656065300e-02 0.0000000000e+00 0.0000000000e+00
2.7656065300e-02 0.0000000000e+00 0.0000000000e+00
1.0804048926e-01 0.0000000000e+00 0.0000000000e+00
1.1769814044e-01 0.0000000000e+00 0.0000000000e+00
1.0708621144e-01 0.0000000000e+00 0.0000000000e+00
1.0708621144e-01 0.0000000000e+00 0.0000000000e+00
1.0708621144e-01 0.0000000000e+00 0.0000000000e+00
1.0786645859e-01 0.0000000000e+00 0.0000000000e+00
1.0786645859e-01 0.0000000000e+00 0.0000000000e+00
1.1643600464e-01 0.0000000000e+00 0.0000000000e+00
1.1044166237e-01 0.0000000000e+00 0.0000000000e+00
2.1951328218e-01 0.0000000000e+00 0.0000000000e+00
3.9804261178e-02 0.0000000000e+00 0.0000000000e+00
1.0731464624e-01 0.0000000000e+00 0.0000000000e+00
9.6705771983e-02 0.0000000000e+00 0.0000000000e+00
7.1241684258e-02 0.0000000000e+00 0.0000000000e+00
2.9079342261e-02 0.0000000000e+00 0.0000000000e+00
2.9079342261e-02 0.0000000000e+00 0.0000000000e+00
1.7977014184e-02 0.0000000000e+00 0.0000000000e+00
2.6072101668e-02 0.0000000000e+00 0.0000000000e+00
2.6072101668e-02 0.0000000000e+00 0.0000000000e+00
3.5266060382e-02 0.0000000000e+00 0.0000000000e+00
2.2233910859e-02 0.0000000000e+00 0.0000000000e+00
2.1277986467e-02 0.0000000000e+00 0.0000000000e+00
2.5003686547e-02 0.0000000000e+00 0.0000000000e+00
2.7092598379e-02 0.0000000000e+00 0.0000000000e+00
3.6097560078e-02 0.0000000000e+00 0.0000000000e+00
1.1006104201e-01 0.0000000000e+00 0.0000000000e+00
1.0728854686e-01 0.0000000000e+00 0.0000000000e+00
5.0184279680e-02 0.0000000000e+00 0.0000000000e+00
6.6703654826e-02 0.0000000000e+00 0.0000000000e+00
5.5930763483e-02 0.0000000000e+00 0.0000000000e+00
4.8587892205e-02 0.0000000000e+00 0.0000000000e+00
3.6144476384e-02 0.0000000000e+00 0.0000000000e+00
3.2112002373e-02 0.0000000000e+00 0.0000000000e+00
3.5094417632e-02 0.0000000000e+00 0.0000000000e+00
3.5094417632e-02 0.0000000000e+00 0.0000000000e+00
3.2736394554e-02 0.0000000000e+00 0.0000000000e+00
3.3280227333e-02 0.0000000000e+00 0.0000000000e+00
2.6097881634e-09 0.0000000000e+00 0.0000000000e+00
9.4380869786e-10 0.0000000000e+00 0.0000000000e+00
9.4380869786e-10 0.0000000000e+00 0.0000000000e+00
9.9592822878e-10 0.0000000000e+00 0.0000000000e+00
3.6166618589e-09 0.0000000000e+00 0.0000000000e+00
7.5945628453e-08 0.0000000000e+00 0.0000000000e+00
2.4877942906e-07 0.0000000000e+00 0.0000000000e+00
1.0093852865e-08 0.0000000000e+00 0.0000000000e+00
1.2366108137e-09 0.0000000000e+00 0.0000000000e+00
1.7682489917e-09 0.0000000000e+00 0.0000000000e+00
1.2164023122e-09 0.0000000000e+00 0.0000000000e+00
2.5426771799e-09 0.0000000000e+00 0.0000000000e+00
1.5703847112e-09 0.0000000000e+00 0.0000000000e+00
2.0121929367e-07 0.0000000000e+00 0.0000000000e+00
5.1694204473e-10 0.0000000000e+00 0.0000000000e+00
2.2087813534e-07 0.0000000000e+00 0.0000000000e+00
2.3918078629e-09 0.0000000000e+00 0.0000000000e+00
6.7600204545e-08 0.0000000000e+00 0.0000000000e+00
2.7266902070e-09 0.0000000000e+00 0.0000000000e+00
3.9274471675e-08 0.0000000000e+00 0.0000000000e+00
4.0997876205e-09 0.0000000000e+00 0.0000000000e+00
6.9235963629e-09 2.0511178300e-02 7.7255698727e-08
3.5757724196e-02 7.0398829877e-02 8.2437676610e-04
3.2958716154e-02 7.1281202137e-02 1.0114887264e-03
1.6950005665e-02 1.6043791547e-02 2.4818211486e-08
4.0039992891e-03 1.4015166089e-03 2.9071699828e-03
4.0039992891e-03 1.4015166089e-03 2.9071699828e-03
2.9456503689e-02 2.9191439971e-03 2.2656356450e-03
2.7594299987e-02 2.4023940787e-03 8.6226355052e-05
2.4347281083e-02 2.4463981390e-03 3.0401751865e-03
2.2479718551e-02 3.5669757053e-03 2.9244338293e-05
2.2479718551e-02 3.5669757053e-03 2.9244338293e-05
2.8694406152e-01 0.0000000000e+00 0.0000000000e+00
2.8609567881e-01 0.0000000000e+00 0.0000000000e+00
2.8924798965e-01 0.0000000000e+00 0.0000000000e+00
2.8793334961e-01 0.0000000000e+00 0.0000000000e+00
2.8861874342e-01 0.0000000000e+00 0.0000000000e+00
2.8575018048e-01 0.0000000000e+00 0.0000000000e+00
2.8652849793e-01 0.0000000000e+00 0.0000000000e+00
2.8989809752e-01 0.0000000000e+00 0.0000000000e+00
2.8989809752e-01 0.0000000000e+00 0.0000000000e+00
2.8615799546e-01 0.0000000000e+00 0.0000000000e+00
2.8678891063e-01 0.0000000000e+00 0.0000000000e+00
2.8642624617e-01 0.0000000000e+00 0.0000000000e+00
2.8642624617e-01 0.0000000000e+00 0.0000000000e+00
2.8631177545e-01 0.0000000000e+00 0.0000000000e+00
2.8653249145e-01 0.0000000000e+00 0.0000000000e+00
2.8919440508e-01 0.0000000000e+00 0.0000000000e+00
2.8680121899e-01 0.0000000000e+00 0.0000000000e+00
2.8636693954e-01 0.0000000000e+00 0.0000000000e+00
2.8574725986e-01 0.0000000000e+00 0.0000000000e+00
2.7471962571e-01 0.0000000000e+00 0.0000000000e+00
2.7458992600e-01 0.0000000000e+00 0.0000000000e+00
2.7307227254e-01 0.0000000000e+00 0.0000000000e+00
2.7152651548e-01 0.0000000000e+00 0.0000000000e+00
2.7195775509e-01 0.0000000000e+00 0.0000000000e+00
2.7429392934e-01 0.0000000000e+00 0.0000000000e+00
2.7110296488e-01 0.0000000000e+00 0.0000000000e+00
2.7088856697e-01 0.0000000000e+00 0.0000000000e+00
2.7526929975e-01 0.0000000000e+00 0.0000000000e+00
2.7564826608e-01 0.0000000000e+00 0.0000000000e+00
2.7564826608e-01 0.0000000000e+00 0.0000000000e+00
2.7564826608e-01 0.0000000000e+00 0.0000000000e+00
2.8020027280e-01 0.0000000000e+00 0.0000000000e+00
2.8021445870e-01 0.0000000000e+00 0.0000000000e+00
2.8021445870e-01 0.0000000000e+00 0.0000000000e+00
2.8221836686e-01 0.0000000000e+00 0.0000000000e+00
2.7801004052e-01 0.0000000000e+00 0.0000000000e+00
2.7964130044e-01 0.0000000000e+00 0.0000000000e+00
2.7964130044e-01 0.0000000000e+00 0.0000000000e+00
2.7762594819e-01 0.0000000000e+00 0.0000000000e+00
2.7917718887e-01 0.0000000000e+00 0.0000000000e+00
2.7601629496e-01 0.0000000000e+00 0.0000000000e+00
2.8325247765e-01 0.0000000000e+00 0.0000000000e+00
3.3561423421e-01 0.0000000000e+00 0.0000000000e+00
1.1549008638e-01 0.0000000000e+00 0.0000000000e+00
1.1549008638e-01 0.0000000000e+00 0.0000000000e+00
1.1585742980e-01 0.0000000000e+00 0.0000000000e+00
1.1595406383e-01 0.0000000000e+00 0.0000000000e+00
1.1590067297e-01 0.0000000000e+00 0.0000000000e+00
2.0168263000e-03 2.0633546228e-04 2.1915385500e-02
2.0168263000e-03 2.0633546228e-04 2.1915385500e-02
1.9710799679e-03 1.8764508422e-04 1.5327858739e-02
2.0783145446e-03 1.0471324204e-03 1.3836443424e-02
2.2293978836e-03 4.2098038830e-03 3.5165082663e-02
2.6490921155e-03 1.7874920741e-03 3.7664745003e-02
3.5059063230e-03 6.5289232880e-03 1.6880510375e-02
2.4525993504e-03 2.4654282606e-04 4.6574443579e-02
3.0883012805e-03 1.2589890510e-02 2.2769652307e-02
3.0883012805e-03 1.2589890510e-02 2.2769652307e-02
3.2943915576e-03 6.1751846224e-03 3.8720708340e-02
2.3490746971e-03 7.9053314403e-03 1.7160203308e-02
2.6039057411e-03 2.7503920719e-03 1.4150191098e-02
2.7640883345e-03 7.7541242354e-03 1.4153144322e-02
2.3813426960e-03 1.0497193784e-02 2.4534145370e-02
2.5762531441e-03 6.4116218127e-03 4.3439429253e-02
3.1102269422e-03 6.6424873658e-03 2.2761374712e-02
2.5283761788e-03 9.2394025996e-03 3.1970303506e-02
3.5414698068e-03 3.3885885496e-03 3.6697618663e-02
2.5959576014e-03 1.6478089616e-02 2.2816689685e-02
3.0049299821e-03 7.2592203505e-03 4.8618625849e-02
4.0669506416e-03 4.2186456267e-04 2.0519420505e-02
9.5098878955e-04 1.8249833956e-03 2.1603184287e-03
2.4843874853e-03 3.2478326466e-03 8.0920932814e-03
1.9160745433e-03 4.3058986776e-03 1.3063508086e-03
2.4590499233e-03 4.2948606424e-03 1.0727417655e-02
1.5748142032e-03 6.4700357616e-03 1.3568904251e-02
1.9438168965e-03 3.4728862811e-03 1.1380273849e-02
2.4827614427e-02 3.3294856548e-02 1.4888040721e-02
2.5578426197e-02 3.5655137151e-02 1.5338328667e-02
1.7105121166e-02 3.2441940159e-02 1.6283145174e-02
1.6853667796e-02 3.2292995602e-02 1.5572813340e-02
1.4956299216e-02 1.4308431186e-02 2.9706895351e-02
1.4956299216e-02 1.4308431186e-02 2.9706895351e-02
1.5961686149e-02 3.2817985862e-02 1.7489923164e-02
1.5359827317e-02 3.5101946443e-02 1.6858952120e-02
1.5397679061e-02 3.2591227442e-02 1.7240324989e-02
1.4059796929e-02 3.2907236367e-02 1.7850836739e-02
1.4940094203e-02 3.5845123231e-02 1.5549871139e-02
1.2928719632e-02 2.9363909736e-02 1.8203336746e-02
1.2928719632e-02 2.9363909736e-02 1.8203336746e-02
1.2494713068e-02 3.1396791339e-02 1.7228743061e-02
7.6744393446e-03 4.0068116039e-02 1.0249639861e-02
8.8076349348e-03 3.5834327340e-02 1.0656590573e-02
7.9198898748e-03 4.7757223248e-02 9.5879277214e-03
1.1140916497e-02 3.0617831275e-02 1.5916993842e-02
1.1378549971e-02 3.3004261553e-02 1.8439419568e-02
1.1497627944e-02 3.2223824412e-02 1.4279675670e-02
1.1716887355e-02 2.7246275917e-02 1.9984805956e-02
8.8245021179e-03 2.5503696874e-02 2.1267920732e-02
7.6055694371e-03 2.8665123507e-02 2.0078154281e-02
1.4447989874e-02 7.6654367149e-02 1.2265903642e-03
1.3366162777e-02 7.7243290842e-02 2.1299496293e-03
1.3847493567e-02 7.7148400247e-02 2.0139620174e-03
1.5844352543e-02 7.1130990982e-02 5.4278373718e-03
1.5844352543e-02 7.1130990982e-02 5.4278373718e-03
1.4946739189e-02 7.5199149549e-02 3.8257082924e-03
1.4946739189e-02 7.5199149549e-02 3.8257082924e-03
1.4650523663e-02 7.7020771801e-02 4.4345119968e-03
1.2826699764e-02 8.0037444830e-02 1.9644673448e-03
1.4210247435e-02 7.9446554184e-02 2.2851862013e-03
1.1498086154e-02 8.1146933138e-02 1.8058167771e-03
1.1799785309e-02 7.9394862056e-02 2.0935775246e-03
1.1444325559e-02 8.1459470093e-02 1.8638191978e-03
1.1335775256e-02 8.0403260887e-02 1.9953972660e-03
1.6021456569e-02 8.0598205328e-02 1.8294708570e-03
1.5849037096e-02 8.0689392984e-02 1.7405003309e-03
1.4585562982e-02 7.9427696764e-02 2.0385768730e-03
1.4540936798e-02 7.9518742859e-02 2.1716023330e-03
1.4488947578e-02 7.9929590225e-02 2.0884945989e-03
1.7839860171e-02 5.3690705448e-02 4.9828626215e-03
1.7580606043e-02 5.3748685867e-02 4.8331366852e-03
1.6851557419e-02 5.4063189775e-02 5.3097005002e-03
1.7179140821e-02 5.3584117442e-02 5.2129500546e-03
1.7237043008e-02 5.8266982436e-02 4.5531559736e-03
1.5328752808e-02 5.8327510953e-02 5.8292276226e-03
1.2929678895e-02 5.7429090142e-02 8.4842201322e-03
1.4705758542e-02 5.3602922708e-02 1.1237016879e-02
1.5587925911e-02 5.5160313845e-02 9.3226507306e-03
1.5932930633e-02 5.4450970143e-02 1.0326121002e-02
2.2029394284e-02 5.3488027304e-02 1.0600876994e-02
2.3034639657e-02 5.5758584291e-02 7.9512912780e-03
2.2360710427e-02 5.5400799960e-02 8.1994840875e-03
2.2363431752e-02 5.6157026440e-02 7.9490682110e-03
2.2363431752e-02 5.6157026440e-02 7.9490682110e-03
2.2542079911e-02 5.4618660361e-02 9.5333131030e-03
2.2144315764e-02 5.5581241846e-02 8.6395246908e-03
2.0842129365e-02 5.9101801366e-02 9.3756718561e-03
1.9950844347e-02 6.0550641268e-02 7.0607662201e-03
1.8445931375e-02 5.7342719287e-02 8.2934536040e-03
1.8482210115e-02 5.8885678649e-02 8.1329643726e-03
1.8196186051e-02 5.9543628246e-02 6.6918469965e-03
1.7750313506e-02 6.0194969177e-02 6.3774050213e-03
1.7736362293e-02 5.8424100280e-02 7.1013676934e-03
1.7630329356e-02 5.8922063559e-02 7.1665658616e-03
1.7520930618e-02 5.9623669833e-02 7.9588713124e-03
1.7001118511e-02 6.0205906630e-02 7.6933777891e-03
1.7267839983e-02 5.8431427926e-02 7.3888855986e-03
1.7267839983e-02 5.8431427926e-02 7.3888855986e-03
1.6976062208e-02 6.0354527086e-02 7.9594515264e-03
1.6150159761e-02 6.1943113804e-02 1.1088549159e-02
1.6150159761e-02 6.1943113804e-02 1.1088549159e-02
9.6900071949e-03 4.4625863433e-02 6.2946942635e-03
9.1665377840e-03 4.3590296060e-02 7.0718172938e-03
1.0287976824e-02 4.1041318327e-02 8.0275880173e-03
8.0113867298e-03 3.8447339088e-02 1.0241746902e-02
5.8728703298e-03 4.1158862412e-02 9.1468552127e-03
6.8742088042e-03 4.4694211334e-02 6.6627138294e-03
7.1212691255e-03 4.3712463230e-02 7.1780947037e-03
7.1212691255e-03 4.3712463230e-02 7.1780947037e-03
5.6361872703e-03 3.9002414793e-02 1.0458377190e-02
6.5356269479e-03 3.6922771484e-02 1.0326724499e-02
6.4201927744e-03 3.6481816322e-02 1.0649678297e-02
9.8333517089e-03 3.4778285772e-02 9.4410954043e-03
8.5294591263e-03 3.5685684532e-02 9.6217794344e-03
1.6354044508e-10 0.0000000000e+00 0.0000000000e+00
3.2976563702e-09 0.0000000000e+00 0.0000000000e+00
5.6209809030e-10 0.0000000000e+00 0.0000000000e+00
5.6353623989e-09 0.0000000000e+00 0.0000000000e+00
6.8244503382e-09 0.0000000000e+00 0.0000000000e+00
9.0411328424e-10 0.0000000000e+00 0.0000000000e+00
3.3847999958e-09 0.0000000000e+00 0.0000000000e+00
3.3734492977e-09 0.0000000000e+00 0.0000000000e+00
1.0037305431e-09 0.0000000000e+00 0.0000000000e+00
1.0037305431e-09 0.0000000000e+00 0.0000000000e+00
1.4658688707e-09 0.0000000000e+00 0.0000000000e+00
3.1269455794e-03 0.0000000000e+00 0.0000000000e+00
3.1269455794e-03 0.0000000000e+00 0.0000000000e+00
3.1268792227e-03 0.0000000000e+00 0.0000000000e+00
3.1268792227e-03 0.0000000000e+00 0.0000000000e+00
3.1268345192e-03 0.0000000000e+00 0.0000000000e+00
3.1267039012e-03 0.0000000000e+00 0.0000000000e+00
3.1268496532e-03 0.0000000000e+00 0.0000000000e+00
5.7403803803e-03 0.0000000000e+00 0.0000000000e+00
5.7394267060e-03 0.0000000000e+00 0.0000000000e+00
5.7394267060e-03 0.0000000000e+00 0.0000000000e+00
5.9880204499e-03 0.0000000000e+00 0.0000000000e+00
5.9868115932e-03 0.0000000000e+00 0.0000000000e+00
5.9868115932e-03 0.0000000000e+00 0.0000000000e+00
5.9850956313e-03 0.0000000000e+00 0.0000000000e+00
5.9890262783e-03 0.0000000000e+00 0.0000000000e+00
7.2823916562e-03 0.0000000000e+00 0.0000000000e+00
7.2814803571e-03 0.0000000000e+00 0.0000000000e+00
7.2855581529e-03 0.0000000000e+00 0.0000000000e+00
7.2839572094e-03 0.0000000000e+00 0.0000000000e+00
7.2839572094e-03 0.0000000000e+00 0.0000000000e+00
7.2839572094e-03 0.0000000000e+00 0.0000000000e+00
7.2823744267e-03 0.0000000000e+00 0.0000000000e+00
6.5329163335e-03 0.0000000000e+00 0.0000000000e+00
6.5623321570e-03 0.0000000000e+00 0.0000000000e+00
6.5633505583e-03 0.0000000000e+00 0.0000000000e+00
6.5627410077e-03 0.0000000000e+00 0.0000000000e+00
6.5706241876e-03 0.0000000000e+00 0.0000000000e+00
7.0037604310e-03 0.0000000000e+00 0.0000000000e+00
6.7817680538e-03 0.0000000000e+00 0.0000000000e+00
6.7817680538e-03 0.0000000000e+00 0.0000000000e+00
6.7803016864e-03 0.0000000000e+00 0.0000000000e+00
6.8684872240e-03 0.0000000000e+00 0.0000000000e+00
6.8621002138e-03 0.0000000000e+00 0.0000000000e+00
6.8621002138e-03 0.0000000000e+00 0.0000000000e+00
6.8628657609e-03 0.0000000000e+00 0.0000000000e+00
6.8614655174e-03 0.0000000000e+00 0.0000000000e+00
6.8627544679e-03 0.0000000000e+00 0.0000000000e+00
6.8633612245e-03 0.0000000000e+00 0.0000000000e+00
6.8469396792e-03 0.0000000000e+00 0.0000000000e+00
6.8624000996e-03 0.0000000000e+00 0.0000000000e+00
6.8627293222e-03 0.0000000000e+00 0.0000000000e+00
6.8621803075e-03 0.0000000000e+00 0.0000000000e+00
6.8665291183e-03 0.0000000000e+00 0.0000000000e+00
6.8679903634e-03 0.0000000000e+00 0.0000000000e+00
6.8630534224e-03 0.0000000000e+00 0.0000000000e+00
6.8630534224e-03 0.0000000000e+00 0.0000000000e+00
6.8623609841e-03 0.0000000000e+00 0.0000000000e+00
6.8464414217e-03 0.0000000000e+00 0.0000000000e+00
6.8685445003e-03 0.0000000000e+00 0.0000000000e+00
6.8620424718e-03 0.0000000000e+00 0.0000000000e+00
6.8437880836e-03 0.0000000000e+00 0.0000000000e+00
6.8616829813e-03 0.0000000000e+00 0.0000000000e+00
1.0754731484e-02 0.0000000000e+00 0.0000000000e+00
1.0712984018e-02 0.0000000000e+00 0.0000000000e+00
1.0750837624e-02 0.0000000000e+00 0.0000000000e+00
1.0712913238e-02 0.0000000000e+00 0.0000000000e+00
1.0713137686e-02 0.0000000000e+00 0.0000000000e+00
1.0734740645e-02 0.0000000000e+00 0.0000000000e+00
1.0807163082e-02 0.0000000000e+00 0.0000000000e+00
1.0807163082e-02 0.0000000000e+00 0.0000000000e+00
1.0807220824e-02 0.0000000000e+00 0.0000000000e+00
1.8747063354e-02 0.0000000000e+00 0.0000000000e+00
1.8745742738e-02 0.0000000000e+00 0.0000000000e+00
1.8748134375e-02 0.0000000000e+00 0.0000000000e+00
1.8748134375e-02 0.0000000000e+00 0.0000000000e+00
1.8748624250e-02 0.0000000000e+00 0.0000000000e+00
1.9285775721e-02 0.0000000000e+00 0.0000000000e+00
1.9285775721e-02 0.0000000000e+00 0.0000000000e+00
2.1813934669e-02 0.0000000000e+00 0.0000000000e+00
2.1813934669e-02 0.0000000000e+00 0.0000000000e+00
2.2304033861e-02 0.0000000000e+00 0.0000000000e+00
2.3168453947e-02 0.0000000000e+00 0.0000000000e+00
2.2999832407e-02 0.0000000000e+00 0.0000000000e+00
2.2999929264e-02 0.0000000000e+00 0.0000000000e+00
2.2999929264e-02 0.0000000000e+00 0.0000000000e+00
2.2999929264e-02 0.0000000000e+00 0.0000000000e+00
2.2953385487e-02 0.0000000000e+00 0.0000000000e+00
2.2937832400e-02 0.0000000000e+00 0.0000000000e+00
2.3000432178e-02 0.0000000000e+00 0.0000000000e+00
2.2169321775e-02 0.0000000000e+00 0.0000000000e+00
2.3215405643e-02 0.0000000000e+00 0.0000000000e+00
2.3215405643e-02 0.0000000000e+00 0.0000000000e+00
2.3456821218e-02 0.0000000000e+00 0.0000000000e+00
7.2867982090e-03 0.0000000000e+00 0.0000000000e+00
7.3702945374e-03 0.0000000000e+00 0.0000000000e+00
7.3714847676e-03 0.0000000000e+00 0.0000000000e+00
7.2852782905e-03 0.0000000000e+00 0.0000000000e+00
7.2849043645e-03 0.0000000000e+00 0.0000000000e+00
7.2847977281e-03 0.0000000000e+00 0.0000000000e+00
7.2847977281e-03 0.0000000000e+00 0.0000000000e+00
7.2847977281e-03 0.0000000000e+00 0.0000000000e+00
7.2845905088e-03 0.0000000000e+00 0.0000000000e+00
7.1952813305e-03 0.0000000000e+00 0.0000000000e+00
7.2853788733e-03 0.0000000000e+00 0.0000000000e+00
7.1960873902e-03 0.0000000000e+00 0.0000000000e+00
7.1947523393e-03 0.0000000000e+00 0.0000000000e+00
7.2574503720e-03 0.0000000000e+00 0.0000000000e+00
7.2574503720e-03 0.0000000000e+00 0.0000000000e+00
7.2366669774e-03 0.0000000000e+00 0.0000000000e+00
7.2352760471e-03 0.0000000000e+00 0.0000000000e+00
7.2776922025e-03 0.0000000000e+00 0.0000000000e+00
7.2782500647e-03 0.0000000000e+00 0.0000000000e+00
7.3438663967e-03 0.0000000000e+00 0.0000000000e+00
7.3461737484e-03 0.0000000000e+00 0.0000000000e+00
7.3421695270e-03 0.0000000000e+00 0.0000000000e+00
7.3466473259e-03 0.0000000000e+00 0.0000000000e+00
7.3451609351e-03 0.0000000000e+00 0.0000000000e+00
7.3462962173e-03 0.0000000000e+00 0.0000000000e+00
7.3439064436e-03 0.0000000000e+00 0.0000000000e+00
7.3430375196e-03 0.0000000000e+00 0.0000000000e+00
7.3453686200e-03 0.0000000000e+00 0.0000000000e+00
7.3473495431e-03 0.0000000000e+00 0.0000000000e+00
5.3313705139e-03 0.0000000000e+00 0.0000000000e+00
5.3301868029e-03 0.0000000000e+00 0.0000000000e+00
5.3301868029e-03 0.0000000000e+00 0.0000000000e+00
5.3301868029e-03 0.0000000000e+00 0.0000000000e+00
4.8473435454e-03 0.0000000000e+00 0.0000000000e+00
4.8460126854e-03 0.0000000000e+00 0.0000000000e+00
4.8462864943e-03 0.0000000000e+00 0.0000000000e+00
4.8462641425e-03 0.0000000000e+00 0.0000000000e+00
4.8462641425e-03 0.0000000000e+00 0.0000000000e+00
5.7881404646e-03 3.9537576959e-03 2.7879566187e-04
6.5181497484e-03 4.7445497476e-03 1.2351223268e-04
5.3619015962e-03 3.9618727751e-03 1.9644615531e-04
5.0077405758e-03 2.3990180343e-03 7.3577590229e-05
5.0194286741e-03 3.5964129493e-03 7.9302852100e-05
5.3062210791e-03 2.4111547973e-03 1.4162008301e-04
6.5914825536e-03 2.3408920970e-03 7.7090482228e-04
6.7669642158e-03 4.3469150551e-03 1.4109625772e-04
5.5239908397e-03 6.6910604946e-03 3.8046691770e-05
6.3053704798e-03 3.6646856461e-03 8.0379977589e-05
7.7007287182e-03 3.5210761707e-03 1.7735252914e-04
6.3664685003e-03 2.7916533872e-03 3.1000308809e-04
6.5544191748e-03 2.5444750208e-03 7.9168524826e-04
6.3121435232e-03 3.6898560356e-03 1.4597592235e-04
5.7268175296e-03 1.2083631009e-03 2.4757941719e-04
5.8265668340e-03 2.0586028695e-03 2.1683285922e-07
5.1979464479e-03 3.0567456270e-04 1.4310526894e-03
5.1461881958e-03 2.0234637486e-04 1.4953609789e-03
5.2259205841e-03 2.7411992778e-04 1.6001812182e-03
5.5937995203e-03 2.7251490974e-04 1.7094858922e-03
5.0525991246e-03 1.5354134375e-03 1.8277011113e-03
5.0525991246e-03 1.5354134375e-03 1.8277011113e-03
8.2184458151e-03 4.8457286321e-03 1.0868710466e-02
6.6631524824e-03 6.4861904830e-03 9.2357452959e-03
5.1181716844e-03 3.8460895885e-03 3.3537216950e-03
5.7638082653e-03 2.3565259762e-03 1.3467635028e-02
1.0265466757e-02 2.7849224862e-03 1.0557655245e-02
8.4859048948e-03 2.0158074331e-03 2.5942465290e-03
5.6732562371e-03 2.0177799743e-03 9.2425482580e-04
9.5448670909e-03 4.1443635710e-03 2.3748972453e-03
8.1371674314e-03 3.0901515856e-03 5.4624426411e-04
8.4911727754e-05 1.2742738239e-02 1.4438097365e-02
1.6347288692e-05 9.3309739605e-03 1.2194898911e-02
6.2502855144e-05 1.8192619085e-02 7.6275006868e-03
9.0113462647e-05 1.9935045391e-02 2.0188807976e-03
4.3442772585e-04 2.8045475483e-02 4.6706158668e-02
3.5005363170e-03 8.3714211360e-03 6.2020659447e-02
4.5306184329e-03 5.3220442496e-03 7.4203081429e-02
1.4919609763e-02 8.2645425573e-03 6.2647797167e-02
9.1822696850e-03 6.3664405607e-03 7.3859184980e-02
1.6720004380e-01 0.0000000000e+00 0.0000000000e+00
1.6720004380e-01 0.0000000000e+00 0.0000000000e+00
1.3085514307e-01 0.0000000000e+00 0.0000000000e+00
1.6024424136e-01 0.0000000000e+00 0.0000000000e+00
1.7853139341e-01 0.0000000000e+00 0.0000000000e+00
1.5940384567e-01 0.0000000000e+00 0.0000000000e+00
9.8726034164e-02 0.0000000000e+00 0.0000000000e+00
1.9782151282e-01 0.0000000000e+00 0.0000000000e+00
2.3535086215e-01 0.0000000000e+00 0.0000000000e+00
2.3535086215e-01 0.0000000000e+00 0.0000000000e+00
2.5624561310e-01 0.0000000000e+00 0.0000000000e+00
2.5587877631e-01 0.0000000000e+00 0.0000000000e+00
2.5587877631e-01 0.0000000000e+00 0.0000000000e+00
2.5524005294e-01 0.0000000000e+00 0.0000000000e+00
2.5524005294e-01 0.0000000000e+00 0.0000000000e+00
2.5533977151e-01 0.0000000000e+00 0.0000000000e+00
2.5143894553e-01 0.0000000000e+00 0.0000000000e+00
2.5195595622e-01 0.0000000000e+00 0.0000000000e+00
2.5195595622e-01 0.0000000000e+00 0.0000000000e+00
2.5042012334e-01 0.0000000000e+00 0.0000000000e+00
2.5028088689e-01 0.0000000000e+00 0.0000000000e+00
2.5028088689e-01 0.0000000000e+00 0.0000000000e+00
2.4997991323e-01 0.0000000000e+00 0.0000000000e+00
2.4997991323e-01 0.0000000000e+00 0.0000000000e+00
2.5005677342e-01 0.0000000000e+00 0.0000000000e+00
2.4688082933e-01 0.0000000000e+00 0.0000000000e+00
1.6273969412e-01 0.0000000000e+00 0.0000000000e+00
1.6235847771e-01 0.0000000000e+00 0.0000000000e+00
1.6268476844e-01 0.0000000000e+00 0.0000000000e+00
1.6292141378e-01 0.0000000000e+00 0.0000000000e+00
1.6292141378e-01 0.0000000000e+00 0.0000000000e+00
1.6209335625e-01 0.0000000000e+00 0.0000000000e+00
1.7275036871e-01 0.0000000000e+00 0.0000000000e+00
1.7283064127e-01 0.0000000000e+00 0.0000000000e+00
1.7282478511e-01 0.0000000000e+00 0.0000000000e+00
1.7285235226e-01 0.0000000000e+00 0.0000000000e+00
1.7305670679e-01 0.0000000000e+00 0.0000000000e+00
1.7305670679e-01 0.0000000000e+00 0.0000000000e+00
2.7126345038e-01 0.0000000000e+00 0.0000000000e+00
2.7125346661e-01 0.0000000000e+00 0.0000000000e+00
2.6975500584e-01 0.0000000000e+00 0.0000000000e+00
2.7131786942e-01 0.0000000000e+00 0.0000000000e+00
2.7168461680e-01 0.0000000000e+00 0.0000000000e+00
2.7087318897e-01 0.0000000000e+00 0.0000000000e+00
2.7087318897e-01 0.0000000000e+00 0.0000000000e+00
2.7121922374e-01 0.0000000000e+00 0.0000000000e+00
2.7063867450e-01 0.0000000000e+00 0.0000000000e+00
2.7129766345e-01 0.0000000000e+00 0.0000000000e+00
2.6569476724e-01 0.0000000000e+00 0.0000000000e+00
2.6571229100e-01 0.0000000000e+00 0.0000000000e+00
2.6649722457e-01 0.0000000000e+00 0.0000000000e+00
2.6512444019e-01 0.0000000000e+00 0.0000000000e+00
2.6543995738e-01 0.0000000000e+00 0.0000000000e+00
2.6538610458e-01 0.0000000000e+00 0.0000000000e+00
2.6594868302e-01 0.0000000000e+00 0.0000000000e+00
2.6550790668e-01 0.0000000000e+00 0.0000000000e+00
2.6626148820e-01 0.0000000000e+00 0.0000000000e+00
2.6548448205e-01 0.0000000000e+00 0.0000000000e+00
2.6548448205e-01 0.0000000000e+00 0.0000000000e+00
2.6577800512e-01 0.0000000000e+00 0.0000000000e+00
2.6556083560e-01 0.0000000000e+00 0.0000000000e+00
2.6567515731e-01 0.0000000000e+00 0.0000000000e+00
2.6665404439e-01 0.0000000000e+00 0.0000000000e+00
2.6658943295e-01 0.0000000000e+00 0.0000000000e+00
2.6588109136e-01 0.0000000000e+00 0.0000000000e+00
2.5781324506e-01 0.0000000000e+00 0.0000000000e+00
2.5781324506e-01 0.0000000000e+00 0.0000000000e+00
2.6216989756e-01 0.0000000000e+00 0.0000000000e+00
2.5992879272e-01 0.0000000000e+00 0.0000000000e+00
2.5992879272e-01 0.0000000000e+00 0.0000000000e+00
2.6363766193e-01 0.0000000000e+00 0.0000000000e+00
2.6397070289e-01 0.0000000000e+00 0.0000000000e+00
2.6039496064e-01 0.0000000000e+00 0.0000000000e+00
2.6150408387e-01 0.0000000000e+00 0.0000000000e+00
2.6150408387e-01 0.0000000000e+00 0.0000000000e+00
2.6445198059e-01 0.0000000000e+00 0.0000000000e+00
2.6404675841e-01 0.0000000000e+00 0.0000000000e+00
2.6206752658e-01 0.0000000000e+00 0.0000000000e+00
2.6206752658e-01 0.0000000000e+00 0.0000000000e+00
2.6143130660e-01 0.0000000000e+00 0.0000000000e+00
2.6153379679e-01 0.0000000000e+00 0.0000000000e+00
2.6246070862e-01 0.0000000000e+00 0.0000000000e+00
2.6443412900e-01 0.0000000000e+00 0.0000000000e+00
2.6539483666e-01 0.0000000000e+00 0.0000000000e+00
2.6434543729e-01 0.0000000000e+00 0.0000000000e+00
2.6243957877e-01 0.0000000000e+00 0.0000000000e+00
2.6334711909e-01 0.0000000000e+00 0.0000000000e+00
2.6338836551e-01 0.0000000000e+00 0.0000000000e+00
2.5937291980e-01 0.0000000000e+00 0.0000000000e+00
2.5829455256e-01 0.0000000000e+00 0.0000000000e+00
5.7061005384e-02 0.0000000000e+00 0.0000000000e+00
4.3956586160e-03 3.6159772426e-02 5.5034360848e-03
3.8756465074e-03 3.0196011066e-02 7.0575983264e-03
6.1955779791e-02 3.5317778587e-02 7.1985623799e-03
2.8372846544e-02 3.6005247384e-02 9.7565054893e-03
3.7243440747e-02 1.6815040261e-02 5.3950999863e-03
6.5445497632e-02 2.0952509716e-02 5.4016350769e-03
6.5445497632e-02 2.0952509716e-02 5.4016350769e-03
9.5968045294e-02 2.7819951996e-02 5.2397646941e-03
2.2150765359e-01 1.2363982387e-02 1.5099927259e-04
2.7029564977e-01 0.0000000000e+00 0.0000000000e+00
2.9570424929e-02 4.0572032332e-02 3.1819033902e-03
1.3925005496e-01 2.6918321848e-02 5.9726007748e-04
1.0463193804e-01 5.6033455767e-03 3.2842796645e-04
1.0463193804e-01 5.6033455767e-03 3.2842796645e-04
1.7412615940e-02 6.5766088665e-03 2.3788050748e-04
2.5245133042e-01 0.0000000000e+00 0.0000000000e+00
1.2791472254e-03 5.3681749851e-03 1.3441282499e-04
1.3875305653e-02 0.0000000000e+00 0.0000000000e+00
5.4071675986e-02 3.5763014108e-02 2.9026672710e-03
2.7031621337e-01 0.0000000000e+00 0.0000000000e+00
2.7031621337e-01 0.0000000000e+00 0.0000000000e+00
5.7514335960e-02 3.6425936967e-02 1.7472059699e-03
2.4168719351e-01 0.0000000000e+00 0.0000000000e+00
1.1011787504e-01 3.2524976879e-02 1.2195677264e-03
4.1060578078e-02 2.6509648189e-02 1.1401121737e-03
1.0451913625e-01 9.8846890032e-03 2.8507795651e-04
2.1457833052e-01 1.0579861701e-02 3.6650532275e-04
5.9119009688e-10 5.2231725305e-02 2.2967692930e-03
1.5139903128e-01 0.0000000000e+00 0.0000000000e+00
3.7445925176e-02 1.3326047920e-02 2.7367759030e-03
1.6853325846e-08 4.2787689716e-02 1.0386773385e-02
1.0975796272e-08 0.0000000000e+00 0.0000000000e+00
1.2536468752e-08 6.3970163465e-02 3.2458000351e-03
5.0582431577e-09 3.7056092173e-02 5.8319061063e-03
7.5968369373e-09 5.9478700161e-02 2.9063455295e-03
8.3042778075e-02 1.4182522893e-02 7.5308844680e-04
2.4008201649e-08 5.8928061277e-02 3.7088077515e-03
1.2288362719e-02 5.9784665704e-02 3.0560047435e-06
1.2288362719e-02 5.9784665704e-02 3.0560047435e-06
4.4013295231e-09 7.4595115148e-03 1.3584365137e-02
1.5553689892e-08 3.0032187700e-02 8.5871079937e-03
1.7173355818e-01 2.0465999842e-02 5.6699831039e-03
1.8687899411e-01 1.0468162596e-02 5.7062730193e-03
1.6711129248e-01 6.1490326189e-03 7.0932283998e-03
1.1252224445e-01 3.1542506069e-02 1.1875742115e-02
1.4016638696e-01 8.3676669747e-03 7.5461976230e-03
1.3441772759e-01 1.0925593786e-02 3.0569049995e-03
6.2755369581e-03 7.9351840541e-03 3.0558558706e-07
7.1618184447e-03 8.2199191675e-03 2.1705422171e-07
7.1618184447e-03 8.2199191675e-03 2.1705422171e-07
4.6452961477e-09 1.8086083233e-02 3.5767337181e-07
1.4668160020e-08 0.0000000000e+00 0.0000000000e+00
1.2030237251e-08 4.6306174248e-02 2.4614031645e-05
1.0399876516e-08 0.0000000000e+00 0.0000000000e+00
1.0250730043e-08 0.0000000000e+00 0.0000000000e+00
8.2627678921e-08 3.9840307087e-02 4.6273558401e-03
4.0083874017e-02 4.5577585697e-02 6.4452731749e-04
4.0012708702e-09 0.0000000000e+00 0.0000000000e+00
9.5273094303e-08 0.0000000000e+00 0.0000000000e+00
1.7006899000e-08 4.3596129864e-02 6.3544517616e-04
4.1117135435e-02 4.5723948628e-02 5.4787792033e-04
3.4271433949e-02 4.8511404544e-02 4.9055524869e-04
3.0980361626e-02 4.8444692045e-02 5.4993439699e-04
3.1534424052e-03 0.0000000000e+00 0.0000000000e+00
3.1659833621e-03 0.0000000000e+00 0.0000000000e+00
3.1659833621e-03 0.0000000000e+00 0.0000000000e+00
1.8717601197e-03 0.0000000000e+00 0.0000000000e+00
3.2950562891e-03 0.0000000000e+00 0.0000000000e+00
3.9311554283e-03 0.0000000000e+00 0.0000000000e+00
2.3461873643e-03 0.0000000000e+00 0.0000000000e+00
2.5867510121e-03 0.0000000000e+00 0.0000000000e+00
1.2531270040e-03 0.0000000000e+00 0.0000000000e+00
1.2531270040e-03 0.0000000000e+00 0.0000000000e+00
1.4475617791e-03 0.0000000000e+00 0.0000000000e+00
1.1147352634e-03 0.0000000000e+00 0.0000000000e+00
2.1951551687e-10 0.0000000000e+00 0.0000000000e+00
2.9979639221e-03 0.0000000000e+00 0.0000000000e+00
3.7980787456e-03 0.0000000000e+00 0.0000000000e+00
5.0809339375e-11 0.0000000000e+00 0.0000000000e+00
3.2754943240e-03 0.0000000000e+00 0.0000000000e+00
4.0280791000e-03 0.0000000000e+00 0.0000000000e+00
2.8459534515e-03 0.0000000000e+00 0.0000000000e+00
4.3032206595e-03 0.0000000000e+00 0.0000000000e+00
3.4900929313e-03 0.0000000000e+00 0.0000000000e+00
1.3128056191e-02 0.0000000000e+00 0.0000000000e+00
2.4164451752e-03 0.0000000000e+00 0.0000000000e+00
3.0395202339e-03 0.0000000000e+00 0.0000000000e+00
3.6399301607e-03 0.0000000000e+00 0.0000000000e+00
3.6968954373e-03 0.0000000000e+00 0.0000000000e+00
2.4065680336e-03 0.0000000000e+00 0.0000000000e+00
3.2710919622e-03 0.0000000000e+00 0.0000000000e+00
3.2710919622e-03 0.0000000000e+00 0.0000000000e+00
3.3838069066e-03 0.0000000000e+00 0.0000000000e+00
3.8643900771e-03 0.0000000000e+00 0.0000000000e+00
3.2181788702e-03 0.0000000000e+00 0.0000000000e+00
4.2688720860e-03 0.0000000000e+00 0.0000000000e+00
3.8296907312e-10 0.0000000000e+00 0.0000000000e+00
7.8055988997e-03 0.0000000000e+00 0.0000000000e+00
5.2390880883e-03 0.0000000000e+00 0.0000000000e+00
6.3561350107e-03 0.0000000000e+00 0.0000000000e+00
6.0267150402e-03 0.0000000000e+00 0.0000000000e+00
6.9269523956e-03 0.0000000000e+00 0.0000000000e+00
1.2761407532e-02 0.0000000000e+00 0.0000000000e+00
6.1089382507e-03 0.0000000000e+00 0.0000000000e+00
1.6395648941e-02 0.0000000000e+00 0.0000000000e+00
6.1682481319e-03 0.0000000000e+00 0.0000000000e+00
5.8825090528e-03 0.0000000000e+00 0.0000000000e+00
5.9872982092e-03 0.0000000000e+00 0.0000000000e+00
5.9872982092e-03 0.0000000000e+00 0.0000000000e+00
1.4232666232e-02 0.0000000000e+00 0.0000000000e+00
9.3890782446e-03 0.0000000000e+00 0.0000000000e+00
5.1946807653e-03 0.0000000000e+00 0.0000000000e+00
1.1924147606e-02 0.0000000000e+00 0.0000000000e+00
7.9859942198e-03 0.0000000000e+00 0.0000000000e+00
6.9553162903e-03 0.0000000000e+00 0.0000000000e+00
7.2250738740e-03 0.0000000000e+00 0.0000000000e+00
6.1233476736e-03 0.0000000000e+00 0.0000000000e+00
2.4570240953e-08 0.0000000000e+00 0.0000000000e+00
7.8072597276e-09 0.0000000000e+00 0.0000000000e+00
1.8688181669e-08 0.0000000000e+00 0.0000000000e+00
1.1143339584e-08 0.0000000000e+00 0.0000000000e+00
1.5710755363e-08 0.0000000000e+00 0.0000000000e+00
3.2132934535e-08 0.0000000000e+00 0.0000000000e+00
1.2524096668e-01 0.0000000000e+00 0.0000000000e+00
5.6006825844e-08 0.0000000000e+00 0.0000000000e+00
8.9162759483e-02 0.0000000000e+00 0.0000000000e+00
2.2562867031e-02 0.0000000000e+00 0.0000000000e+00
1.1844068766e-01 0.0000000000e+00 0.0000000000e+00
4.4779913111e-08 0.0000000000e+00 0.0000000000e+00
4.4779913111e-08 0.0000000000e+00 0.0000000000e+00
8.7958447635e-02 0.0000000000e+00 0.0000000000e+00
8.7958447635e-02 0.0000000000e+00 0.0000000000e+00
1.1062893271e-01 0.0000000000e+00 0.0000000000e+00
7.7873788774e-02 0.0000000000e+00 0.0000000000e+00
7.7873788774e-02 0.0000000000e+00 0.0000000000e+00
1.5153454244e-01 0.0000000000e+00 0.0000000000e+00
1.9558382034e-01 0.0000000000e+00 0.0000000000e+00
1.4220480621e-01 0.0000000000e+00 0.0000000000e+00
1.9095736742e-01 0.0000000000e+00 0.0000000000e+00
1.8343095481e-01 0.0000000000e+00 0.0000000000e+00
1.9987474382e-01 0.0000000000e+00 0.0000000000e+00
1.8925797939e-01 0.0000000000e+00 0.0000000000e+00
1.7503564060e-01 0.0000000000e+00 0.0000000000e+00
1.4057897031e-01 0.0000000000e+00 0.0000000000e+00
1.5545015037e-01 0.0000000000e+00 0.0000000000e+00
1.7920012772e-01 0.0000000000e+00 0.0000000000e+00
1.8263162673e-01 0.0000000000e+00 0.0000000000e+00
3.4213865518e-08 0.0000000000e+00 0.0000000000e+00
3.4213865518e-08 0.0000000000e+00 0.0000000000e+00
3.3150586486e-01 0.0000000000e+00 0.0000000000e+00
2.4906318785e-08 0.0000000000e+00 0.0000000000e+00
3.1066068829e-08 0.0000000000e+00 0.0000000000e+00
1.2998647492e-07 0.0000000000e+00 0.0000000000e+00
8.3795157479e-08 0.0000000000e+00 0.0000000000e+00
1.0068439593e-07 0.0000000000e+00 0.0000000000e+00
6.5577438590e-07 0.0000000000e+00 0.0000000000e+00
8.7209144840e-04 0.0000000000e+00 0.0000000000e+00
5.7324778289e-02 0.0000000000e+00 0.0000000000e+00
5.7324778289e-02 0.0000000000e+00 0.0000000000e+00
3.1923100352e-01 0.0000000000e+00 0.0000000000e+00
3.1923100352e-01 0.0000000000e+00 0.0000000000e+00
3.0604070425e-01 0.0000000000e+00 0.0000000000e+00
3.2878932357e-01 0.0000000000e+00 0.0000000000e+00
3.1495204568e-01 0.0000000000e+00 0.0000000000e+00
3.3713400364e-01 0.0000000000e+00 0.0000000000e+00
3.5126581788e-01 0.0000000000e+00 0.0000000000e+00
3.1706529856e-01 0.0000000000e+00 0.0000000000e+00
3.1706529856e-01 0.0000000000e+00 0.0000000000e+00
3.3152166009e-01 0.0000000000e+00 0.0000000000e+00
3.1544265151e-01 0.0000000000e+00 0.0000000000e+00
3.3721360564e-01 0.0000000000e+00 0.0000000000e+00
3.3138945699e-01 0.0000000000e+00 0.0000000000e+00
3.8594865799e-01 0.0000000000e+00 0.0000000000e+00
3.7700179219e-01 0.0000000000e+00 0.0000000000e+00
3.5492908955e-01 0.0000000000e+00 0.0000000000e+00
3.5492908955e-01 0.0000000000e+00 0.0000000000e+00
3.5272905231e-01 0.0000000000e+00 0.0000000000e+00
3.5272905231e-01 0.0000000000e+00 0.0000000000e+00
3.5272905231e-01 0.0000000000e+00 0.0000000000e+00
3.5412773490e-01 0.0000000000e+00 0.0000000000e+00
3.5136350989e-01 0.0000000000e+00 0.0000000000e+00
3.5661804676e-01 0.0000000000e+00 0.0000000000e+00
3.4924837947e-01 0.0000000000e+00 0.0000000000e+00
3.3597922325e-01 0.0000000000e+00 0.0000000000e+00
3.3613350987e-01 0.0000000000e+00 0.0000000000e+00
3.3613350987e-01 0.0000000000e+00 0.0000000000e+00
3.3481141925e-01 0.0000000000e+00 0.0000000000e+00
3.6528801918e-01 0.0000000000e+00 0.0000000000e+00
3.6951819062e-01 0.0000000000e+00 0.0000000000e+00
3.6279547215e-01 0.0000000000e+00 0.0000000000e+00
3.6279547215e-01 0.0000000000e+00 0.0000000000e+00
3.6935719848e-01 0.0000000000e+00 0.0000000000e+00
3.6935719848e-01 0.0000000000e+00 0.0000000000e+00
3.6599501967e-01 0.0000000000e+00 0.0000000000e+00
3.8115587831e-01 0.0000000000e+00 0.0000000000e+00
3.7715658545e-01 0.0000000000e+00 0.0000000000e+00
3.7188497186e-01 0.0000000000e+00 0.0000000000e+00
3.7927499413e-01 0.0000000000e+00 0.0000000000e+00
3.6941802502e-01 0.0000000000e+00 0.0000000000e+00
3.6941802502e-01 0.0000000000e+00 0.0000000000e+00
1.5723371506e-01 5.0710197538e-02 2.4116013719e-07
3.8565710187e-02 4.2311344296e-03 1.7835324630e-02
1.5730535984e-01 5.6615214795e-02 2.2945535250e-08
5.5914077908e-02 1.2380765111e-04 1.5645945445e-02
1.2612910569e-01 5.0304040313e-02 8.7544513860e-08
1.0520034283e-01 5.7576444000e-02 1.0317176447e-07
2.6129463688e-02 1.0236245544e-05 1.9763173535e-02
2.7149915695e-02 2.0541316189e-05 1.9149269909e-02
1.7885770649e-02 3.2993327750e-06 1.6598219052e-02
2.4580294266e-02 7.0442370088e-06 1.8595712259e-02
2.4580294266e-02 7.0442370088e-06 1.8595712259e-02
1.3604801148e-02 2.3718766897e-06 9.7174914554e-03
1.6083108261e-02 4.7826264054e-03 7.1886046790e-03
3.5588608589e-03 9.5669779694e-04 7.4451304972e-03
8.4224399179e-03 3.3692362678e-08 8.6461724713e-03
7.5405865209e-04 2.0699503693e-06 5.6973681785e-03
3.5876494367e-03 1.4467832443e-07 6.9051850587e-03
5.1885182038e-03 8.3464568590e-09 1.5757480636e-02
4.0838369168e-03 1.0996042299e-08 3.8089158479e-03
4.0838369168e-03 1.0996042299e-08 3.8089158479e-03
2.9980966356e-03 4.8468049499e-05 1.9397456199e-02
2.7717582416e-03 7.7681923116e-09 1.4248597436e-02
2.0589393098e-03 2.1975530284e-09 1.5045076609e-02
3.1995761674e-03 2.2847371994e-08 7.0894858800e-03
1.3574379263e-03 7.9383677409e-10 1.4254660346e-02
1.3294871897e-03 9.5956653734e-10 1.5985431150e-02
2.5059906766e-03 2.2433103994e-02 2.6344584767e-03
7.1302000433e-03 2.2887447849e-02 3.8604401052e-03
1.2268552091e-03 2.6593873277e-02 3.6854816135e-03
5.5745881982e-03 3.7910364568e-02 7.8191392822e-04
3.6311394069e-07 1.1445374228e-02 2.0682504401e-03
7.1587939747e-03 6.1525800265e-03 1.9334428944e-03
7.1587939747e-03 6.1525800265e-03 1.9334428944e-03
6.4057465643e-03 6.1621819623e-03 3.0905127060e-03
7.5659868307e-03 6.9037289359e-03 3.4104716033e-03
7.9303719103e-03 6.6535826772e-03 3.3974444959e-03
2.1792326588e-03 2.3863144219e-02 6.6246069036e-03
6.4797136001e-03 1.8490193412e-02 5.7074911892e-03
4.3027019128e-03 2.1383145824e-02 6.2059122138e-03
4.3027019128e-03 2.1383145824e-02 6.2059122138e-03
5.4629310034e-03 2.3980403319e-02 6.0331872664e-03
3.8108648732e-04 1.0443891399e-02 1.1406215839e-02
1.8040394643e-03 9.1269304976e-03 1.0813091882e-02
2.1854905935e-04 1.8005033955e-02 7.6788361184e-03
5.1961483223e-06 1.2634399347e-02 2.1979928017e-02
9.7899746834e-06 1.4338498004e-02 1.7554236576e-02
1.4677386498e-03 1.0159477592e-02 6.4909304492e-03
2.3325635120e-03 2.3110374808e-02 5.9097395279e-03
2.9714147095e-03 2.4461505935e-02 1.0348142125e-02
4.4844518416e-03 4.1169533506e-03 2.1903380752e-02
4.8550258258e-10 9.1047547758e-03 2.6909807697e-02
1.4046056540e-09 1.2184700929e-02 2.4000613019e-02
8.5697515750e-10 7.7477577142e-03 3.0230058357e-02
8.5694296104e-10 7.3867826723e-03 2.0704941824e-02
3.4244485025e-10 7.6869535260e-03 2.4392165244e-02
1.8541607139e-09 7.0049860515e-03 2.0692288876e-02
2.0388544186e-09 9.5565868542e-03 1.5743406489e-02
1.1061428268e-05 1.1087206192e-02 2.3792808875e-02
1.6014370274e-08 9.3720220029e-03 7.8778350726e-03
1.3388721243e-09 8.5936691612e-03 5.6679956615e-03
1.3593838055e-08 9.2685772106e-03 1.5498849563e-02
3.9159132825e-07 9.7560705617e-03 4.9823247828e-03
3.9159132825e-07 9.7560705617e-03 4.9823247828e-03
3.9159132825e-07 9.7560705617e-03 4.9823247828e-03
1.7190080825e-06 5.4048709571e-03 7.2996611707e-03
8.7276310623e-09 1.0011222214e-02 9.0502882376e-03
6.1324206824e-10 6.9578066468e-03 2.0269850269e-02
5.3252292673e-06 1.1141985655e-02 5.5799349211e-03
3.0824720554e-10 7.1404888295e-03 1.6555014998e-02
4.5381795544e-10 4.5089293271e-03 1.4558318071e-02
3.0863636766e-06 6.8028997630e-03 5.0336755812e-03
4.7140069910e-06 1.0388871655e-02 6.7247026600e-03
3.5660574213e-04 6.1110942625e-03 2.2064387798e-02
9.8382181022e-04 4.7438410111e-03 4.0989965200e-03
1.9372530005e-05 6.2743411399e-03 1.6464665532e-02
6.1763590202e-04 8.7133217603e-03 4.3302378617e-03
3.1632310993e-08 6.5314061940e-03 1.3289478607e-02
1.7093843780e-04 2.0119866356e-02 1.0695454665e-02
4.3385426397e-04 6.9180191495e-03 1.4724757522e-02
4.3385426397e-04 6.9180191495e-03 1.4724757522e-02
4.3385426397e-04 6.9180191495e-03 1.4724757522e-02
6.8145666887e-10 6.5664141439e-03 2.2795826197e-02
1.5820097232e-08 3.5922022071e-03 1.2493651360e-02
1.5820097232e-08 3.5922022071e-03 1.2493651360e-02
3.7904028432e-06 4.1988492012e-03 1.4295150526e-02
1.2205490521e-06 5.8686533011e-03 1.0945769958e-02
1.9434671685e-06 6.4715836197e-03 9.8821073771e-03
1.4005705680e-06 3.5619714763e-03 1.0176260956e-02
5.3617493778e-10 4.0129763074e-03 1.3626771979e-02
5.2750187933e-06 2.3742073681e-03 1.2666545808e-02
1.1962498547e-08 4.2136539705e-03 1.4638427645e-02
1.1962498547e-08 4.2136539705e-03 1.4638427645e-02
1.3367144724e-08 4.0013589896e-03 3.0885254964e-03
1.5367129791e-08 2.9645329341e-03 1.1625275016e-02
1.4220104561e-07 3.7442510948e-03 1.3337295502e-02
1.4220104561e-07 3.7442510948e-03 1.3337295502e-02
5.3948658751e-04 4.7920374200e-03 1.5177856199e-02
5.3948658751e-04 4.7920374200e-03 1.5177856199e-02
5.3948658751e-04 4.7920374200e-03 1.5177856199e-02
3.0014917138e-04 4.9168993719e-03 1.3148820959e-02
5.3668889450e-04 4.8227370717e-03 1.6918975860e-02
4.1064165998e-04 4.2505511083e-03 1.1039719917e-02
3.7284815335e-04 4.1049881838e-03 9.6758455038e-03
1.9305953458e-07 2.9332109261e-03 2.7755741030e-03
2.5585487062e-09 3.5645170137e-03 1.2025244534e-02
1.4803199777e-09 4.6886033379e-03 1.7198640853e-02
1.2907557334e-07 2.9719118029e-03 1.4057680964e-02
7.7555267763e-10 4.5736930333e-03 1.3215065002e-02
2.2420042660e-04 2.0146497991e-03 4.9985074438e-03
1.4668909420e-09 2.4984416086e-03 2.1690050140e-02
7.8983486418e-09 7.7724601142e-03 1.6056748107e-02
7.8983486418e-09 7.7724601142e-03 1.6056748107e-02
4.3873962241e-09 6.8953786977e-03 1.4125548303e-02
3.4187852549e-09 6.2640141696e-03 1.6103895381e-02
8.7258694693e-03 2.6035832707e-03 4.7510843724e-03
1.0778690688e-02 2.4192512501e-03 1.1606622487e-02
6.7168306559e-03 2.1496270783e-03 1.1993554421e-02
7.4410010129e-03 2.5040812325e-03 1.1786106974e-02
1.1628617358e-05 8.1565231085e-03 2.5013180450e-02
1.2144669890e-03 8.6215613410e-03 2.1840848029e-02
3.8511749153e-05 5.9906733222e-03 8.2225231454e-03
1.0535371985e-04 3.9906478487e-03 2.0897226408e-02
1.5146577789e-04 2.0527599845e-03 1.7819156870e-02
3.6391403410e-04 2.3080436513e-03 9.0909068240e-04
1.6272850917e-04 2.2567182314e-03 4.4821575284e-02
1.5426283935e-03 1.3225601288e-03 5.7062471751e-04
2.6127404999e-04 1.7097030068e-03 3.8660395890e-02
2.8190875310e-04 2.1595293656e-03 5.0763200969e-02
1.2975538848e-03 1.6055608867e-03 1.5426534228e-02
1.2660267430e-06 3.0425935984e-03 4.4079426676e-02
4.7548799193e-04 1.4798976481e-03 1.5515021980e-02
2.6359877666e-04 2.0058976952e-03 1.6779834405e-02
3.3213396091e-04 1.4285524376e-03 1.0216373019e-02
3.4736515954e-04 1.2956171995e-03 1.0274547152e-02
4.5890265028e-04 1.4199452708e-03 1.1285989545e-02
4.6388367991e-07 1.3169638114e-03 1.5566217713e-02
2.0909917353e-08 1.0806749342e-03 4.2077656835e-03
9.6972292522e-04 1.0413163109e-03 8.4899300709e-03
1.1924867285e-03 1.1364814127e-03 9.1173620895e-03
1.3242964633e-04 1.7513533821e-03 2.6381172240e-02
8.1043393584e-04 1.5442789299e-03 4.1699383408e-02
4.7415538575e-05 8.2132458920e-04 9.0429829434e-03
5.1170103688e-05 1.4129155315e-03 8.7546072900e-03
5.7910766918e-04 1.6306509497e-03 1.2494079769e-02
4.3444006587e-04 2.2610845044e-03 1.3044607826e-02
3.8045900874e-04 2.3263290059e-03 8.2857655361e-03
4.3758398533e-05 1.7180623254e-03 7.6675857417e-03
3.8645640598e-04 1.8220366910e-03 6.7270058207e-03
3.7527093082e-04 2.1881891880e-03 1.1964336038e-02
3.7872159737e-04 2.2024835926e-03 1.2675155886e-02
4.2418928933e-04 2.3416704498e-03 8.9033218101e-03
4.3979648035e-04 2.1656472236e-03 6.5813302062e-03
3.5258816206e-04 2.2656638175e-03 8.2012601197e-03
1.3210283942e-04 1.5729955630e-03 5.5563002825e-03
4.4063952373e-05 2.2389020305e-03 2.1250782534e-02
3.8988891902e-05 1.4642520109e-03 4.1830670089e-03
2.4683695301e-05 1.9436673028e-03 4.9267052673e-03
2.5110619390e-05 1.9268050091e-03 5.3262780420e-03
3.3123502362e-05 1.4010573504e-03 6.6256448627e-03
3.4392829548e-05 2.0610918291e-03 4.7459583730e-03
2.7629605029e-05 1.4847872080e-03 7.2261784226e-03
2.1966589658e-10 1.1135343229e-03 1.2060602894e-03
1.8274527974e-04 1.1846806156e-03 5.1917242818e-03
2.0397351182e-04 1.2942695757e-03 3.4542285721e-04
2.1235177701e-04 1.1536815437e-03 2.5162408128e-03
2.1235177701e-04 1.1536815437e-03 2.5162408128e-03
1.4260980175e-09 1.9840307068e-03 2.4510152638e-02
1.4260980175e-09 2.1045508329e-03 2.0788649097e-02
5.5144711951e-05 1.1725937948e-03 4.0606770664e-02
9.0956531196e-10 1.0770448716e-03 4.1801002808e-03
9.2704910415e-10 1.0699779959e-03 5.9056351893e-03
1.2540057881e-10 1.1868124129e-03 1.0149203241e-02
7.7094181039e-10 1.2765935389e-03 7.4495202862e-03
2.6133267772e-10 1.2468552450e-03 4.4245119207e-03
2.4515138183e-11 0.0000000000e+00 0.0000000000e+00
2.4515138183e-11 0.0000000000e+00 0.0000000000e+00
2.6639987091e-11 0.0000000000e+00 0.0000000000e+00
2.6023240854e-11 0.0000000000e+00 0.0000000000e+00
2.6029315855e-11 0.0000000000e+00 0.0000000000e+00
2.0113627777e-11 0.0000000000e+00 0.0000000000e+00
1.7870541852e-11 0.0000000000e+00 0.0000000000e+00
2.6450019952e-10 0.0000000000e+00 0.0000000000e+00
2.6450019952e-10 0.0000000000e+00 0.0000000000e+00
1.3774844376e-07 0.0000000000e+00 0.0000000000e+00
1.3775054697e-07 0.0000000000e+00 0.0000000000e+00
1.5172053835e-08 3.7990111741e-04 1.6311842948e-02
1.5172053835e-08 3.7990111741e-04 1.6311842948e-02
1.4671162896e-10 0.0000000000e+00 0.0000000000e+00
1.9602149071e-10 0.0000000000e+00 0.0000000000e+00
1.9404349849e-02 7.7958486974e-02 7.5114003266e-06
3.5667732358e-02 8.6344800889e-02 7.6062574408e-06
1.7330519855e-02 9.0947471559e-02 1.4297817870e-05
1.4848296531e-02 7.6744623482e-02 1.4298614587e-05
2.2701369599e-02 1.3438369334e-01 1.4276521142e-05
2.0944627002e-02 1.2667851150e-01 1.4276244656e-05
2.1352179348e-02 1.3274176419e-01 1.4276810361e-05
1.9864263013e-02 1.3420735300e-01 1.4277786249e-05
7.2194761597e-03 1.4504866302e-01 1.4266451217e-05
6.9714095443e-03 1.4241307974e-01 1.4263382582e-05
7.1652163751e-03 1.4394587278e-01 1.4277681657e-05
6.8570673466e-03 1.4583173394e-01 1.4263543562e-05
9.6256872639e-03 1.3870941103e-01 1.4277330592e-05
9.6256872639e-03 1.3870941103e-01 1.4277330592e-05
8.2112308592e-03 1.4632128179e-01 1.4271844520e-05
9.6944840625e-03 1.4514017105e-01 1.4268651285e-05
7.0204082876e-03 1.4699707925e-01 1.4262265722e-05
7.4674407952e-03 1.4833498001e-01 1.4261178876e-05
6.9073121995e-03 1.4774040878e-01 1.4246204046e-05
7.5307977386e-03 1.4630477130e-01 1.4268126506e-05
6.7950934172e-03 1.4525011182e-01 1.4256834220e-05
7.8352717683e-03 1.4475090802e-01 1.4278164599e-05
7.4761793949e-03 1.4237704873e-01 1.4268101040e-05
7.2616697289e-03 1.4017546177e-01 1.4249748347e-05
8.3210207522e-03 1.3907675445e-01 1.4255307178e-05
7.7721779235e-03 1.4759239554e-01 2.0507541194e-05
7.7176415361e-03 1.3837616146e-01 2.0510824470e-05
5.9464429505e-03 1.4600613713e-01 2.0493554985e-05
5.3106197156e-03 1.4110426605e-01 2.0509172828e-05
4.3780016713e-03 1.5205641091e-01 2.0508001398e-05
4.3780016713e-03 1.5205641091e-01 2.0508001398e-05
4.1130987505e-09 1.4770065248e-01 2.0522807972e-05
9.8103079438e-08 1.5579329431e-01 2.0520958060e-05
1.4340461973e-07 1.5178954601e-01 2.0489917006e-05
1.4340461973e-07 1.5178954601e-01 2.0489917006e-05
1.4340461973e-07 1.5178954601e-01 2.0489917006e-05
1.1745959227e-07 1.5065786242e-01 2.0523317289e-05
5.0203632563e-03 1.6015191376e-01 2.0541876438e-05
2.4567788159e-07 1.4513652027e-01 2.0522842533e-05
5.7998420289e-08 1.5131603181e-01 2.0525925720e-05
5.7998420289e-08 1.5131603181e-01 2.0525925720e-05
6.2173404731e-03 1.6284166276e-01 2.0530278562e-05
5.8697550558e-03 1.5141727030e-01 2.7454594601e-05
5.8697550558e-03 1.5141727030e-01 2.7454594601e-05
6.6089923494e-03 1.5372516215e-01 2.3857110136e-05
5.8566736989e-03 1.6305573285e-01 2.0184575988e-05
6.6845552064e-03 1.5287044644e-01 2.4213999495e-05
6.8040899932e-03 1.5325453877e-01 2.5273320716e-05
6.8773333915e-03 1.5208682418e-01 3.9525213651e-05
6.8773333915e-03 1.5208682418e-01 3.9525213651e-05
6.8773333915e-03 1.5208682418e-01 3.9525213651e-05
8.1648556516e-03 1.6663484275e-01 2.3404405511e-05
5.3192060441e-03 1.6066935658e-01 1.3847246009e-05
8.3281071857e-03 1.6190521419e-01 3.3796499338e-05
3.6838923115e-03 1.5590400994e-01 4.0527211240e-05
5.2436310798e-03 1.5260075033e-01 3.7516259908e-05
5.6619164534e-03 1.5359295905e-01 1.4149669732e-04
7.3586199433e-03 1.5107576549e-01 6.9963774877e-05
7.2388616391e-03 1.6361755133e-01 2.0407441480e-04
5.5232495070e-03 1.5829393268e-01 1.1325191736e-04
4.2186197825e-03 1.5943509340e-01 4.5609544031e-04
4.1219159029e-03 1.5920621157e-01 1.7383602972e-04
4.3462659232e-03 1.6149647534e-01 1.6539516218e-04
7.8815519810e-03 1.6113655269e-01 3.7462450564e-04
9.3049788848e-03 1.6488586366e-01 1.6384005721e-04
7.9612964764e-03 1.6180177033e-01 1.0513494490e-03
5.3723510355e-03 1.5398363769e-01 2.3991470516e-04
4.3075072398e-08 1.6460579634e-01 3.7183449604e-04
7.5905350968e-04 1.6179890931e-01 2.4689669954e-04
1.2755086765e-08 1.6528218985e-01 2.5513453875e-04
1.2852673592e-07 1.6576547921e-01 4.0958717000e-04
3.1570296269e-03 1.6633334756e-01 3.8844745723e-04
2.6522012195e-04 1.6642528772e-01 1.2297463836e-03
1.4757236931e-04 1.6621460021e-01 6.6141149728e-04
9.5196341863e-04 1.6413956881e-01 9.6599379322e-04
3.0009023249e-05 1.6110813618e-01 2.1496242844e-03
9.7237270893e-06 1.6285796463e-01 6.6081323894e-04
3.3650945406e-03 1.6748850048e-01 1.4971212659e-04
7.6254201122e-03 1.6171647608e-01 2.5658050436e-04
6.9259619340e-04 1.4242957532e-01 4.3880078010e-04
8.3592742158e-05 1.5269316733e-01 2.5136864861e-04
6.9944118150e-03 1.1528804898e-01 2.7888767363e-05
6.1874645762e-03 1.1036634445e-01 2.1058493076e-05
4.6725077555e-03 1.1414259672e-01 1.7240434318e-05
8.7029626593e-03 1.1606345326e-01 2.2091817300e-05
8.4097245708e-03 1.0529685766e-01 7.5977188535e-03
4.3568653055e-03 8.8885553181e-02 5.0328294747e-03
5.1622696446e-06 1.0019119829e-01 5.8617866598e-03
8.7434425950e-05 9.9952436984e-02 6.4723994583e-03
1.0579286027e-05 1.0830241442e-01 4.0604621172e-03
6.2997187342e-06 1.1924501508e-01 2.9120482504e-03
5.0133485274e-06 1.1657815427e-01 8.9347334579e-03
3.1136197504e-03 1.1711011082e-01 1.3505172683e-03
8.8438138757e-11 8.6867958307e-02 3.0278887134e-03
1.2230740032e-10 9.5921657979e-02 1.5586788068e-03
7.9511619511e-11 7.8085333109e-02 2.4196812883e-03
7.6689342376e-11 8.7261267006e-02 2.9082961846e-03
7.3486182417e-11 7.7521622181e-02 3.5147152375e-03
8.8177576352e-11 9.3360662460e-02 1.7092511989e-03
6.8511689377e-11 8.6689524353e-02 3.6706132814e-03
5.6276802662e-11 9.2329300940e-02 2.5568760466e-03
5.5787680031e-11 7.7694036067e-02 4.2379423976e-03
7.1622555109e-11 5.5917322636e-02 3.9102863520e-03
5.7004140991e-11 1.3215839863e-02 3.0646976084e-03
5.7004140991e-11 1.3215839863e-02 3.0646976084e-03
6.0164116744e-11 1.3143162243e-02 2.2927781101e-03
6.2052134264e-11 1.1496859603e-02 5.6497673504e-03
6.0832436310e-11 1.1963917874e-02 4.0959133767e-03
5.6237639545e-11 1.0739206336e-02 2.8358802665e-03
5.9428441335e-11 1.6671584919e-02 2.9006742407e-03
9.6458556420e-11 1.2893334031e-02 2.6253703982e-03
7.6728852438e-11 1.2920390815e-02 3.1202828977e-03
8.8322765768e-11 1.5806945041e-02 3.7373651285e-03
8.9491920818e-11 1.2397520244e-02 2.7789380401e-03
8.2456347306e-11 1.2804008089e-02 2.3887294810e-03
7.8762031619e-11 1.5280413441e-02 3.1722225249e-03
7.8762031619e-11 1.5280413441e-02 3.1722225249e-03
6.5460491194e-11 5.7871431112e-02 4.9350033514e-03
7.5322768855e-11 8.9723967016e-02 4.0025557391e-03
6.2700393488e-11 7.4905253947e-02 5.1729870029e-03
6.4515913445e-11 8.8929541409e-02 5.0223874860e-03
6.1527220818e-11 8.8556945324e-02 4.0625303518e-04
5.7050886682e-08 7.4340365827e-02 6.6841830267e-04
5.2253483318e-08 7.2088561952e-02 4.7733975225e-04
5.3088825780e-08 7.3712870479e-02 3.8226615288e-04
5.7854848023e-08 9.3052051961e-02 1.5498239372e-04
5.4646303482e-08 6.8162538111e-02 3.8403549115e-04
6.3287835417e-08 8.0039381981e-02 2.5846739300e-04
5.5964324730e-08 7.8165017068e-02 5.3536170162e-04
6.0385168865e-08 9.1144055128e-02 2.2831081878e-04
3.0304270204e-10 4.4898796827e-02 9.9170196336e-04
7.7432521506e-10 4.4069927186e-02 9.3431147980e-04
1.0098345811e-03 8.2696408033e-02 2.7483544545e-04
1.5603011938e-11 1.0527167469e-01 4.4691254170e-11
9.6820248291e-04 8.2719005644e-02 2.7850558399e-04
1.0667298920e-03 8.3872593939e-02 2.8154361644e-04
6.0768803814e-04 8.3910129964e-02 1.9140985387e-04
5.1947648171e-04 7.8588746488e-02 2.3092069023e-04
5.1947648171e-04 7.8588746488e-02 2.3092069023e-04
7.1036379086e-04 7.7464997768e-02 3.2660178840e-04
7.6546397759e-04 7.9893432558e-02 4.7247824259e-03
8.3611736773e-04 7.8904129565e-02 4.9382261932e-03
8.3611736773e-04 7.8904129565e-02 4.9382261932e-03
2.7987227077e-04 8.1325940788e-02 5.7254415005e-03
2.6317962329e-04 7.8484378755e-02 5.7652592659e-03
2.1705561085e-04 5.9202272445e-02 5.3884983063e-03
2.1705561085e-04 5.9202272445e-02 5.3884983063e-03
2.1079227736e-04 6.0974981636e-02 5.1017766818e-03
2.2751600773e-04 6.1536148190e-02 6.0792178847e-03
2.0273531845e-04 6.2221843749e-02 7.1235285141e-03
1.3064774976e-04 5.6287433952e-02 9.2415008694e-03
2.3053231416e-04 6.1634961516e-02 1.2039187364e-02
3.6922298023e-05 7.3987275362e-02 1.0101181455e-02
2.5030809411e-05 6.5089881420e-02 1.2861800380e-02
3.5013683373e-05 6.1158042401e-02 1.0606158525e-02
6.7532014327e-06 4.1946467012e-02 1.0289714672e-02
7.0823716669e-06 4.2432431132e-02 9.8511343822e-03
1.3592037249e-05 4.3191000819e-02 8.9308135211e-03
3.3034433727e-05 4.0305353701e-02 7.3136803694e-03
3.3034433727e-05 4.0305353701e-02 7.3136803694e-03
3.3893986256e-05 3.8327168673e-02 7.4210297316e-03
3.6964524043e-05 3.9150286466e-02 7.4010849930e-03
4.4794822315e-05 4.7473337501e-02 9.1496445239e-03
1.2879897840e-02 0.0000000000e+00 0.0000000000e+00
1.3519010507e-02 0.0000000000e+00 0.0000000000e+00
1.4634174295e-02 0.0000000000e+00 0.0000000000e+00
1.3178461231e-02 0.0000000000e+00 0.0000000000e+00
1.3403472491e-02 0.0000000000e+00 0.0000000000e+00
1.4538008720e-02 0.0000000000e+00 0.0000000000e+00
1.4538008720e-02 0.0000000000e+00 0.0000000000e+00
1.6816824675e-02 0.0000000000e+00 0.0000000000e+00
1.8914218992e-02 0.0000000000e+00 0.0000000000e+00
1.0647833347e-02 0.0000000000e+00 0.0000000000e+00
1.0647833347e-02 0.0000000000e+00 0.0000000000e+00
1.4821768738e-02 0.0000000000e+00 0.0000000000e+00
1.5739312395e-02 0.0000000000e+00 0.0000000000e+00
1.1920724995e-02 0.0000000000e+00 0.0000000000e+00
1.5344381332e-02 0.0000000000e+00 0.0000000000e+00
1.6741245985e-02 0.0000000000e+00 0.0000000000e+00
1.5606331639e-02 0.0000000000e+00 0.0000000000e+00
1.5490755439e-02 0.0000000000e+00 0.0000000000e+00
1.4673792757e-02 0.0000000000e+00 0.0000000000e+00
1.5364493243e-02 0.0000000000e+00 0.0000000000e+00
1.7007185146e-02 0.0000000000e+00 0.0000000000e+00
1.4750561677e-02 0.0000000000e+00 0.0000000000e+00
1.4750561677e-02 0.0000000000e+00 0.0000000000e+00
1.4750561677e-02 0.0000000000e+00 0.0000000000e+00
1.5564159490e-02 0.0000000000e+00 0.0000000000e+00
1.2677700259e-02 0.0000000000e+00 0.0000000000e+00
1.1838898063e-02 0.0000000000e+00 0.0000000000e+00
1.1838898063e-02 0.0000000000e+00 0.0000000000e+00
1.1095528491e-02 0.0000000000e+00 0.0000000000e+00
1.1095528491e-02 0.0000000000e+00 0.0000000000e+00
1.2602393515e-02 0.0000000000e+00 0.0000000000e+00
1.1589725502e-02 0.0000000000e+00 0.0000000000e+00
1.3159044087e-02 0.0000000000e+00 0.0000000000e+00
1.4039977454e-02 0.0000000000e+00 0.0000000000e+00
1.0844797827e-02 0.0000000000e+00 0.0000000000e+00
1.2683178298e-02 0.0000000000e+00 0.0000000000e+00
1.3141110539e-02 0.0000000000e+00 0.0000000000e+00
1.1754189618e-02 0.0000000000e+00 0.0000000000e+00
1.1754189618e-02 0.0000000000e+00 0.0000000000e+00
1.1553400196e-02 0.0000000000e+00 0.0000000000e+00
6.0344380327e-03 0.0000000000e+00 0.0000000000e+00
7.6572592370e-03 0.0000000000e+00 0.0000000000e+00
1.1466066353e-02 0.0000000000e+00 0.0000000000e+00
7.8051060438e-02 0.0000000000e+00 0.0000000000e+00
7.8051060438e-02 0.0000000000e+00 0.0000000000e+00
5.2176263183e-02 0.0000000000e+00 0.0000000000e+00
5.2176263183e-02 0.0000000000e+00 0.0000000000e+00
4.1141759604e-02 0.0000000000e+00 0.0000000000e+00
8.5062356666e-03 0.0000000000e+00 0.0000000000e+00
1.8125193194e-02 0.0000000000e+00 0.0000000000e+00
2.0167956129e-02 0.0000000000e+00 0.0000000000e+00
1.9421337172e-02 0.0000000000e+00 0.0000000000e+00
1.3423007913e-02 0.0000000000e+00 0.0000000000e+00
1.6001204029e-02 0.0000000000e+00 0.0000000000e+00
1.4748225920e-02 0.0000000000e+00 0.0000000000e+00
1.4748225920e-02 0.0000000000e+00 0.0000000000e+00
1.2661490589e-02 0.0000000000e+00 0.0000000000e+00
1.1720622890e-02 0.0000000000e+00 0.0000000000e+00
1.0251208209e-02 0.0000000000e+00 0.0000000000e+00
1.1371869594e-02 0.0000000000e+00 0.0000000000e+00
1.1371869594e-02 0.0000000000e+00 0.0000000000e+00
1.0552103631e-02 0.0000000000e+00 0.0000000000e+00
1.0861366987e-02 0.0000000000e+00 0.0000000000e+00
1.1112968437e-02 0.0000000000e+00 0.0000000000e+00
1.2541630305e-02 0.0000000000e+00 0.0000000000e+00
1.1440026574e-02 0.0000000000e+00 0.0000000000e+00
1.5201021917e-02 0.0000000000e+00 0.0000000000e+00
2.6114186272e-02 0.0000000000e+00 0.0000000000e+00
2.7142509818e-02 0.0000000000e+00 0.0000000000e+00
1.5287286602e-02 0.0000000000e+00 0.0000000000e+00
1.9322587177e-02 0.0000000000e+00 0.0000000000e+00
2.8847657144e-02 0.0000000000e+00 0.0000000000e+00
1.7053391784e-02 0.0000000000e+00 0.0000000000e+00
2.5201233104e-02 0.0000000000e+00 0.0000000000e+00
3.7190914154e-02 0.0000000000e+00 0.0000000000e+00
2.3964747787e-02 0.0000000000e+00 0.0000000000e+00
1.6820581630e-02 0.0000000000e+00 0.0000000000e+00
1.6873134300e-02 0.0000000000e+00 0.0000000000e+00
1.6873134300e-02 0.0000000000e+00 0.0000000000e+00
1.8364490941e-02 0.0000000000e+00 0.0000000000e+00
1.7957450822e-02 0.0000000000e+00 0.0000000000e+00
1.7987400293e-02 0.0000000000e+00 0.0000000000e+00
1.7987400293e-02 0.0000000000e+00 0.0000000000e+00
1.7933700234e-02 0.0000000000e+00 0.0000000000e+00
1.7933700234e-02 0.0000000000e+00 0.0000000000e+00
1.9900800660e-02 0.0000000000e+00 0.0000000000e+00
1.9977187738e-02 0.0000000000e+00 0.0000000000e+00
2.0020572469e-02 0.0000000000e+00 0.0000000000e+00
2.1096231416e-02 0.0000000000e+00 0.0000000000e+00
2.0779538900e-02 0.0000000000e+00 0.0000000000e+00
1.9345957786e-02 0.0000000000e+00 0.0000000000e+00
1.8037160859e-02 0.0000000000e+00 0.0000000000e+00
1.8037160859e-02 0.0000000000e+00 0.0000000000e+00
1.7082957551e-02 0.0000000000e+00 0.0000000000e+00
1.7055781558e-02 0.0000000000e+00 0.0000000000e+00
2.5210224558e-03 0.0000000000e+00 0.0000000000e+00
2.5206627324e-03 0.0000000000e+00 0.0000000000e+00
2.5208578445e-03 0.0000000000e+00 0.0000000000e+00
2.5171251036e-03 0.0000000000e+00 0.0000000000e+00
2.5171251036e-03 0.0000000000e+00 0.0000000000e+00
2.5171251036e-03 0.0000000000e+00 0.0000000000e+00
1.4826606028e-02 0.0000000000e+00 0.0000000000e+00
1.4816333540e-02 0.0000000000e+00 0.0000000000e+00
1.1088065803e-02 0.0000000000e+00 0.0000000000e+00
1.0792174377e-02 0.0000000000e+00 0.0000000000e+00
1.1277676560e-02 0.0000000000e+00 0.0000000000e+00
1.1277676560e-02 0.0000000000e+00 0.0000000000e+00
1.0417233221e-02 0.0000000000e+00 0.0000000000e+00
1.0417233221e-02 0.0000000000e+00 0.0000000000e+00
1.0417233221e-02 0.0000000000e+00 0.0000000000e+00
2.0805849135e-01 0.0000000000e+00 0.0000000000e+00
2.1190923452e-01 0.0000000000e+00 0.0000000000e+00
2.1155206859e-01 0.0000000000e+00 0.0000000000e+00
6.9390960038e-02 0.0000000000e+00 0.0000000000e+00
6.7616961896e-02 0.0000000000e+00 0.0000000000e+00
1.1191561818e-01 0.0000000000e+00 0.0000000000e+00
1.1191561818e-01 0.0000000000e+00 0.0000000000e+00
1.0779870301e-01 0.0000000000e+00 0.0000000000e+00
9.7816884518e-02 0.0000000000e+00 0.0000000000e+00
9.9354982376e-02 0.0000000000e+00 0.0000000000e+00
9.9354982376e-02 0.0000000000e+00 0.0000000000e+00
9.9354982376e-02 0.0000000000e+00 0.0000000000e+00
9.8879039288e-02 0.0000000000e+00 0.0000000000e+00
9.9043257535e-02 0.0000000000e+00 0.0000000000e+00
1.0313320905e-01 0.0000000000e+00 0.0000000000e+00
1.0201647878e-01 0.0000000000e+00 0.0000000000e+00
1.0201647878e-01 0.0000000000e+00 0.0000000000e+00
1.0377710313e-01 0.0000000000e+00 0.0000000000e+00
1.0210277885e-01 0.0000000000e+00 0.0000000000e+00
1.0170140117e-01 0.0000000000e+00 0.0000000000e+00
1.0190948099e-01 0.0000000000e+00 0.0000000000e+00
1.0238451511e-01 0.0000000000e+00 0.0000000000e+00
1.0238451511e-01 0.0000000000e+00 0.0000000000e+00
1.0631038994e-01 0.0000000000e+00 0.0000000000e+00
4.1091001034e-01 0.0000000000e+00 0.0000000000e+00
3.7506297231e-01 0.0000000000e+00 0.0000000000e+00
3.7506297231e-01 0.0000000000e+00 0.0000000000e+00
4.7402283549e-01 0.0000000000e+00 0.0000000000e+00
4.2811027169e-01 0.0000000000e+00 0.0000000000e+00
3.9292630553e-01 0.0000000000e+00 0.0000000000e+00
3.9292630553e-01 0.0000000000e+00 0.0000000000e+00
3.9292630553e-01 0.0000000000e+00 0.0000000000e+00
3.9292630553e-01 0.0000000000e+00 0.0000000000e+00
4.4008621573e-01 0.0000000000e+00 0.0000000000e+00
4.4625961781e-01 0.0000000000e+00 0.0000000000e+00
4.0289068222e-01 0.0000000000e+00 0.0000000000e+00
4.3255236745e-01 0.0000000000e+00 0.0000000000e+00
4.0386676788e-01 0.0000000000e+00 0.0000000000e+00
4.0444681048e-01 0.0000000000e+00 0.0000000000e+00
4.0444681048e-01 0.0000000000e+00 0.0000000000e+00
3.9385446906e-01 0.0000000000e+00 0.0000000000e+00
4.1606619954e-01 0.0000000000e+00 0.0000000000e+00
4.4961938262e-01 0.0000000000e+00 0.0000000000e+00
4.5355334878e-01 0.0000000000e+00 0.0000000000e+00
4.0898478031e-01 0.0000000000e+00 0.0000000000e+00
3.9919629693e-01 0.0000000000e+00 0.0000000000e+00
4.0329816937e-01 0.0000000000e+00 0.0000000000e+00
3.8387811184e-01 0.0000000000e+00 0.0000000000e+00
4.1771873832e-01 0.0000000000e+00 0.0000000000e+00
4.0705358982e-01 0.0000000000e+00 0.0000000000e+00
3.4643569589e-01 0.0000000000e+00 0.0000000000e+00
3.4445941448e-02 3.3442389686e-03 6.4229346812e-02
1.5847189352e-02 2.4611842819e-03 5.9212576598e-02
8.5739610950e-04 0.0000000000e+00 0.0000000000e+00
2.4598503951e-03 0.0000000000e+00 0.0000000000e+00
2.4598503951e-03 0.0000000000e+00 0.0000000000e+00
2.8281833511e-03 0.0000000000e+00 0.0000000000e+00
2.6137696113e-03 0.0000000000e+00 0.0000000000e+00
2.6137696113e-03 0.0000000000e+00 0.0000000000e+00
2.6137696113e-03 0.0000000000e+00 0.0000000000e+00
2.7990324888e-03 0.0000000000e+00 0.0000000000e+00
2.8412828688e-03 0.0000000000e+00 0.0000000000e+00
2.7133524418e-03 0.0000000000e+00 0.0000000000e+00
3.3438766841e-03 0.0000000000e+00 0.0000000000e+00
3.2201034483e-03 0.0000000000e+00 0.0000000000e+00
6.6507849842e-03 0.0000000000e+00 0.0000000000e+00
6.6507849842e-03 0.0000000000e+00 0.0000000000e+00
2.2907423973e-01 0.0000000000e+00 0.0000000000e+00
2.0853237808e-01 0.0000000000e+00 0.0000000000e+00
2.2183422744e-01 0.0000000000e+00 0.0000000000e+00
2.2292105854e-01 0.0000000000e+00 0.0000000000e+00
1.4048038423e-01 0.0000000000e+00 0.0000000000e+00
1.4048038423e-01 0.0000000000e+00 0.0000000000e+00
2.3726718128e-01 0.0000000000e+00 0.0000000000e+00
2.3791080713e-01 0.0000000000e+00 0.0000000000e+00
2.4202138186e-01 0.0000000000e+00 0.0000000000e+00
2.3554967344e-01 0.0000000000e+00 0.0000000000e+00
2.3089043796e-01 0.0000000000e+00 0.0000000000e+00
2.4043844640e-01 0.0000000000e+00 0.0000000000e+00
2.3920066655e-01 0.0000000000e+00 0.0000000000e+00
2.4565668404e-01 0.0000000000e+00 0.0000000000e+00
2.4307453632e-01 0.0000000000e+00 0.0000000000e+00
2.4212682247e-01 0.0000000000e+00 0.0000000000e+00
2.0665298402e-01 0.0000000000e+00 0.0000000000e+00
2.0824347436e-01 0.0000000000e+00 0.0000000000e+00
2.0940519869e-01 0.0000000000e+00 0.0000000000e+00
2.0648001134e-01 0.0000000000e+00 0.0000000000e+00
2.0380546153e-01 0.0000000000e+00 0.0000000000e+00
2.0868919790e-01 0.0000000000e+00 0.0000000000e+00
2.0358045399e-01 0.0000000000e+00 0.0000000000e+00
2.1028052270e-01 0.0000000000e+00 0.0000000000e+00
2.0767854154e-01 0.0000000000e+00 0.0000000000e+00
2.1207654476e-01 0.0000000000e+00 0.0000000000e+00
2.1026377380e-01 0.0000000000e+00 0.0000000000e+00
1.9115690887e-01 0.0000000000e+00 0.0000000000e+00
1.9826753438e-01 0.0000000000e+00 0.0000000000e+00
1.8950104713e-01 0.0000000000e+00 0.0000000000e+00
1.9445538521e-01 0.0000000000e+00 0.0000000000e+00
1.6965343058e-01 0.0000000000e+00 0.0000000000e+00
1.6308031976e-01 0.0000000000e+00 0.0000000000e+00
1.7164905369e-01 0.0000000000e+00 0.0000000000e+00
1.5611690283e-01 0.0000000000e+00 0.0000000000e+00
1.5611690283e-01 0.0000000000e+00 0.0000000000e+00
1.5611690283e-01 0.0000000000e+00 0.0000000000e+00
1.7214003019e-03 1.3475335436e-03 7.3084891774e-03
1.4938106760e-03 3.3312069718e-03 5.3724404424e-03
1.1613954557e-03 2.9613089282e-03 5.8820471168e-03
1.9249436446e-03 3.2465250697e-03 7.3444494046e-03
1.3991263695e-03 3.0240782071e-03 5.6038429029e-03
1.5399014810e-03 2.9810250271e-03 1.0181424208e-02
1.0488603730e-03 3.1748760957e-03 6.0078552924e-03
1.0420879116e-03 2.5341259316e-03 6.5499260090e-03
7.3070329381e-04 3.0988163780e-03 5.9602973051e-03
5.5901438463e-04 2.9934914783e-03 4.2955069803e-03
3.5203117295e-04 4.1228435002e-03 3.9388150908e-03
1.3231659541e-03 1.9724031154e-04 4.6703759581e-03
5.0460956991e-03 5.8368011378e-03 1.5772106126e-02
6.4550787210e-03 7.9771028832e-03 1.4906070195e-02
3.8800384849e-02 1.2724813074e-02 5.1090162247e-02
3.6024626344e-02 1.0018301196e-02 5.3827702999e-02
4.1620854288e-02 1.1141459458e-02 5.0100501627e-02
3.9973077364e-03 7.2223511524e-03 1.1307726614e-02
3.7190027069e-03 2.5944851222e-04 1.2454263866e-02
4.9159047194e-03 9.8454356194e-03 1.7052413896e-02
2.9204010498e-03 3.1765364110e-04 1.0806190781e-02
5.6123808026e-03 2.8768812772e-03 1.7181705683e-02
5.6123808026e-03 2.8768812772e-03 1.7181705683e-02
6.0279467143e-03 4.9830292119e-04 3.1363915652e-02
5.6948964484e-03 2.4155007850e-04 1.3127393089e-02
4.6900766902e-03 3.1867515645e-04 1.1167578399e-02
3.4107122570e-02 1.1436884291e-02 5.7366296649e-02
6.9650243968e-03 1.1146018514e-03 1.5638127923e-02
6.9650243968e-03 1.1146018514e-03 1.5638127923e-02
6.8330992945e-03 2.6887538843e-04 1.4876955189e-02
5.4068467580e-03 1.8451138167e-03 9.5636956394e-03
5.4068467580e-03 1.8451138167e-03 9.5636956394e-03
1.3949626125e-02 4.7825365327e-03 2.8686575592e-02
1.1486452073e-02 5.9921205975e-03 2.9099581763e-02
1.4833089896e-02 6.2716105022e-03 2.6897257194e-02
1.1502380483e-02 4.6231155284e-03 9.6715241671e-03
1.1502380483e-02 4.6231155284e-03 9.6715241671e-03
1.2151190080e-02 4.7184093855e-03 3.0900040641e-02
1.2151190080e-02 4.7184093855e-03 3.0900040641e-02
2.1655386314e-02 3.1027619261e-03 3.8075458258e-02
1.9109083340e-02 4.4213254005e-03 3.6321640015e-02
1.9347896799e-02 5.0105666742e-03 3.6719720811e-02
1.7313593999e-02 4.4755493291e-03 3.2233681530e-02
9.6586709842e-03 5.1837984938e-04 2.7399016544e-02
1.4387734234e-02 9.2281884281e-04 2.3580094799e-02
2.4789170921e-01 1.3867932139e-03 1.6647143289e-02
2.3074127734e-01 2.4373894557e-03 2.1806158125e-02
1.5720261633e-01 7.3438291438e-03 2.8634695336e-02
2.3056082428e-01 3.0323108658e-03 2.1321782842e-02
2.4781070650e-01 8.6178415222e-04 1.4074351639e-02
2.4781070650e-01 8.6178415222e-04 1.4074351639e-02
2.4781070650e-01 8.6178415222e-04 1.4074351639e-02
2.6410448551e-01 7.7335070819e-04 2.4746381678e-03
2.7160045505e-01 1.1039950186e-03 1.8820728874e-03
2.3162001744e-02 8.3451165119e-04 3.1940180808e-02
2.3162001744e-02 8.3451165119e-04 3.1940180808e-02
1.2878847308e-02 4.7089005238e-04 2.1636875346e-02
3.0816128850e-01 1.2864022283e-03 8.6748693138e-04
3.0814003944e-01 7.4356095865e-04 2.0864391990e-04
2.8603366017e-01 1.9972377922e-03 2.4068227503e-03
2.9301610589e-01 1.6146972775e-03 2.1075531840e-03
2.9380401969e-01 1.6656330554e-03 1.9202529220e-03
3.0501270294e-01 1.3294507517e-03 6.3819851493e-04
3.0191764235e-01 1.5146547230e-03 1.3419716852e-03
3.0249765515e-01 1.4367015101e-03 7.8963488340e-04
3.1166252494e-01 8.2093366655e-04 8.2384700363e-05
3.0233904719e-01 1.6384270275e-03 4.6016694978e-04
3.1376492977e-01 8.5299025523e-04 4.8089666961e-05
3.1376492977e-01 8.5299025523e-04 4.8089666961e-05
3.1591704488e-01 8.4172002971e-04 1.6374670668e-04
3.1714138389e-01 5.2144058282e-04 2.1443737205e-04
3.1511706114e-01 5.1968934713e-04 1.1747384997e-04
3.1093013287e-01 5.7788554113e-04 1.6146026610e-04
3.0898714066e-01 6.0287100496e-04 1.1098509276e-04
1.8286520243e-01 9.4250339316e-04 1.8323310360e-04
1.8354545534e-01 8.1727589713e-04 1.4110517805e-04
1.8354545534e-01 8.1727589713e-04 1.4110517805e-04
1.8361276388e-01 8.1277894787e-04 1.2676739425e-04
1.8384087086e-01 8.1560743274e-04 1.3583066175e-04
1.8381428719e-01 8.1217131810e-04 1.2885090837e-04
1.8348972499e-01 8.1653177040e-04 1.5237835760e-04
1.8385376036e-01 8.0889789388e-04 1.6728877381e-04
1.8252599239e-01 1.0822551558e-03 1.5162870113e-04
1.8320880830e-01 7.7798316488e-04 1.3018357276e-04
1.8219178915e-01 7.7692366904e-04 1.3949493587e-04
1.8208448589e-01 7.7963055810e-04 2.9725473723e-04
1.8210722506e-01 7.8209041385e-04 5.4250587709e-05
1.8140371144e-01 1.7292158445e-03 5.3679021221e-05
1.8134313822e-01 1.7261366593e-03 5.5049593357e-05
1.8125838041e-01 1.8846266903e-03 5.5050815718e-05
1.7880755663e-01 1.1143308366e-03 7.7711905760e-05
1.7903678119e-01 9.7378244391e-04 8.7370855908e-05
1.7883467674e-01 9.7709929105e-04 8.1084319390e-05
1.7865251005e-01 9.7684736829e-04 7.7603152022e-05
1.7865251005e-01 9.7684736829e-04 7.7603152022e-05
1.7889522016e-01 9.7429467132e-04 7.7309923654e-05
1.7817465961e-01 1.1319854530e-03 7.7888311353e-05
1.7818789184e-01 1.1346640531e-03 8.1216021499e-05
1.7822001874e-01 1.1346560204e-03 8.6766493041e-05
1.7814408243e-01 1.1329165427e-03 5.8253990574e-05
1.7837570608e-01 1.1364897946e-03 3.9371825551e-05
1.7815946043e-01 1.1321060592e-03 4.1079580114e-05
1.7868684232e-01 1.0125131812e-03 4.0108687244e-05
1.7810101807e-01 8.8765687542e-04 2.8360080250e-05
1.7781086266e-01 9.2025689082e-04 2.4959948860e-05
1.7813099921e-01 8.6699682288e-04 2.4803541237e-05
1.7795018852e-01 9.1328873532e-04 2.6714646083e-05
1.7752765119e-01 9.4635429559e-04 2.4459930501e-05
1.7731016874e-01 9.5032266108e-04 2.5250576073e-05
1.7846393585e-01 1.1310875416e-03 1.8867198378e-05
1.7466242611e-01 1.1265036883e-03 1.8912302039e-05
1.7922234535e-01 1.1353449663e-03 1.8993885533e-05
7.1645358730e-06 0.0000000000e+00 0.0000000000e+00
1.8956101133e-09 0.0000000000e+00 0.0000000000e+00
3.2318625599e-02 0.0000000000e+00 0.0000000000e+00
3.3113077283e-02 0.0000000000e+00 0.0000000000e+00
1.4502132217e-05 0.0000000000e+00 0.0000000000e+00
9.4830118120e-02 0.0000000000e+00 0.0000000000e+00
1.5481743962e-02 0.0000000000e+00 0.0000000000e+00
1.3581066392e-02 0.0000000000e+00 0.0000000000e+00
1.3087100349e-02 0.0000000000e+00 0.0000000000e+00
1.3336357661e-02 0.0000000000e+00 0.0000000000e+00
1.3525334187e-02 0.0000000000e+00 0.0000000000e+00
1.3525334187e-02 0.0000000000e+00 0.0000000000e+00
1.4018238522e-02 0.0000000000e+00 0.0000000000e+00
1.3725385070e-02 0.0000000000e+00 0.0000000000e+00
4.8599881120e-03 0.0000000000e+00 0.0000000000e+00
5.0076972693e-03 0.0000000000e+00 0.0000000000e+00
4.9178800546e-03 0.0000000000e+00 0.0000000000e+00
1.0706987232e-02 0.0000000000e+00 0.0000000000e+00
8.5635790601e-03 0.0000000000e+00 0.0000000000e+00
9.2394361272e-03 0.0000000000e+00 0.0000000000e+00
7.6782722026e-03 0.0000000000e+00 0.0000000000e+00
1.0417152196e-02 0.0000000000e+00 0.0000000000e+00
1.0683435947e-02 0.0000000000e+00 0.0000000000e+00
8.3550615236e-03 0.0000000000e+00 0.0000000000e+00
5.3247422911e-03 0.0000000000e+00 0.0000000000e+00
5.5504175834e-03 0.0000000000e+00 0.0000000000e+00
5.2842446603e-03 0.0000000000e+00 0.0000000000e+00
6.2907258980e-03 0.0000000000e+00 0.0000000000e+00
5.0523835234e-03 0.0000000000e+00 0.0000000000e+00
5.1365275867e-03 0.0000000000e+00 0.0000000000e+00
6.2807449140e-03 0.0000000000e+00 0.0000000000e+00
6.2807449140e-03 0.0000000000e+00 0.0000000000e+00
8.1904409453e-03 0.0000000000e+00 0.0000000000e+00
6.5875654109e-03 0.0000000000e+00 0.0000000000e+00
7.3390286416e-03 0.0000000000e+00 0.0000000000e+00
1.6682462703e-11 0.0000000000e+00 0.0000000000e+00
1.6682462703e-11 0.0000000000e+00 0.0000000000e+00
1.9580394597e-11 0.0000000000e+00 0.0000000000e+00
1.7946817643e-11 0.0000000000e+00 0.0000000000e+00
1.9418992456e-11 0.0000000000e+00 0.0000000000e+00
6.6256021114e-08 1.1660082964e-03 1.3494353043e-03
3.3543004974e-05 0.0000000000e+00 0.0000000000e+00
2.9514803828e-05 0.0000000000e+00 0.0000000000e+00
2.4961096642e-05 1.3886418892e-03 7.4076629244e-04
2.9975685129e-11 3.9679781185e-04 1.4347411925e-03
4.3333934627e-06 8.7074498879e-04 1.4749896945e-03
5.7479588577e-05 0.0000000000e+00 0.0000000000e+00
7.5190364441e-05 2.1337909857e-04 1.9820069429e-03
8.1318285083e-05 0.0000000000e+00 0.0000000000e+00
2.0467881768e-05 0.0000000000e+00 0.0000000000e+00
4.3259438826e-05 0.0000000000e+00 0.0000000000e+00
1.2663634152e-05 7.9693458974e-04 1.4653307153e-03
5.7085330809e-06 9.9215889350e-04 1.4125704765e-03
1.8555650968e-05 9.6848537214e-04 1.3760857983e-03
1.8555650968e-05 9.6848537214e-04 1.3760857983e-03
1.8555650968e-05 9.6848537214e-04 1.3760857983e-03
5.8055813424e-03 0.0000000000e+00 0.0000000000e+00
8.1815356389e-03 0.0000000000e+00 0.0000000000e+00
4.2331634177e-05 1.0925425449e-03 2.1155003924e-03
5.3775752895e-03 0.0000000000e+00 0.0000000000e+00
5.3775752895e-03 0.0000000000e+00 0.0000000000e+00
6.2117520720e-03 0.0000000000e+00 0.0000000000e+00
1.0356833627e-05 1.1822372908e-03 1.5172823332e-03
1.2971125543e-03 0.0000000000e+00 0.0000000000e+00
1.9479388138e-03 0.0000000000e+00 0.0000000000e+00
1.1759571498e-03 0.0000000000e+00 0.0000000000e+00
1.1759571498e-03 0.0000000000e+00 0.0000000000e+00
1.3615880162e-03 0.0000000000e+00 0.0000000000e+00
2.3173685186e-03 0.0000000000e+00 0.0000000000e+00
1.7215866828e-03 0.0000000000e+00 0.0000000000e+00
1.9941590726e-03 0.0000000000e+00 0.0000000000e+00
2.4149212986e-03 0.0000000000e+00 0.0000000000e+00
1.0856174631e-03 0.0000000000e+00 0.0000000000e+00
1.0832218686e-03 0.0000000000e+00 0.0000000000e+00
2.0255548880e-03 0.0000000000e+00 0.0000000000e+00
7.0244558156e-03 0.0000000000e+00 0.0000000000e+00
3.2801360358e-03 0.0000000000e+00 0.0000000000e+00
4.8793894239e-03 0.0000000000e+00 0.0000000000e+00
8.8817765936e-03 0.0000000000e+00 0.0000000000e+00
9.5191160217e-03 0.0000000000e+00 0.0000000000e+00
7.3811486363e-03 0.0000000000e+00 0.0000000000e+00
7.3157059960e-03 0.0000000000e+00 0.0000000000e+00
8.2482099533e-03 0.0000000000e+00 0.0000000000e+00
8.2482099533e-03 0.0000000000e+00 0.0000000000e+00
3.7225245032e-03 0.0000000000e+00 0.0000000000e+00
6.6791987047e-04 0.0000000000e+00 0.0000000000e+00
6.6791987047e-04 0.0000000000e+00 0.0000000000e+00
5.9089751448e-04 0.0000000000e+00 0.0000000000e+00
2.6865545660e-03 0.0000000000e+00 0.0000000000e+00
6.3647176139e-03 0.0000000000e+00 0.0000000000e+00
2.3374364246e-03 0.0000000000e+00 0.0000000000e+00
5.5743596749e-04 0.0000000000e+00 0.0000000000e+00
5.9693184448e-04 0.0000000000e+00 0.0000000000e+00
6.9053071456e-06 2.1856806707e-03 1.7353501171e-03
2.4059425050e-04 0.0000000000e+00 0.0000000000e+00
1.7949337780e-04 0.0000000000e+00 0.0000000000e+00
1.0506232502e-03 0.0000000000e+00 0.0000000000e+00
1.0212712223e-03 0.0000000000e+00 0.0000000000e+00
1.4100336703e-03 0.0000000000e+00 0.0000000000e+00
1.3842931949e-03 0.0000000000e+00 0.0000000000e+00
1.6212556511e-03 0.0000000000e+00 0.0000000000e+00
1.0583444237e-04 0.0000000000e+00 0.0000000000e+00
2.4213751021e-04 0.0000000000e+00 0.0000000000e+00
1.3829395175e-03 0.0000000000e+00 0.0000000000e+00
5.0976425409e-03 0.0000000000e+00 0.0000000000e+00
5.0976425409e-03 0.0000000000e+00 0.0000000000e+00
5.0860359333e-03 0.0000000000e+00 0.0000000000e+00
5.0860359333e-03 0.0000000000e+00 0.0000000000e+00
5.1163360476e-03 0.0000000000e+00 0.0000000000e+00
5.1037627272e-03 0.0000000000e+00 0.0000000000e+00
5.1046698354e-03 0.0000000000e+00 0.0000000000e+00
5.1105786115e-03 0.0000000000e+00 0.0000000000e+00
5.1280944608e-03 0.0000000000e+00 0.0000000000e+00
5.1193516701e-03 0.0000000000e+00 0.0000000000e+00
5.1089054905e-03 0.0000000000e+00 0.0000000000e+00
5.1171914674e-03 0.0000000000e+00 0.0000000000e+00
5.0899563357e-03 0.0000000000e+00 0.0000000000e+00
5.3139445372e-03 0.0000000000e+00 0.0000000000e+00
7.4904463254e-03 2.1571967227e-04 2.3062459659e-03
1.0333285667e-02 1.9181320386e-04 6.5329545178e-03
1.0837328620e-02 1.8647970865e-04 6.9240760058e-03
1.0820620693e-02 3.6208378151e-04 6.9632120430e-03
1.0500847362e-02 3.3875263762e-04 6.8545653485e-03
1.5735875815e-02 1.1028640438e-03 7.3128882796e-03
1.7765842378e-02 7.5311464025e-04 7.2383619845e-03
1.5279129148e-02 1.8226909451e-03 5.8499448933e-03
7.2017982602e-03 1.9742205041e-04 3.7094336003e-03
1.6799530014e-02 4.7491150326e-04 4.8623313196e-03
1.5783745795e-02 1.4860377414e-03 4.6822126023e-03
1.5672421083e-02 1.3281306019e-03 4.7117341310e-03
1.8166126683e-02 7.7762297587e-04 4.5311376452e-03
4.2574607505e-05 4.9490889069e-05 3.0934356619e-03
2.1216996174e-05 1.1171217775e-03 4.7782603651e-03
8.0649362644e-05 3.3030661143e-05 4.9075912684e-03
2.9057242500e-05 4.8711919226e-04 5.3645870648e-03
2.8077347451e-05 7.2074058698e-04 5.3446949460e-03
3.3977550629e-05 2.3960707767e-04 4.7482759692e-03
2.5155059120e-05 9.7406399436e-04 5.4428242147e-03
1.5201819770e-04 1.1687872466e-03 5.4624862969e-03
2.6532499760e-05 7.2442746023e-04 5.3513050079e-03
2.3397036784e-05 8.8934338419e-04 5.4166470654e-03
3.5402601497e-05 3.8633786608e-03 2.4299998768e-03
3.7479683670e-05 2.5423238985e-03 1.0346296243e-02
1.0076066974e-04 3.5291656386e-03 8.2699321210e-03
4.4871801947e-05 2.9233412351e-03 9.7495755181e-03
2.3982798666e-05 3.6689529661e-03 7.3860432021e-03
2.6617548428e-05 3.7498422898e-04 7.3727183044e-03
2.1613966965e-05 5.5467756465e-04 7.3930453509e-03
2.2479005565e-05 1.2699813815e-03 7.2701587342e-03
1.7737596863e-05 2.4558024597e-04 7.3878280818e-03
1.9488537873e-05 5.0189683679e-04 7.4292202480e-03
2.6068139050e-05 4.2066365131e-04 7.4354936369e-03
3.4458509617e-05 4.6571868006e-04 7.4015720747e-03
2.6897630960e-05 5.5964285275e-04 7.3456703685e-03
2.6644496756e-05 5.6470197160e-04 7.5163058937e-03
2.6644496756e-05 5.6470197160e-04 7.5163058937e-03
2.8346825275e-05 6.8940035999e-04 7.4611636810e-03
2.2672371415e-05 2.5643568370e-04 7.5891795568e-03
2.5201894459e-05 4.1779651656e-04 7.5850761496e-03
2.3077993319e-05 5.0984497648e-04 7.5764195062e-03
4.4425618398e-05 1.8783505948e-04 7.6069193892e-03
4.5232573029e-05 2.1062542510e-04 7.5903595425e-03
4.5710708946e-05 2.2714324587e-04 7.5941332616e-03
2.2165047575e-11 1.4682806977e-05 1.1886701686e-03
2.4022499268e-11 1.0733051458e-03 2.1299143555e-05
2.3707055416e-11 4.7701472067e-04 8.2426395966e-04
2.5120744027e-11 4.6646486673e-09 9.8901209640e-06
7.5530457252e-05 3.9267558094e-09 1.0764597214e-08
3.8916123796e-11 4.6221748926e-04 6.0198232177e-07
1.6733356020e-11 1.2827458704e-06 1.1003481859e-07
1.7846344194e-11 3.6938689300e-04 2.3235169522e-07
1.7846344194e-11 7.1730451054e-06 1.9439808341e-07
1.6261808566e-10 3.6233940293e-09 2.2006240386e-08
1.5665661476e-11 2.4973866530e-08 3.6919649915e-07
1.2689473604e-11 9.0542556785e-10 8.2296537585e-07
4.8035642976e-05 2.8210525027e-09 4.1367006488e-03
4.1608785861e-11 1.6781241952e-09 4.3011251837e-03
4.1688232727e-11 2.4113407449e-07 4.2800493538e-03
4.1672800627e-11 2.5057713682e-09 1.3735156301e-07
4.1718444671e-11 3.3181659642e-09 4.0893619880e-03
4.1718444671e-11 3.3181659642e-09 4.0893619880e-03
3.4684238120e-11 4.1043369947e-07 3.7692536134e-03
4.2356829849e-11 2.2085617779e-09 4.3087983504e-03
4.1515197530e-11 9.1314761308e-10 4.2176838033e-03
4.2435933240e-11 5.8606222098e-08 4.6099522151e-03
1.0211923836e-05 4.5606557251e-06 3.8862123620e-03
3.0783678085e-05 9.5807363323e-06 3.8373458665e-03
3.8394948206e-05 1.5159654140e-05 3.9663710631e-03
4.1571765905e-05 1.0355197446e-05 3.8718136493e-03
2.9147078749e-05 1.2177872122e-05 3.8579443935e-03
2.9147078749e-05 1.2177872122e-05 3.8579443935e-03
3.8828031393e-05 1.4900305878e-08 3.9185546339e-03
3.9851274778e-05 1.1465747775e-05 3.8174949586e-03
1.1138828086e-05 2.0317440431e-05 3.8650827482e-03
3.6061079300e-05 1.5132917724e-05 3.5472551826e-03
3.6647737796e-12 5.7469842432e-06 4.0127173997e-03
3.6647737796e-12 5.7469842432e-06 4.0127173997e-03
1.9784578399e-05 1.3154453882e-05 3.8782067131e-03
1.9963687009e-05 1.8175660088e-08 3.9797690697e-03
2.1314386686e-05 4.4273942876e-06 2.4867104366e-03
1.8337352230e-05 2.1291845769e-04 2.1719352808e-03
2.0834353563e-05 6.3704192871e-04 3.6233616993e-03
2.1860336346e-05 4.7772386461e-04 2.6376836468e-03
2.1943853426e-05 4.7509488650e-04 3.7135325838e-03
8.7786429503e-06 4.6854591346e-04 2.8268846218e-03
8.3635359260e-06 5.7304668007e-04 3.9906874299e-03
8.3635359260e-06 5.7304668007e-04 3.9906874299e-03
8.6637492132e-06 4.1314258124e-04 3.7623427343e-03
8.7052430899e-06 4.7144424752e-04 3.9822733961e-03
8.7052430899e-06 4.7144424752e-04 3.9822733961e-03
8.5399260570e-06 9.0344501587e-06 3.9268238470e-03
8.4044022515e-06 7.3140999302e-04 3.1161848456e-03
8.8161914391e-06 8.7229936616e-04 4.1120857932e-03
9.2662257885e-06 1.4643816976e-03 2.9716852587e-03
8.3644363258e-06 1.5206366079e-03 2.5066637318e-04
8.3644363258e-06 1.5206366079e-03 2.5066637318e-04
8.8307397164e-06 1.2935634004e-03 2.9495868366e-03
9.0873027148e-06 1.6879914328e-03 2.2345389880e-04
9.0909634309e-06 1.7408222193e-03 1.9954778254e-03
8.6670361270e-06 1.4151752694e-03 1.1995807290e-03
8.5969722932e-06 1.4475950738e-03 6.2270689523e-04
8.5466881501e-06 1.8407081952e-03 4.5297309407e-04
8.6697182269e-06 1.7373175360e-03 2.7085852344e-03
9.2754153229e-06 1.7489185557e-03 8.2321162336e-04
8.3576787802e-06 1.5431110514e-03 3.8548951852e-04
8.2778642536e-06 1.5259054489e-03 2.7622815687e-03
8.8858132585e-06 1.6652442282e-03 2.2329422645e-03
1.1571293726e-05 9.9292164668e-04 2.5747626205e-04
1.1265786270e-05 9.5575634623e-04 2.3583816364e-03
1.1573210031e-05 1.3298778795e-03 1.1275327997e-03
9.8488653748e-06 9.7187206848e-04 2.6872828603e-03
9.8488653748e-06 9.7187206848e-04 2.6872828603e-03
1.0208054846e-05 1.6399453161e-03 1.7569176853e-03
1.1959657968e-05 1.5350989997e-03 1.4534239890e-03
1.1574659766e-05 1.2039024150e-03 4.3979010661e-04
1.0698000551e-05 1.1868446600e-03 1.4868192375e-03
1.0698000551e-05 1.1868446600e-03 1.4868192375e-03
9.7249348983e-06 1.4331579441e-03 1.8377900124e-03
1.2705473637e-05 1.3189866440e-03 2.1356435027e-03
1.1321096281e-05 1.1524743168e-03 1.2447172776e-03
1.1469518540e-05 1.2347655138e-03 1.0311621008e-03
9.9749258879e-06 1.3594622724e-03 1.6870867694e-03
9.9749258879e-06 1.3594622724e-03 1.6870867694e-03
1.1564833585e-05 1.3982561650e-03 1.8025703030e-03
1.0954815480e-05 1.3028046815e-03 2.8481733170e-04
1.1584664207e-05 1.2142236665e-04 1.8744500994e-04
1.2659756067e-05 1.3106741244e-03 1.9893741701e-03
1.1820117834e-05 1.2158673489e-03 2.1146337967e-03
1.2061718735e-05 1.5705620172e-03 2.0043691620e-04
1.2061718735e-05 1.5705620172e-03 2.0043691620e-04
1.2188575965e-05 1.2301790994e-03 1.2263526442e-03
1.2658537344e-05 1.4111312339e-03 1.2273690663e-03
8.0112804426e-04 4.4481819496e-03 1.0850158287e-03
9.5944758505e-04 4.4565242715e-03 1.0048761033e-03
1.1277579470e-03 4.2367721908e-03 7.0941675222e-04
9.7057520179e-04 3.8937591016e-03 1.2443482410e-03
1.1168640340e-03 3.1676655635e-03 3.1124477391e-04
6.0033955378e-04 5.2985711955e-03 1.7634253879e-07
6.7451765062e-04 2.9264802579e-03 1.6808902146e-03
8.1060524099e-04 3.4407547209e-03 1.3585303677e-03
6.5812462708e-04 3.6377713550e-03 4.9449434300e-05
6.8861502223e-04 2.6958109811e-03 1.2503560865e-03
7.4116158066e-04 5.8922017924e-03 2.5766692488e-05
6.6827569390e-04 5.6161810644e-03 2.6984022043e-05
6.7183212377e-04 4.5828828588e-03 5.9968024289e-05
7.5307441875e-04 8.8164834306e-03 5.0323138566e-05
7.8688381473e-04 9.1454619542e-03 6.5755919820e-08
7.8688381473e-04 9.1454619542e-03 6.5755919820e-08
1.4050733298e-03 9.8346881568e-03 2.0126803335e-08
1.3160259696e-03 1.0148465633e-02 7.2931862860e-07
1.5939368168e-03 9.5049235970e-03 2.8861704138e-08
2.0808556583e-03 9.0143950656e-03 2.3407692424e-05
2.5466785301e-03 8.5496874526e-03 2.6042087484e-05
1.4251930406e-03 8.4690423682e-03 1.3812125133e-07
1.4251930406e-03 8.4690423682e-03 1.3812125133e-07
1.5050171642e-03 8.8802110404e-03 6.9076953046e-09
1.4616586268e-03 5.1310169511e-03 6.4694363391e-04
1.4952648198e-03 7.1955737658e-03 2.0936608962e-06
1.2600370683e-03 4.4164597057e-03 9.7982219813e-06
1.3670556946e-03 4.8608104698e-03 1.3340637928e-08
1.2838342227e-03 3.2074991614e-03 5.9793712204e-09
1.0602007387e-03 3.7614153698e-03 3.9549834518e-09
1.1211541714e-03 3.6364460830e-03 1.3811099961e-05
1.1485017603e-03 4.7314041294e-03 2.1599799727e-09
1.2424312299e-03 2.9411744326e-03 1.5078202523e-05
9.1384624830e-04 3.0029888730e-03 7.9649726104e-06
9.6046226099e-04 0.0000000000e+00 0.0000000000e+00
9.6016656607e-04 0.0000000000e+00 0.0000000000e+00
9.6016656607e-04 0.0000000000e+00 0.0000000000e+00
9.6044311067e-04 0.0000000000e+00 0.0000000000e+00
9.6042081714e-04 0.0000000000e+00 0.0000000000e+00
9.6042081714e-04 0.0000000000e+00 0.0000000000e+00
9.6062658122e-04 0.0000000000e+00 0.0000000000e+00
9.6085696714e-04 0.0000000000e+00 0.0000000000e+00
9.6087111160e-04 0.0000000000e+00 0.0000000000e+00
9.6106901765e-04 0.0000000000e+00 0.0000000000e+00
9.6108578146e-04 0.0000000000e+00 0.0000000000e+00
9.6108578146e-04 0.0000000000e+00 0.0000000000e+00
1.1411717860e-03 0.0000000000e+00 0.0000000000e+00
1.1410719017e-03 0.0000000000e+00 0.0000000000e+00
1.1410868028e-03 0.0000000000e+00 0.0000000000e+00
1.1410868028e-03 0.0000000000e+00 0.0000000000e+00
1.1410868028e-03 0.0000000000e+00 0.0000000000e+00
1.1410888983e-03 0.0000000000e+00 0.0000000000e+00
1.1411458254e-03 0.0000000000e+00 0.0000000000e+00
1.1409816798e-03 0.0000000000e+00 0.0000000000e+00
1.1411275482e-03 0.0000000000e+00 0.0000000000e+00
1.1893743649e-03 0.0000000000e+00 0.0000000000e+00
4.7941237688e-02 0.0000000000e+00 0.0000000000e+00
4.7941237688e-02 0.0000000000e+00 0.0000000000e+00
4.8280999064e-02 0.0000000000e+00 0.0000000000e+00
5.6176770478e-02 0.0000000000e+00 0.0000000000e+00
5.6176770478e-02 0.0000000000e+00 0.0000000000e+00
6.1646919698e-02 0.0000000000e+00 0.0000000000e+00
3.6833118647e-02 0.0000000000e+00 0.0000000000e+00
3.6833118647e-02 0.0000000000e+00 0.0000000000e+00
3.9086513221e-02 0.0000000000e+00 0.0000000000e+00
3.9086513221e-02 0.0000000000e+00 0.0000000000e+00
4.9037605524e-02 0.0000000000e+00 0.0000000000e+00
4.9037605524e-02 0.0000000000e+00 0.0000000000e+00
5.5970456451e-02 0.0000000000e+00 0.0000000000e+00
5.2520498633e-02 0.0000000000e+00 0.0000000000e+00
5.2520498633e-02 0.0000000000e+00 0.0000000000e+00
5.3326189518e-02 0.0000000000e+00 0.0000000000e+00
5.3009588271e-02 0.0000000000e+00 0.0000000000e+00
5.4519359022e-02 0.0000000000e+00 0.0000000000e+00
2.5623186957e-03 0.0000000000e+00 0.0000000000e+00
2.0368272439e-02 5.9979330748e-02 9.0854139999e-03
3.2923556864e-04 5.7166751474e-02 1.2501350604e-02
3.7627600250e-04 5.9373397380e-02 1.0817185044e-02
5.2903208882e-02 3.9364371449e-02 1.7026832327e-02
4.5475803745e-06 0.0000000000e+00 0.0000000000e+00
5.0726926020e-06 0.0000000000e+00 0.0000000000e+00
5.0726926020e-06 0.0000000000e+00 0.0000000000e+00
4.1446000978e-06 0.0000000000e+00 0.0000000000e+00
5.1980886608e-02 0.0000000000e+00 0.0000000000e+00
8.6665722847e-06 0.0000000000e+00 0.0000000000e+00
1.0356742678e-05 0.0000000000e+00 0.0000000000e+00
1.0089661373e-05 0.0000000000e+00 0.0000000000e+00
6.8795811785e-06 0.0000000000e+00 0.0000000000e+00
8.5133024186e-06 0.0000000000e+00 0.0000000000e+00
8.5133024186e-06 0.0000000000e+00 0.0000000000e+00
1.4604956959e-05 0.0000000000e+00 0.0000000000e+00
1.9678105673e-05 0.0000000000e+00 0.0000000000e+00
2.0744249923e-05 0.0000000000e+00 0.0000000000e+00
2.0744249923e-05 0.0000000000e+00 0.0000000000e+00
1.6198388039e-05 0.0000000000e+00 0.0000000000e+00
1.6396536012e-05 0.0000000000e+00 0.0000000000e+00
1.7437569113e-05 0.0000000000e+00 0.0000000000e+00
1.1807718693e-05 0.0000000000e+00 0.0000000000e+00
1.1829630239e-05 0.0000000000e+00 0.0000000000e+00
1.0646793271e-05 0.0000000000e+00 0.0000000000e+00
1.3383923942e-05 0.0000000000e+00 0.0000000000e+00
1.7268410375e-05 0.0000000000e+00 0.0000000000e+00
4.9219879656e-06 0.0000000000e+00 0.0000000000e+00
6.1088844632e-06 0.0000000000e+00 0.0000000000e+00
5.6245294218e-06 0.0000000000e+00 0.0000000000e+00
7.9604715211e-06 0.0000000000e+00 0.0000000000e+00
7.8384991866e-06 0.0000000000e+00 0.0000000000e+00
1.2652060377e-06 0.0000000000e+00 0.0000000000e+00
1.3210278667e-06 0.0000000000e+00 0.0000000000e+00
1.0085099120e-06 0.0000000000e+00 0.0000000000e+00
1.0734461284e-06 0.0000000000e+00 0.0000000000e+00
1.0734461284e-06 0.0000000000e+00 0.0000000000e+00
5.9414985952e-12 0.0000000000e+00 0.0000000000e+00
5.5187378972e-11 5.2347186953e-02 1.2757894001e-04
9.0065351011e-11 4.7588314861e-02 1.2147795496e-04
5.2489301100e-11 5.8342944831e-02 1.2764405983e-04
8.2597019502e-11 5.0366710871e-02 1.0890441627e-04
7.9550643850e-11 3.5803448409e-02 1.2481400336e-04
1.6704720940e-10 5.6980732828e-02 1.2705735571e-04
1.8570363303e-10 2.7483602986e-02 1.2725518900e-04
8.7312379549e-11 8.5144914687e-02 1.2841176067e-04
6.6351603891e-05 7.1334563196e-02 1.2299136142e-04
6.2470469857e-04 6.4844734967e-02 1.2302827963e-04
1.9898703613e-04 7.5470738113e-02 1.2235071335e-04
2.7425136068e-04 5.6153755635e-02 1.2206324755e-04
3.2966696040e-07 3.0685795471e-02 1.2795488874e-04
7.8960554674e-04 2.1922232583e-02 1.2580439216e-04
1.8157496816e-03 4.7762464732e-02 5.8188434923e-04
1.6908352263e-03 8.1911705434e-02 4.3666610145e-04
1.8583610654e-03 5.0341244787e-02 6.3174375100e-04
2.2213454358e-03 4.6449750662e-02 7.6476117829e-04
3.5245795865e-11 4.4741675258e-02 5.4689944955e-04
3.1476141138e-11 4.3933082372e-02 5.3246552125e-04
3.1476141138e-11 4.3933082372e-02 5.3246552125e-04
1.3636894291e-03 9.4147183001e-02 3.1499526813e-04
1.0815110290e-03 9.5433719456e-02 2.9934337363e-04
1.6598193906e-03 9.0051926672e-02 2.6376522146e-04
4.5796640785e-11 7.1109920740e-02 3.8011753350e-04
3.9783093486e-11 6.8162232637e-02 3.8516512723e-04
1.6915602599e-11 6.5033487976e-02 3.9761071093e-04
1.7008916844e-11 6.7552998662e-02 3.9450082113e-04
1.4273446140e-11 4.1597068310e-02 1.4083880000e-02
1.6964129754e-11 3.6411855370e-02 1.7404632643e-02
1.4322966424e-11 4.3657597154e-02 9.0194148943e-03
1.0304667709e-11 3.7203270942e-02 8.2920901477e-03
9.1326689267e-11 4.0154676884e-02 7.6547176577e-03
1.2201475941e-11 3.2098956406e-02 9.5246164128e-03
1.0613031287e-11 3.2027211040e-02 1.0388170369e-02
1.3082250561e-11 3.8505759090e-02 7.8288028017e-03
1.3082250561e-11 3.8505759090e-02 7.8288028017e-03
1.3026303126e-11 4.4563561678e-02 1.0971870273e-02
1.2464532878e-11 4.0992073715e-02 9.9707134068e-03
1.1443127695e-11 3.6300625652e-02 9.7688958049e-03
1.2722427278e-11 4.2591717094e-02 9.6802646294e-03
5.0115415290e-12 4.3108493090e-02 5.7465378195e-03
5.0323183121e-12 4.0451496840e-02 4.3666386046e-03
5.0099624969e-12 4.2961042374e-02 5.5718887597e-03
8.0460660357e-10 5.4657015949e-02 5.2285226993e-03
1.5573768876e-02 6.0015719384e-02 4.3475539424e-03
3.4200925380e-02 6.7139975727e-02 7.3468586197e-04
2.8440073133e-02 6.7761003971e-02 7.6149078086e-04
4.2456042022e-02 6.4461618662e-02 8.5496931570e-04
4.3767645955e-02 6.7701414227e-02 6.3246552600e-04
2.1737383679e-02 6.3231892884e-02 2.4961801246e-03
4.4636700302e-02 6.6712677479e-02 5.7335098973e-04
4.3754249811e-02 6.7902266979e-02 6.0993834632e-04
2.0427415147e-03 6.2377382070e-02 5.1313959993e-03
1.1579927057e-02 5.8841526508e-02 4.4277622364e-03
2.1004080772e-02 5.8664318174e-02 2.4099976290e-03
2.0989751443e-02 5.8473821729e-02 2.9996430967e-03
6.6822036793e-10 6.2108960003e-02 3.9167026989e-03
8.6021265015e-03 5.8797299862e-02 1.0193825699e-02
8.6021265015e-03 5.8797299862e-02 1.0193825699e-02
3.9892952889e-02 6.9002978504e-02 1.0179085657e-03
3.9396520704e-02 7.0113226771e-02 9.0942211682e-04
1.6880899668e-02 5.9333447367e-02 3.6410458852e-03
3.3375207335e-02 6.9534651935e-02 8.6795637617e-04
1.3514388353e-02 6.0886185616e-02 2.2556758486e-03
1.0688342154e-02 6.0641735792e-02 2.7971938252e-03
1.4504112303e-02 6.1020836234e-02 3.0301522929e-03
1.3243771158e-02 6.1135243624e-02 2.4979752488e-03
1.2142286636e-02 6.0585189611e-02 3.3341087401e-03
1.2428236194e-02 6.1259496957e-02 3.4159675706e-03
1.0380653664e-02 5.9667807072e-02 3.6462636199e-03
8.6549641564e-03 5.8445658535e-02 4.1706529446e-03
1.0829213075e-02 6.0234207660e-02 3.1829040963e-03
1.4099574648e-02 5.9081152081e-02 2.6525512803e-03
1.2333690189e-02 6.0441419482e-02 3.2539076637e-03
8.7727336213e-03 4.9103926867e-02 2.2406445350e-03
9.2899398878e-03 3.8378745317e-02 4.1010864079e-03
6.9432188757e-03 3.9989851415e-02 3.7181768566e-03
4.9041863531e-03 3.5976838320e-02 5.3607714362e-03
5.3628855385e-03 3.5013724118e-02 2.8870014939e-03
8.8688032702e-03 3.3670257777e-02 2.5620094966e-03
6.5275351517e-03 3.4856628627e-02 2.9356989544e-03
6.2560574152e-03 3.4817304462e-02 2.9954444617e-03
1.0799412616e-02 3.5994473845e-02 2.7487159241e-03
5.7796468027e-03 9.3263750896e-03 6.7852339707e-03
4.1325096972e-03 1.1252180673e-02 6.0648303479e-03
4.6728099696e-03 1.2013928033e-02 5.8971568942e-03
5.1466939040e-03 1.1708710343e-02 7.0587284863e-03
3.5833416041e-03 1.0621639900e-02 6.5664718859e-03
5.1356186159e-03 1.1974688619e-02 7.5144791044e-03
3.4798001871e-03 1.0153151117e-02 5.4312054999e-03
3.4075614531e-03 1.2849298306e-02 1.3036821038e-02
3.5225450993e-03 1.1190053076e-02 1.3456161134e-02
5.6181256659e-03 9.4006313011e-03 8.6283944547e-03
3.7983935326e-03 7.2967219166e-03 1.1267825030e-02
1.6555897275e-07 5.0901561044e-03 9.4557115808e-03
4.7936765668e-10 7.3950812221e-03 1.7090724781e-02
3.1213043261e-09 7.3041003197e-03 1.6802974045e-02
3.6737963782e-09 7.2466391139e-03 1.8780542538e-02
6.3666472094e-09 5.1869279705e-03 1.8014976755e-02
2.8248317574e-10 4.5536742546e-03 1.6941329464e-02
2.5751774047e-09 4.5047067106e-03 1.4965425245e-02
2.8750429815e-10 4.6695382334e-03 1.5070132911e-02
6.1212634961e-09 4.1887992993e-03 1.5845956281e-02
3.7651890494e-09 6.3201445155e-03 1.5958989039e-02
1.2573916308e-07 4.1185752489e-03 8.3487285301e-03
2.9860078143e-07 1.8189180410e-03 9.3323318288e-03
2.9860078143e-07 1.8189180410e-03 9.3323318288e-03
5.6842850427e-07 1.6038833419e-03 9.9632926285e-03
5.6842850427e-07 1.6038833419e-03 9.9632926285e-03
1.4140267979e-07 1.7063254490e-03 1.0652665049e-02
2.9363357044e-06 2.0435357001e-03 1.0362862609e-02
1.1080036529e-05 6.5925843082e-03 1.0216548108e-02
1.1080036529e-05 6.5925843082e-03 1.0216548108e-02
7.9707078839e-06 5.3718131967e-03 8.3580268547e-03
1.4528359316e-05 2.1053899545e-03 9.3251345679e-03
1.2075099221e-05 6.2375799753e-03 5.9978426434e-03
1.2257344679e-05 6.8953833543e-03 4.0558064356e-03
1.1439024092e-05 6.5253786743e-03 6.0293772258e-03
1.4191487026e-05 6.3800509088e-03 7.2094523348e-03
1.0969008144e-05 6.3874539919e-03 7.2670332156e-03
1.5404946680e-05 6.1678476632e-03 9.2226574197e-03
4.3131626626e-06 3.9141136222e-03 1.8438713625e-02
1.7751519044e-04 4.0602865629e-03 1.6550140455e-02
3.4921022598e-03 0.0000000000e+00 0.0000000000e+00
8.4683690220e-03 0.0000000000e+00 0.0000000000e+00
5.7471548207e-03 0.0000000000e+00 0.0000000000e+00
5.7471548207e-03 0.0000000000e+00 0.0000000000e+00
5.7471548207e-03 0.0000000000e+00 0.0000000000e+00
5.7480265386e-03 0.0000000000e+00 0.0000000000e+00
5.7480265386e-03 0.0000000000e+00 0.0000000000e+00
4.0336246602e-03 0.0000000000e+00 0.0000000000e+00
4.0352223441e-03 0.0000000000e+00 0.0000000000e+00
4.3618036434e-03 0.0000000000e+00 0.0000000000e+00
3.8916913327e-03 0.0000000000e+00 0.0000000000e+00
4.0836199187e-03 0.0000000000e+00 0.0000000000e+00
4.0836199187e-03 0.0000000000e+00 0.0000000000e+00
1.1880443431e-02 0.0000000000e+00 0.0000000000e+00
1.1839791201e-02 0.0000000000e+00 0.0000000000e+00
1.1839791201e-02 0.0000000000e+00 0.0000000000e+00
1.1849895120e-02 0.0000000000e+00 0.0000000000e+00
1.1718161404e-02 0.0000000000e+00 0.0000000000e+00
1.1430335231e-02 0.0000000000e+00 0.0000000000e+00
1.1904633604e-02 0.0000000000e+00 0.0000000000e+00
1.1904633604e-02 0.0000000000e+00 0.0000000000e+00
1.1436424218e-02 0.0000000000e+00 0.0000000000e+00
1.5713425353e-02 0.0000000000e+00 0.0000000000e+00
8.7741585448e-03 0.0000000000e+00 0.0000000000e+00
1.5889549628e-02 0.0000000000e+00 0.0000000000e+00
1.1467148550e-02 0.0000000000e+00 0.0000000000e+00
1.9197322428e-02 0.0000000000e+00 0.0000000000e+00
1.0098393075e-02 0.0000000000e+00 0.0000000000e+00
9.3620559201e-03 0.0000000000e+00 0.0000000000e+00
9.3664685264e-03 0.0000000000e+00 0.0000000000e+00
9.3664685264e-03 0.0000000000e+00 0.0000000000e+00
7.4182278477e-03 0.0000000000e+00 0.0000000000e+00
7.4182278477e-03 0.0000000000e+00 0.0000000000e+00
5.9962030500e-03 0.0000000000e+00 0.0000000000e+00
7.5949970633e-03 0.0000000000e+00 0.0000000000e+00
7.6827243902e-03 0.0000000000e+00 0.0000000000e+00
1.0996717960e-02 0.0000000000e+00 0.0000000000e+00
1.0811783373e-02 0.0000000000e+00 0.0000000000e+00
1.0623100214e-02 0.0000000000e+00 0.0000000000e+00
9.1273646103e-04 0.0000000000e+00 0.0000000000e+00
9.1273646103e-04 0.0000000000e+00 0.0000000000e+00
6.5491702408e-03 0.0000000000e+00 0.0000000000e+00
9.6693420783e-03 0.0000000000e+00 0.0000000000e+00
9.0062348172e-03 0.0000000000e+00 0.0000000000e+00
9.0062348172e-03 0.0000000000e+00 0.0000000000e+00
1.2108694762e-02 0.0000000000e+00 0.0000000000e+00
1.2702365406e-02 0.0000000000e+00 0.0000000000e+00
1.1360466480e-02 0.0000000000e+00 0.0000000000e+00
4.0130899492e-07 0.0000000000e+00 0.0000000000e+00
4.0130899492e-07 0.0000000000e+00 0.0000000000e+00
4.0130899492e-07 0.0000000000e+00 0.0000000000e+00
3.9328787693e-07 0.0000000000e+00 0.0000000000e+00
4.1330648060e-07 0.0000000000e+00 0.0000000000e+00
1.2042258390e-07 0.0000000000e+00 0.0000000000e+00
1.2042258390e-07 0.0000000000e+00 0.0000000000e+00
1.3707270909e-06 0.0000000000e+00 0.0000000000e+00
6.6611683280e-08 0.0000000000e+00 0.0000000000e+00
1.8636507448e-08 0.0000000000e+00 0.0000000000e+00
1.9236489734e-08 0.0000000000e+00 0.0000000000e+00
3.2730017807e-08 0.0000000000e+00 0.0000000000e+00
2.2938233712e-07 0.0000000000e+00 0.0000000000e+00
2.2938233712e-07 0.0000000000e+00 0.0000000000e+00
1.4062982778e-08 0.0000000000e+00 0.0000000000e+00
1.0587811516e-08 0.0000000000e+00 0.0000000000e+00
2.6287667154e-08 0.0000000000e+00 0.0000000000e+00
2.6287667154e-08 0.0000000000e+00 0.0000000000e+00
5.3901572983e-08 0.0000000000e+00 0.0000000000e+00
3.7729403601e-08 0.0000000000e+00 0.0000000000e+00
3.7302264388e-08 0.0000000000e+00 0.0000000000e+00
1.7914794626e-07 0.0000000000e+00 0.0000000000e+00
4.5876220156e-08 0.0000000000e+00 0.0000000000e+00
9.9889319390e-03 0.0000000000e+00 0.0000000000e+00
7.1227005683e-03 0.0000000000e+00 0.0000000000e+00
5.5103413761e-03 0.0000000000e+00 0.0000000000e+00
1.2884391844e-01 0.0000000000e+00 0.0000000000e+00
8.7494403124e-02 0.0000000000e+00 0.0000000000e+00
1.3485321403e-01 0.0000000000e+00 0.0000000000e+00
6.3505046070e-02 0.0000000000e+00 0.0000000000e+00
7.1571774781e-02 0.0000000000e+00 0.0000000000e+00
1.2807287276e-01 0.0000000000e+00 0.0000000000e+00
1.1270689964e-01 0.0000000000e+00 0.0000000000e+00
1.1270689964e-01 0.0000000000e+00 0.0000000000e+00
1.0355024785e-01 0.0000000000e+00 0.0000000000e+00
1.0355024785e-01 0.0000000000e+00 0.0000000000e+00
1.3198761642e-01 0.0000000000e+00 0.0000000000e+00
1.1944001913e-01 0.0000000000e+00 0.0000000000e+00
1.1432190984e-01 0.0000000000e+00 0.0000000000e+00
1.1748910695e-01 0.0000000000e+00 0.0000000000e+00
1.1143872887e-01 0.0000000000e+00 0.0000000000e+00
1.1112061143e-01 0.0000000000e+00 0.0000000000e+00
1.1112061143e-01 0.0000000000e+00 0.0000000000e+00
1.1112061143e-01 0.0000000000e+00 0.0000000000e+00
1.1019610614e-01 0.0000000000e+00 0.0000000000e+00
1.1323651671e-01 0.0000000000e+00 0.0000000000e+00
1.0997635126e-01 0.0000000000e+00 0.0000000000e+00
1.0148509592e-01 0.0000000000e+00 0.0000000000e+00
9.5463007689e-02 0.0000000000e+00 0.0000000000e+00
6.8120695651e-02 0.0000000000e+00 0.0000000000e+00
9.3852162361e-02 0.0000000000e+00 0.0000000000e+00
9.1025091708e-02 0.0000000000e+00 0.0000000000e+00
1.0168903321e-01 0.0000000000e+00 0.0000000000e+00
9.9072128534e-02 0.0000000000e+00 0.0000000000e+00
1.0388299078e-01 0.0000000000e+00 0.0000000000e+00
1.2025264651e-01 0.0000000000e+00 0.0000000000e+00
1.2025264651e-01 0.0000000000e+00 0.0000000000e+00
7.7948801219e-02 0.0000000000e+00 0.0000000000e+00
3.3949416131e-02 0.0000000000e+00 0.0000000000e+00
3.2102245837e-02 0.0000000000e+00 0.0000000000e+00
1.4601697028e-01 0.0000000000e+00 0.0000000000e+00
1.6393072903e-01 0.0000000000e+00 0.0000000000e+00
7.4955768883e-02 0.0000000000e+00 0.0000000000e+00
6.1144605279e-02 0.0000000000e+00 0.0000000000e+00
6.1144605279e-02 0.0000000000e+00 0.0000000000e+00
3.4727592021e-02 0.0000000000e+00 0.0000000000e+00
2.4318225682e-02 0.0000000000e+00 0.0000000000e+00
4.1894335300e-02 0.0000000000e+00 0.0000000000e+00
5.7271569967e-02 0.0000000000e+00 0.0000000000e+00
2.0483657718e-02 0.0000000000e+00 0.0000000000e+00
4.2151317000e-02 0.0000000000e+00 0.0000000000e+00
1.7058931291e-01 0.0000000000e+00 0.0000000000e+00
4.9451708794e-02 0.0000000000e+00 0.0000000000e+00
9.0100258589e-02 0.0000000000e+00 0.0000000000e+00
4.6067085117e-02 0.0000000000e+00 0.0000000000e+00
7.5212441385e-02 0.0000000000e+00 0.0000000000e+00
1.4696812630e-01 0.0000000000e+00 0.0000000000e+00
1.4725609124e-01 0.0000000000e+00 0.0000000000e+00
3.1984725595e-01 0.0000000000e+00 0.0000000000e+00
3.1984725595e-01 0.0000000000e+00 0.0000000000e+00
3.4506642818e-01 0.0000000000e+00 0.0000000000e+00
1.9779662788e-01 0.0000000000e+00 0.0000000000e+00
1.3310065866e-01 0.0000000000e+00 0.0000000000e+00
1.3310065866e-01 0.0000000000e+00 0.0000000000e+00
3.5553434491e-01 0.0000000000e+00 0.0000000000e+00
3.3838257194e-01 0.0000000000e+00 0.0000000000e+00
3.3792755008e-01 0.0000000000e+00 0.0000000000e+00
3.8539471614e-10 4.1024321690e-03 3.0886420980e-02
5.0441822941e-10 1.6218288802e-03 2.0062908530e-02
4.3240375169e-10 1.6592032043e-03 1.6051927581e-02
3.9766559490e-10 8.5472554201e-04 5.7788733393e-03
3.7556735499e-10 1.2457122793e-03 2.7640287299e-03
3.7407357767e-10 2.6631529909e-03 3.5056434572e-03
5.3580961890e-10 1.5761536779e-03 4.1893315502e-03
3.6155353711e-10 2.1967419889e-03 3.8885939866e-03
5.2622256552e-10 2.5797027629e-03 2.2261412814e-02
9.0429388422e-09 7.9799187370e-04 1.6135377809e-02
9.0429388422e-09 7.9799187370e-04 1.6135377809e-02
1.1884247364e-08 1.5186696546e-03 1.4162312262e-02
1.3824675626e-08 2.1011715944e-05 4.1617859155e-02
3.4124649773e-08 4.4950156735e-05 4.4205900282e-02
1.3783378883e-08 6.7970773671e-05 2.5287574157e-02
1.5217429095e-08 2.4230044460e-07 2.5572864339e-02
4.0422194481e-09 3.1440972492e-08 2.4079047143e-02
3.8488221499e-09 2.0357407266e-05 6.1940420419e-03
3.8877523423e-09 1.6664533177e-05 4.9202842638e-03
3.5154092970e-09 1.0933331214e-03 6.4393267967e-03
3.5150964361e-09 3.1489136745e-05 5.8136484586e-03
2.8287716614e-09 2.5523977456e-05 6.0376399197e-03
2.8363453808e-09 2.9123395507e-05 5.9575005434e-03
4.2377892306e-09 3.9562710299e-06 5.8100898750e-03
2.8781101946e-09 1.0295762913e-03 6.2234490179e-03
2.8781101946e-09 1.0295762913e-03 6.2234490179e-03
1.8667316581e-08 1.0927178806e-07 6.1536952853e-03
9.6178309761e-09 4.9879650987e-07 3.8139482494e-03
7.1656717919e-03 6.8509273231e-02 1.0871841572e-02
3.0202802463e-06 7.2693429887e-02 1.0632476769e-02
7.7685955912e-03 7.4061408639e-02 1.3669549488e-02
7.7685955912e-03 7.4061408639e-02 1.3669549488e-02
1.0086112656e-02 6.4089559019e-02 9.7107170150e-03
9.6413809806e-03 6.7493498325e-02 9.5162605867e-03
9.5222247764e-03 6.9175623357e-02 1.0539885610e-02
8.7367128581e-03 6.8545147777e-02 1.0029743426e-02
6.2140398659e-03 6.6763214767e-02 9.2849563807e-03
5.8212368749e-03 6.0319375247e-02 7.0808515884e-03
6.6330023110e-03 6.5222613513e-02 9.9911950529e-03
8.7250992656e-03 6.4139284194e-02 9.9966283888e-03
6.2081473880e-03 6.3179664314e-02 1.1127471924e-02
5.7543963194e-03 6.1095744371e-02 1.0312449187e-02
7.0407702588e-03 6.3916951418e-02 1.1539931409e-02
6.5788328648e-03 6.4682260156e-02 1.0375929065e-02
6.8878098391e-03 7.0694558322e-02 1.1152536608e-02
5.7102092542e-03 6.9992169738e-02 8.7019884959e-03
4.2021738866e-10 7.7736809850e-02 1.3635863550e-02
4.7644232400e-03 7.2062000632e-02 9.9274860695e-03
6.7246947438e-03 7.5971059501e-02 1.1291746050e-02
7.9824309796e-03 7.9196304083e-02 1.1089361273e-02
8.9554088190e-03 7.0259802043e-02 1.2029334903e-02
5.1393951289e-03 6.6605292261e-02 1.3748654164e-02
2.1311871242e-03 6.9448642433e-02 9.4628753141e-03
4.6907146461e-03 7.7662415802e-02 1.3684607111e-02
1.1170617072e-03 8.6529560387e-02 1.4010087587e-02
2.3775876034e-03 9.1595500708e-02 1.4568033628e-02
9.6486359835e-03 9.3547396362e-02 1.5667825937e-02
9.9699668965e-08 9.2079512775e-02 1.4866976999e-02
1.4326405617e-09 7.4711009860e-02 9.0071009472e-03
5.2150659258e-07 6.9458700716e-02 9.7847208381e-03
6.4404658042e-03 0.0000000000e+00 0.0000000000e+00
2.4907130282e-03 0.0000000000e+00 0.0000000000e+00
3.9086062461e-03 0.0000000000e+00 0.0000000000e+00
3.0880982522e-03 0.0000000000e+00 0.0000000000e+00
3.2405015081e-03 0.0000000000e+00 0.0000000000e+00
2.7307926212e-03 0.0000000000e+00 0.0000000000e+00
3.1948927790e-03 0.0000000000e+00 0.0000000000e+00
3.1948927790e-03 0.0000000000e+00 0.0000000000e+00
3.1948927790e-03 0.0000000000e+00 0.0000000000e+00
3.1559458002e-03 0.0000000000e+00 0.0000000000e+00
3.1559458002e-03 0.0000000000e+00 0.0000000000e+00
7.2992802598e-03 0.0000000000e+00 0.0000000000e+00
2.7854854241e-02 0.0000000000e+00 0.0000000000e+00
2.8058549389e-02 0.0000000000e+00 0.0000000000e+00
2.2585170344e-02 0.0000000000e+00 0.0000000000e+00
3.4068640321e-02 0.0000000000e+00 0.0000000000e+00
3.4068640321e-02 0.0000000000e+00 0.0000000000e+00
4.5950997621e-02 0.0000000000e+00 0.0000000000e+00
6.8592741154e-03 0.0000000000e+00 0.0000000000e+00
1.7288493837e-07 0.0000000000e+00 0.0000000000e+00
1.3614435375e-06 0.0000000000e+00 0.0000000000e+00
2.7542583325e-07 0.0000000000e+00 0.0000000000e+00
2.7542583325e-07 0.0000000000e+00 0.0000000000e+00
2.7542583325e-07 0.0000000000e+00 0.0000000000e+00
7.6926532699e-08 0.0000000000e+00 0.0000000000e+00
1.0066449896e-08 0.0000000000e+00 0.0000000000e+00
8.0206636339e-03 0.0000000000e+00 0.0000000000e+00
4.5339739881e-03 0.0000000000e+00 0.0000000000e+00
1.2881266885e-02 0.0000000000e+00 0.0000000000e+00
4.1915914295e-08 0.0000000000e+00 0.0000000000e+00
8.2396105938e-08 0.0000000000e+00 0.0000000000e+00
8.2396105938e-08 0.0000000000e+00 0.0000000000e+00
8.2396105938e-08 0.0000000000e+00 0.0000000000e+00
2.4045862257e-02 0.0000000000e+00 0.0000000000e+00
2.3322844878e-02 0.0000000000e+00 0.0000000000e+00
2.4121740833e-02 0.0000000000e+00 0.0000000000e+00
2.2457571700e-02 0.0000000000e+00 0.0000000000e+00
2.1747322753e-02 0.0000000000e+00 0.0000000000e+00
9.9952062592e-03 0.0000000000e+00 0.0000000000e+00
1.8093336374e-02 0.0000000000e+00 0.0000000000e+00
6.1690878123e-02 0.0000000000e+00 0.0000000000e+00
3.0063586310e-02 0.0000000000e+00 0.0000000000e+00
4.8561740667e-02 0.0000000000e+00 0.0000000000e+00
2.1339895204e-02 0.0000000000e+00 0.0000000000e+00
2.1002626909e-06 0.0000000000e+00 0.0000000000e+00
9.4104635195e-10 0.0000000000e+00 0.0000000000e+00
8.4661301225e-03 0.0000000000e+00 0.0000000000e+00
2.3557936773e-02 0.0000000000e+00 0.0000000000e+00
9.3253897503e-03 0.0000000000e+00 0.0000000000e+00
5.1888218167e-09 0.0000000000e+00 0.0000000000e+00
1.8215660091e-09 0.0000000000e+00 0.0000000000e+00
2.1334925666e-02 0.0000000000e+00 0.0000000000e+00
8.6744548753e-03 0.0000000000e+00 0.0000000000e+00
1.5434640233e-09 0.0000000000e+00 0.0000000000e+00
1.1762569585e-07 0.0000000000e+00 0.0000000000e+00
1.8636152148e-02 0.0000000000e+00 0.0000000000e+00
1.8812982283e-09 0.0000000000e+00 0.0000000000e+00
1.8812982283e-09 0.0000000000e+00 0.0000000000e+00
5.7477791415e-09 0.0000000000e+00 0.0000000000e+00
1.0966908187e-02 0.0000000000e+00 0.0000000000e+00
1.3344564475e-02 0.0000000000e+00 0.0000000000e+00
1.1593617499e-02 0.0000000000e+00 0.0000000000e+00
2.3145379499e-02 0.0000000000e+00 0.0000000000e+00
1.5015748329e-02 0.0000000000e+00 0.0000000000e+00
1.0748242028e-02 0.0000000000e+00 0.0000000000e+00
1.0748242028e-02 0.0000000000e+00 0.0000000000e+00
1.7893046141e-02 0.0000000000e+00 0.0000000000e+00
5.4172002710e-03 0.0000000000e+00 0.0000000000e+00
5.4172002710e-03 0.0000000000e+00 0.0000000000e+00
5.4172002710e-03 0.0000000000e+00 0.0000000000e+00
1.1518006213e-02 0.0000000000e+00 0.0000000000e+00
2.8714273181e-09 0.0000000000e+00 0.0000000000e+00
2.8342819203e-09 0.0000000000e+00 0.0000000000e+00
2.9566333826e-09 0.0000000000e+00 0.0000000000e+00
4.9846620165e-09 0.0000000000e+00 0.0000000000e+00
3.2262896799e-09 0.0000000000e+00 0.0000000000e+00
2.5335543796e-07 0.0000000000e+00 0.0000000000e+00
1.8479374475e-08 0.0000000000e+00 0.0000000000e+00
2.8535769303e-09 0.0000000000e+00 0.0000000000e+00
3.2712232922e-09 0.0000000000e+00 0.0000000000e+00
3.8636245314e-09 0.0000000000e+00 0.0000000000e+00
2.1902941683e-09 0.0000000000e+00 0.0000000000e+00
4.5752317490e-09 0.0000000000e+00 0.0000000000e+00
3.8998275720e-09 0.0000000000e+00 0.0000000000e+00
1.1016298096e-08 0.0000000000e+00 0.0000000000e+00
3.8663690027e-09 0.0000000000e+00 0.0000000000e+00
1.9799613060e-09 0.0000000000e+00 0.0000000000e+00
3.6965734918e-09 0.0000000000e+00 0.0000000000e+00
2.0627034303e-08 0.0000000000e+00 0.0000000000e+00
4.5478167898e-09 0.0000000000e+00 0.0000000000e+00
4.8713877376e-09 0.0000000000e+00 0.0000000000e+00
1.4823924310e-08 0.0000000000e+00 0.0000000000e+00
1.4823924310e-08 0.0000000000e+00 0.0000000000e+00
6.6755716689e-03 0.0000000000e+00 0.0000000000e+00
8.5841538385e-03 0.0000000000e+00 0.0000000000e+00
3.0302217056e-06 0.0000000000e+00 0.0000000000e+00
1.8914192879e-06 0.0000000000e+00 0.0000000000e+00
8.7785878122e-08 0.0000000000e+00 0.0000000000e+00
5.0019934861e-07 0.0000000000e+00 0.0000000000e+00
4.9453655038e-07 0.0000000000e+00 0.0000000000e+00
3.7760023019e-07 0.0000000000e+00 0.0000000000e+00
4.0250566258e-07 0.0000000000e+00 0.0000000000e+00
2.0701579615e-06 0.0000000000e+00 0.0000000000e+00
8.0343578011e-03 0.0000000000e+00 0.0000000000e+00
8.0343578011e-03 0.0000000000e+00 0.0000000000e+00
2.5887667565e-09 0.0000000000e+00 0.0000000000e+00
9.5773957653e-09 0.0000000000e+00 0.0000000000e+00
2.3169217166e-03 0.0000000000e+00 0.0000000000e+00
1.1188596545e-05 0.0000000000e+00 0.0000000000e+00
2.6361253113e-03 0.0000000000e+00 0.0000000000e+00
8.8324574754e-03 0.0000000000e+00 0.0000000000e+00
7.8668734059e-03 0.0000000000e+00 0.0000000000e+00
3.1238232623e-06 0.0000000000e+00 0.0000000000e+00
2.9912905302e-03 0.0000000000e+00 0.0000000000e+00
1.7775123706e-03 0.0000000000e+00 0.0000000000e+00
1.1553698219e-02 0.0000000000e+00 0.0000000000e+00
1.1553698219e-02 0.0000000000e+00 0.0000000000e+00
7.4825775810e-03 0.0000000000e+00 0.0000000000e+00
2.7230030391e-03 0.0000000000e+00 0.0000000000e+00
6.3534657784e-06 0.0000000000e+00 0.0000000000e+00
6.0301846825e-03 0.0000000000e+00 0.0000000000e+00
3.9469246076e-06 0.0000000000e+00 0.0000000000e+00
2.5876460131e-03 0.0000000000e+00 0.0000000000e+00
2.5876460131e-03 0.0000000000e+00 0.0000000000e+00
1.4916305663e-03 0.0000000000e+00 0.0000000000e+00
2.8922511319e-06 0.0000000000e+00 0.0000000000e+00
1.3706427104e-09 0.0000000000e+00 0.0000000000e+00
2.5203041876e-09 0.0000000000e+00 0.0000000000e+00
2.7046456186e-09 0.0000000000e+00 0.0000000000e+00
2.5959476790e-09 0.0000000000e+00 0.0000000000e+00
1.3699263945e-09 0.0000000000e+00 0.0000000000e+00
2.4628154933e-02 0.0000000000e+00 0.0000000000e+00
2.4628154933e-02 0.0000000000e+00 0.0000000000e+00
2.5621317327e-02 0.0000000000e+00 0.0000000000e+00
8.3493255079e-03 0.0000000000e+00 0.0000000000e+00
8.3276806399e-03 0.0000000000e+00 0.0000000000e+00
8.3276806399e-03 0.0000000000e+00 0.0000000000e+00
1.0643318295e-02 0.0000000000e+00 0.0000000000e+00
1.0643318295e-02 0.0000000000e+00 0.0000000000e+00
2.3525629658e-03 0.0000000000e+00 0.0000000000e+00
2.2625932470e-03 0.0000000000e+00 0.0000000000e+00
7.9652406275e-03 0.0000000000e+00 0.0000000000e+00
2.0549555775e-03 0.0000000000e+00 0.0000000000e+00
2.0549555775e-03 0.0000000000e+00 0.0000000000e+00
5.6518749334e-03 0.0000000000e+00 0.0000000000e+00
2.0588419866e-03 0.0000000000e+00 0.0000000000e+00
1.4792126603e-02 0.0000000000e+00 0.0000000000e+00
9.7043393180e-03 0.0000000000e+00 0.0000000000e+00
9.7043393180e-03 0.0000000000e+00 0.0000000000e+00
1.4426912181e-02 0.0000000000e+00 0.0000000000e+00
1.4052004553e-02 0.0000000000e+00 0.0000000000e+00
1.4052004553e-02 0.0000000000e+00 0.0000000000e+00
1.4052004553e-02 0.0000000000e+00 0.0000000000e+00
1.6841594130e-02 0.0000000000e+00 0.0000000000e+00
4.4422228821e-03 0.0000000000e+00 0.0000000000e+00
3.8383526262e-03 0.0000000000e+00 0.0000000000e+00
2.5439991150e-03 0.0000000000e+00 0.0000000000e+00
2.5439991150e-03 0.0000000000e+00 0.0000000000e+00
3.5494368058e-03 0.0000000000e+00 0.0000000000e+00
3.0571166426e-03 0.0000000000e+00 0.0000000000e+00
1.8029934727e-03 0.0000000000e+00 0.0000000000e+00
1.8029934727e-03 0.0000000000e+00 0.0000000000e+00
2.2662684787e-03 0.0000000000e+00 0.0000000000e+00
3.8949132431e-03 0.0000000000e+00 0.0000000000e+00
1.1966316961e-02 0.0000000000e+00 0.0000000000e+00
1.3193982653e-02 0.0000000000e+00 0.0000000000e+00
1.6390396282e-02 0.0000000000e+00 0.0000000000e+00
1.5448983759e-02 0.0000000000e+00 0.0000000000e+00
1.9170628861e-02 0.0000000000e+00 0.0000000000e+00
2.0304003730e-02 0.0000000000e+00 0.0000000000e+00
2.0304003730e-02 0.0000000000e+00 0.0000000000e+00
1.5515391715e-02 0.0000000000e+00 0.0000000000e+00
2.5272490457e-02 0.0000000000e+00 0.0000000000e+00
8.3198770881e-05 3.9802757092e-03 2.7677332982e-03
8.3198770881e-05 3.9802757092e-03 2.7677332982e-03
1.1350023124e-04 4.1260337457e-03 2.2348023951e-02
3.8656994548e-06 3.8403186481e-03 2.1538564935e-02
6.9240457378e-05 3.6781982053e-03 1.9966546446e-02
2.3793488799e-04 4.3496941216e-03 1.8620064482e-02
5.6322960882e-04 4.4472198933e-03 1.6832157969e-02
1.3838862651e-04 6.0723484494e-03 1.8424183130e-02
4.7111095046e-04 6.2860879116e-03 1.7097378150e-02
1.2889156642e-04 3.6351440940e-03 2.1769622341e-02
9.7422329418e-05 5.8706537820e-03 1.9921103492e-02
2.7496702387e-04 6.2251412310e-03 2.2371040657e-02
2.7430258342e-04 5.8157197200e-03 2.1029194817e-02
7.2607857874e-04 7.5890328735e-03 2.1035268903e-02
1.2439169222e-03 1.2298393063e-02 1.1237966828e-02
1.0964762187e-03 1.2826395221e-02 1.3168151490e-02
5.6528055575e-04 9.7702518106e-03 1.6732515767e-02
9.7775773611e-04 1.2352339923e-02 1.2162622996e-02
1.1670171516e-03 1.4610276558e-02 1.2056968175e-02
3.9374703192e-04 1.2330834754e-02 1.1689708568e-02
1.5827348398e-04 1.4721557498e-02 1.0791786015e-02
2.0621139265e-04 8.6592929438e-03 1.1380210519e-02
1.3753600069e-04 9.5504196361e-03 1.1993193068e-02
1.4264148194e-04 8.8726337999e-03 1.1206560768e-02
1.6581096861e-04 1.0926487856e-02 1.0012756102e-02
2.9526380240e-04 1.0994990356e-02 1.8230237067e-02
3.1305590528e-04 8.1915967166e-03 1.7749842256e-02
2.9457101482e-04 7.8304205090e-03 1.8462060019e-02
2.6720089954e-04 7.2194337845e-03 2.0405011252e-02
3.8249182398e-04 7.6788119040e-03 2.0099181682e-02
3.7047103979e-04 7.8347809613e-03 2.0428813994e-02
2.1837071981e-03 6.3040279783e-03 2.2216839716e-02
6.1609811382e-04 7.5107514858e-03 2.3377500474e-02
3.4179536160e-03 8.5611762479e-03 2.1955495700e-02
3.4475692082e-03 8.2220910117e-03 2.0059006289e-02
8.1117911031e-04 9.9407816306e-03 2.1925462410e-02
4.5451906772e-05 7.9090222716e-03 1.5600040555e-02
3.8159892429e-03 8.6791953072e-03 2.0579783246e-02
3.8159892429e-03 8.6791953072e-03 2.0579783246e-02
1.8922806703e-05 3.3021059353e-03 1.1644030921e-02
2.2974760213e-05 7.3796561919e-03 1.2105216272e-02
2.8512092740e-06 6.1467592604e-03 1.5135628171e-02
9.0092926257e-06 1.0050247423e-02 1.7513774335e-02
9.0092926257e-06 1.0050247423e-02 1.7513774335e-02
5.1918617828e-05 7.7698114328e-03 1.3840832748e-02
4.9162659707e-05 1.0530744679e-02 2.4389617145e-02
2.8322383878e-04 1.0765266605e-02 2.3856693879e-02
3.7820476573e-03 1.6184398904e-02 2.5567093864e-02
4.6912846301e-05 1.2796904892e-02 2.1518692374e-02
2.4912526715e-04 8.0724889413e-03 3.3551800996e-02
2.0411657169e-02 4.9791261554e-03 2.8401209041e-02
2.8451343998e-02 1.1778284796e-02 2.5747679174e-02
4.4025965035e-03 5.7733538561e-03 3.9225174114e-03
1.8168261340e-10 2.4852426723e-02 2.7726890519e-02
2.4973784152e-10 5.9174541384e-03 9.3236705288e-03
3.5779535584e-11 1.5306719579e-02 3.0616587028e-02
3.0841115772e-10 1.0064060800e-02 2.4211274460e-02
4.3824410767e-09 6.0112652136e-04 6.0966890305e-03
4.0690373293e-10 4.4333690312e-04 6.1034304090e-03
5.2732512801e-10 4.5671826228e-04 8.6738681421e-03
2.8023983134e-10 1.5468786471e-02 7.2780929506e-02
1.0903882235e-01 7.7280919068e-03 1.1051391251e-02
6.3401178751e-10 2.8411785024e-04 3.7322773132e-03
2.7273264203e-10 5.9452764690e-03 3.1875326822e-09
1.2083158474e-08 3.7998240441e-04 3.9649354294e-03
1.3442459645e-10 6.4267399721e-03 3.9063543081e-03
4.3083266355e-03 6.5013687126e-03 1.2419797480e-02
1.2791455083e-04 5.8557824232e-03 4.1989427991e-03
1.0639436554e-10 1.0884754360e-02 4.8188369721e-02
1.5252947516e-10 6.5503907390e-03 1.9138893113e-02
9.2115093331e-11 4.6269144863e-02 3.6332484335e-02
2.8411412612e-02 6.6230599768e-03 6.3389944844e-03
5.5982490865e-10 5.0289491192e-03 5.5573727004e-03
5.5982490865e-10 5.0289491192e-03 5.5573727004e-03
1.1800234401e-10 1.8749773502e-02 3.2036002725e-02
1.4022656647e-10 1.7966041341e-02 3.2770872116e-02
9.5753349694e-11 1.2722614221e-02 3.8729067892e-02
1.3183501513e-10 8.7435701862e-03 5.0028491765e-02
1.0543330792e-10 4.6631023288e-02 2.5757923722e-02
8.1560702636e-11 5.0751995295e-02 2.4215081707e-02
7.8554655836e-11 9.4570219517e-03 3.2729968429e-02
1.0186224086e-10 5.2446842194e-02 2.7330689132e-02
3.1184180238e-10 4.7725763172e-02 2.8226962313e-02
1.0614478047e-10 4.8762366176e-02 2.5966957211e-02
1.0614478047e-10 4.8762366176e-02 2.5966957211e-02
4.4371895047e-11 4.7373887151e-02 2.8446057811e-02
3.4630253526e-11 3.5039845854e-02 3.8369603455e-02
3.0363683790e-11 1.0341756046e-02 5.6477632374e-02
4.3951318279e-11 4.9284636974e-02 3.4961178899e-02
4.2042661019e-11 5.1111776382e-02 3.6287333816e-02
4.7072064996e-11 1.0065414943e-02 4.3520103209e-03
1.6720943153e-02 3.8260258734e-03 3.7336016539e-03
2.6946703656e-05 5.6264986051e-04 2.4140283931e-03
1.9417073852e-11 3.2562706620e-03 4.5700962655e-03
1.9417073852e-11 3.2562706620e-03 4.5700962655e-03
1.9879755828e-11 8.2347020507e-03 4.9636345357e-03
2.0666628131e-11 2.9781840276e-03 9.8204379901e-03
1.5016715649e-09 1.1801045388e-02 9.4669060782e-03
7.3185558431e-03 1.9859250460e-04 4.8188969259e-08
3.2292533092e-09 1.0457383469e-03 8.6872437969e-03
3.0593359843e-02 2.5113972370e-03 3.9976276457e-03
1.5954119137e-09 7.6943207532e-03 1.4824266545e-02
1.3045250991e-10 9.4668203965e-03 1.8856940791e-02
2.2329983349e-11 9.9813006818e-03 2.1383948624e-02
1.8671448068e-11 9.8007395864e-03 1.9430683926e-02
1.8379171449e-11 7.4824173935e-03 9.9052190781e-03
1.1912272557e-10 1.3494223356e-02 9.0144826099e-03
1.7337282651e-11 1.1687717400e-02 1.3883196749e-02
1.5651265006e-11 1.3459541835e-02 1.0610852391e-02
1.8134617072e-11 1.4010485262e-02 4.6814791858e-03
3.9057711926e-11 2.0698159933e-02 1.0088048875e-02
3.3632430174e-11 1.2232300825e-02 1.1070546694e-02
3.5159850725e-11 1.3109687716e-02 1.6291113570e-02
1.3832276470e-11 1.5603686683e-02 1.4690294862e-02
1.6239376163e-11 7.2612329386e-03 1.1172842234e-02
1.4669272741e-11 1.0468636639e-02 1.0825513862e-02
1.8711405689e-11 9.1551542282e-03 2.1831152961e-02
1.7183842890e-11 1.1216844432e-02 1.9525466487e-02
2.4221437356e-11 6.1323847622e-03 2.1185344085e-02
1.8781386169e-11 1.7015775666e-02 1.7156232148e-02
1.8225579032e-11 1.7836103216e-02 2.1219303831e-02
1.4336882792e-09 0.0000000000e+00 0.0000000000e+00
1.5623778937e-09 0.0000000000e+00 0.0000000000e+00
1.5623778937e-09 0.0000000000e+00 0.0000000000e+00
1.6547421211e-09 0.0000000000e+00 0.0000000000e+00
1.1197244243e-09 0.0000000000e+00 0.0000000000e+00
1.6997385721e-09 0.0000000000e+00 0.0000000000e+00
1.6997385721e-09 0.0000000000e+00 0.0000000000e+00
1.1985407111e-09 0.0000000000e+00 0.0000000000e+00
1.2629715052e-09 0.0000000000e+00 0.0000000000e+00
1.2629715052e-09 0.0000000000e+00 0.0000000000e+00
1.5047936230e-09 0.0000000000e+00 0.0000000000e+00
1.4812497895e-09 0.0000000000e+00 0.0000000000e+00
3.3047735659e-09 0.0000000000e+00 0.0000000000e+00
5.1235500287e-09 0.0000000000e+00 0.0000000000e+00
1.3882907324e-10 0.0000000000e+00 0.0000000000e+00
1.8111802336e-10 0.0000000000e+00 0.0000000000e+00
2.8253679951e-10 0.0000000000e+00 0.0000000000e+00
2.9965371851e-10 0.0000000000e+00 0.0000000000e+00
2.6291455124e-10 0.0000000000e+00 0.0000000000e+00
3.0397845352e-10 0.0000000000e+00 0.0000000000e+00
2.9401403534e-10 0.0000000000e+00 0.0000000000e+00
1.3768131080e-10 0.0000000000e+00 0.0000000000e+00
1.4538620308e-10 0.0000000000e+00 0.0000000000e+00
1.3979857549e-10 0.0000000000e+00 0.0000000000e+00
1.4585091468e-10 0.0000000000e+00 0.0000000000e+00
6.1165073006e-10 0.0000000000e+00 0.0000000000e+00
1.6376199286e-09 0.0000000000e+00 0.0000000000e+00
3.2758609714e-10 0.0000000000e+00 0.0000000000e+00
2.4679434052e-09 0.0000000000e+00 0.0000000000e+00
2.4679434052e-09 0.0000000000e+00 0.0000000000e+00
1.1552493406e-09 0.0000000000e+00 0.0000000000e+00
1.1552493406e-09 0.0000000000e+00 0.0000000000e+00
2.3280614936e-10 0.0000000000e+00 0.0000000000e+00
2.5984189800e-10 0.0000000000e+00 0.0000000000e+00
2.4372423524e-10 0.0000000000e+00 0.0000000000e+00
2.5096555389e-10 0.0000000000e+00 0.0000000000e+00
2.5096555389e-10 0.0000000000e+00 0.0000000000e+00
1.7080369341e-09 0.0000000000e+00 0.0000000000e+00
7.0419288456e-11 0.0000000000e+00 0.0000000000e+00
6.3968490227e-11 0.0000000000e+00 0.0000000000e+00
7.4189730748e-11 0.0000000000e+00 0.0000000000e+00
6.1486767067e-11 0.0000000000e+00 0.0000000000e+00
6.7038104234e-11 0.0000000000e+00 0.0000000000e+00
7.1276588798e-11 0.0000000000e+00 0.0000000000e+00
7.1276588798e-11 0.0000000000e+00 0.0000000000e+00
3.2803273986e-10 0.0000000000e+00 0.0000000000e+00
1.2693250617e-10 0.0000000000e+00 0.0000000000e+00
1.2693250617e-10 0.0000000000e+00 0.0000000000e+00
6.7912384050e-11 0.0000000000e+00 0.0000000000e+00
1.4161901651e-09 0.0000000000e+00 0.0000000000e+00
5.1755510988e-10 0.0000000000e+00 0.0000000000e+00
2.0789497901e-10 0.0000000000e+00 0.0000000000e+00
2.0789497901e-10 0.0000000000e+00 0.0000000000e+00
2.9652055034e-08 0.0000000000e+00 0.0000000000e+00
1.7490875415e-10 0.0000000000e+00 0.0000000000e+00
1.6067279451e-10 0.0000000000e+00 0.0000000000e+00
1.6067279451e-10 0.0000000000e+00 0.0000000000e+00
1.5671756948e-10 0.0000000000e+00 0.0000000000e+00
7.0020473864e-09 0.0000000000e+00 0.0000000000e+00
1.0663696592e-09 0.0000000000e+00 0.0000000000e+00
2.1279451903e-03 0.0000000000e+00 0.0000000000e+00
2.7048836928e-03 0.0000000000e+00 0.0000000000e+00
1.4835646143e-03 0.0000000000e+00 0.0000000000e+00
1.7977597890e-03 0.0000000000e+00 0.0000000000e+00
2.2859387100e-03 0.0000000000e+00 0.0000000000e+00
1.8024380552e-03 0.0000000000e+00 0.0000000000e+00
1.8024380552e-03 0.0000000000e+00 0.0000000000e+00
1.8024380552e-03 0.0000000000e+00 0.0000000000e+00
1.2798126554e-03 0.0000000000e+00 0.0000000000e+00
1.8490568036e-03 0.0000000000e+00 0.0000000000e+00
5.2932515973e-04 0.0000000000e+00 0.0000000000e+00
4.3822199223e-04 0.0000000000e+00 0.0000000000e+00
4.3822199223e-04 0.0000000000e+00 0.0000000000e+00
4.3822199223e-04 0.0000000000e+00 0.0000000000e+00
4.3822199223e-04 0.0000000000e+00 0.0000000000e+00
1.2683256064e-03 0.0000000000e+00 0.0000000000e+00
1.4235480921e-03 0.0000000000e+00 0.0000000000e+00
1.4235480921e-03 0.0000000000e+00 0.0000000000e+00
9.5299046432e-11 0.0000000000e+00 0.0000000000e+00
9.0334816016e-11 0.0000000000e+00 0.0000000000e+00
9.0334816016e-11 0.0000000000e+00 0.0000000000e+00
4.6878024004e-03 0.0000000000e+00 0.0000000000e+00
3.5150388721e-03 0.0000000000e+00 0.0000000000e+00
3.8190186024e-03 0.0000000000e+00 0.0000000000e+00
6.4589106286e-10 0.0000000000e+00 0.0000000000e+00
1.1125086408e-09 0.0000000000e+00 0.0000000000e+00
1.0756330937e-08 0.0000000000e+00 0.0000000000e+00
8.7724876252e-09 0.0000000000e+00 0.0000000000e+00
8.7724876252e-09 0.0000000000e+00 0.0000000000e+00
3.2665516958e-09 0.0000000000e+00 0.0000000000e+00
6.0674771873e-08 0.0000000000e+00 0.0000000000e+00
3.4263177895e-07 0.0000000000e+00 0.0000000000e+00
2.7528270774e-09 0.0000000000e+00 0.0000000000e+00
5.8495586153e-09 0.0000000000e+00 0.0000000000e+00
5.8495586153e-09 0.0000000000e+00 0.0000000000e+00
1.8358910836e-08 0.0000000000e+00 0.0000000000e+00
1.8358880638e-08 0.0000000000e+00 0.0000000000e+00
2.5153887862e-09 0.0000000000e+00 0.0000000000e+00
1.3662981857e-09 0.0000000000e+00 0.0000000000e+00
8.9289931005e-10 0.0000000000e+00 0.0000000000e+00
1.0776227688e-09 0.0000000000e+00 0.0000000000e+00
1.6491319421e-09 0.0000000000e+00 0.0000000000e+00
5.7365323602e-10 0.0000000000e+00 0.0000000000e+00
1.1117968768e-09 0.0000000000e+00 0.0000000000e+00
9.1328744567e-10 0.0000000000e+00 0.0000000000e+00
4.6176014123e-09 0.0000000000e+00 0.0000000000e+00
3.9267238350e-09 0.0000000000e+00 0.0000000000e+00
3.9267238350e-09 0.0000000000e+00 0.0000000000e+00
2.3463485377e-08 1.1069177650e-02 3.3464837819e-02
4.0546410673e-09 7.8173158690e-03 3.8540393114e-02
5.3671040945e-08 5.5971331894e-03 3.6698523909e-02
2.9399656043e-09 4.9973181449e-03 7.5137149543e-04
5.8854982490e-04 1.9867576193e-03 1.2550001265e-03
8.2095059639e-09 1.4252790250e-02 1.2310076505e-02
2.5148613858e-08 1.3925069012e-02 8.0066891387e-03
2.6663640185e-09 1.5790687874e-02 1.2837620452e-03
1.9835004750e-09 1.5950711444e-02 1.3103708625e-03
1.4935106485e-09 1.4873002656e-02 6.8594361655e-03
2.1298036445e-03 4.6462300234e-03 1.9621930551e-03
1.4145719041e-09 1.5198573470e-02 4.3169865385e-03
2.7233295441e-07 4.2401403189e-03 3.1094755977e-03
5.4119908555e-08 7.8889885917e-03 3.0555140693e-03
1.1627552254e-08 3.1212465838e-03 8.2599557936e-04
3.9907104288e-09 6.1883372255e-03 2.5093241129e-04
1.0204539791e-07 5.7955873199e-03 2.2594643815e-04
3.8616075670e-08 6.0491734184e-03 2.4543600739e-04
4.6886134974e-09 6.1881025322e-03 2.6258159778e-04
4.8593875590e-09 4.7905594110e-03 2.2335610993e-04
3.3552114420e-09 4.7187348828e-03 2.1525722696e-04
3.0932871820e-09 4.6088011004e-03 2.2048006940e-04
6.7664909231e-09 4.8630922101e-03 2.2881804034e-04
1.0412204432e-08 4.7412528656e-03 2.3803937074e-04
8.8619929173e-09 4.8951585777e-03 2.3199357383e-04
4.8143427023e-09 4.3307002634e-03 2.2483147040e-04
6.1237206417e-09 4.6752914786e-03 2.6071080356e-04
8.0488051779e-09 4.7034732997e-03 2.5138389901e-04
1.8818033354e-08 4.3344185688e-03 2.3748555395e-04
1.5164486555e-08 5.0228633918e-03 5.9090805007e-04
3.2119658044e-07 3.9590192027e-03 4.5135247638e-04
6.9932267070e-04 4.3880227022e-03 8.2984729670e-04
1.0328423232e-03 6.2887049280e-03 1.9845385395e-04
1.8358431220e-08 3.4399097785e-03 2.2699455440e-04
1.0456202126e-08 3.4158024937e-03 2.1948025096e-04
1.7792114448e-08 3.1386793125e-03 2.1920244035e-04
3.1772575682e-09 3.4186046105e-03 2.0095422224e-04
6.7497221146e-09 3.3540369477e-03 2.0095689979e-04
3.8086063192e-09 3.4546155948e-03 2.0872532332e-04
4.8511847872e-09 2.9498382937e-03 2.0997932006e-04
3.5520517638e-09 2.5739783887e-03 2.1180282056e-04
7.1115984213e-09 6.5343696624e-03 7.4586875565e-10
7.3941239798e-09 6.5143555403e-03 5.2969523212e-10
7.7219768357e-09 6.2485933304e-03 5.2396886829e-10
3.5185117042e-09 6.1750765890e-03 2.7328594943e-10
1.8315320816e-08 6.6338586621e-03 4.4789008613e-10
3.7272993580e-08 2.8818359133e-03 1.2446010078e-04
9.5805745559e-09 6.7321085371e-03 2.8900359883e-09
1.6254590562e-08 5.0496314652e-03 4.2072301198e-08
1.1164108749e-08 1.8413336948e-03 2.5845092750e-06
5.3574268577e-08 7.1335569955e-03 3.5230596218e-10
7.1125242584e-08 7.2677484713e-03 3.1291444436e-10
3.4905926896e-06 6.8905050866e-03 1.2415386497e-09
1.1166714830e-03 5.5399718694e-03 3.9113436934e-09
1.1166714830e-03 5.5399718694e-03 3.9113436934e-09
1.1395909823e-02 2.3573738872e-05 2.1049639809e-09
1.1395909823e-02 2.3573738872e-05 2.1049639809e-09
1.2065683492e-02 2.7353480618e-05 1.4693456452e-09
7.6333233155e-03 3.5326844227e-05 3.7275076465e-06
8.1311576068e-03 2.5208013540e-05 2.7092362416e-06
7.5470469892e-03 2.6481049645e-05 2.4557884899e-05
6.9199097343e-03 6.3153180236e-05 2.7859894089e-06
6.3640060835e-03 6.1774589994e-05 3.8118932862e-03
6.6014560871e-03 1.8811081827e-04 2.8294564690e-03
6.6014560871e-03 1.8811081827e-04 2.8294564690e-03
6.6883764230e-03 4.7631576308e-04 2.1339999512e-03
6.6152452491e-03 5.3878308972e-04 1.9398139557e-03
6.4822654240e-03 3.4323520958e-04 4.0145255625e-03
6.5544950776e-03 7.1380240843e-04 1.4858129434e-03
6.3408762217e-03 7.3102892202e-05 2.9472375754e-03
5.7749240659e-03 1.2459302088e-03 3.2545463910e-05
5.4506310262e-03 1.7069745809e-03 9.4029574029e-06
5.3714625537e-03 1.9343184249e-04 1.5250046999e-05
6.0193440877e-03 3.1841490418e-03 4.4858443289e-06
5.3938273340e-03 5.8406251483e-03 1.3315559772e-04
5.4940506816e-03 4.4213645160e-03 1.7495315115e-04
6.2775113620e-03 2.9555216897e-03 9.4060897027e-06
8.9508504607e-04 2.2788124625e-03 7.9756588093e-05
8.9508504607e-04 2.2788124625e-03 7.9756588093e-05
9.2587963445e-04 2.2651238833e-03 1.1776661995e-04
1.0179199744e-03 2.4375973735e-03 1.2353679631e-04
2.6671073865e-03 2.6888691355e-03 1.2191273709e-04
1.6729347408e-03 1.8014847301e-03 1.1824584362e-04
7.7755642124e-03 2.1647799294e-03 9.5729716122e-05
1.0784674436e-02 1.4933018247e-03 1.0597671644e-04
1.2286994606e-02 1.8343055854e-03 1.0766799824e-04
1.2772794813e-02 1.3677435927e-03 1.0081235087e-04
1.1010584421e-02 1.8313311739e-03 1.0715512326e-04
1.0278750211e-02 1.1884876294e-03 9.5499672170e-05
9.5307081938e-03 1.8255970208e-03 1.0215013754e-04
8.8980542496e-03 1.8390999176e-03 1.0535427282e-04
1.2170563452e-02 1.7134766094e-03 3.9800848754e-05
1.3088700362e-02 1.9810071681e-03 4.3850410293e-05
1.3611442409e-02 1.9230120815e-03 4.1169409087e-05
9.1579016298e-03 1.9478049362e-03 4.3250794988e-05
1.9882015884e-02 9.4234314747e-04 4.4781623728e-05
1.6930056736e-02 8.4368768148e-04 4.0111324779e-05
1.4523211867e-02 3.5681622103e-03 4.7858862672e-05
8.7005598471e-03 9.2177651823e-04 4.5930966735e-05
3.0312894378e-03 2.5618055370e-03 4.8082114517e-05
1.7131970963e-03 2.9263242614e-03 5.1853206969e-05
1.0991495103e-02 5.1167923957e-03 5.3483425290e-05
1.8350150436e-02 4.7030919231e-03 5.4478543461e-05
5.8518373407e-03 2.1553961560e-03 5.2191400755e-05
8.7071815506e-03 1.3600831153e-03 4.2658659368e-05
1.0731053539e-02 1.9627192523e-03 4.9491616664e-05
1.3140079565e-02 2.8945365921e-03 5.1030085160e-05
1.1597964913e-02 2.3673956748e-03 4.8427726142e-05
8.2055255771e-03 2.4845197331e-03 4.2126248445e-05
1.5283875167e-02 9.5623888774e-04 4.1611096094e-05
9.3656126410e-03 2.0863946993e-03 6.4635918534e-05
7.1316496469e-03 1.8785139546e-03 6.3101215346e-05
8.9081078768e-03 2.4104516488e-03 6.3923645939e-05
1.1832978576e-02 1.2794701615e-03 5.8067860664e-05
1.5779113397e-02 1.8154158024e-03 6.5462518251e-05
1.8555533141e-02 4.8284037039e-03 6.6955843067e-05
1.8562128767e-02 5.8200843632e-03 6.0855280026e-05
1.1411135085e-02 1.2735839002e-02 7.6317119238e-05
1.8608974293e-02 5.8855358511e-03 7.3499017162e-05
1.8094845116e-02 3.5907700658e-03 6.9641973823e-05
1.8094845116e-02 3.5907700658e-03 6.9641973823e-05
1.7136648297e-02 3.2866743859e-03 7.0334914199e-05
7.3155164719e-03 3.8034922909e-03 7.5945950812e-05
7.3155164719e-03 3.8034922909e-03 7.5945950812e-05
1.9402667880e-02 2.4101377930e-03 6.8827815994e-05
1.8825385720e-02 5.5010505021e-03 6.7862289143e-05
5.3280419670e-03 4.0181768127e-03 5.5643049564e-05
5.8812610805e-03 3.5460311919e-03 6.3397012127e-05
2.0863169804e-02 5.3033330478e-03 3.9557566197e-05
6.0804723762e-03 6.2943692319e-03 4.1016170144e-05
6.0804723762e-03 6.2943692319e-03 4.1016170144e-05
1.8837181851e-02 5.1869479939e-03 4.1088365833e-05
8.5892416537e-03 6.2821996398e-03 3.5171058698e-05
9.5719322562e-03 6.0377791524e-03 3.7067631638e-05
6.9124381989e-03 3.6511074286e-03 3.7578360207e-05
6.9105774164e-03 3.5508684814e-03 3.3674721635e-05
2.3285277188e-02 7.8815203160e-03 4.1209335905e-05
7.6421331614e-03 2.9292779509e-03 3.2286206988e-05
8.7705673650e-03 1.9263766007e-03 3.2875886973e-05
8.7705673650e-03 1.9263766007e-03 3.2875886973e-05
8.0647617579e-03 2.3170870263e-03 2.7159789170e-05
2.3005234543e-03 3.0133270193e-03 3.1850413507e-05
5.4042241536e-03 1.1394568719e-03 2.7794929338e-05
2.8451273101e-04 4.2412048206e-03 3.0383962439e-05
5.4074003128e-04 1.1021020822e-02 3.2279091101e-05
5.3887837566e-03 7.8888880089e-03 2.9013142921e-05
1.0597894900e-02 1.4032687759e-03 2.7975680496e-05
1.0597894900e-02 1.4032687759e-03 2.7975680496e-05
3.8969954476e-03 2.7158614248e-03 3.1720326660e-05
5.9659867547e-03 2.9254471883e-03 3.0838753446e-05
1.3844441622e-02 1.1524838628e-03 1.3009553368e-04
5.2281934768e-03 1.1570801726e-03 9.8520780739e-05
5.0609190948e-03 1.0435034055e-03 1.0156381904e-04
1.2377156876e-02 1.3990323059e-03 5.7694083807e-05
3.2874138560e-03 3.0133884866e-03 1.1760511552e-04
3.3290588763e-03 3.1574454624e-03 7.2915805504e-05
4.4223004952e-03 4.1143931448e-03 1.2175001757e-04
6.0309935361e-03 3.3110601362e-03 1.2163303472e-04
4.5837936923e-03 7.5138094835e-03 7.0848199539e-03
5.4855891503e-03 5.2728541195e-03 2.3925172165e-02
5.3385724314e-03 4.8583876342e-03 8.1940116361e-03
5.1790527068e-03 6.6306851804e-03 1.9180322066e-02
4.3164994568e-03 5.4191364907e-03 6.9160298444e-03
6.1294399202e-03 4.0866578929e-03 1.6577953473e-02
1.8915442750e-02 4.8364801332e-03 1.9724493846e-02
6.3770636916e-03 5.1756487228e-03 1.8667761236e-02
1.5529178083e-02 2.0431275479e-03 1.1291024275e-02
1.1435094289e-02 4.4873147272e-03 2.2680507973e-02
1.1435094289e-02 4.4873147272e-03 2.2680507973e-02
9.3218600377e-03 6.1535295099e-03 2.4115242064e-02
1.2612731196e-02 4.3503013439e-03 2.8096975759e-02
1.0203767568e-02 6.0017243959e-03 2.0296411589e-02
1.0071421973e-02 6.1967857182e-03 1.3787827455e-02
1.5655744821e-02 7.3419921100e-03 1.6720494255e-02
1.3150986284e-02 4.4853128493e-03 2.0594691858e-02
1.4614542015e-02 7.5962468982e-03 1.5057712793e-02
6.8364781328e-03 8.2895541564e-03 1.2853150256e-02
6.7699085921e-03 7.9502761364e-03 1.8383497372e-02
1.1747906916e-02 8.7587693706e-03 2.3445889354e-02
4.9987393431e-03 7.6747392304e-03 1.3328396715e-02
4.2485496961e-03 8.0316439271e-03 1.9892929122e-02
4.7782422043e-03 8.4992432967e-03 1.7819760367e-02
7.9136174172e-03 6.2091243453e-03 2.7089254931e-02
4.7768764198e-03 1.0713379830e-02 1.8320566043e-02
8.4317913279e-03 7.1425228380e-03 2.0917512476e-02
6.3595767133e-03 8.7978066877e-03 1.9628701732e-02
3.9233318530e-03 6.0709875077e-02 1.6192412004e-03
5.4128378630e-02 5.1762819290e-02 1.5357109951e-03
6.5496720374e-02 5.2003834397e-02 1.1894963682e-03
5.8514539152e-02 5.3890343755e-02 3.6107609048e-04
5.7728391141e-02 5.3489938378e-02 4.4876988977e-04
5.7728391141e-02 5.3489938378e-02 4.4876988977e-04
7.3785632849e-02 4.0826495737e-02 2.1220692433e-03
6.3110552728e-02 4.8611968756e-02 1.3542472152e-03
5.9534490108e-02 5.1395300776e-02 7.4543204391e-04
2.7229040861e-02 4.6065736562e-02 2.8240503743e-03
3.0862620100e-02 5.0599191338e-02 3.2959624659e-03
2.3416608572e-02 5.4332587868e-02 2.7536570560e-03
3.2959476113e-02 5.7394832373e-02 1.3175602071e-03
3.5968139768e-02 4.9837768078e-02 3.1959805638e-03
2.3301161826e-02 5.7570431381e-02 1.2143212371e-03
3.3829636872e-02 5.9241000563e-02 7.5297785224e-04
2.6898967102e-02 5.5157080293e-02 1.9302894361e-03
1.9996698946e-02 5.3361739963e-02 5.5620050989e-03
2.5398774073e-02 2.4039919954e-03 2.8045091312e-03
1.7293494195e-02 6.8365298212e-03 8.6007956415e-03
1.3040275313e-02 5.7157329284e-03 8.8715469465e-03
1.4466692694e-02 4.6611377038e-03 6.7917257547e-03
1.5929536894e-02 6.3113570213e-03 6.6317762248e-03
1.6594469547e-01 0.0000000000e+00 0.0000000000e+00
1.1483094841e-01 0.0000000000e+00 0.0000000000e+00
1.1483094841e-01 0.0000000000e+00 0.0000000000e+00
2.7490178123e-02 0.0000000000e+00 0.0000000000e+00
1.0776710510e-01 0.0000000000e+00 0.0000000000e+00
1.0776710510e-01 0.0000000000e+00 0.0000000000e+00
1.3380180113e-02 0.0000000000e+00 0.0000000000e+00
3.4875910729e-02 0.0000000000e+00 0.0000000000e+00
3.4875910729e-02 0.0000000000e+00 0.0000000000e+00
1.3914007694e-02 1.0002892464e-01 7.6400661783e-05
1.3914007694e-02 1.0002892464e-01 7.6400661783e-05
2.4269230664e-02 9.9293760955e-02 5.2624725504e-04
1.0433358839e-03 9.3908019364e-02 1.6931077698e-03
8.2826451398e-04 9.3209214509e-02 1.6435557045e-03
7.7170616714e-04 9.5398016274e-02 8.6350907804e-04
9.1764872195e-04 9.6518419683e-02 7.1879272582e-04
2.1281184163e-03 8.3563901484e-02 2.4857271928e-03
1.9260294503e-03 8.3143822849e-02 2.2548427805e-03
1.9260294503e-03 8.3143822849e-02 2.2548427805e-03
2.2260430269e-03 8.3004549146e-02 2.9071967583e-03
2.2260430269e-03 8.3004549146e-02 2.9071967583e-03
1.9793908577e-03 8.4521107376e-02 1.9345507026e-03
2.8837041464e-03 8.3475537598e-02 2.9599398840e-03
2.6061078534e-03 8.3574451506e-02 2.7058965061e-03
7.9207092524e-02 6.2167655677e-02 1.1639363365e-03
6.4170084894e-02 6.6875845194e-02 1.2704083929e-03
6.6900588572e-02 6.4818330109e-02 1.2620191555e-03
6.8005777895e-02 6.2828093767e-02 9.4833254116e-04
3.0263097957e-02 1.7571764067e-02 1.0403856868e-03
3.1968992203e-02 1.9846880808e-02 1.6544804676e-03
3.9405167103e-02 2.0965173841e-02 2.3233348038e-03
3.9860207587e-02 2.0445803180e-02 3.0304798856e-03
3.1317148358e-02 2.1184064448e-02 1.3566453708e-03
3.4916415811e-02 2.2039914504e-02 2.5520650670e-03
3.3020414412e-02 1.9123077393e-02 1.6755801626e-03
2.4359332398e-02 2.1712286398e-02 2.6458669454e-03
2.8525097296e-02 2.2745728493e-02 1.2654332677e-03
3.0387228355e-02 2.0321911201e-02 1.1554249795e-03
2.8320813552e-02 1.9473673776e-02 2.7292908635e-03
1.1889470369e-01 6.0205012560e-02 6.0902698897e-04
8.7411828339e-02 5.6054625660e-02 8.1634690287e-04
4.0846351534e-02 3.4944627434e-02 2.0998959371e-04
8.4996692836e-02 4.9652025104e-02 7.6061836444e-04
8.4996692836e-02 4.9652025104e-02 7.6061836444e-04
9.8606795073e-02 5.3204223514e-02 8.7710371008e-04
4.3402347714e-02 8.0163367093e-02 2.3037798237e-03
1.6874229535e-02 8.8007681072e-02 1.9884139765e-03
1.4348314144e-02 8.7284974754e-02 2.0677002613e-03
1.4586382546e-02 8.8179625571e-02 1.8396951491e-03
1.7747014062e-03 8.9717857540e-02 2.6880949736e-04
1.2089054799e-03 9.0173415840e-02 2.9067939613e-04
5.2402205765e-03 8.6909376085e-02 3.1280319672e-04
4.4374023564e-03 8.7905950844e-02 3.1285051955e-04
4.3721734546e-03 8.9183725417e-02 2.8199280496e-04
4.4423150830e-03 8.9375980198e-02 2.9876554618e-04
3.8678981364e-03 8.7751008570e-02 3.1943639624e-04
3.5477641504e-03 8.9692711830e-02 2.6446321863e-04
2.7065922040e-03 9.0038001537e-02 2.5923180510e-04
1.5642339131e-03 9.0383224189e-02 8.7750685634e-04
1.1473969789e-03 9.0760380030e-02 8.6642126553e-04
2.0529939793e-03 9.0644694865e-02 9.1724353842e-04
2.7861995623e-03 8.9044459164e-02 1.1530666379e-03
3.4640536178e-03 9.0002171695e-02 1.1075576767e-03
2.8834051918e-03 8.9780271053e-02 1.0004424257e-03
7.5651201769e-05 9.1584406793e-02 4.9489777302e-04
5.0872124120e-05 9.3350231647e-02 4.0313263889e-04
5.4478896345e-05 9.0974085033e-02 4.7960001393e-04
5.3654966905e-05 9.2854380608e-02 4.5931583736e-04
3.8762631448e-05 9.1842733324e-02 5.2918534493e-04
3.6812634789e-05 9.2638373375e-02 4.3600462959e-04
3.8532129111e-05 9.1930992901e-02 4.8554353998e-04
3.9184847992e-05 9.1832764447e-02 5.0907972036e-04
3.2630880014e-05 9.2494882643e-02 4.4557885849e-04
1.0784829501e-03 9.2838160694e-02 1.5180254122e-03
1.4903447591e-03 9.4863735139e-02 1.5252023004e-03
1.5083923936e-03 9.3083523214e-02 1.8363938434e-03
1.2364085997e-03 8.9232243598e-02 1.8196343444e-03
1.0898387991e-03 9.2524178326e-02 1.4710765099e-03
1.6655497020e-03 9.3391381204e-02 1.9834337290e-03
4.3967313104e-05 9.1126583517e-02 5.2978866734e-04
8.9593842858e-04 9.2487901449e-02 9.8365242593e-04
5.1925837761e-04 8.9889071882e-02 1.0411376134e-03
5.3816859145e-04 8.8554739952e-02 1.2408082839e-03
1.9719509874e-03 9.1696731746e-02 1.0330263758e-03
1.9656419754e-03 9.1058731079e-02 1.1358289048e-03
2.5951087009e-03 9.1009616852e-02 1.1396830669e-03
2.6294372510e-03 9.0811960399e-02 1.1619328288e-03
1.9564174581e-03 9.1091871262e-02 1.1702643242e-03
3.7658950896e-04 9.1395966709e-02 1.1334865121e-03
4.4743981562e-04 9.0966552496e-02 1.2105632341e-03
3.4594559111e-04 9.0913064778e-02 1.0249548359e-03
1.0412380652e-04 9.2139363289e-02 1.9237981178e-03
1.2650673743e-03 9.1245740652e-02 2.0035901107e-03
1.0907832766e-03 9.1566383839e-02 1.6567666316e-03
1.0084334062e-03 8.3367191255e-02 2.9152987991e-03
1.5980610624e-03 8.6853034794e-02 2.6185077149e-03
6.4988195663e-04 8.6783349514e-02 2.1851549391e-03
6.4988195663e-04 8.6783349514e-02 2.1851549391e-03
6.4988195663e-04 8.6783349514e-02 2.1851549391e-03
5.7044648565e-04 8.7226592004e-02 2.0824263338e-03
5.7044648565e-04 8.7226592004e-02 2.0824263338e-03
7.7433651313e-05 8.9774161577e-02 2.1399001125e-03
8.8938781118e-05 8.8289797306e-02 2.4121350143e-03
1.9016052829e-04 6.8615339696e-02 3.3159747254e-03
1.5522267495e-04 6.8461529911e-02 3.5802733619e-03
1.1849673319e-04 6.8827174604e-02 3.1659745146e-03
7.0882291766e-04 6.8864770234e-02 2.8472447302e-03
8.2426529843e-05 6.9002620876e-02 2.5864935014e-03
4.7095296904e-03 6.9044508040e-02 4.6024415642e-03
2.2266532760e-03 6.9843366742e-02 3.9298189804e-03
2.8424626216e-03 7.0093803108e-02 3.7593340967e-03
9.5829094062e-04 7.1632139385e-02 3.3641841728e-03
1.3486151583e-03 7.0516169071e-02 3.7320682313e-03
7.4197459035e-03 6.8862304091e-02 4.4430545531e-03
4.9195025349e-04 6.6147819161e-02 5.8550257236e-03
5.0924072275e-04 7.2316683829e-02 6.7264977843e-03
6.5696687670e-05 7.1217402816e-02 7.1621225215e-03
7.3344555858e-05 7.0010736585e-02 7.5257825665e-03
1.0940655920e-04 7.0975936949e-02 8.4304166958e-03
7.6021591667e-05 7.1104325354e-02 7.9932613298e-03
3.8915215555e-05 7.5526177883e-02 4.9582836218e-03
7.6702293882e-05 7.7401168644e-02 1.9249757752e-03
4.0504655772e-05 6.0063797981e-02 1.4215666801e-02
1.3264386325e-05 4.2644411325e-02 8.9256241918e-03
2.0170172824e-11 0.0000000000e+00 0.0000000000e+00
2.1783420553e-11 0.0000000000e+00 0.0000000000e+00
2.1783420553e-11 0.0000000000e+00 0.0000000000e+00
3.4047219905e-11 0.0000000000e+00 0.0000000000e+00
5.2255973854e-11 0.0000000000e+00 0.0000000000e+00
1.8496790904e-11 0.0000000000e+00 0.0000000000e+00
1.6725064814e-01 0.0000000000e+00 0.0000000000e+00
1.9263528287e-01 0.0000000000e+00 0.0000000000e+00
1.6776226461e-01 0.0000000000e+00 0.0000000000e+00
1.6776226461e-01 0.0000000000e+00 0.0000000000e+00
7.7150511788e-04 0.0000000000e+00 0.0000000000e+00
7.7150511788e-04 0.0000000000e+00 0.0000000000e+00
1.9734597206e-01 0.0000000000e+00 0.0000000000e+00
1.9676040113e-01 0.0000000000e+00 0.0000000000e+00
1.9972451031e-01 0.0000000000e+00 0.0000000000e+00
1.9699941576e-01 0.0000000000e+00 0.0000000000e+00
1.9839859009e-01 0.0000000000e+00 0.0000000000e+00
2.0074735582e-01 0.0000000000e+00 0.0000000000e+00
2.0074735582e-01 0.0000000000e+00 0.0000000000e+00
2.0074735582e-01 0.0000000000e+00 0.0000000000e+00
1.9858767092e-01 0.0000000000e+00 0.0000000000e+00
1.9858767092e-01 0.0000000000e+00 0.0000000000e+00
1.9858767092e-01 0.0000000000e+00 0.0000000000e+00
1.9858767092e-01 0.0000000000e+00 0.0000000000e+00
1.9890816510e-01 0.0000000000e+00 0.0000000000e+00
1.0371381789e-01 0.0000000000e+00 0.0000000000e+00
1.0371381789e-01 0.0000000000e+00 0.0000000000e+00
1.3937379420e-01 0.0000000000e+00 0.0000000000e+00
1.3982884586e-01 0.0000000000e+00 0.0000000000e+00
1.0476931930e-02 0.0000000000e+00 0.0000000000e+00
1.0476931930e-02 0.0000000000e+00 0.0000000000e+00
3.8822766393e-02 0.0000000000e+00 0.0000000000e+00
3.8822766393e-02 0.0000000000e+00 0.0000000000e+00
1.8483517691e-02 0.0000000000e+00 0.0000000000e+00
2.4498917162e-02 0.0000000000e+00 0.0000000000e+00
2.0006625354e-01 0.0000000000e+00 0.0000000000e+00
8.7871802971e-03 0.0000000000e+00 0.0000000000e+00
3.4150872380e-02 0.0000000000e+00 0.0000000000e+00
3.6900751293e-02 0.0000000000e+00 0.0000000000e+00
2.1204100922e-02 0.0000000000e+00 0.0000000000e+00
1.3509648852e-02 0.0000000000e+00 0.0000000000e+00
6.1804745346e-03 0.0000000000e+00 0.0000000000e+00
1.0639633983e-02 0.0000000000e+00 0.0000000000e+00
2.2983429953e-02 0.0000000000e+00 0.0000000000e+00
2.2983429953e-02 0.0000000000e+00 0.0000000000e+00
3.0054094270e-02 0.0000000000e+00 0.0000000000e+00
1.6879130155e-02 0.0000000000e+00 0.0000000000e+00
3.9091347717e-03 0.0000000000e+00 0.0000000000e+00
5.9507931383e-07 1.7068797722e-02 9.4900904223e-03
7.9796178554e-09 1.8648572266e-02 8.2979165018e-03
7.8500043799e-08 2.1755924448e-02 9.8558561876e-03
7.8559246219e-08 2.2298768163e-02 9.7964135930e-03
5.8046513374e-08 2.2853003815e-02 9.0338988230e-03
2.9649262601e-08 2.2925876081e-02 8.1117339432e-03
2.0962970027e-08 2.2733578458e-02 8.1626065075e-03
2.0966916736e-07 4.4939104468e-02 8.7406961247e-03
2.6882423398e-08 2.3481927812e-02 7.4949897826e-03
4.5044757258e-08 2.3499459028e-02 8.9164366946e-03
4.0239950039e-08 2.3299708962e-02 7.7734156512e-03
1.1604746675e-07 2.2344887257e-02 7.6926164329e-03
3.3243136954e-07 3.1149854884e-02 5.8476584964e-03
5.1786861377e-07 3.1064458191e-02 5.2682184614e-03
6.9064503805e-07 3.3674512058e-02 5.1061660051e-03
3.8895802845e-07 3.1392093748e-02 4.7050509602e-03
4.9336191296e-05 3.6926951259e-02 6.5792589448e-03
9.1000782731e-07 3.7257075310e-02 7.1833194233e-03
9.7970951174e-07 3.5467315465e-02 1.1178520508e-02
5.5310491007e-04 3.6240566522e-02 9.3559147790e-03
1.1045189012e-06 3.0997067690e-02 1.0500115342e-02
2.3016477826e-06 3.1591419131e-02 1.0491634719e-02
5.6512556057e-07 3.0586829409e-02 1.0025327094e-02
3.7673487441e-07 2.9852852225e-02 9.5252851024e-03
3.7673487441e-07 2.9852852225e-02 9.5252851024e-03
3.4848937958e-07 3.2543405890e-02 6.0970229097e-03
1.3445956029e-05 5.9180077165e-02 8.8179484010e-03
1.2607659446e-03 5.9592474252e-02 7.5590764172e-03
3.1761253922e-05 5.7882945985e-02 8.2916533574e-03
1.4628317149e-04 5.8814246207e-02 7.6983259059e-03
9.4188835646e-06 6.4804770052e-02 4.6008159406e-03
6.5139506660e-06 6.5133176744e-02 5.4359254427e-03
6.5139506660e-06 6.5133176744e-02 5.4359254427e-03
8.8378072860e-08 6.5722450614e-02 6.0631386004e-03
1.7432837751e-07 6.3610851765e-02 6.2795486301e-03
6.4607689865e-07 6.8332284689e-02 3.7186851259e-03
5.0679137331e-08 6.4641781151e-02 9.8929321393e-03
8.2465015794e-07 6.3392996788e-02 5.9360158630e-03
4.4686782052e-11 5.2028220147e-02 3.4457945731e-03
9.3941068258e-09 6.2132898718e-02 1.7610212089e-03
1.0508816928e-08 4.3277144432e-02 2.1603002679e-03
4.7576356188e-09 9.0922862291e-02 3.7243987899e-03
2.0304986137e-08 6.1133805662e-02 4.8925583251e-03
2.9343611985e-09 7.3311604559e-02 2.7233541477e-03
9.9194541470e-11 7.3765069246e-02 2.2979800124e-03
9.9194541470e-11 7.3765069246e-02 2.2979800124e-03
1.2698599117e-11 6.7679882050e-02 1.9472645363e-03
2.3349555178e-08 7.3031820357e-02 4.6254550107e-03
2.9432378312e-08 7.2861172259e-02 2.9303450137e-03
1.7264737195e-08 6.6278241575e-02 2.6142979041e-03
6.0444002884e-05 7.2971880436e-02 3.7265873980e-03
1.7639163161e-06 7.3936916888e-02 2.4619030301e-03
1.0403126680e-06 7.3574982584e-02 3.8434434682e-03
1.9120999184e-07 6.8614870310e-02 2.3802302312e-03
4.7055418690e-06 5.9969309717e-02 2.7859490365e-03
1.5890082068e-05 8.4860742092e-02 2.2968370467e-03
1.9181832158e-06 6.4353190362e-02 2.5852720719e-03
9.7319437231e-11 1.2749007903e-02 1.8154558493e-03
5.8873972364e-09 8.7631568313e-03 1.7079180107e-03
3.3058524668e-11 1.1951986700e-02 2.5554674212e-03
3.5644484586e-10 9.8833078519e-03 2.6443994138e-03
5.1097759979e-07 1.5759348869e-02 2.9637189582e-03
5.1853934341e-11 1.5801707283e-02 2.4551649112e-03
3.9679648012e-08 2.0664108917e-02 2.0317810122e-03
3.5062421716e-11 2.0164258312e-03 1.5554461861e-03
2.8449373066e-11 8.6774202064e-03 2.0986173768e-03
3.2877818246e-09 1.7471874133e-02 2.2922176868e-03
1.2684117645e-11 9.1582974419e-03 1.9912945572e-03
1.4289627814e-10 1.5996931121e-02 3.3303294331e-03
9.1112430101e-11 1.3395694084e-02 2.6293934789e-03
9.1798050050e-08 1.3582848944e-02 2.7111964300e-03
1.0864826816e-09 2.0321780816e-02 2.5860141031e-03
4.9410114888e-10 1.7889672890e-02 2.1122049075e-03
4.6332767484e-11 1.2436218560e-02 3.5701252054e-03
1.0590703314e-10 2.1259987727e-02 3.8430374116e-03
1.0590703314e-10 2.1259987727e-02 3.8430374116e-03
2.5733340805e-11 4.0094740689e-02 2.8202573303e-03
3.1589248578e-11 1.7911668867e-02 2.9279303271e-03
2.9935659285e-08 1.7418982461e-02 2.2993313614e-03
3.2138541828e-11 1.7526822165e-02 1.7381428042e-03
2.1764222765e-05 3.4911278635e-02 3.4067239612e-03
7.3096071418e-09 3.3428788185e-02 3.1463289633e-03
5.0471685427e-06 3.0981725082e-02 3.0803235713e-03
1.6669418983e-05 3.2672014087e-02 2.6944812853e-03
1.9650697141e-05 3.0959591269e-02 3.5698486026e-03
2.5413524440e-07 3.2210681587e-02 2.0273022819e-03
6.2253785460e-11 2.8208410367e-02 2.1571472753e-03
9.8046248240e-06 2.7299471200e-02 2.4831222836e-03
1.5784558855e-05 2.9026970267e-02 2.2515056189e-03
1.5608513422e-05 2.8078159317e-02 2.6003732346e-03
1.8030219508e-05 2.8668448329e-02 3.0514635146e-03
3.2478706999e-05 2.7741415426e-02 3.1391931698e-03
9.4176784426e-12 2.7440464124e-02 1.6061109491e-03
2.9187243854e-05 3.5158175975e-02 6.0541690327e-03
1.1511042430e-05 3.5394374281e-02 7.2399689816e-03
4.8397811042e-05 6.9075010717e-02 1.1990133673e-02
6.2827159127e-05 6.9839783013e-02 9.7995018587e-03
6.2827159127e-05 6.9839783013e-02 9.7995018587e-03
3.8582109729e-11 4.3930385262e-02 6.0083032586e-03
6.5503198130e-05 6.4416140318e-02 1.2024852447e-02
3.9673581341e-05 6.5698407590e-02 9.0873735026e-03
6.9270849053e-05 6.5757773817e-02 1.2470553629e-02
1.2741055980e-04 6.4994208515e-02 1.1018478312e-02
1.2741055980e-04 6.4994208515e-02 1.1018478312e-02
1.3232446276e-02 0.0000000000e+00 0.0000000000e+00
1.3393450528e-02 0.0000000000e+00 0.0000000000e+00
1.1415028013e-02 0.0000000000e+00 0.0000000000e+00
1.2800469995e-02 0.0000000000e+00 0.0000000000e+00
1.1565756053e-02 0.0000000000e+00 0.0000000000e+00
1.2678246014e-02 0.0000000000e+00 0.0000000000e+00
1.3037681580e-02 0.0000000000e+00 0.0000000000e+00
1.2471415102e-02 0.0000000000e+00 0.0000000000e+00
1.1787223630e-02 0.0000000000e+00 0.0000000000e+00
1.4657564461e-02 0.0000000000e+00 0.0000000000e+00
1.4657564461e-02 0.0000000000e+00 0.0000000000e+00
1.3638312928e-02 0.0000000000e+00 0.0000000000e+00
5.2871624939e-03 0.0000000000e+00 0.0000000000e+00
3.6506315228e-03 0.0000000000e+00 0.0000000000e+00
3.6506315228e-03 0.0000000000e+00 0.0000000000e+00
4.8775868490e-03 0.0000000000e+00 0.0000000000e+00
4.9810339697e-03 0.0000000000e+00 0.0000000000e+00
6.1770067550e-03 0.0000000000e+00 0.0000000000e+00
1.3165718876e-02 0.0000000000e+00 0.0000000000e+00
1.3165718876e-02 0.0000000000e+00 0.0000000000e+00
1.5736063942e-02 0.0000000000e+00 0.0000000000e+00
1.3191153295e-02 0.0000000000e+00 0.0000000000e+00
9.8718246445e-03 0.0000000000e+00 0.0000000000e+00
1.4864198864e-02 0.0000000000e+00 0.0000000000e+00
1.4801495709e-02 0.0000000000e+00 0.0000000000e+00
1.1285692453e-02 0.0000000000e+00 0.0000000000e+00
2.1482018754e-02 0.0000000000e+00 0.0000000000e+00
1.8896589056e-02 0.0000000000e+00 0.0000000000e+00
1.7089569941e-02 0.0000000000e+00 0.0000000000e+00
1.5581604093e-02 0.0000000000e+00 0.0000000000e+00
1.5588882379e-02 0.0000000000e+00 0.0000000000e+00
1.5583004802e-02 0.0000000000e+00 0.0000000000e+00
1.5640102327e-02 0.0000000000e+00 0.0000000000e+00
2.0119883120e-02 0.0000000000e+00 0.0000000000e+00
1.9201833755e-02 0.0000000000e+00 0.0000000000e+00
1.8154336140e-02 0.0000000000e+00 0.0000000000e+00
3.3594626933e-02 0.0000000000e+00 0.0000000000e+00
3.4290369600e-02 0.0000000000e+00 0.0000000000e+00
3.3778268844e-02 0.0000000000e+00 0.0000000000e+00
3.4171711653e-02 0.0000000000e+00 0.0000000000e+00
3.4171711653e-02 0.0000000000e+00 0.0000000000e+00
3.4220349044e-02 0.0000000000e+00 0.0000000000e+00
3.4188069403e-02 0.0000000000e+00 0.0000000000e+00
3.4188069403e-02 0.0000000000e+00 0.0000000000e+00
3.4188069403e-02 0.0000000000e+00 0.0000000000e+00
3.4188069403e-02 0.0000000000e+00 0.0000000000e+00
3.5214044154e-02 0.0000000000e+00 0.0000000000e+00
3.6038856953e-02 0.0000000000e+00 0.0000000000e+00
3.5239655524e-02 0.0000000000e+00 0.0000000000e+00
3.4328099340e-02 0.0000000000e+00 0.0000000000e+00
2.0029069856e-02 0.0000000000e+00 0.0000000000e+00
2.0032295957e-02 0.0000000000e+00 0.0000000000e+00
9.6477102488e-03 0.0000000000e+00 0.0000000000e+00
9.6477102488e-03 0.0000000000e+00 0.0000000000e+00
1.5153209679e-02 0.0000000000e+00 0.0000000000e+00
1.5515754931e-02 0.0000000000e+00 0.0000000000e+00
1.0970558971e-02 0.0000000000e+00 0.0000000000e+00
1.1337753385e-02 0.0000000000e+00 0.0000000000e+00
9.9272206426e-03 0.0000000000e+00 0.0000000000e+00
4.3332085013e-02 4.2106336914e-03 8.9637720857e-11
1.8953513354e-02 1.3694870286e-03 8.5286500084e-11
1.8953513354e-02 1.3694870286e-03 8.5286500084e-11
3.4267436713e-02 1.9412882393e-03 5.7041940615e-11
3.7494566292e-02 4.1251168586e-03 5.8948089465e-11
1.2294285931e-02 6.5755960532e-03 6.3500336933e-11
1.5122535639e-02 6.1430054484e-04 9.8415109395e-11
3.1850863248e-02 1.1748683173e-03 7.1040434646e-10
1.9398665056e-02 7.6421833364e-04 3.5766098416e-10
1.9398665056e-02 7.6421833364e-04 3.5766098416e-10
7.0553280413e-02 9.3290762743e-04 1.2016269924e-10
2.3487200961e-02 9.2130160192e-04 1.1802825384e-10
5.4882660508e-02 5.1225456409e-03 1.6238156375e-09
5.9953171760e-02 1.7678268487e-03 1.0640965886e-10
4.7837272286e-02 1.2278376380e-03 1.0343458728e-10
4.7837272286e-02 1.2278376380e-03 1.0343458728e-10
6.6955141723e-02 4.9101066543e-04 9.3982203964e-11
3.1061559916e-02 4.3541970663e-03 1.1002018740e-10
5.1080663688e-03 1.8248235574e-03 4.8032796490e-11
5.0342590548e-03 1.5172028216e-03 3.2141393713e-11
2.1471071523e-03 2.2823226172e-03 4.1537776690e-11
2.3043917026e-03 2.7627479285e-03 4.1491990399e-11
3.5777499434e-03 1.7012725584e-03 2.7129763713e-11
1.6326677287e-03 3.3723225351e-03 2.7946267437e-05
8.5552083328e-03 6.1179711483e-03 4.5656974729e-11
8.1427851692e-03 5.6264209561e-03 8.2752082964e-11
8.6737843230e-03 1.9314485835e-03 5.0585708777e-07
1.0590292513e-02 7.6349382289e-04 6.8477497734e-06
5.6715733372e-03 2.3969681934e-02 1.2448324316e-10
7.9495059326e-03 2.4366425350e-02 8.5344224743e-11
7.9495059326e-03 2.4366425350e-02 8.5344224743e-11
5.3890380077e-03 2.5772625580e-02 1.4149854899e-10
5.2019921131e-03 2.3750403896e-02 8.8046160640e-11
5.2019921131e-03 2.3750403896e-02 8.8046160640e-11
5.8070165105e-03 1.8720908090e-02 6.7550180727e-11
6.5520778298e-03 2.3342341185e-02 4.9697357341e-11
6.5520778298e-03 2.3342341185e-02 4.9697357341e-11
7.0773065090e-03 2.1517857909e-02 8.5216361745e-11
5.3870602278e-04 4.3831053190e-03 6.3660270631e-12
3.5725731868e-04 3.5572678316e-03 9.3128337539e-06
5.9656420490e-04 4.3684081174e-03 6.6663185389e-12
1.2613461586e-03 1.2051555328e-02 9.5798941696e-12
1.1260794709e-03 1.2205495499e-02 8.6829302429e-12
7.6056551188e-04 1.3179297559e-02 1.8375008112e-11
7.7356933616e-04 1.3078738004e-02 9.5532045816e-12
1.5829199692e-03 1.2992420234e-02 2.6389031585e-11
3.1493845745e-04 1.3352892362e-02 1.5410657125e-11
1.6770962393e-03 1.2619192712e-02 1.5009661916e-11
9.6153799677e-04 1.2505105697e-02 7.9044297149e-12
1.3274060329e-03 1.3193068095e-02 1.8068050528e-11
9.7579351859e-04 1.3710987754e-02 2.3531870896e-11
9.8384590819e-04 1.3016082346e-02 2.0086465477e-11
1.3569087023e-03 1.2989263050e-02 1.6335295963e-11
8.9157855837e-04 1.2992206961e-02 9.9412492127e-12
9.0151350014e-04 1.3025543652e-02 8.3078136384e-12
8.1248994684e-04 1.2533631176e-02 1.7269996197e-11
1.1324033840e-03 1.2372842990e-02 1.4734359566e-11
2.8820073931e-04 1.1811939068e-02 2.2950030765e-11
4.1991784237e-03 8.4426896647e-03 3.7994846852e-11
3.8458248600e-03 1.0342626832e-02 3.1628321490e-11
3.2901584636e-03 1.0719900019e-02 3.1557017416e-11
2.9609567719e-04 9.2936651781e-03 3.3119663262e-11
2.4717851193e-04 8.3742961287e-03 2.9729527867e-11
2.3771433625e-03 4.3015521951e-03 1.1873556305e-10
2.6040596422e-03 3.0326906126e-03 4.3046632231e-11
1.6680557746e-04 4.4989050366e-03 7.6530455584e-11
1.0162970284e-04 7.2503662668e-03 8.1201524671e-11
1.3352034148e-04 8.4913466126e-03 2.5808236104e-10
9.0177702077e-05 8.2959188148e-03 2.5866475628e-10
6.9981979323e-05 7.3151080869e-03 1.5155745814e-06
7.1454378485e-05 8.7155485526e-03 3.3241063235e-09
7.3206429079e-05 7.5573599897e-03 1.3914691408e-06
8.3012746472e-05 9.0647889301e-03 4.4145291866e-09
6.2395840359e-05 7.8769801185e-03 1.4125415646e-06
6.9506189902e-05 3.9204419591e-03 1.0063439840e-03
8.6965621449e-05 1.2938790023e-03 1.2835842790e-03
8.6965621449e-05 1.2938790023e-03 1.2835842790e-03
5.3047075198e-05 2.8847891372e-03 7.3638238246e-04
7.4816198321e-05 1.7017214559e-03 1.1019901140e-03
8.7531836471e-05 2.0810773131e-03 1.0384962661e-03
1.1111336062e-04 5.1947101019e-03 8.7973737391e-04
3.9627444494e-05 3.2273631077e-03 2.9279544833e-04
2.4258108855e-09 1.9081918290e-03 1.3124610996e-03
5.9177835965e-09 6.4453000959e-05 3.2874804456e-03
7.4783024502e-06 2.0206007175e-03 7.3780649109e-04
9.1806878117e-06 1.0944723181e-04 4.7134617344e-03
1.1684957890e-08 4.5511376811e-05 1.0981654050e-03
9.6207229944e-05 2.9383672518e-04 7.5400102651e-04
6.0788676137e-07 6.4177351305e-04 1.9591217861e-03
2.2078835173e-05 3.3089003991e-03 5.9101457009e-04
2.1914633180e-05 6.6043325933e-04 3.4827080090e-03
1.0983981156e-05 4.2391204624e-04 2.5595834013e-03
4.0219651964e-06 2.2989602294e-03 1.2797344243e-03
4.0219651964e-06 2.2989602294e-03 1.2797344243e-03
2.0710971512e-05 2.9679024592e-03 5.0888844999e-04
2.1261030270e-08 4.3311528862e-03 3.1392060919e-04
4.9365642241e-08 1.6920644557e-03 2.1205104422e-03
8.0989143170e-10 2.3055251222e-03 9.4607361825e-04
1.4469722309e-08 2.0658818539e-03 1.8860325217e-03
1.4469719645e-08 2.1182557102e-03 1.3108258136e-03
2.3343412977e-05 5.3607448936e-03 2.4665647652e-04
9.1266343816e-08 1.7812099541e-03 1.1994765373e-03
4.7814905643e-02 0.0000000000e+00 0.0000000000e+00
5.0249237567e-02 0.0000000000e+00 0.0000000000e+00
9.7983293235e-03 7.8656319529e-03 2.5507831015e-04
9.9706267938e-03 9.3442304060e-03 1.2402097695e-02
4.1360878386e-03 1.2625485659e-02 1.5775213251e-03
7.4680740945e-03 7.6324404217e-03 1.0318086483e-02
5.2419132553e-03 6.7383307032e-03 8.1090051681e-03
4.4475320727e-02 0.0000000000e+00 0.0000000000e+00
5.7221278548e-02 0.0000000000e+00 0.0000000000e+00
4.6908739954e-02 0.0000000000e+00 0.0000000000e+00
8.8330833241e-03 8.0610895529e-03 8.1437090412e-03
4.6367406845e-02 0.0000000000e+00 0.0000000000e+00
4.6367406845e-02 0.0000000000e+00 0.0000000000e+00
3.9368644357e-03 5.8545409702e-03 6.0981814750e-03
3.9368644357e-03 5.8545409702e-03 6.0981814750e-03
4.3984457850e-02 1.6086719697e-03 5.4121259600e-03
3.7812769879e-03 5.8987583034e-03 1.0378607549e-02
4.4705886394e-02 1.6957772896e-03 4.0174429305e-03
8.6271301214e-10 3.1371400109e-04 2.0107750315e-03
1.9720006961e-08 6.2510953285e-05 5.6218779646e-03
5.6284793493e-10 4.3649179861e-04 3.4256335348e-03
5.9977484090e-10 3.0668215913e-05 5.7673659176e-03
2.0133472667e-10 3.9440524415e-04 5.1253484562e-03
6.9239941558e-10 4.2645554640e-04 5.5275126360e-03
5.5886489880e-10 4.4806560618e-04 8.0181714147e-03
5.0057819001e-10 1.2161897030e-03 8.4189148620e-03
4.7582021656e-10 4.5831399621e-04 8.5434764624e-03
5.2042103960e-10 3.8163192221e-04 8.7955007330e-03
5.2042103960e-10 3.8163192221e-04 8.7955007330e-03
7.9690432031e-10 4.0721838013e-04 9.0923300013e-03
5.9450067091e-10 3.0876402889e-05 7.8665567562e-03
5.9450067091e-10 7.0156011498e-04 8.4344120696e-03
5.5578758262e-10 3.1927153032e-05 7.1402005851e-03
6.7644095880e-10 7.5385015225e-04 7.5015551411e-03
4.9956599968e-10 8.6642411770e-04 6.7968498915e-03
5.1645349108e-10 9.7014271887e-04 6.1295158230e-03
5.4398191507e-10 1.0192118352e-03 7.2086043656e-03
5.7465260328e-10 9.7977428231e-04 6.2855370343e-03
6.1476934654e-10 2.5493966049e-08 8.6965858936e-03
6.1476934654e-10 2.5494420797e-08 8.6321914569e-03
6.1054478140e-10 2.6352571236e-09 8.2749249414e-03
3.3415423241e-03 5.2001338190e-05 7.9985642806e-03
3.3415423241e-03 5.2001338190e-05 7.9985642806e-03
1.8632501597e-03 5.8646054413e-07 7.8134238720e-03
3.3326798584e-03 1.4084292843e-06 8.0349342898e-03
4.1435929015e-03 1.2412748447e-06 9.0158460662e-03
5.2077230066e-03 4.8603151299e-06 9.0593909845e-03
4.4989320450e-03 2.3207435333e-06 9.4021633267e-03
5.1920786500e-03 2.2571017325e-04 3.8132788613e-03
5.1920786500e-03 2.2571017325e-04 3.8132788613e-03
2.0627919585e-03 6.8740591814e-05 1.2224360835e-03
2.0627919585e-03 6.8740591814e-05 1.2224360835e-03
7.2983796708e-03 4.5127337216e-04 3.2785413787e-03
1.5350367874e-02 2.3581215646e-03 6.0846232809e-03
4.7947806306e-03 7.4843672337e-04 3.9789583534e-03
1.0121885687e-02 1.1092683999e-03 4.5312535949e-03
1.0121885687e-02 1.1092683999e-03 4.5312535949e-03
1.1343080550e-02 8.3207740681e-04 1.5823212452e-03
2.7514798567e-03 1.0465402011e-04 3.7755062804e-03
3.4323871745e-08 9.0358126909e-04 1.6468757764e-02
8.8349644045e-08 9.1007334413e-04 9.3578025699e-03
8.6301211268e-03 0.0000000000e+00 0.0000000000e+00
7.7646807767e-03 0.0000000000e+00 0.0000000000e+00
1.0601750575e-02 0.0000000000e+00 0.0000000000e+00
1.0065534152e-02 0.0000000000e+00 0.0000000000e+00
7.4062198400e-03 0.0000000000e+00 0.0000000000e+00
7.4062198400e-03 0.0000000000e+00 0.0000000000e+00
1.4584542252e-02 0.0000000000e+00 0.0000000000e+00
1.4584542252e-02 0.0000000000e+00 0.0000000000e+00
1.3117534108e-02 0.0000000000e+00 0.0000000000e+00
1.3117534108e-02 0.0000000000e+00 0.0000000000e+00
4.9636061303e-03 0.0000000000e+00 0.0000000000e+00
1.6052961349e-02 0.0000000000e+00 0.0000000000e+00
1.2738837861e-02 0.0000000000e+00 0.0000000000e+00
5.7981121354e-03 0.0000000000e+00 0.0000000000e+00
7.7516469173e-03 0.0000000000e+00 0.0000000000e+00
5.5945520289e-03 0.0000000000e+00 0.0000000000e+00
5.5945520289e-03 0.0000000000e+00 0.0000000000e+00
7.3812655173e-03 0.0000000000e+00 0.0000000000e+00
7.3812655173e-03 0.0000000000e+00 0.0000000000e+00
3.9559579454e-03 0.0000000000e+00 0.0000000000e+00
6.1132102273e-03 0.0000000000e+00 0.0000000000e+00
6.4892172813e-03 0.0000000000e+00 0.0000000000e+00
6.4892172813e-03 0.0000000000e+00 0.0000000000e+00
6.4892172813e-03 0.0000000000e+00 0.0000000000e+00
6.4892172813e-03 0.0000000000e+00 0.0000000000e+00
6.4320038073e-03 0.0000000000e+00 0.0000000000e+00
6.4320038073e-03 0.0000000000e+00 0.0000000000e+00
3.7482369225e-03 0.0000000000e+00 0.0000000000e+00
3.9491904899e-03 0.0000000000e+00 0.0000000000e+00
6.7999917082e-03 0.0000000000e+00 0.0000000000e+00
7.2450377047e-03 0.0000000000e+00 0.0000000000e+00
7.2450377047e-03 0.0000000000e+00 0.0000000000e+00
3.0712427106e-03 0.0000000000e+00 0.0000000000e+00
3.0712427106e-03 0.0000000000e+00 0.0000000000e+00
5.3867138922e-03 0.0000000000e+00 0.0000000000e+00
5.6537552737e-03 0.0000000000e+00 0.0000000000e+00
6.2657785602e-03 0.0000000000e+00 0.0000000000e+00
6.2657785602e-03 0.0000000000e+00 0.0000000000e+00
1.3700711541e-02 0.0000000000e+00 0.0000000000e+00
1.3700711541e-02 0.0000000000e+00 0.0000000000e+00
3.4021676984e-03 0.0000000000e+00 0.0000000000e+00
3.4021676984e-03 0.0000000000e+00 0.0000000000e+00
3.4021676984e-03 0.0000000000e+00 0.0000000000e+00
2.5558040943e-03 0.0000000000e+00 0.0000000000e+00
2.1418845281e-03 0.0000000000e+00 0.0000000000e+00
3.2109532040e-03 0.0000000000e+00 0.0000000000e+00
5.2398949862e-02 0.0000000000e+00 0.0000000000e+00
4.2174724513e-04 0.0000000000e+00 0.0000000000e+00
4.7149229795e-04 0.0000000000e+00 0.0000000000e+00
4.7149229795e-04 0.0000000000e+00 0.0000000000e+00
6.2951014843e-04 0.0000000000e+00 0.0000000000e+00
5.5480870651e-04 0.0000000000e+00 0.0000000000e+00
1.6117533669e-02 0.0000000000e+00 0.0000000000e+00
2.0337311551e-02 0.0000000000e+00 0.0000000000e+00
1.7363186926e-02 0.0000000000e+00 0.0000000000e+00
1.4885057695e-02 0.0000000000e+00 0.0000000000e+00
1.9624343142e-02 0.0000000000e+00 0.0000000000e+00
1.4808817767e-02 0.0000000000e+00 0.0000000000e+00
1.3453979976e-02 0.0000000000e+00 0.0000000000e+00
1.6872879118e-02 0.0000000000e+00 0.0000000000e+00
2.0624116063e-02 0.0000000000e+00 0.0000000000e+00
2.0999511704e-02 0.0000000000e+00 0.0000000000e+00
1.9105086103e-02 0.0000000000e+00 0.0000000000e+00
1.1558909900e-02 0.0000000000e+00 0.0000000000e+00
1.1132064275e-02 0.0000000000e+00 0.0000000000e+00
1.1132064275e-02 0.0000000000e+00 0.0000000000e+00
1.3734710403e-02 0.0000000000e+00 0.0000000000e+00
1.2282502837e-02 0.0000000000e+00 0.0000000000e+00
1.2282502837e-02 0.0000000000e+00 0.0000000000e+00
1.1069557630e-02 0.0000000000e+00 0.0000000000e+00
9.9788624793e-03 0.0000000000e+00 0.0000000000e+00
9.9788624793e-03 0.0000000000e+00 0.0000000000e+00
2.1798491478e-02 0.0000000000e+00 0.0000000000e+00
2.4305844679e-02 0.0000000000e+00 0.0000000000e+00
1.8391389400e-02 0.0000000000e+00 0.0000000000e+00
1.6164978966e-02 0.0000000000e+00 0.0000000000e+00
1.9273748621e-02 0.0000000000e+00 0.0000000000e+00
2.1934412420e-02 0.0000000000e+00 0.0000000000e+00
1.6492048278e-02 0.0000000000e+00 0.0000000000e+00
1.9751751795e-02 0.0000000000e+00 0.0000000000e+00
1.9751751795e-02 0.0000000000e+00 0.0000000000e+00
1.9107369706e-02 0.0000000000e+00 0.0000000000e+00
2.1106690168e-02 0.0000000000e+00 0.0000000000e+00
1.8773423508e-02 0.0000000000e+00 0.0000000000e+00
2.1420786157e-02 0.0000000000e+00 0.0000000000e+00
2.2547001019e-02 0.0000000000e+00 0.0000000000e+00
2.4785973132e-02 0.0000000000e+00 0.0000000000e+00
1.3640303165e-02 0.0000000000e+00 0.0000000000e+00
8.7771862745e-03 0.0000000000e+00 0.0000000000e+00
5.3081940860e-03 0.0000000000e+00 0.0000000000e+00
5.1374374889e-03 0.0000000000e+00 0.0000000000e+00
5.1374374889e-03 0.0000000000e+00 0.0000000000e+00
6.4448197372e-03 0.0000000000e+00 0.0000000000e+00
1.2973404489e-02 0.0000000000e+00 0.0000000000e+00
6.5145548433e-03 0.0000000000e+00 0.0000000000e+00
6.9712386467e-03 0.0000000000e+00 0.0000000000e+00
6.9712386467e-03 0.0000000000e+00 0.0000000000e+00
2.5519369170e-02 0.0000000000e+00 0.0000000000e+00
7.5177531689e-03 0.0000000000e+00 0.0000000000e+00
5.6484234519e-03 0.0000000000e+00 0.0000000000e+00
1.3559794985e-02 0.0000000000e+00 0.0000000000e+00
7.4139847420e-03 0.0000000000e+00 0.0000000000e+00
1.6680680215e-02 0.0000000000e+00 0.0000000000e+00
5.6899897754e-03 0.0000000000e+00 0.0000000000e+00
1.2779076584e-02 0.0000000000e+00 0.0000000000e+00
3.9090006612e-03 0.0000000000e+00 0.0000000000e+00
8.2278065383e-03 0.0000000000e+00 0.0000000000e+00
1.7049446702e-02 0.0000000000e+00 0.0000000000e+00
1.7049446702e-02 0.0000000000e+00 0.0000000000e+00
4.2723747902e-03 0.0000000000e+00 0.0000000000e+00
4.4579566456e-03 0.0000000000e+00 0.0000000000e+00
1.3629116118e-02 0.0000000000e+00 0.0000000000e+00
3.4594379365e-02 0.0000000000e+00 0.0000000000e+00
5.1455036737e-03 0.0000000000e+00 0.0000000000e+00
7.6868049800e-03 0.0000000000e+00 0.0000000000e+00
2.3438574746e-02 0.0000000000e+00 0.0000000000e+00
2.3438574746e-02 0.0000000000e+00 0.0000000000e+00
3.6317987833e-03 0.0000000000e+00 0.0000000000e+00
3.8459764328e-03 0.0000000000e+00 0.0000000000e+00
3.3730750438e-03 0.0000000000e+00 0.0000000000e+00
4.3770889752e-03 0.0000000000e+00 0.0000000000e+00
6.1701531522e-03 0.0000000000e+00 0.0000000000e+00
1.5361399390e-02 0.0000000000e+00 0.0000000000e+00
1.4901909046e-02 0.0000000000e+00 0.0000000000e+00
3.8848046679e-03 0.0000000000e+00 0.0000000000e+00
8.0628069118e-03 0.0000000000e+00 0.0000000000e+00
8.0628069118e-03 0.0000000000e+00 0.0000000000e+00
8.0628069118e-03 0.0000000000e+00 0.0000000000e+00
4.4683236629e-03 0.0000000000e+00 0.0000000000e+00
4.0422938764e-03 0.0000000000e+00 0.0000000000e+00
7.0363827981e-03 0.0000000000e+00 0.0000000000e+00
5.0163521337e-08 0.0000000000e+00 0.0000000000e+00
5.0163521337e-08 0.0000000000e+00 0.0000000000e+00
3.6820626548e-08 0.0000000000e+00 0.0000000000e+00
6.3219661824e-03 0.0000000000e+00 0.0000000000e+00
3.1135164201e-02 0.0000000000e+00 0.0000000000e+00
3.3217966557e-02 0.0000000000e+00 0.0000000000e+00
2.9934691265e-02 0.0000000000e+00 0.0000000000e+00
4.4389754534e-02 0.0000000000e+00 0.0000000000e+00
3.3910747617e-02 0.0000000000e+00 0.0000000000e+00
3.8496453315e-02 0.0000000000e+00 0.0000000000e+00
9.4942592084e-02 0.0000000000e+00 0.0000000000e+00
8.5101790726e-02 0.0000000000e+00 0.0000000000e+00
4.4176485389e-02 0.0000000000e+00 0.0000000000e+00
4.3680232018e-02 0.0000000000e+00 0.0000000000e+00
8.2981698215e-02 0.0000000000e+00 0.0000000000e+00
8.4195993841e-02 0.0000000000e+00 0.0000000000e+00
2.0435521379e-02 0.0000000000e+00 0.0000000000e+00
1.7792949453e-02 0.0000000000e+00 0.0000000000e+00
1.4052401483e-01 0.0000000000e+00 0.0000000000e+00
1.2230294943e-01 0.0000000000e+00 0.0000000000e+00
3.0102482066e-02 0.0000000000e+00 0.0000000000e+00
9.0641908348e-02 0.0000000000e+00 0.0000000000e+00
6.2220484018e-02 0.0000000000e+00 0.0000000000e+00
7.4975363910e-02 0.0000000000e+00 0.0000000000e+00
1.0547900200e-01 0.0000000000e+00 0.0000000000e+00
1.4608102851e-02 0.0000000000e+00 0.0000000000e+00
1.0726552457e-01 0.0000000000e+00 0.0000000000e+00
9.7795695066e-02 0.0000000000e+00 0.0000000000e+00
1.7415260896e-02 0.0000000000e+00 0.0000000000e+00
4.8458382487e-02 0.0000000000e+00 0.0000000000e+00
1.1076474190e-01 0.0000000000e+00 0.0000000000e+00
5.2729924209e-03 6.9940631511e-04 8.0662568507e-05
2.0854005590e-02 1.1487975717e-02 9.9938428029e-03
3.2522927970e-02 2.7586692944e-02 8.8169872761e-03
3.2522927970e-02 2.7586692944e-02 8.8169872761e-03
2.0553784445e-02 2.2729568183e-02 4.2849802412e-03
2.1566895768e-02 1.7594145611e-02 3.4429973457e-03
2.1674619988e-02 9.2095145956e-03 5.3208451718e-03
1.1124831190e-06 0.0000000000e+00 0.0000000000e+00
1.3286834292e-04 6.4763016999e-03 2.0547071472e-02
9.0914079919e-04 7.0733879693e-03 3.8534030318e-02
2.4969687685e-02 3.2178193796e-03 3.3587608486e-03
6.9664843380e-02 3.7065006327e-03 1.8250072375e-02
9.9478580058e-02 1.7783222720e-02 1.4842801029e-03
8.3578042686e-02 4.6234983020e-03 3.0129522202e-04
2.2155612900e-09 8.9231701568e-03 1.2339208275e-02
3.9463579071e-09 2.5255912915e-02 2.1285278723e-02
1.3059493899e-01 6.9551900961e-03 2.9504578561e-03
1.0759834200e-01 7.7254604548e-05 4.7983985860e-04
1.3459143229e-02 9.7235934809e-03 7.4697402306e-04
1.8268005922e-02 1.1328415014e-02 1.1240217136e-03
5.2725058049e-03 9.3124452978e-03 9.9752377719e-04
5.0718965940e-03 2.4358353112e-03 5.3874019068e-04
5.8927540667e-03 9.7065651789e-03 1.8418427790e-03
5.7131128273e-08 1.8729260191e-02 1.6886209778e-04
5.7131128273e-08 1.8729260191e-02 1.6886209778e-04
4.7711713705e-05 1.9204588607e-02 1.0078788182e-04
1.3171751925e-04 1.9306646660e-02 8.8078493718e-05
5.6520901853e-04 1.6769697890e-02 9.5427552878e-05
9.2706344731e-05 1.7408652231e-02 7.0258385676e-05
1.1838114588e-03 1.0004871525e-02 7.5554955401e-05
2.7820703963e-06 1.2118250132e-02 4.7524285037e-05
3.1249513995e-05 1.1632516980e-02 3.6862093111e-05
2.5809205795e-07 1.2819387950e-02 9.0436777100e-05
2.4801348336e-03 1.3544647954e-02 9.8397838883e-05
2.0804533563e-07 1.5818845481e-02 8.5394996859e-05
1.4258820329e-06 1.7367063090e-02 8.6658837972e-05
7.2340054658e-07 1.6988607123e-02 1.0371261305e-04
8.9858303909e-07 1.8079357222e-02 9.3962218671e-05
1.2480849136e-06 1.6737649217e-02 1.0547888814e-04
2.6626095176e-02 9.4254501164e-03 2.6511487450e-10
1.9527513534e-02 5.0518992357e-03 7.7306911408e-05
1.9527513534e-02 5.0518992357e-03 7.7306911408e-05
1.9577695057e-02 1.0210058652e-02 2.7794075375e-10
6.4795347862e-03 7.8765740618e-03 5.6531007431e-05
1.6849558800e-02 1.6077747568e-03 8.0231031461e-05
1.8945150077e-02 1.3501326321e-03 8.7470536528e-05
4.7807920724e-02 2.6921095327e-02 9.5150440757e-05
4.7807920724e-02 2.6921095327e-02 9.5150440757e-05
2.2554052994e-02 3.5753755365e-03 8.9873421530e-05
1.3245248236e-02 4.7528996220e-05 7.1320406278e-05
1.5691265464e-02 2.2335814312e-02 5.3617772210e-05
2.6373976842e-02 2.1312570199e-02 4.3781223212e-05
8.9869266376e-03 3.3625059295e-03 1.4184560314e-05
9.0504484251e-03 3.2720130403e-03 4.2814117478e-05
1.1910178699e-02 3.5801108461e-03 9.2308568128e-05
9.1691473499e-03 1.1446072021e-03 1.1522596469e-04
1.1590615846e-02 2.2862639744e-03 9.1062109277e-05
4.1119814850e-03 4.5013492927e-03 9.7647309303e-05
2.9986051843e-02 1.4393599704e-03 1.0497737094e-04
1.4729858376e-02 3.1255434733e-03 6.8408706284e-05
1.2308710255e-02 2.1075569093e-03 1.0593244224e-04
1.0966129601e-02 2.9465490952e-03 9.4583781902e-05
1.2953538448e-02 2.6147393510e-03 8.8151486125e-05
1.1626910418e-02 2.0557424054e-02 6.1703285610e-05
1.8107883632e-02 1.9316343591e-02 1.1796113540e-04
6.1661545187e-03 2.4845717475e-02 1.7864236725e-05
1.1802419089e-02 2.0423145965e-02 6.4467487391e-05
1.4780280180e-02 2.0435100421e-02 7.4776464317e-05
1.5148348175e-02 3.0449626967e-02 8.1005600805e-05
1.5148348175e-02 3.0449626967e-02 8.1005600805e-05
1.4768798836e-02 3.0984409153e-02 1.0784810729e-04
1.5704022720e-02 2.6881715283e-02 1.0063054651e-04
1.5704022720e-02 2.6881715283e-02 1.0063054651e-04
2.2168716416e-02 3.0006797984e-02 9.7187061328e-05
1.1058025993e-02 1.8843084574e-02 3.8219026465e-05
1.3886153698e-02 2.6014797390e-02 9.4626475402e-06
1.5907997265e-02 2.8514439240e-02 8.9505534561e-05
1.7062745988e-02 3.0964126810e-02 1.1503139831e-04
1.2785912491e-02 2.6670550928e-02 9.4933238870e-05
1.7886420712e-02 4.4034410268e-02 1.8000794807e-04
4.3496403843e-02 3.1806524843e-02 1.9199932285e-04
2.7396395802e-02 1.5395932831e-02 1.3176254288e-04
1.5507671982e-02 3.1027644873e-02 9.2492344265e-05
2.3971974850e-02 3.1679879874e-02 5.8735760831e-05
1.0748729110e-02 2.4349676445e-02 2.7669741030e-05
2.8340680525e-02 2.3837903515e-02 6.1006398028e-05
1.6271518543e-02 9.6086068079e-03 8.6631996965e-05
1.6271518543e-02 9.6086068079e-03 8.6631996965e-05
1.8574189395e-02 2.8211779892e-02 4.3595540774e-05
2.1344780922e-02 1.3986513950e-02 8.5140804003e-05
1.7469400540e-02 1.8386762589e-02 2.3208131097e-05
2.3388579488e-02 3.1636998057e-02 6.1088502312e-11
2.7561629191e-02 4.4882725924e-03 9.1182810138e-06
6.8393662955e-10 9.1660819948e-02 9.2452195531e-05
1.8352000043e-02 1.5543065965e-02 1.6170192794e-06
1.3498089276e-02 9.1972751543e-03 4.5353182941e-05
1.3498089276e-02 9.1972751543e-03 4.5353182941e-05
1.9362457097e-02 7.0374072529e-03 1.5315790733e-05
3.3542659134e-02 6.7734450102e-02 1.1347368854e-04
1.9172431901e-02 7.8868925571e-02 1.3052289432e-04
2.6452995837e-02 7.6502926648e-02 9.0773341071e-05
3.0782734975e-02 3.8007784635e-02 1.2627372053e-04
2.4412875995e-02 3.7724792957e-02 9.3797105365e-05
2.6202291250e-02 4.2134910822e-02 9.7756974355e-06
2.5963775814e-02 4.8222675920e-02 1.1656235438e-04
2.5963775814e-02 4.8222675920e-02 1.1656235438e-04
1.6452880576e-02 4.7240603715e-02 1.3988971477e-04
2.6902189478e-02 1.0571215302e-02 5.4094765801e-05
1.8598316237e-02 2.4341946468e-02 6.3503874117e-05
2.7504248545e-02 1.1070623994e-02 3.4295069781e-05
1.5138425864e-02 1.9180193543e-02 1.1799192180e-05
2.4213654920e-02 7.0091937669e-03 8.1654929090e-05
2.5589862838e-02 8.0964444205e-03 7.2274306149e-05
2.8040001169e-02 4.5794560574e-03 4.4371659897e-05
3.0297936872e-02 5.1663606428e-03 5.7972287323e-05
2.6183640584e-02 1.0553125292e-02 9.3470873253e-05
6.8050406873e-02 6.5071489662e-03 2.3059274827e-04
3.7028346211e-02 6.5634027123e-03 4.0731687477e-05
8.9004989713e-03 8.3491457626e-03 5.0726917834e-05
1.1249377392e-02 9.3535082415e-03 8.1716658315e-05
7.8522032127e-03 5.4058693349e-03 5.9409179812e-05
5.0513502714e-08 4.4228244573e-02 9.0727708084e-06
1.8226851140e-08 3.0266037211e-02 1.0417585872e-04
5.3059312499e-09 4.0624234825e-02 6.9751084084e-05
5.3059312499e-09 4.0624234825e-02 6.9751084084e-05
4.0277583935e-08 2.8959466144e-02 1.0629443568e-04
4.6734962612e-02 8.8956318796e-03 1.1399703362e-04
1.4885175042e-02 7.2193187661e-03 1.1219430598e-04
3.0565129805e-07 3.7029262632e-02 9.8454278486e-05
1.9876506180e-02 6.9519137032e-03 1.3128605497e-04
1.7342786762e-08 3.3555977046e-02 8.5534004029e-05
5.0858570688e-08 3.2279379666e-02 1.6696582315e-04
1.7192101106e-02 6.6283768974e-03 2.1045292669e-04
3.1132377684e-02 8.9107258245e-03 5.4212572286e-04
9.9212080240e-03 2.9056241736e-02 3.4821713343e-03
9.1267684475e-03 2.6641568169e-02 2.7577558067e-03
7.4926298112e-03 1.3960639946e-02 2.2403595503e-03
8.2957576960e-03 1.3706490397e-02 4.5317751355e-03
1.5988221392e-02 1.9653240219e-02 1.4147600159e-03
6.8757911213e-03 3.7094820291e-02 6.6251499811e-04
2.0898890216e-03 2.4701794609e-02 1.2602526695e-03
4.7031887807e-03 8.2418462262e-03 6.4575654687e-04
4.5017017983e-03 7.3189265095e-03 6.0576357646e-04
3.2270944212e-03 1.1194831692e-02 6.6356098978e-04
2.7187478263e-03 1.2168801390e-02 5.2907416830e-04
3.7397320848e-03 1.4401559718e-02 5.0194381038e-04
3.2320001628e-03 1.2174406089e-02 5.3675071103e-04
2.0643239841e-03 1.5682805330e-02 5.2271067398e-04
2.7918079868e-03 1.3769953512e-02 6.5101729706e-04
1.0135589400e-04 1.5496934764e-02 8.7543250993e-04
4.1188495234e-03 1.2112055905e-02 3.7383250310e-04
3.9976965636e-03 1.0513823479e-02 5.2606570534e-04
3.9976965636e-03 1.0513823479e-02 5.2606570534e-04
1.2346500298e-03 1.0276112705e-02 5.3577875951e-04
2.7808367740e-03 1.1789813638e-02 5.7339784689e-04
4.0548318066e-03 1.1770763434e-02 5.6142039830e-04
3.1001882162e-03 1.1722781695e-02 5.3111161105e-04
3.1001882162e-03 1.1722781695e-02 5.3111161105e-04
1.5273682075e-03 1.0765597224e-02 2.1838280372e-04
3.8043755922e-04 9.7863199189e-03 7.3637935566e-04
4.2719491757e-03 7.4205105193e-03 4.2230472900e-04
4.6071075485e-04 8.4863072261e-03 6.8334856769e-04
9.3741517048e-05 9.2144925147e-03 5.7526346063e-04
1.3540101936e-03 8.5716890171e-03 5.2766577573e-04
2.7509287465e-03 0.0000000000e+00 0.0000000000e+00
1.7267810181e-02 0.0000000000e+00 0.0000000000e+00
1.5182354255e-03 0.0000000000e+00 0.0000000000e+00
6.3371739816e-04 0.0000000000e+00 0.0000000000e+00
6.3371739816e-04 0.0000000000e+00 0.0000000000e+00
3.0438622343e-04 0.0000000000e+00 0.0000000000e+00
2.1939806174e-03 0.0000000000e+00 0.0000000000e+00
1.4658253640e-02 0.0000000000e+00 0.0000000000e+00
5.0363750197e-03 0.0000000000e+00 0.0000000000e+00
4.6039721929e-03 0.0000000000e+00 0.0000000000e+00
3.8454930764e-03 0.0000000000e+00 0.0000000000e+00
3.8454930764e-03 0.0000000000e+00 0.0000000000e+00
4.9182805233e-03 0.0000000000e+00 0.0000000000e+00
4.9182805233e-03 0.0000000000e+00 0.0000000000e+00
4.9182805233e-03 0.0000000000e+00 0.0000000000e+00
3.6310253199e-03 0.0000000000e+00 0.0000000000e+00
3.6310253199e-03 0.0000000000e+00 0.0000000000e+00
4.9970326945e-03 0.0000000000e+00 0.0000000000e+00
2.5537008047e-01 0.0000000000e+00 0.0000000000e+00
2.3709213734e-01 0.0000000000e+00 0.0000000000e+00
2.3582434654e-01 0.0000000000e+00 0.0000000000e+00
2.3612731695e-01 0.0000000000e+00 0.0000000000e+00
2.5193026662e-01 0.0000000000e+00 0.0000000000e+00
3.1321802735e-01 0.0000000000e+00 0.0000000000e+00
3.1377169490e-01 0.0000000000e+00 0.0000000000e+00
3.1390574574e-01 0.0000000000e+00 0.0000000000e+00
1.4697615989e-02 0.0000000000e+00 0.0000000000e+00
2.2658740636e-03 0.0000000000e+00 0.0000000000e+00
9.4234924763e-03 0.0000000000e+00 0.0000000000e+00
1.1942963116e-02 0.0000000000e+00 0.0000000000e+00
4.5981183648e-03 0.0000000000e+00 0.0000000000e+00
1.1411213316e-02 0.0000000000e+00 0.0000000000e+00
1.2693895958e-02 0.0000000000e+00 0.0000000000e+00
1.2168242596e-02 0.0000000000e+00 0.0000000000e+00
4.0635438636e-03 0.0000000000e+00 0.0000000000e+00
2.0161056891e-02 0.0000000000e+00 0.0000000000e+00
1.4212026261e-02 0.0000000000e+00 0.0000000000e+00
1.4212026261e-02 0.0000000000e+00 0.0000000000e+00
2.6441833004e-02 0.0000000000e+00 0.0000000000e+00
2.6441833004e-02 0.0000000000e+00 0.0000000000e+00
2.6770761237e-02 0.0000000000e+00 0.0000000000e+00
3.6451768130e-02 0.0000000000e+00 0.0000000000e+00
1.0799570940e-02 0.0000000000e+00 0.0000000000e+00
2.6160744950e-02 0.0000000000e+00 0.0000000000e+00
4.2463958263e-02 0.0000000000e+00 0.0000000000e+00
8.8035009801e-02 0.0000000000e+00 0.0000000000e+00
1.1105942726e-01 0.0000000000e+00 0.0000000000e+00
1.0595425218e-01 0.0000000000e+00 0.0000000000e+00
7.7722392976e-02 0.0000000000e+00 0.0000000000e+00
8.9429914951e-02 0.0000000000e+00 0.0000000000e+00
8.9429914951e-02 0.0000000000e+00 0.0000000000e+00
8.3345822990e-02 0.0000000000e+00 0.0000000000e+00
2.7722084895e-02 0.0000000000e+00 0.0000000000e+00
1.9960567355e-02 0.0000000000e+00 0.0000000000e+00
2.2475505248e-02 0.0000000000e+00 0.0000000000e+00
2.3950710893e-02 0.0000000000e+00 0.0000000000e+00
2.3344481364e-02 0.0000000000e+00 0.0000000000e+00
2.7985146269e-02 0.0000000000e+00 0.0000000000e+00
4.2565494776e-02 0.0000000000e+00 0.0000000000e+00
2.2347545251e-02 0.0000000000e+00 0.0000000000e+00
2.5731198490e-02 0.0000000000e+00 0.0000000000e+00
1.8326003104e-02 0.0000000000e+00 0.0000000000e+00
1.8326003104e-02 0.0000000000e+00 0.0000000000e+00
2.1439554170e-02 0.0000000000e+00 0.0000000000e+00
4.0854651481e-02 0.0000000000e+00 0.0000000000e+00
3.0909039080e-02 0.0000000000e+00 0.0000000000e+00
2.7671677992e-02 0.0000000000e+00 0.0000000000e+00
6.3483980484e-03 0.0000000000e+00 0.0000000000e+00
3.2888920978e-03 0.0000000000e+00 0.0000000000e+00
4.6816975810e-03 0.0000000000e+00 0.0000000000e+00
3.6896972451e-03 0.0000000000e+00 0.0000000000e+00
5.2981576882e-03 0.0000000000e+00 0.0000000000e+00
1.9390854985e-02 0.0000000000e+00 0.0000000000e+00
2.3243607953e-02 0.0000000000e+00 0.0000000000e+00
2.0850794390e-02 0.0000000000e+00 0.0000000000e+00
2.0596366376e-02 0.0000000000e+00 0.0000000000e+00
4.8810433596e-02 0.0000000000e+00 0.0000000000e+00
5.7793334126e-03 0.0000000000e+00 0.0000000000e+00
3.5204205662e-02 0.0000000000e+00 0.0000000000e+00
3.4473765641e-02 0.0000000000e+00 0.0000000000e+00
4.8798855394e-02 0.0000000000e+00 0.0000000000e+00
1.0000191396e-03 0.0000000000e+00 0.0000000000e+00
1.0000191396e-03 0.0000000000e+00 0.0000000000e+00
2.7791559696e-03 0.0000000000e+00 0.0000000000e+00
6.8837817525e-04 0.0000000000e+00 0.0000000000e+00
7.1118940832e-04 0.0000000000e+00 0.0000000000e+00
1.7649595393e-03 0.0000000000e+00 0.0000000000e+00
1.2572139967e-03 0.0000000000e+00 0.0000000000e+00
1.0639087297e-02 0.0000000000e+00 0.0000000000e+00
6.8220272660e-03 0.0000000000e+00 0.0000000000e+00
9.8896808922e-03 0.0000000000e+00 0.0000000000e+00
9.8896808922e-03 0.0000000000e+00 0.0000000000e+00
1.0357223451e-02 0.0000000000e+00 0.0000000000e+00
1.0357223451e-02 0.0000000000e+00 0.0000000000e+00
7.2167585604e-03 0.0000000000e+00 0.0000000000e+00
8.8709238917e-03 0.0000000000e+00 0.0000000000e+00
8.8709238917e-03 0.0000000000e+00 0.0000000000e+00
8.8709238917e-03 0.0000000000e+00 0.0000000000e+00
4.2479485273e-03 0.0000000000e+00 0.0000000000e+00
4.5962273143e-03 0.0000000000e+00 0.0000000000e+00
4.6192617156e-03 0.0000000000e+00 0.0000000000e+00
5.0596701913e-03 0.0000000000e+00 0.0000000000e+00
1.1778991902e-03 0.0000000000e+00 0.0000000000e+00
1.6937387409e-03 0.0000000000e+00 0.0000000000e+00
1.2262591626e-03 0.0000000000e+00 0.0000000000e+00
4.8398454674e-03 0.0000000000e+00 0.0000000000e+00
8.7174819782e-03 0.0000000000e+00 0.0000000000e+00
2.2460253909e-02 0.0000000000e+00 0.0000000000e+00
5.9254281223e-03 0.0000000000e+00 0.0000000000e+00
7.8793466091e-03 0.0000000000e+00 0.0000000000e+00
2.5183975697e-01 0.0000000000e+00 0.0000000000e+00
2.4522767961e-01 0.0000000000e+00 0.0000000000e+00
2.4040956795e-01 0.0000000000e+00 0.0000000000e+00
2.4982880056e-01 0.0000000000e+00 0.0000000000e+00
2.6176196337e-01 0.0000000000e+00 0.0000000000e+00
2.4667681754e-01 0.0000000000e+00 0.0000000000e+00
2.5987318158e-01 0.0000000000e+00 0.0000000000e+00
2.5214204192e-01 0.0000000000e+00 0.0000000000e+00
2.4476349354e-01 0.0000000000e+00 0.0000000000e+00
2.6623520255e-01 0.0000000000e+00 0.0000000000e+00
2.6623520255e-01 0.0000000000e+00 0.0000000000e+00
2.6170695201e-03 2.5760501623e-02 8.3278026432e-03
1.7187618650e-03 1.1990853585e-02 1.9969539717e-02
3.5273369867e-03 1.7742646858e-02 1.2176533230e-02
1.9865488421e-10 2.8208583593e-02 5.9984922409e-03
1.1468110489e-10 3.5057332367e-02 4.0899394080e-03
1.1217408252e-10 3.6017056555e-02 4.6142023057e-03
1.1217408252e-10 3.6017056555e-02 4.6142023057e-03
1.7374190975e-10 3.7859052420e-02 4.6800947748e-03
7.7268895693e-03 4.6781390905e-02 2.4650006089e-03
4.8274230212e-03 3.5081487149e-02 3.4392401576e-03
6.6818664782e-03 4.7853816301e-02 2.1455527749e-03
1.0709147900e-02 4.2689707130e-02 4.4812751003e-03
1.0709147900e-02 4.2689707130e-02 4.4812751003e-03
1.5025030822e-02 4.0588960052e-02 2.6978685055e-03
8.4969317541e-03 4.9572128803e-02 1.4087925665e-03
4.4205114245e-03 2.0212506875e-02 8.0848420039e-03
8.3368076012e-03 5.0610601902e-02 1.4058556408e-03
1.0440852493e-02 4.8775006086e-02 2.4274359457e-03
1.0278185830e-02 4.4903714210e-02 3.7962330971e-03
1.3797089458e-02 4.5688647777e-02 4.0064337663e-03
1.7914198339e-02 3.5112954676e-02 6.3289725222e-03
1.0885649361e-02 4.8544105142e-02 1.7526909942e-03
6.3033718616e-03 5.3642895073e-02 8.3155994071e-04
4.7824867070e-03 5.5256191641e-02 7.0259528002e-04
4.9348291941e-03 5.3063750267e-02 1.1103133438e-03
1.1163256131e-02 4.4814955443e-02 1.8872992368e-03
8.2854256034e-03 2.7052232996e-02 6.7279655486e-03
1.1440456845e-02 4.3748319149e-02 3.0001231935e-03
1.2006704696e-02 4.5342694968e-02 2.9280167073e-03
1.9185155630e-02 1.5577409416e-02 1.0024553165e-02
7.6422970742e-03 2.9579803348e-02 5.7478719391e-03
1.0673847049e-02 5.4993439466e-02 2.0484665874e-03
1.1265344918e-02 5.5211380124e-02 1.7518118257e-03
1.1265344918e-02 5.5211380124e-02 1.7518118257e-03
3.1485047191e-02 1.3017538004e-02 1.0517779738e-02
1.4194154181e-02 2.0080188289e-02 9.3597229570e-03
9.8842605948e-03 9.3135330826e-03 1.8478527665e-02
5.0097745843e-03 2.3157387972e-02 7.7575533651e-03
1.1713628657e-02 4.9473762512e-02 3.5369172692e-03
8.9604509994e-03 2.5704322383e-02 5.9935213067e-03
1.2175257318e-02 5.2948411554e-02 2.2343944293e-03
8.2205673680e-03 1.7134575173e-02 1.2101936154e-02
