1.4330319253e-01 2.4485639452e-02 7.8944682997e-03
2.9967252010e-02 1.8078615734e-02 4.7500661264e-03
1.8606953695e-01 1.9821793695e-02 5.6729354740e-03
8.3924899930e-05 3.0913987197e-02 1.2242338562e-03
5.7566511445e-02 1.7265019279e-02 2.5940646204e-04
6.3567670683e-02 2.2837921356e-02 2.8180586984e-04
2.7951088579e-02 9.7731333323e-03 3.5631600258e-04
4.3468330832e-02 1.8608930676e-02 1.8341732145e-04
4.3468330832e-02 1.8608930676e-02 1.8341732145e-04
4.1677241136e-02 7.8783436523e-03 2.1232716729e-04
2.3944603357e-02 6.2585656997e-03 4.0108381938e-05
6.0967205713e-02 3.7949636330e-01 1.6270846778e-03
8.0292088290e-02 1.5816919692e-01 5.6624017210e-04
1.8569509064e-01 4.2538173745e-01 7.3327587597e-04
6.1723714073e-02 4.0196710825e-01 6.4960831272e-04
9.7045044337e-03 2.2951262305e-02 1.1348714967e-04
2.0314649058e-02 2.6615995293e-02 3.5834886148e-04
1.1792373824e-02 2.3924368278e-02 2.6864744238e-04
1.3083501719e-01 4.2641108980e-01 8.8934816692e-04
1.5672589839e-01 5.0872819374e-01 1.9642673724e-03
1.4353255974e-02 3.8972023129e-01 6.9062422942e-04
2.7638239413e-01 4.6703784913e-01 1.1811489627e-03
1.9944848415e-02 2.0047783076e-02 2.5646490697e-04
1.2930556573e-01 4.1315216571e-01 9.8987637709e-04
1.3080700262e-02 1.9718440327e-02 2.6873188654e-04
1.8985868354e-02 1.3855903875e-02 2.7031401320e-04
7.7365219283e-02 2.0695705355e-02 3.4849618047e-04
1.5824045520e-02 8.7148181240e-03 3.1200518060e-04
3.2872860553e-02 8.4961496371e-03 3.0010967870e-04
1.5575506228e-01 1.7299898822e-02 4.6934118654e-04
4.5499800394e-02 6.2332190961e-03 3.1735321196e-04
3.3285336259e-02 1.3406301693e-02 3.3322756038e-04
8.6846276497e-02 6.8119104253e-03 3.6578467310e-04
3.2877882943e-02 5.6000133239e-03 3.1516618886e-04
7.1099072253e-04 4.5041418324e-02 9.8104282127e-04
5.0745735876e-02 7.0838523485e-03 3.6372051666e-04
7.7529732448e-02 5.1973357331e-03 3.5665470083e-04
7.7529732448e-02 5.1973357331e-03 3.5665470083e-04
8.0518896071e-02 8.2166213542e-03 3.3049425231e-04
5.0722155875e-02 6.1984901549e-03 3.3974097581e-04
8.7147151430e-02 6.2540350094e-03 3.7258648566e-04
4.1825881393e-04 5.4133264658e-02 2.0947232648e-03
2.2074751390e-06 5.7201547238e-02 1.8004069279e-03
5.1327095988e-02 8.1104775891e-03 2.8239446935e-04
4.3547605630e-02 2.1494651989e-02 3.8851484108e-04
4.0323990087e-02 5.9207003796e-03 3.2852610214e-04
5.1708829589e-02 1.3739810868e-02 3.4363873662e-04
3.0130181462e-02 9.4715530286e-03 3.7726372830e-04
4.9458591267e-02 7.2332534085e-03 3.0250476630e-04
4.0347810835e-02 1.0724966958e-02 3.1464022929e-04
4.5175778330e-02 1.8791208665e-02 3.5141457071e-04
5.1428352793e-02 2.4889790298e-02 3.4750196937e-04
5.1428352793e-02 2.4889790298e-02 3.4750196937e-04
6.5983917875e-02 2.1301248887e-02 3.7563085910e-04
6.0068685872e-02 7.3678763583e-03 2.8857989552e-04
2.8675366193e-02 6.9183808907e-03 3.3352542353e-04
5.4644220819e-02 2.6630205102e-02 3.7656150744e-04
4.3097921647e-02 1.4948860199e-02 4.1703216751e-04
5.8906433114e-03 6.5811442134e-03 3.5969486513e-04
1.8474397055e-02 5.4724445023e-03 3.1798324926e-04
2.5477338970e-02 2.5200224482e-02 3.3005195413e-04
2.6160414503e-04 9.3465878939e-02 1.2101270646e-03
2.6160414503e-04 9.3465878939e-02 1.2101270646e-03
3.3402735833e-02 3.8296570846e-02 3.4626274525e-04
2.1176830160e-05 1.0640497257e-01 1.5700119159e-03
1.0755469169e-02 5.8037242464e-03 9.9774752622e-05
2.8423648483e-02 3.2813287806e-02 3.0254786907e-04
2.8423648483e-02 3.2813287806e-02 3.0254786907e-04
1.0834026034e-02 1.1917752835e-02 3.8638109496e-04
8.0117095262e-02 2.7330550210e-02 3.1649535595e-04
9.9291682864e-02 3.9828833813e-02 4.1896911474e-04
8.9054008713e-03 4.1633246777e-02 3.6203691707e-04
1.6698190710e-02 2.1417972787e-02 3.4551189674e-04
5.2717889970e-02 5.4848557959e-02 3.8155062308e-04
4.2740755714e-02 5.5289450102e-02 2.9227342748e-04
2.5519667349e-02 5.6018384794e-02 4.0809009079e-04
3.4285192533e-02 4.2069669037e-02 4.1218488089e-04
8.3308112808e-03 5.8656088387e-02 7.5686251997e-04
2.0235022918e-02 7.7501449734e-02 3.7747758567e-04
6.3931228593e-02 2.0989942054e-01 1.3503393702e-02
1.0930048116e-01 1.0810216020e+00 1.4518089670e-02
7.2446281711e-02 1.3846361041e+00 1.2059225196e-02
8.3912224819e-02 1.0812545518e+00 1.5233780102e-02
1.3033358691e-01 1.4123260677e+00 3.6881594298e-02
9.3431207662e-02 1.5182189743e+00 1.7978104530e-02
4.5844821259e-02 1.1436580916e+00 8.8641922145e-03
1.0433124892e-04 1.5824040969e+00 7.5613463918e-02
0.0000000000e+00 1.4224391977e+00 9.0007460366e-02
8.9353041102e-02 6.3920388122e-01 1.6775586720e-02
0.0000000000e+00 5.6053939958e-01 1.2529071545e-01
0.0000000000e+00 7.0030538241e-01 1.0511474622e-01
0.0000000000e+00 6.8135483563e-01 1.4534293736e-01
4.8323665245e-05 7.1483644346e-01 1.4688794067e-01
1.3094339389e-05 6.4924604694e-01 1.4379093548e-01
1.3094339389e-05 6.4924604694e-01 1.4379093548e-01
0.0000000000e+00 1.2332333724e+00 1.3457026146e-01
1.7055452076e-05 2.2485229177e-03 7.4391090001e-02
0.0000000000e+00 2.5341918372e-03 6.7268131922e-02
0.0000000000e+00 2.5141068734e-02 1.0753275640e-01
0.0000000000e+00 2.7275569116e-02 1.1337758228e-01
4.1747358822e-03 1.9902751781e-02 4.7630378976e-02
0.0000000000e+00 2.2051860578e-02 1.1126693276e-01
1.1708113719e-03 2.2606509427e-02 6.6786394455e-02
0.0000000000e+00 1.9220442356e-02 4.8721476148e-02
0.0000000000e+00 1.8232886524e-02 7.8775185471e-02
0.0000000000e+00 1.8232886524e-02 7.8775185471e-02
0.0000000000e+00 2.3304828937e-03 5.5143579326e-04
0.0000000000e+00 1.9238236176e-03 1.2669433466e-03
0.0000000000e+00 1.8076446994e-02 1.8817680655e-02
3.0579215604e-08 2.3444781452e-01 5.0680561922e-02
7.6846497450e-06 2.9694187765e-02 3.6019878617e-02
5.2338740583e-06 2.6002530785e-02 6.9915387469e-02
5.2338740583e-06 2.6002530785e-02 6.9915387469e-02
0.0000000000e+00 2.6024521430e-03 4.0438198484e-02
3.1007498128e-06 2.3198508347e-02 1.2214397818e-02
4.0303626368e-06 1.9951590026e-02 2.8377454573e-02
0.0000000000e+00 2.2163337097e-02 1.0055150885e-02
0.0000000000e+00 1.8646897127e-02 1.4441103674e-02
0.0000000000e+00 2.5551096987e-03 3.6512637200e-02
0.0000000000e+00 2.1642619434e-02 2.9276190015e-02
0.0000000000e+00 2.4971225115e-03 1.4279915765e-01
0.0000000000e+00 2.7556497448e-02 3.3396360775e-02
0.0000000000e+00 2.4536819042e-02 3.9292367951e-02
0.0000000000e+00 2.6068412650e-03 1.9568973780e-01
0.0000000000e+00 2.4273103469e-03 2.5005551676e-01
0.0000000000e+00 2.4186271839e-03 8.6276076424e-03
0.0000000000e+00 2.4355079501e-03 4.7829120109e-02
4.4589252752e-06 1.8765447817e-02 1.1319230466e-02
5.2338714530e-06 2.6634702459e-02 5.6840335950e-02
0.0000000000e+00 2.6843829391e-02 4.0829217372e-02
0.0000000000e+00 2.6358337142e-02 2.4524037726e-02
0.0000000000e+00 2.6026476485e-02 2.5720331818e-02
0.0000000000e+00 2.2986070408e-02 1.5806903287e-02
0.0000000000e+00 2.2986070408e-02 1.5806903287e-02
0.0000000000e+00 2.3306666097e-02 2.6116267312e-02
1.8608848033e-06 1.8829134293e-02 9.9543440544e-03
0.0000000000e+00 1.3473530067e-02 6.1834235055e-02
0.0000000000e+00 1.3446634558e-02 5.6597870464e-02
1.8710698650e-07 1.3225944790e-02 4.7539580613e-02
5.2682815976e-07 1.9151221806e-02 5.3513166495e-02
0.0000000000e+00 1.9134738793e-02 4.1947993450e-02
0.0000000000e+00 1.9134738793e-02 4.1947993450e-02
0.0000000000e+00 1.9358743913e-02 5.0653857179e-02
4.6123843352e-06 1.9231662620e-02 7.6860300576e-02
0.0000000000e+00 1.9204093609e-02 7.3674047987e-02
5.8660045473e-07 1.5665914087e-02 5.8990663849e-02
3.0957364667e-05 1.4809984714e-02 7.1282507231e-02
6.8932695664e-06 1.2117813419e-02 6.9587921413e-02
6.7725324963e-06 1.2161826482e-02 6.9312185670e-02
7.2237006824e-06 2.1536137598e-02 6.1158256605e-02
7.2236848515e-06 2.2573746430e-02 6.6932495063e-02
7.2843676927e-06 2.2471237152e-02 6.3929407236e-02
0.0000000000e+00 0.0000000000e+00 0.0000000000e+00
1.4038756755e-05 0.0000000000e+00 0.0000000000e+00
1.3855612944e-05 0.0000000000e+00 0.0000000000e+00
1.5025540317e-01 0.0000000000e+00 0.0000000000e+00
0.0000000000e+00 0.0000000000e+00 0.0000000000e+00
1.3182667767e-01 0.0000000000e+00 0.0000000000e+00
0.0000000000e+00 0.0000000000e+00 0.0000000000e+00
0.0000000000e+00 0.0000000000e+00 0.0000000000e+00
0.0000000000e+00 0.0000000000e+00 0.0000000000e+00
0.0000000000e+00 0.0000000000e+00 0.0000000000e+00
0.0000000000e+00 0.0000000000e+00 0.0000000000e+00
2.4894040233e-02 0.0000000000e+00 0.0000000000e+00
1.1535557142e-02 0.0000000000e+00 0.0000000000e+00
1.1535557142e-02 0.0000000000e+00 0.0000000000e+00
1.7091549002e-02 0.0000000000e+00 0.0000000000e+00
2.6066917460e-02 0.0000000000e+00 0.0000000000e+00
5.2756091580e-02 0.0000000000e+00 0.0000000000e+00
5.2804321051e-02 0.0000000000e+00 0.0000000000e+00
5.2804321051e-02 0.0000000000e+00 0.0000000000e+00
2.2983718974e-02 0.0000000000e+00 0.0000000000e+00
2.2983718974e-02 0.0000000000e+00 0.0000000000e+00
4.7856701848e-02 0.0000000000e+00 0.0000000000e+00
4.7806736703e-02 0.0000000000e+00 0.0000000000e+00
6.1850649926e-02 0.0000000000e+00 0.0000000000e+00
4.8889668037e-02 0.0000000000e+00 0.0000000000e+00
4.8889668037e-02 0.0000000000e+00 0.0000000000e+00
4.8889668037e-02 0.0000000000e+00 0.0000000000e+00
5.5677798577e-02 0.0000000000e+00 0.0000000000e+00
1.1659228864e-01 0.0000000000e+00 0.0000000000e+00
1.1505471791e-01 0.0000000000e+00 0.0000000000e+00
9.2622984822e-02 0.0000000000e+00 0.0000000000e+00
6.2985822248e-02 0.0000000000e+00 0.0000000000e+00
1.2160141456e-01 0.0000000000e+00 0.0000000000e+00
1.2160141456e-01 0.0000000000e+00 0.0000000000e+00
1.0697450178e-01 0.0000000000e+00 0.0000000000e+00
1.0001473005e-01 0.0000000000e+00 0.0000000000e+00
1.4232165925e-01 0.0000000000e+00 0.0000000000e+00
1.3523141854e-01 0.0000000000e+00 0.0000000000e+00
1.2953829455e-01 0.0000000000e+00 0.0000000000e+00
1.5117390205e-01 0.0000000000e+00 0.0000000000e+00
1.5117390205e-01 0.0000000000e+00 0.0000000000e+00
1.5381166323e-02 0.0000000000e+00 0.0000000000e+00
1.5381166323e-02 0.0000000000e+00 0.0000000000e+00
1.5400620177e-01 0.0000000000e+00 0.0000000000e+00
1.5400620177e-01 0.0000000000e+00 0.0000000000e+00
4.8365433700e-02 0.0000000000e+00 0.0000000000e+00
1.3987036794e-01 0.0000000000e+00 0.0000000000e+00
1.2928510519e-01 0.0000000000e+00 0.0000000000e+00
1.2973801605e-01 0.0000000000e+00 0.0000000000e+00
1.2844390981e-01 0.0000000000e+00 0.0000000000e+00
1.0611544922e-01 0.0000000000e+00 0.0000000000e+00
4.2484425319e-02 0.0000000000e+00 0.0000000000e+00
9.3638516342e-02 0.0000000000e+00 0.0000000000e+00
9.6545169751e-02 0.0000000000e+00 0.0000000000e+00
9.6545169751e-02 0.0000000000e+00 0.0000000000e+00
1.1376286112e-01 0.0000000000e+00 0.0000000000e+00
1.1376286112e-01 0.0000000000e+00 0.0000000000e+00
7.5069405449e-02 0.0000000000e+00 0.0000000000e+00
7.6738642529e-02 0.0000000000e+00 0.0000000000e+00
7.6436154234e-02 0.0000000000e+00 0.0000000000e+00
7.9169269030e-02 0.0000000000e+00 0.0000000000e+00
7.6868792685e-02 0.0000000000e+00 0.0000000000e+00
7.8419804263e-02 0.0000000000e+00 0.0000000000e+00
7.6969837459e-02 0.0000000000e+00 0.0000000000e+00
7.8078712647e-02 0.0000000000e+00 0.0000000000e+00
7.6773775741e-02 0.0000000000e+00 0.0000000000e+00
9.3430368230e-02 0.0000000000e+00 0.0000000000e+00
9.1822696850e-02 0.0000000000e+00 0.0000000000e+00
1.0518857899e-01 0.0000000000e+00 0.0000000000e+00
9.3075848495e-02 0.0000000000e+00 0.0000000000e+00
9.2318336169e-02 0.0000000000e+00 0.0000000000e+00
9.3042731906e-02 0.0000000000e+00 0.0000000000e+00
9.9074497819e-02 0.0000000000e+00 0.0000000000e+00
1.1579322132e-01 0.0000000000e+00 0.0000000000e+00
1.1579322132e-01 0.0000000000e+00 0.0000000000e+00
1.1579322132e-01 0.0000000000e+00 0.0000000000e+00
1.5941766463e-01 0.0000000000e+00 0.0000000000e+00
9.3536064650e-02 0.0000000000e+00 0.0000000000e+00
4.6364184469e-01 0.0000000000e+00 0.0000000000e+00
4.6171119561e-01 0.0000000000e+00 0.0000000000e+00
9.1697087387e-01 0.0000000000e+00 0.0000000000e+00
9.1697087387e-01 0.0000000000e+00 0.0000000000e+00
9.5069353282e-01 0.0000000000e+00 0.0000000000e+00
9.5069353282e-01 0.0000000000e+00 0.0000000000e+00
9.5069353282e-01 0.0000000000e+00 0.0000000000e+00
8.2162929575e-01 0.0000000000e+00 0.0000000000e+00
9.3065192302e-01 0.0000000000e+00 0.0000000000e+00
8.4579380353e-01 0.0000000000e+00 0.0000000000e+00
8.6595179141e-01 0.0000000000e+00 0.0000000000e+00
8.0498089890e-01 0.0000000000e+00 0.0000000000e+00
8.0163844426e-01 0.0000000000e+00 0.0000000000e+00
7.9000011086e-01 0.0000000000e+00 0.0000000000e+00
7.9000011086e-01 0.0000000000e+00 0.0000000000e+00
8.9720738431e-01 0.0000000000e+00 0.0000000000e+00
8.1714996199e-01 0.0000000000e+00 0.0000000000e+00
7.8555548688e-01 0.0000000000e+00 0.0000000000e+00
8.1455354889e-01 0.0000000000e+00 0.0000000000e+00
8.2943614821e-01 0.0000000000e+00 0.0000000000e+00
8.2943614821e-01 0.0000000000e+00 0.0000000000e+00
7.8473681211e-01 0.0000000000e+00 0.0000000000e+00
7.8473681211e-01 0.0000000000e+00 0.0000000000e+00
8.2511723538e-01 0.0000000000e+00 0.0000000000e+00
8.8491516312e-01 0.0000000000e+00 0.0000000000e+00
7.9371008774e-01 0.0000000000e+00 0.0000000000e+00
8.1488583982e-01 0.0000000000e+00 0.0000000000e+00
7.6709638039e-01 0.0000000000e+00 0.0000000000e+00
7.4207690855e-01 0.0000000000e+00 0.0000000000e+00
7.4773361782e-01 0.0000000000e+00 0.0000000000e+00
9.8065038522e-01 0.0000000000e+00 0.0000000000e+00
9.8065038522e-01 0.0000000000e+00 0.0000000000e+00
9.7609058519e-01 0.0000000000e+00 0.0000000000e+00
9.7088814278e-01 0.0000000000e+00 0.0000000000e+00
9.6917378902e-01 0.0000000000e+00 0.0000000000e+00
9.6812991798e-01 0.0000000000e+00 0.0000000000e+00
9.7251925369e-01 0.0000000000e+00 0.0000000000e+00
9.6303691963e-01 0.0000000000e+00 0.0000000000e+00
9.7696536779e-01 0.0000000000e+00 0.0000000000e+00
9.5914529761e-01 0.0000000000e+00 0.0000000000e+00
9.6426714460e-01 0.0000000000e+00 0.0000000000e+00
1.0205425769e+00 0.0000000000e+00 0.0000000000e+00
9.8833774527e-01 0.0000000000e+00 0.0000000000e+00
1.0507479906e+00 0.0000000000e+00 0.0000000000e+00
8.5421752433e-01 0.0000000000e+00 0.0000000000e+00
1.1763576567e+00 0.0000000000e+00 0.0000000000e+00
1.1779867808e+00 0.0000000000e+00 0.0000000000e+00
1.1788540979e+00 0.0000000000e+00 0.0000000000e+00
1.1867741843e+00 0.0000000000e+00 0.0000000000e+00
1.1867741843e+00 0.0000000000e+00 0.0000000000e+00
1.1867741843e+00 0.0000000000e+00 0.0000000000e+00
3.3894403279e-01 0.0000000000e+00 0.0000000000e+00
3.1799654414e-01 0.0000000000e+00 0.0000000000e+00
3.3696023375e-01 0.0000000000e+00 0.0000000000e+00
3.3696023375e-01 0.0000000000e+00 0.0000000000e+00
3.2601845264e-01 0.0000000000e+00 0.0000000000e+00
3.2498206943e-01 0.0000000000e+00 0.0000000000e+00
1.8233562633e-01 0.0000000000e+00 0.0000000000e+00
2.6894407968e-01 0.0000000000e+00 0.0000000000e+00
2.5733249883e-01 0.0000000000e+00 0.0000000000e+00
3.0476562430e-01 0.0000000000e+00 0.0000000000e+00
3.0856205026e-01 0.0000000000e+00 0.0000000000e+00
2.5483791654e-01 0.0000000000e+00 0.0000000000e+00
2.4618299926e-01 0.0000000000e+00 0.0000000000e+00
2.0559783901e-01 0.0000000000e+00 0.0000000000e+00
2.0559783901e-01 0.0000000000e+00 0.0000000000e+00
2.2649726023e-01 0.0000000000e+00 0.0000000000e+00
1.8730674932e-01 0.0000000000e+00 0.0000000000e+00
1.8746321524e-01 0.0000000000e+00 0.0000000000e+00
2.0066341261e-01 8.8584973787e-02 2.5971790931e-02
2.2064647948e-01 6.3015403536e-02 4.6176863834e-02
2.4186589196e-01 3.1403467556e-01 3.4552526660e-02
3.2618159801e-01 3.2364750126e-02 1.1395549479e-02
3.0653942687e-02 1.4647287130e-01 2.8754719999e-02
2.9629604270e-02 1.8525191148e-01 3.4265683343e-02
1.3070273446e-02 2.3023299252e-01 3.2497743766e-02
2.0671596906e-02 1.9269259522e-01 1.1922799788e-02
3.6085628749e-02 2.1488691742e-01 2.7681961811e-02
1.8719144166e-02 2.2114362692e-01 3.2245166445e-02
3.4690270356e-02 9.9557849268e-02 3.5815911988e-02
3.0087960418e-02 1.5495302528e-01 1.9463393294e-02
5.0626308657e-02 1.4965025460e-01 2.5086352757e-02
7.8284233188e-02 2.0142706856e-01 2.4891154220e-02
9.8474197090e-02 8.8652253151e-02 3.0756895896e-02
8.3046777795e-02 4.1516945511e-01 2.1184557273e-02
8.3955146993e-02 4.2139509320e-01 2.0647945659e-02
1.0458759281e-01 4.1903892159e-01 2.4048575976e-02
8.7294850498e-02 3.6838418742e-01 2.0839064848e-02
8.6639069642e-02 5.7317768037e-01 1.4226640109e-02
1.2481450414e-01 4.8717153569e-01 2.1525737830e-02
1.2481450414e-01 4.8717153569e-01 2.1525737830e-02
1.3282885750e+00 7.0357753585e-02 1.5242973420e-02
1.0921380371e+00 7.3119799296e-02 1.2919925153e-02
1.2046038210e+00 1.5231935928e-01 1.0819798103e-02
6.7049174570e-02 8.1448091070e-01 1.0382891322e-02
1.4084242086e+00 1.0501034372e-01 5.8710381321e-04
0.0000000000e+00 0.0000000000e+00 0.0000000000e+00
0.0000000000e+00 0.0000000000e+00 0.0000000000e+00
0.0000000000e+00 0.0000000000e+00 0.0000000000e+00
0.0000000000e+00 0.0000000000e+00 0.0000000000e+00
0.0000000000e+00 0.0000000000e+00 0.0000000000e+00
0.0000000000e+00 0.0000000000e+00 0.0000000000e+00
0.0000000000e+00 0.0000000000e+00 0.0000000000e+00
0.0000000000e+00 0.0000000000e+00 0.0000000000e+00
1.0266457669e-06 0.0000000000e+00 0.0000000000e+00
3.8163348639e-05 0.0000000000e+00 0.0000000000e+00
0.0000000000e+00 0.0000000000e+00 0.0000000000e+00
0.0000000000e+00 0.0000000000e+00 0.0000000000e+00
0.0000000000e+00 0.0000000000e+00 0.0000000000e+00
0.0000000000e+00 0.0000000000e+00 0.0000000000e+00
0.0000000000e+00 0.0000000000e+00 0.0000000000e+00
0.0000000000e+00 0.0000000000e+00 0.0000000000e+00
0.0000000000e+00 0.0000000000e+00 0.0000000000e+00
0.0000000000e+00 0.0000000000e+00 0.0000000000e+00
0.0000000000e+00 0.0000000000e+00 0.0000000000e+00
0.0000000000e+00 0.0000000000e+00 0.0000000000e+00
0.0000000000e+00 0.0000000000e+00 0.0000000000e+00
1.4440508911e-05 0.0000000000e+00 0.0000000000e+00
1.4440508911e-05 0.0000000000e+00 0.0000000000e+00
4.4104132257e-07 0.0000000000e+00 0.0000000000e+00
0.0000000000e+00 0.0000000000e+00 0.0000000000e+00
1.0039287029e-05 0.0000000000e+00 0.0000000000e+00
0.0000000000e+00 0.0000000000e+00 0.0000000000e+00
5.8004551647e-05 0.0000000000e+00 0.0000000000e+00
5.8004551647e-05 0.0000000000e+00 0.0000000000e+00
5.8004551647e-05 0.0000000000e+00 0.0000000000e+00
1.1217927285e-05 0.0000000000e+00 0.0000000000e+00
2.4376846189e-05 0.0000000000e+00 0.0000000000e+00
2.5106340445e-05 0.0000000000e+00 0.0000000000e+00
2.5106340445e-05 0.0000000000e+00 0.0000000000e+00
0.0000000000e+00 0.0000000000e+00 0.0000000000e+00
0.0000000000e+00 0.0000000000e+00 0.0000000000e+00
0.0000000000e+00 0.0000000000e+00 0.0000000000e+00
1.1733496166e-05 0.0000000000e+00 0.0000000000e+00
1.5197902840e-02 0.0000000000e+00 0.0000000000e+00
2.2311631104e-05 0.0000000000e+00 0.0000000000e+00
4.0785733362e-01 0.0000000000e+00 0.0000000000e+00
1.4370717690e-03 0.0000000000e+00 0.0000000000e+00
6.5304805835e-02 0.0000000000e+00 0.0000000000e+00
0.0000000000e+00 0.0000000000e+00 0.0000000000e+00
2.1654015655e-01 0.0000000000e+00 0.0000000000e+00
7.9386926194e-01 0.0000000000e+00 0.0000000000e+00
4.9083359384e-03 0.0000000000e+00 0.0000000000e+00
7.9462846617e-01 0.0000000000e+00 0.0000000000e+00
4.0978952621e-02 0.0000000000e+00 0.0000000000e+00
6.2936967239e-02 0.0000000000e+00 0.0000000000e+00
6.2936967239e-02 0.0000000000e+00 0.0000000000e+00
1.0973988349e-01 0.0000000000e+00 0.0000000000e+00
3.4402608251e-02 0.0000000000e+00 0.0000000000e+00
3.4402608251e-02 0.0000000000e+00 0.0000000000e+00
2.0732931669e-01 0.0000000000e+00 0.0000000000e+00
3.2617097100e-01 0.0000000000e+00 0.0000000000e+00
0.0000000000e+00 0.0000000000e+00 0.0000000000e+00
7.2269235337e-08 0.0000000000e+00 0.0000000000e+00
0.0000000000e+00 0.0000000000e+00 0.0000000000e+00
0.0000000000e+00 0.0000000000e+00 0.0000000000e+00
0.0000000000e+00 0.0000000000e+00 0.0000000000e+00
0.0000000000e+00 0.0000000000e+00 0.0000000000e+00
0.0000000000e+00 0.0000000000e+00 0.0000000000e+00
0.0000000000e+00 0.0000000000e+00 0.0000000000e+00
0.0000000000e+00 0.0000000000e+00 0.0000000000e+00
0.0000000000e+00 0.0000000000e+00 0.0000000000e+00
1.5931200981e-01 0.0000000000e+00 0.0000000000e+00
2.3963164072e-02 0.0000000000e+00 0.0000000000e+00
2.5351880615e-01 0.0000000000e+00 0.0000000000e+00
2.8434915934e-02 0.0000000000e+00 0.0000000000e+00
2.8434915934e-02 0.0000000000e+00 0.0000000000e+00
1.4384828741e-02 0.0000000000e+00 0.0000000000e+00
2.0741282528e-01 0.0000000000e+00 0.0000000000e+00
2.0741282528e-01 0.0000000000e+00 0.0000000000e+00
5.1919733174e-02 0.0000000000e+00 0.0000000000e+00
4.3554014837e-02 0.0000000000e+00 0.0000000000e+00
4.0523804103e-02 0.0000000000e+00 0.0000000000e+00
1.4118583190e-01 0.0000000000e+00 0.0000000000e+00
1.2186314600e-01 2.6669083474e-02 3.2890980132e-02
9.2401202768e-02 8.6989648330e-02 3.2189917130e-02
5.4557143449e-04 8.8108016178e-02 4.1368585701e-02
5.6815684487e-04 9.2252166321e-02 4.3266021026e-02
1.2616490262e-01 1.0573412602e-01 4.6390669304e-03
1.2370460480e-01 5.3507383292e-02 4.1053619546e-03
1.2370460480e-01 5.3507383292e-02 4.1053619546e-03
1.3152695447e-01 2.2019742678e-02 8.1981741435e-03
2.9492083922e-04 0.0000000000e+00 1.0942212678e-01
1.9728749494e-01 0.0000000000e+00 1.1131148863e-02
1.0154994143e-01 1.4200996685e-02 7.4947593384e-03
8.8052068046e-05 4.5099172276e-02 9.6033010011e-02
7.4176486426e-05 4.8218961495e-02 9.4124007349e-02
1.5653137987e-01 3.6129191983e-02 5.1105593060e-03
1.0127045728e-04 3.7207704348e-02 2.4088061473e-03
7.4778913283e-05 4.9070955720e-02 5.2659210439e-02
7.4778913283e-05 4.9070955720e-02 5.2659210439e-02
6.9897786489e-05 4.2989882330e-02 1.0164031386e-01
7.1122902227e-05 4.5254215598e-02 1.0847529831e-01
7.5092849026e-05 4.1177511681e-02 1.1924010391e-01
9.9121363140e-05 4.0763331112e-02 1.1717289748e-01
1.1758817861e-04 4.1585828954e-02 1.1703800286e-01
2.2239011899e-01 3.6303318571e-02 5.9280577504e-03
1.1897355428e-04 2.7330678732e-02 1.2673669805e-01
1.9112075244e-01 2.8124626260e-02 2.9828025183e-02
1.0041472736e-04 3.2262123035e-02 1.3376683307e-01
6.1838118199e-05 2.4232653746e-02 6.7218861232e-02
3.9613431151e-05 4.2646018633e-02 5.8686927271e-02
2.2213434221e-05 4.0202343836e-02 5.4767583186e-02
3.1688999722e-05 5.0329212099e-02 8.3422132457e-02
7.0925296010e-05 3.1367347886e-02 7.0689092701e-02
7.0925296010e-05 3.1367347886e-02 7.0689092701e-02
7.0925296010e-05 3.1367347886e-02 7.0689092701e-02
4.6762789073e-05 3.5328093761e-02 6.3563857228e-02
7.4268332961e-05 3.4879093214e-02 6.8380325101e-02
7.6127508995e-05 3.6430359663e-02 8.4804609418e-02
8.1775295257e-05 4.8688123934e-02 1.0209446897e-01
8.6546420183e-05 4.2891695785e-02 1.0029233992e-01
1.0523122000e-04 3.9372550789e-02 9.8611727978e-02
9.9981401945e-05 4.4824379186e-02 1.0217412127e-01
1.0692501231e-04 4.1750502152e-02 1.0270219793e-01
1.0692501231e-04 4.1750502152e-02 1.0270219793e-01
1.0582399439e-04 3.4876213875e-02 1.1479675397e-01
1.1258729774e-04 3.6383652904e-02 1.1274951386e-01
1.0481103770e-04 3.9436778364e-02 1.0988772164e-01
1.0558514229e-04 3.5879722952e-02 1.0607091089e-01
1.1382934129e-04 3.8480593202e-02 1.0987316755e-01
1.1563214654e-04 3.7191706554e-02 1.1565723022e-01
9.7459285365e-03 3.5382467167e-02 9.1073084002e-02
6.1228439057e-03 4.8317673927e-02 8.8141558071e-02
4.3809738010e-02 4.7021417879e-02 4.5150647561e-02
1.2121256829e-02 4.7949957351e-02 4.5635890216e-02
7.8052626923e-02 4.1224326007e-02 5.4025957050e-02
1.2277632517e-01 4.8322876915e-02 5.9911397907e-02
1.4879193033e-01 4.9817945187e-02 7.2316244865e-02
1.7837938666e-01 4.7709689476e-02 8.3819108394e-02
1.7837938666e-01 4.7709689476e-02 8.3819108394e-02
1.0330459413e-02 4.9148942965e-02 1.1210453572e-01
1.5771011015e-01 4.6818796545e-02 1.0807457690e-01
1.5578767533e-01 4.8338108386e-02 1.0107922740e-01
1.5243854995e-01 4.9296071442e-02 9.7391631454e-02
1.4659372841e-01 5.3148365580e-02 1.1318190147e-01
7.8890485068e-03 5.2400645179e-02 6.6280233674e-02
8.3870068813e-02 5.2976425116e-02 1.1966289145e-01
8.3870068813e-02 5.2976425116e-02 1.1966289145e-01
9.9205614999e-02 4.1780325895e-02 5.6885426554e-02
1.0096987709e-01 4.8321632513e-02 3.2608160594e-02
4.3848702684e-02 3.0744871590e-02 8.9399055888e-02
2.0609078929e-02 3.0760259678e-02 3.0582118159e-02
9.5856567224e-02 3.4181195622e-02 2.9304885926e-02
9.5613040651e-02 2.8858090596e-02 8.6305251655e-03
9.0418647839e-04 3.8892181901e-02 2.8684988928e-02
1.1378035725e-02 2.7380178838e-02 6.4647570395e-03
1.2884981775e-02 2.9423751247e-02 3.0069555311e-02
1.2389548977e-02 2.9684674926e-02 1.6305686052e-02
1.2924267522e-02 3.1397886729e-02 0.0000000000e+00
1.5372669091e-02 3.0531176832e-02 7.1197184967e-03
1.2024243828e-02 2.9768647936e-02 2.0369029371e-02
9.6962088719e-03 2.8399406311e-02 1.7079656168e-02
9.8181745658e-03 3.2322054729e-02 6.8251440747e-03
9.6967021624e-03 2.5988281394e-02 7.5898135850e-03
9.6469739607e-03 3.3550789425e-02 5.7867401344e-03
6.5307708147e-02 6.7418640479e-02 5.6147943275e-03
9.6230248455e-03 6.4186100538e-02 7.0254734422e-03
9.9198840714e-03 8.6268067360e-02 1.6170973812e-02
1.2113855345e-01 0.0000000000e+00 0.0000000000e+00
1.0075337642e-02 0.0000000000e+00 0.0000000000e+00
3.9973705386e-02 0.0000000000e+00 0.0000000000e+00
2.4115158121e-01 0.0000000000e+00 0.0000000000e+00
3.2412389809e-09 0.0000000000e+00 0.0000000000e+00
2.4729524384e-07 0.0000000000e+00 0.0000000000e+00
3.3633126009e-06 0.0000000000e+00 0.0000000000e+00
7.5122514740e-02 0.0000000000e+00 0.0000000000e+00
2.1623438224e-01 0.0000000000e+00 0.0000000000e+00
0.0000000000e+00 0.0000000000e+00 0.0000000000e+00
0.0000000000e+00 0.0000000000e+00 0.0000000000e+00
5.2041779952e-07 0.0000000000e+00 0.0000000000e+00
0.0000000000e+00 0.0000000000e+00 0.0000000000e+00
0.0000000000e+00 0.0000000000e+00 0.0000000000e+00
0.0000000000e+00 0.0000000000e+00 0.0000000000e+00
0.0000000000e+00 0.0000000000e+00 0.0000000000e+00
2.6192984996e-07 0.0000000000e+00 0.0000000000e+00
2.6192984996e-07 0.0000000000e+00 0.0000000000e+00
0.0000000000e+00 0.0000000000e+00 0.0000000000e+00
2.6874732102e-01 0.0000000000e+00 0.0000000000e+00
1.7080795330e-01 0.0000000000e+00 0.0000000000e+00
1.4776660067e-01 0.0000000000e+00 0.0000000000e+00
1.1385915242e-01 0.0000000000e+00 0.0000000000e+00
8.4757911041e-02 0.0000000000e+00 0.0000000000e+00
1.0817884499e-01 0.0000000000e+00 0.0000000000e+00
3.8528494040e-01 0.0000000000e+00 0.0000000000e+00
1.4323768020e-01 0.0000000000e+00 0.0000000000e+00
1.7343577618e-01 0.0000000000e+00 0.0000000000e+00
1.9294066230e-01 0.0000000000e+00 0.0000000000e+00
7.6483551164e-01 0.0000000000e+00 0.0000000000e+00
2.7583329876e-01 0.0000000000e+00 0.0000000000e+00
1.8079422963e-05 0.0000000000e+00 0.0000000000e+00
3.7327643732e-01 0.0000000000e+00 0.0000000000e+00
2.6753766711e-01 0.0000000000e+00 0.0000000000e+00
2.2448542838e-01 0.0000000000e+00 0.0000000000e+00
2.5936814894e-01 0.0000000000e+00 0.0000000000e+00
2.3397670562e-01 0.0000000000e+00 0.0000000000e+00
2.6586449643e-01 0.0000000000e+00 0.0000000000e+00
2.6586449643e-01 0.0000000000e+00 0.0000000000e+00
1.3796682904e-01 0.0000000000e+00 0.0000000000e+00
1.7002306258e-01 0.0000000000e+00 0.0000000000e+00
1.6547722618e-01 0.0000000000e+00 0.0000000000e+00
1.8097138902e-01 0.0000000000e+00 0.0000000000e+00
1.8097138902e-01 0.0000000000e+00 0.0000000000e+00
1.6034510980e-01 0.0000000000e+00 0.0000000000e+00
2.1712126707e-01 0.0000000000e+00 0.0000000000e+00
1.4416498380e-01 0.0000000000e+00 0.0000000000e+00
4.9960796783e-01 0.0000000000e+00 0.0000000000e+00
4.8421641936e-01 0.0000000000e+00 0.0000000000e+00
4.8421641936e-01 0.0000000000e+00 0.0000000000e+00
4.8421641936e-01 0.0000000000e+00 0.0000000000e+00
2.0915046930e+00 0.0000000000e+00 0.0000000000e+00
2.1886521379e+00 0.0000000000e+00 0.0000000000e+00
2.1469881137e+00 0.0000000000e+00 0.0000000000e+00
2.1470530629e+00 0.0000000000e+00 0.0000000000e+00
2.2725389401e+00 0.0000000000e+00 0.0000000000e+00
2.0867760082e+00 0.0000000000e+00 0.0000000000e+00
2.0659512083e+00 0.0000000000e+00 0.0000000000e+00
2.1636122465e+00 0.0000000000e+00 0.0000000000e+00
2.3958947261e+00 0.0000000000e+00 0.0000000000e+00
2.3958947261e+00 0.0000000000e+00 0.0000000000e+00
2.3706519604e+00 0.0000000000e+00 0.0000000000e+00
2.2690747380e+00 0.0000000000e+00 0.0000000000e+00
2.6037420630e+00 0.0000000000e+00 0.0000000000e+00
2.4685875376e+00 0.0000000000e+00 0.0000000000e+00
2.5972547928e+00 0.0000000000e+00 0.0000000000e+00
2.0214505295e+00 0.0000000000e+00 0.0000000000e+00
1.2196940283e+00 0.0000000000e+00 0.0000000000e+00
1.2196940283e+00 0.0000000000e+00 0.0000000000e+00
8.9640031755e-01 0.0000000000e+00 0.0000000000e+00
1.3139214118e+00 0.0000000000e+00 0.0000000000e+00
8.6925197641e-01 0.0000000000e+00 0.0000000000e+00
2.0003209511e-01 0.0000000000e+00 0.0000000000e+00
2.0871947954e-01 0.0000000000e+00 0.0000000000e+00
2.0871947954e-01 0.0000000000e+00 0.0000000000e+00
1.9265342628e-01 0.0000000000e+00 0.0000000000e+00
1.9265342628e-01 0.0000000000e+00 0.0000000000e+00
1.9265342628e-01 0.0000000000e+00 0.0000000000e+00
2.4404594799e-01 0.0000000000e+00 0.0000000000e+00
1.7842367540e-01 0.0000000000e+00 0.0000000000e+00
1.9037041068e-01 0.0000000000e+00 0.0000000000e+00
1.9037041068e-01 0.0000000000e+00 0.0000000000e+00
2.3480784272e-01 0.0000000000e+00 0.0000000000e+00
2.3480784272e-01 0.0000000000e+00 0.0000000000e+00
2.1581917877e-01 0.0000000000e+00 0.0000000000e+00
2.5083539883e-01 0.0000000000e+00 0.0000000000e+00
8.4673552712e-01 0.0000000000e+00 0.0000000000e+00
8.4673552712e-01 0.0000000000e+00 0.0000000000e+00
2.1651750927e-01 0.0000000000e+00 0.0000000000e+00
1.8032797178e-01 0.0000000000e+00 0.0000000000e+00
1.8032797178e-01 0.0000000000e+00 0.0000000000e+00
1.8625158444e-01 0.0000000000e+00 0.0000000000e+00
1.4881207049e-01 0.0000000000e+00 0.0000000000e+00
1.8144002681e-01 0.0000000000e+00 0.0000000000e+00
1.8144002681e-01 0.0000000000e+00 0.0000000000e+00
2.1123505508e-01 0.0000000000e+00 0.0000000000e+00
3.0570844685e-01 0.0000000000e+00 0.0000000000e+00
3.3213086054e-01 0.0000000000e+00 0.0000000000e+00
3.4490433087e-01 0.0000000000e+00 0.0000000000e+00
2.6011948660e-01 0.0000000000e+00 0.0000000000e+00
2.6428744321e-01 0.0000000000e+00 0.0000000000e+00
4.1905842225e-01 0.0000000000e+00 0.0000000000e+00
3.4456437578e-01 0.0000000000e+00 0.0000000000e+00
3.8875027249e-01 0.0000000000e+00 0.0000000000e+00
2.5776224087e-01 0.0000000000e+00 0.0000000000e+00
3.7162845582e-01 0.0000000000e+00 0.0000000000e+00
3.5761813074e-01 0.0000000000e+00 0.0000000000e+00
3.5761813074e-01 0.0000000000e+00 0.0000000000e+00
3.0184925596e-01 0.0000000000e+00 0.0000000000e+00
3.5958541433e-01 0.0000000000e+00 0.0000000000e+00
3.1095132480e-01 0.0000000000e+00 0.0000000000e+00
3.1095132480e-01 0.0000000000e+00 0.0000000000e+00
3.9013812939e-01 0.0000000000e+00 0.0000000000e+00
1.7900734742e+00 0.0000000000e+00 0.0000000000e+00
1.8407806853e+00 0.0000000000e+00 0.0000000000e+00
1.6241303782e+00 0.0000000000e+00 0.0000000000e+00
1.8499246538e+00 0.0000000000e+00 0.0000000000e+00
1.4859479666e+00 0.0000000000e+00 0.0000000000e+00
1.6436643203e+00 0.0000000000e+00 0.0000000000e+00
1.5119854808e+00 0.0000000000e+00 0.0000000000e+00
2.2466141383e+00 0.0000000000e+00 0.0000000000e+00
2.5968053540e+00 0.0000000000e+00 0.0000000000e+00
9.5621057476e-02 5.9780178493e-10 0.0000000000e+00
1.2783108155e-01 1.5234349272e-06 0.0000000000e+00
4.9635214359e-01 4.7712368130e-09 0.0000000000e+00
1.6867693017e-01 9.2806330917e-08 0.0000000000e+00
1.0449699095e-01 2.9707575777e-07 0.0000000000e+00
1.5243597639e-01 1.4289491782e-07 0.0000000000e+00
1.5243597639e-01 1.4289491782e-07 0.0000000000e+00
1.5869674024e-01 6.9493287791e-09 0.0000000000e+00
7.0254661764e-02 7.0058903863e-09 0.0000000000e+00
1.8416950107e+00 0.0000000000e+00 0.0000000000e+00
1.3338572066e-01 2.3088685038e-09 0.0000000000e+00
2.0817602078e+00 0.0000000000e+00 0.0000000000e+00
2.1378870929e-01 4.0493649738e-12 0.0000000000e+00
1.4241297295e-01 9.6422348115e-11 0.0000000000e+00
6.4762590826e-01 7.9482084253e-12 0.0000000000e+00
1.1034432799e+00 9.9099066626e-12 0.0000000000e+00
4.9209835629e-01 7.9859240748e-11 0.0000000000e+00
1.2338113487e+00 1.4990599184e-11 0.0000000000e+00
7.5400611262e-01 0.0000000000e+00 0.0000000000e+00
4.9967340380e-01 2.7425912236e-10 0.0000000000e+00
7.8619268537e-01 1.9799072864e-06 0.0000000000e+00
7.8619268537e-01 1.9799072864e-06 0.0000000000e+00
7.4506810308e-01 7.8555772234e-06 0.0000000000e+00
9.3823938568e-01 7.8791246002e-07 0.0000000000e+00
5.1417117356e-04 9.0411264698e-01 6.0800339406e-02
1.1044032590e-05 9.6501150231e-01 4.4247079330e-02
4.3675731868e-01 3.4257657414e-05 0.0000000000e+00
4.3675731868e-01 3.4257657414e-05 0.0000000000e+00
1.0809263686e+00 4.5735464664e-04 1.9379997163e-08
6.6254624724e-01 8.9182274602e-07 0.0000000000e+00
5.4665825764e-01 5.6692239999e-07 0.0000000000e+00
5.5918965240e-01 5.4110711289e-07 0.0000000000e+00
1.9452448438e-01 4.9336427092e-07 0.0000000000e+00
1.2826196787e-01 9.3507697185e-01 5.4166770851e-02
8.5063152636e-02 1.1177335779e+00 3.9913040896e-02
1.0074162235e-01 1.1108040015e+00 6.3974072225e-02
6.5128239493e-02 1.1816416979e+00 6.1041058041e-02
1.5445493534e-01 1.2052030762e+00 1.6865322832e-02
6.5687190120e-02 1.2066379984e+00 4.2280021124e-02
2.7267761218e-02 1.1861550609e+00 5.4185324969e-02
2.6843336721e-02 1.3619614740e+00 4.3813073387e-02
2.5235821338e-02 0.0000000000e+00 0.0000000000e+00
2.5548370089e-02 0.0000000000e+00 0.0000000000e+00
2.9733610650e-02 0.0000000000e+00 0.0000000000e+00
2.8160395877e-02 0.0000000000e+00 0.0000000000e+00
2.8160395877e-02 0.0000000000e+00 0.0000000000e+00
1.0271568249e+00 0.0000000000e+00 0.0000000000e+00
9.8335607847e-01 0.0000000000e+00 0.0000000000e+00
1.0693229983e+00 0.0000000000e+00 0.0000000000e+00
1.1617702742e+00 0.0000000000e+00 0.0000000000e+00
1.1617702742e+00 0.0000000000e+00 0.0000000000e+00
1.1641397973e+00 0.0000000000e+00 0.0000000000e+00
1.1212133467e+00 0.0000000000e+00 0.0000000000e+00
1.1070188185e+00 0.0000000000e+00 0.0000000000e+00
1.2803644339e+00 0.0000000000e+00 0.0000000000e+00
1.1427836517e+00 0.0000000000e+00 0.0000000000e+00
1.2433124681e+00 0.0000000000e+00 0.0000000000e+00
1.2304696341e+00 0.0000000000e+00 0.0000000000e+00
1.2462449471e+00 0.0000000000e+00 0.0000000000e+00
1.1099906713e+00 0.0000000000e+00 0.0000000000e+00
1.1820681691e+00 0.0000000000e+00 0.0000000000e+00
1.1011787442e-01 5.8777929711e-03 9.0974641595e-04
1.6984159375e-01 1.3052116924e-02 3.7914165878e-03
1.6984159375e-01 1.3052116924e-02 3.7914165878e-03
3.0983626842e-02 1.2327433603e-02 2.1566312656e-04
6.2115226562e-02 1.2854792294e-02 1.5811200456e-06
6.2115226562e-02 1.2854792294e-02 1.5811200456e-06
0.0000000000e+00 5.6449129867e-02 9.3314092762e-03
0.0000000000e+00 4.9369384535e-02 7.7900602870e-03
0.0000000000e+00 7.1722244844e-02 1.1596666494e-02
0.0000000000e+00 5.5623846749e-02 1.4434657292e-02
1.7320533383e-05 1.9396444472e-02 9.3354157483e-03
3.1735080023e-03 5.1210161919e-02 5.3454687198e-03
1.1488818030e-03 3.5394973898e-02 6.9910997602e-03
7.5145311712e-05 6.1852872993e-02 9.2497574321e-03
5.6039259847e-03 1.0306932692e-02 3.1683290338e-03
0.0000000000e+00 4.6201356997e-02 7.9298256120e-05
0.0000000000e+00 1.0176406669e-02 1.5247524716e-02
0.0000000000e+00 8.7269987756e-03 2.4457482000e-02
0.0000000000e+00 1.1488910958e-02 1.0545455695e-02
1.3230490886e-02 1.9282719974e-02 1.2234913496e-02
3.5071921690e-02 1.9790589577e-02 3.6820061311e-03
6.2739695034e-03 1.4166306704e-02 2.8369578892e-04
7.5251309512e-03 6.1283270285e-03 4.3212854924e-02
0.0000000000e+00 1.4220878293e-03 4.9034115548e-02
3.1109246493e-05 3.9235083192e-03 5.0670470111e-02
5.0865590614e-06 5.6773037650e-03 4.2409659984e-02
4.5580335761e-06 5.6894619484e-03 4.1024158864e-02
2.4082553015e-04 8.3985899885e-03 1.7811508694e-02
2.7675206875e-05 8.9793324781e-03 2.1254036886e-02
3.4622595645e-02 4.2086277972e-03 1.7774288310e-02
8.2188736026e-03 4.3382650862e-03 1.4341740093e-02
3.5996711347e-02 7.0778340256e-03 1.7333991438e-02
7.9354995241e-02 3.5083708935e-03 1.7270215399e-02
9.3179535664e-03 4.5843884194e-03 1.9892351003e-02
4.8315744910e-06 4.0823443366e-03 1.7087785139e-02
4.8315744910e-06 4.0823443366e-03 1.7087785139e-02
1.8162315168e-02 7.4870209016e-03 1.5239369202e-02
8.1864261689e-03 4.2217120451e-03 2.0018334578e-02
5.1552806670e-02 4.2658250313e-03 2.2459813859e-02
9.2533182275e-03 3.9776950919e-03 1.4867588490e-02
2.2071111947e-02 3.4563454489e-03 3.3719631688e-02
4.4075174878e-02 2.0397838748e-02 3.7301260512e-02
8.2231404260e-02 2.3202024866e-02 5.1199991877e-02
1.0166145364e-01 2.0968117130e-02 5.6722187127e-02
1.0848414215e-01 2.0173574798e-02 6.0405839545e-02
1.1217102036e-01 2.0915526353e-02 6.3013786760e-02
8.8064498579e-02 2.0074760929e-02 4.1805222475e-02
6.2899575879e-02 3.7519429034e-02 4.6069924409e-02
8.4242359425e-02 3.1624680230e-02 4.0333284531e-02
7.7280717281e-02 3.1523680858e-03 2.7733005971e-02
2.6929156544e-02 1.1570000905e-02 7.8469782214e-03
4.4574786133e-02 3.5931563471e-03 4.1464579757e-02
0.0000000000e+00 8.8642052685e-02 5.3787610494e-02
1.3717137608e-04 9.3224716062e-02 2.3799609315e-02
3.4141915345e-05 9.6992348321e-02 3.0305015234e-02
2.2765111566e-02 6.5730175003e-02 4.2094777649e-02
1.9163005087e-05 9.1505337196e-02 6.2848127447e-02
6.2800514861e-03 5.6991105589e-02 2.5452472735e-02
1.4636906174e-02 3.7655192427e-02 2.6138421769e-02
2.1100616859e-02 1.7641920829e-02 2.0146964040e-02
1.8426230100e-02 5.0743060807e-03 2.3322268544e-02
1.8426230100e-02 5.0743060807e-03 2.3322268544e-02
8.6891613125e-03 7.6710105253e-03 2.3345935624e-02
1.1815164704e-02 4.6979346468e-02 3.3083820405e-02
1.0731799000e-03 5.8930883805e-02 3.2046916739e-02
2.6546889295e-02 4.9718669926e-02 3.8612022996e-02
0.0000000000e+00 1.7364278513e-02 3.1239336667e-02
0.0000000000e+00 1.7056123509e-02 1.0614913640e-01
0.0000000000e+00 5.2676276149e-02 1.1707396867e-01
0.0000000000e+00 4.9756139517e-02 1.0528535148e-01
0.0000000000e+00 3.9080915352e-01 7.6716096140e-02
4.1443201250e-06 3.8288690646e-01 7.3748838777e-02
0.0000000000e+00 3.2756115496e-01 5.1148748025e-02
0.0000000000e+00 3.3644607912e-01 4.7090580376e-02
0.0000000000e+00 4.3540125092e-01 6.0326359545e-02
0.0000000000e+00 3.9527553568e-01 5.1588692702e-02
5.8561723866e-05 3.6726888766e-01 7.3007621802e-02
5.8561723866e-05 3.6726888766e-01 7.3007621802e-02
3.7020584339e-05 3.4195975214e-01 5.2836876983e-02
2.2407285390e-07 3.0693472177e-01 7.8073252613e-02
2.2407285390e-07 3.0693472177e-01 7.8073252613e-02
2.6822392366e-07 2.9991437246e-01 5.6657816904e-02
4.0059924800e-07 3.2175635546e-01 5.3512894548e-02
0.0000000000e+00 2.9674036677e-01 1.2184373724e-02
1.3165891725e-07 2.8826477379e-01 5.4600836709e-02
2.4098294337e-05 3.3581605554e-01 8.5595595961e-02
1.3524020612e-06 3.2968247185e-01 5.1083366697e-02
0.0000000000e+00 1.1472755671e-01 1.9004706526e-02
1.3241484486e-07 2.7197522577e-02 1.4047443285e-02
0.0000000000e+00 1.1276415487e-01 4.1447324678e-02
1.6312125221e-07 4.6771756063e-01 5.4975106226e-03
0.0000000000e+00 1.3077749126e-01 3.5767049684e-02
1.0306445802e-05 2.5441779320e-01 4.2176178812e-02
0.0000000000e+00 1.0981291160e-01 4.1728987979e-02
0.0000000000e+00 5.9668107579e-02 9.6059684642e-02
0.0000000000e+00 5.5210712211e-02 1.0411427294e-01
0.0000000000e+00 4.2917239790e-02 8.2439201108e-02
0.0000000000e+00 6.0544016305e-02 7.4921458339e-02
0.0000000000e+00 6.5072348031e-02 8.8068613938e-02
1.1406137794e-01 3.6893839948e-02 6.3436696151e-02
0.0000000000e+00 6.7531447237e-02 9.4010201438e-02
0.0000000000e+00 8.9390845659e-02 7.1174116495e-02
6.5899586615e-02 1.1234597730e-02 5.7071814702e-02
6.7073220387e-02 1.5457035896e-02 2.7535982561e-03
7.1142196345e-02 2.6859287793e-02 2.7402417812e-03
5.8940333935e-02 1.5202466845e-02 2.9014285913e-03
1.5647430656e-01 2.1316560730e-01 1.3244566663e-02
5.0537910157e-02 2.1775886455e-02 2.9288655314e-03
5.7988057223e-02 1.3128601387e-01 2.8766281903e-03
1.6462895771e-01 2.0017441610e-01 3.5474144036e-03
1.6462895771e-01 2.0017441610e-01 3.5474144036e-03
1.6462895771e-01 2.0017441610e-01 3.5474144036e-03
3.0791309817e-02 2.2940246990e-02 2.7762971683e-03
4.4353255071e-02 3.4141829858e-02 2.8758330112e-03
1.9677362715e-02 4.5298837300e-02 2.9017672302e-03
1.9677362715e-02 4.5298837300e-02 2.9017672302e-03
1.7415322674e-01 2.4799098290e-02 2.8616512973e-03
4.0044691026e-02 5.0333828937e-02 2.8891350909e-03
5.1176531861e-02 1.3998059742e-01 2.9012631009e-03
5.1176531861e-02 1.3998059742e-01 2.9012631009e-03
1.3085116819e-01 8.4676022176e-02 1.0512300301e-02
1.3085116819e-01 8.4676022176e-02 1.0512300301e-02
9.7451984261e-02 1.1130546841e-01 5.2823620984e-03
8.8509115390e-02 1.3251047085e-01 2.8061595355e-03
6.3773753121e-02 1.7367070182e-02 5.0355045241e-03
4.6531540652e-02 2.9063631121e-02 5.1543101630e-03
6.3718463449e-02 5.9447361079e-02 2.3713494827e-03
2.9768019418e-01 7.6507420900e-02 6.6911876687e-03
7.4957769364e-02 7.6246321512e-02 6.0170383464e-03
0.0000000000e+00 1.0043731431e+00 2.4342579066e-03
0.0000000000e+00 8.4120514492e-01 2.9629782778e-03
1.3948967929e-01 1.3305737264e-01 7.7483099206e-03
0.0000000000e+00 7.0093877614e-01 2.9740357180e-03
0.0000000000e+00 6.2633591642e-01 2.9693936885e-03
0.0000000000e+00 4.5974924415e-01 2.9500517752e-03
0.0000000000e+00 2.2636785110e-01 2.9233736677e-03
0.0000000000e+00 5.1600242903e-01 1.3846886250e-03
1.7152289301e-01 8.8714674115e-02 3.0310106910e-03
6.0995346246e-02 4.3165015600e-02 2.8990003630e-03
6.0995346246e-02 4.3165015600e-02 2.8990003630e-03
2.7675514957e-05 1.1787678363e-01 1.3122762454e-03
0.0000000000e+00 3.8894718016e-01 1.3784688423e-03
6.0503056583e-02 1.0970497100e-01 2.4494900911e-03
3.0007100509e-02 7.0034472148e-01 1.5590134387e-01
3.9186895515e-02 7.4156665802e-01 1.7782184482e-01
3.9186895515e-02 7.4156665802e-01 1.7782184482e-01
3.1388864232e-02 7.0727744699e-01 1.4392492920e-01
4.2218145914e-02 7.4708133439e-01 1.9870677218e-01
3.4757955931e-02 7.1976802746e-01 1.5323417634e-01
3.9781473577e-02 7.8001104792e-01 1.7954002445e-01
7.2002319619e-02 8.1676792105e-01 1.2899485355e-01
3.7286493927e-02 7.8357563416e-01 1.8343253930e-01
2.7861222314e-02 7.8909994165e-01 1.5025393416e-01
2.9303418783e-02 8.0976870656e-01 1.5202324589e-01
1.7792312584e-02 2.0839214170e-02 3.0306326101e-01
1.2397354779e-02 2.6883320107e-02 1.5732256261e-01
1.5808625147e-02 2.9371241263e-02 3.3566102882e-01
1.6518355813e-02 2.9165375046e-02 3.6625948300e-01
1.8133437882e-02 6.5390645526e-02 6.5347436567e-01
2.1991094642e-03 3.0338600899e-02 1.2459079331e-01
8.2657760552e-03 3.7904641901e-02 2.6207270411e-01
1.5168479256e-02 6.8909209532e-02 6.2995529175e-01
1.8467185010e-02 5.1469716430e-01 2.5178689634e-01
1.3053421009e-02 1.3865407122e-01 5.9467436870e-01
1.2102691922e-02 1.4184043619e-01 6.0218773286e-01
9.7361528315e-03 3.3610104273e-01 4.7292190542e-01
8.7617711009e-03 4.4588315922e-02 3.7434398880e-01
5.8651809619e-03 4.3547978004e-02 4.1234192004e-01
8.9568219846e-03 9.4832653801e-02 5.9685610235e-01
8.0362964654e-03 7.9218322722e-02 5.9481616318e-01
1.6386051507e-02 6.8822733064e-01 1.4541438470e-01
1.4296577079e-02 6.8851149579e-01 1.5671865145e-01
1.5851857296e-02 6.9707900782e-01 1.4920998986e-01
1.2338113350e-02 6.5625967582e-01 1.4323803658e-01
1.2338113350e-02 6.5625967582e-01 1.4323803658e-01
1.5298817617e-02 6.9025938710e-01 1.5163784102e-01
1.4941641750e-02 7.0205323895e-01 1.6394644479e-01
1.1319814172e-02 6.5102180839e-01 1.4907638356e-01
8.8436848406e-03 1.7609619598e-01 1.1783296465e-02
8.8436848406e-03 1.7609619598e-01 1.1783296465e-02
1.0107162991e-02 5.7219443967e-01 1.5877992287e-01
1.0107162991e-02 5.7219443967e-01 1.5877992287e-01
1.4601510949e-02 3.3453589181e-01 3.4288729976e-01
1.3542557914e-06 5.2937097847e-02 4.2477129959e-02
0.0000000000e+00 1.0319938883e-01 1.6414867714e-01
0.0000000000e+00 1.5616547006e-01 2.2719434928e-02
0.0000000000e+00 1.1246731505e-01 5.0356814188e-03
0.0000000000e+00 8.8144476215e-02 1.0489892339e-01
0.0000000000e+00 8.2131882819e-02 1.0743098023e-01
0.0000000000e+00 7.1558137114e-02 2.1070113483e-02
0.0000000000e+00 4.3459438719e-02 2.7917089251e-02
0.0000000000e+00 4.3451183010e-02 3.6253889712e-02
9.2921143779e-13 7.6402909122e-02 2.8078182634e-03
1.1757240655e-13 7.9392253111e-02 8.6661684327e-03
4.9875937075e-12 7.7337412164e-02 2.1496570203e-02
1.2290819494e-12 6.6278463540e-02 2.7848712013e-02
0.0000000000e+00 7.6357822555e-02 1.9298637907e-02
2.7112910990e-10 1.2759414315e-01 2.6269786526e-02
0.0000000000e+00 1.2178688807e-01 2.3140153227e-02
4.1013438410e-03 2.4423726027e-01 8.0628364036e-02
2.5189504418e-10 7.2998484286e-02 1.0560762075e-01
5.0439185699e-10 7.6214570552e-02 9.1557893902e-02
0.0000000000e+00 1.2775595300e-01 3.7190174063e-02
0.0000000000e+00 1.2775595300e-01 3.7190174063e-02
0.0000000000e+00 1.3794915440e-01 3.1018622220e-02
0.0000000000e+00 1.0731888811e-01 9.3394011104e-03
3.7263199526e-05 1.0429717104e-01 1.6662265485e-02
0.0000000000e+00 1.2932787836e-01 1.4282062774e-01
9.8929436839e-04 1.1016272319e-01 7.2707689367e-02
0.0000000000e+00 1.6048854776e-01 7.9466674477e-02
0.0000000000e+00 1.6048854776e-01 7.9466674477e-02
0.0000000000e+00 1.0184667880e-01 4.3994577602e-02
0.0000000000e+00 1.5249387175e-01 5.1835809524e-02
0.0000000000e+00 1.1663773904e-01 4.7071926296e-02
0.0000000000e+00 1.1756880147e-01 1.9377785797e-01
0.0000000000e+00 9.1783451227e-02 4.9794498831e-02
9.6419012795e-03 4.6368362258e-01 3.4693072860e-02
0.0000000000e+00 2.4336538340e-01 2.8327881359e-02
0.0000000000e+00 2.4336538340e-01 2.8327881359e-02
1.5342800335e-02 4.3669791271e-01 7.6106884827e-02
2.1492769786e-02 4.5392944912e-01 2.0860881234e-01
4.4419222670e-07 2.3207867146e-01 3.9065360092e-02
3.2313299676e-02 5.2161444475e-01 1.2551624700e-01
2.0903466735e-02 4.9741451442e-01 1.5406016509e-01
4.8868823891e-07 3.6909720798e-01 1.6598651651e-02
2.2700602642e-07 3.7247417867e-01 2.1825806859e-02
2.2700602642e-07 3.7247417867e-01 2.1825806859e-02
2.2769326217e-07 3.6488521347e-01 2.8416158476e-02
1.5812439595e-07 3.8427553823e-01 5.0818002162e-02
2.3271919947e-08 2.9767796273e-01 4.1383910459e-02
1.5104537991e-08 3.2332361117e-01 4.9793696341e-02
0.0000000000e+00 3.0716407547e-01 4.7998821673e-02
2.3392416419e-07 3.2620130355e-01 5.0836342697e-02
3.0149206835e-08 1.5001138610e-01 5.2051986878e-02
0.0000000000e+00 1.3317358804e-01 5.1942021276e-02
2.3627977945e-08 1.7073751738e-01 5.3809243565e-02
2.2617440365e-08 1.9966411466e-01 6.5766775049e-02
1.0152041013e-09 2.4116005003e-01 6.4979474371e-02
7.2747430006e-08 3.1313007946e-01 6.0708403587e-02
3.0948170545e-08 3.0854678278e-01 5.9154400292e-02
3.4025608405e-08 3.0410155654e-01 5.5035739516e-02
2.9549646570e-04 2.9644789423e-01 6.4129567084e-02
1.9113535094e-05 2.3642566552e-01 5.8387098834e-02
7.0134700897e-03 2.7720800166e-01 5.7029307820e-02
0.0000000000e+00 3.7747057279e-01 1.7523591174e-02
0.0000000000e+00 3.6942992111e-01 2.5665835477e-02
0.0000000000e+00 6.1419017613e-01 4.5101394877e-02
0.0000000000e+00 6.1437162757e-01 4.2922126595e-02
0.0000000000e+00 6.1437162757e-01 4.2922126595e-02
6.1445221983e-06 6.1313754817e-01 4.9758689478e-02
1.4074727466e-03 5.1661596447e-01 1.1820015932e-01
0.0000000000e+00 6.6460940242e-01 1.0748091202e-03
0.0000000000e+00 6.3188832005e-01 2.0836628973e-03
0.0000000000e+00 6.3382135332e-01 1.3924056160e-03
0.0000000000e+00 3.0289791773e-01 1.2588077380e-02
0.0000000000e+00 2.6869970933e-01 3.2982426928e-03
1.0379031797e-07 3.9197575053e-01 1.8709396002e-03
0.0000000000e+00 4.7009658565e-01 0.0000000000e+00
8.7058102856e-10 4.4211549312e-01 1.0230759823e-03
0.0000000000e+00 4.9494272470e-01 3.4216888404e-03
0.0000000000e+00 4.9327851832e-01 1.3991891416e-03
0.0000000000e+00 4.9983115246e-01 1.9840605673e-03
0.0000000000e+00 6.7541330556e-01 0.0000000000e+00
0.0000000000e+00 4.7947302212e-01 0.0000000000e+00
0.0000000000e+00 5.3840470562e-01 1.9354994407e-07
7.3107716177e-09 5.7256383946e-01 3.7200232782e-06
7.4037898183e-08 5.3676953415e-01 0.0000000000e+00
3.9289458300e-06 5.8719066530e-01 1.7324039130e-02
0.0000000000e+00 6.5501434604e-01 7.5015913074e-03
1.5540458814e-05 6.1199843884e-01 1.1556735141e-03
0.0000000000e+00 5.6675878664e-01 1.0618611730e-05
1.4691852887e-05 7.1513688068e-01 0.0000000000e+00
0.0000000000e+00 6.2912377715e-01 0.0000000000e+00
0.0000000000e+00 7.2727402051e-01 0.0000000000e+00
5.5831024781e-07 6.6911605994e-01 0.0000000000e+00
0.0000000000e+00 6.6909070313e-01 0.0000000000e+00
0.0000000000e+00 6.2668797870e-01 0.0000000000e+00
0.0000000000e+00 5.5586163203e-01 0.0000000000e+00
0.0000000000e+00 9.4964378575e-01 5.4888571735e-07
0.0000000000e+00 5.4039115955e-01 8.8166186712e-04
1.8215765489e-07 8.8688698908e-01 2.5212093914e-11
2.6768010268e-06 9.6968292197e-01 1.4917550191e-03
0.0000000000e+00 1.2661779722e+00 4.4021852712e-04
0.0000000000e+00 1.1469409664e+00 3.5930054582e-04
0.0000000000e+00 1.1161784232e+00 1.3353445878e-02
0.0000000000e+00 1.1992858648e+00 1.3045324168e-02
0.0000000000e+00 1.1992858648e+00 1.3045324168e-02
7.9591822934e-06 1.2280869782e+00 1.5700988316e-02
0.0000000000e+00 1.0586368740e+00 1.5946838461e-02
0.0000000000e+00 1.2245142063e+00 3.0380429700e-02
4.7878373834e-06 1.1875215769e+00 1.4980073242e-02
0.0000000000e+00 1.3022858500e+00 1.3526445022e-02
0.0000000000e+00 1.3022858500e+00 1.3526445022e-02
6.3181273872e-03 1.4420259396e+00 2.1383870160e-02
0.0000000000e+00 1.5555533369e+00 1.8773891420e-02
0.0000000000e+00 1.6230237285e+00 1.5901277152e-02
0.0000000000e+00 1.2127896945e+00 1.6131830635e-02
0.0000000000e+00 9.9624834955e-01 1.2947603998e-01
0.0000000000e+00 7.8563741843e-01 5.0081917240e-02
0.0000000000e+00 1.1602918655e+00 2.0287753471e-02
0.0000000000e+00 1.0055705259e+00 2.4412015763e-02
1.2909946652e-07 8.1102935473e-01 1.1109040491e-01
1.8409346580e-07 9.6242949367e-01 3.3130529492e-02
0.0000000000e+00 9.3740624189e-01 1.0985481677e-01
5.0086923432e-06 1.2956001957e+00 1.2109162162e-01
7.3634882109e-06 1.0362625271e+00 3.1906683929e-02
0.0000000000e+00 1.8399019363e-06 1.4972425811e-01
1.6067545512e-03 1.0712207730e-01 1.2290195057e-02
0.0000000000e+00 2.3623941218e-01 5.0058994966e-03
2.6238424471e-03 2.2980040933e-01 5.2037313532e-03
3.7958088020e-03 2.8808837912e-03 2.1170685533e-02
3.7958088020e-03 2.8808837912e-03 2.1170685533e-02
2.0782416262e-07 7.0626516617e-06 1.1968355083e-02
8.0898380353e-04 2.4651393170e-01 1.1791039996e-02
0.0000000000e+00 2.8404634756e-02 1.4663945185e-02
0.0000000000e+00 2.8404634756e-02 1.4663945185e-02
3.5999660031e-03 1.9854011619e-04 4.3755675676e-03
4.8131168587e-03 1.6689342385e-01 1.5239611501e-02
1.3601128330e-05 3.6336338272e-01 4.7486106050e-03
8.7578194507e-04 2.8898791720e-01 1.0587286204e-02
8.7578194507e-04 2.8898791720e-01 1.0587286204e-02
8.7578194507e-04 2.8898791720e-01 1.0587286204e-02
2.1025062209e-03 5.6896505994e-03 3.1616409154e-03
2.1025062209e-03 5.6896505994e-03 3.1616409154e-03
1.8490593260e-03 3.9078940948e-02 3.6344223190e-02
3.2261404170e-03 5.0869334241e-01 1.1536504452e-02
8.3031994679e-03 2.9567736636e-01 7.5259966155e-03
1.4092025134e-03 5.7292080484e-02 1.0461829215e-02
1.9274366156e-03 2.5942207819e-03 2.5604999488e-03
3.3138057430e-03 3.2871651401e-01 6.9755956841e-03
1.2257101819e-03 1.1152935090e-01 9.5679891917e-03
1.3314514557e-03 3.6685078839e-01 8.4168077058e-03
1.8895671043e-03 4.6852886925e-01 5.5440249659e-03
2.1874084584e-03 4.3804176400e-01 7.2108173044e-03
1.0955789961e-03 1.7199518407e-01 7.0406982753e-03
1.2928239400e-03 2.7830063303e-01 6.9456692630e-03
6.2810250286e-03 5.0942450017e-01 6.8160021627e-07
1.1349216298e-02 3.6779665699e-01 5.3702095026e-06
1.3535008145e-02 5.1985414326e-01 5.7189029500e-06
1.3013022641e-03 9.3219758943e-02 3.0010495335e-02
1.3013022641e-03 9.3219758943e-02 3.0010495335e-02
1.7517702994e-03 1.1372185436e-01 3.9491143388e-02
4.3182496847e-04 1.4106657822e-02 7.2009788826e-02
4.3182496847e-04 1.4106657822e-02 7.2009788826e-02
2.0078010663e-03 5.4383945465e-01 3.5552990122e-06
1.4805067185e-03 6.0509389577e-02 1.1212910650e-01
2.6868092051e-03 5.3518293301e-01 2.3960743723e-05
1.8094170858e-03 4.3152342737e-01 1.1656848225e-05
1.3457683138e-03 3.1238773465e-01 3.9326245586e-02
1.3251729300e-03 2.6758701354e-01 2.2291469232e-02
1.2383368157e-03 9.3429294104e-02 3.0175370009e-02
1.7745106112e-03 3.7542887777e-01 1.8608037382e-02
1.1641384384e-03 1.4762287214e-01 4.7694419821e-02
1.5067904314e-03 3.0150043219e-01 2.9755665610e-02
1.4408119265e-03 2.8169906388e-01 3.9456378358e-02
6.5905199153e-03 2.7445014815e-01 3.9325007548e-02
3.6867626865e-03 6.2231117487e-01 2.1544751689e-05
5.1258092669e-03 5.4529836774e-01 9.2589596553e-07
1.4702203625e-03 1.2078783863e-02 1.8224472723e-02
1.2894281807e-02 8.0719223867e-02 2.1732194427e-02
1.0644390287e-02 3.5364357382e-01 9.0477390137e-03
3.5242011945e-03 4.6187534432e-01 1.7073106098e-02
1.7967484940e-03 4.5647424708e-01 1.4514603574e-02
1.7967484940e-03 4.5647424708e-01 1.4514603574e-02
3.9870959881e-03 4.4301720212e-01 1.1214534597e-02
2.8563657446e-03 4.2734840264e-01 8.0743949317e-03
8.0171202232e-03 4.4165248175e-01 9.4905054818e-03
4.1539431356e-03 5.9402488669e-01 5.5035616224e-07
4.7999996847e-03 7.2481675446e-01 1.7676129183e-15
3.2632528261e-03 9.9319512149e-01 4.9744581726e-03
3.6533286135e-03 9.4831481576e-01 7.7167725734e-03
2.7526022944e-03 9.7464145223e-01 1.2182518529e-02
6.2155179524e-03 1.0367016147e+00 1.0017283261e-02
3.9225085056e-03 9.9478460352e-01 6.0728140331e-03
2.9462639456e-03 1.0382401844e+00 1.1089873112e-02
3.3810109211e-03 9.5932039618e-01 2.2526465201e-02
3.3810109211e-03 9.5932039618e-01 2.2526465201e-02
2.8797321138e-03 9.9483470619e-01 2.9256968914e-02
1.3643936487e-02 8.1694080432e-01 1.5644935348e-02
2.3417457511e-03 8.5307635864e-01 1.4247541937e-02
3.8616517171e-03 1.4015969634e+00 2.0298359916e-02
2.4423689853e-03 1.3742691477e+00 1.2877742682e-02
2.3560288731e-03 1.2518352171e+00 1.2209837480e-02
2.4585053034e-03 1.2618806561e+00 1.7746222283e-02
3.1744030712e-03 1.1687677105e+00 1.0893324933e-02
3.8477681810e-03 1.5796381732e+00 1.8958853972e-06
3.8477681810e-03 1.5796381732e+00 1.8958853972e-06
7.6433721697e-03 1.4200060368e+00 4.0098040054e-02
2.9995849472e-03 1.0709290852e+00 2.0602102547e-02
3.4638814007e-03 1.0419777185e+00 2.3113812786e-02
3.7070571561e-03 1.1534037590e+00 6.9720873144e-03
1.5891563768e-03 1.1481967072e+00 8.5590345164e-03
6.0689581248e-03 9.6573059758e-01 2.8131149399e-02
1.5890699918e-03 8.4862841666e-01 1.9082444642e-02
1.6445087967e-03 8.3940141400e-01 4.0003977095e-03
1.9160203810e-03 8.8344911238e-01 1.1399027659e-02
1.0481717763e-03 8.6134216686e-01 8.6513147301e-03
1.0481717763e-03 8.6134216686e-01 8.6513147301e-03
9.2371379287e-04 8.1529178719e-01 5.7848544287e-03
1.6054081473e-03 7.8808987141e-01 8.9490461396e-03
1.4605941057e-03 6.6766964893e-01 1.3757213329e-02
1.1592613543e-03 5.7810924451e-01 1.5423106418e-02
2.9708768901e-03 6.1803175509e-01 1.4381307721e-02
2.3062946760e-03 6.0147107144e-01 1.7134675213e-02
2.3186424660e-03 5.0146387517e-01 1.1900989106e-02
1.3904337538e-03 4.5424177249e-01 1.1292809155e-02
1.4336545525e-03 8.6357930303e-01 1.4508698912e-02
1.3736844097e-03 8.0660356085e-01 1.4761098738e-02
1.7325387550e-03 8.1141194204e-01 1.5133089541e-02
2.3377120815e-03 7.3244730632e-01 1.3318763580e-02
1.6063277338e-03 6.3973397017e-01 1.1728382514e-02
1.7102036412e-03 7.1805747350e-01 1.1282455021e-02
1.7102036412e-03 7.1805747350e-01 1.1282455021e-02
1.6985113519e-03 7.3369908830e-01 1.1074159527e-02
1.6370440377e-03 7.4362366895e-01 1.1265928624e-02
1.6370440377e-03 7.4362366895e-01 1.1265928624e-02
1.6492252665e-03 7.8316250940e-01 1.0253459215e-02
2.1767045449e-03 8.3063964546e-01 1.2004025513e-02
2.9587391570e-03 8.7302046518e-01 4.1765602926e-02
1.8920571990e-03 4.5489605516e-01 4.5816720774e-02
1.5074742599e-03 4.4361851364e-01 1.1077029126e-02
1.9190924892e-03 4.7335367153e-01 1.6581892734e-02
1.8764370955e-03 7.0398567120e-01 4.1029969541e-02
1.6575257711e-03 7.2688065469e-01 4.1917510641e-02
2.9437021391e-03 8.0467620989e-01 2.4250415930e-02
3.6270985826e-03 8.5939699908e-01 2.6095353688e-01
3.7687279594e-03 9.3134630720e-01 1.3506308322e-01
4.0616143184e-03 8.3570440114e-01 1.4138127925e-01
3.6716429652e-03 9.1898912688e-01 1.1549415626e-01
4.1483854293e-03 8.6250597239e-01 1.1817143485e-01
2.4327367816e-03 8.1171925366e-01 8.0275613194e-02
2.2810141381e-03 8.4770147999e-01 8.2281297073e-02
1.8870117929e-03 6.5916962922e-01 7.1662401780e-02
1.9418138642e-03 5.9661364555e-01 8.2488807539e-02
1.2751088070e-03 5.7005686561e-01 7.0489451910e-02
1.4555247423e-03 5.5429382126e-01 7.0445034963e-02
1.5149559234e-03 5.6735342741e-01 6.7405188456e-02
1.5968315129e-03 5.3111040095e-01 9.3877042333e-02
1.6092494237e-03 5.6691442927e-01 8.1858146936e-02
1.3156743613e-03 5.7659883797e-01 9.2718445385e-02
2.5837693247e-03 5.6137385219e-01 1.0052332468e-01
1.3497347672e-02 6.6915208598e-01 8.7728584185e-02
1.3497347672e-02 6.6915208598e-01 8.7728584185e-02
3.9799367543e-02 0.0000000000e+00 0.0000000000e+00
4.8650828190e-02 0.0000000000e+00 0.0000000000e+00
3.3664256645e-02 0.0000000000e+00 0.0000000000e+00
4.7821594868e-02 0.0000000000e+00 0.0000000000e+00
4.7162039982e-02 0.0000000000e+00 0.0000000000e+00
3.6945774841e-02 0.0000000000e+00 0.0000000000e+00
5.0759377268e-02 0.0000000000e+00 0.0000000000e+00
5.0759377268e-02 0.0000000000e+00 0.0000000000e+00
4.7022565423e-02 0.0000000000e+00 0.0000000000e+00
4.5630660374e-02 0.0000000000e+00 0.0000000000e+00
3.7573284935e-02 0.0000000000e+00 0.0000000000e+00
4.1360352499e-02 0.0000000000e+00 0.0000000000e+00
7.0486507999e-02 0.0000000000e+00 0.0000000000e+00
5.9865534306e-02 0.0000000000e+00 0.0000000000e+00
5.9865534306e-02 0.0000000000e+00 0.0000000000e+00
5.4780922520e-02 0.0000000000e+00 0.0000000000e+00
1.3109607622e-01 0.0000000000e+00 0.0000000000e+00
1.2713130439e-01 0.0000000000e+00 0.0000000000e+00
1.3443337008e-01 0.0000000000e+00 0.0000000000e+00
1.3443337008e-01 0.0000000000e+00 0.0000000000e+00
1.3443337008e-01 0.0000000000e+00 0.0000000000e+00
1.3443337008e-01 0.0000000000e+00 0.0000000000e+00
1.3243060745e-01 0.0000000000e+00 0.0000000000e+00
1.3423369763e-01 0.0000000000e+00 0.0000000000e+00
1.3423369763e-01 0.0000000000e+00 0.0000000000e+00
1.3442447782e-01 0.0000000000e+00 0.0000000000e+00
3.9992125705e-02 0.0000000000e+00 0.0000000000e+00
4.2219616162e-02 0.0000000000e+00 0.0000000000e+00
4.7842416912e-02 0.0000000000e+00 0.0000000000e+00
4.7842416912e-02 0.0000000000e+00 0.0000000000e+00
4.1882025233e-02 0.0000000000e+00 0.0000000000e+00
4.4064708054e-02 0.0000000000e+00 0.0000000000e+00
4.4064708054e-02 0.0000000000e+00 0.0000000000e+00
7.4498404128e-02 0.0000000000e+00 0.0000000000e+00
6.6011681221e-02 0.0000000000e+00 0.0000000000e+00
1.3782822092e-01 0.0000000000e+00 0.0000000000e+00
8.9573922257e-03 0.0000000000e+00 0.0000000000e+00
1.7245775213e-01 0.0000000000e+00 0.0000000000e+00
9.4092450415e-02 0.0000000000e+00 0.0000000000e+00
9.4092450415e-02 0.0000000000e+00 0.0000000000e+00
7.9841037095e-01 0.0000000000e+00 0.0000000000e+00
1.7678107694e-01 0.0000000000e+00 0.0000000000e+00
1.7678107694e-01 0.0000000000e+00 0.0000000000e+00
4.1122209529e-01 0.0000000000e+00 0.0000000000e+00
6.0074738661e-01 0.0000000000e+00 0.0000000000e+00
6.2681859980e-02 0.0000000000e+00 0.0000000000e+00
9.3098994344e-02 0.0000000000e+00 0.0000000000e+00
8.4597212573e-02 0.0000000000e+00 0.0000000000e+00
9.6068509544e-02 0.0000000000e+00 0.0000000000e+00
7.7975656216e-02 0.0000000000e+00 0.0000000000e+00
9.0121737371e-02 0.0000000000e+00 0.0000000000e+00
8.5701548805e-02 0.0000000000e+00 0.0000000000e+00
8.1312774991e-02 0.0000000000e+00 0.0000000000e+00
9.1855566328e-02 0.0000000000e+00 0.0000000000e+00
8.8020235300e-02 0.0000000000e+00 0.0000000000e+00
1.7362482970e-01 0.0000000000e+00 0.0000000000e+00
8.6588500068e-02 0.0000000000e+00 0.0000000000e+00
9.1789567222e-02 0.0000000000e+00 0.0000000000e+00
8.4480995312e-02 0.0000000000e+00 0.0000000000e+00
8.5791821902e-02 0.0000000000e+00 0.0000000000e+00
7.4453713372e-02 0.0000000000e+00 0.0000000000e+00
1.1071286723e-01 0.0000000000e+00 0.0000000000e+00
1.1390367957e-01 0.0000000000e+00 0.0000000000e+00
1.1043213060e-01 0.0000000000e+00 0.0000000000e+00
1.1905782918e-01 0.0000000000e+00 0.0000000000e+00
8.6506195987e-02 0.0000000000e+00 0.0000000000e+00
1.0086390811e-01 0.0000000000e+00 0.0000000000e+00
9.0001366412e-02 0.0000000000e+00 0.0000000000e+00
8.9459912851e-02 0.0000000000e+00 0.0000000000e+00
9.6011431888e-02 0.0000000000e+00 0.0000000000e+00
1.6839588309e-01 0.0000000000e+00 0.0000000000e+00
1.1987014549e-01 0.0000000000e+00 0.0000000000e+00
1.1976316137e-01 0.0000000000e+00 0.0000000000e+00
1.1976316137e-01 0.0000000000e+00 0.0000000000e+00
1.1976316137e-01 0.0000000000e+00 0.0000000000e+00
1.8654414763e-02 0.0000000000e+00 0.0000000000e+00
1.8765220108e-02 0.0000000000e+00 0.0000000000e+00
2.7143686234e-02 0.0000000000e+00 0.0000000000e+00
2.7143686234e-02 0.0000000000e+00 0.0000000000e+00
2.7688673853e-02 0.0000000000e+00 0.0000000000e+00
2.2925889492e-01 0.0000000000e+00 0.0000000000e+00
2.2925889492e-01 0.0000000000e+00 0.0000000000e+00
2.0257109279e-01 0.0000000000e+00 0.0000000000e+00
2.3153550675e-01 0.0000000000e+00 0.0000000000e+00
2.1855056534e-01 0.0000000000e+00 0.0000000000e+00
2.5468403225e-01 0.0000000000e+00 0.0000000000e+00
2.4938476458e-01 0.0000000000e+00 0.0000000000e+00
3.0157257368e-01 0.0000000000e+00 0.0000000000e+00
2.7196225400e-01 0.0000000000e+00 0.0000000000e+00
2.8347095599e-01 0.0000000000e+00 0.0000000000e+00
2.2664593533e-01 0.0000000000e+00 0.0000000000e+00
2.1004315590e-01 0.0000000000e+00 0.0000000000e+00
2.3292321091e-01 0.0000000000e+00 0.0000000000e+00
2.3292321091e-01 0.0000000000e+00 0.0000000000e+00
2.5187539433e-01 0.0000000000e+00 0.0000000000e+00
2.5187539433e-01 0.0000000000e+00 0.0000000000e+00
2.1680854261e-01 0.0000000000e+00 0.0000000000e+00
2.3982373625e-01 0.0000000000e+00 0.0000000000e+00
2.4233659108e-01 0.0000000000e+00 0.0000000000e+00
2.4400229255e-01 0.0000000000e+00 0.0000000000e+00
1.8774727980e-01 0.0000000000e+00 0.0000000000e+00
1.5366359303e-01 0.0000000000e+00 0.0000000000e+00
1.5366359303e-01 0.0000000000e+00 0.0000000000e+00
1.5366359303e-01 0.0000000000e+00 0.0000000000e+00
1.7012688269e-01 0.0000000000e+00 0.0000000000e+00
1.7012688269e-01 0.0000000000e+00 0.0000000000e+00
1.8604747703e-01 0.0000000000e+00 0.0000000000e+00
8.8815513377e-02 0.0000000000e+00 0.0000000000e+00
4.5749309162e-01 0.0000000000e+00 0.0000000000e+00
2.0663300063e-02 0.0000000000e+00 0.0000000000e+00
2.3341680318e-01 0.0000000000e+00 0.0000000000e+00
2.9786228885e-01 0.0000000000e+00 0.0000000000e+00
1.1338010629e+00 0.0000000000e+00 0.0000000000e+00
2.4341508746e-01 0.0000000000e+00 0.0000000000e+00
3.1556120267e-01 0.0000000000e+00 0.0000000000e+00
2.6432404170e-01 0.0000000000e+00 0.0000000000e+00
2.2429103653e-01 0.0000000000e+00 0.0000000000e+00
2.2429103653e-01 0.0000000000e+00 0.0000000000e+00
2.7099800358e-01 0.0000000000e+00 0.0000000000e+00
2.7099800358e-01 0.0000000000e+00 0.0000000000e+00
6.7818507055e-01 0.0000000000e+00 0.0000000000e+00
7.5648586949e-01 0.0000000000e+00 0.0000000000e+00
5.4021408161e-01 0.0000000000e+00 0.0000000000e+00
5.4021408161e-01 0.0000000000e+00 0.0000000000e+00
5.4021408161e-01 0.0000000000e+00 0.0000000000e+00
6.8412669500e-01 0.0000000000e+00 0.0000000000e+00
6.8412669500e-01 0.0000000000e+00 0.0000000000e+00
7.8432426353e-01 0.0000000000e+00 0.0000000000e+00
7.1900336444e-01 0.0000000000e+00 0.0000000000e+00
1.8014957607e+00 0.0000000000e+00 0.0000000000e+00
3.2080038885e-01 0.0000000000e+00 0.0000000000e+00
7.6801523070e-01 0.0000000000e+00 0.0000000000e+00
6.2864521643e-01 0.0000000000e+00 0.0000000000e+00
4.6131319801e-01 0.0000000000e+00 0.0000000000e+00
2.8679379821e-01 0.0000000000e+00 0.0000000000e+00
2.8679379821e-01 0.0000000000e+00 0.0000000000e+00
2.3154387871e-01 0.0000000000e+00 0.0000000000e+00
2.7278157448e-01 0.0000000000e+00 0.0000000000e+00
2.7278157448e-01 0.0000000000e+00 0.0000000000e+00
3.5511138290e-01 0.0000000000e+00 0.0000000000e+00
2.9225558788e-01 0.0000000000e+00 0.0000000000e+00
2.7524877836e-01 0.0000000000e+00 0.0000000000e+00
2.7447277308e-01 0.0000000000e+00 0.0000000000e+00
2.8354599078e-01 0.0000000000e+00 0.0000000000e+00
3.4187937776e-01 0.0000000000e+00 0.0000000000e+00
7.7485387524e-01 0.0000000000e+00 0.0000000000e+00
7.6786208153e-01 0.0000000000e+00 0.0000000000e+00
4.6230838448e-01 0.0000000000e+00 0.0000000000e+00
5.4211586962e-01 0.0000000000e+00 0.0000000000e+00
5.3107105444e-01 0.0000000000e+00 0.0000000000e+00
4.6105140199e-01 0.0000000000e+00 0.0000000000e+00
3.2969261706e-01 0.0000000000e+00 0.0000000000e+00
3.0499352018e-01 0.0000000000e+00 0.0000000000e+00
3.2877280066e-01 0.0000000000e+00 0.0000000000e+00
3.2877280066e-01 0.0000000000e+00 0.0000000000e+00
3.1687994301e-01 0.0000000000e+00 0.0000000000e+00
3.1454390784e-01 0.0000000000e+00 0.0000000000e+00
0.0000000000e+00 0.0000000000e+00 0.0000000000e+00
0.0000000000e+00 0.0000000000e+00 0.0000000000e+00
0.0000000000e+00 0.0000000000e+00 0.0000000000e+00
0.0000000000e+00 0.0000000000e+00 0.0000000000e+00
0.0000000000e+00 0.0000000000e+00 0.0000000000e+00
2.2474425047e-05 0.0000000000e+00 0.0000000000e+00
7.1124421993e-05 0.0000000000e+00 0.0000000000e+00
3.5734668984e-06 0.0000000000e+00 0.0000000000e+00
0.0000000000e+00 0.0000000000e+00 0.0000000000e+00
0.0000000000e+00 0.0000000000e+00 0.0000000000e+00
0.0000000000e+00 0.0000000000e+00 0.0000000000e+00
0.0000000000e+00 0.0000000000e+00 0.0000000000e+00
0.0000000000e+00 0.0000000000e+00 0.0000000000e+00
5.1224526032e-05 0.0000000000e+00 0.0000000000e+00
0.0000000000e+00 0.0000000000e+00 0.0000000000e+00
5.3904619563e-05 0.0000000000e+00 0.0000000000e+00
0.0000000000e+00 0.0000000000e+00 0.0000000000e+00
2.6391573859e-05 0.0000000000e+00 0.0000000000e+00
0.0000000000e+00 0.0000000000e+00 0.0000000000e+00
1.4462015997e-05 0.0000000000e+00 0.0000000000e+00
0.0000000000e+00 0.0000000000e+00 0.0000000000e+00
1.0277761244e-06 4.5840766033e-01 2.0812915560e-05
5.2413586527e-01 1.1101467411e+00 8.3707413093e-03
4.6488660326e-01 1.1725391646e+00 7.6328916863e-03
1.6561464841e-01 1.3585391206e-01 0.0000000000e+00
8.1679300716e-02 1.7510421652e-02 1.4905909852e-02
8.1679300716e-02 1.7510421652e-02 1.4905909852e-02
1.1965576870e-01 5.4883281390e-02 2.5402197459e-02
1.1718672328e-01 4.9100581091e-02 3.7774703839e-03
1.4013376211e-01 4.3022171905e-02 3.2331102217e-02
1.3075698726e-01 4.1248548465e-02 1.8937842736e-03
1.3075698726e-01 4.1248548465e-02 1.8937842736e-03
1.6304078797e+00 0.0000000000e+00 0.0000000000e+00
1.6555060943e+00 0.0000000000e+00 0.0000000000e+00
1.6431529125e+00 0.0000000000e+00 0.0000000000e+00
1.6395847400e+00 0.0000000000e+00 0.0000000000e+00
1.6408183972e+00 0.0000000000e+00 0.0000000000e+00
1.6317780117e+00 0.0000000000e+00 0.0000000000e+00
1.6207228700e+00 0.0000000000e+00 0.0000000000e+00
1.6182117860e+00 0.0000000000e+00 0.0000000000e+00
1.6182117860e+00 0.0000000000e+00 0.0000000000e+00
1.6192756097e+00 0.0000000000e+00 0.0000000000e+00
1.6160354912e+00 0.0000000000e+00 0.0000000000e+00
1.6074736019e+00 0.0000000000e+00 0.0000000000e+00
1.6074736019e+00 0.0000000000e+00 0.0000000000e+00
1.5959957937e+00 0.0000000000e+00 0.0000000000e+00
1.6009773215e+00 0.0000000000e+00 0.0000000000e+00
1.5970162551e+00 0.0000000000e+00 0.0000000000e+00
1.5986104210e+00 0.0000000000e+00 0.0000000000e+00
1.5974941055e+00 0.0000000000e+00 0.0000000000e+00
1.5942254166e+00 0.0000000000e+00 0.0000000000e+00
1.5376342535e+00 0.0000000000e+00 0.0000000000e+00
1.5587401787e+00 0.0000000000e+00 0.0000000000e+00
1.5499686102e+00 0.0000000000e+00 0.0000000000e+00
1.5557414293e+00 0.0000000000e+00 0.0000000000e+00
1.5438432594e+00 0.0000000000e+00 0.0000000000e+00
1.5553295215e+00 0.0000000000e+00 0.0000000000e+00
1.5381421546e+00 0.0000000000e+00 0.0000000000e+00
1.5546427071e+00 0.0000000000e+00 0.0000000000e+00
1.5441359182e+00 0.0000000000e+00 0.0000000000e+00
1.5570338666e+00 0.0000000000e+00 0.0000000000e+00
1.5570338666e+00 0.0000000000e+00 0.0000000000e+00
1.5570338666e+00 0.0000000000e+00 0.0000000000e+00
1.5572361847e+00 0.0000000000e+00 0.0000000000e+00
1.5617085795e+00 0.0000000000e+00 0.0000000000e+00
1.5617085795e+00 0.0000000000e+00 0.0000000000e+00
1.5606045822e+00 0.0000000000e+00 0.0000000000e+00
1.5740031799e+00 0.0000000000e+00 0.0000000000e+00
1.5789165696e+00 0.0000000000e+00 0.0000000000e+00
1.5789165696e+00 0.0000000000e+00 0.0000000000e+00
1.5788286328e+00 0.0000000000e+00 0.0000000000e+00
1.5789962510e+00 0.0000000000e+00 0.0000000000e+00
1.5775432686e+00 0.0000000000e+00 0.0000000000e+00
1.5382061402e+00 0.0000000000e+00 0.0000000000e+00
1.9250729283e+00 0.0000000000e+00 0.0000000000e+00
4.2724003891e-01 0.0000000000e+00 0.0000000000e+00
4.2724003891e-01 0.0000000000e+00 0.0000000000e+00
4.2577167352e-01 0.0000000000e+00 0.0000000000e+00
4.2541727672e-01 0.0000000000e+00 0.0000000000e+00
4.2487800370e-01 0.0000000000e+00 0.0000000000e+00
4.3004874800e-03 6.6202088302e-03 8.7912028035e-02
4.3004874800e-03 6.6202088302e-03 8.7912028035e-02
4.3007507338e-03 7.2726912430e-03 9.1969209723e-02
4.6204069319e-03 4.6518043813e-03 8.8445563801e-02
4.5629101999e-03 3.9110669090e-02 1.3339487836e-01
7.1898582003e-03 5.3483795996e-02 4.0766344840e-01
5.3709065348e-03 4.0702025235e-03 1.6323375578e-01
7.1619095591e-03 7.4654416181e-02 3.5084882130e-01
4.5692910401e-03 2.7802561099e-02 1.3142334049e-01
4.5692910401e-03 2.7802561099e-02 1.3142334049e-01
4.2109102166e-03 7.1254163670e-02 1.0073017826e-01
5.7831723049e-03 4.7837890529e-02 2.0537174245e-01
5.3555914977e-03 4.9019993904e-02 1.9634261852e-01
4.9024866700e-03 6.2158777689e-02 1.8952283015e-01
4.1791587525e-03 3.7580556469e-02 1.6269032968e-01
4.3912165371e-03 1.0661962753e-01 1.4217671938e-01
4.6223272802e-03 8.3753028264e-02 6.7060354476e-02
5.7006129452e-03 8.6810285846e-02 2.2676799695e-01
3.4587408106e-03 5.0294808578e-02 9.5961992318e-02
3.9766390692e-03 1.8779606993e-01 1.3524450921e-01
8.3227698536e-03 8.2788753944e-02 3.7998313457e-01
9.5553537443e-03 7.5462647403e-02 3.6179392288e-01
4.7280133585e-03 9.8669994312e-02 2.6892355022e-02
2.6740021034e-03 9.3254406005e-02 7.4950912657e-02
3.8770117487e-03 3.2074966578e-03 4.4808743056e-02
3.4518572696e-03 5.5349542386e-03 8.3731183161e-02
3.3927764647e-03 4.2288124251e-02 8.8811919714e-02
3.2219756298e-03 1.0079006292e-01 1.7315269952e-02
2.6757996219e-02 4.2765695353e-01 1.3805990666e-01
2.8015086893e-02 4.8909790317e-01 1.2918408153e-01
1.7860454430e-02 4.0814387302e-01 1.6872160261e-01
1.7822077731e-02 4.3720785528e-01 1.5386648849e-01
1.7209159443e-02 2.5745271643e-01 3.1835685919e-01
1.7209159443e-02 2.5745271643e-01 3.1835685919e-01
1.8325281640e-02 5.0166104486e-01 1.6317694013e-01
1.8696639066e-02 5.5489257723e-01 1.3004659737e-01
1.6298477072e-02 4.5268981407e-01 1.7034450794e-01
1.5889479003e-02 4.3630525718e-01 1.5429417789e-01
1.7635065131e-02 4.6054058770e-01 1.5452107911e-01
1.4726599368e-02 3.4705951065e-01 2.1400749187e-01
1.4726599368e-02 3.4705951065e-01 2.1400749187e-01
1.3448036043e-02 3.2120146602e-01 2.1529087548e-01
9.7524484154e-03 5.8800099045e-01 6.7392962053e-02
1.9506635377e-02 4.5934585234e-01 8.2681375245e-02
1.2605686051e-02 6.9758683443e-01 1.0011789451e-01
1.7641166846e-02 4.6173800528e-01 1.1867291418e-01
1.7107099916e-02 5.1520684610e-01 9.8637027666e-02
1.4745087518e-02 3.6305920035e-01 1.6754917180e-01
1.4632703193e-02 3.3719047656e-01 1.8030669789e-01
1.1100305710e-02 3.0184833581e-01 1.0510507474e-01
1.7025150902e-02 2.8151990970e-01 1.6661757231e-01
1.6318515874e-02 5.2344171951e-01 1.0583114500e-02
1.7004502394e-02 5.2486775319e-01 1.3866286958e-02
1.6724335185e-02 5.2100534489e-01 1.3870607906e-02
1.6967049334e-02 4.4049787273e-01 7.3366057128e-02
1.6967049334e-02 4.4049787273e-01 7.3366057128e-02
1.7269626182e-02 4.6049299091e-01 4.4643105939e-02
1.7269626182e-02 4.6049299091e-01 4.4643105939e-02
1.8295415988e-02 5.1259741684e-01 1.8405043210e-02
1.9154690361e-02 5.1335470875e-01 5.4714805835e-03
2.2126095525e-02 5.0647691886e-01 5.1040871185e-03
1.7212586788e-02 5.2163322022e-01 2.8105709353e-03
1.6783445065e-02 5.2424502621e-01 3.0279152949e-03
1.7126054658e-02 5.2584351351e-01 2.7665315429e-03
1.5617314183e-02 5.2835397671e-01 3.0102775393e-03
2.2062310328e-02 5.2853659540e-01 2.7684490584e-03
2.1318106912e-02 5.2306394776e-01 2.6838828053e-03
2.3533334024e-02 5.2360815555e-01 3.2856330120e-03
2.4242110085e-02 5.1887439440e-01 3.8396839130e-03
2.3537745855e-02 5.2721381932e-01 3.4049132179e-03
4.3178434173e-02 4.1236929595e-01 1.1833714942e-02
4.1998934001e-02 4.1249144077e-01 1.2267211995e-02
3.4424647223e-02 4.0348150581e-01 1.4473133488e-02
3.4112706936e-02 4.0439122915e-01 1.3461946199e-02
2.4673995562e-02 4.6326222767e-01 9.7921520161e-03
2.2807183365e-02 4.7994249066e-01 1.4495650927e-02
1.8225852866e-02 4.5465215296e-01 2.6158937098e-02
2.1309147434e-02 4.7352062166e-01 2.5465308378e-02
2.0972815342e-02 4.7093910972e-01 2.5903252885e-02
2.0506709348e-02 4.7632373373e-01 2.4916148745e-02
2.8437077844e-02 4.7114919623e-01 2.5981400783e-02
3.3933634870e-02 4.5046482980e-01 2.2874877478e-02
3.1038360205e-02 4.6110469351e-01 2.1386376893e-02
2.9183462262e-02 4.9358620246e-01 2.1233659703e-02
2.9183462262e-02 4.9358620246e-01 2.1233659703e-02
3.0183248688e-02 4.8084213833e-01 2.1549398545e-02
3.0066488155e-02 4.6866656591e-01 1.9591846348e-02
3.0190386809e-02 4.8943505933e-01 2.2453474812e-02
3.0021538182e-02 5.0932904830e-01 1.4877498616e-02
2.7721832196e-02 5.3818645577e-01 1.1844264421e-02
2.6796367640e-02 5.4273229589e-01 1.2011961080e-02
2.7936271237e-02 5.3472531835e-01 1.0760820471e-02
2.6463746559e-02 5.4765142500e-01 1.0418004822e-02
2.7645229207e-02 5.3553034117e-01 1.1023330813e-02
2.7624201030e-02 5.3825816760e-01 1.0485764981e-02
2.7835223824e-02 5.2845642716e-01 1.1864625073e-02
2.6265283426e-02 5.3391841302e-01 1.2750615599e-02
2.7294223042e-02 5.2658199767e-01 1.2294504714e-02
2.7294223042e-02 5.2658199767e-01 1.2294504714e-02
2.6734478772e-02 5.2571878086e-01 1.6403632394e-02
2.7600712764e-02 5.1087064544e-01 1.9204229737e-02
2.7600712764e-02 5.1087064544e-01 1.9204229737e-02
1.4859730300e-02 4.3093416095e-01 2.0630503539e-02
1.4689222289e-02 4.3566811581e-01 2.3368966145e-02
1.6568226274e-02 3.9553456257e-01 2.9328109852e-02
1.3446581938e-02 4.2489491403e-01 2.8711015359e-02
1.0427086925e-02 4.3046302100e-01 2.9501389867e-02
1.1475526417e-02 3.9373399566e-01 2.9217319718e-02
1.1624386922e-02 3.8334309310e-01 3.1020379315e-02
1.1624386922e-02 3.8334309310e-01 3.1020379315e-02
8.8284459586e-03 4.0156131734e-01 3.8339761396e-02
9.3491262135e-03 3.2683975250e-01 4.4902141516e-02
9.2514664090e-03 3.3199549963e-01 4.5660697545e-02
1.5482692902e-02 2.5386760756e-01 4.2874487427e-02
2.1590756873e-02 2.6309524477e-01 4.1614375698e-02
0.0000000000e+00 0.0000000000e+00 0.0000000000e+00
0.0000000000e+00 0.0000000000e+00 0.0000000000e+00
0.0000000000e+00 0.0000000000e+00 0.0000000000e+00
0.0000000000e+00 0.0000000000e+00 0.0000000000e+00
0.0000000000e+00 0.0000000000e+00 0.0000000000e+00
0.0000000000e+00 0.0000000000e+00 0.0000000000e+00
0.0000000000e+00 0.0000000000e+00 0.0000000000e+00
0.0000000000e+00 0.0000000000e+00 0.0000000000e+00
0.0000000000e+00 0.0000000000e+00 0.0000000000e+00
0.0000000000e+00 0.0000000000e+00 0.0000000000e+00
0.0000000000e+00 0.0000000000e+00 0.0000000000e+00
7.8784611251e-03 0.0000000000e+00 0.0000000000e+00
7.8784611251e-03 0.0000000000e+00 0.0000000000e+00
7.8792743637e-03 0.0000000000e+00 0.0000000000e+00
7.8792743637e-03 0.0000000000e+00 0.0000000000e+00
7.8851552874e-03 0.0000000000e+00 0.0000000000e+00
7.8790509045e-03 0.0000000000e+00 0.0000000000e+00
7.8794733757e-03 0.0000000000e+00 0.0000000000e+00
1.1327568257e-02 0.0000000000e+00 0.0000000000e+00
1.1392159989e-02 0.0000000000e+00 0.0000000000e+00
1.1392159989e-02 0.0000000000e+00 0.0000000000e+00
1.0876169972e-02 0.0000000000e+00 0.0000000000e+00
1.0877172928e-02 0.0000000000e+00 0.0000000000e+00
1.0877172928e-02 0.0000000000e+00 0.0000000000e+00
1.0932922800e-02 0.0000000000e+00 0.0000000000e+00
1.0876064169e-02 0.0000000000e+00 0.0000000000e+00
1.3641045351e-02 0.0000000000e+00 0.0000000000e+00
1.3743940935e-02 0.0000000000e+00 0.0000000000e+00
1.3641387224e-02 0.0000000000e+00 0.0000000000e+00
1.3734149378e-02 0.0000000000e+00 0.0000000000e+00
1.3734149378e-02 0.0000000000e+00 0.0000000000e+00
1.3734149378e-02 0.0000000000e+00 0.0000000000e+00
1.3643446553e-02 0.0000000000e+00 0.0000000000e+00
1.2604072884e-02 0.0000000000e+00 0.0000000000e+00
1.2658876677e-02 0.0000000000e+00 0.0000000000e+00
1.2661754251e-02 0.0000000000e+00 0.0000000000e+00
1.2664395520e-02 0.0000000000e+00 0.0000000000e+00
1.2679218703e-02 0.0000000000e+00 0.0000000000e+00
1.3110547637e-02 0.0000000000e+00 0.0000000000e+00
1.3068102572e-02 0.0000000000e+00 0.0000000000e+00
1.3068102572e-02 0.0000000000e+00 0.0000000000e+00
1.2987610923e-02 0.0000000000e+00 0.0000000000e+00
1.3005900856e-02 0.0000000000e+00 0.0000000000e+00
1.3006775543e-02 0.0000000000e+00 0.0000000000e+00
1.3006775543e-02 0.0000000000e+00 0.0000000000e+00
1.3067659612e-02 0.0000000000e+00 0.0000000000e+00
1.2997022093e-02 0.0000000000e+00 0.0000000000e+00
1.2997314741e-02 0.0000000000e+00 0.0000000000e+00
1.3071500405e-02 0.0000000000e+00 0.0000000000e+00
1.3005702427e-02 0.0000000000e+00 0.0000000000e+00
1.2997181989e-02 0.0000000000e+00 0.0000000000e+00
1.2997559737e-02 0.0000000000e+00 0.0000000000e+00
1.3005281081e-02 0.0000000000e+00 0.0000000000e+00
1.2997328944e-02 0.0000000000e+00 0.0000000000e+00
1.3007050458e-02 0.0000000000e+00 0.0000000000e+00
1.3007707254e-02 0.0000000000e+00 0.0000000000e+00
1.3007707254e-02 0.0000000000e+00 0.0000000000e+00
1.2997177177e-02 0.0000000000e+00 0.0000000000e+00
1.3005746509e-02 0.0000000000e+00 0.0000000000e+00
1.2996699389e-02 0.0000000000e+00 0.0000000000e+00
1.2997331951e-02 0.0000000000e+00 0.0000000000e+00
1.3006735826e-02 0.0000000000e+00 0.0000000000e+00
1.3067490227e-02 0.0000000000e+00 0.0000000000e+00
2.0406536874e-02 0.0000000000e+00 0.0000000000e+00
2.0384068213e-02 0.0000000000e+00 0.0000000000e+00
2.0293762791e-02 0.0000000000e+00 0.0000000000e+00
2.0384060141e-02 0.0000000000e+00 0.0000000000e+00
2.0306950707e-02 0.0000000000e+00 0.0000000000e+00
2.0343673610e-02 0.0000000000e+00 0.0000000000e+00
2.0321771891e-02 0.0000000000e+00 0.0000000000e+00
2.0321771891e-02 0.0000000000e+00 0.0000000000e+00
2.0414576419e-02 0.0000000000e+00 0.0000000000e+00
3.1790320412e-02 0.0000000000e+00 0.0000000000e+00
3.1822406978e-02 0.0000000000e+00 0.0000000000e+00
3.1829427229e-02 0.0000000000e+00 0.0000000000e+00
3.1829427229e-02 0.0000000000e+00 0.0000000000e+00
3.1829621235e-02 0.0000000000e+00 0.0000000000e+00
3.1875822305e-02 0.0000000000e+00 0.0000000000e+00
3.1875822305e-02 0.0000000000e+00 0.0000000000e+00
3.7292385163e-02 0.0000000000e+00 0.0000000000e+00
3.7292385163e-02 0.0000000000e+00 0.0000000000e+00
3.6841072588e-02 0.0000000000e+00 0.0000000000e+00
3.7087923750e-02 0.0000000000e+00 0.0000000000e+00
3.8636211675e-02 0.0000000000e+00 0.0000000000e+00
3.8628987929e-02 0.0000000000e+00 0.0000000000e+00
3.8628987929e-02 0.0000000000e+00 0.0000000000e+00
3.8628987929e-02 0.0000000000e+00 0.0000000000e+00
3.8610874927e-02 0.0000000000e+00 0.0000000000e+00
3.8617688173e-02 0.0000000000e+00 0.0000000000e+00
3.8687705528e-02 0.0000000000e+00 0.0000000000e+00
3.8696968249e-02 0.0000000000e+00 0.0000000000e+00
3.8627054057e-02 0.0000000000e+00 0.0000000000e+00
3.8627054057e-02 0.0000000000e+00 0.0000000000e+00
3.8705843501e-02 0.0000000000e+00 0.0000000000e+00
1.7658350504e-02 0.0000000000e+00 0.0000000000e+00
1.7656848844e-02 0.0000000000e+00 0.0000000000e+00
1.7581750658e-02 0.0000000000e+00 0.0000000000e+00
1.7604844412e-02 0.0000000000e+00 0.0000000000e+00
1.7557630063e-02 0.0000000000e+00 0.0000000000e+00
1.7558318776e-02 0.0000000000e+00 0.0000000000e+00
1.7558318776e-02 0.0000000000e+00 0.0000000000e+00
1.7558318776e-02 0.0000000000e+00 0.0000000000e+00
1.7602127395e-02 0.0000000000e+00 0.0000000000e+00
1.7629466699e-02 0.0000000000e+00 0.0000000000e+00
1.7631837730e-02 0.0000000000e+00 0.0000000000e+00
1.7692240751e-02 0.0000000000e+00 0.0000000000e+00
1.7615046546e-02 0.0000000000e+00 0.0000000000e+00
1.7596735444e-02 0.0000000000e+00 0.0000000000e+00
1.7596735444e-02 0.0000000000e+00 0.0000000000e+00
1.7445778765e-02 0.0000000000e+00 0.0000000000e+00
1.7518413990e-02 0.0000000000e+00 0.0000000000e+00
1.7589238142e-02 0.0000000000e+00 0.0000000000e+00
1.7589208224e-02 0.0000000000e+00 0.0000000000e+00
1.7743170921e-02 0.0000000000e+00 0.0000000000e+00
1.7681784094e-02 0.0000000000e+00 0.0000000000e+00
1.7727679806e-02 0.0000000000e+00 0.0000000000e+00
1.7745366708e-02 0.0000000000e+00 0.0000000000e+00
1.7745307918e-02 0.0000000000e+00 0.0000000000e+00
1.7682381847e-02 0.0000000000e+00 0.0000000000e+00
1.7746548479e-02 0.0000000000e+00 0.0000000000e+00
1.7727330114e-02 0.0000000000e+00 0.0000000000e+00
1.7745029511e-02 0.0000000000e+00 0.0000000000e+00
1.7682025811e-02 0.0000000000e+00 0.0000000000e+00
1.3367001743e-02 0.0000000000e+00 0.0000000000e+00
1.3372087715e-02 0.0000000000e+00 0.0000000000e+00
1.3372087715e-02 0.0000000000e+00 0.0000000000e+00
1.3372087715e-02 0.0000000000e+00 0.0000000000e+00
1.0560500824e-02 0.0000000000e+00 0.0000000000e+00
1.0559761742e-02 0.0000000000e+00 0.0000000000e+00
1.0560557440e-02 0.0000000000e+00 0.0000000000e+00
1.0557213915e-02 0.0000000000e+00 0.0000000000e+00
1.0557213915e-02 0.0000000000e+00 0.0000000000e+00
9.9770037923e-03 6.0669706203e-02 1.5370008574e-03
1.2010115975e-02 1.0630223838e-01 1.6495668485e-03
1.2309515228e-02 6.5603389094e-02 9.1237869250e-04
1.5059417657e-02 5.2982407312e-02 2.3453710370e-04
1.3305512490e-02 4.4686418958e-02 8.0740413978e-04
1.4099064516e-02 4.8451121276e-02 4.2278738450e-04
1.5456390645e-02 7.8852305810e-02 2.1510763424e-03
1.1948213447e-02 7.8032040348e-02 1.6243381542e-03
1.1551311977e-02 9.7879009942e-02 2.9937455474e-04
1.2817637995e-02 8.4309170643e-02 8.5178585141e-04
1.4087062484e-02 9.7134370357e-02 1.9574694840e-03
1.2671483176e-02 4.1654181046e-02 5.7891582158e-04
9.6529475801e-03 2.2536350104e-02 5.7311091029e-03
1.0080313349e-02 5.4403153248e-02 9.8644975030e-04
1.0703483402e-02 1.9779756976e-02 9.1326726397e-04
1.0158303310e-02 3.2164993541e-02 3.3250735820e-05
9.2421598189e-03 2.6220422296e-03 3.0148395492e-02
9.5278539617e-03 1.0663727347e-03 3.0799859203e-02
8.9754187890e-03 1.2946308222e-03 3.2489886042e-02
9.4267217598e-03 7.6613711523e-04 3.9143235112e-02
9.6851944303e-03 1.6165874122e-02 6.4208361320e-02
9.6851944303e-03 1.6165874122e-02 6.4208361320e-02
2.4233886351e-02 4.2158098270e-02 1.3295213630e-01
1.1631706458e-02 1.4786051586e-01 9.6980481719e-02
1.0190951677e-02 7.7909057960e-02 1.4185633200e-01
1.7909387515e-02 8.9973722352e-03 1.7211180801e-01
1.5953254110e-02 6.6735963919e-03 5.7275105268e-02
1.8308625091e-02 3.2311675449e-02 1.0644560804e-01
2.7914896297e-02 1.3473411774e-01 9.7325896844e-02
1.7464808499e-02 1.5111212432e-01 8.8677910467e-02
2.6046778541e-02 7.6060033403e-02 5.6319853912e-02
1.5458646946e-04 2.0518280193e-01 2.1620167792e-01
0.0000000000e+00 3.8976764074e-02 4.3642303285e-02
9.5380619556e-04 4.4103521233e-02 3.2305283627e-02
7.4920200010e-04 1.2217981306e-01 5.7902285868e-03
1.5210643469e-03 1.6497956713e-01 7.4762298105e-02
1.8622070590e-03 1.8883919219e-01 2.5535412133e-01
1.1901814646e-02 7.7731905195e-02 2.3630839959e-01
1.7466369240e-02 2.2014029402e-02 3.4487528975e-01
6.2032872501e-02 2.0007012102e-02 3.0021006614e-01
1.5916006962e+00 0.0000000000e+00 0.0000000000e+00
1.5916006962e+00 0.0000000000e+00 0.0000000000e+00
1.4097420772e+00 0.0000000000e+00 0.0000000000e+00
1.5823061268e+00 0.0000000000e+00 0.0000000000e+00
1.4743040502e+00 0.0000000000e+00 0.0000000000e+00
1.7325887879e+00 0.0000000000e+00 0.0000000000e+00
4.8029172172e-01 0.0000000000e+00 0.0000000000e+00
2.0219103694e+00 0.0000000000e+00 0.0000000000e+00
1.9677412907e+00 0.0000000000e+00 0.0000000000e+00
1.9677412907e+00 0.0000000000e+00 0.0000000000e+00
2.2896727522e+00 0.0000000000e+00 0.0000000000e+00
2.4649288058e+00 0.0000000000e+00 0.0000000000e+00
2.4649288058e+00 0.0000000000e+00 0.0000000000e+00
2.4437449773e+00 0.0000000000e+00 0.0000000000e+00
2.4437449773e+00 0.0000000000e+00 0.0000000000e+00
2.4081436793e+00 0.0000000000e+00 0.0000000000e+00
3.9389127096e+00 0.0000000000e+00 0.0000000000e+00
4.0459259748e+00 0.0000000000e+00 0.0000000000e+00
4.0459259748e+00 0.0000000000e+00 0.0000000000e+00
3.7907253305e+00 0.0000000000e+00 0.0000000000e+00
3.8659075300e+00 0.0000000000e+00 0.0000000000e+00
3.8659075300e+00 0.0000000000e+00 0.0000000000e+00
3.7790625691e+00 0.0000000000e+00 0.0000000000e+00
3.7790625691e+00 0.0000000000e+00 0.0000000000e+00
3.7812898755e+00 0.0000000000e+00 0.0000000000e+00
3.7868598501e+00 0.0000000000e+00 0.0000000000e+00
4.2421953678e+00 0.0000000000e+00 0.0000000000e+00
4.2403263648e+00 0.0000000000e+00 0.0000000000e+00
4.2489117781e+00 0.0000000000e+00 0.0000000000e+00
4.2353412708e+00 0.0000000000e+00 0.0000000000e+00
4.2353412708e+00 0.0000000000e+00 0.0000000000e+00
4.2440660000e+00 0.0000000000e+00 0.0000000000e+00
4.4186079899e+00 0.0000000000e+00 0.0000000000e+00
4.4162028631e+00 0.0000000000e+00 0.0000000000e+00
4.4393799702e+00 0.0000000000e+00 0.0000000000e+00
4.4256123702e+00 0.0000000000e+00 0.0000000000e+00
4.4229312738e+00 0.0000000000e+00 0.0000000000e+00
4.4229312738e+00 0.0000000000e+00 0.0000000000e+00
5.4522882303e+00 0.0000000000e+00 0.0000000000e+00
5.4543219010e+00 0.0000000000e+00 0.0000000000e+00
5.4171124299e+00 0.0000000000e+00 0.0000000000e+00
5.4379027685e+00 0.0000000000e+00 0.0000000000e+00
5.5995675325e+00 0.0000000000e+00 0.0000000000e+00
5.4405030409e+00 0.0000000000e+00 0.0000000000e+00
5.4405030409e+00 0.0000000000e+00 0.0000000000e+00
5.4253412882e+00 0.0000000000e+00 0.0000000000e+00
5.4063708385e+00 0.0000000000e+00 0.0000000000e+00
5.4350094000e+00 0.0000000000e+00 0.0000000000e+00
4.8739236593e+00 0.0000000000e+00 0.0000000000e+00
4.8926006556e+00 0.0000000000e+00 0.0000000000e+00
4.8259729147e+00 0.0000000000e+00 0.0000000000e+00
4.9798392852e+00 0.0000000000e+00 0.0000000000e+00
4.5012161334e+00 0.0000000000e+00 0.0000000000e+00
4.7828782002e+00 0.0000000000e+00 0.0000000000e+00
4.7757476171e+00 0.0000000000e+00 0.0000000000e+00
4.7705855370e+00 0.0000000000e+00 0.0000000000e+00
4.7626610200e+00 0.0000000000e+00 0.0000000000e+00
4.7698975801e+00 0.0000000000e+00 0.0000000000e+00
4.7698975801e+00 0.0000000000e+00 0.0000000000e+00
4.7765782277e+00 0.0000000000e+00 0.0000000000e+00
4.7695289850e+00 0.0000000000e+00 0.0000000000e+00
4.7687144677e+00 0.0000000000e+00 0.0000000000e+00
4.7731884321e+00 0.0000000000e+00 0.0000000000e+00
4.7814915180e+00 0.0000000000e+00 0.0000000000e+00
4.7749757369e+00 0.0000000000e+00 0.0000000000e+00
3.5873340567e+00 0.0000000000e+00 0.0000000000e+00
3.5873340567e+00 0.0000000000e+00 0.0000000000e+00
2.7351257205e+00 0.0000000000e+00 0.0000000000e+00
2.7354554137e+00 0.0000000000e+00 0.0000000000e+00
2.7354554137e+00 0.0000000000e+00 0.0000000000e+00
2.7870579561e+00 0.0000000000e+00 0.0000000000e+00
2.7802813848e+00 0.0000000000e+00 0.0000000000e+00
2.7348698576e+00 0.0000000000e+00 0.0000000000e+00
2.7127051155e+00 0.0000000000e+00 0.0000000000e+00
2.7127051155e+00 0.0000000000e+00 0.0000000000e+00
2.8323401411e+00 0.0000000000e+00 0.0000000000e+00
2.8047792117e+00 0.0000000000e+00 0.0000000000e+00
2.7367698948e+00 0.0000000000e+00 0.0000000000e+00
2.7367698948e+00 0.0000000000e+00 0.0000000000e+00
2.7337449789e+00 0.0000000000e+00 0.0000000000e+00
2.7385337750e+00 0.0000000000e+00 0.0000000000e+00
2.7258237799e+00 0.0000000000e+00 0.0000000000e+00
2.8533350229e+00 0.0000000000e+00 0.0000000000e+00
2.8570914467e+00 0.0000000000e+00 0.0000000000e+00
2.8425401449e+00 0.0000000000e+00 0.0000000000e+00
2.8842197259e+00 0.0000000000e+00 0.0000000000e+00
2.8742598097e+00 0.0000000000e+00 0.0000000000e+00
2.9045562545e+00 0.0000000000e+00 0.0000000000e+00
2.3430810968e+00 0.0000000000e+00 0.0000000000e+00
2.3626713951e+00 0.0000000000e+00 0.0000000000e+00
2.5340697169e+00 0.0000000000e+00 0.0000000000e+00
1.9253156334e-01 3.6578508466e-01 2.3417803304e-02
2.0162463188e-01 3.4805099418e-01 2.7473071590e-02
5.6481109560e-01 2.3097650955e-01 3.6622014207e-02
3.5810429106e-01 2.7257909874e-01 3.0870041189e-02
5.6504525741e-01 1.9925923645e-01 2.9060454263e-02
6.4464602868e-01 1.3613246816e-01 3.0685786624e-02
6.4464602868e-01 1.3613246816e-01 3.0685786624e-02
6.5311980744e-01 1.6790220390e-01 5.4654272273e-02
0.0000000000e+00 1.1640563918e-01 3.9668439390e-05
2.0014159381e+00 0.0000000000e+00 0.0000000000e+00
5.3774673740e-01 2.5100014483e-01 8.1425803170e-03
1.0173943341e+00 1.4060412844e-01 7.9057397185e-04
1.3762764574e-03 3.1839255740e-01 2.2363467239e-03
1.3762764574e-03 3.1839255740e-01 2.2363467239e-03
9.7576135397e-01 1.3522213387e-01 6.0026149731e-03
7.3909327885e-01 0.0000000000e+00 0.0000000000e+00
6.3509612965e-02 4.4179183741e-01 1.9630831977e-02
1.9407387575e+00 0.0000000000e+00 0.0000000000e+00
7.5872635345e-01 2.1729093418e-01 2.4698930890e-03
1.4902552366e+00 0.0000000000e+00 0.0000000000e+00
1.4902552366e+00 0.0000000000e+00 0.0000000000e+00
7.1024583280e-01 2.8870384147e-01 2.5315688302e-03
2.9181899627e-01 0.0000000000e+00 0.0000000000e+00
6.9404804707e-01 2.3423277463e-01 1.2969144882e-03
9.6638582647e-01 2.5451868897e-01 4.2354844433e-03
2.4045191457e-01 3.4083692978e-01 1.2153855137e-02
6.0707017283e-01 6.3659319965e-02 2.1961458891e-03
0.0000000000e+00 5.5519578358e-01 2.8283117184e-02
1.7306924860e+00 0.0000000000e+00 0.0000000000e+00
3.5452618574e-02 2.1927026163e-01 4.9246785153e-03
0.0000000000e+00 3.1331627071e-01 4.8580068784e-02
0.0000000000e+00 0.0000000000e+00 0.0000000000e+00
0.0000000000e+00 5.2374595404e-01 1.5728988607e-02
0.0000000000e+00 3.9850306263e-01 5.2185084050e-02
0.0000000000e+00 4.7963252912e-01 5.0279232052e-02
0.0000000000e+00 2.6431547850e-01 9.8271418096e-06
0.0000000000e+00 5.0189018498e-01 4.1684441268e-02
4.1633348167e-01 3.5204202930e-01 1.5204801561e-04
4.1633348167e-01 3.5204202930e-01 1.5204801561e-04
0.0000000000e+00 1.2226503342e-01 1.5249260515e-01
0.0000000000e+00 2.9404624924e-01 6.4582398472e-02
8.5003008445e-01 9.4654288143e-02 5.3201504440e-03
8.0370984040e-02 1.1693277396e-01 5.5630612187e-02
2.0222080871e-01 9.1504359618e-02 4.6045591434e-02
2.7461595678e-02 1.8304667498e-01 7.6425628116e-03
2.3092868427e-02 5.9194070287e-02 3.4200710264e-03
2.1327633644e-02 6.6157556760e-02 2.7280557551e-03
6.7775731285e-01 2.4658472463e-01 5.7506380941e-05
7.2921221952e-01 2.3097208018e-01 8.3814220361e-06
7.2921221952e-01 2.3097208018e-01 8.3814220361e-06
0.0000000000e+00 5.0897909453e-01 4.0207155770e-04
0.0000000000e+00 0.0000000000e+00 0.0000000000e+00
0.0000000000e+00 5.2240173022e-01 1.0356665438e-03
0.0000000000e+00 0.0000000000e+00 0.0000000000e+00
0.0000000000e+00 0.0000000000e+00 0.0000000000e+00
1.3957807141e-05 8.9604304731e-01 4.7640292905e-02
1.5239590236e-02 1.1281462610e+00 4.1407482155e-03
0.0000000000e+00 2.4829393356e-09 0.0000000000e+00
1.5658705612e-05 5.6855876155e-08 0.0000000000e+00
0.0000000000e+00 1.1255584459e+00 4.4454559878e-03
4.2203666642e-02 1.0624644309e+00 1.0075991595e-03
3.6396606204e-02 1.1111929119e+00 2.6267190503e-03
2.8250348444e-02 1.1118291914e+00 3.1154442695e-03
2.3265467491e-02 0.0000000000e+00 0.0000000000e+00
2.9351451745e-02 0.0000000000e+00 0.0000000000e+00
2.9351451745e-02 0.0000000000e+00 0.0000000000e+00
1.8921533367e-02 0.0000000000e+00 0.0000000000e+00
3.0176881080e-02 0.0000000000e+00 0.0000000000e+00
3.2347032490e-02 0.0000000000e+00 0.0000000000e+00
1.8836897798e-02 0.0000000000e+00 0.0000000000e+00
2.8990609261e-02 0.0000000000e+00 0.0000000000e+00
1.1652672586e-02 0.0000000000e+00 0.0000000000e+00
1.1652672586e-02 0.0000000000e+00 0.0000000000e+00
1.1171565158e-02 0.0000000000e+00 0.0000000000e+00
1.1430380478e-02 0.0000000000e+00 0.0000000000e+00
0.0000000000e+00 0.0000000000e+00 0.0000000000e+00
3.3305159149e-02 0.0000000000e+00 0.0000000000e+00
3.6044152609e-02 0.0000000000e+00 0.0000000000e+00
0.0000000000e+00 0.0000000000e+00 0.0000000000e+00
3.2555909827e-02 0.0000000000e+00 0.0000000000e+00
4.4414105825e-02 0.0000000000e+00 0.0000000000e+00
3.6369440146e-02 0.0000000000e+00 0.0000000000e+00
4.3277177649e-02 0.0000000000e+00 0.0000000000e+00
3.7154406309e-02 0.0000000000e+00 0.0000000000e+00
7.9392786448e-02 0.0000000000e+00 0.0000000000e+00
2.0334756390e-02 0.0000000000e+00 0.0000000000e+00
3.3970771357e-02 0.0000000000e+00 0.0000000000e+00
2.5111961489e-02 0.0000000000e+00 0.0000000000e+00
3.9958640312e-02 0.0000000000e+00 0.0000000000e+00
2.7292658109e-02 0.0000000000e+00 0.0000000000e+00
3.3159409184e-02 0.0000000000e+00 0.0000000000e+00
3.3159409184e-02 0.0000000000e+00 0.0000000000e+00
3.3202731361e-02 0.0000000000e+00 0.0000000000e+00
3.5669873469e-02 0.0000000000e+00 0.0000000000e+00
3.3917054224e-02 0.0000000000e+00 0.0000000000e+00
3.8827709233e-02 0.0000000000e+00 0.0000000000e+00
0.0000000000e+00 0.0000000000e+00 0.0000000000e+00
8.0527370796e-02 0.0000000000e+00 0.0000000000e+00
4.3813752321e-02 0.0000000000e+00 0.0000000000e+00
6.4266222840e-02 0.0000000000e+00 0.0000000000e+00
4.8408900077e-02 0.0000000000e+00 0.0000000000e+00
6.8137339006e-02 0.0000000000e+00 0.0000000000e+00
1.2453971493e-01 0.0000000000e+00 0.0000000000e+00
6.6076721686e-02 0.0000000000e+00 0.0000000000e+00
1.3524411432e-01 0.0000000000e+00 0.0000000000e+00
5.6142192334e-02 0.0000000000e+00 0.0000000000e+00
5.0476188771e-02 0.0000000000e+00 0.0000000000e+00
5.8540338961e-02 0.0000000000e+00 0.0000000000e+00
5.8540338961e-02 0.0000000000e+00 0.0000000000e+00
1.4317816248e-01 0.0000000000e+00 0.0000000000e+00
7.6842979838e-02 0.0000000000e+00 0.0000000000e+00
5.6930963881e-02 0.0000000000e+00 0.0000000000e+00
1.1235332924e-01 0.0000000000e+00 0.0000000000e+00
4.5658377931e-02 0.0000000000e+00 0.0000000000e+00
4.4536071209e-02 0.0000000000e+00 0.0000000000e+00
6.3341511413e-02 0.0000000000e+00 0.0000000000e+00
4.5682127587e-02 0.0000000000e+00 0.0000000000e+00
0.0000000000e+00 7.4657521528e-07 0.0000000000e+00
0.0000000000e+00 0.0000000000e+00 0.0000000000e+00
0.0000000000e+00 0.0000000000e+00 0.0000000000e+00
0.0000000000e+00 2.4415927366e-06 0.0000000000e+00
0.0000000000e+00 5.6767233142e-06 0.0000000000e+00
0.0000000000e+00 4.9369387322e-06 0.0000000000e+00
9.9320069809e-03 0.0000000000e+00 0.0000000000e+00
0.0000000000e+00 0.0000000000e+00 0.0000000000e+00
0.0000000000e+00 0.0000000000e+00 0.0000000000e+00
1.3395269149e-02 0.0000000000e+00 0.0000000000e+00
2.5411035617e-01 0.0000000000e+00 0.0000000000e+00
0.0000000000e+00 0.0000000000e+00 0.0000000000e+00
0.0000000000e+00 0.0000000000e+00 0.0000000000e+00
0.0000000000e+00 0.0000000000e+00 0.0000000000e+00
0.0000000000e+00 0.0000000000e+00 0.0000000000e+00
1.3866068562e-02 0.0000000000e+00 0.0000000000e+00
6.5205931605e-06 0.0000000000e+00 0.0000000000e+00
6.5205931605e-06 0.0000000000e+00 0.0000000000e+00
2.4509291475e-01 0.0000000000e+00 0.0000000000e+00
5.4302249259e-02 0.0000000000e+00 0.0000000000e+00
9.4094551168e-02 0.0000000000e+00 0.0000000000e+00
2.2081832731e-02 0.0000000000e+00 0.0000000000e+00
8.7322242558e-02 0.0000000000e+00 0.0000000000e+00
1.9205614241e-01 0.0000000000e+00 0.0000000000e+00
1.6674448550e-01 0.0000000000e+00 0.0000000000e+00
7.5509491687e-02 0.0000000000e+00 0.0000000000e+00
1.0429204636e-02 0.0000000000e+00 0.0000000000e+00
2.3123503228e-01 0.0000000000e+00 0.0000000000e+00
1.7919991724e-01 0.0000000000e+00 0.0000000000e+00
5.5338089044e-02 0.0000000000e+00 0.0000000000e+00
0.0000000000e+00 0.0000000000e+00 0.0000000000e+00
0.0000000000e+00 0.0000000000e+00 0.0000000000e+00
3.5123365621e-01 0.0000000000e+00 0.0000000000e+00
0.0000000000e+00 0.0000000000e+00 0.0000000000e+00
0.0000000000e+00 0.0000000000e+00 0.0000000000e+00
8.7087291831e-06 0.0000000000e+00 0.0000000000e+00
8.9857403888e-08 0.0000000000e+00 0.0000000000e+00
3.4637928366e-06 0.0000000000e+00 0.0000000000e+00
0.0000000000e+00 0.0000000000e+00 0.0000000000e+00
1.1527256357e-01 0.0000000000e+00 0.0000000000e+00
4.7833622992e-01 0.0000000000e+00 0.0000000000e+00
4.7833622992e-01 0.0000000000e+00 0.0000000000e+00
4.6966932962e-01 0.0000000000e+00 0.0000000000e+00
4.6966932962e-01 0.0000000000e+00 0.0000000000e+00
1.0779369026e+00 0.0000000000e+00 0.0000000000e+00
1.3051436444e+00 0.0000000000e+00 0.0000000000e+00
5.5358296571e-02 0.0000000000e+00 0.0000000000e+00
1.0127654970e+00 0.0000000000e+00 0.0000000000e+00
1.5517181257e+00 0.0000000000e+00 0.0000000000e+00
0.0000000000e+00 0.0000000000e+00 0.0000000000e+00
0.0000000000e+00 0.0000000000e+00 0.0000000000e+00
1.3206980129e+00 0.0000000000e+00 0.0000000000e+00
8.5357130071e-01 0.0000000000e+00 0.0000000000e+00
1.6437508166e+00 0.0000000000e+00 0.0000000000e+00
1.4852918486e+00 0.0000000000e+00 0.0000000000e+00
1.9699717561e+00 0.0000000000e+00 0.0000000000e+00
1.9948875407e+00 0.0000000000e+00 0.0000000000e+00
2.1028294067e+00 0.0000000000e+00 0.0000000000e+00
2.1028294067e+00 0.0000000000e+00 0.0000000000e+00
2.0994252264e+00 0.0000000000e+00 0.0000000000e+00
2.0994252264e+00 0.0000000000e+00 0.0000000000e+00
2.0994252264e+00 0.0000000000e+00 0.0000000000e+00
2.1584691604e+00 0.0000000000e+00 0.0000000000e+00
2.1283261379e+00 0.0000000000e+00 0.0000000000e+00
2.1538829307e+00 0.0000000000e+00 0.0000000000e+00
2.1531499028e+00 0.0000000000e+00 0.0000000000e+00
1.9516371985e+00 0.0000000000e+00 0.0000000000e+00
1.9158244232e+00 0.0000000000e+00 0.0000000000e+00
1.9158244232e+00 0.0000000000e+00 0.0000000000e+00
1.8622021278e+00 0.0000000000e+00 0.0000000000e+00
1.5389093657e+00 0.0000000000e+00 0.0000000000e+00
1.5300106108e+00 0.0000000000e+00 0.0000000000e+00
1.5867112875e+00 0.0000000000e+00 0.0000000000e+00
1.5867112875e+00 0.0000000000e+00 0.0000000000e+00
1.6112306019e+00 0.0000000000e+00 0.0000000000e+00
1.6112306019e+00 0.0000000000e+00 0.0000000000e+00
1.6043605109e+00 0.0000000000e+00 0.0000000000e+00
1.5425432026e+00 0.0000000000e+00 0.0000000000e+00
1.5435105066e+00 0.0000000000e+00 0.0000000000e+00
1.5390728017e+00 0.0000000000e+00 0.0000000000e+00
1.5515941978e+00 0.0000000000e+00 0.0000000000e+00
1.5382433931e+00 0.0000000000e+00 0.0000000000e+00
1.5382433931e+00 0.0000000000e+00 0.0000000000e+00
5.5597857386e-01 2.0169947421e-01 4.6038731246e-05
3.0199286683e-02 4.6963454224e-03 1.1083565031e-01
6.1530164381e-01 2.5074190522e-01 3.8621401046e-06
1.6809610611e-02 1.8086365657e-02 1.2725824428e-01
6.3877591491e-01 2.6142277072e-01 1.4024033665e-05
5.1088581731e-01 3.0425086369e-01 1.7720193985e-05
2.1026601860e-02 6.5709823289e-06 1.8158492073e-01
1.6846577831e-02 9.1063604729e-03 1.6772263125e-01
1.8469358406e-02 5.1029146526e-06 1.5032180523e-01
1.6650953951e-02 1.8377295442e-05 1.5218263802e-01
1.6650953951e-02 1.8377295442e-05 1.5218263802e-01
2.3033856802e-02 5.4692725027e-06 9.3639143432e-02
1.3849579341e-02 5.7168998950e-03 5.2270932744e-02
4.6006637936e-02 1.5112982287e-02 6.5320455780e-02
1.5007869030e-02 0.0000000000e+00 6.5523313979e-02
4.7852508103e-02 5.9398871599e-06 4.6952461203e-02
1.4829539616e-02 2.5607235254e-06 5.3538791835e-02
1.4280624921e-02 5.8451537980e-08 1.0595357418e-01
1.1202439879e-02 1.9850077804e-08 3.9961043435e-02
1.1202439879e-02 1.9850077804e-08 3.9961043435e-02
8.9761222868e-03 1.2167628699e-02 8.8191745492e-02
7.1468792545e-03 3.3691206417e-08 1.4051943272e-01
7.9200040976e-03 5.2310586418e-10 1.4558419089e-01
1.0567385024e-02 1.2877015602e-07 7.3101226551e-02
2.8155357266e-02 4.9981799255e-10 1.3047752716e-01
1.4869462078e-02 1.7853495626e-09 9.5909242829e-02
2.6524707015e-03 3.1359387065e-01 8.7783748362e-03
1.5614724796e-02 2.2567739089e-01 3.0423389903e-02
4.9753463827e-05 3.6507792026e-01 3.3927256552e-02
1.8360669337e-02 5.7667499284e-01 1.7577267097e-02
1.4420730730e-05 1.6769731604e-01 3.5151462692e-02
7.3274406701e-03 8.4833353447e-02 2.7780714367e-02
7.3274406701e-03 8.4833353447e-02 2.7780714367e-02
1.6038137139e-02 8.2444807825e-02 2.6681176697e-02
1.0280680959e-02 8.1121513930e-02 4.1016782634e-02
1.0352014021e-02 7.1386106002e-02 4.1045265583e-02
8.5663798576e-03 2.3238479967e-01 6.0028191035e-02
1.1417040640e-02 1.8297181899e-01 4.9621310085e-02
5.3769095296e-03 3.2471071308e-01 4.8154875015e-02
5.3769095296e-03 3.2471071308e-01 4.8154875015e-02
8.3963960254e-03 2.0516664783e-01 5.6245051014e-02
3.3723874949e-03 1.0906270519e-01 5.6893789520e-02
0.0000000000e+00 6.1908150247e-02 4.8376276779e-02
1.1949605784e-03 8.7383031535e-02 1.0200032902e-01
0.0000000000e+00 1.0783372385e-01 1.7300667365e-01
0.0000000000e+00 1.1558002792e-01 1.7659954106e-01
2.4306937897e-03 1.3455743281e-01 1.1980723155e-01
7.5968108528e-03 2.4496091281e-01 4.6081375952e-02
7.0959267517e-04 2.8894615670e-01 5.0058111083e-02
1.3213235604e-03 7.9060494900e-02 1.0978546428e-01
0.0000000000e+00 8.7405930584e-02 1.7061782504e-01
0.0000000000e+00 7.3316864980e-02 1.1713451085e-01
0.0000000000e+00 6.6881664718e-02 1.4013727009e-01
0.0000000000e+00 6.8608539489e-02 1.1647800977e-01
0.0000000000e+00 1.0636391553e-01 1.0924683263e-01
0.0000000000e+00 6.7910633050e-02 1.2734169823e-01
0.0000000000e+00 6.8118643947e-02 5.7410466330e-02
2.7892226020e-05 9.2594510255e-02 6.1794508093e-02
0.0000000000e+00 6.9725606280e-02 2.9558442999e-02
1.1174750903e-12 6.2738443414e-02 3.2695660678e-02
0.0000000000e+00 7.1494758750e-02 6.9113591375e-02
3.9644355591e-07 5.7906922884e-02 1.6298311452e-02
3.9644355591e-07 5.7906922884e-02 1.6298311452e-02
3.9644355591e-07 5.7906922884e-02 1.6298311452e-02
3.2758364531e-06 5.7104655852e-02 3.8847852343e-02
0.0000000000e+00 5.1895189720e-02 3.4275114381e-02
0.0000000000e+00 8.3312183308e-02 9.9569180049e-02
6.0939008411e-06 1.3760415278e-01 5.4056481458e-02
9.3718646094e-03 9.8972989867e-02 1.1661649713e-01
0.0000000000e+00 7.1437020476e-02 7.8486020677e-02
1.9116026901e-06 9.0401727085e-02 2.1690002953e-02
5.6312470775e-07 1.0715934572e-01 5.5287312095e-02
0.0000000000e+00 8.4697696380e-02 5.7283072112e-02
9.0658129678e-04 1.0512239952e-01 2.8147006563e-02
1.4404641812e-05 8.3620725510e-02 5.0114846788e-02
2.3319158815e-04 8.3582094560e-02 2.1164786381e-02
3.6270592526e-06 6.7068528694e-02 5.4179303659e-02
8.7158008682e-05 9.5774111028e-02 5.8910428857e-02
2.8070897436e-04 8.2279281070e-02 4.2767205741e-02
2.8070897436e-04 8.2279281070e-02 4.2767205741e-02
2.8070897436e-04 8.2279281070e-02 4.2767205741e-02
0.0000000000e+00 8.6846121276e-02 9.6584582080e-02
1.7455057696e-08 3.2556165631e-02 2.7192075892e-02
1.7455057696e-08 3.2556165631e-02 2.7192075892e-02
5.2743194677e-06 3.1638013199e-02 4.5287454035e-02
0.0000000000e+00 4.5888725513e-02 7.8658700300e-02
0.0000000000e+00 4.7687641811e-02 8.3920466093e-02
0.0000000000e+00 3.6212590989e-02 6.7908971881e-02
0.0000000000e+00 3.0369404703e-02 4.1307957222e-02
0.0000000000e+00 1.6784655648e-02 5.9673751860e-02
4.7663803571e-08 3.2397000895e-02 5.1451339852e-02
4.7663803571e-08 3.2397000895e-02 5.1451339852e-02
1.7292764036e-08 5.1351431447e-02 1.9964342859e-02
2.8424990243e-07 1.7541004597e-02 3.2008652886e-02
0.0000000000e+00 4.6215029744e-02 6.6434575245e-02
0.0000000000e+00 4.6215029744e-02 6.6434575245e-02
1.0150181212e-03 3.4345609446e-02 5.4312883566e-02
1.0150181212e-03 3.4345609446e-02 5.4312883566e-02
1.0150181212e-03 3.4345609446e-02 5.4312883566e-02
1.0182148229e-03 3.6793317025e-02 6.5423303284e-02
1.0029728607e-03 3.0259332697e-02 5.4642938698e-02
9.5923406722e-04 3.7400282454e-02 7.1404494345e-02
8.9027868186e-04 3.7176987777e-02 2.3344314502e-02
3.1962099494e-05 4.5968278311e-02 1.5934421060e-02
0.0000000000e+00 4.6565915613e-02 6.9318527356e-02
0.0000000000e+00 4.1033614116e-02 7.8856044759e-02
2.2768995071e-05 1.7616915206e-02 6.0803648550e-02
0.0000000000e+00 4.0111334063e-02 4.8282188053e-02
1.3417223675e-09 3.5100004170e-02 1.8334864949e-02
0.0000000000e+00 4.4648112264e-02 1.3114874686e-01
0.0000000000e+00 4.2692159303e-02 4.4888718364e-02
0.0000000000e+00 4.2692159303e-02 4.4888718364e-02
0.0000000000e+00 5.5037732857e-02 3.6860147957e-02
0.0000000000e+00 3.8355865361e-02 4.7815903711e-02
9.3039354154e-03 2.1171281037e-02 1.8397781687e-02
1.3523794245e-02 2.0713864205e-02 7.2893972819e-02
1.1252481568e-02 1.7212088375e-02 7.2802129822e-02
5.1192919879e-03 2.0049875835e-02 7.4962294971e-02
3.7709166160e-04 5.8266282702e-02 5.4512212053e-02
1.3438749787e-03 9.3447931732e-02 5.5405412645e-02
5.3574801132e-04 8.5428003222e-02 6.3726300995e-02
1.6841255516e-03 3.9978663748e-02 8.8589485114e-02
1.9359064366e-03 3.6407780368e-02 1.9692387742e-01
2.3468109794e-04 7.2510324729e-02 7.3903807439e-02
3.6095064570e-04 1.3732324316e-02 2.7448798530e-02
1.0501806828e-03 1.4934474952e-02 2.3730724243e-01
7.2457995460e-04 1.2449256455e-02 1.1747785999e-02
1.3176832545e-04 2.0223086312e-02 2.0627035263e-01
6.6696077799e-04 1.4050648819e-02 1.3416973067e-01
2.6616855636e-04 1.8399276150e-02 6.7971835223e-02
3.6621174028e-04 1.5860564619e-02 2.1866196270e-01
8.6294992070e-04 1.4633935954e-02 1.5301290962e-01
1.3362741175e-02 1.7847978355e-02 1.3361424518e-01
5.3058088136e-03 1.8386230571e-02 1.8996377848e-01
2.3475723768e-03 1.5746754439e-02 1.8084741011e-01
2.0733945784e-06 1.2562693330e-02 1.8377298986e-01
5.0591024466e-06 1.7355077667e-02 1.8624020120e-01
3.9003753918e-03 1.5481302515e-02 1.5588418643e-01
1.6924343678e-05 1.6216082343e-02 2.4772787467e-01
6.1037349903e-03 1.3851258671e-02 1.7145968787e-01
3.7116870129e-03 4.8012575135e-03 4.6645909703e-02
3.8645826862e-04 4.6113760715e-03 7.8702350458e-02
4.1456941835e-04 8.1339194827e-03 6.5204549581e-02
7.7463706257e-03 7.0833211260e-03 1.7154263721e-02
5.9927488910e-03 1.2801579588e-02 1.3436808639e-02
5.1942053639e-03 1.3699892249e-02 1.5945131037e-02
3.2122932074e-04 1.4041651196e-02 6.7804799415e-02
5.1596518606e-03 1.3687261846e-02 9.1204384652e-02
5.2449549548e-03 1.1254840763e-02 9.4643109866e-03
5.4190302035e-03 1.2183421330e-02 1.1416510213e-02
5.8915371774e-03 1.1861055042e-02 3.8983185620e-02
6.1177968358e-03 1.6266822970e-02 1.6376686034e-01
5.8951045309e-03 1.0971760688e-02 3.2496032616e-02
1.5218439997e-03 1.5171220293e-02 8.7209584191e-02
3.4550886145e-04 1.0460635182e-02 3.5716063964e-02
2.8346582379e-04 1.5386680296e-02 9.9590117112e-02
1.8191924270e-04 1.2082639810e-02 4.9158362361e-02
1.8259645731e-04 1.5188530553e-02 7.8916945184e-02
2.3273801465e-04 1.5258642922e-02 1.6371234320e-01
2.4794758186e-04 1.3015010200e-02 1.0211894289e-01
1.9381208404e-04 1.5506291296e-02 1.6837159482e-01
0.0000000000e+00 9.3355204444e-03 6.7826961167e-02
1.9528155099e-03 1.1274385150e-02 5.9107469395e-02
2.5147153259e-03 1.3339492454e-02 1.1843527667e-01
2.5033678976e-03 1.2084080488e-02 1.1678471416e-01
2.5033678976e-03 1.2084080488e-02 1.1678471416e-01
0.0000000000e+00 1.1334446919e-02 5.0495855014e-01
0.0000000000e+00 1.1169898712e-02 3.9310042808e-01
5.7375702697e-04 1.0267853155e-02 4.5045910527e-01
0.0000000000e+00 9.3296796937e-03 1.6976315652e-01
0.0000000000e+00 9.7397488231e-03 1.8259092793e-01
0.0000000000e+00 9.5222980405e-03 3.1041025960e-02
0.0000000000e+00 1.0025219099e-02 1.6887170821e-01
0.0000000000e+00 9.4741361681e-03 1.3879388943e-01
0.0000000000e+00 5.3952073055e-06 1.7085766994e-06
0.0000000000e+00 5.4040073489e-06 1.6884166219e-06
0.0000000000e+00 5.3048058059e-06 1.5210576407e-06
0.0000000000e+00 7.5095639431e-06 1.4885186476e-07
0.0000000000e+00 7.6436978134e-06 7.6388826524e-08
0.0000000000e+00 7.6911214819e-06 0.0000000000e+00
0.0000000000e+00 7.7286528040e-06 0.0000000000e+00
0.0000000000e+00 0.0000000000e+00 0.0000000000e+00
0.0000000000e+00 0.0000000000e+00 0.0000000000e+00
6.8542672731e-05 0.0000000000e+00 0.0000000000e+00
6.8542623315e-05 0.0000000000e+00 0.0000000000e+00
8.9298571121e-06 9.5202256925e-03 4.7519375881e-02
8.9298571121e-06 9.5202256925e-03 4.7519375881e-02
0.0000000000e+00 0.0000000000e+00 0.0000000000e+00
0.0000000000e+00 5.2456608242e-08 6.4989054358e-12
3.9779188422e-02 1.2703020175e+00 2.7647671800e-05
9.5776988814e-02 9.1884417832e-01 2.6688631200e-05
6.3482944543e-02 8.3731343846e-01 5.1359501384e-05
5.6217661748e-02 7.1012858053e-01 5.1042440039e-05
1.0671309133e-01 9.2507643998e-01 4.8373711470e-05
9.3847350528e-02 9.2912217975e-01 4.8381664290e-05
1.0639902204e-01 9.2044752836e-01 4.8392079246e-05
9.9997971207e-02 9.7774686416e-01 5.1469036123e-05
3.0860670066e-02 1.0863219996e+00 5.0698244792e-05
2.9683626257e-02 1.0997421990e+00 5.0700097323e-05
3.2700347404e-02 1.0755256812e+00 5.0736488243e-05
3.3012956070e-02 1.0470284720e+00 5.0772361874e-05
3.0767711500e-02 1.0153207779e+00 5.0723280097e-05
3.0767711500e-02 1.0153207779e+00 5.0723280097e-05
3.1957452806e-02 1.0399775455e+00 4.8096430921e-05
2.7737977138e-02 9.9460011224e-01 5.0770876480e-05
3.6718143461e-02 1.0480797638e+00 5.0712502078e-05
4.2058069259e-02 1.0567256610e+00 4.8808982039e-05
3.2186038171e-02 1.1184308976e+00 3.8796363597e-05
4.4130175064e-02 1.0739762833e+00 3.9489852374e-05
4.7985304457e-02 1.0172656725e+00 4.3755660277e-05
4.1291406999e-02 1.0155939013e+00 5.0813286795e-05
4.3837023589e-02 1.0820579380e+00 3.9597107730e-05
4.1038135067e-02 1.0672955712e+00 4.0489230538e-05
3.4951879953e-02 1.0860015899e+00 3.8163271517e-05
3.9141268469e-02 1.0762466391e+00 5.8003907763e-05
4.0972180044e-02 9.9030344685e-01 6.9259194438e-05
2.8597067421e-02 1.0019482970e+00 6.4600354771e-05
2.8404748222e-02 9.9144448837e-01 6.9071743117e-05
2.8970997781e-02 9.9727039039e-01 5.2163470627e-05
2.8970997781e-02 9.9727039039e-01 5.2163470627e-05
1.0598899610e-08 9.6241811415e-01 7.2695614440e-05
5.6228484387e-07 1.1171282729e+00 6.9094130633e-05
1.0790261626e-06 1.0929768632e+00 6.9122786698e-05
1.0790261626e-06 1.0929768632e+00 6.9122786698e-05
1.0790261626e-06 1.0929768632e+00 6.9122786698e-05
9.1740694567e-07 1.1171966145e+00 6.8390272020e-05
1.4821797376e-02 1.0885582666e+00 6.2322875777e-05
2.0302502056e-06 1.1307918082e+00 7.2695477722e-05
4.3915362843e-07 1.1720012526e+00 7.2789228417e-05
4.3915362843e-07 1.1720012526e+00 7.2789228417e-05
4.3347324555e-02 1.1271888912e+00 6.0816926890e-05
3.7252717031e-02 1.0936440577e+00 5.3351589505e-05
3.7252717031e-02 1.0936440577e+00 5.3351589505e-05
2.6493724125e-02 1.0816698670e+00 8.1503257945e-05
1.3778130679e-02 1.1358032574e+00 7.2904258237e-05
8.9701575926e-03 1.1293301831e+00 7.2591626282e-05
2.2218693824e-02 1.1070884317e+00 7.4974350734e-05
1.7045806162e-02 1.1067014635e+00 6.4881818787e-05
1.7045806162e-02 1.1067014635e+00 6.4881818787e-05
1.7045806162e-02 1.1067014635e+00 6.4881818787e-05
2.9628726188e-02 1.1939195693e+00 6.7778933271e-05
3.4876798900e-02 1.2439193030e+00 4.3140352255e-05
3.4761516067e-02 1.2673657636e+00 5.0551345974e-05
1.5345578936e-02 1.1819260021e+00 6.3132852309e-05
2.0684927236e-02 1.1938236157e+00 5.7899246334e-05
2.8570066982e-02 1.1452754835e+00 1.2717346428e-02
1.7825813654e-02 1.1630800764e+00 8.3441645450e-03
1.4941174149e-02 1.1814226707e+00 5.3163258708e-03
2.4459728661e-02 1.2250253359e+00 4.4271338653e-03
9.6816190829e-03 1.3160917660e+00 6.7207198590e-03
1.3373057746e-02 1.3146406015e+00 6.7002465172e-03
2.5267440981e-02 1.2051117818e+00 6.3970861180e-03
2.1789243290e-02 1.2022332450e+00 7.7464106337e-03
2.5853136399e-02 1.1851260960e+00 4.1368974877e-03
2.0979677482e-02 1.1746530632e+00 8.7441665819e-03
3.4497601601e-02 1.1637589633e+00 6.3619373832e-03
1.6242157249e-07 1.2720851302e+00 2.3310547015e-03
1.4895543572e-03 1.2327317993e+00 3.8167583261e-04
3.6166500313e-08 1.2710591455e+00 8.1603885822e-04
5.0885348439e-07 1.2417920331e+00 2.9583310922e-03
1.3971483878e-02 1.2187418938e+00 1.4255316637e-03
6.5798143138e-04 1.2396372358e+00 6.2238838291e-03
3.8731095265e-04 1.2210524082e+00 4.3856084812e-03
1.4533704380e-03 1.2036995490e+00 3.4642015235e-03
7.8816302145e-05 1.2264159024e+00 7.0118107057e-03
6.2148883141e-05 1.1807414393e+00 4.2842157030e-03
7.0871772865e-03 1.2011999289e+00 1.5508029998e-03
2.1319083404e-02 1.3148217102e+00 1.7302925621e-02
1.3484876351e-03 1.2567532857e+00 1.7288786087e-03
2.7848162184e-04 1.1824446917e+00 1.7536596182e-03
1.5624680168e-02 1.0709628065e+00 1.1257259272e-04
2.6741745882e-02 1.0971969962e+00 1.7463732850e-04
1.9621930706e-02 1.0836814294e+00 1.6876904798e-04
2.2407803995e-02 1.0634140919e+00 1.8971307873e-04
1.2922392227e-02 8.3076583842e-01 4.4441531412e-02
7.2055342219e-03 8.8676867882e-01 4.2084407061e-02
5.7135973748e-06 8.4518687427e-01 5.2661987642e-02
4.7797519558e-03 8.4769029915e-01 2.6350892770e-02
1.6483363955e-05 7.9858977099e-01 1.2644832178e-02
1.1837793181e-05 8.4606145819e-01 1.8630302356e-02
1.0212070113e-05 8.5490936538e-01 3.0921884812e-02
6.1734175542e-03 8.5173042615e-01 3.8226453665e-03
0.0000000000e+00 5.3822410852e-01 1.1526738187e-03
0.0000000000e+00 4.9899140745e-01 4.5416131228e-03
0.0000000000e+00 5.4064374169e-01 3.4175832407e-03
0.0000000000e+00 6.0077830404e-01 6.6968662820e-04
0.0000000000e+00 5.4685915510e-01 3.2626814209e-03
0.0000000000e+00 4.3168560664e-01 5.1304104078e-03
0.0000000000e+00 6.0818366706e-01 1.9688391524e-03
0.0000000000e+00 5.9924118221e-01 2.9345266327e-03
0.0000000000e+00 6.3312013944e-01 2.9680319227e-03
0.0000000000e+00 5.3396213055e-01 1.9761934721e-02
0.0000000000e+00 7.0087847610e-02 1.5011538131e-02
0.0000000000e+00 7.0087847610e-02 1.5011538131e-02
0.0000000000e+00 1.5720639999e-01 1.3481287674e-02
0.0000000000e+00 1.4796999469e-01 1.1947084839e-02
0.0000000000e+00 7.2840815410e-02 1.9404423889e-02
0.0000000000e+00 1.4804368218e-01 1.9678188488e-02
0.0000000000e+00 1.2034799407e-01 1.8029766545e-02
0.0000000000e+00 1.3112972118e-01 1.6962959586e-02
0.0000000000e+00 9.3656336889e-02 2.5576637747e-02
0.0000000000e+00 8.0549370808e-02 1.5003275281e-02
0.0000000000e+00 1.1298803302e-01 1.6251723282e-02
0.0000000000e+00 8.7926170944e-02 1.5422024143e-02
0.0000000000e+00 1.8657959625e-01 1.5438201216e-02
0.0000000000e+00 1.8657959625e-01 1.5438201216e-02
0.0000000000e+00 5.3463042776e-01 6.0622926297e-03
0.0000000000e+00 9.2517676453e-01 4.5510843241e-03
0.0000000000e+00 7.2514333824e-01 4.1148338350e-03
0.0000000000e+00 8.1164183716e-01 6.1127341275e-03
0.0000000000e+00 8.1506253779e-01 6.3259457238e-04
4.4226595482e-07 9.1015715400e-01 7.4673857307e-04
4.0906690894e-07 9.2791696886e-01 6.4341938317e-04
4.2225140836e-07 9.6737585962e-01 7.0668539168e-04
4.4044944284e-07 9.1642465691e-01 4.6208885275e-04
4.1741823272e-07 9.5758589109e-01 8.1621550877e-04
4.9508853550e-07 9.6108064552e-01 9.0182757898e-04
4.2529131861e-07 9.0368772050e-01 1.1048989691e-03
4.6390489198e-07 9.4095315536e-01 5.9837566369e-04
1.4584999134e-09 2.9378656546e-01 5.0488939742e-03
3.9415826899e-09 3.9408381532e-01 5.6354131472e-03
1.1901978869e-02 9.3370627860e-01 5.9408042580e-04
0.0000000000e+00 9.2470678687e-01 0.0000000000e+00
1.1462889534e-02 8.9315017561e-01 7.3023103566e-04
1.2603753867e-02 8.7396127482e-01 8.2735182756e-04
9.0735377744e-03 8.5452212393e-01 7.3792244560e-04
7.9540940157e-03 9.3269318342e-01 3.4297677727e-04
7.9540940157e-03 9.3269318342e-01 3.4297677727e-04
1.0579071473e-02 9.0445920825e-01 1.5467237426e-04
1.1337306971e-02 8.9112471541e-01 6.3772693975e-03
1.2203227961e-02 8.9868047337e-01 7.4133345624e-03
1.2203227961e-02 8.9868047337e-01 7.4133345624e-03
3.5877983125e-03 9.3279657265e-01 5.7572722435e-03
3.3746055172e-03 9.0180234114e-01 8.5864225402e-03
2.6914009553e-03 7.9075303674e-01 9.5949063543e-03
2.6914009553e-03 7.9075303674e-01 9.5949063543e-03
2.6422260756e-03 7.8140500685e-01 1.1256589399e-02
2.7892135937e-03 7.9439257582e-01 1.2410583207e-02
2.6003771539e-03 8.0193925401e-01 1.1206761080e-02
1.6327316407e-03 8.0061574280e-01 2.4536727152e-02
2.7874625327e-03 8.1100082397e-01 2.4984298119e-02
3.9915529245e-04 8.1927269200e-01 3.3191937643e-02
2.6567345170e-04 7.2581955791e-01 5.2009806658e-02
3.9740548285e-04 7.6916827758e-01 4.4877838654e-02
7.3913402351e-05 5.9191566706e-01 4.6635165811e-02
7.9976699150e-05 5.6914127866e-01 5.2360390934e-02
1.4917002530e-04 6.1152365804e-01 3.8306275693e-02
3.8918587476e-04 5.8103625973e-01 5.5935016833e-02
3.8918587476e-04 5.8103625973e-01 5.5935016833e-02
4.0385065707e-04 5.4222629219e-01 4.1765590509e-02
4.3463197896e-04 5.6265480568e-01 8.0492241308e-02
5.4305890808e-04 6.0371324420e-01 5.4035429843e-02
1.0436178992e-01 0.0000000000e+00 0.0000000000e+00
9.6118363862e-02 0.0000000000e+00 0.0000000000e+00
9.7858738775e-02 0.0000000000e+00 0.0000000000e+00
9.1126642500e-02 0.0000000000e+00 0.0000000000e+00
1.0778327162e-01 0.0000000000e+00 0.0000000000e+00
1.0573452835e-01 0.0000000000e+00 0.0000000000e+00
1.0573452835e-01 0.0000000000e+00 0.0000000000e+00
1.0905291016e-01 0.0000000000e+00 0.0000000000e+00
1.0819010747e-01 0.0000000000e+00 0.0000000000e+00
7.9065463816e-02 0.0000000000e+00 0.0000000000e+00
7.9065463816e-02 0.0000000000e+00 0.0000000000e+00
9.2842813581e-02 0.0000000000e+00 0.0000000000e+00
8.2663138087e-02 0.0000000000e+00 0.0000000000e+00
1.0088119718e-01 0.0000000000e+00 0.0000000000e+00
8.4005349005e-02 0.0000000000e+00 0.0000000000e+00
1.0542887387e-01 0.0000000000e+00 0.0000000000e+00
6.7176995178e-02 0.0000000000e+00 0.0000000000e+00
9.3702849622e-02 0.0000000000e+00 0.0000000000e+00
8.2360177301e-02 0.0000000000e+00 0.0000000000e+00
7.0984372248e-02 0.0000000000e+00 0.0000000000e+00
8.1874284272e-02 0.0000000000e+00 0.0000000000e+00
8.5428573812e-02 0.0000000000e+00 0.0000000000e+00
8.5428573812e-02 0.0000000000e+00 0.0000000000e+00
8.5428573812e-02 0.0000000000e+00 0.0000000000e+00
9.9127061044e-02 0.0000000000e+00 0.0000000000e+00
4.6725587609e-02 0.0000000000e+00 0.0000000000e+00
4.4282572810e-02 0.0000000000e+00 0.0000000000e+00
4.4282572810e-02 0.0000000000e+00 0.0000000000e+00
4.4270055679e-02 0.0000000000e+00 0.0000000000e+00
4.4270055679e-02 0.0000000000e+00 0.0000000000e+00
4.2850372382e-02 0.0000000000e+00 0.0000000000e+00
5.6949229911e-02 0.0000000000e+00 0.0000000000e+00
5.8595498403e-02 0.0000000000e+00 0.0000000000e+00
6.1248660088e-02 0.0000000000e+00 0.0000000000e+00
4.3629480836e-02 0.0000000000e+00 0.0000000000e+00
5.0204632804e-02 0.0000000000e+00 0.0000000000e+00
5.1017858709e-02 0.0000000000e+00 0.0000000000e+00
5.3884558069e-02 0.0000000000e+00 0.0000000000e+00
5.3884558069e-02 0.0000000000e+00 0.0000000000e+00
5.0933955858e-02 0.0000000000e+00 0.0000000000e+00
1.9173559810e-02 0.0000000000e+00 0.0000000000e+00
5.5489675452e-02 0.0000000000e+00 0.0000000000e+00
3.4526732440e-02 0.0000000000e+00 0.0000000000e+00
3.0695060144e-01 0.0000000000e+00 0.0000000000e+00
3.0695060144e-01 0.0000000000e+00 0.0000000000e+00
3.2030778627e-01 0.0000000000e+00 0.0000000000e+00
3.2030778627e-01 0.0000000000e+00 0.0000000000e+00
3.0473498752e-01 0.0000000000e+00 0.0000000000e+00
3.8443463078e-02 0.0000000000e+00 0.0000000000e+00
7.4191413509e-02 0.0000000000e+00 0.0000000000e+00
7.9475468645e-02 0.0000000000e+00 0.0000000000e+00
5.9393776270e-02 0.0000000000e+00 0.0000000000e+00
3.4512458680e-02 0.0000000000e+00 0.0000000000e+00
6.6737687836e-02 0.0000000000e+00 0.0000000000e+00
2.4070948052e-02 0.0000000000e+00 0.0000000000e+00
2.4070948052e-02 0.0000000000e+00 0.0000000000e+00
4.9363580532e-02 0.0000000000e+00 0.0000000000e+00
3.0328541373e-02 0.0000000000e+00 0.0000000000e+00
5.7239729911e-02 0.0000000000e+00 0.0000000000e+00
2.1215631006e-02 0.0000000000e+00 0.0000000000e+00
2.1215631006e-02 0.0000000000e+00 0.0000000000e+00
3.3205186017e-02 0.0000000000e+00 0.0000000000e+00
2.7105516444e-02 0.0000000000e+00 0.0000000000e+00
1.0292826725e-02 0.0000000000e+00 0.0000000000e+00
3.4936774988e-02 0.0000000000e+00 0.0000000000e+00
1.8174365784e-02 0.0000000000e+00 0.0000000000e+00
6.0709158580e-02 0.0000000000e+00 0.0000000000e+00
8.3800250664e-02 0.0000000000e+00 0.0000000000e+00
1.2224541232e-01 0.0000000000e+00 0.0000000000e+00
5.3365142395e-02 0.0000000000e+00 0.0000000000e+00
1.2290205620e-01 0.0000000000e+00 0.0000000000e+00
1.6035045808e-01 0.0000000000e+00 0.0000000000e+00
1.3095521927e-01 0.0000000000e+00 0.0000000000e+00
1.5974995866e-01 0.0000000000e+00 0.0000000000e+00
1.9531784455e-01 0.0000000000e+00 0.0000000000e+00
2.0220840971e-01 0.0000000000e+00 0.0000000000e+00
1.2786769991e-01 0.0000000000e+00 0.0000000000e+00
1.2775673469e-01 0.0000000000e+00 0.0000000000e+00
1.2775673469e-01 0.0000000000e+00 0.0000000000e+00
1.5708723168e-01 0.0000000000e+00 0.0000000000e+00
1.5332636734e-01 0.0000000000e+00 0.0000000000e+00
1.5669716522e-01 0.0000000000e+00 0.0000000000e+00
1.5669716522e-01 0.0000000000e+00 0.0000000000e+00
1.5027178576e-01 0.0000000000e+00 0.0000000000e+00
1.5027178576e-01 0.0000000000e+00 0.0000000000e+00
1.4741260062e-01 0.0000000000e+00 0.0000000000e+00
1.5612990161e-01 0.0000000000e+00 0.0000000000e+00
1.5667069952e-01 0.0000000000e+00 0.0000000000e+00
1.5065698077e-01 0.0000000000e+00 0.0000000000e+00
1.5557263047e-01 0.0000000000e+00 0.0000000000e+00
8.6283578848e-02 0.0000000000e+00 0.0000000000e+00
7.3426686538e-02 0.0000000000e+00 0.0000000000e+00
7.3426686538e-02 0.0000000000e+00 0.0000000000e+00
7.2619130524e-02 0.0000000000e+00 0.0000000000e+00
7.0831108838e-02 0.0000000000e+00 0.0000000000e+00
4.7035169788e-02 0.0000000000e+00 0.0000000000e+00
4.6975395332e-02 0.0000000000e+00 0.0000000000e+00
4.6965218460e-02 0.0000000000e+00 0.0000000000e+00
4.6928540803e-02 0.0000000000e+00 0.0000000000e+00
4.6928540803e-02 0.0000000000e+00 0.0000000000e+00
4.6928540803e-02 0.0000000000e+00 0.0000000000e+00
6.7221901690e-02 0.0000000000e+00 0.0000000000e+00
6.7182420443e-02 0.0000000000e+00 0.0000000000e+00
6.8668398696e-02 0.0000000000e+00 0.0000000000e+00
6.8400639109e-02 0.0000000000e+00 0.0000000000e+00
6.7527459624e-02 0.0000000000e+00 0.0000000000e+00
6.7527459624e-02 0.0000000000e+00 0.0000000000e+00
7.0347539149e-02 0.0000000000e+00 0.0000000000e+00
7.0347539149e-02 0.0000000000e+00 0.0000000000e+00
7.0347539149e-02 0.0000000000e+00 0.0000000000e+00
1.2648467918e+00 0.0000000000e+00 0.0000000000e+00
1.3034882049e+00 0.0000000000e+00 0.0000000000e+00
1.3321022987e+00 0.0000000000e+00 0.0000000000e+00
4.6521235506e-01 0.0000000000e+00 0.0000000000e+00
4.5404247691e-01 0.0000000000e+00 0.0000000000e+00
6.2169699868e-01 0.0000000000e+00 0.0000000000e+00
6.2169699868e-01 0.0000000000e+00 0.0000000000e+00
5.9617508948e-01 0.0000000000e+00 0.0000000000e+00
5.9544631342e-01 0.0000000000e+00 0.0000000000e+00
6.0383507609e-01 0.0000000000e+00 0.0000000000e+00
6.0383507609e-01 0.0000000000e+00 0.0000000000e+00
6.0383507609e-01 0.0000000000e+00 0.0000000000e+00
5.9492766360e-01 0.0000000000e+00 0.0000000000e+00
6.1077685654e-01 0.0000000000e+00 0.0000000000e+00
6.8641903003e-01 0.0000000000e+00 0.0000000000e+00
6.7707350353e-01 0.0000000000e+00 0.0000000000e+00
6.7707350353e-01 0.0000000000e+00 0.0000000000e+00
6.8910647929e-01 0.0000000000e+00 0.0000000000e+00
6.8044842780e-01 0.0000000000e+00 0.0000000000e+00
6.8454249700e-01 0.0000000000e+00 0.0000000000e+00
6.8279272815e-01 0.0000000000e+00 0.0000000000e+00
6.7762467265e-01 0.0000000000e+00 0.0000000000e+00
6.7762467265e-01 0.0000000000e+00 0.0000000000e+00
7.3238891363e-01 0.0000000000e+00 0.0000000000e+00
2.4119933248e+00 0.0000000000e+00 0.0000000000e+00
2.2952051759e+00 0.0000000000e+00 0.0000000000e+00
2.2952051759e+00 0.0000000000e+00 0.0000000000e+00
2.7535027067e+00 0.0000000000e+00 0.0000000000e+00
2.5026413004e+00 0.0000000000e+00 0.0000000000e+00
2.5032565594e+00 0.0000000000e+00 0.0000000000e+00
2.5032565594e+00 0.0000000000e+00 0.0000000000e+00
2.5032565594e+00 0.0000000000e+00 0.0000000000e+00
2.5032565594e+00 0.0000000000e+00 0.0000000000e+00
2.5486125946e+00 0.0000000000e+00 0.0000000000e+00
2.5985522469e+00 0.0000000000e+00 0.0000000000e+00
2.5437043309e+00 0.0000000000e+00 0.0000000000e+00
2.4980039199e+00 0.0000000000e+00 0.0000000000e+00
2.6220880747e+00 0.0000000000e+00 0.0000000000e+00
2.5212401946e+00 0.0000000000e+00 0.0000000000e+00
2.5212401946e+00 0.0000000000e+00 0.0000000000e+00
2.5863548319e+00 0.0000000000e+00 0.0000000000e+00
2.4775680502e+00 0.0000000000e+00 0.0000000000e+00
2.5413595637e+00 0.0000000000e+00 0.0000000000e+00
2.5566774607e+00 0.0000000000e+00 0.0000000000e+00
2.5724151731e+00 0.0000000000e+00 0.0000000000e+00
2.5677083333e+00 0.0000000000e+00 0.0000000000e+00
2.5262742837e+00 0.0000000000e+00 0.0000000000e+00
2.5302218397e+00 0.0000000000e+00 0.0000000000e+00
2.5377680461e+00 0.0000000000e+00 0.0000000000e+00
2.5614257455e+00 0.0000000000e+00 0.0000000000e+00
2.1311539610e+00 0.0000000000e+00 0.0000000000e+00
2.0402275398e-01 5.4331944945e-02 2.7672120370e-02
1.1024780447e-01 4.0540665699e-02 1.5767743113e-02
1.2202190798e-03 0.0000000000e+00 0.0000000000e+00
6.1854276670e-03 0.0000000000e+00 0.0000000000e+00
6.1854276670e-03 0.0000000000e+00 0.0000000000e+00
5.2417866633e-03 0.0000000000e+00 0.0000000000e+00
4.7665215873e-03 0.0000000000e+00 0.0000000000e+00
4.7665215873e-03 0.0000000000e+00 0.0000000000e+00
4.7665215873e-03 0.0000000000e+00 0.0000000000e+00
5.2693772304e-03 0.0000000000e+00 0.0000000000e+00
5.2497627282e-03 0.0000000000e+00 0.0000000000e+00
5.1378401210e-03 0.0000000000e+00 0.0000000000e+00
5.8062196670e-03 0.0000000000e+00 0.0000000000e+00
5.7583513553e-03 0.0000000000e+00 0.0000000000e+00
1.1388061025e-02 0.0000000000e+00 0.0000000000e+00
1.1388061025e-02 0.0000000000e+00 0.0000000000e+00
8.2314820588e-01 0.0000000000e+00 0.0000000000e+00
8.1028480828e-01 0.0000000000e+00 0.0000000000e+00
9.2049858967e-01 0.0000000000e+00 0.0000000000e+00
8.7191425264e-01 0.0000000000e+00 0.0000000000e+00
8.5536588728e-01 0.0000000000e+00 0.0000000000e+00
8.5536588728e-01 0.0000000000e+00 0.0000000000e+00
8.8685670992e-01 0.0000000000e+00 0.0000000000e+00
7.4616036316e-01 0.0000000000e+00 0.0000000000e+00
7.7052647869e-01 0.0000000000e+00 0.0000000000e+00
8.3534621199e-01 0.0000000000e+00 0.0000000000e+00
7.9479429622e-01 0.0000000000e+00 0.0000000000e+00
7.7248981098e-01 0.0000000000e+00 0.0000000000e+00
7.6760789752e-01 0.0000000000e+00 0.0000000000e+00
8.6590638260e-01 0.0000000000e+00 0.0000000000e+00
8.9415238301e-01 0.0000000000e+00 0.0000000000e+00
8.3151199917e-01 0.0000000000e+00 0.0000000000e+00
7.4192631741e-01 0.0000000000e+00 0.0000000000e+00
7.3803674678e-01 0.0000000000e+00 0.0000000000e+00
7.8002083798e-01 0.0000000000e+00 0.0000000000e+00
7.9295571148e-01 0.0000000000e+00 0.0000000000e+00
8.0083065232e-01 0.0000000000e+00 0.0000000000e+00
8.1613847613e-01 0.0000000000e+00 0.0000000000e+00
7.1908929944e-01 0.0000000000e+00 0.0000000000e+00
7.8741241495e-01 0.0000000000e+00 0.0000000000e+00
7.5819389025e-01 0.0000000000e+00 0.0000000000e+00
7.9630419115e-01 0.0000000000e+00 0.0000000000e+00
8.5506587227e-01 0.0000000000e+00 0.0000000000e+00
9.3036097785e-01 0.0000000000e+00 0.0000000000e+00
9.0305353701e-01 0.0000000000e+00 0.0000000000e+00
9.0137510995e-01 0.0000000000e+00 0.0000000000e+00
9.4633735220e-01 0.0000000000e+00 0.0000000000e+00
5.6331937760e-01 0.0000000000e+00 0.0000000000e+00
5.8094000568e-01 0.0000000000e+00 0.0000000000e+00
5.4865807792e-01 0.0000000000e+00 0.0000000000e+00
5.3959356993e-01 0.0000000000e+00 0.0000000000e+00
5.3959356993e-01 0.0000000000e+00 0.0000000000e+00
5.3959356993e-01 0.0000000000e+00 0.0000000000e+00
1.7645133970e-02 1.7497089226e-02 9.0563618578e-02
1.1920291620e-02 4.2341587134e-02 7.9570378177e-02
1.5639172091e-02 2.1452672159e-02 8.6977134459e-02
1.2212101913e-02 3.8433849035e-02 8.3104465157e-02
8.8922683693e-03 3.4716794423e-02 7.5943671477e-02
5.6016035960e-03 4.1245423568e-02 6.9843375745e-02
1.0395895069e-02 2.3215719654e-02 8.0081321610e-02
1.1835976193e-02 3.4321014148e-02 8.3199602552e-02
6.1950540015e-03 2.5920560739e-02 8.0705599859e-02
8.6132308158e-03 7.1753876284e-02 7.7766122296e-02
8.7974273677e-03 4.5615426265e-02 7.5516893218e-02
6.4002864916e-03 3.3399406520e-02 7.1552862103e-02
5.3554573872e-03 1.3437481349e-01 3.3542212409e-02
2.8588326143e-03 8.8967233896e-02 3.3459647714e-02
9.3737278755e-02 1.6645763814e-01 2.8029954930e-01
1.1997481808e-01 1.2645553052e-01 3.6018075546e-01
1.1738071591e-01 1.1012789172e-01 3.5466672977e-01
7.8152147180e-03 2.5947584880e-02 7.2010108270e-02
4.3877947222e-03 5.7040425638e-02 3.9812319602e-02
3.7573882340e-03 5.0540586623e-02 3.7891394459e-02
3.2463733223e-03 1.0371581651e-02 3.9249569643e-02
2.1196077117e-03 1.2196344075e-01 3.3541605187e-02
2.1196077117e-03 1.2196344075e-01 3.3541605187e-02
1.1145427862e-02 2.0191820482e-02 1.3018067243e-01
1.7285902116e-03 9.1053511947e-02 4.0322542811e-02
4.7219229164e-03 8.2221793942e-02 2.5561459207e-02
1.2285645058e-01 1.7198427642e-01 3.3617677291e-01
3.2310436751e-03 3.2581608898e-02 3.0056454241e-02
3.2310436751e-03 3.2581608898e-02 3.0056454241e-02
2.0154694483e-02 2.0802750941e-02 2.1650889112e-02
5.7430873935e-02 4.0204839160e-02 2.7035639699e-02
5.7430873935e-02 4.0204839160e-02 2.7035639699e-02
7.5466977432e-02 5.0690890600e-02 1.1492783204e-01
7.7981612335e-02 7.3642043397e-02 9.1992398103e-02
8.2914647957e-02 3.0752105794e-02 9.3113585686e-02
1.1973610520e-01 4.1249035237e-02 1.5732392172e-01
1.1973610520e-01 4.1249035237e-02 1.5732392172e-01
1.1865013465e-01 3.6390424396e-02 1.2808818743e-01
1.1865013465e-01 3.6390424396e-02 1.2808818743e-01
1.2711724887e-01 3.8518839050e-02 7.6278779345e-02
1.3195847534e-01 3.6962174810e-02 9.0163235553e-02
1.1414359448e-01 4.1970494203e-02 6.6595291719e-02
1.7484624187e-01 3.3778780295e-02 9.3344330477e-02
8.7025921792e-02 9.8347489256e-03 4.5167938961e-02
1.5803662936e-01 1.6340344679e-02 6.9677699357e-02
1.6728826265e+00 2.1060914975e-03 1.9523353161e-02
1.0619404912e+00 3.1585465806e-02 6.9316587721e-02
7.6341771086e-01 3.3963697031e-02 2.3332263421e-02
1.1410375535e+00 3.4200229061e-02 5.0419220080e-02
1.7646745344e+00 1.9012063470e-03 2.9453793385e-02
1.7646745344e+00 1.9012063470e-03 2.9453793385e-02
1.7646745344e+00 1.9012063470e-03 2.9453793385e-02
1.9097780387e+00 2.3225123926e-03 5.2411165282e-03
1.8707132240e+00 2.6641886555e-03 5.0181639575e-03
1.3049565380e-01 9.9500963697e-03 2.5507751076e-02
1.3049565380e-01 9.9500963697e-03 2.5507751076e-02
1.2980295780e-01 1.6549537424e-02 3.4870501375e-02
1.5634617706e+00 2.0021759051e-02 1.4756268822e-02
2.1298812032e+00 1.5133299457e-03 4.2296781127e-04
1.2551243802e+00 3.3431142569e-02 1.6325588959e-02
1.3336381416e+00 3.0402657886e-02 1.1956655653e-02
1.3316279153e+00 3.0647565300e-02 1.2119834311e-02
1.6329649190e+00 1.8521882438e-02 8.4632004922e-03
1.3079433938e+00 2.8644204140e-02 1.1041871311e-02
1.4797825714e+00 2.2965646194e-02 9.4050812768e-03
2.2948776881e+00 2.2343909125e-03 1.0960740037e-03
1.4786337117e+00 2.1652179072e-02 9.6395693642e-03
2.1570883592e+00 1.6557280372e-03 3.2410282074e-04
2.1570883592e+00 1.6557280372e-03 3.2410282074e-04
2.2835241556e+00 3.5937203308e-03 5.4273729911e-03
2.2572504282e+00 1.1763688963e-03 8.5288776124e-04
2.3615429401e+00 1.5626177240e-03 1.2332380817e-03
2.1070684095e+00 1.0476158665e-03 1.7388455308e-04
2.0983789563e+00 1.0381843022e-03 2.1238203165e-04
1.3224052588e+00 1.8538992930e-03 2.6918223981e-04
1.3839802841e+00 1.4101224418e-03 2.1212962990e-04
1.3839802841e+00 1.4101224418e-03 2.1212962990e-04
1.3857798974e+00 1.4134748538e-03 1.8279430636e-04
1.3993967871e+00 1.3137609640e-03 2.0253291101e-04
1.3893825710e+00 1.3749482362e-03 1.8085319243e-04
1.3411422074e+00 1.6071907351e-03 1.7387117623e-04
1.3461051484e+00 1.5328684337e-03 1.7647633043e-04
1.3068316281e+00 2.5799212453e-03 2.0036460531e-04
1.3285519580e+00 1.7490414272e-03 1.4592208148e-04
1.2513557573e+00 1.8282596332e-03 1.6260040259e-04
1.2522923052e+00 1.8845619149e-03 4.7056117425e-04
1.2510179480e+00 1.9294617183e-03 2.4024372154e-04
1.2465991577e+00 7.7149504020e-03 2.5490397820e-04
1.2472737034e+00 7.7171205388e-03 2.5859531888e-04
1.2458775838e+00 8.1726326219e-03 2.5645344916e-04
1.2596778174e+00 4.1241600023e-03 2.9890867154e-04
1.2602310677e+00 3.4860713058e-03 3.0060120601e-04
1.2608353794e+00 3.4686688450e-03 2.9738468826e-04
1.2592160404e+00 3.4683286212e-03 3.0157916747e-04
1.2592160404e+00 3.4683286212e-03 3.0157916747e-04
1.2604770064e+00 3.4693097502e-03 3.0705432922e-04
1.2567081849e+00 5.7171429507e-03 3.0690538309e-04
1.2553254863e+00 5.6996511024e-03 3.0495145499e-04
1.2554141084e+00 5.7511292786e-03 3.0948490530e-04
1.2552189430e+00 5.7195483047e-03 2.1871884868e-04
1.2596627871e+00 5.7712212438e-03 1.4977128618e-04
1.2847152154e+00 5.7072648973e-03 1.5801891944e-04
1.3964278698e+00 5.5824132287e-03 1.6995451248e-04
1.3774539928e+00 4.8172678798e-03 1.3348963330e-04
1.3589190543e+00 4.8495242372e-03 1.3051993786e-04
1.3617781401e+00 4.9007885003e-03 1.3909813182e-04
1.3614001969e+00 4.9132047764e-03 1.4268507342e-04
1.3601419230e+00 4.5891843620e-03 1.3046681791e-04
1.3593076070e+00 4.9553814072e-03 1.3744093485e-04
1.1112064620e+00 6.1641463156e-03 1.4549761363e-04
1.1287007332e+00 6.2362698761e-03 1.3057849173e-04
1.0990946690e+00 6.1426253136e-03 1.3406741588e-04
1.2346702988e-05 4.8268602448e-08 3.4292070971e-03
2.3902460936e-09 0.0000000000e+00 9.6374153751e-05
1.1352278975e-01 1.0247823238e-09 0.0000000000e+00
1.1468815804e-01 0.0000000000e+00 0.0000000000e+00
2.4642828976e-05 7.5379898211e-06 2.9366753248e-04
5.6712032109e-01 4.4581030731e-06 0.0000000000e+00
1.1025972416e-01 0.0000000000e+00 0.0000000000e+00
1.0955737966e-01 0.0000000000e+00 0.0000000000e+00
9.9376568571e-02 0.0000000000e+00 0.0000000000e+00
1.1100740296e-01 0.0000000000e+00 0.0000000000e+00
1.0139935402e-01 0.0000000000e+00 0.0000000000e+00
1.0139935402e-01 0.0000000000e+00 0.0000000000e+00
1.2145643930e-01 0.0000000000e+00 0.0000000000e+00
1.3218086523e-01 0.0000000000e+00 0.0000000000e+00
3.9617505856e-02 0.0000000000e+00 0.0000000000e+00
4.0507065132e-02 0.0000000000e+00 0.0000000000e+00
4.9370665724e-02 0.0000000000e+00 0.0000000000e+00
6.5851310889e-02 0.0000000000e+00 0.0000000000e+00
6.2735573078e-02 0.0000000000e+00 0.0000000000e+00
5.5950501313e-02 0.0000000000e+00 0.0000000000e+00
4.9689208157e-02 0.0000000000e+00 0.0000000000e+00
7.8253404548e-02 0.0000000000e+00 0.0000000000e+00
7.1406595409e-02 0.0000000000e+00 0.0000000000e+00
5.2092947066e-02 0.0000000000e+00 0.0000000000e+00
3.4687054499e-02 0.0000000000e+00 0.0000000000e+00
3.5317244940e-02 0.0000000000e+00 0.0000000000e+00
3.1625709186e-02 0.0000000000e+00 0.0000000000e+00
3.2495343592e-02 0.0000000000e+00 0.0000000000e+00
3.2699904405e-02 0.0000000000e+00 0.0000000000e+00
3.0636160169e-02 0.0000000000e+00 0.0000000000e+00
3.1500925310e-02 0.0000000000e+00 0.0000000000e+00
3.1500925310e-02 0.0000000000e+00 0.0000000000e+00
5.3132551722e-02 0.0000000000e+00 0.0000000000e+00
3.9121270490e-02 0.0000000000e+00 0.0000000000e+00
3.7914821102e-02 0.0000000000e+00 0.0000000000e+00
0.0000000000e+00 3.9749712641e-06 0.0000000000e+00
0.0000000000e+00 3.9749712641e-06 0.0000000000e+00
0.0000000000e+00 3.8966307064e-06 3.9257028184e-10
0.0000000000e+00 2.8576572693e-06 0.0000000000e+00
0.0000000000e+00 1.9734540304e-04 1.5857243246e-05
3.9828890446e-05 2.1092029832e-02 2.0331604076e-03
4.2598066648e-04 3.0685285310e-04 0.0000000000e+00
7.2461804242e-05 7.6170603279e-04 0.0000000000e+00
1.8966615971e-04 1.9369783734e-02 1.5848658513e-03
0.0000000000e+00 1.2892541398e-02 1.8249654444e-02
1.2082889286e-04 1.4487636664e-02 3.9794505380e-03
2.0894661429e-04 2.7551648236e-04 6.2978436593e-05
2.6771967896e-04 7.8045301295e-04 8.1635447083e-03
9.2432074598e-04 1.4525815099e-06 4.4145162063e-10
1.6152275672e-05 2.1708926821e-04 0.0000000000e+00
1.4750846458e-04 1.1132145203e-03 4.3035491141e-06
5.6024958515e-05 1.3541056852e-02 2.5354018590e-02
1.0757311278e-05 1.3679266519e-02 4.2961139542e-02
7.2589254160e-05 1.4778835777e-02 1.5658256210e-02
7.2589254160e-05 1.4778835777e-02 1.5658256210e-02
7.2589254160e-05 1.4778835777e-02 1.5658256210e-02
5.3757388145e-02 0.0000000000e+00 0.0000000000e+00
5.6661853877e-02 0.0000000000e+00 0.0000000000e+00
3.1239508826e-04 1.9010169742e-02 2.7898466680e-02
5.4034295181e-02 0.0000000000e+00 0.0000000000e+00
5.4034295181e-02 0.0000000000e+00 0.0000000000e+00
5.5589077373e-02 0.0000000000e+00 0.0000000000e+00
7.3230095647e-05 2.0110999389e-02 1.4613372584e-02
3.5447521601e-02 0.0000000000e+00 0.0000000000e+00
2.2582158912e-02 0.0000000000e+00 0.0000000000e+00
1.4742596696e-02 0.0000000000e+00 0.0000000000e+00
1.4742596696e-02 0.0000000000e+00 0.0000000000e+00
1.5945799416e-02 0.0000000000e+00 0.0000000000e+00
3.4673414659e-02 0.0000000000e+00 0.0000000000e+00
1.4135915864e-02 0.0000000000e+00 0.0000000000e+00
1.7173920137e-02 0.0000000000e+00 0.0000000000e+00
1.9131520453e-02 0.0000000000e+00 0.0000000000e+00
1.0339239923e-02 0.0000000000e+00 0.0000000000e+00
1.5869215829e-02 0.0000000000e+00 0.0000000000e+00
2.3445733202e-02 0.0000000000e+00 0.0000000000e+00
3.6876045478e-02 0.0000000000e+00 0.0000000000e+00
2.6646936002e-02 0.0000000000e+00 0.0000000000e+00
3.2321139704e-02 0.0000000000e+00 0.0000000000e+00
5.4794901361e-02 0.0000000000e+00 0.0000000000e+00
1.8367145676e-02 0.0000000000e+00 0.0000000000e+00
1.9997292974e-02 0.0000000000e+00 0.0000000000e+00
2.5662036457e-02 0.0000000000e+00 0.0000000000e+00
2.7159662917e-02 0.0000000000e+00 0.0000000000e+00
2.7159662917e-02 0.0000000000e+00 0.0000000000e+00
2.4178604130e-02 0.0000000000e+00 0.0000000000e+00
8.6636231281e-03 0.0000000000e+00 6.0981195787e-11
8.6636231281e-03 0.0000000000e+00 6.0981195787e-11
1.0148698619e-02 0.0000000000e+00 5.5741063964e-11
3.7638432502e-02 0.0000000000e+00 0.0000000000e+00
4.9747379186e-02 0.0000000000e+00 0.0000000000e+00
9.9440755943e-02 0.0000000000e+00 0.0000000000e+00
7.6679176418e-03 0.0000000000e+00 5.9913049059e-11
8.2380681221e-03 0.0000000000e+00 5.7659402715e-11
3.5119678554e-04 6.2299113721e-02 7.2699265244e-03
2.7922896552e-03 0.0000000000e+00 1.0926085441e-10
2.9023764849e-03 2.1586998300e-09 0.0000000000e+00
1.8793347757e-02 0.0000000000e+00 6.4836655142e-11
2.0989097965e-02 0.0000000000e+00 1.2272939262e-10
2.1986876614e-02 0.0000000000e+00 1.2300735777e-10
1.2821598134e-02 0.0000000000e+00 1.2699355803e-10
1.3198484123e-02 0.0000000000e+00 1.1834460726e-10
1.7948945654e-03 2.1256276455e-06 6.1457493317e-08
2.3031281307e-03 0.0000000000e+00 0.0000000000e+00
1.6673431344e-02 0.0000000000e+00 0.0000000000e+00
6.9542109345e-02 0.0000000000e+00 0.0000000000e+00
6.9542109345e-02 0.0000000000e+00 0.0000000000e+00
7.0959926893e-02 0.0000000000e+00 0.0000000000e+00
7.0959926893e-02 0.0000000000e+00 0.0000000000e+00
6.9515021828e-02 0.0000000000e+00 0.0000000000e+00
6.9461081177e-02 0.0000000000e+00 0.0000000000e+00
6.9263818674e-02 0.0000000000e+00 0.0000000000e+00
6.9877425209e-02 0.0000000000e+00 0.0000000000e+00
7.0006991426e-02 0.0000000000e+00 0.0000000000e+00
7.0249796224e-02 0.0000000000e+00 0.0000000000e+00
6.9851474526e-02 0.0000000000e+00 0.0000000000e+00
6.9896510802e-02 0.0000000000e+00 0.0000000000e+00
6.9566888424e-02 0.0000000000e+00 0.0000000000e+00
7.2211609532e-02 0.0000000000e+00 0.0000000000e+00
9.9713463336e-02 8.1522506662e-03 8.8777873898e-03
1.3441354347e-01 7.8142710263e-03 2.6228305263e-02
1.3405539778e-01 6.3342195159e-03 2.6214038022e-02
1.3266479100e-01 3.3363416442e-03 2.5985132282e-02
1.3702264242e-01 8.7948537354e-03 2.7031658217e-02
1.2630448615e-01 1.7503252563e-02 2.7563512791e-02
1.3755436925e-01 9.1583423006e-03 2.7514518704e-02
1.1994340209e-01 1.8602377269e-02 2.2467381166e-02
4.9417349199e-02 4.1181778264e-03 2.2024575388e-02
1.2923653175e-01 2.3868964209e-02 2.1399868885e-02
1.0605246450e-01 4.0406352219e-02 2.1691895090e-02
1.0997345112e-01 3.9726234041e-02 2.1789947990e-02
1.2175142393e-01 1.8507954897e-02 2.1950748206e-02
2.9859260758e-04 1.5870885768e-02 2.8386857516e-02
3.2423264444e-04 2.3533331696e-02 1.7190828687e-02
6.0051446053e-04 1.2999627739e-02 3.9588258136e-02
4.5830707434e-04 1.1340672500e-02 2.9125527168e-02
4.3704084965e-04 1.1572633404e-02 2.7437431738e-02
4.5818844956e-04 7.9735145749e-03 3.7368979305e-02
4.6489257754e-04 3.4404764418e-02 2.8340948901e-02
6.7014165203e-04 4.4278846433e-02 2.7883836068e-02
5.1741653927e-04 3.3828770587e-02 2.9257612458e-02
4.5943180400e-04 3.3559421698e-02 2.8789529887e-02
2.2254295497e-04 2.7879993276e-02 2.0033686790e-02
4.1800051986e-04 5.0083665216e-03 4.6178857641e-03
2.2641913893e-04 7.0812020955e-03 1.4319513701e-02
4.3873699663e-04 4.5410557650e-02 3.4437129973e-02
2.8788783554e-04 2.5781247998e-02 1.9393794937e-02
2.4165590366e-04 4.6978560179e-03 1.3474909666e-02
2.4054512930e-04 3.5917497395e-03 1.3495850610e-02
1.7498390783e-04 6.0253221309e-03 1.3465282507e-02
1.7798338255e-04 8.1081478857e-03 1.3439195153e-02
1.7824509996e-04 2.9235315742e-03 1.3547615303e-02
1.8963636103e-04 1.5371017701e-02 1.3403769738e-02
1.7547181293e-04 3.2952871212e-03 1.3490935011e-02
1.8634965212e-04 6.2469771753e-03 1.3490384212e-02
1.8164668654e-04 7.1749764417e-03 1.3020154360e-02
1.8164668654e-04 7.1749764417e-03 1.3020154360e-02
1.8309683583e-04 6.2224166080e-03 1.3118314363e-02
1.8443409014e-04 6.8193439705e-03 1.3114598735e-02
2.2111569221e-04 9.2389672063e-03 1.3111198049e-02
1.8396873808e-04 6.2070108252e-03 1.3032844407e-02
3.3294649863e-04 7.5245785605e-03 1.3017844021e-02
3.2831842691e-04 2.3785213901e-03 1.3123555652e-02
3.2846536851e-04 2.3870421185e-03 1.3124935523e-02
0.0000000000e+00 1.3286344068e-03 7.0270157982e-03
0.0000000000e+00 2.5692238938e-02 1.9861620652e-03
0.0000000000e+00 3.3789271159e-03 7.0819974838e-03
0.0000000000e+00 0.0000000000e+00 1.8241559543e-03
3.8485843834e-04 0.0000000000e+00 0.0000000000e+00
0.0000000000e+00 9.0924562731e-03 1.3956596134e-04
0.0000000000e+00 9.8934433671e-05 2.7685825747e-05
0.0000000000e+00 3.7310710798e-02 6.5330063687e-05
0.0000000000e+00 4.4389327862e-04 6.1573671701e-05
0.0000000000e+00 0.0000000000e+00 0.0000000000e+00
0.0000000000e+00 4.6531724725e-07 8.7806283773e-05
0.0000000000e+00 0.0000000000e+00 1.8954408006e-04
2.2800533043e-04 0.0000000000e+00 5.3708493942e-03
0.0000000000e+00 0.0000000000e+00 5.4586992871e-03
0.0000000000e+00 0.0000000000e+00 5.4469395836e-03
0.0000000000e+00 0.0000000000e+00 3.4790166258e-05
0.0000000000e+00 0.0000000000e+00 5.2161903392e-03
0.0000000000e+00 0.0000000000e+00 5.2161903392e-03
0.0000000000e+00 0.0000000000e+00 5.1470476901e-03
0.0000000000e+00 0.0000000000e+00 4.8403782518e-03
0.0000000000e+00 0.0000000000e+00 4.6787234411e-03
0.0000000000e+00 0.0000000000e+00 6.1267713997e-03
1.7272997805e-04 0.0000000000e+00 7.5778855050e-03
1.7118039674e-04 0.0000000000e+00 7.5428274965e-03
1.4733627692e-04 0.0000000000e+00 7.6310421961e-03
1.3953486026e-04 0.0000000000e+00 7.5523463311e-03
1.4200871859e-04 0.0000000000e+00 7.5419108228e-03
1.4200871859e-04 0.0000000000e+00 7.5419108228e-03
3.5117899870e-05 0.0000000000e+00 7.6661324129e-03
1.6908908098e-04 0.0000000000e+00 7.4939316061e-03
2.5622297835e-04 0.0000000000e+00 7.5423290643e-03
1.1839622797e-04 4.7201478155e-03 8.2990083999e-03
0.0000000000e+00 0.0000000000e+00 7.5741191783e-03
0.0000000000e+00 0.0000000000e+00 7.5741191783e-03
8.6856785553e-05 0.0000000000e+00 7.5448053928e-03
8.8678254239e-05 0.0000000000e+00 7.6706989591e-03
9.5777841731e-05 2.2193436295e-04 4.3192228574e-03
1.4260076902e-04 0.0000000000e+00 1.2630818800e-02
8.9595367778e-05 0.0000000000e+00 2.3488685954e-02
8.4468154000e-05 8.1563319654e-08 1.9233877383e-02
9.0893646454e-05 1.3210653172e-02 2.4193078047e-02
5.6311727424e-05 0.0000000000e+00 1.9659863707e-02
4.7056883507e-05 2.8439768163e-03 1.7494943769e-02
4.7056883507e-05 2.8439768163e-03 1.7494943769e-02
5.1203018453e-05 5.2925870211e-03 2.6581353818e-02
6.1569218133e-05 1.1795968593e-02 3.5157733907e-02
6.1569218133e-05 1.1795968593e-02 3.5157733907e-02
5.4972186717e-05 0.0000000000e+00 9.5282242013e-03
5.5686835064e-05 2.0337079671e-03 1.9985559086e-02
5.5746101983e-05 1.6323313738e-02 3.6487230721e-02
5.8452511591e-05 5.8485536138e-03 1.8634014841e-02
4.6678908954e-05 5.0754964662e-03 9.6332296186e-03
4.6678908954e-05 5.0754964662e-03 9.6332296186e-03
5.6935982684e-05 3.5865503984e-03 1.1927195980e-02
5.7597363442e-05 3.6075196307e-03 1.5115136746e-02
4.8190175145e-05 5.5518007721e-03 1.5820763540e-02
5.7178365826e-05 3.5144730743e-03 1.0946620435e-03
4.4536167100e-05 3.6090901510e-03 2.2596506712e-02
4.3712282377e-05 3.1674682007e-03 2.2199648122e-02
5.5758434883e-05 4.6916806411e-03 1.5752062978e-02
6.1057335491e-05 4.0260814518e-03 9.2938668871e-03
5.2442331177e-05 9.2354417235e-03 1.6575694657e-03
4.9630746238e-05 7.4816523120e-03 9.0542338245e-03
5.7810241363e-05 5.9227905779e-03 1.5385328094e-02
5.6973882541e-05 5.1792911412e-06 1.5985442481e-02
5.1663336914e-05 2.6520917309e-03 1.4164885273e-02
5.5556600652e-05 3.5638900590e-03 8.8528568546e-03
5.2977593441e-05 3.2750751319e-03 2.5374974590e-02
5.2977593441e-05 3.2750751319e-03 2.5374974590e-02
4.8750983372e-05 4.6978166016e-03 1.4251937857e-02
5.2494919601e-05 5.6058339154e-04 5.7880912403e-03
5.3442079661e-05 5.8183498913e-03 3.5846470564e-03
5.6443272721e-05 3.4337586840e-03 2.6119247234e-02
5.6443272721e-05 3.4337586840e-03 2.6119247234e-02
4.7612609099e-05 3.2067300829e-03 1.7533440609e-02
5.8301635363e-05 3.4925039314e-03 1.5645727981e-02
5.6149693137e-05 3.0279714362e-03 2.8422388714e-02
5.4088735017e-05 3.1911703215e-03 6.1099432254e-03
4.9962238336e-05 3.0534609687e-03 1.9908369208e-02
4.9962238336e-05 3.0534609687e-03 1.9908369208e-02
5.5912037093e-05 2.8495348427e-03 3.3767504618e-02
5.6785123055e-05 2.8777482512e-03 4.4756953527e-03
5.6808152673e-05 2.0479658269e-03 8.8730405939e-03
5.6760535093e-05 3.3565907700e-03 1.6057795923e-02
5.4187444751e-05 3.1019564582e-03 1.0711065843e-02
5.4318317855e-05 4.0200524575e-03 1.2182999092e-02
5.4318317855e-05 4.0200524575e-03 1.2182999092e-02
5.3909105948e-05 2.5803102180e-03 3.0732059774e-03
5.3647703832e-05 2.1199080608e-03 1.6198188455e-02
2.3009334788e-03 1.4815034810e-02 4.0059481398e-03
1.8602325945e-03 6.6487794121e-02 5.4710597421e-03
2.8413743033e-03 6.8105565694e-02 1.4252509689e-02
3.4740601647e-03 5.4311813166e-02 1.4280066360e-02
2.1138868275e-03 5.1676019716e-02 5.0317205489e-02
2.0776518456e-03 9.6933462967e-02 6.1793861581e-05
1.6522351846e-03 1.0101513277e-02 4.2113031086e-03
2.0395108489e-03 1.1534099001e-02 1.6093040545e-02
2.0567255779e-03 9.5157127207e-02 2.1703607370e-03
2.0179346611e-03 1.0742461076e-02 1.5862125777e-03
2.1300801891e-03 1.3845391634e-01 2.5192277050e-03
2.2849607970e-03 1.3535570540e-01 2.6851991424e-03
1.9144393761e-03 1.0452098772e-01 7.4130916037e-03
2.0361413311e-03 2.2131327664e-01 4.4692844804e-03
2.0102060444e-03 2.5735689079e-01 2.7092753953e-05
2.0102060444e-03 2.5735689079e-01 2.7092753953e-05
3.8383546538e-03 2.5916380932e-01 5.6327510633e-06
3.7484511025e-03 2.8561137617e-01 1.6420160646e-04
4.0905087662e-03 2.6546499381e-01 1.6886052132e-05
4.3912261996e-03 2.3777488619e-01 2.1430421160e-03
4.9070163028e-03 2.2035350030e-01 2.3259515692e-03
4.6832445611e-03 2.2124239927e-01 4.9211084843e-05
4.6832445611e-03 2.2124239927e-01 4.9211084843e-05
4.4670508845e-03 2.3169222474e-01 2.2892559741e-06
4.3289721070e-03 8.5839421178e-02 1.7227609720e-03
4.4000891212e-03 1.7735139032e-01 2.4773979567e-04
4.6193801051e-03 9.2779477437e-02 9.1257436543e-04
4.2162785248e-03 1.1479299267e-01 6.3020810709e-06
4.5513102183e-03 5.9367322984e-02 3.2675095554e-06
4.7471583724e-03 6.7883254650e-02 1.4071824050e-06
4.7928572458e-03 5.5187242106e-02 1.2149874431e-03
4.5474779084e-03 8.9371072749e-02 2.0884885998e-07
4.6063959502e-03 5.2958236386e-02 1.3815877755e-03
4.8318348903e-03 5.0458896284e-02 7.9411870556e-04
4.8986397839e-03 0.0000000000e+00 0.0000000000e+00
4.8963932641e-03 0.0000000000e+00 0.0000000000e+00
4.8963932641e-03 0.0000000000e+00 0.0000000000e+00
4.8997280828e-03 0.0000000000e+00 0.0000000000e+00
4.8985726171e-03 0.0000000000e+00 0.0000000000e+00
4.8985726171e-03 0.0000000000e+00 0.0000000000e+00
4.8995023632e-03 0.0000000000e+00 0.0000000000e+00
4.8975924631e-03 0.0000000000e+00 0.0000000000e+00
4.8978134146e-03 0.0000000000e+00 0.0000000000e+00
4.8993505140e-03 0.0000000000e+00 0.0000000000e+00
4.8937269991e-03 0.0000000000e+00 0.0000000000e+00
4.8937269991e-03 0.0000000000e+00 0.0000000000e+00
4.7863276704e-03 0.0000000000e+00 0.0000000000e+00
4.7762665636e-03 0.0000000000e+00 0.0000000000e+00
4.7757353750e-03 0.0000000000e+00 0.0000000000e+00
4.7757353750e-03 0.0000000000e+00 0.0000000000e+00
4.7757353750e-03 0.0000000000e+00 0.0000000000e+00
4.7757304904e-03 0.0000000000e+00 0.0000000000e+00
4.7757318777e-03 0.0000000000e+00 0.0000000000e+00
4.7755009679e-03 0.0000000000e+00 0.0000000000e+00
4.7748650444e-03 0.0000000000e+00 0.0000000000e+00
4.4349132659e-03 0.0000000000e+00 0.0000000000e+00
1.8595390829e-01 0.0000000000e+00 0.0000000000e+00
1.8595390829e-01 0.0000000000e+00 0.0000000000e+00
2.6825001463e-01 0.0000000000e+00 0.0000000000e+00
1.9904182975e-01 0.0000000000e+00 0.0000000000e+00
1.9904182975e-01 0.0000000000e+00 0.0000000000e+00
1.7162725267e-01 0.0000000000e+00 0.0000000000e+00
9.8469037873e-02 0.0000000000e+00 0.0000000000e+00
9.8469037873e-02 0.0000000000e+00 0.0000000000e+00
1.0781754646e-01 0.0000000000e+00 0.0000000000e+00
1.0781754646e-01 0.0000000000e+00 0.0000000000e+00
1.9547222120e-01 0.0000000000e+00 0.0000000000e+00
1.9547222120e-01 0.0000000000e+00 0.0000000000e+00
1.4837946867e-01 0.0000000000e+00 0.0000000000e+00
2.7901530514e-01 0.0000000000e+00 0.0000000000e+00
2.7901530514e-01 0.0000000000e+00 0.0000000000e+00
1.4733047473e-01 0.0000000000e+00 0.0000000000e+00
1.6689604086e-01 0.0000000000e+00 0.0000000000e+00
1.4918025086e-01 0.0000000000e+00 0.0000000000e+00
1.5941892828e-02 1.6048823757e-06 0.0000000000e+00
4.2547185284e-02 7.3342493176e-01 1.0907976143e-01
2.7676899723e-03 7.6782397926e-01 1.5420788216e-01
6.4472303881e-03 6.8050093949e-01 1.6814042007e-01
2.3733654370e-01 4.8052151750e-01 6.2235162593e-02
1.0898151155e-05 0.0000000000e+00 0.0000000000e+00
1.3571454398e-05 0.0000000000e+00 0.0000000000e+00
1.3571454398e-05 0.0000000000e+00 0.0000000000e+00
1.5407148797e-03 0.0000000000e+00 0.0000000000e+00
1.6275833050e-01 0.0000000000e+00 0.0000000000e+00
2.0946960149e-05 0.0000000000e+00 0.0000000000e+00
2.5657354248e-05 0.0000000000e+00 0.0000000000e+00
2.6700480854e-05 0.0000000000e+00 0.0000000000e+00
1.5908788782e-05 0.0000000000e+00 0.0000000000e+00
1.8834940723e-05 0.0000000000e+00 0.0000000000e+00
1.8834940723e-05 0.0000000000e+00 0.0000000000e+00
4.1789946408e-05 0.0000000000e+00 0.0000000000e+00
6.2389764003e-02 0.0000000000e+00 0.0000000000e+00
4.9025136832e-05 0.0000000000e+00 0.0000000000e+00
4.9025136832e-05 0.0000000000e+00 0.0000000000e+00
4.5058226836e-05 0.0000000000e+00 0.0000000000e+00
4.0482342835e-05 0.0000000000e+00 0.0000000000e+00
4.6438499036e-05 0.0000000000e+00 0.0000000000e+00
3.0951880490e-05 0.0000000000e+00 0.0000000000e+00
3.1013131168e-05 0.0000000000e+00 0.0000000000e+00
2.7620675761e-05 0.0000000000e+00 0.0000000000e+00
3.3128080001e-05 0.0000000000e+00 0.0000000000e+00
4.5109532342e-05 0.0000000000e+00 0.0000000000e+00
1.0137874559e-05 0.0000000000e+00 0.0000000000e+00
1.3815883373e-05 0.0000000000e+00 0.0000000000e+00
1.3297458378e-03 0.0000000000e+00 0.0000000000e+00
1.7900659714e-05 0.0000000000e+00 0.0000000000e+00
2.5216022247e-05 0.0000000000e+00 0.0000000000e+00
5.3959327439e-03 0.0000000000e+00 0.0000000000e+00
2.2507461400e-06 0.0000000000e+00 0.0000000000e+00
1.6604840501e-06 0.0000000000e+00 0.0000000000e+00
1.6006943042e-06 0.0000000000e+00 0.0000000000e+00
1.6006943042e-06 0.0000000000e+00 0.0000000000e+00
0.0000000000e+00 0.0000000000e+00 0.0000000000e+00
0.0000000000e+00 6.9265028834e-01 3.0442938957e-04
0.0000000000e+00 6.8013023833e-01 3.0155374770e-04
0.0000000000e+00 7.8594204783e-01 3.0180467062e-04
0.0000000000e+00 5.2096244444e-01 2.9066027219e-04
0.0000000000e+00 5.9721963108e-01 2.9401372285e-04
0.0000000000e+00 7.5494539738e-01 2.8740352627e-04
0.0000000000e+00 6.2324430545e-01 2.8282718661e-04
0.0000000000e+00 6.3904612263e-01 2.9206568494e-04
6.5354242785e-04 7.8103474279e-01 2.8541731232e-04
5.2530300648e-03 8.5078849395e-01 2.8968731749e-04
2.3283498789e-03 1.0343439877e+00 2.9612981992e-04
1.7145664606e-03 4.6309817086e-01 2.9290967680e-04
1.0905258083e-04 3.0250016972e-01 2.7361468362e-04
4.0850225487e-03 2.5725792845e-01 2.7340804122e-04
2.3987983198e-02 5.1782540232e-01 3.0688480474e-03
2.3329835696e-02 7.1494579315e-01 1.6580115868e-03
2.6536702178e-02 7.6734447479e-01 2.4238949215e-03
3.0024298777e-02 7.4605002999e-01 2.4720852089e-03
1.6598072107e-10 6.5824963152e-01 2.2730654455e-03
1.4124547365e-10 6.4046451449e-01 2.2392191361e-03
1.4124547365e-10 6.4046451449e-01 2.2392191361e-03
1.7683147763e-02 1.3077668051e+00 1.5594198970e-03
2.2543528272e-02 1.3372880419e+00 1.6297856637e-03
2.0883767866e-02 1.1410325567e+00 2.4054734483e-03
0.0000000000e+00 1.0845578760e+00 2.2564343429e-03
0.0000000000e+00 1.0782381147e+00 2.4964936310e-03
0.0000000000e+00 1.0634099493e+00 2.5272602409e-03
0.0000000000e+00 1.0953247746e+00 2.1845052058e-03
0.0000000000e+00 6.1639452477e-01 9.0911453590e-02
0.0000000000e+00 5.8714755376e-01 9.2342127115e-02
0.0000000000e+00 6.5060949326e-01 4.4614119766e-02
0.0000000000e+00 6.0820889473e-01 5.8297820079e-02
5.2309923522e-10 6.5312444170e-01 5.7350542707e-02
0.0000000000e+00 5.6457594037e-01 5.0479996018e-02
0.0000000000e+00 3.7382494410e-01 5.2207867925e-02
0.0000000000e+00 6.1619301140e-01 4.6000492449e-02
0.0000000000e+00 6.1619301140e-01 4.6000492449e-02
0.0000000000e+00 6.5092054506e-01 5.5833377255e-02
0.0000000000e+00 6.2617772818e-01 4.5040087154e-02
0.0000000000e+00 6.1678536236e-01 4.6993805406e-02
0.0000000000e+00 6.5045933425e-01 4.1353322876e-02
0.0000000000e+00 7.4217285216e-01 2.6395591907e-02
0.0000000000e+00 7.1958113213e-01 2.1547027243e-02
0.0000000000e+00 7.8835855921e-01 2.2771214911e-02
0.0000000000e+00 8.5161675016e-01 5.6503737345e-02
7.3278428366e-02 5.4117122293e-01 3.4706072571e-02
1.8130542462e-01 6.1000694335e-01 7.9553038425e-03
1.4480653778e-01 6.3705939054e-01 4.8319280613e-03
3.1065390259e-01 5.8690658708e-01 6.5024412082e-03
3.2212285946e-01 5.9596092999e-01 6.8664462694e-03
8.5805368920e-02 5.8794911206e-01 2.1783506498e-02
3.4104904036e-01 5.6457284590e-01 5.9003254088e-03
3.0671236912e-01 5.9155372779e-01 5.9260445414e-03
2.9217267564e-02 5.4818043361e-01 1.8625131343e-02
6.6883987747e-02 5.2981829147e-01 2.8311491944e-02
7.6297152167e-02 5.1632528504e-01 2.3436423546e-02
7.6766301567e-02 5.2240026246e-01 1.9745887257e-02
6.0391842568e-11 5.7419057439e-01 1.1734130715e-02
9.6692578246e-02 5.5647610128e-01 3.0568902381e-02
9.6692578246e-02 5.5647610128e-01 3.0568902381e-02
3.5663890590e-01 5.9156589210e-01 3.7982709473e-03
3.1430192043e-01 6.2357563277e-01 3.1126618269e-03
1.3394566936e-01 5.3394492219e-01 1.3424156001e-02
2.5430606306e-01 6.0721642772e-01 2.5920325813e-03
9.4453588128e-02 5.6528895597e-01 1.0797838021e-02
1.0903379694e-01 5.5207612365e-01 9.1117090778e-03
9.0676051875e-02 5.6170822432e-01 1.1163078093e-02
9.3352212881e-02 5.5532821765e-01 1.0209513401e-02
9.9612085149e-02 5.5897848805e-01 1.0303987345e-02
1.4261698971e-01 5.1833549639e-01 1.7642063011e-02
9.7866284971e-02 5.1546289027e-01 1.6951092441e-02
1.0884744612e-01 5.2677207937e-01 1.4603228075e-02
1.0327286832e-01 5.1115525762e-01 1.4765809290e-02
1.2587662476e-01 5.5305397759e-01 1.0258576910e-02
1.1293567593e-01 5.5458202958e-01 9.0311085805e-03
4.4824501189e-02 5.2844929943e-01 4.2384227466e-03
7.3314895233e-02 4.8021145662e-01 1.9616404083e-02
7.8672086820e-02 4.7118166586e-01 1.9539004425e-02
4.3229881053e-02 4.0177991490e-01 1.4904898669e-02
4.0520459103e-02 4.0413554758e-01 1.2373109193e-02
5.0479827138e-02 4.0351357063e-01 1.1095319564e-02
4.7827856615e-02 4.0386175861e-01 1.1754618104e-02
3.9361545816e-02 3.9426640173e-01 1.2345862885e-02
6.9320481581e-02 4.1971921424e-01 1.1067605810e-02
4.8146477590e-02 1.6931853940e-01 3.1069336925e-02
3.1059572318e-02 7.7141332751e-02 3.8995494445e-02
4.5940971933e-02 1.5740620655e-01 2.4249952752e-02
3.3073173836e-02 1.1187284874e-01 3.4504198624e-02
2.5576110619e-02 7.9924967140e-02 3.4982040059e-02
4.2980963985e-02 1.2126844811e-01 2.4848192154e-02
3.5571513542e-02 1.9037214542e-01 2.4558737408e-02
3.1218259751e-02 9.3620538712e-02 4.2507006476e-02
3.0854516973e-02 1.4652866622e-01 7.3056590433e-02
4.4018978563e-02 1.5561769468e-01 3.1998536705e-02
3.5951660170e-02 1.2417780732e-01 7.2151655642e-02
1.6866585497e-06 1.2088188094e-01 5.7725726627e-02
0.0000000000e+00 8.9588369553e-02 7.1552148710e-02
0.0000000000e+00 9.8228172089e-02 7.1624386435e-02
0.0000000000e+00 9.0670196960e-02 8.1943154335e-02
0.0000000000e+00 4.9791158798e-02 8.7434799100e-02
0.0000000000e+00 5.9347719575e-02 7.1836005896e-02
0.0000000000e+00 4.3818340016e-02 6.7235941067e-02
0.0000000000e+00 6.2129791205e-02 6.2965832961e-02
0.0000000000e+00 1.3282704229e-01 6.0161587161e-02
0.0000000000e+00 1.5836406002e-01 5.7787218752e-02
8.6644342900e-07 1.7148564756e-01 1.4278919281e-02
1.8602385599e-06 1.5057914766e-01 2.0147031639e-02
1.8602385599e-06 1.5057914766e-01 2.0147031639e-02
4.0044379261e-06 1.3459206559e-01 1.9847820668e-02
4.0044379261e-06 1.3459206559e-01 1.9847820668e-02
8.6360483920e-07 1.4642929472e-01 2.5721261588e-02
3.2013962937e-05 1.5979049665e-01 2.3477505737e-02
1.0909339411e-04 2.1259416516e-01 8.0903168612e-03
1.0909339411e-04 2.1259416516e-01 8.0903168612e-03
7.7517244184e-05 2.0828188211e-01 6.3751154424e-03
2.0131309066e-04 1.1665429734e-01 1.8919862962e-02
1.2549471588e-04 1.0858414570e-01 1.4681487499e-02
1.1228460486e-04 1.2522543594e-01 1.1308216800e-02
8.8433260923e-05 1.2004885450e-01 1.6860321397e-02
1.5529448622e-04 1.1810487136e-01 2.8162629344e-02
1.3655651189e-04 1.2115420587e-01 3.0499952535e-02
1.5204393518e-04 1.2847762182e-01 3.5202647249e-02
3.9147910684e-05 8.6743132522e-02 6.2885048489e-03
1.5285694875e-03 8.5695914303e-02 1.8491176888e-02
9.5934331572e-03 0.0000000000e+00 0.0000000000e+00
3.7749664858e-02 0.0000000000e+00 0.0000000000e+00
2.1171630593e-02 0.0000000000e+00 0.0000000000e+00
2.1171630593e-02 0.0000000000e+00 0.0000000000e+00
2.1171630593e-02 0.0000000000e+00 0.0000000000e+00
2.1174308378e-02 0.0000000000e+00 0.0000000000e+00
2.1174308378e-02 0.0000000000e+00 0.0000000000e+00
4.2386171718e-02 0.0000000000e+00 0.0000000000e+00
4.2274860200e-02 0.0000000000e+00 0.0000000000e+00
2.5608144701e-02 0.0000000000e+00 0.0000000000e+00
4.6418629587e-02 0.0000000000e+00 0.0000000000e+00
4.3463486247e-02 0.0000000000e+00 0.0000000000e+00
4.3463486247e-02 0.0000000000e+00 0.0000000000e+00
1.3475335638e-01 0.0000000000e+00 0.0000000000e+00
1.3504861109e-01 0.0000000000e+00 0.0000000000e+00
1.3504861109e-01 0.0000000000e+00 0.0000000000e+00
1.3505314166e-01 0.0000000000e+00 0.0000000000e+00
1.3393881110e-01 0.0000000000e+00 0.0000000000e+00
7.9054894236e-02 0.0000000000e+00 0.0000000000e+00
1.3789849107e-01 0.0000000000e+00 0.0000000000e+00
1.3789849107e-01 0.0000000000e+00 0.0000000000e+00
7.8290782248e-02 0.0000000000e+00 0.0000000000e+00
6.9648354625e-02 0.0000000000e+00 0.0000000000e+00
2.9662075996e-02 0.0000000000e+00 0.0000000000e+00
8.2876769205e-02 0.0000000000e+00 0.0000000000e+00
8.0418331238e-02 0.0000000000e+00 0.0000000000e+00
9.5455274607e-02 0.0000000000e+00 0.0000000000e+00
9.8077567294e-02 0.0000000000e+00 0.0000000000e+00
4.8565745043e-02 0.0000000000e+00 0.0000000000e+00
1.2851917682e-01 0.0000000000e+00 0.0000000000e+00
1.2851917682e-01 0.0000000000e+00 0.0000000000e+00
1.0840130659e-01 0.0000000000e+00 0.0000000000e+00
1.0840130659e-01 0.0000000000e+00 0.0000000000e+00
1.1481000731e-01 0.0000000000e+00 0.0000000000e+00
1.1154365105e-01 0.0000000000e+00 0.0000000000e+00
5.6310757374e-02 0.0000000000e+00 0.0000000000e+00
9.1187126935e-02 0.0000000000e+00 0.0000000000e+00
1.3149674609e-01 0.0000000000e+00 0.0000000000e+00
4.6568267358e-02 0.0000000000e+00 0.0000000000e+00
9.8095408330e-02 0.0000000000e+00 0.0000000000e+00
9.8095408330e-02 0.0000000000e+00 0.0000000000e+00
3.9913254480e-02 0.0000000000e+00 0.0000000000e+00
2.7779137638e-02 0.0000000000e+00 0.0000000000e+00
1.3533558014e-01 0.0000000000e+00 0.0000000000e+00
1.3533558014e-01 0.0000000000e+00 0.0000000000e+00
4.9635586018e-02 0.0000000000e+00 0.0000000000e+00
5.2036015317e-02 0.0000000000e+00 0.0000000000e+00
1.7032450065e-01 0.0000000000e+00 0.0000000000e+00
1.2709486327e-04 0.0000000000e+00 0.0000000000e+00
1.2709486327e-04 0.0000000000e+00 0.0000000000e+00
1.2709486327e-04 0.0000000000e+00 0.0000000000e+00
1.2404944634e-04 0.0000000000e+00 0.0000000000e+00
1.3588135819e-04 0.0000000000e+00 0.0000000000e+00
4.6653880418e-05 0.0000000000e+00 0.0000000000e+00
4.6653880418e-05 0.0000000000e+00 0.0000000000e+00
3.1942515003e-04 0.0000000000e+00 0.0000000000e+00
2.2206828201e-05 0.0000000000e+00 0.0000000000e+00
1.1605028097e-06 0.0000000000e+00 0.0000000000e+00
1.8911148345e-06 0.0000000000e+00 0.0000000000e+00
1.8161747297e-05 0.0000000000e+00 0.0000000000e+00
1.2212690005e-04 0.0000000000e+00 0.0000000000e+00
1.2212690005e-04 0.0000000000e+00 0.0000000000e+00
2.9138860214e-07 0.0000000000e+00 0.0000000000e+00
0.0000000000e+00 0.0000000000e+00 0.0000000000e+00
1.7199008539e-05 0.0000000000e+00 0.0000000000e+00
1.7199008539e-05 0.0000000000e+00 0.0000000000e+00
4.3729686998e-05 0.0000000000e+00 0.0000000000e+00
5.0223934901e-06 0.0000000000e+00 0.0000000000e+00
4.1422681913e-06 0.0000000000e+00 0.0000000000e+00
8.0348598355e-05 0.0000000000e+00 0.0000000000e+00
1.6063746064e-05 0.0000000000e+00 0.0000000000e+00
8.1347407152e-02 0.0000000000e+00 0.0000000000e+00
4.9223125757e-02 0.0000000000e+00 0.0000000000e+00
1.1996625240e-01 0.0000000000e+00 0.0000000000e+00
5.3448284169e-01 0.0000000000e+00 0.0000000000e+00
6.3218321403e-01 0.0000000000e+00 0.0000000000e+00
1.2817341462e-01 0.0000000000e+00 0.0000000000e+00
7.6565814515e-01 0.0000000000e+00 0.0000000000e+00
4.6963790804e-01 0.0000000000e+00 0.0000000000e+00
5.3154288729e-01 0.0000000000e+00 0.0000000000e+00
2.7962023268e-01 0.0000000000e+00 0.0000000000e+00
2.7962023268e-01 0.0000000000e+00 0.0000000000e+00
6.4535515010e-01 0.0000000000e+00 0.0000000000e+00
6.4535515010e-01 0.0000000000e+00 0.0000000000e+00
2.0212405299e-01 0.0000000000e+00 0.0000000000e+00
2.7642338350e-01 0.0000000000e+00 0.0000000000e+00
2.8241996467e-01 0.0000000000e+00 0.0000000000e+00
8.3884137869e-01 0.0000000000e+00 0.0000000000e+00
7.1256355941e-01 0.0000000000e+00 0.0000000000e+00
8.1179346144e-01 0.0000000000e+00 0.0000000000e+00
8.1179346144e-01 0.0000000000e+00 0.0000000000e+00
8.1179346144e-01 0.0000000000e+00 0.0000000000e+00
1.1294282675e+00 0.0000000000e+00 0.0000000000e+00
1.0744879593e+00 0.0000000000e+00 0.0000000000e+00
1.1527712643e+00 0.0000000000e+00 0.0000000000e+00
1.0286186238e+00 0.0000000000e+00 0.0000000000e+00
1.0721094559e+00 0.0000000000e+00 0.0000000000e+00
8.0999601384e-01 0.0000000000e+00 0.0000000000e+00
1.0395063708e+00 0.0000000000e+00 0.0000000000e+00
9.7997193535e-01 0.0000000000e+00 0.0000000000e+00
1.0954546481e+00 0.0000000000e+00 0.0000000000e+00
9.9599232276e-01 0.0000000000e+00 0.0000000000e+00
1.0493519902e+00 0.0000000000e+00 0.0000000000e+00
1.2906265060e+00 0.0000000000e+00 0.0000000000e+00
1.2906265060e+00 0.0000000000e+00 0.0000000000e+00
1.0118064682e+00 0.0000000000e+00 0.0000000000e+00
9.4841818511e-01 0.0000000000e+00 0.0000000000e+00
1.3013364971e+00 0.0000000000e+00 0.0000000000e+00
1.6832908864e-01 0.0000000000e+00 0.0000000000e+00
6.4938396712e-01 0.0000000000e+00 0.0000000000e+00
8.7426253657e-01 0.0000000000e+00 0.0000000000e+00
3.0551357319e-01 0.0000000000e+00 0.0000000000e+00
3.0551357319e-01 0.0000000000e+00 0.0000000000e+00
1.5885512233e+00 0.0000000000e+00 0.0000000000e+00
1.3544383645e+00 0.0000000000e+00 0.0000000000e+00
3.6898562312e-01 0.0000000000e+00 0.0000000000e+00
4.6075658252e-01 0.0000000000e+00 0.0000000000e+00
1.0246077726e+00 0.0000000000e+00 0.0000000000e+00
1.1524130801e+00 0.0000000000e+00 0.0000000000e+00
7.8468526900e-01 0.0000000000e+00 0.0000000000e+00
5.5205321064e-01 0.0000000000e+00 0.0000000000e+00
8.3049049973e-01 0.0000000000e+00 0.0000000000e+00
9.8307585220e-01 0.0000000000e+00 0.0000000000e+00
2.7229498699e-01 0.0000000000e+00 0.0000000000e+00
2.2448704268e-01 0.0000000000e+00 0.0000000000e+00
4.7919429094e-01 0.0000000000e+00 0.0000000000e+00
1.9406076074e+00 0.0000000000e+00 0.0000000000e+00
1.9406076074e+00 0.0000000000e+00 0.0000000000e+00
2.3812161287e+00 0.0000000000e+00 0.0000000000e+00
4.9369818104e-03 0.0000000000e+00 0.0000000000e+00
3.6827881634e-01 0.0000000000e+00 0.0000000000e+00
3.6827881634e-01 0.0000000000e+00 0.0000000000e+00
2.5692951282e+00 0.0000000000e+00 0.0000000000e+00
2.3146790663e+00 0.0000000000e+00 0.0000000000e+00
2.7222531637e+00 0.0000000000e+00 0.0000000000e+00
0.0000000000e+00 1.1685835632e-01 5.8007051547e-01
0.0000000000e+00 3.0331868213e-02 1.6763140510e-01
0.0000000000e+00 3.4638172636e-02 1.2990461600e-01
0.0000000000e+00 3.6654235795e-02 2.8455280699e-02
0.0000000000e+00 6.2413631628e-02 5.2761434267e-02
0.0000000000e+00 7.7951698254e-02 2.0376453952e-02
0.0000000000e+00 4.5121539074e-02 3.5907712144e-02
0.0000000000e+00 3.6135784195e-02 3.2384388459e-02
1.4316717119e-12 6.3094128855e-02 3.6220216006e-01
0.0000000000e+00 2.7337226396e-02 6.6069227333e-02
0.0000000000e+00 2.7337226396e-02 6.6069227333e-02
1.3265851824e-08 1.6514026094e-02 2.7617368071e-02
3.8428418255e-07 2.4356188078e-04 2.8150501475e-01
1.3124841966e-05 2.7745156937e-04 5.6184036036e-02
1.5069717089e-07 7.5953073489e-04 2.5408124427e-01
4.5960348416e-07 4.5467261468e-05 3.3048673688e-02
0.0000000000e+00 2.4041435002e-04 1.1714752701e-01
0.0000000000e+00 1.3292309758e-03 2.0196167830e-02
0.0000000000e+00 1.1122617015e-03 1.6516077255e-02
0.0000000000e+00 7.9839106960e-03 3.6833665644e-02
0.0000000000e+00 5.8746055389e-03 2.0532796935e-02
0.0000000000e+00 1.6143983448e-03 2.3441578805e-02
0.0000000000e+00 1.7118954978e-03 2.7954675102e-02
0.0000000000e+00 5.8820155554e-04 2.5587317999e-02
0.0000000000e+00 1.4080044736e-02 4.4222565368e-02
0.0000000000e+00 1.4080044736e-02 4.4222565368e-02
1.9863010768e-06 8.7252622005e-06 2.9510853346e-02
0.0000000000e+00 7.4164919776e-06 5.8697543417e-02
1.2663294716e-02 1.2023985287e+00 7.8983394429e-02
7.6874852558e-07 1.3229814967e+00 7.8177380686e-02
1.4135967242e-02 1.1441582988e+00 6.1186564155e-02
1.4135967242e-02 1.1441582988e+00 6.1186564155e-02
2.0408735300e-02 1.2064654728e+00 8.0891312410e-02
2.0182561129e-02 1.2959907750e+00 6.7382060302e-02
1.1410335001e-02 1.1434246103e+00 6.9890603734e-02
2.1993841200e-02 1.1267884821e+00 7.7278576170e-02
1.0948425392e-02 1.1939957639e+00 6.4973869671e-02
1.0813200109e-02 1.1742652754e+00 1.3249666182e-01
1.6576176975e-02 1.2649286489e+00 1.1680052554e-01
9.3434110750e-03 1.1745006839e+00 7.5936825946e-02
1.5663096836e-02 1.0174556673e+00 1.0981145439e-01
1.5024837495e-02 1.1051044116e+00 1.0244974867e-01
1.5550440876e-02 1.1351925482e+00 1.1903796842e-01
1.4962650603e-02 1.1059866548e+00 8.3970833880e-02
1.2271380789e-02 1.1605385045e+00 1.0228976731e-01
1.3402205193e-02 1.1509262919e+00 9.7656957805e-02
0.0000000000e+00 1.3554715713e+00 1.1952546922e-01
1.7586319164e-02 1.2176618377e+00 1.2287152372e-01
1.6712763269e-02 1.2617943982e+00 1.1988264509e-01
1.5388711123e-02 1.2427368065e+00 1.0365360292e-01
1.1107986677e-02 1.0633918047e+00 7.8874535859e-02
1.7792602885e-03 9.8215919733e-01 7.1935568626e-02
1.8594657886e-03 9.9951174855e-01 1.2667590069e-01
2.2648484136e-02 1.0617838502e+00 7.2328702857e-02
7.9379668459e-03 1.1643540859e+00 8.0016603383e-02
1.7164004346e-02 1.2759861350e+00 1.4228779698e-01
3.6282753727e-02 1.2145382365e+00 1.0774779071e-01
1.2648777367e-05 1.2123771707e+00 9.8281349987e-02
0.0000000000e+00 1.0062781721e+00 8.8573357090e-02
4.7702631036e-06 9.4161656499e-01 8.0716926915e-02
5.2094573465e-02 0.0000000000e+00 0.0000000000e+00
3.3499928812e-02 0.0000000000e+00 0.0000000000e+00
3.6254663796e-02 0.0000000000e+00 0.0000000000e+00
6.0316283566e-02 0.0000000000e+00 0.0000000000e+00
4.6335134966e-02 0.0000000000e+00 0.0000000000e+00
2.2003181744e-02 0.0000000000e+00 0.0000000000e+00
3.4266845478e-02 0.0000000000e+00 0.0000000000e+00
3.4266845478e-02 0.0000000000e+00 0.0000000000e+00
3.4266845478e-02 0.0000000000e+00 0.0000000000e+00
3.8434387185e-02 0.0000000000e+00 0.0000000000e+00
3.8434387185e-02 0.0000000000e+00 0.0000000000e+00
5.6932367152e-03 0.0000000000e+00 0.0000000000e+00
1.5396006530e-01 0.0000000000e+00 0.0000000000e+00
1.7980209738e-01 0.0000000000e+00 0.0000000000e+00
1.7236019174e-01 0.0000000000e+00 0.0000000000e+00
1.7296723028e-01 0.0000000000e+00 0.0000000000e+00
1.7296723028e-01 0.0000000000e+00 0.0000000000e+00
2.9931312303e-01 0.0000000000e+00 0.0000000000e+00
3.0573987868e-02 0.0000000000e+00 0.0000000000e+00
4.2094170567e-05 0.0000000000e+00 0.0000000000e+00
2.4823172074e-04 0.0000000000e+00 0.0000000000e+00
7.1333384767e-05 0.0000000000e+00 0.0000000000e+00
7.1333384767e-05 0.0000000000e+00 0.0000000000e+00
7.1333384767e-05 0.0000000000e+00 0.0000000000e+00
2.7798970753e-05 0.0000000000e+00 0.0000000000e+00
0.0000000000e+00 0.0000000000e+00 0.0000000000e+00
1.7956464095e-03 0.0000000000e+00 0.0000000000e+00
1.8402401984e-03 0.0000000000e+00 0.0000000000e+00
2.0120864734e-01 0.0000000000e+00 0.0000000000e+00
1.1225970638e-05 0.0000000000e+00 0.0000000000e+00
2.4744368375e-05 0.0000000000e+00 0.0000000000e+00
2.4744368375e-05 0.0000000000e+00 0.0000000000e+00
2.4744368375e-05 0.0000000000e+00 0.0000000000e+00
8.2154251946e-02 0.0000000000e+00 0.0000000000e+00
1.3107013764e-01 0.0000000000e+00 0.0000000000e+00
1.4463380227e-01 0.0000000000e+00 0.0000000000e+00
5.3941409724e-02 0.0000000000e+00 0.0000000000e+00
6.9284278279e-02 0.0000000000e+00 0.0000000000e+00
1.2253704605e-01 0.0000000000e+00 0.0000000000e+00
1.2319485781e-01 0.0000000000e+00 0.0000000000e+00
3.6652297775e-01 0.0000000000e+00 0.0000000000e+00
9.1663862889e-02 0.0000000000e+00 0.0000000000e+00
2.7068471536e-01 0.0000000000e+00 0.0000000000e+00
3.6242103204e-02 0.0000000000e+00 0.0000000000e+00
7.3608903161e-04 0.0000000000e+00 0.0000000000e+00
0.0000000000e+00 0.0000000000e+00 0.0000000000e+00
3.5053559889e-01 0.0000000000e+00 0.0000000000e+00
5.0739570366e-02 0.0000000000e+00 0.0000000000e+00
1.6837964552e-03 0.0000000000e+00 0.0000000000e+00
0.0000000000e+00 0.0000000000e+00 0.0000000000e+00
0.0000000000e+00 0.0000000000e+00 0.0000000000e+00
5.7359757212e-02 0.0000000000e+00 0.0000000000e+00
8.7165467441e-02 0.0000000000e+00 0.0000000000e+00
0.0000000000e+00 0.0000000000e+00 0.0000000000e+00
3.0443941114e-05 0.0000000000e+00 0.0000000000e+00
5.1740235028e-02 0.0000000000e+00 0.0000000000e+00
0.0000000000e+00 0.0000000000e+00 0.0000000000e+00
0.0000000000e+00 0.0000000000e+00 0.0000000000e+00
0.0000000000e+00 0.0000000000e+00 0.0000000000e+00
2.5232910179e-02 0.0000000000e+00 0.0000000000e+00
4.0902537294e-02 0.0000000000e+00 0.0000000000e+00
2.1862267672e-02 0.0000000000e+00 0.0000000000e+00
5.7603890076e-02 0.0000000000e+00 0.0000000000e+00
3.3131393320e-04 0.0000000000e+00 0.0000000000e+00
4.0875893086e-02 0.0000000000e+00 0.0000000000e+00
4.0875893086e-02 0.0000000000e+00 0.0000000000e+00
4.1866806646e-02 0.0000000000e+00 0.0000000000e+00
4.5607770172e-02 0.0000000000e+00 0.0000000000e+00
4.5607770172e-02 0.0000000000e+00 0.0000000000e+00
4.5607770172e-02 0.0000000000e+00 0.0000000000e+00
1.8159190814e-02 0.0000000000e+00 0.0000000000e+00
0.0000000000e+00 0.0000000000e+00 0.0000000000e+00
0.0000000000e+00 0.0000000000e+00 0.0000000000e+00
0.0000000000e+00 0.0000000000e+00 0.0000000000e+00
0.0000000000e+00 0.0000000000e+00 0.0000000000e+00
0.0000000000e+00 0.0000000000e+00 0.0000000000e+00
8.6019910062e-05 0.0000000000e+00 0.0000000000e+00
0.0000000000e+00 0.0000000000e+00 0.0000000000e+00
0.0000000000e+00 0.0000000000e+00 0.0000000000e+00
0.0000000000e+00 0.0000000000e+00 0.0000000000e+00
0.0000000000e+00 0.0000000000e+00 0.0000000000e+00
0.0000000000e+00 3.1378777817e-09 0.0000000000e+00
0.0000000000e+00 0.0000000000e+00 0.0000000000e+00
0.0000000000e+00 0.0000000000e+00 0.0000000000e+00
0.0000000000e+00 0.0000000000e+00 0.0000000000e+00
0.0000000000e+00 0.0000000000e+00 0.0000000000e+00
0.0000000000e+00 0.0000000000e+00 0.0000000000e+00
0.0000000000e+00 0.0000000000e+00 0.0000000000e+00
0.0000000000e+00 0.0000000000e+00 0.0000000000e+00
0.0000000000e+00 0.0000000000e+00 0.0000000000e+00
0.0000000000e+00 0.0000000000e+00 1.0537005376e-04
0.0000000000e+00 0.0000000000e+00 0.0000000000e+00
0.0000000000e+00 0.0000000000e+00 0.0000000000e+00
4.7524205409e-02 0.0000000000e+00 2.0025712426e-05
5.4694224770e-02 0.0000000000e+00 5.2925552457e-05
1.7331796622e-05 0.0000000000e+00 0.0000000000e+00
8.0243520594e-03 0.0000000000e+00 0.0000000000e+00
5.6017084262e-05 0.0000000000e+00 0.0000000000e+00
2.5912707012e-04 0.0000000000e+00 0.0000000000e+00
2.5912240623e-04 0.0000000000e+00 0.0000000000e+00
1.6620126674e-04 0.0000000000e+00 0.0000000000e+00
1.8192134242e-04 0.0000000000e+00 0.0000000000e+00
1.1851978115e-05 0.0000000000e+00 0.0000000000e+00
5.2067348423e-02 0.0000000000e+00 0.0000000000e+00
5.2067348423e-02 0.0000000000e+00 0.0000000000e+00
0.0000000000e+00 0.0000000000e+00 0.0000000000e+00
0.0000000000e+00 0.0000000000e+00 0.0000000000e+00
1.1244998158e-02 0.0000000000e+00 0.0000000000e+00
2.1600835074e-04 0.0000000000e+00 0.0000000000e+00
1.4862169512e-02 0.0000000000e+00 0.0000000000e+00
3.7744497104e-02 0.0000000000e+00 0.0000000000e+00
4.2499924699e-02 0.0000000000e+00 0.0000000000e+00
2.6318898411e-05 0.0000000000e+00 0.0000000000e+00
2.5826344732e-02 0.0000000000e+00 0.0000000000e+00
1.0050433874e-01 0.0000000000e+00 0.0000000000e+00
1.1290333855e-01 0.0000000000e+00 0.0000000000e+00
1.1290333855e-01 0.0000000000e+00 0.0000000000e+00
7.0199438060e-02 0.0000000000e+00 0.0000000000e+00
2.5102022725e-02 0.0000000000e+00 0.0000000000e+00
5.4206979257e-05 0.0000000000e+00 0.0000000000e+00
1.1507599801e-01 0.0000000000e+00 0.0000000000e+00
3.1862157509e-05 0.0000000000e+00 0.0000000000e+00
2.6029626528e-02 0.0000000000e+00 0.0000000000e+00
2.6029626528e-02 0.0000000000e+00 0.0000000000e+00
1.3306450254e-02 0.0000000000e+00 0.0000000000e+00
2.4106935143e-05 0.0000000000e+00 0.0000000000e+00
0.0000000000e+00 0.0000000000e+00 0.0000000000e+00
0.0000000000e+00 0.0000000000e+00 0.0000000000e+00
0.0000000000e+00 0.0000000000e+00 0.0000000000e+00
0.0000000000e+00 0.0000000000e+00 0.0000000000e+00
0.0000000000e+00 0.0000000000e+00 0.0000000000e+00
1.7806351682e-01 0.0000000000e+00 0.0000000000e+00
1.7806351682e-01 0.0000000000e+00 0.0000000000e+00
1.8557277943e-01 0.0000000000e+00 0.0000000000e+00
1.1940849635e-01 0.0000000000e+00 0.0000000000e+00
7.9710308462e-02 0.0000000000e+00 0.0000000000e+00
7.9710308462e-02 0.0000000000e+00 0.0000000000e+00
4.8981552633e-02 0.0000000000e+00 0.0000000000e+00
4.8981552633e-02 0.0000000000e+00 0.0000000000e+00
3.2505685929e-02 0.0000000000e+00 0.0000000000e+00
3.2119540653e-02 0.0000000000e+00 0.0000000000e+00
7.2422826663e-02 0.0000000000e+00 0.0000000000e+00
2.9606403473e-02 0.0000000000e+00 0.0000000000e+00
2.9606403473e-02 0.0000000000e+00 0.0000000000e+00
6.4243295230e-02 0.0000000000e+00 0.0000000000e+00
2.8247891304e-02 0.0000000000e+00 0.0000000000e+00
9.9464192366e-02 0.0000000000e+00 0.0000000000e+00
7.7507912492e-02 0.0000000000e+00 0.0000000000e+00
7.7507912492e-02 0.0000000000e+00 0.0000000000e+00
6.3863532928e-02 0.0000000000e+00 0.0000000000e+00
8.5262107352e-02 0.0000000000e+00 0.0000000000e+00
8.5262107352e-02 0.0000000000e+00 0.0000000000e+00
8.5262107352e-02 0.0000000000e+00 0.0000000000e+00
1.8933742618e-01 0.0000000000e+00 0.0000000000e+00
5.8725462606e-02 0.0000000000e+00 0.0000000000e+00
6.3757265918e-02 0.0000000000e+00 0.0000000000e+00
3.4426271605e-02 0.0000000000e+00 0.0000000000e+00
3.4426271605e-02 0.0000000000e+00 0.0000000000e+00
2.2120057605e-02 0.0000000000e+00 0.0000000000e+00
2.1572903730e-02 0.0000000000e+00 0.0000000000e+00
2.3883537389e-02 0.0000000000e+00 0.0000000000e+00
2.3883537389e-02 0.0000000000e+00 0.0000000000e+00
2.6709927556e-02 0.0000000000e+00 0.0000000000e+00
6.4488841842e-02 0.0000000000e+00 0.0000000000e+00
1.0541565592e-01 0.0000000000e+00 0.0000000000e+00
6.1415074704e-02 0.0000000000e+00 0.0000000000e+00
9.6025021126e-02 0.0000000000e+00 0.0000000000e+00
1.8368485942e-01 0.0000000000e+00 0.0000000000e+00
1.2073940411e-01 0.0000000000e+00 0.0000000000e+00
9.2678144574e-02 0.0000000000e+00 0.0000000000e+00
9.2678144574e-02 0.0000000000e+00 0.0000000000e+00
1.1183499048e-01 0.0000000000e+00 0.0000000000e+00
1.9086921836e-01 0.0000000000e+00 0.0000000000e+00
2.4365938346e-04 6.5389572022e-02 2.5293538036e-02
2.4365938346e-04 6.5389572022e-02 2.5293538036e-02
4.1521376988e-04 7.2425257725e-02 1.3008086981e-02
3.3382363654e-05 8.0405852757e-02 1.9429978061e-02
7.7825195331e-04 8.4598679096e-02 5.8878479836e-02
1.9985828064e-03 8.3511346951e-02 5.9462382148e-02
4.7781517884e-03 7.8048500853e-02 5.5904153424e-02
1.6479372280e-03 1.0429430939e-01 4.1731683537e-02
3.9508594782e-03 1.0722652388e-01 3.9851143801e-02
8.2916395331e-04 4.2943256597e-02 4.3135157010e-02
1.0785469203e-03 9.8252996802e-02 4.2985548110e-02
2.1880089383e-03 6.3961466464e-02 4.7818516692e-02
2.6955690118e-03 9.7250535463e-02 4.2192217273e-02
4.8051061264e-03 6.1011047723e-02 3.9070959513e-02
8.3750033130e-03 2.1581954012e-01 2.6536054211e-02
6.7556679714e-03 1.8188916023e-01 2.4421508424e-02
3.4673620248e-03 1.1937806321e-01 2.3624971431e-02
4.6207405394e-03 2.2513720269e-01 2.7576303187e-02
5.1931993027e-03 2.4248847738e-01 2.6405050031e-02
1.6293239799e-03 8.8649534310e-02 2.4013989527e-02
1.1035764862e-03 9.8805276677e-02 2.2331641288e-02
1.3242354034e-03 1.0212717329e-01 2.5192801841e-02
4.2465550844e-04 9.6309095621e-02 2.9365664038e-02
4.8385059684e-04 1.1501324673e-01 2.5802235740e-02
9.9525511905e-04 8.0079084262e-02 2.6276752818e-02
2.7864645502e-04 9.8311492552e-02 2.8622652171e-02
2.7857297391e-04 8.0323174596e-02 2.9380691160e-02
9.4734981152e-04 7.1100166067e-02 3.4414923439e-02
6.2665998257e-05 5.4740763890e-02 3.4652925252e-02
8.1062248501e-04 5.2794025280e-02 3.1793148412e-02
1.7549916083e-04 4.9757458580e-02 3.5687933986e-02
4.3593484249e-03 4.2398085818e-02 3.4257602800e-02
8.9496114379e-04 4.8288425120e-02 2.9223957720e-02
2.1126020389e-02 6.5477112929e-02 3.0011607489e-02
2.0991901867e-02 7.9545246437e-02 2.9912748452e-02
4.3290203127e-03 7.0464393434e-02 3.0741823682e-02
4.3193630669e-05 7.9640117784e-02 2.7230493880e-02
2.1676418934e-03 7.0228766960e-02 2.9907895718e-02
2.1676418934e-03 7.0228766960e-02 2.9907895718e-02
1.8622432496e-04 3.9385503158e-02 3.0288411382e-02
3.8830898120e-04 4.7973576933e-02 3.0034471536e-02
1.6400891339e-04 4.8588672653e-02 2.8187946727e-02
1.6925318778e-04 6.0536853659e-02 2.5449386255e-02
1.6925318778e-04 6.0536853659e-02 2.5449386255e-02
4.3901137208e-06 5.1751454050e-02 2.7719515997e-02
1.5825627512e-04 7.2003003520e-02 2.6394580180e-02
6.0408278902e-04 7.7042660986e-02 3.0117136038e-02
1.1264791324e-02 8.8495803997e-02 3.5209035346e-02
8.8885581439e-05 5.4871954645e-02 2.9708363581e-02
2.3746166223e-02 6.6052003764e-02 9.7977047786e-02
1.0422428325e-01 3.9344287477e-02 3.4360128455e-02
8.6039311563e-02 1.0273910624e-01 3.9401500641e-02
2.5135022491e-03 8.2810679761e-02 1.8826403345e-02
0.0000000000e+00 4.6307276438e-01 7.9671516704e-02
0.0000000000e+00 1.3098913245e-01 7.7508716223e-02
0.0000000000e+00 3.3480247607e-01 1.2281978441e-01
0.0000000000e+00 3.3455928663e-01 1.1394890336e-01
2.3090801419e-08 2.5476721581e-02 1.9179285271e-02
0.0000000000e+00 1.1768281149e-02 1.8557729355e-02
0.0000000000e+00 1.1547160024e-02 1.8408451229e-02
0.0000000000e+00 2.2913097590e-01 1.8235292162e-01
0.0000000000e+00 4.6184785043e-02 1.8068736264e-02
4.2238785169e-12 1.0748431281e-02 1.4922849601e-02
0.0000000000e+00 4.9830701823e-02 0.0000000000e+00
2.3845572059e-06 1.3125366066e-02 1.3023027219e-02
0.0000000000e+00 7.8712861985e-02 1.2976295664e-02
3.5297364617e-03 9.1018094371e-02 1.2621026641e-02
4.3809440608e-02 9.7729898989e-02 4.3653448888e-02
0.0000000000e+00 1.5090458281e-01 1.5847776209e-01
0.0000000000e+00 1.1401352535e-01 6.9688642708e-02
0.0000000000e+00 6.6628004114e-01 9.6789201722e-02
0.0000000000e+00 4.5892620304e-02 2.1197077663e-02
3.4161053897e-07 9.1722108113e-02 7.2795014518e-02
3.4161053897e-07 9.1722108113e-02 7.2795014518e-02
0.0000000000e+00 7.3285699201e-02 1.1615386916e-01
0.0000000000e+00 8.2397234316e-02 1.1499663753e-01
0.0000000000e+00 7.6044251521e-02 1.4441344639e-01
0.0000000000e+00 1.1393905804e-01 1.5823360843e-01
0.0000000000e+00 6.6530437271e-01 7.0719458784e-02
0.0000000000e+00 7.0654940605e-01 6.7808857809e-02
0.0000000000e+00 1.3740756984e-01 1.2499926115e-01
0.0000000000e+00 6.8690474828e-01 7.6926140115e-02
0.0000000000e+00 6.7370981475e-01 7.8003593100e-02
0.0000000000e+00 7.0634571215e-01 7.7914006698e-02
0.0000000000e+00 7.0634571215e-01 7.7914006698e-02
0.0000000000e+00 6.7540543278e-01 7.7491152721e-02
0.0000000000e+00 7.2677536309e-01 1.0958571856e-01
0.0000000000e+00 4.3753417085e-01 1.2541304094e-01
0.0000000000e+00 7.4603710075e-01 9.6429433674e-02
0.0000000000e+00 8.9454307655e-01 9.6546864758e-02
0.0000000000e+00 5.9963598537e-02 1.1293554407e-02
1.1518518052e-02 5.5687847547e-02 1.1152595088e-02
1.0652162600e-02 1.0632592750e-01 2.2350059512e-02
0.0000000000e+00 9.9917997917e-02 1.4116908074e-02
0.0000000000e+00 9.9917997917e-02 1.4116908074e-02
0.0000000000e+00 3.1532012392e-02 1.5804415336e-02
0.0000000000e+00 7.0780434025e-02 2.2715733076e-02
2.5082528395e-07 1.0230164913e-01 2.3978143077e-02
4.8185933692e-02 4.8315602044e-02 0.0000000000e+00
8.3086233360e-07 1.0426401036e-01 3.7856834630e-02
1.3636762897e-01 3.9531811102e-03 1.1682877860e-02
5.0012125286e-07 1.1320162006e-01 1.8564421451e-02
3.4479159898e-09 1.8944726263e-01 2.4723747124e-02
0.0000000000e+00 1.2574127441e-01 2.6697174258e-02
0.0000000000e+00 1.5133101121e-01 2.2378483710e-02
0.0000000000e+00 1.4218956605e-01 1.3652466005e-02
0.0000000000e+00 3.1089301159e-01 1.6021354202e-02
0.0000000000e+00 2.2566644475e-01 1.5985349116e-02
0.0000000000e+00 2.5582941249e-01 1.6482826943e-02
0.0000000000e+00 2.8727529695e-01 1.6893781178e-02
0.0000000000e+00 3.0260678753e-01 1.3576324796e-02
0.0000000000e+00 3.1096611917e-01 6.6018261636e-02
0.0000000000e+00 2.7453018477e-01 9.6678570534e-02
0.0000000000e+00 2.0083422586e-01 9.9188766753e-02
0.0000000000e+00 5.1645714169e-02 7.4134180012e-02
0.0000000000e+00 3.5348595741e-02 5.7886668791e-02
0.0000000000e+00 2.8335239893e-02 5.1604821036e-02
0.0000000000e+00 4.8876169448e-02 5.3327859690e-02
0.0000000000e+00 1.3540972148e-01 8.7173933163e-02
0.0000000000e+00 2.1975574767e-01 1.8926643208e-01
0.0000000000e+00 1.6594618807e-01 2.0194092641e-01
0.0000000000e+00 0.0000000000e+00 0.0000000000e+00
0.0000000000e+00 0.0000000000e+00 0.0000000000e+00
0.0000000000e+00 0.0000000000e+00 0.0000000000e+00
0.0000000000e+00 0.0000000000e+00 0.0000000000e+00
0.0000000000e+00 0.0000000000e+00 0.0000000000e+00
0.0000000000e+00 0.0000000000e+00 0.0000000000e+00
0.0000000000e+00 0.0000000000e+00 0.0000000000e+00
0.0000000000e+00 0.0000000000e+00 0.0000000000e+00
0.0000000000e+00 0.0000000000e+00 0.0000000000e+00
0.0000000000e+00 0.0000000000e+00 0.0000000000e+00
0.0000000000e+00 0.0000000000e+00 0.0000000000e+00
0.0000000000e+00 0.0000000000e+00 0.0000000000e+00
4.9086528027e-08 0.0000000000e+00 0.0000000000e+00
3.5322963280e-07 0.0000000000e+00 0.0000000000e+00
0.0000000000e+00 0.0000000000e+00 0.0000000000e+00
0.0000000000e+00 0.0000000000e+00 0.0000000000e+00
0.0000000000e+00 0.0000000000e+00 0.0000000000e+00
0.0000000000e+00 0.0000000000e+00 0.0000000000e+00
0.0000000000e+00 0.0000000000e+00 0.0000000000e+00
0.0000000000e+00 0.0000000000e+00 0.0000000000e+00
0.0000000000e+00 0.0000000000e+00 0.0000000000e+00
0.0000000000e+00 0.0000000000e+00 0.0000000000e+00
0.0000000000e+00 0.0000000000e+00 0.0000000000e+00
0.0000000000e+00 0.0000000000e+00 0.0000000000e+00
0.0000000000e+00 0.0000000000e+00 0.0000000000e+00
0.0000000000e+00 0.0000000000e+00 0.0000000000e+00
0.0000000000e+00 0.0000000000e+00 0.0000000000e+00
0.0000000000e+00 0.0000000000e+00 0.0000000000e+00
0.0000000000e+00 0.0000000000e+00 0.0000000000e+00
0.0000000000e+00 0.0000000000e+00 0.0000000000e+00
0.0000000000e+00 0.0000000000e+00 0.0000000000e+00
0.0000000000e+00 0.0000000000e+00 0.0000000000e+00
0.0000000000e+00 0.0000000000e+00 0.0000000000e+00
0.0000000000e+00 0.0000000000e+00 0.0000000000e+00
0.0000000000e+00 0.0000000000e+00 0.0000000000e+00
0.0000000000e+00 0.0000000000e+00 0.0000000000e+00
0.0000000000e+00 0.0000000000e+00 0.0000000000e+00
0.0000000000e+00 0.0000000000e+00 0.0000000000e+00
0.0000000000e+00 0.0000000000e+00 0.0000000000e+00
0.0000000000e+00 0.0000000000e+00 0.0000000000e+00
0.0000000000e+00 0.0000000000e+00 0.0000000000e+00
0.0000000000e+00 0.0000000000e+00 0.0000000000e+00
0.0000000000e+00 0.0000000000e+00 0.0000000000e+00
0.0000000000e+00 0.0000000000e+00 0.0000000000e+00
0.0000000000e+00 0.0000000000e+00 0.0000000000e+00
0.0000000000e+00 0.0000000000e+00 0.0000000000e+00
0.0000000000e+00 0.0000000000e+00 0.0000000000e+00
0.0000000000e+00 0.0000000000e+00 0.0000000000e+00
0.0000000000e+00 0.0000000000e+00 0.0000000000e+00
0.0000000000e+00 0.0000000000e+00 0.0000000000e+00
0.0000000000e+00 0.0000000000e+00 0.0000000000e+00
0.0000000000e+00 0.0000000000e+00 0.0000000000e+00
0.0000000000e+00 0.0000000000e+00 0.0000000000e+00
8.8320403696e-06 0.0000000000e+00 0.0000000000e+00
0.0000000000e+00 0.0000000000e+00 0.0000000000e+00
0.0000000000e+00 0.0000000000e+00 0.0000000000e+00
0.0000000000e+00 0.0000000000e+00 0.0000000000e+00
0.0000000000e+00 0.0000000000e+00 0.0000000000e+00
4.7712025738e-07 0.0000000000e+00 0.0000000000e+00
0.0000000000e+00 0.0000000000e+00 0.0000000000e+00
2.9887390323e-02 0.0000000000e+00 0.0000000000e+00
2.6332749364e-02 0.0000000000e+00 0.0000000000e+00
1.5736517419e-02 0.0000000000e+00 0.0000000000e+00
2.3551251739e-02 0.0000000000e+00 0.0000000000e+00
2.6543077237e-02 0.0000000000e+00 0.0000000000e+00
2.2796556354e-02 0.0000000000e+00 0.0000000000e+00
2.2796556354e-02 0.0000000000e+00 0.0000000000e+00
2.2796556354e-02 0.0000000000e+00 0.0000000000e+00
1.6423690909e-02 0.0000000000e+00 0.0000000000e+00
2.5557751923e-02 0.0000000000e+00 0.0000000000e+00
3.9132930494e-03 0.0000000000e+00 0.0000000000e+00
3.3564070861e-03 0.0000000000e+00 0.0000000000e+00
3.3564070861e-03 0.0000000000e+00 0.0000000000e+00
3.3564070861e-03 0.0000000000e+00 0.0000000000e+00
3.3564070861e-03 0.0000000000e+00 0.0000000000e+00
2.8509551194e-02 0.0000000000e+00 0.0000000000e+00
2.2525520374e-02 0.0000000000e+00 0.0000000000e+00
2.2525520374e-02 0.0000000000e+00 0.0000000000e+00
0.0000000000e+00 0.0000000000e+00 0.0000000000e+00
0.0000000000e+00 0.0000000000e+00 0.0000000000e+00
0.0000000000e+00 0.0000000000e+00 0.0000000000e+00
7.3828962632e-02 0.0000000000e+00 0.0000000000e+00
5.5977351653e-02 0.0000000000e+00 0.0000000000e+00
6.5175369071e-02 0.0000000000e+00 0.0000000000e+00
0.0000000000e+00 0.0000000000e+00 0.0000000000e+00
0.0000000000e+00 0.0000000000e+00 0.0000000000e+00
1.1025280552e-06 0.0000000000e+00 0.0000000000e+00
1.3840408049e-07 0.0000000000e+00 0.0000000000e+00
1.3840408049e-07 0.0000000000e+00 0.0000000000e+00
0.0000000000e+00 0.0000000000e+00 0.0000000000e+00
3.2933544389e-05 0.0000000000e+00 0.0000000000e+00
1.2085092082e-04 0.0000000000e+00 0.0000000000e+00
0.0000000000e+00 0.0000000000e+00 0.0000000000e+00
0.0000000000e+00 0.0000000000e+00 0.0000000000e+00
0.0000000000e+00 0.0000000000e+00 0.0000000000e+00
9.0370071272e-06 0.0000000000e+00 0.0000000000e+00
9.0369980702e-06 0.0000000000e+00 0.0000000000e+00
0.0000000000e+00 0.0000000000e+00 0.0000000000e+00
0.0000000000e+00 0.0000000000e+00 0.0000000000e+00
0.0000000000e+00 0.0000000000e+00 0.0000000000e+00
0.0000000000e+00 0.0000000000e+00 0.0000000000e+00
0.0000000000e+00 0.0000000000e+00 0.0000000000e+00
0.0000000000e+00 0.0000000000e+00 0.0000000000e+00
0.0000000000e+00 0.0000000000e+00 0.0000000000e+00
0.0000000000e+00 0.0000000000e+00 0.0000000000e+00
0.0000000000e+00 0.0000000000e+00 0.0000000000e+00
0.0000000000e+00 0.0000000000e+00 0.0000000000e+00
0.0000000000e+00 0.0000000000e+00 0.0000000000e+00
1.2347801642e-05 1.9880929838e-01 5.3613820175e-01
0.0000000000e+00 1.4534038119e-01 5.6244888902e-01
2.7761334119e-05 2.8296073278e-02 5.8659196645e-01
0.0000000000e+00 2.2236003929e-02 1.7171534166e-02
2.5095023351e-03 1.2842958948e-02 2.8214834165e-02
3.2656882828e-08 3.0697465191e-01 2.7598497644e-01
1.7963216843e-05 3.0368368576e-01 1.5376853198e-01
0.0000000000e+00 1.8400143832e-01 1.4314880827e-02
0.0000000000e+00 1.9140234465e-01 1.4896490223e-02
0.0000000000e+00 1.6625241935e-01 7.6557014758e-02
2.0928496184e-03 3.2839528130e-02 3.5148573263e-02
0.0000000000e+00 1.7046785479e-01 6.0253461512e-02
1.0774508610e-04 1.6606746862e-02 4.7584812157e-02
2.7931052955e-05 1.0485622411e-01 7.4526859447e-02
1.4473023953e-06 1.7866400381e-02 2.2675221320e-02
0.0000000000e+00 2.0091513366e-02 6.1253003466e-03
4.9078990439e-05 4.7453791524e-02 5.8666931000e-03
2.2595000322e-05 4.7681170671e-02 6.1883361389e-03
0.0000000000e+00 6.7895309379e-02 6.4637576773e-03
0.0000000000e+00 2.7836128138e-02 5.6217367528e-03
0.0000000000e+00 1.5016614615e-02 5.3633784798e-03
0.0000000000e+00 1.2632505774e-02 5.5864950797e-03
0.0000000000e+00 5.9296958304e-03 5.2453424044e-03
9.7089396907e-07 1.0851554437e-02 5.8746012704e-03
1.3840260730e-07 1.6205720914e-02 5.7451083170e-03
0.0000000000e+00 1.6121054650e-02 5.7378141209e-03
0.0000000000e+00 2.0010373992e-03 5.9177208459e-03
0.0000000000e+00 2.5033703811e-03 5.7392326416e-03
9.5310282830e-06 1.4100808922e-02 5.6049488097e-03
2.7529814399e-06 1.7262559501e-02 1.2167041423e-02
1.1480027176e-04 1.9506845041e-02 9.7426816355e-03
1.5920868299e-02 1.3487773171e-02 1.5978664936e-02
1.3181230674e-02 5.7896329400e-02 4.2074423206e-03
9.0438280722e-06 4.0870932707e-02 5.2156293920e-03
8.3033224504e-07 1.9285503232e-02 4.6269485028e-03
9.1771793980e-06 1.3435355465e-02 4.4436457877e-03
0.0000000000e+00 2.6999734032e-02 4.4027692056e-03
0.0000000000e+00 3.3103650281e-02 4.4281353476e-03
0.0000000000e+00 2.2681621136e-02 3.3833487929e-03
0.0000000000e+00 1.9493638538e-02 3.6033945313e-03
6.4461152619e-10 1.4428733227e-02 3.5423913699e-03
0.0000000000e+00 1.0870999036e-01 0.0000000000e+00
4.9030045683e-07 8.8093095769e-02 1.2301631195e-09
5.6288365376e-07 8.0230795157e-02 1.4677401146e-09
0.0000000000e+00 8.7509983530e-02 0.0000000000e+00
9.1947800911e-06 7.7123900875e-02 0.0000000000e+00
2.6471297512e-05 1.1101969207e-01 2.3260962128e-05
5.4999982998e-07 4.3227550418e-02 0.0000000000e+00
4.4381286367e-06 4.6758379787e-02 1.6692837145e-06
1.4447545880e-06 2.3281665674e-02 3.6225072957e-04
2.5734714654e-05 1.0221255695e-01 0.0000000000e+00
2.1615801757e-05 8.5255199112e-02 0.0000000000e+00
1.4933530232e-04 8.0240953714e-02 0.0000000000e+00
3.4663006469e-04 1.0444828495e-01 0.0000000000e+00
3.4663006469e-04 1.0444828495e-01 0.0000000000e+00
1.0688182277e-01 1.5502772199e-03 1.2321933340e-06
1.0688182277e-01 1.5502772199e-03 1.2321933340e-06
1.3478606691e-01 1.6562538403e-03 8.4263142952e-07
3.6116844043e-02 2.1557557086e-03 5.6937364328e-04
3.6361859801e-02 1.5598559143e-03 3.3726586601e-04
3.5799688194e-02 1.6127409166e-03 6.3709771017e-06
3.8019803663e-02 5.0434023142e-03 3.0794044991e-04
3.4838247889e-02 2.2001514717e-03 2.3200347088e-02
3.6716334056e-02 1.8377709823e-02 1.8617220456e-02
3.6716334056e-02 1.8377709823e-02 1.8617220456e-02
3.7037996265e-02 1.3171353688e-02 1.4772178295e-02
3.6763098557e-02 1.7600836620e-02 1.2697073709e-02
3.6117267640e-02 1.4889188809e-02 2.0846853964e-02
3.6204687941e-02 3.4251855638e-03 1.4919979032e-02
3.5945884418e-02 3.3659266701e-03 2.0893635383e-02
3.6867109903e-02 5.1271203284e-02 9.7416424736e-04
3.5995752861e-02 2.2863501993e-02 8.4619828461e-05
3.5506308389e-02 6.6533272465e-02 5.5722509766e-05
3.5790631548e-02 6.1189461189e-02 1.6967039664e-04
3.7259332060e-02 6.5584225891e-02 6.3771853214e-04
3.8178878836e-02 5.8028399323e-02 2.8642185134e-04
3.7185177983e-02 3.5538916166e-02 9.2495720461e-05
2.1039389540e-02 3.7380516219e-02 4.6837680808e-04
2.1039389540e-02 3.7380516219e-02 4.6837680808e-04
2.2659488643e-02 3.6785450609e-02 1.1265742602e-03
1.9425253073e-02 3.7141038260e-02 1.1324612375e-03
6.9946128254e-02 2.9466648586e-02 1.1828436933e-03
4.7653945473e-02 2.3168749952e-02 9.1557737809e-04
1.1564454685e-01 3.0884134273e-02 6.9458799650e-04
1.6555226594e-01 2.2843874370e-02 7.1694901999e-04
1.4821431910e-01 2.7448928760e-02 7.9282092338e-04
1.5216092641e-01 2.2971509025e-02 7.4890305405e-04
1.5108092253e-01 2.6008395012e-02 7.9241580291e-04
1.4426810667e-01 2.0747164575e-02 7.3741791615e-04
1.0034192726e-01 2.2440684183e-02 7.8392856328e-04
8.2087688769e-02 1.8830853126e-02 6.9994955750e-04
1.3096651559e-01 2.2937508766e-02 6.5499199021e-04
1.8697695062e-01 2.6018890242e-02 6.6001942226e-04
2.0720279093e-01 2.2664833659e-02 6.4489184782e-04
1.3348172046e-01 2.0357422996e-02 6.5249477484e-04
2.2284786527e-01 1.6778949415e-02 6.2955164321e-04
7.6000861824e-02 1.8292571418e-02 6.1393179446e-04
8.9895447716e-02 1.2865088725e-02 7.0056640834e-04
1.6144713511e-01 1.4576559809e-02 6.9592105380e-04
1.8304792543e-02 8.7661450108e-02 7.4568645505e-04
1.7263685664e-02 1.0908073870e-01 6.0176473441e-04
1.0932001596e-01 7.2625416641e-02 7.1560140350e-04
1.5533020720e-01 2.7598252365e-02 7.0135900266e-04
4.1005690272e-02 7.3973805023e-02 7.7397197310e-04
6.5266085789e-02 5.2949210008e-02 5.8007663514e-04
1.2109035191e-01 6.6115604093e-02 6.5121651278e-04
1.5268021946e-01 6.2942252184e-02 7.5899211030e-04
1.4451094841e-01 7.7552651986e-02 6.8241236052e-04
5.4200230166e-02 6.9130351767e-02 7.0189125836e-04
9.9375922854e-02 2.8008946373e-02 6.4256535552e-04
9.3132577216e-02 7.3115194216e-02 7.1912548447e-04
5.6828282153e-02 8.1914116318e-02 7.7785696582e-04
1.0581012008e-01 7.3257183346e-02 7.1707799119e-04
8.9648973818e-02 5.4131934419e-02 7.9165908877e-04
1.6065995271e-01 5.2749521720e-02 6.4846601163e-04
1.6526105752e-01 7.5123674236e-02 7.6428042181e-04
1.7101920272e-01 8.7080202997e-02 6.9515425033e-04
1.2133889335e-01 2.2235649700e-01 8.5683359066e-04
2.0230728512e-01 7.5811330850e-02 7.1737360364e-04
2.2186945379e-01 6.3366483587e-02 7.7125926812e-04
2.2186945379e-01 6.3366483587e-02 7.7125926812e-04
1.9616368661e-01 6.0623256490e-02 7.2191771081e-04
5.7615927731e-02 1.0681373936e-01 8.8244304546e-04
5.7615927731e-02 1.0681373936e-01 8.8244304546e-04
2.2376334171e-01 3.8749333161e-02 7.1014540057e-04
2.2228510181e-01 6.0314304195e-02 7.7782546578e-04
3.2344930960e-02 1.1707754185e-01 8.9155723981e-04
4.8589505876e-02 1.0690519835e-01 3.3461274991e-04
2.2469043483e-01 6.1297541484e-02 3.3722574396e-04
3.7608182679e-02 1.6784638539e-01 3.9576923640e-04
3.7608182679e-02 1.6784638539e-01 3.9576923640e-04
1.0393385403e-01 5.4407480173e-02 4.0592548370e-04
4.5714078161e-02 1.7378549402e-01 3.7380272746e-04
5.2839166174e-02 1.4995391294e-01 3.7551520654e-04
3.9532345099e-02 1.3440612517e-01 3.9273798029e-04
3.3462437491e-02 1.3694002852e-01 3.2221008708e-04
1.4082295882e-01 9.3319250271e-02 3.7239808929e-04
4.1305529575e-02 1.1282324418e-01 3.1445413697e-04
5.9314403062e-02 6.2933623480e-02 3.0998739264e-04
5.9314403062e-02 6.2933623480e-02 3.0998739264e-04
5.1716011018e-02 7.6401035922e-02 3.1723742237e-04
2.9076545965e-02 9.2668234681e-02 3.3919570584e-04
2.9018599540e-02 2.0675184671e-02 2.8050612066e-04
1.0064301469e-02 9.3235038842e-02 3.0814981437e-04
1.2834928464e-02 1.6242333315e-01 3.2698984675e-04
6.4836952214e-02 3.7404204098e-02 3.0546390553e-04
6.5658743804e-02 2.5804926486e-02 3.0403861092e-04
6.5658743804e-02 2.5804926486e-02 3.0403861092e-04
3.9234142285e-02 3.6119194857e-02 3.0573365802e-04
4.3799594355e-02 3.8607465103e-02 3.1463655129e-04
7.1339609722e-02 1.5071176769e-02 1.6635378506e-04
7.6113838392e-02 1.4939661681e-02 8.3603997988e-05
6.8785403855e-02 1.5107870800e-02 8.5335610644e-05
7.5525993171e-02 1.4141438141e-02 9.2741723014e-05
2.7680284499e-02 3.2669038512e-02 1.2662761098e-04
3.0974087616e-02 3.2700186130e-02 1.4477007850e-04
4.8058078935e-02 4.2839477770e-02 1.6970371811e-04
8.5954330241e-02 3.1818419384e-02 3.5969088882e-04
3.6331116067e-02 7.6039748266e-02 1.4164325316e-02
7.1002536453e-02 3.1164193681e-02 2.6428214274e-02
7.7878422414e-02 3.7924412328e-02 2.9494211854e-02
6.6344625937e-02 6.9352801579e-02 2.9633179152e-02
2.9633940198e-02 6.4274280332e-02 2.2902886461e-02
9.1989023611e-02 6.6568247043e-02 3.2391806599e-02
1.9592666626e-01 3.7889737481e-02 6.4554010207e-02
9.7673994179e-02 3.9872320990e-02 3.2897205558e-02
1.0351138500e-01 3.8609457823e-02 2.4682756513e-02
6.9444130796e-02 4.8522060116e-02 3.4885640877e-02
6.9444130796e-02 4.8522060116e-02 3.4885640877e-02
6.4599604346e-02 8.0744576951e-02 3.3531216284e-02
1.1663621416e-01 4.8554487837e-02 7.4747142692e-02
8.0576588089e-02 8.5305319478e-02 6.7614406658e-02
7.7869853626e-02 8.5896636670e-02 4.4226155461e-02
1.0137749401e-01 1.0097813047e-01 8.4859477667e-02
7.5033543321e-02 3.7819921039e-02 4.8934217853e-02
1.0457676152e-01 6.7268206427e-02 3.9546406207e-02
4.8599647048e-02 1.1914496620e-01 3.9578009707e-02
4.9905692538e-02 1.3582764256e-01 5.0070488049e-02
6.0341066370e-02 7.8460219627e-02 3.8008427868e-02
4.7262488243e-02 1.3628635493e-01 5.0968835441e-02
3.8374921617e-02 1.1081883373e-01 5.1300017008e-02
4.2318127739e-02 1.0602212821e-01 6.0470211009e-02
5.4951111476e-02 7.9981055732e-02 4.3089118631e-02
3.3991424056e-02 9.9724563460e-02 4.0159351037e-02
5.3554332815e-02 7.7383361757e-02 3.6231415812e-02
4.1336244748e-02 7.6909793541e-02 3.0104238618e-02
1.9297418961e-02 1.0372763326e+00 1.4588566652e-03
6.9369277358e-01 7.7843392889e-01 8.4098081425e-04
8.8235811889e-01 6.5067945917e-01 9.7509304760e-04
7.4111043910e-01 7.7379785478e-01 1.0932658915e-03
7.3184679449e-01 9.5860378941e-01 9.3566622672e-04
7.3184679449e-01 9.5860378941e-01 9.3566622672e-04
9.8034091294e-01 6.0533215106e-01 2.0346333816e-03
7.9654332499e-01 6.7179900408e-01 1.6195509573e-03
7.3723301291e-01 7.5108073652e-01 1.4195431043e-03
2.3644510657e-01 7.4723810454e-01 2.4111937964e-03
2.5535626337e-01 7.0312828819e-01 3.1033297807e-03
1.9567438463e-01 8.3905806144e-01 2.8105902408e-03
2.3256799951e-01 8.4202979008e-01 1.3408719581e-03
2.7055346097e-01 7.0906265080e-01 2.6607098795e-03
1.5139152855e-01 9.7235730290e-01 2.6849849188e-03
2.8045444936e-01 7.5850538413e-01 2.2628042110e-03
2.3246860380e-01 7.7475095789e-01 3.2788807293e-03
1.4658828452e-01 9.2422789832e-01 2.9048953438e-03
2.7628212174e-01 1.3296405824e-02 1.0396449710e-02
1.9740058233e-01 3.3463623840e-02 5.5363144881e-03
2.0029994225e-01 1.9942989728e-02 4.8430206953e-03
1.9395474717e-01 3.0580260946e-02 3.6216216783e-03
1.7120490099e-01 2.7885049737e-02 7.6643953216e-03
1.4062235057e+00 0.0000000000e+00 0.0000000000e+00
1.5272905231e+00 0.0000000000e+00 0.0000000000e+00
1.5272905231e+00 0.0000000000e+00 0.0000000000e+00
1.1562551459e+00 0.0000000000e+00 0.0000000000e+00
9.4932669898e-01 0.0000000000e+00 0.0000000000e+00
9.4932669898e-01 0.0000000000e+00 0.0000000000e+00
9.1355643670e-01 0.0000000000e+00 0.0000000000e+00
2.4492421995e-01 0.0000000000e+00 0.0000000000e+00
2.4492421995e-01 0.0000000000e+00 0.0000000000e+00
8.5175693035e-02 9.8710580667e-01 5.5183832349e-04
8.5175693035e-02 9.8710580667e-01 5.5183832349e-04
3.3782132218e-01 8.6098443468e-01 1.4625640567e-03
3.5882771636e-02 8.6323373020e-01 4.8560190946e-02
2.9695733761e-02 8.6415143311e-01 3.9945094846e-02
6.0324843119e-03 1.0344021420e+00 9.4190988845e-04
7.9882830226e-03 1.0279364139e+00 1.3068724656e-03
1.1111502039e-01 5.3553853681e-01 9.2700979362e-02
9.9930885558e-02 5.5404779563e-01 8.1314551334e-02
9.9930885558e-02 5.5404779563e-01 8.1314551334e-02
1.2159378827e-01 5.4996414483e-01 8.9799632629e-02
1.2159378827e-01 5.4996414483e-01 8.9799632629e-02
8.6850492284e-02 6.2129703661e-01 8.4251213198e-02
1.2463516742e-01 5.8053314686e-01 8.5043128580e-02
1.1890206983e-01 5.5760416140e-01 7.6780903464e-02
9.6830790242e-01 4.3255891651e-01 1.0620151530e-02
1.0694258412e+00 4.2984221131e-01 3.9514042748e-02
1.0273394585e+00 4.2726363738e-01 3.3165271084e-02
9.3643810352e-01 4.3454836061e-01 3.2331284446e-02
1.8355038762e-01 9.2167166683e-02 2.2755891744e-03
1.2084984717e-01 7.6667856115e-02 8.1816745175e-04
1.2100506139e-01 8.0631014270e-02 2.5417866030e-03
1.1489501658e-01 5.5715738796e-02 1.8961103943e-02
1.3034750024e-01 1.0599357386e-01 4.2756386489e-03
1.1994924148e-01 8.8270458393e-02 3.8446783437e-03
1.4052764388e-01 9.1497551339e-02 3.4399034436e-03
1.3627582913e-01 1.1053283451e-01 3.3524500711e-03
1.4510977082e-01 1.0581952644e-01 7.7526133585e-03
1.4758375908e-01 1.0370013863e-01 7.3454653999e-03
1.4287151148e-01 8.0450168811e-02 1.4858863239e-02
3.7067764501e-01 1.2305448577e-01 1.2296036439e-03
2.4456838518e-01 3.0451691647e-01 4.0315591226e-03
2.4527200436e-01 2.5264369324e-01 2.4429896827e-03
1.8711979687e-01 2.8296210244e-01 5.3728490020e-03
1.8711979687e-01 2.8296210244e-01 5.3728490020e-03
1.7880094672e-01 2.4782668799e-01 2.3682936929e-03
4.6246934434e-01 8.7650271257e-01 5.0765513831e-03
3.4412694474e-01 9.5161747436e-01 9.9215783024e-03
3.3824255317e-01 9.7482350965e-01 8.8973797004e-03
3.0742266774e-01 9.6357577542e-01 9.8501043394e-03
2.5652836077e-02 1.0989807248e+00 2.1073740403e-03
1.9212542567e-02 1.0694064995e+00 2.4694890793e-03
7.9705479244e-02 1.0775046696e+00 2.0471515406e-03
6.3915304219e-02 1.0680103451e+00 2.3893822993e-03
6.5832549085e-02 1.0860045056e+00 2.3646366317e-03
6.4429675229e-02 1.0747570048e+00 1.9431636125e-03
5.2108543615e-02 1.0857518017e+00 1.9543414819e-03
5.1636801722e-02 1.0822142065e+00 1.8857461885e-03
3.6817023841e-02 1.0781717499e+00 1.8283135626e-03
1.9036856170e-02 1.0961385071e+00 6.8173072068e-03
1.3953102442e-02 1.1141080856e+00 6.7377211138e-03
2.2540656539e-02 1.1244667570e+00 6.6148098170e-03
3.4954430225e-02 1.0774865796e+00 8.6782280511e-03
4.1822180152e-02 1.0751742125e+00 8.8012748165e-03
3.4108687813e-02 1.1075626016e+00 7.2144044486e-03
2.5483800467e-04 1.3585516314e+00 3.6714147306e-04
4.5364021692e-05 1.4162419140e+00 3.3034233517e-04
4.1971723022e-05 1.4696817100e+00 3.3085135510e-04
5.0508949244e-05 1.4114344915e+00 3.3185292220e-04
3.3156176566e-05 1.3999840816e+00 3.5728764002e-04
3.6578577541e-05 1.4703162213e+00 3.6837093163e-04
3.3952289111e-05 1.4609989425e+00 4.1452728571e-04
3.4199081559e-05 1.4415381054e+00 3.5181775941e-04
2.7390686076e-05 1.4255835513e+00 3.1871974473e-04
1.4562128422e-02 1.0831736525e+00 1.0362056317e-02
1.7846288315e-02 1.0961165329e+00 9.9783461386e-03
1.8616127161e-02 1.0891223550e+00 9.8885799913e-03
2.1561133365e-02 1.0900180042e+00 1.0328672516e-02
1.2275229674e-02 1.1113011638e+00 7.7483543816e-03
2.2268206036e-02 1.0884861549e+00 9.5296713989e-03
1.1940122301e-03 1.1343188385e+00 4.7105245370e-03
8.7869190999e-03 1.0760658632e+00 5.9430256564e-03
4.8894300514e-03 1.1143552264e+00 5.1479904602e-03
5.4345199994e-03 1.1115803023e+00 5.6869869198e-03
2.3761589546e-02 1.3257438540e+00 6.2486877432e-03
2.5600353722e-02 1.3197942277e+00 6.5192596133e-03
3.3499960943e-02 1.2878588438e+00 9.1655532985e-03
3.2154597963e-02 1.2958777944e+00 7.4549634010e-03
3.1321824373e-02 1.2485974630e+00 1.2042500777e-02
5.4975024347e-03 1.3252750436e+00 7.7071172418e-03
5.4831350377e-03 1.3851595521e+00 5.9387705211e-03
4.9251140639e-03 1.3116220733e+00 6.8202997791e-03
9.6649532982e-04 1.3419136405e+00 1.3815164411e-02
1.7966599980e-02 1.3627064824e+00 1.3372624526e-02
1.4660666774e-02 1.3461908797e+00 1.2346245504e-02
1.4816887910e-02 1.4951012929e+00 1.3427642096e-02
1.7366029012e-02 1.4897420009e+00 1.1609923560e-02
8.5435897733e-03 1.4303603470e+00 1.3596828328e-02
8.5435897733e-03 1.4303603470e+00 1.3596828328e-02
8.5435897733e-03 1.4303603470e+00 1.3596828328e-02
7.0534608482e-03 1.5474476417e+00 8.5641855840e-03
7.0534608482e-03 1.5474476417e+00 8.5641855840e-03
2.3492157076e-04 1.8083339632e+00 2.3173344671e-03
2.6897801824e-04 1.8571178218e+00 2.5824448094e-03
6.8606570615e-04 1.6573312382e+00 6.4081639672e-03
5.0710946137e-04 1.6681100229e+00 5.9472039187e-03
3.2620832159e-04 1.6971368591e+00 4.7817298910e-03
2.5158050897e-03 1.7326804002e+00 4.8214285634e-03
2.4705220858e-04 1.6901235878e+00 3.2317052828e-03
4.8662541124e-02 1.2304103971e+00 1.4127376489e-02
2.3308885905e-02 1.2446652055e+00 1.0152693605e-02
2.7887511222e-02 1.2386311293e+00 1.0760898469e-02
7.4733813138e-03 1.2725627919e+00 8.1542543679e-03
1.1031190554e-02 1.2543551524e+00 9.0853453924e-03
8.5591051107e-02 1.1561525166e+00 1.3472619311e-02
5.2102008291e-03 1.2122968237e+00 1.5507546952e-02
5.1441966013e-03 1.1869844000e+00 1.6638853510e-02
1.1293691568e-04 1.1788037121e+00 1.9124932587e-02
1.5603217859e-04 1.1782313983e+00 2.1358685413e-02
5.1761829915e-04 1.1473309795e+00 2.3182714203e-02
2.1296381965e-04 1.2088892659e+00 2.3431521996e-02
1.2229303017e-04 1.2502464851e+00 1.2446838431e-02
5.4808556645e-04 1.2716145118e+00 4.9206498855e-03
7.8217633111e-08 4.3410835912e-01 6.6915345378e-02
9.4483666923e-06 6.8306291600e-01 3.2203443038e-02
0.0000000000e+00 0.0000000000e+00 0.0000000000e+00
0.0000000000e+00 0.0000000000e+00 0.0000000000e+00
0.0000000000e+00 0.0000000000e+00 0.0000000000e+00
0.0000000000e+00 0.0000000000e+00 0.0000000000e+00
0.0000000000e+00 0.0000000000e+00 0.0000000000e+00
0.0000000000e+00 0.0000000000e+00 0.0000000000e+00
6.0840458299e-02 0.0000000000e+00 0.0000000000e+00
6.4810685503e-02 0.0000000000e+00 0.0000000000e+00
1.1324003711e-01 0.0000000000e+00 0.0000000000e+00
1.1324003711e-01 0.0000000000e+00 0.0000000000e+00
2.9421676820e-01 0.0000000000e+00 0.0000000000e+00
2.9421676820e-01 0.0000000000e+00 0.0000000000e+00
2.4318855007e+00 0.0000000000e+00 0.0000000000e+00
8.5536985099e-01 0.0000000000e+00 0.0000000000e+00
1.4705055455e+00 0.0000000000e+00 0.0000000000e+00
4.8187538485e-01 0.0000000000e+00 0.0000000000e+00
2.4101163149e+00 0.0000000000e+00 0.0000000000e+00
2.4172801177e+00 0.0000000000e+00 0.0000000000e+00
2.4172801177e+00 0.0000000000e+00 0.0000000000e+00
2.4172801177e+00 0.0000000000e+00 0.0000000000e+00
2.4135714571e+00 0.0000000000e+00 0.0000000000e+00
2.4135714571e+00 0.0000000000e+00 0.0000000000e+00
2.4135714571e+00 0.0000000000e+00 0.0000000000e+00
2.4135714571e+00 0.0000000000e+00 0.0000000000e+00
2.4157566826e+00 0.0000000000e+00 0.0000000000e+00
1.7207297186e-01 0.0000000000e+00 0.0000000000e+00
1.7207297186e-01 0.0000000000e+00 0.0000000000e+00
2.1957512945e-01 0.0000000000e+00 0.0000000000e+00
2.1481161689e-01 0.0000000000e+00 0.0000000000e+00
2.7516127750e-01 0.0000000000e+00 0.0000000000e+00
2.7516127750e-01 0.0000000000e+00 0.0000000000e+00
3.9406009763e-01 0.0000000000e+00 0.0000000000e+00
3.9406009763e-01 0.0000000000e+00 0.0000000000e+00
9.3930919965e-01 0.0000000000e+00 0.0000000000e+00
8.5939745605e-01 0.0000000000e+00 0.0000000000e+00
2.8640884360e+00 0.0000000000e+00 0.0000000000e+00
1.5425020556e+00 0.0000000000e+00 0.0000000000e+00
1.6463698745e+00 0.0000000000e+00 0.0000000000e+00
1.2241748472e+00 0.0000000000e+00 0.0000000000e+00
1.7248048882e+00 0.0000000000e+00 0.0000000000e+00
2.8435060506e-01 0.0000000000e+00 0.0000000000e+00
7.2937517862e-01 0.0000000000e+00 0.0000000000e+00
9.6214352548e-01 0.0000000000e+00 0.0000000000e+00
1.6772382458e-01 0.0000000000e+00 0.0000000000e+00
1.6772382458e-01 0.0000000000e+00 0.0000000000e+00
8.8607647767e-02 0.0000000000e+00 0.0000000000e+00
1.3211476368e-01 0.0000000000e+00 0.0000000000e+00
3.4522075703e-01 0.0000000000e+00 0.0000000000e+00
3.2273818533e-06 3.2131253680e-01 1.7981643478e-01
6.7147399937e-08 3.5324011495e-01 1.5263374150e-01
4.3370490251e-07 3.6589389294e-01 1.6856724148e-01
4.4765219798e-07 3.7543690701e-01 1.6460742926e-01
2.7640137053e-07 3.8675810397e-01 1.4879427726e-01
1.8141502167e-07 3.8578116397e-01 1.4148768907e-01
1.3725640594e-07 3.8474778334e-01 1.4000698055e-01
3.1483190052e-06 9.0324792266e-01 1.2021272381e-01
1.5070409513e-07 3.9499064287e-01 1.2948971738e-01
2.7070081288e-07 3.8868175944e-01 1.4979432772e-01
2.3617075821e-07 3.8772455603e-01 1.3201432986e-01
6.3518887809e-07 4.0774785727e-01 1.2874362866e-01
1.3416134360e-06 6.4851511518e-01 9.0984464933e-02
2.7871023273e-06 6.5162051221e-01 6.3095574888e-02
4.0102369212e-06 7.0694504678e-01 6.7764673382e-02
2.0227595314e-06 6.5361035864e-01 4.2243028680e-02
1.9345859861e-04 7.0025359591e-01 1.0763322252e-01
4.4728162341e-06 7.0471139252e-01 1.0546503216e-01
4.8079144411e-06 7.0081051191e-01 2.0006029680e-01
1.2311925335e-03 7.1476502220e-01 1.5682641044e-01
3.7748772002e-06 5.0236059229e-01 1.7447172975e-01
1.0127168783e-05 6.0226985315e-01 1.6739572833e-01
2.4682037747e-06 5.7321012765e-01 1.7839063952e-01
1.3934466665e-06 5.4804312189e-01 1.7553286503e-01
1.3934466665e-06 5.4804312189e-01 1.7553286503e-01
1.6874422026e-06 5.8885265887e-01 1.0211607628e-01
5.8504204314e-06 9.4226781030e-01 1.0879957179e-01
1.7516594744e-04 8.9771982531e-01 1.0353951839e-01
4.2827727308e-06 8.8803430398e-01 8.9347794031e-02
2.4657360215e-04 9.1514799992e-01 9.4506571069e-02
7.9475699749e-05 9.0786699951e-01 4.9369282089e-02
5.4166916622e-05 9.2969965438e-01 6.6993970424e-02
5.4166916622e-05 9.2969965438e-01 6.6993970424e-02
7.5892463750e-07 8.0014804502e-01 9.7952066610e-02
1.7230190300e-06 8.1281543275e-01 9.7913622235e-02
7.1856485041e-06 8.1598661343e-01 3.6760218441e-02
4.9213054609e-07 7.3190459609e-01 1.3410651063e-01
9.8377943232e-06 8.3910224835e-01 8.5774776836e-02
3.1031793570e-10 5.9335485597e-01 4.4314440961e-02
1.0690550549e-07 7.8792545199e-01 2.5895648015e-02
1.3026817018e-07 4.6164914221e-01 2.8566779103e-02
3.8273724042e-08 8.5831422110e-01 4.6366554995e-02
2.6397233436e-07 6.9908559322e-01 4.7949904576e-02
2.6481463096e-08 8.6181212962e-01 3.4051895452e-02
6.5762269241e-10 6.4373697837e-01 2.4776948461e-02
6.5762269241e-10 6.4373697837e-01 2.4776948461e-02
1.1815320308e-10 7.6191210250e-01 2.7095531734e-02
2.4256724392e-07 8.7683987617e-01 4.0007272425e-02
2.9665635045e-07 8.4824940066e-01 3.5928441212e-02
9.7316629422e-08 8.0021053056e-01 3.9645938824e-02
8.5372082443e-05 6.8652399381e-01 4.0222746631e-02
6.4326388459e-06 8.2915216188e-01 4.1995457374e-02
1.3522133061e-04 8.9099845787e-01 4.6057293502e-02
8.6604208605e-07 7.4815534055e-01 3.1187279460e-02
2.0790266353e-04 7.9339432716e-01 2.6561666435e-02
2.6943536553e-04 8.5546680788e-01 3.5562236793e-02
2.8685262047e-06 7.2331133982e-01 3.7491300143e-02
3.0465731037e-08 2.4564138552e-01 4.5077013162e-02
1.7427534544e-06 2.0960216473e-01 3.3657717984e-02
5.5303595904e-12 1.5476601571e-01 5.0536640920e-02
7.3728504191e-08 2.7162491903e-01 4.9690194118e-02
2.8000610731e-06 2.9529323677e-01 3.8588819715e-02
1.1090549956e-12 1.9822248941e-01 5.6899947114e-02
2.5007916567e-07 5.0378319621e-01 3.2161549355e-02
0.0000000000e+00 2.3527959113e-01 2.2935405218e-02
0.0000000000e+00 2.0801291615e-01 2.1922062927e-02
6.3830486852e-07 3.3959132433e-01 3.9102486956e-02
0.0000000000e+00 1.3194634145e-01 3.9169293828e-02
0.0000000000e+00 2.6468411957e-01 8.3066531767e-02
0.0000000000e+00 2.3518751437e-01 6.3867334587e-02
3.2699219628e-09 1.2605542503e-01 3.9220962363e-02
1.6877284448e-07 1.0834857759e-01 6.5800011468e-02
3.8092931464e-08 4.1203519950e-01 4.0567726828e-02
0.0000000000e+00 2.3925962423e-01 5.6531392969e-02
0.0000000000e+00 4.0197560688e-01 7.7773870900e-02
0.0000000000e+00 4.0197560688e-01 7.7773870900e-02
3.9440036595e-11 6.7026170095e-01 4.0241378049e-02
0.0000000000e+00 3.3489303042e-01 5.0787507246e-02
7.5346898498e-08 3.2664191475e-01 4.1105185946e-02
0.0000000000e+00 3.2483654718e-01 4.4470455498e-02
5.3284004631e-05 5.7901213566e-01 5.2778059927e-02
3.7020825072e-08 5.1718253394e-01 4.4186117748e-02
9.7293421580e-06 5.6111104786e-01 5.0968289686e-02
4.1601403306e-05 6.5023702383e-01 5.1469853458e-02
2.1764980981e-05 5.6809459130e-01 5.2332456224e-02
1.0181748375e-06 5.6000863264e-01 4.8240916803e-02
0.0000000000e+00 4.5256310701e-01 3.5339228654e-02
1.4076609583e-05 4.6093621353e-01 4.4489204573e-02
5.0927274439e-06 4.8522132883e-01 4.2696628099e-02
1.2604611735e-05 4.4265663127e-01 3.8393916562e-02
9.2424445484e-06 4.7946006805e-01 3.9322067983e-02
1.8742372276e-05 4.9053020030e-01 5.7622747185e-02
0.0000000000e+00 4.6513240784e-01 3.5668503183e-02
3.5121709516e-05 6.1625794073e-01 1.4780512825e-01
1.8527773060e-05 6.0135730604e-01 1.1888001487e-01
3.0421140309e-05 1.0558970273e+00 2.2814622397e-01
1.2464793811e-04 1.0405587753e+00 2.3034793387e-01
1.2464793811e-04 1.0405587753e+00 2.3034793387e-01
0.0000000000e+00 6.2346936762e-01 8.5295104732e-02
7.4583039047e-05 9.4155475497e-01 1.5317505474e-01
3.8605515821e-06 9.7692224880e-01 1.4635990933e-01
6.4393747076e-05 8.9295994739e-01 2.3408142229e-01
9.7875365100e-05 8.4596651793e-01 1.8753900876e-01
9.7875365100e-05 8.4596651793e-01 1.8753900876e-01
1.3551741916e-03 0.0000000000e+00 0.0000000000e+00
9.7804932254e-04 0.0000000000e+00 0.0000000000e+00
9.8811302208e-04 0.0000000000e+00 0.0000000000e+00
1.4321455480e-03 0.0000000000e+00 0.0000000000e+00
4.5578264326e-04 0.0000000000e+00 0.0000000000e+00
1.4358573389e-03 0.0000000000e+00 0.0000000000e+00
1.2414004062e-03 0.0000000000e+00 0.0000000000e+00
1.1008801108e-03 0.0000000000e+00 0.0000000000e+00
6.6184917159e-04 0.0000000000e+00 0.0000000000e+00
2.2102804602e-03 0.0000000000e+00 0.0000000000e+00
2.2102804602e-03 0.0000000000e+00 0.0000000000e+00
1.2377273621e-03 0.0000000000e+00 0.0000000000e+00
1.0709988885e-01 0.0000000000e+00 0.0000000000e+00
1.1382349208e-01 0.0000000000e+00 0.0000000000e+00
1.1382349208e-01 0.0000000000e+00 0.0000000000e+00
1.0774976512e-01 0.0000000000e+00 0.0000000000e+00
1.2030573996e-01 0.0000000000e+00 0.0000000000e+00
2.1181776964e-02 0.0000000000e+00 0.0000000000e+00
3.8584394225e-02 0.0000000000e+00 0.0000000000e+00
3.8584394225e-02 0.0000000000e+00 0.0000000000e+00
4.6115343769e-02 0.0000000000e+00 0.0000000000e+00
7.7799553983e-02 0.0000000000e+00 0.0000000000e+00
2.0435757469e-02 0.0000000000e+00 0.0000000000e+00
3.0377927236e-02 0.0000000000e+00 0.0000000000e+00
3.9976352671e-02 0.0000000000e+00 0.0000000000e+00
4.5424739520e-02 0.0000000000e+00 0.0000000000e+00
8.1793978810e-02 0.0000000000e+00 0.0000000000e+00
8.9193039263e-02 0.0000000000e+00 0.0000000000e+00
8.7260264282e-02 0.0000000000e+00 0.0000000000e+00
8.5810280095e-02 0.0000000000e+00 0.0000000000e+00
8.5727881019e-02 0.0000000000e+00 0.0000000000e+00
8.5816385845e-02 0.0000000000e+00 0.0000000000e+00
8.5249712070e-02 0.0000000000e+00 0.0000000000e+00
6.8883702469e-02 0.0000000000e+00 0.0000000000e+00
7.9807023207e-02 0.0000000000e+00 0.0000000000e+00
6.5642190787e-02 0.0000000000e+00 0.0000000000e+00
1.1865616093e-01 0.0000000000e+00 0.0000000000e+00
1.2572242940e-01 0.0000000000e+00 0.0000000000e+00
1.1774852189e-01 0.0000000000e+00 0.0000000000e+00
1.2562768720e-01 0.0000000000e+00 0.0000000000e+00
1.2562768720e-01 0.0000000000e+00 0.0000000000e+00
1.3041015963e-01 0.0000000000e+00 0.0000000000e+00
1.3051395118e-01 0.0000000000e+00 0.0000000000e+00
1.3051395118e-01 0.0000000000e+00 0.0000000000e+00
1.3051395118e-01 0.0000000000e+00 0.0000000000e+00
1.3051395118e-01 0.0000000000e+00 0.0000000000e+00
8.8558706144e-02 0.0000000000e+00 0.0000000000e+00
5.0941708498e-02 0.0000000000e+00 0.0000000000e+00
6.5749978957e-02 0.0000000000e+00 0.0000000000e+00
6.8182495112e-02 0.0000000000e+00 0.0000000000e+00
6.7532272699e-02 0.0000000000e+00 0.0000000000e+00
6.7475661015e-02 0.0000000000e+00 0.0000000000e+00
1.0033532791e-01 0.0000000000e+00 0.0000000000e+00
1.0033532791e-01 0.0000000000e+00 0.0000000000e+00
2.6915661525e-02 0.0000000000e+00 0.0000000000e+00
2.6094034780e-02 0.0000000000e+00 0.0000000000e+00
5.1725834298e-02 0.0000000000e+00 0.0000000000e+00
5.2166410411e-02 0.0000000000e+00 0.0000000000e+00
5.0076155613e-02 0.0000000000e+00 0.0000000000e+00
2.0967172831e-01 1.0346876069e-02 0.0000000000e+00
1.7594832803e-01 3.3294794305e-02 0.0000000000e+00
1.7594832803e-01 3.3294794305e-02 0.0000000000e+00
1.7267439514e-01 1.4218388901e-02 0.0000000000e+00
1.5978921826e-01 1.2313573388e-02 0.0000000000e+00
4.4777311074e-02 1.0315786620e-02 0.0000000000e+00
1.2054680909e-01 1.9738737727e-02 0.0000000000e+00
3.1445098420e-01 1.1228459965e-02 1.9743076625e-07
2.4446331710e-01 1.7813710961e-02 4.1383184287e-08
2.4446331710e-01 1.7813710961e-02 4.1383184287e-08
2.3649265741e-01 4.0245076525e-03 0.0000000000e+00
1.9902993490e-01 1.4657223830e-02 0.0000000000e+00
1.2566407770e-01 6.3638384066e-03 5.2603069397e-07
4.9605053850e-02 1.3180741342e-02 0.0000000000e+00
2.3811081797e-01 1.0042192647e-02 0.0000000000e+00
2.3811081797e-01 1.0042192647e-02 0.0000000000e+00
4.5577436996e-02 5.9726383770e-03 0.0000000000e+00
1.3064147532e-01 1.0533676328e-02 6.9459007990e-11
4.1895508456e-02 5.2562598139e-02 0.0000000000e+00
3.1379876658e-02 2.9575367303e-02 0.0000000000e+00
1.2486109044e-02 4.7263664814e-02 0.0000000000e+00
1.3828038316e-02 4.7890849411e-02 0.0000000000e+00
2.2265571480e-02 3.5837536833e-02 0.0000000000e+00
8.5268892193e-03 6.0490798826e-02 1.6655683915e-04
6.4611209867e-02 8.4061477333e-02 0.0000000000e+00
5.6864811108e-02 8.1644543136e-02 0.0000000000e+00
4.6080316727e-02 3.7470733902e-02 6.1295144516e-09
5.4774312302e-02 1.2732895324e-02 2.2887152985e-05
5.2415420612e-02 4.2728379120e-01 0.0000000000e+00
6.0751792043e-02 4.0598479907e-01 0.0000000000e+00
6.0751792043e-02 4.0598479907e-01 0.0000000000e+00
4.6742463795e-02 4.4303731620e-01 0.0000000000e+00
4.7670393561e-02 4.3523829182e-01 0.0000000000e+00
4.7670393561e-02 4.3523829182e-01 0.0000000000e+00
6.4230756524e-02 3.3636866510e-01 0.0000000000e+00
6.3553429830e-02 1.7238218089e-01 0.0000000000e+00
6.3553429830e-02 1.7238218089e-01 0.0000000000e+00
6.7745670987e-02 1.7154166351e-01 0.0000000000e+00
5.2831798869e-03 4.8397842795e-02 0.0000000000e+00
4.5160157606e-03 5.1041296062e-02 1.0692235871e-04
5.6355023601e-03 4.9516567960e-02 0.0000000000e+00
1.2759422263e-02 1.7682846387e-01 0.0000000000e+00
9.6645456894e-03 1.6622563452e-01 0.0000000000e+00
5.8140287874e-03 2.0987389609e-01 0.0000000000e+00
4.7329199539e-03 2.0678119610e-01 0.0000000000e+00
1.0274028095e-02 2.0923529441e-01 0.0000000000e+00
2.4195303170e-03 2.1161630129e-01 0.0000000000e+00
1.1243583479e-02 2.0623113215e-01 0.0000000000e+00
8.9297569357e-03 2.0061217000e-01 0.0000000000e+00
9.3319608908e-03 2.1230930711e-01 0.0000000000e+00
4.9321410867e-03 2.1743739396e-01 0.0000000000e+00
7.6896108221e-03 2.0866740371e-01 0.0000000000e+00
1.0244272727e-02 2.1379422148e-01 0.0000000000e+00
7.5092231855e-03 2.0710781713e-01 0.0000000000e+00
8.1514860891e-03 2.1090461562e-01 0.0000000000e+00
7.3003674236e-03 2.0615580430e-01 0.0000000000e+00
8.2146116765e-03 2.0096918692e-01 0.0000000000e+00
2.3748603223e-03 2.0618700981e-01 0.0000000000e+00
2.6778957341e-02 1.7940455551e-01 0.0000000000e+00
2.7753445009e-02 2.0311358944e-01 0.0000000000e+00
2.4849371674e-02 2.0560884724e-01 0.0000000000e+00
4.0661541667e-03 1.6836303721e-01 0.0000000000e+00
3.3042225017e-03 1.5783013403e-01 0.0000000000e+00
1.4275955968e-02 1.0333377682e-01 0.0000000000e+00
1.4204443820e-02 9.2968193814e-02 0.0000000000e+00
2.5162918610e-03 1.3829275407e-01 0.0000000000e+00
1.5243384890e-03 1.3661307531e-01 0.0000000000e+00
2.0059830664e-03 9.1192742189e-02 0.0000000000e+00
1.3247786458e-03 1.1291232208e-01 0.0000000000e+00
9.4182659814e-04 1.0017908985e-01 9.9144104752e-05
7.9891702141e-04 1.9248874610e-01 1.5627147863e-06
1.0104920996e-03 1.6860860089e-01 6.7788883626e-05
1.0805979691e-03 1.8219989538e-01 1.7172048861e-06
8.2620211469e-04 1.4052786492e-01 8.5430801789e-05
9.2426096186e-04 1.2661976491e-01 8.6132155654e-03
9.6267925498e-04 8.2388922572e-02 8.0497996726e-03
9.6267925498e-04 8.2388922572e-02 8.0497996726e-03
5.0264715537e-04 1.1880539358e-01 5.5174550895e-03
8.0918475093e-04 8.1451004992e-02 8.2960746561e-03
7.7181966723e-04 9.0286326284e-02 6.4708189263e-03
9.6276194866e-04 1.1691053212e-01 6.4425432356e-03
2.7567388558e-04 1.2781983366e-01 5.3369581389e-03
0.0000000000e+00 1.9688184761e-02 1.8939802346e-02
0.0000000000e+00 2.5539973751e-02 3.4721854609e-03
5.5171803676e-05 1.8392559529e-02 7.7387501175e-03
5.9297672427e-05 6.8938540450e-03 3.8924127817e-02
1.3266241202e-06 2.4245635823e-03 8.5673043504e-02
7.2462253350e-04 5.5394537747e-02 1.5975708996e-02
3.8804250645e-06 2.2735627058e-02 2.3315826741e-02
1.6753466965e-04 6.2323466254e-02 1.3218608064e-02
1.4451438801e-04 2.1226770245e-02 6.5456370551e-03
7.1833399488e-05 8.8936357837e-03 5.4016129967e-03
3.2637970738e-05 3.1394826559e-02 2.3880719518e-02
3.2637970738e-05 3.1394826559e-02 2.3880719518e-02
1.3655162911e-04 1.1005682188e-01 9.3157231652e-03
4.5783195901e-07 3.7292321057e-02 4.4015471164e-03
1.6767835064e-05 7.9161121976e-03 4.8695250414e-02
0.0000000000e+00 2.8572430213e-02 1.3395747092e-02
0.0000000000e+00 1.8053801265e-02 4.6668968784e-02
0.0000000000e+00 7.5432683962e-02 1.1659431892e-02
1.5292958233e-04 1.8005898843e-01 2.0671946501e-03
3.7637391263e-05 9.2628167321e-02 9.6678052408e-03
4.0025326610e-01 8.1699205623e-07 1.4785131105e-07
3.7375783672e-01 2.3363898549e-07 1.1977958329e-08
8.6763721580e-02 3.4815234691e-01 5.0907004004e-02
9.2685054367e-02 3.3236380666e-01 1.8629751323e-02
2.5901317286e-02 4.1525546958e-01 1.2972571227e-03
6.4288393284e-02 2.9701854164e-01 1.6488947968e-01
4.6988629736e-02 2.8333051379e-01 1.4522797366e-01
3.8825279226e-01 2.2515279359e-06 1.7682879513e-09
3.9636331300e-01 5.2371247724e-06 0.0000000000e+00
3.7795304010e-01 2.6225318000e-06 7.3322098023e-08
7.5371369099e-02 3.3612990379e-01 9.3128883590e-02
4.0331159284e-01 4.0493007039e-06 7.1752867351e-07
4.0331159284e-01 4.0493007039e-06 7.1752867351e-07
3.6846457515e-02 2.6503811280e-01 1.6527804360e-01
3.6846457515e-02 2.6503811280e-01 1.6527804360e-01
2.4150428176e-01 7.8700897594e-02 2.1279816454e-01
3.8260239176e-02 2.6198093096e-01 1.7620353152e-01
3.1827883422e-01 8.0547890936e-02 2.6211092869e-01
0.0000000000e+00 2.3253377993e-02 6.6067474894e-02
6.8608024624e-07 3.1913850767e-02 1.3542751347e-01
0.0000000000e+00 2.7327036029e-03 9.0501459936e-02
0.0000000000e+00 1.3372344450e-03 1.3912079732e-01
0.0000000000e+00 1.5346306454e-02 1.2568709068e-01
0.0000000000e+00 1.0543002398e-02 1.2594548737e-01
0.0000000000e+00 1.9589821808e-02 8.2363518576e-02
0.0000000000e+00 1.2535520441e-02 8.4243689974e-02
0.0000000000e+00 1.9796161524e-02 8.5494969661e-02
0.0000000000e+00 1.5052046782e-02 8.8521901518e-02
0.0000000000e+00 1.5052046782e-02 8.8521901518e-02
0.0000000000e+00 4.5059165520e-03 8.8096107667e-02
0.0000000000e+00 1.7658647994e-03 7.8213233190e-02
0.0000000000e+00 1.2935358255e-02 7.8039494343e-02
0.0000000000e+00 1.3343118674e-02 6.9370279709e-02
0.0000000000e+00 8.9058573358e-03 7.0299065361e-02
0.0000000000e+00 2.1762394812e-02 6.2086314584e-02
0.0000000000e+00 2.8022920713e-02 5.4248958516e-02
0.0000000000e+00 1.0068565219e-02 6.5341280463e-02
0.0000000000e+00 2.8007695296e-02 5.5257259558e-02
0.0000000000e+00 9.1610550044e-06 8.1687967603e-02
0.0000000000e+00 8.7696445613e-06 8.1110879158e-02
0.0000000000e+00 0.0000000000e+00 7.7123221320e-02
2.7669280612e-02 1.4557953182e-04 7.2295561433e-02
2.7669280612e-02 1.4557953182e-04 7.2295561433e-02
2.1275299524e-02 6.2049908593e-05 7.1875891338e-02
2.7541598771e-02 6.7793050524e-05 7.5834932116e-02
2.1007829191e-02 5.2395035709e-05 8.4392206122e-02
1.5295633813e-02 7.9975945482e-05 8.4167672942e-02
1.7632747069e-02 6.0016344287e-04 8.6740837122e-02
1.6097498126e-02 8.3709747802e-04 4.3490141320e-02
1.6097498126e-02 8.3709747802e-04 4.3490141320e-02
1.7093940871e-02 1.4211032467e-03 3.8664523900e-02
1.7093940871e-02 1.4211032467e-03 3.8664523900e-02
1.7252037748e-03 1.6629745660e-03 6.1158823325e-03
6.5264588532e-03 1.1087044297e-02 5.6458711935e-02
1.1782669501e-02 7.2534297360e-03 7.6710245882e-02
2.0316683852e-04 4.8105657916e-03 6.0620227673e-02
2.0316683852e-04 4.8105657916e-03 6.0620227673e-02
5.4433895032e-04 2.3061586156e-03 1.9416775322e-02
0.0000000000e+00 9.6874402564e-03 5.1774312121e-02
0.0000000000e+00 1.1098836871e-03 2.9719757537e-02
3.7096136415e-06 2.3224581343e-02 3.1550652968e-02
4.2320014909e-02 0.0000000000e+00 0.0000000000e+00
3.7888136692e-02 0.0000000000e+00 0.0000000000e+00
5.2654234382e-02 0.0000000000e+00 0.0000000000e+00
4.5912309860e-02 0.0000000000e+00 0.0000000000e+00
3.4101064472e-02 0.0000000000e+00 0.0000000000e+00
3.4101064472e-02 0.0000000000e+00 0.0000000000e+00
6.5864409010e-02 0.0000000000e+00 0.0000000000e+00
6.5864409010e-02 0.0000000000e+00 0.0000000000e+00
5.4778272286e-02 0.0000000000e+00 0.0000000000e+00
5.4778272286e-02 0.0000000000e+00 0.0000000000e+00
1.5962437183e-02 0.0000000000e+00 0.0000000000e+00
6.3186353693e-02 0.0000000000e+00 0.0000000000e+00
5.7240276597e-02 0.0000000000e+00 0.0000000000e+00
1.9393311425e-02 0.0000000000e+00 0.0000000000e+00
2.9218630865e-02 0.0000000000e+00 0.0000000000e+00
2.5381331798e-02 0.0000000000e+00 0.0000000000e+00
2.5381331798e-02 0.0000000000e+00 0.0000000000e+00
3.4761002908e-02 0.0000000000e+00 0.0000000000e+00
3.4761002908e-02 0.0000000000e+00 0.0000000000e+00
1.6638424248e-02 0.0000000000e+00 0.0000000000e+00
2.7601582929e-02 0.0000000000e+00 0.0000000000e+00
1.5758807926e-02 0.0000000000e+00 0.0000000000e+00
1.5758807926e-02 0.0000000000e+00 0.0000000000e+00
1.5758807926e-02 0.0000000000e+00 0.0000000000e+00
1.5758807926e-02 0.0000000000e+00 0.0000000000e+00
2.4101086892e-02 0.0000000000e+00 0.0000000000e+00
2.4101086892e-02 0.0000000000e+00 0.0000000000e+00
1.5806285975e-02 0.0000000000e+00 0.0000000000e+00
1.8099802857e-02 0.0000000000e+00 0.0000000000e+00
2.9629299572e-02 0.0000000000e+00 0.0000000000e+00
2.7559502671e-02 0.0000000000e+00 0.0000000000e+00
2.7559502671e-02 0.0000000000e+00 0.0000000000e+00
1.2080912711e-02 0.0000000000e+00 0.0000000000e+00
1.2080912711e-02 0.0000000000e+00 0.0000000000e+00
1.6216561276e-02 0.0000000000e+00 0.0000000000e+00
2.0773943669e-02 0.0000000000e+00 0.0000000000e+00
1.9948650307e-02 0.0000000000e+00 0.0000000000e+00
1.9948650307e-02 0.0000000000e+00 0.0000000000e+00
6.2697548730e-02 0.0000000000e+00 0.0000000000e+00
6.2697548730e-02 0.0000000000e+00 0.0000000000e+00
1.4500205715e-02 0.0000000000e+00 0.0000000000e+00
1.4500205715e-02 0.0000000000e+00 0.0000000000e+00
1.4500205715e-02 0.0000000000e+00 0.0000000000e+00
1.4952388670e-02 0.0000000000e+00 0.0000000000e+00
2.2276516228e-02 0.0000000000e+00 0.0000000000e+00
3.6673674049e-02 0.0000000000e+00 0.0000000000e+00
5.6975371391e-01 0.0000000000e+00 0.0000000000e+00
2.7618885700e-03 0.0000000000e+00 0.0000000000e+00
5.0156192932e-03 5.9840305906e-13 0.0000000000e+00
5.0156192932e-03 5.9840305906e-13 0.0000000000e+00
1.5888467586e-02 6.6002397413e-13 0.0000000000e+00
5.7666165133e-03 6.2599081825e-13 0.0000000000e+00
9.6403066069e-02 0.0000000000e+00 0.0000000000e+00
9.8184077069e-02 1.9475327485e-10 6.5339117761e-13
7.0453202352e-02 0.0000000000e+00 0.0000000000e+00
6.8081831249e-02 6.5538860450e-10 3.2346915041e-12
9.8688975597e-02 0.0000000000e+00 0.0000000000e+00
8.1383396561e-02 0.0000000000e+00 0.0000000000e+00
6.0652807665e-02 0.0000000000e+00 0.0000000000e+00
8.4254274145e-02 0.0000000000e+00 0.0000000000e+00
1.2548225683e-01 0.0000000000e+00 0.0000000000e+00
1.2208228496e-01 0.0000000000e+00 0.0000000000e+00
1.1653739524e-01 0.0000000000e+00 0.0000000000e+00
7.5038910843e-02 0.0000000000e+00 0.0000000000e+00
6.2339341889e-02 0.0000000000e+00 0.0000000000e+00
6.2339341889e-02 0.0000000000e+00 0.0000000000e+00
5.8037320462e-02 0.0000000000e+00 0.0000000000e+00
7.3758170940e-02 0.0000000000e+00 0.0000000000e+00
7.3758170940e-02 0.0000000000e+00 0.0000000000e+00
5.1978730907e-02 0.0000000000e+00 0.0000000000e+00
5.4782407979e-02 0.0000000000e+00 0.0000000000e+00
5.4782407979e-02 0.0000000000e+00 0.0000000000e+00
1.6116101854e-01 0.0000000000e+00 0.0000000000e+00
1.5510482093e-01 0.0000000000e+00 0.0000000000e+00
1.3334100445e-01 0.0000000000e+00 0.0000000000e+00
1.1621710906e-01 0.0000000000e+00 0.0000000000e+00
1.3363374273e-01 0.0000000000e+00 0.0000000000e+00
1.5974931854e-01 0.0000000000e+00 0.0000000000e+00
1.3225280804e-01 0.0000000000e+00 0.0000000000e+00
1.4429002379e-01 0.0000000000e+00 0.0000000000e+00
1.4429002379e-01 0.0000000000e+00 0.0000000000e+00
1.4142303728e-01 0.0000000000e+00 0.0000000000e+00
1.8770547087e-01 0.0000000000e+00 0.0000000000e+00
1.7551593979e-01 0.0000000000e+00 0.0000000000e+00
1.6777907933e-01 0.0000000000e+00 0.0000000000e+00
1.7516481255e-01 0.0000000000e+00 0.0000000000e+00
2.3467177277e-01 0.0000000000e+00 0.0000000000e+00
1.1475067337e-01 0.0000000000e+00 0.0000000000e+00
7.7134919353e-02 0.0000000000e+00 0.0000000000e+00
2.9369946880e-02 0.0000000000e+00 0.0000000000e+00
5.7127778108e-02 0.0000000000e+00 0.0000000000e+00
5.7127778108e-02 0.0000000000e+00 0.0000000000e+00
5.0391346527e-02 0.0000000000e+00 0.0000000000e+00
7.1581956620e-02 0.0000000000e+00 0.0000000000e+00
5.8319134638e-02 0.0000000000e+00 0.0000000000e+00
3.5152915710e-02 0.0000000000e+00 0.0000000000e+00
3.5152915710e-02 0.0000000000e+00 0.0000000000e+00
1.5304250643e-01 0.0000000000e+00 0.0000000000e+00
7.6543255399e-02 0.0000000000e+00 0.0000000000e+00
3.9510733448e-02 0.0000000000e+00 0.0000000000e+00
1.3890246178e-01 0.0000000000e+00 0.0000000000e+00
6.0174821566e-02 0.0000000000e+00 0.0000000000e+00
8.7879021962e-02 0.0000000000e+00 0.0000000000e+00
5.3296015287e-02 0.0000000000e+00 0.0000000000e+00
8.5177918896e-02 0.0000000000e+00 0.0000000000e+00
1.9663952990e-02 0.0000000000e+00 0.0000000000e+00
6.9553214746e-02 0.0000000000e+00 0.0000000000e+00
2.0039275785e-01 0.0000000000e+00 0.0000000000e+00
2.0039275785e-01 0.0000000000e+00 0.0000000000e+00
2.0194831382e-02 0.0000000000e+00 0.0000000000e+00
2.1438050938e-02 0.0000000000e+00 0.0000000000e+00
4.4259009262e-02 0.0000000000e+00 0.0000000000e+00
2.2466829667e-01 0.0000000000e+00 0.0000000000e+00
3.9065203009e-02 0.0000000000e+00 0.0000000000e+00
5.1889890184e-02 0.0000000000e+00 0.0000000000e+00
7.6075591768e-02 0.0000000000e+00 0.0000000000e+00
7.6075591768e-02 0.0000000000e+00 0.0000000000e+00
2.0883359869e-02 0.0000000000e+00 0.0000000000e+00
2.6375340763e-02 0.0000000000e+00 0.0000000000e+00
2.1656175377e-02 0.0000000000e+00 0.0000000000e+00
3.0662170767e-02 0.0000000000e+00 0.0000000000e+00
5.7075814344e-02 0.0000000000e+00 0.0000000000e+00
8.0794084196e-02 0.0000000000e+00 0.0000000000e+00
6.5895451233e-02 0.0000000000e+00 0.0000000000e+00
2.5897080079e-02 0.0000000000e+00 0.0000000000e+00
7.5656093036e-02 0.0000000000e+00 0.0000000000e+00
7.5656093036e-02 0.0000000000e+00 0.0000000000e+00
7.5656093036e-02 0.0000000000e+00 0.0000000000e+00
6.0347557068e-02 0.0000000000e+00 0.0000000000e+00
4.0352515876e-02 0.0000000000e+00 0.0000000000e+00
4.0170690976e-02 0.0000000000e+00 0.0000000000e+00
8.7331256509e-05 0.0000000000e+00 0.0000000000e+00
8.7331256509e-05 0.0000000000e+00 0.0000000000e+00
1.3672157510e-07 0.0000000000e+00 0.0000000000e+00
5.7837227049e-02 0.0000000000e+00 0.0000000000e+00
1.7968944662e-02 0.0000000000e+00 0.0000000000e+00
2.0523332370e-02 0.0000000000e+00 0.0000000000e+00
2.5993698587e-02 0.0000000000e+00 0.0000000000e+00
1.8393232536e-02 0.0000000000e+00 0.0000000000e+00
3.8195276943e-02 0.0000000000e+00 0.0000000000e+00
1.5765762205e-01 0.0000000000e+00 0.0000000000e+00
1.0285730225e-01 0.0000000000e+00 0.0000000000e+00
3.2102269183e-01 0.0000000000e+00 0.0000000000e+00
9.8019327037e-02 0.0000000000e+00 0.0000000000e+00
2.6197299485e-01 0.0000000000e+00 0.0000000000e+00
1.8506589780e-01 0.0000000000e+00 0.0000000000e+00
1.4238249681e-01 0.0000000000e+00 0.0000000000e+00
4.2969141621e-02 0.0000000000e+00 0.0000000000e+00
2.6637207717e-02 0.0000000000e+00 0.0000000000e+00
2.8089519093e-01 0.0000000000e+00 0.0000000000e+00
1.5186247167e-01 0.0000000000e+00 0.0000000000e+00
3.6476092165e-01 0.0000000000e+00 0.0000000000e+00
2.5807015474e-01 0.0000000000e+00 0.0000000000e+00
1.3022664996e-01 0.0000000000e+00 0.0000000000e+00
1.2870047319e-01 0.0000000000e+00 0.0000000000e+00
2.7725440388e-01 0.0000000000e+00 0.0000000000e+00
2.5501490881e-01 0.0000000000e+00 0.0000000000e+00
4.7779755512e-02 0.0000000000e+00 0.0000000000e+00
4.1030194610e-02 0.0000000000e+00 0.0000000000e+00
2.8166956082e-01 0.0000000000e+00 0.0000000000e+00
3.1259798010e-01 0.0000000000e+00 0.0000000000e+00
1.7671935757e-01 0.0000000000e+00 0.0000000000e+00
3.0970623251e-02 2.3858147829e-02 3.7615857339e-04
1.2547454238e-01 2.5787994266e-01 2.2590644658e-02
9.5114870618e-02 4.2376585305e-01 1.6166281654e-02
9.5114870618e-02 4.2376585305e-01 1.6166281654e-02
1.3894601787e-01 6.1538753410e-01 7.1044492535e-02
1.3217946266e-01 5.2753586819e-01 1.9069169260e-02
1.6294215495e-01 2.3371558512e-01 1.2157039794e-02
2.8079023832e-04 1.0689775536e-06 0.0000000000e+00
6.3836314095e-02 3.0073753744e-01 5.9139244258e-02
1.1174600385e-01 4.2320019503e-01 6.4743964933e-02
1.1841935416e-01 1.6796448703e-01 2.2690328925e-02
3.2310764492e-01 6.9348535423e-03 5.4532468785e-03
6.7463769515e-01 3.1531131205e-02 8.6847427883e-04
2.0953225096e-01 2.0642237505e-03 1.4033124025e-03
0.0000000000e+00 3.2932515939e-01 6.1420612037e-02
0.0000000000e+00 5.7035755118e-01 7.9322654133e-02
5.6442312896e-01 2.3241128850e-03 4.6166420846e-04
5.2306924264e-01 2.3783366681e-03 2.9680382795e-04
4.7254623473e-01 3.0034675449e-01 2.2982351948e-02
1.5276556835e-01 2.7558243647e-01 5.0277001574e-03
6.7276948132e-02 2.1655851354e-01 1.3220736446e-02
8.0253660058e-02 1.1520878474e-01 3.2342031288e-03
6.8191943380e-02 2.0855192716e-01 1.6024565945e-02
6.9863439478e-07 4.4788031280e-01 6.7000626586e-04
6.9863439478e-07 4.4788031280e-01 6.7000626586e-04
1.1315893450e-03 4.1430699329e-01 7.0710508347e-04
1.2257556712e-03 4.2475499709e-01 4.1974723717e-04
2.6988463166e-03 3.5317205638e-01 3.1383937433e-04
1.7791434172e-03 4.1877061874e-01 4.9958982224e-04
6.1145385262e-03 3.8486563166e-01 4.7535282404e-04
2.2053549842e-02 2.5583504016e-01 5.3016576567e-04
3.7536942060e-04 4.4219947358e-01 4.1978708759e-04
1.2100706878e-06 4.5206753910e-01 4.4399209097e-04
9.2839753876e-03 3.5709363470e-01 3.1016172579e-04
1.4229785658e-06 4.7597551594e-01 3.5429731118e-04
7.4406479295e-06 6.3257474701e-01 4.1067334193e-04
3.8324484611e-06 6.0950314502e-01 3.4377731451e-04
4.4890284698e-06 6.4857219656e-01 2.9909491423e-04
9.0779803183e-06 6.7676770190e-01 3.2980425264e-04
2.5061159457e-01 4.7394298514e-01 0.0000000000e+00
2.6955181360e-01 3.2188629856e-01 2.5349570933e-04
2.6955181360e-01 3.2188629856e-01 2.5349570933e-04
1.6690600912e-01 5.7133381814e-01 0.0000000000e+00
2.4487833430e-01 4.6106251329e-01 3.7012142517e-04
3.4421663483e-01 1.9471171374e-01 2.3374597731e-04
2.7724430462e-01 2.0832105229e-01 2.2547739415e-04
4.4272700946e-01 3.5533474386e-01 1.1406152104e-04
4.4272700946e-01 3.5533474386e-01 1.1406152104e-04
2.3539922883e-01 1.9477239810e-02 2.1326942321e-04
1.7108817647e-01 7.1631054161e-03 1.6197784074e-04
1.5082954367e-01 9.6835314731e-01 3.2086322244e-04
1.6609129185e-01 5.0511632115e-01 6.1597112168e-04
1.0071145681e-01 1.2718448788e-01 5.3341077970e-04
1.2659399522e-01 1.0690918316e-01 5.4709885687e-04
1.3293262385e-01 1.2368842401e-01 4.8069737143e-04
1.4967729524e-01 8.7844463997e-03 2.8088550607e-04
1.5607105444e-01 1.1352551480e-01 5.4174010196e-04
6.0940000539e-02 2.0692823827e-01 2.5742699048e-04
2.7939510594e-01 3.4935072685e-02 1.9913918671e-04
1.1922526235e-01 1.6204006722e-01 1.6630045836e-04
1.1069544467e-01 1.1794477391e-01 1.7929751599e-04
1.3402981311e-01 1.2675789185e-01 2.7021724478e-04
1.7759913579e-01 1.1692282371e-01 2.4090584702e-04
1.5587065121e-01 6.0984637340e-01 2.8401502641e-04
1.1286334880e-01 6.0524528225e-01 1.6932823686e-04
1.6687751686e-01 7.2436490158e-01 5.2206254137e-04
1.6494668523e-01 6.4393056432e-01 2.5923893918e-04
2.6979418471e-01 5.8825862408e-01 4.8013747194e-04
2.2206732507e-01 7.0049375792e-01 5.0508089528e-04
2.2206732507e-01 7.0049375792e-01 5.0508089528e-04
2.7197760095e-01 4.9938334773e-01 5.6358393340e-04
2.6924769332e-01 5.8411256472e-01 3.0434519067e-04
2.6924769332e-01 5.8411256472e-01 3.0434519067e-04
3.3208900193e-01 4.4612615556e-01 4.2355026380e-04
1.1951287774e-01 3.0663226048e-01 7.1443424288e-04
1.2540008376e-01 6.0495194793e-01 2.9978457557e-04
1.8825338160e-01 6.5567793945e-01 4.5146238942e-04
2.6666292672e-01 5.9686282277e-01 4.9058191992e-04
1.6099803398e-01 6.3494175673e-01 4.9907292851e-04
2.1666692197e-01 2.2226484492e-01 4.0378973063e-04
1.9775166363e-01 3.4155195951e-01 3.5174646594e-04
2.2528236608e-01 3.5302537183e-01 2.5579709836e-04
2.7504346768e-01 3.2702814788e-01 5.5098093435e-04
3.0900834997e-01 3.4885277102e-01 4.1284135902e-04
1.9007086505e-01 6.2430251638e-01 6.3834097333e-04
2.7558214093e-01 2.7581866582e-01 5.2501548392e-04
1.2835039757e-01 1.2717847029e-01 7.2098784343e-04
1.2835039757e-01 1.2717847029e-01 7.2098784343e-04
2.7185681462e-01 5.2009545267e-01 9.0161948174e-04
8.8966971263e-02 4.4936173658e-01 6.2576519849e-04
1.3049197880e-01 5.5951442569e-01 1.6206199325e-04
2.9004538680e-01 5.0149841110e-01 2.0408858284e-10
1.7890095338e-01 1.9878700748e-01 5.5045638389e-04
0.0000000000e+00 1.0194107145e+00 5.9211793753e-04
2.9528020322e-01 3.9659084380e-01 4.3926129001e-04
1.8593448400e-01 2.1778761471e-01 5.0880544586e-04
1.8593448400e-01 2.1778761471e-01 5.0880544586e-04
1.9346145540e-01 1.4757262853e-01 8.1146273199e-04
2.6626484220e-01 9.8999256392e-01 6.1762003558e-04
2.1461669852e-01 8.0811019242e-01 4.7897018036e-04
2.0648314059e-01 8.6554617186e-01 6.9350791940e-04
1.8015741805e-01 6.0751515130e-01 4.8240602579e-04
2.0793944473e-01 7.2749440372e-01 2.4725805755e-04
3.2377705226e-01 5.1417287687e-01 4.2152854439e-04
2.5348249078e-01 8.3321067691e-01 4.4064129179e-04
2.5348249078e-01 8.3321067691e-01 4.4064129179e-04
2.3806323980e-01 1.0246887505e+00 7.9112672635e-04
2.5689435502e-01 2.7868248274e-01 1.3341293319e-04
1.6665521885e-01 6.4515070120e-01 5.8921037999e-04
1.9801960761e-01 3.9024416109e-01 1.4720413977e-04
1.3721975746e-01 4.1441053649e-01 8.0881719422e-05
1.5504493937e-01 1.8138954043e-01 8.1412114863e-04
2.4768433347e-01 3.1623484443e-01 8.7318672740e-04
1.8092922866e-01 1.0133935884e-01 1.0058416713e-03
2.6743325715e-01 6.6800788976e-02 9.4626971986e-04
2.9290491094e-01 2.7608483781e-01 1.7161637273e-03
1.4619684716e-01 8.2086623957e-02 4.0687743118e-04
1.3607070285e-01 1.0348199122e-01 1.1037200214e-03
3.0115495125e-01 3.7242928892e-01 4.7589224657e-04
2.8984401003e-01 2.0475467419e-01 7.9391609082e-04
2.3407745610e-01 2.0799085374e-01 7.6308562226e-04
2.4904177811e-05 5.1308394969e-01 1.5607271052e-03
6.1091669086e-06 4.3934206913e-01 7.5351180567e-04
0.0000000000e+00 4.2399909844e-01 5.0539821435e-04
0.0000000000e+00 4.2399909844e-01 5.0539821435e-04
4.8259805681e-06 5.3911827505e-01 6.4168975223e-04
1.4752560606e-01 1.0906625850e-01 6.3772042631e-04
1.7403217778e-01 9.8205626011e-02 1.1078303845e-03
1.3474517740e-04 3.7992021690e-01 9.0102832958e-04
3.9983766153e-02 1.0496445745e-01 1.0243602349e-03
3.0314354902e-06 4.8715626945e-01 9.1253822514e-04
2.0652495157e-05 2.9599621892e-01 5.3136739249e-04
2.4004546770e-02 8.6182936405e-02 4.6523614243e-03
6.5727634045e-02 1.1657775628e-01 4.8466986627e-03
1.0134656044e-01 3.3590463549e-01 5.4726175964e-02
7.7939611549e-02 2.7651668464e-01 2.6618199578e-02
1.0795876694e-01 2.1667125449e-01 4.5654285078e-02
1.1926283672e-02 1.7085459332e-01 8.2692883909e-02
1.3324342109e-01 3.3592189103e-01 2.3486975270e-02
4.7201647113e-02 4.6829518924e-01 6.3359580236e-03
1.6083445943e-02 3.6413104832e-01 2.3449247858e-02
4.0699202567e-02 1.0039691192e-01 5.8240617703e-03
2.9285460245e-02 8.9217592652e-02 6.6820115317e-03
2.4660026189e-02 1.3590142503e-01 9.4214134539e-03
2.7132989528e-02 1.4558208548e-01 6.4059940244e-03
2.2827053287e-02 1.4846229988e-01 8.6723062365e-03
2.7887983869e-02 1.5347627985e-01 4.9230921431e-03
2.4025855120e-02 1.4211238114e-01 3.3825010760e-03
2.7844909423e-02 1.8100903680e-01 6.4076955896e-03
3.2579182880e-03 1.8565851822e-01 6.1199124514e-03
3.5233647718e-02 1.3658902732e-01 4.6910591579e-03
3.3906653058e-02 1.3608222703e-01 1.0682991551e-02
3.3906653058e-02 1.3608222703e-01 1.0682991551e-02
1.8141343258e-02 1.6161430006e-01 5.6057240969e-03
3.2534547305e-02 1.6249397149e-01 1.0625330343e-02
3.4591365606e-02 1.3744266704e-01 5.4365952189e-03
2.9116389342e-02 1.3065704703e-01 5.8405756329e-03
2.9116389342e-02 1.3065704703e-01 5.8405756329e-03
1.1160797750e-02 1.2493332041e-01 6.1730634188e-03
4.9126166074e-03 1.1880989062e-01 7.9030376704e-03
4.0373031050e-02 1.1629104552e-01 6.2315588196e-03
4.2661307380e-03 1.1215818052e-01 8.2626835598e-03
1.2078075825e-02 1.1772602921e-01 1.4111223941e-02
4.5993940051e-03 1.0916831717e-01 7.5776643741e-03
1.4197839362e-01 0.0000000000e+00 0.0000000000e+00
6.2495960233e-02 0.0000000000e+00 0.0000000000e+00
4.8338025808e-02 0.0000000000e+00 0.0000000000e+00
1.8871118547e-02 0.0000000000e+00 0.0000000000e+00
1.8871118547e-02 0.0000000000e+00 0.0000000000e+00
1.0721345975e-02 0.0000000000e+00 0.0000000000e+00
1.1625488522e-02 0.0000000000e+00 0.0000000000e+00
4.3353841019e-02 0.0000000000e+00 0.0000000000e+00
7.7548296501e-02 0.0000000000e+00 0.0000000000e+00
6.7886918473e-02 0.0000000000e+00 0.0000000000e+00
5.0782325367e-02 0.0000000000e+00 0.0000000000e+00
5.0782325367e-02 0.0000000000e+00 0.0000000000e+00
7.5328281149e-02 0.0000000000e+00 0.0000000000e+00
7.5328281149e-02 0.0000000000e+00 0.0000000000e+00
7.5328281149e-02 0.0000000000e+00 0.0000000000e+00
4.8190826550e-02 0.0000000000e+00 0.0000000000e+00
4.8190826550e-02 0.0000000000e+00 0.0000000000e+00
7.7224624654e-02 0.0000000000e+00 0.0000000000e+00
1.7159514527e+00 0.0000000000e+00 0.0000000000e+00
1.8289060096e+00 0.0000000000e+00 0.0000000000e+00
1.7612280448e+00 0.0000000000e+00 0.0000000000e+00
1.7717054784e+00 0.0000000000e+00 0.0000000000e+00
1.7145340244e+00 0.0000000000e+00 0.0000000000e+00
1.8195142647e+00 0.0000000000e+00 0.0000000000e+00
1.8174233337e+00 0.0000000000e+00 0.0000000000e+00
1.8188552757e+00 0.0000000000e+00 0.0000000000e+00
3.2904062886e-02 0.0000000000e+00 0.0000000000e+00
1.4306912121e-02 0.0000000000e+00 0.0000000000e+00
1.4126723260e-01 0.0000000000e+00 0.0000000000e+00
1.2624382724e-01 0.0000000000e+00 0.0000000000e+00
1.3749445540e-01 0.0000000000e+00 0.0000000000e+00
1.4360396005e-01 0.0000000000e+00 0.0000000000e+00
1.2645779612e-01 0.0000000000e+00 0.0000000000e+00
1.2762149361e-01 0.0000000000e+00 0.0000000000e+00
1.3349648875e-01 0.0000000000e+00 0.0000000000e+00
8.0681920672e-02 0.0000000000e+00 0.0000000000e+00
8.5788771510e-02 0.0000000000e+00 0.0000000000e+00
8.5788771510e-02 0.0000000000e+00 0.0000000000e+00
7.8911593184e-02 0.0000000000e+00 0.0000000000e+00
7.8911593184e-02 0.0000000000e+00 0.0000000000e+00
7.9186925975e-02 0.0000000000e+00 0.0000000000e+00
4.1998663917e-02 0.0000000000e+00 0.0000000000e+00
1.2434584027e-01 0.0000000000e+00 0.0000000000e+00
1.8723141029e-01 0.0000000000e+00 0.0000000000e+00
1.0781029239e-01 0.0000000000e+00 0.0000000000e+00
4.1495189567e-01 0.0000000000e+00 0.0000000000e+00
4.2100089540e-01 0.0000000000e+00 0.0000000000e+00
4.7326210141e-01 0.0000000000e+00 0.0000000000e+00
5.6317345798e-01 0.0000000000e+00 0.0000000000e+00
4.9791955700e-01 0.0000000000e+00 0.0000000000e+00
4.9791955700e-01 0.0000000000e+00 0.0000000000e+00
4.5435341230e-02 0.0000000000e+00 0.0000000000e+00
1.1279742296e-01 0.0000000000e+00 0.0000000000e+00
1.4868897324e-01 0.0000000000e+00 0.0000000000e+00
1.4269131857e-01 0.0000000000e+00 0.0000000000e+00
1.2413367008e-01 0.0000000000e+00 0.0000000000e+00
1.3769373794e-01 0.0000000000e+00 0.0000000000e+00
1.2375661234e-01 0.0000000000e+00 0.0000000000e+00
3.7821824662e-02 0.0000000000e+00 0.0000000000e+00
1.1174937524e-01 0.0000000000e+00 0.0000000000e+00
1.0039270545e-01 0.0000000000e+00 0.0000000000e+00
1.5224454924e-01 0.0000000000e+00 0.0000000000e+00
1.5224454924e-01 0.0000000000e+00 0.0000000000e+00
1.1907222370e-01 0.0000000000e+00 0.0000000000e+00
3.9612281757e-02 0.0000000000e+00 0.0000000000e+00
2.1577632924e-01 0.0000000000e+00 0.0000000000e+00
2.2110698620e-01 0.0000000000e+00 0.0000000000e+00
9.2595943560e-02 0.0000000000e+00 0.0000000000e+00
5.4663615922e-02 0.0000000000e+00 0.0000000000e+00
7.4829971107e-02 0.0000000000e+00 0.0000000000e+00
5.7393955688e-02 0.0000000000e+00 0.0000000000e+00
8.4094103426e-02 0.0000000000e+00 0.0000000000e+00
1.3287044689e-01 0.0000000000e+00 0.0000000000e+00
1.5665739713e-01 0.0000000000e+00 0.0000000000e+00
1.4846887936e-01 0.0000000000e+00 0.0000000000e+00
1.3148431728e-01 0.0000000000e+00 0.0000000000e+00
2.0759761333e-01 0.0000000000e+00 0.0000000000e+00
9.2375477776e-02 0.0000000000e+00 0.0000000000e+00
1.6077876898e-01 0.0000000000e+00 0.0000000000e+00
1.5769983393e-01 0.0000000000e+00 0.0000000000e+00
2.1337290729e-01 0.0000000000e+00 0.0000000000e+00
1.5951517969e-02 0.0000000000e+00 0.0000000000e+00
1.5951517969e-02 0.0000000000e+00 0.0000000000e+00
5.0592110803e-02 0.0000000000e+00 0.0000000000e+00
1.0973542618e-02 0.0000000000e+00 0.0000000000e+00
1.1522290607e-02 0.0000000000e+00 0.0000000000e+00
3.4264189502e-02 0.0000000000e+00 0.0000000000e+00
2.5101722218e-02 0.0000000000e+00 0.0000000000e+00
1.0904745758e-01 0.0000000000e+00 0.0000000000e+00
1.1125988637e-01 0.0000000000e+00 0.0000000000e+00
1.0847410498e-01 0.0000000000e+00 0.0000000000e+00
1.0847410498e-01 0.0000000000e+00 0.0000000000e+00
6.0558134690e-02 0.0000000000e+00 0.0000000000e+00
6.0558134690e-02 0.0000000000e+00 0.0000000000e+00
5.0968323834e-02 0.0000000000e+00 0.0000000000e+00
5.9597404363e-02 0.0000000000e+00 0.0000000000e+00
5.9597404363e-02 0.0000000000e+00 0.0000000000e+00
5.9597404363e-02 0.0000000000e+00 0.0000000000e+00
3.4966604163e-02 0.0000000000e+00 0.0000000000e+00
3.3676487083e-02 0.0000000000e+00 0.0000000000e+00
3.3809932259e-02 0.0000000000e+00 0.0000000000e+00
3.5615786289e-02 0.0000000000e+00 0.0000000000e+00
9.9829512959e-03 0.0000000000e+00 0.0000000000e+00
8.6460888075e-03 0.0000000000e+00 0.0000000000e+00
8.5880639187e-03 0.0000000000e+00 0.0000000000e+00
2.9406412039e-02 0.0000000000e+00 0.0000000000e+00
6.4379303716e-02 0.0000000000e+00 0.0000000000e+00
1.4948614563e-01 0.0000000000e+00 0.0000000000e+00
4.3870994821e-02 0.0000000000e+00 0.0000000000e+00
4.8084430086e-02 0.0000000000e+00 0.0000000000e+00
2.1980749766e+00 0.0000000000e+00 0.0000000000e+00
2.2286238273e+00 0.0000000000e+00 0.0000000000e+00
2.1039021214e+00 0.0000000000e+00 0.0000000000e+00
2.0414939225e+00 0.0000000000e+00 0.0000000000e+00
2.1527009209e+00 0.0000000000e+00 0.0000000000e+00
2.1214250922e+00 0.0000000000e+00 0.0000000000e+00
2.3565542301e+00 0.0000000000e+00 0.0000000000e+00
2.5626592636e+00 0.0000000000e+00 0.0000000000e+00
2.2307885885e+00 0.0000000000e+00 0.0000000000e+00
2.5360160470e+00 0.0000000000e+00 0.0000000000e+00
2.5360160470e+00 0.0000000000e+00 0.0000000000e+00
1.1865170828e-02 7.1844911079e-01 4.6587009914e-02
1.2118520603e-02 4.9322645615e-01 9.4757103051e-02
1.8457128434e-02 4.0337905288e-01 8.9897906408e-02
0.0000000000e+00 7.1242884795e-01 4.5864511902e-02
0.0000000000e+00 7.9246414701e-01 2.6109726944e-02
0.0000000000e+00 1.0024070889e+00 2.1923598833e-02
0.0000000000e+00 1.0024070889e+00 2.1923598833e-02
0.0000000000e+00 5.8185418944e-01 7.9040903598e-02
4.2412431911e-02 1.0075195680e+00 1.4339208525e-02
2.4330776495e-02 1.0494020830e+00 1.5237335504e-02
3.0425846887e-02 9.7946107388e-01 1.4746145578e-02
3.1621821690e-02 8.2640455663e-01 1.6808034542e-02
3.1621821690e-02 8.2640455663e-01 1.6808034542e-02
6.3096486653e-02 8.2168159882e-01 1.4875096036e-02
5.0123592218e-02 9.9905052284e-01 1.7401057121e-03
3.9005996659e-02 8.8106670976e-01 2.0866704639e-02
4.5221354502e-02 1.0444238136e+00 1.7521419601e-03
6.4095169306e-02 1.0228728155e+00 5.9775972040e-03
6.3892055613e-02 9.3225165705e-01 9.3191208628e-03
6.3197143997e-02 8.2758744558e-01 1.7258371847e-02
7.8858840590e-02 7.7738551299e-01 2.2267941230e-02
4.9324605924e-02 1.0182212293e+00 7.5703943924e-03
4.3632078605e-02 1.0750435839e+00 5.2630346909e-04
3.8276206392e-02 1.1282012959e+00 1.0550707326e-03
3.5653045711e-02 1.0927271247e+00 1.5194388737e-03
1.0061161468e-01 1.0004253586e+00 6.4874280943e-03
6.3468899888e-02 5.3471986204e-01 2.3333875307e-02
7.8390177339e-02 8.9248537024e-01 7.4488034394e-03
7.0083437487e-02 9.9788105985e-01 6.2027972114e-03
1.1926831615e-01 3.4732856850e-01 3.2891245248e-02
4.2566428582e-02 6.5268571675e-01 1.5672263457e-02
7.4767832334e-02 5.6794866671e-01 1.7543837118e-02
7.0172851284e-02 1.0022317221e+00 4.2439417448e-03
7.0172851284e-02 1.0022317221e+00 4.2439417448e-03
2.1012798448e-01 3.3567572137e-01 2.1867146871e-02
1.1632343133e-01 4.3086875975e-01 2.0632178212e-02
1.0772115613e-01 4.1309898347e-01 2.9568249049e-02
3.2999700246e-02 3.7955080966e-01 2.7969788915e-02
1.0052976571e-01 8.2855015000e-01 1.0752331388e-02
4.5435399438e-02 2.9115250334e-01 3.5570022650e-02
9.3957008173e-02 7.9758514961e-01 1.3490770323e-02
2.9496399220e-02 2.0548495029e-01 4.3122928590e-02
