year,froot_gCm2,leaf_gCm2,p_uptake_demand_ratio,gpp_pft7_gCm2day,gpp_pft9_gCm2day,gpp_pft10_gCm2day,l2fr_site,l2fr_canopy,l2fr_ustory,leaf_alloc_gCm2yr,froot_alloc_gCm2yr
1901,111.64301,0,1.7788241e-06,0.00037011967,0,0,1.9429388,1.6019871,1.8223621,0,28.664195
1901.0833,110.93118,0,1.8862276e-06,-1.0069386e-06,0,0,1.8324089,1.5764802,1.8840475,0,29.349997
1901.1667,110.11315,0,1.9234251e-06,-1.2723592e-05,0,0,1.7638813,1.5499046,1.931837,0,28.033103
1901.25,109.58885,28.869824,1.9470301e-06,-0.00085527255,-0.00025116616,0,1.7443135,1.5251948,1.9663429,810.96023,42.605885
1901.3333,105.37989,66.385597,2.0235918e-06,-0.00031196271,0.00031915092,0,1.7176278,1.4990662,1.9843898,0.011325387,0.14647661
1901.4167,95.293358,69.836386,2.237203e-06,0.76500872,2.2581674,0.027141192,1.6477833,1.4579171,1.9559004,175.12261,17.020408
1901.5,88.808253,86.095273,2.5097613e-06,2.924807,7.2994495,0.22536288,1.7433972,1.3938218,1.8663137,100.02894,58.288733
1901.5833,87.0208,90.866134,2.4590327e-06,2.4950652,6.2705057,0.23029216,2.0596919,1.3261154,1.7219636,24.589138,46.503966
1901.6667,87.211378,9.1881305,2.1779967e-06,2.0942154,0.56558608,0.022167388,2.2775137,1.267483,1.57752,1.4237823,26.474657
1901.75,87.078661,0,1.957442e-06,0.40044232,0,0,2.2589982,1.2143198,1.4490107,0,23.358784
1901.8333,86.745694,0,1.8632356e-06,0,0,0,2.1184571,1.1659087,1.332823,0,23.277559
1901.9167,86.142078,0,1.9297513e-06,-7.5957911e-12,0,0,1.9680442,1.1225649,1.2291242,0,25.539098
1902,85.651651,0,1.9615886e-06,0,0,0,1.7974517,1.0835125,1.1356094,0,22.929652
1902.0833,85.022092,0,1.9971467e-06,-2.7202258e-10,0,0,1.6517799,1.0503124,1.0565666,0,22.767515
1902.1667,84.336028,0,2.0629748e-06,0,0,0,1.5789551,1.0202661,0.98657578,0,22.559945
1902.25,83.610222,50.865799,2.1137353e-06,-0.00011682482,-0.00010351883,0,1.6065412,0.99268836,0.92266166,1034.7605,28.753496
1902.3333,83.124451,84.720522,2.2077877e-06,0.039151411,0.12951195,0.0005466672,1.6238922,0.96979499,0.86764872,7.1459702,22.36957
1902.4167,84.535263,86.83598,2.1855117e-06,2.7438297,7.9992056,0.14226946,1.7703055,0.9512794,0.81967598,37.22124,66.049439
1902.5,88.752799,88.982902,2.1600551e-06,2.766723,7.5004304,0.22829886,2.3403039,0.94095862,0.78034222,12.814054,85.103603
1902.5833,94.768137,52.24419,1.7366581e-06,2.5684623,4.2027045,0.13741652,3.1158636,0.94265223,0.75588918,5.9390354,80.570985
1902.6667,96.16676,0,1.4740132e-06,2.1343268,0,0,3.9978583,0.95124209,0.74610001,0,27.181727
1902.75,96.093453,0,1.3433437e-06,0.39491272,0,0,4.6858139,0.95880985,0.73881465,0,26.158351
1902.8333,95.917068,0,1.2958167e-06,0.0001123936,0,0,4.9376793,0.96533412,0.73249793,0,25.252841
1902.9167,95.719635,0,1.2522145e-06,5.352747e-05,0,0,4.7796235,0.9710747,0.72668594,0,28.963593
1903,95.815271,0,1.2900433e-06,0.0016410145,0,0,4.5209894,0.97626978,0.72124153,0,24.753262
1903.0833,95.57987,0,1.3196091e-06,0.0087768083,0,0,4.1527162,0.98071331,0.71639615,0,24.612173
1903.1667,95.33751,0,1.3575077e-06,0.0078636146,0,0,3.6347997,0.98472595,0.71193743,0,24.302852
1903.25,95.555343,39.800957,1.4361638e-06,0.0016271861,0.011755075,0,2.955198,0.9890064,0.70749825,1038.1066,39.419972
1903.3333,96.85985,85.994191,1.5560853e-06,0.13536219,0.84624045,0,2.2496362,1.0001851,0.69982225,11.475361,40.203015
1903.4167,98.463662,87.860458,1.7183087e-06,1.7200885,4.1229368,0.08893219,1.6676326,1.0222082,0.68779027,27.953145,80.067548
1903.5,104.15499,90.439186,1.7893015e-06,3.3721756,7.3184359,0.27933857,1.8267301,1.0589612,0.67053002,20.123267,109.95749
1903.5833,112.23064,92.028648,1.5308715e-06,3.1502248,6.1380787,0.27047924,2.1776991,1.1234925,0.6536085,10.783934,149.55194
1903.6667,119.56474,24.73136,1.3258669e-06,2.568068,1.2990436,0.054305611,2.5135651,1.2364432,0.6462909,2.02506,68.163603
1903.75,119.53366,0,1.1884547e-06,0.4898448,0,0,2.6479225,1.3635856,0.64448482,0,28.985578
1903.8333,118.94266,0,1.1753898e-06,1.5407814e-05,0,0,2.6533613,1.4790481,0.64316499,0,28.947655
1903.9167,118.04727,0,1.2408813e-06,0.0024698352,0,0,2.6515498,1.5807863,0.64180481,0,36.829
1904,117.6753,0,1.274439e-06,-2.8623479e-09,0,0,2.6709585,1.6710243,0.64024717,0,28.71857
1904.0833,116.58631,0,1.3463903e-06,-1.4797812e-08,0,0,2.6643181,1.745892,0.63844621,0,28.574121
1904.1667,115.45582,0,1.4029614e-06,-0.00011350845,0,0,2.6468303,1.81155,0.63606888,0,28.558499
1904.25,115.20951,60.326025,1.438328e-06,-0.00045628436,-0.00055500267,0,2.5492473,1.8728111,0.63356584,1003.7996,47.827668
1904.3333,113.24009,82.472451,1.5348253e-06,0.032284154,0.087112621,0.00021594509,2.4415867,1.9268471,0.62742949,4.7582879,30.956705
1904.4167,109.71988,86.16396,1.6055511e-06,3.0262198,6.521533,0.16377183,2.4511201,1.9514989,0.61306888,72.465548,69.013414
1904.5,109.70385,89.915447,1.7235272e-06,3.5660238,7.2010534,0.29018523,2.9501255,1.952473,0.58812547,19.444483,78.905255
1904.5833,111.53933,32.327306,1.4518495e-06,3.5060461,2.4857964,0.10039203,3.8839681,1.9499363,0.55929959,5.6015789,52.243216
1904.6667,111.61789,0,1.2659785e-06,2.8252967,0,0,5.0925097,1.9491328,0.53536642,0,29.688178
1904.75,111.41577,0,1.1289249e-06,0.16502513,0,0,6.2450824,1.9485849,0.51426435,0,29.61473
1904.8333,111.17223,0,1.1191959e-06,0.0057842091,0,0,7.2716613,1.948258,0.49530658,0,29.503399
1904.9167,110.54018,0,1.1537855e-06,0,0,0,8.0767412,1.9483134,0.47806388,0,35.945564
1905,110.29916,0,1.1844136e-06,-4.7975887e-07,0,0,7.9433684,1.9472493,0.46186301,0,29.016669
1905.0833,109.53971,0,1.2103094e-06,-3.0637344e-05,0,0,7.5082026,1.9452453,0.44788519,0,29.364112
1905.1667,108.77197,0,1.2337897e-06,-0.00014150046,0,0,5.903542,1.9410042,0.43686345,0,28.656921
1905.25,107.33385,72.615258,1.2773056e-06,-0.0005519504,-8.663371e-05,0,5.0895844,1.9366888,0.42539784,984.97678,32.662527
1905.3333,104.21748,80.83947,1.3749933e-06,0.12559098,0.34830012,0.00010353224,4.6740246,1.9238957,0.40837768,9.0377377,23.484928
1905.4167,101.59549,85.617214,1.4365352e-06,2.9347081,6.4706989,0.1512012,4.3615174,1.8906184,0.38833869,90.719324,70.104346
1905.5,104.09268,90.277933,1.4814974e-06,3.4974968,7.2744499,0.26613585,4.5918775,1.840551,0.36653236,19.872825,74.576001
1905.5833,108.53896,82.870133,1.209099e-06,2.901111,5.6908848,0.22166239,4.663147,1.7939882,0.34868813,10.470288,85.318591
1905.6667,110.66533,0,1.0980019e-06,2.384675,0,0,4.4919276,1.7567612,0.33904505,0,29.44745
1905.75,110.47201,0,1.0540664e-06,0.57590286,0,0,4.6529646,1.7234625,0.3324472,0,29.404353
1905.8333,110.27762,0,1.0793829e-06,0.0071794035,0,0,5.123013,1.6933234,0.32687894,0,29.284579
1905.9167,110.08815,0,1.1138902e-06,1.0258267e-05,0,0,5.4759059,1.666368,0.32191616,0,35.346207
1906,110.36265,0,1.1385617e-06,1.1195127e-07,0,0,5.4931631,1.6419675,0.31726584,0,29.283804
1906.0833,110.15649,0,1.1683024e-06,0.00062635913,0,0,5.3814306,1.6207052,0.31313938,0,29.206832
1906.1667,109.92149,0,1.1905126e-06,0.00010351793,0,0,5.1851106,1.6012933,0.30935809,0,28.688806
1906.25,109.90496,39.06225,1.2286362e-06,0.0020144398,0.11523646,0,4.9132438,1.5831691,0.3054778,1019.0323,36.049665
1906.3333,109.873,84.402829,1.315291e-06,0.022719769,0.64007848,0,4.6332836,1.5700312,0.29869267,8.0865153,35.953504
1906.4167,108.37775,86.042732,1.4425382e-06,1.0469459,2.6815192,0.0431715,4.2903118,1.5609789,0.28900015,48.048142,55.82877
1906.5,110.10259,91.175854,1.5565146e-06,4.110084,7.7267216,0.26897295,4.24788,1.5544572,0.27796307,39.721008,88.397966
1906.5833,111.6384,20.965256,1.4330901e-06,4.104324,1.3288693,0.049292129,4.4134111,1.5592476,0.27095753,4.3693698,40.68763
1906.6667,111.26913,0,1.2913272e-06,3.1916615,0,0,4.6153893,1.5671253,0.26819542,0,27.159556
1906.75,110.79945,0,1.206298e-06,1.3131322,0,0,4.6840525,1.5734817,0.2673929,0,27.076234
1906.8333,110.33146,0,1.1319958e-06,0.015856383,0,0,4.4796414,1.5788661,0.26753825,0,27.045982
1906.9167,109.51895,0,1.2006486e-06,-2.3471011e-08,0,0,4.1390719,1.583362,0.26789376,0,32.803052
1907,109.05217,0,1.2559284e-06,-5.8042991e-09,0,0,3.8708563,1.5865314,0.26815683,0,26.888264
1907.0833,108.11588,0,1.2828986e-06,-7.6341419e-07,0,0,3.6258562,1.5879525,0.26823527,0,26.680786
1907.1667,107.15615,0,1.3030181e-06,-1.4548043e-08,0,0,3.3326385,1.5876896,0.26813379,0,26.410534
1907.25,106.29213,15.912868,1.3516072e-06,-6.9858921e-07,-5.4452656e-05,0,2.9712727,1.5857857,0.26784784,968.48932,36.811725
1907.3333,104.30858,79.723783,1.4507121e-06,-0.0010461454,-0.00034259175,0,2.7436955,1.5817471,0.26550126,8.087086,13.857982
1907.4167,96.101031,80.573604,1.6165445e-06,0.081734712,0.33486683,0,2.5194616,1.5644416,0.26032719,18.924653,1.5963334
1907.5,86.786471,87.434873,1.784064e-06,2.8592114,5.5096134,0.14676862,2.4502492,1.5272707,0.25021422,102.42847,68.125216
1907.5833,86.918168,91.943257,1.8237058e-06,3.0582508,5.6833889,0.2087425,2.9424984,1.4870646,0.23930238,21.59996,63.637001
1907.6667,87.714784,37.189335,1.5072064e-06,2.4144588,1.6832758,0.068748039,3.6564007,1.4643698,0.23160136,4.1841481,40.028575
1907.75,87.547868,0,1.2816113e-06,0.12144366,0,0,4.360383,1.453993,0.22617543,0,21.705969
1907.8333,87.040432,0,1.2640968e-06,0.001245605,0,0,4.997849,1.4454254,0.22173728,0,21.661122
1907.9167,86.378157,0,1.2929104e-06,0,0,0,5.5248756,1.4375265,0.21795198,0,26.858967
1908,85.852489,0,1.3589464e-06,-6.5484244e-07,0,0,5.3329382,1.4262207,0.22017244,0,21.621056
1908.0833,84.966376,0,1.4149425e-06,-1.6513715e-08,0,0,5.1067638,1.4150002,0.22681789,0,21.734187
1908.1667,83.980419,0,1.4631022e-06,-8.4903681e-05,0,0,4.8965011,1.4059068,0.2361601,0,21.632769
1908.25,83.264776,71.976975,1.5436981e-06,-0.0013779282,-0.00036976434,0,4.6955566,1.3954334,0.2505548,1021.9892,37.079294
1908.3333,81.501067,81.700467,1.665731e-06,0.04481975,0.13210383,0.00072265713,4.4319973,1.3881526,0.26775718,3.822577,23.530428
1908.4167,82.377985,83.384782,1.6391448e-06,2.9789384,7.071135,0.13044949,4.138979,1.383534,0.28496751,33.995322,71.677022
1908.5,85.534334,85.2779,1.6509756e-06,3.3805128,7.516478,0.23593489,4.4314942,1.3806792,0.30183071,12.804176,82.521357
1908.5833,91.560893,86.414613,1.3209994e-06,2.3789867,5.235729,0.18046735,4.9697056,1.391849,0.32526085,7.2383672,108.39837
1908.6667,97.446695,26.088638,1.1319066e-06,2.0895785,1.2753408,0.044030709,5.8261552,1.4294256,0.36382157,1.5607074,58.929918
1908.75,97.674437,0,1.0035072e-06,0.49854715,0,0,6.8890686,1.4816809,0.40958521,0,25.571664
1908.8333,97.268596,0,9.6556073e-07,0.012506836,0,0,8.0191221,1.5282365,0.45194882,0,25.187532
1908.9167,96.254751,0,1.0430191e-06,0,0,0,9.0882511,1.5709635,0.49163812,0,29.574715
1909,95.107213,0,1.1060827e-06,0,0,0,9.8308296,1.6114718,0.53251338,0,24.319243
1909.0833,93.753055,0,1.1712664e-06,0,0,0,10.249895,1.6495203,0.57406491,0,23.975672
1909.1667,92.782728,0,1.2227993e-06,0,0,0,9.9662971,1.6862814,0.61595488,0,23.688231
1909.25,92.419468,33.705883,1.3094146e-06,-1.5680204e-05,-2.0789574e-06,0,9.4488516,1.7194846,0.65502292,947.36695,41.053481
1909.3333,93.405202,77.853709,1.4381392e-06,0.12134803,0.42505504,0.0029076294,8.985774,1.7482041,0.68885672,8.0001547,43.831675
1909.4167,96.732616,79.931736,1.4676646e-06,2.2743088,6.3794352,0.09215759,8.5080919,1.7732519,0.71714914,29.874813,108.37881
1909.5,104.34335,81.581838,1.5965388e-06,2.8569983,7.0682349,0.19202946,8.8374701,1.7996491,0.73963284,12.409899,132.96412
1909.5833,114.50379,82.503304,1.3387765e-06,2.5346811,6.0575597,0.18122405,9.1426535,1.8385674,0.7755295,5.9193464,164.57619
1909.6667,125.28825,44.276595,1.0803138e-06,1.6990496,2.7954269,0.086065772,9.3023443,1.8965626,0.84251994,2.3540942,116.86118
1909.75,126.93666,0,9.5621135e-07,0.14923073,0,0,9.2552509,1.9725136,0.94818491,0,32.830049
1909.8333,126.46316,0,9.3916969e-07,0.0033427446,0,0,9.132555,2.0429156,1.0484931,0,29.5961
1909.9167,125.55437,0,1.001732e-06,1.9450802e-06,0,0,9.1392574,2.1054022,1.1382835,0,34.586321
1910,124.21786,0,1.0761274e-06,-1.0209219e-09,0,0,9.0226097,2.1606472,1.2207662,0,27.657493
1910.0833,121.9909,0,1.14335e-06,-3.4405169e-06,0,0,8.3442869,2.2077978,1.2922574,0,25.811606
1910.1667,119.98902,0,1.1947942e-06,-4.7199466e-05,0,0,7.6643257,2.2497168,1.3565956,0,23.730546
1910.25,119.7411,50.884452,1.2971379e-06,-0.00037126727,-0.00024516717,0,6.9877682,2.2873621,1.4104456,886.48502,61.471852
1910.3333,118.00636,72.854906,1.4442591e-06,0.00040967963,0.006740497,0,6.1785235,2.3123281,1.4468365,4.8167496,16.552758
1910.4167,113.94847,74.191943,1.5847911e-06,1.0513824,3.4463024,0.035523341,5.1770988,2.3139515,1.4734905,49.371613,79.585454
1910.5,112.51761,78.773104,1.8036937e-06,2.7973362,7.5826034,0.19554664,5.0307102,2.2878022,1.4814348,36.198952,73.540885
1910.5833,111.86016,81.010193,1.7107269e-06,2.2380968,5.4317765,0.17339975,5.5827556,2.254169,1.4844455,19.774089,80.151199
1910.6667,114.2293,57.659455,1.4750572e-06,1.8750622,3.3756304,0.11345274,6.0952802,2.2245669,1.5029974,11.032848,65.60917
1910.75,114.83019,0,1.3072034e-06,0.31833021,0,0,6.8357325,2.1952631,1.5333076,0,30.228879
1910.8333,114.58002,0,1.2516939e-06,0.0010070848,0,0,7.1350665,2.1666806,1.5620929,0,30.1885
1910.9167,114.22367,0,1.298553e-06,9.4873945e-06,0,0,6.9741435,2.1398747,1.5888072,0,36.856275
1911,113.80914,0,1.334425e-06,-4.9776886e-08,0,0,6.3964791,2.1153502,1.6132954,0,30.069336
1911.0833,112.26279,0,1.3932896e-06,-5.2449379e-08,0,0,5.8285937,2.0962594,1.6334484,0,29.672346
1911.1667,110.98417,0,1.4343591e-06,0,0,0,5.2019877,2.0812168,1.6515826,0,29.346858
1911.25,110.18248,49.575161,1.4674504e-06,-1.8859276e-05,-0.00044927391,0,4.4813266,2.0676177,1.6687249,863.5116,37.959215
1911.3333,107.46504,70.763588,1.5661989e-06,0.011658719,0.060419209,0,3.8094547,2.0534589,1.6749152,2.3930363,8.9682407
1911.4167,103.26468,73.419303,1.6913446e-06,1.2768034,3.7224512,0.055694273,3.1776354,2.0320284,1.6512418,92.096927,58.472238
1911.5,102.4568,80.282129,1.8318657e-06,2.6766036,7.1191199,0.21938127,2.6937039,2.0042422,1.5884335,38.991386,66.398075
1911.5833,103.22659,82.225889,1.7260197e-06,2.4338926,6.338741,0.21424176,2.7894945,1.9816084,1.496139,19.97722,72.645019
1911.6667,106.19247,52.930512,1.4874093e-06,1.7175364,3.0547439,0.11117148,3.5814319,1.9635603,1.410228,8.3901734,60.804495
1911.75,106.85936,0,1.3356123e-06,0.55608454,0,0,4.3667221,1.9461246,1.337623,0,28.682191
1911.8333,106.67197,0,1.2311386e-06,0.037046552,0,0,4.90453,1.9288756,1.2721912,0,28.573493
1911.9167,106.17285,0,1.1870286e-06,-4.3463573e-13,0,0,4.9428177,1.913301,1.2131425,0,35.152248
1912,105.73792,0,1.2713571e-06,0,0,0,4.8696671,1.9005563,1.1603156,0,28.336731
1912.0833,104.59115,0,1.3298567e-06,-1.7790969e-06,0,0,4.7565665,1.8913442,1.1160711,0,28.039024
1912.1667,103.58623,0,1.3864957e-06,-2.3976745e-05,0,0,4.5007281,1.8838819,1.0773803,0,27.779293
1912.25,102.81008,0,1.4320203e-06,-5.1566884e-05,0,0,4.0181518,1.8769348,1.0416613,0,27.568561
1912.3333,102.46661,54.15101,1.5047175e-06,0.12114145,0.42274474,0.0010094204,3.411006,1.8701791,1.0081732,868.16108,33.216981
1912.4167,104.45752,78.981213,1.627428e-06,2.6207827,7.4070567,0.12180907,2.7756081,1.8618188,0.97421485,87.043765,83.377456
1912.5,109.76498,82.019992,1.8953195e-06,2.8739014,7.1439581,0.21625425,3.1584575,1.853544,0.9416576,18.86383,111.89868
1912.5833,118.19011,83.502993,1.5715065e-06,2.4140071,5.6189985,0.19122377,3.7553935,1.845125,0.91484833,11.64238,139.77489
1912.6667,125.63625,64.804338,1.3294151e-06,1.6797708,3.0999162,0.10900831,4.3963609,1.8368335,0.90185893,6.9715006,85.372019
1912.75,126.8425,0,1.2012389e-06,0.7948925,0,0,4.7430787,1.8301625,0.90855461,0,30.05349
1912.8333,126.1958,0,1.0897743e-06,0.00079806257,0,0,4.6814051,1.8230485,0.9185304,0,29.869061
1912.9167,125.14676,0,1.1204768e-06,-9.4569766e-09,0,0,4.5200067,1.8162593,0.92776406,0,35.732407
1913,124.42466,0,1.1706447e-06,-4.7816881e-07,0,0,4.267837,1.8105906,0.93698901,0,29.651205
1913.0833,123.27556,0,1.2364056e-06,-6.0964174e-05,0,0,3.9746246,1.8058665,0.94563097,0,29.435777
1913.1667,122.128,0,1.295399e-06,-0.00024529362,0,0,3.656225,1.8016531,0.95402491,0,29.224056
1913.25,121.39513,12.627995,1.3662789e-06,-0.00032663522,-7.0074256e-07,0,3.4733164,1.7977512,0.96230245,922.31943,63.776299
1913.3333,122.50294,76.178506,1.4519244e-06,0.51805668,1.4723402,0.015655579,3.261764,1.7941318,0.96218574,25.712106,43.046833
1913.4167,123.74272,80.000147,1.5488046e-06,3.4413592,8.3769057,0.19049673,3.1576142,1.7889649,0.95165068,41.829259,66.440047
1913.5,127.74646,82.420968,1.6189051e-06,3.1727522,7.3255714,0.23875442,3.5125897,1.7802377,0.93565172,17.7452,97.352388
1913.5833,133.17458,81.304662,1.3284312e-06,2.5649379,5.8687434,0.19532358,4.1038699,1.7735838,0.9215306,13.635103,97.609859
1913.6667,135.00623,0,1.1570396e-06,2.1211014,0,0,4.7588148,1.7743704,0.91947711,0,31.986701
1913.75,134.40195,0,1.0509583e-06,0.48099611,0,0,5.4411263,1.7762843,0.9237299,0,31.83886
1913.8333,133.74408,0,9.7273039e-07,0.0053423074,0,0,6.0583215,1.7766204,0.92772585,0,31.691081
1913.9167,132.90805,0,1.0088494e-06,0.00013422383,0,0,6.3436794,1.7759353,0.9313494,0,38.799405
1914,132.31908,0,1.0227541e-06,-1.0887695e-07,0,0,6.5029025,1.7746636,0.93490541,0,32.201311
1914.0833,130.62148,0,1.0518663e-06,-4.2820213e-05,0,0,6.5112505,1.7739826,0.93824995,0,31.639029
1914.1667,128.82286,0,1.0882902e-06,-5.6327104e-05,0,0,6.1981368,1.7742951,0.94183069,0,31.442398
1914.25,127.09197,37.054073,1.1273908e-06,-0.00041200562,-0.00013687502,0,5.7362227,1.7741637,0.94452858,902.43738,30.504714
1914.3333,122.58904,74.031949,1.1961769e-06,0.017018112,0.11113906,0,5.1339679,1.7677368,0.9337315,2.7906371,9.2336036
1914.4167,112.36188,76.157361,1.3459626e-06,1.1568686,2.9185549,0.042348785,4.653791,1.7524897,0.90360135,72.422245,49.876531
1914.5,111.69731,82.397081,1.5218849e-06,3.2555762,7.1004209,0.21360313,4.4268284,1.7278296,0.85710692,41.045715,63.594685
1914.5833,113.92029,84.915817,1.3576232e-06,2.5774478,5.5135738,0.21162762,4.4285522,1.703074,0.80988508,15.268174,57.931527
1914.6667,115.76622,28.621007,1.1985724e-06,1.7671126,1.6795963,0.064272192,4.3813677,1.6813357,0.7695331,4.296565,40.792008
1914.75,115.73379,0,1.1254388e-06,0.32784528,0,0,4.4328461,1.6625934,0.74084032,0,31.13675
1914.8333,115.4715,0,1.0834317e-06,0.0021428362,0,0,4.5113344,1.6435925,0.7152549,0,31.079359
1914.9167,115.01343,0,1.1820906e-06,0.0022362956,0,0,4.7118258,1.6215317,0.69223821,0,38.37937
1915,115.32366,0,1.247245e-06,-2.6727262e-08,0,0,4.9216733,1.600328,0.67101043,0,31.027527
1915.0833,114.62285,0,1.3190338e-06,-7.4709027e-08,0,0,4.9859996,1.5823874,0.65271538,0,30.815155
1915.1667,113.88583,0,1.3650163e-06,-0.00010875309,0,0,4.952189,1.5688673,0.63774031,0,30.496258
1915.25,113.07423,13.235621,1.4076692e-06,-0.00058002594,-4.4008186e-05,0,4.8930097,1.5584036,0.6286658,966.59935,30.544333
1915.3333,111.77607,79.446606,1.4680543e-06,0.031911336,0.3308595,0,4.7244282,1.5479041,0.61507756,5.5849644,21.634494
1915.4167,110.72154,81.312373,1.5305031e-06,1.0357598,2.7772,0.034381068,4.5712166,1.5338247,0.59621513,48.024568,55.862108
1915.5,112.81803,85.378066,1.698251e-06,3.3697983,7.3810632,0.20689017,4.7194738,1.5159088,0.57438684,26.947639,62.631792
1915.5833,115.40918,87.406076,1.6294513e-06,2.7103238,5.7414635,0.20545489,5.0399432,1.4991782,0.54987258,16.006727,64.301661
1915.6667,116.99872,5.8822478,1.4637669e-06,2.2354919,0.46439528,0.016823549,5.284945,1.4853114,0.53128976,0.90504843,34.346188
1915.75,116.82891,0,1.3370671e-06,0.54840331,0,0,5.4996376,1.4724236,0.52081531,0,31.430732
1915.8333,116.58636,0,1.29965e-06,0.00012222414,0,0,5.3474746,1.4603695,0.51150829,0,31.366874
1915.9167,116.4057,0,1.3421715e-06,3.3642019e-20,0,0,5.1144233,1.4494425,0.50333685,0,36.720453
1916,116.67086,0,1.3467086e-06,0.00010142079,0,0,4.6764412,1.4394025,0.49609771,0,31.38822
1916.0833,116.49211,0,1.3519892e-06,3.7331988e-06,0,0,4.3904138,1.4307215,0.48995271,0,31.341231
1916.1667,116.30773,0,1.3612391e-06,-7.3909909e-06,0,0,3.9571729,1.4227834,0.48425642,0,31.291178
1916.25,116.13425,35.885643,1.3757992e-06,-2.1325713e-07,6.7679965e-05,0,3.4374621,1.4153175,0.47797272,1007.6139,30.002502
1916.3333,114.69435,83.093427,1.4058066e-06,0,0.15199582,0,2.9939919,1.4083961,0.46272451,1.6608485,10.812203
1916.4167,111.45325,83.487123,1.481818e-06,0.022986434,0.55922775,0,2.580426,1.3998893,0.44440144,2.8191784,16.110245
1916.5,105.20512,85.09323,1.5836483e-06,1.2361363,2.6941872,0.04926245,2.3116109,1.385317,0.42355007,46.85599,60.341504
1916.5833,103.98909,89.620501,1.7579214e-06,2.8566149,5.2855004,0.19830523,2.1813602,1.3683779,0.40117896,27.792021,62.929674
1916.6667,104.05505,48.628401,1.635864e-06,2.1219945,2.1000903,0.092286943,2.2025428,1.3597058,0.37982759,9.6068551,48.876529
1916.75,103.94529,0,1.4494601e-06,1.1149794,0,0,2.3645546,1.3566353,0.36114311,0,26.630169
1916.8333,103.68047,0,1.3308819e-06,0.04993068,0,0,2.8521478,1.3540865,0.34489578,0,26.573643
1916.9167,103.17373,0,1.2329898e-06,3.7952001e-08,0,0,3.3167734,1.3516819,0.33047366,0,30.426392
1917,102.73535,0,1.3024882e-06,-1.5151458e-09,0,0,3.7351503,1.3518072,0.31710753,0,26.199627
1917.0833,102.01371,0,1.3894003e-06,-6.759656e-08,0,0,4.1001992,1.352689,0.30539003,0,26.039608
1917.1667,101.30136,0,1.447684e-06,-0.00028727393,0,0,4.2354116,1.3524674,0.29459181,0,25.880233
1917.25,100.60585,2.6833615,1.465166e-06,-0.00022240155,0,0,4.0886564,1.3511744,0.2843591,979.25946,31.943574
1917.3333,99.653713,81.726119,1.5510991e-06,0.10597865,0.25710439,0.0029315308,3.8445749,1.3384373,0.27782637,27.439911,35.55449
1917.4167,100.01463,87.022081,1.5354889e-06,3.2194741,6.4774979,0.1400728,3.8298318,1.3117529,0.26799253,71.086264,77.777491
1917.5,104.14717,90.157539,1.6360593e-06,3.6871867,6.9966353,0.251514,4.4503541,1.2858534,0.25548074,22.380417,86.535419
1917.5833,108.58927,91.840506,1.3968942e-06,2.7768939,5.2066426,0.21984098,5.0809774,1.2689366,0.24433099,12.033676,81.71891
1917.6667,112.00127,46.361588,1.1652598e-06,2.2761671,2.202588,0.093243125,5.599566,1.2635368,0.23616457,4.9552964,54.431024
1917.75,112.08372,0,1.0220963e-06,0.72667041,0,0,5.8172703,1.2639637,0.23080748,0,26.560744
1917.8333,111.4096,0,8.7032907e-07,2.4456298e-05,0,0,5.9689851,1.2645459,0.2261872,0,26.211604
1917.9167,110.4736,0,8.9957103e-07,0,0,0,5.9992447,1.2647228,0.22212741,0,36.515083
1918,110.22209,0,9.5091121e-07,-1.757518e-24,0,0,5.8440385,1.2558204,0.22569773,0,27.252009
1918.0833,109.11934,0,1.0144838e-06,-8.6431284e-07,0,0,5.8246045,1.2406727,0.23739716,0,27.221408
1918.1667,107.9879,0,1.0748894e-06,-4.1781349e-06,0,0,5.8298841,1.2256141,0.25278851,0,27.018263
1918.25,107.07637,41.658051,1.1575313e-06,-0.00057333503,-0.00031102466,0,5.7674346,1.2118968,0.2708391,1018.4526,39.485934
1918.3333,105.40199,82.504153,1.2919584e-06,-0.0010272037,-0.00033069127,0,5.9067488,1.2029085,0.28635076,2.0765685,26.130981
1918.4167,102.17226,81.297524,1.4253502e-06,0.036717998,0.12201963,0,5.7754297,1.1986507,0.29746601,1.0881137,10.151246
1918.5,102.25315,82.729921,1.4804662e-06,2.1243855,5.298201,0.11028618,5.4464383,1.1974391,0.30897823,34.685937,86.866338
1918.5833,106.65941,84.977783,1.585906e-06,2.4332928,5.798522,0.17228425,5.5226922,1.2011111,0.32287788,17.451331,88.086975
1918.6667,111.22319,34.339957,1.2817057e-06,1.8944284,1.9471661,0.060887137,5.8322153,1.2154132,0.34301975,5.5856996,66.658354
1918.75,111.4234,0,1.0981245e-06,0.52547623,0,0,6.1659532,1.2337799,0.36936828,0,29.013849
1918.8333,110.58449,0,9.5199982e-07,2.0143589e-06,0,0,6.3988924,1.2506171,0.3945075,0,28.575761
1918.9167,109.02709,0,1.0410504e-06,0,0,0,6.6681828,1.2661132,0.41841763,0,32.211177
1919,107.52524,0,1.1183549e-06,0,0,0,6.8828626,1.2803619,0.44425112,0,27.4887
1919.0833,106.2464,0,1.1765092e-06,-5.6986565e-10,0,0,6.9077625,1.292299,0.47178301,0,27.048775
1919.1667,105.17057,0,1.250405e-06,0,0,0,6.9016128,1.3028721,0.4970437,0,26.676205
1919.25,104.30627,40.392499,1.3341465e-06,0,0,0,6.9419174,1.3126874,0.51969171,922.63123,34.62892
1919.3333,102.28,76.099925,1.4903742e-06,0.37204723,1.3736401,0.011466375,6.9181666,1.325274,0.53604394,24.423034,42.835248
1919.4167,105.84104,79.558745,1.4805802e-06,2.4639583,7.4631201,0.12827061,7.2889323,1.3451033,0.54874176,31.6047,111.44244
1919.5,113.86541,81.161447,1.6639138e-06,2.7406822,7.5750953,0.19704251,8.7339735,1.3765758,0.56895399,11.462908,138.73229
1919.5833,122.86635,81.821233,1.4485282e-06,1.965745,5.2905578,0.15430962,10.390977,1.4289356,0.61111718,7.331093,133.66242
1919.6667,133.0851,43.875109,1.2071851e-06,1.5525474,2.410987,0.0683299,11.333926,1.5086919,0.68802911,3.5554684,152.02437
1919.75,135.69778,0,1.0881301e-06,0.55957511,0,0,11.872437,1.6099461,0.79027474,0,30.775266
1919.8333,134.9858,0,1.0488037e-06,0.00036080339,0,0,12.035798,1.7002161,0.88731945,0,30.356116
1919.9167,134.03665,0,1.0364301e-06,1.9016834e-05,0,0,11.797677,1.7778819,0.97657049,0,34.400652
1920,133.23385,0,1.0567338e-06,0.00032831275,0,0,11.333557,1.8446419,1.0596879,0,29.007435
1920.0833,132.10225,0,1.1154928e-06,0.00012364497,0,0,10.83255,1.8875932,1.1320982,0,28.220213
1920.1667,130.97832,0,1.2111021e-06,0,0,0,10.867409,1.9205922,1.198195,0,27.799139
1920.25,130.63313,21.238856,1.3016378e-06,0,0.031305619,0,10.891881,1.9485768,1.2603642,775.89092,58.975035
1920.3333,128.6702,65.181039,1.3617243e-06,5.3348027e-06,0.33161338,0,10.212249,1.9511997,1.3270705,43.837071,5.6456804
1920.4167,118.04415,70.374541,1.5107348e-06,0.025660647,0.92747219,0,9.4336128,1.9421691,1.4206984,61.335494,13.923726
1920.5,104.28803,76.100543,1.7491529e-06,1.476711,3.9430241,0.070763406,8.9743128,1.9206069,1.5352765,86.69765,68.103166
1920.5833,99.227376,82.051955,1.9201605e-06,2.2683815,5.2781391,0.19185185,8.4125462,1.8928822,1.6784911,39.346422,62.600989
1920.6667,97.216517,33.574987,1.7612421e-06,1.6791186,1.6419344,0.06278261,7.8022614,1.8763378,1.8564831,7.9564641,36.915147
1920.75,96.802823,0,1.6193907e-06,0.33790925,0,0,6.8944254,1.858683,2.0381935,0,24.354183
1920.8333,96.508801,0,1.5535064e-06,0.0039287443,0,0,5.9255662,1.8415338,2.209564,0,24.305324
1920.9167,96.225582,0,1.5506907e-06,3.4980926e-05,0,0,5.1213827,1.8259522,2.3671577,0,28.183233
1921,96.176043,0,1.6415507e-06,4.0720838e-05,0,0,4.4398394,1.8219315,2.5332434,0,23.89756
1921.0833,95.762633,0,1.7367745e-06,-3.7523565e-07,0,0,3.8486555,1.8230156,2.6898849,0,23.668321
1921.1667,94.94812,0,1.8083055e-06,-2.013158e-06,0,0,3.2615914,1.8151472,2.8221653,0,23.525147
1921.25,94.430126,45.074478,1.8754317e-06,-0.00014134089,-0.00011086028,0,2.698385,1.8055382,2.9345675,916.79851,43.638945
1921.3333,91.953963,75.200215,1.9748795e-06,0.006195829,0.13074888,0,2.0917928,1.7910552,3.0080523,3.817446,12.939085
1921.4167,87.649748,76.444365,2.1550943e-06,0.57984066,1.7693337,0.016099003,1.6508619,1.7581699,2.9953613,50.379527,34.179174
1921.5,86.842403,82.587615,2.4092012e-06,3.0927584,6.7799175,0.23892781,1.3784124,1.7062366,2.8879516,52.946551,54.67539
1921.5833,87.755471,85.289463,2.6070572e-06,2.7665833,5.735934,0.25920794,1.2357286,1.6561526,2.6969242,19.303912,54.446545
1921.6667,88.83848,49.058605,2.4463986e-06,1.9283364,2.4821325,0.11129712,1.2387849,1.6109289,2.457027,9.6287201,45.034726
1921.75,89.218065,0,2.2559598e-06,0.32949232,0,0,1.2397043,1.5654004,2.2299201,0,23.94417
1921.8333,89.069076,0,2.0810426e-06,0.067092154,0,0,1.2425978,1.5223554,2.0247195,0,23.905167
1921.9167,88.930473,0,2.0724142e-06,9.3514162e-05,0,0,1.2640467,1.4826809,1.8394148,0,27.350634
1922,89.066848,0,2.0883447e-06,0.00010232964,0,0,1.3187932,1.4453858,1.6692154,0,23.910788
1922.0833,88.925004,0,2.070894e-06,4.7475068e-05,0,0,1.4087058,1.4130031,1.5227066,0,23.875027
1922.1667,88.784195,0,2.0848868e-06,9.6492626e-06,0,0,1.4874861,1.3834834,1.3901317,0,23.840881
1922.25,88.656098,11.22215,2.0992093e-06,1.1875281e-05,0.021909273,0,1.4994515,1.3557355,1.2658865,1024.2634,26.330579
1922.3333,89.486375,84.720664,2.1018614e-06,7.8726869e-05,0.29355266,0,1.4765419,1.3313473,1.1518505,7.3743853,41.222235
1922.4167,90.520374,85.463159,2.1012238e-06,0.027865149,0.68534897,0,1.4262215,1.3084096,1.0477543,5.9562197,42.095945
1922.5,90.74419,72.594948,2.1088576e-06,0.75876956,1.0663962,0.0024480428,1.3510017,1.2857119,0.9560703,12.406319,45.530825
1922.5833,89.981526,0,2.231988e-06,4.0614968,0,0,1.2637352,1.2636924,0.87749994,0,11.765716
1922.6667,88.509098,0,2.2980873e-06,2.6462971,0,0,1.2135829,1.2442025,0.81014401,0,3.8939271
1922.75,86.658023,0,2.0299508e-06,0.56449325,0,0,1.236827,1.2266566,0.7494818,0,2.8822731
1922.8333,84.777571,0,1.8014182e-06,6.6215163e-05,0,0,1.2974174,1.2107399,0.69472343,0,2.599821
1922.9167,82.894847,0,1.8075464e-06,2.4832805e-07,0,0,1.4361145,1.19627,0.64520746,0,2.422494
1923,80.485128,0,1.8170414e-06,-4.0071e-09,0,0,1.6240562,1.1824824,0.59898287,0,2.4813057
1923.0833,78.460865,0,1.8434387e-06,-3.7258471e-07,0,0,1.8095477,1.1700258,0.5575844,0,2.3547191
1923.1667,76.489396,0,1.8349022e-06,-2.558579e-06,0,0,2.0110502,1.1582955,0.51884651,0,2.3105725
1923.25,76.308943,16.775314,1.7996817e-06,-0.0013666959,-0.00044061795,0,2.2088859,1.1464188,0.48119989,510.01663,59.050339
1923.3333,66.332318,41.912962,1.938399e-06,-0.0013681468,-0.00087438204,0,2.4038095,1.1193759,0.44070038,0,0.0030313215
1923.4167,28.289933,46.461556,2.8638649e-06,1.3000363,2.1034424,0.04926305,3.2597523,1.0522735,0.40086159,307.74819,1.5656044
1923.5,5.834274,78.54867,3.8936278e-06,4.0310509,7.0082437,0.26738314,4.8255458,0.95780092,0.36363587,155.43962,17.589619
1923.5833,7.3957504,81.470855,3.0385479e-06,2.9765098,5.1415885,0.24900497,5.9726973,0.87157047,0.33089945,12.965195,32.219636
1923.6667,8.7970365,0,2.2425945e-06,2.6647745,0.17659129,0.0071001421,6.9618282,0.80150425,0.30538267,0,3.3358397
1923.75,8.7615186,0,1.8173137e-06,0.89162152,0,0,7.7865953,0.73972189,0.28322142,0,2.0911707
1923.8333,8.7215416,0,1.6053668e-06,0.0032145899,0,0,7.9433823,0.68389928,0.26319608,0,2.0960291
1923.9167,8.6606005,0,1.6605047e-06,-4.2358772e-08,0,0,7.7530012,0.63368338,0.24482912,0,4.8803169
1924,8.8170199,0,1.7993334e-06,-4.7679896e-07,0,0,7.2858791,0.58779293,0.22756961,0,2.1271215
1924.0833,8.7508243,0,1.9227041e-06,-2.3536754e-07,0,0,6.4781156,0.54800707,0.21294305,0,2.857292
1924.1667,8.7214373,0,2.0574892e-06,-9.2151302e-05,0,0,5.6161246,0.51005399,0.20225036,0,3.0443644
1924.25,8.8830302,26.124615,2.25894e-06,-0.00021573878,-1.5986662e-05,0,4.8496342,0.47316068,0.19393677,953.7826,19.460081
1924.3333,13.874076,78.201391,2.5205138e-06,0.024791765,0.082783278,0,4.0795407,0.44386667,0.18617105,1.7281841,112.13038
1924.4167,27.860172,79.916961,2.4338385e-06,2.4506816,5.1207386,0.095578416,3.1453063,0.43360931,0.17924871,32.907037,259.92674
1924.5,57.899646,82.011662,2.1472738e-06,3.3911227,6.2529736,0.20699547,3.0479183,0.45686215,0.17734329,13.05482,503.973
1924.5833,119.62122,82.616493,1.3756961e-06,2.9309307,4.9935183,0.19811319,3.7790008,0.5422982,0.19450885,1.132863,1072.6013
1924.6667,172.42682,0,9.4332836e-07,2.5477612,0.15905409,0.00618035,4.763072,0.71354079,0.25320169,0,95.506128
1924.75,171.94511,0,8.6729642e-07,0.26480986,0,0,5.6703892,0.89143133,0.32844806,0,43.294872
1924.8333,171.42434,0,8.7673635e-07,0.039022018,0,0,6.5143847,1.0521635,0.39673173,0,42.912779
1924.9167,170.91809,0,8.0398519e-07,0.0051356443,0,0,7.0791039,1.197211,0.45849386,0,50.878193
1925,170.97007,0,7.9674453e-07,3.4705168e-05,0,0,6.9858308,1.3301505,0.51525801,0,41.83706
1925.0833,169.81521,0,8.1807656e-07,-0.00028202138,0,0,6.7834716,1.4438919,0.56372797,0,40.758081
1925.1667,168.26457,0,8.5737054e-07,-0.00011959901,0,0,6.5187211,1.5458275,0.60695642,0,39.610633
1925.25,169.44818,37.138585,8.8960735e-07,-4.0653321e-05,-0.00030954227,0,6.4049258,1.6528265,0.6434598,616.9497,104.22802
1925.3333,169.7266,50.749198,9.3870676e-07,0.13429781,0.28736465,0,7.1011119,1.8800632,0.6978569,12.241005,33.868004
1925.4167,194.11197,67.695886,9.303775e-07,3.5366682,5.8882418,0.17691929,7.7819614,2.281847,0.81603158,318.20182,1062.8463
1925.5,314.73953,79.007871,5.415128e-07,3.7958529,6.0271798,0.26773654,9.6330624,2.906271,1.0087417,20.9501,1501.0846
1925.5833,425.95848,79.976149,3.5024146e-07,3.2545338,5.0608193,0.25078556,13.445129,3.8814933,1.3126024,3.8274844,1159.8017
1925.6667,479.80434,80.268472,3.1479712e-07,1.9328635,2.9493348,0.15926585,18.843487,5.2749615,1.7764565,1.6834356,510.78386
1925.75,488.87581,10.370595,3.0849205e-07,1.3400752,0.36462399,0.019657562,22.664104,7.0846143,2.458523,0.17607943,52.888707
1925.8333,477.47934,0,3.1886665e-07,0.065054773,0,0,22.686117,8.8312559,3.2195487,0,0.0046805808
1925.9167,465.79981,0,3.5477919e-07,0.00070262019,0,0,22.79273,10.388326,3.927166,0,0.0057826483
1926,452.47495,0,6.1724512e-07,0.00010209525,0,0,22.913,11.811212,4.5869112,0,0.00077293073
1926.0833,431.85735,0,6.258839e-07,5.9106068e-05,0,0,22.991007,13.031084,5.1691074,0,0.00053858304
1926.1667,398.68173,0,6.458576e-07,-0.00064957117,0,0,23.190981,14.163612,5.819118,0,0.00074801193
1926.25,359.81461,0,6.9577209e-07,-0.00056981288,0,0,23.555458,15.214552,6.7337017,0,0.0010032728
1926.3333,327.65293,0.59660652,7.5929802e-07,0.24266239,0.0065029268,0.00021511361,23.910667,16.118168,7.8000946,12.07733,57.319384
1926.4167,297.80117,1.9929998,8.0843085e-07,4.8944589,0.38770985,0.18508604,23.055567,16.86784,8.753727,31.382909,0.6969797
1926.5,271.06822,6.5908907,7.7780868e-07,5.3530341,1.1003778,0.29976747,21.387239,17.384092,9.6369419,78.571107,15.534314
1926.5833,252.64427,13.611466,7.4030265e-07,3.789812,1.4532788,0.24180035,20.261089,17.68014,10.432086,83.015222,57.693645
1926.6667,241.7665,19.80033,7.3078513e-07,2.5243872,1.3847875,0.18117878,19.781937,17.775188,11.107532,77.59657,53.643969
1926.75,232.45052,3.7444967,7.0928081e-07,0.79152559,0.22442133,0.021642263,20.088572,17.719559,11.699927,12.00082,11.200518
1926.8333,219.24645,0,7.4572409e-07,0.018639127,0,0,21.302423,17.642612,12.219785,0,0.46191547
1926.9167,204.51871,0,7.9895062e-07,8.3578949e-09,0,0,23.024422,17.578121,12.683095,0,0.010083587
1927,188.88114,0,8.1506528e-07,0.0028425965,0,0,24.954817,17.522936,13.105593,0,0.0071341548
1927.0833,173.71206,0,8.3181305e-07,-3.7410588e-05,0,0,26.64566,17.476269,13.469954,0,0.0041346048
1927.1667,158.43675,0,8.571015e-07,-0.00013524656,0,0,27.188034,17.430115,13.804012,0,0.0029124751
1927.25,143.41344,0.087351844,9.0118368e-07,-8.7233677e-06,0,0,26.968254,17.374109,14.127286,5.2639215,21.340465
1927.3333,130.24651,0.45185178,9.6647e-07,-0.0002808804,4.2973367e-05,0,25.77548,17.209023,14.38905,0.00098446955,0.66291249
1927.4167,113.1276,0.58696582,1.0809088e-06,2.3794898,0.064382389,0.1200015,23.158949,16.719234,14.369591,5.509559,1.6576018
1927.5,89.973278,1.8452859,1.0591308e-06,4.5591762,0.31983362,0.37799078,21.840462,15.870538,14.063371,26.164774,5.3057617
1927.5833,50.364062,5.3946436,9.748162e-07,3.7185612,0.66235992,0.34981946,23.594721,14.813555,13.624726,53.199481,15.401478
1927.6667,41.096736,3.0557183,9.1047855e-07,2.232675,0.29659596,0.10127694,25.621618,13.764987,13.160079,20.043857,10.943272
1927.75,39.227899,0,9.0858771e-07,0.12810533,0,0,28.284603,12.797209,12.657228,0,0.12796373
1927.8333,37.06231,0,9.5566054e-07,0.0029575842,0,0,31.412485,11.930614,12.177732,0,0.072178879
1927.9167,34.564499,0,1.0056485e-06,9.1300414e-08,0,0,34.640846,11.152299,11.723137,0,0.16821375
1928,32.472063,0,1.0564091e-06,0.0011963332,0,0,38.080788,10.440903,11.281199,0,7.218206
1928.0833,29.925548,0,1.1126763e-06,0.0023620738,0,0,41.560856,9.8306942,10.874931,0,0.0052574496
1928.1667,27.439643,0,1.1909307e-06,0.00077997031,0,0,43.830639,9.2772741,10.480154,0,0.0051640233
1928.25,23.936698,3.0726169,1.304432e-06,0.015889739,0.015123192,0,43.244129,8.7527504,10.083974,44.559718,6.5547664
1928.3333,11.952775,3.6868774,1.5087379e-06,0.068616519,0.039698792,0,42.666187,8.2267838,9.6560612,4.2583696,7.6986661e-07
1928.4167,6.5407311,5.2689458,2.0217556e-06,2.4874551,0.57400975,0.20159113,50.792053,7.6690388,9.1365547,55.363121,0.43457545
1928.5,4.9657826,11.001745,2.1291637e-06,4.3755333,1.4157278,0.53221606,54.599834,7.0738931,8.5428572,55.632576,5.8279463
1928.5833,4.648257,13.223642,1.9067779e-06,3.5737317,1.1841152,0.42076723,57.261944,6.4728346,7.8960176,1.9468913,13.40208
1928.6667,5.5891685,3.9976388,1.7027832e-06,2.5911871,0.29715713,0.10292594,51.326698,5.9508643,7.2815971,0.29615521,5.5544628
1928.75,5.5689127,0,1.6304289e-06,0.42568333,0,0,49.376774,5.4906235,6.7258883,0,0.86670045
1928.8333,5.4833768,0,1.7017643e-06,0.010338445,0,0,49.321442,5.0765548,6.2215834,0,0.80254781
1928.9167,5.39257,0,1.7741876e-06,1.6825499e-05,0,0,48.680565,4.7053304,5.7652283,0,1.6146483
1929,5.3389044,0,1.8262334e-06,0.0042023735,0,0,47.714851,4.3723087,5.3407354,0,0.84559145
1929.0833,5.2022468,0,1.8098926e-06,0.0038795585,0,0,46.293091,4.0880275,4.9692674,0,0.82535785
1929.1667,5.0452938,0,1.7740166e-06,0.0013181674,0,0,44.287922,3.8302035,4.6303267,0,0.82296177
1929.25,4.993272,5.0747041,1.8269405e-06,0.0026759358,0.014248379,0,43.386013,3.5877507,4.3104701,154.16601,7.1218268
1929.3333,6.3649379,12.79013,1.9583833e-06,0.03469813,0.087348007,0,41.556091,3.3763428,4.0206723,0.41485322,23.208804
1929.4167,9.2665032,13.080765,1.9897386e-06,2.705337,1.010228,0.16490639,39.832401,3.1968305,3.7530739,5.96436,52.680008
1929.5,15.845079,13.719675,1.4612237e-06,5.0215488,1.7295048,0.54492939,33.113678,3.0470889,3.5184314,3.8578783,105.71621
1929.5833,28.316107,10.363102,1.0771395e-06,3.2459474,0.88360003,0.32295914,31.254457,2.9318867,3.3304052,0.85106683,157.92569
1929.6667,33.539936,0,9.9722331e-07,2.7069307,0,0,34.127773,2.8514454,3.1828263,0,8.2613914
1929.75,33.362761,0,9.6152905e-07,0.55210971,0,0,38.483646,2.781702,3.0487714,0,8.0883805
1929.8333,33.220336,0,1.0320942e-06,0.0025432346,0,0,43.908424,2.7190189,2.926188,0,7.9955366
1929.9167,33.040956,0,1.0584874e-06,0.00013210481,0,0,50.945122,2.662807,2.8138847,0,9.7139795
1930,32.954101,0,1.0821354e-06,0.0020170705,0,0,60.066841,2.6113737,2.7090034,0,7.8840645
1930.0833,32.690622,0,1.1126997e-06,5.7981354e-06,0,0,68.948395,2.5670724,2.6166918,0,7.8636841
1930.1667,32.511428,0,1.1557183e-06,8.4235581e-05,0,0,77.114609,2.526962,2.5302873,0,8.0619929
1930.25,32.275338,3.8994811,1.1932e-06,0.0015809693,0.0072777308,0,87.589996,2.4887683,2.4490411,109.14233,9.1416376
1930.3333,32.117847,9.0948716,1.2822314e-06,0.0097994097,0.034445128,0,104.15862,2.455152,2.3791599,0.49928087,2.178871
1930.4167,31.100951,9.5147882,1.4571821e-06,0.38070768,0.17843067,0.011719892,131.26685,2.4233072,2.3004615,19.519325,5.8733888
1930.5,40.591579,13.777414,1.4193764e-06,4.1903087,1.6143911,0.42529815,147.09943,2.3929276,2.202996,39.385912,259.39761
1930.5833,62.548205,14.4899,1.1533057e-06,3.5687566,1.3686051,0.51235365,163.96252,2.3759556,2.1045885,1.932983,248.16518
1930.6667,76.722011,9.7784223,9.9524982e-07,1.9288454,0.67517627,0.2668335,181.15408,2.3894141,2.0314729,0.73380346,109.22222
1930.75,77.76852,0,9.9581985e-07,0.3073032,0,0,199.7346,2.4332056,2.0174298,0,1.853787
1930.8333,76.072611,0,1.0309806e-06,7.8235777e-05,0,0,219.035,2.4770439,2.022769,0,1.7419298
1930.9167,74.325554,0,1.0783928e-06,0.0057621558,0,0,240.26564,2.5159438,2.0275476,0,3.9486732
1931,71.646661,0,7.9600591e-07,0.00026507202,0,0,263.83557,2.5501771,2.0320864,0,1.7831215
1931.0833,67.655638,0,8.2379523e-07,0.0028945614,0,0,285.91595,2.5760977,2.0367322,0,1.7639493
1931.1667,62.95941,0,8.4997549e-07,0.0033135186,0,0,307.37762,2.5940197,2.0419118,0,1.7331954
1931.25,58.362789,3.2797595,8.949865e-07,0.016140612,0.0007275789,0,330.93143,2.5984387,2.0212536,49.22263,6.2541705
1931.3333,53.668927,4.2365086,9.5592179e-07,0.14838611,0.012096467,0,357.17606,2.5774055,1.9478755,0.51853096,1.0403183
1931.4167,42.68489,4.9993093,1.0418444e-06,3.0650367,0.53185079,0.26963672,386.52402,2.534879,1.8813078,19.261284,9.414023
1931.5,27.721837,7.1438025,9.4288856e-07,4.3518137,0.92331304,0.64500257,409.12842,2.471874,1.8464787,22.644066,17.39635
1931.5833,18.087318,9.4877761,7.9557049e-07,3.4960744,0.97190631,0.61532015,440.00031,2.3975866,1.8316692,36.953699,23.759279
1931.6667,17.124614,8.3026933,7.1255761e-07,2.2100852,0.59052018,0.31367155,461.6947,2.3279586,1.8350059,9.5119857,18.745271
1931.75,17.384222,0,7.0719631e-07,0.27007033,0,0,481.75748,2.2670124,1.8624624,0,3.3507648
1931.8333,17.248094,0,7.3202915e-07,0.0057278944,0,0,504.57596,2.2119567,1.8918529,0,3.3452023
1931.9167,17.100848,0,7.5402266e-07,3.1980004e-06,0,0,528.96411,2.1624386,1.9192051,0,6.6939557
1932,17.139766,0,1.1462927e-06,3.2215823e-08,0,0,555.39551,2.1172636,1.945521,0,3.6013971
1932.0833,16.847288,0,1.2231511e-06,0,0,0,579.27625,2.0789165,1.9714596,0,3.1833419
1932.1667,16.499301,0,1.2783719e-06,2.494661e-05,0,0,606.40808,2.0446925,1.9978456,0,2.6686885
1932.25,16.328631,5.1155323,1.3336662e-06,-0.00039437915,0.0086872915,0,617.8175,2.0130718,2.0196908,104.04641,6.4214263
1932.3333,16.039569,8.9916848,1.612676e-06,0.0027652625,0.032251149,0,453.62836,1.9858271,2.0386593,7.0958277,1.2900439
1932.4167,14.424159,10.057909,2.1987898e-06,0.090170828,0.095360459,0,256.93835,1.9576218,2.0568764,13.357944,3.1053968
1932.5,13.558078,11.933587,2.3383325e-06,1.7268873,1.2088386,0.406782,196.52766,1.9222367,2.0607953,23.219138,38.489027
1932.5833,15.925525,13.106068,1.9438623e-06,1.6449981,1.1834735,0.63240696,200.28294,1.8802308,2.0725405,4.687751,53.758622
1932.6667,18.255016,0.44464981,1.6813082e-06,1.1757296,0.075089987,0.037531665,206.00063,1.840867,2.0899618,0.10915863,8.6236544
1932.75,18.142667,0,1.5780689e-06,0.31592776,0,0,212.03241,1.8052082,2.0900106,0,4.1471203
1932.8333,18.021967,0,1.6262674e-06,0.0026015868,0,0,222.88748,1.7737964,2.0898747,0,4.1353287
1932.9167,17.901815,0,1.7245176e-06,0.000628938,0,0,236.25511,1.746022,2.089514,0,7.5757078
1933,18.022267,0,1.8338606e-06,2.3768055e-06,0,0,253.1033,1.7202082,2.0889621,0,3.9478062
1933.0833,17.827878,0,1.9574527e-06,0.00023953878,0,0,268.75665,1.6973698,2.0886745,0,3.795248
1933.1667,17.630637,0,1.9981944e-06,0.00058946254,0,0,283.20459,1.6767951,2.0884793,0,3.76775
1933.25,17.665101,4.5475229,2.0437519e-06,0.014251945,0.010454454,0,290.24289,1.657685,2.0910048,137.97692,15.627386
1933.3333,19.500999,11.518299,2.0778402e-06,0.036540713,0.046617073,0,287.3992,1.6418217,2.1081932,0.46191711,29.617822
1933.4167,21.536291,12.23255,2.1053984e-06,0.93848794,0.85730094,0.16631783,282.85205,1.6260191,2.0845399,20.954484,82.442005
1933.5,32.577347,13.880098,1.8344557e-06,2.0714477,1.8510332,0.60483796,275.38477,1.6123539,2.0107219,5.7054936,155.32421
1933.5833,42.742036,14.342416,1.4792669e-06,1.5692301,1.4100031,0.63524483,276.91983,1.6053253,1.9074506,2.3912207,111.00737
1933.6667,48.68982,6.3240812,1.3417534e-06,0.92869924,0.46183405,0.23931279,280.10803,1.606582,1.8188298,0.91461852,38.607459
1933.75,48.479255,0,1.3407941e-06,0.14095585,0,0,284.23813,1.6151503,1.7515194,0,4.3564425
1933.8333,47.691796,0,1.4273539e-06,0.0017523639,0,0,286.77545,1.6236882,1.68817,0,4.3385926
1933.9167,46.776354,0,1.4877095e-06,4.4605102e-20,0,0,290.25061,1.6314896,1.62832,0,8.5294625
1934,45.477696,0,1.5652996e-06,2.3346211e-07,0,0,289.13297,1.6383657,1.5717757,0,4.2478949
1934.0833,43.404587,0,1.6575048e-06,0.0013880773,0,0,287.20056,1.6435454,1.5220011,0,4.1585018
1934.1667,41.13882,0,1.7026066e-06,0.00070089244,0,0,290.47488,1.6473805,1.4773517,0,4.1505361
1934.25,39.017394,7.0904335,1.7638488e-06,0.012032211,0.001151796,0,283.42029,1.6490006,1.4347588,116.96132,6.4669528
1934.3333,36.995564,9.8385941,1.8427472e-06,0.040126644,0.019661165,0,277.7648,1.6461301,1.3963842,0.39449717,5.4153969
1934.4167,33.949289,10.733413,1.9202221e-06,1.1797388,1.1613621,0.29919814,277.38135,1.6404637,1.3685222,17.327281,20.884034
1934.5,24.857013,12.088154,1.8958985e-06,1.6058396,1.6141547,0.68329897,300.13968,1.6343187,1.3528219,10.867366,22.763739
1934.5833,21.617584,11.105206,1.7270198e-06,1.2829365,1.2485518,0.64477887,331.80475,1.6318047,1.3673278,12.806019,24.036765
1934.6667,21.70342,0,1.8304675e-06,0.96628467,0,0,396.58618,1.6326501,1.4089025,0,5.4616836
1934.75,21.635571,0,1.83485e-06,0.24783265,0,0,415.19498,1.6332754,1.4520961,0,5.3970231
1934.8333,21.567928,0,1.9256024e-06,0.00047381344,0,0,420.22388,1.6335789,1.4938291,0,5.3864936
1934.9167,21.507898,0,2.0193086e-06,2.0261085e-07,0,0,425.81421,1.6336129,1.5342733,0,8.7901487
1935,21.696929,0,2.0849282e-06,4.4216745e-06,0,0,431.8378,1.6336322,1.5734613,0,5.2000705
1935.0833,21.594869,0,2.1404271e-06,1.5253725e-05,0,0,436.69034,1.6338644,1.6079584,0,5.1755796
1935.1667,21.485768,0,2.1973599e-06,0.00011283604,0,0,440.36459,1.6340826,1.6380408,0,5.1692451
1935.25,21.359917,2.3493588,2.2804961e-06,-1.314187e-05,0.00037379342,0,437.22134,1.6343436,1.6641192,142.87578,6.6552591
1935.3333,20.754069,11.88204,3.006013e-06,-0.00014548056,0.0078676379,0,301.39716,1.6368504,1.6792624,0.68685588,2.2772862
1935.4167,20.115256,12.133817,3.342587e-06,0.022363486,0.045286152,0,286.13211,1.6363997,1.6837187,3.2013496,1.6535615
1935.5,19.942531,14.724108,3.4888894e-06,0.96785903,1.7572802,0.43550062,285.64441,1.6288389,1.6719116,37.113553,28.543349
1935.5833,21.220762,16.031876,3.2576847e-06,0.94461828,1.7288004,0.6481299,296.42404,1.6199802,1.6547006,4.5816064,22.458893
1935.6667,22.780344,10.975693,2.9007142e-06,0.60682606,0.89920875,0.39429421,301.3923,1.6146581,1.6619654,2.2334884,18.257937
1935.75,23.16303,0,2.7912934e-06,0.16465958,0,0,303.6745,1.6146852,1.6897556,0,5.9598373
1935.8333,23.10656,0,2.7985443e-06,0.0014910868,0,0,300.52008,1.615597,1.7197341,0,5.9462628
1935.9167,23.058718,0,2.8494378e-06,1.3752371e-21,0,0,292.38638,1.6164544,1.7498176,0,10.172709
1936,23.342021,0,2.9401174e-06,1.7398608e-20,0,0,290.22467,1.6172744,1.7793618,0,6.0249632
1936.0833,23.271007,0,3.065833e-06,0.00011391294,0,0,286.11029,1.6179634,1.8051072,0,6.0511828
1936.1667,23.193141,0,3.1668519e-06,1.5874147e-05,0,0,280.02197,1.6185582,1.8282194,0,6.0065035
1936.25,23.214171,6.4086262,3.2977305e-06,6.3726947e-05,0.0088427597,0,260.57138,1.6190517,1.8472223,194.77522,9.0325481
1936.3333,23.530059,16.199412,3.4697996e-06,0.010280597,0.05917401,0,239.54192,1.6180983,1.8544198,0.55317576,6.9670948
1936.4167,24.334205,16.936872,3.6256429e-06,0.39317037,1.0339339,0.1593714,224.58255,1.6142411,1.8353664,13.345165,28.731897
1936.5,26.53823,17.981261,3.2619698e-06,0.98719916,2.3726934,0.70319983,219.05415,1.6086107,1.7855397,6.0953675,35.732246
1936.5833,29.880654,18.58948,2.7203305e-06,0.74716054,1.7988161,0.73472889,213.13199,1.6065419,1.720412,4.3523514,55.620602
1936.6667,35.305392,17.797481,2.3272216e-06,0.51454719,1.2997847,0.51048503,202.71907,1.6091152,1.6723385,3.092842,81.819233
1936.75,38.33662,0,2.2120257e-06,0.085356679,0,0,196.69562,1.6145655,1.6372561,0,10.240207
1936.8333,38.221572,0,2.2790873e-06,0.0025688791,0,0,194.53064,1.619747,1.6032673,0,8.8232902
1936.9167,38.030319,0,2.3643759e-06,1.4407312e-05,0,0,192.95383,1.6244817,1.5685585,0,13.889022
1937,38.262166,0,2.4297115e-06,0.00047791678,0,0,190.87206,1.6288635,1.5327493,0,8.2208948
1937.0833,38.008265,0,2.4866497e-06,0.00015310972,0,0,188.40453,1.632641,1.4987714,0,7.6153851
1937.1667,37.659105,0,2.563165e-06,1.2901615e-05,0,0,184.92793,1.6360306,1.4657998,0,7.4737476
1937.25,37.257366,4.6529085,2.6814359e-06,-7.143612e-05,0.0011603983,0,178.01601,1.6390923,1.4336051,212.46552,10.636183
1937.3333,36.499903,17.611839,3.0877081e-06,-0.00020783404,0.012909033,0,83.561249,1.6403348,1.3952397,0.32568783,1.4592787
1937.4167,33.407882,17.853267,3.5552441e-06,0.0072695893,0.085716065,0,61.265335,1.6384072,1.3471633,3.7486987,1.4763885
1937.5,31.00219,19.754631,3.9271299e-06,0.55094086,2.5480336,0.57858691,52.391575,1.632257,1.2905478,28.11465,31.393133
1937.5833,31.151306,21.176929,3.6698596e-06,0.55472242,2.4864238,0.79052622,57.651443,1.6264734,1.246766,6.8913358,23.47346
1937.6667,32.552425,16.680021,3.3781528e-06,0.35385699,1.3522398,0.49611043,61.249794,1.6245947,1.224283,3.6402409,21.2648
1937.75,32.94985,0,3.2342077e-06,0.084965609,0,0,61.873405,1.6248803,1.2108905,0,8.8023819
1937.8333,32.897629,0,3.3011902e-06,0.0011512069,0,0,61.067081,1.624792,1.1964576,0,8.801286
1937.9167,32.864373,0,3.7654161e-06,0,0,0,60.234657,1.6242375,1.1798114,0,15.31714
1938,33.347163,0,4.0326859e-06,1.1247551e-09,0,0,59.152145,1.6234553,1.1616154,0,8.931935
1938.0833,33.236571,0,4.1355534e-06,-2.0389037e-08,0,0,57.137432,1.6225183,1.1410568,0,8.9099177
1938.1667,33.174567,0,4.3057989e-06,2.3207938e-06,0,0,56.296314,1.6214991,1.1175042,0,8.8955462
1938.25,33.21011,6.5600066,4.3601344e-06,0.00086014096,0.015587848,0,52.590218,1.6204616,1.0948168,266.46312,13.894304
1938.3333,33.648249,22.142239,4.4443218e-06,0.040402632,0.28149148,0.0096957214,47.004257,1.6184994,1.0753613,4.656227,17.856876
1938.4167,35.284501,22.966642,4.770603e-06,0.7305992,3.5936485,0.53275408,45.599876,1.6166275,1.0631654,7.3240363,28.380135
1938.5,37.311822,23.824014,4.809694e-06,0.66391111,3.0926012,0.75060196,46.941628,1.6167156,1.0587627,7.9034673,35.726196
1938.5833,39.874494,24.639221,4.0563118e-06,0.50975916,2.3672181,0.69934248,47.659477,1.6207664,1.0609864,6.4749666,41.963022
1938.6667,42.682119,15.978388,3.6613101e-06,0.35245919,1.2182064,0.38893858,46.626255,1.6287975,1.06785,3.733826,35.49726
1938.75,43.290772,0,3.4475775e-06,0.13199578,0,0,45.630478,1.6375742,1.0768713,0,11.641673
1938.8333,43.227885,0,3.101467e-06,0.0017543011,0,0,43.892822,1.6445841,1.086012,0,11.625069
1938.9167,43.183401,0,3.0731094e-06,1.6837543e-05,0,0,42.071507,1.6501548,1.0951869,0,18.293721
1939,43.667331,0,3.1335235e-06,2.8956633e-08,0,0,39.803299,1.6545662,1.1045684,0,11.740869
1939.0833,43.603715,0,3.2082419e-06,0.00011569333,0,0,37.18158,1.6577485,1.1135302,0,11.725232
1939.1667,43.5412,0,3.258376e-06,3.8305953e-07,0,0,34.324673,1.6601931,1.122474,0,11.707569
1939.25,43.475591,0,3.427936e-06,0.00023944758,0,0,30.962067,1.6621369,1.1315784,0,11.687742
1939.3333,43.358382,20.794453,4.1373637e-06,0.00071228491,0.04748552,0,14.041918,1.6619534,1.1405858,280.15916,5.9564644
1939.4167,43.702021,25.29121,4.4087428e-06,0.21238321,1.8249423,0.16630311,9.7654419,1.6577172,1.1456057,35.498485,41.628119
1939.5,46.637934,27.709521,5.2510741e-06,0.53509077,4.1209177,0.6839313,9.5234222,1.6533949,1.142965,11.191692,37.188661
1939.5833,48.96792,28.803777,4.971419e-06,0.43102077,3.1429156,0.7023402,9.3895874,1.6523067,1.1383351,9.3443229,39.241677
1939.6667,51.023129,13.763389,4.7263125e-06,0.30714756,1.1343441,0.27261188,8.8303595,1.6560333,1.1375976,3.6667317,26.688421
1939.75,51.215641,0,4.4470798e-06,0.044082191,0,0,8.3916759,1.6609561,1.139088,0,13.756927
1939.8333,51.139873,0,3.5676489e-06,8.0672266e-07,0,0,7.7025318,1.6650256,1.1405853,0,13.738269
1939.9167,50.967164,0,3.4226875e-06,0,0,0,7.030365,1.6676097,1.1418399,0,21.096428
1940,51.313259,0,3.7438435e-06,-1.4179786e-08,0,0,6.7575374,1.6686505,1.1417018,0,13.768114
1940.0833,51.050387,0,3.8681242e-06,-1.7789295e-06,0,0,6.6603546,1.6693587,1.1398642,0,13.698745
1940.1667,50.766438,0,4.0181494e-06,-1.8255643e-05,0,0,6.9508996,1.6698196,1.1358532,0,13.624016
1940.25,50.776474,14.545515,4.1097414e-06,0.012156668,0.079553469,9.0587856e-05,7.0189652,1.6697948,1.1295065,354.16984,19.177317
1940.3333,52.3775,29.88953,4.0902783e-06,0.45648648,2.9301652,0.15768521,6.7845335,1.6683495,1.1193069,11.957615,38.925088
1940.4167,54.580454,31.014685,5.0430031e-06,0.90656491,4.805773,0.43386693,6.7417107,1.6685723,1.1060534,11.725641,42.720888
1940.5,57.43916,32.19435,4.661083e-06,0.82551167,4.1592201,0.54125503,6.6812487,1.6729305,1.0970693,10.592131,49.437033
1940.5833,60.784977,33.274028,4.2441279e-06,0.69843774,3.4583218,0.59837166,6.5300322,1.6830364,1.0956879,9.9720652,55.770079
1940.6667,64.330503,27.342765,3.9894912e-06,0.46117659,1.9129638,0.36586677,6.3707399,1.6974745,1.1012574,7.2932135,51.222242
1940.75,65.421201,0,3.5788648e-06,0.096121917,0,0,6.2661657,1.7150351,1.1111784,0,17.557541
1940.8333,65.323189,0,3.069985e-06,0.0056498134,0,0,6.2722192,1.7312785,1.1209663,0,17.534054
1940.9167,65.24799,0,3.1124218e-06,4.8364819e-09,0,0,6.2824316,1.7456957,1.1300927,0,25.688961
1941,65.816268,0,3.1079819e-06,5.1002418e-22,0,0,5.9625788,1.7587076,1.138742,0,17.675164
1941.0833,65.721534,0,3.1302777e-06,2.2027716e-05,0,0,5.5698366,1.7697322,1.1464254,0,17.65286
1941.1667,65.583035,0,3.2488492e-06,8.6171201e-08,0,0,5.2910171,1.7794765,1.1536928,0,17.504286
1941.25,65.243244,5.489381,3.4692537e-06,0.0025130366,0.018217835,0,4.9319139,1.7870321,1.1634595,400.79526,17.964468
1941.3333,65.934382,34.058083,3.6144841e-06,0.29354447,1.4744403,0.049424661,4.8465858,1.7900788,1.1752856,31.034249,53.717543
1941.4167,69.576412,36.438994,3.9378074e-06,1.3441321,5.4584005,0.35313749,5.0147333,1.7935728,1.1819816,12.946715,49.406247
1941.5,72.82564,37.776582,3.9050442e-06,1.258099,4.648193,0.4463759,5.8824043,1.7976266,1.1843113,12.910715,58.306362
1941.5833,76.637462,39.031282,3.3079045e-06,1.2131773,4.3498066,0.51775003,7.2606258,1.8073179,1.1848443,12.517042,66.988167
1941.6667,80.570765,24.011821,2.8725917e-06,0.78918399,2.0014366,0.26205021,9.1104269,1.8219599,1.1866372,6.851339,51.75358
1941.75,81.225693,0,2.6630589e-06,0.22539681,0,0,11.091741,1.8389546,1.1907164,0,21.822219
1941.8333,81.105396,0,2.4538965e-06,0.00093100248,0,0,13.10323,1.854427,1.1947987,0,21.791284
1941.9167,81.010133,0,2.4152944e-06,1.3696752e-20,0,0,15.131913,1.8682439,1.1985651,0,30.792421
1942,81.630237,0,2.4230619e-06,0.00059649435,0,0,16.938154,1.8807845,1.2020959,0,21.93528
1942.0833,81.513502,0,2.3825148e-06,0.00097399581,0,0,17.074928,1.8914648,1.2052026,0,21.905056
1942.1667,81.395723,0,2.3838643e-06,0.00010305287,0,0,16.610668,1.9010209,1.2080681,0,21.874497
1942.25,81.272468,0,2.430364e-06,0.00052997816,0,0,16.107828,1.9098654,1.2107768,0,21.842297
1942.3333,80.645494,27.813023,2.5455563e-06,0.011487813,0.15651792,0,14.269619,1.9159783,1.2130328,382.72164,4.3693042
1942.4167,82.876481,40.03438,2.7013782e-06,1.3815244,4.9326922,0.16404821,13.143505,1.9149693,1.2133627,133.4695,103.22699
1942.5,88.110618,44.612169,2.6812238e-06,1.7851254,6.0836619,0.30825708,12.554824,1.9117433,1.2114166,15.379372,63.60661
1942.5833,92.090957,46.113759,2.2458835e-06,1.3579702,4.5989053,0.28426849,13.031702,1.908985,1.2083261,14.465,71.036218
1942.6667,96.055292,29.90954,2.0075772e-06,1.0192682,2.6420679,0.16198225,13.922185,1.9089482,1.2065061,8.1201977,57.495183
1942.75,96.793637,0,1.8595306e-06,0.1857905,0,0,15.162948,1.9123549,1.2089887,0,26.008015
1942.8333,96.650802,0,1.8534818e-06,0.001539044,0,0,16.635435,1.9145684,1.2124019,0,25.977175
1942.9167,96.531034,0,1.8203514e-06,0,0,0,18.283432,1.9155418,1.2157081,0,34.533456
1943,97.089514,0,1.7448199e-06,7.2167263e-08,0,0,19.906643,1.9160013,1.2187469,0,26.100912
1943.0833,96.948408,0,1.7890512e-06,2.066294e-05,0,0,21.241285,1.9163734,1.2213274,0,26.062965
1943.1667,96.80596,0,1.9018835e-06,1.0802328e-05,0,0,21.64307,1.9167017,1.2236234,0,26.025258
1943.25,96.484385,20.726794,2.0555897e-06,0.00019743471,0.017350067,0,20.488956,1.9162905,1.2239097,503.86084,14.907289
1943.3333,94.819516,41.795891,2.156798e-06,0.0014176897,0.17960218,0,19.194006,1.9108003,1.2147899,7.5936418,2.0417207
1943.4167,93.145199,46.501338,2.2251584e-06,0.78633269,3.1822322,0.054785678,17.803951,1.9002159,1.1986048,110.70837,106.84413
1943.5,99.614576,52.53109,2.4914609e-06,1.850133,6.7016385,0.17589227,16.72823,1.8886288,1.1765281,17.328435,66.495982
1943.5833,103.25366,40.016346,2.1755627e-06,1.5031379,4.1470567,0.13169073,16.772097,1.8803893,1.1570272,11.828988,61.671841
1943.6667,104.19962,0,2.0421151e-06,1.0014418,0,0,17.681196,1.8748157,1.1423863,0,27.987094
1943.75,104.03135,0,1.9587924e-06,0.35810393,0,0,18.035141,1.8695405,1.1285363,0,27.914035
1943.8333,103.86968,0,1.7788652e-06,0.001732915,0,0,18.033155,1.8643699,1.1144973,0,27.836438
1943.9167,103.73317,0,1.8057736e-06,3.0444456e-08,0,0,17.890329,1.8593854,1.1005106,0,37.382141
1944,104.35668,0,1.810904e-06,3.9869748e-07,0,0,17.595732,1.8545651,1.0865407,0,27.951736
1944.0833,104.19882,0,1.8158305e-06,7.0662663e-05,0,0,17.169981,1.8502389,1.0736204,0,27.916205
1944.1667,104.04172,0,1.8288955e-06,1.1975677e-06,0,0,16.436846,1.8461889,1.061185,0,27.879094
1944.25,103.87832,1.3347849,1.8467955e-06,8.1085098e-06,0,0,15.131191,1.8422774,1.0488981,487.0882,27.357806
1944.3333,102.52406,40.174417,1.9051349e-06,0.00041504668,0.062763612,0,13.371657,1.8359698,1.0343263,0.99995445,0.0053551083
1944.4167,97.953975,42.8744,2.2250804e-06,0.26187089,1.2702,0.0053749915,8.7509193,1.823563,1.0144219,172.42667,15.997613
1944.5,102.61913,59.230823,2.5929712e-06,1.6925251,7.2913987,0.062099238,6.8531208,1.805503,0.98908025,67.844168,146.20476
1944.5833,107.07875,61.609857,2.8532854e-06,1.4430781,6.0853937,0.077187906,6.3398371,1.7878356,0.96660161,19.264175,76.398018
1944.6667,109.89149,12.5323,2.7927213e-06,1.0058714,0.97409213,0.014375144,6.6475077,1.7703552,0.94963628,3.0633177,39.329539
1944.75,109.81181,0,2.6603675e-06,0.27389245,0,0,7.2205796,1.7550484,0.93087858,0,29.546205
1944.8333,109.65299,0,2.272538e-06,0.00020184412,0,0,7.6609564,1.7401868,0.91112649,0,29.506613
1944.9167,109.51415,0,2.1012017e-06,0.00032867591,0,0,8.1723986,1.7263627,0.89322025,0,36.636459
1945,109.94236,0,2.1345654e-06,0.00033495825,0,0,8.2292547,1.7135166,0.87791193,0,29.586398
1945.0833,109.78778,0,2.1492106e-06,0.00011710998,0,0,7.8735223,1.7024052,0.86676198,0,29.544895
1945.1667,109.633,0,2.1737244e-06,1.8135993e-05,0,0,7.4412427,1.6923238,0.85782349,0,29.499562
1945.25,109.45017,9.8531255,2.2024333e-06,8.2529852e-05,0.0057962061,0,6.9270301,1.6828213,0.8502304,719.08875,25.806586
1945.3333,107.97422,59.27527,2.3040991e-06,0.00030562654,0.11175372,0,6.5343838,1.671317,0.84010416,1.0675306,0.74738505
1945.4167,105.7583,61.208326,2.402847e-06,0.51492045,2.1676565,0.021721448,5.9600353,1.6560249,0.82544047,87.471408,94.010479
1945.5,113.62106,68.939909,2.7944438e-06,2.2814785,8.0583914,0.16164053,5.1880231,1.6371851,0.80954301,34.364608,97.394402
1945.5833,118.2202,70.984833,2.8255499e-06,1.5818984,5.5039839,0.15616961,4.7925029,1.619867,0.79534912,20.862728,86.864797
1945.6667,122.26199,31.357728,2.5877498e-06,1.234292,2.1803141,0.066837205,4.1061511,1.6061351,0.78515929,8.3567536,58.19307
1945.75,122.53924,0,2.4317699e-06,0.27026032,0,0,3.2728057,1.5961723,0.77801204,0,32.842304
1945.8333,122.35129,0,2.3912603e-06,0.00024659688,0,0,2.3633411,1.5869836,0.77330315,0,32.789096
1945.9167,122.18589,0,2.2538193e-06,6.1119976e-21,0,0,2.1771314,1.578516,0.76999426,0,41.126824
1946,122.68403,0,2.2421211e-06,3.2850703e-05,0,0,2.3031361,1.5707061,0.76750946,0,32.886076
1946.0833,122.49982,0,2.2756653e-06,8.2749232e-07,0,0,2.4398775,1.563976,0.76584309,0,32.841117
1946.1667,122.31331,0,2.2963643e-06,2.3496789e-05,0,0,2.5277915,1.5578367,0.76366043,0,32.787937
1946.25,122.23671,31.006288,2.2925842e-06,0.00015608376,0.049177673,0,2.4740429,1.5513173,0.75541651,870.45529,30.362803
1946.3333,120.99285,71.794957,2.3506191e-06,0.0041399629,0.39214852,0,2.4149151,1.5412138,0.74654257,3.7478356,14.240867
1946.4167,122.96247,75.453624,2.3410855e-06,1.3167527,4.5768933,0.071204975,2.300725,1.5302521,0.74160612,86.490134,163.93477
1946.5,131.34378,80.908947,2.6406142e-06,2.5322346,7.6017782,0.21454079,2.4325242,1.5183115,0.74314421,27.834491,97.142316
1946.5833,136.58229,83.111674,2.4019789e-06,1.814214,5.3128372,0.16587301,2.6990499,1.5093035,0.75748312,20.995814,96.341452
1946.6667,141.22087,47.977585,2.2509169e-06,1.2922029,2.3850871,0.079054855,2.9007332,1.5063807,0.79008728,11.465803,72.388578
1946.75,141.81612,0,2.0661791e-06,0.50103417,0,0,3.038522,1.507813,0.83422619,0,37.799956
1946.8333,141.58127,0,1.984253e-06,0.0048632441,0,0,3.0917423,1.5092988,0.87594396,0,37.725101
1946.9167,141.36834,0,1.9728841e-06,7.3520113e-05,0,0,3.0813448,1.5106314,0.9136337,0,47.654148
1947,141.94529,0,1.9344352e-06,9.2658327e-08,0,0,2.9521723,1.511838,0.94823915,0,37.778701
1947.0833,141.7013,0,1.818303e-06,0.00026820377,0,0,2.6424243,1.5128459,0.97800189,0,37.709377
1947.1667,141.4499,0,1.813642e-06,0.00015723184,0,0,2.4005141,1.5137061,1.0049028,0,37.590802
1947.25,141.27019,13.863218,1.8662671e-06,0.0015630991,0.047666421,0,2.4054022,1.5144411,1.0299524,1013.2724,45.934573
1947.3333,142.17336,84.27009,1.8907086e-06,0.14241871,1.0869029,0,2.5171409,1.514841,1.0430775,24.719337,64.073369
1947.4167,147.02114,88.295989,1.904178e-06,2.5727135,8.2739373,0.17996264,2.8000829,1.5149449,1.0435373,50.961927,120.3999
1947.5,152.38212,91.480926,1.6614873e-06,2.9420554,8.5172324,0.2729511,3.7988684,1.5165178,1.0406498,27.480054,105.10706
1947.5833,156.88905,93.422629,1.0780008e-06,2.2198661,6.3389344,0.20399382,5.2947078,1.5210689,1.0363321,16.255946,97.691493
1947.6667,160.75864,47.277518,1.0254045e-06,1.3088541,2.4185946,0.078654304,7.3666782,1.5291562,1.031426,7.181166,73.204434
1947.75,161.12116,0,1.0200401e-06,0.14293974,0,0,10.02652,1.5386993,1.0275233,0,43.123449
1947.8333,160.86566,0,1.0317024e-06,0.002407114,0,0,13.273095,1.5473074,1.0241179,0,42.988373
1947.9167,160.61549,0,9.9930014e-07,0.00023955373,0,0,17.064234,1.5550442,1.02108,0,49.871927
1948,160.89699,0,9.7563213e-07,7.0059204e-05,0,0,21.194208,1.5621248,1.018329,0,42.143954
1948.0833,160.57052,0,9.7059603e-07,0.00058999327,0,0,25.429136,1.5681914,1.0159953,0,41.957361
1948.1667,160.24211,0,9.6007989e-07,0.00091242746,0,0,29.670536,1.5736381,1.0139184,0,41.860486
1948.25,160.32723,49.000587,9.5881308e-07,0.0010955765,0.2643995,0,33.541714,1.5787627,1.0117693,1120.7791,57.45425
1948.3333,161.49651,92.91818,9.6194401e-07,0.020723064,1.3048731,0,35.5695,1.5845373,1.0050092,14.911377,69.215721
1948.4167,162.64269,94.671801,9.6331644e-07,0.98537363,4.0700077,0.041949917,34.788044,1.5913987,0.98655397,24.779441,79.068936
1948.5,164.16046,97.071961,9.2539341e-07,2.6351979,8.2161525,0.23541688,34.485523,1.599454,0.95253408,24.006586,85.527346
1948.5833,166.1378,92.601553,8.7422194e-07,2.1076233,6.4638759,0.23551946,36.823479,1.6102027,0.90347123,18.888937,89.337393
1948.6667,167.01379,0,8.3866706e-07,1.5886901,0,0,40.193939,1.6230688,0.84803414,0,44.614169
1948.75,166.74581,0,8.3201769e-07,0.12403412,0,0,42.926987,1.6351299,0.79621273,0,44.541313
1948.8333,166.47896,0,8.3341422e-07,2.0523732e-05,0,0,46.044483,1.6459814,0.7493881,0,44.478196
1948.9167,166.23074,0,8.2701507e-07,4.8825677e-07,0,0,49.71545,1.6557249,0.70712382,0,50.957526
1949,166.49489,0,5.6774439e-07,8.8827869e-06,0,0,53.682949,1.6646057,0.6683374,0,44.448874
1949.0833,166.22408,0,5.7906283e-07,1.5945014e-05,0,0,57.52602,1.6721679,0.63487506,0,44.320853
1949.1667,165.95292,0,5.8896853e-07,0.00024880628,0,0,60.816193,1.6780423,0.60463029,0,44.160116
1949.25,164.88339,73.036671,5.9971825e-07,0.00019171112,0.066405953,0,63.737629,1.6828597,0.57431781,1158.6085,24.600027
1949.3333,160.93767,95.465079,6.2069898e-07,0.0016248579,0.39861291,0,66.831062,1.6852013,0.53614455,1.7833307,7.4568517
1949.4167,159.33172,96.803404,6.7063445e-07,0.58702067,2.8056387,0.048908661,73.103455,1.6825857,0.49510503,47.115254,101.09352
1949.5,161.835,100.88456,6.5763203e-07,2.4614717,8.9726909,0.28735713,77.02697,1.6768291,0.45411548,23.6089,71.938155
1949.5833,163.80727,102.50706,5.869145e-07,1.7105495,6.1509856,0.25136271,87.490387,1.6719224,0.41377324,12.930865,75.791015
1949.6667,166.38328,103.61408,5.6179834e-07,1.2878534,4.6792276,0.20491522,99.033913,1.6697278,0.37868345,9.6685331,80.80245
1949.75,167.6698,0,5.6149543e-07,0.43602617,0.10794292,0.0039685942,108.81074,1.6697536,0.34847498,0,46.01418
1949.8333,167.42796,0,5.6892452e-07,0.012646415,0,0,114.56892,1.6699048,0.32146499,0,45.033448
1949.9167,167.19708,0,5.8879129e-07,5.7940751e-20,0,0,120.20022,1.669885,0.29709068,0,48.953377
1950,167.27421,0,9.7514169e-07,0.00081093015,0,0,125.3507,1.6681358,0.27473152,0,44.959118
1950.0833,167.03326,0,1.0010606e-06,4.110486e-06,0,0,128.45647,1.6656499,0.25548267,0,44.830473
1950.1667,166.79251,0,1.0169944e-06,0.0005470981,0,0,131.26514,1.6614953,0.23805796,0,44.818653
1950.25,166.54514,3.3029374,1.0231273e-06,0.0025242532,0,0,130.68205,1.6570493,0.2217392,1205.4483,45.837022
1950.3333,167.36229,100.01204,1.0346816e-06,0.066168312,0.95655367,0,125.86555,1.6529182,0.20711488,19.885772,73.817389
1950.4167,169.30537,102.21522,1.0468367e-06,0.91315277,4.5610588,0.069842677,120.13542,1.6487486,0.19404173,32.507337,84.870857
1950.5,172.18028,105.29497,1.0157022e-06,2.1665332,9.4765928,0.30067093,122.63416,1.6451373,0.18291272,30.362527,93.513869
1950.5833,175.98076,107.5292,8.9765769e-07,1.5751815,6.9128251,0.27537453,130.35374,1.6448809,0.17496067,19.968325,101.60144
1950.6667,178.77354,18.093649,8.7593372e-07,1.5739514,1.2761648,0.049898863,135.96405,1.6500316,0.17189637,3.1755189,59.343431
1950.75,178.56131,0,8.5541222e-07,0.67229205,0,0,136.77815,1.6561971,0.17169632,0,47.708249
1950.8333,178.27572,0,8.4878548e-07,0.034206523,0,0,134.06026,1.661487,0.17163751,0,47.635736
1950.9167,177.99334,0,8.6724623e-07,0.00061990945,0,0,131.2337,1.6660075,0.17166241,0,50.62055
1951,177.92574,0,8.9824346e-07,3.1005961e-07,0,0,125.76908,1.6696265,0.17172594,0,47.393179
1951.0833,177.61858,0,9.4276186e-07,0.00014472034,0,0,119.18439,1.6706383,0.17161058,0,47.358836
1951.1667,177.32254,0,9.7446525e-07,0.00010276277,0,0,115.32463,1.6705631,0.17143287,0,47.298633
1951.25,177.01834,0,1.0024963e-06,0.0018425544,0,0,109.93824,1.6698993,0.17124058,0,47.242866
1951.3333,176.28317,44.164665,1.0136217e-06,0.1105179,0.77406548,0,103.52054,1.6683514,0.17074373,1158.4167,27.226214
1951.4167,176.73957,104.94588,1.0350244e-06,1.3324468,7.5144441,0.15898249,101.02659,1.6665558,0.16767059,105.83011,112.00249
1951.5,180.14696,108.70315,9.641891e-07,1.6329426,8.6060644,0.33118763,105.11015,1.6695317,0.16467553,27.112673,102.49169
1951.5833,184.04248,111.17923,9.2155051e-07,1.2481243,6.4376196,0.28774698,113.00435,1.6835561,0.16479537,26.389374,114.29089
1951.6667,187.64123,30.00918,9.0331042e-07,1.4409497,1.7685372,0.077460654,113.73383,1.7125738,0.17373583,5.5810982,70.721769
1951.75,187.52518,0,8.8717911e-07,0.21781049,0,0,110.41921,1.7448255,0.19013269,0,49.730587
1951.8333,187.18763,0,9.0364745e-07,0.0059054819,0,0,105.86714,1.7734375,0.20534131,0,49.556679
1951.9167,186.84542,0,8.7688102e-07,6.8241767e-05,0,0,101.25452,1.7987688,0.21909636,0,52.160577
1952,186.68507,0,8.789653e-07,1.4351686e-09,0,0,97.226158,1.8211467,0.23172951,0,48.929541
1952.0833,186.26113,0,8.8698266e-07,1.3256448e-05,0,0,92.925026,1.838868,0.24256714,0,48.500252
1952.1667,185.79723,0,8.9427908e-07,6.4427023e-05,0,0,88.48558,1.8531038,0.25230569,0,48.049112
1952.25,185.27879,51.611993,9.0200899e-07,-0.00023122115,0.063458375,0,78.320267,1.8546619,0.26204354,1255.677,37.892528
1952.3333,180.93225,103.51624,9.6698568e-07,0.00038315298,0.39768448,0,43.433746,1.8246089,0.26731849,10.053905,3.3808242
1952.4167,175.00404,106.3415,1.0417456e-06,0.23017107,2.1360114,0.018490437,13.432078,1.7892648,0.2651675,77.803953,76.334604
1952.5,177.69836,115.33383,1.0072519e-06,1.565566,9.7544222,0.32044574,12.069831,1.7396221,0.25913829,73.712633,137.68398
1952.5833,180.64117,118.46963,9.5756286e-07,1.0992097,6.6626958,0.31144663,11.651635,1.699127,0.25491515,26.61437,116.07094
1952.6667,184.94728,52.068144,9.1506587e-07,1.1466477,2.6748478,0.12381446,11.471039,1.6933968,0.25713643,11.168483,91.265819
1952.75,185.29096,0,8.9071068e-07,0.38417135,0,0,11.215369,1.7171872,0.26273999,0,49.279493
1952.8333,184.96759,0,9.0588503e-07,0.031231938,0,0,10.929142,1.7393427,0.26945978,0,49.215347
1952.9167,184.65883,0,9.1796477e-07,0.00011094809,0,0,10.893536,1.757185,0.27784082,0,53.373004
1953,184.53941,0,6.9107523e-07,1.6699764e-19,0,0,11.409846,1.7724098,0.28931785,0,47.907632
1953.0833,183.401,0,7.1864559e-07,-1.1519593e-08,0,0,11.747167,1.7880281,0.30442646,0,47.327448
1953.1667,182.10913,0,7.3765324e-07,-0.00066036966,0,0,12.062551,1.8029362,0.32518822,0,47.03681
1953.25,180.82622,0,7.5327256e-07,0.047570474,0,0,12.342236,1.8143768,0.34943876,0,46.783341
1953.3333,181.06368,108.21126,7.5432251e-07,0.44303248,3.9859062,0.044356972,12.760541,1.8295243,0.37590972,1344.7058,76.901252
1953.4167,183.89636,116.02075,7.2724754e-07,1.2389726,10.255799,0.24035348,14.433327,1.8836651,0.41471648,39.640631,124.95331
1953.5,190.99337,118.92226,6.3538664e-07,1.3240582,9.9154665,0.35101336,17.855873,2.0199811,0.47078797,27.383748,151.45761
1953.5833,198.9305,120.8161,5.9314937e-07,0.91683553,6.5470833,0.27690431,21.351191,2.2725048,0.56735224,14.408505,141.31513
1953.6667,204.38473,40.530697,5.7570713e-07,1.1358953,2.1493489,0.086460458,24.668989,2.6399429,0.72439861,4.1567656,83.202263
1953.75,204.14592,0,5.6911568e-07,0.3231409,0,0,27.246748,2.9921701,0.88914847,0,49.895581
1953.8333,203.06495,0,6.0506289e-07,0.00011834513,0,0,28.859642,3.296195,1.0437193,0,49.475493
1953.9167,201.31883,0,6.4282472e-07,-2.065553e-10,0,0,30.467323,3.5611665,1.1980956,0,50.827744
1954,198.68591,0,8.6341424e-07,0,0,0,32.100151,3.7892172,1.3669732,0,48.277243
1954.0833,195.95259,0,9.0466921e-07,-7.7840893e-07,0,0,33.611031,3.9677854,1.5473909,0,47.842257
1954.1667,193.19758,0,9.2744381e-07,-5.1970402e-08,0,0,34.9855,4.0964799,1.7500879,0,47.441972
1954.25,191.60847,59.290636,9.5333138e-07,-1.4121285e-08,-0.00022535529,0,35.735092,4.1828537,1.9927598,1278.2489,77.402407
1954.3333,190.33568,105.13222,9.8021962e-07,0.11133237,1.4952676,0.0067044538,35.934235,4.2382579,2.2811184,26.910614,65.078381
1954.4167,192.76723,109.65215,9.8455223e-07,0.95598772,10.686902,0.16381187,34.931099,4.2476473,2.5347502,63.871462,114.66288
1954.5,198.62044,112.67678,9.1740577e-07,0.85239336,9.3195439,0.23215655,38.125729,4.2632232,2.7523642,23.594166,146.94674
1954.5833,206.40931,113.81776,8.4586372e-07,0.68145249,7.6094281,0.20939841,42.025352,4.3447604,2.9548151,13.23361,157.51469
1954.6667,212.99763,91.575548,8.3242162e-07,0.49541759,4.270945,0.11892271,45.69479,4.5388861,3.1651015,10.205116,121.60335
1954.75,214.19969,0,8.5109519e-07,0.28338003,0,0,49.273697,4.7794929,3.3637998,0,51.009267
1954.8333,212.89885,0,9.1944707e-07,0.0094453197,0,0,52.068005,4.971138,3.5426331,0,50.785012
1954.9167,211.42128,0,9.6979204e-07,2.2608549e-19,0,0,51.089317,5.1263404,3.7133048,0,52.460241
1955,209.7556,0,9.9623412e-07,0.00010895198,0,0,50.123528,5.2561569,3.871526,0,50.20397
1955.0833,207.82401,0,1.0067273e-06,2.2680357e-05,0,0,49.559437,5.3546596,4.0059662,0,48.507646
1955.1667,205.81882,0,1.0206202e-06,1.9599387e-05,0,0,42.210449,5.4279437,4.1256528,0,47.09459
1955.25,204.23867,13.486201,1.0423813e-06,-1.9325457e-05,-7.6450755e-07,0,32.830723,5.4797144,4.2366624,984.80446,91.225268
1955.3333,200.73345,83.97378,1.0728336e-06,0.030733933,0.89111459,0,31.78027,5.5120635,4.3703475,96.134195,10.613822
1955.4167,187.44291,96.712247,1.1378276e-06,0.48129067,6.4697971,0.045529351,32.716736,5.4834194,4.4673281,177.84514,96.860974
1955.5,177.83225,106.72551,1.1654957e-06,0.67184965,8.8460746,0.11079041,36.637955,5.393631,4.5100121,75.28054,99.138735
1955.5833,171.97089,112.01175,1.0974278e-06,0.57614708,7.6665978,0.12225369,42.708771,5.2777696,4.5411086,52.395038,113.94781
1955.6667,170.05236,7.5890087,1.0653564e-06,0.88543677,0.73999223,0.011163381,46.946171,5.1791034,4.5395446,2.712294,43.656083
1955.75,168.8447,0,1.0649037e-06,0.21958229,0,0,48.823071,5.093143,4.4994836,0,35.942248
1955.8333,167.56329,0,1.133155e-06,3.1382068e-05,0,0,49.3978,5.0152111,4.4568853,0,35.422019
1955.9167,166.08147,0,1.1729425e-06,4.0809338e-06,0,0,49.635612,4.9424491,4.4114375,0,37.192957
1956,164.78072,0,1.1776659e-06,2.2828742e-07,0,0,48.522434,4.8702588,4.3621612,0,41.551533
1956.0833,163.54929,0,1.1768982e-06,2.9262582e-07,0,0,45.539078,4.8052993,4.3123655,0,34.936318
1956.1667,161.9411,0,1.1793803e-06,1.2381277e-07,0,0,42.448761,4.7399907,4.2596202,0,34.414969
1956.25,160.35163,47.109116,1.1878391e-06,-5.5465364e-05,0.092980708,0,38.211689,4.67135,4.2071052,1075.8803,44.580536
1956.3333,149.18929,89.404695,1.3036805e-06,0.00049577799,0.65368147,0,5.7447548,4.5893116,4.1402512,29.362073,22.744852
1956.4167,132.23387,93.283355,1.445424e-06,0.16330657,3.0175739,0.0049803098,4.4668851,4.4523563,3.9799514,99.440818,94.98947
1956.5,127.64448,104.63855,1.4921574e-06,0.52453875,10.40319,0.050631385,4.045599,4.2431388,3.7769952,131.99325,84.609024
1956.5833,129.87798,112.60574,1.407477e-06,0.32121818,6.5714917,0.05254163,4.4035892,3.9974327,3.5696959,69.339964,84.64045
1956.6667,132.47105,81.805922,1.3186025e-06,0.36936598,4.2159192,0.039005492,4.9594779,3.7796133,3.357769,30.270347,72.376358
1956.75,133.25387,0,1.3083211e-06,0.077671249,0,0,5.5108871,3.5887022,3.1347001,0,35.592415
1956.8333,133.02299,0,1.3644403e-06,9.3709606e-05,0,0,5.9491515,3.4169323,2.9234071,0,35.53821
1956.9167,132.79931,0,1.4311942e-06,3.9447945e-21,0,0,6.248497,3.2619045,2.7283657,0,37.553353
1957,132.73415,0,1.4775411e-06,0.00012782726,0,0,6.3877463,3.1196597,2.5450699,0,35.44192
1957.0833,132.49969,0,1.4945144e-06,1.9314572e-05,0,0,6.3049803,2.9971406,2.3833051,0,35.293175
1957.1667,132.26123,0,1.4995823e-06,-4.1131194e-06,0,0,5.9562526,2.8861585,2.2330697,0,35.243163
1957.25,132.17008,35.3387,1.5035714e-06,4.0919326e-05,0.14770181,0,5.4606647,2.7819638,2.089009,1175.5174,44.029392
1957.3333,132.34974,97.254932,1.5100744e-06,0.00024729281,0.80307859,0,4.7269802,2.6868689,1.9551079,18.430627,44.586366
1957.4167,132.30857,101.53819,1.521478e-06,0.2691779,6.1409389,0.016449009,3.9623616,2.5974805,1.8141521,110.62591,97.059492
1957.5,133.50952,112.3528,1.4822498e-06,0.47751609,10.032625,0.058017928,3.450609,2.5190017,1.6587753,123.61121,84.438368
1957.5833,136.96979,120.48306,1.3412796e-06,0.38545787,8.5045988,0.086645273,3.5779622,2.4556601,1.4991971,59.476372,100.11613
1957.6667,142.83876,98.058723,1.2577416e-06,0.27000741,4.610549,0.061563113,3.6817071,2.4047561,1.3591682,15.263233,111.06775
1957.75,145.11399,0,1.2258373e-06,0.21575138,0,0,3.7466128,2.354485,1.2384818,0,37.251837
1957.8333,144.72272,0,1.2680861e-06,0.010237468,0,0,3.8514781,2.3053465,1.1301982,0,36.789444
1957.9167,144.34993,0,1.337861e-06,3.1090092e-05,0,0,3.9346335,2.2606535,1.0324066,0,39.695793
1958,144.18046,0,1.3799971e-06,3.9156237e-05,0,0,3.766382,2.2191641,0.942635,0,36.705891
1958.0833,143.80223,0,1.4128252e-06,0.00014229143,0,0,3.4724939,2.1833556,0.86531222,0,36.655481
1958.1667,143.49988,0,1.4466126e-06,0.00025405471,0,0,2.8378174,2.1556516,0.79531074,0,37.574717
1958.25,143.14485,0,1.4823665e-06,0.0010168159,0,0,2.3601098,2.1364713,0.72970629,0,36.836965
1958.3333,143.99652,85.717857,1.5190817e-06,0.0028843609,0.97216,0,2.0462863,2.1194496,0.66988349,1179.2233,68.80302
1958.4167,142.95122,104.79463,1.561925e-06,0.26304825,6.0731566,0.035077271,1.8628364,2.1000531,0.61104757,126.64689,96.4957
1958.5,143.38221,116.26536,1.5233674e-06,0.53307227,10.781405,0.16267978,1.8911649,2.0790639,0.55582154,136.71618,93.084111
1958.5833,147.98787,124.85528,1.3985035e-06,0.50661506,8.3476511,0.15061739,1.9930949,2.0624433,0.51220417,57.358423,122.19436
1958.6667,156.78841,92.738517,1.3066394e-06,0.36770535,4.1678912,0.078280414,2.035543,2.0514615,0.48857957,7.917571,175.4851
1958.75,163.10193,0,1.2565117e-06,0.047106124,0,0,1.9424872,2.0435154,0.48087907,0,64.701197
1958.8333,163.8394,0,1.2716756e-06,0.00094115505,0,0,1.9155091,2.0358515,0.47530875,0,51.365315
1958.9167,163.97925,0,1.2977706e-06,7.1201951e-06,0,0,1.8978671,2.0298035,0.47024801,0,47.867
1959,163.82055,0,1.3253508e-06,1.3472162e-21,0,0,1.8426983,2.0243225,0.46557364,0,42.834954
1959.0833,163.39171,0,1.343866e-06,9.4134666e-05,0,0,1.7840533,2.0190954,0.46151,0,41.220201
1959.1667,162.89002,0,1.3581911e-06,-7.4728875e-07,0,0,1.7042201,2.0143096,0.45778507,0,40.728408
1959.25,163.47441,57.660665,1.3689036e-06,2.3812315e-05,0.1925415,0,1.628172,2.0102465,0.45385733,1112.866,58.960771
1959.3333,158.03528,96.93411,1.4122643e-06,0.00065117879,1.3231737,0,1.5697916,2.0037429,0.44558316,142.74341,20.836703
1959.4167,146.84846,111.15736,1.4912812e-06,0.30944467,5.3098665,0.043625989,1.557168,1.9894322,0.42935315,184.43482,80.315181
1959.5,144.66348,123.03159,1.4547506e-06,0.66352412,9.7367171,0.19909105,1.7966809,1.9686651,0.41070062,80.977328,104.78475
1959.5833,151.81263,127.663,1.2811715e-06,0.58168672,8.1860642,0.2160636,2.3393695,1.9537377,0.40176478,27.542088,186.58139
1959.6667,164.85116,56.010127,1.1735149e-06,0.64342989,2.9620034,0.07578733,3.1202035,1.9504855,0.41065642,9.8732911,151.53686
1959.75,167.01618,0,1.1548354e-06,0.15693658,0,0,3.9153154,1.9414228,0.43417609,0,46.844111
1959.8333,166.48898,0,1.2191196e-06,0.0001099587,0,0,4.7841187,1.9316608,0.45671755,0,38.6791
1959.9167,165.70787,0,1.2376968e-06,5.3219664e-07,0,0,5.7531404,1.9224193,0.47720397,0,41.207628
1960,165.14295,0,1.231825e-06,1.5059538e-06,0,0,6.7336864,1.9136196,0.49609593,0,38.280107
1960.0833,164.3824,0,1.2265382e-06,4.0818733e-05,0,0,7.6760898,1.9058145,0.51241845,0,38.11964
1960.1667,163.62183,0,1.2273561e-06,3.388734e-07,0,0,8.4726954,1.8985703,0.52722371,0,38.062161
1960.25,164.67951,72.073117,1.2220105e-06,3.0447078e-05,0.018841101,0,8.3667517,1.8932742,0.53896874,1386.4326,73.472864
1960.3333,163.66406,115.38137,1.2385638e-06,0.026621885,1.2256356,0,8.1504068,1.8895773,0.53696465,34.977818,43.930052
1960.4167,162.33875,120.55755,1.2543585e-06,0.53209589,6.8512973,0.091983231,7.8553195,1.872884,0.52091628,91.583952,128.91514
1960.5,171.42634,126.55589,1.1838703e-06,0.87990668,10.282839,0.29415243,8.2353296,1.8489537,0.48917636,44.225641,228.95767
1960.5833,191.38724,129.38981,1.0364373e-06,0.74249867,8.5401159,0.27330189,9.1085501,1.8254189,0.45060265,17.463396,347.75295
1960.6667,213.13915,39.12048,9.4472142e-07,0.7988097,2.3317291,0.068692672,9.7087393,1.8048953,0.42116928,4.256626,204.66595
1960.75,215.31951,0,9.3884967e-07,0.18474676,0,0,9.9949465,1.786508,0.39980054,0,57.706879
1960.8333,214.40403,0,9.979459e-07,0.00083412147,0,0,10.355366,1.7689272,0.3808603,0,44.794747
1960.9167,212.6914,0,1.0147158e-06,0.0010089144,0,0,10.822089,1.752175,0.36375418,0,44.605661
1961,211.0253,0,1.0124659e-06,0.00041983989,0,0,11.193958,1.736163,0.34795824,0,40.72385
1961.0833,208.84579,0,1.0060498e-06,0,0,0,11.497146,1.7219156,0.33419582,0,40.443771
1961.1667,205.63751,0,1.0109112e-06,-0.00086097032,0,0,11.653378,1.7101868,0.32157192,0,36.589914
1961.25,203.40861,36.605936,1.0265622e-06,8.5420121e-05,0.042282521,0,11.782169,1.7003076,0.3093251,1336.8968,74.011965
1961.3333,200.50123,110.11671,1.0425781e-06,0.033568468,0.60452448,0.00065885617,11.726803,1.6886507,0.29255939,6.3016616,33.67895
1961.4167,195.88421,116.64839,1.0576964e-06,0.92069303,9.7420483,0.18884034,11.832418,1.6757312,0.27078912,125.94768,133.88631
1961.5,200.56568,123.36602,1.0046953e-06,0.92117617,9.3467474,0.31212486,13.020297,1.6624836,0.24889737,50.32132,194.19406
1961.5833,208.81706,126.60982,9.1531678e-07,0.8045136,7.9818406,0.29499371,15.015043,1.653289,0.22752708,28.805965,199.72641
1961.6667,214.91282,111.52998,8.7750749e-07,0.56956912,4.6515667,0.1811274,17.088493,1.652776,0.20979683,13.262097,143.39039
1961.75,215.98135,0,8.7620981e-07,0.18938507,0,0,18.607037,1.6601452,0.19662485,0,47.020011
1961.8333,214.73271,0,9.2858483e-07,0.0046055531,0,0,19.910652,1.6658202,0.18549956,0,47.004151
1961.9167,213.4344,0,9.5657572e-07,5.9695791e-08,0,0,21.319553,1.669993,0.17574234,0,49.339496
1962,212.35844,0,9.5679673e-07,9.3067013e-05,0,0,22.659241,1.6731248,0.16697511,0,44.314158
1962.0833,210.93859,0,9.4993231e-07,0.0042974806,0,0,23.99794,1.6753573,0.15953736,0,44.251039
1962.1667,209.30336,0,9.5260447e-07,0.0026969801,0,0,25.018108,1.6770943,0.15287742,0,44.157819
1962.25,209.87198,43.688454,9.5267097e-07,-0.00068413989,-6.2876374e-07,0,24.40416,1.6804907,0.1466285,1330.7726,131.32431
1962.3333,207.88671,109.79972,9.8650628e-07,0.10515165,1.2412799,0.00665088,22.7556,1.6962014,0.13804248,22.49592,57.585052
1962.4167,203.33704,116.54249,1.0133923e-06,0.9219863,10.489635,0.2314564,22.683578,1.7275089,0.12670062,113.84031,114.89819
1962.5,201.08768,123.61321,1.0045285e-06,0.98737159,10.691123,0.40426102,26.248899,1.7870704,0.11649776,53.352679,161.99895
1962.5833,201.94635,126.44237,9.3446755e-07,0.78735654,8.3678647,0.35077789,29.520117,1.9130596,0.10960804,22.691327,193.13618
1962.6667,207.43798,63.965656,9.2115539e-07,0.7348862,3.2076566,0.12512047,31.562359,2.1454895,0.11047389,10.600971,137.972
1962.75,207.66242,0,9.3461102e-07,0.2538218,0,0,33.101856,2.4039276,0.11667132,0,46.224108
1962.8333,206.27642,0,9.8563476e-07,0.00030396628,0,0,33.626717,2.6305561,0.12293404,0,46.546306
1962.9167,204.44754,0,9.3578882e-07,0,0,0,33.983101,2.8332002,0.12887397,0,48.175887
1963,202.19801,0,9.5876726e-07,0,0,0,34.041348,3.025044,0.13466433,0,45.795211
1963.0833,199.72631,0,9.7380234e-07,0,0,0,33.84446,3.1913564,0.13979566,0,45.503694
1963.1667,196.97352,0,9.9079716e-07,0,0,0,33.354717,3.3384554,0.1444795,0,45.207591
1963.25,193.82346,64.095996,1.0188539e-06,-9.304717e-08,-4.5424239e-05,0,31.993561,3.4736297,0.14878932,1379.7124,71.492628
1963.3333,188.41133,113.47722,1.0651316e-06,0.0053647319,0.087757945,0,30.409172,3.5822103,0.14972273,7.6862485,27.936409
1963.4167,182.08125,116.63922,1.1328846e-06,0.55406807,6.4528955,0.075344778,29.574118,3.6012211,0.143436,86.108272,105.15359
1963.5,181.83842,123.60055,1.1373143e-06,0.89488667,9.6312917,0.19979369,30.452116,3.5201008,0.13577166,51.370157,109.00106
1963.5833,186.25093,126.82843,1.074944e-06,0.65848554,6.9314068,0.20210782,31.817257,3.4285123,0.12967262,28.967983,118.3781
1963.6667,190.26789,64.184956,1.0181984e-06,0.78774736,3.63686,0.1117158,32.86166,3.3590767,0.12823269,6.4456568,92.300073
1963.75,190.45436,0,9.8989597e-07,0.20326757,0,0,33.159477,3.2971852,0.13054459,0,49.740597
1963.8333,189.71957,0,9.5812254e-07,1.5340718e-06,0,0,32.42186,3.2384357,0.13308738,0,49.661106
1963.9167,188.37346,0,9.458447e-07,0,0,0,31.084085,3.1848946,0.13559787,0,55.426996
1964,187.4276,0,7.7523129e-07,-3.0363412e-11,0,0,29.729338,3.1371746,0.13820507,0,48.890443
1964.0833,186.04037,0,7.7592705e-07,-1.316834e-06,0,0,28.506109,3.0958245,0.1405081,0,48.601457
1964.1667,184.6489,0,7.889397e-07,-4.0571225e-05,0,0,27.054789,3.0579443,0.14261326,0,48.150867
1964.25,183.82779,78.687489,8.005041e-07,-0.0006903522,-7.0093433e-05,0,25.228405,3.0235579,0.14419456,1439.0324,63.958075
1964.3333,182.51787,118.00753,8.1627735e-07,-0.0001175357,-0.0010270217,0,22.753189,2.9948587,0.14063333,2.9342278,39.029343
1964.4167,179.08037,118.62687,8.380174e-07,0.23680434,3.1372112,0.019232247,21.083315,2.9537721,0.13292409,43.984461,76.734014
1964.5,185.07689,123.22085,7.9979208e-07,0.87765279,10.051579,0.12956568,20.13765,2.8938193,0.12408779,28.18476,159.44925
1964.5833,192.4108,125.03015,7.3034204e-07,0.70913533,7.9327224,0.14612691,20.588882,2.8335788,0.11464629,13.859599,153.59196
1964.6667,200.74576,92.429392,6.7283861e-07,0.55580839,4.1287373,0.088860804,21.033083,2.7877204,0.10853821,6.5445035,135.55816
1964.75,202.73857,0,6.5030076e-07,0.42193611,0,0,20.816624,2.7510586,0.10696752,0,50.967232
1964.8333,201.88008,0,6.6140183e-07,8.5278072e-05,0,0,20.368969,2.7153628,0.10633048,0,50.399764
1964.9167,200.3649,0,6.8104032e-07,0,0,0,19.77878,2.6832411,0.10639158,0,55.305561
1965,199.20169,0,7.1355191e-07,0,0,0,19.128817,2.6537194,0.10680934,0,49.915902
1965.0833,197.69059,0,7.2860001e-07,0,0,0,18.232635,2.6279936,0.10730992,0,49.620646
1965.1667,196.17839,0,7.4628537e-07,-1.7744381e-05,0,0,17.395708,2.6044254,0.10798398,0,49.323485
1965.25,194.59572,0,7.579614e-07,-0.0001832505,0,0,16.807484,2.5816991,0.10891097,0,49.017365
1965.3333,197.8136,108.76309,7.5629521e-07,-0.0016001629,-0.00024236024,0,16.020367,2.5614161,0.10892951,1284.0599,110.50181
1965.4167,193.76847,109.11845,7.873241e-07,0.11327907,1.7733221,0.0055063925,15.712495,2.5371552,0.10401122,38.832341,55.207538
1965.5,193.18014,115.35661,7.9899536e-07,0.76884173,9.6125927,0.0822884,16.617645,2.5030644,0.098680861,61.695572,85.026864
1965.5833,195.26002,119.46579,7.7797165e-07,0.60982125,7.0612695,0.08596793,19.363514,2.4702878,0.096226975,40.08333,107.44957
1965.6667,199.57209,105.24178,7.4143259e-07,0.43374753,4.170648,0.059649449,21.520733,2.4471791,0.10057507,12.892317,105.37635
1965.75,200.68368,0,7.3185396e-07,0.084752276,0,0,22.421658,2.430995,0.11337896,0,50.314899
1965.8333,199.40083,0,7.5458496e-07,0.0048305058,0,0,22.527809,2.4137444,0.12794481,0,50.088385
1965.9167,197.60317,0,7.734547e-07,-9.9933297e-26,0,0,22.663624,2.3989387,0.14597785,0,56.198769
1966,195.8065,0,7.9715613e-07,0,0,0,22.812878,2.3903093,0.17979738,0,49.578838
1966.0833,193.73886,0,8.2352472e-07,-3.5996116e-07,0,0,22.850714,2.3861258,0.22648199,0,49.214629
1966.1667,191.82946,0,8.4759739e-07,-0.00016003705,0,0,22.584909,2.3822806,0.27180281,0,49.045129
1966.25,190.27916,49.002543,8.7183474e-07,-0.00055332926,-4.1830845e-05,0,21.942587,2.3779936,0.31330922,1279.5874,62.421398
1966.3333,187.13079,104.9317,8.9782037e-07,-0.00038526854,-0.00064087738,0,19.985538,2.3737283,0.34366307,1.2199252,18.452572
1966.4167,179.21247,104.88687,9.4542997e-07,0.052532623,1.0441542,0.0025971321,19.674654,2.3638954,0.36182791,13.796982,14.896819
1966.5,175.49017,110.4019,9.5513849e-07,0.56810054,9.5644371,0.091111279,19.214352,2.3346882,0.37352872,76.103665,96.058758
1966.5833,172.74895,114.32964,9.2941718e-07,0.50604325,8.3452729,0.10897882,20.83252,2.3020043,0.38845384,37.259851,88.917172
1966.6667,172.47097,30.952815,8.9021864e-07,0.54803224,2.1606541,0.028723247,22.736662,2.2778857,0.41508049,2.994525,54.551192
1966.75,171.24197,0,8.6542036e-07,0.16433367,0,0,23.223768,2.2579823,0.44821435,0,35.340724
1966.8333,169.85063,0,8.8027554e-07,0.0016736407,0,0,23.04986,2.2399063,0.47834191,0,34.896177
1966.9167,168.44842,0,8.9077116e-07,1.5367835e-05,0,0,22.826248,2.2234893,0.50550973,0,38.849913
1967,166.748,0,9.0846055e-07,0,0,0,22.230963,2.2082016,0.53039396,0,33.767068
1967.0833,164.5859,0,9.2500801e-07,-7.1418901e-08,0,0,21.49218,2.1946304,0.55171984,0,33.453301
1967.1667,162.4506,0,9.4314242e-07,-3.2644013e-06,0,0,20.346371,2.1819191,0.57089329,0,33.231511
1967.25,160.63496,14.965083,9.6088206e-07,-0.00015827602,-0.0001675372,0,18.79266,2.1695681,0.58867455,1092.5483,57.61075
1967.3333,157.39553,90.142637,9.8613634e-07,0.016332753,0.52387005,0,15.458989,2.1569817,0.60042167,16.083044,23.127524
1967.4167,142.94685,93.930699,1.0713975e-06,0.3179951,6.2075763,0.035061053,15.028106,2.1394827,0.60232913,88.748114,65.017061
1967.5,129.60523,102.5722,1.1533386e-06,0.48337435,9.2844203,0.099650924,16.304142,2.1204674,0.59770721,87.829105,70.700824
1967.5833,130.32106,109.44314,1.1180015e-06,0.41492861,8.0781592,0.10007609,17.88764,2.109879,0.59652847,59.856665,90.462637
1967.6667,133.48167,29.932205,1.0673893e-06,0.55803742,2.1821738,0.025767052,18.912893,2.1096339,0.6202184,14.131257,54.034177
1967.75,133.38467,0,1.0758292e-06,0.151456,0,0,19.607738,2.1127443,0.65346378,0,34.507901
1967.8333,132.91946,0,1.1139555e-06,0.00018300528,0,0,19.440655,2.115459,0.68347687,0,34.451794
1967.9167,132.06202,0,1.1443107e-06,0,0,0,18.63833,2.117439,0.71060348,0,38.761718
1968,131.4885,0,1.1813793e-06,-1.362064e-11,0,0,17.625923,2.1184094,0.73555934,0,34.05034
1968.0833,130.54034,0,1.1912246e-06,-1.5058231e-07,0,0,16.376192,2.1182179,0.7571162,0,33.848296
1968.1667,129.57759,0,1.2034238e-06,-5.7383787e-08,0,0,15.051486,2.1168921,0.77670717,0,33.670344
1968.25,129.39323,39.242484,1.2167018e-06,-2.7330843e-06,-2.9684104e-08,0,13.552342,2.11449,0.79599214,1103.2393,56.3409
1968.3333,128.49516,90.451702,1.246324e-06,0.0019027873,0.043626934,0,11.622479,2.1095681,0.83017331,1.4061179,9.7727183
1968.4167,125.82938,91.901653,1.2938801e-06,0.17759307,4.1815341,0.02869241,9.8310261,2.0966215,0.8683852,74.375907,59.781816
1968.5,127.79807,100.35887,1.3118423e-06,0.42416537,9.7889472,0.13430193,9.423048,2.0753415,0.89601678,82.569757,69.37908
1968.5833,131.26734,106.0287,1.2575099e-06,0.3479909,7.6661281,0.12373085,6.6567779,2.0588353,0.92414069,51.972766,87.162525
1968.6667,135.48085,47.511961,1.1767412e-06,0.39755622,3.0410408,0.048193774,4.9339995,2.0529113,0.96367389,24.549468,65.39426
1968.75,135.73202,0,1.1601205e-06,0.074356654,0,0,4.8550267,2.0516925,1.0069727,0,35.102146
1968.8333,135.40423,0,1.1590837e-06,0.0025084307,0,0,4.5403657,2.0505152,1.0461032,0,35.042961
1968.9167,134.86269,0,1.1813904e-06,-4.8562976e-16,0,0,4.1426916,2.0493472,1.0814121,0,39.990048
1969,134.30709,0,1.215167e-06,-3.4789665e-07,0,0,3.9509525,2.0479248,1.1138858,0,34.539142
1969.0833,133.33122,0,1.2313792e-06,0,0,0,3.800688,2.0476475,1.1419334,0,33.966108
1969.1667,132.32286,0,1.2439801e-06,0,0,0,3.6222355,2.0494907,1.1673921,0,33.597663
1969.25,132.84673,66.284426,1.2461468e-06,0,-3.5117607e-05,0,3.3947134,2.0514853,1.1907446,1102.4379,58.759858
1969.3333,131.89131,91.179252,1.2665599e-06,0.12227637,2.7869596,0.016711218,3.1187263,2.0522494,1.1977406,47.968721,59.175478
1969.4167,134.45592,98.394215,1.2354357e-06,0.48093679,10.503133,0.13608221,3.2802086,2.0486219,1.1707103,98.347982,91.446194
1969.5,138.20326,106.23254,1.1692374e-06,0.48813322,10.248638,0.16795472,4.0944214,2.0509431,1.1069279,74.850012,128.3587
1969.5833,146.62719,82.165912,1.081666e-06,0.47924904,6.0051497,0.099511059,4.9115729,2.0649335,1.0384288,37.497211,124.22187
1969.6667,149.07287,0,1.0224659e-06,0.82017158,0,0,5.5750394,2.084322,0.99177182,0,36.315889
1969.75,148.4994,0,9.97283e-07,0.29878637,0,0,6.0665002,2.101522,0.95207226,0,35.925015
1969.8333,148.13076,0,9.9629676e-07,0.00090550974,0,0,6.3908558,2.1168411,0.91622233,0,42.754864
1969.9167,147.09577,0,1.0262725e-06,0,0,0,6.6779041,2.1300895,0.88386029,0,41.61417
1970,146.16621,0,1.0580284e-06,0,0,0,6.9832778,2.1413419,0.85413337,0,35.605356
1970.0833,144.80615,0,1.1964094e-06,0,0,0,7.2631426,2.1502044,0.82851446,0,35.121959
1970.1667,143.43497,0,1.2210229e-06,0,0,0,7.4778585,2.1574306,0.80531335,0,34.500132
1970.25,142.24289,11.620978,1.2372315e-06,0,0,0,7.6086488,2.1634357,0.78357142,1060.6624,54.963081
1970.3333,141.39448,87.3878,1.2068995e-06,0.050095539,0.85124013,0.0052822001,7.6223578,2.1680946,0.76385403,22.952653,31.033903
1970.4167,140.85932,95.142841,1.1151049e-06,0.4894509,9.8555944,0.092164219,7.3610287,2.1662989,0.74141914,125.64157,80.193192
1970.5,142.8445,103.4888,1.0681669e-06,0.47559509,9.4822291,0.15530361,6.7425904,2.1690655,0.71800929,75.95464,91.375715
1970.5833,148.01295,108.61044,9.9517035e-07,0.39022399,7.7327839,0.13457613,7.2030377,2.1809006,0.71552432,49.481211,121.50813
1970.6667,152.53179,14.765171,9.2306334e-07,0.59986545,1.233628,0.019862623,8.1648264,2.1978607,0.7468093,4.6248475,57.332272
1970.75,152.21739,0,8.9779178e-07,0.09912867,0,0,8.9399681,2.2108424,0.78591341,0,38.70878
1970.8333,151.3961,0,9.1405337e-07,0.0010466714,0,0,9.5221081,2.2222612,0.82131207,0,38.352467
1970.9167,150.31369,0,9.3185878e-07,0,0,0,10.047833,2.232059,0.85326207,0,43.012132
1971,149.52594,0,9.4632185e-07,0,0,0,10.408342,2.2405167,0.88256228,0,37.326626
1971.0833,148.33537,0,9.6838221e-07,0,0,0,10.526166,2.2481332,0.90776682,0,37.010492
1971.1667,147.14779,0,9.9005717e-07,0,0,0,10.690107,2.2545187,0.93054593,0,36.798725
1971.25,152.44509,64.648889,9.80697e-07,0,-9.0702096e-09,0,10.503872,2.2623091,0.95267832,1028.4949,138.53877
1971.3333,149.33749,84.025964,1.0140124e-06,-0.00017928865,-3.4502858e-06,0,10.49224,2.2743134,0.97138917,0.24404029,1.1141562
1971.4167,144.22639,87.754682,1.0616686e-06,0.30600079,7.1477625,0.07996734,10.616299,2.2783396,0.97764808,108.07469,85.098239
1971.5,146.11793,95.73371,1.0399469e-06,0.38829221,8.7280512,0.16126499,11.749424,2.2820742,0.97630101,62.58683,99.824312
1971.5833,150.94884,100.06561,1.0046797e-06,0.32016342,7.0295561,0.14182943,13.407489,2.3061724,0.98077768,40.713686,105.23861
1971.6667,155.80262,44.320982,9.5836265e-07,0.44358714,2.7100963,0.054073386,15.374787,2.3566704,1.0067241,12.344468,73.059071
1971.75,155.70115,0,9.4593861e-07,0.13706699,0,0,16.580576,2.4045904,1.0386039,0,36.675732
1971.8333,154.89215,0,9.5047147e-07,0.012144792,0,0,17.171179,2.4462969,1.0660526,0,36.6173
1971.9167,154.0124,0,9.5429607e-07,0.0002420857,0,0,17.287233,2.4834011,1.0898865,0,42.063839
1972,153.42322,0,9.6277404e-07,7.6952473e-20,0,0,16.630054,2.5155482,1.1107202,0,36.368351
1972.0833,151.91293,0,9.8092983e-07,0,0,0,15.783514,2.5420446,1.1276492,0,36.136677
1972.1667,150.20646,0,1.0003797e-06,0,0,0,14.637264,2.5649066,1.1419194,0,35.938834
1972.25,152.02568,29.046338,1.012909e-06,-4.9976023e-05,-1.1820757e-06,0,12.009557,2.5855625,1.1547067,964.98689,152.53147
1972.3333,154.70873,79.525858,1.0308557e-06,0.038316586,0.87509164,0.00087413714,6.0140138,2.6094375,1.1668265,25.092325,28.690307
1972.4167,154.82259,86.487889,1.044465e-06,0.34373904,8.94188,0.12327599,5.2330241,2.6137569,1.1612667,109.04207,90.854869
1972.5,156.44154,92.819564,1.0049886e-06,0.36755886,9.4440151,0.2243615,4.6582532,2.6029749,1.1424246,56.230868,89.01536
1972.5833,161.39887,96.052118,9.59712e-07,0.29462199,7.4731287,0.19192656,4.3630142,2.5979655,1.1399578,27.390162,112.99339
1972.6667,166.92041,65.020069,9.3802225e-07,0.28881478,3.5848576,0.091673936,4.5229244,2.6082332,1.1783818,11.347619,94.492174
1972.75,167.69631,0,9.387993e-07,0.20727591,0,0,4.7572627,2.6184082,1.2408216,0,38.557448
1972.8333,166.74528,0,9.3698748e-07,0.0062965107,0,0,4.8461199,2.6250358,1.2978506,0,38.476595
1972.9167,165.77692,0,9.5186914e-07,1.788523e-05,0,0,4.9181652,2.6309466,1.3497329,0,44.398922
1973,165.09412,0,9.7461748e-07,3.5447206e-08,0,0,4.9185619,2.6361082,1.3977374,0,37.953442
1973.0833,163.78754,0,9.8982218e-07,3.9441986e-07,0,0,4.7466187,2.6400032,1.4394389,0,37.376696
1973.1667,162.41843,0,1.0062051e-06,4.0388234e-06,0,0,4.4887319,2.6427865,1.4775352,0,37.037038
1973.25,161.75576,4.7838376,1.0252422e-06,2.308996e-05,0.0066894784,0,4.1322279,2.6445529,1.5135921,872.95123,171.48166
1973.3333,169.3909,73.829532,9.9781187e-07,0.017482661,0.90463125,0,3.8865008,2.6503987,1.5488971,40.561804,30.03263
1973.4167,166.69738,78.697547,1.0293332e-06,0.34613436,6.5402167,0.10187824,3.5050235,2.6454659,1.5632707,84.601153,69.190141
1973.5,166.44444,84.297314,1.0233221e-06,0.52744472,9.4413944,0.26347239,3.3133717,2.6288002,1.5385839,46.773646,79.6526
1973.5833,165.35987,87.410629,1.0015445e-06,0.39218114,6.6964443,0.219264,3.3788285,2.6093705,1.4754728,24.640363,94.795546
1973.6667,164.70431,8.8335397,9.8320061e-07,0.78315924,0.86740857,0.027560777,3.4589908,2.5993729,1.3885106,2.2368745,47.447511
1973.75,163.53898,0,9.7342615e-07,0.15419992,0,0,3.4251001,2.5920644,1.3034984,0,38.873736
1973.8333,162.39555,0,9.7692248e-07,0.0041087893,0,0,3.3619342,2.5849597,1.2265499,0,38.706126
1973.9167,161.17428,0,9.7580585e-07,1.7374341e-09,0,0,3.3248246,2.5780373,1.1571701,0,45.096585
1974,160.36217,0,1.2706245e-06,6.4058102e-22,0,0,3.2644024,2.5710733,1.0936222,0,38.661486
1974.0833,159.0739,0,1.2896925e-06,1.5415418e-07,0,0,3.2062123,2.5644462,1.039079,0,38.490753
1974.1667,157.80279,0,1.3093036e-06,2.117315e-06,0,0,3.1512418,2.557807,0.98994362,0,37.790209
1974.25,157.17702,21.923337,1.3253139e-06,1.2310899e-05,0.11718318,0,3.0993702,2.5514126,0.9439953,806.65834,58.045557
1974.3333,154.24819,70.161484,1.3485507e-06,0.00070093471,0.86969277,0,2.8432348,2.548403,0.89808357,88.55797,11.776738
1974.4167,144.49783,78.009352,1.4172757e-06,0.46524359,6.013454,0.11739989,2.7233448,2.5260944,0.84361225,108.81436,79.446911
1974.5,142.9773,84.901445,1.3673147e-06,0.71652825,8.927272,0.30777319,2.9690835,2.4771049,0.77771693,43.395419,75.156283
1974.5833,144.57248,87.86241,1.2738011e-06,0.63023587,7.7434629,0.31823755,3.5294893,2.4302614,0.71871501,28.657345,84.059552
1974.6667,148.02818,89.931615,1.2287677e-06,0.4465549,5.4761235,0.2324098,4.416399,2.3946943,0.69077438,19.491149,91.077083
1974.75,150.13702,2.9267899,1.2011641e-06,0.19978162,0.27008269,0.0099246849,5.4631948,2.3734753,0.70325089,0.55322691,42.316742
1974.8333,149.79433,0,1.2391258e-06,1.3438782e-05,0,0,6.5397458,2.3600335,0.72415423,0,38.9407
1974.9167,149.14477,0,1.1989569e-06,2.7641724e-22,0,0,7.7199669,2.3462784,0.74292284,0,43.949067
1975,148.57091,0,1.1695237e-06,-2.6635649e-10,0,0,8.8171272,2.3275576,0.76006991,0,38.477158
1975.0833,147.61321,0,1.2140426e-06,-4.6949322e-08,0,0,9.8916016,2.3056552,0.77477187,0,38.270822
1975.1667,146.65425,0,1.2304197e-06,-2.343286e-05,0,0,10.924132,2.2810431,0.78800774,0,38.054227
1975.25,147.74604,59.367668,1.2348446e-06,-0.00033572129,-0.00025868436,0,11.796457,2.2552652,0.80237776,988.64413,77.821207
1975.3333,146.03452,80.934048,1.2737796e-06,-0.0004430975,-4.2110175e-05,0,12.638896,2.2337403,0.8310771,0.96838042,8.8588553
1975.4167,143.91485,82.614936,1.3266961e-06,0.56157465,6.5978904,0.12531316,12.685319,2.2068815,0.85680592,51.825768,82.330681
1975.5,145.30404,86.96074,1.2873504e-06,0.88556807,9.7801806,0.3295772,13.827373,2.1780672,0.87821651,40.810112,81.490814
1975.5833,148.6229,90.279922,1.2023032e-06,0.7317017,7.9402452,0.3056247,15.865172,2.1609795,0.91453111,29.808031,98.641943
1975.6667,153.07228,36.770545,1.1181864e-06,0.64762419,2.5289036,0.094843077,17.177593,2.1622896,0.99061126,9.2608044,71.255568
1975.75,153.28172,0,1.0966106e-06,0.18559551,0,0,18.111597,2.1720238,1.082904,0,39.766664
1975.8333,152.79676,0,1.0616682e-06,2.277424e-06,0,0,18.983915,2.1808193,1.1667397,0,39.473561
1975.9167,151.83261,0,1.0384523e-06,0,0,0,19.78517,2.1869094,1.2441264,0,45.255893
1976,151.3001,0,8.922878e-07,0,0,0,20.623234,2.1881747,1.3177938,0,38.802224
1976.0833,150.29901,0,9.0356696e-07,0,0,0,21.135921,2.1860325,1.3833545,0,38.615484
1976.1667,149.27906,0,9.290078e-07,-8.0162249e-07,0,0,21.091385,2.1819079,1.444146,0,38.27502
1976.25,149.99884,45.32291,9.4029429e-07,-1.185586e-05,-8.4554439e-07,0,20.855165,2.1781619,1.5015862,975.09903,78.386279
1976.3333,148.99741,79.908408,9.6795009e-07,0.018173898,0.23236744,0.0025829564,20.176584,2.1780188,1.5478891,2.5359668,10.801146
1976.4167,149.31843,82.876325,9.6597364e-07,0.68445765,9.0201933,0.17052141,20.002598,2.1727984,1.5665338,58.77296,102.33556
1976.5,152.70303,86.740725,9.0639804e-07,0.75915908,9.4801639,0.29003605,21.958069,2.1709075,1.5589994,36.769988,95.826299
1976.5833,158.24759,89.156315,8.4478648e-07,0.60283316,7.4539336,0.2611408,24.242455,2.1821756,1.5562756,19.169816,113.27599
1976.6667,165.10865,90.705618,7.8723576e-07,0.41904464,5.2062141,0.18989009,25.861713,2.2205157,1.5828381,12.071446,126.22915
1976.75,169.88838,14.725342,7.5862414e-07,0.21249955,0.70835889,0.024161254,26.62509,2.2945888,1.6473926,1.4203216,61.178368
1976.8333,169.30889,0,7.6198438e-07,4.6527423e-06,0,0,27.08106,2.3747144,1.7151004,0,42.080327
1976.9167,168.16156,0,7.7275416e-07,-1.6995591e-14,0,0,27.177868,2.4448013,1.7772493,0,51.680776
1977,167.67171,0,8.059431e-07,0,0,0,26.932625,2.5058882,1.8358903,0,41.730434
1977.0833,166.35346,0,8.1459689e-07,-1.8521094e-07,0,0,26.437124,2.5558205,1.8877151,0,41.509663
1977.1667,164.9626,0,8.2672204e-07,-7.8029934e-07,0,0,25.759924,2.5985961,1.935634,0,41.051531
1977.25,163.46359,0,8.4785074e-07,-1.9918196e-06,0,0,24.812635,2.6366048,1.9811546,0,40.552561
1977.3333,166.45491,76.303825,8.6302009e-07,0.013244914,0.21307236,0.0002616583,23.013029,2.682806,2.0212219,900.76543,79.430911
1977.4167,166.78335,79.432271,8.7354715e-07,0.57706595,8.7431626,0.14926923,21.817053,2.7264454,2.0307775,66.124792,97.898393
1977.5,169.05932,83.396964,8.4446987e-07,0.68611083,9.7965456,0.2824965,22.487001,2.7691572,1.9905708,32.375471,108.23532
1977.5833,173.49607,85.489385,8.0455567e-07,0.56838029,8.0713271,0.26102857,23.847206,2.8180904,1.9083945,19.600654,140.61536
1977.6667,182.65516,66.664562,7.4676217e-07,0.4386258,4.70335,0.15511304,24.567652,2.9039817,1.8308327,10.973668,146.89224
1977.75,185.45693,0,7.337128e-07,0.17207662,0,0,24.691994,3.0372684,1.7880496,0,45.554273
1977.8333,184.47463,0,7.3545243e-07,6.2255999e-06,0,0,24.161917,3.1636894,1.7572234,0,45.063142
1977.9167,183.01892,0,7.5166025e-07,0,0,0,23.266998,3.2753003,1.7283949,0,53.965512
1978,182.01028,0,7.8871602e-07,-4.6537283e-07,0,0,22.245125,3.3747017,1.7007769,0,40.432547
1978.0833,180.03486,0,7.93992e-07,-4.2887937e-07,0,0,21.180389,3.4573078,1.6760926,0,40.160458
1978.1667,177.97855,0,8.1126939e-07,-4.2287677e-11,0,0,19.880033,3.5288448,1.6528442,0,39.922429
1978.25,177.37626,24.509927,8.2915216e-07,-7.0858151e-06,0,0,18.186432,3.5948,1.62875,895.61054,96.936389
1978.3333,176.23973,73.482044,8.7406312e-07,0.032211171,0.69701869,0.0060872457,14.251349,3.6739554,1.5820273,10.892085,25.858512
1978.4167,175.67158,77.381447,8.82488e-07,0.42126503,8.729726,0.16846758,13.045753,3.7053947,1.513576,55.389275,82.615966
1978.5,176.04955,80.411695,8.6798718e-07,0.45879352,9.2313331,0.27085948,13.10208,3.7056403,1.4245803,31.755062,90.633887
1978.5833,179.38685,82.733788,8.6502473e-07,0.39325805,7.6071929,0.24678605,13.386583,3.7111647,1.3277439,19.532829,110.46193
1978.6667,184.91076,64.478606,8.3423959e-07,0.32823339,4.4482723,0.14751122,11.242783,3.7304809,1.2695943,11.42095,104.30387
1978.75,186.28088,0,8.2057147e-07,0.088450309,0,0,11.237586,3.7529316,1.2702099,0,47.226978
1978.8333,185.66163,0,8.2075411e-07,0.0054942247,0,0,11.022263,3.7712524,1.2813281,0,47.115723
1978.9167,185.05198,0,8.345786e-07,1.96852e-05,0,0,10.858339,3.7876139,1.2898705,0,60.09093
1979,185.25077,0,1.1587505e-06,1.1375479e-06,0,0,11.086416,3.8023677,1.2962067,0,43.780961
1979.0833,184.0644,0,1.1753507e-06,0,0,0,11.009308,3.8147054,1.3003269,0,42.146573
1979.1667,182.80846,0,1.1740314e-06,1.340927e-06,0,0,10.156051,3.8254931,1.3027474,0,41.557818
1979.25,182.02758,10.380013,1.1793676e-06,-5.5283881e-06,0.037110264,0,6.9990377,3.8356032,1.3036042,757.72188,76.307029
1979.3333,180.32674,65.118827,1.2054672e-06,0.0084656008,0.72588054,0,6.4052019,3.8691895,1.3046489,92.119019,1.0693192
1979.4167,173.72468,76.783173,1.254062e-06,0.34885329,6.4300415,0.11984958,6.381103,3.8607428,1.3413143,121.01457,90.295784
1979.5,172.93692,81.974782,1.2643521e-06,0.56952362,9.2721925,0.25983879,6.1711106,3.7779849,1.4228461,40.740229,111.02419
1979.5833,175.09004,84.741645,1.2243615e-06,0.40508481,6.5433366,0.22151069,7.0405879,3.6782179,1.5549843,21.119072,98.256825
1979.6667,178.97852,60.464393,1.1877613e-06,0.38620976,4.0447988,0.13347004,7.9181676,3.5916188,1.742111,14.044533,87.62621
1979.75,179.7829,0,1.1603835e-06,0.30295174,0,0,8.631052,3.5146813,1.9637592,0,46.252849
1979.8333,179.27518,0,1.1741847e-06,0.018975485,0,0,8.9942741,3.4448938,2.1679151,0,46.12932
1979.9167,178.75314,0,1.183504e-06,4.2510427e-08,0,0,9.2376242,3.3819654,2.3514557,0,53.219896
1980,178.72271,0,1.1909834e-06,2.6907219e-08,0,0,9.2560577,3.3272979,2.5188859,0,45.508379
1980.0833,178.06049,0,1.1947955e-06,7.4557248e-10,0,0,8.9447584,3.2989714,2.662112,0,45.425891
1980.1667,177.39101,0,1.1946896e-06,1.6181985e-09,0,0,8.5856361,3.2769866,2.7905157,0,45.289344
1980.25,176.60825,0,1.198417e-06,1.3066436e-09,0,0,8.0786142,3.2563574,2.9093051,0,42.318566
1980.3333,176.19206,11.635146,1.2025419e-06,0.0025794364,0.17324673,0,7.5234799,3.2381952,3.0147254,619.39135,65.392481
1980.4167,176.01664,70.904128,1.2062969e-06,0.40964443,5.8071843,0.10486829,7.115973,3.2287445,3.0979793,345.07134,61.188325
1980.5,177.05669,82.702741,1.1841271e-06,0.62871879,9.2972565,0.24461631,6.7417169,3.2046793,3.1323862,35.377273,87.77172
1980.5833,179.68437,85.483856,1.1044077e-06,0.51037779,7.3576039,0.24399895,7.083447,3.1800437,3.1088934,25.30745,96.654123
1980.6667,182.23655,20.233875,1.0626519e-06,0.65086026,1.6505311,0.050230417,7.7566013,3.1597667,3.0349345,4.9487934,61.557302
1980.75,181.80469,0,1.0369715e-06,0.20078484,0,0,8.4092407,3.1433487,2.9500923,0,46.852503
1980.8333,181.22657,0,1.0650642e-06,0.0029719058,0,0,9.0675392,3.1285555,2.8712776,0,46.544604
1980.9167,180.61325,0,1.0921071e-06,3.3540919e-20,0,0,9.8359146,3.1174662,2.7978868,0,53.814519
1981,180.57214,0,1.1074671e-06,2.5229746e-06,0,0,10.671104,3.1165328,2.7281213,0,45.933943
1981.0833,179.90473,0,1.1136673e-06,3.9306309e-11,0,0,11.531622,3.1165249,2.6656795,0,45.685599
1981.1667,179.23397,0,1.1146998e-06,3.0932944e-11,0,0,12.388503,3.116329,2.6067009,0,45.493705
1981.25,178.5723,7.3714876,1.119786e-06,2.2594645e-11,0.012366053,0,13.325574,3.1160004,2.5487835,672.49183,54.018975
1981.3333,175.37339,58.538571,1.1366611e-06,0.0089025889,0.77058899,0,13.620021,3.1181934,2.4713848,113.20851,0.0074425061
1981.4167,167.86872,80.259949,1.1767858e-06,0.64291838,9.0730748,0.17089494,12.205236,3.0966246,2.3214083,239.78916,103.09277
1981.5,168.8177,86.565949,1.1096288e-06,0.60309488,8.6739744,0.2546034,14.66941,3.0474715,2.1417904,33.907554,84.371229
1981.5833,170.70313,57.101861,1.0502997e-06,0.79605724,5.547386,0.17917494,17.870262,3.0015156,1.967728,14.083795,77.85416
1981.6667,171.01371,0,9.8787746e-07,0.9429595,0,0,20.782495,2.9623578,1.8117976,0,44.62162
1981.75,170.63694,0,9.7418285e-07,0.1579493,0,0,22.838163,2.9269857,1.6711121,0,44.493021
1981.8333,170.25614,0,1.0014446e-06,6.5802426e-06,0,0,24.649837,2.8948543,1.5440491,0,44.422447
1981.9167,169.88374,0,1.0123426e-06,1.4773685e-19,0,0,26.406263,2.8656843,1.4294171,0,51.69962
1982,170.07323,0,1.0075091e-06,2.5361995e-06,0,0,28.007893,2.8387558,1.3243009,0,44.45471
1982.0833,169.66961,0,1.0125611e-06,8.188355e-07,0,0,28.479448,2.8154228,1.233863,0,44.389045
1982.1667,169.26211,0,1.0118191e-06,9.0398036e-07,0,0,28.155373,2.7941372,1.1520859,0,44.290228
1982.25,169.10613,17.007502,1.0191512e-06,-3.5677737e-05,0.02848001,0,27.49567,2.7739465,1.0753952,689.42066,51.419146
1982.3333,163.37414,56.943689,1.059729e-06,0.0070342854,0.34681756,0,20.417835,2.7506909,0.99722886,21.962904,0.013944859
1982.4167,150.01483,73.491879,1.1498897e-06,0.38497005,6.403024,0.10030453,12.532487,2.7045369,0.90751791,335.50363,71.131388
1982.5,149.99628,88.33383,1.1458628e-06,0.57597564,10.239417,0.27393775,13.082796,2.6401687,0.82162678,38.726437,75.595193
1982.5833,153.33194,90.948351,1.094559e-06,0.44736472,8.1601769,0.26206249,14.093829,2.5817385,0.74682719,21.174128,87.273548
1982.6667,157.39661,55.388648,1.0605247e-06,0.44145182,3.5104172,0.11520068,14.976412,2.5348485,0.69308805,7.9643558,76.268032
1982.75,158.00764,0,1.0471138e-06,0.12305625,0,0,15.800192,2.4957457,0.6583913,0,41.802023
1982.8333,157.68878,0,1.0781512e-06,0.00014850472,0,0,16.116562,2.4602566,0.6284951,0,41.741018
1982.9167,157.38826,0,1.0969666e-06,1.9452058e-05,0,0,16.51292,2.4279797,0.60144949,0,47.881719
1983,157.57567,0,1.1100701e-06,1.3658968e-07,0,0,16.7889,2.3981283,0.57657856,0,41.752422
1983.0833,157.26818,0,1.119939e-06,9.175542e-06,0,0,16.766251,2.3722074,0.55511951,0,41.697166
1983.1667,156.96025,0,1.1244695e-06,-1.2654852e-05,0,0,16.00375,2.3485291,0.5356589,0,41.575202
1983.25,157.21706,35.374131,1.1348855e-06,8.0654866e-06,0.15978379,0,14.908417,2.3263452,0.51698381,996.12202,50.706217
1983.3333,156.45301,82.275569,1.1929964e-06,0.027293043,0.83083848,0,10.564193,2.3063869,0.49668607,9.8518042,44.429411
1983.4167,156.80523,87.38485,1.213377e-06,0.38111055,9.2617456,0.18078342,9.319212,2.2832406,0.47939742,85.197967,98.486931
1983.5,160.03768,92.102937,1.1996942e-06,0.43165778,10.297945,0.34055581,9.088233,2.2653854,0.47277331,37.724831,91.41588
1983.5833,164.52551,94.662935,1.1488847e-06,0.28535193,6.9101423,0.24925734,8.9900103,2.2592328,0.48983127,18.464716,102.78163
1983.6667,167.94616,15.945429,1.1093254e-06,0.59174723,1.2498821,0.040911596,8.9314413,2.2647619,0.54225999,2.5048665,57.051353
1983.75,167.6174,0,1.1163344e-06,0.12709814,0,0,9.8854275,2.2719066,0.6048696,0,43.359094
1983.8333,167.17871,0,1.1372853e-06,0.00015877259,0,0,10.130072,2.2776923,0.66154671,0,42.894047
1983.9167,166.71817,0,1.1455662e-06,0.00034548815,0,0,10.207451,2.2820404,0.71269351,0,47.136577
1984,166.56438,0,1.139756e-06,6.2102501e-07,0,0,10.072864,2.2844765,0.75959045,0,42.602194
1984.0833,166.06243,0,1.1295518e-06,2.0209896e-11,0,0,9.7232723,2.2849925,0.79992509,0,42.531179
1984.1667,165.42348,0,1.1304812e-06,-2.0934012e-05,0,0,9.2050323,2.2833076,0.83647197,0,42.433275
1984.25,164.87065,9.9280253,1.1374894e-06,-2.2621566e-05,-0.00011424832,0,8.5566015,2.27859,0.87093329,905.85684,80.971824
1984.3333,164.42689,75.823642,1.1576141e-06,0.018201124,0.47622857,0,7.8494773,2.2749834,0.90047354,62.316481,0.53989156
1984.4167,160.84249,86.300686,1.2024661e-06,0.35947264,8.4525172,0.16557296,7.3569598,2.2617629,0.92089581,118.60851,88.418069
1984.5,161.21395,91.841102,1.1968557e-06,0.41020988,9.4967321,0.30960298,7.1615081,2.2372751,0.93231231,42.842881,81.998032
1984.5833,162.62983,91.943838,1.1633481e-06,0.30601535,7.1974811,0.25263022,7.2794957,2.2183919,0.94775766,28.010557,95.302968
1984.6667,163.71122,0,1.1197325e-06,0.83909056,0,0,8.2647285,2.2072849,0.97359616,0,42.140523
1984.75,163.21985,0,1.0936478e-06,0.22065498,0,0,9.299901,2.1972957,0.9965995,0,41.990549
1984.8333,162.72528,0,1.1135311e-06,0.0021633489,0,0,9.3803539,2.187901,1.0167321,0,41.905
1984.9167,162.23955,0,1.1323431e-06,7.5244554e-05,0,0,9.3653612,2.178968,1.034179,0,45.414711
1985,162.0232,0,1.1354737e-06,0.00018850906,0,0,9.2382326,2.1701672,1.0494052,0,41.868942
1985.0833,161.53353,0,1.135441e-06,0.00090142611,0,0,9.0918884,2.1619284,1.0617551,0,41.775509
1985.1667,160.83856,0,1.1376029e-06,2.3820085e-08,0,0,8.8314762,2.1532886,1.0722072,0,41.397281
1985.25,160.34544,17.249953,1.1418945e-06,-0.0015206843,-0.00018821882,0,8.4676399,2.1437533,1.0814086,899.53541,57.238254
1985.3333,157.75095,74.73366,1.1699861e-06,0.0014914352,0.39207715,0,8.0183258,2.1343155,1.0868479,53.244881,0.080421263
1985.4167,149.98047,85.224725,1.2371974e-06,0.23750933,5.2999709,0.078483076,7.7700953,2.1176879,1.0658526,137.69193,74.222611
1985.5,150.30341,91.962822,1.2565034e-06,0.46605222,10.675944,0.27612802,7.6602135,2.0947464,1.0178039,48.643682,75.588982
1985.5833,153.32244,96.016034,1.2191998e-06,0.38112433,7.8117866,0.25865838,7.463099,2.0786898,0.9633553,29.326368,89.500108
1985.6667,157.39475,58.587939,1.1568809e-06,0.39561833,3.3400019,0.11015321,7.5356717,2.0751028,0.92319447,9.8991719,77.53567
1985.75,158.06493,0,1.1285755e-06,0.19704924,0,0,7.9558496,2.0778623,0.89428318,0,41.562282
1985.8333,157.73773,0,1.1286993e-06,0.0020075622,0,0,8.0380373,2.0802548,0.86811262,0,41.304807
1985.9167,157.40281,0,1.1368113e-06,7.8160683e-05,0,0,8.0452213,2.0821376,0.84453011,0,45.407558
1986,157.37456,0,1.1432576e-06,2.2007209e-10,0,0,7.8309789,2.0835686,0.82293332,0,40.520721
1986.0833,156.97636,0,1.1568759e-06,8.3122535e-07,0,0,7.4536576,2.0844769,0.80437928,0,40.387987
1986.1667,156.80024,0,1.1731186e-06,5.866624e-07,0,0,6.8289752,2.085825,0.7876296,0,42.863653
1986.25,156.56133,13.801261,1.1893076e-06,1.3849314e-06,0.046636987,0,6.279923,2.0876157,0.77197772,1009.1997,51.150292
1986.3333,155.78474,86.231664,1.2084502e-06,0.0002052923,1.0385929,0,5.5964661,2.090672,0.75589967,50.963895,38.551961
1986.4167,153.68722,90.582997,1.2321135e-06,0.33715874,6.6635639,0.095505226,5.0041981,2.0856571,0.72274947,75.975094,82.885271
1986.5,153.10185,97.160012,1.1842748e-06,0.58880239,10.482327,0.28864639,4.8969994,2.0710819,0.67173594,63.557797,74.863127
1986.5833,156.19986,100.79995,1.1551072e-06,0.46009228,7.6121778,0.25609123,5.4507594,2.0497961,0.62252289,26.257428,103.49075
1986.6667,162.01812,88.917829,1.1032757e-06,0.29212269,4.1461119,0.14600998,6.0778885,2.0294771,0.59662408,12.295785,109.60766
1986.75,164.30062,0,1.0799904e-06,0.11926655,0,0,6.6147323,2.0139964,0.59682888,0,44.366879
1986.8333,164.03978,0,1.1126949e-06,0.0093792442,0,0,7.0647974,1.9970101,0.60135245,0,43.683431
1986.9167,163.74569,0,1.1401107e-06,0.00057284773,0,0,7.5309062,1.9788181,0.60639244,0,48.30507
1987,163.80584,0,1.1439208e-06,7.6274239e-06,0,0,7.9494576,1.9603708,0.61170173,0,42.738941
1987.0833,163.44678,0,1.1434702e-06,5.029422e-06,0,0,8.3369598,1.9432862,0.61672831,0,42.926426
1987.1667,163.09233,0,1.1493366e-06,4.0161089e-06,0,0,8.684269,1.9269708,0.62160242,0,42.579717
1987.25,163.0563,12.48128,1.1595274e-06,-3.8390776e-05,0.054384081,0,8.8339443,1.9125302,0.62657613,1139.3939,74.973387
1987.3333,164.97469,94.29013,1.1651675e-06,0.028620182,0.88193005,0,8.4258871,1.9010081,0.63730967,16.842612,47.761817
1987.4167,167.9126,99.324845,1.1596364e-06,0.64102774,9.5384791,0.17886693,8.0513678,1.8912042,0.66368186,75.211616,128.04795
1987.5,176.67416,102.9114,1.0963178e-06,0.74161326,9.9301051,0.32488743,8.0373783,1.8978938,0.7141009,25.640137,177.17119
1987.5833,189.07461,105.03891,1.0073584e-06,0.62927265,8.1138224,0.30607494,8.9142294,1.9403872,0.81647098,18.739518,217.00232
1987.6667,200.83007,42.485606,9.60036e-07,0.61858545,2.4178943,0.093069734,9.8789644,2.0228028,1.0079347,4.3554482,121.15313
1987.75,201.46742,0,9.4173856e-07,0.4342136,0,0,10.436629,2.1037986,1.2473781,0,49.330137
1987.8333,200.51385,0,9.5030646e-07,0.0059599963,0,0,10.755846,2.1644084,1.4740708,0,45.084124
1987.9167,199.45781,0,9.7730629e-07,0.0003886193,0,0,11.09572,2.2107823,1.6842102,0,50.241325
1988,198.73659,0,9.9343367e-07,0.00086575607,0,0,11.38488,2.2475417,1.8802545,0,45.029044
1988.0833,197.53817,0,9.9608064e-07,0.00027419444,0,0,11.606874,2.2753241,2.050616,0,44.947704
1988.1667,196.25136,0,9.9845249e-07,6.1070893e-07,0,0,11.729701,2.2976074,2.2053306,0,44.879623
1988.25,194.85494,0,1.0042512e-06,9.3512758e-06,0,0,11.757061,2.3161557,2.3500993,0,44.812642
1988.3333,196.4529,48.343368,1.0102837e-06,0.097159778,0.98747734,0.0050059024,11.41925,2.3292992,2.4803233,1082.5675,106.99945
1988.4167,198.62986,97.077496,1.0076791e-06,0.94749629,10.212698,0.20759539,10.85777,2.3489373,2.5961037,91.475065,96.980869
1988.5,204.7333,100.74079,9.64077e-07,1.0375311,10.690856,0.352493,10.622964,2.3956833,2.6988914,27.050443,208.86689
1988.5833,217.08015,102.45118,8.8284122e-07,0.73272823,7.3094071,0.29863327,11.666596,2.48313,2.8192894,15.286875,175.85713
1988.6667,224.36392,44.796597,8.4589652e-07,0.6814818,2.8199596,0.11258287,12.299503,2.6134164,2.9921081,6.1610828,103.16196
1988.75,223.9034,0,8.2896133e-07,0.14604561,0,0,12.261888,2.7327244,3.2064788,0,48.728936
1988.8333,222.34939,0,8.2707891e-07,4.2750458e-06,0,0,12.08261,2.8200779,3.4196811,0,48.660761
1988.9167,220.03263,0,8.1122693e-07,0,0,0,12.099869,2.880671,3.6252832,0,54.037924
1989,218.00774,0,8.3418024e-07,0.00028848948,0,0,12.159618,2.9124196,3.8249166,0,48.35706
1989.0833,215.19668,0,8.350591e-07,-1.9474242e-08,0,0,11.977718,2.9183486,4.0026808,0,60.44829
1989.1667,212.71738,0,8.5400103e-07,-4.1985853e-07,0,0,11.402545,2.9089477,4.166028,0,45.601731
1989.25,210.26447,37.892383,8.6843022e-07,-1.990026e-07,-9.8726964e-06,0,11.008142,2.8903601,4.3176618,1065.2122,76.710059
1989.3333,205.5576,87.236598,9.0596399e-07,0.00060630862,0.187869,0,10.144383,2.8619146,4.4299231,0.92950628,2.6444283
1989.4167,197.8758,88.764921,9.5373809e-07,0.30978007,4.5498626,0.047630119,9.7690535,2.821708,4.46175,64.523287,65.022937
1989.5,187.98807,94.50344,9.8883891e-07,0.5949762,8.3624408,0.15967526,10.71788,2.7654831,4.3713999,40.711316,80.603526
1989.5833,179.42858,96.969388,1.0076602e-06,0.55342558,7.5326582,0.20322584,12.360785,2.7150404,4.1644688,20.995169,87.355021
1989.6667,175.70783,75.567096,9.8683608e-07,0.50521865,4.6385292,0.13346097,14.347878,2.6764462,3.8978424,16.571947,81.148942
1989.75,176.00162,0,9.6675535e-07,0.33364711,0,0,15.98025,2.6439493,3.6352937,0,46.639116
1989.8333,175.63866,0,9.7344662e-07,0.00062507645,0,0,16.974316,2.612705,3.3962762,0,46.573671
1989.9167,175.29437,0,9.9274052e-07,0.00090803837,0,0,17.874374,2.5833232,3.1792154,0,52.432239
1990,175.58853,0,9.9980571e-07,1.286402e-07,0,0,18.585726,2.5554433,2.9782877,0,48.83601
1990.0833,175.23123,0,1.0093692e-06,2.0614534e-07,0,0,19.370752,2.5312934,2.8035383,0,46.604338
1990.1667,174.86191,0,1.0148628e-06,1.9439159e-08,0,0,20.079901,2.5100982,2.6436117,0,46.467042
1990.25,174.35086,14.326944,1.0202878e-06,0,0.05249751,0,20.721643,2.489434,2.4914384,1046.7928,39.573517
1990.3333,171.29031,89.197159,1.0391634e-06,0.02729459,1.1884837,0,21.248201,2.471596,2.3484497,84.527719,25.636293
1990.4167,171.21752,98.875798,1.0523186e-06,0.66749565,9.3596665,0.11645577,21.859541,2.4467928,2.2089746,102.94896,97.262036
1990.5,173.99652,102.73422,1.0093509e-06,0.78691467,10.27344,0.22204765,24.939579,2.4194353,2.0762477,19.197065,85.388237
1990.5833,177.80246,104.2915,9.6390011e-07,0.63280784,8.0485946,0.23351152,28.959715,2.3905768,1.9583299,14.250771,94.491908
1990.6667,181.48647,45.586064,9.1747773e-07,0.58342098,2.6263475,0.079878903,31.54845,2.3658035,1.8724002,5.4147146,71.974533
1990.75,181.67984,0,8.9807162e-07,0.21344259,0,0,33.356918,2.3410225,1.8050898,0,48.874334
1990.8333,181.39322,0,9.1788218e-07,0.0096459702,0,0,34.694286,2.3188279,1.7427995,0,48.763924
1990.9167,181.12072,0,9.4735066e-07,1.1858816e-05,0,0,35.807529,2.2992916,1.6849291,0,55.651017
1991,181.39312,0,9.690159e-07,7.172452e-08,0,0,35.950001,2.2809925,1.6300657,0,48.64024
1991.0833,181.09331,0,9.8442206e-07,2.9403076e-08,0,0,34.842117,2.2655196,1.5811704,0,48.468279
1991.1667,180.79291,0,9.9959345e-07,0,0,0,33.383492,2.2527835,1.535184,0,48.338808
1991.25,180.37432,35.713594,1.017063e-06,0,0.23647254,0,27.342842,2.2411394,1.4906353,1101.8771,41.59492
1991.3333,177.84388,94.371967,1.0615863e-06,0.017054626,1.4487519,0,13.742731,2.2344615,1.4486516,92.795892,48.53191
1991.4167,178.14313,101.4648,1.0918511e-06,0.34614564,8.056891,0.079762107,12.893051,2.2201338,1.40615,77.958124,135.38557
1991.5,184.77811,105.2872,1.0201204e-06,0.50070803,11.468554,0.19432337,12.718596,2.2001383,1.3717245,26.719352,158.8658
1991.5833,195.28478,107.05747,9.553678e-07,0.39149517,8.791395,0.19968782,12.375935,2.1874757,1.3653661,15.388387,198.04703
1991.6667,205.0532,97.176924,9.1377296e-07,0.2987728,5.5780483,0.13584507,12.603742,2.1836493,1.4156281,7.5188702,135.70696
1991.75,207.23721,0,8.8944705e-07,0.18995035,0,0,12.891787,2.1842186,1.5284691,0,49.184918
1991.8333,206.36082,0,9.1148587e-07,0.0025510793,0,0,12.707232,2.182451,1.6443955,0,49.018489
1991.9167,205.51006,0,9.0838216e-07,3.4352263e-06,0,0,12.418121,2.1794341,1.7501934,0,54.989017
1992,205.08349,0,9.0478113e-07,0.00027912495,0,0,12.008665,2.1760008,1.8480997,0,48.955078
1992.0833,203.90084,0,9.0454e-07,4.381548e-06,0,0,11.51942,2.1724002,1.9329643,0,48.866736
1992.1667,202.5477,0,9.1500436e-07,9.3499632e-07,0,0,10.949814,2.1674013,2.0105202,0,48.775404
1992.25,203.69656,43.189298,9.2570701e-07,0.00074248605,0.18751842,0,10.258012,2.162667,2.0837066,1127.0477,109.42123
1992.3333,202.66858,93.626603,9.4066689e-07,0.049809966,1.1233683,0.00084761443,9.6779318,2.1603305,2.1669588,52.224313,43.070245
1992.4167,203.10548,101.69704,9.4754085e-07,0.55054236,11.14338,0.15057398,9.1760349,2.159497,2.2516863,80.927057,108.14353
1992.5,207.14609,105.12067,9.2686662e-07,0.55030543,11.220083,0.25692654,9.3718319,2.171593,2.3157542,24.361109,131.79198
1992.5833,214.02922,106.77093,8.8808304e-07,0.38989835,7.6717927,0.21086887,9.8912992,2.2009075,2.3751881,13.841901,131.33496
1992.6667,218.61589,57.424407,8.6895466e-07,0.30743368,3.0376999,0.082572391,10.165827,2.2488952,2.4532988,6.3075673,90.947812
1992.75,218.27386,0,8.7910547e-07,0.097611116,0,0,10.072692,2.2929425,2.5893667,0,51.097298
1992.8333,217.00916,0,9.0038191e-07,0.0013910355,0,0,9.717989,2.3252425,2.7251449,0,50.96901
1992.9167,215.52801,0,9.109088e-07,2.0739222e-06,0,0,9.2906399,2.3492596,2.8488564,0,55.956098
1993,214.1076,0,9.1330435e-07,0.00172942,0,0,8.773078,2.3651819,2.96299,0,50.88419
1993.0833,212.16616,0,9.1387238e-07,0.00023962974,0,0,8.137167,2.3757081,3.0599515,0,50.787816
1993.1667,210.18092,0,9.2541399e-07,0.00012092278,0,0,7.4843817,2.3810396,3.1455472,0,50.693676
1993.25,208.39477,21.137655,9.3577063e-07,-0.00022635771,0.19888871,0,6.6248379,2.3840468,3.2209575,1118.3748,56.540178
1993.3333,206.21511,96.374981,9.5030259e-07,0.039868516,1.6199402,0.00018325061,5.8208699,2.3871679,3.2408285,85.914908,53.126376
1993.4167,206.49993,102.83115,9.5269803e-07,0.59234257,11.377613,0.16588828,5.1250696,2.3812284,3.191972,65.773902,98.029324
1993.5,207.46605,105.82466,9.3760207e-07,0.5962163,10.707597,0.27499954,4.8609319,2.3741736,3.0743911,21.067007,118.745
1993.5833,211.17157,107.28679,9.0590652e-07,0.46108505,8.003344,0.23812606,5.0823655,2.3741102,2.8907382,14.502439,129.04733
1993.6667,214.10792,75.859375,8.8331149e-07,0.39035399,4.1050432,0.12513769,5.527667,2.3834105,2.6741045,8.7387642,105.29085
1993.75,214.51738,0,8.5569138e-07,0.30695891,0,0,5.8210278,2.3919384,2.4892597,0,54.019668
1993.8333,213.83707,0,8.6540507e-07,0.035140595,0,0,6.111618,2.3944657,2.3370245,0,53.737423
1993.9167,213.00197,0,8.7560841e-07,1.8654259e-09,0,0,6.5816231,2.3939281,2.2013695,0,59.553223
1994,212.35414,0,8.843399e-07,1.5127138e-10,0,0,7.0677967,2.3908648,2.0773854,0,53.629411
1994.0833,211.13773,0,8.9589651e-07,9.7349545e-08,0,0,7.5674696,2.3858554,1.9706891,0,53.503588
1994.1667,209.92006,0,9.114446e-07,0,0,0,8.0505705,2.3803778,1.8745939,0,53.417595
1994.25,208.72071,0,9.2440416e-07,0,0,0,8.5843563,2.373533,1.7842838,0,53.309947
1994.3333,207.04249,46.245288,9.3847706e-07,0.032462859,0.9465247,0,9.124567,2.365773,1.6978515,1093.3111,32.02052
1994.4167,204.95895,104.16666,9.5193138e-07,0.49250959,8.8177519,0.11428545,9.8735523,2.3545489,1.5923774,182.17729,87.623976
1994.5,207.26876,109.33349,8.9344229e-07,0.60491865,10.219783,0.2338023,11.497285,2.3390954,1.4779198,26.16857,101.71285
1994.5833,211.7212,110.92371,8.6827373e-07,0.38482064,5.8797581,0.20109049,12.556031,2.3251307,1.369625,12.459452,112.0645
1994.6667,215.96813,70.875198,8.1431364e-07,0.49834993,3.6985812,0.12392604,14.712538,2.3208222,1.2831109,7.8288191,96.061069
1994.75,216.54125,0,7.7294783e-07,0.17893344,0,0,16.505224,2.3195326,1.2220489,0,55.99132
1994.8333,216.0013,0,7.9410671e-07,0.0041764973,0,0,17.607252,2.314229,1.1722726,0,55.892908
1994.9167,215.46827,0,7.929666e-07,2.7587726e-06,0,0,18.594988,2.3057029,1.1294097,0,62.96059
1995,215.36382,0,7.8231443e-07,5.8916603e-09,0,0,19.428024,2.2960331,1.0913049,0,55.791275
1995.0833,214.58282,0,7.8227026e-07,0,0,0,19.964272,2.2866597,1.059108,0,55.374906
1995.1667,213.73594,0,7.8361273e-07,0,0,0,19.606926,2.2773609,1.0302321,0,55.273465
1995.25,212.59697,40.812247,7.8662862e-07,0,0.15961516,0,18.862068,2.2694817,1.0028355,1147.2786,36.261645
1995.3333,206.99514,97.257555,8.0233167e-07,0.021271887,0.90178924,0,18.212473,2.2601531,0.96783942,92.227893,5.6996208
1995.4167,201.09782,108.14373,8.241534e-07,0.57900141,7.8733445,0.11996619,17.920872,2.2379696,0.91937184,110.07427,106.2938
1995.5,203.14911,112.64861,8.0954425e-07,0.82319953,10.211406,0.26457746,19.214903,2.2108092,0.86350942,23.35837,102.65796
1995.5833,207.21167,114.48487,7.894464e-07,0.70072869,8.0260961,0.28363755,19.939503,2.2003644,0.81456125,15.934457,111.67818
1995.6667,211.92406,115.98355,7.8291549e-07,0.51623521,5.6797067,0.2157994,19.365993,2.2157948,0.80061519,14.905728,114.34327
1995.75,214.78823,15.067612,7.6919827e-07,0.23058588,0.62430708,0.025099208,19.89109,2.2543349,0.84626985,1.3884711,65.975739
1995.8333,214.40196,0,7.7235421e-07,0.025865829,0,0,19.681669,2.2819264,0.91344911,0,56.06523
1995.9167,213.71859,0,7.5549423e-07,1.0067018e-09,0,0,19.359934,2.29986,0.98177117,0,60.365872
1996,212.69323,0,7.6579585e-07,4.273509e-09,0,0,18.851154,2.3119578,1.0500569,0,55.70099
1996.0833,211.49647,0,7.7191976e-07,8.542664e-08,0,0,18.481085,2.3191059,1.1136866,0,55.445465
1996.1667,210.88175,0,7.7554296e-07,6.0033658e-06,0,0,18.148994,2.3236485,1.1741455,0,55.269047
1996.25,210.38954,0,7.7717414e-07,1.0521403e-05,0,0,17.735693,2.3265765,1.2323999,0,55.182438
1996.3333,212.62287,102.94807,7.7486146e-07,0.15689091,3.2119215,0.0042148337,16.903511,2.3326695,1.2978148,1311.84,101.69434
1996.4167,215.24589,112.72529,7.678114e-07,0.88318419,10.279228,0.23646484,17.003448,2.3562624,1.4157786,25.242718,100.97641
1996.5,220.6376,114.53809,7.3469158e-07,0.93222945,10.203824,0.38243894,19.211348,2.410979,1.6014376,15.777087,136.21787
1996.5833,227.88069,115.9052,7.0946237e-07,0.70391764,7.5136614,0.30591126,21.186815,2.5159769,1.8747138,13.347414,148.91758
1996.6667,234.9758,58.382284,6.869908e-07,0.53349012,3.5975873,0.14655707,21.594076,2.67768,2.248436,4.9378132,113.66997
1996.75,235.54465,0,6.9056733e-07,0.18096224,0,0,21.957479,2.829212,2.6643667,0,59.968276
1996.8333,234.8592,0,7.0600942e-07,0.0068892566,0,0,21.860739,2.9531105,3.0564914,0,59.257252
1996.9167,234.16086,0,7.0182494e-07,3.1443071e-10,0,0,21.649916,3.0594857,3.4170096,0,64.688089
1997,233.81352,0,7.1822689e-07,2.0583572e-09,0,0,21.332344,3.1560335,3.7427499,0,59.107597
1997.0833,232.94775,0,7.3341761e-07,-1.798733e-06,0,0,21.075253,3.2353342,4.022634,0,59.011244
1997.1667,231.78841,0,7.3736413e-07,-1.6569792e-05,0,0,20.048395,3.2992651,4.2756624,0,58.966709
1997.25,230.91313,46.94837,7.4469176e-07,-0.0016448138,0.0053813973,0,18.536224,3.3382547,4.5202513,1225.168,74.838087
1997.3333,228.20301,103.71063,7.6718186e-07,0.12936292,1.9612815,0.014528677,17.174126,3.3575215,4.7482076,109.37392,48.243372
1997.4167,230.22693,111.74665,7.697268e-07,0.95661261,11.410415,0.28123337,16.437618,3.3581984,4.9095716,41.674804,123.16782
1997.5,235.46956,113.73363,7.253222e-07,0.91448618,10.190333,0.3953821,16.784534,3.3595252,4.9872622,13.069375,143.0431
1997.5833,242.27332,114.63931,6.703184e-07,0.68236737,7.2639435,0.3169418,17.31525,3.3872235,5.004108,9.2828952,140.03114
1997.6667,248.57321,115.36227,6.5580093e-07,0.47345911,5.0717644,0.22521928,17.375542,3.4439924,4.9884572,8.5499944,138.21476
1997.75,252.20543,22.406131,6.4410119e-07,0.18707647,0.75641476,0.032396674,17.049513,3.521291,4.9672256,1.5820588,76.176623
1997.8333,251.16149,0,6.7854353e-07,0.0050491275,0,0,16.424458,3.5710545,4.9565215,0,61.22207
1997.9167,249.96197,0,6.9990762e-07,4.7184969e-26,0,0,16.166626,3.6039338,4.9604626,0,66.968595
1998,249.04248,0,7.0510197e-07,0,0,0,15.827843,3.6256669,4.9715638,0,61.765274
1998.0833,247.51551,0,7.1165903e-07,2.5210288e-09,0,0,15.35786,3.6373239,4.9838028,0,61.086181
1998.1667,245.79123,0,7.2999848e-07,1.5449377e-09,0,0,15.056266,3.6408796,4.9943647,0,60.995213
1998.25,244.00604,6.4267409,7.6369946e-07,0,0.0060061624,0,11.132335,3.6319613,5.0056601,1172.8111,68.424982
1998.3333,240.3608,97.443216,7.7932532e-07,9.7886852e-07,0.59791878,0,10.695732,3.6175563,5.0147872,42.263425,7.0533114
1998.4167,234.6115,105.60745,7.9903612e-07,0.34439113,5.0538189,0.085634731,10.402034,3.5828607,4.9622045,134.68111,89.213703
1998.5,234.35546,112.67363,7.9379026e-07,0.92430097,10.754008,0.32173365,10.890753,3.5152433,4.7971778,34.269,107.65185
1998.5833,233.91095,115.04032,7.4772242e-07,0.67141262,6.0883834,0.25669596,12.086094,3.429204,4.5089388,24.419738,107.52486
1998.6667,235.1682,108.76254,7.34465e-07,0.60739608,5.20938,0.22063674,13.514138,3.3404825,4.1579247,12.143526,108.55425
1998.75,235.52647,0,7.1756017e-07,0.36085256,0,0,14.793243,3.2543151,3.8172944,0,61.377187
1998.8333,234.9325,0,7.1595349e-07,0.056911161,0,0,15.531849,3.1721761,3.5103488,0,61.216545
1998.9167,234.30724,0,7.233225e-07,0.0003628059,0,0,16.142464,3.0966694,3.2344971,0,66.099807
1999,234.00985,0,7.4151802e-07,7.2150008e-07,0,0,16.750561,3.0269742,2.9817309,0,61.087308
1999.0833,233.24065,0,7.6542671e-07,0,0,0,16.990673,2.9675217,2.7647312,0,61.022067
1999.1667,232.42338,0,7.7870385e-07,0,0,0,17.154894,2.913959,2.5684898,0,60.891458
1999.25,231.55595,0,7.9002837e-07,0,0,0,17.332624,2.8624027,2.3841884,0,60.385745
1999.3333,229.14131,63.262813,8.0140035e-07,0.011159001,0.91033147,0,17.473507,2.8167491,2.2112904,1180.9322,24.709621
1999.4167,224.36181,109.43764,8.1587768e-07,0.49946629,5.5527221,0.066990548,17.696241,2.7690401,2.0295792,187.91644,84.024519
1999.5,226.04625,117.81666,7.6499742e-07,1.0303923,9.8363692,0.23597,19.474468,2.7106035,1.8575357,34.903694,97.594573
1999.5833,228.70667,119.63554,7.1116193e-07,0.84596734,7.7812895,0.25610985,22.100147,2.650116,1.6961777,13.355973,106.67689
1999.6667,232.39495,112.59194,6.925199e-07,0.58094558,5.0653684,0.19001755,25.481741,2.5959537,1.5552197,8.9188615,109.54634
1999.75,233.91847,0,6.9231425e-07,0.17545741,0,0,28.304708,2.5484045,1.4352293,0,63.12264
1999.8333,233.54983,0,7.1051875e-07,1.3378278e-06,0,0,30.040791,2.5048046,1.3292836,0,62.564436
1999.9167,232.53304,0,6.9092459e-07,0,0,0,31.431324,2.4653387,1.2339242,0,67.914696
2000,231.52967,0,7.0415604e-07,-3.9396693e-12,0,0,32.654148,2.4321036,1.1472991,0,61.585928
2000.0833,230.09604,0,7.3040064e-07,-2.6613764e-08,0,0,33.726295,2.4062116,1.0734452,0,61.114982
2000.1667,228.62026,0,7.3926901e-07,-2.2110242e-06,0,0,34.924847,2.3855479,1.007386,0,60.562843
2000.25,227.27504,64.387761,7.4831081e-07,-0.0017213554,-0.00063202583,0,35.906227,2.369009,0.94569594,1386.215,66.450957
2000.3333,223.70051,113.55667,7.7189213e-07,0.0013183526,0.094218981,0,37.03878,2.3560684,0.89257812,1.6785256,6.4834181
2000.4167,220.59754,115.62081,8.0002695e-07,0.42291725,6.2955752,0.068874859,38.516777,2.3384078,0.85609573,58.905123,110.06891
2000.5,224.04155,119.48065,7.8958203e-07,0.77091183,10.255328,0.18337625,43.064903,2.3139205,0.83626431,20.357601,104.66191
2000.5833,227.11755,120.94913,7.6778468e-07,0.60274921,7.7169242,0.18390639,50.134029,2.2944031,0.83374858,12.598178,107.40642
2000.6667,230.16067,52.760113,7.4312493e-07,0.58809927,2.8460741,0.071387819,56.533001,2.2847755,0.84943646,4.2396263,82.686942
2000.75,230.13987,0,7.407603e-07,0.12329588,0,0,61.672165,2.2775023,0.87450016,0,61.139882
2000.8333,229.7204,0,7.3838351e-07,0.00052834421,0,0,64.493507,2.2686069,0.90002203,0,61.051218
2000.9167,229.3072,0,7.3834656e-07,0,0,0,67.17775,2.2591875,0.92479074,0,65.653026
2001,229.23692,0,6.0008836e-07,0,0,0,69.661095,2.2485728,0.95068812,0,61.085439
2001.0833,228.78075,0,5.9740933e-07,0,0,0,71.741119,2.2359109,0.97930849,0,60.889253
2001.1667,228.31199,0,6.0164052e-07,0,0,0,73.261452,2.2239895,1.0060208,0,60.822905
2001.25,227.55538,36.878761,6.0972809e-07,0,0.094043375,0,72.815155,2.2138245,1.0305893,1121.4489,42.936898
2001.3333,220.01724,92.43869,6.4238083e-07,0,0.48116221,0,60.58316,2.2053144,1.0501238,38.851773,4.056223
2001.4167,201.01592,100.58203,7.451473e-07,0.048272824,2.068693,0.0049385085,29.860277,2.1905301,1.0800116,212.96136,22.087684
2001.5,193.71255,115.00737,7.8135866e-07,0.30682575,9.854183,0.12600804,30.100737,2.1591668,1.1341915,91.125176,121.62441
2001.5833,194.13044,118.95662,7.7572906e-07,0.28340344,8.2510489,0.15597302,30.527195,2.127275,1.2351953,20.960627,90.880379
2001.6667,195.92863,88.0301,7.5924589e-07,0.28700534,4.8962358,0.10262582,30.762932,2.1071596,1.4096344,7.4591704,83.519275
2001.75,196.28358,0,7.5459423e-07,0.11257443,0,0,31.587013,2.0971737,1.6396638,0,52.180362
2001.8333,195.48759,0,7.593178e-07,0,0,0,31.33308,2.0862217,1.8545154,0,51.730476
2001.9167,193.97761,0,7.6740338e-07,-4.4256182e-14,0,0,30.394056,2.0657079,2.0378857,0,56.107546
2002,192.48192,0,9.0615396e-07,-5.7142637e-07,0,0,29.088863,2.0456603,2.2023606,0,51.020243
2002.0833,190.98797,0,9.2540523e-07,-6.9589885e-11,0,0,27.941977,2.0319955,2.3558822,0,50.660212
2002.1667,189.74656,0,9.4123391e-07,-6.0972915e-09,0,0,26.686579,2.0217309,2.4982727,0,50.312987
2002.25,190.36648,58.266975,9.4549677e-07,-3.3864529e-09,-7.8208921e-05,0,24.9375,2.0127621,2.6389737,1332.2364,94.31967
2002.3333,189.42395,109.19692,9.6570625e-07,0.0021344479,0.091990156,0,22.390289,2.0055366,2.8535044,1.6284122,8.4835723
2002.4167,187.58193,111.0125,1.0002053e-06,0.15803274,7.273561,0.055039165,20.074108,1.9973247,3.1474252,52.633824,93.847673
2002.5,190.55896,114.49163,9.9511828e-07,0.24459223,10.950825,0.14861662,19.798201,1.9908996,3.4051094,23.570293,104.9043
2002.5833,194.0995,115.83623,9.9267709e-07,0.18578014,8.3762133,0.12949,20.542547,1.9917561,3.6213861,13.134082,116.6941
2002.6667,197.97772,58.230523,9.6180781e-07,0.2454663,3.193025,0.054077865,20.746901,2.003731,3.798507,4.7949362,86.795712
2002.75,197.52781,0,9.4705291e-07,0.15295732,0,0,21.378923,2.0222652,3.9251776,0,42.525865
2002.8333,196.14476,0,9.4904772e-07,0.014269488,0,0,21.074219,2.039609,4.0284052,0,41.580786
2002.9167,194.6948,0,9.456474e-07,0.00088927503,0,0,20.608143,2.0554764,4.1130075,0,44.651677
2003,193.45991,0,8.0277931e-07,3.8450995e-05,0,0,19.97765,2.0699174,4.180562,0,41.095226
2003.0833,191.93965,0,8.0391328e-07,1.9815502e-07,0,0,19.197998,2.0817013,4.2283354,0,41.05695
2003.1667,189.78521,0,8.1754877e-07,-2.3078146e-09,0,0,18.011766,2.0914826,4.2603049,0,40.471095
2003.25,187.41709,0,8.3381798e-07,-2.346241e-09,0,0,16.453182,2.0998507,4.2781105,0,40.2896
2003.3333,186.32038,30.161975,8.4871783e-07,0.017429606,0.32429551,0,14.895033,2.1063325,4.2826853,1016.3252,58.607727
2003.4167,183.82971,97.190589,8.5884608e-07,0.21503422,10.036302,0.098257668,13.921087,2.1084716,4.2762465,185.82263,75.614043
2003.5,173.34279,104.01655,9.066265e-07,0.20720289,9.6325091,0.16792744,14.595796,2.109221,4.2041306,57.122309,101.11359
2003.5833,167.05371,109.26628,9.3351508e-07,0.17354906,8.2949336,0.15883267,15.624569,2.1160386,4.0447717,56.23486,127.30894
2003.6667,170.15532,67.352764,9.0145136e-07,0.1765166,3.6470322,0.074829133,15.59868,2.1347649,3.808223,23.313357,96.92875
2003.75,170.4631,0,8.8720805e-07,0.15707768,0,0,15.402107,2.1595156,3.5386105,0,41.806715
2003.8333,169.75428,0,8.7901839e-07,0.026169647,0,0,14.849167,2.1819992,3.2886288,0,41.748129
2003.9167,168.99517,0,8.8189512e-07,5.7441294e-06,0,0,14.376476,2.2021637,3.0602732,0,44.019063
2004,168.19641,0,1.056525e-06,2.5201152e-14,0,0,14.024657,2.2199597,2.8478251,0,41.486635
2004.0833,167.09484,0,1.0638356e-06,2.1970305e-09,0,0,13.578866,2.2342341,2.6621056,0,41.303761
2004.1667,165.96487,0,1.0655048e-06,0,0,0,12.821552,2.2453532,2.4912004,0,41.242913
2004.25,164.83875,0,1.072829e-06,-1.9552883e-06,0,0,11.684292,2.2537229,2.3282058,0,41.106142
2004.3333,163.51141,42.927597,1.0968943e-06,0.0071654101,0.40398215,0,8.0616446,2.259248,2.1765044,996.40234,31.078732
2004.4167,160.56554,97.757325,1.1299901e-06,0.18821872,10.128396,0.12852921,6.1295695,2.2589791,2.003078,224.44468,79.754912
2004.5,161.71256,106.99214,1.1465061e-06,0.23075985,11.435769,0.24730285,5.8688602,2.2531753,1.8172961,85.30836,98.919952
2004.5833,165.63745,112.79104,1.1244189e-06,0.17445222,8.4799491,0.21168121,5.8131599,2.2560015,1.6456858,53.555308,111.69219
2004.6667,170.79788,61.656967,1.0872765e-06,0.18220623,3.6755694,0.087644324,5.8705397,2.2662308,1.4957941,14.019428,87.411139
2004.75,171.36683,0,1.0647622e-06,0.13408848,0,0,6.120553,2.2766392,1.3633934,0,44.054796
2004.8333,170.92027,0,1.0697594e-06,0.0027672137,0,0,6.2047997,2.2854974,1.2438009,0,43.640689
2004.9167,170.34189,0,1.0801469e-06,1.4191559e-08,0,0,6.1903462,2.2931762,1.1357565,0,46.754197
2005,169.85461,0,1.0863816e-06,7.173704e-06,0,0,6.1271667,2.2995548,1.0365431,0,43.409623
2005.0833,169.05938,0,1.1034303e-06,0,0,0,5.9445181,2.3042133,0.95106554,0,42.919886
2005.1667,168.25563,0,1.1167114e-06,0,0,0,5.683682,2.3075635,0.87367022,0,42.823845
2005.25,167.45341,0,1.1281884e-06,0,0,0,5.3010101,2.3098555,0.80113226,0,42.739133
2005.3333,166.18596,60.961153,1.1418527e-06,0.014736833,1.1627883,0,4.8150353,2.3115282,0.73529208,1115.5846,29.811259
2005.4167,164.858,101.68014,1.1564737e-06,0.20995961,8.9175139,0.1127026,4.4256372,2.3079603,0.67326528,145.2165,86.958588
2005.5,167.03965,110.77774,1.1004221e-06,0.27382264,11.093746,0.24777479,4.3120012,2.2968614,0.61494112,90.070068,91.098448
2005.5833,171.33349,116.57726,1.0716212e-06,0.23139697,8.8309104,0.23464004,4.4745026,2.2856102,0.56407976,40.506569,110.95715
2005.6667,177.49096,118.42327,1.0095039e-06,0.13066231,5.0029314,0.13709216,4.6714664,2.2786641,0.52887595,14.158731,130.5175
2005.75,181.63486,11.512176,9.7878842e-07,0.080263412,0.55121432,0.011790271,4.9009576,2.2759402,0.51265866,0.79074942,59.800898
2005.8333,181.23062,0,9.9066744e-07,2.6830598e-05,0,0,5.13588,2.2740738,0.50414848,0,46.42348
2005.9167,180.75885,0,9.9840827e-07,2.8938103e-09,0,0,5.346046,2.2717483,0.49644122,0,49.810425
2006,180.55233,0,9.9878832e-07,1.6453618e-20,0,0,5.5116205,2.2690063,0.48931834,0,45.831988
2006.0833,180.02699,0,1.0071535e-06,0.00066737236,0,0,5.6161256,2.2664118,0.48313832,0,45.587408
2006.1667,179.49121,0,1.0175627e-06,8.0801228e-05,0,0,5.6749196,2.2639365,0.47749975,0,45.24636
2006.25,180.73843,39.198615,1.0181338e-06,-0.00036673321,0.049739141,0,5.2411551,2.2610636,0.47176942,1192.6674,95.972894
2006.3333,180.45819,98.222189,1.0281929e-06,0.010588552,0.65313609,0,4.6077671,2.2538085,0.46057627,6.2699775,20.156256
2006.4167,180.56333,103.6827,1.0386279e-06,0.25601314,8.7582236,0.11361266,4.4019361,2.2376893,0.44237718,117.52249,130.86413
2006.5,183.51871,113.24254,1.0279055e-06,0.31181762,9.9660888,0.23738072,4.5949459,2.2143092,0.42136928,89.647873,129.31523
2006.5833,192.6856,118.02867,9.7514976e-07,0.27138201,8.1731856,0.23287683,5.0843592,2.1866784,0.40799367,40.385592,205.00343
2006.6667,207.89777,112.48781,9.0884288e-07,0.18833588,5.2544686,0.15820301,5.5550966,2.1658859,0.41478658,16.526935,234.38223
2006.75,213.72031,0,8.6484278e-07,0.19334066,0,0,5.8670793,2.1556203,0.4463309,0,51.645526
2006.8333,212.83379,0,8.738208e-07,0.0060692271,0,0,6.1174011,2.1443346,0.48103824,0,50.126408
2006.9167,211.86724,0,8.8599552e-07,0,0,0,6.3049898,2.1313188,0.51371956,0,54.158466
2007,211.14404,0,9.0429302e-07,8.4885196e-21,0,0,6.4175148,2.1174574,0.54465389,0,49.620821
2007.0833,210.03218,0,9.1557951e-07,0,0,0,6.361589,2.1042755,0.57190371,0,49.321997
2007.1667,208.89007,0,9.2669683e-07,9.0798024e-09,0,0,6.1832871,2.0914302,0.5969891,0,49.18878
2007.25,207.59311,0,9.4346422e-07,0,0,0,5.6199651,2.079123,0.62083185,0,49.061329
2007.3333,208.72973,27.710868,9.5376868e-07,0.014235805,0.50170072,0,4.9196281,2.071161,0.64292884,1056.3978,135.96416
2007.4167,212.88086,105.42975,9.4890385e-07,0.33267026,8.5905632,0.11224133,4.7485585,2.0646417,0.6667456,280.2965,114.16256
2007.5,225.89023,115.01541,8.8444784e-07,0.46072307,11.128516,0.26327051,5.2704716,2.0702341,0.70363706,45.703298,288.66134
2007.5833,244.14125,117.66919,8.1541447e-07,0.39853575,9.1948798,0.29794957,6.5268126,2.1027067,0.77510023,21.468701,284.93169
2007.6667,260.77196,119.26481,7.5921633e-07,0.27311352,6.1807552,0.20762578,8.1526585,2.1697376,0.91109008,12.744348,227.49632
2007.75,265.96254,3.8667545,7.3418119e-07,0.13786837,0.2439252,0.0083430996,8.8987904,2.2635939,1.1170448,0.47930604,60.65435
2007.8333,263.90895,0,7.5835004e-07,0.0062078129,0,0,8.7622709,2.3431156,1.3213369,0,52.489683
2007.9167,261.84472,0,7.6505484e-07,0.0020565243,0,0,8.6261415,2.4073718,1.5111854,0,56.606375
2008,259.71252,0,7.549437e-07,0.00088422549,0,0,8.4369993,2.461201,1.6887825,0,52.362491
2008.0833,256.60199,0,7.4948912e-07,5.1677668e-05,0,0,8.1655254,2.503967,1.8433151,0,52.27229
2008.1667,252.85286,0,7.5761744e-07,3.6042402e-08,0,0,7.7772207,2.5386283,1.983832,0,51.99955
2008.25,249.82265,20.64959,7.7840076e-07,0,0.065993181,0,6.4946904,2.5601907,2.1192508,1076.6868,119.52211
2008.3333,247.28623,91.738693,7.885169e-07,0.032461648,1.1250684,0,6.1542473,2.5716281,2.2520304,74.940462,32.077579
2008.4167,242.70947,100.68262,8.0486257e-07,0.43095539,8.4268828,0.12007241,5.7112947,2.5810697,2.3589592,125.23828,108.95509
2008.5,245.39065,109.01516,7.9161106e-07,0.50792484,9.8055921,0.23612904,5.5580392,2.6031725,2.4330797,67.731135,166.02495
2008.5833,255.86388,111.89432,7.5594266e-07,0.44899891,8.4545382,0.26409608,6.0481825,2.6663923,2.4897158,23.323509,239.38582
2008.6667,268.86436,90.73399,6.9960339e-07,0.32761695,4.9940208,0.16484569,6.9713578,2.7924128,2.5470994,13.258686,203.37903
2008.75,271.12141,0,6.6744639e-07,0.070653454,0,0,7.4005666,2.9515128,2.6114593,0,57.793215
2008.8333,268.93774,0,6.6418625e-07,0.00073872293,0,0,7.7118173,3.0827258,2.6722333,0,56.389602
2008.9167,266.38794,0,6.4856795e-07,1.0548478e-08,0,0,8.1515722,3.1919267,2.729305,0,55.959746
2009,262.96526,0,6.4944817e-07,4.2666028e-06,0,0,8.6623135,3.2848322,2.7819874,0,52.293997
2009.0833,259.00334,0,6.5944897e-07,1.8488537e-07,0,0,9.1847868,3.3590891,2.8274629,0,52.089461
2009.1667,254.78223,0,6.7196896e-07,0,0,0,9.7856846,3.4218385,2.8666716,0,51.554999
2009.25,251.35282,75.693756,6.7720777e-07,0,0.21858622,0,10.21511,3.4880743,2.9017124,1152.2829,56.716282
2009.3333,244.23927,95.390931,6.9451232e-07,0.022347127,1.3472036,-6.1766187e-05,10.373433,3.5658681,2.9057233,22.825989,58.758619
2009.4167,239.07617,101.96252,7.0474721e-07,0.6340299,10.134233,0.15231648,10.052156,3.60834,2.8325171,116.70942,189.7447
2009.5,250.78553,108.04991,6.5691887e-07,0.72463039,11.124552,0.28087997,11.246827,3.6540849,2.6867275,37.170423,322.83929
2009.5833,268.35674,109.96465,6.0616304e-07,0.54032438,8.200065,0.26193316,13.573377,3.759227,2.5019393,17.979242,270.79267
2009.6667,280.56875,96.37852,5.863692e-07,0.42447367,5.2468266,0.17415808,15.662119,3.9536042,2.3190663,11.409607,197.35523
2009.75,283.25209,0,5.7412524e-07,0.33965958,0,0,17.080721,4.1945004,2.1598277,0,54.705221
2009.8333,280.844,0,5.9328767e-07,0.00076741995,0,0,18.107948,4.4006653,2.0213335,0,53.791667
2009.9167,277.98519,0,6.0183396e-07,0.00082540152,0,0,19.221447,4.5802078,1.8984342,0,56.553805
2010,273.99427,0,6.2950397e-07,1.8567695e-06,0,0,20.390242,4.7338915,1.7867025,0,52.412975
2010.0833,268.78601,0,6.4471863e-07,0.0047557546,0,0,21.379902,4.8559484,1.6912252,0,53.206763
2010.1667,262.82665,0,6.5335564e-07,0.0001354928,0,0,21.347454,4.9510512,1.6045508,0,50.681184
2010.25,256.52447,0,6.6798532e-07,0.0025476912,0,0,20.740303,5.0267134,1.5228344,0,50.437822
2010.3333,250.25553,85.13429,6.8789905e-07,0.14550905,2.6294864,0.012094395,19.808134,5.0951757,1.4429626,1126.6252,59.315393
2010.4167,246.93625,100.22879,7.0080904e-07,0.79459138,10.703401,0.14700258,19.273312,5.127974,1.3590305,106.65909,96.01479
2010.5,253.42488,106.4949,6.6942061e-07,0.7216141,9.8159543,0.21330764,20.148518,5.1340313,1.2878858,36.9492,214.25428
2010.5833,266.6215,108.41244,6.1654174e-07,0.60798535,8.1604685,0.24072349,21.562017,5.1668186,1.2537044,17.87874,227.49492
2010.6667,275.88159,98.695509,5.975437e-07,0.43880253,5.2794479,0.16614413,22.595261,5.2553654,1.2905486,10.831407,174.31061
2010.75,277.99267,0,5.8368892e-07,0.23562669,0,0,22.899115,5.3822355,1.3995878,0,55.638801
2010.8333,275.74471,0,6.1058802e-07,0.01067851,0,0,22.798424,5.4890237,1.5121853,0,54.738044
2010.9167,272.58033,0,6.3034622e-07,7.1525575e-05,0,0,22.606619,5.5768476,1.6170927,0,58.232514
2011,268.20832,0,6.4726834e-07,0,0,0,22.499031,5.6456504,1.7164925,0,54.249967
2011.0833,262.64748,0,6.6306279e-07,0,0,0,22.341881,5.6898832,1.8042204,0,52.639653
2011.1667,256.84354,0,6.7568146e-07,0,0,0,21.521946,5.7204285,1.8855458,0,51.890932
2011.25,251.93262,12.409809,6.9832998e-07,0,0.067779305,0,15.591737,5.7358646,1.9625306,908.51607,93.47899
2011.3333,246.66598,77.06482,7.2060089e-07,0.017003338,0.88986828,0,10.969633,5.7456923,2.0450931,103.15093,3.7351066
2011.4167,235.72278,92.378713,7.4698255e-07,0.49584445,8.5485989,0.079223954,10.059011,5.6984372,2.1530693,182.58019,85.178256
2011.5,231.58801,100.5362,7.4210175e-07,0.48586394,8.9828246,0.13890224,9.5097485,5.576766,2.2940259,41.558938,121.98012
2011.5833,229.2899,102.16575,7.2090762e-07,0.40979441,7.6595968,0.15697765,9.2408247,5.4444594,2.4877763,14.065839,126.81487
2011.6667,229.62362,96.25002,7.1349109e-07,0.31226911,5.5238352,0.13412479,8.9811316,5.3385592,2.743957,10.125878,120.53902
2011.75,229.74597,0,7.0335216e-07,0.27875951,0,0,8.5933857,5.2581358,3.0223238,0,51.930611
2011.8333,228.38865,0,7.2789254e-07,0.0031684217,0,0,7.9305029,5.1850357,3.260973,0,50.605008
2011.9167,226.97873,0,7.6105647e-07,2.0672176e-05,0,0,7.7090707,5.1190958,3.475527,0,52.938074
2012,225.54013,0,7.6859163e-07,-1.0835133e-07,0,0,7.8575382,5.0576897,3.6712756,0,48.039651
2012.0833,223.69213,0,7.7348113e-07,0,0,0,7.8492332,5.0022216,3.8385718,0,46.010104
2012.1667,221.54489,0,7.8174088e-07,0,0,0,7.8138461,4.9483013,3.9883997,0,44.192569
2012.25,219.67821,12.70222,7.9134117e-07,0,0.062715928,0,7.3785653,4.8931475,4.1272893,928.03495,83.513947
2012.3333,215.3551,77.302568,8.0741688e-07,0.00054411845,0.63054923,0,6.9309525,4.8477783,4.2776408,42.203873,10.968644
2012.4167,198.35141,86.491011,8.6641649e-07,0.43553028,7.5982445,0.059351655,6.5886798,4.7675843,4.3882017,146.1486,86.008894
2012.5,187.62545,94.543397,9.1896857e-07,0.58444782,9.3218724,0.1241461,6.8879766,4.6345172,4.4042478,56.855388,104.82589
2012.5833,186.68933,98.126516,9.2640312e-07,0.42082831,6.6159307,0.1237725,7.3753128,4.5041041,4.3181868,35.361749,111.19953
2012.6667,190.14102,50.062362,9.153743e-07,0.55804168,3.142043,0.062284307,7.8276119,4.3940377,4.1730747,19.526821,87.347522
2012.75,190.38762,0,8.9860418e-07,0.2733878,0,0,8.6729622,4.2973013,4.0218272,0,49.763099
2012.8333,189.87827,0,8.9721908e-07,0.0003353935,0,0,8.7226601,4.2095881,3.879807,0,49.636688
2012.9167,189.19578,0,8.9295156e-07,3.2642894e-09,0,0,8.6293783,4.1303048,3.7462275,0,54.825046
2013,188.78219,0,9.0181851e-07,0.00021725399,0,0,8.4339523,4.0570683,3.6179974,0,48.593657
2013.0833,188.10707,0,8.9658954e-07,4.0568438e-06,0,0,8.2204742,3.9931524,3.5021851,0,48.046307
2013.1667,187.39036,0,8.9743259e-07,-3.5496993e-06,0,0,7.8084445,3.9341314,3.3917098,0,46.943625
2013.25,186.3257,30.413326,9.0183607e-07,-5.768191e-06,0.063275794,0,7.30513,3.8776822,3.2813938,925.71447,31.552798
2013.3333,181.66222,77.165656,9.3091319e-07,0.012037515,0.6320324,0,6.4254718,3.8193574,3.1482387,49.058868,3.4913526
2013.4167,173.90932,89.952029,9.720552e-07,0.59832389,8.6315871,0.06085388,6.3013468,3.7415972,2.9659243,188.9806,110.63345
2013.5,175.80333,98.124444,9.6773306e-07,0.66575238,9.6564485,0.11896434,6.4741964,3.6509442,2.7762418,55.154621,104.78752
2013.5833,179.27387,102.37164,9.4249657e-07,0.57509975,8.3667007,0.13624547,7.0138283,3.5694849,2.6012084,44.634147,105.23078
2013.6667,183.26819,73.543057,9.0754958e-07,0.5147294,4.385661,0.081474693,7.7494965,3.5202155,2.4577754,17.367706,91.229449
2013.75,184.05165,0,8.7825606e-07,0.37629785,0,0,8.7012815,3.4689662,2.3411014,0,47.600139
2013.8333,183.6182,0,8.8011961e-07,0.052731601,0,0,9.3690376,3.4168868,2.2340105,0,47.470097
2013.9167,183.13362,0,8.847e-07,0.0015892052,0,0,9.8858051,3.369678,2.1343436,0,51.695849
2014,182.81612,0,8.9436196e-07,0.00013380637,0,0,10.531015,3.3257968,2.0399487,0,46.996077
2014.0833,182.07674,0,9.0351011e-07,5.6725462e-05,0,0,11.27332,3.2872167,1.9560225,0,46.827911
2014.1667,181.31787,0,9.1336847e-07,2.4261053e-12,0,0,11.893325,3.2514269,1.8774991,0,46.434352
2014.25,180.50465,0,9.2501756e-07,5.4777819e-06,0,0,12.68616,3.2170231,1.8013818,0,45.270266
2014.3333,179.67761,30.943384,9.3782569e-07,0.060700015,0.42461951,0,12.744113,3.1872604,1.7298628,838.28314,36.154498
2014.4167,177.86691,89.531913,9.5331922e-07,0.67986784,8.9783658,0.073895598,12.471692,3.1709132,1.657954,318.5648,76.784627
2014.5,177.96396,101.38097,9.4640399e-07,0.70167557,9.1906291,0.14216015,12.733875,3.1466076,1.5883743,73.949272,85.148916
2014.5833,180.27103,104.90311,9.1338273e-07,0.66651839,8.4409628,0.1822884,13.464512,3.1143067,1.5376582,24.831344,113.91733
2014.6667,183.30006,17.674925,8.6898154e-07,0.99877672,1.2214052,0.025968304,14.365026,3.0869083,1.5171524,2.9377623,64.513512
2014.75,183.03859,0,8.3784261e-07,0.2589648,0,0,14.90474,3.0583465,1.5084652,0,48.209365
2014.8333,182.6396,0,8.4094069e-07,0.0072377356,0,0,15.060447,3.0303886,1.5006615,0,47.865904
2014.9167,182.1721,0,8.3831225e-07,0.0005412071,0,0,15.286897,3.0036874,1.4931487,0,54.398246
2015,182.13381,0,8.3686609e-07,0.00046897939,0,0,15.557673,2.9778738,1.4855095,0,47.583386
2015.0833,181.4238,0,8.3737723e-07,0.00091956872,0,0,15.774025,2.9545054,1.4781089,0,47.102293
2015.1667,180.6386,0,8.5464029e-07,0.00045381752,0,0,15.950731,2.9328659,1.4705756,0,46.560269
2015.25,179.84448,0,8.5823268e-07,-0.0001183499,0,0,16.033041,2.912734,1.4627208,0,45.049344
2015.3333,178.89997,80.363013,8.7394403e-07,0.19222799,2.4753063,0.015076861,15.870348,2.8929851,1.4506731,1145.7904,55.561222
2015.4167,182.52593,101.32065,8.6517372e-07,0.97761604,11.303316,0.15421109,15.900525,2.8655329,1.4214898,71.979666,153.3883
2015.5,193.13577,104.47542,8.2891995e-07,0.90743735,10.246317,0.24022189,17.099041,2.8392699,1.3781285,23.396568,210.72472
2015.5833,207.40619,106.05787,7.5948014e-07,0.69461255,7.8028076,0.20623825,17.351629,2.8237083,1.3422949,9.9333253,211.90666
2015.6667,218.60343,60.480256,7.1329748e-07,0.65831388,3.7735223,0.10006199,18.501814,2.8257563,1.3354909,4.4898969,144.25536
2015.75,219.60898,0,6.8987947e-07,0.33573271,0,0,19.334867,2.8347259,1.3524876,0,50.508372
2015.8333,218.52498,0,7.0578733e-07,0.015212194,0,0,20.243731,2.8402753,1.3712183,0,50.266796
2015.9167,217.32192,0,7.350057e-07,0.0003867935,0,0,21.378584,2.8436019,1.3894187,0,52.301311
2016,216.03906,0,7.5193947e-07,0.00036648264,0,0,22.436117,2.8450754,1.4069058,0,49.144416
2016.0833,214.39098,0,7.63581e-07,9.7859421e-05,0,0,23.129591,2.8447778,1.4223818,0,49.033785
2016.1667,212.642,0,7.7303787e-07,-7.7899784e-07,0,0,23.588316,2.8430498,1.4366215,0,48.914395
2016.25,210.74286,0,7.830306e-07,1.2335511e-06,0,0,23.528484,2.8407567,1.4507953,0,47.80811
2016.3333,211.14069,60.837775,8.0834565e-07,0.22303398,2.6947339,0.02159127,21.6528,2.8381722,1.4589653,1117.024,101.32445
2016.4167,213.86732,98.351263,8.0400332e-07,0.89194428,11.137131,0.19515712,21.851994,2.8312118,1.4459215,69.43734,161.75834
2016.5,223.75685,101.75653,7.5001492e-07,0.81600536,9.9386121,0.27461186,22.98818,2.8267679,1.4101034,22.823693,216.26316
2016.5833,238.29015,103.25001,6.9364643e-07,0.68307405,8.2003222,0.25076186,24.635921,2.8376865,1.3677443,12.965663,263.18555
2016.6667,251.63674,76.382071,6.4610771e-07,0.57423886,4.8118912,0.14505835,26.178547,2.8719471,1.3508749,7.1325269,172.19155
2016.75,253.05584,0,6.0291711e-07,0.38835598,0,0,26.818464,2.9163225,1.369351,0,52.991828
2016.8333,251.01805,0,5.9892579e-07,0.0098542772,0,0,26.940207,2.9511526,1.3955476,0,52.230093
2016.9167,248.72047,0,5.9789335e-07,6.2368691e-05,0,0,27.026262,2.9789975,1.4235495,0,53.30194
2017,245.92793,0,5.9182594e-07,0.0030621822,0,0,27.050419,3.0019116,1.4520501,0,48.722627
2017.0833,242.24606,0,5.9603082e-07,0.0017349858,0,0,26.709181,3.026159,1.4786549,0,49.532927
2017.1667,238.0352,0,6.0370706e-07,2.0335344e-05,0,0,25.960373,3.0681458,1.5051653,0,48.372381
2017.25,233.45634,0,6.1610058e-07,0.0022891928,0,0,24.897816,3.103544,1.5302063,0,48.267849
2017.3333,229.27791,58.104113,6.3213218e-07,0.16700333,1.6327902,0.012140114,23.354324,3.1283717,1.5525804,1039.8487,55.738841
2017.4167,227.38415,93.712382,6.3764446e-07,0.85920851,10.636027,0.21403142,22.407631,3.1331522,1.5580487,93.853723,99.678599
2017.5,231.72882,97.624339,6.0617646e-07,0.83459391,10.272371,0.33387199,22.100918,3.1248033,1.5458506,28.004761,169.50771
2017.5833,240.96861,99.097922,5.8263589e-07,0.63266921,7.7262611,0.27564461,22.337259,3.1205742,1.5352583,13.734846,189.16574
2017.6667,249.78438,80.101974,5.6616864e-07,0.53199552,4.5763058,0.16481473,22.705502,3.1276131,1.5482094,8.4787643,146.59314
2017.75,250.44921,0,5.5573543e-07,0.42123917,0,0,22.78171,3.1382527,1.5915115,0,51.520789
2017.8333,248.20468,0,5.5863512e-07,0.01667329,0,0,22.515104,3.1388032,1.6406623,0,51.455148
2017.9167,245.39013,0,5.8422279e-07,0.00057504505,0,0,22.20676,3.1329696,1.6899582,0,55.01146
2018,241.99547,0,5.9821917e-07,0.0005554595,0,0,21.791588,3.1219695,1.7397407,0,51.318507
2018.0833,238.01133,0,6.0538315e-07,5.513751e-05,0,0,21.126173,3.108851,1.7834187,0,51.207845
2018.1667,233.91449,0,6.1442631e-07,0,0,0,20.226767,3.0936642,1.8236809,0,50.712863
2018.25,229.61903,0,6.4905572e-07,0,0,0,11.242544,3.0732822,1.8625952,0,50.509082
2018.3333,225.76943,26.561474,6.9198092e-07,0.0035962329,0.38412032,0,6.7581668,3.0454988,1.8982003,775.36658,45.439759
2018.4167,220.21215,80.984697,7.0859903e-07,0.29473545,7.1208972,0.098100737,6.4231052,3.010469,1.9149667,304.17361,58.575464
2018.5,217.09329,93.0584,7.0864809e-07,0.38620665,10.671628,0.26007041,6.3543892,2.96401,1.8936121,35.551801,107.93065
2018.5833,215.23315,94.447918,7.2272513e-07,0.29726439,8.0691507,0.28129466,6.660677,2.9270141,1.8364358,10.07497,125.46334
2018.6667,215.54288,88.93621,7.1996897e-07,0.23264812,5.5988813,0.21401675,6.9933391,2.9068518,1.7710319,8.0768353,116.86068
2018.75,216.15703,0,7.0028818e-07,0.37643514,0,0,7.431313,2.9011688,1.7252455,0,49.172573
2018.8333,214.86427,0,7.0191084e-07,0.023150271,0,0,7.5088544,2.8980784,1.6874895,0,49.039223
2018.9167,213.52479,0,7.1408516e-07,0.0014131281,0,0,7.4575825,2.8947554,1.6531411,0,52.221078
2019,214.0003,0,7.1701999e-07,0.00054376091,0,0,7.1325641,2.8925183,1.6212738,0,81.048738
2019.0833,213.44866,0,7.1847467e-07,5.4996014e-05,0,0,6.7995439,2.8946598,1.5936505,0,46.888744
2019.1667,211.72154,0,7.2413565e-07,0,0,0,6.4660277,2.8951154,1.5686319,0,46.394791
2019.25,209.8497,0,7.3717479e-07,0,0,0,6.1797619,2.8933494,1.5451943,0,45.913352
2019.3333,208.28366,21.139145,7.6127975e-07,0.033318267,0.4553897,0,6.0420027,2.8891006,1.5237238,743.52937,54.591603
2019.4167,204.97397,83.498411,7.7351638e-07,0.45759363,10.211102,0.13681214,5.7741718,2.8733997,1.4924918,312.57119,78.054281
2019.5,198.74385,90.512313,7.7147985e-07,0.44725226,10.487755,0.23152201,5.9573283,2.8510091,1.4374768,35.696495,106.75116
2019.5833,193.87004,93.373902,7.926173e-07,0.3515188,8.2162433,0.23513592,6.4086475,2.8356459,1.3721702,31.811267,113.70909
2019.6667,196.54617,73.287971,7.8324399e-07,0.31330134,4.978496,0.15831785,6.859374,2.8365531,1.3209513,19.639741,100.95063
2019.75,197.47195,0,7.5631004e-07,0.31204415,0,0,7.4121528,2.8524401,1.2865162,0,50.871891
2019.8333,196.95228,0,7.5608654e-07,0.007133741,0,0,7.6748614,2.8680472,1.2564777,0,50.799223
2019.9167,196.38695,0,7.4672812e-07,1.2533451e-07,0,0,7.9238009,2.8808236,1.2291396,0,55.603663
