year,sminp_gPm2,labilep_gPm2,secondp_gPm2,occlp_gPm2,primp_gPm2,litr1p_gPm2,litr2p_gPm2,litr3p_gPm2,vegp_gPm2,storep_gPm2,totsomp_gPm2,p_uptake_gPm2yr,p_efflux_gPm2yr,sminp_leached_gPm2yr,total_inorganic_gPm2,total_ecosystem_gPm2
1901,44.730324,0.029263299,44.676109,0.25064233,0.031485662,732.59912,1505.6871,750.71558,0.96055812,0.84186083,15.936415,0.65716547,0.49485683,2.6326999e-10,89.717827,3096.4583
1901.0833,44.720833,0.029305436,44.666542,0.25068626,0.0314859,732.47791,1505.4568,750.60089,0.94184685,0.82751983,15.93821,0.63589579,0.47172219,2.818171e-10,89.698853,3095.942
1901.1667,44.7113,0.029322468,44.656979,0.25073019,0.031486139,732.36255,1505.2373,750.4917,0.91516727,0.80585855,15.939863,0.62565017,0.46243989,2.8444244e-10,89.679817,3095.4324
1901.25,44.70145,0.029339865,44.647095,0.25077558,0.031486385,732.24426,1505.0116,750.37927,0.88930261,0.77307326,15.941511,0.60111558,0.43078387,2.8831806e-10,89.660149,3094.8993
1901.3333,44.691429,0.029265119,44.637215,0.25082096,0.031486634,732.12915,1504.7914,750.26965,0.88039744,0.73483908,15.943119,0.5986082,0.4167676,2.8902805e-10,89.640221,3094.3884
1901.4167,44.681541,0.029261278,44.627335,0.25086635,0.03148688,732.02563,1504.5947,750.172,0.89385176,0.75656825,15.944748,0.61917043,0.43090424,2.8883579e-10,89.620491,3094.0083
1901.5,44.671673,0.029266557,44.617455,0.25091171,0.031487126,732.07007,1504.698,750.22382,0.91115981,0.76503009,15.946454,0.73986042,0.51869607,2.0147269e-10,89.600792,3094.2154
1901.5833,44.66156,0.029226007,44.607418,0.25095782,0.031487375,732.323,1505.2277,750.48895,0.93674821,0.75755221,15.948417,0.83148146,0.60573339,1.3304767e-10,89.58065,3095.2631
1901.6667,44.651711,0.029237535,44.597542,0.25100315,0.031487621,732.5332,1505.6726,750.71161,0.96148348,0.78561985,15.951117,0.71980375,0.49497414,1.1673219e-10,89.560974,3096.1767
1901.75,44.641872,0.02925658,44.587673,0.25104851,0.031487867,732.59857,1505.8289,750.79022,0.97432452,0.85496789,15.954292,0.86938399,0.59791374,1.4476581e-10,89.541336,3096.5426
1901.8333,44.632221,0.029374562,44.577805,0.2510938,0.031488113,732.44727,1505.5422,750.64734,0.96929818,0.90110308,15.957249,0.62252891,0.45193443,2.4064944e-10,89.521973,3095.9863
1901.9167,44.622482,0.029442262,44.567936,0.25113913,0.031488359,732.30151,1505.2565,750.505,0.94257241,0.87671715,15.959138,0.50259334,0.34786451,3.1354896e-10,89.502487,3095.3439
1902,44.612595,0.029518131,44.557911,0.25118518,0.031488609,732.16327,1504.985,750.36987,0.91435051,0.85262716,15.960535,0.46739936,0.30656439,3.1977815e-10,89.482697,3094.7282
1902.0833,44.603149,0.029567858,44.548374,0.25122899,0.031488843,732.03326,1504.7295,750.24261,0.88773996,0.82987458,15.961787,0.45328158,0.2971243,3.2263714e-10,89.463806,3094.1486
1902.1667,44.593597,0.029558657,44.538841,0.2512728,0.031489082,731.90527,1504.478,750.11737,0.85865086,0.80430138,15.962999,0.44036788,0.36063293,3.2457914e-10,89.444763,3093.5715
1902.25,44.583752,0.029564891,44.528984,0.25131807,0.031489324,731.77625,1504.2249,749.99133,0.82595849,0.75854337,15.964244,0.44312724,0.36308143,3.2480146e-10,89.42511,3092.966
1902.3333,44.573566,0.029384615,44.519127,0.25136334,0.03148957,731.65344,1503.9849,749.87183,0.82042801,0.70846832,15.965515,0.47925341,0.31032291,3.2287939e-10,89.40493,3092.4095
1902.4167,44.563564,0.029303813,44.509274,0.25140858,0.031489812,731.66632,1504.0259,749.8927,0.84711468,0.71820772,15.966927,0.55898362,0.36509591,2.3605085e-10,89.38504,3092.5022
1902.5,44.553524,0.029201318,44.499424,0.25145385,0.031490054,731.97137,1504.6724,750.21619,0.88448751,0.72121656,15.968454,0.6963883,0.47948641,1.5048242e-10,89.365097,3093.799
1902.5833,44.54348,0.02918392,44.489414,0.2514998,0.031490304,732.28583,1505.334,750.54706,0.9240247,0.73631138,15.970609,0.54286826,0.35165751,1.2293896e-10,89.345062,3095.1429
1902.6667,44.533627,0.029181674,44.479565,0.25154504,0.031490546,732.55334,1505.8926,750.82654,0.96427178,0.75379115,15.973768,0.41359425,0.24336334,1.0822633e-10,89.325417,3096.2897
1902.75,44.523788,0.029184852,44.469719,0.25159025,0.031490788,732.617,1506.0355,750.89838,0.9931767,0.81095028,15.977338,0.52879137,0.31535998,1.2014072e-10,89.305771,3096.6382
1902.8333,44.513966,0.029195137,44.459877,0.25163546,0.03149103,732.54114,1505.8978,750.83002,1.0052134,0.88565558,15.980895,0.83804554,0.59525943,1.4171264e-10,89.286163,3096.4269
1902.9167,44.504139,0.029202899,44.450039,0.25168067,0.031491272,732.42657,1505.682,750.7226,1.0226476,0.90477496,15.98423,0.90206772,0.68770891,1.718813e-10,89.266556,3096.0096
1903,44.497875,0.031226048,44.440044,0.2517266,0.031491518,732.30463,1505.4514,750.60791,1.0501381,0.93629307,15.675282,3.5849013,3.2856858,2.0645344e-10,89.252365,3095.2782
1903.0833,44.484695,0.029234605,44.430534,0.25177029,0.031491753,732.19733,1505.2457,750.50562,1.0518152,0.94204777,15.56663,0.79263389,0.77666444,2.1497519e-10,89.22773,3094.737
1903.1667,44.475189,0.029237425,44.421024,0.25181398,0.031491987,732.09479,1505.0487,750.40759,1.0492644,0.94331408,15.565908,0.78799069,0.7742188,2.3279129e-10,89.208755,3094.3185
1903.25,44.465347,0.029232506,44.41119,0.25185913,0.031492226,731.9917,1504.8502,750.30884,1.0462778,0.91701376,15.565147,0.72614557,0.65690857,2.4680558e-10,89.189125,3093.8683
1903.3333,44.455452,0.029196322,44.401363,0.25190428,0.031492468,731.90527,1504.6809,750.22473,1.0441779,0.83661425,15.564358,0.48135328,0.28346333,2.5462354e-10,89.169418,3093.4256
1903.4167,44.445629,0.029199995,44.391533,0.2519494,0.03149271,731.84833,1504.5695,750.16949,1.0364255,0.80733275,15.563616,0.491065,0.29523003,2.3444965e-10,89.149811,3093.1444
1903.5,44.435822,0.029209042,44.38171,0.25199452,0.031492949,732.06012,1504.9991,750.38452,1.033964,0.74361813,15.562857,0.417768,0.23705789,1.4645311e-10,89.130226,3093.9144
1903.5833,44.425861,0.029221099,44.371727,0.25204039,0.031493194,732.40179,1505.687,750.72858,1.0465461,0.71538466,15.562091,0.38402051,0.20878242,1.1181257e-10,89.110344,3095.2518
1903.6667,44.416061,0.029232495,44.361904,0.25208551,0.031493433,732.66553,1506.2179,750.99414,1.0815568,0.73760051,15.561279,0.35864586,0.18911566,1.0135882e-10,89.090775,3096.3487
1903.75,44.406307,0.02926657,44.352085,0.2521306,0.031493671,732.75317,1506.3967,751.08398,1.1018399,0.80279303,15.560446,0.58309519,0.36831641,1.2574029e-10,89.071281,3096.7703
1903.8333,44.396591,0.029321659,44.34227,0.25217569,0.031493913,732.62305,1506.145,750.95862,1.1117781,0.84114259,15.559579,0.72565287,0.56103349,1.7643008e-10,89.051849,3096.2908
1903.9167,44.386871,0.029370205,44.332458,0.25222075,0.031494152,732.48175,1505.869,750.82104,1.1227182,0.84765017,15.558672,0.63529575,0.48543683,2.2346336e-10,89.032417,3095.7334
1904,44.377007,0.029429587,44.322487,0.25226656,0.031494394,732.3374,1505.5848,750.67957,1.1066948,0.83524215,15.557761,0.48579037,0.27712327,2.8573865e-10,89.012688,3095.1144
1904.0833,44.367527,0.029432738,44.313,0.25231013,0.031494625,732.20752,1505.3285,750.55188,1.0650226,0.80911511,15.556963,0.47948122,0.28846225,2.9969158e-10,88.993767,3094.5126
1904.1667,44.358055,0.029439338,44.303513,0.2523537,0.031494856,732.08307,1505.083,750.42969,1.0138547,0.77911383,15.556175,0.47268063,0.29520559,3.0324646e-10,88.974861,3093.9197
1904.25,44.348255,0.029443046,44.293709,0.25239873,0.031495094,731.95898,1504.8386,750.30798,0.98293883,0.74207675,15.555367,0.47745305,0.28954676,3.0401354e-10,88.955292,3093.3412
1904.3333,44.338371,0.029398443,44.283909,0.25244376,0.031495333,731.8407,1504.6064,750.19238,0.9751721,0.69667375,15.554562,0.49996713,0.28994319,3.0363434e-10,88.935616,3092.8016
1904.4167,44.328537,0.029379418,44.274105,0.25248879,0.031495571,731.81543,1504.5619,750.17059,0.99538106,0.70289057,15.553758,0.56185555,0.33993369,2.4249544e-10,88.916,3092.7161
1904.5,44.318745,0.029383097,44.264309,0.25253379,0.03149581,732.1062,1505.1531,750.46619,1.0401514,0.70618677,15.552921,0.5108307,0.30504885,1.5192481e-10,88.896469,3093.9213
1904.5833,44.308826,0.029401863,44.254353,0.25257954,0.031496048,732.44519,1505.8376,750.80859,1.0855575,0.71980458,15.552053,0.3830919,0.19967033,1.2356029e-10,88.876656,3095.3254
1904.6667,44.299049,0.029411178,44.24456,0.25262451,0.031496286,732.72028,1506.3911,751.08545,1.1278729,0.72701454,15.551202,0.27825612,0.11411311,1.0720727e-10,88.85714,3096.46
1904.75,44.289272,0.029418811,44.234768,0.25266948,0.031496521,732.76062,1506.4734,751.12689,1.1483821,0.77507329,15.550389,0.38266006,0.24532123,1.4382942e-10,88.837624,3096.6723
1904.8333,44.279503,0.029430306,44.224979,0.25271446,0.03149676,732.6347,1506.2288,751.00513,1.1540376,0.81750745,15.549604,0.65312254,0.44433182,2.0343699e-10,88.818123,3096.2079
1904.9167,44.269749,0.029447529,44.215195,0.25275943,0.031496994,732.4931,1505.9542,750.86841,1.1611131,0.82726318,15.548758,0.58361715,0.38707861,2.7831895e-10,88.798645,3095.6514
1905,44.259823,0.029456805,44.20525,0.25280511,0.031497236,732.35657,1505.6891,750.73627,1.132145,0.80944914,15.547914,0.54589903,0.33591992,2.9172001e-10,88.778831,3095.0503
1905.0833,44.250378,0.029466471,44.195786,0.25284857,0.031497464,732.23218,1505.447,750.61584,1.1005363,0.79160291,15.547119,0.53721392,0.34450981,2.9325073e-10,88.759972,3094.4942
1905.1667,44.24094,0.02947806,44.186329,0.25289202,0.031497691,732.11029,1505.21,750.49774,1.0668123,0.77194345,15.546326,0.51671743,0.37125662,2.9561392e-10,88.741127,3093.9444
1905.25,44.231171,0.029482206,44.176552,0.25293693,0.031497926,731.98676,1504.9692,750.37793,1.0312818,0.73350632,15.545508,0.50049895,0.33815596,2.9840797e-10,88.721642,3093.366
1905.3333,44.22134,0.029452298,44.166775,0.25298184,0.031498164,731.86969,1504.7416,750.26465,1.0237688,0.69007587,15.544702,0.52755135,0.29125282,2.9809907e-10,88.702057,3092.8367
1905.4167,44.211559,0.029448444,44.157001,0.25302675,0.031498399,731.82666,1504.6639,750.22626,1.0518241,0.70749336,15.543886,0.5563398,0.30979672,2.4703864e-10,88.682541,3092.7029
1905.5,44.201824,0.029466743,44.147228,0.25307164,0.031498633,732.14508,1505.3096,750.54913,1.0931319,0.6771096,15.543015,0.33239025,0.15255262,1.4589809e-10,88.663101,3093.98
1905.5833,44.191929,0.029484829,44.137302,0.25311723,0.031498872,732.49292,1506.0066,750.89764,1.1315204,0.66988713,15.542138,0.16268942,0.032266203,1.1879717e-10,88.643341,3095.3841
1905.6667,44.182186,0.029498136,44.127533,0.25316212,0.031499103,732.74768,1506.5153,751.1521,1.1682955,0.6813283,15.541302,0.1456978,0.018033907,1.0603146e-10,88.623878,3096.4297
1905.75,44.172443,0.029509293,44.117771,0.25320697,0.031499337,732.84222,1506.7019,751.24567,1.1843027,0.73395836,15.540462,0.13966356,0.013985562,1.2325235e-10,88.604431,3096.853
1905.8333,44.162701,0.029520324,44.108009,0.25325182,0.031499572,732.78638,1506.5863,751.18817,1.1853346,0.76648253,15.539621,0.13940395,0.013086944,1.4274038e-10,88.584984,3096.6372
1905.9167,44.152966,0.029534407,44.098248,0.25329664,0.031499807,732.72815,1506.4656,751.12836,1.1900674,0.77532822,15.538782,0.13905232,0.12415015,1.531925e-10,88.565544,3096.3919
1906,44.143074,0.029548651,44.088329,0.25334221,0.031500041,732.66876,1506.3429,751.06732,1.1765966,0.77164805,15.537929,0.14039876,0.061434023,1.6759617e-10,88.545799,3096.1112
1906.0833,44.133659,0.029558539,44.078896,0.25338557,0.031500269,732.61169,1506.2255,751.00903,1.1704334,0.77623427,15.537125,0.17314729,0.089338578,1.7780427e-10,88.527,3095.8571
1906.1667,44.124249,0.029571401,44.069462,0.25342891,0.031500492,732.54755,1506.0978,750.94556,1.1634079,0.78266895,15.536338,0.30372345,0.19704485,1.9048556e-10,88.508209,3095.5815
1906.25,44.114521,0.029584348,44.059711,0.2534737,0.031500727,732.47186,1505.952,750.87317,1.1601557,0.77623349,15.535505,0.35207516,0.23087955,2.0582702e-10,88.488785,3095.2575
1906.3333,44.104797,0.029597757,44.049961,0.25351849,0.031500958,732.40723,1505.8263,750.81067,1.0514266,0.73897976,15.534652,0.26843315,0.12327968,2.164556e-10,88.469376,3094.8385
1906.4167,44.095081,0.029613208,44.040215,0.25356328,0.031501189,732.35297,1505.7201,750.75806,1.0719737,0.76488531,15.533814,0.28196526,0.13264115,2.1894141e-10,88.449974,3094.6517
1906.5,44.085377,0.02963542,44.030472,0.25360805,0.031501424,732.48096,1505.9806,750.88837,1.0912809,0.7632156,15.532964,0.21914077,0.080752485,1.5025753e-10,88.430595,3095.168
1906.5833,44.07552,0.029659066,44.020569,0.25365353,0.031501658,732.74213,1506.5037,751.14996,1.1267012,0.75593501,15.532096,0.13969898,0.016193934,1.1333195e-10,88.410904,3096.2214
1906.6667,44.065815,0.029677505,44.01083,0.25369829,0.031501889,732.98547,1506.9896,751.39294,1.1637868,0.75265396,15.531242,0.13872388,0.015637189,1.0629794e-10,88.391525,3097.2074
1906.75,44.056156,0.02971939,44.001095,0.25374302,0.03150212,733.0957,1507.2083,751.50256,1.1966778,0.7772699,15.530354,0.13887423,0.016821817,1.0907024e-10,88.372223,3097.6833
1906.8333,44.046494,0.029757895,43.99136,0.25378776,0.031502351,733.03674,1507.0891,751.44342,1.1967996,0.84672481,15.529495,0.32272899,0.15919499,1.5646504e-10,88.352898,3097.4951
1906.9167,44.036835,0.029796876,43.981625,0.25383249,0.031502582,732.89545,1506.8232,751.31097,1.2120227,0.86312777,15.528648,0.58214611,0.3609671,2.3025713e-10,88.333588,3096.9671
1907,44.027008,0.029832276,43.971737,0.25387791,0.031502817,732.75854,1506.5712,751.18536,1.221972,0.88298118,15.527754,0.60206503,0.4877736,2.5172789e-10,88.313957,3096.4616
1907.0833,44.017658,0.029863724,43.962326,0.25392115,0.031503037,732.63306,1506.3409,751.07074,1.2258438,0.89652872,15.526911,0.60526359,0.49624118,2.5569633e-10,88.295273,3095.9894
1907.1667,44.008308,0.029894004,43.952923,0.25396436,0.03150326,732.50739,1506.1097,750.95575,1.2274429,0.90848279,15.526071,0.59285462,0.48727408,2.6362895e-10,88.276596,3095.5116
1907.25,43.998627,0.029915595,43.943199,0.25400907,0.031503491,732.37903,1505.8732,750.83783,1.2241142,0.90644312,15.525206,0.55973339,0.43191215,2.707029e-10,88.257248,3095.0032
1907.3333,43.988922,0.029923631,43.933479,0.25405374,0.031503718,732.26062,1505.6508,750.72717,1.1699467,0.84264636,15.524334,0.44711766,0.26760444,2.7622601e-10,88.237877,3094.4134
1907.4167,43.97924,0.02994369,43.923759,0.25409839,0.031503949,732.15161,1505.4457,750.62512,1.1392103,0.82463098,15.523488,0.46036369,0.2747187,2.7684521e-10,88.218544,3093.928
1907.5,43.969563,0.029964129,43.914043,0.25414303,0.031504177,732.12488,1505.4067,750.60602,1.1270906,0.81129271,15.522641,0.47522175,0.28547359,2.2105123e-10,88.199219,3093.7979
1907.5833,43.959763,0.030003369,43.904171,0.25418842,0.031504411,732.4256,1506.0222,750.91388,1.1160135,0.78116703,15.521744,0.31485546,0.15933745,1.4112463e-10,88.179626,3094.9602
1907.6667,43.950115,0.03003969,43.894459,0.25423303,0.031504638,732.71484,1506.6119,751.2088,1.1121035,0.77104914,15.52091,0.42655194,0.24862197,1.1916813e-10,88.160355,3096.0999
1907.75,43.94046,0.030067461,43.88475,0.25427768,0.031504866,732.73499,1506.6709,751.23865,1.129519,0.83132023,15.520102,0.67481399,0.44493812,1.723814e-10,88.14106,3096.2666
1907.8333,43.930878,0.030134868,43.875042,0.25432229,0.031505097,732.59045,1506.4049,751.10614,1.1407465,0.86304551,15.519218,0.54156703,0.33557528,2.6648217e-10,88.121887,3095.7464
1907.9167,43.921364,0.030237919,43.865337,0.25436687,0.031505324,732.44299,1506.1216,750.96503,1.1162658,0.85387784,15.518362,0.35283071,0.18923287,3.3583769e-10,88.102806,3095.1208
1908,43.911552,0.030265182,43.855476,0.2544122,0.031505555,732.29639,1505.8361,750.82275,1.0819426,0.83624804,15.518567,0.33377081,0.17237042,3.4994371e-10,88.083206,3094.4751
1908.0833,43.902115,0.03023557,43.846096,0.25445533,0.031505775,732.16724,1505.5862,750.69836,1.0500422,0.81879872,15.51977,0.35688248,0.19906904,3.4987041e-10,88.064407,3093.9047
1908.1667,43.892735,0.03023468,43.836716,0.25449842,0.031505994,732.04138,1505.3439,750.57751,1.0165976,0.79884404,15.520997,0.35839576,0.22120239,3.4985706e-10,88.0457,3093.345
1908.25,43.883049,0.030240208,43.827023,0.25454301,0.031506222,731.91522,1505.1014,750.45691,0.98195916,0.76431793,15.522287,0.36906037,0.2203062,3.4991696e-10,88.02636,3092.7686
1908.3333,43.873165,0.030137602,43.817329,0.25458756,0.031506449,731.7959,1504.8738,750.34357,0.95560753,0.71535552,15.523634,0.40611166,0.24850333,3.4871475e-10,88.006721,3092.2146
1908.4167,43.863342,0.030065082,43.807636,0.25463209,0.031506676,731.76593,1504.8292,750.32159,0.93124872,0.71546429,15.52516,0.48268959,0.3157787,2.8523875e-10,87.987183,3092.0757
1908.5,43.853592,0.030032525,43.797947,0.25467661,0.0315069,732.14478,1505.6158,750.71503,0.88973463,0.69190526,15.526908,0.74717516,0.53245407,1.6175347e-10,87.967758,3093.5522
1908.5833,43.843693,0.030003401,43.788101,0.25472188,0.031507131,732.42712,1506.2159,751.0152,0.92238516,0.69956899,15.529222,0.61305761,0.40814114,1.3680247e-10,87.948029,3094.7574
1908.6667,43.833988,0.029994735,43.778416,0.25476637,0.031507358,732.66022,1506.7042,751.25958,0.9654898,0.70478117,15.532532,0.4517805,0.26898408,1.2456536e-10,87.928673,3095.7555
1908.75,43.824299,0.029990515,43.76873,0.2548109,0.031507581,732.75177,1506.9037,751.35956,0.99233413,0.74361652,15.534741,0.50345421,0.3128016,1.6722933e-10,87.90934,3096.1953
1908.8333,43.81464,0.030002382,43.759048,0.25485539,0.031507809,732.63544,1506.6957,751.25604,0.99924439,0.79661155,15.536394,0.68332255,0.44791982,2.4462421e-10,87.890053,3095.8095
1908.9167,43.805012,0.030030232,43.749371,0.25489986,0.031508032,732.50024,1506.4468,751.13208,0.98016649,0.78929722,15.537995,0.54805493,0.37013999,3.0717251e-10,87.870819,3095.2574
1909,43.795235,0.030061636,43.739536,0.25494507,0.031508259,732.36804,1506.1982,751.0083,0.94479465,0.76491231,15.539642,0.44812894,0.30150184,3.2265163e-10,87.851288,3094.6754
1909.0833,43.785923,0.030086415,43.730179,0.25498807,0.031508479,732.24359,1505.9614,750.89038,0.9124099,0.74379426,15.541165,0.41572076,0.27143696,3.2819578e-10,87.832687,3094.1256
1909.1667,43.776596,0.030102964,43.720821,0.25503108,0.031508695,732.11945,1505.7238,750.77209,0.88113981,0.72259283,15.542603,0.39156893,0.24977915,3.3206732e-10,87.814056,3093.5755
1909.25,43.766911,0.030092705,43.711155,0.25507551,0.031508919,731.99365,1505.4828,750.65216,0.8517645,0.68796784,15.544049,0.39880764,0.25059637,3.3277014e-10,87.794746,3093.0071
1909.3333,43.75705,0.029988429,43.701485,0.25511995,0.031509142,731.87952,1505.267,750.54474,0.84469283,0.64511257,15.545581,0.45277983,0.28815705,3.3129369e-10,87.775154,3092.5017
1909.4167,43.747311,0.029949635,43.691818,0.25516438,0.031509366,731.95398,1505.4333,750.62817,0.86910397,0.62578046,15.547306,0.51462948,0.33631828,2.3436578e-10,87.755753,3092.8134
1909.5,43.737595,0.029921796,43.682156,0.25520879,0.031509589,732.24561,1506.0361,750.92969,0.90702713,0.5620681,15.549128,0.38732862,0.23167743,1.613614e-10,87.736397,3093.966
1909.5833,43.727787,0.029928101,43.672333,0.25525394,0.031509817,732.42834,1506.4047,751.11426,0.94204801,0.54784453,15.551069,0.12832178,0.010856966,1.4004917e-10,87.716812,3094.705
1909.6667,43.718113,0.029921971,43.662674,0.25529832,0.03151004,732.58215,1506.7106,751.26752,0.97409481,0.54635179,15.552761,0.11700081,0.0011413664,1.2909665e-10,87.69751,3095.331
1909.75,43.708447,0.029916735,43.653015,0.25534272,0.031510264,732.63275,1506.8094,751.31714,0.98331541,0.59127718,15.55442,0.11604635,0.0018534684,1.7357007e-10,87.678223,3095.5665
1909.8333,43.698788,0.029914536,43.64336,0.2553871,0.031510487,732.57135,1506.6832,751.25464,0.98379946,0.61345631,15.556085,0.12970515,0.013919391,2.1300479e-10,87.658958,3095.3216
1909.9167,43.689137,0.029915564,43.633709,0.25543144,0.031510707,732.49011,1506.5276,751.17719,0.98986006,0.62491608,15.55781,0.44317406,0.28784311,2.4614544e-10,87.639702,3095.0071
1910,43.679329,0.029917361,43.623898,0.25547653,0.031510934,732.39026,1506.3466,751.08704,0.989537,0.63668919,15.559517,0.50263172,0.34366044,2.6841604e-10,87.620132,3094.6296
1910.0833,43.669998,0.029918032,43.614567,0.25551942,0.03151115,732.28967,1506.1648,750.9967,0.96008551,0.6365456,15.561148,0.56330168,0.40272483,2.8515143e-10,87.601509,3094.2105
1910.1667,43.660679,0.029924411,43.605236,0.25556231,0.031511363,732.17932,1505.9662,750.89783,0.92404228,0.61900294,15.562774,0.5625779,0.40328902,2.9794911e-10,87.582909,3093.7323
1910.25,43.651031,0.029922534,43.595589,0.25560662,0.031511586,732.06421,1505.7568,750.79358,0.88710374,0.58629572,15.564455,0.52070421,0.36002707,3.0385688e-10,87.56366,3093.2163
1910.3333,43.641346,0.02989956,43.585945,0.25565094,0.031511806,731.9566,1505.5583,750.69495,0.84213734,0.52271581,15.566139,0.45438376,0.28843418,3.0514855e-10,87.54435,3092.6854
1910.4167,43.631699,0.029896311,43.576305,0.25569525,0.031512026,731.86401,1505.3887,750.61047,0.80491233,0.50540262,15.567836,0.44660464,0.28388667,3.0512326e-10,87.525101,3092.2666
1910.5,43.622063,0.02989726,43.566669,0.25573957,0.031512249,731.93616,1505.5496,750.69116,0.79413736,0.49357435,15.56953,0.43830088,0.27137762,2.1704115e-10,87.505875,3092.5401
1910.5833,43.612305,0.029916424,43.556873,0.25578457,0.031512473,732.33264,1506.3524,751.09265,0.8011595,0.48826915,15.571198,0.14745948,0.027574981,1.4470346e-10,87.486389,3094.1248
1910.6667,43.602688,0.029926952,43.547241,0.25582886,0.031512693,732.7074,1507.1025,751.46771,0.75306094,0.49750194,15.572894,0.12849331,0.011048323,1.2447698e-10,87.467194,3095.5686
1910.75,43.593071,0.029934254,43.537609,0.25587311,0.031512912,732.85675,1507.4067,751.61993,0.66879183,0.53342563,15.574651,0.38885167,0.23427051,1.6921932e-10,87.447998,3096.1082
1910.8333,43.583466,0.029947203,43.527977,0.25591737,0.031513132,732.72632,1507.1727,751.50354,0.66736132,0.55572402,15.576411,0.7032572,0.66779852,2.3933955e-10,87.428818,3095.6306
1910.9167,43.57386,0.029958937,43.518349,0.25596163,0.031513352,732.58752,1506.9249,751.38007,0.66146868,0.55459315,15.578114,0.65828031,0.82369703,2.825771e-10,87.409645,3095.0964
1911,43.564075,0.029957959,43.508568,0.2560066,0.031513575,732.45117,1506.6771,751.25671,0.61761969,0.51933634,15.579842,0.55930096,0.55125564,3.0265224e-10,87.390121,3094.4922
1911.0833,43.554764,0.029956913,43.49926,0.25604936,0.031513788,732.32635,1506.448,751.14264,0.58263707,0.49282286,15.581511,0.54576087,0.53889328,3.0564037e-10,87.371552,3093.9455
1911.1667,43.545475,0.029965319,43.489956,0.25609213,0.031514,732.20386,1506.2234,751.03076,0.54404831,0.46247435,15.583189,0.54249233,0.53474402,3.0636793e-10,87.353012,3093.4007
1911.25,43.535873,0.029975252,43.480335,0.25613636,0.031514216,732.07837,1505.9928,750.91602,0.50103974,0.4258875,15.584925,0.52830815,0.47910303,3.0841166e-10,87.333839,3092.8329
1911.3333,43.526207,0.029947491,43.470718,0.25618055,0.031514436,731.95654,1505.7695,750.80481,0.46645516,0.3920328,15.586671,0.53686577,0.36347488,3.0861785e-10,87.314568,3092.2904
1911.4167,43.516602,0.029952662,43.461105,0.25622475,0.031514656,731.8457,1505.5698,750.70557,0.44183588,0.3800208,15.588425,0.57635164,0.46803761,3.0843617e-10,87.295403,3091.8268
1911.5,43.507126,0.030026369,43.451492,0.25626892,0.031514872,731.98901,1505.9059,750.87378,0.43260971,0.36837223,15.590238,0.77636909,0.55235308,1.8928727e-10,87.276436,3092.4364
1911.5833,43.497742,0.030234177,43.441727,0.2563138,0.031515095,732.34882,1506.7134,751.27765,0.46459532,0.37356651,15.592118,1.4239042,1.1027397,1.4037577e-10,87.257538,3094.0277
1911.6667,43.488255,0.030299941,43.432121,0.25635797,0.031515311,732.64215,1507.3732,751.60791,0.51287776,0.38190901,15.593863,1.4623384,1.1589693,1.2268978e-10,87.238548,3095.3505
1911.75,43.478432,0.03018106,43.422516,0.25640213,0.031515531,732.7796,1507.7054,751.77441,0.5308311,0.39653704,15.595595,1.3587818,1.4822158,1.2173007e-10,87.219048,3096.0015
1911.8333,43.469398,0.030488141,43.412914,0.25644627,0.031515747,732.70612,1507.6033,751.72388,0.52903265,0.40433267,15.597309,1.1813467,1.0444,1.6606136e-10,87.20076,3095.7646
1911.9167,43.459682,0.030426158,43.403313,0.25649041,0.031515963,732.54346,1507.2983,751.5719,0.52532291,0.40488836,15.598937,0.46352041,0.3496643,3.0954755e-10,87.181427,3095.1241
1912,43.450043,0.03048807,43.393559,0.25653523,0.031516183,732.39429,1507.0085,751.42755,0.51432228,0.401831,15.600741,0.42656204,0.24440746,3.3676661e-10,87.16214,3094.5093
1912.0833,43.440865,0.030541673,43.384281,0.25657791,0.031516396,732.25903,1506.7458,751.29663,0.50592232,0.40044326,15.602474,0.42666399,0.27099532,3.3797329e-10,87.143776,3093.9542
1912.1667,43.431675,0.03059002,43.375004,0.25662056,0.031516604,732.12708,1506.4902,751.16931,0.49320382,0.39412156,15.604201,0.43305829,0.32318348,3.3908204e-10,87.125404,3093.4036
1912.25,43.422123,0.030609936,43.365414,0.25666466,0.03151682,731.99536,1506.2354,751.04248,0.48031577,0.37935248,15.606015,0.44120374,0.31064942,3.3929856e-10,87.106331,3092.8453
1912.3333,43.411884,0.030257577,43.355824,0.25670874,0.031517036,731.87103,1505.9966,750.92346,0.48967603,0.36408249,15.607829,0.48491067,0.29401529,3.3532446e-10,87.086189,3092.3388
1912.4167,43.401978,0.030085459,43.346237,0.25675282,0.031517252,731.80615,1505.8787,750.86493,0.51186907,0.38555884,15.609641,0.52747643,0.33408695,2.8910063e-10,87.066574,3092.1235
1912.5,43.392155,0.029957414,43.336651,0.25679687,0.031517465,732.08112,1506.4501,751.15076,0.54606044,0.39191765,15.611493,0.78877616,0.54069221,1.6816408e-10,87.047073,3093.2787
1912.5833,43.382286,0.029888749,43.326908,0.25684166,0.031517684,732.4126,1507.1466,751.49927,0.59908122,0.41183388,15.61337,1.0345753,0.70189703,1.3420183e-10,87.027443,3094.71
1912.6667,43.372688,0.029878968,43.317326,0.25688571,0.031517901,732.68469,1507.7201,751.78625,0.65123928,0.42304131,15.615132,0.83238345,0.54256827,1.1872438e-10,87.008301,3095.8886
1912.75,43.363087,0.029869262,43.307747,0.25692973,0.031518117,732.81689,1508.0038,751.92834,0.69521815,0.44106412,15.616903,0.63611978,0.41229942,1.297583e-10,86.989143,3096.4915
1912.8333,43.353546,0.029888516,43.298168,0.25697377,0.031518329,732.70801,1507.8014,751.82764,0.70466334,0.47888345,15.618724,0.69046086,0.54311395,2.2674675e-10,86.970093,3096.1094
1912.9167,43.344082,0.029948825,43.288593,0.25701776,0.031518545,732.54688,1507.4888,751.67188,0.68778461,0.4699077,15.620491,0.42030132,0.3532185,3.3235359e-10,86.951164,3095.4369
1913,43.334366,0.029957099,43.278862,0.25706249,0.031518761,732.38525,1507.1705,751.51324,0.66483366,0.46091694,15.622181,0.36316147,0.22719963,3.4996012e-10,86.93177,3094.7487
1913.0833,43.325066,0.029934129,43.269604,0.25710505,0.03151897,732.24011,1506.8851,751.37091,0.64610964,0.45466641,15.623727,0.38381007,0.24998952,3.5012143e-10,86.913223,3094.1339
1913.1667,43.315796,0.029925806,43.260349,0.25714761,0.031519175,732.10095,1506.6123,751.23511,0.62492865,0.44481841,15.625326,0.39127755,0.32761616,3.5005066e-10,86.894737,3093.5383
1913.25,43.306213,0.029918158,43.250782,0.25719157,0.031519391,731.95935,1506.3352,751.09698,0.60245186,0.42490205,15.626997,0.39616135,0.30737814,3.4995934e-10,86.875626,3092.9214
1913.3333,43.296516,0.029846702,43.241215,0.25723553,0.031519603,731.82935,1506.0824,750.97107,0.60325819,0.40847111,15.628752,0.44769585,0.28759402,3.447943e-10,86.856331,3092.3797
1913.4167,43.286869,0.029802749,43.231651,0.25727949,0.031519815,731.95813,1506.3514,751.10583,0.62834507,0.41249105,15.63076,0.52761924,0.35401604,2.1165711e-10,86.83712,3092.9243
1913.5,43.277294,0.029795496,43.222092,0.25732344,0.031520028,732.21802,1506.8837,751.37213,0.66336358,0.41073567,15.632899,0.35351819,0.20482922,1.5393942e-10,86.818024,3093.9987
1913.5833,43.267586,0.029798063,43.212376,0.25736809,0.031520244,732.40344,1507.2577,751.55945,0.69951016,0.40324312,15.635262,0.17051651,0.048745424,1.3510308e-10,86.798645,3094.7573
1913.6667,43.258022,0.029796505,43.202816,0.25741202,0.031520456,732.52405,1507.4994,751.6806,0.73291063,0.40085888,15.637143,0.1578128,0.037378401,1.2592363e-10,86.779564,3095.2546
1913.75,43.248466,0.029795352,43.193264,0.25745595,0.031520668,732.58728,1507.6251,751.74371,0.75566614,0.43157214,15.639013,0.14009844,0.024664452,1.5414024e-10,86.760498,3095.5428
1913.8333,43.238892,0.029783228,43.183708,0.25749984,0.031520881,732.50421,1507.4609,751.66205,0.7598241,0.46779287,15.640938,0.36922616,0.230453,2.2569888e-10,86.741402,3095.2372
1913.9167,43.229343,0.029785622,43.17416,0.25754374,0.031521093,732.38696,1507.2358,751.54999,0.76869017,0.48554063,15.642838,0.45990372,0.31310064,2.5572633e-10,86.722359,3094.7923
1914,43.219643,0.029787192,43.164452,0.25758836,0.031521309,732.25989,1506.9943,751.42969,0.77307874,0.50010943,15.644776,0.53776491,0.38357306,2.8091374e-10,86.702995,3094.3047
1914.0833,43.210419,0.029793149,43.15522,0.2576308,0.031521514,732.13037,1506.7501,751.30811,0.75362772,0.4973627,15.646626,0.59242672,0.44293424,2.9359642e-10,86.684586,3093.7707
1914.1667,43.201221,0.029810008,43.145988,0.25767323,0.031521715,732.00104,1506.5062,751.18658,0.72208279,0.4850145,15.648468,0.56224483,0.51287633,2.9887248e-10,86.666222,3093.2157
1914.25,43.191673,0.02980737,43.136444,0.2577171,0.031521928,731.86963,1506.2577,751.06274,0.68849599,0.45993248,15.650388,0.55588132,0.46221212,3.0074895e-10,86.647163,3092.6362
1914.3333,43.182072,0.02977491,43.126907,0.25776094,0.03152214,731.74072,1506.0137,750.94135,0.66646808,0.42518693,15.652313,0.5540418,0.3439528,3.0041791e-10,86.628036,3092.0677
1914.4167,43.172531,0.029773936,43.117367,0.25780478,0.031522349,731.62292,1505.7919,750.83087,0.64319736,0.4278357,15.654243,0.54578018,0.34080398,3.0038888e-10,86.609001,3091.5798
1914.5,43.163033,0.029793112,43.10783,0.25784862,0.031522561,731.67603,1505.9163,750.89331,0.55945188,0.43134314,15.656206,0.6570549,0.40158147,2.0857058e-10,86.590034,3091.7227
1914.5833,43.153435,0.029842844,43.098141,0.25789315,0.031522773,732.01099,1506.6398,751.25531,0.55226541,0.43842295,15.658262,1.0508622,0.77454531,1.4227684e-10,86.570839,3093.126
1914.6667,43.144352,0.030087154,43.088612,0.25793698,0.031522982,732.24426,1507.1726,751.52191,0.57847065,0.44891852,15.660264,1.4215169,1.2474158,1.3021126e-10,86.552505,3094.1791
1914.75,43.134403,0.029858917,43.079082,0.25798076,0.031523194,732.20251,1507.1334,751.50287,0.59813863,0.4603608,15.662159,1.1966625,1.0586636,1.6779382e-10,86.532852,3094.0925
1914.8333,43.125092,0.029974261,43.069557,0.25802457,0.031523403,732.05945,1506.8711,751.37225,0.57412422,0.48485717,15.66403,0.7772457,1.0500766,2.5305932e-10,86.514175,3093.5402
1914.9167,43.115711,0.030053608,43.060032,0.25806835,0.031523611,731.91211,1506.5873,751.23096,0.55740047,0.48304752,15.665965,0.60880738,0.54130739,3.0498784e-10,86.495392,3092.9322
1915,43.106049,0.030061575,43.050354,0.25811285,0.031523824,731.77441,1506.3225,751.09912,0.56277645,0.49173093,15.667968,0.59867829,0.40285057,3.0537498e-10,86.476097,3092.3946
1915.0833,43.096863,0.030071994,43.041145,0.25815517,0.031524025,731.63861,1506.0604,750.96844,0.54524988,0.4798162,15.66988,0.5617677,0.50343329,3.1000244e-10,86.457756,3091.8202
1915.1667,43.087719,0.030106766,43.03194,0.25819749,0.031524226,731.50446,1505.8007,750.83911,0.52505857,0.46406353,15.671804,0.54674941,0.4889164,3.1307537e-10,86.439484,3091.2447
1915.25,43.078228,0.030118532,43.022427,0.25824124,0.031524435,731.36902,1505.5386,750.70856,0.50695658,0.44104558,15.673807,0.55139792,0.44899914,3.1370406e-10,86.420532,3090.6584
1915.3333,43.068596,0.030055167,43.012913,0.25828496,0.031524643,731.23956,1505.2889,750.58417,0.5083068,0.42392176,15.67582,0.57286739,0.36147487,3.1316821e-10,86.401375,3090.1222
1915.4167,43.059105,0.030065967,43.003403,0.25832868,0.031524852,731.11578,1505.0511,750.46588,0.53918576,0.45082238,15.677839,0.59965312,0.38195276,3.1328248e-10,86.382431,3089.683
1915.5,43.049561,0.030046416,42.993893,0.2583724,0.031525061,731.12756,1505.0876,750.48444,0.57080245,0.47239879,15.679881,0.6957882,0.44433868,2.2747622e-10,86.363396,3089.7861
1915.5833,43.03957,0.029868901,42.98423,0.25841683,0.031525269,731.42242,1505.7072,750.79443,0.62086242,0.49376127,15.682028,1.1860622,0.81337839,1.4204446e-10,86.343605,3091.0642
1915.6667,43.029984,0.029826025,42.974724,0.25846052,0.031525478,731.58441,1506.0576,750.96997,0.67525762,0.52742279,15.684017,0.98688245,0.65276021,1.2586404e-10,86.324516,3091.8232
1915.75,43.020542,0.029859327,42.965221,0.25850421,0.031525686,731.63715,1506.1829,751.03302,0.70027596,0.56468809,15.686052,0.98761022,1.0860468,1.679849e-10,86.305656,3092.1097
1915.8333,43.011227,0.029959125,42.955719,0.25854787,0.031525891,731.48999,1505.9009,750.89258,0.69328451,0.58491653,15.688048,0.74343956,0.66961509,2.399462e-10,86.286972,3091.5366
1915.9167,43.001751,0.029972091,42.94622,0.25859156,0.0315261,731.34967,1505.6287,750.75702,0.69819468,0.59100801,15.690104,0.75253528,0.67360675,2.5362282e-10,86.268059,3090.9827
1916,42.992126,0.029986693,42.936569,0.25863594,0.031526309,731.20612,1505.3501,750.61829,0.70946717,0.60245866,15.692202,0.76677388,0.53977203,2.672865e-10,86.24884,3090.4272
1916.0833,42.982906,0.029967094,42.927387,0.25867814,0.03152651,731.07123,1505.088,750.48779,0.71799779,0.61352187,15.694201,0.75207472,0.67296124,2.7314809e-10,86.230461,3089.9032
1916.1667,42.973568,0.029882899,42.918205,0.25872034,0.031526707,730.93787,1504.8276,750.35803,0.7173332,0.61572576,15.696201,0.69392568,0.62429601,2.8235467e-10,86.211906,3089.3647
1916.25,42.964096,0.029893016,42.908714,0.25876397,0.031526912,730.80225,1504.562,750.22577,0.7017284,0.59088558,15.698284,0.64454609,0.52990276,2.907265e-10,86.192993,3088.7741
1916.3333,42.954487,0.029827544,42.899223,0.2588076,0.031527121,730.67017,1504.3027,750.09668,0.705432,0.56434906,15.700386,0.64038247,0.42735171,2.9157082e-10,86.173866,3088.2136
1916.4167,42.944969,0.029810352,42.889736,0.2588512,0.031527326,730.54114,1504.0498,749.9707,0.7357626,0.5904026,15.702498,0.652529,0.43778774,2.9130751e-10,86.154892,3087.745
1916.5,42.935467,0.029800642,42.880253,0.2588948,0.03152753,730.41492,1503.8022,749.84747,0.77289039,0.62336165,15.70462,0.66621882,0.45016816,2.9117922e-10,86.135941,3087.3016
1916.5833,42.925827,0.029799869,42.870617,0.25893912,0.031527739,730.44189,1503.8632,749.87823,0.81125021,0.63591623,15.706779,0.64865887,0.4317525,1.9971361e-10,86.116714,3087.454
1916.6667,42.91637,0.029811613,42.861134,0.25898269,0.031527944,730.6875,1504.3633,750.12854,0.85361534,0.64437747,15.708888,0.51909924,0.32790077,1.4404741e-10,86.097816,3088.484
1916.75,42.906887,0.029810352,42.851658,0.25902626,0.031528149,730.84619,1504.6873,750.29071,0.89399946,0.66731173,15.71102,0.46311918,0.28472587,1.3953502e-10,86.078911,3089.1754
1916.8333,42.897411,0.029809011,42.842182,0.25906983,0.031528354,730.83429,1504.6677,750.28125,0.90157002,0.74974823,15.713196,0.58098537,0.43566561,1.9149117e-10,86.059998,3089.2078
1916.9167,42.888103,0.029898845,42.832706,0.25911337,0.031528555,730.68414,1504.3701,750.13306,0.88924521,0.73956561,15.715231,0.37995812,0.52929527,3.3234054e-10,86.041359,3088.5726
1917,42.878609,0.02997184,42.823082,0.25915763,0.031528763,730.51703,1504.0361,749.96655,0.83912367,0.69280469,15.71688,0.30516741,0.2522651,3.5099851e-10,86.022346,3087.791
1917.0833,42.869442,0.02996687,42.813923,0.25919974,0.031528961,730.36316,1503.7286,749.81323,0.80880123,0.6691004,15.718296,0.32259476,0.26810342,3.570558e-10,86.004066,3087.1054
1917.1667,42.860172,0.029905917,42.804764,0.25924182,0.031529158,730.22314,1503.45,749.67438,0.7795639,0.64607614,15.719859,0.36249316,0.30725989,3.5618677e-10,85.985611,3086.4785
1917.25,42.850674,0.029887902,42.7953,0.25928533,0.031529363,730.08093,1503.1669,749.53333,0.75145406,0.61303675,15.721544,0.36537924,0.28260252,3.5607148e-10,85.966675,3085.8341
1917.3333,42.840977,0.02976037,42.785835,0.25932884,0.031529564,729.95044,1502.9082,749.40448,0.74908167,0.577555,15.72334,0.42676154,0.25217113,3.5356279e-10,85.947433,3085.2607
1917.4167,42.831425,0.02971155,42.776375,0.25937235,0.031529769,730.01416,1503.0421,749.47174,0.7780298,0.58415812,15.725486,0.50521266,0.31646219,2.3549504e-10,85.928413,3085.544
1917.5,42.821957,0.029708853,42.766914,0.25941584,0.03152997,730.33801,1503.6997,749.80066,0.81770283,0.59154099,15.72783,0.39486611,0.22841756,1.5727906e-10,85.909523,3086.8849
1917.5833,42.812363,0.029717417,42.757301,0.25946,0.031530175,730.66541,1504.3605,750.13098,0.85441589,0.60833633,15.730888,0.22103462,0.082672499,1.3427269e-10,85.890373,3088.2408
1917.6667,42.802906,0.02971681,42.747849,0.25950348,0.03153038,730.95074,1504.9342,750.41791,0.88871133,0.6223433,15.735203,0.19187844,0.053412188,1.1656889e-10,85.871513,3089.4208
1917.75,42.793446,0.02971448,42.738392,0.25954694,0.031530581,731.06323,1505.1606,750.53149,0.91855597,0.65323573,15.737604,0.1712465,0.0461655,1.298112e-10,85.852631,3089.9173
1917.8333,42.784031,0.029732643,42.728943,0.25959039,0.031530783,730.96173,1504.9603,750.43176,0.91104776,0.71191758,15.739944,0.46060088,0.28224814,2.671226e-10,85.833832,3089.5507
1917.9167,42.774685,0.029790046,42.719494,0.25963381,0.031530984,730.79382,1504.6287,750.26648,0.88716727,0.69705164,15.741903,0.32854077,0.17591268,3.4971306e-10,85.81514,3088.8303
1918,42.765106,0.029802395,42.709892,0.25967795,0.031531189,730.6261,1504.2955,750.10034,0.86104059,0.67841852,15.743449,0.30853564,0.15920405,3.5686989e-10,85.796021,3088.1008
1918.0833,42.755909,0.029767038,42.700756,0.25971994,0.031531382,730.47498,1503.996,749.95099,0.833184,0.66151786,15.744933,0.33302078,0.1889412,3.5654971e-10,85.777687,3087.4391
1918.1667,42.746727,0.029740671,42.691624,0.25976193,0.03153158,730.3299,1503.7094,749.80817,0.80704021,0.64493781,15.746494,0.34765068,0.22377881,3.5623321e-10,85.759392,3086.8052
1918.25,42.737247,0.029720997,42.682182,0.25980532,0.031531781,730.1842,1503.4219,749.66498,0.7789135,0.60956424,15.748163,0.35669285,0.28637463,3.559962e-10,85.740486,3086.1481
1918.3333,42.727703,0.02966287,42.672745,0.25984871,0.031531982,730.04242,1503.1429,749.52588,0.77261394,0.56331044,15.749884,0.37159806,0.20898509,3.5530034e-10,85.721497,3085.5184
1918.4167,42.718197,0.029624667,42.663307,0.25989211,0.03153218,729.91138,1502.8867,749.39838,0.77457881,0.56776786,15.751757,0.42680866,0.25634775,3.5466022e-10,85.70256,3084.9933
1918.5,42.708706,0.029595807,42.653873,0.25993547,0.031532381,729.8335,1502.7391,749.32501,0.78668803,0.57761365,15.753912,0.48814341,0.30559677,3.0372027e-10,85.68364,3084.6995
1918.5833,42.699108,0.029589837,42.644287,0.25997955,0.031532586,730.07782,1503.2407,749.57587,0.82247972,0.58720636,15.756327,0.43236837,0.25757781,1.7269404e-10,85.664497,3085.7251
1918.6667,42.689709,0.029605702,42.634857,0.26002288,0.031532783,730.34851,1503.79,749.85065,0.85820311,0.60370559,15.758783,0.23584771,0.098135054,1.4838558e-10,85.645729,3086.8557
1918.75,42.680283,0.029607812,42.625427,0.26006624,0.031532984,730.47827,1504.0533,749.98254,0.87978882,0.64976519,15.761327,0.29409733,0.21902148,2.0199986e-10,85.626915,3087.432
1918.8333,42.670959,0.029664198,42.616001,0.26010957,0.031533185,730.35181,1503.8071,749.85992,0.85737902,0.67202705,15.763588,0.37542436,0.33991048,3.4185091e-10,85.608261,3086.9199
1918.9167,42.661556,0.029675554,42.606579,0.26015288,0.031533383,730.19318,1503.4945,749.70404,0.82479703,0.64720345,15.765276,0.33899504,0.46488318,3.4699962e-10,85.589493,3086.2187
1919,42.651947,0.029657973,42.597,0.26019689,0.031533584,730.04022,1503.1938,749.55426,0.77581871,0.60625142,15.767003,0.34974071,0.31245673,3.4679573e-10,85.570343,3085.5077
1919.0833,42.64283,0.029653965,42.587891,0.2602388,0.031533778,729.89594,1502.9104,749.41296,0.73836297,0.58082026,15.76863,0.34087631,0.30311361,3.467478e-10,85.552147,3084.8593
1919.1667,42.633698,0.029641943,42.578781,0.26028067,0.031533971,729.7558,1502.6354,749.276,0.7101292,0.56080568,15.770264,0.35273716,0.31365415,3.4660433e-10,85.533936,3084.2421
1919.25,42.624256,0.02962878,42.569366,0.26032394,0.031534169,729.61603,1502.3622,749.13983,0.68446881,0.53002888,15.772017,0.36604336,0.28433183,3.464487e-10,85.515106,3083.6198
1919.3333,42.614712,0.029556284,42.559952,0.26036721,0.031534366,729.49066,1502.1189,749.01862,0.68821514,0.49924424,15.773899,0.4261364,0.21577263,3.3890069e-10,85.496124,3083.0856
1919.4167,42.605213,0.029511174,42.550541,0.26041049,0.031534564,729.59583,1502.3422,749.13055,0.7243045,0.51900476,15.776156,0.50326252,0.26856142,2.3115065e-10,85.477211,3083.5654
1919.5,42.595787,0.029501582,42.54113,0.26045373,0.031534761,729.90247,1502.9729,749.44586,0.76641375,0.53861547,15.778631,0.45915765,0.23863456,1.6496302e-10,85.458405,3084.8634
1919.5833,42.58625,0.029515259,42.531567,0.26049769,0.031534962,730.24231,1503.662,749.79053,0.80520988,0.560821,15.781725,0.20492795,0.063664772,1.3571658e-10,85.439362,3086.282
1919.6667,42.576843,0.029515537,42.522163,0.26054093,0.03153516,730.5011,1504.1827,750.05096,0.83976132,0.57700318,15.786883,0.1735502,0.042433631,1.2177097e-10,85.420601,3087.3592
1919.75,42.56744,0.029514514,42.512756,0.26058415,0.031535357,730.61603,1504.4136,750.16669,0.86713797,0.6127491,15.79282,0.16733673,0.05470711,1.2846187e-10,85.401825,3087.8709
1919.8333,42.558041,0.029515198,42.503357,0.26062736,0.031535555,730.61487,1504.4103,750.16534,0.86674672,0.66274744,15.79848,0.16839239,0.13440055,1.4277868e-10,85.383072,3087.9015
1919.9167,42.548637,0.029514082,42.493958,0.26067057,0.031535752,730.58624,1504.3519,750.13654,0.86859173,0.66683942,15.801968,0.15923834,0.12249938,1.6031648e-10,85.364319,3087.7764
1920,42.539089,0.029515233,42.484406,0.26071447,0.031535953,730.54773,1504.2742,750.09802,0.87193632,0.67124349,15.804737,0.16201414,0.043102562,1.7448323e-10,85.345253,3087.6131
1920.0833,42.530003,0.029516025,42.475319,0.26075625,0.031536143,730.50464,1504.1875,750.05511,0.87257051,0.67811632,15.807396,0.17094077,0.051135357,1.9047999e-10,85.327133,3087.4325
1920.1667,42.52092,0.029517168,42.466232,0.26079801,0.031536333,730.45886,1504.0962,750.0097,0.87526292,0.68453151,15.810081,0.1845931,0.14127317,2.0132436e-10,85.309006,3087.2439
1920.25,42.511532,0.029517872,42.456844,0.26084119,0.031536527,730.4032,1503.9871,749.95563,0.87502575,0.67528892,15.812889,0.25016642,0.18635629,2.1833117e-10,85.290276,3086.9992
1920.3333,42.502136,0.02951573,42.447453,0.26088434,0.031536724,730.34167,1503.8671,749.89612,0.89774024,0.66250134,15.81571,0.23991707,0.090561323,2.3231603e-10,85.27153,3086.7524
1920.4167,42.492756,0.029518563,42.438068,0.2609275,0.031536918,730.27942,1503.7468,749.83624,0.9230755,0.68973178,15.818563,0.25997189,0.10516666,2.3797805e-10,85.252808,3086.5466
1920.5,42.483387,0.029525962,42.428684,0.26097065,0.031537116,730.21552,1503.6251,749.77588,0.93073112,0.71670139,15.821457,0.33971855,0.15955967,2.3678434e-10,85.234108,3086.3195
1920.5833,42.473888,0.029548148,42.419147,0.26101446,0.031537313,730.30859,1503.8241,749.87555,0.93684214,0.71610177,15.824417,0.36972502,0.19251913,1.5146678e-10,85.215141,3086.7007
1920.6667,42.464546,0.029566934,42.409767,0.26105759,0.03153751,730.48083,1504.1848,750.05603,0.95744056,0.72352934,15.827373,0.47461882,0.28528333,1.2844255e-10,85.19648,3087.4266
1920.75,42.455162,0.029563839,42.400387,0.26110071,0.031537704,730.47815,1504.2012,750.06464,0.97009438,0.78345889,15.830371,0.64498943,0.49322227,1.713828e-10,85.177757,3087.5056
1920.8333,42.445786,0.029564261,42.39101,0.2611438,0.031537898,730.3313,1503.9362,749.93262,0.97226489,0.82864064,15.833392,0.77667445,0.67687601,2.0108075e-10,85.15905,3086.9934
1920.9167,42.436417,0.029566858,42.381638,0.2611869,0.031538092,730.19189,1503.6875,749.8089,0.97990721,0.83519393,15.836428,0.80031437,0.69760144,2.2646626e-10,85.14035,3086.4801
1921,42.42696,0.02960499,42.372112,0.26123071,0.031538289,730.04852,1503.428,749.67963,0.97769487,0.83555996,15.839523,0.69283342,0.50054324,2.678561e-10,85.121445,3085.9304
1921.0833,42.417938,0.029625062,42.363049,0.26127234,0.031538479,729.91577,1503.1854,749.5589,0.97753733,0.8404665,15.842518,0.66335964,0.47517437,2.8078756e-10,85.103416,3085.4239
1921.1667,42.408936,0.029656988,42.353989,0.261314,0.031538665,729.78687,1502.9478,749.44037,0.95078784,0.82047135,15.845544,0.60984957,0.46881634,2.9004993e-10,85.085434,3084.8773
1921.25,42.399586,0.029665323,42.344624,0.26135707,0.031538859,729.65845,1502.7101,749.32214,0.9200446,0.78390718,15.848645,0.59798342,0.46206006,2.9285036e-10,85.06678,3084.3104
1921.3333,42.39011,0.029603865,42.335262,0.2614001,0.031539053,729.53381,1502.4792,749.20721,0.91184449,0.75064707,15.851671,0.59339237,0.36729643,2.9416941e-10,85.047913,3083.7825
1921.4167,42.380722,0.029590435,42.325901,0.26144314,0.031539246,729.41553,1502.2618,749.09894,0.92910838,0.77714938,15.854745,0.62087297,0.38818014,2.9409861e-10,85.029198,3083.3664
1921.5,42.371372,0.029595356,42.316544,0.26148617,0.03153944,729.4162,1502.2854,749.11108,0.95023036,0.79014981,15.857944,0.64299005,0.39279723,2.1103026e-10,85.010544,3083.4216
1921.5833,42.361851,0.029589765,42.30703,0.26152989,0.031539638,729.70404,1502.8861,749.41156,0.98953909,0.79057401,15.86156,0.54735643,0.2954635,1.3447249e-10,84.991539,3084.6348
1921.6667,42.352505,0.029593008,42.297676,0.2615729,0.031539828,729.9245,1503.349,749.64307,1.0367408,0.81925917,15.865307,0.5124985,0.26924622,1.1557276e-10,84.972893,3085.6107
1921.75,42.343143,0.029588193,42.288322,0.2616159,0.031540021,729.94861,1503.4159,749.67694,1.0662712,0.88791066,15.868778,0.61834598,0.36205876,1.3996895e-10,84.954216,3085.8186
1921.8333,42.333801,0.029592605,42.278973,0.26165888,0.031540215,729.82214,1503.1884,749.56366,1.0784887,0.95419008,15.872318,0.82980925,0.6684525,1.6931585e-10,84.935562,3085.4148
1921.9167,42.324459,0.029597554,42.269623,0.26170185,0.031540405,729.6853,1502.9424,749.44116,1.0854443,0.96089828,15.875885,0.86947227,0.82524997,1.9527149e-10,84.916924,3084.9081
1922,42.314976,0.029606529,42.260124,0.26174554,0.031540602,729.54596,1502.6902,749.31561,1.0938526,0.96916246,15.879559,0.84881777,0.62835449,2.0446063e-10,84.897995,3084.3923
1922.0833,42.305954,0.029613903,42.251087,0.26178709,0.031540785,729.41681,1502.4562,749.19916,1.1067523,0.98410457,15.88312,0.84864229,0.72171128,2.1003738e-10,84.879982,3083.9261
1922.1667,42.296932,0.029622607,42.24205,0.26182863,0.031540971,729.28931,1502.2241,749.08356,1.1101948,0.98945922,15.886744,0.84405416,0.77264261,2.185656e-10,84.861969,3083.4454
1922.25,42.287594,0.029622016,42.232712,0.26187158,0.031541161,729.15924,1501.9866,748.96539,1.1145087,0.97413176,15.890549,0.79498202,0.64842105,2.3229192e-10,84.843338,3082.9335
1922.3333,42.278194,0.029590085,42.223373,0.26191452,0.031541355,729.04517,1501.7739,748.85956,1.1487974,0.9459942,15.894397,0.55682236,0.29911864,2.4361882e-10,84.824615,3082.4926
1922.4167,42.268864,0.029593382,42.214035,0.26195744,0.031541545,728.94031,1501.5762,748.76117,1.1899843,0.98327804,15.898371,0.55562758,0.29869187,2.4807775e-10,84.805992,3082.1554
1922.5,42.259541,0.029597985,42.204704,0.26200035,0.031541735,728.83813,1501.3837,748.66534,1.1671696,0.96850091,15.90243,0.55015093,0.29570866,2.4863481e-10,84.787384,3081.7124
1922.5833,42.250065,0.029604385,42.195217,0.26204395,0.031541929,728.77734,1501.2745,748.61121,1.1586177,0.96125829,15.906655,0.55109358,0.28763792,2.185525e-10,84.768471,3081.4582
1922.6667,42.240768,0.029620865,42.18589,0.26208684,0.031542119,728.93463,1501.6049,748.77667,1.2042018,0.97696388,15.910898,0.4754602,0.24136935,1.4523441e-10,84.749908,3082.1582
1922.75,42.231445,0.029623622,42.176559,0.26212972,0.031542309,728.97534,1501.6996,748.82428,1.2343389,1.0233773,15.915274,0.53139192,0.61448544,1.7916811e-10,84.7313,3082.4032
1922.8333,42.222202,0.029669087,42.167236,0.26217261,0.031542499,728.86304,1501.4896,748.71979,1.1982783,1.0879747,15.919369,0.61195219,0.45941037,2.9206676e-10,84.712822,3081.9908
1922.9167,42.212921,0.029690789,42.157913,0.26221547,0.031542689,728.73242,1501.241,748.59601,1.1651459,1.0579379,15.922532,0.57566553,0.75797957,3.0397998e-10,84.694283,3081.4093
1923,42.203239,0.029578881,42.148438,0.26225904,0.031542882,728.61493,1501.014,748.48303,1.1013548,0.99514121,15.952888,0.10592637,0.053431317,3.0544151e-10,84.675056,3080.8362
1923.0833,42.194218,0.029574381,42.139423,0.26230046,0.031543065,728.51904,1500.8245,748.38861,1.0640239,0.96154702,15.998077,0.09049923,0.037380289,3.0588737e-10,84.657059,3080.4128
1923.1667,42.185207,0.029575203,42.130413,0.26234189,0.031543247,728.42389,1500.6368,748.29529,1.0305566,0.93150318,16.044521,0.090574406,0.036639076,3.078561e-10,84.639084,3080.0017
1923.25,42.175884,0.029570913,42.121098,0.26238471,0.031543437,728.32605,1500.4443,748.19946,0.9973594,0.8750695,16.094151,0.090972885,0.026668292,3.0951425e-10,84.620476,3079.5569
1923.3333,42.166546,0.029557953,42.111786,0.26242754,0.031543627,728.23035,1500.2565,748.1059,0.97475517,0.78127801,16.145765,0.090704545,0.00014344562,3.1015496e-10,84.60186,3079.0964
1923.4167,42.15723,0.029554226,42.102474,0.26247036,0.031543817,728.14673,1500.0934,748.02478,0.96077561,0.76920158,16.199755,0.090795718,0.00022074483,3.0991956e-10,84.583282,3078.7781
1923.5,42.147919,0.029553007,42.093163,0.26251316,0.031544004,728.18463,1500.1755,748.06622,0.97441655,0.7712605,16.256659,0.094093159,0.0014570407,2.3246526e-10,84.56469,3078.9933
1923.5833,42.138458,0.02955354,42.083706,0.26255664,0.031544197,728.5155,1500.8492,748.40308,0.99798793,0.77470756,16.318163,0.096006118,0.0022567934,1.4157819e-10,84.545822,3080.4046
1923.6667,42.129166,0.029558716,42.074398,0.26259944,0.031544384,728.81372,1501.4574,748.70728,1.031517,0.79142088,16.384485,0.095548436,0.0021570101,1.2007445e-10,84.527267,3081.713
1923.75,42.119862,0.02955961,42.065098,0.2626422,0.031544574,728.92426,1501.6885,748.82306,1.0671844,0.81119323,16.457203,0.09425316,0.0016341886,1.3497631e-10,84.508713,3082.2802
1923.8333,42.11058,0.029569702,42.055798,0.26268497,0.03154476,728.8515,1501.5509,748.7547,1.0613403,0.89580643,16.536531,0.091179319,0.00092869991,2.1610613e-10,84.490189,3082.1409
1923.9167,42.101349,0.029605925,42.046497,0.26272771,0.031544946,728.71747,1501.2914,748.62549,1.0280751,0.89104158,16.620478,0.091398284,0.00081223063,3.267179e-10,84.471725,3081.6456
1924,42.098351,0.033095859,42.037064,0.26277116,0.031545136,728.5882,1501.0427,748.50159,1.0719281,0.93551868,15.984535,3.1542716,2.0704856,3.7000492e-10,84.46283,3080.5872
1924.0833,42.083336,0.029826421,42.02808,0.2628125,0.031545319,728.46899,1500.8137,748.38763,1.0390265,0.91004282,15.970135,0.41829225,0.27650252,3.3414718e-10,84.4356,3080.0252
1924.1667,42.074211,0.029750699,42.019093,0.2628538,0.031545497,728.35199,1500.5892,748.27576,1.0103633,0.88655889,15.972071,0.4130691,0.28249034,3.3383973e-10,84.417458,3079.5033
1924.25,42.064892,0.029734513,42.009804,0.26289654,0.031545687,728.23499,1500.365,748.16418,0.98424345,0.84327614,15.974082,0.41405991,0.27201426,3.3365963e-10,84.398872,3078.9647
1924.3333,42.055397,0.029623626,42.000515,0.26293921,0.031545874,728.1217,1500.1482,748.05621,0.98537028,0.78326046,15.976108,0.43379587,0.17232737,3.3243058e-10,84.380028,3078.451
1924.4167,42.045998,0.029562518,41.99123,0.26298192,0.03154606,728.11755,1500.1538,748.05939,1.0181286,0.79867858,15.978388,0.51708227,0.20431264,2.5495425e-10,84.36132,3078.4873
1924.5,42.036694,0.029551359,41.981945,0.2630246,0.031546246,728.39532,1500.7278,748.34644,1.0725931,0.81316835,15.980927,0.41536954,0.15756859,1.6693114e-10,84.342758,3079.6789
1924.5833,42.027298,0.029571619,41.972511,0.26306799,0.031546433,728.72809,1501.4039,748.68451,1.1174664,0.82622975,15.984083,0.23794895,0.068355285,1.3554137e-10,84.323997,3081.0684
1924.6667,42.018017,0.029570704,41.96323,0.26311067,0.031546619,729.0033,1501.959,748.9621,1.1576843,0.83025825,15.98918,0.17140281,0.032705534,1.2173318e-10,84.305473,3082.2071
1924.75,42.008732,0.029565886,41.953953,0.26315331,0.031546805,729.10339,1502.1591,749.06232,1.1666631,0.89302868,15.995111,0.12119821,0.053905975,1.4608731e-10,84.286949,3082.6664
1924.8333,41.999443,0.029560521,41.944675,0.26319596,0.031546991,729.0658,1502.0802,749.02332,1.1688317,0.92594743,16.000982,0.11321799,0.02751202,1.6944365e-10,84.268425,3082.5335
1924.9167,41.99017,0.029559316,41.935402,0.26323861,0.031547178,729.01941,1501.9839,748.97552,1.1759894,0.93255502,16.006655,0.11664847,0.047332309,1.945136e-10,84.249916,3082.3442
1925,41.980736,0.029554652,41.92598,0.26328194,0.031547364,728.95923,1501.8629,748.91541,1.1755041,0.93447059,16.012197,0.28446978,0.094153255,2.268962e-10,84.231102,3082.0912
1925.0833,41.971775,0.029557187,41.917015,0.26332316,0.031547543,728.86053,1501.677,748.82288,1.1506023,0.92484921,16.016405,0.52093261,0.29469588,2.8723998e-10,84.213219,3081.6653
1925.1667,41.962818,0.029560495,41.908051,0.26336437,0.031547721,728.75177,1501.4769,748.72314,1.1202017,0.90596348,16.019249,0.55361807,0.4145551,3.0085498e-10,84.195343,3081.1926
1925.25,41.953548,0.029559076,41.898785,0.26340696,0.031547908,728.64478,1501.281,748.62579,1.0893439,0.86852336,16.021997,0.52675551,0.36502555,3.0117822e-10,84.176849,3080.7081
1925.3333,41.94426,0.029543674,41.889523,0.26344955,0.03154809,728.55542,1501.1138,748.5426,1.0771062,0.79324025,16.024734,0.32672787,0.11641333,3.0102684e-10,84.158325,3080.2652
1925.4167,41.935001,0.02954533,41.88026,0.26349214,0.031548277,728.55322,1501.1166,748.54443,1.0985262,0.80183333,16.027641,0.28072897,0.091502517,2.4318106e-10,84.139839,3080.2822
1925.5,41.925797,0.029574394,41.871002,0.26353472,0.031548459,728.82269,1501.6602,748.81622,1.1303576,0.7873708,16.030764,0.12770088,0.008859219,1.4439236e-10,84.121452,3081.3689
1925.5833,41.916374,0.02956824,41.861591,0.26357797,0.031548645,729.16028,1502.3359,749.15405,1.1678488,0.78005826,16.035643,0.11471304,0.0017112121,1.1838863e-10,84.102661,3082.7365
1925.6667,41.907116,0.029566526,41.852337,0.26362053,0.031548828,729.41357,1502.8418,749.40704,1.2038691,0.77008367,16.042278,0.11390749,0.0013981571,1.0588212e-10,84.084183,3083.7628
1925.75,41.897888,0.02958012,41.843086,0.26366308,0.031549014,729.61542,1503.2437,749.60815,1.2388841,0.77006292,16.049435,0.11292154,0.0010598215,1.0380109e-10,84.065765,3084.5913
1925.8333,41.888687,0.029606482,41.833836,0.26370561,0.031549197,729.63123,1503.272,749.6225,1.2482787,0.83281839,16.056246,0.13048013,0.010216031,1.4447103e-10,84.047379,3084.7106
1925.9167,41.87949,0.029633511,41.824585,0.26374814,0.031549379,729.52661,1503.063,749.51843,1.2355337,0.85754734,16.062263,0.22469312,0.17632914,2.0576575e-10,84.028999,3084.2923
1926,41.874649,0.032101482,41.815193,0.26379135,0.031549565,729.42621,1502.864,749.41943,1.2695853,0.88958359,15.737079,4.3093119,3.7168636,2.5637664e-10,84.017281,3083.6233
1926.0833,41.863117,0.03069021,41.806263,0.26383248,0.031549741,729.32849,1502.6725,749.32397,1.2708266,0.89720541,15.392411,0.63947982,0.59919441,2.650544e-10,83.995453,3082.8808
1926.1667,41.852386,0.029718367,41.797325,0.26387358,0.031549919,729.22375,1502.4703,749.22339,1.2209232,0.86628866,15.391375,0.35367072,0.31350124,2.7528321e-10,83.974846,3082.3709
1926.25,41.843174,0.029733075,41.788086,0.26391608,0.031550102,729.11652,1502.2657,749.12158,1.1750171,0.83566123,15.390554,0.37233728,0.33046708,2.8026234e-10,83.956459,3081.8617
1926.3333,41.833954,0.029742669,41.778851,0.26395854,0.031550281,729.01849,1502.0776,749.02789,1.1437689,0.75120085,15.389711,0.26622915,0.081797011,2.8108943e-10,83.938057,3081.3467
1926.4167,41.824749,0.029757276,41.769615,0.26400101,0.031550463,728.96387,1501.9719,748.97546,1.1481621,0.75542283,15.388882,0.22759661,0.061753035,2.5205232e-10,83.91967,3081.1233
1926.5,41.815567,0.029784864,41.76038,0.26404348,0.031550646,729.25787,1502.5636,749.2713,1.1622721,0.69772327,15.388039,0.14983916,0.018866295,1.4767176e-10,83.901321,3082.2422
1926.5833,41.806221,0.029804369,41.750999,0.26408663,0.031550832,729.60388,1503.2565,749.61761,1.1832454,0.6590153,15.387189,0.13285974,0.0087023415,1.1951107e-10,83.882652,3083.59
1926.6667,41.797024,0.029822284,41.741768,0.26412907,0.031551011,729.86792,1503.7845,749.88171,1.2104669,0.65708464,15.386353,0.13167471,0.0082332874,1.0373256e-10,83.864296,3084.6523
1926.75,41.787853,0.029853167,41.732544,0.26417151,0.031551193,730.04578,1504.1399,750.05951,1.2291068,0.68517494,15.385493,0.13164438,0.044824779,1.1130993e-10,83.845963,3085.3908
1926.8333,41.778709,0.029895712,41.72332,0.26421392,0.031551376,729.99811,1504.0422,750.01105,1.2218713,0.71801764,15.384615,0.13133812,0.029648084,1.5220934e-10,83.82769,3085.2034
1926.9167,41.769547,0.02992738,41.714096,0.26425633,0.031551555,729.89697,1503.8409,749.91083,1.2249148,0.71875685,15.383759,0.23227867,0.096910626,2.0744598e-10,83.80938,3084.7854
1927,41.760246,0.029965404,41.704723,0.26429942,0.031551737,729.79285,1503.6351,749.80829,1.2263649,0.72163206,15.382863,0.19322665,0.043093886,2.4344543e-10,83.790787,3084.358
1927.0833,41.751392,0.029997366,41.695808,0.26434043,0.031551912,729.69769,1503.4473,749.71478,1.2251359,0.727709,15.382038,0.23632002,0.072178721,2.5876379e-10,83.773102,3083.9679
1927.1667,41.742523,0.030021347,41.686897,0.26438144,0.031552088,729.59845,1503.254,749.61847,1.1989081,0.72509122,15.381231,0.28783345,0.15501645,2.7295671e-10,83.755379,3083.5315
1927.25,41.733337,0.030037321,41.677685,0.26442382,0.031552266,729.48956,1503.0458,749.51495,1.1385996,0.69698501,15.38041,0.33212298,0.19837916,2.8535466e-10,83.737038,3083.0033
1927.3333,41.724148,0.030047454,41.668472,0.26446617,0.031552449,729.38696,1502.85,749.41742,1.1047238,0.65950781,15.379585,0.29799712,0.087077603,2.8712793e-10,83.718689,3082.5169
1927.4167,41.714962,0.03006137,41.659264,0.26450855,0.031552628,729.30676,1502.6982,749.34198,1.0864757,0.66555327,15.378765,0.30140072,0.089081161,2.6867e-10,83.700348,3082.1782
1927.5,41.705811,0.030089963,41.650055,0.26455089,0.031552806,729.51422,1503.1222,749.55389,1.0997314,0.66457653,15.377922,0.21401171,0.048044432,1.6418468e-10,83.68206,3083.0148
1927.5833,41.696545,0.030138753,41.640701,0.26459393,0.031552989,729.90149,1503.8995,749.94257,1.0220503,0.6697191,15.377066,0.13679335,0.010786233,1.254999e-10,83.663536,3084.4761
1927.6667,41.687405,0.030173287,41.6315,0.26463625,0.031553168,730.22491,1504.5502,750.26776,0.91409093,0.67238408,15.376238,0.15185073,0.017174868,1.0910244e-10,83.645264,3085.6509
1927.75,41.678223,0.03018322,41.622299,0.26467857,0.031553347,730.35101,1504.8053,750.39557,0.91422021,0.74879766,15.375404,0.14785782,0.024480024,1.2297022e-10,83.626938,3086.2171
1927.8333,41.669044,0.030193277,41.613102,0.26472089,0.031553525,730.34717,1504.7961,750.39136,0.92310703,0.76333243,15.374571,0.13627028,0.043705672,1.4102472e-10,83.608612,3086.2043
1927.9167,41.659878,0.030209426,41.603905,0.26476318,0.031553704,730.32269,1504.7452,750.36627,0.92755777,0.77148598,15.373738,0.13622732,0.063757546,1.59959e-10,83.590309,3086.0972
1928,41.650547,0.030215628,41.594559,0.26480618,0.031553887,730.28912,1504.678,750.33313,0.9341352,0.78083825,15.37424,0.17411502,0.025785714,1.73252e-10,83.571686,3085.9613
1928.0833,41.641678,0.030226791,41.58567,0.26484707,0.031554058,730.25146,1504.6082,750.29846,0.94419056,0.79587942,15.375711,0.23967527,0.07503517,1.819748e-10,83.553978,3085.8279
1928.1667,41.632816,0.030240919,41.576782,0.26488796,0.03155423,730.20648,1504.5288,750.25916,0.95121294,0.80786699,15.377186,0.32713956,0.20491314,1.9237124e-10,83.536278,3085.6673
1928.25,41.623653,0.030254662,41.567593,0.26493022,0.031554408,730.14551,1504.4243,750.2074,0.95462859,0.7996915,15.378701,0.37478176,0.2694225,2.1115791e-10,83.517982,3085.4284
1928.3333,41.614491,0.030265944,41.558407,0.26497248,0.031554587,730.09344,1504.3317,750.16144,0.97687602,0.77812123,15.380188,0.2393245,0.061273392,2.2162265e-10,83.499687,3085.2214
1928.4167,41.605347,0.030287117,41.549225,0.26501474,0.031554762,730.05505,1504.2635,750.12769,0.99189651,0.80589318,15.381708,0.25937876,0.070405856,2.1641859e-10,83.48143,3085.1072
1928.5,41.596237,0.030326504,41.540043,0.26505697,0.031554941,730.26007,1504.6907,750.34137,1.0029428,0.79138792,15.383224,0.25007075,0.064251512,1.4105363e-10,83.463226,3085.9327
1928.5833,41.586967,0.030358348,41.530716,0.26509988,0.03155512,730.5332,1505.248,750.62012,1.0328609,0.78418648,15.384748,0.14452772,0.015482634,1.1256893e-10,83.444695,3087.0477
1928.6667,41.577801,0.030363491,41.521538,0.26514211,0.031555299,730.74805,1505.6805,750.83643,1.0686122,0.79649425,15.386349,0.11599359,0.0025804669,1.0264644e-10,83.426399,3087.9431
1928.75,41.568672,0.030388076,41.512363,0.26518431,0.031555474,730.85156,1505.8879,750.94043,1.0911803,0.83678204,15.387966,0.11324176,0.0018978956,1.2009549e-10,83.408157,3088.4041
1928.8333,41.559574,0.030428087,41.503193,0.26522651,0.031555653,730.7915,1505.766,750.87988,1.0873349,0.89041102,15.389583,0.11421949,0.0021284537,1.5251828e-10,83.389984,3088.1947
1928.9167,41.550465,0.030460397,41.494022,0.26526868,0.031555828,730.7168,1505.6172,750.80579,1.0943559,0.89788163,15.391214,0.17537607,0.042391472,1.6970146e-10,83.371773,3087.8949
1929,41.541264,0.030523976,41.484703,0.26531157,0.031556007,730.63641,1505.4619,750.72864,1.1083996,0.91404659,15.365002,0.45627502,0.17704523,1.8169924e-10,83.353355,3087.5679
1929.0833,41.53244,0.030545326,41.475842,0.26535237,0.031556178,730.56445,1505.3235,750.65985,1.1177918,0.92496324,15.363571,0.2594206,0.10651814,1.8372173e-10,83.335732,3087.2899
1929.1667,41.523655,0.030586336,41.466976,0.26539314,0.031556349,730.4881,1505.1799,750.58838,1.1252298,0.93402445,15.362729,0.29470426,0.13060214,1.9054205e-10,83.318169,3086.9964
1929.25,41.514565,0.030625088,41.457817,0.26543528,0.031556524,730.4071,1505.0277,750.5127,1.1335992,0.90924978,15.36184,0.24573483,0.13685055,2.0267947e-10,83.299995,3086.6522
1929.3333,41.505478,0.030663908,41.448658,0.26547745,0.031556699,730.33679,1504.8904,750.4444,1.1604503,0.89601815,15.360951,0.18256007,0.038507272,2.0845796e-10,83.281837,3086.3705
1929.4167,41.496399,0.03070518,41.439499,0.26551956,0.031556875,730.27271,1504.7643,750.38171,1.1865834,0.91754538,15.360075,0.18579794,0.04046404,2.0508188e-10,83.263672,3086.1468
1929.5,41.487347,0.030760081,41.430347,0.2655617,0.03155705,730.45288,1505.1288,750.56409,1.2123491,0.90343541,15.359193,0.16439132,0.027937749,1.3631886e-10,83.245575,3086.8661
1929.5833,41.47813,0.030806657,41.421043,0.2656045,0.031557228,730.75317,1505.7317,750.86554,1.2461398,0.89905697,15.358294,0.13512118,0.01099617,1.066013e-10,83.227135,3088.0809
1929.6667,41.469044,0.03083916,41.411896,0.26564661,0.031557404,730.99011,1506.2069,751.10309,1.2731105,0.89845484,15.357409,0.13328704,0.0097335819,9.8475145e-11,83.208977,3089.038
1929.75,41.459991,0.030890815,41.402748,0.26568872,0.031557579,731.10901,1506.4448,751.22235,1.2789531,0.94110942,15.356499,0.13221841,0.0078558372,1.1507756e-10,83.190872,3089.5436
1929.8333,41.450947,0.030944074,41.393604,0.2657308,0.03155775,731.00439,1506.2369,751.1189,1.2772546,0.99354482,15.35559,0.19958718,0.029986484,1.6503705e-10,83.172783,3089.1593
1929.9167,41.441921,0.031006701,41.38446,0.26577288,0.031557925,730.89813,1506.0269,751.0141,1.2868251,1.0067239,15.354666,0.18326703,0.078501575,1.832583e-10,83.154716,3088.7422
1930,41.432747,0.031069273,41.375172,0.26581565,0.031558104,730.79315,1505.8196,750.91101,1.2901978,1.0124937,15.353734,0.19033119,0.050950073,1.9936822e-10,83.13636,3088.3168
1930.0833,41.424015,0.031126302,41.366333,0.26585633,0.031558271,730.69592,1505.6288,750.81592,1.2833859,1.0171909,15.352858,0.22102414,0.074733488,2.0988372e-10,83.118881,3087.913
1930.1667,41.415272,0.031177087,41.357494,0.26589698,0.031558439,730.59644,1505.4362,750.72003,1.2769647,1.0217508,15.35199,0.23837717,0.085400231,2.2558169e-10,83.101395,3087.5047
1930.25,41.406223,0.031221483,41.348362,0.26593903,0.031558614,730.49622,1505.243,750.62384,1.2810068,1.0245404,15.351105,0.24379495,0.086519912,2.3757177e-10,83.083305,3087.1029
1930.3333,41.397156,0.031256855,41.339233,0.26598105,0.031558786,730.40277,1505.0599,750.53271,1.2943573,0.97710723,15.350219,0.16901264,0.031804491,2.4515745e-10,83.065186,3086.6822
1930.4167,41.388096,0.031292081,41.330101,0.2660231,0.031558961,730.31573,1504.8873,750.44684,1.311748,0.99195677,15.349352,0.16953084,0.032110739,2.4657384e-10,83.047066,3086.3501
1930.5,41.379036,0.031328291,41.320976,0.26606509,0.031559132,730.31293,1504.8837,750.44537,1.3266417,0.99082386,15.348485,0.17440264,0.034428447,1.9992032e-10,83.028969,3086.3368
1930.5833,41.369862,0.031381842,41.311703,0.2661078,0.031559307,730.57959,1505.4209,750.71387,1.348093,0.95408428,15.347593,0.13605876,0.012608249,1.3381345e-10,83.01062,3087.3749
1930.6667,41.360802,0.031414919,41.302582,0.26614979,0.031559482,730.81415,1505.8915,750.94922,1.3733099,0.94664031,15.346724,0.13329041,0.011139537,1.1701499e-10,82.992508,3088.3139
1930.75,41.35173,0.031442445,41.293461,0.26619178,0.031559654,730.86163,1505.9862,750.99677,1.377691,0.99910212,15.345855,0.13228445,0.027662992,1.3446463e-10,82.974388,3088.5417
1930.8333,41.34267,0.03147193,41.284344,0.26623374,0.031559825,730.82788,1505.9169,750.96259,1.3638822,1.0569952,15.344985,0.13199431,0.019448847,1.5297723e-10,82.956284,3088.4294
1930.9167,41.333622,0.03150836,41.275227,0.26627573,0.03156,730.76367,1505.7867,750.89777,1.3623285,1.0630465,15.344116,0.13157558,0.039401047,1.7580917e-10,82.938194,3088.1557
1931,41.324421,0.031541876,41.265965,0.26631838,0.031560175,730.69556,1505.6488,750.82916,1.3576241,1.0655721,15.344568,0.11207289,0.0082424013,1.9050655e-10,82.919815,3087.861
1931.0833,41.315666,0.03157324,41.257153,0.26635894,0.031560339,730.62579,1505.5087,750.75952,1.3543533,1.0707585,15.345984,0.13085023,0.019147255,2.1339557e-10,82.902313,3087.5675
1931.1667,41.306919,0.031606186,41.248341,0.2663995,0.031560507,730.55579,1505.3693,750.69025,1.3508805,1.0755224,15.347399,0.14290106,0.025951799,2.3153535e-10,82.884834,3087.2738
1931.25,41.297867,0.031635214,41.239235,0.26644143,0.031560678,730.47424,1505.209,750.61041,1.3436497,1.0592679,15.34887,0.16129431,0.034611128,2.5190555e-10,82.866745,3086.9119
1931.3333,41.288811,0.031661894,41.230133,0.26648337,0.031560849,730.39954,1505.0613,750.53693,1.3538649,1.024387,15.350344,0.13127847,0.017490732,2.5739316e-10,82.848656,3086.575
1931.4167,41.279758,0.031689044,41.221027,0.26652527,0.031561021,730.3421,1504.9468,750.48004,1.3759788,1.0464946,15.351828,0.1303542,0.016495947,2.4700786e-10,82.830559,3086.3737
1931.5,41.270737,0.031730369,41.211929,0.26656717,0.031561192,730.51031,1505.2854,750.64948,1.4004771,1.0247505,15.353307,0.11684375,0.006876139,1.5035835e-10,82.812523,3087.0361
1931.5833,41.261539,0.03175668,41.202682,0.26660976,0.031561363,730.78241,1505.8317,750.92273,1.4292405,1.0178896,15.354815,0.11297121,0.0037672215,1.2319033e-10,82.794151,3088.1328
1931.6667,41.252483,0.03177952,41.193584,0.26665163,0.031561535,731.01428,1506.2977,751.15576,1.4537357,1.0169502,15.356318,0.11235847,0.0031459732,1.0947039e-10,82.776062,3089.0709
1931.75,41.243427,0.031799037,41.184494,0.2666935,0.031561706,731.06964,1506.4087,751.21143,1.4587914,1.0746534,15.357918,0.11078963,0.0039482811,1.3086848e-10,82.757973,3089.3391
1931.8333,41.234394,0.031828851,41.1754,0.26673537,0.031561878,731.0105,1506.2888,751.15186,1.4503573,1.1357126,15.359536,0.10972575,0.0020328504,1.4707739e-10,82.739922,3089.1368
1931.9167,41.225361,0.031859875,41.166313,0.26677725,0.031562045,730.95587,1506.1782,751.09692,1.4529785,1.1465508,15.361158,0.10965425,0.0079341279,1.5879353e-10,82.721878,3088.9136
1932,41.216232,0.031917311,41.157078,0.26681978,0.03156222,730.90045,1506.0651,751.04083,1.4535978,1.1566054,15.335157,0.34210113,0.13785851,1.689842e-10,82.703613,3088.6553
1932.0833,41.207478,0.031935118,41.148289,0.26686025,0.031562384,730.84875,1505.96,750.98853,1.4358864,1.1571331,15.333907,0.13003799,0.013038155,1.7680797e-10,82.686127,3088.4101
1932.1667,41.198757,0.031969868,41.139503,0.26690069,0.031562548,730.79913,1505.8591,750.93848,1.4311737,1.1629997,15.333072,0.13004775,0.014438608,1.8550672e-10,82.668694,3088.1926
1932.25,41.189739,0.032002322,41.130424,0.26694253,0.031562716,730.74835,1505.756,750.88727,1.4312719,1.1490222,15.332208,0.13015862,0.01322796,1.9431216e-10,82.650673,3087.9547
1932.3333,41.180706,0.032026604,41.121346,0.26698434,0.031562887,730.70007,1505.6581,750.83862,1.4501802,1.1105423,15.331345,0.12915078,0.01036558,1.9889788e-10,82.632622,3087.7214
1932.4167,41.171688,0.03205866,41.11227,0.26702613,0.031563055,730.65387,1505.5641,750.79199,1.4715652,1.1343893,15.330481,0.12925793,0.011933859,1.99955e-10,82.614609,3087.5609
1932.5,41.162682,0.032094013,41.103195,0.26706794,0.031563222,730.66058,1505.5765,750.79852,1.4674375,1.1384232,15.329618,0.13073467,0.012124127,1.7211865e-10,82.596603,3087.5678
1932.5833,41.153526,0.032128792,41.093975,0.26711041,0.031563394,730.88715,1506.0323,751.02643,1.4610549,1.1105589,15.328742,0.13296565,0.012419865,1.2125019e-10,82.578308,3088.4245
1932.6667,41.144516,0.032161158,41.084908,0.26715216,0.031563565,731.04657,1506.3534,751.18701,1.4882654,1.1058813,15.327868,0.13245425,0.01183112,1.1129179e-10,82.560295,3089.0692
1932.75,41.135532,0.032206409,41.07584,0.26719394,0.031563733,731.11945,1506.5001,751.26062,1.5031463,1.1480831,15.326974,0.13157536,0.011602918,1.1455655e-10,82.542336,3089.4008
1932.8333,41.126553,0.032250129,41.066776,0.2672357,0.0315639,731.06982,1506.4,751.21088,1.4915968,1.2333654,15.326076,0.12963612,0.0094614336,1.4163443e-10,82.524376,3089.2561
1932.9167,41.117596,0.032307152,41.057713,0.26727745,0.031564068,730.98962,1506.2379,751.13025,1.4972718,1.2439113,15.325178,0.12915102,0.0092659276,1.7072305e-10,82.506454,3088.9306
1933,41.108482,0.03235944,41.048504,0.26731986,0.031564239,730.91083,1506.0785,751.05096,1.4920379,1.245308,15.324267,0.13015793,0.026164273,1.8517661e-10,82.488228,3088.5902
1933.0833,41.099808,0.032404941,41.039742,0.26736021,0.031564403,730.83313,1505.9222,750.97321,1.4746451,1.2409126,15.323402,0.14090462,0.054046929,2.0219371e-10,82.470871,3088.2384
1933.1667,41.091129,0.03244859,41.030983,0.26740056,0.031564564,730.75378,1505.7635,750.89423,1.4723941,1.2451071,15.32254,0.15415727,0.07287968,2.2076471e-10,82.453522,3087.9053
1933.25,41.08215,0.032488849,41.021931,0.26744229,0.031564731,730.67218,1505.6017,750.81372,1.4720055,1.2242236,15.321654,0.15651478,0.063247196,2.3730273e-10,82.43557,3087.5411
1933.3333,41.073154,0.032519106,41.012878,0.26748398,0.031564899,730.59668,1505.4501,750.73828,1.482196,1.164444,15.320778,0.12982133,0.010317904,2.4516761e-10,82.417603,3087.1701
1933.4167,41.064171,0.032552641,41.00383,0.26752567,0.031565066,730.54279,1505.3407,750.6839,1.487396,1.1682239,15.319913,0.13002361,0.011690761,2.3214876e-10,82.399643,3086.9426
1933.5,41.05518,0.032583047,40.994785,0.26756737,0.031565234,730.74048,1505.738,750.88263,1.5011096,1.1128229,15.319047,0.13281506,0.011760863,1.5010122e-10,82.381683,3087.6757
1933.5833,41.046036,0.032610249,40.985592,0.26760972,0.031565402,730.97888,1506.2169,751.12219,1.5311784,1.0832636,15.318165,0.13064197,0.010590284,1.2319409e-10,82.363411,3088.614
1933.6667,41.037056,0.032642234,40.976547,0.26765138,0.031565569,731.13782,1506.5361,751.28192,1.5609487,1.069152,15.317293,0.12951572,0.010798299,1.1389977e-10,82.345467,3089.2487
1933.75,41.028088,0.03268227,40.967506,0.26769304,0.031565733,731.164,1506.5884,751.30829,1.5710982,1.1121556,15.316402,0.12869594,0.014323589,1.3293369e-10,82.32753,3089.3881
1933.8333,41.019142,0.032731488,40.958469,0.26773468,0.031565901,731.07758,1506.4141,751.2215,1.5588713,1.1864781,15.315512,0.12774013,0.0086111622,1.7347392e-10,82.309647,3089.0836
1933.9167,41.010193,0.03277738,40.949432,0.26777631,0.031566069,730.98657,1506.2306,751.13013,1.5634478,1.1984975,15.314621,0.12859887,0.0094924551,1.9544531e-10,82.29174,3088.7157
1934,41.001095,0.032823637,40.94025,0.26781863,0.031566236,730.89532,1506.0461,751.03833,1.5367193,1.1909025,15.313716,0.12943842,0.010483856,2.2361137e-10,82.273552,3088.2945
1934.0833,40.992439,0.032864805,40.931519,0.26785886,0.031566396,730.81158,1505.8772,750.95422,1.5073893,1.18651,15.312862,0.13006021,0.013969922,2.4844415e-10,82.256241,3087.9062
1934.1667,40.983765,0.032896716,40.922783,0.26789913,0.031566557,730.73132,1505.7151,750.87354,1.5097692,1.1962616,15.312027,0.13017902,0.014187442,2.6488792e-10,82.238907,3087.5769
1934.25,40.974777,0.03291769,40.913757,0.26794073,0.03156672,730.64966,1505.5499,750.79144,1.5122601,1.1798757,15.311179,0.13029145,0.01310804,2.7629973e-10,82.220963,3087.2155
1934.3333,40.965771,0.032927472,40.904732,0.2679823,0.031566888,730.57098,1505.3912,750.71234,1.5222791,1.1231228,15.310339,0.12931943,0.0098407743,2.795415e-10,82.20298,3086.8332
1934.4167,40.956779,0.032944225,40.89571,0.26802391,0.031567052,730.55005,1505.3483,750.69116,1.5301707,1.1180699,15.309501,0.1299395,0.010664253,2.3571858e-10,82.185028,3086.7324
1934.5,40.947788,0.032959495,40.886688,0.26806548,0.031567216,730.80981,1505.8696,750.9519,1.5508889,1.0631578,15.30866,0.13067694,0.01059362,1.5324475e-10,82.167068,3087.721
1934.5833,40.938648,0.032975174,40.877522,0.26810771,0.031567384,731.09271,1506.4373,751.2356,1.5815347,1.0445762,15.307802,0.12810247,0.010104338,1.2468042e-10,82.148819,3088.8485
1934.6667,40.929668,0.032994106,40.868507,0.26814926,0.031567547,731.18793,1506.6278,751.33112,1.6107717,1.0326817,15.306955,0.12716138,0.0094581982,1.1443297e-10,82.13089,3089.228
1934.75,40.920704,0.033021633,40.859493,0.2681908,0.031567711,731.28003,1506.8124,751.42358,1.6308776,1.0360804,15.30609,0.12630892,0.013024852,1.1754293e-10,82.112976,3089.602
1934.8333,40.911758,0.03305665,40.850479,0.26823235,0.031567875,731.22864,1506.7084,751.37189,1.6114607,1.1281748,15.305216,0.12519114,0.0088300509,1.6908025e-10,82.0951,3089.4489
1934.9167,40.902821,0.033094436,40.841469,0.26827389,0.031568039,731.12909,1506.5077,751.27203,1.6157433,1.1424885,15.304342,0.12759855,0.011424007,2.3374652e-10,82.077232,3089.0484
1935,40.893723,0.033125732,40.832314,0.26831606,0.031568207,731.03119,1506.3102,751.17365,1.6076484,1.1452643,15.303464,0.12893836,0.01090847,2.8082794e-10,82.059052,3088.6304
1935.0833,40.885048,0.033145927,40.823605,0.26835623,0.031568367,730.94385,1506.1338,751.08594,1.6008891,1.1539223,15.302648,0.12907088,0.011105673,2.9526051e-10,82.041725,3088.2628
1935.1667,40.876369,0.033161085,40.814896,0.26839635,0.031568523,730.85883,1505.9624,751.00049,1.5584226,1.1348914,15.301843,0.12925532,0.011214096,3.0129629e-10,82.024391,3087.8413
1935.25,40.86739,0.033172842,40.805893,0.26843786,0.031568687,730.77539,1505.7938,750.91669,1.5023848,1.0811244,15.301015,0.12935859,0.010546699,3.0276043e-10,82.006462,3087.377
1935.3333,40.858402,0.033178173,40.796894,0.26847932,0.031568851,730.69531,1505.6322,750.83624,1.4447627,0.97048271,15.300189,0.12844807,0.0080947476,3.0440903e-10,81.988525,3086.8678
1935.4167,40.849422,0.033188961,40.787899,0.2685208,0.031569015,730.62079,1505.4814,750.76117,1.4143988,0.95946628,15.299364,0.12845571,0.0090610739,3.0466624e-10,81.970604,3086.5075
1935.5,40.840454,0.033201985,40.778904,0.26856226,0.031569175,730.62793,1505.4952,750.76825,1.3754818,0.93948364,15.298536,0.12901546,0.0095602768,2.4429797e-10,81.95269,3086.4575
1935.5833,40.831337,0.03321518,40.769764,0.2686044,0.031569343,730.94537,1506.1317,751.08667,1.364158,0.88233012,15.297691,0.12974171,0.0092497105,1.5684537e-10,81.934494,3087.6426
1935.6667,40.822372,0.03323023,40.760773,0.26864585,0.031569503,731.26251,1506.7678,751.4046,1.3876116,0.85642499,15.296859,0.12797537,0.0085928719,1.293579e-10,81.916595,3088.8922
1935.75,40.813408,0.033243101,40.751781,0.26868728,0.031569667,731.41248,1507.0684,751.55511,1.4084109,0.85743296,15.296025,0.12794754,0.0091644088,1.3361076e-10,81.898689,3089.4967
1935.8333,40.804436,0.033250865,40.742794,0.2687287,0.031569827,731.42737,1507.0973,751.56982,1.3943207,0.94709229,15.295191,0.1275468,0.0071437689,1.5398006e-10,81.880783,3089.6119
1935.9167,40.795475,0.033264261,40.73381,0.26877013,0.031569991,731.41516,1507.0717,751.55737,1.387408,0.96232104,15.294358,0.12750888,0.009292746,1.6229429e-10,81.862885,3089.5511
1936,40.786358,0.033271078,40.724682,0.26881221,0.031570155,731.39453,1507.0295,751.53656,1.3850077,0.97806847,15.294853,0.10817751,0.00059573114,1.7566903e-10,81.844696,3089.4633
1936.0833,40.777699,0.033285189,40.715996,0.26885226,0.031570312,731.36969,1506.9786,751.5116,1.3635548,0.98569399,15.296281,0.1075921,0.00022790694,1.8734141e-10,81.8274,3089.3328
1936.1667,40.769047,0.033301406,40.70731,0.26889229,0.031570468,731.3399,1506.9182,751.48157,1.3477864,0.98927307,15.297709,0.10755491,0.00019424726,2.0093867e-10,81.81012,3089.1846
1936.25,40.760098,0.03331681,40.698334,0.26893365,0.031570628,731.30573,1506.8486,751.44714,1.3354781,0.97382456,15.299191,0.10764257,0.00017609631,2.1102999e-10,81.792252,3089.0023
1936.3333,40.751144,0.033328816,40.689362,0.26897505,0.031570792,731.27795,1506.792,751.41913,1.3086404,0.92133588,15.300673,0.10745125,0.0001487694,2.1600889e-10,81.774376,3088.7941
1936.4167,40.74221,0.03334897,40.680389,0.26901641,0.031570952,731.26892,1506.7734,751.4101,1.2135293,0.91185009,15.302157,0.10757903,0.00027655152,2.0933488e-10,81.756538,3088.6368
1936.5,40.733322,0.033393804,40.671417,0.26905775,0.031571113,731.49487,1507.2277,751.63745,1.1089799,0.8572768,15.303648,0.11341612,0.0025705094,1.3662002e-10,81.738762,3089.3688
1936.5833,40.724251,0.033416711,40.662304,0.26909977,0.031571276,731.81348,1507.8699,751.95856,1.1072178,0.81383914,15.305199,0.11456104,0.0028133618,1.1629985e-10,81.720634,3090.5888
1936.6667,40.715332,0.033441175,40.653336,0.26914111,0.031571437,732.06451,1508.375,752.2113,1.1362602,0.78469735,15.30678,0.11199482,0.0017238097,1.0594577e-10,81.70282,3091.5815
1936.75,40.706455,0.033487108,40.644375,0.26918244,0.031571597,732.22742,1508.7024,752.375,1.159906,0.80342346,15.308334,0.10984825,0.0010335845,1.1562114e-10,81.685066,3092.2614
1936.8333,40.697594,0.033541813,40.63541,0.26922375,0.031571757,732.20184,1508.6504,752.34943,1.147032,0.87903184,15.309884,0.10852132,0.00060401374,1.3170411e-10,81.667343,3092.2048
1936.9167,40.688747,0.033602308,40.626453,0.26926506,0.031571917,732.16193,1508.5697,752.30933,1.1505569,0.89108467,15.311436,0.10835557,0.00087147421,1.4764659e-10,81.649635,3092.0438
1937,40.679817,0.033695657,40.617348,0.26930705,0.031572081,732.12036,1508.4855,752.26764,1.1645985,0.9141044,15.285188,0.35527408,0.086448178,1.5512029e-10,81.631737,3091.8693
1937.0833,40.671234,0.033736251,40.608688,0.26934698,0.031572234,732.08527,1508.4144,752.23248,1.1684268,0.92587256,15.28381,0.12967062,0.0082628969,1.5600669e-10,81.614578,3091.7248
1937.1667,40.662689,0.033796735,40.600029,0.26938692,0.03157239,732.04919,1508.3413,752.19623,1.1695204,0.93475604,15.282926,0.13012075,0.008450863,1.6010662e-10,81.597473,3091.5715
1937.25,40.653851,0.033856407,40.59108,0.26942816,0.031572547,732.00885,1508.2596,752.15576,1.1712395,0.92465854,15.282013,0.12966228,0.0083265863,1.686136e-10,81.579781,3091.3821
1937.3333,40.644985,0.033901989,40.582134,0.26946944,0.031572707,731.97052,1508.1823,752.11737,1.1790174,0.88192254,15.281097,0.12830162,0.0089984089,1.7375157e-10,81.562057,3091.1743
1937.4167,40.63615,0.03396102,40.573189,0.26951069,0.031572867,731.93732,1508.1147,752.08405,1.1815892,0.88887328,15.280185,0.12805076,0.0089928517,1.7481294e-10,81.54438,3091.0311
1937.5,40.627327,0.03402479,40.564243,0.26955193,0.031573027,732.00793,1508.256,752.15485,1.1819178,0.87842447,15.279273,0.13013953,0.0098362155,1.4659186e-10,81.526718,3091.2849
1937.5833,40.61834,0.03407871,40.555157,0.26959386,0.031573188,732.35352,1508.9503,752.50195,1.1879061,0.84580463,15.278345,0.13249217,0.010650187,1.0930951e-10,81.508743,3092.6265
1937.6667,40.609505,0.034134202,40.546219,0.26963508,0.031573348,732.62207,1509.49,752.77185,1.2114663,0.84991163,15.277418,0.13126735,0.01050356,9.7504088e-11,81.491066,3093.7136
1937.75,40.6007,0.034203876,40.537285,0.2696763,0.031573504,732.78662,1509.8206,752.93726,1.2393059,0.87591773,15.276473,0.13033409,0.010102514,1.0046366e-10,81.473434,3094.4095
1937.8333,40.591904,0.034277178,40.528351,0.26971751,0.031573664,732.74243,1509.7314,752.89319,1.2266957,0.968871,15.275524,0.12901081,0.0068653263,1.2658842e-10,81.455818,3094.2941
1937.9167,40.583126,0.034359504,40.519421,0.2697587,0.031573821,732.65717,1509.5598,752.80762,1.2342471,0.97869229,15.274578,0.13200572,0.0082105109,1.4660659e-10,81.438232,3093.9504
1938,40.574181,0.034430329,40.510345,0.26980057,0.031573981,732.56616,1509.3783,752.71729,1.2396982,0.98829889,15.27362,0.15185331,0.019605367,1.7132007e-10,81.420326,3093.5836
1938.0833,40.565666,0.034493811,40.501709,0.26984039,0.031574134,732.4801,1509.209,752.63306,1.2464029,0.99823248,15.272715,0.16963506,0.028220784,1.9286628e-10,81.403282,3093.2427
1938.1667,40.557148,0.034553912,40.49308,0.26988024,0.031574287,732.39832,1509.0491,752.55341,1.2519528,1.0070781,15.271823,0.16800648,0.027529225,2.117589e-10,81.386238,3092.9178
1938.25,40.548321,0.034604583,40.484158,0.26992139,0.031574443,732.31866,1508.8933,752.47601,1.2576042,0.99136901,15.270914,0.1607796,0.024133123,2.2856561e-10,81.368576,3092.5765
1938.3333,40.539463,0.034638878,40.475235,0.26996255,0.031574603,732.24884,1508.754,752.40662,1.2659446,0.93288302,15.270018,0.12809645,0.010056073,2.3729022e-10,81.350876,3092.2293
1938.4167,40.530624,0.034680519,40.46632,0.27000368,0.03157476,732.25964,1508.7751,752.41754,1.2740226,0.92369848,15.269133,0.1291125,0.010396306,2.0019808e-10,81.333206,3092.2523
1938.5,40.521774,0.034716319,40.457405,0.27004483,0.031574916,732.58936,1509.4369,752.74841,1.2928985,0.86605769,15.268247,0.12981185,0.010554195,1.369633e-10,81.315521,3093.5175
1938.5833,40.512783,0.034752019,40.448345,0.27008662,0.031575076,732.90442,1510.0693,753.06464,1.31151,0.84329325,15.267344,0.12793589,0.0091342581,1.1486735e-10,81.297546,3094.7581
1938.6667,40.503952,0.034793586,40.439434,0.27012774,0.031575233,733.15137,1510.5651,753.3125,1.3291366,0.828493,15.266447,0.12622425,0.008722825,1.0374655e-10,81.279884,3095.7327
1938.75,40.495148,0.034850329,40.430527,0.27016884,0.031575389,733.30298,1510.8693,753.46478,1.3460268,0.8231442,15.265528,0.12619819,0.0089473715,1.065402e-10,81.262276,3096.3341
1938.8333,40.486355,0.034911692,40.421619,0.27020994,0.031575546,733.27502,1510.8126,753.43683,1.3256824,0.93277383,15.264604,0.12508525,0.0076464443,1.4383802e-10,81.244675,3096.2921
1938.9167,40.47757,0.034975946,40.412716,0.27025104,0.031575702,733.18274,1510.6268,753.3443,1.3253667,0.96145838,15.26368,0.12542769,0.010235194,1.6247073e-10,81.227089,3095.9314
1939,40.468643,0.035039105,40.403667,0.27029279,0.031575859,733.09149,1510.4432,753.25287,1.3228511,0.97413445,15.26274,0.12652709,0.011544573,1.759121e-10,81.209221,3095.5566
1939.0833,40.460144,0.035098493,40.395061,0.27033252,0.031576011,733.00616,1510.2712,753.1673,1.3162892,0.986799,15.261847,0.12751967,0.012131503,1.9226541e-10,81.192215,3095.2017
1939.1667,40.451649,0.035156213,40.386456,0.27037224,0.03157616,732.92334,1510.1047,753.08429,1.3169379,1.0006669,15.260958,0.12788473,0.012373973,2.0634817e-10,81.175209,3094.8662
1939.25,40.442844,0.035206247,40.37756,0.27041331,0.031576317,732.84094,1509.9387,753.00177,1.316869,0.9905107,15.260049,0.12797256,0.011345431,2.1861808e-10,81.1576,3094.5066
1939.3333,40.434025,0.035243902,40.368668,0.27045435,0.031576473,732.76556,1509.7865,752.92603,1.3158513,0.92432815,15.259147,0.12603375,0.0089439154,2.208424e-10,81.139969,3094.1172
1939.4167,40.425224,0.035293799,40.359776,0.27049538,0.031576626,732.69427,1509.6429,752.85455,1.3049392,0.92286313,15.258245,0.12617961,0.0079305442,2.2007067e-10,81.122368,3093.8
1939.5,40.416428,0.035342712,40.350887,0.27053639,0.031576782,732.86505,1509.9854,753.026,1.3080405,0.89012611,15.257344,0.12774535,0.0081196912,1.5007466e-10,81.104774,3094.4367
1939.5833,40.407482,0.035388891,40.341858,0.27057809,0.031576939,733.23352,1510.7249,753.39569,1.321925,0.82340217,15.256428,0.12604935,0.0074609304,1.1758561e-10,81.086884,3095.8429
1939.6667,40.398689,0.035437487,40.332973,0.27061909,0.031577095,733.50403,1511.2678,753.66718,1.338191,0.78970194,15.255523,0.12494692,0.0074621751,1.0578619e-10,81.069305,3096.892
1939.75,40.389912,0.03549188,40.324093,0.2706601,0.031577248,733.62787,1511.5159,753.79144,1.3409638,0.82950068,15.254606,0.12453483,0.0096856132,1.2064182e-10,81.051735,3097.4121
1939.8333,40.381157,0.035558529,40.315212,0.27070111,0.031577405,733.54791,1511.3552,753.71136,1.3206514,0.89747643,15.253685,0.1250796,0.0059250006,1.7151996e-10,81.034203,3097.1205
1939.9167,40.372375,0.03561084,40.306335,0.27074209,0.031577557,733.42865,1511.1162,753.59235,1.2970113,0.89431018,15.252781,0.14335042,0.024756236,2.7459074e-10,81.016647,3096.5979
1940,40.36338,0.035624675,40.297318,0.27078372,0.031577714,733.32288,1510.9045,753.48694,1.2489505,0.8723073,15.251929,0.1285972,0.010330173,3.3114911e-10,80.99868,3096.0863
1940.0833,40.354797,0.035622645,40.288734,0.27082336,0.031577863,733.23187,1510.7219,753.396,1.2058574,0.85386091,15.251151,0.13865732,0.017120661,3.3724901e-10,80.981552,3095.6422
1940.1667,40.346199,0.035614323,40.280155,0.27086297,0.031578012,733.14001,1510.5394,753.30511,1.1650237,0.83534968,15.250381,0.15510777,0.0263102,3.4297948e-10,80.964417,3095.1997
1940.25,40.337315,0.035604686,40.271286,0.27090392,0.031578168,733.05023,1510.3624,753.21704,1.1278752,0.79509985,15.249586,0.14756455,0.020442799,3.4601844e-10,80.946693,3094.749
1940.3333,40.328423,0.035590455,40.262417,0.27094483,0.031578321,733.03229,1510.3267,753.1994,1.1222621,0.72743654,15.248783,0.12788975,0.0074125826,2.9890118e-10,80.928955,3094.5858
1940.4167,40.319542,0.035582881,40.253555,0.27098578,0.031578474,733.33148,1510.9266,753.49951,1.1331902,0.68099457,15.247978,0.12880599,0.0084725851,1.8942201e-10,80.911247,3095.7309
1940.5,40.310669,0.035576608,40.24469,0.2710267,0.031578626,733.68353,1511.6328,753.85254,1.1518192,0.63960159,15.247169,0.12617831,0.0080322484,1.4766255e-10,80.893539,3097.1011
1940.5833,40.301655,0.035573117,40.235683,0.27106827,0.031578783,733.91241,1512.0916,754.08209,1.1722736,0.63149601,15.246345,0.12391116,0.006809914,1.2588608e-10,80.875549,3098.0115
1940.6667,40.29282,0.035586864,40.226826,0.27110919,0.031578936,734.14221,1512.552,754.3125,1.1937947,0.63212895,15.245502,0.12280222,0.006657308,1.1482722e-10,80.857925,3098.9362
1940.75,40.284035,0.035625491,40.217968,0.27115008,0.031579088,734.28381,1512.8358,754.45453,1.2059016,0.67350835,15.244619,0.1228633,0.0088523626,1.3003783e-10,80.840355,3099.5386
1940.8333,40.275265,0.035670482,40.209114,0.27119094,0.031579241,734.22174,1512.7107,754.39233,1.1927232,0.74290413,15.24373,0.12258752,0.0051410799,1.7151724e-10,80.822823,3099.3268
1940.9167,40.266495,0.035714746,40.20026,0.27123183,0.031579394,734.13947,1512.545,754.30981,1.1900049,0.75897795,15.242841,0.12470005,0.0057377522,2.0956406e-10,80.805283,3098.9914
1941,40.257576,0.03575569,40.191265,0.27127337,0.031579547,734.05536,1512.3761,754.22577,1.1862137,0.77278864,15.241938,0.12623122,0.0055900831,2.4105459e-10,80.787445,3098.6455
1941.0833,40.249077,0.035787784,40.182709,0.27131289,0.031579696,733.97516,1512.2145,754.14532,1.1812891,0.78414685,15.241096,0.12692934,0.0066063125,2.7325017e-10,80.77047,3098.312
1941.1667,40.240559,0.035806447,40.174152,0.27135238,0.031579841,733.89886,1512.0609,754.06897,1.1696913,0.7892499,15.24028,0.12730223,0.0097407689,2.9125513e-10,80.753448,3097.9814
1941.25,40.231728,0.035814602,40.16531,0.27139324,0.031579994,733.82214,1511.9064,753.99207,1.1261835,0.75117433,15.239454,0.1273863,0.0097390115,3.016277e-10,80.735825,3097.5734
1941.3333,40.222881,0.035811011,40.156467,0.27143407,0.031580146,733.75629,1511.7737,753.92603,1.0963625,0.68480504,15.238633,0.12580875,0.0060171732,3.0091465e-10,80.71817,3097.1941
1941.4167,40.214054,0.035817608,40.147625,0.27147487,0.031580299,733.91028,1512.0823,754.08038,1.0851054,0.6614418,15.237809,0.12674369,0.0077429726,2.0301508e-10,80.700546,3097.7578
1941.5,40.205227,0.035823781,40.13879,0.2715157,0.031580448,734.31348,1512.8912,754.48486,1.095315,0.62296683,15.236982,0.12525257,0.007897743,1.4660972e-10,80.68293,3099.3276
1941.5833,40.196262,0.035833519,40.129807,0.27155718,0.031580605,734.54456,1513.3547,754.7168,1.1174001,0.6002382,15.236141,0.12383998,0.007124003,1.266517e-10,80.665047,3100.235
1941.6667,40.187462,0.035850987,40.120975,0.27159795,0.031580754,734.6792,1513.6245,754.85187,1.1415328,0.5886265,15.235294,0.12297859,0.0071020401,1.1708937e-10,80.647461,3100.7684
1941.75,40.178699,0.035887919,40.112141,0.27163875,0.031580906,734.77325,1513.8131,754.94641,1.15378,0.62910885,15.234413,0.12325224,0.008390652,1.2365671e-10,80.629944,3101.1799
1941.8333,40.169945,0.035928354,40.103313,0.27167952,0.031581055,734.75854,1513.7831,754.9317,1.1443073,0.69653249,15.233528,0.12263411,0.0087351594,1.5787215e-10,80.61245,3101.1601
1941.9167,40.161198,0.035972137,40.094486,0.27172029,0.031581208,734.69043,1513.6461,754.86346,1.1460583,0.71437508,15.232642,0.12241004,0.0091103641,1.7649036e-10,80.594955,3100.888
1942,40.152309,0.036014352,40.085514,0.27176172,0.031581361,734.62524,1513.5145,754.79816,1.1463505,0.73157674,15.231742,0.12289769,0.0052810828,1.8490461e-10,80.577171,3100.6246
1942.0833,40.143852,0.036055241,40.076981,0.27180114,0.031581506,734.56354,1513.3903,754.73639,1.1454616,0.74726719,15.230886,0.1233445,0.0073251664,1.9187148e-10,80.560272,3100.3741
1942.1667,40.135395,0.036095183,40.068451,0.27184054,0.031581651,734.50116,1513.2645,754.67389,1.142107,0.76112878,15.23003,0.12439337,0.009501881,2.0233243e-10,80.543365,3100.1162
1942.25,40.126648,0.036134534,40.059631,0.27188125,0.0315818,734.43793,1513.1372,754.61066,1.1361712,0.7627269,15.229145,0.1250229,0.010066611,2.1400368e-10,80.525871,3099.8397
1942.3333,40.117897,0.036169343,40.050816,0.27192199,0.031581949,734.37994,1513.0204,754.55255,1.113402,0.71568865,15.22826,0.12381472,0.0071801404,2.1811232e-10,80.508385,3099.5185
1942.4167,40.109161,0.036210697,40.042,0.2719627,0.031582098,734.35248,1512.965,754.52509,1.0837458,0.69909436,15.227378,0.12450306,0.0075062606,2.025573e-10,80.490921,3099.3437
1942.5,40.100422,0.036250662,40.033188,0.27200341,0.031582247,734.6391,1513.54,754.81262,1.0632253,0.65455025,15.226496,0.12550116,0.0072475094,1.3766258e-10,80.47345,3100.4094
1942.5833,40.091541,0.03628983,40.024235,0.27204478,0.0315824,735.03229,1514.3289,755.20709,1.0641477,0.6206913,15.225596,0.12473535,0.0073785787,1.1191286e-10,80.455696,3101.9344
1942.6667,40.08284,0.036346205,40.015427,0.27208546,0.031582549,735.35168,1514.97,755.52765,1.0732219,0.60125822,15.224689,0.12555911,0.0087349704,1.0321333e-10,80.438286,3103.1868
1942.75,40.074154,0.036411662,40.006622,0.27212614,0.031582698,735.51178,1515.2911,755.68842,1.0927484,0.61716741,15.22376,0.12573266,0.015171203,1.0896563e-10,80.420898,3103.846
1942.8333,40.065475,0.036478292,39.997818,0.27216682,0.031582847,735.47705,1515.2213,755.65381,1.0858955,0.69793963,15.222822,0.12572189,0.010001034,1.221703e-10,80.403526,3103.7623
1942.9167,40.056805,0.0365474,39.989017,0.27220747,0.031582996,735.43494,1515.1364,755.61169,1.086645,0.71746469,15.221884,0.12547106,0.0106477,1.3071394e-10,80.386162,3103.5953
1943,40.048,0.036622383,39.980076,0.27224877,0.031583149,735.37756,1515.0209,755.55432,1.0814157,0.73151499,15.220932,0.125119,0.0075463788,1.4545076e-10,80.36853,3103.3552
1943.0833,40.039627,0.036692932,39.971565,0.27228808,0.031583291,735.31567,1514.8964,755.49231,1.0712759,0.73913777,15.220027,0.12563823,0.010810562,1.5701769e-10,80.351753,3103.0863
1943.1667,40.031242,0.03675871,39.963062,0.27232739,0.031583436,735.25903,1514.7826,755.43591,1.0572174,0.74226803,15.219124,0.12621166,0.012334614,1.6223614e-10,80.334976,3102.8311
1943.25,40.022579,0.036827419,39.954269,0.27236801,0.031583585,735.20325,1514.6703,755.38,1.0372336,0.73752427,15.218192,0.12691057,0.013291206,1.6629491e-10,80.317627,3102.564
1943.3333,40.013912,0.036893196,39.94548,0.27240863,0.03158373,735.1499,1514.5631,755.32684,1.0060945,0.69375014,15.217262,0.1261968,0.010007983,1.6959467e-10,80.300278,3102.2572
1943.4167,40.005295,0.036984373,39.936695,0.27244923,0.031583879,735.10278,1514.4684,755.27985,0.95375752,0.67502874,15.216337,0.13859275,0.017982777,1.7004811e-10,80.283005,3101.9792
1943.5,39.996716,0.037095577,39.92791,0.27248985,0.031584028,735.25879,1514.7882,755.43994,0.88026595,0.64291608,15.215419,0.18715933,0.049510166,1.2918781e-10,80.265793,3102.4913
1943.5833,39.988026,0.037222333,39.918983,0.27253109,0.031584177,735.57428,1515.4297,755.76062,0.8009423,0.61366451,15.214479,0.19732156,0.055094667,1.0433746e-10,80.248344,3103.642
1943.6667,39.979408,0.037309255,39.910206,0.27257168,0.031584326,735.797,1515.899,755.99542,0.76765692,0.60380018,15.213556,0.25126889,0.090288237,9.7807991e-11,80.231087,3104.5076
1943.75,39.970737,0.037364446,39.901428,0.27261224,0.031584471,735.89276,1516.1171,756.1048,0.79060817,0.61669564,15.212604,0.23340112,0.079319835,1.0032961e-10,80.21373,3104.948
1943.8333,39.962006,0.037386995,39.892654,0.2726528,0.03158462,735.83301,1516.0215,756.05737,0.78975844,0.69970781,15.211677,0.3506732,0.15197676,1.3112227e-10,80.196281,3104.8093
1943.9167,39.953312,0.037430231,39.883881,0.27269337,0.031584766,735.70807,1515.8093,755.95166,0.80225849,0.72072148,15.210741,0.40709636,0.20932873,1.437369e-10,80.178894,3104.3817
1944,39.944542,0.037506875,39.874966,0.27273455,0.031584915,735.5802,1515.5945,755.8446,0.81341594,0.73882991,15.209787,0.41990712,0.21838452,1.5412853e-10,80.161331,3103.9429
1944.0833,39.936195,0.037577782,39.866486,0.27277377,0.031585056,735.45892,1515.3926,755.74402,0.82206184,0.75342846,15.20888,0.43281454,0.24182552,1.6271334e-10,80.144615,3103.5246
1944.1667,39.927845,0.037647977,39.858009,0.27281296,0.031585198,735.3399,1515.1964,755.64648,0.83000898,0.76683229,15.207977,0.44435811,0.25037813,1.6671207e-10,80.127899,3103.1156
1944.25,39.919209,0.037715159,39.849243,0.27285349,0.031585347,735.21564,1514.9927,755.54504,0.83865291,0.76526004,15.207041,0.42740074,0.23669812,1.7085186e-10,80.110603,3102.675
1944.3333,39.910545,0.037766822,39.840485,0.272894,0.031585492,735.10126,1514.7963,755.4472,0.85701919,0.74280024,15.206091,0.31530628,0.16398802,1.7546573e-10,80.093277,3102.2439
1944.4167,39.901905,0.037832238,39.831726,0.2729345,0.031585637,734.99457,1514.6088,755.35382,0.87549913,0.76392043,15.205163,0.3060793,0.16685426,1.7735129e-10,80.075981,3101.8775
1944.5,39.893284,0.037903853,39.822968,0.272975,0.031585783,734.961,1514.5759,755.33783,0.89174134,0.77085084,15.204258,0.32405567,0.15530056,1.5810586e-10,80.058708,3101.8002
1944.5833,39.884575,0.038005948,39.814072,0.27301612,0.031585932,735.258,1515.2211,755.6604,0.91994929,0.74297827,15.203282,0.17025621,0.035699297,1.1819087e-10,80.041252,3103.0469
1944.6667,39.875885,0.038038656,39.805317,0.2730566,0.031586077,735.51489,1515.7513,755.9256,0.95099097,0.73093623,15.202346,0.14838153,0.023409612,1.0598698e-10,80.02388,3104.0998
1944.75,39.867176,0.038060158,39.79657,0.27309707,0.031586222,735.65485,1516.0377,756.06903,0.97781092,0.72455317,15.201412,0.13756536,0.0559921,1.0786495e-10,80.006485,3104.6721
1944.8333,39.858521,0.038107842,39.787823,0.27313754,0.031586368,735.57941,1515.8879,755.99451,0.96720654,0.78949386,15.20048,0.1436384,0.030013075,1.3343907e-10,79.989174,3104.4084
1944.9167,39.849861,0.038153619,39.779076,0.27317798,0.031586513,735.45135,1515.6433,755.8725,0.9737553,0.8003487,15.199567,0.25532818,0.2039903,1.6424363e-10,79.971855,3103.9129
1945,39.841084,0.038213708,39.770187,0.27321908,0.031586662,735.32697,1515.4102,755.75641,0.97052729,0.79886013,15.199902,0.22583236,0.137052,1.7632375e-10,79.954285,3103.417
1945.0833,39.832741,0.038273193,39.761734,0.27325818,0.031586803,735.20862,1515.1901,755.64673,0.97102237,0.80427366,15.201209,0.23619425,0.13910982,1.8608499e-10,79.937592,3102.9594
1945.1667,39.824394,0.03832873,39.753284,0.27329728,0.031586941,735.09161,1514.9736,755.53894,0.97100991,0.80950677,15.202524,0.24271411,0.14979303,1.9419147e-10,79.920898,3102.5079
1945.25,39.815754,0.038380422,39.744545,0.27333769,0.031587087,734.97113,1514.7524,755.42859,0.96943218,0.80626118,15.203896,0.24861237,0.14946906,2.021935e-10,79.903603,3102.0355
1945.3333,39.807098,0.038423337,39.735813,0.27337807,0.031587232,734.85956,1514.5404,755.32306,0.98427814,0.75394434,15.205255,0.13970774,0.020222995,2.0893312e-10,79.886292,3101.5526
1945.4167,39.79845,0.038467549,39.727081,0.27341849,0.031587373,734.75903,1514.3425,755.22455,1.003584,0.77149302,15.206642,0.13019378,0.016560227,2.1124218e-10,79.869003,3101.1768
1945.5,39.789803,0.038512848,39.718349,0.27345887,0.031587519,734.81354,1514.4557,755.28137,1.0253687,0.75803512,15.208033,0.12268283,0.010169087,1.6313272e-10,79.851707,3101.394
1945.5833,39.780991,0.038542312,39.70948,0.27349991,0.031587668,735.11908,1515.071,755.58899,1.0541257,0.69456559,15.209447,0.1100757,0.0024328388,1.2512154e-10,79.834099,3102.5714
1945.6667,39.772316,0.038570322,39.700752,0.27354026,0.031587809,735.35352,1515.5425,755.82477,1.0823395,0.68435866,15.210841,0.10808241,0.0016059593,1.1219314e-10,79.816765,3103.5149
1945.75,39.763657,0.038603887,39.692032,0.27358064,0.031587955,735.46765,1515.7721,755.93982,1.0964973,0.7219156,15.212315,0.10668708,0.0068826484,1.215152e-10,79.799461,3104.01
1945.8333,39.755013,0.038645178,39.683308,0.27362096,0.031588096,735.40607,1515.6486,755.87836,1.0883932,0.77125716,15.213844,0.1057189,0.002670459,1.3689547e-10,79.782173,3103.7888
1945.9167,39.746376,0.038690478,39.674591,0.27366132,0.031588241,735.33649,1515.509,755.80902,1.0915784,0.77640808,15.215376,0.10565969,0.011577563,1.4602898e-10,79.7649,3103.5028
1946,39.737667,0.038770735,39.66573,0.27370232,0.031588387,735.26245,1515.3618,755.73578,1.0986624,0.78563273,15.18994,0.35048747,0.17358306,1.5511116e-10,79.747459,3103.1819
1946.0833,39.729282,0.03879454,39.657303,0.2737413,0.031588525,735.19604,1515.2291,755.66974,1.0959116,0.79007804,15.188787,0.12567741,0.019280408,1.5920264e-10,79.730713,3102.9005
1946.1667,39.720943,0.038842719,39.648876,0.27378032,0.031588662,735.13177,1515.0999,755.60547,1.0915841,0.7941519,15.187918,0.1257268,0.024232889,1.6495563e-10,79.714027,3102.6249
1946.25,39.712326,0.03889107,39.640163,0.27382061,0.031588808,735.06378,1514.9635,755.5376,1.0884794,0.79410899,15.187016,0.12631109,0.023257758,1.7282512e-10,79.696785,3102.3313
1946.3333,39.703663,0.038914714,39.631454,0.2738609,0.031588949,734.99524,1514.8263,755.4693,1.0810003,0.72661412,15.186116,0.12306975,0.0090929214,1.7790568e-10,79.679474,3101.9639
1946.4167,39.695042,0.038961947,39.622749,0.27390119,0.031589091,734.93494,1514.7048,755.40906,1.0694171,0.72322041,15.185217,0.12314489,0.009464778,1.786034e-10,79.662239,3101.689
1946.5,39.686432,0.03901105,39.614044,0.27394146,0.031589232,735.02576,1514.8872,755.50043,1.0608641,0.70130944,15.184319,0.12449408,0.010198199,1.4121024e-10,79.64502,3102.0051
1946.5833,39.67767,0.039055184,39.605202,0.27398241,0.031589378,735.29004,1515.4182,755.76593,1.0743132,0.67123252,15.183403,0.12573297,0.011730807,1.1227973e-10,79.627495,3103.0305
1946.6667,39.669067,0.039107773,39.5965,0.27402267,0.031589519,735.50903,1515.8582,755.98608,1.0998445,0.66327667,15.182489,0.12564643,0.012011013,1.024606e-10,79.610291,3103.9092
1946.75,39.660492,0.039171908,39.587807,0.2740629,0.031589665,735.62744,1516.0964,756.10529,1.1257426,0.66740638,15.181559,0.1255476,0.012812636,1.0482307e-10,79.593132,3104.3968
1946.8333,39.651905,0.039230645,39.579109,0.27410316,0.031589806,735.617,1516.0756,756.09521,1.1196183,0.7568835,15.180627,0.12572753,0.018273449,1.1438529e-10,79.575943,3104.4209
1946.9167,39.64333,0.03929298,39.570415,0.2741434,0.031589948,735.57751,1515.996,756.05585,1.1204958,0.77632594,15.179694,0.1252306,0.013136696,1.2124021e-10,79.558777,3104.2647
1947,39.634617,0.039357211,39.561584,0.27418429,0.031590089,735.53613,1515.9133,756.01483,1.1191323,0.79036492,15.178747,0.12515418,0.0099910107,1.2702042e-10,79.541336,3104.0939
1947.0833,39.626328,0.039418489,39.553181,0.27422318,0.031590227,735.49603,1515.8325,755.97485,1.1141182,0.80148935,15.177845,0.12520112,0.013340294,1.3464571e-10,79.524742,3103.9216
1947.1667,39.618046,0.039483562,39.544781,0.27426207,0.031590365,735.45245,1515.7454,755.93152,1.1146941,0.81293356,15.176945,0.1249705,0.013277812,1.4101945e-10,79.508163,3103.742
1947.25,39.609486,0.039548986,39.536095,0.27430227,0.031590506,735.39624,1515.6326,755.87543,1.1131941,0.80976188,15.176015,0.12488815,0.012179889,1.4988308e-10,79.491028,3103.4942
1947.3333,39.60091,0.039605267,39.527416,0.27434245,0.031590644,735.33771,1515.5151,755.81714,1.0958319,0.76740265,15.175087,0.12398785,0.0095004113,1.5403945e-10,79.473869,3103.1821
1947.4167,39.59235,0.0396685,39.518734,0.27438265,0.031590786,735.34229,1515.5243,755.82196,1.0776944,0.75014591,15.17416,0.12470035,0.010009702,1.4019549e-10,79.456734,3103.1475
1947.5,39.58379,0.039731741,39.510059,0.27442279,0.031590927,735.61401,1516.0701,756.09497,1.0686175,0.70867079,15.173234,0.12735818,0.012207921,1.1014199e-10,79.43959,3104.1693
1947.5833,39.57513,0.039815687,39.501244,0.27446362,0.031591069,735.84662,1516.5381,756.32898,1.055344,0.67765731,15.172281,0.1294691,0.015002986,9.9899089e-11,79.422241,3105.0415
1947.6667,39.566612,0.03989967,39.492569,0.2745038,0.031591211,736.15051,1517.1489,756.6344,1.0428187,0.64870799,15.171598,0.12319319,0.011528794,1.2381053e-10,79.405174,3106.202
1947.75,39.558083,0.03997324,39.483902,0.27454394,0.031591352,736.38654,1517.623,756.8714,1.0580763,0.69214529,15.171092,0.12174641,0.015929045,1.8876752e-10,79.388092,3107.1904
1947.8333,39.549564,0.040053818,39.475231,0.27458408,0.03159149,736.50885,1517.8687,756.9942,1.0519605,0.75275099,15.170598,0.12006032,0.010876827,2.2397438e-10,79.371025,3107.718
1947.9167,39.54105,0.040133987,39.466568,0.2746242,0.031591631,736.62775,1518.1072,757.11353,1.0574859,0.76759744,15.17011,0.12032776,0.012173863,2.3635749e-10,79.353973,3108.1976
1948,39.531483,0.03972622,39.457764,0.27466497,0.031591773,736.74646,1518.3455,757.23267,1.0651599,0.78376442,15.163203,0.27503848,0.09025199,2.4944782e-10,79.335236,3108.6718
1948.0833,39.52153,0.038885634,39.449383,0.27470377,0.031591907,736.8631,1518.5796,757.34973,1.0749278,0.8018558,15.150518,0.27991107,0.093842827,2.5507599e-10,79.316093,3109.1359
1948.1667,39.511639,0.038077086,39.440998,0.27474257,0.031592045,736.97766,1518.8108,757.46545,1.0819193,0.81759554,15.137842,0.29715127,0.13755897,2.6331023e-10,79.29705,3109.5884
1948.25,39.50148,0.037278932,39.432327,0.27478266,0.031592183,737.10284,1519.0642,757.59216,1.0861874,0.81447226,15.124349,0.31419241,0.13824651,2.6442987e-10,79.277458,3110.0616
1948.3333,39.491146,0.036389582,39.423656,0.27482274,0.031592324,737.25446,1519.3687,757.74432,1.1035894,0.79096395,15.10314,0.40081578,0.18288633,2.5892233e-10,79.257607,3110.6227
1948.4167,39.480824,0.035505317,39.414982,0.27486283,0.031592462,737.42645,1519.7137,757.91693,1.1043992,0.81643438,15.079016,0.39912486,0.19754237,2.523271e-10,79.23777,3111.2948
1948.5,39.471001,0.034890607,39.406303,0.27490288,0.0315926,737.65912,1520.1886,758.15424,0.99484748,0.82515436,15.054917,0.48740268,0.29154891,2.2818838e-10,79.218689,3112.0956
1948.5833,39.461773,0.034671944,39.397484,0.27494359,0.031592742,738.14594,1521.1917,758.65552,0.99318475,0.79862326,15.03039,0.42566192,0.23014773,1.8099126e-10,79.200462,3114.0158
1948.6667,39.452698,0.034457888,39.388809,0.27498364,0.031592879,738.60303,1522.1195,759.11914,1.0290874,0.7903344,15.00585,0.41855839,0.21918298,1.7118493e-10,79.182541,3115.8497
1948.75,39.443375,0.034109581,39.380135,0.2750237,0.031593021,738.83899,1522.5983,759.35852,1.0314354,0.87053967,14.98374,0.36410499,0.24502143,2.0314522e-10,79.164238,3116.8459
1948.8333,39.433678,0.033561811,39.37146,0.27506372,0.031593159,738.94409,1522.8253,759.47205,1.038413,0.90628242,14.970237,0.39776897,0.2134337,2.3702401e-10,79.145355,3117.3019
1948.9167,39.424046,0.033049811,39.362782,0.27510375,0.031593297,739.04688,1523.0514,759.58514,1.0521244,0.92032355,14.957159,0.42007753,0.28459579,2.4881366e-10,79.126572,3117.7394
1949,39.41481,0.032826245,39.353962,0.27514443,0.031593438,739.03693,1523.0538,759.58667,1.0574311,0.92777723,14.951294,0.26112878,0.13333091,2.5867564e-10,79.108337,3117.7224
1949.0833,39.406528,0.032884493,39.345573,0.27518311,0.031593569,738.92175,1522.8441,759.48218,1.0619589,0.93465346,14.95262,0.25765619,0.13015345,2.6713193e-10,79.091766,3117.2891
1949.1667,39.398239,0.032937154,39.337185,0.27522179,0.031593703,738.80853,1522.6396,759.38031,1.0659777,0.941028,14.953958,0.26672131,0.13926257,2.7395783e-10,79.075172,3116.8648
1949.25,39.389656,0.032984089,39.328514,0.27526179,0.031593841,738.69391,1522.4332,759.27765,1.0728492,0.92853004,14.955347,0.25409433,0.12401301,2.7671845e-10,79.058014,3116.4196
1949.3333,39.381058,0.0330212,39.319847,0.27530175,0.031593978,738.58777,1522.2362,759.17938,1.0937699,0.89092994,14.95674,0.18632744,0.057668842,2.682663e-10,79.040817,3115.9856
1949.4167,39.372471,0.033062734,39.31118,0.27534172,0.031594116,738.48993,1522.0519,759.08771,1.1143714,0.91228348,14.958155,0.19272943,0.060971554,2.5195052e-10,79.023651,3115.6379
1949.5,39.363892,0.0331093,39.302517,0.27538168,0.031594254,738.48358,1522.0543,759.08923,1.1334165,0.90923184,14.959572,0.19984284,0.062177207,2.152129e-10,79.006493,3115.6358
1949.5833,39.355232,0.033187639,39.293713,0.2754223,0.031594392,738.76569,1522.6298,759.37695,1.1597795,0.85650235,14.960996,0.12184825,0.010296223,1.6437796e-10,78.989143,3116.739
1949.6667,39.346573,0.033186305,39.285053,0.27546224,0.03159453,739.03693,1523.177,759.6507,1.1904318,0.84875047,14.962413,0.11492256,0.0057022725,1.4651905e-10,78.971863,3117.838
1949.75,39.337948,0.033203375,39.276394,0.27550218,0.031594668,739.17108,1523.4478,759.78632,1.2218298,0.85971844,14.963875,0.10991248,0.0032713311,1.4619883e-10,78.954643,3118.4053
1949.8333,39.329376,0.033249352,39.267738,0.27554211,0.031594805,739.10864,1523.3231,759.72443,1.2196417,0.94191819,14.965397,0.1071493,0.0046145623,1.6695122e-10,78.9375,3118.2205
1949.9167,39.320854,0.033318311,39.259087,0.27558202,0.03159494,739.02887,1523.1637,759.64496,1.2173151,0.96953136,14.966918,0.10677444,0.0032887449,1.7944153e-10,78.920433,3117.9118
1950,39.312256,0.033423483,39.250294,0.27562261,0.031595081,738.94879,1523.0051,759.5661,1.230575,0.98170048,14.941925,0.35957876,0.1444864,1.8668875e-10,78.903191,3117.5773
1950.0833,39.303951,0.033456627,39.241928,0.27566117,0.031595211,738.87537,1522.8588,759.49329,1.2256483,0.98345429,14.94077,0.13091528,0.016168421,1.927752e-10,78.886581,3117.2639
1950.1667,39.2957,0.033515874,39.233566,0.27569976,0.031595342,738.79962,1522.7089,759.4187,1.2211993,0.98398697,14.939921,0.13867918,0.021097271,2.0446464e-10,78.870079,3116.9425
1950.25,39.287151,0.033568136,39.224922,0.27573964,0.03159548,738.72736,1522.5658,759.34747,1.2251123,0.97233349,14.939043,0.14009777,0.020909065,2.1046986e-10,78.852974,3116.6301
1950.3333,39.278549,0.033588734,39.216282,0.27577952,0.031595614,738.65948,1522.4303,759.28021,1.2212729,0.90243959,14.938162,0.12425602,0.010908451,2.1350158e-10,78.835793,3116.2677
1950.4167,39.270023,0.033649538,39.207642,0.27581939,0.031595752,738.61578,1522.3429,759.23682,1.2112846,0.87980366,14.937287,0.12465691,0.011776088,2.0504826e-10,78.818726,3116.0425
1950.5,39.261486,0.033703599,39.199001,0.27585924,0.031595886,738.8678,1522.8495,759.49005,1.2086004,0.81335634,14.936413,0.1267193,0.012142234,1.5697019e-10,78.801636,3116.9672
1950.5833,39.252804,0.033753507,39.190228,0.27589974,0.031596024,739.16589,1523.4485,759.78973,1.222828,0.79296201,14.935521,0.12571968,0.012367299,1.3544249e-10,78.784279,3118.1395
1950.6667,39.244286,0.033816766,39.181591,0.27593958,0.031596161,739.38708,1523.8929,760.01208,1.2487614,0.79375863,14.934628,0.12504202,0.012059278,1.2514303e-10,78.767227,3119.0365
1950.75,39.235798,0.033892617,39.172962,0.27597943,0.031596296,739.54651,1524.2135,760.17249,1.2787431,0.80263358,14.93372,0.12478242,0.012071027,1.2222146e-10,78.750229,3119.698
1950.8333,39.227318,0.033971518,39.164333,0.27601925,0.03159643,739.58435,1524.2897,760.21088,1.2649603,0.89208925,14.932803,0.12430283,0.014412163,1.2574179e-10,78.733231,3119.908
1950.9167,39.218834,0.034048032,39.155708,0.27605906,0.031596564,739.57343,1524.2678,760.2002,1.2704221,0.89755738,14.931887,0.12432142,0.012800355,1.3247688e-10,78.71624,3119.8577
1951,39.210213,0.034126867,39.146942,0.2760995,0.031596702,739.53809,1524.197,760.16528,1.2618732,0.9026584,14.930956,0.12401373,0.011315627,1.4032844e-10,78.698975,3119.6949
1951.0833,39.202019,0.034203738,39.138603,0.27613801,0.031596832,739.48718,1524.0951,760.11462,1.2460407,0.90507263,14.930069,0.12378959,0.011706406,1.506958e-10,78.682556,3119.4606
1951.1667,39.193832,0.034284782,39.130264,0.27617648,0.031596962,739.43262,1523.986,760.06036,1.2410558,0.90775311,14.929185,0.12351485,0.011558714,1.5808227e-10,78.666153,3119.223
1951.25,39.185371,0.034368627,39.121651,0.27621627,0.031597096,739.37494,1523.8705,760.00299,1.2337669,0.90198874,14.928271,0.12353736,0.01132463,1.6412599e-10,78.6492,3118.9615
1951.3333,39.176895,0.034442112,39.113033,0.27625602,0.031597231,739.32202,1523.7645,759.95026,1.2226878,0.82433426,14.927361,0.12272222,0.0099706464,1.6537398e-10,78.632225,3118.6433
1951.4167,39.16843,0.0345206,39.104424,0.27629578,0.031597365,739.30243,1523.7256,759.93115,1.2130904,0.80537677,14.92645,0.123377,0.010753488,1.5870465e-10,78.615273,3118.5194
1951.5,39.159935,0.034582749,39.095814,0.27633554,0.031597499,739.54254,1524.2079,760.17242,1.2154509,0.75050879,14.925538,0.12295084,0.0099869044,1.2952665e-10,78.598267,3119.4125
1951.5833,39.151329,0.03465841,39.087063,0.27637595,0.031597637,739.84528,1524.8159,760.47644,1.2306981,0.72062993,14.924739,0.11499976,0.0059331786,1.4125508e-10,78.581024,3120.5948
1951.6667,39.142895,0.03475197,39.078457,0.27641568,0.031597771,740.2652,1525.6584,760.8974,1.2516758,0.71009618,14.924234,0.11163779,0.0040109064,3.0476924e-10,78.564117,3122.2713
1951.75,39.134464,0.034843158,39.069855,0.2764554,0.031597905,740.5545,1526.239,761.1875,1.2553009,0.75645959,14.923745,0.11193293,0.0063038389,6.3055022e-10,78.547226,3123.4636
1951.8333,39.12603,0.034932852,39.061253,0.2764951,0.031598039,740.67755,1526.4855,761.31073,1.2449336,0.78526694,14.923266,0.11182359,0.0048264558,8.3372065e-10,78.530312,3123.9576
1951.9167,39.117588,0.035016116,39.052654,0.27653483,0.031598169,740.78308,1526.6968,761.41638,1.2407893,0.79298085,14.922798,0.11320478,0.0056178649,9.2792024e-10,78.513397,3124.3665
1952,39.105175,0.033045661,39.043915,0.27657518,0.031598307,740.89795,1526.9269,761.53156,1.2399139,0.8075099,14.914307,0.36646432,0.10050903,9.255392e-10,78.490311,3124.8082
1952.0833,39.090263,0.029512782,39.035583,0.27661356,0.031598434,741.00793,1527.1473,761.64178,1.242229,0.82699502,14.89859,0.36562082,0.10474585,8.6488444e-10,78.463577,3125.2286
1952.1667,39.076187,0.026431644,39.027241,0.27665195,0.031598564,741.1167,1527.3655,761.75085,1.2399563,0.84210944,14.882878,0.35633063,0.11303278,8.1297241e-10,78.43811,3125.6358
1952.25,39.062401,0.023664087,39.018597,0.27669162,0.031598695,741.23016,1527.5929,761.8645,1.2306764,0.83513409,14.866255,0.37814751,0.13863312,7.5778323e-10,78.412956,3126.0324
1952.3333,39.048653,0.020920742,39.009945,0.27673128,0.031598829,741.34625,1527.8253,761.98083,1.2131485,0.79939908,14.841915,0.46896854,0.18852644,6.9096479e-10,78.387848,3126.3947
1952.4167,39.035576,0.018542649,39.001282,0.27677092,0.031598963,741.46753,1528.0685,762.10254,1.1907238,0.80416363,14.814663,0.45654851,0.20963432,6.212364e-10,78.363777,3126.812
1952.5,39.02383,0.016885957,38.992607,0.27681059,0.031599093,741.76025,1528.6555,762.39587,1.1544522,0.78987962,14.787416,0.44014111,0.20339952,4.7351051e-10,78.341736,3127.8851
1952.5833,39.013405,0.016020097,38.983788,0.27685088,0.031599227,742.2926,1529.7241,762.92981,1.1383532,0.77282304,14.759724,0.42540613,0.20422979,3.8277451e-10,78.321663,3129.939
1952.6667,39.004349,0.015815826,38.975109,0.27689049,0.031599361,742.7616,1530.666,763.40051,1.1388047,0.78002727,14.732481,0.41585195,0.21223307,3.4548356e-10,78.303764,3131.7831
1952.75,38.995991,0.015988568,38.966434,0.27693012,0.031599492,743.06531,1531.2764,763.70557,1.1581393,0.79513478,14.705225,0.41220424,0.21137765,3.5869149e-10,78.286942,3132.9927
1952.8333,38.98753,0.016101828,38.95776,0.27696973,0.031599626,743.22546,1531.5981,763.86646,1.1540667,0.8609795,14.682041,0.31489733,0.1687364,4.1259141e-10,78.269966,3133.6573
1952.9167,38.97884,0.016092319,38.949089,0.27700934,0.031599756,743.35632,1531.8608,763.99792,1.1493438,0.87884086,14.665718,0.29423431,0.12718546,4.5002005e-10,78.252632,3134.1619
1953,38.970142,0.016153524,38.940277,0.27704957,0.03159989,743.36224,1531.8745,764.00482,1.1406486,0.88518018,14.657028,0.15856001,0.035753243,4.9078558e-10,78.235222,3134.1597
1953.0833,38.961948,0.016255798,38.931896,0.27708787,0.031600017,743.24054,1531.6385,763.88733,1.1272393,0.88744861,14.656189,0.19816262,0.068465412,5.5466787e-10,78.218781,3133.6562
1953.1667,38.953762,0.016360756,38.923515,0.27712613,0.031600144,743.11816,1531.4058,763.7713,1.1152985,0.88751733,14.655354,0.21889977,0.088988036,6.0496952e-10,78.202362,3133.1557
1953.25,38.945305,0.016470887,38.914852,0.27716571,0.031600274,742.99524,1531.1743,763.65582,1.0442722,0.85381019,14.654503,0.2255996,0.092150524,6.5321804e-10,78.185402,3132.5631
1953.3333,38.936905,0.01660954,38.906193,0.27720526,0.031600408,742.90564,1531.0181,763.57819,0.88382447,0.77597088,14.65369,0.33508447,0.1785467,6.4224531e-10,78.168518,3131.9839
1953.4167,38.928463,0.016725471,38.897537,0.27724481,0.031600539,743.12109,1531.4908,763.81458,0.91249323,0.75004995,14.652839,0.25244525,0.11356952,5.0377408e-10,78.151573,3132.8933
1953.5,38.920021,0.016841127,38.888885,0.27728435,0.031600669,743.50153,1532.2689,764.20349,0.94768816,0.72932047,14.651982,0.15897273,0.037501421,4.4162254e-10,78.134628,3134.4376
1953.5833,38.91127,0.016863663,38.880089,0.27732453,0.031600799,743.78046,1532.8354,764.48669,0.9826687,0.73559338,14.651124,0.13840495,0.02302748,4.0030682e-10,78.117149,3135.5891
1953.6667,38.902756,0.016935987,38.871441,0.27736408,0.03160093,743.99615,1533.2722,764.7052,1.0158261,0.73928958,14.650261,0.13086359,0.018290291,3.8048709e-10,78.100105,3136.4791
1953.75,38.894287,0.017032098,38.862793,0.27740356,0.031601064,744.10352,1533.4902,764.81433,1.0426328,0.74900466,14.649384,0.12672111,0.029940052,4.0551199e-10,78.083115,3136.9322
1953.8333,38.88586,0.01715122,38.854149,0.27744308,0.031601191,744.00049,1533.2845,764.71185,1.0324891,0.82318622,14.648504,0.12347347,0.017850656,5.2524746e-10,78.0662,3136.5674
1953.9167,38.877422,0.017260991,38.845505,0.27748257,0.031601321,743.86224,1533.0107,764.57532,1.025125,0.82860005,14.647638,0.16993436,0.057962187,6.4413364e-10,78.049271,3135.9989
1954,38.86882,0.017357098,38.836723,0.27752271,0.031601455,743.71851,1532.7319,764.43628,0.98836911,0.80725825,14.646781,0.18031234,0.059259284,7.6052881e-10,78.032021,3135.3611
1954.0833,38.860588,0.017422693,38.828369,0.27756089,0.031601582,743.59644,1532.4941,764.31775,0.95275575,0.78599697,14.646011,0.17345917,0.061644476,5.7008803e-10,78.015533,3134.8086
1954.1667,38.852329,0.017473133,38.820019,0.27759907,0.031601705,743.4787,1532.2677,764.2049,0.91773385,0.76338768,14.645267,0.18870506,0.074817583,2.4218733e-10,77.999016,3134.2766
1954.25,38.843796,0.017526563,38.811386,0.27763855,0.031601835,743.36884,1532.056,764.09943,0.89669812,0.73752928,14.644494,0.17319465,0.058232155,1.0639126e-10,77.981949,3133.7848
1954.3333,38.835266,0.017581299,38.802753,0.27767798,0.031601965,743.27582,1531.8755,764.00952,0.91726595,0.71927553,14.643716,0.14536242,0.030312123,6.558426e-11,77.964882,3133.406
1954.4167,38.826725,0.017628564,38.794125,0.27771744,0.031602096,743.46344,1532.2555,764.19958,0.94138408,0.68756068,14.642939,0.13000795,0.017252209,4.3281378e-11,77.947792,3134.1381
1954.5,38.818138,0.017649963,38.7855,0.27775687,0.031602222,743.8313,1532.9967,764.57007,0.97218543,0.64918393,14.642162,0.12497607,0.014167874,3.5272528e-11,77.930649,3135.5924
1954.5833,38.809456,0.017694436,38.776733,0.27779695,0.031602357,744.15863,1533.6558,764.8996,1.0045804,0.63287252,14.641372,0.12108986,0.011606735,3.0825557e-11,77.913277,3136.9063
1954.6667,38.800949,0.017757472,38.768112,0.27783638,0.031602483,744.40942,1534.1608,765.1521,1.0347871,0.6233744,14.640572,0.11877135,0.010120756,2.8751035e-11,77.896263,3137.9174
1954.75,38.792484,0.017840922,38.759491,0.27787578,0.031602614,744.50842,1534.3606,765.25214,1.0630734,0.62528163,14.639741,0.1181979,0.0098468391,3.1019957e-11,77.879295,3138.3288
1954.8333,38.784031,0.01792974,38.750874,0.27791518,0.03160274,744.42627,1534.196,765.17023,1.0654449,0.70389348,14.638905,0.116873,0.0099638039,3.7171249e-11,77.86235,3138.063
1954.9167,38.775593,0.018023526,38.74226,0.27795458,0.031602871,744.32416,1533.9915,765.06836,1.0582749,0.75059104,14.638068,0.11706479,0.010515844,4.118134e-11,77.845428,3137.6764
1955,38.767006,0.018115165,38.733505,0.2779946,0.031603001,744.21948,1533.7817,764.96387,1.0572063,0.76605487,14.637218,0.11848194,0.012671654,4.5062756e-11,77.828224,3137.2537
1955.0833,38.758842,0.018202152,38.725178,0.27803269,0.031603124,744.1239,1533.5902,764.86841,1.0547398,0.78057265,14.636411,0.11981315,0.014105939,4.8116566e-11,77.811859,3136.866
1955.1667,38.750671,0.018286264,38.716854,0.27807075,0.031603247,744.02826,1533.3988,764.77301,1.0529224,0.79355234,14.635606,0.12089176,0.014972219,5.1555041e-11,77.795479,3136.4774
1955.25,38.742214,0.018365858,38.708248,0.27811012,0.031603377,743.93475,1533.2118,764.67987,1.0507773,0.78848737,14.634784,0.12079759,0.013835609,5.2617185e-11,77.778534,3136.079
1955.3333,38.733734,0.018431908,38.699642,0.27814946,0.031603504,743.84595,1533.0338,764.59125,1.0336922,0.71896231,14.633972,0.11886746,0.0098103927,5.0339226e-11,77.761566,3135.6193
1955.4167,38.725269,0.018507278,38.691044,0.27818879,0.031603631,743.86279,1533.0685,764.6087,1.0039974,0.69671899,14.633162,0.12022425,0.010512314,4.1806343e-11,77.744614,3135.6183
1955.5,38.716808,0.018579783,38.682442,0.27822813,0.031603761,744.15594,1533.6584,764.90375,0.99395585,0.64685827,14.632353,0.12050793,0.010870747,3.2082167e-11,77.727661,3136.719
1955.5833,38.708206,0.018653806,38.673706,0.2782681,0.031603891,744.49139,1534.3328,765.24084,1.0096803,0.61148137,14.631527,0.118081,0.0096802758,2.7180945e-11,77.710434,3138.0281
1955.6667,38.699776,0.018741533,38.665112,0.27830741,0.031604018,744.73395,1534.8207,765.48486,1.0359167,0.60168815,14.630694,0.11751259,0.0096529862,2.5496523e-11,77.693535,3139.0015
1955.75,38.691368,0.018840119,38.656521,0.27834672,0.031604145,744.82672,1535.0077,765.57849,1.0537697,0.62763798,14.629841,0.11807577,0.011176071,2.7597855e-11,77.676674,3139.4011
1955.8333,38.682968,0.018942898,38.64793,0.27838603,0.031604271,744.72968,1534.8136,765.48181,1.0477207,0.68976396,14.628983,0.11676742,0.010135577,3.3934647e-11,77.659828,3139.0513
1955.9167,38.674576,0.019046638,38.639343,0.27842531,0.031604398,744.61804,1534.5898,765.37024,1.0500616,0.71089178,14.628127,0.11756811,0.011008932,3.645444e-11,77.64299,3138.6103
1956,38.666042,0.01915035,38.630619,0.27846524,0.031604528,744.50934,1534.3719,765.26178,1.0479212,0.72716773,14.627256,0.11800708,0.011078714,3.7795728e-11,77.625877,3138.1714
1956.0833,38.657925,0.019249596,38.622318,0.27850321,0.031604651,744.40729,1534.1677,765.15997,1.0341487,0.73369551,14.626428,0.11921734,0.012017122,3.9301177e-11,77.609596,3137.7388
1956.1667,38.649811,0.019348379,38.614021,0.27854118,0.031604774,744.30841,1533.9697,765.06134,1.0125163,0.73374516,14.625601,0.11975876,0.012523608,4.0729385e-11,77.59333,3137.3045
1956.25,38.641422,0.019449515,38.605442,0.27858046,0.031604901,744.20923,1533.7711,764.9624,0.99055374,0.72223639,14.624744,0.1204942,0.013653779,4.1979427e-11,77.5765,3136.8568
1956.3333,38.633026,0.019547066,38.59687,0.27861968,0.031605024,744.11383,1533.5801,764.86725,0.95586282,0.6825074,14.623891,0.12016828,0.0108999,4.2943215e-11,77.559669,3136.3829
1956.4167,38.624645,0.019648766,38.588299,0.27865893,0.031605151,744.02472,1533.4019,764.77844,0.89970219,0.66165018,14.623039,0.12052544,0.011284287,4.325577e-11,77.542854,3135.9324
1956.5,38.616276,0.019756982,38.579727,0.27869815,0.031605277,744.07562,1533.5048,764.83026,0.82268119,0.6323303,14.62219,0.12362712,0.013482819,3.6549187e-11,77.52607,3136.014
1956.5833,38.607868,0.01992042,38.571018,0.27873802,0.031605408,744.41663,1534.1948,765.17523,0.72899014,0.58465385,14.62133,0.13713399,0.026540922,2.9149762e-11,77.509155,3137.2309
1956.6667,38.599651,0.020107416,38.562454,0.27877721,0.031605531,744.72034,1534.8149,765.48535,0.71451688,0.55908287,14.620482,0.16984168,0.05228724,2.6549388e-11,77.492599,3138.4073
1956.75,38.591274,0.020206779,38.553894,0.27881643,0.031605657,744.82904,1535.0427,765.59937,0.72501802,0.58037055,14.619619,0.16547607,0.068473168,2.8090228e-11,77.4758,3138.872
1956.8333,38.582909,0.020311685,38.545334,0.27885562,0.031605784,744.77307,1534.9375,765.54718,0.7229389,0.61455482,14.618758,0.16969906,0.063319549,3.2463917e-11,77.459023,3138.6728
1956.9167,38.574486,0.020382594,38.536777,0.27889481,0.031605911,744.6759,1534.7603,765.45892,0.72561413,0.6258803,14.617926,0.31713027,0.19375105,3.5977478e-11,77.442146,3138.3066
1957,38.565907,0.020444334,38.528084,0.27893463,0.031606037,744.55658,1534.5588,765.35864,0.72880673,0.63687724,14.617059,0.37234947,0.24366346,3.8951942e-11,77.42498,3137.8819
1957.0833,38.557823,0.020547023,38.51981,0.27897251,0.031606156,744.44885,1534.3807,765.26978,0.73085666,0.64580059,14.616228,0.3820402,0.25591916,3.9578278e-11,77.408752,3137.5009
1957.1667,38.54974,0.020647353,38.511543,0.27901039,0.031606279,744.33844,1534.1992,765.17963,0.73291391,0.65462989,14.615398,0.39758196,0.27065811,4.0289775e-11,77.392548,3137.1128
1957.25,38.541386,0.020751001,38.502995,0.27904952,0.031606402,744.22235,1534.0095,765.08502,0.73525745,0.649203,14.614536,0.38905367,0.2548188,4.1229187e-11,77.375793,3136.6916
1957.3333,38.533024,0.02085077,38.49445,0.27908868,0.031606529,744.11499,1533.8304,764.99585,0.73581171,0.61771363,14.613667,0.33705479,0.21198188,4.1560578e-11,77.359024,3136.2675
1957.4167,38.52467,0.020950392,38.485909,0.27912781,0.031606652,744.0191,1533.6714,764.91669,0.7371338,0.61714303,14.612807,0.33623454,0.21101049,4.0916142e-11,77.342262,3135.9165
1957.5,38.516396,0.021094352,38.477367,0.27916691,0.031606779,744.19312,1534.0509,765.10657,0.75103933,0.5891881,14.611931,0.24222942,0.12035983,3.2058117e-11,77.325638,3136.6284
1957.5833,38.507923,0.021205945,38.468689,0.27920666,0.031606905,744.45062,1534.5813,765.37189,0.78002512,0.57299745,14.611043,0.16968867,0.054993533,2.9074566e-11,77.308632,3137.6765
1957.6667,38.499481,0.021254664,38.460155,0.27924576,0.031607028,744.6275,1534.9434,765.55304,0.80991828,0.56801343,14.610168,0.14169781,0.030817404,2.7411823e-11,77.291748,3138.4036
1957.75,38.4911,0.021336747,38.451622,0.27928486,0.031607151,744.6889,1535.0701,765.61664,0.84147644,0.56145251,14.609285,0.13137226,0.021667926,2.6847006e-11,77.274948,3138.6628
1957.8333,38.48275,0.021433996,38.443092,0.27932397,0.031607278,744.67017,1535.0343,765.59906,0.84829181,0.62237209,14.608402,0.12836137,0.0298049,2.8832478e-11,77.258217,3138.6411
1957.9167,38.474438,0.02155037,38.434563,0.27936304,0.031607401,744.62158,1534.9384,765.55145,0.84770489,0.64957315,14.607521,0.12843493,0.020261981,3.0051663e-11,77.241524,3138.4578
1958,38.465992,0.021668129,38.4259,0.27940276,0.031607527,744.55396,1534.8043,765.48468,0.85102755,0.66153711,14.606625,0.12878264,0.018010305,3.200458e-11,77.224571,3138.1868
1958.0833,38.457958,0.02178197,38.417656,0.27944052,0.031607646,744.48669,1534.6709,765.41827,0.85401422,0.67216569,14.605772,0.12890024,0.021720737,3.3636084e-11,77.20845,3137.9164
1958.1667,38.449947,0.021904286,38.409412,0.27947831,0.031607766,744.42029,1534.5391,765.35278,0.85542119,0.68130612,14.604924,0.13019942,0.022927158,3.4808153e-11,77.192352,3137.6463
1958.25,38.441639,0.022018943,38.400894,0.27951735,0.031607889,744.35443,1534.4092,765.28809,0.85666734,0.67474896,14.604049,0.13125356,0.021727713,3.5481947e-11,77.175674,3137.363
1958.3333,38.433262,0.022091778,38.39238,0.27955639,0.031608012,744.29156,1534.2842,765.22607,0.87294829,0.65299803,14.603174,0.12402929,0.015316079,3.5895252e-11,77.158897,3137.0898
1958.4167,38.424965,0.022208808,38.383865,0.2795954,0.031608135,744.24316,1534.1884,765.17847,0.8553983,0.67642373,14.602303,0.1252404,0.016350556,3.549137e-11,77.142242,3136.8866
1958.5,38.416641,0.022309497,38.375355,0.27963445,0.031608257,744.44678,1534.6039,765.38629,0.83322668,0.6614815,14.601448,0.13383356,0.019611452,2.9411838e-11,77.125542,3137.6587
1958.5833,38.408161,0.022399303,38.366707,0.27967408,0.031608384,744.83386,1535.3915,765.77991,0.86344564,0.64671904,14.600849,0.12221705,0.011946043,4.8015321e-11,77.108551,3139.225
1958.6667,38.399876,0.022518588,38.358204,0.27971309,0.031608507,745.2207,1536.1731,766.17053,0.89646691,0.64104241,14.60038,0.1171357,0.0093167573,1.3241523e-10,77.091919,3140.7941
1958.75,38.391598,0.022639349,38.349697,0.27975208,0.03160863,745.48193,1536.6997,766.43378,0.91439688,0.68004978,14.599918,0.11438923,0.012602824,2.6475458e-10,77.075294,3141.885
1958.8333,38.383308,0.022753481,38.341198,0.27979106,0.031608753,745.66241,1537.0619,766.61487,0.90871572,0.73286194,14.599469,0.11309268,0.0094680022,3.2372366e-10,77.058662,3142.639
1958.9167,38.375023,0.022868192,38.332699,0.27983004,0.031608876,745.82025,1537.3787,766.77319,0.9133749,0.74136883,14.599023,0.11302843,0.011898051,3.4297476e-10,77.04203,3143.2679
1959,38.365143,0.022198424,38.324062,0.27986965,0.031608999,745.97314,1537.6853,766.92651,0.91983032,0.7515353,14.592155,0.2794722,0.10461584,3.4861233e-10,77.022881,3143.8714
1959.0833,38.354431,0.020858675,38.315842,0.27990732,0.031609118,746.11829,1537.9764,767.07202,0.92844188,0.76470852,14.57951,0.28373903,0.10809878,3.3835687e-10,77.002647,3144.4421
1959.1667,38.343876,0.019604096,38.307613,0.27994502,0.031609237,746.26367,1538.2679,767.2179,0.9341259,0.77688885,14.566868,0.28174049,0.10815441,3.2468178e-10,76.982651,3145.0101
1959.25,38.333061,0.018360615,38.299103,0.27998394,0.031609356,746.41394,1538.5696,767.36865,0.93870866,0.76364034,14.553414,0.31305319,0.12525886,3.1070979e-10,76.96212,3145.57
1959.3333,38.321266,0.01659183,38.290588,0.28002289,0.031609479,746.56708,1538.8765,767.52209,0.93440193,0.69631153,14.532243,0.41128081,0.19972196,2.8507027e-10,76.940079,3146.069
1959.4167,38.309788,0.014998185,38.282066,0.28006181,0.031609602,746.72498,1539.1931,767.68042,0.92546892,0.69411612,14.508155,0.40262187,0.20175919,2.5894878e-10,76.918526,3146.6446
1959.5,38.298973,0.013762914,38.273537,0.28010073,0.031609721,747.03497,1539.8159,767.9917,0.92582059,0.67485994,14.484072,0.39901975,0.20305705,2.0423929e-10,76.89798,3147.8252
1959.5833,38.288685,0.012890019,38.264866,0.28014025,0.031609844,747.46558,1540.6816,768.42432,0.94869858,0.65898317,14.459881,0.38030738,0.1924967,2.1704864e-10,76.878189,3149.5173
1959.6667,38.27882,0.012172488,38.256332,0.28017917,0.031609967,747.82593,1541.4055,768.78601,0.98602092,0.67389619,14.437225,0.37188533,0.18744496,4.524898e-10,76.859116,3150.9739
1959.75,38.269123,0.011544403,38.247795,0.28021806,0.03161009,748.09052,1541.9368,769.05157,1.0137521,0.71932685,14.415681,0.32446718,0.15530558,8.5088581e-10,76.840286,3152.0679
1959.8333,38.259315,0.010857619,38.239258,0.28025693,0.031610209,748.21259,1542.1815,769.17401,1.0185646,0.76110423,14.4023,0.25056562,0.0897521,1.1540993e-09,76.821297,3152.5714
1959.9167,38.249584,0.01021162,38.230721,0.28029582,0.031610332,748.3269,1542.4108,769.28864,1.0286913,0.77228475,14.390785,0.25257847,0.092214547,1.2649624e-09,76.802422,3153.0206
1960,38.239727,0.0095764352,38.222042,0.28033531,0.031610455,748.44098,1542.6395,769.40308,1.0310237,0.77677852,14.37804,0.26745984,0.10604429,1.3916123e-09,76.783287,3153.4527
1960.0833,38.230415,0.0090072826,38.213783,0.28037289,0.031610571,748.55542,1542.869,769.51794,1.0275645,0.77254206,14.365425,0.26671261,0.10784794,1.4942309e-09,76.765182,3153.8731
1960.1667,38.22121,0.0084976694,38.205521,0.28041047,0.031610686,748.67188,1543.1024,769.63458,1.0207303,0.76681352,14.352811,0.2657367,0.10828634,1.6011901e-09,76.747246,3154.2966
1960.25,38.211823,0.0080384817,38.19698,0.2804493,0.031610809,748.79065,1543.3407,769.75372,1.0120097,0.75631779,14.339624,0.28049594,0.11846185,1.7508685e-09,76.728897,3154.722
1960.3333,38.203037,0.007907928,38.188435,0.28048813,0.031610928,748.9126,1543.5857,769.8764,0.97292793,0.71325707,14.319339,0.38307181,0.21585773,1.9625195e-09,76.711479,3155.0917
1960.4167,38.195477,0.0084379157,38.179897,0.28052694,0.031611048,749.0556,1543.8812,770.02405,0.94158149,0.70402706,14.2953,0.44967532,0.28099394,2.2265088e-09,76.695946,3155.5979
1960.5,38.18811,0.009069398,38.171364,0.28056577,0.031611167,749.47211,1544.7272,770.44678,0.95697248,0.68394011,14.271279,0.39372739,0.23078187,2.087112e-09,76.680717,3157.2389
1960.5833,38.180477,0.0096290195,38.162697,0.2806052,0.03161129,749.99933,1545.7889,770.97742,0.99329454,0.67329067,14.24802,0.36152214,0.20076147,2.0894375e-09,76.665009,3159.3453
1960.6667,38.172886,0.010131945,38.154171,0.280644,0.031611409,750.35797,1546.5111,771.33844,1.0312892,0.6846621,14.226699,0.34240982,0.18280929,2.3183802e-09,76.649445,3160.7996
1960.75,38.165203,0.010585278,38.145653,0.28068277,0.031611532,750.57733,1546.9534,771.55951,1.0443808,0.75487375,14.207975,0.2777307,0.13342406,3.122109e-09,76.633736,3161.7314
1960.8333,38.157196,0.01086097,38.137135,0.28072155,0.031611651,750.68359,1547.1686,771.66718,1.0481693,0.78681594,14.19601,0.26257959,0.11630675,4.3359338e-09,76.617523,3162.1677
1960.9167,38.149124,0.011097498,38.128624,0.28076032,0.03161177,750.77325,1547.3568,771.76117,1.0578521,0.80258262,14.184552,0.28591421,0.13354054,5.5565947e-09,76.601219,3162.5377
1961,38.140888,0.011321743,38.119972,0.28079972,0.03161189,750.87616,1547.5699,771.86786,1.066426,0.81786054,14.172909,0.27731746,0.12647335,6.8414185e-09,76.584595,3162.9556
1961.0833,38.132973,0.011490678,38.111744,0.28083721,0.031612005,750.97809,1547.7841,771.97504,1.0726904,0.83149529,14.161846,0.33797032,0.17448118,8.5326288e-09,76.568657,3163.3719
1961.1667,38.125038,0.011646796,38.103519,0.28087467,0.031612121,751.05518,1547.959,772.06256,1.0679939,0.84007543,14.150792,0.38222054,0.20994452,1.0997728e-08,76.552689,3163.6883
1961.25,38.116863,0.011824497,38.09502,0.28091341,0.03161224,751.13953,1548.1499,772.15808,1.0642893,0.8340643,14.139044,0.38380146,0.21104622,1.3185036e-08,76.536232,3164.0213
1961.3333,38.108967,0.012149043,38.086521,0.28095213,0.031612359,751.24133,1548.3702,772.26825,1.0872808,0.81895643,14.120694,0.42279571,0.25081986,1.33746e-08,76.520203,3164.4271
1961.4167,38.10117,0.012525748,38.078026,0.28099084,0.031612478,751.49023,1548.8827,772.52441,1.1184999,0.82121164,14.099844,0.39902273,0.22879568,1.1415604e-08,76.504333,3165.4414
1961.5,38.093296,0.012859188,38.069534,0.28102955,0.031612597,751.94135,1549.7933,772.97943,1.154597,0.8200469,14.078993,0.34623924,0.18238781,1.0132244e-08,76.488335,3167.256
1961.5833,38.084919,0.012993996,38.060909,0.28106889,0.031612717,752.41046,1550.7367,773.45093,1.1923628,0.83910322,14.058432,0.33350092,0.16682646,9.3768833e-09,76.471504,3169.1595
1961.6667,38.076466,0.013011119,38.052422,0.28110757,0.031612836,752.77863,1551.4771,773.82092,1.2251042,0.85197228,14.038088,0.3442584,0.1764614,8.9773744e-09,76.45462,3170.6464
1961.75,38.067791,0.012908516,38.043941,0.28114626,0.031612955,753.01447,1551.952,774.05829,1.139655,0.91857177,14.018649,0.29574341,0.1366924,9.737084e-09,76.437401,3171.5393
1961.8333,38.058651,0.012552629,38.035458,0.28118494,0.031613071,753.12512,1552.1748,774.1698,1.1221985,0.97636098,14.006233,0.24550478,0.092400029,1.1519242e-08,76.419456,3171.994
1961.9167,38.049503,0.012194355,38.026974,0.2812236,0.03161319,753.22162,1552.3684,774.26666,1.1311983,0.99057621,13.994322,0.25827897,0.10658655,1.2838012e-08,76.401512,3172.3744
1962,38.040672,0.012080914,38.018353,0.2812629,0.031613309,753.19397,1552.3138,774.23956,1.1352214,0.99829757,13.987345,0.12717785,0.020282743,1.4117597e-08,76.383987,3172.2522
1962.0833,38.032658,0.012182039,38.010151,0.28130028,0.031613424,753.05054,1552.027,774.0965,1.138584,1.0061615,13.986582,0.12256176,0.017266482,1.5394159e-08,76.367912,3171.6733
1962.1667,38.024632,0.012275819,38.001949,0.28133765,0.03161354,752.9129,1551.7518,773.95935,1.1412568,1.0128648,13.985829,0.12241564,0.017333355,1.645744e-08,76.351807,3171.1158
1962.25,38.016327,0.012368007,37.993473,0.28137627,0.031613655,752.7724,1551.4711,773.81934,1.1397619,0.9914937,13.985062,0.12249178,0.01670043,1.7395102e-08,76.335167,3170.5143
1962.3333,38.007999,0.012447849,37.985001,0.2814149,0.031613775,752.6601,1551.2476,773.70801,1.1450213,0.92682022,13.984309,0.12498524,0.016820485,1.6120346e-08,76.318481,3169.9902
1962.4167,37.999626,0.012500705,37.976532,0.28145352,0.03161389,752.77301,1551.4838,773.82623,1.1776848,0.88645262,13.98356,0.13004595,0.019522186,1.2874415e-08,76.301735,3170.4325
1962.5,37.991245,0.012546825,37.968063,0.28149211,0.031614009,752.95349,1551.8512,774.01019,1.2139019,0.85136122,13.982803,0.12143674,0.014015369,1.1480427e-08,76.284966,3171.1479
1962.5833,37.982769,0.01261724,37.959457,0.28153133,0.031614129,753.12195,1552.1912,774.18036,1.2496631,0.81217611,13.982035,0.11564697,0.0097906757,1.0774579e-08,76.267998,3171.8053
1962.6667,37.974472,0.01270705,37.950993,0.28156993,0.031614244,753.20648,1552.3622,774.26605,1.2836605,0.80432308,13.981258,0.11411556,0.008785232,1.0421439e-08,76.251358,3172.1554
1962.75,37.966194,0.012806515,37.942532,0.28160852,0.031614359,753.19324,1552.3363,774.25342,1.2965728,0.86093897,13.980472,0.11392757,0.012283623,1.1188425e-08,76.234756,3172.1558
1962.8333,37.957935,0.012914038,37.934071,0.28164709,0.031614479,753.05945,1552.0685,774.11993,1.2848414,0.92709011,13.979683,0.11407114,0.009282087,1.4320508e-08,76.218185,3171.6577
1962.9167,37.949665,0.013015878,37.925613,0.28168565,0.031614594,752.89551,1551.7402,773.9563,1.2653166,0.9195677,13.978906,0.11968826,0.014577805,1.8760117e-08,76.201591,3170.9575
1963,37.941177,0.013073099,37.917019,0.28172484,0.031614713,752.73767,1551.4247,773.79883,1.2214758,0.88546979,13.978168,0.11988883,0.013453479,8.9054142e-09,76.184608,3170.2309
1963.0833,37.933094,0.013123537,37.908844,0.28176212,0.031614825,752.60107,1551.1512,773.66266,1.1885092,0.8613289,13.977479,0.11969571,0.013556977,2.8848208e-09,76.168434,3169.6108
1963.1667,37.925011,0.013171973,37.900673,0.28179938,0.031614937,752.46594,1550.8807,773.52765,1.1483577,0.82831657,13.976791,0.11994804,0.013634332,8.3461016e-10,76.152267,3168.9801
1963.25,37.916649,0.013217573,37.892223,0.28183791,0.031615052,752.33679,1550.6224,773.39893,1.1131513,0.75021309,13.976079,0.11937179,0.012302374,3.4881081e-10,76.135544,3168.3331
1963.3333,37.908287,0.013263667,37.883778,0.28187644,0.031615172,752.21887,1550.3866,773.28125,1.1055204,0.68615711,13.975365,0.11828236,0.011281032,2.4433586e-10,76.11882,3167.7727
1963.4167,37.89994,0.013315913,37.875332,0.28191495,0.031615287,752.18744,1550.3239,773.25037,1.1016755,0.6687597,13.974649,0.11857678,0.011693257,1.901814e-10,76.102119,3167.6089
1963.5,37.891594,0.013367481,37.86689,0.28195345,0.031615403,752.39923,1550.7499,773.46356,1.1136836,0.6347034,13.973932,0.11839215,0.011567185,1.3086926e-10,76.085419,3168.4206
1963.5833,37.883114,0.013421416,37.858311,0.28199258,0.031615518,752.51526,1550.9834,773.58044,1.1442651,0.62786353,13.973203,0.11498623,0.0091885254,1.1285841e-10,76.068451,3168.8928
1963.6667,37.874775,0.013474298,37.849876,0.28203106,0.031615634,752.59741,1551.1484,773.66333,1.1749535,0.61839193,13.972485,0.11290236,0.0076487111,1.0160104e-10,76.051773,3169.2268
1963.75,37.866444,0.013530065,37.841438,0.28206953,0.031615749,752.58551,1551.1249,773.65186,1.1814176,0.66647291,13.971763,0.11185478,0.0091962591,1.1889212e-10,76.035095,3169.2171
1963.8333,37.858131,0.013595848,37.833008,0.28210801,0.031615864,752.45831,1550.8702,773.52496,1.1701814,0.7177006,13.971038,0.11563762,0.010121858,1.93677e-10,76.018456,3168.731
1963.9167,37.849789,0.013643561,37.824574,0.28214645,0.03161598,752.30817,1550.5701,773.37518,1.1399657,0.7083497,13.97033,0.12000544,0.012151892,9.3717804e-11,76.00177,3168.0738
1964,37.841293,0.01368266,37.81601,0.28218555,0.031616099,752.17395,1550.3016,773.24139,1.1012093,0.68957984,13.969621,0.11952834,0.01147631,5.3076744e-11,75.984795,3167.4623
1964.0833,37.833221,0.013723984,37.807858,0.28222272,0.031616211,752.05103,1550.0555,773.11877,1.0624005,0.67476314,13.968945,0.11944142,0.012314001,4.775073e-11,75.968636,3166.9
1964.1667,37.82515,0.013765546,37.799709,0.28225991,0.031616319,751.9303,1549.8142,772.9986,1.0226932,0.66040981,13.968269,0.11968078,0.012908509,4.4917552e-11,75.952499,3166.3469
1964.25,37.816803,0.013806208,37.791286,0.28229833,0.031616434,751.80829,1549.5702,772.87677,0.98487478,0.63169765,13.967573,0.11989844,0.012608909,4.3131033e-11,75.935806,3165.7751
1964.3333,37.808449,0.013843202,37.782867,0.28233674,0.03161655,751.69135,1549.3363,772.76038,0.9393481,0.57074976,13.966876,0.1191344,0.012415226,4.2903559e-11,75.919113,3165.1842
1964.4167,37.800106,0.013883831,37.774448,0.28237516,0.031616665,751.58673,1549.1271,772.65607,0.89781362,0.54372782,13.966177,0.1189656,0.012928649,4.2180568e-11,75.902428,3164.6799
1964.5,37.791767,0.013925513,37.766029,0.28241354,0.031616777,751.74371,1549.4427,772.81403,0.88625413,0.51486689,13.965476,0.11977381,0.012688857,2.5446787e-11,75.88575,3165.2528
1964.5833,37.783298,0.013971368,37.757477,0.28245258,0.031616896,752.07648,1550.111,773.14819,0.88875788,0.49230987,13.964759,0.11823076,0.011849225,1.9154142e-11,75.86882,3166.5504
1964.6667,37.77499,0.01402656,37.749065,0.28249094,0.031617008,752.32111,1550.6024,773.39404,0.88645691,0.48923627,13.964052,0.11772217,0.01186351,1.6273845e-11,75.852196,3167.5097
1964.75,37.766689,0.01408496,37.740658,0.28252932,0.031617124,752.4729,1550.908,773.547,0.88106161,0.4926928,13.963346,0.11961152,0.013301369,1.7065049e-11,75.835579,3168.1005
1964.8333,37.758377,0.014136567,37.73225,0.28256768,0.031617239,752.40137,1550.7655,773.47614,0.87196755,0.54698962,13.962639,0.11979391,0.014685077,2.82108e-11,75.818947,3167.8435
1964.9167,37.750057,0.014184226,37.723843,0.28260604,0.031617351,752.2561,1550.4779,773.33276,0.86077154,0.55256563,13.961946,0.17385542,0.053398121,4.2678239e-11,75.802307,3167.2442
1965,37.741577,0.014217658,37.715302,0.28264502,0.031617466,752.10339,1550.1838,773.1861,0.82974213,0.5444833,13.962374,0.16837116,0.052699558,3.937357e-11,75.785362,3166.5951
1965.0833,37.733517,0.014251493,37.707176,0.28268212,0.031617578,751.96692,1549.9219,773.05554,0.78716618,0.53459096,13.963776,0.1873197,0.080164477,3.6904035e-11,75.769241,3165.9992
1965.1667,37.725452,0.014285017,37.699051,0.28271919,0.031617686,751.8291,1549.6616,772.92584,0.74517095,0.52160317,13.965178,0.20126751,0.095442764,3.5426891e-11,75.753128,3165.4016
1965.25,37.717125,0.014321301,37.690655,0.28275749,0.031617802,751.69598,1549.4103,772.80054,0.71438289,0.49791718,13.966625,0.1868877,0.080850542,3.5374367e-11,75.736481,3164.8222
1965.3333,37.708797,0.01435886,37.682259,0.28279582,0.031617913,751.56976,1549.1711,772.6814,0.6780988,0.46087104,13.968078,0.20177521,0.095026724,3.546698e-11,75.719826,3164.2491
1965.4167,37.700485,0.014401746,37.673866,0.28283411,0.031618025,751.44824,1548.9495,772.57098,0.64331841,0.45274815,13.969535,0.24725407,0.13614313,3.537454e-11,75.703201,3163.7375
1965.5,37.692196,0.014457076,37.665474,0.28287244,0.031618141,751.56146,1549.1985,772.69562,0.6553275,0.44703409,13.970972,0.20252673,0.093148693,2.1729703e-11,75.686623,3164.2154
1965.5833,37.683853,0.014557407,37.656948,0.28291133,0.031618256,751.90253,1549.8928,773.04279,0.67912287,0.43775371,13.972425,0.12967114,0.026687494,1.6171141e-11,75.669891,3165.5974
1965.6667,37.675522,0.014586071,37.64856,0.28294963,0.031618368,752.18524,1550.4653,773.32922,0.70434618,0.44883424,13.973867,0.12021799,0.017884584,1.4428136e-11,75.653236,3166.7603
1965.75,37.667164,0.01460062,37.640175,0.28298789,0.03161848,752.25946,1550.6177,773.40558,0.71708637,0.48502457,13.975309,0.11049122,0.010610942,1.9542519e-11,75.636543,3167.0966
1965.8333,37.65884,0.014633528,37.631794,0.28302616,0.031618591,752.13751,1550.3787,773.28638,0.70888698,0.51455498,13.976763,0.14554955,0.042507797,2.962006e-11,75.619911,3166.6226
1965.9167,37.650539,0.01467525,37.623413,0.28306442,0.031618703,752.01288,1550.1388,773.16687,0.69992381,0.51874793,13.978219,0.18147539,0.075798668,3.1756691e-11,75.60331,3166.1185
1966,37.642075,0.014704318,37.614899,0.28310329,0.031618819,751.87329,1549.8778,773.0368,0.67164397,0.50661492,13.97971,0.24277517,0.13335249,3.326012e-11,75.586403,3165.5322
1966.0833,37.634033,0.014736147,37.606796,0.28314027,0.031618927,751.73242,1549.621,772.90869,0.64567053,0.49424404,13.981127,0.27170703,0.16026409,3.3839827e-11,75.570328,3164.9536
1966.1667,37.626003,0.014772981,37.598698,0.28317726,0.031619035,751.5918,1549.3674,772.78235,0.61782634,0.48064458,13.982545,0.29077029,0.17770179,3.4053309e-11,75.554268,3164.3769
1966.25,37.617714,0.014818613,37.590324,0.28321546,0.031619146,751.44366,1549.103,772.65063,0.55291235,0.44317573,13.984012,0.30446208,0.18989341,3.4351827e-11,75.537689,3163.715
1966.3333,37.609463,0.014883145,37.581955,0.28325367,0.031619258,751.30414,1548.8553,772.52704,0.44062918,0.37216717,13.985476,0.28152663,0.1716574,3.4503199e-11,75.521172,3163.006
1966.4167,37.601147,0.01491189,37.573586,0.28329188,0.03161937,751.1781,1548.6309,772.41522,0.45340639,0.37822974,13.986938,0.25564727,0.15671565,3.4545134e-11,75.504555,3162.5476
1966.5,37.592873,0.014961046,37.56522,0.28333008,0.031619482,751.28174,1548.8646,772.53235,0.48031452,0.38103676,13.988398,0.2016996,0.1099859,2.2342787e-11,75.487999,3163.0165
1966.5833,37.584457,0.015007489,37.556717,0.28336889,0.031619597,751.66705,1549.6544,772.92706,0.51049352,0.37779391,13.989871,0.12002637,0.033017114,1.6060812e-11,75.471169,3164.5979
1966.6667,37.576077,0.014995977,37.548355,0.28340706,0.031619709,751.98755,1550.3059,773.25293,0.53887433,0.38315952,13.991333,0.11025917,0.024270635,1.4150434e-11,75.454453,3165.9141
1966.75,37.567768,0.015024196,37.539997,0.28344524,0.031619821,752.16571,1550.6689,773.43457,0.55010223,0.40618083,13.992797,0.1049666,0.020704396,1.5315721e-11,75.437851,3166.6561
1966.8333,37.559483,0.015063874,37.531639,0.28348339,0.031619933,752.08594,1550.5115,773.35608,0.52282912,0.44679415,13.994265,0.1012622,0.0022954699,2.2160962e-11,75.421288,3166.3389
1966.9167,37.551224,0.015115018,37.523281,0.28352156,0.031620041,751.97144,1550.2836,773.24255,0.52939004,0.45725495,13.995735,0.10092755,0.0021851452,2.4849435e-11,75.404762,3165.8847
1967,37.542824,0.015165178,37.514793,0.28356034,0.031620156,751.85242,1550.0468,773.12451,0.53531188,0.46700236,13.997232,0.10133838,0.0021433786,2.9004417e-11,75.38797,3165.4112
1967.0833,37.534836,0.01521404,37.506714,0.2835972,0.03162026,751.74152,1549.8264,773.01465,0.5387907,0.47400212,13.998659,0.10133895,0.0025665401,3.12965e-11,75.371986,3164.966
1967.1667,37.526855,0.015265509,37.498638,0.2836341,0.031620368,751.62958,1549.604,772.90387,0.52459282,0.46486449,14.000089,0.10172281,0.0029228549,3.2462328e-11,75.35601,3164.483
1967.25,37.518585,0.015306612,37.490292,0.28367221,0.03162048,751.51544,1549.3785,772.79144,0.50617605,0.44447058,14.001574,0.11730827,0.015601596,3.2816388e-11,75.339478,3163.9771
1967.3333,37.510212,0.015291631,37.481945,0.28371033,0.031620592,751.40656,1549.1631,772.68408,0.4991726,0.39111096,14.003055,0.10035729,0.00099801051,3.2781673e-11,75.322777,3163.4698
1967.4167,37.501938,0.015328245,37.473602,0.28374842,0.0316207,751.35278,1549.057,772.63129,0.5041579,0.38973787,14.004542,0.101923,0.005062385,2.8487266e-11,75.306236,3163.2456
1967.5,37.493664,0.015365131,37.46526,0.28378651,0.031620812,751.6283,1549.6171,772.91144,0.52189189,0.38484675,14.006032,0.10797531,0.013303925,1.7662576e-11,75.289696,3164.3593
1967.5833,37.485249,0.015397073,37.456783,0.28382522,0.031620923,751.9801,1550.3311,773.26843,0.55024403,0.39016098,14.007542,0.1071085,0.015541401,1.4443478e-11,75.272881,3165.8005
1967.6667,37.476974,0.01543291,37.448448,0.28386331,0.031621035,752.24683,1550.8729,773.53937,0.57675743,0.40269649,14.009037,0.10544597,0.015947569,1.2963258e-11,75.256348,3166.9038
1967.75,37.468723,0.01547786,37.440113,0.28390136,0.031621143,752.3504,1551.0854,773.64587,0.58934641,0.43022954,14.010615,0.10183345,0.01752672,1.5440109e-11,75.239845,3167.3515
1967.8333,37.460522,0.015548197,37.431778,0.28393942,0.031621255,752.23389,1550.8534,773.53015,0.55365425,0.45967686,14.012215,0.099261962,0.0011659894,2.4663839e-11,75.223419,3166.8666
1967.9167,37.452305,0.015609736,37.423447,0.28397748,0.031621363,752.08295,1550.5543,773.3811,0.53713804,0.45060953,14.013826,0.12327555,0.023036102,3.5013041e-11,75.206955,3166.2269
1968,37.444695,0.016071884,37.414986,0.28401613,0.031621475,751.94031,1550.2748,773.24158,0.52603549,0.44698301,13.945443,0.69262159,0.49808869,3.6808619e-11,75.191391,3165.5664
1968.0833,37.435947,0.015696006,37.406933,0.28405294,0.031621579,751.80371,1550.0105,773.10986,0.51093483,0.43830681,13.941864,0.17278191,0.068808474,3.6146371e-11,75.174255,3164.9895
1968.1667,37.427967,0.015733885,37.39888,0.28408971,0.031621687,751.66589,1549.7465,772.97821,0.49508613,0.42823341,13.941197,0.19997749,0.094777964,3.6493204e-11,75.158295,3164.4133
1968.25,37.419708,0.015769519,37.390556,0.28412774,0.031621795,751.52277,1549.4755,772.8432,0.47925764,0.40856576,13.940506,0.20125164,0.094762437,3.6730695e-11,75.141785,3163.8117
1968.3333,37.411446,0.015800837,37.382236,0.28416574,0.031621903,751.39307,1549.2236,772.71765,0.46154445,0.3666366,13.9398,0.12918285,0.026667928,3.6803425e-11,75.125267,3163.2277
1968.4167,37.403194,0.015836403,37.373917,0.28420374,0.031622015,751.30011,1549.0392,772.62573,0.45316496,0.3547684,13.939105,0.12101068,0.020386925,3.3992444e-11,75.108772,3162.821
1968.5,37.394939,0.01587039,37.365601,0.28424174,0.031622123,751.52496,1549.496,772.85431,0.46089819,0.34683737,13.938412,0.12757576,0.029824482,2.0254652e-11,75.092278,3163.7137
1968.5833,37.38657,0.015913786,37.357151,0.28428033,0.031622235,751.86798,1550.192,773.20233,0.4812763,0.35101512,13.937698,0.12760875,0.033396181,1.5609748e-11,75.075539,3165.1079
1968.6667,37.378345,0.015961058,37.348839,0.28431833,0.031622343,752.01782,1550.4996,773.35626,0.5075714,0.36575148,13.936996,0.12650347,0.034475435,1.4227308e-11,75.05909,3165.7432
1968.75,37.370094,0.01599367,37.340527,0.2843563,0.031622451,751.99841,1550.4648,773.33923,0.52737147,0.39008227,13.936293,0.12211739,0.038350977,1.7615564e-11,75.042595,3165.699
1968.8333,37.361881,0.01604481,37.332218,0.28439423,0.031622559,751.90387,1550.2773,773.24585,0.49487042,0.4210858,13.935592,0.12027818,0.019314259,2.1799269e-11,75.026161,3165.3047
1968.9167,37.35368,0.016101496,37.323914,0.2844322,0.031622667,751.78851,1550.0485,773.13165,0.50238889,0.43187356,13.934891,0.12089682,0.01949567,2.8073552e-11,75.00975,3164.8474
1969,37.345318,0.016142752,37.315475,0.28447077,0.031622779,751.66858,1549.8101,773.01288,0.50911289,0.44198352,13.935387,0.10121755,0.0027419231,3.2964024e-11,74.993034,3164.3709
1969.0833,37.337383,0.016193772,37.307446,0.28450745,0.031622883,751.55646,1549.5872,772.90179,0.50675732,0.44354963,13.936763,0.10060225,0.0025739293,3.4340107e-11,74.977158,3163.9095
1969.1667,37.329441,0.016240416,37.299416,0.28454414,0.031622987,751.44073,1549.3589,772.78796,0.49070746,0.43259174,13.938148,0.12772816,0.0278985,3.5199437e-11,74.961266,3163.41
1969.25,37.321205,0.016274031,37.291119,0.28458205,0.031623095,751.31415,1549.1163,772.66718,0.47515813,0.41410303,13.939581,0.15931204,0.056860488,3.5834322e-11,74.944809,3162.8713
1969.3333,37.312958,0.016300436,37.282822,0.28461996,0.031623203,751.21039,1548.9139,772.56635,0.47350594,0.38832587,13.941001,0.10172715,0.0027146102,3.4339146e-11,74.928322,3162.4217
1969.4167,37.304714,0.016326373,37.274529,0.28465787,0.031623311,751.35938,1549.2207,772.71979,0.49441534,0.38752484,13.942436,0.10966911,0.0072098374,2.168867e-11,74.91185,3163.036
1969.5,37.29649,0.016362142,37.266239,0.28469574,0.031623419,751.5296,1549.5729,772.89612,0.52321774,0.39399818,13.943863,0.11091135,0.011384211,1.7401637e-11,74.895409,3163.7551
1969.5833,37.288124,0.016395301,37.257812,0.28473425,0.031623527,751.67572,1549.8745,773.04724,0.55249304,0.40892109,13.945314,0.10830774,0.014679912,1.5032092e-11,74.878693,3164.383
1969.6667,37.279888,0.016423231,37.249523,0.28477213,0.031623635,751.79834,1550.1273,773.17371,0.57937402,0.41926408,13.946753,0.1056244,0.013021493,1.3831059e-11,74.862236,3164.9073
1969.75,37.271683,0.016465021,37.241238,0.28480998,0.031623743,751.8606,1550.2567,773.23865,0.60395795,0.43228459,13.948281,0.10281765,0.011641458,1.3576819e-11,74.845825,3165.1862
1969.8333,37.263508,0.016523767,37.232956,0.28484786,0.031623852,751.83014,1550.199,773.21002,0.60512215,0.47597992,13.949835,0.12240399,0.04344286,2.4498429e-11,74.82946,3165.0993
1969.9167,37.255325,0.016576968,37.224674,0.2848857,0.031623956,751.6781,1549.9019,773.06195,0.58739257,0.46916705,13.9514,0.16582838,0.075599372,3.8204953e-11,74.813095,3164.463
1970,37.247356,0.01681982,37.216259,0.28492415,0.031624068,751.50238,1549.5734,772.89813,0.5710302,0.46309015,13.928093,0.47946832,0.31538197,4.1887067e-11,74.796989,3163.733
1970.0833,37.239067,0.016664859,37.208256,0.28496075,0.031624168,751.32544,1549.2465,772.73511,0.55422443,0.45496854,13.926866,0.31074354,0.1892312,3.6133607e-11,74.780571,3163.0235
1970.1667,37.231041,0.01665327,37.200253,0.28499734,0.031624272,751.16327,1548.9547,772.58954,0.53778893,0.44635898,13.926221,0.33358428,0.21046792,3.5694274e-11,74.764572,3162.3825
1970.25,37.222801,0.016671611,37.191978,0.28503516,0.03162438,750.9975,1548.6589,772.44208,0.51145995,0.42521146,13.925547,0.33142856,0.2908743,3.5792314e-11,74.748108,3161.7089
1970.3333,37.214573,0.016694354,37.183708,0.28507295,0.031624485,750.85388,1548.3961,772.3111,0.48994657,0.39559838,13.924845,0.1987832,0.076803274,3.5241417e-11,74.731674,3161.1031
1970.4167,37.206352,0.016719939,37.175438,0.28511074,0.031624593,750.94537,1548.5894,772.4079,0.51360154,0.39933121,13.924156,0.12702949,0.019568065,2.2157979e-11,74.715248,3161.495
1970.5,37.198116,0.016737629,37.167171,0.28514856,0.031624697,751.13123,1548.9714,772.59906,0.5442152,0.40197095,13.92347,0.12779926,0.020039421,1.6920507e-11,74.698799,3162.27
1970.5833,37.189754,0.016758736,37.158768,0.28518695,0.031624805,751.30194,1549.3217,772.77435,0.57479185,0.41415775,13.922771,0.12535098,0.018536076,1.425621e-11,74.682091,3162.9918
1970.6667,37.181549,0.016789004,37.150505,0.28522474,0.031624913,751.40778,1549.5393,772.88348,0.6031875,0.42599049,13.92208,0.1223845,0.019211326,1.3410024e-11,74.665695,3163.4476
1970.75,37.17334,0.016817342,37.142242,0.2852625,0.031625018,751.36261,1549.4521,772.84021,0.61976296,0.45862839,13.92139,0.11920765,0.03431987,2.101576e-11,74.649284,3163.3037
1970.8333,37.16515,0.016855808,37.133984,0.28530025,0.031625126,751.23724,1549.2024,772.7157,0.59265172,0.48000777,13.920702,0.11972012,0.021735892,2.9785379e-11,74.632919,3162.7814
1970.9167,37.156967,0.016895913,37.125729,0.28533798,0.03162523,751.11566,1548.9603,772.59515,0.57685649,0.48110849,13.920016,0.12010586,0.017225901,3.0432479e-11,74.616554,3162.2656
1971,37.148655,0.016938461,37.117336,0.28537634,0.031625338,750.98779,1548.7057,772.46802,0.55708885,0.47005466,13.920484,0.099241257,0.0015514104,3.1460168e-11,74.59993,3161.7089
1971.0833,37.140747,0.016977539,37.109352,0.28541285,0.031625442,750.85925,1548.4514,772.34131,0.53797197,0.45839331,13.921877,0.13267364,0.06307897,3.2367452e-11,74.584114,3161.1543
1971.1667,37.132809,0.017001348,37.101372,0.28544933,0.031625543,750.71832,1548.184,772.20795,0.51388407,0.44095626,13.923283,0.21839479,0.21846306,3.2985805e-11,74.568253,3160.5568
1971.25,37.124603,0.017025065,37.093124,0.28548706,0.031625647,750.56653,1547.9037,772.06824,0.48891082,0.41341025,13.924725,0.23493418,0.20362763,3.3168149e-11,74.551865,3159.9174
1971.3333,37.116386,0.017041979,37.084877,0.28552476,0.031625751,750.42798,1547.6412,771.93732,0.47654751,0.37784398,13.926145,0.13319314,0.028104728,3.3212381e-11,74.535454,3159.3225
1971.4167,37.108173,0.017058095,37.07663,0.28556246,0.031625859,750.37793,1547.5447,771.88934,0.48060036,0.37462863,13.92758,0.10161202,0.0022181282,2.7369522e-11,74.519043,3159.1139
1971.5,37.099979,0.017085994,37.068386,0.28560016,0.031625964,750.61829,1548.0345,772.13446,0.50116992,0.374437,13.92902,0.10761309,0.006101897,1.6013815e-11,74.502678,3160.0947
1971.5833,37.09166,0.017115854,37.060009,0.28563845,0.031626072,750.77191,1548.3508,772.29291,0.52839726,0.38758951,13.930477,0.10674752,0.0056644231,1.3952362e-11,74.486046,3160.7483
1971.6667,37.083477,0.01714647,37.051773,0.28567612,0.031626176,750.84552,1548.5048,772.37,0.55757713,0.40384239,13.931913,0.10500938,0.0046503916,1.2639431e-11,74.469696,3161.0833
1971.75,37.075291,0.017173862,37.043533,0.28571379,0.03162628,750.8808,1548.5797,772.40778,0.57526964,0.43967557,13.933349,0.10138482,0.0027875809,1.4196321e-11,74.453339,3161.2698
1971.8333,37.067104,0.017201034,37.035297,0.28575143,0.031626385,750.83197,1548.4834,772.35992,0.5812251,0.46140623,13.934787,0.099702545,0.0017866467,1.6076864e-11,74.436974,3161.0897
1971.9167,37.058926,0.017230764,37.027065,0.2857891,0.031626489,750.76337,1548.3472,772.2923,0.58356053,0.46850833,13.936227,0.099304244,0.090727769,1.8877016e-11,74.420639,3160.8118
1972,37.050644,0.017275142,37.0187,0.28582734,0.031626593,750.67877,1548.1794,772.20862,0.54003841,0.46100312,13.937694,0.099116758,0.0015737417,2.1462143e-11,74.404076,3160.4097
1972.0833,37.042759,0.017315708,37.010738,0.28586376,0.031626698,750.59357,1548.0107,772.12463,0.54163241,0.46822953,13.939091,0.099304907,0.041226998,2.4643853e-11,74.388306,3160.0661
1972.1667,37.034882,0.017359793,37.002781,0.28590015,0.031626798,750.49976,1547.8248,772.03204,0.53519583,0.46558303,13.940491,0.099219903,0.097914189,2.8797164e-11,74.372551,3159.6705
1972.25,37.026733,0.017401295,36.994556,0.28593776,0.031626903,750.39044,1547.6078,771.92401,0.51144534,0.43977362,13.941939,0.099952027,0.072504826,3.081933e-11,74.356255,3159.1717
1972.3333,37.018532,0.017413158,36.986332,0.28597537,0.031627007,750.28455,1547.3977,771.81915,0.51288563,0.41801021,13.943393,0.099384941,0.0012726092,3.0946939e-11,74.339874,3158.7154
1972.4167,37.010357,0.01743797,36.978111,0.28601295,0.031627107,750.24036,1547.312,771.77661,0.53434753,0.42975536,13.944849,0.10216173,0.0028651385,2.5871668e-11,74.32354,3158.5613
1972.5,37.00222,0.017482296,36.969891,0.28605056,0.031627212,750.41321,1547.6682,771.9549,0.55629027,0.43049318,13.946307,0.10961495,0.0077332538,1.548954e-11,74.307266,3159.2768
1972.5833,36.993923,0.017512415,36.96154,0.28608873,0.03162732,750.57678,1548.0059,772.12402,0.58488107,0.44359532,13.947784,0.10880991,0.0071744663,1.2592202e-11,74.290688,3159.9736
1972.6667,36.985752,0.017536158,36.953323,0.28612632,0.03162742,750.69971,1548.2595,772.25104,0.61534297,0.45732066,13.949278,0.10598281,0.0054019406,1.1227996e-11,74.274361,3160.5066
1972.75,36.977608,0.017572351,36.94511,0.2861639,0.031627525,750.75067,1548.3667,772.30493,0.64514238,0.47323442,13.950842,0.10184384,0.0030160651,1.2508454e-11,74.25808,3160.7496
1972.8333,36.969467,0.01761201,36.936901,0.28620145,0.031627629,750.74091,1548.3488,772.29614,0.65864426,0.51927829,13.95241,0.09974964,0.002049871,1.3676257e-11,74.241806,3160.7578
1972.9167,36.961342,0.017656475,36.928692,0.286239,0.031627733,750.66412,1548.1963,772.22034,0.66323495,0.53875923,13.953981,0.099499613,0.0019321125,1.5134782e-11,74.225563,3160.4621
1973,36.953362,0.017851068,36.920349,0.28627715,0.031627838,750.57599,1548.0269,772.1358,0.67650121,0.55766934,13.909128,0.55399776,0.34284788,1.687436e-11,74.209473,3160.0913
1973.0833,36.945255,0.017758949,36.912415,0.28631344,0.031627938,750.49554,1547.8687,772.05725,0.68175143,0.56814444,13.90611,0.11977667,0.017298043,1.7985332e-11,74.193375,3159.7708
1973.1667,36.937431,0.017818896,36.90448,0.28634974,0.031628035,750.41473,1547.7089,771.97748,0.63395327,0.55506819,13.905436,0.11996251,0.10402089,1.9759755e-11,74.177704,3159.3733
1973.25,36.929321,0.017868303,36.896278,0.28638726,0.031628139,750.32825,1547.5382,771.89258,0.62006837,0.54205686,13.904737,0.12066597,0.090625264,2.1624003e-11,74.161484,3158.9873
1973.3333,36.921173,0.017894829,36.888081,0.28642476,0.03162824,750.2417,1547.3667,771.80719,0.63935578,0.53062844,13.904039,0.11833413,0.015036534,2.2600928e-11,74.145203,3158.6348
1973.4167,36.913055,0.017937059,36.879883,0.28646225,0.031628344,750.17297,1547.231,771.73969,0.66571063,0.5480262,13.903342,0.11895533,0.015392551,2.1652352e-11,74.128967,3158.3895
1973.5,36.904949,0.017986417,36.871689,0.28649974,0.031628449,750.28687,1547.4678,771.85822,0.69085914,0.54728293,13.90265,0.12773678,0.019425517,1.4342337e-11,74.112755,3158.8664
1973.5833,36.896702,0.018028919,36.863361,0.28653786,0.031628553,750.41144,1547.7279,771.98846,0.7195726,0.5550037,13.901939,0.12664071,0.018754356,1.2106358e-11,74.09626,3159.4006
1973.6667,36.888599,0.018075949,36.855171,0.28657532,0.031628653,750.52026,1547.954,772.10168,0.7503472,0.56998628,13.901232,0.12395895,0.017140666,1.0992536e-11,74.080055,3159.8773
1973.75,36.880531,0.018141225,36.846981,0.28661278,0.031628754,750.53973,1547.9985,772.12415,0.77285886,0.60294318,13.900507,0.12087215,0.015799966,1.1388176e-11,74.063896,3160.0029
1973.8333,36.872471,0.018209346,36.838795,0.28665024,0.031628858,750.46906,1547.8585,772.05463,0.77596021,0.64368463,13.899781,0.11984204,0.015600521,1.2532643e-11,74.04776,3159.7496
1973.9167,36.864422,0.018282358,36.830612,0.2866877,0.031628959,750.38971,1547.7013,771.97638,0.78262204,0.65480226,13.899055,0.11994855,0.015705429,1.3490189e-11,74.031639,3159.4356
1974,36.856247,0.018356731,36.822296,0.28672573,0.031629063,750.30707,1547.5374,771.89459,0.78789294,0.66561568,13.898319,0.11983621,0.015671335,1.4424865e-11,74.015259,3159.1062
1974.0833,36.848469,0.018429227,36.814384,0.28676194,0.031629164,750.22412,1547.3728,771.81274,0.79124922,0.67448896,13.897618,0.11930577,0.016306236,1.5919419e-11,73.999672,3158.7728
1974.1667,36.840702,0.018507121,36.806477,0.28679815,0.031629261,750.13361,1547.193,771.72314,0.7939449,0.68234807,13.896917,0.11891667,0.016845522,1.7519793e-11,73.984116,3158.4071
1974.25,36.832676,0.01858717,36.798302,0.28683555,0.031629361,750.03937,1547.0059,771.62994,0.76087689,0.66560245,13.896193,0.11939397,0.079745509,1.8713276e-11,73.968033,3157.9657
1974.3333,36.824615,0.018647278,36.790127,0.28687298,0.031629462,749.94421,1546.8174,771.53601,0.7588439,0.63896722,13.895467,0.11769899,0.014709137,1.9484447e-11,73.951897,3157.543
1974.4167,36.816574,0.018716829,36.781956,0.28691036,0.031629566,749.86896,1546.6685,771.46191,0.78498489,0.65638,13.894744,0.11851636,0.015219316,1.8694215e-11,73.935791,3157.2712
1974.5,36.808544,0.018791106,36.773788,0.28694776,0.031629667,749.98004,1546.9001,771.57788,0.80996162,0.65129924,13.894026,0.12730865,0.020241868,1.2791015e-11,73.919701,3157.733
1974.5833,36.800362,0.018855754,36.765488,0.28698575,0.031629767,750.12122,1547.1935,771.72479,0.84058732,0.65844917,13.893286,0.12520346,0.018845277,1.1054594e-11,73.90332,3158.3352
1974.6667,36.792336,0.01893096,36.757324,0.28702313,0.031629872,750.24646,1547.4525,771.85449,0.87175542,0.66760224,13.892545,0.12194035,0.016723609,1.0099179e-11,73.887245,3158.8726
1974.75,36.784355,0.019027177,36.749161,0.2870605,0.031629972,750.25177,1547.4685,771.86261,0.88780296,0.71089953,13.891792,0.11851485,0.015718758,1.1388872e-11,73.871239,3158.9446
1974.8333,36.776398,0.019137407,36.741001,0.28709784,0.031630073,750.12195,1547.2102,771.73389,0.89046007,0.74466497,13.891039,0.11719634,0.015481921,1.55166e-11,73.855263,3158.4473
1974.9167,36.768436,0.019242631,36.732845,0.28713521,0.031630173,749.98138,1546.9298,771.59406,0.88882542,0.74828064,13.890287,0.1193589,0.017477024,1.9908363e-11,73.839287,3157.8719
1975,36.760323,0.019337229,36.724556,0.28717315,0.031630274,749.83453,1546.6372,771.44812,0.85716033,0.72742814,13.889542,0.1200482,0.017741423,2.8786492e-11,73.823013,3157.2171
1975.0833,36.752514,0.019377461,36.716671,0.28720927,0.031630371,749.70532,1546.3798,771.31982,0.82527137,0.70531219,13.888865,0.11971885,0.018213149,3.2777406e-11,73.807404,3156.6316
1975.1667,36.744713,0.019421862,36.708786,0.28724536,0.031630471,749.58325,1546.1368,771.19861,0.79399359,0.68318194,13.888195,0.11996618,0.019026965,3.3157109e-11,73.791794,3156.0761
1975.25,36.736641,0.019465052,36.700638,0.28728268,0.031630572,749.45984,1545.8912,771.07617,0.76342016,0.65250796,13.887505,0.12033034,0.018851196,3.3406191e-11,73.775658,3155.5063
1975.3333,36.728542,0.019490266,36.69249,0.28731999,0.031630669,749.34082,1545.6543,770.95819,0.75398505,0.61642593,13.886816,0.11916857,0.016921036,3.3470334e-11,73.759476,3154.9701
1975.4167,36.720455,0.019521637,36.684345,0.2873573,0.031630769,749.26221,1545.4988,770.88068,0.76960582,0.62922186,13.886128,0.12071323,0.01766987,2.8995065e-11,73.743301,3154.67
1975.5,36.712372,0.019553317,36.676205,0.28739458,0.03163087,749.42242,1545.8281,771.04553,0.78939646,0.62170541,13.885441,0.12725864,0.021382093,1.7892769e-11,73.72715,3155.3195
1975.5833,36.704147,0.019580936,36.667931,0.28743246,0.031630974,749.64484,1546.285,771.27399,0.81082517,0.62464613,13.884735,0.12582786,0.020123772,1.4191914e-11,73.710724,3156.2348
1975.6667,36.696072,0.019614583,36.65979,0.28746974,0.031631071,749.77826,1546.5618,771.41254,0.84083772,0.63046849,13.88404,0.12202929,0.017663468,1.2555359e-11,73.694572,3156.8026
1975.75,36.688,0.019649547,36.651653,0.28750703,0.031631172,749.76575,1546.5417,771.40289,0.87108898,0.648543,13.883343,0.11701263,0.01495898,1.5366576e-11,73.678436,3156.7919
1975.8333,36.679974,0.019708084,36.64352,0.28754428,0.031631272,749.63739,1546.2863,771.27551,0.86880261,0.71701133,13.882649,0.11774135,0.017440092,2.9372248e-11,73.662376,3156.33
1975.9167,36.671913,0.019745819,36.635387,0.28758153,0.031631373,749.4823,1545.983,771.12433,0.84463561,0.70195901,13.881983,0.20235486,0.090537213,3.8683407e-11,73.646255,3155.6644
1976,36.663681,0.01976393,36.627121,0.28761938,0.031631473,749.32324,1545.6808,770.97363,0.81374633,0.68169445,13.882418,0.18728463,0.078750335,3.9764306e-11,73.629814,3154.9853
1976.0833,36.655857,0.019783314,36.619259,0.28765538,0.03163157,749.1756,1545.4027,770.83478,0.78237188,0.66131079,13.883801,0.2128887,0.10146809,3.9898806e-11,73.614189,3154.3548
1976.1667,36.648029,0.019802138,36.611401,0.28769138,0.031631663,749.02753,1545.1283,770.69806,0.75117427,0.64069438,13.885185,0.23591992,0.12229741,4.0010915e-11,73.598557,3153.7294
1976.25,36.639938,0.019819848,36.603275,0.28772861,0.031631764,748.8783,1544.8534,770.56104,0.72504318,0.61127126,13.886611,0.22788011,0.11388476,4.0048867e-11,73.58239,3153.0979
1976.3333,36.63184,0.019832935,36.59515,0.28776583,0.031631865,748.74518,1544.5991,770.43427,0.71508062,0.57273823,13.888017,0.11405031,0.014401891,4.0071769e-11,73.566223,3152.5206
1976.4167,36.623734,0.019841341,36.587029,0.28780302,0.031631961,748.7215,1544.5544,770.41223,0.72363073,0.57077819,13.889443,0.10079084,0.0024505081,2.9852971e-11,73.550041,3152.4219
1976.5,36.615646,0.019857807,36.578911,0.28784022,0.031632062,748.88782,1544.8947,770.58246,0.75177836,0.56309026,13.890868,0.10365605,0.0042074737,2.0268006e-11,73.53389,3153.1047
1976.5833,36.60743,0.019875878,36.57066,0.28787801,0.031632163,748.98743,1545.1007,770.68579,0.78332573,0.57210082,13.892313,0.10309366,0.0036943117,1.6852969e-11,73.517479,3153.5392
1976.6667,36.59935,0.019895883,36.562546,0.2879152,0.031632259,749.12555,1545.3831,770.82709,0.81376803,0.58131784,13.893737,0.10133862,0.0027570785,1.4767715e-11,73.501343,3154.1257
1976.75,36.591282,0.019921051,36.554432,0.28795236,0.03163236,749.13525,1545.406,770.83899,0.84153908,0.60074347,13.89516,0.099144273,0.0018453369,1.6224445e-11,73.485214,3154.2029
1976.8333,36.583225,0.019950941,36.546318,0.28798953,0.031632457,749.04114,1545.2194,770.74585,0.83563191,0.65885431,13.896584,0.096438035,0.00045609812,2.7398386e-11,73.469109,3153.8664
1976.9167,36.575203,0.019996272,36.538212,0.28802666,0.031632554,748.90991,1544.9574,770.6153,0.81238991,0.64598846,13.898014,0.096290082,0.00050157862,3.7066385e-11,73.453064,3153.2919
1977,36.567005,0.020020243,36.529968,0.28806442,0.031632654,748.77985,1544.6979,770.48596,0.78206712,0.62635988,13.899472,0.096809559,0.00054834731,3.8111521e-11,73.436684,3152.7085
1977.0833,36.559216,0.020047735,36.522129,0.28810033,0.031632751,748.66223,1544.4634,770.36902,0.75396281,0.609047,13.900863,0.096648537,0.00064585218,3.8170158e-11,73.421127,3152.1796
1977.1667,36.551437,0.020079106,36.514294,0.28813624,0.031632844,748.54401,1544.2274,770.25146,0.72662729,0.5919407,13.902256,0.096714966,0.00080056302,3.8240019e-11,73.405586,3151.6493
1977.25,36.543385,0.02010528,36.506191,0.28817335,0.031632941,748.42139,1543.9833,770.12964,0.70006502,0.56578535,13.903698,0.097381964,0.00089636189,3.8328053e-11,73.389481,3151.0934
1977.3333,36.535282,0.020104572,36.498089,0.28821048,0.031633042,748.30505,1543.7513,770.01404,0.68990827,0.5230121,13.905142,0.09706293,0.00057526631,3.8332445e-11,73.373314,3150.5617
1977.4167,36.52721,0.020118384,36.489994,0.28824759,0.031633139,748.24811,1543.6384,769.95795,0.70369017,0.53205401,13.906587,0.098271281,0.0012532444,3.2046771e-11,73.357201,3150.344
1977.5,36.519154,0.020140506,36.481895,0.28828466,0.031633236,748.41193,1543.9716,770.12463,0.72972524,0.52606118,13.90803,0.10180631,0.003318616,1.9239539e-11,73.34111,3151.0132
1977.5833,36.510967,0.020161469,36.473671,0.28832236,0.031633336,748.51154,1544.1758,770.22705,0.76018614,0.53521532,13.909494,0.10131066,0.0030989787,1.5882398e-11,73.324753,3151.4439
1977.6667,36.502922,0.02018789,36.465576,0.28835943,0.031633433,748.61493,1544.3871,770.33301,0.78949714,0.54770398,13.910937,0.10059854,0.0027618776,1.3617828e-11,73.308678,3151.8917
1977.75,36.494884,0.020214505,36.457485,0.28839651,0.03163353,748.69489,1544.5509,770.4151,0.80927086,0.58423108,13.91238,0.09845183,0.0016880002,1.5840147e-11,73.29261,3152.2595
1977.8333,36.486874,0.020257952,36.449398,0.28843358,0.031633627,748.58453,1544.3313,770.3056,0.79718769,0.61504841,13.913824,0.095909104,0.00052778743,3.0210379e-11,73.276596,3151.8241
1977.9167,36.478867,0.02029977,36.441311,0.28847063,0.031633724,748.4494,1544.0618,770.17126,0.76926255,0.59923923,13.915276,0.097112112,0.0011276178,3.8498871e-11,73.260574,3151.2269
1978,36.470676,0.020315083,36.433094,0.28850827,0.031633824,748.32208,1543.8079,770.04468,0.74137086,0.58128875,13.916758,0.096725985,0.00063684583,3.8703752e-11,73.244225,3150.6581
1978.0833,36.462914,0.020342773,36.425278,0.28854409,0.031633917,748.2085,1543.5814,769.93182,0.71558589,0.56598461,13.918167,0.096393213,0.00074727047,3.8769606e-11,73.228714,3150.1504
1978.1667,36.455147,0.020370334,36.417461,0.28857991,0.03163401,748.09308,1543.3516,769.81714,0.69070965,0.55063713,13.91958,0.10035452,0.0038253251,3.8828218e-11,73.213188,3149.6358
1978.25,36.447094,0.020384375,36.409386,0.28861693,0.031634107,747.97455,1543.1173,769.70044,0.67029852,0.5132373,13.921043,0.10946426,0.010613658,3.885196e-11,73.197113,3149.0938
1978.3333,36.439034,0.02039296,36.401306,0.28865394,0.031634204,747.86609,1542.9017,769.59302,0.66963762,0.49823377,13.922504,0.096753016,0.00056287134,3.8856703e-11,73.181015,3148.6321
1978.4167,36.430992,0.020409776,36.393234,0.28869095,0.031634301,747.83112,1542.8331,769.55902,0.68956709,0.51016742,13.923967,0.098317116,0.0012007735,3.1079216e-11,73.164955,3148.5121
1978.5,36.422955,0.020429153,36.385159,0.28872794,0.031634398,748.05237,1543.2809,769.78308,0.71474576,0.50443566,13.92543,0.10122547,0.0025617657,1.928702e-11,73.148895,3149.4097
1978.5833,36.414787,0.020448294,36.376957,0.28876555,0.031634495,748.34589,1543.8737,770.07953,0.74397802,0.5155502,13.926917,0.10098202,0.0025212634,1.4995723e-11,73.132591,3150.6181
1978.6667,36.406765,0.020473363,36.368889,0.2888025,0.031634592,748.56927,1544.3256,770.30566,0.77312058,0.52888799,13.928404,0.10017223,0.0020968281,1.2975713e-11,73.116562,3151.5473
1978.75,36.398769,0.02051142,36.360821,0.28883949,0.031634688,748.61285,1544.4159,770.35114,0.79046398,0.5695765,13.929973,0.097835675,0.0012896245,1.6466321e-11,73.100578,3151.7705
1978.8333,36.390793,0.020560805,36.352757,0.28887644,0.031634785,748.50281,1544.1968,770.24188,0.79213262,0.6052323,13.931548,0.096593976,0.00078615814,2.0915138e-11,73.084625,3151.3553
1978.9167,36.38282,0.020608921,36.344692,0.2889134,0.031634882,748.39215,1543.9761,770.13196,0.79759532,0.61649042,13.933125,0.096450374,0.00070334703,2.3194075e-11,73.068665,3150.9158
1979,36.37513,0.020880407,36.336502,0.28895095,0.031634979,748.27594,1543.7507,770.01953,0.81339025,0.63554114,13.868308,0.71198523,0.45680287,2.5088731e-11,73.053093,3150.4164
1979.0833,36.36702,0.020708155,36.328705,0.28898668,0.031635072,748.16943,1543.5409,769.91498,0.81822687,0.64605922,13.862542,0.1159668,0.015437785,2.6696135e-11,73.037048,3149.9894
1979.1667,36.35931,0.020753082,36.320915,0.28902242,0.031635161,748.06311,1543.3292,769.80951,0.82203394,0.65455419,13.861875,0.11690096,0.016209854,2.9867414e-11,73.021629,3149.5621
1979.25,36.351334,0.020796772,36.312859,0.28905931,0.031635258,747.95532,1543.1146,769.70258,0.82620025,0.65422195,13.861186,0.11726544,0.022954147,3.1108904e-11,73.005684,3149.1197
1979.3333,36.343342,0.020828959,36.304806,0.28909624,0.031635355,747.84973,1542.9044,769.59784,0.84381258,0.63440412,13.860498,0.11608748,0.012414735,3.1391202e-11,72.989708,3148.6805
1979.4167,36.335369,0.020871039,36.296757,0.28913313,0.031635448,747.76642,1542.7391,769.5155,0.85940552,0.65261263,13.85981,0.11698753,0.0091051273,2.8898306e-11,72.97377,3148.3667
1979.5,36.327408,0.020917471,36.288708,0.28917006,0.031635545,747.8963,1543.0033,769.64771,0.87420529,0.64906299,13.859123,0.12288313,0.0036180557,1.8516568e-11,72.95784,3148.8875
1979.5833,36.319309,0.02096183,36.280529,0.28920755,0.031635642,748.12158,1543.4597,769.87622,0.90103543,0.65401709,13.858423,0.12151142,0.0033039874,1.4045954e-11,72.94165,3149.8126
1979.6667,36.311356,0.021010131,36.272484,0.28924441,0.031635735,748.28833,1543.7985,770.04565,0.9323554,0.67196763,13.857729,0.12017446,0.0029525675,1.241557e-11,72.925735,3150.5204
1979.75,36.303432,0.021074474,36.264439,0.28928128,0.031635832,748.36176,1543.9497,770.12152,0.96028817,0.69727105,13.857022,0.11919932,0.0037202237,1.272137e-11,72.909866,3150.8576
1979.8333,36.295509,0.021138294,36.256401,0.28931814,0.031635925,748.29193,1543.8119,770.05292,0.95990378,0.76709616,13.85631,0.11648693,0.011116116,1.6517527e-11,72.894005,3150.6341
1979.9167,36.287609,0.021212546,36.248363,0.28935501,0.031636022,748.19794,1543.625,769.95978,0.96720433,0.77662021,13.855599,0.1160578,0.01102865,1.782079e-11,72.878181,3150.2603
1980,36.279587,0.021290572,36.240192,0.28939247,0.031636119,748.09729,1543.4246,769.85999,0.97207505,0.78386027,13.854877,0.11636688,0.011269863,1.9455588e-11,72.862099,3149.8547
1980.0833,36.27195,0.021362156,36.232422,0.28942809,0.031636208,748.00275,1543.2367,769.7663,0.97586834,0.79261988,13.854191,0.11706572,0.011714889,2.0396976e-11,72.846802,3149.4752
1980.1667,36.264313,0.021433251,36.224655,0.28946373,0.031636301,747.91022,1543.0526,769.67456,0.98045832,0.8013013,13.853504,0.11738478,0.011946432,2.1019162e-11,72.831512,3149.1043
1980.25,36.256416,0.021504937,36.216625,0.28950053,0.031636395,747.81445,1542.8624,769.57983,0.98294324,0.80010891,13.852793,0.11790869,0.067140937,2.1956588e-11,72.815681,3148.7081
1980.3333,36.248501,0.021564998,36.208599,0.28953737,0.031636491,747.72107,1542.6768,769.48737,0.99900037,0.76641691,13.852082,0.11480825,0.0099162851,2.2539567e-11,72.799843,3148.3026
1980.4167,36.240604,0.02163526,36.200573,0.28957418,0.031636585,747.63416,1542.504,769.40131,1.0220473,0.78739768,13.851373,0.11484156,0.0097356467,2.2078929e-11,72.784027,3147.9843
1980.5,36.232716,0.02170719,36.192551,0.28961098,0.031636678,747.71582,1542.6705,769.48486,1.0414562,0.77698725,13.850665,0.12006153,0.0030244302,1.5300157e-11,72.768227,3148.3085
1980.5833,36.224689,0.021775633,36.184395,0.28964835,0.031636775,747.87628,1542.9963,769.64789,1.0695373,0.77686906,13.849944,0.11973481,0.0030096753,1.2657549e-11,72.752151,3148.9691
1980.6667,36.21682,0.021854393,36.176376,0.28968516,0.031636868,747.95148,1543.1509,769.7254,1.1008623,0.79280019,13.849226,0.11884546,0.0031683545,1.2066815e-11,72.736382,3149.3069
1980.75,36.208965,0.021943111,36.168362,0.28972194,0.031636961,747.9361,1543.1229,769.71173,1.1331205,0.81365621,13.848499,0.11592168,0.0058257775,1.2786358e-11,72.720627,3149.2867
1980.8333,36.201115,0.022030512,36.160347,0.28975868,0.031637054,747.85028,1542.9528,769.62695,1.1348,0.90318274,13.847773,0.11418857,0.0091927312,1.452641e-11,72.704887,3149.0205
1980.9167,36.193272,0.022122571,36.152336,0.28979546,0.031637151,747.74927,1542.7516,769.52673,1.1367503,0.9244982,13.847047,0.11376137,0.0095990365,1.6171295e-11,72.689163,3148.6253
1981,36.185314,0.022220111,36.144192,0.2898328,0.031637244,747.64594,1542.546,769.42426,1.1412035,0.93175077,13.84631,0.11368592,0.0095474217,1.7663104e-11,72.673203,3148.2086
1981.0833,36.177734,0.022309458,36.136448,0.28986835,0.031637333,747.552,1542.3589,769.33105,1.1455535,0.94137543,13.845609,0.11398209,0.0097240824,1.8193051e-11,72.657997,3147.8324
1981.1667,36.170155,0.022397995,36.128704,0.28990388,0.031637426,747.45996,1542.1758,769.23981,1.1495124,0.95014012,13.844908,0.11440149,0.0099631613,1.886081e-11,72.642799,3147.4629
1981.25,36.162315,0.022485413,36.120701,0.2899406,0.03163752,747.3678,1541.9924,769.14844,1.1544093,0.94044685,13.844184,0.11452352,0.0097439447,1.9444526e-11,72.627075,3147.0748
1981.3333,36.154461,0.022563806,36.112701,0.28997731,0.031637613,747.27844,1541.8146,769.05988,1.1778836,0.91294104,13.843459,0.11297374,0.0088644288,1.9909227e-11,72.611343,3146.6984
1981.4167,36.146626,0.022652801,36.104702,0.29001403,0.031637706,747.21619,1541.6914,768.9986,1.2030081,0.93110555,13.842736,0.11428709,0.0075093154,1.8256164e-11,72.595634,3146.4788
1981.5,36.13879,0.022739606,36.096706,0.29005072,0.031637799,747.32184,1541.9064,769.10638,1.2322211,0.92058259,13.842013,0.11692251,0.0062777656,1.3491399e-11,72.579933,3146.9094
1981.5833,36.130825,0.022825213,36.088581,0.29008803,0.031637892,747.44543,1542.1581,769.2323,1.2650756,0.9273234,13.841276,0.11584593,0.0098728668,1.1922434e-11,72.563957,3147.4336
1981.6667,36.123013,0.022921627,36.080589,0.29012471,0.031637985,747.53064,1542.3322,769.31958,1.2969711,0.94543564,13.840544,0.11531167,0.0096915793,1.1222656e-11,72.548286,3147.8137
1981.75,36.115215,0.023025077,36.072601,0.2901614,0.031638078,747.4964,1542.2662,769.28699,1.3282043,0.96655577,13.839805,0.11419082,0.0091024069,1.2601521e-11,72.532646,3147.7171
1981.8333,36.107433,0.023136394,36.064613,0.29019806,0.031638172,747.39435,1542.0632,769.18573,1.3170851,1.0830218,13.839066,0.11391187,0.006178367,1.6077023e-11,72.517021,3147.3996
1981.9167,36.09964,0.023238378,36.056625,0.29023471,0.031638265,747.27606,1541.8274,769.0683,1.3233043,1.0941893,13.838329,0.11556583,0.030898232,1.8680724e-11,72.501381,3146.9292
1982,36.091713,0.023340378,36.048515,0.29027197,0.031638358,747.16309,1541.6024,768.95612,1.3274996,1.0999012,13.837582,0.11600588,0.0049364544,1.9817875e-11,72.485489,3146.4723
1982.0833,36.084175,0.023436939,36.040794,0.29030743,0.031638447,747.05841,1541.3942,768.85229,1.3324178,1.1097318,13.836871,0.11624064,0.0052021109,2.0582081e-11,72.470352,3146.0544
1982.1667,36.076637,0.02353289,36.033077,0.29034287,0.031638537,746.9549,1541.1881,768.74957,1.3368161,1.1187075,13.836163,0.11654421,0.0052047982,2.1549406e-11,72.455231,3145.6396
1982.25,36.068829,0.023623504,36.025105,0.29037949,0.03163863,746.85004,1540.9795,768.64563,1.3406647,1.097805,13.835432,0.11624454,0.036535028,2.2526869e-11,72.439575,3145.1885
1982.3333,36.061005,0.023704344,36.017128,0.29041609,0.031638719,746.74847,1540.7771,768.54486,1.3617612,1.040198,13.834704,0.1136522,0.0050155637,2.3049286e-11,72.423889,3144.731
1982.4167,36.0532,0.023794241,36.009159,0.29045272,0.031638812,746.65228,1540.5858,768.44952,1.3839945,1.0621576,13.833978,0.11357463,0.0066295536,2.2705759e-11,72.408241,3144.3758
1982.5,36.045395,0.023882747,36.00119,0.29048932,0.031638905,746.73444,1540.7531,768.53333,1.4076737,1.0526359,13.833251,0.1166249,0.0044536041,1.5472753e-11,72.392593,3144.7071
1982.5833,36.037464,0.023971664,35.993092,0.29052651,0.031638999,746.84637,1540.9808,768.64746,1.4421778,1.0514197,13.832512,0.11481249,0.0041394075,1.3040128e-11,72.376694,3145.1774
1982.6667,36.029667,0.024061589,35.985126,0.29056311,0.031639088,746.89752,1541.0862,768.70038,1.4754472,1.064553,13.831781,0.11329573,0.0037652217,1.2018767e-11,72.361061,3145.4169
1982.75,36.021885,0.024158569,35.977165,0.2905997,0.031639181,746.87769,1541.0491,768.68213,1.4834125,1.1444814,13.831046,0.11293642,0.0064741089,1.2989485e-11,72.345444,3145.4133
1982.8333,36.014114,0.024261484,35.969204,0.29063627,0.031639274,746.78033,1540.8552,768.58557,1.4790386,1.2024604,13.830309,0.11153877,0.0042164563,1.6083399e-11,72.329857,3145.0628
1982.9167,36.006348,0.024363413,35.961246,0.29067284,0.031639364,746.6803,1540.6559,768.48621,1.4836909,1.2115921,13.829573,0.11172709,0.058630742,1.6958103e-11,72.31427,3144.6613
1983,35.998451,0.024464818,35.953159,0.29070997,0.031639457,746.57904,1540.454,768.38574,1.4863162,1.214067,13.828825,0.11238832,0.001225292,1.7948554e-11,72.298424,3144.2462
1983.0833,35.990932,0.024559915,35.945469,0.29074535,0.031639546,746.48364,1540.2642,768.29108,1.4907058,1.2233245,13.828114,0.11332386,0.0013018871,1.90648e-11,72.283348,3143.8644
1983.1667,35.983418,0.024653656,35.937778,0.29078066,0.031639632,746.38947,1540.0767,768.19763,1.4947757,1.2320929,13.827404,0.11419924,0.0013722834,2.036264e-11,72.268265,3143.4862
1983.25,35.975643,0.024748081,35.929829,0.2908172,0.031639725,746.29388,1539.8862,768.10291,1.4981165,1.22042,13.826672,0.11465741,0.016833102,2.153846e-11,72.252678,3143.0811
1983.3333,35.967857,0.024832774,35.921883,0.29085374,0.031639814,746.20197,1539.7035,768.01178,1.4965996,1.1225072,13.825938,0.11223862,0.0033087591,2.2139421e-11,72.237068,3142.5993
1983.4167,35.960083,0.024926011,35.913937,0.29089025,0.031639908,746.14624,1539.593,767.95691,1.4880865,1.1018823,13.825209,0.1131127,0.0047767176,2.0071687e-11,72.221474,3142.3329
1983.5,35.952305,0.02501324,35.905994,0.29092675,0.031639997,746.29285,1539.8895,768.10529,1.4999577,1.041023,13.824478,0.11345644,0.0036813468,1.4507351e-11,72.205879,3142.8589
1983.5833,35.944405,0.025103671,35.897926,0.29096386,0.03164009,746.40735,1540.1211,768.22125,1.5340868,1.019649,13.823735,0.11023825,0.0029776082,1.2688157e-11,72.190033,3143.3169
1983.6667,35.936642,0.025198808,35.889988,0.29100037,0.031640179,746.47247,1540.2535,768.28784,1.5672251,1.0029212,13.822999,0.10896258,0.003816678,1.2149504e-11,72.174469,3143.5816
1983.75,35.928898,0.025300691,35.882053,0.29103684,0.031640269,746.46063,1540.2314,768.27698,1.585519,1.0413637,13.82226,0.10867566,0.0048797019,1.3373636e-11,72.158928,3143.5773
1983.8333,35.921162,0.025406262,35.874119,0.29107332,0.031640362,746.36725,1540.0452,768.18433,1.5715772,1.1359068,13.821519,0.1093293,0.0039994656,1.8043941e-11,72.143402,3143.269
1983.9167,35.913414,0.025505917,35.866192,0.29110977,0.031640451,746.26721,1539.8456,768.0849,1.5764104,1.1505629,13.82078,0.11037939,0.0043558371,1.9180397e-11,72.127861,3142.8734
1984,35.905544,0.025607349,35.858131,0.29114684,0.031640545,746.17139,1539.6548,767.98969,1.5796523,1.1587139,13.82003,0.1111538,0.010067157,2.0318204e-11,72.112068,3142.4864
1984.0833,35.89806,0.025703829,35.850464,0.2911821,0.03164063,746.08167,1539.4761,767.9007,1.5733911,1.1650972,13.819319,0.113175,0.054590113,2.2172068e-11,72.097054,3142.1132
1984.1667,35.890564,0.025795667,35.8428,0.29121736,0.031640716,745.98761,1539.2891,767.8075,1.5649602,1.1685787,13.818607,0.11369149,0.054619659,2.4688142e-11,72.082008,3141.7182
1984.25,35.882801,0.025880808,35.834881,0.29125378,0.031640805,745.89355,1539.1017,767.71417,1.5616705,1.1436814,13.81788,0.11343816,0.041395925,2.6823811e-11,72.066452,3141.2989
1984.3333,35.875015,0.025952805,35.826962,0.29129019,0.031640898,745.80237,1538.9204,767.62378,1.5449824,1.0530882,13.817157,0.11124595,0.0056255818,2.8675826e-11,72.050858,3140.8124
1984.4167,35.867241,0.026029004,35.819042,0.29132664,0.031640988,745.75482,1538.8259,767.57703,1.5192016,1.0221894,13.816437,0.11177225,0.0054904991,2.5296298e-11,72.035278,3140.5507
1984.5,35.859463,0.026103079,35.811127,0.29136303,0.031641077,745.93011,1539.1788,767.75354,1.5020268,0.91094935,13.815718,0.11163625,0.0065645473,1.706163e-11,72.019699,3141.1108
1984.5833,35.851566,0.026182067,35.803085,0.29140005,0.031641167,746.1084,1539.5377,767.93335,1.52352,0.85946393,13.814987,0.10916588,0.0055160597,1.4425498e-11,72.003868,3141.7812
1984.6667,35.843803,0.026260169,35.795174,0.29143643,0.031641256,746.23633,1539.7954,768.06232,1.5549562,0.82954419,13.814264,0.10723041,0.0041287001,1.326731e-11,71.988312,3142.281
1984.75,35.836052,0.026345827,35.787266,0.29147282,0.031641345,746.28448,1539.8931,768.11151,1.5775243,0.85563391,13.813536,0.10741462,0.00496036,1.4114558e-11,71.972771,3142.5084
1984.8333,35.828316,0.026436083,35.779362,0.29150921,0.031641435,746.20557,1539.7361,768.0332,1.5598195,0.9396562,13.812805,0.10698775,0.0048644906,1.8186704e-11,71.95726,3142.2444
1984.9167,35.820583,0.026528565,35.771458,0.29154557,0.031641524,746.10626,1539.538,767.93451,1.5631071,0.95211488,13.812075,0.10851949,0.0054557999,2.1688259e-11,71.94175,3141.8478
1985,35.812717,0.026618171,35.763424,0.29158252,0.031641617,746.01068,1539.3473,767.83954,1.5651972,0.96442986,13.811333,0.10986514,0.0060837702,2.3528563e-11,71.92598,3141.4645
1985.0833,35.805237,0.026704267,35.755783,0.29161769,0.031641703,745.92291,1539.1726,767.75244,1.5646926,0.9746542,13.810627,0.11045575,0.0062077832,2.4485112e-11,71.91098,3141.1088
1985.1667,35.797756,0.02678817,35.748146,0.29165286,0.031641789,745.83484,1538.9971,767.6651,1.5591754,0.98349482,13.809924,0.11127342,0.022380471,2.6205859e-11,71.895988,3140.7457
1985.25,35.790012,0.026870551,35.74025,0.29168919,0.031641878,745.74487,1538.818,767.57581,1.5487105,0.97614682,13.8092,0.11144695,0.035464611,2.7511588e-11,71.880455,3140.3531
1985.3333,35.782253,0.026942138,35.732357,0.29172552,0.031641964,745.65674,1538.6425,767.48846,1.5248815,0.90267235,13.808479,0.10996412,0.0037004866,2.9003973e-11,71.864914,3139.8889
1985.4167,35.774498,0.027014783,35.724464,0.29176185,0.031642053,745.58032,1538.4905,767.41278,1.4887816,0.88847929,13.807764,0.10994043,0.00556779,2.8610789e-11,71.84938,3139.518
1985.5,35.76675,0.027091365,35.716576,0.29179817,0.031642143,745.6922,1538.7156,767.5257,1.362707,0.8479085,13.807048,0.11182673,0.0067788078,2.0119444e-11,71.833862,3139.7848
1985.5833,35.758881,0.027169593,35.708561,0.29183507,0.031642232,745.97986,1539.2938,767.81494,1.2878428,0.78730565,13.80632,0.11111489,0.006456309,1.5535401e-11,71.818085,3140.7882
1985.6667,35.751137,0.027246511,35.700676,0.29187137,0.031642321,746.1568,1539.6504,767.99335,1.2999868,0.77089834,13.805602,0.11105307,0.006418067,1.4100283e-11,71.802574,3141.4795
1985.75,35.743408,0.027328413,35.692795,0.29190767,0.031642411,746.28217,1539.9033,768.12006,1.3089577,0.80297703,13.804879,0.11106424,0.0060912948,1.3821065e-11,71.787079,3142.0096
1985.8333,35.735683,0.027412403,35.684914,0.29194394,0.031642497,746.31012,1539.9604,768.14905,1.2914487,0.86779267,13.804152,0.11147466,0.0049679475,1.4997498e-11,71.771599,3142.1543
1985.9167,35.727962,0.027495349,35.677036,0.29198021,0.031642586,746.28931,1539.92,768.12891,1.2857988,0.87489587,13.803427,0.11158381,0.0050593717,1.6191845e-11,71.756111,3142.0586
1986,35.720119,0.027582455,35.669033,0.29201707,0.031642675,746.25873,1539.8599,768.09924,1.2763928,0.87963569,13.802689,0.11155737,0.0050703157,1.6995341e-11,71.740387,3141.917
1986.0833,35.712654,0.027664697,35.661415,0.29205215,0.031642761,746.2276,1539.7988,768.06897,1.2653114,0.88129842,13.801987,0.11147232,0.0050837141,1.8040156e-11,71.725426,3141.7692
1986.1667,35.705196,0.027747463,35.653805,0.29208723,0.031642847,746.19037,1539.7251,768.03253,1.2518113,0.88097566,13.801286,0.11165099,0.0052439752,1.9318469e-11,71.710472,3141.5925
1986.25,35.697491,0.027835796,35.645935,0.29212347,0.031642932,746.14502,1539.6354,767.98798,1.2378817,0.86718589,13.800559,0.11149106,0.0050340458,2.0680834e-11,71.69503,3141.369
1986.3333,35.689777,0.027918223,35.638065,0.29215971,0.031643022,746.10144,1539.5492,767.94525,1.2260553,0.80446267,13.799834,0.1097059,0.0045132288,2.1210341e-11,71.679565,3141.1057
1986.4167,35.682083,0.028010193,35.630203,0.29219592,0.031643108,746.07843,1539.5044,767.92303,1.2071116,0.80132461,13.799109,0.11139343,0.0049172402,2.0299977e-11,71.664146,3140.9775
1986.5,35.674397,0.028103312,35.622341,0.29223216,0.031643197,746.28839,1539.9266,768.1344,1.1602609,0.74576986,13.798386,0.11424217,0.007153389,1.5403326e-11,71.64872,3141.7027
1986.5833,35.666573,0.028192235,35.614349,0.29226896,0.031643286,746.49603,1540.3452,768.34387,1.170337,0.70753634,13.797644,0.11519266,0.0046911114,1.3922002e-11,71.633026,3142.4936
1986.6667,35.65889,0.028287781,35.606491,0.29230514,0.031643372,746.69958,1540.7554,768.54907,1.2031834,0.68853337,13.796947,0.11030021,0.0041472195,1.2948057e-11,71.617622,3143.3105
1986.75,35.651234,0.028395087,35.598637,0.29234135,0.031643461,746.93903,1541.2362,768.78961,1.2151395,0.73675632,13.796556,0.10555332,0.0047501344,1.9885317e-11,71.602257,3144.3156
1986.8333,35.643589,0.028506763,35.590782,0.29237753,0.031643547,747.06268,1541.4843,768.9137,1.2036573,0.79547578,13.796228,0.10447481,0.0046109846,2.5384674e-11,71.586906,3144.8427
1986.9167,35.635937,0.028614329,35.582932,0.29241371,0.031643633,747.16962,1541.699,769.02106,1.2071921,0.80972415,13.795904,0.10547019,0.0049312729,2.9473587e-11,71.571541,3145.274
1987,35.626728,0.027952125,35.574955,0.29245049,0.031643722,747.28156,1541.9237,769.13348,1.2123512,0.82881486,13.791558,0.2218627,0.037176017,3.125147e-11,71.553726,3145.7253
1987.0833,35.616714,0.026652399,35.567356,0.29248548,0.031643808,747.38971,1542.141,769.24219,1.2205815,0.84943813,13.783596,0.224291,0.038558532,3.1568571e-11,71.534859,3146.1615
1987.1667,35.606876,0.025450882,35.559757,0.29252043,0.03164389,747.49738,1542.3572,769.35022,1.2282809,0.86850876,13.775635,0.22230643,0.038721729,3.1907268e-11,71.516251,3146.5934
1987.25,35.596867,0.024294849,35.551891,0.29255658,0.031643979,747.60968,1542.5828,769.46313,1.2362491,0.85976064,13.767282,0.23010345,0.037613653,3.1657732e-11,71.497253,3147.0161
1987.3333,35.586369,0.022878746,35.544025,0.29259273,0.031644065,747.72363,1542.8115,769.57758,1.2551726,0.81048226,13.756884,0.26699811,0.042035088,3.0687182e-11,71.477516,3147.4129
1987.4167,35.575897,0.021480028,35.536152,0.29262885,0.031644151,747.90009,1543.1655,769.75464,1.2714696,0.8275274,13.744608,0.26311707,0.040688146,2.5688509e-11,71.457802,3148.1217
1987.5,35.565872,0.020324051,35.528275,0.29266497,0.031644236,748.35675,1544.0814,770.2124,1.2918297,0.77468055,13.731283,0.29571357,0.067919098,1.7536616e-11,71.438782,3149.8871
1987.5833,35.556156,0.019403908,35.520264,0.29270169,0.031644326,748.81744,1545.0057,770.67438,1.3336699,0.76949489,13.714977,0.29908878,0.069944248,1.4441233e-11,71.420174,3151.7359
1987.6667,35.546547,0.018473584,35.512379,0.29273778,0.031644411,749.15607,1545.6847,771.01392,1.3764277,0.77189821,13.69887,0.3007293,0.069081433,1.2989648e-11,71.401787,3153.1038
1987.75,35.536533,0.017327728,35.50449,0.2927739,0.031644497,749.42242,1546.2188,771.28088,1.4137357,0.77971339,13.682756,0.30420724,0.06874945,1.3705337e-11,71.382767,3154.1809
1987.8333,35.526337,0.0160848,35.496601,0.29280999,0.031644583,749.60522,1546.5856,771.46423,1.3920956,0.89783257,13.668966,0.25450015,0.059218671,1.5908452e-11,71.36348,3154.9777
1987.9167,35.516312,0.014936794,35.488705,0.29284608,0.031644668,749.72571,1546.827,771.58502,1.401511,0.91538239,13.657581,0.2484839,0.083717488,1.7310368e-11,71.344452,3155.4567
1988,35.506374,0.013906864,35.480675,0.29288274,0.031644758,749.84387,1547.064,771.70343,1.4085129,0.93206781,13.64601,0.24713993,0.071823418,1.7308632e-11,71.325493,3155.9231
1988.0833,35.497005,0.012975584,35.47303,0.29291764,0.03164484,749.95496,1547.2865,771.81488,1.4155581,0.94802171,13.635003,0.24793197,0.072796211,1.752758e-11,71.307571,3156.3626
1988.1667,35.487724,0.012092619,35.465382,0.29295251,0.031644922,750.07086,1547.5193,771.93121,1.421484,0.96255934,13.623997,0.2468852,0.073823296,1.745065e-11,71.289795,3156.8191
1988.25,35.478275,0.01126078,35.457474,0.29298857,0.031645007,750.19299,1547.7642,772.05377,1.4248017,0.95521176,13.612541,0.25215316,0.065724418,1.7083345e-11,71.271645,3157.275
1988.3333,35.468582,0.010298446,35.449562,0.2930246,0.031645093,750.31915,1548.0172,772.18024,1.4296374,0.91150951,13.599475,0.28209022,0.05237421,1.5935846e-11,71.253113,3157.7104
1988.4167,35.459267,0.0095403129,35.441647,0.29306063,0.031645179,750.54504,1548.47,772.40674,1.4270915,0.90139663,13.584023,0.28860939,0.065337025,1.2512403e-11,71.235161,3158.5695
1988.5,35.450497,0.0090777529,35.433731,0.29309666,0.031645264,751.02283,1549.4282,772.88562,1.4303979,0.83788854,13.568039,0.28784183,0.06989111,9.3070968e-12,71.218056,3160.3913
1988.5833,35.441959,0.008813615,35.425686,0.29313329,0.031645354,751.42706,1550.2389,773.29077,1.4468755,0.81603289,13.551673,0.28235129,0.068981349,8.4112292e-12,71.201241,3161.9725
1988.6667,35.433628,0.0085877879,35.41777,0.29316929,0.031645436,751.76361,1550.9137,773.62817,1.4671365,0.81386781,13.536229,0.26362029,0.049096446,1.3473858e-11,71.184799,3163.3075
1988.75,35.425179,0.0082991114,35.409855,0.29320529,0.031645522,751.99066,1551.369,773.85583,1.4616975,0.88838035,13.52319,0.24131197,0.047927365,2.5109234e-11,71.16819,3164.2568
1988.8333,35.416748,0.0080196196,35.401939,0.29324129,0.031645607,752.09033,1551.5687,773.95575,1.454306,0.9324894,13.51166,0.23455876,0.05763448,3.5771251e-11,71.151596,3164.6651
1988.9167,35.408302,0.007731773,35.394028,0.29327726,0.031645693,752.17584,1551.7406,774.04175,1.4427993,0.94117534,13.500288,0.23558889,0.13418332,4.5854119e-11,71.134979,3164.9775
1989,35.39975,0.0074555581,35.385983,0.29331383,0.031645779,752.28223,1551.9542,774.14856,1.4268682,0.94385183,13.488743,0.2344245,0.079062544,4.9184826e-11,71.118141,3165.3624
1989.0833,35.39167,0.0072266115,35.37833,0.29334864,0.031645861,752.38446,1552.1594,774.25128,1.4000554,0.95110136,13.47776,0.23370279,0.080764927,5.2621175e-11,71.102219,3165.7264
1989.1667,35.38364,0.0070216958,35.370678,0.29338342,0.031645942,752.4939,1552.3792,774.36121,1.395618,0.96184689,13.466786,0.23293272,0.078651279,5.3519706e-11,71.086365,3166.1451
1989.25,35.375397,0.0068425154,35.362766,0.29341939,0.031646028,752.6084,1552.609,774.47614,1.3898017,0.95397371,13.45528,0.24376565,0.074205965,5.3584484e-11,71.070076,3166.5625
1989.3333,35.367348,0.0067685209,35.354855,0.29345533,0.031646114,752.72992,1552.8529,774.59808,1.3948622,0.92496532,13.440468,0.28044018,0.07050474,5.0977386e-11,71.054077,3166.9952
1989.4167,35.359444,0.0067695943,35.346943,0.29349127,0.031646196,752.88373,1553.1613,774.75238,1.3987403,0.94944113,13.424406,0.27965856,0.072187647,4.8091715e-11,71.038292,3167.6083
1989.5,35.351643,0.0068276608,35.339039,0.29352719,0.031646281,753.28546,1553.9677,775.15527,1.4102408,0.91879988,13.408348,0.28007165,0.075334042,3.1628051e-11,71.022682,3169.1685
1989.5833,35.343815,0.0069391937,35.331001,0.29356372,0.031646367,753.78302,1554.9658,775.65424,1.433063,0.91742021,13.392027,0.27819052,0.070775308,2.626995e-11,71.006966,3171.1527
1989.6667,35.336094,0.0070380224,35.323101,0.29359964,0.031646453,754.24689,1555.8965,776.11945,1.4521866,0.91700876,13.37597,0.27768242,0.071220681,2.3291039e-11,70.991478,3172.9993
1989.75,35.328373,0.0071359444,35.315201,0.29363555,0.031646535,754.58502,1556.5753,776.45874,1.4657373,0.9483692,13.360008,0.26774874,0.11117569,2.4041198e-11,70.97599,3174.3693
1989.8333,35.320419,0.0071049002,35.307301,0.29367143,0.03164662,754.74316,1556.8927,776.61749,1.4457535,1.0602193,13.348995,0.19583952,0.03750626,2.8965311e-11,70.960144,3175.0683
1989.9167,35.312359,0.0070170253,35.299404,0.29370734,0.031646702,754.87775,1557.163,776.75256,1.4488223,1.0794557,13.3408,0.19515944,0.036891785,3.0708137e-11,70.94413,3175.6066
1990,35.304375,0.0070380904,35.291378,0.29374379,0.031646788,754.89618,1557.2008,776.77179,1.446279,1.0925282,13.336287,0.11395055,0.0049118442,3.2780428e-11,70.928185,3175.672
1990.0833,35.296959,0.0071569369,35.283745,0.29377851,0.03164687,754.80469,1557.0188,776.68097,1.4380146,1.1022836,13.335625,0.11147176,0.004492498,3.5002185e-11,70.913284,3175.2936
1990.1667,35.289539,0.007273091,35.276112,0.2938132,0.031646952,754.71582,1556.8422,776.59302,1.4292678,1.1103756,13.334962,0.11195928,0.0046156948,3.7355063e-11,70.898384,3174.9242
1990.25,35.281872,0.0073914598,35.268223,0.29384905,0.031647034,754.63043,1556.6725,776.50848,1.4243908,1.1121832,13.334277,0.11229811,0.0047909832,3.8998488e-11,70.88298,3174.5654
1990.3333,35.274204,0.007509423,35.260338,0.2938849,0.03164712,754.55017,1556.5132,776.42914,1.4288996,1.0216955,13.333594,0.11131529,0.0074325171,4.0090778e-11,70.867584,3174.1445
1990.4167,35.266541,0.0076289829,35.252453,0.29392076,0.031647202,754.53821,1556.4908,776.41833,1.4021363,1.0202091,13.332911,0.11266644,0.0065125357,3.562679e-11,70.852196,3174.0548
1990.5,35.258877,0.0077477084,35.244572,0.29395658,0.031647284,754.84436,1557.1097,776.72772,1.2869456,0.989416,13.33223,0.11683395,0.0066980058,2.641857e-11,70.8368,3175.1274
1990.5833,35.251072,0.0078577418,35.236565,0.293993,0.031647369,755.17847,1557.7854,777.06561,1.302375,0.95070279,13.331532,0.11324193,0.0063736592,2.333087e-11,70.821136,3176.4352
1990.6667,35.24345,0.00799408,35.228687,0.29402882,0.031647451,755.42926,1558.2924,777.31927,1.3243519,0.92546058,13.330832,0.11190639,0.0072277337,2.1868396e-11,70.805809,3177.4276
1990.75,35.23584,0.0081379646,35.220814,0.29406464,0.031647537,755.51678,1558.4708,777.40869,1.3357148,0.93534547,13.330128,0.11080854,0.0064215343,2.2566201e-11,70.790504,3177.788
1990.8333,35.22823,0.0082788104,35.212944,0.29410043,0.031647619,755.49408,1558.4268,777.38702,1.3132532,1.0446836,13.329422,0.10916251,0.0037614482,2.4946057e-11,70.775192,3177.7704
1990.9167,35.220631,0.0084252926,35.205074,0.29413623,0.031647701,755.44604,1558.3315,777.33978,1.3178751,1.0575885,13.328718,0.10867233,0.0036750692,2.6734597e-11,70.759911,3177.5816
1991,35.21291,0.0085731056,35.197079,0.29417261,0.031647786,755.39465,1558.23,777.28918,1.3191309,1.0655841,13.328002,0.10826399,0.0035811453,2.8318639e-11,70.744385,3177.3707
1991.0833,35.205563,0.0087142503,35.189472,0.29420722,0.031647865,755.34607,1558.1335,777.24139,1.3178033,1.0746034,13.327321,0.10784961,0.0035275808,3.0254483e-11,70.729599,3177.1702
1991.1667,35.198223,0.0088578835,35.181866,0.29424182,0.031647947,755.29639,1558.0353,777.19244,1.319551,1.0841193,13.326642,0.10768809,0.0035296313,3.1918752e-11,70.714836,3176.9691
1991.25,35.190636,0.0090033561,35.174007,0.29427758,0.031648029,755.24689,1557.9371,777.14374,1.3228806,1.0417942,13.325941,0.10754607,0.0040538455,3.3198815e-11,70.69957,3176.718
1991.3333,35.183029,0.0091396943,35.166153,0.29431334,0.031648111,755.20044,1557.8453,777.09814,1.3376739,0.9277724,13.32524,0.10609341,0.005135648,3.4066285e-11,70.68428,3176.4191
1991.4167,35.175426,0.0092744576,35.158298,0.29434907,0.031648193,755.19635,1557.8379,777.09479,1.3535734,0.92333138,13.324541,0.10511041,0.0039455201,3.2563095e-11,70.668999,3176.3993
1991.5,35.167809,0.0094011938,35.150444,0.29438481,0.031648275,755.46875,1558.3857,777.36865,1.3744686,0.87480861,13.323881,0.10103614,0.0025615287,2.8334774e-11,70.653687,3177.4501
1991.5833,35.160103,0.0095487135,35.142467,0.29442114,0.03164836,755.85779,1559.166,777.75879,1.3977021,0.83594471,13.323505,0.096783549,0.0011901846,5.8097905e-11,70.638184,3178.9781
1991.6667,35.152546,0.0097061507,35.134621,0.29445687,0.031648442,756.23151,1559.9153,778.13324,1.419692,0.8127259,13.323191,0.096283972,0.0010445572,1.6109039e-10,70.622978,3180.4587
1991.75,35.144993,0.0098641897,35.126778,0.29449257,0.031648524,756.50116,1560.4554,778.40326,1.4228621,0.85918915,13.322878,0.095929444,0.00084212318,3.3887637e-10,70.607773,3181.5725
1991.8333,35.137432,0.010014221,35.118935,0.29452828,0.031648606,756.64001,1560.7338,778.54242,1.4036062,0.94156539,13.322569,0.095544279,0.00048041364,4.7067827e-10,70.592552,3182.1765
1991.9167,35.129864,0.010161983,35.111095,0.29456398,0.031648688,756.74707,1560.948,778.64954,1.4069096,0.95628625,13.322264,0.095558934,0.0004779654,5.5629668e-10,70.577332,3182.6076
1992,35.119537,0.0088857906,35.103127,0.29460028,0.03164877,756.86157,1561.1772,778.7641,1.4145348,0.97302711,13.317939,0.23647194,0.016517634,5.2008403e-10,70.5578,3183.0663
1992.0833,35.108082,0.0067954832,35.095535,0.29463479,0.031648852,756.98181,1561.4181,778.88464,1.4248019,0.99424356,13.309998,0.22796437,0.017583249,4.2001624e-10,70.53669,3183.5503
1992.1667,35.097729,0.0053043212,35.08794,0.29466927,0.03164893,757.10437,1561.6636,779.00745,1.433449,1.0131884,13.302057,0.21734974,0.017870022,3.4455885e-10,70.517288,3184.0414
1992.25,35.087841,0.0042046532,35.080082,0.29470494,0.031649012,757.23456,1561.9242,779.13782,1.439335,1.0047996,13.293704,0.22237496,0.023887528,2.824721e-10,70.498482,3184.5328
1992.3333,35.078487,0.0033981074,35.072216,0.29474062,0.031649094,757.36792,1562.1915,779.27148,1.4320827,0.92386752,13.280201,0.28759515,0.067254685,2.3335414e-10,70.480484,3184.9477
1992.4167,35.069695,0.0028956595,35.064354,0.29477626,0.031649176,757.6637,1562.7842,779.56775,1.4130803,0.88847774,13.264124,0.28236094,0.067707889,1.6201308e-10,70.463371,3186.0447
1992.5,35.061413,0.0026682117,35.056488,0.2948119,0.031649254,758.1806,1563.8207,780.08575,1.3879057,0.83380157,13.248048,0.27512488,0.067126095,1.2322179e-10,70.447029,3188.0037
1992.5833,35.053474,0.0026973572,35.048496,0.29484814,0.03164934,758.6059,1564.6732,780.51178,1.3757226,0.81855863,13.231709,0.26990426,0.067122556,1.1358541e-10,70.43116,3189.6479
1992.6667,35.046005,0.0029104592,35.040638,0.29488376,0.031649418,758.97388,1565.4109,780.88062,1.3781071,0.83136368,13.215626,0.26997885,0.06817311,1.1561326e-10,70.416084,3191.1065
1992.75,35.038563,0.003135025,35.03278,0.29491937,0.0316495,759.18231,1565.8291,781.08954,1.3955711,0.88045168,13.199689,0.26021206,0.091766015,1.3906166e-10,70.401047,3191.9779
1992.8333,35.030956,0.0032690105,35.024925,0.29495499,0.031649582,759.30389,1566.0728,781.21143,1.3797547,0.9728989,13.186967,0.22131237,0.075829998,1.6683925e-10,70.38575,3192.5135
1992.9167,35.023243,0.0033439584,35.017071,0.2949906,0.031649664,759.41888,1566.3033,781.32684,1.3847994,0.98631752,13.175611,0.22328986,0.076777555,1.78786e-10,70.370293,3192.9662
1993,35.015465,0.0034535669,35.009094,0.29502678,0.031649746,759.42029,1566.3069,781.32867,1.3866488,0.99566382,13.169486,0.11221276,0.01712379,1.9402753e-10,70.354691,3192.9622
1993.0833,35.008144,0.0036009229,35.001503,0.2950612,0.031649824,759.30042,1566.0679,781.20959,1.382103,1.0018049,13.168816,0.11062253,0.016052257,2.3215019e-10,70.339951,3192.4702
1993.1667,35.00082,0.0037423088,34.993912,0.29509562,0.031649902,759.19025,1565.8485,781.10022,1.3751471,1.0060067,13.168149,0.11032511,0.016349435,2.5252392e-10,70.325218,3192.0137
1993.25,34.99324,0.0038856685,34.986069,0.29513118,0.031649981,759.08276,1565.6345,780.99353,1.3715025,0.97768545,13.167462,0.11018276,0.012381556,2.6880198e-10,70.309975,3191.5376
1993.3333,34.985661,0.0040266127,34.97823,0.29516676,0.031650063,758.98083,1565.4315,780.89227,1.3798739,0.94768709,13.166778,0.10981894,0.0071957214,2.8106514e-10,70.294731,3191.0937
1993.4167,34.9781,0.0041761752,34.97039,0.29520231,0.031650141,758.94269,1565.3567,780.85529,1.3793523,0.94865739,13.166093,0.11098508,0.0077960026,2.6470409e-10,70.279518,3190.9282
1993.5,34.970539,0.0043258476,34.962555,0.29523787,0.031650223,759.22552,1565.926,781.13983,1.3792003,0.89001268,13.16541,0.11335109,0.0088436296,2.0999169e-10,70.264305,3191.9905
1993.5833,34.96286,0.0044782385,34.954594,0.29527399,0.031650305,759.45197,1566.3823,781.3681,1.3855017,0.88021743,13.164713,0.11425463,0.00932582,1.9114449e-10,70.248856,3192.8816
1993.6667,34.955303,0.0046267388,34.946766,0.29530951,0.031650387,759.60205,1566.686,781.52002,1.3974431,0.88253641,13.164024,0.11461201,0.0094243484,1.8572027e-10,70.23365,3193.4858
1993.75,34.947754,0.0047777863,34.938934,0.29534504,0.031650465,759.6947,1566.8743,781.61444,1.4130051,0.89650822,13.16333,0.11320847,0.0087229786,1.832705e-10,70.218452,3193.8747
1993.8333,34.940201,0.0049252827,34.93111,0.29538056,0.031650547,759.70233,1566.8916,781.62323,1.3876802,1.0076232,13.162634,0.11159274,0.0087382244,2.0222268e-10,70.20327,3193.9786
1993.9167,34.932659,0.0050787153,34.923286,0.29541606,0.031650625,759.65576,1566.7998,781.5777,1.3873404,1.0190291,13.16194,0.11127532,0.0086791208,2.1659735e-10,70.188095,3193.7895
1994,34.925003,0.0052365125,34.91534,0.29545215,0.031650707,759.6037,1566.6971,781.52667,1.385434,1.0272188,13.161234,0.1110212,0.0098700933,2.3038757e-10,70.172691,3193.5739
1994.0833,34.917717,0.0053861253,34.907776,0.29548648,0.031650785,759.55237,1566.5959,781.47638,1.382364,1.0365837,13.160562,0.11088649,0.011321764,2.4560284e-10,70.15802,3193.3622
1994.1667,34.910435,0.0055359285,34.900219,0.29552081,0.03165086,759.495,1566.4827,781.41992,1.3785467,1.0444883,13.159891,0.11075948,0.011280391,2.6477531e-10,70.143372,3193.1237
1994.25,34.902912,0.0056914147,34.892406,0.29555628,0.031650942,759.43512,1566.3641,781.36102,1.3747522,1.0258964,13.159199,0.11073232,0.010473265,2.7973088e-10,70.12822,3192.8484
1994.3333,34.895382,0.0058441595,34.884594,0.29559174,0.03165102,759.37732,1566.25,781.30408,1.3849347,0.95709461,13.158507,0.11046643,0.0075950795,2.9146199e-10,70.113068,3192.5452
1994.4167,34.887852,0.0059936144,34.876789,0.29562721,0.031651098,759.35034,1566.1979,781.27838,1.3979986,0.96601284,13.157818,0.11063679,0.0076296497,2.8695674e-10,70.097908,3192.4464
1994.5,34.880302,0.0061327247,34.86898,0.29566267,0.03165118,759.5329,1566.5664,781.46271,1.4162146,0.9185555,13.157138,0.10832234,0.0063764346,2.5280364e-10,70.082733,3193.1367
1994.5833,34.872654,0.0062848665,34.86105,0.2956987,0.031651258,759.90686,1567.3175,781.83807,1.3853415,0.89835107,13.156718,0.098330677,0.0022563145,4.5277362e-10,70.067345,3194.5703
1994.6667,34.865162,0.0064532002,34.853252,0.29573414,0.03165134,760.29761,1568.1022,782.2301,1.3807497,0.88537294,13.156409,0.097919613,0.0020292951,1.2906589e-09,70.052254,3196.1047
1994.75,34.85767,0.0066165659,34.845455,0.29576957,0.031651419,760.60602,1568.7213,782.53955,1.3792374,0.94635189,13.156101,0.096768178,0.0014402154,2.8902352e-09,70.037163,3197.3857
1994.8333,34.850166,0.0067761266,34.837658,0.29580498,0.031651497,760.73883,1568.9878,782.67273,1.363224,1.0235722,13.155798,0.09572152,0.00075715414,4.0535686e-09,70.022057,3197.964
1994.9167,34.842663,0.0069327457,34.829865,0.29584041,0.031651575,760.86237,1569.2351,782.79639,1.3621826,1.0379312,13.155497,0.095677532,0.00082126568,4.4965605e-09,70.00695,3198.4562
1995,34.834316,0.0067003025,34.821949,0.29587638,0.031651657,760.98944,1569.4896,782.92371,1.3617427,1.0505651,13.150372,0.21216245,0.032998975,4.6206496e-09,69.990494,3198.956
1995.0833,34.825768,0.0061518368,34.814411,0.29591063,0.031651732,761.11005,1569.7312,783.04449,1.3668329,1.0685385,13.140905,0.21513964,0.046145517,4.4952295e-09,69.9739,3199.4359
1995.1667,34.817314,0.005654891,34.806877,0.29594487,0.03165181,761.23096,1569.9739,783.16577,1.3681097,1.0826911,13.131443,0.21519093,0.054528069,4.3655999e-09,69.957443,3199.9104
1995.25,34.808655,0.0051869331,34.799084,0.29598024,0.031651888,761.35638,1570.2249,783.2915,1.3681095,1.0691903,13.121552,0.2269581,0.058178585,4.250023e-09,69.940567,3200.3723
1995.3333,34.799862,0.0046453625,34.79129,0.29601562,0.031651966,761.48572,1570.4841,783.42096,1.3619624,0.94450974,13.106588,0.3004733,0.083103672,3.9865977e-09,69.923462,3200.727
1995.4167,34.791187,0.0041695051,34.783493,0.296051,0.031652045,761.63739,1570.7881,783.573,1.3405098,0.94985515,13.089004,0.29362568,0.07904689,3.611156e-09,69.906555,3201.2844
1995.5,34.7826,0.0037411235,34.7757,0.29608634,0.031652123,762.06622,1571.6495,784.00342,1.3303683,0.89325845,13.072547,0.2834231,0.067595504,2.7704077e-09,69.889786,3202.9053
1995.5833,34.774082,0.0034172651,34.767776,0.29612228,0.031652205,762.57635,1572.6742,784.51526,1.3398498,0.85025913,13.056203,0.27691141,0.07366319,2.5671134e-09,69.873047,3204.885
1995.6667,34.766041,0.0032838967,34.759983,0.29615763,0.031652283,762.97296,1573.4705,784.91315,1.3515323,0.82805276,13.040113,0.27540773,0.083601125,4.8938094e-09,69.857124,3206.4333
1995.75,34.758015,0.0031577228,34.75219,0.29619294,0.031652361,763.28839,1574.1038,785.22955,1.3625942,0.86511183,13.024624,0.24523619,0.1053225,1.5676093e-08,69.841217,3207.7152
1995.8333,34.749771,0.0029132001,34.744396,0.29622829,0.031652436,763.4303,1574.3884,785.37183,1.346447,0.95024258,13.014911,0.19152915,0.037200332,5.9091246e-08,69.824966,3208.3272
1995.9167,34.741356,0.0025756117,34.736603,0.29626361,0.031652514,763.52124,1574.5704,785.46301,1.3479539,0.96871042,13.006716,0.19710022,0.039671652,1.5120963e-07,69.808449,3208.6864
1996,34.73291,0.002292315,34.728683,0.29629949,0.031652596,763.62268,1574.774,785.56476,1.3417486,0.98204613,12.998397,0.19463782,0.039647829,2.2248688e-07,69.79184,3209.0754
1996.0833,34.72504,0.0021115656,34.721146,0.29633364,0.03165267,763.72565,1574.9805,785.66803,1.338632,0.99515295,12.990192,0.20279293,0.050000373,2.4907584e-07,69.776291,3209.4744
1996.1667,34.717319,0.0020099608,34.713612,0.29636776,0.031652745,763.83392,1575.1979,785.77673,1.3408437,1.009161,12.980864,0.20809126,0.05671256,2.1996841e-07,69.760963,3209.9004
1996.25,34.709408,0.0019441294,34.705822,0.29640305,0.031652823,763.94818,1575.427,785.89124,1.3449326,1.0020905,12.97097,0.22141971,0.060852773,1.6730195e-07,69.745232,3210.3297
1996.3333,34.701649,0.001959462,34.698032,0.29643834,0.031652901,764.07648,1575.6843,786.02002,1.3677311,0.94427538,12.95584,0.28989691,0.0858161,1.2822467e-07,69.729736,3210.7783
1996.4167,34.693954,0.0020097268,34.690247,0.29647362,0.03165298,764.34955,1576.2321,786.29376,1.3847773,0.94981229,12.938766,0.27726492,0.07411547,9.9292308e-08,69.71434,3211.863
1996.5,34.686386,0.0021258763,34.682465,0.29650888,0.031653058,764.84033,1577.2175,786.78601,1.3679801,0.90218985,12.922708,0.2714954,0.076282285,8.6634202e-08,69.699135,3213.7358
1996.5833,34.678856,0.0023312767,34.674557,0.2965447,0.031653136,765.29059,1578.1212,787.23767,1.3648188,0.89487571,12.906408,0.26950869,0.088275403,8.4977685e-08,69.683945,3215.4994
1996.6667,34.671616,0.0026224302,34.666779,0.29657996,0.031653211,765.66736,1578.8776,787.61554,1.3526849,0.8748197,12.890361,0.26909718,0.0869826,9.1304692e-08,69.66925,3216.9475
1996.75,34.66441,0.00293141,34.659,0.29661521,0.031653289,765.88623,1579.317,787.83527,1.3235866,0.93458843,12.875268,0.23428106,0.096147291,1.1094477e-07,69.65461,3217.8263
1996.8333,34.656956,0.003104046,34.65123,0.29665044,0.031653367,766.013,1579.5713,787.96234,1.3140115,0.99809259,12.864899,0.20264401,0.040794481,1.3202084e-07,69.639603,3218.3633
1996.9167,34.649456,0.0032491847,34.643459,0.29668567,0.031653445,766.12469,1579.7955,788.07446,1.322032,1.0135572,12.855137,0.20492189,0.043995786,1.5442572e-07,69.624504,3218.8099
1997,34.641808,0.0033829678,34.635567,0.29672146,0.031653523,766.10736,1579.7617,788.05774,1.3264788,1.0220648,12.849838,0.1120881,0.0077527231,1.7437685e-07,69.609138,3218.7343
1997.0833,34.634533,0.0035105278,34.628056,0.29675552,0.031653598,765.97662,1579.5011,787.92773,1.327047,1.0300056,12.849203,0.10893943,0.0068055121,1.8993501e-07,69.594505,3218.2063
1997.1667,34.627251,0.0036325173,34.620548,0.29678956,0.031653672,765.84875,1579.2461,787.80078,1.3259439,1.0367382,12.848572,0.10918014,0.0077934153,2.051799e-07,69.57988,3217.6866
1997.25,34.619709,0.0037495827,34.612789,0.29682475,0.031653747,765.7196,1578.9888,787.67242,1.3251811,1.0185355,12.847925,0.1092636,0.0077545941,2.1455494e-07,69.564728,3217.1372
1997.3333,34.612148,0.0038569479,34.60503,0.29685995,0.031653825,765.61328,1578.7772,787.56696,1.3388849,0.96424049,12.847284,0.10854348,0.0070353216,2.0447401e-07,69.549553,3216.6575
1997.4167,34.604599,0.003967646,34.597275,0.29689512,0.0316539,765.69269,1578.9384,787.64758,1.3563211,0.91109663,12.846643,0.11002989,0.0075963377,1.6262409e-07,69.534393,3216.9273
1997.5,34.597023,0.0040631942,34.589523,0.29693028,0.031653978,765.92224,1579.4008,787.87885,1.3684154,0.84265304,12.846003,0.10695738,0.006093062,1.4772381e-07,69.519196,3217.7783
1997.5833,34.589336,0.0041674324,34.581646,0.29696602,0.031654056,766.14331,1579.8456,788.10138,1.3786711,0.81248522,12.84535,0.10299268,0.0044162963,1.3534762e-07,69.503769,3218.6303
1997.6667,34.581814,0.0042904844,34.573898,0.29700118,0.031654131,766.2984,1580.158,788.25763,1.3879879,0.78903711,12.8447,0.10087527,0.0034802521,1.273629e-07,69.488663,3219.2244
1997.75,34.574314,0.0044236048,34.566151,0.29703632,0.031654209,766.35272,1580.2682,788.31287,1.3780148,0.82368177,12.844043,0.09995421,0.0027009563,1.349172e-07,69.473579,3219.453
1997.8333,34.56683,0.0045632892,34.558407,0.29707146,0.031654283,766.26373,1580.0907,788.22449,1.3553225,0.91180474,12.843384,0.099286892,0.0016170269,1.6015055e-07,69.458527,3219.1481
1997.9167,34.559345,0.004702603,34.550667,0.29710659,0.031654362,766.2049,1579.9739,788.16626,1.3554772,0.92748779,12.842725,0.099243224,0.0016314242,1.7060215e-07,69.443474,3218.914
1998,34.551743,0.0048446823,34.542801,0.2971423,0.031654436,766.10419,1579.7727,788.0661,1.3544431,0.93803376,12.842055,0.099178173,0.0015978485,1.833882e-07,69.428185,3218.5059
1998.0833,34.54451,0.0049793245,34.53532,0.29717624,0.031654511,766.00708,1579.5787,787.96942,1.3525647,0.95004267,12.841419,0.099961713,0.0018164756,1.9577027e-07,69.413635,3218.113
1998.1667,34.537273,0.0051113609,34.52784,0.29721022,0.031654585,765.91064,1579.3866,787.87366,1.3498787,0.96072072,12.840784,0.1017589,0.0022845541,2.0934552e-07,69.399086,3217.7215
1998.25,34.529793,0.0052472819,34.520107,0.29724529,0.03165466,765.81598,1579.1976,787.77948,1.3447013,0.95095354,12.840128,0.10251736,0.0029555792,2.203261e-07,69.384048,3217.313
1998.3333,34.522308,0.00538021,34.512379,0.2972804,0.031654738,765.7254,1579.0171,787.68958,1.3423998,0.84040689,12.839473,0.10126691,0.0042802584,2.2914082e-07,69.369003,3216.8233
1998.4167,34.514828,0.0055142166,34.50465,0.29731548,0.031654812,765.6488,1578.8647,787.61359,1.3543556,0.8559655,12.838819,0.10081608,0.0040597059,2.3034436e-07,69.353966,3216.5303
1998.5,34.507351,0.0056467112,34.496929,0.29735056,0.031654887,765.84027,1579.2501,787.8064,1.3572483,0.82679546,12.838164,0.10123719,0.0036958216,1.8743249e-07,69.338928,3217.2578
1998.5833,34.499752,0.0057815439,34.489079,0.2973862,0.031654965,766.10254,1579.7777,788.07013,1.3680973,0.78625572,12.837498,0.10017967,0.0032296579,1.6659492e-07,69.323654,3218.266
1998.6667,34.492287,0.0059196674,34.481361,0.29742125,0.03165504,766.30884,1580.1932,788.27783,1.3809108,0.76836336,12.836841,0.099927559,0.0031252732,1.5854171e-07,69.308647,3219.0745
1998.75,34.484844,0.0060673747,34.473644,0.29745632,0.031655114,766.41504,1580.4077,788.38525,1.384518,0.78335077,12.836178,0.099393822,0.0027860682,1.6428574e-07,69.293663,3219.5058
1998.8333,34.477402,0.0062153023,34.465927,0.29749137,0.031655192,766.39252,1580.3635,788.36334,1.3544705,0.90299344,12.835513,0.098833419,0.0015437381,1.9522196e-07,69.278687,3219.4909
1998.9167,34.469963,0.0063638096,34.458218,0.29752639,0.031655267,766.33405,1580.2469,788.30548,1.3528841,0.91777188,12.834849,0.098706119,0.0019982541,2.2987233e-07,69.263718,3219.2557
1999,34.46241,0.0065152762,34.450382,0.297562,0.031655341,766.25287,1580.0853,788.22485,1.3501219,0.9293552,12.834177,0.098596476,0.0033495545,2.7205809e-07,69.248528,3218.9252
1999.0833,34.455219,0.0066591701,34.442928,0.29759586,0.031655416,766.17377,1579.9275,788.1463,1.3376778,0.93962061,12.833538,0.098570429,0.005380448,3.1295963e-07,69.234055,3218.5925
1999.1667,34.448029,0.0068001789,34.435474,0.29762974,0.031655487,766.09686,1579.774,788.06982,1.3336014,0.95041221,12.8329,0.098575607,0.0054920288,3.5692665e-07,69.219589,3218.2771
1999.25,34.44059,0.0069421618,34.427773,0.29766473,0.031655561,766.01904,1579.6187,787.99249,1.3243947,0.93020785,12.832242,0.098666988,0.0049472023,4.0573877e-07,69.204628,3217.9216
1999.3333,34.433144,0.0070789759,34.420074,0.29769975,0.031655639,765.94714,1579.4753,787.92108,1.2936995,0.85031027,12.831586,0.098444939,0.0037100939,4.5363291e-07,69.189651,3217.5088
1999.4167,34.425705,0.0072190571,34.412376,0.29773474,0.031655714,765.89465,1579.3712,787.86926,1.2703688,0.84491664,12.830931,0.098652735,0.0037412364,4.907285e-07,69.17469,3217.2563
1999.5,34.418262,0.0073559699,34.404682,0.2977697,0.031655788,766.13971,1579.8644,788.11584,1.2633041,0.75653219,12.830288,0.0989796,0.0037421463,4.4230228e-07,69.159721,3218.1299
1999.5833,34.410717,0.0075043691,34.396862,0.29780525,0.031655863,766.52148,1580.6313,788.4989,1.2813672,0.68467718,12.829901,0.094835825,0.0015774594,7.2075295e-07,69.144539,3219.5923
1999.6667,34.403324,0.0076638036,34.389172,0.29784024,0.031655937,766.91968,1581.4303,788.89813,1.3081555,0.63365209,12.829617,0.094426878,0.0013592833,4.3638024e-06,69.129654,3221.1494
1999.75,34.395916,0.0078148041,34.381485,0.2978752,0.031656012,767.18048,1581.9534,789.15948,1.3117673,0.70543891,12.829334,0.093885913,0.0013081267,0.00039545045,69.114746,3222.2545
1999.8333,34.388424,0.007918478,34.373802,0.29791012,0.031656086,767.28625,1582.1654,789.26556,1.2929796,0.79926896,12.829058,0.093436345,0.0012385962,0.0040191002,69.099709,3222.7382
1999.9167,34.380569,0.0078264885,34.366119,0.29794508,0.031656161,767.36548,1582.3241,789.34497,1.2786793,0.81171823,12.828787,0.097783841,0.0042850464,0.0025761302,69.084114,3223.0378
2000,34.371178,0.0069712666,34.358311,0.29798058,0.031656235,767.44073,1582.4752,789.42053,1.248691,0.8155219,12.824512,0.21938871,0.052923191,2.4465042e-05,69.066093,3223.2913
2000.0833,34.361393,0.0056985081,34.350872,0.29801437,0.03165631,767.53442,1582.6632,789.51453,1.2147112,0.81360751,12.815915,0.22786672,0.070254058,7.6671577e-06,69.04763,3223.6042
2000.1667,34.352207,0.0047529605,34.343433,0.29804814,0.031656381,767.63904,1582.873,789.61957,1.2034212,0.82528985,12.806515,0.2229275,0.070731297,4.3320961e-06,69.030098,3223.9971
2000.25,34.343109,0.0039928611,34.335739,0.29808307,0.031656455,767.74854,1583.0927,789.72937,1.2004254,0.81195521,12.796741,0.22359043,0.070372224,2.582027e-06,69.012581,3224.3926
2000.3333,34.334042,0.0032507463,34.328045,0.29811797,0.03165653,767.86682,1583.3298,789.84808,1.17987,0.72776663,12.785865,0.23461245,0.068599805,1.5106963e-06,68.99511,3224.7335
2000.4167,34.325348,0.0027120903,34.320347,0.29815286,0.031656601,768.09052,1583.7784,790.0722,1.1330882,0.70815104,12.77457,0.22902854,0.069187403,1.0127272e-06,68.97821,3225.5352
2000.5,34.317318,0.0025311871,34.312649,0.29818773,0.031656675,768.54126,1584.683,790.52417,1.0619296,0.64561987,12.763277,0.22363517,0.071196966,7.2357847e-07,68.962341,3227.1815
2000.5833,34.309772,0.0026805445,34.304825,0.2982232,0.03165675,769.0531,1585.7108,791.03778,1.0323858,0.59482861,12.751799,0.2206074,0.072839744,6.5156394e-07,68.947159,3229.128
2000.6667,34.302647,0.002988368,34.297131,0.29825807,0.031656824,769.51093,1586.6309,791.49738,1.0347356,0.58579659,12.740505,0.22620673,0.078083321,7.4734277e-07,68.932678,3230.9328
2000.75,34.29565,0.0033647306,34.289444,0.29829293,0.031656899,769.79871,1587.2103,791.78693,1.0541021,0.61890775,12.729233,0.22076131,0.074985608,1.1896262e-06,68.918404,3232.1166
2000.8333,34.288559,0.0036877766,34.281757,0.29832777,0.031656973,769.94214,1587.4996,791.93152,1.0370589,0.75168258,12.720778,0.17637907,0.044471964,1.4436993e-06,68.903984,3232.7871
2000.9167,34.281406,0.0039734151,34.274075,0.29836264,0.031657044,770.08002,1587.778,792.07074,1.0440255,0.7732898,12.714192,0.17740323,0.045228921,1.6286209e-06,68.889473,3233.3496
2001,34.273994,0.004187936,34.266266,0.29839805,0.031657118,770.09644,1587.8136,792.08875,1.0486437,0.79160047,12.710523,0.12129375,0.017414197,1.7626149e-06,68.874504,3233.4243
2001.0833,34.266804,0.0043148254,34.258842,0.29843175,0.031657189,769.99689,1587.6173,791.99091,1.0495663,0.8053624,12.709909,0.12113544,0.017502639,1.8470367e-06,68.860046,3233.0302
2001.1667,34.259613,0.0044414098,34.251419,0.29846543,0.03165726,769.89935,1587.4252,791.8952,1.0484538,0.81779045,12.709295,0.12263085,0.018479226,1.93506e-06,68.845589,3232.641
2001.25,34.252186,0.004573192,34.243744,0.29850024,0.031657334,769.79871,1587.2274,791.79663,1.0476807,0.81066638,12.708661,0.1217557,0.018230859,2.0545579e-06,68.830658,3232.2203
2001.3333,34.244747,0.0046984307,34.236076,0.29853505,0.031657409,769.70282,1587.0387,791.7027,1.0631101,0.7796433,12.708026,0.119379,0.017848415,2.140614e-06,68.815712,3231.8105
2001.4167,34.237312,0.004824969,34.228409,0.29856986,0.03165748,769.61285,1586.8619,791.6145,1.083001,0.80463666,12.707393,0.12049317,0.018758208,2.1942094e-06,68.800774,3231.4852
2001.5,34.229927,0.0049763955,34.220741,0.29860467,0.031657554,769.68036,1587.0027,791.685,1.0509323,0.79693305,12.706766,0.13663027,0.030078206,1.888372e-06,68.785904,3231.7087
2001.5833,34.222446,0.0051445952,34.212952,0.29864001,0.031657629,769.96436,1587.59,791.97815,0.98500669,0.75127763,12.706129,0.16024734,0.039367262,1.6733644e-06,68.770836,3232.7454
2001.6667,34.214825,0.0051656687,34.205292,0.29867479,0.031657699,770.09314,1587.8611,792.11322,1.0163586,0.73735261,12.705484,0.12352543,0.016666183,3.1298673e-06,68.755608,3233.2822
2001.75,34.207348,0.0052634547,34.197632,0.29870957,0.031657774,770.11926,1587.9211,792.14319,1.0273671,0.79243934,12.704844,0.11405323,0.011372715,5.4806701e-06,68.740608,3233.449
2001.8333,34.199974,0.0054162689,34.189976,0.29874432,0.031657845,770.00598,1587.6974,792.03156,1.0134089,0.88593435,12.704203,0.11095785,0.0082030995,8.0452919e-06,68.725769,3233.0642
2001.9167,34.192566,0.0055489987,34.182323,0.29877907,0.031657919,769.85913,1587.4124,791.88947,1.0013771,0.88388187,12.703585,0.20680799,0.056892343,3.3475114e-06,68.710876,3232.4607
2002,34.184967,0.0056457142,34.174545,0.29881439,0.031657994,769.71637,1587.1401,791.75366,0.97293395,0.86541367,12.702942,0.12549454,0.015445746,3.3886988e-06,68.695625,3231.847
2002.0833,34.177719,0.0057280529,34.167149,0.298848,0.031658061,769.60358,1586.9175,791.6427,0.94418401,0.84584057,12.70235,0.11835843,0.011793548,1.7427365e-06,68.681107,3231.3371
2002.1667,34.170471,0.0058075259,34.159752,0.29888159,0.031658132,769.49963,1586.7114,791.54004,0.9279843,0.83654994,12.701758,0.11248139,0.0088223116,8.617622e-07,68.666565,3230.8838
2002.25,34.162971,0.0058873603,34.152107,0.29891631,0.031658206,769.39764,1586.5095,791.43933,0.92876703,0.82686967,12.701148,0.11257768,0.0091181463,5.5544831e-07,68.65155,3230.4551
2002.3333,34.155434,0.0059449952,34.144463,0.29895103,0.031658277,769.30109,1586.3185,791.34399,0.93513709,0.77576423,12.700536,0.11030649,0.010407908,4.2793238e-07,68.636452,3230.0115
2002.4167,34.147938,0.0060232468,34.136822,0.29898575,0.031658348,769.30438,1586.3328,791.35089,0.96673858,0.77654624,12.699932,0.11793729,0.014059436,3.3972893e-07,68.621437,3230.0526
2002.5,34.140388,0.006071331,34.129181,0.29902044,0.031658422,769.64569,1587.0364,791.70093,1.0012279,0.705396,12.699319,0.11556888,0.01228461,2.3771183e-07,68.606323,3231.3952
2002.5833,34.132729,0.0061268429,34.121418,0.29905573,0.031658493,769.97546,1587.7052,792.03461,1.0358368,0.65982729,12.698694,0.10401397,0.0064627663,2.0336431e-07,68.590988,3232.7008
2002.6667,34.125233,0.0062028142,34.113785,0.29909039,0.031658567,770.16486,1588.0887,792.22626,1.0686469,0.6263622,12.698083,0.10064693,0.0046512769,1.8965076e-07,68.575974,3233.449
2002.75,34.117779,0.0062988028,34.106152,0.29912508,0.031658638,770.25482,1588.2719,792.31781,1.1000111,0.59946018,12.697466,0.099228606,0.0040737204,1.9232202e-07,68.561012,3233.8025
2002.8333,34.110344,0.006404289,34.098522,0.29915974,0.031658709,770.23706,1588.2377,792.30096,1.0981213,0.68718773,12.696847,0.098024182,0.0030861115,2.3522107e-07,68.546089,3233.8039
2002.9167,34.102913,0.0065112375,34.090893,0.2991944,0.03165878,770.13544,1588.0347,792.19983,1.0864322,0.74907869,12.696228,0.097862385,0.0025513649,2.7568677e-07,68.531174,3233.4331
2003,34.095364,0.0066207233,34.083141,0.29922962,0.031658854,770.02753,1587.8193,792.09253,1.0879121,0.76092422,12.695601,0.0977749,0.0032869196,3.0550282e-07,68.516022,3233
2003.0833,34.088181,0.0067241541,34.075768,0.29926315,0.031658921,769.9281,1587.6205,791.99353,1.089337,0.77145147,12.695003,0.097770676,0.0035678449,3.2697432e-07,68.501595,3232.5995
2003.1667,34.080997,0.006826275,34.068394,0.29929665,0.031658992,769.83148,1587.428,791.8974,1.0907526,0.78119475,12.694406,0.099337429,0.0044847839,3.4537055e-07,68.487175,3232.2104
2003.25,34.07357,0.0069295745,34.060776,0.29933128,0.031659063,769.7323,1587.2303,791.79889,1.0923131,0.7778917,12.693789,0.10145559,0.0056023235,3.6522559e-07,68.472275,3231.7976
2003.3333,34.066124,0.007022907,34.053158,0.29936591,0.031659134,769.63849,1587.0432,791.70569,1.0879128,0.66064101,12.693172,0.097316056,0.0035935205,3.7282254e-07,68.457329,3231.2862
2003.4167,34.058704,0.0071289111,34.045544,0.29940051,0.031659205,769.6369,1587.0409,791.70483,1.0774395,0.63596845,12.692556,0.097837776,0.0037012778,3.2429804e-07,68.442436,3231.2309
2003.5,34.051285,0.0072331424,34.03793,0.29943514,0.031659279,769.97656,1587.7235,792.04596,1.0753647,0.58735913,12.69194,0.098645791,0.004142609,2.3615799e-07,68.427551,3232.5282
2003.5833,34.043747,0.0073404568,34.030197,0.29947031,0.03165935,770.26678,1588.3071,792.33789,1.085407,0.57235652,12.691315,0.098550968,0.0041011581,2.0820343e-07,68.412415,3233.6733
2003.6667,34.036366,0.0074626091,34.022587,0.29950491,0.031659421,770.4856,1588.7473,792.55792,1.1043088,0.57124162,12.690693,0.098276131,0.0040827361,1.9462725e-07,68.397583,3234.5547
2003.75,34.029007,0.0075974818,34.01498,0.29953948,0.031659491,770.6153,1589.0085,792.6886,1.1287208,0.58011276,12.690068,0.098098733,0.0039857859,2.0187524e-07,68.38279,3235.0942
2003.8333,34.021656,0.0077337637,34.007378,0.29957405,0.031659562,770.6087,1588.9962,792.6828,1.1311305,0.63821739,12.689443,0.097507045,0.0033339786,2.4683462e-07,68.368004,3235.1146
2003.9167,34.014313,0.0078719519,33.999775,0.29960862,0.031659633,770.5025,1588.7841,792.57703,1.1133162,0.68054706,12.688818,0.097444184,0.0028404407,2.8136799e-07,68.353226,3234.6997
2004,34.006847,0.008012048,33.992054,0.29964375,0.031659704,770.38715,1588.5538,792.46222,1.1032935,0.68106228,12.688182,0.097443871,0.0028522091,2.9811508e-07,68.338219,3234.2137
2004.0833,33.999748,0.0081456089,33.984707,0.29967716,0.031659774,770.2774,1588.3347,792.35309,1.0901028,0.6802336,12.687577,0.097538427,0.002915804,3.2022118e-07,68.323936,3233.747
2004.1667,33.992641,0.0082763359,33.97736,0.2997106,0.031659842,770.1712,1588.1227,792.24731,1.0743355,0.67688888,12.686974,0.099659175,0.003929087,3.4074256e-07,68.309654,3233.289
2004.25,33.985298,0.0084101036,33.969769,0.29974514,0.031659912,770.06464,1587.9102,792.14142,1.0539025,0.66035718,12.686349,0.10110457,0.0045604995,3.5824885e-07,68.294884,3232.8117
2004.3333,33.977951,0.0085396264,33.962181,0.29977965,0.031659983,769.9635,1587.7083,792.04089,1.0257078,0.59336686,12.685724,0.099015459,0.0035809192,3.6820998e-07,68.280113,3232.2977
2004.4167,33.970612,0.0086734174,33.954594,0.29981419,0.031660054,769.96936,1587.7211,792.04749,0.99564075,0.56442147,12.685102,0.1002566,0.003759813,3.202384e-07,68.265358,3232.2483
2004.5,33.963272,0.008807336,33.94701,0.29984871,0.031660125,770.32495,1588.4354,792.40454,0.97768533,0.52583843,12.68448,0.099235646,0.0031386684,2.4800215e-07,68.250603,3233.6033
2004.5833,33.955818,0.0089431517,33.939304,0.29988378,0.031660195,770.58832,1588.9647,792.66931,0.97404087,0.50867045,12.683846,0.098989941,0.0030598869,2.2188955e-07,68.235611,3234.6243
2004.6667,33.948505,0.00908715,33.931725,0.29991829,0.031660266,770.92609,1589.6432,793.00848,0.9820196,0.50320846,12.683275,0.096330538,0.0022562789,2.1837046e-07,68.220894,3235.9673
2004.75,33.941216,0.0092421547,33.924145,0.29995278,0.031660337,771.22656,1590.246,793.30975,0.99529165,0.50711125,12.682988,0.093736917,0.0013351719,2.8401078e-07,68.206215,3237.1742
2004.8333,33.933914,0.0093914699,33.916573,0.29998726,0.031660404,771.48901,1590.7719,793.57257,0.98218733,0.56206971,12.68274,0.09351854,0.0010969058,3.3378294e-07,68.191528,3238.2519
2004.9167,33.926617,0.0095393239,33.909,0.30002174,0.031660475,771.66876,1591.1321,793.75269,0.96726733,0.5704965,12.682491,0.093486011,0.0014195727,3.5995643e-07,68.176834,3238.9505
2005,33.91824,0.0091697248,33.901302,0.30005679,0.031660546,771.84222,1591.4796,793.92645,0.95294321,0.57809883,12.679022,0.18194462,0.017074332,3.5796461e-07,68.160431,3239.6188
2005.0833,33.909531,0.0084221289,33.893978,0.3000901,0.031660613,771.99921,1591.7939,794.08368,0.94211531,0.5859679,12.672657,0.18164304,0.017585313,3.4962855e-07,68.143684,3240.2215
2005.1667,33.901051,0.0077962521,33.886654,0.30012342,0.03166068,772.15295,1592.1022,794.23767,0.86063558,0.5829311,12.666361,0.17520458,0.017772507,3.3504534e-07,68.127289,3240.7298
2005.25,33.892387,0.0072080879,33.879078,0.30015787,0.031660751,772.32526,1592.4479,794.41052,0.69066173,0.56355315,12.660791,0.17480177,0.022282418,3.1636196e-07,68.110489,3241.2092
2005.3333,33.883648,0.0065787868,33.871502,0.30019233,0.031660821,772.50403,1592.8068,794.58997,0.67107588,0.5261637,12.654015,0.17994766,0.034841049,2.9225652e-07,68.09359,3241.8456
2005.4167,33.875072,0.0060396232,33.863922,0.30022675,0.031660888,772.72198,1593.2445,794.80872,0.64040107,0.49650896,12.647437,0.17849572,0.035689015,2.5742924e-07,68.07692,3242.6366
2005.5,33.866894,0.00571441,33.856346,0.30026117,0.031660959,773.23663,1594.2825,795.3266,0.59766948,0.4562622,12.640859,0.17623033,0.038734701,2.2099732e-07,68.060883,3244.6013
2005.5833,33.859604,0.0059394906,33.848644,0.30029616,0.03166103,773.79266,1595.4078,795.88831,0.55009997,0.43446758,12.634174,0.21158914,0.066541731,5.5586719e-07,68.046143,3246.7538
2005.6667,33.852699,0.0063011427,33.841068,0.30033058,0.031661101,774.25085,1596.3409,796.35413,0.56255716,0.42861372,12.627588,0.2217842,0.090454154,1.8786984e-06,68.032066,3248.5965
2005.75,33.845734,0.0066290782,33.8335,0.30036497,0.031661168,774.58051,1597.0144,796.69043,0.58405578,0.43674949,12.621007,0.21439892,0.096614935,4.5015863e-06,68.017891,3249.945
2005.8333,33.838711,0.006922238,33.825932,0.30039936,0.031661239,774.7193,1597.308,796.83728,0.562298,0.47326043,12.616203,0.32991937,0.16655245,6.7701376e-06,68.003632,3250.5202
2005.9167,33.831615,0.0071775229,33.818367,0.30043375,0.031661306,774.7774,1597.4868,796.9267,0.5551514,0.49122715,12.612812,0.5424152,0.29647437,8.0597838e-06,67.989258,3250.8394
2006,33.824402,0.0074318284,33.81068,0.30046868,0.031661376,774.83899,1597.6852,797.026,0.57083052,0.51305193,12.609327,0.5458594,0.30295408,8.8862635e-06,67.974648,3251.2181
2006.0833,33.81752,0.0076633948,33.803371,0.30050194,0.031661443,774.89459,1597.866,797.11639,0.58290005,0.53031176,12.605385,0.55557829,0.35343716,3.9738774e-05,67.960716,3251.5562
2006.1667,33.810593,0.007869238,33.796062,0.30053517,0.03166151,774.95447,1598.0577,797.21234,0.59215504,0.54414362,12.600546,0.5685699,0.36991623,4.0962892e-05,67.946724,3251.9082
2006.25,33.803528,0.0081333108,33.788509,0.30056953,0.031661581,775.01501,1598.2528,797.30988,0.60092133,0.55000478,12.595449,0.56176639,0.35705942,3.6809757e-05,67.932404,3252.2564
2006.3333,33.796474,0.0084016658,33.78096,0.30060387,0.031661648,775.08966,1598.4592,797.41321,0.60896671,0.5344944,12.588174,0.4358778,0.23734155,3.2187923e-05,67.918098,3252.6118
2006.4167,33.78952,0.0087211598,33.773415,0.3006382,0.031661715,775.20294,1598.7324,797.5498,0.61767322,0.53800768,12.580021,0.43809339,0.25194255,3.0673044e-05,67.903954,3253.1249
2006.5,33.782639,0.0090788202,33.765873,0.30067253,0.031661786,775.6452,1599.6663,798.01569,0.63971788,0.52941787,12.571848,0.33479252,0.17933001,2.4913825e-05,67.889923,3254.958
2006.5833,33.775612,0.0094244434,33.758209,0.30070743,0.031661857,776.20123,1600.8154,798.58899,0.67000014,0.53721833,12.56355,0.29679415,0.15250482,2.2444441e-05,67.87561,3257.2517
2006.6667,33.768497,0.0096511496,33.750671,0.30074176,0.031661924,776.64771,1601.7334,799.04688,0.69941789,0.5512653,12.555378,0.23264043,0.10214156,2.867589e-05,67.861229,3259.0954
2006.75,33.76115,0.0097525911,33.743137,0.30077606,0.031661991,776.96838,1602.3871,799.37305,0.72614437,0.56214809,12.547213,0.2048509,0.078425325,5.9105812e-05,67.846474,3260.4105
2006.8333,33.753674,0.0097813783,33.735607,0.30081037,0.031662062,777.18896,1602.8339,799.59619,0.7332226,0.61069041,12.539843,0.17506635,0.076260768,9.450299e-05,67.831535,3261.3344
2006.9167,33.746166,0.0097939279,33.728077,0.30084464,0.031662129,777.34015,1603.1395,799.74902,0.69800335,0.62495732,12.534705,0.16423908,0.049219739,0.00013287301,67.816544,3261.9031
2007,33.738659,0.009872173,33.720425,0.30087951,0.0316622,777.35333,1603.1696,799.76422,0.70053047,0.63377434,12.531837,0.11880061,0.021526536,0.00018811489,67.801498,3261.9548
2007.0833,33.731647,0.010017604,33.713146,0.30091265,0.031662263,777.24097,1602.949,799.65417,0.70209199,0.63995409,12.531225,0.1189796,0.022128463,0.00024786434,67.787384,3261.5049
2007.1667,33.724648,0.010166471,33.705872,0.30094582,0.03166233,777.12115,1602.7139,799.53687,0.7028107,0.64481419,12.530613,0.1176865,0.021272363,0.00032472331,67.7733,3261.0233
2007.25,33.717365,0.010295895,33.698349,0.30098006,0.031662397,776.99347,1602.4628,799.41168,0.70387691,0.63899285,12.529982,0.11843181,0.020216132,0.00039622141,67.758652,3260.4993
2007.3333,33.709976,0.010365306,33.69083,0.30101433,0.031662464,776.87451,1602.2285,799.29492,0.72106546,0.62305689,12.529352,0.11280882,0.01492927,0.00042820163,67.743851,3260.0153
2007.4167,33.702648,0.010466657,33.683315,0.30104858,0.031662535,776.81842,1602.1222,799.24176,0.74418747,0.62950224,12.528728,0.11680858,0.016914502,0.00040649404,67.729141,3259.814
2007.5,33.695267,0.010539917,33.6758,0.30108282,0.031662602,777.0412,1602.5858,799.47229,0.7729364,0.60792452,12.5281,0.11953847,0.01757781,0.00035030264,67.714355,3260.7224
2007.5833,33.687778,0.010619171,33.668163,0.3011176,0.031662669,777.29498,1603.1062,799.73145,0.80407625,0.60840321,12.527552,0.1046167,0.0083360691,0.0001423527,67.699341,3261.7721
2007.6667,33.680531,0.010760811,33.660652,0.30115184,0.031662736,777.68311,1603.891,800.12286,0.83344054,0.60966688,12.527273,0.098646432,0.0046617552,0,67.684761,3263.3522
2007.75,33.673302,0.010910925,33.653145,0.30118605,0.031662807,777.94543,1604.4209,800.38733,0.86091638,0.60735768,12.527009,0.095278732,0.003026468,0,67.670204,3264.4189
2007.8333,33.666061,0.011054562,33.645641,0.30122027,0.031662874,778.06183,1604.655,800.50433,0.85650975,0.67414379,12.526749,0.093020588,0.0024802701,0,67.65564,3264.9344
2007.9167,33.658489,0.011017968,33.638138,0.30125445,0.031662941,778.16663,1604.8652,800.6095,0.85773474,0.68472677,12.526491,0.092949457,0.0095433118,0.01003453,67.640564,3265.3507
2008,33.649094,0.010061748,33.630512,0.30128923,0.031663008,778.26935,1605.0715,800.71259,0.81097007,0.68146151,12.523018,0.18973564,0.050371911,0.0038448924,67.622627,3265.6915
2008.0833,33.639484,0.0087920493,33.623249,0.30132228,0.031663075,778.36884,1605.2714,800.8125,0.8149488,0.69250703,12.516652,0.19045027,0.05221872,0.0015613007,67.604515,3266.0812
2008.1667,33.630253,0.0077285445,33.615982,0.30135533,0.031663138,778.46918,1605.473,800.91339,0.81801552,0.70202905,12.510286,0.18844612,0.053514529,0.00076931139,67.586983,3266.4727
2008.25,33.621037,0.0068094637,33.608467,0.30138952,0.031663205,778.57538,1605.6865,801.02014,0.82142508,0.6969682,12.503652,0.19035852,0.053793926,0.00042088659,67.569366,3266.8736
2008.3333,33.611938,0.0059541785,33.600948,0.3014237,0.031663273,778.68427,1605.9054,801.12964,0.84161222,0.67634058,12.495882,0.20174395,0.052790839,0.00024974736,67.551926,3267.2851
2008.4167,33.603073,0.0052262824,33.593426,0.30145785,0.03166334,778.82501,1606.1886,801.27112,0.86552924,0.69373363,12.48775,0.19617213,0.049858253,0.0001577518,67.534843,3267.8666
2008.5,33.594521,0.004670199,33.585903,0.30149198,0.031663407,779.24603,1607.0414,801.69629,0.88756037,0.68277991,12.480585,0.19233261,0.044058334,9.9887315e-05,67.518242,3269.5529
2008.5833,33.58638,0.0044021243,33.578259,0.3015267,0.031663474,779.64349,1607.8483,802.09833,0.92259258,0.69925505,12.471498,0.20899628,0.054281481,0.00026426811,67.502228,3271.1856
2008.6667,33.578636,0.0042811502,33.570736,0.30156082,0.031663541,779.95233,1608.4747,802.41083,0.96381658,0.72313881,12.46176,0.20751929,0.053146061,0.00011453052,67.486877,3272.4734
2008.75,33.570827,0.0041270731,33.563213,0.30159494,0.031663608,780.12488,1608.8248,802.58533,0.98229688,0.79457223,12.452353,0.19421959,0.05203956,7.0182716e-05,67.471428,3273.2358
2008.8333,33.562939,0.0039277286,33.555695,0.30162907,0.031663675,780.19733,1608.9707,802.65826,0.98512882,0.83380449,12.444094,0.18780899,0.052381299,0.0019792276,67.455849,3273.545
2008.9167,33.554901,0.003647259,33.548172,0.30166319,0.031663742,780.26385,1609.1046,802.72516,0.99154925,0.84754455,12.43594,0.19185886,0.055220567,0.0010231215,67.440048,3273.8085
2009,33.546947,0.0034783313,33.540531,0.30169785,0.031663809,780.34344,1609.2648,802.80536,0.99492723,0.85863829,12.427655,0.1903965,0.055304211,0.00014651212,67.424316,3274.1191
2009.0833,33.53952,0.0033936456,33.533257,0.30173081,0.031663876,780.41919,1609.4172,802.88171,0.99786443,0.86838579,12.419197,0.20345634,0.069875784,5.0162897e-05,67.409561,3274.4134
2009.1667,33.532185,0.0033598384,33.525986,0.3017638,0.031663939,780.50214,1609.5841,802.96515,1.0021009,0.8782962,12.409802,0.20518287,0.072305657,3.7148322e-05,67.394958,3274.7365
2009.25,33.524643,0.0033454096,33.518471,0.30179787,0.031664006,780.59009,1609.7609,803.05347,1.0074528,0.87249917,12.400026,0.20896888,0.072097965,2.9761062e-05,67.379921,3275.0644
2009.3333,33.517113,0.0033361046,33.510956,0.30183196,0.03166407,780.71869,1610.0195,803.18274,1.0305192,0.85467851,12.38915,0.22108765,0.071041018,2.5699619e-05,67.364899,3275.5602
2009.4167,33.509724,0.003402262,33.503445,0.30186602,0.031664137,780.9516,1610.4906,803.41791,1.0413064,0.87029958,12.37786,0.22545595,0.074680567,2.2802778e-05,67.350098,3276.4997
2009.5,33.50256,0.003589768,33.495937,0.30190006,0.031664204,781.33154,1611.269,803.80518,1.0556501,0.85757256,12.36657,0.23021172,0.078805305,2.0103127e-05,67.335655,3278.0212
2009.5833,33.495419,0.0038549395,33.488304,0.30193469,0.031664271,781.7215,1612.0677,804.20264,1.0841817,0.87713641,12.355093,0.2318047,0.080221914,2.1363614e-05,67.321175,3279.6296
2009.6667,33.488392,0.0041132784,33.480801,0.30196872,0.031664338,782.0307,1612.7021,804.51825,1.1213633,0.90131783,12.343794,0.2288581,0.078458078,5.2716521e-05,67.306938,3280.9246
2009.75,33.48138,0.0043783989,33.473301,0.30200276,0.031664401,782.25983,1613.1731,804.75262,1.1464903,0.95808178,12.332741,0.21180056,0.067314692,0.00035783986,67.292725,3281.9156
2009.8333,33.474148,0.0045215916,33.465801,0.30203679,0.031664468,782.36658,1613.3915,804.86163,1.1421247,1.0365371,12.32506,0.17103842,0.040330127,0.00096353312,67.278175,3282.4014
2009.9167,33.466824,0.0046158344,33.458305,0.3020708,0.031664535,782.453,1613.566,804.94873,1.1504872,1.0477802,12.318485,0.17122079,0.040234115,0.00067000435,67.263481,3282.748
2010,33.459408,0.004724158,33.450691,0.30210537,0.031664602,782.40808,1613.4777,804.90485,1.15579,1.0559953,12.314832,0.11155251,0.012429524,0.00041198928,67.248596,3282.5657
2010.0833,33.452389,0.0048468667,33.443443,0.30213827,0.031664666,782.23492,1613.1333,804.73297,1.1583347,1.062651,12.314238,0.1097079,0.011550349,0.00014014632,67.234482,3281.8707
2010.1667,33.445374,0.0049707689,33.436199,0.30217114,0.031664729,782.06769,1612.8007,804.56702,1.1601039,1.0680627,12.313644,0.109623,0.011595538,4.3553067e-05,67.220375,3281.1978
2010.25,33.43811,0.0050925571,33.428715,0.30220515,0.031664792,781.8999,1612.4672,804.4007,1.1616362,1.0551705,12.313037,0.10972836,0.011653182,2.9297735e-05,67.205788,3280.5035
2010.3333,33.430824,0.0051985891,33.42123,0.30223912,0.03166486,781.75568,1612.1808,804.25781,1.180078,0.95497239,12.31243,0.10866188,0.011960069,2.4956198e-05,67.191154,3279.833
2010.4167,33.423538,0.0053051501,33.413746,0.30227309,0.031664927,781.76013,1612.1992,804.2666,1.2104101,0.96391273,12.311831,0.11637624,0.014325396,2.0670957e-05,67.176529,3279.8887
2010.5,33.416237,0.0054028151,33.406265,0.30230707,0.03166499,781.88135,1612.4541,804.39319,1.245759,0.97754586,12.311223,0.111664,0.011511681,1.8807821e-05,67.161873,3280.4249
2010.5833,33.408829,0.0055058119,33.398666,0.30234158,0.031665057,781.97302,1612.6466,804.48901,1.2814784,0.9927972,12.310607,0.10716445,0.0091769043,2.9191238e-05,67.147011,3280.8405
2010.6667,33.401581,0.0056301076,33.39119,0.30237553,0.03166512,782.02637,1612.761,804.54578,1.3156943,1.0035108,12.309995,0.10448696,0.0077954191,8.9346482e-05,67.132439,3281.0945
2010.75,33.394344,0.0057573123,33.383717,0.30240947,0.031665187,781.98273,1612.6791,804.50476,1.3312021,1.0583959,12.309379,0.1013174,0.0057675117,0.00036819614,67.117882,3280.9834
2010.8333,33.387074,0.0058670859,33.376247,0.30244341,0.031665251,781.84869,1612.4126,804.3717,1.3201461,1.1326616,12.308765,0.09789075,0.0033440366,0.00075043272,67.103294,3280.4977
2010.9167,33.379807,0.0059757298,33.368778,0.30247733,0.031665318,781.70477,1612.1252,804.22852,1.3238695,1.1422459,12.308155,0.098432399,0.0035779334,0.00058545801,67.088699,3279.9215
2011,33.372429,0.006089014,33.361187,0.30251181,0.031665385,781.54993,1611.8164,804.0744,1.3251492,1.145298,12.307536,0.099352382,0.0055487868,0.00038955285,67.073875,3279.2926
2011.0833,33.365417,0.0062022763,33.35397,0.30254462,0.031665444,781.40479,1611.5269,803.92999,1.3252993,1.1509372,12.306948,0.10086141,0.0064208,0.00028619569,67.059792,3278.7046
2011.1667,33.358414,0.0063191019,33.346752,0.30257741,0.031665508,781.26489,1611.248,803.79089,1.3252454,1.1556282,12.306359,0.10123281,0.0066886968,0.00021185153,67.045723,3278.1366
2011.25,33.351185,0.0064425091,33.339291,0.30261132,0.031665575,781.12201,1610.9634,803.64886,1.3259041,1.1173378,12.305752,0.10184703,0.0072093969,0.00015151119,67.031189,3277.5146
2011.3333,33.343941,0.0065580383,33.331833,0.30264521,0.031665638,780.98401,1610.6881,803.51172,1.3464462,1.0026759,12.305145,0.099840574,0.0063925176,0.00013407053,67.016632,3276.8547
2011.4167,33.336697,0.0066739921,33.324379,0.30267909,0.031665701,780.89331,1610.5082,803.422,1.3735747,0.9872399,12.30454,0.09804593,0.0050861565,0.00012583034,67.002098,3276.4908
2011.5,33.329464,0.0067921127,33.316925,0.30271295,0.031665768,780.95807,1610.6418,803.48871,1.4063753,0.94183648,12.303935,0.097730353,0.0047044214,0.00010722319,66.987556,3276.7283
2011.5833,33.322113,0.0069131283,33.309353,0.30274737,0.031665832,781.05188,1610.8333,803.58435,1.4409387,0.89934289,12.303318,0.096729144,0.0042268587,0.00018382877,66.972801,3277.0862
2011.6667,33.314854,0.0070150523,33.301903,0.30278125,0.031665899,781.12598,1610.9841,803.65997,1.4736878,0.86383241,12.302754,0.093869761,0.0024856087,0.0010107235,66.958221,3277.3685
2011.75,33.307583,0.0071104332,33.294456,0.30281511,0.031665962,781.30292,1611.3397,803.83752,1.4977609,0.87534201,12.302469,0.090984792,0.0011456526,0.001206119,66.943634,3278.0992
2011.8333,33.300358,0.0072289184,33.287014,0.30284894,0.031666026,781.41205,1611.5587,803.94702,1.4743022,0.99384773,12.302231,0.090378776,0.00066379772,0.0010066899,66.929123,3278.6173
2011.9167,33.29295,0.0072462894,33.279572,0.30288279,0.031666089,781.49188,1611.7184,804.02704,1.4762402,1.0093728,12.301993,0.090463407,0.00065135432,0.0029642812,66.914322,3278.9392
2012,33.282738,0.0058147055,33.272007,0.30291715,0.031666156,781.58209,1611.899,804.11731,1.4807011,1.0236394,12.299339,0.19869411,0.016652303,0.00083692808,66.895149,3279.2976
2012.0833,33.271999,0.0039014202,33.264797,0.30294988,0.031666219,781.66498,1612.0652,804.20044,1.4782848,1.0389419,12.293844,0.19387616,0.032641686,0.00012286221,66.875313,3279.617
2012.1667,33.262768,0.0028090128,33.257587,0.3029826,0.031666279,781.7511,1612.2375,804.28662,1.4796293,1.0539231,12.287498,0.18208659,0.033833772,5.0725794e-05,66.857819,3279.9544
2012.25,33.254017,0.0021094482,33.250126,0.30301639,0.031666342,781.8421,1612.4198,804.37781,1.4798759,1.0332335,12.280776,0.18713705,0.041473672,2.5490897e-05,66.840942,3280.2744
2012.3333,33.245667,0.0016276089,33.242664,0.30305019,0.031666409,781.93945,1612.6146,804.47528,1.4598088,0.93256241,12.270743,0.22220816,0.06655927,1.6503463e-05,66.824677,3280.5174
2012.4167,33.237713,0.0013616495,33.235203,0.30308399,0.031666473,782.1048,1612.9462,804.64099,1.4232194,0.90032941,12.259462,0.21834485,0.066783309,1.1955583e-05,66.809029,3281.084
2012.5,33.230068,0.0012615812,33.227741,0.30311778,0.031666536,782.45746,1613.6542,804.99463,1.3763571,0.82319647,12.248182,0.21557406,0.067135617,8.9452378e-06,66.793861,3282.3479
2012.5833,33.222649,0.0013486324,33.220161,0.30315211,0.031666599,782.82782,1614.3972,805.36609,1.3085451,0.79143286,12.236718,0.21181707,0.067730807,8.4871917e-06,66.778984,3283.7071
2012.6667,33.215752,0.0016518408,33.212704,0.30318588,0.031666663,783.17297,1615.0902,805.71222,1.2734243,0.78988308,12.225434,0.2125293,0.070436887,0.00012724334,66.764961,3285.029
2012.75,33.208881,0.0019674469,33.20525,0.30321965,0.031666726,783.42303,1615.5927,805.96332,1.2819142,0.84151584,12.214568,0.19551022,0.058570534,0.0009131768,66.750992,3286.068
2012.8333,33.201782,0.0021591245,33.1978,0.30325338,0.031666789,783.53394,1615.8153,806.07471,1.2716396,0.90801841,12.207195,0.16558489,0.038450882,0.0012173888,66.736664,3286.5473
2012.9167,33.19466,0.0023349149,33.190353,0.30328715,0.031666853,783.60907,1615.9667,806.15051,1.2691207,0.91878301,12.200636,0.16793127,0.039556533,0.00027398224,66.722298,3286.837
2013,33.187351,0.0024736291,33.182785,0.30332142,0.03166692,783.57135,1615.8923,806.11346,1.2580131,0.92078632,12.197004,0.10785856,0.010558138,5.8311075e-06,66.707596,3286.6605
2013.0833,33.180344,0.0025786443,33.175587,0.30335405,0.031666979,783.42572,1615.6023,805.96893,1.2585872,0.92675573,12.196436,0.10594447,0.0097614229,4.0652949e-06,66.693527,3286.0725
2013.1667,33.173332,0.0026773687,33.168392,0.30338669,0.031667043,783.28339,1615.3187,805.82745,1.2486885,0.9252376,12.19587,0.1061533,0.0099173235,3.0263097e-06,66.679466,3285.4787
2013.25,33.16608,0.0027788267,33.160954,0.30342039,0.031667106,783.13855,1615.0304,805.68365,1.2173086,0.89259672,12.195288,0.10632326,0.010159329,2.1400051e-06,66.664902,3284.8225
2013.3333,33.158813,0.0028705453,33.153515,0.3034541,0.031667169,783.00037,1614.7554,805.54645,1.2030207,0.83772039,12.194706,0.10573699,0.010607628,1.4529091e-06,66.650322,3284.1881
2013.4167,33.151562,0.0029691181,33.146084,0.30348781,0.031667233,782.99347,1614.7439,805.54089,1.216662,0.83500808,12.194125,0.10725126,0.011621199,1.1252549e-06,66.635773,3284.1599
2013.5,33.14431,0.0030677931,33.138649,0.30352151,0.031667292,783.24951,1615.2604,805.79919,1.2395843,0.80033058,12.193544,0.10815365,0.012040784,8.9168242e-07,66.621216,3285.1636
2013.5833,33.136929,0.0031591626,33.1311,0.30355573,0.031667359,783.47449,1615.7148,806.02643,1.2684854,0.81022316,12.192952,0.10587046,0.010371081,1.2701265e-06,66.606415,3286.0939
2013.6667,33.129707,0.0032710263,33.123672,0.30358943,0.031667423,783.6026,1615.9745,806.15631,1.2925104,0.81730855,12.192364,0.1031493,0.0088351779,3.4069885e-06,66.591911,3286.6274
2013.75,33.122532,0.003406113,33.116245,0.30362308,0.031667482,783.62567,1616.0238,806.18109,1.1882331,0.81927615,12.191773,0.10281648,0.0084719062,4.7270228e-06,66.577477,3286.6072
2013.8333,33.115337,0.0035315063,33.108822,0.30365676,0.031667545,783.60913,1615.994,806.16632,1.1449906,0.87186736,12.191181,0.09909758,0.0061181593,5.7402958e-06,66.563019,3286.5403
2013.9167,33.108173,0.003669281,33.101402,0.3036904,0.031667609,783.49005,1615.7567,806.04803,1.1304159,0.95147943,12.190589,0.097222149,0.0048320452,6.7741612e-06,66.548599,3286.116
2014,33.100891,0.003810606,33.093861,0.30372462,0.031667672,783.37085,1615.519,805.92957,1.1316177,0.96052021,12.189989,0.094415165,0.0047393916,7.5055218e-06,66.533958,3285.6354
2014.0833,33.09396,0.0039427676,33.086685,0.30375719,0.031667732,783.26581,1615.3099,805.82532,1.1320431,0.96954513,12.189419,0.098113835,0.0053129159,7.9698939e-06,66.520012,3285.2119
2014.1667,33.087032,0.0040735691,33.079514,0.30378971,0.031667795,783.15833,1615.0955,805.71851,1.131816,0.9772864,12.188848,0.09940663,0.0060285619,8.5574702e-06,66.506081,3284.7765
2014.25,33.079868,0.0042075263,33.072102,0.30382332,0.031667855,783.0506,1614.8811,805.61163,1.1312765,0.96181583,12.18826,0.10021663,0.0066067288,8.9314181e-06,66.491669,3284.3163
2014.3333,33.072701,0.004338366,33.064693,0.30385697,0.031667918,782.94751,1614.6759,805.50946,1.1460834,0.91745043,12.187672,0.099364571,0.006684172,9.0336653e-06,66.477257,3283.8616
2014.4167,33.06554,0.0044732615,33.057285,0.30389056,0.031667981,782.90936,1614.6023,805.47278,1.1682529,0.91625512,12.187086,0.10230884,0.0080853291,8.5173406e-06,66.462868,3283.7189
2014.5,33.058361,0.0045945346,33.049881,0.30392417,0.031668045,783.1441,1615.0809,805.71149,1.1965315,0.8234846,12.186499,0.1012167,0.0070415754,6.9563157e-06,66.448433,3284.5915
2014.5833,33.05106,0.0047143535,33.042358,0.30395833,0.031668108,783.28223,1615.3621,805.85193,1.2292597,0.77405608,12.185901,0.097253837,0.004838889,9.2715509e-06,66.433754,3285.1191
2014.6667,33.043911,0.004850056,33.034958,0.30399191,0.031668168,783.34027,1615.4805,805.91138,1.2600728,0.75103843,12.185312,0.095908731,0.0042772316,2.7950942e-05,66.41938,3285.348
2014.75,33.036785,0.0049962732,33.027561,0.3040255,0.031668231,783.32935,1615.4604,805.90137,1.2778227,0.78218126,12.184721,0.095149614,0.0038816275,0.00010280518,66.405037,3285.3409
2014.8333,33.029655,0.0051400708,33.020168,0.30405906,0.031668294,783.2215,1615.2454,805.79419,1.2526114,0.90148705,12.18413,0.094326183,0.003210743,0.00040722289,66.390694,3284.9898
2014.9167,33.022488,0.0052633849,33.012775,0.30409265,0.031668354,783.09167,1614.9858,805.66492,1.2552826,0.91849512,12.18354,0.0943425,0.0031933265,0.00093568675,66.376289,3284.4762
2015,33.015175,0.0053693075,33.005264,0.30412674,0.031668417,782.95789,1614.7188,805.53174,1.2566719,0.93137145,12.182943,0.094936758,0.0035481299,0.0008206073,66.36161,3283.9411
2015.0833,33.008236,0.0054819314,32.998119,0.30415919,0.031668477,782.83118,1614.4657,805.40546,1.2511972,0.93853515,12.182377,0.097338706,0.0049464577,0.00026526814,66.347672,3283.4222
2015.1667,33.00132,0.0056045665,32.990974,0.30419165,0.031668536,782.71149,1614.2269,805.2865,1.2437104,0.94190949,12.18181,0.096871585,0.0047138059,3.8086357e-05,66.333755,3282.9263
2015.25,32.994171,0.0057316376,32.983589,0.30422518,0.0316686,782.59003,1613.9846,805.16565,1.2430784,0.91563946,12.181229,0.096893959,0.0046895356,1.4825502e-05,66.319382,3282.3995
2015.3333,32.987007,0.0058492278,32.976208,0.3042587,0.031668659,782.47607,1613.7571,805.05231,1.2340074,0.81295413,12.180646,0.094078183,0.0034106355,1.2638225e-05,66.304993,3281.8179
2015.4167,32.979855,0.0059730872,32.96883,0.30429223,0.031668723,782.57739,1613.9617,805.15472,1.2230138,0.75767869,12.180065,0.09506961,0.0038757338,1.0267161e-05,66.290619,3282.1451
2015.5,32.972702,0.0060946937,32.961452,0.30432573,0.031668782,782.79114,1614.3918,805.36987,1.2279273,0.68127269,12.179485,0.095195472,0.003921641,9.1151496e-06,66.276245,3282.9178
2015.5833,32.965439,0.0062200772,32.953957,0.30435979,0.031668846,782.97888,1614.7699,805.5589,1.2513959,0.65924853,12.178895,0.095006227,0.0037798795,1.1743538e-05,66.261642,3283.6589
2015.6667,32.958324,0.0063588503,32.946587,0.30439329,0.031668909,783.09711,1615.0083,805.67828,1.2787387,0.64654291,12.17831,0.094783984,0.0036817708,3.8327242e-05,66.24733,3284.1346
2015.75,32.951221,0.0065036793,32.939217,0.30442679,0.031668968,783.12305,1615.0614,805.70502,1.3004347,0.66356796,12.177727,0.094518952,0.0034397771,0.00013608122,66.23304,3284.2645
2015.8333,32.944107,0.0066398629,32.931847,0.30446029,0.031669028,783.05402,1614.9241,805.63666,1.2703954,0.79809976,12.177143,0.094198033,0.0025664396,0.00043763194,66.218727,3284.0791
2015.9167,32.936958,0.0067566191,32.924484,0.30449376,0.031669091,782.96399,1614.7445,805.54718,1.2713281,0.8194322,12.176559,0.09410841,0.0025473954,0.00099036831,66.204361,3283.7273
2016,32.929653,0.006853553,32.917,0.30452776,0.031669155,782.86621,1614.5491,805.44995,1.2711748,0.83745843,12.175967,0.094050199,0.0025487186,0.0012552775,66.189705,3283.3395
2016.0833,32.922699,0.0069437684,32.909882,0.30456012,0.031669211,782.76782,1614.3529,805.35211,1.2697502,0.85273659,12.175404,0.094033219,0.0025487668,0.0010542279,66.175751,3282.9463
2016.1667,32.915764,0.0070426161,32.902763,0.30459249,0.03166927,782.66864,1614.155,805.25354,1.2663418,0.86649007,12.174841,0.094042987,0.0025589771,0.0007805624,66.161835,3282.5467
2016.25,32.908611,0.0071531935,32.895405,0.30462593,0.031669334,782.56903,1613.9562,805.15442,1.2619237,0.86976916,12.174261,0.09416119,0.002584564,0.00054844806,66.147469,3282.1331
2016.3333,32.901466,0.0072660595,32.888054,0.30465937,0.031669393,782.47772,1613.774,805.06378,1.2349663,0.76694167,12.173681,0.093926594,0.0027089827,0.00038402149,66.13311,3281.6241
2016.4167,32.894344,0.0073909792,32.880699,0.3046928,0.031669453,782.5802,1613.9805,805.16724,1.1992396,0.70080721,12.173102,0.094661757,0.0025300405,0.00023258306,66.118805,3281.9198
2016.5,32.88723,0.0075176889,32.873352,0.30472624,0.031669516,782.80188,1614.4264,805.39014,1.1833533,0.62048113,12.172523,0.094818413,0.0025069355,0.00029433679,66.104492,3282.6993
2016.5833,32.880024,0.0076585151,32.865883,0.30476019,0.031669576,783.06366,1614.9521,805.65295,1.1822945,0.5845139,12.172058,0.091118395,0.0012494536,0.00013764399,66.090004,3283.6979
2016.6667,32.87299,0.0078277895,32.858536,0.30479363,0.031669635,783.42596,1615.6788,806.01599,1.1839041,0.56866276,12.171834,0.090052664,0.0009674335,0,66.075813,3285.1209
2016.75,32.865963,0.0079984181,32.851196,0.304827,0.031669699,783.69543,1616.219,806.28607,1.1682789,0.613671,12.171614,0.0900409,0.00091298477,0,66.061653,3286.216
2016.8333,32.858917,0.008157555,32.843857,0.30486041,0.031669758,783.8385,1616.5056,806.42944,1.1508584,0.68004078,12.171394,0.089692637,0.00063964183,0,66.047462,3286.8233
2016.9167,32.851585,0.0081594782,32.836517,0.30489379,0.031669818,783.9425,1616.7137,806.53351,1.1469731,0.69566286,12.171176,0.089575969,0.00062485324,0.0081768986,66.032822,3287.2362
2017,32.842281,0.0071624662,32.82906,0.30492774,0.031669881,784.05035,1616.9297,806.64154,1.1430426,0.71001595,12.167624,0.19672555,0.022520119,0.0030546405,66.015099,3287.6574
2017.0833,32.832748,0.0058464212,32.821957,0.30496001,0.031669937,784.15326,1617.1357,806.74469,1.1391426,0.72342414,12.160075,0.20436542,0.0340757,0.0011445425,65.997185,3288.0534
2017.1667,32.823875,0.0048905914,32.81485,0.30499226,0.031669997,784.26624,1617.3622,806.85791,1.1327647,0.73397779,12.152225,0.19881383,0.0345922,0.00043997538,65.980278,3288.4855
2017.25,32.815239,0.0041936669,32.807499,0.30502564,0.031670056,784.38464,1617.5995,806.97656,1.1229944,0.72369009,12.143942,0.20755482,0.041760616,0.0001644367,65.963623,3288.9149
2017.3333,32.80698,0.003702882,32.800148,0.30505899,0.031670116,784.5047,1617.84,807.09692,1.098413,0.65912884,12.131348,0.25672841,0.069020793,0.00012217887,65.947563,3289.278
2017.4167,32.799236,0.0034891833,32.792797,0.30509233,0.031670175,784.77655,1618.385,807.36926,1.0574789,0.62836349,12.116933,0.25320789,0.069794558,9.7118304e-05,65.932281,3290.2659
2017.5,32.791977,0.0035383627,32.785446,0.30512565,0.031670239,785.27631,1619.3875,807.87024,1.0433493,0.56799507,12.102518,0.24868897,0.068870395,8.2444247e-05,65.917755,3292.1658
2017.5833,32.784935,0.0037696441,32.777981,0.30515954,0.031670298,785.73657,1620.3109,808.33173,1.0492131,0.55555552,12.087866,0.2462268,0.069096938,0.0014478402,65.903511,3293.9753
2017.6667,32.777985,0.003982841,32.770634,0.30519286,0.031670358,786.08765,1621.0153,808.68365,1.0732125,0.5615778,12.07345,0.24654388,0.068912923,0.00077068253,65.889458,3295.3843
2017.75,32.771,0.0041762353,32.76329,0.30522618,0.031670418,786.36896,1621.58,808.96594,1.0918634,0.60171539,12.05925,0.23224859,0.061911177,0,65.875366,3296.5434
2017.8333,32.763771,0.0042369873,32.755951,0.30525947,0.031670477,786.53522,1621.9132,809.13251,1.079453,0.69552797,12.049373,0.18105485,0.036022712,0,65.860886,3297.2662
2017.9167,32.756405,0.0042213826,32.748615,0.30529279,0.031670537,786.67969,1622.203,809.27734,1.0822097,0.71920568,12.041261,0.18127912,0.036529928,0.0030399251,65.846207,3297.849
2018,32.7486,0.0040342603,32.741158,0.30532661,0.031670596,786.83923,1622.5226,809.43726,1.0841417,0.7417348,12.033018,0.18190062,0.036024839,0.0025537503,65.830788,3298.4888
2018.0833,32.741333,0.0039405497,32.734062,0.3053588,0.031670656,786.96759,1622.7802,809.56604,1.0854626,0.76221865,12.025173,0.18178856,0.036028013,0.0010791501,65.816368,3299.0032
2018.1667,32.734138,0.003885943,32.726967,0.30539098,0.031670712,787.08673,1623.0189,809.68555,1.0863178,0.78074884,12.01733,0.181788,0.036146168,0.00065709325,65.802055,3299.4777
2018.25,32.726738,0.0038497271,32.719635,0.30542424,0.031670772,787.21014,1623.2665,809.8092,1.0865805,0.79104751,12.009191,0.18668322,0.038457818,0.000462027,65.787323,3299.9598
2018.3333,32.719341,0.0038140861,32.712303,0.3054575,0.031670831,787.35181,1623.5505,809.95123,1.0980977,0.7469666,11.997293,0.24941702,0.067396231,0.0004019982,65.772583,3300.4683
2018.4167,32.711994,0.0038053715,32.704971,0.30549076,0.031670891,787.57208,1623.9921,810.17206,1.1198934,0.77507269,11.982885,0.2490402,0.067685932,0.0003954492,65.757935,3301.372
2018.5,32.704773,0.0038643708,32.697643,0.30552402,0.03167095,787.94348,1624.7375,810.54443,1.1420468,0.74204677,11.968477,0.24974307,0.06877476,0.00034865888,65.743477,3302.8216
2018.5833,32.697418,0.0039145905,32.690197,0.30555779,0.03167101,788.33484,1625.5232,810.93713,1.1719341,0.72733003,11.953831,0.25077027,0.067908227,0.00061062642,65.728752,3304.3768
2018.6667,32.689873,0.0037947556,32.682869,0.30559102,0.03167107,788.67529,1626.2069,811.27869,1.2023044,0.73324376,11.939421,0.25307897,0.067378387,0.00072326756,65.713799,3305.75
2018.75,32.682137,0.0035726728,32.675545,0.30562425,0.031671129,788.95233,1626.7629,811.55652,1.2300272,0.75400633,11.925014,0.25374341,0.06828095,0.00064976705,65.698547,3306.8795
2018.8333,32.674271,0.003279157,32.668221,0.30565748,0.031671189,789.11969,1627.0985,811.72437,1.2101949,0.87826371,11.913906,0.18604283,0.035643984,0.00055480882,65.683098,3307.6281
2018.9167,32.666424,0.0029954377,32.660896,0.30569068,0.031671248,789.23315,1627.3259,811.83801,1.2134427,0.89764404,11.905802,0.18427974,0.036558945,0.00042125804,65.667671,3308.0816
2019,32.658562,0.0027691447,32.653454,0.30572441,0.031671308,789.33893,1627.538,811.94403,1.2134629,0.91172123,11.89756,0.18338981,0.03532961,0.00034157487,65.652184,3308.4959
2019.0833,32.651165,0.0025989348,32.64637,0.30575654,0.031671364,789.44147,1627.7435,812.04681,1.2143867,0.92671144,11.889709,0.18238434,0.035469778,0.00031646999,65.637558,3308.9002
2019.1667,32.643841,0.002467846,32.63929,0.30578864,0.03167142,789.54669,1627.9542,812.1524,1.2162603,0.94069761,11.881858,0.18176518,0.035476573,0.00030443017,65.623055,3309.3152
2019.25,32.636318,0.0023590191,32.631969,0.30582181,0.031671479,789.65619,1628.1736,812.26202,1.2166356,0.94511211,11.873712,0.18597023,0.037550509,0.00029214253,65.608139,3309.7354
2019.3333,32.628845,0.0022758369,32.624649,0.30585498,0.031671539,789.77161,1628.405,812.37769,1.2096804,0.88127488,11.861803,0.24881528,0.066829033,0.00027211074,65.593292,3310.1005
2019.4167,32.621483,0.0022517643,32.617329,0.30588815,0.031671599,789.96851,1628.7998,812.57507,1.2145669,0.86771148,11.847382,0.24883328,0.067312457,0.00021941705,65.578613,3310.8515
2019.5,32.614189,0.0022645553,32.610012,0.30592132,0.031671654,790.36243,1629.5908,812.97021,1.2271899,0.81058705,11.832957,0.2491893,0.067438178,0.00024176318,65.564064,3312.358
2019.5833,32.606724,0.002247734,32.602577,0.30595499,0.031671714,790.76685,1630.4027,813.37592,1.2465031,0.77180535,11.818295,0.24979892,0.067233607,0.00037020494,65.549171,3313.9311
2019.6667,32.599327,0.0022026005,32.595264,0.30598813,0.031671774,791.12335,1631.1182,813.73334,1.2700077,0.73922384,11.803871,0.24978971,0.067093559,0.00061384554,65.534447,3315.3224
2019.75,32.591957,0.002171536,32.587952,0.30602127,0.031671833,791.38208,1631.6373,813.99286,1.287981,0.76507968,11.788691,0.25745797,0.071184762,0.00079815881,65.519775,3316.374
2019.8333,32.584484,0.0020839537,32.580639,0.30605441,0.031671889,791.50665,1631.8872,814.11774,1.2722194,0.86852819,11.776678,0.19808175,0.051810831,0.00069826376,65.504929,3316.9338
2019.9167,32.577007,0.0019940387,32.57333,0.30608752,0.031671949,791.58356,1632.041,814.19476,1.2735705,0.88776702,11.766988,0.19703117,0.055646822,0.00046137438,65.490089,3317.2377
