year,froot_gCm2,leaf_gCm2,p_uptake_demand_ratio,gpp_pft7_gCm2day,gpp_pft9_gCm2day,gpp_pft10_gCm2day,l2fr_site,l2fr_canopy,l2fr_ustory,leaf_alloc_gCm2yr,froot_alloc_gCm2yr
1901,10.525593,49.779657,3.1481406e-05,0.00037011967,0,0,1.9429388,2.6601846,1.9601752,26.768376,14.375453
1901.0833,10.182238,48.168715,3.2607182e-05,-1.0069386e-06,0,0,1.8324089,2.4326103,1.7946148,32.232192,27.480949
1901.1667,9.7828917,46.351396,3.3595839e-05,-1.2723592e-05,0,0,1.7638813,2.2214904,1.6408869,26.137169,31.388347
1901.25,10.115813,44.35958,3.2183481e-05,-0.00085527255,-0.00025116616,0,1.7443135,2.0180643,1.4934595,24.51203,29.240327
1901.3333,10.977745,42.286716,3.0520336e-05,-0.00031196271,0.00031915092,0,1.7176278,1.8336711,1.3555541,22.81146,23.082759
1901.4167,11.157314,42.294394,3.2514661e-05,0.76500872,2.2581674,0.027141192,1.6477833,1.670112,1.2270776,90.254133,27.103155
1901.5,15.757671,48.607845,4.2285672e-05,2.924807,7.2994495,0.22536288,1.7433972,1.5226518,1.1110842,71.333246,81.066594
1901.5833,22.473725,50.531704,4.2410182e-05,2.4950652,6.2705057,0.23029216,2.0596919,1.3946031,1.0057988,49.080989,78.775045
1901.6667,28.540466,52.53889,3.1920961e-05,2.0942154,0.56558608,0.022167388,2.2775137,1.3045707,0.91439557,65.933192,80.740324
1901.75,33.652049,54.62274,2.0430018e-05,0.40044232,0,0,2.2589982,1.219411,0.83397609,48.803147,52.129588
1901.8333,35.710469,54.335739,9.3162462e-06,0,0,0,2.1184571,1.1489232,0.76358151,40.443211,40.520906
1901.9167,36.836755,52.777417,8.1955723e-06,-7.5957911e-12,0,0,1.9680442,1.1020676,0.70177943,55.769526,53.864338
1902,38.723148,51.906448,7.7909499e-06,0,0,0,1.7974517,1.0642451,0.64821833,34.870198,61.130646
1902.0833,38.995035,49.686901,7.7874747e-06,-2.7202258e-10,0,0,1.6517799,1.0409775,0.60294926,33.037464,63.820499
1902.1667,36.311466,47.284909,8.2721617e-06,0,0,0,1.5789551,1.0363944,0.56148583,29.03858,53.879995
1902.25,35.193797,44.481497,8.6697291e-06,-0.00011682482,-0.00010351883,0,1.6065412,1.0512457,0.52317888,24.885644,36.54917
1902.3333,33.927757,41.983441,1.0133896e-05,0.039151411,0.12951195,0.0005466672,1.6238922,1.0884006,0.48894906,23.236881,10.543387
1902.4167,40.668678,44.786755,1.1473983e-05,2.7438297,7.9992056,0.14226946,1.7703055,1.1466678,0.4585745,86.293528,280.04777
1902.5,61.949577,46.763517,1.6608536e-05,2.766723,7.5004304,0.22829886,2.3403039,1.2455753,0.44632027,44.285816,246.84046
1902.5833,79.889335,48.071075,1.3944343e-05,2.5684623,4.2027045,0.13741652,3.1158636,1.3926247,0.4514488,48.195913,224.10006
1902.6667,94.341151,49.786698,1.0874508e-05,2.1343268,0,0,3.9978583,1.590207,0.46521214,50.873091,174.88659
1902.75,101.44529,51.033065,8.5131387e-06,0.39491272,0,0,4.6858139,1.8447578,0.48965195,44.033586,97.902097
1902.8333,105.28274,51.660176,7.3896163e-06,0.0001123936,0,0,4.9376793,2.1422107,0.52535605,39.437166,74.572101
1902.9167,106.94329,52.158639,5.1529519e-06,5.352747e-05,0,0,4.7796235,2.4269733,0.57123441,50.393378,52.087031
1903,106.87346,53.271182,4.9345954e-06,0.0016410145,0,0,4.5209894,2.6763749,0.62867111,35.07178,33.793523
1903.0833,104.21988,53.220153,5.0755166e-06,0.0087768083,0,0,4.1527162,2.8723776,0.693443,35.712807,43.591518
1903.1667,99.328071,53.171974,5.3405361e-06,0.0078636146,0,0,3.6347997,3.0185857,0.76774412,34.373445,53.308967
1903.25,86.893715,53.01249,5.8203054e-06,0.0016271861,0.011755075,0,2.955198,3.1044991,0.85277057,33.375981,49.036243
1903.3333,70.271276,52.768853,7.0168085e-06,0.13536219,0.84624045,0,2.2496362,3.1042647,0.94227666,36.979653,31.688543
1903.4167,51.32198,55.132367,9.9847584e-06,1.7200885,4.1229368,0.08893219,1.6676326,3.0044322,1.0423988,101.9482,83.889576
1903.5,52.560814,61.258022,1.7507013e-05,3.3721756,7.3184359,0.27933857,1.8267301,2.8537023,1.1618946,115.31186,115.64832
1903.5833,59.819959,66.801473,1.6507953e-05,3.1502248,6.1380787,0.27047924,2.1776991,2.7209556,1.3005078,89.919881,128.21564
1903.6667,68.446495,69.798581,1.3232377e-05,2.568068,1.2990436,0.054305611,2.5135651,2.606071,1.4242362,85.399602,192.45311
1903.75,79.858348,71.927235,8.3158548e-06,0.4898448,0,0,2.6479225,2.5147438,1.5277349,60.802374,105.6124
1903.8333,82.932174,71.562409,4.8151219e-06,1.5407814e-05,0,0,2.6533613,2.4394352,1.6088736,50.358916,51.102809
1903.9167,79.876341,69.554269,4.764579e-06,0.0024698352,0,0,2.6515498,2.3694749,1.6604052,61.837013,46.636353
1904,74.193545,68.125479,4.0700861e-06,-2.8623479e-09,0,0,2.6709585,2.3082783,1.6766065,41.794839,44.248808
1904.0833,68.673737,64.060606,4.4677672e-06,-1.4797812e-08,0,0,2.6643181,2.2573202,1.658252,41.478159,61.2736
1904.1667,63.653402,60.093291,4.8318207e-06,-0.00011350845,0,0,2.6468303,2.2069409,1.6050501,38.140255,76.98643
1904.25,60.935918,57.84544,5.1459715e-06,-0.00045628436,-0.00055500267,0,2.5492473,2.1531241,1.5184752,37.689094,62.003299
1904.3333,53.349592,55.402029,6.243306e-06,0.032284154,0.087112621,0.00021594509,2.4415867,2.106097,1.4072694,31.080892,16.709742
1904.4167,56.13444,58.016956,7.4024679e-06,3.0262198,6.521533,0.16377183,2.4511201,2.0702105,1.2885659,106.19023,263.41408
1904.5,76.600164,61.1648,1.282099e-05,3.5660238,7.2010534,0.29018523,2.9501255,2.0603695,1.1742307,66.594247,293.07279
1904.5833,94.503619,63.68088,1.1406386e-05,3.5060461,2.4857964,0.10039203,3.8839681,2.1180851,1.0706705,80.749624,242.31512
1904.6667,109.37344,66.62377,9.4013021e-06,2.8252967,0,0,5.0925097,2.2499368,0.9861626,72.46657,180.3606
1904.75,114.74979,67.934372,6.0878224e-06,0.16502513,0,0,6.2450824,2.4776943,0.91890055,54.835063,64.45089
1904.8333,116.22771,68.239279,4.0564814e-06,0.0057842091,0,0,7.2716613,2.7866881,0.86671895,51.352245,66.509812
1904.9167,114.83671,66.605948,3.8840258e-06,0,0,0,8.0767412,2.7872636,0.82920593,64.135922,65.555749
1905,112.60274,65.452948,3.9159154e-06,-4.7975887e-07,0,0,7.9433684,2.6712816,0.80256742,41.936109,51.566791
1905.0833,110.07236,63.101843,3.9615229e-06,-3.0637344e-05,0,0,7.5082026,2.6805017,0.78973979,43.879621,58.285141
1905.1667,106.9855,60.965646,3.9642009e-06,-0.00014150046,0,0,5.903542,3.0553212,0.79676414,39.351716,50.071345
1905.25,101.4831,58.193043,4.0874183e-06,-0.0005519504,-8.663371e-05,0,5.0895844,3.437999,0.82859981,32.702865,26.384259
1905.3333,92.201561,55.502601,4.759429e-06,0.12559098,0.34830012,0.00010353224,4.6740246,3.7403467,0.88594711,35.367757,30.287604
1905.4167,91.967091,57.933811,5.5649102e-06,2.9347081,6.4706989,0.1512012,4.3615174,3.9507408,0.96837479,96.232732,262.83938
1905.5,117.29633,60.590211,9.3460112e-06,3.4974968,7.2744499,0.26613585,4.5918775,4.0638061,1.0774653,59.032244,412.75233
1905.5833,142.22975,62.00847,7.9544798e-06,2.901111,5.6908848,0.22166239,4.663147,4.0995798,1.2144479,61.306175,342.53986
1905.6667,146.93141,63.638903,7.0253054e-06,2.384675,0,0,4.4919276,4.0792727,1.3700048,61.845542,362.02353
1905.75,142.06228,64.565957,6.2298591e-06,0.57590286,0,0,4.6529646,4.0145531,1.5471901,46.947869,169.82682
1905.8333,125.13983,64.372182,5.6363647e-06,0.0071794035,0,0,5.123013,3.9082601,1.7460515,41.307027,134.59383
1905.9167,115.17256,63.54709,5.407092e-06,1.0258267e-05,0,0,5.4759059,3.7651291,1.9556959,45.485919,67.110625
1906,113.14643,62.068757,5.2383734e-06,1.1195127e-07,0,0,5.4931631,3.6249866,2.1546197,31.675921,14.227502
1906.0833,110.39181,60.602173,5.1955153e-06,0.00062635913,0,0,5.3814306,3.5022953,2.3199406,33.060054,20.549573
1906.1667,107.34513,59.400063,5.1352558e-06,0.00010351793,0,0,5.1851106,3.3809507,2.4552748,30.847005,22.096456
1906.25,100.69537,58.320817,5.3411909e-06,0.0020144398,0.11523646,0,4.9132438,3.2471323,2.5555243,27.327713,14.538561
1906.3333,85.035332,57.185259,6.2363602e-06,0.022719769,0.64007848,0,4.6332836,3.0918739,2.598937,26.382789,14.473866
1906.4167,66.74809,57.707898,7.7441227e-06,1.0469459,2.6815192,0.0431715,4.2903118,2.9036603,2.579854,124.49632,40.238381
1906.5,63.175909,67.089528,1.2964628e-05,4.110084,7.7267216,0.26897295,4.24788,2.7121799,2.5031762,120.76328,223.26641
1906.5833,70.978485,72.310805,1.3483789e-05,4.104324,1.3288693,0.049292129,4.4134111,2.5369399,2.3394225,119.69004,268.62436
1906.6667,84.382445,77.08282,1.0936452e-05,3.1916615,0,0,4.6153893,2.3803782,2.1706305,100.92275,227.99076
1906.75,92.708513,79.079174,9.203467e-06,1.3131322,0,0,4.6840525,2.2365692,2.0488648,73.302216,132.42445
1906.8333,96.545503,79.288542,4.9919881e-06,0.015856383,0,0,4.4796414,2.1142778,1.9473149,56.136364,63.289997
1906.9167,96.064553,76.872364,3.8628209e-06,-2.3471011e-08,0,0,4.1390719,2.0106359,1.8588479,70.184503,81.144734
1907,92.500381,75.188078,4.2335791e-06,-5.8042991e-09,0,0,3.8708563,1.9187341,1.7780721,47.19782,58.054244
1907.0833,90.862997,72.044596,4.3937034e-06,-7.6341419e-07,0,0,3.6258562,1.8501506,1.7077302,43.343398,70.327583
1907.1667,89.53765,68.852328,4.4062031e-06,-1.4548043e-08,0,0,3.3326385,1.8205122,1.6419904,39.442758,81.869839
1907.25,83.271332,65.700077,4.6664168e-06,-6.9858921e-07,-5.4452656e-05,0,2.9712727,1.8118947,1.5765002,36.543533,91.369167
1907.3333,71.56603,62.621228,5.3666058e-06,-0.0010461454,-0.00034259175,0,2.7436955,1.8156836,1.5131612,33.160384,72.507506
1907.4167,62.467024,60.013812,6.4147334e-06,0.081734712,0.33486683,0,2.5194616,1.8156229,1.4506679,31.033882,25.824395
1907.5,65.277942,64.251475,8.0680347e-06,2.8592114,5.5096134,0.14676862,2.4502492,1.8185649,1.4010471,134.56451,313.74211
1907.5833,86.987495,68.917051,1.2086456e-05,3.0582508,5.6833889,0.2087425,2.9424984,1.8614397,1.374898,79.347975,311.72788
1907.6667,105.93276,71.42745,9.8890059e-06,2.4144588,1.6832758,0.068748039,3.6564007,1.963744,1.3784949,89.931708,254.05422
1907.75,115.06627,72.79449,5.7109423e-06,0.12144366,0,0,4.360383,2.1410184,1.4113733,47.362975,56.53687
1907.8333,113.90807,70.901893,3.4479167e-06,0.001245605,0,0,4.997849,2.4019377,1.4709885,40.331043,42.892283
1907.9167,110.73393,67.572728,2.9054572e-06,0,0,0,5.5248756,2.7480123,1.5529356,47.301875,68.958446
1908,109.26459,63.688718,3.0941908e-06,-6.5484244e-07,0,0,5.3329382,3.1500101,1.6737435,35.070635,63.812397
1908.0833,106.13945,59.037656,3.3739782e-06,-1.6513715e-08,0,0,5.1067638,3.4896553,1.8279771,31.173695,45.960303
1908.1667,100.87745,54.024711,3.5635564e-06,-8.4903681e-05,0,0,4.8965011,3.792309,2.0072048,27.452949,33.06666
1908.25,92.131555,49.29772,3.9426018e-06,-0.0013779282,-0.00036976434,0,4.6955566,4.0655441,2.1966593,23.411221,29.534952
1908.3333,87.027341,45.594335,4.7713575e-06,0.04481975,0.13210383,0.00072265713,4.4319973,4.174469,2.3683417,23.044614,20.988626
1908.4167,97.003445,49.328316,5.2091514e-06,2.9789384,7.071135,0.13044949,4.138979,4.2554021,2.5105155,112.34167,408.36695
1908.5,136.31862,51.547833,8.544308e-06,3.3805128,7.516478,0.23593489,4.4314942,4.3222489,2.6173871,48.671177,500.61588
1908.5833,160.7397,52.814279,7.4160553e-06,2.3789867,5.235729,0.18046735,4.9697056,4.388165,2.6987422,50.383785,398.63
1908.6667,172.8425,54.036427,6.2163786e-06,2.0895785,1.2753408,0.044030709,5.8261552,4.4876466,2.7620869,57.415877,342.56367
1908.75,182.41905,55.321157,4.5994839e-06,0.49854715,0,0,6.8890686,4.6549964,2.8280106,42.854998,128.81062
1908.8333,174.76417,54.445591,2.7448775e-06,0.012506836,0,0,8.0191221,4.8786922,2.9048102,30.808086,67.394936
1908.9167,162.13536,51.505841,2.5677164e-06,0,0,0,9.0882511,5.138453,2.9963086,33.499398,44.610685
1909,148.8243,47.252163,2.6205939e-06,0,0,0,9.8308296,5.4567671,3.1028004,24.573813,24.501192
1909.0833,138.24938,43.224059,2.7877595e-06,0,0,0,10.249895,5.7999482,3.2093546,21.346446,15.910617
1909.1667,129.55852,40.5901,2.9157147e-06,0,0,0,9.9662971,6.167017,3.3067842,19.239244,4.0411328
1909.25,116.77777,38.447164,3.2903695e-06,-1.5680204e-05,-2.0789574e-06,0,9.4488516,6.5142331,3.3875747,17.721193,3.9413395
1909.3333,101.75058,36.500342,4.2159027e-06,0.12134803,0.42505504,0.0029076294,8.985774,6.7890429,3.4390621,31.706735,3.323634
1909.4167,96.967883,41.148037,4.8499223e-06,2.2743088,6.3794352,0.09215759,8.5080919,6.9277797,3.457798,101.2955,171.58133
1909.5,111.25726,43.958824,9.1592774e-06,2.8569983,7.0682349,0.19202946,8.8374701,7.018095,3.4486549,57.755532,306.94463
1909.5833,131.88516,45.586128,8.7478484e-06,2.5346811,6.0575597,0.18122405,9.1426535,7.16044,3.4029081,44.344514,352.84899
1909.6667,151.71461,46.455335,6.8049603e-06,1.6990496,2.7954269,0.086065772,9.3023443,7.2673721,3.3343704,42.477849,218.29806
1909.75,158.24059,46.984721,4.7626859e-06,0.14923073,0,0,9.2552509,7.3388257,3.2814312,33.582909,86.72358
1909.8333,154.4026,46.787016,3.4706597e-06,0.0033427446,0,0,9.132555,7.3937879,3.2306974,28.354356,39.211356
1909.9167,141.03425,45.870081,3.5944811e-06,1.9450802e-06,0,0,9.1392574,7.4262409,3.1662402,32.193181,39.715063
1910,123.49182,43.382712,3.9198912e-06,-1.0209219e-09,0,0,9.0226097,7.4319448,3.0839355,23.240025,47.79706
1910.0833,108.89087,39.023601,4.090743e-06,-3.4405169e-06,0,0,8.3442869,7.3751416,2.9830065,20.718956,62.520412
1910.1667,99.748284,37.179079,4.1725234e-06,-4.7199466e-05,0,0,7.6643257,7.2095556,2.861444,18.076053,39.087988
1910.25,79.573654,35.208967,4.8679162e-06,-0.00037126727,-0.00024516717,0,6.9877682,6.8989663,2.714844,15.899608,15.403119
1910.3333,60.630038,33.257455,6.4220294e-06,0.00040967963,0.006740497,0,6.1785235,6.4474349,2.5584674,14.409077,0.52669729
1910.4167,50.13654,34.366451,8.2797833e-06,1.0513824,3.4463024,0.035523341,5.1770988,5.9398885,2.3996363,93.587352,70.175357
1910.5,53.014189,40.026698,1.5032269e-05,2.7973362,7.5826034,0.19554664,5.0307102,5.4997306,2.2353151,79.666458,283.90609
1910.5833,68.510979,43.551985,1.5685331e-05,2.2380968,5.4317765,0.17339975,5.5827556,5.1143126,2.0697582,56.35159,214.05322
1910.6667,80.152296,45.020521,1.3046232e-05,1.8750622,3.3756304,0.11345274,6.0952802,4.741909,1.9126654,44.817704,173.86707
1910.75,83.663344,45.938723,9.3046856e-06,0.31833021,0,0,6.8357325,4.3960228,1.7788346,34.365217,30.368577
1910.8333,81.718951,45.992538,5.6797094e-06,0.0010070848,0,0,7.1350665,4.0691423,1.6728984,29.964444,15.773531
1910.9167,79.865672,45.668628,5.6102394e-06,9.4873945e-06,0,0,6.9741435,3.7824602,1.5786769,39.223099,22.36959
1911,75.758658,44.487376,5.4025718e-06,-4.9776886e-08,0,0,6.3964791,3.5401773,1.4915252,27.396503,27.63199
1911.0833,70.488714,41.958347,5.703549e-06,-5.2449379e-08,0,0,5.8285937,3.3432493,1.4177079,25.828768,40.488293
1911.1667,67.761905,39.924294,5.9434674e-06,0,0,0,5.2019877,3.1733906,1.3545784,24.072029,56.776544
1911.25,64.779602,38.219292,6.1313713e-06,-1.8859276e-05,-0.00044927391,0,4.4813266,3.0191472,1.2983154,20.831252,48.619184
1911.3333,57.380904,36.478464,7.1071017e-06,0.011658719,0.060419209,0,3.8094547,2.8905747,1.2490567,18.152511,15.23164
1911.4167,51.996987,37.090693,8.5680058e-06,1.2768034,3.7224512,0.055694273,3.1776354,2.7895577,1.2063495,75.1508,133.74422
1911.5,68.877585,40.632233,1.4250336e-05,2.6766036,7.1191199,0.21938127,2.6937039,2.7395487,1.1745518,52.709765,315.82585
1911.5833,70.73015,42.306043,1.5815267e-05,2.4338926,6.338741,0.21424176,2.7894945,2.7710769,1.1908566,52.243822,306.11047
1911.6667,83.07381,44.197362,1.2732708e-05,1.7175364,3.0547439,0.11117148,3.5814319,2.946275,1.2313459,46.935587,188.49186
1911.75,92.137426,45.408476,1.0262215e-05,0.55608454,0,0,4.3667221,3.2272391,1.2933972,40.095595,105.30652
1911.8333,97.180687,45.923159,7.7199502e-06,0.037046552,0,0,4.90453,3.5941269,1.3634161,31.851667,82.16151
1911.9167,95.906056,44.970889,3.6001654e-06,-4.3463573e-13,0,0,4.9428177,3.9648414,1.4265455,33.216396,28.004212
1912,91.199912,43.32136,3.8692792e-06,0,0,0,4.8696671,4.2823229,1.4876794,22.724599,14.161026
1912.0833,86.173519,40.931281,4.1211415e-06,-1.7790969e-06,0,0,4.7565665,4.5201426,1.542044,22.30306,14.058483
1912.1667,81.367157,38.670745,4.4601106e-06,-2.3976745e-05,0,0,4.5007281,4.6793551,1.586653,20.915493,20.207247
1912.25,76.937214,36.974594,4.7716612e-06,-5.1566884e-05,0,0,4.0181518,4.7490635,1.6137048,19.256714,24.103364
1912.3333,72.169237,35.735413,5.6247563e-06,0.12114145,0.42274474,0.0010094204,3.411006,4.704833,1.614231,24.219398,15.670398
1912.4167,60.219184,39.76132,8.2987799e-06,2.6207827,7.4070567,0.12180907,2.7756081,4.5289583,1.5921377,98.356434,165.56533
1912.5,52.74697,43.576147,1.932028e-05,2.8739014,7.1439581,0.21625425,3.1584575,4.2403007,1.5548782,80.050728,196.82206
1912.5833,63.946441,46.567168,1.6819438e-05,2.4140071,5.6189985,0.19122377,3.7553935,3.941843,1.5243796,50.28705,171.05801
1912.6667,75.399071,48.157696,1.3143422e-05,1.6797708,3.0999162,0.10900831,4.3963609,3.6979122,1.5165423,49.842478,143.91566
1912.75,84.359594,49.565937,1.0404674e-05,0.7948925,0,0,4.7430787,3.5034256,1.524685,45.967488,110.46525
1912.8333,87.977737,49.884904,4.469839e-06,0.00079806257,0,0,4.6814051,3.3341258,1.5430282,35.672925,55.265962
1912.9167,86.772397,48.607238,3.4351926e-06,-9.4569766e-09,0,0,4.5200067,3.1799943,1.5629212,43.594952,39.817137
1913,83.915569,47.63218,3.3827559e-06,-4.7816881e-07,0,0,4.267837,3.0373755,1.5761621,30.363332,26.299026
1913.0833,79.819337,45.940857,3.8502799e-06,-6.0964174e-05,0,0,3.9746246,2.9148357,1.5790708,28.829392,36.440283
1913.1667,71.486399,44.271797,4.3308951e-06,-0.00024529362,0,0,3.656225,2.8048213,1.5693476,26.972217,48.869303
1913.25,61.834544,42.548891,4.9931496e-06,-0.00032663522,-7.0074256e-07,0,3.4733164,2.7025807,1.5419595,24.284425,34.107136
1913.3333,55.216819,41.30701,6.46748e-06,0.51805668,1.4723402,0.015655579,3.261764,2.6116359,1.4945589,55.357158,52.024983
1913.4167,57.745926,45.154568,1.0147055e-05,3.4413592,8.3769057,0.19049673,3.1576142,2.5312917,1.4264722,64.250929,208.7987
1913.5,68.223365,47.202103,1.5703918e-05,3.1727522,7.3255714,0.23875442,3.5125897,2.4640651,1.3439718,55.267177,213.18811
1913.5833,82.686663,49.014241,1.2627565e-05,2.5649379,5.8687434,0.19532358,4.1038699,2.407341,1.2604643,48.6962,210.36124
1913.6667,97.118668,50.478868,9.6077893e-06,2.1211014,0,0,4.7588148,2.3682706,1.1850622,51.217792,220.83743
1913.75,111.7001,51.719245,7.4594022e-06,0.48099611,0,0,5.4411263,2.3246124,1.1226406,45.519033,194.4772
1913.8333,117.37911,52.244131,4.1990083e-06,0.0053423074,0,0,6.0583215,2.2946362,1.0747186,37.586359,48.870055
1913.9167,117.57034,52.497528,4.1688199e-06,0.00013422383,0,0,6.3436794,2.2656541,1.0422003,47.110573,67.498074
1914,118.07562,52.862287,4.0372965e-06,-1.0887695e-07,0,0,6.5029025,2.2341065,1.0265212,31.272593,53.655943
1914.0833,114.4372,50.925493,3.9558367e-06,-4.2820213e-05,0,0,6.5112505,2.2140584,1.0269202,29.944816,32.914372
1914.1667,108.0288,48.843034,3.9995766e-06,-5.6327104e-05,0,0,6.1981368,2.1995363,1.0400314,27.954769,38.362876
1914.25,103.41536,46.794064,4.1747139e-06,-0.00041200562,-0.00013687502,0,5.7362227,2.1823208,1.0624204,25.828755,32.005142
1914.3333,96.136913,44.768061,4.6374676e-06,0.017018112,0.11113906,0,5.1339679,2.1576307,1.0923002,24.012473,18.483234
1914.4167,83.281592,45.081545,5.660952e-06,1.1568686,2.9185549,0.042348785,4.653791,2.1217625,1.1288797,83.706239,58.558592
1914.5,89.468203,50.085291,1.0425524e-05,3.2555762,7.1004209,0.21360313,4.4268284,2.110719,1.1697919,63.352059,262.72286
1914.5833,105.1968,52.002922,1.0381929e-05,2.5774478,5.5135738,0.21162762,4.4285522,2.1069524,1.2174129,53.820016,242.3647
1914.6667,114.76021,53.627688,8.6968903e-06,1.7671126,1.6795963,0.064272192,4.3813677,2.1293001,1.2835666,55.093255,205.26963
1914.75,113.97397,54.857317,7.1986233e-06,0.32784528,0,0,4.4328461,2.1509387,1.3737334,45.981573,115.77207
1914.8333,107.57133,54.888539,4.2964816e-06,0.0021428362,0,0,4.5113344,2.1627486,1.4877034,37.256122,77.81905
1914.9167,97.271763,54.133475,4.4547619e-06,0.0022362956,0,0,4.7118258,2.1793587,1.6142205,44.819773,60.999099
1915,84.054306,53.767171,4.9128821e-06,-2.6727262e-08,0,0,4.9216733,2.2060649,1.7363591,29.181469,17.154161
1915.0833,73.108658,50.490215,5.3274612e-06,-7.4709027e-08,0,0,4.9859996,2.2422192,1.8400489,27.313877,12.521147
1915.1667,69.14036,48.074972,5.6095814e-06,-0.00010875309,0,0,4.952189,2.2770736,1.934813,25.859086,13.435507
1915.25,65.783538,45.837145,5.9774261e-06,-0.00058002594,-4.4008186e-05,0,4.8930097,2.3104286,2.0244906,22.587963,9.0545724
1915.3333,60.989816,43.560758,6.7199448e-06,0.031911336,0.3308595,0,4.7244282,2.3416688,2.0962832,21.473312,8.2857038
1915.4167,55.500075,44.693574,7.6251854e-06,1.0357598,2.7772,0.034381068,4.5712166,2.3691244,2.1404052,99.763517,32.591908
1915.5,57.78864,51.614717,1.387593e-05,3.3697983,7.3810632,0.20689017,4.7194738,2.3736653,2.1273413,83.901802,145.79019
1915.5833,64.87757,54.012861,1.6772587e-05,2.7103238,5.7414635,0.20545489,5.0399432,2.3289464,2.0370748,59.273666,127.63929
1915.6667,66.667624,56.183077,1.4667366e-05,2.2354919,0.46439528,0.016823549,5.284945,2.3059411,1.9397147,67.083126,126.93784
1915.75,66.35657,58.168557,1.0884602e-05,0.54840331,0,0,5.4996376,2.3382728,1.8346479,54.596008,72.578371
1915.8333,65.122209,58.582369,6.6476118e-06,0.00012222414,0,0,5.3474746,2.4068301,1.7225885,44.945312,30.894555
1915.9167,65.233909,58.849204,6.8845015e-06,3.3642019e-20,0,0,5.1144233,2.4702804,1.6150717,56.529507,39.725252
1916,66.164576,59.856117,6.8949225e-06,0.00010142079,0,0,4.6764412,2.4529016,1.5732017,38.527408,25.829671
1916.0833,66.038258,59.400078,6.888431e-06,3.7331988e-06,0,0,4.3904138,2.3737566,1.5822593,40.985887,32.246095
1916.1667,65.750323,58.881618,6.8403447e-06,-7.3909909e-06,0,0,3.9571729,2.3899333,1.58649,40.952989,35.922333
1916.25,65.50841,58.711316,6.7836559e-06,-2.1325713e-07,6.7679965e-05,0,3.4374621,2.4235311,1.5842174,36.081886,41.534104
1916.3333,64.719349,57.959989,6.9392945e-06,0,0.15199582,0,2.9939919,2.4390826,1.5717376,32.118977,37.982145
1916.4167,58.876414,57.272788,7.7023733e-06,0.022986434,0.55922775,0,2.580426,2.4338033,1.543414,31.266001,49.393348
1916.5,55.43755,58.249563,8.4460617e-06,1.2361363,2.6941872,0.04926245,2.3116109,2.4036491,1.4985794,93.915688,96.818553
1916.5833,62.957987,63.498795,1.3817898e-05,2.8566149,5.2855004,0.19830523,2.1813602,2.3433521,1.4408089,80.536345,185.94118
1916.6667,74.022375,66.140033,1.4125608e-05,2.1219945,2.1000903,0.092286943,2.2025428,2.26895,1.3702645,86.605099,192.6438
1916.75,83.459362,69.109693,1.158101e-05,1.1149794,0,0,2.3645546,2.1805339,1.2883542,69.935546,211.52948
1916.8333,86.204946,70.120953,8.8829038e-06,0.04993068,0,0,2.8521478,2.0817323,1.2057465,52.081895,59.300408
1916.9167,84.041826,68.700463,3.4650636e-06,3.7952001e-08,0,0,3.3167734,1.9894967,1.1335902,55.048065,40.673282
1917,80.14705,66.428885,3.3191538e-06,-1.5151458e-09,0,0,3.7351503,1.9016622,1.070846,37.873748,32.251259
1917.0833,77.839881,63.553095,3.73642e-06,-6.759656e-08,0,0,4.1001992,1.8293558,1.0231332,36.016694,35.712128
1917.1667,75.819515,60.842451,4.2689462e-06,-0.00028727393,0,0,4.2354116,1.7763317,0.98787981,34.678756,42.079626
1917.25,74.246898,58.137316,4.3895297e-06,-0.00022240155,0,0,4.0886564,1.7422011,0.96005559,30.964173,34.705957
1917.3333,71.319923,55.559509,5.3036638e-06,0.10597865,0.25710439,0.0029315308,3.8445749,1.7246654,0.94101,36.218671,20.892821
1917.4167,78.969881,59.72727,5.7428201e-06,3.2194741,6.4774979,0.1400728,3.8298318,1.709293,0.93418288,112.44742,260.96626
1917.5,100.67246,62.408701,1.0300711e-05,3.6871867,6.9966353,0.251514,4.4503541,1.7108201,0.94048828,60.164105,306.17607
1917.5833,122.25988,63.291259,9.8005848e-06,2.7768939,5.2066426,0.21984098,5.0809774,1.7409697,0.95938927,51.253651,290.48202
1917.6667,142.38669,64.08035,7.7359546e-06,2.2761671,2.202588,0.093243125,5.599566,1.8106687,0.9863497,58.10116,303.70969
1917.75,161.04253,65.114729,6.0472621e-06,0.72667041,0,0,5.8172703,1.9269786,1.0162131,51.667986,240.47139
1917.8333,172.6124,64.425297,2.2925417e-06,2.4456298e-05,0,0,5.9689851,2.095542,1.0478907,42.571688,213.06522
1917.9167,172.48677,61.883502,1.9381866e-06,0,0,0,5.9992447,2.3198135,1.0831028,45.14716,97.81206
1918,164.59745,59.349813,2.0365874e-06,-1.757518e-24,0,0,5.8440385,2.5786104,1.1440936,31.814499,30.80171
1918.0833,153.55489,54.96908,2.3096568e-06,-8.6431284e-07,0,0,5.8246045,2.8411348,1.2321465,30.591974,42.111739
1918.1667,140.29244,50.819948,2.5796744e-06,-4.1781349e-06,0,0,5.8298841,3.1469305,1.3342606,26.91018,41.694214
1918.25,121.24014,47.072742,2.9446728e-06,-0.00057333503,-0.00031102466,0,5.7674346,3.5061417,1.4538991,22.461529,22.698988
1918.3333,98.786369,43.860544,3.6512154e-06,-0.0010272037,-0.00033069127,0,5.9067488,3.8990052,1.581643,19.423129,2.4971698
1918.4167,89.964487,40.930994,4.7003837e-06,0.036717998,0.12201963,0,5.7754297,4.2783265,1.7124451,18.4119,2.7511989
1918.5,93.537375,44.233214,6.0296502e-06,2.1243855,5.298201,0.11028618,5.4464383,4.6130085,1.8350993,122.28101,242.59676
1918.5833,119.29362,48.79538,9.8130995e-06,2.4332928,5.798522,0.17228425,5.5226922,4.9150858,1.9392306,56.426519,359.55981
1918.6667,140.64954,49.781382,8.1121834e-06,1.8944284,1.9471661,0.060887137,5.8322153,5.2052979,2.0243685,49.332245,295.12301
1918.75,152.16516,50.600715,6.0841862e-06,0.52547623,0,0,6.1659532,5.5086899,2.1068013,38.323725,125.18855
1918.8333,148.19433,49.169548,2.3825223e-06,2.0143589e-06,0,0,6.3988924,5.8441334,2.2110276,26.6819,41.315073
1918.9167,137.51906,45.992319,2.461753e-06,0,0,0,6.6681828,6.2085333,2.3343115,26.675545,17.858604
1919,125.68942,41.680191,2.747038e-06,0,0,0,6.8828626,6.5823421,2.4744534,19.734212,10.805138
1919.0833,115.49466,38.255952,2.9197893e-06,-5.6986565e-10,0,0,6.9077625,6.9121623,2.6119833,18.178796,15.095141
1919.1667,106.14463,36.358807,3.301946e-06,0,0,0,6.9016128,7.1759562,2.7247417,16.592527,14.006594
1919.25,93.676597,34.42663,3.8005019e-06,0,0,0,6.9419174,7.3706074,2.8094828,14.393423,0.89128122
1919.3333,81.68111,33.303794,5.075211e-06,0.37204723,1.3736401,0.011466375,6.9181666,7.4747248,2.8611999,63.992408,10.813063
1919.4167,84.223181,38.595803,5.6514032e-06,2.4639583,7.4631201,0.12827061,7.2889323,7.4898043,2.8823278,65.659427,291.32673
1919.5,100.56468,40.655769,1.0926279e-05,2.7406822,7.5750953,0.19704251,8.7339735,7.461978,2.8803747,48.617605,332.46957
1919.5833,111.05239,41.43963,1.12072e-05,1.965745,5.2905578,0.15430962,10.390977,7.4392166,2.8632953,40.895087,156.79611
1919.6667,120.57819,42.28963,9.3451345e-06,1.5525474,2.410987,0.0683299,11.333926,7.4345016,2.8318174,44.58193,185.35947
1919.75,126.04629,43.236427,8.0578438e-06,0.55957511,0,0,11.872437,7.4429102,2.7839708,35.293469,61.207743
1919.8333,124.06494,43.369837,7.6345823e-06,0.00036080339,0,0,12.035798,7.4262214,2.728981,29.081828,36.264855
1919.9167,118.1308,43.206628,7.3692495e-06,1.9016834e-05,0,0,11.797677,7.3620143,2.6624522,35.235419,26.846008
1920,107.53962,43.545559,7.5177895e-06,0.00032831275,0,0,11.333557,7.2226591,2.5741749,25.971175,33.120103
1920.0833,89.283556,42.614218,8.1742737e-06,0.00012364497,0,0,10.83255,7.0002704,2.4634717,25.300129,41.074257
1920.1667,66.204853,42.209245,9.6377007e-06,0,0,0,10.867409,6.6352015,2.3264868,24.178159,40.370659
1920.25,48.391096,41.620072,1.1470865e-05,0,0.031305619,0,10.891881,6.1039672,2.1765082,21.267312,1.6710967
1920.3333,41.725595,40.981654,1.2280183e-05,5.3348027e-06,0.33161338,0,10.212249,5.5589318,2.0452516,20.796482,3.1847596
1920.4167,35.865612,40.243834,1.4168809e-05,0.025660647,0.92747219,0,9.4336128,5.0487547,1.929127,21.448744,5.2614439
1920.5,28.815962,42.787135,1.8233224e-05,1.476711,3.9430241,0.070763406,8.9743128,4.5775704,1.8147306,107.79054,63.995867
1920.5833,34.655277,48.95664,2.7204009e-05,2.2683815,5.2781391,0.19185185,8.4125462,4.1405392,1.6996725,92.250776,116.63632
1920.6667,40.57771,53.942934,2.2666631e-05,1.6791186,1.6419344,0.06278261,7.8022614,3.7508292,1.5876313,87.129362,100.00212
1920.75,45.697961,56.035317,1.6288343e-05,0.33790925,0,0,6.8944254,3.4057188,1.4813353,41.808199,73.123115
1920.8333,48.890755,55.876985,1.1877912e-05,0.0039287443,0,0,5.9255662,3.1005399,1.3794965,34.607167,92.812257
1920.9167,50.734747,55.422436,9.7086431e-06,3.4980926e-05,0,0,5.1213827,2.8281152,1.2764896,36.28046,85.074977
1921,44.001378,53.713277,9.5862551e-06,4.0720838e-05,0,0,4.4398394,2.5776772,1.1656926,25.7552,3.0221841
1921.0833,37.315693,51.714867,1.0985455e-05,-3.7523565e-07,0,0,3.8486555,2.35987,1.0642023,23.353299,2.2678292
1921.1667,33.766806,48.885416,1.1735179e-05,-2.013158e-06,0,0,3.2615914,2.1575665,0.97410774,21.446229,1.8996374
1921.25,30.441236,46.290915,1.2838814e-05,-0.00014134089,-0.00011086028,0,2.698385,1.9593624,0.89075476,19.69979,0.53253072
1921.3333,27.024169,43.908332,1.4447604e-05,0.006195829,0.13074888,0,2.0917928,1.7759961,0.81527257,18.87603,0.81187139
1921.4167,21.998309,44.285532,1.8563787e-05,0.57984066,1.7693337,0.016099003,1.6508619,1.6098135,0.74554729,102.8981,12.049313
1921.5,18.831067,52.605044,3.4690482e-05,3.0927584,6.7799175,0.23892781,1.3784124,1.4609571,0.68032688,98.964137,55.441943
1921.5833,10.785055,56.720212,8.7804743e-05,2.7665833,5.735934,0.25920794,1.2357286,1.3313134,0.61750668,77.092117,31.388112
1921.6667,6.0003428,59.2282,0.00014362435,1.9283364,2.4821325,0.11129712,1.2387849,1.2252556,0.56081033,63.630783,28.2968
1921.75,7.597025,60.748957,9.475679e-05,0.32949232,0,0,1.2397043,1.1384161,0.50998318,49.957153,31.597753
1921.8333,10.469896,61.140962,4.5153316e-05,0.067092154,0,0,1.2425978,1.0713573,0.46517894,43.688995,36.984608
1921.9167,13.69553,61.470885,2.9028914e-05,9.3514162e-05,0,0,1.2640467,1.0247185,0.42593056,51.289027,45.729928
1922,17.262746,61.665252,2.44003e-05,0.00010232964,0,0,1.3187932,0.99677193,0.39116102,31.07076,54.349495
1922.0833,20.126704,61.247729,2.1264599e-05,4.7475068e-05,0,0,1.4087058,0.98865116,0.36214641,39.666985,23.383073
1922.1667,19.956345,61.163194,2.1393014e-05,9.6492626e-06,0,0,1.4874861,1.0001074,0.33590305,39.501123,10.020791
1922.25,19.769639,61.066434,2.1562793e-05,1.1875281e-05,0.021909273,0,1.4994515,1.0205935,0.31090441,39.403744,11.637194
1922.3333,19.581681,60.965475,2.187578e-05,7.8726869e-05,0.29355266,0,1.4765419,1.0308787,0.28799093,39.164346,10.173309
1922.4167,19.376418,60.90166,2.239049e-05,0.027865149,0.68534897,0,1.4262215,1.0293936,0.26656172,40.090024,9.2344194
1922.5,19.45837,62.016703,2.266222e-05,0.75876956,1.0663962,0.0024480428,1.3510017,1.017369,0.24598742,93.181906,20.104522
1922.5833,21.195462,67.385972,3.0411789e-05,4.0614968,0,0,1.2637352,0.99168539,0.22737613,86.503621,88.854893
1922.6667,24.927324,70.400506,3.7739097e-05,2.6462971,0,0,1.2135829,0.95828611,0.21416792,76.511891,94.420063
1922.75,31.159027,71.846306,2.4490046e-05,0.56449325,0,0,1.236827,0.9344393,0.20670241,62.018116,97.754347
1922.8333,38.717963,72.432965,9.7125203e-06,6.6215163e-05,0,0,1.2974174,0.92599595,0.20547019,58.775747,118.78113
1922.9167,48.157472,72.782703,8.3327723e-06,2.4832805e-07,0,0,1.4361145,0.93516088,0.21129471,79.488604,146.69763
1923,53.23514,71.848281,7.6329015e-06,-4.0071e-09,0,0,1.6240562,0.94289905,0.22147621,48.08175,83.735572
1923.0833,55.859227,68.943746,7.4749232e-06,-3.7258471e-07,0,0,1.8095477,0.93523252,0.24047931,45.687059,105.75676
1923.1667,60.522072,66.503733,6.9637413e-06,-2.558579e-06,0,0,2.0110502,0.93012774,0.2780185,43.563953,135.47438
1923.25,66.042848,63.932918,6.5150766e-06,-0.0013666959,-0.00044061795,0,2.2088859,0.92766625,0.34440073,38.128145,124.32946
1923.3333,65.746516,61.091416,6.825815e-06,-0.0013681468,-0.00087438204,0,2.4038095,0.93013144,0.4490045,31.010319,33.437007
1923.4167,61.679609,60.474172,8.9824944e-06,1.3000363,2.1034424,0.04926305,3.2597523,0.94027424,0.60012031,109.16399,127.27624
1923.5,85.836895,65.594338,1.3015762e-05,4.0310509,7.0082437,0.26738314,4.8255458,1.0216699,0.80480874,60.296226,415.56354
1923.5833,114.53882,66.343576,1.2206502e-05,2.9765098,5.1415885,0.24900497,5.9726973,1.1744592,1.0694394,50.967848,323.88281
1923.6667,141.88521,67.304663,9.0967151e-06,2.6647745,0.17659129,0.0071001421,6.9618282,1.3519154,1.3749299,60.23873,413.87803
1923.75,162.86679,68.066411,6.7959104e-06,0.89162152,0,0,7.7865953,1.5619664,1.7148728,52.654561,192.69021
1923.8333,167.01084,67.691207,4.0830214e-06,0.0032145899,0,0,7.9433823,1.7959101,2.0710335,42.749969,93.293742
1923.9167,161.77464,65.0483,3.2154865e-06,-4.2358772e-08,0,0,7.7530012,2.0384319,2.3962598,47.384199,40.689741
1924,154.92837,62.69487,3.5519001e-06,-4.7679896e-07,0,0,7.2858791,2.2760043,2.6851046,34.922496,45.307617
1924.0833,145.11943,59.070006,3.7499776e-06,-2.3536754e-07,0,0,6.4781156,2.4374514,2.9190865,33.173034,64.702997
1924.1667,136.91959,56.341484,4.0488894e-06,-9.2151302e-05,0,0,5.6161246,2.5591254,3.1086543,30.677221,80.821769
1924.25,123.72161,53.554002,4.4760586e-06,-0.00021573878,-1.5986662e-05,0,4.8496342,2.6624596,3.2406526,25.66818,19.859774
1924.3333,106.58597,50.641142,5.3066328e-06,0.024791765,0.082783278,0,4.0795407,2.7426095,3.291425,23.471939,16.476807
1924.4167,96.885554,53.512212,6.1294381e-06,2.4506816,5.1207386,0.095578416,3.1453063,2.7939594,3.2476797,121.25139,237.12074
1924.5,101.52665,58.90866,9.8192995e-06,3.3911227,6.2529736,0.20699547,3.0479183,2.8092461,3.1034575,91.754467,359.12154
1924.5833,112.24248,62.48308,1.0288227e-05,2.9309307,4.9935183,0.19811319,3.7790008,2.8137777,2.8843803,78.764318,298.52144
1924.6667,125.40604,65.815061,8.2835486e-06,2.5477612,0.15905409,0.00618035,4.763072,2.7859845,2.6447484,89.094844,217.57511
1924.75,130.74774,67.932166,6.5844965e-06,0.26480986,0,0,5.6703892,2.748503,2.4181192,56.41341,73.940463
1924.8333,132.09185,67.97874,4.5233287e-06,0.039022018,0,0,6.5143847,2.7149205,2.2191656,45.932024,60.119374
1924.9167,134.18393,67.964956,4.754671e-06,0.0051356443,0,0,7.0791039,2.6880324,2.0454705,57.341053,87.521713
1925,134.85186,67.391612,3.8417197e-06,3.4705168e-05,0,0,6.9858308,2.6528924,1.8889222,35.183416,48.477291
1925.0833,127.72945,63.804738,3.2059972e-06,-0.00028202138,0,0,6.7834716,2.6255426,1.7540164,31.873242,14.367605
1925.1667,119.41449,60.533181,3.3035369e-06,-0.00011959901,0,0,6.5187211,2.5920906,1.6301699,28.586619,11.556522
1925.25,108.81661,57.482436,3.6399965e-06,-4.0653321e-05,-0.00030954227,0,6.4049258,2.5443573,1.5108068,29.159999,10.753865
1925.3333,95.158629,54.889489,4.3386344e-06,0.13429781,0.28736465,0,7.1011119,2.4664562,1.3990057,37.079206,2.7452315
1925.4167,87.208353,60.932666,6.1671526e-06,3.5366682,5.8882418,0.17691929,7.7819614,2.3543348,1.2915686,163.63616,199.89242
1925.5,103.3081,65.880373,3.7339321e-06,3.7958529,6.0271798,0.26773654,9.6330624,2.2271197,1.1868861,66.746213,315.23886
1925.5833,116.39579,67.418538,1.2606079e-06,3.2545338,5.0608193,0.25078556,13.445129,2.1073296,1.0905675,63.426824,244.46847
1925.6667,117.91027,68.58369,1.1996726e-06,1.9328635,2.9493348,0.15926585,18.843487,2.0240242,1.010879,57.646186,105.70165
1925.75,119.14523,69.8006,1.2412826e-06,1.3400752,0.36462399,0.019657562,22.664104,1.9773009,0.94677323,65.606867,93.101575
1925.8333,119.56873,70.476957,1.1506653e-06,0.065054773,0,0,22.686117,1.9342167,0.89895999,48.629316,49.837976
1925.9167,117.43601,69.989212,9.3575181e-07,0.00070262019,0,0,22.79273,1.8964088,0.86957181,57.492049,29.421733
1926,114.74576,70.459887,2.1334681e-06,0.00010209525,0,0,22.913,1.8799336,0.85925925,40.869867,32.898081
1926.0833,109.81163,68.791769,2.203614e-06,5.9106068e-05,0,0,22.991007,1.8926291,0.86851722,44.529829,48.098149
1926.1667,97.694919,61.619814,2.3596899e-06,-0.00064957117,0,0,23.190981,1.9276785,0.88509011,38.682882,63.346562
1926.25,82.976133,53.030286,2.6977416e-06,-0.00056981288,0,0,23.555458,1.971091,0.90043032,31.958965,51.874599
1926.3333,69.135368,50.660342,3.2073494e-06,0.24266239,0.0065029268,0.00021511361,23.910667,1.992051,0.93212169,39.937995,59.69465
1926.4167,75.766087,53.83496,3.0537576e-06,4.8944589,0.38770985,0.18508604,23.055567,1.9844009,0.98209828,100.87057,371.29037
1926.5,110.90165,56.291539,2.69414e-06,5.3530341,1.1003778,0.29976747,21.387239,2.01227,1.0623786,52.032524,477.32646
1926.5833,146.34156,56.618452,2.2517172e-06,3.789812,1.4532788,0.24180035,20.261089,2.0993664,1.1907845,44.574399,465.56887
1926.6667,180.52243,56.849383,1.9997235e-06,2.5243872,1.3847875,0.18117878,19.781937,2.2683783,1.3843293,44.754371,487.68009
1926.75,210.62642,57.051647,1.8120119e-06,0.79152559,0.22442133,0.021642263,20.088572,2.5598106,1.6720122,40.361528,342.9653
1926.8333,222.2361,56.670379,1.7468085e-06,0.018639127,0,0,21.302423,3.0293753,2.0754383,35.032206,160.9377
1926.9167,225.74951,56.02289,1.646712e-06,8.3578949e-09,0,0,23.024422,3.733248,2.611172,42.405143,111.86586
1927,226.01119,55.91077,1.6679147e-06,0.0028425965,0,0,24.954817,4.7179689,3.3002143,31.194877,83.267889
1927.0833,225.81375,54.832298,1.6828375e-06,-3.7410588e-05,0,0,26.64566,5.9153714,4.0688586,29.943633,95.969078
1927.1667,221.82168,52.684344,1.7186112e-06,-0.00013524656,0,0,27.188034,7.2890239,4.8763089,27.094931,73.889808
1927.25,209.18036,49.257256,1.8025959e-06,-8.7233677e-06,0,0,26.968254,8.5918188,5.7466555,22.749941,22.728387
1927.3333,192.6076,45.97709,1.9363183e-06,-0.0002808804,4.2973367e-05,0,25.77548,9.6830206,6.6379123,20.878954,22.954132
1927.4167,173.46942,46.668138,2.1767689e-06,2.3794898,0.064382389,0.1200015,23.158949,10.595016,7.4913235,119.2163,275.29787
1927.5,217.16051,51.084686,2.1164055e-06,4.5591762,0.31983362,0.37799078,21.840462,11.356637,8.2451086,47.705273,913.35686
1927.5833,282.54163,51.869936,1.9319543e-06,3.7185612,0.66235992,0.34981946,23.594721,12.069549,8.9191837,48.231367,737.60775
1927.6667,320.55628,52.027009,1.759476e-06,2.232675,0.29659596,0.10127694,25.621618,12.796607,9.5273561,42.706295,409.09624
1927.75,325.59305,51.479429,1.7379763e-06,0.12810533,0,0,28.284603,13.596949,10.106544,26.128069,31.30568
1927.8333,318.11267,50.278783,1.7954843e-06,0.0029575842,0,0,31.412485,14.507317,10.672541,25.612994,24.464299
1927.9167,309.94487,49.054582,1.8616587e-06,9.1300414e-08,0,0,34.640846,15.502983,11.223457,25.115206,8.2835164
1928,299.10359,47.882222,1.9222368e-06,0.0011963332,0,0,38.080788,16.536732,11.742603,21.349549,6.3037855
1928.0833,285.14057,46.551194,1.9916693e-06,0.0023620738,0,0,41.560856,17.514608,12.154479,20.804611,7.6515061
1928.1667,263.25706,45.069065,2.1105027e-06,0.00077997031,0,0,43.830639,18.394957,12.429234,20.172788,11.42896
1928.25,235.25143,42.609479,2.295744e-06,0.015889739,0.015123192,0,43.244129,19.006433,12.578318,18.69976,1.6356634
1928.3333,204.37467,40.332571,2.6486282e-06,0.068616519,0.039698792,0,42.666187,18.845364,12.644105,19.907369,0.73080999
1928.4167,146.05969,42.322543,3.5371581e-06,2.4874551,0.57400975,0.20159113,50.792053,18.097008,12.599033,117.15665,125.61373
1928.5,139.36052,48.697587,3.9864958e-06,4.3755333,1.4157278,0.53221606,54.599834,17.207993,12.52724,114.97455,427.86236
1928.5833,150.02623,53.85007,3.7151055e-06,3.5737317,1.1841152,0.42076723,57.261944,16.61352,12.383801,64.169372,355.03713
1928.6667,170.04995,55.130016,3.2659484e-06,2.5911871,0.29715713,0.10292594,51.326698,16.235313,12.119729,52.998305,309.4779
1928.75,178.74068,55.306263,3.0719846e-06,0.42568333,0,0,49.376774,15.976487,11.784742,36.061712,81.816208
1928.8333,176.77498,54.576397,3.0873884e-06,0.010338445,0,0,49.321442,15.75906,11.430489,32.186834,34.643632
1928.9167,175.26729,53.53488,3.1091588e-06,1.6825499e-05,0,0,48.680565,15.483715,11.039988,41.480722,58.776846
1929,173.22116,52.740872,3.188987e-06,0.0042023735,0,0,47.714851,14.901823,10.552416,30.262056,87.352732
1929.0833,176.85038,51.984373,3.1582731e-06,0.0038795585,0,0,46.293091,14.422507,10.066048,29.74355,140.29738
1929.1667,181.79527,51.069673,3.0809742e-06,0.0013181674,0,0,44.287922,13.994541,9.5592632,25.94708,124.41851
1929.25,174.58977,49.498167,3.1775344e-06,0.0026759358,0.014248379,0,43.386013,13.591752,9.0223408,20.295898,9.8608364
1929.3333,158.02145,47.394115,3.423994e-06,0.03469813,0.087348007,0,41.556091,13.056778,8.4778004,19.330269,0.16752937
1929.4167,152.18283,49.096894,3.5123232e-06,2.705337,1.010228,0.16490639,39.832401,12.513782,7.926383,117.37444,400.9662
1929.5,219.34852,53.57283,2.709774e-06,5.0215488,1.7295048,0.54492939,33.113678,12.078032,7.4339581,51.336276,1093.2627
1929.5833,283.46097,53.999111,2.0719417e-06,3.2459474,0.88360003,0.32295914,31.254457,11.877693,6.9991269,44.855241,728.98236
1929.6667,320.10537,54.489795,1.8834364e-06,2.7069307,0,0,34.127773,12.013288,6.6203666,49.959033,553.72313
1929.75,338.14228,54.580983,1.7717857e-06,0.55210971,0,0,38.483646,12.614605,6.363481,33.103178,115.3798
1929.8333,332.82787,53.430568,1.7326834e-06,0.0025432346,0,0,43.908424,13.811309,6.2412143,24.41004,57.355464
1929.9167,323.59335,52.163702,1.7802129e-06,0.00013210481,0,0,50.945122,15.732894,6.2635331,24.677262,12.305228
1930,310.0569,51.01594,1.8287636e-06,0.0020170705,0,0,60.066841,18.524149,6.4359856,22.284136,14.245732
1930.0833,293.68785,48.362337,1.9177501e-06,5.7981354e-06,0,0,68.948395,22.119644,6.7409515,21.104065,19.889025
1930.1667,276.3229,45.740489,2.0063142e-06,8.4235581e-05,0,0,77.114609,26.524345,7.1891813,19.035081,8.004968
1930.25,263.1295,44.16687,2.0807142e-06,0.0015809693,0.0072777308,0,87.589996,31.903723,7.7786641,18.039569,2.0546003
1930.3333,234.64164,42.615328,2.2569673e-06,0.0097994097,0.034445128,0,104.15862,38.163483,8.5124931,17.409395,0.16132766
1930.4167,193.68362,41.264948,2.6066521e-06,0.38070768,0.17843067,0.011719892,131.26685,45.220783,9.3957758,47.394976,0.27869623
1930.5,192.00921,49.565732,2.6085479e-06,4.1903087,1.6143911,0.42529815,147.09943,53.335659,10.384811,133.8592,379.28327
1930.5833,220.51993,50.862864,2.4002522e-06,3.5687566,1.3686051,0.51235365,163.96252,59.514439,11.481216,48.381249,543.86644
1930.6667,249.63969,51.115703,2.0910034e-06,1.9288454,0.67517627,0.2668335,181.15408,64.67765,12.858916,41.794132,284.21434
1930.75,251.22803,50.870087,2.0366701e-06,0.3073032,0,0,199.7346,70.938454,14.531495,32.221905,21.025877
1930.8333,246.45501,49.959533,2.0754853e-06,7.8235777e-05,0,0,219.035,78.221184,16.320953,25.728871,20.810842
1930.9167,240.17654,48.947625,2.126822e-06,0.0057621558,0,0,240.26564,86.542351,18.23912,31.543012,36.140297
1931,233.363,48.384644,1.3144619e-06,0.00026507202,0,0,263.83557,96.058189,20.330677,24.750164,51.526349
1931.0833,229.90161,47.310978,1.2961217e-06,0.0028945614,0,0,285.91595,106.06396,22.476686,24.209209,77.58183
1931.1667,227.9458,46.130102,1.3302631e-06,0.0033135186,0,0,307.37762,116.97364,24.802023,21.65973,48.089607
1931.25,218.97775,44.542439,1.3924124e-06,0.016140612,0.0007275789,0,330.93143,129.04431,27.421227,19.475497,10.360555
1931.3333,206.32821,42.915948,1.490619e-06,0.14838611,0.012096467,0,357.17606,141.3549,30.362602,25.357083,0.0072476143
1931.4167,198.41333,45.172673,1.6146338e-06,3.0650367,0.53185079,0.26963672,386.52402,153.75262,33.490673,108.90882,363.18173
1931.5,242.44428,47.985777,1.5949302e-06,4.3518137,0.92331304,0.64500257,409.12842,173.14296,36.758915,40.329223,773.40401
1931.5833,292.82755,47.96575,1.3700532e-06,3.4960744,0.97190631,0.61532015,440.00031,201.6165,39.751255,38.730673,707.52208
1931.6667,329.05421,47.938336,1.2393975e-06,2.2100852,0.59052018,0.31367155,461.6947,229.85347,42.110325,37.636534,419.64868
1931.75,335.03595,47.635689,1.188969e-06,0.27007033,0,0,481.75748,258.82227,44.395844,27.612328,35.510217
1931.8333,327.41761,46.549283,1.2115437e-06,0.0057278944,0,0,504.57596,288.62299,46.691517,22.894097,27.453981
1931.9167,319.67178,45.440249,1.2353532e-06,3.1980004e-06,0,0,528.96411,319.36102,49.048588,26.482895,33.987238
1932,306.44885,44.017039,2.0671607e-06,3.2215823e-08,0,0,555.39551,354.29782,51.548969,21.282476,38.667589
1932.0833,286.96454,41.290466,2.1948356e-06,0,0,0,579.27625,392.0856,54.110336,19.78621,46.671194
1932.1667,273.26545,39.662946,2.2638283e-06,2.494661e-05,0,0,606.40808,427.34488,56.911125,17.840116,6.4949322
1932.25,259.60147,38.14768,2.3465268e-06,-0.00039437915,0.0086872915,0,617.8175,458.74469,59.956532,17.094751,9.1361092
1932.3333,194.2033,31.961877,2.8614095e-06,0.0027652625,0.032251149,0,453.62836,477.8891,63.127087,14.175193,17.918434
1932.4167,124.92242,24.67417,4.0458476e-06,0.090170828,0.095360459,0,256.93835,457.96533,66.35762,14.689422,0.34928011
1932.5,118.77085,25.889037,4.3697987e-06,1.7268873,1.2088386,0.406782,196.52766,424.75388,69.475342,61.876654,200.84393
1932.5833,140.00081,27.113307,3.9678057e-06,1.6449981,1.1834735,0.63240696,200.28294,394.755,72.465477,21.874695,278.82795
1932.6667,160.21052,27.144145,3.4381439e-06,1.1757296,0.075089987,0.037531665,206.00063,369.38196,75.28524,21.458438,271.88362
1932.75,173.17022,27.031921,3.153104e-06,0.31592776,0,0,212.03241,347.86642,78.034004,15.995208,118.5107
1932.8333,171.62186,26.296636,3.1713953e-06,0.0026015868,0,0,222.88748,329.9603,80.753143,10.768988,0.36222664
1932.9167,167.25761,25.484027,3.1298041e-06,0.000628938,0,0,236.25511,315.53299,83.472046,10.537811,0.065137112
1933,157.10673,24.265658,3.3049207e-06,2.3768055e-06,0,0,253.1033,299.98618,86.240173,9.9294013,0.14658928
1933.0833,144.27495,22.567198,3.5492544e-06,0.00023953878,0,0,268.75665,282.76678,88.860489,9.2323624,0.14074339
1933.1667,140.35238,21.810915,3.6273341e-06,0.00058946254,0,0,283.20459,268.52139,91.405991,8.9234122,0.16379692
1933.25,136.03915,21.016264,3.7159305e-06,0.014251945,0.010454454,0,290.24289,256.31918,93.875298,8.6975551,0.53180012
1933.3333,131.04461,20.126598,3.8125379e-06,0.036540713,0.046617073,0,287.3992,246.03352,96.150208,8.4427483,1.1273622
1933.4167,126.21742,20.31965,3.9054621e-06,0.93848794,0.85730094,0.16631783,282.85205,236.86926,98.202515,53.858928,57.54879
1933.5,139.31823,22.646409,3.7191053e-06,2.0714477,1.8510332,0.60483796,275.38477,235.72415,100.03198,21.318622,317.81983
1933.5833,164.56488,22.82065,3.2128476e-06,1.5692301,1.4100031,0.63524483,276.91983,241.10081,101.60389,18.249613,320.66322
1933.6667,182.33214,22.826478,2.8967161e-06,0.92869924,0.46183405,0.23931279,280.10803,245.98288,103.20796,17.974268,166.85834
1933.75,185.1013,22.603082,2.7777828e-06,0.14095585,0,0,284.23813,250.58855,104.76476,11.233018,12.075067
1933.8333,181.6089,21.9421,2.7502276e-06,0.0017523639,0,0,286.77545,255.02731,106.28032,9.1874797,1.0655289
1933.9167,177.34821,21.251351,2.7760996e-06,4.4605102e-20,0,0,290.25061,258.57867,107.75721,9.3492648,1.864658
1934,163.08132,19.392822,2.9422679e-06,2.3346211e-07,0,0,289.13297,253.82545,109.21225,8.150954,2.8641069
1934.0833,148.90279,17.483154,3.1371417e-06,0.0013880773,0,0,287.20056,247.31053,110.53805,7.3581634,4.3264478
1934.1667,144.83368,16.787272,3.2167582e-06,0.00070089244,0,0,290.47488,252.2242,111.74647,6.5669576,4.8182472
1934.25,139.68842,15.962323,3.3390018e-06,0.012032211,0.001151796,0,283.42029,257.79059,112.83759,5.8548123,0
1934.3333,132.40457,14.989044,3.5016419e-06,0.040126644,0.019661165,0,277.7648,262.00809,113.74696,6.4029334,1.0852999e-06
1934.4167,128.29421,15.784582,3.6489275e-06,1.1797388,1.1613621,0.29919814,277.38135,264.37698,114.44113,43.605708,107.24811
1934.5,142.8069,16.897323,3.8082258e-06,1.6058396,1.6141547,0.68329897,300.13968,265.5369,114.93089,13.342992,279.27003
1934.5833,155.47812,16.933931,3.6184144e-06,1.2829365,1.2485518,0.64477887,331.80475,265.74744,115.35344,14.495239,265.43306
1934.6667,140.17001,17.278833,3.8771909e-06,0.96628467,0,0,396.58618,265.17932,115.63034,20.911219,181.77765
1934.75,139.46775,17.553026,3.8179701e-06,0.24783265,0,0,415.19498,264.34198,115.88281,11.278181,22.27675
1934.8333,136.69388,17.177967,3.6715776e-06,0.00047381344,0,0,420.22388,263.63934,116.16481,8.3425825,1.4819069
1934.9167,133.57753,16.758047,3.6378362e-06,2.0261085e-07,0,0,425.81421,263.12869,116.50788,8.3817679,1.9626859
1935,128.63091,16.164158,3.755908e-06,4.4216745e-06,0,0,431.8378,257.57175,116.921,6.7031892,1.1100387
1935.0833,124.7752,15.60151,3.8667376e-06,1.5253725e-05,0,0,436.69034,242.93896,117.36858,6.475104,1.7898197
1935.1667,120.1444,15.036756,3.9818069e-06,0.00011283604,0,0,440.36459,229.46838,117.84142,6.214915,2.2259695
1935.25,113.46669,14.332256,4.1502967e-06,-1.314187e-05,0.00037379342,0,437.22134,216.71474,118.33273,5.7966626,0
1935.3333,70.772231,10.659592,5.8619339e-06,-0.00014548056,0.0078676379,0,301.39716,203.18152,119.31377,4.314987,0
1935.4167,61.465103,9.7239371,6.7048568e-06,0.022363486,0.045286152,0,286.13211,189.17174,120.64091,4.9671598,0
1935.5,59.740838,11.086049,7.0234341e-06,0.96785903,1.7572802,0.43550062,285.64441,177.64378,121.66636,32.735657,76.453603
1935.5833,65.102853,11.593183,7.4772229e-06,0.94461828,1.7288004,0.6481299,296.42404,170.68768,122.38201,9.4808049,121.7626
1935.6667,71.540713,11.623573,6.7366191e-06,0.60682606,0.89920875,0.39429421,301.3923,164.8627,122.81022,9.3910709,97.559029
1935.75,73.900394,11.634702,6.3574344e-06,0.16465958,0,0,303.6745,155.27985,122.98907,7.9368416,43.060242
1935.8333,73.695876,11.423854,6.2759545e-06,0.0014910868,0,0,300.52008,145.27406,122.93745,5.9501403,48.839644
1935.9167,72.071664,10.900616,6.4008541e-06,1.3752371e-21,0,0,292.38638,136.20235,122.66561,4.842753,19.61138
1936,69.142491,10.455529,6.5745517e-06,1.7398608e-20,0,0,290.22467,127.87248,122.1658,4.2327272,0.2346346
1936.0833,65.140679,9.8531991,6.8287927e-06,0.00011391294,0,0,286.11029,120.8446,121.45482,4.0150572,0.31442449
1936.1667,62.47082,9.4151767,6.9025364e-06,1.5874147e-05,0,0,280.02197,114.65289,120.49571,3.873067,0.43076432
1936.25,58.936965,8.9775715,7.0801052e-06,6.3726947e-05,0.0088427597,0,260.57138,109.38591,119.16413,3.6628501,0.26073631
1936.3333,53.808141,8.4067406,7.4829995e-06,0.010280597,0.05917401,0,239.54192,105.6489,117.35921,3.7533364,0
1936.4167,48.913751,8.4610926,7.9954925e-06,0.39317037,1.0339339,0.1593714,224.58255,102.5911,114.45657,25.687036,26.786101
1936.5,56.151669,9.5046517,7.8614039e-06,0.98719916,2.3726934,0.70319983,219.05415,103.18531,111.09116,8.885201,176.27536
1936.5833,70.436314,9.6002202,6.7321116e-06,0.74716054,1.7988161,0.73472889,213.13199,104.78168,107.43862,7.6234957,169.4604
1936.6667,81.583768,9.6192146,5.650706e-06,0.51454719,1.2997847,0.51048503,202.71907,106.34573,103.64435,7.5383973,111.04113
1936.75,83.981551,9.5373821,5.2275236e-06,0.085356679,0,0,196.69562,104.85861,99.697342,4.6734499,12.541742
1936.8333,82.323395,9.2657078,5.2484197e-06,0.0025688791,0,0,194.53064,101.53706,95.756714,3.7944799,0.20552515
1936.9167,80.203764,8.9970734,5.3055637e-06,1.4407312e-05,0,0,192.95383,99.12545,91.857132,3.7507885,0.36027409
1937,78.065671,8.7378193,5.3301055e-06,0.00047791678,0,0,190.87206,97.626328,87.930656,3.5774362,0.56430646
1937.0833,75.884715,8.4682591,5.4929073e-06,0.00015310972,0,0,188.40453,97.094994,84.200447,3.4705984,0.89905924
1937.1667,72.397441,8.1213713,5.5590908e-06,1.2901615e-05,0,0,184.92793,97.438263,80.457367,3.3020583,0.36606382
1937.25,67.549169,7.7400566,5.6708641e-06,-7.143612e-05,0.0011603983,0,178.01601,98.798515,76.549927,3.1331447,0
1937.3333,49.084574,5.9595848,6.9061898e-06,-0.00020783404,0.012909033,0,83.561249,101.53164,72.442474,2.4111313,0
1937.4167,37.920401,5.0367452,8.1630742e-06,0.0072695893,0.085716065,0,61.265335,102.95443,68.256042,2.4056797,0
1937.5,32.976612,5.43183,9.6238346e-06,0.55094086,2.5480336,0.57858691,52.391575,104.0272,64.103127,17.292662,43.588157
1937.5833,37.204746,6.0149757,1.0209716e-05,0.55472242,2.4864238,0.79052622,57.651443,105.33253,59.739685,9.3467291,85.265401
1937.6667,40.679026,6.2276484,9.2891896e-06,0.35385699,1.3522398,0.49611043,61.249794,106.95595,56.045155,5.3927932,55.611282
1937.75,42.542845,6.2823482,8.484004e-06,0.084965609,0,0,61.873405,107.62972,52.827072,4.2336896,8.5133106
1937.8333,42.380944,6.2066521,7.9956744e-06,0.0011512069,0,0,61.067081,107.81333,49.836506,3.039613,1.2511631
1937.9167,41.522834,6.1040353,1.2924799e-05,0,0,0,60.234657,107.95898,47.021141,3.8792816,2.3585133
1938,39.184835,6.046385,1.4851247e-05,1.1247551e-09,0,0,59.152145,109.26666,44.312706,2.9990713,3.9148253
1938.0833,37.8424,5.8775488,1.5317919e-05,-2.0389037e-08,0,0,57.137432,110.96811,41.695801,2.9231688,6.3703648
1938.1667,36.090259,5.7643093,1.6525715e-05,2.3207938e-06,0,0,56.296314,112.18662,39.176109,2.8740507,9.9918837
1938.25,35.918135,5.6381663,1.6932021e-05,0.00086014096,0.015587848,0,52.590218,113.00755,36.828457,2.3368389,0.60215875
1938.3333,34.618609,5.4978179,1.8018136e-05,0.040402632,0.28149148,0.0096957214,47.004257,112.77715,34.517929,5.0861831,1.082883
1938.4167,37.014477,6.2043932,2.5948131e-05,0.7305992,3.5936485,0.53275408,45.599876,111.59599,32.211105,12.717765,117.69542
1938.5,46.559107,6.4049666,2.9374529e-05,0.66391111,3.0926012,0.75060196,46.941628,110.27273,30.038506,5.5151172,151.20534
1938.5833,55.840317,6.5217358,2.369701e-05,0.50975916,2.3672181,0.69934248,47.659477,108.87209,28.110174,5.3064295,104.87384
1938.6667,61.199367,6.6289352,2.1072241e-05,0.35245919,1.2182064,0.38893858,46.626255,107.37922,26.613897,5.3474785,62.550957
1938.75,62.715277,6.7173825,1.8224775e-05,0.13199578,0,0,45.630478,105.54262,25.418159,4.4572324,13.06439
1938.8333,62.879272,6.6803754,1.2723121e-05,0.0017543011,0,0,43.892822,103.67543,24.395144,3.2255374,2.534848
1938.9167,62.618002,6.6176578,1.1498235e-05,1.6837543e-05,0,0,42.071507,101.86078,23.46983,3.7039564,4.7242212
1939,60.716294,6.5039448,1.1579838e-05,2.8956633e-08,0,0,39.803299,100.02135,22.574377,2.917008,3.4999599
1939.0833,58.430009,6.3066026,1.2003543e-05,0.00011569333,0,0,37.18158,98.180717,21.716257,2.6306909,0.66510588
1939.1667,55.975713,6.1828112,1.2319051e-05,3.8305953e-07,0,0,34.324673,96.075508,20.83145,2.5606231,0.63876832
1939.25,51.299442,5.9871767,1.3632368e-05,0.00023944758,0,0,30.962067,93.531448,19.87215,2.4483541,1.0878826
1939.3333,29.270077,4.2467029,2.125358e-05,0.00071228491,0.04748552,0,14.041918,89.359604,18.735811,1.722372,3.3922797e-05
1939.4167,24.007628,4.0740184,2.6236867e-05,0.21238321,1.8249423,0.16630311,9.7654419,82.902306,17.343521,11.051392,12.060159
1939.5,27.758924,4.7313268,4.7878715e-05,0.53509077,4.1209177,0.6839313,9.5234222,76.906746,15.96546,5.9199114,87.663694
1939.5833,31.614773,5.1714666,4.5249159e-05,0.43102077,3.1429156,0.7023402,9.3895874,71.187973,14.727434,7.6855667,67.584428
1939.6667,31.03398,5.5894856,4.3887245e-05,0.30714756,1.1343441,0.27261188,8.8303595,65.742599,13.82484,6.9469138,41.571749
1939.75,27.183458,5.8472361,3.9337843e-05,0.044082191,0,0,8.3916759,60.172783,13.140109,3.797968,3.1238322
1939.8333,26.211469,5.9032752,1.8826004e-05,8.0672266e-07,0,0,7.7025318,54.857136,12.564343,2.9899047,1.5748791
1939.9167,25.886256,5.8484222,1.5259375e-05,0,0,0,7.030365,50.00462,11.892442,3.7868456,3.2296597
1940,23.326498,5.8061397,1.9671854e-05,-1.4179786e-08,0,0,6.7575374,45.646172,10.977411,2.9049834,4.3010146
1940.0833,19.58319,5.7014362,2.2245282e-05,-1.7789295e-06,0,0,6.6603546,41.963223,10.155431,2.7805324,6.2661743
1940.1667,16.423682,5.581019,2.5717571e-05,-1.8255643e-05,0,0,6.9508996,38.743351,9.371417,2.5619157,5.2929862
1940.25,17.407464,5.4816897,2.6345679e-05,0.012156668,0.079553469,9.0587856e-05,7.0189652,35.810452,8.6071463,3.0180006,0.0073156278
1940.3333,19.503487,6.4089885,2.7919243e-05,0.45648648,2.9301652,0.15768521,6.7845335,33.141705,7.9261532,23.070064,32.144178
1940.4167,25.4237,7.8151701,5.1196992e-05,0.90656491,4.805773,0.43386693,6.7417107,30.688829,7.3264432,15.863539,82.155481
1940.5,32.514237,8.3906418,4.4890945e-05,0.82551167,4.1592201,0.54125503,6.6812487,28.449533,6.8309178,7.0873277,77.562062
1940.5833,37.755914,8.7053059,3.9272538e-05,0.69843774,3.4583218,0.59837166,6.5300322,26.339352,6.4866796,8.7492232,57.191821
1940.6667,38.208947,9.0811495,3.7782978e-05,0.46117659,1.9129638,0.36586677,6.3707399,24.405369,6.2483764,8.2923377,37.423392
1940.75,36.096789,9.3230214,3.0266576e-05,0.096121917,0,0,6.2661657,22.642931,6.0742903,6.2834383,14.693074
1940.8333,32.402795,9.4369296,1.8945568e-05,0.0056498134,0,0,6.2722192,20.982431,5.9293904,5.8281314,14.831712
1940.9167,30.904638,9.5522003,1.7834822e-05,4.8364819e-09,0,0,6.2824316,19.394932,5.7964363,8.4521018,24.403522
1941,31.543598,9.8769842,1.7779719e-05,5.1002418e-22,0,0,5.9625788,17.912003,5.6591101,6.0335109,36.542791
1941.0833,30.84537,9.9544181,1.8040417e-05,2.2027716e-05,0,0,5.5698366,16.610817,5.512979,5.1278408,23.224808
1941.1667,25.09238,9.8703168,2.1177899e-05,8.6171201e-08,0,0,5.2910171,15.390634,5.3397088,4.2094359,0.93479506
1941.25,17.60946,9.5040044,2.9135565e-05,0.0025130366,0.018217835,0,4.9319139,14.17623,5.1313014,4.1478078,1.5300571
1941.3333,15.223066,9.853987,3.5494704e-05,0.29354447,1.4744403,0.049424661,4.8465858,13.055109,4.924674,22.311862,27.611067
1941.4167,22.615904,12.070193,4.5416298e-05,1.3441321,5.4584005,0.35313749,5.0147333,12.078241,4.7416573,31.612014,174.10719
1941.5,36.822177,13.57295,3.9653747e-05,1.258099,4.648193,0.4463759,5.8824043,11.246113,4.6004634,16.954924,150.64883
1941.5833,48.638389,14.007428,2.8813856e-05,1.2131773,4.3498066,0.51775003,7.2606258,10.590271,4.5035515,11.838541,136.85814
1941.6667,56.121301,14.396021,2.2739365e-05,0.78918399,2.0014366,0.26205021,9.1104269,10.132437,4.404355,12.497453,82.269634
1941.75,58.663636,14.738467,1.8914685e-05,0.22539681,0,0,11.091741,9.5722637,4.3967428,10.552821,28.182678
1941.8333,59.207313,14.867364,1.4047909e-05,0.00093100248,0,0,13.10323,9.1049786,4.4332042,9.1701662,20.954263
1941.9167,60.695916,14.976126,1.2163175e-05,1.3696752e-20,0,0,15.131913,8.8033228,4.4916935,12.827518,34.491474
1942,62.96362,15.366524,1.1911753e-05,0.00059649435,0,0,16.938154,8.6566057,4.5620732,9.3980926,48.633028
1942.0833,65.775625,15.424943,1.1258096e-05,0.00097399581,0,0,17.074928,8.635705,4.6270661,8.5704545,46.32204
1942.1667,64.978659,15.318168,1.1322448e-05,0.00010305287,0,0,16.610668,8.6627512,4.6757717,6.8363932,9.31986
1942.25,60.91531,15.093479,1.2060387e-05,0.00052997816,0,0,16.107828,8.6519928,4.686904,6.4430225,1.8553122
1942.3333,52.099418,14.521205,1.3803959e-05,0.011487813,0.15651792,0,14.269619,8.3697262,4.6483274,6.7177148,2.9954489
1942.4167,51.907089,15.88412,1.7559616e-05,1.3815244,4.9326922,0.16404821,13.143505,8.241889,4.6407223,42.508922,209.5793
1942.5,75.876854,17.450934,1.8711191e-05,1.7851254,6.0836619,0.30825708,12.554824,8.4688082,4.6597457,17.14486,342.65624
1942.5833,99.359959,17.875358,1.4054029e-05,1.3579702,4.5989053,0.28426849,13.031702,8.6441717,4.7103014,15.135954,257.56777
1942.6667,117.33676,18.260084,1.1476961e-05,1.0192682,2.6420679,0.16198225,13.922185,8.9943771,4.7864985,15.544213,195.53543
1942.75,123.54598,18.482856,9.5784808e-06,0.1857905,0,0,15.162948,9.5355301,4.8971686,11.006417,29.068756
1942.8333,121.45615,18.357811,8.9307832e-06,0.001539044,0,0,16.635435,10.312834,5.071835,9.3982764,3.5034482
1942.9167,118.89593,18.143754,8.1217804e-06,0,0,0,18.283432,11.322259,5.3248353,11.40763,5.8543182
1943,115.7416,18.038997,6.525504e-06,7.2167263e-08,0,0,19.906643,12.572808,5.6488848,9.1298849,6.4465369
1943.0833,108.41998,17.80569,6.4633305e-06,2.066294e-05,0,0,21.241285,14.0242,6.0063496,9.0099732,9.3954824
1943.1667,91.036171,17.528774,7.5435737e-06,1.0802328e-05,0,0,21.64307,15.46631,6.4072924,8.7262238,9.9973114
1943.25,77.410996,16.670056,9.48248e-06,0.00019743471,0.017350067,0,20.488956,16.725677,6.8257823,8.3273251,10.296172
1943.3333,71.891181,16.162775,1.0674727e-05,0.0014176897,0.17960218,0,19.194006,17.700151,7.1881304,7.9936635,11.515459
1943.4167,67.533709,16.549241,1.141832e-05,0.78633269,3.1822322,0.054785678,17.803951,18.37685,7.4782443,38.808694,48.551814
1943.5,71.810931,18.729689,1.8402496e-05,1.850133,6.7016385,0.17589227,16.72823,18.652132,7.7086225,27.55335,167.54002
1943.5833,82.288131,19.954866,1.5375263e-05,1.5031379,4.1470567,0.13169073,16.772097,18.837032,7.9099183,23.32116,181.57216
1943.6667,91.95476,20.33636,1.3382805e-05,1.0014418,0,0,17.681196,19.199692,8.070857,16.920264,114.41258
1943.75,93.524545,20.534843,1.1962687e-05,0.35810393,0,0,18.035141,19.556978,8.1990948,15.033236,23.631177
1943.8333,91.776334,20.456912,7.9541869e-06,0.001732915,0,0,18.033155,19.859459,8.3197041,11.805877,3.4614861
1943.9167,90.972483,20.305067,7.5588523e-06,3.0444456e-08,0,0,17.890329,20.121275,8.4635239,15.912596,5.9188002
1944,89.175001,20.481531,7.7310397e-06,3.9869748e-07,0,0,17.595732,20.340374,8.6342859,11.880368,9.5121686
1944.0833,87.947108,20.315276,7.8765488e-06,7.0662663e-05,0,0,17.169981,20.487558,8.8116312,11.81038,15.110208
1944.1667,86.054288,20.120047,8.0921291e-06,1.1975677e-06,0,0,16.436846,20.543787,8.9861784,11.715542,23.491094
1944.25,82.521118,19.837286,8.333941e-06,8.1085098e-06,0,0,15.131191,20.450487,9.1455193,10.780348,11.177631
1944.3333,75.55896,19.428954,9.0015747e-06,0.00041504668,0.062763612,0,13.371657,20.127403,9.2771749,10.171793,0.033072472
1944.4167,44.284791,16.74982,1.4070602e-05,0.26187089,1.2702,0.0053749915,8.7509193,19.338104,9.3730421,23.967817,9.4904656
1944.5,43.932199,17.921919,2.425819e-05,1.6925251,7.2913987,0.062099238,6.8531208,18.092512,9.5008478,22.777059,140.75281
1944.5833,44.641092,18.927049,3.3574932e-05,1.4430781,6.0853937,0.077187906,6.3398371,16.702824,9.6243687,27.474203,136.9842
1944.6667,36.219034,20.321092,3.8078404e-05,1.0058714,0.97409213,0.014375144,6.6475077,15.326602,9.6769886,32.138457,64.837009
1944.75,37.67895,21.13682,3.3379925e-05,0.27389245,0,0,7.2205796,14.048734,9.737607,15.940311,12.096178
1944.8333,38.367897,21.169649,2.0804659e-05,0.00020184412,0,0,7.6609564,12.896208,9.8340902,14.205724,1.9565986
1944.9167,38.837153,21.176338,1.394661e-05,0.00032867591,0,0,8.1723986,11.850935,9.9407139,17.842509,2.9962505
1945,38.230978,21.370864,1.4678801e-05,0.00033495825,0,0,8.2292547,10.882211,9.9929714,11.960095,0.5982141
1945.0833,37.42731,21.094527,1.5034277e-05,0.00011710998,0,0,7.8735223,10.03366,9.9595003,11.832598,0.98594616
1945.1667,35.897788,20.832844,1.5721873e-05,1.8135993e-05,0,0,7.4412427,9.2449827,9.8359537,11.703718,1.1381647
1945.25,33.192273,20.612471,1.6823409e-05,8.2529852e-05,0.0057962061,0,6.9270301,8.4762001,9.5982857,11.549538,0.037858332
1945.3333,26.765751,20.428712,2.0620568e-05,0.00030562654,0.11175372,0,6.5343838,7.7412825,9.2395439,11.473286,0.034687845
1945.4167,22.875322,20.771688,2.4334076e-05,0.51492045,2.1676565,0.021721448,5.9600353,7.0415993,8.8094254,41.691396,21.970259
1945.5,26.795825,23.201102,4.2322514e-05,2.2814785,8.0583914,0.16164053,5.1880231,6.4088402,8.3361654,28.810618,80.400295
1945.5833,33.169109,24.083117,4.3974847e-05,1.5818984,5.5039839,0.15616961,4.7925029,5.872189,7.7976542,21.638636,78.81685
1945.6667,38.353056,24.483403,3.687726e-05,1.234292,2.1803141,0.066837205,4.1061511,5.3932514,7.2545691,20.824629,81.751107
1945.75,42.030849,24.835404,3.0547319e-05,0.27026032,0,0,3.2728057,4.9482589,6.7027769,18.791891,60.251222
1945.8333,36.994275,24.997024,3.0534051e-05,0.00024659688,0,0,2.3633411,4.5355263,6.1900854,17.789415,76.214268
1945.9167,31.031922,25.06163,2.780143e-05,6.1119976e-21,0,0,2.1771314,4.1526098,5.7214131,22.497222,55.725197
1946,29.782906,25.491441,2.7184082e-05,3.2850703e-05,0,0,2.3031361,3.7998853,5.28332,15.467912,2.9334444
1946.0833,28.3216,25.073251,2.8183649e-05,8.2749232e-07,0,0,2.4398775,3.4962118,4.8958364,15.223434,4.413488
1946.1667,26.50534,24.693694,2.8749573e-05,2.3496789e-05,0,0,2.5277915,3.216604,4.527585,14.991493,6.486893
1946.25,24.439262,24.570141,2.9079129e-05,0.00015608376,0.049177673,0,2.4740429,2.9495091,4.1413221,14.748317,6.023536
1946.3333,21.982467,24.554793,3.2904201e-05,0.0041399629,0.39214852,0,2.4149151,2.6953065,3.787272,14.618504,9.206099
1946.4167,22.261323,26.104789,3.3440683e-05,1.3167527,4.5768933,0.071204975,2.300725,2.4632847,3.4708154,59.129816,72.819155
1946.5,33.281747,29.372482,4.2950509e-05,2.5322346,7.6017782,0.21454079,2.4325242,2.2997828,3.1919129,44.164331,195.52098
1946.5833,45.823004,30.588895,3.3655109e-05,1.814214,5.3128372,0.16587301,2.6990499,2.212244,2.9438705,25.652715,142.17663
1946.6667,54.357912,31.086838,2.7943286e-05,1.2922029,2.3850871,0.079054855,2.9007332,2.146069,2.737844,25.447308,106.86415
1946.75,60.885299,31.574711,2.2373226e-05,0.50103417,0,0,3.038522,2.0844004,2.5804949,24.786287,75.720046
1946.8333,64.172059,31.806134,1.9747067e-05,0.0048632441,0,0,3.0917423,1.9745992,2.4612813,21.479077,35.469516
1946.9167,66.263087,31.847514,1.8659804e-05,7.3520113e-05,0,0,3.0813448,1.9036361,2.3716204,30.079476,56.885025
1947,69.696888,32.32285,1.6960763e-05,9.2658327e-08,0,0,2.9521723,1.892808,2.3000691,20.939148,87.309016
1947.0833,69.426008,31.802054,1.3959168e-05,0.00026820377,0,0,2.6424243,1.9262834,2.2475183,20.189379,127.13087
1947.1667,63.159607,31.618275,1.381701e-05,0.00015723184,0,0,2.4005141,2.0083253,2.1957707,16.226067,35.736598
1947.25,49.208727,31.277873,1.5513138e-05,0.0015630991,0.047666421,0,2.4054022,2.1563206,2.1361296,15.520481,38.588615
1947.3333,46.200231,31.102976,1.6763483e-05,0.14241871,1.0869029,0,2.5171409,2.3426421,2.0635035,28.564323,20.833624
1947.4167,59.401087,34.539744,1.7012992e-05,2.5727135,8.2739373,0.17996264,2.8000829,2.5603271,2.010782,73.632435,405.65173
1947.5,96.459627,38.475066,1.014532e-05,2.9420554,8.5172324,0.2729511,3.7988684,2.8537476,2.0470178,69.137868,441.63218
1947.5833,124.10971,40.205941,2.7864551e-06,2.2198661,6.3389344,0.20399382,5.2947078,3.2969887,2.1497536,32.647171,324.61269
1947.6667,144.50954,40.684957,2.1452834e-06,1.3088541,2.4185946,0.078654304,7.3666782,3.9637878,2.3147762,33.080378,223.54687
1947.75,149.12069,40.953204,2.0919388e-06,0.14293974,0,0,10.02652,4.9988766,2.5263066,25.823293,29.551222
1947.8333,146.92223,40.659312,2.0832679e-06,0.002407114,0,0,13.273095,6.7832904,2.7597423,23.458694,23.938188
1947.9167,145.1931,40.34888,2.0306554e-06,0.00023955373,0,0,17.064234,9.2791615,2.9873018,30.268383,37.587518
1948,144.94261,40.538292,1.99891e-06,7.0059204e-05,0,0,21.194208,12.571705,3.1896331,22.779167,39.848053
1948.0833,145.12339,40.157881,1.9965219e-06,0.00058999327,0,0,25.429136,16.468943,3.3542273,22.616713,52.803387
1948.1667,146.31703,39.685085,1.9678216e-06,0.00091242746,0,0,29.670536,21.16127,3.488337,20.651639,63.452053
1948.25,148.50996,39.074466,1.9505376e-06,0.0010955765,0.2643995,0,33.541714,26.81278,3.5980265,18.884237,58.087869
1948.3333,145.79462,38.146365,1.9618949e-06,0.020723064,1.3048731,0,35.5695,33.095684,3.8570552,16.346433,3.1579415
1948.4167,142.36178,38.439151,1.9799813e-06,0.98537363,4.0700077,0.041949917,34.788044,39.259563,4.4179773,68.953943,105.25133
1948.5,164.33792,41.363198,1.8385718e-06,2.6351979,8.2161525,0.23541688,34.485523,44.212917,5.2086616,37.503716,465.02319
1948.5833,197.28316,41.714326,1.7034801e-06,2.1076233,6.4638759,0.23551946,36.823479,48.102581,6.1407566,33.748295,411.54856
1948.6667,222.44632,42.928893,1.5816361e-06,1.5886901,0,0,40.193939,51.904282,7.056664,45.157713,269.11414
1948.75,225.60063,42.816252,1.5387302e-06,0.12403412,0,0,42.926987,56.616131,7.8288984,22.886528,26.219461
1948.8333,220.67757,41.929051,1.5271132e-06,2.0523732e-05,0,0,46.044483,62.406239,8.4413118,20.017764,10.868457
1948.9167,215.6097,41.042037,1.5309295e-06,4.8825677e-07,0,0,49.71545,68.367188,8.8986988,20.763479,15.131413
1949,209.69181,40.021393,9.9770944e-07,8.8827869e-06,0,0,53.682949,74.616745,9.2082939,17.65797,9.0733055
1949.0833,202.74533,38.705949,1.0192946e-06,1.5945014e-05,0,0,57.52602,80.688881,9.3563595,17.265559,13.049278
1949.1667,195.90162,37.440952,1.0430172e-06,0.00024880628,0,0,60.816193,86.254868,9.3324652,15.865405,6.0040439
1949.25,189.28017,36.303408,1.0682822e-06,0.00019171112,0.066405953,0,63.737629,91.576393,9.1365919,14.837797,1.4875542
1949.3333,180.08037,35.105173,1.1158728e-06,0.0016248579,0.39861291,0,66.831062,96.383179,8.7788553,14.427638,1.3501688
1949.4167,150.47763,34.600336,1.2549422e-06,0.58702067,2.8056387,0.048908661,73.103455,100.63451,8.2488756,68.850357,10.541638
1949.5,152.74183,38.810063,1.3239012e-06,2.4614717,8.9726909,0.28735713,77.02697,105.61728,8.310091,44.234012,296.79997
1949.5833,171.49122,39.146509,1.3638202e-06,1.7105495,6.1509856,0.25136271,87.490387,110.79166,8.5111151,30.078579,283.78512
1949.6667,184.39509,39.195966,1.2709777e-06,1.2878534,4.6792276,0.20491522,99.033913,115.99915,8.4579363,28.965403,223.39619
1949.75,182.32276,39.895743,1.3030108e-06,0.43602617,0.10794292,0.0039685942,108.81074,121.30933,8.2195969,35.911577,42.652717
1949.8333,178.19317,39.298099,1.2996924e-06,0.012646415,0,0,114.56892,126.87804,7.9747076,17.849862,8.8419533
1949.9167,173.59754,38.355131,1.2431263e-06,5.7940751e-20,0,0,120.20022,132.75871,7.7472525,19.516933,14.564667
1950,169.27677,37.518471,2.0475923e-06,0.00081093015,0,0,125.3507,136.36031,7.5306749,16.705113,8.1348423
1950.0833,160.62431,35.704143,2.1079511e-06,4.110486e-06,0,0,128.45647,137.42647,7.3351903,15.832845,8.3549277
1950.1667,151.40072,33.791073,2.1368273e-06,0.0005470981,0,0,131.26514,138.14622,7.1471186,13.780651,0.0091066836
1950.25,143.99618,32.741137,2.189189e-06,0.0025242532,0,0,130.68205,138.8221,6.9518747,13.357077,0.078389227
1950.3333,134.25256,31.606231,2.2763113e-06,0.066168312,0.95655367,0,125.86555,142.69058,6.7591205,13.789094,4.4830039
1950.4167,124.26729,32.046247,2.3714849e-06,0.91315277,4.5610588,0.069842677,120.13542,149.02501,6.5897551,70.218716,33.238947
1950.5,130.0641,35.42193,2.4813494e-06,2.1665332,9.4765928,0.30067093,122.63416,154.51999,6.4535565,39.212519,266.43463
1950.5833,145.41575,36.13079,2.3719911e-06,1.5751815,6.9128251,0.27537453,130.35374,159.45473,6.3510284,31.86209,255.63027
1950.6667,158.04426,36.999077,2.2358129e-06,1.5739514,1.2761648,0.049898863,135.96405,163.73982,6.2683949,38.27411,203.78037
1950.75,162.82743,37.626479,2.1576966e-06,0.67229205,0,0,136.77815,167.47198,6.3015628,33.639257,52.118794
1950.8333,159.67923,37.591606,2.1606593e-06,0.034206523,0,0,134.06026,170.68707,6.3965492,19.313051,9.429093
1950.9167,155.46961,36.847293,2.1967264e-06,0.00061990945,0,0,131.2337,173.42897,6.4682317,19.240309,15.702518
1951,148.05666,35.264324,2.2934646e-06,3.1005961e-07,0,0,125.76908,172.71452,6.5192761,16.172509,9.4887614
1951.0833,138.49622,33.119287,2.4041437e-06,0.00014472034,0,0,119.18439,165.84048,6.5260181,15.248943,9.0466177
1951.1667,132.11519,32.13666,2.4380984e-06,0.00010276277,0,0,115.32463,158.95193,6.505703,14.468905,7.2952547
1951.25,124.04124,31.035859,2.4262563e-06,0.0018425544,0,0,109.93824,152.04836,6.4629779,12.964571,0.80472233
1951.3333,117.63458,30.096792,2.4978706e-06,0.1105179,0.77406548,0,103.52054,145.29132,6.3973994,19.314329,0.90107462
1951.4167,103.34507,31.984698,2.6935224e-06,1.3324468,7.5144441,0.15898249,101.02659,143.54138,6.3359885,70.309047,84.328879
1951.5,105.5031,34.778807,2.8642091e-06,1.6329426,8.6060644,0.33118763,105.11015,145.75595,6.3858943,47.506688,168.17054
1951.5833,107.83809,36.359314,2.8404743e-06,1.2481243,6.4376196,0.28774698,113.00435,148.05434,6.466157,37.387463,141.30967
1951.6667,112.97493,37.221607,2.2483778e-06,1.4409497,1.7685372,0.077460654,113.73383,150.54097,6.44877,37.987463,133.09414
1951.75,116.45109,37.610456,2.1350422e-06,0.21781049,0,0,110.41921,152.65868,6.5559669,25.35415,22.12324
1951.8333,114.86983,37.364118,2.1135506e-06,0.0059054819,0,0,105.86714,154.1041,6.671165,23.670532,12.436175
1951.9167,113.45993,37.108697,2.0596342e-06,6.8241767e-05,0,0,101.25452,154.87347,6.7360902,27.112001,21.938601
1952,108.58981,36.759835,2.1271014e-06,1.4351686e-09,0,0,97.226158,153.0424,6.7513433,18.062383,22.032753
1952.0833,103.36435,35.90418,2.1881283e-06,1.3256448e-05,0,0,92.925026,145.04472,6.7169724,21.103847,29.131318
1952.1667,96.935131,35.254683,2.2485244e-06,6.4427023e-05,0,0,88.48558,137.03323,6.63482,16.903104,23.766654
1952.25,92.247568,34.244396,2.2919824e-06,-0.00023122115,0.063458375,0,78.320267,131.72128,6.6471281,15.438166,10.087564
1952.3333,66.941194,30.909277,2.7250373e-06,0.00038315298,0.39768448,0,43.433746,126.80596,6.880692,13.584089,16.472436
1952.4167,46.08291,28.372167,3.5380619e-06,0.23017107,2.1360114,0.018490437,13.432078,117.68544,6.7329583,39.013241,10.066719
1952.5,57.880241,31.288497,3.1776385e-06,1.565566,9.7544222,0.32044574,12.069831,108.21613,6.5517154,45.823763,255.60805
1952.5833,76.044403,32.155413,2.7548613e-06,1.0992097,6.6626958,0.31144663,11.651635,99.220863,6.3957205,26.103906,193.84964
1952.6667,90.882912,32.494284,2.462124e-06,1.1466477,2.6748478,0.12381446,11.471039,91.076553,6.268177,27.656273,216.70332
1952.75,103.555,32.850835,2.2380623e-06,0.38417135,0,0,11.215369,83.6959,6.1623559,24.136584,90.428465
1952.8333,105.05235,32.454431,2.2175755e-06,0.031231938,0,0,10.929142,76.976265,6.0876389,15.773335,13.489825
1952.9167,101.87425,31.880893,2.2296747e-06,0.00011094809,0,0,10.893536,70.893143,6.055748,18.322098,21.819921
1953,94.992504,31.276733,1.4978993e-06,1.6699764e-19,0,0,11.409846,65.398239,6.0658431,14.51569,18.595677
1953.0833,91.410071,29.506393,1.451812e-06,-1.1519593e-08,0,0,11.747167,61.019459,6.1136112,13.197738,14.255509
1953.1667,87.264515,27.87192,1.5073579e-06,-0.00066036966,0,0,12.062551,57.501854,6.184721,11.398089,0.0017666233
1953.25,82.245126,25.830178,1.5945386e-06,0.047570474,0,0,12.342236,54.658089,6.2609153,11.301393,0.0011846992
1953.3333,79.893656,25.475077,1.6510148e-06,0.44303248,3.9859062,0.044356972,12.760541,52.516617,6.3270717,41.631144,22.98116
1953.4167,86.262114,28.13345,1.7166749e-06,1.2389726,10.255799,0.24035348,14.433327,50.875179,6.3678746,43.533209,175.42964
1953.5,99.85549,28.964711,1.9228316e-06,1.3240582,9.9154665,0.35101336,17.855873,49.234585,6.3637948,22.902189,188.8794
1953.5833,110.83902,29.15632,1.724265e-06,0.91683553,6.5470833,0.27690431,21.351191,47.773846,6.3224673,21.538092,133.22063
1953.6667,114.67186,29.572066,1.7268356e-06,1.1358953,2.1493489,0.086460458,24.668989,46.841953,6.2575393,33.251135,146.00679
1953.75,118.73255,30.275129,1.6659905e-06,0.3231409,0,0,27.246748,46.435249,6.2014389,21.407915,56.759402
1953.8333,118.77076,29.847797,1.2727523e-06,0.00011834513,0,0,28.859642,46.945419,6.1696587,19.213008,55.45579
1953.9167,114.65845,28.597087,1.2131959e-06,-2.065553e-10,0,0,30.467323,48.883839,6.1705136,16.136501,15.363986
1954,106.732,26.078993,2.0598088e-06,0,0,0,32.100151,52.149166,6.2194529,11.34223,8.0951667
1954.0833,98.996729,22.998231,2.2330719e-06,-7.7840893e-07,0,0,33.611031,56.334583,6.3328362,10.042071,12.23843
1954.1667,92.025481,20.259097,2.3475193e-06,-5.1970402e-08,0,0,34.9855,61.387733,6.496614,8.4782373,5.2236791
1954.25,84.77433,17.868824,2.4767412e-06,-1.4121285e-08,-0.00022535529,0,35.735092,67.499245,6.7002125,7.3036699,0.45280138
1954.3333,79.733565,16.883349,2.5782886e-06,0.11133237,1.4952676,0.0067044538,35.934235,73.493774,6.889204,13.773824,2.5816953
1954.4167,80.083303,18.437035,2.6229163e-06,0.95598772,10.686902,0.16381187,34.931099,79.46846,7.0043311,40.973363,121.75205
1954.5,90.0013,18.832317,3.0331732e-06,0.85239336,9.3195439,0.23215655,38.125729,85.952309,6.954103,15.586965,156.95554
1954.5833,97.539708,18.654497,2.9906744e-06,0.68145249,7.6094281,0.20939841,42.025352,94.335876,6.948401,14.264105,114.22904
1954.6667,93.88151,18.479818,3.054422e-06,0.49541759,4.270945,0.11892271,45.69479,102.6965,6.8574114,16.253709,74.245474
1954.75,82.419164,18.803837,3.2804687e-06,0.28338003,0,0,49.273697,110.53111,6.6780343,14.351555,27.892278
1954.8333,70.485666,18.62042,3.5234477e-06,0.0094453197,0,0,52.068005,118.45506,6.4276352,9.4333715,13.064508
1954.9167,65.05204,18.127322,3.393541e-06,2.2608549e-19,0,0,51.089317,126.35717,6.1806493,8.2547505,4.7416817
1955,60.356908,17.567245,3.4708403e-06,0.00010895198,0,0,50.123528,133.91235,5.958703,7.2944481,0.1816427
1955.0833,54.629896,16.957877,3.6842303e-06,2.2680357e-05,0,0,49.559437,140.77272,5.7723627,7.0096676,0.071296461
1955.1667,45.639321,16.24131,4.0489331e-06,1.9599387e-05,0,0,42.210449,147.01797,5.6094174,6.7167704,0.071806165
1955.25,36.265258,15.56133,4.6460937e-06,-1.9325457e-05,-7.6450755e-07,0,32.830723,151.46394,5.4714246,6.3682916,0.05348668
1955.3333,31.296097,14.962309,5.2591918e-06,0.030733933,0.89111459,0,31.78027,154.84169,5.3628931,8.2382975,0.032233091
1955.4167,29.456316,16.095076,5.7880225e-06,0.48129067,6.4697971,0.045529351,32.716736,158.21371,5.2749395,47.180828,13.358447
1955.5,30.876499,17.880023,6.7251353e-06,0.67184965,8.8460746,0.11079041,36.637955,162.6032,5.2226701,20.907559,55.292267
1955.5833,35.594534,17.909778,7.0844085e-06,0.57614708,7.6665978,0.12225369,42.708771,167.54832,5.3593564,14.724453,64.167643
1955.6667,42.032029,18.342558,6.014347e-06,0.88543677,0.73999223,0.011163381,46.946171,172.64709,5.5430951,20.654074,95.412142
1955.75,44.612553,18.609306,5.4525731e-06,0.21958229,0,0,48.823071,177.72546,5.6974587,13.747007,15.285935
1955.8333,44.547334,18.684207,4.4645753e-06,3.1382068e-05,0,0,49.3978,182.75145,5.8354077,13.054574,10.141423
1955.9167,45.306262,18.729446,4.231294e-06,4.0809338e-06,0,0,49.635612,187.74475,5.9583554,15.093616,13.538937
1956,46.396933,18.851861,4.2446045e-06,2.2828742e-07,0,0,48.522434,192.66362,6.0734053,11.160513,18.860073
1956.0833,47.48087,18.476471,4.2772463e-06,2.9262582e-07,0,0,45.539078,196.72458,6.1783838,10.870771,27.048701
1956.1667,47.74233,17.90433,4.2522101e-06,1.2381277e-07,0,0,42.448761,199.93648,6.2777009,8.1784533,9.3059506
1956.25,45.726236,17.374976,4.3330356e-06,-5.5465364e-05,0.092980708,0,38.211689,202.31564,6.3772163,7.3126749,1.1250497
1956.3333,30.293878,15.771976,5.9592958e-06,0.00049577799,0.65368147,0,5.7447548,193.06854,6.4258251,6.576866,0.3152946
1956.4167,26.576329,15.387976,6.7171845e-06,0.16330657,3.0175739,0.0049803098,4.4668851,175.42216,6.4129786,24.487968,7.5156552
1956.5,26.871186,16.623098,7.2591311e-06,0.52453875,10.40319,0.050631385,4.045599,159.07861,6.395812,25.859615,71.492467
1956.5833,27.848206,16.797686,9.2115424e-06,0.32121818,6.5714917,0.05254163,4.4035892,143.9697,6.3891764,14.519331,38.081754
1956.6667,30.602215,16.618092,8.3633859e-06,0.36936598,4.2159192,0.039005492,4.9594779,130.64799,6.3961101,13.214758,56.623545
1956.75,33.012651,16.591316,7.3960346e-06,0.077671249,0,0,5.5108871,118.82581,6.4220004,9.4744633,7.0767116
1956.8333,31.227008,16.28126,7.2148646e-06,9.3709606e-05,0,0,5.9491515,108.35418,6.4657226,6.9333926,0.59906954
1956.9167,28.670534,15.933659,6.4991959e-06,3.9447945e-21,0,0,6.248497,99.128235,6.525661,7.1445027,0.55419319
1957,25.108144,15.621852,7.0893484e-06,0.00012782726,0,0,6.3877463,90.871216,6.5993891,6.650122,1.1330458
1957.0833,23.169385,15.30362,7.631832e-06,1.9314572e-05,0,0,6.3049803,83.853874,6.6812243,6.5207811,2.6457172
1957.1667,22.602204,14.994042,7.7175e-06,-4.1131194e-06,0,0,5.9562526,77.51297,6.7883115,6.3887715,4.5967854
1957.25,22.071583,14.653365,7.722273e-06,4.0919326e-05,0.14770181,0,5.4606647,71.534958,6.9130712,6.2155698,6.5478725
1957.3333,21.049455,14.089555,8.1353119e-06,0.00024729281,0.80307859,0,4.7269802,66.049362,7.0177717,5.7823388,2.0157131
1957.4167,19.8799,14.036915,8.8550187e-06,0.2691779,6.1409389,0.016449009,3.9623616,60.953575,7.0996504,35.465581,17.263752
1957.5,23.638025,15.27205,9.4083234e-06,0.47751609,10.032625,0.058017928,3.450609,56.140862,7.1123881,18.187267,85.876458
1957.5833,30.57177,14.778158,8.724659e-06,0.38545787,8.5045988,0.086645273,3.5779622,51.622337,7.0038009,11.875346,75.717924
1957.6667,34.457419,14.332124,7.7378199e-06,0.27000741,4.610549,0.061563113,3.6817071,47.64407,6.7800326,11.825491,43.790547
1957.75,37.970699,14.273509,6.8997333e-06,0.21575138,0,0,3.7466128,44.147255,6.4464936,10.970733,30.716936
1957.8333,34.054752,14.111585,7.3072133e-06,0.010237468,0,0,3.8514781,41.118332,6.0188913,5.9113689,0.35545893
1957.9167,25.44071,13.775762,9.3137978e-06,3.1090092e-05,0,0,3.9346335,38.450287,5.5215597,5.8104228,0.71506329
1958,23.936134,13.457107,9.5707019e-06,3.9156237e-05,0,0,3.766382,35.96347,5.0123682,5.5321584,0.63046627
1958.0833,23.208015,13.170986,9.2074943e-06,0.00014229143,0,0,3.4724939,33.724907,4.5685964,5.3972252,0.27434266
1958.1667,21.086207,12.892118,9.674598e-06,0.00025405471,0,0,2.8378174,31.532581,4.1628308,5.3026583,0.17331675
1958.25,15.897742,12.627493,1.2310356e-05,0.0010168159,0,0,2.3601098,29.211075,3.7781909,5.1593012,0.09094474
1958.3333,8.1112655,12.280227,2.2359269e-05,0.0028843609,0.97216,0,2.0462863,26.756729,3.4259434,4.9890427,0.015826566
1958.4167,2.5404866,12.373171,6.6713488e-05,0.26304825,6.0731566,0.035077271,1.8628364,24.285658,3.102459,40.078435,1.4293681
1958.5,1.7672635,14.107304,0.00011442767,0.53307227,10.781405,0.16267978,1.8911649,21.949064,2.8059092,30.394377,5.371186
1958.5833,3.3837389,14.62194,6.9914691e-05,0.50661506,8.3476511,0.15061739,1.9930949,19.826971,2.5367963,15.133283,11.180887
1958.6667,5.2609215,14.323119,4.4499768e-05,0.36770535,4.1678912,0.078280414,2.035543,17.988987,2.3082108,11.48974,10.084294
1958.75,7.2120829,14.376482,3.0769032e-05,0.047106124,0,0,1.9424872,16.371283,2.1125839,10.908881,12.094599
1958.8333,9.3694944,14.464937,2.3758019e-05,0.00094115505,0,0,1.9155091,14.973063,1.9489537,10.174173,17.634228
1958.9167,11.070022,14.428016,2.0084541e-05,7.1201951e-06,0,0,1.8978671,13.816878,1.8178306,9.5853875,10.747496
1959,12.391059,14.500451,1.774462e-05,1.3472162e-21,0,0,1.8426983,12.784093,1.7165239,7.5967789,12.460793
1959.0833,13.76686,14.46562,1.573282e-05,9.4134666e-05,0,0,1.7840533,11.897718,1.6454159,7.5281055,19.143852
1959.1667,15.121367,14.328086,1.3915113e-05,-7.4728875e-07,0,0,1.7042201,11.083906,1.5855743,7.3964166,27.071665
1959.25,15.756207,14.189266,1.2499063e-05,2.3812315e-05,0.1925415,0,1.628172,10.295423,1.5284083,6.4294235,13.428872
1959.3333,14.482288,14.100256,1.3290731e-05,0.00065117879,1.3231737,0,1.5697916,9.534214,1.4717996,5.7671572,0.00043283758
1959.4167,13.811744,14.685992,1.4169886e-05,0.30944467,5.3098665,0.043625989,1.557168,8.803299,1.410288,31.104963,41.342862
1959.5,20.638805,16.768385,1.1107858e-05,0.66352412,9.7367171,0.19909105,1.7966809,8.1891184,1.3403792,22.619605,119.78746
1959.5833,28.20326,17.474098,9.7178836e-06,0.58168672,8.1860642,0.2160636,2.3393695,7.706584,1.2575407,14.247886,98.784049
1959.6667,32.402318,18.110532,8.3894247e-06,0.64342989,2.9620034,0.07578733,3.1202035,7.4223833,1.161358,19.07358,62.931733
1959.75,34.616418,18.805725,7.3375677e-06,0.15693658,0,0,3.9153154,7.3614402,1.0668914,13.999193,7.678349
1959.8333,34.883954,19.037591,5.9600443e-06,0.0001099587,0,0,4.7841187,7.534934,0.98625576,12.387586,4.8754612
1959.9167,35.252217,19.238522,5.5991391e-06,5.3219664e-07,0,0,5.7531404,7.9479818,0.91908985,18.593137,9.4844242
1960,35.983428,19.803416,5.5255496e-06,1.5059538e-06,0,0,6.7336864,8.6000557,0.86471999,13.112328,16.155504
1960.0833,36.930021,19.85991,5.4322272e-06,4.0818733e-05,0,0,7.6760898,9.417613,0.82809162,9.8740543,11.320761
1960.1667,37.059981,19.723425,5.4203551e-06,3.388734e-07,0,0,8.4726954,10.399929,0.80910766,8.7107003,7.9970588
1960.25,36.228199,19.539025,5.5257697e-06,3.0447078e-05,0.018841101,0,8.3667517,11.41196,0.80902219,8.2699842,0.47389028
1960.3333,34.995608,19.42019,5.8120577e-06,0.026621885,1.2256356,0,8.1504068,12.462986,0.82936633,9.5036047,0.47827849
1960.4167,33.600736,20.789858,6.0743105e-06,0.53209589,6.8512973,0.091983231,7.8553195,13.481611,0.86787373,45.004252,42.337213
1960.5,39.75936,22.859167,6.3482948e-06,0.87990668,10.282839,0.29415243,8.2353296,13.880146,0.92322928,22.331854,125.74025
1960.5833,49.260717,23.52538,6.0306043e-06,0.74249867,8.5401159,0.27330189,9.1085501,13.545243,0.99785066,19.264854,121.13644
1960.6667,58.777325,24.070913,4.9793593e-06,0.7988097,2.3317291,0.068692672,9.7087393,13.320855,1.0907121,19.544188,157.96514
1960.75,66.374652,24.43189,4.3469522e-06,0.18474676,0,0,9.9949465,13.260244,1.2006143,14.268861,33.68201
1960.8333,65.402627,24.33167,3.571972e-06,0.00083412147,0,0,10.355366,13.362551,1.3415673,11.708508,3.733735
1960.9167,64.254142,24.193322,3.4828463e-06,0.0010089144,0,0,10.822089,13.672503,1.5229473,12.958958,6.5569415
1961,63.485168,24.109527,3.5184928e-06,0.00041983989,0,0,11.193958,14.204103,1.7525096,10.775317,7.669708
1961.0833,62.848449,23.828639,3.5002163e-06,0,0,0,11.497146,14.899334,2.01425,11.359184,12.616489
1961.1667,60.749181,22.988303,3.5787145e-06,-0.00086097032,0,0,11.653378,15.838739,2.3186893,10.786744,8.132865
1961.25,59.682034,22.51422,3.6875929e-06,8.5420121e-05,0.042282521,0,11.782169,17.024809,2.668915,10.551937,12.431568
1961.3333,59.014145,22.177469,3.7954724e-06,0.033568468,0.60452448,0.00065885617,11.726803,18.335108,3.0064406,9.5283048,3.616642
1961.4167,61.653141,23.755386,3.7473794e-06,0.92069303,9.7420483,0.18884034,11.832418,19.813662,3.306895,45.618744,115.51614
1961.5,73.753707,24.763949,4.0716004e-06,0.92117617,9.3467474,0.31212486,13.020297,21.351351,3.5727456,19.864044,174.43219
1961.5833,87.801933,24.958024,3.903619e-06,0.8045136,7.9818406,0.29499371,15.015043,23.025589,3.8106868,15.985634,183.02641
1961.6667,100.10079,24.995169,3.4887278e-06,0.56956912,4.6515667,0.1811274,17.088493,24.851196,4.0149641,26.012321,138.65195
1961.75,104.66745,26.400743,3.2085743e-06,0.18938507,0,0,18.607037,26.927969,4.1907821,21.143998,21.346054
1961.8333,103.09903,25.966536,2.9848009e-06,0.0046055531,0,0,19.910652,29.307163,4.3403873,10.619713,1.802678
1961.9167,101.23079,25.456153,2.7313154e-06,5.9695791e-08,0,0,21.319553,32.048363,4.4634686,10.441283,0.71139365
1962,98.612808,24.765333,2.7358039e-06,9.3067013e-05,0,0,22.659241,35.225712,4.5588574,10.063141,0.23875239
1962.0833,96.875407,24.308618,2.7567633e-06,0.0042974806,0,0,23.99794,38.599121,4.6173282,9.8795924,0.40356369
1962.1667,94.850279,23.826791,2.7965962e-06,0.0026969801,0,0,25.018108,42.206051,4.6367559,9.6829396,0.69199509
1962.25,88.675767,22.950169,2.8643626e-06,-0.00068413989,-6.2876374e-07,0,24.40416,46.119827,4.6090355,9.3113652,0.64187537
1962.3333,76.115161,21.38163,3.1985833e-06,0.10515165,1.2412799,0.00665088,22.7556,50.123535,4.5253224,12.725682,0.033125274
1962.4167,74.292481,22.995366,3.3309111e-06,0.9219863,10.489635,0.2314564,22.683578,53.452946,4.3706923,43.269278,87.815513
1962.5,71.687363,24.337508,4.386497e-06,0.98737159,10.691123,0.40426102,26.248899,56.039097,4.1337276,26.924757,186.27336
1962.5833,80.942944,25.160167,4.1719331e-06,0.78735654,8.3678647,0.35077789,29.520117,58.152168,3.8566623,22.724867,156.94483
1962.6667,79.248086,25.68776,4.0703462e-06,0.7348862,3.2076566,0.12512047,31.562359,59.880478,3.6108661,24.163683,82.331795
1962.75,74.845105,26.399735,4.0736581e-06,0.2538218,0,0,33.101856,61.386234,3.394912,22.400024,10.19262
1962.8333,73.797889,26.336823,3.350639e-06,0.00030396628,0,0,33.626717,62.801434,3.2117209,11.51793,0.19942343
1962.9167,71.478039,25.494127,2.8250113e-06,0,0,0,33.983101,64.2005,3.0594425,14.319336,0.34862974
1963,67.664109,24.491757,2.9622809e-06,0,0,0,34.041348,65.880272,2.9323273,9.9729991,0.074207516
1963.0833,63.993171,23.305979,3.0980611e-06,0,0,0,33.84446,67.518814,2.8340786,9.4558877,0.03764813
1963.1667,60.093429,22.184465,3.2444232e-06,0,0,0,33.354717,68.970566,2.7548001,9.0004211,0.048306112
1963.25,55.686031,21.077713,3.4540276e-06,-9.304717e-08,-4.5424239e-05,0,31.993561,70.145477,2.687614,8.5496688,0.036803332
1963.3333,50.882921,20.014932,3.6823371e-06,0.0053647319,0.087757945,0,30.409172,70.880249,2.6337371,8.2129786,0.038790023
1963.4167,46.859503,20.772506,4.0955465e-06,0.55406807,6.4528955,0.075344778,29.574118,71.183716,2.595191,46.577649,27.009628
1963.5,51.000129,23.19077,4.2409461e-06,0.89488667,9.6312917,0.19979369,30.452116,71.042137,2.5685256,27.275871,110.524
1963.5833,59.366122,23.708221,5.0601111e-06,0.65848554,6.9314068,0.20210782,31.817257,70.646744,2.5529611,18.222972,100.06278
1963.6667,66.65872,24.124118,4.8394604e-06,0.78774736,3.63686,0.1117158,32.86166,70.15715,2.5513313,21.312959,89.746011
1963.75,70.511177,24.5349,4.2683032e-06,0.20326757,0,0,33.159477,69.607269,2.5646563,17.067613,30.962111
1963.8333,71.349397,24.482271,2.8667705e-06,1.5340718e-06,0,0,32.42186,69.039734,2.5945997,16.212358,35.025935
1963.9167,71.441039,23.805559,2.7191459e-06,0,0,0,31.084085,68.469177,2.6439505,15.750382,41.517393
1964,70.572279,22.860568,1.6883143e-06,-3.0363412e-11,0,0,29.729338,67.94072,2.7188666,9.561841,19.772129
1964.0833,67.410499,21.636022,1.6996796e-06,-1.316834e-06,0,0,28.506109,67.379799,2.8178649,9.0772181,3.4854969
1964.1667,63.769296,20.401711,1.7626735e-06,-4.0571225e-05,0,0,27.054789,66.7341,2.9434721,8.4117907,2.8310777
1964.25,60.706571,19.399503,1.8321484e-06,-0.0006903522,-7.0093433e-05,0,25.228405,65.927536,3.0937674,7.8556672,0.014163556
1964.3333,57.59038,18.415688,1.9480783e-06,-0.0001175357,-0.0010270217,0,22.753189,64.919296,3.2631869,7.4526538,0.00079041017
1964.4167,55.26669,17.986631,2.1599278e-06,0.23680434,3.1372112,0.019232247,21.083315,63.793156,3.4509618,29.226391,6.4834697
1964.5,60.283661,20.163331,2.249767e-06,0.87765279,10.051579,0.12956568,20.13765,62.424519,3.6536932,27.931954,125.49882
1964.5833,69.697976,20.853166,3.2386254e-06,0.70913533,7.9327224,0.14612691,20.588882,60.836357,3.8740411,17.340336,103.81624
1964.6667,75.556397,21.213569,3.2425464e-06,0.55580839,4.1287373,0.088860804,21.033083,59.247116,4.1051893,19.877933,88.5159
1964.75,83.538488,21.80283,2.8366992e-06,0.42193611,0,0,20.816624,57.69146,4.351366,17.204018,90.431497
1964.8333,85.256346,21.602606,1.8373468e-06,8.5278072e-05,0,0,20.368969,56.189823,4.6171169,10.623307,18.473322
1964.9167,82.421221,20.590855,1.3655608e-06,0,0,0,19.77878,54.805023,4.9092345,8.5395862,3.554764
1965,78.973897,19.520765,1.4518357e-06,0,0,0,19.128817,53.492336,5.2352057,7.8994401,0
1965.0833,73.104516,17.888121,1.5366002e-06,0,0,0,18.232635,52.31715,5.5718026,7.2385764,0
1965.1667,68.471871,16.554581,1.6285571e-06,-1.7744381e-05,0,0,17.395708,51.198593,5.9146814,6.6988005,0
1965.25,65.861158,15.709084,1.7262226e-06,-0.0001832505,0,0,16.807484,50.067596,6.2382126,6.3566016,0
1965.3333,61.330818,14.893432,1.819776e-06,-0.0016001629,-0.00024236024,0,16.020367,48.929138,6.5251632,6.026473,0
1965.4167,54.740038,14.276297,2.1149058e-06,0.11327907,1.7733221,0.0055063925,15.712495,47.722168,6.7728176,15.821988,0.0011909802
1965.5,48.808981,16.37724,2.4037913e-06,0.76884173,9.6125927,0.0822884,16.617645,46.369335,6.9766884,38.947884,50.48888
1965.5833,48.119374,17.520426,3.8746393e-06,0.60982125,7.0612695,0.08596793,19.363514,45.093418,7.1382971,15.856657,46.775683
1965.6667,50.145797,17.776325,4.6885266e-06,0.43374753,4.170648,0.059649449,21.520733,43.862934,7.2434549,19.68858,29.382649
1965.75,51.619593,18.40749,3.8667722e-06,0.084752276,0,0,22.421658,42.848526,7.2938199,11.366221,14.025271
1965.8333,50.882842,17.964024,2.337043e-06,0.0048305058,0,0,22.527809,42.023167,7.2874022,9.3156787,4.4060607
1965.9167,47.724135,16.508633,2.3937491e-06,-9.9933297e-26,0,0,22.663624,41.612732,7.2301579,11.167814,9.553488
1966,40.622201,13.334,2.5202121e-06,0,0,0,22.812878,41.642498,7.1763711,7.3847454,7.3109852
1966.0833,35.933845,11.930588,2.711927e-06,-3.5996116e-07,0,0,22.850714,42.464001,7.126308,6.7472509,10.348667
1966.1667,29.627733,11.414127,3.099135e-06,-0.00016003705,0,0,22.584909,41.831146,6.9885092,6.4444252,14.496427
1966.25,24.178475,10.93074,3.6002343e-06,-0.00055332926,-4.1830845e-05,0,21.942587,40.529457,6.7957349,6.1738083,20.577018
1966.3333,20.730341,10.371079,4.170156e-06,-0.00038526854,-0.00064087738,0,19.985538,42.152512,7.1302981,4.2305534,0.21387031
1966.4167,18.962337,10.000057,4.9127693e-06,0.052532623,1.0441542,0.0025971321,19.674654,44.222813,7.5866132,9.4750498,1.0117951
1966.5,21.412587,11.19582,5.0014673e-06,0.56810054,9.5644371,0.091111279,19.214352,46.079498,8.0068398,21.671776,76.882843
1966.5833,26.872985,11.674503,7.6500182e-06,0.50604325,8.3452729,0.10897882,20.83252,47.837353,8.4260864,10.351609,70.533299
1966.6667,33.601306,12.030888,7.0745318e-06,0.54803224,2.1606541,0.028723247,22.736662,49.480488,8.7976065,13.596525,97.712367
1966.75,40.750332,12.323696,5.6037247e-06,0.16433367,0,0,23.223768,51.073666,9.1331196,8.6051182,34.935762
1966.8333,41.881543,12.329182,3.7862283e-06,0.0016736407,0,0,23.04986,52.68042,9.4392538,7.4745389,1.5295901
1966.9167,42.251334,12.267857,3.38068e-06,1.5367835e-05,0,0,22.826248,54.350636,9.7227116,7.5027253,1.0581313
1967,41.302215,11.867506,3.1187346e-06,0,0,0,22.230963,56.11129,9.9353371,6.1132918,1.3465969
1967.0833,40.246956,11.413438,3.057612e-06,-7.1418901e-08,0,0,21.49218,57.828529,10.063098,6.5710859,1.3616635
1967.1667,39.124858,10.988232,3.0750591e-06,-3.2644013e-06,0,0,20.346371,59.455566,10.147327,6.3280248,1.577754
1967.25,37.555259,10.550385,3.1942343e-06,-0.00015827602,-0.0001675372,0,18.79266,60.8615,10.185526,5.6338499,1.3379399
1967.3333,35.259623,10.039873,3.4772627e-06,0.016332753,0.52387005,0,15.458989,62.008484,9.8913469,4.7514461,0.013538875
1967.4167,33.855889,10.303546,3.8379153e-06,0.3179951,6.2075763,0.035061053,15.028106,62.80352,9.2082767,18.867086,14.422207
1967.5,34.876984,11.099078,5.1628854e-06,0.48337435,9.2844203,0.099650924,16.304142,63.319313,8.6880054,10.01213,50.618043
1967.5833,37.521485,11.271997,6.9232683e-06,0.41492861,8.0781592,0.10007609,17.88764,63.62397,8.2393637,9.2503323,55.657127
1967.6667,39.73452,11.557208,6.3575426e-06,0.55803742,2.1821738,0.025767052,18.912893,63.813087,7.8289523,12.123264,50.111773
1967.75,36.460619,11.927403,6.034581e-06,0.151456,0,0,19.607738,63.989128,7.4028058,9.2242598,11.561847
1967.8333,32.384384,11.815854,3.875582e-06,0.00018300528,0,0,19.440655,64.094513,6.9550362,6.6898777,4.0432292
1967.9167,30.437298,11.408915,3.2890828e-06,0,0,0,18.63833,64.087738,6.5267339,9.0545295,6.891801
1968,29.342107,11.21255,3.5492424e-06,-1.362064e-11,0,0,17.625923,63.938541,6.1178403,6.4030437,7.7037475
1968.0833,28.64784,10.733469,3.5678233e-06,-1.5058231e-07,0,0,16.376192,63.602791,5.7630124,6.1272056,10.974074
1968.1667,28.174268,10.354739,3.599715e-06,-5.7383787e-08,0,0,15.051486,63.010307,5.4431477,5.7620301,14.135986
1968.25,26.881054,9.9472422,3.7431059e-06,-2.7330843e-06,-2.9684104e-08,0,13.552342,62.154022,5.1481214,4.3239186,0.10432219
1968.3333,24.521433,9.5048929,4.2085076e-06,0.0019027873,0.043626934,0,11.622479,60.988831,4.877636,4.1391542,0.0030545434
1968.4167,20.636993,9.6027954,5.1075308e-06,0.17759307,4.1815341,0.02869241,9.8310261,59.461441,4.5593395,20.887973,4.3489364
1968.5,14.720447,11.089827,8.9732966e-06,0.42416537,9.7889472,0.13430193,9.423048,57.553509,4.3396053,15.770762,21.901831
1968.5833,14.68115,11.700727,1.6152339e-05,0.3479909,7.6661281,0.12373085,6.6567779,55.351704,4.1205082,12.86848,36.677773
1968.6667,17.822143,12.258524,1.2897153e-05,0.39755622,3.0410408,0.048193774,4.9339995,52.99802,3.993237,13.593111,59.45577
1968.75,20.831792,12.607109,9.9965791e-06,0.074356654,0,0,4.8550267,50.6134,3.9354057,8.3500505,6.1942965
1968.8333,21.3122,12.626632,7.8066942e-06,0.0025084307,0,0,4.5403657,48.240749,3.7661262,6.7979881,0.92311998
1968.9167,18.901557,12.456053,6.0709049e-06,-4.8562976e-16,0,0,4.1426916,45.875721,3.6105368,8.7733587,1.7978904
1969,16.190991,12.156959,6.3220941e-06,-3.4789665e-07,0,0,3.9509525,43.479038,3.4700756,5.453739,0.45917824
1969.0833,15.984472,11.632534,6.2198728e-06,0,0,0,3.800688,40.811546,3.3480005,5.1205552,1.1563698
1969.1667,15.909413,11.181822,6.0817183e-06,0,0,0,3.6222355,37.411495,3.2314904,4.8703429,3.0374073
1969.25,15.90975,10.755611,5.9820595e-06,0,-3.5117607e-05,0,3.3947134,34.586128,3.1092327,4.6817018,5.9028606
1969.3333,15.969714,10.704572,6.514384e-06,0.12227637,2.7869596,0.016711218,3.1187263,32.989582,2.9763546,18.418667,9.892735
1969.4167,16.59078,12.274113,7.529246e-06,0.48093679,10.503133,0.13608221,3.2802086,31.456413,2.8242681,18.709825,62.154831
1969.5,18.695556,12.885176,1.2171035e-05,0.48813322,10.248638,0.16795472,4.0944214,29.952978,2.6676695,13.308204,63.554968
1969.5833,20.502403,13.474287,1.1590169e-05,0.47924904,6.0051497,0.099511059,4.9115729,28.608919,2.5514696,16.298407,51.65034
1969.6667,27.335357,14.064093,8.8675697e-06,0.82017158,0,0,5.5750394,27.530846,2.4469633,11.66518,80.041114
1969.75,32.025591,14.351773,7.2167068e-06,0.29878637,0,0,6.0665002,26.759306,2.3591225,11.185941,26.0716
1969.8333,33.672929,14.460519,4.7828962e-06,0.00090550974,0,0,6.3908558,26.46188,2.2944129,9.7434509,9.0923923
1969.9167,33.122845,14.183191,3.3343756e-06,0,0,0,6.6779041,26.938858,2.2585576,13.595719,12.334653
1970,31.929187,14.179802,4.299889e-06,0,0,0,6.9832778,27.679945,2.2597804,9.2020035,17.895657
1970.0833,32.587282,13.837368,7.3106926e-06,0,0,0,7.2631426,28.576431,2.3120522,8.8685125,24.300893
1970.1667,33.259474,13.489896,7.763485e-06,0,0,0,7.4778585,29.639181,2.420567,8.5046486,31.040121
1970.25,34.239933,13.128693,8.0269965e-06,0,0,0,7.6086488,30.868837,2.5930772,7.7027453,33.698875
1970.3333,32.801561,12.742309,6.1724418e-06,0.050095539,0.85124013,0.0052822001,7.6223578,32.171959,2.8319561,10.37152,0.74606023
1970.4167,33.078991,13.6261,3.6351878e-06,0.4894509,9.8555944,0.092164219,7.3610287,33.302956,3.1454141,18.446762,68.535564
1970.5,38.526606,14.070203,3.7381042e-06,0.47559509,9.4822291,0.15530361,6.7425904,33.894924,3.5295694,13.093087,103.51145
1970.5833,45.40205,14.317822,5.4005518e-06,0.39022399,7.7327839,0.13457613,7.2030377,34.044655,3.9936163,11.756063,80.850941
1970.6667,54.272681,14.588835,4.9207383e-06,0.59986545,1.233628,0.019862623,8.1648264,34.293522,4.5344315,13.12451,146.7328
1970.75,60.924232,14.764143,3.5911103e-06,0.09912867,0,0,8.9399681,34.723537,5.1656122,8.3123094,16.26117
1970.8333,59.948307,14.241017,2.4860817e-06,0.0010466714,0,0,9.5221081,35.380894,5.8935361,5.8534482,0.37486906
1970.9167,57.740878,13.53047,2.5343456e-06,0,0,0,10.047833,36.282417,6.7197189,5.6191212,0.57104818
1971,54.583021,12.816244,2.4919073e-06,0,0,0,10.408342,37.447964,7.645853,5.2321476,0.26617138
1971.0833,50.385617,12.023688,2.4658571e-06,0,0,0,10.526166,38.716068,8.5672884,4.8695149,0.0030659599
1971.1667,47.371417,11.402567,2.4786505e-06,0,0,0,10.690107,40.083683,9.5047274,4.6178574,0.00027835085
1971.25,44.82365,10.801965,2.5416057e-06,0,-9.0702096e-09,0,10.503872,41.601009,10.500229,4.3747875,4.7591383e-05
1971.3333,41.799083,10.215295,2.817628e-06,-0.00017928865,-3.4502858e-06,0,10.49224,43.182232,11.516275,4.1372662,4.4549481e-05
1971.4167,38.664702,10.467102,3.2953712e-06,0.30600079,7.1477625,0.07996734,10.616299,44.762283,12.414678,24.45326,13.61704
1971.5,37.34475,11.76508,5.2603432e-06,0.38829221,8.7280512,0.16126499,11.749424,46.215809,13.159909,15.023674,46.652091
1971.5833,38.187802,12.006033,7.0301453e-06,0.32016342,7.0295561,0.14182943,13.407489,47.71973,13.772359,9.7137528,49.404426
1971.6667,39.621826,12.138787,6.4982037e-06,0.44358714,2.7100963,0.054073386,15.374787,49.791779,14.23951,10.864051,63.120084
1971.75,41.929927,12.356775,5.6338181e-06,0.13706699,0,0,16.580576,52.069771,14.600205,9.736515,11.614244
1971.8333,41.588161,12.254027,5.2492078e-06,0.012144792,0,0,17.171179,54.526669,14.88571,5.4661157,0.69001385
1971.9167,41.629035,12.000647,4.3403656e-06,0.0002420857,0,0,17.287233,57.070843,15.104794,5.6682185,1.176805
1972,41.456889,11.753418,3.6925817e-06,7.6952473e-20,0,0,16.630054,59.422745,15.261414,5.0859537,1.6368606
1972.0833,39.956674,11.204131,3.4518823e-06,0,0,0,15.783514,61.297073,15.346839,4.8332249,2.5384293
1972.1667,37.900776,10.589988,3.3015922e-06,0,0,0,14.637264,62.71529,15.363477,4.532482,3.259794
1972.25,34.479786,9.9180806,3.3950951e-06,-4.9976023e-05,-1.1820757e-06,0,12.009557,63.561852,15.30288,4.1278182,1.5206232
1972.3333,27.686767,9.2612198,4.1816493e-06,0.038316586,0.87509164,0.00087413714,6.0140138,61.155918,15.152143,6.9143562,0.20737124
1972.4167,24.504188,10.267747,4.9204477e-06,0.34373904,8.94188,0.12327599,5.2330241,57.329678,14.902806,24.52083,22.887272
1972.5,26.234549,10.885618,8.9828527e-06,0.36755886,9.4440151,0.2243615,4.6582532,53.375137,14.545073,10.180472,57.666038
1972.5833,28.870506,11.072615,8.9739342e-06,0.29462199,7.4731287,0.19192656,4.3630142,49.222378,14.051246,9.741239,45.801744
1972.6667,23.035785,11.352902,1.0255509e-05,0.28881478,3.5848576,0.091673936,4.5229244,45.110428,13.414048,12.733276,29.38273
1972.75,22.270799,11.710691,9.6086942e-06,0.20727591,0,0,4.7572627,41.200836,12.626653,10.722026,20.428581
1972.8333,23.311662,11.777398,8.8893803e-06,0.0062965107,0,0,4.8461199,37.73539,11.728675,6.214494,4.3359128
1972.9167,19.175457,11.644295,9.689641e-06,1.788523e-05,0,0,4.9181652,34.683804,10.764773,7.1966448,5.6104693
1973,16.443713,11.602635,9.3080416e-06,3.5447206e-08,0,0,4.9185619,31.944155,9.779747,5.6736182,6.6104915
1973.0833,16.422234,11.417861,8.4502108e-06,3.9441986e-07,0,0,4.7466187,29.621616,8.9261713,4.8609732,0.35573646
1973.1667,15.272303,11.237449,8.6274968e-06,4.0388234e-06,0,0,4.4887319,27.527533,8.1558971,4.7411692,0.14434036
1973.25,12.813851,11.06276,9.90632e-06,2.308996e-05,0.0066894784,0,4.1322279,25.514099,7.4340463,4.6661311,0.0099181267
1973.3333,8.9605441,10.924974,1.3467208e-05,0.017482661,0.90463125,0,3.8865008,23.584232,6.7792645,6.5956284,0.014494317
1973.4167,5.076787,12.062169,2.3363455e-05,0.34613436,6.5402167,0.10187824,3.5050235,21.688066,6.1841893,35.527223,6.3314726
1973.5,4.7220271,13.823969,3.9783859e-05,0.52744472,9.4413944,0.26347239,3.3133717,19.837145,5.6553631,17.748376,16.416439
1973.5833,6.759542,14.355325,3.4135803e-05,0.39218114,6.6964443,0.219264,3.3788285,18.118555,5.187849,12.83017,14.025208
1973.6667,10.371923,15.22437,2.2399954e-05,0.78315924,0.86740857,0.027560777,3.4589908,16.60269,4.7790623,23.72642,54.973605
1973.75,14.60032,15.838284,1.4924855e-05,0.15419992,0,0,3.4251001,15.248889,4.4142933,11.844853,18.938262
1973.8333,16.694162,16.019458,1.2305445e-05,0.0041087893,0,0,3.3619342,14.046635,4.0974259,10.841781,11.888988
1973.9167,18.746786,16.198158,1.0739317e-05,1.7374341e-09,0,0,3.3248246,12.986514,3.8295214,15.622547,20.213203
1974,21.156419,16.739279,1.1734915e-05,6.4058102e-22,0,0,3.2644024,12.043671,3.6057317,10.729358,32.021059
1974.0833,23.671458,16.809074,1.0273729e-05,1.5415418e-07,0,0,3.2062123,11.26932,3.4353566,9.9921944,23.062843
1974.1667,24.255946,16.754206,8.2793722e-06,2.117315e-06,0,0,3.1512418,10.614328,3.302283,7.419507,6.7602583
1974.25,23.473043,16.592706,8.3228497e-06,1.2310899e-05,0.11718318,0,3.0993702,10.050684,3.1980169,6.9479528,3.900354
1974.3333,21.189043,16.379127,9.1609663e-06,0.00070093471,0.86969277,0,2.8432348,9.5697641,3.1220164,6.6745253,0.30198419
1974.4167,19.833364,17.242592,9.8672672e-06,0.46524359,6.013454,0.11739989,2.7233448,9.1741323,3.0654895,37.176078,60.778243
1974.5,27.421847,18.999264,1.0496937e-05,0.71652825,8.927272,0.30777319,2.9690835,8.9155817,3.0230181,21.548812,126.08071
1974.5833,34.518689,19.3545,9.5671412e-06,0.63023587,7.7434629,0.31823755,3.5294893,8.8533773,3.0020726,15.90953,111.86389
1974.6667,38.427081,19.645955,8.6625378e-06,0.4465549,5.4761235,0.2324098,4.416399,9.0722895,3.0132904,16.476634,71.801307
1974.75,40.793125,19.940417,7.2933035e-06,0.19978162,0.27008269,0.0099246849,5.4631948,9.2529373,3.0630751,14.170504,31.524519
1974.8333,40.819954,19.885555,4.9185528e-06,1.3438782e-05,0,0,6.5397458,9.2988014,3.1625431,9.1042999,4.9305937
1974.9167,39.951704,19.359738,4.2842985e-06,2.7641724e-22,0,0,7.7199669,9.618803,3.3164396,9.9587694,8.1197985
1975,38.865555,18.602876,4.0894079e-06,-2.6635649e-10,0,0,8.8171272,10.000895,3.5326798,8.4678528,7.8961227
1975.0833,38.168162,17.78825,4.3856608e-06,-4.6949322e-08,0,0,9.8916016,10.38728,3.7823572,8.0962504,11.598242
1975.1667,37.535381,17.01447,4.5513011e-06,-2.343286e-05,0,0,10.924132,10.819036,4.0717416,7.314156,5.3560638
1975.25,36.271933,16.243245,4.7041881e-06,-0.00033572129,-0.00025868436,0,11.796457,11.303855,4.4092832,6.6556307,0.078452864
1975.3333,34.825176,15.501303,5.0359722e-06,-0.0004430975,-4.2110175e-05,0,12.638896,11.853165,4.7789054,6.3419342,0.014704006
1975.4167,34.983531,16.400781,5.366704e-06,0.56157465,6.5978904,0.12531316,12.685319,12.88051,5.1490321,43.184255,65.830264
1975.5,46.227649,18.144753,5.270344e-06,0.88556807,9.7801806,0.3295772,13.827373,15.610911,5.482873,16.164815,178.80517
1975.5833,60.835186,18.388482,6.0621892e-06,0.7317017,7.9402452,0.3056247,15.865172,18.349724,5.7910867,14.627367,169.94887
1975.6667,72.100654,18.567607,5.1016764e-06,0.64762419,2.5289036,0.094843077,17.177593,20.965477,6.0752811,15.232276,126.8125
1975.75,77.812381,18.76362,4.4934741e-06,0.18559551,0,0,18.111597,23.646658,6.3493156,11.888123,26.120575
1975.8333,76.805182,18.456934,2.9431151e-06,2.277424e-06,0,0,18.983915,26.511772,6.6246524,8.7729674,6.7311437
1975.9167,73.73786,17.64499,2.7333006e-06,0,0,0,19.78517,29.531216,6.9148912,8.6781742,9.8726171
1976,69.984801,16.797915,1.9265185e-06,0,0,0,20.623234,32.7048,7.236752,7.0433662,1.3876451
1976.0833,64.993158,15.597908,1.9787947e-06,0,0,0,21.135921,35.825657,7.5756087,6.5093414,2.1353679
1976.1667,59.539277,14.328821,2.1017663e-06,-8.0162249e-07,0,0,21.091385,39.00127,7.9505277,5.9457389,0.93045302
1976.25,56.124218,13.607292,2.2059162e-06,-1.185586e-05,-8.4554439e-07,0,20.855165,42.288456,8.3692341,5.6065808,0.6518005
1976.3333,53.167123,12.941333,2.4675935e-06,0.018173898,0.23236744,0.0025829564,20.176584,45.361336,8.8197231,5.8473263,0.13561019
1976.4167,53.708736,14.32318,2.6681407e-06,0.68445765,9.0201933,0.17052141,20.002598,48.083652,9.3038588,36.31966,73.523456
1976.5,63.194469,15.13136,3.2617272e-06,0.75915908,9.4801639,0.29003605,21.958069,50.537331,9.8192005,13.070185,150.7275
1976.5833,73.980287,15.340046,4.1941607e-06,0.60283316,7.4539336,0.2611408,24.242455,52.861423,10.369388,12.069265,118.34845
1976.6667,80.963731,15.47274,3.8052719e-06,0.41904464,5.2062141,0.18989009,25.861713,55.21154,10.928802,11.758762,67.448735
1976.75,83.680846,15.571559,3.4222876e-06,0.21249955,0.70835889,0.024161254,26.62509,57.617249,11.506521,10.691286,26.207051
1976.8333,82.75836,15.233772,2.1949215e-06,4.6527423e-06,0,0,27.08106,60.11908,12.10194,6.3457811,0.34040452
1976.9167,79.640776,14.474737,1.7104545e-06,-1.6995591e-14,0,0,27.177868,62.645519,12.709416,6.2363734,0.66272878
1977,76.111868,13.696621,1.8519895e-06,0,0,0,26.932625,65.135872,13.329585,5.717255,1.0026514
1977.0833,72.846025,12.980095,1.9084325e-06,-1.8521094e-07,0,0,26.437124,67.31617,13.887671,5.4068544,1.072742
1977.1667,69.248147,12.284484,1.9398694e-06,-7.8029934e-07,0,0,25.759924,69.237198,14.397194,5.0867984,0.019185935
1977.25,65.067254,11.576352,2.0253806e-06,-1.9918196e-06,0,0,24.812635,70.950668,14.856613,4.7961976,0.029149888
1977.3333,59.799016,10.923799,2.2642212e-06,0.013244914,0.21307236,0.0002616583,23.013029,72.354172,15.235388,4.6865063,0.04745929
1977.4167,55.744011,11.682561,2.5426839e-06,0.57706595,8.7431626,0.14926923,21.817053,73.314201,15.524684,27.52352,44.911333
1977.5,60.645688,12.451105,3.8585763e-06,0.68611083,9.7965456,0.2824965,22.487001,73.806343,15.71742,11.208066,118.08529
1977.5833,68.675913,12.604673,4.631328e-06,0.56838029,8.0713271,0.26102857,23.847206,73.982246,15.816292,10.383814,110.01415
1977.6667,73.350914,12.733909,4.1112175e-06,0.4386258,4.70335,0.15511304,24.567652,74.021652,15.827478,10.125871,72.487949
1977.75,73.195428,12.79335,3.7857824e-06,0.17207662,0,0,24.691994,74.016914,15.769591,7.5838113,19.770571
1977.8333,70.469685,12.397256,2.1296955e-06,6.2255999e-06,0,0,24.161917,73.957634,15.679402,5.2025498,0.38939693
1977.9167,67.118227,11.729131,1.7479804e-06,0,0,0,23.266998,73.785873,15.583947,5.0844246,1.5798949
1978,63.785054,11.102385,1.9725817e-06,-4.6537283e-07,0,0,22.245125,73.469994,15.482524,4.6362334,3.7800703
1978.0833,60.927864,10.522807,2.0366817e-06,-4.2887937e-07,0,0,21.180389,73.011566,15.379554,4.3035394,1.7639981
1978.1667,57.574239,9.9486755,2.1258154e-06,-4.2287677e-11,0,0,19.880033,72.347458,15.266753,4.0261801,0
1978.25,53.870108,9.3635535,2.2715803e-06,-7.0858151e-06,0,0,18.186432,71.389671,15.13553,3.7892833,0
1978.3333,40.568639,8.2242768,2.9581602e-06,0.032211171,0.69701869,0.0060872457,14.251349,70.126396,14.982625,6.4627947,0.00021373188
1978.4167,39.602164,9.2946738,3.240169e-06,0.42126503,8.729726,0.16846758,13.045753,68.743713,14.798145,24.576222,34.012016
1978.5,43.163303,9.8698037,5.2034206e-06,0.45879352,9.2313331,0.27085948,13.10208,67.12262,14.576148,8.032146,70.212169
1978.5833,38.233005,10.189895,7.8060521e-06,0.39325805,7.6071929,0.24678605,13.386583,65.249161,14.314472,12.049934,64.719593
1978.6667,37.182588,10.498013,7.7321629e-06,0.32823339,4.4482723,0.14751122,11.242783,63.214428,14.023607,9.4312927,63.214553
1978.75,39.798409,10.616441,6.404e-06,0.088450309,0,0,11.237586,61.025951,13.703275,6.109806,13.100742
1978.8333,38.709536,10.480608,5.3496742e-06,0.0054942247,0,0,11.022263,58.720623,13.363612,5.0029893,1.1314236
1978.9167,36.256343,10.336216,4.5865631e-06,1.96852e-05,0,0,10.858339,56.314629,13.003286,4.8801305,1.5344136
1979,23.784971,10.143607,8.2400566e-06,1.1375479e-06,0,0,11.086416,53.777962,12.611079,4.1048468,8.6496061e-06
1979.0833,21.847319,9.9116638,8.8430752e-06,0,0,0,11.009308,51.50782,12.206476,4.0108926,1.3703757e-05
1979.1667,20.649863,9.7159958,8.9160849e-06,1.340927e-06,0,0,10.156051,49.509953,11.759939,3.9316175,5.903469e-06
1979.25,17.702598,9.4471024,9.7882039e-06,-5.5283881e-06,0.037110264,0,6.9990377,47.04509,11.240789,3.8226821,0
1979.3333,12.417601,9.2698243,1.3337414e-05,0.0084656008,0.72588054,0,6.4052019,44.145645,10.658284,4.3842906,0
1979.4167,10.906735,10.350239,1.5483471e-05,0.34885329,6.4300415,0.11984958,6.381103,41.602211,10.072277,32.792089,2.604064
1979.5,10.538351,11.89049,2.1581567e-05,0.56952362,9.2721925,0.25983879,6.1711106,39.479954,9.5194349,15.484332,14.518498
1979.5833,10.560995,12.204934,2.8847444e-05,0.40508481,6.5433366,0.22151069,7.0405879,37.810089,8.9783888,10.205997,10.251167
1979.6667,11.266301,12.530301,2.6600823e-05,0.38620976,4.0447988,0.13347004,7.9181676,36.611004,8.4695187,14.444557,10.870818
1979.75,13.07576,13.022241,2.1573074e-05,0.30295174,0,0,8.631052,35.803413,7.9947481,11.04218,10.068785
1979.8333,14.82899,13.195086,1.7213446e-05,0.018975485,0,0,8.9942741,35.313915,7.5601945,9.6430084,5.5831486
1979.9167,16.259223,13.306428,1.4988328e-05,4.2510427e-08,0,0,9.2376242,35.109867,7.1634741,11.738903,6.277025
1980,18.046752,13.449248,1.1080103e-05,2.6907219e-08,0,0,9.2560577,35.151745,6.7933459,6.8899922,27.04134
1980.0833,19.335074,13.2941,1.0091104e-05,7.4557248e-10,0,0,8.9447584,35.284019,6.4605083,6.8195879,7.3152409
1980.1667,19.588243,13.197907,9.9882918e-06,1.6181985e-09,0,0,8.5856361,35.373428,6.1525245,6.6444168,8.5339003
1980.25,18.866254,13.084377,1.0320274e-05,1.3066436e-09,0,0,8.0786142,35.387241,5.8586645,6.4683765,9.5658254
1980.3333,17.604433,12.970991,1.0968837e-05,0.0025794364,0.17324673,0,7.5234799,35.287025,5.5854378,6.4673204,15.756994
1980.4167,16.647534,13.80217,1.1591861e-05,0.40964443,5.8071843,0.10486829,7.115973,35.068188,5.3248086,27.801583,42.942413
1980.5,20.323142,14.878051,1.3107565e-05,0.62871879,9.2972565,0.24461631,6.7417169,34.955776,5.0683713,16.295909,83.462521
1980.5833,26.914895,15.319476,1.1808067e-05,0.51037779,7.3576039,0.24399895,7.083447,35.302155,4.8134255,13.507658,99.772116
1980.6667,35.521738,15.775802,9.1183501e-06,0.65086026,1.6505311,0.050230417,7.7566013,35.90657,4.5659761,15.080394,144.7657
1980.75,40.468443,16.099343,7.3353367e-06,0.20078484,0,0,8.4092407,36.756134,4.3227339,11.716196,14.076743
1980.8333,39.751682,16.226562,7.103326e-06,0.0029719058,0,0,9.0675392,37.968571,4.0989013,10.714727,3.9768705
1980.9167,39.545361,16.310852,6.9131074e-06,3.3540919e-20,0,0,9.8359146,39.684639,3.9043751,16.267027,6.6998438
1981,39.352108,16.846327,6.1471628e-06,2.5229746e-06,0,0,10.671104,42.048721,3.7481074,11.14712,12.578656
1981.0833,40.353615,16.911959,5.8344435e-06,3.9306309e-11,0,0,11.531622,44.943855,3.6472871,10.120033,23.879169
1981.1667,41.138157,16.856233,5.5463856e-06,3.0932944e-11,0,0,12.388503,48.508266,3.599016,7.969787,12.586032
1981.25,39.494917,16.612498,5.7102734e-06,2.2594645e-11,0.012366053,0,13.325574,52.857006,3.6059649,6.7335306,0.00012733422
1981.3333,36.571559,16.293522,6.0870789e-06,0.0089025889,0.77058899,0,13.620021,57.517326,3.6712146,7.6396843,0.00012725823
1981.4167,34.301899,17.533796,6.7865262e-06,0.64291838,9.0730748,0.17089494,12.205236,60.926598,3.8152542,35.994157,81.040895
1981.5,41.025396,18.210705,7.797712e-06,0.60309488,8.6739744,0.2546034,14.66941,63.537777,4.1446075,15.311154,109.45018
1981.5833,49.863864,18.533126,7.0058272e-06,0.79605724,5.547386,0.17917494,17.870262,67.115257,4.6105056,16.205634,168.41893
1981.6667,68.845585,18.859413,5.2410792e-06,0.9429595,0,0,20.782495,71.546135,5.1749597,14.461775,204.1732
1981.75,75.397857,19.02665,4.3214095e-06,0.1579493,0,0,22.838163,76.707703,5.825798,13.796411,24.258401
1981.8333,76.134987,18.921457,3.2658461e-06,6.5802426e-06,0,0,24.649837,82.599892,6.5855794,9.3634578,15.070209
1981.9167,76.82386,18.652823,2.9913365e-06,1.4773685e-19,0,0,26.406263,89.203163,7.4766746,9.313269,15.925385
1982,76.36258,18.325893,3.0144149e-06,2.5361995e-06,0,0,28.007893,96.577286,8.5077572,7.7098974,1.4178565
1982.0833,75.265028,17.943421,3.0680312e-06,8.188355e-07,0,0,28.479448,103.77706,9.5966387,7.5546673,2.1559217
1982.1667,73.907524,17.536649,3.0671595e-06,9.0398036e-07,0,0,28.155373,110.25198,10.801741,7.3586711,2.7356015
1982.25,71.847141,17.083995,3.1784907e-06,-3.5677737e-05,0.02848001,0,27.49567,116.04,12.164877,7.0983123,2.1165846
1982.3333,63.152313,16.04191,3.5085413e-06,0.0070342854,0.34681756,0,20.417835,119.13118,13.635752,6.6486865,1.4012247
1982.4167,54.392453,15.783643,4.0563559e-06,0.38497005,6.403024,0.10030453,12.532487,112.60206,15.18218,34.48396,18.963128
1982.5,56.116715,17.541569,5.6028643e-06,0.57597564,10.239417,0.27393775,13.082796,104.9041,16.801476,20.942317,75.319831
1982.5833,59.066359,17.78961,6.1764172e-06,0.44736472,8.1601769,0.26206249,14.093829,97.726158,18.522791,14.640002,67.70085
1982.6667,61.412308,17.84559,5.8649648e-06,0.44145182,3.5104172,0.11520068,14.976412,91.415825,20.286547,14.368997,68.806199
1982.75,64.539991,17.787741,5.146343e-06,0.12305625,0,0,15.800192,85.834755,22.117041,9.9069306,24.027983
1982.8333,63.780405,17.369686,3.6621434e-06,0.00014850472,0,0,16.116562,80.926529,24.011341,7.0715548,0.058481298
1982.9167,60.432252,16.89231,3.7690756e-06,1.9452058e-05,0,0,16.51292,76.642784,25.965412,6.889278,0.051434988
1983,55.477481,16.392475,4.0128771e-06,1.3658968e-07,0,0,16.7889,72.84417,28.000912,6.6370673,0.0127592
1983.0833,51.057309,15.920546,4.2334191e-06,9.175542e-06,0,0,16.766251,69.628288,29.955875,6.4671896,0.011470461
1983.1667,48.855379,15.449611,4.309939e-06,-1.2654852e-05,0,0,16.00375,66.667046,31.75363,6.2908666,0.01223028
1983.25,45.08917,14.938152,4.5546667e-06,8.0654866e-06,0.15978379,0,14.908417,63.710468,33.362598,6.0837365,0.023621888
1983.3333,31.153308,13.5742,6.093574e-06,0.027293043,0.83083848,0,10.564193,60.52956,34.732952,6.525776,0.015415167
1983.4167,27.507307,14.557533,6.8368872e-06,0.38111055,9.2617456,0.18078342,9.319212,57.131294,35.879753,41.058295,4.3329136
1983.5,26.188996,16.218593,1.1009376e-05,0.43165778,10.297945,0.34055581,9.088233,53.798965,36.802635,19.658678,25.136222
1983.5833,26.226267,16.373789,1.206765e-05,0.28535193,6.9101423,0.24925734,8.9900103,50.696831,37.526478,13.599835,43.579397
1983.6667,30.298609,16.566195,1.0300687e-05,0.59174723,1.2498821,0.040911596,8.9314413,47.974308,38.07468,16.473162,67.942138
1983.75,30.247835,16.725002,9.2023884e-06,0.12709814,0,0,9.8854275,45.607323,38.492786,12.008077,9.7354086
1983.8333,31.991653,16.464775,5.7156644e-06,0.00015877259,0,0,10.130072,43.595783,38.858795,8.3413037,2.1166122
1983.9167,33.444181,16.135745,5.5616197e-06,0.00034548815,0,0,10.207451,41.909367,39.192345,10.074972,3.9427605
1984,34.56353,15.947467,5.4234956e-06,6.2102501e-07,0,0,10.072864,40.441692,39.497593,7.9102754,5.674462
1984.0833,34.575079,15.416028,5.3293365e-06,2.0209896e-11,0,0,9.7232723,39.143497,39.753246,6.5317552,3.4269271
1984.1667,33.422984,14.772786,5.3978592e-06,-2.0934012e-05,0,0,9.2050323,37.893669,39.966026,6.0961885,1.5562173
1984.25,30.87193,13.994978,5.6454314e-06,-2.2621566e-05,-0.00011424832,0,8.5566015,36.614914,40.136337,5.7061566,0.00044296606
1984.3333,27.388679,13.186297,6.3773905e-06,0.018201124,0.47622857,0,7.8494773,35.326927,40.250229,6.5944078,0.076216247
1984.4167,25.157796,14.044048,7.1647196e-06,0.35947264,8.4525172,0.16557296,7.3569598,33.987335,40.292141,37.04688,27.762641
1984.5,26.726173,15.540932,1.0518955e-05,0.41020988,9.4967321,0.30960298,7.1615081,32.607121,40.245735,17.166436,51.903183
1984.5833,28.121963,15.651844,1.1630632e-05,0.30601535,7.1974811,0.25263022,7.2794957,31.28948,40.111382,12.430955,43.6588
1984.6667,34.291014,15.867693,9.6286121e-06,0.83909056,0,0,8.2647285,30.17288,39.903831,15.826725,138.39625
1984.75,40.801104,16.044458,7.7610302e-06,0.22065498,0,0,9.299901,29.268368,39.62299,11.550523,28.726763
1984.8333,40.622588,15.79356,6.1285214e-06,0.0021633489,0,0,9.3803539,28.596422,39.35791,7.7027742,1.0538591
1984.9167,39.844789,15.462206,4.8462689e-06,7.5244554e-05,0,0,9.3653612,28.141481,39.133167,9.1177541,2.1515585
1985,38.633898,15.258705,5.0333351e-06,0.00018850906,0,0,9.2382326,27.873556,38.942574,7.5205508,4.4627503
1985.0833,37.693925,14.951876,5.1000602e-06,0.00090142611,0,0,9.0918884,27.760746,38.791538,7.3938573,7.705127
1985.1667,36.274966,14.508951,5.1556003e-06,2.3820085e-08,0,0,8.8314762,27.733475,38.665394,7.1784162,12.150777
1985.25,34.49535,13.958842,5.2691908e-06,-0.0015206843,-0.00018821882,0,8.4676399,27.720942,38.553715,6.6571984,14.056149
1985.3333,31.36082,13.194176,5.7853376e-06,0.0014914352,0.39207715,0,8.0183258,27.605896,38.453323,5.5953349,1.78339
1985.4167,29.241074,13.313993,6.4209198e-06,0.23750933,5.2999709,0.078483076,7.7700953,27.233055,38.377991,23.995828,10.449089
1985.5,26.64786,14.703361,8.6255004e-06,0.46605222,10.675944,0.27612802,7.6602135,26.597761,38.405716,26.494274,35.45367
1985.5833,28.922701,15.622099,1.1648967e-05,0.38112433,7.8117866,0.25865838,7.463099,25.787788,38.403313,14.12482,38.497437
1985.6667,31.749588,15.704405,1.0250111e-05,0.39561833,3.3400019,0.11015321,7.5356717,24.987041,38.343227,13.339061,51.437544
1985.75,37.044529,15.751775,8.7384724e-06,0.19704924,0,0,7.9558496,24.212152,38.208096,10.157044,30.448348
1985.8333,37.414838,15.459718,8.1199614e-06,0.0020075622,0,0,8.0380373,23.474909,37.982681,7.250839,8.6598279
1985.9167,37.540272,15.115012,7.8537714e-06,7.8160683e-05,0,0,8.0452213,22.793703,37.662731,8.0999896,7.4086454
1986,37.964065,14.850586,7.6592487e-06,2.2007209e-10,0,0,7.8309789,22.224861,37.220852,6.8476277,6.9172434
1986.0833,38.028527,14.515652,7.4992258e-06,8.3122535e-07,0,0,7.4536576,21.80094,36.65028,6.5149442,8.1423857
1986.1667,36.071394,14.145079,7.7287732e-06,5.866624e-07,0,0,6.8289752,21.458418,35.914791,6.1718144,9.7388713
1986.25,33.985339,13.777726,7.4616455e-06,1.3849314e-06,0.046636987,0,6.279923,21.155741,34.966984,5.5799441,0.00081310594
1986.3333,31.613898,13.397712,7.5392022e-06,0.0002052923,1.0385929,0,5.5964661,20.952291,33.789532,5.4495122,0.0013865138
1986.4167,29.408298,13.85234,8.0869459e-06,0.33715874,6.6635639,0.095505226,5.0041981,20.824921,32.365734,29.910931,26.943964
1986.5,32.269154,15.564702,9.6278891e-06,0.58880239,10.482327,0.28864639,4.8969994,20.818607,30.682281,22.471616,82.065844
1986.5833,28.405966,15.859781,1.1859248e-05,0.46009228,7.6121778,0.25609123,5.4507594,20.764627,28.765297,14.031926,62.309703
1986.6667,31.376451,16.033901,1.0753131e-05,0.29212269,4.1461119,0.14600998,6.0778885,20.675097,26.939611,13.303674,30.97747
1986.75,32.901954,16.047446,9.0828516e-06,0.11926655,0,0,6.6147323,20.616213,25.25499,8.7600165,13.531998
1986.8333,32.810111,15.705772,7.4143131e-06,0.0093792442,0,0,7.0647974,20.671089,23.69132,6.9690852,2.2438464
1986.9167,32.567967,15.357525,5.7126404e-06,0.00057284773,0,0,7.5309062,20.867912,22.23027,7.5448456,3.7684161
1987,31.88853,15.048699,5.8744604e-06,7.6274239e-06,0,0,7.9494576,21.209166,20.831373,6.6519947,5.8734505
1987.0833,31.451084,14.723437,5.9546146e-06,5.029422e-06,0,0,8.3369598,21.633204,19.564625,6.5041469,8.87098
1987.1667,30.307049,14.399513,6.1838055e-06,4.0161089e-06,0,0,8.684269,21.968662,18.346922,5.9731078,0.74812741
1987.25,28.182963,14.042947,6.5767827e-06,-3.8390776e-05,0.054384081,0,8.8339443,22.505587,17.121534,5.6940372,0.045381794
1987.3333,25.52459,13.700075,7.2003177e-06,0.028620182,0.88193005,0,8.4258871,23.248188,15.914623,7.1542763,5.7312953e-05
1987.4167,25.035219,15.258692,7.4754839e-06,0.64102774,9.5384791,0.17886693,8.0513678,23.793291,14.714135,46.100008,55.546874
1987.5,31.605586,16.834829,9.7260254e-06,0.74161326,9.9301051,0.32488743,8.0373783,23.981142,13.51132,16.665795,109.89177
1987.5833,34.57262,17.229779,9.8425862e-06,0.62927265,8.1138224,0.30607494,8.9142294,23.873474,12.283251,18.09489,83.131041
1987.6667,32.796055,17.967338,1.0027023e-05,0.61858545,2.4178943,0.093069734,9.8789644,23.572191,11.143646,27.011427,42.214549
1987.75,34.116168,19.172307,9.2480414e-06,0.4342136,0,0,10.436629,23.26487,10.105012,20.150458,16.436223
1987.8333,35.433933,19.330854,8.3622417e-06,0.0059599963,0,0,10.755846,23.115679,9.1515045,12.352255,0.60333274
1987.9167,36.3985,19.301357,6.5891054e-06,0.0003886193,0,0,11.09572,23.179644,8.3009787,18.799068,0.92076739
1988,36.680195,19.781757,5.6331819e-06,0.00086575607,0,0,11.38488,23.482384,7.52987,12.456082,0.48722794
1988.0833,36.894862,19.697415,5.5837518e-06,0.00027419444,0,0,11.606874,23.991081,6.8730984,11.448082,0.52274017
1988.1667,36.368631,19.557865,5.6996014e-06,6.1070893e-07,0,0,11.729701,24.683578,6.2839847,11.200032,0.23197226
1988.25,34.772173,19.405166,5.8638229e-06,9.3512758e-06,0,0,11.757061,25.551678,5.7353063,10.990435,0.88179828
1988.3333,32.083277,19.314172,6.3386378e-06,0.097159778,0.98747734,0.0050059024,11.41925,26.649603,5.2409244,17.702776,2.2229403
1988.4167,30.774163,20.843409,6.8255727e-06,0.94749629,10.212698,0.20759539,10.85777,27.627985,4.7922678,33.112649,57.698063
1988.5,37.194096,21.525554,8.9029163e-06,1.0375311,10.690856,0.352493,10.622964,28.291557,4.3857999,18.010822,127.81984
1988.5833,45.32674,21.835959,7.6022075e-06,0.73272823,7.3094071,0.29863327,11.666596,28.684555,4.0141726,17.364252,111.77676
1988.6667,52.090302,22.147458,6.7023429e-06,0.6814818,2.8199596,0.11258287,12.299503,28.925953,3.6878982,18.052963,117.52
1988.75,60.464874,22.455735,5.158186e-06,0.14604561,0,0,12.261888,29.163071,3.4239466,16.41417,108.19172
1988.8333,68.400048,22.469731,2.8868076e-06,4.2750458e-06,0,0,12.08261,29.47505,3.2358816,13.54614,96.72505
1988.9167,68.863541,21.747516,2.6659332e-06,0,0,0,12.099869,29.990717,3.1412032,13.37328,7.4923906
1989,65.646462,21.026483,2.9140826e-06,0.00028848948,0,0,12.159618,30.917645,3.1632853,10.459817,6.4766958
1989.0833,60.842413,19.540954,2.9889175e-06,-1.9474242e-08,0,0,11.977718,32.236244,3.3154018,8.8658499,5.0130483
1989.1667,57.278793,18.55582,3.2056594e-06,-4.1985853e-07,0,0,11.402545,33.992161,3.6157141,7.547033,0.12787207
1989.25,53.287014,17.545382,3.3443403e-06,-1.990026e-07,-9.8726964e-06,0,11.008142,35.954674,4.0884767,7.1078841,0.0086086311
1989.3333,45.9066,16.299665,3.7980587e-06,0.00060630862,0.187869,0,10.144383,37.861008,4.7358279,6.6029954,0.0021935401
1989.4167,41.792743,16.326232,4.2718093e-06,0.30978007,4.5498626,0.047630119,9.7690535,39.411819,5.5504527,35.255516,13.89732
1989.5,44.648807,18.406317,5.3853951e-06,0.5949762,8.3624408,0.15967526,10.71788,40.581295,6.5258989,22.146908,76.761765
1989.5833,51.091339,18.98702,7.254926e-06,0.55342558,7.5326582,0.20322584,12.360785,41.453285,7.6737585,19.155109,91.566642
1989.6667,58.692172,19.441852,6.3043149e-06,0.50521865,4.6385292,0.13346097,14.347878,42.154518,8.9587831,18.771792,96.100044
1989.75,65.916888,19.74399,5.4550314e-06,0.33364711,0,0,15.98025,42.838974,10.394516,13.452416,55.001342
1989.8333,67.111447,19.461356,4.9795458e-06,0.00062507645,0,0,16.974316,43.606106,11.988517,9.0238992,3.0959889
1989.9167,67.217685,19.064674,4.8330116e-06,0.00090803837,0,0,17.874374,44.468414,13.754605,9.098396,3.7206304
1990,67.002952,18.602185,4.2551642e-06,1.286402e-07,0,0,18.585726,45.438377,15.72828,7.8022975,1.9817342
1990.0833,65.051422,18.051157,3.9669999e-06,2.0614534e-07,0,0,19.370752,46.445641,17.77508,7.3979143,0.3645463
1990.1667,63.371629,17.539086,3.9952051e-06,1.9439159e-08,0,0,20.079901,47.514099,19.997751,7.1071659,0.21749822
1990.25,61.024241,17.032599,4.1328885e-06,0,0.05249751,0,20.721643,48.583759,22.457767,6.8963329,0.060607566
1990.3333,57.147969,16.49528,4.3563996e-06,0.02729459,1.1884837,0,21.248201,49.545677,25.040932,8.0582685,0.0025494621
1990.4167,53.210989,17.803505,4.6863256e-06,0.66749565,9.3596665,0.11645577,21.859541,50.301868,27.60177,42.75679,46.323139
1990.5,55.57853,18.828791,6.4487126e-06,0.78691467,10.27344,0.22204765,24.939579,50.910641,29.900476,16.202488,123.32938
1990.5833,63.680224,18.950641,6.2937897e-06,0.63280784,8.0485946,0.23351152,28.959715,51.368008,31.995272,14.873002,108.81864
1990.6667,68.476684,19.067865,5.5059859e-06,0.58342098,2.6263475,0.079878903,31.54845,51.750313,33.878845,18.26544,83.653784
1990.75,70.59487,19.319346,4.8555817e-06,0.21344259,0,0,33.356918,52.104778,35.624409,13.453072,22.350772
1990.8333,64.838298,18.95858,4.9761293e-06,0.0096459702,0,0,34.694286,52.31625,37.328068,9.1431081,0.38542119
1990.9167,61.069939,18.508481,5.1464453e-06,1.1858816e-05,0,0,35.807529,52.414536,39.011528,10.460627,0.78936919
1991,59.971679,18.025136,5.0999961e-06,7.172452e-08,0,0,35.950001,52.521145,40.699677,7.8775427,0.71718168
1991.0833,57.957459,17.317537,5.0952876e-06,2.9403076e-08,0,0,34.842117,52.582779,42.28577,7.5998083,1.1258768
1991.1667,55.679806,16.800631,4.9408281e-06,0,0,0,33.383492,52.478214,43.813122,7.3318567,1.7312175
1991.25,51.064245,16.107291,4.9596028e-06,0,0.23647254,0,27.342842,52.098118,45.28339,6.9152324,2.2082961
1991.3333,38.040411,14.463021,6.1822016e-06,0.017054626,1.4487519,0,13.742731,50.701591,46.710484,7.0651108,1.6046167
1991.4167,28.69411,14.3061,7.9149722e-06,0.34614564,8.056891,0.079762107,12.893051,49.055866,48.116077,35.657341,11.78154
1991.5,28.173899,15.597482,1.0745252e-05,0.50070803,11.468554,0.19432337,12.718596,47.53775,49.381584,17.655505,40.845937
1991.5833,29.342797,15.618989,1.0808585e-05,0.39149517,8.791395,0.19968782,12.375935,46.247471,50.504349,13.17516,35.662229
1991.6667,31.631246,15.575386,9.6032527e-06,0.2987728,5.5780483,0.13584507,12.603742,45.350388,51.429245,12.384034,28.755476
1991.75,34.501389,15.604623,8.2131237e-06,0.18995035,0,0,12.891787,44.746887,52.153435,11.15145,26.339293
1991.8333,35.042703,15.364573,6.6474331e-06,0.0025510793,0,0,12.707232,44.274597,52.712181,7.2736965,2.0027276
1991.9167,34.945235,14.993494,4.8205852e-06,3.4352263e-06,0,0,12.418121,43.85006,53.119091,8.0585407,1.6521946
1992,34.542177,14.71035,5.0576855e-06,0.00027912495,0,0,12.008665,43.435692,53.38216,6.7603883,1.1142678
1992.0833,33.645395,14.314029,5.2545151e-06,4.381548e-06,0,0,11.51942,43.001472,53.492317,6.5962188,1.7227326
1992.1667,32.40839,13.949943,5.4653983e-06,9.3499632e-07,0,0,10.949814,42.431,53.454926,6.4258365,2.0789445
1992.25,29.201416,13.583157,6.0699413e-06,0.00074248605,0.18751842,0,10.258012,41.830502,53.24799,6.1891488,0.0074509924
1992.3333,24.91962,13.21678,7.0172628e-06,0.049809966,1.1233683,0.00084761443,9.6779318,41.147671,52.887917,9.1943026,0.0086271458
1992.4167,23.721922,14.465123,7.7759978e-06,0.55054236,11.14338,0.15057398,9.1760349,40.364761,52.41396,31.288681,39.683321
1992.5,25.946366,15.024098,1.1684379e-05,0.55030543,11.220083,0.25692654,9.3718319,39.634735,51.870049,13.263684,60.790953
1992.5833,28.310828,15.113346,1.1344977e-05,0.38989835,7.6717927,0.21086887,9.8912992,39.12571,51.166107,11.957257,32.847622
1992.6667,29.778091,15.196536,1.0335576e-05,0.30743368,3.0376999,0.082572391,10.165827,38.848804,50.314461,13.321797,29.214858
1992.75,31.563357,15.304236,8.7283252e-06,0.097611116,0,0,10.072692,38.654316,49.324467,10.351985,8.9253484
1992.8333,31.727422,15.017925,5.9216131e-06,0.0013910355,0,0,9.717989,38.390316,48.231991,7.1150161,2.2363515
1992.9167,31.491477,14.672101,5.8599221e-06,2.0739222e-06,0,0,9.2906399,38.014626,47.048328,8.1285008,0.63895394
1993,30.851156,14.420533,5.9810072e-06,0.00172942,0,0,8.773078,37.45575,45.759689,6.810438,0.10433108
1993.0833,29.510427,13.892396,5.9198651e-06,0.00023962974,0,0,8.137167,36.774948,44.440323,6.5814425,3.5998739
1993.1667,28.681552,13.568698,6.1776364e-06,0.00012092278,0,0,7.4843817,35.904896,43.020462,6.4199339,9.5781295
1993.25,27.10104,13.226903,6.481012e-06,-0.00022635771,0.19888871,0,6.6248379,34.833141,41.424751,6.0861974,0.35320807
1993.3333,24.910077,12.898862,7.0396268e-06,0.039868516,1.6199402,0.00018325061,5.8208699,33.55867,39.650139,8.6476087,3.0312417
1993.4167,24.387527,14.178928,7.606654e-06,0.59234257,11.377613,0.16588828,5.1250696,32.140095,37.658489,34.261448,52.266747
1993.5,29.421708,15.029194,1.072349e-05,0.5962163,10.707597,0.27499954,4.8609319,30.674065,35.431416,14.228169,86.360513
1993.5833,25.701648,15.313255,1.218623e-05,0.46108505,8.003344,0.23812606,5.0823655,29.177521,32.98291,14.684875,63.621918
1993.6667,29.787488,15.542187,1.0784288e-05,0.39035399,4.1050432,0.12513769,5.527667,27.943544,30.655945,13.696771,61.627081
1993.75,35.211567,15.783785,8.7606495e-06,0.30695891,0,0,5.8210278,26.954166,28.484436,13.720138,54.481631
1993.8333,36.036339,15.779642,7.9612746e-06,0.035140595,0,0,6.111618,26.339207,26.439062,9.6014072,0.60171152
1993.9167,36.909796,15.548832,7.6390224e-06,1.8654259e-09,0,0,6.5816231,26.1264,24.563211,11.096461,1.0743766
1994,37.144396,15.529477,7.4846771e-06,1.5127138e-10,0,0,7.0677967,26.376154,22.818792,8.1742378,2.5174481
1994.0833,37.235264,15.279385,7.3643128e-06,9.7349545e-08,0,0,7.5674696,27.058111,21.2941,7.9290506,3.6472409
1994.1667,36.547098,15.007241,7.2994853e-06,0,0,0,8.0505705,28.344595,19.897339,7.3289757,2.4130021
1994.25,35.026468,14.711105,7.4346453e-06,0,0,0,8.5843563,30.166948,18.5613,7.0025974,3.2238531
1994.3333,32.276586,14.419548,7.8366575e-06,0.032462859,0.9465247,0,9.124567,32.463558,17.316938,9.3210066,2.5748255
1994.4167,29.68259,15.493459,8.6072423e-06,0.49250959,8.8177519,0.11428545,9.8735523,35.424076,16.152767,33.396519,42.351929
1994.5,27.576635,16.51052,1.0929786e-05,0.60491865,10.219783,0.2338023,11.497285,38.613304,14.948275,16.666546,76.853307
1994.5833,26.831903,16.875574,1.2081347e-05,0.38482064,5.8797581,0.20109049,12.556031,41.977425,13.914013,14.693632,46.274242
1994.6667,27.814895,17.198244,1.0854599e-05,0.49834993,3.6985812,0.12392604,14.712538,45.509346,13.165749,18.031483,49.415833
1994.75,30.830445,17.930744,8.4022913e-06,0.17893344,0,0,16.505224,47.823753,12.31363,17.18744,15.545901
1994.8333,31.052247,17.871732,5.7236698e-06,0.0041764973,0,0,17.607252,49.633205,11.301012,10.295128,2.054992
1994.9167,30.799007,17.631724,5.5064838e-06,2.7587726e-06,0,0,18.594988,51.755951,10.418802,10.188936,3.4081396
1995,30.161723,17.259382,5.5446462e-06,5.8916603e-09,0,0,19.428024,54.213634,9.6466618,7.7401294,2.7853498
1995.0833,29.987948,17.010512,5.5361788e-06,0,0,0,19.964272,56.700527,9.0194788,8.8577761,3.7163673
1995.1667,29.507134,16.778911,5.5956552e-06,0,0,0,19.606926,58.970901,8.4915771,8.5616639,0.41127719
1995.25,28.617254,16.528843,5.7043135e-06,0,0.15961516,0,18.862068,61.220036,8.0376015,8.4500903,0.64568243
1995.3333,27.397126,16.323788,5.9607446e-06,0.021271887,0.90178924,0,18.212473,63.140965,7.6685739,9.3899908,0.42813483
1995.4167,25.467828,17.362775,6.3667985e-06,0.57900141,7.8733445,0.11996619,17.920872,64.327698,7.3771524,34.719419,28.145756
1995.5,27.211463,18.488582,7.6528413e-06,0.82319953,10.211406,0.26457746,19.214903,64.776482,7.2690568,18.204047,80.995779
1995.5833,30.846041,19.051678,7.242123e-06,0.70072869,8.0260961,0.28363755,19.939503,64.848091,7.3277783,18.196827,77.780018
1995.6667,35.302889,19.368516,6.1770575e-06,0.51623521,5.6797067,0.2157994,19.365993,64.534668,7.4117241,15.272242,54.268947
1995.75,37.969202,19.696247,5.5249297e-06,0.23058588,0.62430708,0.025099208,19.89109,64.195618,7.6212215,16.573202,16.783073
1995.8333,38.651247,19.793699,4.2178631e-06,0.025865829,0,0,19.681669,64.760941,8.524909,12.843717,2.4934211
1995.9167,38.581718,19.500172,3.4034135e-06,1.0067018e-09,0,0,19.359934,65.601532,9.4569969,12.04998,0.89498576
1996,38.014751,18.838987,3.5578566e-06,4.273509e-09,0,0,18.851154,66.408432,10.38118,8.0567183,0.65049406
1996.0833,37.822548,18.258825,3.6930303e-06,8.542664e-08,0,0,18.481085,67.290855,11.210378,8.1693081,0.60970946
1996.1667,37.831329,17.954808,3.78348e-06,6.0033658e-06,0,0,18.148994,68.244469,11.964988,10.061878,0.41786655
1996.25,37.659299,17.767336,3.8033352e-06,1.0521403e-05,0,0,17.735693,69.033127,12.647484,10.161559,0.27253995
1996.3333,37.016064,17.731629,3.8757257e-06,0.15689091,3.2119215,0.0042148337,16.903511,69.51606,13.217002,18.45958,1.0447372
1996.4167,38.222842,18.673567,3.8346998e-06,0.88318419,10.279228,0.23646484,17.003448,69.529602,13.691807,21.82516,62.379727
1996.5,44.014126,19.01949,4.6034611e-06,0.93222945,10.203824,0.38243894,19.211348,69.315857,14.080979,16.480793,109.52116
1996.5833,49.267154,19.229857,4.2356646e-06,0.70391764,7.5136614,0.30591126,21.186815,69.339844,14.580365,15.793541,85.477433
1996.6667,53.955771,19.41845,3.7493965e-06,0.53349012,3.5975873,0.14655707,21.594076,69.27327,15.135779,17.079563,60.446757
1996.75,55.758741,19.661399,3.4283964e-06,0.18096224,0,0,21.957479,69.207298,15.638294,14.197412,30.241791
1996.8333,56.908302,19.501416,2.9969069e-06,0.0068892566,0,0,21.860739,69.242126,16.09651,11.541578,26.491487
1996.9167,59.120942,19.31829,2.5845347e-06,3.1443071e-10,0,0,21.649916,69.394424,16.527697,18.056839,44.645484
1997,62.008739,19.624498,2.7474573e-06,2.0583572e-09,0,0,21.332344,69.693161,16.950504,10.687433,22.183468
1997.0833,62.001791,19.300712,2.7961705e-06,-1.798733e-06,0,0,21.075253,70.033493,17.343361,9.7701247,7.57664
1997.1667,60.339987,18.767539,2.8537845e-06,-1.6569792e-05,0,0,20.048395,70.345978,17.736698,9.2001986,3.0517044
1997.25,56.184486,17.73867,3.0061385e-06,-0.0016448138,0.0053813973,0,18.536224,70.742859,18.156897,8.644069,1.3575881
1997.3333,52.063685,17.118422,3.3183942e-06,0.12936292,1.9612815,0.014528677,17.174126,71.113533,18.581854,17.6132,1.0553209
1997.4167,52.085314,18.477824,3.5344203e-06,0.95661261,11.410415,0.28123337,16.437618,70.99572,19.016056,27.768367,106.51571
1997.5,59.735153,18.961033,4.9313508e-06,0.91448618,10.190333,0.3953821,16.784534,70.355568,19.472603,17.023577,152.39411
1997.5833,68.776533,19.080417,4.6528735e-06,0.68236737,7.2639435,0.3169418,17.31525,69.039108,19.966785,14.261403,112.5303
1997.6667,73.543422,19.065324,4.4195408e-06,0.47345911,5.0717644,0.22521928,17.375542,67.817032,20.485529,13.476471,66.931958
1997.75,75.517118,19.220131,3.9332012e-06,0.18707647,0.75641476,0.032396674,17.049513,66.309456,21.053167,15.716215,22.113311
1997.8333,75.127929,18.989902,3.2108351e-06,0.0050491275,0,0,16.424458,64.670013,21.690138,9.2293794,19.650114
1997.9167,70.177883,18.605599,3.210843e-06,4.7184969e-26,0,0,16.166626,63.064449,22.420774,11.925916,39.567019
1998,70.741206,18.422339,3.0826295e-06,0,0,0,15.827843,61.538166,23.312233,7.9913063,16.823767
1998.0833,67.143179,17.929617,3.2000682e-06,2.5210288e-09,0,0,15.35786,60.184391,24.309492,7.3329228,0.012016751
1998.1667,54.538716,17.40971,3.7309326e-06,1.5449377e-09,0,0,15.056266,58.846607,25.461504,7.1167719,0.002041309
1998.25,34.199949,16.544538,5.4950501e-06,0,0.0060061624,0,11.132335,56.816628,26.836233,6.7664445,0.065784862
1998.3333,30.364787,15.936051,6.1419282e-06,9.7886852e-07,0.59791878,0,10.695732,54.241795,28.401838,6.5200406,0.18732925
1998.4167,28.474819,16.077528,6.5516174e-06,0.34439113,5.0538189,0.085634731,10.402034,51.836266,29.86722,31.546195,14.123264
1998.5,31.412687,18.249681,7.8488902e-06,0.92430097,10.754008,0.32173365,10.890753,49.912716,30.691389,39.682726,85.323948
1998.5833,38.036205,19.800907,8.157047e-06,0.67141262,6.0883834,0.25669596,12.086094,48.79163,30.725958,20.445521,72.564408
1998.6667,44.162348,19.983847,7.2195844e-06,0.60739608,5.20938,0.22063674,13.514138,47.982822,30.715853,17.224071,65.488974
1998.75,49.124874,20.35154,6.0809111e-06,0.36085256,0,0,14.793243,47.567009,30.836733,18.153601,36.198655
1998.8333,50.658684,20.257875,5.7789102e-06,0.056911161,0,0,15.531849,47.508064,31.144869,12.333827,7.3893731
1998.9167,50.980881,19.786168,5.5152295e-06,0.0003628059,0,0,16.142464,47.747662,31.669453,12.972706,7.7094309
1999,50.431076,19.496538,5.4662491e-06,7.2150008e-07,0,0,16.750561,48.32106,32.432896,10.023238,12.118701
1999.0833,48.89128,18.573221,5.4615134e-06,0,0,0,16.990673,49.201309,33.382404,9.5532911,18.995825
1999.1667,49.004283,18.114483,5.1923025e-06,0,0,0,17.154894,50.319351,34.552532,9.3451964,29.986932
1999.25,48.612367,17.704105,4.8563879e-06,0,0,0,17.332624,51.588158,35.964821,7.9948906,4.5849277
1999.3333,46.711501,17.230837,5.0100921e-06,0.011159001,0.91033147,0,17.473507,52.942898,37.605396,8.0676648,2.9224576
1999.4167,46.174023,17.374275,5.151242e-06,0.49946629,5.5527221,0.066990548,17.696241,54.361069,39.422596,26.707017,62.410195
1999.5,57.869229,18.532893,5.2000382e-06,1.0303923,9.8363692,0.23597,19.474468,56.213989,41.239468,21.057069,190.91908
1999.5833,69.706813,18.785222,5.0965327e-06,0.84596734,7.7812895,0.25610985,22.100147,59.4552,43.069653,16.341449,158.80262
1999.6667,71.228415,18.9288,4.8005854e-06,0.58094558,5.0653684,0.19001755,25.481741,61.981747,44.928394,16.835811,92.921186
1999.75,66.697374,19.269314,4.4817134e-06,0.17545741,0,0,28.304708,62.958534,46.841801,15.44489,13.735959
1999.8333,65.587841,18.913956,2.733047e-06,1.3378278e-06,0,0,30.040791,63.903885,48.95512,9.0298977,0.76546004
1999.9167,63.373409,18.052723,2.3936823e-06,0,0,0,31.431324,66.495071,51.30035,9.1157077,0.33267824
2000,60.014643,17.029097,2.4737451e-06,-3.9396693e-12,0,0,32.654148,70.789246,54.014511,7.5491678,0.85586227
2000.0833,56.676932,15.947035,2.7873612e-06,-2.6613764e-08,0,0,33.726295,75.227867,56.967083,7.2940411,1.6388693
2000.1667,53.57239,15.034486,2.9610476e-06,-2.2110242e-06,0,0,34.924847,80.017815,60.286037,6.9132629,2.6672309
2000.25,50.183408,14.144563,3.1225993e-06,-0.0017213554,-0.00063202583,0,35.906227,85.352905,64.057106,6.5240635,4.3687147
2000.3333,46.672169,13.295639,3.4068091e-06,0.0013183526,0.094218981,0,37.03878,91.136902,68.094025,6.0516952,6.2575023
2000.4167,44.927862,13.365296,3.7279474e-06,0.42291725,6.2955752,0.068874859,38.516777,97.425537,72.240067,25.87116,34.35582
2000.5,50.751481,14.627821,4.4899398e-06,0.77091183,10.255328,0.18337625,43.064903,104.19441,75.889114,20.020702,137.27409
2000.5833,59.958708,14.971896,5.8572591e-06,0.60274921,7.7169242,0.18390639,50.134029,110.2063,78.997131,12.415357,118.08645
2000.6667,65.923005,15.185008,5.3011995e-06,0.58809927,2.8460741,0.071387819,56.533001,115.59347,81.67939,17.557933,84.574537
2000.75,68.085767,15.438309,4.7437029e-06,0.12329588,0,0,61.672165,122.27649,78.803467,9.5853577,12.078075
2000.8333,67.300044,15.078434,4.3574119e-06,0.00052834421,0,0,64.493507,131.43251,72.875572,7.1286799,1.0265043
2000.9167,66.895939,14.712025,4.0387558e-06,0,0,0,67.17775,141.1685,67.450829,8.5402978,1.9704067
2001,66.20983,14.452444,3.0320209e-06,0,0,0,69.661095,151.6602,62.401871,6.3702059,2.9386892
2001.0833,65.36521,14.066878,2.997813e-06,0,0,0,71.741119,162.30164,57.982594,6.1622539,2.7806184
2001.1667,63.503727,13.673961,3.0385925e-06,0,0,0,73.261452,173.30325,53.890263,6.3865346,0.84545588
2001.25,59.729632,13.179788,3.0971971e-06,0,0.094043375,0,72.815155,185.29428,50.000793,6.1835202,1.2844271
2001.3333,49.800485,11.947403,3.5955456e-06,0,0.48116221,0,60.58316,196.71278,49.490189,5.6461286,1.9003663
2001.4167,26.604317,9.7353542,6.2608042e-06,0.048272824,2.068693,0.0049385085,29.860277,194.05528,56.066166,8.6040398,2.1348935
2001.5,23.530664,10.362728,8.1611142e-06,0.30682575,9.854183,0.12600804,30.100737,186.66628,62.217731,17.26669,30.465248
2001.5833,25.19978,10.810316,1.1213994e-05,0.28340344,8.2510489,0.15597302,30.527195,179.48433,64.261383,12.675142,38.438312
2001.6667,26.938858,11.011855,1.0447579e-05,0.28700534,4.8962358,0.10262582,30.762932,172.0423,58.896763,11.373138,32.290245
2001.75,27.604785,11.168411,9.0903268e-06,0.11257443,0,0,31.587013,166.02509,53.669479,7.0523096,8.1703051
2001.8333,26.420621,10.751031,4.2993856e-06,0,0,0,31.33308,161.51788,48.971123,5.2838906,0.34251544
2001.9167,25.274228,10.067272,3.3929398e-06,-4.4256182e-14,0,0,30.394056,158.27039,45.062172,6.1623078,0.69366429
2002,23.25687,8.8866381,5.4335296e-06,-5.7142637e-07,0,0,29.088863,155.16852,41.911335,4.1862597,1.3877502
2002.0833,21.679796,7.8287087,5.9622248e-06,-6.9589885e-11,0,0,27.941977,152.28325,39.666702,3.5938249,4.0143911
2002.1667,20.389013,7.3445984,6.4266246e-06,-6.0972915e-09,0,0,26.686579,150.17119,37.93858,3.3016531,7.1104575
2002.25,19.557742,6.901504,6.7501496e-06,-3.3864529e-09,-7.8208921e-05,0,24.9375,149.07301,36.44347,2.8836624,2.7815296
2002.3333,18.109718,6.4580152,7.4398358e-06,0.0021344479,0.091990156,0,22.390289,148.21341,35.166851,2.6632041,0.042250535
2002.4167,16.995633,6.5748869,8.4809326e-06,0.15803274,7.273561,0.055039165,20.074108,147.33163,34.045864,15.596604,9.2452705
2002.5,17.771488,7.3346761,1.0985626e-05,0.24459223,10.950825,0.14861662,19.798201,146.2157,33.177536,10.728764,35.043129
2002.5833,19.912636,7.3902993,1.6547609e-05,0.18578014,8.3762133,0.12949,20.542547,145.12495,32.471718,5.8278124,28.90806
2002.6667,21.377232,7.377821,1.5221459e-05,0.2454663,3.193025,0.054077865,20.746901,144.24921,31.911211,7.1949677,28.369765
2002.75,23.101909,7.5049074,1.3353607e-05,0.15295732,0,0,21.378923,143.78093,31.423149,5.5712611,14.822065
2002.8333,22.91432,7.4808346,1.0283906e-05,0.014269488,0,0,21.074219,143.84004,30.957188,4.452294,1.2437465
2002.9167,22.386918,7.3999455,8.304326e-06,0.00088927503,0,0,20.608143,144.40886,30.510395,5.9276451,2.147891
2003,21.697402,7.4298205,6.783403e-06,3.8450995e-05,0,0,19.97765,145.59195,30.070414,4.1335689,3.816576
2003.0833,21.089762,7.3156864,6.5709819e-06,1.9815502e-07,0,0,19.197998,147.28574,29.655418,3.6525343,3.716236
2003.1667,19.619413,6.9671529,6.7303613e-06,-2.3078146e-09,0,0,18.011766,148.69087,29.232128,2.8431594,0.00025203672
2003.25,18.005449,6.5514604,6.9816238e-06,-2.346241e-09,0,0,16.453182,149.69003,28.770582,2.6739626,0.00024242864
2003.3333,16.615363,6.2922928,7.9197916e-06,0.017429606,0.32429551,0,14.895033,150.05992,28.266733,3.3145289,0.00023824714
2003.4167,16.098807,6.8171876,9.0620679e-06,0.21503422,10.036302,0.098257668,13.921087,149.8107,27.731884,15.446248,19.475362
2003.5,18.018015,7.1487012,1.5699839e-05,0.20720289,9.6325091,0.16792744,14.595796,148.65538,27.228451,6.0113566,34.802131
2003.5833,21.306431,7.1885195,1.4427593e-05,0.17354906,8.2949336,0.15883267,15.624569,146.99767,26.779049,5.831686,31.795042
2003.6667,24.068339,7.2084665,1.2349738e-05,0.1765166,3.6470322,0.074829133,15.59868,144.99625,26.415012,6.1273443,31.568154
2003.75,27.041238,7.2974865,1.0519139e-05,0.15707768,0,0,15.402107,142.77742,26.103569,5.5446691,27.911804
2003.8333,28.019562,7.2944807,7.8583698e-06,0.026169647,0,0,14.849167,140.48264,25.836351,4.0726913,2.7347962
2003.9167,26.748884,7.1380301,6.1127566e-06,5.7441294e-06,0,0,14.376476,138.2319,25.618338,2.95503,0.39141978
2004,26.724979,6.9609149,7.4604736e-06,2.5201152e-14,0,0,14.024657,135.99475,25.441854,2.8246604,0.10517832
2004.0833,27.16966,6.7827697,7.3361748e-06,2.1970305e-09,0,0,13.578866,133.86316,25.307922,2.7510153,0.11697848
2004.1667,27.205534,6.622138,7.3013116e-06,0,0,0,12.821552,131.59935,25.184696,2.6829509,0.076683993
2004.25,26.07958,6.4471262,7.3275914e-06,-1.9552883e-06,0,0,11.684292,128.64833,25.046232,2.6091445,0
2004.3333,22.278473,6.1064786,8.4325357e-06,0.0071654101,0.40398215,0,8.0616446,123.58047,24.877937,2.6957751,0
2004.4167,19.345855,6.5530753,9.8879727e-06,0.18821872,10.128396,0.12852921,6.1295695,113.81284,24.653252,17.541145,5.9003839
2004.5,16.5515,7.0724101,1.914836e-05,0.23075985,11.435769,0.24730285,5.8688602,104.56109,24.384401,7.8202893,17.294286
2004.5833,14.283526,7.1437983,2.370053e-05,0.17445222,8.4799491,0.21168121,5.8131599,96.019073,24.074482,6.4285696,11.95301
2004.6667,12.824278,7.2571626,2.5304575e-05,0.18220623,3.6755694,0.087644324,5.8705397,88.388672,23.751112,7.7779108,16.512411
2004.75,13.256307,7.4779647,2.1509873e-05,0.13408848,0,0,6.120553,81.501122,23.45223,6.7203801,12.488298
2004.8333,12.828133,7.4684895,2.170538e-05,0.0027672137,0,0,6.2047997,75.25882,23.229986,3.3957141,1.9930389
2004.9167,12.57852,7.3389225,2.1346146e-05,1.4191559e-08,0,0,6.1903462,69.610275,23.136345,3.580724,2.5006218
2005,12.552193,7.2347033,2.107428e-05,7.173704e-06,0,0,6.1271667,64.403374,23.165874,3.1829276,3.7744968
2005.0833,12.604935,7.1102846,2.0302679e-05,0,0,0,5.9445181,59.904366,23.255487,3.1228691,5.5301015
2005.1667,12.295405,6.9792187,2.0225109e-05,0,0,0,5.683682,55.788509,23.304398,2.8636318,0.98215304
2005.25,11.226601,6.8299668,2.1158488e-05,0,0,0,5.3010101,51.799652,23.300213,2.7639255,0
2005.3333,10.239596,6.6811703,2.2670049e-05,0.014736833,1.1627883,0,4.8150353,47.842022,23.246565,4.4145021,0
2005.4167,9.2624184,7.3148659,2.5643452e-05,0.20995961,8.9175139,0.1127026,4.4256372,43.991158,23.163601,21.349083,16.201311
2005.5,9.8291794,8.0813505,3.1141568e-05,0.27382264,11.093746,0.24777479,4.3120012,40.314438,23.059645,9.6116482,33.592733
2005.5833,12.160626,8.2953898,2.6631296e-05,0.23139697,8.8309104,0.23464004,4.4745026,36.871857,22.928301,7.883121,26.145497
2005.6667,13.753496,8.3304308,2.2374061e-05,0.13066231,5.0029314,0.13709216,4.6714664,34.031517,22.761751,6.5302164,11.811398
2005.75,14.831886,8.4194848,1.8907818e-05,0.080263412,0.55121432,0.011790271,4.9009576,31.783903,22.546009,7.1612721,6.521596
2005.8333,15.645972,8.4085325,1.1403113e-05,2.6830598e-05,0,0,5.13588,30.11412,22.261185,4.1201168,3.3330952
2005.9167,16.335977,8.3048446,8.9886589e-06,2.8938103e-09,0,0,5.346046,29.014898,21.897745,4.6255224,5.2254157
2006,16.752806,8.2282657,8.8899742e-06,1.6453618e-20,0,0,5.5116205,28.447538,21.445107,3.6485832,7.1200858
2006.0833,16.941503,8.0668544,8.9755349e-06,0.00066737236,0,0,5.6161256,28.121367,20.932739,3.581123,6.9520024
2006.1667,16.131725,7.940108,9.6448766e-06,8.0801228e-05,0,0,5.6749196,27.765726,20.336214,3.4263039,3.8279693
2006.25,14.822664,7.7905385,1.0492901e-05,-0.00036673321,0.049739141,0,5.2411551,27.379286,19.646843,3.2141992,0.28930703
2006.3333,12.838709,7.6055666,1.2023324e-05,0.010588552,0.65313609,0,4.6077671,25.575026,18.889557,3.6096032,0.00053951812
2006.4167,11.517685,8.2805343,1.3815081e-05,0.25601314,8.7582236,0.11361266,4.4019361,23.698893,18.059225,20.642226,22.064409
2006.5,13.764188,8.9777941,2.0892676e-05,0.31181762,9.9660888,0.23738072,4.5949459,22.146654,17.150204,10.052056,45.007105
2006.5833,17.530762,9.2219701,1.97644e-05,0.27138201,8.1731856,0.23287683,5.0843592,20.845282,16.155481,7.9521287,37.875957
2006.6667,21.220054,9.3834605,1.6448361e-05,0.18833588,5.2544686,0.15820301,5.5550966,19.774437,15.095043,7.5109575,21.409044
2006.75,23.795407,9.5664198,1.3786078e-05,0.19334066,0,0,5.8670793,18.852806,13.956771,7.8578432,15.878478
2006.8333,22.793811,9.6575171,1.3169841e-05,0.0060692271,0,0,6.1174011,18.058271,12.769098,5.7245213,1.0477873
2006.9167,24.057772,9.6520213,1.2182932e-05,0,0,0,6.3049898,17.441244,11.673309,6.9627826,0.96204522
2007,24.648605,9.7710872,1.1577131e-05,8.4885196e-21,0,0,6.4175148,16.936857,10.678825,5.3815679,1.6893985
2007.0833,24.802569,9.7610783,1.1208645e-05,0,0,0,6.361589,16.537613,9.828351,5.3737007,2.9866014
2007.1667,23.831321,9.7243618,9.4779634e-06,9.0798024e-09,0,0,6.1832871,16.178558,9.0588436,4.8220447,0.25631525
2007.25,20.401431,9.5717972,9.5223486e-06,0,0,0,5.6199651,15.785258,8.3309526,4.718316,0.094542626
2007.3333,15.522385,9.4149699,1.2330876e-05,0.014235805,0.50170072,0,4.9196281,15.182415,7.6565647,5.7465964,0.72995476
2007.4167,12.444309,10.218891,1.53972e-05,0.33267026,8.5905632,0.11224133,4.7485585,14.216894,7.0267305,22.196699,14.91461
2007.5,13.82911,11.216374,2.1812577e-05,0.46072307,11.128516,0.26327051,5.2704716,13.313333,6.446919,12.516317,37.554421
2007.5833,16.642086,11.527699,2.0502135e-05,0.39853575,9.1948798,0.29794957,6.5268126,12.646671,5.9150629,9.5942044,38.999229
2007.6667,19.014062,11.816487,1.7420818e-05,0.27311352,6.1807552,0.20762578,8.1526585,12.067571,5.4472647,9.6183189,28.582114
2007.75,20.678759,12.176181,1.4048171e-05,0.13786837,0.2439252,0.0083430996,8.8987904,11.560669,5.0369382,10.533049,15.451111
2007.8333,21.32242,12.307213,1.2067769e-05,0.0062078129,0,0,8.7622709,11.139713,4.6874347,6.3252755,5.2984091
2007.9167,21.75137,12.28588,9.6315907e-06,0.0020565243,0,0,8.6261415,10.779346,4.3925681,7.1450161,7.4598277
2008,22.164537,12.355405,8.2912356e-06,0.00088422549,0,0,8.4369993,10.464089,4.1347666,6.1543478,10.70184
2008.0833,22.51762,12.325578,8.136808e-06,5.1677668e-05,0,0,8.1655254,10.199569,3.9257679,5.7976937,15.238529
2008.1667,21.742012,12.222523,8.4131616e-06,3.6042402e-08,0,0,7.7772207,9.9766121,3.7506826,5.1071128,0.60186973
2008.25,14.431945,11.623514,1.2473103e-05,0,0.065993181,0,6.4946904,9.7366104,3.5999734,4.8363401,0.038815557
2008.3333,12.674787,11.565273,1.4157808e-05,0.032461648,1.1250684,0,6.1542473,9.3986855,3.4782128,8.0965497,0.013167906
2008.4167,11.915667,13.148514,1.5245402e-05,0.43095539,8.4268828,0.12007241,5.7112947,9.0573158,3.3841527,35.887269,43.880598
2008.5,18.476451,14.44574,1.6228529e-05,0.50792484,9.8055921,0.23612904,5.5580392,8.8217726,3.3123143,13.29185,96.82919
2008.5833,26.37212,14.806957,1.3085947e-05,0.44899891,8.4545382,0.26409608,6.0481825,8.7059917,3.2410209,11.735821,87.86091
2008.6667,33.41604,15.138667,9.8212877e-06,0.32761695,4.9940208,0.16484569,6.9713578,8.7692127,3.1723084,11.97479,60.749205
2008.75,36.750052,15.39328,7.3330903e-06,0.070653454,0,0,7.4005666,9.0808334,3.1100082,9.7124626,22.186039
2008.8333,38.018871,15.437189,4.3502519e-06,0.00073872293,0,0,7.7118173,9.7250557,3.0618072,8.4098773,14.046372
2008.9167,38.936507,15.401966,4.0515997e-06,1.0548478e-08,0,0,8.1515722,10.786633,3.0363138,7.5858849,8.29774
2009,39.096598,15.188003,4.0253271e-06,4.2666028e-06,0,0,8.6623135,12.350746,3.041055,6.3534522,3.6521201
2009.0833,38.676519,14.887162,4.1322746e-06,1.8488537e-07,0,0,9.1847868,14.408943,3.0789831,6.1820033,0.42681731
2009.1667,37.102599,14.709705,4.387422e-06,0,0,0,9.7856846,16.969938,3.1487603,6.0831837,0.12314774
2009.25,36.076989,14.492512,4.4055269e-06,0,0.21858622,0,10.21511,20.132473,3.2504206,5.994364,0.13628314
2009.3333,34.954667,14.244767,4.5764741e-06,0.022347127,1.3472036,-6.1766187e-05,10.373433,23.891676,3.3776259,6.9529727,0.070373081
2009.4167,35.802923,15.786216,4.5894103e-06,0.6340299,10.134233,0.15231648,10.052156,27.725811,3.5151601,37.828953,59.663483
2009.5,44.627022,16.773002,6.2042791e-06,0.72463039,11.124552,0.28087997,11.246827,31.413685,3.6490202,14.076296,140.41071
2009.5833,55.050828,17.112028,5.1872221e-06,0.54032438,8.200065,0.26193316,13.573377,35.099434,3.7846255,13.930682,104.2683
2009.6667,61.69166,17.398426,4.3808195e-06,0.42447367,5.2468266,0.17415808,15.662119,38.76437,3.9232645,14.048217,72.014068
2009.75,67.166552,17.66818,3.7705856e-06,0.33965958,0,0,17.080721,42.595806,4.0737991,12.508087,50.156361
2009.8333,68.236567,17.607424,3.1653024e-06,0.00076741995,0,0,18.107948,46.733501,4.251842,8.8228052,5.4763685
2009.9167,68.079643,17.440543,2.7327026e-06,0.00082540152,0,0,19.221447,51.263924,4.4708238,10.168499,4.0330166
2010,67.207262,17.329304,2.875782e-06,1.8567695e-06,0,0,20.390242,56.333817,4.7360191,7.6447479,0.51346374
2010.0833,66.325665,17.047856,2.9142657e-06,0.0047557546,0,0,21.379902,61.838295,5.0225387,7.426267,0.28887518
2010.1667,65.082349,16.734,2.9710297e-06,0.0001354928,0,0,21.347454,67.4188,5.3331084,7.2846802,1.2188607
2010.25,62.712461,16.369626,3.1137499e-06,0.0025476912,0,0,20.740303,72.75602,5.6726809,7.127518,2.6429998
2010.3333,58.483563,16.098848,3.3895092e-06,0.14550905,2.6294864,0.012094395,19.808134,77.477112,6.021306,21.93932,5.1231803
2010.4167,55.228282,17.969176,3.7404163e-06,0.79459138,10.703401,0.14700258,19.273312,81.263168,6.3642626,30.049694,79.802073
2010.5,61.025254,18.584896,5.2663163e-06,0.7216141,9.8159543,0.21330764,20.148518,84.222588,6.7001905,15.361682,122.38288
2010.5833,70.057124,18.798616,4.9112082e-06,0.60798535,8.1604685,0.24072349,21.562017,86.698517,7.053997,15.493464,105.85095
2010.6667,76.31886,19.035103,4.6149271e-06,0.43880253,5.2794479,0.16614413,22.595261,88.767876,7.4008617,16.079167,82.32328
2010.75,81.414022,19.208169,3.8303515e-06,0.23562669,0,0,22.899115,90.591751,7.7575154,12.5612,27.386745
2010.8333,81.280969,19.028954,3.6317358e-06,0.01067851,0,0,22.798424,92.259865,8.1376114,10.256302,1.6436757
2010.9167,80.44789,18.793635,3.191318e-06,7.1525575e-05,0,0,22.606619,93.782036,8.542469,11.941349,2.3438072
2011,76.086432,18.588154,3.0710714e-06,0,0,0,22.499031,95.274971,8.9814119,8.1892755,0.81493002
2011.0833,70.225999,18.072208,3.0958338e-06,0,0,0,22.341881,96.566704,9.423934,7.4334348,0.27153349
2011.1667,66.498131,17.379817,3.27727e-06,0,0,0,21.521946,97.78186,9.9056206,7.1114658,0.44381561
2011.25,53.489462,15.696621,3.8212052e-06,0,0.067779305,0,15.591737,98.016823,10.449378,6.4278182,0.77221862
2011.3333,44.698574,14.526146,4.4863905e-06,0.017003338,0.88986828,0,10.969633,95.031158,11.000268,6.9531175,0.43922406
2011.4167,43.325745,15.76701,4.6901928e-06,0.49584445,8.5485989,0.079223954,10.059011,91.367043,11.521624,42.048728,27.314349
2011.5,45.638885,16.737619,6.6452026e-06,0.48586394,8.9828246,0.13890224,9.5097485,87.242767,12.023103,13.2728,58.378101
2011.5833,47.95371,16.695991,7.2141916e-06,0.40979441,7.6595968,0.15697765,9.2408247,82.652199,12.517833,13.156744,54.774012
2011.6667,49.276005,16.668105,7.0373039e-06,0.31226911,5.5238352,0.13412479,8.9811316,77.838188,12.995186,13.499306,39.526807
2011.75,51.19472,16.826006,5.9402346e-06,0.27875951,0,0,8.5933857,72.761513,13.466047,14.282463,38.553372
2011.8333,47.979213,16.703296,5.253537e-06,0.0031684217,0,0,7.9305029,67.459976,13.936249,8.9730811,2.3219438
2011.9167,30.233832,16.445886,4.990447e-06,2.0672176e-05,0,0,7.7090707,61.99229,14.388709,9.2817573,1.356329
2012,26.220687,16.223578,6.1875062e-06,-1.0835133e-07,0,0,7.8575382,56.654545,14.828718,7.4766781,0.52332755
2012.0833,26.066804,15.685808,6.3669795e-06,0,0,0,7.8492332,52.07724,15.236176,6.3810999,0.10737957
2012.1667,26.276451,15.300549,6.3879111e-06,0,0,0,7.8138461,47.968281,15.629699,6.197813,0.014698736
2012.25,26.416859,14.91895,6.4338597e-06,0,0.062715928,0,7.3785653,44.07296,16.006659,6.0384051,0
2012.3333,26.027875,14.526654,6.6784719e-06,0.00054411845,0.63054923,0,6.9309525,40.565708,16.346645,5.8795833,0
2012.4167,23.842098,15.573338,7.332922e-06,0.43553028,7.5982445,0.059351655,6.5886798,37.260113,16.644901,48.123687,4.0024332
2012.5,21.530947,18.18971,1.2803527e-05,0.58444782,9.3218724,0.1241461,6.8879766,34.269772,16.867685,28.555554,19.566388
2012.5833,19.773308,18.483041,1.6474321e-05,0.42082831,6.6159307,0.1237725,7.3753128,31.605986,17.024374,15.388195,11.221439
2012.6667,18.197818,18.56496,1.756496e-05,0.55804168,3.142043,0.062284307,7.8276119,29.31765,17.129814,16.553819,39.290574
2012.75,22.072835,18.966453,1.3519238e-05,0.2733878,0,0,8.6729622,27.331421,17.203959,16.976183,28.287611
2012.8333,25.11155,18.880548,8.1846392e-06,0.0003353935,0,0,8.7226601,25.622044,17.273592,10.665517,11.953811
2012.9167,27.718926,18.498484,5.5180535e-06,3.2642894e-09,0,0,8.6293783,24.164665,17.344746,11.871734,15.481836
2013,29.799238,18.134201,5.5496967e-06,0.00021725399,0,0,8.4339523,22.909578,17.419325,8.8982167,16.061449
2013.0833,31.976797,17.81345,5.2833902e-06,4.0568438e-06,0,0,8.2204742,21.884521,17.49007,8.7673112,22.611304
2013.1667,33.108409,17.467534,5.1736529e-06,-3.5496993e-06,0,0,7.8084445,20.962152,17.542833,7.7150958,5.1020238
2013.25,32.033857,17.057812,5.2585924e-06,-5.768191e-06,0.063275794,0,7.30513,20.002857,17.557993,7.3065623,0.0047456483
2013.3333,29.798236,16.643116,5.7430439e-06,0.012037515,0.6320324,0,6.4254718,18.845079,17.525051,7.7686002,0.0043369248
2013.4167,28.634399,17.769165,6.1681089e-06,0.59832389,8.6315871,0.06085388,6.3013468,17.610172,17.437418,46.13808,60.128057
2013.5,32.981232,19.34153,9.7193724e-06,0.66575238,9.6564485,0.11896434,6.4741964,16.567062,17.288477,18.862577,87.213979
2013.5833,37.165523,19.358926,1.0024019e-05,0.57509975,8.3667007,0.13624547,7.0138283,15.752572,17.083975,15.333748,60.866922
2013.6667,39.697655,19.351263,9.0755539e-06,0.5147294,4.385661,0.081474693,7.7494965,15.465549,16.838671,16.287138,56.820484
2013.75,42.654525,19.532295,7.7528193e-06,0.37629785,0,0,8.7012815,15.715522,16.442614,17.74275,45.644915
2013.8333,44.306647,19.578541,7.1829086e-06,0.052731601,0,0,9.3690376,16.422977,15.801532,12.118843,28.399549
2013.9167,46.293627,19.269558,5.7994012e-06,0.0015892052,0,0,9.8858051,17.649019,15.162636,10.601436,17.91532
2014,45.478769,18.992513,4.7142985e-06,0.00013380637,0,0,10.531015,19.461098,14.52816,8.6905439,4.4899463
2014.0833,42.985164,18.606897,4.9479809e-06,5.6725462e-05,0,0,11.27332,21.738361,13.935471,8.5231367,5.8046887
2014.1667,40.554911,18.209208,5.1571551e-06,2.4261053e-12,0,0,11.893325,24.577261,13.351502,7.9944994,1.9629669
2014.25,37.022326,17.7797,5.5648902e-06,5.4777819e-06,0,0,12.68616,28.068645,12.77093,7.6848883,0.005271165
2014.3333,34.203198,17.393831,6.0045368e-06,0.060700015,0.42461951,0,12.744113,31.170353,12.252227,11.586368,0.01563964
2014.4167,32.222789,18.906776,6.3901157e-06,0.67986784,8.9783658,0.073895598,12.471692,33.213909,11.800504,48.571974,37.307057
2014.5,36.219995,20.416507,9.0499316e-06,0.70167557,9.1906291,0.14216015,12.733875,34.317589,11.442248,20.602967,86.955605
2014.5833,43.426923,20.66927,8.8560646e-06,0.66651839,8.4409628,0.1822884,13.464512,33.913193,10.961077,17.607087,90.458309
2014.6667,52.151524,21.172037,7.3213305e-06,0.99877672,1.2214052,0.025968304,14.365026,33.500034,10.44247,22.176393,146.45969
2014.75,61.445929,21.414682,5.662183e-06,0.2589648,0,0,14.90474,33.261494,9.9817533,14.282997,60.737504
2014.8333,64.5281,21.203099,3.7758773e-06,0.0072377356,0,0,15.060447,33.290161,9.6156712,11.652553,43.197192
2014.9167,67.069672,20.907637,3.0885597e-06,0.0005412071,0,0,15.286897,33.641308,9.321949,11.86696,19.513735
2015,66.533297,20.648515,3.1453599e-06,0.00046897939,0,0,15.557673,34.353561,9.098402,9.6908156,3.3506653
2015.0833,65.640107,20.204967,3.1315285e-06,0.00091956872,0,0,15.774025,35.363743,8.9477386,9.5011162,5.8223234
2015.1667,64.109698,19.696819,3.349925e-06,0.00045381752,0,0,15.950731,36.763786,8.8488798,8.1720338,0.022797128
2015.25,62.01845,19.226609,3.4059242e-06,-0.0001183499,0,0,16.033041,38.585648,8.7973309,7.9736138,0.0020736827
2015.3333,59.387296,18.959226,3.621609e-06,0.19222799,2.4753063,0.015076861,15.870348,40.605244,8.7898045,29.455047,3.0421159
2015.4167,61.315328,21.250252,4.0389091e-06,0.97761604,11.303316,0.15421109,15.900525,42.572487,8.8179455,33.284894,142.82283
2015.5,71.385689,21.969022,5.6559315e-06,0.90743735,10.246317,0.24022189,17.099041,44.43943,8.876709,18.851234,185.43237
2015.5833,83.614387,22.228127,4.9446535e-06,0.69461255,7.8028076,0.20623825,17.351629,46.38728,9.1247501,17.52643,139.51425
2015.6667,92.117272,22.39437,4.4397789e-06,0.65831388,3.7735223,0.10006199,18.501814,48.227627,9.625845,17.855222,122.56909
2015.75,98.003775,22.519901,3.9098036e-06,0.33573271,0,0,19.334867,50.117653,10.111017,15.155326,46.908666
2015.8333,92.909835,22.163318,3.8029348e-06,0.015212194,0,0,20.243731,52.174446,10.590789,9.3434275,0.81456174
2015.9167,85.587025,21.648118,3.9387701e-06,0.0003867935,0,0,21.378584,54.471363,11.077103,9.6361268,1.5059716
2016,80.981515,21.173593,3.9283691e-06,0.00036648264,0,0,22.436117,57.086205,11.592649,8.9576285,1.4389774
2016.0833,77.474363,20.67079,3.5103142e-06,9.7859421e-05,0,0,23.129591,59.803509,12.125703,8.7564873,2.2792363
2016.1667,73.935725,20.143397,3.4040847e-06,-7.7899784e-07,0,0,23.588316,62.649872,12.687916,8.5445229,3.4325546
2016.25,69.476299,19.414451,3.4803188e-06,1.2335511e-06,0,0,23.528484,65.870697,13.275242,8.0657365,2.246726
2016.3333,54.557499,17.914001,4.284776e-06,0.22303398,2.6947339,0.02159127,21.6528,69.537056,13.704564,30.273659,4.5982454
2016.4167,54.632049,20.425271,4.8829334e-06,0.89194428,11.137131,0.19515712,21.851994,72.894806,14.054379,34.899983,96.874173
2016.5,62.306862,21.053612,6.0544694e-06,0.81600536,9.9386121,0.27461186,22.98818,75.503983,14.449286,17.685043,140.92993
2016.5833,72.655611,21.193484,5.541584e-06,0.68307405,8.2003222,0.25076186,24.635921,77.639633,14.899312,16.799943,127.05173
2016.6667,81.169561,21.342181,4.6964205e-06,0.57423886,4.8118912,0.14505835,26.178547,79.334137,15.394408,17.626097,97.796592
2016.75,86.649805,21.451565,3.9379897e-06,0.38835598,0,0,26.818464,80.825233,15.949499,15.645879,45.78246
2016.8333,86.888902,21.266675,3.4806849e-06,0.0098542772,0,0,26.940207,82.263374,16.573601,11.318201,9.3130405
2016.9167,86.664334,20.919237,2.2881709e-06,6.2368691e-05,0,0,27.026262,83.712578,17.271341,14.620335,16.207883
2017,85.969374,20.726079,2.3087305e-06,0.0030621822,0,0,27.050419,85.211823,18.053553,8.8607101,0.83447082
2017.0833,84.428005,20.159043,2.3273099e-06,0.0017349858,0,0,26.709181,86.683876,18.860615,8.5678295,0.83518561
2017.1667,81.934229,19.600758,2.397283e-06,2.0335344e-05,0,0,25.960373,88.11821,19.724012,8.2598588,0.0035158869
2017.25,77.826217,18.94908,2.486323e-06,0.0022891928,0,0,24.897816,89.341286,20.612827,7.9952635,0.0035069646
2017.3333,72.681755,18.470537,2.6646344e-06,0.16700333,1.6327902,0.012140114,23.354324,90.322189,21.426245,23.317384,0.02952134
2017.4167,70.733264,20.515027,3.0066446e-06,0.85920851,10.636027,0.21403142,22.407631,90.809204,22.155426,34.994799,80.989099
2017.5,77.764757,20.939225,4.1330322e-06,0.83459391,10.272371,0.33387199,22.100918,90.628067,22.803307,17.979984,143.56951
2017.5833,87.570764,21.022297,3.5730061e-06,0.63266921,7.7262611,0.27564461,22.337259,89.960426,23.391027,16.407488,110.75485
2017.6667,94.585255,21.054503,3.1657808e-06,0.53199552,4.5763058,0.16481473,22.705502,89.06282,23.912142,16.913032,83.55622
2017.75,100.09561,21.175904,2.8298837e-06,0.42123917,0,0,22.78171,88.118027,24.384859,14.472475,67.032975
2017.8333,98.509364,20.75468,2.6468372e-06,0.01667329,0,0,22.515104,87.148109,24.821421,8.7637269,3.1554373
2017.9167,94.387993,20.197704,2.656021e-06,0.00057504505,0,0,22.20676,86.196999,25.231449,9.3333528,5.1711983
2018,90.570487,19.696917,2.6810453e-06,0.0005554595,0,0,21.791588,85.353371,25.626314,8.3194728,9.2269776
2018.0833,86.955249,19.112118,2.5332704e-06,5.513751e-05,0,0,21.126173,84.455841,25.976757,7.7559303,0.52428835
2018.1667,79.850517,18.467365,2.6377363e-06,0,0,0,20.226767,83.522781,26.276918,7.4805601,0.035797568
2018.25,52.667465,15.735393,3.4656373e-06,0,0,0,11.242544,81.178421,26.511999,6.3726559,0.020980853
2018.3333,27.10609,13.249723,6.0206053e-06,0.0035962329,0.38412032,0,6.7581668,75.752937,26.597397,5.4738608,0.010741654
2018.4167,25.193993,13.78742,6.3660655e-06,0.29473545,7.1208972,0.098100737,6.4231052,70.343681,26.610214,31.533202,6.4952718
2018.5,26.24038,15.260629,7.0665765e-06,0.38620665,10.671628,0.26007041,6.3543892,65.444405,26.580524,20.613316,27.359182
2018.5833,28.370071,15.517426,7.0330252e-06,0.29726439,8.0691507,0.28129466,6.660677,61.013905,26.500383,12.987809,19.124885
2018.6667,29.804448,15.521987,6.5147251e-06,0.23264812,5.5988813,0.21401675,6.9933391,57.134525,26.371754,12.418932,13.011938
2018.75,34.069885,15.598972,5.4658954e-06,0.37643514,0,0,7.431313,53.72068,26.186666,11.773153,49.417524
2018.8333,35.609201,15.499563,4.9221189e-06,0.023150271,0,0,7.5088544,50.725384,25.941792,8.4534777,2.8139623
2018.9167,36.151901,15.17861,4.7411286e-06,0.0014131281,0,0,7.4575825,48.111496,25.633615,8.7499076,4.9010423
2019,36.073431,14.903805,4.6771816e-06,0.00054376091,0,0,7.1325641,45.791557,25.246801,6.8908229,8.1694622
2019.0833,36.186274,14.540817,4.5957659e-06,5.4996014e-05,0,0,6.7995439,43.849979,24.789289,6.7276031,12.915821
2019.1667,35.522155,14.199605,4.610215e-06,0,0,0,6.4660277,42.072517,24.236055,5.8973458,3.076375
2019.25,30.603835,13.82223,5.0851236e-06,0,0,0,6.1797619,40.317703,23.554344,5.5955853,7.8650837e-05
2019.3333,20.08481,13.497896,7.212157e-06,0.033318267,0.4553897,0,6.0420027,38.631618,22.753637,9.2814597,0.00010394826
2019.4167,19.18819,14.858187,7.6341948e-06,0.45759363,10.211102,0.13681214,5.7741718,36.812469,21.894136,32.941706,47.9083
2019.5,23.489077,15.546801,6.9982234e-06,0.44725226,10.487755,0.23152201,5.9573283,34.943192,21.003948,13.977124,59.640179
2019.5833,23.375532,15.694499,7.3179403e-06,0.3515188,8.2162433,0.23513592,6.4086475,33.079235,20.063332,13.115059,29.2658
2019.6667,22.654505,15.853455,7.3632268e-06,0.31330134,4.978496,0.15831785,6.859374,31.342203,19.104542,13.76527,24.048473
2019.75,27.093517,16.147573,5.8070787e-06,0.31204415,0,0,7.4121528,29.894476,18.102301,14.718597,35.883018
2019.8333,29.424209,16.047103,4.8881639e-06,0.007133741,0,0,7.6748614,28.800129,17.012302,7.6644501,4.7984992
2019.9167,29.234033,15.751109,4.1521253e-06,1.2533451e-07,0,0,7.9238009,28.057236,15.831753,7.9962132,18.064841
