year,froot_gCm2,leaf_gCm2,p_uptake_demand_ratio,gpp_pft7_gCm2day,gpp_pft9_gCm2day,gpp_pft10_gCm2day,l2fr_site,l2fr_canopy,l2fr_ustory,leaf_alloc_gCm2yr,froot_alloc_gCm2yr
1901,8.7651974,0,7.4807729e-05,0.00037011967,0,0,1.9429388,1.370608,1.4069327,0,0
1901.0833,8.1503913,0,7.5548298e-05,-1.0069386e-06,0,0,1.8324089,1.3634757,1.4023757,0,0
1901.1667,7.498852,0,7.7641802e-05,-1.2723592e-05,0,0,1.7638813,1.3564615,1.3973341,0,0
1901.25,6.9624954,1.4436956,9.8318065e-05,-0.00085527255,-0.00025116616,0,1.7443135,1.3500968,1.3926682,39.337501,9.9547474
1901.3333,6.5940586,3.2788452,0.00013048734,-0.00031196271,0.00031915092,0,1.7176278,1.3429689,1.385999,0,0
1901.4167,6.2099579,3.4340818,0.00015472906,0.76500872,2.2581674,0.027141192,1.6477833,1.3312879,1.3722913,3.42967,0.019663392
1901.5,6.7997253,5.441051,0.00021053289,2.924807,7.2994495,0.22536288,1.7433972,1.3127095,1.3473445,19.241021,2.3523768
1901.5833,7.5721852,7.1049533,0.00025505919,2.4950652,6.2705057,0.23029216,2.0596919,1.294016,1.3122483,4.525143,5.4811367
1901.6667,8.0476664,0.76203869,0.00013863547,2.0942154,0.56558608,0.022167388,2.2775137,1.2826096,1.2781167,4.6082805e-13,0.82636609
1901.75,7.7547431,0,0.00010621993,0.40044232,0,0,2.2589982,1.2738615,1.2476742,0,0
1901.8333,7.2840243,0,6.4333988e-05,0,0,0,2.1184571,1.2658877,1.2200958,0,0
1901.9167,6.3648992,0,6.8130917e-05,-7.5957911e-12,0,0,1.9680442,1.258383,1.1939005,0,0
1902,5.3327838,0,7.5504788e-05,0,0,0,1.7974517,1.2510943,1.1673542,0,0
1902.0833,4.3315692,0,8.7808359e-05,-2.7202258e-10,0,0,1.6517799,1.2444819,1.1426204,0,0
1902.1667,3.5618765,0,8.7697663e-05,0,0,0,1.5789551,1.2382187,1.1183008,0,0
1902.25,3.3691358,1.1630623,0.00014434988,-0.00011682482,-0.00010351883,0,1.6065412,1.2320635,1.0952818,21.947494,4.5263986
1902.3333,3.5556175,2.1178762,0.00020035588,0.039151411,0.12951195,0.0005466672,1.6238922,1.2252653,1.0746027,0.001848052,0.00032298743
1902.4167,3.9780391,3.2548064,0.00023571023,2.7438297,7.9992056,0.14226946,1.7703055,1.2163327,1.0539098,18.486928,1.4549086
1902.5,5.1990496,4.8745312,0.00036595541,2.766723,7.5004304,0.22829886,2.3403039,1.20787,1.0388324,0.47457832,9.7967102
1902.5833,6.1658048,3.101948,0.00029274382,2.5684623,4.2027045,0.13741652,3.1158636,1.2056671,1.0316221,2.0694558e-12,4.7040722
1902.6667,6.0994024,0,0.0001809674,2.1343268,0,0,3.9978583,1.2080989,1.0285077,0,0
1902.75,5.8312267,0,0.00016539462,0.39491272,0,0,4.6858139,1.2105669,1.0253574,0,0
1902.8333,5.5891583,0,0.00015706668,0.0001123936,0,0,4.9376793,1.2128192,1.0221084,0,0
1902.9167,5.3850394,0,0.00011928793,5.352747e-05,0,0,4.7796235,1.2148737,1.018486,0,0
1903,5.1851608,0,0.00011525699,0.0016410145,0,0,4.5209894,1.2167622,1.0148587,0,0
1903.0833,5.0017829,0,0.00011517258,0.0087768083,0,0,4.1527162,1.218379,1.0116323,0,0
1903.1667,4.8249904,0,0.00011873518,0.0078636146,0,0,3.6347997,1.2198325,1.0086511,0,0
1903.25,5.0373846,1.3404026,0.00014830398,0.0016271861,0.011755075,0,2.955198,1.2211455,1.0058287,32.312173,7.3632603
1903.3333,5.95885,3.5033165,0.00017403654,0.13536219,0.84624045,0,2.2496362,1.2211577,1.0023597,0,0
1903.4167,6.5372642,4.5899013,0.00017556186,1.7200885,4.1229368,0.08893219,1.6676326,1.2177261,0.99748027,13.756915,0.031204333
1903.5,7.3506148,7.1748388,0.0002571136,3.3721756,7.3184359,0.27933857,1.8267301,1.2112709,0.9893325,15.533897,12.611523
1903.5833,8.9743845,8.1991749,0.0002083306,3.1502248,6.1380787,0.27047924,2.1776991,1.2087057,0.98143733,0.77953289,12.009896
1903.6667,9.5483372,2.2698105,0.00012810261,2.568068,1.2990436,0.054305611,2.5135651,1.2154721,0.97742772,0.33176645,3.9301947
1903.75,9.0783611,0,8.8596193e-05,0.4898448,0,0,2.6479225,1.2254245,0.97519499,0,0
1903.8333,8.5946741,0,5.9726124e-05,1.5407814e-05,0,0,2.6533613,1.2343159,0.97364587,0,0
1903.9167,7.9411743,0,6.3694431e-05,0.0024698352,0,0,2.6515498,1.242093,0.97230846,0,0.030783369
1904,7.2796121,0,5.8861413e-05,-2.8623479e-09,0,0,2.6709585,1.2489021,0.97102177,0,0
1904.0833,6.6662901,0,7.5227996e-05,-1.4797812e-08,0,0,2.6643181,1.2543371,0.96941704,0,0
1904.1667,6.099571,0,8.0828482e-05,-0.00011350845,0,0,2.6468303,1.2586445,0.96629697,0,0
1904.25,6.261054,2.5639548,0.00010788781,-0.00045628436,-0.00055500267,0,2.5492473,1.261655,0.96369767,39.245209,7.7599374
1904.3333,6.4780833,3.9808755,0.00012759904,0.032284154,0.087112621,0.00021594509,2.4415867,1.2631617,0.96073532,0,0
1904.4167,6.5355031,5.3120279,0.00014930095,3.0262198,6.521533,0.16377183,2.4511201,1.2612425,0.95314091,25.072123,0.55225418
1904.5,7.4847713,7.7855051,0.00023862899,3.5660238,7.2010534,0.29018523,2.9501255,1.2584321,0.93884057,5.1559445,19.243034
1904.5833,8.6773802,3.0079142,0.00016688291,3.5060461,2.4857964,0.10039203,3.8839681,1.2609687,0.92151761,0.7519662,5.1619114
1904.6667,8.2991756,0,0.0001235786,2.8252967,0,0,5.0925097,1.2661833,0.90600771,0,0
1904.75,7.9104155,0,9.5908465e-05,0.16502513,0,0,6.2450824,1.2705811,0.89234787,0,0
1904.8333,7.5675221,0,7.0114082e-05,0.0057842091,0,0,7.2716613,1.2742642,0.88031709,0,0
1904.9167,6.9976752,0,7.1051778e-05,0,0,0,8.0767412,1.2771901,0.86956555,0,0
1905,6.3946843,0,7.7193043e-05,-4.7975887e-07,0,0,7.9433684,1.2793118,0.85937262,0,0
1905.0833,5.870386,0,8.6451015e-05,-3.0637344e-05,0,0,7.5082026,1.2801664,0.85085505,0,0
1905.1667,5.3869803,0,8.9611967e-05,-0.00014150046,0,0,5.903542,1.2784092,0.84531265,0,0
1905.25,5.5996315,3.2877985,0.00014353731,-0.0005519504,-8.663371e-05,0,5.0895844,1.2750723,0.84158427,41.715285,7.9667279
1905.3333,5.348111,4.0521501,0.00017071271,0.12559098,0.34830012,0.00010353224,4.6740246,1.2705405,0.83710539,0.003409795,0
1905.4167,5.4925093,5.145594,0.00019511759,2.9347081,6.4706989,0.1512012,4.3615174,1.2637564,0.83599705,21.571311,0.63033432
1905.5,6.4072986,7.6630469,0.00033670623,3.4974968,7.2744499,0.26613585,4.5918775,1.2586328,0.83866662,8.4701539,14.585538
1905.5833,8.3443811,7.8202197,0.00024259694,2.901111,5.6908848,0.22166239,4.663147,1.2612349,0.84543008,1.4209701,20.370534
1905.6667,9.0221157,0,0.00010301382,2.384675,0,0,4.4919276,1.2687526,0.89257252,0,0
1905.75,8.697846,0,9.7233846e-05,0.57590286,0,0,4.6529646,1.2725124,0.96254683,0,0
1905.8333,8.3853789,0,8.6655331e-05,0.0071794035,0,0,5.123013,1.2740247,1.0264971,0,0
1905.9167,8.0850618,0,8.270143e-05,1.0258267e-05,0,0,5.4759059,1.274568,1.0845294,0,0.2857
1906,7.8130793,0,8.2372186e-05,1.1195127e-07,0,0,5.4931631,1.2753001,1.1378042,0,0
1906.0833,7.5413999,0,8.3840634e-05,0.00062635913,0,0,5.3814306,1.2764369,1.1835814,0,0
1906.1667,7.2793257,0,8.3783161e-05,0.00010351793,0,0,5.1851106,1.2774098,1.2250648,0,0
1906.25,7.7293902,1.6919122,0.0001034204,0.0020144398,0.11523646,0,4.9132438,1.2781396,1.2643132,41.533257,15.374319
1906.3333,9.0000508,4.1950187,0.00012313138,0.022719769,0.64007848,0,4.6332836,1.2779247,1.3055886,0,0
1906.4167,9.5427036,4.9064383,0.00011767291,1.0469459,2.6815192,0.0431715,4.2903118,1.2748642,1.3453411,5.6212696,0.21159329
1906.5,10.048838,7.096807,0.00014174603,4.110084,7.7267216,0.26897295,4.24788,1.2645314,1.3816735,25.318042,5.2844678
1906.5833,10.506501,1.8533171,0.00010246994,4.104324,1.3288693,0.049292129,4.4134111,1.2529768,1.4179149,2.1823844,1.893879
1906.6667,9.9672405,0,8.7406574e-05,3.1916615,0,0,4.6153893,1.2438649,1.4533211,0,0
1906.75,9.5319413,0,8.3610495e-05,1.3131322,0,0,4.6840525,1.2355394,1.4884007,0,0
1906.8333,9.1405194,0,5.2414394e-05,0.015856383,0,0,4.4796414,1.2280432,1.5208745,0,0
1906.9167,8.4947441,0,4.7569312e-05,-2.3471011e-08,0,0,4.1390719,1.2227383,1.5500308,0,0
1907,7.8239581,0,5.5570366e-05,-5.8042991e-09,0,0,3.8708563,1.2210212,1.5765424,0,0
1907.0833,7.232463,0,6.1492043e-05,-7.6341419e-07,0,0,3.6258562,1.2223678,1.5992435,0,0
1907.1667,6.6843606,0,6.5543391e-05,-1.4548043e-08,0,0,3.3326385,1.2262522,1.6197033,0,0
1907.25,6.4840689,0.64477802,7.7321063e-05,-6.9858921e-07,-5.4452656e-05,0,2.9712727,1.2323471,1.638778,38.16941,18.110778
1907.3333,7.9775844,3.6372922,0.00010758048,-0.0010461454,-0.00034259175,0,2.7436955,1.2390844,1.6535116,0,0
1907.4167,8.6430889,4.3180143,0.00010674263,0.081734712,0.33486683,0,2.5194616,1.243708,1.6575519,0,0
1907.5,9.3938233,5.6577623,0.00010856076,2.8592114,5.5096134,0.14676862,2.4502492,1.2424967,1.6486378,17.760936,0.76003532
1907.5833,10.159329,7.3995162,0.00016026736,3.0582508,5.6833889,0.2087425,2.9424984,1.237785,1.6264474,7.056536,8.5373341
1907.6667,10.509424,3.1835192,0.00011504343,2.4144588,1.6832758,0.068748039,3.6564007,1.2381194,1.5932137,1.225178,2.4325405
1907.75,10.115433,0,5.8981561e-05,0.12144366,0,0,4.360383,1.2414824,1.557595,0,0
1907.8333,9.526263,0,4.0879859e-05,0.001245605,0,0,4.997849,1.244571,1.5251613,0,0
1907.9167,8.7364139,0,3.7899263e-05,0,0,0,5.5248756,1.2472538,1.4958127,0,0
1908,7.2485059,0,4.2490534e-05,-6.5484244e-07,0,0,5.3329382,1.2496344,1.4684939,0,0
1908.0833,5.6059747,0,4.90782e-05,-1.6513715e-08,0,0,5.1067638,1.2516503,1.4457835,0,0
1908.1667,4.6091564,0,5.1989107e-05,-8.4903681e-05,0,0,4.8965011,1.253424,1.4265567,0,0
1908.25,4.4637662,1.9258752,0.00010206096,-0.0013779282,-0.00036976434,0,4.6955566,1.2548451,1.4090632,25.936864,5.7012751
1908.3333,4.2270487,2.2910954,0.0001331471,0.04481975,0.13210383,0.00072265713,4.4319973,1.2544945,1.3909227,0.0072060102,0.00022041709
1908.4167,4.5113531,3.2240422,0.00015797206,2.9789384,7.071135,0.13044949,4.138979,1.2516482,1.3697863,17.520289,1.1481441
1908.5,5.7271952,4.8205787,0.00026932723,3.3805128,7.516478,0.23593489,4.4314942,1.2493023,1.3495195,1.1896619,10.560124
1908.5833,7.0076939,5.3657615,0.00025092051,2.3789867,5.235729,0.18046735,4.9697056,1.2539451,1.3367776,3.487244e-12,9.5598768
1908.6667,7.7500395,1.6979089,0.00015120882,2.0895785,1.2753408,0.044030709,5.8261552,1.2685533,1.3329501,1.0997653e-12,3.8106393
1908.75,7.4167303,0,9.9773701e-05,0.49854715,0,0,6.8890686,1.286009,1.3324393,0,0
1908.8333,6.9169346,0,6.0295686e-05,0.012506836,0,0,8.0191221,1.3018135,1.3323408,0,0
1908.9167,5.4968772,0,5.2466356e-05,0,0,0,9.0882511,1.3160813,1.3332009,0,0
1909,4.4792304,0,4.5106593e-05,0,0,0,9.8308296,1.3292882,1.3369105,0,0
1909.0833,4.0053087,0,4.7606187e-05,0,0,0,10.249895,1.3407985,1.3418101,0,0
1909.1667,3.6312875,0,5.0275492e-05,0,0,0,9.9662971,1.3512903,1.3464421,0,0
1909.25,3.5798361,0.72622235,8.9204703e-05,-1.5680204e-05,-2.0789574e-06,0,9.4488516,1.3610039,1.3507208,18.276733,4.9246233
1909.3333,4.2279875,2.0681205,0.00014363375,0.12134803,0.42505504,0.0029076294,8.985774,1.3685244,1.3532226,0.2283385,0.038180182
1909.4167,4.4087116,2.7256135,0.00014948344,2.2743088,6.3794352,0.09215759,8.5080919,1.3726599,1.3537867,13.535781,0.77486153
1909.5,5.1158168,3.8440241,0.00026963634,2.8569983,7.0682349,0.19202946,8.8374701,1.3758308,1.3545952,2.8279603,12.996546
1909.5833,6.6694687,4.5173932,0.0002843698,2.5346811,6.0575597,0.18122405,9.1426535,1.3844171,1.3597258,2.8671371e-12,8.3705746
1909.6667,7.9876417,2.701682,0.00017381199,1.6990496,2.7954269,0.086065772,9.3023443,1.4019599,1.3710974,1.7076131e-12,6.4794884
1909.75,7.9155406,0,9.1313355e-05,0.14923073,0,0,9.2552509,1.4239134,1.385626,0,0
1909.8333,7.6286998,0,6.9565744e-05,0.0033427446,0,0,9.132555,1.4439301,1.3990351,0,0
1909.9167,7.2234557,0,6.8708585e-05,1.9450802e-06,0,0,9.1392574,1.4619727,1.4111121,0,0
1910,6.1782394,0,7.3396521e-05,-1.0209219e-09,0,0,9.0226097,1.4784485,1.4234723,0,0
1910.0833,5.1946845,0,7.8886231e-05,-3.4405169e-06,0,0,8.3442869,1.4925591,1.4398035,0,0
1910.1667,4.750404,0,8.2030674e-05,-4.7199466e-05,0,0,7.6643257,1.5053039,1.4563223,0,0
1910.25,4.9732425,1.4122793,0.00011957288,-0.00037126727,-0.00024516717,0,6.9877682,1.5170331,1.4714,21.459201,6.2145352
1910.3333,5.6685084,2.5126887,0.00013086286,0.00040967963,0.006740497,0,6.1785235,1.5253817,1.4815737,0,0
1910.4167,6.0088877,2.9569368,0.00012949586,1.0513824,3.4463024,0.035523341,5.1770988,1.5289251,1.4876149,4.8082889,0.31576649
1910.5,6.1056986,4.2107669,0.00018554489,2.7973362,7.5826034,0.19554664,5.0307102,1.5281696,1.4920931,13.93764,7.3883385
1910.5833,7.2887656,4.8018633,0.00025626694,2.2380968,5.4317765,0.17339975,5.5827556,1.5290978,1.5003113,3.0475403e-12,11.653722
1910.6667,8.9975456,3.762986,0.00018458332,1.8750622,3.3756304,0.11345274,6.0952802,1.5371869,1.5142964,2.5217454e-12,10.95422
1910.75,9.2139533,0,9.1245631e-05,0.31833021,0,0,6.8357325,1.5507892,1.5323093,0,0
1910.8333,8.8806525,0,6.3955398e-05,0.0010070848,0,0,7.1350665,1.563659,1.5489883,0,0
1910.9167,8.4698945,0,6.2970284e-05,9.4873945e-06,0,0,6.9741435,1.5754166,1.5639162,0,0
1911,7.6301093,0,5.7266407e-05,-4.9776886e-08,0,0,6.3964791,1.586403,1.5775943,0,0
1911.0833,6.434578,0,5.014395e-05,-5.2449379e-08,0,0,5.8285937,1.5959568,1.592502,0,0
1911.1667,5.7857311,0,4.570045e-05,0,0,0,5.2019877,1.6046895,1.6098332,0,0
1911.25,5.933532,1.5289837,8.7042295e-05,-1.8859276e-05,-0.00044927391,0,4.4813266,1.6128052,1.6269877,23.861452,6.5531147
1911.3333,6.4194188,2.5367748,0.00010648562,0.011658719,0.060419209,0,3.8094547,1.6182319,1.6473525,0,0
1911.4167,6.6118184,2.9136869,0.0001128896,1.2768034,3.7224512,0.055694273,3.1776354,1.619386,1.6665522,8.362759,0.11378896
1911.5,7.1144663,4.5881839,0.00018424113,2.6766036,7.1191199,0.21938127,2.6937039,1.6168453,1.684903,12.926218,12.019768
1911.5833,8.8097602,5.2863206,0.00023166003,2.4338926,6.338741,0.21424176,2.7894945,1.6179379,1.7043717,3.716569e-12,13.151297
1911.6667,10.244606,3.5656826,0.0001532481,1.7175364,3.0547439,0.11117148,3.5814319,1.627869,1.7270715,2.4507497e-12,10.054484
1911.75,10.19378,0,9.0947884e-05,0.55608454,0,0,4.3667221,1.6436559,1.7524674,0,0
1911.8333,9.8113976,0,7.7475626e-05,0.037046552,0,0,4.90453,1.6583655,1.7765517,0,0
1911.9167,9.1586979,0,4.0925457e-05,-4.3463573e-13,0,0,4.9428177,1.6716973,1.7986557,0,0
1912,8.0998894,0,4.6770267e-05,0,0,0,4.8696671,1.6841762,1.818404,0,0
1912.0833,7.0111547,0,4.8134272e-05,-1.7790969e-06,0,0,4.7565665,1.6951953,1.8355846,0,0
1912.1667,6.0819476,0,5.0452574e-05,-2.3976745e-05,0,0,4.5007281,1.7054334,1.8526245,0,0
1912.25,5.5157845,0,5.3571217e-05,-5.1566884e-05,0,0,4.0181518,1.7152209,1.8699623,0,0
1912.3333,5.9155859,1.5411808,9.5041811e-05,0.12114145,0.42274474,0.0010094204,3.411006,1.7240058,1.8867598,21.480761,7.738812
1912.4167,6.4172223,2.8482515,0.00011324808,2.6207827,7.4070567,0.12180907,2.7756081,1.7298687,1.8986424,15.702196,1.30775
1912.5,7.6797549,4.4639651,0.00023459704,2.8739014,7.1439581,0.21625425,3.1584575,1.7346905,1.9063262,5.4798732,16.834643
1912.5833,9.9374559,5.1878355,0.00019023068,2.4140071,5.6189985,0.19122377,3.7553935,1.7463406,1.915862,3.3560651e-12,12.554477
1912.6667,11.933287,4.4193435,0.00013262959,1.6797708,3.0999162,0.10900831,4.3963609,1.7689903,1.931729,2.8777783e-12,12.488803
1912.75,12.22173,0,7.0356597e-05,0.7948925,0,0,4.7430787,1.7999501,1.9525723,0,0
1912.8333,11.683232,0,4.0534946e-05,0.00079806257,0,0,4.6814051,1.82899,1.9721713,0,0
1912.9167,10.778096,0,3.5980498e-05,-9.4569766e-09,0,0,4.5200067,1.8552486,1.989802,0,0
1913,9.8288413,0,3.9915642e-05,-4.7816881e-07,0,0,4.267837,1.8793131,2.0057735,0,0
1913.0833,9.0123164,0,4.7050959e-05,-6.0964174e-05,0,0,3.9746246,1.9000019,2.019336,0,0
1913.1667,8.2585355,0,5.1639759e-05,-0.00024529362,0,0,3.656225,1.9187025,2.0314374,0,0
1913.25,7.6069268,0.37668651,6.0118156e-05,-0.00032663522,-7.0074256e-07,0,3.4733164,1.9361855,2.0424097,26.920419,10.300279
1913.3333,8.1534758,2.5092841,9.6441967e-05,0.51805668,1.4723402,0.015655579,3.261764,1.9509853,2.0512056,1.7745346,0.004375114
1913.4167,8.9520626,4.1324026,0.00012828605,3.4413592,8.3769057,0.19049673,3.1576142,1.9613532,2.0564332,21.697114,4.151218
1913.5,11.199758,5.6838193,0.00017943371,3.1727522,7.3255714,0.23875442,3.5125897,1.9714417,2.0600567,0.4579415,22.081485
1913.5833,13.68083,6.1333859,0.00014154732,2.5649379,5.8687434,0.19532358,4.1038699,1.9885912,2.0668297,3.9823882e-12,14.165981
1913.6667,14.326866,0,6.7890702e-05,2.1211014,0,0,4.7588148,2.0140448,2.0785511,0,0
1913.75,13.810595,0,6.3904103e-05,0.48099611,0,0,5.4411263,2.0390954,2.0901649,0,0
1913.8333,13.312698,0,4.4578715e-05,0.0053423074,0,0,6.0583215,2.0618615,2.1004841,0,0
1913.9167,12.832667,0,4.6640751e-05,0.00013422383,0,0,6.3436794,2.0826168,2.1095192,0,0
1914,12.241265,0,4.6794736e-05,-1.0887695e-07,0,0,6.5029025,2.1014962,2.1179802,0,0
1914.0833,11.301826,0,4.6422811e-05,-4.2820213e-05,0,0,6.5112505,2.1173613,2.1256244,0,0
1914.1667,10.410112,0,4.8154514e-05,-5.6327104e-05,0,0,6.1981368,2.130753,2.1334038,0,0
1914.25,10.356095,1.4985284,6.5157779e-05,-0.00041200562,-0.00013687502,0,5.7362227,2.1420059,2.141453,34.56857,14.481753
1914.3333,11.384767,3.4110115,7.9125857e-05,0.017018112,0.11113906,0,5.1339679,2.1485879,2.1465445,0,0
1914.4167,12.028956,4.0218234,8.2612503e-05,1.1568686,2.9185549,0.042348785,4.653791,2.1477544,2.1451252,5.0182047,0.0053169088
1914.5,12.881941,5.9983898,0.00013215608,3.2555762,7.1004209,0.21360313,4.4268284,2.1401868,2.135628,19.498711,4.9110772
1914.5833,14.341424,7.5690728,0.00014440528,2.5774478,5.5135738,0.21162762,4.4285522,2.1341841,2.1199856,3.4279022,11.691524
1914.6667,15.393824,2.6815445,9.1405745e-05,1.7671126,1.6795963,0.064272192,4.3813677,2.1358757,2.1026361,0.22303815,5.0286159
1914.75,14.955805,0,6.2957028e-05,0.32784528,0,0,4.4328461,2.1409447,2.086184,0,0
1914.8333,14.305779,0,4.6020679e-05,0.0021428362,0,0,4.5113344,2.1454899,2.0713427,0,0
1914.9167,13.440241,0,4.6534278e-05,0.0022362956,0,0,4.7118258,2.1493394,2.0583138,0,0
1915,12.824754,0,5.102369e-05,-2.6727262e-08,0,0,4.9216733,2.152154,2.0470951,0,0
1915.0833,11.875799,0,4.8140981e-05,-7.4709027e-08,0,0,4.9859996,2.1537669,2.0379033,0,0
1915.1667,10.905518,0,5.0491686e-05,-0.00010875309,0,0,4.952189,2.1540356,2.030242,0,0
1915.25,9.4253775,0.48682085,6.0983668e-05,-0.00058002594,-4.4008186e-05,0,4.8930097,2.1540754,2.02337,34.887666,15.427035
1915.3333,9.6779941,3.0776293,9.4120609e-05,0.031911336,0.3308595,0,4.7244282,2.1531703,2.0172279,0,0
1915.4167,9.867697,3.5333598,9.8759636e-05,1.0357598,2.7772,0.034381068,4.5712166,2.1477759,2.0061927,3.7350773,0.0097779411
1915.5,10.534252,5.352912,0.00014205593,3.3697983,7.3810632,0.20689017,4.7194738,2.1360931,1.9855242,17.651923,5.0012978
1915.5833,11.958506,6.9158706,0.00016399144,2.7103238,5.7414635,0.20545489,5.0399432,2.125252,1.9556261,6.0017274,10.872321
1915.6667,12.451486,0.49644394,8.2988539e-05,2.2354919,0.46439528,0.016823549,5.284945,2.1215024,1.9236944,0.056172134,1.0733352
1915.75,12.005555,0,7.2001043e-05,0.54840331,0,0,5.4996376,2.1196671,1.8940427,0,0
1915.8333,11.506278,0,5.3293388e-05,0.00012222414,0,0,5.3474746,2.1178155,1.8676466,0,0
1915.9167,11.079482,0,6.0033828e-05,3.3642019e-20,0,0,5.1144233,2.1159894,1.8440378,0,0
1916,10.673122,0,6.0043109e-05,0.00010142079,0,0,4.6764412,2.1141887,1.8228605,0,0
1916.0833,10.30026,0,6.3700609e-05,3.7331988e-06,0,0,4.3904138,2.1125231,1.8049779,0,0
1916.1667,9.9406494,0,6.8490481e-05,-7.3909909e-06,0,0,3.9571729,2.1109133,1.7888402,0,0
1916.25,10.296449,1.6781349,7.5518459e-05,-2.1325713e-07,6.7679965e-05,0,3.4374621,2.1092515,1.7736371,45.02104,17.483312
1916.3333,11.532921,4.3823589,8.2793085e-05,0,0.15199582,0,2.9939919,2.1058881,1.7542564,0,0
1916.4167,12.184519,5.1055364,8.1656734e-05,0.022986434,0.55922775,0,2.580426,2.0972061,1.7263814,0,0
1916.5,12.726043,5.8798864,7.9772486e-05,1.2361363,2.6941872,0.04926245,2.3116109,2.0799229,1.6883048,5.4868354,0.005031538
1916.5833,12.727461,7.8871893,0.00010832088,2.8566149,5.2855004,0.19830523,2.1813602,2.0516512,1.6383216,18.643946,1.5236805
1916.6667,12.309635,4.8275148,0.00010684394,2.1219945,2.1000903,0.092286943,2.2025428,2.0222955,1.5790641,3.1469465,3.3625639
1916.75,11.751953,0,7.0030561e-05,1.1149794,0,0,2.3645546,1.9976908,1.5179763,0,0
1916.8333,11.246049,0,5.9671715e-05,0.04993068,0,0,2.8521478,1.9754846,1.4638867,0,0
1916.9167,10.537226,0,2.9600587e-05,3.7952001e-08,0,0,3.3167734,1.95499,1.4339584,0,0
1917,9.6575264,0,3.8606915e-05,-1.5151458e-09,0,0,3.7351503,1.9343475,1.4129821,0,0
1917.0833,8.886979,0,4.7565918e-05,-6.759656e-08,0,0,4.1001992,1.9147071,1.3948752,0,0
1917.1667,8.1779519,0,5.6052071e-05,-0.00028727393,0,0,4.2354116,1.8952662,1.3784428,0,0
1917.25,7.5286869,0.11155553,5.7425557e-05,-0.00022240155,0,0,4.0886564,1.8754665,1.3630064,40.391404,8.9440929
1917.3333,8.0085332,3.6842595,9.0856214e-05,0.10597865,0.25710439,0.0029315308,3.8445749,1.855136,1.3445045,0.068520358,0.0032572708
1917.4167,7.5037838,4.9679568,9.9647026e-05,3.2194741,6.4774979,0.1400728,3.8298318,1.8320261,1.306506,18.109514,0.15020034
1917.5,7.0897681,7.2276774,0.00018179401,3.6871867,6.9966353,0.251514,4.4503541,1.8078598,1.2454957,14.68023,8.7759163
1917.5833,7.7860705,8.3726179,0.00020648312,2.7768939,5.2066426,0.21984098,5.0809774,1.7910334,1.1759458,2.9655441,7.1952841
1917.6667,8.6257383,4.3487702,0.00014307114,2.2761671,2.202588,0.093243125,5.599566,1.7854729,1.1151934,0.11394323,5.0670101
1917.75,8.4444769,0,9.8659548e-05,0.72667041,0,0,5.8172703,1.7858851,1.0639935,0,0
1917.8333,7.9619056,0,4.3798424e-05,2.4456298e-05,0,0,5.9689851,1.785906,1.0182451,0,0
1917.9167,7.2420123,0,3.8189406e-05,0,0,0,5.9992447,1.7830703,0.97733104,0,0
1918,6.4647067,0,3.4702101e-05,-1.757518e-24,0,0,5.8440385,1.7762696,0.94730914,0,0
1918.0833,5.8293105,0,3.8721926e-05,-8.6431284e-07,0,0,5.8246045,1.7677648,0.93177706,0,0
1918.1667,5.2973283,0,4.3130858e-05,-4.1781349e-06,0,0,5.8298841,1.7583742,0.93022889,0,0
1918.25,5.0507663,1.1117206,7.2325725e-05,-0.00057333503,-0.00031102466,0,5.7674346,1.7482511,0.94161618,26.201906,7.1853416
1918.3333,5.1488653,2.2896843,0.00010617606,-0.0010272037,-0.00033069127,0,5.9067488,1.7356379,0.9690454,0,0
1918.4167,4.9432232,2.3080406,0.00012850312,0.036717998,0.12201963,0,5.7754297,1.7183958,1.0113486,0,0
1918.5,5.2518998,3.1693119,0.0001626982,2.1243855,5.298201,0.11028618,5.4464383,1.6967515,1.0522588,15.44601,0.72906141
1918.5833,6.2677097,4.6785269,0.00025548055,2.4332928,5.798522,0.17228425,5.5226922,1.6745512,1.0817875,2.0319746,11.584803
1918.6667,7.2295424,2.0176189,0.00018174057,1.8944284,1.9471661,0.060887137,5.8322153,1.6591526,1.1068635,1.3018147e-12,3.5174777
1918.75,7.0483023,0,0.00011164068,0.52547623,0,0,6.1659532,1.6478595,1.1307703,0,0
1918.8333,6.5211491,0,4.347739e-05,2.0143589e-06,0,0,6.3988924,1.6374791,1.1531403,0,0
1918.9167,5.5540525,0,3.9425089e-05,0,0,0,6.6681828,1.6277854,1.1779745,0,0
1919,4.8803953,0,4.3374177e-05,0,0,0,6.8828626,1.6184957,1.2065628,0,0
1919.0833,4.4236369,0,4.9076491e-05,-5.6986565e-10,0,0,6.9077625,1.6101654,1.2330678,0,0
1919.1667,4.0457719,0,5.6434121e-05,0,0,0,6.9016128,1.6025491,1.2572393,0,0
1919.25,4.0841075,0.95794466,9.2988659e-05,0,0,0,6.9419174,1.595368,1.2795559,19.383837,5.4025125
1919.3333,4.8440075,2.2912787,0.00012883874,0.37204723,1.3736401,0.011466375,6.9181666,1.5881956,1.2952892,1.2206722,0.15850582
1919.4167,5.0958805,3.2981799,0.00013494745,2.4639583,7.4631201,0.12827061,7.2889323,1.5799911,1.3053164,16.378505,2.3057599
1919.5,5.6948834,3.8977731,0.00023237438,2.7406822,7.5750953,0.19704251,8.7339735,1.5734769,1.3174955,0.27005541,12.763155
1919.5833,6.5066707,4.0467465,0.00025468876,1.965745,5.2905578,0.15430962,10.390977,1.5739398,1.3380202,2.6805881e-12,8.1787544
1919.6667,7.3044989,2.2524223,0.00017901814,1.5525474,2.410987,0.0683299,11.333926,1.5842828,1.3693132,1.4913113e-12,6.0501972
1919.75,7.2227009,0,0.00011915583,0.55957511,0,0,11.872437,1.5990895,1.4064826,0,0
1919.8333,6.960094,0,0.00011946469,0.00036080339,0,0,12.035798,1.6126177,1.4405808,0,0
1919.9167,6.7071482,0,0.00011490648,1.9016834e-05,0,0,11.797677,1.6248127,1.4713843,0,0
1920,6.4597819,0,0.00011306398,0.00032831275,0,0,11.333557,1.6359745,1.499683,0,0
1920.0833,6.2336177,0,0.00010803869,0.00012364497,0,0,10.83255,1.6455524,1.5240859,0,0
1920.1667,6.0145701,0,0.00010418394,0,0,0,10.867409,1.6542091,1.5461764,0,0
1920.25,6.1038011,0.77224011,0.0001158301,0,0.031305619,0,10.891881,1.6622893,1.5668155,26.458169,8.5084396
1920.3333,7.3137092,2.8348956,0.00013221607,5.3348027e-06,0.33161338,0,10.212249,1.6681045,1.5826719,0,0
1920.4167,7.6175849,3.1854617,0.00013045495,0.025660647,0.92747219,0,9.4336128,1.6686649,1.5922712,0,0
1920.5,7.514209,3.450176,0.00013845155,1.476711,3.9430241,0.070763406,8.9743128,1.6618588,1.598824,9.5002838,0.1301888
1920.5833,8.3318278,5.5035986,0.00019963541,2.2683815,5.2781391,0.19185185,8.4125462,1.6480738,1.6005424,13.526407,5.1712885
1920.6667,9.5786164,2.5384477,0.00012348563,1.6791186,1.6419344,0.06278261,7.8022614,1.6369417,1.6013166,1.3691843,5.5512806
1920.75,9.4054434,0,7.8890116e-05,0.33790925,0,0,6.8944254,1.6291502,1.6026092,0,0
1920.8333,9.0638446,0,6.9714966e-05,0.0039287443,0,0,5.9255662,1.6221547,1.6037946,0,0
1920.9167,8.7347031,0,7.1788709e-05,3.4980926e-05,0,0,5.1213827,1.6158624,1.604861,0,0
1921,8.4126582,0,6.124538e-05,4.0720838e-05,0,0,4.4398394,1.6101102,1.6058373,0,0
1921.0833,8.0826469,0,6.4367712e-05,-3.7523565e-07,0,0,3.8486555,1.6051632,1.6066788,0,0
1921.1667,7.4560274,0,6.8270012e-05,-2.013158e-06,0,0,3.2615914,1.6007396,1.6074338,0,0
1921.25,7.4721808,1.8038999,9.055822e-05,-0.00014134089,-0.00011086028,0,2.698385,1.5966107,1.6079525,34.165039,9.2645568
1921.3333,8.2000503,3.4786551,0.00010296617,0.006195829,0.13074888,0,2.0917928,1.5917679,1.6051447,0,0
1921.4167,8.849455,4.1310894,0.00010600815,0.57984066,1.7693337,0.016099003,1.6508619,1.584199,1.5952779,2.0903617,0.0025531137
1921.5,9.6905353,6.2627909,0.000139326,3.0927584,6.7799175,0.23892781,1.3784124,1.5728036,1.5767199,23.352343,5.1030523
1921.5833,10.832625,7.6751891,0.00017638126,2.7665833,5.735934,0.25920794,1.2357286,1.5627161,1.5497245,4.3158461,10.417049
1921.6667,11.414085,4.550044,0.00012673561,1.9283364,2.4821325,0.11129712,1.2387849,1.5603942,1.5215282,0.11545815,5.4942855
1921.75,11.170996,0,8.1039565e-05,0.32949232,0,0,1.2397043,1.5632528,1.4952781,0,0
1921.8333,10.76524,0,6.6443987e-05,0.067092154,0,0,1.2425978,1.5660638,1.4710714,0,0
1921.9167,10.374253,0,6.3167172e-05,9.3514162e-05,0,0,1.2640467,1.568581,1.4490442,0,0
1922,9.9913068,0,6.9745394e-05,0.00010232964,0,0,1.3187932,1.5708628,1.4285631,0,0
1922.0833,9.6399076,0,7.3644806e-05,4.7475068e-05,0,0,1.4087058,1.572811,1.4108735,0,0
1922.1667,9.3010543,0,8.2010272e-05,9.6492626e-06,0,0,1.4874861,1.5744358,1.3949085,0,0
1922.25,9.1117565,0.54046849,8.615783e-05,1.1875281e-05,0.021909273,0,1.4994515,1.5758686,1.3799738,48.527932,12.448479
1922.3333,10.367442,4.5013013,0.0001028752,7.8726869e-05,0.29355266,0,1.4765419,1.5764542,1.3647794,0,0
1922.4167,10.922033,5.2685132,0.00010291537,0.027865149,0.68534897,0,1.4262215,1.5735698,1.3443011,0,0
1922.5,11.038072,4.9664751,9.5039606e-05,0.75876956,1.0663962,0.0024480428,1.3510017,1.5643442,1.3156692,0.015615741,0.014255392
1922.5833,10.535531,0,9.0596899e-05,4.0614968,0,0,1.2637352,1.5491778,1.2804441,0,0
1922.6667,10.053276,0,0.00012633913,2.6462971,0,0,1.2135829,1.5345229,1.2505755,0,0
1922.75,9.6467733,0,0.00010766105,0.56449325,0,0,1.236827,1.5209545,1.226298,0,0
1922.8333,9.2133395,0,6.0605667e-05,6.6215163e-05,0,0,1.2974174,1.5086542,1.2048261,0,0
1922.9167,8.7814154,0,6.731609e-05,2.4832805e-07,0,0,1.4361145,1.4974394,1.1856481,0,0
1923,8.0801742,0,7.9407277e-05,-4.0071e-09,0,0,1.6240562,1.48665,1.1681012,0,0
1923.0833,7.4272198,0,8.7255983e-05,-3.7258471e-07,0,0,1.8095477,1.4765286,1.152926,0,0
1923.1667,6.8276329,0,9.1636888e-05,-2.558579e-06,0,0,2.0110502,1.4666063,1.1391096,0,0
1923.25,6.6325041,1.5578849,0.00011475906,-0.0013666959,-0.00044061795,0,2.2088859,1.4563408,1.1257013,45.756743,9.4250719
1923.3333,6.7290408,4.2972784,0.00015022681,-0.0013681468,-0.00087438204,0,2.4038095,1.4366035,1.1027703,0,0
1923.4167,5.1636863,4.9729217,0.00020532263,1.3000363,2.1034424,0.04926305,3.2597523,1.3915889,1.0576195,5.8126924,0.003973689
1923.5,3.2204301,7.2712693,0.00040165949,4.0310509,7.0082437,0.26738314,4.8255458,1.3144774,0.99326503,23.193884,0.13957463
1923.5833,2.8587636,8.9660753,0.00062181818,2.9765098,5.1415885,0.24900497,5.9726973,1.2153782,0.92560405,4.3479351,2.5705079
1923.6667,2.9981511,0,0.00023960169,2.6647745,0.17659129,0.0071001421,6.9618282,1.1279123,0.88730323,0,0.15597544
1923.75,2.8711171,0,0.00020427555,0.89162152,0,0,7.7865953,1.0504079,0.87546438,0,0
1923.8333,2.7359456,0,0.00012426582,0.0032145899,0,0,7.9433823,0.98071152,0.864106,0,0
1923.9167,2.5294281,0,8.7229251e-05,-4.2358772e-08,0,0,7.7530012,0.91908503,0.85335994,0,0.29770446
1924,2.3464796,0,0.00010540499,-4.7679896e-07,0,0,7.2858791,0.86335433,0.84346616,0,0
1924.0833,2.1461165,0,0.00010947353,-2.3536754e-07,0,0,6.4781156,0.81922632,0.8304553,0,0
1924.1667,1.8696107,0,0.00012456675,-9.2151302e-05,0,0,5.6161246,0.79010439,0.80358398,0,0
1924.25,1.6761108,0.70993177,0.00019418559,-0.00021573878,-1.5986662e-05,0,4.8496342,0.76513088,0.77332765,24.128983,2.2995647
1924.3333,2.0488552,2.5525936,0.00030268184,0.024791765,0.082783278,0,4.0795407,0.74363822,0.74565494,0,0
1924.4167,2.5007876,3.75307,0.0003046004,2.4506816,5.1207386,0.095578416,3.1453063,0.72486329,0.72338837,16.216733,0.36327164
1924.5,3.2542155,5.8648787,0.00039897431,3.3911227,6.2529736,0.20699547,3.0479183,0.70880342,0.70658094,5.987345,6.7090489
1924.5833,4.348876,6.7939134,0.00037471895,2.9309307,4.9935183,0.19811319,3.7790008,0.69897079,0.69675773,5.036584e-12,7.3065115
1924.6667,4.8177294,0,0.00016012414,2.5477612,0.15905409,0.00618035,4.763072,0.6964553,0.69372433,0,0.30778053
1924.75,4.6446007,0,0.00014333517,0.26480986,0,0,5.6703892,0.6956864,0.69204009,0,0
1924.8333,4.4777929,0,0.00011700114,0.039022018,0,0,6.5143847,0.69519067,0.69044286,0,0
1924.9167,4.3174694,0,0.00012229881,0.0051356443,0,0,7.0791039,0.69488758,0.68895394,0,0.13779291
1925,4.1700485,0,0.00010662523,3.4705168e-05,0,0,6.9858308,0.69480598,0.68753123,0,0
1925.0833,3.9228252,0,9.6924072e-05,-0.00028202138,0,0,6.7834716,0.69473374,0.68630081,0,0
1925.1667,3.6222793,0,0.00010119347,-0.00011959901,0,0,6.5187211,0.69454688,0.68520951,0,0
1925.25,3.7901173,2.5947951,0.00013359523,-4.0653321e-05,-0.00030954227,0,6.4049258,0.69421846,0.68408388,39.517991,4.881531
1925.3333,3.9819092,3.965117,0.00015528897,0.13429781,0.28736465,0,7.1011119,0.69251293,0.68187231,0,0
1925.4167,4.227371,5.491409,0.00018350573,3.5366682,5.8882418,0.17691929,7.7819614,0.68794572,0.67771614,26.500956,0.93096059
1925.5,4.794742,7.9779951,0.00018061642,3.7958529,6.0271798,0.26773654,9.6330624,0.6831274,0.67243552,7.1579688,7.6583352
1925.5833,5.9864912,8.8060042,0.00010897365,3.2545338,5.0608193,0.25078556,13.445129,0.68373871,0.66918987,0.68930496,14.424428
1925.6667,7.2544552,9.522751,9.0537986e-05,1.9328635,2.9493348,0.15926585,18.843487,0.69248146,0.67166907,0.30086566,14.52603
1925.75,7.9959398,1.2843711,5.4473185e-05,1.3400752,0.36462399,0.019657562,22.664104,0.70957649,0.68148696,0.020337617,2.4768467
1925.8333,7.7209724,0,4.6534762e-05,0.065054773,0,0,22.686117,0.72737485,0.69246501,0,0
1925.9167,7.3961737,0,3.3919383e-05,0.00070262019,0,0,22.79273,0.74344587,0.70235354,0,0.96367864
1926,7.1783178,0,0.0012066612,0.00010209525,0,0,22.913,0.75811148,0.71150947,0,0
1926.0833,6.7058075,0,0.0012053882,5.9106068e-05,0,0,22.991007,0.77038813,0.71996713,0,0
1926.1667,5.1267319,0,0.0010852761,-0.00064957117,0,0,23.190981,0.78076988,0.7368499,0,0
1926.25,3.6693371,0,0.0012088127,-0.00056981288,0,0,23.555458,0.7902776,0.7635771,0,0
1926.3333,3.6503759,1.5080776,0.0021254234,0.24266239,0.0065029268,0.00021511361,23.910667,0.79921031,0.78882843,27.417685,4.7604731
1926.4167,4.0799542,3.8262517,0.0026731601,4.8944589,0.38770985,0.18508604,23.055567,0.8064903,0.81477743,25.951444,1.9125654
1926.5,4.7524427,5.2764104,0.0024426829,5.3530341,1.1003778,0.29976747,21.387239,0.8132,0.83880866,0.66594004,15.038068
1926.5833,5.781143,5.6519322,0.0020612036,3.789812,1.4532788,0.24180035,20.261089,0.82628405,0.86095905,4.7465272e-12,10.93913
1926.6667,6.8849358,6.0307854,0.0018082821,2.5243872,1.3847875,0.18117878,19.781937,0.85099834,0.88388199,4.7817984e-12,15.048106
1926.75,7.6459097,1.0072385,0.0011481418,0.79152559,0.22442133,0.021642263,20.088572,0.88950914,0.90763289,8.0702134e-13,3.2897116
1926.8333,7.3807687,0,0.0010628597,0.018639127,0,0,21.302423,0.92899376,0.92985451,0,0
1926.9167,7.1042348,0,0.0010746418,8.3578949e-09,0,0,23.024422,0.96455956,0.95004725,0,0.082260022
1927,6.8434398,0,0.0010789017,0.0028425965,0,0,24.954817,0.99708205,0.96870649,0,0
1927.0833,6.6010859,0,0.00109068,-3.7410588e-05,0,0,26.64566,1.0249602,0.98487055,0,0
1927.1667,6.2034563,0,0.0011516543,-0.00013524656,0,0,27.188034,1.0500371,0.99955302,0,0
1927.25,5.7880795,0.59019384,0.0014421511,-8.7233677e-06,0,0,26.968254,1.0733283,1.0132661,34.826286,7.6852524
1927.3333,6.3678855,3.3746178,0.0019736975,-0.0002808804,4.2973367e-05,0,25.77548,1.0983261,1.0238613,0,0
1927.4167,6.8872459,4.5073186,0.0019953765,2.3794898,0.064382389,0.1200015,23.158949,1.1305841,1.0286779,18.663323,0.31500197
1927.5,8.0084233,7.3604048,0.0018146702,4.5591762,0.31983362,0.37799078,21.840462,1.1701245,1.0289557,13.373301,17.554695
1927.5833,10.455864,8.0655655,0.0014981839,3.7185612,0.66235992,0.34981946,23.594721,1.2229389,1.0299116,6.1820623e-12,29.298612
1927.6667,12.380684,3.0918992,0.0010028954,2.232675,0.29659596,0.10127694,25.621618,1.2922066,1.0334027,2.2894206e-12,10.269327
1927.75,12.100214,0,0.00082476437,0.12810533,0,0,28.284603,1.3648686,1.0378529,0,0
1927.8333,11.650376,0,0.00086672569,0.0029575842,0,0,31.412485,1.4302818,1.0419611,0,0
1927.9167,11.220766,0,0.00090977759,9.1300414e-08,0,0,34.640846,1.4886584,1.0463847,0,0
1928,10.798044,0,0.00090252893,0.0011963332,0,0,38.080788,1.5416952,1.0507361,0,0
1928.0833,10.410457,0,0.00092077575,0.0023620738,0,0,41.560856,1.5869441,1.0544764,0,0
1928.1667,10.037936,0,0.00096507784,0.00077997031,0,0,43.830639,1.6273643,1.0578467,0,0
1928.25,11.565763,4.0348624,0.0013641242,0.015889739,0.015123192,0,43.244129,1.6665329,1.0606228,52.442749,21.781292
1928.3333,12.381214,5.3904252,0.0014020753,0.068616519,0.039698792,0,42.666187,1.7164756,1.0598555,0,0
1928.4167,12.821295,6.6865599,0.0013718231,2.4874551,0.57400975,0.20159113,50.792053,1.77947,1.0533963,31.580842,0.087952473
1928.5,13.919462,10.299656,0.001211831,4.3755333,1.4157278,0.53221606,54.599834,1.8508309,1.0531869,18.376974,27.923066
1928.5833,17.395984,10.733179,0.0009936135,3.5737317,1.1841152,0.42076723,57.261944,1.9149606,1.1220007,6.7994005e-12,48.802878
1928.6667,19.843802,3.23266,0.00078286615,2.5911871,0.29715713,0.10292594,51.326698,1.9927009,1.2249945,2.0246217e-12,14.243466
1928.75,19.234179,0,0.00070437096,0.42568333,0,0,49.376774,2.0744567,1.330604,0,0
1928.8333,18.533938,0,0.00075337576,0.010338445,0,0,49.321442,2.1484096,1.4268479,0,0
1928.9167,17.862068,0,0.0008471412,1.6825499e-05,0,0,48.680565,2.2151124,1.5138105,0,7.6406579e-05
1929,17.206503,0,0.00091592391,0.0042023735,0,0,47.714851,2.2761116,1.5935555,0,0
1929.0833,16.603943,0,0.00093376893,0.0038795585,0,0,46.293091,2.3285172,1.6621794,0,0
1929.1667,16.023139,0,0.00095185923,0.0013181674,0,0,44.287922,2.3758709,1.7242721,0,0
1929.25,17.069243,2.0623333,0.0010170478,0.0026759358,0.014248379,0,43.386013,2.4204371,1.7823557,60.935363,46.975101
1929.3333,19.441774,5.5471426,0.0010916574,0.03469813,0.087348007,0,41.556091,2.4692879,1.8323373,0,0
1929.4167,19.501995,6.3853334,0.001090333,2.705337,1.010228,0.16490639,39.832401,2.5191948,1.8727033,21.490944,0.077567286
1929.5,20.037338,10.418033,0.0010294965,5.0215488,1.7295048,0.54492939,33.113678,2.5496085,1.9067789,35.729442,18.406004
1929.5833,22.22852,8.6811818,0.00088671211,3.2459474,0.88360003,0.32295914,31.254457,2.5746639,1.9439915,3.0209543,20.526796
1929.6667,22.291239,0,0.00071637688,2.7069307,0,0,34.127773,2.6058762,1.9843314,0,0
1929.75,21.418825,0,0.00069523114,0.55210971,0,0,38.483646,2.6352313,2.0235548,0,0
1929.8333,20.596525,0,0.00071206072,0.0025432346,0,0,43.908424,2.6611166,2.0598378,0,0
1929.9167,19.78201,0,0.00071639963,0.00013210481,0,0,50.945122,2.682987,2.092685,0,0
1930,18.969601,0,0.00071861269,0.0020170705,0,0,60.066841,2.7007427,2.1228945,0,0
1930.0833,18.214373,0,0.00080751954,5.7981354e-06,0,0,68.948395,2.713275,2.1489015,0,0
1930.1667,17.518496,0,0.00080327236,8.4235581e-05,0,0,77.114609,2.7214687,2.1722379,0,0
1930.25,19.209037,2.5953013,0.00087938079,0.0015809693,0.0072777308,0,87.589996,2.7281206,2.1939516,71.13575,62.33884
1930.3333,22.332584,6.4020786,0.00095958845,0.0097994097,0.034445128,0,104.15862,2.7305605,2.2113221,0,0
1930.4167,22.431746,6.8621738,0.00096596399,0.38070768,0.17843067,0.011719892,131.26685,2.7213652,2.2224944,0.75361888,0.031357165
1930.5,22.346186,9.143278,0.00094863819,4.1903087,1.6143911,0.42529815,147.09943,2.6940408,2.2274985,47.630193,1.3853602
1930.5833,23.583742,12.672089,0.00091986556,3.5687566,1.3686051,0.51235365,163.96252,2.6524167,2.2314651,15.800195,31.281346
1930.6667,26.900386,8.8938419,0.00077240827,1.9288454,0.67517627,0.2668335,181.15408,2.6190221,2.2417934,0.0050068633,31.388175
1930.75,26.922641,0,0.00063559966,0.3073032,0,0,199.7346,2.5963843,2.258126,0,0
1930.8333,25.945539,0,0.00065768621,7.8235777e-05,0,0,219.035,2.5765595,2.2735021,0,0
1930.9167,25.006093,0,0.00068855594,0.0057621558,0,0,240.26564,2.5586622,2.287405,0,0
1931,24.081456,0,4.0743867e-05,0.00026507202,0,0,263.83557,2.5422018,2.3003004,0,0
1931.0833,23.238622,0,1.9470835e-05,0.0028945614,0,0,285.91595,2.5278957,2.3116255,0,0
1931.1667,22.426274,0,2.0580133e-05,0.0033135186,0,0,307.37762,2.5147283,2.3221149,0,0
1931.25,24.86863,5.4611568,2.7158158e-05,0.016140612,0.0007275789,0,330.93143,2.5019794,2.3320315,80.499141,44.399139
1931.3333,25.693189,7.2432924,2.9828085e-05,0.14838611,0.012096467,0,357.17606,2.4886746,2.3395219,0,0
1931.4167,25.690475,8.2722297,3.0480574e-05,3.0650367,0.53185079,0.26963672,386.52402,2.4727697,2.3432164,33.020378,0.043081335
1931.5,26.470581,13.355215,3.501313e-05,4.3518137,0.92331304,0.64500257,409.12842,2.4555194,2.3444738,42.78071,27.646855
1931.5833,31.540938,14.888708,2.9197579e-05,3.4960744,0.97190631,0.61532015,440.00031,2.4490774,2.3507457,1.1442037e-11,74.498253
1931.6667,36.927197,10.683986,2.2786804e-05,2.2100852,0.59052018,0.31367155,461.6947,2.4705596,2.3688719,8.3300286e-12,46.555563
1931.75,37.138678,0,1.4110947e-05,0.27007033,0,0,481.75748,2.5163169,2.3963449,0,0
1931.8333,35.79931,0,1.5195968e-05,0.0057278944,0,0,504.57596,2.5599487,2.4221063,0,0
1931.9167,34.508932,0,1.5867146e-05,3.1980004e-06,0,0,528.96411,2.5992994,2.445363,0,0
1932,33.245344,0,0.00071795465,3.2215823e-08,0,0,555.39551,2.6352992,2.4666994,0,0
1932.0833,32.085545,0,0.00076660601,0,0,0,579.27625,2.6659446,2.4850483,0,0
1932.1667,30.966485,0,0.00077786605,2.494661e-05,0,0,606.40808,2.6931989,2.5016203,0,0
1932.25,33.232357,4.8200055,0.00085062248,-0.00039437915,0.0086872915,0,617.8175,2.7202811,2.516999,95.485401,63.72883
1932.3333,35.388108,8.4935604,0.00089898397,0.0027652625,0.032251149,0,453.62836,2.7654355,2.5285039,0,0
1932.4167,35.470802,9.0366974,0.00090585882,0.090170828,0.095360459,0,256.93835,2.8260257,2.5331247,0,0
1932.5,35.369664,10.809333,0.00090740778,1.7268873,1.2088386,0.406782,196.52766,2.900753,2.5304611,44.994564,0.53196096
1932.5833,35.837457,16.422601,0.00084126892,1.6449981,1.1834735,0.63240696,200.28294,2.9997857,2.5259895,44.658001,21.039183
1932.6667,36.685705,0.59241318,0.00068045815,1.1757296,0.075089987,0.037531665,206.00063,3.1218338,2.5252624,0.0068466684,3.9191117
1932.75,35.355728,0,0.00065945147,0.31592776,0,0,212.03241,3.2397995,2.5256212,0,0
1932.8333,34.068938,0,0.00069513114,0.0026015868,0,0,222.88748,3.3462169,2.5259414,0,0
1932.9167,32.829195,0,0.00073291216,0.000628938,0,0,236.25511,3.4420497,2.5262244,0,0
1933,31.615179,0,0.0007564433,2.3768055e-06,0,0,253.1033,3.529628,2.5264745,0,0
1933.0833,30.501157,0,0.00076544989,0.00023953878,0,0,268.75665,3.6043077,2.52667,0,0
1933.1667,29.426925,0,0.00076598936,0.00058946254,0,0,283.20459,3.6712327,2.5268269,0,0
1933.25,31.785663,2.5588854,0.0008059048,0.014251945,0.010454454,0,290.24289,3.7332251,2.5268931,76.754853,105.50257
1933.3333,35.537846,6.6511282,0.0008737499,0.036540713,0.046617073,0,287.3992,3.7784798,2.5240989,0,0
1933.4167,34.055721,7.2526648,0.00089665398,0.93848794,0.85730094,0.16631783,282.85205,3.79269,2.5131788,17.728092,0.0094216915
1933.5,33.039227,11.050401,0.0008935036,2.0714477,1.8510332,0.60483796,275.38477,3.7734501,2.4929409,48.412984,10.060622
1933.5833,34.68864,14.698541,0.00084014301,1.5692301,1.4100031,0.63524483,276.91983,3.7410016,2.4735141,38.020966,29.174971
1933.6667,36.773805,7.2096516,0.00076508563,0.92869924,0.46183405,0.23931279,280.10803,3.7230413,2.4635758,0.19348031,19.811454
1933.75,35.869077,0,0.0006976017,0.14095585,0,0,284.23813,3.7162912,2.4589624,0,0
1933.8333,34.562584,0,0.00074279233,0.0017523639,0,0,286.77545,3.7103367,2.4549007,0,0
1933.9167,33.303902,0,0.0007563922,4.4605102e-20,0,0,290.25061,3.7047856,2.45122,0,0
1934,32.0713,0,0.00076565542,2.3346211e-07,0,0,289.13297,3.6992254,2.4478841,0,0
1934.0833,30.940086,0,0.00075981335,0.0013880773,0,0,287.20056,3.6933484,2.4451132,0,0
1934.1667,29.849246,0,0.00076449028,0.00070089244,0,0,290.47488,3.6872694,2.4428365,0,0
1934.25,33.891737,5.0963266,0.00084010966,0.012032211,0.001151796,0,283.42029,3.6800494,2.4406049,82.874593,86.523353
1934.3333,34.430705,7.235528,0.00088152225,0.040126644,0.019661165,0,277.7648,3.6628876,2.4344213,0,0
1934.4167,33.204384,8.3466256,0.00089859182,1.1797388,1.1613621,0.29919814,277.38135,3.6292152,2.420619,34.589434,0.057084313
1934.5,33.264447,12.92068,0.000903874,1.6058396,1.6141547,0.68329897,300.13968,3.5816622,2.4015453,45.934335,21.646655
1934.5833,36.328934,13.86007,0.00084412313,1.2829365,1.2485518,0.64477887,331.80475,3.5413048,2.3882313,22.107618,41.294055
1934.6667,37.049871,0,0.00073292269,0.96628467,0,0,396.58618,3.5210447,2.3840849,0,0
1934.75,35.699211,0,0.00072792073,0.24783265,0,0,415.19498,3.5052052,2.384218,0,0
1934.8333,34.397591,0,0.00076687505,0.00047381344,0,0,420.22388,3.490706,2.3851316,0,0
1934.9167,33.143695,0,0.00076336059,2.0261085e-07,0,0,425.81421,3.4774477,2.3859921,0,0.024360507
1935,31.763669,0,0.00076485425,4.4216745e-06,0,0,431.8378,3.4649358,2.3867695,0,0
1935.0833,30.552901,0,0.00078291353,1.5253725e-05,0,0,436.69034,3.4534283,2.3873131,0,0
1935.1667,29.474705,0,0.0007911899,0.00011283604,0,0,440.36459,3.4426782,2.3878062,0,0
1935.25,29.809404,1.4623628,0.00082218793,-1.314187e-05,0.00037379342,0,437.22134,3.432251,2.3882937,88.332213,85.830788
1935.3333,34.329891,7.5203236,0.00092836993,-0.00014548056,0.0078676379,0,301.39716,3.4178412,2.3874207,0,0
1935.4167,33.255268,7.8395335,0.00095818855,0.022363486,0.045286152,0,286.13211,3.3928092,2.3808868,0,0
1935.5,32.332662,9.7999964,0.00098637131,0.96785903,1.7572802,0.43550062,285.64441,3.3564355,2.3658462,46.745899,0.74733127
1935.5833,32.760896,14.413396,0.00097826088,0.94461828,1.7288004,0.6481299,296.42404,3.3146555,2.347527,39.929869,20.929967
1935.6667,35.026811,11.421366,0.00086944748,0.60682606,0.89920875,0.39429421,301.3923,3.2877996,2.3360198,12.338603,22.594783
1935.75,34.758683,0,0.00074942969,0.16465958,0,0,303.6745,3.2791672,2.3301854,0,0
1935.8333,33.490475,0,0.00076349685,0.0014910868,0,0,300.52008,3.2726309,2.3252137,0,0
1935.9167,32.268662,0,0.00081196387,1.3752371e-21,0,0,292.38638,3.2664466,2.3206596,0,0
1936,31.072132,0,0.00085358217,1.7398608e-20,0,0,290.22467,3.2602646,2.3163698,0,0
1936.0833,29.974228,0,0.0008849412,0.00011391294,0,0,286.11029,3.2545564,2.312577,0,0
1936.1667,28.915508,0,0.00090718741,1.5874147e-05,0,0,280.02197,3.2488294,2.3090334,0,0
1936.25,30.556491,2.9559454,0.00097098487,6.3726947e-05,0.0088427597,0,260.57138,3.2430499,2.3056602,88.8948,82.633696
1936.3333,33.394016,7.6220268,0.0010675902,0.010280597,0.05917401,0,239.54192,3.2333131,2.3001494,0,0
1936.4167,32.301616,8.1874998,0.0010458468,0.39317037,1.0339339,0.1593714,224.58255,3.2131567,2.2879281,17.439645,0.0093700873
1936.5,32.001007,12.71001,0.0010074353,0.98719916,2.3726934,0.70319983,219.05415,3.1835887,2.2684388,59.292629,11.313081
1936.5833,34.216072,16.870854,0.00099232129,0.74716054,1.7988161,0.73472889,213.13199,3.1603134,2.2494974,27.248996,40.650342
1936.6667,39.177008,16.946722,0.00093387178,0.51454719,1.2997847,0.51048503,202.71907,3.1691475,2.238323,0.11487208,62.002039
1936.75,40.478345,0,0.00076229498,0.085356679,0,0,196.69562,3.2219086,2.2337542,0,0
1936.8333,38.999785,0,0.00078655052,0.0025688791,0,0,194.53064,3.2776012,2.2304587,0,0
1936.9167,37.575454,0,0.00082882156,1.4407312e-05,0,0,192.95383,3.3275921,2.2274463,0,0
1937,36.180861,0,0.00085195905,0.00047791678,0,0,190.87206,3.3731513,2.224637,0,0
1937.0833,34.901388,0,0.00086737575,0.00015310972,0,0,188.40453,3.4120421,2.2221799,0,0
1937.1667,33.66781,0,0.00087966223,1.2901615e-05,0,0,184.92793,3.4467723,2.2199776,0,0
1937.25,35.003264,2.2108676,0.00091780815,-7.143612e-05,0.0011603983,0,178.01601,3.4788992,2.2180037,100.04235,117.55506
1937.3333,40.603191,8.5341809,0.0010019161,-0.00020783404,0.012909033,0,83.561249,3.5251613,2.21542,0,0
1937.4167,39.0388,8.8919355,0.00099971145,0.0072695893,0.085716065,0,61.265335,3.607934,2.2071149,0,0
1937.5,37.719801,11.438583,0.00097866426,0.55094086,2.5480336,0.57858691,52.391575,3.6962285,2.1899683,60.106006,1.5879206
1937.5833,38.368855,17.045265,0.00092098984,0.55472242,2.4864238,0.79052622,57.651443,3.7756267,2.168927,44.666852,28.57629
1937.6667,42.004734,14.807613,0.00087740808,0.35385699,1.3522398,0.49611043,61.249794,3.8790758,2.1546407,2.3464915,49.08136
1937.75,42.317241,0,0.00074542098,0.084965609,0,0,61.873405,4.0191107,2.1477761,0,0
1937.8333,40.770859,0,0.00078323734,0.0011512069,0,0,61.067081,4.150826,2.1456213,0,0
1937.9167,39.282169,0,0.00079271552,0,0,0,60.234657,4.2694101,2.1444705,0,0
1938,37.810333,0,0.00077693607,1.1247551e-09,0,0,59.152145,4.377574,2.1433606,0,0
1938.0833,35.543155,0,0.00077035197,-2.0389037e-08,0,0,57.137432,4.4666939,2.1419663,0,0
1938.1667,34.092441,0,0.00080078538,2.3207938e-06,0,0,56.296314,4.5400534,2.139858,0,0
1938.25,36.106609,2.0676369,0.00084213918,0.00086014096,0.015587848,0,52.590218,4.6074443,2.1377013,82.956745,134.88698
1938.3333,41.592252,7.1367347,0.000928725,0.040402632,0.28149148,0.0096957214,47.004257,4.6586652,2.1333494,0.54803124,0.0023128492
1938.4167,39.460845,9.662969,0.00095705973,0.7305992,3.5936485,0.53275408,45.599876,4.681396,2.1226065,54.775763,3.3746275
1938.5,39.906025,14.190293,0.00098480412,0.66391111,3.0926012,0.75060196,46.941628,4.689846,2.1090953,32.064792,30.479876
1938.5833,43.057982,17.066354,0.0009420882,0.50975916,2.3672181,0.69934248,47.659477,4.7124505,2.1017509,28.424888,46.644651
1938.6667,47.171988,12.010203,0.00089351455,0.35245919,1.2182064,0.38893858,46.626255,4.7883101,2.1048121,3.2292988,46.433217
1938.75,46.818178,0,0.00077886553,0.13199578,0,0,45.630478,4.912148,2.1138701,0,0
1938.8333,45.108229,0,0.00080042699,0.0017543011,0,0,43.892822,5.0277843,2.122503,0,0
1938.9167,43.46228,0,0.00081801752,1.6837543e-05,0,0,42.071507,5.1319666,2.1303003,0,0
1939,41.850735,0,0.00083358941,2.8956633e-08,0,0,39.803299,5.2272563,2.1374581,0,0
1939.0833,40.37223,0,0.00083347328,0.00011569333,0,0,37.18158,5.3087158,2.1436434,0,0
1939.1667,38.946785,0,0.00082549668,3.8305953e-07,0,0,34.324673,5.3819265,2.1492524,0,0
1939.25,37.525315,0,0.00084273331,0.00023944758,0,0,30.962067,5.4498253,2.1545417,0,0
1939.3333,45.673952,6.0367086,0.00093088986,0.00071228491,0.04748552,0,14.041918,5.5043416,2.1581814,79.522138,138.84997
1939.4167,44.089966,7.4925069,0.00094784179,0.21238321,1.8249423,0.16630311,9.7654419,5.5428448,2.1549149,17.810769,0.0088147702
1939.5,42.162165,11.716275,0.0010021806,0.53509077,4.1209177,0.6839313,9.5234222,5.5846701,2.146944,55.413181,13.456825
1939.5833,43.811753,15.648827,0.00095739262,0.43102077,3.1429156,0.7023402,9.3895874,5.6598182,2.1420183,28.960487,41.636809
1939.6667,46.449404,8.1536798,0.00089480687,0.30714756,1.1343441,0.27261188,8.8303595,5.8060365,2.149406,9.8589931,21.590245
1939.75,45.261692,0,0.00080550119,0.044082191,0,0,8.3916759,5.9868317,2.1641376,0,0
1939.8333,43.611083,0,0.00078723009,8.0672266e-07,0,0,7.7025318,6.1515636,2.1779814,0,0
1939.9167,40.759288,0,0.00067609793,0,0,0,7.030365,6.2970047,2.1903937,0,0
1940,37.288841,0,0.00075709855,-1.4179786e-08,0,0,6.7575374,6.4080052,2.2009366,0,0
1940.0833,34.145851,0,0.00076015596,-1.7789295e-06,0,0,6.6603546,6.4795523,2.2087579,0,0
1940.1667,31.028923,0,0.00076694635,-1.8255643e-05,0,0,6.9508996,6.5168624,2.2136471,0,0
1940.25,33.468924,2.1034391,0.00084302539,0.012156668,0.079553469,9.0587856e-05,7.0189652,6.5285788,2.2150891,49.940263,125.88128
1940.3333,36.378805,4.9191103,0.00091859623,0.45648648,2.9301652,0.15768521,6.7845335,6.5184364,2.2119155,15.996278,0.016013075
1940.4167,35.064239,7.4802237,0.00099430804,0.90656491,4.805773,0.43386693,6.7417107,6.4871745,2.2075956,31.174392,12.292494
1940.5,36.05222,10.557972,0.00098090956,0.82551167,4.1592201,0.54125503,6.6812487,6.4516745,2.2142587,36.950037,19.295677
1940.5833,39.063979,13.782363,0.00096223166,0.69843774,3.4583218,0.59837166,6.5300322,6.4340858,2.2392833,21.264921,50.075179
1940.6667,43.940667,11.991351,0.00092073745,0.46117659,1.9129638,0.36586677,6.3707399,6.4643469,2.2866278,1.3971969,52.026029
1940.75,44.290952,0,0.00077474868,0.096121917,0,0,6.2661657,6.5441141,2.3497193,0,0
1940.8333,42.662665,0,0.00078321405,0.0056498134,0,0,6.2722192,6.6224422,2.4089117,0,0
1940.9167,41.094393,0,0.0007815861,4.8364819e-09,0,0,6.2824316,6.6929798,2.4623222,0,0
1941,39.559029,0,0.0007641791,5.1002418e-22,0,0,5.9625788,6.7575312,2.5113037,0,0
1941.0833,38.150579,0,0.00075267587,2.2027716e-05,0,0,5.5698366,6.8129368,2.5534456,0,0
1941.1667,36.490537,0,0.00075179047,8.6171201e-08,0,0,5.2910171,6.8628082,2.5915415,0,0
1941.25,35.026915,0.74687833,0.00078597729,0.0025130366,0.018217835,0,4.9319139,6.9078283,2.6271555,54.08979,120.92678
1941.3333,40.6566,4.7282688,0.00089462358,0.29354447,1.4744403,0.049424661,4.8465858,6.9553094,2.6630065,3.9238882,0.0063298431
1941.4167,38.680475,6.6850674,0.0009285839,1.3441321,5.4584005,0.35313749,5.0147333,7.0348058,2.7160168,36.057395,1.5069497
1941.5,38.742688,9.5776385,0.00095668528,1.258099,4.648193,0.4463759,5.8824043,7.1630096,2.7908504,22.732492,25.77894
1941.5833,41.711431,11.895208,0.00090493972,1.2131773,4.3498066,0.51775003,7.2606258,7.3766999,2.8886437,21.227374,52.158609
1941.6667,45.97412,7.8339735,0.00085963943,0.78918399,2.0014366,0.26205021,9.1104269,7.7061076,3.0228426,4.5274367,35.058668
1941.75,45.324355,0,0.00074870815,0.22539681,0,0,11.091741,8.0954952,3.1743879,0,0
1941.8333,43.661714,0,0.00076699402,0.00093100248,0,0,13.10323,8.4520502,3.3126614,0,0
1941.9167,42.057127,0,0.00078585732,1.3696752e-20,0,0,15.131913,8.773447,3.4372611,0,0
1942,40.433019,0,0.0007926118,0.00059649435,0,0,16.938154,9.0682116,3.5513856,0,0
1942.0833,38.851991,0,0.00079494884,0.00097399581,0,0,17.074928,9.3227711,3.6494479,0,0
1942.1667,37.236195,0,0.00079674262,0.00010305287,0,0,16.610668,9.5550652,3.7378705,0,0
1942.25,35.551604,0,0.00079718308,0.00052997816,0,0,16.107828,9.7755203,3.8201716,0,0
1942.3333,41.166879,3.0371854,0.00088117947,0.011487813,0.15651792,0,14.269619,9.9995737,3.8924539,39.204175,100.03897
1942.4167,40.316749,4.1505806,0.00088959589,1.3815244,4.9326922,0.16404821,13.143505,10.325749,3.9587908,14.843735,0.015303462
1942.5,38.900685,6.4134845,0.00090862974,1.7851254,6.0836619,0.30825708,12.554824,10.746988,4.0657015,24.655365,5.8342331
1942.5833,39.510719,7.7810069,0.00091494626,1.3579702,4.5989053,0.28426849,13.031702,11.264572,4.1667771,4.471853,24.655538
1942.6667,40.988747,5.2494011,0.00085966144,1.0192682,2.6420679,0.16198225,13.922185,11.847094,4.2566361,2.6632682,17.313047
1942.75,39.487395,0,0.00074062264,0.1857905,0,0,15.162948,12.423509,4.3410444,0,0
1942.8333,37.175205,0,0.00075588789,0.001539044,0,0,16.635435,12.907763,4.4175248,0,0
1942.9167,34.908466,0,0.00081344089,0,0,0,18.283432,13.296812,4.4864645,0,0
1943,32.691211,0,0.0008469735,7.2167263e-08,0,0,19.906643,13.596616,4.5495934,0,0
1943.0833,30.678513,0,0.00085308921,2.066294e-05,0,0,21.241285,13.807436,4.6037512,0,0
1943.1667,28.767506,0,0.0008613838,1.0802328e-05,0,0,21.64307,13.957571,4.6524491,0,0
1943.25,29.372886,1.3982278,0.00094397331,0.00019743471,0.017350067,0,20.488956,14.046006,4.6963391,33.141397,56.605248
1943.3333,30.89356,2.9790902,0.001019907,0.0014176897,0.17960218,0,19.194006,14.030763,4.7245998,0,0
1943.4167,30.23313,3.2570064,0.0010024953,0.78633269,3.1822322,0.054785678,17.803951,13.908483,4.7290392,4.5854582,0.0076247574
1943.5,29.736305,4.409764,0.001003861,1.850133,6.7016385,0.17589227,16.72823,13.599338,4.7830739,14.30995,0.032306387
1943.5833,28.608652,4.2045373,0.0009262251,1.5031379,4.1470567,0.13169073,16.772097,13.095284,4.8637495,10.096017,0.30681789
1943.6667,27.287019,0,0.00078122085,1.0014418,0,0,17.681196,12.506237,4.9349327,0,0
1943.75,25.915924,0,0.00075517729,0.35810393,0,0,18.035141,11.95226,4.9986811,0,0
1943.8333,24.464339,0,0.00077864813,0.001732915,0,0,18.033155,11.440585,5.0568953,0,0
1943.9167,22.95617,0,0.00078784069,3.0444456e-08,0,0,17.890329,10.969158,5.1099315,0,0
1944,21.402301,0,0.00078493421,3.9869748e-07,0,0,17.595732,10.52853,5.1590109,0,0
1944.0833,19.921262,0,0.00079005293,7.0662663e-05,0,0,17.169981,10.143112,5.201592,0,0
1944.1667,18.445309,0,0.00080244784,1.1975677e-06,0,0,16.436846,9.7894001,5.2403655,0,0
1944.25,16.974131,0.019075169,0.00081816851,8.1085098e-06,0,0,15.131191,9.4538069,5.2768292,6.7983089,14.10106
1944.3333,17.209988,0.75887766,0.0011713895,0.00041504668,0.062763612,0,13.371657,9.0445156,5.2932744,0,0
1944.4167,16.682578,1.0974798,0.0011991204,0.26187089,1.2702,0.0053749915,8.7509193,8.5614529,5.2320819,0.34709495,0.0012103892
1944.5,16.247483,1.6161082,0.0011561905,1.6925251,7.2913987,0.062099238,6.8531208,8.0671282,5.0769267,4.5713602,0.013761582
1944.5833,12.932287,2.4534517,0.0015514138,1.4430781,6.0853937,0.077187906,6.3398371,7.5244246,4.8287578,6.1656597,0.036201485
1944.6667,9.0525271,0.58456603,0.0015271868,1.0058714,0.97409213,0.014375144,6.6475077,6.9971843,4.5059595,0.5692246,0.054818774
1944.75,8.451852,0,0.0013857645,0.27389245,0,0,7.2205796,6.510077,4.1844559,0,0
1944.8333,7.9204394,0,0.0013932295,0.00020184412,0,0,7.6609564,6.0682187,3.8935544,0,0
1944.9167,7.3918886,0,0.0013818895,0.00032867591,0,0,8.1723986,5.6686645,3.6307509,0,0
1945,6.8699406,0,0.0014425626,0.00033495825,0,0,8.2292547,5.3001575,3.3893466,0,0
1945.0833,6.3879336,0,0.0014936685,0.00011710998,0,0,7.8735223,4.9801326,3.1812024,0,0
1945.1667,5.9207715,0,0.0015632648,1.8135993e-05,0,0,7.4412427,4.6874027,2.9925437,0,0
1945.25,5.5166413,0.28567249,0.0017804377,8.2529852e-05,0.0057962061,0,6.9270301,4.409914,2.815335,20.183593,2.3241707
1945.3333,3.6531256,2.0281915,0.0036737577,0.00030562654,0.11175372,0,6.5343838,4.1428857,2.6190991,0,0
1945.4167,2.7739338,2.5894141,0.0048302175,0.51492045,2.1676565,0.021721448,5.9600353,3.879612,2.3755248,2.3616474,0.0074865967
1945.5,2.9895692,4.0299068,0.005008061,2.2814785,8.0583914,0.16164053,5.1880231,3.6354899,2.1498692,14.445703,1.7691266
1945.5833,3.5778794,5.647921,0.0044986997,1.5818984,5.5039839,0.15616961,4.7925029,3.4071248,1.9432815,9.3553359,3.5210166
1945.6667,4.2416486,2.8454023,0.0029796138,1.234292,2.1803141,0.066837205,4.1061511,3.2142682,1.760664,3.4305418,1.6659255
1945.75,4.1778134,0,0.0021086428,0.27026032,0,0,3.2728057,3.0475435,1.5972142,0,0
1945.8333,4.023646,0,0.0021062156,0.00024659688,0,0,2.3633411,2.8988853,1.4496585,0,0
1945.9167,3.8757571,0,0.0021530322,6.1119976e-21,0,0,2.1771314,2.7662587,1.3164333,0,0.02450506
1946,3.7329111,0,0.0021887699,3.2850703e-05,0,0,2.3031361,2.6460557,1.1941596,0,0
1946.0833,3.6000158,0,0.0022520174,8.2749232e-07,0,0,2.4398775,2.5436242,1.0888709,0,0
1946.1667,3.4432828,0,0.0021925748,2.3496789e-05,0,0,2.5277915,2.4532144,0.99721491,0,0
1946.25,3.6087097,0.68013993,0.0027511786,0.00015608376,0.049177673,0,2.4740429,2.3852811,0.93470687,17.094247,4.7411692
1946.3333,4.8048468,2.1150024,0.0032629468,0.0041399629,0.39214852,0,2.4149151,2.3303587,0.89170384,0,0
1946.4167,5.7366127,3.0603264,0.0029115595,1.3167527,4.5768933,0.071204975,2.300725,2.2791016,0.88273174,8.3328071,3.4413717
1946.5,7.1217138,4.8288605,0.0025557056,2.5322346,7.6017782,0.21454079,2.4325242,2.228085,0.88630927,7.6828909,11.972972
1946.5833,8.7048132,5.6652343,0.0021778252,1.814214,5.3128372,0.16587301,2.6990499,2.185324,0.89414889,0.63076289,8.7439171
1946.6667,9.8312404,3.5064053,0.0017193333,1.2922029,2.3850871,0.079054855,2.9007332,2.1569688,0.90503931,0.015375349,5.4676654
1946.75,9.7180279,0,0.0014101401,0.50103417,0,0,3.038522,2.1378553,0.91602093,0,0
1946.8333,9.3618641,0,0.001426446,0.0048632441,0,0,3.0917423,2.1208653,0.92618167,0,0
1946.9167,9.0200184,0,0.0015004582,7.3520113e-05,0,0,3.0813448,2.1054378,0.93537885,0,0.028409506
1947,8.6880485,0,0.0015764188,9.2658327e-08,0,0,2.9521723,2.0910749,0.94392407,0,0
1947.0833,8.3813909,0,0.0016509527,0.00026820377,0,0,2.6424243,2.0784254,0.95136476,0,0
1947.1667,8.0856364,0,0.0016782295,0.00015723184,0,0,2.4005141,2.0668046,0.95809537,0,0
1947.25,7.9511451,0.5337543,0.0017429276,0.0015630991,0.047666421,0,2.4054022,2.0558259,0.96439564,38.055442,10.727715
1947.3333,8.9309085,3.6403302,0.0020168126,0.14241871,1.0869029,0,2.5171409,2.045259,0.96947521,0,0
1947.4167,9.394655,5.1579876,0.0018522555,2.5727135,8.2739373,0.17996264,2.8000829,2.0315657,0.97209603,24.321424,0.72228878
1947.5,10.342113,7.7752061,0.0016820705,2.9420554,8.5172324,0.2729511,3.7988684,2.0097806,0.97951508,12.26918,12.272424
1947.5833,11.711049,8.7976018,0.001436586,2.2198661,6.3389344,0.20399382,5.2947078,1.9833024,0.99708736,0.60823595,13.866139
1947.6667,12.789709,4.6326909,0.0011437729,1.3088541,2.4185946,0.078654304,7.3666782,1.9689115,1.0139973,0.021960153,6.9838436
1947.75,12.554331,0,0.00093993277,0.14293974,0,0,10.02652,1.9625169,1.0321984,0,0
1947.8333,12.101102,0,0.00095697603,0.002407114,0,0,13.273095,1.9566644,1.0490344,0,0
1947.9167,11.664421,0,0.00093550276,0.00023955373,0,0,17.064234,1.9511266,1.0643004,0,0.0048706004
1948,11.237117,0,0.00095274008,7.0059204e-05,0,0,21.194208,1.9457909,1.0783732,0,0
1948.0833,10.844589,0,0.00096364372,0.00058999327,0,0,25.429136,1.9409618,1.090548,0,0
1948.1667,10.466029,0,0.00096663111,0.00091242746,0,0,29.670536,1.936359,1.1016217,0,0
1948.25,10.832199,2.5562968,0.0011819357,0.0010955765,0.2643995,0,33.541714,1.9318634,1.1119925,55.809572,13.961018
1948.3333,11.779557,5.34742,0.0013401851,0.020723064,1.3048731,0,35.5695,1.9269775,1.1197928,0,0
1948.4167,12.182928,6.1043273,0.0013075576,0.98537363,4.0700077,0.041949917,34.788044,1.9178395,1.1223043,5.5333471,0.0085718113
1948.5,12.193759,8.4863035,0.0013046823,2.6351979,8.2161525,0.23541688,34.485523,1.902022,1.1178215,29.474976,1.627015
1948.5833,12.543418,10.311052,0.0012760948,2.1076233,6.4638759,0.23551946,36.823479,1.8856907,1.1067419,14.801595,10.342051
1948.6667,12.576767,0,0.00092456391,1.5886901,0,0,40.193939,1.8757087,1.0927473,0,0
1948.75,12.120505,0,0.00093543692,0.12403412,0,0,42.926987,1.8673484,1.0796272,0,0
1948.8333,11.683657,0,0.00094398123,2.0523732e-05,0,0,46.044483,1.8594179,1.0678006,0,0
1948.9167,11.2628,0,0.00094599824,4.8825677e-07,0,0,49.71545,1.8518972,1.0571439,0,0.013097083
1949,10.851951,0,7.3718933e-05,8.8827869e-06,0,0,53.682949,1.8445864,1.0473771,0,0
1949.0833,10.474483,0,5.2286734e-05,1.5945014e-05,0,0,57.52602,1.8376932,1.0389405,0,0
1949.1667,10.110408,0,4.8585152e-05,0.00024880628,0,0,60.816193,1.8306316,1.0312493,0,0
1949.25,11.039993,4.7044563,6.474353e-05,0.00019171112,0.066405953,0,63.737629,1.8231121,1.023119,70.854443,17.57765
1949.3333,10.930107,6.8173497,7.6413125e-05,0.0016248579,0.39861291,0,66.831062,1.8138762,1.006619,0,0
1949.4167,9.9549126,7.6372903,8.2835933e-05,0.58702067,2.8056387,0.048908661,73.103455,1.8005259,0.97586209,6.0480466,0.0043681642
1949.5,9.3403412,10.374962,9.1374801e-05,2.4614717,8.9726909,0.28735713,77.02697,1.779421,0.93205696,33.083267,2.0024468
1949.5833,9.7618187,12.912556,0.00011640712,1.7105495,6.1509856,0.25136271,87.490387,1.7585636,0.88309813,13.604876,13.001254
1949.6667,10.634005,14.630443,0.00010582704,1.2878534,4.6792276,0.20491522,99.033913,1.7494099,0.83565378,9.025143,9.899094
1949.75,10.775388,0,4.7001238e-05,0.43602617,0.10794292,0.0039685942,108.81074,1.7541403,0.82310933,0,0.38781193
1949.8333,10.384111,0,4.494681e-05,0.012646415,0,0,114.56892,1.7607614,0.84232229,0,0
1949.9167,10.007384,0,4.3966436e-05,5.7940751e-20,0,0,120.20022,1.7662146,0.86008894,0,0.031139414
1950,9.6413717,0,0.0010565115,0.00081093015,0,0,125.3507,1.7707329,0.87665743,0,0
1950.0833,9.3032382,0,0.0011024263,4.110486e-06,0,0,128.45647,1.7742194,0.89095432,0,0
1950.1667,8.9770965,0,0.0011136677,0.0005470981,0,0,131.26514,1.7762358,0.9038834,0,0
1950.25,8.6868731,0.1381828,0.0011279382,0.0025242532,0,0,130.68205,1.7777345,0.91599226,50.107103,12.472705
1950.3333,9.8250033,4.5675458,0.0016111799,0.066168312,0.95655367,0,125.86555,1.7807016,0.92614168,0,0
1950.4167,10.313167,5.4536783,0.001504746,0.91315277,4.5610588,0.069842677,120.13542,1.7876055,0.93109262,7.5659543,0.32702318
1950.5,10.832839,8.1296507,0.0014092487,2.1665332,9.4765928,0.30067093,122.63416,1.7970743,0.92738193,26.17957,8.003353
1950.5833,12.166262,10.034253,0.0012973247,1.5751815,6.9128251,0.27537453,130.35374,1.8175827,0.9132964,8.2286386,23.345458
1950.6667,13.374103,1.8116668,0.0009568992,1.5739514,1.2761648,0.049898863,135.96405,1.8548385,0.89522749,1.7321849,4.832305
1950.75,12.926782,0,0.00087935122,0.67229205,0,0,136.77815,1.8945831,0.87928855,0,0
1950.8333,12.456941,0,0.00087758631,0.034206523,0,0,134.06026,1.9302143,0.86489558,0,0
1950.9167,12.004294,0,0.00090590608,0.00061990945,0,0,131.2337,1.9620806,0.85190183,0,0.0089564021
1951,11.561904,0,0.0010919379,3.1005961e-07,0,0,125.76908,1.9906167,0.83998543,0,0
1951.0833,11.155458,0,0.0011861571,0.00014472034,0,0,119.18439,2.0125232,0.82976687,0,0
1951.1667,10.763509,0,0.0012217796,0.00010276277,0,0,115.32463,2.0309446,0.82053983,0,0
1951.25,10.37257,0,0.0012386867,0.0018425544,0,0,109.93824,2.0470147,0.81191188,0,0
1951.3333,10.88935,2.7625561,0.0014412247,0.1105179,0.77406548,0,103.52054,2.06038,0.8040598,64.622945,19.558302
1951.4167,11.98388,6.7281532,0.0014074675,1.3324468,7.5144441,0.15898249,101.02659,2.0753195,0.79457957,18.99088,0.077002369
1951.5,12.256321,10.063027,0.001328796,1.6329426,8.6060644,0.33118763,105.11015,2.0942166,0.77918369,27.17289,9.0917805
1951.5833,13.388855,12.019659,0.0012988528,1.2481243,6.4376196,0.28774698,113.00435,2.1282084,0.75738472,10.30293,20.721903
1951.6667,14.347104,3.4196905,0.00095538364,1.4409497,1.7685372,0.077460654,113.73383,2.1877887,0.73518789,3.0310554,6.7580854
1951.75,13.900768,0,0.00083784625,0.21781049,0,0,110.41921,2.2538042,0.71503174,0,0
1951.8333,13.389758,0,0.0008635323,0.0059054819,0,0,105.86714,2.3130369,0.6968326,0,0
1951.9167,12.898498,0,0.00084150705,6.8241767e-05,0,0,101.25452,2.3659887,0.68041402,0,0.02158918
1952,12.42039,0,0.00099467032,1.4351686e-09,0,0,97.226158,2.4139259,0.66535914,0,0
1952.0833,11.982238,0,0.0010787456,1.3256448e-05,0,0,92.925026,2.4538417,0.65241426,0,0
1952.1667,11.5565,0,0.0010947281,6.4427023e-05,0,0,88.48558,2.4883077,0.64072424,0,0
1952.25,12.377915,3.2449474,0.001150546,-0.00023122115,0.063458375,0,78.320267,2.5113885,0.63489014,76.618636,31.874807
1952.3333,13.090623,6.7636012,0.0013482212,0.00038315298,0.39768448,0,43.433746,2.5260792,0.63757777,0,0
1952.4167,11.909126,7.0480243,0.0015375372,0.23017107,2.1360114,0.018490437,13.432078,2.5423625,0.64539164,2.0077363,0.0034276412
1952.5,10.878048,9.6634906,0.0015614048,1.565566,9.7544222,0.32044574,12.069831,2.5641985,0.63250792,37.153659,2.3341839
1952.5833,10.995036,12.635265,0.0015454944,1.0992097,6.6626958,0.31144663,11.651635,2.5862381,0.60545355,12.79698,23.996564
1952.6667,12.682714,5.9873541,0.0011113404,1.1466477,2.6748478,0.12381446,11.471039,2.6175413,0.581761,4.3557541,14.509844
1952.75,12.468522,0,0.00086372701,0.38417135,0,0,11.215369,2.6532595,0.57942289,0,0
1952.8333,12.01159,0,0.00089875876,0.031231938,0,0,10.929142,2.6847653,0.58019525,0,0
1952.9167,11.571605,0,0.00092194515,0.00011094809,0,0,10.893536,2.7126923,0.58124232,0,0.034252985
1953,11.067593,0,6.5760178e-05,1.6699764e-19,0,0,11.409846,2.7376921,0.58274388,0,0
1953.0833,10.122186,0,3.5603589e-05,-1.1519593e-08,0,0,11.747167,2.7543197,0.59200102,0,0
1953.1667,9.1632521,0,3.8645023e-05,-0.00066036966,0,0,12.062551,2.7613389,0.61874664,0,0
1953.25,8.4081329,0,4.035484e-05,0.047570474,0,0,12.342236,2.7616367,0.66251069,0,0
1953.3333,10.474962,3.7530672,7.0215865e-05,0.44303248,3.9859062,0.044356972,12.760541,2.7602065,0.71128726,47.71355,28.519651
1953.4167,10.473377,5.7688584,8.3866267e-05,1.2389726,10.255799,0.24035348,14.433327,2.7658482,0.75048411,27.285958,2.3431906
1953.5,12.107229,8.5212411,0.00010460675,1.3240582,9.9154665,0.35101336,17.855873,2.7861321,0.7790426,15.247949,28.473197
1953.5833,15.577,9.8024793,7.8287274e-05,0.91683553,6.5470833,0.27690431,21.351191,2.8369348,0.81096035,6.8795005e-12,39.007418
1953.6667,18.159319,3.4426257,5.31937e-05,1.1358953,2.1493489,0.086460458,24.668989,2.930443,0.85411543,2.4933122e-12,14.027592
1953.75,17.726814,0,4.2335192e-05,0.3231409,0,0,27.246748,3.0350552,0.90132892,0,0
1953.8333,16.741583,0,2.946287e-05,0.00011834513,0,0,28.859642,3.1282775,0.94482172,0,0
1953.9167,14.765424,0,2.9825627e-05,-2.065553e-10,0,0,30.467323,3.2091086,0.9893741,0,0.01371573
1954,12.937873,0,0.00073987304,0,0,0,32.100151,3.277895,1.0562429,0,0
1954.0833,11.725212,0,0.0007344514,-7.7840893e-07,0,0,33.611031,3.3324511,1.1395377,0,0
1954.1667,10.648614,0,0.00076427025,-5.1970402e-08,0,0,34.9855,3.3779132,1.2367916,0,0
1954.25,11.387907,1.5279524,0.0010594747,-1.4121285e-08,-0.00022535529,0,35.735092,3.4191658,1.3529992,31.838258,36.062024
1954.3333,12.302164,2.8813367,0.0012010662,0.11133237,1.4952676,0.0067044538,35.934235,3.490567,1.4876591,0.48942855,0.0061615411
1954.4167,12.301306,3.8102577,0.00120692,0.95598772,10.686902,0.16381187,34.931099,3.6122477,1.646059,19.536484,0.6128304
1954.5,13.24421,5.3772121,0.001192698,0.85239336,9.3195439,0.23215655,38.125729,3.7844274,1.8345804,9.5901859,18.672616
1954.5833,15.467125,5.8295084,0.0010687438,0.68145249,7.6094281,0.20939841,42.025352,4.0287061,2.0612936,1.2790242,27.634166
1954.6667,17.588073,4.7387416,0.0010452369,0.49541759,4.270945,0.11892271,45.69479,4.3546476,2.3345134,3.0070628e-12,20.069356
1954.75,17.734122,0,0.00078749401,0.28338003,0,0,49.273697,4.7220254,2.6615958,0,0
1954.8333,17.080434,0,0.00084174273,0.0094453197,0,0,52.068005,5.0531993,2.9778438,0,0
1954.9167,16.454715,0,0.00087853591,2.2608549e-19,0,0,51.089317,5.348433,3.2679994,0,0
1955,15.847372,0,0.00089475943,0.00010895198,0,0,50.123528,5.6180625,3.5352812,0,0
1955.0833,15.291085,0,0.00090305519,2.2680357e-05,0,0,49.559437,5.8500829,3.7643173,0,0
1955.1667,14.755225,0,0.00089830766,1.9599387e-05,0,0,42.210449,6.0618663,3.9647627,0,0
1955.25,14.892919,0.26966518,0.00092674122,-1.9325457e-05,-7.6450755e-07,0,32.830723,6.2695889,4.1237264,19.087977,56.569371
1955.3333,18.261123,1.8022775,0.0010439923,0.030733933,0.89111459,0,31.78027,6.4546385,4.2446446,0,0
1955.4167,17.491175,1.9794586,0.0010148823,0.48129067,6.4697971,0.045529351,32.716736,6.6045947,4.3267827,4.1055273,0.036013066
1955.5,16.790994,2.6568223,0.0010607128,0.67184965,8.8460746,0.11079041,36.637955,6.7176909,4.4025683,9.5886681,0.82749227
1955.5833,16.809115,3.3706261,0.0010569114,0.57614708,7.6665978,0.12225369,42.708771,6.8091292,4.47293,6.5261515,5.1195399
1955.6667,16.500877,0.24118976,0.00075570808,0.88543677,0.73999223,0.011163381,46.946171,6.8927221,4.545939,0.37506226,0.77680612
1955.75,15.618997,0,0.0007300615,0.21958229,0,0,48.823071,6.968545,4.6258302,0,0
1955.8333,14.717788,0,0.00076963525,3.1382068e-05,0,0,49.3978,7.0345488,4.6944752,0,0
1955.9167,13.776324,0,0.00078945467,4.0809338e-06,0,0,49.635612,7.0906167,4.7509718,0,0
1956,12.810057,0,0.00081130111,2.2828742e-07,0,0,48.522434,7.1378212,4.7934589,0,0
1956.0833,11.954322,0,0.000871622,2.9262582e-07,0,0,45.539078,7.1764278,4.7997174,0,0
1956.1667,11.125717,0,0.00093200168,1.2381277e-07,0,0,42.448761,7.2076149,4.7923136,0,0
1956.25,11.25673,0.41174033,0.0011354745,-5.5465364e-05,0.092980708,0,38.211689,7.2314091,4.7773786,8.1564754,16.751523
1956.3333,11.82203,0.90484374,0.0013062147,0.00049577799,0.65368147,0,5.7447548,7.233644,4.7125545,0,0
1956.4167,11.274661,0.96167228,0.0013141783,0.16330657,3.0175739,0.0049803098,4.4668851,7.1953359,4.6143637,0.31653914,0.0022225438
1956.5,10.482822,1.1070225,0.001352433,0.52453875,10.40319,0.050631385,4.045599,7.1047888,4.5136843,4.2274851,0.026946367
1956.5833,10.31216,1.4878609,0.0014241282,0.32121818,6.5714917,0.05254163,4.4035892,6.9548569,4.3999977,3.9423942,0.057401595
1956.6667,10.07297,1.2813299,0.001287718,0.36936598,4.2159192,0.039005492,4.9594779,6.7599711,4.2560134,3.0635803,0.088884038
1956.75,9.6022859,0,0.00093844422,0.077671249,0,0,5.5108871,6.5670714,4.0997624,0,0
1956.8333,9.0755597,0,0.0010023718,9.3709606e-05,0,0,5.9491515,6.3940692,3.956197,0,0
1956.9167,8.544038,0,0.0010348344,3.9447945e-21,0,0,6.248497,6.2376127,3.8246446,0,0
1957,7.9919752,0,0.0010690168,0.00012782726,0,0,6.3877463,6.0936975,3.7023966,0,0
1957.0833,7.4377102,0,0.0011149107,1.9314572e-05,0,0,6.3049803,5.9694061,3.595583,0,0
1957.1667,6.8553751,0,0.0012037251,-4.1131194e-06,0,0,5.9562526,5.8564787,3.4977531,0,0
1957.25,6.4260424,0.17635057,0.0015170719,4.0919326e-05,0.14770181,0,5.4606647,5.7496867,3.4037104,5.4190662,5.049375
1957.3333,6.4515043,0.58180583,0.0019508221,0.00024729281,0.80307859,0,4.7269802,5.6250744,3.316215,0,0
1957.4167,6.1021587,0.66684629,0.0018797928,0.2691779,6.1409389,0.016449009,3.9623616,5.4355111,3.3053916,1.4441932,0.0071634769
1957.5,5.2985265,1.0801703,0.0021549582,0.47751609,10.032625,0.058017928,3.450609,5.192481,3.3048646,5.3862048,0.086198009
1957.5833,4.2537036,1.8690123,0.0026156206,0.38545787,8.5045988,0.086645273,3.5779622,4.8982902,3.3048661,8.5719986,0.18275908
1957.6667,4.5005647,1.8777915,0.0023304939,0.27000741,4.610549,0.061563113,3.6817071,4.6072297,3.3048663,0.17719393,1.1231322
1957.75,4.5728544,0,0.0013368257,0.21575138,0,0,3.7466128,4.3563061,3.3048666,0,0
1957.8333,4.3996884,0,0.0013702377,0.010237468,0,0,3.8514781,4.1313214,3.3048668,0,0
1957.9167,4.2370935,0,0.0014294191,3.1090092e-05,0,0,3.9346335,3.9282334,3.304867,0,0
1958,4.078276,0,0.0014893432,3.9156237e-05,0,0,3.766382,3.7419004,3.3048673,0,0
1958.0833,3.9326511,0,0.0015282683,0.00014229143,0,0,3.4724939,3.5814977,3.3048673,0,0
1958.1667,3.7923176,0,0.001556969,0.00025405471,0,0,2.8378174,3.4363835,3.3048675,0,0
1958.25,3.6524346,0,0.001663393,0.0010168159,0,0,2.3601098,3.3004918,3.3048677,0,0
1958.3333,4.2680884,1.1610705,0.0024069252,0.0028843609,0.97216,0,2.0462863,3.1785345,3.3048589,14.311037,5.7841231
1958.4167,4.821335,1.5870214,0.0022745163,0.26304825,6.0731566,0.035077271,1.8628364,3.0713449,3.304852,3.9307348,0.021538052
1958.5,5.4168063,2.7260587,0.0021743162,0.53307227,10.781405,0.16267978,1.8911649,2.9756887,3.3048513,10.416783,5.4167633
1958.5833,6.9074221,3.1657892,0.0018365493,0.50661506,8.3476511,0.15061739,1.9930949,2.8958867,3.304852,1.7430898e-12,13.897282
1958.6667,8.1099337,2.4571081,0.0015202964,0.36770535,4.1678912,0.078280414,2.035543,2.8405128,3.3048522,1.3288728e-12,8.0663606
1958.75,8.1872996,0,0.00096924783,0.047106124,0,0,1.9424872,2.8033309,3.3048522,0,0
1958.8333,7.8850565,0,0.00098758505,0.00094115505,0,0,1.9155091,2.7709074,3.3048522,0,0
1958.9167,7.5942669,0,0.0010256703,7.1201951e-06,0,0,1.8978671,2.7416394,3.3048522,0,0
1959,7.3096687,0,0.0010737306,1.3472162e-21,0,0,1.8426983,2.7147861,3.3048525,0,0
1959.0833,7.0486725,0,0.0011076616,9.4134666e-05,0,0,1.7840533,2.6916697,3.3048525,0,0
1959.1667,6.7971474,0,0.0010779845,-7.4728875e-07,0,0,1.7042201,2.6707566,3.3048525,0,0
1959.25,7.3726783,1.2173891,0.0014864864,2.3812315e-05,0.1925415,0,1.628172,2.6511309,3.3048513,21.081772,8.9990118
1959.3333,8.6062336,2.2745668,0.0016747359,0.00065117879,1.3231737,0,1.5697916,2.6326587,3.3048015,0,0
1959.4167,9.3514202,2.6906838,0.0016046177,0.30944467,5.3098665,0.043625989,1.557168,2.6133811,3.3045385,4.7699403,0.3660868
1959.5,10.862842,4.495352,0.0014529717,0.66352412,9.7367171,0.19909105,1.7966809,2.5925672,3.3040841,15.603807,6.933808
1959.5833,13.822474,5.463439,0.0012432577,0.58168672,8.1860642,0.2160636,2.3393695,2.5770864,3.3038082,3.395395e-12,27.293771
1959.6667,16.11024,2.5321092,0.00096293044,0.64342989,2.9620034,0.07578733,3.1202035,2.5748909,3.3031764,1.6943685e-12,7.2467854
1959.75,15.783867,0,0.00079541077,0.15693658,0,0,3.9153154,2.5800669,3.3016732,0,0
1959.8333,15.207941,0,0.00082116888,0.0001099587,0,0,4.7841187,2.5849602,3.3016057,0,0
1959.9167,14.653127,0,0.00081471412,5.3219664e-07,0,0,5.7531404,2.5894048,3.3016765,0,0
1960,14.109898,0,0.00081312034,1.5059538e-06,0,0,6.7336864,2.5935118,3.3017414,0,0
1960.0833,13.611517,0,0.0008171334,4.0818733e-05,0,0,7.6760898,2.5970747,3.3017972,0,0
1960.1667,13.131025,0,0.00082555343,3.388734e-07,0,0,8.4726954,2.6003246,3.3018477,0,0
1960.25,13.903563,2.0041144,0.0010253548,3.0447078e-05,0.018841101,0,8.3667517,2.6033087,3.3013692,36.155467,17.115914
1960.3333,15.558922,3.6304833,0.0011218755,0.026621885,1.2256356,0,8.1504068,2.6049993,3.2925808,0,0
1960.4167,16.748168,4.3889028,0.0010851551,0.53209589,6.8512973,0.091983231,7.8553195,2.6050384,3.2711742,9.9345463,0.012864138
1960.5,18.051077,6.7413989,0.0010615723,0.87990668,10.282839,0.29415243,8.2353296,2.6041539,3.2387214,19.48728,10.984909
1960.5833,21.213448,7.7346708,0.00097954355,0.74249867,8.5401159,0.27330189,9.1085501,2.6101096,3.1936257,0.44158349,41.21803
1960.6667,23.5903,2.4265323,0.00077010517,0.7988097,2.3317291,0.068692672,9.7087393,2.6309748,3.138844,0.12001373,7.9190529
1960.75,22.871166,0,0.00071061432,0.18474676,0,0,9.9949465,2.6571908,3.084852,0,0
1960.8333,22.039518,0,0.00074579933,0.00083412147,0,0,10.355366,2.6809378,3.0356541,0,0
1960.9167,21.237634,0,0.0007341337,0.0010089144,0,0,10.822089,2.7023761,2.9897375,0,0
1961,20.45252,0,0.00073368481,0.00041983989,0,0,11.193958,2.7220092,2.9479055,0,0
1961.0833,19.673863,0,0.0007241072,0,0,0,11.497146,2.7388649,2.9122293,0,0
1961.1667,18.203512,0,0.00072442828,-0.00086097032,0,0,11.653378,2.7540281,2.880079,0,0
1961.25,17.967213,1.3712446,0.0008235873,8.5420121e-05,0.042282521,0,11.782169,2.7682753,2.8495383,48.719416,22.652322
1961.3333,19.78172,4.5171543,0.00097499776,0.033568468,0.60452448,0.00065885617,11.726803,2.7884929,2.81336,0,0
1961.4167,19.726798,5.7602325,0.00098747516,0.92069303,9.7420483,0.18884034,11.832418,2.8201201,2.7610784,20.578084,0.024268406
1961.5,19.50164,8.368806,0.0010192697,0.92117617,9.3467474,0.31212486,13.020297,2.8521726,2.6844418,14.899548,18.854823
1961.5833,21.242362,9.2680613,0.00097630062,0.8045136,7.9818406,0.29499371,15.015043,2.8900409,2.582969,0.91179672,44.527878
1961.6667,23.089882,8.537625,0.00091215404,0.56956912,4.6515667,0.1811274,17.088493,2.9458332,2.4633992,0.29654923,32.743027
1961.75,22.863412,0,0.0007073349,0.18938507,0,0,18.607037,3.0201657,2.3352304,0,0
1961.8333,22.028424,0,0.00074865116,0.0046055531,0,0,19.910652,3.0900822,2.2135875,0,0
1961.9167,21.224216,0,0.00075417769,5.9695791e-08,0,0,21.319553,3.1527047,2.1049988,0,0
1962,20.436918,0,0.00074469997,9.3067013e-05,0,0,22.659241,3.2096798,2.0062845,0,0
1962.0833,19.714715,0,0.00073617819,0.0042974806,0,0,23.99794,3.2582757,1.9221438,0,0
1962.1667,19.018546,0,0.00074111705,0.0026969801,0,0,25.018108,3.3017366,1.847044,0,0
1962.25,19.423464,2.1274069,0.00080938148,-0.00068413989,-6.2876374e-07,0,24.40416,3.3419499,1.781382,66.26248,39.797447
1962.3333,19.530525,5.1427726,0.00098120479,0.10515165,1.2412799,0.00665088,22.7556,3.3904605,1.7471513,0.31266098,0.0013873028
1962.4167,19.123027,6.3735349,0.0010143728,0.9219863,10.489635,0.2314564,22.683578,3.4591544,1.7551111,24.843269,0.020465093
1962.5,19.58009,9.5963981,0.0010368301,0.98737159,10.691123,0.40426102,26.248899,3.5489075,1.7743329,19.962286,23.68609
1962.5833,23.009706,10.689246,0.00093204062,0.78735654,8.3678647,0.35077789,29.520117,3.673054,1.8056965,1.8373964,48.861915
1962.6667,25.712837,5.6251083,0.00079799118,0.7348862,3.2076566,0.12512047,31.562359,3.8393555,1.8543694,1.0238345,19.968577
1962.75,25.218993,0,0.0006938916,0.2538218,0,0,33.101856,4.0187726,1.9102068,0,0
1962.8333,24.303064,0,0.0007245008,0.00030396628,0,0,33.626717,4.179235,1.9641936,0,0
1962.9167,22.83272,0,0.00061124429,0,0,0,33.983101,4.3229561,2.0128818,0,0.013968439
1963,20.781472,0,0.00061761122,0,0,0,34.041348,4.4525638,2.056462,0,0
1963.0833,18.996242,0,0.0006549019,0,0,0,33.84446,4.5615931,2.0988941,0,0
1963.1667,17.369334,0,0.00067696167,0,0,0,33.354717,4.6574459,2.150816,0,0
1963.25,18.987458,1.995936,0.00078809797,-9.304717e-08,-4.5424239e-05,0,31.993561,4.7436872,2.2219834,41.850753,69.925624
1963.3333,19.453514,3.399116,0.00090688007,0.0053647319,0.087757945,0,30.409172,4.8113241,2.3023226,0,0
1963.4167,18.254597,3.5860485,0.0010010132,0.55406807,6.4528955,0.075344778,29.574118,4.8513227,2.4063339,7.3085287,0.012929129
1963.5,17.899478,5.3520831,0.0010462354,0.89488667,9.6312917,0.19979369,30.452116,4.8689728,2.4843683,18.227351,1.8093537
1963.5833,18.298814,7.324249,0.0010777317,0.65848554,6.9314068,0.20210782,31.817257,4.8782024,2.5309093,14.283472,5.9894706
1963.6667,19.22009,4.1272407,0.00093114312,0.78774736,3.63686,0.1117158,32.86166,4.893024,2.5645785,0.14078246,10.056639
1963.75,18.814839,0,0.00076828856,0.20326757,0,0,33.159477,4.9109097,2.5979376,0,0
1963.8333,17.932545,0,0.0006841991,1.5340718e-06,0,0,32.42186,4.9248872,2.6312749,0,0
1963.9167,16.423084,0,0.0006306711,0,0,0,31.084085,4.9368448,2.6598945,0,0.0091352291
1964,14.972135,0,5.2455827e-05,-3.0363412e-11,0,0,29.729338,4.9454141,2.6903894,0,0
1964.0833,13.711292,0,3.3057757e-05,-1.316834e-06,0,0,28.506109,4.9501395,2.7347796,0,0
1964.1667,12.565035,0,3.4851018e-05,-4.0571225e-05,0,0,27.054789,4.9515252,2.8020627,0,0
1964.25,13.567713,1.4315681,4.4921522e-05,-0.0006903522,-7.0093433e-05,0,25.228405,4.9493637,2.8929234,24.343632,36.086557
1964.3333,13.882644,2.1890833,5.5435725e-05,-0.0001175357,-0.0010270217,0,22.753189,4.9362111,2.9790964,0,0
1964.4167,13.719198,2.3896229,6.5847569e-05,0.23680434,3.1372112,0.019232247,21.083315,4.9008522,3.0775959,1.6460419,0.0049237654
1964.5,14.316256,3.4361705,7.218463e-05,0.87765279,10.051579,0.12956568,20.13765,4.8429561,3.1504917,12.04399,0.76181781
1964.5833,15.626641,4.7551258,0.00012523205,0.70913533,7.9327224,0.14612691,20.588882,4.7706294,3.1883965,7.7079857,5.8908003
1964.6667,17.033137,4.1812137,0.00011219536,0.55580839,4.1287373,0.088860804,21.033083,4.7055063,3.2111588,4.7690729,3.9883435
1964.75,16.926024,0,6.3818254e-05,0.42193611,0,0,20.816624,4.6510725,3.2296979,0,0
1964.8333,16.131449,0,3.9186849e-05,8.5278072e-05,0,0,20.368969,4.6018033,3.2466385,0,0
1964.9167,14.833911,0,2.6932768e-05,0,0,0,19.77878,4.555696,3.2641227,0,0
1965,13.595439,0,3.1794654e-05,0,0,0,19.128817,4.5115867,3.2821004,0,0
1965.0833,12.168261,0,3.4820594e-05,0,0,0,18.232635,4.4714599,3.3028743,0,0
1965.1667,10.782228,0,3.9005976e-05,-1.7744381e-05,0,0,17.395708,4.4322667,3.3394876,0,0
1965.25,9.5731933,0,4.4542459e-05,-0.0001832505,0,0,16.807484,4.3930168,3.3903303,0,0
1965.3333,10.723104,1.5826478,6.8978086e-05,-0.0016001629,-0.00024236024,0,16.020367,4.3539023,3.4504828,17.035983,19.42972
1965.4167,10.498053,1.6840794,7.9539073e-05,0.11327907,1.7733221,0.0055063925,15.712495,4.3101916,3.5058937,0.30092576,0.0022571066
1965.5,11.375373,2.3780365,7.8862715e-05,0.76884173,9.6125927,0.0822884,16.617645,4.2596197,3.5324631,7.9049886,0.35539632
1965.5833,12.883042,3.3115456,0.00012311233,0.60982125,7.0612695,0.08596793,19.363514,4.2062678,3.519752,1.9025723,4.9137538
1965.6667,14.594506,3.3495843,0.00013873952,0.43374753,4.170648,0.059649449,21.520733,4.1627884,3.4735224,0.83488467,5.4763909
1965.75,14.841882,0,6.2407598e-05,0.084752276,0,0,22.421658,4.1305175,3.4078572,0,0
1965.8333,13.966622,0,3.8454946e-05,0.0048305058,0,0,22.527809,4.1020012,3.3457205,0,0
1965.9167,10.956322,0,4.190499e-05,-9.9933297e-26,0,0,22.663624,4.0750976,3.2828672,0,0
1966,9.516757,0,4.1982432e-05,0,0,0,22.812878,4.0488892,3.2131746,0,0
1966.0833,8.6728921,0,4.0938026e-05,-3.5996116e-07,0,0,22.850714,4.0249882,3.1538553,0,0
1966.1667,7.9008145,0,4.6821257e-05,-0.00016003705,0,0,22.584909,4.0016956,3.1003401,0,0
1966.25,7.5781494,0.65643823,7.0704889e-05,-0.00055332926,-4.1830845e-05,0,21.942587,3.9773285,3.0491004,15.673593,5.762887
1966.3333,8.0135865,1.7096071,0.00011283163,-0.00038526854,-0.00064087738,0,19.985538,3.9503429,2.9760225,0,0
1966.4167,7.0606382,1.9695158,0.00015495857,0.052532623,1.0441542,0.0025971321,19.674654,3.9155705,2.8542974,0.10701517,0.02304043
1966.5,5.7940367,2.5392387,0.00018267876,0.56810054,9.5644371,0.091111279,19.214352,3.8697524,2.6740003,8.8203439,0.76432905
1966.5833,5.5931318,3.2727169,0.00035595705,0.50604325,8.3452729,0.10897882,20.83252,3.8184874,2.4441843,3.3816121,5.9335954
1966.6667,5.9654606,0.96131529,0.00025414512,0.54803224,2.1606541,0.028723247,22.736662,3.7772431,2.2233915,1.0272237,2.0630953
1966.75,5.683932,0,0.00019640542,0.16433367,0,0,23.223768,3.7421381,2.0159051,0,0
1966.8333,5.4738536,0,0.00013189658,0.0016736407,0,0,23.04986,3.7098989,1.8274176,0,0
1966.9167,5.2579213,0,0.00011718775,1.5367835e-05,0,0,22.826248,3.6802206,1.657256,0,0
1967,4.7920379,0,0.00011190499,0,0,0,22.230963,3.6510997,1.5005603,0,0
1967.0833,4.3274001,0,0.00011585187,-7.1418901e-08,0,0,21.49218,3.6222134,1.3651894,0,0
1967.1667,3.9085862,0,0.00012405634,-3.2644013e-06,0,0,20.346371,3.5920296,1.2427365,0,0
1967.25,3.5736449,0.1202588,0.00015615647,-0.00015827602,-0.0001675372,0,18.79266,3.5596738,1.164356,7.9124593,3.7105045
1967.3333,4.2850124,1.1133762,0.00025662035,0.016332753,0.52387005,0,15.458989,3.5264809,1.2039963,0,0
1967.4167,4.93911,1.5650708,0.00023661477,0.3179951,6.2075763,0.035061053,15.028106,3.4886339,1.209789,3.2568931,0.37195894
1967.5,5.5798269,2.3396141,0.00030853384,0.48337435,9.2844203,0.099650924,16.304142,3.443378,1.2120969,4.1453014,3.8939958
1967.5833,6.6279117,2.6879013,0.0004073981,0.41492861,8.0781592,0.10007609,17.88764,3.4003925,1.2130803,1.5124808e-12,6.1484968
1967.6667,7.1672956,0.76229777,0.00025507793,0.55803742,2.1821738,0.025767052,18.912893,3.3690407,1.213518,4.2875799e-13,1.3789398
1967.75,6.9191633,0,0.00019145591,0.151456,0,0,19.607738,3.3433547,1.2138308,0,0
1967.8333,6.5414342,0,0.00010459604,0.00018300528,0,0,19.440655,3.3200269,1.2141079,0,0
1967.9167,5.928393,0,8.6837324e-05,0,0,0,18.63833,3.2985055,1.2143575,0,0
1968,5.3541567,0,0.00010286403,-1.362064e-11,0,0,17.625923,3.2781019,1.2145876,0,0
1968.0833,4.8598778,0,0.00012239443,-1.5058231e-07,0,0,16.376192,3.2598965,1.2147869,0,0
1968.1667,4.4125887,0,0.00013459477,-5.7383787e-08,0,0,15.051486,3.2427487,1.2149683,0,0
1968.25,4.3178797,0.51869813,0.00016691476,-2.7330843e-06,-2.9684104e-08,0,13.552342,3.2259419,1.215088,12.726769,5.6553634
1968.3333,5.1956396,1.6410768,0.00019245563,0.0019027873,0.043626934,0,11.622479,3.2081091,1.2136481,0,0
1968.4167,5.8518974,2.1256099,0.00019056085,0.17759307,4.1815341,0.02869241,9.8310261,3.184675,1.2086326,3.6610321,0.18401279
1968.5,6.4784852,3.1340118,0.00023275769,0.42416537,9.7889472,0.13430193,9.423048,3.1532457,1.1987275,7.599305,4.4741712
1968.5833,7.5436938,3.5820559,0.00037857384,0.3479909,7.6661281,0.12373085,6.6567779,3.1223388,1.1845897,1.9158274e-12,7.1613347
1968.6667,8.2133943,1.6333774,0.00026544271,0.39755622,3.0410408,0.048193774,4.9339995,3.101264,1.1717438,8.9705432e-13,2.5456181
1968.75,7.9870271,0,0.00018723159,0.074356654,0,0,4.8550267,3.0856681,1.1605474,0,0
1968.8333,7.6658758,0,0.00015223023,0.0025084307,0,0,4.5403657,3.0715024,1.1502354,0,0
1968.9167,7.2051031,0,0.00011164672,-4.8562976e-16,0,0,4.1426916,3.0584707,1.1407344,0,0
1969,6.5202522,0,0.00011234673,-3.4789665e-07,0,0,3.9509525,3.0457692,1.1319648,0,0
1969.0833,5.9260302,0,0.00013076783,0,0,0,3.800688,3.0338631,1.1243558,0,0
1969.1667,5.3874906,0,0.00014156842,0,0,0,3.6222355,3.0219688,1.1173254,0,0
1969.25,5.6021921,1.266008,0.00018047121,0,-3.5117607e-05,0,3.3947134,3.0094492,1.1105115,18.029771,6.5905211
1969.3333,6.3584829,2.219442,0.00019882881,0.12227637,2.7869596,0.016711218,3.1187263,2.9938767,1.1028218,2.1652143,0.0044797568
1969.4167,6.7912727,3.2148862,0.00021911292,0.48093679,10.503133,0.13608221,3.2802086,2.9719546,1.0917366,13.427396,2.6513563
1969.5,7.6945294,3.763489,0.00037832727,0.48813322,10.248638,0.16795472,4.0944214,2.9486556,1.0772234,0.13132766,10.783249
1969.5833,8.3885351,2.77105,0.00032532835,0.47924904,6.0051497,0.099511059,4.9115729,2.9332812,1.0633383,1.4606025e-12,4.9057374
1969.6667,8.2451403,0,0.00021165387,0.82017158,0,0,5.5750394,2.9254789,1.0516884,0,0
1969.75,7.905609,0,0.00020748853,0.29878637,0,0,6.0665002,2.9189425,1.0408391,0,0
1969.8333,7.5409235,0,0.00013634727,0.00090550974,0,0,6.3908558,2.912936,1.0309683,0,0
1969.9167,6.8660984,0,9.0602683e-05,0,0,0,6.6779041,2.907239,1.0220703,0,0
1970,6.1896923,0,8.0576014e-05,0,0,0,6.9832778,2.9015357,1.0138987,0,0
1970.0833,5.6082425,0,0.00011316151,0,0,0,7.2631426,2.8961639,1.0068542,0,0
1970.1667,5.0829039,0,0.0001339872,0,0,0,7.4778585,2.890831,1.0004684,0,0
1970.25,4.683069,0.17948194,0.00016334528,0,0,0,7.6086488,2.8853369,0.99447066,15.655168,7.1541713
1970.3333,5.5181799,1.7287469,0.00021639271,0.050095539,0.85124013,0.0052822001,7.6223578,2.8787436,0.9889605,0.24218373,0.049328698
1970.4167,6.1114202,2.5117819,0.00017219521,0.4894509,9.8555944,0.092164219,7.3610287,2.8672166,0.98258489,12.202614,0.23465175
1970.5,6.9683893,3.3945786,0.00018521951,0.47559509,9.4822291,0.15530361,6.7425904,2.8516271,0.97481251,1.9442042,13.84807
1970.5833,8.2282564,3.4991435,0.00030412851,0.39022399,7.7327839,0.13457613,7.2030377,2.8412011,0.96943384,1.8643675e-12,6.4720383
1970.6667,8.6142123,0.47497166,0.00020608481,0.59986545,1.233628,0.019862623,8.1648264,2.839704,0.96822172,2.6674844e-13,1.2985646
1970.75,8.2506193,0,0.00014452288,0.09912867,0,0,8.9399681,2.8406236,0.96872634,0,0
1970.8333,7.6257912,0,9.0107431e-05,0.0010466714,0,0,9.5221081,2.8413317,0.96953052,0,0
1970.9167,6.8871453,0,9.7385971e-05,0,0,0,10.047833,2.8417041,0.97026086,0,0.022267614
1971,6.2032384,0,0.00010102767,0,0,0,10.408342,2.8417337,0.97089851,0,0
1971.0833,5.6145135,0,0.0001060163,0,0,0,10.526166,2.8414531,0.97141373,0,0
1971.1667,5.0822548,0,0.00010977003,0,0,0,10.690107,2.8408804,0.9718461,0,0
1971.25,5.3656925,1.1676194,0.00014947471,0,-9.0702096e-09,0,10.503872,2.8397424,0.97200882,15.195541,6.7061547
1971.3333,6.1311009,2.1053161,0.00016356356,-0.00017928865,-3.4502858e-06,0,10.49224,2.8352404,0.97038203,0,0
1971.4167,6.7087198,2.7876862,0.00016800764,0.30600079,7.1477625,0.07996734,10.616299,2.8241329,0.96664876,9.8737637,0.48945815
1971.5,7.5189313,3.8015901,0.00025266758,0.38829221,8.7280512,0.16126499,11.749424,2.807436,0.96396708,3.0993665,11.658127
1971.5833,8.8372175,3.9781583,0.00031041889,0.32016342,7.0295561,0.14182943,13.407489,2.7951279,0.96526158,2.0628941e-12,7.6500645
1971.6667,9.5717432,1.7760544,0.00021282065,0.44358714,2.7100963,0.054073386,15.374787,2.7925243,0.96966326,9.854936e-13,3.9285894
1971.75,9.3184849,0,0.00014802342,0.13706699,0,0,16.580576,2.7946453,0.97529048,0,0
1971.8333,8.9728506,0,0.00013983995,0.012144792,0,0,17.171179,2.796592,0.98063159,0,0
1971.9167,8.6437548,0,0.00011575835,0.0002420857,0,0,17.287233,2.7982643,0.98546749,0,0.0042971012
1972,8.2925651,0,9.5581527e-05,7.6952473e-20,0,0,16.630054,2.7997103,0.98990571,0,0
1972.0833,7.6228841,0,9.1718051e-05,0,0,0,15.783514,2.8007729,0.99370688,0,0
1972.1667,6.9068512,0,9.2165334e-05,0,0,0,14.637264,2.8013811,0.9970935,0,0
1972.25,6.5899245,0.67785435,0.00011845633,-4.9976023e-05,-1.1820757e-06,0,12.009557,2.801527,1.0001715,20.86788,8.8081448
1972.3333,7.4703889,2.3131007,0.00016859485,0.038316586,0.87509164,0.00087413714,6.0140138,2.7991414,1.0011533,0.040449479,0.00033980241
1972.4167,8.2284715,3.4131005,0.00015860533,0.34373904,8.94188,0.12327599,5.2330241,2.7899492,0.99826014,16.307198,0.24458818
1972.5,9.3818083,4.7428934,0.00027254195,0.36755886,9.4440151,0.2243615,4.6582532,2.7754238,0.99358773,2.812146,17.384165
1972.5833,10.940849,4.9895938,0.00026427023,0.29462199,7.4731287,0.19192656,4.3630142,2.7662613,0.99106085,2.7186485e-12,8.9342904
1972.6667,11.999197,3.4432323,0.00020089785,0.28881478,3.5848576,0.091673936,4.5229244,2.7683089,0.99145675,1.8568683e-12,8.1753276
1972.75,11.920717,0,0.00011953788,0.20727591,0,0,4.7572627,2.7780144,0.99341309,0,0
1972.8333,11.483223,0,0.00011811528,0.0062965107,0,0,4.8461199,2.7872596,0.99530661,0,0
1972.9167,11.062018,0,0.00011326881,1.788523e-05,0,0,4.9181652,2.7955005,0.99701685,0,0.016840808
1973,10.651379,0,9.4695155e-05,3.5447206e-08,0,0,4.9185619,2.8029556,0.99858689,0,0
1973.0833,10.273715,0,8.746313e-05,3.9441986e-07,0,0,4.7466187,2.8092725,0.99993759,0,0
1973.1667,9.9093597,0,8.8330053e-05,4.0388234e-06,0,0,4.4887319,2.8148873,1.0011598,0,0
1973.25,9.6214963,0.17548251,9.2728282e-05,2.308996e-05,0.0066894784,0,4.1322279,2.8200395,1.0023086,31.582642,13.405127
1973.3333,10.941098,2.9890882,0.00012915839,0.017482661,0.90463125,0,3.8865008,2.8234527,1.0025921,0,0
1973.4167,11.547615,3.8263653,0.0001237165,0.34613436,6.5402167,0.10187824,3.5050235,2.8204091,0.99912781,12.833981,0.03207618
1973.5,12.09152,6.0577388,0.00018959651,0.52744472,9.4413944,0.26347239,3.3133717,2.8091974,0.99156541,16.249891,9.4247804
1973.5833,13.76257,6.6546872,0.00021004525,0.39218114,6.6964443,0.219264,3.3788285,2.7995656,0.98663843,1.9383724e-12,24.63857
1973.6667,14.617696,0.68013597,0.00012318297,0.78315924,0.86740857,0.027560777,3.4589908,2.7988582,0.98650408,2.138002e-13,3.280092
1973.75,14.032473,0,0.00010856763,0.15419992,0,0,3.4251001,2.8006661,0.98775423,0,0
1973.8333,13.517285,0,0.00010748948,0.0041087893,0,0,3.3619342,2.8021812,0.98893785,0,0
1973.9167,13.021542,0,0.00010805098,1.7374341e-09,0,0,3.3248246,2.8034296,0.98999894,0,0.0024569483
1974,12.536815,0,0.00093501405,6.4058102e-22,0,0,3.2644024,2.8044541,0.99096495,0,0
1974.0833,12.092346,0,0.00098599284,1.5415418e-07,0,0,3.2062123,2.805222,0.99178886,0,0
1974.1667,11.663857,0,0.00099395216,2.117315e-06,0,0,3.1512418,2.8057971,0.9925254,0,0
1974.25,11.735309,1.1377769,0.0011294537,1.2310899e-05,0.11718318,0,3.0993702,2.806195,0.99318081,39.908396,16.367149
1974.3333,12.854902,3.8886606,0.0013591405,0.00070093471,0.86969277,0,2.8432348,2.8048856,0.99223346,0,0
1974.4167,13.105226,4.7895936,0.0012763861,0.46524359,6.013454,0.11739989,2.7233448,2.7977889,0.98714787,15.114818,0.19169008
1974.5,13.319479,7.4347658,0.0012737206,0.71652825,8.927272,0.30777319,2.9690835,2.7829201,0.98371261,23.088298,6.2625887
1974.5833,14.573165,8.4334603,0.0011994211,0.63023587,7.7434629,0.31823755,3.5294893,2.7709095,0.98234218,3.8558409e-12,22.963234
1974.6667,16.649237,8.688828,0.0011140757,0.4465549,5.4761235,0.2324098,4.416399,2.7741859,0.9853127,4.1431487e-12,27.46259
1974.75,17.385552,0.2843434,0.00079943048,0.19978162,0.27008269,0.0099246849,5.4631948,2.7975199,0.99343735,1.3298319e-13,1.4251758
1974.8333,16.747503,0,0.00078020332,1.3438782e-05,0,0,6.5397458,2.823143,1.0019861,0,0
1974.9167,15.680475,0,0.00069735566,2.7641724e-22,0,0,7.7199669,2.8458827,1.0097132,0,1.0005777
1975,14.29874,0,0.00064979022,-2.6635649e-10,0,0,8.8171272,2.8655996,1.0167736,0,0
1975.0833,13.03154,0,0.00074164924,-4.6949322e-08,0,0,9.8916016,2.8812435,1.022804,0,0
1975.1667,11.877086,0,0.00082998292,-2.343286e-05,0,0,10.924132,2.8939493,1.0281931,0,0
1975.25,12.064352,2.7681778,0.0010862212,-0.00033572129,-0.00025868436,0,11.796457,2.9060655,1.0329008,43.051885,17.097587
1975.3333,12.248877,4.2759944,0.0011752532,-0.0004430975,-4.2110175e-05,0,12.638896,2.9324052,1.0341961,0,0
1975.4167,12.214755,5.2048815,0.0011988515,0.56157465,6.5978904,0.12531316,12.685319,2.9782441,1.0309068,18.618373,0.11118573
1975.5,12.755756,7.9423944,0.0011992236,0.88556807,9.7801806,0.3295772,13.827373,3.0426118,1.028972,19.806554,17.223101
1975.5833,14.933177,8.7343166,0.0011777651,0.7317017,7.9402452,0.3056247,15.865172,3.1378057,1.030565,5.5180229e-12,25.650884
1975.6667,16.543416,3.561035,0.00093238708,0.64762419,2.5289036,0.094843077,17.177593,3.2735419,1.0409825,2.2384959e-12,10.663921
1975.75,16.133783,0,0.00080206629,0.18559551,0,0,18.111597,3.421526,1.0551913,0,0
1975.8333,15.384882,0,0.00071827555,2.277424e-06,0,0,18.983915,3.5549216,1.0682722,0,0
1975.9167,14.09404,0,0.000660224,0,0,0,19.78517,3.6720581,1.0800587,0,0.97570405
1976,12.916543,0,6.4743137e-05,0,0,0,20.623234,3.7741976,1.0907372,0,0
1976.0833,11.822712,0,4.7768521e-05,0,0,0,21.135921,3.8564293,1.0997493,0,0
1976.1667,10.823064,0,5.3331842e-05,-8.0162249e-07,0,0,21.091385,3.9208798,1.1073922,0,0
1976.25,11.28486,1.948272,6.768875e-05,-1.185586e-05,-8.4554439e-07,0,20.855165,3.9709618,1.1137257,39.670248,27.98239
1976.3333,12.029959,3.8912937,8.7846602e-05,0.018173898,0.23236744,0.0025829564,20.176584,4.0271907,1.1165487,0.088857977,0.0005031569
1976.4167,12.23307,5.3001195,9.0966227e-05,0.68445765,9.0201933,0.17052141,20.002598,4.0854959,1.1162325,25.106248,0.28715822
1976.5,13.080693,7.7953776,0.00012879963,0.75915908,9.4801639,0.29003605,21.958069,4.1263642,1.1155556,11.92636,17.780176
1976.5833,15.183677,8.6653968,0.00018172893,0.60283316,7.4539336,0.2611408,24.242455,4.1715493,1.1173432,2.5679385,20.498316
1976.6667,17.053328,8.9487704,0.00016013846,0.41904464,5.2062141,0.18989009,25.861713,4.2499237,1.1287578,6.1312716e-12,23.181068
1976.75,18.099889,1.4650963,9.5062205e-05,0.21249955,0.70835889,0.024161254,26.62509,4.3797474,1.1509602,1.0218426e-12,4.0717591
1976.8333,17.249487,0,5.0143681e-05,4.6527423e-06,0,0,27.08106,4.5138974,1.1745578,0,0
1976.9167,15.898025,0,3.6584865e-05,-1.6995591e-14,0,0,27.177868,4.6300101,1.1957983,0,1.2343712
1977,14.627142,0,4.3326436e-05,0,0,0,26.932625,4.7286892,1.2151128,0,0
1977.0833,13.429082,0,4.5866727e-05,-1.8521094e-07,0,0,26.437124,4.8058696,1.2315496,0,0
1977.1667,12.332818,0,4.7568014e-05,-7.8029934e-07,0,0,25.759924,4.8673096,1.2461789,0,0
1977.25,11.294369,0,5.2642237e-05,-1.9918196e-06,0,0,24.812635,4.9147053,1.2595085,0,0
1977.3333,12.750988,3.5588641,8.9667185e-05,0.013244914,0.21307236,0.0002616583,23.013029,4.9510865,1.2702889,38.247084,21.996136
1977.4167,13.261587,4.7735549,9.4959658e-05,0.57706595,8.7431626,0.14926923,21.817053,4.9739399,1.2776393,20.632748,0.15566405
1977.5,14.150606,7.5243199,0.00016733403,0.68611083,9.7965456,0.2824965,22.487001,4.9731016,1.2836287,17.142938,15.575782
1977.5833,16.469099,8.471231,0.00020195356,0.56838029,8.0713271,0.26102857,23.847206,4.9699006,1.2890794,1.5462998,25.801504
1977.6667,18.937761,6.8136905,0.00015365775,0.4386258,4.70335,0.15511304,24.567652,4.981811,1.3018144,1.1553672,21.093858
1977.75,19.093389,0,8.9449401e-05,0.17207662,0,0,24.691994,5.0127058,1.3226498,0,0
1977.8333,18.054346,0,4.5519115e-05,6.2255999e-06,0,0,24.161917,5.0411234,1.3424696,0,0
1977.9167,16.553583,0,3.6024368e-05,0,0,0,23.266998,5.0606976,1.3602167,0,1.2021359
1978,15.245092,0,4.5005432e-05,-4.6537283e-07,0,0,22.245125,5.0709834,1.3762996,0,0
1978.0833,14.014862,0,4.8881906e-05,-4.2887937e-07,0,0,21.180389,5.0727,1.3899475,0,0
1978.1667,12.887681,0,5.4315493e-05,-4.2287677e-11,0,0,19.880033,5.0668778,1.4020635,0,0
1978.25,12.32777,1.1328391,6.9329668e-05,-7.0858151e-06,0,0,18.186432,5.0531044,1.4131641,40.081107,15.927791
1978.3333,13.296918,3.7842866,0.00010401769,0.032211171,0.69701869,0.0060872457,14.251349,5.0183086,1.4242054,0.56506419,0.0010958913
1978.4167,14.121113,5.3708544,0.00010458355,0.42126503,8.729726,0.16846758,13.045753,4.9597459,1.4358107,23.731635,0.13530586
1978.5,15.366951,7.794119,0.00018259982,0.45879352,9.2313331,0.27085948,13.10208,4.8993487,1.4470621,14.824181,19.104886
1978.5833,17.925253,8.7950956,0.00022292224,0.39325805,7.6071929,0.24678605,13.386583,4.8470573,1.4614683,1.868831,23.438728
1978.6667,20.126814,7.0064776,0.00017823531,0.32823339,4.4482723,0.14751122,11.242783,4.8096557,1.4889684,0.2238523,19.370258
1978.75,20.252509,0,0.00010045598,0.088450309,0,0,11.237586,4.7906275,1.5246668,0,0
1978.8333,19.521125,0,8.4259176e-05,0.0054942247,0,0,11.022263,4.7742839,1.5579852,0,0
1978.9167,18.816642,0,7.1426308e-05,1.96852e-05,0,0,10.858339,4.7585669,1.5880709,0,0.12146562
1979,18.136259,0,0.00077217561,1.1375479e-06,0,0,11.086416,4.7431235,1.6156746,0,0
1979.0833,17.502589,0,0.00084915728,0,0,0,11.009308,4.7288446,1.6394295,0,0
1979.1667,16.89131,0,0.00086942379,1.340927e-06,0,0,10.156051,4.7149353,1.6609113,0,0
1979.25,16.743055,0.73954341,0.00091606844,-5.5283881e-06,0.037110264,0,6.9990377,4.7008939,1.6810386,53.201298,32.2291
1979.3333,19.079801,4.7601382,0.0011028219,0.0084656008,0.72588054,0,6.4052019,4.6843643,1.6983984,0,0
1979.4167,19.351946,5.568882,0.0010087765,0.34885329,6.4300415,0.11984958,6.381103,4.6534176,1.7137728,12.844159,0.017001144
1979.5,19.684438,7.6947641,0.00099565415,0.56952362,9.2721925,0.25983879,6.1711106,4.5926042,1.7361927,23.149723,4.3218761
1979.5833,20.629972,9.17299,0.0010004035,0.40508481,6.5433366,0.22151069,7.0405879,4.533185,1.7580848,9.0973334,15.93762
1979.6667,21.684192,6.8028835,0.00091170496,0.38620976,4.0447988,0.13347004,7.9181676,4.4945083,1.7768743,3.9343082,13.182152
1979.75,21.239469,0,0.00071376195,0.30295174,0,0,8.631052,4.4721737,1.7957748,0,0
1979.8333,20.436939,0,0.00073149637,0.018975485,0,0,8.9942741,4.4524121,1.813272,0,0
1979.9167,19.673804,0,0.00075878249,4.2510427e-08,0,0,9.2376242,4.433857,1.8290832,0,0
1980,18.92145,0,0.00078931608,2.6907219e-08,0,0,9.2560577,4.4160943,1.8437202,0,0
1980.0833,18.246857,0,0.00083483511,7.4557248e-10,0,0,8.9447584,4.4000368,1.8563815,0,0
1980.1667,17.588312,0,0.00084487518,1.6181985e-09,0,0,8.5856361,4.384831,1.8677391,0,0
1980.25,16.92912,0,0.00085653382,1.3066436e-09,0,0,8.0786142,4.3699231,1.8783342,0,0
1980.3333,17.015759,1.0392724,0.00091168686,0.0025794364,0.17324673,0,7.5234799,4.3557611,1.8878536,53.464207,36.617626
1980.4167,19.108795,5.0596413,0.0010201617,0.40964443,5.8071843,0.10486829,7.115973,4.3396497,1.8938792,9.8813395,0.015969283
1980.5,18.962653,6.7863208,0.001041765,0.62871879,9.2972565,0.24461631,6.7417169,4.316072,1.8886683,21.419744,2.5185974
1980.5833,19.57716,8.2948776,0.0010286766,0.51037779,7.3576039,0.24399895,7.083447,4.2937036,1.8690236,10.648803,15.366272
1980.6667,20.10078,2.0544804,0.00082890806,0.65086026,1.6505311,0.050230417,7.7566013,4.2838888,1.8375499,2.0662199,4.4312619
1980.75,19.367635,0,0.00073255191,0.20078484,0,0,8.4092407,4.2790599,1.804709,0,0
1980.8333,18.636659,0,0.00076589052,0.0029719058,0,0,9.0675392,4.2740679,1.7748482,0,0
1980.9167,17.935291,0,0.00083554845,3.3540919e-20,0,0,9.8359146,4.2688937,1.7477487,0,0
1981,17.250139,0,0.00087108358,2.5229746e-06,0,0,10.671104,4.2634134,1.7227458,0,0
1981.0833,16.616248,0,0.00088253157,3.9306309e-11,0,0,11.531622,4.2580776,1.7010756,0,0
1981.1667,16.005721,0,0.00089272502,3.0932944e-11,0,0,12.388503,4.252646,1.6813147,0,0
1981.25,15.707145,0.57083589,0.00093189941,2.2594645e-11,0.012366053,0,13.325574,4.2469378,1.662629,51.504774,27.74638
1981.3333,17.235236,4.4991863,0.0011530116,0.0089025889,0.77058899,0,13.620021,4.2385068,1.6387136,0,0
1981.4167,15.877618,5.2861478,0.0011073509,0.64291838,9.0730748,0.17089494,12.205236,4.2148566,1.5905577,17.502018,0.039706862
1981.5,14.166852,7.2484892,0.0012257432,0.60309488,8.6739744,0.2546034,14.66941,4.1774044,1.5128349,19.20943,5.3668007
1981.5833,13.685837,5.4069725,0.001140137,0.79605724,5.547386,0.17917494,17.870262,4.1438575,1.4092025,6.789829,12.083948
1981.6667,13.312995,0,0.00089084642,0.9429595,0,0,20.782495,4.120472,1.2999475,0,0
1981.75,12.815737,0,0.00087681558,0.1579493,0,0,22.838163,4.0992675,1.2002233,0,0
1981.8333,12.339326,0,0.00087314798,6.5802426e-06,0,0,24.649837,4.0794177,1.1100764,0,0
1981.9167,11.882719,0,0.00086373993,1.4773685e-19,0,0,26.406263,4.060811,1.0287015,0,0
1982,11.437453,0,0.00087347056,2.5361995e-06,0,0,28.007893,4.0430436,0.95406193,0,0
1982.0833,11.029677,0,0.00089415821,8.188355e-07,0,0,28.479448,4.0270905,0.88983673,0,0
1982.1667,10.637146,0,0.00094503822,9.0398036e-07,0,0,28.155373,4.0118318,0.83176416,0,0
1982.25,10.77413,1.2221744,0.0010608082,-3.5677737e-05,0.02848001,0,27.49567,3.9963653,0.77721643,48.475936,23.041312
1982.3333,11.232339,4.3476457,0.0013696364,0.0070342854,0.34681756,0,20.417835,3.9748862,0.72141176,0,0
1982.4167,10.536456,4.974178,0.001443645,0.38497005,6.403024,0.10030453,12.532487,3.924305,0.66244626,11.370942,0.039891198
1982.5,10.472107,7.1532764,0.0015129001,0.57597564,10.239417,0.27393775,13.082796,3.8684504,0.60787237,24.054897,3.6855642
1982.5833,11.532825,8.4634144,0.0013659822,0.44736472,8.1601769,0.26206249,14.093829,3.8182888,0.5592044,6.574328,17.241288
1982.6667,13.298823,5.2590142,0.0011003066,0.44145182,3.5104172,0.11520068,14.976412,3.7881293,0.52095187,2.8679449e-12,12.504919
1982.75,13.197359,0,0.00085445889,0.12305625,0,0,15.800192,3.7734537,0.49035636,0,0
1982.8333,12.712893,0,0.0008379491,0.00014850472,0,0,16.116562,3.760354,0.46294466,0,0
1982.9167,12.247086,0,0.0008500815,1.9452058e-05,0,0,16.51292,3.7478886,0.43820673,0,0.2629576
1983,11.811682,0,0.00086283329,1.3658968e-07,0,0,16.7889,3.7357988,0.41551274,0,0
1983.0833,11.392203,0,0.00087086932,9.175542e-06,0,0,16.766251,3.7247763,0.39597827,0,0
1983.1667,10.987876,0,0.00088299724,-1.2654852e-05,0,0,16.00375,3.7141881,0.37830779,0,0
1983.25,11.422762,1.9303232,0.0010321232,8.0654866e-06,0.15978379,0,14.908417,3.7035656,0.3617602,52.47467,22.446189
1983.3333,12.28557,4.7750371,0.0012322513,0.027293043,0.83083848,0,10.564193,3.6918297,0.3467606,0,0
1983.4167,12.011113,5.7373429,0.0012459389,0.38111055,9.2617456,0.18078342,9.319212,3.675761,0.33210024,23.617774,0.02185901
1983.5,12.359543,8.4296372,0.0013442781,0.43165778,10.297945,0.34055581,9.088233,3.6592476,0.31877252,19.907559,12.627955
1983.5833,14.283731,9.0182237,0.0012604772,0.28535193,6.9101423,0.24925734,8.9900103,3.6565213,0.3115792,4.4491947e-12,27.427832
1983.6667,15.643211,1.517631,0.00090650172,0.59174723,1.2498821,0.040911596,8.9314413,3.6786742,0.31211847,7.8827235e-13,5.6096093
1983.75,15.108525,0,0.00083646458,0.12709814,0,0,9.8854275,3.7068989,0.31507811,0,0
1983.8333,14.554788,0,0.00081948022,0.00015877259,0,0,10.130072,3.7318096,0.31789237,0,0
1983.9167,14.022947,0,0.00083174033,0.00034548815,0,0,10.207451,3.7536747,0.32044178,0,0.29314855
1984,13.525233,0,0.00084567966,6.2102501e-07,0,0,10.072864,3.7730834,0.32278579,0,0
1984.0833,13.046497,0,0.00091755571,2.0209896e-11,0,0,9.7232723,3.7891259,0.32480183,0,0
1984.1667,12.424262,0,0.00095833553,-2.0934012e-05,0,0,9.2050323,3.8024814,0.32658011,0,0
1984.25,11.750764,0.56526205,0.0010397119,-2.2621566e-05,-0.00011424832,0,8.5566015,3.8110733,0.32796311,50.849735,27.952987
1984.3333,12.704898,4.6071783,0.00136881,0.018201124,0.47622857,0,7.8494773,3.8110037,0.32795897,0,0
1984.4167,12.218482,5.6633144,0.001319784,0.35947264,8.4525172,0.16557296,7.3569598,3.8067584,0.32651255,21.671057,0.18847819
1984.5,12.334149,8.4187444,0.0014002335,0.41020988,9.4967321,0.30960298,7.1615081,3.8075573,0.32851592,21.855594,9.0852621
1984.5833,13.970001,8.8022081,0.0013314345,0.30601535,7.1974811,0.25263022,7.2794957,3.8315434,0.3365657,4.9089197e-12,26.637408
1984.6667,14.842558,0,0.00085537729,0.83909056,0,0,8.2647285,3.8847091,0.35153079,0,0
1984.75,14.291312,0,0.00086576556,0.22065498,0,0,9.299901,3.9385946,0.366871,0,0
1984.8333,13.769504,0,0.00087003288,0.0021633489,0,0,9.3803539,3.9865761,0.38083202,0,0
1984.9167,13.269361,0,0.00085006515,7.5244554e-05,0,0,9.3653612,4.0291662,0.39344132,0,0.7082313
1985,12.834913,0,0.00085666799,0.00018850906,0,0,9.2382326,4.0675054,0.40501589,0,0
1985.0833,12.381983,0,0.00086539658,0.00090142611,0,0,9.0918884,4.0998206,0.41498497,0,0
1985.1667,11.740487,0,0.00087870203,2.3820085e-08,0,0,8.8314762,4.1278734,0.42398655,0,0
1985.25,11.565283,0.95118006,0.00098163309,-0.0015206843,-0.00018821882,0,8.4676399,4.151206,0.43231484,48.523013,30.847485
1985.3333,12.469189,4.4545485,0.0013037397,0.0014914352,0.39207715,0,8.0183258,4.1669359,0.43973002,0,0
1985.4167,11.892772,5.1298533,0.0013392365,0.23750933,5.2999709,0.078483076,7.7700953,4.1770167,0.44635338,10.910394,0.012635053
1985.5,11.623647,7.1889171,0.0013721951,0.46605222,10.675944,0.27612802,7.6602135,4.1724873,0.46449468,30.392287,2.7116511
1985.5833,12.731201,8.846255,0.0013624827,0.38112433,7.8117866,0.25865838,7.463099,4.1448441,0.51383215,1.3033683,18.11481
1985.6667,14.160424,5.3513208,0.0010781827,0.39561833,3.3400019,0.11015321,7.5356717,4.1224675,0.5884375,2.8136391e-12,12.016261
1985.75,13.999837,0,0.00083983236,0.19704924,0,0,7.9558496,4.1223841,0.66388512,0,0
1985.8333,13.490779,0,0.00084485405,0.0020075622,0,0,8.0380373,4.1229825,0.73248482,0,0
1985.9167,13.002502,0,0.00087333482,7.8160683e-05,0,0,8.0452213,4.1229339,0.79441792,0,0.77729339
1986,12.584971,0,0.00090059231,2.2007209e-10,0,0,7.8309789,4.1222916,0.85125172,0,0
1986.0833,12.142189,0,0.00093274727,8.3122535e-07,0,0,7.4536576,4.121182,0.9001863,0,0
1986.1667,11.715448,0,0.00094624888,5.866624e-07,0,0,6.8289752,4.1196151,0.94444901,0,0
1986.25,11.946556,0.7220484,0.0010334207,1.3849314e-06,0.046636987,0,6.279923,4.1175914,0.98588556,51.86739,47.59314
1986.3333,14.847884,4.5915246,0.0012157937,0.0002052923,1.0385929,0,5.5964661,4.1183772,1.0218014,0,0
1986.4167,14.2516,5.0897645,0.0012393343,0.33715874,6.6635639,0.095505226,5.0041981,4.1243439,1.0500823,12.021452,0.0091412374
1986.5,14.084432,7.4115847,0.001342951,0.58880239,10.482327,0.28864639,4.8969994,4.1287823,1.0730323,26.371105,5.2368261
1986.5833,15.767712,8.8178013,0.0013004625,0.46009228,7.6121778,0.25609123,5.4507594,4.1259308,1.1061686,2.0840156,23.215915
1986.6667,18.139889,8.1947567,0.0011421607,0.29212269,4.1461119,0.14600998,6.0778885,4.1411562,1.1471688,1.0084774,18.223086
1986.75,18.413227,0,0.0007704228,0.11926655,0,0,6.6147323,4.1799335,1.1936466,0,0
1986.8333,17.745066,0,0.00079956866,0.0093792442,0,0,7.0647974,4.2155671,1.238436,0,0
1986.9167,17.104601,0,0.00079038652,0.00057284773,0,0,7.5309062,4.2460876,1.2795173,0,1.1900115
1987,16.570255,0,0.00079259288,7.6274239e-06,0,0,7.9494576,4.273138,1.3173989,0,0
1987.0833,15.988495,0,0.00080267101,5.029422e-06,0,0,8.3369598,4.2956848,1.3500648,0,0
1987.1667,15.426936,0,0.00081456226,4.0161089e-06,0,0,8.684269,4.3154445,1.3796586,0,0
1987.25,15.17222,0.58467669,0.00085764594,-3.8390776e-05,0.054384081,0,8.8339443,4.3331194,1.4099716,52.785947,50.681317
1987.3333,18.216645,4.5625581,0.0010607039,0.028620182,0.88193005,0,8.4258871,4.3465986,1.4405123,0,0
1987.4167,17.852778,5.5952347,0.0010878356,0.64102774,9.5384791,0.17886693,8.0513678,4.3509002,1.461668,20.552497,0.018533552
1987.5,18.395467,8.6457962,0.0011635344,0.74161326,9.9301051,0.32488743,8.0373783,4.3485479,1.4674207,24.266406,7.3574842
1987.5833,20.659117,10.119457,0.0010825514,0.62927265,8.1138224,0.30607494,8.9142294,4.355793,1.4638604,1.9024526,30.383516
1987.6667,22.878751,4.2782053,0.00084512867,0.61858545,2.4178943,0.093069734,9.8789644,4.3883204,1.4579495,0.60734484,12.023624
1987.75,22.232639,0,0.0007049407,0.4342136,0,0,10.436629,4.4319324,1.4540819,0,0
1987.8333,21.418516,0,0.0007192042,0.0059599963,0,0,10.755846,4.470108,1.4519094,0,0
1987.9167,20.635972,0,0.00074844784,0.0003886193,0,0,11.09572,4.5035596,1.4503309,0,0.61705039
1988,19.917194,0,0.00074627204,0.00086575607,0,0,11.38488,4.533381,1.4491857,0,0
1988.0833,19.209756,0,0.00075384165,0.00027419444,0,0,11.606874,4.5582161,1.448486,0,0
1988.1667,18.526888,0,0.00076377165,6.1070893e-07,0,0,11.729701,4.579742,1.4481668,0,0
1988.25,17.7752,0,0.00077092304,9.3512758e-06,0,0,11.757061,4.5987029,1.448326,0,0
1988.3333,18.994581,2.7426365,0.00092815148,0.097159778,0.98747734,0.0050059024,11.41925,4.6140623,1.4523265,54.574843,43.738768
1988.4167,19.82932,5.8167721,0.0010341506,0.94749629,10.212698,0.20759539,10.85777,4.621841,1.4549677,23.363486,0.02380337
1988.5,20.126458,9.0482533,0.0011020593,1.0375311,10.690856,0.352493,10.622964,4.6249309,1.4511985,30.576551,6.2601654
1988.5833,21.988029,10.804432,0.0010253858,0.73272823,7.3094071,0.29863327,11.666596,4.6437736,1.4439793,2.8238774,26.844802
1988.6667,24.129741,4.8986189,0.00082724245,0.6814818,2.8199596,0.11258287,12.299503,4.6992435,1.4419365,0.42455409,13.442093
1988.75,23.585029,0,0.00068710168,0.14604561,0,0,12.261888,4.771225,1.4447765,0,0
1988.8333,22.685518,0,0.00065286254,4.2750458e-06,0,0,12.08261,4.8351293,1.4483446,0,0
1988.9167,20.600211,0,0.0006129648,0,0,0,12.099869,4.8902526,1.4534591,0,0.59903469
1989,18.739354,0,0.00067439053,0.00028848948,0,0,12.159618,4.9362488,1.4637865,0,0
1989.0833,16.652539,0,0.00069325761,-1.9474242e-08,0,0,11.977718,4.9719996,1.4814684,0,0
1989.1667,14.803682,0,0.00074688171,-4.1985853e-07,0,0,11.402545,5.0000381,1.5084981,0,0
1989.25,14.608,1.2892029,0.00090328878,-1.990026e-07,-9.8726964e-06,0,11.008142,5.0223703,1.5452688,35.301532,41.38287
1989.3333,15.24128,3.0572808,0.0010807154,0.00060630862,0.187869,0,10.144383,5.0344887,1.5881999,0,0
1989.4167,14.88906,3.4486328,0.0010882202,0.30978007,4.5498626,0.047630119,9.7690535,5.0312867,1.623867,5.0898134,0.02220079
1989.5,14.994427,4.8917434,0.00119133,0.5949762,8.3624408,0.15967526,10.71788,5.0223136,1.6461936,14.906183,0.61074516
1989.5833,15.819343,6.6629285,0.0012771089,0.55342558,7.5326582,0.20322584,12.360785,5.0156207,1.6586429,11.522301,6.998483
1989.6667,17.366115,5.7608648,0.001122114,0.50521865,4.6385292,0.13346097,14.347878,5.0259204,1.6686102,1.2762186,11.272988
1989.75,17.461341,0,0.0007898584,0.33364711,0,0,15.98025,5.0536146,1.6814227,0,0
1989.8333,16.825302,0,0.00080794259,0.00062507645,0,0,16.974316,5.0795102,1.6942962,0,0
1989.9167,16.212482,0,0.00085246563,0.00090803837,0,0,17.874374,5.1020713,1.7063893,0,0
1990,15.612983,0,0.00085277454,1.286402e-07,0,0,18.585726,5.1220183,1.717786,0,0
1990.0833,14.95958,0,0.00085873989,2.0614534e-07,0,0,19.370752,5.138588,1.7287641,0,0
1990.1667,14.399264,0,0.00086973171,1.9439159e-08,0,0,20.079901,5.1531253,1.7413925,0,0
1990.25,14.357859,0.51066413,0.00092802302,0,0.05249751,0,20.721643,5.1660099,1.7533739,36.580713,34.451448
1990.3333,16.02071,3.1031757,0.0011697714,0.02729459,1.1884837,0,21.248201,5.1736031,1.7650139,0,0
1990.4167,15.792973,3.8743974,0.0011999725,0.66749565,9.3596665,0.11645577,21.859541,5.1649628,1.7720704,12.381997,0.081607465
1990.5,16.238885,5.92389,0.0012445315,0.78691467,10.27344,0.22204765,24.939579,5.1378675,1.7657954,22.615418,1.3433035
1990.5833,17.52067,7.7475947,0.0012181035,0.63280784,8.0485946,0.23351152,28.959715,5.111939,1.7518867,6.1252099,13.492672
1990.6667,18.921884,3.5891691,0.00093862537,0.58342098,2.6263475,0.079878903,31.54845,5.1036577,1.7408123,1.0043861,7.2874974
1990.75,18.476067,0,0.00073776935,0.21344259,0,0,33.356918,5.1051359,1.7327921,0,0
1990.8333,17.735947,0,0.00075548288,0.0096459702,0,0,34.694286,5.1066179,1.7267164,0,0
1990.9167,17.091021,0,0.00079232862,1.1858816e-05,0,0,35.807529,5.1077676,1.7221305,0,0
1991,16.459493,0,0.00083735544,7.172452e-08,0,0,35.950001,5.108026,1.7179639,0,0
1991.0833,15.669907,0,0.00086503499,2.9403076e-08,0,0,34.842117,5.1074734,1.7152438,0,0
1991.1667,15.035889,0,0.00088922778,0,0,0,33.383492,5.1068368,1.7155204,0,0
1991.25,15.254417,1.1913883,0.00099298602,0,0.23647254,0,27.342842,5.1056876,1.7169498,37.428577,33.576568
1991.3333,15.588147,2.8963895,0.0011868516,0.017054626,1.4487519,0,13.742731,5.1005316,1.7302243,0,0
1991.4167,14.870936,3.1113049,0.0011436393,0.34614564,8.056891,0.079762107,12.893051,5.0804868,1.7511768,8.107624,0.012312179
1991.5,14.674226,4.6021743,0.0011403975,0.50070803,11.468554,0.19432337,12.718596,5.0423179,1.7640147,19.101992,1.0873861
1991.5833,15.360343,5.7790829,0.0012595147,0.39149517,8.791395,0.19968782,12.375935,5.0035009,1.763141,5.0563914,11.918451
1991.6667,17.098971,5.5759908,0.0011679467,0.2987728,5.5780483,0.13584507,12.603742,4.9835348,1.7608067,1.3242319,14.323259
1991.75,17.432671,0,0.00071907672,0.18995035,0,0,12.891787,4.9846935,1.7616348,0,0
1991.8333,16.796675,0,0.00073487533,0.0025510793,0,0,12.707232,4.988534,1.7628348,0,0
1991.9167,16.184002,0,0.00068143051,3.4352263e-06,0,0,12.418121,4.9915338,1.7639211,0,0
1992,15.58412,0,0.00067941408,0.00027912495,0,0,12.008665,4.9938078,1.7649206,0,0
1992.0833,14.82755,0,0.0006702586,4.381548e-06,0,0,11.51942,4.9952874,1.7661035,0,0
1992.1667,14.128521,0,0.00066279148,9.3499632e-07,0,0,10.949814,4.9961424,1.7690257,0,0
1992.25,14.856386,1.3420433,0.00085487991,0.00074248605,0.18751842,0,10.258012,4.9962721,1.7719406,33.836315,31.370697
1992.3333,15.916903,3.0832062,0.0010713293,0.049809966,1.1233683,0.00084761443,9.6779318,4.99087,1.7717832,0.033717548,0.0011884266
1992.4167,15.786512,3.9883559,0.001102875,0.55054236,11.14338,0.15057398,9.1760349,4.9715629,1.762216,16.277302,0.14457186
1992.5,16.531555,6.1015561,0.0011745164,0.55030543,11.220083,0.25692654,9.3718319,4.9415817,1.7392547,15.673968,7.4649832
1992.5833,18.716546,7.2048674,0.0010910503,0.38989835,7.6717927,0.21086887,9.8912992,4.9213161,1.7085754,1.8555726,21.139954
1992.6667,20.692658,4.0891985,0.00085768069,0.30743368,3.0376999,0.082572391,10.165827,4.9257736,1.6833268,0.76986625,10.032252
1992.75,20.308135,0,0.00066815905,0.097611116,0,0,10.072692,4.9457498,1.6628397,0,0
1992.8333,19.567735,0,0.00066101871,0.0013910355,0,0,9.717989,4.964015,1.6444346,0,0
1992.9167,18.815428,0,0.00066470704,2.0739222e-06,0,0,9.2906399,4.9798722,1.6278118,0,0
1993,17.986998,0,0.00067440991,0.00172942,0,0,8.773078,4.9937363,1.6123092,0,0
1993.0833,17.280264,0,0.00066940126,0.00023962974,0,0,8.137167,5.0047197,1.5988411,0,0
1993.1667,16.459141,0,0.00069105235,0.00012092278,0,0,7.4843817,5.0136924,1.586511,0,0
1993.25,16.420415,0.76833752,0.00077641383,-0.00022635771,0.19888871,0,6.6248379,5.0212164,1.5748878,40.772086,32.49864
1993.3333,17.556937,3.4215932,0.0010277461,0.039868516,1.6199402,0.00018325061,5.8208699,5.0240231,1.5627108,0,0
1993.4167,17.311335,4.416158,0.0010765117,0.59234257,11.377613,0.16588828,5.1250696,5.0136852,1.5450039,17.891801,0.16466731
1993.5,17.945766,6.8744225,0.0011808234,0.5962163,10.707597,0.27499954,4.8609319,4.9931026,1.5194263,19.932309,6.38809
1993.5833,19.81061,8.2151461,0.0010840093,0.46108505,8.003344,0.23812606,5.0823655,4.9821744,1.4888639,1.6451439,20.996022
1993.6667,22.031954,6.103551,0.00091376138,0.39035399,4.1050432,0.12513769,5.527667,4.9969144,1.4623865,4.3819713e-12,15.481213
1993.75,21.856215,0,0.00062248547,0.30695891,0,0,5.8210278,5.0324721,1.439904,0,0
1993.8333,21.057412,0,0.00062700029,0.035140595,0,0,6.111618,5.0658512,1.4196739,0,0
1993.9167,20.288929,0,0.00065697799,1.8654259e-09,0,0,6.5816231,5.095242,1.4014127,0,0
1994,19.536491,0,0.00067639875,1.5127138e-10,0,0,7.0677967,5.1211739,1.3846604,0,0
1994.0833,18.783078,0,0.00070416828,9.7349545e-08,0,0,7.5674696,5.1423497,1.3702763,0,0
1994.1667,17.83515,0,0.00074599625,0,0,0,8.0505705,5.1601753,1.3586626,0,0
1994.25,17.183186,0,0.00077468017,0,0,0,8.5843563,5.1755753,1.3484293,0,0
1994.3333,17.76115,1.9268817,0.00098070991,0.032462859,0.9465247,0,9.124567,5.1874824,1.3408127,39.819028,33.583175
1994.4167,18.003827,4.1998494,0.0011778713,0.49250959,8.8177519,0.11428545,9.8735523,5.1829166,1.3363537,12.228266,0.028409232
1994.5,18.12667,6.4409431,0.0011429549,0.60491865,10.219783,0.2338023,11.497285,5.1576209,1.3226154,22.223905,1.5778285
1994.5833,18.934058,8.6494312,0.0011374693,0.38482064,5.8797581,0.20109049,12.556031,5.1292939,1.3066612,9.7240875,9.4497239
1994.6667,20.035369,6.0565737,0.00095273851,0.49834993,3.6985812,0.12392604,14.712538,5.1089797,1.2957717,2.7168003,10.59605
1994.75,19.728251,0,0.0006817542,0.17893344,0,0,16.505224,5.0963788,1.2893778,0,0
1994.8333,19.009652,0,0.00066247978,0.0041764973,0,0,17.607252,5.0843568,1.2847148,0,0
1994.9167,18.316176,0,0.00065770373,2.7587726e-06,0,0,18.594988,5.0727229,1.2809044,0,0
1995,17.597998,0,0.00067403022,5.8916603e-09,0,0,19.428024,5.060955,1.2779467,0,0
1995.0833,16.970988,0,0.00068953785,0,0,0,19.964272,5.0497875,1.2760395,0,0
1995.1667,16.366612,0,0.00070644723,0,0,0,19.606926,5.0386152,1.2749418,0,0
1995.25,16.761132,1.7247405,0.00082994031,0,0.15961516,0,18.862068,5.0261211,1.2801602,47.234848,39.79384
1995.3333,17.612966,4.2385841,0.0010040478,0.021271887,0.90178924,0,18.212473,5.003397,1.2838166,0,0
1995.4167,16.395431,4.9742456,0.0010627379,0.57900141,7.8733445,0.11996619,17.920872,4.9539099,1.2707142,12.701174,0.016624192
1995.5,15.728172,7.4062906,0.0011219819,0.82319953,10.211406,0.26457746,19.214903,4.8757973,1.235557,27.570366,1.362411
1995.5833,15.885098,9.9456552,0.0011204343,0.70072869,8.0260961,0.28363755,19.939503,4.7888136,1.1897098,8.9261764,16.135627
1995.6667,17.45051,10.809926,0.001064158,0.51623521,5.6797067,0.2157994,19.365993,4.7159171,1.1442523,0.92122123,20.938905
1995.75,18.2862,1.4369653,0.00075303618,0.23058588,0.62430708,0.025099208,19.89109,4.6632137,1.1125799,0.011551418,2.9212583
1995.8333,17.630622,0,0.00068382896,0.025865829,0,0,19.681669,4.617805,1.0885752,0,0
1995.9167,16.985726,0,0.00062937324,1.0067018e-09,0,0,19.359934,4.5756712,1.0675029,0,0.68082046
1996,16.287308,0,0.00065305474,4.273509e-09,0,0,18.851154,4.5337744,1.0507286,0,0
1996.0833,15.623523,0,0.00067972299,8.542664e-08,0,0,18.481085,4.4943438,1.0422958,0,0
1996.1667,14.88891,0,0.0007045471,6.0033658e-06,0,0,18.148994,4.4564657,1.0424271,0,0
1996.25,14.342834,0,0.00072284543,1.0521403e-05,0,0,17.735693,4.4199586,1.0464367,0,0
1996.3333,17.155576,4.9293414,0.00093958533,0.15689091,3.2119215,0.0042148337,16.903511,4.3846097,1.0495622,59.983149,42.947118
1996.4167,16.848952,6.8370206,0.00098804629,0.88318419,10.279228,0.23646484,17.003448,4.3406243,1.0449567,28.336566,0.019113184
1996.5,17.127391,10.185175,0.0010391145,0.93222945,10.203824,0.38243894,19.211348,4.2889676,1.0371807,23.790319,13.861201
1996.5833,19.374147,11.434655,0.00095555739,0.70391764,7.5136614,0.30591126,21.186815,4.2444806,1.0345517,2.6404713,32.012208
1996.6667,21.964731,5.9930887,0.0007479426,0.53349012,3.5975873,0.14655707,21.594076,4.2224321,1.0410564,0.25601795,20.484849
1996.75,21.627348,0,0.00061629474,0.18096224,0,0,21.957479,4.2135053,1.0541115,0,0
1996.8333,20.841632,0,0.00064125855,0.0068892566,0,0,21.860739,4.2041483,1.0670656,0,0
1996.9167,20.082001,0,0.00059955468,3.1443071e-10,0,0,21.649916,4.1949201,1.0817171,0,1.2463146
1997,19.440573,0,0.0005767644,2.0583572e-09,0,0,21.332344,4.1857686,1.0997866,0,0
1997.0833,18.757198,0,0.00058530248,-1.798733e-06,0,0,21.075253,4.1771851,1.1155723,0,0
1997.1667,17.771648,0,0.00059343694,-1.6569792e-05,0,0,20.048395,4.1683969,1.1317188,0,0
1997.25,17.766217,2.3800398,0.00073193468,-0.0016448138,0.0053813973,0,18.536224,4.1574669,1.1556009,62.173184,45.272612
1997.3333,18.754588,5.3566424,0.00090611185,0.12936292,1.9612815,0.014528677,17.174126,4.1472797,1.1866207,1.5372138,0.020300788
1997.4167,18.44612,7.2509837,0.00095028582,0.95661261,11.410415,0.28123337,16.437618,4.12953,1.2133862,33.846329,0.25645642
1997.5,19.266993,10.576234,0.0010141539,0.91448618,10.190333,0.3953821,16.784534,4.1084781,1.2367009,17.441701,20.377498
1997.5833,22.327835,11.534004,0.00090220541,0.68236737,7.2639435,0.3169418,17.31525,4.1004548,1.264621,0.47894815,37.463025
1997.6667,25.294017,11.897126,0.00084628543,0.47345911,5.0717644,0.22521928,17.375542,4.1232553,1.3072757,8.7901384e-12,34.119818
1997.75,26.574016,2.3319947,0.00061004661,0.18707647,0.75641476,0.032396674,17.049513,4.1858234,1.3717254,1.7243575e-12,5.134353
1997.8333,25.663463,0,0.00056430738,0.0050491275,0,0,16.424458,4.2532606,1.4397957,0,0
1997.9167,24.738856,0,0.00057508575,4.7184969e-26,0,0,16.166626,4.3125629,1.5019219,0,1.3695604
1998,23.940124,0,0.00058494625,0,0,0,15.827843,4.3659735,1.5591499,0,0
1998.0833,23.102198,0,0.00058605516,2.5210288e-09,0,0,15.35786,4.4109249,1.6085867,0,0
1998.1667,22.286691,0,0.00059170771,1.5449377e-09,0,0,15.056266,4.4504066,1.6534203,0,0
1998.25,21.213962,0.33338738,0.00061786862,0,0.0060061624,0,11.132335,4.4853468,1.7100071,60.512495,66.626241
1998.3333,25.25831,5.1924479,0.00077898509,9.7886852e-07,0.59791878,0,10.695732,4.518209,1.788939,0,0
1998.4167,24.363333,5.6406651,0.00081023312,0.34439113,5.0538189,0.085634731,10.402034,4.5456891,1.868493,8.8616414,0.0090706236
1998.5,24.026526,8.0539389,0.0008531597,0.92430097,10.754008,0.32173365,10.890753,4.5589809,1.9340822,33.453977,1.4806202
1998.5833,24.963768,10.755804,0.00083045848,0.67141262,6.0883834,0.25669596,12.086094,4.5708914,1.9898652,11.301236,11.549598
1998.6667,26.939023,10.858964,0.00079099991,0.60739608,5.20938,0.22063674,13.514138,4.5997038,2.0451818,0.76459191,20.266565
1998.75,27.242841,0,0.00053411198,0.36085256,0,0,14.793243,4.6498256,2.1072628,0,0
1998.8333,26.259424,0,0.00053749123,0.056911161,0,0,15.531849,4.6975746,2.1664469,0,0
1998.9167,25.31221,0,0.0005418394,0.0003628059,0,0,16.142464,4.7396822,2.2201045,0,0
1999,24.384428,0,0.00057021703,7.2150008e-07,0,0,16.750561,4.7770758,2.2693214,0,0
1999.0833,23.534434,0,0.00060379074,0,0,0,16.990673,4.807477,2.3139598,0,0
1999.1667,22.713505,0,0.0006257057,0,0,0,17.154894,4.8328314,2.356595,0,0
1999.25,21.890219,0,0.00063347799,0,0,0,17.332624,4.8556905,2.3967125,0,0
1999.3333,24.325456,3.0856635,0.00075546885,0.011159001,0.91033147,0,17.473507,4.8739967,2.435751,51.53083,55.139807
1999.4167,25.325544,5.0329743,0.00081469427,0.49946629,5.5527221,0.066990548,17.696241,4.8795118,2.4626069,6.9368838,0.0079141431
1999.5,25.128197,7.1613002,0.00081508281,1.0303923,9.8363692,0.23597,19.474468,4.8629475,2.46819,24.497589,0.37116386
1999.5833,25.399037,9.4126053,0.0008147661,0.84596734,7.7812895,0.25610985,22.100147,4.8331928,2.4536414,18.298157,5.6068504
1999.6667,26.3898,10.152612,0.00078091427,0.58094558,5.0653684,0.19001755,25.481741,4.8070345,2.4307125,5.4615239,9.4495173
1999.75,26.2594,0,0.00052867801,0.17545741,0,0,28.304708,4.793457,2.4077792,0,0
1999.8333,25.304532,0,0.00049564714,1.3378278e-06,0,0,30.040791,4.7823567,2.3874865,0,0
1999.9167,23.649439,0,0.00044469826,0,0,0,31.431324,4.7705379,2.3696871,0,0
2000,21.494826,0,0.00045770593,-3.9396693e-12,0,0,32.654148,4.7555618,2.3564858,0,0
2000.0833,19.519581,0,0.00050952757,-2.6613764e-08,0,0,33.726295,4.7384558,2.3497536,0,0
2000.1667,17.700497,0,0.00055129494,-2.2110242e-06,0,0,34.924847,4.718926,2.3484933,0,0
2000.25,17.780876,2.1332919,0.0007039702,-0.0017213554,-0.00063202583,0,35.906227,4.6964703,2.3511274,44.377786,34.640197
2000.3333,17.8161,3.8725615,0.00084101001,0.0013183526,0.094218981,0,37.03878,4.6677489,2.3487878,0,0
2000.4167,17.440656,4.355683,0.00088840711,0.42291725,6.2955752,0.068874859,38.516777,4.6244917,2.3315444,7.2982005,0.011617161
2000.5,17.423229,6.0435287,0.00095154747,0.77091183,10.255328,0.18337625,43.064903,4.5651417,2.2928436,18.655288,1.1917892
2000.5833,17.966269,7.8230808,0.0010333981,0.60274921,7.7169242,0.18390639,50.134029,4.5017524,2.2296875,11.282474,7.9023933
2000.6667,18.333791,3.6941788,0.00083446415,0.58809927,2.8460741,0.071387819,56.533001,4.4555998,2.1497064,0.98587559,5.051049
2000.75,17.650161,0,0.00067729608,0.12329588,0,0,61.672165,4.4215574,2.0688393,0,0
2000.8333,16.95052,0,0.00068099989,0.00052834421,0,0,64.493507,4.3903027,1.9954073,0,0
2000.9167,16.259475,0,0.00068816135,0,0,0,67.17775,4.3612266,1.9288433,0,0
2001,15.566301,0,0.00010518798,0,0,0,69.661095,4.3336358,1.8707894,0,0
2001.0833,14.927474,0,8.7603446e-05,0,0,0,71.741119,4.3090692,1.8257788,0,0
2001.1667,14.302143,0,9.1425507e-05,0,0,0,73.261452,4.2857857,1.7847264,0,0
2001.25,13.80651,1.481156,0.00012629865,0,0.094043375,0,72.815155,4.2659702,1.7460461,45.793327,18.078492
2001.3333,12.737111,3.6514134,0.00019771975,0,0.48116221,0,60.58316,4.243422,1.6954197,0,0
2001.4167,9.4406707,3.4306874,0.00029301838,0.048272824,2.068693,0.0049385085,29.860277,4.1979766,1.6056925,0.35083612,0.021459348
2001.5,9.0822084,4.5046699,0.00035404525,0.30682575,9.854183,0.12600804,30.100737,4.1387877,1.4898269,12.350392,0.25511289
2001.5833,9.5555363,6.1486415,0.00048761346,0.28340344,8.2510489,0.15597302,30.527195,4.0709743,1.382242,10.223986,3.7901389
2001.6667,10.348909,5.2009826,0.00039770213,0.28700534,4.8962358,0.10262582,30.762932,4.0122571,1.287137,2.9351064,7.0892201
2001.75,10.29227,0,0.00020139238,0.11257443,0,0,31.587013,3.9725678,1.2290705,0,0
2001.8333,9.5695481,0,9.2005554e-05,0,0,0,31.33308,3.9385929,1.1874665,0,0
2001.9167,8.0069425,0,7.1187605e-05,-4.4256182e-14,0,0,30.394056,3.9064131,1.1422834,0,0
2002,6.9446117,0,0.00072522083,-5.7142637e-07,0,0,29.088863,3.8755059,1.0913801,0,0
2002.0833,6.1657731,0,0.00081453746,-6.9589885e-11,0,0,27.941977,3.8479533,1.047096,0,0
2002.1667,5.576693,0,0.0008719858,-6.0972915e-09,0,0,26.686579,3.8222473,1.0070329,0,0
2002.25,5.634035,0.84662368,0.0013627899,-3.3864529e-09,-7.8208921e-05,0,24.9375,3.7972879,0.96945542,17.203332,10.899364
2002.3333,6.0853213,1.9479496,0.0017695503,0.0021344479,0.091990156,0,22.390289,3.7714288,0.93372887,0,0
2002.4167,6.2440382,2.5004912,0.0017922433,0.15803274,7.273561,0.055039165,20.074108,3.7401235,0.89496934,5.6464406,0.23665637
2002.5,6.6012,3.7160413,0.0017458699,0.24459223,10.950825,0.14861662,19.798201,3.7032733,0.85045987,9.1389872,4.2558658
2002.5833,7.8488318,4.3263668,0.0018428543,0.18578014,8.3762133,0.12949,20.542547,3.6729863,0.80560684,2.4898046e-12,13.532565
2002.6667,9.2750378,2.2801335,0.0013509309,0.2454663,3.193025,0.054077865,20.746901,3.660434,0.77156097,1.2935064e-12,8.3551229
2002.75,9.1792531,0,0.0010059028,0.15295732,0,0,21.378923,3.6585748,0.74454296,0,0
2002.8333,8.8430438,0,0.00096116104,0.014269488,0,0,21.074219,3.6568582,0.72029239,0,0
2002.9167,8.5202083,0,0.00093491405,0.00088927503,0,0,20.608143,3.6548936,0.69840235,0,0.35751045
2003,8.2320524,0,0.00020370065,3.8450995e-05,0,0,19.97765,3.6526594,0.67831904,0,0
2003.0833,7.9139154,0,0.00018396828,1.9815502e-07,0,0,19.197998,3.6503143,0.66103184,0,0
2003.1667,7.2693443,0,0.00019252286,-2.3078146e-09,0,0,18.011766,3.6473103,0.6453923,0,0
2003.25,6.5699643,0,0.00020828795,-2.346241e-09,0,0,16.453182,3.6428549,0.63074249,0,0
2003.3333,6.5389504,0.76569401,0.00027039356,0.017429606,0.32429551,0,14.895033,3.6372812,0.61751449,23.681927,10.618404
2003.4167,7.4686734,2.8953182,0.00033181149,0.21503422,10.036302,0.098257668,13.921087,3.6298747,0.6052295,12.550383,0.032966298
2003.5,8.1309853,4.7076419,0.00060614315,0.20720289,9.6325091,0.16792744,14.595796,3.621393,0.59190303,11.233548,6.5610134
2003.5833,9.6855247,5.4183705,0.00055838563,0.17354906,8.2949336,0.15883267,15.624569,3.6215866,0.57807952,4.0213675e-12,17.73185
2003.6667,11.370998,3.4117443,0.00039204597,0.1765166,3.6470322,0.074829133,15.59868,3.640666,0.5678637,2.4833618e-12,11.049702
2003.75,11.32209,0,0.0002564938,0.15707768,0,0,15.402107,3.6722786,0.56044048,0,0
2003.8333,10.907849,0,0.00020209733,0.026169647,0,0,14.849167,3.7011447,0.5538305,0,0
2003.9167,10.511856,0,0.00015350597,5.7441294e-06,0,0,14.376476,3.7266228,0.5478639,0,1.0394744
2004,10.205395,0,0.00092022266,2.5201152e-14,0,0,14.024657,3.7493882,0.54239029,0,0
2004.0833,9.8446123,0,0.00099443109,2.1970305e-09,0,0,13.578866,3.7683868,0.53767949,0,0
2004.1667,9.4969152,0,0.0010121092,0,0,0,12.821552,3.7849641,0.53341895,0,0
2004.25,9.1502825,0,0.0010310392,-1.9552883e-06,0,0,11.684292,3.7998488,0.52942967,0,0
2004.3333,9.5679071,1.542251,0.0013181675,0.0071654101,0.40398215,0,8.0616446,3.8124082,0.52576399,33.264993,15.359073
2004.4167,10.337107,3.8453902,0.0013955442,0.18821872,10.128396,0.12852921,6.1295695,3.8199396,0.52098745,16.023601,0.018002661
2004.5,10.944315,5.9931073,0.0015964651,0.23075985,11.435769,0.24730285,5.8688602,3.824446,0.51322329,16.043476,10.94282
2004.5833,12.759115,6.7423186,0.0014850305,0.17445222,8.4799491,0.21168121,5.8131599,3.8391309,0.50339615,4.4875571e-12,23.447863
2004.6667,14.65906,3.6954228,0.0011429944,0.18220623,3.6755694,0.087644324,5.8705397,3.8770053,0.49579388,2.4605324e-12,12.973089
2004.75,14.440761,0,0.00086019252,0.13408848,0,0,6.120553,3.928437,0.49039775,0,0
2004.8333,13.905088,0,0.00087753613,0.0027672137,0,0,6.2047997,3.9750671,0.4856461,0,0
2004.9167,13.399063,0,0.00090698909,1.4191559e-08,0,0,6.1903462,4.0165181,0.4813655,0,1.2599116
2005,13.002074,0,0.00093157869,7.173704e-06,0,0,6.1271667,4.053884,0.47744066,0,0
2005.0833,12.541246,0,0.00096451613,0,0,0,5.9445181,4.0854244,0.47406447,0,0
2005.1667,12.097057,0,0.00099633797,0,0,0,5.683682,4.1133356,0.4710125,0,0
2005.25,11.654191,0,0.0010240006,0,0,0,5.3010101,4.1388373,0.46815684,0,0
2005.3333,12.489375,2.4398793,0.0012843005,0.014736833,1.1627883,0,4.8150353,4.1606879,0.46542722,38.884908,20.856033
2005.4167,12.560438,3.9619771,0.0014130697,0.20995961,8.9175139,0.1127026,4.4256372,4.1737528,0.4610205,13.791713,0.068837101
2005.5,12.482048,5.9684799,0.0014136215,0.27382264,11.093746,0.24777479,4.3120012,4.1788726,0.45386824,20.026995,6.3803695
2005.5833,13.754075,6.7789517,0.0013222279,0.23139697,8.8309104,0.23464004,4.4745026,4.1930084,0.447602,3.810639e-12,20.234914
2005.6667,15.258468,6.8871337,0.0011696503,0.13066231,5.0029314,0.13709216,4.6714664,4.2354922,0.4464581,3.9320831e-12,17.350209
2005.75,15.721016,0.67221653,0.00081540114,0.080263412,0.55121432,0.011790271,4.9009576,4.3166728,0.45029551,4.0066269e-13,1.6423265
2005.8333,15.150766,0,0.00073688664,2.6830598e-05,0,0,5.13588,4.4009647,0.45499343,0,0
2005.9167,14.597492,0,0.00070522865,2.8938103e-09,0,0,5.346046,4.4764194,0.45924959,0,0.77355848
2006,14.116121,0,0.0007179376,1.6453618e-20,0,0,5.5116205,4.545001,0.46316686,0,0
2006.0833,13.615689,0,0.00073422352,0.00066737236,0,0,5.6161256,4.6034222,0.46654961,0,0
2006.1667,13.133847,0,0.00076459552,8.0801228e-05,0,0,5.6749196,4.6556549,0.46961424,0,0
2006.25,13.680809,1.2868465,0.00087635434,-0.00036673321,0.049739141,0,5.2411551,4.7042799,0.4724685,38.156158,31.941263
2006.3333,14.557339,3.4460505,0.0010635318,0.010588552,0.65313609,0,4.6077671,4.7576051,0.47403437,0,0
2006.4167,13.746384,4.0581548,0.0010621144,0.25601314,8.7582236,0.11361266,4.4019361,4.8074622,0.472911,14.332562,0.0092136078
2006.5,13.602045,6.217313,0.001291231,0.31181762,9.9660888,0.23738072,4.5949459,4.8174467,0.49257323,20.855897,5.1879975
2006.5833,15.068728,7.4652857,0.0012508123,0.27138201,8.1731856,0.23287683,5.0843592,4.7967124,0.53971457,0.055836611,24.327625
2006.6667,17.321456,7.4065044,0.0011216416,0.18833588,5.2544686,0.15820301,5.5550966,4.7864437,0.59348816,4.9303717e-12,22.381538
2006.75,17.703295,0,0.00072436803,0.19334066,0,0,5.8670793,4.7958245,0.65343034,0,0
2006.8333,17.051267,0,0.00073213287,0.0060692271,0,0,6.1174011,4.8048677,0.71310145,0,0
2006.9167,16.427457,0,0.00076536729,0,0,0,6.3049898,4.8116398,0.76828498,0,0.89476218
2007,15.883213,0,0.00080595992,8.4885196e-21,0,0,6.4175148,4.8171349,0.81971633,0,0
2007.0833,15.316846,0,0.00083247438,0,0,0,6.361589,4.8213334,0.8647052,0,0
2007.1667,14.770661,0,0.00082924898,9.0798024e-09,0,0,6.1832871,4.8246274,0.90608883,0,0
2007.25,14.104835,0,0.00079795322,0,0,0,5.6199651,4.8272238,0.94745559,0,0
2007.3333,14.516399,1.0483811,0.00087370136,0.014235805,0.50170072,0,4.9196281,4.8292875,1.0035412,37.407854,40.267059
2007.4167,16.240645,3.8139748,0.0011239011,0.33267026,8.5905632,0.11224133,4.7485585,4.8266706,1.0574681,11.881592,0.038807081
2007.5,16.34655,6.3181147,0.0012035572,0.46072307,11.128516,0.26327051,5.2704716,4.8129716,1.0997025,27.711102,1.4017873
2007.5833,17.894758,8.2755554,0.001153162,0.39853575,9.1948798,0.29794957,6.5268126,4.8006768,1.1340328,1.9646545,25.578752
2007.6667,20.835893,8.8613629,0.0010258623,0.27311352,6.1807552,0.20762578,8.1526585,4.8082066,1.1717594,5.9587621e-12,28.745946
2007.75,21.7767,0.29583095,0.00067831535,0.13786837,0.2439252,0.0083430996,8.8987904,4.8428764,1.2170975,1.6098599e-13,1.2223668
2007.8333,20.97686,0,0.0006850377,0.0062078129,0,0,8.7622709,4.8782425,1.2627698,0,0
2007.9167,20.208642,0,0.00067544065,0.0020565243,0,0,8.6261415,4.9087868,1.3054923,0,1.3677013
2008,19.559937,0,0.00064886734,0.00088422549,0,0,8.4369993,4.936048,1.345787,0,0
2008.0833,18.85991,0,0.0006388076,5.1677668e-05,0,0,8.1655254,4.958787,1.3815131,0,0
2008.1667,17.974358,0,0.00065325754,3.6042402e-08,0,0,7.7772207,4.978631,1.4188982,0,0
2008.25,17.221032,0.74465125,0.00070190761,0,0.065993181,0,6.4946904,4.9977455,1.4938602,37.966711,50.308677
2008.3333,19.65216,3.3999851,0.00091014965,0.032461648,1.1250684,0,6.1542473,5.0164933,1.6091951,0,0
2008.4167,18.955132,3.9986041,0.00094942393,0.43095539,8.4268828,0.12007241,5.7112947,5.024694,1.7166672,11.922856,0.18965157
2008.5,19.273009,6.2820334,0.0010329192,0.50792484,9.8055921,0.23612904,5.5580392,5.0196323,1.8048416,22.508153,0.76159297
2008.5833,20.710586,8.0403993,0.0010079365,0.44899891,8.4545382,0.26409608,6.0481825,5.0194016,1.878926,3.9940356,19.019425
2008.6667,23.276202,6.8450333,0.00088381022,0.32761695,4.9940208,0.16484569,6.9713578,5.0425696,1.954324,4.4505608e-12,19.625052
2008.75,23.352159,0,0.00061790366,0.070653454,0,0,7.4005666,5.0884604,2.0358529,0,0
2008.8333,22.504997,0,0.00057788705,0.00073872293,0,0,7.7118173,5.1310873,2.1126411,0,0
2008.9167,21.66762,0,0.00055192527,1.0548478e-08,0,0,8.1515722,5.1686592,2.1829996,0,0.033745113
2009,20.842532,0,0.00057671522,4.2666028e-06,0,0,8.6623135,5.2022943,2.2484696,0,0
2009.0833,20.066116,0,0.00059726625,1.8488537e-07,0,0,9.1847868,5.2302084,2.3087943,0,0
2009.1667,19.354708,0,0.0006168462,0,0,0,9.7856846,5.2544947,2.3657184,0,0
2009.25,22.064924,2.7613095,0.00076561677,0,0.21858622,0,10.21511,5.2754612,2.4247203,40.71704,56.400785
2009.3333,21.766936,3.5053999,0.00084602891,0.022347127,1.3472036,-6.1766187e-05,10.373433,5.2857141,2.4932368,0,0
2009.4167,21.172654,4.2813746,0.00086269627,0.6340299,10.134233,0.15231648,10.052156,5.2781234,2.5572691,15.793714,0.02620187
2009.5,21.551639,6.6007623,0.0009477337,0.72463039,11.124552,0.28087997,11.246827,5.2564325,2.605406,24.64789,3.1071663
2009.5833,23.073714,8.2229199,0.00090849417,0.54032438,8.200065,0.26193316,13.573377,5.2429976,2.6464283,3.8629621,18.86007
2009.6667,25.475133,7.5259167,0.0008212289,0.42447367,5.2468266,0.17415808,15.662119,5.2575064,2.6940403,5.3298071e-12,20.526971
2009.75,25.635898,0,0.00057401252,0.33965958,0,0,17.080721,5.3009486,2.7526202,0,0
2009.8333,24.655282,0,0.00059461326,0.00076741995,0,0,18.107948,5.3435183,2.8100111,0,0
2009.9167,23.721393,0,0.00059206993,0.00082540152,0,0,19.221447,5.3812866,2.863152,0,0
2010,22.491619,0,0.00058402162,1.8567695e-06,0,0,20.390242,5.415236,2.9149041,0,0
2010.0833,21.312864,0,0.00058979908,0.0047557546,0,0,21.379902,5.4436083,2.9730301,0,0
2010.1667,20.03647,0,0.00060173101,0.0001354928,0,0,21.347454,5.4681172,3.0370429,0,0
2010.25,18.744923,0,0.00062276912,0.0025476912,0,0,20.740303,5.4898849,3.1171887,0,0
2010.3333,21.830296,2.5532281,0.00083850621,0.14550905,2.6294864,0.012094395,19.808134,5.5067024,3.2159328,30.416133,51.476583
2010.4167,21.251021,3.3680545,0.00087497587,0.79459138,10.703401,0.14700258,19.273312,5.5109262,3.3131161,14.221821,0.043022221
2010.5,21.501059,5.087913,0.0009739885,0.7216141,9.8159543,0.21330764,20.148518,5.505343,3.3980021,17.638591,2.4065837
2010.5833,22.796132,6.4822584,0.00093326985,0.60798535,8.1604685,0.24072349,21.562017,5.5082312,3.4719214,7.8240286,16.976922
2010.6667,24.847953,6.4284485,0.00086369802,0.43880253,5.2794479,0.16614413,22.595261,5.5379758,3.5466948,4.0470801,16.26243
2010.75,25.123933,0,0.00053762697,0.23562669,0,0,22.899115,5.5977945,3.6233363,0,0
2010.8333,24.165468,0,0.00057257264,0.01067851,0,0,22.798424,5.6569438,3.6952372,0,0
2010.9167,23.245906,0,0.00058442552,7.1525575e-05,0,0,22.606619,5.7101231,3.761127,0,0
2011,21.498082,0,0.00060464774,0,0,0,22.499031,5.7586727,3.8315454,0,0
2011.0833,20.498991,0,0.00058086705,0,0,0,22.341881,5.7999167,3.9037576,0,0
2011.1667,19.350983,0,0.00056196423,0,0,0,21.521946,5.8361053,3.9856801,0,0
2011.25,18.771252,0.30644285,0.0005887064,0,0.067779305,0,15.591737,5.8690205,4.0812092,21.966722,46.142376
2011.3333,21.14219,1.9675696,0.00081508444,0.017003338,0.88986828,0,10.969633,5.8968678,4.1703529,0,0
2011.4167,20.297538,2.283782,0.00081555819,0.49584445,8.5485989,0.079223954,10.059011,5.9080148,4.233418,6.9376449,0.03385483
2011.5,19.840846,3.2529833,0.0008977718,0.48586394,8.9828246,0.13890224,9.5097485,5.8998938,4.2626004,10.890846,0.86102522
2011.5833,20.099344,4.2251609,0.00090523734,0.40979441,7.6595968,0.15697765,9.2408247,5.8892713,4.253624,9.9280017,4.4525548
2011.6667,20.859271,4.6388693,0.00087907154,0.31226911,5.5238352,0.13412479,8.9811316,5.8938422,4.2057958,2.4980736,10.998355
2011.75,20.754382,0,0.00054381619,0.27875951,0,0,8.5933857,5.9193077,4.1297698,0,0
2011.8333,19.876093,0,0.00056173926,0.0031684217,0,0,7.9305029,5.9460006,4.0559354,0,0
2011.9167,19.025715,0,0.00051063945,2.0672176e-05,0,0,7.7090707,5.9698348,3.9892378,0,0
2012,18.187376,0,0.00052184728,-1.0835133e-07,0,0,7.8575382,5.9914436,3.9280093,0,0
2012.0833,17.413523,0,0.00058515754,0,0,0,7.8492332,6.0096941,3.8752675,0,0
2012.1667,16.663037,0,0.00060821907,0,0,0,7.8138461,6.025795,3.8275149,0,0
2012.25,16.328545,0.25079033,0.00067261863,0,0.062715928,0,7.3785653,6.0404682,3.7826812,17.794473,29.255013
2012.3333,18.010855,1.6858595,0.00092187343,0.00054411845,0.63054923,0,6.9309525,6.0491076,3.725554,0,0
2012.4167,16.956527,2.000741,0.00093857769,0.43553028,7.5982445,0.059351655,6.5886798,6.0384631,3.6155438,5.1608698,0.033529591
2012.5,14.942519,2.9175039,0.0011377292,0.58444782,9.3218724,0.1241461,6.8879766,6.0006537,3.4392936,9.7695182,0.90806324
2012.5833,14.071075,3.7140746,0.001264508,0.42082831,6.6159307,0.1237725,7.3753128,5.9460697,3.2020588,6.6901166,3.8867912
2012.6667,14.457786,2.1298553,0.0010111647,0.55804168,3.142043,0.062284307,7.8276119,5.9017787,2.9671388,3.7967662,2.7865553
2012.75,13.881098,0,0.00075973099,0.2733878,0,0,8.6729622,5.8676548,2.7496789,0,0
2012.8333,13.341325,0,0.00073210918,0.0003353935,0,0,8.7226601,5.8366756,2.5490749,0,0
2012.9167,12.674311,0,0.00068639894,3.2642894e-09,0,0,8.6293783,5.8081737,2.3705707,0,0
2013,11.93323,0,0.00069403514,0.00021725399,0,0,8.4339523,5.7805939,2.3231578,0,0
2013.0833,11.484579,0,0.00071245182,4.0568438e-06,0,0,8.2204742,5.7564478,2.3448887,0,0
2013.1667,10.98504,0,0.00073588156,-3.5496993e-06,0,0,7.8084445,5.7343245,2.3645563,0,0
2013.25,11.105866,0.48524249,0.0009667725,-5.768191e-06,0.063275794,0,7.30513,5.7129059,2.382545,13.408297,17.953133
2013.3333,12.110282,1.5062221,0.0012610768,0.012037515,0.6320324,0,6.4254718,5.6854825,2.3860841,0,0
2013.4167,11.66459,1.8047915,0.0012585467,0.59832389,8.6315871,0.06085388,6.3013468,5.6359072,2.3662291,5.2628418,0.23665517
2013.5,11.568461,2.5995965,0.0014763627,0.66575238,9.6564485,0.11896434,6.4741964,5.55545,2.3291466,8.2751135,1.6547081
2013.5833,12.255708,3.3952163,0.0015027893,0.57509975,8.3667007,0.13624547,7.0138283,5.4518323,2.2851067,6.5832123,6.6106171
2013.6667,13.20576,2.8072952,0.0012575214,0.5147294,4.385661,0.081474693,7.7494965,5.3568659,2.2406595,3.011368,6.3026441
2013.75,13.070591,0,0.00081986975,0.37629785,0,0,8.7012815,5.2807031,2.1988299,0,0
2013.8333,12.580923,0,0.00083433778,0.052731601,0,0,9.3690376,5.2126412,2.160737,0,0
2013.9167,12.109125,0,0.00083753443,0.0015892052,0,0,9.8858051,5.1510763,2.1261945,0,0
2014,11.647305,0,0.00081394857,0.00013380637,0,0,10.531015,5.0944128,2.0943735,0,0
2014.0833,11.223971,0,0.0008338677,5.6725462e-05,0,0,11.27332,5.0454178,2.0669062,0,0
2014.1667,10.816097,0,0.00085621269,2.4261053e-12,0,0,11.893325,5.000854,2.0420139,0,0
2014.25,10.409592,0,0.0008825952,5.4777819e-06,0,0,12.68616,4.9588757,2.0186694,0,0
2014.3333,10.754935,0.76402276,0.0011356047,0.060700015,0.42461951,0,12.744113,4.9205213,1.9973291,18.937856,18.385048
2014.4167,11.408068,2.0570385,0.0013996479,0.67986784,8.9783658,0.073895598,12.471692,4.8795457,1.9731537,7.4079776,0.019714103
2014.5,11.724678,3.3245368,0.0015750529,0.70167557,9.1906291,0.14216015,12.733875,4.8264594,1.9427209,11.760883,1.5964059
2014.5833,13.107806,4.6247449,0.0015172703,0.66651839,8.4409628,0.1822884,13.464512,4.7677374,1.9091637,5.9895175,10.440205
2014.6667,13.937104,0.84194762,0.0010199324,0.99877672,1.2214052,0.025968304,14.365026,4.7228861,1.8787898,5.9458889e-13,2.6975369
2014.75,13.338529,0,0.00089202716,0.2589648,0,0,14.90474,4.6861372,1.8546244,0,0
2014.8333,12.825247,0,0.0008474745,0.0072377356,0,0,15.060447,4.6527877,1.8330865,0,0
2014.9167,12.332871,0,0.00082465302,0.0005412071,0,0,15.286897,4.6225262,1.813861,0,0
2015,11.85192,0,0.00084390957,0.00046897939,0,0,15.557673,4.5945787,1.7964137,0,0
2015.0833,11.362125,0,0.00085706479,0.00091956872,0,0,15.774025,4.5703049,1.7814208,0,0
2015.1667,10.588381,0,0.00093622738,0.00045381752,0,0,15.950731,4.548111,1.7696406,0,0
2015.25,10.087207,0,0.00097501103,-0.0001183499,0,0,16.033041,4.5274978,1.7660205,0,0
2015.3333,11.551824,2.0280206,0.0013879362,0.19222799,2.4753063,0.015076861,15.870348,4.5057898,1.7631527,23.687977,21.70728
2015.4167,11.76519,3.2597133,0.0014261761,0.97761604,11.303316,0.15421109,15.900525,4.4682021,1.7564439,16.010097,0.45574961
2015.5,12.850866,5.2443859,0.0015443104,0.90743735,10.246317,0.24022189,17.099041,4.4163756,1.7477837,9.4941077,11.423529
2015.5833,15.478286,6.0488321,0.0013349733,0.69461255,7.8028076,0.20623825,17.351629,4.3699074,1.7438656,3.9209081e-12,26.181125
2015.6667,17.849678,3.6499638,0.0010264949,0.65831388,3.7735223,0.10006199,18.501814,4.3436155,1.7492877,2.3846026e-12,16.40269
2015.75,17.619461,0,0.00075573276,0.33573271,0,0,19.334867,4.3318357,1.7625004,0,0
2015.8333,16.958717,0,0.0007702845,0.015212194,0,0,20.243731,4.321177,1.7760612,0,0
2015.9167,16.325071,0,0.00081058481,0.0003867935,0,0,21.378584,4.311367,1.7888246,0,0.0036570702
2016,15.709199,0,0.00083787111,0.00036648264,0,0,22.436117,4.3021841,1.8009663,0,0
2016.0833,15.148321,0,0.00082732836,9.7859421e-05,0,0,23.129591,4.2940402,1.8117805,0,0
2016.1667,14.480928,0,0.00083446089,-7.7899784e-07,0,0,23.588316,4.2863684,1.8222979,0,0
2016.25,13.604297,0,0.00086112012,1.2335511e-06,0,0,23.528484,4.2797747,1.8391924,0,0
2016.3333,14.387109,2.1649413,0.0011313247,0.22303398,2.6947339,0.02159127,21.6528,4.2728167,1.8669747,33.114074,26.461644
2016.4167,15.461349,4.3667192,0.001228249,0.89194428,11.137131,0.19515712,21.851994,4.26057,1.8938704,21.106345,0.36291208
2016.5,16.852373,6.5933978,0.0012324299,0.81600536,9.9386121,0.27461186,22.98818,4.2443409,1.9140695,9.8180745,17.365233
2016.5833,19.74695,7.2669713,0.001115932,0.68307405,8.2003222,0.25076186,24.635921,4.2402005,1.9343234,4.9733533e-12,32.794232
2016.6667,22.885298,5.6637865,0.00089896342,0.57423886,4.8118912,0.14505835,26.178547,4.2632327,1.9612454,3.9213308e-12,24.271539
2016.75,22.858905,0,0.00062006008,0.38835598,0,0,26.818464,4.3087349,1.997348,0,0
2016.8333,22.021888,0,0.00062802277,0.0098542772,0,0,26.940207,4.3508129,2.0326486,0,0
2016.9167,21.216316,0,0.00057334808,6.2368691e-05,0,0,27.026262,4.388238,2.0650041,0,0
2017,20.428857,0,0.00059655809,0.0030621822,0,0,27.050419,4.4221163,2.0949657,0,0
2017.0833,19.611459,0,0.0005997509,0.0017349858,0,0,26.709181,4.4486036,2.1218297,0,0
2017.1667,18.877119,0,0.00060943724,2.0335344e-05,0,0,25.960373,4.456665,2.155915,0,0
2017.25,17.711129,0,0.00063943886,0.0022891928,0,0,24.897816,4.4566751,2.2016675,0,0
2017.3333,19.190952,2.6841958,0.00083915127,0.16700333,1.6327902,0.012140114,23.354324,4.4553618,2.2614229,42.346705,39.018864
2017.4167,19.77393,4.8606577,0.00092741789,0.85920851,10.636027,0.21403142,22.407631,4.4512439,2.3233702,22.280456,0.14615175
2017.5,20.911422,7.3036849,0.00098839193,0.83459391,10.272371,0.33387199,22.100918,4.4431686,2.3764505,15.082685,17.442037
2017.5833,23.87581,8.1807561,0.00089170813,0.63266921,7.7262611,0.27564461,22.337259,4.4498343,2.4329324,0.2839851,32.77264
2017.6667,26.552124,6.755102,0.00077606295,0.53199552,4.5763058,0.16481473,22.705502,4.490726,2.5058084,4.625933e-12,24.318938
2017.75,26.601318,0,0.00054917589,0.42123917,0,0,22.78171,4.5609384,2.5966117,0,0
2017.8333,25.639676,0,0.00054797996,0.01667329,0,0,22.515104,4.6247401,2.6833439,0,0
2017.9167,24.674479,0,0.0005817521,0.00057504505,0,0,22.20676,4.6807585,2.7635348,0,0
2018,23.73421,0,0.00060036517,0.0005554595,0,0,21.791588,4.7302184,2.8424706,0,0
2018.0833,22.714529,0,0.00060533214,5.513751e-05,0,0,21.126173,4.7716165,2.912678,0,0
2018.1667,21.533884,0,0.00061374728,0,0,0,20.226767,4.8068657,2.9874384,0,0
2018.25,19.924041,0,0.00058727432,0,0,0,11.242544,4.8386965,3.0750234,0,0
2018.3333,20.992585,1.2849697,0.00070007739,0.0035962329,0.38412032,0,6.7581668,4.8710613,3.1527543,34.955155,53.305466
2018.4167,23.094168,3.4992395,0.00081094471,0.29473545,7.1208972,0.098100737,6.4231052,4.8982396,3.2061632,9.1416393,0.051589345
2018.5,22.805743,5.3269733,0.00079927914,0.38620665,10.671628,0.26007041,6.3543892,4.9173837,3.2379284,23.275105,1.8844046
2018.5833,23.373442,7.3629497,0.00080427888,0.29726439,8.0691507,0.28129466,6.660677,4.9444227,3.2665231,15.583787,13.512794
2018.6667,25.214773,7.4962801,0.0007383753,0.23264812,5.5988813,0.21401675,6.9933391,5.0248857,3.304065,0.40088158,22.828101
2018.75,25.466671,0,0.00051637058,0.37643514,0,0,7.431313,5.1787982,3.3529174,0,0
2018.8333,24.537895,0,0.00052289828,0.023150271,0,0,7.5088544,5.3319883,3.399792,0,0
2018.9167,23.648124,0,0.00054609758,0.0014131281,0,0,7.4575825,5.4698706,3.4421327,0,0
2019,22.777457,0,0.00059969258,0.00054376091,0,0,7.1325641,5.595952,3.4809961,0,0
2019.0833,21.978395,0,0.00063866843,5.4996014e-05,0,0,6.7995439,5.7040548,3.5144649,0,0
2019.1667,21.207707,0,0.00065440987,0,0,0,6.4660277,5.8014464,3.5447526,0,0
2019.25,20.438863,0,0.00066969974,0,0,0,6.1797619,5.8922234,3.5731225,0,0
2019.3333,21.268692,0.94743096,0.00074224919,0.033318267,0.4553897,0,6.0420027,5.973536,3.5985713,30.355573,50.699544
2019.4167,23.637675,3.3252563,0.00081776542,0.45759363,10.211102,0.13681214,5.7741718,6.0385017,3.6148343,12.343458,0.052008412
2019.5,23.211965,4.958285,0.00081883639,0.44725226,10.487755,0.23152201,5.9573283,6.0788326,3.6159961,17.405875,3.7218541
2019.5833,23.461085,6.3328333,0.00083442102,0.3515188,8.2162433,0.23513592,6.4086475,6.1112404,3.6123288,10.869994,13.892458
2019.6667,24.559971,5.3706402,0.00073419773,0.31330134,4.978496,0.15831785,6.859374,6.1588387,3.6137698,4.7441373,13.506314
2019.75,24.131376,0,0.00051629706,0.31204415,0,0,7.4121528,6.2335033,3.6231318,0,0
2019.8333,23.174599,0,0.00052545359,0.007133741,0,0,7.6748614,6.3045058,3.632797,0,0
2019.9167,22.261525,0,0.00051088305,1.2533451e-07,0,0,7.9238009,6.3675213,3.6415532,0,0
