year,sminp_gPm2,labilep_gPm2,secondp_gPm2,occlp_gPm2,primp_gPm2,litr1p_gPm2,litr2p_gPm2,litr3p_gPm2,vegp_gPm2,storep_gPm2,totsomp_gPm2,p_uptake_gPm2yr,p_efflux_gPm2yr,sminp_leached_gPm2yr,total_inorganic_gPm2,total_ecosystem_gPm2
1901,121.69537,0.2414564,121.2454,0.57998937,0.031485662,255.68225,543.09149,268.06613,1.403224,1.002439,129.94279,0.61106396,0.46473002,1.9344619e-09,243.79369,1442.982
1901.0833,121.67054,0.24163647,121.22024,0.58010864,0.0314859,255.61136,542.93396,267.9892,1.389794,0.99493003,129.93471,0.63001829,0.51522273,2.0412159e-09,243.744,1442.5979
1901.1667,121.64549,0.24169651,121.19508,0.58022785,0.031486139,255.54198,542.78156,267.91483,1.3706698,0.98257941,129.92665,0.63020909,0.51863551,2.0646869e-09,243.69398,1442.2123
1901.25,121.61958,0.24174,121.16908,0.58035105,0.031486385,255.46822,542.62189,267.83682,1.3501356,0.87595779,129.91835,0.62900013,0.38925844,2.0920063e-09,243.64223,1441.7135
1901.3333,121.5936,0.24174748,121.14309,0.5804742,0.031486634,255.39635,542.46777,267.76163,1.3405626,0.75932884,129.91006,0.63873631,0.23258889,2.0991435e-09,243.59039,1441.226
1901.4167,121.56757,0.24173158,121.1171,0.58059734,0.03148688,255.34254,542.35266,267.70566,1.34029,0.76773643,129.90179,0.66281366,0.22802399,2.0216913e-09,243.5385,1440.9492
1901.5,121.54156,0.2417178,121.09113,0.58072048,0.031487126,255.62276,542.92712,267.99103,1.3346747,0.69894022,129.89369,0.94404536,0.35404259,1.2537775e-09,243.48662,1441.9548
1901.5833,121.51394,0.24105504,121.06472,0.58084559,0.031487375,255.98262,543.66156,268.35596,1.3706502,0.70505136,129.88538,1.1884494,0.56637806,9.8757957e-10,243.43205,1443.3932
1901.6667,121.48719,0.24063344,121.03875,0.58096868,0.031487621,256.33273,544.36407,268.70505,1.3364173,0.92484474,129.87682,1.1145692,0.54484522,8.5353874e-10,243.37903,1444.919
1901.75,121.4612,0.24061646,121.01278,0.5810917,0.031487867,256.53171,544.74921,268.89703,1.3710902,0.98004621,129.86806,0.88601571,0.42084861,1.0813999e-09,243.32718,1445.7243
1901.8333,121.43638,0.24123821,120.98682,0.58121473,0.031488113,256.46384,544.59302,268.82092,1.3915973,1.0002341,129.85925,0.55441928,0.24652827,1.8016986e-09,243.27713,1445.406
1901.9167,121.41163,0.2418893,120.96086,0.58133769,0.031488359,256.38272,544.41559,268.73422,1.378917,0.9921788,129.85091,0.53370333,0.35949779,2.283052e-09,243.22722,1444.9818
1902,121.38581,0.24219017,120.93449,0.58146268,0.031488609,256.30396,544.24524,268.65106,1.3538275,0.96973693,129.84253,0.53652269,0.34697503,2.3125881e-09,243.17546,1444.5417
1902.0833,121.36093,0.24230514,120.90941,0.58158159,0.031488843,256.22739,544.0816,268.57111,1.3249863,0.94789797,129.83463,0.54183477,0.3903079,2.3216842e-09,243.12572,1444.1134
1902.1667,121.33595,0.24235824,120.88432,0.5817005,0.031489082,256.15015,543.91833,268.49133,1.2927115,0.92614132,129.82672,0.54565042,0.39541849,2.3329074e-09,243.07581,1443.6812
1902.25,121.31001,0.24235055,120.8584,0.58182335,0.031489324,256.07208,543.75482,268.41147,1.2644514,0.74935108,129.81854,0.55368567,0.25687465,2.3333198e-09,243.02406,1443.0948
1902.3333,121.28378,0.24218486,120.83248,0.58194625,0.03148957,256.00513,543.61615,268.34393,1.2555517,0.64249676,129.81039,0.59993827,0.19624542,2.3300384e-09,242.97188,1442.6456
1902.4167,121.25716,0.24180661,120.80656,0.58206904,0.031489812,256.17584,543.97003,268.52008,1.2721114,0.63333923,129.80225,0.70480067,0.21269724,1.651446e-09,242.91908,1443.2928
1902.5,121.23026,0.24127686,120.78065,0.58219188,0.031490054,256.5816,544.81799,268.94107,1.3151668,0.62847894,129.79436,1.219654,0.57172042,1.130154e-09,242.86589,1444.9445
1902.5833,121.20216,0.24031626,120.75432,0.58231664,0.031490304,256.90723,545.49176,269.27615,1.3315576,0.72727656,129.78593,1.2561915,0.64955032,9.3635166e-10,242.81061,1446.3306
1902.6667,121.1759,0.24012628,120.72841,0.58243942,0.031490546,257.2146,546.11066,269.58398,1.3315091,0.87163365,129.77734,1.1441654,0.57459193,8.3107909e-10,242.75838,1447.6481
1902.75,121.15011,0.24018332,120.70251,0.58256215,0.031490788,257.33307,546.33264,269.69528,1.3747767,0.90462083,129.76863,0.98045599,0.48588952,9.6478647e-10,242.70686,1448.1159
1902.8333,121.12446,0.24031562,120.67661,0.58268481,0.03149103,257.33099,546.30511,269.68289,1.4140284,0.93891352,129.75998,0.8964166,0.44191152,1.1239472e-09,242.65556,1448.0874
1902.9167,121.09895,0.24051885,120.65072,0.58280754,0.031491272,257.29498,546.21185,269.63788,1.4466963,0.96928746,129.75124,0.6853599,0.35656589,1.3574109e-09,242.60448,1447.9165
1903,121.07313,0.24078217,120.62441,0.58293217,0.031491518,257.24377,546.0918,269.57962,1.474277,0.99474609,129.74254,0.67032051,0.33728799,1.5521042e-09,242.55275,1447.6795
1903.0833,121.04825,0.24086308,120.59939,0.58305079,0.031491753,257.19284,545.9751,269.52298,1.4945124,1.0185672,129.73434,0.67606354,0.4143174,1.7370041e-09,242.50304,1447.4414
1903.1667,121.02328,0.24089295,120.57437,0.58316934,0.031491987,257.14276,545.86206,269.46808,1.5061041,1.0361652,129.72623,0.68312448,0.46732718,1.8400923e-09,242.45322,1447.1946
1903.25,120.99754,0.2409602,120.54851,0.58329195,0.031492226,257.08963,545.74396,269.41077,1.5081089,0.9266817,129.71788,0.67510653,0.42862052,1.9102264e-09,242.40181,1446.7989
1903.3333,120.97181,0.24102847,120.52264,0.58341449,0.031492468,257.03979,545.63428,269.35757,1.5174707,0.80441946,129.70956,0.68521947,0.34339669,1.9432387e-09,242.35039,1446.4134
1903.4167,120.94601,0.24105626,120.4968,0.58353698,0.03149271,257.0625,545.67572,269.37906,1.5213164,0.81189537,129.70128,0.73188591,0.294588,1.6932105e-09,242.2989,1446.4508
1903.5,120.91988,0.24089925,120.47095,0.58365947,0.031492949,257.3736,546.31097,269.69458,1.5545011,0.80586708,129.69322,1.1188481,0.50692958,1.0631921e-09,242.24687,1447.6796
1903.5833,120.89264,0.24037281,120.44469,0.58378398,0.031493194,257.66113,546.88702,269.98102,1.6001432,0.81172144,129.68471,1.1565615,0.57885689,8.7981961e-10,242.19298,1448.8187
1903.6667,120.86678,0.24035622,120.41885,0.58390641,0.031493433,257.82849,547.20496,270.13983,1.5746653,0.97514093,129.67607,1.0609081,0.5297929,7.9720641e-10,242.14137,1449.5406
1903.75,120.84111,0.2404449,120.39302,0.58402878,0.031493671,257.89325,547.30951,270.19293,1.5881518,1.0498585,129.66727,0.8207379,0.40317476,1.0168323e-09,242.0901,1449.7911
1903.8333,120.8162,0.24094014,120.3672,0.58415121,0.031493913,257.83545,547.17383,270.12683,1.6088581,1.068241,129.65849,0.5803448,0.22899015,1.4917824e-09,242.03999,1449.5117
1903.9167,120.79109,0.24132274,120.34138,0.58427358,0.031494152,257.75729,547.00128,270.04245,1.6082519,1.076996,129.65002,0.57454526,0.26225889,2.0226594e-09,241.98956,1449.1258
1904,120.76555,0.24169539,120.31515,0.58439791,0.031494394,257.66553,546.80359,269.94568,1.5948988,1.0747252,129.64162,0.50927067,0.20199329,2.3123456e-09,241.93828,1448.6643
1904.0833,120.74091,0.24186742,120.29019,0.58451617,0.031494625,257.57904,546.61932,269.85544,1.5626812,1.0602154,129.63374,0.5249927,0.28645256,2.3293825e-09,241.88898,1448.1995
1904.1667,120.71601,0.24189673,120.26524,0.58463448,0.031494856,257.4953,546.44257,269.76892,1.5258397,1.0404023,129.62589,0.53296918,0.3183471,2.3305406e-09,241.83928,1447.7381
1904.25,120.69012,0.24184559,120.23946,0.58475673,0.031495094,257.41144,546.26703,269.68304,1.5094424,0.84186554,129.61775,0.54465288,0.2232516,2.3300673e-09,241.78767,1447.1184
1904.3333,120.66411,0.24172054,120.21367,0.58487898,0.031495333,257.33539,546.10962,269.60614,1.5000452,0.7780093,129.60963,0.57581252,0.19769096,2.328651e-09,241.73589,1446.6747
1904.4167,120.63779,0.24143097,120.18789,0.58500117,0.031495571,257.44931,546.34637,269.72421,1.5084368,0.77013958,129.60152,0.64856035,0.16624799,1.7622315e-09,241.68361,1447.0836
1904.5,120.61142,0.24111153,120.16212,0.58512336,0.03149581,257.89304,547.27325,270.18393,1.545609,0.75961971,129.59367,1.1758561,0.49519333,1.1660498e-09,241.63127,1448.8803
1904.5833,120.58366,0.24026349,120.13593,0.58524752,0.031496048,258.27271,548.06372,270.57639,1.5371429,0.91138232,129.58531,1.2211367,0.5974592,9.6534047e-10,241.5766,1450.5233
1904.6667,120.55756,0.24007793,120.11015,0.58536959,0.031496286,258.67337,548.88019,270.98163,1.5528487,1.0115949,129.57681,1.1460932,0.56785816,8.317883e-10,241.52464,1452.2011
1904.75,120.53197,0.24017148,120.08439,0.58549172,0.031496521,258.76089,549.04333,271.06354,1.5928302,1.0415553,129.56801,0.82745534,0.39325622,1.1468316e-09,241.47353,1452.5436
1904.8333,120.507,0.24059518,120.05863,0.58561379,0.03149676,258.68643,548.87756,270.98251,1.62089,1.0678816,129.55933,0.62094003,0.26450217,1.5409949e-09,241.42332,1452.2179
1904.9167,120.48172,0.24085253,120.03288,0.58573586,0.031496994,258.60474,548.70032,270.89581,1.6209465,1.0749768,129.5509,0.60323417,0.32651791,2.0115805e-09,241.3727,1451.8204
1905,120.45576,0.24096663,120.00672,0.58585984,0.031497236,258.52252,548.52411,270.80963,1.6079441,1.0686653,129.54253,0.60367507,0.30461204,2.1217066e-09,241.32082,1451.3961
1905.0833,120.43091,0.24098848,119.98183,0.58597785,0.031497464,258.44632,548.3623,270.7305,1.5957992,1.0665399,129.53459,0.60230201,0.36794117,2.1408439e-09,241.27119,1451.0072
1905.1667,120.40604,0.24100192,119.95695,0.58609581,0.031497691,258.36923,548.20032,270.65131,1.5791999,1.0601205,129.52666,0.59427863,0.3966375,2.1652924e-09,241.22159,1450.6085
1905.25,120.38036,0.24102546,119.93122,0.58621776,0.031497926,258.29126,548.03772,270.57178,1.5613794,0.82684779,129.51848,0.59087127,0.24493226,2.1907474e-09,241.17032,1449.9778
1905.3333,120.35454,0.24097,119.9055,0.58633965,0.031498164,258.22299,547.89679,270.50305,1.5521336,0.81221902,129.51035,0.62306118,0.24874537,2.1913611e-09,241.11884,1449.6164
1905.4167,120.32855,0.24082009,119.87979,0.58646154,0.031498399,258.31976,548.09845,270.6037,1.5604954,0.80319661,129.50218,0.68874538,0.20445615,1.7263885e-09,241.06711,1449.955
1905.5,120.30219,0.2404668,119.85408,0.58658344,0.031498633,258.77609,549.0484,271.07474,1.6001705,0.78256959,129.49434,1.2229736,0.51281393,1.0651374e-09,241.0148,1451.791
1905.5833,120.27502,0.23989961,119.82795,0.58670729,0.031498872,259.21814,549.9613,271.5275,1.6441108,0.80811799,129.48589,1.2227609,0.59663731,8.9208857e-10,240.96106,1453.6061
1905.6667,120.24933,0.23990659,119.80225,0.58682907,0.031499103,259.5751,550.68286,271.8855,1.5756675,1.0002315,129.47733,1.1211276,0.55127567,8.0472873e-10,240.90981,1455.1064
1905.75,120.22374,0.23996431,119.77656,0.58695084,0.031499337,259.72589,550.97095,272.02921,1.5915766,1.0199922,129.46869,0.98357826,0.53772777,9.5170716e-10,240.8587,1455.665
1905.8333,120.19833,0.24011001,119.75087,0.58707261,0.031499572,259.66046,550.81409,271.95273,1.597417,1.0450933,129.46001,0.82608485,0.46335125,1.1549256e-09,240.80786,1455.3376
1905.9167,120.17287,0.2402357,119.72519,0.58719438,0.031499807,259.60333,550.67773,271.88635,1.6043713,1.0650356,129.45143,0.7548123,0.54608601,1.2492882e-09,240.75699,1455.0453
1906,120.14713,0.24042188,119.69909,0.58731806,0.031500041,259.548,550.54755,271.823,1.6052728,1.070984,129.44275,0.73274887,0.43053445,1.3504141e-09,240.70544,1454.743
1906.0833,120.12259,0.24057969,119.67426,0.58743578,0.031500269,259.49609,550.42731,271.7645,1.6156541,1.0878474,129.43451,0.71998042,0.52622426,1.4407944e-09,240.65636,1454.4822
1906.1667,120.09796,0.24068238,119.64944,0.58755344,0.031500492,259.44351,550.30743,271.70615,1.6229745,1.1014479,129.4263,0.70368999,0.53089029,1.5604193e-09,240.60713,1454.2151
1906.25,120.07244,0.24075541,119.62379,0.58767503,0.031500727,259.38864,550.18433,271.64627,1.630296,0.99422944,129.41789,0.69921929,0.47955409,1.7051119e-09,240.55615,1453.8178
1906.3333,120.04687,0.24079809,119.59814,0.58779663,0.031500958,259.33594,550.06714,271.58929,1.6392238,0.87654978,129.40955,0.70925993,0.39119181,1.7756597e-09,240.5051,1453.4229
1906.4167,120.02132,0.24084765,119.57249,0.58791822,0.031501189,259.29608,549.97766,271.54605,1.6427412,0.89407974,129.4012,0.71562201,0.33812433,1.7049502e-09,240.45407,1453.2119
1906.5,119.99562,0.24081603,119.54685,0.58803982,0.031501424,259.55783,550.50934,271.81024,1.6554807,0.86786115,129.39308,1.0064721,0.43016553,1.095479e-09,240.40283,1454.1967
1906.5833,119.96879,0.24039412,119.5208,0.58816332,0.031501658,259.81033,551.01361,272.06128,1.6118017,1.0288774,129.38463,1.1090994,0.50890654,8.9672675e-10,240.34964,1455.2602
1906.6667,119.94311,0.24036406,119.49516,0.58828479,0.031501889,259.94016,551.25488,272.18231,1.6237943,1.0849198,129.3761,1.0550072,0.48640713,8.1715673e-10,240.29843,1455.7607
1906.75,119.91759,0.24042463,119.46954,0.58840626,0.03150212,259.99036,551.32806,272.22012,1.6546203,1.1028782,129.36748,0.97774845,0.50080329,8.3005453e-10,240.24748,1455.911
1906.8333,119.89247,0.2406911,119.44392,0.58852774,0.031502351,259.94687,551.21393,272.16489,1.6821505,1.1264466,129.35864,0.63101387,0.2889345,1.3257043e-09,240.19713,1455.6901
1906.9167,119.86799,0.24129875,119.41832,0.58864915,0.031502582,259.85815,551.01917,272.06949,1.6736577,1.1256053,129.35017,0.54198235,0.33350462,2.1164765e-09,240.14778,1455.244
1907,119.84213,0.24139152,119.3923,0.58877254,0.031502817,259.78397,550.85693,271.9902,1.6509438,1.1123086,129.34184,0.56922948,0.30959302,2.2015139e-09,240.09612,1454.8323
1907.0833,119.81732,0.24136211,119.36754,0.5888899,0.031503037,259.71854,550.71521,271.92099,1.6314439,1.1037781,129.33391,0.57867944,0.39850742,2.2030437e-09,240.04662,1454.4705
1907.1667,119.79258,0.24136822,119.34279,0.58900732,0.03150326,259.65027,550.56952,271.84985,1.6079465,1.0910821,129.32596,0.57599974,0.42283246,2.2076778e-09,239.99725,1454.0919
1907.25,119.76701,0.24137945,119.31721,0.58912861,0.031503491,259.57828,550.41779,271.77576,1.5771226,1.0256999,129.31778,0.57807928,0.3901017,2.2172992e-09,239.94623,1453.6386
1907.3333,119.74149,0.2414078,119.29163,0.58924991,0.031503718,259.50665,550.26862,271.70285,1.5563344,0.82412457,129.3096,0.58687937,0.21696064,2.2248485e-09,239.89528,1453.0635
1907.4167,119.71591,0.24140634,119.26605,0.58937114,0.031503949,259.44193,550.13544,271.63797,1.5529659,0.84618765,129.30144,0.60833043,0.20914863,2.2250664e-09,239.84425,1452.7602
1907.5,119.69035,0.24140814,119.24049,0.58949244,0.031504177,259.56097,550.38293,271.76141,1.5560133,0.82891136,129.29332,0.7153784,0.19881533,1.5889476e-09,239.79324,1453.1768
1907.5833,119.66375,0.24107702,119.21451,0.58961564,0.031504411,260.02209,551.34302,272.23785,1.5860353,0.80571014,129.28528,1.1893451,0.49669701,1.0558904e-09,239.74045,1455.0205
1907.6667,119.63689,0.24037403,119.18895,0.58973682,0.031504638,260.41882,552.16217,272.64456,1.5761061,0.94556659,129.27698,1.1471841,0.53863573,9.2552682e-10,239.68747,1456.7117
1907.75,119.61135,0.24037725,119.16339,0.58985794,0.031504866,260.50513,552.33075,272.72922,1.581816,1.059797,129.2683,0.7688058,0.31902215,1.4263158e-09,239.63649,1457.1114
1907.8333,119.58692,0.24098699,119.13784,0.58997911,0.031505097,260.41983,552.14728,272.63947,1.5967885,1.0813183,129.2598,0.52774471,0.15955335,2.1506754e-09,239.58725,1456.7317
1907.9167,119.56261,0.24165633,119.1123,0.59010023,0.031505324,260.3107,551.91705,272.52643,1.5881116,1.0852857,129.25165,0.46615806,0.2138447,2.4072573e-09,239.53818,1456.2174
1908,119.53732,0.24201021,119.08636,0.59022325,0.031505555,260.19598,551.67664,272.40842,1.5478281,1.057681,129.24352,0.48888621,0.13420115,2.4371463e-09,239.48743,1455.6175
1908.0833,119.5125,0.24193826,119.06167,0.59034038,0.031505775,260.09848,551.47375,272.3089,1.5042959,1.0309846,129.23578,0.51271343,0.26812276,2.4367741e-09,239.43796,1455.0902
1908.1667,119.48763,0.24184166,119.03699,0.59045744,0.031505994,260.00446,551.27954,272.21371,1.4544146,1.0007355,129.22803,0.51851332,0.2862114,2.4357862e-09,239.38843,1454.5693
1908.25,119.46194,0.24174802,119.01147,0.59057844,0.031506222,259.91177,551.08954,272.12064,1.4064769,0.7505706,129.22003,0.5309723,0.17505039,2.4348199e-09,239.33723,1453.8363
1908.3333,119.43599,0.24150985,118.98597,0.59069943,0.031506449,259.83502,550.93481,272.04504,1.3735851,0.70520657,129.21204,0.5888086,0.22519608,2.4301408e-09,239.28568,1453.3914
1908.4167,119.40955,0.24100193,118.96046,0.59082037,0.031506676,260.00504,551.29187,272.22284,1.3879811,0.692752,129.20399,0.66311711,0.18142995,1.8048902e-09,239.23335,1454.0379
1908.5,119.38315,0.24051775,118.93496,0.59094131,0.0315069,260.5062,552.34686,272.74628,1.4340452,0.67479932,129.19629,1.2629807,0.58606523,1.179833e-09,239.18108,1456.0855
1908.5833,119.35573,0.23970604,118.90904,0.59106421,0.031507131,260.8822,553.14252,273.14145,1.4792544,0.67548072,129.188,1.2611308,0.63780606,1.0538707e-09,239.12706,1457.636
1908.6667,119.33002,0.23958877,118.88354,0.59118509,0.031507358,261.18079,553.75824,273.44745,1.4594741,0.82159901,129.17963,1.138958,0.55923283,9.7285857e-10,239.07585,1458.923
1908.75,119.30455,0.23960091,118.85806,0.59130591,0.031507581,261.28891,553.96979,273.55338,1.4703314,0.90048337,129.17111,0.91093969,0.45752096,1.2967919e-09,239.02502,1459.379
1908.8333,119.27972,0.23995404,118.83257,0.59142673,0.031507809,261.22092,553.8194,273.48001,1.4827398,0.92356753,129.16257,0.58120525,0.23983189,1.9824637e-09,238.97519,1459.0644
1908.9167,119.25502,0.2403775,118.8071,0.59154755,0.031508032,261.12964,553.62457,273.38455,1.4571233,0.92121547,129.1544,0.53454673,0.27904841,2.2824067e-09,238.92555,1458.5971
1909,119.22951,0.2405791,118.78121,0.59167033,0.031508259,261.03464,553.42389,273.28616,1.4056978,0.89694446,129.14618,0.51821429,0.20269054,2.3294613e-09,238.87448,1458.068
1909.0833,119.20508,0.24068831,118.75658,0.5917871,0.031508479,260.9425,553.23083,273.19153,1.3698291,0.88433832,129.13841,0.52135438,0.25892255,2.3484155e-09,238.82564,1457.5831
1909.1667,119.18055,0.24074128,118.73196,0.59190387,0.031508695,260.85016,553.03864,273.09732,1.3501673,0.88217598,129.13066,0.52015758,0.3658011,2.3596591e-09,238.77667,1457.1257
1909.25,119.15507,0.24072509,118.70651,0.59202456,0.031508919,260.75784,552.84796,273.00388,1.3273512,0.77458185,129.12267,0.5384165,0.37839592,2.3622806e-09,238.72583,1456.5602
1909.3333,119.12919,0.24049367,118.68107,0.5921452,0.031509142,260.68719,552.70441,272.93381,1.3099389,0.63751936,129.11469,0.59987891,0.35338193,2.3566666e-09,238.67441,1456.062
1909.4167,119.10309,0.24013615,118.65562,0.5922659,0.031509366,260.81042,552.96295,273.06277,1.3182762,0.6287635,129.10664,0.64633822,0.22137858,1.9276223e-09,238.62262,1456.5124
1909.5,119.07721,0.23989791,118.63019,0.59238648,0.031509589,261.24603,553.87408,273.51498,1.3472844,0.6164341,129.09892,1.1755241,0.56757653,1.2833097e-09,238.5712,1458.2689
1909.5833,119.05006,0.23919442,118.60434,0.59250909,0.031509817,261.65576,554.73444,273.9422,1.3962253,0.61859256,129.09073,1.2742238,0.67456836,1.1048236e-09,238.51761,1459.9555
1909.6667,119.02419,0.23895815,118.57891,0.59262961,0.03151004,261.98648,555.41321,274.27936,1.4091514,0.70922297,129.08238,1.1406456,0.6161586,1.0527256e-09,238.46622,1461.3459
1909.75,118.99889,0.23902051,118.55348,0.59275019,0.031510264,262.04672,555.52478,274.33578,1.4039509,0.82976264,129.07388,0.87018096,0.50926912,1.4156347e-09,238.41563,1461.6306
1909.8333,118.97388,0.23924293,118.52807,0.59287071,0.031510487,261.97791,555.37256,274.26138,1.4236996,0.85307127,129.06543,0.67113829,0.38496402,1.7982716e-09,238.36555,1461.3196
1909.9167,118.94878,0.23941456,118.50266,0.59299117,0.031510707,261.90244,555.2088,274.18134,1.4243302,0.87071455,129.05719,0.65690231,0.46190661,2.0089714e-09,238.31535,1460.96
1910,118.92311,0.23949817,118.47683,0.5931136,0.031510934,261.82623,555.0451,274.10132,1.3850636,0.85887045,129.04889,0.64924169,0.33747789,2.0753188e-09,238.26405,1460.5295
1910.0833,118.89868,0.2395726,118.45226,0.59323013,0.03151115,261.75333,554.88995,274.02548,1.3318006,0.83606625,129.04102,0.62241405,0.38692337,2.1341984e-09,238.21526,1460.0929
1910.1667,118.87424,0.23964076,118.4277,0.5933466,0.031511363,261.67847,554.73212,273.94827,1.3120733,0.8346228,129.03316,0.60291177,0.45476076,2.1827926e-09,238.16646,1459.7052
1910.25,118.84897,0.2397017,118.40231,0.593467,0.031511586,261.60083,554.56964,273.86884,1.2804589,0.67117918,129.02509,0.59722352,0.37027571,2.2061113e-09,238.11595,1459.132
1910.3333,118.82362,0.23971881,118.37694,0.59358734,0.031511806,261.52948,554.42163,273.79657,1.2616719,0.60991514,129.01703,0.62228292,0.3252559,2.212035e-09,238.06537,1458.7016
1910.4167,118.79806,0.23962438,118.35156,0.59370768,0.031512026,261.50174,554.3653,273.76965,1.2581161,0.61795551,129.00896,0.66136688,0.27795675,2.1135813e-09,238.01447,1458.5362
1910.5,118.77258,0.23956786,118.32619,0.59382796,0.031512249,261.85486,555.09595,274.13248,1.2630826,0.59357655,129.0011,1.0317991,0.46027008,1.2943825e-09,237.96368,1459.9046
1910.5833,118.7458,0.23902164,118.30041,0.59395027,0.031512473,262.29398,556.00378,274.58328,1.2893537,0.58597076,128.993,1.2636129,0.65403157,1.0903614e-09,237.91068,1461.6599
1910.6667,118.7198,0.23868011,118.27504,0.59407049,0.031512693,262.65533,556.73505,274.94672,1.3081232,0.65581536,128.98473,1.2040559,0.62806731,9.1564534e-10,237.8591,1463.145
1910.75,118.69448,0.23869921,118.24969,0.59419072,0.031512912,262.81531,557.04126,275.09982,1.2957155,0.82154268,128.97618,0.93842965,0.48077622,1.1744661e-09,237.80856,1463.8585
1910.8333,118.66979,0.2390601,118.22433,0.59431094,0.031513132,262.75513,556.90149,275.03171,1.3266336,0.85516584,128.96765,0.64466286,0.2870692,1.701696e-09,237.759,1463.5968
1910.9167,118.64493,0.23932098,118.19899,0.5944311,0.031513352,262.6857,556.74707,274.95627,1.348652,0.88102108,128.9594,0.63803804,0.36108267,1.996066e-09,237.70918,1463.2873
1911,118.61949,0.23949021,118.17324,0.59455323,0.031513575,262.61057,556.58331,274.87622,1.33724,0.87879014,128.95111,0.60919851,0.37720239,2.1246847e-09,237.65829,1462.8955
1911.0833,118.59512,0.23956527,118.14874,0.59466946,0.031513788,262.53998,556.43121,274.80188,1.3045596,0.86175567,128.94328,0.60973263,0.45348987,2.1474389e-09,237.6096,1462.4923
1911.1667,118.57065,0.23957506,118.12424,0.59478563,0.031514,262.47092,556.28406,274.72998,1.2800426,0.84803534,128.93547,0.61431807,0.47737771,2.1536666e-09,237.56078,1462.1093
1911.25,118.54533,0.23957664,118.09892,0.59490567,0.031514216,262.3989,556.13202,274.65573,1.2651533,0.68681806,128.9274,0.61375761,0.34256172,2.1653515e-09,237.51024,1461.5763
1911.3333,118.51998,0.23955902,118.07361,0.59502572,0.031514436,262.3309,555.98981,274.58633,1.2595562,0.63045478,128.91936,0.6351319,0.31657109,2.1668316e-09,237.45969,1461.1761
1911.4167,118.49447,0.23945291,118.0483,0.59514576,0.031514656,262.31845,555.96368,274.5744,1.266391,0.64061397,128.9113,0.67552269,0.27990195,1.9883242e-09,237.40887,1461.0837
1911.5,118.46877,0.23924039,118.02299,0.59526575,0.031514872,262.71536,556.78271,274.98114,1.270736,0.59389925,128.90353,1.1757506,0.56219405,1.1435511e-09,237.35779,1462.6052
1911.5833,118.4418,0.23856021,117.99728,0.5953877,0.031515095,263.17337,557.71979,275.44659,1.2831013,0.58854306,128.89532,1.2858962,0.67124081,9.2966945e-10,237.30453,1464.4114
1911.6667,118.41627,0.23842821,117.97198,0.59550768,0.031515311,263.69592,558.77417,275.96982,1.2925328,0.66629708,128.88695,1.197018,0.61861545,8.1457247e-10,237.25369,1466.5394
1911.75,118.39103,0.23845902,117.94669,0.59562761,0.031515531,264.02893,559.4292,276.29538,1.2880886,0.81869143,128.87846,1.0752441,0.54774374,8.1312701e-10,237.20331,1467.942
1911.8333,118.36585,0.23851398,117.92141,0.59574747,0.031515747,264.06921,559.48029,276.32199,1.3288537,0.85342824,128.8699,0.8821972,0.4371205,1.0705726e-09,237.15305,1468.0767
1911.9167,118.34174,0.23914576,117.89613,0.5958674,0.031515963,263.98038,559.27991,276.22385,1.3434801,0.87314999,128.86131,0.51031131,0.22451393,2.004521e-09,237.10439,1467.6664
1912,118.3168,0.23955236,117.87045,0.59598917,0.031516183,263.888,559.07947,276.12555,1.3339952,0.874663,128.85312,0.53056902,0.2628426,2.2752813e-09,237.05431,1467.2091
1912.0833,118.29253,0.23964036,117.84601,0.5961051,0.031516396,263.80643,558.9035,276.03934,1.3125995,0.86742222,128.84535,0.54002303,0.36310345,2.2825404e-09,237.00578,1466.7804
1912.1667,118.26808,0.23963255,117.82158,0.59622097,0.031516604,263.72775,558.73535,275.95706,1.2884907,0.85648584,128.83762,0.5541423,0.39642599,2.2891828e-09,236.95702,1466.3598
1912.25,118.24271,0.2395674,117.79633,0.59634072,0.03151682,263.65115,558.57312,275.87772,1.2739861,0.85275918,128.82961,0.56364805,0.43211451,2.288508e-09,236.90646,1465.9648
1912.3333,118.21714,0.23939657,117.77108,0.59646046,0.031517036,263.58826,558.44104,275.81329,1.2668954,0.68523121,128.82159,0.60971653,0.36341459,2.2855939e-09,236.85561,1465.4718
1912.4167,118.19159,0.23922978,117.74584,0.59658021,0.031517252,263.78214,558.83978,276.01157,1.270259,0.61048383,128.81363,0.72200322,0.25187287,1.6059393e-09,236.80476,1466.1327
1912.5,118.16585,0.23895438,117.7206,0.59669989,0.031517465,264.22293,559.7514,276.46411,1.2817937,0.59794533,128.80589,1.2433312,0.60505086,1.1220879e-09,236.75362,1467.8778
1912.5833,118.1389,0.23825082,117.69495,0.59682149,0.031517684,264.5607,560.43896,276.80606,1.3316597,0.61043495,128.79764,1.255044,0.64108837,9.2443914e-10,236.70045,1469.2458
1912.6667,118.11353,0.23817605,117.66972,0.59694117,0.031517901,265.00104,561.32452,277.24548,1.3632777,0.67257243,128.78928,1.1520271,0.60061455,8.1440071e-10,236.64989,1471.0461
1912.75,118.08837,0.23820883,117.6445,0.5970608,0.031518117,265.28818,561.88702,277.52499,1.3473556,0.84326732,128.78081,1.0289741,0.52867287,8.8209051e-10,236.59967,1472.2712
1912.8333,118.06383,0.23857452,117.61929,0.59718037,0.031518329,265.2648,561.81781,277.49185,1.3777444,0.86833423,128.77211,0.57112509,0.21315971,1.5698469e-09,236.5504,1472.1431
1912.9167,118.03976,0.23919773,117.59408,0.59729993,0.031518545,265.16245,561.59656,277.38324,1.3840133,0.88004309,128.76387,0.48994932,0.18581662,2.3556956e-09,236.50188,1471.6721
1913,118.01501,0.23966114,117.56846,0.59742141,0.031518761,265.04559,561.34857,277.26135,1.3804263,0.88405484,128.75577,0.48584262,0.17084897,2.4993256e-09,236.45207,1471.1278
1913.0833,117.9907,0.23969677,117.54409,0.59753704,0.03151897,264.94379,561.13361,277.15579,1.3723943,0.88727582,128.74811,0.51808488,0.33430424,2.5035001e-09,236.40355,1470.6445
1913.1667,117.96614,0.2395916,117.51973,0.59765261,0.031519175,264.8494,560.93555,277.05862,1.3518746,0.88255399,128.74042,0.52968454,0.38275099,2.5026758e-09,236.35464,1470.173
1913.25,117.94081,0.23951559,117.49454,0.59777206,0.031519391,264.75436,560.73773,276.96161,1.3275754,0.83536649,128.73248,0.54085034,0.36851245,2.5018903e-09,236.30417,1469.6532
1913.3333,117.91518,0.23927467,117.46937,0.59789151,0.031519603,264.69217,560.60974,276.89917,1.3191763,0.63543946,128.72456,0.60315245,0.22048426,2.3891051e-09,236.25323,1469.1335
1913.4167,117.88939,0.238939,117.44419,0.5980109,0.031519815,265.02203,561.29279,277.2381,1.3416141,0.62797385,128.71672,0.82743287,0.28903338,1.4695695e-09,236.20204,1470.4413
1913.5,117.86319,0.23838298,117.41902,0.59813029,0.031520028,265.41443,562.11346,277.64557,1.3859035,0.63439846,128.70898,1.2849739,0.61888784,1.1317748e-09,236.15025,1472.053
1913.5833,117.83643,0.23774655,117.39344,0.59825164,0.031520244,265.81036,562.92871,278.05008,1.4345083,0.65186417,128.7007,1.2143639,0.60596031,1.0349019e-09,236.0974,1473.6737
1913.6667,117.81124,0.23773329,117.36827,0.59837097,0.031520456,266.04276,563.39301,278.28091,1.4042333,0.86047524,128.69235,1.0826988,0.52771461,9.728357e-10,236.04713,1474.7209
1913.75,117.78615,0.23776616,117.34312,0.5984903,0.031520668,266.18784,563.67035,278.41922,1.4471506,0.88658082,128.68396,0.97071892,0.47680607,1.0979186e-09,235.99706,1475.2921
1913.8333,117.76145,0.23801303,117.31796,0.59860957,0.031520881,266.13409,563.54272,278.35706,1.4819942,0.91481787,128.67545,0.64922398,0.25225472,1.5887676e-09,235.94756,1475.0537
1913.9167,117.73668,0.23821694,117.29282,0.59872884,0.031521093,266.0556,563.36957,278.27225,1.5117065,0.94546688,128.66724,0.65296012,0.31634921,1.8200691e-09,235.89796,1474.7197
1914,117.71131,0.23831646,117.26727,0.59885001,0.031521309,265.97238,563.18854,278.18362,1.5294609,0.96384275,128.65894,0.64318585,0.32679221,1.9864261e-09,235.84726,1474.344
1914.0833,117.68717,0.23840804,117.24295,0.59896535,0.031521514,265.88968,563.01129,278.09677,1.5195761,0.96654028,128.65112,0.62528753,0.42442209,2.068731e-09,235.79903,1473.9341
1914.1667,117.66296,0.23845714,117.21865,0.59908062,0.031521715,265.80692,562.83557,278.01065,1.499359,0.96243823,128.64333,0.61117369,0.44238365,2.1083915e-09,235.75066,1473.5088
1914.25,117.63786,0.23847543,117.19353,0.59919977,0.031521928,265.72192,562.65686,277.92307,1.481403,0.84083223,128.63528,0.61565846,0.38201511,2.1217608e-09,235.70058,1472.96
1914.3333,117.61269,0.23844522,117.16841,0.59931892,0.03152214,265.6416,562.48938,277.84109,1.473089,0.73477387,128.62727,0.63484913,0.32021183,2.1208921e-09,235.65039,1472.4576
1914.4167,117.58749,0.23839687,117.1433,0.59943801,0.031522349,265.59814,562.39966,277.79752,1.465753,0.75129634,128.61925,0.66531652,0.27437899,2.0074857e-09,235.60014,1472.2317
1914.5,117.56222,0.23830819,117.11819,0.5995571,0.031522561,265.92886,563.08417,278.13715,1.4788793,0.72180998,128.6115,1.1034799,0.49494207,1.1720306e-09,235.54982,1473.5121
1914.5833,117.5356,0.23771006,117.09268,0.5996781,0.031522773,266.14285,563.52112,278.35498,1.5260801,0.72862589,128.60336,1.2232509,0.60818934,9.8400887e-10,235.49721,1474.3742
1914.6667,117.51027,0.23758198,117.06758,0.59979713,0.031522982,266.30121,563.8291,278.50891,1.5143847,0.88318336,128.59509,1.1172141,0.54835141,9.0698071e-10,235.44675,1475.0786
1914.75,117.48521,0.23759921,117.04249,0.5999161,0.031523194,266.3541,563.91486,278.55255,1.518714,0.98092282,128.58672,0.94530898,0.47546962,1.1978434e-09,235.39673,1475.3046
1914.8333,117.46063,0.23787458,117.0174,0.60003513,0.031523403,266.3017,563.78918,278.49133,1.5354657,1.0057026,128.57823,0.61495304,0.25689155,1.7518919e-09,235.34747,1475.0491
1914.9167,117.4361,0.23816976,116.99232,0.60015404,0.031523611,266.22888,563.6286,278.41278,1.5344031,1.0193334,128.57011,0.60611165,0.34376332,2.0701272e-09,235.29828,1474.6925
1915,117.41069,0.23821427,116.96684,0.60027492,0.031523824,266.16318,563.4845,278.34244,1.5319877,1.0319781,128.56189,0.60123843,0.33149031,2.0757829e-09,235.24756,1474.3635
1915.0833,117.38663,0.23831104,116.9426,0.60038996,0.031524025,266.09152,563.33069,278.26718,1.4985448,1.0200741,128.55408,0.59027702,0.45638493,2.1182007e-09,235.19945,1473.9616
1915.1667,117.36248,0.23836038,116.91836,0.60050493,0.031524226,266.01822,563.17535,278.19119,1.4755809,1.0092354,128.54633,0.59517479,0.47886589,2.137752e-09,235.15123,1473.5672
1915.25,117.33739,0.23834668,116.8933,0.60062379,0.031524435,265.94397,563.01965,278.11502,1.4476807,0.95145118,128.53831,0.60604072,0.48768961,2.1397282e-09,235.1012,1473.1173
1915.3333,117.31221,0.23827651,116.86826,0.60074264,0.031524643,265.8768,562.88025,278.04694,1.4293798,0.73711389,128.5303,0.62919271,0.31351948,2.1407172e-09,235.05099,1472.5518
1915.4167,117.28702,0.23819627,116.84321,0.60086143,0.031524852,265.84134,562.80786,278.01199,1.4425969,0.7487694,128.52228,0.64946389,0.26481372,2.0305784e-09,235.00081,1472.3756
1915.5,117.26188,0.23813984,116.81817,0.60098022,0.031525061,266.19815,563.54706,278.37875,1.4681866,0.73438853,128.5145,1.0214101,0.42856905,1.2102175e-09,234.95068,1473.7918
1915.5833,117.23532,0.2375384,116.79272,0.60110092,0.031525269,266.67282,564.52942,278.86597,1.5150402,0.75013191,128.50644,1.2743614,0.65980458,9.3116348e-10,234.89822,1475.738
1915.6667,117.21008,0.23742425,116.76769,0.60121959,0.031525478,266.96594,565.12067,279.15985,1.4775349,0.96828377,128.49812,1.1512911,0.56813669,8.2808566e-10,234.84796,1477.0384
1915.75,117.18511,0.23745507,116.74267,0.60133833,0.031525686,267.16867,565.51782,279.35745,1.5067489,1.0134484,128.48965,0.89711082,0.45467877,1.0640092e-09,234.7981,1477.8519
1915.8333,117.16089,0.237887,116.71765,0.601457,0.031525891,267.10223,565.36694,279.28372,1.5299648,1.0380843,128.48117,0.62920117,0.28650042,1.5706917e-09,234.7494,1477.5515
1915.9167,117.13628,0.2381027,116.69264,0.60157567,0.0315261,267.03317,565.21442,279.2092,1.5517327,1.0599232,128.47295,0.65075642,0.48225176,1.6691016e-09,234.70012,1477.2415
1916,117.11094,0.23814483,116.66722,0.60169619,0.031526309,266.96051,565.05634,279.13187,1.5617473,1.0667851,128.46461,0.65878505,0.46654868,1.786186e-09,234.64952,1476.8914
1916.0833,117.08678,0.23815387,116.64304,0.60181093,0.03152651,266.89102,564.90692,279.05878,1.5689744,1.0757892,128.45673,0.65837419,0.52984393,1.8537716e-09,234.6013,1476.5595
1916.1667,117.06266,0.23818512,116.61887,0.60192561,0.031526707,266.81808,564.75183,278.98294,1.5700955,1.0790601,128.44887,0.65487796,0.53136379,1.9385995e-09,234.55316,1476.204
1916.25,117.03779,0.2382475,116.59388,0.60204417,0.031526912,266.7399,564.5874,278.90244,1.5794406,0.97509271,128.44078,0.65240651,0.43474415,2.00355e-09,234.50349,1475.7286
1916.3333,117.01286,0.23827888,116.5689,0.60216272,0.031527121,266.66156,564.42401,278.82248,1.6031798,0.85131872,128.43272,0.65953577,0.31113794,2.0209285e-09,234.45372,1475.249
1916.4167,116.98788,0.238278,116.54392,0.60228121,0.031527326,266.59631,564.28912,278.75653,1.6284227,0.88617873,128.42467,0.67103219,0.31641972,2.0222011e-09,234.40388,1474.9852
1916.5,116.96291,0.23827913,116.51895,0.60239965,0.03152753,266.57697,564.25018,278.73804,1.6380816,0.90129799,128.41661,0.68473798,0.28129753,1.9036857e-09,234.35408,1474.8753
1916.5833,116.93753,0.23827808,116.49358,0.60252005,0.031527739,266.8876,564.89374,279.05734,1.6489246,0.87443185,128.40869,1.0675892,0.49545532,1.1523588e-09,234.30344,1476.0743
1916.6667,116.91154,0.23772012,116.46861,0.60263848,0.031527944,267.24994,565.64044,279.42786,1.6471684,0.98819715,128.40068,1.2054386,0.63618612,9.5010977e-10,234.25204,1477.6064
1916.75,116.88613,0.23747568,116.44366,0.60275686,0.031528149,267.50589,566.15387,279.68304,1.6365355,1.123633,128.39247,1.1066681,0.58658773,9.2853908e-10,234.20154,1478.697
1916.8333,116.86116,0.23746589,116.4187,0.60287523,0.031528354,267.52298,566.16827,279.69135,1.6633809,1.1456819,128.38412,0.90743947,0.48178867,1.2968673e-09,234.15173,1478.7275
1916.9167,116.83757,0.23819928,116.39375,0.60299361,0.031528555,267.41617,565.93549,279.57703,1.6611704,1.150273,128.37573,0.46338478,0.26760927,2.2827789e-09,234.10403,1478.2199
1917,116.81367,0.23898709,116.36842,0.60311383,0.031528763,267.29102,565.67072,279.44687,1.6346209,1.1350919,128.36771,0.45107079,0.22270395,2.4339941e-09,234.05573,1477.6018
1917.0833,116.79015,0.23930556,116.3443,0.60322827,0.031528961,267.17416,565.42499,279.32608,1.6154792,1.1269937,128.36015,0.48585761,0.31708494,2.4685232e-09,234.0085,1477.0363
1917.1667,116.76562,0.23907475,116.3202,0.60334265,0.031529158,267.07477,565.21716,279.22403,1.5950208,1.1168672,128.35257,0.5231325,0.36849818,2.4659426e-09,233.95976,1476.5402
1917.25,116.74037,0.23890081,116.29528,0.60346091,0.031529363,266.97244,565.00476,279.11978,1.5738906,1.0970221,128.34471,0.52638245,0.36752182,2.4660145e-09,233.90953,1476.0221
1917.3333,116.71494,0.23861942,116.27037,0.6035791,0.031529564,266.88339,564.8219,279.03015,1.5646118,0.84838444,128.33687,0.58514524,0.20041709,2.4575497e-09,233.85902,1475.3443
1917.4167,116.6891,0.23811826,116.24546,0.6036973,0.031529769,267.02988,565.12787,279.18231,1.5916916,0.84069526,128.32899,0.6473664,0.1629359,1.7990343e-09,233.80791,1475.9093
1917.5,116.66356,0.2377754,116.22055,0.6038155,0.03152997,267.47537,566.06006,279.64444,1.6373084,0.83711219,128.32143,1.1958731,0.52270418,1.1833068e-09,233.75723,1477.7329
1917.5833,116.63689,0.23703721,116.19524,0.6039356,0.031530175,267.89783,566.94397,280.08264,1.6920747,0.85126823,128.31339,1.3126014,0.68661827,9.7840225e-10,233.70464,1479.4858
1917.6667,116.61166,0.23685955,116.17034,0.60405368,0.03153038,268.26849,567.70166,280.45825,1.6952792,0.9728446,128.30519,1.1933635,0.619789,8.6374957e-10,233.65443,1481.0562
1917.75,116.58676,0.23685668,116.14545,0.60417181,0.031530581,268.44498,568.04614,280.62964,1.6940262,1.0997726,128.29689,1.0554357,0.55592859,9.8079767e-10,233.60475,1481.8162
1917.8333,116.56264,0.23727143,116.12056,0.60428983,0.031530783,268.36954,567.87506,280.5459,1.7124295,1.1075338,128.28835,0.50904351,0.17809638,2.0414861e-09,233.55629,1481.4551
1917.9167,116.53899,0.23794082,116.09568,0.60440791,0.031530984,268.23935,567.59955,280.41037,1.6975559,1.099685,128.2804,0.45819834,0.19952336,2.432204e-09,233.50854,1480.8354
1918,116.51429,0.23825613,116.0704,0.60452783,0.031531189,268.10468,567.31683,280.27121,1.6685243,1.0844163,128.27245,0.46795794,0.12478133,2.4757059e-09,233.45898,1480.1771
1918.0833,116.49014,0.23820429,116.04635,0.60464197,0.031531382,267.98572,567.06818,280.14896,1.624229,1.0634189,128.26489,0.49507049,0.23259932,2.4764368e-09,233.41086,1479.5663
1918.1667,116.46583,0.23806323,116.02231,0.60475606,0.03153158,267.8743,566.83673,280.03516,1.5725832,1.0374744,128.25734,0.51031715,0.32067081,2.4749662e-09,233.36247,1478.976
1918.25,116.44079,0.23796301,115.99745,0.60487401,0.031531781,267.76398,566.60895,279.92328,1.516077,0.88244689,128.24951,0.51915181,0.29649892,2.4739031e-09,233.31261,1478.2568
1918.3333,116.41582,0.23790216,115.9726,0.60499191,0.031531982,267.6597,566.39545,279.81845,1.4699093,0.74408692,128.2417,0.54176217,0.23946579,2.4730873e-09,233.26285,1477.5922
1918.4167,116.39046,0.23762567,115.94775,0.60510981,0.03153218,267.57642,566.22809,279.73648,1.4413601,0.74223042,128.23389,0.61151236,0.34041351,2.4688775e-09,233.21246,1477.1709
1918.5,116.365,0.23728919,115.92291,0.60522771,0.031532381,267.67209,566.43347,279.8389,1.4561564,0.73997921,128.22607,0.7433812,0.29529074,1.8305799e-09,233.16197,1477.5287
1918.5833,116.3391,0.23693463,115.89767,0.60534745,0.031532586,268.15482,567.45215,280.34393,1.4976716,0.72399211,128.21837,1.3139774,0.66054702,1.1332011e-09,233.11058,1479.5016
1918.6667,116.31303,0.23627073,115.87283,0.60546529,0.031532783,268.4422,568.05743,280.64474,1.4893503,0.842022,128.2104,1.2483537,0.66328198,1.0244618e-09,233.05914,1480.7454
1918.75,116.28786,0.23608632,115.848,0.60558307,0.031532984,268.64481,568.47064,280.85031,1.4936641,0.94091409,128.2023,1.0265763,0.60451919,1.3464923e-09,233.00906,1481.6117
1918.8333,116.26412,0.23667587,115.82317,0.60570085,0.031533185,268.56326,568.29523,280.76437,1.4916388,0.94831407,128.19403,0.48488438,0.30307698,2.3256741e-09,232.96121,1481.2181
1918.9167,116.24039,0.23726599,115.79836,0.60581857,0.031533383,268.43936,568.0354,280.63657,1.4520884,0.93135411,128.18617,0.48479369,0.43002015,2.3914388e-09,232.91339,1480.5943
1919,116.21539,0.23738652,115.77315,0.60593826,0.031533584,268.32098,567.78851,280.5152,1.3867166,0.89204156,128.17825,0.50190467,0.34324446,2.3967828e-09,232.8634,1479.9452
1919.0833,116.19155,0.23746578,115.74915,0.60605204,0.031533778,268.20834,567.55487,280.4003,1.3444259,0.87141478,128.1707,0.50169653,0.4361271,2.4026303e-09,232.81575,1479.3658
1919.1667,116.16745,0.23740421,115.72517,0.60616589,0.031533971,268.10168,567.33514,280.29233,1.3159366,0.85988045,128.16316,0.52431184,0.50036013,2.4019582e-09,232.76775,1478.8358
1919.25,116.1424,0.23726489,115.70038,0.60628355,0.031534169,267.99887,567.12512,280.18921,1.2870779,0.72532612,128.15536,0.54175264,0.42271498,2.4007125e-09,232.71786,1478.1989
1919.3333,116.11714,0.23701277,115.67559,0.60640115,0.031534366,267.92328,566.97369,280.11508,1.2768804,0.621768,128.14758,0.61529684,0.33517617,2.3393127e-09,232.66769,1477.726
1919.4167,116.09149,0.23654579,115.65081,0.60651875,0.031534564,268.19733,567.54608,280.39914,1.297587,0.61234021,128.13974,0.67347556,0.20013134,1.6511233e-09,232.61691,1478.8092
1919.5,116.06625,0.23629162,115.62603,0.60663629,0.031534761,268.71384,568.63055,280.93674,1.3244808,0.60077268,128.13223,1.2825098,0.6069566,1.1847794e-09,232.56674,1480.9054
1919.5833,116.03966,0.23553343,115.60085,0.60675573,0.031534962,269.22507,569.70441,281.46918,1.3616539,0.60970926,128.12425,1.3989817,0.78877157,9.6436004e-10,232.51433,1483.0086
1919.6667,116.01457,0.23536332,115.57607,0.60687327,0.03153516,269.62766,570.53058,281.87885,1.363096,0.69689381,128.11612,1.2650779,0.71762693,8.7643709e-10,232.46443,1484.6777
1919.75,115.98978,0.23534958,115.5513,0.60699075,0.031535357,269.83136,570.93091,282.078,1.3607153,0.81432676,128.10791,1.1480297,0.70407188,9.3621388e-10,232.41496,1485.5382
1919.8333,115.965,0.23534049,115.52654,0.60710824,0.031535555,269.84665,570.93488,282.08115,1.3904034,0.84478533,128.09975,1.0773401,0.73554713,1.0459498e-09,232.36552,1485.5631
1919.9167,115.94028,0.23536202,115.50179,0.60722566,0.031535752,269.84302,570.89716,282.06354,1.4054329,0.86676717,128.09161,1.0054007,0.83316231,1.1723394e-09,232.31619,1485.4837
1920,115.91521,0.23541078,115.47662,0.60734499,0.031535953,269.83548,570.85004,282.04126,1.4076116,0.88067764,128.08336,0.95385975,0.71812946,1.2739519e-09,232.26614,1485.3646
1920.0833,115.89141,0.23547982,115.45269,0.60745853,0.031536143,269.827,570.80359,282.0192,1.3926702,0.88960963,128.0755,0.89486468,0.73434794,1.3824156e-09,232.21858,1485.2262
1920.1667,115.86765,0.2355696,115.42876,0.60757208,0.031536333,269.82227,570.76752,282.00229,1.3747679,0.89987457,128.06764,0.83265746,0.68727016,1.4623167e-09,232.1711,1485.1055
1920.25,115.84312,0.23568246,115.40403,0.60768938,0.031536527,269.81863,570.73651,281.98795,1.3644394,0.84400868,128.05952,0.77091008,0.57844096,1.5723206e-09,232.12206,1484.9331
1920.3333,115.81861,0.23580116,115.3793,0.60780674,0.031536724,269.81009,570.69928,281.9704,1.3802249,0.73145211,128.05147,0.74036938,0.43218338,1.6695857e-09,232.07306,1484.7159
1920.4167,115.79405,0.23589177,115.35458,0.60792398,0.031536918,269.80051,570.6626,281.95309,1.3788445,0.74082696,128.04343,0.74385965,0.43280876,1.7030801e-09,232.02399,1484.6033
1920.5,115.76951,0.23598526,115.32986,0.60804129,0.031537116,269.83978,570.72827,281.98642,1.3476952,0.71999323,128.03543,0.76228511,0.35501748,1.5326089e-09,231.97495,1484.6325
1920.5833,115.74419,0.23587881,115.30475,0.60816044,0.031537313,270.24194,571.53546,282.38684,1.3565964,0.694323,128.02753,1.1442446,0.60936344,9.6694641e-10,231.92451,1486.1673
1920.6667,115.71876,0.23547915,115.28004,0.60827762,0.03153751,270.62964,572.30243,282.7674,1.3382331,0.815862,128.01942,1.0948008,0.59848845,8.7072527e-10,231.8741,1487.7471
1920.75,115.69403,0.23546599,115.25534,0.60839486,0.031537704,270.74689,572.51074,282.87155,1.3423392,0.91916209,128.01117,0.91611588,0.49085006,1.1690946e-09,231.82478,1488.2267
1920.8333,115.66959,0.23560719,115.23064,0.60851198,0.031537898,270.67087,572.32892,282.78259,1.3719659,0.94645065,128.00293,0.75865602,0.39557305,1.3776191e-09,231.77589,1487.8796
1920.9167,115.64529,0.23581527,115.20596,0.60862917,0.031538092,270.59424,572.15179,282.69589,1.3936316,0.96781802,127.99474,0.67968559,0.46309686,1.5562334e-09,231.72723,1487.5254
1921,115.62078,0.23612663,115.18086,0.6087482,0.031538289,270.51556,571.97534,282.60953,1.3833154,0.96886092,127.9865,0.63128465,0.43644997,1.8477743e-09,231.67807,1487.1172
1921.0833,115.59717,0.23626539,115.157,0.60886145,0.031538479,270.44495,571.81903,282.53305,1.3774084,0.97547859,127.97877,0.63318807,0.48750016,1.937958e-09,231.63083,1486.7595
1921.1667,115.57354,0.23639318,115.13314,0.60897464,0.031538665,270.37091,571.65802,282.45428,1.3577904,0.96806216,127.97105,0.62918395,0.51610428,2.0005866e-09,231.5836,1486.3637
1921.25,115.54901,0.23646756,115.10847,0.6090917,0.031538859,270.29468,571.4942,282.37408,1.3396436,0.81812555,127.96311,0.63249034,0.38489792,2.0193094e-09,231.53458,1485.8184
1921.3333,115.52443,0.23650731,115.08382,0.6092087,0.031539053,270.2211,571.33789,282.29767,1.3353362,0.73015332,127.95519,0.64093018,0.29301155,2.0301061e-09,231.4855,1485.3628
1921.4167,115.49976,0.2364998,115.05917,0.60932571,0.031539246,270.16153,571.21216,282.23633,1.3486094,0.74998873,127.94728,0.66749227,0.26998326,2.0044189e-09,231.43629,1485.0921
1921.5,115.47512,0.23650438,115.03452,0.60944265,0.03153944,270.42484,571.75372,282.50516,1.358638,0.72171772,127.93952,0.92427003,0.37669152,1.2433873e-09,231.38712,1486.0907
1921.5833,115.44895,0.23589817,115.00947,0.6095615,0.031539638,270.81458,572.55237,282.90155,1.3840215,0.72934473,127.93163,1.2351698,0.61398876,9.4328878e-10,231.33542,1487.649
1921.6667,115.42358,0.23549876,114.98483,0.60967845,0.031539828,271.20847,573.34717,283.29581,1.3749179,0.83460349,127.92345,1.122902,0.57946414,8.1347029e-10,231.28513,1489.2696
1921.75,115.39892,0.23548406,114.9602,0.60979533,0.031540021,271.34433,573.60394,283.4238,1.3678218,0.98392612,127.91517,0.95841199,0.48212764,1.0126981e-09,231.23595,1489.8749
1921.8333,115.37456,0.2356272,114.93557,0.60991216,0.031540215,271.30048,573.49396,283.37039,1.4036785,1.0165466,127.90682,0.71423721,0.34197319,1.2376339e-09,231.18719,1489.6791
1921.9167,115.35066,0.23602006,114.91094,0.61002904,0.031540405,271.24796,573.37177,283.31091,1.4247041,1.0340649,127.89861,0.64594018,0.52010721,1.4423394e-09,231.13919,1489.4272
1922,115.32614,0.23629045,114.88593,0.61014777,0.031540602,271.18729,573.23547,283.24451,1.4373899,1.0424566,127.89036,0.6700241,0.47973484,1.5238932e-09,231.09006,1489.1275
1922.0833,115.30247,0.23636296,114.86212,0.61026073,0.031540785,271.12961,573.10779,283.18228,1.4493481,1.0526341,127.88251,0.67546386,0.54629403,1.5694268e-09,231.04277,1488.8469
1922.1667,115.27875,0.23639944,114.83833,0.61037362,0.031540971,271.06903,572.97589,283.11795,1.459125,1.0633278,127.87469,0.67671555,0.55177957,1.6369259e-09,230.99538,1488.5553
1922.25,115.2542,0.23642874,114.81373,0.61049038,0.031541161,271.00293,572.83398,283.04871,1.4692568,1.0386159,127.86663,0.67762977,0.51814669,1.7333847e-09,230.94638,1488.2065
1922.3333,115.22967,0.23645949,114.78914,0.61060709,0.031541355,270.93634,572.69263,282.97971,1.4920889,0.82410645,127.85861,0.68255723,0.28894514,1.7969787e-09,230.89742,1487.6809
1922.4167,115.20509,0.23646703,114.76455,0.61072379,0.031541545,270.87634,572.56622,282.91809,1.5251902,0.85027856,127.85061,0.6908645,0.29395255,1.8103574e-09,230.84837,1487.4351
1922.5,115.18049,0.2364542,114.73997,0.61084044,0.031541735,270.82336,572.45581,282.86435,1.5407333,0.90280151,127.84261,0.69854832,0.3067838,1.7854402e-09,230.7993,1487.229
1922.5833,115.15556,0.23648036,114.715,0.61095899,0.031541929,271.04544,572.91333,283.09161,1.4999964,1.0859349,127.83463,0.89594328,0.42914259,1.1888215e-09,230.74953,1488.2204
1922.6667,115.1302,0.23605123,114.69042,0.61107564,0.031542119,271.43005,573.70538,283.4845,1.5313268,1.109515,127.82678,1.1620371,0.74565709,9.2939201e-10,230.69928,1489.7867
1922.75,115.10496,0.23568657,114.66586,0.61119223,0.031542309,271.54276,573.92767,283.59546,1.5567905,1.1289836,127.81858,0.96020591,0.71849662,1.1634043e-09,230.64923,1490.2194
1922.8333,115.08114,0.23608992,114.6413,0.61130875,0.031542499,271.47626,573.78052,283.52353,1.5675747,1.1344591,127.81026,0.57741666,0.42519194,1.8822959e-09,230.60138,1489.8939
1922.9167,115.05731,0.23648193,114.61674,0.61142534,0.031542689,271.39236,573.60101,283.43558,1.5721123,1.1321986,127.80229,0.59575754,0.6125986,2.0145541e-09,230.55348,1489.489
1923,115.03262,0.23662074,114.59179,0.61154372,0.031542882,271.30508,573.41656,283.34515,1.5342999,1.0971587,127.79424,0.59651768,0.41353697,2.0644138e-09,230.5041,1488.9967
1923.0833,115.00896,0.23666428,114.56805,0.61165643,0.031543065,271.2229,573.24481,283.26096,1.5097289,1.0808722,127.78659,0.60369796,0.44426602,2.0730861e-09,230.45688,1488.5627
1923.1667,114.98527,0.23668821,114.54433,0.61176908,0.031543247,271.13928,573.07159,283.17606,1.4890926,1.0651072,127.77894,0.5999375,0.45080012,2.0974897e-09,230.40959,1488.1296
1923.25,114.96075,0.23669562,114.51979,0.61188549,0.031543437,271.05148,572.8913,283.08765,1.4704764,0.99142748,127.77106,0.60326988,0.36012626,2.1130444e-09,230.36067,1487.6241
1923.3333,114.93624,0.23670539,114.49527,0.6120019,0.031543627,270.96432,572.71375,283.00061,1.4506648,0.91259676,127.76318,0.61079597,0.24856757,2.1191031e-09,230.31175,1487.1169
1923.4167,114.91225,0.23699032,114.47075,0.6121183,0.031543817,270.90796,572.60162,282.94595,1.392925,0.91837299,127.75533,0.63154554,0.25103065,2.0133555e-09,230.26366,1486.7859
1923.5,114.88853,0.23742332,114.44624,0.61223465,0.031544004,271.19363,573.19995,283.24289,1.3838532,0.81217271,127.7477,1.0307405,0.48522624,1.2217912e-09,230.21597,1487.7961
1923.5833,114.86179,0.23642866,114.42133,0.61235291,0.031544197,271.52472,573.8938,283.58746,1.4337424,0.81272769,127.73978,1.2863744,0.73333013,9.7623243e-10,230.16345,1489.1557
1923.6667,114.83581,0.23562784,114.39683,0.61246926,0.031544384,271.80176,574.45819,283.86798,1.3733169,0.99122071,127.73167,1.1858793,0.67125237,8.3317603e-10,230.11227,1490.3364
1923.75,114.8111,0.23551416,114.37232,0.61258554,0.031544574,271.97891,574.80579,284.04105,1.4124275,1.0058591,127.72342,1.0201576,0.61934757,9.3799435e-10,230.06305,1491.0304
1923.8333,114.78706,0.23576194,114.34782,0.61270177,0.03154476,271.91867,574.66528,283.97241,1.4341158,1.0238647,127.715,0.63655645,0.40904665,1.4720264e-09,230.01489,1490.7443
1923.9167,114.76407,0.23657469,114.32333,0.612818,0.031544946,271.80579,574.4245,283.85406,1.4157405,1.0173317,127.70693,0.49201569,0.54712224,2.2599631e-09,229.96834,1490.1927
1924,114.73995,0.23698854,114.29845,0.61293614,0.031545136,271.69983,574.20062,283.74405,1.3758296,0.99028927,127.69901,0.5218029,0.38402092,2.3086864e-09,229.91986,1489.6296
1924.0833,114.71664,0.23718408,114.27479,0.61304855,0.031545319,271.60196,573.99548,283.64331,1.3387667,0.97227222,127.69145,0.51789099,0.39317816,2.3123017e-09,229.8732,1489.1164
1924.1667,114.69323,0.23732673,114.25112,0.61316091,0.031545497,271.50412,573.79211,283.5434,1.310096,0.95896256,127.68394,0.52884203,0.39943725,2.3168587e-09,229.82637,1488.619
1924.25,114.66896,0.23743078,114.22666,0.61327702,0.031545687,271.40616,573.59015,283.44421,1.2779247,0.86590618,127.67614,0.53281343,0.41894391,2.3178219e-09,229.77788,1488.0384
1924.3333,114.64465,0.23751239,114.20221,0.61339313,0.031545874,271.31161,573.39697,283.34943,1.2501062,0.69040871,127.66838,0.56588697,0.45260146,2.318346e-09,229.72931,1487.3962
1924.4167,114.61951,0.23713446,114.17776,0.61350924,0.03154606,271.3746,573.53149,283.41678,1.2517589,0.6637153,127.66061,0.64004028,0.3056173,1.8269587e-09,229.67944,1487.5784
1924.5,114.59404,0.23658459,114.15331,0.61362529,0.031546246,271.77509,574.36957,283.83234,1.2748317,0.60772711,127.65306,1.0874132,0.50767493,1.217082e-09,229.62912,1489.1418
1924.5833,114.56703,0.235411,114.12846,0.61374325,0.031546433,272.19205,575.24652,284.26721,1.3216636,0.5596965,127.6452,1.2896261,0.64524359,9.7220276e-10,229.57619,1490.8085
1924.6667,114.54184,0.23500451,114.10402,0.6138593,0.031546619,272.55203,575.98743,284.63467,1.291286,0.64275873,127.63718,1.1898048,0.60061371,8.8257907e-10,229.52626,1492.2715
1924.75,114.51736,0.23498802,114.07958,0.61397529,0.031546805,272.68338,576.24457,284.76245,1.3320072,0.6595639,127.62899,1.0104396,0.51466566,1.0665852e-09,229.47745,1492.7884
1924.8333,114.49303,0.23503672,114.05515,0.61409122,0.031546991,272.63705,576.13593,284.69052,1.3693712,0.69290006,127.62077,0.77518785,0.33238634,1.2373073e-09,229.42883,1492.5754
1924.9167,114.46872,0.23510316,114.03072,0.61420721,0.031547178,272.58231,576.01172,284.62149,1.4038727,0.72420275,127.61275,0.79108089,0.42251348,1.4264753e-09,229.38028,1492.3365
1925,114.44415,0.23523858,114.00589,0.61432499,0.031547364,272.51978,575.87286,284.55438,1.4230027,0.74316484,127.60451,0.68200237,0.29011196,1.6654711e-09,229.33113,1492.0489
1925.0833,114.42088,0.23543032,113.98228,0.6144371,0.031547543,272.43414,575.68976,284.465,1.4156257,0.75313705,127.59675,0.58897519,0.24032101,2.0394086e-09,229.28456,1491.6389
1925.1667,114.39741,0.23550466,113.95867,0.61454916,0.031547721,272.33682,575.48492,284.36478,1.4073664,0.76411057,127.58916,0.58389431,0.23018491,2.1211615e-09,229.23769,1491.1848
1925.25,114.37296,0.23547669,113.93427,0.61466503,0.031547908,272.24176,575.28632,284.26767,1.4017671,0.65532684,127.58133,0.59575349,0.22183555,2.1224231e-09,229.18892,1490.6232
1925.3333,114.34843,0.23541246,113.90987,0.61478084,0.03154809,272.15332,575.10333,284.17828,1.4006521,0.62857962,127.57352,0.6250695,0.23829043,2.1220927e-09,229.14005,1490.1777
1925.4167,114.32384,0.2353041,113.88547,0.61489666,0.031548277,272.24005,575.28363,284.26871,1.4251535,0.59385127,127.56577,0.76435947,0.25506082,1.6032001e-09,229.09106,1490.4682
1925.5,114.29868,0.23488921,113.86108,0.61501241,0.031548459,272.65634,576.14404,284.69327,1.4669425,0.54424769,127.55776,0.61114913,0.18805523,1.034107e-09,229.04121,1492.1039
1925.5833,114.2737,0.23478445,113.8363,0.61513007,0.031548645,273.05103,576.94965,285.09167,1.4918244,0.52596992,127.54951,0.36566857,0.046590045,8.7073715e-10,228.99147,1493.651
1925.6667,114.2494,0.23483007,113.81191,0.61524576,0.031548828,273.37823,577.61664,285.42212,1.517354,0.52484655,127.54141,0.36503145,0.047730785,7.6278961e-10,228.94295,1494.9436
1925.75,114.22515,0.23489277,113.78754,0.61536145,0.031549014,273.70129,578.27576,285.74869,1.4759201,0.55811077,127.53293,0.37114081,0.051982284,7.4523676e-10,228.8945,1496.1872
1925.8333,114.20098,0.23499954,113.76317,0.61547714,0.031549197,273.7674,578.40552,285.81348,1.4875655,0.56412429,127.52415,0.36425209,0.051179886,1.0515715e-09,228.84619,1496.4084
1925.9167,114.17708,0.235248,113.73881,0.61559278,0.031549379,273.67838,578.21692,285.7207,1.5066344,0.57156175,127.5154,0.35988203,0.039468564,1.4915504e-09,228.79826,1496.0078
1926,114.14948,0.23373881,113.71405,0.61571032,0.031549565,273.5968,578.0437,285.63559,1.5363774,0.5831666,127.48782,0.66165918,0.081343107,1.738549e-09,228.74452,1495.628
1926.0833,114.12158,0.23144376,113.69048,0.61582214,0.031549741,273.52054,577.88177,285.556,1.5424039,0.58548951,127.44391,0.64573079,0.091147408,1.8842543e-09,228.6909,1495.2211
1926.1667,114.09605,0.23040517,113.66692,0.6159339,0.031549919,273.44308,577.71735,285.47522,1.4346849,0.52017027,127.40017,0.61594659,0.089953564,1.9550197e-09,228.64087,1494.6315
1926.25,114.07176,0.23044284,113.64255,0.61604947,0.031550102,273.37411,577.57019,285.40298,1.3019387,0.44897306,127.35423,0.59905696,0.097021908,1.963238e-09,228.59236,1494.0448
1926.3333,114.04872,0.23114403,113.61819,0.61616498,0.031550281,273.3208,577.45508,285.34665,1.2482285,0.43235478,127.30789,0.59432107,0.10169122,1.9698188e-09,228.54578,1493.6568
1926.4167,114.02592,0.23196805,113.59384,0.61628044,0.031550463,273.52771,577.8764,285.55557,1.2332324,0.42296717,127.26192,0.58679754,0.074619256,1.4232734e-09,228.49959,1494.3775
1926.5,114.00087,0.23158355,113.5695,0.61639595,0.031550646,274.16968,579.19336,286.20758,1.2270125,0.39911699,127.22047,0.59975833,0.094494388,9.4829256e-10,228.44991,1496.8671
1926.5833,113.97536,0.23117013,113.54476,0.61651325,0.031550832,274.62805,580.13037,286.67172,1.233467,0.38726097,127.17929,0.59012127,0.098142035,7.9993256e-10,228.39935,1498.6296
1926.6667,113.95048,0.23087962,113.52043,0.61662871,0.031551011,275.09628,581.08966,287.14658,1.2516116,0.37663954,127.13831,0.60216606,0.10207845,6.9608147e-10,228.34996,1500.4491
1926.75,113.92488,0.23020799,113.4961,0.6167441,0.031551193,275.47046,581.85626,287.52594,1.2553253,0.42322806,127.09708,0.60312772,0.11082949,7.4247769e-10,228.29948,1501.9277
1926.8333,113.89915,0.22946458,113.47177,0.6168595,0.031551376,275.47253,581.85553,287.52606,1.268442,0.45688096,127.05576,0.60783136,0.10948865,1.0082849e-09,228.24879,1501.884
1926.9167,113.87326,0.22864561,113.44744,0.61697483,0.031551555,275.39456,581.69043,287.44479,1.2795277,0.49052009,127.01447,0.5931499,0.10626624,1.3838584e-09,228.19788,1501.5122
1927,113.84759,0.22814409,113.42271,0.61709207,0.031551737,275.31714,581.52655,287.36423,1.2844077,0.52454835,126.97269,0.58310002,0.10219634,1.6314627e-09,228.14709,1501.1366
1927.0833,113.82403,0.22812387,113.39919,0.61720359,0.031551912,275.2522,581.38861,287.29645,1.2834456,0.55505782,126.93304,0.57091224,0.11720559,1.7251041e-09,228.10011,1500.8089
1927.1667,113.8014,0.22859909,113.37567,0.61731505,0.031552088,275.18646,581.24896,287.22778,1.2609999,0.57160747,126.89335,0.55884618,0.19214578,1.8131538e-09,228.05453,1500.4437
1927.25,113.77921,0.22972272,113.35136,0.61743033,0.031552266,275.1167,581.10089,287.155,1.2095059,0.56928134,126.85233,0.54485172,0.31940594,1.8956721e-09,228.00928,1500.0129
1927.3333,113.7577,0.23120157,113.32707,0.61754555,0.031552449,275.05499,580.96936,287.09045,1.1554368,0.55675024,126.8116,0.53670186,0.35124785,1.9170341e-09,227.96507,1499.6036
1927.4167,113.73659,0.23288596,113.3028,0.61766076,0.031552628,275.08423,581.02557,287.11871,1.0978789,0.54905808,126.77122,0.53371119,0.28432301,1.6675483e-09,227.92149,1499.5682
1927.5,113.71485,0.23422603,113.27853,0.61777592,0.031552806,275.6474,582.18347,287.69153,1.069732,0.49830288,126.73083,0.56200808,0.18747036,1.035211e-09,227.87694,1501.6983
1927.5833,113.69166,0.23499216,113.25388,0.61789298,0.031552989,276.38434,583.69897,288.44119,1.0231825,0.44322735,126.68929,0.56770629,0.11562334,8.2123325e-10,227.82997,1504.5102
1927.6667,113.66967,0.23618871,113.22963,0.61800808,0.031553168,276.92313,584.80511,288.98853,1.0213634,0.44115859,126.64829,0.56604904,0.20426904,7.3255241e-10,227.78506,1506.6126
1927.75,113.64754,0.23730552,113.20539,0.61812323,0.031553347,277.11459,585.19415,289.18155,1.0367073,0.47121784,126.60684,0.5665375,0.22188026,8.3611201e-10,227.73991,1507.3449
1927.8333,113.62521,0.23830974,113.18117,0.61823827,0.031553525,277.13989,585.24139,289.20541,1.0548042,0.50026137,126.56541,0.57103097,0.25880241,9.7745634e-10,227.69447,1507.4016
1927.9167,113.60216,0.23892984,113.15695,0.61835337,0.031553704,277.147,585.25153,289.21091,1.0677744,0.52865124,126.52429,0.57534772,0.38333794,1.1133047e-09,227.64795,1507.3782
1928,113.57856,0.23946218,113.13235,0.61847025,0.031553887,277.15213,585.25751,289.21432,1.0671904,0.54692721,126.48235,0.5729751,0.40641847,1.2113927e-09,227.6004,1507.3208
1928.0833,113.5564,0.24012375,113.10895,0.61858147,0.031554058,277.15994,585.26941,289.22061,1.0554518,0.55858272,126.44238,0.56542432,0.52036721,1.2767466e-09,227.5556,1507.262
1928.1667,113.53485,0.24110784,113.08556,0.6186927,0.03155423,277.16772,585.28131,289.2269,1.0288432,0.56420654,126.40244,0.55402607,0.50768143,1.3551457e-09,227.51176,1507.1831
1928.25,113.51344,0.24257486,113.06138,0.61880767,0.031554408,277.1691,585.27997,289.22668,0.98288268,0.53820115,126.36145,0.53840327,0.48898688,1.4983065e-09,227.46774,1507.0261
1928.3333,113.4931,0.24460548,113.03722,0.61892259,0.031554587,277.17706,585.29199,289.23309,0.92344999,0.53356189,126.32104,0.52005315,0.46502498,1.5822195e-09,227.42542,1506.9056
1928.4167,113.47451,0.24755257,113.01307,0.61903751,0.031554762,277.27725,585.49451,289.33368,0.85348314,0.52567077,126.28114,0.49175271,0.27737907,1.3961839e-09,227.38573,1507.1515
1928.5,113.45665,0.25086856,112.98895,0.61915237,0.031554941,277.86868,586.711,289.93549,0.84235615,0.48364079,126.24138,0.51622474,0.18579257,9.3068431e-10,227.34718,1509.4297
1928.5833,113.43828,0.2540963,112.96445,0.61926913,0.03155512,278.44769,587.90088,290.52426,0.84544593,0.45360309,126.20024,0.51416153,0.18701448,7.9522278e-10,227.30765,1511.6797
1928.6667,113.42071,0.2575407,112.94038,0.61938399,0.031555299,278.9267,588.88464,291.01102,0.85436708,0.48371649,126.15939,0.51364899,0.22745693,7.3118978e-10,227.26956,1513.5894
1928.75,113.40276,0.26076975,112.91632,0.61949879,0.031555474,279.14499,589.33051,291.23187,0.86232185,0.50379622,126.11933,0.50912541,0.31470549,8.7804086e-10,227.2309,1514.4237
1928.8333,113.38457,0.26386914,112.89229,0.61961359,0.031555653,279.10541,589.24475,291.18991,0.87665093,0.52234215,126.07967,0.50660962,0.34051055,1.1122684e-09,227.19189,1514.2106
1928.9167,113.36656,0.26705581,112.86828,0.61972833,0.031555828,279.05048,589.1275,291.13232,0.88474339,0.53494906,126.03941,0.50647712,0.5726766,1.2482861e-09,227.15318,1513.9226
1929,113.34874,0.27052817,112.84389,0.61984497,0.031556007,279.00058,589.02075,291.07993,0.86347669,0.51850057,125.99637,0.51293325,0.45527995,1.348947e-09,227.11456,1513.5942
1929.0833,113.33141,0.27362177,112.82071,0.6199559,0.031556178,278.96295,588.93933,291.04007,0.86712557,0.52045685,125.95535,0.517645,0.45444101,1.3782276e-09,227.07724,1513.3626
1929.1667,113.31381,0.27656409,112.79755,0.62006682,0.031556349,278.92163,588.8504,290.99649,0.86728346,0.5178327,125.91443,0.51871133,0.45392984,1.4453472e-09,227.03955,1513.1077
1929.25,113.29559,0.27957532,112.77362,0.6201815,0.031556524,278.87738,588.75531,290.94986,0.8627013,0.50165212,125.87226,0.51579177,0.44391137,1.5481146e-09,227.00052,1512.8196
1929.3333,113.27776,0.28278592,112.74972,0.62029612,0.031556699,278.83853,588.67139,290.90878,0.85229665,0.47493085,125.83045,0.50824302,0.43005511,1.6079746e-09,226.96211,1512.5385
1929.4167,113.26003,0.28603727,112.72583,0.62041074,0.031556875,278.86194,588.71625,290.93134,0.8548196,0.47250003,125.78922,0.50796384,0.27354059,1.4775599e-09,226.92386,1512.5499
1929.5,113.23994,0.28801334,112.70197,0.62052536,0.03155705,279.38721,589.79852,291.46637,0.8862375,0.39995921,125.74887,0.56467664,0.13011403,1.0001766e-09,226.882,1514.5691
1929.5833,113.21624,0.28828657,112.67773,0.62064177,0.031557228,279.86139,590.77374,291.94876,0.91811484,0.36295587,125.7092,0.5739699,0.14464475,8.387564e-10,226.83444,1516.4086
1929.6667,113.19211,0.28813818,112.65388,0.62075633,0.031557404,280.2677,591.60919,292.36188,0.92776674,0.37548682,125.67015,0.59414649,0.14747025,7.7547913e-10,226.78644,1517.9986
1929.75,113.16688,0.28741032,112.63003,0.62087083,0.031557579,280.52063,592.12805,292.6185,0.95958346,0.3838807,125.6312,0.59046113,0.21290879,9.0900948e-10,226.73674,1518.9786
1929.8333,113.14182,0.28678107,112.60619,0.62098533,0.03155775,280.42682,591.93109,292.52142,0.98949045,0.41715688,125.59284,0.57396215,0.23826961,1.2654247e-09,226.68733,1518.5663
1929.9167,113.11636,0.28593397,112.58234,0.62109983,0.031557925,280.33469,591.73779,292.42618,1.0097131,0.44923022,125.55466,0.57498479,0.42413217,1.3865127e-09,226.6373,1518.1496
1930,113.09099,0.28533107,112.55811,0.62121612,0.031558104,280.24606,591.55157,292.33444,1.0187352,0.47532779,125.51595,0.56770092,0.29809833,1.4895492e-09,226.5872,1517.7292
1930.0833,113.06801,0.2853736,112.53506,0.6213268,0.031558271,280.16605,591.38336,292.25159,1.012881,0.49364865,125.47751,0.56622416,0.33195469,1.5556266e-09,226.54131,1517.3263
1930.1667,113.04661,0.28624648,112.51202,0.62143743,0.031558439,280.08597,591.21497,292.16867,1.0037585,0.50971073,125.437,0.55959922,0.3427034,1.666737e-09,226.49788,1516.918
1930.25,113.02499,0.28740945,112.4882,0.62155181,0.031558614,280.00748,591.04968,292.08731,1.0113642,0.51406556,125.39497,0.55504906,0.33268192,1.7612154e-09,226.4537,1516.5185
1930.3333,113.00397,0.28888223,112.46439,0.62166619,0.031558786,279.93268,590.89209,292.00974,1.0088756,0.51615584,125.35294,0.54491204,0.29663238,1.832385e-09,226.41046,1516.1228
1930.4167,112.98412,0.29095843,112.4406,0.62178051,0.031558961,279.8667,590.75275,291.94119,0.98826969,0.54249972,125.31109,0.52870196,0.28583908,1.8466733e-09,226.369,1515.7715
1930.5,112.96461,0.29321495,112.41682,0.62189484,0.031559132,280.09885,591.2298,292.17715,1.0044928,0.51930046,125.26967,0.53908616,0.1128092,1.2949281e-09,226.32809,1516.6273
1930.5833,112.94192,0.29396468,112.39267,0.62201095,0.031559307,280.60565,592.27448,292.6936,1.0311927,0.48618239,125.2289,0.58725178,0.13437137,9.9188269e-10,226.28212,1518.6021
1930.6667,112.91872,0.29425219,112.36892,0.62212521,0.031559482,281.01624,593.12036,293.11182,1.0595723,0.48834518,125.18845,0.58939183,0.16450223,8.8599078e-10,226.23557,1520.2204
1930.75,112.89539,0.29447266,112.34517,0.62223947,0.031559654,281.13007,593.35217,293.22675,1.0733416,0.53344142,125.14812,0.58354861,0.29165506,1.0043021e-09,226.18883,1520.6527
1930.8333,112.87194,0.29463053,112.32143,0.62235367,0.031559825,281.125,593.33838,293.22025,1.0894908,0.54959291,125.10802,0.58495528,0.44899321,1.1279612e-09,226.14192,1520.5727
1930.9167,112.84803,0.29454288,112.29769,0.62246782,0.03156,281.07758,593.23737,293.17062,1.0934918,0.55759442,125.06785,0.58730096,0.77691787,1.2929325e-09,226.09428,1520.2988
1931,112.82388,0.29453227,112.27357,0.62258387,0.031560175,281.02765,593.13092,293.11835,1.0676924,0.54055363,125.0433,0.36666629,0.33440489,1.3938035e-09,226.04614,1519.9745
1931.0833,112.80102,0.29457876,112.25063,0.62269425,0.031560339,280.97284,593.01465,293.06119,1.0599194,0.5443024,125.03595,0.35660049,0.32543591,1.5368207e-09,226.00047,1519.6894
1931.1667,112.77798,0.29452768,112.22768,0.62280464,0.031560507,280.91336,592.88861,292.99921,1.0497918,0.54748845,125.02861,0.35802162,0.32572448,1.6693448e-09,225.95454,1519.3817
1931.25,112.75413,0.29445851,112.20397,0.62291873,0.031560678,280.85153,592.75763,292.93481,1.0357083,0.52634281,125.02105,0.35774693,0.32047477,1.811953e-09,225.90704,1519.034
1931.3333,112.73022,0.29435953,112.18026,0.62303275,0.031560849,280.80417,592.65674,292.88525,1.0201235,0.52800149,125.01353,0.35888433,0.31628567,1.8563086e-09,225.85942,1518.7672
1931.4167,112.70636,0.29427868,112.15656,0.62314683,0.031561021,280.8338,592.71539,292.91446,0.99282467,0.52116847,125.006,0.35890496,0.16114725,1.6209716e-09,225.8119,1518.7955
1931.5,112.68196,0.29390538,112.13285,0.6232608,0.031561192,281.26654,593.60846,293.35574,0.97864377,0.46065122,124.99849,0.38778648,0.05936012,1.0702551e-09,225.76353,1520.432
1931.5833,112.65713,0.29350182,112.10876,0.62337667,0.031561363,281.70648,594.51538,293.80396,0.98074913,0.41192979,124.9908,0.38254046,0.06994953,8.9170538e-10,225.71432,1522.1237
1931.6667,112.63329,0.29342923,112.08508,0.62349063,0.031561535,282.09201,595.31024,294.19662,0.99491179,0.40089601,124.98279,0.38578835,0.081990309,8.1818319e-10,225.66684,1523.6443
1931.75,112.60963,0.29344168,112.06139,0.6236046,0.031561706,282.20871,595.54852,294.31464,1.0025508,0.456159,124.97453,0.37855801,0.091810435,9.5120478e-10,225.61961,1524.1246
1931.8333,112.58595,0.29345158,112.0377,0.6237185,0.031561878,282.16336,595.45209,294.26718,1.0233765,0.48815969,124.96629,0.37761378,0.15807365,1.0659232e-09,225.57239,1523.9329
1931.9167,112.56223,0.29342514,112.01402,0.6238324,0.031562045,282.11856,595.35675,294.22031,1.0309933,0.50739777,124.95805,0.37645191,0.58141345,1.1459318e-09,225.52505,1523.7171
1932,112.53765,0.29315805,111.98996,0.62394816,0.03156222,282.07367,595.26117,294.17325,0.99803448,0.49257913,124.93247,0.60286021,0.54913855,1.199968e-09,225.47627,1523.4075
1932.0833,112.51431,0.29292178,111.96707,0.62405825,0.031562384,282.03204,595.17242,294.12964,0.96649522,0.48948893,124.89129,0.60131752,0.5438956,1.2447889e-09,225.4299,1523.1113
1932.1667,112.49146,0.29294795,111.94418,0.62416834,0.031562548,281.99234,595.08752,294.08792,0.95382959,0.49655348,124.85041,0.59160918,0.55087167,1.2972864e-09,225.38429,1522.8528
1932.25,112.46851,0.2933268,111.92052,0.62428212,0.031562716,281.95154,595.00031,294.04507,0.94408756,0.47301757,124.80772,0.5842362,0.54561585,1.3519988e-09,225.33821,1522.56
1932.3333,112.44688,0.29439229,111.89687,0.62439591,0.031562887,281.91748,594.927,294.00912,0.82012868,0.40922588,124.7655,0.54941094,0.47515899,1.3832946e-09,225.29411,1522.1426
1932.4167,112.42828,0.29705638,111.87324,0.62450963,0.031563055,281.89771,594.88275,293.98761,0.66819435,0.3465724,124.72408,0.51112705,0.45635703,1.4007515e-09,225.25465,1521.7616
1932.5,112.41118,0.30049261,111.84962,0.62462336,0.031563222,282.01813,595.12823,294.10928,0.65553254,0.33038586,124.68286,0.51577604,0.27022171,1.1843089e-09,225.21748,1522.1419
1932.5833,112.39266,0.30335781,111.82565,0.62473893,0.031563394,282.44971,596.01617,294.54852,0.68296236,0.30956036,124.64088,0.5466103,0.26297441,9.0496238e-10,225.17798,1523.8258
1932.6667,112.37435,0.30611861,111.80207,0.62485266,0.031563565,282.745,596.62256,294.8486,0.68143398,0.36561179,124.59942,0.54277951,0.30687743,8.484769e-10,225.13896,1525.0016
1932.75,112.35622,0.30897871,111.77852,0.62496626,0.031563733,282.90591,596.95062,295.01126,0.69396532,0.36797777,124.55805,0.53664118,0.43117732,8.7798074e-10,225.10027,1525.588
1932.8333,112.33797,0.31175929,111.75499,0.62507993,0.0315639,282.87476,596.88245,294.978,0.69961053,0.3775439,124.51675,0.53707623,0.47468343,1.0710327e-09,225.06137,1525.3905
1932.9167,112.3196,0.31447917,111.73148,0.62519354,0.031564068,282.79507,596.71429,294.89523,0.70338362,0.38850403,124.47544,0.52084792,0.65366483,1.2792124e-09,225.02232,1524.9943
1933,112.30103,0.31727943,111.7076,0.62530893,0.031564239,282.71948,596.55475,294.81674,0.67898792,0.37839249,124.43329,0.52159554,0.50447989,1.3822931e-09,224.98277,1524.5644
1933.0833,112.28368,0.32010001,111.68489,0.62541878,0.031564403,282.64374,596.39484,294.73807,0.65478408,0.37332121,124.39292,0.51708847,0.53902882,1.5017751e-09,224.94565,1524.1433
1933.1667,112.26653,0.32301775,111.6622,0.62552863,0.031564564,282.56671,596.23242,294.65814,0.65039235,0.37607682,124.35266,0.51476067,0.5436005,1.6362166e-09,224.90886,1523.7452
1933.25,112.24901,0.32612619,111.63876,0.62564212,0.031564731,282.4939,596.07849,294.58249,0.64428002,0.35262451,124.3111,0.51286393,0.54070032,1.7634143e-09,224.87111,1523.334
1933.3333,112.23145,0.32920268,111.61536,0.62575561,0.031564899,282.42871,595.94049,294.51468,0.64059329,0.31669322,124.26962,0.51452762,0.51456898,1.8464431e-09,224.83334,1522.9442
1933.4167,112.21382,0.33222935,111.59196,0.6258691,0.031565066,282.41086,595.9007,294.4953,0.63851351,0.31523815,124.22829,0.51508701,0.37389019,1.7154105e-09,224.79544,1522.7843
1933.5,112.1951,0.33466277,111.56859,0.62598252,0.031565234,282.78494,596.67175,294.87646,0.66137815,0.29940736,124.18733,0.55742109,0.19928229,1.1778413e-09,224.75591,1524.2371
1933.5833,112.17422,0.3361423,111.54485,0.6260978,0.031565402,283.1282,597.3775,295.22571,0.69841325,0.28810075,124.14566,0.5732497,0.20076847,1.0123834e-09,224.71288,1525.5765
1933.6667,112.15357,0.33755404,111.5215,0.62621117,0.031565569,283.38708,597.91028,295.48917,0.71677828,0.3195501,124.10468,0.57790524,0.31512481,9.5244268e-10,224.67041,1526.5979
1933.75,112.13303,0.33902118,111.49817,0.62632453,0.031565733,283.44843,598.03442,295.55072,0.71790171,0.34970251,124.06358,0.56608391,0.51723808,1.1125735e-09,224.62811,1526.7928
1933.8333,112.11221,0.34034237,111.47485,0.6264379,0.031565901,283.35699,597.84247,295.45615,0.71950454,0.35223496,124.02241,0.55777329,0.55618948,1.3710876e-09,224.5854,1526.3352
1933.9167,112.09129,0.34160528,111.45154,0.62655121,0.031566069,283.26474,597.64905,295.36084,0.71788168,0.35290462,123.98125,0.5538373,0.74984187,1.5088983e-09,224.54256,1525.8693
1934,112.07042,0.34308553,111.42786,0.62666637,0.031566236,283.1709,597.45233,295.26389,0.67376781,0.32721922,123.93884,0.5467478,0.5159809,1.6983481e-09,224.4996,1525.3265
1934.0833,112.05156,0.34500778,111.40534,0.62677592,0.031566396,283.08548,597.27301,295.17557,0.64273959,0.31986326,123.89828,0.53505039,0.52318925,1.8753756e-09,224.46025,1524.8552
1934.1667,112.0329,0.34702593,111.38284,0.62688547,0.031566557,283.00436,597.10278,295.09171,0.63540936,0.32374236,123.85841,0.53090805,0.52413303,2.0189128e-09,224.42122,1524.4377
1934.25,112.01385,0.34923083,111.35958,0.62699866,0.03156672,282.923,596.93182,295.00754,0.62733066,0.28658849,123.81727,0.52953851,0.50552022,2.1661006e-09,224.38123,1523.9748
1934.3333,111.99497,0.35151628,111.33635,0.62711191,0.031566888,282.84686,596.77179,294.92874,0.61670923,0.27474099,123.77624,0.52635294,0.53450763,2.2435394e-09,224.34151,1523.5566
1934.4167,111.97629,0.35389212,111.31313,0.6272251,0.031567052,282.86761,596.81268,294.9491,0.60805845,0.27046931,123.73547,0.52472752,0.36560595,1.8859281e-09,224.30211,1523.5455
1934.5,111.95708,0.35597855,111.28992,0.62733823,0.031567216,283.2514,597.60541,295.34076,0.61135304,0.25561297,123.69477,0.56306428,0.26400751,1.3094108e-09,224.2619,1525.0212
1934.5833,111.93694,0.35774976,111.26636,0.62745321,0.031567384,283.63678,598.40094,295.73389,0.62043464,0.25475419,123.65318,0.56631249,0.26987144,1.0978738e-09,224.22008,1526.5201
1934.6667,111.91828,0.3601062,111.24319,0.62756634,0.031567547,283.90509,598.95386,296.00723,0.58568716,0.30935034,123.61221,0.55331403,0.35874313,1.0243456e-09,224.18071,1527.5541
1934.75,111.90028,0.36280736,111.22004,0.62767941,0.031567711,284.07712,599.30676,296.18188,0.5870102,0.31208611,123.57102,0.54257596,0.53691685,1.0919778e-09,224.14238,1528.1782
1934.8333,111.88275,0.36574551,111.19691,0.62779248,0.031567875,283.99841,599.14105,296.10031,0.58490193,0.31504425,123.52967,0.51807016,0.54530406,1.5586967e-09,224.10477,1527.7741
1934.9167,111.86562,0.36889681,111.17379,0.62790549,0.031568039,283.87875,598.89111,295.97705,0.58177871,0.31740883,123.48837,0.50675327,0.62540358,2.0967852e-09,224.06776,1527.2022
1935,111.84803,0.37198427,111.15032,0.62802041,0.031568207,283.76572,598.65472,295.8605,0.56778812,0.31098095,123.44647,0.50719076,0.52773714,2.4931821e-09,224.02992,1526.636
1935.0833,111.83099,0.37474415,111.12801,0.62812966,0.031568367,283.66617,598.44641,295.75784,0.56148982,0.31134918,123.40692,0.50814903,0.5540157,2.704224e-09,223.99344,1526.1435
1935.1667,111.81402,0.37752628,111.10571,0.62823892,0.031568523,283.56946,598.24408,295.65808,0.55348885,0.31078464,123.36757,0.50615627,0.55159348,2.8321281e-09,223.95706,1525.6606
1935.25,111.79659,0.38045129,111.08268,0.62835187,0.031568687,283.47284,598.04169,295.55838,0.54154551,0.29607767,123.3271,0.50248468,0.53020632,2.891094e-09,223.91965,1525.1573
1935.3333,111.78037,0.38400704,111.05967,0.62846482,0.031568851,283.37857,597.84509,295.46136,0.45396557,0.2155959,123.28709,0.47969332,0.41233465,2.9458715e-09,223.88409,1524.5257
1935.4167,111.76491,0.38794637,111.03668,0.62857771,0.031569015,283.29034,597.66217,295.37082,0.44597983,0.2204483,123.2484,0.47845262,0.40319577,2.9805325e-09,223.84969,1524.0879
1935.5,111.74902,0.39164379,111.01372,0.6286906,0.031569175,283.3866,597.862,295.46915,0.45221707,0.21374293,123.21045,0.48721564,0.30206272,2.1126325e-09,223.81465,1524.4089
1935.5833,111.73164,0.39471421,110.9904,0.62880528,0.031569343,283.78665,598.69049,295.87839,0.47064376,0.20515461,123.17096,0.54586166,0.32814974,1.4736853e-09,223.77713,1525.9794
1935.6667,111.71385,0.39735824,110.96748,0.62891811,0.031569503,284.13354,599.40887,296.23325,0.47890419,0.22555372,123.13203,0.53731525,0.4999297,1.238513e-09,223.7392,1527.3514
1935.75,111.69695,0.40046886,110.94459,0.62903088,0.031569667,284.27008,599.69019,296.37244,0.45820343,0.2683599,123.09282,0.52529055,0.49663141,1.3101409e-09,223.70259,1527.8548
1935.8333,111.68037,0.40374497,110.92171,0.62914371,0.031569827,284.24875,599.64374,296.34982,0.45657247,0.26853916,123.05347,0.51870567,0.50827283,1.4712707e-09,223.66655,1527.6874
1935.9167,111.66402,0.40713033,110.89885,0.62925643,0.031569991,284.20605,599.55304,296.3053,0.45013276,0.26621932,123.01363,0.51999003,0.55625999,1.581289e-09,223.63083,1527.4253
1936,111.64753,0.41062331,110.87564,0.62937105,0.031570155,284.1579,599.45099,296.25513,0.44503805,0.2658087,122.97256,0.51820177,0.47791481,1.7658262e-09,223.59473,1527.1422
1936.0833,111.63172,0.41387764,110.85358,0.62948006,0.031570312,284.11057,599.35065,296.20584,0.43961048,0.2672168,122.93357,0.51437652,0.4985376,1.9418507e-09,223.56023,1526.8676
1936.1667,111.61596,0.41714698,110.83154,0.62958902,0.031570468,284.06219,599.24817,296.15543,0.43673927,0.26933557,122.89507,0.50487125,0.48821262,2.0841087e-09,223.5258,1526.5927
1936.25,111.59978,0.42058149,110.80877,0.62970173,0.031570628,284.01367,599.14532,296.10489,0.43378875,0.24156168,122.85558,0.49762991,0.43342301,2.188284e-09,223.4904,1526.2852
1936.3333,111.58344,0.42391324,110.78603,0.62981439,0.031570792,283.96774,599.04791,296.05701,0.4369635,0.20466319,122.81689,0.49298793,0.3909035,2.2435487e-09,223.45477,1525.9859
1936.4167,111.56673,0.4270452,110.7633,0.62992698,0.031570952,283.94632,599.00171,296.03436,0.44109479,0.20989664,122.77958,0.49139306,0.31879586,2.1182911e-09,223.41858,1525.8316
1936.5,111.54919,0.42970991,110.74059,0.63003957,0.031571113,284.2117,599.55157,296.30582,0.46220049,0.2007063,122.74282,0.5308094,0.26551586,1.4493572e-09,223.38109,1526.8559
1936.5833,111.52988,0.43162698,110.71754,0.63015401,0.031571276,284.48126,600.10974,296.5813,0.49282122,0.19440135,122.70569,0.5521999,0.28046042,1.2805896e-09,223.34077,1527.9061
1936.6667,111.51091,0.43353504,110.69486,0.63026655,0.031571437,284.68237,600.5257,296.78659,0.51950717,0.20242827,122.66879,0.54302031,0.48000437,1.1680393e-09,223.30115,1528.6865
1936.75,111.49242,0.43570101,110.67221,0.63037908,0.031571597,284.75201,600.6684,296.85703,0.4910188,0.26510465,122.63139,0.52942115,0.43556213,1.2528769e-09,223.2623,1528.9273
1936.8333,111.47425,0.43802464,110.64957,0.63049161,0.031571757,284.67908,600.51508,296.7814,0.49412093,0.26940331,122.59376,0.52703357,0.51649535,1.3974398e-09,223.22391,1528.5567
1936.9167,111.45557,0.44007459,110.62695,0.63060409,0.031571917,284.59747,600.34363,296.69687,0.49375626,0.27229568,122.5564,0.52556229,0.58357006,1.5537834e-09,223.18475,1528.1452
1937,111.43645,0.44208944,110.60397,0.63071835,0.031572081,284.51807,600.17676,296.61462,0.48974669,0.27192694,122.51851,0.52189791,0.4779878,1.626005e-09,223.14481,1527.7344
1937.0833,111.4181,0.44390985,110.58212,0.63082713,0.031572234,284.44708,600.02747,296.54105,0.48972794,0.27651218,122.48244,0.52514529,0.5112201,1.6403016e-09,223.10652,1527.3709
1937.1667,111.39979,0.44574511,110.56027,0.63093585,0.03157239,284.37488,599.87567,296.46625,0.48493174,0.27822939,122.44646,0.51567739,0.53085202,1.6961267e-09,223.06831,1526.9948
1937.25,111.38126,0.44784808,110.53771,0.63104826,0.031572547,284.29764,599.7135,296.38629,0.47657084,0.25479582,122.40955,0.50357515,0.48806152,1.8014628e-09,223.02943,1526.5678
1937.3333,111.36299,0.45008004,110.51516,0.63116062,0.031572707,284.22458,599.56012,296.3107,0.44486976,0.18626161,122.37373,0.48737931,0.35814482,1.8706945e-09,222.99097,1526.0912
1937.4167,111.34444,0.45215896,110.49263,0.63127297,0.031572867,284.15753,599.41937,296.24133,0.43324596,0.19470802,122.34116,0.47015321,0.32913125,1.8886814e-09,222.95207,1525.7394
1937.5,111.32548,0.45401067,110.47011,0.63138527,0.031573027,284.24591,599.60254,296.33167,0.43463326,0.19318166,122.31175,0.47768342,0.22934778,1.5006362e-09,222.91255,1526.0323
1937.5833,111.30466,0.45505336,110.44724,0.63149941,0.031573188,284.53992,600.21362,296.63309,0.45693409,0.18779202,122.28276,0.52093661,0.25530255,1.1847542e-09,222.87003,1527.1841
1937.6667,111.28391,0.45592412,110.42474,0.6316117,0.031573348,284.7428,600.63501,296.84094,0.46705309,0.21031998,122.25431,0.51297814,0.64761239,1.0647652e-09,222.82776,1527.9782
1937.75,111.26402,0.45726576,110.40226,0.63172394,0.031573504,284.84586,600.84827,296.94623,0.42713457,0.25905761,122.22567,0.49317223,0.48164514,1.0805934e-09,222.78685,1528.3391
1937.8333,111.24467,0.45889336,110.37979,0.63183618,0.031573664,284.7655,600.68005,296.86334,0.42656884,0.2603488,122.19691,0.47670853,0.48008353,1.3293529e-09,222.74677,1527.9395
1937.9167,111.22631,0.46105152,110.35733,0.63194841,0.031573821,284.62454,600.41931,296.7345,0.42527235,0.26164418,122.16843,0.67952782,0.71533465,1.5261651e-09,222.70821,1527.3419
1938,111.20777,0.46329659,110.33453,0.63206244,0.031573981,284.44092,600.12708,296.59036,0.42205146,0.26157543,122.13924,0.73694265,0.69876564,1.7729902e-09,222.66922,1526.6504
1938.0833,111.18985,0.46526489,110.31284,0.63217092,0.031574134,284.26794,599.85291,296.4552,0.41701576,0.26070097,122.11182,0.74012166,0.73651505,1.989177e-09,222.6317,1525.9973
1938.1667,111.17156,0.46702963,110.29116,0.63227934,0.031574287,284.09857,599.5896,296.32544,0.41395023,0.26125276,122.08456,0.76283354,0.7546131,2.1740048e-09,222.5936,1525.3671
1938.25,111.15237,0.46868858,110.26876,0.63239145,0.031574443,283.92542,599.32465,296.19485,0.41485107,0.234525,122.05635,0.77670205,0.69816595,2.329446e-09,222.55377,1524.7045
1938.3333,111.13284,0.4701702,110.24638,0.63250357,0.031574603,283.75693,599.07288,296.07077,0.43151069,0.18437085,122.02825,0.79843855,0.55855334,2.3896563e-09,222.51347,1524.0582
1938.4167,111.1133,0.47163874,110.22401,0.63261563,0.03157476,283.75848,599.20563,296.13623,0.45795766,0.19560088,122.00092,1.1247649,0.74396563,1.7740319e-09,222.47314,1524.228
1938.5,111.09121,0.47174358,110.20164,0.63272768,0.031574916,283.84875,599.65784,296.35919,0.49775961,0.20425528,121.97488,1.5060176,1.0533168,1.397492e-09,222.42888,1524.9715
1938.5833,111.06754,0.47120506,110.17892,0.63284159,0.031575076,283.82187,599.87024,296.4642,0.53986806,0.2182512,121.94875,1.4416856,1.0553055,1.220147e-09,222.38208,1525.2453
1938.6667,111.04507,0.4711245,110.15657,0.63295358,0.031575233,283.77264,600.01709,296.53674,0.54327035,0.24986069,121.9214,1.4059376,1.7294343,1.0928635e-09,222.33728,1525.3782
1938.75,111.0238,0.47167715,110.13422,0.63306552,0.031575389,283.67715,600.03754,296.54694,0.49859348,0.28313163,121.89249,1.2649401,1.2438455,1.1520115e-09,222.29434,1525.2302
1938.8333,111.00273,0.47234362,110.11188,0.63317752,0.031575546,283.48581,599.79626,296.42804,0.49996445,0.28610489,121.86335,0.93231219,0.92968291,1.4419665e-09,222.25169,1524.6113
1938.9167,110.98187,0.47312245,110.08955,0.63328946,0.031575702,283.29681,599.50287,296.28336,0.50054365,0.2887111,121.83455,0.85829288,0.8974207,1.554327e-09,222.2094,1523.9162
1939,110.96072,0.4739387,110.06686,0.63340318,0.031575859,283.10736,599.20648,296.13721,0.4976972,0.2887809,121.80517,0.85025615,0.80793667,1.6689696e-09,222.1665,1523.2092
1939.0833,110.94057,0.47469333,110.04528,0.63351142,0.031576011,282.92822,598.9259,295.99887,0.49461412,0.29009768,121.77707,0.8531512,0.86414874,1.8013513e-09,222.12563,1522.5404
1939.1667,110.92051,0.47547969,110.0237,0.63361961,0.03157616,282.75079,598.64886,295.8623,0.4913573,0.29121515,121.74905,0.84643626,0.85624927,1.9125854e-09,222.08488,1521.8784
1939.25,110.89991,0.47636294,110.00141,0.63373148,0.031576317,282.56915,598.36652,295.72311,0.48470199,0.29153401,121.72028,0.86725533,0.87435633,2.0163347e-09,222.04298,1521.1983
1939.3333,110.87944,0.47731394,109.97913,0.6338433,0.031576473,282.39102,598.09631,295.58994,0.44935676,0.19533688,121.69296,0.85867536,0.61222959,2.0374069e-09,222.0013,1520.4163
1939.4167,110.85925,0.47840366,109.95685,0.63395506,0.031576626,282.23996,597.8833,295.48499,0.46577817,0.20058434,121.66747,0.87065089,0.54174274,1.9139796e-09,221.96002,1519.9022
1939.5,110.83843,0.4791677,109.93459,0.63406688,0.031576782,282.30588,598.2041,295.64313,0.49938574,0.20462468,121.64331,1.5742122,1.0844148,1.3733382e-09,221.91782,1520.4182
1939.5833,110.8149,0.47865885,109.91196,0.63418043,0.031576939,282.314,598.49805,295.78818,0.54497737,0.22620291,121.61858,1.6711936,1.1573315,1.1663435e-09,221.87128,1520.8612
1939.6667,110.79221,0.47841132,109.8897,0.63429219,0.031577095,282.21716,598.55249,295.81522,0.53179795,0.27369767,121.59457,1.6098028,1.9719201,1.0812908e-09,221.82617,1520.8111
1939.75,110.77058,0.47872794,109.86745,0.63440388,0.031577248,282.06921,598.46466,295.77213,0.49055845,0.30093375,121.56926,1.3274959,1.3129114,1.2012088e-09,221.78273,1520.4495
1939.8333,110.74986,0.47952622,109.84521,0.63451558,0.031577405,281.86838,598.1554,295.61969,0.49033463,0.30334696,121.5436,0.73179114,0.72262347,1.5985e-09,221.74068,1519.7216
1939.9167,110.73084,0.48124057,109.82298,0.63462722,0.031577557,281.68869,597.83173,295.46014,0.48606598,0.30258587,121.51859,0.63203543,0.62210274,2.3151991e-09,221.70126,1518.989
1940,110.7104,0.48236814,109.80038,0.63474071,0.031577714,281.51556,597.52728,295.31006,0.48036256,0.30244848,121.49432,0.7175709,0.64655441,2.6997693e-09,221.65947,1518.2895
1940.0833,110.69038,0.48313555,109.77891,0.63484865,0.031577863,281.35413,597.24963,295.17322,0.47081351,0.30069849,121.47166,0.70780897,0.68419003,1.97626e-09,221.61884,1517.6389
1940.1667,110.67058,0.48400983,109.75743,0.6349566,0.031578012,281.19397,596.97327,295.03705,0.46020135,0.29730254,121.44927,0.70244813,0.68383247,1.2640745e-09,221.57855,1516.9897
1940.25,110.64973,0.48470932,109.73524,0.63506818,0.031578168,281.03131,596.69501,294.89993,0.45928943,0.24279858,121.42634,0.74133283,0.56803834,9.284809e-10,221.53635,1516.291
1940.3333,110.62816,0.48501641,109.71305,0.63517976,0.031578321,280.95923,596.61285,294.8595,0.48860675,0.20709771,121.40336,0.82489753,0.42932314,7.1334216e-10,221.493,1516.0237
1940.4167,110.60651,0.48528829,109.69088,0.63529128,0.031578474,281.00668,596.8667,294.98474,0.53345233,0.22820982,121.3807,1.5950166,1.0043414,5.0558946e-10,221.44955,1516.4501
1940.5,110.58204,0.48404866,109.6687,0.6354028,0.031578626,280.91034,596.89539,294.99936,0.58734369,0.25371307,121.35781,1.7277726,1.1701221,4.1925796e-10,221.40178,1516.4057
1940.5833,110.55735,0.48290446,109.64616,0.63551611,0.031578783,280.75574,596.79895,294.95242,0.63877809,0.27726927,121.33484,1.7391418,1.2162373,3.6411216e-10,221.3535,1516.1115
1940.6667,110.53323,0.48188627,109.62399,0.63562757,0.031578936,280.6199,596.7276,294.91766,0.65727299,0.30776915,121.31203,1.7059056,2.2149942,3.3292594e-10,221.3063,1515.8485
1940.75,110.50996,0.48131728,109.60181,0.63573897,0.031579088,280.49103,596.63641,294.87286,0.57690936,0.34319773,121.28825,1.3563844,1.3119713,3.7828229e-10,221.26041,1515.469
1940.8333,110.48738,0.48111731,109.57963,0.63585043,0.031579241,280.31018,596.34888,294.73114,0.57508165,0.34684533,121.26405,0.87167418,0.83896196,4.9177079e-10,221.21556,1514.7917
1940.9167,110.46562,0.48136047,109.55746,0.63596183,0.031579394,280.14188,596.05908,294.58835,0.57521486,0.34999824,121.24012,0.81654698,0.78588331,5.9423227e-10,221.172,1514.1266
1941,110.44311,0.4813849,109.53493,0.63607502,0.031579547,279.9679,595.75708,294.43951,0.58052766,0.3543855,121.21585,0.82757914,0.71982497,6.7555622e-10,221.12709,1513.4424
1941.0833,110.42168,0.48139951,109.5135,0.63618273,0.031579696,279.80353,595.47046,294.29831,0.58266419,0.35862809,121.19281,0.82736194,0.76862991,7.5822176e-10,221.08437,1512.7907
1941.1667,110.40031,0.4814356,109.49208,0.63629037,0.031579841,279.64105,595.18854,294.15933,0.57886434,0.36309364,121.16985,0.82021159,0.77108312,8.0171031e-10,221.04172,1512.1425
1941.25,110.37876,0.48175159,109.46993,0.63640171,0.031579994,279.47473,594.8996,294.01703,0.56503892,0.3414599,121.14616,0.82326585,0.73657465,8.2698498e-10,220.99843,1511.4424
1941.3333,110.35705,0.48197263,109.44779,0.63651299,0.031580146,279.32437,594.64624,293.89221,0.58235306,0.25549406,121.12272,0.86167967,0.44353595,7.8528251e-10,220.95491,1510.7783
1941.4167,110.33482,0.48192489,109.42566,0.63662422,0.031580299,279.34344,594.76996,293.95328,0.6227535,0.26477677,121.09973,1.3390778,0.72244674,5.3538013e-10,220.91061,1510.9646
1941.5,110.3102,0.48060974,109.40353,0.63673544,0.031580448,279.28915,594.81665,293.97672,0.68307799,0.28827158,121.07671,1.7481745,1.0597153,4.3251974e-10,220.86266,1510.9932
1941.5833,110.28448,0.4789055,109.38103,0.63684851,0.031580605,279.19598,594.78015,293.95905,0.7444396,0.31875572,121.05322,1.6527432,1.0290989,3.7985265e-10,220.81285,1510.8645
1941.6667,110.25905,0.4771874,109.35889,0.63695967,0.031580754,279.16119,594.83386,293.98557,0.75485408,0.36543718,121.02972,1.5113138,1.7306498,3.4951952e-10,220.76367,1510.8943
1941.75,110.23452,0.47596171,109.33674,0.63707089,0.031580906,279.05338,594.71155,293.92538,0.71241403,0.41068026,121.00537,1.3406205,1.2842473,3.5908471e-10,220.71587,1510.5346
1941.8333,110.21017,0.47482878,109.3146,0.637182,0.031581055,278.86804,594.40161,293.77271,0.71588391,0.41503841,120.98086,1.0628169,1.0280906,4.4936899e-10,220.66837,1509.8225
1941.9167,110.18559,0.47358847,109.29245,0.63729316,0.031581208,278.69574,594.09497,293.62161,0.71954602,0.41854072,120.95647,0.97310466,0.97961396,4.9727278e-10,220.62051,1509.1274
1942,110.16031,0.47216654,109.26994,0.63740605,0.031581361,278.52512,593.79169,293.4722,0.72308606,0.41924065,120.93175,0.98666787,0.88454068,5.1677129e-10,220.57141,1508.4344
1942.0833,110.13589,0.47062626,109.24852,0.63751352,0.031581506,278.36398,593.50439,293.33069,0.72798193,0.42264736,120.90822,0.97295016,0.91366535,5.3467575e-10,220.52414,1507.7821
1942.1667,110.11143,0.46906167,109.2271,0.63762093,0.031581651,278.20264,593.21515,293.1882,0.73055571,0.42801297,120.88464,0.96984154,0.91047716,5.6055727e-10,220.47679,1507.126
1942.25,110.08643,0.46759593,109.20494,0.63773197,0.0315818,278.03558,592.91455,293.0401,0.73071635,0.43483031,120.86014,0.97518939,0.9159171,5.882182e-10,220.42828,1506.4441
1942.3333,110.0618,0.46632305,109.18279,0.63784295,0.031581949,277.87115,592.61957,292.89481,0.73330986,0.35068208,120.83581,0.97573918,0.64006126,5.9527522e-10,220.38034,1505.6857
1942.4167,110.03744,0.46518901,109.16062,0.63795394,0.031582098,277.77197,592.46301,292.81775,0.75952375,0.33003628,120.81205,1.1664039,0.64286017,4.9693627e-10,220.33278,1505.2871
1942.5,110.01125,0.46309102,109.13847,0.63806492,0.031582247,277.81412,592.63763,292.90396,0.80818194,0.31921247,120.78851,1.6365077,0.97268039,3.5915812e-10,220.28244,1505.5541
1942.5833,109.98405,0.46064943,109.11593,0.63817769,0.0315824,277.79871,592.68921,292.92804,0.86284161,0.33023492,120.76225,1.5759041,0.97995508,3.1222033e-10,220.23039,1505.6017
1942.6667,109.95683,0.45803609,109.09376,0.63828862,0.031582549,277.76471,592.68707,292.91562,0.89592272,0.39033732,120.73573,1.5125089,0.98887044,2.8297856e-10,220.1785,1505.5679
1942.75,109.92947,0.45536843,109.07157,0.63839954,0.031582698,277.69806,592.60626,292.8692,0.89654213,0.48998371,120.70924,1.3501678,1.1055197,2.995808e-10,220.1264,1505.3958
1942.8333,109.90234,0.4528183,109.04938,0.63851041,0.031582847,277.53101,592.30298,292.71204,0.91108179,0.50944799,120.68295,1.2604712,1.1328552,3.3159459e-10,220.07463,1504.7241
1942.9167,109.87461,0.44996259,109.02718,0.63862127,0.031582996,277.36679,592.0011,292.56284,0.91233152,0.51623344,120.65651,1.1478863,1.2440811,3.5091965e-10,220.02196,1504.0378
1943,109.84621,0.44695541,109.0046,0.63873392,0.031583149,277.21579,591.71368,292.42139,0.90231889,0.51090831,120.62911,0.94835007,0.89918083,3.8544046e-10,219.96808,1503.3612
1943.0833,109.81945,0.44423676,108.98311,0.63884109,0.031583291,277.07684,591.44592,292.28955,0.89493418,0.51409674,120.60344,0.90770048,0.90722102,4.1262796e-10,219.91722,1502.742
1943.1667,109.79327,0.44181755,108.96161,0.63894826,0.031583436,276.94046,591.18365,292.16052,0.87405622,0.51476228,120.57791,0.91240424,0.91291797,4.22748e-10,219.86722,1502.1186
1943.25,109.76694,0.43970698,108.93937,0.63905901,0.031583585,276.79788,590.91101,292.0264,0.85314608,0.44362196,120.55217,0.97757667,0.82065392,4.2986481e-10,219.81667,1501.4008
1943.3333,109.74099,0.4377839,108.91713,0.63916975,0.03158373,276.64838,590.62817,291.88736,0.86903864,0.39963961,120.52711,1.01557,0.70093554,4.3515411e-10,219.76666,1500.7264
1943.4167,109.71526,0.43598464,108.89488,0.6392805,0.031583879,276.51431,590.37738,291.7641,0.88559246,0.40848014,120.50241,1.0218841,0.61659437,4.1301995e-10,219.717,1500.1693
1943.5,109.6893,0.43405795,108.87263,0.63939118,0.031584028,276.52823,590.44653,291.79889,0.91559863,0.39442518,120.47819,1.5771934,0.94521368,3.0510164e-10,219.66698,1500.2289
1943.5833,109.66219,0.43171087,108.85001,0.63950366,0.031584177,276.51642,590.46442,291.80823,0.94851238,0.44534868,120.45313,1.4886174,0.95349455,2.6610314e-10,219.61501,1500.251
1943.6667,109.63596,0.42964512,108.82775,0.63961428,0.031584326,276.4903,590.44293,291.79819,0.93731105,0.55599225,120.42773,1.4419488,1.2443167,2.4964725e-10,219.56454,1500.2171
1943.75,109.6102,0.42783582,108.80549,0.63972497,0.031584471,276.41187,590.30505,291.73065,0.9410423,0.55922812,120.4022,1.3300231,1.2995113,2.5379882e-10,219.51483,1499.8649
1943.8333,109.58434,0.42597789,108.78321,0.63983554,0.03158462,276.26257,590.01141,291.58624,0.93883795,0.56073689,120.3769,0.94932222,0.95442641,3.2574765e-10,219.46494,1499.2017
1943.9167,109.55842,0.42410424,108.76094,0.63994616,0.031584766,276.10745,589.70105,291.43356,0.93662053,0.56134766,120.35184,0.91530454,1.0148379,3.5397638e-10,219.41501,1498.5069
1944,109.53203,0.42216575,108.73829,0.64005852,0.031584915,275.95154,589.38934,291.28021,0.92873114,0.55539542,120.32642,0.91945535,0.86057794,3.7591227e-10,219.36412,1497.7958
1944.0833,109.50712,0.42042404,108.71674,0.64016545,0.031585056,275.80438,589.09534,291.13559,0.92723382,0.55723172,120.30226,0.92289233,0.91761458,3.9391815e-10,219.31604,1497.138
1944.1667,109.48236,0.41876572,108.69518,0.64027232,0.031585198,275.65903,588.80511,290.99283,0.92256826,0.55667961,120.27823,0.92809141,0.91768712,4.0081904e-10,219.26817,1496.4826
1944.25,109.45703,0.41718993,108.67289,0.64038283,0.031585347,275.50952,588.50665,290.84604,0.91515434,0.55125064,120.25331,0.92350721,0.90136445,4.0809317e-10,219.21909,1495.801
1944.3333,109.4322,0.41587278,108.6506,0.64049327,0.031585492,275.36081,588.20966,290.69995,0.92102051,0.44785622,120.22803,0.92313051,0.61779964,4.1662759e-10,219.17073,1495.0381
1944.4167,109.40835,0.41506836,108.6283,0.64060372,0.031585637,275.21622,587.92133,290.55817,0.87799698,0.44434184,120.2028,0.91914165,0.54208237,4.1487572e-10,219.12392,1494.3448
1944.5,109.38541,0.41474393,108.606,0.64071417,0.031585783,275.21014,587.92279,290.55969,0.88724095,0.38979778,120.17822,1.3746278,0.82744348,3.1925149e-10,219.07846,1494.2264
1944.5833,109.36049,0.41355169,108.58335,0.6408264,0.031585932,275.26474,588.05725,290.62741,0.92280376,0.40647075,120.15302,1.8388413,1.1839525,2.6594391e-10,219.0298,1494.4615
1944.6667,109.33707,0.41295213,108.56106,0.64093673,0.031586077,275.2572,588.05206,290.62619,0.90464395,0.54659742,120.12613,1.7282829,1.2905452,2.4195584e-10,218.98358,1494.4963
1944.75,109.31389,0.41249043,108.53876,0.64104712,0.031586222,275.16537,587.86145,290.53345,0.90878397,0.58777404,120.09953,1.592886,1.4753981,2.5132904e-10,218.93777,1494.0941
1944.8333,109.29039,0.41186079,108.51648,0.64115745,0.031586368,275.00085,587.5155,290.36362,0.91588128,0.59485358,120.0732,1.1118053,1.0271392,3.0853914e-10,218.89146,1493.3554
1944.9167,109.26711,0.41135952,108.49419,0.64126778,0.031586513,274.85309,587.20654,290.2117,0.91946679,0.59867573,120.04722,0.85097367,0.87036186,3.7845385e-10,218.84552,1492.6823
1945,109.24318,0.41070783,108.47155,0.64137989,0.031586662,274.71185,586.91211,290.06699,0.91757351,0.59678316,120.021,0.8758539,0.80421269,4.054006e-10,218.79839,1492.0246
1945.0833,109.22041,0.41007218,108.45,0.64148653,0.031586803,274.57831,586.63403,289.9303,0.91733187,0.59869015,119.99606,0.87967664,0.85413319,4.2567116e-10,218.75354,1491.4082
1945.1667,109.19762,0.40943056,108.42845,0.64159316,0.031586941,274.44592,586.35858,289.79489,0.91511244,0.59937108,119.97114,0.88523972,0.85881418,4.4182924e-10,218.70866,1490.7936
1945.25,109.17412,0.40879735,108.40617,0.64170337,0.031587087,274.30981,586.07562,289.65579,0.91268182,0.57030946,119.94539,0.88532764,0.79799765,4.5764048e-10,218.66238,1490.132
1945.3333,109.15081,0.40826011,108.3839,0.64181358,0.031587232,274.1745,585.79443,289.51761,0.93012649,0.44458339,119.91965,0.89379185,0.4901126,4.7087639e-10,218.61636,1489.3973
1945.4167,109.12767,0.40780935,108.36163,0.64192379,0.031587373,274.04611,585.52783,289.38657,0.96190542,0.47716376,119.8941,0.90241927,0.46442947,4.6271492e-10,218.5706,1488.8643
1945.5,109.10446,0.40732354,108.33936,0.64203393,0.031587519,274.08105,585.59717,289.42181,0.99333191,0.45405164,119.86899,1.5139116,0.87271279,3.3342906e-10,218.52475,1488.9412
1945.5833,109.07944,0.4060615,108.31672,0.64214587,0.031587668,274.08505,585.59131,289.42041,1.0542293,0.4853203,119.84254,1.8323889,1.1574275,2.8554403e-10,218.47595,1488.9548
1945.6667,109.05569,0.40528363,108.29445,0.64225596,0.031587809,274.04443,585.48218,289.36792,1.0656509,0.60973662,119.81563,1.7679945,1.2926368,2.5677202e-10,218.42928,1488.8149
1945.75,109.03223,0.40466341,108.27218,0.64236605,0.031587955,273.98007,585.31561,289.28702,1.0518892,0.69396448,119.78813,1.6263499,1.5187474,2.7931787e-10,218.38303,1488.4997
1945.8333,109.00964,0.40449834,108.24992,0.64247614,0.031588096,273.81387,584.93744,289.10132,1.0478808,0.69547504,119.75854,1.486912,1.3955157,3.0784131e-10,218.33812,1487.6927
1945.9167,108.98666,0.4041248,108.22765,0.64258617,0.031588241,273.6636,584.59515,288.93326,1.0415452,0.69591773,119.72855,1.2133124,1.1128876,3.3459191e-10,218.29262,1486.9506
1946,108.96303,0.40359962,108.20503,0.64269799,0.031588387,273.52615,584.28357,288.78021,1.0516632,0.70579147,119.69834,1.1640633,0.97593385,3.4967626e-10,218.24594,1486.2916
1946.0833,108.9404,0.40303296,108.1835,0.64280438,0.031588525,273.39761,583.9917,288.63693,1.0566053,0.71364361,119.66966,1.1603714,1.0442345,3.5709866e-10,218.20132,1485.6675
1946.1667,108.91785,0.40250343,108.16198,0.64291072,0.031588662,273.26953,583.70099,288.49417,1.0469134,0.70719892,119.64107,1.1312602,1.0210454,3.6919537e-10,218.15683,1485.0168
1946.25,108.89444,0.40190786,108.13972,0.64302069,0.031588808,273.14096,583.41022,288.35141,1.0430009,0.60967761,119.61208,1.084313,0.79219902,3.8652101e-10,218.11067,1484.2781
1946.3333,108.87117,0.40138257,108.11748,0.64313066,0.031588949,273.01477,583.12451,288.21118,1.0871341,0.52965206,119.58299,1.102053,0.57029665,3.9626172e-10,218.06474,1483.6149
1946.4167,108.84814,0.40097898,108.09523,0.64324051,0.031589091,272.91769,582.89825,288.10025,1.1297942,0.54897696,119.55346,1.1194775,0.53205436,3.6780345e-10,218.01918,1483.1675
1946.5,108.82491,0.40046155,108.07298,0.64335042,0.031589232,272.98605,582.99615,288.15002,1.1790134,0.53749335,119.52306,1.8161966,1.045748,2.7925301e-10,217.9733,1483.345
1946.5833,108.80171,0.40013194,108.05038,0.64346206,0.031589378,273.01602,582.98633,288.14676,1.2452135,0.56577665,119.48869,1.8960835,1.1595061,2.4528238e-10,217.92728,1483.376
1946.6667,108.77877,0.39976734,108.02814,0.64357191,0.031589519,273.03046,582.93408,288.12225,1.2748657,0.6870594,119.45575,1.8629961,1.1632894,2.2556106e-10,217.88182,1483.3863
1946.75,108.75524,0.39909521,108.0059,0.64368176,0.031589665,272.99689,582.78119,288.04816,1.2785784,0.83680892,119.42423,1.6861551,1.3012038,2.3192935e-10,217.83549,1483.2012
1946.8333,108.73157,0.39834604,107.98367,0.64379156,0.031589806,272.87872,582.45679,287.88916,1.2934942,0.84830552,119.39349,1.5837851,1.4823873,2.5009983e-10,217.78897,1482.5488
1946.9167,108.70763,0.39745808,107.96143,0.64390129,0.031589948,272.74973,582.11029,287.71921,1.3004236,0.85357761,119.36245,1.552327,1.4459914,2.6580477e-10,217.74202,1481.8377
1947,108.68321,0.39651588,107.93884,0.64401287,0.031590089,272.6228,581.76678,287.55069,1.3100065,0.85783184,119.3287,1.4969939,1.2991954,2.7667885e-10,217.69415,1481.1311
1947.0833,108.65936,0.39529055,107.91733,0.64411896,0.031590227,272.51331,581.47351,287.40686,1.3042487,0.85420614,119.29601,1.2798332,1.1991539,2.9107081e-10,217.64769,1480.4958
1947.1667,108.63538,0.39400214,107.89582,0.64422512,0.031590365,272.41092,581.20642,287.27585,1.2978995,0.85576946,119.26364,1.1961557,1.0968286,3.0362748e-10,217.60101,1479.9115
1947.25,108.61141,0.39311105,107.87358,0.64433479,0.031590506,272.302,580.93134,287.14087,1.2891617,0.81966609,119.23018,1.1080313,0.93161249,3.2156158e-10,217.55403,1479.2674
1947.3333,108.58781,0.39240241,107.85135,0.64444447,0.031590644,272.19409,580.66125,287.00839,1.3194704,0.62769771,119.19723,1.1217424,0.59847838,3.2914618e-10,217.50758,1478.5157
1947.4167,108.56371,0.39143252,107.82911,0.64455408,0.031590786,272.16483,580.54974,286.95438,1.3649639,0.62412733,119.16534,1.3353137,0.66892475,2.8377498e-10,217.46037,1478.2837
1947.5,108.5368,0.38898027,107.80687,0.64466369,0.031590927,272.23203,580.61316,286.97147,1.4236287,0.60377467,119.13607,1.2705301,0.6024999,2.4022373e-10,217.40889,1478.3891
1947.5833,108.50805,0.38576609,107.78426,0.64477509,0.031591069,272.3302,580.79724,287.04285,1.4697745,0.5962413,119.10708,0.57611275,0.12641212,2.1964873e-10,217.35443,1478.6978
1947.6667,108.47898,0.38221157,107.762,0.64488465,0.031591211,272.51175,581.16418,287.22394,1.4646894,0.71124417,119.08229,0.53825086,0.088981695,2.742182e-10,217.29967,1479.4578
1947.75,108.44956,0.37848169,107.73972,0.6449942,0.031591352,272.66376,581.46997,287.37473,1.4555799,0.85293001,119.05911,0.54037082,0.092068173,4.0363879e-10,217.24434,1480.1204
1947.8333,108.41959,0.37446874,107.71744,0.64510375,0.03159149,272.74268,581.62592,287.45184,1.4914937,0.89265782,119.03558,0.53764373,0.096641824,4.7765397e-10,217.1882,1480.4284
1947.9167,108.39058,0.37095794,107.69513,0.64521325,0.031591631,272.8204,581.77979,287.52872,1.5254672,0.92995715,119.01186,0.51878399,0.17896318,5.0268412e-10,217.13347,1480.7296
1948,108.36223,0.36799267,107.67245,0.64532447,0.031591773,272.8981,581.93347,287.60559,1.5496888,0.95397395,118.98776,0.50862867,0.23611003,5.3308241e-10,217.07959,1481.0081
1948.0833,108.33569,0.36540186,107.65086,0.64543039,0.031591907,272.97424,582.08423,287.68085,1.5606346,0.96641105,118.96483,0.50679243,0.40929884,5.5456101e-10,217.02898,1481.2601
1948.1667,108.30937,0.36293387,107.62926,0.64553618,0.031592045,273.04974,582.23364,287.75549,1.5651389,0.97148395,118.94188,0.50194818,0.45190513,5.8209954e-10,216.97868,1481.496
1948.25,108.28225,0.36043105,107.60692,0.64564562,0.031592183,273.13263,582.39832,287.83774,1.5703386,0.81861752,118.91824,0.50332254,0.34639123,5.9401273e-10,216.92683,1481.6027
1948.3333,108.25478,0.35774937,107.58457,0.64575499,0.031592324,273.23248,582.5979,287.93713,1.5907061,0.69823188,118.89498,0.50291544,0.24391401,5.9181315e-10,216.87445,1481.826
1948.4167,108.22742,0.35512894,107.56222,0.64586437,0.031592462,273.33136,582.79553,288.03561,1.609265,0.70909023,118.8718,0.50077629,0.1989971,5.8141736e-10,216.82222,1482.1749
1948.5,108.19981,0.35237417,107.53986,0.64597374,0.0315926,273.5611,583.26178,288.26712,1.6381545,0.69166309,118.84875,0.50989026,0.096304417,4.6685772e-10,216.76961,1483.0382
1948.5833,108.17063,0.34899804,107.51711,0.64608485,0.031592742,273.89001,583.93158,288.59854,1.6667031,0.68943042,118.82538,0.53029323,0.10791562,3.9757092e-10,216.71442,1484.316
1948.6667,108.14083,0.34510881,107.49472,0.64619416,0.031592879,274.17398,584.50848,288.88358,1.6116416,0.9176988,118.80274,0.53712672,0.080597974,3.8105871e-10,216.65843,1485.5566
1948.75,108.11051,0.34095567,107.47232,0.64630342,0.031593021,274.32559,584.81384,289.03448,1.6446524,0.94482267,118.78052,0.53174412,0.17305408,4.5298054e-10,216.60168,1486.1455
1948.8333,108.08041,0.3369219,107.4499,0.64641267,0.031593159,274.39789,584.95697,289.10593,1.6660963,0.97097361,118.75837,0.52267694,0.26949605,5.253859e-10,216.54523,1486.4015
1948.9167,108.05082,0.33316064,107.42746,0.64652187,0.031593297,274.47034,585.10046,289.17773,1.6837275,0.99632668,118.73624,0.51441091,0.49983475,5.556543e-10,216.48953,1486.6543
1949,108.02484,0.33150047,107.40465,0.64663291,0.031593438,274.45282,585.06042,289.15875,1.675499,0.99637556,118.72173,0.33776522,0.18550918,5.7892757e-10,216.43922,1486.5048
1949.0833,108.00293,0.33139855,107.38294,0.64673847,0.031593569,274.3508,584.84845,289.05466,1.6772449,1.0091083,118.71553,0.33823022,0.23477229,5.9961464e-10,216.39561,1486.0514
1949.1667,107.9809,0.33122608,107.36124,0.64684409,0.031593703,274.25116,584.64142,288.95294,1.6725994,1.0152271,118.70936,0.3384226,0.29419175,6.1959365e-10,216.35182,1485.5945
1949.25,107.95811,0.33103776,107.33881,0.64695323,0.031593841,274.15002,584.43127,288.84976,1.6740005,0.791574,118.70299,0.33842117,0.22043236,6.4047712e-10,216.30652,1484.9061
1949.3333,107.9353,0.33083874,107.31638,0.6470623,0.031593978,274.05011,584.22363,288.74777,1.6821687,0.7452181,118.69663,0.33928648,0.19783798,6.6051109e-10,216.26118,1484.4067
1949.4167,107.91248,0.33063492,107.29395,0.64717144,0.031594116,273.96115,584.03845,288.65692,1.6651008,0.75841486,118.69031,0.33947733,0.13709939,6.4924821e-10,216.21584,1483.9861
1949.5,107.8896,0.33039343,107.27152,0.64728051,0.031594254,274.04303,584.20312,288.73947,1.6707661,0.72743368,118.68397,0.34923804,0.05296367,5.0052296e-10,216.17039,1484.2382
1949.5833,107.86597,0.32994178,107.24873,0.64739132,0.031594392,274.21954,584.56006,288.91727,1.6965133,0.71519351,118.67755,0.36157134,0.080371976,4.1626802e-10,216.12363,1484.9098
1949.6667,107.84315,0.32973501,107.22632,0.64750034,0.03159453,274.36679,584.85699,289.06488,1.7190483,0.70912099,118.67122,0.35838592,0.081346221,3.7518366e-10,216.07831,1485.4663
1949.75,107.82039,0.32954606,107.20391,0.64760935,0.031594668,274.42743,584.97595,289.12469,1.572903,0.91892409,118.66464,0.36258376,0.088366844,3.8328152e-10,216.03307,1485.7176
1949.8333,107.79769,0.32939607,107.1815,0.64771831,0.031594805,274.35947,584.83167,289.05429,1.5911216,0.94354111,118.65786,0.35904911,0.13279447,4.441878e-10,215.98792,1485.4259
1949.9167,107.77515,0.32932884,107.1591,0.64782727,0.03159494,274.27728,584.65869,288.9696,1.6028503,0.9628244,118.65105,0.3498365,0.35783681,4.7991555e-10,215.94301,1485.0652
1950,107.74863,0.32735771,107.13633,0.64793801,0.031595081,274.19635,584.48914,288.88666,1.6036367,0.97011602,118.63306,0.56979048,0.24824052,4.9566934e-10,215.89185,1484.6708
1950.0833,107.72009,0.32374638,107.11465,0.64804333,0.031595211,274.12039,584.33026,288.80887,1.6099774,0.99032199,118.60524,0.5696286,0.25236431,5.0650351e-10,215.83812,1484.3032
1950.1667,107.69218,0.32047945,107.09296,0.64814866,0.031595342,274.04382,584.17059,288.73068,1.6111839,1.0062968,118.57763,0.55939162,0.33563575,5.3239557e-10,215.78537,1483.9256
1950.25,107.6637,0.31729564,107.07052,0.64825755,0.03159548,273.9697,584.01569,288.65491,1.6126293,1.0081604,118.54939,0.55327606,0.46739507,5.4218718e-10,215.73137,1483.5418
1950.3333,107.6358,0.31442448,107.04807,0.64836639,0.031595614,273.89807,583.86597,288.58176,1.6185166,0.7172842,118.521,0.54907995,0.25533414,5.4538662e-10,215.67825,1482.8809
1950.4167,107.60828,0.31175461,107.02562,0.64847523,0.031595752,273.84357,583.7514,288.52594,1.6303741,0.72478402,118.49258,0.54536015,0.22387083,5.2303617e-10,215.62572,1482.5943
1950.5,107.58064,0.30902341,107.00315,0.64858401,0.031595886,273.99994,584.06763,288.68384,1.6587058,0.71632522,118.46431,0.56528467,0.11123975,4.0011275e-10,215.57301,1483.1638
1950.5833,107.55253,0.30623654,106.98031,0.64869457,0.031596024,274.19092,584.45276,288.87589,1.694189,0.71221131,118.43566,0.55872494,0.13425076,3.3798367e-10,215.51938,1483.881
1950.6667,107.52554,0.30385441,106.95782,0.64880329,0.031596161,274.32727,584.72601,289.01218,1.6402624,0.9316318,118.40747,0.56459033,0.13055548,3.0740066e-10,215.46762,1484.5124
1950.75,107.49826,0.30132776,106.93533,0.64891201,0.031596296,274.45483,584.98114,289.13962,1.6531947,0.99906909,118.37962,0.55747771,0.18214048,3.0074682e-10,215.41544,1485.0229
1950.8333,107.47157,0.29911563,106.91284,0.64902073,0.03159643,274.46136,584.98901,289.14462,1.6735903,1.0238369,118.35183,0.54976076,0.33163425,3.1027861e-10,215.36415,1485.0084
1950.9167,107.44505,0.29699141,106.89034,0.64912945,0.031596564,274.42847,584.91656,289.10986,1.6869638,1.0441192,118.32394,0.55137694,0.5122093,3.2852063e-10,215.3131,1484.823
1951,107.41781,0.2946879,106.86746,0.6492399,0.031596702,274.38266,584.81805,289.06219,1.6720301,1.0410292,118.29504,0.55888861,0.34711727,3.4359368e-10,215.2608,1484.5318
1951.0833,107.39168,0.29238924,106.84568,0.64934492,0.031596832,274.33215,584.71027,289.00986,1.6536456,1.03843,118.2668,0.56439006,0.54498643,3.6539555e-10,215.21069,1484.2218
1951.1667,107.36504,0.28982601,106.8239,0.64945,0.031596962,274.28021,584.59991,288.95624,1.6440295,1.0386525,118.23865,0.56337917,0.54979026,3.7853209e-10,215.15981,1483.9175
1951.25,107.33765,0.28725973,106.80137,0.6495586,0.031597096,274.22617,584.48553,288.9006,1.6307073,1.0373274,118.20976,0.55150598,0.56479317,3.8909617e-10,215.10742,1483.5975
1951.3333,107.31048,0.28481245,106.77882,0.64966714,0.031597231,274.17599,584.37952,288.84912,1.622986,0.89725643,118.18127,0.54709965,0.43165651,3.8797304e-10,215.05539,1483.1616
1951.4167,107.28371,0.28258049,106.75628,0.64977568,0.031597365,274.16904,584.36188,288.84143,1.6271006,0.7145887,118.15308,0.54010832,0.16590382,3.614119e-10,215.00395,1482.871
1951.5,107.25721,0.28048572,106.73373,0.64988422,0.031597499,274.35959,584.74725,289.03375,1.6510258,0.70208323,118.12529,0.54553556,0.1359231,2.9227992e-10,214.95291,1483.5719
1951.5833,107.23167,0.27909881,106.7108,0.64999449,0.031597637,274.52255,585.07538,289.19727,1.6735389,0.69693005,118.09647,0.54310483,0.14605661,2.6538519e-10,214.90317,1484.1653
1951.6667,107.20694,0.27794808,106.68825,0.65010297,0.031597771,274.76993,585.57587,289.44547,1.6230975,0.90219903,118.06923,0.49559376,0.097383022,3.0796796e-10,214.85483,1485.2406
1951.75,107.18214,0.27675945,106.66569,0.65021145,0.031597905,275.01007,586.0614,289.6857,1.6214073,0.99716139,118.04466,0.48645157,0.17054456,5.435089e-10,214.80638,1486.2268
1951.8333,107.1571,0.27544907,106.64313,0.65031987,0.031598039,275.10379,586.24835,289.77835,1.6416433,1.0204743,118.02026,0.48560226,0.22604267,6.9118061e-10,214.7576,1486.5704
1951.9167,107.13256,0.27439758,106.62057,0.6504283,0.031598169,275.18344,586.40674,289.85764,1.6594049,1.0411506,117.99587,0.46901634,0.35136721,7.6260392e-10,214.70955,1486.8539
1952,107.10838,0.27373305,106.59764,0.65053844,0.031598307,275.27048,586.58008,289.94446,1.6603466,1.0486618,117.97086,0.46731701,0.24958557,8.0125406e-10,214.6619,1487.1368
1952.0833,107.08582,0.27333882,106.57582,0.65064329,0.031598434,275.3533,586.745,290.02704,1.6584784,1.0552217,117.94645,0.46466681,0.41608614,8.371579e-10,214.61722,1487.4026
1952.1667,107.06353,0.27308977,106.55401,0.65074807,0.031598564,275.43512,586.90802,290.10867,1.6498156,1.0560747,117.9221,0.45890495,0.42008045,8.7580937e-10,214.57297,1487.6528
1952.25,107.04056,0.27286506,106.53146,0.65085638,0.031598695,275.52023,587.07758,290.19357,1.643659,0.89150476,117.89761,0.45434085,0.28854212,9.0792857e-10,214.52734,1487.7515
1952.3333,107.01759,0.27264422,106.50891,0.65096468,0.031598829,275.60724,587.25092,290.28033,1.6001022,0.72271347,117.87392,0.44404191,0.16535425,9.3229391e-10,214.48172,1487.8168
1952.4167,106.99524,0.27274337,106.48637,0.65107292,0.031598963,275.70291,587.44202,290.37595,1.5630676,0.71686459,117.85115,0.4346312,0.11928541,9.3631836e-10,214.43704,1488.089
1952.5,106.97324,0.2730251,106.46384,0.65118116,0.031599093,275.99222,588.02832,290.66757,1.5727249,0.66527551,117.82755,0.44580191,0.074735008,7.4389345e-10,214.39288,1489.1466
1952.5833,106.9507,0.27321371,106.44094,0.65129119,0.031599227,276.42474,588.90656,291.1033,1.6033069,0.65085828,117.80238,0.46009979,0.084647052,6.4027939e-10,214.34775,1490.8389
1952.6667,106.92805,0.27315241,106.41842,0.65139937,0.031599361,276.81161,589.69159,291.49234,1.5512769,0.79373616,117.77737,0.46714693,0.095201254,5.8940203e-10,214.30263,1492.4205
1952.75,106.90511,0.27292791,106.3959,0.65150756,0.031599492,277.08115,590.23663,291.76257,1.5162455,0.91665363,117.75191,0.4687019,0.11037594,6.1038452e-10,214.25705,1493.5222
1952.8333,106.88158,0.2723853,106.37338,0.65161574,0.031599626,277.20853,590.492,291.88919,1.5436916,0.94368255,117.72686,0.47418594,0.12469185,6.8798883e-10,214.21056,1494.0145
1952.9167,106.85751,0.27156106,106.35087,0.65172386,0.031599756,277.31332,590.70142,291.99341,1.5682515,0.9737277,117.70181,0.4725534,0.13177273,7.4567696e-10,214.16325,1494.4152
1953,106.83436,0.27142474,106.32799,0.65183377,0.03159989,277.31738,590.70605,291.99667,1.5805366,0.99544728,117.68588,0.32943627,0.05494025,8.1363738e-10,214.11722,1494.3992
1953.0833,106.81299,0.27164331,106.30621,0.65193832,0.031600017,277.22018,590.50531,291.89813,1.5740938,0.99973786,117.67981,0.32761106,0.088770479,9.2951297e-10,214.07437,1493.9515
1953.1667,106.79128,0.27167204,106.28445,0.65204281,0.031600144,277.12448,590.30768,291.80118,1.5598059,0.99687886,117.67377,0.33061126,0.19812988,1.0304474e-09,214.03105,1493.4947
1953.25,106.76867,0.27160841,106.26196,0.65215087,0.031600274,277.03256,590.11774,291.70807,1.5339501,0.98405898,117.66759,0.33315277,0.24902304,1.1150285e-09,213.98598,1493.03
1953.3333,106.74597,0.27150032,106.23946,0.65225887,0.031600408,276.97046,589.98859,291.64511,1.5345023,0.64605856,117.66145,0.3342059,0.086354695,1.0432128e-09,213.94078,1492.3869
1953.4167,106.72327,0.27138281,106.21698,0.65236688,0.031600539,277.13693,590.3255,291.8136,1.5512021,0.61887658,117.65532,0.34349009,0.051320259,7.9236434e-10,213.89561,1492.997
1953.5,106.70005,0.27098581,106.1945,0.65247488,0.031600669,277.35306,590.76239,292.0318,1.5799757,0.60606283,117.64921,0.36330819,0.081229858,6.8498673e-10,213.84961,1493.8321
1953.5833,106.67702,0.27089086,106.17165,0.65258455,0.031600799,277.47214,591.00049,292.15106,1.6099398,0.6026209,117.64297,0.35769311,0.080331348,6.0958333e-10,213.80376,1494.283
1953.6667,106.65446,0.27084094,106.14917,0.6526925,0.03160093,277.58292,591.22192,292.26205,1.5559899,0.79045343,117.63663,0.36367169,0.083140299,5.7191296e-10,213.75876,1494.8088
1953.75,106.63193,0.27080971,106.1267,0.65280044,0.031601064,277.6727,591.40051,292.35193,1.5357987,0.89265746,117.63008,0.36136431,0.08830303,6.1212913e-10,213.71385,1495.1976
1953.8333,106.60995,0.27107671,106.10424,0.65290833,0.031601191,277.59357,591.23596,292.27148,1.5474267,0.9059571,117.62351,0.33005729,0.050247025,8.4106666e-10,213.66978,1494.8478
1953.9167,106.58797,0.27133748,106.08178,0.65301615,0.031601321,277.48645,591.01556,292.16321,1.538618,0.9075157,117.61695,0.32965028,0.055998608,1.0673932e-09,213.62572,1494.3541
1954,106.56561,0.27158371,106.05896,0.65312576,0.031601455,277.37616,590.78894,292.05179,1.5097533,0.89760506,117.59866,0.46930024,0.13235363,5.8284455e-10,213.58087,1493.8039
1954.0833,106.54438,0.27183571,106.03725,0.65323007,0.031601582,277.28171,590.59467,291.95642,1.4793849,0.88720137,117.57018,0.4793717,0.18103315,1.2946569e-10,213.5383,1493.3079
1954.1667,106.52312,0.27207527,106.01555,0.65333432,0.031601705,277.19556,590.41736,291.86942,1.4477502,0.87471193,117.54185,0.47784311,0.28504711,5.6039128e-11,213.49568,1492.8423
1954.25,106.50085,0.27215585,105.99312,0.65344208,0.031601835,277.11636,590.25415,291.78952,1.4112902,0.66908813,117.51311,0.47768587,0.28242338,4.3089803e-11,213.45116,1492.2047
1954.3333,106.478,0.27193397,105.97069,0.65354985,0.031601965,277.04855,590.1142,291.72113,1.4125162,0.53568834,117.48574,0.4797523,0.18649563,4.060377e-11,213.40578,1491.7235
1954.4167,106.45438,0.27130091,105.94826,0.65365756,0.031602096,277.19125,590.40326,291.86581,1.4208241,0.51893556,117.45907,0.48791632,0.11405405,2.7749006e-11,213.35921,1492.2184
1954.5,106.42974,0.27011913,105.92583,0.65376526,0.031602222,277.47803,590.98511,292.15601,1.4376718,0.5032137,117.43262,0.53200877,0.16188267,2.1077404e-11,213.31107,1493.3037
1954.5833,106.40423,0.26866934,105.90304,0.6538747,0.031602357,277.76944,591.57544,292.45053,1.4575227,0.5008074,117.40557,0.53746974,0.18220206,1.760655e-11,213.2614,1494.4207
1954.6667,106.3797,0.26755813,105.88062,0.65398234,0.031602483,278.04007,592.1236,292.72388,1.4483658,0.55382794,117.37809,0.53862214,0.17337771,1.559847e-11,213.21344,1495.4814
1954.75,106.35573,0.26673922,105.85818,0.65408999,0.031602614,278.1788,592.40259,292.86374,1.374338,0.77373087,117.34956,0.53249985,0.17473844,1.7652418e-11,213.16634,1496.1092
1954.8333,106.33154,0.26580483,105.83575,0.65419757,0.03160274,278.13693,592.31366,292.82095,1.38521,0.79719752,117.32097,0.53329986,0.2021292,2.275285e-11,213.1189,1495.8938
1954.9167,106.30707,0.26472762,105.81333,0.65430522,0.031602871,278.07565,592.18579,292.75873,1.4000578,0.81965947,117.29193,0.52281481,0.21492063,2.5891272e-11,213.07104,1495.603
1955,106.28276,0.26392847,105.79053,0.65441453,0.031603001,278.01199,592.05371,292.69431,1.4150722,0.84318668,117.2612,0.51882458,0.17491233,2.9462356e-11,213.02324,1495.3027
1955.0833,106.25984,0.26328012,105.76884,0.65451854,0.031603124,277.95511,591.93555,292.63681,1.4205303,0.85926223,117.23199,0.51211047,0.38150534,3.2292703e-11,212.97809,1495.0174
1955.1667,106.23739,0.26287302,105.74715,0.65462255,0.031603247,277.89679,591.81458,292.57785,1.4073178,0.86098891,117.20353,0.49933422,0.43175814,3.4415842e-11,212.93362,1494.6946
1955.25,106.2144,0.26257321,105.72473,0.65473002,0.031603377,277.83212,591.68066,292.51251,1.3912903,0.81760907,117.17538,0.48831436,0.38081509,3.5079634e-11,212.88803,1494.2977
1955.3333,106.19151,0.26232663,105.70232,0.65483749,0.031603504,277.77103,591.55414,292.45084,1.3915673,0.61041719,117.14784,0.48899618,0.14574832,3.5301321e-11,212.84259,1493.7685
1955.4167,106.16899,0.26226833,105.6799,0.65494496,0.031603631,277.78571,591.58203,292.46588,1.3817042,0.58525419,117.11949,0.49078158,0.11519735,3.0774147e-11,212.7977,1493.7178
1955.5,106.14674,0.26234818,105.65749,0.65505236,0.031603761,278.09021,592.19995,292.77396,1.3701357,0.55346668,117.09055,0.51379341,0.12994413,2.0816146e-11,212.75325,1494.8315
1955.5833,106.12373,0.26221085,105.63473,0.65516156,0.031603891,278.45288,592.93488,293.14038,1.3687665,0.53914648,117.06153,0.52403039,0.16336906,1.6616377e-11,212.70743,1496.2049
1955.6667,106.10219,0.2626636,105.61233,0.65526897,0.031604018,278.74423,593.52386,293.43433,1.286346,0.77729493,117.03355,0.51223534,0.15772341,1.4645802e-11,212.66405,1497.4637
1955.75,106.08055,0.26306665,105.58994,0.65537632,0.031604145,278.91428,593.86578,293.60559,1.3019831,0.8161301,117.00603,0.50280696,0.19929488,1.68878e-11,212.62054,1498.1303
1955.8333,106.05891,0.26346287,105.56756,0.65548366,0.031604271,278.85248,593.73669,293.54272,1.3209046,0.83815271,116.9789,0.47865024,0.21704938,2.3776821e-11,212.57701,1497.8468
1955.9167,106.03696,0.26369584,105.54518,0.65559095,0.031604398,278.77698,593.58069,293.46637,1.3366582,0.85664719,116.95176,0.47988102,0.32412836,2.6825877e-11,212.53302,1497.502
1956,106.01436,0.26377055,105.52244,0.65570003,0.031604528,278.70636,593.43457,293.39499,1.3381566,0.86014634,116.92412,0.48335612,0.41189155,2.8364568e-11,212.48787,1497.1462
1956.0833,105.99367,0.26426619,105.50081,0.65580374,0.031604651,278.63943,593.29626,293.32739,1.3344293,0.85917163,116.89573,0.48649997,0.43688327,3.0048894e-11,212.44615,1496.7986
1956.1667,105.9733,0.26493213,105.47919,0.65590751,0.031604774,278.57339,593.15973,293.26068,1.327901,0.85738438,116.86686,0.48423368,0.43708074,3.1252615e-11,212.40492,1496.4509
1956.25,105.95234,0.26567203,105.45684,0.65601474,0.031604901,278.50552,593.01953,293.19217,1.324694,0.71628988,116.83724,0.48110211,0.29536018,3.2062436e-11,212.36247,1495.9578
1956.3333,105.93196,0.26671016,105.4345,0.65612191,0.031605024,278.43967,592.88354,293.12576,1.2944285,0.59684128,116.80765,0.47142944,0.1504775,3.2675071e-11,212.32091,1495.4688
1956.4167,105.91197,0.26795316,105.41218,0.65622908,0.031605151,278.38605,592.77252,293.07175,1.2706729,0.5973618,116.77895,0.46330693,0.13208766,3.2325996e-11,212.27994,1495.1572
1956.5,105.89205,0.26922178,105.38986,0.65633625,0.031605277,278.60843,593.22314,293.29681,1.2468445,0.54205954,116.75076,0.47586191,0.11869716,2.2084756e-11,212.23907,1495.9071
1956.5833,105.87107,0.27010852,105.36719,0.65644515,0.031605408,278.99796,594.01294,293.69049,1.2561597,0.51922131,116.72169,0.51883942,0.17158346,1.7412106e-11,212.19641,1497.3949
1956.6667,105.85119,0.27138051,105.34489,0.65655226,0.031605531,279.32852,594.68219,294.02429,1.2389283,0.5874877,116.69233,0.5047766,0.17224441,1.5141681e-11,212.15562,1498.7094
1956.75,105.83159,0.2728056,105.32261,0.65665936,0.031605657,279.46332,594.95288,294.16013,1.1880358,0.78461349,116.66348,0.49510992,0.17087649,1.7354247e-11,212.11526,1499.3277
1956.8333,105.81171,0.2740711,105.30034,0.65676641,0.031605784,279.42181,594.86475,294.11765,1.2097167,0.80985451,116.63473,0.48968568,0.17216456,2.2233736e-11,212.07448,1499.1329
1956.9167,105.79176,0.27530816,105.27808,0.65687346,0.031605911,279.35999,594.73615,294.05493,1.2291027,0.8337034,116.60598,0.4682166,0.26945445,2.6212499e-11,212.03363,1498.8536
1957,105.77138,0.27649224,105.25547,0.65698224,0.031606037,279.29852,594.60876,293.99283,1.2290015,0.83882153,116.57675,0.4703902,0.40238273,3.0070672e-11,211.99193,1498.5367
1957.0833,105.7518,0.27751437,105.23396,0.65708572,0.031606156,279.25064,594.50909,293.9444,1.2275016,0.84109741,116.54893,0.47168469,0.4302896,3.0734484e-11,211.95197,1498.2735
1957.1667,105.73216,0.27850232,105.21246,0.65718919,0.031606279,279.20218,594.40839,293.89551,1.2256733,0.84156972,116.52139,0.47007576,0.43623209,3.153525e-11,211.91193,1498.0066
1957.25,105.71162,0.27938673,105.19024,0.65729618,0.031606402,279.15155,594.30322,293.84442,1.224327,0.73436075,116.49377,0.4670755,0.3273184,3.2436335e-11,211.87015,1497.6218
1957.3333,105.69086,0.28015891,105.16803,0.65740311,0.031606529,279.10315,594.20276,293.79562,1.2359068,0.55828142,116.46668,0.46978655,0.14554004,3.2662754e-11,211.82806,1497.1906
1957.4167,105.67064,0.28120393,105.14584,0.65750998,0.031606652,279.09268,594.17969,293.78531,1.2401735,0.54940689,116.43817,0.47599828,0.13386655,2.9806532e-11,211.7868,1497.0722
1957.5,105.65088,0.28248236,105.12365,0.65761685,0.031606779,279.36377,594.72949,294.05957,1.238431,0.50349993,116.40739,0.51051682,0.14907688,2.0679585e-11,211.74623,1498.0484
1957.5833,105.62994,0.28332418,105.1011,0.65772551,0.031606905,279.61432,595.23596,294.3125,1.2503768,0.47497198,116.37641,0.52815211,0.18299882,1.8535269e-11,211.7037,1498.9683
1957.6667,105.61003,0.28451306,105.07893,0.65783232,0.031607028,279.84698,595.70612,294.54727,1.2444578,0.52155054,116.34599,0.52241117,0.18437713,1.6957751e-11,211.66292,1499.8753
1957.75,105.59035,0.28582287,105.05678,0.65793914,0.031607151,279.95926,595.93103,294.66022,1.1798542,0.75119698,116.31508,0.51620477,0.17875667,1.7088709e-11,211.6225,1500.4192
1957.8333,105.57102,0.28731692,105.03464,0.65804595,0.031607278,279.97247,595.95435,294.67303,1.1997554,0.77660388,116.28308,0.51553953,0.1886774,1.9150487e-11,211.58263,1500.4419
1957.9167,105.55166,0.28878158,105.0125,0.65815276,0.031607401,279.96246,595.93036,294.66235,1.2133435,0.80106634,116.25033,0.51943755,0.25001684,2.0745907e-11,211.54269,1500.3626
1958,105.53191,0.29022831,104.99002,0.65826124,0.031607527,279.93832,595.87775,294.63742,1.2215794,0.8120594,116.21615,0.52032304,0.44564271,2.3137237e-11,211.50203,1500.2054
1958.0833,105.51291,0.29149038,104.96864,0.65836447,0.031607646,279.91406,595.82538,294.61252,1.2216471,0.81438315,116.18354,0.51331812,0.47494909,2.4471872e-11,211.46301,1500.0345
1958.1667,105.4942,0.29289982,104.94727,0.65846765,0.031607766,279.89008,595.77399,294.58807,1.2189003,0.81529212,116.15009,0.5120399,0.47612226,2.5614162e-11,211.42444,1499.8609
1958.25,105.4753,0.29458147,104.92519,0.65857434,0.031607889,279.86697,595.72455,294.56464,1.2127038,0.81617445,116.11419,0.51345378,0.47772035,2.6401565e-11,211.38524,1499.6846
1958.3333,105.45687,0.29650769,104.90311,0.65868104,0.031608012,279.84604,595.6795,294.5434,1.212665,0.55958825,116.07744,0.51327467,0.20777354,2.6927948e-11,211.34677,1499.2653
1958.4167,105.43877,0.29860011,104.88107,0.65878767,0.031608135,279.85367,595.69312,294.55118,1.2097725,0.50269425,116.04048,0.51139778,0.14711148,2.5568389e-11,211.30882,1499.1597
1958.5,105.41977,0.30019966,104.85902,0.6588943,0.031608257,280.15155,596.29724,294.85226,1.2138155,0.46252784,116.00603,0.52431136,0.16129087,1.868628e-11,211.26949,1500.2529
1958.5833,105.3997,0.3014144,104.83663,0.6590026,0.031608384,280.4549,596.91132,295.15842,1.2284443,0.4353095,115.97382,0.53472608,0.19006419,1.6810482e-11,211.22835,1501.3906
1958.6667,105.38032,0.30280337,104.81462,0.65910918,0.031608507,280.68857,597.38336,295.39389,1.2155184,0.50256538,115.9418,0.53082114,0.189602,1.5240873e-11,211.18845,1502.3142
1958.75,105.36179,0.30463642,104.79262,0.65921575,0.03160863,280.78207,597.57001,295.48773,1.1565068,0.71698391,115.90806,0.52115649,0.18214604,1.5994558e-11,211.14987,1502.7713
1958.8333,105.34359,0.30663857,104.77063,0.65932226,0.031608753,280.77979,597.56171,295.48477,1.1821431,0.73872238,115.87288,0.52755392,0.18283652,1.7345554e-11,211.1118,1502.7319
1958.9167,105.32504,0.30844367,104.74866,0.65942878,0.031608876,280.76248,597.52295,295.46664,1.2080681,0.76288468,115.83664,0.53516477,0.18938923,1.8717328e-11,211.07318,1502.6328
1959,105.30551,0.30991846,104.72633,0.65953702,0.031608999,280.74222,597.47827,295.44562,1.229673,0.78359121,115.79973,0.53976482,0.30642533,2.0128054e-11,211.03291,1502.512
1959.0833,105.2865,0.31108981,104.70511,0.65963995,0.031609118,280.72333,597.43677,295.42603,1.2445757,0.7981993,115.76458,0.54074883,0.33534887,2.0849373e-11,210.99396,1502.3874
1959.1667,105.26727,0.31214523,104.68389,0.65974295,0.031609237,280.70447,597.39563,295.40665,1.2572643,0.81098425,115.72932,0.53794754,0.33144954,2.1468603e-11,210.95467,1502.259
1959.25,105.2471,0.31307361,104.66196,0.65984935,0.031609356,280.68365,597.35065,295.38535,1.272971,0.64630824,115.69346,0.53044486,0.22999683,2.2275735e-11,210.9136,1501.946
1959.3333,105.22675,0.31390178,104.64005,0.65995574,0.031609479,280.66254,597.3056,295.36401,1.2966403,0.55824769,115.65819,0.52687633,0.14401266,2.2832604e-11,210.87227,1501.7175
1959.4167,105.20692,0.31499785,104.61813,0.66006213,0.031609602,280.65591,597.29034,295.35745,1.2948366,0.53111511,115.62283,0.52099109,0.13950649,2.2229323e-11,210.83173,1501.5843
1959.5,105.18675,0.31590882,104.59624,0.66016847,0.031609721,280.89868,597.78265,295.60303,1.3010387,0.48647177,115.58874,0.53575039,0.15243232,1.7160174e-11,210.7907,1502.4513
1959.5833,105.16598,0.31667793,104.57399,0.66027653,0.031609844,281.17938,598.35107,295.88644,1.3252796,0.4744654,115.55521,0.55114931,0.1858038,1.5821457e-11,210.74854,1503.5204
1959.6667,105.14552,0.31742668,104.55211,0.66038287,0.031609967,281.39169,598.77966,296.10046,1.2862835,0.63426352,115.52241,0.54851007,0.1826435,1.4775311e-11,210.70706,1504.4218
1959.75,105.12504,0.3181577,104.53024,0.66048914,0.03161009,281.51154,599.01984,296.22095,1.2649348,0.77426684,115.49026,0.5329175,0.16773243,1.5654311e-11,210.66554,1504.9473
1959.8333,105.1042,0.31870812,104.50837,0.66059536,0.031610209,281.46048,598.91284,296.16891,1.2951851,0.80209845,115.45898,0.50739205,0.12982945,1.9369919e-11,210.62349,1504.722
1959.9167,105.08318,0.3191523,104.48652,0.66070163,0.031610332,281.40167,598.79108,296.1095,1.3257716,0.83147866,115.42778,0.50122213,0.13575989,2.0902837e-11,210.58118,1504.4685
1960,105.06199,0.3196905,104.46431,0.66080958,0.031610455,281.34186,598.66736,296.04907,1.3492253,0.85365373,115.39602,0.49981073,0.24562091,2.2695467e-11,210.53841,1504.1957
1960.0833,105.04194,0.32025787,104.44318,0.66091228,0.031610571,281.29013,598.56036,295.99692,1.3667057,0.87179559,115.36583,0.49865821,0.28293768,2.3587503e-11,210.49792,1503.9497
1960.1667,105.02201,0.32088685,104.42207,0.66101497,0.031610686,281.23874,598.45416,295.94516,1.3803865,0.88746357,115.33568,0.49775785,0.33071554,2.4416509e-11,210.45758,1503.6992
1960.25,105.00169,0.32168341,104.40025,0.66112113,0.031610809,281.18243,598.33801,295.88852,1.3955132,0.6766001,115.30408,0.4977704,0.1996444,2.5754912e-11,210.41637,1503.2015
1960.3333,104.98167,0.32262531,104.37843,0.66122729,0.031610928,281.1275,598.22479,295.83331,1.4245268,0.57086128,115.27161,0.5034011,0.12364057,2.6892516e-11,210.37555,1502.828
1960.4167,104.96169,0.32358611,104.35662,0.66133338,0.031611048,281.13239,598.23364,295.83865,1.4402295,0.56850839,115.23882,0.50467205,0.12076049,2.4843416e-11,210.33484,1502.7871
1960.5,104.94124,0.32429305,104.33482,0.66143948,0.031611167,281.41278,598.80371,296.12274,1.461947,0.54081857,115.20604,0.54490072,0.15226725,1.879966e-11,210.29341,1503.8415
1960.5833,104.91919,0.32433137,104.31268,0.66154724,0.03161129,281.65955,599.30377,296.37225,1.4943334,0.52183932,115.1726,0.57757306,0.1849709,1.6361124e-11,210.24936,1504.7737
1960.6667,104.8969,0.32406643,104.29089,0.66165328,0.031611409,281.83182,599.65179,296.54623,1.4432635,0.70411974,115.13974,0.57892483,0.17338054,1.5292696e-11,210.20512,1505.5221
1960.75,104.87381,0.32337725,104.26911,0.66175932,0.031611532,281.91119,599.81042,296.6261,1.4395936,0.79928797,115.10719,0.57862389,0.16851299,1.6924365e-11,210.15968,1505.8534
1960.8333,104.85007,0.32235202,104.24733,0.66186529,0.031611651,281.85123,599.68597,296.56537,1.4710678,0.83246702,115.07471,0.54810739,0.1661045,2.1910328e-11,210.11322,1505.5941
1960.9167,104.82635,0.32134172,104.22555,0.66197127,0.03161177,281.77365,599.52655,296.48715,1.5003632,0.86688799,115.04194,0.54214221,0.21006024,2.5680395e-11,210.06683,1505.2634
1961,104.80253,0.32045129,104.20341,0.66207898,0.03161189,281.7034,599.38226,296.41647,1.5253686,0.89669025,115.00857,0.53836238,0.20907031,2.7121373e-11,210.02008,1504.9528
1961.0833,104.78033,0.31986058,104.18234,0.66218144,0.031612005,281.63303,599.23779,296.34567,1.5432909,0.92073101,114.97668,0.52979219,0.27545956,2.9376758e-11,209.97633,1504.6336
1961.1667,104.75938,0.3199183,104.16128,0.6622839,0.031612121,281.55557,599.0791,296.26782,1.5430433,0.93230575,114.94357,0.52411228,0.29536793,3.4848999e-11,209.93446,1504.2558
1961.25,104.73775,0.31999391,104.1395,0.66238976,0.03161224,281.4816,598.92761,296.19354,1.549512,0.83052379,114.90938,0.52763748,0.27814355,3.9583944e-11,209.89124,1503.7834
1961.3333,104.71586,0.31993017,104.11774,0.66249561,0.031612359,281.41724,598.79584,296.129,1.5688632,0.62265623,114.87529,0.53192168,0.16443339,4.057266e-11,209.84764,1503.2565
1961.4167,104.69393,0.31984115,104.09597,0.66260147,0.031612478,281.50012,598.96423,296.21353,1.5807003,0.61487019,114.84128,0.53395528,0.11634773,3.0997271e-11,209.80396,1503.5187
1961.5,104.67131,0.31938505,104.07421,0.66270727,0.031612597,281.80142,599.5777,296.51913,1.6042211,0.59504151,114.80746,0.58631247,0.15887067,2.299807e-11,209.75923,1504.6643
1961.5833,104.64734,0.31839949,104.05209,0.6628148,0.031612717,282.07895,600.14185,296.80026,1.6320413,0.58760273,114.7734,0.60830492,0.18835516,1.959026e-11,209.71225,1505.7264
1961.6667,104.6237,0.31740457,104.03033,0.66292059,0.031612836,282.24335,600.47467,296.96658,1.6438314,0.62375867,114.74008,0.61085182,0.1897867,1.7672424e-11,209.66597,1506.3583
1961.75,104.59953,0.31613535,104.00858,0.66302633,0.031612955,282.319,600.62634,297.04294,1.5700878,0.88412237,114.70683,0.60109979,0.21442322,2.0538144e-11,209.61888,1506.7682
1961.8333,104.57469,0.31451592,103.98682,0.66313207,0.031613071,282.26456,600.51318,296.9877,1.5994283,0.9160744,114.67354,0.59192419,0.22194619,2.5629247e-11,209.57077,1506.5252
1961.9167,104.54947,0.31269723,103.96505,0.66323781,0.03161319,282.2019,600.38403,296.92453,1.6271994,0.94925243,114.64015,0.57135087,0.28304008,2.9170642e-11,209.52206,1506.2492
1962,104.52419,0.31103534,103.94292,0.66334522,0.031613309,282.13168,600.23975,296.85388,1.6456165,0.97432661,114.60596,0.56369931,0.22101997,3.4036954e-11,209.4731,1505.9244
1962.0833,104.50081,0.30981076,103.92187,0.66344738,0.031613424,282.06577,600.10449,296.7876,1.6685798,1.0033264,114.57324,0.55684078,0.28687677,3.6490162e-11,209.42755,1505.6306
1962.1667,104.47787,0.30881783,103.9008,0.6635496,0.03161354,282.00143,599.9726,296.72299,1.6834463,1.0250708,114.54036,0.55369127,0.33996102,3.7850716e-11,209.38264,1505.3286
1962.25,104.45461,0.30803761,103.87903,0.66365522,0.031613655,281.93262,599.8316,296.65387,1.6825436,0.89357263,114.50647,0.5453549,0.30915141,3.9524092e-11,209.33694,1504.8376
1962.3333,104.43148,0.3073225,103.85726,0.66376078,0.031613775,281.87125,599.70587,296.59238,1.6509163,0.67387527,114.47337,0.54338521,0.21386084,3.9983891e-11,209.29144,1504.2591
1962.4167,104.40814,0.30649236,103.83549,0.6638664,0.03161389,281.98407,599.93518,296.70715,1.6546993,0.66125214,114.4406,0.54831284,0.12606964,3.0438069e-11,209.24561,1504.6286
1962.5,104.38456,0.30552945,103.81372,0.66397196,0.031614009,282.27408,600.52509,297.0011,1.6556484,0.63926417,114.40775,0.60162532,0.17797165,2.2921328e-11,209.1994,1505.7024
1962.5833,104.36076,0.30464116,103.79159,0.66407919,0.031614129,282.55463,601.09491,297.2851,1.6663345,0.6312089,114.37449,0.60081154,0.19775939,1.9858877e-11,209.15268,1506.7593
1962.6667,104.33784,0.30403653,103.76982,0.66418469,0.031614244,282.74768,601.48615,297.48032,1.6193186,0.78095478,114.34209,0.59253365,0.19189189,1.8430032e-11,209.10751,1507.564
1962.75,104.31485,0.30339172,103.74805,0.66429019,0.031614359,282.83923,601.6698,297.5726,1.5804452,0.94733852,114.31018,0.58101881,0.21410598,2.0102035e-11,209.06221,1507.9819
1962.8333,104.29154,0.30258316,103.72629,0.66439569,0.031614479,282.77493,601.53656,297.50742,1.6074042,0.97488779,114.27822,0.5435974,0.18928204,2.8960596e-11,209.01642,1507.696
1962.9167,104.26979,0.30260006,103.70452,0.66450113,0.031614594,282.67679,601.33582,297.40863,1.6217835,0.99508393,114.24622,0.48403546,0.26784924,4.3516718e-11,208.97304,1507.2573
1963,104.24935,0.30348834,103.68241,0.66460824,0.031614713,282.58115,601.14044,297.31253,1.6126565,0.99587834,114.21396,0.4867509,0.22959831,3.5083117e-11,208.93149,1506.7881
1963.0833,104.22919,0.30394623,103.66138,0.66471022,0.031614825,282.50372,600.98224,297.23483,1.6024692,0.99672073,114.18337,0.48582119,0.32601354,3.2868205e-11,208.89084,1506.3943
1963.1667,104.2096,0.30470687,103.64034,0.66481215,0.031614937,282.42413,600.81976,297.15503,1.5852739,0.99272305,114.15279,0.48397633,0.36145619,3.1335653e-11,208.85109,1505.9808
1963.25,104.18929,0.3054564,103.61861,0.66491747,0.031615052,282.34726,600.6629,297.078,1.5629596,0.78201061,114.12125,0.48538238,0.28844568,3.1010847e-11,208.80989,1505.3643
1963.3333,104.16848,0.30594093,103.59689,0.66502279,0.031615172,282.27826,600.52209,297.00897,1.5473884,0.62915915,114.09095,0.48621348,0.18219341,3.1057035e-11,208.76796,1504.8448
1963.4167,104.14667,0.30588883,103.57517,0.66512811,0.031615287,282.28403,600.53369,297.01566,1.5445879,0.63088942,114.06189,0.49862573,0.13678536,2.681136e-11,208.72447,1504.7952
1963.5,104.12421,0.30549255,103.55346,0.66523343,0.031615403,282.54752,601.07031,297.28308,1.5619076,0.6112957,114.03295,0.51980472,0.1182331,1.7541652e-11,208.68002,1505.7871
1963.5833,104.10044,0.30458599,103.53139,0.66534042,0.031615518,282.69766,601.37524,297.43561,1.5952506,0.60931736,114.00365,0.58498508,0.18597916,1.466163e-11,208.63339,1506.3502
1963.6667,104.07671,0.3035188,103.50968,0.66544569,0.031615634,282.96658,601.9223,297.70831,1.5641805,0.760194,113.97469,0.59510821,0.20712289,1.2919447e-11,208.58699,1507.4833
1963.75,104.05342,0.30268356,103.48797,0.66555089,0.031615749,283.06003,602.1109,297.80307,1.5328923,0.92973983,113.94585,0.56831199,0.21419409,1.5939547e-11,208.54124,1507.9237
1963.8333,104.03152,0.30259579,103.46626,0.66565609,0.031615864,282.98898,601.96509,297.73157,1.5541608,0.95235324,113.91696,0.47096735,0.17610686,2.8302829e-11,208.49765,1507.6068
1963.9167,104.01223,0.3038744,103.44456,0.66576123,0.03161598,282.8927,601.76868,297.63492,1.5556226,0.95937765,113.88801,0.456047,0.26004919,3.0487866e-11,208.45802,1507.1573
1964,103.99067,0.30412883,103.42251,0.66586816,0.031616099,282.81039,601.60083,297.55246,1.5471044,0.95732391,113.87067,0.33661169,0.12918341,2.95181e-11,208.41479,1506.7536
1964.0833,103.96914,0.30383971,103.40153,0.66596985,0.031616211,282.73413,601.44537,297.47607,1.5371674,0.95758635,113.86563,0.33113223,0.15925705,2.9164095e-11,208.37209,1506.388
1964.1667,103.94771,0.30359656,103.38055,0.66607147,0.031616319,282.65887,601.29199,297.40079,1.5208898,0.9520058,113.8606,0.3311989,0.24777856,2.8790834e-11,208.32956,1506.0148
1964.25,103.92554,0.3033421,103.35887,0.66617662,0.031616434,282.58304,601.13751,297.32492,1.5078347,0.7026177,113.8554,0.33242908,0.15125214,2.8567447e-11,208.28557,1505.3969
1964.3333,103.90333,0.30305654,103.3372,0.66628164,0.03161655,282.51321,600.99548,297.25525,1.4994061,0.58048099,113.85022,0.33631411,0.10187934,2.8532206e-11,208.24147,1504.9355
1964.4167,103.88094,0.30267462,103.31552,0.66638672,0.031616665,282.47409,600.91602,297.21664,1.5008919,0.58982426,113.84503,0.34423375,0.090696223,2.7269775e-11,208.19713,1504.7397
1964.5,103.85856,0.30229998,103.29385,0.66649175,0.031616777,282.72867,601.4353,297.47537,1.5105896,0.56451243,113.83986,0.3546679,0.05849709,1.6804884e-11,208.15282,1505.7071
1964.5833,103.8357,0.30185437,103.27183,0.66659844,0.031616896,283.02197,602.03351,297.77338,1.5334541,0.55627549,113.83462,0.42392489,0.12795001,1.3588736e-11,208.1076,1506.8609
1964.6667,103.81323,0.30142558,103.25016,0.66670346,0.031617008,283.32877,602.65924,298.08496,1.5276831,0.62923712,113.82951,0.4329038,0.14940779,1.1519539e-11,208.06313,1508.1225
1964.75,103.79099,0.30112267,103.22849,0.66680843,0.031617124,283.55887,603.1275,298.31845,1.4655665,0.83982295,113.82448,0.42088711,0.15016149,1.2342397e-11,208.01904,1509.1538
1964.8333,103.76903,0.3009643,103.20683,0.66691333,0.031617239,283.54166,603.09143,298.30145,1.4812835,0.85438722,113.8194,0.35180339,0.095406197,2.3106772e-11,207.97536,1509.065
1964.9167,103.74769,0.30113924,103.18518,0.66701823,0.031617351,283.4465,602.89734,298.20593,1.483405,0.8648026,113.81422,0.31675336,0.088989921,2.8552664e-11,207.93265,1508.6449
1965,103.72551,0.30105475,103.16318,0.66712487,0.031617466,283.34698,602.69452,298.10608,1.4831052,0.87364918,113.80895,0.32763997,0.063192427,2.6796529e-11,207.88849,1508.2018
1965.0833,103.70405,0.30077636,103.14224,0.66722631,0.031617578,283.26166,602.52075,298.0206,1.4718165,0.87651074,113.80394,0.32876176,0.080854774,2.6142335e-11,207.8459,1507.8012
1965.1667,103.68263,0.30051923,103.12131,0.6673277,0.031617686,283.1792,602.35291,297.93802,1.4615469,0.87848568,113.79893,0.33151397,0.11581266,2.5725351e-11,207.80341,1507.4124
1965.25,103.66036,0.3001833,103.09967,0.66743255,0.031617802,283.10291,602.19769,297.86179,1.456884,0.88286406,113.79375,0.33521596,0.16609804,2.5669118e-11,207.75926,1507.0551
1965.3333,103.63812,0.29986337,103.07803,0.66753733,0.031617913,283.03302,602.0556,297.79205,1.4481258,0.54370904,113.78859,0.33671439,0.11217123,2.5639962e-11,207.71518,1506.3762
1965.4167,103.61581,0.29950467,103.0564,0.66764212,0.031618025,282.98257,601.95325,297.7421,1.4391322,0.54826695,113.78342,0.34540141,0.10435871,2.5306162e-11,207.67097,1506.1197
1965.5,103.59353,0.29915503,103.03477,0.6677469,0.031618141,283.18866,602.37433,297.9519,1.4429072,0.53427494,113.77825,0.34941202,0.06016526,1.5816081e-11,207.62682,1506.8972
1965.5833,103.57095,0.298839,103.01279,0.66785336,0.031618256,283.58206,603.17786,298.35162,1.459166,0.53047502,113.77303,0.40709829,0.116365,1.1768884e-11,207.58203,1508.4563
1965.6667,103.54863,0.29846537,102.99117,0.66795808,0.031618368,283.91809,603.86444,298.69327,1.46978,0.57200718,113.7679,0.44476858,0.17367153,1.0519123e-11,207.53783,1509.8234
1965.75,103.52641,0.29814878,102.96954,0.66806281,0.03161848,284.04205,604.11749,298.81973,1.3972304,0.81794357,113.76279,0.41140035,0.13851273,1.5744343e-11,207.49377,1510.451
1965.8333,103.50463,0.29806536,102.94793,0.66816747,0.031618591,283.97598,603.98267,298.75363,1.4087255,0.83361018,113.75766,0.3445484,0.093861446,2.2710332e-11,207.45041,1510.1627
1965.9167,103.48269,0.29789463,102.92632,0.66827208,0.031618703,283.91379,603.85596,298.69156,1.3904828,0.82810521,113.75253,0.34437841,0.19444337,2.2833855e-11,207.4068,1509.8393
1966,103.46044,0.29774702,102.90435,0.66837847,0.031618819,283.84253,603.71082,298.6203,1.3341554,0.79162997,113.7473,0.33897156,0.083037652,2.323996e-11,207.36253,1509.4092
1966.0833,103.43923,0.29758227,102.88345,0.66847962,0.031618927,283.7731,603.56958,298.55093,1.3189985,0.78987318,113.74232,0.33985704,0.084274143,2.3421778e-11,207.32036,1509.0651
1966.1667,103.41793,0.29736769,102.86256,0.66858077,0.031619035,283.70724,603.43567,298.48523,1.3136091,0.79733551,113.73733,0.33984837,0.12146473,2.3416012e-11,207.27806,1508.7545
1966.25,103.39594,0.29716057,102.84097,0.66868538,0.031619146,283.63873,603.29651,298.4169,1.3045379,0.64847499,113.73219,0.34049445,0.15260513,2.3433391e-11,207.23436,1508.2717
1966.3333,103.37389,0.29691893,102.81937,0.66878992,0.031619258,283.57532,603.16772,298.35376,1.3023411,0.48432574,113.72703,0.34337646,0.065344043,2.341401e-11,207.1906,1507.801
1966.4167,103.35172,0.29661071,102.79778,0.66889441,0.03161937,283.52643,603.06866,298.30539,1.3079654,0.50827694,113.72189,0.3516914,0.068686798,2.3295973e-11,207.14662,1507.5852
1966.5,103.3295,0.29627118,102.7762,0.6689989,0.031619482,283.73062,603.48633,298.51343,1.2972702,0.48165876,113.71677,0.36006233,0.062804058,1.5193222e-11,207.1026,1508.3287
1966.5833,103.30692,0.29592752,102.75426,0.66910511,0.031619597,284.19104,604.42694,298.98108,1.3003199,0.46926385,113.71159,0.43722829,0.14035329,1.0939227e-11,207.05783,1510.1382
1966.6667,103.2846,0.29553747,102.73268,0.66920954,0.031619709,284.6055,605.27319,299.40189,1.2361084,0.65679628,113.70652,0.45451301,0.16183358,9.7543891e-12,207.01364,1511.8936
1966.75,103.26243,0.29521838,102.71111,0.66931403,0.031619821,284.8923,605.85736,299.69281,1.229224,0.74046069,113.70156,0.43894979,0.15749092,1.0873225e-11,206.96968,1513.0834
1966.8333,103.24041,0.29498518,102.68953,0.66941839,0.031619933,284.87259,605.81598,299.67316,1.2499942,0.76273745,113.69657,0.37859425,0.10618925,1.7394476e-11,206.92595,1512.997
1966.9167,103.2185,0.29480845,102.66796,0.66952282,0.031620041,284.8226,605.71332,299.62302,1.2692329,0.78459573,113.69154,0.36540547,0.15607004,1.9639696e-11,206.88242,1512.7868
1967,103.1963,0.2946606,102.64604,0.66962886,0.031620156,284.76642,605.59821,299.56674,1.2709788,0.79222929,113.68637,0.35512885,0.16891518,2.1238887e-11,206.83824,1512.5192
1967.0833,103.17512,0.2944895,102.62519,0.66972983,0.03162026,284.71262,605.48816,299.51288,1.2683805,0.79677439,113.68143,0.35113695,0.23645966,2.1663345e-11,206.79613,1512.2564
1967.1667,103.15392,0.29430807,102.60433,0.66983074,0.031620368,284.65723,605.37512,299.45752,1.2590433,0.79452467,113.67647,0.35021976,0.29753736,2.1881321e-11,206.754,1511.9739
1967.25,103.13194,0.29408741,102.58278,0.66993499,0.03162048,284.60217,605.26276,299.40256,1.2406881,0.73740506,113.67135,0.35164204,0.28221551,2.1899952e-11,206.71037,1511.6272
1967.3333,103.10992,0.29383394,102.56123,0.6700393,0.031620592,284.5538,605.16425,299.3544,1.2338899,0.50915867,113.66624,0.35593563,0.11116318,2.1892273e-11,206.66664,1511.1483
1967.4167,103.08792,0.29359952,102.53968,0.67014354,0.0316207,284.57104,605.19971,299.37274,1.2191745,0.5090279,113.66113,0.35958433,0.090856969,1.912776e-11,206.62297,1511.1558
1967.5,103.06599,0.29339769,102.51814,0.67024779,0.031620812,284.94733,605.96832,299.75494,1.2026302,0.48572233,113.65604,0.39794853,0.11446882,1.1859206e-11,206.57939,1512.5944
1967.5833,103.04335,0.29299587,102.49625,0.67035371,0.031620923,285.4151,606.92303,300.22955,1.213806,0.47007155,113.65092,0.46309823,0.17896408,9.5893076e-12,206.53456,1514.437
1967.6667,103.0211,0.29261556,102.47471,0.6704579,0.031621035,285.8093,607.72668,300.62912,1.1577805,0.65123183,113.64599,0.45203394,0.16284692,8.5833545e-12,206.49049,1516.1106
1967.75,102.999,0.29231685,102.45318,0.67056209,0.031621143,286.02542,608.16528,300.84772,1.1465073,0.73580229,113.64111,0.42566246,0.14763655,1.0287466e-11,206.44669,1517.0084
1967.8333,102.97737,0.29226902,102.43165,0.67066622,0.031621255,285.97876,608.06854,300.80054,1.1583775,0.75364751,113.63618,0.34678188,0.10633147,1.7376461e-11,206.40358,1516.7997
1967.9167,102.9561,0.29241362,102.41012,0.67077035,0.031621363,285.89401,607.8952,300.71527,1.1628472,0.76367867,113.63109,0.32871756,0.13606578,2.3772427e-11,206.36102,1516.4231
1968,102.93399,0.29228911,102.38824,0.67087615,0.031621475,285.82196,607.74805,300.64297,1.1599867,0.76452678,113.62586,0.33886516,0.23849435,2.3925863e-11,206.31703,1516.0804
1968.0833,102.91285,0.29211518,102.36744,0.67097682,0.031621579,285.75491,607.61115,300.57581,1.1501219,0.75907671,113.62089,0.33744225,0.29377198,2.3915236e-11,206.27499,1515.747
1968.1667,102.89172,0.29194346,102.34663,0.67107749,0.031621687,285.68692,607.4726,300.50772,1.1392461,0.75217175,113.61591,0.33737311,0.30243376,2.3900604e-11,206.233,1515.4076
1968.25,102.86983,0.29174247,102.32512,0.67118156,0.031621795,285.61789,607.33191,300.43866,1.1294459,0.62501556,113.61077,0.33909124,0.21113133,2.3883576e-11,206.1895,1514.9431
1968.3333,102.84782,0.2914747,102.30362,0.67128557,0.031621903,285.55756,607.20911,300.37845,1.1344889,0.47629228,113.60564,0.34599915,0.090743229,2.3855808e-11,206.1458,1514.5073
1968.4167,102.82567,0.29113078,102.28211,0.67138958,0.031622015,285.543,607.17987,300.36465,1.1438352,0.48849976,113.6005,0.35270616,0.080337487,2.1815152e-11,206.10191,1514.4223
1968.5,102.80358,0.29081902,102.26062,0.67149353,0.031622123,285.87967,607.86884,300.70706,1.1374546,0.45233157,113.59539,0.38385996,0.088885367,1.2879703e-11,206.05812,1515.6988
1968.5833,102.78086,0.29034883,102.23877,0.67159921,0.031622235,286.28412,608.69531,301.11792,1.1544875,0.44234106,113.59026,0.47297445,0.16568932,9.8859159e-12,206.0132,1517.2977
1968.6667,102.75859,0.28993347,102.21728,0.6717031,0.031622343,286.53818,609.2132,301.37567,1.1182382,0.57625449,113.5853,0.45657852,0.16394076,9.1453078e-12,205.96913,1518.3759
1968.75,102.73646,0.28959465,102.19579,0.67180705,0.031622451,286.59256,609.32233,301.43069,1.0969986,0.69907105,113.58039,0.43571505,0.15643726,1.1670435e-11,205.92526,1518.6473
1968.8333,102.71437,0.2892732,102.1743,0.67191094,0.031622559,286.57416,609.28284,301.41193,1.1185645,0.72086859,113.57546,0.39743811,0.12612835,1.4675714e-11,205.88147,1518.5653
1968.9167,102.69274,0.28919896,102.15282,0.67201477,0.031622667,286.52994,609.19141,301.36734,1.1320254,0.73887092,113.57047,0.35536957,0.11145908,1.9332622e-11,205.83839,1518.3684
1969,102.67078,0.28913632,102.13099,0.67212033,0.031622779,286.47263,609.07373,301.30972,1.1313298,0.74386871,113.5653,0.34977511,0.23050874,2.1274238e-11,205.79465,1518.0913
1969.0833,102.64976,0.28900209,102.11021,0.67222077,0.031622883,286.41907,608.96405,301.25601,1.1254429,0.74204981,113.56036,0.34856069,0.27805504,2.154189e-11,205.75282,1517.8198
1969.1667,102.6287,0.28885174,102.08945,0.67232114,0.031622987,286.36334,608.85004,301.20016,1.1182288,0.73864365,113.55541,0.3468098,0.28504252,2.1751361e-11,205.71092,1517.5368
1969.25,102.60691,0.2886813,102.06799,0.67242491,0.031623095,286.30453,608.73004,301.14133,1.1152352,0.53106028,113.55029,0.34672353,0.12133653,2.195223e-11,205.66762,1517.0401
1969.3333,102.58492,0.28839722,102.04652,0.67252868,0.031623203,286.27029,608.66028,301.10742,1.1280885,0.46721575,113.54517,0.35715184,0.064811289,2.1103591e-11,205.62398,1516.8025
1969.4167,102.56282,0.28806144,102.02506,0.6726324,0.031623311,286.52188,609.17535,301.36353,1.1343399,0.44146493,113.54007,0.37388879,0.070813783,1.3517376e-11,205.5802,1517.7569
1969.5,102.54073,0.28772438,102.00361,0.67273617,0.031623419,286.85907,609.86487,301.70618,1.1445503,0.4191196,113.53501,0.45890799,0.15167269,1.1102098e-11,205.53641,1519.0652
1969.5833,102.51816,0.2873106,101.9818,0.67284155,0.031623527,287.17236,610.50458,302.02411,1.1349436,0.47088891,113.52995,0.46245599,0.16378368,9.8833875e-12,205.49171,1520.3285
1969.6667,102.49604,0.28695565,101.96035,0.6729452,0.031623635,287.4631,611.09698,302.3186,1.0823514,0.66037643,113.52505,0.45684391,0.15581429,9.0978778e-12,205.44791,1521.5943
1969.75,102.47406,0.28667158,101.9389,0.67304885,0.031623743,287.65027,611.47681,302.50778,1.1057497,0.67778212,113.5202,0.44121128,0.15461178,8.8993153e-12,205.40431,1522.3429
1969.8333,102.45227,0.28649309,101.91746,0.67315251,0.031623852,287.66733,611.50891,302.52448,1.1261156,0.69324368,113.51529,0.37774983,0.10877614,1.455447e-11,205.36101,1522.3963
1969.9167,102.43099,0.28658366,101.89602,0.6732561,0.031623956,287.58194,611.33362,302.4382,1.1353272,0.70411187,113.51025,0.33780271,0.11602295,2.2205997e-11,205.31848,1522.0219
1970,102.40964,0.28682327,101.87424,0.67336136,0.031624068,287.48318,611.13544,302.34055,1.1332361,0.70566404,113.50506,0.36756727,0.24789138,2.3989232e-11,205.27568,1521.5788
1970.0833,102.38928,0.2870284,101.85351,0.67346156,0.031624168,287.36169,610.91974,302.23416,1.1293169,0.70478493,113.50014,0.48776609,0.38813713,2.3950092e-11,205.23491,1521.0847
1970.1667,102.36802,0.28674048,101.83279,0.67356169,0.031624272,287.24954,610.73749,302.14447,1.1233984,0.7020337,113.49519,0.50871414,0.42026487,2.3725022e-11,205.19275,1520.645
1970.25,102.34605,0.28644419,101.81137,0.67366523,0.03162438,287.13351,610.55109,302.05273,1.1168247,0.66241378,113.49006,0.5250237,0.40509447,2.3771927e-11,205.14915,1520.1558
1970.3333,102.32381,0.28600681,101.78996,0.6737687,0.031624485,287.04385,610.41473,301.98471,1.1247582,0.4396044,113.48487,0.45210373,0.14937833,2.3587927e-11,205.10518,1519.5978
1970.4167,102.30141,0.28547782,101.76854,0.67387217,0.031624593,287.14435,610.62695,302.0899,1.1318979,0.41907763,113.47969,0.35560444,0.058700193,1.8184773e-11,205.06094,1519.9528
1970.5,102.27936,0.28513378,101.74712,0.67397565,0.031624697,287.43851,611.23022,302.38956,1.1457647,0.39437559,113.47459,0.36942598,0.068157233,1.4161364e-11,205.01723,1521.0902
1970.5833,102.25692,0.284771,101.72536,0.67408073,0.031624805,287.74222,611.85309,302.69894,1.1649665,0.38102111,113.46941,0.4519144,0.14763919,1.1704874e-11,204.97278,1522.2825
1970.6667,102.2348,0.28439128,101.70396,0.67418414,0.031624913,287.97806,612.33594,302.939,1.1007462,0.59122205,113.46432,0.4608196,0.16134749,1.1174986e-11,204.92897,1523.3382
1970.75,102.21285,0.28409973,101.68256,0.67428756,0.031625018,288.03836,612.4585,303.00046,1.1103685,0.63961494,113.45924,0.41253525,0.13285676,1.5976331e-11,204.88542,1523.5919
1970.8333,102.19131,0.28402644,101.66116,0.67439091,0.031625126,287.9769,612.33258,302.93866,1.1245346,0.65796369,113.45414,0.35268292,0.08362662,2.0371543e-11,204.84251,1523.3272
1970.9167,102.16965,0.28388631,101.63976,0.67449427,0.03162523,287.91318,612.20233,302.87473,1.1328093,0.6728847,113.44906,0.35296616,0.12123613,2.0490623e-11,204.79942,1523.0444
1971,102.14766,0.28375787,101.61803,0.67459929,0.031625338,287.84222,612.05768,302.80362,1.1342909,0.68143368,113.44388,0.34596696,0.17928615,2.0920089e-11,204.75568,1522.7188
1971.0833,102.12681,0.28367373,101.59734,0.67469919,0.031625442,287.7681,611.90656,302.72928,1.1244153,0.68057704,113.43894,0.33884585,0.27608833,2.1413102e-11,204.71414,1522.362
1971.1667,102.10596,0.28358567,101.57666,0.67479908,0.031625543,287.69009,611.74768,302.65109,1.1137401,0.67724878,113.43399,0.33574715,0.2845262,2.1741548e-11,204.67264,1521.9865
1971.25,102.08427,0.28342143,101.55528,0.67490232,0.031625647,287.61053,611.58588,302.57147,1.1082915,0.46704012,113.42887,0.33826903,0.13787122,2.1792188e-11,204.6295,1521.4015
1971.3333,102.06242,0.28316996,101.53391,0.67500556,0.031625751,287.53958,611.44171,302.50058,1.115651,0.42273951,113.42377,0.34553283,0.099828862,2.1773333e-11,204.58612,1521.0303
1971.4167,102.04042,0.2828337,101.51254,0.67510879,0.031625859,287.55664,611.47809,302.51917,1.1126051,0.4183259,113.41866,0.35657191,0.080593057,1.847187e-11,204.54253,1521.046
1971.5,102.01855,0.28257066,101.49117,0.67521197,0.031625964,287.85641,612.09338,302.8248,1.1105438,0.38687018,113.4136,0.41641566,0.12423116,1.2021705e-11,204.49915,1522.1848
1971.5833,101.99627,0.28226402,101.46945,0.67531687,0.031626072,288.1683,612.73334,303.14258,1.1259787,0.38093552,113.40848,0.4805842,0.18556488,1.0714538e-11,204.45494,1523.4145
1971.6667,101.97426,0.28191867,101.44809,0.67541999,0.031626176,288.41254,613.23364,303.39117,1.0914032,0.51079077,113.40351,0.4666293,0.17500015,1.0077167e-11,204.41132,1524.4544
1971.75,101.95236,0.28163084,101.42673,0.6755231,0.03162628,288.52402,613.46075,303.50446,1.0709612,0.62485605,113.39861,0.44518074,0.17076947,1.1037385e-11,204.36789,1524.9516
1971.8333,101.93045,0.28133485,101.40538,0.67562622,0.031626385,288.50644,613.42316,303.48648,1.089783,0.64474428,113.39369,0.42885634,0.18193904,1.265829e-11,204.32442,1524.8687
1971.9167,101.90867,0.28110567,101.38403,0.67572933,0.031626489,288.46808,613.34308,303.44745,1.1056231,0.66174227,113.38875,0.39458892,0.26490104,1.54516e-11,204.28116,1524.6958
1972,101.8867,0.2809675,101.36233,0.67583406,0.031626593,288.41953,613.24274,303.39841,1.1115444,0.66828543,113.38369,0.3709788,0.21669039,1.7672879e-11,204.23746,1524.4616
1972.0833,101.86585,0.28085661,101.34169,0.67593372,0.031626698,288.36908,613.13904,303.3476,1.1056014,0.66786736,113.37881,0.35954031,0.30539849,1.9104641e-11,204.19597,1524.2039
1972.1667,101.84502,0.28075603,101.32104,0.67603338,0.031626798,288.31247,613.02313,303.29074,1.0925481,0.66201526,113.37392,0.34999391,0.31142396,2.0030711e-11,204.15448,1523.9092
1972.25,101.82345,0.28063431,101.29971,0.67613637,0.031626903,288.2489,612.89325,303.22696,1.077739,0.55936915,113.36884,0.34856513,0.23738502,2.0416934e-11,204.11156,1523.4867
1972.3333,101.80168,0.28040364,101.27838,0.67623937,0.031627007,288.1951,612.78357,303.17313,1.0755718,0.40314037,113.36375,0.35652217,0.10947113,2.0417742e-11,204.06834,1523.0626
1972.4167,101.77985,0.2801356,101.25706,0.67634231,0.031627107,288.29724,612.99396,303.27789,1.081394,0.38446176,113.35868,0.3636812,0.075065143,1.5385887e-11,204.02502,1523.4187
1972.5,101.75813,0.27992815,101.23573,0.67644525,0.031627212,288.66541,613.74945,303.65271,1.0945812,0.36874908,113.35368,0.45928428,0.1629588,1.0704356e-11,203.98189,1524.8666
1972.5833,101.73582,0.27958435,101.21407,0.67654985,0.03162732,289.0015,614.43781,303.99429,1.112389,0.36474818,113.34866,0.47758499,0.18272361,9.1103809e-12,203.93765,1526.197
1972.6667,101.71397,0.2792964,101.19274,0.67665273,0.03162742,289.24869,614.94336,304.24521,1.0935078,0.44029489,113.34386,0.46104297,0.17780279,8.1063966e-12,203.89429,1527.2092
1972.75,101.69219,0.27905387,101.17143,0.67675561,0.031627525,289.36511,615.17993,304.36295,1.0503306,0.60113961,113.33907,0.44096979,0.16481623,8.5284575e-12,203.85106,1527.7496
1972.8333,101.67039,0.27879485,101.15012,0.67685843,0.031627629,289.40143,615.25165,304.39911,1.0696555,0.62087142,113.33427,0.4327476,0.16365775,1.0274803e-11,203.8078,1527.8849
1972.9167,101.6487,0.27859324,101.12881,0.6769613,0.031627733,289.36115,615.1665,304.35748,1.0832965,0.64115602,113.32944,0.41854218,0.16293268,1.1575092e-11,203.76471,1527.7038
1973,101.6268,0.27846268,101.10716,0.67706579,0.031627838,289.32202,615.08429,304.31732,1.0963638,0.65864658,113.32449,0.39146686,0.17854102,1.2689707e-11,203.72112,1527.5242
1973.0833,101.60594,0.27832717,101.08656,0.67716515,0.031627938,289.28571,615.00848,304.2803,1.1024872,0.66771382,113.31977,0.38090855,0.29581261,1.3677785e-11,203.67963,1527.3441
1973.1667,101.58505,0.27817079,101.06596,0.67726457,0.031628035,289.2478,614.92987,304.24185,1.1023823,0.67196983,113.31503,0.37692398,0.31315744,1.5108572e-11,203.63808,1527.147
1973.25,101.56345,0.27800417,101.04468,0.67736733,0.031628139,289.2088,614.84918,304.20239,1.0998278,0.65887696,113.31007,0.37629828,0.30492708,1.6537905e-11,203.59514,1526.9242
1973.3333,101.54179,0.27780741,101.02338,0.67747003,0.03162824,289.17255,614.77435,304.1658,1.1054356,0.43603152,113.30505,0.37717843,0.10189462,1.7078405e-11,203.55209,1526.5113
1973.4167,101.52015,0.27762234,101.00211,0.67757273,0.031628344,289.20969,614.85065,304.20407,1.1078589,0.42813265,113.30004,0.37919942,0.08836209,1.4464009e-11,203.50908,1526.6095
1973.5,101.49844,0.27739489,100.98083,0.67767543,0.031628449,289.50015,615.44629,304.49948,1.1158825,0.41048869,113.29507,0.43622938,0.13388081,9.5411925e-12,203.46597,1527.7333
1973.5833,101.47614,0.2770308,100.9592,0.67777973,0.031628553,289.75009,615.95679,304.75281,1.1255367,0.4078072,113.29005,0.46713725,0.17113228,7.981108e-12,203.42178,1528.7049
1973.6667,101.45437,0.27676779,100.93793,0.67788237,0.031628653,289.96426,616.39313,304.96948,1.0638646,0.59669,113.28516,0.46110705,0.16361299,7.0098081e-12,203.37859,1529.6512
1973.75,101.43274,0.27657795,100.91666,0.67798495,0.031628754,290.13504,616.74005,305.14188,1.0746998,0.633385,113.28005,0.44625065,0.15880454,7.553372e-12,203.33559,1530.3407
1973.8333,101.41111,0.2763828,100.89539,0.67808753,0.031628858,290.13733,616.74146,305.1431,1.094993,0.65406233,113.2749,0.43460718,0.15796788,8.3827771e-12,203.2926,1530.3384
1973.9167,101.38946,0.27617529,100.87413,0.67819011,0.031628959,290.13098,616.72546,305.13565,1.1132123,0.67286396,113.26971,0.42880931,0.19789118,9.2026031e-12,203.24959,1530.2975
1974,101.36687,0.27565712,100.85252,0.67829436,0.031629063,290.1232,616.70654,305.12674,1.1225059,0.68093055,113.25599,0.54403299,0.41877428,9.9283203e-12,203.20499,1530.2208
1974.0833,101.34478,0.27484554,100.83196,0.67839354,0.031629164,290.11017,616.67737,305.11273,1.1261092,0.68490046,113.23442,0.54221094,0.45108166,1.100037e-11,203.16162,1530.1073
1974.1667,101.32294,0.27417308,100.8114,0.67849267,0.031629261,290.07928,616.61249,305.08102,1.1278634,0.68939579,113.21223,0.50690532,0.42298135,1.2527783e-11,203.11864,1529.921
1974.25,101.30058,0.2735838,100.79015,0.67859513,0.031629361,290.04721,616.54584,305.04846,1.1300292,0.62450629,113.1888,0.50490892,0.33797193,1.3637049e-11,203.07452,1529.6594
1974.3333,101.27834,0.27306172,100.7689,0.67869759,0.031629462,290.01788,616.48529,305.01889,1.149827,0.49774197,113.16521,0.5040068,0.15180039,1.4233016e-11,203.03062,1529.3655
1974.4167,101.25652,0.27276585,100.74764,0.67880005,0.031629566,290.03656,616.52399,305.03836,1.1408635,0.48018628,113.14172,0.49910364,0.13415979,1.2703435e-11,202.98737,1529.349
1974.5,101.23473,0.27247745,100.7264,0.67890245,0.031629667,290.31403,617.09393,305.32089,1.1382126,0.43948865,113.11835,0.56513387,0.18487789,8.4491979e-12,202.94415,1530.3692
1974.5833,101.21274,0.27226132,100.7048,0.67900652,0.031629767,290.61136,617.70306,305.62277,1.1531093,0.43059844,113.0947,0.58606148,0.21947302,7.1759612e-12,202.90044,1531.5161
1974.6667,101.19114,0.27206573,100.68356,0.67910892,0.031629872,290.86969,618.23126,305.88461,1.1704664,0.42848653,113.07124,0.58594453,0.21550064,6.5162411e-12,202.8575,1532.5133
1974.75,101.16998,0.27210802,100.66233,0.67921126,0.031629972,290.98007,618.45502,305.99579,1.110502,0.64853644,113.04726,0.55204582,0.18585639,7.3392299e-12,202.81528,1533.0525
1974.8333,101.14912,0.27230975,100.6411,0.6793136,0.031630073,290.92337,618.33643,305.93759,1.1360214,0.68483371,113.02284,0.47366661,0.11133815,1.0783189e-11,202.77347,1532.8145
1974.9167,101.12914,0.27297902,100.61988,0.67941588,0.031630173,290.84134,618.16779,305.85464,1.1560301,0.70911777,112.99834,0.4364076,0.10352494,1.7016036e-11,202.73305,1532.4603
1975,101.11027,0.27441236,100.59832,0.67951983,0.031630274,290.74936,617.97937,305.76184,1.1587764,0.71726131,112.9734,0.41735756,0.27866507,2.1319127e-11,202.69415,1532.0343
1975.0833,101.09228,0.2757459,100.57781,0.67961878,0.031630371,290.67065,617.81842,305.68262,1.1516023,0.71592045,112.94945,0.43356138,0.33112925,2.1734928e-11,202.65707,1531.6457
1975.1667,101.07413,0.27698737,100.55732,0.67971766,0.031630471,290.59927,617.67255,305.61087,1.143296,0.71323717,112.92462,0.43866059,0.34943062,2.1835615e-11,202.6198,1531.2836
1975.25,101.05531,0.27823707,100.53614,0.67981988,0.031630572,290.52844,617.52802,305.53976,1.1390373,0.52184141,112.89887,0.441502,0.1736037,2.1936952e-11,202.58115,1530.7371
1975.3333,101.03622,0.27932903,100.51497,0.67992204,0.031630669,290.46527,617.39929,305.47653,1.1497772,0.46915072,112.87321,0.45187119,0.12699036,2.2020771e-11,202.54205,1530.3752
1975.4167,101.01638,0.28002471,100.49381,0.68002427,0.031630769,290.483,617.43732,305.49576,1.1590376,0.47272205,112.8477,0.46939179,0.11204933,1.8216057e-11,202.50188,1530.3973
1975.5,100.99558,0.28020942,100.47266,0.68012643,0.03163087,290.80865,618.10931,305.8287,1.1701368,0.44396648,112.82261,0.51215506,0.12346467,1.1356436e-11,202.46021,1531.6436
1975.5833,100.97331,0.27979225,100.45116,0.6802302,0.031630974,291.11035,618.73132,306.13702,1.1949234,0.43310648,112.7977,0.61134577,0.21051346,9.2865585e-12,202.41614,1532.8206
1975.6667,100.95087,0.27910271,100.43002,0.68033236,0.031631071,291.24948,619.01697,306.27908,1.1698831,0.5639596,112.77373,0.59977251,0.20374787,8.3359292e-12,202.37195,1533.4251
1975.75,100.92844,0.27841869,100.40887,0.68043441,0.031631172,291.30035,619.12036,306.33093,1.1654093,0.67385864,112.74991,0.58000779,0.20552613,1.0517943e-11,202.32779,1533.6686
1975.8333,100.90675,0.27813351,100.38773,0.68053651,0.031631272,291.24466,619.00543,306.2746,1.1888142,0.70010102,112.72604,0.4597182,0.15501851,1.9250187e-11,202.28479,1533.4244
1975.9167,100.88722,0.27899274,100.36659,0.68063855,0.031631373,291.16525,618.84296,306.19467,1.1959025,0.71492255,112.7019,0.43054244,0.21966074,2.1413017e-11,202.24507,1533.0607
1976,100.8665,0.27939266,100.34512,0.68074226,0.031631473,291.0885,618.68604,306.11749,1.1870053,0.71382493,112.68709,0.33460823,0.25153801,2.1565329e-11,202.2034,1532.6834
1976.0833,100.84573,0.2792142,100.32469,0.68084091,0.03163157,291.01733,618.54065,306.04602,1.1690713,0.706725,112.68224,0.33050409,0.28225577,2.155825e-11,202.16212,1532.3242
1976.1667,100.82503,0.27906734,100.30427,0.68093956,0.031631663,290.94647,618.3963,305.97501,1.146065,0.69533432,112.67741,0.33168983,0.30812258,2.1594747e-11,202.12093,1531.9575
1976.25,100.80354,0.27887413,100.28315,0.68104154,0.031631764,290.87637,618.25348,305.90482,1.1334929,0.54333937,112.67242,0.33406183,0.20542203,2.1580579e-11,202.07825,1531.4622
1976.3333,100.7819,0.27859026,100.26204,0.68114346,0.031631865,290.81677,618.13251,305.84543,1.1377617,0.44303671,112.66743,0.34597126,0.13145944,2.1514639e-11,202.03529,1531.0782
1976.4167,100.76007,0.27820545,100.24093,0.68124539,0.031631961,290.93457,618.37689,305.96677,1.1443201,0.4324545,112.66245,0.35598555,0.063904285,1.5706244e-11,201.99208,1531.5095
1976.5,100.73846,0.27793023,100.21983,0.68134731,0.031632062,291.25659,619.04187,306.29626,1.1640313,0.41565469,112.6575,0.40265346,0.099974707,1.1385556e-11,201.94919,1532.7811
1976.5833,100.71648,0.27764854,100.19838,0.68145084,0.031632163,291.56052,619.67059,306.60776,1.1897042,0.40939355,112.6525,0.48897856,0.18028951,9.772818e-12,201.90559,1533.9961
1976.6667,100.69478,0.27732706,100.17728,0.68155271,0.031632259,291.815,620.19666,306.86853,1.214642,0.40914217,112.64769,0.48173714,0.1866962,8.7108914e-12,201.86256,1535.0141
1976.75,100.67316,0.27705109,100.15618,0.68165451,0.03163236,291.95193,620.47943,307.00885,1.1648167,0.596861,112.64297,0.46109521,0.19278431,9.5316793e-12,201.81969,1535.6645
1976.8333,100.65174,0.27687851,100.13509,0.68175638,0.031632457,291.91571,620.40521,306.97256,1.1658295,0.64882481,112.63818,0.36729759,0.13548611,1.6915785e-11,201.7771,1535.5234
1976.9167,100.63081,0.27697015,100.114,0.68185812,0.031632554,291.83356,620.23724,306.88986,1.1681604,0.65881008,112.63324,0.32784191,0.26253146,2.1241484e-11,201.73528,1535.1561
1977,100.60916,0.27685288,100.09258,0.6819616,0.031632654,291.75534,620.07764,306.81128,1.1563227,0.6538527,112.62817,0.34031934,0.15239514,2.1509511e-11,201.69218,1534.7748
1977.0833,100.58841,0.27665773,100.07219,0.68206,0.031632751,291.68802,619.94049,306.74387,1.1549767,0.66054982,112.62335,0.33919355,0.166398,2.1500969e-11,201.65094,1534.4623
1977.1667,100.56778,0.27652994,100.0518,0.68215841,0.031632844,291.61826,619.79846,306.67395,1.1462482,0.66039068,112.61853,0.33636829,0.2872819,2.1492563e-11,201.60991,1534.1257
1977.25,100.54646,0.27640334,100.03073,0.6822601,0.031632941,291.54449,619.64838,306.60013,1.1314175,0.6551466,112.61356,0.3376053,0.30406329,2.1482423e-11,201.5675,1533.7606
1977.3333,100.52496,0.27616644,100.00967,0.68236178,0.031633042,291.47928,619.51605,306.53506,1.1246328,0.40675294,112.60858,0.34881285,0.14340329,2.1458699e-11,201.52478,1533.1951
1977.4167,100.5033,0.27585196,99.988602,0.68246347,0.031633139,291.5491,619.66205,306.60764,1.1312333,0.4021112,112.60362,0.35731867,0.076775752,1.6271389e-11,201.48186,1533.4376
1977.5,100.48181,0.27562448,99.967537,0.68256509,0.031633236,291.87366,620.33252,306.93982,1.1466526,0.38765886,112.5987,0.43496534,0.13404261,1.0914548e-11,201.43918,1534.7182
1977.5833,100.45982,0.27530843,99.946136,0.68266839,0.031633336,292.19946,621.00616,307.27353,1.1660166,0.38290498,112.59378,0.50539052,0.20235869,9.3476763e-12,201.39557,1536.0175
1977.6667,100.43819,0.27500296,99.925079,0.68277001,0.031633433,292.4447,621.51282,307.52454,1.1684339,0.42905954,112.58909,0.4862479,0.1929114,7.9729105e-12,201.35268,1537.0213
1977.75,100.41669,0.27475989,99.90403,0.68287158,0.03163353,292.55621,621.74219,307.63855,1.1227673,0.5950821,112.58445,0.46449006,0.21036369,8.710116e-12,201.30998,1537.5492
1977.8333,100.39545,0.27466533,99.88298,0.68297315,0.031633627,292.49597,621.61835,307.5777,1.1318918,0.60824519,112.57972,0.34940392,0.14721528,1.6773079e-11,201.2677,1537.2796
1977.9167,100.3747,0.27482969,99.861938,0.68307465,0.031633724,292.40173,621.42566,307.48276,1.1313381,0.61454064,112.57478,0.32283571,0.19400744,2.1391349e-11,201.22618,1536.857
1978,100.3531,0.27470845,99.840561,0.68317783,0.031633824,292.31491,621.24835,307.39539,1.1257807,0.61578083,112.56972,0.33997583,0.13336694,2.1632937e-11,201.18318,1536.4531
1978.0833,100.33231,0.2744773,99.820213,0.683276,0.031633917,292.24246,621.10065,307.32266,1.1244049,0.62302327,112.5649,0.33748597,0.20880161,2.1623937e-11,201.14191,1536.1199
1978.1667,100.31171,0.27433845,99.799873,0.68337417,0.03163401,292.16806,620.94916,307.24808,1.1132089,0.62149888,112.56008,0.33826903,0.28506702,2.1616117e-11,201.10094,1535.761
1978.25,100.29037,0.27417454,99.778847,0.68347561,0.031634107,292.09357,620.79761,307.17343,1.0998548,0.53746176,112.55511,0.34231371,0.23985986,2.1600815e-11,201.0585,1535.3155
1978.3333,100.26887,0.27391434,99.757828,0.68357706,0.031634204,292.03424,620.67737,307.11435,1.0827954,0.38245311,112.55014,0.35235217,0.11786112,2.1402819e-11,201.01582,1534.8572
1978.4167,100.24736,0.27365395,99.736809,0.68367845,0.031634301,292.17755,620.9743,307.26166,1.0865134,0.36858726,112.54518,0.3598336,0.077097304,1.4031296e-11,200.97313,1535.387
1978.5,100.22596,0.27344984,99.715797,0.68377984,0.031634398,292.52805,621.69806,307.62018,1.1036197,0.36260143,112.54028,0.44291002,0.14255941,1.0070712e-11,200.93062,1536.7834
1978.5833,100.20409,0.27317414,99.694435,0.68388289,0.031634495,292.93762,622.54376,308.03903,1.1137354,0.35987023,112.53537,0.51533788,0.21668208,8.0834965e-12,200.88721,1538.4166
1978.6667,100.18256,0.2728948,99.673431,0.68398422,0.031634592,293.27222,623.23389,308.38083,1.1096718,0.40527999,112.53071,0.50100583,0.21522886,6.9863351e-12,200.8445,1539.7771
1978.75,100.16109,0.27264985,99.652428,0.68408555,0.031634688,293.39908,623.49475,308.51038,1.0675151,0.5724926,112.52591,0.47069365,0.1906817,8.9591589e-12,200.80188,1540.372
1978.8333,100.13976,0.27247643,99.631424,0.68418682,0.031634785,293.34109,623.37469,308.45139,1.086337,0.59423739,112.521,0.42710626,0.15884924,1.1431341e-11,200.75948,1540.1283
1978.9167,100.11849,0.27233523,99.610428,0.68428814,0.031634882,293.28424,623.25739,308.39374,1.1026984,0.61515164,112.51608,0.39430606,0.1943686,1.2808176e-11,200.71718,1539.8864
1979,100.09534,0.27137679,99.589088,0.68439102,0.031634979,293.23016,623.146,308.33902,1.1041273,0.6307857,112.50386,0.51721179,0.27939975,1.3730134e-11,200.67183,1539.6259
1979.0833,100.07198,0.26976049,99.568779,0.68448895,0.031635072,293.17889,623.04047,308.2872,1.106948,0.63901621,112.4856,0.51550025,0.46589777,1.4729398e-11,200.62665,1539.3649
1979.1667,100.04901,0.26835635,99.54847,0.68458688,0.031635161,293.12439,622.92847,308.23218,1.1048814,0.6416052,112.46709,0.50490522,0.46359929,1.6396218e-11,200.58206,1539.0806
1979.25,100.0256,0.26708117,99.527466,0.68468803,0.031635258,293.07013,622.81714,308.17749,1.100101,0.60861087,112.44816,0.49583444,0.40693802,1.6914753e-11,200.53648,1538.7581
1979.3333,100.00216,0.2657904,99.506462,0.68478924,0.031635355,293.01758,622.70953,308.12463,1.1123556,0.45020637,112.43001,0.49401677,0.14941218,1.6978132e-11,200.49083,1538.3352
1979.4167,99.978867,0.26457882,99.485451,0.68489039,0.031635448,293.05594,622.78912,308.1644,1.1069195,0.41813511,112.41196,0.49629995,0.12924615,1.3617844e-11,200.44542,1538.392
1979.5,99.955627,0.26339552,99.464447,0.68499154,0.031635545,293.35364,623.40204,308.46814,1.110152,0.39695424,112.39378,0.54964441,0.1686787,9.32362e-12,200.4001,1539.5249
1979.5833,99.931877,0.26212114,99.443092,0.6850943,0.031635642,293.72098,624.15692,308.8421,1.1272341,0.39498159,112.37535,0.61225861,0.23390505,7.192455e-12,200.35381,1540.9713
1979.6667,99.90873,0.26098454,99.422081,0.68519539,0.031635735,294.02087,624.77197,309.14682,1.1216496,0.46009493,112.35749,0.60410774,0.22898243,6.3269806e-12,200.30862,1542.1875
1979.75,99.885689,0.2599071,99.40107,0.68529642,0.031635832,294.22354,625.18561,309.35205,1.0890514,0.6269443,112.33961,0.58185726,0.21634404,6.5174949e-12,200.2636,1543.0804
1979.8333,99.862549,0.25877714,99.380058,0.68539751,0.031635925,294.22815,625.19153,309.35553,1.1166217,0.65405679,112.32169,0.56116104,0.2232514,8.5546717e-12,200.2184,1543.0859
1979.9167,99.838989,0.25743049,99.359047,0.68549854,0.031636022,294.18878,625.10718,309.31433,1.1383891,0.67583132,112.30372,0.55270463,0.3792859,9.1529614e-12,200.17261,1542.9009
1980,99.814949,0.25600788,99.337685,0.68560117,0.031636119,294.14246,625.00928,309.26636,1.143001,0.67907923,112.28521,0.51508248,0.42124659,1.0104226e-11,200.12587,1542.6512
1980.0833,99.792389,0.25482702,99.317352,0.68569887,0.031636208,294.10065,624.92163,309.22345,1.1449307,0.68186045,112.26648,0.51117903,0.45600471,1.0689315e-11,200.08189,1542.4209
1980.1667,99.769943,0.2537027,99.297028,0.6857965,0.031636301,294.06073,624.83807,309.18256,1.1453137,0.68411326,112.24747,0.51057577,0.459346,1.1029218e-11,200.0381,1542.1963
1980.25,99.746895,0.25262743,99.276001,0.68589747,0.031636395,294.0181,624.74902,309.13898,1.1444482,0.68643564,112.22773,0.50956887,0.46223342,1.1555066e-11,199.99304,1541.9577
1980.3333,99.723892,0.25157592,99.254982,0.68599838,0.031636491,293.97729,624.664,309.09732,1.1432387,0.6492368,112.20826,0.50848919,0.39155057,1.1815666e-11,199.94809,1541.6875
1980.4167,99.700874,0.25051707,99.233963,0.68609929,0.031636585,294.00336,624.7168,309.1239,1.152099,0.46411699,112.18913,0.50846952,0.13263655,1.0107777e-11,199.90309,1541.5524
1980.5,99.677635,0.24933767,99.212936,0.68620014,0.031636678,294.27704,625.27911,309.4025,1.161436,0.42414674,112.17037,0.56839925,0.17699711,7.1803648e-12,199.85774,1542.5724
1980.5833,99.65406,0.24816084,99.191566,0.68630266,0.031636775,294.49561,625.7254,309.62393,1.1798828,0.41588855,112.15159,0.59673375,0.21950328,5.9699841e-12,199.81172,1543.4041
1980.6667,99.630936,0.24704383,99.170547,0.68640345,0.031636868,294.65622,626.05164,309.78592,1.1385388,0.57555419,112.13306,0.59441787,0.20630132,5.6965444e-12,199.76656,1544.1075
1980.75,99.608002,0.246032,99.149521,0.6865043,0.031636961,294.75314,626.24652,309.88293,1.1464264,0.64617479,112.11428,0.56485599,0.19607486,6.1500644e-12,199.72169,1544.5111
1980.8333,99.584854,0.24490228,99.128494,0.6866051,0.031637054,294.74866,626.23328,309.87692,1.1730396,0.67491168,112.09559,0.55894327,0.21067765,6.9213359e-12,199.67648,1544.4789
1980.9167,99.561096,0.24345349,99.107468,0.68670583,0.031637151,294.72659,626.18396,309.85303,1.1936266,0.69744742,112.07673,0.55748343,0.38930094,7.6655748e-12,199.63036,1544.3617
1981,99.536804,0.24190316,99.08609,0.68680823,0.031637244,294.69128,626.10809,309.81598,1.1994102,0.70327234,112.05701,0.53320163,0.41174245,8.3938316e-12,199.58325,1544.1583
1981.0833,99.513573,0.24037084,99.065742,0.68690568,0.031637333,294.65735,626.03589,309.78076,1.2048856,0.7094633,112.03822,0.52790856,0.44131958,8.5904183e-12,199.53822,1543.9648
1981.1667,99.490303,0.23881862,99.045395,0.68700308,0.031637426,294.62317,625.96362,309.74545,1.2078831,0.71362215,112.01952,0.52074075,0.44217253,8.8357264e-12,199.49313,1543.7665
1981.25,99.466263,0.23722365,99.024353,0.68710375,0.03163752,294.58853,625.89069,309.70978,1.2098541,0.6953826,112.00047,0.51890308,0.41304386,9.0238945e-12,199.44658,1543.5412
1981.3333,99.442406,0.23572454,99.003311,0.68720442,0.031637613,294.55447,625.81903,309.6748,1.2243476,0.55148649,111.98151,0.51637483,0.16604796,9.1697283e-12,199.40028,1543.206
1981.4167,99.419083,0.234515,98.982262,0.68730509,0.031637706,294.63388,625.98126,309.75552,1.2091527,0.48287275,111.96239,0.52056438,0.13837798,7.3564557e-12,199.3548,1543.3798
1981.5,99.396103,0.23348713,98.96122,0.68740571,0.031637799,294.84036,626.4035,309.96503,1.2165511,0.45622543,111.94276,0.58184415,0.19845496,5.8702886e-12,199.30986,1544.1343
1981.5833,99.373383,0.23277533,98.939827,0.68750793,0.031637892,295.05936,626.85016,310.18658,1.2049243,0.52606517,111.92261,0.59469008,0.21613646,5.3370633e-12,199.26514,1545.0149
1981.6667,99.350777,0.23194537,98.918777,0.68760854,0.031637985,295.26797,627.27423,310.39709,1.1785065,0.66709638,111.90269,0.58896142,0.20371121,4.9886501e-12,199.22073,1545.9083
1981.75,99.328293,0.23117758,98.897736,0.68770909,0.031638078,295.30829,627.35254,310.43649,1.2081063,0.69039416,111.88279,0.55554998,0.20118462,5.5464613e-12,199.17656,1546.0551
1981.8333,99.305496,0.23024887,98.876686,0.68780965,0.031638172,295.25986,627.24969,310.38611,1.2336537,0.71647024,111.86279,0.49286544,0.19882448,7.2776984e-12,199.13187,1545.8404
1981.9167,99.282684,0.22931218,98.855644,0.68791014,0.031638265,295.18979,627.10431,310.31467,1.2481273,0.7317946,111.8427,0.47821531,0.43040785,8.7612851e-12,199.08719,1545.5185
1982,99.25959,0.22840112,98.834251,0.6880123,0.031638358,295.12628,626.97266,310.25,1.2496421,0.73447603,111.82224,0.47771755,0.37964895,9.3463223e-12,199.04189,1545.1971
1982.0833,99.237686,0.22757785,98.813896,0.68810946,0.031638447,295.06747,626.85107,310.19025,1.2534359,0.74134737,111.8028,0.47909707,0.4275201,9.7660447e-12,198.9989,1544.9054
1982.1667,99.215782,0.22675124,98.793549,0.68820661,0.031638537,295.00781,626.72784,310.12979,1.2531763,0.74453813,111.78382,0.47448939,0.44030142,1.0283665e-11,198.95592,1544.6029
1982.25,99.193253,0.22596218,98.772499,0.68830705,0.03163863,294.94656,626.60168,310.06778,1.252406,0.69191051,111.76421,0.47778177,0.37131113,1.0836348e-11,198.91165,1544.2361
1982.3333,99.17112,0.22537865,98.751457,0.68840742,0.031638719,294.88663,626.47833,310.00723,1.2465934,0.5777393,111.74404,0.47485077,0.21026295,1.1223879e-11,198.86798,1543.8086
1982.4167,99.149788,0.22522503,98.730415,0.68850785,0.031638812,294.86798,626.44025,309.98886,1.2198558,0.53463089,111.72343,0.47144958,0.16362746,1.0114141e-11,198.82558,1543.6006
1982.5,99.1287,0.22519755,98.709381,0.68860817,0.031638905,295.1163,626.95026,310.24191,1.2102207,0.46762517,111.70251,0.55365884,0.20753013,6.6052333e-12,198.78352,1544.4724
1982.5833,99.107056,0.22504997,98.688004,0.68871021,0.031638999,295.33484,627.39801,310.46423,1.2280817,0.46275005,111.68112,0.59263223,0.2690008,5.7873715e-12,198.74045,1545.3095
1982.6667,99.085861,0.22495832,98.666977,0.68881053,0.031639088,295.53326,627.80371,310.66565,1.2115543,0.5515734,111.66029,0.58700305,0.25743619,5.2746375e-12,198.69824,1546.1243
1982.75,99.064461,0.22475967,98.645958,0.68891078,0.031639181,295.62646,627.99207,310.75961,1.1809862,0.69993228,111.63969,0.56008953,0.2791318,6.0304912e-12,198.65573,1546.5545
1982.8333,99.042992,0.22452316,98.624939,0.6890111,0.031639274,295.57529,627.88477,310.70709,1.1994356,0.72111064,111.61912,0.47878006,0.23258767,8.1381976e-12,198.61311,1546.3201
1982.9167,99.02137,0.22419956,98.60392,0.68911135,0.031639364,295.51886,627.7674,310.6496,1.2139142,0.74121016,111.59854,0.47795886,0.34027505,8.8073706e-12,198.57025,1546.0598
1983,98.999496,0.22392394,98.582565,0.68921322,0.031639457,295.46182,627.64917,310.59164,1.2104577,0.7442348,111.57763,0.47704285,0.42503941,9.5240239e-12,198.52684,1545.7618
1983.0833,98.978928,0.22379363,98.562241,0.68931013,0.031639546,295.40677,627.53528,310.53577,1.205227,0.74575847,111.55779,0.47288299,0.46001807,1.0297292e-11,198.48592,1545.4725
1983.1667,98.958488,0.2237298,98.541931,0.68940705,0.031639632,295.35031,627.41876,310.47861,1.2008227,0.74568516,111.53828,0.46842209,0.45946836,1.121551e-11,198.44521,1545.1777
1983.25,98.937279,0.22361752,98.520927,0.68950725,0.031639725,295.29236,627.29932,310.42001,1.1967245,0.63286883,111.51875,0.46778262,0.34873703,1.2068653e-11,198.40298,1544.763
1983.3333,98.916092,0.22351812,98.499931,0.68960738,0.031639814,295.23816,627.18781,310.36536,1.1873987,0.49158344,111.49962,0.46695367,0.18555619,1.2360967e-11,198.36079,1544.3307
1983.4167,98.894852,0.22338381,98.478935,0.68970752,0.031639908,295.30112,627.31714,310.4299,1.1821563,0.46928617,111.48109,0.46981129,0.13250235,9.7643048e-12,198.31853,1544.4992
1983.5,98.873344,0.2231074,98.457947,0.68980765,0.031639997,295.57294,627.87494,310.70679,1.1942096,0.45171124,111.4628,0.56207597,0.21374886,6.8124456e-12,198.27585,1545.5393
1983.5833,98.851273,0.22271024,98.436615,0.68990934,0.03164009,295.7803,628.29938,310.91763,1.2111218,0.44929057,111.44441,0.58258808,0.25336775,5.8200419e-12,198.23215,1546.3343
1983.6667,98.829636,0.22236045,98.415634,0.69000942,0.031640179,295.97256,628.6922,311.11276,1.1557798,0.64143187,111.42654,0.57418633,0.22870608,5.4573399e-12,198.18927,1547.1906
1983.75,98.808128,0.22207806,98.394653,0.69010949,0.031640269,296.04672,628.84137,311.18738,1.1621722,0.70109451,111.40798,0.54572088,0.20656736,6.5736899e-12,198.14662,1547.4933
1983.8333,98.786591,0.22178172,98.37368,0.69020951,0.031640362,295.99927,628.74188,311.13867,1.1882895,0.72698599,111.38907,0.46432403,0.14375116,9.5293226e-12,198.10391,1547.2881
1983.9167,98.764862,0.22137739,98.352707,0.69030952,0.031640451,295.94461,628.62823,311.08304,1.2076778,0.74662507,111.37002,0.46857494,0.37505355,1.0347249e-11,198.0609,1547.0411
1984,98.74279,0.22097455,98.33139,0.69041109,0.031640545,295.8891,628.51324,311.0267,1.2067127,0.7454356,111.35054,0.46816185,0.41120705,1.1101987e-11,198.01723,1546.749
1984.0833,98.72213,0.22077391,98.311111,0.69050783,0.03164063,295.83328,628.39789,310.97012,1.2051215,0.74616551,111.33163,0.46195385,0.42560595,1.2135355e-11,197.97617,1546.4604
1984.1667,98.701859,0.22077785,98.290833,0.69060445,0.031640716,295.77377,628.27509,310.90991,1.1988573,0.74425441,111.31264,0.45774898,0.4240177,1.3446528e-11,197.93571,1546.1502
1984.25,98.680779,0.22071399,98.269875,0.69070441,0.031640805,295.71378,628.15161,310.8493,1.1862199,0.70609838,111.29372,0.45322996,0.38622862,1.4028882e-11,197.89371,1545.7943
1984.3333,98.659904,0.22075617,98.248917,0.6908043,0.031640898,295.65491,628.03052,310.78989,1.1901224,0.50390136,111.27467,0.45844069,0.16151735,1.4319494e-11,197.85204,1545.2961
1984.4167,98.638893,0.22072318,98.227966,0.69090414,0.031640988,295.69092,628.10474,310.82718,1.1898829,0.47623456,111.25553,0.46751297,0.12995356,1.1248595e-11,197.81013,1545.3546
1984.5,98.617607,0.22054276,98.207024,0.69100404,0.031641077,295.91299,628.56042,311.05353,1.1935608,0.44938281,111.23663,0.55690801,0.19866802,7.5442317e-12,197.76782,1546.1742
1984.5833,98.595604,0.22015604,98.185738,0.69110548,0.031641167,296.16125,629.06934,311.30627,1.2049717,0.45386076,111.218,0.59257108,0.24928819,6.0377797e-12,197.72424,1547.1379
1984.6667,98.574249,0.21993645,98.164795,0.69120526,0.031641256,296.43225,629.62384,311.58154,1.1367601,0.67961431,111.19972,0.58361244,0.22554901,5.3594785e-12,197.68184,1548.3357
1984.75,98.55278,0.21964909,98.14386,0.6913051,0.031641345,296.5896,629.94373,311.74072,1.1618235,0.69857186,111.18127,0.56638992,0.22881989,5.9179705e-12,197.63924,1548.955
1984.8333,98.531151,0.21928056,98.122932,0.69140488,0.031641435,296.55093,629.86139,311.70062,1.1855602,0.72438782,111.16287,0.51021916,0.18683849,8.3620394e-12,197.59642,1548.7823
1984.9167,98.509537,0.21891589,98.101997,0.6915046,0.031641524,296.48965,629.73389,311.63806,1.2017823,0.74349993,111.1444,0.46385169,0.39174494,1.0968799e-11,197.55359,1548.5048
1985,98.487534,0.21852766,98.080727,0.69160599,0.031641617,296.43405,629.61835,311.58148,1.1982276,0.74254429,111.12553,0.46547976,0.40648368,1.2117269e-11,197.51004,1548.2101
1985.0833,98.466812,0.21826835,98.060493,0.69170243,0.031641703,296.3826,629.5116,311.52921,1.1976597,0.7450223,111.10753,0.46262246,0.41851595,1.2505081e-11,197.46892,1547.9424
1985.1667,98.446365,0.21815814,98.040253,0.69179881,0.031641789,296.32718,629.39703,311.47302,1.1916609,0.74353439,111.0896,0.45731375,0.41990325,1.3239716e-11,197.42822,1547.6503
1985.25,98.42514,0.21799198,98.019341,0.69189847,0.031641878,296.27081,629.2807,311.41599,1.1822008,0.6833176,111.07163,0.45290446,0.36142179,1.3506579e-11,197.38602,1547.2907
1985.3333,98.404068,0.21790875,97.998428,0.69199812,0.031641964,296.21393,629.16345,311.35849,1.1874084,0.51314151,111.05377,0.45538872,0.1663833,1.3732299e-11,197.34406,1546.8342
1985.4167,98.383011,0.21782906,97.977516,0.69209772,0.031642053,296.19492,629.12433,311.33963,1.1865721,0.49541476,111.03581,0.46251923,0.14306711,1.235294e-11,197.30209,1546.6787
1985.5,98.361908,0.2177252,97.956612,0.69219732,0.031642143,296.4346,629.61603,311.58383,1.1753966,0.45657411,111.01784,0.50504196,0.15495121,7.9755091e-12,197.2601,1547.5445
1985.5833,98.340126,0.21743399,97.935371,0.69229853,0.031642232,296.74194,630.24591,311.89651,1.1941634,0.44710192,110.99973,0.59702694,0.25069445,6.1850416e-12,197.21687,1548.7423
1985.6667,98.318901,0.21725777,97.914474,0.69239813,0.031642321,296.92581,630.62122,312.08316,1.178009,0.54270786,110.98205,0.57871425,0.2425323,5.3476594e-12,197.17467,1549.5076
1985.75,98.297737,0.21711411,97.893578,0.69249767,0.031642411,297.09634,630.96802,312.25571,1.1478885,0.69859195,110.96407,0.57236928,0.23424873,5.2986222e-12,197.13258,1550.2632
1985.8333,98.276566,0.21695909,97.872688,0.69259715,0.031642497,297.1384,631.05023,312.29724,1.170944,0.72286081,110.94596,0.55451089,0.2577326,6.0206944e-12,197.09045,1550.4161
1985.9167,98.255173,0.21669033,97.851807,0.69269663,0.031642586,297.14587,631.06171,312.30362,1.1915907,0.74517238,110.92785,0.54777658,0.35339636,6.519534e-12,197.04802,1550.4238
1986,98.233246,0.21631461,97.830582,0.69279778,0.031642675,297.14633,631.05853,312.30276,1.1951948,0.74933666,110.90942,0.54561269,0.49233949,6.8934151e-12,197.00459,1550.3662
1986.0833,98.21209,0.21580172,97.810387,0.69289392,0.031642761,297.14343,631.04865,312.29852,1.1953157,0.75125074,110.89187,0.54346251,0.50705773,7.3619834e-12,196.96281,1550.2918
1986.1667,98.191017,0.21533209,97.790192,0.69299012,0.031642847,297.13293,631.02338,312.28662,1.1923484,0.75190198,110.87347,0.54186565,0.5025692,7.9657773e-12,196.92117,1550.1817
1986.25,98.169449,0.21496294,97.769318,0.69308954,0.031642932,297.11404,630.98096,312.26624,1.190261,0.70910907,110.85368,0.5225423,0.44338402,8.6464724e-12,196.87846,1549.9927
1986.3333,98.147865,0.2145852,97.748444,0.69318891,0.031643022,297.09491,630.93866,312.24588,1.2005557,0.49034831,110.83395,0.51239794,0.21994826,8.9108061e-12,196.83574,1549.64
1986.4167,98.12606,0.21408752,97.727577,0.69328827,0.031643108,297.10938,630.96558,312.25983,1.1983956,0.47894728,110.81502,0.51308423,0.17641334,8.1336986e-12,196.79265,1549.6197
1986.5,98.104912,0.21393567,97.706703,0.69338763,0.031643197,297.31082,631.37549,312.46353,1.2075834,0.45580262,110.79499,0.56527573,0.21241355,5.9274955e-12,196.75058,1550.3588
1986.5833,98.08461,0.2144132,97.685501,0.6934886,0.031643286,297.50955,631.7785,312.66379,1.2214521,0.45213875,110.77301,0.58828706,0.24365184,5.3093584e-12,196.70966,1551.1082
1986.6667,98.064888,0.21501784,97.66465,0.6935879,0.031643372,297.68552,632.13409,312.84055,1.2337681,0.48772687,110.75082,0.58496964,0.24550645,4.6302103e-12,196.66978,1551.8023
1986.75,98.045364,0.21572427,97.643799,0.69368714,0.031643461,297.76291,632.28729,312.91711,1.1740743,0.71205986,110.72854,0.54887545,0.22965837,5.2788151e-12,196.6302,1552.2122
1986.8333,98.025589,0.21629144,97.622963,0.69378644,0.031643547,297.71729,632.18878,312.86902,1.1967486,0.73600727,110.70625,0.50707251,0.20135711,6.6471585e-12,196.59027,1552.0045
1986.9167,98.005699,0.2167957,97.602135,0.69388568,0.031643633,297.65799,632.06427,312.80789,1.2188038,0.7599979,110.68392,0.46211922,0.24248084,8.0920054e-12,196.55016,1551.743
1987,97.985405,0.2172599,97.580971,0.69398654,0.031643722,297.6001,631.94324,312.7486,1.2300112,0.77293813,110.66106,0.46437031,0.28163418,8.8783789e-12,196.50926,1551.4653
1987.0833,97.966301,0.21780814,97.560837,0.69408244,0.031643808,297.54575,631.82996,312.69305,1.2347839,0.78004611,110.63901,0.46357697,0.38739151,9.4582215e-12,196.47067,1551.1934
1987.1667,97.947464,0.21849704,97.54071,0.6941784,0.03164389,297.4903,631.71466,312.63651,1.2357646,0.78411227,110.61657,0.46480659,0.4065879,1.0171914e-11,196.4325,1550.9104
1987.25,97.928017,0.21921903,97.519905,0.69427752,0.031643979,297.43402,631.59796,312.57928,1.2319267,0.74412292,110.59338,0.46547183,0.38281,1.0806093e-11,196.39307,1550.5738
1987.3333,97.908386,0.21983878,97.499115,0.69437665,0.031644065,297.38,631.48596,312.52444,1.2406042,0.49023628,110.57062,0.46935642,0.16478118,1.1223133e-11,196.35338,1550.0452
1987.4167,97.888596,0.22036554,97.478333,0.69447577,0.031644151,297.44162,631.61145,312.58719,1.2544572,0.47921589,110.54803,0.47456664,0.10617542,8.7516522e-12,196.31342,1550.2353
1987.5,97.868286,0.22061284,97.45755,0.69457489,0.031644236,297.6951,632.13031,312.84488,1.2807076,0.46699733,110.52563,0.57992727,0.19472525,6.3329667e-12,196.27267,1551.2163
1987.5833,97.846832,0.22042954,97.43644,0.69467556,0.031644326,297.88046,632.50842,313.0329,1.3061153,0.46212316,110.50414,0.60607553,0.22736751,5.5234255e-12,196.23001,1551.9242
1987.6667,97.825966,0.22037438,97.415672,0.69477463,0.031644411,298.05402,632.86157,313.2085,1.2682641,0.60520273,110.48212,0.60055411,0.22045264,5.1442492e-12,196.18843,1552.6681
1987.75,97.805344,0.22045028,97.394905,0.69487363,0.031644497,298.17349,633.10272,313.32867,1.2537453,0.7169975,110.4599,0.58299232,0.21709606,4.9391736e-12,196.14722,1553.1828
1987.8333,97.784729,0.22052824,97.374146,0.69497263,0.031644583,298.18402,633.12012,313.33801,1.2811421,0.74158829,110.43768,0.56725836,0.23161454,5.8262123e-12,196.10602,1553.2085
1987.9167,97.763588,0.22032261,97.353394,0.69507164,0.031644668,298.12991,633.00549,313.28189,1.3074006,0.76746529,110.4155,0.52343279,0.21973962,7.2154669e-12,196.06403,1552.9716
1988,97.741859,0.21998289,97.332298,0.69517225,0.031644758,298.07877,632.89819,313.22931,1.3282717,0.78781801,110.39294,0.49749407,0.26085505,7.9299674e-12,196.02097,1552.7363
1988.0833,97.721184,0.21966253,97.312233,0.69526792,0.03164484,298.02884,632.79388,313.17819,1.338681,0.80035311,110.37141,0.49597576,0.3704237,8.7377831e-12,195.98,1552.4914
1988.1667,97.700638,0.21940573,97.292168,0.69536358,0.031644922,297.98178,632.69562,313.13013,1.3439972,0.8091678,110.34995,0.49601078,0.38681495,9.2849556e-12,195.93922,1552.2498
1988.25,97.679504,0.21919507,97.271423,0.69546252,0.031645007,297.93167,632.59131,313.07901,1.3460089,0.81645614,110.32803,0.49274206,0.39973569,9.7584059e-12,195.89723,1551.9896
1988.3333,97.658203,0.21889707,97.250679,0.69556141,0.031645093,297.88382,632.492,313.03036,1.3465486,0.66137391,110.30669,0.4966279,0.26763448,9.9325687e-12,195.85498,1551.5758
1988.4167,97.636787,0.21853478,97.22995,0.69566023,0.031645179,297.98007,632.68817,313.12814,1.3543648,0.50683677,110.28554,0.50434941,0.12249127,7.4320715e-12,195.81258,1551.7557
1988.5,97.615204,0.2180772,97.209213,0.69575912,0.031645264,298.23059,633.20044,313.38257,1.3778533,0.49643847,110.26409,0.60674369,0.2099743,5.8379699e-12,195.7699,1552.7219
1988.5833,97.593262,0.21760996,97.188141,0.69585955,0.031645354,298.41867,633.58368,313.57309,1.4056786,0.48992965,110.24214,0.6107347,0.21927318,5.2551548e-12,195.72653,1553.4398
1988.6667,97.57135,0.21697782,97.167412,0.69595832,0.031645436,298.56995,633.8905,313.72574,1.3788307,0.62803501,110.22066,0.61213928,0.21832319,4.7878299e-12,195.68335,1554.097
1988.75,97.549286,0.2162632,97.146683,0.69605708,0.031645522,298.61932,633.98773,313.77457,1.3643652,0.74490762,110.1997,0.57255095,0.2041958,5.4583881e-12,195.63994,1554.3305
1988.8333,97.527008,0.21543971,97.125954,0.69615585,0.031645607,298.54703,633.83673,313.70032,1.3909805,0.76347876,110.17902,0.46745273,0.11603403,8.3434926e-12,195.59621,1554.0138
1988.9167,97.505966,0.21527305,97.105232,0.69625461,0.031645693,298.46225,633.6615,313.61407,1.3977491,0.77690309,110.15784,0.44724903,0.17608285,1.344478e-11,195.55438,1553.6247
1989,97.484184,0.2148883,97.084167,0.69635493,0.031645779,298.39468,633.52167,313.54541,1.3979408,0.78770536,110.13628,0.45965284,0.14522292,1.4721233e-11,195.51123,1553.2949
1989.0833,97.46402,0.21482332,97.064133,0.69645041,0.031645861,298.32828,633.38452,313.478,1.3822242,0.78771853,110.11592,0.4476164,0.27900133,1.523395e-11,195.47108,1552.9477
1989.1667,97.444115,0.21489251,97.044098,0.69654584,0.031645942,298.26602,633.25604,313.41492,1.3655022,0.78364581,110.09515,0.45243722,0.33080769,1.5273898e-11,195.43129,1552.6126
1989.25,97.423584,0.21498661,97.023384,0.69664448,0.031646028,298.20282,633.12598,313.35098,1.3473746,0.65854055,110.07401,0.44896454,0.24988802,1.5302449e-11,195.39024,1552.15
1989.3333,97.402763,0.2149283,97.002686,0.69674313,0.031646114,298.1442,633.00531,313.29181,1.3371072,0.51280791,110.05374,0.45207968,0.13536069,1.5300148e-11,195.34877,1551.6938
1989.4167,97.381805,0.2147875,96.981987,0.69684172,0.031646196,298.11945,632.95441,313.26715,1.3374219,0.52662212,110.03381,0.45896709,0.11518999,1.3885031e-11,195.30707,1551.5461
1989.5,97.360733,0.21458752,96.961288,0.6969403,0.031646281,298.36139,633.44971,313.51334,1.318051,0.49622411,110.01399,0.50952464,0.1247569,8.0703231e-12,195.2652,1552.4179
1989.5833,97.339256,0.2143525,96.940254,0.6970405,0.031646367,298.67798,634.09845,313.83563,1.3241498,0.49695349,109.99408,0.61789685,0.22595662,6.4002974e-12,195.22255,1553.6498
1989.6667,97.317909,0.21399812,96.919563,0.69713902,0.031646453,298.96835,634.69244,314.13089,1.3167622,0.55374324,109.97507,0.60535371,0.22609226,5.4267593e-12,195.18027,1554.8175
1989.75,97.296349,0.21353316,96.89888,0.69723755,0.031646535,299.14389,635.04962,314.30875,1.273634,0.74700576,109.95635,0.59158647,0.22433326,5.6709758e-12,195.13763,1555.6169
1989.8333,97.274612,0.21296848,96.878197,0.69733608,0.03164662,299.12711,635.01239,314.29108,1.2996639,0.77340275,109.93739,0.57071084,0.26078725,6.9246466e-12,195.09477,1555.5359
1989.9167,97.252281,0.21208873,96.857513,0.69743454,0.031646702,299.09116,634.93561,314.25372,1.3223348,0.79780555,109.91839,0.56715387,0.36101285,7.8231909e-12,195.05096,1555.3701
1990,97.229332,0.21106398,96.836487,0.69753462,0.031646788,299.05228,634.85284,314.21341,1.3349134,0.81145591,109.89886,0.53377354,0.31457049,8.7393287e-12,195.00607,1555.1699
1990.0833,97.207535,0.21010669,96.816483,0.69762981,0.03164687,299.01712,634.7782,314.17709,1.3381139,0.81917888,109.8801,0.51177377,0.44932333,9.3491499e-12,194.96341,1554.9732
1990.1667,97.185814,0.20919493,96.796478,0.697725,0.031646952,298.98215,634.70422,314.14105,1.3364167,0.82157838,109.86138,0.50818956,0.47585818,9.956736e-12,194.92087,1554.7677
1990.25,97.163406,0.20827301,96.775787,0.69782341,0.031647034,298.94873,634.63354,314.10669,1.3323972,0.77719438,109.84223,0.50820082,0.46121854,1.0256488e-11,194.87694,1554.5177
1990.3333,97.141205,0.20746535,96.755104,0.69792181,0.03164712,298.91583,634.56415,314.07294,1.3336247,0.55320638,109.82314,0.50580263,0.24801037,1.0378647e-11,194.83334,1554.0963
1990.4167,97.119202,0.20676053,96.734421,0.69802016,0.031647202,298.98917,634.71246,314.14713,1.3335665,0.52302855,109.80415,0.5089041,0.14747182,8.1233778e-12,194.79005,1554.2995
1990.5,97.097374,0.20614995,96.713737,0.69811851,0.031647284,299.27161,635.28802,314.43323,1.3511553,0.51208693,109.785,0.59862435,0.22956517,5.7075481e-12,194.74702,1555.3882
1990.5833,97.075417,0.20564611,96.692719,0.69821841,0.031647369,299.55231,635.8587,314.71692,1.3763498,0.509543,109.76556,0.62984955,0.27201596,4.8805127e-12,194.70364,1556.483
1990.6667,97.05381,0.20514926,96.672043,0.69831669,0.031647451,299.75497,636.26849,314.92087,1.3450307,0.65465039,109.7463,0.60146493,0.2515384,4.3639619e-12,194.66096,1557.3513
1990.75,97.032593,0.2048575,96.651367,0.69841498,0.031647537,299.85938,636.47668,315.02484,1.3260398,0.78161156,109.72726,0.56648302,0.23762482,4.5769447e-12,194.61888,1557.8147
1990.8333,97.011406,0.20458536,96.630692,0.69851321,0.031647619,299.85223,636.4566,315.01566,1.3405209,0.80429286,109.70835,0.55432612,0.30322692,5.0023332e-12,194.57684,1557.7545
1990.9167,96.989998,0.20418881,96.610023,0.69861144,0.031647701,299.82709,636.39984,314.98825,1.3538221,0.8237204,109.6893,0.5538522,0.4566156,5.4406319e-12,194.53445,1557.6165
1991,96.967613,0.20345274,96.589012,0.69871128,0.031647786,299.80084,636.34082,314.95972,1.3556658,0.82785773,109.66992,0.55302542,0.37893113,5.8230478e-12,194.49043,1557.4452
1991.0833,96.945824,0.20248774,96.569023,0.69880629,0.031647865,299.77542,636.28387,314.93216,1.3534402,0.83057922,109.65185,0.5475657,0.50124729,6.1147476e-12,194.44778,1557.2751
1991.1667,96.923912,0.20146123,96.549034,0.69890118,0.031647947,299.74936,636.22607,314.90414,1.34901,0.83085084,109.63377,0.53326303,0.5095551,6.3483138e-12,194.40495,1557.0982
1991.25,96.90123,0.20038866,96.528366,0.69899935,0.031648029,299.72369,636.16937,314.87674,1.3378036,0.71493459,109.61514,0.51883119,0.39779988,6.5039263e-12,194.36063,1556.7982
1991.3333,96.8787,0.19939138,96.507698,0.69909745,0.031648111,299.70038,636.11798,314.85193,1.3063838,0.52305532,109.59685,0.51259047,0.22683223,6.5478365e-12,194.31653,1556.4131
1991.4167,96.856407,0.19852415,96.487022,0.69919556,0.031648193,299.73642,636.18829,314.88742,1.2796926,0.48587561,109.57912,0.51159781,0.17290254,5.9185426e-12,194.2728,1556.4297
1991.5,96.834251,0.19772884,96.466354,0.69929367,0.031648275,300.01047,636.74451,315.16403,1.2861645,0.46779224,109.56184,0.56946594,0.2188403,4.5532618e-12,194.22928,1557.4641
1991.5833,96.812469,0.19731084,96.445351,0.69939333,0.03164836,300.23209,637.19226,315.38681,1.2991697,0.46152216,109.54393,0.57875973,0.24112932,4.2717475e-12,194.18617,1558.3019
1991.6667,96.79097,0.19686159,96.424683,0.69949138,0.031648442,300.41678,637.56427,315.57199,1.3106989,0.48766723,109.52587,0.56816095,0.23968065,4.0680445e-12,194.14365,1559.021
1991.75,96.769592,0.19648266,96.404022,0.69958943,0.031648524,300.51172,637.75262,315.66611,1.2454867,0.71638942,109.50791,0.54551655,0.22160551,4.1032447e-12,194.10132,1559.5015
1991.8333,96.748009,0.19598603,96.383362,0.69968742,0.031648606,300.47021,637.66248,315.62216,1.2675208,0.73715323,109.48988,0.50650972,0.21000582,4.894985e-12,194.0587,1559.3082
1991.9167,96.726837,0.19571333,96.362701,0.69978541,0.031648688,300.40457,637.52466,315.55447,1.2878186,0.75753385,109.47181,0.4462325,0.2478777,6.0653969e-12,194.01668,1559.0175
1992,96.705719,0.19564377,96.341713,0.69988495,0.03164877,300.34689,637.40375,315.49521,1.3004826,0.77002472,109.45336,0.45013118,0.17511265,6.6920341e-12,193.97461,1558.7443
1992.0833,96.685898,0.19572531,96.321739,0.69997966,0.031648852,300.2919,637.28876,315.43887,1.3089116,0.78116536,109.43574,0.4503811,0.32798439,7.2057187e-12,193.935,1558.4804
1992.1667,96.666183,0.19586179,96.301773,0.70007437,0.03164893,300.23624,637.17267,315.38193,1.3080806,0.78383648,109.41813,0.45214054,0.37910789,7.8296154e-12,193.89554,1558.1964
1992.25,96.645615,0.19589673,96.281128,0.70017231,0.031649012,300.18259,637.06091,315.32718,1.3068461,0.64787698,109.40011,0.45788839,0.289289,8.2952386e-12,193.85446,1557.78
1992.3333,96.624969,0.19589004,96.260498,0.70027018,0.031649094,300.1311,636.9538,315.27472,1.3182822,0.50680608,109.38232,0.45888945,0.16150416,8.6037575e-12,193.81328,1557.3803
1992.4167,96.604286,0.19586153,96.239868,0.70036799,0.031649176,300.2233,637.14062,315.36804,1.3177834,0.47725779,109.36464,0.46937987,0.11359373,6.6098195e-12,193.77202,1557.6636
1992.5,96.583588,0.195823,96.219238,0.70046586,0.031649254,300.45386,637.61005,315.60159,1.3382361,0.4737058,109.34654,0.57445222,0.21137978,5.3118707e-12,193.73077,1558.5547
1992.5833,96.562325,0.19565739,96.19828,0.70056528,0.03164934,300.69754,638.1059,315.84824,1.3632375,0.47738832,109.3279,0.58858645,0.24056512,4.7234933e-12,193.68848,1559.5087
1992.6667,96.541283,0.19542906,96.177666,0.70066303,0.031649418,300.86176,638.43829,316.01382,1.3401065,0.59861958,109.30968,0.57604116,0.23258071,4.3237718e-12,193.64668,1560.209
1992.75,96.519943,0.19503894,96.157051,0.70076084,0.0316495,300.87964,638.47113,316.03082,1.3102784,0.7477681,109.29158,0.55070752,0.22816563,5.0381153e-12,193.60445,1560.3357
1992.8333,96.498222,0.19444759,96.136436,0.70085859,0.031649582,300.82788,638.36188,315.97736,1.3309611,0.77000684,109.27347,0.47745976,0.17681447,6.2034293e-12,193.5616,1560.1032
1992.9167,96.47641,0.19380255,96.115829,0.70095628,0.031649664,300.77277,638.24646,315.92081,1.3497599,0.79256177,109.25534,0.47601253,0.25787485,6.6762685e-12,193.51865,1559.8564
1993,96.454346,0.19320628,96.094879,0.70105559,0.031649746,300.72034,638.1369,315.86716,1.35919,0.80636996,109.23687,0.47484109,0.23908168,7.0125897e-12,193.47513,1559.6019
1993.0833,96.433777,0.19286442,96.074944,0.70115006,0.031649824,300.66995,638.03198,315.8157,1.3598794,0.81373608,109.21912,0.46350104,0.36174682,7.8323103e-12,193.43439,1559.3446
1993.1667,96.413231,0.19253586,96.055016,0.70124453,0.031649902,300.62875,637.94598,315.77374,1.3559728,0.81580991,109.20155,0.46661371,0.39113492,8.235892e-12,193.39368,1559.1154
1993.25,96.391853,0.19211906,96.034416,0.70134223,0.031649981,300.58975,637.86456,315.73404,1.3515811,0.75086546,109.18402,0.46625182,0.34566158,8.5152389e-12,193.35136,1558.8261
1993.3333,96.370323,0.19161926,96.013817,0.7014398,0.031650063,300.55356,637.78931,315.69733,1.3551795,0.52446914,109.16708,0.46761835,0.1642525,8.6055468e-12,193.30885,1558.3959
1993.4167,96.348785,0.19111745,95.993217,0.70153743,0.031650141,300.6489,637.98291,315.79404,1.3596699,0.50369543,109.15039,0.47677639,0.10895015,6.5131017e-12,193.2663,1558.7059
1993.5,96.32708,0.19051933,95.972626,0.701635,0.031650223,300.87259,638.43866,316.02087,1.3780951,0.49667427,109.13392,0.58932477,0.21277668,5.1408227e-12,193.22351,1559.5644
1993.5833,96.304939,0.18987074,95.951691,0.70173419,0.031650305,301.10602,638.914,316.25739,1.3900157,0.49609423,109.11768,0.58509183,0.22088562,4.5518758e-12,193.17989,1560.4611
1993.6667,96.283379,0.18935059,95.931099,0.7018317,0.031650387,301.28094,639.26862,316.43402,1.3792281,0.57441437,109.10171,0.58589375,0.22597142,4.2219318e-12,193.13731,1561.1763
1993.75,96.262032,0.18894474,95.910507,0.70192921,0.031650465,301.39505,639.49774,316.54846,1.3323654,0.76657128,109.08547,0.56654459,0.20890543,3.9222948e-12,193.09506,1561.7208
1993.8333,96.240669,0.18852992,95.889923,0.70202672,0.031650547,301.42917,639.56268,316.58151,1.355862,0.79073024,109.06898,0.55027086,0.23369288,4.3868095e-12,193.0528,1561.8418
1993.9167,96.218925,0.18790841,95.869339,0.70212418,0.031650625,301.42511,639.54968,316.57587,1.3784707,0.81495339,109.05247,0.54807943,0.3037768,4.603146e-12,193.00995,1561.8064
1994,96.196571,0.18714203,95.848412,0.70222324,0.031650707,301.41757,639.52942,316.56656,1.39421,0.83240533,109.03566,0.54660034,0.2725423,4.7790131e-12,192.96599,1561.7418
1994.0833,96.175041,0.18627037,95.828506,0.70231748,0.031650785,301.40909,639.50751,316.55643,1.4028996,0.84457135,109.01966,0.54546928,0.43209526,4.9603568e-12,192.92378,1561.664
1994.1667,96.153297,0.18528859,95.808594,0.70241171,0.03165086,301.39493,639.474,316.54047,1.4011786,0.84742349,109.00355,0.54237628,0.47097483,5.249667e-12,192.88124,1561.5428
1994.25,96.130539,0.18412213,95.78801,0.70250911,0.031650942,301.3793,639.4375,316.52307,1.3983517,0.84981012,108.9871,0.53937304,0.49423665,5.3731876e-12,192.83682,1561.4119
1994.3333,96.107559,0.182841,95.767426,0.7026065,0.03165102,301.36447,639.40259,316.50647,1.3941925,0.7059949,108.97112,0.53531635,0.34876841,5.4066677e-12,192.79208,1561.137
1994.4167,96.084572,0.18155549,95.746834,0.70270383,0.031651098,301.41803,639.50781,316.55933,1.3982441,0.53172112,108.95541,0.53786123,0.17228203,4.7684504e-12,192.74731,1561.1178
1994.5,96.062485,0.18075238,95.726242,0.70280117,0.03165118,301.63211,639.94037,316.77463,1.4108946,0.51737428,108.93951,0.56454164,0.19180761,4.0271462e-12,192.70393,1561.9189
1994.5833,96.040726,0.18030407,95.705315,0.70290011,0.031651258,301.85913,640.39801,317.00238,1.4330264,0.5190255,108.92303,0.58189356,0.21572959,3.5929077e-12,192.66089,1562.7955
1994.6667,96.019295,0.17984459,95.684731,0.70299739,0.03165134,302.10098,640.88489,317.24463,1.4187903,0.62307453,108.90797,0.5480808,0.19462711,3.6856729e-12,192.61853,1563.7988
1994.75,95.99781,0.17936216,95.664146,0.70309466,0.031651419,302.35242,641.38947,317.49561,1.3761158,0.80685544,108.89551,0.49712574,0.17768043,6.2543447e-12,192.57605,1564.8921
1994.8333,95.976593,0.17901756,95.64357,0.70319188,0.031651497,302.46274,641.60687,317.6041,1.3980983,0.83039564,108.8832,0.43063879,0.13552991,8.3970001e-12,192.53401,1565.3195
1994.9167,95.955353,0.1786615,95.622993,0.70328909,0.031651575,302.56866,641.81628,317.70871,1.4172986,0.85198957,108.87064,0.4223668,0.19311781,8.7504448e-12,192.49196,1565.7255
1995,95.93428,0.17857607,95.602081,0.70338792,0.031651657,302.67636,642.02936,317.81506,1.4290713,0.86596483,108.85742,0.41643199,0.14639522,9.1344718e-12,192.44997,1566.1232
1995.0833,95.914406,0.17858654,95.582184,0.70348191,0.031651732,302.77902,642.23218,317.91635,1.4413259,0.88101125,108.8448,0.41435182,0.28039411,9.6647855e-12,192.41029,1566.505
1995.1667,95.894562,0.17861077,95.562294,0.70357591,0.03165181,302.88171,642.435,318.01761,1.4438744,0.88678634,108.83217,0.41305238,0.33671769,1.0126663e-11,192.3707,1566.8679
1995.25,95.874092,0.17865893,95.541733,0.70367306,0.031651888,302.98672,642.64233,318.12112,1.4410399,0.75840479,108.81908,0.41106081,0.26231217,1.0627279e-11,192.3298,1567.0985
1995.3333,95.853722,0.17875323,95.521172,0.70377016,0.031651966,303.09296,642.85223,318.22586,1.4546093,0.60487711,108.80595,0.40968633,0.14699747,1.083819e-11,192.28906,1567.3255
1995.4167,95.833511,0.17893541,95.500626,0.70386726,0.031652045,303.27979,643.22644,318.41217,1.445974,0.57262152,108.7928,0.40763617,0.096492589,9.6851867e-12,192.24858,1567.9784
1995.5,95.813499,0.17921972,95.48008,0.70396435,0.031652123,303.70908,644.09497,318.84341,1.4556192,0.55411667,108.77898,0.44607294,0.10859665,7.6064875e-12,192.20842,1569.6445
1995.5833,95.793579,0.17973204,95.459206,0.704063,0.031652205,304.12152,644.92688,319.2547,1.4784607,0.5523439,108.76354,0.45821509,0.12502821,6.8072609e-12,192.16823,1571.2657
1995.6667,95.773575,0.18000911,95.438675,0.70416003,0.031652283,304.44962,645.5871,319.58051,1.5047765,0.55655646,108.74854,0.45723233,0.1297902,7.4536141e-12,192.12807,1572.5551
1995.75,95.753029,0.18000086,95.418144,0.70425707,0.031652361,304.72314,646.13599,319.85098,1.4332381,0.80673724,108.7339,0.44930807,0.12514083,1.3169766e-11,192.08707,1573.771
1995.8333,95.732468,0.1799769,95.397621,0.70435405,0.031652436,304.85034,646.38672,319.9747,1.4420371,0.86468649,108.71922,0.40798968,0.11578406,2.0139399e-11,192.04607,1574.2838
1995.9167,95.712669,0.18036075,95.377106,0.70445102,0.031652514,304.93262,646.5484,320.05557,1.4590946,0.88409615,108.70432,0.37302294,0.20394787,2.6973953e-11,192.00624,1574.5904
1996,95.692986,0.18098384,95.356262,0.70454961,0.031652596,305.0246,646.7301,320.14655,1.4581845,0.88789207,108.68877,0.37879315,0.11279003,3.1860459e-11,191.96642,1574.9025
1996.0833,95.674149,0.18151438,95.336433,0.70464337,0.03165267,305.11731,646.9137,320.23834,1.4675232,0.90161151,108.67372,0.38334012,0.15620437,3.5596068e-11,191.92839,1575.2405
1996.1667,95.655464,0.18212402,95.316612,0.70473707,0.031652745,305.21423,647.10565,320.33435,1.4717776,0.90837848,108.65783,0.38688254,0.2904942,3.8137347e-11,191.89059,1575.5829
1996.25,95.636124,0.1827348,95.296127,0.70483398,0.031652823,305.31567,647.30682,320.43484,1.4742759,0.91294217,108.64136,0.38696066,0.3271732,3.9896579e-11,191.85147,1575.9374
1996.3333,95.616676,0.18328847,95.275642,0.70493084,0.031652901,305.43048,647.53522,320.54892,1.4802477,0.58590603,108.625,0.38902315,0.13642207,4.0930464e-11,191.81218,1576.0179
1996.4167,95.596878,0.18364865,95.255173,0.7050277,0.03165298,305.69437,648.06818,320.81409,1.4982979,0.56138462,108.60921,0.39209789,0.080226816,3.0595328e-11,191.77238,1577.0179
1996.5,95.576523,0.18370843,95.234711,0.70512456,0.031653058,306.06845,648.82446,321.1893,1.5199608,0.55280644,108.59412,0.43709183,0.11435913,2.4390183e-11,191.7317,1578.4809
1996.5833,95.555603,0.18363906,95.213913,0.7052229,0.031653136,306.45056,649.59589,321.57004,1.5442324,0.55049086,108.57919,0.44211537,0.12189782,2.113161e-11,191.69002,1579.9804
1996.6667,95.534645,0.18337227,95.193451,0.7053197,0.031653211,306.78702,650.27448,321.90466,1.5134984,0.68882376,108.56499,0.43631864,0.11536897,1.9552937e-11,191.64844,1581.3819
1996.75,95.513329,0.18291081,95.172997,0.7054165,0.031653289,306.9848,650.66998,322.09946,1.4801208,0.8426187,108.55124,0.42865589,0.11249135,2.2943484e-11,191.60629,1582.2346
1996.8333,95.491341,0.18208662,95.152542,0.70551324,0.031653367,307.08969,650.87659,322.20175,1.5015737,0.86369044,108.53745,0.41501415,0.12184556,2.8232465e-11,191.56313,1582.6339
1996.9167,95.469391,0.18128443,95.132088,0.70560998,0.031653445,307.18048,651.0556,322.29135,1.5184282,0.87996739,108.52357,0.39659488,0.20098935,3.4846959e-11,191.52002,1582.9694
1997,95.447906,0.18091543,95.111305,0.70570827,0.031653523,307.17892,651.047,322.2879,1.5300984,0.8890571,108.50753,0.41825622,0.14938776,3.9359575e-11,191.47748,1582.9181
1997.0833,95.427513,0.18058708,95.091522,0.70580178,0.031653598,307.09314,650.8678,322.1998,1.5458077,0.90762305,108.49038,0.42570484,0.22675215,4.1210237e-11,191.43706,1582.5416
1997.1667,95.407166,0.18028083,95.071747,0.70589525,0.031653672,307.00836,650.69098,322.11288,1.544838,0.91267651,108.47315,0.42498848,0.3185111,4.0969599e-11,191.39674,1582.1397
1997.25,95.386391,0.18010481,95.051308,0.70599192,0.031653747,306.92169,650.51086,322.02429,1.5253366,0.75277227,108.45524,0.4237797,0.25154617,3.5278187e-11,191.35544,1581.5456
1997.3333,95.36554,0.17988425,95.030869,0.70608854,0.031653825,306.84369,650.34869,321.94467,1.5312848,0.58813375,108.43743,0.43218485,0.14360492,3.1675454e-11,191.31403,1581.008
1997.4167,95.344414,0.1795148,95.010429,0.70618516,0.0316539,306.9548,650.57288,322.05676,1.5311235,0.55251938,108.41978,0.44468158,0.095875546,2.2152632e-11,191.2722,1581.3601
1997.5,95.322716,0.1788328,94.989998,0.70628172,0.031653978,307.17361,651.01636,322.27795,1.5526228,0.54196787,108.40221,0.53310925,0.17079233,1.7779708e-11,191.22948,1582.1942
1997.5833,95.300827,0.17823371,94.969231,0.70637989,0.031654056,307.40717,651.4895,322.51404,1.579661,0.54084396,108.38388,0.54326051,0.19749182,1.4882751e-11,191.18631,1583.1013
1997.6667,95.279343,0.17766879,94.948799,0.70647639,0.031654131,307.58731,651.85352,322.69598,1.6040344,0.54351044,108.36607,0.54927826,0.20900285,1.3209546e-11,191.14394,1583.7943
1997.75,95.257767,0.17705479,94.928368,0.70657295,0.031654209,307.66809,652.01459,322.77707,1.5369668,0.77147514,108.34846,0.52374011,0.2049436,1.4075186e-11,191.10141,1584.2181
1997.8333,95.236191,0.17643826,94.907944,0.70666945,0.031654283,307.60114,651.87439,322.70859,1.5360489,0.84635168,108.33073,0.48645118,0.17564365,1.8195102e-11,191.05888,1583.9561
1997.9167,95.214134,0.17556673,94.887512,0.70676589,0.031654362,307.53082,651.72803,322.63693,1.5493804,0.86808723,108.31299,0.47907701,0.28071329,1.8874282e-11,191.01566,1583.6418
1998,95.191734,0.17468569,94.866753,0.70686394,0.031654436,307.45895,651.5788,322.56378,1.5577569,0.87806565,108.29488,0.47356749,0.20558308,1.9740178e-11,190.97169,1583.3039
1998.0833,95.170616,0.1739552,94.846992,0.70695722,0.031654511,307.39102,651.43805,322.49481,1.5696211,0.89792919,108.27742,0.47192833,0.21003322,2.0645619e-11,190.93018,1582.9991
1998.1667,95.149818,0.17339508,94.82724,0.7070505,0.031654585,307.32391,651.29932,322.42679,1.5673206,0.91392523,108.25985,0.46877828,0.30319512,2.1704831e-11,190.88916,1582.6803
1998.25,95.128761,0.173058,94.806816,0.70714688,0.03165466,307.25885,651.16498,322.36102,1.5350584,0.88909692,108.2418,0.46492127,0.34948739,2.2216872e-11,190.84746,1582.2983
1998.3333,95.107872,0.17280321,94.786392,0.70724326,0.031654738,307.19656,651.03638,322.29813,1.5376815,0.60940778,108.22405,0.46423525,0.17187063,2.2346212e-11,190.80598,1581.7082
1998.4167,95.087006,0.17256327,94.765976,0.70733964,0.031654812,307.16119,650.96313,322.26263,1.5414435,0.59981936,108.20672,0.46388403,0.14382729,2.076227e-11,190.76454,1581.4995
1998.5,95.066139,0.17232111,94.745567,0.70743597,0.031654887,307.39328,651.43524,322.49799,1.5404662,0.56254882,108.18932,0.5141145,0.15053612,1.4896579e-11,190.72313,1582.3419
1998.5833,95.04541,0.17232624,94.724823,0.70753384,0.031654965,307.64249,651.94244,322.75107,1.5574007,0.55420995,108.17051,0.5539723,0.20638552,1.2339559e-11,190.68176,1583.2999
1998.6667,95.025337,0.17250201,94.704414,0.70763016,0.03165504,307.86697,652.39899,322.97882,1.571161,0.57559842,108.15192,0.55835265,0.21498914,1.1406441e-11,190.64154,1584.1852
1998.75,95.005287,0.1726879,94.684013,0.70772642,0.031655114,308.02539,652.71973,323.13925,1.4902482,0.84770864,108.13334,0.53505617,0.20064813,1.1259765e-11,190.60139,1584.9571
1998.8333,94.985374,0.17294799,94.66362,0.70782268,0.031655192,308.0509,652.76868,323.16473,1.5127494,0.87051451,108.11478,0.52887249,0.23182514,1.1834164e-11,190.56143,1585.0438
1998.9167,94.965408,0.17316996,94.643234,0.70791888,0.031655267,308.0379,652.73889,323.15109,1.5303807,0.89080805,108.09614,0.52071387,0.32830569,1.288826e-11,190.52139,1584.9665
1999,94.944962,0.17331314,94.62252,0.70801669,0.031655341,308.00839,652.67548,323.12067,1.5397887,0.902942,108.07672,0.52208972,0.24035776,1.4144146e-11,190.48047,1584.8044
1999.0833,94.924843,0.1730922,94.602806,0.70810974,0.031655416,307.97772,652.60999,323.08911,1.5475589,0.91662788,108.0583,0.52242821,0.28439501,1.5266698e-11,190.44052,1584.6398
1999.1667,94.90435,0.17267002,94.583107,0.70820272,0.031655487,307.94696,652.54431,323.0575,1.552328,0.9246031,108.03986,0.51458192,0.4097521,1.5913718e-11,190.39999,1584.4656
1999.25,94.882973,0.17213207,94.562729,0.70829886,0.031655561,307.9165,652.47943,323.02618,1.5508865,0.92688048,108.02085,0.50149953,0.45033661,1.6381981e-11,190.35779,1584.2785
1999.3333,94.861488,0.17153403,94.542358,0.708395,0.031655639,307.8884,652.41943,322.99734,1.5523487,0.73265553,108.0021,0.500875,0.2959244,1.6483731e-11,190.31543,1583.9077
1999.4167,94.840118,0.17099446,94.521988,0.70849115,0.031655714,307.87387,652.3877,322.98245,1.5613878,0.60377151,107.98338,0.50250596,0.18933827,1.5896224e-11,190.27327,1583.6659
1999.5,94.81884,0.17050703,94.501625,0.70858723,0.031655788,308.0755,652.79645,323.18634,1.5715629,0.56343347,107.96471,0.54152119,0.18548407,1.2149213e-11,190.23122,1584.3893
1999.5833,94.798111,0.17048603,94.480927,0.70868486,0.031655863,308.28214,653.21503,323.3952,1.5953465,0.55648816,107.94533,0.57522523,0.22859223,1.0974192e-11,190.18987,1585.1793
1999.6667,94.777725,0.17047088,94.460564,0.70878088,0.031655937,308.4704,653.59564,323.58521,1.603983,0.57560283,107.92638,0.56229681,0.23236875,1.0218017e-11,190.1492,1585.9064
1999.75,94.757721,0.17065847,94.440208,0.70887691,0.031656012,308.55325,653.76062,323.66812,1.5124416,0.85604948,107.90749,0.52512091,0.2015671,1.0933157e-11,190.10913,1586.367
1999.8333,94.738022,0.17100532,94.419861,0.70897293,0.031656086,308.48526,653.61859,323.59851,1.5329597,0.87853086,107.88869,0.42328387,0.13196978,1.5527931e-11,190.06952,1586.0722
1999.9167,94.71936,0.17190883,94.399521,0.70906889,0.031656161,308.39246,653.42694,323.50409,1.5391284,0.89237493,107.86971,0.39030582,0.21100944,2.3065785e-11,190.03152,1585.6562
2000,94.700821,0.17305373,94.378853,0.70916647,0.031656235,308.2941,653.22418,323.40414,1.5297453,0.89309758,107.85053,0.3911269,0.12526472,2.8713304e-11,189.99355,1585.1894
2000.0833,94.682587,0.1738131,94.3592,0.70925921,0.03165631,308.21704,653.06531,323.32596,1.525768,0.89996696,107.83233,0.40770665,0.14041929,2.0669133e-11,189.95653,1584.8229
2000.1667,94.664223,0.17450438,94.339554,0.70935202,0.031656381,308.14819,652.92334,323.25623,1.5176777,0.90205604,107.81406,0.40978998,0.2730836,2.0288082e-11,189.9193,1584.4809
2000.25,94.64537,0.17528436,94.319252,0.70944792,0.031656455,308.07828,652.77942,323.18546,1.5043863,0.69550753,107.79516,0.40974602,0.21407141,2.0118421e-11,189.88101,1583.9191
2000.3333,94.626488,0.17604381,94.29895,0.70954382,0.03165653,308.01233,652.64386,323.11887,1.5033803,0.55257535,107.77626,0.41613576,0.13707472,2.0103108e-11,189.84268,1583.4499
2000.4167,94.607292,0.17663081,94.278664,0.70963967,0.031656601,307.99567,652.60907,323.10239,1.5095127,0.55863762,107.75736,0.42902479,0.11787026,1.7711154e-11,189.80389,1583.3365
2000.5,94.58773,0.1770162,94.258385,0.70973551,0.031656675,308.26578,653.15936,323.3764,1.5158831,0.5320875,107.73837,0.48292378,0.13773096,1.1014674e-11,189.76453,1584.3524
2000.5833,94.567596,0.17726962,94.23777,0.70983291,0.03165675,308.57303,653.78815,323.68958,1.5382427,0.52764124,107.71882,0.58993775,0.23409458,8.9978502e-12,189.72414,1585.5596
2000.6667,94.547501,0.17736335,94.217506,0.70992869,0.031656824,308.82742,654.3089,323.94907,1.4964257,0.69139689,107.69965,0.58382094,0.22664851,8.0418554e-12,189.68396,1586.6569
2000.75,94.527161,0.17732398,94.197235,0.71002448,0.031656899,308.93423,654.52673,324.05823,1.4707357,0.83402812,107.68087,0.55994141,0.22283532,9.9086e-12,189.6434,1587.1482
2000.8333,94.506737,0.17723455,94.176979,0.7101202,0.031656973,308.88589,654.42731,324.00983,1.4926665,0.85884458,107.66216,0.53177619,0.23015982,1.1782264e-11,189.60272,1586.9395
2000.9167,94.486496,0.177246,94.156723,0.71021599,0.031657044,308.83609,654.3244,323.95963,1.5129313,0.88165581,107.64345,0.5104987,0.31501204,1.2464785e-11,189.56235,1586.7205
2001,94.46595,0.1772674,94.136139,0.71031326,0.031657118,308.78668,654.22211,323.90964,1.5194578,0.89022088,107.63198,0.39785498,0.17062765,1.3069084e-11,189.52133,1586.4815
2001.0833,94.446442,0.17730768,94.116554,0.71040583,0.031657189,308.73901,654.12335,323.86145,1.5300059,0.90390623,107.62825,0.39220595,0.23960133,1.3554748e-11,189.48236,1586.2685
2001.1667,94.426956,0.17735918,94.09697,0.71049833,0.03165726,308.6893,654.02051,323.81116,1.5318923,0.91012144,107.62448,0.39068606,0.31266212,1.4071634e-11,189.44345,1586.031
2001.25,94.406845,0.17742638,94.076736,0.710594,0.031657334,308.63867,653.91565,323.75995,1.5234709,0.7925964,107.62055,0.38603157,0.2756412,1.4801622e-11,189.40326,1585.6541
2001.3333,94.386757,0.17750742,94.056503,0.7106896,0.031657409,308.58981,653.81476,323.7106,1.4927371,0.61655271,107.61658,0.38724336,0.18148696,1.5200126e-11,189.36311,1585.2041
2001.4167,94.36676,0.17763035,94.03627,0.71078527,0.03165748,308.54767,653.72766,323.66812,1.3931097,0.56423324,107.61262,0.3887246,0.15639563,1.5249859e-11,189.3231,1584.8366
2001.5,94.346748,0.17774691,94.016052,0.71088082,0.031657554,308.70538,654.04791,323.82791,1.3639779,0.50289029,107.60866,0.41144937,0.1459692,1.0718708e-11,189.2831,1585.3398
2001.5833,94.326347,0.17782585,93.995499,0.71097797,0.031657629,309.06003,654.76959,324.18716,1.3742861,0.49196586,107.60468,0.49136299,0.21706519,8.170231e-12,189.24231,1586.73
2001.6667,94.306091,0.17780159,93.975288,0.71107352,0.031657699,309.38477,655.42975,324.51584,1.3557973,0.56343096,107.60088,0.48767993,0.21597071,7.1967632e-12,189.20192,1588.0523
2001.75,94.285934,0.17783117,93.955078,0.71116906,0.031657774,309.54367,655.75067,324.67612,1.2786517,0.76583302,107.59698,0.45980108,0.19806442,8.5417957e-12,189.16168,1588.7735
2001.8333,94.266159,0.17806198,93.934875,0.71126455,0.031657845,309.48465,655.62726,324.61566,1.2877225,0.77939153,107.59291,0.33662993,0.10205878,1.5105124e-11,189.12201,1588.5096
2001.9167,94.246651,0.17843461,93.91468,0.71136004,0.031657919,309.40421,655.46069,324.53372,1.2813525,0.78059232,107.58862,0.31220347,0.12630291,1.9872911e-11,189.08279,1588.1319
2002,94.227554,0.17920309,93.894157,0.71145707,0.031657994,309.3244,655.29578,324.45255,1.2634354,0.77195418,107.57727,0.38925481,0.11483493,1.7970158e-11,189.04404,1587.7295
2002.0833,94.209915,0.18020944,93.874641,0.7115494,0.031658061,309.25977,655.16205,324.38687,1.2562709,0.77285635,107.55988,0.39546251,0.18750116,1.7758578e-11,189.00798,1587.4057
2002.1667,94.192123,0.18113166,93.855125,0.71164173,0.031658132,309.19916,655.03687,324.32532,1.2504601,0.77282107,107.54277,0.39995822,0.30822605,1.7847968e-11,188.97168,1587.099
2002.25,94.173622,0.18202227,93.834969,0.7117371,0.031658206,309.13989,654.91461,324.26532,1.243878,0.58842993,107.52517,0.40286648,0.21861836,1.7939192e-11,188.93401,1586.6113
2002.3333,94.154854,0.18276565,93.814812,0.71183252,0.031658277,309.08548,654.80249,324.21042,1.2530745,0.44393659,107.50796,0.41043943,0.12305137,1.8010156e-11,188.89594,1586.1994
2002.4167,94.135483,0.18318142,93.79467,0.71192789,0.031658348,309.11179,654.85535,324.23734,1.2646335,0.45224604,107.49132,0.425648,0.10980324,1.4980576e-11,188.85693,1586.2696
2002.5,94.115738,0.18339185,93.774529,0.71202326,0.031658422,309.44086,655.52606,324.57101,1.2719467,0.43709654,107.4749,0.4742215,0.14030725,9.6148402e-12,188.81735,1587.5393
2002.5833,94.095444,0.18348727,93.754059,0.71212012,0.031658493,309.7435,656.14532,324.87933,1.2859726,0.43560395,107.45866,0.59970444,0.25707239,8.1339935e-12,188.77678,1588.725
2002.6667,94.075111,0.18337549,93.733932,0.71221542,0.031658567,309.98816,656.64606,325.12875,1.2517586,0.57173496,107.44286,0.59251964,0.25602835,7.3833665e-12,188.7363,1589.7656
2002.75,94.054817,0.18328583,93.713806,0.71231073,0.031658638,310.17587,657.02856,325.31955,1.2213326,0.72274703,107.42719,0.57275105,0.26078111,7.5030338e-12,188.69588,1590.5912
2002.8333,94.03437,0.18311051,93.69368,0.71240598,0.031658709,310.18628,657.04816,325.33023,1.2408803,0.74516785,107.41151,0.50607353,0.22802395,1.0494668e-11,188.65523,1590.6175
2002.9167,94.014221,0.18309517,93.673561,0.71250123,0.03165878,310.13647,656.94458,325.27957,1.2579461,0.76572317,107.39582,0.45804662,0.24412026,1.2949924e-11,188.61504,1590.3951
2003,93.993874,0.18314716,93.653122,0.71259803,0.031658854,310.08337,656.83441,325.22559,1.2667167,0.77757657,107.38582,0.37768406,0.22621892,1.4718043e-11,188.5744,1590.1479
2003.0833,93.974548,0.18321383,93.633675,0.71269011,0.031658921,310.0336,656.73132,325.17508,1.2680824,0.78285247,107.38197,0.36844721,0.30268803,1.5455639e-11,188.5358,1589.9086
2003.1667,93.955246,0.18329483,93.614227,0.71278214,0.031658992,309.98364,656.62787,325.12442,1.2581377,0.78012544,107.3781,0.36405754,0.31559521,1.575662e-11,188.49722,1589.6495
2003.25,93.935318,0.18338475,93.594124,0.71287733,0.031659063,309.93082,656.5188,325.07098,1.2448114,0.77494323,107.37408,0.36012286,0.32235095,1.6014605e-11,188.45737,1589.3717
2003.3333,93.915298,0.18342683,93.574036,0.71297246,0.031659134,309.88409,656.42218,325.02374,1.2383959,0.67916822,107.37006,0.36815175,0.26122633,1.6028427e-11,188.41739,1589.0351
2003.4167,93.895287,0.1834708,93.55394,0.71306759,0.031659205,309.97241,656.6015,325.1134,1.2428378,0.47738281,107.36606,0.38053629,0.10318007,1.188299e-11,188.37743,1589.151
2003.5,93.875587,0.18367612,93.533859,0.71316266,0.031659279,310.23352,657.13373,325.37842,1.234875,0.46077558,107.36211,0.50197029,0.21620819,8.0460838e-12,188.33795,1590.1413
2003.5833,93.855255,0.18371812,93.513451,0.71325934,0.03165935,310.51889,657.71515,325.66794,1.2320211,0.45054868,107.35825,0.52155226,0.23986052,6.8974917e-12,188.29735,1591.2402
2003.6667,93.835083,0.1836661,93.493378,0.71335441,0.031659421,310.70123,658.08478,325.85233,1.2030199,0.54729915,107.35457,0.5084675,0.23788273,6.1473097e-12,188.25713,1592.0003
2003.75,93.814941,0.18362986,93.473305,0.71344942,0.031659491,310.83572,658.35535,325.98758,1.1592282,0.71130228,107.35082,0.49423873,0.23060466,6.4814924e-12,188.217,1592.617
2003.8333,93.794724,0.18354611,93.453239,0.71354443,0.031659562,310.90927,658.50128,326.06088,1.1761608,0.72755939,107.34699,0.43346664,0.19978237,8.9399911e-12,188.17673,1592.8989
2003.9167,93.774803,0.18362442,93.433174,0.71363944,0.031659633,310.86786,658.41351,326.01797,1.189925,0.74362272,107.34311,0.38274169,0.18537956,1.0862286e-11,188.1369,1592.7129
2004,93.754311,0.18356878,93.412788,0.713736,0.031659704,310.8158,658.3042,325.96448,1.2030555,0.75782132,107.33366,0.45981219,0.25087786,1.1814554e-11,188.09607,1592.4751
2004.0833,93.734711,0.18346111,93.393394,0.71382785,0.031659774,310.76508,658.19806,325.91241,1.2084632,0.76455003,107.31927,0.45985532,0.3888059,1.3118921e-11,188.05705,1592.2248
2004.1667,93.715271,0.18343315,93.374001,0.71391964,0.031659842,310.71533,658.09399,325.86142,1.2080798,0.76614636,107.30479,0.458049,0.41146037,1.4086892e-11,188.01828,1591.9681
2004.25,93.69529,0.18346791,93.353958,0.71401459,0.031659912,310.66452,657.98798,325.80948,1.2048725,0.76653618,107.28992,0.45138472,0.41684937,1.4587441e-11,187.97841,1591.7016
2004.3333,93.675201,0.18344574,93.333916,0.71410948,0.031659983,310.61758,657.89008,325.76151,1.1994244,0.63333178,107.27545,0.4534246,0.29459047,1.4630167e-11,187.93834,1591.3157
2004.4167,93.655174,0.18344778,93.313881,0.71420437,0.031660054,310.71588,658.08856,325.86075,1.1999089,0.46740615,107.2611,0.45930973,0.15261894,1.0634631e-11,187.89836,1591.4919
2004.5,93.634995,0.18337254,93.293854,0.7142992,0.031660125,311.06686,658.80237,326.21582,1.2072115,0.43942529,107.24726,0.57920498,0.24911378,7.44238e-12,187.85817,1592.8371
2004.5833,93.614288,0.18318325,93.273499,0.71439564,0.031660195,311.33032,659.33649,326.48184,1.2209688,0.42734906,107.23358,0.59995139,0.27687457,6.2254247e-12,187.81703,1593.8476
2004.6667,93.593803,0.18293415,93.253471,0.71449041,0.031660266,311.54062,659.76086,326.6933,1.1876538,0.54815835,107.2201,0.58521992,0.26102197,5.7229022e-12,187.77637,1594.7272
2004.75,93.573616,0.18284395,93.233452,0.71458524,0.031660337,311.68567,660.05151,326.83835,1.1515115,0.70660931,107.20657,0.54473412,0.23200734,5.8786903e-12,187.73616,1595.3765
2004.8333,93.553551,0.18281899,93.213432,0.71468002,0.031660404,311.79791,660.2746,326.94998,1.1717871,0.72839236,107.193,0.53935939,0.2501955,6.1743692e-12,187.69614,1595.8118
2004.9167,93.533234,0.18265244,93.19342,0.71477479,0.031660475,311.80939,660.29205,326.95947,1.1910124,0.7495932,107.17938,0.53226471,0.30665126,6.6323787e-12,187.65573,1595.8367
2005,93.512459,0.18241626,93.173088,0.71487105,0.031660546,311.80789,660.2829,326.95569,1.1978931,0.75805956,107.16554,0.52928329,0.43619791,6.9297961e-12,187.6145,1595.7825
2005.0833,93.492493,0.18208432,93.153732,0.71496266,0.031660613,311.79987,660.26093,326.94543,1.1986398,0.76104814,107.15235,0.52480763,0.47271729,7.5453827e-12,187.57494,1595.6932
2005.1667,93.472252,0.18160665,93.134384,0.71505427,0.03166068,311.78857,660.2323,326.93192,1.1968312,0.76189303,107.13912,0.52082568,0.48548424,7.9488612e-12,187.53496,1595.5855
2005.25,93.451233,0.18106,93.114388,0.71514893,0.031660751,311.77689,660.20282,326.91803,1.1937212,0.76230049,107.12551,0.51266772,0.48068339,8.1979796e-12,187.49348,1595.4728
2005.3333,93.430206,0.18051007,93.094383,0.71524358,0.031660821,311.76559,660.17444,326.90463,1.1965253,0.57606405,107.11189,0.50925863,0.28864697,8.3401229e-12,187.45201,1595.1812
2005.4167,93.409401,0.18007879,93.074387,0.71533823,0.031660888,311.82294,660.2865,326.96088,1.2001867,0.4533515,107.09769,0.51504886,0.18099707,7.3918007e-12,187.41086,1595.2324
2005.5,93.389061,0.17989314,93.05439,0.71543282,0.031660959,312.08978,660.82507,327.22888,1.2096051,0.42240286,107.08342,0.56382996,0.220741,5.885189e-12,187.37045,1596.2297
2005.5833,93.368629,0.17983079,93.034073,0.71552896,0.03166103,312.37347,661.39667,327.51331,1.2278563,0.40820235,107.06833,0.57929373,0.2419105,5.4921393e-12,187.32973,1597.3175
2005.6667,93.348709,0.17986393,93.014084,0.71562356,0.031661101,312.58344,661.81793,327.72296,1.2469773,0.40641865,107.05333,0.55875891,0.2433074,4.9181935e-12,187.28995,1598.1209
2005.75,93.329201,0.18011665,92.994102,0.71571809,0.031661168,312.68588,662.01959,327.8237,1.1691291,0.66095835,107.03804,0.53244209,0.2197355,4.9528472e-12,187.25079,1598.6482
2005.8333,93.309837,0.18044458,92.974129,0.71581262,0.031661239,312.64062,661.92108,327.77551,1.1806706,0.70977902,107.02233,0.44364858,0.15513322,6.6382945e-12,187.21188,1598.4619
2005.9167,93.290703,0.18089446,92.954163,0.71590716,0.031661306,312.56973,661.77234,327.70233,1.2009922,0.73101383,107.00647,0.41677487,0.17787035,8.4105648e-12,187.17332,1598.1562
2006,93.271217,0.18132356,92.933868,0.71600318,0.031661376,312.50964,661.64606,327.64032,1.2164475,0.74709594,106.99025,0.41845685,0.21643327,9.1761078e-12,187.13408,1597.8838
2006.0833,93.252785,0.18178746,92.914566,0.71609455,0.031661443,312.45087,661.52295,327.57983,1.2211658,0.7534914,106.97466,0.42300156,0.35291031,1.0265021e-11,187.09689,1597.5999
2006.1667,93.234161,0.18214665,92.895271,0.71618593,0.03166151,312.39914,661.41455,327.52661,1.2210932,0.75611836,106.95895,0.42856053,0.3804093,1.0856003e-11,187.05943,1597.3359
2006.25,93.214989,0.18255959,92.875328,0.7162804,0.031661581,312.34598,661.30334,327.47205,1.2212453,0.63253391,106.94267,0.43062821,0.28696805,1.1456637e-11,187.02081,1596.9385
2006.3333,93.195778,0.18294589,92.855392,0.71637481,0.031661648,312.29587,661.19873,327.42078,1.23701,0.46514305,106.92639,0.43265679,0.13953018,1.188258e-11,186.98215,1596.5261
2006.4167,93.17646,0.18327282,92.835464,0.71646917,0.031661715,312.34082,661.28839,327.46588,1.2354634,0.44516978,106.91045,0.43890306,0.10432889,9.8622317e-12,186.94333,1596.6295
2006.5,93.158081,0.18410128,92.815544,0.71656352,0.031661786,312.64801,661.91339,327.77676,1.2517482,0.41874409,106.89173,0.55419368,0.20325573,6.9199941e-12,186.90596,1597.8064
2006.5833,93.139587,0.18503484,92.795303,0.71665943,0.031661857,312.89154,662.40833,328.02313,1.2831918,0.41545731,106.87129,0.6054759,0.25570521,5.9484848e-12,186.86826,1598.7612
2006.6667,93.121109,0.18579839,92.775398,0.71675378,0.031661924,313.08337,662.79681,328.21661,1.3039157,0.43084243,106.85092,0.61032325,0.27276081,5.4356229e-12,186.83072,1599.5132
2006.75,93.10231,0.1863818,92.755501,0.71684808,0.031661991,313.25723,663.1474,328.39136,1.2246038,0.68460101,106.83065,0.58698851,0.25509414,5.2592956e-12,186.79269,1600.3286
2006.8333,93.083549,0.18698816,92.735611,0.71694237,0.031662062,313.30786,663.24573,328.44086,1.2462165,0.70541644,106.81053,0.56349897,0.25454313,6.0228797e-12,186.75476,1600.5113
2006.9167,93.064445,0.18740253,92.715729,0.71703666,0.031662129,313.29465,663.21375,328.42572,1.2692088,0.72818434,106.79047,0.55985552,0.29076424,6.5228591e-12,186.71628,1600.4383
2007,93.044548,0.1875641,92.695526,0.71713245,0.0316622,313.27173,663.16187,328.40063,1.2901938,0.74926835,106.76994,0.55803794,0.24785502,7.2095919e-12,186.67644,1600.32
2007.0833,93.025322,0.18756033,92.676308,0.71722358,0.031662263,313.24734,663.10724,328.37411,1.3062994,0.76717848,106.7502,0.55387747,0.38800296,7.5047659e-12,186.63808,1600.1905
2007.1667,93.005905,0.18745197,92.657089,0.71731472,0.03166233,313.21603,663.03876,328.34079,1.3114275,0.77581507,106.73067,0.50930583,0.40478852,8.1905715e-12,186.59943,1600.013
2007.25,92.985764,0.18730494,92.63723,0.7174089,0.031662397,313.17874,662.95892,328.30176,1.3069427,0.77848655,106.71085,0.48544344,0.3916029,8.8326776e-12,186.55937,1599.7951
2007.3333,92.965569,0.18712285,92.617371,0.71750307,0.031662464,313.14682,662.89026,328.26831,1.2997607,0.68794161,106.69151,0.48764771,0.31849504,8.951344e-12,186.51923,1599.5039
2007.4167,92.945335,0.18692261,92.597511,0.71759725,0.031662535,313.20044,662.99658,328.32166,1.3073198,0.44989845,106.67227,0.49150643,0.12948768,7.6957676e-12,186.47902,1599.4272
2007.5,92.925232,0.18678385,92.57766,0.71769136,0.031662602,313.47418,663.55225,328.59799,1.3292327,0.43089065,106.65289,0.58416432,0.21132812,5.9395817e-12,186.43903,1600.4765
2007.5833,92.904739,0.18661366,92.557487,0.71778703,0.031662669,313.71313,664.03589,328.83859,1.3595115,0.43172434,106.63377,0.61894315,0.24301615,5.4861228e-12,186.39828,1601.411
2007.6667,92.884109,0.18618889,92.537636,0.71788108,0.031662736,313.92255,664.45837,329.04889,1.3897039,0.435197,106.6152,0.60921293,0.24226661,5.0144923e-12,186.35748,1602.2275
2007.75,92.863518,0.18578669,92.517792,0.7179752,0.031662807,314.00821,664.62781,329.13354,1.3101873,0.6876725,106.59717,0.56918401,0.21173446,5.0765854e-12,186.31673,1602.6813
2007.8333,92.84243,0.18511936,92.497955,0.7180692,0.031662874,313.96637,664.53687,329.08908,1.3319002,0.71468347,106.57941,0.54737425,0.21086518,5.8899999e-12,186.27524,1602.4935
2007.9167,92.821007,0.18427305,92.478111,0.71816325,0.031662941,313.9202,664.43781,329.04053,1.3559203,0.73508584,106.56174,0.50465751,0.20296565,6.2696849e-12,186.23323,1602.2846
2008,92.799751,0.18368736,92.457947,0.7182588,0.031663008,313.87698,664.34546,328.99533,1.3770815,0.75353748,106.5436,0.47473606,0.13743006,6.7241169e-12,186.1913,1602.0833
2008.0833,92.780182,0.18348102,92.438759,0.7183497,0.031663075,313.84036,664.26746,328.95715,1.3962897,0.77352923,106.52626,0.46846849,0.16530293,7.100584e-12,186.15244,1601.9135
2008.1667,92.760895,0.18342483,92.419571,0.71844059,0.031663138,313.81165,664.20575,328.92706,1.4027841,0.78496534,106.50903,0.46887374,0.2891902,7.4599138e-12,186.114,1601.7552
2008.25,92.741173,0.18348391,92.399742,0.71853453,0.031663205,313.78564,664.1499,328.89996,1.377414,0.7083683,106.49114,0.46926758,0.28351113,7.7278193e-12,186.0746,1601.487
2008.3333,92.721619,0.18362664,92.379913,0.71862847,0.031663273,313.76248,664.1001,328.87579,1.3860049,0.49769709,106.47308,0.47035885,0.14306337,7.8200944e-12,186.03545,1601.1305
2008.4167,92.702095,0.18378533,92.3601,0.7187224,0.03166334,313.82889,664.23364,328.94257,1.3854331,0.4746727,106.45528,0.47093555,0.11622177,6.8773381e-12,185.99635,1601.3168
2008.5,92.682426,0.18386291,92.340279,0.71881628,0.031663407,314.12778,664.84204,329.24503,1.4050233,0.45716199,106.43773,0.57206452,0.20424278,5.3516714e-12,185.95705,1602.4718
2008.5833,92.662163,0.18379174,92.320145,0.71891171,0.031663474,314.39389,665.38324,329.5141,1.4329662,0.45349175,106.41941,0.61243629,0.24035151,4.7725062e-12,185.91669,1603.5139
2008.6667,92.641319,0.1832317,92.300339,0.71900553,0.031663541,314.62433,665.85022,329.74631,1.4398363,0.5032571,106.40225,0.59044343,0.22595391,5.1136378e-12,185.87556,1604.4418
2008.75,92.620087,0.18246439,92.280533,0.71909934,0.031663608,314.81989,666.24371,329.9422,1.3811948,0.71233582,106.38737,0.52785242,0.18485634,8.1755271e-12,185.83385,1605.3206
2008.8333,92.59893,0.18173711,92.260727,0.71919316,0.031663675,314.91202,666.42609,330.03333,1.4055125,0.7336508,106.37261,0.43061572,0.10576911,1.0433418e-11,185.79225,1605.6755
2008.9167,92.578743,0.18153238,92.240921,0.71928698,0.031663742,314.99719,666.59509,330.11777,1.4273031,0.75634968,106.3577,0.41462019,0.17621508,1.2984086e-11,185.75214,1606.0035
2009,92.558701,0.18157391,92.220795,0.71938229,0.031663809,315.09308,666.78571,330.21301,1.4382907,0.77316475,106.34225,0.41125125,0.10974221,1.4333018e-11,185.7121,1606.3577
2009.0833,92.539688,0.18164466,92.201653,0.71947294,0.031663876,315.18604,666.97052,330.30527,1.45079,0.79405183,106.32745,0.413627,0.12938672,1.5623005e-11,185.67412,1606.7082
2009.1667,92.520599,0.18167503,92.18251,0.7195636,0.031663939,315.28406,667.16553,330.40265,1.4601316,0.81361705,106.31263,0.41697142,0.20611319,1.6372298e-11,185.63602,1607.0747
2009.25,92.5009,0.18171862,92.162727,0.7196573,0.031664006,315.38574,667.36768,330.50348,1.4618031,0.58346719,106.29745,0.41199568,0.16034652,1.7019318e-11,185.59665,1607.1962
2009.3333,92.480972,0.18164116,92.142944,0.719751,0.03166407,315.49902,667.59357,330.61615,1.461116,0.53639168,106.28308,0.41199619,0.13986145,1.7457319e-11,185.55698,1607.5463
2009.4167,92.46109,0.181583,92.123161,0.71984464,0.031664137,315.74072,668.08173,330.85886,1.4541893,0.51479441,106.26884,0.41311747,0.086030297,1.379351e-11,185.51735,1608.4364
2009.5,92.440811,0.18130901,92.103394,0.71993834,0.031664204,316.15768,668.9256,331.27808,1.4661906,0.48496816,106.25478,0.50660592,0.1664291,1.0717382e-11,185.47713,1610.0444
2009.5833,92.419701,0.18076517,92.083298,0.72003347,0.031664271,316.58307,669.78375,331.70346,1.4901888,0.47352016,106.24084,0.51205158,0.17126288,9.2753522e-12,185.43546,1611.7103
2009.6667,92.398445,0.17996605,92.063522,0.72012711,0.031664338,316.9361,670.49432,332.05487,1.5028231,0.50521153,106.22753,0.50192642,0.16271071,8.5351838e-12,185.39372,1613.1146
2009.75,92.376823,0.17897277,92.043755,0.72022069,0.031664401,317.21298,671.04913,332.32904,1.4379693,0.7182669,106.21435,0.48429307,0.15172456,8.5728178e-12,185.35143,1614.3131
2009.8333,92.354805,0.17776607,92.023979,0.72031426,0.031664468,317.34116,671.30072,332.45352,1.461924,0.73863524,106.20123,0.45744327,0.13704272,1.0806949e-11,185.30853,1614.8056
2009.9167,92.332436,0.17637731,92.004211,0.72040778,0.031664535,317.44122,671.49689,332.55145,1.4830673,0.75980425,106.18806,0.43159461,0.20579924,1.1659749e-11,185.26511,1615.1856
2010,92.310318,0.17529382,91.984108,0.72050285,0.031664602,317.45242,671.51257,332.55991,1.491112,0.77304256,106.17304,0.44636303,0.1809606,1.2594514e-11,185.22189,1615.184
2010.0833,92.289536,0.17440835,91.964981,0.72059327,0.031664666,317.37622,671.3512,332.48041,1.4987066,0.79103142,106.15711,0.44770747,0.19617543,1.3842838e-11,185.18118,1614.8358
2010.1667,92.269035,0.17367122,91.945854,0.72068369,0.031664729,317.30499,671.20062,332.40625,1.50103,0.80655348,106.14114,0.44535592,0.22922656,1.4677542e-11,185.1409,1614.5015
2010.25,92.2481,0.17304754,91.926079,0.72077715,0.031664792,317.23401,671.05084,332.33252,1.4938051,0.81554347,106.12466,0.4467141,0.32273689,1.5605711e-11,185.09967,1614.151
2010.3333,92.227226,0.17245483,91.906303,0.72087061,0.03166486,317.17365,670.92334,332.26981,1.4837406,0.55458921,106.10825,0.45075387,0.18006989,1.5757026e-11,185.05852,1613.5719
2010.4167,92.206383,0.17187905,91.886528,0.72096407,0.031664927,317.30176,671.18134,332.39835,1.4811174,0.51154524,106.09223,0.45903406,0.10747543,1.1715837e-11,185.01743,1613.9838
2010.5,92.185188,0.17111394,91.86676,0.72105747,0.03166499,317.51877,671.62006,332.61673,1.4990053,0.4909344,106.07659,0.55527806,0.19601308,9.6531715e-12,184.97577,1614.7977
2010.5833,92.163658,0.17034197,91.846664,0.72115237,0.031665057,317.76215,672.112,332.86148,1.525535,0.48169434,106.06079,0.56765008,0.22181617,8.4390741e-12,184.93347,1615.7371
2010.6667,92.142265,0.16947152,91.826897,0.72124577,0.03166512,317.96268,672.5163,333.06271,1.5405176,0.50459707,106.04521,0.57625163,0.23198774,7.6972604e-12,184.89156,1616.5237
2010.75,92.121025,0.16868076,91.807121,0.72133911,0.031665187,318.0528,672.69482,333.15192,1.4747742,0.73337555,106.02951,0.53672588,0.19849095,8.0371742e-12,184.84984,1616.987
2010.8333,92.099457,0.16771418,91.787354,0.72143245,0.031665251,318.02924,672.64142,333.12607,1.4976034,0.75822377,106.01381,0.53161776,0.23679459,9.3490632e-12,184.80763,1616.874
2010.9167,92.077309,0.166437,91.767586,0.72152573,0.031665318,317.97174,672.51935,333.06613,1.5130745,0.7796641,105.99806,0.50260621,0.35292745,1.0196654e-11,184.76451,1616.6126
2011,92.054825,0.16515584,91.747482,0.72162056,0.031665385,317.91049,672.39044,333.00278,1.5077156,0.7883094,105.98184,0.48494583,0.22668029,1.0532359e-11,184.72075,1616.3023
2011.0833,92.033768,0.16411939,91.728355,0.72171074,0.031665444,317.84784,672.25934,332.93826,1.5062605,0.80531126,105.9662,0.47128186,0.21907914,1.0985581e-11,184.67961,1616.0027
2011.1667,92.013046,0.16325942,91.709229,0.72180092,0.031665508,317.78714,672.13263,332.87595,1.4989072,0.81548858,105.95057,0.4704583,0.30230862,1.1210009e-11,184.63899,1615.6998
2011.25,91.991844,0.16249366,91.689453,0.72189415,0.031665575,317.72589,672.00507,332.81317,1.4599364,0.76572722,105.93478,0.46392617,0.36846918,1.1507427e-11,184.59734,1615.3019
2011.3333,91.970673,0.16174023,91.669678,0.72198737,0.031665638,317.67252,671.8938,332.75858,1.4398882,0.5649538,105.9202,0.46164852,0.229644,1.1650026e-11,184.55574,1614.8057
2011.4167,91.949699,0.16109559,91.649902,0.72208059,0.031665701,317.7247,671.99872,332.81113,1.4216233,0.51976174,105.90588,0.46102968,0.14752387,1.0065104e-11,184.51443,1614.8962
2011.5,91.928955,0.16057163,91.630135,0.72217375,0.031665768,318.02979,672.62006,333.12009,1.4174836,0.4923453,105.89146,0.54381287,0.22082107,7.6889033e-12,184.4735,1616.0447
2011.5833,91.908455,0.16035385,91.610039,0.7222684,0.031665832,318.27411,673.11682,333.3674,1.4171911,0.48729876,105.87669,0.57206118,0.2515347,6.6303512e-12,184.43279,1616.9722
2011.6667,91.888321,0.16015072,91.590271,0.72236156,0.031665899,318.5647,673.70752,333.6611,1.4172753,0.50283933,105.86221,0.57052606,0.2619026,6.1994975e-12,184.39276,1618.1085
2011.75,91.868492,0.16011564,91.570511,0.72245467,0.031665962,318.71262,674.00568,333.80988,1.3435868,0.72985989,105.84758,0.52865392,0.23351392,6.5737121e-12,184.35324,1618.8024
2011.8333,91.848495,0.15998624,91.550751,0.72254771,0.031666026,318.6857,673.9469,333.78137,1.3568603,0.74967623,105.83293,0.49109846,0.25050676,8.0482496e-12,184.31345,1618.6669
2011.9167,91.828857,0.16005006,91.530998,0.72264081,0.031666089,318.61298,673.79535,333.70676,1.3519753,0.7678206,105.81826,0.41036066,0.22092471,9.927649e-12,184.2742,1618.3273
2012,91.809326,0.16033949,91.510925,0.72273535,0.031666156,318.54892,673.66187,333.64108,1.3590325,0.78269619,105.8034,0.41959956,0.17984553,1.0623382e-11,184.23499,1618.032
2012.0833,91.790932,0.160714,91.491829,0.72282535,0.031666219,318.48706,673.53339,333.57788,1.3669689,0.79595637,105.7892,0.42248899,0.28536591,1.1653707e-11,184.19797,1617.7485
2012.1667,91.772552,0.16109642,91.47274,0.72291529,0.031666279,318.42963,673.41425,333.51929,1.3670518,0.8012647,105.77501,0.42438614,0.37511578,1.2330042e-11,184.16096,1617.4675
2012.25,91.753502,0.16145764,91.453003,0.72300828,0.031666342,318.37109,673.29321,333.45978,1.3640255,0.76345503,105.76048,0.42723382,0.35354298,1.3044617e-11,184.12263,1617.1347
2012.3333,91.734161,0.1616668,91.433281,0.72310126,0.031666409,318.31711,673.18158,333.40497,1.3680028,0.5753535,105.74645,0.43163604,0.17700781,1.3397566e-11,184.08386,1616.6772
2012.4167,91.714882,0.1619024,91.413559,0.72319418,0.031666473,318.35101,673.24982,333.43936,1.3390867,0.55054456,105.73293,0.42976549,0.1232189,1.1572601e-11,184.0452,1616.7079
2012.5,91.695961,0.16232507,91.393852,0.72328711,0.031666536,318.68903,673.93903,333.7821,1.3139642,0.51735634,105.71919,0.52142912,0.19276664,8.5792597e-12,184.00708,1617.9677
2012.5833,91.676712,0.16274528,91.373817,0.72338158,0.031666599,319.04166,674.65863,334.13995,1.3150712,0.50977832,105.7051,0.56699258,0.24956582,7.3924729e-12,183.96832,1619.3385
2012.6667,91.657753,0.16313951,91.354118,0.72347444,0.031666663,319.32977,675.24542,334.43188,1.2811882,0.62178826,105.69098,0.56193537,0.23486011,6.564139e-12,183.93016,1620.5312
2012.75,91.638947,0.16361371,91.334427,0.72356731,0.031666726,319.491,675.5719,334.5946,1.2573401,0.75014466,105.67626,0.53703278,0.2120664,7.1894843e-12,183.89223,1621.2334
2012.8333,91.620049,0.16403605,91.314743,0.72366017,0.031666789,319.44525,675.47546,334.54749,1.2806242,0.77137667,105.66139,0.45318338,0.17119402,9.5023546e-12,183.85416,1621.0358
2012.9167,91.60141,0.1645951,91.295059,0.72375298,0.031666853,319.36566,675.31036,334.46616,1.2956775,0.78598064,105.64634,0.40391177,0.22314934,1.2494662e-11,183.81648,1620.6867
2013,91.582298,0.16506955,91.275063,0.72384733,0.03166692,319.29886,675.17169,334.39795,1.2926335,0.78266132,105.6311,0.41711646,0.31011108,1.3977628e-11,183.77794,1620.3529
2013.0833,91.563995,0.1654548,91.256042,0.72393703,0.031666979,319.24133,675.05231,334.33929,1.2948154,0.78454256,105.61662,0.41785085,0.3644574,1.4725209e-11,183.74109,1620.07
2013.1667,91.545708,0.16584572,91.23703,0.7240268,0.031667043,319.18439,674.93439,334.28134,1.2944812,0.78534174,105.60219,0.41959551,0.37229234,1.551031e-11,183.70427,1619.7864
2013.25,91.526802,0.16624834,91.217377,0.72411954,0.031667106,319.12445,674.81061,334.22049,1.294611,0.69588166,105.5875,0.41711736,0.28114092,1.6556829e-11,183.66621,1619.3998
2013.3333,91.507828,0.16660638,91.197731,0.72421229,0.031667169,319.06622,674.69067,334.1615,1.3094318,0.5771718,105.57317,0.42168677,0.14468321,1.7406233e-11,183.62804,1619.0063
2013.4167,91.488869,0.16697183,91.178085,0.72430497,0.031667233,319.12582,674.8114,334.22205,1.2948952,0.53647202,105.55901,0.42549273,0.10542523,1.4242158e-11,183.58989,1619.1395
2013.5,91.469856,0.16730924,91.158455,0.72439766,0.031667292,319.47363,675.52155,334.57507,1.2927356,0.49669144,105.54507,0.55548018,0.22798491,9.9188236e-12,183.55168,1620.4564
2013.5833,91.450058,0.16738749,91.138504,0.72449183,0.031667359,319.85214,676.29504,334.95975,1.3064599,0.48508841,105.53139,0.60109329,0.27041462,8.1510996e-12,183.5121,1621.942
2013.6667,91.430298,0.16731402,91.118881,0.72458452,0.031667423,320.14618,676.89478,335.25806,1.2938795,0.55116534,105.5181,0.58599019,0.25428176,7.4761369e-12,183.47273,1623.135
2013.75,91.410942,0.16745391,91.099258,0.72467715,0.031667482,320.29495,677.19617,335.40839,1.247734,0.72956067,105.50438,0.55240637,0.21994531,7.5747169e-12,183.43399,1623.815
2013.8333,91.391655,0.16762929,91.079643,0.72476971,0.031667545,320.33569,677.27576,335.44864,1.2690972,0.74946874,105.49039,0.54120129,0.23992358,8.8301085e-12,183.39537,1623.9644
2013.9167,91.372055,0.16763631,91.060036,0.72486234,0.031667609,320.27618,677.15076,335.3873,1.2908913,0.77031499,105.47635,0.49721572,0.25712585,1.0634624e-11,183.35626,1623.708
2014,91.351974,0.16755211,91.040108,0.72495639,0.031667672,320.21539,677.02332,335.32468,1.3047607,0.78594828,105.46204,0.45134205,0.24895462,1.1735951e-11,183.31625,1623.4324
2014.0833,91.332878,0.16747847,91.021149,0.72504592,0.031667732,320.16235,676.91223,335.27011,1.3080822,0.79401988,105.4484,0.45152134,0.37110439,1.2174092e-11,183.27823,1623.1734
2014.1667,91.313858,0.16744332,91.002197,0.72513539,0.031667795,320.10803,676.79858,335.21432,1.3076663,0.79874128,105.43489,0.44986719,0.37521502,1.2873081e-11,183.24028,1622.9025
2014.25,91.29422,0.16741759,90.982597,0.72522789,0.031667855,320.05386,676.68567,335.15881,1.3060333,0.80373985,105.42113,0.44970405,0.37943617,1.3386116e-11,183.20114,1622.6304
2014.3333,91.274536,0.16736586,90.963013,0.7253204,0.031667918,320.00275,676.57916,335.1066,1.3061743,0.71295345,105.40775,0.45133939,0.29659474,1.3540773e-11,183.1619,1622.2772
2014.4167,91.254875,0.16732375,90.943428,0.72541291,0.031667981,320.05991,676.69397,335.16412,1.3093027,0.53661788,105.39458,0.45285499,0.12650187,1.157254e-11,183.12271,1622.2811
2014.5,91.235672,0.16752784,90.923843,0.72550535,0.031668045,320.36902,677.32349,335.47711,1.3207669,0.50096101,105.38015,0.55924404,0.20971732,8.664099e-12,183.08421,1623.4558
2014.5833,91.216553,0.16794173,90.903954,0.72559929,0.031668108,320.64948,677.89417,335.76099,1.3461566,0.49885887,105.36429,0.60423315,0.25898474,7.661663e-12,183.04572,1624.5596
2014.6667,91.197525,0.16822888,90.884384,0.72569168,0.031668168,320.87936,678.36035,335.99298,1.2893549,0.70012349,105.34869,0.59260708,0.23453569,7.1230036e-12,183.00749,1625.5783
2014.75,91.17865,0.16859521,90.864822,0.72578406,0.031668231,320.99432,678.59052,336.10791,1.2991219,0.75581849,105.33277,0.55453873,0.23335023,7.6975093e-12,182.96951,1626.0499
2014.8333,91.159607,0.16887145,90.845261,0.72587645,0.031668294,320.94077,678.47693,336.05215,1.3219457,0.77670377,105.31676,0.46139544,0.17765836,9.9654581e-12,182.93127,1625.8165
2014.9167,91.140533,0.16912666,90.825714,0.72596878,0.031668354,320.87073,678.33057,335.9801,1.3414164,0.7951138,105.30068,0.42740363,0.27411833,1.1766866e-11,182.89301,1625.5117
2015,91.121346,0.16949026,90.805847,0.72606266,0.031668417,320.79807,678.17944,335.90561,1.3499062,0.80503613,105.28416,0.42900586,0.22915478,1.3205551e-11,182.8544,1625.1766
2015.0833,91.103279,0.169935,90.786949,0.72615194,0.031668477,320.7291,678.03613,335.83502,1.3556195,0.8141526,105.2684,0.42492139,0.34047511,1.4616728e-11,182.81798,1624.8565
2015.1667,91.085068,0.17029923,90.768059,0.72624117,0.031668536,320.66617,677.90546,335.77072,1.3535601,0.81695318,105.25266,0.43716857,0.36262953,1.5645339e-11,182.78133,1624.5469
2015.25,91.066315,0.1707138,90.748535,0.72633344,0.0316686,320.60214,677.77289,335.70544,1.3524607,0.82103682,105.23642,0.43398795,0.38443282,1.6475155e-11,182.74356,1624.2339
2015.3333,91.047523,0.17110255,90.729019,0.72642571,0.031668659,320.54865,677.66193,335.65097,1.3579117,0.58093733,105.22025,0.44067857,0.18303506,1.6487032e-11,182.70573,1623.7264
2015.4167,91.02877,0.17151135,90.709503,0.72651792,0.031668723,320.71054,677.99133,335.81488,1.3694109,0.51522285,105.20386,0.4708674,0.1282634,1.1708835e-11,182.66797,1624.2733
2015.5,91.010071,0.17194277,90.690002,0.72661012,0.031668782,320.91357,678.4054,336.02106,1.3955411,0.50323564,105.18666,0.61376822,0.24561992,9.7872821e-12,182.63028,1625.0558
2015.5833,90.99044,0.17204417,90.670181,0.72670382,0.031668846,321.14215,678.87134,336.25293,1.426514,0.49785462,105.16937,0.61895013,0.26128846,8.7272533e-12,182.59103,1625.9512
2015.6667,90.970551,0.17183146,90.650681,0.72679603,0.031668909,321.31104,679.21411,336.42352,1.41363,0.59958994,105.15299,0.61297977,0.25510916,7.9985107e-12,182.55151,1626.6665
2015.75,90.950653,0.17161326,90.631187,0.72688818,0.031668968,321.41104,679.41455,336.52365,1.3837214,0.74343902,105.13678,0.5842135,0.26277956,7.9379038e-12,182.51199,1627.1251
2015.8333,90.930595,0.17130412,90.611702,0.72698033,0.031669028,321.39856,679.38464,336.50943,1.4004947,0.76497954,105.12079,0.56239414,0.2807329,9.1598933e-12,182.47223,1627.0512
2015.9167,90.910042,0.17073056,90.592216,0.72707242,0.031669091,321.35403,679.28925,336.46268,1.4142295,0.78702402,105.10475,0.55655086,0.36709145,1.0098302e-11,182.43172,1626.8437
2016,90.888847,0.16998331,90.572411,0.727166,0.031669155,321.30771,679.18994,336.41397,1.4228302,0.80143577,105.08842,0.54308784,0.27075699,1.0576812e-11,182.39008,1626.6144
2016.0833,90.868576,0.16922046,90.553558,0.72725505,0.031669211,321.26382,679.09619,336.36795,1.4351187,0.81967211,105.07289,0.50379628,0.31071368,1.1134175e-11,182.35027,1626.4058
2016.1667,90.848373,0.16848914,90.534714,0.7273441,0.03166927,321.22113,679.00525,336.32339,1.4362776,0.82764471,105.05754,0.48634112,0.39859104,1.158385e-11,182.31058,1626.1818
2016.25,90.827614,0.16780542,90.515228,0.72743613,0.031669334,321.1702,678.89783,336.2706,1.4278816,0.82848698,105.04182,0.47984764,0.40790868,1.2154305e-11,182.26974,1625.9066
2016.3333,90.807213,0.16731009,90.495743,0.72752815,0.031669393,321.13388,678.8205,336.23279,1.3923393,0.6218282,105.02599,0.48015702,0.25296637,1.2027571e-11,182.22946,1625.4568
2016.4167,90.787064,0.16695236,90.476265,0.72762012,0.031669453,321.2984,679.15363,336.39856,1.4052471,0.50707012,105.00988,0.51063216,0.1482971,9.2089114e-12,182.18956,1625.9624
2016.5,90.767212,0.16674946,90.456787,0.72771209,0.031669516,321.52158,679.60602,336.62366,1.4295726,0.49529165,104.99323,0.6023773,0.23229641,8.127431e-12,182.15012,1626.8195
2016.5833,90.747139,0.16659568,90.436996,0.72780555,0.031669576,321.74066,680.04932,336.84418,1.4572431,0.49155614,104.9765,0.62121946,0.26884648,7.3658839e-12,182.1102,1627.6697
2016.6667,90.727013,0.16624457,90.417519,0.72789752,0.031669635,321.91791,680.40625,337.02179,1.4605237,0.55122435,104.96026,0.59857649,0.24918945,6.8594462e-12,182.07034,1628.3883
2016.75,90.706657,0.16576235,90.398048,0.72798944,0.031669699,322.09238,680.75616,337.19608,1.4149547,0.7243098,104.94566,0.5477922,0.21601199,7.5910458e-12,182.03015,1629.1596
2016.8333,90.686203,0.16523267,90.378586,0.72808135,0.031669758,322.22064,681.01062,337.323,1.4362369,0.74378669,104.93273,0.50968671,0.23723078,9.5616223e-12,181.98978,1629.6567
2016.9167,90.665794,0.16472465,90.359116,0.7281732,0.031669818,322.31036,681.18726,337.41125,1.4509455,0.75876421,104.91972,0.41324902,0.32413846,1.1408767e-11,181.94949,1629.9878
2017,90.645767,0.16458814,90.339333,0.72826654,0.031669881,322.42734,681.42041,337.5275,1.4523273,0.76238984,104.9065,0.40856969,0.19146299,1.246179e-11,181.90964,1630.4061
2017.0833,90.627029,0.16463313,90.320518,0.72835541,0.031669937,322.52832,681.62109,337.62762,1.4592675,0.77661484,104.89358,0.4049727,0.1933701,1.3820957e-11,181.87222,1630.7788
2017.1667,90.608841,0.16497061,90.301697,0.72844422,0.031669997,322.62384,681.81049,337.72211,1.4627784,0.79160398,104.87967,0.40396234,0.2321537,1.4895533e-11,181.83562,1631.1261
2017.25,90.590126,0.16536015,90.282249,0.72853601,0.031670056,322.72491,682.01093,337.82214,1.4553947,0.79988402,104.86532,0.40167254,0.29664287,1.5667289e-11,181.79794,1631.4766
2017.3333,90.571205,0.16563982,90.26281,0.72862774,0.031670116,322.83636,682.2323,337.9325,1.4457595,0.6195724,104.85151,0.40360552,0.20822772,1.5891344e-11,181.75996,1631.6781
2017.4167,90.552277,0.16591114,90.243378,0.72871953,0.031670175,323.1441,682.85443,338.24179,1.4479097,0.50923336,104.8378,0.42003182,0.11646964,1.2010336e-11,181.72195,1632.7572
2017.5,90.533173,0.16608655,90.223946,0.72881126,0.031670235,323.59134,683.75824,338.69046,1.4684191,0.49889541,104.82388,0.50957263,0.19970299,9.8198151e-12,181.68369,1634.515
2017.5833,90.513626,0.16619025,90.204201,0.72890449,0.031670298,323.99353,684.56781,339.09097,1.4941278,0.49583527,104.80981,0.50214714,0.20215608,8.5288486e-12,181.64459,1636.0966
2017.6667,90.493881,0.16601205,90.184776,0.72899616,0.031670358,324.31693,685.21692,339.41138,1.4980702,0.53908759,104.79604,0.49211529,0.19988947,8.0414564e-12,181.60533,1637.3837
2017.75,90.47403,0.16578001,90.165359,0.72908783,0.031670418,324.5943,685.77191,339.68503,1.4422098,0.72522432,104.78223,0.47455373,0.19289745,9.5021473e-12,181.56595,1638.5668
2017.8333,90.454308,0.16561161,90.14595,0.7291795,0.031670477,324.7438,686.06635,339.82983,1.4569138,0.74449849,104.76841,0.45392647,0.21104404,1.2504273e-11,181.52673,1639.1366
2017.9167,90.43428,0.16527809,90.126534,0.72927117,0.031670537,324.86719,686.30792,339.94864,1.4660509,0.76455188,104.75455,0.45240754,0.40145046,1.3532858e-11,181.48705,1639.596
2018,90.41349,0.16470502,90.106812,0.72936428,0.031670596,324.98926,686.547,340.06619,1.4570613,0.76772577,104.74043,0.44742489,0.24770716,1.4171751e-11,181.44604,1640.0137
2018.0833,90.393761,0.16418764,90.088036,0.72945285,0.031670656,325.09369,686.7511,340.16699,1.4576939,0.78166926,104.727,0.42626965,0.2377632,1.5114262e-11,181.4071,1640.3852
2018.1667,90.374313,0.16382526,90.069267,0.72954142,0.031670712,325.20029,686.96014,340.2709,1.45064,0.79222596,104.71363,0.41710708,0.25558224,1.5333726e-11,181.36862,1640.7564
2018.25,90.354462,0.16358136,90.049866,0.72963303,0.031670772,325.31262,687.18066,340.38046,1.3862454,0.772614,104.70045,0.40460551,0.30193344,1.5531462e-11,181.32921,1641.0623
2018.3333,90.334869,0.16347517,90.030464,0.72972453,0.031670831,325.43155,687.41479,340.49673,1.3273331,0.66859466,104.68864,0.39410609,0.24377131,1.5657212e-11,181.29021,1641.3177
2018.4167,90.315392,0.16343078,90.01107,0.72981608,0.031670891,325.61261,687.7757,340.67593,1.3272157,0.50635737,104.67725,0.39086047,0.11866477,1.4452619e-11,181.25139,1641.8264
2018.5,90.296104,0.16348562,89.991676,0.72990757,0.03167095,326.05225,688.66406,341.11606,1.3283688,0.46791708,104.66593,0.40932113,0.1271805,1.1718967e-11,181.21284,1643.5075
2018.5833,90.276581,0.1635785,89.971977,0.73000056,0.03167101,326.47116,689.50867,341.53244,1.3302542,0.46207252,104.6544,0.42480257,0.14995353,1.8113169e-11,181.17381,1645.1329
2018.6667,90.257111,0.16352773,89.952591,0.73009199,0.03167107,326.8349,690.24091,341.89285,1.3315325,0.47810429,104.64305,0.41929528,0.15998332,4.9196862e-11,181.13499,1646.5563
2018.75,90.237808,0.16356951,89.93322,0.73018348,0.031671129,327.1423,690.85846,342.19687,1.2643709,0.69341564,104.63148,0.405801,0.12280191,1.1307601e-10,181.09645,1647.8833
2018.8333,90.218681,0.16369718,89.913841,0.73027486,0.031671189,327.30746,691.18597,342.35776,1.2820842,0.71231019,104.61981,0.3957054,0.15267478,1.7158334e-10,181.05817,1648.5236
2018.9167,90.19928,0.16367659,89.894478,0.73036629,0.031671248,327.45233,691.47284,342.49875,1.2959288,0.72898138,104.60811,0.39489937,0.28902221,1.8869979e-10,181.01947,1649.0764
2019,90.179413,0.16357866,89.874794,0.73045915,0.031671308,327.58386,691.73267,342.62656,1.2979834,0.73080331,104.59601,0.39394709,0.18825941,2.0053269e-10,180.97992,1649.5479
2019.0833,90.160622,0.16354001,89.856071,0.73054755,0.031671364,327.70166,691.96503,342.741,1.3058527,0.74066281,104.58395,0.39173877,0.23790188,2.0549369e-10,180.94246,1649.9807
2019.1667,90.141739,0.16345227,89.837349,0.73063588,0.03167142,327.82126,692.20135,342.85742,1.307528,0.74766421,104.57216,0.38958198,0.3206802,2.0742659e-10,180.90486,1650.4123
2019.25,90.122162,0.16333051,89.817993,0.7307272,0.031671479,327.94479,692.44556,342.97775,1.3001671,0.75073683,104.56026,0.38581944,0.34268185,2.0965017e-10,180.86589,1650.8452
2019.3333,90.102707,0.16326903,89.798645,0.73081851,0.031671539,328.06894,692.69104,343.09885,1.286908,0.68499058,104.5485,0.38186613,0.2626439,2.1157064e-10,180.82712,1651.2064
2019.4167,90.083321,0.16324693,89.779305,0.73090982,0.031671599,328.32138,693.19885,343.35007,1.2876624,0.49197343,104.53686,0.38167498,0.089726463,1.8589222e-10,180.78847,1651.9753
2019.5,90.064232,0.16338135,89.759964,0.73100108,0.031671654,328.75961,694.08551,343.78836,1.2860057,0.47013003,104.52554,0.38943452,0.098555095,2.0099897e-10,180.75026,1653.6653
2019.5833,90.04483,0.16351387,89.740311,0.73109382,0.031671714,329.17487,694.92456,344.202,1.2826847,0.46335021,104.51407,0.39700359,0.10749175,5.3742466e-10,180.71143,1655.2729
2019.6667,90.025787,0.163662,89.720978,0.73118502,0.031671774,329.55661,695.69519,344.5816,1.2733128,0.51236409,104.50275,0.39251968,0.11657324,1.7650672e-09,180.67329,1656.7953
2019.75,90.006943,0.16392095,89.70166,0.73127621,0.031671833,329.84946,696.28473,344.87201,1.223222,0.69246089,104.49142,0.37654564,0.10372517,4.3738786e-09,180.63548,1658.0487
2019.8333,89.988251,0.16425395,89.682343,0.73136741,0.031671889,329.98294,696.54968,345.00241,1.2429309,0.71136135,104.48003,0.36416727,0.11223241,6.7466641e-09,180.59789,1658.5673
2019.9167,89.969444,0.16452421,89.663025,0.7314586,0.031671949,330.06149,696.70367,345.0795,1.2578559,0.72878838,104.46859,0.34147254,0.12819654,8.2389731e-09,180.56013,1658.86
