9.0795064655e-05 6.5029880661e-03 4.9350246554e-03
4.8458404732e-04 6.4005982319e-03 5.1486894799e-02
5.3068193607e-02 7.1336919536e-03 1.3227934493e-03
1.7063685382e-02 5.9432921419e-03 6.3940786640e-04
3.2610331497e-03 7.8381074612e-03 8.9635393275e-05
1.6605004125e-02 8.4878967943e-03 3.4660085779e-04
4.3509704371e-02 7.1741714116e-03 1.7087748963e-05
3.1189652781e-02 1.9457949338e-04 2.7800516909e-04
3.1189652781e-02 1.9457949338e-04 2.7800516909e-04
4.7375992251e-02 5.4486165949e-03 3.6120591297e-04
2.7959095004e-02 7.3195916290e-03 5.6391188021e-04
3.4775943418e-02 8.8879950539e-03 2.8503024684e-04
1.7610504504e-02 1.7910404410e-03 3.5054518594e-04
2.6141403321e-02 6.1883396896e-03 5.1951994707e-04
9.0088826255e-05 6.5808270437e-02 7.4413492111e-03
3.1664509035e-02 5.2927491876e-03 2.5486518158e-04
2.6211605068e-02 5.1378049732e-03 4.2414879742e-04
2.6938069806e-02 8.4869711815e-03 3.8976889603e-04
3.9555478492e-02 7.0773736419e-03 1.3694822034e-04
5.9282751172e-03 7.6456953539e-03 3.3943103820e-04
3.5425030549e-02 7.1747418842e-03 3.6318680092e-04
1.2049168535e-01 8.6413477936e-03 4.0825597656e-04
2.1462001920e-04 6.1090731372e-02 6.3101098640e-03
1.1799640643e-02 1.6398043449e-02 3.3940365150e-04
1.4063294899e-02 3.6787952801e-03 2.8694202410e-04
1.7807143779e-02 5.9353760638e-03 3.0986249840e-04
3.1152078821e-03 3.3231244500e-03 3.0679009433e-04
6.9807701434e-02 5.5332146585e-03 3.0287372950e-04
1.1524497468e-02 3.3752700159e-03 2.5883423101e-04
2.9770655713e-02 2.6996058878e-03 2.9295604994e-04
3.5156709406e-03 4.9342298880e-03 3.3468509840e-04
3.3637417791e-02 6.4380933763e-03 3.5494758292e-04
2.1637501040e-02 2.3154120136e-03 3.9460386809e-04
8.4028012430e-02 4.3722953221e-03 3.5303563466e-04
1.0253180377e-01 3.0559359875e-03 3.4180207513e-04
5.3620652917e-02 2.7947279838e-03 4.0058628656e-04
5.9184680382e-02 4.0425838476e-03 3.9679949259e-04
5.9184680382e-02 4.0425838476e-03 3.9679949259e-04
3.8514999362e-02 2.9367442379e-03 3.9516561810e-04
3.3586864670e-02 4.5369335373e-03 3.9148393019e-04
9.8716963703e-02 6.4125972955e-03 4.2579158617e-04
4.0054596514e-03 6.9585773163e-03 3.0404010613e-04
7.8042949239e-02 4.5252545193e-03 3.8155780809e-04
1.6039220771e-02 5.6506450831e-03 3.9263429062e-04
7.8944021215e-02 2.9629063793e-03 3.3340316804e-04
6.3651694606e-02 4.3277638033e-03 1.4526019337e-04
5.2713351790e-02 2.7468898916e-03 4.2142418533e-04
1.7774876906e-02 5.2217729390e-03 3.5744433020e-04
3.1701656835e-02 2.5944649048e-03 2.8108170045e-04
1.4955307357e-02 5.4893914300e-03 3.5456195352e-04
4.3715311835e-02 2.9263423251e-03 3.4366715893e-04
4.5358502757e-03 2.5800359047e-03 3.0967985852e-04
4.5358502757e-03 2.5800359047e-03 3.0967985852e-04
6.3318938638e-02 4.5119268664e-03 3.0267007848e-04
1.9846627489e-01 3.1310088913e-03 3.7747680957e-04
2.4604346836e-02 5.8381895845e-03 3.6163546004e-04
8.4908450954e-03 7.9403718701e-03 3.1645371928e-04
4.5578467970e-02 3.7406452272e-03 3.2880199675e-04
1.4592578790e-02 5.1949297000e-03 3.4798660757e-04
1.0008816763e-02 3.2699971925e-03 3.1651581836e-04
3.1036661433e-04 2.1303390618e-02 9.3408295735e-07
1.0145845745e-02 1.0324857353e-02 3.2210311232e-04
1.0145845745e-02 1.0324857353e-02 3.2210311232e-04
2.1620237579e-02 1.6353570080e-02 5.6024342969e-04
1.5500530833e-02 4.0868481932e-03 3.8735078851e-04
4.8291792579e-04 2.5324228375e-02 1.3472211916e-03
1.8378914023e-02 1.3586835858e-02 5.8733167195e-04
1.8378914023e-02 1.3586835858e-02 5.8733167195e-04
3.0835703791e-02 4.7955018817e-03 4.3695169006e-04
1.3376265842e-02 4.8216119952e-03 3.2524167788e-04
3.1794711947e-02 5.0704872701e-03 3.0916408165e-04
8.8582117110e-02 1.5568327780e-02 4.8447568406e-04
1.5469788651e-02 1.4481365603e-02 4.1479971211e-04
9.1530337309e-02 2.3195210999e-02 1.8634460290e-04
1.5819262868e-02 1.2677322297e-02 3.8679575907e-04
6.4931007801e-03 6.6048104782e-03 1.4890482513e-04
6.6016302754e-02 9.5282455441e-03 1.6854842518e-04
4.9123191566e-03 1.6934691075e-02 5.7630754600e-04
9.3514307092e-02 3.5313361169e-02 2.4590891735e-04
7.5599300365e-02 9.5271744455e-02 1.2742323956e-02
2.2026468146e-02 1.0517594032e-01 3.0213968518e-02
1.0339744343e-04 1.4262794455e-01 1.0242965631e-01
6.9069565749e-05 1.4283295348e-01 1.0256438144e-01
3.3069399341e-02 8.3735644196e-02 2.1808920739e-02
7.5672069894e-03 9.6559307228e-02 3.3885285103e-02
2.6632877222e-02 1.0224045565e-01 3.9458905968e-02
1.4144498777e-02 1.3301001613e-01 1.8339219270e-02
8.9404515922e-02 8.4725761786e-02 2.6844418918e-02
6.3300944021e-05 8.8721817359e-02 1.0198753762e-01
1.5711453084e-02 8.7728502229e-02 5.3400664590e-02
3.0728462075e-02 1.0202436211e-01 4.6838383190e-02
3.7180453461e-03 1.1277165947e-01 1.5424925446e-02
9.7029831522e-05 1.1186361251e-01 1.5034473812e-01
9.4906102361e-03 1.1916749552e-01 2.3249776568e-02
9.4906102361e-03 1.1916749552e-01 2.3249776568e-02
1.8262371188e-02 1.5555957332e-01 3.3506946328e-02
6.5304724946e-03 2.1542945411e-02 1.7611691185e-02
6.3310944824e-05 2.1540492928e-02 4.2371535674e-02
1.9156384163e-03 1.9392470519e-02 1.9826619265e-02
2.3380510599e-04 1.9760410922e-02 1.4665759401e-02
6.5403914875e-03 2.0256216948e-02 5.3509543029e-02
6.5958596982e-04 1.9356319526e-02 1.2129613897e-02
2.2600830901e-03 1.9596580106e-02 1.1059549249e-02
1.1771526636e-03 1.9487774000e-02 3.7399048451e-02
1.3470203921e-03 2.0140960347e-02 3.3163712515e-02
1.3470203921e-03 2.0140960347e-02 3.3163712515e-02
4.1286766645e-03 2.2087622123e-02 1.5361457015e-02
1.9215430257e-05 1.9411053198e-02 1.4270022434e-02
1.8988897864e-05 1.6804278751e-02 7.5335036575e-03
6.5015234516e-05 1.9410295257e-02 2.0254375413e-02
6.0075224307e-05 1.9925809776e-02 4.3329179287e-02
2.5649267930e-05 1.9614670426e-02 9.6909155060e-03
2.5649267930e-05 1.9614670426e-02 9.6909155060e-03
2.5963217164e-05 1.9814168879e-02 2.1047312184e-02
1.8969541998e-05 1.9181576868e-02 1.3014930941e-02
1.8969562007e-05 1.9215440378e-02 4.6410513266e-03
1.8973913939e-05 5.8975462491e-02 2.4885300547e-02
1.8971606551e-05 1.9519336366e-02 2.7360173117e-03
2.0087920196e-05 1.9307070257e-02 3.4304128203e-03
2.6172155685e-05 1.9236925679e-02 1.1532198250e-02
1.8974769773e-05 1.9251664945e-02 3.0195226233e-03
1.6150675204e-04 1.9620595189e-02 7.6425053800e-03
2.0546336145e-05 2.5166065277e-02 8.9247552678e-03
1.8988432203e-05 2.5159224402e-02 6.3939346001e-03
1.8987579097e-05 1.9281287833e-02 5.2633103721e-03
1.8989227101e-05 1.9203641762e-02 9.2961272652e-03
1.8984264898e-05 2.4931090418e-02 3.0186913403e-02
3.3617290531e-05 2.4977305283e-02 3.7572477944e-02
4.3094996727e-05 2.4767941640e-02 7.6364263077e-03
1.8989121600e-05 2.4701966283e-02 1.4380759055e-02
1.8964493696e-05 2.4805770411e-02 1.3370803092e-02
2.9548033884e-05 2.5378311363e-02 5.3178751531e-02
2.6789865387e-05 2.0351422640e-02 6.9320837501e-03
2.6789865387e-05 2.0351422640e-02 6.9320837501e-03
1.8968233538e-05 2.0247229841e-02 2.3599283983e-03
1.8969480758e-05 1.5724914071e-02 1.6991401305e-03
2.0542865059e-05 1.5981204342e-02 2.1641150738e-02
2.9123791440e-05 1.6009837777e-02 3.1129024457e-02
1.9520405507e-05 1.6487104818e-02 5.4168039312e-02
1.8973425540e-05 1.6400707963e-02 4.8081624011e-02
1.8988794181e-05 1.6458712285e-02 3.2534820649e-02
1.8988794181e-05 1.6458712285e-02 3.2534820649e-02
2.1154540567e-05 1.6423059705e-02 3.8815706968e-02
2.6201524937e-05 1.6223979027e-02 3.5164322704e-02
1.8981671019e-05 1.6421054568e-02 5.6047395182e-02
1.9000244113e-05 1.5010739444e-02 3.4667946088e-02
1.9251465649e-05 1.5018628445e-02 3.4581068593e-02
1.8958669898e-05 1.5156734192e-02 6.1972641076e-02
1.8958669898e-05 1.5158199550e-02 6.1510257733e-02
3.0901686235e-05 3.0105355972e-02 7.4229034906e-02
3.0901634545e-05 3.0547895469e-02 7.0059849260e-02
3.1052797416e-05 3.0466137454e-02 6.7265754876e-02
1.8967511854e-05 0.0000000000e+00 0.0000000000e+00
4.3865928546e-05 0.0000000000e+00 0.0000000000e+00
4.3564735582e-05 0.0000000000e+00 0.0000000000e+00
1.2581702756e-01 0.0000000000e+00 0.0000000000e+00
5.8131056527e-02 0.0000000000e+00 0.0000000000e+00
9.0299036975e-02 0.0000000000e+00 0.0000000000e+00
1.8991509933e-05 0.0000000000e+00 0.0000000000e+00
1.8987077055e-05 0.0000000000e+00 0.0000000000e+00
1.8987049771e-05 0.0000000000e+00 0.0000000000e+00
1.8987049771e-05 0.0000000000e+00 0.0000000000e+00
1.8991806428e-05 0.0000000000e+00 0.0000000000e+00
6.3193296082e-02 0.0000000000e+00 0.0000000000e+00
6.5549368970e-02 0.0000000000e+00 0.0000000000e+00
6.5549368970e-02 0.0000000000e+00 0.0000000000e+00
3.4150633651e-02 0.0000000000e+00 0.0000000000e+00
2.8105586146e-02 0.0000000000e+00 0.0000000000e+00
8.1824432438e-02 0.0000000000e+00 0.0000000000e+00
4.0959105827e-02 0.0000000000e+00 0.0000000000e+00
4.0959105827e-02 0.0000000000e+00 0.0000000000e+00
2.6103076680e-02 0.0000000000e+00 0.0000000000e+00
2.6103076680e-02 0.0000000000e+00 0.0000000000e+00
9.9981527310e-03 0.0000000000e+00 0.0000000000e+00
1.6964714974e-02 0.0000000000e+00 0.0000000000e+00
6.9813480601e-02 0.0000000000e+00 0.0000000000e+00
4.0841444706e-02 0.0000000000e+00 0.0000000000e+00
4.0841444706e-02 0.0000000000e+00 0.0000000000e+00
4.0841444706e-02 0.0000000000e+00 0.0000000000e+00
6.1759887574e-02 0.0000000000e+00 0.0000000000e+00
1.0467260331e-01 0.0000000000e+00 0.0000000000e+00
1.6260365645e-01 0.0000000000e+00 0.0000000000e+00
1.6407577073e-01 0.0000000000e+00 0.0000000000e+00
3.1671064751e-02 0.0000000000e+00 0.0000000000e+00
4.5788079811e-02 0.0000000000e+00 0.0000000000e+00
4.5788079811e-02 0.0000000000e+00 0.0000000000e+00
4.3591666035e-02 0.0000000000e+00 0.0000000000e+00
4.5635911326e-02 0.0000000000e+00 0.0000000000e+00
2.5761189405e-02 0.0000000000e+00 0.0000000000e+00
2.5780886567e-02 0.0000000000e+00 0.0000000000e+00
5.1893445974e-02 0.0000000000e+00 0.0000000000e+00
2.5721991900e-02 0.0000000000e+00 0.0000000000e+00
2.5721991900e-02 0.0000000000e+00 0.0000000000e+00
6.3789375747e-02 0.0000000000e+00 0.0000000000e+00
6.3789375747e-02 0.0000000000e+00 0.0000000000e+00
9.5289941877e-02 0.0000000000e+00 0.0000000000e+00
9.5289941877e-02 0.0000000000e+00 0.0000000000e+00
9.5279841994e-02 0.0000000000e+00 0.0000000000e+00
9.5922003811e-02 0.0000000000e+00 0.0000000000e+00
1.9759525359e-01 0.0000000000e+00 0.0000000000e+00
1.9756804779e-01 0.0000000000e+00 0.0000000000e+00
1.9918782388e-01 0.0000000000e+00 0.0000000000e+00
4.5008804649e-02 0.0000000000e+00 0.0000000000e+00
2.6011866673e-03 0.0000000000e+00 0.0000000000e+00
4.6134530256e-02 0.0000000000e+00 0.0000000000e+00
1.2320723198e-01 0.0000000000e+00 0.0000000000e+00
1.2320723198e-01 0.0000000000e+00 0.0000000000e+00
1.0276315982e-01 0.0000000000e+00 0.0000000000e+00
1.0276315982e-01 0.0000000000e+00 0.0000000000e+00
9.7178125133e-02 0.0000000000e+00 0.0000000000e+00
9.7080186009e-02 0.0000000000e+00 0.0000000000e+00
9.6745593473e-02 0.0000000000e+00 0.0000000000e+00
9.7128210589e-02 0.0000000000e+00 0.0000000000e+00
9.5575315878e-02 0.0000000000e+00 0.0000000000e+00
9.5759774869e-02 0.0000000000e+00 0.0000000000e+00
9.5744847630e-02 0.0000000000e+00 0.0000000000e+00
9.5706773301e-02 0.0000000000e+00 0.0000000000e+00
9.5829683046e-02 0.0000000000e+00 0.0000000000e+00
9.7681399435e-02 0.0000000000e+00 0.0000000000e+00
8.6113415038e-02 0.0000000000e+00 0.0000000000e+00
8.4092859800e-02 0.0000000000e+00 0.0000000000e+00
8.4624024108e-02 0.0000000000e+00 0.0000000000e+00
8.4367442876e-02 0.0000000000e+00 0.0000000000e+00
8.0469882737e-02 0.0000000000e+00 0.0000000000e+00
7.9917627697e-02 0.0000000000e+00 0.0000000000e+00
8.0602439120e-02 0.0000000000e+00 0.0000000000e+00
8.0602439120e-02 0.0000000000e+00 0.0000000000e+00
8.0602439120e-02 0.0000000000e+00 0.0000000000e+00
1.6187287495e-01 0.0000000000e+00 0.0000000000e+00
1.6211616372e-01 0.0000000000e+00 0.0000000000e+00
2.3552039887e-01 0.0000000000e+00 0.0000000000e+00
2.3550920437e-01 0.0000000000e+00 0.0000000000e+00
1.7898419996e-01 0.0000000000e+00 0.0000000000e+00
1.7898419996e-01 0.0000000000e+00 0.0000000000e+00
1.2811791648e-01 0.0000000000e+00 0.0000000000e+00
1.2811791648e-01 0.0000000000e+00 0.0000000000e+00
1.2811791648e-01 0.0000000000e+00 0.0000000000e+00
1.8187726041e-01 0.0000000000e+00 0.0000000000e+00
3.5668024917e-01 0.0000000000e+00 0.0000000000e+00
3.3982042223e-01 0.0000000000e+00 0.0000000000e+00
3.4261107445e-01 0.0000000000e+00 0.0000000000e+00
3.3709869782e-01 0.0000000000e+00 0.0000000000e+00
3.4065532933e-01 0.0000000000e+00 0.0000000000e+00
3.6377818386e-01 0.0000000000e+00 0.0000000000e+00
3.6377818386e-01 0.0000000000e+00 0.0000000000e+00
3.6983773857e-01 0.0000000000e+00 0.0000000000e+00
3.5870697349e-01 0.0000000000e+00 0.0000000000e+00
3.9917038381e-01 0.0000000000e+00 0.0000000000e+00
3.8963842392e-01 0.0000000000e+00 0.0000000000e+00
3.6789208651e-01 0.0000000000e+00 0.0000000000e+00
3.6789208651e-01 0.0000000000e+00 0.0000000000e+00
3.9129178971e-01 0.0000000000e+00 0.0000000000e+00
3.9129178971e-01 0.0000000000e+00 0.0000000000e+00
3.9971649895e-01 0.0000000000e+00 0.0000000000e+00
4.1316077858e-01 0.0000000000e+00 0.0000000000e+00
3.7451439848e-01 0.0000000000e+00 0.0000000000e+00
3.2969249288e-01 0.0000000000e+00 0.0000000000e+00
2.1126614263e-01 0.0000000000e+00 0.0000000000e+00
3.7919416030e-01 0.0000000000e+00 0.0000000000e+00
2.1425737316e-01 0.0000000000e+00 0.0000000000e+00
3.7020475666e-01 0.0000000000e+00 0.0000000000e+00
3.7020475666e-01 0.0000000000e+00 0.0000000000e+00
3.7095089505e-01 0.0000000000e+00 0.0000000000e+00
3.7151171019e-01 0.0000000000e+00 0.0000000000e+00
4.4412972281e-01 0.0000000000e+00 0.0000000000e+00
4.4412972281e-01 0.0000000000e+00 0.0000000000e+00
3.6834141364e-01 0.0000000000e+00 0.0000000000e+00
3.7485009183e-01 0.0000000000e+00 0.0000000000e+00
3.6662634462e-01 0.0000000000e+00 0.0000000000e+00
3.7767001490e-01 0.0000000000e+00 0.0000000000e+00
3.9012917131e-01 0.0000000000e+00 0.0000000000e+00
2.9070487122e-01 0.0000000000e+00 0.0000000000e+00
3.8018001616e-01 0.0000000000e+00 0.0000000000e+00
3.8959471881e-01 0.0000000000e+00 0.0000000000e+00
5.9485719601e-01 0.0000000000e+00 0.0000000000e+00
1.5001002947e-01 0.0000000000e+00 0.0000000000e+00
1.5496589492e-01 0.0000000000e+00 0.0000000000e+00
1.5539023404e-01 0.0000000000e+00 0.0000000000e+00
1.3115754289e-01 0.0000000000e+00 0.0000000000e+00
1.3115754289e-01 0.0000000000e+00 0.0000000000e+00
1.3115754289e-01 0.0000000000e+00 0.0000000000e+00
1.8202211459e-01 0.0000000000e+00 0.0000000000e+00
1.8202200904e-01 0.0000000000e+00 0.0000000000e+00
2.2254437953e-01 0.0000000000e+00 0.0000000000e+00
2.2254437953e-01 0.0000000000e+00 0.0000000000e+00
2.2274786731e-01 0.0000000000e+00 0.0000000000e+00
2.2287825743e-01 0.0000000000e+00 0.0000000000e+00
2.2373728330e-01 0.0000000000e+00 0.0000000000e+00
2.2301406413e-01 0.0000000000e+00 0.0000000000e+00
1.8192425991e-01 0.0000000000e+00 0.0000000000e+00
1.8189279238e-01 0.0000000000e+00 0.0000000000e+00
2.2459166621e-01 0.0000000000e+00 0.0000000000e+00
1.6231652101e-01 0.0000000000e+00 0.0000000000e+00
1.6253182665e-01 0.0000000000e+00 0.0000000000e+00
2.9947005957e-01 0.0000000000e+00 0.0000000000e+00
2.9947005957e-01 0.0000000000e+00 0.0000000000e+00
3.4210391094e-01 0.0000000000e+00 0.0000000000e+00
2.8472514823e-01 0.0000000000e+00 0.0000000000e+00
3.4236207604e-01 0.0000000000e+00 0.0000000000e+00
7.1054061875e-02 6.8284895271e-02 3.7681623207e-02
9.4349248335e-02 6.2763936818e-02 2.8727141364e-02
3.4980712583e-01 2.7336923095e-02 3.5523149185e-02
7.8827011089e-02 1.0673256777e-01 3.7568347684e-02
2.8162846497e-02 1.0620405897e-01 3.5360514497e-02
2.1726785383e-02 1.0279154653e-01 3.5868982784e-02
2.8218772107e-02 1.0899329403e-02 3.4597233869e-02
6.7468653743e-02 1.0363697307e-02 2.0733427955e-02
7.0629080757e-02 9.1348836819e-03 2.1064388799e-02
7.8383809887e-03 8.4640979146e-02 2.0451582037e-02
1.5560404165e-02 5.9393018795e-02 3.1658507418e-02
4.2786868600e-02 2.8327541271e-02 2.7702832129e-02
6.1874912431e-02 9.7090921675e-03 2.9847469646e-02
5.0887185770e-02 3.0549502932e-02 2.8699272312e-02
2.5552622508e-02 4.3186630433e-02 3.2972278539e-02
1.5855527048e-01 5.6771691268e-02 2.9232059450e-02
2.3717911914e-02 1.0046587869e-02 4.2196588280e-02
7.8013081104e-02 3.2759122550e-02 3.4024637969e-02
6.4764599937e-02 3.0707261215e-02 3.0502891168e-02
6.2140791056e-02 2.7222963050e-01 2.7623428963e-02
4.9127308652e-02 1.8762096887e-01 4.0390410150e-02
4.9127308652e-02 1.8762096887e-01 4.0390410150e-02
2.7744130697e-02 2.0352075497e-01 2.2675775768e-02
2.6078829076e-02 8.2840096205e-02 4.0478688354e-02
5.8052299234e-02 1.5257960930e-01 3.1769164372e-02
2.3531714827e-01 1.7828161269e-01 1.0290161474e-02
2.4531145891e-01 1.8536622326e-01 1.0998193252e-02
7.0198439062e-07 0.0000000000e+00 0.0000000000e+00
7.0161121357e-07 0.0000000000e+00 0.0000000000e+00
7.0205976499e-07 0.0000000000e+00 0.0000000000e+00
7.0141564379e-07 0.0000000000e+00 0.0000000000e+00
7.0227480364e-07 0.0000000000e+00 0.0000000000e+00
7.0215219239e-07 0.0000000000e+00 0.0000000000e+00
7.0222773729e-07 0.0000000000e+00 0.0000000000e+00
4.4858086767e-05 0.0000000000e+00 0.0000000000e+00
4.4821259507e-05 0.0000000000e+00 0.0000000000e+00
1.0000334260e-04 0.0000000000e+00 0.0000000000e+00
4.4819570273e-05 0.0000000000e+00 0.0000000000e+00
4.4819570273e-05 0.0000000000e+00 0.0000000000e+00
4.4864307711e-05 0.0000000000e+00 0.0000000000e+00
4.4795221584e-05 0.0000000000e+00 0.0000000000e+00
4.4795221584e-05 0.0000000000e+00 0.0000000000e+00
4.4813546992e-05 0.0000000000e+00 0.0000000000e+00
4.5020766568e-05 0.0000000000e+00 0.0000000000e+00
4.5020766568e-05 0.0000000000e+00 0.0000000000e+00
4.5260922586e-05 0.0000000000e+00 0.0000000000e+00
4.5260922586e-05 0.0000000000e+00 0.0000000000e+00
4.4864995289e-05 0.0000000000e+00 0.0000000000e+00
4.4867123506e-05 0.0000000000e+00 0.0000000000e+00
4.4867123506e-05 0.0000000000e+00 0.0000000000e+00
5.1041066702e-05 0.0000000000e+00 0.0000000000e+00
4.4869440899e-05 0.0000000000e+00 0.0000000000e+00
4.4875429012e-05 0.0000000000e+00 0.0000000000e+00
6.0906449410e-05 0.0000000000e+00 0.0000000000e+00
9.0753235175e-05 0.0000000000e+00 0.0000000000e+00
9.0753235175e-05 0.0000000000e+00 0.0000000000e+00
9.0753235175e-05 0.0000000000e+00 0.0000000000e+00
8.4064446734e-05 0.0000000000e+00 0.0000000000e+00
8.4194999242e-05 0.0000000000e+00 0.0000000000e+00
4.4870237616e-05 0.0000000000e+00 0.0000000000e+00
4.4870237616e-05 0.0000000000e+00 0.0000000000e+00
4.4858632464e-05 0.0000000000e+00 0.0000000000e+00
4.4864544179e-05 0.0000000000e+00 0.0000000000e+00
4.4867432734e-05 0.0000000000e+00 0.0000000000e+00
1.1164366454e-04 0.0000000000e+00 0.0000000000e+00
4.4885731768e-05 0.0000000000e+00 0.0000000000e+00
4.4885866373e-05 0.0000000000e+00 0.0000000000e+00
1.9355138764e-01 0.0000000000e+00 0.0000000000e+00
9.7143905858e-02 0.0000000000e+00 0.0000000000e+00
4.4873494213e-05 0.0000000000e+00 0.0000000000e+00
1.0211301409e-01 0.0000000000e+00 0.0000000000e+00
8.5159751897e-02 0.0000000000e+00 0.0000000000e+00
4.4868404075e-05 0.0000000000e+00 0.0000000000e+00
4.5261622290e-05 0.0000000000e+00 0.0000000000e+00
6.5795347534e-05 0.0000000000e+00 0.0000000000e+00
1.7629100507e-01 0.0000000000e+00 0.0000000000e+00
6.9151808323e-05 0.0000000000e+00 0.0000000000e+00
6.9151808323e-05 0.0000000000e+00 0.0000000000e+00
9.0534499577e-05 0.0000000000e+00 0.0000000000e+00
6.3150078252e-05 0.0000000000e+00 0.0000000000e+00
6.3150078252e-05 0.0000000000e+00 0.0000000000e+00
6.0019306528e-02 0.0000000000e+00 0.0000000000e+00
1.0573964690e-01 0.0000000000e+00 0.0000000000e+00
4.4824658592e-05 0.0000000000e+00 0.0000000000e+00
4.4799814532e-05 0.0000000000e+00 0.0000000000e+00
4.4842206989e-05 0.0000000000e+00 0.0000000000e+00
4.4835167500e-05 0.0000000000e+00 0.0000000000e+00
4.4880664063e-05 0.0000000000e+00 0.0000000000e+00
4.4825097575e-05 0.0000000000e+00 0.0000000000e+00
4.4825097575e-05 0.0000000000e+00 0.0000000000e+00
4.4825097575e-05 0.0000000000e+00 0.0000000000e+00
4.4810840336e-05 0.0000000000e+00 0.0000000000e+00
4.4810840336e-05 0.0000000000e+00 0.0000000000e+00
2.9358542694e-04 0.0000000000e+00 0.0000000000e+00
7.4888277838e-03 0.0000000000e+00 0.0000000000e+00
1.2423495203e-01 0.0000000000e+00 0.0000000000e+00
1.5974862278e+00 0.0000000000e+00 0.0000000000e+00
1.5974862278e+00 0.0000000000e+00 0.0000000000e+00
3.9030787535e-02 0.0000000000e+00 0.0000000000e+00
2.3825032986e-04 0.0000000000e+00 0.0000000000e+00
2.3825032986e-04 0.0000000000e+00 0.0000000000e+00
1.2529459894e+00 0.0000000000e+00 0.0000000000e+00
8.0736246208e-01 0.0000000000e+00 0.0000000000e+00
2.5648262575e-04 0.0000000000e+00 0.0000000000e+00
7.6086159547e-01 0.0000000000e+00 0.0000000000e+00
2.4539775040e-04 1.5650757511e-02 1.8829243539e-03
3.9747949389e-04 2.0469303786e-02 1.6308366406e-03
6.0882516361e-04 5.4234316231e-03 3.6394211663e-03
4.5345836629e-02 2.1197222892e-03 3.3058741780e-03
9.0851754571e-02 2.7119058340e-02 1.5196131305e-03
2.4860236978e-03 1.4963607963e-02 5.7262400078e-03
2.4860236978e-03 1.4963607963e-02 5.7262400078e-03
4.1406848313e-02 2.1259281629e-02 2.7414354942e-03
1.5207095941e-01 4.7281519199e-02 1.0672799182e-02
9.2481563489e-02 1.5155965162e-05 1.1888444113e-02
1.8429281190e-01 1.0849009501e-02 1.2645337022e-03
1.9085316671e-04 3.1292775956e-02 9.6305638726e-04
4.3426083711e-02 3.9278873980e-05 1.3822161733e-03
9.0806484271e-05 4.2469880544e-02 1.8171130117e-03
9.3923331709e-05 4.0002973440e-02 1.9262394392e-03
1.9352521485e-04 4.0192000568e-02 1.8028189697e-03
1.9352521485e-04 4.0192000568e-02 1.8028189697e-03
2.3931195392e-04 1.8076939508e-02 8.8846050688e-03
1.2072386016e-04 4.4104472424e-02 6.6275831584e-03
9.2789286403e-05 1.1237068781e-02 5.7423765441e-03
2.5999833209e-04 3.0888894961e-02 6.1911475786e-03
1.3774541124e-04 2.7040585876e-02 6.1038127848e-03
1.5344518033e-04 1.1296896264e-02 5.7145276660e-03
1.9265794072e-04 1.7940931798e-02 5.8084376700e-03
1.5618539207e-04 1.8866490107e-02 6.5801508220e-03
2.3038695144e-04 3.0515349004e-02 6.2752717252e-03
6.1438971898e-05 2.7524879202e-02 4.9064696456e-03
6.1285638367e-05 3.8804433619e-02 1.2478286008e-03
6.1288461438e-05 2.6023542198e-02 1.2767581890e-03
6.1287247566e-05 2.7050542490e-02 1.3604223835e-03
6.1608006339e-05 8.4805298211e-03 6.0779553217e-03
6.1608006339e-05 8.4805298211e-03 6.0779553217e-03
6.1608006339e-05 8.4805298211e-03 6.0779553217e-03
6.1275663029e-05 1.0383059725e-02 2.2660277803e-03
6.1276077759e-05 2.8090984793e-02 2.6892981841e-03
7.2581315787e-05 3.7828136546e-02 9.3177029242e-03
9.0601767321e-05 9.4845771237e-03 6.4106712816e-03
8.8453067292e-05 1.5119001657e-02 3.6696998674e-03
9.0598962439e-05 2.7629393463e-02 1.7841849942e-02
8.7279717870e-05 2.7969335672e-02 3.1079920300e-03
8.8944590364e-05 1.7834674334e-02 2.7605211314e-03
8.8944590364e-05 1.7834674334e-02 2.7605211314e-03
9.6968339373e-05 2.6430584102e-02 2.1990136437e-02
1.1603557262e-04 1.7779551990e-02 2.3660215811e-03
9.5616028072e-05 2.5111669830e-02 3.2400746168e-03
9.2636208137e-05 2.7284982459e-02 2.4305554495e-02
9.8968686264e-05 2.0311314768e-02 1.4220448987e-02
1.1600114764e-04 2.9991548974e-02 2.3053407281e-02
2.2452489551e-04 2.9772279086e-02 2.3154999129e-02
1.8439164342e-04 3.6377703771e-02 3.0628680688e-03
1.7079401451e-02 2.7589529908e-02 3.1621665112e-03
1.6750162933e-02 3.2446532045e-02 9.4461987416e-03
9.6495693550e-02 3.0192481509e-02 3.5047530255e-03
1.0095825605e-01 3.3370912696e-02 4.1196201443e-03
5.8015186340e-02 2.6992146857e-02 9.2739889321e-03
5.4795250917e-02 3.1457754162e-02 8.7613683427e-03
5.4795250917e-02 3.1457754162e-02 8.7613683427e-03
5.2347977335e-02 3.4385579638e-02 1.0771832623e-02
8.3344807227e-02 2.9123625796e-02 7.3180970891e-03
2.8785222365e-02 3.2699198462e-02 1.5802449159e-02
1.3221781887e-01 2.7455507234e-02 1.1873234839e-02
3.8702854576e-02 3.4586687417e-02 4.3502264190e-02
5.3079866183e-02 3.4323605864e-02 2.0618606980e-02
1.4879345428e-02 2.9032127621e-02 3.0572148301e-03
1.4879345428e-02 2.9032127621e-02 3.0572148301e-03
3.7607585701e-02 2.3504487394e-02 5.3071767092e-02
3.1676196648e-02 2.2713053273e-02 3.4890996913e-02
1.5849877071e-02 2.1921359779e-02 2.1801464415e-02
2.3019651902e-03 2.2293609567e-02 2.0442986703e-03
4.9457840932e-02 2.3379087293e-02 1.0601926517e-02
2.2327474338e-03 2.4610010131e-02 2.2876846913e-04
1.0500234490e-01 3.9675317084e-02 8.9747291058e-02
1.5076419339e-02 2.1377114424e-02 5.9245163660e-05
1.4867462140e-02 2.1186286273e-02 7.7494127860e-05
1.4954178128e-02 2.2285580635e-02 2.0715691227e-02
1.5480879151e-02 2.0221377878e-02 1.3088002726e-02
1.4679374484e-02 2.2697273642e-02 8.9107323826e-03
1.4780048359e-02 1.9763282655e-02 5.9144604469e-05
1.4711820520e-02 2.3231488963e-02 1.3043713074e-02
1.4733184983e-02 2.0234270642e-02 8.8457710905e-03
1.4944339171e-02 3.3407328185e-02 1.1742202667e-02
1.4992694836e-02 2.8569495305e-02 7.7676419951e-03
3.8520253263e-02 2.2349704057e-02 8.6370826223e-03
1.5478570402e-02 3.3417473858e-02 2.4187446572e-02
1.7056779470e-02 3.6247603906e-02 2.1738659823e-02
3.5821415950e-02 0.0000000000e+00 0.0000000000e+00
4.9025085755e-02 0.0000000000e+00 0.0000000000e+00
2.4223010056e-02 0.0000000000e+00 0.0000000000e+00
5.8374688961e-03 0.0000000000e+00 0.0000000000e+00
1.5216489090e-02 0.0000000000e+00 0.0000000000e+00
2.4286853770e-02 0.0000000000e+00 0.0000000000e+00
1.5834223557e-02 0.0000000000e+00 0.0000000000e+00
8.9363127869e-03 0.0000000000e+00 0.0000000000e+00
9.4348086665e-02 0.0000000000e+00 0.0000000000e+00
9.7249799098e-02 0.0000000000e+00 0.0000000000e+00
9.7249799098e-02 0.0000000000e+00 0.0000000000e+00
2.0858349356e-02 0.0000000000e+00 0.0000000000e+00
1.5471533080e-06 0.0000000000e+00 0.0000000000e+00
9.9370374566e-07 0.0000000000e+00 0.0000000000e+00
1.0503693484e-02 0.0000000000e+00 0.0000000000e+00
9.9015858268e-07 0.0000000000e+00 0.0000000000e+00
5.4102720052e-06 0.0000000000e+00 0.0000000000e+00
5.4102720052e-06 0.0000000000e+00 0.0000000000e+00
1.1626516779e-02 0.0000000000e+00 0.0000000000e+00
9.1648139680e-02 0.0000000000e+00 0.0000000000e+00
1.5274776767e-01 0.0000000000e+00 0.0000000000e+00
1.6968726988e-01 0.0000000000e+00 0.0000000000e+00
1.1758984439e-01 0.0000000000e+00 0.0000000000e+00
1.2287139706e-01 0.0000000000e+00 0.0000000000e+00
1.2057831200e-01 0.0000000000e+00 0.0000000000e+00
6.4240644996e-02 0.0000000000e+00 0.0000000000e+00
1.1048265919e-01 0.0000000000e+00 0.0000000000e+00
9.8097216959e-02 0.0000000000e+00 0.0000000000e+00
5.0052217394e-01 0.0000000000e+00 0.0000000000e+00
2.7002970091e-04 0.0000000000e+00 0.0000000000e+00
1.9922457759e-03 0.0000000000e+00 0.0000000000e+00
4.2057634487e-02 0.0000000000e+00 0.0000000000e+00
1.9054267928e-01 0.0000000000e+00 0.0000000000e+00
2.0735935122e-01 0.0000000000e+00 0.0000000000e+00
1.6531966751e-01 0.0000000000e+00 0.0000000000e+00
2.4084911371e-01 0.0000000000e+00 0.0000000000e+00
1.4493889237e-01 0.0000000000e+00 0.0000000000e+00
1.7761065811e-01 0.0000000000e+00 0.0000000000e+00
1.7761065811e-01 0.0000000000e+00 0.0000000000e+00
1.5523142119e-01 0.0000000000e+00 0.0000000000e+00
9.7604377195e-02 0.0000000000e+00 0.0000000000e+00
1.6535396501e-01 0.0000000000e+00 0.0000000000e+00
1.3920355899e-01 0.0000000000e+00 0.0000000000e+00
1.3920355899e-01 0.0000000000e+00 0.0000000000e+00
2.1794722974e-01 0.0000000000e+00 0.0000000000e+00
1.7632085582e-01 0.0000000000e+00 0.0000000000e+00
7.9262774127e-02 0.0000000000e+00 0.0000000000e+00
2.2219550858e-01 0.0000000000e+00 0.0000000000e+00
2.6503507420e-01 0.0000000000e+00 0.0000000000e+00
2.6173122972e-01 0.0000000000e+00 0.0000000000e+00
2.6173122972e-01 0.0000000000e+00 0.0000000000e+00
3.8203925143e-01 0.0000000000e+00 0.0000000000e+00
3.7880896280e-01 0.0000000000e+00 0.0000000000e+00
3.6171524723e-01 0.0000000000e+00 0.0000000000e+00
3.8403217494e-01 0.0000000000e+00 0.0000000000e+00
2.9995274792e-01 0.0000000000e+00 0.0000000000e+00
3.2051065440e-01 0.0000000000e+00 0.0000000000e+00
2.8817177564e-01 0.0000000000e+00 0.0000000000e+00
2.9507483294e-01 0.0000000000e+00 0.0000000000e+00
9.6139368912e-01 0.0000000000e+00 0.0000000000e+00
4.4923346986e-01 0.0000000000e+00 0.0000000000e+00
7.9770023127e-01 0.0000000000e+00 0.0000000000e+00
8.2577184339e-01 0.0000000000e+00 0.0000000000e+00
2.9318828136e-01 0.0000000000e+00 0.0000000000e+00
2.4622453749e-01 0.0000000000e+00 0.0000000000e+00
2.4766002347e-01 0.0000000000e+00 0.0000000000e+00
2.0348414282e-01 0.0000000000e+00 0.0000000000e+00
2.5556760281e-01 0.0000000000e+00 0.0000000000e+00
2.5556760281e-01 0.0000000000e+00 0.0000000000e+00
3.2174355288e-01 0.0000000000e+00 0.0000000000e+00
2.5781886776e-01 0.0000000000e+00 0.0000000000e+00
1.8878372014e-01 0.0000000000e+00 0.0000000000e+00
3.4228064368e-01 0.0000000000e+00 0.0000000000e+00
1.5745754912e-01 0.0000000000e+00 0.0000000000e+00
1.5745754912e-01 0.0000000000e+00 0.0000000000e+00
1.6497207743e-01 0.0000000000e+00 0.0000000000e+00
1.6590010064e-01 0.0000000000e+00 0.0000000000e+00
1.6590010064e-01 0.0000000000e+00 0.0000000000e+00
2.1472346534e-01 0.0000000000e+00 0.0000000000e+00
2.1402753765e-01 0.0000000000e+00 0.0000000000e+00
3.5012574494e-01 0.0000000000e+00 0.0000000000e+00
3.5012574494e-01 0.0000000000e+00 0.0000000000e+00
3.3213833223e-01 0.0000000000e+00 0.0000000000e+00
3.3213833223e-01 0.0000000000e+00 0.0000000000e+00
2.5732310613e-01 0.0000000000e+00 0.0000000000e+00
3.4566556662e-01 0.0000000000e+00 0.0000000000e+00
3.0012207975e-01 0.0000000000e+00 0.0000000000e+00
3.0012207975e-01 0.0000000000e+00 0.0000000000e+00
3.3811217298e-01 0.0000000000e+00 0.0000000000e+00
1.8405948703e-01 0.0000000000e+00 0.0000000000e+00
1.8925442795e-01 0.0000000000e+00 0.0000000000e+00
2.2909828524e-01 0.0000000000e+00 0.0000000000e+00
2.2056889161e-01 0.0000000000e+00 0.0000000000e+00
1.6547793522e-01 0.0000000000e+00 0.0000000000e+00
1.6547793522e-01 0.0000000000e+00 0.0000000000e+00
1.2697589460e-01 0.0000000000e+00 0.0000000000e+00
1.9668914999e-01 0.0000000000e+00 0.0000000000e+00
1.9327793643e-01 0.0000000000e+00 0.0000000000e+00
9.3257327875e-02 0.0000000000e+00 0.0000000000e+00
1.4856909898e-01 0.0000000000e+00 0.0000000000e+00
1.5103910863e-01 0.0000000000e+00 0.0000000000e+00
1.3748238608e-01 0.0000000000e+00 0.0000000000e+00
1.4427004941e-01 0.0000000000e+00 0.0000000000e+00
1.4391499509e-01 0.0000000000e+00 0.0000000000e+00
1.9515714422e-01 0.0000000000e+00 0.0000000000e+00
1.6174324478e-01 0.0000000000e+00 0.0000000000e+00
1.4088235485e-01 0.0000000000e+00 0.0000000000e+00
1.4088235485e-01 0.0000000000e+00 0.0000000000e+00
2.0235795155e-01 0.0000000000e+00 0.0000000000e+00
1.8567476918e-01 0.0000000000e+00 0.0000000000e+00
1.5018933328e-01 0.0000000000e+00 0.0000000000e+00
1.5018933328e-01 0.0000000000e+00 0.0000000000e+00
1.3727454282e-01 0.0000000000e+00 0.0000000000e+00
3.5992047936e-01 0.0000000000e+00 0.0000000000e+00
3.1449494635e-01 0.0000000000e+00 0.0000000000e+00
3.6277834202e-01 0.0000000000e+00 0.0000000000e+00
3.9805947368e-01 0.0000000000e+00 0.0000000000e+00
1.9366566651e-01 0.0000000000e+00 0.0000000000e+00
3.1879478320e-01 0.0000000000e+00 0.0000000000e+00
3.7642178188e-01 0.0000000000e+00 0.0000000000e+00
2.7180108552e-01 0.0000000000e+00 0.0000000000e+00
1.2675288502e-02 0.0000000000e+00 0.0000000000e+00
1.0288487829e-02 0.0000000000e+00 0.0000000000e+00
1.7892820392e-02 0.0000000000e+00 0.0000000000e+00
2.4382267768e-02 0.0000000000e+00 0.0000000000e+00
3.3409979893e-02 0.0000000000e+00 0.0000000000e+00
1.5490586772e-02 0.0000000000e+00 0.0000000000e+00
3.6223838300e-03 0.0000000000e+00 0.0000000000e+00
3.8179138210e-03 0.0000000000e+00 0.0000000000e+00
1.7128449477e-02 0.0000000000e+00 0.0000000000e+00
1.6564466447e-02 0.0000000000e+00 0.0000000000e+00
1.7641253420e-02 0.0000000000e+00 0.0000000000e+00
4.0354306693e-03 0.0000000000e+00 0.0000000000e+00
4.2068292775e-03 0.0000000000e+00 0.0000000000e+00
4.2708037266e-03 0.0000000000e+00 0.0000000000e+00
2.3181480162e-02 0.0000000000e+00 0.0000000000e+00
2.0358606882e-02 0.0000000000e+00 0.0000000000e+00
1.0065449887e-02 0.0000000000e+00 0.0000000000e+00
2.1507376941e-02 0.0000000000e+00 0.0000000000e+00
4.4997818574e-03 0.0000000000e+00 0.0000000000e+00
2.0960429916e-02 0.0000000000e+00 0.0000000000e+00
8.8308174745e-03 0.0000000000e+00 0.0000000000e+00
6.5551240550e-03 0.0000000000e+00 0.0000000000e+00
6.5551240550e-03 0.0000000000e+00 0.0000000000e+00
2.4435252999e-02 0.0000000000e+00 0.0000000000e+00
2.1416800097e-01 0.0000000000e+00 0.0000000000e+00
2.4528046895e-02 0.0000000000e+00 0.0000000000e+00
2.4667809485e-02 0.0000000000e+00 0.0000000000e+00
2.4025839753e-02 0.0000000000e+00 0.0000000000e+00
2.4025839753e-02 0.0000000000e+00 0.0000000000e+00
2.0718762205e-02 0.0000000000e+00 0.0000000000e+00
2.5310338494e-02 0.0000000000e+00 0.0000000000e+00
2.7163061954e-02 0.0000000000e+00 0.0000000000e+00
2.3626748705e-02 0.0000000000e+00 0.0000000000e+00
1.7492033890e-02 0.0000000000e+00 0.0000000000e+00
3.6146839149e-02 1.0450300140e-01 3.2728408318e-02
5.3825726422e-02 1.1712570302e-01 3.0107699034e-02
3.4063995195e-02 9.3127653624e-02 2.8829531657e-02
5.0355141362e-02 1.3192728100e-01 4.4822484973e-02
3.6397945136e-02 1.1575064311e-01 2.2598557150e-02
4.6699085942e-05 1.1458679661e-01 1.9888126869e-02
4.6679954721e-05 1.2400151603e-01 3.1905793619e-02
4.9002962442e-05 3.9213768595e-02 3.1814776453e-02
2.9666464621e-02 0.0000000000e+00 0.0000000000e+00
2.8474542312e-02 0.0000000000e+00 0.0000000000e+00
3.0014741700e-02 0.0000000000e+00 0.0000000000e+00
1.2822020799e-02 0.0000000000e+00 0.0000000000e+00
1.2822020799e-02 0.0000000000e+00 0.0000000000e+00
2.9009750734e-01 0.0000000000e+00 0.0000000000e+00
3.3902526398e-01 0.0000000000e+00 0.0000000000e+00
2.6869286845e-01 0.0000000000e+00 0.0000000000e+00
2.3296208431e-01 0.0000000000e+00 0.0000000000e+00
2.3296208431e-01 0.0000000000e+00 0.0000000000e+00
2.7484668046e-01 0.0000000000e+00 0.0000000000e+00
2.7370816469e-01 0.0000000000e+00 0.0000000000e+00
2.6475705206e-01 0.0000000000e+00 0.0000000000e+00
3.2644125074e-01 0.0000000000e+00 0.0000000000e+00
3.1413100163e-01 0.0000000000e+00 0.0000000000e+00
3.3302782973e-01 0.0000000000e+00 0.0000000000e+00
3.4852607797e-01 0.0000000000e+00 0.0000000000e+00
3.4780910114e-01 0.0000000000e+00 0.0000000000e+00
3.5524511834e-01 0.0000000000e+00 0.0000000000e+00
3.1346239150e-01 0.0000000000e+00 0.0000000000e+00
3.8773839983e-02 5.4042771856e-03 3.8538382675e-04
6.2577005786e-02 8.6522477601e-03 8.0633761293e-04
6.2577005786e-02 8.6522477601e-03 8.0633761293e-04
5.3052957480e-02 1.0990407512e-02 2.0397776315e-06
4.0119750115e-02 9.0329462352e-03 1.0642879157e-03
4.0119750115e-02 9.0329462352e-03 1.0642879157e-03
1.9478659791e-04 8.1030878161e-03 9.3448983195e-03
5.3314273828e-05 1.8102902221e-02 4.9589365954e-03
5.3337073041e-05 3.6536935717e-02 2.7368434166e-04
8.3224545051e-05 1.6615537539e-02 7.9236502449e-03
2.6878557168e-02 2.0536128121e-02 3.6668914642e-03
5.3374486015e-05 1.3154652668e-02 6.1348356151e-03
5.3360337915e-05 1.2331592734e-02 9.7932126373e-03
5.3355361160e-05 1.3136562969e-02 5.5895532326e-03
5.3373143601e-05 1.0690071116e-02 5.3669404782e-03
5.3319183583e-05 1.2043384369e-02 2.5323049786e-02
5.3359977755e-05 1.2532592053e-02 2.3380564371e-02
1.5379850132e-02 1.0852857570e-02 2.5255835887e-03
1.4201297987e-04 1.2578130622e-02 1.4171967050e-02
7.6534223432e-03 1.7171208203e-02 2.5476183509e-03
2.6667650944e-02 8.5888703664e-03 1.3058757274e-04
8.3332817060e-05 6.2038789038e-03 7.6698631669e-02
8.2199967437e-05 9.7519393312e-03 6.1922376355e-02
8.2184014900e-05 2.1334085858e-03 8.8413627818e-02
1.8964268626e-04 2.3912704885e-03 9.3779210001e-02
2.6251799136e-04 1.9039597417e-03 6.3311449873e-02
1.2179523947e-04 1.8348863529e-03 5.2879620654e-02
1.8056774691e-04 7.0623260923e-02 1.3488215080e-04
2.7475569489e-04 1.5280420581e-02 2.3663913676e-02
8.9501456993e-05 9.1092454580e-03 3.0689223980e-02
1.3506127410e-04 2.0367118868e-03 2.5232962177e-02
8.2014927708e-05 4.1364763941e-03 2.3434919460e-02
8.2073682279e-05 3.1173778019e-03 2.4042653851e-02
2.9075310158e-04 3.9471948985e-03 2.2896120014e-02
8.2109408443e-05 9.8433326930e-03 3.5544310140e-03
8.2109408443e-05 9.8433326930e-03 3.5544310140e-03
7.4811504067e-03 8.1163512077e-03 2.3162232401e-02
1.1117930990e-04 4.0689903350e-03 2.3344407324e-02
3.1638043583e-04 3.7613179884e-03 2.2247917019e-02
1.4633458050e-02 8.3157661914e-03 4.9099959938e-05
1.2331464910e-02 3.1278437333e-03 7.3404320356e-03
6.0659385286e-02 1.2160428218e-02 2.3207344968e-02
1.0156950991e-02 9.0958984802e-03 2.0378526843e-02
1.5266983670e-04 1.9116290069e-02 2.1243371768e-02
8.2123988250e-05 1.6277426039e-02 2.1728897312e-02
2.5818848982e-02 2.0479688731e-02 5.2267335355e-02
3.4636613913e-02 7.9490620022e-03 2.0947904636e-02
8.2686693834e-05 7.3545621398e-02 4.8767237521e-05
2.8690110897e-04 1.8422709778e-02 2.0909578307e-02
1.1424690092e-04 9.7230461445e-04 2.3770144675e-02
3.0064130139e-04 4.5722502129e-02 4.8711043708e-05
2.4020500617e-04 2.7261784801e-03 9.7344413877e-03
1.7667087537e-02 1.1530374565e-02 2.5582043920e-02
8.2120626757e-05 2.0569421855e-03 2.8482906210e-02
8.2106484721e-05 2.0343262167e-04 1.4803353542e-02
1.3340377016e-02 1.1250870884e-02 2.3813195216e-02
1.0305499154e-02 5.7344020267e-03 2.3618894629e-02
3.4916128522e-03 3.2563324241e-03 2.7027796643e-02
6.6965914642e-03 1.5308287538e-02 2.3379474413e-02
3.1123859905e-04 1.5055602339e-02 2.1551095958e-02
7.1090023169e-03 3.2262467818e-05 2.3967606326e-02
7.1090023169e-03 3.2262467818e-05 2.3967606326e-02
1.1729203203e-03 8.5271304124e-03 2.3281616857e-02
1.3204058399e-02 7.2954319326e-05 2.5736506407e-02
6.0661601892e-03 6.3778133638e-04 2.0514037072e-02
3.0543179673e-04 5.4814952115e-03 2.7887876146e-02
8.2172795373e-05 2.6743455480e-04 2.5298777968e-02
8.2172795373e-05 1.2598482892e-02 3.3889688396e-02
8.2064098630e-05 2.3009835122e-02 2.0775775037e-02
8.2145801571e-05 2.6665772001e-02 2.2770968654e-02
8.2091423489e-05 3.3214793696e-02 2.0626001215e-02
8.2154700067e-05 3.5191514064e-02 2.0243672654e-02
8.6384628351e-05 1.2201580607e-02 4.2852550008e-03
8.2132276172e-05 2.2757675149e-02 2.0417521242e-02
8.2069699905e-05 1.5708393146e-02 2.0491537250e-02
8.2189479144e-05 2.3806242039e-02 2.0395313079e-02
8.2175116404e-05 1.6819430050e-02 1.5435995922e-02
8.2175116404e-05 1.1268219717e-02 1.4168545255e-02
8.2021666458e-05 3.7949289583e-02 1.0147092802e-01
1.2612781757e-04 1.9158127174e-02 8.6663789737e-02
1.3012740055e-04 3.6819695728e-02 6.9910850376e-02
8.2190423200e-05 6.8233363563e-03 9.1275334425e-03
8.2034743173e-05 3.0486960585e-02 8.0977272615e-03
1.2748513655e-04 3.2811323026e-02 9.1148806115e-02
8.2116195699e-05 1.7582848629e-02 5.4292212619e-03
1.6308977501e-02 1.1438231353e-03 8.5168718433e-03
8.2190643298e-05 2.8902517709e-03 7.3825296984e-04
8.6051881226e-05 3.2746591993e-03 5.2316636448e-03
8.2175676653e-05 3.7058679251e-03 9.3231321380e-03
2.1226095967e-02 4.0316269587e-04 2.2351860651e-02
8.2127693531e-05 2.8151142712e-03 5.4351887396e-03
8.2196216681e-05 2.3327940580e-03 3.4531480875e-03
1.8552032270e-04 1.1783838194e-02 1.6450207826e-02
8.2124304148e-05 5.9022140534e-03 2.0437809721e-02
2.4990639960e-01 5.3262994576e-03 6.4403254531e-02
1.0820367474e-02 2.7999954746e-03 2.2223891086e-02
7.3326224083e-05 2.0168119790e-03 2.9871498995e-02
1.1067716696e-04 2.5196793704e-03 3.0138980928e-02
7.3330602997e-05 1.9998671511e-03 3.5257581412e-02
6.0190718893e-03 2.8490244428e-03 4.1571605553e-02
2.2288085272e-01 9.4760930806e-03 6.6538766815e-02
2.6532303790e-01 4.1834141884e-03 4.6271865819e-02
7.4700843543e-02 2.9358835382e-03 4.6632273201e-02
2.5811856923e-02 1.2837491771e-03 3.4585034882e-05
8.0417130763e-02 6.3996863719e-03 2.8158042126e-04
6.7545829651e-02 3.5827690735e-03 6.7938179958e-04
5.5254555618e-02 8.7524687794e-03 1.6971075653e-04
1.1923085836e-01 3.0412584141e-03 1.0103229673e-03
1.1238428172e-02 1.9749512066e-03 3.1843136715e-05
6.2147892080e-02 5.9875574661e-03 1.5707777675e-04
6.2147892080e-02 5.9875574661e-03 1.5707777675e-04
6.2147892080e-02 5.9875574661e-03 1.5707777675e-04
5.4431188541e-02 3.0532391121e-02 3.6708391561e-04
3.4495664605e-02 6.8016877398e-02 1.8385001348e-04
4.0049253963e-02 2.1581452311e-02 1.3053453749e-04
4.0049253963e-02 2.1581452311e-02 1.3053453749e-04
8.2408339096e-02 3.8728980551e-02 6.4842884232e-04
1.0037062038e-01 9.6987312970e-02 6.3683508025e-04
1.6483750256e-01 2.9251005656e-02 2.7124370456e-04
1.3799023380e-01 2.8340523791e-02 2.6322933737e-04
1.1669950560e-01 1.2609469559e-02 7.2300071400e-03
1.1669950560e-01 1.2609469559e-02 7.2300071400e-03
8.6896437531e-02 6.0374216118e-03 4.1435107002e-03
1.2262521341e-03 4.9571959050e-03 6.8979003299e-04
3.8519984422e-02 5.1007864992e-03 3.2950205011e-03
6.5955457278e-02 5.1552418930e-03 3.4370749151e-03
4.7317907369e-02 6.1352763150e-03 1.8285734926e-03
8.9175103077e-02 8.0096266465e-03 6.1246373625e-03
1.9993041828e-01 6.2768326801e-03 3.3365063973e-03
7.2351195229e-02 5.4241305334e-03 4.4613159601e-03
1.3961039619e-02 3.1097718638e-03 7.3527891490e-04
7.7377167763e-02 6.7138198356e-03 3.2113144480e-03
1.6663518796e-01 5.8697267280e-03 5.1044414116e-03
9.7061393782e-02 5.6935895943e-03 4.2243558564e-03
3.3824697882e-01 4.8045264169e-03 4.9104182253e-03
1.1290038253e-01 1.1815779319e-02 6.6609303673e-03
1.9501093278e-01 6.8845885835e-03 1.8510833809e-03
3.8261571030e-01 7.0806044775e-03 2.3068707790e-03
7.3330047599e-05 1.8174299970e-02 2.0728459693e-05
7.3330047599e-05 1.8174299970e-02 2.0728459693e-05
7.3256349424e-05 1.1596709276e-02 1.4211652451e-05
1.8088516784e-04 1.4007148527e-02 2.3996373083e-05
7.3319992225e-05 1.9308114424e-02 1.9254204005e-05
1.0355586108e-02 3.9866201114e-02 2.2127561194e-03
1.2589167183e-02 2.6546740439e-02 6.0117218527e-03
1.2898886111e-02 4.7408049305e-02 2.0069379608e-01
1.2808840761e-02 5.8217050197e-02 1.6664632410e-01
9.8113553055e-03 2.3114156211e-02 4.3661466528e-03
1.1055801762e-02 5.0884047213e-02 2.0009579385e-01
1.1899591850e-02 7.3722590382e-02 1.2151371874e-01
1.1006441433e-02 8.2395805046e-02 1.3241238395e-01
1.3148669891e-02 7.7613697077e-02 1.5107349927e-01
1.1283106015e-02 4.6903254794e-02 5.0510412160e-03
4.9245028446e-03 1.9339506328e-01 2.2919948678e-03
1.2298662099e-02 6.7696480546e-03 4.8717160088e-02
1.4268574577e-02 1.1010810112e-02 1.9989329701e-01
1.4308348143e-02 8.8841586839e-03 1.6347654909e-01
2.1139130384e-02 1.1793684292e-02 2.1743273859e-01
1.1131911539e-02 1.4402851074e-02 8.4164717545e-02
8.4607425379e-03 1.3613832183e-02 3.6199081818e-03
6.0893834064e-03 1.1689853932e-02 1.2230353721e-02
3.8374795113e-03 7.3557978418e-03 8.4806270897e-03
5.2336636581e-03 8.7126027017e-03 1.4049015163e-02
6.4880496357e-03 9.8639314917e-03 1.0388600640e-02
4.1554773246e-03 1.2352579351e-02 4.9571760620e-02
1.8127383725e-03 1.3759164683e-02 2.9624772879e-02
2.3779302561e-03 1.5957271215e-02 1.3865088190e-02
3.4665986865e-03 1.4072317087e-02 6.1771498295e-03
3.2499323752e-03 6.6905419808e-03 8.9662528674e-03
4.4318725801e-03 8.8870418646e-03 9.4451603945e-03
6.2396149345e-03 2.6422903718e-02 6.9857461999e-02
5.8808407387e-03 3.3805164353e-02 9.3394961208e-02
9.3430458801e-03 2.7151965226e-02 2.2700154409e-01
8.9475845283e-03 2.2294685788e-02 4.1229642307e-02
8.9475845283e-03 2.2294685788e-02 4.1229642307e-02
7.2752760316e-03 1.9812310813e-02 4.0830404498e-02
3.2382035570e-03 3.0958793902e-02 6.7206984386e-03
9.5373617369e-03 3.3082317250e-02 4.4879604441e-02
5.9326023572e-03 3.1450605796e-02 3.7685936744e-03
5.9326023572e-03 3.1450605796e-02 3.7685936744e-03
7.1015423600e-03 4.0317127326e-02 4.5183109081e-03
6.8280599371e-03 2.9614459258e-02 1.2221892209e-02
6.2616835203e-03 2.6053649373e-02 6.7033396626e-03
3.9114907850e-05 2.6372602054e-02 2.1722409549e-03
3.9093888821e-05 2.7827209793e-02 2.0468583949e-04
3.9119764551e-05 1.7219610357e-02 4.1649356341e-03
3.9119764551e-05 2.0256074689e-02 1.8686542324e-03
3.9119779103e-05 3.1381334799e-02 4.6861826130e-04
3.9119779103e-05 2.9803782546e-02 1.8350062934e-03
3.9119877329e-05 2.2775808194e-02 2.9940883008e-02
3.9119659050e-05 1.3718810243e-02 9.0427698063e-03
3.9119575376e-05 9.0668696212e-03 1.1800523809e-02
3.9105798351e-05 1.7787644795e-02 2.3545100444e-03
3.9119604480e-05 1.9105353393e-02 3.2800992885e-03
3.9119662688e-05 1.3660511157e-02 2.1995962985e-02
5.3701740399e-05 1.5149008793e-02 1.7381849932e-02
5.3695363022e-05 2.0253870714e-02 3.3025313790e-02
5.3693893278e-05 2.4845264231e-02 2.0674595047e-02
5.3698240663e-05 2.1103731745e-02 1.9480741098e-02
5.4757542481e-05 2.3722770934e-02 1.4252941047e-02
5.3701987781e-05 2.1275073523e-02 7.0357529524e-03
5.3701500292e-05 2.0464403477e-02 5.3748913245e-03
5.3701482102e-05 2.1319149140e-02 5.3293472156e-03
5.3701482102e-05 2.1319149140e-02 5.3293472156e-03
5.3702184232e-05 4.9656732939e-02 5.1964285281e-03
5.3686595493e-05 3.8658920210e-02 3.4892507247e-03
5.3713379505e-05 2.3204917088e-02 7.9395636227e-03
5.3702777222e-05 2.7709669822e-02 1.3108554956e-02
2.1491364033e-02 2.0849789958e-02 2.6328375276e-03
5.3702784498e-05 3.8380022471e-02 3.1208196085e-03
5.3702784498e-05 3.8380022471e-02 3.1208196085e-03
5.3702373407e-05 1.6514638206e-02 4.2125501049e-02
5.3702373407e-05 1.8203498640e-02 1.0519875524e-02
5.3702384321e-05 1.8224926122e-02 2.5437823962e-02
5.3702315199e-05 1.6757971219e-02 2.5652229631e-02
5.3702482546e-05 2.1387536079e-02 1.0015113031e-01
5.9975643332e-02 4.4149594226e-02 7.6928397175e-03
5.3636043049e-05 2.0840910496e-02 2.8934502528e-03
5.3636043049e-05 2.0840910496e-02 2.8934502528e-03
5.3696428949e-05 4.3455116451e-02 5.3681588111e-02
5.3770556709e-05 5.6184457615e-02 8.1744526979e-03
5.3747909381e-05 6.8983118050e-02 6.3271676578e-03
5.3709037881e-05 5.0555497175e-02 1.1068606749e-02
5.3701886221e-05 5.4849997163e-02 6.2729197089e-03
5.4025108814e-05 4.9287721825e-02 4.2068892314e-02
5.3697016483e-05 4.0574144106e-02 1.8825002558e-02
5.3697012239e-05 4.9080587613e-02 2.1144189018e-02
5.3718408102e-05 4.1373483526e-02 5.1211857547e-02
5.3771495611e-05 8.4729190295e-02 2.9625185520e-05
5.3700226999e-05 4.6053989790e-02 2.9927068379e-05
5.3702652319e-05 5.3632072794e-02 1.0960168790e-06
5.3693102018e-05 5.4534773032e-02 1.0959492982e-06
5.3702395538e-05 6.6756164966e-02 1.0959116018e-06
1.8276438520e-05 5.1478358451e-02 3.5787362989e-04
1.8276292546e-05 5.7509122727e-02 1.1002626334e-06
1.8269580778e-05 5.0360428790e-02 1.0436873284e-04
1.8276552964e-05 6.0192762253e-02 1.0974856082e-06
1.8275921320e-05 6.1970982390e-02 1.1004721700e-06
1.8275627099e-05 1.0961080405e-01 1.0893906942e-06
1.8275925868e-05 5.5165667397e-02 1.0906402263e-06
1.8275296043e-05 7.6102416031e-02 1.0896201930e-06
1.8276100642e-05 6.0444153224e-02 4.6069448460e-04
1.8276196897e-05 7.1203471782e-02 1.0957750237e-04
1.8276265261e-05 6.6724711098e-02 6.8947631128e-04
1.8435986021e-05 1.1611435004e-01 6.9300783617e-07
1.8274885709e-05 1.0811882466e-01 6.9297669512e-07
1.8271245608e-05 2.2772725423e-01 6.9557664617e-07
1.8272443261e-05 2.4833112086e-01 6.9489610873e-07
1.8272443261e-05 2.4833112086e-01 6.9489610873e-07
1.8273498730e-05 2.2553481782e-01 1.7251151682e-04
1.8271265314e-05 2.3155929272e-01 6.8845858706e-07
2.0745999488e-05 1.8777211259e-01 6.6875986652e-07
1.8276101249e-05 1.4008175271e-01 9.1873427967e-05
1.8275909800e-05 1.2716834620e-01 6.6929092411e-07
2.1752200761e-05 8.9872786154e-02 5.4547679368e-04
1.8260219197e-05 4.9986779224e-02 8.7064767528e-04
1.8275404576e-05 1.3344076586e-01 1.3143552927e-06
1.8276304521e-05 7.8869771833e-02 2.2398289972e-03
1.8275061241e-05 1.9555907076e-01 9.3916139118e-07
2.5981318383e-05 9.2151448441e-02 9.4159891263e-07
1.8274763988e-05 1.1490965759e-01 9.3935447391e-07
1.8276005297e-05 1.0441518327e-01 9.4557018807e-07
1.8274149928e-05 2.9457888504e-01 9.3897791007e-07
1.8273994404e-05 1.3455723226e-01 9.4157001922e-07
1.8275633617e-05 1.6481428469e-01 9.3882010789e-07
1.8274268768e-05 1.3995249569e-01 1.0570583416e-06
1.8261042745e-05 1.7864453048e-01 9.3885891298e-07
1.8275419128e-05 9.0170804101e-02 9.4142921607e-07
1.8275501134e-05 2.2888794169e-01 9.3900752537e-07
1.8275831280e-05 1.6845129430e-01 9.3994476836e-07
1.8273255591e-05 1.3727895729e-01 9.3896282757e-07
1.8273647887e-05 1.6668032358e-01 9.3854441256e-07
1.8257017776e-05 5.8765982588e-02 9.4156584873e-07
1.8332681672e-05 7.4293367875e-02 9.4161375823e-07
1.8262039551e-05 1.6602611418e-01 9.3908778885e-07
6.0917137186e-05 9.2281016832e-02 9.3904792683e-07
1.8272453417e-05 2.3580383509e-01 9.3904796472e-07
1.8275643924e-05 2.0312793242e-01 9.3919093087e-07
1.8273518284e-05 1.7121010895e-01 9.3915789042e-07
3.7703422701e-05 1.0832060501e-01 9.3453521508e-07
1.8267242164e-05 2.0286116004e-01 9.3881892066e-07
1.8272152374e-05 2.9232966900e-01 9.3886494836e-07
1.8274401858e-05 2.7268693596e-01 9.3896468053e-07
1.8272076280e-05 9.3041457546e-02 9.4130834896e-07
1.8266081649e-05 3.4850017478e-01 8.7175328526e-07
2.8358461805e-05 3.1310344736e-01 9.3597899982e-07
2.8620261977e-05 3.3313561479e-01 8.9322979743e-07
1.8274973778e-05 3.0918038885e-01 9.3587354014e-07
3.1625630375e-05 3.3689260979e-01 9.3650919826e-07
1.8274050035e-05 3.2158664862e-01 4.4503793477e-05
1.8271467222e-05 3.2605197032e-01 9.3575340912e-07
1.8265410290e-05 2.6725091537e-01 9.3920674392e-07
1.8264652529e-05 2.8351172681e-01 9.3922861412e-07
2.4015143481e-05 2.6081981913e-02 9.3918146590e-07
1.8271415077e-05 3.6620756487e-01 9.3908271342e-07
2.5589918247e-05 4.3096197645e-01 3.9176954063e-04
4.8108276436e-04 3.2712677866e-01 5.9990814188e-03
2.4835001113e-05 3.0138217161e-01 1.0612909178e-02
2.4834297619e-05 2.6479816313e-01 1.8356798646e-03
2.4834174534e-05 2.2735749433e-01 4.1412470862e-02
2.4835660042e-05 3.0531178306e-02 3.8491753706e-02
2.4832971273e-05 2.5739217301e-01 6.6521662908e-02
2.4832090882e-05 1.3539387658e-01 9.6300469401e-02
2.4831209733e-05 1.7706465162e-01 4.0207748612e-02
4.3000469001e-05 1.6500489414e-01 2.0001777137e-02
2.4827137167e-05 3.5331205279e-01 1.5361104316e-02
9.6947560451e-06 3.7376414364e-02 2.5028644440e-02
7.7746214811e-03 7.5803933665e-02 2.3227884124e-02
9.6714657805e-06 7.7881196982e-06 6.3283452376e-03
4.6888505846e-03 7.9847038705e-06 1.0398049334e-02
9.6837151583e-06 4.7396088288e-04 1.0708735247e-02
9.6837151583e-06 4.7396088288e-04 1.0708735247e-02
1.8323976822e-05 8.2300406648e-03 6.9544716583e-03
5.6430842490e-04 1.9368716554e-03 1.0035399736e-02
9.6785886399e-06 1.1619701547e-01 8.6329046171e-03
9.6785886399e-06 1.1619701547e-01 8.6329046171e-03
3.5475582990e-03 2.2501947969e-03 7.8578860751e-03
9.8127439463e-03 1.2722261469e-05 1.2225532710e-02
9.2299908865e-03 4.4122206047e-02 1.4002250042e-02
2.0054754741e-03 7.7886915430e-06 1.2598861184e-02
2.0066299406e-03 7.7350669775e-06 1.2678899550e-02
2.0054754741e-03 7.7886915430e-06 1.2598861184e-02
8.4853729544e-03 1.0780772039e-02 2.4117381002e-02
8.4853729544e-03 1.0780772039e-02 2.4117381002e-02
1.0926588671e-02 9.8342119406e-02 3.0663200984e-03
2.4562091676e-03 1.1140466901e-02 1.2394979519e-02
1.7097464491e-03 5.4609837166e-02 2.8436320135e-03
1.0907966488e-02 1.9393723582e-01 4.2271440810e-03
6.1368988051e-03 8.1328627343e-02 2.7809201759e-03
7.4083144233e-03 1.8415313338e-01 2.2762785472e-03
1.7413901708e-03 8.0595458547e-02 2.4261098879e-03
1.1193339635e-02 8.4388998027e-02 5.1644303797e-03
1.7036343731e-03 9.0082486471e-02 2.0986261176e-03
2.1457090237e-03 8.8389194260e-02 2.1100207135e-03
1.7585284174e-03 1.0734824464e-01 2.5640477446e-03
1.8883782420e-03 1.0482557925e-01 5.7303461557e-03
2.5925560913e-03 8.9785263563e-02 2.5555999891e-03
2.1049486434e-03 6.4734617248e-02 3.4123367125e-03
5.5864386959e-03 5.3009842212e-02 2.4876425353e-03
1.8891779182e-03 1.0186447886e-01 5.6892571350e-03
2.4779876791e-03 9.3392711754e-02 4.6589645790e-03
1.9864855470e-03 4.8515005348e-02 6.0397193301e-03
2.0588452947e-03 1.0617856371e-01 9.2582870663e-03
2.0588452947e-03 1.0617856371e-01 9.2582870663e-03
2.4640591291e-03 1.0412209667e-01 7.5991208432e-03
5.8446406717e-03 9.7832897678e-02 5.9456813615e-03
5.3953920290e-03 1.1209630842e-01 2.8350334226e-03
1.5009377773e-03 3.0164909394e-02 3.7581349704e-03
5.9082618003e-03 9.2947815855e-02 2.5392278621e-03
1.9379440637e-03 1.0326714193e-01 4.4767538784e-03
2.1504193719e-03 1.0250096458e-01 3.7788290647e-03
1.9714887312e-03 1.0016179085e-01 1.9828337342e-03
2.2712239588e-03 1.0084907897e-01 4.4400806849e-03
2.2506851819e-03 1.0139840096e-01 2.4456290703e-03
1.9881837555e-03 9.8698840166e-02 1.9260050710e-03
1.7155069072e-03 1.0234400009e-01 4.1884033320e-03
1.0382089337e-02 1.0809405707e-01 1.9678678073e-03
1.0422088866e-03 1.0289503199e-01 4.9001155809e-03
2.0540154694e-02 7.4012722199e-02 1.6406595387e-03
2.2216442546e-03 7.9101180037e-02 4.6802540892e-03
1.5538001262e-03 3.8128437164e-02 1.9271378793e-03
1.8870935213e-03 4.8869256551e-02 3.7239980690e-03
1.0910780014e-02 3.2716380898e-02 2.1107357752e-03
2.1254105765e-03 3.1837147040e-02 1.5639705137e-03
4.3493286745e-03 3.7741304996e-02 2.2178308088e-03
1.2310537665e-02 3.1135505686e-02 8.4068183787e-04
9.3776149830e-03 3.7594224637e-02 6.7247284460e-04
1.1514636177e-03 7.5187965607e-02 2.5739551677e-02
2.0899158456e-03 5.9096812891e-02 1.7431411970e-02
4.0186392434e-03 1.5486131112e-01 1.2284995212e-02
5.4566649875e-03 1.6427444791e-01 1.5278324485e-02
5.2168454082e-03 1.5920266509e-01 6.2127234026e-03
1.5913879906e-03 5.2243736262e-02 1.8677265616e-03
8.5946690136e-03 2.9010679821e-01 9.3339040275e-06
1.2722492917e-02 2.4571015934e-01 1.0708063841e-02
4.1922334058e-03 1.1509572032e-01 1.2176440175e-02
3.0134194361e-03 1.1715853835e-01 2.1135492716e-02
1.3600525272e-03 1.1743224971e-01 9.4341920825e-04
1.0561129233e-02 1.0856964377e-01 1.7985658875e-03
1.8890078257e-03 1.1979380436e-01 5.9273289711e-03
3.1187264870e-02 9.2571231226e-02 3.2486179650e-03
2.6806844042e-03 1.0304616392e-01 8.0600693551e-04
1.2325624237e-02 9.3535333251e-02 2.9140553282e-03
6.4616310022e-03 9.5294466242e-02 2.6723029247e-03
1.4627862101e-02 1.0116633897e-01 1.9138417881e-03
1.2667340928e-03 9.0623887877e-02 6.5576068979e-03
3.2685212849e-05 8.0165819575e-02 5.4363003389e-03
3.4287975917e-03 1.9749572376e-01 8.1918418873e-03
1.0894591696e-05 1.0564311221e-01 9.1799275251e-03
1.6750131863e-05 9.6328850215e-02 9.0634420436e-03
2.3133053295e-05 9.0003117919e-02 1.5618726000e-03
1.7743830616e-05 1.2160841127e-01 5.3077101863e-03
1.5518893103e-05 7.7516104405e-02 6.2181395090e-03
1.2873476029e-05 1.0344275025e-01 5.7894690738e-03
7.0537398957e-03 9.7917449971e-02 4.7488271957e-03
2.0298388348e-03 8.6259380604e-02 2.7691462504e-03
1.3646772156e-05 8.5500015567e-02 5.3770655650e-03
4.1991124306e-03 7.9065586130e-02 7.4080683213e-03
6.7481131215e-03 8.4238662074e-02 1.0436850134e-02
6.7408770944e-03 7.6662912033e-02 3.5778958409e-03
5.6474706701e-03 7.3439281434e-02 9.1158755046e-03
2.5981844146e-05 6.9494479025e-02 1.8118723296e-02
2.4144508661e-03 7.2703192011e-02 1.7301155177e-02
1.7700443451e-03 7.2785317898e-02 1.6312218349e-02
6.5765178685e-03 4.8153699686e-02 1.5593584627e-02
2.4797713274e-03 5.8968539660e-02 1.3626980440e-02
1.6376541040e-03 6.8428868738e-02 1.7473704182e-02
1.0067124843e-03 2.1641773075e-02 1.7247896797e-02
1.5352975336e-03 4.7785293621e-02 1.8311009199e-02
7.4214835392e-04 2.4731299772e-02 1.5903444728e-02
6.6484193861e-03 7.9477280999e-02 1.5030695203e-02
1.0597531070e-03 2.9444845510e-02 1.6160465001e-02
4.6698600054e-03 3.0545884743e-02 1.6191304040e-02
1.0012549813e-03 8.1787087644e-02 1.5065984102e-02
5.2216065296e-04 4.3455592667e-02 1.4555328758e-02
1.7606417465e-03 4.1513433990e-02 1.3751780847e-02
1.3364370749e-03 2.4360710503e-02 1.4346484949e-02
1.2039411316e-03 3.7959665390e-02 2.4248528760e-02
1.1019531757e-03 1.6479079825e-02 5.1319916733e-02
7.7976913023e-04 1.3477397270e-02 4.1063270376e-02
1.2002046007e-03 1.9824268141e-02 3.7748525850e-02
1.4975008203e-03 1.3517991785e-02 4.5498617614e-02
1.4653383485e-03 5.7340563896e-02 3.2751471891e-02
2.1395583220e-03 5.8889571888e-02 3.0401118876e-02
3.9204121106e-03 7.4756298214e-02 4.3712944724e-02
3.1813972732e-03 7.3463348672e-02 1.4153793454e-02
5.5568646252e-03 7.7749609947e-02 8.6897399897e-02
5.4992847921e-03 7.5574663157e-02 2.6180433358e-01
3.5703995200e-03 8.5800884068e-03 2.0903975268e-01
3.1941032153e-03 7.4782690033e-02 2.8431476653e-01
2.6256371639e-03 8.1338057294e-02 7.2186841940e-02
2.1132480821e-03 8.5977208490e-02 3.9851290795e-02
1.8962956300e-03 7.7060939123e-02 3.2640831235e-02
1.6558221657e-03 6.5920447310e-02 2.4381530782e-02
1.2143356223e-03 7.1853514140e-02 3.3968152789e-02
1.1426090449e-03 7.2257199325e-02 2.8080360498e-02
1.4422742194e-03 7.1799993515e-02 2.8375354595e-02
1.3948642779e-03 6.6919261279e-02 2.8029293288e-02
1.3854758903e-03 6.6850337821e-02 2.5805185859e-02
1.2466192081e-03 7.3785972161e-02 4.4577873933e-02
2.6182973828e-03 6.7436354545e-02 3.5183560414e-02
8.3777604401e-03 8.7573835005e-02 3.5002822056e-02
7.8142244323e-03 9.6896305059e-02 3.3763421699e-02
1.3941398402e-02 0.0000000000e+00 0.0000000000e+00
1.5161584563e-02 0.0000000000e+00 0.0000000000e+00
1.3616837112e-02 0.0000000000e+00 0.0000000000e+00
1.1457944371e-02 0.0000000000e+00 0.0000000000e+00
1.1677128171e-02 0.0000000000e+00 0.0000000000e+00
1.3368605614e-02 0.0000000000e+00 0.0000000000e+00
1.3466915979e-02 0.0000000000e+00 0.0000000000e+00
1.3466915979e-02 0.0000000000e+00 0.0000000000e+00
1.3620173778e-02 0.0000000000e+00 0.0000000000e+00
1.3952484567e-02 0.0000000000e+00 0.0000000000e+00
1.4920779300e-02 0.0000000000e+00 0.0000000000e+00
1.5248350085e-02 0.0000000000e+00 0.0000000000e+00
1.4513376670e-02 0.0000000000e+00 0.0000000000e+00
1.3836815443e-02 0.0000000000e+00 0.0000000000e+00
1.3836815443e-02 0.0000000000e+00 0.0000000000e+00
1.4366086324e-02 0.0000000000e+00 0.0000000000e+00
1.7478329071e-02 0.0000000000e+00 0.0000000000e+00
1.3752494928e-02 0.0000000000e+00 0.0000000000e+00
1.1026009842e-02 0.0000000000e+00 0.0000000000e+00
1.1037917330e-02 0.0000000000e+00 0.0000000000e+00
1.1037917330e-02 0.0000000000e+00 0.0000000000e+00
1.1277313267e-02 0.0000000000e+00 0.0000000000e+00
1.1020014863e-02 0.0000000000e+00 0.0000000000e+00
1.0971772300e-02 0.0000000000e+00 0.0000000000e+00
1.0971772300e-02 0.0000000000e+00 0.0000000000e+00
1.1339344778e-02 0.0000000000e+00 0.0000000000e+00
2.5457148595e-02 0.0000000000e+00 0.0000000000e+00
1.0122832687e-02 0.0000000000e+00 0.0000000000e+00
6.9649689520e-02 0.0000000000e+00 0.0000000000e+00
6.9649689520e-02 0.0000000000e+00 0.0000000000e+00
5.1692830088e-02 0.0000000000e+00 0.0000000000e+00
8.1129863399e-05 0.0000000000e+00 0.0000000000e+00
5.7308253832e-02 0.0000000000e+00 0.0000000000e+00
1.1099776796e-02 0.0000000000e+00 0.0000000000e+00
2.0611797227e-02 0.0000000000e+00 0.0000000000e+00
5.3377360649e-03 0.0000000000e+00 0.0000000000e+00
1.4839225759e-01 0.0000000000e+00 0.0000000000e+00
3.5007695551e-03 0.0000000000e+00 0.0000000000e+00
4.7496345205e-02 0.0000000000e+00 0.0000000000e+00
4.7496345205e-02 0.0000000000e+00 0.0000000000e+00
7.7941238880e-02 0.0000000000e+00 0.0000000000e+00
2.2619789466e-01 0.0000000000e+00 0.0000000000e+00
2.3546813925e-01 0.0000000000e+00 0.0000000000e+00
5.4273037861e-02 0.0000000000e+00 0.0000000000e+00
4.2951106528e-01 0.0000000000e+00 0.0000000000e+00
4.0524928520e-01 0.0000000000e+00 0.0000000000e+00
2.8754685540e-02 0.0000000000e+00 0.0000000000e+00
2.0791907543e-03 0.0000000000e+00 0.0000000000e+00
2.2922983083e-02 0.0000000000e+00 0.0000000000e+00
6.9255297227e-03 0.0000000000e+00 0.0000000000e+00
6.1784780274e-02 0.0000000000e+00 0.0000000000e+00
8.5771888494e-02 0.0000000000e+00 0.0000000000e+00
6.0431038961e-02 0.0000000000e+00 0.0000000000e+00
2.3393997302e-02 0.0000000000e+00 0.0000000000e+00
9.1497858521e-03 0.0000000000e+00 0.0000000000e+00
3.4430898862e-03 0.0000000000e+00 0.0000000000e+00
4.0811934508e-02 0.0000000000e+00 0.0000000000e+00
1.3805153904e-01 0.0000000000e+00 0.0000000000e+00
6.3983372335e-03 0.0000000000e+00 0.0000000000e+00
2.2746624891e-02 0.0000000000e+00 0.0000000000e+00
2.4358995880e-02 0.0000000000e+00 0.0000000000e+00
5.9201902710e-02 0.0000000000e+00 0.0000000000e+00
5.3667525450e-02 0.0000000000e+00 0.0000000000e+00
6.4329452502e-02 0.0000000000e+00 0.0000000000e+00
5.9858872555e-02 0.0000000000e+00 0.0000000000e+00
5.1840079017e-02 0.0000000000e+00 0.0000000000e+00
5.4252509338e-02 0.0000000000e+00 0.0000000000e+00
6.1447649573e-02 0.0000000000e+00 0.0000000000e+00
5.0088585354e-02 0.0000000000e+00 0.0000000000e+00
6.4734260241e-02 0.0000000000e+00 0.0000000000e+00
6.9914528479e-02 0.0000000000e+00 0.0000000000e+00
6.6801061854e-02 0.0000000000e+00 0.0000000000e+00
8.7699288502e-02 0.0000000000e+00 0.0000000000e+00
8.7652554736e-02 0.0000000000e+00 0.0000000000e+00
8.7652554736e-02 0.0000000000e+00 0.0000000000e+00
1.0221032426e-01 0.0000000000e+00 0.0000000000e+00
7.7595780914e-02 0.0000000000e+00 0.0000000000e+00
7.5951847248e-02 0.0000000000e+00 0.0000000000e+00
4.8808507311e-02 0.0000000000e+00 0.0000000000e+00
5.7780705082e-02 0.0000000000e+00 0.0000000000e+00
7.4328045050e-02 0.0000000000e+00 0.0000000000e+00
7.2498377723e-02 0.0000000000e+00 0.0000000000e+00
6.3985610381e-02 0.0000000000e+00 0.0000000000e+00
6.7452047331e-02 0.0000000000e+00 0.0000000000e+00
9.0653728073e-02 0.0000000000e+00 0.0000000000e+00
6.7047857990e-02 0.0000000000e+00 0.0000000000e+00
7.3987735125e-02 0.0000000000e+00 0.0000000000e+00
6.9729054657e-02 0.0000000000e+00 0.0000000000e+00
8.0969043697e-02 0.0000000000e+00 0.0000000000e+00
7.6964488253e-02 0.0000000000e+00 0.0000000000e+00
6.2606779238e-02 0.0000000000e+00 0.0000000000e+00
8.3043436209e-02 0.0000000000e+00 0.0000000000e+00
5.0398622019e-02 0.0000000000e+00 0.0000000000e+00
5.0398622019e-02 0.0000000000e+00 0.0000000000e+00
4.7447517204e-02 0.0000000000e+00 0.0000000000e+00
4.7447517204e-02 0.0000000000e+00 0.0000000000e+00
5.4036052898e-02 0.0000000000e+00 0.0000000000e+00
6.4270811155e-02 0.0000000000e+00 0.0000000000e+00
6.9585268075e-02 0.0000000000e+00 0.0000000000e+00
8.0741248404e-02 0.0000000000e+00 0.0000000000e+00
1.8866173457e-02 0.0000000000e+00 0.0000000000e+00
1.1145565814e-02 0.0000000000e+00 0.0000000000e+00
1.1126188328e-02 0.0000000000e+00 0.0000000000e+00
1.1126188328e-02 0.0000000000e+00 0.0000000000e+00
5.2926429237e-02 0.0000000000e+00 0.0000000000e+00
4.0053317789e-02 0.0000000000e+00 0.0000000000e+00
1.0308602214e-05 0.0000000000e+00 0.0000000000e+00
1.0308595847e-05 0.0000000000e+00 0.0000000000e+00
1.0308568562e-05 0.0000000000e+00 0.0000000000e+00
1.5793298604e-02 0.0000000000e+00 0.0000000000e+00
7.3201712221e-02 0.0000000000e+00 0.0000000000e+00
4.0501777704e-02 0.0000000000e+00 0.0000000000e+00
6.4951600196e-02 0.0000000000e+00 0.0000000000e+00
5.5546581435e-02 0.0000000000e+00 0.0000000000e+00
8.2316231293e-02 0.0000000000e+00 0.0000000000e+00
7.8563177027e-02 0.0000000000e+00 0.0000000000e+00
6.7950785471e-02 0.0000000000e+00 0.0000000000e+00
6.0222695271e-02 0.0000000000e+00 0.0000000000e+00
5.4474816347e-02 0.0000000000e+00 0.0000000000e+00
4.2052291023e-02 0.0000000000e+00 0.0000000000e+00
1.0341466404e-01 0.0000000000e+00 0.0000000000e+00
5.8077979522e-02 0.0000000000e+00 0.0000000000e+00
9.2101357256e-02 0.0000000000e+00 0.0000000000e+00
8.2876664276e-02 0.0000000000e+00 0.0000000000e+00
9.2101357256e-02 0.0000000000e+00 0.0000000000e+00
6.9053016603e-02 0.0000000000e+00 0.0000000000e+00
1.0290501143e-01 0.0000000000e+00 0.0000000000e+00
6.1587586378e-02 0.0000000000e+00 0.0000000000e+00
1.0394287544e-01 0.0000000000e+00 0.0000000000e+00
8.2273416221e-02 0.0000000000e+00 0.0000000000e+00
1.1274972185e-01 0.0000000000e+00 0.0000000000e+00
1.1932271905e-01 0.0000000000e+00 0.0000000000e+00
1.2590683997e-01 0.0000000000e+00 0.0000000000e+00
1.1407238431e-01 0.0000000000e+00 0.0000000000e+00
7.6715060510e-02 0.0000000000e+00 0.0000000000e+00
2.9261463756e-01 0.0000000000e+00 0.0000000000e+00
6.4040803351e-02 0.0000000000e+00 0.0000000000e+00
8.7318283506e-02 0.0000000000e+00 0.0000000000e+00
8.5297364742e-02 0.0000000000e+00 0.0000000000e+00
9.0302868436e-02 0.0000000000e+00 0.0000000000e+00
7.9780878189e-02 0.0000000000e+00 0.0000000000e+00
9.1545794159e-02 0.0000000000e+00 0.0000000000e+00
8.4054843523e-02 0.0000000000e+00 0.0000000000e+00
8.9683703768e-02 0.0000000000e+00 0.0000000000e+00
1.0650487244e-01 0.0000000000e+00 0.0000000000e+00
1.3217031273e-01 0.0000000000e+00 0.0000000000e+00
1.4395555233e-01 0.0000000000e+00 0.0000000000e+00
1.2887906097e-01 0.0000000000e+00 0.0000000000e+00
1.2168023487e-01 0.0000000000e+00 0.0000000000e+00
1.3224731572e-01 0.0000000000e+00 0.0000000000e+00
1.4037830010e-01 0.0000000000e+00 0.0000000000e+00
1.1383035593e-01 0.0000000000e+00 0.0000000000e+00
1.2140736356e-01 0.0000000000e+00 0.0000000000e+00
8.7926470985e-02 0.0000000000e+00 0.0000000000e+00
1.1436413601e-01 0.0000000000e+00 0.0000000000e+00
1.0130618326e-01 0.0000000000e+00 0.0000000000e+00
1.1691459268e-01 0.0000000000e+00 0.0000000000e+00
1.5185947859e-05 0.0000000000e+00 0.0000000000e+00
2.0449168763e-05 0.0000000000e+00 0.0000000000e+00
1.5188922589e-05 0.0000000000e+00 0.0000000000e+00
2.8478968792e-05 0.0000000000e+00 0.0000000000e+00
5.7947690645e-05 0.0000000000e+00 0.0000000000e+00
4.8583900328e-05 0.0000000000e+00 0.0000000000e+00
1.5184995846e-05 0.0000000000e+00 0.0000000000e+00
1.5196977074e-05 0.0000000000e+00 0.0000000000e+00
1.5195641254e-05 0.0000000000e+00 0.0000000000e+00
1.5195936233e-05 0.0000000000e+00 0.0000000000e+00
5.4541109724e-05 0.0000000000e+00 0.0000000000e+00
1.5198192841e-05 0.0000000000e+00 0.0000000000e+00
2.3364772157e-05 0.0000000000e+00 0.0000000000e+00
2.0573370193e-05 0.0000000000e+00 0.0000000000e+00
1.5190775684e-05 0.0000000000e+00 0.0000000000e+00
1.5192882681e-05 0.0000000000e+00 0.0000000000e+00
1.6365172996e-05 0.0000000000e+00 0.0000000000e+00
1.5186610729e-05 0.0000000000e+00 0.0000000000e+00
1.6369174925e-05 0.0000000000e+00 0.0000000000e+00
1.5181963666e-05 0.0000000000e+00 0.0000000000e+00
2.8932567147e-05 0.0000000000e+00 0.0000000000e+00
1.5995953163e-05 8.8179133522e-02 5.4617557301e-05
9.1948051704e-03 1.7542444418e-01 5.8171547018e-02
6.9811196998e-02 1.1048891954e-01 2.6494186372e-02
3.7335034149e-02 7.9786474506e-02 2.9141506801e-02
8.9291659494e-02 6.7139203039e-02 4.3975887820e-05
5.1116470868e-02 8.3421247701e-02 4.4486791618e-05
1.2340070431e-01 6.7440347125e-02 2.6152356528e-02
1.4502646650e-01 5.4180160165e-02 7.7398280846e-03
1.2756646425e-01 5.3389916196e-02 3.7843203172e-02
1.5239650632e-01 5.8718338609e-02 1.9153664354e-02
1.2051778038e-01 6.1430880489e-02 7.4500943204e-03
2.8210967624e-03 0.0000000000e+00 0.0000000000e+00
2.9751617306e-03 0.0000000000e+00 0.0000000000e+00
1.4881957633e-02 0.0000000000e+00 0.0000000000e+00
1.2628024366e-02 0.0000000000e+00 0.0000000000e+00
1.4964110063e-02 0.0000000000e+00 0.0000000000e+00
1.9359719474e-02 0.0000000000e+00 0.0000000000e+00
9.2814851863e-03 0.0000000000e+00 0.0000000000e+00
9.3698829878e-03 0.0000000000e+00 0.0000000000e+00
8.9957462624e-03 0.0000000000e+00 0.0000000000e+00
7.7366952707e-03 0.0000000000e+00 0.0000000000e+00
8.8529419542e-03 0.0000000000e+00 0.0000000000e+00
9.3999534535e-03 0.0000000000e+00 0.0000000000e+00
8.9913444050e-03 0.0000000000e+00 0.0000000000e+00
9.2563893801e-03 0.0000000000e+00 0.0000000000e+00
9.0952025882e-03 0.0000000000e+00 0.0000000000e+00
9.1799912043e-03 0.0000000000e+00 0.0000000000e+00
9.3411835842e-03 0.0000000000e+00 0.0000000000e+00
9.3024348995e-03 0.0000000000e+00 0.0000000000e+00
8.3807769309e-03 0.0000000000e+00 0.0000000000e+00
2.6533254577e-02 0.0000000000e+00 0.0000000000e+00
2.4247228789e-02 0.0000000000e+00 0.0000000000e+00
2.6887434690e-02 0.0000000000e+00 0.0000000000e+00
2.8716267552e-02 0.0000000000e+00 0.0000000000e+00
2.8139136111e-02 0.0000000000e+00 0.0000000000e+00
2.8128558459e-02 0.0000000000e+00 0.0000000000e+00
2.8291960557e-02 0.0000000000e+00 0.0000000000e+00
2.7905363434e-02 0.0000000000e+00 0.0000000000e+00
2.7141884125e-02 0.0000000000e+00 0.0000000000e+00
2.9033020760e-02 0.0000000000e+00 0.0000000000e+00
2.9840402305e-02 0.0000000000e+00 0.0000000000e+00
2.6540834457e-02 0.0000000000e+00 0.0000000000e+00
1.6541607911e-02 0.0000000000e+00 0.0000000000e+00
1.8050468837e-02 0.0000000000e+00 0.0000000000e+00
1.5802884707e-02 0.0000000000e+00 0.0000000000e+00
1.7342470742e-02 0.0000000000e+00 0.0000000000e+00
2.5558771721e-02 0.0000000000e+00 0.0000000000e+00
2.5497197484e-02 0.0000000000e+00 0.0000000000e+00
1.7984486185e-02 0.0000000000e+00 0.0000000000e+00
2.5116597613e-02 0.0000000000e+00 0.0000000000e+00
1.7431104245e-02 0.0000000000e+00 0.0000000000e+00
2.5625197683e-02 0.0000000000e+00 0.0000000000e+00
1.6945580098e-02 0.0000000000e+00 0.0000000000e+00
6.7005339389e-02 0.0000000000e+00 0.0000000000e+00
7.7224160389e-03 0.0000000000e+00 0.0000000000e+00
7.9142239993e-03 0.0000000000e+00 0.0000000000e+00
7.7305895199e-03 0.0000000000e+00 0.0000000000e+00
7.9084229850e-03 0.0000000000e+00 0.0000000000e+00
7.8103521179e-03 0.0000000000e+00 0.0000000000e+00
2.1790052609e-03 1.0252497525e-02 7.0683847492e-02
2.0610731638e-03 1.0204554547e-02 4.0883591554e-02
2.1754130818e-03 5.1843803206e-03 6.0790601807e-02
1.8541511284e-03 4.8133923143e-03 8.3685250332e-02
1.8355942254e-03 9.7478830721e-03 6.7728789339e-02
2.3463395773e-03 5.7898434655e-03 8.1185413990e-02
2.7855088119e-03 3.7857739720e-02 5.6308676731e-02
2.1784540246e-03 1.0144568621e-02 7.5045075209e-02
2.0018238962e-03 7.0654530521e-03 6.7741673226e-02
2.0195498849e-03 6.7827931616e-03 7.5419541371e-02
2.0997624573e-03 3.2168033487e-02 4.9104206361e-02
2.2027794621e-03 3.2499390247e-02 5.1657068407e-02
2.5418895724e-03 2.9775877289e-02 6.6102809331e-02
2.5508849940e-03 4.8005835464e-02 4.6764671026e-02
2.2568351415e-03 4.7922809117e-03 7.8828215910e-02
2.1706170907e-03 6.1780994602e-03 6.6154920186e-02
3.4816865615e-03 7.4271759639e-02 5.5439489176e-02
2.9649871576e-03 1.2195304056e-02 8.5963911600e-02
2.6049888887e-03 2.1339006425e-03 7.4051736156e-02
2.9043730174e-03 5.5488898452e-03 6.9986614648e-02
3.0289601515e-03 1.0945121560e-02 7.2061724806e-02
5.3874990748e-03 5.7893823522e-02 1.0152385570e-01
4.5516061558e-03 4.0795019562e-02 1.6321052820e-02
3.0861115277e-03 1.4252596963e-03 1.6011194065e-02
4.1201014343e-03 8.3382162886e-02 1.8707611288e-02
6.6387882883e-03 9.6952090661e-02 5.7754621531e-02
4.5360964141e-03 1.5719657391e-01 1.9031926602e-02
2.8360183351e-03 1.1701226870e-02 1.4916537174e-02
2.2875753930e-02 5.7585508252e-02 8.1778027117e-02
2.3347142075e-02 1.7236079400e-02 4.0501933234e-02
4.0458496660e-02 1.1925100101e-01 5.9730632231e-02
1.6064054954e-02 1.2548526458e-02 4.1581098611e-02
4.2168963545e-02 2.7646156338e-02 1.0851667946e-01
3.7045311260e-02 8.7676313395e-02 1.0018681238e-01
3.3512118350e-02 8.6677942425e-02 7.5627067126e-02
3.5049253842e-02 4.7688220007e-02 7.7793334921e-02
3.1637886617e-02 1.6177972158e-01 4.7954798055e-02
3.8940338573e-02 1.3052411005e-01 8.4420014173e-02
3.2530142848e-02 1.4812751343e-02 8.7182180335e-02
3.0348425964e-02 1.5669368518e-02 1.9831082970e-01
3.0348425964e-02 1.5669368518e-02 1.9831082970e-01
3.6429431134e-02 5.0017409182e-02 1.0614566257e-01
3.1031817586e-02 8.6772373567e-02 7.1175355697e-02
3.0384662173e-02 1.0066486709e-01 6.9545088336e-02
2.8204341109e-02 1.2558186737e-01 6.9447554648e-02
3.3506229830e-02 9.4043138127e-02 1.0328999472e-01
3.1116252299e-02 5.7012908471e-02 1.0068776117e-01
3.4831055518e-02 1.2917746107e-01 8.5239235622e-02
2.4640743854e-02 8.9983614162e-02 1.1313572340e-01
3.0048484914e-02 1.1243006603e-02 8.1906830271e-02
2.7116801823e-02 5.2226733727e-02 1.3211357330e-02
1.1732415374e-02 7.1141271522e-03 2.1717479080e-01
1.9208976766e-02 1.0117959032e-02 1.6629018510e-01
2.1162051164e-02 7.7491579286e-03 1.6780532648e-01
2.4658235256e-02 6.4355215530e-03 6.3969873202e-02
2.4658235256e-02 6.4355215530e-03 6.3969873202e-02
2.6841422077e-02 8.3316676125e-02 6.8760118447e-02
3.1961076194e-02 6.8900512864e-03 1.6082573682e-01
1.9640325957e-02 8.3894061546e-02 2.9744342280e-02
2.5565696803e-02 1.4569351450e-01 3.1612670204e-02
3.0303597140e-02 7.1555186994e-02 2.5794648255e-02
3.0053617355e-02 5.6233301060e-02 3.4576003285e-02
2.6590934955e-02 6.2277326050e-02 4.9531794308e-02
1.8541513477e-02 7.1249569378e-02 1.8477612796e-02
1.9911436364e-02 8.7808651539e-02 2.1478584580e-02
2.8326944448e-02 7.3905164997e-02 1.7537981737e-02
2.6050941863e-02 6.3996222025e-02 1.8536725237e-02
2.1265083691e-02 1.7232909100e-02 4.9414620502e-02
2.4091961406e-02 4.6891558721e-02 3.1049084151e-02
2.4078525680e-02 7.3837444497e-02 2.6042989145e-02
2.6257646503e-02 5.0746343875e-02 1.7880513410e-02
2.5864193061e-02 5.0223507453e-02 2.6079226440e-02
2.5495839693e-02 4.8967571871e-02 2.6460580993e-02
2.5504790712e-02 4.7985773146e-02 2.7020334111e-02
2.3228043069e-02 2.7743055796e-02 3.2810760662e-02
2.4726784012e-02 4.5939623844e-02 3.5540452382e-02
2.4671134306e-02 3.8897902394e-02 3.3071273938e-02
2.3768684051e-02 4.8498891294e-02 3.4388939384e-02
2.4521793084e-02 4.8815386991e-02 3.0784276780e-02
2.3685570108e-02 4.4111730841e-02 3.0276223707e-02
3.1978080980e-02 4.2701406482e-02 3.0790557930e-02
3.3099132124e-02 4.3767928767e-02 2.6149894732e-02
3.3258352118e-02 3.3897012472e-02 2.7895018458e-02
3.3560306610e-02 3.0803331174e-02 2.5925013237e-02
3.1734602060e-02 2.6710337804e-02 2.7405980043e-02
3.3148430133e-02 3.9758185623e-02 2.9675761703e-02
2.7602373545e-02 4.8426101605e-02 1.0384401772e-02
3.1567077929e-02 5.7782645958e-02 2.6901150588e-02
3.0298685034e-02 5.0397411610e-02 3.1735948753e-02
2.4061280147e-02 9.3412332858e-02 1.2028479561e-02
2.2409862916e-02 9.4996524354e-02 1.0544592127e-02
2.2314136460e-02 1.1770360110e-01 1.3959050023e-02
2.2306853052e-02 1.1228418288e-01 1.3752568436e-02
1.9513442414e-02 1.2793135208e-01 1.1068968878e-02
2.0481575901e-02 1.2354752421e-01 1.2215498059e-02
1.8516291554e-02 1.2140698483e-01 9.7920016851e-03
1.8569710742e-02 1.2127475689e-01 9.6517058555e-03
1.8604821370e-02 1.2080412172e-01 1.0181213651e-02
1.8604821370e-02 1.2080412172e-01 1.0181213651e-02
1.8872960548e-02 1.2118333330e-01 1.1574531052e-02
1.9207110240e-02 1.1577478300e-01 1.3331603725e-02
1.9088269677e-02 1.1627194720e-01 1.2884136600e-02
1.9676377919e-02 1.1519669245e-01 1.5708468777e-02
1.9896609709e-02 1.1497855249e-01 1.5335787864e-02
2.3902119137e-02 9.6975195532e-02 1.7275158976e-02
2.0069805129e-02 6.6068591240e-02 2.8580263257e-02
1.6930732643e-02 5.4403685344e-02 3.3443703316e-02
2.2630916443e-02 1.4563308718e-01 1.5493552880e-02
2.5219296493e-02 1.4530476617e-01 1.4896625342e-02
2.2855203444e-02 1.3711298816e-01 1.4250423759e-02
1.5729181003e-02 1.1772389151e-01 9.7463740191e-03
1.9353402623e-02 4.2147699744e-02 1.1610540940e-02
2.0366658845e-02 4.4485781031e-02 1.2668938570e-02
1.8406288776e-02 5.8062268731e-02 1.2229688931e-02
7.1979433919e-02 4.2904104727e-02 9.8234171746e-03
5.7010623004e-04 0.0000000000e+00 0.0000000000e+00
2.4956336044e-04 0.0000000000e+00 0.0000000000e+00
2.6764666169e-05 0.0000000000e+00 0.0000000000e+00
2.6772014886e-05 0.0000000000e+00 0.0000000000e+00
2.6792171411e-05 0.0000000000e+00 0.0000000000e+00
8.3096130766e-05 0.0000000000e+00 0.0000000000e+00
3.6974065248e-05 0.0000000000e+00 0.0000000000e+00
2.6797737519e-05 0.0000000000e+00 0.0000000000e+00
2.0145215549e-03 0.0000000000e+00 0.0000000000e+00
2.0145215549e-03 0.0000000000e+00 0.0000000000e+00
2.6047314668e-03 0.0000000000e+00 0.0000000000e+00
1.2420949368e-04 0.0000000000e+00 0.0000000000e+00
1.2420949368e-04 0.0000000000e+00 0.0000000000e+00
1.1668657983e-04 0.0000000000e+00 0.0000000000e+00
1.1668657983e-04 0.0000000000e+00 0.0000000000e+00
1.1665038589e-04 0.0000000000e+00 0.0000000000e+00
7.5851201473e-05 0.0000000000e+00 0.0000000000e+00
7.5880009793e-05 0.0000000000e+00 0.0000000000e+00
4.2880459872e-04 0.0000000000e+00 0.0000000000e+00
4.6463306974e-04 0.0000000000e+00 0.0000000000e+00
4.6579249374e-04 0.0000000000e+00 0.0000000000e+00
4.1907384320e-04 0.0000000000e+00 0.0000000000e+00
4.1880456320e-04 0.0000000000e+00 0.0000000000e+00
4.1880456320e-04 0.0000000000e+00 0.0000000000e+00
4.0711066883e-04 0.0000000000e+00 0.0000000000e+00
4.1133822848e-04 0.0000000000e+00 0.0000000000e+00
4.6298545688e-04 0.0000000000e+00 0.0000000000e+00
4.6305031871e-04 0.0000000000e+00 0.0000000000e+00
4.6124119581e-04 0.0000000000e+00 0.0000000000e+00
4.7724105192e-04 0.0000000000e+00 0.0000000000e+00
4.7724105192e-04 0.0000000000e+00 0.0000000000e+00
4.7724105192e-04 0.0000000000e+00 0.0000000000e+00
4.7779436833e-04 0.0000000000e+00 0.0000000000e+00
3.9590939105e-04 0.0000000000e+00 0.0000000000e+00
3.9999659521e-04 0.0000000000e+00 0.0000000000e+00
4.0695993099e-04 0.0000000000e+00 0.0000000000e+00
4.1332233150e-04 0.0000000000e+00 0.0000000000e+00
4.0985858989e-04 0.0000000000e+00 0.0000000000e+00
4.5009830865e-04 0.0000000000e+00 0.0000000000e+00
4.2984595196e-04 0.0000000000e+00 0.0000000000e+00
4.2878360864e-04 0.0000000000e+00 0.0000000000e+00
4.1228373751e-04 0.0000000000e+00 0.0000000000e+00
4.1067485881e-04 0.0000000000e+00 0.0000000000e+00
2.0652985305e-04 0.0000000000e+00 0.0000000000e+00
2.0652985305e-04 0.0000000000e+00 0.0000000000e+00
2.1384528842e-04 0.0000000000e+00 0.0000000000e+00
2.0438415777e-04 0.0000000000e+00 0.0000000000e+00
2.6183710672e-04 0.0000000000e+00 0.0000000000e+00
2.5027712892e-04 0.0000000000e+00 0.0000000000e+00
2.4948764356e-04 0.0000000000e+00 0.0000000000e+00
2.5047382549e-04 0.0000000000e+00 0.0000000000e+00
2.4999981194e-04 0.0000000000e+00 0.0000000000e+00
3.2374079092e-04 0.0000000000e+00 0.0000000000e+00
9.6856448939e-05 0.0000000000e+00 0.0000000000e+00
6.6654357170e-05 0.0000000000e+00 0.0000000000e+00
6.6700794832e-05 0.0000000000e+00 0.0000000000e+00
6.6658553654e-05 0.0000000000e+00 0.0000000000e+00
6.6657960815e-05 0.0000000000e+00 0.0000000000e+00
6.6976442364e-05 0.0000000000e+00 0.0000000000e+00
6.6653393333e-05 0.0000000000e+00 0.0000000000e+00
6.6644011592e-05 0.0000000000e+00 0.0000000000e+00
6.6983158225e-05 0.0000000000e+00 0.0000000000e+00
6.6678228753e-05 0.0000000000e+00 0.0000000000e+00
5.3980294039e-04 0.0000000000e+00 0.0000000000e+00
5.4763979551e-04 0.0000000000e+00 0.0000000000e+00
5.4416999819e-04 0.0000000000e+00 0.0000000000e+00
5.4429760121e-04 0.0000000000e+00 0.0000000000e+00
7.1807514269e-04 0.0000000000e+00 0.0000000000e+00
7.1807965787e-04 0.0000000000e+00 0.0000000000e+00
6.7921320184e-04 0.0000000000e+00 0.0000000000e+00
6.7921320184e-04 0.0000000000e+00 0.0000000000e+00
6.7932121813e-04 0.0000000000e+00 0.0000000000e+00
1.8688382158e-03 0.0000000000e+00 0.0000000000e+00
1.8750985840e-03 0.0000000000e+00 0.0000000000e+00
1.8479928764e-03 0.0000000000e+00 0.0000000000e+00
1.8817890623e-03 0.0000000000e+00 0.0000000000e+00
1.8751961876e-03 0.0000000000e+00 0.0000000000e+00
1.8751922598e-03 0.0000000000e+00 0.0000000000e+00
1.8751922598e-03 0.0000000000e+00 0.0000000000e+00
2.1432762290e-03 0.0000000000e+00 0.0000000000e+00
2.1432762290e-03 0.0000000000e+00 0.0000000000e+00
2.2376655425e-03 0.0000000000e+00 0.0000000000e+00
2.3354870976e-03 0.0000000000e+00 0.0000000000e+00
2.1824895154e-03 0.0000000000e+00 0.0000000000e+00
2.1825911426e-03 0.0000000000e+00 0.0000000000e+00
2.0581245623e-03 0.0000000000e+00 0.0000000000e+00
2.1825671687e-03 0.0000000000e+00 0.0000000000e+00
1.7822096546e-03 0.0000000000e+00 0.0000000000e+00
2.1824507936e-03 0.0000000000e+00 0.0000000000e+00
2.1257203249e-03 0.0000000000e+00 0.0000000000e+00
2.0574457397e-03 0.0000000000e+00 0.0000000000e+00
2.0608990014e-03 0.0000000000e+00 0.0000000000e+00
2.0587388177e-03 0.0000000000e+00 0.0000000000e+00
1.9268150769e-03 0.0000000000e+00 0.0000000000e+00
4.7365416958e-04 0.0000000000e+00 0.0000000000e+00
6.5879626254e-04 0.0000000000e+00 0.0000000000e+00
6.6167401944e-04 0.0000000000e+00 0.0000000000e+00
1.0091638260e-03 0.0000000000e+00 0.0000000000e+00
7.9678059077e-04 0.0000000000e+00 0.0000000000e+00
7.9719732776e-04 0.0000000000e+00 0.0000000000e+00
9.8819461270e-04 0.0000000000e+00 0.0000000000e+00
9.8819461270e-04 0.0000000000e+00 0.0000000000e+00
7.9713587381e-04 0.0000000000e+00 0.0000000000e+00
7.9734351251e-04 0.0000000000e+00 0.0000000000e+00
7.9679859603e-04 0.0000000000e+00 0.0000000000e+00
7.9803924579e-04 0.0000000000e+00 0.0000000000e+00
1.0232044706e-03 0.0000000000e+00 0.0000000000e+00
8.7315253859e-04 0.0000000000e+00 0.0000000000e+00
8.7326125564e-04 0.0000000000e+00 0.0000000000e+00
1.3366994476e-03 0.0000000000e+00 0.0000000000e+00
9.0744815907e-04 0.0000000000e+00 0.0000000000e+00
7.2531407568e-05 0.0000000000e+00 0.0000000000e+00
7.2299445795e-05 0.0000000000e+00 0.0000000000e+00
7.4027673539e-05 0.0000000000e+00 0.0000000000e+00
7.4091328770e-05 0.0000000000e+00 0.0000000000e+00
7.4031643332e-05 0.0000000000e+00 0.0000000000e+00
7.4080666309e-05 0.0000000000e+00 0.0000000000e+00
7.3882544863e-05 0.0000000000e+00 0.0000000000e+00
7.4088778547e-05 0.0000000000e+00 0.0000000000e+00
7.3881052382e-05 0.0000000000e+00 0.0000000000e+00
7.3876647851e-05 0.0000000000e+00 0.0000000000e+00
7.4094795309e-05 0.0000000000e+00 0.0000000000e+00
7.4088812501e-05 0.0000000000e+00 0.0000000000e+00
5.8736738689e-05 0.0000000000e+00 0.0000000000e+00
5.8782988617e-05 0.0000000000e+00 0.0000000000e+00
5.8782988617e-05 0.0000000000e+00 0.0000000000e+00
5.8729294627e-05 0.0000000000e+00 0.0000000000e+00
5.0387923390e-05 0.0000000000e+00 0.0000000000e+00
5.0385171259e-05 0.0000000000e+00 0.0000000000e+00
5.0374651437e-05 0.0000000000e+00 0.0000000000e+00
5.0387380422e-05 0.0000000000e+00 0.0000000000e+00
5.0387380422e-05 0.0000000000e+00 0.0000000000e+00
5.0566495368e-03 8.8330837898e-03 7.3804057805e-04
4.4776279956e-03 6.0917363347e-03 1.0393997363e-03
4.3040287922e-03 1.4182999730e-02 8.5849685517e-04
4.2464857033e-03 5.3402109770e-03 1.1796244216e-03
4.2414377028e-03 7.6684042967e-03 4.7066699578e-04
4.1915056287e-03 9.4129804832e-03 8.7662524796e-04
4.2207009640e-03 7.1795725962e-03 1.6542772064e-03
4.2675802724e-03 8.5548096492e-03 7.7544141580e-04
4.2605313653e-03 8.8776509122e-03 6.9050925958e-04
4.2656335014e-03 8.4064159698e-03 4.0529661783e-04
4.3632009171e-03 4.7127420160e-03 4.3464647024e-04
4.8768153313e-03 7.1718355563e-03 1.6940628751e-03
4.3093454921e-03 5.8028206889e-03 2.4090505758e-04
4.0523801733e-03 1.0305624222e-02 3.5474181520e-04
3.8923545089e-03 3.4545175731e-03 5.3151297713e-04
3.8971861607e-03 3.6891466201e-03 3.8812223283e-04
3.5161441301e-03 1.4101037814e-03 1.2995871172e-02
3.6805971661e-03 2.8537063530e-03 8.3530672515e-03
3.5957639448e-03 2.5065215887e-03 8.3739188267e-03
3.6356724383e-03 1.8733926797e-03 1.2793817713e-02
4.1957225506e-03 3.8899071903e-03 6.9820524659e-03
4.1095140805e-03 3.0879236292e-03 6.3726413840e-03
7.8522070144e-03 4.9768862276e-03 7.5496074433e-02
6.6525167834e-03 1.1471356265e-03 8.9476710806e-02
5.8538708769e-03 7.7315829306e-03 3.7805661404e-02
9.3886451153e-03 5.8610819979e-03 8.0232861762e-02
1.0881114470e-02 5.9862660516e-03 4.4424891782e-02
1.1100240831e-02 5.5664255633e-03 5.0692408656e-02
1.1110318392e-02 9.1119070615e-03 4.0428071283e-02
1.0857829249e-02 4.2708753220e-03 5.2214937595e-02
1.1437591390e-02 6.2287035786e-03 4.9440124072e-02
1.4693595026e-04 6.5539147436e-03 1.0948328539e-03
1.1096405991e-03 1.8221661914e-02 6.1534482601e-03
2.5415925726e-04 1.7707403128e-02 1.2239205350e-03
1.3071725668e-04 3.5147470228e-02 1.6607410352e-02
1.6777201563e-04 3.8580447125e-02 2.0383306701e-02
4.7352921153e-05 9.1067841374e-03 4.5754527283e-05
1.0779055612e-02 2.3163754105e-02 5.2009193151e-05
3.1573556892e-04 9.2926600725e-03 3.3737856138e-03
1.0466723381e-06 1.1242177856e-02 4.9019218447e-05
2.4734980737e-01 0.0000000000e+00 0.0000000000e+00
2.2039379490e-01 0.0000000000e+00 0.0000000000e+00
7.0794771115e-02 0.0000000000e+00 0.0000000000e+00
2.3855116715e-01 0.0000000000e+00 0.0000000000e+00
2.4179736649e-01 0.0000000000e+00 0.0000000000e+00
2.4645158897e-01 0.0000000000e+00 0.0000000000e+00
1.9034286588e-01 0.0000000000e+00 0.0000000000e+00
1.1756089857e-01 0.0000000000e+00 0.0000000000e+00
2.5866707787e-01 0.0000000000e+00 0.0000000000e+00
1.6331252332e-01 0.0000000000e+00 0.0000000000e+00
2.0151341831e-01 0.0000000000e+00 0.0000000000e+00
3.7295189997e-01 0.0000000000e+00 0.0000000000e+00
4.3430994451e-01 0.0000000000e+00 0.0000000000e+00
3.1786524256e-01 0.0000000000e+00 0.0000000000e+00
2.6145958528e-01 0.0000000000e+00 0.0000000000e+00
2.7648121739e-01 0.0000000000e+00 0.0000000000e+00
2.4843129143e-01 0.0000000000e+00 0.0000000000e+00
1.1168738268e-01 0.0000000000e+00 0.0000000000e+00
1.8826156979e-01 0.0000000000e+00 0.0000000000e+00
1.9175157696e-01 0.0000000000e+00 0.0000000000e+00
1.4498713426e-01 0.0000000000e+00 0.0000000000e+00
2.2718123843e-01 0.0000000000e+00 0.0000000000e+00
3.5963767270e-01 0.0000000000e+00 0.0000000000e+00
2.8754178931e-01 0.0000000000e+00 0.0000000000e+00
9.7300915513e-03 0.0000000000e+00 0.0000000000e+00
2.8167879209e-01 0.0000000000e+00 0.0000000000e+00
5.5877911509e-03 0.0000000000e+00 0.0000000000e+00
7.0556830809e-03 0.0000000000e+00 0.0000000000e+00
6.6974100094e-03 0.0000000000e+00 0.0000000000e+00
6.1833936100e-03 0.0000000000e+00 0.0000000000e+00
6.8810953914e-03 0.0000000000e+00 0.0000000000e+00
7.0553801973e-03 0.0000000000e+00 0.0000000000e+00
7.6268135163e-03 0.0000000000e+00 0.0000000000e+00
7.2012039115e-03 0.0000000000e+00 0.0000000000e+00
8.4041164761e-03 0.0000000000e+00 0.0000000000e+00
6.8640803802e-03 0.0000000000e+00 0.0000000000e+00
6.8009341000e-03 0.0000000000e+00 0.0000000000e+00
6.2487611722e-03 0.0000000000e+00 0.0000000000e+00
1.1782572139e-02 0.0000000000e+00 0.0000000000e+00
1.0103732425e-02 0.0000000000e+00 0.0000000000e+00
1.0977678699e-02 0.0000000000e+00 0.0000000000e+00
1.2490926559e-01 0.0000000000e+00 0.0000000000e+00
1.4894002490e-01 0.0000000000e+00 0.0000000000e+00
1.9268105055e-01 0.0000000000e+00 0.0000000000e+00
1.9268105055e-01 0.0000000000e+00 0.0000000000e+00
8.7280669250e-03 0.0000000000e+00 0.0000000000e+00
5.5495608846e-01 0.0000000000e+00 0.0000000000e+00
2.7640820170e-01 0.0000000000e+00 0.0000000000e+00
3.4034893910e-01 0.0000000000e+00 0.0000000000e+00
2.0942853764e-01 0.0000000000e+00 0.0000000000e+00
6.7744912890e-02 0.0000000000e+00 0.0000000000e+00
7.6527698276e-02 0.0000000000e+00 0.0000000000e+00
8.5761198774e-02 0.0000000000e+00 0.0000000000e+00
2.3684986363e-02 0.0000000000e+00 0.0000000000e+00
1.3539307790e-02 0.0000000000e+00 0.0000000000e+00
1.3795151026e-02 0.0000000000e+00 0.0000000000e+00
2.2570427546e-02 0.0000000000e+00 0.0000000000e+00
2.3616520475e-02 0.0000000000e+00 0.0000000000e+00
2.3647970462e-02 0.0000000000e+00 0.0000000000e+00
2.2470292325e-02 0.0000000000e+00 0.0000000000e+00
2.3544356790e-02 0.0000000000e+00 0.0000000000e+00
1.2734218966e-02 0.0000000000e+00 0.0000000000e+00
2.2836905283e-02 0.0000000000e+00 0.0000000000e+00
2.3144934753e-02 0.0000000000e+00 0.0000000000e+00
2.3228060668e-02 0.0000000000e+00 0.0000000000e+00
2.0734364012e-02 0.0000000000e+00 0.0000000000e+00
2.1092502381e-02 0.0000000000e+00 0.0000000000e+00
1.8921893342e-02 0.0000000000e+00 0.0000000000e+00
2.4403632677e-02 0.0000000000e+00 0.0000000000e+00
2.1480879805e-02 0.0000000000e+00 0.0000000000e+00
1.9381062438e-02 0.0000000000e+00 0.0000000000e+00
2.3267921332e-02 0.0000000000e+00 0.0000000000e+00
1.8150071206e-02 0.0000000000e+00 0.0000000000e+00
2.4657443379e-02 0.0000000000e+00 0.0000000000e+00
1.8917231762e-02 0.0000000000e+00 0.0000000000e+00
1.8474933788e-02 0.0000000000e+00 0.0000000000e+00
2.3656108223e-02 0.0000000000e+00 0.0000000000e+00
1.8951931930e-02 0.0000000000e+00 0.0000000000e+00
1.3096541186e-02 0.0000000000e+00 0.0000000000e+00
1.8454157573e-02 0.0000000000e+00 0.0000000000e+00
1.8990648173e-02 0.0000000000e+00 0.0000000000e+00
2.8036477549e-03 0.0000000000e+00 0.0000000000e+00
2.4175377989e-02 0.0000000000e+00 0.0000000000e+00
2.2243066652e-02 0.0000000000e+00 0.0000000000e+00
2.2424890505e-02 0.0000000000e+00 0.0000000000e+00
2.4029707730e-02 0.0000000000e+00 0.0000000000e+00
2.3208280598e-02 0.0000000000e+00 0.0000000000e+00
2.5809484127e-02 0.0000000000e+00 0.0000000000e+00
2.5995889659e-02 0.0000000000e+00 0.0000000000e+00
2.5193660753e-02 0.0000000000e+00 0.0000000000e+00
2.4896127987e-02 0.0000000000e+00 0.0000000000e+00
1.0525760474e-02 9.6287848428e-03 6.0973888574e-02
3.0927852184e-02 1.3716205101e-02 4.9721989470e-02
5.1766990024e-03 9.5484843478e-03 3.6039202319e-02
3.2551776152e-02 9.6397731686e-03 1.7479663327e-02
7.9848385261e-03 2.9054421621e-02 5.5083141585e-03
3.9423967712e-02 2.7925274645e-02 2.4544320089e-03
7.9318203886e-04 2.7990496407e-02 1.8712479020e-03
3.1085009046e-02 0.0000000000e+00 0.0000000000e+00
3.2799825790e-02 0.0000000000e+00 0.0000000000e+00
3.6514033428e-02 0.0000000000e+00 0.0000000000e+00
2.5220700627e-03 0.0000000000e+00 0.0000000000e+00
4.2381886393e-01 0.0000000000e+00 0.0000000000e+00
2.7557460591e-02 0.0000000000e+00 0.0000000000e+00
2.2649627800e-01 0.0000000000e+00 0.0000000000e+00
9.6277603431e-04 0.0000000000e+00 0.0000000000e+00
4.8865128060e-01 0.0000000000e+00 0.0000000000e+00
7.0188502358e-07 0.0000000000e+00 2.1807998826e-32
1.0964497017e-03 0.0000000000e+00 0.0000000000e+00
2.5444523926e-02 0.0000000000e+00 0.0000000000e+00
4.8355654813e-02 2.1868157045e-02 1.5972509670e-03
1.3140248502e-03 2.2329203164e-02 3.3083004867e-04
3.5365806272e-02 2.8939581166e-02 5.3576367209e-03
1.0254249773e-03 2.1005103830e-02 4.9500330351e-04
5.1025441072e-02 2.2717054778e-02 1.7891362562e-03
7.0036994278e-07 0.0000000000e+00 0.0000000000e+00
6.7338808129e-01 0.0000000000e+00 0.0000000000e+00
1.6808663433e-01 2.6599121668e-02 2.3997666625e-03
2.0553225651e-02 2.7516573823e-02 8.2566107267e-04
7.0228617233e-07 0.0000000000e+00 0.0000000000e+00
7.0153743555e-07 0.0000000000e+00 0.0000000000e+00
5.3376634916e-01 0.0000000000e+00 0.0000000000e+00
1.1169770771e-02 0.0000000000e+00 0.0000000000e+00
5.2229505281e-01 0.0000000000e+00 0.0000000000e+00
4.4760694739e-05 0.0000000000e+00 0.0000000000e+00
4.5135648611e-02 0.0000000000e+00 0.0000000000e+00
4.4813219271e-05 0.0000000000e+00 0.0000000000e+00
4.4837933274e-05 3.1654576771e-02 5.3227379608e-02
4.4855182447e-05 5.2729939111e-02 2.2842566250e-03
4.4856354180e-05 5.0907425272e-02 1.1157027686e-03
4.4859520131e-05 0.0000000000e+00 6.3472627583e-21
4.4855371925e-05 4.4036858289e-17 1.4221336923e-08
2.1670952470e-01 0.0000000000e+00 0.0000000000e+00
4.4866552344e-05 0.0000000000e+00 1.0407641876e-34
3.1137957626e-02 0.0000000000e+00 0.0000000000e+00
3.2205651010e-02 0.0000000000e+00 0.0000000000e+00
1.9143437773e-02 0.0000000000e+00 0.0000000000e+00
6.5607710741e-02 2.4445772792e-02 8.9649402071e-03
8.6511087914e-02 3.2622298226e-02 2.3373768354e-02
5.0470283628e-01 0.0000000000e+00 0.0000000000e+00
3.1609627108e-01 0.0000000000e+00 0.0000000000e+00
4.4853464109e-05 0.0000000000e+00 1.0647107115e-19
4.4867269025e-05 0.0000000000e+00 0.0000000000e+00
4.4852917199e-05 0.0000000000e+00 0.0000000000e+00
4.4859766300e-05 0.0000000000e+00 1.2299954481e-09
4.4860968046e-05 0.0000000000e+00 8.8391418259e-10
4.4859386132e-05 1.4003489291e-01 1.5608098302e-03
4.4855427708e-05 1.3547990471e-01 9.9642647620e-04
4.4856203810e-05 1.3309218610e-01 9.8746144771e-04
4.4853984643e-05 1.4460605383e-01 1.1581725175e-03
4.4852426072e-05 1.2862074872e-01 5.7861461537e-03
1.1515649719e-01 0.0000000000e+00 0.0000000000e+00
6.0225461387e-02 8.1047177601e-24 0.0000000000e+00
1.7067734152e-01 8.2715589491e-24 0.0000000000e+00
2.8058052839e-02 0.0000000000e+00 0.0000000000e+00
1.5325351696e-02 0.0000000000e+00 0.0000000000e+00
2.8081571994e-02 0.0000000000e+00 0.0000000000e+00
2.9938509998e-02 0.0000000000e+00 0.0000000000e+00
2.3925195510e-01 0.0000000000e+00 0.0000000000e+00
3.1843793889e-02 0.0000000000e+00 0.0000000000e+00
1.7523625502e-05 0.0000000000e+00 0.0000000000e+00
3.0777680067e-02 0.0000000000e+00 0.0000000000e+00
1.7523634597e-05 0.0000000000e+00 0.0000000000e+00
1.7523634597e-05 0.0000000000e+00 0.0000000000e+00
2.6629085963e-02 0.0000000000e+00 0.0000000000e+00
3.3249026320e-02 0.0000000000e+00 0.0000000000e+00
1.7522870621e-05 0.0000000000e+00 0.0000000000e+00
1.6731442418e-02 0.0000000000e+00 0.0000000000e+00
3.2149477707e-02 0.0000000000e+00 0.0000000000e+00
2.5538646771e-02 0.0000000000e+00 0.0000000000e+00
2.6739753628e-02 0.0000000000e+00 0.0000000000e+00
2.8594396388e-02 0.0000000000e+00 0.0000000000e+00
2.1869077037e-02 0.0000000000e+00 0.0000000000e+00
1.1328093708e-02 0.0000000000e+00 0.0000000000e+00
1.8884213098e-02 0.0000000000e+00 0.0000000000e+00
1.5210410425e-02 0.0000000000e+00 0.0000000000e+00
4.1901690575e-02 0.0000000000e+00 0.0000000000e+00
4.1783341362e-02 0.0000000000e+00 0.0000000000e+00
2.9383583615e-02 0.0000000000e+00 0.0000000000e+00
2.9725836279e-02 0.0000000000e+00 0.0000000000e+00
3.7281415425e-02 0.0000000000e+00 0.0000000000e+00
4.1137945993e-02 0.0000000000e+00 0.0000000000e+00
3.5217246506e-02 0.0000000000e+00 0.0000000000e+00
3.3310805758e-02 0.0000000000e+00 0.0000000000e+00
7.7990078988e-02 0.0000000000e+00 0.0000000000e+00
4.5073156245e-02 0.0000000000e+00 0.0000000000e+00
2.6619918800e-02 0.0000000000e+00 0.0000000000e+00
1.1743984942e-05 0.0000000000e+00 0.0000000000e+00
3.3491609308e-02 0.0000000000e+00 0.0000000000e+00
2.1380902714e-03 0.0000000000e+00 0.0000000000e+00
1.3659054219e-02 0.0000000000e+00 0.0000000000e+00
2.3838874729e-02 0.0000000000e+00 0.0000000000e+00
2.4135290257e-02 0.0000000000e+00 0.0000000000e+00
1.1748114048e-05 0.0000000000e+00 0.0000000000e+00
1.1748404177e-05 0.0000000000e+00 0.0000000000e+00
2.7131178572e-02 0.0000000000e+00 0.0000000000e+00
2.0931263221e-02 0.0000000000e+00 0.0000000000e+00
2.4600274613e-01 0.0000000000e+00 0.0000000000e+00
3.6615244579e-02 0.0000000000e+00 0.0000000000e+00
1.5418498466e-01 0.0000000000e+00 0.0000000000e+00
1.1748355973e-05 0.0000000000e+00 0.0000000000e+00
7.0960434464e-02 0.0000000000e+00 0.0000000000e+00
3.8080638585e-02 0.0000000000e+00 0.0000000000e+00
3.5244906321e-02 0.0000000000e+00 0.0000000000e+00
7.0657733595e-03 0.0000000000e+00 0.0000000000e+00
4.2898778532e-03 0.0000000000e+00 0.0000000000e+00
6.2552651313e-03 0.0000000000e+00 0.0000000000e+00
1.2068909779e-01 0.0000000000e+00 0.0000000000e+00
5.5845633142e-05 0.0000000000e+00 0.0000000000e+00
5.5892394509e-05 0.0000000000e+00 0.0000000000e+00
5.5905674041e-05 0.0000000000e+00 0.0000000000e+00
5.5912205426e-05 0.0000000000e+00 0.0000000000e+00
5.5885493869e-05 0.0000000000e+00 0.0000000000e+00
5.5894656119e-05 0.0000000000e+00 0.0000000000e+00
5.5798830241e-05 0.0000000000e+00 0.0000000000e+00
5.5817301169e-05 0.0000000000e+00 0.0000000000e+00
5.5831036661e-05 0.0000000000e+00 0.0000000000e+00
5.5833923398e-05 0.0000000000e+00 0.0000000000e+00
5.5870173734e-05 0.0000000000e+00 0.0000000000e+00
5.6667176068e-05 0.0000000000e+00 0.0000000000e+00
5.5906122725e-05 0.0000000000e+00 0.0000000000e+00
5.7125675994e-05 0.0000000000e+00 0.0000000000e+00
5.7125675994e-05 0.0000000000e+00 0.0000000000e+00
5.5896364150e-05 0.0000000000e+00 0.0000000000e+00
5.5887162792e-05 0.0000000000e+00 0.0000000000e+00
5.5892005245e-05 0.0000000000e+00 0.0000000000e+00
5.5841672899e-05 0.0000000000e+00 0.0000000000e+00
6.8372425024e-05 0.0000000000e+00 0.0000000000e+00
6.4643729881e-05 0.0000000000e+00 0.0000000000e+00
1.9861111790e-01 0.0000000000e+00 0.0000000000e+00
5.5814557224e-05 0.0000000000e+00 0.0000000000e+00
5.5827402321e-05 0.0000000000e+00 0.0000000000e+00
5.5863781805e-05 0.0000000000e+00 0.0000000000e+00
5.5797372321e-05 0.0000000000e+00 0.0000000000e+00
5.5855676389e-05 0.0000000000e+00 0.0000000000e+00
5.5842540557e-05 0.0000000000e+00 0.0000000000e+00
5.5834497895e-05 0.0000000000e+00 0.0000000000e+00
8.0032478460e-05 0.0000000000e+00 0.0000000000e+00
1.8002282134e-04 0.0000000000e+00 0.0000000000e+00
5.5853396892e-05 0.0000000000e+00 0.0000000000e+00
5.5792489244e-05 0.0000000000e+00 0.0000000000e+00
5.5825780085e-05 0.0000000000e+00 0.0000000000e+00
5.5886965432e-05 0.0000000000e+00 0.0000000000e+00
5.5894808611e-05 0.0000000000e+00 0.0000000000e+00
5.5879265043e-05 0.0000000000e+00 0.0000000000e+00
5.5898864957e-05 0.0000000000e+00 0.0000000000e+00
5.5853166486e-05 0.0000000000e+00 0.0000000000e+00
5.5896872254e-05 0.0000000000e+00 0.0000000000e+00
5.5878536538e-05 0.0000000000e+00 0.0000000000e+00
5.5878530172e-05 0.0000000000e+00 0.0000000000e+00
5.5699181151e-05 0.0000000000e+00 0.0000000000e+00
5.5810283508e-05 0.0000000000e+00 0.0000000000e+00
5.5837658995e-05 0.0000000000e+00 0.0000000000e+00
5.5699549497e-05 0.0000000000e+00 0.0000000000e+00
5.5721461043e-05 0.0000000000e+00 0.0000000000e+00
5.5760746970e-05 0.0000000000e+00 0.0000000000e+00
7.2988645722e-05 0.0000000000e+00 0.0000000000e+00
5.5746053476e-05 0.0000000000e+00 0.0000000000e+00
5.5734892157e-05 0.0000000000e+00 0.0000000000e+00
5.5801410175e-05 0.0000000000e+00 0.0000000000e+00
7.2817916982e-02 0.0000000000e+00 0.0000000000e+00
2.9420892335e-01 0.0000000000e+00 0.0000000000e+00
3.6717809985e-01 0.0000000000e+00 0.0000000000e+00
2.4416771159e-01 0.0000000000e+00 0.0000000000e+00
9.0077572502e-02 0.0000000000e+00 0.0000000000e+00
3.1991189967e-01 0.0000000000e+00 0.0000000000e+00
2.3720987576e-01 0.0000000000e+00 0.0000000000e+00
2.4132551812e-01 0.0000000000e+00 0.0000000000e+00
3.3445846662e-01 0.0000000000e+00 0.0000000000e+00
3.4485420585e-01 0.0000000000e+00 0.0000000000e+00
3.3312557638e-01 0.0000000000e+00 0.0000000000e+00
2.8923010205e-01 0.0000000000e+00 0.0000000000e+00
3.1434299300e-01 0.0000000000e+00 0.0000000000e+00
1.5285578556e-01 0.0000000000e+00 0.0000000000e+00
1.1156149767e-01 0.0000000000e+00 0.0000000000e+00
3.7920813387e-02 0.0000000000e+00 0.0000000000e+00
3.6202282567e-02 0.0000000000e+00 0.0000000000e+00
3.5422492540e-02 0.0000000000e+00 0.0000000000e+00
4.5367627560e-02 0.0000000000e+00 0.0000000000e+00
3.2128213750e-02 0.0000000000e+00 0.0000000000e+00
1.9766352062e-02 0.0000000000e+00 0.0000000000e+00
3.1599249885e-02 0.0000000000e+00 0.0000000000e+00
3.1568439134e-02 0.0000000000e+00 0.0000000000e+00
3.7661989996e-02 0.0000000000e+00 0.0000000000e+00
3.9970365663e-02 0.0000000000e+00 0.0000000000e+00
4.5794538377e-02 0.0000000000e+00 0.0000000000e+00
5.8861410711e-02 0.0000000000e+00 0.0000000000e+00
4.9249417925e-02 0.0000000000e+00 0.0000000000e+00
4.9786274011e-02 0.0000000000e+00 0.0000000000e+00
4.4995920577e-02 0.0000000000e+00 0.0000000000e+00
6.0669925219e-02 0.0000000000e+00 0.0000000000e+00
1.2947890044e-02 7.1668750043e-03 5.9326528183e-03
1.7936838335e-02 1.3930063695e-02 3.5887002999e-05
2.1656382538e-02 1.0928649727e-02 4.0589683522e-05
1.0210326004e-01 6.4935094056e-02 8.1655691067e-05
4.6895874664e-02 2.2804089356e-02 5.7124400352e-05
5.6486613551e-03 6.1831046769e-03 1.2744328783e-02
2.7092026847e-02 2.7000512279e-03 1.4696882029e-02
2.7978124369e-03 2.6551216841e-02 8.6456542291e-03
2.4187449007e-02 5.3174880644e-03 2.5735934420e-02
1.0157128621e-02 1.1824095040e-02 1.0575083240e-02
6.1283069833e-03 8.7026301383e-03 1.9817691141e-02
5.6816842407e-02 2.3150695197e-03 2.5248012971e-02
4.4341490308e-03 5.1566787685e-05 4.1573687146e-02
3.9592192188e-03 4.1990924122e-05 7.4837960303e-02
2.0162807079e-02 4.7792767207e-05 4.3395537650e-03
5.9810707062e-03 4.2576766039e-05 2.4313776007e-02
3.5433229680e-02 4.4810690461e-05 1.3829570652e-02
3.5254739535e-02 4.0457065561e-05 1.6248057907e-01
2.3617691137e-02 2.1080420265e-04 4.5690474411e-02
5.5396170258e-03 4.2045326876e-05 1.0779291826e-01
4.4942628004e-03 4.1633814645e-05 5.3143701827e-02
5.0364633712e-02 4.1899862076e-05 3.0392725952e-02
2.0353464807e-02 4.1051629406e-05 3.0836367048e-02
2.2290360571e-02 4.1717335632e-05 1.5089675545e-02
4.0301010473e-03 4.1653443380e-05 5.2764789512e-02
2.6137227037e-02 4.1907956984e-05 8.2808022698e-02
3.3669078524e-05 2.7144071646e-02 4.7026513765e-02
3.3675052691e-05 5.1589167211e-02 4.7806470655e-02
3.3642790186e-05 4.5776408476e-02 5.3036837839e-02
1.6623544119e-02 2.9372552875e-02 2.3033184853e-02
1.2349540213e-02 2.9597272398e-02 4.3411530399e-02
6.9922480713e-03 2.6668974742e-02 3.5483961925e-02
7.0344527861e-03 2.9226607177e-02 2.2814036813e-02
9.1787059961e-03 3.8904846491e-02 1.4949570449e-02
8.7329992093e-03 2.9449345389e-02 3.4073027627e-02
5.7154514749e-03 2.8817480275e-02 4.1781927304e-02
1.0344345666e-02 2.0422916937e-02 4.2606425006e-02
3.3648193797e-05 2.5612146128e-02 4.8108141248e-02
3.0258250108e-03 2.8381394998e-02 3.2726504685e-02
7.7336848032e-03 2.0658812020e-02 3.9444702367e-02
8.8338359492e-03 2.8701613812e-02 4.3145331399e-02
3.3679531043e-05 3.0863955151e-02 3.5140545457e-02
3.3679625631e-05 1.9302095345e-02 3.5553891755e-02
5.7109320248e-05 3.5423596390e-02 3.2047666978e-02
3.3656527497e-05 3.1310196578e-02 4.6095173496e-02
3.4544986920e-04 1.6828017096e-02 1.8285826343e-02
6.1949270942e-04 3.1071658712e-02 3.8999082365e-02
3.3672712258e-05 5.2508794547e-02 4.9120186607e-05
3.3845944017e-05 2.9927903476e-02 4.9070236552e-05
3.3683489164e-05 1.5974599364e-02 3.9235752850e-02
3.3683436717e-05 9.5967150143e-03 3.6546182896e-02
3.3690041164e-05 2.7424680690e-02 2.3284421302e-02
3.3691921999e-05 2.7204618789e-02 6.8569226229e-03
3.3691921999e-05 2.7385198899e-02 8.8157982100e-03
3.3669959521e-05 2.1816250766e-02 7.7079032858e-02
3.3664099040e-05 2.4929712527e-02 8.9156680042e-03
3.3693951991e-05 2.5226123941e-02 3.1401035221e-02
3.3692536817e-05 1.5757232740e-02 2.1021788319e-02
3.3682426874e-05 7.6158166024e-03 2.7147780793e-02
3.3665015508e-05 1.7299270645e-02 7.0667527034e-03
3.3695167076e-05 1.8466232888e-02 4.3712870587e-03
3.3695388993e-05 2.1655924075e-02 4.2210411048e-03
3.3695050661e-05 2.0221660146e-02 4.8824745657e-03
3.3681837522e-05 2.3159346078e-02 1.2979449239e-02
6.7177928334e-05 2.4735182369e-02 2.8491775816e-02
3.3672851714e-05 2.5658920252e-02 2.0548896942e-02
2.3841390430e-05 2.5637910857e-02 1.3488452877e-02
3.7552269077e-05 7.3777983343e-03 2.0102009410e-02
2.3840646463e-05 2.9563074388e-02 1.3174662658e-02
2.3841072107e-05 3.1497130636e-02 1.2670954883e-02
2.3840719223e-05 2.8129585631e-02 1.2535640427e-02
2.3841987058e-05 3.3208892448e-02 1.6024173975e-02
2.3841206712e-05 3.0191361167e-02 1.7805513305e-02
2.3831615181e-05 1.6719708874e-02 1.2477700987e-02
2.3840848371e-05 5.1200469645e-02 1.9178511808e-02
2.3841666916e-05 3.1382762982e-02 1.7685759890e-02
2.3841737857e-05 3.0502602380e-02 2.0063271280e-02
2.3839849746e-05 3.1326555647e-02 1.4212341203e-02
2.4747536524e-05 2.9730757000e-02 1.6039485616e-02
2.5168303334e-05 2.9006679814e-02 2.7994226975e-02
2.3808691670e-05 3.1387384205e-02 2.1052733297e-02
2.3841492293e-05 4.1578282602e-02 2.8439012201e-02
2.3840135327e-05 8.0151048314e-03 1.1825310881e-02
2.3838529160e-05 1.7533869560e-02 1.3315238136e-02
2.3841494112e-05 9.2152916865e-03 1.1852125560e-02
2.3835837055e-05 5.7485595438e-03 1.8649146582e-02
2.3839267669e-05 1.6109057081e-02 8.2086037922e-03
1.4581832147e-05 1.4479511495e-02 1.4434930015e-02
1.4582336007e-05 9.9342241398e-03 7.3583929722e-03
1.4583061784e-05 6.7181140718e-03 5.4726177477e-03
1.4583127268e-05 1.0372091046e-02 1.3864703278e-02
1.4582972653e-05 1.0170489433e-02 7.5964503922e-03
1.4582904441e-05 5.7615698509e-03 1.5178929393e-02
1.4578615264e-05 8.2312372009e-03 3.5744794004e-03
1.4560776435e-05 7.7123371884e-03 7.3506560099e-03
1.4559683602e-05 2.2242847985e-02 1.4222859638e-02
1.4724353314e-03 1.2353938539e-02 8.2989952837e-03
8.4412387666e-04 1.3398614751e-02 7.2193295734e-03
8.4229767966e-04 1.1790397305e-02 1.4673337573e-02
8.1648274409e-04 4.9221539133e-03 4.5642768382e-03
8.4628602008e-04 1.1173394819e-02 1.0257384585e-02
2.0406735833e-05 7.6089843448e-03 1.5782344155e-02
7.6025391096e-04 6.8027786559e-05 5.5115578774e-03
1.4555904727e-05 1.7267500516e-03 7.8610337417e-03
1.4559299416e-05 8.2843614121e-03 1.0383683916e-02
1.4561983789e-05 7.6835068564e-03 8.2131410115e-03
1.5210824510e-05 5.3005490093e-03 1.3649041726e-02
2.1374276306e-05 6.7101569972e-03 8.2570662295e-03
1.4560145246e-05 9.9415377869e-03 9.6102739141e-03
1.4576849935e-05 6.7266607124e-03 2.0485892271e-02
1.4580602510e-05 2.2797143993e-03 7.0104210366e-03
1.4580599858e-05 4.0774028409e-03 9.0095347259e-03
1.4580667994e-05 5.2811254864e-03 7.4049929851e-03
1.4580486095e-05 6.6576751415e-03 8.2354325762e-03
1.2217543602e-03 4.3406562860e-03 4.9494630778e-03
9.2952694771e-04 3.4541088438e-03 9.2536975668e-03
8.4386028902e-04 5.8786801140e-03 1.1864553924e-02
7.8696376871e-04 1.1746401621e-03 1.3389543009e-02
1.5407230573e-05 9.7880660323e-03 2.2616229641e-02
1.4570770873e-05 1.4386550213e-02 1.5238989300e-02
1.4587539681e-05 1.4588996613e-02 1.5991639268e-02
1.1453244661e-03 1.0089458820e-02 4.2443677473e-02
1.4582094082e-05 1.3258413101e-02 2.8608604024e-02
1.4581750293e-05 1.4541285345e-02 1.5122571378e-02
2.0096608496e-03 4.7021805852e-03 2.3647600756e-03
4.7527595501e-03 7.8398824747e-03 1.0787813614e-02
2.9064178622e-03 4.7525546203e-03 8.9041679942e-03
1.0686118233e-03 3.6929060007e-03 5.4861111760e-03
2.2085395964e-05 6.7777262690e-03 3.0519827191e-02
1.4581577943e-05 7.0077244503e-03 2.9956645022e-02
7.7057315017e-04 3.9131179656e-03 2.0237453592e-02
1.4691766940e-05 6.1224322029e-03 8.2007617845e-02
3.0622125681e-03 4.5737918893e-03 2.3578139953e-02
1.4895801845e-05 8.3154248617e-03 4.9594320046e-02
1.4577228285e-05 9.0828482062e-03 6.8052959784e-03
2.2236334820e-03 4.0928467351e-03 1.6150773580e-02
2.5160874357e-03 4.1940009323e-03 1.9850835670e-02
1.4580952666e-05 5.9108319886e-03 2.7526380688e-02
2.1768864675e-05 5.9122734431e-03 8.5510577968e-03
4.4909624266e-03 8.3891494821e-03 6.7104912053e-02
1.0657536995e-04 4.2889978407e-03 4.1587330944e-02
8.5168658795e-04 4.8723167856e-03 2.9416937847e-02
2.1683428561e-05 7.4834905099e-03 2.1595669755e-02
1.4582691620e-05 9.2764640382e-03 1.5138788265e-02
1.4577852198e-05 1.6207993147e-02 3.9047714400e-02
1.4578760783e-05 1.6531300071e-02 3.5361730571e-02
1.4583075426e-05 1.3046796007e-02 2.4606329311e-02
1.0097910308e-04 1.2769782489e-02 9.4289440118e-03
6.2001615152e-04 1.8078224733e-02 4.7771904928e-02
2.0036240676e-04 1.2731009124e-02 3.3357261913e-02
1.0776200967e-04 1.2541937681e-02 1.8809540935e-02
5.9777841282e-03 1.5600245756e-02 4.8163210352e-02
3.3624000935e-05 1.4573668363e-02 3.6399019572e-02
3.3624193748e-05 1.5084440665e-02 2.7712414352e-02
3.3624139178e-05 1.3749064179e-02 4.1216969956e-02
3.3624299249e-05 1.3658791586e-02 2.1809981981e-02
3.3624313801e-05 1.3046759297e-02 2.4615734660e-02
3.3623939089e-05 1.4632282080e-02 2.4635087543e-02
3.3624321077e-05 1.5303368447e-02 2.1487575335e-02
3.3618063753e-05 1.5924188464e-02 3.2440794787e-02
3.3623335185e-05 1.3109727957e-02 2.5336996031e-02
3.3624259231e-05 1.1170647650e-02 1.0409381675e-01
3.3623309719e-05 1.0378370876e-02 7.1951221985e-02
3.3623629861e-05 9.8807275062e-03 1.9984056180e-01
3.3620162867e-05 1.0503027084e-02 1.4774183929e-01
3.3620151953e-05 1.0562386441e-02 2.2997347017e-01
3.3623113268e-05 8.7470254706e-03 1.8732796982e-01
3.3623080526e-05 1.1571230561e-02 1.6930915415e-01
3.3623895433e-05 1.0666711605e-02 1.9587345297e-01
3.3622593037e-05 8.1357116578e-03 1.1723888355e-01
3.3622662158e-05 8.0176799869e-03 1.1402616029e-01
3.3622556657e-05 7.8542633370e-03 2.3924069852e-01
3.3622534829e-05 8.1883291326e-03 1.2156306642e-01
3.3622323826e-05 7.9316389359e-03 1.8499942372e-01
3.3624321077e-05 0.0000000000e+00 2.3234055272e-07
3.3624321077e-05 0.0000000000e+00 2.3056469682e-07
3.3624277421e-05 2.0913489733e-21 2.5194666383e-07
3.3624317439e-05 1.9772624998e-21 1.0728832270e-06
3.3624317439e-05 0.0000000000e+00 3.9415266606e-08
3.3624313801e-05 0.0000000000e+00 0.0000000000e+00
3.3621974580e-05 2.0748523099e-21 0.0000000000e+00
3.3623589843e-05 0.0000000000e+00 0.0000000000e+00
3.3623931813e-05 0.0000000000e+00 2.4791791020e-06
3.3619133319e-05 1.1724695330e-02 1.6628825416e-01
3.3619129681e-05 0.0000000000e+00 1.7800540764e-09
3.3624182834e-05 0.0000000000e+00 0.0000000000e+00
3.3624182834e-05 0.0000000000e+00 0.0000000000e+00
3.3623418858e-05 0.0000000000e+00 0.0000000000e+00
3.3616150176e-05 0.0000000000e+00 0.0000000000e+00
1.4268486153e-02 1.4915423344e-01 8.5435505205e-08
1.0448492939e-01 0.0000000000e+00 0.0000000000e+00
4.2277742798e-02 1.5696451565e-01 1.4307933189e-07
2.6496916233e-02 7.0986560235e-02 1.4259800933e-07
1.7080826142e-02 1.3722832066e-01 1.3575662893e-07
1.3126366617e-02 1.3363942939e-01 1.3251997528e-07
2.0996635004e-02 1.5146382526e-01 1.3255567773e-07
1.7693914551e-02 1.3959406627e-01 1.5028264939e-07
1.5117961991e-02 2.4417882164e-01 1.3268816188e-07
9.8659391515e-03 2.5730661179e-01 1.3001144816e-07
1.6539365907e-02 2.6240940889e-01 1.3622238744e-07
9.1977420185e-03 1.9213902081e-01 1.3586617910e-07
1.4155043134e-02 1.9523871814e-01 1.3648743611e-07
1.6983966809e-02 1.9244568422e-01 1.3630474425e-07
1.5139533207e-02 1.9556888317e-01 1.3752318472e-07
1.3499610048e-02 1.8939730028e-01 1.4099262082e-07
1.2771414438e-02 1.9910172621e-01 1.3574283993e-07
1.2386069090e-02 1.9781271865e-01 1.3704488599e-07
7.2923796251e-03 1.9357611860e-01 2.3509639442e-07
8.7408022179e-03 1.9187308972e-01 4.1211213992e-07
2.3547360208e-02 1.9470247750e-01 3.3887910667e-07
1.6569966838e-02 1.8485197673e-01 3.9414555042e-07
1.1950449785e-02 1.8797464917e-01 3.9247555428e-07
1.4517807712e-02 1.8507227177e-01 4.9982069809e-07
1.6006542835e-02 1.8571469933e-01 4.1745948535e-07
1.7098662754e-02 1.8617796153e-01 7.5447537947e-07
1.2187275298e-02 1.4625211184e-01 8.3656643544e-07
6.9751495806e-03 1.5693957359e-01 8.7034659692e-07
1.6420732640e-02 1.6770178328e-01 9.0735285507e-07
3.9406124112e-05 1.7926597719e-01 8.1839141575e-07
3.9406088642e-05 1.6694674020e-01 8.2038248805e-07
3.9406658592e-05 1.7675133670e-01 7.2329861222e-07
3.9406828364e-05 1.8778981020e-01 8.0616128336e-07
3.9406791075e-05 1.9123815000e-01 7.8653936401e-07
3.9406894151e-05 1.9069533298e-01 9.1279387930e-07
3.9406791075e-05 1.9123815000e-01 7.8653936401e-07
3.9406766518e-05 1.8506503229e-01 8.3482137159e-07
7.9065406680e-05 1.9025580461e-01 7.2026474370e-07
8.3622597934e-03 1.8122213706e-01 7.8880662549e-07
3.9404321797e-05 1.8929471324e-01 6.9082270386e-07
3.9406493367e-05 1.9160415853e-01 8.7997056767e-07
1.3478545705e-02 1.8059360857e-01 1.6891633021e-06
3.9406437888e-05 1.8841492757e-01 8.9823883709e-07
1.4381889875e-02 1.8925567841e-01 1.6011067509e-06
6.1919676373e-03 1.7449903240e-01 2.0025156792e-06
3.9406573705e-05 1.9113818308e-01 8.1830738630e-07
1.3335169138e-02 1.8384138867e-01 1.7692424041e-06
6.5865942355e-03 1.7617830137e-01 1.0027511186e-06
4.2616798964e-05 1.7697849621e-01 8.5462398274e-07
4.2616798964e-05 1.7697849621e-01 8.5462398274e-07
9.3930895067e-05 1.7378249889e-01 1.7314513135e-06
9.0184475412e-03 1.8615964303e-01 1.0145684426e-06
2.6235232285e-02 1.8347634996e-01 9.4561436911e-07
1.2422854546e-02 1.9025204331e-01 1.7125849568e-06
2.1490084783e-02 1.9334685927e-01 1.5284333276e-06
2.5443499908e-02 1.8435558304e-01 2.1310017191e-06
3.9405802151e-05 1.8249870713e-01 4.5834619963e-05
1.7965383328e-04 1.9329015166e-01 4.8885113453e-04
3.9406273572e-05 1.9590098908e-01 8.2863661798e-05
2.5602938297e-02 1.8523013840e-01 3.4531633113e-04
1.0387134738e-02 1.7698430642e-01 1.6399202165e-04
2.0569973936e-02 1.8330338225e-01 5.9612882069e-05
4.3733726973e-05 1.9611425077e-01 6.4512689132e-06
3.6665926377e-02 1.7607722556e-01 5.5036840786e-04
5.5692970818e-05 1.9101622577e-01 9.7995378140e-04
5.5693029329e-05 1.9128359233e-01 1.1159088172e-03
5.5692757996e-05 1.9182579592e-01 5.7098344890e-04
5.5692607627e-05 1.9831928611e-01 7.1121003081e-04
5.5692779824e-05 1.8229027217e-01 8.0143915451e-04
5.5692748901e-05 1.7455760514e-01 2.0148785746e-03
5.5692677355e-05 1.9479121019e-01 3.1531666803e-03
5.5692562152e-05 1.9308736175e-01 1.2722379615e-03
5.5692769517e-05 1.9298507273e-01 3.6525228837e-03
5.5692247467e-05 1.7044945806e-01 2.5647999525e-03
5.5692496365e-05 2.0092445860e-01 3.4947856620e-03
5.5693091175e-05 1.9320175424e-01 1.7605781613e-03
5.5692938986e-05 1.9569409887e-01 4.0460074379e-03
5.5691889732e-05 1.8087798730e-01 3.1452574767e-03
5.5692417542e-05 1.8814302484e-01 1.5057936253e-03
5.5692983854e-05 2.0753905177e-01 3.8540572859e-03
5.5692623694e-05 2.2654724742e-01 1.2293437370e-03
5.5692519406e-05 1.5482638280e-01 1.1331279064e-02
5.5692982338e-05 2.7382912735e-01 1.3140944502e-03
5.5692737988e-05 2.9053369661e-01 2.6862496549e-03
5.5692327502e-05 2.5212235749e-01 4.4579888102e-04
5.5691042689e-05 2.7930237601e-01 2.0600290348e-03
5.5692140450e-05 2.9176129401e-01 8.9894061360e-04
5.5691683580e-05 2.6352757836e-01 4.8082594876e-03
5.5692757087e-05 2.1632018685e-01 2.1638423592e-03
5.5692718282e-05 2.2618184860e-01 7.8325512489e-04
5.5692155305e-05 2.7384582410e-01 3.2611924386e-04
5.5692472718e-05 2.8382213662e-01 6.1964404449e-04
5.5692357212e-05 2.8291746974e-01 1.1025421084e-03
5.5694057664e-05 3.1246894291e-02 1.1090153595e-02
5.5693919421e-05 3.4599421173e-01 2.4235723661e-03
5.5694024923e-05 6.2188793905e-02 9.6509743889e-04
5.5694035836e-05 5.5379830611e-02 9.8807067358e-04
5.5694068578e-05 5.7048011571e-02 7.7134101351e-04
5.5694068578e-05 5.6205607640e-02 7.7747645021e-04
5.5694086768e-05 3.6124023187e-02 1.0697610608e-03
5.5694163166e-05 4.0062253538e-02 1.7187095412e-03
5.5694144976e-05 1.6750759600e-02 2.3555921492e-04
5.5694177718e-05 3.0724530802e-02 1.8877782441e-04
5.5694144976e-05 9.4423035189e-03 4.1051020041e-04
5.5694144976e-05 9.4423035189e-03 4.1051020041e-04
5.5694152252e-05 5.5647241747e-02 9.4373033304e-04
5.5694141338e-05 5.5450678677e-02 8.9124098182e-04
5.5694148614e-05 5.9259346822e-02 3.8415902479e-04
5.5694126786e-05 9.6688416185e-03 9.5934720108e-04
5.5694152252e-05 5.7712374391e-02 8.3639065997e-04
5.5694046750e-05 5.5564310179e-02 9.0613518842e-04
5.5693915783e-05 5.7975657634e-02 9.2067031073e-04
5.5694039474e-05 9.6393237375e-03 9.3161037754e-04
5.5694028561e-05 5.6674115205e-02 9.1270525688e-04
5.5694057664e-05 5.6190961652e-02 7.9646227096e-04
5.5694032199e-05 5.7423224023e-02 2.8194732992e-04
5.5694061302e-05 5.7420391706e-02 3.1206456879e-04
5.5694152252e-05 5.4146833417e-02 1.0793916469e-03
5.5694035836e-05 3.7700565614e-02 3.6068582025e-03
5.5694130424e-05 4.5798669239e-02 2.4181312098e-03
5.5694119510e-05 3.9859901675e-02 2.1747086478e-03
5.5694126786e-05 2.7697132231e-02 9.6819966566e-03
5.5693697808e-05 3.8612632453e-01 7.9639462638e-04
5.5693723880e-05 3.7923034281e-01 7.5622160512e-04
5.5694010371e-05 5.6511766238e-02 6.5309117781e-04
5.5694005823e-05 7.4522005549e-02 5.5480966936e-04
5.5693845449e-05 3.6371773730e-01 1.3876153961e-06
5.5693915783e-05 4.6603208951e-02 6.2785331393e-03
5.5693919421e-05 4.5971372165e-02 6.1890539170e-03
5.5693615347e-05 3.4634052962e-01 9.8193312685e-04
5.5694363255e-05 2.5481214498e-01 1.3840456177e-06
5.5694377807e-05 8.2444680234e-02 7.6014720253e-04
5.5694367802e-05 3.4512089690e-01 1.3770043309e-06
5.6218507780e-05 2.9688145220e-01 1.3864871862e-06
5.6237057227e-05 2.8580007454e-01 1.3848211432e-06
5.6333120180e-05 2.6265425980e-01 1.3887050453e-06
5.5694374169e-05 5.4371644588e-02 3.5286731238e-06
5.6099192686e-05 3.2553811371e-01 1.4560199453e-06
5.5693938521e-05 1.3429737572e-02 6.7001777158e-03
5.6423268992e-05 3.1494705876e-01 1.4625534952e-06
5.5695645945e-05 3.6449187045e-02 2.0099948626e-02
5.6400575583e-05 3.1879827380e-01 1.6073077529e-02
5.5694115872e-05 5.3195338387e-03 4.6191302749e-02
5.5719401644e-05 3.2186069091e-01 1.6086885938e-02
5.5692530623e-05 2.5083419805e-01 3.7733300100e-05
5.5692931104e-05 2.5909320265e-01 1.4514584327e-02
5.5692956873e-05 2.6053703825e-01 1.5089640161e-02
5.5692957176e-05 2.6017074535e-01 1.4164796410e-02
5.5693438298e-05 2.7360439549e-01 1.9675603602e-02
5.5693507117e-05 2.6109657437e-01 1.3808580581e-02
5.5692706155e-05 2.3375964165e-01 1.9987579280e-02
5.5689929165e-05 2.8418499231e-01 1.8910669334e-02
5.5685837348e-05 2.7052360028e-01 6.5226280441e-02
5.5685050029e-05 3.1540730844e-01 5.7841541556e-02
3.8359411216e-05 2.2588899607e-01 3.6683867841e-02
3.8361638872e-05 1.3477230134e-01 5.4779999482e-03
8.0580866779e-06 2.1928932890e-01 9.5272259787e-02
8.0579604097e-06 1.4290868739e-01 1.9937688718e-02
8.0584632087e-06 8.3155096198e-02 2.8861159148e-02
8.0584632087e-06 8.3155096198e-02 2.8861159148e-02
8.0584668467e-06 1.6189251343e-01 4.3079219138e-02
8.0584659372e-06 1.4046473553e-01 3.1834883771e-02
8.0584732132e-06 1.0747965674e-01 2.8606296672e-02
1.0161770197e-01 0.0000000000e+00 0.0000000000e+00
7.4553571641e-02 0.0000000000e+00 0.0000000000e+00
6.5311405497e-02 0.0000000000e+00 0.0000000000e+00
3.6201992848e-02 0.0000000000e+00 0.0000000000e+00
6.1109194222e-02 0.0000000000e+00 0.0000000000e+00
5.9808265418e-02 0.0000000000e+00 0.0000000000e+00
5.9808265418e-02 0.0000000000e+00 0.0000000000e+00
8.2260508711e-02 0.0000000000e+00 0.0000000000e+00
4.3501250446e-02 0.0000000000e+00 0.0000000000e+00
4.8262254645e-02 0.0000000000e+00 0.0000000000e+00
4.8262254645e-02 0.0000000000e+00 0.0000000000e+00
4.7837754091e-02 0.0000000000e+00 0.0000000000e+00
6.5710192546e-02 0.0000000000e+00 0.0000000000e+00
3.1703242566e-02 0.0000000000e+00 0.0000000000e+00
2.9507131005e-02 0.0000000000e+00 0.0000000000e+00
6.1034900136e-02 0.0000000000e+00 0.0000000000e+00
5.7415151658e-02 0.0000000000e+00 0.0000000000e+00
7.4815339098e-02 0.0000000000e+00 0.0000000000e+00
7.5189834461e-02 0.0000000000e+00 0.0000000000e+00
6.9982501057e-02 0.0000000000e+00 0.0000000000e+00
3.9797628240e-02 0.0000000000e+00 0.0000000000e+00
6.7107640207e-02 0.0000000000e+00 0.0000000000e+00
6.7107640207e-02 0.0000000000e+00 0.0000000000e+00
6.7107640207e-02 0.0000000000e+00 0.0000000000e+00
5.8017578762e-02 0.0000000000e+00 0.0000000000e+00
5.9640360996e-02 0.0000000000e+00 0.0000000000e+00
2.9766804694e-02 0.0000000000e+00 0.0000000000e+00
8.9959905793e-03 0.0000000000e+00 0.0000000000e+00
1.3469707531e-02 0.0000000000e+00 0.0000000000e+00
1.3469707531e-02 0.0000000000e+00 0.0000000000e+00
1.0825073269e-02 0.0000000000e+00 0.0000000000e+00
1.5162787633e-02 0.0000000000e+00 0.0000000000e+00
1.4534117887e-02 0.0000000000e+00 0.0000000000e+00
1.2065591601e-02 0.0000000000e+00 0.0000000000e+00
1.7467983377e-02 0.0000000000e+00 0.0000000000e+00
1.5560711268e-02 0.0000000000e+00 0.0000000000e+00
2.0612593275e-02 0.0000000000e+00 0.0000000000e+00
5.0325542067e-02 0.0000000000e+00 0.0000000000e+00
5.0325542067e-02 0.0000000000e+00 0.0000000000e+00
2.9769338144e-02 0.0000000000e+00 0.0000000000e+00
5.6020186593e-02 0.0000000000e+00 0.0000000000e+00
3.3923085934e-02 0.0000000000e+00 0.0000000000e+00
3.1872803345e-02 0.0000000000e+00 0.0000000000e+00
2.4816170645e-02 0.0000000000e+00 0.0000000000e+00
7.9764146979e-02 0.0000000000e+00 0.0000000000e+00
7.3656525152e-02 0.0000000000e+00 0.0000000000e+00
7.3656525152e-02 0.0000000000e+00 0.0000000000e+00
7.1434360618e-02 0.0000000000e+00 0.0000000000e+00
1.2175586036e-02 0.0000000000e+00 0.0000000000e+00
2.4354008026e-02 0.0000000000e+00 0.0000000000e+00
6.8982710441e-02 0.0000000000e+00 0.0000000000e+00
6.7546123949e-02 0.0000000000e+00 0.0000000000e+00
7.3917722640e-02 0.0000000000e+00 0.0000000000e+00
3.1052981814e-02 0.0000000000e+00 0.0000000000e+00
7.8716828818e-03 0.0000000000e+00 0.0000000000e+00
7.8716828818e-03 0.0000000000e+00 0.0000000000e+00
8.0074101066e-02 0.0000000000e+00 0.0000000000e+00
5.9138364469e-02 0.0000000000e+00 0.0000000000e+00
6.9503136600e-02 0.0000000000e+00 0.0000000000e+00
5.0093201920e-02 0.0000000000e+00 0.0000000000e+00
5.0093201920e-02 0.0000000000e+00 0.0000000000e+00
6.7988205080e-02 0.0000000000e+00 0.0000000000e+00
3.7892177080e-02 0.0000000000e+00 0.0000000000e+00
4.7073019668e-02 0.0000000000e+00 0.0000000000e+00
3.6018932549e-02 0.0000000000e+00 0.0000000000e+00
3.8733029525e-02 0.0000000000e+00 0.0000000000e+00
6.6979926080e-02 0.0000000000e+00 0.0000000000e+00
5.7861953974e-02 0.0000000000e+00 0.0000000000e+00
6.4423549920e-02 0.0000000000e+00 0.0000000000e+00
2.2986827003e-02 0.0000000000e+00 0.0000000000e+00
2.7213881639e-02 0.0000000000e+00 0.0000000000e+00
5.6143841721e-03 0.0000000000e+00 0.0000000000e+00
7.2027202075e-02 0.0000000000e+00 0.0000000000e+00
2.7458106245e-02 0.0000000000e+00 0.0000000000e+00
9.1197680682e-02 0.0000000000e+00 0.0000000000e+00
1.2994837513e-01 0.0000000000e+00 0.0000000000e+00
1.6651137460e-03 0.0000000000e+00 0.0000000000e+00
1.7453714487e-03 0.0000000000e+00 0.0000000000e+00
1.7453714487e-03 0.0000000000e+00 0.0000000000e+00
1.1037231501e-03 0.0000000000e+00 0.0000000000e+00
1.0968117761e-03 0.0000000000e+00 0.0000000000e+00
1.0291944297e-03 0.0000000000e+00 0.0000000000e+00
1.0291944297e-03 0.0000000000e+00 0.0000000000e+00
1.2205184612e-03 0.0000000000e+00 0.0000000000e+00
1.2205184612e-03 0.0000000000e+00 0.0000000000e+00
1.4273409227e-03 0.0000000000e+00 0.0000000000e+00
5.3076121840e-03 0.0000000000e+00 0.0000000000e+00
4.5344851678e-03 0.0000000000e+00 0.0000000000e+00
7.7159780776e-03 0.0000000000e+00 0.0000000000e+00
6.9193987486e-03 0.0000000000e+00 0.0000000000e+00
1.8102409240e-02 0.0000000000e+00 0.0000000000e+00
4.2051281159e-02 0.0000000000e+00 0.0000000000e+00
4.2051281159e-02 0.0000000000e+00 0.0000000000e+00
2.5246101276e-02 0.0000000000e+00 0.0000000000e+00
2.5116903863e-02 0.0000000000e+00 0.0000000000e+00
8.7782689661e-05 0.0000000000e+00 0.0000000000e+00
8.7796461230e-05 0.0000000000e+00 0.0000000000e+00
8.7810129723e-05 0.0000000000e+00 0.0000000000e+00
8.7787639131e-05 0.0000000000e+00 0.0000000000e+00
8.7787639131e-05 0.0000000000e+00 0.0000000000e+00
8.7787639131e-05 0.0000000000e+00 0.0000000000e+00
3.6263563670e-02 0.0000000000e+00 0.0000000000e+00
3.6286225232e-02 0.0000000000e+00 0.0000000000e+00
1.6579508781e-02 0.0000000000e+00 0.0000000000e+00
1.6763290856e-02 0.0000000000e+00 0.0000000000e+00
1.6412117674e-02 0.0000000000e+00 0.0000000000e+00
1.6412117674e-02 0.0000000000e+00 0.0000000000e+00
1.4574568796e-02 0.0000000000e+00 0.0000000000e+00
1.4574568796e-02 0.0000000000e+00 0.0000000000e+00
1.4574568796e-02 0.0000000000e+00 0.0000000000e+00
7.1877906720e-02 0.0000000000e+00 0.0000000000e+00
7.1983849630e-02 0.0000000000e+00 0.0000000000e+00
7.2793927665e-02 0.0000000000e+00 0.0000000000e+00
2.4243781809e-02 0.0000000000e+00 0.0000000000e+00
2.5104393251e-02 0.0000000000e+00 0.0000000000e+00
4.5401612918e-02 0.0000000000e+00 0.0000000000e+00
4.5401612918e-02 0.0000000000e+00 0.0000000000e+00
4.5294813812e-02 0.0000000000e+00 0.0000000000e+00
4.4340856063e-02 0.0000000000e+00 0.0000000000e+00
4.4680742236e-02 0.0000000000e+00 0.0000000000e+00
4.4680742236e-02 0.0000000000e+00 0.0000000000e+00
4.4680742236e-02 0.0000000000e+00 0.0000000000e+00
4.4556491077e-02 0.0000000000e+00 0.0000000000e+00
4.6898763937e-02 0.0000000000e+00 0.0000000000e+00
3.4645558956e-02 0.0000000000e+00 0.0000000000e+00
3.1693319169e-02 0.0000000000e+00 0.0000000000e+00
3.1693319169e-02 0.0000000000e+00 0.0000000000e+00
3.2248386182e-02 0.0000000000e+00 0.0000000000e+00
3.5618424105e-02 0.0000000000e+00 0.0000000000e+00
3.2236130908e-02 0.0000000000e+00 0.0000000000e+00
3.1127134804e-02 0.0000000000e+00 0.0000000000e+00
3.4629264226e-02 0.0000000000e+00 0.0000000000e+00
3.4629264226e-02 0.0000000000e+00 0.0000000000e+00
3.1697088232e-02 0.0000000000e+00 0.0000000000e+00
7.0982205371e-02 0.0000000000e+00 0.0000000000e+00
9.8210787401e-02 0.0000000000e+00 0.0000000000e+00
9.8210787401e-02 0.0000000000e+00 0.0000000000e+00
9.9659295132e-02 0.0000000000e+00 0.0000000000e+00
1.0172982017e-01 0.0000000000e+00 0.0000000000e+00
1.2499343169e-01 0.0000000000e+00 0.0000000000e+00
1.2499343169e-01 0.0000000000e+00 0.0000000000e+00
1.2499343169e-01 0.0000000000e+00 0.0000000000e+00
1.2499343169e-01 0.0000000000e+00 0.0000000000e+00
1.4410109321e-01 0.0000000000e+00 0.0000000000e+00
1.3248337681e-01 0.0000000000e+00 0.0000000000e+00
1.4461553345e-01 0.0000000000e+00 0.0000000000e+00
8.5119825477e-02 0.0000000000e+00 0.0000000000e+00
1.2413257609e-01 0.0000000000e+00 0.0000000000e+00
1.4689184353e-01 0.0000000000e+00 0.0000000000e+00
1.4689184353e-01 0.0000000000e+00 0.0000000000e+00
9.7279968982e-02 0.0000000000e+00 0.0000000000e+00
1.2019806355e-01 0.0000000000e+00 0.0000000000e+00
1.7463166763e-01 0.0000000000e+00 0.0000000000e+00
1.2959868461e-01 0.0000000000e+00 0.0000000000e+00
1.7220214879e-01 0.0000000000e+00 0.0000000000e+00
1.7064510162e-01 0.0000000000e+00 0.0000000000e+00
1.6943863779e-01 0.0000000000e+00 0.0000000000e+00
1.1793840925e-01 0.0000000000e+00 0.0000000000e+00
1.0418191863e-01 0.0000000000e+00 0.0000000000e+00
9.9578266342e-02 0.0000000000e+00 0.0000000000e+00
1.6683742031e-01 0.0000000000e+00 0.0000000000e+00
2.5146380067e-02 1.7056131658e-02 2.6039455358e-03
3.3344661196e-02 1.6035047049e-02 6.5153322648e-03
1.0451752848e-04 0.0000000000e+00 0.0000000000e+00
5.9350341471e-03 0.0000000000e+00 0.0000000000e+00
5.9350341471e-03 0.0000000000e+00 0.0000000000e+00
5.5360324774e-03 0.0000000000e+00 0.0000000000e+00
5.1129803724e-03 0.0000000000e+00 0.0000000000e+00
5.1129803724e-03 0.0000000000e+00 0.0000000000e+00
5.1129803724e-03 0.0000000000e+00 0.0000000000e+00
5.7041571332e-03 0.0000000000e+00 0.0000000000e+00
6.6089873744e-03 0.0000000000e+00 0.0000000000e+00
6.0676940981e-03 0.0000000000e+00 0.0000000000e+00
5.8362077895e-03 0.0000000000e+00 0.0000000000e+00
6.1704677688e-03 0.0000000000e+00 0.0000000000e+00
1.1577947305e-02 0.0000000000e+00 0.0000000000e+00
1.1577947305e-02 0.0000000000e+00 0.0000000000e+00
7.1184137584e-03 0.0000000000e+00 0.0000000000e+00
1.0279219772e-02 0.0000000000e+00 0.0000000000e+00
9.9663552343e-03 0.0000000000e+00 0.0000000000e+00
6.2209057699e-03 0.0000000000e+00 0.0000000000e+00
2.9319777483e-03 0.0000000000e+00 0.0000000000e+00
2.9319777483e-03 0.0000000000e+00 0.0000000000e+00
8.5231930619e-03 0.0000000000e+00 0.0000000000e+00
8.3502861574e-03 0.0000000000e+00 0.0000000000e+00
7.7835451035e-03 0.0000000000e+00 0.0000000000e+00
5.5551571810e-03 0.0000000000e+00 0.0000000000e+00
9.0059958457e-03 0.0000000000e+00 0.0000000000e+00
7.5301657004e-03 0.0000000000e+00 0.0000000000e+00
6.0014831445e-03 0.0000000000e+00 0.0000000000e+00
4.9634629395e-03 0.0000000000e+00 0.0000000000e+00
6.5554157093e-03 0.0000000000e+00 0.0000000000e+00
7.6335730846e-03 0.0000000000e+00 0.0000000000e+00
1.1558337108e-02 0.0000000000e+00 0.0000000000e+00
1.7348117486e-02 0.0000000000e+00 0.0000000000e+00
1.0358319298e-02 0.0000000000e+00 0.0000000000e+00
1.3261299862e-02 0.0000000000e+00 0.0000000000e+00
1.2299439598e-02 0.0000000000e+00 0.0000000000e+00
1.6438692731e-02 0.0000000000e+00 0.0000000000e+00
1.1988469118e-02 0.0000000000e+00 0.0000000000e+00
1.4080508932e-02 0.0000000000e+00 0.0000000000e+00
1.7439524197e-02 0.0000000000e+00 0.0000000000e+00
1.7976212985e-02 0.0000000000e+00 0.0000000000e+00
1.0895542393e-02 0.0000000000e+00 0.0000000000e+00
7.2545112344e-03 0.0000000000e+00 0.0000000000e+00
6.2060301134e-03 0.0000000000e+00 0.0000000000e+00
5.3372070931e-03 0.0000000000e+00 0.0000000000e+00
6.8775348385e-03 0.0000000000e+00 0.0000000000e+00
5.3628798608e-03 0.0000000000e+00 0.0000000000e+00
4.9157975494e-03 0.0000000000e+00 0.0000000000e+00
5.6780325540e-03 0.0000000000e+00 0.0000000000e+00
5.6333120059e-03 0.0000000000e+00 0.0000000000e+00
4.4815387810e-03 0.0000000000e+00 0.0000000000e+00
4.4815387810e-03 0.0000000000e+00 0.0000000000e+00
6.1828277539e-03 2.9215862509e-02 1.7087761778e-02
1.5860523330e-02 8.7234005332e-02 1.4742924366e-02
3.7335986272e-03 5.7828693651e-02 1.3959656702e-02
1.7964083546e-02 8.8337867210e-02 1.6272438923e-02
5.2769234947e-03 6.9267142254e-02 1.3856150831e-02
5.9791568395e-03 5.3881574422e-02 1.1914901513e-02
5.4673626485e-03 4.7148468594e-02 1.4737275740e-02
1.0745814381e-02 3.2169235870e-02 1.2489424630e-02
2.8201757377e-03 5.4157646062e-02 1.2497681814e-02
2.9069947219e-03 6.0633542327e-02 1.3677707252e-02
2.5551827057e-03 6.0240896108e-02 1.3520327862e-02
1.0589849941e-02 1.6829695801e-01 1.3547954227e-02
1.0056869476e-02 1.6239957263e-01 1.2981685422e-02
1.1107462109e-02 4.1159282409e-03 1.5676251923e-02
7.9162521870e-03 1.5220898017e-01 1.6542452620e-02
7.8023227979e-03 1.3943005974e-01 1.7117587772e-02
4.3161742445e-03 1.5859941145e-01 2.6216169431e-02
8.4077695695e-03 1.5843032673e-01 2.6664067370e-02
3.7212675261e-03 1.3622019316e-01 2.7030793872e-02
4.7063086173e-03 1.0729046601e-01 2.4981136977e-02
8.9517057992e-03 1.2317970581e-01 4.1727688319e-02
2.6477131723e-03 5.3735492130e-02 1.1996043536e-02
2.6477131723e-03 5.3735492130e-02 1.1996043536e-02
1.5301106023e-03 1.5085222572e-01 1.5581806346e-02
2.0614806623e-03 7.8367840499e-02 1.2853419951e-02
4.3309963924e-03 6.6691660328e-03 9.6623479816e-03
1.6389704154e-02 3.9075241735e-02 1.1302423539e-01
1.1080993766e-02 2.7856924416e-02 5.0164983608e-02
1.1080993766e-02 2.7856924416e-02 5.0164983608e-02
8.6223773348e-03 1.1095591200e-02 1.1509315926e-02
1.1521091995e-02 4.5949883759e-02 8.1307646508e-02
1.1521091995e-02 4.5949883759e-02 8.1307646508e-02
2.5602104453e-02 1.4837946588e-02 8.1187058628e-03
3.0274843487e-02 3.3936836949e-03 5.5475239021e-02
4.3920739088e-02 4.6775849847e-02 2.5449247332e-02
3.4552309196e-02 4.8686133387e-02 1.7248256287e-02
3.4552309196e-02 4.8686133387e-02 1.7248256287e-02
1.3685966609e-02 6.3717414004e-02 3.5145557020e-02
1.3685966609e-02 6.3717414004e-02 3.5145557020e-02
3.1023025668e-02 4.7566617529e-02 6.1984072439e-02
1.6169568912e-02 5.3905301727e-02 3.4356539759e-02
4.5318103395e-02 5.3395475571e-02 5.0699997849e-02
1.3082274934e-02 7.5867530579e-02 9.2648156763e-02
2.7988393791e-02 1.4983073273e-04 1.1675053916e-02
7.8080359536e-02 3.8539721875e-05 1.8816773547e-02
4.6891497448e-02 3.5786158716e-02 4.2023445480e-02
9.5902496328e-02 3.7517524014e-02 2.6692087607e-02
1.2438564685e-01 2.1543315534e-02 2.0424814546e-02
4.3440786966e-02 3.8777907624e-05 3.4673894135e-02
5.9553581290e-02 3.8171477004e-05 3.1693333760e-02
2.3285412074e-02 3.4100086118e-02 1.8441744711e-02
2.3285412074e-02 3.4100086118e-02 1.8441744711e-02
3.4970891972e-02 4.0900759399e-02 3.0477398386e-02
3.8073618431e-02 3.1413381143e-02 2.6363742383e-02
3.4023912158e-02 5.8062029120e-04 4.4422246283e-02
3.4023912158e-02 5.8062029120e-04 4.4422246283e-02
6.6066755292e-02 7.3095801442e-03 7.6998974895e-02
7.8624113152e-02 9.6311920982e-03 5.5729194234e-02
4.3308847894e-02 3.6436971277e-02 1.0309513984e-01
4.9327140984e-02 5.3314610219e-03 6.3714540098e-02
3.6959832224e-02 3.5152212225e-05 9.8634752794e-04
2.7303931924e-02 8.2151096043e-03 5.7440680607e-02
9.5042290166e-02 3.5231146436e-05 3.7334606051e-02
2.4700045586e-02 3.4863876800e-02 4.6955002627e-02
5.2410640443e-02 2.5096523886e-02 1.7869170115e-03
5.0001949382e-02 2.8636994772e-02 5.4405608525e-02
3.0401677165e-03 2.5573419717e-02 5.0091585096e-03
5.0457795771e-02 3.5220633030e-05 5.8689423022e-03
5.0457795771e-02 3.5220633030e-05 5.8689423022e-03
7.7460637316e-02 2.6701708479e-02 6.0620887283e-03
5.9297634599e-02 2.3275170128e-05 1.0395430688e-02
5.1636835871e-02 2.8361822600e-04 4.1037921619e-03
7.6507215078e-02 1.5656308271e-02 1.0236392807e-02
2.4732109780e-02 1.6263536992e-02 6.1950300490e-03
2.8808565034e-02 2.3869681994e-05 7.7963508316e-02
2.2061827903e-02 1.6630219179e-02 4.1724720815e-02
2.2061827903e-02 1.6630219179e-02 4.1724720815e-02
2.3866128642e-02 1.7257885464e-02 3.2954502181e-02
1.4856852669e-02 1.9033095799e-02 8.6249096785e-03
3.9122877643e-02 5.1210245195e-03 1.0747836243e-02
8.3765314271e-02 1.8771083405e-02 4.2682493998e-03
5.0886348511e-02 2.3301548768e-05 8.8948161380e-03
9.0896941411e-02 5.8247280103e-03 5.6132521403e-02
9.7625484690e-02 7.9782755347e-03 2.1585795951e-02
9.4575765232e-02 1.1485062617e-02 1.0239967126e-02
5.0509757052e-02 1.0024626245e-02 1.0532107010e-02
4.2662357155e-03 4.2037803572e-05 2.0445333935e-06
4.2254083790e-02 9.3661309317e-04 1.0030008677e-05
2.5551010234e-02 3.8141514839e-04 7.8136867880e-06
3.5081827703e-02 7.3847225334e-04 8.0547372553e-06
2.9520834486e-02 1.8344182899e-04 9.8092534320e-06
3.8514531218e-02 3.0312872574e-04 1.3554737526e-05
1.8120120823e-02 1.2066811269e-04 7.2833252792e-06
6.9562065726e-02 7.7860780099e-04 7.5913898399e-05
6.9562065726e-02 7.7860780099e-04 7.5913898399e-05
7.6703485101e-02 7.9527900380e-04 6.1033446552e-05
4.4783938366e-02 1.0659475462e-02 2.0559620966e-02
6.6133457857e-02 1.2859349178e-03 5.6491179294e-05
5.2865080225e-02 8.8554739341e-04 1.0388669337e-04
2.6458689730e-03 9.2792501467e-05 3.4202544915e-06
8.2897307351e-02 1.7166461669e-03 2.3769569452e-04
3.7725655238e-01 5.9359126802e-03 7.5640199939e-03
1.3767242804e-01 7.2282829206e-03 7.4570792882e-03
1.6847273707e-01 2.3431337013e-05 1.3929113909e-03
1.4222704930e-01 1.1067859479e-02 1.1307037552e-02
6.8550116383e-02 1.1400807959e-02 1.8842863074e-02
2.4215319629e-01 5.9754685887e-03 2.9152980535e-03
1.5287124117e-01 2.3442646489e-05 1.5354579167e-03
1.4048006820e-01 2.3422594240e-03 8.1330408963e-03
1.2767115980e-01 2.3301342638e-05 6.4605576123e-05
1.5013644286e-01 2.3289513407e-05 1.0064691810e-02
2.0572472860e-01 5.2258865520e-03 5.3685439634e-03
9.4518366192e-03 0.0000000000e+00 0.0000000000e+00
1.0249175287e-02 3.4496083652e-11 1.5175124794e-20
8.0836276563e-03 0.0000000000e+00 0.0000000000e+00
1.7540683659e-02 0.0000000000e+00 0.0000000000e+00
2.8094866284e-03 0.0000000000e+00 0.0000000000e+00
3.3198806302e-02 0.0000000000e+00 0.0000000000e+00
1.5409888544e-02 0.0000000000e+00 0.0000000000e+00
8.1700408676e-03 0.0000000000e+00 0.0000000000e+00
8.2206920876e-03 0.0000000000e+00 0.0000000000e+00
8.9560155369e-03 0.0000000000e+00 0.0000000000e+00
1.1899261735e-02 0.0000000000e+00 0.0000000000e+00
1.1899261735e-02 0.0000000000e+00 0.0000000000e+00
1.3359812942e-02 0.0000000000e+00 0.0000000000e+00
1.4155254622e-02 0.0000000000e+00 0.0000000000e+00
7.4696144438e-03 0.0000000000e+00 0.0000000000e+00
8.8857242372e-03 0.0000000000e+00 0.0000000000e+00
2.8659816890e-03 0.0000000000e+00 0.0000000000e+00
5.9666064723e-03 0.0000000000e+00 0.0000000000e+00
5.7516433105e-03 0.0000000000e+00 0.0000000000e+00
6.7772474722e-03 0.0000000000e+00 0.0000000000e+00
7.1813349884e-03 0.0000000000e+00 0.0000000000e+00
7.4439044110e-03 0.0000000000e+00 0.0000000000e+00
7.4412050114e-03 0.0000000000e+00 0.0000000000e+00
5.4041166441e-03 0.0000000000e+00 0.0000000000e+00
4.9963786538e-03 0.0000000000e+00 0.0000000000e+00
5.5159391486e-03 0.0000000000e+00 0.0000000000e+00
8.0238621837e-03 0.0000000000e+00 0.0000000000e+00
8.7258089722e-03 0.0000000000e+00 0.0000000000e+00
5.6025976664e-03 0.0000000000e+00 0.0000000000e+00
3.5069802834e-03 0.0000000000e+00 0.0000000000e+00
7.7241571465e-03 0.0000000000e+00 0.0000000000e+00
7.7241571465e-03 0.0000000000e+00 0.0000000000e+00
1.2585987492e-02 0.0000000000e+00 0.0000000000e+00
5.8013183880e-03 0.0000000000e+00 0.0000000000e+00
5.9080927167e-03 0.0000000000e+00 0.0000000000e+00
6.1639190108e-07 9.2397887307e-27 2.0571762248e-12
6.1639190108e-07 9.2397887307e-27 2.0571762248e-12
3.2572630977e-03 9.6199759042e-27 3.9238307048e-09
6.1622927205e-07 6.8930793168e-23 1.1841986159e-11
6.1639349269e-07 8.3034001473e-27 1.1543183797e-13
7.1397819617e-04 1.5291075508e-31 1.3792783873e-13
6.9678442136e-05 1.2895825552e-02 8.4317437177e-04
5.6504337560e-05 1.1422751627e-02 7.8033078850e-03
1.8482083688e-03 9.4954092467e-32 1.3136897576e-13
4.3873371518e-03 1.0249183048e-31 1.1400819976e-13
6.6414473501e-03 1.0401227708e-31 1.4866855062e-09
8.1394214649e-03 6.2922214818e-27 9.9639807400e-11
8.8674873890e-03 1.3296131487e-30 4.5066524049e-14
1.9475056421e-03 1.2244089532e-31 4.4080264013e-14
4.2599449128e-03 1.2246369746e-31 1.9935588581e-14
7.9821802598e-03 5.8736212183e-27 2.0124674711e-14
5.4207879536e-04 1.3050825956e-02 1.3998098788e-02
1.2695506424e-04 1.0137075170e-02 5.7053521586e-02
8.2721825844e-03 0.0000000000e+00 0.0000000000e+00
8.2721825844e-03 0.0000000000e+00 0.0000000000e+00
8.2721825844e-03 0.0000000000e+00 0.0000000000e+00
8.2284430585e-03 0.0000000000e+00 0.0000000000e+00
2.7310459098e-02 0.0000000000e+00 0.0000000000e+00
1.5246555132e-02 0.0000000000e+00 0.0000000000e+00
8.8369511068e-03 0.0000000000e+00 0.0000000000e+00
8.8369511068e-03 0.0000000000e+00 0.0000000000e+00
3.1479781649e-02 0.0000000000e+00 0.0000000000e+00
4.5989730395e-02 2.1231438316e-32 3.5390202562e-21
2.7626330072e-03 2.4015004439e-33 0.0000000000e+00
5.1292181791e-03 1.6951003228e-32 0.0000000000e+00
2.2723216389e-03 0.0000000000e+00 0.0000000000e+00
5.0764142264e-03 0.0000000000e+00 0.0000000000e+00
9.1252264101e-03 0.0000000000e+00 0.0000000000e+00
5.2916390899e-03 0.0000000000e+00 0.0000000000e+00
4.2947850889e-03 4.7667826326e-34 0.0000000000e+00
1.2145689640e-03 2.1336689129e-13 1.0804095917e-06
8.2925765309e-03 0.0000000000e+00 0.0000000000e+00
1.5087824674e-04 1.8139989581e-02 2.0180907795e-05
3.4082550731e-05 9.9804705326e-04 5.5400926673e-04
7.5419121034e-03 0.0000000000e+00 0.0000000000e+00
5.0503084203e-03 0.0000000000e+00 0.0000000000e+00
5.6277366821e-03 0.0000000000e+00 0.0000000000e+00
1.0603647136e-02 0.0000000000e+00 0.0000000000e+00
1.1495615899e-02 0.0000000000e+00 0.0000000000e+00
2.4954549735e-03 0.0000000000e+00 0.0000000000e+00
9.4368783757e-03 0.0000000000e+00 0.0000000000e+00
1.6291632705e-02 0.0000000000e+00 0.0000000000e+00
4.4803302153e-03 0.0000000000e+00 0.0000000000e+00
4.4803302153e-03 0.0000000000e+00 0.0000000000e+00
8.2908582408e-03 0.0000000000e+00 0.0000000000e+00
4.1921270313e-03 0.0000000000e+00 0.0000000000e+00
4.1921270313e-03 0.0000000000e+00 0.0000000000e+00
4.1921270313e-03 0.0000000000e+00 0.0000000000e+00
5.5219228767e-03 0.0000000000e+00 0.0000000000e+00
3.5836799652e-03 0.0000000000e+00 0.0000000000e+00
6.2967259049e-03 0.0000000000e+00 0.0000000000e+00
8.6662473235e-03 0.0000000000e+00 0.0000000000e+00
2.5697627085e-03 0.0000000000e+00 0.0000000000e+00
1.5681018510e-03 0.0000000000e+00 0.0000000000e+00
9.1298783276e-03 0.0000000000e+00 0.0000000000e+00
2.6871521744e-03 0.0000000000e+00 0.0000000000e+00
3.2834892782e-02 0.0000000000e+00 0.0000000000e+00
3.9018438198e-02 0.0000000000e+00 0.0000000000e+00
2.4249301137e-02 0.0000000000e+00 0.0000000000e+00
2.4945023935e-02 0.0000000000e+00 0.0000000000e+00
4.6835121699e-02 0.0000000000e+00 0.0000000000e+00
9.7860457608e-03 0.0000000000e+00 0.0000000000e+00
4.3569355057e-07 2.5150612184e-13 0.0000000000e+00
4.3580578790e-07 4.3332970314e-11 0.0000000000e+00
7.6281294848e-02 2.1740203665e-03 4.6083806665e-03
7.6281294848e-02 2.1740203665e-03 4.6083806665e-03
7.7873470883e-02 1.0503184128e-02 4.7129630305e-03
7.7873470883e-02 1.0503184128e-02 4.7129630305e-03
7.8518026198e-02 2.9314035395e-03 4.6514265317e-03
5.8256693805e-02 0.0000000000e+00 0.0000000000e+00
7.8350893532e-02 1.7762733332e-03 4.4191711931e-03
7.7890622119e-02 8.4392873881e-03 4.6880079705e-03
7.7213014166e-02 1.1709430012e-03 4.6802740738e-03
5.7566477607e-02 0.0000000000e+00 0.0000000000e+00
5.7455727831e-02 0.0000000000e+00 0.0000000000e+00
5.7589108745e-02 0.0000000000e+00 0.0000000000e+00
5.7158117803e-02 0.0000000000e+00 0.0000000000e+00
2.2303784421e-02 0.0000000000e+00 0.0000000000e+00
7.6183155179e-02 6.7471239017e-03 7.1611844469e-03
1.2349558497e-01 4.1835042454e-03 2.1250042521e-02
8.5219030579e-02 3.5154525540e-03 2.1778590279e-02
7.4623743693e-02 4.6839834734e-03 2.2828284573e-02
2.6516065001e-02 1.7948433233e-03 2.2414496401e-02
1.6596196918e-02 5.6591784038e-03 2.2943138611e-02
8.3295601265e-03 3.9924012381e-03 2.3167826546e-02
1.0456834144e-02 8.4784599797e-03 1.7667539185e-02
6.4241398747e-03 1.2559208359e-03 1.7676040375e-02
1.1870773975e-02 1.1320890859e-02 1.8315485911e-02
1.5062568554e-02 2.0172651760e-03 1.7192783843e-02
1.1742419796e-02 1.0129458387e-02 1.8417188743e-02
1.4296141220e-02 8.3006164059e-03 1.8365657267e-02
6.9895640869e-04 7.5975308816e-03 2.5710271671e-02
1.0820803873e-03 8.1710793311e-03 2.4703185695e-02
6.2575598713e-04 7.3865820499e-03 2.5854660353e-02
2.4391773040e-03 7.6023072542e-04 2.6600571349e-02
1.9568772793e-03 1.5964724783e-03 2.5352754164e-02
8.0722210502e-04 8.4197993177e-04 2.4294007725e-02
8.4997010223e-04 6.5624839626e-03 2.7021190462e-02
1.5385330868e-03 1.0081668794e-03 2.3789126116e-02
6.2483866835e-04 5.0141485408e-03 2.2818691097e-02
8.8460770591e-04 3.9662235261e-03 2.2965611269e-02
2.1905964337e-03 4.1975170340e-04 4.4512297209e-03
2.1335587856e-03 1.3766667379e-02 3.2481116432e-03
1.0541226657e-03 5.1984350337e-04 2.9904288300e-03
6.3099448744e-04 9.9214595743e-02 2.7161219312e-02
9.6564329579e-04 8.7831653267e-03 3.2524092385e-03
3.1592485902e-04 7.0710920985e-05 4.9962200743e-05
2.2560537521e-04 1.0175190467e-03 4.8996033001e-05
1.9448006545e-04 1.5965457048e-04 4.9093166429e-05
2.1094686599e-04 4.0827019341e-03 4.8712951563e-05
1.9719489137e-04 4.6054350581e-03 4.9038863532e-05
1.0294539243e-04 4.8934265199e-05 2.1797360750e-04
1.4801464082e-04 7.0303083172e-05 2.1909054461e-04
1.9729915584e-04 2.3733045979e-03 4.8994563258e-05
2.5436006157e-04 3.5445400439e-04 5.2051452258e-05
2.5436006157e-04 3.5445400439e-04 5.2051452258e-05
6.4673531839e-04 2.0656785212e-04 2.2089707515e-04
3.1131521609e-04 3.4334874241e-04 5.1910852865e-05
3.8299239047e-04 1.4554624910e-03 5.1007253812e-05
1.6166609421e-03 1.2091241210e-04 1.8364652957e-04
4.4056986953e-03 1.8194941546e-04 1.5105447831e-04
7.9367488933e-02 1.8313373827e-03 4.9056434383e-02
8.2002696892e-02 1.9175195581e-03 4.1897443744e-02
5.7965297628e-07 7.6981401435e-05 1.5860133339e-02
5.7963853806e-07 1.3185693509e-05 3.0937060073e-03
5.7965672795e-07 1.1821826291e-05 2.2175269667e-02
5.7964967937e-07 0.0000000000e+00 2.4291426816e-03
6.4771558391e-04 9.2845042551e-04 5.7492528867e-05
1.6755967339e-01 1.8831710833e-05 5.9983672069e-05
5.7968463807e-07 8.8075704495e-04 6.5047255096e-05
5.7969020872e-07 0.0000000000e+00 8.7680565775e-03
5.7969020872e-07 0.0000000000e+00 9.0252341082e-03
8.1057836117e-07 3.4027018046e-05 5.9534903509e-05
5.7969606360e-07 0.0000000000e+00 9.3358327867e-03
5.7960113509e-07 1.2150024152e-05 1.8878355816e-04
2.2512750608e-04 0.0000000000e+00 6.4400117844e-03
5.7956701009e-07 1.3275015469e-03 4.8582702099e-03
5.7956589217e-07 1.2155375013e-05 7.3706551727e-05
5.7956668797e-07 1.6413048288e-03 1.6622495362e-04
5.7956992805e-07 1.2150661708e-05 1.8432807216e-04
5.7956992805e-07 1.2150661708e-05 1.8432807216e-04
5.7959346123e-07 9.9853644012e-05 3.2882185498e-03
5.7955423927e-07 0.0000000000e+00 7.1885460929e-03
5.7955855937e-07 0.0000000000e+00 6.8810187901e-03
5.7955395505e-07 0.0000000000e+00 1.0352422270e-02
1.3698041834e-04 0.0000000000e+00 9.2794853457e-03
1.9651385628e-04 0.0000000000e+00 1.0066601894e-02
1.7891527386e-04 2.2143530435e-09 9.9420400996e-03
1.6750264755e-04 0.0000000000e+00 9.8745145175e-03
3.5237567499e-04 0.0000000000e+00 9.8272140021e-03
3.5237567499e-04 0.0000000000e+00 9.8272140021e-03
2.6643864840e-04 0.0000000000e+00 9.2762132408e-03
1.6043654553e-04 0.0000000000e+00 9.8854292883e-03
2.2444448526e-04 0.0000000000e+00 9.8970873514e-03
1.5638426339e-04 0.0000000000e+00 9.8159840369e-03
5.7975177015e-07 0.0000000000e+00 1.0139232482e-02
5.7975177015e-07 0.0000000000e+00 1.0139232482e-02
9.0016341204e-05 0.0000000000e+00 9.3066154514e-03
8.9639778044e-05 2.5803022315e-04 1.0143295648e-02
8.6313093201e-05 0.0000000000e+00 1.3960884496e-02
8.6546027679e-05 0.0000000000e+00 1.6952127762e-02
9.0138542400e-05 5.4625551760e-04 1.1217329185e-02
9.6680089977e-05 1.1886984964e-02 4.2104324821e-03
8.7617525944e-05 0.0000000000e+00 1.7193134098e-02
5.5493193154e-05 0.0000000000e+00 1.4953601873e-02
9.8814976506e-05 9.8496530215e-04 3.1700074459e-03
9.8814976506e-05 9.8496530215e-04 3.1700074459e-03
5.7602526539e-05 8.4090297605e-06 2.0847126143e-02
8.5153548336e-05 7.0004605222e-03 2.1717214181e-02
8.5153548336e-05 7.0004605222e-03 2.1717214181e-02
7.9937954032e-05 0.0000000000e+00 4.9324236291e-05
7.7661632228e-05 1.0519247774e-02 1.9220105838e-02
6.8555713104e-05 3.8707715576e-03 2.0858998410e-02
6.1568653820e-05 3.3539598420e-03 8.8632560922e-05
7.6888297239e-05 9.5376789962e-06 1.1716129840e-02
7.6888297239e-05 9.5376789962e-06 1.1716129840e-02
6.9195039695e-05 2.2167662197e-03 1.8901587852e-02
7.7580581016e-05 7.4360431123e-04 1.1878203135e-02
6.3803130843e-05 9.4418361035e-06 1.0298301582e-02
6.6577350263e-05 5.4305745834e-05 2.2666188190e-02
6.3695558017e-05 2.7988471459e-03 1.8925042745e-02
6.8081789721e-05 1.5255420488e-03 3.5272316212e-03
6.6103859903e-05 0.0000000000e+00 1.0247154433e-02
7.0508486734e-05 8.3978386829e-03 8.2059237951e-03
7.8854558751e-05 0.0000000000e+00 1.5879173763e-02
7.9050490588e-05 0.0000000000e+00 2.1573462989e-02
7.8222946305e-05 0.0000000000e+00 1.4427083622e-02
6.7173380633e-05 3.8704752418e-03 1.4804440551e-02
6.6507106785e-05 1.9714486940e-03 2.5092774498e-03
6.8705286765e-05 3.2187386532e-03 7.4869967066e-03
6.9931179723e-05 1.3459604185e-03 3.8400491079e-03
6.9931179723e-05 1.3459604185e-03 3.8400491079e-03
7.0131238620e-05 7.8404772018e-03 1.2664703070e-02
5.6540996762e-05 1.0602439288e-03 3.4491731940e-02
7.2389121717e-05 7.1914724109e-04 1.9602418215e-03
6.8417968199e-05 7.4207942816e-04 1.3399020613e-02
6.8417968199e-05 7.4207942816e-04 1.3399020613e-02
6.7420490060e-05 7.8743170503e-09 4.8717831002e-05
7.1644914650e-05 1.9625177665e-03 1.4471113294e-02
5.0889366070e-05 8.8330243292e-06 2.1875541114e-02
6.6432685780e-05 8.2668259059e-06 1.6017449011e-02
5.9588049889e-05 1.3891777004e-03 1.6601077824e-02
5.9588049889e-05 1.3891777004e-03 1.6601077824e-02
5.6489276432e-05 1.3955760126e-03 4.8366557186e-02
6.8565625668e-05 2.0208201216e-03 2.4290795263e-03
6.4352302511e-05 8.7777084066e-06 2.2769131387e-02
6.6749252208e-05 0.0000000000e+00 5.5922966373e-03
7.2470001423e-05 4.3489405264e-03 2.0219958077e-02
7.2480252309e-05 2.1248066417e-07 1.8277699128e-02
7.2480252309e-05 2.1248066417e-07 1.8277699128e-02
6.4927905176e-05 1.1161713237e-06 2.6857953674e-02
6.1210451596e-05 1.7521015737e-03 2.7682823614e-03
4.4501057697e-03 6.1371472354e-03 1.1598500695e-02
3.2073104928e-03 7.2885270541e-03 8.3767907539e-03
3.6458250336e-03 3.4901038744e-02 1.7333297971e-04
3.7630882695e-03 1.2582940670e-02 5.5294543545e-03
3.8650287728e-03 3.4807968885e-02 2.0219626943e-03
2.2815159397e-03 2.8849310086e-02 6.4646075916e-03
2.2713663060e-03 3.9421592218e-02 6.8744074444e-03
2.3471085275e-03 3.2345506673e-02 6.3731632709e-03
2.2844794527e-03 3.1582094574e-02 5.1240616255e-03
2.2927898817e-03 3.1669156160e-02 5.0982066993e-03
2.4360143064e-03 9.7439908423e-03 1.7623396047e-02
2.2089210703e-03 1.9348210500e-02 4.8644805421e-03
2.2596470426e-03 3.8595865946e-02 8.1581712730e-03
2.4157915450e-03 6.5689230338e-02 2.1003101162e-03
2.3216299023e-03 6.4336615925e-02 2.5097450998e-03
2.3216299023e-03 6.4336615925e-02 2.5097450998e-03
4.4190421728e-03 6.6487808712e-02 4.1618384022e-05
4.2261516537e-03 6.4378557416e-02 6.5891745180e-05
4.3301795116e-03 5.6249060047e-02 3.9702685705e-03
4.5987575959e-03 6.3059848112e-02 5.1183468410e-05
4.4878745721e-03 5.8919621011e-02 5.1150368260e-05
5.3053504453e-03 5.0336989574e-02 4.0681702158e-03
5.3053504453e-03 5.0336989574e-02 4.0681702158e-03
5.1018751898e-03 6.3030804507e-02 2.9408606277e-05
5.3368694850e-03 1.4505846193e-02 3.8264765202e-03
5.3564083313e-03 4.2623857502e-02 1.9636079745e-05
5.2807528888e-03 4.6048149156e-02 6.1052890184e-05
5.3967403007e-03 3.8122783570e-02 1.1150168424e-05
5.3302850823e-03 1.6962535912e-02 9.6359822237e-06
5.6984582807e-03 1.6085570833e-02 1.3838251184e-03
5.7702484470e-03 3.2844657699e-02 8.6717260880e-06
5.8556026003e-03 2.5423258543e-02 8.6019804257e-06
5.8669315476e-03 2.6298127758e-02 8.6002200987e-06
6.1636647649e-03 2.4661668111e-02 5.9709588944e-04
6.1401894485e-03 0.0000000000e+00 0.0000000000e+00
6.1496496801e-03 0.0000000000e+00 0.0000000000e+00
6.1496496801e-03 0.0000000000e+00 0.0000000000e+00
6.1513656437e-03 0.0000000000e+00 0.0000000000e+00
6.1477333535e-03 0.0000000000e+00 0.0000000000e+00
6.1477333535e-03 0.0000000000e+00 0.0000000000e+00
6.2179313779e-03 0.0000000000e+00 0.0000000000e+00
6.7192347803e-03 0.0000000000e+00 0.0000000000e+00
6.7877167918e-03 0.0000000000e+00 0.0000000000e+00
4.4498126548e-03 0.0000000000e+00 0.0000000000e+00
6.4895841861e-03 0.0000000000e+00 0.0000000000e+00
6.4895841861e-03 0.0000000000e+00 0.0000000000e+00
6.5664627764e-03 0.0000000000e+00 0.0000000000e+00
6.4129714059e-03 0.0000000000e+00 0.0000000000e+00
6.4384026640e-03 0.0000000000e+00 0.0000000000e+00
6.4384026640e-03 0.0000000000e+00 0.0000000000e+00
6.4384026640e-03 0.0000000000e+00 0.0000000000e+00
6.4241974311e-03 0.0000000000e+00 0.0000000000e+00
6.4163710413e-03 0.0000000000e+00 0.0000000000e+00
6.4104583107e-03 0.0000000000e+00 0.0000000000e+00
6.3874482585e-03 0.0000000000e+00 0.0000000000e+00
5.7300144860e-03 0.0000000000e+00 0.0000000000e+00
1.6809401803e-02 0.0000000000e+00 0.0000000000e+00
1.6809401803e-02 0.0000000000e+00 0.0000000000e+00
1.8032338810e-02 0.0000000000e+00 0.0000000000e+00
2.0936292919e-02 0.0000000000e+00 0.0000000000e+00
2.0936292919e-02 0.0000000000e+00 0.0000000000e+00
1.6565796876e-02 0.0000000000e+00 0.0000000000e+00
9.2653467521e-03 0.0000000000e+00 0.0000000000e+00
9.2653467521e-03 0.0000000000e+00 0.0000000000e+00
2.0755087081e-02 0.0000000000e+00 0.0000000000e+00
2.0755087081e-02 0.0000000000e+00 0.0000000000e+00
1.7110056911e-02 0.0000000000e+00 0.0000000000e+00
1.7110056911e-02 0.0000000000e+00 0.0000000000e+00
1.6503095683e-02 0.0000000000e+00 0.0000000000e+00
1.4310406489e-02 0.0000000000e+00 0.0000000000e+00
1.4310406489e-02 0.0000000000e+00 0.0000000000e+00
9.8113598227e-03 0.0000000000e+00 0.0000000000e+00
1.6608212097e-02 0.0000000000e+00 0.0000000000e+00
1.3956717456e-02 0.0000000000e+00 0.0000000000e+00
1.9701954210e-02 0.0000000000e+00 0.0000000000e+00
1.2865015150e-02 0.0000000000e+00 0.0000000000e+00
1.8843372042e-02 0.0000000000e+00 0.0000000000e+00
9.8844656022e-03 0.0000000000e+00 0.0000000000e+00
1.3714066551e-02 0.0000000000e+00 0.0000000000e+00
2.4362956639e-02 0.0000000000e+00 0.0000000000e+00
3.0563949452e-02 0.0000000000e+00 0.0000000000e+00
3.0563949452e-02 0.0000000000e+00 0.0000000000e+00
7.0534416833e-04 0.0000000000e+00 0.0000000000e+00
2.8041334784e-03 0.0000000000e+00 0.0000000000e+00
4.8907410431e-03 0.0000000000e+00 0.0000000000e+00
1.3653464994e-03 0.0000000000e+00 0.0000000000e+00
7.1741983023e-03 0.0000000000e+00 0.0000000000e+00
3.2771729554e-02 0.0000000000e+00 0.0000000000e+00
1.0879386585e-03 0.0000000000e+00 0.0000000000e+00
1.0879386585e-03 0.0000000000e+00 0.0000000000e+00
1.9147165731e-03 0.0000000000e+00 0.0000000000e+00
1.1183712538e-01 0.0000000000e+00 0.0000000000e+00
2.4016687569e-02 0.0000000000e+00 0.0000000000e+00
2.4016687569e-02 0.0000000000e+00 0.0000000000e+00
5.2508668819e-02 0.0000000000e+00 0.0000000000e+00
2.2978834032e-02 0.0000000000e+00 0.0000000000e+00
1.5337980464e-04 0.0000000000e+00 0.0000000000e+00
2.8571457835e-02 0.0000000000e+00 0.0000000000e+00
1.5031295964e-03 0.0000000000e+00 0.0000000000e+00
9.0248887621e-04 0.0000000000e+00 0.0000000000e+00
2.0556522165e-03 0.0000000000e+00 0.0000000000e+00
1.7853588176e-02 0.0000000000e+00 0.0000000000e+00
2.8130931392e-02 0.0000000000e+00 0.0000000000e+00
9.2547187892e-02 0.0000000000e+00 0.0000000000e+00
2.4656813902e-02 0.0000000000e+00 0.0000000000e+00
1.3590762042e-02 0.0000000000e+00 0.0000000000e+00
2.2127925574e-02 0.0000000000e+00 0.0000000000e+00
6.9836174371e-03 0.0000000000e+00 0.0000000000e+00
4.5805228564e-02 0.0000000000e+00 0.0000000000e+00
6.2379155929e-02 0.0000000000e+00 0.0000000000e+00
3.5705728806e-05 0.0000000000e+00 0.0000000000e+00
3.5705728806e-05 0.0000000000e+00 0.0000000000e+00
3.5705503251e-05 0.0000000000e+00 0.0000000000e+00
3.5705428672e-05 9.9446820716e-02 1.7374486394e-06
3.5705895849e-05 1.8113712780e-02 1.2881266116e-06
3.5706091694e-05 2.1823438350e-02 1.4214932686e-06
3.5706251765e-05 2.4902895791e-02 1.7848892687e-06
3.5705959211e-05 4.9975690432e-02 1.6132425209e-06
4.1689712816e-05 3.1639706964e-02 1.4839446093e-06
4.1689716454e-05 1.0506931227e-02 2.3049799509e-06
4.1689578211e-05 3.2348347673e-02 1.4014862983e-06
4.1689872281e-05 1.4395550887e-01 1.7382916243e-04
9.6122640874e-05 6.3903848641e-02 9.1495909752e-05
9.6120159166e-05 1.7220438458e-01 2.1794710665e-04
9.6120633922e-05 1.3227571795e-01 1.4351071998e-04
9.6122703326e-05 3.1714817819e-02 1.8597088024e-06
9.6121868410e-05 6.4658413952e-02 1.8252790485e-06
9.6129338393e-05 7.8875340521e-02 4.1368295047e-04
9.6122227357e-05 4.1933504709e-02 5.4027913484e-04
9.6121846582e-05 3.9880923616e-02 2.9654900542e-04
9.7307234682e-05 7.7722063909e-02 3.9595849042e-04
9.6236265260e-05 2.6301363359e-01 4.4680474700e-04
9.6207971486e-05 2.5027244041e-01 4.2880093588e-04
9.6207983612e-05 2.5132682547e-01 4.2948943034e-04
9.6336586163e-05 2.3903310423e-01 4.6292185895e-04
9.6199825445e-05 2.3900964111e-01 3.3192667540e-04
9.6279658464e-05 2.0238673314e-01 3.2146811585e-04
9.6122045458e-05 1.1294375546e-01 1.4867248031e-05
9.6122762140e-05 8.3356533200e-02 6.5573293129e-04
9.6122689987e-05 1.1159096162e-01 1.2556864725e-03
9.6122588729e-05 9.0793901434e-02 2.0220063834e-04
9.6123164136e-05 2.8037440808e-02 4.0559374029e-03
9.6130072052e-05 9.5768737917e-02 4.7613384086e-03
9.6130219390e-05 8.4858163570e-02 3.5542636858e-03
9.6128448907e-05 9.0635135770e-02 5.0344128977e-03
9.6127602471e-05 9.1929507131e-02 3.9786091559e-03
9.6132215428e-05 5.3723886920e-02 3.5028325607e-03
9.6126810604e-05 4.8128397825e-02 3.8875007497e-03
9.6129084341e-05 9.6671837692e-02 4.2023617910e-03
9.6129084341e-05 9.6671837692e-02 4.2023617910e-03
9.6125796820e-05 8.8834404945e-02 4.4779037513e-03
9.6126223070e-05 1.1788742741e-01 5.7654325113e-03
9.6127312645e-05 9.9119259665e-02 3.4845455375e-03
9.6125984783e-05 3.7513961239e-02 2.0441231172e-03
9.6125305693e-05 1.3746576011e-01 4.0182832163e-03
9.6125158355e-05 1.3377315365e-01 6.0909403643e-03
9.6125329947e-05 1.5007599816e-01 4.7719451056e-03
9.6120478702e-05 1.4505085039e-01 1.4156026276e-03
9.6121281482e-05 1.2284963640e-01 2.5030969215e-03
9.6120205853e-05 1.4151648556e-01 1.1288290999e-02
9.6121491879e-05 1.1686673202e-01 3.0517183477e-03
9.6120750944e-05 1.4120189101e-01 4.6100709975e-03
9.6121133538e-05 1.4802974587e-01 1.5428089731e-03
9.6118708825e-05 1.7155744756e-01 4.0908652300e-03
9.6114587601e-05 2.0821847767e-01 3.7922014987e-03
9.6106995746e-05 1.9468468055e-01 2.3791896238e-03
9.6118228612e-05 1.8428912386e-01 5.6086629823e-03
9.6119925729e-05 1.4776884764e-01 3.2012681186e-03
1.0889728946e-04 1.6691027209e-01 3.2207533950e-03
1.2713262125e-04 1.6369669388e-01 3.1016394302e-03
9.6120969829e-05 1.7756426459e-01 5.1159879658e-03
8.6869436394e-03 1.7204703266e-01 2.3795968834e-03
8.6869436394e-03 1.7204703266e-01 2.3795968834e-03
1.1132567578e-02 1.6359278063e-01 3.5654135766e-03
2.2184485725e-02 2.3346627255e-01 2.8891910430e-03
1.0710795565e-04 2.3522931089e-01 3.0029319072e-03
8.8213918110e-03 2.8706720720e-01 2.5967794742e-03
1.8269434610e-03 2.0312954485e-01 2.8052606503e-03
2.2197431729e-03 1.3120736492e-01 3.3282565613e-03
5.7021341054e-03 1.6855038702e-01 1.8141845115e-03
2.1645414818e-03 1.5366159379e-01 1.8070936785e-03
3.4597168560e-03 1.6874224196e-01 3.2856589435e-03
3.8273834507e-03 1.5671220049e-01 3.8089946514e-03
4.5564315709e-03 1.5364587555e-01 2.9565139460e-03
1.3198788608e-03 1.3895100107e-01 2.9740277581e-03
6.6809913454e-03 1.8468800808e-01 3.5778965491e-03
4.9742330448e-03 1.7297338322e-01 2.9688074040e-03
2.3456240306e-03 1.8059017882e-01 3.0817702451e-03
2.6528050657e-02 1.9889954726e-01 2.2156646786e-03
6.6325188770e-03 2.7835666140e-01 2.0305167855e-03
1.0816181079e-02 2.7953701466e-01 2.2666271058e-03
7.9479411943e-03 2.3828231792e-01 2.4587681498e-03
5.1144960259e-03 1.9800407439e-01 1.8729707517e-03
9.7794618147e-03 2.0837215707e-01 2.6048015958e-03
8.4463299718e-03 2.3303943127e-01 2.5421165434e-03
9.9727159056e-03 2.1039279178e-01 1.8216975150e-03
1.4624387957e-02 2.2906047354e-01 5.9953030044e-03
2.0510818188e-02 6.2802392989e-02 6.0690806713e-03
2.0988766414e-02 9.4621998568e-02 6.8418904363e-03
2.4220222297e-02 7.6125113914e-02 4.5945949387e-03
1.3659677158e-02 8.9829890057e-02 4.6570638078e-03
7.0250978752e-05 1.5095627680e-01 6.5429761889e-03
2.0985979587e-02 6.0977778087e-02 1.2880949109e-02
1.8333495750e-02 1.0200210599e-01 1.0166731353e-02
1.0378308206e-02 5.1477361781e-02 1.8187395530e-02
1.9468614987e-02 1.5976384655e-01 1.4867323140e-02
2.6331077795e-02 1.8577511236e-01 1.3715011533e-02
8.5946953235e-03 6.5058250291e-02 2.7431834120e-03
7.7413031249e-05 8.8688760375e-02 2.0215383420e-02
7.0258240157e-05 9.0135576203e-02 3.0341323931e-02
7.0257898187e-05 6.7756764901e-02 3.1237653767e-02
7.0257665357e-05 1.2406332418e-01 4.4334758694e-02
7.0255911851e-05 5.6255581789e-02 2.9707188718e-02
7.0230060373e-05 9.0980527923e-02 2.0059288169e-02
7.0257447078e-05 8.7142761797e-02 2.5113941946e-02
7.0258000051e-05 8.8173362737e-02 2.3193067949e-02
7.0255176979e-05 1.0607317959e-01 3.4361782988e-03
7.0254682214e-05 8.4952588504e-02 1.9289085098e-02
7.0358177254e-05 4.6345563605e-02 1.9347853668e-03
7.0254245657e-05 3.8348820060e-02 4.8729708263e-03
7.0254245657e-05 3.8348820060e-02 4.8729708263e-03
7.0358853918e-05 3.8835645343e-02 3.5870111121e-03
7.0358853918e-05 3.8835645343e-02 3.5870111121e-03
7.1899930845e-05 3.8690685295e-02 5.8194204272e-03
7.0262248604e-05 3.8655339740e-02 4.0882789569e-03
7.9922831695e-03 1.9987121845e-02 4.3007918187e-03
7.9922831695e-03 1.9987121845e-02 4.3007918187e-03
7.7188429423e-03 2.4271803132e-02 3.4481228577e-03
5.3449078502e-03 2.5705695308e-02 3.2909691023e-03
7.0197871537e-05 5.5237077565e-03 2.1133158783e-03
3.2139349690e-03 9.5725267505e-03 2.3923754731e-03
9.6315782988e-05 5.6588678466e-03 2.4714228833e-03
3.8277617423e-03 4.8670450924e-03 2.5649895736e-03
9.5765622973e-05 4.8472733082e-03 2.3288046650e-03
1.8731078793e-04 4.9220034853e-03 2.2124446017e-03
7.0227273682e-05 5.7967923737e-03 8.2838300926e-03
1.3512052586e-04 9.8243423272e-03 6.5343440316e-03
3.0275867175e-05 0.0000000000e+00 0.0000000000e+00
9.7233523290e-04 0.0000000000e+00 0.0000000000e+00
5.6145164363e-03 0.0000000000e+00 0.0000000000e+00
5.6145164363e-03 0.0000000000e+00 0.0000000000e+00
5.6145164363e-03 0.0000000000e+00 0.0000000000e+00
8.5481932413e-03 0.0000000000e+00 0.0000000000e+00
8.5481932413e-03 0.0000000000e+00 0.0000000000e+00
4.4865971742e-02 0.0000000000e+00 0.0000000000e+00
1.1660617893e-02 0.0000000000e+00 0.0000000000e+00
5.6744853409e-03 0.0000000000e+00 0.0000000000e+00
1.8659250888e-02 0.0000000000e+00 0.0000000000e+00
2.0693450700e-02 0.0000000000e+00 0.0000000000e+00
2.0693450700e-02 0.0000000000e+00 0.0000000000e+00
9.6867861226e-02 0.0000000000e+00 0.0000000000e+00
6.3273135262e-02 0.0000000000e+00 0.0000000000e+00
6.3273135262e-02 0.0000000000e+00 0.0000000000e+00
6.4573641246e-02 0.0000000000e+00 0.0000000000e+00
2.8247080122e-02 0.0000000000e+00 0.0000000000e+00
1.1061019388e-01 0.0000000000e+00 0.0000000000e+00
1.0688700962e-01 0.0000000000e+00 0.0000000000e+00
1.0688700962e-01 0.0000000000e+00 0.0000000000e+00
1.1847864836e-01 0.0000000000e+00 0.0000000000e+00
6.3161530338e-02 0.0000000000e+00 0.0000000000e+00
1.8311362726e-02 0.0000000000e+00 0.0000000000e+00
8.7767339001e-02 0.0000000000e+00 0.0000000000e+00
3.6557806656e-02 0.0000000000e+00 0.0000000000e+00
2.0562999792e-02 0.0000000000e+00 0.0000000000e+00
5.0689665911e-02 0.0000000000e+00 0.0000000000e+00
1.3712977866e-01 0.0000000000e+00 0.0000000000e+00
3.6143661321e-02 0.0000000000e+00 0.0000000000e+00
3.6143661321e-02 0.0000000000e+00 0.0000000000e+00
4.1050978315e-02 0.0000000000e+00 0.0000000000e+00
4.1050978315e-02 0.0000000000e+00 0.0000000000e+00
1.2194335336e-01 0.0000000000e+00 0.0000000000e+00
7.6484063019e-02 0.0000000000e+00 0.0000000000e+00
1.0482942158e-01 0.0000000000e+00 0.0000000000e+00
5.1187187433e-02 0.0000000000e+00 0.0000000000e+00
3.8415583627e-02 0.0000000000e+00 0.0000000000e+00
4.0368936684e-02 0.0000000000e+00 0.0000000000e+00
6.2980547703e-02 0.0000000000e+00 0.0000000000e+00
6.2980547703e-02 0.0000000000e+00 0.0000000000e+00
2.6747595659e-02 0.0000000000e+00 0.0000000000e+00
7.8090550378e-02 0.0000000000e+00 0.0000000000e+00
1.2654174740e-02 0.0000000000e+00 0.0000000000e+00
1.2654174740e-02 0.0000000000e+00 0.0000000000e+00
1.0127279845e-01 0.0000000000e+00 0.0000000000e+00
7.4655161550e-02 0.0000000000e+00 0.0000000000e+00
3.1572229695e-02 0.0000000000e+00 0.0000000000e+00
3.0948215620e-04 0.0000000000e+00 0.0000000000e+00
3.0948215620e-04 0.0000000000e+00 0.0000000000e+00
3.0948215620e-04 0.0000000000e+00 0.0000000000e+00
2.6875034503e-04 0.0000000000e+00 0.0000000000e+00
3.1813766933e-04 0.0000000000e+00 0.0000000000e+00
3.0784545136e-04 0.0000000000e+00 0.0000000000e+00
3.0784545136e-04 0.0000000000e+00 0.0000000000e+00
2.1745436970e-04 0.0000000000e+00 0.0000000000e+00
3.0582347244e-04 0.0000000000e+00 0.0000000000e+00
8.9815733493e-05 0.0000000000e+00 0.0000000000e+00
1.3157404464e-04 0.0000000000e+00 0.0000000000e+00
1.6691425844e-04 0.0000000000e+00 0.0000000000e+00
2.7352619266e-04 0.0000000000e+00 0.0000000000e+00
2.7352619266e-04 0.0000000000e+00 0.0000000000e+00
8.9355741996e-05 0.0000000000e+00 0.0000000000e+00
9.2719183764e-05 0.0000000000e+00 0.0000000000e+00
2.2429731083e-04 0.0000000000e+00 0.0000000000e+00
2.2429731083e-04 0.0000000000e+00 0.0000000000e+00
1.4948887535e-04 0.0000000000e+00 0.0000000000e+00
8.3825674665e-05 0.0000000000e+00 0.0000000000e+00
8.3612692227e-05 0.0000000000e+00 0.0000000000e+00
1.2067199289e-04 0.0000000000e+00 0.0000000000e+00
2.1089033665e-04 0.0000000000e+00 0.0000000000e+00
1.0337079875e-01 0.0000000000e+00 0.0000000000e+00
7.1299574027e-02 0.0000000000e+00 0.0000000000e+00
1.0303850650e-04 0.0000000000e+00 0.0000000000e+00
1.6835582877e-01 0.0000000000e+00 0.0000000000e+00
2.6674832652e-01 0.0000000000e+00 0.0000000000e+00
2.3182787746e-01 0.0000000000e+00 0.0000000000e+00
1.5261204727e-01 0.0000000000e+00 0.0000000000e+00
1.1383897252e-01 0.0000000000e+00 0.0000000000e+00
2.8918828567e-01 0.0000000000e+00 0.0000000000e+00
1.4700486387e-01 0.0000000000e+00 0.0000000000e+00
1.4700486387e-01 0.0000000000e+00 0.0000000000e+00
1.3289584406e-01 0.0000000000e+00 0.0000000000e+00
1.3289584406e-01 0.0000000000e+00 0.0000000000e+00
3.5265984635e-01 0.0000000000e+00 0.0000000000e+00
5.4358770947e-01 0.0000000000e+00 0.0000000000e+00
5.4358770947e-01 0.0000000000e+00 0.0000000000e+00
5.1923198501e-01 0.0000000000e+00 0.0000000000e+00
2.3267344758e-01 0.0000000000e+00 0.0000000000e+00
5.8855870366e-01 0.0000000000e+00 0.0000000000e+00
5.8855870366e-01 0.0000000000e+00 0.0000000000e+00
5.8855870366e-01 0.0000000000e+00 0.0000000000e+00
6.7330804467e-01 0.0000000000e+00 0.0000000000e+00
6.6851576666e-01 0.0000000000e+00 0.0000000000e+00
4.1352034857e-01 0.0000000000e+00 0.0000000000e+00
6.0278235376e-01 0.0000000000e+00 0.0000000000e+00
2.8139098547e-01 0.0000000000e+00 0.0000000000e+00
2.5774970278e-01 0.0000000000e+00 0.0000000000e+00
3.9476013432e-01 0.0000000000e+00 0.0000000000e+00
6.8549376229e-01 0.0000000000e+00 0.0000000000e+00
2.4107721945e-01 0.0000000000e+00 0.0000000000e+00
6.0532171031e-01 0.0000000000e+00 0.0000000000e+00
1.0491820176e+00 0.0000000000e+00 0.0000000000e+00
1.2777238290e+00 0.0000000000e+00 0.0000000000e+00
1.2777238290e+00 0.0000000000e+00 0.0000000000e+00
7.5511588156e-01 0.0000000000e+00 0.0000000000e+00
5.5607856313e-01 0.0000000000e+00 0.0000000000e+00
5.7271320621e-01 0.0000000000e+00 0.0000000000e+00
2.2608988111e-01 0.0000000000e+00 0.0000000000e+00
7.5037997464e-01 0.0000000000e+00 0.0000000000e+00
1.1489054064e+00 0.0000000000e+00 0.0000000000e+00
1.9133441073e-02 0.0000000000e+00 0.0000000000e+00
1.9133441073e-02 0.0000000000e+00 0.0000000000e+00
8.8486298422e-01 0.0000000000e+00 0.0000000000e+00
2.3674478506e-01 0.0000000000e+00 0.0000000000e+00
9.5147301753e-01 0.0000000000e+00 0.0000000000e+00
4.4042198360e-01 0.0000000000e+00 0.0000000000e+00
4.4992355754e-01 0.0000000000e+00 0.0000000000e+00
6.0492124160e-01 0.0000000000e+00 0.0000000000e+00
1.7884678642e-01 0.0000000000e+00 0.0000000000e+00
5.0755786709e-02 0.0000000000e+00 0.0000000000e+00
5.7326810062e-01 0.0000000000e+00 0.0000000000e+00
1.2554343740e+00 0.0000000000e+00 0.0000000000e+00
7.8690148890e-01 0.0000000000e+00 0.0000000000e+00
7.8690148890e-01 0.0000000000e+00 0.0000000000e+00
5.9169634183e-01 0.0000000000e+00 0.0000000000e+00
4.3344233930e-01 0.0000000000e+00 0.0000000000e+00
4.3344233930e-01 0.0000000000e+00 0.0000000000e+00
5.6000614166e-01 0.0000000000e+00 0.0000000000e+00
5.8125511805e-01 0.0000000000e+00 0.0000000000e+00
8.0873428782e-01 0.0000000000e+00 0.0000000000e+00
8.0873428782e-01 0.0000000000e+00 0.0000000000e+00
4.9750665824e-01 0.0000000000e+00 0.0000000000e+00
8.0795234442e-01 0.0000000000e+00 0.0000000000e+00
5.0035265088e-01 0.0000000000e+00 0.0000000000e+00
4.6774999040e-05 5.5374006042e-03 1.4682207505e-01
4.6774630997e-05 1.2932189507e-02 1.2684232804e-01
4.6774754386e-05 1.1102935222e-02 1.1700628325e-01
4.6774755295e-05 1.3762748257e-02 1.3666372744e-02
4.6775230658e-05 2.6670954190e-02 7.9250245374e-03
4.6775239753e-05 3.8104217034e-02 5.8951332855e-02
4.6775625378e-05 2.1485710051e-02 5.2615469322e-02
4.6775384059e-05 2.5353949983e-02 3.1354431994e-02
4.6823616988e-05 1.2781368025e-02 1.8178980301e-01
4.6744102898e-05 3.6854029323e-02 2.4900637070e-01
4.6744102898e-05 3.6854029323e-02 2.4900637070e-01
7.2649414202e-05 8.9816623367e-03 2.1662600463e-01
6.3324682742e-05 9.5824006811e-05 2.2938095902e-01
4.6731805924e-05 1.2852424115e-03 2.2405733044e-01
5.0426360455e-05 1.0467480053e-02 2.5210227445e-01
8.9770563136e-05 1.7739427667e-05 1.0630864029e-01
4.7336890323e-05 1.8569607856e-05 7.8012682498e-02
4.6768964239e-05 1.7493366045e-05 1.3624449144e-02
4.6761851991e-05 9.9426862873e-04 1.4097736683e-02
4.6765064326e-05 1.7954537379e-05 1.3249694719e-02
4.6762546845e-05 1.7898487873e-05 1.7724610322e-02
4.6762917918e-05 1.7906655496e-05 1.3229478461e-02
4.6762943384e-05 1.7722877222e-05 3.1376498596e-02
4.6758465032e-05 1.8073893216e-05 1.3327799039e-02
4.6760484111e-05 1.8021112226e-05 1.3540238491e-02
4.6760484111e-05 1.8021112226e-05 1.3540238491e-02
4.6749008713e-05 3.7338205146e-05 7.8557963173e-02
4.6736241226e-05 3.6773632791e-05 6.1408959252e-02
6.6474258201e-03 3.0810475970e-02 1.6005624862e-02
7.5364013901e-03 1.9781383841e-02 1.5161563720e-02
2.4251730671e-04 2.1204781515e-02 1.1397390394e-02
2.4251730671e-04 2.1204781515e-02 1.1397390394e-02
6.9888853662e-03 1.2414915487e-02 1.7386389508e-02
8.5981676821e-03 7.6608696254e-03 4.5514958600e-02
8.9879604833e-03 2.3695404428e-02 8.8553485150e-02
9.5033157850e-03 2.1630771497e-02 4.6910046910e-02
6.7632507610e-03 1.3194925617e-02 4.0881745828e-02
7.4224336810e-03 1.8366541946e-02 7.5589946782e-02
7.4224336810e-03 1.8366541946e-02 7.5589946782e-02
9.5449423340e-03 1.3373902068e-02 1.7751745631e-01
4.6103982265e-03 1.3599074169e-02 2.6330070347e-03
4.4950982556e-05 1.3192205758e-02 8.9137704344e-03
1.2050209489e-02 1.6183843681e-02 1.9380502030e-01
1.0298121915e-02 2.0068478848e-02 1.3072293438e-01
7.9028983988e-03 1.1931284408e-02 1.8584224830e-01
5.7287060190e-03 1.1484716165e-02 3.0861413417e-02
1.0690339686e-02 2.2277240835e-02 1.3108524059e-01
9.1302616444e-03 1.9564226115e-02 4.4848124497e-02
8.3233568196e-03 2.1477603315e-02 1.5707515180e-01
1.0866426203e-02 8.9699574310e-03 9.8267586902e-02
9.3754730575e-03 1.1798893567e-02 5.6876460711e-02
4.4946289866e-05 2.3924422994e-02 4.9690098502e-02
4.4930486789e-05 1.5556633705e-02 9.5858759635e-02
4.4944685214e-05 1.7583772695e-02 8.4352028246e-02
1.1367401021e-04 2.0683886173e-02 7.8915705904e-02
4.4949005314e-05 2.1160204895e-02 7.7353425634e-02
4.4948002445e-05 2.1701586122e-02 8.2784343200e-02
4.4944507863e-05 2.1668213652e-02 6.9783200820e-02
3.6228486026e-02 1.3960825396e-02 6.4137754031e-02
4.4950670599e-05 1.4178527344e-02 2.1892724093e-02
2.6076990413e-02 0.0000000000e+00 0.0000000000e+00
6.0960690801e-02 0.0000000000e+00 0.0000000000e+00
6.3794841359e-04 0.0000000000e+00 0.0000000000e+00
3.7425188969e-02 0.0000000000e+00 0.0000000000e+00
4.6148482555e-02 0.0000000000e+00 0.0000000000e+00
4.6148482555e-02 0.0000000000e+00 0.0000000000e+00
4.4893875990e-05 0.0000000000e+00 0.0000000000e+00
4.4893875990e-05 0.0000000000e+00 0.0000000000e+00
4.4893875990e-05 0.0000000000e+00 0.0000000000e+00
4.3050500254e-02 0.0000000000e+00 0.0000000000e+00
4.3050500254e-02 0.0000000000e+00 0.0000000000e+00
1.3369864610e-04 0.0000000000e+00 0.0000000000e+00
5.0232529640e-02 0.0000000000e+00 0.0000000000e+00
9.2116337037e-03 0.0000000000e+00 0.0000000000e+00
6.8818949163e-02 0.0000000000e+00 0.0000000000e+00
4.6422800049e-02 0.0000000000e+00 0.0000000000e+00
4.6422800049e-02 0.0000000000e+00 0.0000000000e+00
4.7727032875e-02 0.0000000000e+00 0.0000000000e+00
1.2967733045e-01 0.0000000000e+00 0.0000000000e+00
6.9563281490e-02 0.0000000000e+00 0.0000000000e+00
4.7901904831e-02 0.0000000000e+00 0.0000000000e+00
1.0870369772e-01 0.0000000000e+00 0.0000000000e+00
2.1474955728e-01 0.0000000000e+00 0.0000000000e+00
1.0870369772e-01 0.0000000000e+00 0.0000000000e+00
1.3208867237e-01 0.0000000000e+00 0.0000000000e+00
1.5315389804e-02 0.0000000000e+00 0.0000000000e+00
3.3423079302e-01 0.0000000000e+00 0.0000000000e+00
6.1462412317e-03 0.0000000000e+00 0.0000000000e+00
4.8928578641e-03 0.0000000000e+00 0.0000000000e+00
4.9429011560e-03 0.0000000000e+00 0.0000000000e+00
5.0800310807e-03 0.0000000000e+00 0.0000000000e+00
5.0800310807e-03 0.0000000000e+00 0.0000000000e+00
5.0800310807e-03 0.0000000000e+00 0.0000000000e+00
1.7546764905e-02 0.0000000000e+00 0.0000000000e+00
5.0514645564e-02 0.0000000000e+00 0.0000000000e+00
3.2047087382e-03 0.0000000000e+00 0.0000000000e+00
4.7309898073e-03 0.0000000000e+00 0.0000000000e+00
6.0525442474e-02 0.0000000000e+00 0.0000000000e+00
7.4829936978e-03 0.0000000000e+00 0.0000000000e+00
3.6127266319e-02 0.0000000000e+00 0.0000000000e+00
2.3756936650e-03 0.0000000000e+00 0.0000000000e+00
1.3500024937e-01 0.0000000000e+00 0.0000000000e+00
4.4885199713e-05 0.0000000000e+00 0.0000000000e+00
4.4929798605e-05 0.0000000000e+00 0.0000000000e+00
4.4874931215e-05 0.0000000000e+00 0.0000000000e+00
4.4901121328e-05 0.0000000000e+00 0.0000000000e+00
8.5978054509e-05 0.0000000000e+00 0.0000000000e+00
4.4925884140e-05 0.0000000000e+00 0.0000000000e+00
4.4898595661e-05 0.0000000000e+00 0.0000000000e+00
4.4894157933e-05 0.0000000000e+00 0.0000000000e+00
4.4942218665e-05 0.0000000000e+00 0.0000000000e+00
4.4922624511e-05 0.0000000000e+00 0.0000000000e+00
1.5318885319e-04 0.0000000000e+00 0.0000000000e+00
4.4937769417e-05 0.0000000000e+00 0.0000000000e+00
4.4924505346e-05 0.0000000000e+00 0.0000000000e+00
4.4931879529e-05 0.0000000000e+00 0.0000000000e+00
4.4941178203e-05 0.0000000000e+00 0.0000000000e+00
4.4941178203e-05 0.0000000000e+00 0.0000000000e+00
4.4896361336e-05 0.0000000000e+00 0.0000000000e+00
4.4899510309e-05 0.0000000000e+00 0.0000000000e+00
4.4933833124e-05 0.0000000000e+00 0.0000000000e+00
4.4923881129e-05 0.0000000000e+00 0.0000000000e+00
4.4935855840e-05 0.0000000000e+00 0.0000000000e+00
4.4938245992e-05 0.0000000000e+00 0.0000000000e+00
1.1478582868e-04 0.0000000000e+00 0.0000000000e+00
1.1478582868e-04 0.0000000000e+00 0.0000000000e+00
4.4926304327e-05 0.0000000000e+00 0.0000000000e+00
4.4917891501e-05 0.0000000000e+00 0.0000000000e+00
4.4917891501e-05 0.0000000000e+00 0.0000000000e+00
4.4917891501e-05 0.0000000000e+00 0.0000000000e+00
4.4923366659e-05 0.0000000000e+00 0.0000000000e+00
1.0358366004e-04 0.0000000000e+00 0.0000000000e+00
1.0357290315e-04 0.0000000000e+00 0.0000000000e+00
1.0357412248e-04 0.0000000000e+00 0.0000000000e+00
1.0357625433e-04 0.0000000000e+00 0.0000000000e+00
1.0362809553e-04 0.0000000000e+00 0.0000000000e+00
1.0356144837e-04 0.0000000000e+00 0.0000000000e+00
1.0353465283e-04 0.0000000000e+00 0.0000000000e+00
1.1184243643e-04 0.0000000000e+00 0.0000000000e+00
1.1184243643e-04 0.0000000000e+00 0.0000000000e+00
1.0362367175e-04 0.0000000000e+00 0.0000000000e+00
1.0355883569e-04 0.0000000000e+00 0.0000000000e+00
1.0347821626e-04 0.0000000000e+00 0.0000000000e+00
1.0360642773e-04 0.0000000000e+00 0.0000000000e+00
1.0354685219e-04 0.0000000000e+00 0.0000000000e+00
1.0355442646e-04 0.0000000000e+00 0.0000000000e+00
1.0352009849e-04 0.0000000000e+00 0.0000000000e+00
1.0350286175e-04 0.0000000000e+00 0.0000000000e+00
1.0351147648e-04 0.0000000000e+00 0.0000000000e+00
2.0389296813e-02 0.0000000000e+00 0.0000000000e+00
1.0350915970e-04 0.0000000000e+00 0.0000000000e+00
1.0350305699e-04 0.0000000000e+00 0.0000000000e+00
1.0355342965e-04 0.0000000000e+00 0.0000000000e+00
1.0757203806e-04 0.0000000000e+00 0.0000000000e+00
2.4297781444e-02 0.0000000000e+00 0.0000000000e+00
4.2803624334e-02 0.0000000000e+00 0.0000000000e+00
1.0361030581e-04 0.0000000000e+00 0.0000000000e+00
1.3866199394e-04 0.0000000000e+00 0.0000000000e+00
1.0850473540e-02 0.0000000000e+00 0.0000000000e+00
1.1421898610e-04 0.0000000000e+00 0.0000000000e+00
1.1858607043e-04 0.0000000000e+00 0.0000000000e+00
1.0357733117e-04 0.0000000000e+00 0.0000000000e+00
1.6053477642e-04 0.0000000000e+00 0.0000000000e+00
1.1141433849e-04 0.0000000000e+00 0.0000000000e+00
1.1141433849e-04 0.0000000000e+00 0.0000000000e+00
1.0362252942e-04 0.0000000000e+00 0.0000000000e+00
2.8130684465e-04 0.0000000000e+00 0.0000000000e+00
1.6894807185e-02 0.0000000000e+00 0.0000000000e+00
1.1223766463e-04 0.0000000000e+00 0.0000000000e+00
6.5790283494e-02 0.0000000000e+00 0.0000000000e+00
3.7102900445e-02 0.0000000000e+00 0.0000000000e+00
3.0058263680e-02 0.0000000000e+00 0.0000000000e+00
1.0364030459e-04 0.0000000000e+00 0.0000000000e+00
1.0594011049e-04 0.0000000000e+00 0.0000000000e+00
1.0543608975e-04 0.0000000000e+00 0.0000000000e+00
1.5224708040e-03 0.0000000000e+00 0.0000000000e+00
1.5224708040e-03 0.0000000000e+00 0.0000000000e+00
1.1226150370e-04 0.0000000000e+00 0.0000000000e+00
1.0878325035e-04 0.0000000000e+00 0.0000000000e+00
1.3744471410e-04 0.0000000000e+00 0.0000000000e+00
2.0842348022e-04 0.0000000000e+00 0.0000000000e+00
6.7878903744e-03 0.0000000000e+00 0.0000000000e+00
1.0835061160e-04 0.0000000000e+00 0.0000000000e+00
1.0835061160e-04 0.0000000000e+00 0.0000000000e+00
1.1267793404e-04 0.0000000000e+00 0.0000000000e+00
1.0460544703e-04 0.0000000000e+00 0.0000000000e+00
1.0363088222e-04 0.0000000000e+00 0.0000000000e+00
1.0363439651e-04 0.0000000000e+00 0.0000000000e+00
1.0363437468e-04 0.0000000000e+00 0.0000000000e+00
1.0363077308e-04 0.0000000000e+00 0.0000000000e+00
1.0363059118e-04 0.0000000000e+00 0.0000000000e+00
1.0287445411e-01 0.0000000000e+00 0.0000000000e+00
1.0287445411e-01 0.0000000000e+00 0.0000000000e+00
9.9198970323e-02 0.0000000000e+00 0.0000000000e+00
4.5712086372e-02 0.0000000000e+00 0.0000000000e+00
9.3333870793e-02 0.0000000000e+00 0.0000000000e+00
9.3333870793e-02 0.0000000000e+00 0.0000000000e+00
4.0787632577e-02 0.0000000000e+00 0.0000000000e+00
4.0787632577e-02 0.0000000000e+00 0.0000000000e+00
9.0288074066e-02 0.0000000000e+00 0.0000000000e+00
3.6725760127e-02 0.0000000000e+00 0.0000000000e+00
2.7067279288e-02 0.0000000000e+00 0.0000000000e+00
3.2513232902e-02 0.0000000000e+00 0.0000000000e+00
3.2513232902e-02 0.0000000000e+00 0.0000000000e+00
2.1673718157e-02 0.0000000000e+00 0.0000000000e+00
3.7041038585e-02 0.0000000000e+00 0.0000000000e+00
1.5296359857e-01 0.0000000000e+00 0.0000000000e+00
5.3936133472e-02 0.0000000000e+00 0.0000000000e+00
5.3936133472e-02 0.0000000000e+00 0.0000000000e+00
4.5425255783e-02 0.0000000000e+00 0.0000000000e+00
1.1901594326e-01 0.0000000000e+00 0.0000000000e+00
1.1901594326e-01 0.0000000000e+00 0.0000000000e+00
1.1901594326e-01 0.0000000000e+00 0.0000000000e+00
3.1714404312e-02 0.0000000000e+00 0.0000000000e+00
2.6712132618e-02 0.0000000000e+00 0.0000000000e+00
7.6011234894e-02 0.0000000000e+00 0.0000000000e+00
2.5282302406e-02 0.0000000000e+00 0.0000000000e+00
2.5282302406e-02 0.0000000000e+00 0.0000000000e+00
2.6650362182e-02 0.0000000000e+00 0.0000000000e+00
2.5364586463e-02 0.0000000000e+00 0.0000000000e+00
2.6199571478e-02 0.0000000000e+00 0.0000000000e+00
2.6199571478e-02 0.0000000000e+00 0.0000000000e+00
2.4777600231e-02 0.0000000000e+00 0.0000000000e+00
2.6646449851e-02 0.0000000000e+00 0.0000000000e+00
8.0205088481e-02 0.0000000000e+00 0.0000000000e+00
5.0140055207e-02 0.0000000000e+00 0.0000000000e+00
1.2417630851e-01 0.0000000000e+00 0.0000000000e+00
1.2570884948e-01 0.0000000000e+00 0.0000000000e+00
1.2570884948e-01 0.0000000000e+00 0.0000000000e+00
7.2094586988e-02 0.0000000000e+00 0.0000000000e+00
7.2094586988e-02 0.0000000000e+00 0.0000000000e+00
1.1620856014e-01 0.0000000000e+00 0.0000000000e+00
8.5523086290e-02 0.0000000000e+00 0.0000000000e+00
2.0308503978e-04 4.9425676155e-02 2.3045376331e-02
2.0308503978e-04 4.9425676155e-02 2.3045376331e-02
3.8461302029e-04 2.5064885772e-02 1.7274093193e-02
3.5534065682e-04 2.5204816057e-02 1.4841396129e-02
8.1714737462e-04 2.6378795970e-02 1.3201488182e-02
3.6870237818e-04 2.6503914346e-02 1.2159342645e-02
1.8352390422e-04 2.4922193804e-02 1.8064099364e-02
8.8793055329e-04 2.6949870400e-02 1.4935339801e-02
1.3613465514e-03 2.6899604903e-02 1.3379635522e-02
1.1687181444e-03 2.7167153700e-02 1.1381344443e-02
1.1999630660e-03 2.8597494432e-02 1.5997195616e-02
8.7223028337e-04 2.7740289302e-02 1.5259051773e-02
1.4089052856e-03 2.7039289630e-02 1.1121528883e-02
5.9324865773e-04 2.5896339056e-02 1.1584390459e-02
1.4425488480e-03 3.6871249167e-02 1.2484208079e-02
6.3172568237e-04 3.7250117088e-02 1.1955805288e-02
1.4823072512e-03 3.2419576310e-02 1.1222462854e-02
4.9005466766e-04 3.7670119355e-02 1.3108703541e-02
1.0005338315e-04 3.4159789948e-02 1.1309389573e-02
1.8178721075e-03 4.2261951913e-02 1.5031308741e-02
4.2051760715e-05 3.9229741010e-02 1.4333263534e-02
6.9516040579e-04 3.9918005156e-02 1.5082386177e-02
2.8319582176e-06 4.3469161416e-02 1.4672128348e-02
3.3456302481e-04 4.1778435620e-02 1.4859795270e-02
2.1503156944e-03 3.2799525497e-02 1.8592154219e-02
9.4466122259e-04 4.5499548626e-02 1.4965198294e-02
8.9214461089e-05 5.2513184336e-02 1.1679597791e-02
8.6790842602e-07 4.1973833926e-02 1.7714163143e-02
1.3379621062e-04 7.0940521856e-02 1.0593262181e-02
5.9671244647e-05 6.2434817664e-02 1.4650850130e-02
1.3596156900e-06 4.1741925292e-02 1.2039134696e-02
4.8127174153e-05 3.9279446006e-02 1.6705153020e-02
1.3977230844e-04 3.5337782465e-02 2.5559533261e-02
2.5232939436e-06 5.2561742874e-02 1.2558036945e-02
1.8219160931e-05 5.0346816269e-02 1.4728442116e-02
7.0954541987e-05 1.7400545456e-02 1.8922147807e-02
2.0380602412e-03 2.7087075325e-02 2.0930389524e-02
1.1711376695e-03 3.1148307957e-02 1.4835687005e-02
1.1711376695e-03 3.1148307957e-02 1.4835687005e-02
8.7174711516e-03 3.1102370316e-02 1.8984563105e-02
6.9053200423e-04 3.1560374269e-02 1.3303635758e-02
1.1015787876e-02 2.8342671692e-02 1.9398073433e-02
8.3802910134e-03 3.5898770982e-02 1.6977245493e-02
8.3802910134e-03 3.5898770982e-02 1.6977245493e-02
1.1957361858e-03 3.0959789952e-02 1.7308725898e-02
3.7368200283e-03 3.1876452888e-02 1.6153213102e-02
3.2027517251e-03 1.8882664697e-02 2.3698828901e-02
1.8792778866e-03 2.5679819441e-02 2.5790813301e-02
5.6731444784e-03 2.4499989736e-02 2.5689361772e-02
5.9092634312e-07 1.8760764195e-02 2.5958457496e-02
5.8911119538e-07 3.1269476749e-02 2.8277619819e-02
8.7357949233e-03 2.1916988771e-02 1.3875961963e-02
5.9151442618e-07 1.8559490408e-02 2.0483998582e-02
5.9117314777e-07 1.2199064173e-02 3.0682705964e-02
2.4600436367e-06 9.9672070549e-03 4.3922403206e-02
3.4471588037e-06 2.5057697669e-02 4.9338956615e-05
3.3869326311e-05 1.0329263750e-02 6.3294670079e-02
3.4048226970e-06 1.3586760731e-02 2.2825746642e-02
2.4405158759e-06 4.1832152133e-02 4.9320124769e-05
5.8729090332e-07 1.1093382025e-02 2.3367287513e-02
5.9078905205e-07 1.0522640931e-02 6.1173620682e-02
5.9085154192e-07 2.4283871676e-02 1.8573739294e-02
5.9125739919e-07 8.9408791003e-03 2.2313965252e-02
5.9042498416e-07 2.8348068862e-02 4.9291687750e-05
5.9189530077e-07 9.3370321362e-03 2.2266491937e-02
5.9162680088e-07 8.7587773257e-03 1.9873298472e-02
2.8239218750e-06 9.1000220273e-03 3.0457102325e-02
5.8795619395e-07 3.2950445234e-02 2.8726822503e-02
5.9187151180e-07 7.7916505203e-03 3.0535543182e-02
5.9180864298e-07 9.3580611671e-03 4.9620075307e-02
5.9219902937e-07 8.4568760358e-03 2.6679312189e-02
5.9159772547e-07 1.4905454358e-02 7.3267900075e-02
1.4320729728e-06 2.1781276756e-02 3.9311625219e-02
1.3701240012e-06 2.0955929222e-02 3.0459665150e-02
5.9027098587e-07 1.9055097597e-02 2.3101666709e-02
2.7712462251e-06 1.8352146338e-02 3.7810754497e-02
5.9184978340e-07 5.6701489181e-03 4.9669788219e-02
5.9197004987e-07 1.7267502068e-02 5.2111924160e-02
5.9241414855e-07 2.8364078452e-02 1.3125786209e-02
3.4695110003e-06 2.4132301177e-02 2.1878017966e-02
5.9233360616e-07 2.4288663951e-02 1.4606031982e-05
5.9168054160e-07 6.8953009012e-02 5.1172247312e-02
5.9198003536e-07 2.6319771229e-02 4.6433624811e-02
7.9731710893e-07 4.2098670577e-02 5.0271932967e-02
7.9731710893e-07 4.2098670577e-02 5.0271932967e-02
5.1656136056e-03 1.4402149866e-02 9.7770246599e-03
5.9249965053e-07 3.5387826307e-02 4.5423523989e-02
5.9210167080e-07 4.2191068331e-02 4.5901816959e-02
3.7276105824e-05 1.8995834359e-02 1.2045398432e-02
5.9229006884e-07 1.4305077260e-02 6.6740403573e-02
2.6248458259e-04 2.5766117343e-02 1.3554027925e-02
7.8933109648e-07 1.3180435267e-02 2.5523574398e-05
2.0618843167e-03 2.4049514905e-02 1.3526681423e-02
7.9211832826e-07 1.2285078565e-02 1.3312141101e-02
7.9213969191e-07 2.2856196932e-02 1.1943600218e-02
7.9214260040e-07 4.0357744321e-02 1.3644500868e-02
7.9201954388e-07 1.9250498929e-02 2.0010090278e-02
7.9041487311e-07 1.2720204269e-02 1.6603329879e-02
7.9067587914e-07 2.6167373328e-02 3.3542683659e-02
7.9141133350e-07 2.0742847662e-02 3.5055096882e-02
1.2598011933e-03 2.7287314248e-03 1.6599665990e-03
7.8932237576e-07 3.0519398240e-02 2.3394110225e-02
7.2195760670e-04 9.9327337618e-03 1.5613879620e-02
9.0348327649e-04 7.9543886241e-03 1.4755868353e-02
7.9092703231e-07 1.1139009080e-02 2.5540220122e-05
5.5399958971e-04 6.1166608163e-03 1.2270913896e-02
3.0297311129e-03 4.7777405804e-03 1.0705479382e-02
4.2881655281e-03 4.2500579730e-03 2.6509705701e-05
1.1582035246e-03 5.5957245834e-03 2.6555079482e-05
9.6077089741e-03 5.2764950475e-03 2.6967711771e-05
1.0738359066e-02 4.7758137419e-03 2.6599735672e-05
1.8153727494e-03 5.0394051941e-03 8.3186329381e-03
3.6484401047e-03 3.0022400509e-03 5.9304658862e-05
7.1192463220e-03 9.6719301461e-03 1.5337786172e-02
1.1049097805e-03 4.0714746962e-03 4.5156821216e-05
1.4120174768e-03 2.6521536541e-03 2.6571476155e-05
9.5461817497e-03 9.5299017460e-03 9.6916500091e-03
3.9053824456e-03 3.6946067897e-03 1.4940763414e-04
7.9228262943e-07 3.1240526276e-02 1.7711070599e-02
7.9070403558e-07 2.9850442118e-02 2.4365589876e-02
5.1848625856e-03 4.8660248285e-03 4.6162735477e-03
1.6220983972e-02 0.0000000000e+00 0.0000000000e+00
3.0483896378e-02 0.0000000000e+00 0.0000000000e+00
2.0092535822e-02 0.0000000000e+00 0.0000000000e+00
8.8691236075e-03 0.0000000000e+00 0.0000000000e+00
1.9641215913e-02 0.0000000000e+00 0.0000000000e+00
7.8556343913e-02 0.0000000000e+00 0.0000000000e+00
7.8556343913e-02 0.0000000000e+00 0.0000000000e+00
2.2246581192e-02 0.0000000000e+00 0.0000000000e+00
2.8061759035e-02 0.0000000000e+00 0.0000000000e+00
3.4927267952e-03 0.0000000000e+00 0.0000000000e+00
6.0442436176e-02 0.0000000000e+00 0.0000000000e+00
1.1879892151e-01 0.0000000000e+00 0.0000000000e+00
2.8261308558e-02 0.0000000000e+00 0.0000000000e+00
6.0162283262e-06 0.0000000000e+00 0.0000000000e+00
6.0194010985e-06 0.0000000000e+00 0.0000000000e+00
6.0194392972e-06 0.0000000000e+00 0.0000000000e+00
6.0179818320e-06 0.0000000000e+00 0.0000000000e+00
6.0164726392e-06 0.0000000000e+00 0.0000000000e+00
6.0189936448e-06 0.0000000000e+00 0.0000000000e+00
6.0159954955e-06 0.0000000000e+00 0.0000000000e+00
6.0190614022e-06 0.0000000000e+00 0.0000000000e+00
6.0190213844e-06 0.0000000000e+00 0.0000000000e+00
6.0188904172e-06 0.0000000000e+00 0.0000000000e+00
6.0176412262e-06 0.0000000000e+00 0.0000000000e+00
6.0176412262e-06 0.0000000000e+00 0.0000000000e+00
6.0193669924e-06 0.0000000000e+00 0.0000000000e+00
6.0165180003e-06 0.0000000000e+00 0.0000000000e+00
6.0191423472e-06 0.0000000000e+00 0.0000000000e+00
6.0180195760e-06 0.0000000000e+00 0.0000000000e+00
6.0180195760e-06 0.0000000000e+00 0.0000000000e+00
6.0129759731e-06 0.0000000000e+00 0.0000000000e+00
6.0129759731e-06 0.0000000000e+00 0.0000000000e+00
6.0170350480e-06 0.0000000000e+00 0.0000000000e+00
6.0188913267e-06 0.0000000000e+00 0.0000000000e+00
6.0188831412e-06 0.0000000000e+00 0.0000000000e+00
6.0184479480e-06 0.0000000000e+00 0.0000000000e+00
6.0184479480e-06 0.0000000000e+00 0.0000000000e+00
6.0193933678e-06 0.0000000000e+00 0.0000000000e+00
6.0191287048e-06 0.0000000000e+00 0.0000000000e+00
6.0194788603e-06 0.0000000000e+00 0.0000000000e+00
6.0194447542e-06 0.0000000000e+00 0.0000000000e+00
6.0097893690e-06 0.0000000000e+00 0.0000000000e+00
6.0193269746e-06 0.0000000000e+00 0.0000000000e+00
6.0193210629e-06 0.0000000000e+00 0.0000000000e+00
6.0193210629e-06 0.0000000000e+00 0.0000000000e+00
6.0193128775e-06 0.0000000000e+00 0.0000000000e+00
6.0194197431e-06 0.0000000000e+00 0.0000000000e+00
6.0194197431e-06 0.0000000000e+00 0.0000000000e+00
6.0193815443e-06 0.0000000000e+00 0.0000000000e+00
6.0185429902e-06 0.0000000000e+00 0.0000000000e+00
8.9876992888e-06 0.0000000000e+00 0.0000000000e+00
6.0112360340e-06 0.0000000000e+00 0.0000000000e+00
6.0112360340e-06 0.0000000000e+00 0.0000000000e+00
9.7581501374e-06 0.0000000000e+00 0.0000000000e+00
6.0106752547e-06 0.0000000000e+00 0.0000000000e+00
8.8770584625e-06 0.0000000000e+00 0.0000000000e+00
8.8770584625e-06 0.0000000000e+00 0.0000000000e+00
8.8675052060e-06 0.0000000000e+00 0.0000000000e+00
8.8759907158e-06 0.0000000000e+00 0.0000000000e+00
8.8763408712e-06 0.0000000000e+00 0.0000000000e+00
3.3869179897e-03 0.0000000000e+00 0.0000000000e+00
1.1110356233e-02 0.0000000000e+00 0.0000000000e+00
3.5772303042e-03 0.0000000000e+00 0.0000000000e+00
2.4713983682e-03 0.0000000000e+00 0.0000000000e+00
1.2415385223e-02 0.0000000000e+00 0.0000000000e+00
7.0998585240e-03 0.0000000000e+00 0.0000000000e+00
7.0998585240e-03 0.0000000000e+00 0.0000000000e+00
7.0998585240e-03 0.0000000000e+00 0.0000000000e+00
1.0451595997e-02 0.0000000000e+00 0.0000000000e+00
1.2618642055e-05 0.0000000000e+00 0.0000000000e+00
1.0517815244e-02 0.0000000000e+00 0.0000000000e+00
8.9619143940e-06 0.0000000000e+00 0.0000000000e+00
8.9619143940e-06 0.0000000000e+00 0.0000000000e+00
8.9619143940e-06 0.0000000000e+00 0.0000000000e+00
8.9619143940e-06 0.0000000000e+00 0.0000000000e+00
8.8749666247e-06 0.0000000000e+00 0.0000000000e+00
8.8756905825e-06 0.0000000000e+00 0.0000000000e+00
8.8756905825e-06 0.0000000000e+00 0.0000000000e+00
8.8768974820e-06 0.0000000000e+00 0.0000000000e+00
8.8741735453e-06 0.0000000000e+00 0.0000000000e+00
8.8741735453e-06 0.0000000000e+00 0.0000000000e+00
4.2841271049e-05 0.0000000000e+00 0.0000000000e+00
4.2240331823e-05 0.0000000000e+00 0.0000000000e+00
4.2240331823e-05 0.0000000000e+00 0.0000000000e+00
4.2261603085e-05 0.0000000000e+00 0.0000000000e+00
4.2191510147e-05 0.0000000000e+00 0.0000000000e+00
4.2259332986e-05 0.0000000000e+00 0.0000000000e+00
4.2251260311e-05 0.0000000000e+00 0.0000000000e+00
4.2251260311e-05 0.0000000000e+00 0.0000000000e+00
4.2260337068e-05 0.0000000000e+00 0.0000000000e+00
4.8437413777e-05 0.0000000000e+00 0.0000000000e+00
4.2259209295e-05 0.0000000000e+00 0.0000000000e+00
4.2727611496e-05 0.0000000000e+00 0.0000000000e+00
4.2279139052e-05 0.0000000000e+00 0.0000000000e+00
4.2279139052e-05 0.0000000000e+00 0.0000000000e+00
4.2202897627e-05 0.0000000000e+00 0.0000000000e+00
4.2202897627e-05 0.0000000000e+00 0.0000000000e+00
4.2188636144e-05 0.0000000000e+00 0.0000000000e+00
4.2237788875e-05 0.0000000000e+00 0.0000000000e+00
4.6066660313e-05 0.0000000000e+00 0.0000000000e+00
4.2230025429e-05 0.0000000000e+00 0.0000000000e+00
4.2255531298e-05 0.0000000000e+00 0.0000000000e+00
4.2257845053e-05 0.0000000000e+00 0.0000000000e+00
4.2260482587e-05 0.0000000000e+00 0.0000000000e+00
4.2254690925e-05 0.0000000000e+00 0.0000000000e+00
4.2245224904e-05 0.0000000000e+00 0.0000000000e+00
4.2242070776e-05 0.0000000000e+00 0.0000000000e+00
4.2242070776e-05 0.0000000000e+00 0.0000000000e+00
4.2229272367e-05 3.5877488942e-03 2.0286404062e-02
4.2249084800e-05 1.0005368153e-02 2.0605585538e-02
6.4658181145e-05 1.1011573564e-02 4.4167730026e-02
8.5346552927e-05 1.0136627941e-02 2.3569507835e-02
1.1775873160e-04 1.0206433828e-02 2.2884372001e-02
4.2254130676e-05 3.5802754282e-03 2.3206739531e-02
4.2261814087e-05 5.7593409438e-03 2.9518640662e-01
4.2256484448e-05 8.2399664680e-03 1.5283007718e-02
4.2260664486e-05 8.5696720829e-03 2.6456607350e-02
4.2260380724e-05 8.4328563729e-03 1.9425876283e-02
4.2262756324e-05 5.2347149661e-03 1.4977533681e-02
4.2262759962e-05 3.5576408360e-03 2.8142474126e-02
4.2262367060e-05 8.3106350697e-03 1.6831669491e-02
4.2260980990e-05 5.2550111238e-03 7.3590916892e-02
4.2226187361e-05 6.8942925427e-03 5.9060949910e-03
4.2252398998e-05 2.0078605041e-02 7.5298941617e-03
4.2251551349e-05 1.3689120766e-02 7.3344323318e-03
4.2253352149e-05 2.4268154508e-03 7.1272466254e-03
4.2253795982e-05 2.6058127817e-03 7.3018487698e-03
4.2255003791e-05 3.3088831260e-03 7.1423055294e-03
4.2256942834e-05 3.1963382983e-03 7.2183069230e-03
4.2255429435e-05 7.6187833244e-03 7.1087577768e-03
4.2256480810e-05 5.0920300079e-03 7.4039691050e-03
4.2258088797e-05 6.6021385113e-03 8.5911579275e-03
4.2256651795e-05 3.4649669287e-03 7.8640107143e-03
4.2252882849e-05 1.5599322738e-02 8.7933401422e-03
4.2256742745e-05 8.4718051172e-03 7.7816207195e-03
4.2255953304e-05 2.0494472313e-02 8.4437612677e-03
4.2255629523e-05 1.4316971259e-02 8.4795233561e-03
4.2257492169e-05 2.7753305209e-03 7.7430723468e-03
4.2252417188e-05 3.1997463836e-03 8.1841999975e-03
4.5515394352e-05 3.0944075576e-03 7.8768986665e-03
4.2249223043e-05 3.3137159395e-03 4.6858154625e-03
4.2257590394e-05 1.3914145219e-02 5.0529602449e-03
4.2252082494e-05 1.1757548704e-02 4.6281712906e-03
4.2255462176e-05 1.2010383497e-02 4.1826599433e-03
4.2258150643e-05 4.8483940385e-03 4.1837479803e-03
4.2250492697e-05 3.1675360430e-03 4.1517849507e-03
4.2260791815e-05 1.2726512815e-02 2.6378393134e-03
4.2260333430e-05 3.0309381909e-03 2.5039549801e-03
4.2257859604e-05 2.4442479541e-03 2.5345964435e-03
4.2257874156e-05 2.8013418429e-02 3.7115577622e-06
8.3820318954e-05 5.1906367764e-02 3.7382021295e-06
8.4650725209e-05 3.3070329732e-02 3.7120600306e-06
4.2257710447e-05 1.6116259852e-02 3.7172441125e-06
4.2253886932e-05 1.6771382109e-02 3.7189547584e-06
4.2319281723e-05 3.8443315774e-02 3.7380034049e-06
4.2224211938e-05 3.1562191279e-02 3.7359587471e-06
4.4023086351e-05 3.1597619411e-02 3.7150607189e-06
5.8130349316e-05 5.7782283363e-02 3.7161444955e-06
1.0965156071e-04 2.1781777497e-02 3.7135769192e-06
4.6782523896e-05 3.6917202175e-02 3.7393966750e-06
6.1314434182e-05 3.2342891830e-02 3.7362830957e-06
6.0063134697e-05 2.9818655147e-02 3.7359180851e-06
6.0063134697e-05 2.9818655147e-02 3.7359180851e-06
1.6762338579e-01 3.9502899642e-03 3.9145442254e-06
1.6762338579e-01 3.9502899642e-03 3.9145442254e-06
1.5306169788e-01 4.5845734984e-03 3.3964311115e-06
1.3559869056e-01 7.4572586454e-03 1.7868170107e-04
1.1074975940e-01 2.7731372475e-03 1.4490871270e-06
1.1026377417e-01 2.6715023917e-03 1.2384936478e-06
1.7474542061e-01 3.6998875257e-03 1.2199480963e-06
4.9029088269e-02 3.3400996359e-03 1.1675239839e-03
4.8097155988e-02 3.9418345829e-03 7.0969188649e-04
4.8097155988e-02 3.9418345829e-03 7.0969188649e-04
4.7661950812e-02 1.1995536198e-02 7.8053054191e-04
4.8626470690e-02 1.8601845174e-02 1.1399708746e-03
4.7873181601e-02 2.2015943502e-02 3.3236217278e-03
4.8191341572e-02 2.4231558355e-02 8.3414982995e-04
4.8786047225e-02 2.4600555499e-02 5.8204333315e-04
4.9427106977e-02 4.3460739156e-02 1.1814765265e-06
4.8231184483e-02 2.8893433511e-02 1.2054632059e-06
4.6960209496e-02 7.9146113324e-03 4.3574160372e-04
4.8955997452e-02 1.5979225398e-02 7.2911841077e-04
6.9182635595e-02 5.8566712153e-02 1.1765589593e-06
8.1191717957e-02 5.0175501344e-02 1.1573550651e-06
4.9116574228e-02 3.9951759701e-02 6.4169936862e-04
9.8103096709e-02 3.6896749555e-02 2.5040103719e-04
7.2345442449e-02 3.6594031844e-02 3.1118007125e-04
5.6059934199e-02 3.6987800306e-02 8.5573324274e-04
1.1298445364e-01 3.6742629018e-02 8.6672100103e-04
8.6720236888e-02 2.2990058487e-02 9.4988239289e-04
1.8342584372e-01 2.4096365087e-02 8.2710979041e-04
1.0316634737e-01 2.2348651352e-02 7.0529783746e-04
8.8126784191e-02 2.1103748120e-02 6.5606556503e-04
1.5988342588e-01 2.4577401113e-02 6.9833223582e-04
1.7977265889e-01 2.4610347580e-02 6.6361782471e-04
1.8237730985e-01 2.5228360978e-02 6.6756119001e-04
1.3198912516e-01 2.2727334406e-02 7.2819750252e-04
1.3233395107e-01 2.2226477352e-02 7.1654248798e-04
1.3329403723e-01 2.2765773193e-02 7.3113033917e-04
2.0564379046e-01 2.4458082238e-02 8.6762537831e-04
1.8583749235e-01 1.8333142390e-02 8.2825421123e-04
1.4993961652e-01 1.8570165072e-02 8.3083907278e-04
1.4596445238e-01 2.1888638226e-02 8.5011014016e-04
3.8193261872e-02 2.0144547879e-02 8.5522587081e-04
1.8131497006e-01 1.9311233734e-02 6.6584281740e-04
8.5732640699e-02 3.2722605548e-02 8.6963359111e-04
3.3943898821e-02 4.2358487224e-02 9.3275648154e-04
3.3943898821e-02 4.2358487224e-02 9.3275648154e-04
2.4902242546e-02 5.3258962929e-02 9.4977662472e-04
6.1313683167e-02 1.9497849280e-02 4.3061738446e-04
9.7705038264e-02 2.3886013310e-02 8.6695391898e-04
8.8318516811e-02 2.2674780494e-02 8.6893413390e-04
2.2871035834e-01 1.3230945837e-02 8.9900805324e-04
9.1116504123e-02 2.5897756374e-02 7.7932850400e-04
7.9128385211e-02 4.7614229222e-02 8.9537799552e-04
1.0858234453e-01 2.4280967812e-02 8.6692027495e-04
9.8200899238e-02 4.2265536884e-02 5.7105659653e-04
7.3665437599e-02 4.7393169875e-02 8.5194379790e-04
9.0811961020e-02 2.5432886711e-02 8.5973555785e-04
8.8405365745e-02 4.1702554251e-02 7.7834482848e-04
9.2064002529e-02 3.4072519125e-02 7.7013491925e-04
8.8136499127e-02 2.5350302458e-02 7.9128671496e-04
1.2724641090e-01 2.5816083110e-02 9.1856856307e-04
1.1160119623e-01 5.8616549398e-02 9.9438600106e-04
2.0062388231e-01 4.0203885175e-02 6.5844159690e-04
2.6618091265e-01 4.2307725176e-02 8.2608704300e-04
8.2534069816e-02 5.5974422023e-02 9.4732556317e-04
8.7874078502e-02 2.5101777787e-02 8.4522780283e-04
8.7874078502e-02 2.5101777787e-02 8.4522780283e-04
6.2710045526e-02 4.1011404867e-02 8.3837858983e-04
1.8642305210e-01 2.5870148869e-02 8.7385771136e-04
1.8642305210e-01 2.5870148869e-02 8.7385771136e-04
6.1024159503e-02 2.6947626844e-02 9.0409494199e-04
5.5334087461e-02 4.5201589043e-02 9.4801366989e-04
7.7530224497e-02 3.1606788437e-02 9.5405114795e-04
7.9675085843e-02 2.6778813762e-02 4.4223566268e-04
6.5897223850e-02 5.7176787406e-02 5.6341023689e-04
1.0248444291e-01 6.2714410325e-02 5.7874438062e-04
9.8517481859e-02 4.8946845345e-02 5.6261042725e-04
5.1467500937e-02 3.0842608462e-02 5.4818803134e-04
1.2605961040e-01 2.0096085578e-02 5.5426893232e-04
8.6190434794e-02 7.1196400386e-03 5.4369131734e-04
2.4551917985e-01 2.4362692144e-02 5.8784629558e-04
1.0218863375e-01 2.5590201374e-02 5.9422874134e-04
2.9872831206e-01 2.3743203996e-02 6.2773282601e-04
2.6290717348e-01 3.8535618223e-02 6.2348339028e-04
1.2467595749e-01 1.4280620341e-02 5.4293418604e-04
1.2467595749e-01 1.4280620341e-02 5.4293418604e-04
1.5106576557e-01 2.3161393435e-02 4.4831252308e-04
7.3569354912e-02 1.7898246568e-02 4.1870429171e-04
1.0662293000e-01 1.7924402608e-02 4.5236527270e-04
3.8055175605e-02 1.9540460470e-02 4.0818794272e-04
9.6814700713e-02 2.2021595544e-02 4.3559330516e-04
6.7770530780e-02 1.9371794226e-02 4.1455517203e-04
6.6861558395e-02 2.0812225062e-02 4.1370161974e-04
6.6861558395e-02 2.0812225062e-02 4.1370161974e-04
6.8976342678e-02 2.0999044180e-02 4.4323987337e-04
6.5692792957e-02 2.2805928175e-02 4.3310333422e-04
4.0385346239e-02 1.4460665756e-02 1.6109539971e-04
4.5193908115e-02 1.2886207163e-02 1.2622494478e-04
4.3010440655e-02 1.2941537580e-02 2.1814037761e-05
4.2307808064e-02 1.3989898531e-02 5.4082986632e-05
4.7686874556e-02 2.9719467741e-02 1.8494454677e-04
4.8053675331e-02 2.9431431709e-02 1.8237111165e-04
6.0984986213e-02 2.6078456237e-02 2.5136723373e-04
4.5704581775e-02 3.1651979157e-02 9.7431693575e-06
6.0568304112e-02 3.3587466460e-02 3.1470760404e-05
4.0280639194e-02 3.3923382095e-02 6.4283285853e-03
4.4583978131e-02 3.1940124619e-02 1.1601957260e-02
1.0687119886e-01 3.6875929063e-02 8.9179117689e-03
4.4558457720e-02 2.6119948132e-02 8.4478706315e-03
7.7305150529e-02 3.7048081557e-02 1.0358684638e-02
4.0240653480e-02 1.4568298731e-02 1.5508268977e-04
5.7900175452e-02 3.4063518823e-02 2.7872642653e-03
5.8213913192e-02 1.1715188778e-02 3.2035741557e-03
5.8228065570e-02 3.1570440003e-02 9.3133908279e-03
5.8228065570e-02 3.1570440003e-02 9.3133908279e-03
5.4378013127e-02 2.8378584422e-02 8.8509530178e-03
7.1597369388e-02 5.8830556712e-03 3.1503277520e-02
5.2267857517e-02 2.1844066990e-02 7.9530000561e-03
5.6162315421e-02 1.5810691363e-02 6.9639586436e-03
4.9860169801e-02 2.2289869531e-02 8.2590994134e-03
3.9652002354e-02 1.4295440866e-02 9.4696234737e-03
4.2894070347e-02 3.4657514344e-02 7.3476247344e-03
2.5162174522e-02 3.5901275153e-02 5.6463869914e-03
3.2665050433e-02 2.3654518882e-02 1.4723146781e-02
2.3799589990e-02 2.1303924577e-02 1.0304396827e-02
2.4011585085e-02 2.2343995360e-02 6.0555802653e-03
2.4972981463e-02 1.6051332156e-02 7.7986624916e-03
2.1748678138e-02 2.2416621447e-02 9.6094591572e-03
2.5710086028e-02 3.8650999467e-02 8.4310816989e-03
2.0498078937e-02 2.5065287637e-02 8.6692981446e-03
2.3353949810e-02 2.4421694766e-02 7.1963413017e-03
2.9349166279e-02 3.4999414968e-02 7.2329991090e-03
1.8105560060e-02 1.1294715789e-01 7.7101479013e-03
6.7423023283e-02 4.9939286274e-02 1.1229339036e-02
5.9744616039e-02 7.0677081433e-02 1.2935326900e-02
7.2732258588e-02 6.4325716812e-02 8.0631593786e-03
6.5366664901e-02 7.5718278997e-02 1.5776063704e-02
6.5366664901e-02 7.5718278997e-02 1.5776063704e-02
6.3106652349e-02 4.8008371261e-02 8.0647028711e-03
7.7848050122e-02 3.5394120418e-02 9.0040958409e-03
8.4937140966e-02 4.2362783570e-02 9.7878324062e-03
5.2144293363e-02 7.7632914297e-02 9.3587168376e-03
1.9944429087e-02 6.3861449870e-02 6.4678568742e-03
4.5646292778e-02 6.1433376124e-02 7.2716530995e-03
5.3690533154e-02 5.3085406932e-02 1.3993351099e-02
3.7926106558e-02 7.4129483197e-02 8.9490900282e-03
3.6283985091e-02 5.1218194732e-02 9.5543967327e-03
1.5854204384e-02 5.6500343140e-02 8.7154838257e-03
2.7792145032e-02 6.0231106821e-02 1.0120873204e-02
2.9959750827e-02 4.7298578235e-02 9.3010522736e-03
1.4611445561e-02 2.9242108886e-02 6.7109672333e-03
5.2229338946e-02 1.8268372708e-02 1.6253620025e-04
3.7953443670e-02 6.8284537798e-03 3.7733121038e-03
4.7080716739e-02 8.3411697221e-03 2.5664938758e-03
5.5428696175e-02 7.2059388234e-03 7.3048849978e-03
4.8947267483e-01 0.0000000000e+00 0.0000000000e+00
2.8950321139e-03 0.0000000000e+00 0.0000000000e+00
2.8950321139e-03 0.0000000000e+00 0.0000000000e+00
6.8709433435e-04 0.0000000000e+00 0.0000000000e+00
4.3825420629e-03 0.0000000000e+00 0.0000000000e+00
4.3825420629e-03 0.0000000000e+00 0.0000000000e+00
9.1473442141e-04 0.0000000000e+00 0.0000000000e+00
3.2587700601e-04 0.0000000000e+00 0.0000000000e+00
3.2587700601e-04 0.0000000000e+00 0.0000000000e+00
3.9182932737e-02 2.5605448522e-02 2.0342674882e-02
2.3009701942e-02 6.9551140070e-02 8.8097385441e-02
4.6952569392e-05 3.4929978040e-02 2.9629087397e-03
1.4026904201e-06 3.2029068253e-02 5.2982269786e-02
6.2539384079e-02 8.9612766479e-02 1.5503094085e-02
1.0755430783e-01 2.8463408041e-02 4.9278550044e-03
8.2203458374e-02 5.6845896256e-02 1.0841256822e-02
1.6928246741e-01 8.6077346156e-02 6.9045511094e-03
1.1825732080e-01 8.0081604421e-02 8.2199282479e-03
1.1825732080e-01 8.0081604421e-02 8.2199282479e-03
8.9798272898e-02 3.9423973300e-02 2.5083606597e-03
8.9798272898e-02 3.9423973300e-02 2.5083606597e-03
5.0946905899e-02 4.2856267809e-02 1.0499270250e-03
1.1407208939e-01 4.1228664418e-02 1.4480658137e-03
7.9432303707e-02 3.7236532352e-02 1.3158663690e-03
5.6067518579e-02 3.9339564585e-02 4.1498612651e-03
1.0428769638e-01 4.7921145024e-02 1.1869247101e-03
8.0082365001e-02 4.3118369145e-02 7.0011402713e-03
7.3078500107e-02 4.9043232265e-02 9.4066479554e-03
6.9128887728e-02 8.5046206911e-02 2.0076471924e-02
1.4210171920e-02 4.6100877381e-02 4.5071758602e-03
1.7700565746e-02 1.1390929545e-01 5.3399396954e-04
9.1072345385e-03 4.6143678948e-02 2.2630579867e-03
4.0046322159e-02 9.1003180792e-02 5.8469273257e-03
8.9801361707e-03 4.3321525057e-02 3.9333210831e-03
2.9470415475e-02 1.2189199155e-01 9.3705098455e-03
1.2643161618e-02 1.3049258788e-01 8.2716802523e-03
1.8965180498e-02 1.2054356871e-01 1.0690461689e-02
4.9258543489e-03 4.2689262113e-02 2.8530450460e-03
3.9842316105e-02 7.6382379668e-02 3.6556151075e-02
2.3556593806e-02 1.6032378003e-01 1.7166671411e-03
2.4513413043e-02 4.9359528969e-02 1.7217607480e-03
3.5090723696e-02 8.9521703931e-02 4.5365420170e-02
3.3511700730e-02 1.0527197272e-01 6.5663903331e-02
3.3511700730e-02 1.0527197272e-01 6.5663903331e-02
3.3561163271e-02 8.8737969597e-02 5.6129932714e-02
1.3493739146e-02 4.1606452937e-02 2.6325060074e-03
1.6627098046e-02 7.7580568070e-02 4.6076811540e-02
2.0540351359e-02 1.5703575189e-01 4.0159287746e-03
1.3927997090e-02 4.6222823051e-02 3.4483462262e-02
4.7255359241e-03 1.0100728646e-01 2.3798831923e-03
2.3768334941e-03 7.4558132639e-02 1.1435718710e-03
4.6760972589e-02 7.4845346001e-02 1.0339261382e-02
6.4161730697e-03 1.1175303596e-01 6.0222603982e-04
3.6464943939e-04 1.3493188595e-01 5.3928324148e-04
3.9621049897e-04 1.4175301169e-01 1.1509890998e-03
3.6340723697e-04 1.4331390336e-01 1.1430105515e-03
1.9865919894e-03 4.3706867999e-02 6.7843384022e-04
9.3758722457e-03 1.0884048541e-01 2.6365218063e-01
3.0944304793e-04 8.4708651528e-02 3.9245646379e-04
1.0571010159e-03 1.1196531976e-01 3.6643934679e-04
1.1411922120e-04 9.3700928614e-02 5.7160799042e-04
5.5638626388e-07 5.2403634104e-02 8.6863317604e-03
3.4218894628e-04 6.8063658662e-02 9.7587684480e-03
5.6615941446e-07 4.8342183077e-02 8.4251916269e-03
1.7259513697e-04 7.2248105891e-02 7.4375436331e-03
2.4330557062e-04 3.4634754683e-02 6.7105579656e-03
3.7295217005e-02 1.3700847949e-01 9.6457224087e-04
4.0693921037e-03 1.2445303487e-01 1.2426398198e-01
8.6197786654e-02 1.9144964156e-01 6.9025225239e-03
5.6142587709e-04 1.8532719091e-01 4.2150603142e-02
3.7157699258e-07 6.2074003120e-02 2.0273582234e-02
3.8345438346e-05 6.8907288058e-02 6.2087022622e-03
3.5992271089e-07 6.1958512602e-02 1.3594725945e-02
6.4763808647e-05 4.4985214792e-02 9.4962105310e-03
3.6344580442e-07 3.8893365864e-02 8.0743833678e-03
3.6220972296e-07 5.8709043233e-02 8.0390594085e-03
1.0456266442e-06 5.7680865284e-02 1.5123466961e-02
1.8830378758e-04 2.3408849394e-02 8.2640169033e-03
6.3680202099e-05 3.5029601927e-02 9.9725196681e-03
3.6902884185e-07 3.1538582358e-02 2.9489702700e-02
5.3327113392e-06 4.1029175608e-02 6.9524484997e-02
2.5242842336e-05 1.9955134536e-02 4.0429857094e-02
3.4021729486e-05 2.9865466616e-02 5.1583553354e-02
3.7158170111e-07 5.4232461921e-02 7.2355583310e-02
3.5988248233e-07 2.9985565387e-02 5.3793586170e-02
3.6066631282e-07 4.5178349013e-02 2.6890353765e-02
3.6016533282e-07 3.6321242340e-02 6.6283742276e-02
9.2475321101e-06 3.6314573100e-02 7.2910900849e-02
3.8864566202e-07 3.7613644400e-02 7.3782417923e-02
4.1642382579e-07 2.9050068290e-02 8.3911546390e-03
3.5962150235e-07 3.5617114161e-02 6.9135904933e-02
3.5994906966e-07 9.0845160186e-02 5.1368392548e-03
3.5993833810e-07 3.1361026842e-02 4.6574144935e-02
8.0224152536e-07 4.9795658056e-02 3.4603542493e-02
3.5963593821e-07 2.8866946426e-02 4.5316287006e-02
1.3643188481e-06 4.0002093961e-02 2.3356648628e-02
3.5986528720e-07 2.4532541400e-02 2.5636316743e-02
3.5986528720e-07 2.4532541400e-02 2.5636316743e-02
3.5986528720e-07 2.4532541400e-02 2.5636316743e-02
5.2974404004e-07 2.3215959353e-02 1.4901803884e-02
5.2974404004e-07 2.3215959353e-02 1.4901803884e-02
3.5989176676e-07 7.7366007958e-02 9.6518241490e-02
3.6260956193e-07 6.2724156305e-02 3.1460456861e-02
1.0473765384e-03 9.5157269388e-02 2.9654138163e-01
3.6001107873e-07 6.2706874683e-02 6.5400735475e-02
3.5996202996e-07 5.9224117198e-02 1.1454671621e-01
3.5990741765e-07 8.2893443915e-02 6.2553070175e-02
1.6591791867e-05 3.1262970910e-02 2.8168568388e-02
3.6272453485e-07 2.1543464003e-02 3.0365869713e-02
3.5994652118e-07 5.3014707014e-02 1.0247732885e-01
7.8925078318e-05 1.5475160830e-02 2.3354808334e-02
3.5985596014e-07 2.3388253253e-02 3.1246829778e-02
3.5982271385e-07 2.0374095688e-02 4.1168484526e-02
3.5970139341e-07 1.7487351589e-02 1.6721574124e-02
3.6062135914e-07 8.9901522112e-02 2.6127309228e-02
8.0692770628e-07 2.9013136615e-02 2.1493525244e-02
3.6051708937e-07 1.6587965045e-02 2.5345376072e-02
3.5988992408e-07 1.5761811829e-02 1.4519840557e-02
3.5992408698e-07 1.4436358101e-02 1.8321067017e-02
3.5987905989e-07 1.4565860699e-01 1.4196573213e-02
1.7044348169e-05 8.2516163588e-02 1.4552117760e-01
3.4303334739e-06 1.2978799548e-01 5.3661578956e-02
3.5992354933e-07 2.4518545736e-02 2.0038833066e-02
3.5990533339e-07 4.0011513513e-02 2.6135962456e-02
2.7620754360e-02 0.0000000000e+00 0.0000000000e+00
5.0554020951e-04 0.0000000000e+00 0.0000000000e+00
2.5999805207e-01 0.0000000000e+00 0.0000000000e+00
4.6237086256e-01 0.0000000000e+00 0.0000000000e+00
2.8771878531e-02 0.0000000000e+00 0.0000000000e+00
3.2708158096e-02 0.0000000000e+00 0.0000000000e+00
1.7119605094e-01 0.0000000000e+00 0.0000000000e+00
8.0669222710e-03 0.0000000000e+00 0.0000000000e+00
4.0816531579e-01 0.0000000000e+00 0.0000000000e+00
4.0816531579e-01 0.0000000000e+00 0.0000000000e+00
1.7843523497e-01 0.0000000000e+00 0.0000000000e+00
4.5612320304e-02 0.0000000000e+00 0.0000000000e+00
3.1353319685e-02 0.0000000000e+00 0.0000000000e+00
2.6412238852e-03 0.0000000000e+00 0.0000000000e+00
8.2102603589e-02 0.0000000000e+00 0.0000000000e+00
1.3634255466e-01 0.0000000000e+00 0.0000000000e+00
1.0490172261e-02 0.0000000000e+00 0.0000000000e+00
5.1307658106e-01 0.0000000000e+00 0.0000000000e+00
5.1307658106e-01 0.0000000000e+00 0.0000000000e+00
5.1307658106e-01 0.0000000000e+00 0.0000000000e+00
1.6056049576e-02 0.0000000000e+00 0.0000000000e+00
1.2678736772e-02 0.0000000000e+00 0.0000000000e+00
1.6056049576e-02 0.0000000000e+00 0.0000000000e+00
1.5673568278e-02 0.0000000000e+00 0.0000000000e+00
2.3728408696e-02 0.0000000000e+00 0.0000000000e+00
8.4744833906e-01 0.0000000000e+00 0.0000000000e+00
8.4744833906e-01 0.0000000000e+00 0.0000000000e+00
7.9997591178e-01 0.0000000000e+00 0.0000000000e+00
3.0365026090e-02 0.0000000000e+00 0.0000000000e+00
4.8980284327e-02 0.0000000000e+00 0.0000000000e+00
5.1041235278e-01 0.0000000000e+00 0.0000000000e+00
2.3778672020e-02 0.0000000000e+00 0.0000000000e+00
2.3778672020e-02 0.0000000000e+00 0.0000000000e+00
1.7763237003e-02 0.0000000000e+00 0.0000000000e+00
2.5633736203e-02 0.0000000000e+00 0.0000000000e+00
3.9322807303e-03 0.0000000000e+00 0.0000000000e+00
4.7080573374e-04 0.0000000000e+00 0.0000000000e+00
1.0739565899e-04 0.0000000000e+00 0.0000000000e+00
3.7793837934e-03 0.0000000000e+00 0.0000000000e+00
6.8005116009e-04 0.0000000000e+00 0.0000000000e+00
5.3091230337e-02 0.0000000000e+00 0.0000000000e+00
9.8698959725e-04 0.0000000000e+00 0.0000000000e+00
7.8028589487e-01 0.0000000000e+00 0.0000000000e+00
5.0017418806e-02 0.0000000000e+00 0.0000000000e+00
5.0017418806e-02 0.0000000000e+00 0.0000000000e+00
5.1397238237e-02 0.0000000000e+00 0.0000000000e+00
9.6116367417e-02 0.0000000000e+00 0.0000000000e+00
2.2337918805e-04 0.0000000000e+00 0.0000000000e+00
6.4745455044e-05 9.7230373571e-02 2.5230179696e-02
6.4772793849e-05 3.6580034687e-02 2.3260303618e-02
6.4771206477e-05 2.1366416011e-02 2.1710262168e-02
6.4771233156e-05 2.3817052599e-02 1.3744980407e-02
6.4757561631e-05 6.0807150789e-02 1.1936179611e-01
6.4767985653e-05 4.3246266432e-02 2.4777410086e-02
6.4766400101e-05 3.7980975428e-02 5.1568383351e-02
6.4759436403e-05 1.9716228048e-02 6.4745220045e-02
6.4762120019e-05 6.3480425005e-02 8.1802080075e-02
6.4764367077e-05 5.8030417499e-02 5.5276264437e-02
6.4769235905e-05 7.5492386396e-02 3.1911285749e-02
6.4764637500e-05 7.3362587020e-02 3.7824670474e-02
7.0029317309e-05 2.4148367221e-01 3.9462917484e-02
7.2602530054e-05 2.2396472345e-01 3.6390659089e-02
6.6163656811e-05 1.9608240947e-01 3.4846580432e-02
6.6124369065e-05 2.4672781676e-01 1.9137594383e-02
6.6008923871e-05 1.2433497980e-01 1.7034066453e-02
6.5889347146e-05 1.3320937070e-01 1.9371912659e-02
7.0362300297e-05 1.2257076179e-01 2.5370669241e-02
6.8731292534e-05 1.3132018161e-01 2.2641310934e-02
6.6443187582e-05 1.1155138910e-01 1.7307869159e-02
6.8827914220e-05 1.4515764080e-01 2.0561785127e-02
6.9885681417e-05 1.0298827353e-01 1.8942869268e-02
6.9441502395e-05 1.0068708596e-01 1.5904263283e-02
6.9441502395e-05 1.0068708596e-01 1.5904263283e-02
6.9738513048e-05 1.0487287181e-01 1.8733441054e-02
6.5884844541e-05 1.0978427591e-01 2.0162568738e-02
6.5682625063e-05 1.1513710270e-01 2.0830082862e-02
6.5559075059e-05 8.5902397210e-02 1.9078061761e-02
6.7226234629e-05 9.2936288565e-02 1.6826746287e-02
1.7836022247e-06 1.9320696468e-01 1.6049380414e-02
1.3220888964e-06 2.5585451846e-01 1.5038042252e-02
1.3220888964e-06 2.5585451846e-01 1.5038042252e-02
2.7330144311e-06 1.5615798533e-01 1.8799948506e-02
2.0549531238e-06 1.6597179820e-01 1.0403723922e-02
1.6650544599e-06 1.4910531541e-01 4.0948855070e-02
8.6604818250e-07 1.5263054830e-01 1.5709688421e-02
7.5250801975e-07 1.5694378316e-01 3.1463451684e-02
6.3600326901e-07 4.3903092854e-02 1.6709258780e-02
6.3392950267e-07 2.1340204248e-02 1.6912584038e-02
6.3348990883e-07 3.8274581699e-02 1.5628158115e-02
9.0428388451e-07 9.3408342451e-02 2.3254148196e-02
6.5534369279e-07 7.8556251091e-02 3.9143199722e-02
1.2096334435e-06 2.2105679770e-02 4.5654538088e-02
1.1452161507e-06 1.0916269245e-01 3.0504063703e-02
1.1452161507e-06 1.0916269245e-01 3.0504063703e-02
6.3909768736e-07 1.5201722117e-02 3.6823922147e-02
6.4179720027e-07 1.2809294276e-01 3.6534083386e-02
6.5566792292e-07 1.5038674387e-02 2.8535417436e-02
6.3470360582e-07 7.5218142631e-02 3.1368655618e-02
6.5590135989e-07 9.0019566317e-02 3.2798057577e-02
7.7708183426e-06 7.9995392201e-02 3.8066185700e-02
1.1142334718e-05 1.0795678943e-01 3.7426328907e-02
6.4988355556e-07 4.3474114034e-02 2.3963389763e-02
6.4405210291e-07 5.0755306923e-02 2.0048852079e-02
1.5383248789e-05 7.0429196581e-02 2.5848239039e-02
6.9841163016e-07 2.6502849767e-02 2.7596503651e-02
9.1117412637e-07 5.0798638103e-02 4.4612819018e-02
2.9887162706e-06 4.2248387511e-02 4.4436917019e-02
1.5641809720e-06 1.1896808942e-01 2.5906383991e-02
2.0331791291e-06 2.6859116973e-02 4.7510555324e-02
1.0414638988e-05 7.9452607315e-03 4.6532216171e-02
2.8180022772e-06 8.1229557594e-02 4.4253805652e-02
2.8756583864e-06 5.9267431808e-02 3.9581405930e-02
6.3387659566e-07 1.0522074687e-01 5.7408475317e-02
6.3387659566e-07 7.7371860233e-02 3.5194904233e-02
6.3397823169e-07 9.8221840337e-02 1.0276767425e-02
6.3398135808e-07 1.8766301878e-02 5.8183546799e-02
6.3395987127e-07 5.3097134563e-02 2.0376250396e-01
6.3380109812e-07 8.5388344751e-02 2.2976667620e-02
6.3391820504e-07 7.0717049142e-02 4.6950329406e-02
6.3384084115e-07 5.0573610157e-03 1.4123948291e-01
6.3394514882e-07 1.0371134910e-02 1.8838904922e-01
6.3395566485e-07 6.0910434928e-02 2.1061413735e-01
6.5166398618e-07 6.6859586785e-02 5.0828879389e-02
6.5166398618e-07 6.6859586785e-02 5.0828879389e-02
6.3397624217e-07 5.6323896783e-02 8.3441300318e-02
6.3405229866e-07 1.2226168501e-01 8.5850832984e-02
4.1980331389e-07 7.1381178064e-02 3.4184597122e-02
4.1980348442e-07 5.1929969030e-02 3.2387644829e-02
4.2189768124e-07 6.6161975575e-02 3.7707054367e-02
4.1974220485e-07 7.9257658372e-02 2.9678538907e-02
4.1984568118e-07 7.1625243872e-02 3.7493580021e-02
4.1981112986e-07 9.0319966276e-02 4.2827030954e-02
1.3819454523e-06 9.1668589662e-02 3.8736685179e-02
4.2150656535e-07 1.0120414694e-01 4.8202021979e-02
4.1979619425e-07 6.9513443857e-02 4.9369422719e-02
4.1991630913e-07 6.8385857157e-02 3.8276140578e-02
4.1981050221e-07 8.1749700631e-02 3.8481610206e-02
1.2475705565e-06 7.4957128614e-02 4.8430539357e-02
7.1952875184e-07 1.4470680555e-01 3.7202952430e-02
2.2659321909e-06 1.7081772164e-01 3.7364670075e-02
4.1980689976e-07 1.5316900611e-01 3.8837495881e-02
4.1953184393e-07 1.5176038568e-01 4.4452207163e-02
4.1976523354e-07 1.5262584140e-01 4.5990024693e-02
4.1980666765e-07 6.5967177351e-02 2.9328372485e-02
4.1980666765e-07 6.5967177351e-02 2.9328372485e-02
4.1980666765e-07 6.5967177351e-02 2.9328372485e-02
4.1980691160e-07 5.8505893374e-02 2.6961870647e-02
5.8113951222e-07 4.7476666669e-02 1.4581177228e-02
4.1980134569e-07 7.7511665411e-02 1.6261382572e-02
4.6363820398e-07 1.0089513846e-02 2.0618277757e-02
5.8227025571e-07 2.3740122343e-01 2.5372912331e-02
5.8227025571e-07 2.3740122343e-01 2.5372912331e-02
4.7986432444e-02 0.0000000000e+00 0.0000000000e+00
4.5950598549e-02 0.0000000000e+00 0.0000000000e+00
2.3221721097e-02 0.0000000000e+00 0.0000000000e+00
4.3661757062e-02 0.0000000000e+00 0.0000000000e+00
3.5679555576e-02 0.0000000000e+00 0.0000000000e+00
2.5466151924e-02 0.0000000000e+00 0.0000000000e+00
1.9505187791e-02 0.0000000000e+00 0.0000000000e+00
2.6688688357e-02 0.0000000000e+00 0.0000000000e+00
2.1276442800e-02 0.0000000000e+00 0.0000000000e+00
3.1877531825e-02 0.0000000000e+00 0.0000000000e+00
3.1877531825e-02 0.0000000000e+00 0.0000000000e+00
2.1028810258e-02 0.0000000000e+00 0.0000000000e+00
8.2219191051e-03 0.0000000000e+00 0.0000000000e+00
5.9122643239e-03 0.0000000000e+00 0.0000000000e+00
5.9122643239e-03 0.0000000000e+00 0.0000000000e+00
5.4400197114e-03 0.0000000000e+00 0.0000000000e+00
4.3440085477e-03 0.0000000000e+00 0.0000000000e+00
3.3957637012e-03 0.0000000000e+00 0.0000000000e+00
2.9223421977e-03 0.0000000000e+00 0.0000000000e+00
2.9223421977e-03 0.0000000000e+00 0.0000000000e+00
9.6821717452e-03 0.0000000000e+00 0.0000000000e+00
9.6699115432e-03 0.0000000000e+00 0.0000000000e+00
4.5271798153e-03 0.0000000000e+00 0.0000000000e+00
6.6763803673e-03 0.0000000000e+00 0.0000000000e+00
1.3655092412e-02 0.0000000000e+00 0.0000000000e+00
6.9642056090e-03 0.0000000000e+00 0.0000000000e+00
2.0521157576e-02 0.0000000000e+00 0.0000000000e+00
1.9133755782e-02 0.0000000000e+00 0.0000000000e+00
2.5768774872e-02 0.0000000000e+00 0.0000000000e+00
2.1290289393e-03 0.0000000000e+00 0.0000000000e+00
3.8513608548e-03 0.0000000000e+00 0.0000000000e+00
2.1120269278e-03 0.0000000000e+00 0.0000000000e+00
3.8374280169e-03 0.0000000000e+00 0.0000000000e+00
4.8936447129e-03 0.0000000000e+00 0.0000000000e+00
1.1391135321e-02 0.0000000000e+00 0.0000000000e+00
5.2901448022e-03 0.0000000000e+00 0.0000000000e+00
3.9882359716e-02 0.0000000000e+00 0.0000000000e+00
3.5439551653e-02 0.0000000000e+00 0.0000000000e+00
3.3992947545e-02 0.0000000000e+00 0.0000000000e+00
3.4057504342e-02 0.0000000000e+00 0.0000000000e+00
3.4057504342e-02 0.0000000000e+00 0.0000000000e+00
5.0439648020e-02 0.0000000000e+00 0.0000000000e+00
4.6167500628e-02 0.0000000000e+00 0.0000000000e+00
4.0468941132e-02 0.0000000000e+00 0.0000000000e+00
4.6167500628e-02 0.0000000000e+00 0.0000000000e+00
4.6167500628e-02 0.0000000000e+00 0.0000000000e+00
3.1314197617e-02 0.0000000000e+00 0.0000000000e+00
3.1803532193e-02 0.0000000000e+00 0.0000000000e+00
3.1710869167e-02 0.0000000000e+00 0.0000000000e+00
3.4959212722e-02 0.0000000000e+00 0.0000000000e+00
3.3166879943e-02 0.0000000000e+00 0.0000000000e+00
3.2541937505e-02 0.0000000000e+00 0.0000000000e+00
5.9960011428e-04 0.0000000000e+00 0.0000000000e+00
5.9960011428e-04 0.0000000000e+00 0.0000000000e+00
8.2821103667e-03 0.0000000000e+00 0.0000000000e+00
8.2321693189e-03 0.0000000000e+00 0.0000000000e+00
3.4508767615e-03 0.0000000000e+00 0.0000000000e+00
4.4706096717e-03 0.0000000000e+00 0.0000000000e+00
4.3452116273e-03 0.0000000000e+00 0.0000000000e+00
9.6566172942e-05 1.3620142515e-02 9.5148770167e-07
1.2700209045e-03 1.0050696728e-03 9.7137325863e-07
1.2700209045e-03 1.0050696728e-03 9.7137325863e-07
3.8044414483e-02 1.4467776598e-02 6.1809010532e-07
1.7199932520e-02 2.7574223932e-03 6.4840790041e-07
3.5901035493e-03 5.9059171084e-03 6.1991124293e-07
3.5265999225e-03 9.2701339842e-04 6.4308442897e-07
4.8208152487e-03 4.9137631431e-03 6.2109990987e-07
1.1652182400e-02 2.9942617984e-03 6.1969101495e-07
1.1652182400e-02 2.9942617984e-03 6.1969101495e-07
2.0709111559e-03 9.1662723426e-03 6.1907675549e-07
1.8393181652e-02 6.3903112508e-03 6.1962914325e-07
1.3232741424e-02 1.0043495878e-02 6.1915420228e-07
3.7468297407e-02 1.9548555060e-02 6.1972095959e-07
1.5740576714e-02 4.4006535900e-03 6.1982458040e-07
1.5740576714e-02 4.4006535900e-03 6.1982458040e-07
1.5733804864e-02 5.0987835275e-03 6.1961862486e-07
1.5548332827e-02 2.1173895414e-03 6.1935809015e-07
2.7847930091e-02 3.0830260754e-03 2.7324253843e-06
4.3390116189e-03 6.1386450349e-03 6.2577133046e-07
3.5007339999e-03 9.1888595295e-03 6.2240173075e-07
1.5329761518e-03 5.8067688175e-03 6.2422004396e-07
9.1020383794e-03 2.7105480743e-03 6.2268826895e-07
7.7422557661e-04 4.7160842611e-03 6.2533999312e-07
9.0317438201e-03 2.0448038413e-03 6.5459931401e-07
4.5395671429e-03 2.5421008662e-03 3.9893963079e-05
2.3488414784e-03 2.1951956733e-03 7.0581273424e-05
8.7770202275e-03 1.9416357197e-03 6.2239611509e-07
6.6404577616e-03 2.5319620191e-02 6.3887030015e-07
4.6192550799e-03 2.3670367120e-02 6.2692263315e-07
4.6192550799e-03 2.3670367120e-02 6.2692263315e-07
3.7861826810e-03 8.6463452705e-03 6.2595650824e-07
4.4238146899e-03 1.6738205450e-02 6.3677228001e-07
4.4238146899e-03 1.6738205450e-02 6.3677228001e-07
5.6305910693e-03 1.2067474114e-02 6.2961453769e-07
6.6017489880e-03 1.4992556535e-02 6.3898277840e-07
6.6017489880e-03 1.4992556535e-02 6.3898277840e-07
4.8481868968e-03 3.2277732622e-02 6.4061214499e-07
8.1463520716e-04 1.1512666165e-02 1.0660299120e-06
8.6244703804e-04 3.6866159450e-03 6.3593248475e-07
1.0504205275e-03 7.2092028568e-03 6.2807045964e-07
2.3680409649e-03 1.6491068682e-02 6.3296745623e-07
2.7811754068e-03 2.5738509527e-02 6.3701830773e-07
2.1125966256e-03 2.0896156163e-02 6.3584169633e-07
1.9949833707e-03 5.2539357916e-02 6.3568500875e-07
2.3269628970e-03 6.2748303947e-02 6.3246960735e-07
1.5537862588e-03 5.7116152098e-02 6.3882266469e-07
2.2012730963e-03 5.1242154402e-02 6.3759392314e-07
2.3124144354e-03 4.9183833413e-02 6.3593089896e-07
3.0748848997e-03 4.1111865702e-02 6.3638748315e-07
3.0056076260e-03 5.8823005296e-02 6.3666765016e-07
2.8065916267e-03 5.2708962622e-02 6.3713524412e-07
1.9210456279e-03 5.3178146171e-02 6.3702069043e-07
1.5092596974e-03 5.3717304952e-02 6.3515513204e-07
2.4357780446e-03 5.5182628644e-02 6.3939354048e-07
1.3488416395e-03 5.1890008772e-02 1.2944101116e-06
1.4174143774e-03 4.9750583557e-02 1.2926230399e-06
1.1628365920e-02 7.6548501849e-02 1.2793225939e-06
1.0270428029e-02 4.6807673139e-02 1.2956887758e-06
1.3681183996e-02 4.8703459091e-02 1.2729682339e-06
7.0403466234e-03 4.8308345800e-02 1.2829648076e-06
2.3235815655e-03 4.6673415229e-02 1.2964370437e-06
2.4281013854e-03 5.8799590605e-02 1.2962895539e-06
2.4676737958e-03 2.7404670914e-02 6.8566357368e-04
8.8937873952e-03 2.9157591363e-02 1.2774060281e-06
2.7506397722e-04 3.0935507112e-02 3.1379518623e-04
9.3129741557e-04 5.0276638940e-02 1.2809778455e-06
5.6976258687e-04 4.1325827750e-02 1.2815521476e-06
2.7933286280e-04 4.8327375824e-02 1.2793765442e-06
5.5713720030e-05 3.0298209128e-02 7.6588293693e-04
4.8141101142e-03 3.9343976105e-02 2.5052097052e-06
8.6865411807e-04 4.7869032870e-02 2.1338491254e-03
3.5527645953e-05 5.7388691852e-02 1.4199485983e-03
3.2212330188e-04 4.7724754550e-02 2.5704656437e-03
3.4176094778e-04 3.4932506892e-02 4.1711213222e-03
1.5407398023e-03 3.3802226186e-02 4.3402037700e-03
1.5407398023e-03 3.3802226186e-02 4.3402037700e-03
1.9336446567e-03 3.3226101038e-02 2.8939713957e-03
1.9391297974e-04 5.8872614056e-02 6.5796102863e-03
6.7906922050e-04 4.8091509690e-02 6.3785516541e-03
1.9079791673e-04 3.8335551818e-02 6.0851937160e-03
7.0228106294e-04 3.9819987180e-02 3.2782735846e-03
2.3912678298e-03 1.3574469447e-02 6.5695359372e-03
2.4044438760e-05 2.1880714223e-02 1.6570408052e-02
5.6903129613e-05 9.3218269370e-03 3.2980863859e-03
3.4281925764e-05 3.2234380245e-03 9.1532848310e-03
2.4006259688e-05 2.3131896586e-02 8.3027726505e-03
2.4046108592e-05 3.2455694145e-03 1.7193361372e-01
4.6317608091e-05 2.4659639224e-02 3.5970589146e-02
1.0785325527e-03 3.3445445355e-02 8.7181982817e-03
5.9975615586e-03 2.7578002618e-02 1.4679683566e-02
1.4492518919e-04 2.2750330158e-02 1.6071356290e-02
7.0550235250e-05 1.8111674270e-02 1.0161915406e-02
7.0550235250e-05 1.8111674270e-02 1.0161915406e-02
7.0955763173e-05 2.6644524963e-02 3.4495503642e-03
7.9842768779e-05 2.4296266027e-02 6.9306297616e-03
1.4447096267e-04 1.0635153235e-02 5.4164333075e-03
7.1656430616e-05 3.4024540180e-02 2.6725595817e-03
7.5900873829e-05 2.0787072678e-02 4.8714095416e-03
7.6283143547e-05 8.7499329432e-03 1.4740746856e-02
2.9219684802e-04 2.7357539938e-02 7.2574689208e-03
1.0924499353e-04 1.5063143801e-02 1.0046760241e-02
7.0652607974e-05 2.9070457319e-01 2.2527245060e-01
7.0667455778e-05 1.4633753896e-01 6.8856597500e-04
7.0654251734e-05 2.3916001245e-01 1.2332178963e-01
7.0662737926e-05 2.4536424503e-01 5.3753116789e-02
7.0664487794e-05 3.0355931943e-01 5.8821331710e-02
7.0666227960e-05 1.7174475268e-01 4.5962795305e-02
7.0668841242e-05 1.5762217840e-01 3.9056211400e-02
4.7012243158e-05 1.3335652029e-01 8.5000414401e-02
4.7011809026e-05 1.9865270704e-01 8.6697796981e-02
4.7012061562e-05 2.8211386378e-01 6.6342962751e-02
4.7012639394e-05 1.0398672024e-01 8.8406064237e-02
4.7012183738e-05 1.6541905825e-01 2.1821600944e-01
4.7012183738e-05 1.6541905825e-01 2.1821600944e-01
4.7011986377e-05 5.8950876817e-02 1.3339974731e-01
4.7012033065e-05 5.3863761326e-02 1.5084304164e-01
6.0311787517e-05 5.8421131223e-02 1.0479979714e-01
6.0311079930e-05 1.4440668747e-01 1.7889901996e-01
6.0311371575e-05 1.9031765809e-01 2.5254398709e-01
6.4707672512e-05 2.5494804043e-03 1.0160709235e-01
6.0307360400e-05 1.8522488220e-03 1.3466985275e-01
6.0299473262e-05 1.9585489984e-03 1.2132500733e-01
6.0308695538e-05 1.6503079823e-03 1.1501750164e-01
6.0308837419e-05 1.3292100203e-02 9.5808921382e-02
6.0309364926e-05 8.3347152686e-03 7.9704903066e-02
6.0307651438e-05 1.6686804360e-02 7.8125271946e-02
6.0302820202e-05 1.3553621092e-02 7.9177433004e-02
6.0309044784e-05 1.9655372792e-02 7.8174715241e-02
6.0309372202e-05 1.2622828595e-02 8.2124431928e-02
6.0309372202e-05 1.2622828595e-02 8.2124431928e-02
6.0309204855e-05 2.3635272834e-03 7.5826022153e-02
6.0308990214e-05 2.2431829168e-02 6.5547002479e-02
6.0308990214e-05 1.4479713747e-02 5.1986418975e-02
6.0308342654e-05 2.3623779106e-02 5.4991052486e-02
6.0308124375e-05 7.3467162826e-03 6.4815949338e-02
6.0308640968e-05 8.7924101002e-03 6.4750437004e-02
6.0308539105e-05 2.5302735521e-03 5.0561079755e-02
6.0308568209e-05 1.8544511210e-03 6.3173990697e-02
6.0309022956e-05 2.1257343275e-03 6.4010001719e-02
6.0308517277e-05 2.1233593943e-03 5.0541743326e-02
6.0308517277e-05 2.1234130424e-03 4.9776356357e-02
6.0308564571e-05 1.3986041267e-05 4.5493981180e-02
7.2889457612e-03 6.5515251132e-05 3.9847166588e-02
7.2889457612e-03 6.5515251132e-05 3.9847166588e-02
7.4158153341e-03 5.8308521905e-05 3.9475972764e-02
7.1597154796e-03 2.9991872531e-03 4.5648829701e-02
4.8002577326e-03 5.9694435777e-05 4.7564581037e-02
5.6585794858e-03 7.6226863894e-04 4.6926935824e-02
4.2979108111e-03 1.8982760633e-03 4.6498372840e-02
1.6552637719e-02 7.2735788611e-03 2.5122034829e-02
1.6552637719e-02 7.2735788611e-03 2.5122034829e-02
7.1681177360e-05 1.6630761100e-03 4.1786326607e-03
7.1681177360e-05 1.6630761100e-03 4.1786326607e-03
6.5386533606e-05 1.9094449938e-03 3.2188960322e-03
1.4190736848e-02 1.3447037413e-02 1.9089392076e-02
8.2227741368e-03 2.3557317933e-03 7.4675417078e-03
7.2343286690e-03 1.6241831181e-03 4.8536847498e-03
7.2343286690e-03 1.6241831181e-03 4.8536847498e-03
6.4062748182e-04 3.7387204939e-03 2.4844842119e-03
4.4328403310e-03 2.3207720563e-03 2.8235711992e-03
6.2579528579e-05 3.6209716345e-03 2.0715627785e-02
1.1523593760e-02 1.6470334105e-02 3.7870675015e-02
1.1142784388e-04 3.6546665205e-25 8.9231591867e-17
7.0951072189e-02 0.0000000000e+00 0.0000000000e+00
5.2196354916e-02 0.0000000000e+00 0.0000000000e+00
6.2777426094e-02 0.0000000000e+00 0.0000000000e+00
3.8256393280e-02 0.0000000000e+00 0.0000000000e+00
3.8256393280e-02 0.0000000000e+00 0.0000000000e+00
6.4491419898e-02 0.0000000000e+00 0.0000000000e+00
6.4491419898e-02 0.0000000000e+00 0.0000000000e+00
5.8848529278e-02 0.0000000000e+00 0.0000000000e+00
6.5983183372e-02 0.0000000000e+00 0.0000000000e+00
6.2544942213e-02 0.0000000000e+00 0.0000000000e+00
7.2007883030e-02 0.0000000000e+00 0.0000000000e+00
3.9830969026e-02 0.0000000000e+00 0.0000000000e+00
7.2856723020e-02 0.0000000000e+00 0.0000000000e+00
7.4683881986e-02 0.0000000000e+00 0.0000000000e+00
6.7733277256e-02 0.0000000000e+00 0.0000000000e+00
6.5683510775e-02 0.0000000000e+00 0.0000000000e+00
5.9444459931e-02 0.0000000000e+00 0.0000000000e+00
5.9444459931e-02 0.0000000000e+00 0.0000000000e+00
6.0943774724e-02 0.0000000000e+00 0.0000000000e+00
4.1915571317e-02 0.0000000000e+00 0.0000000000e+00
5.8641821301e-02 0.0000000000e+00 0.0000000000e+00
5.8641821301e-02 0.0000000000e+00 0.0000000000e+00
6.5911018290e-02 0.0000000000e+00 0.0000000000e+00
5.2202456165e-02 0.0000000000e+00 0.0000000000e+00
7.3020661871e-02 0.0000000000e+00 0.0000000000e+00
7.3020661871e-02 0.0000000000e+00 0.0000000000e+00
6.4791589975e-02 0.0000000000e+00 0.0000000000e+00
7.5628134112e-02 0.0000000000e+00 0.0000000000e+00
5.5414886835e-02 0.0000000000e+00 0.0000000000e+00
6.0025533351e-02 0.0000000000e+00 6.6238683748e-15
6.0025533351e-02 0.0000000000e+00 6.6238683748e-15
1.8275864932e-05 0.0000000000e+00 2.7058609259e-12
5.9642943088e-02 0.0000000000e+00 0.0000000000e+00
1.8275906768e-05 0.0000000000e+00 0.0000000000e+00
1.8275688490e-05 0.0000000000e+00 3.5144591230e-12
1.8276045012e-05 0.0000000000e+00 0.0000000000e+00
1.8276045012e-05 0.0000000000e+00 0.0000000000e+00
5.8870713692e-02 0.0000000000e+00 0.0000000000e+00
5.2030531379e-02 0.0000000000e+00 0.0000000000e+00
6.5192875763e-02 0.0000000000e+00 0.0000000000e+00
6.5192875763e-02 0.0000000000e+00 0.0000000000e+00
5.2085961991e-02 0.0000000000e+00 0.0000000000e+00
5.6169049970e-02 0.0000000000e+00 0.0000000000e+00
7.3297059784e-02 0.0000000000e+00 0.0000000000e+00
7.4679647262e-02 0.0000000000e+00 0.0000000000e+00
1.3709773744e-01 0.0000000000e+00 0.0000000000e+00
3.1182025608e-04 0.0000000000e+00 0.0000000000e+00
1.9791493348e-04 0.0000000000e+00 0.0000000000e+00
1.9791493348e-04 0.0000000000e+00 0.0000000000e+00
2.0727937893e-04 1.3897032955e-23 0.0000000000e+00
1.7105581052e-04 2.6275715443e-21 9.1081299514e-17
9.7168830883e-03 0.0000000000e+00 1.1285808259e-18
2.2247342354e-02 0.0000000000e+00 0.0000000000e+00
2.3431565225e-02 0.0000000000e+00 3.8485163034e-14
8.7483471337e-03 0.0000000000e+00 3.4877470767e-16
1.4403332393e-02 0.0000000000e+00 8.8580974059e-16
7.9850656718e-03 0.0000000000e+00 1.1088976510e-14
1.8813103156e-02 0.0000000000e+00 3.9263807106e-14
2.7503972640e-02 0.0000000000e+00 1.3750256410e-17
5.3880933289e-05 0.0000000000e+00 0.0000000000e+00
1.9202789292e-02 0.0000000000e+00 0.0000000000e+00
3.6511387831e-02 0.0000000000e+00 0.0000000000e+00
1.1676161133e-04 0.0000000000e+00 0.0000000000e+00
5.0331601097e-02 0.0000000000e+00 0.0000000000e+00
5.0331601097e-02 0.0000000000e+00 0.0000000000e+00
1.4787991943e-03 0.0000000000e+00 0.0000000000e+00
7.3127176317e-05 0.0000000000e+00 0.0000000000e+00
7.3127176317e-05 0.0000000000e+00 0.0000000000e+00
5.1508614173e-02 0.0000000000e+00 0.0000000000e+00
1.5951730954e-04 0.0000000000e+00 0.0000000000e+00
1.5951730954e-04 0.0000000000e+00 0.0000000000e+00
5.4978316029e-02 0.0000000000e+00 0.0000000000e+00
8.1564745245e-02 0.0000000000e+00 0.0000000000e+00
4.7761317653e-02 0.0000000000e+00 0.0000000000e+00
9.1962017740e-02 0.0000000000e+00 0.0000000000e+00
4.2980357384e-02 0.0000000000e+00 0.0000000000e+00
2.1823210021e-02 0.0000000000e+00 0.0000000000e+00
6.0413993119e-02 0.0000000000e+00 0.0000000000e+00
1.8777707165e-02 0.0000000000e+00 0.0000000000e+00
1.8777707165e-02 0.0000000000e+00 0.0000000000e+00
4.8183482606e-02 0.0000000000e+00 0.0000000000e+00
1.0947505509e-01 0.0000000000e+00 0.0000000000e+00
2.6495310245e-02 0.0000000000e+00 0.0000000000e+00
5.8881630345e-02 0.0000000000e+00 0.0000000000e+00
4.5512907983e-02 0.0000000000e+00 0.0000000000e+00
1.0425016005e-01 0.0000000000e+00 0.0000000000e+00
1.6302181524e-02 0.0000000000e+00 0.0000000000e+00
6.3635006857e-03 0.0000000000e+00 0.0000000000e+00
3.4888421845e-03 0.0000000000e+00 0.0000000000e+00
8.9974922982e-03 0.0000000000e+00 0.0000000000e+00
8.9974922982e-03 0.0000000000e+00 0.0000000000e+00
7.4233396056e-03 0.0000000000e+00 0.0000000000e+00
2.4912112858e-02 0.0000000000e+00 0.0000000000e+00
2.7203584614e-03 0.0000000000e+00 0.0000000000e+00
5.1100284133e-03 0.0000000000e+00 0.0000000000e+00
5.1100284133e-03 0.0000000000e+00 0.0000000000e+00
9.7422343679e-03 0.0000000000e+00 0.0000000000e+00
2.9146842329e-03 0.0000000000e+00 0.0000000000e+00
2.8497306475e-02 0.0000000000e+00 0.0000000000e+00
6.8064798834e-03 0.0000000000e+00 0.0000000000e+00
6.4526321754e-03 0.0000000000e+00 0.0000000000e+00
2.9022909196e-03 0.0000000000e+00 0.0000000000e+00
1.9882036683e-02 0.0000000000e+00 0.0000000000e+00
8.8129081996e-03 0.0000000000e+00 0.0000000000e+00
2.0281840261e-04 0.0000000000e+00 0.0000000000e+00
9.4953158793e-03 0.0000000000e+00 0.0000000000e+00
1.7744584936e-04 0.0000000000e+00 0.0000000000e+00
1.7744584936e-04 0.0000000000e+00 0.0000000000e+00
8.4151948007e-05 0.0000000000e+00 0.0000000000e+00
2.0512268646e-02 0.0000000000e+00 0.0000000000e+00
7.2989736509e-05 0.0000000000e+00 0.0000000000e+00
1.4843709869e-04 0.0000000000e+00 0.0000000000e+00
9.7364220589e-05 0.0000000000e+00 0.0000000000e+00
2.6233457781e-04 0.0000000000e+00 0.0000000000e+00
1.2850125131e-04 0.0000000000e+00 0.0000000000e+00
1.2850125131e-04 0.0000000000e+00 0.0000000000e+00
2.6534145232e-02 0.0000000000e+00 0.0000000000e+00
2.6205197598e-03 0.0000000000e+00 0.0000000000e+00
5.8156798332e-05 0.0000000000e+00 0.0000000000e+00
7.9140150168e-05 0.0000000000e+00 0.0000000000e+00
1.6577460762e-04 0.0000000000e+00 0.0000000000e+00
1.2430226586e-02 0.0000000000e+00 0.0000000000e+00
6.9742343840e-05 0.0000000000e+00 0.0000000000e+00
9.1239807565e-05 0.0000000000e+00 0.0000000000e+00
1.5388680852e-04 0.0000000000e+00 0.0000000000e+00
1.5388680852e-04 0.0000000000e+00 0.0000000000e+00
1.5388680852e-04 0.0000000000e+00 0.0000000000e+00
1.8974599196e-02 0.0000000000e+00 0.0000000000e+00
6.6042195613e-05 0.0000000000e+00 0.0000000000e+00
6.8529703033e-05 0.0000000000e+00 0.0000000000e+00
5.8158999309e-05 0.0000000000e+00 0.0000000000e+00
5.8158999309e-05 0.0000000000e+00 0.0000000000e+00
5.8159013861e-05 0.0000000000e+00 0.0000000000e+00
8.4814476468e-03 0.0000000000e+00 0.0000000000e+00
3.6225402243e-03 0.0000000000e+00 0.0000000000e+00
1.2630194215e-04 0.0000000000e+00 0.0000000000e+00
7.9685906227e-03 0.0000000000e+00 0.0000000000e+00
7.9667580430e-03 0.0000000000e+00 0.0000000000e+00
7.9715264801e-03 0.0000000000e+00 0.0000000000e+00
4.1927868454e-03 0.0000000000e+00 0.0000000000e+00
5.3887556714e-04 0.0000000000e+00 0.0000000000e+00
1.1812665325e-03 0.0000000000e+00 0.0000000000e+00
3.0509946118e-03 0.0000000000e+00 0.0000000000e+00
3.3717881694e-02 0.0000000000e+00 0.0000000000e+00
5.7857527766e-04 0.0000000000e+00 0.0000000000e+00
1.0278623839e-02 0.0000000000e+00 0.0000000000e+00
3.8675610932e-02 0.0000000000e+00 0.0000000000e+00
2.0573136984e-04 0.0000000000e+00 0.0000000000e+00
6.1430905946e-02 0.0000000000e+00 0.0000000000e+00
6.3186699214e-03 0.0000000000e+00 0.0000000000e+00
5.7166610556e-03 0.0000000000e+00 0.0000000000e+00
4.7051387684e-02 0.0000000000e+00 0.0000000000e+00
7.0823688681e-02 0.0000000000e+00 0.0000000000e+00
2.0836710127e-02 0.0000000000e+00 0.0000000000e+00
4.3291421918e-02 0.0000000000e+00 0.0000000000e+00
1.3419393511e-02 0.0000000000e+00 0.0000000000e+00
1.3948121331e-02 0.0000000000e+00 0.0000000000e+00
3.0099919531e-02 0.0000000000e+00 0.0000000000e+00
3.9939877515e-03 0.0000000000e+00 0.0000000000e+00
3.2819966706e-02 0.0000000000e+00 0.0000000000e+00
3.7664610517e-02 0.0000000000e+00 0.0000000000e+00
1.6975967340e-02 4.1501759357e-03 2.0429303428e-04
5.0455062592e-05 1.3707383970e-01 4.8316514740e-02
5.7355837276e-02 7.8185753276e-02 1.4873665098e-02
5.7355837276e-02 7.8185753276e-02 1.4873665098e-02
1.3564278061e-02 6.2613049522e-02 5.7436792413e-03
8.6643405880e-02 1.1582583577e-02 1.0665678730e-02
1.4001112369e-01 9.1915460459e-03 1.0520004900e-02
1.0290038275e-04 1.5330528095e-01 1.5839507182e-01
8.8443938997e-05 1.5195256347e-01 1.7577107375e-02
9.2920470100e-05 1.3013255720e-01 2.7842637540e-02
1.5146773309e-01 8.6541859200e-03 4.4117367516e-02
5.6101748099e-02 3.8998641074e-02 9.1702789238e-04
3.9129047344e-01 2.3030745494e-04 8.7749785356e-04
6.1625977357e-01 1.8602172068e-02 1.7989576888e-04
8.0692723107e-05 4.0227846553e-02 3.5222444683e-02
4.1680589567e-01 3.6358180320e-03 7.9637075335e-05
1.1192821090e-01 5.7702805886e-03 5.8914993618e-04
1.0010879549e-01 7.0876999448e-02 9.5207483294e-04
8.2004231711e-02 5.6812748003e-02 9.3187225866e-04
1.0448357587e-01 6.3997176165e-02 8.2546519358e-04
3.1038932987e-04 1.2821596302e-01 4.7578268374e-02
2.2680675223e-04 1.4498905217e-01 4.5100603563e-02
6.4725774340e-02 4.3368776533e-03 3.5883384377e-04
1.3407141766e-04 2.5786101321e-01 8.0927424885e-05
1.3407141766e-04 2.5786101321e-01 8.0927424885e-05
6.6404518827e-03 2.0669229577e-01 2.7106628113e-04
1.0709131292e-02 2.8944516632e-02 2.2560433596e-04
1.3015730850e-02 1.9451016327e-02 2.2370856883e-04
2.7211053142e-03 7.5913691893e-02 2.1774185916e-04
2.8608202653e-04 1.8417586759e-01 5.4758045735e-04
2.8729833430e-03 5.6121984497e-02 6.9922749632e-04
8.7337337997e-05 2.0764070501e-01 6.1282825482e-04
2.0366870255e-04 4.3166425079e-02 4.5927103323e-04
5.5895628369e-04 1.5993975724e-01 4.3681234092e-04
1.2012297157e-04 3.5709014287e-01 5.0187612942e-04
2.4478606914e-04 4.2478761077e-01 6.3123051465e-04
1.2055965150e-04 4.3857226769e-01 6.5944175003e-04
3.2147362799e-04 4.5984891305e-01 5.7313564321e-04
2.2520408675e-04 3.7060550104e-01 4.1589907414e-04
1.9545824577e-01 2.8279764205e-01 1.4479555830e-05
1.3767150603e-01 4.3686483055e-01 1.3673954246e-06
2.0225132008e-01 3.2135130217e-01 1.2287697925e-06
2.0309827228e-01 2.3690428709e-01 1.1829203880e-06
2.1770684545e-01 3.4551660717e-01 1.5612615736e-05
2.5981188814e-01 2.2108069931e-01 3.5078639788e-04
2.0156236614e-01 3.8665848474e-01 3.2140102485e-04
1.6681305692e-01 2.4175400659e-01 2.6763064246e-04
1.6681305692e-01 2.4175400659e-01 2.6763064246e-04
3.2473836342e-01 3.0165356398e-01 6.7597314774e-04
2.8785327698e-01 2.1273614963e-01 6.6117374323e-04
1.5492056062e-01 2.7220976104e-01 3.3148440828e-04
1.6591289515e-01 3.1561282774e-01 4.3984195266e-04
1.9545362641e-01 7.1013399832e-05 3.8312766386e-04
1.5891772260e-01 2.3336270916e-04 2.9271578569e-04
2.6207769786e-01 1.9910954715e-02 2.5780629524e-04
1.3386432889e-01 9.6898624673e-02 3.8984650746e-04
9.1754345844e-02 1.6567919900e-01 5.6579459973e-04
9.1205045581e-02 2.1875818385e-04 2.6514543435e-04
1.9616244485e-01 4.3784633915e-04 2.9334656263e-04
6.9123035918e-02 1.5983596495e-04 2.6680892635e-04
1.4016525696e-01 1.0437423252e-03 2.2064441184e-04
2.4630693830e-04 3.2840785881e-01 3.3483832643e-04
2.3670135852e-04 3.0447182804e-01 4.0184752046e-04
9.6888177097e-02 1.6527332366e-01 3.0072306132e-04
4.4336954064e-04 3.5606420785e-01 2.1646559435e-04
1.4280706396e-01 1.2941002784e-01 3.0503807454e-04
1.2932848434e-01 1.3581017591e-01 3.3092418622e-04
1.1617228140e-01 6.2047370089e-02 3.0993542653e-04
1.5582286939e-01 7.1637417190e-02 1.9600217411e-04
1.5582286939e-01 7.1637417190e-02 1.9600217411e-04
9.3055349464e-02 1.6104798764e-01 1.4713117859e-04
1.1795619813e-01 1.4159155947e-01 3.9422032205e-04
1.1795619813e-01 1.4159155947e-01 3.9422032205e-04
1.5851977592e-01 1.0594817127e-01 1.7925713413e-04
1.9117034329e-04 3.8181019574e-01 4.4070930623e-04
1.9044384923e-04 3.6736576756e-01 1.3501496990e-04
1.7241712703e-04 3.6725746592e-01 9.2298165631e-05
3.5837836670e-04 3.5027856876e-01 1.3188332074e-04
2.8779638160e-04 3.9902964483e-01 1.3905726276e-04
2.0462536688e-01 1.2800681281e-01 7.4287451146e-05
1.1559819741e-01 1.6997150828e-01 1.5901135005e-04
3.1926082075e-01 1.5722311164e-01 1.7797860831e-04
1.5508432686e-01 2.0063821847e-01 9.8990734841e-05
2.3587711652e-01 2.0859079063e-01 4.6227202013e-04
2.4865709990e-01 1.6598407303e-01 1.8892215576e-04
8.0706681426e-05 5.1902721077e-01 9.8944100197e-05
8.0708365203e-05 4.3659410874e-01 6.5679630400e-04
8.0708365203e-05 4.3659410874e-01 6.5679630400e-04
8.7308406971e-05 4.1501631836e-01 1.9358134826e-04
8.0708381574e-05 4.4537430753e-01 7.0953379812e-04
8.0708701717e-05 4.3701595813e-01 4.0445642420e-04
2.1302813912e-01 1.5742528501e-01 7.2583054619e-04
8.0703560040e-05 3.8618501524e-01 1.5574862528e-04
8.0702724517e-05 3.8432144870e-01 4.8979909479e-04
8.0702486230e-05 3.8839524488e-01 7.6503567592e-04
1.1183978245e-01 2.3840896413e-01 8.5043783959e-04
1.1183978245e-01 2.3840896413e-01 8.5043783959e-04
1.5031353420e-04 3.7265191972e-01 1.0993130824e-04
8.0406079069e-02 2.3011113331e-01 3.0477491115e-04
8.0692196207e-05 5.3803786635e-01 2.3978824417e-04
8.0690654916e-05 4.4428931922e-01 2.3609856847e-04
1.2130180312e-01 8.6867593229e-02 5.0725482348e-04
2.9654973745e-01 1.0000840326e-01 1.9422386382e-04
8.0679226812e-05 4.3352067719e-01 9.2051965476e-04
2.6386057213e-01 8.7274106219e-02 3.0669878227e-04
2.6386057213e-01 8.7274106219e-02 3.0669878227e-04
2.1675283089e-01 1.4691066680e-01 5.0564480625e-04
9.0210470681e-02 3.1101121761e-02 4.4599743220e-04
1.5344365314e-01 3.1860976635e-02 3.7025525853e-04
2.0630199338e-01 2.7430648450e-02 3.5284943563e-04
1.4946370696e-01 3.5598633811e-02 3.1156893237e-04
2.7282095576e-01 3.3684564910e-02 7.7395715440e-04
4.0075160066e-01 1.9845629732e-02 9.8136545663e-04
2.8294834991e-01 3.1010603843e-02 3.8945917792e-04
8.6424273128e-02 2.5122508562e-02 3.6511851249e-04
8.0646388597e-05 2.0733078445e-01 2.3900887451e-04
8.0679975023e-05 2.5220219418e-01 9.1848534551e-04
8.0675196538e-05 2.4567116797e-01 1.0637506445e-03
4.7507833534e-02 4.6130043454e-02 1.1851213300e-03
8.0677991112e-05 1.7466883858e-01 1.3393117503e-03
8.0639141743e-05 1.2476260650e-01 9.8039399988e-04
8.0692193175e-05 1.0210987739e-01 9.4545661705e-04
5.0606521933e-02 3.8973333935e-02 7.8313050957e-04
1.5604771860e-01 2.2312839360e-02 1.1131067222e-03
1.5604771860e-01 2.2312839360e-02 1.1131067222e-03
6.8952889706e-05 1.1345834937e-01 1.6770107613e-03
6.8933768489e-05 1.2693497601e-01 1.6399492354e-03
6.8898043537e-05 1.2830891274e-01 1.6003923374e-03
6.8900738067e-05 1.0911913092e-01 1.4541211034e-03
6.8908838633e-05 1.0346018088e-01 1.5705136369e-03
7.3683417213e-05 2.0222586393e-01 9.3413323824e-04
6.9760915721e-05 1.2833167116e-01 1.5749840920e-03
6.9307992211e-05 1.3794163739e-01 2.4871528459e-02
6.8908202593e-05 1.0785713978e-01 1.1558235157e-02
6.8942340173e-05 1.0723721112e-01 4.1981547140e-02
2.1451901955e-02 7.5944190845e-02 5.0317669908e-03
1.7596025765e-01 3.3582100024e-02 2.4003536479e-03
1.0264695187e-01 5.1123997817e-02 1.1592579773e-02
1.4669179916e-01 7.7782521335e-02 5.2710951228e-03
3.2385882456e-02 7.9985061350e-02 6.6194904114e-03
4.5962974429e-02 8.9747835572e-02 1.1082230524e-02
3.4454352222e-02 2.6579382829e-02 8.0875468751e-03
3.4958111122e-02 5.6754589857e-02 8.8182679222e-03
3.1896813307e-02 7.8676075054e-02 6.1657756257e-03
3.2024577726e-02 7.2346465352e-02 3.9070905962e-03
3.2642965515e-02 8.6876062676e-02 5.2417496530e-03
2.9141491745e-02 6.8857954815e-02 1.1093002744e-02
2.8646178233e-02 7.7726793786e-02 6.6085304910e-03
3.2418853759e-02 7.1309117600e-02 9.1290786707e-03
3.1616021879e-02 8.9547252283e-02 9.8822880536e-03
3.8332994717e-02 7.8275927342e-02 5.9794145248e-03
5.0684402619e-03 8.0745653249e-02 9.0889284232e-03
5.0684402619e-03 8.0745653249e-02 9.0889284232e-03
3.3923931109e-02 8.4248545269e-02 6.9939930690e-03
3.6871721347e-02 7.2213428405e-02 1.0853956686e-02
3.4084191856e-02 6.7139025778e-02 8.3336444804e-03
2.7165784501e-02 6.4643737860e-02 8.3616578486e-03
2.9925851927e-02 7.5827610989e-02 1.4310141948e-02
2.3497462894e-02 7.0966289379e-02 3.7792253618e-03
2.2689653482e-05 7.3298384435e-02 2.3839129620e-03
3.5852615256e-03 7.4013005011e-02 1.8575552482e-03
1.3292162990e-02 6.3842702657e-02 6.5558082812e-03
2.6228080387e-03 6.0565631526e-02 1.4170377438e-02
9.9200926100e-03 7.2372031709e-02 1.2655443900e-02
4.8587334963e-02 0.0000000000e+00 0.0000000000e+00
1.5648454661e-02 0.0000000000e+00 0.0000000000e+00
1.5575081731e-02 0.0000000000e+00 0.0000000000e+00
7.4094414401e-02 0.0000000000e+00 0.0000000000e+00
7.4094414401e-02 0.0000000000e+00 0.0000000000e+00
3.0215957978e-02 0.0000000000e+00 0.0000000000e+00
1.0164204178e-01 0.0000000000e+00 0.0000000000e+00
2.0908906745e-02 0.0000000000e+00 0.0000000000e+00
7.1474172175e-02 0.0000000000e+00 0.0000000000e+00
7.7002515706e-02 0.0000000000e+00 0.0000000000e+00
8.3209200762e-02 0.0000000000e+00 0.0000000000e+00
8.3209200762e-02 0.0000000000e+00 0.0000000000e+00
7.7898370102e-02 0.0000000000e+00 0.0000000000e+00
7.7898370102e-02 0.0000000000e+00 0.0000000000e+00
7.7898370102e-02 0.0000000000e+00 0.0000000000e+00
8.3647559397e-02 0.0000000000e+00 0.0000000000e+00
8.3785527075e-02 0.0000000000e+00 0.0000000000e+00
7.7170121794e-02 0.0000000000e+00 0.0000000000e+00
4.6063595762e-02 0.0000000000e+00 0.0000000000e+00
8.1137543893e-03 0.0000000000e+00 0.0000000000e+00
7.9680099540e-03 0.0000000000e+00 0.0000000000e+00
7.8372213757e-03 0.0000000000e+00 0.0000000000e+00
2.2866483778e-02 0.0000000000e+00 0.0000000000e+00
1.0227521571e-02 0.0000000000e+00 0.0000000000e+00
8.7109775244e-03 0.0000000000e+00 0.0000000000e+00
1.0972257742e-02 0.0000000000e+00 0.0000000000e+00
2.5795775466e-02 0.0000000000e+00 0.0000000000e+00
2.8419875540e-02 0.0000000000e+00 0.0000000000e+00
4.6182357085e-02 0.0000000000e+00 0.0000000000e+00
3.1461972898e-02 0.0000000000e+00 0.0000000000e+00
3.9435418478e-02 0.0000000000e+00 0.0000000000e+00
2.3763455295e-02 0.0000000000e+00 0.0000000000e+00
5.7745865857e-02 0.0000000000e+00 0.0000000000e+00
1.3872862421e-01 0.0000000000e+00 0.0000000000e+00
2.6118369307e-02 0.0000000000e+00 0.0000000000e+00
9.8216300209e-02 0.0000000000e+00 0.0000000000e+00
4.7858166819e-02 0.0000000000e+00 0.0000000000e+00
4.7858166819e-02 0.0000000000e+00 0.0000000000e+00
5.1618538797e-02 0.0000000000e+00 0.0000000000e+00
2.7456261838e-02 0.0000000000e+00 0.0000000000e+00
3.2413473198e-02 0.0000000000e+00 0.0000000000e+00
2.7678398881e-02 0.0000000000e+00 0.0000000000e+00
9.5505972082e-02 0.0000000000e+00 0.0000000000e+00
5.2019692957e-02 0.0000000000e+00 0.0000000000e+00
1.0662431332e-01 0.0000000000e+00 0.0000000000e+00
2.6906607207e-02 0.0000000000e+00 0.0000000000e+00
1.0285514345e-01 0.0000000000e+00 0.0000000000e+00
9.0245750422e-02 0.0000000000e+00 0.0000000000e+00
8.9957260837e-02 0.0000000000e+00 0.0000000000e+00
1.0638541356e-01 0.0000000000e+00 0.0000000000e+00
1.0665594973e-01 0.0000000000e+00 0.0000000000e+00
3.1396988779e-02 0.0000000000e+00 0.0000000000e+00
3.0167872086e-02 0.0000000000e+00 0.0000000000e+00
1.0253145297e-01 0.0000000000e+00 0.0000000000e+00
1.7708419325e-01 0.0000000000e+00 0.0000000000e+00
1.5430885181e-01 0.0000000000e+00 0.0000000000e+00
1.2133959122e-01 0.0000000000e+00 0.0000000000e+00
1.4638120433e-01 0.0000000000e+00 0.0000000000e+00
1.6824326975e-01 0.0000000000e+00 0.0000000000e+00
1.4071985272e-01 0.0000000000e+00 0.0000000000e+00
1.4975568342e-01 0.0000000000e+00 0.0000000000e+00
1.8481458599e-01 0.0000000000e+00 0.0000000000e+00
1.8481458599e-01 0.0000000000e+00 0.0000000000e+00
4.3929665660e-02 0.0000000000e+00 0.0000000000e+00
5.1831006072e-02 0.0000000000e+00 0.0000000000e+00
2.2925068780e-02 0.0000000000e+00 0.0000000000e+00
2.3733403999e-02 0.0000000000e+00 0.0000000000e+00
2.4510922066e-02 0.0000000000e+00 0.0000000000e+00
2.3548427969e-02 0.0000000000e+00 0.0000000000e+00
2.5201238847e-02 0.0000000000e+00 0.0000000000e+00
2.5395926243e-02 0.0000000000e+00 0.0000000000e+00
2.8074722737e-02 0.0000000000e+00 0.0000000000e+00
2.8719276966e-02 0.0000000000e+00 0.0000000000e+00
2.2020609584e-02 0.0000000000e+00 0.0000000000e+00
2.2064556368e-02 0.0000000000e+00 0.0000000000e+00
2.2029062112e-02 0.0000000000e+00 0.0000000000e+00
2.1563569394e-02 0.0000000000e+00 0.0000000000e+00
2.4499574831e-02 0.0000000000e+00 0.0000000000e+00
2.4262728635e-02 0.0000000000e+00 0.0000000000e+00
2.3971697316e-02 0.0000000000e+00 0.0000000000e+00
2.2078495783e-02 0.0000000000e+00 0.0000000000e+00
1.0573221293e-02 0.0000000000e+00 0.0000000000e+00
1.0573379695e-02 0.0000000000e+00 0.0000000000e+00
1.3473846329e-01 0.0000000000e+00 0.0000000000e+00
1.3743136078e-01 0.0000000000e+00 0.0000000000e+00
1.3630423633e-01 0.0000000000e+00 0.0000000000e+00
1.3731843792e-01 0.0000000000e+00 0.0000000000e+00
1.1866448882e-01 0.0000000000e+00 0.0000000000e+00
7.3862959010e-02 0.0000000000e+00 0.0000000000e+00
7.5304377514e-02 0.0000000000e+00 0.0000000000e+00
7.5286490843e-02 0.0000000000e+00 0.0000000000e+00
7.5286490843e-02 0.0000000000e+00 0.0000000000e+00
5.3211972428e-02 0.0000000000e+00 0.0000000000e+00
5.3211972428e-02 0.0000000000e+00 0.0000000000e+00
3.6497133474e-02 0.0000000000e+00 0.0000000000e+00
3.6268420673e-02 0.0000000000e+00 0.0000000000e+00
3.6268420673e-02 0.0000000000e+00 0.0000000000e+00
3.6268420673e-02 0.0000000000e+00 0.0000000000e+00
4.3788423451e-02 0.0000000000e+00 0.0000000000e+00
4.1440633126e-02 0.0000000000e+00 0.0000000000e+00
4.7122529708e-02 0.0000000000e+00 0.0000000000e+00
4.6246519002e-02 0.0000000000e+00 0.0000000000e+00
4.3401274520e-02 0.0000000000e+00 0.0000000000e+00
4.3258306570e-02 0.0000000000e+00 0.0000000000e+00
4.2608924210e-02 0.0000000000e+00 0.0000000000e+00
4.4636043720e-02 0.0000000000e+00 0.0000000000e+00
8.2193583250e-02 0.0000000000e+00 0.0000000000e+00
6.8621935944e-02 0.0000000000e+00 0.0000000000e+00
7.1119178707e-02 0.0000000000e+00 0.0000000000e+00
7.7009138341e-02 0.0000000000e+00 0.0000000000e+00
1.2588269326e-01 0.0000000000e+00 0.0000000000e+00
1.2267091622e-01 0.0000000000e+00 0.0000000000e+00
1.3813066731e-01 0.0000000000e+00 0.0000000000e+00
1.3162391136e-01 0.0000000000e+00 0.0000000000e+00
1.3388772433e-01 0.0000000000e+00 0.0000000000e+00
1.2583160587e-01 0.0000000000e+00 0.0000000000e+00
1.3216623043e-01 0.0000000000e+00 0.0000000000e+00
1.3814681644e-01 0.0000000000e+00 0.0000000000e+00
1.3095207823e-01 0.0000000000e+00 0.0000000000e+00
1.3935089856e-01 0.0000000000e+00 0.0000000000e+00
1.3983366638e-01 0.0000000000e+00 0.0000000000e+00
1.4700027493e-02 3.8504603629e-02 6.9097567350e-02
3.6311195853e-02 7.7527050550e-03 7.1072378506e-02
2.1133261267e-02 5.4235167336e-03 9.2354803036e-02
4.4943408587e-05 3.8134361870e-03 7.9232479756e-02
4.4950619364e-05 1.3256591900e-02 8.2418576504e-02
4.4940517910e-05 2.8864954133e-02 1.5182829772e-01
4.4940517910e-05 2.8864954133e-02 1.5182829772e-01
4.4947598629e-05 4.1973340791e-02 1.0635293213e-01
4.4949267249e-05 7.5009198529e-03 5.9783610205e-02
4.4942877139e-05 1.8841674303e-01 2.4047665764e-02
4.4939023610e-05 8.1266046191e-02 6.6005565537e-02
1.1150700351e-02 1.0659751172e-01 1.1831554895e-02
1.1150700351e-02 1.0659751172e-01 1.1831554895e-02
1.9258204770e-02 1.4888911818e-01 1.0727306207e-02
1.7353708196e-03 1.4067588126e-01 1.3330371818e-02
6.8452567017e-03 1.5711612875e-01 8.6981895535e-03
2.2991699128e-03 1.3843553886e-01 1.0682571214e-02
5.1819117119e-03 1.0545583256e-01 1.5935933528e-02
2.3663584822e-03 1.8267280484e-01 6.5172200557e-03
8.3685438925e-03 1.9254104793e-01 5.6187099932e-03
1.3119552828e-02 2.0717773090e-01 4.0721294742e-03
6.1716909986e-03 2.0438416799e-01 8.7222602451e-03
7.6949172265e-03 2.3946790894e-01 2.4750642381e-03
5.2355876736e-03 2.5538925827e-01 1.8260554158e-03
2.1575895914e-02 2.4016666288e-01 2.3441445373e-03
1.6291600031e-02 2.3300195485e-01 2.5905018265e-03
2.7226875381e-02 2.5137427946e-01 3.3282403019e-03
4.3956869592e-02 2.8787024071e-01 4.7730441244e-03
2.7304264251e-02 3.0034956584e-01 4.7807391384e-03
3.0371986485e-02 2.6991691440e-01 5.3044900318e-03
3.5874065012e-02 1.8725834290e-01 4.0340851507e-03
4.6053259323e-02 2.9483292749e-01 3.6537131430e-03
3.8458189811e-03 1.5942522697e-01 5.0297606067e-03
3.0354990469e-02 9.6762872611e-02 6.9154039569e-03
9.2484884275e-03 2.1646163613e-01 4.0491896507e-03
2.5293462134e-02 1.4216597875e-01 1.6500364252e-02
1.7184585527e-02 2.1862204497e-01 1.7976317671e-02
2.1014789663e-02 1.3191287157e-01 1.0560065159e-02
1.0697054444e-02 1.3089964973e-01 1.0109359670e-02
3.9407358505e-02 1.5518568084e-01 1.5562898150e-02
1.8029802479e-02 1.1704425948e-01 1.1761479138e-02
3.6360652186e-02 1.8939475094e-01 1.1272204225e-02
