4.4070299055e-07 1.2039706227e-02 7.1883682006e-03
2.3916963134e-04 1.1758958242e-02 1.2447949809e-01
5.1584035469e-02 1.2603317058e-02 2.0549837306e-03
1.2020356255e-02 1.0974108998e-02 6.4679747932e-04
1.5388824240e-02 1.4178102603e-02 6.2591010267e-05
2.1695785535e-02 1.6205716645e-02 3.6304761428e-04
4.2921193720e-02 1.2459774114e-02 1.3464838692e-05
2.3024818705e-02 1.2348975224e-04 2.5142821930e-04
2.3024818705e-02 1.2348975224e-04 2.5142821930e-04
3.4411151040e-02 5.3370440922e-03 3.1796408681e-04
2.8669120278e-02 9.4759339311e-03 5.6523799867e-04
5.3493658391e-02 1.4017135914e-02 2.6588583448e-04
1.6897109454e-02 7.1395863585e-03 3.0689253860e-04
2.6741442426e-02 2.0958094004e-02 4.9645887824e-04
0.0000000000e+00 1.9756965836e-01 1.4368223570e-02
3.4821676711e-02 1.3312070941e-02 2.5474618208e-04
2.5238904559e-02 1.2072991541e-02 3.9463313078e-04
2.7536248245e-02 1.8694089182e-02 3.5653430920e-04
3.4935583671e-02 1.1875585342e-02 1.3046617854e-04
1.2845295365e-02 1.2542477576e-02 3.1046096168e-04
2.8238193520e-02 2.6211686277e-02 3.4868808143e-04
8.7903728088e-02 1.4633100480e-02 4.0351797725e-04
7.5424154602e-05 1.9020698965e-01 1.3221413518e-02
2.7129966766e-02 3.4400843550e-02 3.5100409271e-04
1.8313797656e-02 9.1384981060e-03 2.6769083767e-04
2.6448787035e-02 1.3548184652e-02 3.2133737598e-04
6.0884971851e-03 7.3662050612e-03 3.1540104343e-04
5.3567203383e-02 1.2333347773e-02 3.2499678855e-04
1.1401122252e-02 7.3944529286e-03 2.7264955133e-04
4.2869875208e-02 5.9247898171e-03 3.0799099356e-04
7.5014207396e-03 1.0538243417e-02 3.2172860059e-04
7.1589266881e-02 1.1338008490e-02 3.5700523949e-04
4.0198234686e-02 6.7687569341e-03 3.4526308082e-04
5.9880858908e-02 7.2548690950e-03 3.1809267603e-04
7.5507537772e-02 5.5986711717e-03 3.1194302574e-04
4.9158234149e-02 6.6798733897e-03 3.6382756783e-04
6.1167808250e-02 6.9319915492e-03 3.5745824425e-04
6.1167808250e-02 6.9319915492e-03 3.5745824425e-04
3.4298259920e-02 6.1782148356e-03 3.5037930987e-04
2.8629581134e-02 8.3293904318e-03 3.4227697809e-04
1.6993363947e-01 1.0067651708e-02 3.8426107737e-04
5.8040052536e-03 1.0233411177e-02 3.3165464386e-04
5.5162880880e-02 7.2612815226e-03 3.4339984632e-04
1.4852172773e-02 7.6541303424e-03 3.7606134720e-04
1.0563544929e-01 6.4193114910e-03 3.2510255793e-04
7.7227182065e-02 7.2330390879e-03 1.3658636878e-04
5.8367350139e-02 6.1987664667e-03 3.9672823065e-04
2.1043260427e-02 1.2020204216e-02 3.4839873236e-04
3.0233467153e-02 5.1698557800e-03 2.6749678242e-04
2.2297464622e-02 1.3909603314e-02 3.5534680622e-04
4.5450643947e-02 5.3918945875e-03 3.4491797245e-04
6.8892999552e-03 7.9952414380e-03 3.3202247869e-04
6.8892999552e-03 7.9952414380e-03 3.3202247869e-04
7.7617433233e-02 7.7620781958e-03 3.2064209760e-04
1.6429417829e-01 8.9975525237e-03 4.5479740826e-04
3.4929546217e-02 1.2241127668e-02 3.6613451084e-04
1.4895142211e-02 1.7379268849e-02 3.2636406953e-04
5.7216813477e-02 7.5435879019e-03 3.3839845491e-04
1.5225064475e-02 1.0608069637e-02 3.6021417206e-04
8.7513346225e-03 6.2319445424e-03 3.3836481452e-04
1.4921895763e-04 7.1730718017e-02 1.1347850955e-07
1.1669157927e-02 1.2534140609e-02 3.0645448714e-04
1.1669157927e-02 1.2534140609e-02 3.0645448714e-04
3.5299222451e-02 2.6448477215e-02 5.0096631215e-04
1.0578689321e-02 5.0108705182e-03 3.4330402559e-04
2.5279065873e-04 6.1809574564e-02 1.4870728482e-03
1.5521858974e-02 1.8720539830e-02 5.1355205990e-04
1.5521858974e-02 1.8720539830e-02 5.1355205990e-04
2.7553326606e-02 6.7906724289e-03 3.8280762237e-04
9.5972312071e-03 6.1020431652e-03 3.0944871469e-04
3.2368070291e-02 6.6825562390e-03 2.9264329229e-04
1.0537297092e-01 1.6180792746e-02 4.3123531941e-04
1.2497959736e-02 2.1587835082e-02 3.6173249585e-04
7.2418069467e-02 3.1785742690e-02 1.7114891186e-04
1.3082959068e-02 1.9866126589e-02 3.2346053558e-04
1.1379694760e-02 9.2842524173e-03 2.6243138867e-04
4.3153030487e-02 1.5130451027e-02 1.5815499319e-04
5.6772187818e-03 2.8418852016e-02 5.1309065748e-04
9.1666733225e-02 5.2862282532e-02 3.0358664056e-04
4.9442324166e-02 1.5140780931e-01 1.1110931480e-02
3.2334938490e-02 1.8983974680e-01 3.0512258566e-02
2.4187119626e-05 2.6934230452e-01 1.2448517606e-01
3.4891514389e-06 2.6666789129e-01 1.2503627812e-01
4.8186888608e-02 1.7919999485e-01 2.1681391789e-02
1.5602857883e-02 2.2255388896e-01 2.9057637012e-02
1.8862856785e-02 2.5926415622e-01 3.6099681476e-02
1.6195867909e-02 1.9924673314e-01 1.7869761446e-02
8.8645657524e-02 2.3514446740e-01 2.1590905574e-02
0.0000000000e+00 3.2480964810e-01 1.4146201996e-01
1.9643758113e-02 3.5693162680e-01 4.6555925161e-02
3.2691146868e-02 3.5319888592e-01 4.2902227491e-02
2.3210115110e-02 3.9458821466e-01 3.0999136778e-02
2.0334919517e-05 5.1581656188e-01 1.7924060300e-01
2.2213747414e-02 6.4751614630e-01 2.4846482401e-02
2.2213747414e-02 6.4751614630e-01 2.4846482401e-02
3.6140017056e-02 8.3017043273e-01 3.4356922843e-02
5.1833841911e-03 2.1340010532e-02 1.7498506311e-02
0.0000000000e+00 2.1795626575e-02 5.4201340924e-02
1.2264542214e-03 1.9369182643e-02 2.0703463815e-02
1.2425619449e-04 1.9687022238e-02 2.0009530320e-02
6.4664881599e-03 2.0238247700e-02 5.6548958644e-02
2.0677766006e-03 1.9447348391e-02 1.2544056245e-02
2.3071851659e-03 1.9613792499e-02 2.3434668003e-02
8.1167560347e-04 1.9503744940e-02 4.2009733617e-02
1.2729315155e-03 2.0076965137e-02 3.9498539952e-02
1.2729315155e-03 2.0076965137e-02 3.9498539952e-02
4.4012613944e-03 2.2357184129e-02 2.0294547391e-02
1.5485499697e-07 2.0395856972e-02 1.2546301431e-02
0.0000000000e+00 1.7878569507e-02 1.8571047888e-02
2.7728079961e-05 2.0544781039e-02 2.7244495849e-02
2.4757434100e-05 1.9473000119e-02 5.4753105156e-02
4.0270901422e-06 1.9128570644e-02 2.4577045658e-02
4.0270901422e-06 1.9128570644e-02 2.4577045658e-02
4.2174693438e-06 1.8499551186e-02 3.3709822688e-02
0.0000000000e+00 1.7903877733e-02 2.0478365632e-02
0.0000000000e+00 1.7844650739e-02 6.6031621536e-03
0.0000000000e+00 5.4526752792e-02 5.0229240209e-02
0.0000000000e+00 1.8129251276e-02 3.9453391316e-03
6.8250418887e-07 1.7964796163e-02 6.6649550572e-03
4.3434537057e-06 1.7953481680e-02 2.1798388179e-02
0.0000000000e+00 1.7902354555e-02 7.5514991768e-03
9.8910583290e-05 1.8267318141e-02 1.2753618183e-02
9.5979277148e-07 2.5288091662e-02 1.7448706164e-02
0.0000000000e+00 2.5232491239e-02 1.2901781942e-02
0.0000000000e+00 1.7923687895e-02 1.0924983304e-02
0.0000000000e+00 1.7980029341e-02 1.4897435748e-02
0.0000000000e+00 2.6385929435e-02 2.7913424652e-02
8.8294227301e-06 2.6533430753e-02 5.1322297504e-02
1.4536305116e-05 2.6211619843e-02 1.3378848089e-02
0.0000000000e+00 2.6157385049e-02 2.1219505152e-02
0.0000000000e+00 2.6302038226e-02 2.4665880793e-02
6.3823336234e-06 2.6875516400e-02 5.7985994654e-02
4.7171468320e-06 1.6759856914e-02 1.4868070216e-02
4.7171468320e-06 1.6759856914e-02 1.4868070216e-02
0.0000000000e+00 1.6618813621e-02 4.6987428602e-03
0.0000000000e+00 1.2892364602e-02 3.1055221043e-03
9.5820376108e-07 1.3210958879e-02 3.7677573971e-02
6.1242918340e-06 1.3211987292e-02 3.6159158529e-02
3.3960434583e-07 1.3608154608e-02 6.8377455386e-02
0.0000000000e+00 1.3521871840e-02 6.3237382720e-02
0.0000000000e+00 1.3575970894e-02 4.7369380482e-02
0.0000000000e+00 1.3575970894e-02 4.7369380482e-02
1.3263275112e-06 1.3552476885e-02 5.3122610164e-02
4.3625206843e-06 1.3348154180e-02 4.0291220105e-02
0.0000000000e+00 1.3534352882e-02 6.8380114312e-02
3.0527559147e-08 1.2000539883e-02 3.9539879188e-02
1.8619657756e-07 1.2033259651e-02 3.9450935864e-02
0.0000000000e+00 1.2135800052e-02 6.6085958232e-02
0.0000000000e+00 1.2140146146e-02 6.5663270963e-02
7.2236943538e-06 2.1391663390e-02 7.5184408265e-02
7.2236950454e-06 2.1720930468e-02 7.3988202338e-02
7.3148576310e-06 2.1661935064e-02 6.8264812231e-02
0.0000000000e+00 0.0000000000e+00 0.0000000000e+00
1.5056038971e-05 0.0000000000e+00 0.0000000000e+00
1.4874698650e-05 0.0000000000e+00 0.0000000000e+00
2.0273729910e-01 0.0000000000e+00 0.0000000000e+00
1.4551020662e-01 0.0000000000e+00 0.0000000000e+00
1.8211737772e-01 0.0000000000e+00 0.0000000000e+00
0.0000000000e+00 0.0000000000e+00 0.0000000000e+00
0.0000000000e+00 0.0000000000e+00 0.0000000000e+00
0.0000000000e+00 0.0000000000e+00 0.0000000000e+00
0.0000000000e+00 0.0000000000e+00 0.0000000000e+00
0.0000000000e+00 0.0000000000e+00 0.0000000000e+00
5.2858778896e-02 0.0000000000e+00 0.0000000000e+00
5.5035560081e-02 0.0000000000e+00 0.0000000000e+00
5.5035560081e-02 0.0000000000e+00 0.0000000000e+00
6.0693257488e-02 0.0000000000e+00 0.0000000000e+00
2.1954161891e-02 0.0000000000e+00 0.0000000000e+00
8.7873637676e-02 0.0000000000e+00 0.0000000000e+00
3.1716530522e-02 0.0000000000e+00 0.0000000000e+00
3.1716530522e-02 0.0000000000e+00 0.0000000000e+00
1.9480999559e-02 0.0000000000e+00 0.0000000000e+00
1.9480999559e-02 0.0000000000e+00 0.0000000000e+00
7.9054542196e-03 0.0000000000e+00 0.0000000000e+00
2.3549638689e-02 0.0000000000e+00 0.0000000000e+00
6.3225508978e-02 0.0000000000e+00 0.0000000000e+00
3.4982927764e-02 0.0000000000e+00 0.0000000000e+00
3.4982927764e-02 0.0000000000e+00 0.0000000000e+00
3.4982927764e-02 0.0000000000e+00 0.0000000000e+00
5.0705386947e-02 0.0000000000e+00 0.0000000000e+00
8.4167409067e-02 0.0000000000e+00 0.0000000000e+00
1.2915992488e-01 0.0000000000e+00 0.0000000000e+00
1.3109927935e-01 0.0000000000e+00 0.0000000000e+00
2.1208805032e-02 0.0000000000e+00 0.0000000000e+00
5.8375819586e-02 0.0000000000e+00 0.0000000000e+00
5.8375819586e-02 0.0000000000e+00 0.0000000000e+00
5.5489886242e-02 0.0000000000e+00 0.0000000000e+00
5.8174089839e-02 0.0000000000e+00 0.0000000000e+00
1.5570847550e-02 0.0000000000e+00 0.0000000000e+00
1.5576325357e-02 0.0000000000e+00 0.0000000000e+00
6.5938185590e-02 0.0000000000e+00 0.0000000000e+00
1.5553653318e-02 0.0000000000e+00 0.0000000000e+00
1.5553653318e-02 0.0000000000e+00 0.0000000000e+00
6.7770501599e-02 0.0000000000e+00 0.0000000000e+00
6.7770501599e-02 0.0000000000e+00 0.0000000000e+00
8.5825512807e-02 0.0000000000e+00 0.0000000000e+00
8.5825512807e-02 0.0000000000e+00 0.0000000000e+00
8.5771075760e-02 0.0000000000e+00 0.0000000000e+00
8.4466993188e-02 0.0000000000e+00 0.0000000000e+00
1.6383621717e-01 0.0000000000e+00 0.0000000000e+00
1.6379136344e-01 0.0000000000e+00 0.0000000000e+00
1.6539255405e-01 0.0000000000e+00 0.0000000000e+00
2.8750655241e-02 0.0000000000e+00 0.0000000000e+00
1.5386936114e-03 0.0000000000e+00 0.0000000000e+00
2.9455393708e-02 0.0000000000e+00 0.0000000000e+00
1.0463208767e-01 0.0000000000e+00 0.0000000000e+00
1.0463208767e-01 0.0000000000e+00 0.0000000000e+00
1.1492695411e-01 0.0000000000e+00 0.0000000000e+00
1.1492695411e-01 0.0000000000e+00 0.0000000000e+00
9.3105786170e-02 0.0000000000e+00 0.0000000000e+00
9.3017286311e-02 0.0000000000e+00 0.0000000000e+00
9.2750605196e-02 0.0000000000e+00 0.0000000000e+00
9.3089529624e-02 0.0000000000e+00 0.0000000000e+00
9.0440838908e-02 0.0000000000e+00 0.0000000000e+00
9.0458722785e-02 0.0000000000e+00 0.0000000000e+00
9.0452572331e-02 0.0000000000e+00 0.0000000000e+00
9.0400092304e-02 0.0000000000e+00 0.0000000000e+00
9.0561903392e-02 0.0000000000e+00 0.0000000000e+00
1.0615059920e-01 0.0000000000e+00 0.0000000000e+00
9.4440496837e-02 0.0000000000e+00 0.0000000000e+00
9.0915368870e-02 0.0000000000e+00 0.0000000000e+00
9.1271787882e-02 0.0000000000e+00 0.0000000000e+00
9.0939673906e-02 0.0000000000e+00 0.0000000000e+00
1.0112223277e-01 0.0000000000e+00 0.0000000000e+00
9.9121970435e-02 0.0000000000e+00 0.0000000000e+00
1.0144910837e-01 0.0000000000e+00 0.0000000000e+00
1.0144910837e-01 0.0000000000e+00 0.0000000000e+00
1.0144910837e-01 0.0000000000e+00 0.0000000000e+00
1.8438708534e-01 0.0000000000e+00 0.0000000000e+00
1.8439935024e-01 0.0000000000e+00 0.0000000000e+00
4.7181471437e-01 0.0000000000e+00 0.0000000000e+00
4.7196651995e-01 0.0000000000e+00 0.0000000000e+00
1.0237831622e+00 0.0000000000e+00 0.0000000000e+00
1.0237831622e+00 0.0000000000e+00 0.0000000000e+00
8.7370071312e-01 0.0000000000e+00 0.0000000000e+00
8.7370071312e-01 0.0000000000e+00 0.0000000000e+00
8.7370071312e-01 0.0000000000e+00 0.0000000000e+00
1.0291339556e+00 0.0000000000e+00 0.0000000000e+00
1.2838802238e+00 0.0000000000e+00 0.0000000000e+00
1.2376013100e+00 0.0000000000e+00 0.0000000000e+00
1.2381561001e+00 0.0000000000e+00 0.0000000000e+00
1.2311982612e+00 0.0000000000e+00 0.0000000000e+00
1.2480421166e+00 0.0000000000e+00 0.0000000000e+00
1.2024907271e+00 0.0000000000e+00 0.0000000000e+00
1.2024907271e+00 0.0000000000e+00 0.0000000000e+00
1.2099641462e+00 0.0000000000e+00 0.0000000000e+00
1.2192439636e+00 0.0000000000e+00 0.0000000000e+00
1.3604495327e+00 0.0000000000e+00 0.0000000000e+00
1.3307529489e+00 0.0000000000e+00 0.0000000000e+00
1.3105876942e+00 0.0000000000e+00 0.0000000000e+00
1.3105876942e+00 0.0000000000e+00 0.0000000000e+00
1.3514345785e+00 0.0000000000e+00 0.0000000000e+00
1.3514345785e+00 0.0000000000e+00 0.0000000000e+00
1.3550471365e+00 0.0000000000e+00 0.0000000000e+00
1.3453251521e+00 0.0000000000e+00 0.0000000000e+00
1.3031153580e+00 0.0000000000e+00 0.0000000000e+00
1.2522388299e+00 0.0000000000e+00 0.0000000000e+00
9.3011476099e-01 0.0000000000e+00 0.0000000000e+00
1.1719539662e+00 0.0000000000e+00 0.0000000000e+00
9.3501596153e-01 0.0000000000e+00 0.0000000000e+00
6.3528080285e-01 0.0000000000e+00 0.0000000000e+00
6.3528080285e-01 0.0000000000e+00 0.0000000000e+00
6.3634060820e-01 0.0000000000e+00 0.0000000000e+00
6.3759399951e-01 0.0000000000e+00 0.0000000000e+00
6.0431396961e-01 0.0000000000e+00 0.0000000000e+00
6.0431396961e-01 0.0000000000e+00 0.0000000000e+00
6.2894762059e-01 0.0000000000e+00 0.0000000000e+00
6.1815569301e-01 0.0000000000e+00 0.0000000000e+00
6.2520446877e-01 0.0000000000e+00 0.0000000000e+00
6.1672101418e-01 0.0000000000e+00 0.0000000000e+00
6.2220910192e-01 0.0000000000e+00 0.0000000000e+00
1.0099591613e+00 0.0000000000e+00 0.0000000000e+00
1.0125088791e+00 0.0000000000e+00 0.0000000000e+00
1.0617588659e+00 0.0000000000e+00 0.0000000000e+00
5.8099892735e-01 0.0000000000e+00 0.0000000000e+00
1.3319694561e-01 0.0000000000e+00 0.0000000000e+00
1.3368438929e-01 0.0000000000e+00 0.0000000000e+00
1.3567130081e-01 0.0000000000e+00 0.0000000000e+00
1.0854500035e-01 0.0000000000e+00 0.0000000000e+00
1.0854500035e-01 0.0000000000e+00 0.0000000000e+00
1.0854500035e-01 0.0000000000e+00 0.0000000000e+00
1.5858228380e-01 0.0000000000e+00 0.0000000000e+00
1.5858232106e-01 0.0000000000e+00 0.0000000000e+00
1.9365143900e-01 0.0000000000e+00 0.0000000000e+00
1.9365143900e-01 0.0000000000e+00 0.0000000000e+00
1.9382673254e-01 0.0000000000e+00 0.0000000000e+00
1.9395196686e-01 0.0000000000e+00 0.0000000000e+00
1.9475031892e-01 0.0000000000e+00 0.0000000000e+00
1.9518934314e-01 0.0000000000e+00 0.0000000000e+00
1.5729767581e-01 0.0000000000e+00 0.0000000000e+00
1.5726919472e-01 0.0000000000e+00 0.0000000000e+00
1.9552730396e-01 0.0000000000e+00 0.0000000000e+00
1.3922129634e-01 0.0000000000e+00 0.0000000000e+00
1.3941796869e-01 0.0000000000e+00 0.0000000000e+00
2.5581815963e-01 0.0000000000e+00 0.0000000000e+00
2.5581815963e-01 0.0000000000e+00 0.0000000000e+00
2.9589585091e-01 0.0000000000e+00 0.0000000000e+00
2.5617345174e-01 0.0000000000e+00 0.0000000000e+00
2.9613183687e-01 0.0000000000e+00 0.0000000000e+00
5.0252135533e-02 1.4315095606e-01 3.4778784961e-02
7.1263113370e-02 1.3795923628e-01 2.6258210652e-02
2.8432237357e-01 4.5626168760e-02 3.0834563387e-02
5.7477853571e-02 1.8707871065e-01 3.9274329320e-02
3.0717110727e-02 2.1743589640e-01 3.4401701453e-02
2.0449452568e-02 1.9880953183e-01 4.5307459931e-02
2.2847117856e-02 1.6865725163e-02 2.8870840246e-02
6.1346107783e-02 1.4925513649e-02 1.7831588474e-02
6.4032645896e-02 1.3798750859e-02 1.8143652938e-02
9.4414847748e-03 2.0016801854e-01 1.6024485463e-02
2.7048695367e-02 1.1444927876e-01 2.9141785111e-02
4.1664526487e-02 4.8182591175e-02 2.3672360151e-02
5.7415787131e-02 1.6471780837e-02 3.2533613654e-02
5.0834977999e-02 3.4982360744e-02 2.3434760515e-02
3.5470033996e-02 7.7849619711e-02 2.5434028823e-02
1.6602651278e-01 1.0631263008e-01 2.1479014307e-02
2.3797651442e-02 1.3894639676e-02 3.9188475348e-02
7.3454332228e-02 6.1815377014e-02 2.6868734819e-02
5.8831331631e-02 5.8440732770e-02 2.2633460816e-02
8.7181779866e-02 2.8297871848e-01 2.7162037324e-02
4.9337441723e-02 2.4321341266e-01 3.8327579697e-02
4.9337441723e-02 2.4321341266e-01 3.8327579697e-02
5.5604062664e-02 5.0262113661e-01 2.1629603269e-02
2.3695377012e-02 1.6505460317e-01 3.6263422420e-02
5.6025053374e-02 3.0080279460e-01 3.0432284810e-02
6.2409489850e-01 4.9371832609e-01 9.6986852586e-03
4.9815037350e-01 5.1103026420e-01 1.1783273037e-02
0.0000000000e+00 0.0000000000e+00 0.0000000000e+00
0.0000000000e+00 0.0000000000e+00 0.0000000000e+00
0.0000000000e+00 0.0000000000e+00 0.0000000000e+00
0.0000000000e+00 0.0000000000e+00 0.0000000000e+00
0.0000000000e+00 0.0000000000e+00 0.0000000000e+00
0.0000000000e+00 0.0000000000e+00 0.0000000000e+00
0.0000000000e+00 0.0000000000e+00 0.0000000000e+00
0.0000000000e+00 0.0000000000e+00 0.0000000000e+00
0.0000000000e+00 0.0000000000e+00 0.0000000000e+00
3.3345793175e-05 0.0000000000e+00 0.0000000000e+00
0.0000000000e+00 0.0000000000e+00 0.0000000000e+00
0.0000000000e+00 0.0000000000e+00 0.0000000000e+00
0.0000000000e+00 0.0000000000e+00 0.0000000000e+00
0.0000000000e+00 0.0000000000e+00 0.0000000000e+00
0.0000000000e+00 0.0000000000e+00 0.0000000000e+00
0.0000000000e+00 0.0000000000e+00 0.0000000000e+00
1.4701968117e-07 0.0000000000e+00 0.0000000000e+00
1.4701968117e-07 0.0000000000e+00 0.0000000000e+00
2.9403220954e-07 0.0000000000e+00 0.0000000000e+00
2.9403220954e-07 0.0000000000e+00 0.0000000000e+00
0.0000000000e+00 0.0000000000e+00 0.0000000000e+00
0.0000000000e+00 0.0000000000e+00 0.0000000000e+00
0.0000000000e+00 0.0000000000e+00 0.0000000000e+00
3.7507104101e-06 0.0000000000e+00 0.0000000000e+00
0.0000000000e+00 0.0000000000e+00 0.0000000000e+00
0.0000000000e+00 0.0000000000e+00 0.0000000000e+00
9.6811738028e-06 0.0000000000e+00 0.0000000000e+00
2.7694473298e-05 0.0000000000e+00 0.0000000000e+00
2.7694473298e-05 0.0000000000e+00 0.0000000000e+00
2.7694473298e-05 0.0000000000e+00 0.0000000000e+00
2.3641441809e-05 0.0000000000e+00 0.0000000000e+00
2.3725906203e-05 0.0000000000e+00 0.0000000000e+00
0.0000000000e+00 0.0000000000e+00 0.0000000000e+00
0.0000000000e+00 0.0000000000e+00 0.0000000000e+00
0.0000000000e+00 0.0000000000e+00 0.0000000000e+00
0.0000000000e+00 0.0000000000e+00 0.0000000000e+00
0.0000000000e+00 0.0000000000e+00 0.0000000000e+00
4.0277465208e-05 0.0000000000e+00 0.0000000000e+00
0.0000000000e+00 0.0000000000e+00 0.0000000000e+00
0.0000000000e+00 0.0000000000e+00 0.0000000000e+00
1.9300860291e-01 0.0000000000e+00 0.0000000000e+00
1.0805535192e-01 0.0000000000e+00 0.0000000000e+00
1.3507794587e-07 0.0000000000e+00 0.0000000000e+00
9.9210008358e-02 0.0000000000e+00 0.0000000000e+00
7.6359727109e-02 0.0000000000e+00 0.0000000000e+00
0.0000000000e+00 0.0000000000e+00 0.0000000000e+00
3.0613563240e-07 0.0000000000e+00 0.0000000000e+00
1.2617369308e-05 0.0000000000e+00 0.0000000000e+00
1.7515118420e-01 0.0000000000e+00 0.0000000000e+00
2.0607009901e-05 0.0000000000e+00 0.0000000000e+00
2.0607009901e-05 0.0000000000e+00 0.0000000000e+00
9.5826701302e-05 0.0000000000e+00 0.0000000000e+00
1.5463271817e-05 0.0000000000e+00 0.0000000000e+00
1.5463271817e-05 0.0000000000e+00 0.0000000000e+00
7.4158878997e-02 0.0000000000e+00 0.0000000000e+00
1.1372781855e-01 0.0000000000e+00 0.0000000000e+00
0.0000000000e+00 0.0000000000e+00 0.0000000000e+00
0.0000000000e+00 0.0000000000e+00 0.0000000000e+00
0.0000000000e+00 0.0000000000e+00 0.0000000000e+00
0.0000000000e+00 0.0000000000e+00 0.0000000000e+00
0.0000000000e+00 0.0000000000e+00 0.0000000000e+00
0.0000000000e+00 0.0000000000e+00 0.0000000000e+00
0.0000000000e+00 0.0000000000e+00 0.0000000000e+00
0.0000000000e+00 0.0000000000e+00 0.0000000000e+00
0.0000000000e+00 0.0000000000e+00 0.0000000000e+00
0.0000000000e+00 0.0000000000e+00 0.0000000000e+00
1.5069862760e-04 0.0000000000e+00 0.0000000000e+00
4.5077040437e-03 0.0000000000e+00 0.0000000000e+00
1.0350319184e-01 0.0000000000e+00 0.0000000000e+00
1.3181580603e+00 0.0000000000e+00 0.0000000000e+00
1.3181580603e+00 0.0000000000e+00 0.0000000000e+00
2.3930077131e-02 0.0000000000e+00 0.0000000000e+00
1.0376656125e-04 0.0000000000e+00 0.0000000000e+00
1.0376656125e-04 0.0000000000e+00 0.0000000000e+00
1.0720289052e+00 0.0000000000e+00 0.0000000000e+00
7.3324048022e-01 0.0000000000e+00 0.0000000000e+00
1.1481087192e-04 0.0000000000e+00 0.0000000000e+00
6.9726017118e-01 0.0000000000e+00 0.0000000000e+00
1.0801782870e-04 1.9162050371e-02 3.8913779814e-03
2.0045330105e-04 2.6910676776e-02 3.3878822966e-03
3.2856086909e-04 1.0687915065e-02 6.2793369095e-03
3.5052022431e-02 1.5401139143e-03 3.9768379453e-03
1.1079358247e-01 4.3897334486e-02 1.6293573087e-03
1.4728490569e-03 1.8188712575e-02 4.0576310363e-02
1.4728490569e-03 1.8188712575e-02 4.0576310363e-02
3.3741684320e-02 2.0561906820e-02 3.6024888201e-03
1.2961355969e-01 5.9445076001e-02 1.1419837053e-02
1.7852244278e-01 0.0000000000e+00 7.7302130560e-02
1.5771669894e-01 1.4291050844e-02 2.2459017734e-03
7.8402974699e-05 4.0660595211e-02 1.2717015707e-03
7.2035880138e-02 0.0000000000e+00 5.9875253355e-03
1.7847401656e-05 4.5870824096e-02 1.8120574435e-03
1.9731220827e-05 5.0188047811e-02 1.8046186209e-03
7.9953089880e-05 4.7347782335e-02 2.6300659714e-03
7.9953089880e-05 4.7347782335e-02 2.6300659714e-03
1.0757775635e-04 1.4084071542e-02 5.8288812637e-02
3.5909398472e-05 4.6574819833e-02 5.5533901788e-02
1.9033339944e-05 1.2697417988e-02 5.1546375578e-02
1.2028355559e-04 3.7298813307e-02 5.5100557705e-02
4.6181830082e-05 3.4156426322e-02 5.6281413883e-02
5.5667188159e-05 1.2702236262e-02 5.1580687364e-02
7.9340707998e-05 1.7480241057e-02 4.8063508235e-02
5.7332056410e-05 1.9027350393e-02 5.1784184761e-02
1.0225166140e-04 3.5770456307e-02 6.0953527379e-02
9.8749400953e-08 3.0149341406e-02 4.5963405321e-02
0.0000000000e+00 4.3777528840e-02 1.4440626158e-03
0.0000000000e+00 3.2610171785e-02 1.4068965878e-03
0.0000000000e+00 3.3941817315e-02 1.5540521320e-03
2.0078898425e-07 1.3875488386e-02 5.0101974358e-02
2.0078898425e-07 1.3875488386e-02 5.0101974358e-02
2.0078898425e-07 1.3875488386e-02 5.0101974358e-02
0.0000000000e+00 1.9431051876e-02 1.7387711753e-02
0.0000000000e+00 4.0899415966e-02 2.0893287146e-02
6.8331353305e-06 4.9739567873e-02 8.1896400700e-02
1.7706425401e-05 1.7532947939e-02 2.5042448814e-02
1.6406790110e-05 2.3829816142e-02 3.5314560402e-02
1.7705168138e-05 4.0221997381e-02 4.8648238803e-02
1.5704299623e-05 3.8007459758e-02 2.4895159062e-02
1.6708205597e-05 3.1506927839e-02 2.5457931372e-02
1.6708205597e-05 3.1506927839e-02 2.5457931372e-02
2.1583622309e-05 4.2448570486e-02 2.5251902407e-02
3.3073127952e-05 2.7955603320e-02 6.5859676494e-03
2.0704390143e-05 4.1336931133e-02 1.2790020749e-02
1.8909259021e-05 4.2970608454e-02 2.7195555313e-02
2.2761874277e-05 3.4426200514e-02 3.6329898207e-02
3.2977369453e-05 3.8604517002e-02 4.6333262386e-02
9.8568118119e-05 4.3755278767e-02 4.2905335935e-02
7.4309082265e-05 5.0706448654e-02 1.4015847817e-02
1.1101265438e-02 4.1632443822e-02 1.5832794753e-02
1.0684976587e-02 4.7344731012e-02 3.1393162285e-02
9.6988622099e-02 4.5350353854e-02 8.7057928710e-03
1.1697076013e-01 4.7494725945e-02 9.5359526264e-03
6.8671612379e-02 4.2139283226e-02 2.3916201821e-02
6.5247106055e-02 4.7410947581e-02 2.2705846777e-02
6.5247106055e-02 4.7410947581e-02 2.2705846777e-02
6.1147566885e-02 4.9498622306e-02 3.2476553849e-02
9.5480754351e-02 4.6954680700e-02 1.5894515440e-02
2.8611083515e-02 4.7318780950e-02 3.6299230376e-02
1.5809338788e-01 4.3214660759e-02 2.3864778380e-02
4.1759156001e-02 4.9071804620e-02 9.5329642296e-02
6.3750599511e-02 4.9514464103e-02 1.6146155540e-02
9.6850499200e-03 4.4677493318e-02 1.8642561583e-03
9.6850499200e-03 4.4677493318e-02 1.8642561583e-03
4.5722693515e-02 3.9633736014e-02 3.4075700678e-02
3.4273078510e-02 3.8962153563e-02 2.3911787197e-02
1.1287246287e-02 2.5797427321e-02 1.4870540006e-02
1.8795724512e-03 2.7882365199e-02 1.2203107617e-03
5.5129939380e-02 2.6864863466e-02 1.4608982330e-02
1.8190213110e-03 3.1174204002e-02 1.2130112062e-04
1.3545551648e-01 5.3873888838e-02 1.0422364684e-01
9.7125446579e-03 2.8523529104e-02 0.0000000000e+00
1.0151550329e-02 2.7088278128e-02 1.0938306332e-05
1.0275275058e-02 2.8806526680e-02 1.7161504366e-02
1.1149714313e-02 2.6511412580e-02 8.2452756981e-03
9.7619781736e-03 2.8950586915e-02 5.5315681190e-03
9.9807882992e-03 2.6893570554e-02 0.0000000000e+00
9.8081309504e-03 2.8793214199e-02 8.2877639231e-03
9.8601090722e-03 2.8369999956e-02 5.5263194487e-03
9.7100523611e-03 3.6474718091e-02 7.4162613358e-03
9.6219170373e-03 3.7876214677e-02 4.8180632160e-03
4.3009954505e-02 2.5571466268e-02 5.4018489512e-03
9.7524274606e-03 5.2410627094e-02 1.5955451100e-02
1.1374981608e-02 5.0557905808e-02 1.4407152232e-02
5.3823452753e-02 0.0000000000e+00 0.0000000000e+00
7.9984291767e-02 0.0000000000e+00 0.0000000000e+00
6.7143742926e-02 0.0000000000e+00 0.0000000000e+00
2.3752417105e-02 0.0000000000e+00 0.0000000000e+00
2.3615479314e-02 0.0000000000e+00 0.0000000000e+00
8.4826034804e-02 0.0000000000e+00 0.0000000000e+00
3.1089844803e-02 0.0000000000e+00 0.0000000000e+00
2.0493571181e-02 0.0000000000e+00 0.0000000000e+00
1.7169848333e-01 0.0000000000e+00 0.0000000000e+00
1.7631919806e-01 0.0000000000e+00 0.0000000000e+00
1.7631919806e-01 0.0000000000e+00 0.0000000000e+00
3.6301456547e-02 0.0000000000e+00 0.0000000000e+00
3.3774710377e-07 0.0000000000e+00 0.0000000000e+00
3.2425389781e-09 0.0000000000e+00 0.0000000000e+00
1.2949097591e-02 0.0000000000e+00 0.0000000000e+00
0.0000000000e+00 0.0000000000e+00 0.0000000000e+00
2.6824369286e-06 0.0000000000e+00 0.0000000000e+00
2.6824369286e-06 0.0000000000e+00 0.0000000000e+00
1.3936046278e-02 0.0000000000e+00 0.0000000000e+00
1.1801259095e-01 0.0000000000e+00 0.0000000000e+00
3.9838748674e-01 0.0000000000e+00 0.0000000000e+00
2.0814738795e-01 0.0000000000e+00 0.0000000000e+00
1.1653752066e-01 0.0000000000e+00 0.0000000000e+00
1.4956685652e-01 0.0000000000e+00 0.0000000000e+00
1.2775683030e-01 0.0000000000e+00 0.0000000000e+00
1.2003476980e-01 0.0000000000e+00 0.0000000000e+00
1.2626422383e-01 0.0000000000e+00 0.0000000000e+00
1.6482590946e-01 0.0000000000e+00 0.0000000000e+00
4.7664182633e-01 0.0000000000e+00 0.0000000000e+00
1.2471791282e-04 0.0000000000e+00 0.0000000000e+00
1.8260507592e-03 0.0000000000e+00 0.0000000000e+00
3.6864928404e-01 0.0000000000e+00 0.0000000000e+00
2.4973882238e-01 0.0000000000e+00 0.0000000000e+00
1.8987759824e-01 0.0000000000e+00 0.0000000000e+00
1.9099242861e-01 0.0000000000e+00 0.0000000000e+00
2.6334823420e-01 0.0000000000e+00 0.0000000000e+00
1.4901590596e-01 0.0000000000e+00 0.0000000000e+00
1.8643382316e-01 0.0000000000e+00 0.0000000000e+00
1.8643382316e-01 0.0000000000e+00 0.0000000000e+00
1.6381961852e-01 0.0000000000e+00 0.0000000000e+00
1.5218262747e-01 0.0000000000e+00 0.0000000000e+00
1.9440620393e-01 0.0000000000e+00 0.0000000000e+00
1.6275973556e-01 0.0000000000e+00 0.0000000000e+00
1.6275973556e-01 0.0000000000e+00 0.0000000000e+00
2.8539012372e-01 0.0000000000e+00 0.0000000000e+00
1.9378461192e-01 0.0000000000e+00 0.0000000000e+00
1.4067177288e-01 0.0000000000e+00 0.0000000000e+00
3.8675917685e-01 0.0000000000e+00 0.0000000000e+00
4.0826203922e-01 0.0000000000e+00 0.0000000000e+00
3.9273832242e-01 0.0000000000e+00 0.0000000000e+00
3.9273832242e-01 0.0000000000e+00 0.0000000000e+00
6.9039607545e-01 0.0000000000e+00 0.0000000000e+00
6.9404803713e-01 0.0000000000e+00 0.0000000000e+00
8.1468082468e-01 0.0000000000e+00 0.0000000000e+00
6.4407902459e-01 0.0000000000e+00 0.0000000000e+00
7.0096816619e-01 0.0000000000e+00 0.0000000000e+00
7.4794618289e-01 0.0000000000e+00 0.0000000000e+00
7.0441403985e-01 0.0000000000e+00 0.0000000000e+00
7.0680815975e-01 0.0000000000e+00 0.0000000000e+00
2.1084637046e+00 0.0000000000e+00 0.0000000000e+00
2.3239514828e+00 0.0000000000e+00 0.0000000000e+00
1.8676562607e+00 0.0000000000e+00 0.0000000000e+00
1.8736548324e+00 0.0000000000e+00 0.0000000000e+00
2.6045473417e+00 0.0000000000e+00 0.0000000000e+00
2.6320363084e+00 0.0000000000e+00 0.0000000000e+00
2.6323900024e+00 0.0000000000e+00 0.0000000000e+00
8.7690406541e-01 0.0000000000e+00 0.0000000000e+00
7.2824115058e-01 0.0000000000e+00 0.0000000000e+00
7.2824115058e-01 0.0000000000e+00 0.0000000000e+00
6.8087519209e-01 0.0000000000e+00 0.0000000000e+00
6.8098428845e-01 0.0000000000e+00 0.0000000000e+00
7.2729211549e-01 0.0000000000e+00 0.0000000000e+00
5.5239794403e-01 0.0000000000e+00 0.0000000000e+00
5.8185330778e-01 0.0000000000e+00 0.0000000000e+00
5.8185330778e-01 0.0000000000e+00 0.0000000000e+00
5.3520233681e-01 0.0000000000e+00 0.0000000000e+00
5.3554870188e-01 0.0000000000e+00 0.0000000000e+00
5.3554870188e-01 0.0000000000e+00 0.0000000000e+00
5.9105151643e-01 0.0000000000e+00 0.0000000000e+00
5.1015560826e-01 0.0000000000e+00 0.0000000000e+00
5.3135708719e-01 0.0000000000e+00 0.0000000000e+00
5.3135708719e-01 0.0000000000e+00 0.0000000000e+00
5.6926584740e-01 0.0000000000e+00 0.0000000000e+00
5.6926584740e-01 0.0000000000e+00 0.0000000000e+00
4.8010210445e-01 0.0000000000e+00 0.0000000000e+00
6.0354602089e-01 0.0000000000e+00 0.0000000000e+00
5.3594064961e-01 0.0000000000e+00 0.0000000000e+00
5.3594064961e-01 0.0000000000e+00 0.0000000000e+00
6.3465139767e-01 0.0000000000e+00 0.0000000000e+00
3.2881025225e-01 0.0000000000e+00 0.0000000000e+00
3.1594860430e-01 0.0000000000e+00 0.0000000000e+00
3.4227403253e-01 0.0000000000e+00 0.0000000000e+00
3.4381169826e-01 0.0000000000e+00 0.0000000000e+00
3.9175475885e-01 0.0000000000e+00 0.0000000000e+00
3.9175475885e-01 0.0000000000e+00 0.0000000000e+00
2.1928414827e-01 0.0000000000e+00 0.0000000000e+00
3.4613475949e-01 0.0000000000e+00 0.0000000000e+00
2.9620093107e-01 0.0000000000e+00 0.0000000000e+00
2.9666192954e-01 0.0000000000e+00 0.0000000000e+00
2.2426292921e-01 0.0000000000e+00 0.0000000000e+00
2.5206657996e-01 0.0000000000e+00 0.0000000000e+00
2.4242989967e-01 0.0000000000e+00 0.0000000000e+00
2.4943152815e-01 0.0000000000e+00 0.0000000000e+00
2.6615613326e-01 0.0000000000e+00 0.0000000000e+00
2.5718611851e-01 0.0000000000e+00 0.0000000000e+00
2.7754098922e-01 0.0000000000e+00 0.0000000000e+00
3.0717872580e-01 0.0000000000e+00 0.0000000000e+00
3.0717872580e-01 0.0000000000e+00 0.0000000000e+00
2.8439753503e-01 0.0000000000e+00 0.0000000000e+00
2.6181935892e-01 0.0000000000e+00 0.0000000000e+00
3.1547776610e-01 0.0000000000e+00 0.0000000000e+00
3.1547776610e-01 0.0000000000e+00 0.0000000000e+00
2.9350841045e-01 0.0000000000e+00 0.0000000000e+00
1.5583370527e+00 0.0000000000e+00 0.0000000000e+00
1.7058492005e+00 0.0000000000e+00 0.0000000000e+00
1.5969539384e+00 0.0000000000e+00 0.0000000000e+00
1.6911392013e+00 0.0000000000e+00 0.0000000000e+00
8.6011947195e-01 0.0000000000e+00 0.0000000000e+00
1.5723990103e+00 0.0000000000e+00 0.0000000000e+00
8.4480174879e-01 0.0000000000e+00 0.0000000000e+00
1.9589559734e+00 0.0000000000e+00 0.0000000000e+00
2.2856376966e+00 0.0000000000e+00 0.0000000000e+00
2.3205923637e+00 0.0000000000e+00 0.0000000000e+00
2.3255315423e+00 0.0000000000e+00 0.0000000000e+00
2.3461837967e+00 0.0000000000e+00 0.0000000000e+00
2.9987082283e+00 0.0000000000e+00 0.0000000000e+00
1.9872251550e+00 0.0000000000e+00 0.0000000000e+00
2.0114431282e+00 0.0000000000e+00 0.0000000000e+00
2.0530942877e+00 0.0000000000e+00 0.0000000000e+00
1.9843344986e+00 0.0000000000e+00 0.0000000000e+00
1.9522160888e+00 0.0000000000e+00 0.0000000000e+00
2.0491369565e+00 0.0000000000e+00 0.0000000000e+00
2.0333011846e+00 0.0000000000e+00 0.0000000000e+00
2.0381220778e+00 0.0000000000e+00 0.0000000000e+00
2.1028683583e+00 0.0000000000e+00 0.0000000000e+00
2.0724795063e+00 0.0000000000e+00 0.0000000000e+00
2.6092105309e+00 0.0000000000e+00 0.0000000000e+00
2.6914914449e+00 0.0000000000e+00 0.0000000000e+00
2.6653120120e+00 0.0000000000e+00 0.0000000000e+00
2.6766847372e+00 0.0000000000e+00 0.0000000000e+00
2.6293688416e+00 0.0000000000e+00 0.0000000000e+00
2.6547513405e+00 0.0000000000e+00 0.0000000000e+00
2.4409447859e-01 0.0000000000e+00 0.0000000000e+00
2.4409447859e-01 0.0000000000e+00 0.0000000000e+00
7.4198609591e-01 0.0000000000e+00 0.0000000000e+00
2.8150151173e+00 0.0000000000e+00 0.0000000000e+00
2.6346451044e+00 0.0000000000e+00 0.0000000000e+00
2.6252165437e+00 0.0000000000e+00 0.0000000000e+00
2.6661237081e+00 0.0000000000e+00 0.0000000000e+00
2.6661237081e+00 0.0000000000e+00 0.0000000000e+00
2.6130586664e+00 0.0000000000e+00 0.0000000000e+00
2.6442251404e+00 0.0000000000e+00 0.0000000000e+00
2.6440010667e+00 0.0000000000e+00 0.0000000000e+00
2.6631221573e+00 0.0000000000e+00 0.0000000000e+00
2.6499910951e+00 0.0000000000e+00 0.0000000000e+00
3.5374423023e-02 2.4020789564e-01 6.5706741841e-02
4.9247580891e-02 2.3000505318e-01 5.9365796857e-02
3.6006085264e-02 2.5157698616e-01 6.3044671124e-02
5.1645729380e-02 2.1655950819e-01 6.0397269204e-02
3.1881418545e-02 2.0733403911e-01 7.7234479599e-02
0.0000000000e+00 2.0723274474e-01 7.3279903581e-02
0.0000000000e+00 2.0898200199e-01 7.3011356406e-02
1.4056803148e-06 1.0196518960e-01 8.3177735719e-02
2.9623207171e-02 0.0000000000e+00 0.0000000000e+00
2.8969949577e-02 0.0000000000e+00 0.0000000000e+00
2.9960870277e-02 0.0000000000e+00 0.0000000000e+00
2.2129031053e-02 0.0000000000e+00 0.0000000000e+00
2.2129031053e-02 0.0000000000e+00 0.0000000000e+00
6.1343133946e-01 0.0000000000e+00 0.0000000000e+00
5.5804286897e-01 0.0000000000e+00 0.0000000000e+00
5.5771671236e-01 0.0000000000e+00 0.0000000000e+00
5.5012477934e-01 0.0000000000e+00 0.0000000000e+00
5.5012477934e-01 0.0000000000e+00 0.0000000000e+00
5.8369793495e-01 0.0000000000e+00 0.0000000000e+00
5.7383331905e-01 0.0000000000e+00 0.0000000000e+00
5.7712810735e-01 0.0000000000e+00 0.0000000000e+00
6.7593987783e-01 0.0000000000e+00 0.0000000000e+00
7.4274971088e-01 0.0000000000e+00 0.0000000000e+00
7.2706545889e-01 0.0000000000e+00 0.0000000000e+00
7.8733127813e-01 0.0000000000e+00 0.0000000000e+00
7.6237396399e-01 0.0000000000e+00 0.0000000000e+00
7.5494547188e-01 0.0000000000e+00 0.0000000000e+00
7.2282305857e-01 0.0000000000e+00 0.0000000000e+00
3.3133545425e-02 4.6015845922e-03 3.0733118547e-04
7.3791873020e-02 6.7870439574e-03 7.0939535605e-04
7.3791873020e-02 6.7870439574e-03 7.0939535605e-04
4.6553893946e-02 8.9785229648e-03 0.0000000000e+00
3.4762448631e-02 7.5789978728e-03 1.0066019555e-03
3.4762448631e-02 7.5789978728e-03 1.0066019555e-03
8.5993322500e-05 6.4132016269e-03 8.8870922724e-03
0.0000000000e+00 1.3504569108e-02 4.6806195751e-03
0.0000000000e+00 5.0025788446e-02 1.6774839181e-04
1.8108944981e-05 1.3054783999e-02 6.9235674261e-03
1.9359381093e-02 1.4615723863e-02 2.8426120019e-03
0.0000000000e+00 1.0081443703e-02 5.6927572781e-03
0.0000000000e+00 9.1725720170e-03 8.3915879950e-03
0.0000000000e+00 1.0777416018e-02 5.4227035725e-03
0.0000000000e+00 8.3391735485e-03 4.5868033000e-03
0.0000000000e+00 8.3655940446e-03 2.2861357313e-02
0.0000000000e+00 8.7015838362e-03 2.0362635298e-02
1.5634189981e-02 7.9921352056e-03 1.9188165412e-03
5.3625315407e-05 8.7692479137e-03 1.2339847240e-02
8.0971528466e-03 1.2672106813e-02 1.9825983230e-03
2.3253384978e-02 8.7470639652e-03 8.5533187909e-05
8.0717707836e-07 4.6926657281e-03 5.5885515797e-02
0.0000000000e+00 6.6051713657e-03 4.7966143116e-02
0.0000000000e+00 1.3398297306e-03 6.6169508422e-02
6.4958069440e-05 1.5129176439e-03 7.0880119689e-02
1.0902768827e-04 1.1806591283e-03 4.8673263130e-02
2.4029593533e-05 1.1331025307e-03 4.3833169465e-02
5.9565260472e-05 9.3201086546e-02 5.1868857857e-05
1.4131317039e-04 9.8527563581e-03 1.6735827317e-02
4.5580362287e-06 5.7659177498e-03 2.1855677866e-02
3.2088650263e-05 1.2661114524e-03 1.8649136880e-02
0.0000000000e+00 3.4187901765e-03 1.7311465616e-02
0.0000000000e+00 3.3432286388e-03 1.9713945609e-02
1.2619400513e-04 3.5953647845e-03 1.8052182238e-02
0.0000000000e+00 1.1334680564e-02 2.1133642294e-03
0.0000000000e+00 1.1334680564e-02 2.1133642294e-03
7.3129476902e-03 7.5902752384e-03 1.9139890093e-02
1.7594337730e-05 3.3257845110e-03 1.7278548330e-02
1.4161023258e-04 4.5456226993e-03 1.7716396833e-02
2.4239107501e-02 9.3183686646e-03 0.0000000000e+00
8.8423609656e-03 4.1310584056e-03 4.4101051923e-03
5.3780267015e-02 1.4776624778e-02 2.2123858721e-02
9.9273040347e-03 8.7543664267e-03 1.7263521363e-02
4.2661587031e-05 2.3647975875e-02 2.6520708886e-02
0.0000000000e+00 2.3705840033e-02 2.6437262228e-02
3.3933291367e-02 2.1694938187e-02 4.4640830097e-02
3.2296428302e-02 1.0366697524e-02 2.6128238688e-02
3.9691216595e-07 1.1016563947e-01 0.0000000000e+00
1.2375805090e-04 1.7113930158e-02 1.5693458108e-02
1.9463585015e-05 9.9629745091e-04 1.8575578462e-02
1.3199704911e-04 4.6615525149e-02 0.0000000000e+00
9.5539685844e-05 1.7125447311e-03 6.1035900726e-03
2.7128700477e-02 1.2988377130e-02 1.9035942232e-02
0.0000000000e+00 1.4387158153e-03 2.3314673842e-02
0.0000000000e+00 3.5037117050e-04 1.8155257140e-02
1.5554359571e-02 1.1435013148e-02 1.6647020743e-02
1.0421314393e-02 1.7377780207e-02 1.9234243237e-02
1.2345239714e-02 2.0601402922e-03 1.9561717830e-02
9.8780169695e-03 1.3814574884e-02 1.7934157203e-02
1.3847978880e-04 1.3828294585e-02 1.8446569331e-02
1.1310527877e-02 3.5761750565e-06 1.8069703287e-02
1.1310527877e-02 3.5761750565e-06 1.8069703287e-02
1.0102526188e-03 8.2849855923e-03 1.9771779499e-02
1.6097091837e-02 2.9239003690e-05 2.2849764364e-02
6.2531369719e-03 8.6862588311e-04 2.0507843466e-02
1.3514200691e-04 4.8168262777e-03 2.2607222355e-02
0.0000000000e+00 3.7456391268e-04 2.1515602168e-02
0.0000000000e+00 1.1062360407e-02 5.0408327021e-02
0.0000000000e+00 3.8488595281e-02 3.2032314843e-02
0.0000000000e+00 4.5586929036e-02 4.0038671345e-02
0.0000000000e+00 7.4353374230e-02 3.2254545484e-02
0.0000000000e+00 5.2956628303e-02 3.5314236768e-02
2.6826164685e-06 3.0972372741e-02 2.7634970689e-02
0.0000000000e+00 3.2648217243e-02 3.0219500884e-02
0.0000000000e+00 5.1629909314e-02 3.2338164436e-02
0.0000000000e+00 6.1226533415e-02 3.2728327593e-02
0.0000000000e+00 1.6762328334e-02 9.6974172435e-03
0.0000000000e+00 1.8652025145e-02 8.8663306475e-03
0.0000000000e+00 4.5725800097e-02 6.7972418231e-02
2.6722878393e-05 2.0442278124e-02 5.7465210247e-02
2.9130568133e-05 4.0736696683e-02 5.5650388201e-02
0.0000000000e+00 9.2084959615e-03 5.7084391723e-03
0.0000000000e+00 3.1415679802e-02 4.9638328883e-03
2.7530791688e-05 3.8279165048e-02 6.7751454810e-02
0.0000000000e+00 1.9968246886e-02 3.2979807470e-03
1.1478956246e-02 1.1859733980e-03 6.7670726373e-03
0.0000000000e+00 2.7378563924e-03 4.1470748708e-04
2.4134667456e-06 3.4304450188e-03 3.1768444058e-03
0.0000000000e+00 4.1832214338e-03 5.7751786419e-03
1.4299287616e-02 3.6495235448e-04 1.9971384512e-02
0.0000000000e+00 2.6430853565e-03 3.3131563239e-03
0.0000000000e+00 2.0544073098e-03 2.0535020776e-03
6.2341347226e-05 2.7352330896e-02 2.6627424949e-02
0.0000000000e+00 5.6118103676e-03 3.4458141308e-02
1.8175776551e-01 5.8702991422e-03 7.0401408554e-02
7.6778989758e-03 8.1840993177e-03 4.4342234420e-02
0.0000000000e+00 1.1612863590e-02 6.0028822782e-02
2.2563943124e-05 1.3811179165e-02 4.9795258790e-02
0.0000000000e+00 1.3397600676e-02 6.0408504214e-02
4.6711392157e-03 1.1701350450e-02 5.5365525962e-02
1.6233255714e-01 1.3957672287e-02 6.9425379469e-02
1.8266817927e-01 4.3542085041e-03 4.0036126622e-02
5.0838080545e-02 4.9984849757e-03 4.2226434763e-02
4.1636742962e-02 1.1566059916e-02 2.8857940500e-03
7.3299880140e-02 1.2854889792e-02 3.7788784963e-03
4.7289540991e-02 7.0037198311e-03 3.9998384576e-03
5.5660540859e-02 1.4915301581e-02 2.9834663183e-03
1.0609973843e-01 5.0415081835e-03 6.6784729461e-03
4.3095766411e-02 1.0268898293e-02 2.9188668692e-03
4.9820086919e-02 9.5515232145e-03 2.7612899115e-03
4.9820086919e-02 9.5515232145e-03 2.7612899115e-03
4.9820086919e-02 9.5515232145e-03 2.7612899115e-03
9.7949204966e-02 7.6703312496e-02 3.7001126305e-03
4.5066923524e-02 8.0934780650e-02 2.9259781671e-03
7.1035840549e-02 5.4849227114e-02 2.9557898245e-03
7.1035840549e-02 5.4849227114e-02 2.9557898245e-03
8.7262662748e-02 6.2570688625e-02 4.4704847496e-03
1.1542876934e-01 1.0452951336e-01 4.4235643109e-03
1.5695522601e-01 3.1701174526e-02 3.0368424753e-03
1.3734484153e-01 2.9877116438e-02 3.0278808263e-03
8.9679424341e-02 1.6387858331e-02 1.0134138400e-02
8.9679424341e-02 1.6387858331e-02 1.0134138400e-02
8.7816361027e-02 8.9942107249e-03 5.4431709189e-03
6.4588742331e-02 9.2715458013e-03 2.9183094254e-03
3.5963538413e-02 8.9426256600e-03 4.6265728694e-03
5.5854649593e-02 8.4349403623e-03 4.8459894412e-03
4.5370201580e-02 1.1983376578e-02 4.5739750688e-03
8.1075818278e-02 1.4450132866e-02 9.0154534555e-03
1.5990711004e-01 7.7074640819e-03 4.4758439568e-03
6.0042335186e-02 8.0312485613e-03 4.4879696676e-03
5.9505349956e-02 1.5567181719e-02 3.0929581006e-03
6.7056779439e-02 1.1454326333e-02 5.2518188992e-03
1.4560262548e-01 8.0450290892e-03 5.1620561086e-03
8.7749851247e-02 1.2605440968e-02 5.8682779393e-03
2.7446983382e-01 6.1808311924e-03 5.6963709406e-03
1.1458474336e-01 1.8188871249e-02 9.3481206568e-03
1.7693113660e-01 7.1689079632e-03 2.2754020805e-03
3.1847917785e-01 6.9444862893e-03 2.5704748987e-03
0.0000000000e+00 2.4155268407e-02 1.3755842028e-03
0.0000000000e+00 2.4155268407e-02 1.3755842028e-03
0.0000000000e+00 1.4356707347e-01 1.3755152249e-03
6.4860059562e-05 4.4296671636e-02 1.3723380252e-03
0.0000000000e+00 1.4895318697e-01 1.3769766253e-03
1.2210057427e-02 7.2851024879e-02 1.5436054751e-02
1.4585275979e-02 6.7690456907e-02 1.0747795187e-02
1.8254701359e-02 8.5837091630e-02 6.1099670827e-01
1.8212348378e-02 1.0968220048e-01 5.9986561040e-01
1.3085238247e-02 6.2526239703e-02 1.2736188481e-02
1.5158749418e-02 9.5450863242e-02 6.3723310828e-01
1.6440247574e-02 1.6155088755e-01 6.0829136272e-01
1.5949720517e-02 1.5504445694e-01 6.3230484227e-01
1.8157360998e-02 1.3336020770e-01 6.4683609207e-01
1.2656415580e-02 1.0142078064e-01 4.4733858473e-03
2.2620261492e-02 6.1046566069e-01 1.3122695374e-01
1.6934768530e-02 1.2778052827e-02 2.1443977083e-01
1.4796233270e-02 1.8434356976e-02 5.7705517362e-01
1.8409198072e-02 1.6682621712e-02 3.8181162129e-01
2.0184521486e-02 1.8189235125e-02 1.4085826278e-01
1.8287117671e-02 2.5653151330e-02 4.4660052160e-01
6.6314847209e-03 2.3797509571e-02 3.2954227984e-03
5.2889224413e-03 1.7960406064e-02 8.0601814746e-03
3.8727773742e-03 1.6184295372e-02 9.2599024453e-03
4.4413570819e-03 1.6041756452e-02 1.1546000528e-02
5.3864689544e-03 2.2417527779e-02 2.7391375819e-02
6.6028005676e-03 2.7410578759e-02 1.8822696060e-01
4.1803666973e-03 2.4557749275e-02 9.9478051066e-02
3.5131125769e-03 3.2690221599e-02 6.0774644837e-02
5.1378919549e-03 3.2328164981e-02 2.9647300020e-02
3.9684799849e-03 1.2760108570e-02 1.3115666031e-02
7.0510551256e-03 1.8103206530e-02 3.8085632181e-02
8.4737198194e-03 4.7863263947e-02 3.3809789519e-01
9.0217000882e-03 4.8240482186e-02 3.7079596768e-01
8.4087088083e-03 4.7979784198e-02 2.2348219653e-01
1.1096071646e-02 4.0563351319e-02 1.3288081934e-01
1.1096071646e-02 4.0563351319e-02 1.3288081934e-01
6.5015662500e-03 3.8685335467e-02 8.7839014828e-02
3.1991572566e-03 6.1006016408e-02 1.2449035887e-02
9.0213484752e-03 6.2662501199e-02 1.1777178198e-01
5.8620801622e-03 6.4533263755e-02 4.2261167934e-03
5.8620801622e-03 6.4533263755e-02 4.2261167934e-03
6.9455079307e-03 7.7003381525e-02 8.4371588115e-03
6.4438789656e-03 5.9731315821e-02 1.0530053560e-02
5.7662853311e-03 5.3696744765e-02 4.1589091998e-03
0.0000000000e+00 4.7245379537e-02 1.3364926320e-03
0.0000000000e+00 5.0554100424e-02 1.0541032680e-04
0.0000000000e+00 3.2440590362e-02 3.0818406018e-03
0.0000000000e+00 3.9965174937e-02 1.1257364774e-03
0.0000000000e+00 5.7238989510e-02 2.6472171157e-04
0.0000000000e+00 5.5544111567e-02 1.1004854475e-03
0.0000000000e+00 3.8108991304e-02 5.6683908217e-02
0.0000000000e+00 2.5391188295e-02 2.3167036474e-02
0.0000000000e+00 1.7825771123e-02 2.4178577432e-02
0.0000000000e+00 2.6507419844e-02 1.5024194399e-03
0.0000000000e+00 2.7836621894e-02 2.9517810981e-03
0.0000000000e+00 2.2035674192e-02 2.1912643453e-02
0.0000000000e+00 2.4038314043e-02 1.6580962576e-02
0.0000000000e+00 2.9984705926e-02 3.8461340591e-02
0.0000000000e+00 3.6493602364e-02 2.0356917754e-02
0.0000000000e+00 3.1317524612e-02 1.9895857588e-02
1.5429828863e-06 3.5363020220e-02 1.4123365361e-02
0.0000000000e+00 3.1175588723e-02 1.3647150248e-02
0.0000000000e+00 3.1641907059e-02 3.2513778181e-03
0.0000000000e+00 3.1114532923e-02 1.0370818277e-02
0.0000000000e+00 3.1114532923e-02 1.0370818277e-02
0.0000000000e+00 6.4024495271e-02 3.4298231316e-03
0.0000000000e+00 5.1516737478e-02 5.6032620875e-03
6.5223307644e-08 3.5154889338e-02 2.9330257637e-02
0.0000000000e+00 4.8863437958e-02 4.8205969234e-02
2.9994201070e-02 3.6254112454e-02 1.6992156816e-03
0.0000000000e+00 5.7976558494e-02 1.9407235037e-03
0.0000000000e+00 5.7976558494e-02 1.9407235037e-03
0.0000000000e+00 3.2950146900e-02 4.3371760286e-02
0.0000000000e+00 3.1469714517e-02 1.3734323516e-02
0.0000000000e+00 3.1960348599e-02 2.9509980852e-02
0.0000000000e+00 2.9871340996e-02 2.8207089286e-02
0.0000000000e+00 3.5040167160e-02 1.0058735249e-01
4.5910328006e-02 6.2740666481e-02 2.6623596592e-02
0.0000000000e+00 7.3257341360e-02 6.5216102521e-03
0.0000000000e+00 7.3257341360e-02 6.5216102521e-03
0.0000000000e+00 7.0830133744e-02 5.6987056819e-02
1.2162261124e-07 8.4992721366e-02 2.4744394546e-02
7.3683960267e-08 1.0405840973e-01 1.3744257895e-02
1.7795038628e-08 9.7623780370e-02 3.0273160121e-02
3.5820891438e-09 1.0103391173e-01 2.6978062621e-02
2.4763874743e-07 8.4374981622e-02 4.8047080326e-02
0.0000000000e+00 7.1853715306e-02 4.1042552640e-02
0.0000000000e+00 8.2911614018e-02 4.1005156469e-02
1.1736591254e-08 7.5947383419e-02 5.6543809672e-02
5.2900910023e-08 1.4981309697e-01 1.1202862018e-10
0.0000000000e+00 1.0391676426e-01 0.0000000000e+00
0.0000000000e+00 1.2176690375e-01 1.7410981691e-12
0.0000000000e+00 1.2096201753e-01 4.0581397473e-12
0.0000000000e+00 1.3236549931e-01 2.8707922180e-12
0.0000000000e+00 9.7713587185e-02 7.1033802912e-04
0.0000000000e+00 9.7047341987e-02 2.5086575702e-12
0.0000000000e+00 9.2675651113e-02 3.1437271779e-04
0.0000000000e+00 1.0273562434e-01 0.0000000000e+00
0.0000000000e+00 1.1405262972e-01 8.8860532995e-14
0.0000000000e+00 1.9292228917e-01 2.4845259313e-12
0.0000000000e+00 1.3344769242e-01 2.6572272124e-12
0.0000000000e+00 1.4311208203e-01 1.2998252151e-12
0.0000000000e+00 1.3993479001e-01 7.1401638367e-03
0.0000000000e+00 1.3579260744e-01 1.5279809013e-03
0.0000000000e+00 1.2645834436e-01 1.0472235658e-02
1.1033737716e-07 1.6561962105e-01 1.7087694039e-13
0.0000000000e+00 1.5585170562e-01 5.1212253195e-14
0.0000000000e+00 4.4831490765e-01 8.1122905268e-11
0.0000000000e+00 4.6995647252e-01 0.0000000000e+00
0.0000000000e+00 4.6995647252e-01 0.0000000000e+00
0.0000000000e+00 4.4220065574e-01 2.5230319782e-03
0.0000000000e+00 4.7230770439e-01 2.4870150962e-10
1.9000419703e-06 2.4088503545e-01 5.7860453128e-13
0.0000000000e+00 2.0894481863e-01 1.1333369378e-03
0.0000000000e+00 2.0187563325e-01 0.0000000000e+00
2.1111271948e-06 1.6374440119e-01 7.7145151251e-03
0.0000000000e+00 9.0555634350e-02 4.7409763210e-03
0.0000000000e+00 1.7378030221e-01 2.2662810887e-07
0.0000000000e+00 1.1400372970e-01 4.1023525797e-03
0.0000000000e+00 2.5927789882e-01 0.0000000000e+00
4.6565328565e-06 1.0168244628e-01 0.0000000000e+00
0.0000000000e+00 1.6030679022e-01 0.0000000000e+00
0.0000000000e+00 1.1565618838e-01 0.0000000000e+00
0.0000000000e+00 3.2852122188e-01 0.0000000000e+00
0.0000000000e+00 1.3460709093e-01 0.0000000000e+00
0.0000000000e+00 2.6221420119e-01 0.0000000000e+00
0.0000000000e+00 2.1043389663e-01 7.1440415361e-08
0.0000000000e+00 2.6177168017e-01 0.0000000000e+00
0.0000000000e+00 1.0687181416e-01 0.0000000000e+00
0.0000000000e+00 3.1309232116e-01 0.0000000000e+00
0.0000000000e+00 2.4682351947e-01 0.0000000000e+00
0.0000000000e+00 2.0395130416e-01 0.0000000000e+00
0.0000000000e+00 2.6479051635e-01 0.0000000000e+00
0.0000000000e+00 9.0141239576e-02 0.0000000000e+00
5.2184468302e-08 1.2005653791e-01 0.0000000000e+00
0.0000000000e+00 1.7718224662e-01 0.0000000000e+00
2.5736879707e-05 1.8987296522e-01 0.0000000000e+00
0.0000000000e+00 3.1158074985e-01 0.0000000000e+00
0.0000000000e+00 1.9543751453e-01 0.0000000000e+00
0.0000000000e+00 3.2309605181e-01 0.0000000000e+00
1.1731264938e-05 1.9207389156e-01 2.0787119627e-14
0.0000000000e+00 3.5397076358e-01 0.0000000000e+00
0.0000000000e+00 4.5613648494e-01 0.0000000000e+00
0.0000000000e+00 5.2004314959e-01 0.0000000000e+00
0.0000000000e+00 1.1921046053e-01 0.0000000000e+00
0.0000000000e+00 7.1581801772e-01 0.0000000000e+00
6.0995821999e-06 7.2518151502e-01 0.0000000000e+00
6.2581828691e-06 7.0568563044e-01 0.0000000000e+00
0.0000000000e+00 6.8666511774e-01 0.0000000000e+00
8.0658465815e-06 7.4992853900e-01 0.0000000000e+00
0.0000000000e+00 6.8880005181e-01 2.6233787911e-05
0.0000000000e+00 6.8788703283e-01 0.0000000000e+00
0.0000000000e+00 5.6037652741e-01 0.0000000000e+00
0.0000000000e+00 4.5575807244e-01 0.0000000000e+00
3.4773662681e-06 2.6704244937e-01 0.0000000000e+00
0.0000000000e+00 6.7149536808e-01 0.0000000000e+00
4.4147358267e-06 6.4520042638e-01 3.6389941233e-03
3.8538007357e-04 6.0419068734e-01 1.6650176840e-02
0.0000000000e+00 6.4078119894e-01 5.1475454432e-02
0.0000000000e+00 5.7933330039e-01 3.5352053276e-02
0.0000000000e+00 4.3025648346e-01 1.2183777553e-01
0.0000000000e+00 5.4274228091e-02 8.3338926236e-02
0.0000000000e+00 3.5833062728e-01 1.4295808040e-01
0.0000000000e+00 2.2976738339e-01 1.1340634587e-01
0.0000000000e+00 3.2621940722e-01 9.9291456242e-02
2.2923199291e-05 3.2093477001e-01 6.2980336758e-02
0.0000000000e+00 7.0761299133e-01 5.1505391176e-02
0.0000000000e+00 6.9888225446e-02 1.5792822310e-02
5.1547821689e-03 1.5755274892e-01 1.4451731074e-02
0.0000000000e+00 2.6657837680e-06 4.3864589679e-03
3.5671420628e-03 2.7418106470e-06 6.7073180884e-03
0.0000000000e+00 3.0099502965e-04 7.7045916114e-03
0.0000000000e+00 3.0099502965e-04 7.7045916114e-03
5.2175475105e-06 1.1696523055e-02 4.4304222489e-03
8.1622158662e-04 2.6902365498e-03 6.9206781142e-03
0.0000000000e+00 2.1249976257e-01 5.4501633567e-03
0.0000000000e+00 2.1249976257e-01 5.4501633567e-03
2.6761653717e-03 4.2856783257e-03 5.0215564843e-03
6.2126377209e-03 5.6236376243e-06 8.3012493560e-03
5.9073971740e-03 1.1815693167e-01 8.9954827757e-03
1.4591370976e-03 2.6655062015e-06 8.9353521471e-03
1.4598236218e-03 2.6404870255e-06 8.9744571790e-03
1.4591370976e-03 2.6655062015e-06 8.9353521471e-03
5.2371155859e-03 3.1654190117e-02 1.5089439306e-02
5.2371155859e-03 3.1654190117e-02 1.5089439306e-02
6.8465241541e-03 2.0037368809e-01 2.5335293418e-03
1.6953750140e-03 1.6610664083e-02 8.3916008783e-03
1.1439867764e-03 7.2437689950e-02 2.9433925132e-03
6.8423396442e-03 3.6215150108e-01 3.4159307834e-03
4.6926816770e-03 1.7323275407e-01 2.1359117430e-03
4.6187639430e-03 3.5776091119e-01 1.9708901964e-03
1.2824106088e-03 1.4162827469e-01 1.7706464957e-03
7.2174749415e-03 1.5065762649e-01 3.6629923464e-03
1.2613163805e-03 1.6331973548e-01 1.5375327736e-03
1.4139129441e-03 1.5700360512e-01 1.7955270014e-03
1.2488909124e-03 1.9453680267e-01 1.8127080063e-03
1.2856512330e-03 1.9446363176e-01 3.8124365189e-03
1.7130843868e-03 1.8477373446e-01 1.7441735836e-03
1.3226784164e-03 1.1777756053e-01 3.0476199075e-03
3.4724414678e-03 1.1780596649e-01 2.4112725320e-03
1.2651135718e-03 1.8221312265e-01 4.7333332089e-03
1.6324949199e-03 1.7955236013e-01 4.7496499416e-03
1.3460352008e-03 7.0009227221e-02 5.3442323115e-03
1.3480845179e-03 1.8233599390e-01 8.7227415449e-03
1.3480845179e-03 1.8233599390e-01 8.7227415449e-03
1.5997953985e-03 1.8321959550e-01 7.5260514471e-03
3.5978781719e-03 1.8893861398e-01 6.0124497783e-03
3.3338397358e-03 2.0283158372e-01 2.9379658323e-03
1.2555746168e-03 4.1480482866e-02 3.7143823962e-03
3.6386675104e-03 1.6962619871e-01 1.9585135548e-03
1.3109175828e-03 1.8300532798e-01 4.5710509876e-03
1.4103369419e-03 1.7755177990e-01 3.7057236962e-03
1.3702414678e-03 1.7757688339e-01 1.8603708983e-03
1.5188194908e-03 1.7491566887e-01 3.8309190228e-03
1.6380439435e-03 1.8009793758e-01 2.6431978816e-03
1.3416459454e-03 1.7294792583e-01 1.4510161321e-03
1.6660624775e-03 1.8005065247e-01 3.5280837134e-03
7.7075591544e-03 1.8787018458e-01 3.0800979778e-03
8.3087349534e-04 1.8711847439e-01 1.0614645046e-02
1.2897886802e-02 1.3213854718e-01 1.9755671286e-03
1.6007058924e-03 1.5068153168e-01 5.5045550689e-03
2.1129396967e-03 9.8172778264e-02 1.7451002786e-03
1.4728702372e-03 8.6897881081e-02 3.3554158678e-03
6.8428739905e-03 7.3943716474e-02 2.3741730450e-03
2.0665190920e-03 7.7647772307e-02 2.1928867597e-03
3.1061893484e-03 9.3069139247e-02 3.0519220551e-03
7.7080581880e-03 6.8725651441e-02 9.9114049226e-04
5.8566794808e-03 8.3197919031e-02 1.2585978499e-03
1.7141659676e-03 1.3317409965e-01 2.0965992784e-02
3.4272027551e-03 1.1160498795e-01 1.8695983027e-02
4.3914159372e-03 2.4782038604e-01 1.7155251621e-02
3.8087144106e-03 2.5012389695e-01 1.8178059409e-02
5.3027523682e-03 3.0099631101e-01 1.0992112686e-02
1.1501006132e-03 5.2649832641e-02 4.6144655401e-03
5.8426764638e-03 5.2610054861e-01 5.9708233143e-07
8.7904436902e-03 3.2442079360e-01 1.2197645847e-02
5.2362362427e-03 1.3962924294e-01 2.0418446744e-02
5.0157252311e-03 1.3285873644e-01 2.5596070414e-02
1.9436006211e-03 1.3199792368e-01 1.3481773688e-03
6.5346066064e-03 1.1825860230e-01 1.2325908174e-03
1.7107133560e-03 1.2812395580e-01 3.6763050302e-03
2.0231394252e-02 1.3662457714e-01 4.1973492092e-03
2.6398704116e-03 1.5826525415e-01 9.2230097531e-04
8.1079885907e-03 1.3794249731e-01 3.3173999982e-03
4.3595312551e-03 1.4960663641e-01 2.5507347309e-03
9.3196307619e-03 1.6306853791e-01 1.1979428394e-03
1.0448055643e-03 1.6461534301e-01 6.3413111105e-03
1.3874612061e-05 1.6998685400e-01 4.5439113358e-03
3.0080130091e-03 4.9045392126e-01 1.6325414258e-02
8.1378059373e-07 1.9381414975e-01 9.2216025417e-03
4.3489823926e-06 1.8524942423e-01 7.6966950437e-03
8.1225388489e-06 2.1651442349e-01 4.1850048874e-03
5.3212635578e-06 2.1879816925e-01 5.9708328530e-03
3.5348937123e-06 1.9501510387e-01 1.1669569106e-02
1.9494153360e-06 1.8838437522e-01 4.1036355736e-03
4.7478913524e-03 1.7024677123e-01 4.8851261381e-03
2.1918379837e-03 1.8667510773e-01 4.9511660472e-03
2.4508574784e-06 1.4348398211e-01 7.6374490745e-03
3.6405159238e-03 1.3783750621e-01 5.0656271439e-03
4.6757762902e-03 1.4306440453e-01 6.9838760343e-03
4.3379119015e-03 1.5554801685e-01 3.9144232675e-03
3.8878366274e-03 1.3946159246e-01 9.2097049734e-03
1.0092439984e-05 1.1790775321e-01 1.3694922207e-02
1.6686120956e-03 1.2152821322e-01 1.3015997596e-02
1.2533770944e-03 1.2000591432e-01 1.2375714801e-02
4.4772229157e-03 3.1091404147e-02 1.3023618842e-02
1.6923488147e-03 6.8940166074e-02 1.0115308998e-02
1.2657326164e-03 7.8859210946e-02 1.3221978365e-02
8.7654276528e-04 5.0367772269e-02 1.3029440849e-02
1.2129295101e-03 5.8881034454e-02 1.3860918970e-02
7.9381239387e-04 4.9218092890e-02 1.2047862867e-02
4.4898565781e-03 7.9876234755e-02 1.1185449703e-02
8.6390674187e-04 3.7537512292e-02 1.1974553034e-02
2.9620970987e-03 3.9385930557e-02 1.2009462419e-02
8.4141468930e-04 8.3593773966e-02 1.1454017600e-02
5.5903447113e-04 7.0414248543e-02 1.1018572298e-02
1.3116173359e-03 5.0552030249e-02 1.0427415138e-02
1.0006626065e-03 5.2472566565e-02 1.0803318582e-02
1.0417043595e-03 3.9969438221e-02 1.7941310769e-02
1.0301274791e-03 4.1144258964e-02 3.1546984799e-02
6.9142843010e-04 3.3644670465e-02 2.5213782986e-02
1.0510699867e-03 3.9970608739e-02 2.3035070083e-02
1.2684942994e-03 3.3906071447e-02 2.8247347412e-02
1.2535182444e-03 7.1922584126e-02 2.8049082340e-02
1.7188469792e-03 7.0023063570e-02 3.1449571097e-02
3.4709520793e-03 9.2456243311e-02 3.2638854502e-02
2.5968399326e-03 1.2613689899e-01 1.4554511212e-02
4.1148088058e-03 8.4937328162e-02 1.7750917623e-01
4.0456158264e-03 7.3371897141e-02 2.4479668339e-01
2.7496732024e-03 1.7882353549e-02 1.2888461848e-01
2.5985441753e-03 6.5029365321e-02 2.1704325452e-01
2.0939787209e-03 7.9358405744e-02 1.9840774933e-01
1.8285605814e-03 9.5177245016e-02 1.7725821709e-01
1.7143554044e-03 8.3804062257e-02 1.1650711546e-01
1.5041382891e-03 9.4365394364e-02 1.1565678194e-01
1.1104436004e-03 8.2013166820e-02 1.1030540491e-01
1.0575220707e-03 8.6531614885e-02 1.0825797667e-01
1.3263092454e-03 8.6872649690e-02 1.0574588552e-01
1.2425194339e-03 9.3519017721e-02 1.1373837789e-01
1.2562812481e-03 9.1261971121e-02 1.1241374475e-01
1.0674921092e-03 8.1044745942e-02 1.3038028652e-01
2.3170410229e-03 9.5535165320e-02 1.4892550434e-01
8.8454240661e-03 1.1526305663e-01 1.8580223744e-01
8.8884446692e-03 1.3863671385e-01 1.8379325544e-01
1.8387513623e-02 0.0000000000e+00 0.0000000000e+00
1.8236964165e-02 0.0000000000e+00 0.0000000000e+00
1.7390173782e-02 0.0000000000e+00 0.0000000000e+00
1.5555100438e-02 0.0000000000e+00 0.0000000000e+00
1.5794181808e-02 0.0000000000e+00 0.0000000000e+00
1.6800932935e-02 0.0000000000e+00 0.0000000000e+00
1.6894707534e-02 0.0000000000e+00 0.0000000000e+00
1.6894707534e-02 0.0000000000e+00 0.0000000000e+00
1.6619242999e-02 0.0000000000e+00 0.0000000000e+00
1.7244636974e-02 0.0000000000e+00 0.0000000000e+00
1.7301411950e-02 0.0000000000e+00 0.0000000000e+00
1.7544738211e-02 0.0000000000e+00 0.0000000000e+00
1.6728328502e-02 0.0000000000e+00 0.0000000000e+00
1.6143457925e-02 0.0000000000e+00 0.0000000000e+00
1.6143457925e-02 0.0000000000e+00 0.0000000000e+00
1.6702375608e-02 0.0000000000e+00 0.0000000000e+00
3.5685423762e-02 0.0000000000e+00 0.0000000000e+00
3.4661486124e-02 0.0000000000e+00 0.0000000000e+00
5.0840574317e-02 0.0000000000e+00 0.0000000000e+00
5.1472506486e-02 0.0000000000e+00 0.0000000000e+00
5.1472506486e-02 0.0000000000e+00 0.0000000000e+00
5.1468646464e-02 0.0000000000e+00 0.0000000000e+00
5.1344031778e-02 0.0000000000e+00 0.0000000000e+00
5.0158798074e-02 0.0000000000e+00 0.0000000000e+00
5.0158798074e-02 0.0000000000e+00 0.0000000000e+00
5.0834847925e-02 0.0000000000e+00 0.0000000000e+00
3.2304478344e-02 0.0000000000e+00 0.0000000000e+00
1.4238336667e-02 0.0000000000e+00 0.0000000000e+00
8.0734826624e-02 0.0000000000e+00 0.0000000000e+00
8.0734826624e-02 0.0000000000e+00 0.0000000000e+00
5.4397653167e-02 0.0000000000e+00 0.0000000000e+00
2.5611730622e-03 0.0000000000e+00 0.0000000000e+00
5.7372713151e-02 0.0000000000e+00 0.0000000000e+00
1.3164540054e-02 0.0000000000e+00 0.0000000000e+00
3.0257380257e-02 0.0000000000e+00 0.0000000000e+00
8.9863879063e-03 0.0000000000e+00 0.0000000000e+00
1.6624226173e-01 0.0000000000e+00 0.0000000000e+00
5.5370260961e-03 0.0000000000e+00 0.0000000000e+00
6.0950211249e-02 0.0000000000e+00 0.0000000000e+00
6.0950211249e-02 0.0000000000e+00 0.0000000000e+00
9.3347805863e-02 0.0000000000e+00 0.0000000000e+00
2.3980521659e-01 0.0000000000e+00 0.0000000000e+00
2.4984515086e-01 0.0000000000e+00 0.0000000000e+00
6.7546289414e-02 0.0000000000e+00 0.0000000000e+00
4.2429474493e-01 0.0000000000e+00 0.0000000000e+00
4.5017492771e-01 0.0000000000e+00 0.0000000000e+00
5.9318960334e-02 0.0000000000e+00 0.0000000000e+00
1.2969066389e-02 0.0000000000e+00 0.0000000000e+00
5.3801337257e-02 0.0000000000e+00 0.0000000000e+00
1.0045980026e-02 0.0000000000e+00 0.0000000000e+00
8.1482719009e-02 0.0000000000e+00 0.0000000000e+00
1.0455641709e-01 0.0000000000e+00 0.0000000000e+00
9.2148423195e-02 0.0000000000e+00 0.0000000000e+00
4.8076803486e-02 0.0000000000e+00 0.0000000000e+00
1.3034028312e-02 0.0000000000e+00 0.0000000000e+00
1.5246658276e-02 0.0000000000e+00 0.0000000000e+00
4.9677823981e-02 0.0000000000e+00 0.0000000000e+00
1.4122162449e-01 0.0000000000e+00 0.0000000000e+00
8.9573175646e-03 0.0000000000e+00 0.0000000000e+00
2.9265804682e-02 0.0000000000e+00 0.0000000000e+00
4.8891545273e-02 0.0000000000e+00 0.0000000000e+00
9.1633855055e-02 0.0000000000e+00 0.0000000000e+00
8.3388376360e-02 0.0000000000e+00 0.0000000000e+00
9.8505551616e-02 0.0000000000e+00 0.0000000000e+00
8.0373097832e-02 0.0000000000e+00 0.0000000000e+00
8.4486075987e-02 0.0000000000e+00 0.0000000000e+00
1.0101317490e-01 0.0000000000e+00 0.0000000000e+00
8.4015448267e-02 0.0000000000e+00 0.0000000000e+00
8.0941264207e-02 0.0000000000e+00 0.0000000000e+00
8.6135191222e-02 0.0000000000e+00 0.0000000000e+00
9.4831757247e-02 0.0000000000e+00 0.0000000000e+00
9.1220024973e-02 0.0000000000e+00 0.0000000000e+00
1.0934045849e-01 0.0000000000e+00 0.0000000000e+00
1.0910634200e-01 0.0000000000e+00 0.0000000000e+00
1.0910634200e-01 0.0000000000e+00 0.0000000000e+00
1.7740410442e-01 0.0000000000e+00 0.0000000000e+00
1.5310011556e-01 0.0000000000e+00 0.0000000000e+00
1.2870318939e-01 0.0000000000e+00 0.0000000000e+00
7.7893867468e-02 0.0000000000e+00 0.0000000000e+00
1.3503581348e-01 0.0000000000e+00 0.0000000000e+00
1.1751079870e-01 0.0000000000e+00 0.0000000000e+00
1.4517172550e-01 0.0000000000e+00 0.0000000000e+00
1.0701329509e-01 0.0000000000e+00 0.0000000000e+00
1.3459371962e-01 0.0000000000e+00 0.0000000000e+00
1.8931184957e-01 0.0000000000e+00 0.0000000000e+00
1.1370496204e-01 0.0000000000e+00 0.0000000000e+00
1.8114920581e-01 0.0000000000e+00 0.0000000000e+00
1.5311350301e-01 0.0000000000e+00 0.0000000000e+00
1.6001669690e-01 0.0000000000e+00 0.0000000000e+00
1.9744182502e-01 0.0000000000e+00 0.0000000000e+00
1.8248353278e-01 0.0000000000e+00 0.0000000000e+00
2.0747784028e-01 0.0000000000e+00 0.0000000000e+00
1.7912582308e-01 0.0000000000e+00 0.0000000000e+00
1.7912582308e-01 0.0000000000e+00 0.0000000000e+00
1.8261452019e-01 0.0000000000e+00 0.0000000000e+00
1.8261452019e-01 0.0000000000e+00 0.0000000000e+00
1.9761530682e-01 0.0000000000e+00 0.0000000000e+00
1.9108474006e-01 0.0000000000e+00 0.0000000000e+00
1.9669795160e-01 0.0000000000e+00 0.0000000000e+00
2.1824637428e-01 0.0000000000e+00 0.0000000000e+00
4.8907078803e-02 0.0000000000e+00 0.0000000000e+00
3.1067324492e-02 0.0000000000e+00 0.0000000000e+00
3.1059656292e-02 0.0000000000e+00 0.0000000000e+00
3.1059656292e-02 0.0000000000e+00 0.0000000000e+00
1.4641665171e-01 0.0000000000e+00 0.0000000000e+00
1.2733884156e-01 0.0000000000e+00 0.0000000000e+00
0.0000000000e+00 0.0000000000e+00 0.0000000000e+00
0.0000000000e+00 0.0000000000e+00 0.0000000000e+00
0.0000000000e+00 0.0000000000e+00 0.0000000000e+00
4.2138166415e-02 0.0000000000e+00 0.0000000000e+00
2.3957558349e-01 0.0000000000e+00 0.0000000000e+00
2.0022968575e-01 0.0000000000e+00 0.0000000000e+00
2.1316798156e-01 0.0000000000e+00 0.0000000000e+00
1.9214234998e-01 0.0000000000e+00 0.0000000000e+00
2.2778807084e-01 0.0000000000e+00 0.0000000000e+00
2.2949517891e-01 0.0000000000e+00 0.0000000000e+00
2.0272438725e-01 0.0000000000e+00 0.0000000000e+00
1.9927848627e-01 0.0000000000e+00 0.0000000000e+00
2.0125608519e-01 0.0000000000e+00 0.0000000000e+00
1.7851530264e-01 0.0000000000e+00 0.0000000000e+00
3.3856551101e-01 0.0000000000e+00 0.0000000000e+00
2.7372956400e-01 0.0000000000e+00 0.0000000000e+00
2.8313638022e-01 0.0000000000e+00 0.0000000000e+00
3.0522557596e-01 0.0000000000e+00 0.0000000000e+00
2.8313638022e-01 0.0000000000e+00 0.0000000000e+00
2.7394043033e-01 0.0000000000e+00 0.0000000000e+00
3.1165812910e-01 0.0000000000e+00 0.0000000000e+00
2.9297051082e-01 0.0000000000e+00 0.0000000000e+00
3.1558422744e-01 0.0000000000e+00 0.0000000000e+00
3.2108619064e-01 0.0000000000e+00 0.0000000000e+00
3.0960466961e-01 0.0000000000e+00 0.0000000000e+00
2.9552816351e-01 0.0000000000e+00 0.0000000000e+00
2.9406445722e-01 0.0000000000e+00 0.0000000000e+00
2.9112230490e-01 0.0000000000e+00 0.0000000000e+00
2.6247801259e-01 0.0000000000e+00 0.0000000000e+00
5.9330856800e-01 0.0000000000e+00 0.0000000000e+00
2.0849242061e-01 0.0000000000e+00 0.0000000000e+00
2.3554244886e-01 0.0000000000e+00 0.0000000000e+00
2.2915319478e-01 0.0000000000e+00 0.0000000000e+00
2.3198375106e-01 0.0000000000e+00 0.0000000000e+00
2.3168758427e-01 0.0000000000e+00 0.0000000000e+00
2.4916192268e-01 0.0000000000e+00 0.0000000000e+00
2.4343764285e-01 0.0000000000e+00 0.0000000000e+00
2.7323887746e-01 0.0000000000e+00 0.0000000000e+00
2.9058591525e-01 0.0000000000e+00 0.0000000000e+00
3.2549285392e-01 0.0000000000e+00 0.0000000000e+00
3.3338986834e-01 0.0000000000e+00 0.0000000000e+00
2.6605561996e-01 0.0000000000e+00 0.0000000000e+00
2.7758014823e-01 0.0000000000e+00 0.0000000000e+00
2.8387900566e-01 0.0000000000e+00 0.0000000000e+00
2.9264700164e-01 0.0000000000e+00 0.0000000000e+00
2.2029910237e-01 0.0000000000e+00 0.0000000000e+00
2.2668443993e-01 0.0000000000e+00 0.0000000000e+00
2.1561231837e-01 0.0000000000e+00 0.0000000000e+00
2.3391101137e-01 0.0000000000e+00 0.0000000000e+00
2.0562001318e-01 0.0000000000e+00 0.0000000000e+00
2.3043591529e-01 0.0000000000e+00 0.0000000000e+00
0.0000000000e+00 0.0000000000e+00 0.0000000000e+00
3.1772187109e-06 0.0000000000e+00 0.0000000000e+00
0.0000000000e+00 0.0000000000e+00 0.0000000000e+00
8.0314640627e-06 0.0000000000e+00 0.0000000000e+00
2.5897601214e-05 0.0000000000e+00 0.0000000000e+00
2.0184479051e-05 0.0000000000e+00 0.0000000000e+00
0.0000000000e+00 0.0000000000e+00 0.0000000000e+00
0.0000000000e+00 0.0000000000e+00 0.0000000000e+00
0.0000000000e+00 0.0000000000e+00 0.0000000000e+00
0.0000000000e+00 0.0000000000e+00 0.0000000000e+00
2.3809153921e-05 0.0000000000e+00 0.0000000000e+00
0.0000000000e+00 0.0000000000e+00 0.0000000000e+00
4.9433681302e-06 0.0000000000e+00 0.0000000000e+00
3.2530579877e-06 0.0000000000e+00 0.0000000000e+00
0.0000000000e+00 0.0000000000e+00 0.0000000000e+00
0.0000000000e+00 0.0000000000e+00 0.0000000000e+00
7.1900979985e-07 0.0000000000e+00 0.0000000000e+00
0.0000000000e+00 0.0000000000e+00 0.0000000000e+00
7.2058022719e-07 0.0000000000e+00 0.0000000000e+00
0.0000000000e+00 0.0000000000e+00 0.0000000000e+00
8.3044147156e-06 0.0000000000e+00 0.0000000000e+00
4.9545351051e-07 7.1262654848e-02 6.2954988967e-06
1.4386644665e-02 1.4217761780e-01 9.7788919384e-02
7.0816828248e-02 8.2928601652e-02 5.5358788309e-02
3.3607271189e-02 6.0860058603e-02 4.3474234330e-02
6.8408385850e-02 5.9770609873e-02 0.0000000000e+00
3.9724124440e-02 5.9092729352e-02 0.0000000000e+00
1.1313300331e-01 5.4174467921e-02 2.3210435951e-02
1.0627564229e-01 3.9775195532e-02 5.1661358132e-03
1.0026262825e-01 4.3884396863e-02 3.0876713494e-02
1.2144728440e-01 4.4985344323e-02 2.1340706386e-02
1.0848415208e-01 4.6905897247e-02 8.1100719787e-03
1.6583960553e+00 0.0000000000e+00 0.0000000000e+00
1.6556668182e+00 0.0000000000e+00 0.0000000000e+00
1.6427875757e+00 0.0000000000e+00 0.0000000000e+00
1.6583235264e+00 0.0000000000e+00 0.0000000000e+00
1.6332013011e+00 0.0000000000e+00 0.0000000000e+00
1.6013233562e+00 0.0000000000e+00 0.0000000000e+00
1.6170848211e+00 0.0000000000e+00 0.0000000000e+00
1.6156379580e+00 0.0000000000e+00 0.0000000000e+00
1.6165095568e+00 0.0000000000e+00 0.0000000000e+00
1.5978474518e+00 0.0000000000e+00 0.0000000000e+00
1.6127323210e+00 0.0000000000e+00 0.0000000000e+00
1.6056318879e+00 0.0000000000e+00 0.0000000000e+00
1.6201782326e+00 0.0000000000e+00 0.0000000000e+00
1.6043858627e+00 0.0000000000e+00 0.0000000000e+00
1.6036224663e+00 0.0000000000e+00 0.0000000000e+00
1.5883812706e+00 0.0000000000e+00 0.0000000000e+00
1.6038145522e+00 0.0000000000e+00 0.0000000000e+00
1.5982863009e+00 0.0000000000e+00 0.0000000000e+00
1.6078043779e+00 0.0000000000e+00 0.0000000000e+00
1.5233909289e+00 0.0000000000e+00 0.0000000000e+00
1.5386394759e+00 0.0000000000e+00 0.0000000000e+00
1.5280139148e+00 0.0000000000e+00 0.0000000000e+00
1.5222579936e+00 0.0000000000e+00 0.0000000000e+00
1.5176916818e+00 0.0000000000e+00 0.0000000000e+00
1.5196227531e+00 0.0000000000e+00 0.0000000000e+00
1.5296270549e+00 0.0000000000e+00 0.0000000000e+00
1.5291268826e+00 0.0000000000e+00 0.0000000000e+00
1.5297242999e+00 0.0000000000e+00 0.0000000000e+00
1.5284701486e+00 0.0000000000e+00 0.0000000000e+00
1.5289571981e+00 0.0000000000e+00 0.0000000000e+00
1.5377394458e+00 0.0000000000e+00 0.0000000000e+00
1.5548344751e+00 0.0000000000e+00 0.0000000000e+00
1.5621133149e+00 0.0000000000e+00 0.0000000000e+00
1.5489229560e+00 0.0000000000e+00 0.0000000000e+00
1.5526350240e+00 0.0000000000e+00 0.0000000000e+00
1.5621797343e+00 0.0000000000e+00 0.0000000000e+00
1.5698204935e+00 0.0000000000e+00 0.0000000000e+00
1.5583658914e+00 0.0000000000e+00 0.0000000000e+00
1.5613008241e+00 0.0000000000e+00 0.0000000000e+00
1.5535614391e+00 0.0000000000e+00 0.0000000000e+00
1.5661917528e+00 0.0000000000e+00 0.0000000000e+00
1.5425953964e+00 0.0000000000e+00 0.0000000000e+00
1.7622932792e+00 0.0000000000e+00 0.0000000000e+00
4.2395788183e-01 0.0000000000e+00 0.0000000000e+00
4.2421934754e-01 0.0000000000e+00 0.0000000000e+00
4.2589670171e-01 0.0000000000e+00 0.0000000000e+00
4.2547257741e-01 0.0000000000e+00 0.0000000000e+00
4.2467091729e-01 0.0000000000e+00 0.0000000000e+00
4.2254605990e-03 7.1107594265e-03 9.3529412523e-02
4.2155307407e-03 7.0672773467e-03 9.4011609753e-02
4.2449541894e-03 3.1953492392e-03 1.0157139289e-01
4.4509794679e-03 2.9230034146e-03 1.5589593537e-01
4.7095227637e-03 7.3517228884e-03 1.0782145460e-01
4.6530937155e-03 3.7510723910e-03 7.6527642397e-02
5.1523907653e-03 4.3459310352e-02 5.7513476194e-02
4.6768637258e-03 7.6537760227e-03 1.1115159715e-01
4.5248627042e-03 4.9894366975e-03 1.0638868995e-01
4.5260410213e-03 4.7712297736e-03 1.2887182708e-01
4.3285659049e-03 3.0192329704e-02 8.6678623532e-02
4.0581170470e-03 2.7167254050e-02 8.5082933928e-02
4.1036540836e-03 4.0237746978e-02 9.4106043068e-02
4.2092600682e-03 5.5131644011e-02 8.1060950955e-02
4.2938550275e-03 2.9088284712e-03 1.5780631887e-01
3.8555335486e-03 3.9569752936e-03 1.2789336468e-01
4.6035227521e-03 1.0173355788e-01 7.8357331765e-02
4.8230482110e-03 9.4191705769e-03 1.1638430941e-01
5.5474866531e-03 1.2596668585e-03 1.1564233340e-01
4.2618603523e-03 3.4208376674e-03 6.9304115915e-02
4.8004723891e-03 8.1971815501e-03 1.5485020168e-01
6.8452421110e-03 4.6305429811e-02 1.3720969421e-01
3.6794978854e-03 2.5666600281e-02 1.0894897476e-02
4.2775589779e-03 8.2076928417e-04 1.0698674541e-02
3.3314199536e-03 8.2969120704e-02 1.2875320662e-02
5.6502302565e-03 6.1445654680e-02 6.4009620187e-02
3.6401300652e-03 1.1387702574e-01 1.5885186614e-02
3.5981535912e-03 8.2342310125e-03 3.8249268352e-02
2.4607765644e-02 4.8797039315e-02 2.0032766710e-01
1.9405459675e-02 1.1962705020e-02 9.1958027643e-02
3.6173566089e-02 9.2283313473e-02 1.0048377328e-01
1.4175850859e-02 2.3454490001e-02 7.8754496761e-02
3.8510233785e-02 4.0746148210e-02 1.9550505653e-01
3.3413312708e-02 7.2086502177e-02 1.8071365729e-01
3.0808356901e-02 1.1850212514e-01 1.2197511146e-01
3.0968935462e-02 4.1186981524e-02 1.0579686115e-01
3.0232074826e-02 1.3358488058e-01 1.4455694829e-01
3.5700607734e-02 1.0694901086e-01 1.5807639932e-01
2.8322886365e-02 1.1352792440e-02 1.7432652290e-01
2.6889506805e-02 1.1152285539e-02 3.0323239168e-01
2.6889506805e-02 1.1152285539e-02 3.0323239168e-01
3.1690597224e-02 4.9713997481e-02 1.9128768767e-01
2.7236864824e-02 1.3052084297e-01 9.4925775503e-02
2.6962643179e-02 1.2489204730e-01 1.0863648045e-01
2.6115241849e-02 1.9201451167e-01 1.1723656580e-01
2.9831085820e-02 1.2980361034e-01 1.4100007651e-01
2.5891713720e-02 4.1188951892e-02 1.0679959630e-01
3.0107393550e-02 1.2604594789e-01 1.2957542514e-01
2.1588547776e-02 7.9535647916e-02 1.3932451668e-01
2.7355431501e-02 1.2934663333e-02 1.5028618959e-01
2.2604123612e-02 6.5785759129e-02 5.2193110498e-02
9.7468649037e-03 4.5412426455e-03 2.8185582906e-01
1.7275990685e-02 6.3460863632e-03 2.4991018325e-01
1.8850339732e-02 5.1216925979e-03 2.1908039724e-01
2.2288385934e-02 4.1707586730e-03 1.3543989758e-01
2.2288385934e-02 4.1707586730e-03 1.3543989758e-01
2.4551425905e-02 6.0000127104e-02 1.2318844348e-01
2.9505174374e-02 4.5010103277e-03 2.1075808754e-01
1.7097463133e-02 5.9208585881e-02 7.9233075803e-02
2.3923048827e-02 9.7545134525e-02 8.2189468667e-02
2.9381792837e-02 5.0990296528e-02 8.2549947314e-02
2.7715941891e-02 4.3051603405e-02 7.5308871766e-02
2.5432285465e-02 4.5989400086e-02 8.0967507325e-02
1.9254969976e-02 8.3161099193e-02 7.3943808985e-02
2.3635607446e-02 7.3800800679e-02 7.9791810674e-02
3.3739376813e-02 7.9118687970e-02 7.3226315590e-02
3.1159835712e-02 5.8243653116e-02 8.0803283180e-02
2.3916062511e-02 1.8782939141e-02 9.7863518943e-02
2.8319285717e-02 4.0041443116e-02 8.3227456547e-02
2.8462158982e-02 5.7165491084e-02 8.3007084516e-02
3.2585749247e-02 3.8441231319e-02 7.3797235265e-02
3.1481872002e-02 3.6592495395e-02 7.9523767034e-02
3.1456306887e-02 4.2013108420e-02 7.7083752801e-02
3.1288389427e-02 3.8931543163e-02 7.9246887937e-02
2.8516125089e-02 3.6685974027e-02 8.2388944303e-02
2.9634712109e-02 3.6235071719e-02 8.4281264494e-02
3.0186084720e-02 3.6212138366e-02 8.2463748132e-02
2.8778985298e-02 4.0923295077e-02 8.3599932492e-02
3.0237778711e-02 4.3358883200e-02 8.0292656397e-02
2.8603580936e-02 3.5983406628e-02 8.3226061737e-02
3.7543807644e-02 3.4522376023e-02 8.0699757983e-02
3.9860345889e-02 3.8098842371e-02 7.6629289426e-02
3.9124218902e-02 2.9297015009e-02 7.9703543335e-02
3.9801768338e-02 2.6414073228e-02 7.8675726429e-02
3.7580546923e-02 2.6672504687e-02 8.0576319868e-02
3.8697237770e-02 3.2198922088e-02 7.9967005178e-02
3.3355633418e-02 8.4298741072e-02 6.1500337906e-02
3.6203446332e-02 4.4326368098e-02 7.8892393659e-02
3.3883920250e-02 4.0271971685e-02 8.6606032525e-02
3.1118109977e-02 1.5465506539e-01 4.2557531347e-02
2.8831598970e-02 1.6647493218e-01 4.5896443538e-02
3.0664861357e-02 2.0720993976e-01 3.1061383740e-02
3.0745349824e-02 2.0129075274e-01 3.1376895184e-02
2.7317186662e-02 2.4751236166e-01 2.6468922539e-02
2.8074335307e-02 2.3020345097e-01 2.9082637901e-02
2.7510873973e-02 2.6699751367e-01 2.4004838274e-02
2.7862474012e-02 2.6385169849e-01 2.3494373541e-02
2.7348263344e-02 2.6077770442e-01 2.4803272138e-02
2.7348263344e-02 2.6077770442e-01 2.4803272138e-02
2.7626876875e-02 2.5870241597e-01 2.5387935185e-02
2.7440957725e-02 2.5092161819e-01 2.6584067227e-02
2.7610342174e-02 2.5406075269e-01 2.5530364054e-02
2.6928015829e-02 2.4595443904e-01 3.2453657283e-02
2.7390556720e-02 2.4320189406e-01 3.2099078254e-02
3.4776646178e-02 1.7734050254e-01 2.6453768369e-02
2.3278329211e-02 1.3830162647e-01 7.3499355155e-02
1.7335150624e-02 9.8057073851e-02 8.4138325105e-02
2.6033949417e-02 1.6691496285e-01 1.8854304915e-02
2.6767655897e-02 1.7404439673e-01 1.7026120098e-02
2.7268738175e-02 1.6809914323e-01 1.7812896365e-02
1.8122233916e-02 1.5364642255e-01 1.0616725544e-02
1.9053485012e-02 7.4169714625e-02 1.0590713549e-02
1.9899145622e-02 7.4521563637e-02 1.1676396670e-02
1.8133694849e-02 1.0076813214e-01 1.0912398381e-02
5.5851772117e-02 6.6877460728e-02 1.2162711200e-02
3.2465979457e-03 0.0000000000e+00 0.0000000000e+00
1.3497424940e-04 0.0000000000e+00 0.0000000000e+00
0.0000000000e+00 0.0000000000e+00 0.0000000000e+00
0.0000000000e+00 0.0000000000e+00 0.0000000000e+00
0.0000000000e+00 0.0000000000e+00 0.0000000000e+00
3.4073327546e-05 0.0000000000e+00 0.0000000000e+00
6.1679553956e-06 0.0000000000e+00 0.0000000000e+00
0.0000000000e+00 0.0000000000e+00 0.0000000000e+00
8.4091526223e-03 0.0000000000e+00 0.0000000000e+00
8.4091526223e-03 0.0000000000e+00 0.0000000000e+00
3.7304962946e-03 0.0000000000e+00 0.0000000000e+00
7.8834010346e-03 0.0000000000e+00 0.0000000000e+00
7.8834010346e-03 0.0000000000e+00 0.0000000000e+00
7.9674481919e-03 0.0000000000e+00 0.0000000000e+00
7.9674481919e-03 0.0000000000e+00 0.0000000000e+00
7.9627473024e-03 0.0000000000e+00 0.0000000000e+00
7.9697181063e-03 0.0000000000e+00 0.0000000000e+00
7.9698726380e-03 0.0000000000e+00 0.0000000000e+00
1.0952192116e-02 0.0000000000e+00 0.0000000000e+00
1.0903123883e-02 0.0000000000e+00 0.0000000000e+00
1.0907263078e-02 0.0000000000e+00 0.0000000000e+00
1.0496958217e-02 0.0000000000e+00 0.0000000000e+00
1.0530403262e-02 0.0000000000e+00 0.0000000000e+00
1.0530403262e-02 0.0000000000e+00 0.0000000000e+00
1.0713448884e-02 0.0000000000e+00 0.0000000000e+00
1.0719114381e-02 0.0000000000e+00 0.0000000000e+00
1.2951216777e-02 0.0000000000e+00 0.0000000000e+00
1.2950601425e-02 0.0000000000e+00 0.0000000000e+00
1.2956260490e-02 0.0000000000e+00 0.0000000000e+00
1.3041133371e-02 0.0000000000e+00 0.0000000000e+00
1.3041133371e-02 0.0000000000e+00 0.0000000000e+00
1.3041133371e-02 0.0000000000e+00 0.0000000000e+00
1.3067914134e-02 0.0000000000e+00 0.0000000000e+00
1.2310529477e-02 0.0000000000e+00 0.0000000000e+00
1.2350413172e-02 0.0000000000e+00 0.0000000000e+00
1.2071578841e-02 0.0000000000e+00 0.0000000000e+00
1.1997642170e-02 0.0000000000e+00 0.0000000000e+00
1.2043487184e-02 0.0000000000e+00 0.0000000000e+00
1.2279944106e-02 0.0000000000e+00 0.0000000000e+00
1.2514604779e-02 0.0000000000e+00 0.0000000000e+00
1.2465005275e-02 0.0000000000e+00 0.0000000000e+00
1.2351039739e-02 0.0000000000e+00 0.0000000000e+00
1.2398854267e-02 0.0000000000e+00 0.0000000000e+00
1.3077717119e-02 0.0000000000e+00 0.0000000000e+00
1.3077717119e-02 0.0000000000e+00 0.0000000000e+00
1.3145347456e-02 0.0000000000e+00 0.0000000000e+00
1.3060441376e-02 0.0000000000e+00 0.0000000000e+00
1.3017881409e-02 0.0000000000e+00 0.0000000000e+00
1.3063341922e-02 0.0000000000e+00 0.0000000000e+00
1.3057090129e-02 0.0000000000e+00 0.0000000000e+00
1.3063612472e-02 0.0000000000e+00 0.0000000000e+00
1.3066970607e-02 0.0000000000e+00 0.0000000000e+00
1.2627064056e-02 0.0000000000e+00 0.0000000000e+00
1.2954930639e-02 0.0000000000e+00 0.0000000000e+00
1.2998674045e-02 0.0000000000e+00 0.0000000000e+00
1.3009562235e-02 0.0000000000e+00 0.0000000000e+00
1.2999688605e-02 0.0000000000e+00 0.0000000000e+00
1.2999555853e-02 0.0000000000e+00 0.0000000000e+00
1.3075829522e-02 0.0000000000e+00 0.0000000000e+00
1.2998515003e-02 0.0000000000e+00 0.0000000000e+00
1.2996298280e-02 0.0000000000e+00 0.0000000000e+00
1.3077675540e-02 0.0000000000e+00 0.0000000000e+00
1.3006607711e-02 0.0000000000e+00 0.0000000000e+00
2.0214667718e-02 0.0000000000e+00 0.0000000000e+00
2.0204246219e-02 0.0000000000e+00 0.0000000000e+00
2.0144690119e-02 0.0000000000e+00 0.0000000000e+00
2.0143118609e-02 0.0000000000e+00 0.0000000000e+00
1.8874147596e-02 0.0000000000e+00 0.0000000000e+00
1.8872208505e-02 0.0000000000e+00 0.0000000000e+00
1.8709285379e-02 0.0000000000e+00 0.0000000000e+00
1.8709285379e-02 0.0000000000e+00 0.0000000000e+00
1.8700579065e-02 0.0000000000e+00 0.0000000000e+00
2.2565277119e-02 0.0000000000e+00 0.0000000000e+00
2.2652576018e-02 0.0000000000e+00 0.0000000000e+00
2.2477940947e-02 0.0000000000e+00 0.0000000000e+00
2.2649851957e-02 0.0000000000e+00 0.0000000000e+00
2.2656337455e-02 0.0000000000e+00 0.0000000000e+00
2.2656377366e-02 0.0000000000e+00 0.0000000000e+00
2.2656377366e-02 0.0000000000e+00 0.0000000000e+00
2.3314394445e-02 0.0000000000e+00 0.0000000000e+00
2.3314394445e-02 0.0000000000e+00 0.0000000000e+00
2.3433674476e-02 0.0000000000e+00 0.0000000000e+00
2.3546390876e-02 0.0000000000e+00 0.0000000000e+00
2.2808037310e-02 0.0000000000e+00 0.0000000000e+00
2.2825306747e-02 0.0000000000e+00 0.0000000000e+00
2.2690726347e-02 0.0000000000e+00 0.0000000000e+00
2.2825499201e-02 0.0000000000e+00 0.0000000000e+00
2.2146513259e-02 0.0000000000e+00 0.0000000000e+00
2.2826098216e-02 0.0000000000e+00 0.0000000000e+00
2.2767859608e-02 0.0000000000e+00 0.0000000000e+00
2.2702060135e-02 0.0000000000e+00 0.0000000000e+00
2.2752649151e-02 0.0000000000e+00 0.0000000000e+00
2.2738050204e-02 0.0000000000e+00 0.0000000000e+00
2.2531613319e-02 0.0000000000e+00 0.0000000000e+00
1.6338732559e-02 0.0000000000e+00 0.0000000000e+00
1.5517240351e-02 0.0000000000e+00 0.0000000000e+00
1.5528845096e-02 0.0000000000e+00 0.0000000000e+00
1.5977535397e-02 0.0000000000e+00 0.0000000000e+00
1.5926264964e-02 0.0000000000e+00 0.0000000000e+00
1.5937334974e-02 0.0000000000e+00 0.0000000000e+00
1.5870247735e-02 0.0000000000e+00 0.0000000000e+00
1.5870247735e-02 0.0000000000e+00 0.0000000000e+00
1.5935793907e-02 0.0000000000e+00 0.0000000000e+00
1.5936569311e-02 0.0000000000e+00 0.0000000000e+00
1.5926356195e-02 0.0000000000e+00 0.0000000000e+00
1.5946540011e-02 0.0000000000e+00 0.0000000000e+00
1.6307095105e-02 0.0000000000e+00 0.0000000000e+00
1.3028521343e-02 0.0000000000e+00 0.0000000000e+00
1.3028724235e-02 0.0000000000e+00 0.0000000000e+00
1.4063098701e-02 0.0000000000e+00 0.0000000000e+00
1.2840118434e-02 0.0000000000e+00 0.0000000000e+00
1.7589622643e-02 0.0000000000e+00 0.0000000000e+00
1.7517324285e-02 0.0000000000e+00 0.0000000000e+00
1.7727057682e-02 0.0000000000e+00 0.0000000000e+00
1.7746208061e-02 0.0000000000e+00 0.0000000000e+00
1.7727966052e-02 0.0000000000e+00 0.0000000000e+00
1.7743014148e-02 0.0000000000e+00 0.0000000000e+00
1.7682377113e-02 0.0000000000e+00 0.0000000000e+00
1.7745576799e-02 0.0000000000e+00 0.0000000000e+00
1.7681913431e-02 0.0000000000e+00 0.0000000000e+00
1.7680737132e-02 0.0000000000e+00 0.0000000000e+00
1.7747146194e-02 0.0000000000e+00 0.0000000000e+00
1.7745619911e-02 0.0000000000e+00 0.0000000000e+00
1.3369713677e-02 0.0000000000e+00 0.0000000000e+00
1.3382793986e-02 0.0000000000e+00 0.0000000000e+00
1.3382793986e-02 0.0000000000e+00 0.0000000000e+00
1.3367694686e-02 0.0000000000e+00 0.0000000000e+00
1.0560857617e-02 0.0000000000e+00 0.0000000000e+00
1.0560071561e-02 0.0000000000e+00 0.0000000000e+00
1.0557520941e-02 0.0000000000e+00 0.0000000000e+00
1.0560642850e-02 0.0000000000e+00 0.0000000000e+00
1.0560642850e-02 0.0000000000e+00 0.0000000000e+00
1.1290999052e-02 1.8056549675e-02 9.7279910309e-04
1.3645871853e-02 1.7178422616e-02 1.3094421738e-03
1.4716728823e-02 4.0935813760e-02 1.3784041997e-03
1.5466132745e-02 1.4884023617e-02 1.2828639398e-03
1.5289599930e-02 2.4811770457e-02 6.3448836348e-04
1.5319855185e-02 1.9238120255e-02 1.0952410909e-03
1.5081884262e-02 2.0176218745e-02 2.6472267151e-03
1.3870117798e-02 2.2855367822e-02 1.2350768229e-03
1.3837856241e-02 2.0563931049e-02 1.2194167454e-03
1.3890204486e-02 2.0945787895e-02 1.9028954363e-03
1.4375785521e-02 1.1260119810e-02 6.7712808232e-04
1.4630660803e-02 1.4348043439e-02 1.9601729485e-03
1.1707139279e-02 1.7972700919e-02 4.2777373649e-04
1.0868858042e-02 1.9682653869e-02 3.0682781168e-04
1.0819545714e-02 9.2683514425e-03 7.6146811625e-04
1.1026536153e-02 8.2182136442e-03 7.4866623860e-04
8.6288925959e-03 2.7229617020e-03 2.2929127328e-02
9.4913639671e-03 6.0760207707e-03 1.4357549837e-02
8.9449874358e-03 5.5345923562e-03 1.7055821915e-02
9.0540137996e-03 4.0722327152e-03 2.0787025336e-02
1.1443382556e-02 1.0286811118e-02 2.1097882651e-02
1.1080247699e-02 8.5588730484e-03 1.7644788759e-02
1.3169710292e-02 8.2135255604e-03 1.2461133550e-01
1.0780725745e-02 2.4841854562e-03 1.2254252781e-01
9.4077499816e-03 1.5507798021e-02 7.0236668922e-02
1.5561899558e-02 1.3907743075e-02 1.1370924488e-01
1.8236101683e-02 1.2761696630e-02 1.0810673982e-01
1.8243876286e-02 1.0891623485e-02 1.2603518739e-01
1.8497496999e-02 1.9950677796e-02 1.1203723152e-01
1.7866783775e-02 1.2253782557e-02 1.1176253731e-01
1.9462773654e-02 1.0746889825e-02 1.1653208298e-01
1.2118078924e-04 4.5352761481e-03 6.6069847406e-04
8.9006350026e-04 1.5791139565e-02 3.6944789625e-03
3.9152568206e-04 1.6450749167e-02 7.5777929139e-04
1.9534052808e-04 4.8807277189e-02 7.9487004007e-02
2.5182500030e-04 4.9280550797e-02 3.2908634966e-01
1.0894850311e-04 7.3424256298e-03 1.8373100223e-05
2.0721603651e-02 4.4000324172e-02 2.2243899669e-05
1.1592565667e-03 6.5909023639e-03 4.0208572056e-02
0.0000000000e+00 8.3918279949e-03 2.0712559793e-05
8.5795712471e-01 0.0000000000e+00 0.0000000000e+00
7.7534213662e-01 0.0000000000e+00 0.0000000000e+00
4.2788662265e-01 0.0000000000e+00 0.0000000000e+00
8.3037643135e-01 0.0000000000e+00 0.0000000000e+00
8.1446300944e-01 0.0000000000e+00 0.0000000000e+00
8.7030233443e-01 0.0000000000e+00 0.0000000000e+00
8.9807767669e-01 0.0000000000e+00 0.0000000000e+00
6.6037948430e-01 0.0000000000e+00 0.0000000000e+00
9.7832350930e-01 0.0000000000e+00 0.0000000000e+00
7.4584539731e-01 0.0000000000e+00 0.0000000000e+00
8.7168603639e-01 0.0000000000e+00 0.0000000000e+00
1.0818549891e+00 0.0000000000e+00 0.0000000000e+00
1.3143893679e+00 0.0000000000e+00 0.0000000000e+00
2.4952195287e+00 0.0000000000e+00 0.0000000000e+00
7.8358017405e-01 0.0000000000e+00 0.0000000000e+00
2.5473975937e+00 0.0000000000e+00 0.0000000000e+00
4.0152611931e+00 0.0000000000e+00 0.0000000000e+00
1.0063825299e+00 0.0000000000e+00 0.0000000000e+00
9.2580905060e-01 0.0000000000e+00 0.0000000000e+00
1.0050423642e+00 0.0000000000e+00 0.0000000000e+00
1.2744219999e+00 0.0000000000e+00 0.0000000000e+00
1.0374023020e+00 0.0000000000e+00 0.0000000000e+00
1.5699133774e+00 0.0000000000e+00 0.0000000000e+00
1.3364577194e+00 0.0000000000e+00 0.0000000000e+00
3.8067490856e+00 0.0000000000e+00 0.0000000000e+00
1.3790126344e+00 0.0000000000e+00 0.0000000000e+00
4.2441747189e+00 0.0000000000e+00 0.0000000000e+00
4.2564682563e+00 0.0000000000e+00 0.0000000000e+00
4.2606359323e+00 0.0000000000e+00 0.0000000000e+00
4.2621832291e+00 0.0000000000e+00 0.0000000000e+00
4.2605548302e+00 0.0000000000e+00 0.0000000000e+00
4.2928791841e+00 0.0000000000e+00 0.0000000000e+00
4.4201196035e+00 0.0000000000e+00 0.0000000000e+00
4.4317414363e+00 0.0000000000e+00 0.0000000000e+00
4.4400728146e+00 0.0000000000e+00 0.0000000000e+00
4.4883572261e+00 0.0000000000e+00 0.0000000000e+00
4.5218119621e+00 0.0000000000e+00 0.0000000000e+00
4.4428267479e+00 0.0000000000e+00 0.0000000000e+00
5.4665623109e+00 0.0000000000e+00 0.0000000000e+00
5.4325623512e+00 0.0000000000e+00 0.0000000000e+00
5.4077098370e+00 0.0000000000e+00 0.0000000000e+00
1.6572533449e+00 0.0000000000e+00 0.0000000000e+00
2.3828215996e+00 0.0000000000e+00 0.0000000000e+00
2.0415546497e+00 0.0000000000e+00 0.0000000000e+00
2.0415546497e+00 0.0000000000e+00 0.0000000000e+00
5.4707312187e+00 0.0000000000e+00 0.0000000000e+00
3.2529889941e+00 0.0000000000e+00 0.0000000000e+00
5.1516664028e+00 0.0000000000e+00 0.0000000000e+00
1.7341166437e+00 0.0000000000e+00 0.0000000000e+00
9.8915755749e-01 0.0000000000e+00 0.0000000000e+00
7.6738479733e-01 0.0000000000e+00 0.0000000000e+00
7.3509389162e-01 0.0000000000e+00 0.0000000000e+00
7.2843096157e-01 0.0000000000e+00 0.0000000000e+00
4.7775950829e+00 0.0000000000e+00 0.0000000000e+00
4.7806061904e+00 0.0000000000e+00 0.0000000000e+00
4.7668745915e+00 0.0000000000e+00 0.0000000000e+00
4.7767879168e+00 0.0000000000e+00 0.0000000000e+00
4.7967845599e+00 0.0000000000e+00 0.0000000000e+00
4.7879172961e+00 0.0000000000e+00 0.0000000000e+00
4.7816299995e+00 0.0000000000e+00 0.0000000000e+00
4.7778740327e+00 0.0000000000e+00 0.0000000000e+00
4.7815629641e+00 0.0000000000e+00 0.0000000000e+00
4.7705219587e+00 0.0000000000e+00 0.0000000000e+00
4.7748116652e+00 0.0000000000e+00 0.0000000000e+00
4.7839682500e+00 0.0000000000e+00 0.0000000000e+00
3.5972734690e+00 0.0000000000e+00 0.0000000000e+00
3.5862256289e+00 0.0000000000e+00 0.0000000000e+00
2.7668566704e+00 0.0000000000e+00 0.0000000000e+00
2.7733298540e+00 0.0000000000e+00 0.0000000000e+00
2.7933841745e+00 0.0000000000e+00 0.0000000000e+00
2.7433322668e+00 0.0000000000e+00 0.0000000000e+00
2.7305197120e+00 0.0000000000e+00 0.0000000000e+00
2.7355272969e+00 0.0000000000e+00 0.0000000000e+00
2.7789031466e+00 0.0000000000e+00 0.0000000000e+00
2.7329360048e+00 0.0000000000e+00 0.0000000000e+00
2.7373777827e+00 0.0000000000e+00 0.0000000000e+00
2.7430226207e+00 0.0000000000e+00 0.0000000000e+00
2.7450996836e+00 0.0000000000e+00 0.0000000000e+00
2.7247851888e+00 0.0000000000e+00 0.0000000000e+00
2.7291175326e+00 0.0000000000e+00 0.0000000000e+00
2.7470134894e+00 0.0000000000e+00 0.0000000000e+00
2.7992471854e+00 0.0000000000e+00 0.0000000000e+00
2.8400171002e+00 0.0000000000e+00 0.0000000000e+00
2.8696416020e+00 0.0000000000e+00 0.0000000000e+00
2.8718172510e+00 0.0000000000e+00 0.0000000000e+00
2.8842702111e+00 0.0000000000e+00 0.0000000000e+00
2.8695871035e+00 0.0000000000e+00 0.0000000000e+00
2.8813278874e+00 0.0000000000e+00 0.0000000000e+00
2.3595293363e+00 0.0000000000e+00 0.0000000000e+00
2.3542568882e+00 0.0000000000e+00 0.0000000000e+00
2.3494253357e+00 0.0000000000e+00 0.0000000000e+00
8.3561340347e-02 2.2181649227e-02 8.4765720802e-02
1.3959127727e-01 3.5224978812e-02 7.2390932279e-02
3.8855399005e-02 4.7680504310e-02 6.3503314120e-02
2.5086390227e-01 4.2068444192e-02 6.6304000715e-02
1.5755864729e-01 1.9637663166e-01 1.9768525303e-02
1.8822361529e-01 1.5610799938e-01 4.1666607140e-03
8.6627135364e-03 1.4460046279e-01 4.3260494713e-03
1.7560364604e+00 0.0000000000e+00 0.0000000000e+00
1.7922600508e+00 0.0000000000e+00 0.0000000000e+00
1.7857605418e+00 0.0000000000e+00 0.0000000000e+00
6.4398445686e-01 0.0000000000e+00 0.0000000000e+00
1.7859816154e+00 0.0000000000e+00 0.0000000000e+00
1.3341726661e+00 0.0000000000e+00 0.0000000000e+00
5.4587055246e-01 0.0000000000e+00 0.0000000000e+00
1.8212004798e-02 0.0000000000e+00 0.0000000000e+00
1.1106807838e+00 0.0000000000e+00 0.0000000000e+00
0.0000000000e+00 0.0000000000e+00 2.8932797084e-09
3.0214239378e-03 0.0000000000e+00 0.0000000000e+00
7.5943506757e-01 0.0000000000e+00 0.0000000000e+00
1.2769660850e-01 1.9251928106e-01 3.9585890093e-03
1.4331897876e-02 1.7078442996e-01 6.7873736067e-03
2.0980155716e-01 2.9861486703e-01 2.5695319132e-02
8.4799147832e-03 1.6388621926e-01 3.0000519085e-03
1.7885144552e-01 2.0663968846e-01 7.8556378527e-03
0.0000000000e+00 0.0000000000e+00 0.0000000000e+00
1.8459994992e+00 0.0000000000e+00 0.0000000000e+00
2.9528965925e-01 1.3273707281e-01 2.9121812161e-03
1.7834616204e-01 2.8327977036e-01 9.5880431666e-03
0.0000000000e+00 0.0000000000e+00 0.0000000000e+00
0.0000000000e+00 0.0000000000e+00 0.0000000000e+00
6.9083764652e-01 0.0000000000e+00 0.0000000000e+00
1.3034852743e+00 0.0000000000e+00 0.0000000000e+00
1.9828567704e+00 0.0000000000e+00 0.0000000000e+00
0.0000000000e+00 0.0000000000e+00 0.0000000000e+00
3.2682843879e-01 0.0000000000e+00 0.0000000000e+00
0.0000000000e+00 0.0000000000e+00 0.0000000000e+00
0.0000000000e+00 1.6321831817e-01 1.3273117815e-01
0.0000000000e+00 3.3299338073e-01 1.2382615590e-02
0.0000000000e+00 3.3252362659e-01 1.0089215787e-03
0.0000000000e+00 0.0000000000e+00 8.4367170530e-06
0.0000000000e+00 1.6512542074e-09 2.2784407217e-05
3.6862464125e-01 0.0000000000e+00 0.0000000000e+00
0.0000000000e+00 0.0000000000e+00 6.0035263057e-09
1.8684668839e+00 0.0000000000e+00 0.0000000000e+00
1.8747348487e+00 0.0000000000e+00 0.0000000000e+00
1.8753767113e+00 0.0000000000e+00 0.0000000000e+00
5.9049525609e-02 1.4335991753e-01 1.0386863103e-02
2.0347356920e-01 2.0608014117e-01 3.7790028068e-02
6.9516247014e-01 0.0000000000e+00 0.0000000000e+00
2.0457362731e+00 0.0000000000e+00 0.0000000000e+00
0.0000000000e+00 0.0000000000e+00 1.3093070095e-06
0.0000000000e+00 0.0000000000e+00 0.0000000000e+00
0.0000000000e+00 0.0000000000e+00 0.0000000000e+00
0.0000000000e+00 0.0000000000e+00 8.8533305605e-07
0.0000000000e+00 0.0000000000e+00 9.4449882700e-07
0.0000000000e+00 7.4138410886e-01 9.9751136592e-04
0.0000000000e+00 7.6434461772e-01 6.1590370599e-04
0.0000000000e+00 7.1088278294e-01 6.1019447388e-04
0.0000000000e+00 6.7657551666e-01 7.2266916859e-04
0.0000000000e+00 6.4698504408e-01 7.6591074467e-03
7.7374473835e-02 0.0000000000e+00 0.0000000000e+00
4.8345600410e-02 2.8115343091e-08 0.0000000000e+00
1.1559915170e-01 2.8902872392e-08 0.0000000000e+00
3.7640563523e-02 0.0000000000e+00 0.0000000000e+00
2.4661315450e-02 0.0000000000e+00 0.0000000000e+00
3.7455686213e-02 0.0000000000e+00 0.0000000000e+00
4.0534405969e-02 0.0000000000e+00 0.0000000000e+00
3.0345528324e-01 0.0000000000e+00 0.0000000000e+00
4.2394670658e-02 0.0000000000e+00 0.0000000000e+00
0.0000000000e+00 0.0000000000e+00 0.0000000000e+00
4.3852862281e-02 0.0000000000e+00 0.0000000000e+00
0.0000000000e+00 0.0000000000e+00 0.0000000000e+00
0.0000000000e+00 0.0000000000e+00 0.0000000000e+00
3.7545937113e-02 0.0000000000e+00 0.0000000000e+00
4.2700505195e-02 0.0000000000e+00 0.0000000000e+00
0.0000000000e+00 0.0000000000e+00 0.0000000000e+00
2.0023349207e-02 0.0000000000e+00 0.0000000000e+00
4.1157818089e-02 0.0000000000e+00 0.0000000000e+00
3.9871530297e-02 0.0000000000e+00 0.0000000000e+00
4.5047994703e-02 0.0000000000e+00 0.0000000000e+00
4.6998124259e-02 0.0000000000e+00 0.0000000000e+00
4.5676860027e-02 0.0000000000e+00 0.0000000000e+00
3.0443658121e-02 0.0000000000e+00 0.0000000000e+00
2.7106543692e-02 0.0000000000e+00 0.0000000000e+00
2.4578086721e-02 0.0000000000e+00 0.0000000000e+00
6.3225659852e-02 0.0000000000e+00 0.0000000000e+00
6.1646719463e-02 0.0000000000e+00 0.0000000000e+00
2.3589517797e-01 0.0000000000e+00 0.0000000000e+00
4.6731108489e-02 0.0000000000e+00 0.0000000000e+00
5.5279692945e-02 0.0000000000e+00 0.0000000000e+00
6.0021662464e-02 0.0000000000e+00 0.0000000000e+00
5.1556988930e-02 0.0000000000e+00 0.0000000000e+00
5.1811557574e-02 0.0000000000e+00 0.0000000000e+00
1.0583591958e-01 0.0000000000e+00 0.0000000000e+00
6.5366752446e-02 0.0000000000e+00 0.0000000000e+00
3.9407202974e-02 0.0000000000e+00 0.0000000000e+00
0.0000000000e+00 0.0000000000e+00 0.0000000000e+00
5.7637857584e-02 0.0000000000e+00 0.0000000000e+00
3.4037410708e-03 0.0000000000e+00 0.0000000000e+00
2.3842771538e-02 0.0000000000e+00 0.0000000000e+00
4.3369842693e-02 0.0000000000e+00 0.0000000000e+00
5.2202016115e-02 0.0000000000e+00 0.0000000000e+00
0.0000000000e+00 0.0000000000e+00 0.0000000000e+00
0.0000000000e+00 0.0000000000e+00 0.0000000000e+00
4.7351446003e-02 0.0000000000e+00 0.0000000000e+00
3.3903001187e-02 0.0000000000e+00 0.0000000000e+00
3.4447826197e-01 0.0000000000e+00 0.0000000000e+00
6.8837698239e-02 0.0000000000e+00 0.0000000000e+00
2.0471440131e-01 0.0000000000e+00 0.0000000000e+00
0.0000000000e+00 0.0000000000e+00 0.0000000000e+00
1.1948051242e-01 0.0000000000e+00 0.0000000000e+00
6.1242345410e-02 0.0000000000e+00 0.0000000000e+00
5.4580867601e-02 0.0000000000e+00 0.0000000000e+00
9.1954960565e-03 0.0000000000e+00 0.0000000000e+00
4.8563711656e-03 0.0000000000e+00 0.0000000000e+00
7.9103534420e-03 0.0000000000e+00 0.0000000000e+00
2.3222511883e-01 0.0000000000e+00 0.0000000000e+00
0.0000000000e+00 7.3924838754e-07 0.0000000000e+00
0.0000000000e+00 0.0000000000e+00 0.0000000000e+00
0.0000000000e+00 0.0000000000e+00 0.0000000000e+00
0.0000000000e+00 0.0000000000e+00 0.0000000000e+00
0.0000000000e+00 6.7535328204e-07 0.0000000000e+00
0.0000000000e+00 0.0000000000e+00 0.0000000000e+00
0.0000000000e+00 0.0000000000e+00 0.0000000000e+00
0.0000000000e+00 0.0000000000e+00 0.0000000000e+00
0.0000000000e+00 0.0000000000e+00 0.0000000000e+00
0.0000000000e+00 0.0000000000e+00 0.0000000000e+00
0.0000000000e+00 0.0000000000e+00 0.0000000000e+00
5.4737140924e-07 0.0000000000e+00 0.0000000000e+00
0.0000000000e+00 0.0000000000e+00 0.0000000000e+00
8.2479090224e-07 0.0000000000e+00 0.0000000000e+00
8.2479090224e-07 0.0000000000e+00 0.0000000000e+00
0.0000000000e+00 0.0000000000e+00 0.0000000000e+00
0.0000000000e+00 0.0000000000e+00 0.0000000000e+00
0.0000000000e+00 0.0000000000e+00 0.0000000000e+00
0.0000000000e+00 0.0000000000e+00 0.0000000000e+00
7.6146988022e-06 0.0000000000e+00 0.0000000000e+00
5.3669185339e-06 0.0000000000e+00 0.0000000000e+00
1.7780423164e-01 0.0000000000e+00 0.0000000000e+00
0.0000000000e+00 0.0000000000e+00 0.0000000000e+00
0.0000000000e+00 0.0000000000e+00 0.0000000000e+00
0.0000000000e+00 0.0000000000e+00 0.0000000000e+00
0.0000000000e+00 0.0000000000e+00 0.0000000000e+00
0.0000000000e+00 0.0000000000e+00 0.0000000000e+00
0.0000000000e+00 0.0000000000e+00 0.0000000000e+00
0.0000000000e+00 0.0000000000e+00 0.0000000000e+00
1.4608993941e-05 0.0000000000e+00 0.0000000000e+00
7.4774276982e-05 0.0000000000e+00 0.0000000000e+00
0.0000000000e+00 0.0000000000e+00 0.0000000000e+00
0.0000000000e+00 0.0000000000e+00 0.0000000000e+00
0.0000000000e+00 0.0000000000e+00 0.0000000000e+00
0.0000000000e+00 0.0000000000e+00 0.0000000000e+00
0.0000000000e+00 0.0000000000e+00 0.0000000000e+00
0.0000000000e+00 0.0000000000e+00 0.0000000000e+00
0.0000000000e+00 0.0000000000e+00 0.0000000000e+00
0.0000000000e+00 0.0000000000e+00 0.0000000000e+00
0.0000000000e+00 0.0000000000e+00 0.0000000000e+00
0.0000000000e+00 0.0000000000e+00 0.0000000000e+00
0.0000000000e+00 0.0000000000e+00 0.0000000000e+00
0.0000000000e+00 0.0000000000e+00 0.0000000000e+00
0.0000000000e+00 0.0000000000e+00 0.0000000000e+00
8.9800693104e-08 0.0000000000e+00 0.0000000000e+00
0.0000000000e+00 0.0000000000e+00 0.0000000000e+00
0.0000000000e+00 0.0000000000e+00 0.0000000000e+00
0.0000000000e+00 0.0000000000e+00 0.0000000000e+00
1.0466886465e-05 0.0000000000e+00 0.0000000000e+00
0.0000000000e+00 0.0000000000e+00 0.0000000000e+00
0.0000000000e+00 0.0000000000e+00 0.0000000000e+00
0.0000000000e+00 0.0000000000e+00 0.0000000000e+00
7.3060058057e-02 0.0000000000e+00 0.0000000000e+00
8.2655718923e-01 0.0000000000e+00 0.0000000000e+00
4.3736672898e-01 0.0000000000e+00 0.0000000000e+00
2.6943339407e-01 0.0000000000e+00 0.0000000000e+00
3.6964958409e-01 0.0000000000e+00 0.0000000000e+00
7.8908815980e-01 0.0000000000e+00 0.0000000000e+00
4.8455059032e-01 0.0000000000e+00 0.0000000000e+00
5.7269335290e-01 0.0000000000e+00 0.0000000000e+00
5.1994092266e-01 0.0000000000e+00 0.0000000000e+00
4.9328656991e-01 0.0000000000e+00 0.0000000000e+00
4.4989773134e-01 0.0000000000e+00 0.0000000000e+00
6.3853959739e-01 0.0000000000e+00 0.0000000000e+00
4.8142708341e-01 0.0000000000e+00 0.0000000000e+00
1.7324984968e+00 0.0000000000e+00 0.0000000000e+00
1.6989973585e+00 0.0000000000e+00 0.0000000000e+00
1.7904045780e+00 0.0000000000e+00 0.0000000000e+00
1.8361132443e+00 0.0000000000e+00 0.0000000000e+00
1.8689498901e+00 0.0000000000e+00 0.0000000000e+00
1.4638078809e+00 0.0000000000e+00 0.0000000000e+00
1.4862652421e+00 0.0000000000e+00 0.0000000000e+00
1.5967870553e+00 0.0000000000e+00 0.0000000000e+00
1.5060072641e+00 0.0000000000e+00 0.0000000000e+00
1.5270335873e+00 0.0000000000e+00 0.0000000000e+00
1.5175084372e+00 0.0000000000e+00 0.0000000000e+00
1.4783972502e+00 0.0000000000e+00 0.0000000000e+00
1.3980763753e+00 0.0000000000e+00 0.0000000000e+00
1.3340539535e+00 0.0000000000e+00 0.0000000000e+00
1.3789383570e+00 0.0000000000e+00 0.0000000000e+00
1.3611218035e+00 0.0000000000e+00 0.0000000000e+00
1.3350683153e+00 0.0000000000e+00 0.0000000000e+00
1.3371609350e+00 0.0000000000e+00 0.0000000000e+00
3.8798577463e-02 5.5726831973e-03 1.1992297911e-02
1.8438167373e-01 1.3346613928e-02 9.6676999419e-06
2.8891026850e-01 1.4714408976e-02 1.1183348249e-05
4.1532038897e-01 1.1081536549e-01 3.6097794691e-05
3.3025273929e-01 7.4902900495e-02 2.1416253389e-05
1.1604251301e-02 4.6659234989e-03 1.5564724570e-02
2.9569098804e-02 1.7369065499e-03 1.7471152901e-02
1.6190603453e-02 2.1590085467e-02 1.1422762647e-02
2.8350396703e-02 3.1989800918e-03 1.8272359855e-02
1.1615170321e-02 1.0992715562e-02 1.6939896314e-02
1.2342297938e-02 6.3092635246e-03 2.1242686392e-02
3.8256160604e-02 1.3706258032e-03 2.8488264730e-02
8.7398751639e-03 5.0650243869e-06 5.0587065518e-02
5.3490284481e-03 0.0000000000e+00 6.9152234122e-02
2.0744145227e-02 1.5371526464e-06 2.7969654451e-03
6.4925844199e-03 0.0000000000e+00 1.9146426038e-02
2.4479304285e-02 4.1962283426e-08 8.4432356234e-03
2.2818432190e-02 1.3438654160e-07 1.4170914205e-01
1.6268862450e-02 1.0258579762e-04 1.3058532029e-01
5.7907808029e-03 1.1533204081e-07 1.0098134167e-01
4.7676570248e-03 2.8720321528e-08 5.0140326843e-02
3.3670437833e-02 5.4312682056e-08 9.7514317061e-02
1.4305228658e-02 3.6261567823e-08 7.4369433646e-02
1.5348338444e-02 6.0421332234e-08 1.7869835137e-02
4.1815605461e-03 0.0000000000e+00 4.9211045727e-02
1.8309670500e-02 0.0000000000e+00 7.5826631549e-02
0.0000000000e+00 6.2267454807e-02 4.4504638451e-02
0.0000000000e+00 1.0361254370e-01 5.4754959109e-02
0.0000000000e+00 1.2968478041e-01 6.3620027776e-02
1.3620693469e-02 8.5995327060e-02 2.0831282949e-02
1.0364426455e-02 7.3464550078e-02 6.2048930675e-02
6.7481342897e-03 4.1602835020e-02 3.9828114367e-02
5.6623197258e-03 6.6417807403e-02 3.3954173947e-02
7.9670610430e-03 4.3287794571e-02 3.1942834457e-02
7.1173219864e-03 7.3739332457e-02 3.6670088923e-02
5.6047068598e-03 3.9672517528e-02 4.9349895834e-02
8.3261249820e-03 2.3988098682e-02 4.7748944412e-02
0.0000000000e+00 2.9892544262e-02 5.0744030314e-02
3.1945586064e-03 3.4388771281e-02 3.9939419987e-02
7.4718769756e-03 2.7263122766e-02 4.1404072661e-02
7.8540797889e-03 3.0486049441e-02 4.7574220846e-02
0.0000000000e+00 3.6502358969e-02 4.3295429864e-02
0.0000000000e+00 2.5460101742e-02 4.3369594185e-02
1.4154289374e-05 3.8095658024e-02 4.2296952102e-02
0.0000000000e+00 3.7422862059e-02 5.1313061422e-02
2.4964307037e-04 2.5825136302e-02 3.2159464201e-02
6.2153834006e-04 3.1728217533e-02 5.4049650828e-02
0.0000000000e+00 8.6943199548e-02 0.0000000000e+00
1.5936920228e-07 3.8487953755e-02 0.0000000000e+00
0.0000000000e+00 1.8611328676e-02 4.8879077192e-02
0.0000000000e+00 1.6352252026e-02 6.3477597510e-02
0.0000000000e+00 3.1721608558e-02 6.2624603820e-02
0.0000000000e+00 3.1824212677e-02 1.6457982982e-02
0.0000000000e+00 3.1994573772e-02 2.7055551608e-02
0.0000000000e+00 2.5973343678e-02 6.4929787380e-02
0.0000000000e+00 2.5083783238e-02 3.7416518511e-02
0.0000000000e+00 2.6904084176e-02 2.7663047969e-02
0.0000000000e+00 2.4767649127e-02 3.1089921482e-02
0.0000000000e+00 1.9602694083e-02 5.4149098694e-02
0.0000000000e+00 2.5716588134e-02 2.7773943574e-02
0.0000000000e+00 2.5521560960e-02 2.2463887930e-02
0.0000000000e+00 2.6712540071e-02 1.9447230734e-02
0.0000000000e+00 2.6267231287e-02 1.9811193536e-02
0.0000000000e+00 2.6922388313e-02 2.0812364450e-02
2.0212842363e-05 2.7341091695e-02 2.7562698505e-02
0.0000000000e+00 2.8205872513e-02 2.0521046749e-02
0.0000000000e+00 2.8711619011e-02 1.5970025056e-02
8.2915198808e-06 1.6777862639e-02 2.4060934239e-02
0.0000000000e+00 3.4559031172e-02 1.2679154926e-02
0.0000000000e+00 3.4650632646e-02 1.3376399603e-02
0.0000000000e+00 3.2732656381e-02 1.4471672087e-02
0.0000000000e+00 3.7703928072e-02 1.5771880280e-02
0.0000000000e+00 3.6926082025e-02 1.7299282985e-02
0.0000000000e+00 2.6137960299e-02 1.6780486330e-02
0.0000000000e+00 4.9395473674e-02 2.2500541061e-02
0.0000000000e+00 3.4555714267e-02 1.7753346435e-02
0.0000000000e+00 3.3807738995e-02 1.7128368762e-02
0.0000000000e+00 3.0789991220e-02 1.2612881294e-02
5.8092007293e-07 3.4713554507e-02 1.7589559235e-02
1.2597552749e-06 3.4227197990e-02 2.8581564625e-02
0.0000000000e+00 3.5742840885e-02 2.4655593792e-02
0.0000000000e+00 4.2386885422e-02 2.5454736082e-02
0.0000000000e+00 1.3477380019e-02 1.1219777671e-02
0.0000000000e+00 3.0125280066e-02 1.2060637469e-02
0.0000000000e+00 1.3305066231e-02 1.1004431445e-02
0.0000000000e+00 1.3382322621e-02 2.1035021947e-02
0.0000000000e+00 3.6839468405e-02 8.5709219178e-03
0.0000000000e+00 1.5951849753e-02 1.2639592440e-02
0.0000000000e+00 1.2754263201e-02 6.3596036440e-03
0.0000000000e+00 1.8370712409e-02 4.8529669487e-03
0.0000000000e+00 2.6501739087e-02 1.4572753687e-02
0.0000000000e+00 1.4635124011e-02 6.4061323840e-03
0.0000000000e+00 1.6368643148e-02 1.5760060167e-02
0.0000000000e+00 2.0599719370e-02 3.4211271559e-03
0.0000000000e+00 1.1171228718e-02 1.3730012191e-02
0.0000000000e+00 3.2280803503e-02 1.9094834958e-02
1.4716631728e-03 1.4364567973e-02 1.1530236846e-02
1.0023711281e-03 1.5434333356e-02 1.1889774430e-02
9.9234038498e-04 1.3761281346e-02 1.4649446743e-02
1.0327156985e-03 1.8574057613e-02 4.2774708903e-03
9.8526172951e-04 1.2421464742e-02 1.1541122299e-02
3.5363692064e-06 1.1396960084e-02 1.8205817401e-02
9.1080064400e-04 1.2368615794e-02 8.6290594190e-03
0.0000000000e+00 1.3334014841e-02 1.1833847578e-02
0.0000000000e+00 1.7422477637e-02 1.2726951313e-02
0.0000000000e+00 1.5466096074e-02 1.3001330119e-02
4.0443560086e-07 1.1230498087e-02 1.6968017366e-02
4.1213196293e-06 8.0345473446e-03 1.7906438637e-02
0.0000000000e+00 1.0654114264e-02 2.0523530198e-02
0.0000000000e+00 7.0672824707e-03 1.9338635611e-02
0.0000000000e+00 8.4843569008e-03 6.9146808858e-02
0.0000000000e+00 1.5569803771e-02 5.1615048666e-02
0.0000000000e+00 1.6303639704e-02 4.0339109333e-02
0.0000000000e+00 2.7921025952e-02 5.3903754801e-02
1.0720187032e-03 1.7060843529e-02 2.0848767444e-02
6.1030091698e-04 1.1251566388e-02 4.8687250353e-02
6.9732062790e-04 1.6223305836e-02 4.9871539697e-02
8.5616620102e-04 3.8919248909e-03 5.4156028666e-02
5.2272127959e-07 9.6024812665e-03 2.2018594667e-02
0.0000000000e+00 2.3397184753e-02 3.6885341164e-02
2.3437477144e-08 2.7137748431e-02 3.0759974072e-02
1.0416030273e-03 1.0163823026e-02 3.8931470985e-02
0.0000000000e+00 1.2959768414e-02 3.0035317410e-02
0.0000000000e+00 1.4646007602e-02 2.2736137112e-02
1.8439696287e-03 4.7752636989e-03 4.5740548133e-03
4.4474749593e-03 6.7468476288e-03 1.2669159410e-02
2.6857395812e-03 5.3741346152e-03 1.2386171302e-02
9.3789650418e-04 5.2000155168e-03 7.7256292958e-03
6.5936200144e-06 8.1305089019e-03 3.5051268060e-02
2.4621345934e-10 1.3982991300e-02 1.0009350566e-01
6.1022362934e-04 9.3849589660e-03 6.6255035189e-02
2.2113948243e-07 1.0745762886e-02 1.2757576816e-01
2.0372121944e-03 7.0731753949e-03 2.5440749479e-02
5.3773021117e-07 1.0187361040e-02 4.7593547807e-02
0.0000000000e+00 1.1779119959e-02 1.0637573937e-02
1.9445194242e-03 9.9044307135e-03 6.7770005204e-02
1.5916376336e-03 9.6168428815e-03 8.0093377580e-02
0.0000000000e+00 7.5203364249e-03 3.7024876724e-02
4.3340562712e-06 7.0125474206e-03 1.7099235129e-02
5.6514724080e-03 8.6146802253e-03 7.0431846194e-02
5.5365334144e-05 4.2588506476e-03 4.3858251534e-02
1.8343304012e-03 4.7952930909e-03 4.1468898766e-02
4.2794229197e-06 7.7053898713e-03 2.7488441439e-02
0.0000000000e+00 8.6176696544e-03 2.7537640184e-02
0.0000000000e+00 1.5555618098e-02 5.6935871330e-02
0.0000000000e+00 1.6084335667e-02 5.6519284534e-02
0.0000000000e+00 1.2593036634e-02 2.6260002516e-02
1.2422920857e-04 1.3204688284e-02 1.1746058279e-02
6.8943972777e-04 1.7474408727e-02 9.3891235689e-02
2.3951966796e-04 1.2135652243e-02 3.4229423230e-02
1.3648583626e-04 1.2239217836e-02 2.8334704228e-02
1.3907700777e-02 1.5053087457e-02 5.4254412651e-02
0.0000000000e+00 1.3823714922e-02 3.0872580595e-02
0.0000000000e+00 1.4296945029e-02 3.3927631254e-02
0.0000000000e+00 1.2989545008e-02 4.4566113191e-02
0.0000000000e+00 1.3277870409e-02 5.1351138080e-02
0.0000000000e+00 1.2245982226e-02 6.0267977417e-02
0.0000000000e+00 1.3979875948e-02 5.5964240494e-02
0.0000000000e+00 1.4655932474e-02 5.7295063511e-02
0.0000000000e+00 1.5307636776e-02 8.5080352612e-02
0.0000000000e+00 1.2244433048e-02 6.6813070948e-02
0.0000000000e+00 1.0467818861e-02 1.0014321531e-01
0.0000000000e+00 9.7820124356e-03 7.5364347858e-02
0.0000000000e+00 9.2876040144e-03 1.3067731323e-01
0.0000000000e+00 9.4037321396e-03 1.9536071022e-01
0.0000000000e+00 9.7129885107e-03 2.2123544166e-01
0.0000000000e+00 8.1583713569e-03 1.3677165347e-01
0.0000000000e+00 1.1125978859e-02 1.0413392199e-01
0.0000000000e+00 9.9291286897e-03 1.6907091563e-01
0.0000000000e+00 7.4178350624e-03 1.2098635485e-01
0.0000000000e+00 7.2377069543e-03 1.1629252508e-01
0.0000000000e+00 6.7809708805e-03 1.7490473265e-01
0.0000000000e+00 7.7860066667e-03 1.1584941670e-01
0.0000000000e+00 7.5285489826e-03 1.5881300718e-01
0.0000000000e+00 0.0000000000e+00 2.3594405126e-07
0.0000000000e+00 0.0000000000e+00 2.3344665578e-07
0.0000000000e+00 5.4600227865e-06 2.9570292644e-07
0.0000000000e+00 7.6725328123e-06 7.7202972193e-07
0.0000000000e+00 0.0000000000e+00 5.3944085939e-08
0.0000000000e+00 0.0000000000e+00 0.0000000000e+00
0.0000000000e+00 7.9202428272e-06 0.0000000000e+00
0.0000000000e+00 0.0000000000e+00 0.0000000000e+00
0.0000000000e+00 4.5803277837e-09 7.1947716545e-04
0.0000000000e+00 9.9030717198e-03 1.7631698524e-01
0.0000000000e+00 0.0000000000e+00 4.1093141334e-08
0.0000000000e+00 0.0000000000e+00 0.0000000000e+00
0.0000000000e+00 0.0000000000e+00 0.0000000000e+00
0.0000000000e+00 0.0000000000e+00 0.0000000000e+00
0.0000000000e+00 0.0000000000e+00 0.0000000000e+00
3.2656204887e-02 3.6900597811e-01 2.4951960632e-05
1.7752302065e-01 0.0000000000e+00 0.0000000000e+00
6.5335362529e-02 1.9246314466e-01 4.7863933792e-05
4.2155968336e-02 2.0401642720e-01 4.7903763289e-05
4.7482901874e-02 3.8028704623e-01 4.5630117237e-05
3.7801987181e-02 3.5266481092e-01 4.4545899783e-05
5.5741412255e-02 4.1819301496e-01 4.4555526766e-05
4.9877115215e-02 3.9202049375e-01 5.0565764141e-05
4.0680496333e-02 5.2389366925e-01 4.4577685628e-05
3.6548301267e-02 7.0765521626e-01 4.3640545618e-05
3.6684183404e-02 7.3577002684e-01 4.5834020905e-05
3.9709684129e-02 7.2990945975e-01 4.6230930423e-05
3.6187776985e-02 7.4591520925e-01 4.6200688393e-05
4.1566547006e-02 7.3545993368e-01 4.6212434664e-05
3.7186373025e-02 7.4066965779e-01 4.6647778277e-05
3.7236340344e-02 7.3089030882e-01 4.7932805638e-05
4.0093859347e-02 7.4328248203e-01 4.6242840734e-05
3.8711339856e-02 7.3557358483e-01 4.6241489827e-05
2.0474120198e-02 7.3418422043e-01 4.6272639215e-05
2.5495882922e-02 7.1137895683e-01 4.5881727947e-05
4.3538238543e-02 7.1846620242e-01 4.6317202532e-05
3.9239794637e-02 7.0468087991e-01 4.5902474990e-05
3.0661663506e-02 7.0214402676e-01 4.5884379224e-05
3.7908779768e-02 7.1054691573e-01 4.5883719788e-05
4.0222704721e-02 7.0922255516e-01 4.6312837161e-05
3.6442425102e-02 7.1131740510e-01 6.6547376804e-05
3.6633880499e-02 6.1097385983e-01 7.2735566988e-05
1.1560849845e-02 5.9323974202e-01 7.2766904661e-05
2.0516644542e-02 6.1928275724e-01 7.2709215961e-05
0.0000000000e+00 6.6198353966e-01 6.8932643662e-05
0.0000000000e+00 5.9953963757e-01 7.3365282371e-05
0.0000000000e+00 8.0479988952e-01 6.6348063010e-05
0.0000000000e+00 8.3808526397e-01 6.6361559419e-05
0.0000000000e+00 8.4621005754e-01 6.6351312133e-05
0.0000000000e+00 8.4679139157e-01 6.8220585007e-05
0.0000000000e+00 8.4621005754e-01 6.6351312133e-05
0.0000000000e+00 8.2765725752e-01 6.6349995990e-05
4.3989596634e-05 8.4090501567e-01 6.6373843917e-05
2.1532064149e-02 7.8693885605e-01 6.8445425294e-05
0.0000000000e+00 8.4165808558e-01 6.6325485288e-05
0.0000000000e+00 8.2401663562e-01 6.6326676072e-05
1.9131068684e-02 8.2057845592e-01 8.1483139496e-05
0.0000000000e+00 8.3585297565e-01 6.6424176481e-05
2.7256770680e-02 8.3708091577e-01 8.1207725448e-05
1.8756315035e-02 8.3176708221e-01 8.6191935471e-05
0.0000000000e+00 8.4305891891e-01 6.6388778919e-05
2.4437565201e-02 8.2255494595e-01 8.3407981360e-05
2.2186713759e-02 8.0581437548e-01 6.9235285973e-05
3.6529883118e-06 6.9584607085e-01 6.9587399376e-05
3.6529883118e-06 6.9584607085e-01 6.9587399376e-05
5.5415377877e-05 7.4376852810e-01 8.5266420901e-05
2.6244195178e-02 6.9720930358e-01 7.0050520951e-05
3.2333136847e-02 6.8082069854e-01 6.6624434396e-05
1.4099501694e-02 6.7455659807e-01 7.7087611383e-05
2.6403402599e-02 6.9081200163e-01 7.7940926834e-05
2.5338901983e-02 6.8078063925e-01 8.4996063881e-05
0.0000000000e+00 6.5723497669e-01 5.4455174298e-04
1.2064080208e-04 6.9106258949e-01 8.6825180915e-04
0.0000000000e+00 6.8906039993e-01 5.2965736783e-04
3.0579403353e-02 6.7792949080e-01 6.7114840203e-04
2.3413398614e-02 6.5639930467e-01 6.2897019961e-04
1.7707903481e-02 6.6992988189e-01 3.4894523075e-04
4.0748177147e-06 7.1320115030e-01 3.2722758950e-06
3.3882562537e-02 6.6248296201e-01 1.0644784003e-03
0.0000000000e+00 7.2328327099e-01 2.1484710936e-03
0.0000000000e+00 7.0546318094e-01 3.4204069525e-03
0.0000000000e+00 7.0176948110e-01 2.3645863306e-03
0.0000000000e+00 6.9976599018e-01 1.8636278595e-03
0.0000000000e+00 6.9351416330e-01 3.1919907390e-03
0.0000000000e+00 6.9279124339e-01 6.2004085242e-03
0.0000000000e+00 6.8935330709e-01 4.2476474191e-03
0.0000000000e+00 6.9752753774e-01 3.6913753332e-03
0.0000000000e+00 6.8082000315e-01 5.5423496912e-03
0.0000000000e+00 6.4861223102e-01 6.5336042705e-03
0.0000000000e+00 7.0218093693e-01 6.5112468243e-03
0.0000000000e+00 7.0691410204e-01 3.0829652096e-03
0.0000000000e+00 7.1045913299e-01 5.1892089153e-03
0.0000000000e+00 6.6951183478e-01 7.2922063603e-03
0.0000000000e+00 6.9638265669e-01 5.6010244104e-03
0.0000000000e+00 7.0818674068e-01 6.0695207600e-03
0.0000000000e+00 6.5450420976e-01 3.1302041025e-03
0.0000000000e+00 6.2721846004e-01 3.0226846846e-02
0.0000000000e+00 6.2016132474e-01 2.8530550577e-03
0.0000000000e+00 6.5776550770e-01 6.5734076391e-03
0.0000000000e+00 6.0590430101e-01 3.6002604368e-03
0.0000000000e+00 5.3020038952e-01 6.9566575888e-03
0.0000000000e+00 6.0211903105e-01 1.0628574140e-03
0.0000000000e+00 5.2258309970e-01 7.3452183278e-03
2.7619360542e-15 5.2772514522e-01 6.5939810593e-03
0.0000000000e+00 4.9082955470e-01 2.0052131343e-03
0.0000000000e+00 6.2220169852e-01 1.6822834247e-03
0.0000000000e+00 6.4382399122e-01 2.7998896743e-03
0.0000000000e+00 6.2825836490e-01 1.1764454030e-03
0.0000000000e+00 4.6162031203e-02 3.3353815166e-02
0.0000000000e+00 5.5396642288e-01 3.3167014287e-03
0.0000000000e+00 6.0442793183e-02 1.1008256736e-02
0.0000000000e+00 5.2022137990e-02 1.1648123347e-02
0.0000000000e+00 5.1892183721e-02 1.2612124168e-02
0.0000000000e+00 5.1438636457e-02 1.3008772667e-02
0.0000000000e+00 5.5687345099e-02 1.4461060365e-02
0.0000000000e+00 6.8233727633e-02 2.2840434996e-02
0.0000000000e+00 1.2200225843e-02 2.6753714677e-03
0.0000000000e+00 3.4551474925e-02 3.2225946197e-03
0.0000000000e+00 6.2206321648e-03 2.8213677918e-04
0.0000000000e+00 6.2206321648e-03 2.8213677918e-04
0.0000000000e+00 4.2002868373e-02 6.3524254923e-04
0.0000000000e+00 4.2280949807e-02 5.8746389065e-04
0.0000000000e+00 4.1081318865e-02 2.9465828387e-04
0.0000000000e+00 6.3877077385e-03 6.3149871858e-04
0.0000000000e+00 4.1026637967e-02 5.4889136906e-04
0.0000000000e+00 4.2511984085e-02 6.0095322866e-04
0.0000000000e+00 4.1138907739e-02 6.1011812189e-04
0.0000000000e+00 6.3638582772e-03 6.2601943743e-04
0.0000000000e+00 4.2095825852e-02 6.0427603845e-04
0.0000000000e+00 4.2629818898e-02 5.2854748598e-04
0.0000000000e+00 4.1490840338e-02 1.9222875017e-04
0.0000000000e+00 4.1266954271e-02 2.2331487647e-04
0.0000000000e+00 4.3517221541e-02 8.9792104942e-04
0.0000000000e+00 3.3335166983e-02 3.4373252711e-03
0.0000000000e+00 3.6191868906e-02 2.3981624399e-03
0.0000000000e+00 3.4216103687e-02 2.2423873403e-03
0.0000000000e+00 2.9463900408e-02 8.5259336435e-03
0.0000000000e+00 5.8980210125e-01 7.6195558358e-04
0.0000000000e+00 5.6262264152e-01 7.2719343007e-04
0.0000000000e+00 7.9303951468e-02 4.7605736472e-04
0.0000000000e+00 8.6555675603e-02 4.3187277333e-04
0.0000000000e+00 6.0605096817e-01 0.0000000000e+00
0.0000000000e+00 3.8793650533e-02 5.7161862496e-03
0.0000000000e+00 3.8698233664e-02 5.7054455780e-03
0.0000000000e+00 5.8405350894e-01 1.1687835552e-03
0.0000000000e+00 2.9137834658e-01 0.0000000000e+00
0.0000000000e+00 5.6471581260e-02 5.3390413086e-04
1.5542049407e-09 3.7544169277e-01 0.0000000000e+00
1.0125587787e-06 5.0249419113e-01 0.0000000000e+00
1.0373842135e-06 4.8252049337e-01 0.0000000000e+00
1.2057486174e-06 4.7088299195e-01 0.0000000000e+00
0.0000000000e+00 3.6403567996e-02 1.5212693351e-06
8.1195138080e-07 5.4798435420e-01 0.0000000000e+00
0.0000000000e+00 1.1179298628e-02 1.1160510204e-02
1.3293087401e-06 4.8353766898e-01 0.0000000000e+00
2.1192698059e-09 2.2875069864e-02 1.4327763502e-02
1.2850493268e-06 4.5597810298e-01 2.0631981858e-02
0.0000000000e+00 3.9191457690e-03 3.7993511961e-02
3.9610123477e-08 5.3535955648e-01 1.9794882275e-02
4.2963453108e-11 7.8071251015e-01 0.0000000000e+00
0.0000000000e+00 4.8771820962e-01 2.2949580103e-02
0.0000000000e+00 4.9589023739e-01 2.3103227528e-02
0.0000000000e+00 4.9180977295e-01 2.2112901633e-02
0.0000000000e+00 3.7094857544e-01 1.8435239016e-02
6.9231928061e-11 3.5738098870e-01 1.3146310113e-02
0.0000000000e+00 3.1400622924e-01 1.8565424019e-02
0.0000000000e+00 3.1736801565e-01 2.1772414291e-02
0.0000000000e+00 2.9313860461e-01 5.8127032282e-02
0.0000000000e+00 3.4679188579e-01 5.5515370021e-02
0.0000000000e+00 1.8569865699e-01 3.3721901166e-02
0.0000000000e+00 1.4033359972e-01 5.7290810122e-03
0.0000000000e+00 2.0236382261e-01 7.2643884147e-02
0.0000000000e+00 1.2822972114e-01 1.4318956140e-02
0.0000000000e+00 7.6956018806e-02 2.1652800962e-02
0.0000000000e+00 7.6956018806e-02 2.1652800962e-02
0.0000000000e+00 1.9483366733e-01 3.9564048251e-02
0.0000000000e+00 1.5201849863e-01 3.4409615522e-02
0.0000000000e+00 9.7010332470e-02 1.9685489591e-02
9.8296220104e-02 0.0000000000e+00 0.0000000000e+00
7.2671094599e-02 0.0000000000e+00 0.0000000000e+00
7.6680623616e-02 0.0000000000e+00 0.0000000000e+00
3.7651179203e-02 0.0000000000e+00 0.0000000000e+00
6.4074818355e-02 0.0000000000e+00 0.0000000000e+00
6.7608948176e-02 0.0000000000e+00 0.0000000000e+00
6.7608948176e-02 0.0000000000e+00 0.0000000000e+00
7.9215865582e-02 0.0000000000e+00 0.0000000000e+00
6.1720206402e-02 0.0000000000e+00 0.0000000000e+00
5.8739139388e-02 0.0000000000e+00 0.0000000000e+00
5.8739139388e-02 0.0000000000e+00 0.0000000000e+00
5.9435917065e-02 0.0000000000e+00 0.0000000000e+00
6.3144191789e-02 0.0000000000e+00 0.0000000000e+00
5.0717258515e-02 0.0000000000e+00 0.0000000000e+00
4.4522167183e-02 0.0000000000e+00 0.0000000000e+00
8.2388311004e-02 0.0000000000e+00 0.0000000000e+00
8.0480919220e-02 0.0000000000e+00 0.0000000000e+00
8.5209141796e-02 0.0000000000e+00 0.0000000000e+00
9.3727222333e-02 0.0000000000e+00 0.0000000000e+00
7.1791701640e-02 0.0000000000e+00 0.0000000000e+00
6.9352071732e-02 0.0000000000e+00 0.0000000000e+00
7.4912183297e-02 0.0000000000e+00 0.0000000000e+00
7.4912183297e-02 0.0000000000e+00 0.0000000000e+00
7.4912183297e-02 0.0000000000e+00 0.0000000000e+00
6.2664951819e-02 0.0000000000e+00 0.0000000000e+00
5.9842853186e-02 0.0000000000e+00 0.0000000000e+00
4.8186411150e-02 0.0000000000e+00 0.0000000000e+00
2.1585001765e-02 0.0000000000e+00 0.0000000000e+00
2.1098128054e-02 0.0000000000e+00 0.0000000000e+00
2.1098128054e-02 0.0000000000e+00 0.0000000000e+00
2.2965693070e-02 0.0000000000e+00 0.0000000000e+00
2.3114807128e-02 0.0000000000e+00 0.0000000000e+00
2.5421352747e-02 0.0000000000e+00 0.0000000000e+00
2.1624411767e-02 0.0000000000e+00 0.0000000000e+00
4.4166821366e-02 0.0000000000e+00 0.0000000000e+00
3.3444958739e-02 0.0000000000e+00 0.0000000000e+00
4.3446028295e-02 0.0000000000e+00 0.0000000000e+00
7.8543523637e-02 0.0000000000e+00 0.0000000000e+00
7.8543523637e-02 0.0000000000e+00 0.0000000000e+00
5.2247230895e-02 0.0000000000e+00 0.0000000000e+00
7.9120804245e-02 0.0000000000e+00 0.0000000000e+00
6.5214379691e-02 0.0000000000e+00 0.0000000000e+00
6.5206514982e-02 0.0000000000e+00 0.0000000000e+00
7.0134693446e-02 0.0000000000e+00 0.0000000000e+00
1.4909898179e-01 0.0000000000e+00 0.0000000000e+00
1.2103560256e-01 0.0000000000e+00 0.0000000000e+00
1.2103560256e-01 0.0000000000e+00 0.0000000000e+00
1.1612216135e-01 0.0000000000e+00 0.0000000000e+00
4.7278975447e-02 0.0000000000e+00 0.0000000000e+00
7.6376046985e-02 0.0000000000e+00 0.0000000000e+00
9.1943128655e-02 0.0000000000e+00 0.0000000000e+00
9.6609198799e-02 0.0000000000e+00 0.0000000000e+00
9.8605493704e-02 0.0000000000e+00 0.0000000000e+00
8.2979022525e-02 0.0000000000e+00 0.0000000000e+00
6.4911349366e-02 0.0000000000e+00 0.0000000000e+00
6.4911349366e-02 0.0000000000e+00 0.0000000000e+00
1.0366094795e-01 0.0000000000e+00 0.0000000000e+00
7.5932845784e-02 0.0000000000e+00 0.0000000000e+00
7.7841602576e-02 0.0000000000e+00 0.0000000000e+00
8.1568743413e-02 0.0000000000e+00 0.0000000000e+00
8.1568743413e-02 0.0000000000e+00 0.0000000000e+00
7.7952420339e-02 0.0000000000e+00 0.0000000000e+00
3.0599863268e-02 0.0000000000e+00 0.0000000000e+00
9.0189276263e-02 0.0000000000e+00 0.0000000000e+00
6.3554000420e-02 0.0000000000e+00 0.0000000000e+00
6.0029092866e-02 0.0000000000e+00 0.0000000000e+00
7.6093470057e-02 0.0000000000e+00 0.0000000000e+00
5.7024030636e-02 0.0000000000e+00 0.0000000000e+00
6.4749793150e-02 0.0000000000e+00 0.0000000000e+00
6.7010132596e-02 0.0000000000e+00 0.0000000000e+00
6.1286288158e-02 0.0000000000e+00 0.0000000000e+00
4.8437537625e-02 0.0000000000e+00 0.0000000000e+00
1.3717973791e-01 0.0000000000e+00 0.0000000000e+00
4.6863322767e-02 0.0000000000e+00 0.0000000000e+00
1.3240105597e-01 0.0000000000e+00 0.0000000000e+00
2.3294782639e-01 0.0000000000e+00 0.0000000000e+00
1.2892823915e-01 0.0000000000e+00 0.0000000000e+00
1.2578068177e-01 0.0000000000e+00 0.0000000000e+00
1.2578068177e-01 0.0000000000e+00 0.0000000000e+00
1.2661177106e-01 0.0000000000e+00 0.0000000000e+00
1.2479846676e-01 0.0000000000e+00 0.0000000000e+00
1.2388035531e-01 0.0000000000e+00 0.0000000000e+00
1.2388035531e-01 0.0000000000e+00 0.0000000000e+00
1.2273149627e-01 0.0000000000e+00 0.0000000000e+00
1.2273149627e-01 0.0000000000e+00 0.0000000000e+00
1.2644917332e-01 0.0000000000e+00 0.0000000000e+00
1.3636968409e-01 0.0000000000e+00 0.0000000000e+00
1.3674113713e-01 0.0000000000e+00 0.0000000000e+00
1.4152003204e-01 0.0000000000e+00 0.0000000000e+00
1.4295062423e-01 0.0000000000e+00 0.0000000000e+00
1.2978657087e-01 0.0000000000e+00 0.0000000000e+00
1.0132796566e-01 0.0000000000e+00 0.0000000000e+00
1.0132796566e-01 0.0000000000e+00 0.0000000000e+00
1.1434702451e-01 0.0000000000e+00 0.0000000000e+00
1.1454469214e-01 0.0000000000e+00 0.0000000000e+00
4.6985294049e-02 0.0000000000e+00 0.0000000000e+00
4.6982305435e-02 0.0000000000e+00 0.0000000000e+00
4.6999737931e-02 0.0000000000e+00 0.0000000000e+00
4.6986697242e-02 0.0000000000e+00 0.0000000000e+00
4.6986697242e-02 0.0000000000e+00 0.0000000000e+00
4.6986697242e-02 0.0000000000e+00 0.0000000000e+00
9.8284278065e-02 0.0000000000e+00 0.0000000000e+00
9.7714945674e-02 0.0000000000e+00 0.0000000000e+00
7.5813536532e-02 0.0000000000e+00 0.0000000000e+00
7.6064340460e-02 0.0000000000e+00 0.0000000000e+00
7.6990565906e-02 0.0000000000e+00 0.0000000000e+00
7.6990565906e-02 0.0000000000e+00 0.0000000000e+00
7.2290332988e-02 0.0000000000e+00 0.0000000000e+00
7.2290332988e-02 0.0000000000e+00 0.0000000000e+00
7.2290332988e-02 0.0000000000e+00 0.0000000000e+00
1.0709154209e+00 0.0000000000e+00 0.0000000000e+00
1.0590265095e+00 0.0000000000e+00 0.0000000000e+00
1.0657296975e+00 0.0000000000e+00 0.0000000000e+00
3.8357468943e-01 0.0000000000e+00 0.0000000000e+00
3.9940581222e-01 0.0000000000e+00 0.0000000000e+00
5.7723623017e-01 0.0000000000e+00 0.0000000000e+00
5.7723623017e-01 0.0000000000e+00 0.0000000000e+00
5.7901813090e-01 0.0000000000e+00 0.0000000000e+00
5.8420288563e-01 0.0000000000e+00 0.0000000000e+00
5.9052534898e-01 0.0000000000e+00 0.0000000000e+00
5.9052534898e-01 0.0000000000e+00 0.0000000000e+00
5.9052534898e-01 0.0000000000e+00 0.0000000000e+00
5.8517960211e-01 0.0000000000e+00 0.0000000000e+00
6.1247722308e-01 0.0000000000e+00 0.0000000000e+00
6.0634408394e-01 0.0000000000e+00 0.0000000000e+00
5.7145976027e-01 0.0000000000e+00 0.0000000000e+00
5.7145976027e-01 0.0000000000e+00 0.0000000000e+00
5.7701729735e-01 0.0000000000e+00 0.0000000000e+00
6.1674369872e-01 0.0000000000e+00 0.0000000000e+00
5.6808561583e-01 0.0000000000e+00 0.0000000000e+00
5.7443444928e-01 0.0000000000e+00 0.0000000000e+00
5.9846947094e-01 0.0000000000e+00 0.0000000000e+00
5.9846947094e-01 0.0000000000e+00 0.0000000000e+00
5.7527451714e-01 0.0000000000e+00 0.0000000000e+00
1.0988987784e+00 0.0000000000e+00 0.0000000000e+00
1.1656550964e+00 0.0000000000e+00 0.0000000000e+00
1.1656550964e+00 0.0000000000e+00 0.0000000000e+00
1.4101981819e+00 0.0000000000e+00 0.0000000000e+00
1.7400264442e+00 0.0000000000e+00 0.0000000000e+00
1.7824510932e+00 0.0000000000e+00 0.0000000000e+00
1.7824510932e+00 0.0000000000e+00 0.0000000000e+00
1.7824510932e+00 0.0000000000e+00 0.0000000000e+00
1.7824510932e+00 0.0000000000e+00 0.0000000000e+00
1.7842138608e+00 0.0000000000e+00 0.0000000000e+00
1.7513469855e+00 0.0000000000e+00 0.0000000000e+00
1.7423175474e+00 0.0000000000e+00 0.0000000000e+00
1.1962578694e+00 0.0000000000e+00 0.0000000000e+00
1.6341521740e+00 0.0000000000e+00 0.0000000000e+00
1.5847287277e+00 0.0000000000e+00 0.0000000000e+00
1.5847287277e+00 0.0000000000e+00 0.0000000000e+00
1.5733627677e+00 0.0000000000e+00 0.0000000000e+00
1.6644674242e+00 0.0000000000e+00 0.0000000000e+00
1.6648962100e+00 0.0000000000e+00 0.0000000000e+00
1.6051176190e+00 0.0000000000e+00 0.0000000000e+00
1.6948664089e+00 0.0000000000e+00 0.0000000000e+00
1.6341720025e+00 0.0000000000e+00 0.0000000000e+00
1.7200122476e+00 0.0000000000e+00 0.0000000000e+00
1.5677608152e+00 0.0000000000e+00 0.0000000000e+00
1.7386704087e+00 0.0000000000e+00 0.0000000000e+00
1.6119810045e+00 0.0000000000e+00 0.0000000000e+00
1.8455519875e+00 0.0000000000e+00 0.0000000000e+00
5.9305827133e-02 2.6857288710e-02 2.5285386849e-03
7.5850248337e-02 2.4363105573e-02 2.1280973529e-02
8.8344893690e-04 0.0000000000e+00 0.0000000000e+00
5.1749321525e-03 0.0000000000e+00 0.0000000000e+00
5.1749321525e-03 0.0000000000e+00 0.0000000000e+00
4.8248894406e-03 0.0000000000e+00 0.0000000000e+00
4.5439570677e-03 0.0000000000e+00 0.0000000000e+00
4.5439570677e-03 0.0000000000e+00 0.0000000000e+00
4.5439570677e-03 0.0000000000e+00 0.0000000000e+00
5.1380598064e-03 0.0000000000e+00 0.0000000000e+00
6.0755566228e-03 0.0000000000e+00 0.0000000000e+00
5.6029584957e-03 0.0000000000e+00 0.0000000000e+00
5.6851162517e-03 0.0000000000e+00 0.0000000000e+00
5.7857389911e-03 0.0000000000e+00 0.0000000000e+00
1.2769272357e-02 0.0000000000e+00 0.0000000000e+00
1.2769272357e-02 0.0000000000e+00 0.0000000000e+00
8.4510797759e-01 0.0000000000e+00 0.0000000000e+00
9.0414925913e-01 0.0000000000e+00 0.0000000000e+00
8.3315438529e-01 0.0000000000e+00 0.0000000000e+00
8.2864821454e-01 0.0000000000e+00 0.0000000000e+00
8.4638249874e-01 0.0000000000e+00 0.0000000000e+00
8.4638249874e-01 0.0000000000e+00 0.0000000000e+00
7.7508501212e-01 0.0000000000e+00 0.0000000000e+00
7.7943869432e-01 0.0000000000e+00 0.0000000000e+00
8.3003952603e-01 0.0000000000e+00 0.0000000000e+00
7.6210589707e-01 0.0000000000e+00 0.0000000000e+00
8.4239313503e-01 0.0000000000e+00 0.0000000000e+00
8.8998467227e-01 0.0000000000e+00 0.0000000000e+00
8.0012195309e-01 0.0000000000e+00 0.0000000000e+00
7.6561427116e-01 0.0000000000e+00 0.0000000000e+00
8.3652520180e-01 0.0000000000e+00 0.0000000000e+00
8.2175012926e-01 0.0000000000e+00 0.0000000000e+00
7.4399327735e-01 0.0000000000e+00 0.0000000000e+00
6.7894518872e-01 0.0000000000e+00 0.0000000000e+00
7.7720577021e-01 0.0000000000e+00 0.0000000000e+00
6.9996407131e-01 0.0000000000e+00 0.0000000000e+00
7.0987649759e-01 0.0000000000e+00 0.0000000000e+00
6.8759004772e-01 0.0000000000e+00 0.0000000000e+00
7.3380925755e-01 0.0000000000e+00 0.0000000000e+00
6.8564812839e-01 0.0000000000e+00 0.0000000000e+00
7.1437171598e-01 0.0000000000e+00 0.0000000000e+00
6.8101448317e-01 0.0000000000e+00 0.0000000000e+00
8.3459022144e-01 0.0000000000e+00 0.0000000000e+00
9.0166457991e-01 0.0000000000e+00 0.0000000000e+00
9.0312309563e-01 0.0000000000e+00 0.0000000000e+00
9.3915985525e-01 0.0000000000e+00 0.0000000000e+00
9.4124807914e-01 0.0000000000e+00 0.0000000000e+00
4.4248802122e-02 0.0000000000e+00 0.0000000000e+00
3.5428949942e-02 0.0000000000e+00 0.0000000000e+00
4.9528521641e-02 0.0000000000e+00 0.0000000000e+00
4.7824355929e-02 0.0000000000e+00 0.0000000000e+00
3.2999491940e-02 0.0000000000e+00 0.0000000000e+00
3.2999491940e-02 0.0000000000e+00 0.0000000000e+00
5.1434432777e-03 1.8289901471e-02 1.7492623612e-02
1.3146027535e-02 5.3992827423e-02 1.7263536341e-02
5.8425785586e-03 3.6666636666e-02 1.5405969229e-02
1.5685164835e-02 5.4959368271e-02 1.6045416783e-02
4.4800979085e-03 4.3588889142e-02 1.5917114991e-02
7.1323370794e-03 3.8732657519e-02 1.3117728367e-02
4.4360678827e-03 3.7688013166e-02 1.6322154241e-02
1.1034604938e-02 2.3633413638e-02 1.3093962955e-02
2.9325785484e-03 4.2007371783e-02 1.3731903785e-02
3.1292046673e-03 4.3440011020e-02 1.3920492725e-02
2.7672230305e-03 4.4018322291e-02 1.3521648012e-02
8.2408786208e-03 1.0864680260e-01 1.4149601494e-02
9.6042623433e-03 1.0926504682e-01 1.3780071866e-02
8.9479710829e-03 2.6416257751e-03 1.7238305649e-02
6.1545512484e-03 9.6675684055e-02 1.9598832509e-02
6.8119308174e-03 1.0782222450e-01 1.7126688578e-02
3.9803234831e-03 1.0106667938e-01 2.0797842803e-02
6.0132646856e-03 1.0121710102e-01 2.2682206783e-02
3.2877666866e-03 8.5860465343e-02 2.2060933911e-02
4.2584123730e-03 7.2012526604e-02 2.0023913744e-02
8.1218019089e-03 1.5998439988e-01 3.5356297779e-02
3.9587818222e-03 6.3927109043e-02 1.1323151761e-02
3.9587818222e-03 6.3927109043e-02 1.1323151761e-02
4.0002423436e-03 9.6020570025e-02 3.7665525917e-02
3.1612818420e-03 7.7564835859e-02 1.8614593505e-02
3.6181662193e-03 4.6547217077e-03 9.4675844690e-03
2.2374873360e-02 5.4172774466e-02 1.0330423775e-01
1.1725242560e-02 2.4768775484e-02 4.5755978674e-02
1.1725242560e-02 2.4768775484e-02 4.5755978674e-02
8.4171159348e-03 8.0673805593e-03 1.2056433091e-02
1.7042223675e-02 6.2469627087e-02 1.1753889360e-01
1.7042223675e-02 6.2469627087e-02 1.1753889360e-01
3.4080080533e-02 1.0168838470e-02 2.0753731097e-02
5.5812661846e-02 2.1664015716e-03 4.7526415748e-02
6.8606439667e-02 2.9342704608e-02 1.9615098601e-02
5.8602471836e-02 3.5154475520e-02 2.7925529828e-02
5.8602471836e-02 3.5154475520e-02 2.7925529828e-02
2.9895063179e-02 4.5257349499e-02 5.4216131258e-02
2.9895063179e-02 4.5257349499e-02 5.4216131258e-02
4.8381029628e-02 3.4491672491e-02 5.1589043501e-02
3.4631960870e-02 3.7676238455e-02 5.7859573824e-02
6.2430886552e-02 3.9100588610e-02 3.9916898434e-02
2.9841615508e-02 5.2763100403e-02 8.6846066328e-02
5.6048712072e-02 6.7307510562e-05 1.1819466793e-02
1.2268271608e-01 0.0000000000e+00 1.5391752279e-02
1.0354067634e-01 2.4495337158e-02 4.0148315486e-02
1.5102800354e-01 2.6560177871e-02 2.2913793412e-02
1.9000837952e-01 1.7497422562e-02 1.8749053280e-02
7.2559503218e-02 0.0000000000e+00 2.9187602301e-02
9.9165889124e-02 0.0000000000e+00 2.5477309478e-02
4.0848655626e-02 2.4634654556e-02 1.6998936189e-02
4.0848655626e-02 2.4634654556e-02 1.6998936189e-02
6.0074555067e-02 2.7463506131e-02 2.7003548574e-02
7.7941404035e-02 2.1462789426e-02 2.2263036420e-02
5.8794441943e-02 3.3017889859e-04 6.1317426463e-02
5.8794441943e-02 3.3017889859e-04 6.1317426463e-02
9.3876054510e-02 8.1511564398e-03 7.0681745963e-02
1.2192910910e-01 5.9802120959e-03 5.6614676490e-02
7.7973211805e-02 2.6451511619e-02 1.0029793903e-01
1.2635249955e-01 3.7205445042e-03 8.2108296454e-02
7.7366222317e-02 0.0000000000e+00 1.5432524233e-03
1.0264818557e-01 6.1316116868e-03 8.8530117956e-02
1.5817434341e-01 0.0000000000e+00 3.6509708501e-02
6.5364882660e-02 2.4853901006e-02 5.0803821844e-02
9.8516107226e-02 1.7555448615e-02 2.1367279454e-03
1.7923121527e-01 1.9586549296e-02 5.7082284863e-02
6.8958124767e-02 1.7537200125e-02 6.1467615888e-03
8.1547444686e-02 0.0000000000e+00 1.2116241424e-02
8.1547444686e-02 0.0000000000e+00 1.2116241424e-02
1.5710278849e-01 1.8246849378e-02 9.1602027727e-03
1.3282997099e-01 0.0000000000e+00 2.0359170468e-02
1.2100810558e-01 1.8887232545e-04 8.9702251134e-03
1.5193592012e-01 1.1409797162e-02 1.7654920307e-02
1.0475536560e-01 1.1370347619e-02 1.4465135910e-02
1.2331097759e-01 8.8199031249e-07 6.7146167547e-02
8.1828810895e-02 1.1923423735e-02 3.5913405940e-02
8.1828810895e-02 1.1923423735e-02 3.5913405940e-02
8.2955187807e-02 1.2118976641e-02 2.8838262117e-02
3.9945048901e-02 1.3401685283e-02 1.3567836722e-02
1.3300054024e-01 3.7370866824e-03 1.4367047154e-02
1.8448955690e-01 1.3365598551e-02 8.1800278664e-03
1.5369900192e-01 7.2231751830e-11 1.2386256092e-02
3.6819191029e-01 1.0112710569e-02 7.6538758663e-02
2.0183560252e-01 7.0628079896e-03 2.2308524931e-02
2.5700310121e-01 9.2664364104e-03 1.0577610267e-02
1.6383200139e-01 9.4698711376e-03 1.7940233074e-02
1.3364866674e+00 1.7688086421e-03 2.4583206929e-04
1.6474429766e+00 9.4099468940e-03 5.7579939069e-04
1.5386291842e+00 9.9737040000e-03 3.5632636839e-04
1.5997542143e+00 9.2745847845e-03 4.8727408284e-04
1.5268128316e+00 4.1844794954e-03 5.7525592032e-04
1.5614214639e+00 3.7770285465e-03 7.1899979957e-04
1.4390775859e+00 3.5128932504e-03 4.8328298969e-04
1.6446695030e+00 4.2738605019e-03 3.5420729158e-03
1.6446695030e+00 4.2738605019e-03 3.5420729158e-03
1.6410797437e+00 4.1913284998e-03 2.8820315977e-03
2.2673063849e-01 1.1498330394e-02 3.0391013560e-02
1.6527550419e+00 6.2997982992e-03 2.2077065660e-03
1.6415788035e+00 5.9867877280e-03 1.2271343973e-03
1.4969044725e+00 8.0508174918e-03 6.1341385299e-04
1.6662095388e+00 6.2668099999e-03 1.7648175029e-03
9.4849691788e-01 9.7838158254e-03 2.0130480174e-02
3.6899663260e-01 6.9612766771e-03 5.6144796739e-03
3.7945289165e-01 0.0000000000e+00 8.2760729003e-04
3.2485591869e-01 1.0015491125e-02 1.1595437458e-02
2.8716614594e-01 1.1077393351e-02 2.3166160410e-02
5.8140441775e-01 1.1304561126e-02 1.8961732162e-03
3.2970280697e-01 0.0000000000e+00 9.9645765658e-04
3.1333845605e-01 2.1106640149e-03 7.7981363672e-03
3.1305483729e-01 1.9762069573e-09 2.2664566965e-05
3.1848330796e-01 4.2514072124e-10 9.7929120141e-03
4.6141037842e-01 5.1964256563e-03 8.8255756224e-03
1.1300748959e-01 0.0000000000e+00 0.0000000000e+00
1.2858479594e-01 4.5636920352e-06 5.3777704657e-15
5.2077511325e-02 0.0000000000e+00 0.0000000000e+00
5.8002833898e-02 0.0000000000e+00 0.0000000000e+00
4.1382482586e-02 0.0000000000e+00 0.0000000000e+00
1.0231672041e-01 0.0000000000e+00 0.0000000000e+00
8.7234854698e-02 0.0000000000e+00 0.0000000000e+00
8.9333159849e-02 0.0000000000e+00 0.0000000000e+00
7.9809897269e-02 0.0000000000e+00 0.0000000000e+00
8.2903906703e-02 0.0000000000e+00 0.0000000000e+00
8.6155050745e-02 0.0000000000e+00 0.0000000000e+00
8.6155050745e-02 0.0000000000e+00 0.0000000000e+00
1.0700316106e-01 0.0000000000e+00 0.0000000000e+00
1.1340775155e-01 0.0000000000e+00 0.0000000000e+00
3.7691413114e-02 0.0000000000e+00 0.0000000000e+00
3.6983615719e-02 0.0000000000e+00 0.0000000000e+00
3.0380248558e-02 0.0000000000e+00 0.0000000000e+00
3.1664537576e-02 0.0000000000e+00 0.0000000000e+00
2.5737957874e-02 0.0000000000e+00 0.0000000000e+00
2.6842916229e-02 0.0000000000e+00 0.0000000000e+00
2.2598572386e-02 0.0000000000e+00 0.0000000000e+00
2.3581097834e-02 0.0000000000e+00 0.0000000000e+00
2.3609237435e-02 0.0000000000e+00 0.0000000000e+00
2.2999445597e-02 0.0000000000e+00 0.0000000000e+00
2.0497959262e-02 0.0000000000e+00 0.0000000000e+00
2.0245936078e-02 0.0000000000e+00 0.0000000000e+00
2.8782856651e-02 0.0000000000e+00 0.0000000000e+00
2.8706892704e-02 0.0000000000e+00 0.0000000000e+00
2.0174132505e-02 0.0000000000e+00 0.0000000000e+00
2.3374421522e-02 0.0000000000e+00 0.0000000000e+00
2.7883371028e-02 0.0000000000e+00 0.0000000000e+00
2.7883371028e-02 0.0000000000e+00 0.0000000000e+00
4.5253653700e-02 0.0000000000e+00 0.0000000000e+00
2.4750511628e-02 0.0000000000e+00 0.0000000000e+00
2.1415898887e-02 0.0000000000e+00 0.0000000000e+00
0.0000000000e+00 1.2778447835e-06 4.6682504499e-07
0.0000000000e+00 1.2778447835e-06 4.6682504499e-07
1.4045946300e-02 1.3268742881e-06 7.4966096501e-07
0.0000000000e+00 2.0148521003e-06 5.6013845059e-07
0.0000000000e+00 1.8107367907e-06 4.1117403290e-07
1.7725894868e-03 9.8456915213e-09 1.2877025668e-07
5.2006992519e-05 1.2338588558e-02 2.7279339750e-03
3.7977837565e-05 1.0690498282e-02 1.1296263353e-02
4.7260011003e-03 5.8845313437e-09 1.2681776932e-07
6.7391965616e-03 6.7923049777e-09 2.2266559441e-07
8.9782912983e-03 7.3446388601e-09 2.5748933297e-07
1.2342550559e-02 4.8945490979e-07 2.0511545055e-07
1.3013818379e-02 1.0883988673e-08 1.3091058075e-07
4.6645446370e-03 8.0294625023e-09 1.1998157608e-07
1.0102116658e-02 8.1368513409e-09 5.8406559589e-08
1.7310352841e-02 4.5839565388e-07 5.4132981949e-08
3.7617068544e-04 1.2459258083e-02 1.9747584360e-02
9.9361400013e-05 9.5838930768e-03 5.3497202384e-02
2.7158508698e-02 0.0000000000e+00 0.0000000000e+00
2.7158508698e-02 0.0000000000e+00 0.0000000000e+00
2.7158508698e-02 0.0000000000e+00 0.0000000000e+00
2.0389938572e-02 0.0000000000e+00 0.0000000000e+00
5.7066536819e-02 0.0000000000e+00 0.0000000000e+00
3.6845413658e-02 0.0000000000e+00 0.0000000000e+00
3.5034361295e-02 0.0000000000e+00 0.0000000000e+00
3.5034361295e-02 0.0000000000e+00 0.0000000000e+00
4.8245768994e-02 0.0000000000e+00 0.0000000000e+00
5.8700475531e-02 1.7974452030e-07 5.3053081604e-11
7.4652015852e-03 3.9411078845e-08 0.0000000000e+00
1.5979192220e-02 2.3720371778e-09 0.0000000000e+00
8.3782310830e-03 2.8640789148e-08 0.0000000000e+00
1.0774141721e-02 2.8590624387e-08 0.0000000000e+00
2.0370454372e-02 8.2956175262e-09 0.0000000000e+00
1.0946095067e-02 2.4159224103e-08 0.0000000000e+00
9.2349258096e-03 3.4336934481e-08 1.0244718384e-10
4.8611651485e-03 1.3480297885e-07 1.6495131907e-03
1.4453262401e-02 8.0302333672e-09 9.6347265814e-11
1.2730622560e-04 1.7686727224e-02 3.2835056748e-08
2.7106403195e-05 6.0947392008e-04 7.9622491030e-03
1.6726363450e-02 0.0000000000e+00 0.0000000000e+00
1.2039033075e-02 0.0000000000e+00 0.0000000000e+00
1.5235148060e-02 0.0000000000e+00 0.0000000000e+00
2.5654656657e-02 0.0000000000e+00 0.0000000000e+00
2.0767363099e-02 0.0000000000e+00 0.0000000000e+00
3.0220683819e-02 0.0000000000e+00 0.0000000000e+00
1.8748286180e-02 0.0000000000e+00 0.0000000000e+00
3.1598204592e-02 0.0000000000e+00 0.0000000000e+00
3.5744867132e-02 0.0000000000e+00 0.0000000000e+00
3.5744867132e-02 0.0000000000e+00 0.0000000000e+00
1.8676980709e-02 0.0000000000e+00 0.0000000000e+00
1.2400569161e-02 0.0000000000e+00 0.0000000000e+00
1.2400569161e-02 0.0000000000e+00 0.0000000000e+00
1.2400569161e-02 0.0000000000e+00 0.0000000000e+00
1.3157861695e-02 0.0000000000e+00 0.0000000000e+00
2.9941018050e-02 0.0000000000e+00 0.0000000000e+00
4.1701191415e-02 0.0000000000e+00 0.0000000000e+00
1.6741300390e-02 0.0000000000e+00 0.0000000000e+00
2.3389842516e-02 0.0000000000e+00 0.0000000000e+00
1.9139768245e-02 0.0000000000e+00 0.0000000000e+00
1.6532539080e-02 0.0000000000e+00 0.0000000000e+00
2.4442456197e-02 0.0000000000e+00 0.0000000000e+00
5.0362030355e-02 0.0000000000e+00 0.0000000000e+00
4.6856088564e-02 0.0000000000e+00 0.0000000000e+00
4.1810042225e-02 0.0000000000e+00 0.0000000000e+00
4.5739768383e-02 0.0000000000e+00 0.0000000000e+00
4.8123406557e-02 0.0000000000e+00 0.0000000000e+00
1.3274992428e-02 0.0000000000e+00 0.0000000000e+00
0.0000000000e+00 1.3830433829e-06 5.5152206653e-08
0.0000000000e+00 1.9688670060e-06 5.6526433904e-08
9.4132702798e-02 2.8268427607e-03 6.6116777404e-03
9.4132702798e-02 2.8268427607e-03 6.6116777404e-03
9.4658258681e-02 7.0190178618e-03 6.7746251977e-03
9.4658258681e-02 7.0190178618e-03 6.7746251977e-03
9.7309407468e-02 2.8971274151e-03 6.6521120413e-03
6.9857252762e-02 0.0000000000e+00 1.1479567803e-11
9.6043574313e-02 1.3800111095e-03 6.3352948443e-03
9.5718401795e-02 5.9543030026e-03 6.7345472441e-03
9.3279297153e-02 2.6741984911e-03 6.7201077084e-03
6.9467674010e-02 0.0000000000e+00 0.0000000000e+00
6.9485391490e-02 0.0000000000e+00 0.0000000000e+00
6.9579227207e-02 0.0000000000e+00 0.0000000000e+00
6.8879613342e-02 0.0000000000e+00 0.0000000000e+00
2.1578835168e-02 0.0000000000e+00 1.1312795174e-11
1.0133456811e-01 5.8105362114e-03 9.0019609391e-03
2.0969766130e-01 3.6915523427e-03 2.6293363267e-02
2.1022913108e-01 3.0197792997e-03 2.6477909492e-02
1.9939644759e-01 4.2745924438e-03 2.7106517615e-02
7.5235355025e-02 1.5891848986e-03 2.7302763425e-02
4.1204349759e-02 4.6684811629e-03 2.8076711421e-02
1.6267895854e-02 4.1239771138e-03 2.8691400308e-02
2.3748731551e-02 6.7718625457e-03 2.1961003930e-02
1.3444276061e-02 1.0129362418e-03 2.2229354441e-02
2.7112181143e-02 9.5893760445e-03 2.2733990724e-02
3.5636124512e-02 1.5979776314e-03 2.1348941450e-02
2.9042649393e-02 8.3114164105e-03 2.2936487027e-02
3.6153696167e-02 6.8347858808e-03 2.2729572142e-02
7.3224302711e-04 5.7040477792e-03 3.2915189086e-02
1.2531332371e-03 8.8079323759e-03 3.1514239342e-02
6.5274704442e-04 7.0316777371e-03 3.2978061897e-02
4.3231205200e-03 5.1519383351e-04 3.4126115342e-02
3.0012034889e-03 1.2521466027e-03 3.2747911445e-02
1.0161785952e-03 5.6197720763e-04 3.1064636695e-02
1.0260717342e-03 6.4136590421e-03 3.4573369039e-02
1.9890691522e-03 1.0410682153e-03 3.0412050585e-02
7.3996436064e-04 4.3778357600e-03 2.9148359783e-02
1.0628624053e-03 4.9447898443e-03 2.9243714021e-02
2.4645924762e-03 5.7610399672e-03 3.0080380151e-02
3.0874135943e-03 2.8066509248e-02 2.9067782802e-02
1.1158436052e-03 5.8561021384e-03 2.3303470031e-02
5.0360830452e-04 9.6084460616e-02 3.2478438846e-02
9.9548640719e-04 3.0272623214e-02 2.5950395541e-02
2.6144571408e-04 4.7750858357e-03 1.3630534212e-02
1.8863056782e-04 6.4523222391e-03 1.3458036352e-02
1.7872531438e-04 9.2308629925e-03 1.3412806594e-02
2.0903422289e-04 1.0854390217e-02 1.3381021563e-02
1.8128264249e-04 1.0271041964e-02 1.3399175989e-02
1.4593341924e-04 8.2351026746e-04 9.4596884058e-03
1.8462318864e-04 1.4611135315e-03 9.4700877477e-03
2.0190160164e-04 1.0320728645e-02 1.3378970868e-02
2.4760655288e-04 2.5271523737e-04 1.3442747605e-02
2.4760655288e-04 2.5271523737e-04 1.3442747605e-02
8.7052386273e-04 1.3203152624e-04 8.2829239351e-03
3.3510981545e-04 2.4235426523e-04 1.3412509579e-02
5.8958595037e-04 1.6887682878e-02 1.3069592494e-02
3.0779954589e-03 1.8457756475e-03 8.9116951761e-03
4.2995077577e-03 1.1033943247e-04 4.5461016319e-03
1.0726872707e-01 1.7604456419e-03 5.8707841672e-02
1.2253364983e-01 1.8266612315e-03 4.8108841913e-02
0.0000000000e+00 3.9742790553e-05 1.0503001511e-02
0.0000000000e+00 6.6217764546e-07 1.8285751479e-03
0.0000000000e+00 1.3395426303e-06 1.6216502214e-02
0.0000000000e+00 0.0000000000e+00 1.4600275924e-03
4.8006151822e-04 7.2326858256e-03 0.0000000000e+00
1.5007398278e-01 3.9754154386e-06 0.0000000000e+00
0.0000000000e+00 1.2321811247e-02 4.6173890193e-06
0.0000000000e+00 0.0000000000e+00 5.5096904010e-03
0.0000000000e+00 0.0000000000e+00 6.0996760440e-03
1.3920252388e-07 1.3228966509e-05 0.0000000000e+00
0.0000000000e+00 0.0000000000e+00 6.3500852072e-03
0.0000000000e+00 0.0000000000e+00 7.7960748361e-05
1.8755255830e-04 0.0000000000e+00 4.7118269334e-03
0.0000000000e+00 8.9437312029e-04 2.9584743218e-03
0.0000000000e+00 0.0000000000e+00 8.7345222823e-06
0.0000000000e+00 1.5733488738e-03 6.6105298174e-05
0.0000000000e+00 0.0000000000e+00 7.5317305649e-05
0.0000000000e+00 0.0000000000e+00 7.5317305649e-05
0.0000000000e+00 5.3157708559e-05 1.9506898382e-03
0.0000000000e+00 0.0000000000e+00 4.7529675843e-03
0.0000000000e+00 0.0000000000e+00 4.5147312436e-03
0.0000000000e+00 0.0000000000e+00 7.1161634308e-03
1.2139267483e-04 0.0000000000e+00 7.2817655746e-03
1.9724787368e-04 0.0000000000e+00 7.9086755480e-03
1.7203553822e-04 1.5684481214e-09 7.5908391736e-03
1.4208916885e-04 0.0000000000e+00 7.5427504489e-03
2.6431914739e-04 0.0000000000e+00 7.4900759694e-03
2.6431914739e-04 0.0000000000e+00 7.4900759694e-03
2.0141759524e-04 0.0000000000e+00 7.3070233727e-03
1.4036980368e-04 0.0000000000e+00 7.5731464894e-03
2.0024833793e-04 0.0000000000e+00 7.5961086550e-03
1.2456680694e-04 0.0000000000e+00 7.5866549353e-03
0.0000000000e+00 0.0000000000e+00 7.9809192296e-03
0.0000000000e+00 0.0000000000e+00 7.9809192296e-03
8.9266815697e-05 0.0000000000e+00 7.3080467021e-03
8.7822987552e-05 1.9587684680e-04 7.8462356081e-03
8.2879187630e-05 0.0000000000e+00 1.4971617376e-02
7.9626646311e-05 0.0000000000e+00 1.9761557225e-02
8.8722720193e-05 4.9742650056e-04 1.3108300588e-02
9.0022282317e-05 1.6790492693e-02 2.5617021262e-03
8.4285971752e-05 0.0000000000e+00 1.9922948830e-02
4.6547930348e-05 0.0000000000e+00 1.7168629371e-02
7.1583783817e-05 7.1931556522e-04 1.8890526599e-03
7.1583783817e-05 7.1931556522e-04 1.8890526599e-03
4.7611740608e-05 1.1455837909e-03 4.3173535106e-02
6.3127109646e-05 9.6426667102e-03 4.3004037502e-02
6.3127109646e-05 9.6426667102e-03 4.3004037502e-02
5.9668018063e-05 0.0000000000e+00 6.4877448215e-03
5.8114346530e-05 1.4304248461e-02 4.1350743889e-02
5.3178357196e-05 4.1589781176e-03 2.5097345157e-02
4.9633171102e-05 2.3357342773e-03 1.4968025692e-03
5.8465584819e-05 1.2450697444e-03 2.2819630802e-02
5.8465584819e-05 1.2450697444e-03 2.2819630802e-02
5.3414261705e-05 6.8355236047e-03 1.9306765093e-02
5.8259066085e-05 6.4484274480e-03 2.3347513905e-02
5.0829613125e-05 1.9007245525e-03 2.1700143193e-02
5.2216433763e-05 4.2057302780e-03 2.3699246347e-02
5.0805709331e-05 4.9479598723e-03 1.9729985856e-02
5.3819061426e-05 4.7090136601e-03 2.1305743527e-03
5.2444346466e-05 0.0000000000e+00 1.4932942033e-02
5.4176232121e-05 6.6059471186e-03 1.7206097643e-02
6.0488079271e-05 0.0000000000e+00 1.5873901546e-02
6.0568117760e-05 0.0000000000e+00 2.6666332347e-02
5.9338655319e-05 0.0000000000e+00 1.3245798104e-02
5.5941373603e-05 2.4554405439e-03 1.5345172336e-02
5.5806361540e-05 1.2802051012e-03 1.5114574004e-03
5.5832378242e-05 2.4534085824e-03 5.4688688639e-03
5.5470944820e-05 2.3665351619e-03 2.3576029829e-03
5.5470944820e-05 2.3665351619e-03 2.3576029829e-03
5.8715494561e-05 1.1385027630e-02 1.0368529009e-02
4.9734762342e-05 8.5158820245e-04 3.5640047242e-02
5.8179679096e-05 4.9601965293e-04 8.1012038669e-03
5.5682599016e-05 5.6340551722e-04 2.6881188309e-02
5.5682599016e-05 5.6340551722e-04 2.6881188309e-02
5.7195824866e-05 2.8015909711e-07 1.5464441308e-02
5.8169412341e-05 8.5008022919e-03 2.1697835686e-02
4.6286197251e-05 3.0537679171e-05 2.4430161497e-02
5.6662916904e-05 1.7009953056e-03 1.7734775397e-02
5.0376771166e-05 9.1856535679e-04 2.3461884353e-02
5.0376771166e-05 9.1856535679e-04 2.3461884353e-02
4.8796849114e-05 6.3357370673e-03 5.6905783092e-02
5.7617186485e-05 1.5217265172e-03 9.1353504298e-03
5.5546368382e-05 1.5980476649e-03 3.1258132930e-02
5.6412887792e-05 0.0000000000e+00 9.8813386479e-03
5.6601064216e-05 1.3262847128e-02 1.5289837727e-02
5.7038812732e-05 5.0984428602e-06 1.9233145751e-02
5.7038812732e-05 5.0984428602e-06 1.9233145751e-02
5.0483400022e-05 2.6552967180e-05 3.5518786094e-02
4.8601025355e-05 1.3421922195e-03 1.8572097664e-03
3.3726856345e-03 4.6762234221e-03 1.3272718837e-02
3.0684169760e-03 5.2492118557e-03 8.6639677950e-03
3.2367059175e-03 4.4746134741e-02 8.2388652421e-05
3.2713304245e-03 3.4238329002e-02 3.4413364259e-03
3.4424808206e-03 4.5752432663e-02 1.2054491866e-03
2.0110525948e-03 3.7038086137e-02 4.0610654032e-03
2.0073582127e-03 5.6652952606e-02 4.3376318837e-03
2.1208339604e-03 4.1041746736e-02 3.9994397345e-03
2.0494954467e-03 4.0884343752e-02 3.1722648103e-03
2.0396228065e-03 4.1164644063e-02 3.1552564615e-03
2.1381289844e-03 7.7979139363e-03 1.6288671487e-02
2.0259647378e-03 4.5755034623e-02 2.9938648338e-03
1.8978542745e-03 4.8705935013e-02 5.2142959879e-03
1.9911136939e-03 1.1863787596e-01 1.2569140805e-03
1.9314899449e-03 1.0994667498e-01 1.5525637731e-03
1.9314899449e-03 1.0994667498e-01 1.5525637731e-03
3.9599547260e-03 1.2515872655e-01 1.3733392734e-05
3.6915222736e-03 1.3512215888e-01 2.8237659838e-05
3.7534606866e-03 7.3484810069e-02 2.5396899388e-03
4.2403335004e-03 1.3029768132e-01 1.9491717770e-05
4.0813850161e-03 1.1709133660e-01 1.9476396422e-05
4.4898815104e-03 6.6520185831e-02 2.5959340686e-03
4.4898815104e-03 6.6520185831e-02 2.5959340686e-03
4.1868329475e-03 1.1885262467e-01 6.2754858542e-06
4.5060704967e-03 3.3891325351e-02 2.4354058979e-03
4.5385061676e-03 5.9139314418e-02 6.7837657601e-06
4.4439433647e-03 6.8670301388e-02 3.1711674941e-05
4.5753035617e-03 5.3541049982e-02 1.6905563977e-06
4.5218996723e-03 2.4252203836e-02 7.2098057254e-07
4.7601035039e-03 2.2680762224e-02 8.6678061967e-04
4.7910152255e-03 5.6975364995e-02 0.0000000000e+00
4.5775334487e-03 4.3229525288e-02 0.0000000000e+00
4.5858823626e-03 4.3910670094e-02 0.0000000000e+00
4.6071337905e-03 4.5190675184e-02 3.6045701321e-04
4.6147190393e-03 0.0000000000e+00 0.0000000000e+00
4.6212931338e-03 0.0000000000e+00 0.0000000000e+00
4.6212931338e-03 0.0000000000e+00 0.0000000000e+00
4.6224592030e-03 0.0000000000e+00 0.0000000000e+00
4.6196414623e-03 0.0000000000e+00 0.0000000000e+00
4.6196414623e-03 0.0000000000e+00 0.0000000000e+00
4.6699397111e-03 0.0000000000e+00 0.0000000000e+00
5.0251536692e-03 0.0000000000e+00 0.0000000000e+00
5.0583102275e-03 0.0000000000e+00 0.0000000000e+00
3.5990391625e-03 0.0000000000e+00 0.0000000000e+00
4.9112012154e-03 0.0000000000e+00 0.0000000000e+00
4.9112012154e-03 0.0000000000e+00 0.0000000000e+00
4.8535436169e-03 0.0000000000e+00 0.0000000000e+00
4.7519385359e-03 0.0000000000e+00 0.0000000000e+00
4.7721983865e-03 0.0000000000e+00 0.0000000000e+00
4.7721983865e-03 0.0000000000e+00 0.0000000000e+00
4.7721983865e-03 0.0000000000e+00 0.0000000000e+00
4.7601372353e-03 0.0000000000e+00 0.0000000000e+00
4.7549703692e-03 0.0000000000e+00 0.0000000000e+00
4.7496181505e-03 0.0000000000e+00 0.0000000000e+00
4.7757747622e-03 0.0000000000e+00 0.0000000000e+00
4.4288818268e-03 0.0000000000e+00 0.0000000000e+00
7.9659084479e-02 0.0000000000e+00 0.0000000000e+00
7.9659084479e-02 0.0000000000e+00 0.0000000000e+00
7.0696191862e-02 0.0000000000e+00 0.0000000000e+00
8.7207643626e-02 0.0000000000e+00 0.0000000000e+00
8.7207643626e-02 0.0000000000e+00 0.0000000000e+00
8.3910108854e-02 0.0000000000e+00 0.0000000000e+00
6.6341032740e-02 0.0000000000e+00 0.0000000000e+00
6.6341032740e-02 0.0000000000e+00 0.0000000000e+00
7.3940183812e-02 0.0000000000e+00 0.0000000000e+00
7.3940183812e-02 0.0000000000e+00 0.0000000000e+00
6.9192993455e-02 0.0000000000e+00 0.0000000000e+00
6.9192993455e-02 0.0000000000e+00 0.0000000000e+00
8.5756921209e-02 0.0000000000e+00 0.0000000000e+00
7.2542454426e-02 0.0000000000e+00 0.0000000000e+00
7.2542454426e-02 0.0000000000e+00 0.0000000000e+00
6.5637255708e-02 0.0000000000e+00 0.0000000000e+00
9.4695707162e-02 0.0000000000e+00 0.0000000000e+00
6.3994362950e-02 0.0000000000e+00 0.0000000000e+00
4.0198142330e-02 0.0000000000e+00 0.0000000000e+00
2.2066452385e-02 0.0000000000e+00 0.0000000000e+00
5.2714930226e-02 0.0000000000e+00 0.0000000000e+00
3.2023957154e-02 0.0000000000e+00 0.0000000000e+00
5.3391852727e-02 0.0000000000e+00 0.0000000000e+00
5.8764688050e-02 0.0000000000e+00 0.0000000000e+00
8.8546844199e-02 0.0000000000e+00 0.0000000000e+00
8.8546844199e-02 0.0000000000e+00 0.0000000000e+00
2.0277218622e-03 0.0000000000e+00 0.0000000000e+00
1.1064155959e-02 0.0000000000e+00 0.0000000000e+00
1.6910120534e-02 0.0000000000e+00 0.0000000000e+00
5.3224369961e-03 0.0000000000e+00 0.0000000000e+00
1.5011649827e-01 0.0000000000e+00 0.0000000000e+00
9.6507803227e-02 0.0000000000e+00 0.0000000000e+00
4.3483961296e-03 0.0000000000e+00 0.0000000000e+00
4.3483961296e-03 0.0000000000e+00 0.0000000000e+00
6.7506107735e-03 0.0000000000e+00 0.0000000000e+00
2.4445517361e-01 0.0000000000e+00 0.0000000000e+00
7.5809894130e-02 0.0000000000e+00 0.0000000000e+00
7.5809894130e-02 0.0000000000e+00 0.0000000000e+00
1.0070811026e-01 0.0000000000e+00 0.0000000000e+00
6.5682094234e-02 0.0000000000e+00 0.0000000000e+00
7.0963446584e-05 0.0000000000e+00 0.0000000000e+00
1.7186655104e-01 0.0000000000e+00 0.0000000000e+00
4.9904592646e-03 0.0000000000e+00 0.0000000000e+00
3.4394613273e-03 0.0000000000e+00 0.0000000000e+00
7.4882626456e-03 0.0000000000e+00 0.0000000000e+00
3.2155670691e-02 0.0000000000e+00 0.0000000000e+00
7.5830962509e-02 0.0000000000e+00 0.0000000000e+00
1.8229716768e-01 0.0000000000e+00 0.0000000000e+00
5.9113535409e-02 0.0000000000e+00 0.0000000000e+00
4.4308717363e-02 0.0000000000e+00 0.0000000000e+00
6.4425565613e-02 0.0000000000e+00 0.0000000000e+00
3.9599251002e-02 0.0000000000e+00 0.0000000000e+00
1.1772748952e-01 0.0000000000e+00 0.0000000000e+00
1.5872530267e-01 0.0000000000e+00 0.0000000000e+00
0.0000000000e+00 0.0000000000e+00 0.0000000000e+00
0.0000000000e+00 0.0000000000e+00 0.0000000000e+00
0.0000000000e+00 0.0000000000e+00 0.0000000000e+00
0.0000000000e+00 1.4252109515e-01 2.8933260152e-04
0.0000000000e+00 6.0896158218e-02 2.6112849730e-04
0.0000000000e+00 5.0381226155e-02 2.9689483745e-04
0.0000000000e+00 6.8106112381e-02 2.7326354151e-04
0.0000000000e+00 1.0543144929e-01 2.8035046444e-04
0.0000000000e+00 1.1611777606e-01 2.7254443436e-04
0.0000000000e+00 6.3859893009e-02 2.6819260377e-04
0.0000000000e+00 7.6915736310e-02 2.5283768571e-04
3.2812913266e-10 2.5371396417e-01 9.4820835026e-04
2.6794110079e-09 2.7160548791e-01 8.4607810277e-04
8.4652801805e-09 2.8964591771e-01 9.3907789415e-04
0.0000000000e+00 3.1998728712e-01 7.5931820417e-04
3.6029558596e-09 7.1520717504e-02 2.5753843609e-04
0.0000000000e+00 1.0596152892e-01 2.6145088282e-04
2.0614106866e-08 1.2728979501e-01 2.1369906123e-03
1.2181379239e-09 7.4309553951e-02 2.0358582357e-03
0.0000000000e+00 6.2603023524e-02 1.7339620584e-03
2.4431181108e-06 1.7680259484e-01 1.9981093161e-03
2.7119901110e-07 5.6264393032e-01 2.5658594483e-03
1.9849741761e-07 5.3050681949e-01 2.4608391007e-03
1.9851294297e-07 5.3040673832e-01 2.4638457107e-03
5.3540418795e-07 5.4584588607e-01 2.4719155917e-03
2.5557523031e-07 5.9950220585e-01 2.3578903735e-03
5.4847333312e-07 6.2737878164e-01 1.9948224168e-03
2.4439206590e-11 2.2671414043e-01 2.3026449586e-03
1.5392972082e-09 1.3576626219e-01 1.7088538540e-03
1.3572265071e-09 1.3786601772e-01 1.4177938428e-03
1.2866896345e-09 1.1992725668e-01 1.6299282239e-03
3.4212791119e-09 4.5566411378e-02 5.9464937852e-03
1.5440956069e-08 1.6362358133e-01 7.0371835415e-03
1.6694154281e-08 1.6050011044e-01 4.4719976722e-03
1.2886631392e-08 1.3983988576e-01 6.8418909990e-03
1.1560140993e-08 1.7536448439e-01 5.7626269797e-03
1.8088983200e-08 8.9864086981e-02 3.8930062437e-03
8.8790634474e-09 8.5556092362e-02 6.0361486782e-03
1.2404032246e-08 1.1569453031e-01 6.8972905477e-03
1.2404032246e-08 1.1569453031e-01 6.8972905477e-03
6.8836391402e-09 1.9891653210e-01 6.9315683019e-03
7.1275258288e-09 1.8813115855e-01 7.8016108600e-03
8.5366762918e-09 1.7199507604e-01 4.2592087217e-03
6.9996781704e-09 5.0764624495e-02 1.9756642578e-03
5.1606318478e-09 2.0556224510e-01 3.4218826525e-03
5.1028476259e-09 1.2927968179e-01 6.8702272256e-03
5.1449277801e-09 1.4648888012e-01 4.4286610209e-03
0.0000000000e+00 1.4737159883e-01 1.0038509148e-03
0.0000000000e+00 1.7857511217e-01 2.5139945210e-03
0.0000000000e+00 1.9469340891e-01 1.5923580620e-02
0.0000000000e+00 1.8182760105e-01 3.1497339854e-03
0.0000000000e+00 2.0130546391e-01 4.7198611622e-03
0.0000000000e+00 2.1434801941e-01 1.1617522978e-03
0.0000000000e+00 2.0569642136e-01 5.8526546539e-03
0.0000000000e+00 2.4326146146e-01 4.8322051880e-03
0.0000000000e+00 2.1136103446e-01 3.6516215187e-03
0.0000000000e+00 2.3681312427e-01 7.5310198978e-03
0.0000000000e+00 1.6767577951e-01 4.2031861570e-03
1.7384854042e-05 2.3224615430e-01 4.1935641008e-03
4.3411657922e-05 1.8732192864e-01 4.5844976557e-03
0.0000000000e+00 2.3448845247e-01 4.9432846524e-03
6.3679606343e-03 2.1248270075e-01 2.0659444175e-03
6.3679606343e-03 2.1248270075e-01 2.0659444175e-03
9.5019239622e-03 1.8760355065e-01 3.3885410812e-03
3.0696668196e-02 2.3738255476e-01 2.9994419892e-03
9.9552676147e-06 2.3429666584e-01 3.5046832248e-03
1.1929421298e-02 3.3326864243e-01 3.2461953233e-03
1.5006706041e-03 2.1988074481e-01 3.1156487724e-03
2.0580528459e-03 1.6324055692e-01 3.2176924384e-03
5.0644269213e-03 1.6010790567e-01 1.4356095974e-03
1.6772142262e-03 1.7946540316e-01 1.4863470812e-03
2.9682263266e-03 1.6538041458e-01 3.1251396867e-03
4.7697591363e-03 1.5448322768e-01 4.0322494072e-03
3.7390268408e-03 1.4906109249e-01 2.8562425287e-03
1.2682974387e-03 1.6002623364e-01 2.8370458361e-03
6.5076310032e-03 1.9843526557e-01 3.4868934599e-03
4.4337212263e-03 1.7221434166e-01 3.1031705730e-03
4.8264172510e-03 1.7910734192e-01 3.3707767434e-03
3.5018255468e-02 2.6264743631e-01 2.7270974339e-03
6.2081208841e-03 3.1587252518e-01 1.9334454846e-03
1.0361818907e-02 3.2612340649e-01 2.1304919986e-03
7.3913740537e-03 2.4379443129e-01 1.9514613620e-03
7.2959002185e-03 2.1030528223e-01 1.5650427764e-03
9.7872703336e-03 2.1423341831e-01 2.2450903198e-03
8.5161487417e-03 2.3335574443e-01 2.0910967529e-03
9.4564585015e-03 2.1345330030e-01 1.4678864342e-03
1.8033698124e-02 2.6085090265e-01 7.4433651753e-03
2.0354178889e-02 5.3504060333e-02 7.5327155258e-03
1.7714994571e-02 7.3676451420e-02 8.3051784507e-03
2.4108630450e-02 6.2242947829e-02 4.8128093864e-03
1.3227248720e-02 7.2146200264e-02 5.4732295296e-03
0.0000000000e+00 1.1848847196e-01 9.4992733793e-03
1.6679599260e-02 5.1740769918e-02 1.9961445515e-02
1.4900868526e-02 8.0005359525e-02 1.3702080275e-02
1.0626163023e-02 4.3457341380e-02 2.7973967449e-02
2.1841813034e-02 1.2467353481e-01 2.5457976696e-02
2.3492793242e-02 1.6985404243e-01 2.1423524867e-02
7.3863871706e-03 5.6196296277e-02 3.2785117704e-03
5.6757351103e-06 7.9167402970e-02 3.2387306759e-02
0.0000000000e+00 7.8281347640e-02 4.4991216933e-02
0.0000000000e+00 5.4500464350e-02 4.8535595027e-02
0.0000000000e+00 9.2127755905e-02 3.7081087629e-02
0.0000000000e+00 4.5403437999e-02 4.6403300017e-02
0.0000000000e+00 7.3316811894e-02 1.5991270232e-02
0.0000000000e+00 7.5487247668e-02 3.7918096408e-02
0.0000000000e+00 7.6044429094e-02 3.5021079704e-02
0.0000000000e+00 8.3658381676e-02 2.9807322814e-03
0.0000000000e+00 7.5942095059e-02 2.8554436130e-02
7.8325712731e-08 3.8642851325e-02 2.7886319634e-03
0.0000000000e+00 3.2384795602e-02 8.1423189646e-03
0.0000000000e+00 3.2384795602e-02 8.1423189646e-03
7.9078568286e-08 3.2875676174e-02 4.8621750126e-03
7.9078568286e-08 3.2875676174e-02 4.8621750126e-03
1.2706795758e-06 3.3172905135e-02 8.7075208624e-03
3.3959238569e-09 3.2685156601e-02 5.9951118116e-03
6.2275019397e-03 2.0568192936e-02 3.9206490910e-03
6.2275019397e-03 2.0568192936e-02 3.9206490910e-03
5.8441114379e-03 2.1041576440e-02 3.6732412991e-03
3.9297387120e-03 2.6650464938e-02 4.5908166406e-03
0.0000000000e+00 4.7783637613e-03 2.0476722469e-03
2.4725603871e-03 7.9449673649e-03 2.3745327878e-03
1.5707687908e-05 4.8681847402e-03 2.5348144603e-03
2.9622584310e-03 4.1323677481e-03 2.4412476147e-03
1.5376269156e-05 4.1130452300e-03 2.0351033503e-03
7.0473781913e-05 4.1906434538e-03 2.0434174318e-03
0.0000000000e+00 5.0288745357e-03 9.1758805793e-03
3.9051274750e-05 7.9743412789e-03 7.4590170601e-03
0.0000000000e+00 0.0000000000e+00 0.0000000000e+00
3.0872717189e-02 0.0000000000e+00 0.0000000000e+00
9.5097841210e-03 0.0000000000e+00 0.0000000000e+00
9.5097841210e-03 0.0000000000e+00 0.0000000000e+00
9.5097841210e-03 0.0000000000e+00 0.0000000000e+00
1.1878019994e-02 0.0000000000e+00 0.0000000000e+00
1.1878019994e-02 0.0000000000e+00 0.0000000000e+00
3.5693719362e-02 0.0000000000e+00 0.0000000000e+00
1.6818432758e-02 0.0000000000e+00 0.0000000000e+00
8.9734338399e-03 0.0000000000e+00 0.0000000000e+00
3.4489658506e-02 0.0000000000e+00 0.0000000000e+00
2.0159879234e-02 0.0000000000e+00 0.0000000000e+00
2.0159879234e-02 0.0000000000e+00 0.0000000000e+00
6.6656415816e-02 0.0000000000e+00 0.0000000000e+00
5.7103229066e-02 0.0000000000e+00 0.0000000000e+00
5.7103229066e-02 0.0000000000e+00 0.0000000000e+00
5.7490308148e-02 0.0000000000e+00 0.0000000000e+00
3.6740640489e-02 0.0000000000e+00 0.0000000000e+00
8.3604193603e-02 0.0000000000e+00 0.0000000000e+00
7.6067082584e-02 0.0000000000e+00 0.0000000000e+00
7.6067082584e-02 0.0000000000e+00 0.0000000000e+00
1.1825533770e-01 0.0000000000e+00 0.0000000000e+00
4.4896842058e-02 0.0000000000e+00 0.0000000000e+00
2.6138763060e-02 0.0000000000e+00 0.0000000000e+00
8.1671412413e-02 0.0000000000e+00 0.0000000000e+00
5.9792690600e-02 0.0000000000e+00 0.0000000000e+00
3.2509191233e-02 0.0000000000e+00 0.0000000000e+00
7.9229942833e-02 0.0000000000e+00 0.0000000000e+00
1.6451723129e-01 0.0000000000e+00 0.0000000000e+00
4.1704821090e-02 0.0000000000e+00 0.0000000000e+00
4.1704821090e-02 0.0000000000e+00 0.0000000000e+00
5.9704343167e-02 0.0000000000e+00 0.0000000000e+00
5.9704343167e-02 0.0000000000e+00 0.0000000000e+00
1.8182770287e-01 0.0000000000e+00 0.0000000000e+00
7.2185287873e-02 0.0000000000e+00 0.0000000000e+00
1.6650515422e-01 0.0000000000e+00 0.0000000000e+00
6.4079857121e-02 0.0000000000e+00 0.0000000000e+00
6.0849833923e-02 0.0000000000e+00 0.0000000000e+00
5.3646593355e-02 0.0000000000e+00 0.0000000000e+00
1.1166791742e-01 0.0000000000e+00 0.0000000000e+00
1.1166791742e-01 0.0000000000e+00 0.0000000000e+00
2.1944966012e-02 0.0000000000e+00 0.0000000000e+00
5.6808149442e-02 0.0000000000e+00 0.0000000000e+00
3.8680715331e-02 0.0000000000e+00 0.0000000000e+00
3.8680715331e-02 0.0000000000e+00 0.0000000000e+00
9.7215029101e-02 0.0000000000e+00 0.0000000000e+00
1.3225993204e-01 0.0000000000e+00 0.0000000000e+00
4.3025085082e-02 0.0000000000e+00 0.0000000000e+00
1.3339963092e-04 0.0000000000e+00 0.0000000000e+00
1.3339963092e-04 0.0000000000e+00 0.0000000000e+00
1.3339963092e-04 0.0000000000e+00 0.0000000000e+00
1.0881618376e-04 0.0000000000e+00 0.0000000000e+00
1.3865105878e-04 0.0000000000e+00 0.0000000000e+00
1.3251802011e-04 0.0000000000e+00 0.0000000000e+00
1.3251802011e-04 0.0000000000e+00 0.0000000000e+00
7.7727091896e-05 0.0000000000e+00 0.0000000000e+00
1.3127615239e-04 0.0000000000e+00 0.0000000000e+00
5.8266471115e-07 0.0000000000e+00 0.0000000000e+00
2.5727111582e-05 0.0000000000e+00 0.0000000000e+00
4.6995052041e-05 0.0000000000e+00 0.0000000000e+00
1.1130782332e-04 0.0000000000e+00 0.0000000000e+00
1.1130782332e-04 0.0000000000e+00 0.0000000000e+00
2.9138774001e-07 0.0000000000e+00 0.0000000000e+00
2.3213081780e-06 0.0000000000e+00 0.0000000000e+00
8.8847401760e-05 0.0000000000e+00 0.0000000000e+00
8.8847401760e-05 0.0000000000e+00 0.0000000000e+00
4.3751156075e-05 0.0000000000e+00 0.0000000000e+00
4.2701700143e-06 0.0000000000e+00 0.0000000000e+00
4.1422683429e-06 0.0000000000e+00 0.0000000000e+00
2.6454045307e-05 0.0000000000e+00 0.0000000000e+00
8.0801638129e-05 0.0000000000e+00 0.0000000000e+00
9.8876770586e-02 0.0000000000e+00 0.0000000000e+00
8.8236898805e-02 0.0000000000e+00 0.0000000000e+00
1.5817479228e-05 0.0000000000e+00 0.0000000000e+00
2.4786926309e-01 0.0000000000e+00 0.0000000000e+00
3.0200325201e-01 0.0000000000e+00 0.0000000000e+00
2.6243131980e-01 0.0000000000e+00 0.0000000000e+00
1.8652867650e-01 0.0000000000e+00 0.0000000000e+00
1.1575313347e-01 0.0000000000e+00 0.0000000000e+00
3.3083632340e-01 0.0000000000e+00 0.0000000000e+00
2.7387579158e-01 0.0000000000e+00 0.0000000000e+00
2.7387579158e-01 0.0000000000e+00 0.0000000000e+00
2.1130548790e-01 0.0000000000e+00 0.0000000000e+00
2.1130548790e-01 0.0000000000e+00 0.0000000000e+00
3.7380113701e-01 0.0000000000e+00 0.0000000000e+00
6.3471643130e-01 0.0000000000e+00 0.0000000000e+00
6.3471643130e-01 0.0000000000e+00 0.0000000000e+00
5.7056061178e-01 0.0000000000e+00 0.0000000000e+00
3.2051530977e-01 0.0000000000e+00 0.0000000000e+00
6.6674462457e-01 0.0000000000e+00 0.0000000000e+00
6.6674462457e-01 0.0000000000e+00 0.0000000000e+00
6.6674462457e-01 0.0000000000e+00 0.0000000000e+00
8.6858462294e-01 0.0000000000e+00 0.0000000000e+00
8.5648216804e-01 0.0000000000e+00 0.0000000000e+00
5.9428816785e-01 0.0000000000e+00 0.0000000000e+00
6.4884615938e-01 0.0000000000e+00 0.0000000000e+00
3.9193215718e-01 0.0000000000e+00 0.0000000000e+00
5.2997878442e-01 0.0000000000e+00 0.0000000000e+00
6.0042727490e-01 0.0000000000e+00 0.0000000000e+00
8.3500252167e-01 0.0000000000e+00 0.0000000000e+00
2.8368863463e-01 0.0000000000e+00 0.0000000000e+00
8.2205527524e-01 0.0000000000e+00 0.0000000000e+00
1.3107591768e+00 0.0000000000e+00 0.0000000000e+00
1.5463129878e+00 0.0000000000e+00 0.0000000000e+00
1.5463129878e+00 0.0000000000e+00 0.0000000000e+00
9.1548066338e-01 0.0000000000e+00 0.0000000000e+00
4.9609560519e-01 0.0000000000e+00 0.0000000000e+00
4.8234647761e-01 0.0000000000e+00 0.0000000000e+00
2.5313286607e-01 0.0000000000e+00 0.0000000000e+00
9.6421087782e-01 0.0000000000e+00 0.0000000000e+00
1.2031707366e+00 0.0000000000e+00 0.0000000000e+00
5.4757788777e-02 0.0000000000e+00 0.0000000000e+00
5.4757788777e-02 0.0000000000e+00 0.0000000000e+00
1.0721729795e+00 0.0000000000e+00 0.0000000000e+00
3.1364143391e-01 0.0000000000e+00 0.0000000000e+00
8.4032851954e-01 0.0000000000e+00 0.0000000000e+00
4.6477559209e-01 0.0000000000e+00 0.0000000000e+00
5.3242508074e-01 0.0000000000e+00 0.0000000000e+00
7.0686902603e-01 0.0000000000e+00 0.0000000000e+00
1.9474939878e-01 0.0000000000e+00 0.0000000000e+00
1.7350518579e-01 0.0000000000e+00 0.0000000000e+00
6.6643429299e-01 0.0000000000e+00 0.0000000000e+00
1.2693633636e+00 0.0000000000e+00 0.0000000000e+00
1.3006731172e+00 0.0000000000e+00 0.0000000000e+00
1.3006731172e+00 0.0000000000e+00 0.0000000000e+00
5.4693176846e-01 0.0000000000e+00 0.0000000000e+00
4.8568775008e-01 0.0000000000e+00 0.0000000000e+00
4.8568775008e-01 0.0000000000e+00 0.0000000000e+00
7.4172582726e-01 0.0000000000e+00 0.0000000000e+00
6.6139790912e-01 0.0000000000e+00 0.0000000000e+00
1.0376582295e+00 0.0000000000e+00 0.0000000000e+00
1.0376582295e+00 0.0000000000e+00 0.0000000000e+00
5.8397076031e-01 0.0000000000e+00 0.0000000000e+00
8.9089173079e-01 0.0000000000e+00 0.0000000000e+00
5.7555169364e-01 0.0000000000e+00 0.0000000000e+00
0.0000000000e+00 5.5665533097e-03 1.8596600120e-01
0.0000000000e+00 1.6899518591e-02 1.6438301404e-01
0.0000000000e+00 9.7278344134e-03 1.5799139999e-01
0.0000000000e+00 1.9229179403e-02 1.8660266496e-02
0.0000000000e+00 2.8593955096e-02 4.9769853989e-03
0.0000000000e+00 4.9163537100e-02 6.0162012776e-02
0.0000000000e+00 2.1187445614e-02 5.8108231053e-02
0.0000000000e+00 3.8622070414e-02 2.8116096587e-02
7.1558406904e-08 1.6694274576e-02 2.2511813665e-01
0.0000000000e+00 3.4735613968e-02 3.1181206306e-01
0.0000000000e+00 3.4735613968e-02 3.1181206306e-01
1.5625996355e-05 1.0607959780e-02 2.7156858395e-01
1.0000101483e-05 5.0428513646e-05 4.4000340750e-01
0.0000000000e+00 2.3093514804e-03 4.6789117406e-01
2.2516179140e-06 9.4530254913e-03 4.6115525812e-01
2.5950256107e-05 2.0439777870e-06 1.3213630579e-01
3.8165574286e-07 4.4016254227e-06 7.8189618265e-02
0.0000000000e+00 8.4342249333e-07 2.6790316217e-02
0.0000000000e+00 5.9433384622e-04 2.5890732339e-02
0.0000000000e+00 1.6096787855e-06 2.7037286044e-02
0.0000000000e+00 1.3007735428e-06 2.9700464879e-02
0.0000000000e+00 1.3590160487e-06 2.5633114390e-02
0.0000000000e+00 1.1851026377e-06 4.8491746808e-02
0.0000000000e+00 1.9849776910e-06 2.7079285433e-02
0.0000000000e+00 1.8491011341e-06 2.7848499361e-02
0.0000000000e+00 1.8491011341e-06 2.7848499361e-02
0.0000000000e+00 1.9919497542e-06 7.3808906910e-02
0.0000000000e+00 1.1246887273e-06 5.9433066597e-02
7.8957672231e-03 4.2174807439e-02 1.0878840461e-01
8.7630790658e-03 3.6970121476e-02 1.5777345747e-01
1.2808951530e-03 1.7541015268e-02 7.1302807890e-02
1.2808951530e-03 1.7541015268e-02 7.1302807890e-02
1.2345072076e-02 2.6377678849e-02 1.9060368215e-01
1.1742030891e-02 1.3457302819e-02 1.0510177972e-01
9.5870432366e-03 2.0200623122e-02 1.7624860009e-01
1.3237557064e-02 2.2134816352e-02 1.4323337376e-01
7.6803846362e-03 1.7268485157e-02 4.8385479798e-02
9.9590210399e-03 2.1668211091e-02 3.8810999691e-01
9.9590210399e-03 2.1668211091e-02 3.8810999691e-01
1.1208736493e-02 2.1557992945e-02 3.2396819939e-01
4.9292522211e-03 1.5520413988e-02 2.9229763119e-02
4.1663534059e-12 2.5762387008e-02 1.5233504508e-02
1.1872216283e-02 2.2896157034e-02 1.9262102867e-01
1.2070389542e-02 2.5227813205e-02 2.7569829548e-01
9.9106509394e-03 1.7156187367e-02 3.2457325359e-01
5.3402212992e-03 1.4520147505e-02 4.9712627195e-02
1.2624465589e-02 2.3669309293e-02 3.4376606594e-01
9.6823778392e-03 2.3678143198e-02 5.5904049116e-02
8.5740750656e-03 1.9186701975e-02 1.4843828790e-01
1.1744581435e-02 1.6872437671e-02 9.6823564420e-02
7.9102618232e-03 1.5766647722e-02 7.1944258797e-02
0.0000000000e+00 3.1513037315e-02 6.7341340706e-02
0.0000000000e+00 2.4514743593e-02 6.7011049638e-02
0.0000000000e+00 2.3063091872e-02 9.3620926763e-02
4.1558078616e-05 3.2591884024e-02 1.0203400192e-01
0.0000000000e+00 3.3286463780e-02 1.0515960803e-01
0.0000000000e+00 3.2604090093e-02 8.8248031835e-02
0.0000000000e+00 3.5944577617e-02 9.8750941455e-02
3.6214633534e-02 2.2236918798e-02 8.7811533362e-02
0.0000000000e+00 2.2586984327e-02 3.9985400004e-02
6.7831040670e-02 0.0000000000e+00 0.0000000000e+00
7.0123562900e-02 0.0000000000e+00 0.0000000000e+00
3.5828583592e-04 0.0000000000e+00 0.0000000000e+00
6.0851718610e-02 0.0000000000e+00 0.0000000000e+00
7.2678066790e-02 0.0000000000e+00 0.0000000000e+00
7.2678066790e-02 0.0000000000e+00 0.0000000000e+00
0.0000000000e+00 0.0000000000e+00 0.0000000000e+00
0.0000000000e+00 0.0000000000e+00 0.0000000000e+00
0.0000000000e+00 0.0000000000e+00 0.0000000000e+00
6.0459077358e-02 0.0000000000e+00 0.0000000000e+00
6.0459077358e-02 0.0000000000e+00 0.0000000000e+00
5.3674530742e-05 0.0000000000e+00 0.0000000000e+00
6.2553204596e-02 0.0000000000e+00 0.0000000000e+00
2.2308261677e-02 0.0000000000e+00 0.0000000000e+00
1.0999751153e-01 0.0000000000e+00 0.0000000000e+00
7.8944108138e-02 0.0000000000e+00 0.0000000000e+00
7.8944108138e-02 0.0000000000e+00 0.0000000000e+00
1.0042457283e-01 0.0000000000e+00 0.0000000000e+00
1.1536232568e-01 0.0000000000e+00 0.0000000000e+00
1.5690521337e-01 0.0000000000e+00 0.0000000000e+00
6.5041104642e-02 0.0000000000e+00 0.0000000000e+00
1.3341362402e-01 0.0000000000e+00 0.0000000000e+00
2.4890621752e-01 0.0000000000e+00 0.0000000000e+00
1.3341362402e-01 0.0000000000e+00 0.0000000000e+00
1.2958379835e-01 0.0000000000e+00 0.0000000000e+00
7.3154721720e-02 0.0000000000e+00 0.0000000000e+00
3.8233245661e-01 0.0000000000e+00 0.0000000000e+00
2.3595529531e-02 0.0000000000e+00 0.0000000000e+00
1.1700732137e-01 0.0000000000e+00 0.0000000000e+00
5.9571031791e-02 0.0000000000e+00 0.0000000000e+00
1.8837736795e-01 0.0000000000e+00 0.0000000000e+00
1.8837736795e-01 0.0000000000e+00 0.0000000000e+00
1.8837736795e-01 0.0000000000e+00 0.0000000000e+00
2.7576356971e-02 0.0000000000e+00 0.0000000000e+00
1.0288173209e-01 0.0000000000e+00 0.0000000000e+00
2.8194400016e-02 0.0000000000e+00 0.0000000000e+00
3.4608737100e-02 0.0000000000e+00 0.0000000000e+00
9.2270856723e-02 0.0000000000e+00 0.0000000000e+00
4.6805807855e-02 0.0000000000e+00 0.0000000000e+00
5.8385018259e-02 0.0000000000e+00 0.0000000000e+00
5.2842013538e-03 0.0000000000e+00 0.0000000000e+00
1.1048739776e-01 0.0000000000e+00 0.0000000000e+00
0.0000000000e+00 0.0000000000e+00 0.0000000000e+00
0.0000000000e+00 0.0000000000e+00 0.0000000000e+00
0.0000000000e+00 0.0000000000e+00 0.0000000000e+00
0.0000000000e+00 0.0000000000e+00 0.0000000000e+00
2.4802103705e-05 0.0000000000e+00 0.0000000000e+00
0.0000000000e+00 0.0000000000e+00 0.0000000000e+00
0.0000000000e+00 0.0000000000e+00 0.0000000000e+00
0.0000000000e+00 0.0000000000e+00 0.0000000000e+00
0.0000000000e+00 0.0000000000e+00 0.0000000000e+00
0.0000000000e+00 0.0000000000e+00 0.0000000000e+00
6.5475451568e-05 0.0000000000e+00 0.0000000000e+00
0.0000000000e+00 0.0000000000e+00 0.0000000000e+00
0.0000000000e+00 0.0000000000e+00 0.0000000000e+00
0.0000000000e+00 0.0000000000e+00 0.0000000000e+00
0.0000000000e+00 0.0000000000e+00 0.0000000000e+00
0.0000000000e+00 0.0000000000e+00 0.0000000000e+00
0.0000000000e+00 0.0000000000e+00 0.0000000000e+00
0.0000000000e+00 0.0000000000e+00 0.0000000000e+00
0.0000000000e+00 0.0000000000e+00 0.0000000000e+00
0.0000000000e+00 0.0000000000e+00 0.0000000000e+00
0.0000000000e+00 0.0000000000e+00 0.0000000000e+00
0.0000000000e+00 0.0000000000e+00 0.0000000000e+00
4.2138945446e-05 0.0000000000e+00 0.0000000000e+00
4.2138945446e-05 0.0000000000e+00 0.0000000000e+00
0.0000000000e+00 0.0000000000e+00 0.0000000000e+00
0.0000000000e+00 0.0000000000e+00 0.0000000000e+00
0.0000000000e+00 0.0000000000e+00 0.0000000000e+00
0.0000000000e+00 0.0000000000e+00 0.0000000000e+00
0.0000000000e+00 0.0000000000e+00 0.0000000000e+00
0.0000000000e+00 0.0000000000e+00 0.0000000000e+00
0.0000000000e+00 0.0000000000e+00 0.0000000000e+00
0.0000000000e+00 0.0000000000e+00 0.0000000000e+00
0.0000000000e+00 0.0000000000e+00 0.0000000000e+00
0.0000000000e+00 0.0000000000e+00 0.0000000000e+00
0.0000000000e+00 0.0000000000e+00 0.0000000000e+00
0.0000000000e+00 0.0000000000e+00 0.0000000000e+00
6.4692647281e-06 0.0000000000e+00 0.0000000000e+00
6.4692647281e-06 0.0000000000e+00 0.0000000000e+00
0.0000000000e+00 0.0000000000e+00 0.0000000000e+00
0.0000000000e+00 0.0000000000e+00 0.0000000000e+00
0.0000000000e+00 0.0000000000e+00 0.0000000000e+00
0.0000000000e+00 0.0000000000e+00 0.0000000000e+00
0.0000000000e+00 0.0000000000e+00 0.0000000000e+00
0.0000000000e+00 0.0000000000e+00 0.0000000000e+00
0.0000000000e+00 0.0000000000e+00 0.0000000000e+00
0.0000000000e+00 0.0000000000e+00 2.2045418963e-10
0.0000000000e+00 0.0000000000e+00 0.0000000000e+00
2.2622941295e-02 0.0000000000e+00 0.0000000000e+00
0.0000000000e+00 0.0000000000e+00 0.0000000000e+00
0.0000000000e+00 0.0000000000e+00 1.3801430600e-10
0.0000000000e+00 0.0000000000e+00 0.0000000000e+00
6.3104670668e-06 0.0000000000e+00 6.6913587171e-10
2.6341130957e-02 0.0000000000e+00 9.6297063132e-15
3.2123721515e-02 0.0000000000e+00 0.0000000000e+00
0.0000000000e+00 0.0000000000e+00 0.0000000000e+00
2.1122727503e-05 0.0000000000e+00 0.0000000000e+00
1.1885224453e-02 0.0000000000e+00 0.0000000000e+00
1.1921437287e-05 0.0000000000e+00 0.0000000000e+00
1.6177436616e-05 0.0000000000e+00 0.0000000000e+00
0.0000000000e+00 0.0000000000e+00 0.0000000000e+00
3.4295928799e-05 0.0000000000e+00 0.0000000000e+00
8.0904813634e-06 0.0000000000e+00 0.0000000000e+00
8.0904813634e-06 0.0000000000e+00 0.0000000000e+00
0.0000000000e+00 0.0000000000e+00 0.0000000000e+00
1.0697865279e-04 0.0000000000e+00 0.0000000000e+00
1.6616919699e-02 0.0000000000e+00 0.0000000000e+00
9.3240398655e-06 0.0000000000e+00 0.0000000000e+00
5.1899554829e-02 0.0000000000e+00 0.0000000000e+00
3.5813891329e-02 0.0000000000e+00 0.0000000000e+00
3.5705768814e-02 0.0000000000e+00 0.0000000000e+00
0.0000000000e+00 0.0000000000e+00 0.0000000000e+00
3.0392422256e-06 0.0000000000e+00 0.0000000000e+00
1.1830283029e-06 0.0000000000e+00 0.0000000000e+00
8.5760472575e-04 0.0000000000e+00 0.0000000000e+00
8.5760472575e-04 0.0000000000e+00 0.0000000000e+00
1.3191606361e-05 0.0000000000e+00 0.0000000000e+00
3.2045265167e-06 0.0000000000e+00 0.0000000000e+00
5.5437171795e-05 0.0000000000e+00 0.0000000000e+00
6.3193719598e-05 0.0000000000e+00 0.0000000000e+00
1.0260452206e-02 0.0000000000e+00 0.0000000000e+00
7.1284447737e-06 0.0000000000e+00 0.0000000000e+00
7.1284447737e-06 0.0000000000e+00 0.0000000000e+00
1.4385402513e-05 0.0000000000e+00 0.0000000000e+00
6.7762160446e-07 0.0000000000e+00 0.0000000000e+00
0.0000000000e+00 0.0000000000e+00 0.0000000000e+00
0.0000000000e+00 0.0000000000e+00 0.0000000000e+00
0.0000000000e+00 0.0000000000e+00 0.0000000000e+00
0.0000000000e+00 0.0000000000e+00 0.0000000000e+00
0.0000000000e+00 0.0000000000e+00 0.0000000000e+00
1.7573380967e-01 0.0000000000e+00 0.0000000000e+00
1.7573380967e-01 0.0000000000e+00 0.0000000000e+00
1.4921484888e-01 0.0000000000e+00 0.0000000000e+00
5.0944571694e-02 0.0000000000e+00 0.0000000000e+00
1.0316235262e-01 0.0000000000e+00 0.0000000000e+00
1.0316235262e-01 0.0000000000e+00 0.0000000000e+00
7.7951238180e-02 0.0000000000e+00 0.0000000000e+00
7.7951238180e-02 0.0000000000e+00 0.0000000000e+00
1.2988610690e-01 0.0000000000e+00 0.0000000000e+00
3.7214131715e-02 0.0000000000e+00 0.0000000000e+00
2.1954727670e-02 0.0000000000e+00 0.0000000000e+00
2.8089175932e-02 0.0000000000e+00 0.0000000000e+00
2.8089175932e-02 0.0000000000e+00 0.0000000000e+00
2.3159856442e-02 0.0000000000e+00 0.0000000000e+00
6.3498498251e-02 0.0000000000e+00 0.0000000000e+00
1.7273634175e-01 0.0000000000e+00 0.0000000000e+00
7.7150299524e-02 0.0000000000e+00 0.0000000000e+00
7.7150299524e-02 0.0000000000e+00 0.0000000000e+00
4.9809887695e-02 0.0000000000e+00 0.0000000000e+00
1.3991995590e-01 0.0000000000e+00 0.0000000000e+00
1.3991995590e-01 0.0000000000e+00 0.0000000000e+00
1.3991995590e-01 0.0000000000e+00 0.0000000000e+00
6.2175777120e-02 0.0000000000e+00 0.0000000000e+00
8.1073891371e-02 0.0000000000e+00 0.0000000000e+00
1.1793297157e-01 0.0000000000e+00 0.0000000000e+00
1.9785361985e-02 0.0000000000e+00 0.0000000000e+00
1.9785361985e-02 0.0000000000e+00 0.0000000000e+00
2.0830052284e-02 0.0000000000e+00 0.0000000000e+00
2.0972511731e-02 0.0000000000e+00 0.0000000000e+00
2.0015350698e-02 0.0000000000e+00 0.0000000000e+00
2.0015350698e-02 0.0000000000e+00 0.0000000000e+00
1.8748289750e-02 0.0000000000e+00 0.0000000000e+00
2.1463710349e-02 0.0000000000e+00 0.0000000000e+00
1.1509979082e-01 0.0000000000e+00 0.0000000000e+00
8.6148622756e-02 0.0000000000e+00 0.0000000000e+00
1.7549901083e-01 0.0000000000e+00 0.0000000000e+00
1.8143230428e-01 0.0000000000e+00 0.0000000000e+00
1.8143230428e-01 0.0000000000e+00 0.0000000000e+00
1.1689960708e-01 0.0000000000e+00 0.0000000000e+00
1.1689960708e-01 0.0000000000e+00 0.0000000000e+00
1.8565572177e-01 0.0000000000e+00 0.0000000000e+00
1.5006270756e-01 0.0000000000e+00 0.0000000000e+00
1.7002025440e-04 4.2331998081e-02 2.3298978340e-02
1.7002025440e-04 4.2331998081e-02 2.3298978340e-02
2.7639284235e-04 2.1011744315e-02 1.4341553673e-02
2.2986031036e-04 2.1135652903e-02 1.0250664161e-02
9.6485804049e-04 2.2635486753e-02 4.1179494467e-02
3.3463827276e-04 2.6031800856e-02 5.8476403356e-02
6.0948487468e-04 2.4620953326e-02 7.6186423811e-02
8.6550335012e-04 2.7910815707e-02 6.3732157772e-02
1.9028274013e-03 2.6844449497e-02 6.0385490768e-02
1.3304205301e-03 2.3958915068e-02 2.6273218604e-02
1.7818061363e-03 2.9319263995e-02 5.6781708884e-02
1.3395946201e-03 2.9926374555e-02 6.4537451292e-02
1.9804375479e-03 2.8345782931e-02 5.0255383054e-02
5.8393205594e-04 2.1869296363e-02 2.8426082805e-02
2.5593806058e-03 3.6326686852e-02 2.5302668723e-02
9.3323629699e-04 3.6888159811e-02 2.4926392129e-02
1.7167782159e-03 3.0379971955e-02 2.2780045246e-02
1.5293254207e-03 4.8266516688e-02 2.6244079073e-02
1.5858309052e-03 5.1653310346e-02 2.5394742920e-02
3.5547097214e-03 4.5132678623e-02 2.6962458078e-02
6.7251176612e-04 3.7506926184e-02 2.6773582601e-02
2.6958282882e-03 3.7773730854e-02 2.7251244057e-02
1.8950912496e-06 5.2624782547e-02 2.6925765909e-02
4.0086944015e-04 5.2081910272e-02 2.7069436619e-02
6.2282678749e-03 3.2210271961e-02 3.9859504749e-02
3.0708177947e-03 4.7787272682e-02 7.1687842409e-02
3.4035049127e-04 5.9688429038e-02 3.2766530601e-02
1.6724590563e-07 4.0308760790e-02 4.6659685671e-02
1.2747976264e-04 8.2821466650e-02 3.1171391408e-02
2.8864068615e-04 8.0900375110e-02 2.9071930020e-02
8.2989707456e-05 4.0576638654e-02 3.4063859843e-02
6.1770449732e-04 4.0213295879e-02 4.0651532666e-02
1.3422784493e-04 4.8556555373e-02 5.1826004870e-02
1.2247776624e-06 6.5738367227e-02 2.9620375795e-02
3.5807299719e-04 5.3405008900e-02 3.8481579007e-02
4.9561192282e-04 1.7846559252e-02 4.3982789076e-02
4.3983896418e-03 2.8747320175e-02 8.3026022029e-02
3.7826685002e-03 4.4417161805e-02 6.5014571572e-02
3.7826685002e-03 4.4417161805e-02 6.5014571572e-02
3.0258093650e-02 3.9463513531e-02 7.9360215304e-02
9.1431789721e-03 3.7389052100e-02 5.9597561136e-02
2.5735145124e-02 3.5488866735e-02 5.5221938528e-02
2.5796955141e-02 4.8120300286e-02 7.4408267004e-02
2.5796955141e-02 4.8120300286e-02 7.4408267004e-02
9.2453374139e-03 4.0987353151e-02 7.7290465124e-02
1.5086461557e-02 4.0866565270e-02 6.9729527148e-02
7.1995934704e-03 1.9612244486e-02 7.3265612125e-02
2.0818792212e-03 2.9358396151e-02 1.0446336990e-01
1.1030581004e-02 2.7779385758e-02 1.2146260776e-01
0.0000000000e+00 1.7530757003e-02 1.2747930984e-01
0.0000000000e+00 3.4669851884e-02 1.7181398720e-01
5.0723869664e-02 3.1621489674e-02 8.8664991160e-02
0.0000000000e+00 2.0455661230e-02 7.6965269633e-02
0.0000000000e+00 1.5087934366e-02 1.2544281719e-01
1.1343118681e-06 1.2442261136e-02 4.7720837562e-02
1.7329994269e-06 2.5346513061e-02 0.0000000000e+00
8.4594327685e-04 1.2435372453e-02 6.6108404348e-02
1.7077292445e-06 2.4175798055e-02 1.9423242115e-02
1.1224115042e-06 6.4566686439e-02 0.0000000000e+00
0.0000000000e+00 1.1176230075e-02 1.9497497473e-02
0.0000000000e+00 1.3273748492e-02 9.0394217211e-02
0.0000000000e+00 3.3042509109e-02 3.5126875155e-02
0.0000000000e+00 1.5109146557e-02 1.5395619984e-02
0.0000000000e+00 3.6591468534e-02 0.0000000000e+00
0.0000000000e+00 1.0838764681e-02 1.5378605186e-02
0.0000000000e+00 1.1082162188e-02 2.3938517164e-02
1.3543409712e-06 1.2412118493e-02 3.6431031069e-02
5.3217661990e-10 4.6900688981e-02 3.4018812856e-02
0.0000000000e+00 9.9200255548e-03 3.9059701065e-02
0.0000000000e+00 1.0417092592e-02 4.8978947569e-02
0.0000000000e+00 1.2919910485e-02 2.6827505169e-02
0.0000000000e+00 1.9479613518e-02 1.0742869228e-01
5.0941546921e-07 2.8187383122e-02 4.6168779178e-02
4.7161900104e-07 2.7580136123e-02 4.4642083813e-02
0.0000000000e+00 2.5567670430e-02 1.6882942912e-02
1.3247307275e-06 2.1443720208e-02 4.2640600353e-02
0.0000000000e+00 1.1701954878e-02 5.3501723955e-02
0.0000000000e+00 2.2927005310e-02 5.6256005230e-02
0.0000000000e+00 6.2662082103e-02 3.7592600255e-02
1.7515077104e-06 4.2270617404e-02 3.3323695728e-02
0.0000000000e+00 5.1252480286e-02 0.0000000000e+00
0.0000000000e+00 1.6777962446e-01 9.7847425689e-02
0.0000000000e+00 6.9645384637e-02 9.4343469789e-02
1.2642711826e-07 8.1805118981e-02 1.0362982315e-01
1.2642711826e-07 8.1805118981e-02 1.0362982315e-01
5.7005825220e-03 2.9356301452e-02 8.0051264182e-03
0.0000000000e+00 7.8900119911e-02 1.0494960286e-01
0.0000000000e+00 7.7958845533e-02 1.0598722038e-01
9.7296282668e-04 4.0546741957e-02 1.0287868674e-02
0.0000000000e+00 2.4070160463e-02 8.0599212398e-02
4.2251808433e-04 5.1476598717e-02 1.0520287634e-02
0.0000000000e+00 2.5418624748e-02 0.0000000000e+00
3.2137879947e-03 4.0670580075e-02 1.0736657889e-02
0.0000000000e+00 2.8862126637e-02 1.2861296263e-02
0.0000000000e+00 3.9426401258e-02 1.1858486493e-02
0.0000000000e+00 6.4398915196e-02 1.2467205796e-02
0.0000000000e+00 4.1673357443e-02 2.6761825507e-02
0.0000000000e+00 3.0012028757e-02 2.3013518037e-02
4.3624027730e-11 5.9233021302e-02 3.6066120801e-02
0.0000000000e+00 4.7584804706e-02 3.8282913932e-02
2.1218315233e-02 6.6666149069e-03 9.9244081563e-04
0.0000000000e+00 7.2312652444e-02 1.9718017662e-02
2.0373709888e-02 2.8728125306e-02 1.4046271836e-02
2.0355516036e-02 2.3420979579e-02 1.3448147452e-02
0.0000000000e+00 2.2075999683e-02 0.0000000000e+00
1.6838036167e-02 1.9816423456e-02 1.0384350297e-02
2.2070327075e-02 1.0362110760e-02 7.6866946571e-03
2.8136184439e-02 1.2391536729e-02 0.0000000000e+00
1.4115252066e-02 1.1018951695e-02 0.0000000000e+00
4.0823575264e-02 1.3395944921e-02 0.0000000000e+00
2.4351046731e-02 8.0639238780e-03 0.0000000000e+00
2.6635798936e-02 9.6868399996e-03 6.7660911203e-03
1.4548106662e-02 4.4666077204e-03 1.9663676539e-05
1.7842346492e-02 1.7799036965e-02 1.0655926696e-02
1.0399425558e-02 8.2235404601e-03 1.1125822311e-05
1.6184049658e-02 3.7504836218e-03 0.0000000000e+00
2.3936665462e-02 1.9008662552e-02 5.8539189631e-03
1.2667623193e-02 5.1614924256e-03 7.4495922367e-05
0.0000000000e+00 4.6136866634e-02 1.4065710672e-02
0.0000000000e+00 6.2414489066e-02 2.9988119223e-02
3.4514852799e-02 1.1935300504e-02 5.8591904429e-03
1.1229465483e-02 0.0000000000e+00 0.0000000000e+00
2.1783403276e-02 0.0000000000e+00 0.0000000000e+00
1.4778286975e-02 0.0000000000e+00 0.0000000000e+00
1.0405951053e-02 0.0000000000e+00 0.0000000000e+00
1.3959747817e-02 0.0000000000e+00 0.0000000000e+00
1.9241780912e-01 0.0000000000e+00 0.0000000000e+00
1.9241780912e-01 0.0000000000e+00 0.0000000000e+00
1.6296326105e-02 0.0000000000e+00 0.0000000000e+00
2.3672784989e-02 0.0000000000e+00 0.0000000000e+00
1.1176770631e-02 0.0000000000e+00 0.0000000000e+00
9.1452460736e-02 0.0000000000e+00 0.0000000000e+00
2.2164273759e-01 0.0000000000e+00 0.0000000000e+00
2.1270589903e-02 0.0000000000e+00 0.0000000000e+00
0.0000000000e+00 0.0000000000e+00 0.0000000000e+00
0.0000000000e+00 0.0000000000e+00 0.0000000000e+00
0.0000000000e+00 0.0000000000e+00 0.0000000000e+00
0.0000000000e+00 0.0000000000e+00 0.0000000000e+00
0.0000000000e+00 0.0000000000e+00 0.0000000000e+00
0.0000000000e+00 0.0000000000e+00 0.0000000000e+00
0.0000000000e+00 0.0000000000e+00 0.0000000000e+00
0.0000000000e+00 0.0000000000e+00 0.0000000000e+00
0.0000000000e+00 0.0000000000e+00 0.0000000000e+00
0.0000000000e+00 0.0000000000e+00 0.0000000000e+00
0.0000000000e+00 0.0000000000e+00 0.0000000000e+00
0.0000000000e+00 0.0000000000e+00 0.0000000000e+00
0.0000000000e+00 0.0000000000e+00 0.0000000000e+00
0.0000000000e+00 0.0000000000e+00 0.0000000000e+00
0.0000000000e+00 0.0000000000e+00 0.0000000000e+00
0.0000000000e+00 0.0000000000e+00 0.0000000000e+00
0.0000000000e+00 0.0000000000e+00 0.0000000000e+00
0.0000000000e+00 0.0000000000e+00 0.0000000000e+00
0.0000000000e+00 0.0000000000e+00 0.0000000000e+00
0.0000000000e+00 0.0000000000e+00 0.0000000000e+00
0.0000000000e+00 0.0000000000e+00 0.0000000000e+00
0.0000000000e+00 0.0000000000e+00 0.0000000000e+00
0.0000000000e+00 0.0000000000e+00 0.0000000000e+00
0.0000000000e+00 0.0000000000e+00 0.0000000000e+00
0.0000000000e+00 0.0000000000e+00 0.0000000000e+00
0.0000000000e+00 0.0000000000e+00 0.0000000000e+00
0.0000000000e+00 0.0000000000e+00 0.0000000000e+00
0.0000000000e+00 0.0000000000e+00 0.0000000000e+00
0.0000000000e+00 0.0000000000e+00 0.0000000000e+00
0.0000000000e+00 0.0000000000e+00 0.0000000000e+00
0.0000000000e+00 0.0000000000e+00 0.0000000000e+00
0.0000000000e+00 0.0000000000e+00 0.0000000000e+00
0.0000000000e+00 0.0000000000e+00 0.0000000000e+00
0.0000000000e+00 0.0000000000e+00 0.0000000000e+00
0.0000000000e+00 0.0000000000e+00 0.0000000000e+00
0.0000000000e+00 0.0000000000e+00 0.0000000000e+00
0.0000000000e+00 0.0000000000e+00 0.0000000000e+00
1.7951615394e-06 0.0000000000e+00 0.0000000000e+00
0.0000000000e+00 0.0000000000e+00 0.0000000000e+00
0.0000000000e+00 0.0000000000e+00 0.0000000000e+00
2.2605262823e-06 0.0000000000e+00 0.0000000000e+00
0.0000000000e+00 0.0000000000e+00 0.0000000000e+00
0.0000000000e+00 0.0000000000e+00 0.0000000000e+00
0.0000000000e+00 0.0000000000e+00 0.0000000000e+00
0.0000000000e+00 0.0000000000e+00 0.0000000000e+00
0.0000000000e+00 0.0000000000e+00 0.0000000000e+00
0.0000000000e+00 0.0000000000e+00 0.0000000000e+00
3.6362889805e-03 0.0000000000e+00 0.0000000000e+00
1.7403710711e-02 0.0000000000e+00 0.0000000000e+00
2.9894972492e-03 0.0000000000e+00 0.0000000000e+00
2.5001195221e-03 0.0000000000e+00 0.0000000000e+00
1.6471198682e-02 0.0000000000e+00 0.0000000000e+00
7.6459787476e-03 0.0000000000e+00 0.0000000000e+00
7.6459787476e-03 0.0000000000e+00 0.0000000000e+00
7.6459787476e-03 0.0000000000e+00 0.0000000000e+00
1.5765946281e-02 0.0000000000e+00 0.0000000000e+00
2.2596658115e-06 0.0000000000e+00 0.0000000000e+00
1.2001032243e-02 0.0000000000e+00 0.0000000000e+00
5.8105686189e-08 0.0000000000e+00 0.0000000000e+00
5.8105686189e-08 0.0000000000e+00 0.0000000000e+00
5.8105686189e-08 0.0000000000e+00 0.0000000000e+00
5.8105686189e-08 0.0000000000e+00 0.0000000000e+00
0.0000000000e+00 0.0000000000e+00 0.0000000000e+00
0.0000000000e+00 0.0000000000e+00 0.0000000000e+00
0.0000000000e+00 0.0000000000e+00 0.0000000000e+00
0.0000000000e+00 0.0000000000e+00 0.0000000000e+00
0.0000000000e+00 0.0000000000e+00 0.0000000000e+00
0.0000000000e+00 0.0000000000e+00 0.0000000000e+00
4.1493586878e-07 0.0000000000e+00 0.0000000000e+00
0.0000000000e+00 0.0000000000e+00 0.0000000000e+00
0.0000000000e+00 0.0000000000e+00 0.0000000000e+00
0.0000000000e+00 0.0000000000e+00 0.0000000000e+00
0.0000000000e+00 0.0000000000e+00 0.0000000000e+00
0.0000000000e+00 0.0000000000e+00 0.0000000000e+00
0.0000000000e+00 0.0000000000e+00 0.0000000000e+00
0.0000000000e+00 0.0000000000e+00 0.0000000000e+00
0.0000000000e+00 0.0000000000e+00 0.0000000000e+00
3.8026579621e-06 0.0000000000e+00 0.0000000000e+00
0.0000000000e+00 0.0000000000e+00 0.0000000000e+00
3.4485555981e-07 0.0000000000e+00 0.0000000000e+00
6.8067980881e-08 0.0000000000e+00 0.0000000000e+00
6.8067980881e-08 0.0000000000e+00 0.0000000000e+00
0.0000000000e+00 0.0000000000e+00 0.0000000000e+00
0.0000000000e+00 0.0000000000e+00 0.0000000000e+00
0.0000000000e+00 0.0000000000e+00 0.0000000000e+00
0.0000000000e+00 0.0000000000e+00 0.0000000000e+00
2.3431661399e-06 0.0000000000e+00 0.0000000000e+00
0.0000000000e+00 0.0000000000e+00 0.0000000000e+00
0.0000000000e+00 0.0000000000e+00 0.0000000000e+00
0.0000000000e+00 0.0000000000e+00 0.0000000000e+00
0.0000000000e+00 0.0000000000e+00 0.0000000000e+00
0.0000000000e+00 0.0000000000e+00 0.0000000000e+00
0.0000000000e+00 0.0000000000e+00 0.0000000000e+00
0.0000000000e+00 0.0000000000e+00 0.0000000000e+00
0.0000000000e+00 0.0000000000e+00 0.0000000000e+00
0.0000000000e+00 2.5336888599e-03 1.7296871326e-02
0.0000000000e+00 8.7901460162e-03 1.7390536455e-02
1.3528327713e-05 1.0034576796e-02 4.1527375424e-02
2.5995991640e-05 8.2817935618e-03 2.0060750966e-02
4.5541349512e-05 8.2156074932e-03 1.9504494267e-02
0.0000000000e+00 2.5870491857e-03 1.9725105027e-02
0.0000000000e+00 4.3577531663e-03 2.5433498124e-01
0.0000000000e+00 7.0557767758e-03 1.2826563790e-02
0.0000000000e+00 6.6767696602e-03 3.4436129810e-02
0.0000000000e+00 7.8416639396e-03 3.6756096253e-02
0.0000000000e+00 3.9983595489e-03 1.3188684049e-02
0.0000000000e+00 2.5675741393e-03 3.2042382285e-02
0.0000000000e+00 7.3116590890e-03 5.5064986460e-02
0.0000000000e+00 4.0045830053e-03 9.0315479164e-02
0.0000000000e+00 6.4478943241e-03 5.0241241503e-03
0.0000000000e+00 1.9917469394e-02 6.2199885724e-03
0.0000000000e+00 1.9681429102e-02 5.9743392048e-03
0.0000000000e+00 1.5903381997e-03 5.9188882587e-03
0.0000000000e+00 1.7324071535e-03 6.0630164420e-03
0.0000000000e+00 2.2984025915e-03 5.8155788186e-03
0.0000000000e+00 2.2011860759e-03 5.8807170329e-03
0.0000000000e+00 5.0871824836e-03 5.8735293569e-03
0.0000000000e+00 6.8237682960e-03 6.0459605496e-03
0.0000000000e+00 9.7053551969e-03 7.0785650751e-03
0.0000000000e+00 2.4546636487e-03 6.4269527405e-03
0.0000000000e+00 2.0051399246e-02 7.2783002785e-03
0.0000000000e+00 8.6628721328e-03 6.3582763541e-03
0.0000000000e+00 2.2041025261e-02 7.0852071901e-03
0.0000000000e+00 1.9774938468e-02 7.1106636897e-03
0.0000000000e+00 1.8695541973e-03 6.3754010868e-03
0.0000000000e+00 2.2224005443e-03 6.8758079239e-03
1.9985231177e-06 2.1254339954e-03 6.4996217067e-03
0.0000000000e+00 2.3050813482e-03 3.7718082895e-03
0.0000000000e+00 2.1101830915e-02 4.1641662247e-03
0.0000000000e+00 1.6441103304e-02 3.7734775494e-03
0.0000000000e+00 2.0523945102e-02 3.4000246863e-03
0.0000000000e+00 1.2256173339e-02 3.3994079567e-03
0.0000000000e+00 2.2362297726e-03 3.3810710108e-03
0.0000000000e+00 1.2189332706e-02 1.9112548616e-03
0.0000000000e+00 2.1204184874e-03 1.8097248879e-03
0.0000000000e+00 1.6257432871e-03 1.8096952214e-03
0.0000000000e+00 3.1025168331e-02 0.0000000000e+00
2.5090545857e-05 6.1096469872e-02 0.0000000000e+00
2.5589433411e-05 4.6408161521e-02 0.0000000000e+00
0.0000000000e+00 1.7132473023e-02 0.0000000000e+00
0.0000000000e+00 1.8566671526e-02 0.0000000000e+00
6.8071467278e-08 4.6984272078e-02 0.0000000000e+00
0.0000000000e+00 3.7184677087e-02 0.0000000000e+00
1.1025520431e-06 3.4635778517e-02 0.0000000000e+00
9.5950895798e-06 6.2068379174e-02 0.0000000000e+00
4.0732870881e-05 2.6869157329e-02 0.0000000000e+00
2.8181943511e-06 4.5146512178e-02 0.0000000000e+00
1.8101296367e-06 4.3559573280e-02 0.0000000000e+00
1.0511536933e-06 4.1403496017e-02 0.0000000000e+00
1.0511536933e-06 4.1403496017e-02 0.0000000000e+00
1.4178022618e-01 2.5881622921e-03 1.7885069212e-06
1.4178022618e-01 2.5881622921e-03 1.7885069212e-06
1.2997325013e-01 3.0558638052e-03 1.2904800736e-06
1.2242357557e-01 9.6547488744e-03 1.8067421843e-04
9.4461928432e-02 1.7371184200e-03 1.3740688942e-07
9.3947717920e-02 1.6591669649e-03 1.0948452219e-08
1.4588800445e-01 2.4023369004e-03 0.0000000000e+00
3.4676954771e-02 2.1831699179e-03 2.3481064903e-03
3.4052116641e-02 2.6799891261e-03 3.1789784553e-03
3.4052116641e-02 2.6799891261e-03 3.1789784553e-03
3.3766886840e-02 1.1483227097e-02 2.4664280160e-03
3.4449845863e-02 1.5781422456e-02 3.9216530859e-03
3.3876676578e-02 1.8008971975e-02 4.4269315549e-03
3.4121117710e-02 2.0656934086e-02 3.1792534865e-03
3.4569933079e-02 2.1057236862e-02 1.4023859403e-03
3.4985534226e-02 3.7756344459e-02 5.1957274779e-09
3.4126412589e-02 2.4314363487e-02 4.5918498818e-09
3.3347466805e-02 6.1294388724e-03 3.5479593983e-04
3.4655805212e-02 1.2702898200e-02 7.9567133798e-04
5.0079192035e-02 5.5565508703e-02 0.0000000000e+00
5.8490008737e-02 5.0772664758e-02 0.0000000000e+00
3.4479067971e-02 3.4724339843e-02 7.5791810620e-04
7.6664895440e-02 3.2708958102e-02 1.9621445851e-04
5.4015771175e-02 3.2339813032e-02 2.1662979998e-04
4.1475420507e-02 3.2412562519e-02 9.4048137544e-04
8.7329671408e-02 3.2319581136e-02 1.0340679243e-03
6.5545578487e-02 2.0986373303e-02 1.0981723462e-03
1.4948805918e-01 2.1147791995e-02 8.7345267821e-04
8.0112155527e-02 1.9977519133e-02 7.9417440672e-04
6.4918001493e-02 1.9940168364e-02 7.1594946106e-04
1.3697256645e-01 2.1455494842e-02 8.0925005022e-04
1.5712111940e-01 2.1568260000e-02 8.0327565471e-04
1.5929275999e-01 2.1765090836e-02 7.7940170498e-04
1.0757891710e-01 1.9719802076e-02 7.7527349640e-04
1.0836273370e-01 1.9541983648e-02 7.9322559274e-04
1.0917023756e-01 1.9834261620e-02 7.7990661278e-04
1.7844525725e-01 2.1425829890e-02 6.5500143198e-04
1.6489868859e-01 1.7479690568e-02 6.3468454270e-04
1.3103018266e-01 1.7480615682e-02 6.3423563067e-04
1.2675293162e-01 1.9270297838e-02 6.4289177923e-04
2.8812298862e-02 1.7915135327e-02 6.5326311596e-04
1.5094631538e-01 1.6820983728e-02 5.4950408230e-04
7.8633591533e-02 2.8842462072e-02 6.6240108572e-04
2.6331827821e-02 4.9904008086e-02 7.2815246434e-04
2.6331827821e-02 4.9904008086e-02 7.2815246434e-04
1.7098362868e-02 6.5947168507e-02 7.2805719780e-04
4.9087433765e-02 1.8790777229e-02 4.3579057577e-04
7.9387936120e-02 2.0901399277e-02 6.7748429865e-04
7.2175600256e-02 1.9935045314e-02 6.7366690685e-04
2.2396728769e-01 1.2580836114e-02 6.9637826527e-04
8.2024486735e-02 2.4181116528e-02 6.0958820783e-04
6.5878088276e-02 4.9346070737e-02 6.8213826065e-04
1.0057538065e-01 2.1441007033e-02 6.4622475960e-04
8.7930894146e-02 3.8857414232e-02 4.8345747928e-04
6.1272001825e-02 5.1973874681e-02 6.5100052598e-04
8.1619638329e-02 2.3711132041e-02 7.2865995268e-04
7.6724893103e-02 3.9222479798e-02 6.4296441754e-04
8.1358717134e-02 3.0822659067e-02 6.5710460816e-04
7.8269174943e-02 2.2106254473e-02 6.3711833354e-04
1.1994349957e-01 2.8194635020e-02 7.5981007346e-04
1.0630522606e-01 6.5215251409e-02 8.2346764490e-04
1.9264905900e-01 3.8534235520e-02 5.5179877139e-04
2.5478172302e-01 4.0823391639e-02 7.2737262720e-04
7.5046948778e-02 5.5954086905e-02 8.3490709949e-04
7.7656988675e-02 2.4829489955e-02 7.4251716918e-04
7.7656988675e-02 2.4829489955e-02 7.4251716918e-04
5.4282837547e-02 4.2786247407e-02 7.5963517399e-04
1.6595794881e-01 2.3433703308e-02 7.0524256444e-04
1.6595794881e-01 2.3433703308e-02 7.0524256444e-04
5.0806600600e-02 2.6032413046e-02 7.6243718892e-04
4.4852713433e-02 4.5318606930e-02 7.9286157658e-04
6.7892466051e-02 3.2064043762e-02 7.9266840476e-04
7.1619290859e-02 2.5731173189e-02 3.2734131552e-04
5.6647514924e-02 5.6791932633e-02 3.7476733269e-04
9.4868525863e-02 7.3080801095e-02 3.8251871592e-04
8.6341908202e-02 5.6825817563e-02 3.7611987015e-04
3.6120995569e-02 3.3281651015e-02 3.7049945725e-04
1.0569034144e-01 2.1771300662e-02 3.7086056060e-04
6.8209821979e-02 1.1357682757e-02 3.6184318257e-04
1.9600819672e-01 2.4323714431e-02 3.8819613837e-04
8.4606597200e-02 2.3766147904e-02 3.8753923824e-04
2.5046385204e-01 2.2660133584e-02 4.0662183649e-04
2.2559948141e-01 3.5566830697e-02 4.0736189112e-04
1.0641153405e-01 1.3929917943e-02 3.4789799975e-04
1.0641153405e-01 1.3929917943e-02 3.4789799975e-04
1.6756177818e-01 2.0905966405e-02 2.9783475960e-04
5.1883339571e-02 1.6228358494e-02 2.7976639224e-04
7.7581463382e-02 1.5055842930e-02 2.9754604111e-04
3.6954013476e-02 1.7874189264e-02 2.8296342498e-04
9.6143168708e-02 1.8931025174e-02 2.9371654091e-04
6.9080903816e-02 1.6887251365e-02 2.8265985505e-04
6.5878022462e-02 1.8647603691e-02 2.8112231666e-04
6.5878022462e-02 1.8647603691e-02 2.8112231666e-04
6.7353268154e-02 1.7974157973e-02 2.9873885311e-04
6.4317853500e-02 2.0056520744e-02 2.9338631794e-04
3.9363676372e-02 1.3879396293e-02 1.1023869835e-04
4.6301132068e-02 1.1385568301e-02 7.8293973274e-05
4.3528182742e-02 1.1429409846e-02 1.4241833166e-05
4.2791429597e-02 1.2885918220e-02 3.5477491489e-05
4.9149108430e-02 2.6040631657e-02 1.4218640263e-04
4.9550455684e-02 2.5604916892e-02 1.4063732685e-04
6.4059013190e-02 2.3623318101e-02 1.6623917054e-04
4.7613869111e-02 2.9339494960e-02 5.1922581671e-06
6.1286816684e-02 3.0703827584e-02 5.6842799800e-08
4.0533515004e-02 3.1631826889e-02 4.5026009902e-03
4.5580681724e-02 2.4949892890e-02 7.1557135670e-03
1.1236085370e-01 3.2088515659e-02 1.8336844941e-02
4.5141712762e-02 3.0840794866e-02 1.2847183893e-02
8.7259737154e-02 3.3342324508e-02 1.5102197455e-02
4.0591342685e-02 2.0291725678e-02 7.6611127345e-05
5.7607792318e-02 3.5023178440e-02 1.8372280708e-03
5.7999099605e-02 1.5951001900e-02 2.0630448659e-03
6.9161836368e-02 3.9684237602e-02 2.4129705038e-02
6.9161836368e-02 3.9684237602e-02 2.4129705038e-02
6.2013455667e-02 3.7791120044e-02 2.2885090516e-02
8.7836346899e-02 1.0683776462e-02 7.3973232259e-02
6.0573770354e-02 2.8303199448e-02 1.9623186284e-02
6.4969653574e-02 3.0137056795e-02 1.5764357056e-02
5.7216024647e-02 5.1790374952e-02 1.9971393980e-02
4.3394696588e-02 2.6485358210e-02 2.3583859283e-02
4.8186159072e-02 6.4164385200e-02 1.5581950856e-02
2.7570309894e-02 4.4499301662e-02 9.0550788445e-03
3.6505475330e-02 3.5052573153e-02 3.1567790701e-02
2.5478663854e-02 4.9248166693e-02 2.6551370664e-02
2.6392542602e-02 5.0482535114e-02 1.3203126417e-02
2.7103029812e-02 2.8743787203e-02 2.2230070938e-02
2.3118075915e-02 5.7048362990e-02 2.3039795614e-02
2.7981861494e-02 7.0111680155e-02 2.0935575400e-02
2.4475498746e-02 5.5419272433e-02 2.7291878127e-02
2.9539696562e-02 4.5097289917e-02 1.7157798090e-02
3.7482497593e-02 7.0283018673e-02 1.5595430586e-02
2.0865970524e-02 3.7652139117e-01 9.5126009934e-03
1.0588259622e-01 9.6391594348e-02 8.4209915755e-03
9.4733379781e-02 1.2464953959e-01 9.3519271662e-03
1.1107499277e-01 9.9086479594e-02 5.9976358316e-03
1.0641637134e-01 1.7859458551e-01 1.1964432041e-02
1.0641637134e-01 1.7859458551e-01 1.1964432041e-02
1.1569413170e-01 7.2396606207e-02 5.7810245780e-03
1.8315274517e-01 6.1250534529e-02 6.6730820108e-03
1.2942939686e-01 6.1428636002e-02 8.6272464832e-03
1.1859836429e-01 1.3476150855e-01 8.9309418302e-03
8.3729527270e-02 1.4889104478e-01 5.3987484813e-03
1.2177252335e-01 1.1635651874e-01 5.9349172710e-03
1.4577258502e-01 9.1075799428e-02 1.0158229115e-02
8.8102883970e-02 1.4697426930e-01 7.7394184773e-03
9.1284402336e-02 1.2313390089e-01 9.6023476217e-03
7.9390687868e-02 1.2057033616e-01 8.0145609099e-03
7.5470907614e-02 1.2144419240e-01 8.9268814772e-03
7.1370282831e-02 8.1199069197e-02 9.5702235121e-03
8.2531079029e-02 1.9388401027e-02 6.0862905229e-03
1.3277455606e-01 1.4491394861e-02 7.9050715521e-05
8.1487229094e-02 7.6417322465e-03 2.5305934202e-03
9.8492615546e-02 8.3817463213e-03 1.5833258185e-03
1.2903715111e-01 8.2318941519e-03 5.1170297860e-03
9.8463142912e-01 0.0000000000e+00 0.0000000000e+00
5.3670608749e-02 0.0000000000e+00 0.0000000000e+00
5.3670608749e-02 0.0000000000e+00 0.0000000000e+00
4.5284130611e-02 0.0000000000e+00 0.0000000000e+00
2.8272788723e-01 0.0000000000e+00 0.0000000000e+00
2.8272788723e-01 0.0000000000e+00 0.0000000000e+00
1.2446312806e-03 0.0000000000e+00 0.0000000000e+00
3.1687076638e-01 0.0000000000e+00 0.0000000000e+00
3.1687076638e-01 0.0000000000e+00 0.0000000000e+00
3.2345848158e-02 2.5761346566e-02 9.1377700369e-02
3.2048101071e-02 8.2592374024e-02 3.2023803890e-01
0.0000000000e+00 2.6078658489e-02 5.1046419151e-03
4.0403471028e-07 2.7058624507e-02 1.2067879426e-01
1.2470175698e-01 1.0120709861e-01 1.5060166557e-02
1.3990457480e-01 3.6985241187e-02 5.5172810098e-03
1.1785535142e-01 5.2498390588e-02 1.9183233070e-02
1.9872369121e-01 1.0091574180e-01 8.3679703142e-03
2.0758156106e-01 1.0614336530e-01 1.1727716619e-02
2.0758156106e-01 1.0614336530e-01 1.1727716619e-02
1.5850132580e-01 3.8401980108e-02 2.0651259595e-03
1.5850132580e-01 3.8401980108e-02 2.0651259595e-03
9.5427141835e-02 4.0353991712e-02 1.0533517234e-03
2.0354365433e-01 4.4531096394e-02 1.8748542449e-03
1.6622802118e-01 3.7804762367e-02 1.2487969167e-03
1.3770402099e-01 4.3872448305e-02 9.6956961788e-03
1.9486327842e-01 5.1923740655e-02 1.2030968428e-03
1.5801037972e-01 4.4057376062e-02 1.4550859497e-02
1.6304383303e-01 5.3403761548e-02 1.4012611005e-02
1.2527068332e-01 1.1858599881e-01 2.4961913936e-02
3.4257411802e-02 4.8728155438e-02 1.4385320634e-02
4.2119101000e-02 1.0300164359e-01 2.0960528830e-03
3.6639090007e-02 4.5259452735e-02 6.0647348873e-03
7.6967380941e-02 1.0332489883e-01 9.8383498456e-03
1.9144234868e-02 4.2303903649e-02 1.2424146174e-02
6.6836143844e-02 1.3874170495e-01 1.2937553925e-02
4.3621555592e-02 1.1980185099e-01 1.9571385502e-02
4.7341740690e-02 1.2650265669e-01 1.7673713310e-02
2.1562471520e-02 5.0828862314e-02 5.8063998198e-03
7.6148025071e-02 9.6145295538e-02 6.1318100430e-02
4.7001603680e-02 1.3652632572e-01 2.5067631796e-03
5.6871978876e-02 9.7540365532e-02 3.8801227735e-03
7.7134349073e-02 1.6010827509e-01 4.4160391359e-02
8.3145643895e-02 1.7815936667e-01 6.4861903898e-02
8.3145643895e-02 1.7815936667e-01 6.4861903898e-02
6.9365725853e-02 1.6952899968e-01 5.8500041564e-02
6.5947701534e-02 5.9706719592e-02 7.3623099209e-03
4.2375775985e-02 8.3025626217e-02 7.5250273570e-02
4.8368944166e-02 1.4238107639e-01 1.6627151209e-02
3.3091039397e-02 7.2484184367e-02 5.9299413736e-02
5.6447143046e-02 8.6899963518e-02 4.0581390494e-03
6.0943658464e-02 6.0946491547e-02 4.9431897545e-03
1.1360410849e-01 6.6118851459e-02 1.4821392950e-02
3.7407554065e-02 2.0776063452e-01 1.1531740054e-01
3.6321198180e-03 2.1972718587e-01 9.6856461838e-02
3.1495295504e-03 2.2294298063e-01 8.9329812055e-02
3.0453590249e-03 2.1438288564e-01 8.5701307903e-02
3.2811227526e-03 8.3003220148e-02 7.6496247372e-04
1.2960504275e-02 8.5731430600e-02 2.0220316201e-01
1.7346214251e-03 1.8720329056e-01 1.6390150537e-01
9.9391002053e-03 2.4762824799e-01 1.4296827962e-01
4.4506176588e-04 1.9402202715e-01 1.6450470934e-01
2.7718383897e-09 7.6593352792e-02 5.7681434477e-02
2.9367760120e-04 6.3926684360e-02 3.7964066491e-02
8.6531512531e-09 5.5536039018e-02 3.5492174948e-02
1.4727895965e-04 8.0873188563e-02 4.9911314932e-02
2.1090207277e-04 6.1741104660e-02 2.8460600258e-02
8.4603466094e-02 3.7631305804e-01 9.9946823592e-02
3.3723545300e-03 1.2499989135e-01 8.8743275652e-02
1.2712037625e-01 3.4208190938e-01 1.1293110189e-01
4.4631170264e-04 1.7275807199e-01 3.0013014174e-02
9.1930409026e-09 7.8793113430e-02 6.4647542313e-02
2.4049952723e-05 8.8806039343e-02 3.3485861650e-02
4.0808148296e-10 8.4654937809e-02 6.5557335503e-02
6.2172754042e-05 7.2554139731e-02 6.3814401937e-02
2.3574576171e-09 3.9106214497e-02 3.0328327324e-02
2.5778126670e-09 1.1316455342e-01 9.5436252033e-02
4.1304248111e-07 9.9441597549e-02 8.6638504018e-02
1.3641647092e-04 4.7771375471e-02 5.3715023523e-02
4.4047076093e-05 7.7998944558e-02 7.6548377052e-02
9.8666049405e-09 2.7956971026e-02 4.4040101736e-02
3.9303619133e-06 3.3459421402e-02 7.9335921754e-02
3.3318471045e-05 2.2949359962e-02 6.2752179801e-02
2.3131100685e-05 2.8920615635e-02 5.8506048595e-02
7.2716752888e-09 4.4025894254e-02 7.9465651574e-02
1.9011208840e-11 3.0143446095e-02 5.9506924512e-02
1.3228732276e-09 3.7278860419e-02 5.5533074774e-02
2.9971430661e-10 2.9143847991e-02 7.2305528447e-02
6.1934144545e-06 2.9781989404e-02 7.4345407387e-02
1.7567353794e-08 3.3072877481e-02 8.4130729859e-02
3.4654940371e-08 2.7521490430e-02 3.0858369622e-02
0.0000000000e+00 2.9944877878e-02 8.5822150732e-02
0.0000000000e+00 6.2853483483e-02 4.0229063986e-03
0.0000000000e+00 3.0458932044e-02 4.4442624475e-02
2.6644386549e-07 3.9196568774e-02 2.5030407589e-02
0.0000000000e+00 4.1800557015e-02 3.3392558495e-02
6.0441065841e-07 3.7591965248e-02 1.9020399079e-02
0.0000000000e+00 4.2312231691e-02 1.8355552262e-02
0.0000000000e+00 4.2312231691e-02 1.8355552262e-02
0.0000000000e+00 4.2312231691e-02 1.8355552262e-02
1.0244571737e-07 3.6307243630e-02 1.0543588083e-02
1.0244571737e-07 3.6307243630e-02 1.0543588083e-02
0.0000000000e+00 6.4609010704e-02 6.6262359420e-02
7.5076104222e-09 1.3926188772e-01 4.8518978370e-02
1.1972784123e-03 8.5300810014e-02 2.3625189563e-01
8.1376069656e-11 4.6086521974e-02 4.5197299216e-02
0.0000000000e+00 4.3135344439e-02 1.1395423673e-01
6.2976139840e-14 5.4970714574e-02 4.0758105771e-02
1.1781443845e-05 3.3564359105e-02 2.3295466943e-02
2.9367500839e-09 3.4291512022e-02 3.6038280620e-02
0.0000000000e+00 7.9821586298e-02 7.8977513127e-02
5.5490390271e-05 1.4816282705e-02 1.8240325541e-02
0.0000000000e+00 5.8045716956e-02 3.9458124277e-02
0.0000000000e+00 3.3056041691e-02 5.3151974455e-02
1.5013773500e-11 2.0077599601e-02 1.8580050052e-02
4.5009050653e-10 6.1174414741e-02 2.7687470739e-02
2.6920933453e-07 6.2075286483e-02 2.3607112312e-02
3.9252989993e-10 5.0374318535e-02 3.1115301264e-02
0.0000000000e+00 1.6903834068e-02 1.7975511262e-02
0.0000000000e+00 4.1031978559e-02 2.1667674339e-02
0.0000000000e+00 1.0466224266e-01 2.0246114659e-02
1.1856007101e-05 7.8080708782e-02 1.0907843771e-01
2.1510041203e-06 1.3418734012e-01 7.6348407504e-02
0.0000000000e+00 6.2313807507e-02 2.7623152981e-02
0.0000000000e+00 6.8028269336e-02 3.4082259828e-02
5.5851196746e-01 0.0000000000e+00 0.0000000000e+00
1.6352454076e-01 0.0000000000e+00 0.0000000000e+00
6.9873045882e-01 0.0000000000e+00 0.0000000000e+00
7.6543116570e-01 0.0000000000e+00 0.0000000000e+00
6.4946652080e-02 0.0000000000e+00 0.0000000000e+00
6.6410148516e-02 0.0000000000e+00 0.0000000000e+00
2.4429691831e-01 0.0000000000e+00 0.0000000000e+00
9.4361090257e-03 0.0000000000e+00 0.0000000000e+00
7.1520011624e-01 0.0000000000e+00 0.0000000000e+00
7.1520011624e-01 0.0000000000e+00 0.0000000000e+00
5.7069748640e-01 0.0000000000e+00 0.0000000000e+00
5.5891774098e-01 0.0000000000e+00 0.0000000000e+00
9.9254065752e-01 0.0000000000e+00 0.0000000000e+00
2.4803214024e-01 0.0000000000e+00 0.0000000000e+00
2.5462262581e-01 0.0000000000e+00 0.0000000000e+00
2.7020979548e-01 0.0000000000e+00 0.0000000000e+00
1.0719659179e+00 0.0000000000e+00 0.0000000000e+00
1.0261918704e+00 0.0000000000e+00 0.0000000000e+00
1.0261918704e+00 0.0000000000e+00 0.0000000000e+00
1.0261918704e+00 0.0000000000e+00 0.0000000000e+00
1.2696096897e+00 0.0000000000e+00 0.0000000000e+00
1.2732207576e+00 0.0000000000e+00 0.0000000000e+00
1.2696096897e+00 0.0000000000e+00 0.0000000000e+00
1.3823086619e+00 0.0000000000e+00 0.0000000000e+00
9.5542382697e-01 0.0000000000e+00 0.0000000000e+00
1.6225733658e+00 0.0000000000e+00 0.0000000000e+00
1.6225733658e+00 0.0000000000e+00 0.0000000000e+00
1.4961722493e+00 0.0000000000e+00 0.0000000000e+00
1.2882153988e+00 0.0000000000e+00 0.0000000000e+00
1.0787937343e+00 0.0000000000e+00 0.0000000000e+00
1.2192204098e+00 0.0000000000e+00 0.0000000000e+00
5.2611521135e-02 0.0000000000e+00 0.0000000000e+00
5.2611521135e-02 0.0000000000e+00 0.0000000000e+00
4.3109200584e-02 0.0000000000e+00 0.0000000000e+00
6.0496355717e-02 0.0000000000e+00 0.0000000000e+00
3.1941871842e-01 0.0000000000e+00 0.0000000000e+00
2.7347328297e-02 0.0000000000e+00 0.0000000000e+00
1.1879436691e-03 0.0000000000e+00 0.0000000000e+00
4.4444532692e-01 0.0000000000e+00 0.0000000000e+00
1.0871512567e-01 0.0000000000e+00 0.0000000000e+00
1.2873566548e+00 0.0000000000e+00 0.0000000000e+00
3.2053390145e-01 0.0000000000e+00 0.0000000000e+00
1.4142123063e+00 0.0000000000e+00 0.0000000000e+00
1.1454614401e+00 0.0000000000e+00 0.0000000000e+00
1.1454614401e+00 0.0000000000e+00 0.0000000000e+00
1.5032001833e+00 0.0000000000e+00 0.0000000000e+00
1.2687970301e+00 0.0000000000e+00 0.0000000000e+00
1.4423963117e-01 0.0000000000e+00 0.0000000000e+00
0.0000000000e+00 7.0273598035e-02 2.5681082315e-02
0.0000000000e+00 4.4661765452e-02 2.6782542622e-02
0.0000000000e+00 2.5708966733e-02 2.1267319874e-02
0.0000000000e+00 2.6406935571e-02 1.5144982142e-02
0.0000000000e+00 6.0222200739e-02 3.1730718911e-01
0.0000000000e+00 5.4377063798e-02 4.3854761248e-02
0.0000000000e+00 3.5068375058e-02 5.8279213806e-02
0.0000000000e+00 1.9187299845e-02 2.5107255206e-01
0.0000000000e+00 6.0954395682e-02 2.7147391314e-01
0.0000000000e+00 5.4783901200e-02 7.6283410812e-02
0.0000000000e+00 6.4686801285e-02 3.5823340683e-02
0.0000000000e+00 6.9973403588e-02 8.7424771239e-02
5.2482865082e-06 2.6788984363e-01 6.3801296366e-02
8.0793123895e-06 2.8848863021e-01 5.9412948787e-02
1.6006483937e-06 2.9049249118e-01 5.6239264707e-02
1.5639741283e-06 2.9585247859e-01 2.7100415590e-02
1.4683240295e-06 2.8075735768e-01 2.4044082190e-02
1.2881288285e-06 2.7557978158e-01 2.3193950765e-02
6.4511095843e-06 2.6772126183e-01 2.6865825212e-02
4.3882183528e-06 2.7317811300e-01 2.4222257392e-02
1.8368188061e-06 2.6641708240e-01 1.5896387942e-02
4.8891874561e-06 2.3488059143e-01 2.4179073361e-02
5.4177316239e-06 2.2854491447e-01 1.7566970550e-02
5.1046037015e-06 2.2236206134e-01 1.7423284007e-02
5.1046037015e-06 2.2236206134e-01 1.7423284007e-02
5.2116824918e-06 2.2565392529e-01 1.6429752422e-02
1.3054330452e-06 2.9439763476e-01 2.4212976142e-02
1.0636883919e-06 2.9090551535e-01 2.7887561359e-02
9.6609621399e-07 2.5303270668e-01 2.3346092086e-02
2.9229045898e-06 2.3389319206e-01 2.2662177837e-02
1.1035094947e-06 3.8093478978e-01 2.3386162085e-02
4.7544876007e-07 3.9529310664e-01 2.2349154266e-02
4.7544876007e-07 3.9529310664e-01 2.2349154266e-02
2.4350601014e-06 4.1539130112e-01 2.3249831827e-02
1.7953807306e-06 4.1405455520e-01 1.6026479503e-02
6.6110900813e-07 2.4728778253e-01 4.9995945146e-02
3.7319719581e-07 2.7225457877e-01 2.1004832505e-02
1.8728479271e-07 3.3744609356e-01 4.5622670092e-02
1.9671975345e-09 9.5404570922e-02 1.5513084130e-02
0.0000000000e+00 8.2683382245e-02 1.6501524020e-02
0.0000000000e+00 6.4674947721e-02 1.7038024031e-02
1.6349409967e-07 1.2975330899e-01 3.2284440162e-02
1.3326272826e-08 1.1534624795e-01 4.3233800059e-02
3.4716987803e-07 6.5611472974e-02 4.4467655011e-02
3.0820874919e-07 1.5678822560e-01 2.8755329860e-02
3.0820874919e-07 1.5678822560e-01 2.8755329860e-02
3.5686611860e-09 6.5533708160e-02 3.1216177624e-02
6.5828578329e-09 1.3570552692e-01 3.3802086332e-02
1.7354570595e-08 2.5895419531e-02 2.6039397344e-02
5.4436058670e-10 1.0038826397e-01 3.1038887023e-02
1.9941040819e-08 9.7363532831e-02 2.8240865562e-02
6.4294374624e-06 7.5134773118e-02 3.4637247523e-02
9.8761339586e-06 1.1771262872e-01 3.4457621475e-02
1.2471844335e-08 6.0442116732e-02 2.3541892103e-02
9.3273297974e-09 5.8068865755e-02 1.6721906218e-02
1.3196314209e-05 1.5774205886e-01 2.6879773786e-02
5.6460292145e-08 3.8067045622e-02 2.4724941390e-02
1.6738139822e-07 9.0628912672e-02 5.2647641550e-02
2.1611626361e-06 7.6833728701e-02 4.7308434422e-02
5.6075244714e-07 1.7224073286e-01 2.2686145113e-02
8.4380327081e-07 5.8068052555e-02 6.0645258365e-02
8.8192505624e-06 9.5228694651e-03 4.8593641569e-02
1.3170517690e-06 1.1251771450e-01 4.8894927527e-02
2.0458410480e-06 5.8426071890e-02 4.4191114604e-02
0.0000000000e+00 1.8535275757e-01 6.3189152318e-02
0.0000000000e+00 2.0326241230e-01 3.7801535955e-02
0.0000000000e+00 1.0559135241e-01 8.3258972348e-03
0.0000000000e+00 2.5955149749e-02 5.0186676905e-02
0.0000000000e+00 4.6028583000e-02 1.7990966017e-01
0.0000000000e+00 7.0930387825e-02 2.3510302417e-02
0.0000000000e+00 5.7009126681e-02 6.2974636753e-02
0.0000000000e+00 3.9915443708e-02 1.1848323296e-01
0.0000000000e+00 8.3250412005e-03 2.2127490987e-01
0.0000000000e+00 8.2050932882e-02 1.9845129922e-01
1.1306343417e-08 8.1117981734e-02 5.1967289920e-02
1.1306343417e-08 8.1117981734e-02 5.1967289920e-02
0.0000000000e+00 4.3626174331e-02 6.5991686968e-02
0.0000000000e+00 1.2701682933e-01 9.1734676311e-02
0.0000000000e+00 6.7858503200e-02 3.1829155826e-02
0.0000000000e+00 8.0390609490e-02 2.7212793473e-02
1.2599177650e-09 7.6555118275e-02 3.7034203143e-02
0.0000000000e+00 8.9805527280e-02 2.5246331779e-02
2.4072388397e-11 1.0055279732e-01 3.6197194830e-02
0.0000000000e+00 1.1887710852e-01 4.1251498275e-02
6.6106887668e-07 1.1865574184e-01 3.6814879781e-02
1.0265490992e-09 1.2822800068e-01 4.5444655853e-02
0.0000000000e+00 9.2777543391e-02 4.7628321374e-02
6.6669727609e-11 8.0138776451e-02 3.5908693292e-02
0.0000000000e+00 1.0489032169e-01 3.5611828168e-02
1.0484577426e-06 8.9840208491e-02 4.4748318071e-02
2.1288130014e-07 1.6216521213e-01 3.2324028512e-02
1.5742423140e-06 1.8512802944e-01 3.2841824461e-02
4.9567687050e-11 1.8972169235e-01 3.5009246475e-02
8.5028457365e-11 2.0930396517e-01 4.2083878381e-02
1.6259191910e-10 1.9483242929e-01 4.1790580067e-02
0.0000000000e+00 2.5315096974e-01 2.3990727651e-02
0.0000000000e+00 2.5315096974e-01 2.3990727651e-02
0.0000000000e+00 2.5315096974e-01 2.3990727651e-02
0.0000000000e+00 2.5139813249e-01 2.1852951807e-02
1.0130012869e-07 2.4618186802e-01 1.0226449929e-02
0.0000000000e+00 5.1331791406e-02 1.0663525201e-02
2.9247695159e-08 1.1271303830e-01 1.5946960310e-02
1.4588616833e-07 2.6309220369e-01 2.4964203903e-02
1.4588616833e-07 2.6309220369e-01 2.4964203903e-02
1.2207505976e-01 0.0000000000e+00 0.0000000000e+00
1.2051067005e-01 0.0000000000e+00 0.0000000000e+00
1.0941880569e-01 0.0000000000e+00 0.0000000000e+00
1.1222612920e-01 0.0000000000e+00 0.0000000000e+00
1.1311781779e-01 0.0000000000e+00 0.0000000000e+00
1.0763675285e-01 0.0000000000e+00 0.0000000000e+00
1.1321358445e-01 0.0000000000e+00 0.0000000000e+00
1.1108827032e-01 0.0000000000e+00 0.0000000000e+00
4.8843477232e-02 0.0000000000e+00 0.0000000000e+00
7.0507265627e-02 0.0000000000e+00 0.0000000000e+00
7.0507265627e-02 0.0000000000e+00 0.0000000000e+00
5.1992788756e-02 0.0000000000e+00 0.0000000000e+00
3.2404949423e-02 0.0000000000e+00 0.0000000000e+00
3.6742673256e-02 0.0000000000e+00 0.0000000000e+00
3.6742673256e-02 0.0000000000e+00 0.0000000000e+00
2.9827033946e-02 0.0000000000e+00 0.0000000000e+00
2.9127203083e-02 0.0000000000e+00 0.0000000000e+00
1.6302031465e-02 0.0000000000e+00 0.0000000000e+00
1.6658931583e-02 0.0000000000e+00 0.0000000000e+00
1.6658931583e-02 0.0000000000e+00 0.0000000000e+00
2.2725229772e-02 0.0000000000e+00 0.0000000000e+00
2.4625537141e-02 0.0000000000e+00 0.0000000000e+00
1.4967523903e-02 0.0000000000e+00 0.0000000000e+00
2.0845137226e-02 0.0000000000e+00 0.0000000000e+00
3.5374250108e-02 0.0000000000e+00 0.0000000000e+00
2.5492161823e-02 0.0000000000e+00 0.0000000000e+00
4.2765096140e-02 0.0000000000e+00 0.0000000000e+00
4.0359286281e-02 0.0000000000e+00 0.0000000000e+00
4.8561709623e-02 0.0000000000e+00 0.0000000000e+00
5.4966471779e-02 0.0000000000e+00 0.0000000000e+00
5.7564186553e-02 0.0000000000e+00 0.0000000000e+00
5.4899176893e-02 0.0000000000e+00 0.0000000000e+00
5.5836477006e-02 0.0000000000e+00 0.0000000000e+00
7.3902551706e-02 0.0000000000e+00 0.0000000000e+00
7.8159480666e-02 0.0000000000e+00 0.0000000000e+00
6.8328360096e-02 0.0000000000e+00 0.0000000000e+00
7.2860784208e-02 0.0000000000e+00 0.0000000000e+00
8.1458535666e-02 0.0000000000e+00 0.0000000000e+00
9.0741580352e-02 0.0000000000e+00 0.0000000000e+00
9.0574068328e-02 0.0000000000e+00 0.0000000000e+00
9.0574068328e-02 0.0000000000e+00 0.0000000000e+00
9.0173555538e-02 0.0000000000e+00 0.0000000000e+00
8.5036033144e-02 0.0000000000e+00 0.0000000000e+00
8.4415252631e-02 0.0000000000e+00 0.0000000000e+00
8.5036033144e-02 0.0000000000e+00 0.0000000000e+00
8.5036033144e-02 0.0000000000e+00 0.0000000000e+00
8.7493693456e-02 0.0000000000e+00 0.0000000000e+00
5.6684268328e-02 0.0000000000e+00 0.0000000000e+00
5.6570979146e-02 0.0000000000e+00 0.0000000000e+00
8.8007293021e-02 0.0000000000e+00 0.0000000000e+00
7.7944757106e-02 0.0000000000e+00 0.0000000000e+00
7.7396922745e-02 0.0000000000e+00 0.0000000000e+00
1.9198613707e-02 0.0000000000e+00 0.0000000000e+00
1.9198613707e-02 0.0000000000e+00 0.0000000000e+00
4.9367011214e-02 0.0000000000e+00 0.0000000000e+00
4.9192062579e-02 0.0000000000e+00 0.0000000000e+00
4.0280281256e-02 0.0000000000e+00 0.0000000000e+00
4.2575763228e-02 0.0000000000e+00 0.0000000000e+00
4.2574649366e-02 0.0000000000e+00 0.0000000000e+00
1.0454706232e-04 2.9368555794e-02 0.0000000000e+00
1.9038458025e-03 4.9002950351e-03 0.0000000000e+00
1.9038458025e-03 4.9002950351e-03 0.0000000000e+00
3.0406097726e-02 1.9539778897e-02 0.0000000000e+00
1.6447323219e-02 5.8740352785e-03 0.0000000000e+00
7.8258642461e-03 1.2611282213e-02 0.0000000000e+00
6.7999703266e-03 4.8787784375e-03 0.0000000000e+00
1.5510324854e-02 8.4536105860e-03 0.0000000000e+00
2.5347195100e-02 6.8107094072e-03 0.0000000000e+00
2.5347195100e-02 6.8107094072e-03 0.0000000000e+00
3.5691513719e-03 1.7961240296e-02 0.0000000000e+00
2.1778444139e-02 1.1150349630e-02 0.0000000000e+00
2.0409681951e-02 1.3279765844e-02 2.3113652106e-14
5.0947795622e-02 3.0645977550e-02 0.0000000000e+00
2.0914792859e-02 9.1308245513e-03 0.0000000000e+00
2.0914792859e-02 9.1308245513e-03 0.0000000000e+00
2.3879394246e-02 1.2540383497e-02 0.0000000000e+00
3.4896601768e-02 6.3663431598e-03 0.0000000000e+00
3.5169002290e-02 9.0653883526e-03 1.3245294165e-06
9.2156611305e-03 1.5112996179e-02 0.0000000000e+00
7.4904832290e-03 1.9107079211e-02 0.0000000000e+00
3.3679978806e-03 1.2409562284e-02 0.0000000000e+00
1.3054214961e-02 6.9895861670e-03 0.0000000000e+00
1.6061198742e-03 1.1497096120e-02 0.0000000000e+00
2.0749718727e-02 5.2992599861e-03 0.0000000000e+00
1.3425275683e-02 7.5146836461e-03 2.3815301009e-05
6.3350726850e-03 5.7525022421e-03 4.3620369373e-05
1.2494590832e-02 6.1830633009e-03 0.0000000000e+00
2.1032365194e-02 7.6223610590e-02 0.0000000000e+00
1.5144705074e-02 5.1190832630e-02 0.0000000000e+00
1.5144705074e-02 5.1190832630e-02 0.0000000000e+00
1.2671344681e-02 3.1260002404e-02 0.0000000000e+00
1.3988982032e-02 5.7852334032e-02 0.0000000000e+00
1.3988982032e-02 5.7852334032e-02 0.0000000000e+00
1.8210670057e-02 3.7147299852e-02 0.0000000000e+00
2.2091337169e-02 3.6787474528e-02 0.0000000000e+00
2.2091337169e-02 3.6787474528e-02 0.0000000000e+00
1.8945116395e-02 6.2187885245e-02 0.0000000000e+00
1.9906168260e-03 2.8307671503e-02 5.6695813081e-07
1.8959127386e-03 1.1726240860e-02 0.0000000000e+00
1.9719756577e-03 2.5218441927e-02 0.0000000000e+00
5.3260517307e-03 3.6609464480e-02 0.0000000000e+00
7.0923637444e-03 4.9703188241e-02 0.0000000000e+00
3.9979461775e-03 4.1419781434e-02 0.0000000000e+00
5.5390797788e-03 7.9428427542e-02 0.0000000000e+00
4.5020630738e-03 9.9300556506e-02 0.0000000000e+00
3.2318905578e-03 8.9923564345e-02 0.0000000000e+00
5.0518727318e-03 8.1151164137e-02 0.0000000000e+00
4.4147662314e-03 6.8782532898e-02 0.0000000000e+00
4.4633462870e-03 6.1399883280e-02 0.0000000000e+00
5.1673797037e-03 9.9364554510e-02 0.0000000000e+00
4.5278426454e-03 6.8868972982e-02 0.0000000000e+00
4.1400932047e-03 8.4361201152e-02 0.0000000000e+00
3.1728432902e-03 9.9181162193e-02 0.0000000000e+00
4.9123574669e-03 8.6795451740e-02 0.0000000000e+00
3.3516215626e-03 7.3079502210e-02 0.0000000000e+00
3.1176082945e-03 7.1786825856e-02 0.0000000000e+00
1.7186188449e-02 1.2762445708e-01 0.0000000000e+00
1.6448188263e-02 8.0821646998e-02 0.0000000000e+00
1.8784719442e-02 8.2244275138e-02 0.0000000000e+00
1.1113162463e-02 8.1147306909e-02 0.0000000000e+00
4.1726269022e-03 6.4609489404e-02 0.0000000000e+00
5.5413501492e-03 7.9458034908e-02 0.0000000000e+00
4.2467415139e-03 4.4610112595e-02 1.0463606013e-03
1.4736666655e-02 4.5733395964e-02 0.0000000000e+00
7.2664428929e-04 3.9574973906e-02 5.1839494457e-04
1.7365831009e-03 7.0023213513e-02 6.9097544538e-09
1.2296092949e-03 5.8407299841e-02 0.0000000000e+00
7.0818821647e-04 7.0983111237e-02 4.5869590533e-11
1.5117000657e-04 4.5388790158e-02 4.7866038900e-03
7.2682785879e-03 5.1362117752e-02 7.4493523291e-07
7.1808260812e-04 6.4348221446e-02 4.8433506357e-03
6.8205723437e-05 6.6917368832e-02 2.2875286619e-03
2.2016404182e-04 5.4266960360e-02 4.3247900127e-03
5.3826357422e-04 4.4109111341e-02 1.3187562504e-02
2.4126613765e-03 4.7304650458e-02 8.4923596975e-03
2.4126613765e-03 4.7304650458e-02 8.4923596975e-03
2.7163438305e-03 4.5895230025e-02 4.7860556903e-03
2.9945572775e-04 7.3195330178e-02 9.8270006323e-03
1.5032116110e-03 6.1440973853e-02 1.0195253495e-02
4.4536693895e-04 5.4060745053e-02 9.8536459651e-03
1.5950578963e-03 5.0972870551e-02 1.2804551593e-02
6.1255906088e-03 1.6265934644e-02 1.9841528032e-02
0.0000000000e+00 2.1842334419e-02 1.8916782457e-02
1.9884141390e-05 1.3409803777e-02 7.9980718438e-03
6.2098033524e-06 2.5825267128e-03 2.2262891755e-02
0.0000000000e+00 3.0343491118e-02 1.1934034294e-02
0.0000000000e+00 2.6248893945e-03 1.3145684078e-01
2.1441426270e-05 2.3792728161e-02 3.2563257497e-02
2.5648793089e-03 3.9770151178e-02 7.7834450252e-03
1.4687138454e-02 3.5756340871e-02 2.2051473303e-02
4.4941430284e-05 3.2278624829e-02 1.4498316528e-02
0.0000000000e+00 2.6287801564e-02 1.1962595939e-02
0.0000000000e+00 2.6287801564e-02 1.1962595939e-02
5.7064949033e-07 3.5788150039e-02 5.9831775725e-03
1.6979093743e-05 3.7468858218e-02 7.7388472079e-03
4.4700079191e-05 1.5983385655e-02 3.4584775276e-03
6.9072689257e-07 5.4719984531e-02 7.8420924256e-03
1.0729576085e-05 4.7395741567e-02 6.0018576138e-03
1.1561748124e-05 1.3869427067e-02 2.1346651483e-02
1.3409115066e-04 4.7938333514e-02 7.6679335519e-03
2.3392174777e-05 1.4907408312e-02 9.1646878670e-03
0.0000000000e+00 3.7809020778e-01 1.7840935042e-01
0.0000000000e+00 2.3948111882e-01 6.0603759484e-03
0.0000000000e+00 4.0475695084e-01 1.4869904270e-01
0.0000000000e+00 4.2202235510e-01 2.0480445027e-01
0.0000000000e+00 3.6303663999e-01 3.7161673574e-02
0.0000000000e+00 2.9085329548e-01 6.1594657289e-02
0.0000000000e+00 2.4119406069e-01 5.3525329878e-02
0.0000000000e+00 2.3043693230e-01 1.0113570715e-01
0.0000000000e+00 3.4778280308e-01 1.6790451358e-01
0.0000000000e+00 3.6991615345e-01 9.7404135702e-02
0.0000000000e+00 1.7297674467e-01 1.0288195250e-01
0.0000000000e+00 2.7771139145e-01 2.3598933592e-01
0.0000000000e+00 2.7771139145e-01 2.3598933592e-01
0.0000000000e+00 1.0359540582e-01 1.2329404056e-01
0.0000000000e+00 9.2444648966e-02 1.3836406047e-01
0.0000000000e+00 9.9254768963e-02 8.5179409012e-02
0.0000000000e+00 2.4787353103e-01 2.0994736378e-01
0.0000000000e+00 3.0974902213e-01 2.0207538828e-01
2.7431021768e-06 2.5053836095e-03 1.1877489400e-01
0.0000000000e+00 1.3797147525e-03 1.4969046414e-01
0.0000000000e+00 1.5021355551e-03 1.3993433615e-01
0.0000000000e+00 1.2274388852e-03 1.2780047705e-01
0.0000000000e+00 1.6092852534e-02 1.0758582378e-01
0.0000000000e+00 1.0415554473e-02 8.8489169876e-02
0.0000000000e+00 2.0573438068e-02 8.1006015961e-02
0.0000000000e+00 1.8799393438e-02 8.2172694926e-02
0.0000000000e+00 2.2383215527e-02 8.1928754225e-02
0.0000000000e+00 1.2614133845e-02 8.7335749840e-02
0.0000000000e+00 1.2614133845e-02 8.7335749840e-02
0.0000000000e+00 1.8381804111e-03 9.0009812266e-02
0.0000000000e+00 2.6657584589e-02 6.9199396297e-02
0.0000000000e+00 1.9727644899e-02 6.2381521178e-02
0.0000000000e+00 2.4260595907e-02 6.5633591575e-02
0.0000000000e+00 7.6158764229e-03 7.1958985801e-02
0.0000000000e+00 9.8308901070e-03 7.2914405726e-02
0.0000000000e+00 1.7143873726e-03 6.0859126349e-02
0.0000000000e+00 1.6436828785e-03 7.4449131265e-02
0.0000000000e+00 2.0038980680e-03 7.5819050893e-02
0.0000000000e+00 1.4033949289e-03 6.0937818450e-02
0.0000000000e+00 1.4032791538e-03 5.9996148261e-02
0.0000000000e+00 0.0000000000e+00 5.4591899738e-02
1.6145879791e-02 3.8459276311e-05 4.9630528937e-02
1.6145879791e-02 3.8459276311e-05 4.9630528937e-02
1.6543879407e-02 4.1720551659e-05 4.9576842226e-02
1.5924124823e-02 2.1226628160e-03 5.6472931368e-02
9.6396118946e-03 3.2639579103e-05 5.8575782304e-02
1.1634985567e-02 4.5484736620e-04 5.7869268892e-02
1.2309817908e-02 1.3085077730e-03 5.7775760380e-02
2.2634721827e-02 6.4871031985e-03 3.3424331962e-02
2.2634721827e-02 6.4871031985e-03 3.3424331962e-02
2.3072834210e-05 1.0170225041e-03 1.6197300118e-02
2.3072834210e-05 1.0170225041e-03 1.6197300118e-02
3.2272023418e-06 1.1766688858e-03 1.5535430798e-02
1.7143747304e-02 1.7262049795e-02 3.4796851377e-02
5.6031640076e-03 2.1597546486e-03 1.6115775613e-02
5.1393750667e-03 1.7685200728e-03 1.0283051927e-02
5.1393750667e-03 1.7685200728e-03 1.0283051927e-02
1.0358331686e-03 3.9283455311e-03 7.3401268795e-03
6.6183780630e-03 2.2836744417e-03 1.4064913344e-02
4.5184482171e-06 2.2899876397e-03 1.8752880516e-02
1.1817966200e-02 1.6284418603e-02 2.8918483450e-02
5.6163422111e-05 8.6017384623e-08 5.2144590367e-12
1.6610312338e-01 0.0000000000e+00 0.0000000000e+00
1.5898835162e-01 0.0000000000e+00 0.0000000000e+00
1.9812819362e-01 0.0000000000e+00 0.0000000000e+00
1.4843076343e-01 0.0000000000e+00 0.0000000000e+00
1.4843076343e-01 0.0000000000e+00 0.0000000000e+00
1.6955940177e-01 0.0000000000e+00 0.0000000000e+00
1.6955940177e-01 0.0000000000e+00 0.0000000000e+00
1.8069969490e-01 0.0000000000e+00 0.0000000000e+00
1.6682064782e-01 0.0000000000e+00 0.0000000000e+00
1.5284936999e-01 0.0000000000e+00 0.0000000000e+00
1.9130249818e-01 0.0000000000e+00 0.0000000000e+00
1.5200671119e-01 0.0000000000e+00 0.0000000000e+00
1.8290212502e-01 0.0000000000e+00 0.0000000000e+00
2.0815968141e-01 0.0000000000e+00 0.0000000000e+00
1.7781201253e-01 0.0000000000e+00 0.0000000000e+00
1.9247336313e-01 0.0000000000e+00 0.0000000000e+00
1.7471118271e-01 0.0000000000e+00 0.0000000000e+00
1.7471118271e-01 0.0000000000e+00 0.0000000000e+00
1.8132924289e-01 0.0000000000e+00 0.0000000000e+00
1.5396941267e-01 0.0000000000e+00 0.0000000000e+00
1.7875642454e-01 0.0000000000e+00 0.0000000000e+00
1.7875642454e-01 0.0000000000e+00 0.0000000000e+00
1.7773939917e-01 0.0000000000e+00 0.0000000000e+00
1.6999853402e-01 0.0000000000e+00 0.0000000000e+00
1.8879498417e-01 0.0000000000e+00 0.0000000000e+00
1.8879498417e-01 0.0000000000e+00 0.0000000000e+00
1.5083763935e-01 0.0000000000e+00 0.0000000000e+00
1.9716890777e-01 0.0000000000e+00 0.0000000000e+00
1.7289470385e-01 0.0000000000e+00 0.0000000000e+00
1.5981766706e-01 0.0000000000e+00 2.7137057250e-12
1.5981766706e-01 0.0000000000e+00 2.7137057250e-12
0.0000000000e+00 0.0000000000e+00 1.3105269740e-09
1.9201908385e-01 0.0000000000e+00 0.0000000000e+00
0.0000000000e+00 0.0000000000e+00 0.0000000000e+00
0.0000000000e+00 0.0000000000e+00 1.6461745670e-09
0.0000000000e+00 0.0000000000e+00 0.0000000000e+00
0.0000000000e+00 0.0000000000e+00 0.0000000000e+00
1.5353828110e-01 0.0000000000e+00 0.0000000000e+00
1.9150277103e-01 0.0000000000e+00 0.0000000000e+00
1.9306246067e-01 0.0000000000e+00 0.0000000000e+00
1.9306246067e-01 0.0000000000e+00 0.0000000000e+00
1.4147795054e-01 0.0000000000e+00 0.0000000000e+00
1.9969214623e-01 0.0000000000e+00 0.0000000000e+00
2.0819110672e-01 0.0000000000e+00 0.0000000000e+00
1.9306702912e-01 0.0000000000e+00 0.0000000000e+00
4.0560902158e-01 0.0000000000e+00 0.0000000000e+00
1.1078953879e-03 0.0000000000e+00 0.0000000000e+00
6.7116229426e-04 0.0000000000e+00 0.0000000000e+00
6.7116229426e-04 0.0000000000e+00 0.0000000000e+00
7.1548906271e-04 8.6066752141e-13 0.0000000000e+00
6.0575333191e-04 1.8399011134e-10 4.8729594756e-15
5.0416905433e-02 0.0000000000e+00 1.4683451048e-15
9.5951226229e-02 0.0000000000e+00 0.0000000000e+00
1.0080898429e-01 0.0000000000e+00 1.2534475122e-11
9.6870230511e-02 0.0000000000e+00 6.4486659646e-12
1.0585238847e-01 0.0000000000e+00 1.2098946555e-11
1.2219349419e-01 0.0000000000e+00 1.9612566056e-12
1.1545374182e-01 0.0000000000e+00 2.7786502302e-12
1.0395071283e-01 0.0000000000e+00 8.4670484057e-13
5.3432191294e-07 0.0000000000e+00 0.0000000000e+00
7.6728068292e-02 0.0000000000e+00 0.0000000000e+00
9.5863546555e-02 0.0000000000e+00 0.0000000000e+00
1.2756087199e-04 0.0000000000e+00 0.0000000000e+00
1.3535170071e-01 0.0000000000e+00 0.0000000000e+00
1.3535170071e-01 0.0000000000e+00 0.0000000000e+00
3.3350378896e-02 0.0000000000e+00 0.0000000000e+00
3.9376179473e-07 0.0000000000e+00 0.0000000000e+00
3.9376179473e-07 0.0000000000e+00 0.0000000000e+00
1.6258436566e-01 0.0000000000e+00 0.0000000000e+00
2.6168043041e-04 0.0000000000e+00 0.0000000000e+00
2.6168043041e-04 0.0000000000e+00 0.0000000000e+00
1.4909857636e-01 0.0000000000e+00 0.0000000000e+00
1.9390445327e-01 0.0000000000e+00 0.0000000000e+00
1.3836566297e-01 0.0000000000e+00 0.0000000000e+00
2.4272972470e-01 0.0000000000e+00 0.0000000000e+00
1.1837639101e-01 0.0000000000e+00 0.0000000000e+00
1.3379036573e-01 0.0000000000e+00 0.0000000000e+00
1.4422180007e-01 0.0000000000e+00 0.0000000000e+00
1.8355658712e-01 0.0000000000e+00 0.0000000000e+00
1.8355658712e-01 0.0000000000e+00 0.0000000000e+00
1.4889215554e-01 0.0000000000e+00 0.0000000000e+00
2.7583015586e-01 0.0000000000e+00 0.0000000000e+00
1.3794245447e-01 0.0000000000e+00 0.0000000000e+00
2.6090000942e-01 0.0000000000e+00 0.0000000000e+00
1.7560972894e-01 0.0000000000e+00 0.0000000000e+00
2.8514380256e-01 0.0000000000e+00 0.0000000000e+00
3.2722220601e-02 0.0000000000e+00 0.0000000000e+00
4.5332693650e-03 0.0000000000e+00 0.0000000000e+00
7.0962951286e-03 0.0000000000e+00 0.0000000000e+00
1.8033246820e-02 0.0000000000e+00 0.0000000000e+00
1.8033246820e-02 0.0000000000e+00 0.0000000000e+00
5.3775864071e-03 0.0000000000e+00 0.0000000000e+00
4.4703456573e-02 0.0000000000e+00 0.0000000000e+00
5.5652631757e-03 0.0000000000e+00 0.0000000000e+00
1.0711333094e-02 0.0000000000e+00 0.0000000000e+00
1.0711333094e-02 0.0000000000e+00 0.0000000000e+00
2.0216879590e-02 0.0000000000e+00 0.0000000000e+00
9.8924742003e-03 0.0000000000e+00 0.0000000000e+00
4.0745874246e-02 0.0000000000e+00 0.0000000000e+00
2.5313637840e-02 0.0000000000e+00 0.0000000000e+00
2.9453722760e-02 0.0000000000e+00 0.0000000000e+00
5.7911547095e-03 0.0000000000e+00 0.0000000000e+00
2.7489334966e-02 0.0000000000e+00 0.0000000000e+00
1.5256778880e-02 0.0000000000e+00 0.0000000000e+00
2.7608038120e-04 0.0000000000e+00 0.0000000000e+00
1.5620980489e-02 0.0000000000e+00 0.0000000000e+00
2.1576316916e-04 0.0000000000e+00 0.0000000000e+00
2.1576316916e-04 0.0000000000e+00 0.0000000000e+00
2.1711682317e-05 0.0000000000e+00 0.0000000000e+00
2.7145265602e-02 0.0000000000e+00 0.0000000000e+00
0.0000000000e+00 0.0000000000e+00 0.0000000000e+00
1.4848866582e-04 0.0000000000e+00 0.0000000000e+00
7.5905303371e-05 0.0000000000e+00 0.0000000000e+00
3.6276840789e-04 0.0000000000e+00 0.0000000000e+00
1.4232791788e-04 0.0000000000e+00 0.0000000000e+00
1.4232791788e-04 0.0000000000e+00 0.0000000000e+00
4.7236637523e-02 0.0000000000e+00 0.0000000000e+00
4.9584634641e-03 0.0000000000e+00 0.0000000000e+00
0.0000000000e+00 0.0000000000e+00 0.0000000000e+00
3.9687493124e-05 0.0000000000e+00 0.0000000000e+00
2.3059776625e-04 0.0000000000e+00 0.0000000000e+00
2.3962303841e-02 0.0000000000e+00 0.0000000000e+00
2.2420157469e-05 0.0000000000e+00 0.0000000000e+00
6.4417119878e-05 0.0000000000e+00 0.0000000000e+00
2.4048881096e-04 0.0000000000e+00 0.0000000000e+00
2.4048881096e-04 0.0000000000e+00 0.0000000000e+00
2.4048881096e-04 0.0000000000e+00 0.0000000000e+00
3.6087971646e-02 0.0000000000e+00 0.0000000000e+00
1.5693461667e-05 0.0000000000e+00 0.0000000000e+00
2.0530780451e-05 0.0000000000e+00 0.0000000000e+00
0.0000000000e+00 0.0000000000e+00 0.0000000000e+00
0.0000000000e+00 0.0000000000e+00 0.0000000000e+00
0.0000000000e+00 0.0000000000e+00 0.0000000000e+00
2.6809417255e-02 0.0000000000e+00 0.0000000000e+00
4.5550322393e-03 0.0000000000e+00 0.0000000000e+00
4.1142597714e-05 0.0000000000e+00 0.0000000000e+00
1.3752740711e-02 0.0000000000e+00 0.0000000000e+00
1.3812960863e-02 0.0000000000e+00 0.0000000000e+00
1.3820685233e-02 0.0000000000e+00 0.0000000000e+00
5.3841726078e-02 0.0000000000e+00 0.0000000000e+00
7.2563432467e-02 0.0000000000e+00 0.0000000000e+00
1.0788266050e-01 0.0000000000e+00 0.0000000000e+00
4.6495165831e-02 0.0000000000e+00 0.0000000000e+00
9.3770278618e-02 0.0000000000e+00 0.0000000000e+00
8.1664542978e-02 0.0000000000e+00 0.0000000000e+00
3.9179649903e-02 0.0000000000e+00 0.0000000000e+00
2.4146459878e-02 0.0000000000e+00 0.0000000000e+00
3.5704588518e-02 0.0000000000e+00 0.0000000000e+00
1.2237883856e-01 0.0000000000e+00 0.0000000000e+00
6.3642118437e-02 0.0000000000e+00 0.0000000000e+00
5.2071126954e-02 0.0000000000e+00 0.0000000000e+00
1.0371862259e-01 0.0000000000e+00 0.0000000000e+00
1.3943951391e-01 0.0000000000e+00 0.0000000000e+00
7.9137139333e-02 0.0000000000e+00 0.0000000000e+00
1.0448730302e-01 0.0000000000e+00 0.0000000000e+00
5.5698018366e-02 0.0000000000e+00 0.0000000000e+00
2.1437293966e-02 0.0000000000e+00 0.0000000000e+00
2.8822004329e-02 0.0000000000e+00 0.0000000000e+00
1.8575373183e-02 0.0000000000e+00 0.0000000000e+00
4.8092038526e-02 0.0000000000e+00 0.0000000000e+00
5.4694098420e-02 0.0000000000e+00 0.0000000000e+00
1.4387102410e-02 4.2454482561e-03 1.6326090069e-04
0.0000000000e+00 2.4969377245e-01 1.2316740925e-01
5.7997518219e-02 9.9535983056e-02 6.9036104406e-02
5.7997518219e-02 9.9535983056e-02 6.9036104406e-02
2.9252442221e-02 1.1041247534e-01 8.1839435734e-02
1.3948633708e-01 1.4303049228e-02 2.5097066381e-02
2.0479135339e-01 1.2141638125e-02 8.2950416642e-03
1.3417331824e-05 3.2490989814e-01 2.1168373525e-01
4.6949188951e-06 3.2118716091e-01 1.3040068373e-01
7.3874367862e-06 2.6268340151e-01 1.4912722943e-01
1.3789463726e-01 8.9508533711e-03 5.4504988715e-02
9.5877492800e-02 6.2515777846e-02 2.0335402883e-02
3.9038734883e-01 1.7667896645e-04 3.1265341192e-03
7.8162533542e-01 2.2532307388e-02 3.5975258021e-03
0.0000000000e+00 7.3279662989e-02 1.1336818834e-01
4.2855549604e-01 2.8627076050e-03 6.0493291918e-04
1.1284070772e-01 8.1740188762e-03 4.9322146806e-03
1.0427190301e-01 8.5635825371e-02 5.9821069008e-03
8.8107942914e-02 6.6473697002e-02 6.0511111515e-03
1.0466669252e-01 7.0868212419e-02 6.3547800140e-03
1.3807730405e-04 1.6878189395e-01 8.9116583268e-02
8.7870730567e-05 1.9033275420e-01 7.9719243571e-02
8.4379979720e-02 2.7238237089e-03 3.7320993918e-03
5.2769666581e-05 4.2517274867e-01 3.2017877553e-04
5.2769666581e-05 4.2517274867e-01 3.2017877553e-04
4.6097611194e-03 1.9332677126e-01 5.1692778652e-04
9.2229225362e-03 2.3188671020e-02 4.6516691752e-04
8.7052435459e-03 2.6227158960e-02 3.8371487972e-04
2.2667978192e-03 8.2330779483e-02 3.8684917066e-04
1.2375271702e-04 2.2937479864e-01 3.5953603704e-04
2.1668812066e-03 4.7591066919e-02 4.8438568774e-04
4.1602059279e-06 2.3820576817e-01 4.1052346690e-04
7.3939203200e-05 6.1761103570e-02 4.9030222969e-04
3.4063392620e-04 1.7646488175e-01 4.0213730487e-04
2.3719250947e-05 3.1287903339e-01 3.9871434031e-04
9.8680206672e-05 4.6860910207e-01 4.3302657286e-04
3.0790847025e-05 4.5740863184e-01 4.3954970897e-04
1.7792174064e-04 4.7143975894e-01 4.0915884165e-04
1.1088620401e-04 3.9927053700e-01 3.0480992791e-04
1.8697672213e-01 2.9396873092e-01 8.5168642462e-06
1.5136294005e-01 3.9274665217e-01 9.6077001170e-08
1.9596183300e-01 2.4378457293e-01 0.0000000000e+00
1.8470246221e-01 2.3333646978e-01 0.0000000000e+00
1.9711234669e-01 2.6933655515e-01 1.4648936182e-05
2.2969610617e-01 1.5701914703e-01 3.3864709985e-04
3.5118756195e-01 3.1216534227e-01 2.9851446258e-04
1.6792086512e-01 2.0108459393e-01 1.9206566928e-04
1.6792086512e-01 2.0108459393e-01 1.9206566928e-04
3.0021447688e-01 2.4075702081e-01 5.5814855781e-04
2.6816148559e-01 1.7386395360e-01 5.3062397637e-04
1.5341015533e-01 2.3207928613e-01 2.5243486137e-04
1.6583170493e-01 3.1584351013e-01 2.7002579009e-04
1.7498235529e-01 1.5389587740e-05 3.8530052795e-04
1.3468312472e-01 1.1788319959e-04 2.2687164528e-04
2.4105028063e-01 1.8420007235e-02 2.1417123086e-04
1.4716860838e-01 9.9016228691e-02 2.4424407335e-04
9.6652893970e-02 1.7133329809e-01 3.5489127670e-04
9.1701945911e-02 1.0619629203e-04 2.0098565225e-04
1.7520363256e-01 2.3685237577e-04 2.4020736843e-04
7.8499931221e-02 6.8625998968e-05 2.0464523792e-04
1.2741291213e-01 6.0450238673e-04 1.8765502925e-04
9.9607391348e-05 4.5925136904e-01 3.2583609088e-04
9.3827270272e-05 4.8180977503e-01 2.8838453121e-04
9.4102879365e-02 1.7353702833e-01 2.0024539966e-04
2.1820475437e-04 4.8649818202e-01 2.4315423070e-04
1.2093990544e-01 1.3372657634e-01 1.9450616583e-04
1.1429807295e-01 1.3876654642e-01 2.1920653853e-04
9.8190525547e-02 6.9286007124e-02 2.1886499781e-04
1.2663556697e-01 7.7644237628e-02 1.3552643092e-04
1.2663556697e-01 7.7644237628e-02 1.3552643092e-04
9.1894185171e-02 1.6734329735e-01 3.5158044072e-04
1.0509672885e-01 1.4780854372e-01 6.5331764199e-04
1.0509672885e-01 1.4780854372e-01 6.5331764199e-04
1.3774728899e-01 1.1143676378e-01 3.3244516938e-04
6.6442051624e-05 4.5686658472e-01 6.4986974030e-04
6.6004763691e-05 4.5690743625e-01 3.2627977149e-04
5.5172579323e-05 4.0417960534e-01 3.4916864509e-04
1.6709120609e-04 4.7132535030e-01 3.6163452508e-04
1.2461758464e-04 4.4246136149e-01 3.9181678949e-04
2.1724585940e-01 1.3282103712e-01 2.0229840963e-04
1.5073020384e-01 1.7658551658e-01 3.1711845319e-04
3.1232311825e-01 1.9320577135e-01 1.7516979278e-04
1.7435993999e-01 2.2390626123e-01 2.4205432237e-04
2.0474032809e-01 2.3884933069e-01 6.3235024815e-04
2.5059622029e-01 1.8680535754e-01 1.6028462354e-04
0.0000000000e+00 7.4438884358e-01 2.1629194665e-04
0.0000000000e+00 7.3723644018e-01 5.7116847165e-04
0.0000000000e+00 7.3723644018e-01 5.7116847165e-04
4.0126329092e-06 7.2016988695e-01 1.7404825182e-04
0.0000000000e+00 7.7457701166e-01 5.5780310019e-04
0.0000000000e+00 7.5032390654e-01 6.4616957873e-04
2.0859561985e-01 1.8491512910e-01 4.6850286405e-04
0.0000000000e+00 7.2825590769e-01 3.9712638682e-04
0.0000000000e+00 7.1839146316e-01 4.4307023927e-04
0.0000000000e+00 7.3418773711e-01 5.8933090865e-04
1.4898559203e-01 3.0115695298e-01 5.7852318181e-04
1.4898559203e-01 3.0115695298e-01 5.7852318181e-04
4.1897931927e-05 7.2415945431e-01 1.2333156337e-04
9.0234224995e-02 3.0723730971e-01 1.8895137085e-04
0.0000000000e+00 7.4416153630e-01 3.3368581110e-04
0.0000000000e+00 6.8002872666e-01 4.2719559860e-04
1.2511082242e-01 1.3838515617e-01 4.3384599364e-04
2.5250586619e-01 1.2572495639e-01 2.0143235088e-04
0.0000000000e+00 6.8104102214e-01 1.0894307828e-03
2.1552101771e-01 1.0337022630e-01 4.7724112180e-04
2.1552101771e-01 1.0337022630e-01 4.7724112180e-04
2.0887258152e-01 1.8550359582e-01 3.4218968600e-04
1.0955077348e-01 4.6935449354e-02 3.0496434920e-04
1.3055135310e-01 4.6143878872e-02 2.3837481876e-04
1.6591333970e-01 3.9086419313e-02 2.5859139896e-04
1.4943537116e-01 5.1531344963e-02 3.9805798345e-04
2.4669022734e-01 3.9240222890e-02 5.8459937281e-04
3.1702513744e-01 3.2628069942e-02 7.2948763166e-04
2.7670540040e-01 4.7096764979e-02 3.9072052580e-04
1.3700452447e-01 4.1724541225e-02 2.8219036115e-04
0.0000000000e+00 4.4966134429e-01 1.5119976373e-04
0.0000000000e+00 4.7158989062e-01 8.1038682644e-04
0.0000000000e+00 4.9276138345e-01 9.9529400177e-04
9.8154369742e-02 7.3817049774e-02 8.1316903379e-04
0.0000000000e+00 3.9838943134e-01 9.6719930783e-04
0.0000000000e+00 2.8685960174e-01 7.3186225685e-04
0.0000000000e+00 2.5334317734e-01 7.8885131613e-04
4.2652291711e-02 6.7369419771e-02 5.6010282666e-04
1.6780022532e-01 4.7437192562e-02 7.4802453795e-04
1.6780022532e-01 4.7437192562e-02 7.4802453795e-04
0.0000000000e+00 2.1263996512e-01 1.1651425060e-03
0.0000000000e+00 3.0098501345e-01 1.1321507530e-03
0.0000000000e+00 2.1514745057e-01 1.1112176435e-03
0.0000000000e+00 2.3424188917e-01 1.0684239290e-03
0.0000000000e+00 2.8473292291e-01 1.0889664506e-03
2.8962008590e-06 4.5762040218e-01 1.3546546494e-03
5.2658407412e-07 2.5366954133e-01 1.1384666141e-03
2.4818375740e-07 2.5271313265e-01 2.5895404319e-02
5.2386021447e-09 2.6221796001e-01 1.6940976183e-02
0.0000000000e+00 2.1715678523e-01 4.8206213551e-02
1.8645457846e-02 1.3570753671e-01 7.1938205122e-03
1.3166386696e-01 4.2599338107e-02 2.0411201598e-03
8.3440909783e-02 1.0553736364e-01 1.0247878032e-02
1.2355448989e-01 1.1896759210e-01 4.5942124755e-03
3.4190002053e-02 1.4996918663e-01 7.3794906493e-03
3.7570270399e-02 1.9542845214e-01 1.1022970003e-02
2.7704846580e-02 4.4623306487e-02 7.9149147108e-03
2.7085887734e-02 7.9059566682e-02 8.4930439092e-03
2.4454895717e-02 1.1515721244e-01 7.1846788439e-03
2.4669155944e-02 1.1240322453e-01 4.9197688932e-03
2.4906846695e-02 1.2500531475e-01 5.7658266354e-03
2.2674084175e-02 1.0634376109e-01 1.0014504893e-02
2.2990927876e-02 1.1127572445e-01 6.9074008303e-03
2.5260091604e-02 1.1954556654e-01 8.8325491330e-03
2.4778532640e-02 1.2718254142e-01 9.2845230829e-03
2.9511506980e-02 1.1224199707e-01 5.7072057001e-03
3.8097932314e-03 1.1708262501e-01 9.2876024234e-03
3.8097932314e-03 1.1708262501e-01 9.2876024234e-03
2.6153213345e-02 1.1194229995e-01 6.8032605341e-03
2.8951867794e-02 1.1234874589e-01 9.3888900398e-03
2.6025084003e-02 9.7629622867e-02 7.5737681861e-03
2.1572021612e-02 1.0036969930e-01 8.5799379352e-03
2.3395632549e-02 1.0705690893e-01 1.2447267305e-02
1.7075268629e-02 1.0527802321e-01 4.0971473597e-03
4.9491429384e-06 9.8186421519e-02 4.6507510706e-03
2.6579554348e-03 1.0208239841e-01 3.7092732382e-03
9.1438674135e-03 9.0688268344e-02 6.0690951068e-03
1.6328954953e-03 9.2120191703e-02 1.4122529499e-02
7.9741085259e-03 9.2267131433e-02 1.1365754297e-02
4.5053394511e-02 0.0000000000e+00 0.0000000000e+00
9.7793645691e-03 0.0000000000e+00 0.0000000000e+00
9.4411117801e-03 0.0000000000e+00 0.0000000000e+00
7.2744786429e-02 0.0000000000e+00 0.0000000000e+00
7.2744786429e-02 0.0000000000e+00 0.0000000000e+00
2.8292459281e-02 0.0000000000e+00 0.0000000000e+00
1.0498165153e-01 0.0000000000e+00 0.0000000000e+00
1.6362768676e-02 0.0000000000e+00 0.0000000000e+00
7.7596221740e-02 0.0000000000e+00 0.0000000000e+00
8.3369877810e-02 0.0000000000e+00 0.0000000000e+00
8.8576503719e-02 0.0000000000e+00 0.0000000000e+00
8.8576503719e-02 0.0000000000e+00 0.0000000000e+00
8.4358209744e-02 0.0000000000e+00 0.0000000000e+00
8.4358209744e-02 0.0000000000e+00 0.0000000000e+00
8.4358209744e-02 0.0000000000e+00 0.0000000000e+00
8.9131907870e-02 0.0000000000e+00 0.0000000000e+00
8.9243077363e-02 0.0000000000e+00 0.0000000000e+00
8.3553579325e-02 0.0000000000e+00 0.0000000000e+00
6.7027102535e-02 0.0000000000e+00 0.0000000000e+00
1.8370869756e+00 0.0000000000e+00 0.0000000000e+00
1.7660268247e+00 0.0000000000e+00 0.0000000000e+00
1.7554670970e+00 0.0000000000e+00 0.0000000000e+00
1.6658300360e+00 0.0000000000e+00 0.0000000000e+00
1.8253219624e+00 0.0000000000e+00 0.0000000000e+00
1.8225348890e+00 0.0000000000e+00 0.0000000000e+00
1.8511913319e+00 0.0000000000e+00 0.0000000000e+00
2.8271787334e-02 0.0000000000e+00 0.0000000000e+00
3.6110466501e-02 0.0000000000e+00 0.0000000000e+00
7.1991200559e-02 0.0000000000e+00 0.0000000000e+00
4.4911215703e-02 0.0000000000e+00 0.0000000000e+00
4.2310137612e-02 0.0000000000e+00 0.0000000000e+00
2.5016618582e-02 0.0000000000e+00 0.0000000000e+00
8.1342602149e-02 0.0000000000e+00 0.0000000000e+00
1.7550645644e-01 0.0000000000e+00 0.0000000000e+00
2.9695704890e-02 0.0000000000e+00 0.0000000000e+00
1.1036858087e-01 0.0000000000e+00 0.0000000000e+00
5.0761976590e-02 0.0000000000e+00 0.0000000000e+00
5.0761976590e-02 0.0000000000e+00 0.0000000000e+00
8.0272959235e-02 0.0000000000e+00 0.0000000000e+00
3.4612214658e-02 0.0000000000e+00 0.0000000000e+00
4.8131574877e-02 0.0000000000e+00 0.0000000000e+00
4.3474409884e-02 0.0000000000e+00 0.0000000000e+00
1.1187081970e-01 0.0000000000e+00 0.0000000000e+00
6.2780982194e-02 0.0000000000e+00 0.0000000000e+00
1.1475493945e-01 0.0000000000e+00 0.0000000000e+00
2.9031114963e-02 0.0000000000e+00 0.0000000000e+00
1.1049420697e-01 0.0000000000e+00 0.0000000000e+00
1.5682433484e-01 0.0000000000e+00 0.0000000000e+00
1.5552813187e-01 0.0000000000e+00 0.0000000000e+00
1.1409898909e-01 0.0000000000e+00 0.0000000000e+00
1.1435652897e-01 0.0000000000e+00 0.0000000000e+00
3.1557551119e-02 0.0000000000e+00 0.0000000000e+00
3.1147785950e-02 0.0000000000e+00 0.0000000000e+00
1.6105215810e-01 0.0000000000e+00 0.0000000000e+00
2.1758899465e-01 0.0000000000e+00 0.0000000000e+00
1.7996074259e-01 0.0000000000e+00 0.0000000000e+00
1.3111771209e-01 0.0000000000e+00 0.0000000000e+00
1.5917676191e-01 0.0000000000e+00 0.0000000000e+00
1.7323321973e-01 0.0000000000e+00 0.0000000000e+00
1.6574225637e-01 0.0000000000e+00 0.0000000000e+00
1.5676234538e-01 0.0000000000e+00 0.0000000000e+00
1.9336246078e-01 0.0000000000e+00 0.0000000000e+00
1.9336246078e-01 0.0000000000e+00 0.0000000000e+00
5.1753713749e-02 0.0000000000e+00 0.0000000000e+00
7.2601772534e-02 0.0000000000e+00 0.0000000000e+00
1.4996486406e-02 0.0000000000e+00 0.0000000000e+00
1.8884566768e-02 0.0000000000e+00 0.0000000000e+00
1.6888142331e-02 0.0000000000e+00 0.0000000000e+00
1.7450382312e-02 0.0000000000e+00 0.0000000000e+00
1.7941360207e-02 0.0000000000e+00 0.0000000000e+00
1.8259913971e-02 0.0000000000e+00 0.0000000000e+00
2.2291463179e-02 0.0000000000e+00 0.0000000000e+00
2.3298992775e-02 0.0000000000e+00 0.0000000000e+00
1.4629296570e-02 0.0000000000e+00 0.0000000000e+00
1.4599323273e-02 0.0000000000e+00 0.0000000000e+00
1.4627404821e-02 0.0000000000e+00 0.0000000000e+00
1.4078855515e-02 0.0000000000e+00 0.0000000000e+00
1.7727812286e-02 0.0000000000e+00 0.0000000000e+00
1.7930877317e-02 0.0000000000e+00 0.0000000000e+00
1.7316952813e-02 0.0000000000e+00 0.0000000000e+00
1.4818208680e-02 0.0000000000e+00 0.0000000000e+00
8.7744171421e-03 0.0000000000e+00 0.0000000000e+00
8.7745412408e-03 0.0000000000e+00 0.0000000000e+00
2.1846926833e-01 0.0000000000e+00 0.0000000000e+00
2.2189613928e-01 0.0000000000e+00 0.0000000000e+00
2.2154010708e-01 0.0000000000e+00 0.0000000000e+00
2.2704311584e-01 0.0000000000e+00 0.0000000000e+00
1.9354743510e-01 0.0000000000e+00 0.0000000000e+00
9.7783998897e-02 0.0000000000e+00 0.0000000000e+00
1.0394976412e-01 0.0000000000e+00 0.0000000000e+00
1.0219084782e-01 0.0000000000e+00 0.0000000000e+00
1.0219084782e-01 0.0000000000e+00 0.0000000000e+00
7.8858211326e-02 0.0000000000e+00 0.0000000000e+00
7.8858211326e-02 0.0000000000e+00 0.0000000000e+00
6.0061252055e-02 0.0000000000e+00 0.0000000000e+00
5.8621365577e-02 0.0000000000e+00 0.0000000000e+00
5.8621365577e-02 0.0000000000e+00 0.0000000000e+00
5.8621365577e-02 0.0000000000e+00 0.0000000000e+00
6.0113846014e-02 0.0000000000e+00 0.0000000000e+00
5.6399137403e-02 0.0000000000e+00 0.0000000000e+00
6.8503490339e-02 0.0000000000e+00 0.0000000000e+00
6.7203233019e-02 0.0000000000e+00 0.0000000000e+00
5.9494085920e-02 0.0000000000e+00 0.0000000000e+00
6.0407979414e-02 0.0000000000e+00 0.0000000000e+00
5.8599968441e-02 0.0000000000e+00 0.0000000000e+00
6.4655125141e-02 0.0000000000e+00 0.0000000000e+00
1.0288560453e-01 0.0000000000e+00 0.0000000000e+00
8.6197343965e-02 0.0000000000e+00 0.0000000000e+00
8.9882564421e-02 0.0000000000e+00 0.0000000000e+00
9.4830770666e-02 0.0000000000e+00 0.0000000000e+00
5.2438883980e-01 0.0000000000e+00 0.0000000000e+00
5.1191719125e-01 0.0000000000e+00 0.0000000000e+00
4.9268186092e-01 0.0000000000e+00 0.0000000000e+00
5.0557882339e-01 0.0000000000e+00 0.0000000000e+00
4.8107945174e-01 0.0000000000e+00 0.0000000000e+00
5.0342195729e-01 0.0000000000e+00 0.0000000000e+00
4.9348223209e-01 0.0000000000e+00 0.0000000000e+00
5.3954290599e-01 0.0000000000e+00 0.0000000000e+00
5.2987885724e-01 0.0000000000e+00 0.0000000000e+00
5.2523918202e-01 0.0000000000e+00 0.0000000000e+00
5.2537796646e-01 0.0000000000e+00 0.0000000000e+00
1.0671130537e-02 3.9989236277e-02 1.0456703603e-01
3.7165462350e-02 1.2375233811e-02 1.0255679116e-01
1.6794962653e-02 5.3169851308e-03 1.5652393674e-01
0.0000000000e+00 3.1091672621e-03 1.2826647299e-01
0.0000000000e+00 1.1800190667e-02 2.3250487571e-01
0.0000000000e+00 3.4494193736e-02 2.0087967689e-01
0.0000000000e+00 3.4494193736e-02 2.0087967689e-01
0.0000000000e+00 6.6701541344e-02 1.6884641722e-01
0.0000000000e+00 1.1307061650e-02 2.1265957877e-01
0.0000000000e+00 3.6108287672e-01 9.8191852371e-02
0.0000000000e+00 1.9633854429e-01 1.6254279638e-01
1.3174988640e-02 2.7388647447e-01 4.0702111398e-02
1.3174988640e-02 2.7388647447e-01 4.0702111398e-02
2.4328736744e-02 3.8937149445e-01 3.4219858237e-02
1.2681314741e-03 2.9391033699e-01 4.1451640117e-02
1.1937031212e-02 3.7862282246e-01 3.6173189680e-02
2.9201550351e-03 3.3199820916e-01 4.4140710185e-02
5.0769856510e-03 2.4807906648e-01 5.1608706204e-02
6.7487741665e-03 4.6235250930e-01 3.5140476034e-02
9.0552786520e-03 4.2776365330e-01 3.3404577834e-02
2.3011076730e-02 5.3711859385e-01 2.7623403352e-02
1.0371136479e-02 4.7823286305e-01 3.5149130505e-02
2.7566246999e-02 6.6256157060e-01 1.9116774046e-02
4.4750965821e-02 7.6152358949e-01 2.4414458002e-02
5.7166748680e-02 6.9222734372e-01 1.9652279715e-02
3.7833101737e-02 6.8071697156e-01 1.9844889486e-02
4.9685406809e-02 7.2436341147e-01 2.1696723221e-02
7.6698446646e-02 7.8418068588e-01 2.6880079104e-02
6.9035580382e-02 8.0850168069e-01 2.5277797598e-02
4.5100459829e-02 6.8275659780e-01 2.6163745051e-02
4.3408472091e-02 4.7363811980e-01 2.0263427791e-02
7.4076233432e-02 6.7630567650e-01 1.8050159638e-02
7.2697114277e-03 3.3619054407e-01 3.0190144510e-02
2.7250990737e-02 2.3706847926e-01 3.3412556785e-02
1.2942987805e-02 4.4768494119e-01 2.4505486557e-02
2.4620902880e-02 2.6483091588e-01 2.8083723737e-02
1.2154693017e-02 4.1745263090e-01 2.2330830495e-02
1.9579498718e-02 3.1558584670e-01 1.3795611293e-02
1.0697247189e-02 3.0903020501e-01 2.5638835660e-02
4.2182203382e-02 3.1753796587e-01 2.6654527833e-02
1.7302766287e-02 3.8791973641e-01 2.7250330585e-02
3.2396907608e-02 5.0206034879e-01 2.5406483018e-02
