3.5109394503e-08 3.4544607624e-03 4.5769610442e-03
1.1468583807e-06 3.5465639085e-03 9.1963233426e-03
4.0536038578e-03 3.3650938421e-03 6.7533785477e-04
9.0901171789e-03 3.5931782331e-03 2.9030803125e-04
1.1034083553e-02 4.2161722668e-03 3.8053291064e-05
1.0669808835e-02 1.9365623593e-03 2.0572816720e-04
3.0378727242e-03 2.9906593263e-03 3.1869167287e-05
1.5059280209e-02 4.7200088738e-04 8.1633850641e-05
1.5059280209e-02 4.7200088738e-04 8.1633850641e-05
6.5104062669e-03 2.7953854296e-03 4.6911358368e-05
1.4434530400e-02 4.8203053884e-03 4.9099282478e-05
5.0157732330e-03 1.5874863602e-03 9.8774478829e-05
2.0368818659e-03 2.1297065541e-03 1.3661473531e-05
1.5066946857e-02 7.4007194489e-03 1.4972516510e-04
4.9793726475e-08 1.4846857637e-02 5.8924936457e-04
1.0414257413e-03 2.5343976449e-03 2.2496302336e-05
5.8575527510e-04 2.5352255907e-03 2.6334122595e-05
1.9363686442e-03 1.3029616093e-03 5.4313499277e-05
5.8053727262e-03 2.2208243608e-03 2.2368092687e-05
4.4098924845e-03 2.3241119925e-03 7.9365214333e-05
2.4200676009e-02 8.2113035023e-03 1.3303708693e-04
2.9809724074e-03 2.3990466725e-03 7.8197612311e-05
5.4017357343e-07 1.4238054864e-02 6.8442715565e-04
1.0151087306e-02 6.8612718023e-03 5.8381261624e-05
8.4984791465e-04 1.6553763999e-03 6.4922402089e-05
7.9954387620e-03 8.9239305817e-04 9.0427900432e-05
2.1855069790e-03 1.4449631562e-03 6.5128871938e-05
5.7574297534e-04 1.8218656769e-03 8.7543252448e-05
2.7489027008e-02 1.4773407020e-03 1.1859737424e-04
2.0376455504e-03 8.5457536625e-04 9.2118076282e-05
1.1296563316e-03 6.9356471067e-04 4.1239487473e-05
4.2646033689e-03 1.5192622086e-03 8.1777361629e-05
2.7203385253e-03 7.7869044617e-04 8.2738719357e-05
1.8492693780e-03 1.2903969036e-03 3.7852489186e-05
1.7756206915e-02 9.1294088634e-04 3.7991587305e-05
2.9337983578e-03 3.6364592961e-04 8.2628626842e-05
1.4900501119e-03 9.7584025934e-04 3.7769263145e-05
1.4900501119e-03 9.7584025934e-04 3.7769263145e-05
2.4640162010e-03 9.5333316131e-04 3.9058344555e-05
2.2715367377e-03 8.9095503790e-04 5.8417615946e-05
1.0425326182e-03 1.1921157129e-03 3.8248359488e-05
5.9829424135e-03 1.0705586756e-03 1.0672873032e-04
1.9964121748e-03 9.3996105716e-04 9.0564026323e-05
1.7736384645e-02 3.0114091351e-04 4.9512385885e-05
1.5707019484e-03 1.0935525643e-03 9.9569791928e-05
2.9943424743e-03 1.1971767526e-03 1.3138003123e-04
2.1861412097e-03 1.4095753431e-03 6.3345280068e-05
2.1647301037e-03 1.3026752276e-03 4.1435923777e-05
1.2321452610e-02 1.3361535966e-03 2.8738856781e-04
4.2031086050e-03 1.4692778932e-03 4.6770815970e-05
1.7801662907e-03 1.4134509256e-03 4.0155282477e-05
2.0334988367e-03 8.0468301894e-04 3.8153473724e-05
2.0334988367e-03 8.0468301894e-04 3.8153473724e-05
9.6054346068e-04 3.4391647205e-04 4.1442228394e-05
1.8390497426e-03 1.1644206243e-03 4.3709060265e-05
9.1944523156e-03 1.8530137604e-03 4.4625932787e-05
5.3878910840e-03 1.2952532852e-03 3.4941196645e-05
1.3313258998e-02 2.4564515334e-03 4.4647462346e-05
1.7816583859e-03 1.5699573560e-03 4.2016039515e-05
1.8118245527e-02 9.6148886951e-04 4.7565074055e-05
9.6274027328e-07 3.4309569746e-03 6.7846346319e-09
2.1343249828e-03 4.1499445797e-04 2.5432862458e-05
2.1343249828e-03 4.1499445797e-04 2.5432862458e-05
4.4347578660e-04 5.2461476298e-04 1.6118183339e-05
1.4163984917e-02 1.3550339499e-03 4.3387146434e-05
1.2104704865e-06 1.7265364295e-03 7.1856338764e-05
1.8112537218e-03 1.8172971613e-04 5.4843647376e-05
1.8112537218e-03 1.8172971613e-04 5.4843647376e-05
7.2146585444e-04 7.0045399480e-04 1.7241243768e-05
3.3630710095e-03 7.3426932795e-04 3.3773099858e-05
9.6776643768e-03 7.7876797877e-04 3.3795142372e-05
9.7156642005e-04 9.5592183061e-04 4.8684614740e-05
1.1736968299e-03 4.8326709657e-04 2.3927545044e-05
1.9458128372e-04 7.0452271029e-04 5.2187107940e-05
1.2598679168e-03 3.6481147981e-04 2.2639762392e-05
3.3116096165e-03 1.1190050282e-03 1.3164139818e-04
1.5737952664e-02 1.4399862848e-03 9.6680538263e-05
5.0903041847e-03 1.0552204913e-03 3.8203492295e-05
2.7387489099e-03 1.1747033568e-03 9.6894182207e-05
2.2072251886e-03 5.6250044145e-03 1.5497138957e-03
1.5728117898e-02 7.3624490760e-03 3.2845211681e-03
1.1466944017e-07 1.0155567899e-02 1.0168096982e-02
4.0005144086e-08 1.0241770186e-02 1.0070856661e-02
6.9800843485e-03 5.9544104151e-03 2.1246513352e-03
2.2269499023e-03 6.0908733867e-03 1.5913412208e-03
1.9255857915e-03 7.9111149535e-03 1.7045942368e-03
9.9240699783e-03 9.4621889293e-03 3.5511916503e-03
4.3146698736e-03 5.2020302974e-03 1.6198550584e-03
1.8799793722e-08 1.4848730527e-02 1.4573544264e-02
9.8169399425e-03 1.6835007817e-02 5.8956965804e-03
6.4616375603e-03 1.6015535221e-02 6.7182476632e-03
1.1190716177e-02 1.6851356253e-02 4.9445652403e-03
6.6420419387e-08 2.5352029130e-02 1.0233188979e-02
1.2835438363e-02 3.1822044402e-02 3.1599600334e-03
1.2835438363e-02 3.1822044402e-02 3.1599600334e-03
1.2445800006e-02 3.7001512945e-02 2.5371557567e-03
3.7310293410e-03 7.2757620364e-04 5.8616786264e-03
1.5257233699e-08 7.2446273407e-04 6.2077851035e-03
1.3804067858e-03 7.0843315916e-04 3.6710882559e-03
7.4510480044e-04 7.1820337325e-04 3.9063687436e-03
1.0726291221e-03 7.0690206485e-04 2.3494481575e-03
2.4986439385e-03 7.1123969974e-04 4.0546483360e-03
7.4269971810e-04 7.1770377690e-04 4.5540477149e-03
1.5591038391e-03 7.1977154585e-04 4.9622864462e-03
1.3276939280e-03 7.1952730650e-04 5.3618955426e-03
1.3276939280e-03 7.1952730650e-04 5.3618955426e-03
5.1714509027e-04 7.2167371400e-04 4.3820682913e-03
1.1734655025e-08 1.1241054162e-03 4.7971424647e-03
1.0344913814e-09 1.0770334629e-03 6.3632740639e-03
1.0893437974e-07 1.1106323218e-03 5.8129294775e-03
1.0347856261e-07 8.3627545973e-04 4.0507521480e-03
2.1900858016e-08 8.3610060392e-04 7.0001687855e-03
2.1900858016e-08 8.3610060392e-04 7.0001687855e-03
2.3078541744e-08 8.7595172226e-04 6.9741080515e-03
7.6353376954e-09 8.3183776587e-04 7.4999979697e-03
7.6286070794e-09 8.7364297360e-04 7.5499229133e-03
3.4340936691e-04 2.4628192186e-03 8.0257300287e-03
6.9308949691e-09 8.5752521409e-04 6.9164489396e-03
1.4237317991e-08 8.7619695114e-04 7.7940686606e-03
2.3363901036e-08 8.2970137009e-04 7.1680336259e-03
5.8523372815e-09 8.7431416614e-04 7.2249514051e-03
3.1889902311e-04 8.7000848725e-04 5.8215875179e-03
1.7481731618e-08 8.4962550318e-04 7.4658966623e-03
1.1935431532e-09 8.4835337475e-04 7.2434507310e-03
1.4841053941e-09 8.7272032397e-04 6.9324807264e-03
9.2247748329e-10 8.3569047274e-04 6.6963229328e-03
2.6140574150e-09 8.2563731121e-04 5.0186417066e-03
4.2555129198e-08 8.3483644994e-04 3.4528223332e-03
5.4836437613e-08 8.3165755495e-04 7.3582455516e-03
9.5796515165e-10 8.3282357082e-04 7.6272767037e-03
9.3500061027e-09 8.3301658742e-04 7.6356814243e-03
3.8509543998e-08 8.2977866987e-04 4.1607576422e-03
2.4662645259e-08 9.1406615684e-04 7.3783341795e-03
2.4662645259e-08 9.1406615684e-04 7.3783341795e-03
7.9274746767e-09 9.1648241505e-04 7.6814913191e-03
7.5105752728e-09 7.1683950955e-04 7.3262737133e-03
1.7293151799e-08 6.9499545498e-04 3.9726491086e-03
2.8763670556e-08 6.9702696055e-04 5.6957774796e-03
1.2398561289e-08 6.8443332566e-04 3.4078245517e-03
6.1917031502e-09 6.8104872480e-04 3.4723605495e-03
1.0502917425e-09 6.8117136834e-04 2.5121828075e-03
1.0502917425e-09 6.8117136834e-04 2.5121828075e-03
1.8386769440e-08 6.8163714604e-04 2.4200568441e-03
2.3661494097e-08 6.8581145024e-04 4.0503679775e-03
2.4110280439e-09 6.8214890780e-04 3.9575737901e-03
9.9805701481e-09 6.6676759161e-04 3.9301672950e-03
1.1811881251e-08 6.6284852801e-04 3.8460521027e-03
7.8121811242e-09 6.6435692133e-04 3.7674724590e-03
7.8121731306e-09 6.6319556208e-04 3.8220274728e-03
3.9559498788e-08 1.1611144146e-04 4.1803321801e-03
3.8940182634e-08 1.1727795936e-04 4.2521720752e-03
4.1186634547e-08 1.1813466699e-04 4.4133728370e-03
5.7365419082e-09 0.0000000000e+00 0.0000000000e+00
6.4402577493e-08 0.0000000000e+00 0.0000000000e+00
6.4380124343e-08 0.0000000000e+00 0.0000000000e+00
3.9162069559e-02 0.0000000000e+00 0.0000000000e+00
2.9967496172e-02 0.0000000000e+00 0.0000000000e+00
3.3187352121e-02 0.0000000000e+00 0.0000000000e+00
1.0244891047e-10 0.0000000000e+00 0.0000000000e+00
1.1813500178e-09 0.0000000000e+00 0.0000000000e+00
1.1882477224e-09 0.0000000000e+00 0.0000000000e+00
1.1882477224e-09 0.0000000000e+00 0.0000000000e+00
2.6954716237e-11 0.0000000000e+00 0.0000000000e+00
1.3380334713e-02 0.0000000000e+00 0.0000000000e+00
1.4100786299e-02 0.0000000000e+00 0.0000000000e+00
1.4100786299e-02 0.0000000000e+00 0.0000000000e+00
1.4409191906e-02 0.0000000000e+00 0.0000000000e+00
1.1083980091e-02 0.0000000000e+00 0.0000000000e+00
4.3212478049e-03 0.0000000000e+00 0.0000000000e+00
1.2162818573e-02 0.0000000000e+00 0.0000000000e+00
1.2162818573e-02 0.0000000000e+00 0.0000000000e+00
1.1574901640e-02 0.0000000000e+00 0.0000000000e+00
1.1574901640e-02 0.0000000000e+00 0.0000000000e+00
1.0677620769e-02 0.0000000000e+00 0.0000000000e+00
1.0627637617e-02 0.0000000000e+00 0.0000000000e+00
8.6647188291e-03 0.0000000000e+00 0.0000000000e+00
1.0438483208e-02 0.0000000000e+00 0.0000000000e+00
1.0438483208e-02 0.0000000000e+00 0.0000000000e+00
1.0438483208e-02 0.0000000000e+00 0.0000000000e+00
1.2332443148e-02 0.0000000000e+00 0.0000000000e+00
1.4599754475e-02 0.0000000000e+00 0.0000000000e+00
9.6308235079e-03 0.0000000000e+00 0.0000000000e+00
9.6226502210e-03 0.0000000000e+00 0.0000000000e+00
1.2445741333e-02 0.0000000000e+00 0.0000000000e+00
4.7449977137e-03 0.0000000000e+00 0.0000000000e+00
4.7449977137e-03 0.0000000000e+00 0.0000000000e+00
5.0766677596e-03 0.0000000000e+00 0.0000000000e+00
4.7749858350e-03 0.0000000000e+00 0.0000000000e+00
4.2775031034e-05 0.0000000000e+00 0.0000000000e+00
4.2328709242e-05 0.0000000000e+00 0.0000000000e+00
2.4027766194e-03 0.0000000000e+00 0.0000000000e+00
4.3580294005e-05 0.0000000000e+00 0.0000000000e+00
4.3580294005e-05 0.0000000000e+00 0.0000000000e+00
1.0894673178e-03 0.0000000000e+00 0.0000000000e+00
1.0894673178e-03 0.0000000000e+00 0.0000000000e+00
7.1013922570e-04 0.0000000000e+00 0.0000000000e+00
7.1013922570e-04 0.0000000000e+00 0.0000000000e+00
7.0918584242e-04 0.0000000000e+00 0.0000000000e+00
6.9698941661e-04 0.0000000000e+00 0.0000000000e+00
1.5446820296e-02 0.0000000000e+00 0.0000000000e+00
1.5448986553e-02 0.0000000000e+00 0.0000000000e+00
1.5217885375e-02 0.0000000000e+00 0.0000000000e+00
1.1911657639e-02 0.0000000000e+00 0.0000000000e+00
6.4281744017e-06 0.0000000000e+00 0.0000000000e+00
1.2336752377e-02 0.0000000000e+00 0.0000000000e+00
1.3186608441e-02 0.0000000000e+00 0.0000000000e+00
1.3186608441e-02 0.0000000000e+00 0.0000000000e+00
4.0130433626e-03 0.0000000000e+00 0.0000000000e+00
4.0130433626e-03 0.0000000000e+00 0.0000000000e+00
7.1253930219e-03 0.0000000000e+00 0.0000000000e+00
7.1137999184e-03 0.0000000000e+00 0.0000000000e+00
7.0756920613e-03 0.0000000000e+00 0.0000000000e+00
7.1149975993e-03 0.0000000000e+00 0.0000000000e+00
6.6217072308e-03 0.0000000000e+00 0.0000000000e+00
6.6317557357e-03 0.0000000000e+00 0.0000000000e+00
6.6291890107e-03 0.0000000000e+00 0.0000000000e+00
6.6288211383e-03 0.0000000000e+00 0.0000000000e+00
6.6279224120e-03 0.0000000000e+00 0.0000000000e+00
6.6218860447e-03 0.0000000000e+00 0.0000000000e+00
6.1583835632e-03 0.0000000000e+00 0.0000000000e+00
6.9290529937e-03 0.0000000000e+00 0.0000000000e+00
7.0096342824e-03 0.0000000000e+00 0.0000000000e+00
7.0057138801e-03 0.0000000000e+00 0.0000000000e+00
5.3747459315e-03 0.0000000000e+00 0.0000000000e+00
5.4969885387e-03 0.0000000000e+00 0.0000000000e+00
5.3463615477e-03 0.0000000000e+00 0.0000000000e+00
5.3463615477e-03 0.0000000000e+00 0.0000000000e+00
5.3463615477e-03 0.0000000000e+00 0.0000000000e+00
1.5830019489e-02 0.0000000000e+00 0.0000000000e+00
1.5831863508e-02 0.0000000000e+00 0.0000000000e+00
3.5038340837e-02 0.0000000000e+00 0.0000000000e+00
3.5037588328e-02 0.0000000000e+00 0.0000000000e+00
7.8152008355e-02 0.0000000000e+00 0.0000000000e+00
7.8152008355e-02 0.0000000000e+00 0.0000000000e+00
7.6198697090e-02 0.0000000000e+00 0.0000000000e+00
7.6198697090e-02 0.0000000000e+00 0.0000000000e+00
7.6198697090e-02 0.0000000000e+00 0.0000000000e+00
7.8274428844e-02 0.0000000000e+00 0.0000000000e+00
9.0774707496e-02 0.0000000000e+00 0.0000000000e+00
8.8379196823e-02 0.0000000000e+00 0.0000000000e+00
8.8124454021e-02 0.0000000000e+00 0.0000000000e+00
8.7815411389e-02 0.0000000000e+00 0.0000000000e+00
8.8639967144e-02 0.0000000000e+00 0.0000000000e+00
7.9079069197e-02 0.0000000000e+00 0.0000000000e+00
7.9079069197e-02 0.0000000000e+00 0.0000000000e+00
8.1853546202e-02 0.0000000000e+00 0.0000000000e+00
8.9401714504e-02 0.0000000000e+00 0.0000000000e+00
9.0255387127e-02 0.0000000000e+00 0.0000000000e+00
8.9287914336e-02 0.0000000000e+00 0.0000000000e+00
8.8472910225e-02 0.0000000000e+00 0.0000000000e+00
8.8472910225e-02 0.0000000000e+00 0.0000000000e+00
9.0566404164e-02 0.0000000000e+00 0.0000000000e+00
9.0566404164e-02 0.0000000000e+00 0.0000000000e+00
9.2014692724e-02 0.0000000000e+00 0.0000000000e+00
9.1901428998e-02 0.0000000000e+00 0.0000000000e+00
8.9692376554e-02 0.0000000000e+00 0.0000000000e+00
8.7308995426e-02 0.0000000000e+00 0.0000000000e+00
7.3206759989e-02 0.0000000000e+00 0.0000000000e+00
7.7114902437e-02 0.0000000000e+00 0.0000000000e+00
7.3004901409e-02 0.0000000000e+00 0.0000000000e+00
5.4539483041e-02 0.0000000000e+00 0.0000000000e+00
5.4539483041e-02 0.0000000000e+00 0.0000000000e+00
5.4572295398e-02 0.0000000000e+00 0.0000000000e+00
5.4496262223e-02 0.0000000000e+00 0.0000000000e+00
5.4470453411e-02 0.0000000000e+00 0.0000000000e+00
5.4470453411e-02 0.0000000000e+00 0.0000000000e+00
5.4476633668e-02 0.0000000000e+00 0.0000000000e+00
5.4364476353e-02 0.0000000000e+00 0.0000000000e+00
5.4325934500e-02 0.0000000000e+00 0.0000000000e+00
5.4376993328e-02 0.0000000000e+00 0.0000000000e+00
5.4390978068e-02 0.0000000000e+00 0.0000000000e+00
7.4855782092e-02 0.0000000000e+00 0.0000000000e+00
7.6405055821e-02 0.0000000000e+00 0.0000000000e+00
7.7888630331e-02 0.0000000000e+00 0.0000000000e+00
5.3354870528e-02 0.0000000000e+00 0.0000000000e+00
1.1229529046e-02 0.0000000000e+00 0.0000000000e+00
1.1683783494e-02 0.0000000000e+00 0.0000000000e+00
1.1328864843e-02 0.0000000000e+00 0.0000000000e+00
1.0565150529e-02 0.0000000000e+00 0.0000000000e+00
1.0565150529e-02 0.0000000000e+00 0.0000000000e+00
1.0565150529e-02 0.0000000000e+00 0.0000000000e+00
9.0749654919e-03 0.0000000000e+00 0.0000000000e+00
9.0756183490e-03 0.0000000000e+00 0.0000000000e+00
1.1640789919e-02 0.0000000000e+00 0.0000000000e+00
1.1640789919e-02 0.0000000000e+00 0.0000000000e+00
1.1637576856e-02 0.0000000000e+00 0.0000000000e+00
1.1644676328e-02 0.0000000000e+00 0.0000000000e+00
1.1696427129e-02 0.0000000000e+00 0.0000000000e+00
1.1079688556e-02 0.0000000000e+00 0.0000000000e+00
8.9960778132e-03 0.0000000000e+00 0.0000000000e+00
8.9991809800e-03 0.0000000000e+00 0.0000000000e+00
1.1733033694e-02 0.0000000000e+00 0.0000000000e+00
8.7611032650e-03 0.0000000000e+00 0.0000000000e+00
8.7769431993e-03 0.0000000000e+00 0.0000000000e+00
2.5709083304e-02 0.0000000000e+00 0.0000000000e+00
2.5709083304e-02 0.0000000000e+00 0.0000000000e+00
2.1256627515e-02 0.0000000000e+00 0.0000000000e+00
1.8071247265e-02 0.0000000000e+00 0.0000000000e+00
2.1245816723e-02 0.0000000000e+00 0.0000000000e+00
3.9404896088e-03 8.4818918258e-03 4.0629147552e-03
3.3296402544e-03 7.7006742358e-03 3.1281739939e-03
2.4709498510e-02 6.0531808995e-03 3.0109279323e-03
3.2784037758e-03 1.0810260661e-02 1.4883602271e-03
2.3311299738e-03 1.2267890386e-02 1.6177328071e-03
1.6637217486e-03 1.2554838322e-02 7.7706383308e-04
1.2274846667e-03 5.4312967695e-03 2.8132153675e-03
6.0614109971e-03 7.2542269481e-04 3.3982966561e-03
6.3652894460e-03 6.9124135189e-04 3.4420688171e-03
1.8580470933e-03 9.3818493187e-03 1.7262512119e-03
3.5080073867e-03 5.3312047385e-03 2.5143111125e-03
2.7995428536e-03 3.5507418215e-03 2.9529221356e-03
3.9970013313e-03 2.2205584683e-03 4.7595505603e-03
3.0390992761e-03 2.8032164555e-03 3.3127702773e-03
4.9377256073e-03 7.0255086757e-03 3.1078334432e-03
2.6417637710e-03 6.2196142972e-03 3.1612927560e-03
2.3911367171e-03 1.9264535513e-04 5.1309592091e-03
4.5564114116e-03 2.8047189116e-03 3.3793442417e-03
4.4156443328e-03 2.7538293507e-03 2.9620395508e-03
9.3772644177e-03 2.0744308829e-02 3.4539131448e-03
4.8852586187e-03 2.2133737803e-02 5.2395709790e-03
4.8852586187e-03 2.2133737803e-02 5.2395709790e-03
1.7916515470e-02 4.1580494493e-02 1.9933253061e-03
2.5364279747e-02 2.2473597899e-02 2.6099614333e-03
2.1063946187e-02 3.3364001662e-02 2.1215716843e-03
9.2850260437e-02 3.9408069104e-02 9.6250046045e-04
7.8706972301e-02 3.9510112256e-02 1.5196512686e-03
1.6149719062e-10 0.0000000000e+00 0.0000000000e+00
1.5772282091e-10 0.0000000000e+00 0.0000000000e+00
8.3560575126e-11 0.0000000000e+00 0.0000000000e+00
1.9005212681e-10 0.0000000000e+00 0.0000000000e+00
4.8000787373e-11 0.0000000000e+00 0.0000000000e+00
5.7400324077e-11 0.0000000000e+00 0.0000000000e+00
4.6901770662e-11 0.0000000000e+00 0.0000000000e+00
3.8967784555e-09 0.0000000000e+00 0.0000000000e+00
9.0164924416e-09 0.0000000000e+00 0.0000000000e+00
7.0188328039e-08 0.0000000000e+00 0.0000000000e+00
9.2512939531e-09 0.0000000000e+00 0.0000000000e+00
9.2512939531e-09 0.0000000000e+00 0.0000000000e+00
3.0319966537e-09 0.0000000000e+00 0.0000000000e+00
1.2635523738e-08 0.0000000000e+00 0.0000000000e+00
1.2635523738e-08 0.0000000000e+00 0.0000000000e+00
1.0088441194e-08 0.0000000000e+00 0.0000000000e+00
1.5281237609e-08 0.0000000000e+00 0.0000000000e+00
1.5281237609e-08 0.0000000000e+00 0.0000000000e+00
1.5889796146e-08 0.0000000000e+00 0.0000000000e+00
1.5889796146e-08 0.0000000000e+00 0.0000000000e+00
2.9360271991e-09 0.0000000000e+00 0.0000000000e+00
1.9574823984e-09 0.0000000000e+00 0.0000000000e+00
1.9574823984e-09 0.0000000000e+00 0.0000000000e+00
1.1706024594e-08 0.0000000000e+00 0.0000000000e+00
1.7187060664e-09 0.0000000000e+00 0.0000000000e+00
1.1014558154e-09 0.0000000000e+00 0.0000000000e+00
1.3235042395e-08 0.0000000000e+00 0.0000000000e+00
3.7511892259e-08 0.0000000000e+00 0.0000000000e+00
3.7511892259e-08 0.0000000000e+00 0.0000000000e+00
3.7511892259e-08 0.0000000000e+00 0.0000000000e+00
2.7513332057e-08 0.0000000000e+00 0.0000000000e+00
2.8803553320e-08 0.0000000000e+00 0.0000000000e+00
1.6365819810e-09 0.0000000000e+00 0.0000000000e+00
1.6365819810e-09 0.0000000000e+00 0.0000000000e+00
2.7234634548e-09 0.0000000000e+00 0.0000000000e+00
2.1375397008e-09 0.0000000000e+00 0.0000000000e+00
1.8513404143e-09 0.0000000000e+00 0.0000000000e+00
4.5015340788e-08 0.0000000000e+00 0.0000000000e+00
4.6101903545e-11 0.0000000000e+00 0.0000000000e+00
2.9883259062e-11 0.0000000000e+00 0.0000000000e+00
1.4818861149e-02 0.0000000000e+00 0.0000000000e+00
7.5364843942e-03 0.0000000000e+00 0.0000000000e+00
1.3063234938e-08 0.0000000000e+00 0.0000000000e+00
6.9606252946e-03 0.0000000000e+00 0.0000000000e+00
7.8290728852e-03 0.0000000000e+00 0.0000000000e+00
2.1407000617e-09 0.0000000000e+00 0.0000000000e+00
3.0315707278e-08 0.0000000000e+00 0.0000000000e+00
1.5795860620e-08 0.0000000000e+00 0.0000000000e+00
1.1935076676e-02 0.0000000000e+00 0.0000000000e+00
2.1648268103e-06 0.0000000000e+00 0.0000000000e+00
2.1648268103e-06 0.0000000000e+00 0.0000000000e+00
1.2543745243e-06 0.0000000000e+00 0.0000000000e+00
1.6277223267e-06 0.0000000000e+00 0.0000000000e+00
1.6277223267e-06 0.0000000000e+00 0.0000000000e+00
7.6331743039e-03 0.0000000000e+00 0.0000000000e+00
1.0078485124e-02 0.0000000000e+00 0.0000000000e+00
7.7032158430e-09 0.0000000000e+00 0.0000000000e+00
1.0816727958e-08 0.0000000000e+00 0.0000000000e+00
5.5037232549e-09 0.0000000000e+00 0.0000000000e+00
6.3860094990e-09 0.0000000000e+00 0.0000000000e+00
6.8290684219e-10 0.0000000000e+00 0.0000000000e+00
7.6482420397e-09 0.0000000000e+00 0.0000000000e+00
7.6482420397e-09 0.0000000000e+00 0.0000000000e+00
7.6482420397e-09 0.0000000000e+00 0.0000000000e+00
9.4351548796e-09 0.0000000000e+00 0.0000000000e+00
9.4351548796e-09 0.0000000000e+00 0.0000000000e+00
4.9055392992e-07 0.0000000000e+00 0.0000000000e+00
1.2934088772e-05 0.0000000000e+00 0.0000000000e+00
1.5172987245e-02 0.0000000000e+00 0.0000000000e+00
1.0727194697e-01 0.0000000000e+00 0.0000000000e+00
1.0727194697e-01 0.0000000000e+00 0.0000000000e+00
4.6189354180e-05 0.0000000000e+00 0.0000000000e+00
3.0212072488e-07 0.0000000000e+00 0.0000000000e+00
3.0212072488e-07 0.0000000000e+00 0.0000000000e+00
7.4957571924e-02 0.0000000000e+00 0.0000000000e+00
3.4905277193e-02 0.0000000000e+00 0.0000000000e+00
3.3628302276e-07 0.0000000000e+00 0.0000000000e+00
3.3068485558e-02 0.0000000000e+00 0.0000000000e+00
2.8316878797e-07 1.7631892115e-04 1.7858567880e-03
7.4584130516e-07 3.5366259981e-03 1.7072549090e-03
1.2518676158e-06 8.1725977361e-04 2.0980213303e-03
1.0127812624e-02 6.0507274611e-05 2.3512656335e-03
5.7728351094e-03 9.3417317839e-04 1.5295669436e-03
9.7147903944e-06 1.2964854250e-03 1.2419735081e-02
9.7147903944e-06 1.2964854250e-03 1.2419735081e-02
9.1324942186e-03 7.0754489861e-03 1.1116601527e-02
1.9700573757e-02 2.7823410928e-03 2.9325352516e-03
1.3731539249e-02 1.4664434111e-08 1.8208669499e-02
2.4944210425e-02 1.1157562258e-03 1.2347636512e-03
2.1285005403e-07 6.9611641811e-04 1.5998360468e-03
9.4781359658e-03 5.3345178941e-08 3.2522871625e-03
4.9495060495e-08 1.6020610929e-03 1.6897878377e-03
5.3110330356e-08 3.0509189237e-03 1.6598716611e-03
2.0656960942e-07 5.1022227854e-03 1.1151257204e-03
2.0656960942e-07 5.1022227854e-03 1.1151257204e-03
2.5424620276e-07 1.0349360527e-03 1.7536053434e-02
9.1577028627e-08 4.2566242628e-03 1.6561564058e-02
5.1253518762e-08 2.0287155639e-03 1.4977857471e-02
3.6951828974e-07 4.1285157204e-03 1.5698069707e-02
9.9521635377e-08 2.2593408357e-03 1.7022851855e-02
1.2603710786e-07 2.1964616608e-03 1.5711359680e-02
1.7029113053e-07 1.0105407564e-03 1.7973709852e-02
1.4170718998e-07 2.8206706047e-03 1.9230188802e-02
2.7226045063e-07 1.8375333166e-03 2.1238820627e-02
1.3749009931e-08 1.6371243400e-03 1.2812602334e-02
1.2588955656e-08 1.8086886266e-03 1.4287322992e-03
1.1908709574e-08 1.3942647493e-03 1.5335516073e-03
1.2068928079e-08 1.4021358220e-03 1.4904668787e-03
1.3867406778e-08 2.0626729820e-03 1.4992903918e-02
1.3867406778e-08 2.0626729820e-03 1.4992903918e-02
1.3867406778e-08 2.0626729820e-03 1.4992903918e-02
1.3596925363e-08 1.5615619486e-03 1.7003096873e-03
1.3542517330e-08 4.3819393031e-03 2.9854334425e-03
2.2381293263e-08 2.0852873567e-03 2.2121524438e-02
4.3303369779e-08 2.2691406775e-03 9.0926000848e-03
3.9190030776e-08 2.5545549579e-03 1.2146693654e-02
4.3590215881e-08 4.3692979962e-03 1.7432669178e-02
4.0413752345e-08 2.7772129979e-03 7.6317354105e-03
4.1977241239e-08 3.6275498569e-03 7.2048492730e-03
4.1977241239e-08 3.6275498569e-03 7.2048492730e-03
6.5413338746e-08 3.2373627182e-03 1.7148606479e-02
7.6622569622e-08 2.8946076054e-03 2.0248211920e-02
5.7483873661e-08 2.8654921334e-03 1.9012518227e-02
5.9148458575e-08 2.1760985255e-03 1.9055129960e-02
7.2848806099e-08 3.2840706408e-03 1.3145540841e-02
6.7701819262e-08 4.2366581038e-03 1.7602261156e-02
2.7990623153e-07 2.9846250545e-03 1.7368741333e-02
2.0116088706e-07 1.5862757573e-03 1.1713852175e-02
3.6240174086e-04 4.1812881827e-03 8.3626853302e-03
2.5277779787e-04 3.8363265339e-03 1.1490779929e-02
1.5101030469e-02 3.6725271493e-03 7.7555985190e-03
7.4095316231e-03 3.7918097805e-03 9.5572592691e-03
7.8138215467e-03 3.1404357869e-03 4.7158841044e-03
8.0945836380e-03 3.8865583483e-03 4.6998313628e-03
8.0945836380e-03 3.8865583483e-03 4.6998313628e-03
1.1358172633e-02 3.1083438080e-03 9.7783161327e-03
1.9008155912e-02 3.8472714368e-03 5.3969100118e-03
1.2151882984e-03 3.5816682503e-03 9.8652569577e-03
1.8801221624e-02 4.6603013761e-03 7.3668188415e-03
7.0685283281e-03 4.3594534509e-03 8.8839903474e-03
3.8478029892e-03 3.6024551373e-03 2.7152838185e-02
2.2935644665e-04 4.2016827501e-03 5.0903687224e-05
2.2935644665e-04 4.2016827501e-03 5.0903687224e-05
3.8231348153e-03 2.8945121448e-03 1.3064164668e-02
2.6401521172e-03 3.5137066152e-03 1.4437153004e-02
1.2452813098e-03 3.1719114631e-03 1.1399704032e-02
1.6114769096e-04 2.9003319796e-03 1.3398295268e-03
1.0451757349e-02 3.4734930377e-03 1.7348626861e-03
1.5692650049e-04 2.9173919465e-03 1.3989806175e-03
6.0244821943e-03 3.4248132724e-03 1.6012920067e-02
1.6516515752e-03 3.0076587573e-03 2.7854085783e-04
9.6363160992e-04 3.1618031207e-03 5.0637973472e-03
9.9271209911e-04 3.1225716230e-03 2.3099465761e-03
8.1132445484e-04 3.1804859173e-03 3.8577590603e-03
8.4917253116e-04 3.2170696650e-03 5.6746080518e-03
9.3091791496e-04 3.1181797385e-03 7.2048315758e-08
9.2042557662e-04 3.1352520455e-03 1.4020100934e-03
8.9552695863e-04 3.2082104590e-03 1.9255990628e-04
9.8757783417e-04 2.7083500754e-03 4.5991092338e-04
1.1702916818e-03 2.3939607199e-03 1.5208304103e-04
6.5879891627e-03 3.3520369325e-03 1.2190420966e-04
1.2437599944e-03 3.9832941256e-03 7.1904709330e-04
1.8099318258e-03 2.9825046659e-03 4.6166594257e-04
1.0368972085e-02 0.0000000000e+00 0.0000000000e+00
1.0224164464e-02 0.0000000000e+00 0.0000000000e+00
3.7851806264e-03 0.0000000000e+00 0.0000000000e+00
5.0961258821e-03 0.0000000000e+00 0.0000000000e+00
3.9533828385e-03 0.0000000000e+00 0.0000000000e+00
4.7970367596e-03 0.0000000000e+00 0.0000000000e+00
3.0186313670e-03 0.0000000000e+00 0.0000000000e+00
1.1508049211e-03 0.0000000000e+00 0.0000000000e+00
9.7976373509e-03 0.0000000000e+00 0.0000000000e+00
1.0657119565e-02 0.0000000000e+00 0.0000000000e+00
1.0657119565e-02 0.0000000000e+00 0.0000000000e+00
3.1388422940e-03 0.0000000000e+00 0.0000000000e+00
9.6846342057e-10 0.0000000000e+00 0.0000000000e+00
2.6977903245e-10 0.0000000000e+00 0.0000000000e+00
1.6498211771e-03 0.0000000000e+00 0.0000000000e+00
4.5865644616e-11 0.0000000000e+00 0.0000000000e+00
9.3338075047e-09 0.0000000000e+00 0.0000000000e+00
9.3338075047e-09 0.0000000000e+00 0.0000000000e+00
1.9130095607e-03 0.0000000000e+00 0.0000000000e+00
2.0524613559e-02 0.0000000000e+00 0.0000000000e+00
5.3696632385e-02 0.0000000000e+00 0.0000000000e+00
4.5885965228e-02 0.0000000000e+00 0.0000000000e+00
2.1744020283e-02 0.0000000000e+00 0.0000000000e+00
3.4381099045e-02 0.0000000000e+00 0.0000000000e+00
2.8064431623e-02 0.0000000000e+00 0.0000000000e+00
3.4548148513e-02 0.0000000000e+00 0.0000000000e+00
2.2289127111e-02 0.0000000000e+00 0.0000000000e+00
3.0511416495e-02 0.0000000000e+00 0.0000000000e+00
4.9826521426e-02 0.0000000000e+00 0.0000000000e+00
4.0908048504e-07 0.0000000000e+00 0.0000000000e+00
6.0752063990e-02 0.0000000000e+00 0.0000000000e+00
1.3007740490e-02 0.0000000000e+00 0.0000000000e+00
3.2536435872e-02 0.0000000000e+00 0.0000000000e+00
3.1716074795e-02 0.0000000000e+00 0.0000000000e+00
2.5341033936e-02 0.0000000000e+00 0.0000000000e+00
3.2635428011e-02 0.0000000000e+00 0.0000000000e+00
3.3784486353e-02 0.0000000000e+00 0.0000000000e+00
2.7992567047e-02 0.0000000000e+00 0.0000000000e+00
2.7992567047e-02 0.0000000000e+00 0.0000000000e+00
3.4300129861e-02 0.0000000000e+00 0.0000000000e+00
2.6072809473e-02 0.0000000000e+00 0.0000000000e+00
2.7546847239e-02 0.0000000000e+00 0.0000000000e+00
2.9432475567e-02 0.0000000000e+00 0.0000000000e+00
2.9432475567e-02 0.0000000000e+00 0.0000000000e+00
4.1434604675e-02 0.0000000000e+00 0.0000000000e+00
3.6330368370e-02 0.0000000000e+00 0.0000000000e+00
3.1664039940e-02 0.0000000000e+00 0.0000000000e+00
4.5818340033e-02 0.0000000000e+00 0.0000000000e+00
4.3907780200e-02 0.0000000000e+00 0.0000000000e+00
4.3894518167e-02 0.0000000000e+00 0.0000000000e+00
4.3894518167e-02 0.0000000000e+00 0.0000000000e+00
1.0390102118e-01 0.0000000000e+00 0.0000000000e+00
1.0684511811e-01 0.0000000000e+00 0.0000000000e+00
9.2753916979e-02 0.0000000000e+00 0.0000000000e+00
1.1147060245e-01 0.0000000000e+00 0.0000000000e+00
1.0649901628e-01 0.0000000000e+00 0.0000000000e+00
1.1025104672e-01 0.0000000000e+00 0.0000000000e+00
1.2199908495e-01 0.0000000000e+00 0.0000000000e+00
1.1593320966e-01 0.0000000000e+00 0.0000000000e+00
3.0197790265e-01 0.0000000000e+00 0.0000000000e+00
3.0544483662e-01 0.0000000000e+00 0.0000000000e+00
2.9328861833e-01 0.0000000000e+00 0.0000000000e+00
2.8462821245e-01 0.0000000000e+00 0.0000000000e+00
3.1902948022e-01 0.0000000000e+00 0.0000000000e+00
3.1915023923e-01 0.0000000000e+00 0.0000000000e+00
3.2040753961e-01 0.0000000000e+00 0.0000000000e+00
1.3480511308e-01 0.0000000000e+00 0.0000000000e+00
1.0681109875e-01 0.0000000000e+00 0.0000000000e+00
1.0681109875e-01 0.0000000000e+00 0.0000000000e+00
1.0459255427e-01 0.0000000000e+00 0.0000000000e+00
9.9327884614e-02 0.0000000000e+00 0.0000000000e+00
1.0314043611e-01 0.0000000000e+00 0.0000000000e+00
9.3849740922e-02 0.0000000000e+00 0.0000000000e+00
9.1801047325e-02 0.0000000000e+00 0.0000000000e+00
9.1801047325e-02 0.0000000000e+00 0.0000000000e+00
9.0751528740e-02 0.0000000000e+00 0.0000000000e+00
9.0751528740e-02 0.0000000000e+00 0.0000000000e+00
9.0751528740e-02 0.0000000000e+00 0.0000000000e+00
8.1084467471e-02 0.0000000000e+00 0.0000000000e+00
8.4094464779e-02 0.0000000000e+00 0.0000000000e+00
8.5352361202e-02 0.0000000000e+00 0.0000000000e+00
8.5352361202e-02 0.0000000000e+00 0.0000000000e+00
9.1405659914e-02 0.0000000000e+00 0.0000000000e+00
9.1405659914e-02 0.0000000000e+00 0.0000000000e+00
9.0951621532e-02 0.0000000000e+00 0.0000000000e+00
8.8331721723e-02 0.0000000000e+00 0.0000000000e+00
8.6220599711e-02 0.0000000000e+00 0.0000000000e+00
8.6220599711e-02 0.0000000000e+00 0.0000000000e+00
8.7606370449e-02 0.0000000000e+00 0.0000000000e+00
6.3586436212e-02 0.0000000000e+00 0.0000000000e+00
6.4910858870e-02 0.0000000000e+00 0.0000000000e+00
7.0587985218e-02 0.0000000000e+00 0.0000000000e+00
7.1770817041e-02 0.0000000000e+00 0.0000000000e+00
7.2154082358e-02 0.0000000000e+00 0.0000000000e+00
7.2154082358e-02 0.0000000000e+00 0.0000000000e+00
5.6010410190e-02 0.0000000000e+00 0.0000000000e+00
7.1347996593e-02 0.0000000000e+00 0.0000000000e+00
6.0881551355e-02 0.0000000000e+00 0.0000000000e+00
6.6210374236e-02 0.0000000000e+00 0.0000000000e+00
5.4442401975e-02 0.0000000000e+00 0.0000000000e+00
6.2565043569e-02 0.0000000000e+00 0.0000000000e+00
5.5995132774e-02 0.0000000000e+00 0.0000000000e+00
5.2610944957e-02 0.0000000000e+00 0.0000000000e+00
5.3597893566e-02 0.0000000000e+00 0.0000000000e+00
5.2969601005e-02 0.0000000000e+00 0.0000000000e+00
6.2491983175e-02 0.0000000000e+00 0.0000000000e+00
5.5231511593e-02 0.0000000000e+00 0.0000000000e+00
5.5231511593e-02 0.0000000000e+00 0.0000000000e+00
5.9684272856e-02 0.0000000000e+00 0.0000000000e+00
5.5998329073e-02 0.0000000000e+00 0.0000000000e+00
5.7807583362e-02 0.0000000000e+00 0.0000000000e+00
5.7807583362e-02 0.0000000000e+00 0.0000000000e+00
5.5154804140e-02 0.0000000000e+00 0.0000000000e+00
1.5115071833e-01 0.0000000000e+00 0.0000000000e+00
1.6088953614e-01 0.0000000000e+00 0.0000000000e+00
1.7904013395e-01 0.0000000000e+00 0.0000000000e+00
1.7140740156e-01 0.0000000000e+00 0.0000000000e+00
8.0749243498e-02 0.0000000000e+00 0.0000000000e+00
2.6026755571e-01 0.0000000000e+00 0.0000000000e+00
2.7095657587e-01 0.0000000000e+00 0.0000000000e+00
2.9383954406e-01 0.0000000000e+00 0.0000000000e+00
3.2296547294e-01 0.0000000000e+00 0.0000000000e+00
3.2338348031e-01 0.0000000000e+00 0.0000000000e+00
3.1823334098e-01 0.0000000000e+00 0.0000000000e+00
3.2482627034e-01 0.0000000000e+00 0.0000000000e+00
2.9912057519e-01 0.0000000000e+00 0.0000000000e+00
2.6323872805e-01 0.0000000000e+00 0.0000000000e+00
2.6517260075e-01 0.0000000000e+00 0.0000000000e+00
2.6517260075e-01 0.0000000000e+00 0.0000000000e+00
2.6242494583e-01 0.0000000000e+00 0.0000000000e+00
2.6590332389e-01 0.0000000000e+00 0.0000000000e+00
2.6408264041e-01 0.0000000000e+00 0.0000000000e+00
2.6234984398e-01 0.0000000000e+00 0.0000000000e+00
2.6489838958e-01 0.0000000000e+00 0.0000000000e+00
2.7202689648e-01 0.0000000000e+00 0.0000000000e+00
2.7033516765e-01 0.0000000000e+00 0.0000000000e+00
2.6024827361e-01 0.0000000000e+00 0.0000000000e+00
2.4942286313e-01 0.0000000000e+00 0.0000000000e+00
2.6332053542e-01 0.0000000000e+00 0.0000000000e+00
2.6338604093e-01 0.0000000000e+00 0.0000000000e+00
2.5081253052e-01 0.0000000000e+00 0.0000000000e+00
2.5024393201e-01 0.0000000000e+00 0.0000000000e+00
2.1305592358e-01 0.0000000000e+00 0.0000000000e+00
2.1305592358e-01 0.0000000000e+00 0.0000000000e+00
1.1970669776e-01 0.0000000000e+00 0.0000000000e+00
2.5631240010e-01 0.0000000000e+00 0.0000000000e+00
2.5609603524e-01 0.0000000000e+00 0.0000000000e+00
2.5319030881e-01 0.0000000000e+00 0.0000000000e+00
2.5354504585e-01 0.0000000000e+00 0.0000000000e+00
2.5354504585e-01 0.0000000000e+00 0.0000000000e+00
2.5615808368e-01 0.0000000000e+00 0.0000000000e+00
2.5725653768e-01 0.0000000000e+00 0.0000000000e+00
2.5614422560e-01 0.0000000000e+00 0.0000000000e+00
2.5028005242e-01 0.0000000000e+00 0.0000000000e+00
2.5542804599e-01 0.0000000000e+00 0.0000000000e+00
9.3471650034e-03 2.0492549986e-02 2.3941664025e-02
1.0403816588e-02 2.5288304314e-02 2.4382123724e-02
3.0178381130e-03 1.9340874627e-02 2.1416699514e-02
1.1567032896e-02 2.3732481524e-02 2.6877114549e-02
7.4202767573e-03 2.2345980629e-02 3.7654023618e-02
7.1952399594e-10 2.1183466539e-02 3.6100320518e-02
6.4501626262e-09 1.7102785408e-02 3.2306522131e-02
1.0240809978e-08 1.1610642076e-02 3.8539279252e-02
3.8395158481e-03 0.0000000000e+00 0.0000000000e+00
3.7699046079e-03 0.0000000000e+00 0.0000000000e+00
6.7393598147e-03 0.0000000000e+00 0.0000000000e+00
3.9642699994e-03 0.0000000000e+00 0.0000000000e+00
3.9642699994e-03 0.0000000000e+00 0.0000000000e+00
6.7283324897e-02 0.0000000000e+00 0.0000000000e+00
1.0424664617e-01 0.0000000000e+00 0.0000000000e+00
5.3465064615e-02 0.0000000000e+00 0.0000000000e+00
2.8091961518e-02 0.0000000000e+00 0.0000000000e+00
2.8091961518e-02 0.0000000000e+00 0.0000000000e+00
6.1949167401e-02 0.0000000000e+00 0.0000000000e+00
6.0571420938e-02 0.0000000000e+00 0.0000000000e+00
5.6814860553e-02 0.0000000000e+00 0.0000000000e+00
4.4164985418e-02 0.0000000000e+00 0.0000000000e+00
6.1644878238e-02 0.0000000000e+00 0.0000000000e+00
6.1301454902e-02 0.0000000000e+00 0.0000000000e+00
7.7162027359e-02 0.0000000000e+00 0.0000000000e+00
7.6557584107e-02 0.0000000000e+00 0.0000000000e+00
6.4912356436e-02 0.0000000000e+00 0.0000000000e+00
5.1562637091e-02 0.0000000000e+00 0.0000000000e+00
1.2958678417e-02 6.7923573079e-04 6.7651322752e-05
5.5248099379e-03 6.6045840504e-04 2.1828842364e-05
5.5248099379e-03 6.6045840504e-04 2.1828842364e-05
8.9480150491e-03 1.7678019358e-03 2.9518013034e-10
1.2190164067e-02 1.4511328191e-03 1.3787760690e-04
1.2190164067e-02 1.4511328191e-03 1.3787760690e-04
4.8122541330e-07 7.2338565951e-04 1.4233771944e-03
1.1957840051e-08 4.7715348192e-03 8.6095748702e-04
7.7903079543e-09 4.9495520070e-03 2.5970396109e-06
7.6157427031e-08 2.3645695765e-03 8.2266860409e-04
4.1069590225e-05 1.8595958827e-03 1.8835345691e-04
9.4985497245e-10 9.3997898512e-04 7.8157847747e-04
3.5371507945e-09 7.3631346459e-04 1.0744015453e-03
4.4464663063e-09 9.0320850722e-04 7.9419108806e-04
6.8629191219e-09 6.0177448904e-04 7.3549401714e-04
1.1060602212e-08 5.3808529628e-04 1.0796596762e-03
3.6030407546e-09 5.6617101654e-04 8.8067649631e-04
2.8694786597e-03 5.6769768707e-04 4.9883691827e-04
1.7319341339e-07 5.6449789554e-04 6.4237468177e-04
2.4588089436e-03 2.6324661449e-03 9.4688555691e-05
1.0251682252e-02 1.2323721312e-03 2.2667122539e-04
3.9160216403e-08 4.5986464829e-04 4.5698867179e-03
4.0406444413e-08 4.1818583850e-04 4.2895297520e-03
3.6833551764e-09 2.8768621632e-05 4.2936918326e-03
1.5625410299e-07 3.3594027627e-05 4.4358526357e-03
3.2871682265e-07 2.5344171445e-04 3.8611346390e-03
8.5985199405e-08 1.8903164892e-04 3.9403815754e-03
2.1746740231e-07 5.7120663114e-03 2.7495394761e-07
7.9065520549e-04 3.3660847112e-04 2.5771614164e-03
5.6436032736e-08 1.5800578694e-04 2.7311553713e-03
1.3621432515e-07 3.3333350439e-04 4.1087511927e-03
3.2030069264e-08 9.7325234674e-04 6.4066448249e-03
2.2086519280e-08 7.5701490277e-04 5.8507286012e-03
3.4723461795e-07 8.2985096378e-04 6.0148984194e-03
1.7707716182e-08 1.4002533862e-03 1.6946549295e-05
1.7707716182e-08 1.4002533862e-03 1.6946549295e-05
2.5682931300e-03 6.6952867201e-04 1.5539688757e-03
7.0443270772e-08 9.6906675026e-04 6.5290979110e-03
4.2831716128e-03 8.2346139243e-04 1.7933283234e-03
8.1949605374e-04 8.9685223065e-04 4.1448032562e-08
5.7688909583e-03 9.2011335073e-04 1.7052201554e-02
3.9470572956e-03 2.2560476791e-03 7.0184320211e-03
6.2678051181e-03 3.0525906477e-03 1.1626164429e-02
1.4954834171e-07 3.2391967252e-03 7.5987181626e-03
1.4983804419e-08 3.1312005594e-03 9.8970355466e-03
1.0318834335e-02 1.9099473720e-03 2.4801718537e-03
1.0960781015e-02 2.1496671252e-03 4.8254276626e-03
3.3270001865e-08 4.5202658512e-03 1.6061186159e-08
3.6220089328e-07 1.9168332219e-03 5.2999299951e-03
8.0114737955e-08 1.0778045980e-03 3.8076576311e-03
3.3611385675e-07 6.7543368787e-03 3.5485168581e-08
2.9892891007e-07 1.2104746020e-05 2.4312088499e-04
3.5569809843e-03 1.3128445717e-03 2.3712001275e-03
1.5610757131e-08 3.8814029540e-04 7.2078872472e-03
1.3776675798e-02 2.6197852567e-03 3.3858409734e-04
5.1492671482e-03 1.1051773326e-03 2.8440442402e-03
6.4746756107e-03 1.7399544595e-03 3.4641220700e-03
6.0588866472e-03 1.2917081222e-05 2.4908916093e-03
4.4742967002e-03 1.1946434388e-03 3.8046634290e-03
4.2715771542e-07 1.6528159613e-03 7.1215699427e-03
4.7251102515e-03 2.6012960674e-08 4.4714272954e-03
4.7251102515e-03 2.6012960674e-08 4.4714272954e-03
3.4407528583e-03 1.3251164928e-03 4.2707179673e-03
2.9944495764e-03 6.9010917514e-07 4.2717764154e-03
5.9008323587e-03 1.1742254719e-03 4.6293181367e-03
4.4061360427e-07 3.4453001717e-05 8.2195987925e-03
5.8618989662e-09 3.5662288428e-04 8.1891668960e-03
5.8618989662e-09 6.1032810481e-04 8.6910733953e-03
2.6165940525e-08 4.4096428901e-03 2.3248532787e-02
1.0905622183e-08 3.6992083769e-03 1.8038161099e-02
2.1060763800e-08 5.9342128225e-03 2.0194908604e-02
9.3851104666e-09 6.3923657872e-03 1.8629254773e-02
5.3467374528e-08 3.2624194864e-03 1.4153491706e-02
1.3432026158e-08 4.3370681815e-03 1.5465211123e-02
2.5120085567e-08 4.8033040948e-03 1.3896659017e-02
2.7433442185e-09 3.2944809645e-03 1.3610742055e-02
5.4280842043e-09 3.5407058895e-03 1.4270995744e-02
5.3594937377e-09 3.4476045985e-03 2.0545128733e-02
3.4086593104e-08 7.8718150035e-03 1.2521229684e-02
1.4524546543e-07 6.5201097168e-03 1.4356511645e-02
1.4372206181e-07 6.9085615687e-03 1.0513972491e-02
2.0757441987e-08 3.7757514510e-03 2.3798590526e-02
3.1646809617e-08 7.6685845852e-03 1.6202375293e-02
1.3132471111e-07 7.1464558132e-03 1.1714109220e-02
2.7078227660e-08 7.8820297495e-03 1.7348462716e-02
7.8796898015e-04 4.0999174234e-04 2.5821903720e-02
3.7547844833e-09 1.2143851491e-03 8.2335574552e-03
5.3028028191e-08 2.0407652482e-03 8.0538755283e-03
8.6888034545e-09 2.1210468840e-03 6.6012572497e-03
1.4889581362e-03 7.2739570169e-04 1.0756745003e-02
2.3319293163e-08 1.4171730727e-03 9.6673993394e-03
2.4236233021e-09 6.3405546825e-04 1.7911858857e-02
2.5094809075e-07 3.3634190913e-03 1.1817255057e-02
2.4352596384e-08 1.2950977543e-03 9.2157600448e-03
3.6342666135e-04 8.1889405847e-03 2.1592224017e-02
7.9881092533e-03 2.6309175882e-03 1.7176536843e-02
4.0274735511e-05 5.8356593363e-03 1.9292617217e-02
8.8129588960e-08 3.3152839169e-03 1.6311088577e-02
2.9807927238e-09 6.8159387447e-03 1.8804237247e-02
3.6406678561e-08 3.6621361505e-03 1.8811166286e-02
2.8144058306e-03 3.2671468798e-03 1.8377365544e-02
1.5958832577e-02 1.0228281608e-03 1.4742125757e-02
1.2121598236e-02 2.3007828277e-03 1.5223577619e-02
5.3459610790e-02 2.2851268295e-03 3.0995800626e-03
2.8506273404e-02 2.6088396553e-03 3.1218498480e-03
1.2299803086e-02 2.7792465407e-03 3.0673025176e-03
3.1283620745e-02 1.8600587500e-03 3.0427249148e-03
3.9792422205e-02 1.2626438402e-03 3.0532625969e-03
3.8916382939e-02 4.6547078528e-03 3.0421505217e-03
1.4596377499e-02 3.9484766312e-03 3.0312268063e-03
1.4596377499e-02 3.9484766312e-03 3.0312268063e-03
1.4596377499e-02 3.9484766312e-03 3.0312268063e-03
2.2718735039e-02 3.9175315760e-03 3.0714620370e-03
3.8319762796e-02 4.0037082508e-03 2.9596854001e-03
4.3925970793e-02 2.7770234738e-03 3.0396897346e-03
4.3925970793e-02 2.7770234738e-03 3.0396897346e-03
4.2184542865e-02 2.8481849004e-03 3.0332596507e-03
2.0532611758e-02 4.2075347155e-03 3.0636375304e-03
1.5425019898e-02 5.5658961646e-03 3.0807636213e-03
1.5425019898e-02 5.5658961646e-03 3.0807636213e-03
4.4329211116e-02 3.1165734399e-03 4.5658452436e-03
4.4329211116e-02 3.1165734399e-03 4.5658452436e-03
5.1220919937e-02 3.5987272859e-03 4.1637388058e-03
4.7543797642e-02 3.4447479993e-03 4.2696790770e-03
3.9751276374e-02 3.7254376803e-03 5.0377682783e-03
4.5805778354e-02 9.4705699012e-03 3.8602186833e-03
6.7472673953e-02 3.3669127151e-03 3.6740407813e-03
1.0763234459e-02 2.7683218941e-03 3.7525992375e-03
4.5117955655e-02 3.6627564114e-03 2.9102731496e-03
3.0088247731e-02 3.6728354171e-03 2.9300416354e-03
3.2718561590e-02 2.9046647251e-03 6.2401890755e-03
5.3287758492e-03 3.9504901506e-03 4.2486498132e-03
4.2742162943e-02 2.7078948915e-03 3.5131804179e-03
1.9384678453e-02 6.0731880367e-03 4.4164792635e-03
6.9480292499e-02 3.4225676209e-03 3.6759153008e-03
2.0579125732e-02 3.6932518706e-03 2.9541256372e-03
2.5068925694e-02 2.5844119955e-03 1.2076833518e-03
6.1550308019e-02 6.5570012666e-03 1.1761387577e-03
1.1396539268e-09 1.1487414129e-02 1.4641046291e-03
1.1396539268e-09 1.1487414129e-02 1.4641046291e-03
1.2919449510e-08 1.1953190900e-02 1.4622706221e-03
1.3173556113e-07 1.0828591883e-02 1.4620859874e-03
2.7478979092e-09 1.2794774957e-02 1.4629516518e-03
5.2207740955e-03 5.9111318551e-03 3.1351327896e-02
6.0197780840e-03 5.9938486665e-03 3.1633652747e-02
6.3948817551e-03 6.2448889948e-03 3.2041061670e-02
6.1980444007e-03 7.5534745120e-03 3.0284674838e-02
5.7452484034e-03 5.7619325817e-03 3.0283102766e-02
5.4959016852e-03 6.3606421463e-03 3.1939093024e-02
9.7632585093e-03 1.2925725430e-02 3.2410141081e-02
9.2948693782e-03 1.0541558266e-02 3.1074604020e-02
9.0066734701e-03 8.7929749861e-03 3.2990053296e-02
9.8429434001e-03 1.1894178577e-02 3.2313223928e-02
1.5762833878e-02 4.8373620957e-02 1.2302845716e-02
4.6815676615e-03 8.3961401833e-04 2.5374563411e-02
4.0911352262e-03 7.4227043660e-04 8.6263744161e-03
5.2973553538e-03 8.2184537314e-04 3.7972003222e-02
4.1896654293e-03 1.3649890898e-03 1.6265293583e-02
3.6888129544e-03 1.2877880363e-03 2.7534626424e-03
6.7301033996e-03 1.9518369809e-03 1.0333035141e-02
8.3054238930e-03 1.9425872015e-03 1.1787396856e-02
4.0567093529e-03 1.3260451378e-03 3.4486621618e-02
8.6277816445e-03 1.6260814155e-03 2.3667993024e-02
8.1349201500e-03 2.1393578500e-03 2.6386380196e-02
5.7803527452e-03 1.6848327359e-03 2.1792856976e-02
3.8864302915e-03 2.3608447518e-03 2.5792829692e-02
5.3076189943e-03 2.3962990381e-03 2.4007432163e-02
5.2252016030e-03 2.5693911593e-03 2.5846570730e-02
5.0911041908e-03 1.6839051386e-03 1.9176201895e-02
3.0909357592e-03 9.0071168961e-04 2.4136235937e-02
3.4773899242e-03 2.1969391964e-03 7.1326061152e-04
3.1922750641e-03 2.5352968369e-03 1.1059349636e-03
4.5816251077e-03 3.1958948821e-03 3.7997525651e-03
3.3716058824e-03 1.7907615984e-03 2.2148048505e-02
3.3716058824e-03 1.7907615984e-03 2.2148048505e-02
2.4446146563e-03 3.7481824402e-03 6.6906972788e-03
2.7285020333e-03 4.1767479852e-03 1.2494213879e-02
2.7479054406e-03 4.8946398310e-03 8.9461887255e-03
2.0049114246e-03 3.5177993122e-03 3.2360103796e-04
2.0049114246e-03 3.5177993122e-03 3.2360103796e-04
2.6058971416e-03 5.5646025576e-03 1.9268366741e-03
2.0179087296e-03 5.9736254625e-03 3.7509470712e-03
2.2293853108e-03 3.0495759565e-03 1.6159686493e-04
1.3278066424e-09 3.0301103834e-03 2.7239366318e-05
6.0189582207e-09 3.1287583988e-03 5.6827138906e-07
2.4281407440e-10 2.9299936723e-03 7.6030817581e-05
2.4281426869e-10 2.7518498246e-03 4.9353656359e-03
2.3970977980e-10 3.6886453163e-03 1.7891208017e-06
2.3970977980e-10 3.5865437239e-03 1.4608692254e-05
2.1813528761e-10 2.7085896581e-03 1.6660999507e-02
2.6636504113e-10 1.7098836834e-03 2.4823229760e-03
2.8512892047e-10 1.6524670646e-03 3.9120865986e-03
3.3609464101e-09 1.5587835805e-03 7.6776923379e-04
2.7901833621e-10 1.4896063367e-03 1.1838654755e-03
2.6553040322e-10 1.6491720453e-03 5.1927953027e-03
3.9032968524e-10 1.5866159229e-03 4.3081841432e-03
1.8137001900e-09 1.1905417778e-03 4.4453809969e-03
2.1422896790e-09 1.8321356038e-03 1.9538144115e-03
1.1713516823e-09 1.7775930464e-03 2.5223279372e-03
8.3375039139e-07 2.2567594424e-03 3.9026613813e-03
3.3450839321e-10 1.7540353583e-03 5.6410287507e-03
4.4328843374e-10 2.2388680372e-03 2.5907990057e-03
4.4802159205e-10 2.4107939098e-03 4.9862759188e-03
4.4802159205e-10 2.4107939098e-03 4.9862759188e-03
2.9128086054e-10 2.6857217308e-03 1.8246080726e-03
3.7713427936e-09 2.6921853423e-03 1.8758107908e-03
2.7723698892e-08 2.9256201815e-03 1.7787935212e-04
1.5839292378e-10 3.0501345173e-03 9.8884040490e-03
1.7195633806e-10 2.7203939389e-03 1.7822435126e-02
1.2321441090e-10 2.9233174864e-03 1.6470383853e-02
1.2321441090e-10 2.9233174864e-03 1.6470383853e-02
1.8283025094e-10 2.7557990979e-03 1.9710345194e-02
1.9514678762e-10 3.1596494373e-03 7.0668440312e-03
1.9354705338e-10 2.9786126688e-03 4.4766394421e-03
2.0570385673e-10 3.1309199985e-03 5.3869686089e-03
1.7612478143e-10 2.2797985002e-03 1.6732906923e-02
8.6795431953e-10 3.1330755446e-03 1.8512681127e-02
1.5852524626e-08 3.6238895264e-03 1.0112548247e-02
1.5852524626e-08 3.6238895264e-03 1.0112548247e-02
1.6319230689e-10 3.2870068680e-03 1.9077802077e-02
3.1353735608e-08 4.4883727096e-03 1.4272830449e-02
5.9904557759e-08 4.7102705576e-03 1.3692946173e-02
5.7373920725e-08 4.8401202075e-03 2.7014831081e-02
3.9213365000e-08 5.0979843363e-03 1.6096221283e-02
1.7853091450e-08 4.9862898886e-03 3.7708086893e-03
1.1058930438e-09 4.4912612066e-03 3.6343289539e-03
1.1058610694e-09 4.6022576280e-03 4.4342381880e-03
7.7716705293e-10 5.3767305799e-03 2.9964232817e-03
3.5850200586e-09 1.1185963638e-02 2.2316064552e-09
5.0562759535e-10 5.9961117804e-03 8.7417939554e-10
1.2914658232e-10 1.0487318039e-02 8.1372207583e-11
1.7609980141e-09 1.0253214277e-02 1.0826246150e-10
1.4127347903e-10 1.0467247106e-02 9.4795470085e-11
4.5994801717e-11 7.6640248299e-03 1.2508969121e-05
6.3443729437e-11 4.6474211849e-03 6.6054779702e-11
1.2148639872e-09 6.2828608789e-03 1.9606502519e-06
7.0609816605e-11 8.2475263625e-03 7.6135708849e-11
1.0113074961e-10 1.9859247841e-03 8.4390792965e-11
1.8699808368e-10 1.3048771769e-02 6.8236291617e-11
1.3239243035e-10 1.2481187470e-02 6.2102080423e-11
2.0344820273e-10 1.1118170805e-02 6.2318476768e-11
9.9843799894e-11 1.2465347536e-02 3.3878753311e-04
8.1537387953e-11 1.1941148899e-02 7.3957926361e-06
7.4189258903e-11 1.1251174845e-02 4.7317659482e-04
4.2629220154e-09 9.4615742564e-03 4.2563962771e-11
3.1481908747e-10 9.4236657023e-03 4.6203010168e-11
7.8635237211e-10 2.4520738050e-02 1.6309485706e-10
4.0466030526e-10 2.5177070871e-02 3.7993178048e-11
4.0466030526e-10 2.5177070871e-02 3.7993178048e-11
2.6015753440e-10 2.4489767849e-02 4.2895949446e-04
9.0731805402e-10 2.5565436110e-02 5.1022630565e-10
1.1785201792e-07 1.2106263079e-02 4.7303990586e-11
1.0043144094e-10 1.6319310293e-02 1.1646345229e-05
8.9365174982e-11 1.6362234950e-02 4.6058198921e-11
9.2779028904e-09 1.2053695507e-02 1.7893809127e-03
2.8963977883e-09 7.5333565474e-03 6.3248234801e-03
2.0410685642e-10 1.5509727411e-02 1.2124600213e-09
4.6139012749e-11 7.5928079896e-03 3.1156789046e-03
2.8432015076e-10 2.0880805328e-02 3.6823637889e-11
9.7357713003e-09 1.0163941421e-02 3.2014033785e-11
3.2050218035e-10 1.4007225633e-02 4.7877271592e-11
1.0240681220e-10 8.1368414685e-03 8.2041297367e-11
4.1533668171e-10 1.8847310916e-02 4.5516878461e-11
2.9446806105e-10 2.2340370342e-02 4.4293776980e-11
1.6990076013e-10 1.2928012758e-02 6.9187315599e-11
3.9880695968e-10 1.2343996204e-02 5.9850951972e-10
2.5576358809e-09 1.7715157941e-02 6.9830981275e-11
1.9961032827e-10 5.7888864540e-03 9.0579412027e-11
1.9810920959e-10 2.0200995728e-02 8.3282346297e-11
1.3674013311e-10 1.5533237718e-02 5.6813956317e-11
6.1897897918e-10 1.2669246644e-02 5.1083134250e-11
5.1648446631e-10 1.3335986994e-02 1.0276954981e-10
3.4271991911e-09 2.5053685531e-02 5.4200827854e-11
4.9334847319e-09 2.2320561111e-02 5.3366273206e-11
2.3086788037e-09 2.2169033065e-02 4.6346062405e-11
6.4091153718e-08 3.8232046645e-03 4.7588943203e-11
7.3903944076e-10 2.2287374362e-02 7.2546843533e-11
1.4184727004e-10 1.9250582904e-02 3.0079994051e-11
5.3848525639e-10 2.1156566218e-02 3.5412586058e-11
3.0518421568e-08 3.9002289996e-03 2.0298883407e-10
1.3890625317e-09 1.9768524915e-02 1.9817851526e-10
4.7044462770e-10 2.4421215057e-02 1.2063459953e-10
3.8377998002e-10 2.3308334872e-02 8.8935615816e-11
7.3251626986e-10 7.8809587285e-03 1.2633523394e-10
1.3541061605e-09 4.5400697738e-02 2.1273233175e-10
1.9088687964e-08 3.9975460619e-02 2.9584762418e-10
1.9656086536e-08 3.9562176913e-02 1.7278940778e-10
2.5321630903e-10 3.7645742297e-02 2.9413410596e-10
1.7163008792e-08 4.0824286640e-02 2.2193873475e-11
4.2059367100e-10 4.0544424206e-02 2.0357542496e-07
7.5727735194e-10 3.6709129810e-02 2.2327565144e-11
1.9604051715e-09 2.5179913267e-02 2.4318679015e-11
1.9415908881e-09 2.8860962018e-02 2.5693225325e-11
1.2870040145e-08 3.1987082213e-02 2.6527063532e-11
9.0258706065e-10 3.3477611840e-02 4.2714696363e-11
2.1037335429e-08 2.5300411507e-02 1.6479769329e-05
3.5396446037e-05 2.6897199452e-02 8.1691714004e-03
9.4267627038e-10 8.8826138526e-03 2.6557939127e-03
1.1904583985e-09 2.3071661592e-02 6.6564553417e-03
1.3507442942e-09 1.1524283327e-02 1.5297940932e-02
9.9367980511e-10 2.1657629404e-03 1.0592202656e-02
1.2563473595e-09 1.2700187974e-02 1.7641413957e-02
1.6665978597e-09 1.2190275826e-02 3.6485090852e-02
1.7876291558e-09 6.7621772178e-03 1.3723849319e-02
5.5428959058e-06 8.6865434423e-03 5.9404675849e-03
2.1385859750e-09 2.2446988150e-02 8.8659105822e-03
6.1563726339e-11 3.9747101255e-03 6.2274704687e-03
1.6438639432e-04 6.4364220016e-03 8.5770507576e-04
9.8443084795e-09 1.1959035540e-08 1.9715994131e-03
4.0673068725e-04 1.2465174670e-08 9.2135829618e-05
4.7346642162e-09 3.2574353099e-06 1.7121651908e-03
4.7346642162e-09 3.2574353099e-06 1.7121651908e-03
3.5484124083e-08 7.2796823224e-04 1.5923427418e-03
2.5107114925e-04 7.2549169090e-06 1.3328538043e-03
6.8736039083e-09 1.1920757592e-02 1.0878188768e-03
6.8736039083e-09 1.1920757592e-02 1.0878188768e-03
7.2472490137e-04 1.6597815556e-04 9.5720402896e-04
3.1894343556e-04 2.8279799835e-08 7.4866396608e-04
3.7446783972e-04 5.5606854148e-03 1.7451298481e-04
2.1877454128e-04 2.8567123809e-04 1.0938298656e-03
2.1877454128e-04 2.8567123809e-04 1.0938298656e-03
2.1877454128e-04 2.8567123809e-04 1.0938298656e-03
1.2646931282e-04 1.8948438810e-03 1.1936284136e-04
1.2646931282e-04 1.8948438810e-03 1.1936284136e-04
4.4665392488e-04 5.5376826786e-03 8.0349057680e-04
1.3590116287e-03 4.7999755479e-03 4.2577977292e-03
8.1484642578e-04 2.1341184620e-03 1.1366453255e-03
2.6732234983e-04 1.2283186428e-02 8.2835060311e-04
4.8508611508e-04 5.3872340359e-03 5.5121321930e-04
2.3728107044e-04 1.1752058752e-02 8.0686778529e-04
1.1300269980e-03 8.0170957372e-03 5.5317045189e-04
6.2932854053e-04 8.1566879526e-03 2.6457334752e-04
7.6117529534e-04 8.7485099211e-03 7.8344420763e-04
9.5270527527e-04 8.7776379660e-03 6.4735050546e-04
8.3974184236e-04 1.0334081016e-02 4.7099709627e-04
8.3138421178e-04 9.9674044177e-03 3.2246604678e-04
3.7670903839e-04 8.9018680155e-03 2.3043761030e-04
9.3618669780e-04 6.3235796988e-03 1.2673797028e-04
2.2592772439e-04 4.6546296217e-03 4.4220409472e-04
8.1461039372e-04 1.0005054064e-02 6.3110445626e-04
3.5522980033e-04 8.7769869715e-03 1.1078886455e-03
9.6028140979e-04 4.0640141815e-03 2.3477716604e-04
8.0855964916e-04 1.0551200248e-02 1.1821978260e-03
8.0855964916e-04 1.0551200248e-02 1.1821978260e-03
6.3657941064e-04 1.0244067758e-02 1.4691371471e-03
2.8147938428e-04 9.5859197900e-03 5.9694779338e-04
2.3682649771e-04 1.0575027205e-02 2.3970728216e-04
6.6831934964e-04 2.1311438177e-03 7.4144004611e-04
2.7847287129e-04 7.1090613492e-03 5.8964663185e-04
7.6658278704e-04 9.2943701893e-03 2.4137448054e-04
3.2395124435e-04 8.9496690780e-03 1.0559568182e-03
3.9559989818e-04 8.8205439970e-03 4.5028844033e-04
5.1806983538e-04 8.9473165572e-03 3.8748618681e-04
5.0599948736e-04 8.9244656265e-03 8.5745722754e-04
5.9591623722e-04 8.7767606601e-03 8.5316569312e-04
3.9259318146e-04 8.5027497262e-03 5.2844063612e-04
1.3712856162e-04 9.0379621834e-03 3.8146975567e-04
1.3444864890e-03 9.2418733984e-03 1.5583088680e-04
2.8875091812e-04 6.5016117878e-03 1.0371685494e-03
1.2554518180e-03 7.3356777430e-03 1.6517144395e-03
9.4811379677e-04 5.8062686585e-03 3.7139176857e-04
2.8830373194e-03 7.2582256980e-03 1.8818898825e-03
2.1851765923e-03 5.3470660932e-03 7.3750544107e-04
2.7038718108e-03 5.3928177804e-03 5.3677172400e-04
8.5781281814e-04 6.1140726320e-03 8.6665968411e-04
1.4622621238e-03 4.6875993721e-03 8.1398949260e-04
2.0469173323e-03 6.2781050801e-03 1.1229221709e-03
3.0724632088e-03 1.1795538478e-02 5.1282555796e-03
1.9790078513e-03 8.2309404388e-03 1.9213305786e-03
3.2534233760e-03 1.9975669682e-02 2.3541541304e-03
2.4344015401e-03 2.0312160254e-02 6.7650792189e-03
3.1519208569e-03 2.3229839280e-02 3.5744847264e-03
1.7874416662e-03 5.5127763189e-03 8.6600537179e-04
1.5645064414e-03 4.2135506868e-02 4.1464223166e-09
1.9819263835e-03 3.1779129058e-02 1.8416326493e-03
3.0337963253e-03 1.7651982605e-02 3.5393713042e-03
2.6924309786e-03 1.7615072429e-02 4.7248811461e-03
5.4175395053e-04 1.7926355824e-02 3.7421190063e-04
2.2905161604e-03 9.7458139062e-03 8.3710905164e-04
3.0604468193e-03 1.3899712823e-02 2.3023977410e-03
6.3329742989e-04 1.3047524728e-02 6.8229640601e-04
7.8432355076e-04 1.4692701399e-02 4.7158603556e-03
5.8788206661e-04 1.1815290898e-02 1.5305647685e-04
3.2732370892e-04 1.2539226562e-02 7.1965093957e-04
3.9160519373e-04 1.5011499636e-02 1.6951905563e-03
3.6520828144e-04 1.7024634406e-02 6.6322059138e-04
7.6411737382e-08 1.5193798579e-02 1.1318637989e-03
9.5403776504e-04 3.6945275962e-02 1.4893255429e-03
1.8960435000e-07 1.5812098980e-02 1.1903279228e-03
1.5688757412e-03 1.4647898264e-02 1.3911455171e-03
7.5189539928e-08 2.1557964385e-02 2.4481422734e-03
2.2100012284e-03 2.1571403369e-02 1.4937724918e-03
4.6191459546e-08 1.5239072032e-02 1.7537386157e-03
4.8616097814e-08 1.2643647380e-02 7.3021557182e-04
4.6739043319e-04 1.2846789323e-02 9.3194852525e-05
6.8835448474e-04 1.4113251120e-02 1.6457377933e-03
1.1599858141e-07 9.4961756840e-03 7.4287736788e-04
4.7243447625e-04 8.9518651366e-03 4.7076795454e-05
4.0341433487e-04 1.2162093073e-02 3.5761776962e-04
1.5290532610e-04 1.2935042381e-02 7.9070869833e-04
6.4299505902e-04 1.1982860975e-02 8.8018365204e-05
5.4407757943e-07 1.0088202544e-02 1.7782157520e-03
2.4608170497e-04 1.0722834617e-02 1.9099522615e-03
3.4369505011e-04 1.0688267648e-02 1.8610904226e-03
1.9580050139e-04 8.5160480812e-03 2.0042092074e-03
2.0043218683e-04 7.5015663169e-03 1.9408705411e-03
2.5909647229e-04 7.7780107968e-03 2.4159441236e-03
3.4306981252e-04 8.0351540819e-03 2.4338671938e-03
3.3432070632e-04 7.0888823830e-03 2.5994235184e-03
2.9151208582e-04 6.4188134857e-03 2.2789256182e-03
1.8005208403e-04 7.0343799889e-03 1.4467630535e-03
1.4869244478e-04 6.1775576323e-03 1.7839184729e-03
1.2707027781e-04 6.0688010417e-03 1.7861094093e-03
2.4913734524e-04 8.0192657188e-03 1.7088325694e-03
1.9120793149e-04 6.3616842963e-03 2.1162633784e-03
2.2598827491e-04 6.1791189946e-03 1.6671755584e-03
1.9508472178e-04 6.6517670639e-03 1.6437045997e-03
3.3581466414e-04 6.5794573165e-03 1.4948925236e-03
4.8991100630e-04 5.7627246715e-03 2.5593463797e-03
2.5686839945e-04 5.2566118538e-03 2.0081165712e-03
3.4358163248e-04 5.2997670136e-03 2.0668383222e-03
2.8427795041e-04 5.1515805535e-03 2.0974439103e-03
2.6118781534e-04 4.2791473679e-03 4.7047462431e-04
2.3803922522e-04 5.8074709959e-03 4.9752276391e-04
7.1873114211e-04 7.8205736354e-03 3.2604232547e-04
4.4256911497e-04 4.4506113045e-03 6.4199455664e-05
8.9684867999e-04 6.8192663603e-03 1.4669391327e-02
1.0031284764e-03 7.6799686067e-03 1.6316862777e-02
8.0771109788e-04 6.5864692442e-03 1.3267922215e-02
9.2448526993e-04 6.8064085208e-03 1.4636690728e-02
3.7205099943e-04 9.0152630582e-03 2.4913839996e-02
3.1435419805e-04 8.1435730681e-03 2.1342074499e-02
3.5583530553e-04 6.6004046239e-03 1.1744849384e-02
3.3912717481e-04 6.3175247051e-03 1.3359454460e-02
2.3995198717e-04 5.9047639370e-03 1.0878951289e-02
2.7957977727e-04 6.1931721866e-03 1.0432082228e-02
2.6242315653e-04 6.0552372597e-03 1.0589997284e-02
2.3327824601e-04 6.6793258302e-03 1.0139369406e-02
2.4578630109e-04 6.4563094638e-03 1.0222672485e-02
2.4746256531e-04 6.1349663883e-03 1.1209473014e-02
4.4604027062e-04 6.5524540842e-03 1.3230501674e-02
2.6228900533e-03 8.6034359410e-03 1.7061822116e-02
2.5428989902e-03 8.1119947135e-03 1.7003526911e-02
8.3720833063e-03 0.0000000000e+00 0.0000000000e+00
7.2286706418e-03 0.0000000000e+00 0.0000000000e+00
8.2077905536e-03 0.0000000000e+00 0.0000000000e+00
8.8463583961e-03 0.0000000000e+00 0.0000000000e+00
8.7932758033e-03 0.0000000000e+00 0.0000000000e+00
8.1079313532e-03 0.0000000000e+00 0.0000000000e+00
8.0949133262e-03 0.0000000000e+00 0.0000000000e+00
8.0949133262e-03 0.0000000000e+00 0.0000000000e+00
8.9333392680e-03 0.0000000000e+00 0.0000000000e+00
8.3110323176e-03 0.0000000000e+00 0.0000000000e+00
7.8862104565e-03 0.0000000000e+00 0.0000000000e+00
7.8555168584e-03 0.0000000000e+00 0.0000000000e+00
9.3884086236e-03 0.0000000000e+00 0.0000000000e+00
9.4029195607e-03 0.0000000000e+00 0.0000000000e+00
9.4029195607e-03 0.0000000000e+00 0.0000000000e+00
9.2618661001e-03 0.0000000000e+00 0.0000000000e+00
1.6806004569e-02 0.0000000000e+00 0.0000000000e+00
1.7770329490e-02 0.0000000000e+00 0.0000000000e+00
1.4813707210e-02 0.0000000000e+00 0.0000000000e+00
1.4183216728e-02 0.0000000000e+00 0.0000000000e+00
1.4183216728e-02 0.0000000000e+00 0.0000000000e+00
1.4813967980e-02 0.0000000000e+00 0.0000000000e+00
1.4934088103e-02 0.0000000000e+00 0.0000000000e+00
1.4705612324e-02 0.0000000000e+00 0.0000000000e+00
1.4705612324e-02 0.0000000000e+00 0.0000000000e+00
1.4834146947e-02 0.0000000000e+00 0.0000000000e+00
9.3201473355e-03 0.0000000000e+00 0.0000000000e+00
1.0289799422e-02 0.0000000000e+00 0.0000000000e+00
2.3195600137e-02 0.0000000000e+00 0.0000000000e+00
2.3195600137e-02 0.0000000000e+00 0.0000000000e+00
1.8093807623e-02 0.0000000000e+00 0.0000000000e+00
2.1268460841e-04 0.0000000000e+00 0.0000000000e+00
9.1054700315e-03 0.0000000000e+00 0.0000000000e+00
1.0530136526e-02 0.0000000000e+00 0.0000000000e+00
5.0285118632e-03 0.0000000000e+00 0.0000000000e+00
5.9426897205e-03 0.0000000000e+00 0.0000000000e+00
4.5214604586e-02 0.0000000000e+00 0.0000000000e+00
2.7831799816e-03 0.0000000000e+00 0.0000000000e+00
2.7164148167e-02 0.0000000000e+00 0.0000000000e+00
2.7164148167e-02 0.0000000000e+00 0.0000000000e+00
3.2786916941e-02 0.0000000000e+00 0.0000000000e+00
5.1762625575e-02 0.0000000000e+00 0.0000000000e+00
5.2720058709e-02 0.0000000000e+00 0.0000000000e+00
3.0612245202e-02 0.0000000000e+00 0.0000000000e+00
6.0823757201e-02 0.0000000000e+00 0.0000000000e+00
7.7272832394e-02 0.0000000000e+00 0.0000000000e+00
1.1953808367e-02 0.0000000000e+00 0.0000000000e+00
4.5603686012e-03 0.0000000000e+00 0.0000000000e+00
1.1589236557e-02 0.0000000000e+00 0.0000000000e+00
4.1304887272e-03 0.0000000000e+00 0.0000000000e+00
1.2071948498e-02 0.0000000000e+00 0.0000000000e+00
1.8297389150e-02 0.0000000000e+00 0.0000000000e+00
1.1920033954e-02 0.0000000000e+00 0.0000000000e+00
1.1065028608e-02 0.0000000000e+00 0.0000000000e+00
4.5721172355e-03 0.0000000000e+00 0.0000000000e+00
6.6531952471e-03 0.0000000000e+00 0.0000000000e+00
1.0232187808e-02 0.0000000000e+00 0.0000000000e+00
4.4255122542e-02 0.0000000000e+00 0.0000000000e+00
3.2107222360e-03 0.0000000000e+00 0.0000000000e+00
1.7846317962e-02 0.0000000000e+00 0.0000000000e+00
1.0552910157e-02 0.0000000000e+00 0.0000000000e+00
1.0575861670e-02 0.0000000000e+00 0.0000000000e+00
1.1832618155e-02 0.0000000000e+00 0.0000000000e+00
1.1500853114e-02 0.0000000000e+00 0.0000000000e+00
9.7493017092e-03 0.0000000000e+00 0.0000000000e+00
1.4942218550e-02 0.0000000000e+00 0.0000000000e+00
1.1489924975e-02 0.0000000000e+00 0.0000000000e+00
9.1771790758e-03 0.0000000000e+00 0.0000000000e+00
1.0678119957e-02 0.0000000000e+00 0.0000000000e+00
1.1172804981e-02 0.0000000000e+00 0.0000000000e+00
1.1070116423e-02 0.0000000000e+00 0.0000000000e+00
1.1350564659e-02 0.0000000000e+00 0.0000000000e+00
1.5182685107e-02 0.0000000000e+00 0.0000000000e+00
1.5183248557e-02 0.0000000000e+00 0.0000000000e+00
1.5183248557e-02 0.0000000000e+00 0.0000000000e+00
2.4068117142e-02 0.0000000000e+00 0.0000000000e+00
2.1346196532e-02 0.0000000000e+00 0.0000000000e+00
1.5498846769e-02 0.0000000000e+00 0.0000000000e+00
1.0874525644e-02 0.0000000000e+00 0.0000000000e+00
1.9167555496e-02 0.0000000000e+00 0.0000000000e+00
1.8013371155e-02 0.0000000000e+00 0.0000000000e+00
1.8899565563e-02 0.0000000000e+00 0.0000000000e+00
1.3667196035e-02 0.0000000000e+00 0.0000000000e+00
1.8714444712e-02 0.0000000000e+00 0.0000000000e+00
2.1130466834e-02 0.0000000000e+00 0.0000000000e+00
1.4162958600e-02 0.0000000000e+00 0.0000000000e+00
1.8145548180e-02 0.0000000000e+00 0.0000000000e+00
1.7390925437e-02 0.0000000000e+00 0.0000000000e+00
1.8208727241e-02 0.0000000000e+00 0.0000000000e+00
1.8742077053e-02 0.0000000000e+00 0.0000000000e+00
1.5530868433e-02 0.0000000000e+00 0.0000000000e+00
1.7490284517e-02 0.0000000000e+00 0.0000000000e+00
1.5794681385e-02 0.0000000000e+00 0.0000000000e+00
1.5794681385e-02 0.0000000000e+00 0.0000000000e+00
1.7151253298e-02 0.0000000000e+00 0.0000000000e+00
1.7151253298e-02 0.0000000000e+00 0.0000000000e+00
1.8320085481e-02 0.0000000000e+00 0.0000000000e+00
1.6210775822e-02 0.0000000000e+00 0.0000000000e+00
1.8015136942e-02 0.0000000000e+00 0.0000000000e+00
2.3390280083e-02 0.0000000000e+00 0.0000000000e+00
4.3186480179e-03 0.0000000000e+00 0.0000000000e+00
2.9208529741e-03 0.0000000000e+00 0.0000000000e+00
2.9209360946e-03 0.0000000000e+00 0.0000000000e+00
2.9209360946e-03 0.0000000000e+00 0.0000000000e+00
1.5192191117e-02 0.0000000000e+00 0.0000000000e+00
1.1731885374e-02 0.0000000000e+00 0.0000000000e+00
4.8906725024e-12 0.0000000000e+00 0.0000000000e+00
5.3165540546e-12 0.0000000000e+00 0.0000000000e+00
7.2932640829e-12 0.0000000000e+00 0.0000000000e+00
4.0778205730e-03 0.0000000000e+00 0.0000000000e+00
2.6652485132e-02 0.0000000000e+00 0.0000000000e+00
2.5883441791e-02 0.0000000000e+00 0.0000000000e+00
2.6781817898e-02 0.0000000000e+00 0.0000000000e+00
2.4343514815e-02 0.0000000000e+00 0.0000000000e+00
3.1198916957e-02 0.0000000000e+00 0.0000000000e+00
3.2013501972e-02 0.0000000000e+00 0.0000000000e+00
2.3612380028e-02 0.0000000000e+00 0.0000000000e+00
2.4205798283e-02 0.0000000000e+00 0.0000000000e+00
2.4398066103e-02 0.0000000000e+00 0.0000000000e+00
2.2110067308e-02 0.0000000000e+00 0.0000000000e+00
3.3971641213e-02 0.0000000000e+00 0.0000000000e+00
2.9646461830e-02 0.0000000000e+00 0.0000000000e+00
2.9514724389e-02 0.0000000000e+00 0.0000000000e+00
3.3339750022e-02 0.0000000000e+00 0.0000000000e+00
2.9514724389e-02 0.0000000000e+00 0.0000000000e+00
3.1366150826e-02 0.0000000000e+00 0.0000000000e+00
3.3237744123e-02 0.0000000000e+00 0.0000000000e+00
3.2486025244e-02 0.0000000000e+00 0.0000000000e+00
3.7376601249e-02 0.0000000000e+00 0.0000000000e+00
2.9149850830e-02 0.0000000000e+00 0.0000000000e+00
2.9843317345e-02 0.0000000000e+00 0.0000000000e+00
2.3171098903e-02 0.0000000000e+00 0.0000000000e+00
2.2649018094e-02 0.0000000000e+00 0.0000000000e+00
2.2011997178e-02 0.0000000000e+00 0.0000000000e+00
2.0029196516e-02 0.0000000000e+00 0.0000000000e+00
4.1006606072e-02 0.0000000000e+00 0.0000000000e+00
1.9661610946e-02 0.0000000000e+00 0.0000000000e+00
2.1140202880e-02 0.0000000000e+00 0.0000000000e+00
2.0426632836e-02 0.0000000000e+00 0.0000000000e+00
2.2988408804e-02 0.0000000000e+00 0.0000000000e+00
2.2375412285e-02 0.0000000000e+00 0.0000000000e+00
2.2161269560e-02 0.0000000000e+00 0.0000000000e+00
2.1496901289e-02 0.0000000000e+00 0.0000000000e+00
2.1963285282e-02 0.0000000000e+00 0.0000000000e+00
2.4456558749e-02 0.0000000000e+00 0.0000000000e+00
3.0741235241e-02 0.0000000000e+00 0.0000000000e+00
2.6189791039e-02 0.0000000000e+00 0.0000000000e+00
2.8115911409e-02 0.0000000000e+00 0.0000000000e+00
3.0528938398e-02 0.0000000000e+00 0.0000000000e+00
3.0292997137e-02 0.0000000000e+00 0.0000000000e+00
2.9799452052e-02 0.0000000000e+00 0.0000000000e+00
2.2130208090e-02 0.0000000000e+00 0.0000000000e+00
2.1013719961e-02 0.0000000000e+00 0.0000000000e+00
2.2703131661e-02 0.0000000000e+00 0.0000000000e+00
2.3287350312e-02 0.0000000000e+00 0.0000000000e+00
2.0452683792e-02 0.0000000000e+00 0.0000000000e+00
2.3495731875e-02 0.0000000000e+00 0.0000000000e+00
3.5706448909e-09 0.0000000000e+00 0.0000000000e+00
9.0052116875e-09 0.0000000000e+00 0.0000000000e+00
3.1803315537e-09 0.0000000000e+00 0.0000000000e+00
1.9834201836e-08 0.0000000000e+00 0.0000000000e+00
8.3707625720e-08 0.0000000000e+00 0.0000000000e+00
4.7344688170e-08 0.0000000000e+00 0.0000000000e+00
3.6955507543e-09 0.0000000000e+00 0.0000000000e+00
2.1233135250e-09 0.0000000000e+00 0.0000000000e+00
2.2986292869e-09 0.0000000000e+00 0.0000000000e+00
2.2599371263e-09 0.0000000000e+00 0.0000000000e+00
6.6423993417e-08 0.0000000000e+00 0.0000000000e+00
1.9636154924e-09 0.0000000000e+00 0.0000000000e+00
1.5041868195e-08 0.0000000000e+00 0.0000000000e+00
9.2688265951e-09 0.0000000000e+00 0.0000000000e+00
2.9371554078e-09 0.0000000000e+00 0.0000000000e+00
2.6606465919e-09 0.0000000000e+00 0.0000000000e+00
6.6623679906e-09 0.0000000000e+00 0.0000000000e+00
3.4836722396e-09 0.0000000000e+00 0.0000000000e+00
5.9547704545e-09 0.0000000000e+00 0.0000000000e+00
4.0933718637e-09 0.0000000000e+00 0.0000000000e+00
1.9891409409e-08 0.0000000000e+00 0.0000000000e+00
5.6108278024e-09 9.9601475522e-03 3.2340000899e-08
6.9510755129e-03 9.3898810446e-03 8.7211653590e-03
5.0605174154e-02 1.9518401241e-03 3.7547948305e-03
1.1649805121e-02 6.3817831688e-03 2.3662208114e-03
3.7172983866e-03 5.1979268901e-03 7.9983725199e-10
3.7723563146e-03 5.7337787002e-03 7.9983708545e-10
2.9325291514e-02 2.3906214628e-03 1.6665643780e-03
3.1129911542e-02 2.4773271289e-03 1.4396086044e-04
2.7432903647e-02 2.4934390094e-03 1.2899874710e-03
2.7855575085e-02 2.2214159835e-03 3.2569833566e-03
2.5857441127e-02 2.5331713259e-03 3.2767017838e-03
2.9028254747e-01 0.0000000000e+00 0.0000000000e+00
2.8722047806e-01 0.0000000000e+00 0.0000000000e+00
2.8731527925e-01 0.0000000000e+00 0.0000000000e+00
2.8672605753e-01 0.0000000000e+00 0.0000000000e+00
2.8427651525e-01 0.0000000000e+00 0.0000000000e+00
2.8444600105e-01 0.0000000000e+00 0.0000000000e+00
2.8984895349e-01 0.0000000000e+00 0.0000000000e+00
2.8799638152e-01 0.0000000000e+00 0.0000000000e+00
2.8661289811e-01 0.0000000000e+00 0.0000000000e+00
2.8810474277e-01 0.0000000000e+00 0.0000000000e+00
2.8994014859e-01 0.0000000000e+00 0.0000000000e+00
2.8650107980e-01 0.0000000000e+00 0.0000000000e+00
2.8651741147e-01 0.0000000000e+00 0.0000000000e+00
2.8668770194e-01 0.0000000000e+00 0.0000000000e+00
2.8956076503e-01 0.0000000000e+00 0.0000000000e+00
2.8643029928e-01 0.0000000000e+00 0.0000000000e+00
2.8691890836e-01 0.0000000000e+00 0.0000000000e+00
2.8731307387e-01 0.0000000000e+00 0.0000000000e+00
2.8634735942e-01 0.0000000000e+00 0.0000000000e+00
2.7178838849e-01 0.0000000000e+00 0.0000000000e+00
2.7437761426e-01 0.0000000000e+00 0.0000000000e+00
2.7204325795e-01 0.0000000000e+00 0.0000000000e+00
2.7188915014e-01 0.0000000000e+00 0.0000000000e+00
2.7220913768e-01 0.0000000000e+00 0.0000000000e+00
2.7113768458e-01 0.0000000000e+00 0.0000000000e+00
2.7023482323e-01 0.0000000000e+00 0.0000000000e+00
2.7108299732e-01 0.0000000000e+00 0.0000000000e+00
2.7475640178e-01 0.0000000000e+00 0.0000000000e+00
2.7176228166e-01 0.0000000000e+00 0.0000000000e+00
2.7109327912e-01 0.0000000000e+00 0.0000000000e+00
2.7221900225e-01 0.0000000000e+00 0.0000000000e+00
2.8479936719e-01 0.0000000000e+00 0.0000000000e+00
2.8159698844e-01 0.0000000000e+00 0.0000000000e+00
2.8259512782e-01 0.0000000000e+00 0.0000000000e+00
2.8081193566e-01 0.0000000000e+00 0.0000000000e+00
2.7968516946e-01 0.0000000000e+00 0.0000000000e+00
2.7863416076e-01 0.0000000000e+00 0.0000000000e+00
2.8128299117e-01 0.0000000000e+00 0.0000000000e+00
2.7689981461e-01 0.0000000000e+00 0.0000000000e+00
2.8104552627e-01 0.0000000000e+00 0.0000000000e+00
2.7550619841e-01 0.0000000000e+00 0.0000000000e+00
2.8441652656e-01 0.0000000000e+00 0.0000000000e+00
2.9348930717e-01 0.0000000000e+00 0.0000000000e+00
1.1576388031e-01 0.0000000000e+00 0.0000000000e+00
1.1586787552e-01 0.0000000000e+00 0.0000000000e+00
1.1581411958e-01 0.0000000000e+00 0.0000000000e+00
1.1575006694e-01 0.0000000000e+00 0.0000000000e+00
1.1643666774e-01 0.0000000000e+00 0.0000000000e+00
1.9593378529e-03 2.2546183027e-04 1.6857707873e-02
2.0302124321e-03 1.8226880638e-04 1.3170768507e-02
1.9013743149e-03 4.7281198931e-05 1.1486479081e-02
2.1568525117e-03 3.8030226278e-05 1.3572915457e-02
2.1817169618e-03 3.1258424860e-04 2.4855107069e-02
2.3590933997e-03 1.2167161185e-04 2.3224739358e-02
2.4627472740e-03 3.4057698213e-04 1.7411239445e-02
2.5161290541e-03 3.3255910967e-04 2.5087194517e-02
2.4694621097e-03 7.3908101767e-03 2.3683903739e-02
2.4528694339e-03 7.5206332840e-03 2.3673957214e-02
2.4078004062e-03 2.7439799160e-03 2.3656880483e-02
2.3351407144e-03 3.5555397626e-03 2.1608082578e-02
2.0312715787e-03 3.4165596589e-03 2.5128990412e-02
1.9601401873e-03 5.0164377317e-03 2.1776020527e-02
1.9479932962e-03 1.2117058941e-04 2.9242321849e-02
1.9658433739e-03 9.2432079837e-03 9.4556817785e-03
2.7986823115e-03 4.2728462722e-04 1.5816835687e-02
2.6010458823e-03 8.7705186161e-05 2.7452461421e-02
2.8230801690e-03 1.2796294868e-05 1.9814534113e-02
2.3350703996e-03 6.2259491533e-03 1.6663383693e-02
2.7847855818e-03 2.7320274967e-04 2.5584692135e-02
2.5004614145e-03 7.6420205005e-05 1.1073400266e-02
3.2459369395e-03 4.0344009176e-03 1.9425429404e-02
2.7113808319e-03 5.2602681535e-06 2.8958890471e-04
3.1306829769e-03 3.3919341513e-04 1.9303796813e-02
2.0885707345e-03 4.8312812578e-04 1.8554560840e-02
4.0089064278e-03 4.4110803865e-03 2.2149650380e-02
2.0967009477e-03 2.7880135458e-03 1.3183023781e-02
1.0134035721e-02 4.1765468195e-03 1.9325016066e-02
1.3570942916e-02 3.6364076659e-03 2.5732658803e-02
1.5876738355e-02 2.5042349007e-03 2.5286143646e-02
1.3944573700e-02 2.0653808024e-03 2.2260600701e-02
9.9944230169e-03 3.0156604480e-03 2.6452066377e-02
1.5939855948e-02 3.7286805455e-03 2.5351250544e-02
1.3175088912e-02 1.0306562297e-02 1.9820543006e-02
1.0235115886e-02 5.5394060910e-03 2.3255549371e-02
9.1775367036e-03 6.6936146468e-03 1.2212310918e-02
8.0370474607e-03 1.5344518470e-03 1.7353629693e-02
1.0525683872e-02 2.4404954165e-03 1.8574910238e-02
9.4125894830e-03 3.5248722415e-03 2.0969711244e-02
9.4125894830e-03 3.5248722415e-03 2.0969711244e-02
9.9306916818e-03 4.6491976827e-03 2.1290710196e-02
7.8282495961e-03 1.3367525302e-02 2.1001571789e-02
1.0524139740e-02 1.6051571816e-02 2.2579172626e-02
3.0873436481e-03 1.7726300284e-02 8.3910869434e-03
1.2259382755e-02 1.2093638070e-02 2.7680469677e-02
9.9685201421e-03 1.0319029912e-02 3.2726883888e-02
1.0043862276e-02 1.4184571803e-02 2.5944137946e-02
1.1529096402e-02 1.2484409381e-03 2.1658776328e-02
1.1116989888e-02 1.5426967293e-03 2.4565121159e-02
9.2989988625e-03 4.6548605897e-03 1.8349533901e-02
8.1327147782e-03 2.3019565269e-03 3.9132460952e-02
8.7775038555e-03 1.5415577218e-03 3.8125094026e-02
8.5007464513e-03 1.7541392008e-03 3.4496475011e-02
7.6797902584e-03 1.8927072233e-04 2.6471560821e-02
7.6797902584e-03 1.8927072233e-04 2.6471560821e-02
8.8791325688e-03 1.6262745485e-03 2.3359255865e-02
1.0002098046e-02 1.9780786533e-04 2.4406194687e-02
1.3989369385e-02 3.2771311700e-02 1.4381642453e-02
7.6981405728e-03 5.0641801208e-03 2.8850862756e-02
1.2557947077e-02 6.5192659386e-03 2.2994982079e-02
1.3128007762e-02 7.5778062455e-03 2.0468372852e-02
1.0818839073e-02 5.6977248751e-03 2.3044830188e-02
9.9351489916e-03 8.0442940816e-03 2.1390197799e-02
1.2673662044e-02 6.5024220385e-03 2.6597233489e-02
1.6273338348e-02 1.2412774377e-02 2.1315300837e-02
1.6756791621e-02 4.6781175770e-03 2.6919251308e-02
1.4709547162e-02 3.8087952416e-03 2.7290964499e-02
1.4306542464e-02 3.4775754903e-03 2.8442243114e-02
1.2948170304e-02 3.6200939212e-03 2.9501860961e-02
1.5603707172e-02 5.4019144736e-03 2.2990809754e-02
1.4388532378e-02 4.9846139736e-03 2.3283453658e-02
1.4565836638e-02 4.9271490425e-03 2.3259336129e-02
1.5762949362e-02 4.5315898024e-03 2.3024253547e-02
1.3754632324e-02 7.2329603136e-03 2.1477438509e-02
1.4154768549e-02 4.8667732626e-03 2.2080918774e-02
1.4106708579e-02 6.2047131360e-03 2.1978778765e-02
1.3239413500e-02 6.2320404686e-03 2.1997218952e-02
1.3926005922e-02 6.7260377109e-03 2.1823391318e-02
1.3141806237e-02 6.7811235785e-03 2.2172728553e-02
1.7275543883e-02 7.0052840747e-03 2.1094031632e-02
1.7616232857e-02 6.5944804810e-03 2.0704491064e-02
1.7227003351e-02 7.3722302914e-03 2.1147474647e-02
1.7328793183e-02 6.2185111456e-03 2.1438263357e-02
1.7536925152e-02 6.9512114860e-03 2.0780904219e-02
1.7456224188e-02 6.4362622797e-03 2.0680138841e-02
1.6914268956e-02 1.6111547127e-02 1.8558667973e-02
1.8312284723e-02 1.1146526784e-02 1.8894338980e-02
1.9133090973e-02 1.1960823089e-02 1.9726807252e-02
1.7549408600e-02 2.4513399228e-02 1.3241984881e-02
1.7339749262e-02 2.4519106373e-02 1.3843779452e-02
1.7727091908e-02 2.9074652120e-02 9.5340302214e-03
1.7533108592e-02 2.9104301706e-02 9.7029572353e-03
1.6687041149e-02 3.0805287883e-02 8.6541483179e-03
1.7717588693e-02 2.9787773266e-02 8.9866928756e-03
1.5126208775e-02 3.5679321736e-02 7.2448011488e-03
1.5226680785e-02 3.5638350993e-02 7.2680427693e-03
1.5312640928e-02 3.5558462143e-02 7.2129541077e-03
1.5312640928e-02 3.5558462143e-02 7.2129541077e-03
1.4906574972e-02 3.5061482340e-02 7.5731812976e-03
1.5338283032e-02 3.4206036478e-02 7.5391083956e-03
1.4744480141e-02 3.4879911691e-02 7.6003484428e-03
1.3826604933e-02 3.2472740859e-02 9.4352988526e-03
1.4029276557e-02 3.2180130482e-02 9.4392336905e-03
1.9484035671e-02 2.9210744426e-02 8.1947920844e-03
1.4443864115e-02 2.2080764174e-02 1.5679173172e-02
8.8339066133e-03 2.0940043032e-02 1.8218226731e-02
1.2141123414e-02 2.7215545997e-02 1.1742143892e-02
1.2046019547e-02 2.9675478116e-02 1.0812290013e-02
1.1581012048e-02 2.7893379331e-02 1.1334531009e-02
1.2076500803e-02 2.8232475743e-02 4.9156243913e-03
1.3283402659e-02 1.1880926788e-02 1.1507899500e-02
1.3055235147e-02 1.1576429941e-02 1.0775946081e-02
6.5743830055e-03 1.5525828116e-02 2.2102128714e-03
1.7735855654e-02 1.2297627516e-02 4.4966116548e-03
1.4539865333e-05 0.0000000000e+00 0.0000000000e+00
5.9446608702e-07 0.0000000000e+00 0.0000000000e+00
9.1932994550e-09 0.0000000000e+00 0.0000000000e+00
8.0016251403e-09 0.0000000000e+00 0.0000000000e+00
4.7327510799e-09 0.0000000000e+00 0.0000000000e+00
1.1606609718e-07 0.0000000000e+00 0.0000000000e+00
2.3350258616e-08 0.0000000000e+00 0.0000000000e+00
3.8300087546e-09 0.0000000000e+00 0.0000000000e+00
8.4961289540e-03 0.0000000000e+00 0.0000000000e+00
8.4961289540e-03 0.0000000000e+00 0.0000000000e+00
3.0372759327e-02 0.0000000000e+00 0.0000000000e+00
3.5800521728e-03 0.0000000000e+00 0.0000000000e+00
3.5800521728e-03 0.0000000000e+00 0.0000000000e+00
3.6140230950e-03 0.0000000000e+00 0.0000000000e+00
3.6140230950e-03 0.0000000000e+00 0.0000000000e+00
3.6139681470e-03 0.0000000000e+00 0.0000000000e+00
3.3944437746e-03 0.0000000000e+00 0.0000000000e+00
3.3943287563e-03 0.0000000000e+00 0.0000000000e+00
5.9075732715e-03 0.0000000000e+00 0.0000000000e+00
5.8839917183e-03 0.0000000000e+00 0.0000000000e+00
5.8823004365e-03 0.0000000000e+00 0.0000000000e+00
5.7982443832e-03 0.0000000000e+00 0.0000000000e+00
5.8481264859e-03 0.0000000000e+00 0.0000000000e+00
5.8481264859e-03 0.0000000000e+00 0.0000000000e+00
5.8355000801e-03 0.0000000000e+00 0.0000000000e+00
5.8398884721e-03 0.0000000000e+00 0.0000000000e+00
6.6261528991e-03 0.0000000000e+00 0.0000000000e+00
6.5421033651e-03 0.0000000000e+00 0.0000000000e+00
6.6381688230e-03 0.0000000000e+00 0.0000000000e+00
6.5646846779e-03 0.0000000000e+00 0.0000000000e+00
6.5646846779e-03 0.0000000000e+00 0.0000000000e+00
6.5646846779e-03 0.0000000000e+00 0.0000000000e+00
6.6403769888e-03 0.0000000000e+00 0.0000000000e+00
5.9562870301e-03 0.0000000000e+00 0.0000000000e+00
5.9514716268e-03 0.0000000000e+00 0.0000000000e+00
6.1787161976e-03 0.0000000000e+00 0.0000000000e+00
6.0948058963e-03 0.0000000000e+00 0.0000000000e+00
6.1346222647e-03 0.0000000000e+00 0.0000000000e+00
6.4418506809e-03 0.0000000000e+00 0.0000000000e+00
6.4429040067e-03 0.0000000000e+00 0.0000000000e+00
6.4429040067e-03 0.0000000000e+00 0.0000000000e+00
6.2560620718e-03 0.0000000000e+00 0.0000000000e+00
6.2316185795e-03 0.0000000000e+00 0.0000000000e+00
7.1208705194e-03 0.0000000000e+00 0.0000000000e+00
7.1208705194e-03 0.0000000000e+00 0.0000000000e+00
7.1222092956e-03 0.0000000000e+00 0.0000000000e+00
7.0948316716e-03 0.0000000000e+00 0.0000000000e+00
7.2610764764e-03 0.0000000000e+00 0.0000000000e+00
7.1958266199e-03 0.0000000000e+00 0.0000000000e+00
7.1953795850e-03 0.0000000000e+00 0.0000000000e+00
7.1965851821e-03 0.0000000000e+00 0.0000000000e+00
7.1795303375e-03 0.0000000000e+00 0.0000000000e+00
7.2125419974e-03 0.0000000000e+00 0.0000000000e+00
6.8448656239e-03 0.0000000000e+00 0.0000000000e+00
6.8529783748e-03 0.0000000000e+00 0.0000000000e+00
6.8588624708e-03 0.0000000000e+00 0.0000000000e+00
6.8539888598e-03 0.0000000000e+00 0.0000000000e+00
6.8548149429e-03 0.0000000000e+00 0.0000000000e+00
6.8544172682e-03 0.0000000000e+00 0.0000000000e+00
6.8598934449e-03 0.0000000000e+00 0.0000000000e+00
6.8398867734e-03 0.0000000000e+00 0.0000000000e+00
6.8396180868e-03 0.0000000000e+00 0.0000000000e+00
6.8622226827e-03 0.0000000000e+00 0.0000000000e+00
1.1483876966e-02 0.0000000000e+00 0.0000000000e+00
1.1477187276e-02 0.0000000000e+00 0.0000000000e+00
1.1477340944e-02 0.0000000000e+00 0.0000000000e+00
1.1478151195e-02 0.0000000000e+00 0.0000000000e+00
9.9925920367e-03 0.0000000000e+00 0.0000000000e+00
9.9933249876e-03 0.0000000000e+00 0.0000000000e+00
1.0052897036e-02 0.0000000000e+00 0.0000000000e+00
1.0052897036e-02 0.0000000000e+00 0.0000000000e+00
1.0052383877e-02 0.0000000000e+00 0.0000000000e+00
1.3778619468e-02 0.0000000000e+00 0.0000000000e+00
1.4851096086e-02 0.0000000000e+00 0.0000000000e+00
1.4922589064e-02 0.0000000000e+00 0.0000000000e+00
1.3995618559e-02 0.0000000000e+00 0.0000000000e+00
1.4851839282e-02 0.0000000000e+00 0.0000000000e+00
1.4851897955e-02 0.0000000000e+00 0.0000000000e+00
1.4851897955e-02 0.0000000000e+00 0.0000000000e+00
1.5793429688e-02 0.0000000000e+00 0.0000000000e+00
1.5793429688e-02 0.0000000000e+00 0.0000000000e+00
1.5810264274e-02 0.0000000000e+00 0.0000000000e+00
1.5132579021e-02 0.0000000000e+00 0.0000000000e+00
1.5090133063e-02 0.0000000000e+00 0.0000000000e+00
1.4959193766e-02 0.0000000000e+00 0.0000000000e+00
1.5220358968e-02 0.0000000000e+00 0.0000000000e+00
1.4949540608e-02 0.0000000000e+00 0.0000000000e+00
1.4909920283e-02 0.0000000000e+00 0.0000000000e+00
1.4959997497e-02 0.0000000000e+00 0.0000000000e+00
1.5140726231e-02 0.0000000000e+00 0.0000000000e+00
1.5008844435e-02 0.0000000000e+00 0.0000000000e+00
1.5045300126e-02 0.0000000000e+00 0.0000000000e+00
1.5224951319e-02 0.0000000000e+00 0.0000000000e+00
1.5550066717e-02 0.0000000000e+00 0.0000000000e+00
6.8013276905e-03 0.0000000000e+00 0.0000000000e+00
6.3073909841e-03 0.0000000000e+00 0.0000000000e+00
6.3035730273e-03 0.0000000000e+00 0.0000000000e+00
6.2043941580e-03 0.0000000000e+00 0.0000000000e+00
6.5728649497e-03 0.0000000000e+00 0.0000000000e+00
6.5703783184e-03 0.0000000000e+00 0.0000000000e+00
6.5722302534e-03 0.0000000000e+00 0.0000000000e+00
6.5722302534e-03 0.0000000000e+00 0.0000000000e+00
6.5698525868e-03 0.0000000000e+00 0.0000000000e+00
6.5703629516e-03 0.0000000000e+00 0.0000000000e+00
6.5725804307e-03 0.0000000000e+00 0.0000000000e+00
6.5828547813e-03 0.0000000000e+00 0.0000000000e+00
6.3589946367e-03 0.0000000000e+00 0.0000000000e+00
5.1765306853e-03 0.0000000000e+00 0.0000000000e+00
5.1744678058e-03 0.0000000000e+00 0.0000000000e+00
5.2433083765e-03 0.0000000000e+00 0.0000000000e+00
5.5234259926e-03 0.0000000000e+00 0.0000000000e+00
7.2780917399e-03 0.0000000000e+00 0.0000000000e+00
7.2772353888e-03 0.0000000000e+00 0.0000000000e+00
7.3423460126e-03 0.0000000000e+00 0.0000000000e+00
7.3421788402e-03 0.0000000000e+00 0.0000000000e+00
7.3431343772e-03 0.0000000000e+00 0.0000000000e+00
7.3465649039e-03 0.0000000000e+00 0.0000000000e+00
7.3466026224e-03 0.0000000000e+00 0.0000000000e+00
7.3468754999e-03 0.0000000000e+00 0.0000000000e+00
7.3460745625e-03 0.0000000000e+00 0.0000000000e+00
7.3424228467e-03 0.0000000000e+00 0.0000000000e+00
7.3436480016e-03 0.0000000000e+00 0.0000000000e+00
7.3461905122e-03 0.0000000000e+00 0.0000000000e+00
5.7799811475e-03 0.0000000000e+00 0.0000000000e+00
5.3314059041e-03 0.0000000000e+00 0.0000000000e+00
5.3314059041e-03 0.0000000000e+00 0.0000000000e+00
5.7799904607e-03 0.0000000000e+00 0.0000000000e+00
4.8466757871e-03 0.0000000000e+00 0.0000000000e+00
4.8458841629e-03 0.0000000000e+00 0.0000000000e+00
4.8467312008e-03 0.0000000000e+00 0.0000000000e+00
4.8422957771e-03 0.0000000000e+00 0.0000000000e+00
4.8422957771e-03 0.0000000000e+00 0.0000000000e+00
4.1278335266e-03 1.4375796309e-03 6.4048850618e-05
5.4474473000e-03 1.4997682301e-03 7.3932744272e-05
5.0183758140e-03 1.3253862271e-03 1.0787865176e-04
4.9791759811e-03 1.0395221179e-03 2.7900488931e-05
5.1222261973e-03 1.0043004295e-03 1.0313874373e-04
5.1277331077e-03 9.6787541406e-04 8.4873208834e-05
5.0998586230e-03 1.1757850880e-03 1.3335663243e-04
6.2921629287e-03 1.4553377405e-03 1.5233542945e-04
6.5243300050e-03 1.2125276262e-03 1.5920223086e-04
6.6551584750e-03 1.1241909815e-03 2.0686147036e-04
6.2040425837e-03 9.6045731334e-04 4.3550153350e-05
6.2677864917e-03 6.5877102315e-04 1.4096697851e-04
5.4096444510e-03 7.1694049984e-04 6.8853827543e-05
5.6712520309e-03 1.2211144203e-03 1.4398001076e-04
4.0869223885e-03 5.4915685905e-04 8.4654666352e-06
4.2487368919e-03 3.3692180295e-04 4.1120856622e-05
4.1001173668e-03 2.4152123660e-04 5.8491743403e-04
3.9297100157e-03 2.8642703546e-04 3.1769197085e-04
3.8679058198e-03 3.4097753814e-04 4.3585416279e-04
3.9359987713e-03 1.6236763622e-04 4.5994707034e-04
3.8306706119e-03 2.1501327865e-04 1.6835059796e-04
3.7812991068e-03 1.7632450908e-04 4.1917664930e-04
8.6465822533e-03 3.1821793527e-04 3.0557804275e-03
4.2775585316e-03 2.2150563018e-04 3.6825921852e-03
6.0254782438e-03 8.4519252414e-04 3.4873944242e-03
8.2351295277e-03 7.9551344970e-04 2.8818992432e-03
7.0586469956e-03 5.2402907750e-04 2.0675957203e-03
7.6596513391e-03 8.7854807498e-04 2.1298304200e-03
7.4556232430e-03 6.9356919266e-04 1.6924069496e-03
7.5568598695e-03 7.0936023258e-04 1.8864860758e-03
8.9104836807e-03 6.2265584711e-04 2.2991881706e-03
1.0045966337e-04 8.6200935766e-03 1.7808374017e-02
6.0968301113e-05 9.2669632286e-03 4.5829784125e-02
2.2940284907e-05 2.6905022096e-03 7.2890147567e-03
2.8306202148e-04 1.9022128545e-03 6.1123031192e-03
9.2983995273e-05 5.4529760964e-03 3.2812415157e-03
2.5599487708e-04 1.3331980444e-02 4.7684442252e-03
3.3822718542e-03 2.1448185667e-02 1.1527267674e-07
6.7385594593e-04 5.0449795090e-03 7.9754419625e-02
6.8022789492e-05 8.5668852553e-03 3.7409968209e-03
9.9653422832e-02 0.0000000000e+00 0.0000000000e+00
1.0456636548e-01 0.0000000000e+00 0.0000000000e+00
8.2459919155e-02 0.0000000000e+00 0.0000000000e+00
1.2014430016e-01 0.0000000000e+00 0.0000000000e+00
1.2568069994e-01 0.0000000000e+00 0.0000000000e+00
1.1161421984e-01 0.0000000000e+00 0.0000000000e+00
1.0798722506e-01 0.0000000000e+00 0.0000000000e+00
1.2630310655e-01 0.0000000000e+00 0.0000000000e+00
1.2267038226e-01 0.0000000000e+00 0.0000000000e+00
8.4738172591e-02 0.0000000000e+00 0.0000000000e+00
1.2089361995e-01 0.0000000000e+00 0.0000000000e+00
1.7355763912e-01 0.0000000000e+00 0.0000000000e+00
2.2081156075e-01 0.0000000000e+00 0.0000000000e+00
2.5615355372e-01 0.0000000000e+00 0.0000000000e+00
2.1128921211e-01 0.0000000000e+00 0.0000000000e+00
2.5497004390e-01 0.0000000000e+00 0.0000000000e+00
2.5293549895e-01 0.0000000000e+00 0.0000000000e+00
1.1571488529e-01 0.0000000000e+00 0.0000000000e+00
1.4016394317e-01 0.0000000000e+00 0.0000000000e+00
1.2850056589e-01 0.0000000000e+00 0.0000000000e+00
1.6389504075e-01 0.0000000000e+00 0.0000000000e+00
1.4338745177e-01 0.0000000000e+00 0.0000000000e+00
1.5376077592e-01 0.0000000000e+00 0.0000000000e+00
1.6018949449e-01 0.0000000000e+00 0.0000000000e+00
2.4886023998e-01 0.0000000000e+00 0.0000000000e+00
1.6135081649e-01 0.0000000000e+00 0.0000000000e+00
1.6297613084e-01 0.0000000000e+00 0.0000000000e+00
1.6393843293e-01 0.0000000000e+00 0.0000000000e+00
1.6454970837e-01 0.0000000000e+00 0.0000000000e+00
1.6361339390e-01 0.0000000000e+00 0.0000000000e+00
1.6415327787e-01 0.0000000000e+00 0.0000000000e+00
1.6193233430e-01 0.0000000000e+00 0.0000000000e+00
1.7277188599e-01 0.0000000000e+00 0.0000000000e+00
1.7257843912e-01 0.0000000000e+00 0.0000000000e+00
1.7278248072e-01 0.0000000000e+00 0.0000000000e+00
1.7282712460e-01 0.0000000000e+00 0.0000000000e+00
1.7280988395e-01 0.0000000000e+00 0.0000000000e+00
1.7264123261e-01 0.0000000000e+00 0.0000000000e+00
2.7005028725e-01 0.0000000000e+00 0.0000000000e+00
2.7118048072e-01 0.0000000000e+00 0.0000000000e+00
2.7091741562e-01 0.0000000000e+00 0.0000000000e+00
2.3547999561e-01 0.0000000000e+00 0.0000000000e+00
2.2961467505e-01 0.0000000000e+00 0.0000000000e+00
2.3240886629e-01 0.0000000000e+00 0.0000000000e+00
2.3240886629e-01 0.0000000000e+00 0.0000000000e+00
2.7089700103e-01 0.0000000000e+00 0.0000000000e+00
2.5110498071e-01 0.0000000000e+00 0.0000000000e+00
2.7143684030e-01 0.0000000000e+00 0.0000000000e+00
2.5316393375e-01 0.0000000000e+00 0.0000000000e+00
1.5755932033e-01 0.0000000000e+00 0.0000000000e+00
4.3316423893e-02 0.0000000000e+00 0.0000000000e+00
4.5954063535e-02 0.0000000000e+00 0.0000000000e+00
4.2515899986e-02 0.0000000000e+00 0.0000000000e+00
2.6603519917e-01 0.0000000000e+00 0.0000000000e+00
2.6606640220e-01 0.0000000000e+00 0.0000000000e+00
2.6618260145e-01 0.0000000000e+00 0.0000000000e+00
2.6620873809e-01 0.0000000000e+00 0.0000000000e+00
2.6604560018e-01 0.0000000000e+00 0.0000000000e+00
2.6630142331e-01 0.0000000000e+00 0.0000000000e+00
2.6582649350e-01 0.0000000000e+00 0.0000000000e+00
2.6572838426e-01 0.0000000000e+00 0.0000000000e+00
2.6616424322e-01 0.0000000000e+00 0.0000000000e+00
2.6563575864e-01 0.0000000000e+00 0.0000000000e+00
2.6607611775e-01 0.0000000000e+00 0.0000000000e+00
2.6563116908e-01 0.0000000000e+00 0.0000000000e+00
2.5756010413e-01 0.0000000000e+00 0.0000000000e+00
2.5790074468e-01 0.0000000000e+00 0.0000000000e+00
2.6201525331e-01 0.0000000000e+00 0.0000000000e+00
2.6201015711e-01 0.0000000000e+00 0.0000000000e+00
2.6246166229e-01 0.0000000000e+00 0.0000000000e+00
2.6402628422e-01 0.0000000000e+00 0.0000000000e+00
2.6126706600e-01 0.0000000000e+00 0.0000000000e+00
2.6197811961e-01 0.0000000000e+00 0.0000000000e+00
2.6103648543e-01 0.0000000000e+00 0.0000000000e+00
2.6192700863e-01 0.0000000000e+00 0.0000000000e+00
2.6206675172e-01 0.0000000000e+00 0.0000000000e+00
2.5996911526e-01 0.0000000000e+00 0.0000000000e+00
2.6301851869e-01 0.0000000000e+00 0.0000000000e+00
2.6282569766e-01 0.0000000000e+00 0.0000000000e+00
2.5942739844e-01 0.0000000000e+00 0.0000000000e+00
2.6197525859e-01 0.0000000000e+00 0.0000000000e+00
2.6380777359e-01 0.0000000000e+00 0.0000000000e+00
2.6229193807e-01 0.0000000000e+00 0.0000000000e+00
2.6494514942e-01 0.0000000000e+00 0.0000000000e+00
2.6509216428e-01 0.0000000000e+00 0.0000000000e+00
2.6404872537e-01 0.0000000000e+00 0.0000000000e+00
2.6295092702e-01 0.0000000000e+00 0.0000000000e+00
2.6472061872e-01 0.0000000000e+00 0.0000000000e+00
2.5779414177e-01 0.0000000000e+00 0.0000000000e+00
2.5740200281e-01 0.0000000000e+00 0.0000000000e+00
2.5696906447e-01 0.0000000000e+00 0.0000000000e+00
1.2980340980e-02 1.8679574132e-03 1.2824012898e-02
2.2650398314e-02 8.4195425734e-03 8.8274059817e-03
5.4018482566e-02 3.8935884368e-03 1.4487268636e-03
3.5726580769e-02 1.0060184635e-02 7.4861119501e-03
5.9160724282e-02 2.3640869185e-02 3.5756973084e-03
4.3294787407e-02 1.6334721819e-02 3.3831193577e-03
6.3140168786e-02 1.4864303172e-02 4.6524405479e-03
2.6265457273e-01 0.0000000000e+00 0.0000000000e+00
2.6673349738e-01 0.0000000000e+00 0.0000000000e+00
2.6331293583e-01 0.0000000000e+00 0.0000000000e+00
2.1252381802e-01 0.0000000000e+00 0.0000000000e+00
1.1131397635e-01 0.0000000000e+00 0.0000000000e+00
3.0593043193e-02 0.0000000000e+00 0.0000000000e+00
1.1883962154e-01 0.0000000000e+00 0.0000000000e+00
2.6973363757e-01 0.0000000000e+00 0.0000000000e+00
4.8978243023e-02 0.0000000000e+00 0.0000000000e+00
2.6416982490e-10 0.0000000000e+00 0.0000000000e+00
1.3047967851e-01 0.0000000000e+00 0.0000000000e+00
2.0931684971e-01 0.0000000000e+00 0.0000000000e+00
2.6338981465e-02 1.9874623045e-02 1.4687702060e-03
5.2173778415e-02 1.6860803589e-02 9.6788915107e-04
1.3712988235e-02 1.9160760567e-02 9.6291908994e-04
5.1536276937e-02 1.5790639445e-02 7.3021586286e-04
3.0046701431e-02 1.5749407932e-02 4.6808514162e-04
1.2808101019e-04 0.0000000000e+00 0.0000000000e+00
2.7589669824e-01 0.0000000000e+00 0.0000000000e+00
6.3113778830e-02 2.2854551673e-02 1.5870733187e-03
1.9436629489e-02 2.0494312048e-02 9.2391221551e-04
1.0819239948e-10 0.0000000000e+00 0.0000000000e+00
3.9831513088e-10 0.0000000000e+00 0.0000000000e+00
2.5499641895e-01 0.0000000000e+00 0.0000000000e+00
2.4518514052e-02 0.0000000000e+00 0.0000000000e+00
2.0060477778e-02 0.0000000000e+00 0.0000000000e+00
4.8553786769e-08 0.0000000000e+00 0.0000000000e+00
1.4134450257e-01 0.0000000000e+00 0.0000000000e+00
2.8250399353e-08 0.0000000000e+00 0.0000000000e+00
1.0797823968e-08 2.0487230271e-02 1.0256335139e-02
1.0170411180e-08 2.7930414304e-02 7.0736707130e-05
1.0036312226e-08 2.7653692290e-02 4.0944065404e-05
1.0316038690e-08 0.0000000000e+00 0.0000000000e+00
1.1924281118e-08 0.0000000000e+00 0.0000000000e+00
1.0746929049e-01 0.0000000000e+00 0.0000000000e+00
7.5885688844e-09 0.0000000000e+00 0.0000000000e+00
2.6537796855e-01 0.0000000000e+00 0.0000000000e+00
2.6587179303e-01 0.0000000000e+00 0.0000000000e+00
2.6740577817e-01 0.0000000000e+00 0.0000000000e+00
5.4475780576e-02 1.6593255103e-02 4.9399319105e-03
2.7428774163e-02 1.4603630640e-02 4.8368066200e-04
1.7130874097e-01 0.0000000000e+00 0.0000000000e+00
2.7911505103e-01 0.0000000000e+00 0.0000000000e+00
1.2664358451e-08 0.0000000000e+00 0.0000000000e+00
7.3109407417e-09 0.0000000000e+00 0.0000000000e+00
1.2876202327e-08 0.0000000000e+00 0.0000000000e+00
1.0221157254e-08 0.0000000000e+00 0.0000000000e+00
9.7554542222e-09 0.0000000000e+00 0.0000000000e+00
9.9161008293e-09 3.3924613148e-02 2.3351907657e-05
1.1703458647e-08 3.4828510135e-02 1.3206055883e-05
1.0848576260e-08 3.2939169556e-02 1.2614013940e-05
1.2460844800e-08 3.2774534076e-02 1.5875806639e-05
1.2998511600e-08 3.0956020579e-02 6.2065728707e-04
1.4273720793e-02 0.0000000000e+00 0.0000000000e+00
2.5968426839e-02 0.0000000000e+00 0.0000000000e+00
1.6672648489e-02 0.0000000000e+00 0.0000000000e+00
3.4993381705e-03 0.0000000000e+00 0.0000000000e+00
2.3073072080e-03 0.0000000000e+00 0.0000000000e+00
4.0119360201e-03 0.0000000000e+00 0.0000000000e+00
4.5295828022e-03 0.0000000000e+00 0.0000000000e+00
1.7424637452e-02 0.0000000000e+00 0.0000000000e+00
4.0106647648e-03 0.0000000000e+00 0.0000000000e+00
4.2784834703e-11 0.0000000000e+00 0.0000000000e+00
4.2179701850e-03 0.0000000000e+00 0.0000000000e+00
4.0678977548e-11 0.0000000000e+00 0.0000000000e+00
4.0677156088e-11 0.0000000000e+00 0.0000000000e+00
3.3029709011e-03 0.0000000000e+00 0.0000000000e+00
3.8302002940e-03 0.0000000000e+00 0.0000000000e+00
2.0449562876e-10 0.0000000000e+00 0.0000000000e+00
2.1649461705e-03 0.0000000000e+00 0.0000000000e+00
3.5371233243e-03 0.0000000000e+00 0.0000000000e+00
3.4849932417e-03 0.0000000000e+00 0.0000000000e+00
3.5800568294e-03 0.0000000000e+00 0.0000000000e+00
4.2133517563e-03 0.0000000000e+00 0.0000000000e+00
4.9922582693e-03 0.0000000000e+00 0.0000000000e+00
3.3665616065e-03 0.0000000000e+00 0.0000000000e+00
2.5607985444e-03 0.0000000000e+00 0.0000000000e+00
2.0596182439e-03 0.0000000000e+00 0.0000000000e+00
7.2190985084e-03 0.0000000000e+00 0.0000000000e+00
5.6324456818e-03 0.0000000000e+00 0.0000000000e+00
4.5270286500e-04 0.0000000000e+00 0.0000000000e+00
4.0828357451e-03 0.0000000000e+00 0.0000000000e+00
5.1416261122e-03 0.0000000000e+00 0.0000000000e+00
9.0855909511e-03 0.0000000000e+00 0.0000000000e+00
4.8649781384e-03 0.0000000000e+00 0.0000000000e+00
4.6619698405e-03 0.0000000000e+00 0.0000000000e+00
1.8537975848e-02 0.0000000000e+00 0.0000000000e+00
6.1025680043e-03 0.0000000000e+00 0.0000000000e+00
4.2824498378e-03 0.0000000000e+00 0.0000000000e+00
9.5779462139e-10 0.0000000000e+00 0.0000000000e+00
8.5938861594e-03 0.0000000000e+00 0.0000000000e+00
3.9835143252e-04 0.0000000000e+00 0.0000000000e+00
2.6226567570e-03 0.0000000000e+00 0.0000000000e+00
5.1502701826e-03 0.0000000000e+00 0.0000000000e+00
5.6643090211e-03 0.0000000000e+00 0.0000000000e+00
7.2484039604e-11 0.0000000000e+00 0.0000000000e+00
1.0115745915e-11 0.0000000000e+00 0.0000000000e+00
5.1421155222e-03 0.0000000000e+00 0.0000000000e+00
3.9242310449e-03 0.0000000000e+00 0.0000000000e+00
1.4840182848e-02 0.0000000000e+00 0.0000000000e+00
6.3812653534e-03 0.0000000000e+00 0.0000000000e+00
3.1837411225e-02 0.0000000000e+00 0.0000000000e+00
2.1673456432e-11 0.0000000000e+00 0.0000000000e+00
1.6859831288e-02 0.0000000000e+00 0.0000000000e+00
5.8544971980e-03 0.0000000000e+00 0.0000000000e+00
5.6864824146e-03 0.0000000000e+00 0.0000000000e+00
1.1572613148e-03 0.0000000000e+00 0.0000000000e+00
7.0160179166e-04 0.0000000000e+00 0.0000000000e+00
1.0242739227e-03 0.0000000000e+00 0.0000000000e+00
3.8071276504e-04 0.0000000000e+00 0.0000000000e+00
4.5137571902e-08 0.0000000000e+00 0.0000000000e+00
2.0725641647e-08 0.0000000000e+00 0.0000000000e+00
1.3781586539e-08 0.0000000000e+00 0.0000000000e+00
1.0364118452e-08 0.0000000000e+00 0.0000000000e+00
2.4332216242e-08 0.0000000000e+00 0.0000000000e+00
1.9543296759e-08 0.0000000000e+00 0.0000000000e+00
6.8709404388e-08 0.0000000000e+00 0.0000000000e+00
5.9209298797e-08 0.0000000000e+00 0.0000000000e+00
5.2138862117e-08 0.0000000000e+00 0.0000000000e+00
5.0651863148e-08 0.0000000000e+00 0.0000000000e+00
3.1961949531e-08 0.0000000000e+00 0.0000000000e+00
9.0255241503e-08 0.0000000000e+00 0.0000000000e+00
1.3391072251e-08 0.0000000000e+00 0.0000000000e+00
9.1699497773e-08 0.0000000000e+00 0.0000000000e+00
9.1699497773e-08 0.0000000000e+00 0.0000000000e+00
1.8435665439e-08 0.0000000000e+00 0.0000000000e+00
2.3190095177e-08 0.0000000000e+00 0.0000000000e+00
3.8321185275e-04 0.0000000000e+00 0.0000000000e+00
1.2522177398e-01 0.0000000000e+00 0.0000000000e+00
1.1862459814e-07 0.0000000000e+00 0.0000000000e+00
1.0802563111e-07 0.0000000000e+00 0.0000000000e+00
8.0610476434e-02 0.0000000000e+00 0.0000000000e+00
6.0625175990e-08 0.0000000000e+00 0.0000000000e+00
5.4013312933e-08 0.0000000000e+00 0.0000000000e+00
3.5261646048e-08 0.0000000000e+00 0.0000000000e+00
6.9464341834e-08 0.0000000000e+00 0.0000000000e+00
3.9442706878e-08 0.0000000000e+00 0.0000000000e+00
4.6214836402e-08 0.0000000000e+00 0.0000000000e+00
5.0358561765e-08 0.0000000000e+00 0.0000000000e+00
1.2666447446e-07 0.0000000000e+00 0.0000000000e+00
4.5704260287e-07 0.0000000000e+00 0.0000000000e+00
4.6419884825e-08 0.0000000000e+00 0.0000000000e+00
8.2226286224e-08 0.0000000000e+00 0.0000000000e+00
6.2706455140e-08 0.0000000000e+00 0.0000000000e+00
2.6647425599e-08 0.0000000000e+00 0.0000000000e+00
2.2008324052e-08 0.0000000000e+00 0.0000000000e+00
3.1201192741e-08 0.0000000000e+00 0.0000000000e+00
1.9610082447e-08 0.0000000000e+00 0.0000000000e+00
4.6627175010e-08 0.0000000000e+00 0.0000000000e+00
2.0787910060e-08 0.0000000000e+00 0.0000000000e+00
3.1631845587e-08 0.0000000000e+00 0.0000000000e+00
3.1635746467e-08 0.0000000000e+00 0.0000000000e+00
1.3742602789e-07 0.0000000000e+00 0.0000000000e+00
7.2043725652e-08 0.0000000000e+00 0.0000000000e+00
1.4376071533e-07 0.0000000000e+00 0.0000000000e+00
1.3720959657e-07 0.0000000000e+00 0.0000000000e+00
1.2431196694e-07 0.0000000000e+00 0.0000000000e+00
1.0116760762e-07 0.0000000000e+00 0.0000000000e+00
2.1322665589e-07 0.0000000000e+00 0.0000000000e+00
1.0982651588e-07 0.0000000000e+00 0.0000000000e+00
1.1647006914e-07 0.0000000000e+00 0.0000000000e+00
7.7186804504e-08 0.0000000000e+00 0.0000000000e+00
1.0780442506e-02 0.0000000000e+00 0.0000000000e+00
2.9381297529e-02 0.0000000000e+00 0.0000000000e+00
1.2083844282e-02 0.0000000000e+00 0.0000000000e+00
1.9748742878e-01 0.0000000000e+00 0.0000000000e+00
2.5036850572e-01 0.0000000000e+00 0.0000000000e+00
3.0333466828e-02 0.0000000000e+00 0.0000000000e+00
5.6648910046e-02 0.0000000000e+00 0.0000000000e+00
5.3268302232e-02 0.0000000000e+00 0.0000000000e+00
7.7633149922e-02 0.0000000000e+00 0.0000000000e+00
8.4470741451e-02 0.0000000000e+00 0.0000000000e+00
2.4502811953e-02 0.0000000000e+00 0.0000000000e+00
4.3672904372e-02 0.0000000000e+00 0.0000000000e+00
4.0969807655e-02 0.0000000000e+00 0.0000000000e+00
3.6144933105e-01 0.0000000000e+00 0.0000000000e+00
3.4419015050e-01 0.0000000000e+00 0.0000000000e+00
3.4415605664e-01 0.0000000000e+00 0.0000000000e+00
3.4628245234e-01 0.0000000000e+00 0.0000000000e+00
3.4551724792e-01 0.0000000000e+00 0.0000000000e+00
3.4822070599e-01 0.0000000000e+00 0.0000000000e+00
3.6350890994e-01 0.0000000000e+00 0.0000000000e+00
3.6520627141e-01 0.0000000000e+00 0.0000000000e+00
3.6420288682e-01 0.0000000000e+00 0.0000000000e+00
3.6318624020e-01 0.0000000000e+00 0.0000000000e+00
3.6460891366e-01 0.0000000000e+00 0.0000000000e+00
3.5774135590e-01 0.0000000000e+00 0.0000000000e+00
3.6313733459e-01 0.0000000000e+00 0.0000000000e+00
3.6696398258e-01 0.0000000000e+00 0.0000000000e+00
3.5709175467e-01 0.0000000000e+00 0.0000000000e+00
3.6476624012e-01 0.0000000000e+00 0.0000000000e+00
3.5640513897e-01 0.0000000000e+00 0.0000000000e+00
3.5943493247e-01 0.0000000000e+00 0.0000000000e+00
1.9224280491e-02 1.6917120665e-03 1.3568227878e-03
1.1643061787e-01 3.9525363594e-02 5.3909900544e-08
1.1966349930e-01 3.6274615675e-02 5.5406683686e-08
1.3262601197e-01 3.1560849398e-02 2.0617177654e-07
1.0307692736e-01 3.1385436654e-02 1.2387620529e-07
1.1292592622e-02 3.5431372817e-04 3.4438977018e-03
1.4420616440e-02 8.7483196694e-05 2.4281104561e-03
1.8583336845e-02 1.0549440776e-04 2.1915307734e-03
1.5390108339e-02 4.0235783672e-05 2.3099340033e-03
2.0673876628e-02 5.0711869262e-03 1.6217106022e-03
1.8177937716e-02 4.1456003673e-03 1.8985475181e-03
1.9177220529e-03 1.7604646928e-05 5.1757842302e-03
1.0292931460e-02 6.8070306725e-08 4.1958354414e-03
1.0492184199e-02 6.8041319246e-09 1.5213963576e-02
8.8979341090e-03 7.2000057116e-07 1.1431701569e-04
4.8067327589e-03 3.9317762379e-09 7.9583125189e-03
1.8902648007e-03 8.3005406992e-09 6.6672940738e-03
2.1216731984e-03 2.2688061208e-08 1.1758383363e-02
2.3459291551e-03 1.0625991536e-06 8.6041409522e-03
7.3928753845e-03 1.7398679830e-08 1.4502536505e-02
2.2212606855e-03 4.3688008766e-09 9.2866569757e-03
1.3951685978e-03 7.4410073658e-09 9.9888285622e-03
1.7755174777e-03 6.7336407561e-09 1.1389412917e-02
2.0463520195e-03 9.7036734203e-09 1.4823491685e-02
1.6028169775e-03 1.0474189516e-08 1.2468528003e-02
3.1045547221e-03 8.4317042237e-09 1.3933370821e-02
1.2237222791e-08 1.1608094908e-02 5.6641921401e-03
9.5708294623e-09 1.0408989154e-02 4.7622746788e-03
2.3962696716e-08 9.7379079089e-03 3.4605627880e-03
3.1089875847e-03 4.9154763110e-03 2.0600026473e-03
4.6529741958e-03 5.7463259436e-03 3.7101281341e-03
3.0681947246e-03 1.0059475899e-02 4.9778758548e-03
2.8090125415e-03 6.4963474870e-03 5.4496428929e-03
3.6847146694e-03 7.2592031211e-03 3.9892685600e-03
2.1566648502e-03 3.9886906743e-03 4.5610489324e-03
3.3210169058e-03 7.7329394408e-03 5.2954782732e-03
2.7231995482e-03 1.9695495721e-03 4.9280640669e-03
9.9770945963e-04 1.8504140899e-03 3.4826758783e-03
1.8882848090e-03 2.4659002665e-03 5.3653293289e-03
3.6499893758e-03 2.1368784364e-03 4.7210487537e-03
1.7267529620e-03 2.2042642813e-03 3.8041360676e-03
7.5714519099e-09 3.2656211406e-03 6.7165573128e-03
1.2790391111e-06 8.3211548626e-03 7.4297077954e-03
1.0568026454e-07 4.7547155991e-03 5.6490395218e-03
1.7838795330e-08 4.7813556157e-03 6.6882842220e-03
6.0432858299e-04 2.1516326815e-03 5.9836097062e-03
1.5085008636e-04 4.6654888429e-03 6.7190974951e-03
1.0586906463e-08 5.8621386997e-03 1.1991640569e-08
4.6479097364e-05 1.4260216616e-02 4.2734281891e-08
1.9612862161e-06 1.9055063603e-03 7.0186634548e-03
5.8112430423e-09 1.6721122665e-03 9.9939545617e-03
2.8695268384e-09 2.1630187985e-03 6.1199795455e-03
2.0319306238e-09 2.2465549409e-03 6.4695938490e-03
2.0319306238e-09 2.2137563210e-03 6.6384891979e-03
1.1811658318e-08 2.8006590437e-03 1.0389777832e-02
1.4419495820e-08 2.1405990701e-03 6.2389434315e-03
1.1274742251e-09 2.0813758019e-03 1.1286099441e-02
1.7581024414e-09 2.2531424183e-03 6.6967452876e-03
6.2605081119e-09 1.6692280769e-03 1.0061140172e-02
1.4011779292e-08 1.6424494097e-03 4.7985301353e-03
5.8568139227e-10 1.6414317070e-03 4.3261386454e-03
4.8798320940e-10 1.5834401129e-03 3.0840802938e-03
6.3769250991e-10 1.5958448639e-03 2.1322576795e-03
6.5237713009e-09 1.6381476307e-03 6.6571724601e-03
1.4900490442e-07 1.6256625531e-03 6.2954337336e-03
1.0524055405e-08 1.6419235617e-03 8.3186924458e-03
4.4531658916e-10 1.6900455812e-03 5.7354881428e-03
5.2402537420e-08 1.6596759669e-03 6.4897988923e-03
7.7688561140e-10 1.9401488826e-03 3.7621979136e-03
5.8730537100e-10 2.0566771273e-03 4.6955128200e-03
7.4422246144e-10 2.0020117518e-03 4.5714140870e-03
1.7974112476e-10 3.0323688406e-03 5.8958972804e-03
5.2723642119e-10 2.1316783968e-03 5.3524649702e-03
4.6082955230e-09 2.1281379741e-03 7.1377451532e-03
6.5966743179e-10 2.2655352950e-03 5.0541879609e-03
3.1038044357e-10 2.5266942102e-03 5.8611878194e-03
2.7976052031e-10 2.0742097404e-03 7.1372855455e-03
1.0492299252e-09 1.9872242119e-03 5.9607247822e-03
2.5480099808e-08 1.9681130070e-03 4.5507731847e-03
1.7436400412e-06 2.0117678214e-03 7.5279944576e-03
1.3913594721e-08 2.0276627038e-03 5.9541021474e-03
3.7082939497e-10 2.6679262519e-03 9.5596285537e-03
9.3117752398e-10 3.2507199794e-03 4.2748250999e-03
1.5947733134e-09 2.2428331431e-03 4.9548731185e-03
3.6980482565e-10 2.0621353760e-03 5.1467423327e-03
2.7070858888e-09 1.1846200796e-03 3.9336271584e-03
1.2903033086e-09 1.2597657042e-03 3.2264229376e-03
6.8251099217e-10 1.0227867169e-03 2.1789406892e-03
4.7426934602e-10 1.7293127021e-03 3.2776873559e-03
1.7473282543e-10 1.6159549123e-03 4.9333251081e-03
1.4739261200e-10 1.7651322996e-03 2.7578789741e-03
2.1138751860e-10 3.2345289364e-03 2.7913313825e-03
2.3939475402e-10 2.0953773055e-03 3.0456213281e-03
2.0119734767e-09 2.1721331868e-03 3.4749675542e-03
9.3822345448e-09 1.1033500778e-03 2.9044840485e-03
9.8335943832e-09 1.0058984626e-03 4.0207784623e-03
7.1870954707e-04 7.6977250865e-04 2.7601346374e-03
1.4332648425e-04 7.2397990152e-04 2.5437469594e-03
2.9094459023e-04 7.4113230221e-04 3.7851918023e-03
1.2590918050e-04 1.1113131186e-03 1.6305893660e-03
2.9438882484e-04 1.9902659114e-03 2.7306538541e-03
3.2969861508e-08 1.5795418294e-03 4.3953941204e-03
3.3903948497e-04 2.5817297865e-03 1.9920871127e-03
1.1392685018e-08 3.3531051595e-03 3.1890606042e-03
9.9907708773e-09 1.8222322688e-03 3.3789034933e-03
8.8820319988e-09 1.6013273271e-03 2.3327816743e-03
1.8840033533e-08 2.9195321258e-03 4.7250543721e-03
3.5059077419e-08 9.6115289489e-04 4.5199659653e-03
9.6413037554e-09 8.4550044267e-04 3.8979128003e-03
2.7411075632e-09 6.5339152934e-04 4.6463687904e-03
1.1106300324e-09 3.6681669299e-03 2.2059723735e-02
1.1112449849e-09 2.8035913128e-03 2.5429546833e-02
1.0889712465e-09 2.9317766894e-03 2.4851962924e-02
1.2389090864e-09 3.6385471467e-03 1.6944453120e-02
2.3596952669e-03 2.0084942225e-03 5.3297430277e-03
4.1675928514e-04 1.2980516767e-03 9.3071125448e-03
1.6946238466e-03 1.7912904732e-03 1.1620249599e-02
2.1617840976e-03 2.2015187424e-03 1.4241260476e-02
1.9015152120e-08 6.2852870906e-04 1.1596786790e-02
5.2523962957e-09 7.1024685167e-04 5.5174860172e-03
1.5618283214e-05 5.3600454703e-04 5.2050012164e-03
2.6245950721e-04 5.8247125708e-04 1.0583847761e-02
5.7440668888e-10 2.5450608227e-03 9.8948860541e-03
7.1640299248e-10 2.5149655994e-03 7.5346487574e-03
1.4884230040e-04 1.8261157675e-03 1.2530016713e-02
3.6090589128e-04 1.3809200609e-03 1.2746396475e-02
5.1882572006e-04 1.1927270098e-03 1.1213037185e-02
7.5157528045e-04 1.8956912681e-03 1.1318228208e-02
3.4817869164e-05 1.7727348022e-03 1.1547192931e-02
1.0636341807e-09 1.4122836292e-03 8.2747321576e-03
1.8128239317e-03 6.6744303331e-04 3.1092914287e-04
1.5059251268e-07 1.0946126422e-03 1.2566347606e-02
6.6363648511e-04 1.1581304716e-03 1.1885777116e-02
3.5694736766e-07 1.1350578861e-03 2.2347979248e-02
2.5848398977e-09 1.2674500467e-03 2.6828974485e-02
2.0493944176e-03 9.2230830342e-04 1.7469795421e-03
1.2567507802e-03 9.2344474979e-04 5.7802535594e-03
1.0458444111e-09 1.4985884773e-03 5.9822965413e-03
6.0907943578e-08 1.8782163970e-03 6.7258165218e-03
2.0475454221e-04 1.4782560756e-03 8.1771388650e-03
1.3116384423e-07 1.3728627237e-03 7.9968953505e-03
1.7289107200e-04 9.9736999255e-04 6.0787326656e-03
8.2841893345e-09 1.7064177664e-03 6.7107938230e-03
1.4922738045e-10 1.5314427437e-03 4.7232978977e-03
1.0602422273e-09 2.2397909779e-03 2.8016481083e-03
8.8917700980e-10 2.1344372071e-03 2.2703332361e-03
7.6957155926e-11 2.3012927268e-03 5.1880208775e-03
1.3615758689e-05 1.7054481432e-03 1.6250981716e-03
1.1295727018e-04 2.2602134850e-03 3.5641789436e-03
3.0786432035e-05 2.2434322163e-03 8.0866962671e-03
1.4190023649e-05 2.1652767900e-03 5.3077363409e-03
1.1473122286e-03 1.9266544841e-03 4.8850621097e-03
7.2305723908e-11 2.1258520428e-03 2.2259517573e-03
4.0252592926e-11 2.1848883480e-03 1.5228083357e-03
4.9272034369e-11 1.8814535579e-03 1.9981784280e-03
2.2336662034e-11 1.5131845139e-03 2.7179431636e-03
1.9967512019e-11 1.9649015740e-03 3.8304121699e-03
8.2576147309e-11 1.4460334787e-03 4.3118284084e-03
1.8785153988e-11 1.9169300795e-03 3.3063951414e-03
1.0623816271e-09 2.0585635211e-03 5.4514831863e-03
1.8368458143e-10 1.3393270783e-03 4.3024327606e-03
2.9388207146e-11 8.8578724535e-04 8.7179709226e-04
1.8767210008e-10 1.0935034370e-03 5.3021940403e-04
1.3408817112e-10 1.3301657746e-03 6.1698923819e-03
7.1257028056e-10 9.8058755975e-04 2.1651402116e-02
7.1399380852e-10 1.0732522933e-03 1.7808759585e-02
2.2053940618e-10 1.0093363235e-03 5.8096298017e-03
2.2570943725e-10 1.2532424880e-03 1.4409127645e-02
9.0235596772e-11 9.5954304561e-04 1.8744993955e-02
3.0711228005e-10 8.0014532432e-04 1.1424761033e-03
2.9581836980e-10 8.0189289292e-04 1.1225029593e-03
3.1336910844e-10 1.0298768757e-03 1.5948930755e-02
3.1693095370e-10 7.8413449228e-04 9.5418858109e-04
3.2223132496e-10 8.2113267854e-04 5.2030337974e-03
1.7580810072e-11 0.0000000000e+00 0.0000000000e+00
1.7557051299e-11 0.0000000000e+00 0.0000000000e+00
2.4208605606e-11 0.0000000000e+00 0.0000000000e+00
1.7721202977e-11 0.0000000000e+00 0.0000000000e+00
1.7857161930e-11 0.0000000000e+00 0.0000000000e+00
1.8346607220e-11 0.0000000000e+00 0.0000000000e+00
3.7525596519e-10 0.0000000000e+00 0.0000000000e+00
1.2870628174e-10 0.0000000000e+00 0.0000000000e+00
7.7049304437e-11 0.0000000000e+00 0.0000000000e+00
8.0878859166e-10 2.6897559292e-04 1.0906070471e-02
8.0958512116e-10 0.0000000000e+00 0.0000000000e+00
3.8220381721e-11 0.0000000000e+00 0.0000000000e+00
3.8338297814e-11 0.0000000000e+00 0.0000000000e+00
1.5531581576e-10 0.0000000000e+00 0.0000000000e+00
1.2644609804e-09 0.0000000000e+00 0.0000000000e+00
1.0875801556e-02 2.2828510031e-02 7.9659184848e-06
2.8888987377e-02 0.0000000000e+00 0.0000000000e+00
7.5285113417e-03 2.3435661569e-02 1.4271051441e-05
7.2589102201e-03 3.7084836513e-02 1.4274962268e-05
9.1679543257e-03 5.6615721434e-02 1.4292003470e-05
1.2214090675e-02 5.7630509138e-02 1.4298399947e-05
1.1464267969e-02 5.9822406620e-02 1.4291984371e-05
9.1330660507e-03 5.0844121724e-02 1.3481952010e-05
9.9442461506e-03 6.2490954995e-02 1.4427964743e-05
7.1609518491e-03 9.8008297384e-02 1.4292989363e-05
7.8487955034e-03 1.0571002215e-01 1.4293397726e-05
8.7973317131e-03 1.1059933901e-01 1.4287378690e-05
6.2523600645e-03 1.1092860252e-01 1.4295931578e-05
7.8680757433e-03 1.1061802506e-01 1.4296124391e-05
8.2616247237e-03 1.1107902974e-01 1.4294880202e-05
9.3163456768e-03 1.0969856381e-01 1.4295506844e-05
7.7375951223e-03 1.1088151485e-01 1.4283333257e-05
7.9421671107e-03 1.0970980674e-01 1.4293665117e-05
7.1855150163e-03 1.0874541849e-01 1.4290664694e-05
8.2802213728e-03 1.0701048374e-01 1.4295398614e-05
8.1198504195e-03 1.0871520638e-01 1.4293601453e-05
7.1691866033e-03 1.0442427546e-01 1.4294561879e-05
6.8005062640e-03 1.0746500641e-01 1.4294357243e-05
8.6185224354e-03 1.0653346777e-01 1.4296569134e-05
9.2085972428e-03 1.0775220394e-01 1.4292364540e-05
9.5757748932e-03 1.0702566057e-01 2.0551329726e-05
7.9283360392e-03 8.7046682835e-02 2.0553648937e-05
7.3914970271e-03 9.1943703592e-02 2.0557134121e-05
4.3560243212e-03 9.2294573784e-02 2.0555788069e-05
1.2908103753e-10 9.8683238029e-02 2.0559376935e-05
1.4054893534e-11 1.0107799619e-01 2.0560260964e-05
1.1998287780e-11 1.2645491958e-01 2.0545041480e-05
8.4566095446e-12 1.1724996567e-01 2.0552957722e-05
9.0495675190e-12 1.1879201978e-01 2.0557856260e-05
8.9758964150e-12 1.1764907837e-01 2.0558081815e-05
9.0495675190e-12 1.1879201978e-01 2.0557856260e-05
9.3317012104e-12 1.1995572597e-01 2.0556959498e-05
9.4417946457e-06 1.2013706565e-01 2.0558705728e-05
3.2021051738e-03 1.1601056904e-01 2.0560319172e-05
5.0378951011e-10 1.2295744568e-01 2.0559449695e-05
6.2741284390e-11 1.2475356460e-01 2.0558038159e-05
3.0545331538e-03 1.1828538775e-01 2.0561325073e-05
6.2940243295e-11 1.2138941884e-01 2.0559999030e-05
2.6298419107e-03 1.1984939128e-01 2.0557708922e-05
2.4632290006e-03 1.2051200867e-01 2.0560344637e-05
6.3179690646e-11 1.1967096478e-01 2.0558081815e-05
7.8123160638e-03 1.1932313442e-01 2.0555780793e-05
2.5003827177e-03 1.1753398925e-01 2.0558489268e-05
1.0544863471e-06 1.0537777096e-01 2.0557816242e-05
1.0544863471e-06 1.0537777096e-01 2.0557816242e-05
1.3655717339e-05 1.1260750145e-01 2.0558081815e-05
3.3984342590e-03 1.2464797497e-01 2.0545978259e-05
5.9719602577e-03 1.2144110352e-01 2.0558713004e-05
2.5829165243e-03 1.2138647586e-01 2.0559940822e-05
4.9263914116e-03 1.2273425609e-01 2.0550052795e-05
3.1878107693e-03 1.2060859799e-01 1.8477532649e-05
1.4815830507e-10 1.0671309382e-01 1.5968427761e-04
1.2304293341e-04 1.1398708820e-01 4.5920944103e-05
1.1860852578e-10 1.1161641032e-01 1.2209397973e-03
5.3451415151e-03 1.1523313075e-01 5.6763162138e-04
1.3710954227e-03 1.1085876077e-01 3.7956392043e-04
3.8824912626e-03 1.1344698071e-01 1.1898308294e-03
1.6749746692e-06 1.2161173671e-01 1.8292254822e-08
2.8202149551e-03 1.0943710059e-01 8.5669686086e-04
1.5737761094e-10 1.2382459641e-01 2.8275567456e-04
1.3847295532e-10 1.1879443377e-01 1.5357496159e-04
2.1310682385e-10 1.1209598184e-01 1.3922448852e-04
2.1776443149e-10 1.2234307081e-01 4.5255618170e-04
1.6628914912e-10 1.1710085720e-01 1.6380888701e-04
1.7866562396e-10 1.1616844684e-01 2.6708937366e-04
1.9301037157e-10 1.1317830533e-01 6.7013484659e-04
2.0905673026e-10 1.1612832546e-01 2.7006815071e-04
1.7436219135e-10 1.1368141323e-01 7.0543430047e-04
1.9968436626e-10 1.1555690318e-01 1.0790141532e-03
2.2456929372e-10 1.1008783430e-01 1.5040755970e-03
1.2279027795e-10 1.1703491211e-01 7.0819485700e-04
1.7622454884e-10 1.1692639440e-01 7.8366743401e-04
2.4653498687e-10 1.1573570222e-01 6.1577488668e-04
1.7712459277e-10 1.1892216653e-01 5.9588166187e-04
1.6708597006e-10 1.0638310760e-01 4.1476773913e-04
1.9488727299e-10 1.1727452278e-01 7.2173128137e-04
1.8221048281e-10 9.6622921526e-02 2.4357135408e-03
1.0680448193e-10 8.9297421277e-02 2.9595158412e-04
1.2693869567e-10 8.0475918949e-02 8.6733192438e-04
2.3778168323e-10 9.1954655945e-02 8.2880817354e-04
5.2994303390e-10 7.4859440327e-02 4.8314728774e-03
2.8649765893e-10 7.4754163623e-02 5.3556230851e-03
3.9747397040e-10 7.4049584568e-02 5.7665724307e-03
1.9754109459e-10 7.4123397470e-02 6.4299628139e-03
1.8037227267e-10 7.3553226888e-02 6.0259145685e-03
2.9717450722e-10 7.7015280724e-02 4.8853135668e-03
1.7603100921e-10 7.6459817588e-02 4.0464862250e-03
2.1682793061e-10 7.5860641897e-02 7.3055811226e-03
7.1777896127e-11 8.1692850217e-03 1.9358284771e-03
9.9066470305e-11 7.0819459856e-02 2.0918326918e-03
7.8132979253e-11 7.3386649601e-03 2.1251987200e-03
7.6061656973e-11 8.8897207752e-03 2.4870336056e-03
6.9270235381e-11 8.8873393834e-03 2.6857417542e-03
6.9555521065e-11 7.5531150214e-03 2.1893191151e-03
6.5932738436e-11 1.1490817415e-03 2.7811462060e-03
5.0368598181e-11 2.6317592710e-03 4.3738777749e-03
5.3924930493e-11 1.3544116169e-02 2.2199663799e-03
4.7467949710e-11 1.3914325275e-02 2.0760884508e-03
5.4293347596e-11 5.6830383837e-03 5.7633215329e-04
5.4293347596e-11 5.6830383837e-03 5.7633215329e-04
5.2857648813e-11 7.6401098631e-03 7.1956409374e-04
5.4804067534e-11 7.4114892632e-03 7.0776214125e-04
5.3690163426e-11 7.0738587528e-03 7.0993549889e-04
5.7690022898e-11 6.9240159355e-03 8.2004646538e-04
5.2798987404e-11 8.4722600877e-03 7.2942982661e-04
7.3511419174e-11 7.5603853911e-03 7.0251867874e-04
9.9713959312e-11 8.8099120185e-03 7.1152456803e-04
7.5090232643e-11 7.0840180852e-03 7.6115760021e-04
7.7507646135e-11 7.7390265651e-03 7.3100259760e-04
7.1659948808e-11 7.5054764748e-03 7.6356733916e-04
7.6818600092e-11 5.5434019305e-03 4.9649836728e-04
7.0538720698e-11 6.4435475506e-03 5.5782054551e-04
5.3041668280e-11 1.2458021753e-02 1.3444082579e-03
7.6120269810e-11 7.4376151897e-03 1.9415022107e-03
5.2560344965e-11 6.7783608101e-03 2.1398591343e-03
5.4933602806e-11 8.1743905321e-03 1.7397222109e-03
5.3574866765e-11 1.0933768004e-02 6.4853450749e-04
5.5824494333e-11 5.4658483714e-02 6.7235429015e-05
5.6971632273e-11 5.4564382881e-02 6.6045344283e-05
7.4893216628e-11 1.0594755411e-02 9.3393937277e-05
7.5623007856e-11 1.3518802822e-02 7.2424809332e-05
4.6447425767e-11 6.2827624381e-02 1.3889735195e-10
9.2210461489e-11 5.2642845549e-03 8.5376435891e-04
9.1196182550e-11 5.5159186013e-03 7.7021640027e-04
5.9761494364e-11 6.0989443213e-02 2.0884147671e-04
7.0145694808e-12 1.6625804827e-02 6.6999635007e-11
7.1481852555e-12 5.5676079355e-03 1.5220217756e-04
2.9541241675e-10 5.4046507925e-02 4.7142702936e-11
1.6393933322e-07 5.8212369680e-02 4.9007426589e-11
1.6631445021e-07 5.8472286910e-02 4.9498447008e-11
1.9028658471e-07 5.5969551206e-02 4.6481749005e-11
6.9285406405e-12 9.5710204914e-03 6.3453248913e-06
1.0577387144e-07 5.3315501660e-02 4.1814270796e-11
7.4037356107e-12 7.7440403402e-03 2.7532756212e-04
1.6939968361e-07 5.5246639997e-02 4.4721160802e-11
3.6620151356e-10 7.2326307418e-04 1.6449318500e-03
1.6778938061e-07 4.8440519720e-02 1.6745771281e-03
5.0366707333e-11 1.3174005784e-02 2.1523174364e-03
6.2415868030e-09 5.3424414247e-02 2.2252812050e-03
2.4168349613e-11 8.3439797163e-02 7.2077011026e-10
1.8330988116e-10 4.5197516680e-02 2.9803132638e-03
1.8167473081e-10 4.5472290367e-02 3.0814341735e-03
1.8277858393e-10 4.5765619725e-02 2.9542387929e-03
6.9943772996e-11 3.3593971282e-02 2.6333564892e-03
7.3130911049e-11 3.1203880906e-02 2.8019913007e-03
2.9557764569e-10 3.0915154144e-02 4.0583354421e-03
1.1014714696e-09 2.8864577413e-02 8.0641517416e-03
2.3454373999e-09 2.1624416113e-02 9.2706000432e-03
2.5506945445e-09 2.7993416414e-02 8.2304831594e-03
1.5523281549e-09 2.2117502987e-02 1.1330195703e-02
1.0541034712e-09 9.6376193687e-03 1.0547162034e-02
1.4436618567e-10 1.6171392053e-02 5.4439208470e-03
1.7920576134e-10 1.3180177659e-02 8.2327276468e-03
3.6031951728e-11 1.0904136114e-02 1.1201760732e-02
3.6031951728e-11 1.0904136114e-02 1.1201760732e-02
3.4089526341e-11 1.5836814418e-02 3.9220745675e-03
3.4830381634e-11 1.0714433156e-02 1.0275124572e-02
3.3051002907e-11 1.5087067150e-02 6.2504797243e-03
8.4781907499e-03 0.0000000000e+00 0.0000000000e+00
9.3358801678e-03 0.0000000000e+00 0.0000000000e+00
1.6494400799e-02 0.0000000000e+00 0.0000000000e+00
1.2712806463e-02 0.0000000000e+00 0.0000000000e+00
1.6431592405e-02 0.0000000000e+00 0.0000000000e+00
1.2912146747e-02 0.0000000000e+00 0.0000000000e+00
1.2912146747e-02 0.0000000000e+00 0.0000000000e+00
1.3418254443e-02 0.0000000000e+00 0.0000000000e+00
1.3940756209e-02 0.0000000000e+00 0.0000000000e+00
1.0369539261e-02 0.0000000000e+00 0.0000000000e+00
1.0369539261e-02 0.0000000000e+00 0.0000000000e+00
5.1832017489e-03 0.0000000000e+00 0.0000000000e+00
5.1552574150e-03 0.0000000000e+00 0.0000000000e+00
1.0112068616e-02 0.0000000000e+00 0.0000000000e+00
8.3532966673e-03 0.0000000000e+00 0.0000000000e+00
1.8688300624e-02 0.0000000000e+00 0.0000000000e+00
1.9602166489e-02 0.0000000000e+00 0.0000000000e+00
1.8805040047e-02 0.0000000000e+00 0.0000000000e+00
1.8548181280e-02 0.0000000000e+00 0.0000000000e+00
2.0799240097e-02 0.0000000000e+00 0.0000000000e+00
1.9220162183e-02 0.0000000000e+00 0.0000000000e+00
1.9062468782e-02 0.0000000000e+00 0.0000000000e+00
1.9062468782e-02 0.0000000000e+00 0.0000000000e+00
1.9062468782e-02 0.0000000000e+00 0.0000000000e+00
2.0818501711e-02 0.0000000000e+00 0.0000000000e+00
2.2862337530e-02 0.0000000000e+00 0.0000000000e+00
1.9935730845e-02 0.0000000000e+00 0.0000000000e+00
4.2133559473e-03 0.0000000000e+00 0.0000000000e+00
4.2328909039e-03 0.0000000000e+00 0.0000000000e+00
4.2328909039e-03 0.0000000000e+00 0.0000000000e+00
4.0594423190e-03 0.0000000000e+00 0.0000000000e+00
4.8666154034e-03 0.0000000000e+00 0.0000000000e+00
5.0272066146e-03 0.0000000000e+00 0.0000000000e+00
4.2428784072e-03 0.0000000000e+00 0.0000000000e+00
5.7229753584e-03 0.0000000000e+00 0.0000000000e+00
6.5533588640e-03 0.0000000000e+00 0.0000000000e+00
7.2435941547e-03 0.0000000000e+00 0.0000000000e+00
1.1273932643e-02 0.0000000000e+00 0.0000000000e+00
1.1273932643e-02 0.0000000000e+00 0.0000000000e+00
1.5519227833e-02 0.0000000000e+00 0.0000000000e+00
1.4512103982e-02 0.0000000000e+00 0.0000000000e+00
1.6330884770e-02 0.0000000000e+00 0.0000000000e+00
1.3776085339e-02 0.0000000000e+00 0.0000000000e+00
2.0626736805e-02 0.0000000000e+00 0.0000000000e+00
3.9535831660e-02 0.0000000000e+00 0.0000000000e+00
2.5385359302e-02 0.0000000000e+00 0.0000000000e+00
2.5385359302e-02 0.0000000000e+00 0.0000000000e+00
2.9038684443e-02 0.0000000000e+00 0.0000000000e+00
1.3221502304e-02 0.0000000000e+00 0.0000000000e+00
1.5754174441e-02 0.0000000000e+00 0.0000000000e+00
1.6645615920e-02 0.0000000000e+00 0.0000000000e+00
1.8164064735e-02 0.0000000000e+00 0.0000000000e+00
1.9993636757e-02 0.0000000000e+00 0.0000000000e+00
1.6195533797e-02 0.0000000000e+00 0.0000000000e+00
2.1459495649e-02 0.0000000000e+00 0.0000000000e+00
2.1459495649e-02 0.0000000000e+00 0.0000000000e+00
1.9918242469e-02 0.0000000000e+00 0.0000000000e+00
1.9285799935e-02 0.0000000000e+00 0.0000000000e+00
2.2505914792e-02 0.0000000000e+00 0.0000000000e+00
1.6990514472e-02 0.0000000000e+00 0.0000000000e+00
1.6990514472e-02 0.0000000000e+00 0.0000000000e+00
1.6746381298e-02 0.0000000000e+00 0.0000000000e+00
8.3679603413e-03 0.0000000000e+00 0.0000000000e+00
1.5388641506e-02 0.0000000000e+00 0.0000000000e+00
1.5660448000e-02 0.0000000000e+00 0.0000000000e+00
1.6215750948e-02 0.0000000000e+00 0.0000000000e+00
1.6091348603e-02 0.0000000000e+00 0.0000000000e+00
1.4506973326e-02 0.0000000000e+00 0.0000000000e+00
1.5116084367e-02 0.0000000000e+00 0.0000000000e+00
1.7530685291e-02 0.0000000000e+00 0.0000000000e+00
1.6134252772e-02 0.0000000000e+00 0.0000000000e+00
2.0297877491e-02 0.0000000000e+00 0.0000000000e+00
2.3295911029e-02 0.0000000000e+00 0.0000000000e+00
1.8069474027e-02 0.0000000000e+00 0.0000000000e+00
2.8338951990e-02 0.0000000000e+00 0.0000000000e+00
2.7468120679e-02 0.0000000000e+00 0.0000000000e+00
1.3938989490e-02 0.0000000000e+00 0.0000000000e+00
1.4182824641e-02 0.0000000000e+00 0.0000000000e+00
1.4182824641e-02 0.0000000000e+00 0.0000000000e+00
1.3065545820e-02 0.0000000000e+00 0.0000000000e+00
1.3317443430e-02 0.0000000000e+00 0.0000000000e+00
1.3001131825e-02 0.0000000000e+00 0.0000000000e+00
1.3001131825e-02 0.0000000000e+00 0.0000000000e+00
1.3056679629e-02 0.0000000000e+00 0.0000000000e+00
1.3056679629e-02 0.0000000000e+00 0.0000000000e+00
1.4180335216e-02 0.0000000000e+00 0.0000000000e+00
1.6704039648e-02 0.0000000000e+00 0.0000000000e+00
1.6530329362e-02 0.0000000000e+00 0.0000000000e+00
1.7620095983e-02 0.0000000000e+00 0.0000000000e+00
1.7605533823e-02 0.0000000000e+00 0.0000000000e+00
1.6667379066e-02 0.0000000000e+00 0.0000000000e+00
1.6260905191e-02 0.0000000000e+00 0.0000000000e+00
1.6260905191e-02 0.0000000000e+00 0.0000000000e+00
1.4849863946e-02 0.0000000000e+00 0.0000000000e+00
1.4823249541e-02 0.0000000000e+00 0.0000000000e+00
2.5207353756e-03 0.0000000000e+00 0.0000000000e+00
2.5195076596e-03 0.0000000000e+00 0.0000000000e+00
2.5208978914e-03 0.0000000000e+00 0.0000000000e+00
2.5210818276e-03 0.0000000000e+00 0.0000000000e+00
2.5210818276e-03 0.0000000000e+00 0.0000000000e+00
2.5210818276e-03 0.0000000000e+00 0.0000000000e+00
1.4793708920e-02 0.0000000000e+00 0.0000000000e+00
1.4772452414e-02 0.0000000000e+00 0.0000000000e+00
1.0500892997e-02 0.0000000000e+00 0.0000000000e+00
1.0570332408e-02 0.0000000000e+00 0.0000000000e+00
1.0044737719e-02 0.0000000000e+00 0.0000000000e+00
1.0044737719e-02 0.0000000000e+00 0.0000000000e+00
1.0812680237e-02 0.0000000000e+00 0.0000000000e+00
1.0812680237e-02 0.0000000000e+00 0.0000000000e+00
1.0812680237e-02 0.0000000000e+00 0.0000000000e+00
1.6084113717e-01 0.0000000000e+00 0.0000000000e+00
1.6176843643e-01 0.0000000000e+00 0.0000000000e+00
1.6106270254e-01 0.0000000000e+00 0.0000000000e+00
6.0617670417e-02 0.0000000000e+00 0.0000000000e+00
6.4166590571e-02 0.0000000000e+00 0.0000000000e+00
9.6538580954e-02 0.0000000000e+00 0.0000000000e+00
9.6538580954e-02 0.0000000000e+00 0.0000000000e+00
9.7068198025e-02 0.0000000000e+00 0.0000000000e+00
9.7287803888e-02 0.0000000000e+00 0.0000000000e+00
9.7712956369e-02 0.0000000000e+00 0.0000000000e+00
9.7712956369e-02 0.0000000000e+00 0.0000000000e+00
9.7712956369e-02 0.0000000000e+00 0.0000000000e+00
9.8421297967e-02 0.0000000000e+00 0.0000000000e+00
1.0189465433e-01 0.0000000000e+00 0.0000000000e+00
9.0088315308e-02 0.0000000000e+00 0.0000000000e+00
8.9330665767e-02 0.0000000000e+00 0.0000000000e+00
8.9330665767e-02 0.0000000000e+00 0.0000000000e+00
8.8437668979e-02 0.0000000000e+00 0.0000000000e+00
9.2194080353e-02 0.0000000000e+00 0.0000000000e+00
8.6800463498e-02 0.0000000000e+00 0.0000000000e+00
8.8547527790e-02 0.0000000000e+00 0.0000000000e+00
9.0147979558e-02 0.0000000000e+00 0.0000000000e+00
9.0147979558e-02 0.0000000000e+00 0.0000000000e+00
9.0357102454e-02 0.0000000000e+00 0.0000000000e+00
1.5814478695e-01 0.0000000000e+00 0.0000000000e+00
1.5587575734e-01 0.0000000000e+00 0.0000000000e+00
1.5587575734e-01 0.0000000000e+00 0.0000000000e+00
1.9135196507e-01 0.0000000000e+00 0.0000000000e+00
2.2743964195e-01 0.0000000000e+00 0.0000000000e+00
2.2100459039e-01 0.0000000000e+00 0.0000000000e+00
2.2100459039e-01 0.0000000000e+00 0.0000000000e+00
2.2100459039e-01 0.0000000000e+00 0.0000000000e+00
2.2100459039e-01 0.0000000000e+00 0.0000000000e+00
2.2113221884e-01 0.0000000000e+00 0.0000000000e+00
2.2991979122e-01 0.0000000000e+00 0.0000000000e+00
2.3277170956e-01 0.0000000000e+00 0.0000000000e+00
1.7573183775e-01 0.0000000000e+00 0.0000000000e+00
2.2800648212e-01 0.0000000000e+00 0.0000000000e+00
2.2277796268e-01 0.0000000000e+00 0.0000000000e+00
2.2277796268e-01 0.0000000000e+00 0.0000000000e+00
2.2401870787e-01 0.0000000000e+00 0.0000000000e+00
2.2456228733e-01 0.0000000000e+00 0.0000000000e+00
2.1974277496e-01 0.0000000000e+00 0.0000000000e+00
2.2036273777e-01 0.0000000000e+00 0.0000000000e+00
2.2133867443e-01 0.0000000000e+00 0.0000000000e+00
2.1816521883e-01 0.0000000000e+00 0.0000000000e+00
2.1155942976e-01 0.0000000000e+00 0.0000000000e+00
2.0716142654e-01 0.0000000000e+00 0.0000000000e+00
2.2563530505e-01 0.0000000000e+00 0.0000000000e+00
2.2491568327e-01 0.0000000000e+00 0.0000000000e+00
2.3119044304e-01 0.0000000000e+00 0.0000000000e+00
1.0176977143e-02 8.0278137466e-04 1.4883748256e-02
1.2689546682e-02 1.7759809271e-03 1.4328964986e-02
6.8316684337e-04 0.0000000000e+00 0.0000000000e+00
2.8458377346e-03 0.0000000000e+00 0.0000000000e+00
2.8458377346e-03 0.0000000000e+00 0.0000000000e+00
2.6188038755e-03 0.0000000000e+00 0.0000000000e+00
2.3799838964e-03 0.0000000000e+00 0.0000000000e+00
2.3799838964e-03 0.0000000000e+00 0.0000000000e+00
2.3799838964e-03 0.0000000000e+00 0.0000000000e+00
2.9320316389e-03 0.0000000000e+00 0.0000000000e+00
2.7625772636e-03 0.0000000000e+00 0.0000000000e+00
2.8315868694e-03 0.0000000000e+00 0.0000000000e+00
3.1322063878e-03 0.0000000000e+00 0.0000000000e+00
3.4161861986e-03 0.0000000000e+00 0.0000000000e+00
7.3549742810e-03 0.0000000000e+00 0.0000000000e+00
7.3549742810e-03 0.0000000000e+00 0.0000000000e+00
2.0109312236e-01 0.0000000000e+00 0.0000000000e+00
2.1718025208e-01 0.0000000000e+00 0.0000000000e+00
2.2086878121e-01 0.0000000000e+00 0.0000000000e+00
2.1318970621e-01 0.0000000000e+00 0.0000000000e+00
1.4334148169e-01 0.0000000000e+00 0.0000000000e+00
1.4334148169e-01 0.0000000000e+00 0.0000000000e+00
2.0090694726e-01 0.0000000000e+00 0.0000000000e+00
2.1769702435e-01 0.0000000000e+00 0.0000000000e+00
2.3559783399e-01 0.0000000000e+00 0.0000000000e+00
2.3484712839e-01 0.0000000000e+00 0.0000000000e+00
2.2777785361e-01 0.0000000000e+00 0.0000000000e+00
2.1201427281e-01 0.0000000000e+00 0.0000000000e+00
2.1575401723e-01 0.0000000000e+00 0.0000000000e+00
2.3988999426e-01 0.0000000000e+00 0.0000000000e+00
2.2832340002e-01 0.0000000000e+00 0.0000000000e+00
2.2597999871e-01 0.0000000000e+00 0.0000000000e+00
2.0623469353e-01 0.0000000000e+00 0.0000000000e+00
1.9936858118e-01 0.0000000000e+00 0.0000000000e+00
2.0055668056e-01 0.0000000000e+00 0.0000000000e+00
2.0144903660e-01 0.0000000000e+00 0.0000000000e+00
1.9837522507e-01 0.0000000000e+00 0.0000000000e+00
2.1048398316e-01 0.0000000000e+00 0.0000000000e+00
2.0111967623e-01 0.0000000000e+00 0.0000000000e+00
1.9962090254e-01 0.0000000000e+00 0.0000000000e+00
2.0245909691e-01 0.0000000000e+00 0.0000000000e+00
2.0377369225e-01 0.0000000000e+00 0.0000000000e+00
2.1182872355e-01 0.0000000000e+00 0.0000000000e+00
1.9076204300e-01 0.0000000000e+00 0.0000000000e+00
1.8927066028e-01 0.0000000000e+00 0.0000000000e+00
1.8617786467e-01 0.0000000000e+00 0.0000000000e+00
1.9440118968e-01 0.0000000000e+00 0.0000000000e+00
6.5114520490e-02 0.0000000000e+00 0.0000000000e+00
6.3715524971e-02 0.0000000000e+00 0.0000000000e+00
6.5891504288e-02 0.0000000000e+00 0.0000000000e+00
6.0842756182e-02 0.0000000000e+00 0.0000000000e+00
6.1414252967e-02 0.0000000000e+00 0.0000000000e+00
6.1414252967e-02 0.0000000000e+00 0.0000000000e+00
3.6971496884e-03 1.4851534506e-03 6.4426134340e-03
4.6115186997e-03 2.9568325263e-03 7.0720710792e-03
5.0170468166e-03 3.4193713218e-03 4.7495584004e-03
5.9154848568e-03 3.0915054958e-03 5.7716011070e-03
3.7971893325e-03 3.4028950613e-03 5.7036518119e-03
2.9848364647e-03 3.4439647570e-03 5.6467601098e-03
1.6701073619e-03 3.3025767189e-03 4.2316424660e-03
5.0088749267e-03 3.9096851833e-03 4.8659024760e-03
2.0114339422e-03 3.6744335666e-03 5.2658892237e-03
1.2064814800e-03 3.9090132341e-03 2.6811677963e-03
1.1598184938e-03 3.9058162365e-03 2.8047198430e-03
1.3096925104e-03 6.2174168415e-03 4.3562841602e-03
2.4369461462e-03 6.0605774634e-03 4.7322488390e-03
1.8713356694e-03 1.2451682414e-04 3.3107632771e-03
1.8603388453e-03 5.0308546051e-03 4.0864744224e-03
1.7836099723e-03 6.3342414796e-03 2.5494780857e-03
4.2443815619e-03 7.5532267801e-03 4.4548474252e-03
2.2857296281e-03 8.0944150686e-03 3.3806732390e-03
3.7761889398e-03 7.4990079738e-03 4.4021694921e-03
3.3580677118e-03 3.1844500918e-03 3.9031810593e-03
4.2128656060e-03 2.6227286435e-04 4.2087067850e-03
4.8648971133e-03 2.3445708212e-04 6.3451784663e-03
4.8648971133e-03 2.3445708212e-04 6.3451784663e-03
4.9049020745e-03 7.7338926494e-03 5.0458996557e-03
2.7316079941e-03 3.0707285623e-04 3.5935379565e-03
4.4042966329e-03 1.0492288508e-02 5.6102513336e-03
8.6303139105e-03 1.0144451633e-02 1.6289031133e-02
5.5522215553e-03 8.3704115823e-03 9.5081767067e-03
5.5522215553e-03 8.3704115823e-03 9.5081767067e-03
1.5567893861e-03 7.2890538722e-03 1.5607271343e-03
1.9141710363e-03 3.2158393878e-04 1.3023741776e-03
1.9141710363e-03 3.2158393878e-04 1.3023741776e-03
1.0235349648e-02 7.7487081289e-03 1.0067812167e-02
8.8565032929e-03 8.5675848823e-05 1.3646321604e-03
5.3560170345e-03 7.0456303656e-03 3.2023312524e-03
1.7296627164e-02 2.7837939560e-03 1.9096914912e-03
1.7296627164e-02 2.7837939560e-03 1.9096914912e-03
1.0009582184e-04 3.0905259773e-03 1.3360894285e-02
1.0009582184e-04 3.0905259773e-03 1.3360894285e-02
1.0347618721e-02 3.7473961711e-03 2.4100928567e-03
8.4982058033e-03 5.8014616370e-03 3.1219586730e-02
5.3338403814e-03 6.4903306775e-03 1.6091424972e-02
4.0097995661e-03 4.8358701169e-03 6.0695908032e-03
9.7537143156e-03 8.4912102238e-07 1.9843655173e-03
9.9300406873e-03 3.0368010329e-08 2.4219518527e-03
1.3832647353e-02 1.6747973859e-03 2.8775769752e-03
1.2724551372e-02 1.8502357416e-03 2.2130331490e-03
1.7172705382e-02 8.0654089106e-04 3.7842520978e-03
7.7720456757e-03 1.5442806145e-08 2.3997544777e-03
1.0894144885e-02 2.4827054190e-08 2.1647140384e-03
1.1874251068e-02 1.6387827927e-03 1.8460879801e-03
1.1874251068e-02 1.6387827927e-03 1.8460879801e-03
1.3786736876e-02 1.8879935378e-03 1.1695740977e-03
9.0163126588e-03 2.1883265581e-03 2.1249407437e-03
1.0022643022e-02 3.1387496620e-06 2.4386167061e-03
1.0022643022e-02 3.1387496620e-06 2.4386167061e-03
5.9264688753e-03 2.9264735058e-03 8.0993045121e-03
6.5951719880e-03 2.0851646550e-03 6.1420942657e-03
5.8808135800e-03 2.4215485901e-03 5.7479236275e-03
7.7725234441e-03 2.9806299135e-03 1.1383626610e-02
1.0856058449e-02 4.9955588111e-08 4.1908128187e-03
5.0335428677e-03 4.6834759414e-03 1.0373690166e-02
1.3384137303e-02 1.6304559480e-08 2.4207455572e-03
7.8730545938e-03 2.5536960457e-03 6.9785634987e-03
1.5787759796e-02 2.0819802303e-03 6.5542217344e-03
9.3056615442e-03 1.4901204268e-03 2.7614829596e-03
4.4149453752e-03 2.2152524907e-03 6.4939935692e-03
1.7556434497e-02 1.0600945899e-08 5.3236670792e-03
1.7556434497e-02 1.0600945899e-08 5.3236670792e-03
4.5281887054e-02 7.1967468830e-04 3.2539761160e-03
2.4072213098e-02 5.6909712498e-09 2.7174390852e-03
3.3320616931e-02 1.0598581866e-05 8.7684141472e-03
4.9057293683e-02 2.0362706855e-03 2.4777816143e-03
2.8000952676e-02 1.3387533836e-03 8.8404575363e-03
1.0055978782e-02 1.3088491357e-07 1.2334990315e-02
9.9993227050e-03 8.9300540276e-04 8.9138122275e-03
9.9993227050e-03 8.9300540276e-04 8.9138122275e-03
9.5042148605e-03 1.3026929228e-03 9.1582639143e-03
5.6461566128e-03 1.1007203721e-03 1.1698761024e-02
1.1016476899e-02 2.0406767726e-04 9.0079847723e-03
4.4354181737e-02 2.1620730404e-03 4.7332714312e-03
2.8759235516e-02 4.0072998253e-09 1.1299577542e-02
1.9464038312e-02 2.1797299851e-03 4.8818220384e-03
4.4079620391e-02 2.9315494467e-03 1.2623465154e-03
4.6870816499e-02 2.8385731857e-03 1.4144950546e-02
2.6728354394e-02 2.7806106955e-03 1.6765205190e-02
1.8517714739e-01 7.7524874359e-04 5.8491641539e-05
1.8463380635e-01 1.7740224721e-03 6.6829008574e-05
1.8467228115e-01 1.7689372180e-03 5.9449736000e-05
1.8442581594e-01 1.9214767963e-03 5.6680077250e-05
1.8178252876e-01 1.1329815025e-03 8.6867330538e-05
1.8160291016e-01 9.8691519815e-04 7.9536199337e-05
1.8198089302e-01 9.8687643185e-04 5.8959714806e-05
1.8357001245e-01 1.0521154618e-03 1.1581148283e-04
1.8357001245e-01 1.0521154618e-03 1.1581148283e-04
1.8399204314e-01 1.0384029010e-03 1.1051656475e-04
2.4505011737e-02 9.7331934376e-04 2.9045941774e-03
1.8451774120e-01 1.2871925719e-03 9.0288282081e-05
1.8281580508e-01 1.2815054506e-03 1.2977214647e-04
1.8286515772e-01 1.3250078773e-03 8.6741463747e-05
1.8557046354e-01 1.3140205992e-03 6.0538357502e-05
1.7553673685e-01 1.3317080447e-03 4.3370327330e-04
5.8596160263e-02 5.5591802811e-04 2.4066760670e-03
5.8993499726e-02 4.0671928048e-09 3.9835242660e-07
4.7846209258e-02 1.3715157984e-03 4.0596877807e-04
4.0685124695e-02 8.4126106231e-04 6.2667671591e-04
5.9004489332e-02 1.1575715616e-03 8.2678488980e-05
4.9374405295e-02 4.6668735543e-09 2.6395538953e-05
4.2170733213e-02 1.8158105377e-04 4.9960118486e-04
5.4742339998e-02 1.0256235861e-08 2.6561363484e-04
6.3842616975e-02 2.4615774308e-08 1.0924680391e-03
7.2662487626e-02 8.8596699061e-04 5.0787266809e-04
2.6680560783e-02 0.0000000000e+00 0.0000000000e+00
3.2252117991e-02 0.0000000000e+00 0.0000000000e+00
9.2049818486e-03 0.0000000000e+00 0.0000000000e+00
1.2515624054e-02 0.0000000000e+00 0.0000000000e+00
8.2844691351e-03 0.0000000000e+00 0.0000000000e+00
2.0283274353e-02 0.0000000000e+00 0.0000000000e+00
1.1706213467e-02 0.0000000000e+00 0.0000000000e+00
1.1846713722e-02 0.0000000000e+00 0.0000000000e+00
1.0565823875e-02 0.0000000000e+00 0.0000000000e+00
1.0141617619e-02 0.0000000000e+00 0.0000000000e+00
9.9421106279e-03 0.0000000000e+00 0.0000000000e+00
9.9421106279e-03 0.0000000000e+00 0.0000000000e+00
1.2301345356e-02 0.0000000000e+00 0.0000000000e+00
1.3245146722e-02 0.0000000000e+00 0.0000000000e+00
3.8689898793e-03 0.0000000000e+00 0.0000000000e+00
3.7831447553e-03 0.0000000000e+00 0.0000000000e+00
3.1575344037e-03 0.0000000000e+00 0.0000000000e+00
4.9413964152e-03 0.0000000000e+00 0.0000000000e+00
3.6371685565e-03 0.0000000000e+00 0.0000000000e+00
3.9659910835e-03 0.0000000000e+00 0.0000000000e+00
3.0149929225e-03 0.0000000000e+00 0.0000000000e+00
3.4010428935e-03 0.0000000000e+00 0.0000000000e+00
3.3228939865e-03 0.0000000000e+00 0.0000000000e+00
3.0844176654e-03 0.0000000000e+00 0.0000000000e+00
3.6107387859e-03 0.0000000000e+00 0.0000000000e+00
3.2920399681e-03 0.0000000000e+00 0.0000000000e+00
4.0608081035e-03 0.0000000000e+00 0.0000000000e+00
5.2947117947e-03 0.0000000000e+00 0.0000000000e+00
3.0665716622e-03 0.0000000000e+00 0.0000000000e+00
3.9049235638e-03 0.0000000000e+00 0.0000000000e+00
3.7062813062e-03 0.0000000000e+00 0.0000000000e+00
3.7062813062e-03 0.0000000000e+00 0.0000000000e+00
6.0239466839e-03 0.0000000000e+00 0.0000000000e+00
3.6119362339e-03 0.0000000000e+00 0.0000000000e+00
2.5242310949e-03 0.0000000000e+00 0.0000000000e+00
1.5258624225e-11 0.0000000000e+00 0.0000000000e+00
1.5258624225e-11 0.0000000000e+00 0.0000000000e+00
2.2021727636e-03 0.0000000000e+00 0.0000000000e+00
4.9136011232e-11 0.0000000000e+00 0.0000000000e+00
1.4922497266e-11 0.0000000000e+00 0.0000000000e+00
1.2607658573e-04 0.0000000000e+00 0.0000000000e+00
1.7301250409e-05 5.4114439990e-04 9.2787557514e-04
8.9486320576e-06 7.7021628385e-04 1.3978687348e-03
3.4671914182e-04 0.0000000000e+00 0.0000000000e+00
5.5678101489e-04 0.0000000000e+00 0.0000000000e+00
1.2762615224e-03 0.0000000000e+00 0.0000000000e+00
1.7005427508e-03 0.0000000000e+00 0.0000000000e+00
1.0154802585e-03 0.0000000000e+00 0.0000000000e+00
4.8804018297e-04 0.0000000000e+00 0.0000000000e+00
5.6270783534e-04 0.0000000000e+00 0.0000000000e+00
1.5325684799e-03 0.0000000000e+00 0.0000000000e+00
3.0958137359e-05 7.5444701361e-04 1.8197707832e-03
4.2144401959e-05 5.1505392184e-04 2.0430122968e-03
2.0480025560e-03 0.0000000000e+00 0.0000000000e+00
2.0480025560e-03 0.0000000000e+00 0.0000000000e+00
2.0480025560e-03 0.0000000000e+00 0.0000000000e+00
1.7583640292e-03 0.0000000000e+00 0.0000000000e+00
7.2352257557e-03 0.0000000000e+00 0.0000000000e+00
7.0452671498e-03 0.0000000000e+00 0.0000000000e+00
3.0797116924e-03 0.0000000000e+00 0.0000000000e+00
3.0797116924e-03 0.0000000000e+00 0.0000000000e+00
5.2830376662e-03 0.0000000000e+00 0.0000000000e+00
4.7572567128e-03 0.0000000000e+00 0.0000000000e+00
4.8736587632e-04 0.0000000000e+00 0.0000000000e+00
1.3326468179e-03 0.0000000000e+00 0.0000000000e+00
1.2194926385e-03 0.0000000000e+00 0.0000000000e+00
1.1717153247e-03 0.0000000000e+00 0.0000000000e+00
1.1521554552e-03 0.0000000000e+00 0.0000000000e+00
1.4483638806e-03 0.0000000000e+00 0.0000000000e+00
9.7745645326e-04 0.0000000000e+00 0.0000000000e+00
1.2479069119e-04 0.0000000000e+00 0.0000000000e+00
2.2887091618e-03 0.0000000000e+00 0.0000000000e+00
3.5422188375e-05 1.0502216173e-03 1.7174018652e-08
1.7310112526e-05 7.2343880311e-04 1.9375939155e-03
1.2570342515e-03 0.0000000000e+00 0.0000000000e+00
1.1854232289e-03 0.0000000000e+00 0.0000000000e+00
1.2460075086e-03 0.0000000000e+00 0.0000000000e+00
1.1960008414e-03 0.0000000000e+00 0.0000000000e+00
4.0129465051e-03 0.0000000000e+00 0.0000000000e+00
1.4127705945e-03 0.0000000000e+00 0.0000000000e+00
1.4632373350e-03 0.0000000000e+00 0.0000000000e+00
3.0860938132e-03 0.0000000000e+00 0.0000000000e+00
1.2556719594e-03 0.0000000000e+00 0.0000000000e+00
1.2556719594e-03 0.0000000000e+00 0.0000000000e+00
2.8832459357e-03 0.0000000000e+00 0.0000000000e+00
2.1835630760e-03 0.0000000000e+00 0.0000000000e+00
2.1835630760e-03 0.0000000000e+00 0.0000000000e+00
2.1835630760e-03 0.0000000000e+00 0.0000000000e+00
2.3594426457e-03 0.0000000000e+00 0.0000000000e+00
1.6457537422e-03 0.0000000000e+00 0.0000000000e+00
1.1314940639e-03 0.0000000000e+00 0.0000000000e+00
2.8571570292e-03 0.0000000000e+00 0.0000000000e+00
1.7037987709e-03 0.0000000000e+00 0.0000000000e+00
1.0583819821e-03 0.0000000000e+00 0.0000000000e+00
3.6334099714e-03 0.0000000000e+00 0.0000000000e+00
8.5849472089e-04 0.0000000000e+00 0.0000000000e+00
4.0450752713e-03 0.0000000000e+00 0.0000000000e+00
3.9733042940e-03 0.0000000000e+00 0.0000000000e+00
3.7215230986e-03 0.0000000000e+00 0.0000000000e+00
3.7703132257e-03 0.0000000000e+00 0.0000000000e+00
3.8209564518e-03 0.0000000000e+00 0.0000000000e+00
4.0232529864e-03 0.0000000000e+00 0.0000000000e+00
2.9913155286e-11 0.0000000000e+00 0.0000000000e+00
7.6754583592e-12 0.0000000000e+00 0.0000000000e+00
7.1648932062e-03 2.6022634120e-04 1.8266579136e-03
7.1648932062e-03 2.6022634120e-04 1.8266579136e-03
7.3670814745e-03 8.9274079073e-05 1.7679884331e-03
7.3670814745e-03 8.9274079073e-05 1.7679884331e-03
7.3615829460e-03 2.1032092627e-04 1.8216627650e-03
5.2122939378e-03 0.0000000000e+00 0.0000000000e+00
7.3215439916e-03 1.8281933444e-04 1.8260176294e-03
7.4426461942e-03 9.4245253422e-05 1.7817976186e-03
7.2780535556e-03 3.7669844460e-04 1.7853806494e-03
5.2095265128e-03 0.0000000000e+00 0.0000000000e+00
5.1881899126e-03 0.0000000000e+00 0.0000000000e+00
5.2140154876e-03 0.0000000000e+00 0.0000000000e+00
5.1326970570e-03 0.0000000000e+00 0.0000000000e+00
3.2557735685e-03 0.0000000000e+00 0.0000000000e+00
6.6904569976e-03 8.4240302385e-05 2.3747237865e-03
1.6207456589e-02 1.7295189900e-04 6.9194049574e-03
1.4991155826e-02 1.5989682288e-04 7.1714986116e-03
1.4367964119e-02 3.2362059574e-04 7.4797882698e-03
7.0767602883e-03 4.9331475748e-04 7.7158417553e-03
5.3294575773e-03 1.4133544755e-04 8.3497110754e-03
3.5697771236e-03 4.9615179887e-04 8.7764486670e-03
4.2154751718e-03 2.6325986255e-04 7.3422971182e-03
1.9544579554e-03 4.4858572073e-04 4.4472781010e-03
3.7835629191e-03 7.5333453424e-05 3.2322544139e-03
5.2184443921e-03 2.0863876853e-04 3.3114070538e-03
4.7158338130e-03 4.9362646678e-05 3.0615031719e-03
4.8897317611e-03 3.8832837163e-05 3.0826923903e-03
5.0465547247e-05 2.9985516449e-04 4.6176710166e-03
1.7881537497e-04 6.3684338238e-04 4.6876231208e-03
2.5910381737e-05 1.3108627172e-04 5.1360041834e-03
3.1115976162e-04 2.7024676092e-04 5.6994692422e-03
2.9775491566e-04 6.0303794453e-04 5.8091864921e-03
4.7040550271e-05 8.1398646580e-04 5.6235357188e-03
3.2969375752e-05 2.7120337472e-04 5.4159169085e-03
2.3423497623e-04 7.0291472366e-04 5.6453258730e-03
4.1576375224e-05 7.2099315003e-04 5.6931120344e-03
8.2864316937e-05 6.9320970215e-04 5.6579303928e-03
3.0237753526e-04 2.1156219300e-03 6.5023638308e-03
2.2049178369e-04 9.5009570941e-04 5.8264113031e-03
1.0220435797e-04 1.1768214172e-03 6.3472185284e-03
1.7722010671e-04 3.4271676559e-03 1.0400409810e-02
3.5741435568e-05 6.3137046527e-04 6.3403230160e-03
1.0426234803e-04 1.3954102760e-03 7.2846333496e-03
2.7428943213e-05 1.6911284765e-03 7.3110084049e-03
2.4925115213e-05 5.7099579135e-04 7.3477341793e-03
2.3448665161e-05 1.5488144709e-04 7.3940008879e-03
2.3273600164e-05 5.2306428552e-04 7.4022170156e-03
4.8389309086e-05 7.4922776548e-04 7.3772855103e-03
3.7857822463e-05 8.4499194054e-04 7.3342560790e-03
3.7146386603e-05 7.4458651943e-04 7.3364656419e-03
4.0232258470e-05 4.6678792387e-06 7.6231565326e-03
4.0232258470e-05 4.6678792387e-06 7.6231565326e-03
6.5766180342e-05 1.2103979243e-03 7.4538630433e-03
4.3428055506e-05 4.5147098717e-06 7.6231504790e-03
3.9660557377e-05 3.9109404315e-04 7.5926198624e-03
3.3107947093e-04 1.0951267323e-03 7.4413828552e-03
8.2664523507e-04 8.2992512034e-04 7.5372918509e-03
1.5118171461e-02 1.2039521971e-04 1.4328557067e-02
2.0637648180e-02 2.3555121516e-06 6.6171623766e-03
2.4049160233e-11 1.3557028922e-07 1.3225238072e-03
2.6997681868e-11 4.1787462379e-09 1.1032653674e-05
2.3283991055e-11 3.8034794869e-08 1.3731736690e-03
2.4721301395e-11 4.3287027296e-09 2.0291740075e-03
7.2885326517e-05 2.1263484086e-04 1.2136148975e-08
2.2148052230e-02 1.4862266973e-08 5.2600301892e-09
1.7584373194e-11 2.2245296277e-03 4.5574363838e-08
1.6451836421e-11 3.5965230794e-09 7.1049113758e-03
1.6451836421e-11 3.5966760681e-09 7.0196944289e-03
2.8125612950e-10 4.9106521516e-08 1.4279829763e-08
1.5256520006e-11 4.3246921599e-09 6.4353547059e-03
3.4634264207e-11 1.6592670571e-09 3.2079427115e-07
5.0693866797e-05 1.2314056221e-05 2.9488548171e-03
4.1607953194e-11 1.7801927243e-05 6.2285056629e-05
4.1830126168e-11 9.6814511963e-10 6.7409331450e-08
4.1673092060e-11 4.7570560127e-04 3.3860195003e-07
4.1009085017e-11 1.8276390401e-09 3.8117386225e-07
4.1009085017e-11 1.8276390401e-09 3.8117386225e-07
3.4687388378e-11 4.2475411988e-07 2.4863360522e-05
4.2370548042e-11 1.6276948678e-09 4.1542719118e-03
4.1516293875e-11 2.2174617698e-09 3.9619952440e-03
4.2420730123e-11 8.1440038047e-10 4.6549881808e-03
1.9775799956e-05 1.4218053366e-05 3.3630791586e-03
4.0613427700e-05 1.3880927327e-05 3.5045396071e-03
3.7485104258e-05 1.5520188468e-09 3.8290023804e-03
3.6400477256e-05 8.9372506409e-06 3.7796960678e-03
2.2014550268e-05 9.8658683783e-06 3.7453032564e-03
2.2014550268e-05 9.8658683783e-06 3.7453032564e-03
2.9904884286e-05 8.5701094577e-06 3.3879305702e-03
3.8754362322e-05 1.3654595932e-05 3.8911302108e-03
3.5058645153e-05 9.7457168522e-06 3.9060644340e-03
2.9903012546e-05 1.5304367480e-05 4.0184655227e-03
3.7076370620e-12 1.5326130365e-09 3.5462540109e-03
3.7076370620e-12 1.5326130365e-09 3.5462540109e-03
2.0030624000e-05 2.0167630282e-05 3.3857633825e-03
2.0859703000e-05 2.0426794435e-05 3.9807450958e-03
2.4500441214e-05 2.8846491418e-08 1.1632844107e-03
2.5952089345e-05 2.9488350265e-04 2.8972625732e-03
2.1009567718e-05 5.8721256210e-04 1.4689629897e-03
2.1289226424e-05 1.1169238715e-03 3.1985120586e-05
2.2186277420e-05 3.4914084245e-04 2.9202431906e-03
8.7040307335e-06 1.2825547856e-05 1.1082979618e-03
8.5525934992e-06 1.9652421543e-05 2.2465095753e-05
8.5525934992e-06 1.9652421543e-05 2.2465095753e-05
8.7104017439e-06 4.9071427202e-04 3.7231042515e-03
8.5193023551e-06 4.0610969882e-04 4.0680882521e-03
8.5193023551e-06 4.0610969882e-04 4.0680882521e-03
8.8697397587e-06 9.3003118309e-06 4.0206224658e-03
8.2773631220e-06 4.5227797818e-04 3.4682706464e-03
9.0613093562e-06 1.0680989362e-03 3.8004273083e-03
8.7064145191e-06 9.2885969207e-04 1.9235648215e-03
9.0369749159e-06 7.2634546086e-04 2.3915651254e-03
9.0369749159e-06 7.2634546086e-04 2.3915651254e-03
8.5811052486e-06 1.0045595700e-03 9.5173384761e-04
9.3080097940e-06 8.5785036208e-04 3.0864316504e-03
9.1314022939e-06 6.3589989441e-04 2.6636270341e-03
9.1289084594e-06 7.8167655738e-04 1.4501977712e-03
8.9881896201e-06 1.1008953443e-03 2.4013943039e-04
9.0358544185e-06 8.1326096551e-04 4.6606091200e-04
9.2779409897e-06 6.5480131889e-04 2.0170339849e-03
8.5092242443e-06 3.7004738260e-05 1.3684965670e-03
8.7636108219e-06 3.8378148020e-05 2.7224305086e-04
9.2349127954e-06 5.8774731588e-04 3.3834142960e-04
8.8720944404e-06 9.0753956465e-04 2.4197727907e-04
1.1744102267e-05 6.4638158074e-04 2.4004031729e-04
9.8208029158e-06 1.2331060134e-05 6.9962907583e-04
1.1405354599e-05 9.9139241502e-04 1.8313167675e-04
9.9923527159e-06 6.7283905810e-04 3.7354291999e-04
9.9923527159e-06 6.7283905810e-04 3.7354291999e-04
1.3242522073e-05 1.1258841259e-03 1.9900903571e-03
9.6329713415e-06 9.0440310305e-04 2.6868705172e-03
1.1463333976e-05 7.1091990685e-04 1.1608961504e-03
1.0544702491e-05 1.0217628442e-03 2.2220998071e-03
1.0544702491e-05 1.0217628442e-03 2.2220998071e-03
1.1304487089e-05 4.6684610425e-05 1.6974910395e-03
1.1148612430e-05 3.7050715036e-05 1.3578801008e-04
9.6697449408e-06 8.1481685629e-04 5.3622666746e-04
1.0867163837e-05 1.7132291759e-05 1.1699884199e-03
1.1093670764e-05 2.4048187697e-05 9.4207219081e-04
1.1093670764e-05 2.4048187697e-05 9.4207219081e-04
9.5988971225e-06 9.4210269162e-04 1.5778640518e-03
1.1866474779e-05 8.4777083248e-04 1.6421595355e-03
1.1831900338e-05 3.0770901503e-05 2.8542883229e-03
1.1721212104e-05 9.4101653667e-04 2.2317406256e-03
1.1079652722e-05 4.0076545702e-05 1.1605866021e-03
1.0075284990e-05 3.6318077036e-05 3.3842539415e-04
1.0075284990e-05 3.6318077036e-05 3.3842539415e-04
1.0971481970e-05 9.4098388217e-04 2.1355056670e-03
1.0222775927e-05 8.5891474737e-04 8.5040699923e-04
6.1474327231e-04 2.2130573634e-03 7.0766237332e-04
1.1382476659e-03 2.4128423538e-03 9.4750005519e-04
9.9849980325e-04 3.2974984497e-03 2.2432406865e-07
1.1541339336e-03 7.1273214417e-04 3.3177431760e-05
9.1007136507e-04 3.5142861307e-03 1.3286536159e-05
6.8109942367e-04 3.1089673284e-03 4.5677221351e-05
6.8979221396e-04 2.7035071980e-03 5.0169506721e-05
6.0678459704e-04 2.9374372680e-03 4.4600528781e-05
6.6900276579e-04 2.9248017818e-03 3.2505155104e-05
6.7951640813e-04 2.8907563537e-03 3.2281455788e-05
6.5158010693e-04 3.3637161832e-03 5.3133285837e-04
7.0575345308e-04 8.7642302969e-04 2.8284142900e-05
7.1372085949e-04 3.3505968750e-03 6.2817998696e-05
6.8362086313e-04 5.3559108637e-03 1.4955586266e-05
7.0412986679e-04 5.1792971790e-03 1.5871977666e-05
7.0412986679e-04 5.1792971790e-03 1.5871977666e-05
1.2971620308e-03 5.5469255894e-03 2.3304744801e-08
1.3479129411e-03 5.7322117500e-03 7.0625766568e-08
1.5034991084e-03 4.4747060165e-03 9.3474838650e-05
1.9760534633e-03 5.6859101169e-03 4.3124376958e-08
1.8573863199e-03 5.2133784629e-03 4.2797385191e-08
1.3583769323e-03 3.9359945804e-03 3.1036684959e-05
1.3583769323e-03 3.9359945804e-03 3.1036684959e-05
1.3564134715e-03 5.2892318927e-03 1.1446743109e-08
1.3218963286e-03 1.4936215011e-03 1.9676523152e-05
1.3047353132e-03 3.5415270831e-03 1.5013425170e-08
1.2702842942e-03 3.7692876067e-03 9.2842668664e-08
1.2712239986e-03 3.0773952603e-03 3.9795153839e-09
1.2732689502e-03 1.9487204263e-03 2.8648174943e-09
1.2000933057e-03 1.9609539304e-03 9.1797419373e-06
1.1491792975e-03 3.3953555394e-03 8.0576056938e-10
1.2247604318e-03 3.0740143266e-03 1.0048131216e-09
1.2312514009e-03 2.7057740372e-03 1.2928634829e-09
9.4843568513e-04 2.4051296059e-03 3.9333158384e-06
1.0061733192e-03 0.0000000000e+00 0.0000000000e+00
1.0061046341e-03 0.0000000000e+00 0.0000000000e+00
1.0061046341e-03 0.0000000000e+00 0.0000000000e+00
1.0054800659e-03 0.0000000000e+00 0.0000000000e+00
1.0054003214e-03 0.0000000000e+00 0.0000000000e+00
1.0054003214e-03 0.0000000000e+00 0.0000000000e+00
1.0021583876e-03 0.0000000000e+00 0.0000000000e+00
9.7392132739e-04 0.0000000000e+00 0.0000000000e+00
9.6056488110e-04 0.0000000000e+00 0.0000000000e+00
1.0072824080e-03 0.0000000000e+00 0.0000000000e+00
9.5652072923e-04 0.0000000000e+00 0.0000000000e+00
9.5652072923e-04 0.0000000000e+00 0.0000000000e+00
1.1287186062e-03 0.0000000000e+00 0.0000000000e+00
1.1047570733e-03 0.0000000000e+00 0.0000000000e+00
1.1289217509e-03 0.0000000000e+00 0.0000000000e+00
1.1289217509e-03 0.0000000000e+00 0.0000000000e+00
1.1289217509e-03 0.0000000000e+00 0.0000000000e+00
1.1126900790e-03 0.0000000000e+00 0.0000000000e+00
1.1125258170e-03 0.0000000000e+00 0.0000000000e+00
1.1138938135e-03 0.0000000000e+00 0.0000000000e+00
1.1407462880e-03 0.0000000000e+00 0.0000000000e+00
1.1897452641e-03 0.0000000000e+00 0.0000000000e+00
3.2056175172e-02 0.0000000000e+00 0.0000000000e+00
3.2056175172e-02 0.0000000000e+00 0.0000000000e+00
3.3579140902e-02 0.0000000000e+00 0.0000000000e+00
3.1324565411e-02 0.0000000000e+00 0.0000000000e+00
3.1324565411e-02 0.0000000000e+00 0.0000000000e+00
1.7652735114e-02 0.0000000000e+00 0.0000000000e+00
3.3939160407e-02 0.0000000000e+00 0.0000000000e+00
3.3939160407e-02 0.0000000000e+00 0.0000000000e+00
2.6521680877e-02 0.0000000000e+00 0.0000000000e+00
2.6521680877e-02 0.0000000000e+00 0.0000000000e+00
2.7785634622e-02 0.0000000000e+00 0.0000000000e+00
2.7785634622e-02 0.0000000000e+00 0.0000000000e+00
3.2747574151e-02 0.0000000000e+00 0.0000000000e+00
3.4748073667e-02 0.0000000000e+00 0.0000000000e+00
3.4748073667e-02 0.0000000000e+00 0.0000000000e+00
3.6081213504e-02 0.0000000000e+00 0.0000000000e+00
3.7230011076e-02 0.0000000000e+00 0.0000000000e+00
3.4182056785e-02 0.0000000000e+00 0.0000000000e+00
9.6149360761e-03 0.0000000000e+00 0.0000000000e+00
8.2608964294e-03 0.0000000000e+00 0.0000000000e+00
8.2744993269e-03 0.0000000000e+00 0.0000000000e+00
1.3514152728e-02 0.0000000000e+00 0.0000000000e+00
9.2206783593e-03 0.0000000000e+00 0.0000000000e+00
1.7560711130e-02 0.0000000000e+00 0.0000000000e+00
1.7423760146e-02 0.0000000000e+00 0.0000000000e+00
1.7423760146e-02 0.0000000000e+00 0.0000000000e+00
4.4419072219e-04 0.0000000000e+00 0.0000000000e+00
1.7988240579e-03 0.0000000000e+00 0.0000000000e+00
3.2510776073e-03 0.0000000000e+00 0.0000000000e+00
8.3755882224e-04 0.0000000000e+00 0.0000000000e+00
3.7346913014e-03 0.0000000000e+00 0.0000000000e+00
1.9458247349e-02 0.0000000000e+00 0.0000000000e+00
6.7375559593e-04 0.0000000000e+00 0.0000000000e+00
6.7375559593e-04 0.0000000000e+00 0.0000000000e+00
1.2197227916e-03 0.0000000000e+00 0.0000000000e+00
4.7138508409e-02 0.0000000000e+00 0.0000000000e+00
1.3146616518e-02 0.0000000000e+00 0.0000000000e+00
1.3146616518e-02 0.0000000000e+00 0.0000000000e+00
2.6390794665e-03 0.0000000000e+00 0.0000000000e+00
1.8928939477e-02 0.0000000000e+00 0.0000000000e+00
3.1644162846e-07 0.0000000000e+00 0.0000000000e+00
4.7649280168e-04 0.0000000000e+00 0.0000000000e+00
9.4968563644e-04 0.0000000000e+00 0.0000000000e+00
5.5404461455e-04 0.0000000000e+00 0.0000000000e+00
1.3123849640e-03 0.0000000000e+00 0.0000000000e+00
1.2993498705e-02 0.0000000000e+00 0.0000000000e+00
2.3854523897e-02 0.0000000000e+00 0.0000000000e+00
3.7433005869e-02 0.0000000000e+00 0.0000000000e+00
1.3005182147e-02 0.0000000000e+00 0.0000000000e+00
1.0379252024e-02 0.0000000000e+00 0.0000000000e+00
1.3844785281e-02 0.0000000000e+00 0.0000000000e+00
5.0211725757e-03 0.0000000000e+00 0.0000000000e+00
2.1901534870e-02 0.0000000000e+00 0.0000000000e+00
2.3192217574e-02 0.0000000000e+00 0.0000000000e+00
2.0071981577e-10 0.0000000000e+00 0.0000000000e+00
2.0071981577e-10 0.0000000000e+00 0.0000000000e+00
2.7515315026e-10 0.0000000000e+00 0.0000000000e+00
1.3076729977e-10 2.6551035699e-03 1.3354525436e-04
1.3700925117e-10 3.0136844143e-03 1.3855966972e-04
4.8346378984e-11 2.4701140355e-03 1.3537709310e-04
2.4865947842e-11 7.4615986086e-03 1.3042277715e-04
5.5719259068e-11 1.5555806458e-02 1.2905710901e-04
3.3136052929e-11 9.3750944361e-03 1.3370724628e-04
3.1891544960e-11 4.4558406807e-03 1.3309164206e-04
5.9698933297e-11 2.7120420709e-03 1.3040324848e-04
8.1016054976e-11 1.6551544890e-02 1.2462201994e-04
6.5363908730e-10 2.1267414093e-02 1.2469581270e-04
1.4092150780e-09 2.2415181622e-02 1.1329369590e-04
1.6809652281e-10 1.5727978200e-02 1.2313450861e-04
1.1839372815e-09 6.4974972047e-03 1.3330673391e-04
7.6619827150e-10 1.7925855936e-03 1.3323576422e-04
6.5311773767e-09 5.3902878426e-03 4.4454456656e-04
3.6892625066e-10 2.6333185378e-03 4.6630963334e-04
6.4065287797e-11 2.4763706606e-03 5.3372507682e-04
4.3601781385e-07 1.3155509718e-02 5.0751742674e-04
3.8612835596e-08 3.4260053188e-02 4.5102403965e-04
3.0549852426e-08 3.2381713390e-02 5.6307739578e-04
3.0546829066e-08 3.2393898815e-02 5.6275870884e-04
6.9961345162e-08 3.3335078508e-02 6.2129128492e-04
2.6608686809e-08 3.7300456315e-02 4.5701759518e-04
7.7950105037e-08 3.6850336939e-02 5.0524401013e-04
2.0488529276e-11 1.3235922903e-02 6.1121309409e-04
3.2360902846e-10 1.1288479902e-02 4.4539148803e-04
2.9149882508e-10 9.1966139153e-03 4.6786424355e-04
2.6593485747e-10 1.1070799083e-02 4.2193845729e-04
7.4656081317e-10 5.3261145949e-03 2.3924342531e-04
2.9080498010e-09 1.1141389608e-02 1.5260562068e-03
3.3076295036e-09 1.1474353261e-02 1.5725633129e-03
2.4321229475e-09 1.0978192091e-02 1.3258360559e-03
2.2041439784e-09 9.2454934493e-03 3.2600888517e-04
3.2012079654e-09 8.8341869414e-03 1.0408178205e-03
1.8883050679e-09 1.0591492057e-02 1.1766126845e-03
2.4555877332e-09 6.3568414189e-03 3.8681959268e-04
2.4555877332e-09 6.3568414189e-03 3.8681959268e-04
1.4458438891e-09 1.2416809797e-02 8.9293398196e-04
1.4349081923e-09 1.1840656400e-02 1.3447474921e-03
1.6774777123e-09 1.0240132920e-02 1.3498541666e-03
1.4161131157e-09 4.6111480333e-03 3.4509901889e-04
9.7174235325e-10 9.1112367809e-03 5.4282369092e-05
9.4504959414e-10 7.4652661569e-03 1.1383208766e-04
9.2076057889e-10 7.5701028109e-03 6.1738646764e-05
2.8735330782e-10 9.9680600688e-03 1.1910275789e-03
1.0744734963e-10 1.8488753587e-02 1.7168703489e-03
2.3820387329e-10 1.6130289063e-02 1.5122547047e-03
6.3905901404e-11 1.8941685557e-02 1.4411815209e-03
1.8416677905e-10 1.9646251574e-02 1.5020864084e-03
1.1097320285e-10 2.7162164450e-02 1.2905016774e-03
1.3202088034e-10 1.8176006153e-02 1.2209396809e-03
7.7570568024e-11 2.8029145673e-02 1.0686349124e-03
7.8564009465e-11 2.9297651723e-02 1.0320442962e-03
6.5479577316e-10 1.4139525592e-02 2.1946111519e-04
3.7805922282e-10 1.4535118826e-02 1.2477149721e-03
2.8993472370e-06 1.3460643589e-02 1.1745577212e-03
7.5119746725e-06 1.5514749102e-02 1.3800264569e-03
2.0358979780e-10 1.3507933356e-02 1.6758799320e-03
2.2788083879e-04 1.2526270933e-02 1.2962663313e-03
2.2788083879e-04 1.2526270933e-02 1.2962663313e-03
2.8510941193e-03 1.8476704136e-02 1.4654727420e-03
7.1417540312e-03 3.1946972013e-02 1.6146060079e-03
1.4145745126e-06 3.1020337716e-02 1.4476400102e-03
3.0976871494e-03 3.5189818591e-02 2.1084614564e-03
3.7016824353e-04 2.2998653352e-02 1.3473163126e-03
2.4896243121e-04 2.0244359970e-02 1.0590151651e-03
1.1378253112e-03 1.9539145753e-02 1.2856840622e-03
1.4508902677e-04 1.8744049594e-02 1.3350914232e-03
7.1242148988e-04 1.9945168868e-02 1.4923746930e-03
1.9276927924e-04 1.7678290606e-02 1.2726720888e-03
6.6166109173e-04 1.8124461174e-02 1.4616061235e-03
1.7773285799e-04 1.7877425998e-02 1.2729357695e-03
1.2614637380e-03 2.0272068679e-02 1.2545860372e-03
3.8683626917e-04 2.1895756945e-02 9.1360154329e-04
3.7134802551e-04 2.1671144292e-02 1.0035432642e-03
2.3867220152e-03 2.0478865132e-02 1.4421005035e-03
8.8149687508e-04 2.0710157230e-02 1.1210107477e-03
1.4899504604e-03 2.1706951782e-02 1.2905946933e-03
4.1961064562e-04 1.6993686557e-02 1.2154851574e-03
8.9822796872e-04 1.3768721372e-02 1.1625161860e-03
1.2239555363e-03 1.4616428874e-02 1.2562134070e-03
9.7779079806e-04 1.6338597983e-02 1.2147416128e-03
1.1868539732e-03 1.4592749067e-02 1.1769880075e-03
3.0600272585e-03 1.9080916420e-02 2.1606180817e-03
2.4098241702e-03 3.8604128640e-03 2.1538434085e-03
2.0817236509e-03 4.7684111632e-03 6.0484800488e-03
2.0985261071e-03 3.4953413997e-03 4.2369947769e-03
1.0195140494e-03 4.6650222503e-03 6.7340652458e-03
1.4383180202e-09 4.5166872442e-03 6.0790968128e-03
2.3561522830e-03 5.0061475486e-03 5.5397455581e-03
1.1356923496e-03 3.5614974331e-03 3.9976909757e-03
8.6576415924e-04 1.6388660297e-03 7.0616807789e-03
2.4405948352e-03 5.3506526165e-03 7.5806658715e-03
1.7591533251e-03 6.0485191643e-03 6.9894162007e-03
1.0853499407e-03 3.5657670815e-03 1.1033830233e-03
7.8862740338e-07 1.5317954822e-03 8.3448281512e-03
1.5422194077e-10 1.6527837142e-03 9.0846894309e-03
2.1417523310e-10 7.1819773875e-03 7.9286349937e-03
2.5539634296e-10 6.6423933022e-03 1.0051419958e-02
5.6633792100e-10 4.1433763690e-03 1.0381117463e-02
5.1392068379e-09 1.2799251126e-03 9.4621069729e-03
2.9488222975e-10 1.1070946930e-03 5.8916038834e-03
1.9615076230e-10 1.1152039515e-03 6.1571649276e-03
6.9626104882e-10 2.7760604862e-03 6.9276303984e-03
7.8328349362e-10 1.1234183330e-03 6.4993905835e-03
7.7503630180e-09 1.0010282276e-03 5.8799446560e-03
8.6055812476e-10 8.7119656382e-04 5.2897464484e-03
8.6055812476e-10 8.7119656382e-04 5.2897464484e-03
8.3109990001e-09 8.9153245790e-04 5.5799116381e-03
8.3109990001e-09 8.9153245790e-04 5.5799116381e-03
1.2531826599e-07 9.0055493638e-04 4.0522227064e-03
6.3998212285e-10 8.8693061844e-04 5.2482071333e-03
8.0785126192e-04 5.6262710132e-04 1.8832100322e-03
8.0785126192e-04 5.6262710132e-04 1.8832100322e-03
6.5980484942e-04 7.2340067709e-04 2.4429298937e-03
1.9833944680e-04 1.0995076736e-03 1.4320905320e-03
1.1253376009e-08 2.5919705513e-04 6.5738800913e-04
3.6136538256e-04 2.1875735547e-04 7.5434957398e-04
2.7496804833e-08 2.1263530653e-04 9.2082697665e-04
4.0787344915e-04 2.0728253003e-04 6.1424862361e-04
2.7083524756e-08 2.4265809043e-04 8.2390988246e-04
1.2677635652e-07 2.4620775366e-04 6.5408501541e-04
5.8516480550e-09 2.5952068972e-04 2.1368721500e-03
5.7187563129e-08 2.9463172541e-04 1.5489017824e-03
4.4967030099e-10 0.0000000000e+00 0.0000000000e+00
6.7852642387e-03 0.0000000000e+00 0.0000000000e+00
5.6066629477e-03 0.0000000000e+00 0.0000000000e+00
5.6066629477e-03 0.0000000000e+00 0.0000000000e+00
5.6066629477e-03 0.0000000000e+00 0.0000000000e+00
4.4327522628e-03 0.0000000000e+00 0.0000000000e+00
4.4327522628e-03 0.0000000000e+00 0.0000000000e+00
3.5793120041e-03 0.0000000000e+00 0.0000000000e+00
3.2510953024e-03 0.0000000000e+00 0.0000000000e+00
2.9815996531e-03 0.0000000000e+00 0.0000000000e+00
3.6430533510e-03 0.0000000000e+00 0.0000000000e+00
3.6684181541e-03 0.0000000000e+00 0.0000000000e+00
3.6684181541e-03 0.0000000000e+00 0.0000000000e+00
7.6561872847e-03 0.0000000000e+00 0.0000000000e+00
9.9604828283e-03 0.0000000000e+00 0.0000000000e+00
9.9604828283e-03 0.0000000000e+00 0.0000000000e+00
9.7087891772e-03 0.0000000000e+00 0.0000000000e+00
1.0180127807e-02 0.0000000000e+00 0.0000000000e+00
1.0779842734e-02 0.0000000000e+00 0.0000000000e+00
1.0814779438e-02 0.0000000000e+00 0.0000000000e+00
1.0814779438e-02 0.0000000000e+00 0.0000000000e+00
9.9512329325e-03 0.0000000000e+00 0.0000000000e+00
2.6086807251e-02 0.0000000000e+00 0.0000000000e+00
7.1097277105e-03 0.0000000000e+00 0.0000000000e+00
1.4717920683e-02 0.0000000000e+00 0.0000000000e+00
1.2266171165e-02 0.0000000000e+00 0.0000000000e+00
1.0158062913e-02 0.0000000000e+00 0.0000000000e+00
1.1098300107e-02 0.0000000000e+00 0.0000000000e+00
1.2233878486e-02 0.0000000000e+00 0.0000000000e+00
9.7664697096e-03 0.0000000000e+00 0.0000000000e+00
9.7664697096e-03 0.0000000000e+00 0.0000000000e+00
6.2890276313e-03 0.0000000000e+00 0.0000000000e+00
6.2890276313e-03 0.0000000000e+00 0.0000000000e+00
6.9131660275e-03 0.0000000000e+00 0.0000000000e+00
1.1397805065e-02 0.0000000000e+00 0.0000000000e+00
6.3989437185e-03 0.0000000000e+00 0.0000000000e+00
9.8127517849e-03 0.0000000000e+00 0.0000000000e+00
1.1355109513e-02 0.0000000000e+00 0.0000000000e+00
9.2616965994e-03 0.0000000000e+00 0.0000000000e+00
9.1603128240e-03 0.0000000000e+00 0.0000000000e+00
9.1603128240e-03 0.0000000000e+00 0.0000000000e+00
9.8947044462e-03 0.0000000000e+00 0.0000000000e+00
2.8367422521e-02 0.0000000000e+00 0.0000000000e+00
8.7036089972e-03 0.0000000000e+00 0.0000000000e+00
8.7036089972e-03 0.0000000000e+00 0.0000000000e+00
1.0074939579e-02 0.0000000000e+00 0.0000000000e+00
1.6387986019e-02 0.0000000000e+00 0.0000000000e+00
8.2814628258e-03 0.0000000000e+00 0.0000000000e+00
3.9592291046e-07 0.0000000000e+00 0.0000000000e+00
3.9592291046e-07 0.0000000000e+00 0.0000000000e+00
3.9592291046e-07 0.0000000000e+00 0.0000000000e+00
3.5963600453e-07 0.0000000000e+00 0.0000000000e+00
4.0269597434e-07 0.0000000000e+00 0.0000000000e+00
4.5101617729e-07 0.0000000000e+00 0.0000000000e+00
4.5101617729e-07 0.0000000000e+00 0.0000000000e+00
2.1467180034e-07 0.0000000000e+00 0.0000000000e+00
4.2570925984e-07 0.0000000000e+00 0.0000000000e+00
1.7284222054e-08 0.0000000000e+00 0.0000000000e+00
4.6797847375e-08 0.0000000000e+00 0.0000000000e+00
7.0770092009e-08 0.0000000000e+00 0.0000000000e+00
2.1149628537e-07 0.0000000000e+00 0.0000000000e+00
2.1149628537e-07 0.0000000000e+00 0.0000000000e+00
1.3776539909e-08 0.0000000000e+00 0.0000000000e+00
1.6302891481e-08 0.0000000000e+00 0.0000000000e+00
1.4708335527e-07 0.0000000000e+00 0.0000000000e+00
1.4708335527e-07 0.0000000000e+00 0.0000000000e+00
5.4012982531e-08 0.0000000000e+00 0.0000000000e+00
3.7299731304e-08 0.0000000000e+00 0.0000000000e+00
3.7301365552e-08 0.0000000000e+00 0.0000000000e+00
8.1487776527e-08 0.0000000000e+00 0.0000000000e+00
1.8115973432e-07 0.0000000000e+00 0.0000000000e+00
2.3434122559e-03 0.0000000000e+00 0.0000000000e+00
3.1084248330e-03 0.0000000000e+00 0.0000000000e+00
7.5018606149e-03 0.0000000000e+00 0.0000000000e+00
6.4735852182e-02 0.0000000000e+00 0.0000000000e+00
5.1957145333e-02 0.0000000000e+00 0.0000000000e+00
6.3289396465e-02 0.0000000000e+00 0.0000000000e+00
3.4942183644e-02 0.0000000000e+00 0.0000000000e+00
8.7578713894e-02 0.0000000000e+00 0.0000000000e+00
4.8125024885e-02 0.0000000000e+00 0.0000000000e+00
4.6836514026e-02 0.0000000000e+00 0.0000000000e+00
4.6836514026e-02 0.0000000000e+00 0.0000000000e+00
1.3952712715e-01 0.0000000000e+00 0.0000000000e+00
1.3952712715e-01 0.0000000000e+00 0.0000000000e+00
1.0860708356e-01 0.0000000000e+00 0.0000000000e+00
7.6415032148e-02 0.0000000000e+00 0.0000000000e+00
7.6415032148e-02 0.0000000000e+00 0.0000000000e+00
6.2708310783e-02 0.0000000000e+00 0.0000000000e+00
1.1294031143e-01 0.0000000000e+00 0.0000000000e+00
7.4267856777e-02 0.0000000000e+00 0.0000000000e+00
7.4267856777e-02 0.0000000000e+00 0.0000000000e+00
7.4267856777e-02 0.0000000000e+00 0.0000000000e+00
9.3050487339e-02 0.0000000000e+00 0.0000000000e+00
7.7951848507e-02 0.0000000000e+00 0.0000000000e+00
8.9328192174e-02 0.0000000000e+00 0.0000000000e+00
1.8820577860e-01 0.0000000000e+00 0.0000000000e+00
9.2255376279e-02 0.0000000000e+00 0.0000000000e+00
7.7842816710e-02 0.0000000000e+00 0.0000000000e+00
8.9359782636e-02 0.0000000000e+00 0.0000000000e+00
5.9579402208e-02 0.0000000000e+00 0.0000000000e+00
1.8313567340e-01 0.0000000000e+00 0.0000000000e+00
9.9112920463e-02 0.0000000000e+00 0.0000000000e+00
1.5035058558e-01 0.0000000000e+00 0.0000000000e+00
1.5884196758e-01 0.0000000000e+00 0.0000000000e+00
1.5884196758e-01 0.0000000000e+00 0.0000000000e+00
2.0945458114e-01 0.0000000000e+00 0.0000000000e+00
1.5806271136e-01 0.0000000000e+00 0.0000000000e+00
1.4945946634e-01 0.0000000000e+00 0.0000000000e+00
1.7550353706e-01 0.0000000000e+00 0.0000000000e+00
1.5245200694e-01 0.0000000000e+00 0.0000000000e+00
1.6140110791e-01 0.0000000000e+00 0.0000000000e+00
1.7579473555e-01 0.0000000000e+00 0.0000000000e+00
1.7579473555e-01 0.0000000000e+00 0.0000000000e+00
9.9068649113e-02 0.0000000000e+00 0.0000000000e+00
1.7934887111e-01 0.0000000000e+00 0.0000000000e+00
1.6678617895e-01 0.0000000000e+00 0.0000000000e+00
1.2535156310e-01 0.0000000000e+00 0.0000000000e+00
1.4854079485e-01 0.0000000000e+00 0.0000000000e+00
2.1737091243e-01 0.0000000000e+00 0.0000000000e+00
2.4394428730e-01 0.0000000000e+00 0.0000000000e+00
1.4788848162e-01 0.0000000000e+00 0.0000000000e+00
1.6345079243e-01 0.0000000000e+00 0.0000000000e+00
1.4555098116e-01 0.0000000000e+00 0.0000000000e+00
7.2221621871e-02 0.0000000000e+00 0.0000000000e+00
7.2221621871e-02 0.0000000000e+00 0.0000000000e+00
1.5864065289e-01 0.0000000000e+00 0.0000000000e+00
1.9298003614e-01 0.0000000000e+00 0.0000000000e+00
1.9298003614e-01 0.0000000000e+00 0.0000000000e+00
1.6032205522e-01 0.0000000000e+00 0.0000000000e+00
1.8359053135e-01 0.0000000000e+00 0.0000000000e+00
2.4208241701e-01 0.0000000000e+00 0.0000000000e+00
2.4208241701e-01 0.0000000000e+00 0.0000000000e+00
1.8260647357e-01 0.0000000000e+00 0.0000000000e+00
1.8693272769e-01 0.0000000000e+00 0.0000000000e+00
1.9858039916e-01 0.0000000000e+00 0.0000000000e+00
4.4204073735e-10 2.0460146479e-03 1.6076052561e-02
5.1991999594e-10 5.0540687516e-04 1.1082275771e-02
4.9325205032e-10 1.8443654990e-03 1.5993272886e-02
4.9833270843e-10 1.1140713468e-03 7.3861982673e-03
3.9432943022e-10 7.6247897232e-04 2.1817819215e-03
3.9438108335e-10 1.3308228226e-03 2.9138391837e-03
3.0978661303e-10 3.9054860827e-04 4.5767258853e-03
3.6073330434e-10 2.1885070018e-03 7.8474078327e-03
2.8501920823e-08 2.1136915311e-03 1.7716264352e-02
7.2184387356e-09 1.2664798414e-03 1.1788155884e-02
7.2184387356e-09 1.2664798414e-03 1.1788155884e-02
5.0452111822e-08 6.0900958488e-04 1.1663560756e-02
2.9689758207e-08 9.0001179842e-07 1.8053451553e-02
9.8764862955e-09 2.1218105394e-04 1.9597118720e-02
2.0632972664e-08 5.7375006145e-04 1.9406316802e-02
6.0718100769e-08 8.3071142853e-08 1.3276558369e-02
1.4576879259e-08 1.3169287172e-07 5.3077279590e-03
1.5571076650e-09 5.2144514484e-08 6.6009624861e-03
2.9271596258e-09 6.1487312450e-06 5.9221908450e-03
2.3086035306e-09 8.3439296361e-08 6.9739925675e-03
2.7933202418e-09 8.4996479188e-08 7.5184986927e-03
2.1427848385e-09 8.5068222688e-08 7.3324590921e-03
2.1388741889e-09 6.7888308308e-08 7.1040098555e-03
2.8177240541e-09 9.7499814444e-08 6.3498099335e-03
2.5119646363e-09 9.1660034229e-08 7.4549452402e-03
2.5119646363e-09 9.1660034229e-08 7.4549452402e-03
4.2520156285e-09 9.7714234926e-08 3.9366702549e-03
6.1876712643e-09 6.2562158121e-08 4.8811784945e-03
2.0669680089e-03 3.3834862988e-03 2.2220782936e-02
1.7145586899e-03 4.9166218378e-03 2.1658780053e-02
4.0380912833e-03 3.2180424314e-03 1.4384395443e-02
4.0380912833e-03 3.2180424314e-03 1.4384395443e-02
3.3942118753e-03 3.5722746979e-03 2.2773064673e-02
2.9060409870e-03 3.6548373755e-03 1.9677981734e-02
4.3318900280e-03 4.3923160993e-03 2.0799392834e-02
3.5219371784e-03 4.2274934240e-03 1.9279995933e-02
2.3558258545e-03 4.0333461948e-03 1.5052451752e-02
2.5126023684e-03 3.4967446700e-03 1.3032753952e-02
2.5126023684e-03 3.4967446700e-03 1.3032753952e-02
1.6966083786e-03 3.1292403582e-03 1.5419538133e-02
1.6938132467e-03 2.8579339851e-03 1.2337687425e-02
1.6305927442e-10 5.0289179198e-03 1.1138650589e-02
2.0016843919e-03 2.9620432761e-03 1.3075581752e-02
3.0632677954e-03 3.4532558639e-03 1.2123171240e-02
2.0720993634e-03 3.0173917767e-03 1.2259020470e-02
2.8070237022e-03 2.6665292680e-03 1.3091473840e-02
2.9786201194e-03 2.8576729819e-03 1.0895476677e-02
3.0709591229e-03 3.0984876212e-03 1.6524059698e-02
3.4797193948e-03 3.3296793699e-03 1.3413111679e-02
4.4235414825e-03 3.5895730834e-03 1.5917867422e-02
1.7477455549e-03 2.9020484071e-03 6.2930858694e-03
9.3899765741e-10 2.9360691551e-03 5.5753788911e-03
4.9681889713e-09 3.7022179458e-03 1.3885929249e-02
1.1718542803e-09 3.7745991722e-03 1.2707110494e-02
2.7951799098e-07 5.0015072338e-03 5.4629724473e-03
2.2055868243e-10 4.8119919375e-03 7.0109465159e-03
6.0077187669e-10 3.4728723112e-03 9.6858581528e-03
3.8313333062e-10 4.3286345899e-03 5.9741600417e-03
9.2558814213e-03 4.0279724635e-03 1.1237196624e-02
1.3677413369e-10 2.7147892397e-03 5.4098381661e-03
8.3937523887e-03 0.0000000000e+00 0.0000000000e+00
7.7462731861e-03 0.0000000000e+00 0.0000000000e+00
1.8452811901e-06 0.0000000000e+00 0.0000000000e+00
4.5351735316e-03 0.0000000000e+00 0.0000000000e+00
9.0335598215e-03 0.0000000000e+00 0.0000000000e+00
9.0335598215e-03 0.0000000000e+00 0.0000000000e+00
1.1045767856e-08 0.0000000000e+00 0.0000000000e+00
1.1045767856e-08 0.0000000000e+00 0.0000000000e+00
1.1045767856e-08 0.0000000000e+00 0.0000000000e+00
4.9297879450e-03 0.0000000000e+00 0.0000000000e+00
4.9297879450e-03 0.0000000000e+00 0.0000000000e+00
2.1675030837e-07 0.0000000000e+00 0.0000000000e+00
1.9555645064e-02 0.0000000000e+00 0.0000000000e+00
1.5262271278e-02 0.0000000000e+00 0.0000000000e+00
1.5106045641e-02 0.0000000000e+00 0.0000000000e+00
1.3064838946e-02 0.0000000000e+00 0.0000000000e+00
1.3064838946e-02 0.0000000000e+00 0.0000000000e+00
1.9721133634e-02 0.0000000000e+00 0.0000000000e+00
1.0485197417e-02 0.0000000000e+00 0.0000000000e+00
4.1960701346e-02 0.0000000000e+00 0.0000000000e+00
1.1628082953e-02 0.0000000000e+00 0.0000000000e+00
8.4017775953e-03 0.0000000000e+00 0.0000000000e+00
3.1223485246e-02 0.0000000000e+00 0.0000000000e+00
8.4017775953e-03 0.0000000000e+00 0.0000000000e+00
1.1674876325e-02 0.0000000000e+00 0.0000000000e+00
2.6237048209e-02 0.0000000000e+00 0.0000000000e+00
3.7241319660e-03 0.0000000000e+00 0.0000000000e+00
1.0959827341e-02 0.0000000000e+00 0.0000000000e+00
6.2760099769e-02 0.0000000000e+00 0.0000000000e+00
6.7893035710e-02 0.0000000000e+00 0.0000000000e+00
5.1559168845e-02 0.0000000000e+00 0.0000000000e+00
5.1559168845e-02 0.0000000000e+00 0.0000000000e+00
5.1559168845e-02 0.0000000000e+00 0.0000000000e+00
3.3252473921e-02 0.0000000000e+00 0.0000000000e+00
2.4679953232e-02 0.0000000000e+00 0.0000000000e+00
5.7693410665e-02 0.0000000000e+00 0.0000000000e+00
4.2323101312e-02 0.0000000000e+00 0.0000000000e+00
2.4417949840e-02 0.0000000000e+00 0.0000000000e+00
2.6180339977e-02 0.0000000000e+00 0.0000000000e+00
8.8320877403e-03 0.0000000000e+00 0.0000000000e+00
1.0472177528e-02 0.0000000000e+00 0.0000000000e+00
3.9230161346e-03 0.0000000000e+00 0.0000000000e+00
1.3420147660e-08 0.0000000000e+00 0.0000000000e+00
4.3605701272e-09 0.0000000000e+00 0.0000000000e+00
1.5505229101e-08 0.0000000000e+00 0.0000000000e+00
1.0186618660e-08 0.0000000000e+00 0.0000000000e+00
8.5360212252e-03 0.0000000000e+00 0.0000000000e+00
5.1558859404e-09 0.0000000000e+00 0.0000000000e+00
1.0699428010e-08 0.0000000000e+00 0.0000000000e+00
1.0619566559e-08 0.0000000000e+00 0.0000000000e+00
1.6804944103e-09 0.0000000000e+00 0.0000000000e+00
5.3256461463e-09 0.0000000000e+00 0.0000000000e+00
2.6418288712e-07 0.0000000000e+00 0.0000000000e+00
2.5086279720e-09 0.0000000000e+00 0.0000000000e+00
4.9759090182e-09 0.0000000000e+00 0.0000000000e+00
3.6044696117e-09 0.0000000000e+00 0.0000000000e+00
1.8745336394e-09 0.0000000000e+00 0.0000000000e+00
1.8745336394e-09 0.0000000000e+00 0.0000000000e+00
1.0209618928e-08 0.0000000000e+00 0.0000000000e+00
9.6240846403e-09 0.0000000000e+00 0.0000000000e+00
3.2409628314e-09 0.0000000000e+00 0.0000000000e+00
5.0919628514e-09 0.0000000000e+00 0.0000000000e+00
2.8643896144e-09 0.0000000000e+00 0.0000000000e+00
2.4196054049e-09 0.0000000000e+00 0.0000000000e+00
1.0797223382e-07 0.0000000000e+00 0.0000000000e+00
1.0797223382e-07 0.0000000000e+00 0.0000000000e+00
4.6413646260e-09 0.0000000000e+00 0.0000000000e+00
6.2059375416e-09 0.0000000000e+00 0.0000000000e+00
6.2059375416e-09 0.0000000000e+00 0.0000000000e+00
6.2059375416e-09 0.0000000000e+00 0.0000000000e+00
5.1879367469e-09 0.0000000000e+00 0.0000000000e+00
1.0840866871e-08 0.0000000000e+00 0.0000000000e+00
1.2841204544e-08 0.0000000000e+00 0.0000000000e+00
1.2614474798e-08 0.0000000000e+00 0.0000000000e+00
1.2218314360e-08 0.0000000000e+00 0.0000000000e+00
2.5736763831e-09 0.0000000000e+00 0.0000000000e+00
1.4971371698e-08 0.0000000000e+00 0.0000000000e+00
1.9954534025e-08 0.0000000000e+00 0.0000000000e+00
5.6560031680e-07 0.0000000000e+00 0.0000000000e+00
5.6560031680e-07 0.0000000000e+00 0.0000000000e+00
3.3970335434e-09 0.0000000000e+00 0.0000000000e+00
1.5457922942e-08 0.0000000000e+00 0.0000000000e+00
3.0446248189e-08 0.0000000000e+00 0.0000000000e+00
6.6056915493e-09 0.0000000000e+00 0.0000000000e+00
1.7689311349e-08 0.0000000000e+00 0.0000000000e+00
1.6280731430e-08 0.0000000000e+00 0.0000000000e+00
2.2665988197e-08 0.0000000000e+00 0.0000000000e+00
2.5872322951e-08 0.0000000000e+00 0.0000000000e+00
2.4269700916e-08 0.0000000000e+00 0.0000000000e+00
2.2894477006e-03 0.0000000000e+00 0.0000000000e+00
2.4700879564e-08 0.0000000000e+00 0.0000000000e+00
2.5836131456e-08 0.0000000000e+00 0.0000000000e+00
1.6465628860e-08 0.0000000000e+00 0.0000000000e+00
9.7036399893e-07 0.0000000000e+00 0.0000000000e+00
8.1056663767e-03 0.0000000000e+00 0.0000000000e+00
3.3598949813e-05 0.0000000000e+00 0.0000000000e+00
5.8836300276e-09 0.0000000000e+00 0.0000000000e+00
4.1327030686e-08 0.0000000000e+00 0.0000000000e+00
1.7668736400e-03 0.0000000000e+00 0.0000000000e+00
1.8369669306e-06 0.0000000000e+00 0.0000000000e+00
2.4602704798e-06 0.0000000000e+00 0.0000000000e+00
1.2018884554e-08 0.0000000000e+00 0.0000000000e+00
7.3183052507e-08 0.0000000000e+00 0.0000000000e+00
1.4119178786e-06 0.0000000000e+00 0.0000000000e+00
1.4119178786e-06 0.0000000000e+00 0.0000000000e+00
3.8774388145e-09 0.0000000000e+00 0.0000000000e+00
2.0332053907e-07 0.0000000000e+00 0.0000000000e+00
5.0971079618e-03 0.0000000000e+00 0.0000000000e+00
1.6300313064e-06 0.0000000000e+00 0.0000000000e+00
1.2432757765e-02 0.0000000000e+00 0.0000000000e+00
1.0684530251e-02 0.0000000000e+00 0.0000000000e+00
4.0724384598e-03 0.0000000000e+00 0.0000000000e+00
2.1630980340e-10 0.0000000000e+00 0.0000000000e+00
3.7685606458e-07 0.0000000000e+00 0.0000000000e+00
2.3475516642e-08 0.0000000000e+00 0.0000000000e+00
2.4053624657e-06 0.0000000000e+00 0.0000000000e+00
2.4053624657e-06 0.0000000000e+00 0.0000000000e+00
1.6872508013e-06 0.0000000000e+00 0.0000000000e+00
2.5927967329e-08 0.0000000000e+00 0.0000000000e+00
6.1716614255e-06 0.0000000000e+00 0.0000000000e+00
8.9093113331e-08 0.0000000000e+00 0.0000000000e+00
1.2152859708e-03 0.0000000000e+00 0.0000000000e+00
9.6155326901e-07 0.0000000000e+00 0.0000000000e+00
9.6155326901e-07 0.0000000000e+00 0.0000000000e+00
1.8625293023e-06 0.0000000000e+00 0.0000000000e+00
2.2025815838e-08 0.0000000000e+00 0.0000000000e+00
1.5718866209e-09 0.0000000000e+00 0.0000000000e+00
1.0712155607e-09 0.0000000000e+00 0.0000000000e+00
1.0476467471e-09 0.0000000000e+00 0.0000000000e+00
1.5469462378e-09 0.0000000000e+00 0.0000000000e+00
1.5718880642e-09 0.0000000000e+00 0.0000000000e+00
2.0601110533e-02 0.0000000000e+00 0.0000000000e+00
2.0601110533e-02 0.0000000000e+00 0.0000000000e+00
2.2813990712e-02 0.0000000000e+00 0.0000000000e+00
6.0605243780e-03 0.0000000000e+00 0.0000000000e+00
1.9922938198e-02 0.0000000000e+00 0.0000000000e+00
1.9922938198e-02 0.0000000000e+00 0.0000000000e+00
9.7824754193e-03 0.0000000000e+00 0.0000000000e+00
9.7824754193e-03 0.0000000000e+00 0.0000000000e+00
1.6195693985e-02 0.0000000000e+00 0.0000000000e+00
1.0016679764e-02 0.0000000000e+00 0.0000000000e+00
2.0406330004e-03 0.0000000000e+00 0.0000000000e+00
3.4360967111e-03 0.0000000000e+00 0.0000000000e+00
3.4360967111e-03 0.0000000000e+00 0.0000000000e+00
3.7639606744e-03 0.0000000000e+00 0.0000000000e+00
6.6693141125e-03 0.0000000000e+00 0.0000000000e+00
3.7368088961e-02 0.0000000000e+00 0.0000000000e+00
1.3755905442e-02 0.0000000000e+00 0.0000000000e+00
1.3755905442e-02 0.0000000000e+00 0.0000000000e+00
6.6088419408e-03 0.0000000000e+00 0.0000000000e+00
2.5163337588e-02 0.0000000000e+00 0.0000000000e+00
2.5163337588e-02 0.0000000000e+00 0.0000000000e+00
2.5163337588e-02 0.0000000000e+00 0.0000000000e+00
5.4375347681e-03 0.0000000000e+00 0.0000000000e+00
9.4565870240e-03 0.0000000000e+00 0.0000000000e+00
1.2537661009e-02 0.0000000000e+00 0.0000000000e+00
2.0847732667e-03 0.0000000000e+00 0.0000000000e+00
2.0847732667e-03 0.0000000000e+00 0.0000000000e+00
2.2008372471e-03 0.0000000000e+00 0.0000000000e+00
1.9429215463e-03 0.0000000000e+00 0.0000000000e+00
1.7941095866e-03 0.0000000000e+00 0.0000000000e+00
1.7941095866e-03 0.0000000000e+00 0.0000000000e+00
1.0280731367e-03 0.0000000000e+00 0.0000000000e+00
1.6567478888e-03 0.0000000000e+00 0.0000000000e+00
6.6019217484e-03 0.0000000000e+00 0.0000000000e+00
6.2942695804e-03 0.0000000000e+00 0.0000000000e+00
2.1972933784e-02 0.0000000000e+00 0.0000000000e+00
2.0579496399e-02 0.0000000000e+00 0.0000000000e+00
2.0579496399e-02 0.0000000000e+00 0.0000000000e+00
8.0505842343e-03 0.0000000000e+00 0.0000000000e+00
8.0505842343e-03 0.0000000000e+00 0.0000000000e+00
1.7267821357e-02 0.0000000000e+00 0.0000000000e+00
2.5655418634e-02 0.0000000000e+00 0.0000000000e+00
7.1034359280e-05 2.3194027599e-03 1.7842430389e-03
7.1034359280e-05 2.3194027599e-03 1.7842430389e-03
1.8659926354e-05 1.8907011254e-03 1.8915224820e-02
7.0360470090e-06 1.8226560205e-03 1.9634263590e-02
1.7773154832e-04 1.5373456990e-03 1.9498011097e-02
6.3318300818e-05 2.1789160091e-03 2.4929268286e-02
2.5972773074e-05 1.6177430516e-03 2.4041876197e-02
1.1522303248e-04 2.9404088855e-03 2.5267116725e-02
9.9584642157e-05 2.0438125357e-03 2.4273386225e-02
1.7572067736e-04 3.3431248739e-03 1.9394779578e-02
1.2808461906e-04 2.5154592004e-03 1.2512416579e-02
1.6097821936e-04 2.7855252847e-03 1.4240656048e-02
2.0096375374e-04 3.2914520707e-03 1.3434283435e-02
6.2887957029e-05 3.6963231396e-03 1.9900372252e-02
2.5381875457e-04 4.0261908434e-03 1.1454583146e-02
2.5522838769e-05 4.1154893115e-03 1.1954505928e-02
2.9175006784e-04 3.6065040622e-03 1.3843189925e-02
1.5165779041e-04 5.1022595726e-03 1.0265738703e-02
5.4502330022e-04 4.7995974310e-03 1.1609941721e-02
5.5026885821e-04 4.8970174976e-03 8.8371494785e-03
7.7074818546e-04 5.0953063183e-03 8.9197205380e-03
2.6572158094e-04 4.6518780291e-03 8.8798403740e-03
1.7654588191e-07 5.1190396771e-03 9.3443328515e-03
5.4040076066e-05 5.3049237467e-03 9.1701848432e-03
1.4236844145e-03 3.5749068484e-03 1.9508978352e-02
1.2106666109e-03 4.7696805559e-03 2.5628380477e-02
1.0016746091e-04 2.8847006615e-03 2.1369909868e-02
5.4481652523e-10 4.1908565909e-03 2.2293956950e-02
2.5361683220e-04 1.1699975468e-02 2.1565014496e-02
1.1950316839e-03 1.9823376089e-02 2.6964649558e-02
1.2359167158e-05 4.5975376852e-03 2.3641986772e-02
1.6136631893e-04 3.3115793485e-03 2.4924457073e-02
8.8855298236e-04 1.1153137311e-03 2.7519097552e-02
1.6770209186e-04 4.3137841858e-03 2.1943489090e-02
3.6224187352e-04 3.0848372262e-03 2.3879639804e-02
2.2887343948e-04 8.0320570851e-04 2.4163700640e-02
3.4643958788e-03 1.7360734055e-03 2.6570150629e-02
2.8485031798e-03 1.4591766521e-03 2.6121497154e-02
2.8485031798e-03 1.4591766521e-03 2.6121497154e-02
3.8858177140e-03 3.7943611387e-03 2.4895360693e-02
8.9425137267e-03 4.3827458285e-03 2.4506749585e-02
9.7539061680e-03 2.0374183077e-03 2.3416250944e-02
6.0685533099e-03 2.0173231605e-03 2.6444412768e-02
6.0685533099e-03 2.0173231605e-03 2.6444412768e-02
5.5130571127e-03 3.1527066603e-03 2.7360416949e-02
6.0589262284e-03 3.3966910560e-03 2.6226533577e-02
7.0211826824e-04 2.1278758068e-03 2.8557889163e-02
2.6298379526e-03 2.4480866268e-03 3.2670643181e-02
1.5617990866e-03 2.6627166662e-03 3.5194277763e-02
2.3531893101e-10 1.9489378901e-03 3.9720449597e-02
4.2933598343e-10 4.5059449039e-03 5.3550362587e-02
1.3036965393e-02 2.7163100895e-03 2.7138253674e-02
1.6008283588e-10 6.4790337346e-03 3.1955111772e-02
2.0963591973e-10 3.3750354778e-03 3.8290400058e-02
4.5819263939e-09 1.8967966316e-03 3.7149913609e-02
6.8820100729e-09 7.3269419372e-03 6.2246545696e-09
7.9897948308e-04 3.7412585225e-03 1.5808263794e-02
7.6078743305e-09 5.5061368039e-04 5.8256709017e-03
4.5683763439e-09 7.6585249044e-03 1.5241690576e-08
6.9799321878e-10 2.5897806045e-03 5.8467052877e-03
2.5318092067e-10 1.1475356296e-03 4.0634945035e-02
2.4484589356e-10 1.0836458532e-03 3.6368947476e-02
1.9320695044e-10 4.7753518447e-04 3.7063527852e-03
2.9916380484e-10 4.1467160918e-03 3.0244283522e-08
1.1202721389e-10 2.3207899358e-04 3.8183911238e-03
1.4622089650e-10 2.5872144033e-04 1.1326327920e-02
5.1371373821e-09 2.0930671599e-03 2.6290938258e-02
9.7484009753e-10 1.0148942471e-02 2.7051901445e-02
1.2371932645e-10 7.4084270746e-03 2.5436295196e-02
1.2306464181e-10 2.6503459085e-03 3.2311007380e-02
7.3381190013e-11 3.4172565211e-03 2.2501135245e-02
1.3684418876e-10 2.8785206378e-03 4.7993127257e-02
1.5566911094e-09 3.0905350577e-03 3.0606901273e-02
1.4339921472e-09 2.6250316296e-03 2.7071185410e-02
2.9526819878e-10 2.9473227914e-03 4.6602790244e-03
5.3925703902e-09 2.4317547213e-03 2.4121375754e-02
3.0123029071e-10 9.5807174221e-03 3.4726582468e-02
1.8587946460e-10 8.0851009116e-03 3.4837830812e-02
4.2915001414e-11 7.1018594317e-03 2.0020067692e-02
8.0352418053e-09 7.4218870141e-03 2.0776672289e-02
5.2044590859e-11 6.0882647522e-03 1.4827160832e-08
1.2762164936e-10 1.1110230349e-02 2.7125097811e-02
1.2910882086e-10 8.6404224858e-03 2.5220140815e-02
1.0582200671e-09 2.6079977397e-03 2.7495766059e-02
1.0582200671e-09 2.6079977397e-03 2.7495766059e-02
7.4900090694e-03 3.5027917475e-03 1.5590150841e-02
3.1809638257e-11 7.1171238087e-03 2.7743546292e-02
7.6871752019e-11 8.6519578472e-03 2.8473377228e-02
1.3757268898e-02 1.6439346364e-03 3.5727217328e-03
5.7180388896e-11 8.3670755848e-03 3.6252353340e-02
7.6262440416e-05 1.2104646303e-03 2.9463069513e-03
3.8461125951e-10 2.2452736739e-03 2.6853903989e-08
2.0917260554e-04 1.1380253127e-03 2.9761856422e-03
5.5927342618e-11 4.1316836141e-03 3.6081799772e-03
5.3406407768e-11 4.7081029043e-03 4.0866248310e-03
5.3061915972e-11 1.5920450678e-03 4.2957398109e-03
6.7558535155e-11 6.9224126637e-03 1.2111731805e-02
2.5688826066e-10 7.8804455698e-03 1.4146034606e-02
2.3491308898e-10 1.7941485858e-03 1.4603644609e-02
1.5459206137e-10 7.2491266765e-03 1.2009303086e-02
8.4553947672e-03 1.1697254376e-03 1.9615328711e-05
3.8563852112e-10 2.3401784711e-03 1.2246589176e-02
1.6507890075e-02 8.2426797599e-04 1.7930247122e-03
1.6158346087e-02 9.9373294506e-04 2.2896917071e-03
1.8985468753e-10 2.3928040173e-03 3.4399345594e-08
1.6199124977e-02 3.9893927169e-04 1.6732495278e-03
1.1443886906e-02 1.3587129069e-03 1.5125441132e-03
5.1172557287e-03 1.4710040705e-04 1.0345964085e-08
7.4330386706e-03 6.4584083157e-04 3.5447837998e-09
3.5865840036e-03 1.8854373775e-04 6.4075997841e-09
8.2997269928e-03 8.8340682851e-05 7.4172752385e-09
9.6216015518e-03 5.8801687555e-04 1.3773512328e-03
4.4756825082e-03 9.8987075035e-05 8.8074898486e-08
6.1203814112e-03 7.1606988786e-04 2.0342946518e-03
2.5543111842e-03 7.2358852776e-05 5.7529337738e-08
4.3503493071e-03 3.9150621160e-04 1.4175277840e-08
6.3638142310e-03 5.6097627385e-04 2.6286037173e-03
6.3577615656e-03 1.0594908381e-03 6.4643347287e-05
6.0866006679e-11 3.8415796589e-03 9.1681862250e-03
3.7107614204e-10 2.4818507954e-03 1.0426537134e-02
8.2261478528e-03 6.1666691909e-04 6.9093966158e-04
2.6409110054e-02 0.0000000000e+00 0.0000000000e+00
2.6581287384e-02 0.0000000000e+00 0.0000000000e+00
3.2279148698e-02 0.0000000000e+00 0.0000000000e+00
1.6487592831e-02 0.0000000000e+00 0.0000000000e+00
2.1034216508e-02 0.0000000000e+00 0.0000000000e+00
1.8841128796e-02 0.0000000000e+00 0.0000000000e+00
1.8841128796e-02 0.0000000000e+00 0.0000000000e+00
2.9369972646e-02 0.0000000000e+00 0.0000000000e+00
2.7934411541e-02 0.0000000000e+00 0.0000000000e+00
2.6922516525e-02 0.0000000000e+00 0.0000000000e+00
1.4286800288e-02 0.0000000000e+00 0.0000000000e+00
1.1497353204e-02 0.0000000000e+00 0.0000000000e+00
2.5734119117e-02 0.0000000000e+00 0.0000000000e+00
9.6475227807e-10 0.0000000000e+00 0.0000000000e+00
7.3071028395e-11 0.0000000000e+00 0.0000000000e+00
6.2318018801e-11 0.0000000000e+00 0.0000000000e+00
4.7198650543e-10 0.0000000000e+00 0.0000000000e+00
8.9607232745e-10 0.0000000000e+00 0.0000000000e+00
1.8765954068e-10 0.0000000000e+00 0.0000000000e+00
1.0301625109e-09 0.0000000000e+00 0.0000000000e+00
1.6863106744e-10 0.0000000000e+00 0.0000000000e+00
1.7979745470e-10 0.0000000000e+00 0.0000000000e+00
2.1660252758e-10 0.0000000000e+00 0.0000000000e+00
5.6778071134e-10 0.0000000000e+00 0.0000000000e+00
5.6778071134e-10 0.0000000000e+00 0.0000000000e+00
8.2657082567e-11 0.0000000000e+00 0.0000000000e+00
8.8342039239e-10 0.0000000000e+00 0.0000000000e+00
1.4583430297e-10 0.0000000000e+00 0.0000000000e+00
4.6133430409e-10 0.0000000000e+00 0.0000000000e+00
4.6133430409e-10 0.0000000000e+00 0.0000000000e+00
1.8784860334e-09 0.0000000000e+00 0.0000000000e+00
1.8784855893e-09 0.0000000000e+00 0.0000000000e+00
7.3808198442e-10 0.0000000000e+00 0.0000000000e+00
2.1636055447e-10 0.0000000000e+00 0.0000000000e+00
2.1864271504e-10 0.0000000000e+00 0.0000000000e+00
3.4099981172e-10 0.0000000000e+00 0.0000000000e+00
3.4099981172e-10 0.0000000000e+00 0.0000000000e+00
7.5337881766e-11 0.0000000000e+00 0.0000000000e+00
1.4971895945e-10 0.0000000000e+00 0.0000000000e+00
5.1290968001e-11 0.0000000000e+00 0.0000000000e+00
6.0815373570e-11 0.0000000000e+00 0.0000000000e+00
2.7735416186e-09 0.0000000000e+00 0.0000000000e+00
9.3934325596e-11 0.0000000000e+00 0.0000000000e+00
9.5638767739e-11 0.0000000000e+00 0.0000000000e+00
9.5638767739e-11 0.0000000000e+00 0.0000000000e+00
9.7873452398e-11 0.0000000000e+00 0.0000000000e+00
6.7843092255e-11 0.0000000000e+00 0.0000000000e+00
6.7843092255e-11 0.0000000000e+00 0.0000000000e+00
7.8613865417e-11 0.0000000000e+00 0.0000000000e+00
3.1433425307e-10 0.0000000000e+00 0.0000000000e+00
7.2924719596e-09 0.0000000000e+00 0.0000000000e+00
2.3672597216e-09 0.0000000000e+00 0.0000000000e+00
2.3672597216e-09 0.0000000000e+00 0.0000000000e+00
1.1431771973e-08 0.0000000000e+00 0.0000000000e+00
2.5247492985e-09 0.0000000000e+00 0.0000000000e+00
1.6924907309e-10 0.0000000000e+00 0.0000000000e+00
1.6924907309e-10 0.0000000000e+00 0.0000000000e+00
2.8534437035e-09 0.0000000000e+00 0.0000000000e+00
4.6929871100e-10 0.0000000000e+00 0.0000000000e+00
3.7088490612e-10 0.0000000000e+00 0.0000000000e+00
3.9254510193e-04 0.0000000000e+00 0.0000000000e+00
1.6165425768e-03 0.0000000000e+00 0.0000000000e+00
4.2682929779e-04 0.0000000000e+00 0.0000000000e+00
3.9056700189e-04 0.0000000000e+00 0.0000000000e+00
1.4248396037e-03 0.0000000000e+00 0.0000000000e+00
8.9384894818e-04 0.0000000000e+00 0.0000000000e+00
8.9384894818e-04 0.0000000000e+00 0.0000000000e+00
8.9384894818e-04 0.0000000000e+00 0.0000000000e+00
1.9388101064e-03 0.0000000000e+00 0.0000000000e+00
4.6854768954e-09 0.0000000000e+00 0.0000000000e+00
1.0127838468e-03 0.0000000000e+00 0.0000000000e+00
2.0106907250e-09 0.0000000000e+00 0.0000000000e+00
2.0106907250e-09 0.0000000000e+00 0.0000000000e+00
2.0106907250e-09 0.0000000000e+00 0.0000000000e+00
2.0106907250e-09 0.0000000000e+00 0.0000000000e+00
1.6735973718e-10 0.0000000000e+00 0.0000000000e+00
1.6890659704e-10 0.0000000000e+00 0.0000000000e+00
1.6890659704e-10 0.0000000000e+00 0.0000000000e+00
6.5418191697e-11 0.0000000000e+00 0.0000000000e+00
2.9892444076e-10 0.0000000000e+00 0.0000000000e+00
2.9892444076e-10 0.0000000000e+00 0.0000000000e+00
9.7584598180e-09 0.0000000000e+00 0.0000000000e+00
2.0926997912e-09 0.0000000000e+00 0.0000000000e+00
2.0926997912e-09 0.0000000000e+00 0.0000000000e+00
2.6898208660e-10 0.0000000000e+00 0.0000000000e+00
6.2780718402e-09 0.0000000000e+00 0.0000000000e+00
4.6379869389e-10 0.0000000000e+00 0.0000000000e+00
1.1558086710e-09 0.0000000000e+00 0.0000000000e+00
1.1558086710e-09 0.0000000000e+00 0.0000000000e+00
3.7762040717e-10 0.0000000000e+00 0.0000000000e+00
1.6436997541e-08 0.0000000000e+00 0.0000000000e+00
4.7437476169e-10 0.0000000000e+00 0.0000000000e+00
9.5085566088e-09 0.0000000000e+00 0.0000000000e+00
8.4768787545e-09 0.0000000000e+00 0.0000000000e+00
8.4768787545e-09 0.0000000000e+00 0.0000000000e+00
5.3019033608e-09 0.0000000000e+00 0.0000000000e+00
5.3019033608e-09 0.0000000000e+00 0.0000000000e+00
6.5244716296e-09 0.0000000000e+00 0.0000000000e+00
2.3107502578e-09 0.0000000000e+00 0.0000000000e+00
1.4228242584e-08 0.0000000000e+00 0.0000000000e+00
5.2046580379e-09 0.0000000000e+00 0.0000000000e+00
1.3808815202e-09 0.0000000000e+00 0.0000000000e+00
1.0339104017e-09 0.0000000000e+00 0.0000000000e+00
6.3843347275e-10 0.0000000000e+00 0.0000000000e+00
1.5070344972e-09 0.0000000000e+00 0.0000000000e+00
2.9258595546e-09 0.0000000000e+00 0.0000000000e+00
3.3988758474e-09 0.0000000000e+00 0.0000000000e+00
3.3988758474e-09 0.0000000000e+00 0.0000000000e+00
5.3172741765e-09 1.3062950457e-03 8.1596244127e-04
2.3475028588e-09 1.2088882504e-03 8.0944551155e-04
2.9959362990e-08 2.7724343818e-03 2.0305311773e-03
5.0917126515e-08 1.3379839947e-03 9.0560253011e-04
9.2817096231e-08 1.4484185958e-03 8.4956263890e-04
1.5907336559e-09 1.3809285883e-04 9.7173632821e-04
4.3914327730e-10 2.7529589715e-04 1.5072710812e-02
1.2382121994e-09 8.5255765589e-04 7.8407669207e-04
6.1109178828e-10 1.9494841108e-03 1.8376582302e-03
6.5409527794e-10 1.5658800257e-03 2.2005334031e-03
2.9769739451e-10 1.1677258881e-03 1.1119799456e-03
2.9736499374e-10 1.2730881572e-03 1.7219689908e-03
3.5608826998e-10 1.4285434736e-03 3.5451240838e-03
5.6406140869e-10 2.9914637562e-03 5.7747294195e-03
5.7799898201e-09 2.0555281080e-03 2.2426864598e-04
1.8504735522e-09 6.6326319939e-04 2.3050485470e-04
1.9775694415e-09 1.3852250995e-03 2.3074191995e-04
1.7077991243e-09 1.3729151106e-03 2.3013846658e-04
1.6396680680e-09 1.3651563786e-03 2.2964148957e-04
1.4586839514e-09 7.2877555795e-05 2.3466635321e-04
1.1679260892e-09 1.4390655560e-03 2.3486772261e-04
1.3950707256e-09 1.8941698363e-04 2.3687847715e-04
1.2374054004e-09 1.2575615256e-04 2.5889734388e-04
9.9652164298e-10 8.4086856805e-04 2.6319455355e-04
1.2116196935e-09 7.4674855568e-05 2.6326451916e-04
1.7762576965e-09 1.2659649365e-03 2.7407766902e-04
1.1980878512e-09 1.0841748444e-03 2.7479976416e-04
1.3162284596e-09 1.2713409960e-03 2.7942235465e-04
1.3648230324e-09 1.2742105173e-03 2.8093336732e-04
1.1100259600e-09 5.7370372815e-05 2.8805181501e-04
1.8876227248e-09 3.6654132418e-04 2.8109340928e-04
1.3610350180e-08 1.0727356421e-03 2.8567781555e-04
2.3765194257e-09 6.8685905717e-05 2.1968949295e-04
1.0952720952e-09 1.1973037617e-03 1.8061809533e-04
1.9388803896e-09 9.9539395887e-04 1.7423667305e-04
1.4209536880e-09 7.4457981100e-05 1.8634604930e-04
1.0093326175e-09 6.5254810033e-04 1.7939291138e-04
2.1823136631e-09 4.2850369937e-05 1.8163151981e-04
6.0493243748e-10 1.1138861300e-03 1.8648650439e-04
6.7499450473e-10 4.2571002268e-05 1.8651614664e-04
9.6897034840e-10 3.2114483474e-05 1.8918114074e-04
9.6661434412e-10 1.0816974100e-03 5.8858717900e-10
5.1305431015e-08 1.5466203913e-03 4.5207074195e-10
5.1305523385e-08 1.7737651942e-03 4.5207079746e-10
9.8961805417e-10 5.8317906223e-04 6.2828608982e-10
1.5278444065e-09 5.8023218298e-04 6.1840149668e-10
8.2835960313e-09 1.8606247613e-03 3.6001901460e-10
5.7051843250e-09 1.9676985685e-03 2.4370319096e-09
1.0944799733e-08 2.2227689624e-03 3.0962746256e-10
2.0373347454e-08 1.4171689691e-04 1.6429176908e-09
9.9768534767e-08 2.3561567068e-03 2.7339386310e-09
2.9224041853e-08 2.2982109804e-03 6.0827687332e-10
2.9055032158e-08 1.9775077235e-03 1.4118951563e-09
2.7431967808e-08 1.9079925260e-03 2.8169475641e-09
2.7431967808e-08 1.9079925260e-03 2.8169475641e-09
3.0026177410e-03 4.3532683776e-05 3.5592837566e-09
3.0026177410e-03 4.3532683776e-05 3.5592837566e-09
2.7031169739e-03 5.1195474953e-05 2.4959916356e-09
1.0494639166e-02 5.2123574278e-05 1.0651213245e-08
1.3073602458e-03 2.9728254958e-05 3.9598488377e-10
1.2663202360e-03 2.6897376301e-05 3.2193395172e-10
1.2021026574e-02 3.8932281313e-05 2.1975442299e-10
6.4786034636e-03 6.0863345425e-05 2.2414948035e-04
5.9094410390e-03 5.7271681726e-04 7.1921385825e-04
5.9094410390e-03 5.7271681726e-04 7.1921385825e-04
5.8326404542e-03 2.5384651963e-04 6.1630218988e-04
6.0837678611e-03 7.8809542174e-05 7.4306660099e-04
5.8290809393e-03 5.6233338546e-04 7.5693550752e-04
5.9610698372e-03 1.0439522885e-04 8.9500594186e-04
6.1892936938e-03 1.1389775318e-04 2.6648712810e-04
5.5657103658e-03 4.1706883349e-04 1.4963369210e-08
5.3849243559e-03 6.1046396149e-04 2.9345713415e-07
5.0590923056e-03 1.5137238661e-03 5.2269420848e-05
5.4495818913e-03 7.2147115134e-04 2.5164883482e-05
9.1982344165e-03 2.1950306837e-03 1.8885214226e-10
1.0890758596e-02 2.6508066803e-03 1.5756457250e-10
5.5530802347e-03 2.0539222751e-03 8.8470442279e-05
6.8952669390e-03 1.8180360785e-03 4.6042219765e-05
5.4346285760e-03 1.8808330642e-03 9.4305782113e-05
4.5008757152e-03 1.6871365951e-03 1.1645412451e-04
7.7538285404e-03 1.8624301301e-03 1.1367690604e-04
8.0031966791e-03 1.4438669896e-03 1.1463853298e-04
7.7777002007e-03 1.1419989169e-03 9.7785552498e-05
8.8596213609e-03 1.5097953146e-03 1.0514478345e-04
1.1294350028e-02 1.3003267813e-03 9.3902410299e-05
1.2541449629e-02 1.2749471935e-03 1.0551683954e-04
1.2956674211e-02 1.3092554873e-03 1.0221519187e-04
1.3202086091e-02 1.2217279291e-03 1.0170479072e-04
1.3181560673e-02 1.2209078996e-03 1.0084698442e-04
1.2918427587e-02 1.1906428263e-03 1.0275380191e-04
1.3084539212e-02 1.1894899653e-03 1.0088102863e-04
1.3814810663e-02 1.5249974094e-03 4.0379785787e-05
1.4350819401e-02 1.5537420986e-03 4.1258932470e-05
1.2954041362e-02 1.6040828777e-03 4.0336064558e-05
1.3100809418e-02 1.4067456359e-03 4.1487248382e-05
7.0513542742e-03 6.1211205320e-04 4.2174560804e-05
1.9490117207e-02 5.6365138153e-04 3.8364662032e-05
6.7509203218e-03 1.6471339623e-03 4.4738091674e-05
3.1008149963e-03 1.4610239305e-03 4.9361358833e-05
3.1008149963e-03 1.4610239305e-03 4.9361358833e-05
2.2379856091e-03 1.9561762456e-03 4.6421511797e-05
1.2975846417e-02 1.3301778818e-03 3.3616641304e-05
1.6814397648e-02 1.4511448098e-03 4.8984922614e-05
1.1913403869e-02 1.4648257056e-03 5.0429011026e-05
1.5464476310e-02 1.0942016961e-03 4.5301756472e-05
8.2270056009e-03 1.4495790238e-03 3.9475366066e-05
9.1250995174e-03 1.7313486896e-03 4.8487727327e-05
1.2771549635e-02 9.4208912924e-04 4.7887238907e-05
9.4772540033e-03 2.0029481966e-03 4.0822251322e-05
7.8594600782e-03 1.5529869124e-03 4.2143958126e-05
8.5272332653e-03 1.4176513068e-03 6.1879560235e-05
9.2639978975e-03 1.8669175915e-03 6.5006061050e-05
8.5173947737e-03 1.9297016552e-03 5.8787263697e-05
1.1583301239e-02 1.7829878489e-03 6.4417610702e-05
1.3008686714e-02 5.1940936828e-04 6.0739304899e-05
1.0790231638e-02 2.2277606186e-03 6.0761289205e-05
1.5177895315e-02 1.7314687138e-03 6.3264749770e-05
2.0488344133e-02 3.2005403191e-03 6.5060557972e-05
9.9072447047e-03 1.7597359838e-03 6.2485218223e-05
9.6410727128e-03 1.7492916668e-03 6.8074608862e-05
9.6410727128e-03 1.7492916668e-03 6.8074608862e-05
7.0908274502e-03 1.8231542781e-03 6.5622632974e-05
2.1104825661e-02 1.8080653390e-03 6.6368913394e-05
2.1104825661e-02 1.8080653390e-03 6.6368913394e-05
7.2664855979e-03 1.7016609199e-03 6.6982480348e-05
6.6231922247e-03 1.8167208182e-03 6.8655441282e-05
9.0137654915e-03 1.2772532646e-03 6.2206054281e-05
8.8373376057e-03 1.5832842328e-03 4.1747276555e-05
7.4729877524e-03 2.0973940846e-03 3.4385429899e-05
9.5036542043e-03 3.1458300073e-03 3.8298869185e-05
9.5589729026e-03 2.8748621698e-03 3.4449883970e-05
5.3175035864e-03 2.7409901377e-03 4.0353334043e-05
1.0381884873e-02 1.8086712807e-03 3.0552040698e-05
6.9631431252e-03 3.2253079116e-03 3.8069552829e-05
2.6084385812e-02 1.7756508896e-03 4.0144292143e-05
7.5434092432e-03 1.3751495862e-03 3.0325994885e-05
2.1319314837e-02 4.9657314084e-03 3.6892324715e-05
1.7096409574e-02 3.4581155051e-03 3.8170397602e-05
1.2989184819e-02 1.4371252619e-03 2.7085538022e-05
1.2989184819e-02 1.4371252619e-03 2.7085538022e-05
3.9981324226e-03 1.3726963662e-03 2.8128377380e-05
7.8198239207e-03 8.2929368364e-04 2.9150362025e-05
1.0924750008e-02 7.8757508891e-04 2.8410358937e-05
5.1580579020e-03 8.6261896649e-04 3.3804026316e-05
9.7085265443e-03 1.7577656545e-03 2.8630798624e-05
8.4609435871e-03 7.9100951552e-04 3.0100869481e-05
1.0461428203e-02 1.3917413307e-03 2.9073424230e-05
1.0461428203e-02 1.3917413307e-03 2.9073424230e-05
1.1050477624e-02 1.0320945876e-03 2.6627219995e-05
1.1262717657e-02 1.3587219873e-03 3.7657915527e-05
4.0121055208e-03 8.8924326701e-04 8.9444110927e-05
4.3579740450e-03 6.7592575215e-04 8.3569124399e-05
4.2673447169e-03 6.5706769237e-04 5.0824088248e-05
3.9291884750e-03 1.2445095927e-03 9.6515686892e-05
4.5679463074e-03 2.4349368177e-03 5.9880967456e-05
4.6700802632e-03 2.4051982909e-03 6.4506071794e-05
7.0254653692e-03 1.6865866492e-03 8.7109168817e-05
4.6312320046e-03 2.8944693040e-03 5.9046622482e-05
9.9348705262e-03 8.7481195806e-04 2.4733264581e-05
3.9883530699e-03 1.1739733163e-03 5.3436466260e-04
5.0498084165e-03 3.4324398730e-03 1.8170382828e-03
1.5794808045e-02 3.3553047106e-03 1.2052354403e-02
4.6860319562e-03 5.2115297876e-03 6.0672820546e-03
5.9011951089e-03 2.8356753755e-03 5.3905867971e-03
3.8757307921e-03 3.5585726146e-03 2.9337992892e-03
1.1283324100e-02 3.5386616364e-03 2.2599764634e-03
1.0974084027e-02 3.4781058785e-03 2.4124344345e-03
1.4984838665e-02 2.5520755444e-03 2.1743847057e-02
1.4984838665e-02 2.5520755444e-03 2.1743847057e-02
1.3606720604e-02 3.2397520263e-03 2.1166877821e-02
1.3782172464e-02 1.4196904376e-03 2.1788701415e-02
1.2954559177e-02 2.8319004923e-03 1.4699611813e-02
1.3770864345e-02 4.7382018529e-03 1.7014184967e-02
1.2856113724e-02 3.9934650995e-03 1.5111354180e-02
8.4258234128e-03 2.9594080988e-03 1.5279591084e-02
6.1187539250e-03 7.8140394762e-03 1.4271090738e-02
3.1899700407e-03 3.8804700598e-03 1.1403846554e-02
4.2135063559e-03 4.3608951382e-03 1.0983201675e-02
3.0568258371e-03 4.5558591373e-03 2.0308300853e-02
3.3020533156e-03 5.2971518598e-03 1.8070641905e-02
3.4498237073e-03 4.1199019179e-03 2.0268192515e-02
2.8437420260e-03 5.6599327363e-03 1.9352225587e-02
3.1905241776e-03 6.8931947462e-03 1.3637215830e-02
3.3216082957e-03 4.9967747182e-03 1.9625226036e-02
4.3173027225e-03 3.2042774837e-03 1.7690276727e-02
4.6358504333e-03 8.3567798138e-03 1.7381601036e-02
3.2887337729e-03 2.5234321132e-02 4.2224354111e-03
1.3296660036e-02 1.2378334999e-02 1.1686999351e-03
1.1885521002e-02 1.0698385537e-02 1.4667413197e-03
1.4392130077e-02 1.0420832783e-02 1.8042548327e-03
1.3470341451e-02 1.4198166318e-02 1.4661414316e-03
1.3470341451e-02 1.4198166318e-02 1.4661414316e-03
1.5642510727e-02 7.7112819999e-03 6.9509545574e-04
2.5959013030e-02 4.7225249000e-03 7.9051993089e-04
1.5408684500e-02 8.4848208353e-03 8.1390189007e-04
1.1991438456e-02 1.6241809353e-02 1.9182058750e-03
7.6499846764e-03 1.3119886629e-02 1.0617069202e-03
9.0501820669e-03 1.2725811452e-02 2.1564513445e-03
1.2430363335e-02 1.4126010239e-02 1.7604082823e-03
4.9105188809e-03 1.5934811905e-02 1.7375916941e-03
9.3429535627e-03 1.7642077059e-02 2.3876235355e-03
1.0590557940e-02 1.7548808828e-02 3.4241629764e-03
6.1341528781e-03 1.5038811602e-02 1.4144913293e-03
6.6875200719e-03 1.2106212787e-02 1.3327935012e-03
7.5052385218e-03 6.5456554294e-03 4.1113463230e-03
1.8339348957e-02 7.1964245290e-03 5.5846050382e-03
1.3071966358e-02 7.3415357620e-03 2.0425841212e-03
1.1945703067e-02 1.1134006782e-03 9.4234244898e-04
1.9301705062e-02 9.3370424584e-03 3.7828113418e-03
8.7318122387e-03 0.0000000000e+00 0.0000000000e+00
2.1117890719e-03 0.0000000000e+00 0.0000000000e+00
2.1117890719e-03 0.0000000000e+00 0.0000000000e+00
2.1701164078e-03 0.0000000000e+00 0.0000000000e+00
1.4925582946e-05 0.0000000000e+00 0.0000000000e+00
1.4925582946e-05 0.0000000000e+00 0.0000000000e+00
7.7029994827e-07 0.0000000000e+00 0.0000000000e+00
3.3348742872e-03 0.0000000000e+00 0.0000000000e+00
3.3348742872e-03 0.0000000000e+00 0.0000000000e+00
3.8875320461e-03 1.0555233806e-02 3.7477549165e-02
1.6562514938e-03 1.9760584459e-02 3.6884311587e-02
2.1952950569e-10 1.7277913168e-02 2.7430793270e-02
6.3157123975e-10 4.3286997825e-03 1.4588824473e-02
7.3047340848e-03 1.0229708627e-02 9.5242896350e-04
1.5600033104e-02 1.4514707960e-02 1.4092940837e-03
1.0627311654e-02 1.1683496647e-02 3.0553136021e-03
1.2453932315e-02 1.2452752329e-02 2.7883253642e-04
8.9541086927e-03 1.1377257295e-02 4.5953088556e-04
8.9541086927e-03 1.1377257295e-02 4.5953088556e-04
1.3331574388e-02 2.4709304795e-02 1.4946548035e-03
1.3331574388e-02 2.4709304795e-02 1.4946548035e-03
7.0972410031e-03 1.9049556926e-02 6.8356064148e-03
1.5066006221e-02 1.3817603700e-02 7.0532615064e-04
1.1543392204e-02 2.0022651181e-02 5.4054276552e-04
8.7680192664e-03 1.1427599937e-02 5.9959752252e-04
1.5345496126e-02 1.3931103982e-02 1.8558526644e-03
1.5486978926e-02 2.0431503654e-02 1.5502454480e-03
9.2796059325e-03 1.0361887515e-02 7.3074671673e-04
6.8536493927e-03 1.2250597589e-02 9.2350348132e-04
1.0645099916e-02 2.5265002623e-02 1.3126498088e-03
8.6360303685e-03 2.0845547318e-02 1.1261507170e-03
1.2720174156e-02 2.0574592054e-02 7.1673444472e-04
6.0875099152e-03 1.6222426668e-02 3.9438580279e-04
7.2854706086e-03 2.9893355444e-02 2.9912448954e-03
5.3727175109e-03 1.8720062450e-02 1.7308689421e-03
6.1670560390e-03 1.7626574263e-02 1.2145155342e-03
3.8222463336e-03 1.2041249312e-02 1.2836616952e-03
9.2827333137e-03 2.4759167805e-02 3.1420271844e-03
3.3930272330e-03 9.5643857494e-03 7.2003196692e-04
7.4350307696e-03 1.2554734014e-02 9.8131829873e-04
1.0010716505e-02 1.0478832759e-02 9.2095840955e-04
5.1974630915e-03 1.0332517326e-02 9.3388900859e-04
3.7233009934e-03 1.3909828849e-02 7.9514645040e-04
3.7233009934e-03 1.3909828849e-02 7.9514645040e-04
4.2722276412e-03 1.1609680951e-02 4.3935538270e-04
1.9457284361e-02 2.0533138886e-02 3.8182928693e-03
8.6229918525e-03 3.1932447106e-02 4.0657827631e-03
8.5204048082e-03 3.3227082342e-02 4.0663252585e-03
1.0130676441e-02 3.4165304154e-02 3.8323290646e-03
1.5800394118e-02 2.1288497373e-02 5.7477629744e-03
1.6578910872e-02 1.9217193127e-02 8.7629677728e-03
1.8812665716e-02 2.0601024851e-02 2.2124086972e-03
1.2923349859e-03 4.2799774557e-02 1.2021568604e-02
2.3491855245e-05 4.8493757844e-02 5.8354553767e-03
8.4255967522e-05 4.4591471553e-02 4.3387580663e-03
8.3382918092e-05 4.5280877501e-02 4.6347477473e-03
2.7377188671e-03 2.6150574908e-02 1.7214333639e-02
6.0375854373e-03 3.4000631422e-02 1.4002314769e-02
1.5324154811e-04 3.6304626614e-02 1.5861125663e-02
6.0949387262e-04 4.2827095836e-02 1.6155349091e-02
4.0861123125e-05 3.7433054298e-02 1.7946800217e-02
2.5148319538e-10 2.9718749225e-02 1.5092185698e-02
8.9157430239e-07 3.0392043293e-02 1.6382303089e-02
5.9463567403e-10 2.0619044080e-02 1.1240859516e-02
5.7810025282e-06 3.2155338675e-02 1.4013420790e-02
2.6581344059e-07 2.8055690229e-02 1.2882723473e-02
1.2991116382e-02 4.1848529130e-02 1.1159797199e-02
5.8135198196e-04 4.4219970703e-02 1.2625619769e-02
2.2655792534e-02 3.6978956312e-02 1.0694459081e-02
1.0638900130e-04 3.9484977722e-02 1.3971219771e-02
6.7918919378e-09 4.2483489960e-02 1.2113259174e-02
8.3003970985e-07 3.9135824889e-02 1.1662703007e-02
2.5628510425e-10 3.8231723011e-02 1.5692777932e-02
2.5629176434e-06 5.9292055666e-03 1.5210058773e-03
1.8070460406e-10 9.3186786398e-03 1.6494765878e-02
1.5326141067e-07 7.7085625380e-03 2.2398524452e-03
2.9256010947e-09 7.1581783704e-03 6.9432961755e-04
6.5348061185e-08 2.0049938932e-02 1.7645137385e-02
1.0375789861e-04 2.3417882621e-02 1.8388997763e-02
1.0418302887e-09 6.5857837908e-03 1.0159568861e-02
5.0702959697e-07 7.0492755622e-03 1.3836473227e-02
4.3208028728e-06 3.6220860202e-03 1.2835708447e-02
5.4818392528e-06 7.1997591294e-03 9.4434907660e-03
1.7701101696e-10 9.6242753789e-03 1.1095945723e-02
4.6324780817e-11 7.8471405432e-03 1.2225349434e-02
5.4306581454e-10 1.1560407467e-02 1.4643383212e-02
6.7761782296e-11 7.8081353568e-03 1.0465764441e-02
1.0814723055e-06 7.3106666096e-03 1.1322174221e-02
1.4646615865e-10 8.0773094669e-03 1.2769046240e-02
4.6284012734e-10 4.3062828481e-03 9.3984268606e-03
1.2153027196e-10 7.4889236130e-03 1.3199642301e-02
1.0650672184e-11 1.1974419467e-02 3.7629881408e-03
1.4431175005e-11 6.0162483715e-03 1.7809234560e-03
8.5359858071e-10 1.0088033043e-02 4.3588485569e-03
5.9881925807e-11 1.5467576683e-02 5.4964018054e-03
4.0455239159e-10 2.6370147243e-02 1.1040247977e-02
3.9743913022e-11 1.2360826135e-02 3.9031740744e-03
3.9743913022e-11 1.2360826135e-02 3.9031740744e-03
3.9743913022e-11 1.2360826135e-02 3.9031740744e-03
3.9636319227e-10 1.3648271561e-02 5.6049865671e-03
3.9636319227e-10 1.3648271561e-02 5.6049865671e-03
4.5942638582e-11 4.5028600842e-02 8.0119296908e-03
4.3493257884e-09 9.7338436171e-03 1.6611581668e-02
2.3987835448e-04 1.7959410325e-02 1.5522168018e-02
4.5545154453e-11 1.8507054076e-02 1.0822884738e-02
5.1280650733e-12 2.6816887781e-02 7.5093470514e-03
2.9081998962e-11 9.6137123182e-03 1.3297741301e-02
2.5957933758e-06 3.9719548076e-03 1.8704196438e-02
1.7482713055e-09 6.4612701535e-03 8.4657864645e-03
1.5108707885e-06 4.3095299043e-03 5.5016870610e-03
1.5430219719e-05 8.5510658100e-03 1.2704254128e-02
4.7426687577e-11 1.2219488854e-03 9.4982432202e-03
2.2828397050e-05 2.2722978611e-03 7.0102494210e-03
7.6551115447e-10 1.9605252892e-03 1.1298336089e-02
6.8483198279e-11 5.0498945639e-03 4.0658423677e-03
9.9385910612e-10 1.7862740206e-03 4.0975087322e-03
4.2240849707e-11 2.8741220012e-04 5.6668817997e-03
3.1361784697e-11 3.7471966352e-03 5.7247132063e-03
1.9387704983e-11 1.1279203318e-04 5.2430550568e-03
3.4876667526e-11 3.5064069089e-03 5.8709047735e-03
7.3800238169e-06 3.8486789912e-02 9.5532406121e-03
1.4637821550e-06 4.2962372303e-02 8.8595487177e-03
1.8172597108e-11 4.6394602396e-03 5.7376581244e-03
2.3577972907e-11 3.2991070766e-03 5.9636682272e-03
9.9525153637e-03 0.0000000000e+00 0.0000000000e+00
6.0186260380e-03 0.0000000000e+00 0.0000000000e+00
1.0625245981e-02 0.0000000000e+00 0.0000000000e+00
1.1460862122e-02 0.0000000000e+00 0.0000000000e+00
5.5703103542e-02 0.0000000000e+00 0.0000000000e+00
5.5897831917e-02 0.0000000000e+00 0.0000000000e+00
6.9902509451e-02 0.0000000000e+00 0.0000000000e+00
7.2556145489e-02 0.0000000000e+00 0.0000000000e+00
3.2557819039e-02 0.0000000000e+00 0.0000000000e+00
3.2557819039e-02 0.0000000000e+00 0.0000000000e+00
1.3561893255e-02 0.0000000000e+00 0.0000000000e+00
4.2842240073e-03 0.0000000000e+00 0.0000000000e+00
5.2830595523e-02 0.0000000000e+00 0.0000000000e+00
9.6288919449e-02 0.0000000000e+00 0.0000000000e+00
1.6128988564e-01 0.0000000000e+00 0.0000000000e+00
1.3985405862e-01 0.0000000000e+00 0.0000000000e+00
1.9323864952e-02 0.0000000000e+00 0.0000000000e+00
5.8651912957e-02 0.0000000000e+00 0.0000000000e+00
5.8651912957e-02 0.0000000000e+00 0.0000000000e+00
5.8651912957e-02 0.0000000000e+00 0.0000000000e+00
2.5277541950e-02 0.0000000000e+00 0.0000000000e+00
2.0906502381e-02 0.0000000000e+00 0.0000000000e+00
2.5277541950e-02 0.0000000000e+00 0.0000000000e+00
2.2753315046e-02 0.0000000000e+00 0.0000000000e+00
2.1769275889e-02 0.0000000000e+00 0.0000000000e+00
4.7940790653e-02 0.0000000000e+00 0.0000000000e+00
4.7940790653e-02 0.0000000000e+00 0.0000000000e+00
5.2164614201e-02 0.0000000000e+00 0.0000000000e+00
2.3802587762e-02 0.0000000000e+00 0.0000000000e+00
2.0226011053e-02 0.0000000000e+00 0.0000000000e+00
3.3849690109e-02 0.0000000000e+00 0.0000000000e+00
6.0799106956e-02 0.0000000000e+00 0.0000000000e+00
6.0799106956e-02 0.0000000000e+00 0.0000000000e+00
5.3818028420e-02 0.0000000000e+00 0.0000000000e+00
6.4571090043e-02 0.0000000000e+00 0.0000000000e+00
6.6929007880e-03 0.0000000000e+00 0.0000000000e+00
1.1861844687e-03 0.0000000000e+00 0.0000000000e+00
7.0094548166e-02 0.0000000000e+00 0.0000000000e+00
3.3211447299e-03 0.0000000000e+00 0.0000000000e+00
8.8975932449e-03 0.0000000000e+00 0.0000000000e+00
4.8677739687e-03 0.0000000000e+00 0.0000000000e+00
1.8831646070e-02 0.0000000000e+00 0.0000000000e+00
1.9279580563e-02 0.0000000000e+00 0.0000000000e+00
8.3084749058e-03 0.0000000000e+00 0.0000000000e+00
8.3084749058e-03 0.0000000000e+00 0.0000000000e+00
4.1160890833e-03 0.0000000000e+00 0.0000000000e+00
4.6934667043e-03 0.0000000000e+00 0.0000000000e+00
8.0119917402e-04 0.0000000000e+00 0.0000000000e+00
5.0863877554e-09 6.6869682632e-03 1.3724766904e-03
1.7534589059e-10 6.6104852594e-03 1.5853265068e-03
4.5921078051e-10 7.1147563867e-03 1.0478136828e-03
4.5507156377e-10 7.1028005332e-03 1.4524162980e-03
2.9940991908e-09 7.5606438331e-03 1.5981432050e-02
1.0622508428e-09 6.1461161822e-03 3.4120983910e-03
1.3461244341e-09 7.4974172749e-03 5.8415029198e-03
2.6512578799e-09 7.9155554995e-03 1.0680598207e-02
2.1536070705e-09 7.6067890041e-03 1.1038213037e-02
1.7373823491e-09 7.0622083731e-03 4.0257587098e-03
8.3720141930e-10 3.8772411644e-03 2.0537564997e-03
1.6669742253e-09 7.0444275625e-03 5.2755209617e-03
8.6906567276e-07 1.3942760415e-02 2.5217428338e-03
1.2753980627e-06 1.5880197287e-02 2.4279586505e-03
3.6240285795e-07 1.6897618771e-02 1.9379550358e-03
3.5744724869e-07 1.6486452892e-02 1.1159332935e-03
3.7952875687e-07 1.9827039912e-02 1.8527697539e-03
3.2062754940e-07 1.9080858678e-02 1.9026781665e-03
1.5595586547e-06 1.9484193996e-02 2.0519418176e-03
1.0080567563e-06 1.9572261721e-02 2.3562039714e-03
4.4997818804e-07 1.4717615210e-02 2.7621986810e-03
1.2785930039e-06 1.6546862200e-02 2.0138435066e-03
1.3497568716e-06 1.2652091682e-02 1.0676253587e-03
1.3417061382e-06 1.2447319925e-02 1.0616088985e-03
1.3417061382e-06 1.2447319925e-02 1.0616088985e-03
1.2857959746e-06 1.2558863498e-02 1.0236405069e-03
3.3443549796e-07 2.0903153345e-02 1.6059566988e-03
2.7102916533e-07 2.0496197045e-02 1.5047524357e-03
2.7312415796e-07 1.9201016054e-02 1.3471281854e-03
7.9220012594e-07 1.8890015781e-02 1.3190225000e-03
1.3286317824e-07 3.1295094639e-02 1.7095905496e-03
5.4555091111e-08 3.1569436193e-02 1.7705917126e-03
5.4555091111e-08 3.1569436193e-02 1.7705917126e-03
2.6369650641e-07 3.4204468131e-02 2.5220485404e-03
1.5842196888e-07 3.6579940468e-02 2.0466747228e-03
7.9161786459e-08 2.5892900303e-02 2.2113458253e-03
3.0175907995e-08 2.7133917436e-02 1.4459196245e-03
1.5496457451e-08 2.9340961948e-02 2.0421945956e-03
4.6783249497e-10 6.2107965350e-03 1.2001118157e-03
2.5191055839e-11 3.1017923728e-02 5.5423978483e-04
1.0457290589e-10 2.2744596004e-02 1.0147894500e-03
5.0639781257e-10 1.4643623494e-02 2.9353173450e-03
1.7911717942e-10 3.1408447772e-02 1.3467875542e-03
7.8547185423e-10 1.4717951417e-02 2.3367900867e-03
6.5462057997e-10 2.8197439387e-02 8.3600851940e-04
6.5462057997e-10 2.8197439387e-02 8.3600851940e-04
1.7155769860e-10 9.5324032009e-03 1.1245593196e-03
3.6734961739e-09 4.2302072980e-03 1.0646755109e-03
3.0892577385e-09 2.6112863794e-02 1.1973747751e-03
8.6901090490e-11 1.9911726937e-02 1.0824409546e-03
4.1436716280e-09 4.3577025644e-03 1.2398153776e-03
1.4579499066e-06 1.7796752974e-02 1.1827660492e-03
3.6831424950e-06 1.1543239467e-02 1.3019747566e-03
6.1695835107e-09 9.3698920682e-03 7.7698583482e-04
2.0871631090e-09 1.7151502892e-02 9.7313144943e-04
3.2550690321e-06 1.4218530618e-02 1.0778469732e-03
2.0613809326e-08 1.6664220020e-02 9.9481211510e-04
4.2683465096e-10 7.2056385688e-03 1.2121692998e-03
4.7005133297e-07 5.3867953829e-03 2.2064016666e-03
1.3308997238e-09 1.0226434097e-03 7.8767229570e-04
2.4488406858e-09 1.6318894632e-04 3.0974529218e-03
1.8865081302e-06 7.2783585638e-03 2.8808906209e-03
4.0991836592e-09 3.1019622111e-04 1.9105483079e-03
4.2406134071e-07 2.3543357383e-04 1.5685264952e-03
6.5988936537e-11 6.7837801762e-03 3.0263867229e-03
6.5988936537e-11 2.1174326539e-03 2.5886138901e-03
3.0501129400e-11 3.1911674887e-04 2.5045222137e-03
2.9418936037e-11 4.4109621085e-03 7.6118619181e-03
3.6911737555e-11 4.4684787281e-03 9.7347302362e-03
9.1999408092e-11 8.9422910241e-04 2.8822652530e-03
5.1449067229e-11 1.8548211083e-03 4.5038815588e-03
7.8426376504e-11 8.3441175520e-03 7.5765675865e-03
4.2054758981e-11 3.1619006768e-03 8.7954830378e-03
3.8384004308e-11 1.0988285067e-03 1.0985511355e-02
4.2953984813e-10 1.1137131369e-03 3.9592296816e-03
4.2953984813e-10 1.1137131369e-03 3.9592296816e-03
3.1207494922e-11 6.9113322534e-03 4.7231726348e-03
4.6822120833e-12 9.0760989115e-03 3.8232340012e-03
3.1303241249e-12 2.2991388105e-03 1.0161382379e-03
3.0757748778e-12 6.2779108994e-03 1.3072374277e-03
2.1223843863e-11 6.2180706300e-03 2.5005338248e-03
2.4451793021e-11 1.1458645575e-02 1.0420167819e-03
1.2677691362e-11 1.1541775428e-02 1.6322178999e-03
4.4601562027e-13 9.9753485993e-03 1.2057949789e-03
2.8313431244e-07 1.0136643425e-02 1.7421472585e-03
9.1136855007e-12 1.0274197906e-02 2.6461668313e-03
5.5813439807e-12 1.0789711028e-02 2.0698523149e-03
3.1756969016e-12 1.0640173219e-02 2.0459785592e-03
6.2775761152e-13 1.1186043732e-02 1.7610169016e-03
1.1622418522e-12 1.1018652469e-02 1.7799719935e-03
4.7688317295e-08 1.4462490566e-02 1.1917720549e-03
8.2525188072e-11 1.4238190837e-02 1.1920423713e-03
3.4695399331e-10 1.4267015271e-02 1.2371256016e-03
1.2124566906e-09 1.0299922898e-02 1.7596516991e-03
1.3046889125e-09 1.0948039591e-02 1.7998527037e-03
1.0073176737e-09 1.8397033215e-02 1.2499430450e-03
1.0073176737e-09 1.8397033215e-02 1.2499430450e-03
1.0073176737e-09 1.8397033215e-02 1.2499430450e-03
3.5437210499e-08 1.6553379595e-02 1.2004604796e-03
1.1309398751e-08 2.1595245227e-02 6.5567012643e-04
3.8226084624e-12 1.7926566303e-02 5.9680145932e-04
6.2248361132e-08 2.5323489681e-02 8.3325826563e-04
1.6227955939e-06 1.7710357904e-02 1.0605213465e-03
1.6227955939e-06 1.7710357904e-02 1.0605213465e-03
7.4167330749e-03 0.0000000000e+00 0.0000000000e+00
7.8830560669e-03 0.0000000000e+00 0.0000000000e+00
7.5830798596e-03 0.0000000000e+00 0.0000000000e+00
7.8543676063e-03 0.0000000000e+00 0.0000000000e+00
7.8271655366e-03 0.0000000000e+00 0.0000000000e+00
7.8056217171e-03 0.0000000000e+00 0.0000000000e+00
7.8661562875e-03 0.0000000000e+00 0.0000000000e+00
7.7759861015e-03 0.0000000000e+00 0.0000000000e+00
7.9736821353e-03 0.0000000000e+00 0.0000000000e+00
7.9701012000e-03 0.0000000000e+00 0.0000000000e+00
7.9701012000e-03 0.0000000000e+00 0.0000000000e+00
8.0763641745e-03 0.0000000000e+00 0.0000000000e+00
7.2923866101e-03 0.0000000000e+00 0.0000000000e+00
6.9750635885e-03 0.0000000000e+00 0.0000000000e+00
6.9750635885e-03 0.0000000000e+00 0.0000000000e+00
7.2436439805e-03 0.0000000000e+00 0.0000000000e+00
8.2419058308e-03 0.0000000000e+00 0.0000000000e+00
4.1245915927e-03 0.0000000000e+00 0.0000000000e+00
1.0621574707e-02 0.0000000000e+00 0.0000000000e+00
1.0621574707e-02 0.0000000000e+00 0.0000000000e+00
1.8874865025e-02 0.0000000000e+00 0.0000000000e+00
1.8327126279e-02 0.0000000000e+00 0.0000000000e+00
4.5302337967e-03 0.0000000000e+00 0.0000000000e+00
1.3250931166e-02 0.0000000000e+00 0.0000000000e+00
1.3521322049e-02 0.0000000000e+00 0.0000000000e+00
1.0068953969e-02 0.0000000000e+00 0.0000000000e+00
1.5695245937e-02 0.0000000000e+00 0.0000000000e+00
1.5382424928e-02 0.0000000000e+00 0.0000000000e+00
1.4909275807e-02 0.0000000000e+00 0.0000000000e+00
1.1531113647e-02 0.0000000000e+00 0.0000000000e+00
1.1847904883e-02 0.0000000000e+00 0.0000000000e+00
1.1500377208e-02 0.0000000000e+00 0.0000000000e+00
1.2007596903e-02 0.0000000000e+00 0.0000000000e+00
1.3781568967e-02 0.0000000000e+00 0.0000000000e+00
1.4080289751e-02 0.0000000000e+00 0.0000000000e+00
1.3534832746e-02 0.0000000000e+00 0.0000000000e+00
2.3675881326e-02 0.0000000000e+00 0.0000000000e+00
2.4079002440e-02 0.0000000000e+00 0.0000000000e+00
2.2773353383e-02 0.0000000000e+00 0.0000000000e+00
2.3624315858e-02 0.0000000000e+00 0.0000000000e+00
2.3624315858e-02 0.0000000000e+00 0.0000000000e+00
2.3537894711e-02 0.0000000000e+00 0.0000000000e+00
2.2433670238e-02 0.0000000000e+00 0.0000000000e+00
2.2242786363e-02 0.0000000000e+00 0.0000000000e+00
2.2433670238e-02 0.0000000000e+00 0.0000000000e+00
2.2433670238e-02 0.0000000000e+00 0.0000000000e+00
2.3185586557e-02 0.0000000000e+00 0.0000000000e+00
1.9070176408e-02 0.0000000000e+00 0.0000000000e+00
1.8878309056e-02 0.0000000000e+00 0.0000000000e+00
2.2724615410e-02 0.0000000000e+00 0.0000000000e+00
1.7113013193e-02 0.0000000000e+00 0.0000000000e+00
1.7057344317e-02 0.0000000000e+00 0.0000000000e+00
1.7360140337e-03 0.0000000000e+00 0.0000000000e+00
1.7360140337e-03 0.0000000000e+00 0.0000000000e+00
1.1180927046e-02 0.0000000000e+00 0.0000000000e+00
1.1225738563e-02 0.0000000000e+00 0.0000000000e+00
7.3338556103e-03 0.0000000000e+00 0.0000000000e+00
7.8430436552e-03 0.0000000000e+00 0.0000000000e+00
7.6999515295e-03 0.0000000000e+00 0.0000000000e+00
1.8459036255e-07 3.7734098732e-03 1.0031500630e-10
6.6585652530e-03 2.2748524789e-03 9.2391115591e-11
6.6585652530e-03 2.2748524789e-03 9.2391115591e-11
6.1378558166e-03 1.4965207083e-03 6.1041054156e-11
1.6444606707e-02 2.6218546554e-03 5.7464057818e-11
6.4594917931e-03 1.4698660234e-03 4.5260198367e-11
4.5586512424e-03 2.4978125002e-03 8.0341323871e-11
1.2338105589e-02 5.6200189283e-04 1.0964351649e-10
5.4856464267e-03 1.0167496512e-03 6.7136650406e-11
5.4856464267e-03 1.0167496512e-03 6.7136650406e-11
3.4583655652e-03 1.7203992466e-03 1.1695712454e-10
1.5725156292e-02 1.4005543198e-04 1.1193915239e-10
8.0557549372e-03 2.6661565062e-03 2.0124524269e-10
1.6396796331e-02 3.8275774568e-04 6.7631400480e-11
1.6339087859e-02 2.1000176203e-03 6.8000563513e-11
1.6339087859e-02 2.1000176203e-03 6.8000563513e-11
7.2838873602e-03 8.0033642007e-04 9.4631101566e-11
6.6409152932e-03 1.7707464285e-03 1.6144437176e-10
7.7086524107e-03 1.2677037157e-03 1.7791110452e-07
1.0287367040e-03 2.5705681765e-04 3.0975732396e-11
8.5586128989e-04 6.2685704324e-04 7.5188459625e-11
4.0450706729e-04 1.5202527866e-03 7.2606892720e-11
2.1864316659e-04 1.6710456694e-03 2.3570799826e-11
2.3490893363e-04 1.7695334973e-03 3.2798441046e-11
2.8035312425e-03 1.6972952290e-03 5.2533446343e-11
1.2463326566e-03 1.8235511379e-03 1.3278552480e-08
8.1383477664e-04 1.6177566722e-03 7.8940465755e-06
2.3156828247e-03 1.3660466066e-03 8.0810962089e-11
1.6872774577e-03 6.0980170965e-03 1.0022595948e-10
1.6195768258e-03 4.2814183980e-03 9.8971573992e-11
1.6195768258e-03 4.2814183980e-03 9.8971573992e-11
1.2076640269e-03 3.4305185545e-03 7.9513506890e-11
1.6442240449e-03 5.2826758474e-03 1.0456754906e-10
1.6442240449e-03 5.2826758474e-03 1.0456754906e-10
1.9510709681e-03 4.5305318199e-03 6.0533113244e-11
2.2992114536e-03 2.4083848111e-03 9.3623019060e-11
2.2992114536e-03 2.4083848111e-03 9.3623019060e-11
1.5967806103e-03 4.0186936967e-03 7.8370664125e-11
1.9126855477e-04 1.9480934134e-03 8.6727062865e-08
1.9532996521e-04 1.7824963434e-03 7.0472308544e-12
2.7528632199e-04 2.2366091143e-03 7.1268828512e-12
6.1526655918e-04 5.7852952741e-03 1.1391883097e-11
8.0122612417e-04 5.0114486367e-03 6.3552214706e-12
4.7337901196e-04 6.4539108425e-03 7.0015482127e-12
5.1307561807e-04 5.5354251526e-03 2.2897754873e-11
5.3480966017e-04 5.1944288425e-03 1.9510988311e-11
3.2901330269e-04 5.3982287645e-03 1.0537109379e-11
6.5497850301e-04 5.5052177049e-03 1.2842883007e-11
5.5543286726e-04 6.0414322652e-03 2.8933076421e-11
5.9579842491e-04 6.0785971582e-03 1.9995350861e-11
6.7109242082e-04 5.9042978100e-03 3.1764420955e-11
7.5890804874e-04 5.7540987618e-03 1.1943231994e-11
5.7914073113e-04 5.9228576720e-03 1.7070901984e-11
3.9044287405e-04 6.5528866835e-03 2.2353773346e-11
5.4279912729e-04 6.4945295453e-03 1.7229868574e-11
3.0271022115e-04 5.1359073259e-03 1.4850272054e-11
3.4402389429e-04 5.3659137338e-03 1.4746129665e-11
2.4749787990e-03 6.2732710503e-03 4.2711015280e-11
2.4271840230e-03 2.2177633364e-03 4.0969533321e-11
2.9480780941e-03 2.2056517191e-03 3.7858736979e-11
1.5944801271e-03 2.0263269544e-03 3.8025253085e-11
5.5693200557e-04 3.2644262537e-03 3.1839687137e-11
6.3313351711e-04 3.6785181146e-03 2.8780805864e-11
6.5969763091e-04 8.1746862270e-04 6.5327690209e-06
2.6272174437e-03 3.4530973062e-03 7.3069827966e-11
7.0895235694e-05 1.5675859759e-03 3.2294023549e-04
5.8839632402e-05 4.9990387633e-03 3.1219016261e-10
1.9753136439e-04 5.0272555090e-03 7.7138150034e-11
6.5933221777e-05 5.5240564980e-03 2.0170159987e-10
7.3084847827e-06 2.5110400748e-03 1.3315643882e-03
2.1611882839e-03 7.1250051260e-03 1.7446867284e-09
1.2032814993e-06 1.1290250113e-03 8.3302566782e-04
5.7172896959e-06 1.7784315860e-03 6.5301614814e-04
3.0984263049e-06 1.9526515389e-03 9.4904744765e-04
9.2680238595e-05 2.8007877991e-03 2.6951932814e-03
4.8751151189e-04 1.9439450698e-03 1.4672823017e-03
4.8751151189e-04 1.9439450698e-03 1.4672823017e-03
8.7296398124e-04 1.2097958243e-03 8.0912915291e-04
8.0359626736e-05 1.9286529860e-03 2.0321798511e-03
1.8369687314e-04 1.4989459887e-03 1.8843911821e-03
5.6853325077e-05 1.5301327221e-03 2.2477926686e-03
2.1042082517e-04 1.4350643614e-03 1.6887538368e-03
7.2913587792e-04 7.9173239646e-04 1.2069774093e-03
9.0476537373e-10 3.4076641896e-04 6.9947197335e-04
5.0690530884e-08 6.8874499993e-04 8.3693303168e-04
1.7839296262e-08 4.9256006605e-05 8.3232269390e-04
6.1471392421e-09 1.1544016888e-03 8.7774125859e-04
7.1269795621e-10 4.9803424190e-05 6.7656561732e-03
1.5842502989e-06 8.2356324128e-05 1.0248528561e-03
3.3055033418e-04 1.8718872452e-03 1.0850700783e-03
1.7545287265e-03 2.8786917683e-03 1.5477207489e-03
1.1035856318e-07 4.1031566798e-04 6.3043157570e-04
1.6523054924e-08 2.4498114362e-03 6.0982664581e-04
1.6523054924e-08 2.4498114362e-03 6.0982664581e-04
8.4476646123e-08 1.1976765236e-03 3.6268841359e-04
2.7882633731e-06 4.2658080929e-04 7.2084757267e-04
1.2151387807e-07 3.3333417377e-04 2.3187519982e-03
2.2466883465e-08 1.0221616685e-04 2.3827426776e-04
1.6429876268e-06 1.3645341387e-03 4.2048643809e-04
1.3552429436e-06 1.7240302404e-03 1.1594332755e-03
3.5817797084e-07 1.0061034700e-03 1.5870576026e-03
7.1892962694e-08 1.9330177747e-04 1.7507105367e-03
1.9133010731e-09 1.2401710264e-02 4.4521838427e-03
4.2787587362e-10 1.2091804296e-02 7.1608223952e-03
2.5081756672e-09 1.2935378589e-02 1.8772534095e-03
3.4882716160e-10 1.3878998347e-02 2.0057864022e-03
9.0461232949e-10 1.5981927514e-02 7.1315988898e-03
1.5919342233e-10 8.4113879129e-03 4.7870040871e-03
2.7705793215e-10 1.0754834861e-02 1.0473995470e-02
4.3011923884e-11 6.0609471984e-03 4.3122442439e-03
4.8848165096e-11 9.1207465157e-03 4.3534399010e-03
5.9321408896e-11 1.4620444737e-02 6.4759687521e-03
3.1484675977e-11 4.5791673474e-03 4.3520517647e-03
4.7228294192e-11 5.9643709101e-03 3.0809629243e-03
4.7228294192e-11 5.9643709101e-03 3.0809629243e-03
9.7387375941e-11 2.3562090937e-03 5.5488036014e-03
1.0014036128e-10 2.2494855803e-03 5.7492293417e-03
5.3910851477e-11 2.0086260047e-03 4.7532492317e-03
4.5436956281e-11 4.9082352780e-03 3.8875043392e-03
8.6804431698e-11 8.6560221389e-03 6.8677947856e-03
2.4506116247e-08 4.7282886226e-04 4.6073868871e-03
6.9750544229e-10 3.1456682336e-05 6.5027433448e-03
1.7735639624e-09 3.5457120248e-05 5.7458821684e-03
5.3271592693e-10 2.7335778213e-05 5.2535184659e-03
5.1248633115e-10 4.1904870886e-04 5.2160625346e-03
4.3843531583e-10 3.5555055365e-04 4.0188957937e-03
6.7977484752e-10 4.3731438927e-04 7.8483410180e-03
1.3607978078e-09 1.0885650991e-03 8.0640846863e-03
4.8355891513e-10 7.7843858162e-04 8.5964519531e-03
4.3728251575e-10 6.8078230834e-04 9.1803595424e-03
4.3728251575e-10 6.8078230834e-04 9.1803595424e-03
4.6082138105e-10 3.1658495573e-05 8.3639426157e-03
4.9092901966e-10 8.8882521959e-04 7.8136669472e-03
4.9092901966e-10 7.3411385529e-04 6.3502639532e-03
5.8254073787e-10 6.9405930117e-04 7.2223530151e-03
6.1331079104e-10 2.8405242483e-04 7.7646076679e-03
5.4037380126e-10 4.7531901510e-04 7.6816319488e-03
5.5483334593e-10 2.1044446839e-05 6.4568468370e-03
5.5039323099e-10 5.5833248189e-04 7.6906136237e-03
5.3563181668e-10 7.1510403359e-05 7.8066606075e-03
6.1376420613e-10 1.6930112906e-05 6.4451601356e-03
6.1376420613e-10 1.6922012946e-05 6.3542411663e-03
6.0652571854e-10 3.5645235652e-09 5.8234515600e-03
4.6442099847e-03 1.9388907901e-07 5.5381078273e-03
4.6442099847e-03 1.9388907901e-07 5.5381078273e-03
5.2802567370e-03 2.4639984986e-07 5.5703357793e-03
5.4410710000e-03 3.8402797031e-07 6.3669751398e-03
7.2511709295e-03 9.6552355444e-08 6.5988427959e-03
5.9471135028e-03 1.6108751879e-06 6.4780786633e-03
6.8292967044e-03 4.3161495000e-07 6.4786043949e-03
1.3925321400e-03 5.3600320825e-04 5.2696783096e-03
1.3925321400e-03 5.3600320825e-04 5.2696783096e-03
1.8886225007e-05 3.2637450204e-05 1.4066258445e-03
1.8886225007e-05 3.2637450204e-05 1.4066258445e-03
8.3704485121e-08 3.3020251431e-04 1.3089108979e-03
3.6558879074e-03 1.7486595607e-04 1.3381981291e-02
6.9536934607e-03 1.3952335576e-04 2.7257958427e-03
6.8216752261e-03 1.0980822844e-03 3.8123149425e-03
6.8216752261e-03 1.0980822844e-03 3.8123149425e-03
1.2183152139e-02 1.9148811698e-03 3.5333291162e-03
2.5254411623e-02 3.6623081542e-04 4.6331980266e-03
3.2849711715e-06 2.5706454835e-05 6.7635453306e-03
8.2005783916e-03 4.8759538913e-05 1.2160343118e-02
2.0449344618e-07 0.0000000000e+00 0.0000000000e+00
1.9739098847e-02 0.0000000000e+00 0.0000000000e+00
2.2384731099e-02 0.0000000000e+00 0.0000000000e+00
1.7047232017e-02 0.0000000000e+00 0.0000000000e+00
1.8223907799e-02 0.0000000000e+00 0.0000000000e+00
1.8223907799e-02 0.0000000000e+00 0.0000000000e+00
2.1499918774e-02 0.0000000000e+00 0.0000000000e+00
2.1499918774e-02 0.0000000000e+00 0.0000000000e+00
1.7491776496e-02 0.0000000000e+00 0.0000000000e+00
2.8228072450e-02 0.0000000000e+00 0.0000000000e+00
1.8005458638e-02 0.0000000000e+00 0.0000000000e+00
2.0972540602e-02 0.0000000000e+00 0.0000000000e+00
1.9535196945e-02 0.0000000000e+00 0.0000000000e+00
3.4704703838e-02 0.0000000000e+00 0.0000000000e+00
3.2688762993e-02 0.0000000000e+00 0.0000000000e+00
3.2280430198e-02 0.0000000000e+00 0.0000000000e+00
3.4699954093e-02 0.0000000000e+00 0.0000000000e+00
3.3096518368e-02 0.0000000000e+00 0.0000000000e+00
3.3096518368e-02 0.0000000000e+00 0.0000000000e+00
3.3362478018e-02 0.0000000000e+00 0.0000000000e+00
2.8090968728e-02 0.0000000000e+00 0.0000000000e+00
3.0671684071e-02 0.0000000000e+00 0.0000000000e+00
3.0671684071e-02 0.0000000000e+00 0.0000000000e+00
3.4422505647e-02 0.0000000000e+00 0.0000000000e+00
3.1926702708e-02 0.0000000000e+00 0.0000000000e+00
2.5530526415e-02 0.0000000000e+00 0.0000000000e+00
2.5530526415e-02 0.0000000000e+00 0.0000000000e+00
3.1701054424e-02 0.0000000000e+00 0.0000000000e+00
3.5911761224e-02 0.0000000000e+00 0.0000000000e+00
2.3950347677e-02 0.0000000000e+00 0.0000000000e+00
3.1076012179e-02 0.0000000000e+00 0.0000000000e+00
3.1076012179e-02 0.0000000000e+00 0.0000000000e+00
1.5674433973e-10 0.0000000000e+00 0.0000000000e+00
2.9862307012e-02 0.0000000000e+00 0.0000000000e+00
1.4886836208e-10 0.0000000000e+00 0.0000000000e+00
1.8931674284e-10 0.0000000000e+00 0.0000000000e+00
1.2317606657e-10 0.0000000000e+00 0.0000000000e+00
1.2317606657e-10 0.0000000000e+00 0.0000000000e+00
3.0819209293e-02 0.0000000000e+00 0.0000000000e+00
4.6004325151e-02 0.0000000000e+00 0.0000000000e+00
3.2284867018e-02 0.0000000000e+00 0.0000000000e+00
3.2284867018e-02 0.0000000000e+00 0.0000000000e+00
3.5541001707e-02 0.0000000000e+00 0.0000000000e+00
3.1240001321e-02 0.0000000000e+00 0.0000000000e+00
3.8698926568e-02 0.0000000000e+00 0.0000000000e+00
3.3972878009e-02 0.0000000000e+00 0.0000000000e+00
3.2885689288e-02 0.0000000000e+00 0.0000000000e+00
2.4410820333e-04 0.0000000000e+00 0.0000000000e+00
1.6161930398e-04 0.0000000000e+00 0.0000000000e+00
1.6161930398e-04 0.0000000000e+00 0.0000000000e+00
1.6912526917e-04 0.0000000000e+00 0.0000000000e+00
1.3740254508e-04 0.0000000000e+00 0.0000000000e+00
7.6800156385e-03 0.0000000000e+00 0.0000000000e+00
1.5657529235e-02 0.0000000000e+00 0.0000000000e+00
1.5136305243e-02 0.0000000000e+00 0.0000000000e+00
2.3270158097e-02 0.0000000000e+00 0.0000000000e+00
1.7125586048e-02 0.0000000000e+00 0.0000000000e+00
2.4457141757e-02 0.0000000000e+00 0.0000000000e+00
1.8244137987e-02 0.0000000000e+00 0.0000000000e+00
1.9307076931e-02 0.0000000000e+00 0.0000000000e+00
1.6056897323e-07 0.0000000000e+00 0.0000000000e+00
1.2001472525e-02 0.0000000000e+00 0.0000000000e+00
1.0202852078e-02 0.0000000000e+00 0.0000000000e+00
3.8526039134e-05 0.0000000000e+00 0.0000000000e+00
1.8904512748e-02 0.0000000000e+00 0.0000000000e+00
1.8904512748e-02 0.0000000000e+00 0.0000000000e+00
1.0809416883e-02 0.0000000000e+00 0.0000000000e+00
1.1888565155e-07 0.0000000000e+00 0.0000000000e+00
1.1888565155e-07 0.0000000000e+00 0.0000000000e+00
2.7263777331e-02 0.0000000000e+00 0.0000000000e+00
7.7695054642e-05 0.0000000000e+00 0.0000000000e+00
7.7695054642e-05 0.0000000000e+00 0.0000000000e+00
1.5641674399e-02 0.0000000000e+00 0.0000000000e+00
2.2475868464e-02 0.0000000000e+00 0.0000000000e+00
1.4324405231e-02 0.0000000000e+00 0.0000000000e+00
3.1246090308e-02 0.0000000000e+00 0.0000000000e+00
1.7640184611e-02 0.0000000000e+00 0.0000000000e+00
1.2476758100e-02 0.0000000000e+00 0.0000000000e+00
1.4338615350e-02 0.0000000000e+00 0.0000000000e+00
2.9727125540e-02 0.0000000000e+00 0.0000000000e+00
2.9727125540e-02 0.0000000000e+00 0.0000000000e+00
1.5418867581e-02 0.0000000000e+00 0.0000000000e+00
3.5373125225e-02 0.0000000000e+00 0.0000000000e+00
2.2764192894e-02 0.0000000000e+00 0.0000000000e+00
3.4005895257e-02 0.0000000000e+00 0.0000000000e+00
1.9671527669e-02 0.0000000000e+00 0.0000000000e+00
3.5331685096e-02 0.0000000000e+00 0.0000000000e+00
1.2523685582e-02 0.0000000000e+00 0.0000000000e+00
1.6640534159e-04 0.0000000000e+00 0.0000000000e+00
1.7959229881e-03 0.0000000000e+00 0.0000000000e+00
5.2516297437e-03 0.0000000000e+00 0.0000000000e+00
5.2516297437e-03 0.0000000000e+00 0.0000000000e+00
3.4064601641e-04 0.0000000000e+00 0.0000000000e+00
1.9266760210e-03 0.0000000000e+00 0.0000000000e+00
1.3856203295e-03 0.0000000000e+00 0.0000000000e+00
2.7468570042e-03 0.0000000000e+00 0.0000000000e+00
2.7468570042e-03 0.0000000000e+00 0.0000000000e+00
3.4620503429e-03 0.0000000000e+00 0.0000000000e+00
1.7689863453e-03 0.0000000000e+00 0.0000000000e+00
1.1912914924e-02 0.0000000000e+00 0.0000000000e+00
9.5862784656e-04 0.0000000000e+00 0.0000000000e+00
9.8788565083e-05 0.0000000000e+00 0.0000000000e+00
1.4145638561e-03 0.0000000000e+00 0.0000000000e+00
9.3302102759e-03 0.0000000000e+00 0.0000000000e+00
6.6947555752e-05 0.0000000000e+00 0.0000000000e+00
5.1906095905e-05 0.0000000000e+00 0.0000000000e+00
9.6495222533e-04 0.0000000000e+00 0.0000000000e+00
5.1283393987e-05 0.0000000000e+00 0.0000000000e+00
5.1283393987e-05 0.0000000000e+00 0.0000000000e+00
5.3135613598e-06 0.0000000000e+00 0.0000000000e+00
9.1194482520e-03 0.0000000000e+00 0.0000000000e+00
4.0413816738e-10 0.0000000000e+00 0.0000000000e+00
3.6459048715e-05 0.0000000000e+00 0.0000000000e+00
1.8859727788e-05 0.0000000000e+00 0.0000000000e+00
8.0611775047e-05 0.0000000000e+00 0.0000000000e+00
3.4334214433e-05 0.0000000000e+00 0.0000000000e+00
3.4334214433e-05 0.0000000000e+00 0.0000000000e+00
8.5977399722e-03 0.0000000000e+00 0.0000000000e+00
1.2402007123e-03 0.0000000000e+00 0.0000000000e+00
4.3389539184e-10 0.0000000000e+00 0.0000000000e+00
9.6538251455e-06 0.0000000000e+00 0.0000000000e+00
5.2838222473e-05 0.0000000000e+00 0.0000000000e+00
7.6705957763e-03 0.0000000000e+00 0.0000000000e+00
5.4562228797e-06 0.0000000000e+00 0.0000000000e+00
1.5938045181e-05 0.0000000000e+00 0.0000000000e+00
4.4707488996e-05 0.0000000000e+00 0.0000000000e+00
4.4707488996e-05 0.0000000000e+00 0.0000000000e+00
4.4707488996e-05 0.0000000000e+00 0.0000000000e+00
8.4898052737e-03 0.0000000000e+00 0.0000000000e+00
4.0227455429e-06 0.0000000000e+00 0.0000000000e+00
5.3513508647e-06 0.0000000000e+00 0.0000000000e+00
2.7442182207e-11 0.0000000000e+00 0.0000000000e+00
2.7442182207e-11 0.0000000000e+00 0.0000000000e+00
2.4571197507e-11 0.0000000000e+00 0.0000000000e+00
1.2608471327e-02 0.0000000000e+00 0.0000000000e+00
1.8325882033e-02 0.0000000000e+00 0.0000000000e+00
2.0746468010e-07 0.0000000000e+00 0.0000000000e+00
1.3449241407e-02 0.0000000000e+00 0.0000000000e+00
1.3444833457e-02 0.0000000000e+00 0.0000000000e+00
1.3507094234e-02 0.0000000000e+00 0.0000000000e+00
7.4190981686e-02 0.0000000000e+00 0.0000000000e+00
1.0470714420e-01 0.0000000000e+00 0.0000000000e+00
6.4876571298e-02 0.0000000000e+00 0.0000000000e+00
2.4252802134e-02 0.0000000000e+00 0.0000000000e+00
9.6959382296e-02 0.0000000000e+00 0.0000000000e+00
4.5667573810e-02 0.0000000000e+00 0.0000000000e+00
5.6559160352e-02 0.0000000000e+00 0.0000000000e+00
4.1639804840e-02 0.0000000000e+00 0.0000000000e+00
2.5011977181e-02 0.0000000000e+00 0.0000000000e+00
1.6833188012e-02 0.0000000000e+00 0.0000000000e+00
2.1722726524e-02 0.0000000000e+00 0.0000000000e+00
7.1806587279e-02 0.0000000000e+00 0.0000000000e+00
3.3292196691e-02 0.0000000000e+00 0.0000000000e+00
1.5386083163e-02 0.0000000000e+00 0.0000000000e+00
1.4927860349e-02 0.0000000000e+00 0.0000000000e+00
3.1562149525e-02 0.0000000000e+00 0.0000000000e+00
5.5610973388e-02 0.0000000000e+00 0.0000000000e+00
5.0402510911e-02 0.0000000000e+00 0.0000000000e+00
6.0256507248e-02 0.0000000000e+00 0.0000000000e+00
3.8655679673e-02 0.0000000000e+00 0.0000000000e+00
3.4075882286e-02 0.0000000000e+00 0.0000000000e+00
3.4039288759e-02 0.0000000000e+00 0.0000000000e+00
6.0159037821e-03 2.2589124274e-04 7.4439281889e-05
5.6592655007e-09 1.2832194567e-02 1.8504427746e-02
8.0220988020e-03 3.9666183293e-03 9.1944411397e-03
8.0220988020e-03 3.9666183293e-03 9.1944411397e-03
1.4031231403e-03 5.5860634893e-04 1.2139224447e-02
2.1749159321e-02 5.2587431855e-03 9.3250935897e-03
3.9862830192e-02 2.6279028971e-03 2.0589875057e-02
3.7680603526e-08 1.8974261358e-02 2.5328202173e-02
1.9030405696e-08 1.7931157723e-02 1.8989061937e-02
1.3882901051e-08 1.7647534609e-02 1.7799703404e-02
2.0852105692e-02 5.3930835566e-04 3.0537452549e-03
1.6352059320e-02 1.3062423095e-03 3.6047184840e-03
7.0582918823e-02 5.9747975320e-04 3.7588353734e-03
7.5306035578e-02 8.4136482328e-03 5.1743029617e-03
2.4350796934e-09 2.4220271036e-02 2.1364310756e-02
7.6976843178e-02 2.7491375804e-03 1.9713367801e-03
1.9858928397e-02 1.0880393675e-03 6.5897493623e-03
1.1778257787e-02 1.7745150253e-03 4.6251807362e-04
1.2654156424e-02 1.6384531045e-03 5.5734196212e-04
1.3947865926e-02 1.9344249740e-03 1.2912483653e-03
1.3756269368e-07 6.4809457399e-03 6.0493308119e-03
1.0075248014e-07 8.5551729426e-03 6.3189924695e-03
1.0572325438e-02 1.3402532786e-03 5.5101764156e-04
1.1468918274e-05 1.7476186156e-02 1.3342904276e-04
1.1468918274e-05 1.7476186156e-02 1.3342904276e-04
2.6833257289e-04 8.7101012468e-03 5.3976866184e-05
3.9885225124e-04 8.2073025405e-03 3.6102745071e-05
2.0120172121e-04 1.0831537656e-02 7.3618284659e-05
2.7620341280e-04 7.7384300530e-03 6.9658417488e-05
6.9375488465e-08 5.4813516326e-03 3.7198369682e-05
4.1869655252e-04 3.2173080835e-03 4.9864262110e-05
8.4423930957e-08 7.3435171507e-03 4.2406823923e-05
7.5142047251e-08 9.3718053540e-04 3.0606413929e-05
2.5029990866e-05 5.1742754877e-03 7.1248236054e-05
2.7853388929e-08 9.8453043029e-03 8.2615813881e-05
1.1451373894e-07 1.0018326342e-02 9.1569410870e-05
3.1314659736e-06 1.0320166126e-02 9.0751069365e-05
1.3113308341e-05 1.0684291832e-02 9.0005334641e-05
9.6097510323e-06 1.1091012508e-02 8.5289590061e-05
1.2069004588e-02 4.6145957895e-03 1.3168697421e-07
5.6584752165e-03 5.4979398847e-03 4.6421710920e-10
1.0478612967e-02 6.1077126302e-03 1.7763694682e-10
1.2616679072e-02 4.4201682322e-03 1.1990088089e-10
9.9119627848e-03 5.7716779411e-03 1.3659604114e-08
1.1379136704e-02 3.8128017914e-03 6.4242900407e-05
8.2271220163e-03 7.6264832169e-03 6.7958608270e-05
1.1845746078e-02 2.8146270197e-03 8.4735183918e-05
1.1845746078e-02 2.8146270197e-03 8.4735183918e-05
1.3341492973e-02 5.4650916718e-03 8.7676518888e-05
2.2573804483e-02 7.6306606643e-03 8.8452688942e-05
1.3959884644e-02 8.6298482493e-03 8.8968816272e-05
1.3331637718e-02 7.4002891779e-03 1.0816330905e-04
6.3331276178e-03 2.5005958193e-08 8.2790735178e-05
1.0575343855e-02 7.7974868873e-07 8.3938241005e-05
1.0478872806e-02 7.6148629887e-05 9.8764750874e-05
1.5030319802e-02 2.6553801727e-03 1.1275571887e-04
5.1115485840e-03 6.6980342381e-03 1.1125428864e-04
4.3884050101e-03 7.1180983241e-07 9.2228350695e-05
1.6749823466e-02 1.0100837926e-06 9.0377412562e-05
5.8109383099e-03 1.3881292205e-07 9.5201678050e-05
5.0829034299e-03 2.3940776828e-06 9.5425668405e-05
1.1199714578e-07 1.5318444930e-02 1.0409927927e-04
9.9426195277e-08 1.5503730625e-02 1.1719698523e-04
6.7346147262e-03 3.9115031250e-03 8.5837556981e-05
3.2740015854e-07 1.7024250701e-02 8.9346081950e-05
8.7342606857e-03 3.6738768686e-03 8.5261555796e-05
7.1166059934e-03 5.1378249191e-03 9.1891422926e-05
4.1452655569e-03 1.3810788514e-03 9.1232002887e-05
3.9279428311e-03 2.1145388018e-03 1.2787859305e-04
3.9279428311e-03 2.1145388018e-03 1.2787859305e-04
6.1280876398e-03 5.9960982762e-03 9.2424685135e-05
7.3802922852e-03 8.5830222815e-03 1.9436572984e-05
7.3802922852e-03 8.5830222815e-03 1.9436572984e-05
9.9496589974e-03 6.2496103346e-03 7.6938893471e-05
6.7105496271e-08 2.0662762225e-02 7.5129573816e-05
6.6274530752e-08 2.2125534713e-02 1.3325830514e-04
5.5988738978e-08 2.4813771248e-02 1.3877342280e-04
2.8695794185e-07 1.9729718566e-02 1.1563774751e-04
1.6506578504e-07 2.3726886138e-02 1.1462825933e-04
1.6498837620e-02 6.6443658434e-03 1.1123771401e-04
1.6486888751e-02 6.8282834254e-03 1.3809813936e-05
2.1681321785e-02 1.3021394610e-02 1.1406047270e-04
1.5633730218e-02 1.0440747254e-02 1.0136270430e-04
1.5764756128e-02 1.2793703936e-02 3.1702667911e-05
1.9738802686e-02 1.0927925818e-02 7.5568539614e-05
7.6806094818e-10 3.8448322564e-02 1.6330025392e-04
7.9188405833e-10 3.7402454764e-02 1.0845006909e-04
7.9188405833e-10 3.7402454764e-02 1.0845006909e-04
1.6676290571e-08 3.7049163133e-02 9.4700233603e-05
7.9456574653e-10 3.9402823895e-02 7.8311211837e-05
7.4514944215e-10 3.8705144078e-02 7.9586228821e-05
2.0574534312e-02 9.8626054823e-03 7.7106786193e-05
6.9839939387e-10 3.5698082298e-02 4.8248126404e-05
7.6181988495e-10 3.5774286836e-02 7.6984440966e-05
8.4009305068e-10 3.6045588553e-02 7.0410809712e-05
1.0644532740e-02 1.2922145426e-02 4.9936104915e-05
1.0644532740e-02 1.2922145426e-02 4.9936104915e-05
4.7725226437e-08 3.6835614592e-02 3.3402600820e-05
1.1912230402e-02 1.6134118661e-02 3.2139269024e-05
3.3349953910e-09 5.6979984045e-02 1.0631496116e-04
3.4051093056e-09 5.6639898568e-02 8.6994790763e-05
2.3334404454e-02 7.4046240188e-03 6.6482578404e-05
2.0551420748e-02 8.4583731368e-03 3.9162612666e-05
5.3854289916e-09 5.7984385639e-02 7.3550203524e-05
2.2837186232e-02 2.8357535601e-02 5.5086988141e-05
2.2837186232e-02 2.8357535601e-02 5.5086988141e-05
1.4923776500e-02 1.3863923959e-02 6.8920788181e-05
1.4907683246e-02 3.0222192872e-03 8.8421533292e-05
2.0966561511e-02 3.2090491150e-03 8.0999583588e-05
2.6334427297e-02 2.2355231922e-03 2.0945764845e-05
1.9707506523e-02 3.2457795460e-03 2.8478352760e-05
3.0230298638e-02 2.5890348479e-03 1.0961472435e-04
1.4872717671e-02 3.6059815902e-03 8.4876599431e-05
2.5790825486e-02 1.1213213438e-03 9.2822832812e-05
1.8536938354e-02 3.0356373172e-03 1.3145442063e-04
6.6052692205e-09 3.7272732705e-02 1.9233633066e-04
4.8062336333e-09 2.4390103295e-02 1.3062062499e-04
5.8117275437e-09 3.2494630665e-02 1.3409068924e-04
9.1573363170e-03 4.7001154162e-03 1.3922633661e-04
3.9036556210e-09 4.4054243714e-02 2.3978645913e-04
1.2521449655e-08 1.8584711477e-02 1.4466491120e-04
3.2366340719e-09 2.1868839860e-02 9.9096381746e-05
7.6222172938e-03 2.7800041717e-03 1.3383805344e-04
9.8051801324e-03 3.0555196572e-03 1.3569800649e-04
9.8051801324e-03 3.0555196572e-03 1.3569800649e-04
2.8690996245e-09 1.8904114142e-02 1.1756810272e-04
6.8666330399e-09 1.8824055791e-02 1.2043534662e-04
1.4899604217e-08 1.4710422605e-02 1.2226172839e-04
1.3940419485e-08 2.5509864092e-02 1.1708164675e-04
1.2686901307e-08 2.0856581628e-02 1.2054797116e-04
2.5090777456e-08 3.7418205291e-02 9.7367294075e-05
1.7932785923e-08 1.8273361027e-02 1.0789850057e-04
1.5798436337e-08 3.7865705788e-02 2.3034880869e-03
1.4636260204e-08 2.3557841778e-02 1.2620362686e-03
5.7528057873e-09 2.6330985129e-02 3.5352359992e-03
7.1595679037e-03 1.0687422939e-02 5.3537840722e-04
1.0081320070e-02 3.4477345180e-03 2.3984629661e-04
7.6926420443e-03 8.8293608278e-03 4.6984668006e-04
1.2473150156e-02 1.3672898524e-02 3.9096325054e-04
7.9491175711e-03 1.7529113218e-02 5.0909485435e-04
2.0416022744e-03 1.6118505970e-02 8.6633092724e-04
3.0476201791e-03 4.4872993603e-03 5.4182368331e-04
2.3536833469e-03 7.6089855283e-03 5.4911483312e-04
1.8802775303e-03 8.3708995953e-03 5.5340694962e-04
2.5271936320e-03 8.0936634913e-03 6.5923505463e-04
2.0808924455e-03 8.3521092311e-03 5.2966194926e-04
2.3006442934e-03 8.0052362755e-03 6.7488546483e-04
2.7596764266e-03 8.6295204237e-03 4.0520101902e-04
2.9217416886e-03 1.0408840142e-02 7.1821786696e-04
2.3938566446e-03 8.4731765091e-03 5.6829256937e-04
2.5211200118e-03 8.6018778384e-03 6.0329958797e-04
4.8558542039e-04 9.6631208435e-03 4.0983312647e-04
4.8558542039e-04 9.6631208435e-03 4.0983312647e-04
2.3962387349e-03 9.2526962981e-03 4.6078205924e-04
3.0954501126e-03 9.5394710079e-03 3.7243301631e-04
2.5928081013e-03 8.0551942810e-03 4.7394610010e-04
2.3552714847e-03 6.9593754597e-03 5.7512411149e-04
2.3615967948e-03 6.9917291403e-03 5.4889195599e-04
1.5091145178e-03 9.2234266922e-03 3.0211822013e-04
1.3722136316e-08 6.9501544349e-03 3.9665921940e-04
8.1390753621e-04 7.4225137942e-03 5.0505291438e-04
2.2814858239e-03 7.4322824366e-03 5.6966679404e-04
7.3552707909e-04 6.5327659249e-03 8.0046086805e-04
8.8210712420e-05 5.9561766684e-03 5.5427011102e-04
1.8691433594e-02 0.0000000000e+00 0.0000000000e+00
9.9167860753e-05 0.0000000000e+00 0.0000000000e+00
4.1505340050e-05 0.0000000000e+00 0.0000000000e+00
1.5151333995e-02 0.0000000000e+00 0.0000000000e+00
1.5151333995e-02 0.0000000000e+00 0.0000000000e+00
1.0042487411e-03 0.0000000000e+00 0.0000000000e+00
1.2447442859e-02 0.0000000000e+00 0.0000000000e+00
4.2871613987e-03 0.0000000000e+00 0.0000000000e+00
4.8676482402e-03 0.0000000000e+00 0.0000000000e+00
5.0934660248e-03 0.0000000000e+00 0.0000000000e+00
5.6311544031e-03 0.0000000000e+00 0.0000000000e+00
5.6311544031e-03 0.0000000000e+00 0.0000000000e+00
5.1331347786e-03 0.0000000000e+00 0.0000000000e+00
5.1331347786e-03 0.0000000000e+00 0.0000000000e+00
5.1331347786e-03 0.0000000000e+00 0.0000000000e+00
5.6129149161e-03 0.0000000000e+00 0.0000000000e+00
5.6187082082e-03 0.0000000000e+00 0.0000000000e+00
5.0994092599e-03 0.0000000000e+00 0.0000000000e+00
2.3712694645e-02 0.0000000000e+00 0.0000000000e+00
2.3711401224e-01 0.0000000000e+00 0.0000000000e+00
2.3664738238e-01 0.0000000000e+00 0.0000000000e+00
2.3780567944e-01 0.0000000000e+00 0.0000000000e+00
2.5161361694e-01 0.0000000000e+00 0.0000000000e+00
3.1339415908e-01 0.0000000000e+00 0.0000000000e+00
3.1374827027e-01 0.0000000000e+00 0.0000000000e+00
3.1091570854e-01 0.0000000000e+00 0.0000000000e+00
4.1943080723e-03 0.0000000000e+00 0.0000000000e+00
2.9215170071e-03 0.0000000000e+00 0.0000000000e+00
5.9802900068e-03 0.0000000000e+00 0.0000000000e+00
3.4695479553e-03 0.0000000000e+00 0.0000000000e+00
2.0572554320e-02 0.0000000000e+00 0.0000000000e+00
1.3498741901e-03 0.0000000000e+00 0.0000000000e+00
6.3953846693e-03 0.0000000000e+00 0.0000000000e+00
5.1275906153e-03 0.0000000000e+00 0.0000000000e+00
1.6712263459e-03 0.0000000000e+00 0.0000000000e+00
6.3194166869e-03 0.0000000000e+00 0.0000000000e+00
2.2455208004e-02 0.0000000000e+00 0.0000000000e+00
2.2455208004e-02 0.0000000000e+00 0.0000000000e+00
3.0029371846e-03 0.0000000000e+00 0.0000000000e+00
1.8946625059e-03 0.0000000000e+00 0.0000000000e+00
2.2569249850e-03 0.0000000000e+00 0.0000000000e+00
1.9550423604e-03 0.0000000000e+00 0.0000000000e+00
5.0758630969e-03 0.0000000000e+00 0.0000000000e+00
3.8446087390e-02 0.0000000000e+00 0.0000000000e+00
3.5249765962e-02 0.0000000000e+00 0.0000000000e+00
5.3334709257e-02 0.0000000000e+00 0.0000000000e+00
3.0555283651e-02 0.0000000000e+00 0.0000000000e+00
2.5592088699e-02 0.0000000000e+00 0.0000000000e+00
2.4870289490e-02 0.0000000000e+00 0.0000000000e+00
3.0441826209e-02 0.0000000000e+00 0.0000000000e+00
3.0358083546e-02 0.0000000000e+00 0.0000000000e+00
4.8782352358e-02 0.0000000000e+00 0.0000000000e+00
5.7218175381e-02 0.0000000000e+00 0.0000000000e+00
2.7530154213e-02 0.0000000000e+00 0.0000000000e+00
1.5401646495e-02 0.0000000000e+00 0.0000000000e+00
1.5596509911e-02 0.0000000000e+00 0.0000000000e+00
2.2040471435e-02 0.0000000000e+00 0.0000000000e+00
1.7030296847e-02 0.0000000000e+00 0.0000000000e+00
1.8209366128e-02 0.0000000000e+00 0.0000000000e+00
1.7656797543e-02 0.0000000000e+00 0.0000000000e+00
1.9667549059e-02 0.0000000000e+00 0.0000000000e+00
1.9019186497e-02 0.0000000000e+00 0.0000000000e+00
1.9019186497e-02 0.0000000000e+00 0.0000000000e+00
4.7075491399e-02 0.0000000000e+00 0.0000000000e+00
3.7180699408e-02 0.0000000000e+00 0.0000000000e+00
5.8070622617e-04 0.0000000000e+00 0.0000000000e+00
1.1955153896e-03 0.0000000000e+00 0.0000000000e+00
7.9491961515e-04 0.0000000000e+00 0.0000000000e+00
1.1470081517e-03 0.0000000000e+00 0.0000000000e+00
9.2476257123e-04 0.0000000000e+00 0.0000000000e+00
9.5671397867e-04 0.0000000000e+00 0.0000000000e+00
1.3419808820e-03 0.0000000000e+00 0.0000000000e+00
1.4034491032e-03 0.0000000000e+00 0.0000000000e+00
6.0596765252e-04 0.0000000000e+00 0.0000000000e+00
6.2629603781e-04 0.0000000000e+00 0.0000000000e+00
5.9925729875e-04 0.0000000000e+00 0.0000000000e+00
6.0044293059e-04 0.0000000000e+00 0.0000000000e+00
1.1406698031e-03 0.0000000000e+00 0.0000000000e+00
8.6026685312e-04 0.0000000000e+00 0.0000000000e+00
8.1848027185e-04 0.0000000000e+00 0.0000000000e+00
6.1631790595e-04 0.0000000000e+00 0.0000000000e+00
4.7073722817e-04 0.0000000000e+00 0.0000000000e+00
4.7073722817e-04 0.0000000000e+00 0.0000000000e+00
2.6965146884e-02 0.0000000000e+00 0.0000000000e+00
2.7713680640e-02 0.0000000000e+00 0.0000000000e+00
2.6463063434e-02 0.0000000000e+00 0.0000000000e+00
2.5857508183e-02 0.0000000000e+00 0.0000000000e+00
2.7704754844e-02 0.0000000000e+00 0.0000000000e+00
1.4325787313e-02 0.0000000000e+00 0.0000000000e+00
9.8001351580e-03 0.0000000000e+00 0.0000000000e+00
1.2440112419e-02 0.0000000000e+00 0.0000000000e+00
1.2440112419e-02 0.0000000000e+00 0.0000000000e+00
1.0877105407e-02 0.0000000000e+00 0.0000000000e+00
1.0877105407e-02 0.0000000000e+00 0.0000000000e+00
5.4615437984e-03 0.0000000000e+00 0.0000000000e+00
5.3439848125e-03 0.0000000000e+00 0.0000000000e+00
5.3439848125e-03 0.0000000000e+00 0.0000000000e+00
5.3439848125e-03 0.0000000000e+00 0.0000000000e+00
1.1057090946e-02 0.0000000000e+00 0.0000000000e+00
1.1062850244e-02 0.0000000000e+00 0.0000000000e+00
8.9594991878e-03 0.0000000000e+00 0.0000000000e+00
9.1377021745e-03 0.0000000000e+00 0.0000000000e+00
1.1855931021e-02 0.0000000000e+00 0.0000000000e+00
1.1088394560e-02 0.0000000000e+00 0.0000000000e+00
1.0794394650e-02 0.0000000000e+00 0.0000000000e+00
8.4174703807e-03 0.0000000000e+00 0.0000000000e+00
2.9430627823e-02 0.0000000000e+00 0.0000000000e+00
2.6830753312e-02 0.0000000000e+00 0.0000000000e+00
2.7214519680e-02 0.0000000000e+00 0.0000000000e+00
2.7162024751e-02 0.0000000000e+00 0.0000000000e+00
6.6547460854e-02 0.0000000000e+00 0.0000000000e+00
6.4523346722e-02 0.0000000000e+00 0.0000000000e+00
6.3506819308e-02 0.0000000000e+00 0.0000000000e+00
6.4174108207e-02 0.0000000000e+00 0.0000000000e+00
6.3315041363e-02 0.0000000000e+00 0.0000000000e+00
6.3918761909e-02 0.0000000000e+00 0.0000000000e+00
6.3185103238e-02 0.0000000000e+00 0.0000000000e+00
6.8141110241e-02 0.0000000000e+00 0.0000000000e+00
6.8925328553e-02 0.0000000000e+00 0.0000000000e+00
6.7416384816e-02 0.0000000000e+00 0.0000000000e+00
6.7416384816e-02 0.0000000000e+00 0.0000000000e+00
1.7457451904e-03 1.4836667106e-03 1.6407344490e-02
3.5375377629e-03 3.5541716497e-03 1.5453744680e-02
6.0654166155e-03 3.5459492356e-03 1.6025625169e-02
3.4269853622e-10 3.4405218903e-03 1.9053695723e-02
1.0135795675e-10 3.6425606231e-04 2.2414444014e-02
1.6602715036e-10 3.2195693348e-03 2.1484235302e-02
1.6602715036e-10 3.2195693348e-03 2.1484235302e-02
2.2407663225e-10 6.3979427796e-04 2.1949643269e-02
2.6385374441e-10 7.4900925392e-04 2.3803712800e-02
1.1342091710e-09 1.4615826309e-02 1.4175713994e-02
5.3776788578e-10 1.4085096307e-02 1.2837756425e-02
3.7273715716e-03 1.3048175722e-02 1.2053687125e-02
3.7273715716e-03 1.3048175722e-02 1.2053687125e-02
5.5871810764e-03 2.1214008331e-02 8.1580476835e-03
3.4900158644e-03 1.7401011661e-02 1.0110392235e-02
3.0126662459e-03 2.2298505530e-02 8.1191966310e-03
2.8823188040e-03 1.6665348783e-02 1.0411961935e-02
3.1942334026e-03 1.7166944221e-02 1.1158571579e-02
4.5409281738e-03 2.0502267405e-02 8.9556863531e-03
2.4091193918e-03 2.1550610662e-02 8.7994541973e-03
4.8739700578e-03 2.5715095922e-02 7.3774401098e-03
3.9461683482e-03 2.1321406588e-02 9.9266553298e-03
4.9493722618e-03 3.1240353361e-02 5.4137445986e-03
5.2197687328e-03 3.1425956637e-02 5.2473950200e-03
4.5938342810e-03 3.0651310459e-02 5.9449872933e-03
2.7322228998e-03 2.9397921637e-02 5.4450198077e-03
4.7086938284e-03 3.3156253397e-02 5.9179235250e-03
1.0370302014e-02 3.7932109088e-02 9.2147029936e-03
2.8626674321e-03 3.8480672985e-02 9.2361504212e-03
8.6850961670e-03 3.9817433804e-02 1.0605639778e-02
1.0688696057e-02 3.7071108818e-02 1.0923218913e-02
5.8357957751e-03 4.6745315194e-02 7.6687526889e-03
5.0304834731e-03 1.7160868272e-02 1.1633574963e-02
6.9088372402e-03 1.7767451704e-02 9.6971904859e-03
4.1201910935e-03 2.2655861452e-02 9.6807023510e-03
3.6710139830e-03 2.0855993032e-02 6.7802616395e-03
4.7330977395e-03 7.5547839515e-03 1.2486580759e-02
1.0378735606e-03 1.4984425157e-02 6.9018942304e-03
2.7515729889e-03 1.7427645624e-02 8.4390295669e-03
4.5050042681e-03 1.7667919397e-02 7.4312905781e-03
1.3292232761e-03 1.7804238945e-02 9.7635621205e-03
3.2171921339e-03 2.7038550004e-02 7.3492531665e-03
