year,froot_gCm2,leaf_gCm2,p_uptake_demand_ratio,gpp_pft7_gCm2day,gpp_pft9_gCm2day,gpp_pft10_gCm2day,l2fr_site,l2fr_canopy,l2fr_ustory,leaf_alloc_gCm2yr,froot_alloc_gCm2yr
1901,8.1952345,0,8.1673752e-05,0.001224415,0,0,0.78850144,1.4040142,1.2225075,0,0
1901.0833,7.9101706,0,9.3519142e-05,0.00074881623,0,0,0.78002554,1.3854414,1.2350123,0,0
1901.1667,7.5847809,0,9.9733137e-05,1.452109e-06,0,0,0.7746073,1.3678664,1.2455742,0,0
1901.25,7.6353285,1.8623474,0.00012010481,-5.0483845e-05,-1.4938724e-05,0,0.77400166,1.3502408,1.2554359,50.431335,14.797177
1901.3333,8.3858445,4.7636977,0.00014588486,0.012590051,0.076669704,0,0.67883587,1.3223059,1.255869,0,0
1901.4167,7.6881894,5.6221774,0.00017529135,1.6576879,1.5173817,0.059548451,0.54505551,1.2721741,1.2342502,6.5621618,0.13632977
1901.5,5.1951101,8.2045048,0.00030320077,5.1593428,4.4313088,0.30707891,0.52120346,1.1964992,1.1861293,28.114459,0.25629504
1901.5833,2.9662524,8.5660163,0.0005181125,4.5201525,3.434876,0.27517034,0.78338188,1.1045858,1.1107323,10.777654,1.020948
1901.6667,2.3532703,0,0.00033739483,3.1941687,0,0,0.9208349,1.0237186,1.0237365,0,0
1901.75,2.2670303,0,0.00026652589,0.61107573,0,0,0.86338586,0.95215124,0.94327205,0,0
1901.8333,2.1577375,0,0.00015290886,1.7579776e-05,0,0,0.84526396,0.88777304,0.87056297,0,0
1901.9167,1.987542,0,0.00015697656,-4.9793578e-10,0,0,0.87339169,0.82906258,0.80501753,0,3.8179499e-05
1902,1.825328,0,0.00016736228,0,0,0,0.88459742,0.77437699,0.74501401,0,0
1902.0833,1.6830112,0,0.00018576042,-1.046388e-07,0,0,0.86407274,0.72659487,0.69349468,0,0
1902.1667,1.5377337,0,0.00021378085,-4.6036078e-05,0,0,0.80587661,0.68247616,0.64710349,0,0
1902.25,1.260656,2.4869179,0.00036802786,-2.3143861e-05,-0.00018584105,0,0.76891965,0.64024073,0.60218632,49.144763,1.6731518
1902.3333,1.0139014,4.0469388,0.00062563876,0.30730239,0.32492381,0.0080199581,0.67830265,0.60122645,0.55515778,0.99633411,0.0040051323
1902.4167,0.96925051,5.8258572,0.0008940078,5.7616992,5.0302239,0.24690937,0.55036163,0.56354088,0.50939262,29.965098,0.33364684
1902.5,1.3721734,8.2573015,0.0012890125,5.3531575,4.2495,0.32624087,0.62940127,0.53035158,0.4695482,4.5614273,2.7823771
1902.5833,2.0638127,5.2263159,0.00076189899,4.5765793,2.2635861,0.19218699,0.99476635,0.5059703,0.43816802,3.8580357e-12,4.5228353
1902.6667,2.1599103,0,0.00034019287,3.4160686,0,0,1.0961845,0.48855725,0.41429964,0,0
1902.75,2.0820652,0,0.00031109861,0.78076461,0,0,1.110433,0.47364545,0.39353248,0,0
1902.8333,1.9833988,0,0.00029638567,7.0363484e-05,0,0,1.1263669,0.46073046,0.37523001,0,0
1902.9167,1.8469136,0,0.00024630289,0.00025058045,0,0,1.140885,0.4495064,0.35863933,0,0.18221417
1903,1.7638997,0,0.00021349252,0.006903952,0,0,1.141943,0.43945792,0.34316513,0,0
1903.0833,1.682177,0,0.00021620505,0.029253648,0,0,1.1141365,0.43079185,0.32967785,0,0
1903.1667,1.6018591,0,0.00023029187,0.033038132,0,0,1.0673276,0.42288867,0.31723049,0,0
1903.25,1.6978015,2.6574137,0.00034260878,0.057908743,0.086179662,0,1.037825,0.41542643,0.3054266,53.840193,2.4894604
1903.3333,1.9611686,5.3577852,0.00040117625,0.54084382,0.50843603,0,1.1475652,0.40794212,0.29455397,0,0
1903.4167,2.0587603,6.7597143,0.0003763522,4.3047779,2.5794019,0.12985873,1.3726943,0.39913696,0.28394628,24.36937,0.0046327133
1903.5,2.185253,10.322443,0.00056082336,7.1331171,4.055642,0.33404542,1.9753183,0.39082167,0.27363643,27.175367,3.696621
1903.5833,2.9211147,11.284464,0.00041327064,5.9728875,3.3576972,0.31166376,3.0814445,0.387797,0.26650745,0.67264757,13.332544
1903.6667,3.6654696,3.0460372,0.00018608406,4.1759574,0.70584017,0.067100567,4.0603395,0.39285696,0.26579678,1.7423642e-12,4.5564582
1903.75,3.5457707,0,0.0001343879,0.82702902,0,0,4.0294323,0.40070796,0.26792121,0,0
1903.8333,3.384704,0,0.00010060806,0.00097656228,0,0,4.0995054,0.40779096,0.270015,0,0
1903.9167,3.200734,0,8.853028e-05,0.0083473658,0,0,4.3102903,0.41394868,0.27194402,0,1.2139906
1904,3.0579581,0,0.0015175517,0,0,0,4.5030971,0.41882583,0.27369249,0,0
1904.0833,2.8214445,0,0.0020771699,-4.0309553e-08,0,0,4.6240597,0.42195374,0.27515206,0,0
1904.1667,2.6021064,0,0.0024096947,-0.00018758633,0,0,4.4692903,0.42362103,0.27641001,0,0
1904.25,2.6603108,3.8871043,0.0037218225,-0.00048834578,-0.0006500325,0,4.2211061,0.42426124,0.2779285,55.033262,2.7521799
1904.3333,2.6195175,5.1417677,0.0044433349,0.19967791,0.12656485,0.0031385188,3.6437635,0.42344913,0.28148893,0.38752716,0.00082651715
1904.4167,2.5199,6.6970941,0.0049737864,6.2090036,3.5638236,0.24860764,2.8721428,0.42120931,0.28444657,39.887053,1.8297163
1904.5,3.1726793,9.1228047,0.0041310317,6.4029694,3.8061313,0.36478652,2.910094,0.42026979,0.28691834,2.4939782,10.907912
1904.5833,3.8280897,3.3859857,0.0022324675,5.5963336,1.3234785,0.12699308,3.7135158,0.42482436,0.29233518,2.3834759e-12,3.8839207
1904.6667,3.706468,0,0.0014204048,4.132686,0,0,5.0329542,0.43175393,0.30058581,0,0
1904.75,3.5275484,0,0.001484625,0.3986652,0,0,6.7078571,0.43805203,0.30817103,0,0
1904.8333,3.395569,0,0.0015140394,0.0083121416,0,0,8.603035,0.44372752,0.31497797,0,0
1904.9167,3.2626658,0,0.0015443243,8.0238102e-08,0,0,10.85101,0.44883469,0.32112139,0,2.1207609
1905,2.794923,0,8.2135295e-05,-4.1816148e-08,0,0,13.349673,0.4533667,0.32654762,0,0
1905.0833,2.0416968,0,3.6962658e-05,-5.6104059e-05,0,0,16.181581,0.45702028,0.33017933,0,0
1905.1667,1.6886935,0,3.8681846e-05,-7.6135538e-07,0,0,18.956034,0.4601528,0.33270204,0,0
1905.25,1.6455266,2.0081461,0.00027445334,-0.00032239567,-1.1352772e-05,0,20.378962,0.46274468,0.3351143,25.60336,2.1373063
1905.3333,1.6148202,2.4838289,0.00032624474,0.25353005,0.21332107,0.0017727501,21.397457,0.46323261,0.33917987,0.23509221,0.0044441392
1905.4167,1.710107,3.7105484,0.00033753685,5.8047066,4.301188,0.17479526,21.311913,0.4610371,0.34246385,20.143121,1.3852566
1905.5,2.1503302,4.9432316,0.00023542636,5.8791154,4.1695982,0.26619513,21.981825,0.45939162,0.34556288,4.1187696e-12,5.6477531
1905.5833,2.6833802,4.9317954,0.00020317064,4.7428409,3.3229444,0.22135789,24.599129,0.46468756,0.35078704,4.0861406e-12,6.8846284
1905.6667,2.916394,0,9.8882076e-05,3.197614,0,0,27.875156,0.47817922,0.35781232,0,0
1905.75,2.7961778,0,0.00010695263,0.769562,0,0,32.175961,0.49197268,0.36465603,0,0
1905.8333,2.685237,0,0.00010601548,0.012686195,0,0,37.770508,0.50443029,0.37093866,0,0
1905.9167,2.5824085,0,0.00011388373,1.8852898e-05,0,0,44.536697,0.51566112,0.3766672,0,0.00082972681
1906,2.486109,0,0.0029012831,1.6584511e-06,0,0,52.382805,0.52589536,0.38194779,0,0
1906.0833,2.3983472,0,0.00306638,0.0028811393,0,0,60.031204,0.5346334,0.3864989,0,0
1906.1667,2.3137275,0,0.003142124,0.00077694356,0,0,66.944511,0.54245293,0.39062133,0,0
1906.25,2.4142778,1.370523,0.003864333,0.01211543,0.01251592,0,72.51355,0.54985291,0.39441761,32.837353,3.6316177
1906.3333,2.7361114,3.412148,0.004487562,0.063215228,0.086432362,0,74.298531,0.56086314,0.39604586,0,0
1906.4167,2.8043627,4.1451706,0.004412536,1.5917019,1.052788,0.063717084,72.975128,0.57549715,0.39361393,11.582958,0.013108085
1906.5,3.045189,6.8997815,0.0040710508,5.1928346,3.2876677,0.38541068,69.414497,0.58933908,0.38710144,20.210158,11.924923
1906.5833,4.1246526,1.7172582,0.0019680716,4.2407318,0.59334121,0.065304245,69.631371,0.60293114,0.38083041,1.3655477e-12,5.1654143
1906.6667,4.0226844,0,0.0016143052,3.0495398,0,0,73.349594,0.61609638,0.37561843,0,0
1906.75,3.8732896,0,0.0016433963,1.1588914,0,0,77.041634,0.62792784,0.37087741,0,0
1906.8333,3.7283686,0,0.0015966145,0.019251789,0,0,81.301804,0.63936365,0.36658075,0,0
1906.9167,3.5913086,0,0.0015925103,2.8310042e-07,0,0,86.657661,0.65069932,0.36269125,0,0.28368131
1907,3.4726765,0,0.0016222412,3.5141836e-05,0,0,92.429031,0.6607796,0.35910362,0,0
1907.0833,3.3420213,0,0.0016729241,5.5871019e-05,0,0,98.249641,0.66816324,0.35596162,0,0
1907.1667,3.1095108,0,0.0017634475,0,0,0,103.97604,0.67399764,0.35308766,0,0
1907.25,2.8307412,0.1116964,0.0019433274,-4.7118427e-06,0,0,107.93988,0.67724901,0.35029227,40.334727,6.0644694
1907.3333,3.2247761,3.7997647,0.003776751,0.0019754503,0.0016622032,0,108.74576,0.67715156,0.34698707,0,0
1907.4167,3.2663296,4.7475011,0.0038836538,0.27692491,0.15855806,0,108.74291,0.67179549,0.34091416,0,0
1907.5,3.2334686,7.2446074,0.0037305632,3.696205,1.9656747,0.32512659,110.48021,0.66074842,0.33127743,36.569092,0.44154683
1907.5833,3.834249,9.4086472,0.0031840473,3.2730542,2.1179152,0.41302622,113.28327,0.64830226,0.31988004,7.9684281e-12,12.505087
1907.6667,4.4474173,3.9329678,0.002019668,2.2061311,0.64189883,0.13671427,113.15549,0.64231253,0.31080145,3.2603077e-12,4.0542125
1907.75,4.3461095,0,0.0013010534,0.083448381,0,0,114.90247,0.64560401,0.30772102,0,0
1907.8333,4.1739997,0,0.0012943889,0.0022156616,0,0,117.4926,0.64998299,0.30552474,0,0
1907.9167,3.833916,0,0.0012830747,0,0,0,119.07714,0.65324175,0.30354702,0,0.14549222
1908,3.4742237,0,9.1116264e-05,0,0,0,119.68225,0.65410143,0.30160949,0,0
1908.0833,3.1514356,0,5.6583329e-05,0,0,0,120.20956,0.6527738,0.29976341,0,0
1908.1667,2.8571796,0,6.2441803e-05,-8.7463006e-05,0,0,120.30167,0.64963973,0.29784024,0,0
1908.25,2.9769507,3.2373122,0.00012604774,-0.00055155902,-2.8886677e-06,0,119.3456,0.64452118,0.29521605,38.979209,3.6169545
1908.3333,2.9376778,4.3857633,0.00016270507,0.2882727,0.21161122,0.016238102,118.81929,0.63595897,0.28973353,2.6812121,0.045185422
1908.4167,2.9340235,6.9266143,0.00016120171,3.2519388,2.2906836,0.33750986,115.70628,0.6239993,0.28125501,32.313763,2.1428287
1908.5,3.6743346,9.012728,0.00015256855,3.2067143,2.5476565,0.48572232,113.1567,0.61207312,0.272089,7.962963e-12,11.663936
1908.5833,4.4807689,9.6907821,0.0001437246,2.3106412,1.8509627,0.38491775,109.48415,0.60550725,0.2640782,8.121988e-12,12.27865
1908.6667,5.3025833,3.3763926,7.3949886e-05,1.6482411,0.48846381,0.10051774,109.26895,0.6091333,0.25863585,2.6565736e-12,5.9561725
1908.75,5.189932,0,4.4451921e-05,0.32831527,0,0,117.9812,0.61901534,0.2563104,0,0
1908.8333,4.9056672,0,3.1168187e-05,0.0048568667,0,0,124.5518,0.62804341,0.25448561,0,0
1908.9167,4.4392576,0,3.0753479e-05,0,0,0,126.42355,0.63487661,0.25252369,0,0
1909,4.0021972,0,5.6264751e-05,0,0,0,127.88245,0.63898265,0.25007671,0,0
1909.0833,3.6240302,0,6.1524115e-05,0,0,0,129.8811,0.6405676,0.24717963,0,0
1909.1667,3.2801998,0,6.6318069e-05,0,0,0,131.5603,0.6401602,0.24346936,0,0
1909.25,3.1527393,1.7418774,0.00010359022,0,-1.1554991e-06,0,132.1207,0.63816643,0.23832634,42.913552,4.2591477
1909.3333,3.2028067,4.3223482,0.00017507217,0.17723869,0.091695892,0.012288782,130.61838,0.63869643,0.23067203,1.9533014,0.015078322
1909.4167,3.2507246,6.997365,0.00018303763,2.4213985,1.2813312,0.31763122,130.26866,0.64425611,0.22289513,37.52751,3.6910676
1909.5,5.3673419,9.434049,0.00012203911,2.425663,1.7932602,0.49374515,130.99751,0.65701348,0.22489274,0.047655156,41.981113
1909.5833,8.5550547,10.30155,8.8384404e-05,2.0872689,1.6903609,0.45785995,129.75615,0.68452901,0.23107551,8.5047077e-12,27.2683
1909.6667,10.843534,5.8098175,5.5842484e-05,1.2467361,0.76949386,0.20613045,128.82867,0.73035055,0.24073969,4.8224698e-12,18.831302
1909.75,10.883207,0,3.629077e-05,0.077814208,0,0,129.01483,0.78441095,0.25171915,0,0
1909.8333,10.483586,0,3.1985044e-05,0.0018392256,0,0,129.51903,0.83372307,0.26171622,0,0
1909.9167,10.098729,0,3.0479234e-05,0.00025552153,0,0,130.30698,0.87811464,0.27072603,0,0.0060944785
1910,9.6865324,0,3.0636806e-05,4.9608878e-09,0,0,130.01088,0.9184497,0.27898511,0,0
1910.0833,8.9015802,0,3.1800104e-05,-6.2255671e-06,0,0,126.3842,0.9509967,0.28550452,0,0
1910.1667,8.0581047,0,3.7793532e-05,-1.6532769e-05,0,0,112.91975,0.97651106,0.2898474,0,0
1910.25,8.035358,3.7366978,7.4994023e-05,-0.00011065054,-3.3815268e-06,0,80.526245,0.99477893,0.290115,58.801081,10.37624
1910.3333,8.003992,5.6367079,0.00013649242,-3.2942322e-05,-5.3169163e-05,0,64.970009,1.0158483,0.28694615,0,0
1910.4167,7.8065027,6.411816,0.00015668619,0.3428242,0.26276488,0.042059107,44.803551,1.0449886,0.28010669,7.4451761,0.0022309001
1910.5,7.9353414,10.324739,0.0002350842,1.2937859,1.1947525,0.52028643,47.527454,1.0825306,0.27220768,43.007724,5.1843589
1910.5833,10.121714,12.394258,0.00026487253,0.9650745,1.1749324,0.51871847,51.340317,1.13553,0.26685867,8.160664e-12,35.415808
1910.6667,13.323435,9.6092932,0.0001904353,0.75918433,0.84586927,0.34119067,53.4053,1.2080301,0.26722124,6.2884143e-12,28.961047
1910.75,13.768513,0,9.0719586e-05,0.055424786,0,0,55.240005,1.2922709,0.2718375,0,0
1910.8333,13.262075,0,6.6966757e-05,5.2120335e-05,0,0,58.283566,1.3699627,0.2761493,0,0
1910.9167,12.624967,0,7.0875125e-05,1.7730825e-05,0,0,59.093723,1.4397833,0.27997831,0,0.0030582784
1911,11.424541,0,7.5119977e-05,-3.7909636e-12,0,0,58.49168,1.5007524,0.28277493,0,0
1911.0833,10.328813,0,8.3054132e-05,-6.2700038e-09,0,0,58.003139,1.5481299,0.28381222,0,0
1911.1667,9.3369149,0,9.4796924e-05,-3.5487153e-09,0,0,64.340874,1.5858262,0.28287989,0,0
1911.25,11.084578,4.0580481,0.00011802564,-1.1542075e-07,-5.9225406e-06,0,62.643806,1.6152416,0.27908072,65.080076,43.593345
1911.3333,11.379476,5.9127277,0.00014141899,-3.1846443e-05,-8.5326593e-06,0,59.222668,1.6312073,0.27108669,0,0
1911.4167,11.145936,6.5482929,0.00016373523,0.17475579,0.30606192,0.039155205,55.701496,1.6336799,0.25955144,5.7968233,0.01287401
1911.5,11.304511,10.603034,0.00024690598,1.070326,1.541688,0.5563047,52.744114,1.6273108,0.24598852,48.864009,2.7720336
1911.5833,12.821549,12.650133,0.00028058561,0.95278112,1.4086929,0.57082445,49.407383,1.6237222,0.23473476,0.1186073,26.145017
1911.6667,15.347417,8.3261011,0.00019510087,0.62055027,0.69973823,0.29510953,44.804562,1.6304055,0.22848654,5.9593838e-12,21.331666
1911.75,15.41871,0,0.00012359742,0.13202528,0,0,42.840492,1.644814,0.2250317,0,0
1911.8333,14.849924,0,0.00010475204,0.0073403351,0,0,41.255051,1.6582582,0.22204028,0,0
1911.9167,13.783656,0,5.6764984e-05,0,0,0,39.367115,1.6693864,0.21922329,0,0.044958723
1912,12.393736,0,6.8437577e-05,0,0,0,37.519398,1.6755515,0.21601798,0,0
1912.0833,11.196027,0,7.6824363e-05,-2.0017559e-11,0,0,35.836121,1.6764764,0.21237031,0,0
1912.1667,10.11464,0,8.2098624e-05,-2.7300427e-10,0,0,33.463955,1.6735342,0.20805874,0,0
1912.25,9.5411008,1.0097481,9.3260525e-05,-5.9881336e-06,-4.5155217e-07,0,30.220211,1.6693801,0.20372529,60.592862,25.160063
1912.3333,10.919335,5.3473064,0.00012398516,0.0050113739,0.011628178,0,26.529449,1.6670042,0.19919433,0,0
1912.4167,11.348601,6.7199217,0.00013281217,0.5610422,1.06562,0.20555424,24.075155,1.6652945,0.19262813,32.944549,0.0095051766
1912.5,12.675392,11.136166,0.00023122286,0.94677495,1.8181984,0.59819347,21.1294,1.662641,0.18455806,22.843892,22.426425
1912.5833,15.717877,12.07419,0.00020379218,0.79036047,1.5326252,0.52039624,17.86857,1.6666628,0.18280457,5.0990512e-12,39.187387
1912.6667,19.040564,9.6743545,0.00013894639,0.51082168,0.85604028,0.28611365,16.006098,1.6846856,0.1887982,4.3364654e-12,30.293942
1912.75,19.428898,0,8.3779763e-05,0.13151561,0,0,15.448286,1.7150102,0.19858941,0,0
1912.8333,18.591452,0,5.1106283e-05,3.2175044e-05,0,0,16.993904,1.7438033,0.2078371,0,0
1912.9167,17.101258,0,5.1499406e-05,0,0,0,17.994408,1.7685452,0.21546751,0,0.14377239
1913,15.380873,0,6.1142891e-05,0,0,0,18.473358,1.7874988,0.21990362,0,0
1913.0833,13.891171,0,6.9800473e-05,-6.0723949e-06,0,0,19.126774,1.8002487,0.22074568,0,0
1913.1667,12.547422,0,7.7072415e-05,-1.8720606e-05,0,0,19.569365,1.8104639,0.22067818,0,0
1913.25,11.888656,1.447611,8.8498062e-05,-3.8042621e-05,-6.6049968e-06,0,18.58226,1.8194387,0.2205499,57.600485,22.017297
1913.3333,12.887157,5.187083,0.00011513521,0.08838183,0.24275933,0.021763474,16.987532,1.8319536,0.21959111,2.7058349,0.0027314537
1913.4167,13.543666,8.3892848,0.00014865483,1.0365313,2.4002568,0.48171357,15.777426,1.8549182,0.21649137,51.744677,11.044616
1913.5,16.66401,10.939416,0.00019954554,1.0192761,2.16692,0.59058664,16.476885,1.8912543,0.22565031,0.049062036,45.031067
1913.5833,20.828012,11.140458,0.00015303455,0.81697795,1.7664084,0.45872011,16.750269,1.9503016,0.25352314,4.3084218e-12,43.221458
1913.6667,21.924643,0,8.3657069e-05,0.5564957,0,0,17.217859,2.0311313,0.2886408,0,0
1913.75,21.117494,0,7.4985634e-05,0.11905852,0,0,17.656277,2.1096442,0.32208106,0,0
1913.8333,20.340253,0,5.1232888e-05,0.0011865497,0,0,17.878426,2.1805365,0.3523519,0,0
1913.9167,19.591929,0,5.6450182e-05,1.0452805e-07,0,0,17.945271,2.2444675,0.37969384,0,0.046580941
1914,18.86316,0,5.7544054e-05,8.5563328e-06,0,0,17.632753,2.3030612,0.4047955,0,0
1914.0833,18.031498,0,5.7130597e-05,-8.7800991e-06,0,0,16.841627,2.3534007,0.42639038,0,0
1914.1667,16.475789,0,6.3955864e-05,-9.2994799e-06,0,0,15.727095,2.3976164,0.44365406,0,0
1914.25,16.771702,2.7453545,7.7031713e-05,-0.00029494539,-0.00013976435,0,14.113658,2.4361777,0.45202866,61.196266,43.29526
1914.3333,17.222924,5.438868,9.6914067e-05,0.0012104142,0.017937163,0,8.5977097,2.4675686,0.44656071,0,0
1914.4167,17.011659,6.0373559,0.00010874238,0.10406709,0.29941405,0.017693962,6.9652328,2.4809623,0.43309894,2.1191674,0.032231812
1914.5,17.310392,9.2932172,0.00015069816,1.0084592,2.5546333,0.48712411,6.3922162,2.4809618,0.42078811,48.165723,9.3928469
1914.5833,19.821357,11.918852,0.00016868852,0.88778298,2.2162677,0.51382178,6.4368382,2.4795039,0.42710397,5.5767064,31.759418
1914.6667,21.742539,4.1297739,0.00010693281,0.48655889,0.65226503,0.14699306,7.5153942,2.4874887,0.44427496,1.9530489e-12,10.587827
1914.75,21.127854,0,7.064997e-05,0.034669506,0,0,8.9103098,2.5000286,0.46278587,0,0
1914.8333,20.05125,0,4.7614496e-05,0.00036470473,0,0,10.363966,2.5113068,0.47954518,0,0
1914.9167,18.814156,0,5.7828787e-05,0.00052903163,0,0,11.853126,2.5205235,0.49371877,0,0.64200841
1915,18.050238,0,5.9774691e-05,-2.4383762e-10,0,0,13.291901,2.5284793,0.50620884,0,0
1915.0833,16.507678,0,6.646257e-05,-1.561046e-11,0,0,14.285691,2.5338886,0.51521802,0,0
1915.1667,14.930436,0,7.261437e-05,-2.0907103e-06,0,0,14.239464,2.5356472,0.51886845,0,0
1915.25,14.206053,1.293665,8.3622916e-05,-0.00011772039,0,0,13.757723,2.5341647,0.51670909,58.179744,33.295341
1915.3333,15.558691,5.171624,0.00010253286,0.0023587721,0.072767752,0,12.976949,2.5264904,0.5074659,0,0
1915.4167,15.789462,5.8524124,0.00010597551,0.17140059,0.61300045,0.034797435,12.441144,2.5085728,0.4952741,4.0160533,0.072859541
1915.5,16.25864,9.0246741,0.00014963216,1.1421996,3.0390079,0.48069944,12.183416,2.4808831,0.48615238,45.933365,10.097933
1915.5833,19.05469,11.31395,0.00015939157,0.99312875,2.5048175,0.49489811,12.926875,2.4533224,0.48576137,2.8251258,35.651802
1915.6667,20.392258,0.77318616,7.9524245e-05,0.6518993,0.21632802,0.037545029,13.692883,2.4362125,0.49235162,3.6887659e-13,2.7965957
1915.75,19.643985,0,5.8482361e-05,0.13054424,0,0,13.822935,2.4229629,0.49982396,0,0
1915.8333,18.919671,0,4.4087326e-05,1.6550102e-05,0,0,13.559772,2.4109409,0.50664151,0,0
1915.9167,18.223558,0,5.0171635e-05,5.5867081e-21,0,0,13.144068,2.4000306,0.51282299,0,0.3175625
1916,17.565692,0,5.3242245e-05,1.5181487e-05,0,0,12.43469,2.3899586,0.51852459,0,0
1916.0833,16.939064,0,5.7361263e-05,6.7755996e-07,0,0,11.605909,2.3812389,0.5234732,0,0
1916.1667,16.335959,0,6.3361382e-05,1.5685322e-06,0,0,10.549144,2.3732419,0.52794975,0,0
1916.25,16.879248,2.3783173,7.0524693e-05,2.3767248e-06,0.0074419664,0,9.296957,2.3655713,0.53209496,70.629652,32.780826
1916.3333,18.534837,6.3843587,8.2320032e-05,0,0.02685994,0,7.2807317,2.3559439,0.53462785,0,0
1916.4167,18.773502,7.0135649,9.4043884e-05,4.780686e-05,0.068361421,0,3.5268078,2.3348749,0.5287925,0,0
1916.5,18.907921,4.3587666,9.1301852e-05,0.17053204,0.09518395,0,2.4955738,2.3026702,0.51730162,0,0
1916.5833,18.201262,0,0.00011213219,1.154825,0,0,2.2569816,2.2663617,0.50543362,0,0
1916.6667,17.350502,0,0.00011950268,0.85488191,0,0,2.1751156,2.2330961,0.49958971,0,0
1916.75,16.542578,0,0.00011385803,0.36380193,0,0,2.3118713,2.2024205,0.50020742,0,0
1916.8333,15.778709,0,9.5719814e-05,0.0096499546,0,0,2.3498764,2.1734648,0.5099839,0,0
1916.9167,14.550978,0,4.7014993e-05,0,0,0,2.2834001,2.1458097,0.52136403,0,0
1917,12.990572,0,5.2483992e-05,0,0,0,2.1350446,2.1182876,0.51006287,0,0
1917.0833,11.666732,0,6.775037e-05,0,0,0,1.9468702,2.0938833,0.4938401,0,0
1917.1667,10.47643,0,8.6329099e-05,0,0,0,1.7180994,2.0716894,0.47914425,0,0
1917.25,9.4568469,0.26044573,9.7506811e-05,0,0,0,1.5579617,2.0507815,0.46536899,47.149254,15.67867
1917.3333,10.08803,4.0937327,0.00015518608,0.11155289,0.16075468,0.0098768647,1.3215511,2.0265818,0.45120105,0.76873295,0.0026286923
1917.4167,10.196828,5.6590619,0.00020552806,1.7745862,2.8263741,0.25686983,1.0472108,1.9811267,0.43091866,28.344598,0.045368055
1917.5,9.6860547,8.6333649,0.00035752781,2.0250409,3.2868653,0.45553028,1.1116606,1.9123218,0.40495899,15.726682,2.3406596
1917.5833,10.81448,6.9693634,0.00033336895,1.7486634,2.1567371,0.33645777,1.326542,1.8442163,0.38905987,1.546601e-12,10.508793
1917.6667,10.864285,0,0.00021062297,1.4371309,0,0,1.4879714,1.7887374,0.40061879,0,0
1917.75,10.45613,0,0.00017380524,0.32748964,0,0,1.440163,1.7390734,0.42577359,0,0
1917.8333,9.8478477,0,8.3449988e-05,0,0,0,1.2818232,1.6939698,0.45634469,0,0
1917.9167,8.9061838,0,8.2939361e-05,0,0,0,1.0731251,1.6529549,0.48507214,0,0.13140361
1918,8.041149,0,0.00010171046,0,0,0,0.92763275,1.6144013,0.50916958,0,0
1918.0833,7.2801034,0,0.00013194961,0,0,0,0.88616616,1.5799755,0.52498913,0,0
1918.1667,6.5865801,0,0.00015389848,-2.1303765e-07,0,0,0.83911002,1.5477744,0.53288704,0,0
1918.25,6.3603865,1.5610815,0.00018490697,-1.7886596e-06,-2.9999618e-05,0,0.81186271,1.5169373,0.53217357,41.650901,9.7010496
1918.3333,6.8459082,4.1232696,0.00022374211,-1.5865941e-05,-9.5212791e-05,0,0.78183037,1.4881589,0.52374464,0,0
1918.4167,6.8617221,4.8079728,0.00028025365,0.014904832,0.028869249,0,0.7087273,1.4593527,0.51569444,0,0
1918.5,7.1745412,6.6706822,0.0003382604,2.1319274,2.7996893,0.270441,0.6617595,1.4286743,0.51121473,31.22254,3.0823169
1918.5833,8.3604436,9.2833191,0.00046184519,2.3865412,2.8871421,0.37352786,0.68321532,1.3991265,0.52038914,2.9719615,18.085963
1918.6667,9.8474994,6.6109807,0.000359931,1.6389557,1.4297119,0.190391,0.73773402,1.3790497,0.53544217,3.4667302e-12,9.0357648
1918.75,9.8327966,0,0.00021352933,0.40039512,0,0,0.77239174,1.3668116,0.55389291,0,0
1918.8333,9.2095276,0,9.8265729e-05,1.4040526e-06,0,0,0.7771728,1.35583,0.57350546,0,0
1918.9167,8.396362,0,0.00010207696,0,0,0,0.75579238,1.3451374,0.59156787,0,0.083298292
1919,7.6498669,0,0.00011480858,0,0,0,0.74228239,1.3344091,0.6081028,0,0
1919.0833,6.9947699,0,0.00012696654,-4.6594034e-08,0,0,0.7400896,1.3240973,0.62228566,0,0
1919.1667,6.3962266,0,0.00013962995,-1.1364087e-07,0,0,0.76804692,1.3136981,0.63506466,0,0
1919.25,6.2696692,2.0224608,0.00016875238,0,-2.4781614e-10,0,0.83969545,1.3031113,0.64688784,46.802601,8.4408445
1919.3333,6.7420821,4.7205826,0.00022275848,0.89424061,1.1766675,0.051910565,0.92748374,1.2959683,0.65533566,8.4680515,0.0043182652
1919.4167,7.2741848,7.9623656,0.00022026192,3.2143007,3.7354071,0.33339483,1.1692955,1.2939489,0.6606434,35.58258,7.5787442
1919.5,9.4398949,9.7893067,0.00029602912,3.5434875,3.8034565,0.47290084,1.455845,1.2996061,0.6678229,6.6948258e-12,29.451171
1919.5833,12.085342,10.50945,0.00025694433,2.6297412,2.6666822,0.36358806,1.8369037,1.3175384,0.68341535,7.7366245e-12,25.700107
1919.6667,14.453346,9.66697,0.00017482338,1.880312,1.7159115,0.22892675,2.2902811,1.3467181,0.71398741,7.5492853e-12,25.349305
1919.75,15.015694,0,9.4817166e-05,0.59104623,0,0,2.41026,1.3780957,0.75999433,0,0
1919.8333,14.46835,0,8.8342211e-05,0.00017838271,0,0,2.3354635,1.3969593,0.80962765,0,0
1919.9167,13.942307,0,8.3328036e-05,2.5370302e-05,0,0,2.1097314,1.4043635,0.85904735,0,0.086792571
1920,13.434798,0,7.6889206e-05,0.00045268203,0,0,1.7895476,1.407541,0.90605026,0,0
1920.0833,12.968233,0,8.121365e-05,0.00017107336,0,0,1.4443644,1.4096593,0.94676286,0,0
1920.1667,12.516169,0,8.3416468e-05,0,0,0,1.2626996,1.4112842,0.98369181,0,0
1920.25,12.611802,1.9789699,8.827031e-05,0,0.0067189676,0,1.190941,1.412806,1.0183378,70.437737,18.205335
1920.3333,13.806798,6.4526107,9.8522891e-05,0,0.073997004,0,1.0939345,1.4147176,1.0486114,0,0
1920.4167,13.802485,7.0309849,0.00010744078,0.0020304557,0.19277105,0,1.0408322,1.4157324,1.0726269,0,0
1920.5,13.492412,4.7863699,0.00010937891,1.7810212,0.45799025,0.0068988243,1.0728667,1.4120635,1.089162,0.22564144,0.072460849
1920.5833,11.989443,0,0.00011673929,4.3229474,0,0,0.99568862,1.3945714,1.1042082,0,0
1920.6667,11.522241,0,9.7605916e-05,2.6773087,0,0,0.95667315,1.3596411,1.1249707,0,0
1920.75,11.109844,0,8.3317034e-05,0.46789268,0,0,0.94152331,1.3263421,1.1449455,0,0
1920.8333,10.711986,0,7.5260396e-05,0.006748452,0,0,0.93244684,1.2965329,1.1632885,0,0
1920.9167,10.328367,0,7.1408664e-05,6.1525049e-05,0,0,0.91892117,1.2701187,1.1799028,0,0
1921,9.953538,0,7.5609314e-05,0.00016325865,0,0,0.90559024,1.2463566,1.1951339,0,0
1921.0833,9.6090371,0,8.2056402e-05,1.6099974e-05,0,0,0.89355236,1.2259356,1.2082778,0,0
1921.1667,9.2114732,0,8.7448941e-05,6.7614693e-06,0,0,0.87987781,1.2074767,1.2200092,0,0
1921.25,9.5991706,3.3219452,0.00011233615,-1.178799e-05,-3.9219608e-05,0,0.85473675,1.1906904,1.2295275,64.999598,18.311871
1921.3333,10.056924,6.0308171,0.0001325894,0.022444019,0.044362071,0,0.73545271,1.1664677,1.2281533,0,0
1921.4167,9.1341706,6.8595679,0.00015946045,1.8321016,0.97618771,0.071952706,0.69386756,1.122746,1.2069056,7.6882162,0.076614523
1921.5,6.3598393,9.8812468,0.00027176584,5.5830584,3.1811038,0.37463082,0.93853939,1.0545678,1.1614931,35.557736,0.11439053
1921.5833,4.3634558,10.332834,0.0004175838,4.8943735,2.4120601,0.36190046,1.2879361,0.97394794,1.0931008,14.791604,1.4172009
1921.6667,4.0472732,0,0.00025566487,3.346339,0,0,1.6275973,0.90425277,1.0198891,0,0
1921.75,3.9026239,0,0.00022584024,0.51157783,0,0,1.5810454,0.84196538,0.9531098,0,0
1921.8333,3.7631062,0,0.00019853262,0.10148147,0,0,1.3825871,0.7855792,0.89284086,0,0
1921.9167,3.6287135,0,0.00016723282,0.00015249702,0,0,1.0501838,0.73453838,0.83853936,0,0.043946924
1922,3.5004597,0,0.00020942766,0.00030505644,0,0,0.65950334,0.68760353,0.78875804,0,0
1922.0833,3.379347,0,0.00022520266,0.00011029543,0,0,0.59068406,0.64718318,0.74586982,0,0
1922.1667,3.2624961,0,0.00023365888,5.0029137e-08,0,0,0.60887617,0.61073786,0.70699769,0,0
1922.25,3.1984646,0.88869961,0.00023917777,7.9424748e-07,0.0037686514,0,0.59307885,0.57685524,0.67045116,80.084585,4.2403056
1922.3333,3.1157152,7.236951,0.00033695641,3.2468156e-06,0.056243007,0,0.54042125,0.54657656,0.63361526,0,0
1922.4167,2.8719853,8.2132677,0.00036749439,0.011476497,0.12202733,0,0.49944597,0.51866877,0.59192199,0,0
1922.5,2.2909122,7.5334655,0.00042404357,0.61925941,0.31878564,0,0.56924003,0.49106437,0.54935545,0,0
1922.5833,1.8362906,0,0.00028444713,5.8804021,0,0,0.64867163,0.4647215,0.5097692,0,0
1922.6667,1.6202354,0,0.00044187575,3.9783232,0,0,0.73611349,0.4430933,0.47630972,0,0
1922.75,1.474713,0,0.00037641297,1.0658954,0,0,0.83892149,0.42445841,0.44649518,0,0
1922.8333,1.3765387,0,0.00021078734,0.00013597365,0,0,0.82469213,0.40794811,0.41986331,0,0
1922.9167,1.3005732,0,0.00022498277,2.2333663e-06,0,0,0.76620817,0.3931002,0.39597979,0,0
1923,1.2016266,0,0.00028797082,-2.371589e-09,0,0,0.6854068,0.37944892,0.37409151,0,0
1923.0833,1.1034608,0,0.00032083929,-9.1709648e-07,0,0,0.64384001,0.36738184,0.35534567,0,0
1923.1667,1.0131273,0,0.00034401022,-3.7786766e-06,0,0,0.65410018,0.35611892,0.33848497,0,0
1923.25,0.9848593,1.4963034,0.00048150396,-6.9237289e-05,-3.4308365e-05,0,0.6776163,0.3450281,0.32255664,36.130465,1.3659082
1923.3333,0.75140822,3.8699247,0.00084350072,-0.00028190642,-0.00020836764,0,0.67502767,0.32972461,0.30346084,0,0
1923.4167,0.47262956,4.4686329,0.0013747176,1.8953953,0.75422571,0.031463777,0.64181387,0.30790293,0.28096682,4.3490769,0.070675565
1923.5,0.38071704,7.0016319,0.002621297,7.7334021,2.8987183,0.29801695,0.76787817,0.28361785,0.25880313,24.307453,0.47582508
1923.5833,0.67049498,8.0417292,0.0021312658,5.7885724,2.0811331,0.25756422,0.948026,0.26148787,0.23991901,0.31781382,3.0512775
1923.6667,0.85430063,0,0.00066279905,4.3179036,0.069743684,0.008342816,1.1359507,0.24626441,0.22672214,0,0.14266121
1923.75,0.79019903,0,0.00060330826,1.8331064,0,0,1.2660204,0.23396684,0.21569125,0,0
1923.8333,0.70854079,0,0.00044293335,0.023018199,0,0,1.3326381,0.22343712,0.20539248,0,0
1923.9167,0.64170919,0,0.00028013566,-2.5261361e-13,0,0,1.2792897,0.21423225,0.19561675,0,0.25663805
1924,0.6089267,0,0.00031494902,-5.8585623e-06,0,0,1.1943823,0.20568997,0.18658373,0,0
1924.0833,0.56087587,0,0.00038644025,-2.0605952e-06,0,0,1.1027843,0.19819628,0.17881931,0,0
1924.1667,0.51651162,0,0.00039869201,-0.00024771654,0,0,1.0135757,0.19131601,0.17179666,0,0
1924.25,0.43562442,1.0560231,0.00055681454,-0.00095714854,-0.00023234088,0,0.98788929,0.18500966,0.16477831,29.129416,0.53733295
1924.3333,0.41793301,2.6162439,0.0010588781,0.038906771,0.018833406,0.00011494557,1.0529554,0.17890856,0.15635148,0,0
1924.4167,0.42631489,4.0645427,0.0013785079,5.9957949,2.385511,0.13562813,1.1232798,0.17199029,0.14797242,21.996729,0.070408654
1924.5,0.6225768,6.0327426,0.0018597069,6.7303989,2.4573497,0.22719685,1.3075264,0.16548455,0.14161538,1.9934232,2.7350767
1924.5833,1.0678081,6.8815714,0.0015335561,5.5945778,1.9499689,0.21805913,1.699865,0.16253495,0.14008836,4.7551787e-12,5.3353766
1924.6667,1.3511726,0,0.00064297457,3.9955133,0.061699746,0.0068736343,2.0529401,0.16406405,0.14349914,0,0.23035443
1924.75,1.3025078,0,0.0006373488,0.44572209,0,0,2.0947058,0.16626494,0.14757551,0,0
1924.8333,1.2556138,0,0.00056958373,0.090639192,0,0,2.0451455,0.16810146,0.1513727,0,0
1924.9167,1.2108738,0,0.00049691513,0.016175086,0,0,1.9275191,0.1696164,0.15489921,0,0.15944149
1925,1.1794665,0,0.00038272486,0.00012554735,0,0,1.7813606,0.17075713,0.15829839,0,0
1925.0833,1.1131144,0,0.00036462228,0,0,0,1.6962982,0.17160857,0.16132002,0,0
1925.1667,1.0202412,0,0.00034779496,-4.6479025e-05,0,0,1.6550006,0.17240055,0.16407353,0,0
1925.25,0.92411938,2.0746251,0.00052252325,-5.8894925e-05,-4.0183794e-05,0,1.7043631,0.17275025,0.16747333,34.733497,1.2980644
1925.3333,0.86489372,3.0793853,0.00069301267,0.36987855,0.16246282,0,1.9413236,0.17138474,0.17173126,0,0
1925.4167,0.88841235,4.7649546,0.00092983997,7.2536507,2.3942483,0.20051301,2.3567801,0.16768023,0.1753024,27.381051,0.4546446
1925.5,1.2745449,7.0258933,0.0010594159,7.3723426,2.2044286,0.29161873,3.4823861,0.16454464,0.17882009,0.12247127,5.5275447
1925.5833,1.9190373,7.7586649,0.0005374446,6.3328653,1.8588723,0.27190191,5.1839542,0.16628109,0.18600714,4.6313515e-12,8.2040252
1925.6667,2.7869635,8.3303964,0.0003370441,3.7121022,1.0866688,0.17408976,7.1049294,0.17492247,0.20005798,4.9020714e-12,11.958027
1925.75,3.3903159,1.1135598,0.00016422785,2.1674449,0.13434815,0.021461146,7.9530897,0.19058527,0.22161303,6.2776256e-13,2.3027716
1925.8333,3.2537312,0,0.00013173722,0.13387801,0,0,7.7438445,0.20676093,0.24362952,0,0
1925.9167,3.1146924,0,0.00010365903,0.0012876597,0,0,7.6835589,0.22132102,0.26367947,0,0.12296624
1926,2.9921033,0,0.0017492501,0.0010716116,0,0,7.6250634,0.23465903,0.28221405,0,0
1926.0833,2.8755718,0,0.0022933113,0.00066601976,0,0,7.648859,0.24616578,0.29834968,0,0
1926.1667,2.7200261,0,0.0026838705,-0.00019009761,0,0,7.623775,0.25669253,0.31300846,0,0
1926.25,2.4325652,0,0.0025658321,0.0089260655,0,0,7.464922,0.26661158,0.32716313,0,0
1926.3333,2.3883709,2.2663416,0.0039466573,0.6186493,0.062663319,0,7.1672888,0.27488214,0.34370825,40.553926,3.343258
1926.4167,2.5849349,5.0503276,0.004747441,6.9137533,1.0518696,0.19208498,6.9421229,0.28060955,0.35922012,34.51656,0.14791699
1926.5,2.8589559,7.7459905,0.0045809713,8.6524121,1.6731098,0.37915832,7.0809417,0.28454563,0.37239701,5.814805,8.0212415
1926.5833,3.4109731,7.8326529,0.0038327181,6.3164966,1.416267,0.29106117,7.5780711,0.291991,0.38477877,5.0004216e-12,9.4362224
1926.6667,4.3988628,8.5311085,0.0030545366,4.2853317,0.99181008,0.21481537,8.6399403,0.30596358,0.40035865,5.550565e-12,13.045905
1926.75,5.0268983,1.4130627,0.0018788914,1.535011,0.14751865,0.027093343,10.112123,0.32743949,0.42040142,9.580127e-13,2.961798
1926.8333,4.8616985,0,0.001781306,0.060093736,0,0,11.942754,0.34993976,0.44077918,0,0
1926.9167,4.6859384,0,0.0018163848,2.4786716e-06,0,0,14.401185,0.37026882,0.45919451,0,0.12401952
1927,4.5234705,0,0.0018489023,0.0092292813,0,0,17.026777,0.38891792,0.47609022,0,0
1927.0833,4.36485,0,0.0018866593,1.1241605e-05,0,0,19.441263,0.40497017,0.49063864,0,0
1927.1667,4.0905396,0,0.0017720991,6.0116326e-06,0,0,21.859035,0.41947043,0.50426596,0,0
1927.25,3.6928169,0.85857906,0.0018397279,-0.00028824096,-9.7662094e-05,0,23.67672,0.43292981,0.51892406,43.777291,4.7795428
1927.3333,3.4641766,3.6739723,0.0033456872,0.068127905,0.017737891,0,24.877811,0.44396621,0.53223228,0,0
1927.4167,3.4521201,4.5746444,0.0036793535,4.7960217,0.76887895,0.12738707,25.236746,0.45092925,0.53897583,22.86711,0.022556395
1927.5,3.7196619,7.4096015,0.0035267014,7.8476751,1.5129118,0.3534091,25.032925,0.45430952,0.53977704,13.073393,5.7522079
1927.5833,4.368986,7.9670977,0.0030656236,6.2993999,1.335106,0.31726493,25.960533,0.45962483,0.54116273,5.049785e-12,7.3613758
1927.6667,5.1156273,3.1194089,0.0019552514,3.879715,0.39006419,0.092593715,27.697203,0.46969637,0.54662764,1.9841375e-12,3.9942505
1927.75,5.0050835,0,0.0015297303,0.37617423,0,0,30.284412,0.4812758,0.55373561,0,0
1927.8333,4.8179766,0,0.001580369,0.0075643148,0,0,33.603851,0.49179515,0.56030232,0,0
1927.9167,4.6446742,0,0.0016410351,6.5811278e-06,0,0,37.294765,0.50131714,0.56625265,0,0.35246809
1928,4.5024292,0,0.0017006915,0.0032644571,0,0,41.332924,0.51003891,0.57170707,0,0
1928.0833,4.3448275,0,0.0017304658,0.0091803952,0,0,45.983177,0.51753324,0.5763998,0,0
1928.1667,4.1899285,0,0.001760578,0.0032362671,0,0,50.279621,0.52430189,0.58064538,0,0
1928.25,4.4557918,3.9502275,0.0027514831,0.068256936,0.025610276,0,53.26569,0.5302161,0.58436441,51.693114,5.4363704
1928.3333,4.218691,4.6464424,0.00270907,0.31921856,0.081698875,0,54.210747,0.53232789,0.58526027,0,0
1928.4167,3.9544064,5.8615641,0.0031861484,6.0775596,1.1406094,0.22035551,56.406433,0.52754128,0.58161807,39.004849,0.016357034
1928.5,4.1955612,9.0092542,0.0030954033,7.6651361,1.6015653,0.43816767,58.423275,0.51660419,0.57537115,5.6875788,7.0066517
1928.5833,5.0169751,9.7199716,0.0025467991,5.632173,1.2300733,0.35768935,60.230392,0.50572681,0.57342124,6.4136206e-12,10.324244
1928.6667,5.7406188,2.692064,0.0014869473,4.0569207,0.2763379,0.08127664,63.363598,0.50498331,0.57856548,1.8471702e-12,4.0777786
1928.75,5.5713425,0,0.0011608606,0.81034389,0,0,68.810577,0.51984334,0.58604205,0,0
1928.8333,5.3651654,0,0.001210066,0.020855258,0,0,75.667755,0.5339312,0.59288877,0,0
1928.9167,5.1444345,0,0.0012098211,4.6291324e-05,0,0,83.744247,0.54662025,0.59910661,0,0.059472097
1929,4.8368261,0,0.0012414892,0.014531908,0,0,93.056564,0.55824423,0.6051718,0,0
1929.0833,4.6393261,0,0.0010878727,0.01614032,0,0,102.77333,0.56824321,0.61060232,0,0
1929.1667,4.433562,0,0.00075402315,0.0057894831,0,0,112.56025,0.57728356,0.61572319,0,0
1929.25,4.617814,2.3617214,0.0015741822,0.013415169,0.0080306601,0,121.69426,0.58567822,0.6205135,51.751003,6.5818184
1929.3333,4.9774875,4.8041842,0.0022918491,0.16234933,0.044848622,0,128.69098,0.59168875,0.62362081,0,0
1929.4167,5.0243801,5.9479722,0.002300217,5.1390997,1.0712843,0.20440263,135.24413,0.59316009,0.62338638,34.72653,0.06046124
1929.5,5.447174,9.4667729,0.0022749843,7.130899,1.6312145,0.47128909,144.84702,0.59087604,0.62096161,14.950764,12.754888
1929.5833,6.3403002,6.8659633,0.0017078555,4.5668709,0.81511443,0.24039453,156.53708,0.59057677,0.62303191,4.7032945e-12,9.0473503
1929.6667,6.3978187,0,0.0011872051,3.716286,0,0,168.33533,0.59294736,0.63013613,0,0
1929.75,6.1673843,0,0.0012200966,0.83882935,0,0,181.78365,0.59523886,0.63709474,0,0
1929.8333,5.9459256,0,0.0012427424,0.0041027,0,0,195.23306,0.59728098,0.64339697,0,0
1929.9167,5.7333154,0,0.0012682962,0.00025974017,0,0,209.68645,0.59911877,0.64909023,0,0.016795828
1930,5.5265008,0,0.0013104033,0.0050571083,0,0,225.27328,0.60080719,0.65431505,0,0
1930.0833,5.3354702,0,0.0014578965,4.0277731e-05,0,0,240.01332,0.602332,0.65881348,0,0
1930.1667,5.1511088,0,0.0015392201,0.00029154152,0,0,254.01649,0.60410404,0.66288316,0,0
1930.25,5.3226314,2.2361509,0.0018221444,0.0072384538,0.002704538,0,266.40933,0.606067,0.66666746,60.027985,8.270807
1930.3333,6.031035,5.8594695,0.0020896893,0.045978651,0.012527941,0,285.24353,0.6073308,0.66922408,0,0
1930.4167,6.2940852,6.8354271,0.0020569796,1.0240103,0.1497383,0.042760723,308.08932,0.60661399,0.66935301,6.3777422,0.030179524
1930.5,6.3989726,10.878813,0.0019359443,4.9429733,0.927585,0.52676033,325.57117,0.60046309,0.66710925,51.513685,6.6764541
1930.5833,7.7768886,13.022902,0.0015937279,4.0318162,0.88428132,0.5353894,343.46356,0.59248799,0.66608429,8.9011893e-12,20.44778
1930.6667,8.9978408,8.8860383,0.0012306798,2.1850131,0.46309801,0.26988998,361.09488,0.58910507,0.67125022,6.0950029e-12,14.535984
1930.75,9.099842,0,0.00082065497,0.39187744,0,0,381.42258,0.59056771,0.68141133,0,0
1930.8333,8.7716971,0,0.00086151878,0.00015945475,0,0,404.08832,0.59237504,0.69100469,0,0
1930.9167,8.4562022,0,0.0009068583,0.0088132987,0,0,423.94482,0.59403104,0.69966477,0,0.28495599
1931,8.1695626,0,6.2231542e-05,0.00068409613,0,0,442.5495,0.59558839,0.70760947,0,0
1931.0833,7.8844791,0,2.9975536e-05,0.0090998083,0,0,461.85379,0.59700841,0.71444041,0,0
1931.1667,7.6095113,0,3.0504752e-05,0.0017255532,0,0,484.20087,0.59841639,0.72061193,0,0
1931.25,8.172337,5.7496396,4.5561239e-05,0.031987487,0.0057294747,0,509.61108,0.60042429,0.72611213,82.737072,10.000259
1931.3333,8.2641821,7.9589887,5.2668078e-05,0.20753105,0.033789964,0,524.21924,0.60625947,0.72877568,0,0
1931.4167,7.8522554,9.4713103,5.5681176e-05,2.8032917,0.46577381,0.27425982,535.48779,0.61553866,0.72814977,48.48451,0.014233348
1931.5,8.6084232,15.408119,7.2943243e-05,4.4879201,0.88226593,0.75423876,522.64136,0.62872553,0.7260977,31.133144,35.298356
1931.5833,12.836689,15.982626,5.2182506e-05,3.6645114,0.80563038,0.6732898,498.91559,0.65494967,0.72945994,1.2679168e-11,55.97826
1931.6667,16.859265,11.266746,3.5819947e-05,2.3492841,0.4453252,0.33677816,488.57031,0.7011556,0.74337947,8.945324e-12,37.771001
1931.75,17.296329,0,1.9195661e-05,0.30854604,0,0,491.95685,0.76215279,0.76467782,0,0
1931.8333,16.669117,0,1.9743335e-05,0.0085997951,0,0,497.97623,0.81901395,0.78465772,0,0
1931.9167,16.064929,0,1.9832805e-05,1.0387857e-05,0,0,506.01572,0.86975843,0.80293119,0,0.07653076
1932,15.479097,0,0.00070593046,6.1454716e-07,0,0,564.81494,0.91470504,0.820373,0,0
1932.0833,14.935694,0,0.00076835934,0,0,0,578.72772,0.9528259,0.83556694,0,0
1932.1667,14.411563,0,0.00078830792,0.00014618098,0,0,585.73328,0.98670894,0.84951496,0,0
1932.25,15.313799,5.06471,0.0010141933,0.0028158749,0.0020574257,0,633.06458,1.0186938,0.8636387,99.399609,26.306932
1932.3333,16.1424,9.0581737,0.0011354015,0.015791663,0.0055982409,0,659.42322,1.0602158,0.88381386,0,0
1932.4167,15.72424,9.7363358,0.0011945989,0.076915488,0.010634096,0,583.97607,1.1197457,0.90236688,0,0
1932.5,14.975887,12.465443,0.0012412706,2.2195199,0.5773495,0.46263854,449.68137,1.1895792,0.91776747,69.03856,0.17735663
1932.5833,15.019877,17.907392,0.0011641169,2.2875115,0.71106653,0.68275612,449.61642,1.2723496,0.93542159,22.308054,26.31145
1932.6667,15.768716,0.61088509,0.00074661925,1.6172364,0.047150757,0.038311931,451.45926,1.3588207,0.97203231,4.6198809e-13,3.3161607
1932.75,15.202599,0,0.00072657794,0.40006925,0,0,462.03601,1.4392498,1.011584,0,0
1932.8333,14.653716,0,0.00077292137,0.0031263884,0,0,473.5567,1.5117674,1.0473785,0,0
1932.9167,14.125882,0,0.00080857164,0.00083076243,0,0,484.67438,1.5770028,1.0797696,0,0.41605066
1933,13.641233,0,0.00085378235,4.3115908e-06,0,0,495.06317,1.636096,1.1098374,0,0
1933.0833,13.16432,0,0.000875575,0.00065467317,0,0,498.55118,1.6854526,1.1363145,0,0
1933.1667,12.704272,0,0.00088972581,0.00070092677,0,0,501.9035,1.7292814,1.1605388,0,0
1933.25,13.920449,2.6821522,0.00096965197,0.027135014,0.001065993,0,496.35083,1.7697016,1.1834211,96.219148,61.099535
1933.3333,16.619304,8.5399849,0.0011057981,0.064605176,0.0067511337,0,489.30493,1.7976221,1.2008718,0,0
1933.4167,15.803779,9.8430561,0.0011468347,1.4338841,0.44273335,0.23260643,489.17273,1.8020335,1.2076693,37.857789,0.013039548
1933.5,15.27711,16.296173,0.0011396585,3.0691999,1.0646166,0.86981103,446.68069,1.7833124,1.204748,52.965643,12.762773
1933.5833,17.224697,18.511785,0.001034705,2.3391876,0.84908331,0.77954807,413.96048,1.7501342,1.1983652,10.154968,38.77162
1933.6667,18.885231,8.4287366,0.00081942161,1.3477554,0.27835678,0.26720986,401.11212,1.7208077,1.1951181,4.4376621,12.325247
1933.75,18.41693,0,0.00069761736,0.17362375,0,0,396.87128,1.7012497,1.1979042,0,0
1933.8333,17.74624,0,0.00072861934,0.0019141243,0,0,395.14261,1.6841689,1.2030286,0,0
1933.9167,17.100887,0,0.00073436811,1.8918169e-19,0,0,394.61523,1.668708,1.2191026,0,0.0012850651
1934,16.475193,0,0.00075446843,1.912012e-08,0,0,390.83139,1.652719,1.237492,0,0
1934.0833,15.896142,0,0.00071533688,0.0013565496,0,0,386.20157,1.6370878,1.2567887,0,0
1934.1667,15.338445,0,0.00068708899,0.0010428114,0,0,388.52042,1.6238992,1.2805498,0,0
1934.25,17.101811,6.1632656,0.00093755097,0.017401975,0.0036895591,0,387.69333,1.6107049,1.3031573,98.926387,37.215893
1934.3333,17.408162,9.0135988,0.0010511177,0.050358642,0.018582549,0,394.29742,1.5886974,1.3179884,0,0
1934.4167,16.849941,11.171876,0.0010570734,1.7530361,0.82477474,0.40662568,399.5672,1.551579,1.3223975,61.778032,0.20048447
1934.5,17.062597,17.626388,0.0010577334,2.4643334,1.1568408,0.91675419,403.85196,1.5010149,1.317546,34.538866,21.377516
1934.5833,19.295957,16.343653,0.00091329735,1.9952017,0.86858068,0.74594984,409.59653,1.4444811,1.3093442,11.446765,27.135722
1934.6667,19.426567,0,0.00068294309,1.4421502,0,0,429.04382,1.3966941,1.3064125,0,0
1934.75,18.724509,0,0.00066467986,0.36400751,0,0,435.04303,1.3556157,1.3062278,0,0
1934.8333,18.049872,0,0.00069717516,0.00049654002,0,0,439.6655,1.3197472,1.3061066,0,0
1934.9167,17.40003,0,0.00069945486,4.6488242e-08,0,0,444.92911,1.2873946,1.3060704,0,0.001840472
1935,16.763555,0,0.00075018336,5.3284141e-06,0,0,450.7164,1.2577112,1.3061557,0,0
1935.0833,16.179156,0,0.00078270456,9.2128258e-05,0,0,455.48923,1.2321596,1.3063756,0,0
1935.1667,15.615429,0,0.00079694646,0.0011987267,0,0,461.42981,1.2090383,1.3067169,0,0
1935.25,15.482198,1.6323505,0.0008583985,0.00069694655,0.00035485753,0,466.75928,1.1874021,1.307193,118.27403,30.630316
1935.3333,17.175516,10.197303,0.0011377997,0.0054864117,0.0072905282,0,444.58905,1.1675851,1.3052957,0,0
1935.4167,16.35636,10.867422,0.0011623782,0.016697182,0.014541821,0,455.0426,1.1431233,1.3014534,0,0
1935.5,15.8317,13.964796,0.0010895601,0.82265407,0.92261909,0.54377654,416.91443,1.1132907,1.2903373,78.321164,0.016734063
1935.5833,16.70659,21.448566,0.0010520004,0.93398178,1.1283354,0.96681608,409.10703,1.0810333,1.268887,35.17808,35.00907
1935.6667,20.647326,15.02304,0.00084838452,0.60143257,0.59975107,0.51776557,385.40103,1.0544032,1.2493464,5.9351221e-12,40.527195
1935.75,20.958433,0,0.00068466645,0.15187263,0,0,372.33942,1.0351011,1.2334627,0,0
1935.8333,20.173552,0,0.0006644727,0.0022185786,0,0,361.76581,1.0245379,1.219251,0,0
1935.9167,19.439105,0,0.0007046134,1.1966499e-08,0,0,349.03162,1.0236044,1.2064446,0,0.011281518
1936,18.723825,0,5.202015e-05,5.3566425e-19,0,0,338.34644,1.0228809,1.1947705,0,0
1936.0833,18.065883,0,2.8534367e-05,0.00039993881,0,0,326.6153,1.0223494,1.1847571,0,0
1936.1667,17.43147,0,2.8301298e-05,0.00018943577,0,0,314.45065,1.0223544,1.1758406,0,0
1936.25,17.812757,4.9559283,3.7981314e-05,0.001565052,0.0060078093,0,305.3667,1.0226141,1.1674882,126.68902,24.261911
1936.3333,18.725259,11.22857,5.3046708e-05,0.025678443,0.027933638,0,295.06116,1.0280206,1.1575639,0,0
1936.4167,18.698733,12.384494,5.4026004e-05,0.35349674,0.60749895,0.20331054,277.74594,1.0435191,1.1429365,29.860668,0.20666334
1936.5,19.72805,21.165045,5.9376285e-05,0.95005506,1.6640026,1.1467174,265.33719,1.0704243,1.1241962,92.790395,49.436819
1936.5833,28.102754,23.867033,4.0783158e-05,0.71652311,1.2707947,1.0278855,244.77972,1.1153241,1.1077826,1.1078693e-11,123.49398
1936.6667,37.836775,22.911141,3.0479825e-05,0.49349161,0.91631179,0.68226108,225.09641,1.1882023,1.0992389,1.169551e-11,105.78451
1936.75,40.324923,0,1.731918e-05,0.086273129,0,0,212.0592,1.2934439,1.098502,0,0
1936.8333,38.841307,0,1.6282989e-05,0.0027968432,0,0,204.52159,1.3973718,1.1038219,0,0
1936.9167,37.422553,0,1.6319105e-05,2.0587998e-05,0,0,195.96678,1.4924849,1.1165391,0,0.0010419641
1937,36.037259,0,0.00056858797,0.0013617676,0,0,187.33443,1.5818671,1.1283933,0,0
1937.0833,34.766544,0,0.00059883058,0.00046790303,0,0,178.63312,1.6587088,1.1385977,0,0
1937.1667,33.541355,0,0.00060864468,0.00033656185,0,0,170.69366,1.7280498,1.1478305,0,0
1937.25,33.637717,3.1637184,0.00065735861,0.0011633992,0.0013983122,0,149.73886,1.7930149,1.1564673,142.91242,58.561634
1937.3333,36.63918,12.360157,0.0008054098,0.0021302963,0.014691284,0,60.102711,1.8708934,1.1631941,0,0
1937.4167,36.337543,13.111217,0.00080791191,0.014390729,0.051345568,0,19.167763,1.9924406,1.1652766,0,0
1937.5,35.913669,17.197458,0.00080768816,0.35689235,1.7664591,0.79149866,17.876823,2.1572659,1.1620648,105.88561,0.41223132
1937.5833,38.204402,25.639102,0.0007597527,0.38851886,1.8956838,1.1711575,18.521379,2.3665507,1.1609621,31.355208,79.090636
1937.6667,44.91787,20.49117,0.00069844967,0.25429334,1.0431649,0.67621692,18.614403,2.6205831,1.165796,1.1424492e-11,71.229499
1937.75,45.575581,0,0.00058274384,0.061863967,0,0,18.414845,2.9024458,1.1762718,0,0
1937.8333,43.919336,0,0.00060244708,0.0010602121,0,0,17.743132,3.1619477,1.1863921,0,0
1937.9167,42.322386,0,0.00060622941,0,0,0,16.702131,3.3957524,1.1958814,0,0.012805278
1938,40.760513,0,0.00059258559,2.5877026e-09,0,0,15.263885,3.6097641,1.205313,0,0
1938.0833,39.180152,0,0.00058589911,9.4648882e-10,0,0,13.92048,3.793314,1.2134547,0,0
1938.1667,37.734617,0,0.00060748449,2.0119742e-05,0,0,12.691314,3.9581323,1.2208208,0,0
1938.25,41.046575,3.6593727,0.00064235018,0.0042437276,0.010330145,0,10.986823,4.111527,1.2276969,132.47921,174.58899
1938.3333,47.841992,11.266691,0.00070631743,0.023880366,0.12052631,0,8.7336521,4.2334499,1.2325003,0,0
1938.4167,44.676278,14.689639,0.00073030486,0.50845671,2.5002237,0.70798793,7.5336957,4.2986078,1.2321439,99.287627,0.041081845
1938.5,44.241119,21.945074,0.00076448853,0.5438171,2.4203685,1.1375308,6.6519909,4.3127046,1.2282885,36.677965,37.261825
1938.5833,45.406055,25.80536,0.00070776691,0.43563956,1.8767078,1.0445424,6.3199992,4.3021626,1.2291141,33.02126,35.605478
1938.6667,47.766782,16.994838,0.00067143101,0.30072987,0.95833746,0.53727153,6.5042391,4.2904282,1.2395345,1.0494344e-11,45.454443
1938.75,47.038067,0,0.00057742588,0.11686182,0,0,6.6467338,4.2819643,1.2559884,0,0
1938.8333,45.33121,0,0.00058135286,0.00052764457,0,0,6.9036336,4.2742596,1.2713082,0,0
1938.9167,43.686617,0,0.00059372967,3.2565727e-05,0,0,7.3201823,4.2670116,1.2851366,0,0
1939,42.076025,0,0.00061733811,1.3701352e-07,0,0,7.3998327,4.2599959,1.2978336,0,0
1939.0833,40.59808,0,0.00061547343,0.00047736803,0,0,7.2649231,4.2533951,1.3088037,0,0
1939.1667,39.172888,0,0.00061094819,1.9574375e-05,0,0,6.960743,4.2469907,1.318747,0,0
1939.25,37.751395,0,0.00062421738,0.0038730777,0,0,6.4416924,4.240665,1.3280618,0,0
1939.3333,44.077214,9.9357264,0.00069049239,0.0079159689,0.028861386,0,5.6321783,4.2304034,1.3359381,131.88,113.58269
1939.4167,41.824386,12.115406,0.00071088143,0.27283492,1.2234198,0.20832846,5.0141153,4.1874471,1.3388709,27.248936,0.006696919
1939.5,39.102282,19.810986,0.00076734374,0.84540738,3.2519265,1.1318779,4.8575144,4.0970621,1.3343649,94.312948,17.690284
1939.5833,40.305026,24.058228,0.00074911444,0.68261139,2.4475837,1.0417873,5.2010531,3.9671786,1.3290077,31.489237,30.540006
1939.6667,40.54337,12.139921,0.00069510727,0.48282594,0.9204823,0.40578167,5.5553193,3.8198965,1.330278,15.481845,12.606885
1939.75,39.322402,0,0.00061605306,0.075232404,0,0,5.7887359,3.6814764,1.3354806,0,0
1939.8333,37.898771,0,0.00061086839,1.1075057e-06,0,0,5.8570833,3.5563276,1.3403418,0,0
1939.9167,35.539743,0,0.00051418401,0,0,0,5.908186,3.4428997,1.3456554,0,0.013439969
1940,32.442007,0,0.00054519612,0,0,0,5.9171534,3.3358841,1.3534079,0,0
1940.0833,29.729299,0,0.00054595631,0,0,0,5.8637795,3.2395809,1.3602641,0,0
1940.1667,27.232252,0,0.00054953061,0,0,0,5.5387878,3.1483722,1.3664335,0,0
1940.25,27.467854,5.348566,0.00065402727,0.013156005,0.053960988,0,5.0324082,3.0586944,1.3720926,128.80062,60.660946
1940.3333,28.694538,12.109039,0.00077395356,0.56255702,2.0881544,0.33431366,4.5024381,2.96627,1.3750577,44.476733,0.027748449
1940.4167,28.756104,19.284932,0.00083424611,1.1768969,3.8880237,1.1301718,4.417634,2.8611338,1.3735789,76.496549,29.911688
1940.5,32.45515,22.164159,0.00081808754,1.0654749,3.3735637,1.1604965,4.7844419,2.7517297,1.3732268,1.1530106e-11,50.224263
1940.5833,37.79836,22.812329,0.00075958716,0.89618624,2.7724191,0.98742853,5.5706372,2.6558013,1.3787661,1.268e-11,65.476678
1940.6667,42.083435,18.698204,0.00073089823,0.5871819,1.5406959,0.56273992,6.6116209,2.5817816,1.3936284,1.0451031e-11,51.565793
1940.75,42.563498,0,0.00059854478,0.12031677,0,0,7.9541931,2.5261805,1.4183097,0,0
1940.8333,41.021775,0,0.00061861007,0.0072362848,0,0,9.4435501,2.4774227,1.4427961,0,0
1940.9167,39.536197,0,0.00061409804,4.149471e-07,0,0,11.049458,2.4333849,1.4649105,0,0.0010392341
1941,38.07921,0,0.0005934877,2.9496556e-20,0,0,12.642065,2.3929543,1.4852114,0,0
1941.0833,35.875592,0,0.0005781455,-1.2749337e-08,0,0,13.079888,2.3580713,1.5026972,0,0
1941.1667,33.181578,0,0.00057676429,-1.0922515e-07,0,0,12.44206,2.3261805,1.5185207,0,0
1941.25,30.908763,1.7310663,0.00061254523,0.00046385417,0.0020553022,0,11.310244,2.2953179,1.5333061,125.79273,42.271884
1941.3333,32.756735,10.936063,0.00073580397,0.28392823,1.0610853,0.10239616,10.049566,2.264796,1.5451882,12.051413,0.0055551212
1941.4167,32.769486,17.248301,0.00076759019,1.3819176,4.3937416,0.94205752,8.9095078,2.2303801,1.5507733,112.39806,7.6046811
1941.5,36.748841,22.416228,0.0007648695,1.2113141,3.736277,1.0970028,8.6281061,2.1940093,1.5529875,0.026299801,79.39349
1941.5833,41.534368,23.052411,0.00070204289,1.1524008,3.4812964,1.035289,9.3361254,2.1637619,1.5591389,1.3353921e-11,47.188121
1941.6667,44.640627,14.116724,0.0006699395,0.74993004,1.6059919,0.48313243,10.59845,2.145175,1.5727596,8.3855337e-12,35.068569
1941.75,44.035275,0,0.00057570013,0.21195779,0,0,12.107945,2.1365833,1.5909281,0,0
1941.8333,42.443309,0,0.00059780822,0.00088522632,0,0,13.611385,2.129668,1.6077237,0,0
1941.9167,40.909272,0,0.00061621977,1.0432363e-06,0,0,15.063972,2.1233988,1.6229101,0,0.0011937032
1942,39.406836,0,0.00061808474,0.00062744021,0,0,16.580736,2.1176186,1.6368688,0,0
1942.0833,38.027871,0,0.00061695836,0.0020117075,0,0,18.089312,2.1126096,1.6489092,0,0
1942.1667,36.697958,0,0.00062194053,0.00069919325,0,0,19.416735,2.1079984,1.6598358,0,0
1942.25,35.371386,0,0.00062495004,0.0045730501,0,0,20.364742,2.1035147,1.6701268,0,0
1942.3333,38.230695,10.650534,0.00072549802,0.010543807,0.11095494,0,21.35807,2.098392,1.6787108,140.48229,51.102129
1942.4167,38.31923,14.731924,0.00074561732,0.59907527,3.7060122,0.61149338,26.802975,2.0847592,1.6807575,82.889396,0.023645028
1942.5,38.41503,23.966974,0.00076270674,0.88008656,4.8592662,1.2788458,32.227184,2.0580399,1.6752096,58.530393,40.232821
1942.5833,41.818574,24.815772,0.00074772781,0.71595639,3.7496682,1.0357765,37.896046,2.0269992,1.6686639,1.3669448e-11,57.133744
1942.6667,43.196183,15.657986,0.00071850745,0.55947139,2.1916638,0.55063598,42.291229,2.0005474,1.6677532,8.0036252e-12,26.646208
1942.75,42.183876,0,0.00060518645,0.10915981,0,0,45.546528,1.9819758,1.671984,0,0
1942.8333,40.618286,0,0.00061322452,0.0012386177,0,0,47.71291,1.9663011,1.6764224,0,0
1942.9167,39.11588,0,0.00066314224,5.7934586e-20,0,0,48.321087,1.9521407,1.6804568,0,0.011766136
1943,37.655171,0,0.00069288921,1.9908307e-08,0,0,46.487835,1.9391247,1.6841742,0,0
1943.0833,36.311831,0,0.00070943456,0.00010570302,0,0,44.506954,1.9278905,1.6873928,0,0
1943.1667,35.012439,0,0.00071155216,2.4526954e-07,0,0,41.330738,1.9176261,1.6904072,0,0
1943.25,35.558138,6.1193556,0.00077510113,0.00035156852,0.0047507273,0,34.990536,1.9065874,1.6942174,147.41927,44.891874
1943.3333,36.137342,12.552493,0.00086146314,0.0033039577,0.055281458,0,33.062889,1.8911816,1.6950305,0,0
1943.4167,34.815308,13.104697,0.00087740517,0.29261459,1.6098534,0.15130042,32.129883,1.8654891,1.6866629,20.255576,0.0071774338
1943.5,32.041423,19.909214,0.00091009244,1.1341014,5.5492535,0.99774274,29.986244,1.8228616,1.665852,109.4708,0.65902167
1943.5833,30.225743,17.530933,0.0008592243,0.93200767,3.4167813,0.72621811,29.141649,1.7652366,1.6346601,8.6592668e-12,11.291452
1943.6667,29.490279,0,0.00069328363,0.69517036,0,0,29.050167,1.7226926,1.6066031,0,0
1943.75,28.357944,0,0.00067202043,0.24055286,0,0,28.569193,1.6895684,1.5818392,0,0
1943.8333,27.28102,0,0.00068536191,0.0011881753,0,0,27.721851,1.6596307,1.5595028,0,0
1943.9167,26.257306,0,0.00069220096,6.7685272e-08,0,0,27.009819,1.6326039,1.5393611,0,0.02225809
1944,25.261534,0,0.00068487797,3.0556963e-07,0,0,26.239735,1.6078042,1.5209048,0,0
1944.0833,24.350444,0,0.0006840399,0.00012905906,0,0,25.540556,1.5864519,1.5050395,0,0
1944.1667,23.474235,0,0.0006869802,3.8968362e-08,0,0,24.583702,1.5671233,1.490712,0,0
1944.25,22.778442,0.70267991,0.00070032442,-2.5836167e-05,0.00011221633,0,22.922695,1.5489994,1.4773287,127.81398,31.695986
1944.3333,24.563223,10.802583,0.00093741424,-0.00046718979,0.025363822,0,10.534367,1.530677,1.4643958,0,0
1944.4167,23.73152,11.273602,0.00096336147,0.059469137,0.38099997,0.0047870337,9.6176414,1.5050305,1.4463353,0.35665703,0.00051641739
1944.5,21.574683,15.221006,0.0010059052,1.3084158,5.853373,0.71351994,9.5173979,1.4649335,1.4179262,101.7452,0.15464575
1944.5833,18.684862,20.710636,0.0011667304,1.1133918,5.0090066,0.82242079,10.415756,1.4067783,1.3773547,9.01599,6.6121712
1944.6667,18.083755,4.1444376,0.00095700281,0.83326679,0.81376774,0.11856582,11.153033,1.3474087,1.3347017,2.3663542e-12,2.5374504
1944.75,17.405864,0,0.00090185297,0.22566385,0,0,11.640624,1.2950696,1.2957126,0,0
1944.8333,16.750114,0,0.0009133516,8.5225886e-05,0,0,11.802955,1.2478138,1.2604593,0,0
1944.9167,16.126493,0,0.00087699265,0.00025906588,0,0,11.944548,1.2058116,1.2286106,0,0.059476733
1945,15.527655,0,0.00088177662,0.00026388885,0,0,12.000605,1.1677954,1.1993686,0,0
1945.0833,14.97684,0,0.0008640801,6.3237921e-05,0,0,11.892384,1.1352841,1.1741811,0,0
1945.1667,14.45418,0,0.00087500323,-1.4576867e-06,0,0,11.619416,1.1066602,1.1513879,0,0
1945.25,14.187656,1.6467783,0.00093027687,-2.7454919e-05,0.004890543,0,11.122249,1.0799373,1.1300309,119.43322,18.182546
1945.3333,14.727531,10.20414,0.0012891173,7.2778291e-05,0.10558982,0,10.393176,1.0538272,1.1081561,0,0
1945.4167,13.609691,10.843396,0.0013429748,0.37388297,1.9817668,0.1049818,9.4645529,1.0225174,1.0783712,17.51055,0.010980845
1945.5,11.620237,17.400716,0.0016128985,1.5861304,7.2009908,0.85186777,8.8921165,0.98072553,1.0399561,87.564638,0.68848629
1945.5833,10.49516,19.66029,0.001822354,1.1132362,5.0535122,0.68816781,8.8029842,0.93081087,0.9955042,1.0867192e-11,7.3005849
1945.6667,10.504749,8.515859,0.0014130954,0.96344019,1.9890476,0.25552979,8.4055986,0.88590187,0.95750105,5.2093275e-12,4.0710957
1945.75,10.025701,0,0.0011220039,0.24077182,0,0,7.7758484,0.84986717,0.93809342,0,0
1945.8333,9.6250763,0,0.0011100885,0.00018390424,0,0,7.8412881,0.82116359,0.92253083,0,0
1945.9167,9.2537925,0,0.0011905279,4.899912e-20,0,0,8.1923609,0.79678547,0.90851068,0,0.073254958
1946,8.9020189,0,0.0012348514,0.00010399522,0,0,8.410265,0.77437341,0.89567053,0,0
1946.0833,8.579894,0,0.0012650557,2.7338202e-08,0,0,8.4694462,0.75509745,0.88462234,0,0
1946.1667,8.2813557,0,0.0012826138,-9.4523617e-06,0,0,8.1831446,0.7377131,0.8746292,0,0
1946.25,8.4279478,3.3343728,0.0015372712,-1.7914304e-05,0.039243682,0,7.6858511,0.72143263,0.86522448,91.921377,11.525033
1946.3333,8.8814273,8.0826143,0.0020246455,0.0060664274,0.29936634,0,7.1278329,0.70483255,0.85476643,0,0
1946.4167,8.3180703,9.2928465,0.0019448664,1.0126807,4.7517355,0.24460867,6.5693793,0.68353927,0.83871871,39.991357,0.37882296
1946.5,6.6252905,13.826203,0.0023851134,1.89235,7.570564,0.5960507,6.596396,0.65418172,0.81367636,36.718849,2.6180969
1946.5833,5.7802829,14.119442,0.0026655248,1.3746713,5.3742563,0.41472894,6.8390589,0.62377542,0.78040487,7.1551211e-12,6.3103367
1946.6667,5.4655178,7.9310993,0.0022704198,1.1084905,2.4139132,0.17828972,6.8229408,0.59981555,0.74451894,4.0905342e-12,4.8015903
1946.75,5.246642,0,0.0013617597,0.53167168,0,0,6.6702485,0.58184028,0.71094614,0,0
1946.8333,5.0188978,0,0.0013819662,0.0059428374,0,0,6.3358493,0.56594419,0.6810028,0,0
1946.9167,4.8018782,0,0.0014900066,9.836283e-05,0,0,5.9744692,0.55119461,0.65422827,0,0.038512601
1947,4.5999135,0,0.001594109,2.1168564e-23,0,0,5.5457311,0.53719974,0.62993371,0,0
1947.0833,4.4360501,0,0.0016085464,0.0015000779,0,0,5.1259518,0.5249114,0.60915875,0,0
1947.1667,4.2760675,0,0.0016385558,0.00020817433,0,0,4.7046452,0.51378149,0.59037447,0,0
1947.25,4.1918661,1.0895304,0.0018158359,0.0096505817,0.040274593,0,4.3117428,0.50335234,0.57280505,78.793994,5.9624759
1947.3333,4.5056348,6.8124635,0.0030327132,0.19403603,1.0373011,0.0051830442,3.9329503,0.49221998,0.55652785,0.74126867,0.0014534084
1947.4167,4.1870298,9.5387204,0.0035094968,2.6619579,8.9108395,0.38775385,3.5627282,0.4760811,0.53929919,57.243601,1.4678365
1947.5,4.2076637,13.236556,0.0034106721,3.5609333,7.1494581,0.47702811,3.6838822,0.457605,0.51952893,10.088024,5.3939897
1947.5833,4.9759657,14.209374,0.0027257297,2.7188277,5.2470206,0.34881476,3.8912699,0.44519979,0.50074399,7.0744607e-12,9.9744766
1947.6667,5.9414203,8.4171994,0.0018507814,1.5766716,2.1768326,0.14468087,3.8962903,0.44305357,0.48733285,3.1642923e-12,7.7559977
1947.75,5.944659,0,0.0012025028,0.16874666,0,0,3.5123634,0.46349296,0.47741371,0,0
1947.8333,5.7317461,0,0.0012014352,0.0028214154,0,0,2.5210886,0.48621646,0.46869731,0,0
1947.9167,5.5338466,0,0.0011899064,0.00023304047,0,0,2.4533131,0.50670213,0.46091503,0,2.6683846
1948,5.5478951,0,0.0011970388,0.00010148752,0,0,2.3319345,0.52538633,0.45384118,0,0
1948.0833,5.3557102,0,0.0012220361,0.00095940723,0,0,2.1897037,0.54132998,0.44776598,0,0
1948.1667,5.1703048,0,0.0012390591,0.0012253917,0,0,2.053504,0.55558866,0.4423193,0,0
1948.25,5.2680667,3.7288996,0.0018037233,0.013257003,0.2111977,0,1.9900533,0.56873184,0.43724278,81.861514,5.1307056
1948.3333,5.5084471,7.7077686,0.0023479748,0.073828956,1.1356371,0,1.9421093,0.57859045,0.43096662,0,0
1948.4167,5.0578611,8.8310996,0.0024521702,1.8637345,4.0941291,0.093783154,1.8715355,0.58431357,0.42017984,16.288248,0.021643421
1948.5,4.2238608,13.306946,0.0027862538,3.8908136,6.7748791,0.36894844,1.8931673,0.5851531,0.40369317,51.086833,1.8939902
1948.5833,3.9562085,15.164983,0.0028666151,3.1729892,5.1782064,0.33822253,1.9367942,0.58423221,0.38253817,11.942117,6.5091466
1948.6667,4.026304,0,0.001254576,2.2695954,0,0,2.1344185,0.59230369,0.36224961,0,0
1948.75,3.881749,0,0.00126476,0.239088,0,0,2.4062846,0.60451508,0.34445783,0,0
1948.8333,3.7424059,0,0.0012813989,3.7758139e-05,0,0,2.7370369,0.61483276,0.32854065,0,0
1948.9167,3.6125185,0,0.0012981386,1.3758941e-06,0,0,3.0307477,0.6234808,0.31429422,0,1.602987
1949,3.6102005,0,0.00011468637,7.9826445e-05,0,0,3.3027699,0.63064617,0.30132294,0,0
1949.0833,3.4848757,0,8.4597581e-05,0.00015433315,0,0,3.4406402,0.63564521,0.29017064,0,0
1949.1667,3.3639576,0,9.2195478e-05,0.0027192421,0,0,3.3055153,0.63875067,0.28007007,0,0
1949.25,3.5319512,6.3771112,0.00021378123,0.0028237598,0.051077146,0,3.121027,0.64125633,0.27046522,96.498312,3.4021859
1949.3333,3.3062354,9.1639664,0.00030130183,0.020294843,0.32244922,0,2.9219475,0.64404249,0.25988379,0,0
1949.4167,2.7275754,10.027242,0.00035270769,1.4920438,2.9025233,0.095384641,2.6902606,0.64549249,0.24641673,17.666238,0.026352561
1949.5,2.5421882,14.28788,0.00045259407,4.4443504,7.362719,0.40673461,2.5380387,0.64134777,0.23325759,56.292759,3.387943
1949.5833,3.3158062,16.886231,0.00042599067,3.1536345,5.0452684,0.31579874,2.4700823,0.63152695,0.22375293,10.113049,12.713816
1949.6667,4.4543315,17.045176,0.00031953352,2.3976807,3.8381788,0.23678646,2.3759713,0.62987506,0.2188665,1.1173618e-11,14.081336
1949.75,4.9310797,0,0.0001189982,0.86731825,0.088464477,0.0046062675,2.6385801,0.6673454,0.21894799,0,0.4684091
1949.8333,4.7490224,0,0.00010320111,0.036312574,0,0,3.2245853,0.73105514,0.22027674,0,0
1949.9167,4.5842216,0,0.00011209607,1.0253278e-19,0,0,3.8607719,0.7871483,0.22164957,0,3.6132036
1950,4.7053127,0,0.0015938869,0.0026490206,0,0,4.3875456,0.83624792,0.22304599,0,0
1950.0833,4.5398059,0,0.0016721224,4.4022326e-06,0,0,4.5693498,0.87518615,0.22432873,0,0
1950.1667,4.3822932,0,0.0017042803,0.006750699,0,0,4.4274383,0.90146655,0.22546966,0,0
1950.25,4.237324,0.24549116,0.0017454309,0.023957165,0,0,4.3193631,0.92399681,0.22653361,89.206189,4.3226822
1950.3333,4.4677956,7.5994357,0.0028822471,0.2070584,0.7869987,0,4.1974802,0.94636101,0.2273186,0,0
1950.4167,4.1179922,8.2750805,0.003046365,2.2942308,4.0636025,0.11108433,3.9059002,0.97495311,0.22672625,20.066613,0.037500707
1950.5,3.8441031,11.874799,0.0032300758,4.8323218,7.6955209,0.33867993,3.8051121,1.0046703,0.22486334,46.052787,2.2603408
1950.5833,4.3945019,13.539234,0.0027781869,3.5668314,5.6110152,0.27504564,3.9057469,1.0339817,0.22519059,4.5331328,14.100348
1950.6667,5.1030247,2.2294377,0.0015238362,3.1678956,0.95972727,0.048273616,4.2264977,1.0544816,0.23189262,1.4844963e-12,3.5183745
1950.75,4.8654638,0,0.0013024409,1.3769478,0,0,4.7816887,1.0641987,0.24242532,0,0
1950.8333,4.629537,0,0.0013324751,0.097903778,0,0,5.6253681,1.059322,0.25427154,0,0
1950.9167,4.4306442,0,0.0013315402,0.0012787811,0,0,6.7307653,1.0483456,0.2662316,0,0.41176415
1951,4.2700153,0,0.0015026745,1.6025333e-09,0,0,7.7582879,1.0418118,0.27754915,0,0
1951.0833,4.1223187,0,0.0016045534,0.0010612256,0,0,8.5479593,1.0329077,0.28729093,0,0
1951.1667,3.9798943,0,0.001661917,0.0024910272,0,0,9.0280676,1.0229571,0.29607102,0,0
1951.25,3.837747,0,0.0016984741,0.034801094,0,0,8.9500113,1.0127741,0.30428773,0,0
1951.3333,4.137143,3.50706,0.0024685233,0.39748477,0.75958437,0,8.9881659,1.0025868,0.31161109,67.488572,7.8903194
1951.4167,4.244938,7.1102264,0.0027432065,3.8303236,6.4981124,0.16142008,9.0193033,0.98427552,0.31715199,29.176369,0.018144367
1951.5,3.585625,9.8285945,0.0030718506,4.3341387,6.9150382,0.24661368,9.6542444,0.93559605,0.32289314,28.375999,0.36094684
1951.5833,3.582946,10.860058,0.0030728965,3.2274705,5.1970128,0.2006734,10.848675,0.87496078,0.32819402,0.47738557,4.5577567
1951.6667,3.7536495,2.8820152,0.0017720492,3.1606094,1.4329244,0.052744762,11.912406,0.82073849,0.33536556,1.7037704e-12,2.3594668
1951.75,3.6132599,0,0.0013149527,0.52866932,0,0,12.940404,0.77307779,0.34438351,0,0
1951.8333,3.4580445,0,0.0013710576,0.018998432,0,0,14.152399,0.73011529,0.3528592,0,0
1951.9167,3.3117477,0,0.0013785003,0.00032310978,0,0,15.575089,0.69136316,0.36070898,0,0.54189178
1952,3.2075392,0,0.0017030672,6.9057052e-11,0,0,17.341299,0.65587354,0.36830896,0,0
1952.0833,3.0937237,0,0.0018987079,0.00069865623,0,0,19.01263,0.62560344,0.37507358,0,0
1952.1667,2.975462,0,0.0018422834,0.0036270417,0,0,20.606125,0.59845263,0.38116515,0,0
1952.25,3.0721142,2.2180476,0.0026103882,0.0081056919,0.050551582,0,22.225595,0.57309926,0.3868559,55.78178,5.1813592
1952.3333,3.1647205,5.1702945,0.0036207321,0.020489244,0.33927074,0,23.389223,0.54636079,0.39097115,0,0
1952.4167,2.8746915,5.660824,0.0038444963,0.82835552,1.9085847,0.018646119,23.147985,0.51440507,0.39127436,3.1249427,0.0046241509
1952.5,2.4060812,7.6187421,0.0041106958,4.6069457,7.7804202,0.23126876,22.187574,0.47793919,0.38650924,30.400081,0.13459819
1952.5833,2.1094901,9.1555333,0.0047852751,3.1797806,5.3219722,0.1966191,22.598608,0.43992567,0.37697536,6.3741631,0.60545923
1952.6667,2.1601859,4.0510739,0.0032892108,2.9204148,2.1389251,0.076557695,23.79528,0.40745759,0.36801809,2.8580795e-12,0.77930548
1952.75,2.0937701,0,0.001785484,1.0534609,0,0,25.333172,0.38278377,0.36131811,0,0
1952.8333,2.0140097,0,0.0018504702,0.12088336,0,0,28.303446,0.36108333,0.35532197,0,0
1952.9167,1.9386151,0,0.0019134212,0.00098276949,0,0,31.693157,0.34154886,0.34987995,0,0.46382155
1953,1.8891916,0,0.00013891664,5.309063e-20,0,0,35.395512,0.32370946,0.3448658,0,0
1953.0833,1.7664958,0,8.7260436e-05,-1.9359572e-06,0,0,38.86697,0.30926189,0.34050548,0,0
1953.1667,1.6418473,0,9.2223061e-05,-2.8737064e-05,0,0,42.560497,0.29743099,0.33648321,0,0
1953.25,1.5407607,0.11721023,0.00010331101,0.1232175,0,0,45.790974,0.28718928,0.33266246,42.3594,1.8537752
1953.3333,1.7747735,4.193705,0.00024199008,1.5558085,3.2486271,0.047455999,48.713303,0.27789244,0.32858786,8.3183516,0.0086242566
1953.4167,1.83126,7.1978783,0.00027810686,4.15398,7.7700648,0.2242057,54.939632,0.26752746,0.3216351,30.818141,0.30543035
1953.5,1.927031,9.0767154,0.00032811836,4.111969,7.5902023,0.28600211,64.478027,0.25873497,0.31197751,2.6837343,2.3905465
1953.5833,2.286305,9.2911115,0.00029669516,2.8466773,5.2019346,0.19934826,73.405739,0.25453386,0.30442965,6.389876e-12,4.632337
1953.6667,2.6149848,3.1397715,0.00017156292,2.6818832,1.6501474,0.062399674,80.875847,0.25571263,0.30120352,2.1773432e-12,2.2192098
1953.75,2.5417584,0,0.00011650088,0.87017492,0,0,89.48288,0.25889492,0.30094314,0,0
1953.8333,2.4162496,0,8.7136497e-05,0.0010325112,0,0,97.694122,0.26181269,0.30084693,0,0
1953.9167,2.2417705,0,7.9192396e-05,-9.5232123e-11,0,0,105.62785,0.26456842,0.30073896,0,1.5911932
1954,2.2097004,0,0.0022419202,3.4395104e-08,0,0,113.4073,0.267252,0.30059597,0,0
1954.0833,2.0819772,0,0.0025062864,-4.0914924e-07,0,0,121.99931,0.26965886,0.3004415,0,0
1954.1667,1.9268609,0,0.0026710497,-0.00011223628,0,0,130.49567,0.27192834,0.30027017,0,0
1954.25,1.941314,2.350637,0.0044018072,-0.0017678147,-0.00047072048,0,138.70244,0.27403486,0.29998657,43.672357,1.5267455
1954.3333,2.0967736,4.8328531,0.005342084,0.86197202,2.0623092,0.034191175,148.74222,0.27395764,0.29798609,6.1907861,0.0047329817
1954.4167,1.9843641,7.9717487,0.0056625586,3.6281809,7.9289155,0.26988198,143.53328,0.26957968,0.29208738,35.648116,0.54333094
1954.5,2.0960171,10.243696,0.0055186995,3.1126585,6.6482806,0.30148227,138.09923,0.26421696,0.28322926,1.4053309,3.2085549
1954.5833,2.4788934,10.610706,0.0046949312,2.5701452,5.4751025,0.25370385,126.59092,0.26164278,0.27602983,6.6256989e-12,5.3382808
1954.6667,2.9457968,8.6153736,0.0037658021,1.7523832,3.0765647,0.14749869,132.31729,0.26365879,0.27261126,5.566893e-12,5.9879682
1954.75,3.0264298,0,0.0015544945,0.83452907,0,0,141.23082,0.27495128,0.27228257,0,0
1954.8333,2.7780607,0,0.0017085831,0.032452787,0,0,143.52637,0.28821966,0.27255648,0,0
1954.9167,2.4113609,0,0.0019334758,1.0448353e-19,0,0,139.89873,0.2997762,0.27352339,0,0.80310735
1955,1.7123924,0,0.0025454133,0.00064711958,0,0,145.83784,0.30967575,0.27863723,0,0
1955.0833,1.1980544,0,0.0032261468,0.00025840526,0,0,154.76434,0.31753892,0.28851008,0,0
1955.1667,1.0659843,0,0.003414419,0.002064526,0,0,163.64748,0.32553425,0.29223529,0,0
1955.25,1.0515222,0.29924698,0.0041793021,0.0043270675,4.7283291e-05,0,173.21378,0.33314469,0.29557601,20.596316,1.4321472
1955.3333,1.2904637,2.3819564,0.0075127459,0.27461063,0.0071388207,0.0018075139,175.14662,0.3388958,0.29691708,0.20252543,0.024692937
1955.4167,1.4273681,3.9903396,0.0068122717,3.9352127,0.30510531,0.19233306,177.74173,0.33963278,0.2948761,20.158108,0.1795114
1955.5,1.5542728,5.360086,0.0064136861,3.734458,0.8505857,0.28241927,187.87025,0.33659032,0.29148111,4.3157899e-12,1.8734301
1955.5833,1.7883274,5.8725276,0.0055855406,2.8727365,1.0875525,0.25205564,200.15166,0.33488348,0.28772733,4.4734605e-12,3.0744399
1955.6667,1.9275806,0.61402575,0.0024411061,2.0257518,0.16262317,0.02870607,209.24811,0.33617809,0.28542402,4.556684e-13,0.51703786
1955.75,1.8590258,0,0.0020681124,0.46070112,0,0,215.45995,0.33861393,0.28516281,0,0
1955.8333,1.7912338,0,0.0021289124,0.00010528898,0,0,221.76498,0.34074691,0.28495446,0,0
1955.9167,1.7260431,0,0.0021850776,4.3730426e-05,0,0,230.12498,0.342601,0.28477511,0,0.046780598
1956,1.6658463,0,0.0024352809,1.3540769e-05,0,0,238.97769,0.34423208,0.28461877,0,0
1956.0833,1.6070131,0,0.0028551847,3.009924e-05,0,0,245.42665,0.34556225,0.28449133,0,0
1956.1667,1.5502744,0,0.0029516018,0,0,0,250.23389,0.34666845,0.28438285,0,0
1956.25,1.6389762,1.7214335,0.0049213013,-6.7496141e-05,2.1301465e-07,0,231.65726,0.34738505,0.2841799,35.711036,2.3325741
1956.3333,1.7664926,4.0223328,0.0067888289,-0.000135216,2.579903e-06,0,125.01004,0.34447715,0.28191581,0,0
1956.4167,1.5566464,5.027168,0.0074735861,0.01975981,0.00047651874,0,109.59835,0.3346647,0.2749401,0,0
1956.5,1.2650284,7.6241014,0.0091960561,1.4451229,0.12817098,0.36685935,114.833,0.31902665,0.26212916,34.272964,0.19841216
1956.5833,1.2428003,9.8690549,0.0097488193,1.1414651,0.31825344,0.39856061,120.74208,0.30106685,0.2463433,5.1824132e-12,2.9542485
1956.6667,1.4507285,7.4558123,0.0073652561,0.8726403,0.40284677,0.24643354,121.59061,0.28591061,0.23274106,5.0414982e-12,3.3557569
1956.75,1.4482252,0,0.0037117195,0.075081819,0,0,119.78725,0.28869149,0.22075671,0,0
1956.8333,1.3953451,0,0.0038695587,0.00017541067,0,0,123.84184,0.29615852,0.21008216,0,0
1956.9167,1.344409,0,0.0041589099,6.7705857e-21,0,0,148.43704,0.30236849,0.20054133,0,0.0021106043
1957,1.2946994,0,0.0043913256,0.00015359474,0,0,170.84453,0.30754861,0.19187956,0,0
1957.0833,1.2489302,0,0.0045578876,1.0896688e-05,0,0,177.83197,0.31155536,0.18450607,0,0
1957.1667,1.2048023,0,0.0050826254,0,0,0,193.34503,0.31473097,0.17791826,0,0
1957.25,1.2095014,1.0129204,0.0068204976,0,0.0028988839,0,189.33513,0.31723934,0.17181022,38.994506,1.7273098
1957.3333,1.3735524,4.0512988,0.009718949,8.7680458e-08,0.019035436,0,95.875847,0.31696802,0.16550669,0,0
1957.4167,1.375866,5.2082408,0.0093285199,0.39351328,0.36664203,0.082476045,55.440144,0.31333175,0.15686893,13.554009,0.03519438
1957.5,1.4399076,8.8301357,0.0092893392,1.3915144,1.5956517,0.466127,41.616325,0.30831504,0.14505973,24.398312,4.3621933
1957.5833,1.9718893,10.169555,0.00671448,1.4061584,1.4446423,0.45786747,30.684055,0.30525127,0.1340266,6.7996218e-12,5.9479657
1957.6667,2.5899557,8.7430784,0.004631123,0.8653245,0.78393752,0.26521288,24.118904,0.30586714,0.12747549,5.0176345e-12,7.673379
1957.75,2.7418931,0,0.0016199292,0.26879789,0,0,20.176489,0.31986779,0.12862976,0,0
1957.8333,2.6414625,0,0.0016633342,0.015131011,0,0,17.215427,0.33789882,0.13192043,0,0
1957.9167,2.5447332,0,0.0017323033,8.3471829e-05,0,0,16.056799,0.35414669,0.13489307,0,0.0011726506
1958,2.4501286,0,0.0017076138,0.00015509372,0,0,14.134248,0.36900544,0.13762048,0,0
1958.0833,2.3632564,0,0.0017580682,0.00056881749,0,0,12.247693,0.38176185,0.13996834,0,0
1958.1667,2.2795147,0,0.0018038939,0.0003407948,0,0,9.8297682,0.39327461,0.14209241,0,0
1958.25,2.1960197,0,0.0018663536,0.0004211745,0,0,6.8809147,0.40402678,0.14408149,0,0
1958.3333,2.5001676,3.9866124,0.0043676123,0.0072159083,0.10171844,0,4.7868671,0.41452006,0.14551985,44.226292,3.2198138
1958.4167,2.4705965,5.6726267,0.0046661948,0.9703357,1.0097485,0.14995053,3.7302501,0.42692527,0.14438696,26.280688,0.041024971
1958.5,2.7452533,9.2324466,0.0049024718,2.2021205,1.912404,0.53819231,3.6754365,0.43778834,0.1449478,18.075733,17.775496
1958.5833,4.4764793,9.9451048,0.003323351,1.8288959,1.5127779,0.44894131,4.2030778,0.4440313,0.16064139,6.0198426e-12,24.056511
1958.6667,5.9086964,7.7528898,0.0022474418,1.1024793,0.75448716,0.22974826,4.7373519,0.45626801,0.18313381,4.6771405e-12,14.942746
1958.75,6.0624829,0,0.0011526659,0.084608736,0,0,5.3130937,0.52943206,0.2086293,0,0
1958.8333,5.8409879,0,0.0011889894,0.0021576911,0,0,5.9076524,0.61790097,0.23211163,0,0
1958.9167,5.6274431,0,0.0012355073,1.9786947e-05,0,0,6.0794616,0.69767553,0.25331029,0,0.010171291
1959,5.4190899,0,0.0012839923,0,0,0,5.7469354,0.77078235,0.27276099,0,0
1959.0833,5.227101,0,0.0013047663,3.9570274e-05,0,0,5.3139954,0.83363312,0.28950542,0,0
1959.1667,5.0423085,0,0.0014959022,0,0,0,4.6910686,0.89019084,0.3046515,0,0
1959.25,5.364561,2.5400415,0.0022505561,1.7702014e-09,0.011853497,0,3.9404507,0.9431892,0.31858173,42.592552,7.1176975
1959.3333,5.7641338,4.5283581,0.0026780856,0.0052326323,0.082528055,0,3.1455622,0.99802935,0.32830727,0,0
1959.4167,5.8790203,5.4487498,0.0025775521,0.89453513,0.77588511,0.080569868,2.9958444,1.0438848,0.33265334,11.955906,0.27177721
1959.5,5.941445,8.3505968,0.0024420144,2.3779409,2.031668,0.39639002,3.6416111,1.0717906,0.33360809,26.002161,2.9781843
1959.5833,6.6890162,9.1487831,0.002289132,2.210518,1.8210084,0.40310618,5.0149384,1.0881304,0.33789435,5.6583492e-12,14.673955
1959.6667,7.5991866,4.0455451,0.0015897155,1.5783818,0.67049061,0.13960799,6.6781602,1.0994762,0.35033673,2.5864711e-12,7.4060108
1959.75,7.4514281,0,0.0011524248,0.28411958,0,0,8.6010189,1.1108096,0.3716808,0,0
1959.8333,7.1729426,0,0.0011384693,0.0020072416,0,0,10.638527,1.1212444,0.39206493,0,0
1959.9167,6.8988507,0,0.0011112575,1.3387028e-06,0,0,12.681108,1.1344279,0.41059315,0,0.0012705371
1960,6.6368771,0,0.0011428095,1.0496043e-06,0,0,13.639288,1.1560655,0.42768222,0,0
1960.0833,6.3968902,0,0.0011728808,9.1720303e-06,0,0,13.124677,1.1750675,0.44241875,0,0
1960.1667,6.1650462,0,0.0012031242,0,0,0,12.409556,1.1922281,0.45584145,0,0
1960.25,6.8064709,2.7494992,0.0016181933,-8.3657362e-05,0.0092835787,0,11.614209,1.2075018,0.46838132,49.937396,15.641657
1960.3333,7.3076682,4.9035493,0.0018437169,0.086260352,0.1795786,0,10.896394,1.212033,0.47801021,0,0
1960.4167,7.0541897,6.3508232,0.0017966551,2.0571109,1.7397002,0.20474212,9.685257,1.201287,0.48325595,34.530127,0.065014119
1960.5,6.8159839,9.6444376,0.002029683,3.4016466,2.5470876,0.5431027,7.8080478,1.176228,0.48564878,11.665559,5.1748571
1960.5833,6.9776969,10.37731,0.0020059196,2.9774368,2.2115748,0.4831017,6.904942,1.1430354,0.49038553,5.6499832e-12,12.120562
1960.6667,7.2234562,3.5663994,0.0015188669,1.9079803,0.65173838,0.12642695,6.1798625,1.1147966,0.4979625,1.7919367e-12,5.0691165
1960.75,6.9594029,0,0.0012410088,0.2476123,0,0,6.0838943,1.1139883,0.50641447,0,0
1960.8333,6.691386,0,0.0012264146,0.0010383538,0,0,6.5516214,1.1234984,0.51314098,0,0
1960.9167,6.4366455,0,0.0012276036,0.0047988913,0,0,6.3894882,1.1347178,0.51845855,0,0.040036423
1961,6.1923484,0,0.001252386,0.0027307685,0,0,6.0590205,1.1469532,0.52277732,0,0
1961.0833,5.9664412,0,0.0012327292,0,0,0,5.6162586,1.1579176,0.52637941,0,0
1961.1667,5.7557924,0,0.0012003836,-1.465664e-06,0,0,4.9900689,1.1673242,0.52962995,0,0
1961.25,5.8812383,1.4418104,0.0015108675,0.0003533642,0.012800902,0,4.0834022,1.1748093,0.53263927,50.731731,11.429283
1961.3333,6.1171427,4.8488122,0.0021409485,0.52346475,0.49566677,0.021262383,2.8242452,1.1738402,0.53204209,3.2237575,0.042851271
1961.4167,5.4222587,7.430526,0.002313307,4.3938619,2.8428296,0.35042493,2.4000793,1.1610576,0.52481866,41.561641,0.60098464
1961.5,4.905649,8.9168176,0.0027411168,4.7320026,2.5206404,0.37560306,2.2738266,1.1457137,0.51854724,1.4099821,10.334674
1961.5833,5.755154,9.7502507,0.0025876702,4.369284,2.0665723,0.33968697,2.0176752,1.1033387,0.5192644,5.8237047e-12,9.0554223
1961.6667,6.3504842,9.1296714,0.0022611865,2.874658,1.1764398,0.20100623,2.0830107,1.0414712,0.52743512,6.3073252e-12,8.2627797
1961.75,6.4188121,0,0.0012812365,0.51180536,0,0,2.1483715,1.0100545,0.59468967,0,0
1961.8333,6.189981,0,0.0013329471,0.01418474,0,0,2.0862548,0.99846113,0.69068366,0,0
1961.9167,5.9695556,0,0.0013657127,9.9941703e-07,0,0,1.9702921,0.99013048,0.77719223,0,0.11111035
1962,5.7621538,0,0.001354096,0.0032053723,0,0,1.8198532,0.98366165,0.85650361,0,0
1962.0833,5.5630999,0,0.0013894689,0.035331221,0,0,1.6554155,0.97962868,0.92466962,0,0
1962.1667,5.3709499,0,0.0014248049,0.029667221,0,0,1.5199968,0.97777987,0.98619932,0,0
1962.25,5.5731256,1.3057687,0.0018069653,0.0021427722,4.7638063e-06,0,1.5459001,0.97779137,1.0434517,29.018024,7.1051584
1962.3333,6.2523219,3.3010142,0.0020892955,1.7286319,0.80221229,0.032501641,1.5695276,0.97140002,1.0907502,3.9674252,0.14068403
1962.4167,6.6077141,5.2844668,0.0019029693,6.9230141,2.6850357,0.20790782,1.6701132,0.94787133,1.1218553,20.358271,0.43480929
1962.5,7.1019442,7.2064386,0.0017962594,7.3271859,2.6508756,0.27732,1.9104624,0.90232468,1.1385789,4.3009389,6.5756506
1962.5833,8.115706,8.0134757,0.0015849787,5.8179565,2.0985035,0.24020079,2.2067983,0.85137153,1.1507659,3.8320496e-12,11.891624
1962.6667,8.7541351,4.2778403,0.0012348966,3.560421,0.80776041,0.090977504,2.5554202,0.7994231,1.1616706,2.0862563e-12,4.5768212
1962.75,8.5547157,0,0.00098036684,0.98370771,0,0,2.859879,0.7562902,1.1726166,0,0
1962.8333,8.248833,0,0.0010209717,0.00056863944,0,0,2.9572515,0.71864122,1.1826258,0,0
1962.9167,7.8403391,0,0.00094273657,1.6957948e-08,0,0,2.9898977,0.68592602,1.1916827,0,0.2676694
1963,7.3011117,0,0.00097113149,0.008180786,0,0,2.9656017,0.66287416,1.1998305,0,0
1963.0833,6.850421,0,0.0010244942,-7.6796091e-06,0,0,2.9232149,0.64954805,1.2066429,0,0
1963.1667,6.3719,0,0.0010716784,-0.00025266006,0,0,2.8346894,0.64301747,1.2126045,0,0
1963.25,6.4694341,2.4041475,0.0016441203,-0.00041054324,-9.1407279e-05,0,2.6445453,0.64174801,1.2174664,40.90073,7.8408755
1963.3333,6.6223796,4.1632769,0.0020773846,0.31975001,0.19868598,0.0009997584,2.3178709,0.63791007,1.2152755,0.096656283,0.0016594701
1963.4167,6.5621641,5.9833615,0.002172844,5.9584772,2.5502392,0.20358384,2.2248664,0.62210423,1.2034373,27.77899,0.062698021
1963.5,6.4700837,8.4281359,0.002324698,6.2848067,2.4875843,0.30590002,2.800123,0.59869432,1.1827326,9.5778958,1.9479262
1963.5833,6.6571147,9.3741035,0.0021651036,4.7356188,1.8549691,0.24560856,3.7506404,0.57499409,1.1549275,7.1827762e-12,4.821822
1963.6667,6.8788603,4.5742169,0.0016144017,3.8696177,0.90350319,0.11901988,5.0353904,0.55773503,1.1252216,3.1127359e-12,4.4051994
1963.75,6.6571655,0,0.0011826791,0.67428318,0,0,6.7163615,0.56668079,1.0963595,0,0
1963.8333,6.3681556,0,0.0011652143,3.5990611e-06,0,0,8.9363508,0.57839656,1.0700749,0,0
1963.9167,5.7912604,0,0.0010785047,-9.4476229e-09,0,0,11.591173,0.58990711,1.048371,0,1.2265679
1964,4.654258,0,9.8605655e-05,0,0,0,14.201312,0.60379058,1.032128,0,0
1964.0833,3.6692373,0,5.9393253e-05,-7.9238791e-06,0,0,16.863302,0.61703724,1.0133997,0,0
1964.1667,2.9271459,0,6.8697569e-05,-0.00018308254,0,0,19.133036,0.62948406,0.99378008,0,0
1964.25,2.3528,1.064087,0.00014526027,0,-0.00027372788,0,20.996559,0.64006644,0.97991663,19.081472,2.2599725
1964.3333,2.5450864,2.2412646,0.00019061123,0.0072644478,0.0060011408,0,22.184557,0.64298373,0.96754044,0,0
1964.4167,2.5095094,2.9995188,0.00021591781,3.5692324,2.0323257,0.080213306,22.106226,0.63498598,0.95142841,13.212324,0.057890498
1964.5,2.4067829,4.2241891,0.00042235979,5.8522857,3.1103772,0.20754826,22.281683,0.61707592,0.93255061,1.6911718,1.0466629
1964.5833,2.5517084,4.521634,0.00018413515,4.716033,2.500137,0.18508548,23.333103,0.59777522,0.91475028,2.2720585e-12,1.4745071
1964.6667,2.7030106,3.509209,0.00015892272,3.01616,1.290412,0.10125361,23.900423,0.58085614,0.8998481,1.8091753e-12,1.284313
1964.75,2.6624636,0,8.8103661e-05,1.34431,0,0,24.509024,0.5706023,0.88687944,0,0
1964.8333,2.5341571,0,7.269052e-05,0.00082130672,0,0,27.252138,0.56329024,0.87519568,0,0
1964.9167,2.3343435,0,7.1897535e-05,0,0,0,32.260624,0.5570268,0.86464614,0,0.28743107
1965,2.1591967,0,9.5465424e-05,0,0,0,38.690784,0.55187231,0.85496098,0,0
1965.0833,1.9841914,0,0.00014470475,-8.6886973e-08,0,0,45.632397,0.54802948,0.84662127,0,0
1965.1667,1.8228118,0,0.00017143365,-0.00016061729,0,0,53.234417,0.54525274,0.83907723,0,0
1965.25,1.6692299,0,0.00020069804,0,0,0,61.533749,0.54315245,0.83200687,0,0
1965.3333,2.0349873,2.0844445,0.00031602039,-3.1923487e-05,-0.00051029471,0,69.646339,0.54111636,0.82480997,19.485736,2.177614
1965.4167,2.4440738,3.0779352,0.00029135245,1.8021359,1.4306161,0.058971712,76.546974,0.53611583,0.81438214,11.067846,0.07188045
1965.5,2.8592322,5.2512498,0.00018472588,4.2795883,3.0506703,0.23890684,84.442741,0.52712744,0.80039036,7.4311223,1.6229998
1965.5833,3.4895558,6.1410642,0.00017723853,3.1218322,2.2211641,0.20959917,94.509933,0.51952481,0.78789496,3.6433483e-12,2.8404687
1965.6667,4.1179643,5.9365858,0.00014189082,2.0281321,1.313415,0.14524888,103.52545,0.51576382,0.77932245,3.3160905e-12,3.5276432
1965.75,4.2353286,0,7.6478042e-05,0.26012668,0,0,113.83326,0.51493847,0.77335054,0,0
1965.8333,4.0478543,0,5.7969613e-05,0.027891796,0,0,125.8708,0.514588,0.76817179,0,0
1965.9167,3.8379258,0,6.1538754e-05,3.9459213e-19,0,0,138.8658,0.5143832,0.76349765,0,0.10855223
1966,3.5281647,0,6.1314109e-05,0,0,0,152.36844,0.51456296,0.75921142,0,0
1966.0833,3.2448189,0,6.3755448e-05,-2.3089569e-07,0,0,166.10452,0.51516896,0.75552452,0,0
1966.1667,2.9838313,0,6.8205787e-05,0,0,0,179.23016,0.51619232,0.75219566,0,0
1966.25,2.9446997,1.4215187,9.2068491e-05,-8.6116145e-05,0,0,192.24268,0.51761913,0.74904239,34.673217,3.8018871
1966.3333,3.3371225,3.5943266,0.00011193087,-4.5762522e-06,-1.8252812e-07,0,206.16982,0.5177927,0.74464941,0,0
1966.4167,3.5911056,4.454636,0.00011772451,0.81639566,0.7468232,0.050597702,223.23941,0.51421165,0.73623204,9.588549,0.0022625766
1966.5,3.797241,7.5267907,0.00014594402,3.0956625,2.8803965,0.35573045,222.94778,0.5062871,0.72249061,21.204086,2.0783347
1966.5833,4.4191252,8.5881958,0.00015353921,2.6380639,2.500785,0.35204926,211.78946,0.49980551,0.7084778,4.8364398e-12,5.0886063
1966.6667,4.8261629,2.3789501,8.8641202e-05,1.8290393,0.64712048,0.087359106,208.73296,0.49792695,0.69896549,1.3323814e-12,1.9865505
1966.75,4.6640048,0,6.9272159e-05,0.46143697,0,0,214.56783,0.49814901,0.69154519,0,0
1966.8333,4.4937292,0,6.5452688e-05,0.01203167,0,0,219.49895,0.49839163,0.68486243,0,0
1966.9167,4.3316591,0,6.0302726e-05,0.00034944641,0,0,225.99034,0.49863264,0.67883396,0,0.18814813
1967,4.1875569,0,6.1469531e-05,0.0011601842,0,0,235.2097,0.4989264,0.67331785,0,0
1967.0833,4.0244707,0,5.9293649e-05,-3.5582001e-05,0,0,245.31445,0.49928546,0.668594,0,0
1967.1667,3.719917,0,6.0010905e-05,-0.00036904065,0,0,252.33879,0.4998326,0.66434354,0,0
1967.25,3.4760716,0.67353761,7.372877e-05,-2.8567645e-05,-8.1801343e-06,0,250.8857,0.50070941,0.66038144,48.189244,5.185018
1967.3333,3.9482731,4.5669987,0.00012125773,0.13263236,0.020829551,0,239.23859,0.50119483,0.65624428,0,0
1967.4167,4.3023867,6.965545,0.00011777312,2.3461911,0.45783179,0.31562963,245.76602,0.4988603,0.64931202,47.125677,1.206584
1967.5,4.9893367,9.9844681,0.00014063294,2.6349447,0.78462242,0.50809332,263.48541,0.49539828,0.64053339,0.07186384,8.859588
1967.5833,5.8910442,10.576811,0.00012016698,2.2571258,0.93566634,0.46368529,289.21475,0.49634179,0.63557476,5.8008122e-12,10.989087
1967.6667,6.6707488,2.9208863,8.1030572e-05,1.6301048,0.28266251,0.11565876,300.98621,0.50350171,0.63633192,1.6952627e-12,4.2306471
1967.75,6.4827367,0,6.8060355e-05,0.34980976,0,0,306.5629,0.51240969,0.63903475,0,0
1967.8333,6.1568189,0,4.8601334e-05,0.001931525,0,0,310.63977,0.52048206,0.64155143,0,0
1967.9167,5.6096809,0,4.1951676e-05,-1.5920715e-12,0,0,315.16891,0.52783024,0.64388388,0,0
1968,5.090184,0,0.0015387944,-3.4418489e-08,0,0,320.29102,0.53466088,0.64606696,0,0
1968.0833,4.6412824,0,0.0017695486,-2.2399153e-06,0,0,323.19077,0.54062581,0.64797217,0,0
1968.1667,4.2304853,0,0.0019137865,0,0,0,322.89758,0.5461216,0.64971483,0,0
1968.25,4.1065691,1.8510409,0.0024623577,0,-1.5643984e-08,0,321.79254,0.55134213,0.65131837,49.871055,5.9824875
1968.3333,4.4477358,4.7664675,0.0030504651,0.0056278836,0.0017010701,0,317.96341,0.55492043,0.65115136,0,0
1968.4167,4.6851737,6.05678,0.0028979883,0.82153016,0.25519436,0.15200082,318.6308,0.55474162,0.64617306,28.825155,0.0043206774
1968.5,5.1556197,10.139852,0.0025975578,1.7421718,0.89644362,0.59853434,312.29773,0.55054408,0.63568825,16.623425,7.26095
1968.5833,6.0398891,11.120078,0.0021070139,1.2970692,0.96635296,0.50326872,304.36606,0.54816991,0.62441468,5.948591e-12,8.8971865
1968.6667,6.8789818,5.4394677,0.001510701,0.8257065,0.42622511,0.19756153,293.57413,0.55093485,0.61622608,3.0308443e-12,5.9410066
1968.75,6.7755156,0,0.001066791,0.066459003,0,0,288.84882,0.55705249,0.61469489,0,0
1968.8333,6.5271105,0,0.0011139358,0.0027172715,0,0,284.70218,0.56279445,0.61510396,0,0
1968.9167,6.2878998,0,0.0011255902,5.9940117e-06,0,0,281.2587,0.56797683,0.61547744,0,0.0036988363
1969,6.03235,0,7.2521274e-05,3.5921684e-05,0,0,280.11188,0.57273066,0.61582696,0,0
1969.0833,5.664451,0,3.7840298e-05,3.0513532e-06,0,0,279.04053,0.57681894,0.61615485,0,0
1969.1667,5.1402263,0,3.9954499e-05,-0.000133913,0,0,272.1994,0.58051527,0.61647588,0,0
1969.25,5.2642883,4.2462316,7.4125586e-05,-0.00022895421,-1.5779634e-05,0,212.13022,0.58373898,0.61649805,61.38316,6.9173891
1969.3333,5.4924027,6.0936958,0.00017235587,0.19294114,0.25892894,0.076303109,114.29804,0.58417743,0.61420119,13.261788,0.015357519
1969.4167,5.9125139,10.749151,0.00028963963,0.83029294,1.3540974,0.6458216,109.81926,0.58036309,0.60881495,43.789353,8.6527747
1969.5,7.0847874,12.437725,0.00034691853,0.74759419,1.3157876,0.67129982,104.6087,0.57737845,0.60288101,9.3648011e-12,10.960694
1969.5833,8.4682591,10.650214,0.00026422631,0.54750121,0.83580055,0.43977254,99.858101,0.58051246,0.59877759,8.1540876e-12,14.051163
1969.6667,8.8050496,0,0.00016907111,0.46275346,0,0,98.715691,0.58892936,0.59657234,0,0
1969.75,8.4812427,0,0.00016679597,0.17883785,0,0,97.320274,0.59721637,0.59474331,0,0
1969.8333,8.1085982,0,9.4846982e-05,0.001617869,0,0,94.235504,0.60470277,0.59309924,0,0
1969.9167,7.375482,0,7.0546215e-05,0,0,0,90.372841,0.61143088,0.59175855,0,0.037981978
1970,6.6403579,0,0.0011673508,0,0,0,86.240952,0.61753249,0.59086293,0,0
1970.0833,6.0053468,0,0.0012822985,-2.6225913e-08,0,0,81.962914,0.62269258,0.59047687,0,0
1970.1667,5.431057,0,0.0013213389,-1.8018467e-06,0,0,84.130119,0.62726223,0.59043461,0,0
1970.25,4.9640681,0.48492698,0.0015103085,-1.2384186e-05,-1.5105482e-06,0,90.712456,0.63146847,0.59045523,58.347718,8.1250574
1970.3333,5.4260348,5.2437079,0.0022250779,0.064493382,0.10421959,0.023436997,87.303703,0.63457602,0.58934194,3.5984246,0.0015860771
1970.4167,5.8311252,9.036148,0.0022117512,0.72180887,1.2282635,0.50151916,82.546715,0.63477266,0.58320075,51.634319,10.050487
1970.5,7.3281261,11.532328,0.0020698912,0.69776673,1.2625353,0.62980924,74.357323,0.63482052,0.57255554,5.5871254e-12,12.606584
1970.5833,8.6162081,12.414133,0.0018960461,0.58345359,1.1689457,0.55565522,70.429916,0.63987267,0.5603705,8.462248e-12,16.538332
1970.6667,9.5797265,2.1524562,0.0011832415,0.34223351,0.23146795,0.096224507,69.201363,0.65236866,0.54932278,1.5784318e-12,4.0716174
1970.75,9.2574535,0,0.0010005449,0.016369128,0,0,68.003685,0.66758126,0.54177749,0,0
1970.8333,8.9158677,0,0.0009453434,0.0019215087,0,0,65.978203,0.68205374,0.53499007,0,0
1970.9167,8.4637776,0,0.00095712143,-2.4081939e-09,0,0,63.384922,0.69521886,0.52886313,0,0.028773848
1971,7.6457434,0,9.9858276e-05,-1.265864e-07,0,0,59.170128,0.70718896,0.52329856,0,0
1971.0833,6.9114128,0,6.9825117e-05,-6.1752039e-06,0,0,54.186119,0.7172724,0.51862031,0,0
1971.1667,6.2482269,0,7.3792209e-05,-2.1581309e-05,0,0,47.790367,0.72614932,0.51451612,0,0
1971.25,6.3164206,3.7313637,0.00015226158,-9.7439878e-05,-1.0947377e-08,0,26.367601,0.73374188,0.51117206,58.89401,8.7063799
1971.3333,6.4393519,5.5999178,0.00021971161,0.0014030484,0.0057776989,0,17.673609,0.73692137,0.50393903,0,0
1971.4167,6.5591545,7.4654259,0.00027266945,0.32176198,1.0185322,0.30617679,14.849647,0.73458153,0.49058399,51.426004,0.57423176
1971.5,7.6266639,11.577631,0.00049051794,0.47864073,1.5925071,0.64472124,12.571934,0.7298432,0.4712691,1.2358924,14.584985
1971.5833,8.9597879,12.433395,0.00043162229,0.38407266,1.3226335,0.53376043,11.524729,0.72986859,0.4514721,9.8418986e-12,14.802061
1971.6667,10.328752,6.0837031,0.00026996437,0.27259684,0.55578042,0.20908681,10.686021,0.73766065,0.43638206,4.8734758e-12,9.893205
1971.75,10.185986,0,0.00017314222,0.040213349,0,0,10.303363,0.750323,0.43319857,0,0
1971.8333,9.8107513,0,0.00017112958,0.0022212839,0,0,9.808548,0.76209748,0.43181378,0,0
1971.9167,9.449455,0,0.00015569311,0.00013219671,0,0,8.8948107,0.7727223,0.43056387,0,0.015553531
1972,9.0970472,0,0.00013500884,1.641464e-20,0,0,8.3478479,0.78246677,0.4294171,0,0
1972.0833,8.7726573,0,0.00012647014,1.8885748e-06,0,0,7.7286077,0.79085159,0.42842999,0,0
1972.1667,8.3798412,0,0.0001240558,-2.2996993e-05,0,0,6.8605185,0.79843193,0.42753673,0,0
1972.25,7.9911258,2.1931562,0.00016325625,-8.3315987e-06,0,0,5.7553539,0.8054598,0.42665428,71.349688,11.410483
1972.3333,8.4526101,6.4562862,0.00023961632,0.013518511,0.083335594,0,4.2786169,0.81050485,0.42394111,0,0
1972.4167,8.7381126,9.069412,0.00027383133,0.45809493,1.6551706,0.39384406,3.2080035,0.81171978,0.41571525,67.713202,0.68544555
1972.5,10.526637,13.788722,0.00042267985,0.67844134,2.1288709,0.79583454,3.5967987,0.81151307,0.40348864,0.58934851,27.382015
1972.5833,12.456193,14.62932,0.00033761727,0.62979942,1.8678072,0.68755282,4.436523,0.81654102,0.39458176,5.6604305e-12,22.570471
1972.6667,14.649724,10.730301,0.00025080208,0.39885329,0.97248108,0.34639147,5.3025532,0.83125722,0.3924863,3.904194e-12,23.391998
1972.75,14.903062,0,0.00013996607,0.13071003,0,0,6.090713,0.85303754,0.39579499,0,0
1972.8333,14.354521,0,0.00012169441,0.0025437418,0,0,6.574718,0.87343562,0.39968523,0,0
1972.9167,13.826868,0,0.00010404677,2.321438e-05,0,0,6.4779143,0.89184296,0.40320083,0,0.21077816
1973,13.326835,0,0.00091767294,4.1262729e-06,0,0,6.0013571,0.90872073,0.40642613,0,0
1973.0833,12.852055,0,0.0009592257,8.0418453e-05,0,0,5.4528213,0.92323691,0.40920234,0,0
1973.1667,12.394459,0,0.00096829119,0.00066254809,0,0,4.7089009,0.93635684,0.41171354,0,0
1973.25,12.037773,0.52483287,0.00099531945,0.0029454945,0.00076111914,0,3.9094827,0.94862938,0.41406414,95.218085,17.79879
1973.3333,13.298278,8.3656758,0.0014556037,0.028121297,0.15502305,0,3.1351702,0.95912296,0.41539332,0,0
1973.4167,13.225851,10.685482,0.0014759178,0.67494766,2.0547338,0.38650616,2.8389869,0.96596855,0.41356814,58.458622,0.23817015
1973.5,14.472233,17.587703,0.0014503637,1.0680924,3.0458968,0.94488587,3.6562853,0.97072834,0.41172546,34.827326,40.818554
1973.5833,17.315641,18.654697,0.0012614549,0.83069329,2.195996,0.74569982,4.9280825,0.98114485,0.41270906,5.7072946e-12,29.731838
1973.6667,20.003716,17.410062,0.0011147999,0.64573112,1.6756825,0.55102055,6.2654777,1.0042809,0.41575211,5.832038e-12,40.973188
1973.75,20.925811,0,0.00077754795,0.090612372,0,0,7.212544,1.041731,0.42167139,0,0
1973.8333,20.157853,0,0.00077977421,0.0026083099,0,0,7.0696177,1.0789038,0.42830226,0,0
1973.9167,19.418206,0,0.00080083706,1.0913929e-07,0,0,6.7093492,1.1124402,0.43433881,0,0.0095217851
1974,18.694835,0,0.00081323774,7.3660766e-20,0,0,6.1174955,1.1432867,0.43993804,0,0
1974.0833,18.030789,0,0.00083275099,2.972819e-05,0,0,5.3742199,1.1698244,0.44480106,0,0
1974.1667,17.390665,0,0.00084906217,0.00048569485,0,0,4.3527031,1.1937484,0.44923535,0,0
1974.25,17.554617,3.9510322,0.00098427618,0.0017035055,0.024168503,0,2.953197,1.2160376,0.45335081,117.81179,23.492846
1974.3333,18.364899,10.504052,0.0012025179,0.011229535,0.17727366,0,2.3869748,1.2350993,0.4550989,0,0
1974.4167,17.804634,12.706389,0.0011896428,0.85123123,2.4038218,0.42658693,2.1011424,1.2493403,0.45106566,66.646856,0.028140831
1974.5,18.157197,20.89789,0.0011614749,1.4003447,3.567104,1.0624765,1.9901702,1.2597821,0.44556239,46.986778,36.197857
1974.5833,22.091707,22.252804,0.0010591215,1.3797011,3.1411798,0.9958331,2.1579659,1.2747191,0.44641554,1.05449e-11,45.444706
1974.6667,25.133036,22.935875,0.00097990478,1.0155845,2.2795227,0.71785575,2.3634112,1.3028293,0.45394531,1.1994984e-11,50.497998
1974.75,27.064098,2.2549462,0.00073960505,0.22033819,0.2099392,0.054257597,2.3903956,1.3480774,0.46656618,1.2448458e-12,7.535318
1974.8333,26.105322,0,0.00071640976,9.6683583e-06,0,0,2.3058918,1.3940895,0.47958666,0,0
1974.9167,24.528831,0,0.00063044077,8.3120821e-22,0,0,2.1516159,1.4353575,0.49137443,0,0.18299311
1975,22.259476,0,0.00062015449,0,0,0,1.9609925,1.4719067,0.50218332,0,0
1975.0833,20.279424,0,0.00069466169,-3.649839e-07,0,0,1.842549,1.5008969,0.51148993,0,0
1975.1667,18.475763,0,0.00074565923,-1.9958657e-06,0,0,1.8311884,1.5216976,0.51996702,0,0
1975.25,18.120021,6.7989519,0.00091177592,-2.1484997e-07,-0.00022619432,0,1.8471888,1.5350597,0.52775979,116.14001,21.831714
1975.3333,17.407555,10.077327,0.0010426148,0.013259152,0.048716512,0,1.8764801,1.5400054,0.53191817,0,0
1975.4167,16.78209,13.313075,0.0010899116,1.6107713,3.7798547,0.5230623,1.9681336,1.5373541,0.53066421,83.763071,0.087082698
1975.5,17.610684,20.084253,0.0011484842,2.1953764,4.5694518,1.0123137,2.2231092,1.5306984,0.5305934,22.835468,42.790968
1975.5833,20.337727,20.477293,0.0010458598,1.8594718,3.8758627,0.85600383,2.7199671,1.5273819,0.53574711,1.2880618e-11,30.199595
1975.6667,21.891134,8.2343221,0.00085689308,1.1340192,1.2543394,0.25941209,3.4101789,1.5347687,0.54716229,5.3603631e-12,17.037906
1975.75,21.308174,0,0.00072939473,0.19230127,0,0,3.9177246,1.5473269,0.56449145,0,0
1975.8333,20.431926,0,0.00070072303,2.297839e-06,0,0,3.8045218,1.5585299,0.58134121,0,0
1975.9167,18.847371,0,0.00060095813,0,0,0,3.5270646,1.5677664,0.59660476,0,0.0081137722
1976,17.164096,0,5.1317962e-05,0,0,0,3.1448269,1.5739383,0.61061054,0,0
1976.0833,15.699284,0,3.3434055e-05,-1.23259e-06,0,0,2.6801534,1.5750411,0.62283748,0,0
1976.1667,14.355928,0,3.7065216e-05,-4.8839089e-05,0,0,2.2569499,1.569358,0.63430136,0,0
1976.25,14.114743,4.8425822,5.4762375e-05,-7.6995772e-05,-1.4628162e-05,0,2.1182268,1.5587873,0.64532733,96.154502,18.916213
1976.3333,14.124152,8.543944,7.6952674e-05,0.26364217,0.74540169,0.040882771,2.2173696,1.5437135,0.65352231,5.6318214,0.028482607
1976.4167,14.161453,12.957514,9.295671e-05,2.2066035,5.0938461,0.56775168,2.4656496,1.5239824,0.65886539,80.939312,2.2540706
1976.5,16.02586,17.285101,0.00013952644,2.404665,4.9080671,0.78930324,3.1679997,1.5026324,0.66805804,3.5230479,44.056638
1976.5833,18.852258,17.606478,0.00010534933,2.01493,3.9719588,0.6526831,4.2558241,1.4886624,0.68400091,9.6645549e-12,32.833978
1976.6667,21.675292,17.93197,8.1518556e-05,1.4099899,2.7974197,0.46207808,5.6091757,1.4926368,0.70646161,1.0532785e-11,47.344058
1976.75,23.624718,2.9233408,4.1508352e-05,0.45919071,0.37477532,0.056767376,6.8553715,1.5188957,0.73679769,1.7434528e-12,9.3304485
1976.8333,22.497328,0,2.0914102e-05,1.4177779e-05,0,0,7.3415303,1.5504452,0.76741821,0,0
1976.9167,20.747732,0,1.9774612e-05,0,0,0,7.0990262,1.5775952,0.79504573,0,0.14369227
1977,18.988708,0,2.4794203e-05,0,0,0,6.7390304,1.6002151,0.82037657,0,0
1977.0833,17.442489,0,2.622954e-05,-3.6649431e-06,0,0,6.3552585,1.6173592,0.84217554,0,0
1977.1667,16.022844,0,2.7210761e-05,-1.2190141e-05,0,0,5.8480883,1.6300654,0.86191821,0,0
1977.25,14.672264,0,2.9586696e-05,-9.690031e-05,0,0,5.1744761,1.638411,0.88047117,0,0
1977.3333,15.565048,7.1137026,5.0436891e-05,0.092530406,0.26363127,0.0093032843,4.2995777,1.6460053,0.89681029,83.28564,19.780892
1977.4167,15.840184,10.602489,6.3320069e-05,2.5583336,5.6686858,0.47871029,3.7053602,1.6676869,0.90983993,72.249356,2.5606999
1977.5,18.605417,15.340354,0.0001036159,2.9024552,5.3803267,0.71973094,4.1998324,1.7019097,0.92917144,10.086178,65.878588
1977.5833,23.670183,15.531075,8.351697e-05,2.5774368,4.5077162,0.61173519,5.3606706,1.7514079,0.96567756,9.9052244e-12,64.928803
1977.6667,28.41226,12.093696,5.9401224e-05,1.7591732,2.6353302,0.3463914,6.886888,1.8347558,1.0161219,8.3406427e-12,51.043134
1977.75,28.925383,0,3.2131604e-05,0.46237276,0,0,8.4186029,1.944679,1.076898,0,0
1977.8333,27.369875,0,1.784204e-05,0,0,0,9.734704,2.0470774,1.1335394,0,0
1977.9167,25.168838,0,1.8591927e-05,-3.4125362e-11,0,0,10.332973,2.135761,1.184664,0,0.20445493
1978,23.113901,0,0.00057691924,-1.8879654e-06,0,0,9.9464111,2.2122364,1.2315049,0,0
1978.0833,21.297269,0,0.00062359811,-2.4161392e-05,0,0,9.4619045,2.2737434,1.2717623,0,0
1978.1667,19.623864,0,0.00064088625,-4.5739322e-08,0,0,8.8321552,2.3252864,1.308113,0,0
1978.25,19.248724,2.5109386,0.00075566635,-9.8445471e-05,-5.3838743e-08,0,8.1740847,2.3699739,1.3420794,75.168173,35.473003
1978.3333,20.286221,6.6591301,0.00095217925,0.35235663,0.81849684,0.028506381,7.4012332,2.4198678,1.3716477,3.3498578,0.0023930163
1978.4167,20.350387,9.7445743,0.00097350765,2.6501088,5.2514629,0.38975627,6.5517602,2.4831417,1.3980767,54.288795,2.1217342
1978.5,21.994647,13.36239,0.00098111562,2.8507806,5.4513565,0.58601359,6.3853436,2.5601511,1.4254597,13.52202,41.216885
1978.5833,26.404647,13.843399,0.00086525164,2.3663692,4.516349,0.50377788,6.7636013,2.6626554,1.46091,1.0024902e-11,62.469967
1978.6667,31.038089,14.161715,0.0008279382,1.6106383,3.1002883,0.34505549,7.9558301,2.7888415,1.5133201,1.041063e-11,53.120539
1978.75,32.73036,1.8495852,0.00068504526,0.30631189,0.35420431,0.036113238,10.549409,2.929832,1.5901166,1.4727525e-12,6.9176197
1978.8333,31.560566,0,0.00069493218,0.015962138,0,0,14.371799,3.0628874,1.6680433,0,0
1978.9167,30.397214,0,0.00070864591,0.00028998041,0,0,18.595398,3.1825798,1.7386357,0,0.085769509
1979,29.269852,0,0.00071281887,8.359075e-05,0,0,23.315813,3.2917407,1.8036151,0,0
1979.0833,28.234551,0,0.00075319578,0,0,0,28.475906,3.3849251,1.8597268,0,0
1979.1667,27.2316,0,0.00076082465,0.0058522271,0,0,34.093151,3.4684069,1.9106271,0,0
1979.25,26.920691,1.1444044,0.00078263099,0.0074644712,0.015581455,0,40.049881,3.5460389,1.9585227,82.957333,50.215199
1979.3333,29.454285,7.0725074,0.00090826734,0.075443661,0.39286656,0,45.839745,3.6072485,2.0002811,0,0
1979.4167,28.192807,7.952976,0.00085535913,1.9234976,3.8904431,0.21125544,52.280159,3.6267188,2.034615,24.705199,0.022937559
1979.5,27.006229,11.508433,0.00086995034,3.0067034,5.7628306,0.50191045,62.478302,3.5831563,2.069694,44.360217,7.6227245
1979.5833,27.037643,13.3168,0.00085129042,2.1606437,4.0538963,0.42055677,75.977226,3.5146971,2.0958152,4.040932,18.355263
1979.6667,27.510218,9.2595965,0.00081229722,1.7008258,2.5164797,0.23784685,87.904648,3.4392827,2.1205525,0.088550658,16.220675
1979.75,26.677784,0,0.00066315598,0.87731775,0,0,98.443695,3.3617449,2.1466246,0,0
1979.8333,25.523845,0,0.00068900955,0.052467779,0,0,107.52629,3.2863417,2.1714385,0,0
1979.9167,24.444513,0,0.00072315009,3.3848933e-05,0,0,116.78645,3.2132139,2.1942208,0,0.004251898
1980,23.393547,0,0.00076508021,5.9895243e-05,0,0,126.08389,3.141201,2.2154641,0,0
1980.0833,22.481058,0,0.00080544368,0.00091503732,0,0,134.83842,3.0749536,2.2339256,0,0
1980.1667,21.57036,0,0.00079944992,0.0015778126,0,0,143.88947,3.0111265,2.2512009,0,0
1980.25,20.661213,0,0.00078044616,0.0023862387,0,0,146.77924,2.9478223,2.270968,0,0
1980.3333,20.498306,1.3929675,0.00083568686,0.056832259,0.10210366,0,142.09853,2.8870268,2.2899983,71.770868,39.702196
1980.4167,22.497337,6.6583594,0.00098286616,1.5159164,2.897558,0.13035686,136.49889,2.8129342,2.3048017,14.024004,0.019045654
1980.5,21.905845,9.6517829,0.00093192339,3.0475615,5.8914617,0.44024518,132.19675,2.7278574,2.307261,39.357605,4.4852722
1980.5833,22.15738,11.936056,0.00094224833,2.5421617,4.9659114,0.44186026,132.84589,2.6362031,2.2922361,13.13305,12.557512
1980.6667,21.985486,2.8688391,0.00076438684,1.89051,1.049891,0.087013523,134.16479,2.5511179,2.2618637,2.993288e-12,2.3948394
1980.75,21.120356,0,0.00069266703,0.54370667,0,0,134.15105,2.474206,2.2294092,0,0
1980.8333,20.268124,0,0.00073464995,0.0099188288,0,0,135.12839,2.404726,2.2001894,0,0
1980.9167,19.464524,0,0.00076837343,0.0002863952,0,0,137.07545,2.3420393,2.173933,0,0.023386953
1981,18.688003,0,0.00077621109,0.0011177018,0,0,138.58606,2.2845843,2.1499312,0,0
1981.0833,17.972259,0,0.00077701197,0.0016926395,0,0,139.45045,2.2351618,2.1293728,0,0
1981.1667,17.289571,0,0.00077981909,0.0028338486,0,0,139.0397,2.1905479,2.1108654,0,0
1981.25,16.890837,0.78693416,0.00084485818,0.0031693947,0.0037578849,0,113.40016,2.1489275,2.0936375,71.105535,23.446102
1981.3333,18.617379,6.2905196,0.0011481937,0.047866915,0.37558998,0,47.007576,2.1094418,2.0700037,0,0
1981.4167,17.305775,8.5397363,0.0011088316,2.3925771,6.2678652,0.37570704,50.194729,2.0569572,2.0204504,46.945509,0.30754819
1981.5,14.404659,12.803519,0.0011894858,2.2858807,5.8493604,0.5749366,58.154495,1.9839329,1.9409198,22.699653,2.0420268
1981.5833,11.189864,9.1970358,0.0012921751,2.1845205,3.8709422,0.38582787,68.300674,1.8910587,1.8330487,8.4038205e-12,3.0214549
1981.6667,10.408595,0,0.0010098239,1.7561492,0,0,76.047951,1.7971832,1.7209481,0,0
1981.75,10.0179,0,0.0010174101,0.24507768,0,0,81.843399,1.7117223,1.6191385,0,0
1981.8333,9.6412906,0,0.0010288185,1.8438993e-05,0,0,87.603882,1.6347728,1.527046,0,0
1981.9167,9.2794541,0,0.00098921743,2.1324735e-20,0,0,94.012634,1.567554,1.4438317,0,0
1982,8.9276666,0,0.0010074598,0.0001116097,0,0,100.61687,1.5062851,1.3674023,0,0
1982.0833,8.6058648,0,0.0010329838,0.0007080759,0,0,106.54774,1.4534948,1.3015428,0,0
1982.1667,8.2964944,0,0.0010532334,0.0010540656,0,0,111.62491,1.405599,1.2419218,0,0
1982.25,8.3647724,2.0844003,0.0012994467,0.0022035789,0.015925758,0,112.23286,1.3603252,1.186059,82.796257,13.250161
1982.3333,8.7222494,7.3449002,0.001853807,0.015189709,0.13751174,0,114.16229,1.3102943,1.133333,0,0
1982.4167,6.7055598,8.5043553,0.0021962004,1.2729167,3.9415989,0.23401886,115.49855,1.2394342,1.078136,39.738024,0.015552126
1982.5,3.9421297,13.829959,0.0030492246,2.3099112,7.0282626,0.71667068,117.56657,1.1441765,1.0170048,35.172338,1.813601
1982.5833,3.3639832,14.483303,0.0035501698,1.7343876,5.2492712,0.58591337,124.16106,1.0403407,0.95345724,1.3103273e-11,4.091909
1982.6667,3.247994,8.7852282,0.0029726091,1.2102183,2.3435112,0.25127129,131.04936,0.94844937,0.89307624,7.7859409e-12,3.2683836
1982.75,3.1763569,0,0.001717624,0.21822498,0,0,135.88768,0.8667683,0.83785081,0,0
1982.8333,3.0590429,0,0.0017655513,0.00026695897,0,0,137.47203,0.79317534,0.78803873,0,0
1982.9167,2.9115453,0,0.0016957588,0.00011521014,0,0,136.80849,0.72678179,0.74942136,0,0.13062655
1983,2.8107951,0,0.0017159416,2.1964546e-05,0,0,136.09288,0.66591221,0.72327387,0,0
1983.0833,2.713559,0,0.0017563704,0.0008180589,0,0,133.93343,0.61361718,0.70085335,0,0
1983.1667,2.6193887,0,0.0017978826,0.00049008131,0,0,130.31502,0.56652677,0.68057543,0,0
1983.25,2.7083168,2.5792583,0.0027465411,0.0035708153,0.091496746,0,79.953979,0.52364248,0.66164094,69.921387,3.6335361
1983.3333,3.0642308,6.5535451,0.0037696743,0.05358245,0.48740589,0.00067406008,37.471069,0.48587483,0.64406526,0.068845642,0.0027883039
1983.4167,2.9597292,9.8345606,0.0036993339,1.7486906,7.1765131,0.46706843,28.94754,0.44777593,0.62549478,68.170977,0.42240444
1983.5,3.2219649,13.251993,0.0034988371,1.9369526,6.9956905,0.68584746,30.515837,0.41056103,0.60604656,5.5728059e-12,5.9323656
1983.5833,3.8811804,13.443748,0.003066516,1.3174636,4.7181774,0.47098563,28.628729,0.37882081,0.59039396,1.0953779e-11,9.3623217
1983.6667,4.3809866,2.2586554,0.0016512179,1.1895736,0.85649135,0.076545752,26.325272,0.35550752,0.58059961,1.8709332e-12,2.337423
1983.75,4.1977996,0,0.001419897,0.24432865,0,0,24.045961,0.33671805,0.57299638,0,0
1983.8333,4.0370324,0,0.0014669297,0.00044486597,0,0,23.352951,0.31979397,0.5661298,0,0
1983.9167,3.8927235,0,0.0015053513,0.00081690265,0,0,24.069267,0.30455208,0.5599314,0,0.090392494
1984,3.7583907,0,0.0015626698,5.1369894e-05,0,0,22.700008,0.29060358,0.55424476,0,0
1984.0833,3.6283932,0,0.0019166257,1.5219416e-07,0,0,21.151918,0.27866244,0.54934967,0,0
1984.1667,3.503046,0,0.0019626147,3.8310627e-05,0,0,19.353666,0.26798162,0.5449211,0,0
1984.25,3.4425049,0.88646985,0.0021724917,4.500347e-05,0.00012207651,0,16.940947,0.25803328,0.54077244,79.966812,5.43279
1984.3333,3.8923505,7.0719444,0.0033525366,0.043096311,0.40902515,0,10.831637,0.24850844,0.53625154,0,0
1984.4167,3.6868444,9.8675536,0.0030278401,1.8613286,6.7342107,0.43826966,9.824563,0.23717649,0.52825183,71.066777,0.18879625
1984.5,3.6944523,13.083154,0.0031208762,2.1156227,6.916131,0.60280143,9.4425583,0.22499642,0.51625901,2.4057977,8.765158
1984.5833,4.5368792,12.757992,0.0026791883,1.5101731,4.9555867,0.4367106,9.6697721,0.21876167,0.50679457,9.6532347e-12,13.354403
1984.6667,4.9511991,0,0.0011324764,1.7506627,0,0,10.880692,0.2223313,0.50212318,0,0
1984.75,4.7707348,0,0.0011258089,0.39706559,0,0,12.858115,0.22834975,0.49883199,0,0
1984.8333,4.5971866,0,0.0011734749,0.0047164404,0,0,14.630285,0.23381677,0.49585846,0,0
1984.9167,4.4299634,0,0.001190614,0.0002093057,0,0,16.610643,0.23878019,0.49317184,0,0.0052707013
1985,4.266602,0,0.001210667,0.0020166611,0,0,18.64373,0.24336296,0.49070436,0,0
1985.0833,4.1162986,0,0.0012350646,0.0066135485,0,0,20.414721,0.24733481,0.4885779,0,0
1985.1667,3.9714486,0,0.0013459056,0.0010104553,0,0,20.484962,0.25095707,0.48665193,0,0
1985.25,3.9719767,1.72643,0.0017470783,0.00018042976,0.00056983735,0,19.637337,0.25444746,0.48483786,77.267842,6.1093749
1985.3333,4.3370756,6.8660947,0.0028502445,0.040538157,0.35303404,0,18.734697,0.26172549,0.48218143,0,0
1985.4167,4.1681584,8.3700716,0.0027525178,1.4037215,4.9583613,0.23591983,17.8197,0.27854377,0.47590101,44.463824,0.021844537
1985.5,5.0269077,12.986074,0.0023807201,2.2446436,7.6661613,0.64104968,16.944706,0.30572289,0.46508849,25.615574,34.890827
1985.5833,7.8071668,13.698079,0.0017045881,1.6441643,5.5606176,0.50554563,17.52457,0.3488934,0.45544559,9.4812797e-12,25.63477
1985.6667,9.8507516,8.3519462,0.0012255927,1.2059203,2.3950011,0.22010185,18.551815,0.41429725,0.45071322,5.9025986e-12,21.011355
1985.75,10.014101,0,0.00083131465,0.43604623,0,0,20.02367,0.50260496,0.44913563,0,0
1985.8333,9.6455347,0,0.00084249442,0.0058391642,0,0,21.800188,0.58617884,0.44785178,0,0
1985.9167,9.2948284,0,0.00087515044,0.00043910874,0,0,23.76926,0.66147375,0.44668335,0,1.5807769
1986,9.074497,0,0.00090093148,5.6875567e-07,0,0,25.944691,0.73040974,0.44560146,0,0
1986.0833,8.7508792,0,0.00097529398,0.00067801392,0,0,28.073704,0.78957754,0.44466189,0,0
1986.1667,8.4409779,0,0.0011288427,0.0019546905,0,0,30.070492,0.84262848,0.44381121,0,0
1986.25,8.298439,1.3334018,0.0013088443,0.0045130876,0.034722523,0,31.924358,0.89158446,0.44301736,80.06918,9.8612513
1986.3333,8.7726759,7.0281997,0.0017802484,0.014090766,0.64128988,0,33.815346,0.94043529,0.4415428,0,0
1986.4167,8.4844604,8.3012301,0.0016440152,0.89384426,5.0541771,0.22378461,33.229214,0.9923622,0.43706891,39.368343,0.02999884
1986.5,9.1154324,13.565287,0.0014919073,1.474858,7.842716,0.69039829,35.15464,1.0500773,0.42939994,33.849592,33.616825
1986.5833,12.975682,14.097126,0.0011756148,1.0643475,5.6773696,0.53497639,37.250122,1.1071352,0.42399493,7.3230989e-12,49.691206
1986.6667,15.59572,12.326606,0.0010231177,0.63497559,3.1271115,0.29464641,38.224792,1.1717949,0.42333722,8.3997095e-12,27.093571
1986.75,15.880056,0,0.00061132613,0.21022914,0,0,38.457058,1.2512879,0.42701656,0,0
1986.8333,15.293109,0,0.00065446552,0.017998225,0,0,38.551807,1.3291874,0.43103284,0,0
1986.9167,14.733282,0,0.00065344869,0.0014155295,0,0,38.5103,1.3993529,0.43465349,0,1.1197325
1987,14.273811,0,0.0007118049,0.0002037068,0,0,37.95916,1.4635533,0.43797052,0,0
1987.0833,13.768811,0,0.00074151414,0.00034499692,0,0,37.069519,1.5185978,0.44082245,0,0
1987.1667,13.281974,0,0.00075081689,0.0016526409,0,0,35.8983,1.5680549,0.44339696,0,0
1987.25,13.003509,0.93585579,0.00080657325,0.0038417146,0.035254039,0,34.341843,1.6138333,0.44579569,84.620816,18.653748
1987.3333,14.006785,7.4131587,0.0011710554,0.050845587,0.60811512,0.00044579508,19.301075,1.6504287,0.44704947,0.022687814,0.00033163288
1987.4167,13.759658,10.655185,0.0011343778,1.1158333,7.9446727,0.49630815,10.331947,1.6691008,0.44484258,72.053478,0.54019233
1987.5,14.434027,15.291641,0.0011290973,1.1306457,7.8716919,0.78037271,10.655647,1.6853384,0.44132534,10.836247,31.675686
1987.5833,17.857112,15.652133,0.00097810058,0.9223439,6.4906779,0.64652851,11.203803,1.7075264,0.44124454,9.5888007e-12,48.811158
1987.6667,20.090371,6.277571,0.00081213773,0.85409565,1.9478821,0.18668284,11.75116,1.7442071,0.44644317,3.962116e-12,18.313065
1987.75,19.636299,0,0.00071329955,0.57537912,0,0,12.497256,1.7869611,0.45378932,0,0
1987.8333,18.916506,0,0.00072792545,0.0078759251,0,0,12.632678,1.8256339,0.46049845,0,0
1987.9167,18.226571,0,0.00077504053,0.00066330109,0,0,12.678524,1.8603826,0.46656033,0,1.4012866
1988,17.651929,0,0.00076222216,0.0012985671,0,0,12.922249,1.9086746,0.47212791,0,0
1988.0833,17.027518,0,0.00076517655,0.00053992881,0,0,13.287999,1.9626324,0.47692573,0,0
1988.1667,16.425721,0,0.00078177813,0.0014446448,0,0,13.560727,2.0110471,0.48127088,0,0
1988.25,15.825721,0,0.00080726203,0.0087159947,0,0,13.68336,2.0559602,0.4853448,0,0
1988.3333,16.325725,4.4001439,0.00097545894,0.18522271,0.96618521,0.017326582,13.7398,2.095758,0.48892137,88.873498,20.908933
1988.4167,16.46732,10.659263,0.0010132514,1.2403582,8.4493286,0.50606654,14.046124,2.1283884,0.49071595,69.248072,2.0772093
1988.5,17.172124,14.586289,0.00099356298,1.2928914,8.8426029,0.75668265,15.65286,2.1557388,0.49107245,12.71837,34.419597
1988.5833,20.408804,14.621814,0.0008991948,0.87719044,6.0946171,0.54346974,18.03833,2.1876736,0.49431178,9.3211194e-12,49.307317
1988.6667,23.068028,12.629718,0.00084572542,0.5970648,3.6513995,0.31011268,20.511337,2.234309,0.50354785,1.0143331e-11,35.251038
1988.75,23.380581,0,0.00063529052,0.19358785,0,0,23.26573,2.2959702,0.51794875,0,0
1988.8333,22.492411,0,0.00062871358,1.1937445e-05,0,0,26.364695,2.3541915,0.53182864,0,0
1988.9167,20.831287,0,0.00058034272,8.1145141e-09,0,0,29.634415,2.4059005,0.54438394,0,0.8977074
1989,19.798828,0,0.00065713807,0.0012152674,0,0,33.193981,2.4518003,0.55592221,0,0
1989.0833,18.686287,0,0.0007045198,2.4796306e-05,0,0,36.210003,2.4899852,0.5658651,0,0
1989.1667,17.968915,0,0.00072401704,0.0001307665,0,0,39.986065,2.5233533,0.57487398,0,0
1989.25,18.142629,3.0137694,0.00080600491,0.00019659854,0.03932573,0,43.217434,2.5539825,0.58327711,82.018829,22.108159
1989.3333,18.877167,7.5832228,0.00095490442,0.0084370756,0.45699012,0,46.304882,2.5765247,0.58920348,0,0
1989.4167,18.246757,8.5654901,0.00092792563,0.5424647,4.6408319,0.18429256,49.914257,2.5865726,0.5906353,28.281442,0.020899037
1989.5,17.440761,13.052994,0.00092912692,0.85884032,6.9848967,0.53637104,56.993641,2.5813403,0.58964318,46.098233,8.7521011
1989.5833,17.98583,14.332655,0.00092137314,0.77397025,6.3200555,0.54744507,65.124466,2.5686328,0.58862609,1.0174653,26.420264
1989.6667,19.67084,10.930373,0.00084986509,0.65968435,3.9117466,0.32052609,73.359711,2.5576041,0.59133792,6.2437968e-12,27.08173
1989.75,19.721476,0,0.00067501358,0.3976183,0,0,80.526321,2.5508876,0.59923035,0,0
1989.8333,18.994898,0,0.00069420581,0.00075884681,0,0,85.829956,2.5450418,0.60716665,0,0
1989.9167,18.303799,0,0.00074005389,0.0011766822,0,0,90.923874,2.539531,0.61435902,0,0.34185844
1990,17.653923,0,0.0007638291,1.8771627e-07,0,0,95.487335,2.5342021,0.62097085,0,0
1990.0833,17.03197,0,0.00086693955,5.8158681e-05,0,0,99.015129,2.5293145,0.62667239,0,0
1990.1667,16.432887,0,0.00090954895,0.0015475045,0,0,98.892349,2.5244234,0.63183272,0,0
1990.25,16.416177,1.7364334,0.00096099358,0.0021164105,0.056912734,0,94.727997,2.5364475,0.63665026,77.733501,26.15043
1990.3333,17.475404,6.8739685,0.0011351369,0.041183202,0.88606787,0,70.355995,2.5917251,0.64027607,0,0
1990.4167,16.551729,8.8454913,0.0010337047,0.7781367,8.3386574,0.35461716,64.118073,2.6246858,0.64098275,52.280546,0.178216
1990.5,16.540499,12.556838,0.00098993757,0.83431957,8.8428491,0.61843086,68.535927,2.6329811,0.64093965,17.425833,20.227129
1990.5833,18.187445,12.747417,0.00095798803,0.65230202,6.9862363,0.5054011,73.864479,2.6282094,0.64416784,7.5148182e-12,34.164511
1990.6667,19.894423,5.5066342,0.00077172444,0.64209333,2.177081,0.15617495,74.899078,2.6244111,0.65505666,3.4179938e-12,14.133545
1990.75,19.379452,0,0.00064282573,0.25582226,0,0,74.561836,2.6225166,0.66937119,0,0
1990.8333,18.673882,0,0.00068024971,0.011235972,0,0,72.80439,2.6205935,0.68244916,0,0
1990.9167,17.995505,0,0.0007200723,0.00017569694,0,0,70.902527,2.6185753,0.6942687,0,0.32523308
1991,17.356718,0,0.00079399341,0.00027748385,0,0,68.35215,2.6163995,0.7051242,0,0
1991.0833,16.745931,0,0.00086556713,0.00044684356,0,0,65.238007,2.6140063,0.71445972,0,0
1991.1667,16.157107,0,0.00088639045,0.00068683766,0,0,62.034927,2.6111739,0.72287834,0,0
1991.25,16.289935,2.6021209,0.00099874067,0.0013196504,0.14400254,0,57.132816,2.6075666,0.7306785,76.846102,20.257066
1991.3333,17.05654,6.9700973,0.0011505664,0.036111202,1.0517585,0,16.497715,2.5887461,0.73518312,0,0
1991.4167,16.686298,8.4552476,0.0010387454,0.38441565,7.4103534,0.30883993,15.150032,2.5500715,0.73650855,45.417621,0.031664495
1991.5,16.742811,13.100043,0.00099057541,0.48393953,9.7809492,0.69278394,14.738065,2.4949169,0.73852295,26.076644,17.000483
1991.5833,17.627886,13.371939,0.00096427655,0.36421789,7.5141802,0.55222036,15.526875,2.4315348,0.74346769,7.3740202e-12,20.751783
1991.6667,18.306665,11.94529,0.0009339574,0.27898517,4.7895781,0.35423539,15.897588,2.3724172,0.75484741,6.5513505e-12,19.44036
1991.75,18.254576,0,0.00072578707,0.2064149,0,0,16.379572,2.3184655,0.77261227,0,0
1991.8333,17.591281,0,0.00074962451,0.0024839797,0,0,16.525354,2.2696238,0.78985697,0,0
1991.9167,16.95306,0,0.00071677112,3.9102242e-06,0,0,16.509409,2.2254336,0.80543911,0,0.16110717
1992,16.340617,0,0.00074361369,0.00043382329,0,0,16.328363,2.1847856,0.81975162,0,0
1992.0833,15.760921,0,0.00072526251,0.0010258705,0,0,16.054077,2.1545489,0.83208728,0,0
1992.1667,15.206155,0,0.00072875142,0.001904875,0,0,15.706459,2.1374204,0.84326178,0,0
1992.25,15.436644,3.0727189,0.00085597596,0.012203861,0.39227426,0,13.864139,2.1211133,0.85368496,78.168547,19.825546
1992.3333,15.382411,6.8880101,0.0010157489,0.059932216,1.2025029,0.004338542,12.620529,2.0958388,0.86168426,0.43257033,0.0019936757
1992.4167,14.509999,9.4776601,0.0010408314,0.47325671,9.9144014,0.45593642,11.638809,2.0529716,0.86593306,62.499839,1.0651071
1992.5,14.841213,12.718389,0.0010377993,0.48638124,9.6000155,0.67708721,11.659504,1.9976088,0.86882097,7.5626142,23.973921
1992.5833,15.642157,12.644724,0.0010064078,0.34628515,6.7340345,0.48285264,11.826011,1.9385024,0.87629879,6.808916e-12,14.646944
1992.6667,16.162938,6.720305,0.000898837,0.3156068,2.6913184,0.18236025,11.583201,1.8845408,0.8915177,3.7703868e-12,10.254825
1992.75,15.777716,0,0.00077438977,0.10838147,0,0,11.373242,1.8356935,0.91080797,0,0
1992.8333,15.205827,0,0.0008092199,0.0019999243,0,0,10.934326,1.7915188,0.92857885,0,0
1992.9167,14.655539,0,0.00080973242,2.7539059e-06,0,0,10.825606,1.7516038,0.9446404,0,0.15545582
1993,14.124528,0,0.00077336683,0.0022939963,0,0,10.57565,1.7185112,0.959391,0,0
1993.0833,13.617169,0,0.00090023049,0.0012684187,0,0,10.143781,1.701581,0.97210193,0,0
1993.1667,13.12663,0,0.00090921763,0.0014475719,0,0,9.7605228,1.7416496,0.98361325,0,0
1993.25,13.116463,1.5993328,0.0010298423,0.0038525339,0.12683013,0,8.6539841,1.7895372,0.99437505,63.188371,17.176294
1993.3333,14.014111,5.717739,0.0012750105,0.049609539,1.1150056,0.0011395358,7.5549788,1.828765,1.0022154,0.056243803,0.0020042088
1993.4167,13.525418,7.7050286,0.0011435844,0.55117457,10.292387,0.3725971,7.1781716,1.8508437,1.0060309,52.286526,0.79029454
1993.5,14.044931,10.503224,0.0011194909,0.5229521,9.6012869,0.54539423,7.5160747,1.8525208,1.0092515,4.077158,19.644373
1993.5833,14.747512,10.454745,0.0010476395,0.3907147,7.2397205,0.39937876,8.1398516,1.8444064,1.0169864,5.796341e-12,12.140689
1993.6667,15.207309,7.2739506,0.00096687151,0.37095466,3.7235237,0.20133385,8.763051,1.8344961,1.0326195,4.1532892e-12,10.895214
1993.75,14.836844,0,0.00073709432,0.35763138,0,0,9.7599211,1.8238748,1.0548567,0,0
1993.8333,14.270737,0,0.00075950864,0.041877375,0,0,10.453417,1.8140985,1.0775757,0,0
1993.9167,13.755011,0,0.0007923076,7.9743617e-21,0,0,11.074406,1.8052198,1.0982766,0,0.13640567
1994,13.260699,0,0.00079009024,4.4874999e-05,0,0,11.636701,1.7970191,1.1172837,0,0
1994.0833,12.796568,0,0.00081734889,0.00084154968,0,0,12.070253,1.7899086,1.1336557,0,0
1994.1667,12.348948,0,0.00088600634,0.00059446693,0,0,12.379817,1.7834241,1.1484733,0,0
1994.25,11.902433,0,0.00095262664,0.0026424355,0,0,11.845128,1.77729,1.1623535,0,0
1994.3333,12.260403,2.5327494,0.0011864398,0.045757131,0.61218019,0,11.065176,1.7714663,1.1747941,59.52646,16.872481
1994.4167,12.764303,6.4617712,0.0012726642,0.50647079,8.0415433,0.24344831,10.601221,1.7607152,1.1846098,35.762346,0.013528997
1994.5,12.732486,9.830717,0.0011747613,0.55072902,9.2176657,0.4953991,10.925456,1.7372518,1.1918725,20.548735,16.730355
1994.5833,13.458217,9.9891825,0.0011457462,0.31521956,5.3574371,0.32275402,11.256484,1.7028247,1.2007533,5.3099684e-12,10.928813
1994.6667,13.475762,6.297071,0.0010114645,0.48269307,3.3975248,0.18159315,11.385316,1.6657015,1.2145529,3.4054145e-12,7.2383874
1994.75,13.10737,0,0.0007497762,0.19732959,0,0,11.632272,1.6286788,1.2314883,0,0
1994.8333,12.630904,0,0.00076998485,0.0047154036,0,0,11.375045,1.5950174,1.2471274,0,0
1994.9167,12.173499,0,0.00079254742,5.2939815e-06,0,0,10.971622,1.5646393,1.2612598,0,0.013197439
1995,11.728001,0,0.00089833973,2.5002967e-05,0,0,10.466746,1.5367777,1.2742317,0,0
1995.0833,11.318139,0,0.00091562781,4.2893434e-05,0,0,9.9824953,1.5128034,1.2853997,0,0
1995.1667,10.92283,0,0.00093506672,0.00010800214,0,0,9.3620253,1.4911288,1.2955034,0,0
1995.25,11.100777,2.2328508,0.0011327129,0.00087222137,0.11009111,0,8.4797525,1.4705844,1.3048896,60.6789,14.403994
1995.3333,11.648669,5.5052824,0.0013947396,0.024313911,0.6679636,0,5.711637,1.4448969,1.3109568,0,0
1995.4167,11.014746,6.7290445,0.0013210279,0.41233803,7.5831369,0.2384866,4.9329534,1.4063411,1.3099933,36.629285,0.059136303
1995.5,9.9062352,10.18712,0.0014011543,0.50607701,9.6512266,0.51858625,4.8535542,1.3504174,1.3006632,19.546296,6.8158088
1995.5833,9.0347743,10.494944,0.0015049471,0.41268028,7.7094818,0.42780036,5.041553,1.2771356,1.2904505,5.821105e-12,6.3239293
1995.6667,8.2242973,10.528507,0.0016846429,0.29016244,5.4990468,0.3082863,5.1938353,1.1924359,1.2853887,5.4037049e-12,7.3885109
1995.75,7.7950079,1.3610577,0.0011982607,0.1980744,0.60864822,0.034905509,5.2591629,1.1061535,1.2860135,6.6762649e-13,1.2847686
1995.8333,7.5008916,0,0.0010877821,0.024911645,0,0,5.3192821,1.0303562,1.2881582,0,0
1995.9167,7.210365,0,0.00099193514,9.4395419e-10,0,0,5.3650341,0.97539043,1.2901286,0,0.018818893
1996,6.9501675,0,0.0010235574,-2.3942101e-08,0,0,5.3192935,0.93113238,1.2919518,0,0
1996.0833,6.7101573,0,0.0012139905,2.6270941e-05,0,0,5.2711582,0.89345217,1.293527,0,0
1996.1667,6.4785564,0,0.0013592076,0.0013329809,0,0,5.0670142,0.85963595,1.2949556,0,0
1996.25,6.247411,0,0.0013970142,0.002207582,0,0,4.906951,0.82809669,1.296295,0,0
1996.3333,6.6240053,3.9003128,0.001871273,0.13188714,2.8397287,0.005264103,4.6293578,0.79569268,1.2966919,46.735665,8.3936273
1996.4167,5.6699011,6.0055745,0.0021223458,0.58156778,9.8773569,0.27458387,4.5429869,0.74584621,1.2914516,40.338371,0.15196303
1996.5,5.6017423,8.0090873,0.0021748377,0.63389849,9.919525,0.39912805,4.5803614,0.68778712,1.2794777,2.7810219,9.4790026
1996.5833,5.8157523,7.9952357,0.0021103015,0.47655183,7.3707919,0.28996488,5.0269508,0.63643724,1.2681947,4.2800977e-12,5.173594
1996.6667,5.8552157,3.9970176,0.0017147546,0.42963775,3.5562943,0.13453903,5.3802533,0.59270304,1.2620435,2.0700638e-12,3.2729809
1996.75,5.6437026,0,0.0013118865,0.18996968,0,0,5.5610924,0.55500031,1.2590876,0,0
1996.8333,5.4329736,0,0.0013729241,0.007947512,0,0,5.6426191,0.52126062,1.2565613,0,0
1996.9167,5.2307276,0,0.0013886966,2.0794142e-10,0,0,5.6939273,0.4909198,1.2543032,0,0.0058580347
1997,5.0334013,0,0.0013681024,3.2490746e-06,0,0,5.6314526,0.46319926,1.2522485,0,0
1997.0833,4.8513813,0,0.0014640415,5.8010232e-07,0,0,5.5448475,0.43944576,1.2504891,0,0
1997.1667,4.6763984,0,0.0015186747,-1.74577e-06,0,0,5.3973894,0.4180651,1.2489042,0,0
1997.25,4.7886455,1.8416031,0.0019565055,0.00061165431,0.044274752,0,5.1256437,0.39810792,1.2473533,45.920936,6.5724571
1997.3333,5.0223027,4.2863893,0.0025136871,0.17765985,2.3742572,0.026076554,4.848681,0.37816679,1.2437468,4.1083743,0.026686982
1997.4167,4.4742567,6.6055828,0.0025448881,0.81994804,11.1613,0.33516592,4.7247505,0.35595155,1.2317785,37.536999,0.96545079
1997.5,4.5218081,7.9359179,0.0026145701,0.75860334,10.176797,0.39391359,4.956955,0.33128217,1.2132626,4.0596777e-12,6.5743538
1997.5833,4.5750616,8.0313087,0.0025722887,0.5413003,7.3023012,0.30350999,5.3678436,0.30623451,1.1977233,4.2308764e-12,5.0594803
1997.6667,4.6629924,8.1224004,0.0025573389,0.37493958,5.1122793,0.21428134,5.8576536,0.28232554,1.1881776,4.3771753e-12,6.3075646
1997.75,4.7597932,1.5826179,0.0016501523,0.19492456,0.78038138,0.028882504,6.3444915,0.26366794,1.1846921,8.0364487e-13,1.585097
1997.8333,4.5731599,0,0.0014181014,0.0062076564,0,0,6.7691956,0.25270694,1.1831591,0,0
1997.9167,4.3910425,0,0.0014581718,1.7198153e-21,0,0,7.238451,0.2431794,1.1817981,0,0.016779898
1998,4.2162137,0,0.0014930137,1.9002378e-06,0,0,7.5860357,0.23463163,1.180566,0,0
1998.0833,4.0560272,0,0.0015292377,0.00014987623,0,0,7.8093004,0.22745524,1.1795197,0,0
1998.1667,3.9036544,0,0.0016732343,0.00048714861,0,0,7.5498033,0.22117527,1.1785847,0,0
1998.25,3.7669451,0.099268284,0.001832105,0.00029653459,0,0,7.0899596,0.21558318,1.1777208,35.926167,5.1518363
1998.3333,4.1068792,3.2254118,0.0030601989,-2.2040406e-05,0.4304231,0,6.5980802,0.21018386,1.1761317,0,0
1998.4167,3.8374076,3.8484512,0.0030743165,0.41977523,5.8369988,0.090455067,5.9318156,0.20197825,1.1694918,13.948862,0.055271228
1998.5,3.4719354,5.8905641,0.0034770651,0.84644627,10.775763,0.28478949,5.7735653,0.19102135,1.1511469,16.291674,1.3843029
1998.5833,4.0493975,6.7674485,0.0034028084,0.64074119,6.1306572,0.17639228,5.6004481,0.18578534,1.1233861,9.8713452e-13,5.2761201
1998.6667,4.8520779,7.0222369,0.0027904003,0.68463798,5.0843691,0.14490356,6.041738,0.19598381,1.0912043,1.2396696e-12,5.168481
1998.75,5.0810636,0,0.001560851,0.40529803,0,0,6.3207221,0.21136642,1.0637282,0,0
1998.8333,4.9001514,0,0.0015895726,0.061986451,0,0,6.2742224,0.22745204,1.0393792,0,0
1998.9167,4.7260625,0,0.0016163652,0.00043832981,0,0,6.123611,0.24060369,1.017333,0,0.077844927
1999,4.5615593,0,0.0016641924,1.1643771e-05,0,0,5.9171996,0.2520825,0.99707133,0,0
1999.0833,4.4046519,0,0.0017473728,5.4845651e-05,0,0,5.6348057,0.26190326,0.97961789,0,0
1999.1667,4.2531057,0,0.0018055848,0.00065464379,0,0,5.3469305,0.27111441,0.96382827,0,0
1999.25,4.1018757,0,0.001857643,0.0020411154,0,0,4.9936738,0.27944371,0.94902509,0,0
1999.3333,4.423684,2.7724986,0.0025378913,0.029587041,0.72983219,0,4.4974394,0.28618726,0.93544734,44.323202,5.7285901
1999.4167,4.8508658,5.0455085,0.0027656879,0.78912175,5.4435894,0.081158031,4.0354338,0.28616658,0.92025763,13.898728,0.0069839229
1999.5,4.9947924,8.2299821,0.0026668075,1.4951462,9.1883859,0.2602405,4.1092329,0.27794263,0.89948809,26.582945,0.057709215
1999.5833,4.8882742,10.225878,0.0026140991,1.2523505,7.2628563,0.25325309,4.5845442,0.26680982,0.87236202,3.5884339,0.78992549
1999.6667,4.9741729,10.346654,0.002467752,0.84809292,4.778808,0.17141392,5.3551245,0.25381038,0.84439206,0.22095296,3.5011604
1999.75,4.9546096,0,0.0012994665,0.20753469,0,0,5.9479456,0.25830719,0.8175543,0,0
1999.8333,4.7783544,0,0.0012943115,1.8157625e-06,0,0,6.430232,0.27641645,0.79310852,0,0
1999.9167,4.5178989,0,0.0012367234,-2.1229964e-11,0,0,6.9014521,0.29318792,0.7710402,0,2.2647191
2000,4.4029891,0,0.00130724,-1.1185047e-08,0,0,7.3264318,0.30975232,0.75077081,0,0
2000.0833,4.1069183,0,0.001463918,-2.2081866e-07,0,0,7.4889932,0.32534882,0.73316014,0,0
2000.1667,3.8287181,0,0.0015504365,-5.0785432e-05,0,0,7.7453899,0.33852425,0.71724188,0,0
2000.25,3.7527233,2.2465435,0.0023740781,-0.00015800024,-4.5049492e-05,0,7.4352636,0.34937847,0.70215654,45.288619,3.0231939
2000.3333,3.6639799,4.5963926,0.0031645477,0.011455235,0.29882498,0,7.2976756,0.35433951,0.6838789,0,0
2000.4167,3.3338973,5.8461633,0.0035541293,0.84403959,6.3941365,0.098510416,7.6159005,0.35119689,0.65790075,15.158675,0.056621303
2000.5,2.7960574,8.6422255,0.0042062937,1.3734674,9.463131,0.21770597,9.1944714,0.342219,0.62485123,22.260335,0.14573393
2000.5833,2.5372689,10.641533,0.00466432,1.0644475,7.1306854,0.19868497,11.249671,0.3290709,0.58796614,4.3158212,0.54580787
2000.6667,2.5823766,4.9114795,0.0027839518,0.94720783,2.6129317,0.074445191,13.332261,0.31604052,0.55645961,0.51732365,0.84695401
2000.75,2.4953117,0,0.0012218639,0.18641433,0,0,14.759212,0.31257284,0.54010057,0,0
2000.8333,2.4065301,0,0.0012545381,0.0015915021,0,0,16.250439,0.31065542,0.52683777,0,0
2000.9167,2.320921,0,0.0012887543,5.3062535e-08,0,0,17.979094,0.30897588,0.51486576,0,0
2001,2.2370177,0,0.00010503372,1.7944451e-05,0,0,19.784937,0.30748606,0.50388145,0,0
2001.0833,2.1599673,0,6.8398207e-05,4.8257985e-05,0,0,21.470648,0.30625263,0.49442571,0,0
2001.1667,2.0856122,0,6.9950671e-05,0.00016292485,0,0,22.465355,0.30517727,0.48587126,0,0
2001.25,2.1212033,1.5114769,0.00017796233,7.9356553e-05,0.079895939,0,23.213564,0.30409756,0.47783574,40.729319,2.6840634
2001.3333,2.3173154,4.0171458,0.00033417446,0.00043609232,0.35268108,0,23.751179,0.30019474,0.46956745,0,0
2001.4167,2.0841092,4.5759673,0.00039307732,0.16148466,1.7367529,0.0080070636,23.193661,0.28986979,0.4586798,1.081928,0.1534831
2001.5,1.7320031,6.3167843,0.00052618119,1.2595515,8.4852097,0.18805339,22.587601,0.27352127,0.44338307,17.641985,0.34854628
2001.5833,1.4912017,8.0955392,0.00072789012,1.0745384,7.1804605,0.19651691,23.275148,0.25626671,0.42284694,11.31951,0.56870205
2001.6667,1.5761387,6.7703607,0.00063467678,0.88082847,4.2751598,0.12711449,24.32015,0.24289411,0.40069452,0.74710615,0.68666484
2001.75,1.6073729,0,0.00033216126,0.25358838,0,0,24.304842,0.23282649,0.38134637,0,0
2001.8333,1.5121298,0,0.00017044428,0,0,0,23.238649,0.22416405,0.36399716,0,0
2001.9167,1.3682949,0,0.00013914196,-4.2091923e-12,0,0,22.040119,0.21653084,0.34854072,0,0.5612672
2002,1.2831379,0,0.0040508327,-1.3527434e-08,0,0,20.815378,0.20977183,0.33468485,0,0
2002.0833,1.1649369,0,0.0046038148,-1.5102053e-08,0,0,19.74552,0.20423108,0.32305479,0,0
2002.1667,1.0596693,0,0.0050789998,-2.073293e-06,0,0,18.6894,0.19954956,0.3128359,0,0
2002.25,1.0064056,1.6104027,0.0081061115,-1.7611606e-05,-3.8315098e-05,0,17.603607,0.19552884,0.30344513,34.907083,0.92083457
2002.3333,0.87843149,3.2265014,0.012173319,0.01200777,0.11333908,4.2037492e-05,16.507483,0.19075984,0.2930387,0.00053260889,0
2002.4167,0.53540093,4.264737,0.020490425,0.87898528,7.8442999,0.12714151,15.319077,0.18195087,0.27816802,20.068489,0.011798618
2002.5,0.3959467,6.1131692,0.02899733,1.0985688,9.6430352,0.2274523,15.495346,0.16822983,0.26014271,3.4296471,0.38253089
2002.5833,0.48790136,6.7861471,0.02435239,0.86320989,7.5611436,0.19073097,16.476231,0.15434369,0.24305472,4.9432368e-12,1.0567809
2002.6667,0.58262679,3.551824,0.014642577,0.81958698,2.8395182,0.076067958,17.244799,0.14331524,0.22918159,2.6059052e-12,0.73309266
2002.75,0.56622503,0,0.007660808,0.42904844,0,0,18.002741,0.13876298,0.21740356,0,0
2002.8333,0.54524885,0,0.0077783423,0.049950671,0,0,17.831007,0.13561426,0.20677495,0,0
2002.9167,0.5266646,0,0.0077892458,0.0037758214,0,0,17.491493,0.1327925,0.19717784,0,0.29125252
2003,0.52396662,0,0.0008045765,0.00059688018,0,0,16.719995,0.13022515,0.18837094,0,0
2003.0833,0.50354173,0,0.00056467624,0.00018351103,0,0,15.777906,0.12804744,0.18078873,0,0
2003.1667,0.47617918,0,0.00057186291,0.00056926717,0,0,14.887661,0.12611473,0.17392597,0,0
2003.25,0.40811437,0,0.00057012687,0.00058405438,0,0,13.741462,0.12435549,0.16750009,0,0
2003.3333,0.38706308,0.97440759,0.0011128419,0.083416515,0.38908113,-1.8657632e-05,12.556322,0.12279776,0.16161358,25.177399,0.45397921
2003.4167,0.3879937,3.5204985,0.0021657476,1.2129979,9.5459277,0.11871358,11.490745,0.12060535,0.15497743,20.719392,0.015697176
2003.5,0.39389892,5.686793,0.0039906153,1.1466859,8.5365964,0.17101912,11.449903,0.11758038,0.14658558,2.8356102,0.72267949
2003.5833,0.54011052,6.3670119,0.0028128785,1.0100947,7.2872199,0.15802927,12.213706,0.11512171,0.13924874,4.9070955e-12,1.7964936
2003.6667,0.74602704,4.1669481,0.0015555808,0.8055112,3.2376433,0.080188817,12.405577,0.11391585,0.1351482,3.2464804e-12,1.6670078
2003.75,0.75501559,0,0.0007270315,0.50736296,0,0,12.478997,0.11482599,0.13447623,0,0
2003.8333,0.7241444,0,0.00060896832,0.083184007,0,0,12.173274,0.11600384,0.13435744,0,0
2003.9167,0.69800083,0,0.000439064,5.0883791e-05,0,0,11.64137,0.117034,0.13427527,0,0.13700952
2004,0.68253919,0,0.0063102599,1.9641416e-06,0,0,10.903716,0.11795261,0.13421404,0,0
2004.0833,0.63910353,0,0.006916747,0.00013636623,0,0,10.181512,0.11860504,0.13434245,0,0
2004.1667,0.61651238,0,0.0071087191,0.0007092652,0,0,9.4169865,0.11906902,0.1346399,0,0
2004.25,0.58335648,0,0.0074957074,0.0026636111,0,0,8.55865,0.11945327,0.13499345,0,0
2004.3333,0.58726798,1.4487493,0.013067845,0.046918498,0.36215665,0,7.6644111,0.11953193,0.13570209,28.099071,0.80663458
2004.4167,0.62068756,4.0791733,0.01788344,1.2758481,8.8113777,0.13999821,7.0007372,0.11740497,0.13575441,21.737945,0.027136374
2004.5,0.66849531,6.3527343,0.017935343,1.4940723,9.9371264,0.2490175,6.7970953,0.11242571,0.13413651,5.3858984,1.3514132
2004.5833,0.91855909,7.3257326,0.013105141,1.1599267,7.4399549,0.21683365,7.2225289,0.10782893,0.1340028,5.3237052e-12,3.0258023
2004.6667,1.2079335,4.0273489,0.0070655174,0.92233991,2.9968084,0.089117015,7.8976474,0.10526199,0.13673715,2.9121015e-12,2.2730694
2004.75,1.2061617,0,0.0036796529,0.48656495,0,0,8.4286318,0.10629066,0.14097774,0,0
2004.8333,1.1625773,0,0.0037811017,0.012892448,0,0,9.0448914,0.10762798,0.14494237,0,0
2004.9167,1.1213205,0,0.0038938841,1.021679e-07,0,0,9.714613,0.10875929,0.14854178,0,0.16244045
2005,1.0935538,0,0.00403798,0.00025178404,0,0,9.5934668,0.10974098,0.15186392,0,0
2005.0833,1.0555772,0,0.0041616,0.00031022134,0,0,9.2517958,0.11054093,0.15474325,0,0
2005.1667,1.0189535,0,0.0045154174,0.0012964451,0,0,8.724699,0.11124738,0.15736562,0,0
2005.25,0.97584241,0,0.0049141552,0.0019595247,0,0,8.0692816,0.11190472,0.15986432,0,0
2005.3333,1.0254446,2.7221225,0.0091554374,0.094866463,0.96325464,0,7.2786312,0.11196975,0.16228402,41.108765,1.4065091
2005.4167,0.95832138,5.1904698,0.012200455,1.3242307,7.8247284,0.14887119,6.4169006,0.10929376,0.16233873,25.650964,0.008685825
2005.5,0.9397011,8.3423071,0.012637426,1.6597341,9.4031724,0.29188056,5.9032717,0.10300331,0.15978019,13.220481,1.2644848
2005.5833,1.2060715,9.4146486,0.0099971397,1.3327214,7.4117544,0.25906285,5.4297061,0.09765444,0.15778442,6.8250335e-12,4.2364416
2005.6667,1.4633577,2.6615509,0.0044458862,1.1396073,1.7380498,0.059816197,5.0954409,0.093853138,0.16038162,1.9048094e-12,1.6909909
2005.75,1.4217172,0,0.002704941,0.37141678,0,0,5.2081881,0.09094511,0.16876881,0,0
2005.8333,1.3693979,0,0.0025040982,9.9710065e-05,0,0,5.1968865,0.088886142,0.1766146,0,0
2005.9167,1.3199432,0,0.0027331586,8.3904056e-09,0,0,5.169867,0.087078348,0.18370301,0,1.3511886
2006,1.3793894,0,0.002704212,4.2066473e-11,0,0,5.1801858,0.085455157,0.19021012,0,0
2006.0833,1.329448,0,0.0028004129,0.0032409703,0,0,5.3139691,0.084086232,0.19581434,0,0
2006.1667,1.2830247,0,0.0028792373,0.0017039207,0,0,5.1515532,0.082772128,0.20089492,0,0
2006.25,1.276068,1.529169,0.004959452,0.0021920927,0.035440358,0,4.883945,0.081213027,0.20563874,43.606328,0.86464256
2006.3333,1.2986517,4.504873,0.0085683279,0.057357501,0.46338264,0,4.5849295,0.07832922,0.20858161,0,0
2006.4167,1.177909,6.1897216,0.0096310712,1.4823113,7.4696883,0.17168748,4.2242975,0.073022813,0.20853555,27.452023,0.059290424
2006.5,1.1874054,9.1317417,0.01046165,1.7696216,8.1131668,0.29684927,4.1916299,0.068097271,0.20613031,11.543897,1.1298018
2006.5833,1.5116887,10.367545,0.0084526781,1.4635418,6.5262147,0.27156373,4.3286705,0.065067232,0.20409951,7.83643e-12,4.89279
2006.6667,1.980335,10.529299,0.0064366031,1.0005018,4.2183275,0.18065555,4.4231272,0.064431764,0.20445278,7.791078e-12,6.5176966
2006.75,2.1719765,0,0.0020991808,0.6844601,0,0,4.4730349,0.068153195,0.20992093,0,0
2006.8333,2.0947347,0,0.002064263,0.02313282,0,0,4.4561048,0.073425137,0.21724278,0,0
2006.9167,2.0241728,0,0.0021582774,1.0659104e-07,0,0,4.4231911,0.078155629,0.22382003,0,1.4284133
2007,2.0663128,0,0.002284873,0.00053682498,0,0,4.2593055,0.082664967,0.22984195,0,0
2007.0833,1.9951663,0,0.0025302388,0.0011086707,0,0,4.061698,0.086923644,0.235156,0,0
2007.1667,1.9265235,0,0.0024831607,0.00019003037,0,0,3.8105028,0.09050484,0.24000601,0,0
2007.25,1.8580137,0,0.0026028811,0.0083849689,0,0,3.4582334,0.09380392,0.24454126,0,0
2007.3333,1.8720671,2.103419,0.0042761979,0.082127249,0.57499201,0,2.9993372,0.096779615,0.24854288,51.671866,1.5871527
2007.4167,1.9038162,6.2243785,0.0063624447,1.7046876,6.6887176,0.15208877,2.7538593,0.098072045,0.2499581,27.82304,0.028367756
2007.5,1.85227,10.110239,0.0065929145,2.4597876,8.7418709,0.33715034,2.8686254,0.096900694,0.24668004,23.911703,0.93774919
2007.5833,2.1286369,11.870155,0.0055776997,2.1248227,7.2544733,0.3136737,3.1248546,0.096497923,0.24238722,0.69143096,4.9978202
2007.6667,2.6459733,12.745066,0.0045603123,1.4199538,4.902681,0.21945936,3.4872921,0.098252818,0.24006565,1.0308168e-11,7.2243813
2007.75,2.8506638,0.42260671,0.0019009865,0.48954793,0.19423399,0.0083293814,3.8170044,0.10246357,0.24436978,3.3955304e-13,0.55374821
2007.8333,2.7428735,0,0.0017932237,0.01651314,0,0,4.1702871,0.10717927,0.25353095,0,0
2007.9167,2.6436951,0,0.0018033687,0.0066147302,0,0,4.4929314,0.11147796,0.26178235,0,1.5357248
2008,2.6661719,0,0.0017368526,0.0046400205,0,0,4.5811896,0.11547381,0.2693336,0,0
2008.0833,2.5688091,0,0.0017658592,0.0020665807,0,0,4.6279783,0.11896678,0.27582082,0,0
2008.1667,2.4751117,0,0.0018113151,0.0044013289,0,0,4.5521212,0.12217992,0.28167707,0,0
2008.25,2.4182445,0.99543866,0.0023128693,0.0094938965,0.063449885,0,4.3935814,0.12523462,0.2871424,59.154401,1.9882753
2008.3333,2.52352,5.553362,0.0045306864,0.19122795,1.4685547,0,4.1188645,0.12690547,0.29093069,0,0
2008.4167,2.2670971,7.2776414,0.0045291404,1.9574547,6.8119414,0.17653181,4.0037441,0.12518667,0.28999975,30.759339,0.057836982
2008.5,1.9700662,10.655838,0.0054064402,2.4425363,7.9116064,0.33534856,4.6682448,0.12063636,0.28373194,19.576233,1.3508678
2008.5833,2.1372694,11.981325,0.0051313271,2.0934406,6.8200904,0.31439698,6.0948896,0.11745954,0.27636796,3.1702082,3.6432977
2008.6667,2.5794567,9.9519836,0.0038490968,1.4456822,4.042966,0.19237767,8.3600016,0.11828029,0.27135888,5.7806809e-12,6.465555
2008.75,2.6813,0,0.0015851016,0.22054872,0,0,10.932388,0.13273774,0.27044815,0,0
2008.8333,2.5820713,0,0.0015757638,0.0049988209,0,0,13.890267,0.15125208,0.27075157,0,0
2008.9167,2.4832643,0,0.0015610857,2.3940146e-08,0,0,17.281435,0.16793709,0.27101818,0,1.2914361
2009,2.4914593,0,0.0015983803,5.828708e-06,0,0,21.073568,0.18317166,0.27125919,0,0
2009.0833,2.4053876,0,0.00165358,0.00082133737,0,0,24.985989,0.19616748,0.27146572,0,0
2009.1667,2.3223306,0,0.0017110155,0.00088676948,0,0,29.160252,0.2078605,0.27165285,0,0
2009.25,2.4134773,4.2841882,0.0038539621,0.0042610561,0.36457177,0,33.518353,0.21845774,0.27147651,57.631793,1.9272516
2009.3333,2.2832893,5.983735,0.0046479935,0.15481893,1.6209389,0,37.480148,0.22537249,0.26810792,0,0
2009.4167,1.8241443,8.2037235,0.0056256377,2.3711482,8.1432103,0.24311764,40.069725,0.22779574,0.25915849,41.297928,0.08709232
2009.5,1.7857752,11.840194,0.0060426458,2.800725,9.1148089,0.42183865,46.036659,0.22821757,0.24656239,12.130073,3.3903177
2009.5833,2.2191012,12.777021,0.0049636411,2.0505164,6.741019,0.32628814,52.893494,0.23117152,0.23528779,8.1922087e-12,7.197896
2009.6667,2.8388095,11.476126,0.0037022207,1.4788882,4.3246725,0.21484146,58.746876,0.23901895,0.22764835,7.3941467e-12,9.3067445
2009.75,3.0302636,0,0.0014101538,0.84294514,0,0,63.707607,0.2553069,0.22718674,0,0
2009.8333,2.9193566,0,0.0014650881,0.0029298863,0,0,67.850891,0.27324,0.22954375,0,0
2009.9167,2.8150599,0,0.0014947519,0.0022317947,0,0,73.079742,0.28937629,0.23167193,0,0.8665708
2010,2.78064,0,0.0014537469,5.3888163e-06,0,0,78.828926,0.30412087,0.23362544,0,0
2010.0833,2.6826465,0,0.0014722272,0.0085930774,0,0,84.598473,0.31673256,0.23530871,0,0
2010.1667,2.5882833,0,0.0015019086,0.00038731575,0,0,89.12912,0.32799721,0.23683274,0,0
2010.25,2.494294,0,0.0016991597,0.025498618,0,0,89.756432,0.3382585,0.23825866,0,0
2010.3333,2.6363393,4.5072436,0.0035064511,0.4263919,1.7374818,0.022922477,88.455025,0.34644461,0.23923323,62.155097,2.910766
2010.4167,2.549571,8.3623352,0.0040866337,2.60789,8.9215418,0.33088294,87.984749,0.34917143,0.23772001,46.980875,1.0788879
2010.5,2.8975199,11.297374,0.0038383065,2.3678083,7.9864406,0.41459779,93.404106,0.34922159,0.23419152,5.8742925,7.9808447
2010.5833,3.5893726,11.946258,0.0031398816,1.9938239,6.6717197,0.36792107,98.765472,0.35214308,0.23268966,7.9033469e-12,10.964016
2010.6667,4.5799534,11.230948,0.0024420284,1.3690663,4.3423325,0.24343712,101.72682,0.36139226,0.23563536,7.2637161e-12,14.648151
2010.75,4.9439967,0,0.00093335629,0.53199851,0,0,102.92029,0.41748509,0.24401358,0,0
2010.8333,4.7650239,0,0.00098613719,0.02504775,0,0,104.78188,0.49697423,0.25323892,0,0
2010.9167,4.5951037,0,0.0010153782,0.00021920213,0,0,107.01347,0.56830257,0.26156887,0,0.91581675
2011,4.4949311,0,0.0010158536,0.00019173314,0,0,108.46816,0.6330421,0.26921543,0,0
2011.0833,4.2604357,0,0.0012935977,0.00029995332,0,0,97.833183,0.68112087,0.27747953,0,0
2011.1667,4.0503792,0,0.0013017054,0.00034717063,0,0,90.781273,0.70822066,0.2888374,0,0
2011.25,3.66604,0.83332835,0.0015952333,-0.00022862354,0.070195732,0,64.657936,0.7121048,0.30404967,49.260975,4.0660286
2011.3333,3.8181217,4.4301678,0.0030785673,0.039261519,0.77997213,0,58.370907,0.70500505,0.32009986,0,0
2011.4167,3.3325013,4.8416913,0.0035810894,1.3851276,7.577158,0.15538009,57.68071,0.69192433,0.33535153,24.747147,0.099195535
2011.5,3.4597863,7.3322197,0.0036282397,1.5370864,7.9791597,0.27037113,59.587868,0.67504406,0.34815678,11.554493,8.3302145
2011.5833,4.1262275,7.7543291,0.0031162438,1.3234162,6.7912287,0.24466857,62.16573,0.658243,0.36189592,5.5953211e-12,7.9517279
2011.6667,4.7839843,7.4380357,0.0026721056,0.96929696,4.7604355,0.17867132,64.637535,0.64355659,0.38124496,5.2759698e-12,11.172956
2011.75,5.0263624,0,0.001417228,0.5520553,0,0,66.945602,0.63585097,0.40669844,0,0
2011.8333,4.8466977,0,0.0014562918,0.0068289298,0,0,68.483612,0.63273591,0.43116769,0,0
2011.9167,4.6747252,0,0.0014264848,0.00016272169,0,0,69.109238,0.62979394,0.45331025,0,0.45697016
2012,4.5418534,0,0.0014393007,1.1798159e-06,0,0,69.506783,0.62707698,0.47364071,0,0
2012.0833,4.2224983,0,0.0015090987,-5.532381e-06,0,0,68.87867,0.62452269,0.49175569,0,0
2012.1667,3.9403862,0,0.0014649712,-0.0002342583,0,0,68.563477,0.62171614,0.50940889,0,0
2012.25,3.7239417,0.99844381,0.0019408737,6.3639005e-05,0.09618066,0,64.709404,0.61835307,0.52749813,38.851832,4.7087267
2012.3333,3.57483,3.2499183,0.0029488339,0.0020126309,0.49963315,0,49.716152,0.61189574,0.54584789,0,0
2012.4167,3.3497545,4.2443844,0.003304933,0.90792909,6.7057929,0.13925848,44.04224,0.59939265,0.56417704,22.925375,0.045552036
2012.5,3.264393,6.3857497,0.0033842011,1.2148566,8.4121392,0.29051667,46.913376,0.57747912,0.57998824,8.2161568,8.5307711
2012.5833,3.7324678,6.6553899,0.0034447981,0.92833351,5.9698419,0.22692441,48.770809,0.54927659,0.59802586,4.0540964e-12,7.2657847
2012.6667,4.3782862,3.5913147,0.0022911048,0.95909134,2.8234009,0.10176593,49.302212,0.52943742,0.6188612,2.3472698e-12,4.8436918
2012.75,4.2991857,0,0.0013893374,0.39943988,0,0,48.97831,0.54405302,0.6464448,0,0
2012.8333,4.1280454,0,0.0013981379,0.0005090573,0,0,48.027431,0.56133443,0.67353624,0,0
2012.9167,3.8980632,0,0.0014524818,2.5754243e-09,0,0,46.673973,0.57663339,0.69825006,0,0.29400837
2013,3.6358249,0,0.0016048163,0.00037916748,0,0,44.843807,0.59072679,0.72250539,0,0
2013.0833,3.3853964,0,0.0015731452,2.9948008e-05,0,0,43.430695,0.60281736,0.74459106,0,0
2013.1667,3.2003776,0,0.0015743678,0.00022108234,0,0,41.547276,0.61317259,0.76740277,0,0
2013.25,3.2915818,1.0091043,0.0022190392,-1.3994679e-05,0.037321195,0,37.749973,0.62265265,0.78895539,25.947253,4.4060222
2013.3333,3.5854769,2.7453098,0.0031314385,0.022515558,0.55594341,0,33.633324,0.62582815,0.80627233,0,0
2013.4167,3.3996671,3.5772847,0.0031646409,1.1971845,7.4657384,0.13007346,33.078796,0.61730129,0.81897455,16.699117,0.14721728
2013.5,3.427305,5.1315185,0.0036973981,1.4481241,8.4516866,0.22864144,34.535442,0.5970459,0.83074552,5.5269933,7.5932155
2013.5833,4.264696,5.7847109,0.0030712758,1.27001,7.28244,0.21451977,37.324554,0.57135427,0.84409308,3.7155631e-12,7.3815383
2013.6667,4.7685201,4.2790757,0.0023639747,0.98218429,3.7996733,0.11159127,38.195107,0.54767263,0.86308795,2.7554569e-12,6.0364388
2013.75,4.7340891,0,0.0011111849,0.56930414,0,0,37.932331,0.56653047,0.88711482,0,0
2013.8333,4.5321267,0,0.0011487221,0.07853851,0,0,36.911644,0.59642333,0.91114098,0,0
2013.9167,4.3565407,0,0.0011986535,0.0019713028,0,0,36.012913,0.62257332,0.93329459,0,0.23218398
2014,4.208127,0,0.001197535,0.0001564731,0,0,35.132568,0.64594227,0.95374089,0,0
2014.0833,4.0216837,0,0.0012369336,9.9033806e-05,0,0,34.163986,0.66566044,0.97145593,0,0
2014.1667,3.5899165,0,0.0014617193,2.1499751e-05,0,0,32.501987,0.6815719,0.99069834,0,0
2014.25,3.2535628,0,0.0015198691,-1.6917643e-05,0,0,25.216778,0.69467282,1.0118555,0,0
2014.3333,2.9868567,0.5368967,0.0020843185,0.061744873,0.25446469,0,11.013467,0.70134181,1.0405114,18.358556,4.5073989
2014.4167,3.3157398,2.1033876,0.0033589834,1.0604281,6.2974998,0.063156072,10.182452,0.70232844,1.0679902,8.447264,0.072871077
2014.5,3.2348519,3.3331348,0.0036281021,1.3042487,7.9177227,0.13755781,10.164955,0.69305211,1.0913738,8.5332175,1.8363425
2014.5833,3.5631617,3.8180037,0.0034918659,1.1974276,7.3228536,0.14770174,10.93955,0.67559278,1.1141284,2.8075355e-12,8.0792958
2014.6667,3.8357705,0.66064205,0.0020048101,1.464073,1.0528804,0.020705548,11.528907,0.65419459,1.1395698,4.8330698e-13,1.7614498
2014.75,3.6728508,0,0.0016937504,0.30930007,0,0,11.583132,0.6340577,1.1651194,0,0
2014.8333,3.5306001,0,0.0016415067,0.011208892,0,0,11.608039,0.61597204,1.1883242,0,0
2014.9167,3.3964508,0,0.001627353,0.00064921596,0,0,11.637849,0.59974134,1.2092848,0,0
2015,3.2661175,0,0.0016633604,0.00068420135,0,0,11.621563,0.58494645,1.2285178,0,0
2015.0833,3.133296,0,0.0016967868,0.0017606299,0,0,11.645653,0.57239419,1.2450739,0,0
2015.1667,3.0065142,0,0.0017856226,0.0022890933,0,0,11.452538,0.56159317,1.2600517,0,0
2015.25,2.8992603,0,0.0018367951,0.0018286808,0,0,10.99553,0.55166167,1.2740779,0,0
2015.3333,3.2823626,2.1920975,0.0032402014,0.3574441,2.2211326,0.019154304,10.334497,0.54055488,1.2859519,24.840428,3.7086169
2015.4167,3.1949903,3.723254,0.0032942381,1.6330898,9.5148277,0.18777995,9.9104977,0.52206713,1.2934879,18.259358,0.51076891
2015.5,3.2513365,4.6231332,0.0035684188,1.5031911,8.737894,0.22815879,10.29311,0.49604392,1.2988563,3.2400497e-12,6.3720646
2015.5833,3.387647,4.9236701,0.0034367815,1.1418114,6.7026521,0.18875062,10.696447,0.46490192,1.3073963,3.4127763e-12,3.4457478
2015.6667,3.4410332,2.9317015,0.002639472,0.99464779,3.2488545,0.090521216,10.979446,0.43357372,1.3221629,1.9960695e-12,2.5244111
2015.75,3.2928574,0,0.0014916131,0.47816004,0,0,11.728437,0.41213194,1.3405702,0,0
2015.8333,3.1615822,0,0.0015342633,0.021733441,0,0,13.143689,0.39474532,1.3577154,0,0
2015.9167,3.0434767,0,0.0016057846,0.00067412266,0,0,14.4748,0.37920639,1.3732275,0,0
2016,2.9293734,0,0.0016558189,0.00068800328,0,0,15.365294,0.36510974,1.3874818,0,0
2016.0833,2.8258336,0,0.0016616648,0.00050018188,0,0,15.303135,0.35314506,1.39977,0,0
2016.1667,2.7267535,0,0.001685572,8.5235562e-05,0,0,15.087834,0.34292349,1.4108979,0,0
2016.25,2.6286314,0,0.0017293952,0.00043595013,0,0,13.822253,0.33493155,1.4213192,0,0
2016.3333,2.8881358,1.4956708,0.0031580764,0.36249944,2.1048472,0.014711797,12.70992,0.32896432,1.4302886,22.29068,3.936236
2016.4167,2.9016526,3.3086732,0.0038473119,1.5892573,9.4384157,0.15916576,12.178426,0.31707141,1.4310369,16.23913,0.26723571
2016.5,3.04823,4.2996495,0.003916916,1.5139854,8.4808767,0.19327142,12.221127,0.30049157,1.4111055,1.3219964,4.3203089
2016.5833,3.3982464,4.6101925,0.0035793532,1.253024,7.0392516,0.17648811,12.390406,0.28458264,1.3868814,3.0343194e-12,3.7943491
2016.6667,3.4597367,3.5664332,0.0030688732,0.98097528,4.1364873,0.10245083,12.539042,0.26847032,1.3665303,2.3021547e-12,2.3373587
2016.75,3.3431146,0,0.0017611178,0.569443,0,0,13.429959,0.26956409,1.3692346,0,0
2016.8333,3.2119253,0,0.0018101082,0.014253754,0,0,14.718646,0.27753589,1.3797954,0,0
2016.9167,3.094458,0,0.0017377996,9.2588502e-05,0,0,15.332317,0.28484559,1.3893428,0,0
2017,2.9800597,0,0.0018747919,0.0044420378,0,0,15.770774,0.29168421,1.398113,0,0
2017.0833,2.876878,0,0.0021146277,0.002962979,0,0,16.854078,0.29780528,1.4056674,0,0
2017.1667,2.7777033,0,0.0022750928,0.00040696178,0,0,16.937233,0.30349103,1.412503,0,0
2017.25,2.6787191,0,0.0024239335,0.013652742,0,0,16.50831,0.30893266,1.4189049,0,0
2017.3333,2.937285,1.5950544,0.003584763,0.31368208,1.5991735,0.0089151554,15.75999,0.31273654,1.4242853,22.508158,3.9030766
2017.4167,2.6444143,3.1249486,0.0038637789,1.6947585,9.1188491,0.14545066,14.953405,0.30590338,1.4247929,15.473461,0.24913818
2017.5,2.4889437,4.0776576,0.0045356764,1.6827724,8.7759079,0.20183674,15.107164,0.28653604,1.4167426,2.1722438,2.2596887
2017.5833,2.6126618,4.3528466,0.0043921899,1.2649254,6.6191151,0.16548145,15.959981,0.26239294,1.405238,1.9979361e-12,2.6204022
2017.6667,2.6879294,3.6752999,0.0039255908,0.97988298,3.9285392,0.10051772,17.213253,0.24112765,1.3949113,1.8325458e-12,1.6142894
2017.75,2.5840923,0,0.002009165,0.68829688,0,0,17.845844,0.26924214,1.393549,0,0
2017.8333,2.4834848,0,0.0020002476,0.026018523,0,0,18.548504,0.31756991,1.3959099,0,0
2017.9167,2.3862016,0,0.0020786549,0.00099672685,0,0,19.453243,0.36097383,1.3977771,0,0
2018,2.2907574,0,0.0022363465,0.0012256436,0,0,20.691025,0.40057859,1.3992287,0,0
2018.0833,2.2035525,0,0.0022885869,0.00064397547,0,0,20.740679,0.43449315,1.4002597,0,0
2018.1667,2.1205319,0,0.0022338468,5.7643936e-06,0,0,19.460527,0.46476901,1.4008816,0,0
2018.25,2.0384756,0,0.0024323526,1.6762814e-05,0,0,15.290863,0.49243477,1.4011003,0,0
2018.3333,2.0746826,0.40366547,0.0032440198,0.014732381,0.1806738,0,13.931643,0.51733071,1.401248,13.467221,3.108349
2018.4167,2.4397369,1.7080221,0.004487392,1.1662416,5.8451318,0.051380167,12.618876,0.53249127,1.3989512,6.7386183,0.070333043
2018.5,2.4783667,2.8139658,0.004367521,1.7094616,9.0055104,0.1368728,12.051867,0.52981359,1.3881085,5.9468667,0.6830905
2018.5833,2.4742091,3.2523815,0.0044543575,1.320504,6.8048286,0.12329675,12.354385,0.51436007,1.3671975,1.5929257e-12,1.6337478
2018.6667,2.470088,3.2051224,0.0043020225,0.98054761,4.6081446,0.091066914,12.726422,0.49103183,1.3437585,1.7024848e-12,1.1448967
2018.75,2.371869,0,0.0023324538,0.75908342,0,0,12.302569,0.48375827,1.3231802,0,0
2018.8333,2.2604389,0,0.0024058481,0.047268181,0,0,12.505456,0.49028927,1.3059481,0,0
2018.9167,2.160534,0,0.0025065588,0.0031605998,0,0,12.872767,0.49623305,1.2901788,0,0
2019,2.0717564,0,0.0028558632,0.0027053414,0,0,13.277073,0.50178307,1.2755694,0,0
2019.0833,1.9994054,0,0.0031162552,0.00069139889,0,0,14.414172,0.50678486,1.2629607,0,0
2019.1667,1.9275746,0,0.0032202902,1.2357636e-05,0,0,15.986238,0.51143122,1.2515744,0,0
2019.25,1.8508076,0,0.0033383293,2.8825757e-05,0,0,15.717242,0.51601708,1.240888,0,0
2019.3333,1.8854316,0.5081094,0.0042381017,0.10512807,0.41114148,0,15.224047,0.52052373,1.2311088,15.443269,2.424167
2019.4167,2.147099,2.2504164,0.0050125252,1.6981046,8.4792923,0.10062609,15.004,0.51909053,1.2187285,13.788822,0.061140254
2019.5,2.039778,3.3596002,0.0052399551,1.8405005,8.736118,0.16164811,16.057941,0.50288194,1.1941886,1.3746527,0.96010906
2019.5833,1.7699916,3.7385062,0.0062193247,1.4809016,6.8188804,0.14236126,15.979711,0.47538587,1.1539794,2.21554e-12,0.77089659
2019.6667,1.5083773,3.1575703,0.0064799767,1.1033741,4.1134452,0.09428089,16.326611,0.44339067,1.1047387,2.1172935e-12,0.56029332
2019.75,1.3574476,0,0.0032164231,0.6372911,0,0,16.869177,0.41265315,1.0513711,0,0
2019.8333,1.3090628,0,0.0032642123,0.01422795,0,0,17.187643,0.38556397,1.0021048,0,0
2019.9167,1.2625074,0,0.0032348633,2.7043736e-07,0,0,17.546291,0.36111289,0.95763314,0,0
