year,froot_gCm2,leaf_gCm2,p_uptake_demand_ratio,gpp_pft7_gCm2day,gpp_pft9_gCm2day,gpp_pft10_gCm2day,l2fr_site,l2fr_canopy,l2fr_ustory,leaf_alloc_gCm2yr,froot_alloc_gCm2yr
1901,32.307677,0,4.4945787e-06,0.001224415,0,0,0.78850144,0.83016473,0.48895884,0,6.1844555
1901.0833,32.042727,0,4.7627482e-06,0.00074881623,0,0,0.78002554,0.82856262,0.49380523,0,6.1719798
1901.1667,31.757582,0,4.8440229e-06,1.452109e-06,0,0,0.7746073,0.82647705,0.49784216,0,6.024501
1901.25,31.323086,11.05878,4.9618643e-06,-5.0483845e-05,-1.4938724e-05,0,0.77400166,0.82433504,0.50140536,310.20035,9.7501705
1901.3333,26.248574,25.786536,5.5484734e-06,0.012590051,0.076669704,0,0.67883587,0.81354618,0.49396691,12.99868,0.026829137
1901.4167,14.305245,32.063928,7.6676934e-06,1.6576879,1.5173817,0.059548451,0.54505551,0.7750321,0.46993211,236.12366,1.0861486
1901.5,7.1799252,50.484668,1.0149829e-05,5.1593428,4.4313088,0.30707891,0.52120346,0.70874965,0.43249083,63.078517,29.951041
1901.5833,10.681299,42.169556,7.4641184e-06,4.5201525,3.434876,0.27517034,0.78338188,0.64387006,0.3949686,3.853602,48.616964
1901.6667,12.220759,0,5.732717e-06,3.1941687,0,0,0.9208349,0.58803701,0.3631202,0,1.9804484
1901.75,12.089461,0,4.7403605e-06,0.61107573,0,0,0.86338586,0.53790927,0.33449674,0,1.9080569
1901.8333,11.945529,0,4.2820061e-06,1.7579776e-05,0,0,0.84526396,0.49265617,0.30857182,0,1.9013436
1901.9167,11.769705,0,4.3956425e-06,-4.9793578e-10,0,0,0.87339169,0.4518401,0.28511864,0,2.5604115
1902,11.646003,0,4.4550056e-06,0,0,0,0.88459742,0.41441935,0.26354542,0,1.8856926
1902.0833,11.47907,0,4.613265e-06,-1.046388e-07,0,0,0.86407274,0.38223964,0.24492288,0,1.8856352
1902.1667,11.314401,0,4.7837493e-06,-4.6036078e-05,0,0,0.80587661,0.35359022,0.22763014,0,1.9016909
1902.25,11.719536,29.451633,5.1095403e-06,-2.3143861e-05,-0.00018584105,0,0.76891965,0.3278001,0.21107134,597.69254,21.349454
1902.3333,13.862159,48.948754,5.4740908e-06,0.30730239,0.32492381,0.0080199581,0.67830265,0.31094643,0.19795309,3.4524338,51.541113
1902.4167,18.727558,50.505523,4.9596551e-06,5.7616992,5.0302239,0.24690937,0.55036163,0.3089093,0.19145952,22.390047,109.75193
1902.5,28.754039,51.664326,4.3741052e-06,5.3531575,4.2495,0.32624087,0.62940127,0.33100545,0.19859043,5.5772158,190.29868
1902.5833,45.20572,30.269263,3.0409947e-06,4.5765793,2.2635861,0.19218699,0.99476635,0.38886505,0.22605997,1.4613079,181.25373
1902.6667,49.373854,0,2.3846903e-06,3.4160686,0,0,1.0961845,0.46688628,0.26499468,0,13.226861
1902.75,49.293347,0,2.0800758e-06,0.78076461,0,0,1.110433,0.53939104,0.30150059,0,13.203713
1902.8333,49.211897,0,1.8999333e-06,7.0363484e-05,0,0,1.1263669,0.60541499,0.33506235,0,13.182141
1902.9167,49.147438,0,1.8244883e-06,0.00025058045,0,0,1.140885,0.66538155,0.36587563,0,20.22997
1903,49.643781,0,1.876996e-06,0.006903952,0,0,1.141943,0.72059947,0.39448515,0,13.301568
1903.0833,49.554374,0,1.9578356e-06,0.029253648,0,0,1.1141365,0.76821244,0.41929615,0,13.162329
1903.1667,49.45131,0,2.0603554e-06,0.033038132,0,0,1.0673276,0.81140113,0.44194216,0,12.927788
1903.25,50.210789,26.575509,2.2121083e-06,0.057908743,0.086179662,0,1.037825,0.85204595,0.46318713,570.05261,56.793998
1903.3333,52.249067,47.548436,2.3676985e-06,0.54084382,0.50843603,0,1.1475652,0.89065206,0.48137191,16.382119,49.332011
1903.4167,57.347365,50.302748,2.2490358e-06,4.3047779,2.5794019,0.12985873,1.3726943,0.92787445,0.49621117,40.840086,215.16073
1903.5,76.901965,52.869517,1.7248949e-06,7.1331171,4.055642,0.33404542,1.9753183,0.96834582,0.51244605,17.406423,293.89557
1903.5833,97.720467,53.615261,1.3027366e-06,5.9728875,3.3576972,0.31166376,3.0814445,1.0227163,0.53465891,6.1965381,269.86082
1903.6667,109.61493,14.384647,1.101648e-06,4.1759574,0.70584017,0.067100567,4.0603395,1.0946434,0.56623882,1.3200082,73.517994
1903.75,108.56165,0,9.3962927e-07,0.82702902,0,0,4.0294323,1.1696694,0.59889448,0,10.968316
1903.8333,106.79805,0,8.3501965e-07,0.00097656228,0,0,4.0995054,1.2371529,0.62902284,0,9.9262353
1903.9167,104.79864,0,8.3182329e-07,0.0083473658,0,0,4.3102903,1.2963687,0.65681338,0,15.104612
1904,102.27693,0,1.0321365e-06,0,0,0,4.5030971,1.3477167,0.68255454,0,9.539183
1904.0833,98.611981,0,1.0699114e-06,-4.0309553e-08,0,0,4.6240597,1.3903465,0.7047922,0,9.0354978
1904.1667,94.372876,0,1.0937639e-06,-0.00018758633,0,0,4.4692903,1.4278928,0.72494352,0,8.3199814
1904.25,92.573211,28.736426,1.0993379e-06,-0.00048834578,-0.0006500325,0,4.2211061,1.4672393,0.74396914,438.02524,65.755829
1904.3333,87.970577,35.896983,1.1460397e-06,0.19967791,0.12656485,0.0031385188,3.6437635,1.5136015,0.75904226,7.4341245,31.07042
1904.4167,78.149498,40.604495,1.1430071e-06,6.2090036,3.5638236,0.24860764,2.8721428,1.5420383,0.77373964,98.624528,96.207538
1904.5,62.285565,47.556754,1.0969271e-06,6.4029694,3.8061313,0.36478652,2.910094,1.5638462,0.78294855,54.463354,153.92493
1904.5833,65.499589,17.583421,9.2100328e-07,5.5963336,1.3234785,0.12699308,3.7135158,1.5929245,0.79363871,5.4341051,97.932754
1904.6667,66.47595,0,7.1008901e-07,4.132686,0,0,5.0329542,1.6116242,0.80597597,0,15.044848
1904.75,66.126063,0,6.7759765e-07,0.3986652,0,0,6.7078571,1.6225445,0.82109201,0,14.928487
1904.8333,65.772705,0,6.8446013e-07,0.0083121416,0,0,8.603035,1.6290636,0.83688456,0,14.889767
1904.9167,65.341726,0,6.6181127e-07,8.0238102e-08,0,0,10.85101,1.6331379,0.85258633,0,21.380426
1905,64.853936,0,4.5291128e-07,-4.1816148e-08,0,0,13.349673,1.6369087,0.86929196,0,14.688741
1905.0833,63.173518,0,4.7336624e-07,-5.6104059e-05,0,0,16.181581,1.6431488,0.88974148,0,14.08825
1905.1667,60.734317,0,5.1051262e-07,-7.6135538e-07,0,0,18.956034,1.651842,0.91523063,0,12.80817
1905.25,58.922615,32.364253,6.0862351e-07,-0.00032239567,-1.1352772e-05,0,20.378962,1.6716936,0.94718307,443.20033,21.93748
1905.3333,55.863272,35.275534,6.6442897e-07,0.25353005,0.21332107,0.0017727501,21.397457,1.7196609,0.9841162,12.011857,21.992694
1905.4167,68.303533,41.281089,6.3587567e-07,5.8047066,4.301188,0.17479526,21.311913,1.7714381,1.0120208,79.824481,414.73042
1905.5,102.84767,43.015882,3.8221711e-07,5.8791154,4.1695982,0.26619513,21.981825,1.8524383,1.0425031,3.5351159,429.85824
1905.5833,136.5146,40.538277,2.9454793e-07,4.7428409,3.3229444,0.22135789,24.599129,2.038204,1.1087663,2.2842391,420.92413
1905.6667,150.35187,0,2.6255455e-07,3.197614,0,0,27.875156,2.3533723,1.2217472,0,13.994722
1905.75,147.84095,0,2.5485878e-07,0.769562,0,0,32.175961,2.6693995,1.3366367,0,12.508239
1905.8333,144.39118,0,2.6268887e-07,0.012686195,0,0,37.770508,2.953584,1.4410037,0,9.9354391
1905.9167,138.52066,0,2.7215128e-07,1.8852898e-05,0,0,44.536697,3.2074196,1.5361156,0,15.444545
1906,131.44766,0,5.5492075e-07,1.6584511e-06,0,0,52.382805,3.4340594,1.6243743,0,9.5736261
1906.0833,123.95427,0,5.7329504e-07,0.0028811393,0,0,60.031204,3.6205516,1.7007152,0,9.3549753
1906.1667,116.66273,0,5.7939258e-07,0.00077694356,0,0,66.944511,3.7783854,1.7688617,0,9.2221765
1906.25,111.34993,11.099976,5.8326452e-07,0.01211543,0.01251592,0,72.51355,3.9134779,1.8297101,289.13602,67.415985
1906.3333,108.623,23.834353,6.1513833e-07,0.063215228,0.086432362,0,74.298531,4.0236292,1.8760476,0.5927984,28.944534
1906.4167,104.78868,24.54477,6.5848877e-07,1.5917019,1.052788,0.063717084,72.975128,4.1212511,1.9048805,34.37641,139.06071
1906.5,124.09233,29.401155,6.0561769e-07,5.1928346,3.2876677,0.38541068,69.414497,4.253427,1.9544275,50.988974,398.11533
1906.5833,142.17055,7.0412373,4.9925785e-07,4.2407318,0.59334121,0.065304245,69.631371,4.5269866,2.0847445,1.9713555,103.36861
1906.6667,138.08289,0,4.7214772e-07,3.0495398,0,0,73.349594,4.8423824,2.2896554,0,8.781997
1906.75,133.12326,0,4.5364337e-07,1.1588914,0,0,77.041634,5.1246939,2.4782743,0,8.006842
1906.8333,128.03811,0,4.8654948e-07,0.019251789,0,0,81.301804,5.3762422,2.6491249,0,7.4847668
1906.9167,122.39254,0,5.0273627e-07,2.8310042e-07,0,0,86.657661,5.5974908,2.8033013,0,7.6270187
1907,116.37518,0,5.0460369e-07,3.5141836e-05,0,0,92.429031,5.7914524,2.9445884,0,8.7658574
1907.0833,110.33736,0,5.1522449e-07,5.5871019e-05,0,0,98.249641,5.9462433,3.0668344,0,5.4941682
1907.1667,103.71924,0,5.3022802e-07,0,0,0,103.97604,6.0761805,3.1760516,0,5.2014986
1907.25,96.941315,0.28682046,5.5797682e-07,-4.7118427e-06,0,0,107.93988,6.1846752,3.2761338,104.62857,51.515765
1907.3333,93.473002,8.5487245,5.9393926e-07,0.0019754503,0.0016622032,0,108.74576,6.2458878,3.3157363,0.05738835,0.54450641
1907.4167,85.565388,8.960519,6.4673435e-07,0.27692491,0.15855806,0,108.74291,6.1938004,3.2734706,18.672248,0.19319035
1907.5,76.215073,16.024465,6.7897923e-07,3.696205,1.9656747,0.32512659,110.48021,6.0097437,3.1583211,119.91987,45.342457
1907.5833,76.261096,22.945685,6.2245664e-07,3.2730542,2.1179152,0.41302622,113.28327,5.7580719,2.9873004,42.486984,148.84878
1907.6667,83.609961,9.5807323,5.6875604e-07,2.2061311,0.64189883,0.13671427,113.15549,5.5840106,2.8434439,3.3094404,73.686388
1907.75,82.540087,0,5.7257455e-07,0.083448381,0,0,114.90247,5.4704237,2.7197504,0,6.7912807
1907.8333,80.524221,0,6.095845e-07,0.0022156616,0,0,117.4926,5.3686743,2.6035566,0,7.1725202
1907.9167,78.309447,0,6.0741252e-07,0,0,0,119.07714,5.2746811,2.4924037,0,9.5678044
1908,76.244995,0,5.4037787e-07,0,0,0,119.68225,5.1863513,2.3866544,0,6.7484125
1908.0833,73.964059,0,5.7058895e-07,0,0,0,120.20956,5.1085024,2.2935505,0,6.6907079
1908.1667,71.399033,0,6.0250898e-07,-8.7463006e-05,0,0,120.30167,5.0347929,2.2072845,0,6.6443555
1908.25,69.346875,11.267572,6.4347688e-07,-0.00055155902,-2.8886677e-06,0,119.3456,4.9624548,2.1304734,152.35117,57.030539
1908.3333,63.127734,12.625105,7.1249855e-07,0.2882727,0.21161122,0.016238102,118.81929,4.9178858,2.077554,13.34079,17.984173
1908.4167,67.18386,16.87859,6.9210779e-07,3.2519388,2.2906836,0.33750986,115.70628,4.908792,2.0395846,81.451593,154.99438
1908.5,83.56972,21.746125,5.093774e-07,3.2067143,2.5476565,0.48572232,113.1567,4.9858527,2.0437007,22.751142,317.38274
1908.5833,114.60219,22.586556,4.0029175e-07,2.3106412,1.8509627,0.38491775,109.48415,5.2644958,2.1590445,1.777249,417.78621
1908.6667,138.81591,7.5823823,3.7083029e-07,1.6482411,0.48846381,0.10051774,109.26895,5.8212447,2.4467418,0.4813805,145.88288
1908.75,137.79405,0,3.9579768e-07,0.32831527,0,0,117.9812,6.4632263,2.780231,0,4.5746972
1908.8333,134.59569,0,4.5396123e-07,0.0048568667,0,0,124.5518,7.034646,3.0879879,0,4.3246455
1908.9167,129.88281,0,4.9989978e-07,0,0,0,126.42355,7.5265865,3.3799,0,3.8561597
1909,123.14077,0,5.8057554e-07,0,0,0,127.88245,7.9658451,3.6504259,0,2.1910238
1909.0833,115.46757,0,6.2532882e-07,0,0,0,129.8811,8.3312092,3.8846004,0,2.1483871
1909.1667,107.32041,0,6.7029242e-07,0,0,0,131.5603,8.6488943,4.0971723,0,2.1183939
1909.25,100.40688,2.9804003,7.311466e-07,0,-1.1554991e-06,0,132.1207,8.9377584,4.3046002,77.73883,40.839649
1909.3333,93.91126,6.3884226,8.1336998e-07,0.17723869,0.091695892,0.012288782,130.61838,9.2198601,4.6392956,4.1262986,4.664443
1909.4167,86.639874,9.0007931,8.5375842e-07,2.4213985,1.2813312,0.31763122,130.26866,9.4147205,5.1978197,62.138361,19.817998
1909.5,86.156368,15.507929,6.9496889e-07,2.425663,1.7932602,0.49374515,130.99751,9.5787506,6.0303936,63.576661,111.87914
1909.5833,101.92876,17.423939,5.4276677e-07,2.0872689,1.6903609,0.45785995,129.75615,9.8740902,7.2480288,3.2158783,260.68715
1909.6667,118.55262,9.3880771,4.8920515e-07,1.2467361,0.76949386,0.20613045,128.82867,10.404819,8.8971796,0.91669096,133.13635
1909.75,118.91334,0,4.9436244e-07,0.077814208,0,0,129.01483,11.052068,10.796925,0,5.7329264
1909.8333,116.45167,0,5.2339686e-07,0.0018392256,0,0,129.51903,11.639636,12.562333,0,5.0525037
1909.9167,112.43164,0,5.4876256e-07,0.00025552153,0,0,130.30698,12.165427,14.17093,0,4.6993089
1910,106.31624,0,5.7852941e-07,4.9608878e-09,0,0,130.01088,12.641709,15.658058,0,11.889592
1910.0833,99.461466,0,6.4963285e-07,-6.2255671e-06,0,0,126.3842,13.058525,16.948311,0,2.717916
1910.1667,92.27816,0,7.6032865e-07,-1.6532769e-05,0,0,112.91975,13.441772,18.123573,0,4.6896631
1910.25,86.976163,2.5716645,1.0144225e-06,-0.00011065054,-3.3815268e-06,0,80.526245,13.838711,19.240356,42.78147,29.788354
1910.3333,80.184698,3.4718851,1.4793704e-06,-3.2942322e-05,-5.3169163e-05,0,64.970009,14.287442,20.138422,0,0.00011667186
1910.4167,71.440846,4.0570879,1.778527e-06,0.3428242,0.26276488,0.042059107,44.803551,14.520819,20.82781,24.306963,1.8205839
1910.5,55.507462,7.9301596,2.1345431e-06,1.2937859,1.1947525,0.52028643,47.527454,14.434835,21.226473,59.997847,35.453484
1910.5833,42.081639,12.131439,2.2416584e-06,0.9650745,1.1749324,0.51871847,51.340317,14.032192,21.289373,31.266648,61.305657
1910.6667,40.118672,9.8700188,2.0425423e-06,0.75918433,0.84586927,0.34119067,53.4053,13.42641,21.037891,5.191837,53.130847
1910.75,40.174142,0,1.7717311e-06,0.055424786,0,0,55.240005,12.806443,20.817978,0,2.5407118
1910.8333,39.313287,0,1.7189718e-06,5.2120335e-05,0,0,58.283566,12.246929,20.65608,0,2.4981232
1910.9167,38.340516,0,1.7855801e-06,1.7730825e-05,0,0,59.093723,11.74472,20.477827,0,2.8268821
1911,36.810782,0,1.8662008e-06,-3.7909636e-12,0,0,58.49168,11.28543,20.265718,0,2.5413843
1911.0833,34.902111,0,1.993124e-06,-6.2700038e-09,0,0,58.003139,10.883763,20.025,0,2.1903164
1911.1667,32.5258,0,2.455557e-06,-3.5487153e-09,0,0,64.340874,10.501987,19.747286,0,2.1706208
1911.25,29.965816,6.6799531,2.7781982e-06,-1.1542075e-07,-5.9225406e-06,0,62.643806,10.086734,19.332605,110.82687,8.3576184
1911.3333,26.077082,9.1070877,3.1631632e-06,-3.1846443e-05,-8.5326593e-06,0,59.222668,9.5462103,18.527317,0.023334687,8.4852739
1911.4167,21.496098,9.2328582,3.7293803e-06,0.17475579,0.30606192,0.039155205,55.701496,8.9651146,17.450249,7.8202447,22.332022
1911.5,20.894947,11.3188,4.3182749e-06,1.070326,1.541688,0.5563047,52.744114,8.4007711,16.142307,29.184431,55.502139
1911.5833,22.773376,12.738805,3.9895931e-06,0.95278112,1.4086929,0.57082445,49.407383,7.8450923,14.814591,8.8733932,85.357153
1911.6667,28.690673,8.3986893,3.0835799e-06,0.62055027,0.69973823,0.29510953,44.804562,7.3594327,13.578465,2.3790951,80.743595
1911.75,30.285677,0,2.7213305e-06,0.13202528,0,0,42.840492,6.9577394,12.42965,0,6.931965
1911.8333,29.972125,0,2.4781002e-06,0.0073403351,0,0,41.255051,6.5994587,11.361679,0,6.620041
1911.9167,29.580938,0,2.0855855e-06,0,0,0,39.367115,6.277945,10.372697,0,9.9521801
1912,29.364182,0,2.2462482e-06,0,0,0,37.519398,5.983294,9.448452,0,6.5893447
1912.0833,28.896999,0,2.3567011e-06,-2.0017559e-11,0,0,35.836121,5.7282701,8.6505585,0,5.6291031
1912.1667,28.350545,0,2.4389581e-06,-2.7300427e-10,0,0,33.463955,5.4958768,7.9262977,0,5.0859752
1912.25,27.824348,2.0036267,2.5064444e-06,-5.9881336e-06,-4.5155217e-07,0,30.220211,5.2763042,7.2450786,121.83146,7.5064156
1912.3333,26.843349,10.071356,2.7478477e-06,0.0050113739,0.011628178,0,26.529449,5.0738072,6.6113572,0.26556953,6.154648
1912.4167,24.722958,11.501417,3.2112669e-06,0.5610422,1.06562,0.20555424,24.075155,4.8670855,6.0205917,40.134945,31.114161
1912.5,27.595738,14.445899,3.8615362e-06,0.94677495,1.8181984,0.59819347,21.1294,4.6521401,5.4941802,16.653742,68.502554
1912.5833,32.238021,15.478816,3.212208e-06,0.79036047,1.5326252,0.52039624,17.86857,4.4681149,5.0505805,8.3622373,65.773734
1912.6667,37.852619,12.316519,2.5600723e-06,0.51082168,0.85604028,0.28611365,16.006098,4.3387737,4.686687,4.2109445,69.338921
1912.75,39.813019,0,2.4067033e-06,0.13151561,0,0,15.448286,4.2113552,4.3660259,0,10.25889
1912.8333,39.700326,0,2.271257e-06,3.2175044e-05,0,0,16.993904,4.0899553,4.0629134,0,10.263477
1912.9167,39.506346,0,2.3262389e-06,0,0,0,17.994408,3.9831719,3.7541187,0,15.126373
1913,39.61416,0,2.4224514e-06,0,0,0,18.473358,3.8858783,3.4587739,0,9.9754675
1913.0833,39.299857,0,2.5672807e-06,-6.0723949e-06,0,0,19.126774,3.8018551,3.2041128,0,9.8686319
1913.1667,38.969692,0,2.6900161e-06,-1.8720606e-05,0,0,19.569365,3.7257614,2.9738047,0,9.5760489
1913.25,38.634315,3.6529102,2.8446211e-06,-3.8042621e-05,-6.6049968e-06,0,18.58226,3.6544185,2.7569609,148.11681,9.8860398
1913.3333,38.052235,12.448194,3.1500697e-06,0.08838183,0.24275933,0.021763474,16.987532,3.5897765,2.5421493,24.925695,6.1797236
1913.4167,39.501972,16.671974,3.5022533e-06,1.0365313,2.4002568,0.48171357,15.777426,3.5329785,2.3486509,34.62683,58.529773
1913.5,42.158306,17.783292,3.765718e-06,1.0192761,2.16692,0.59058664,16.476885,3.5000534,2.1887114,7.5191205,43.198963
1913.5833,45.176744,17.920725,3.1460499e-06,0.81697795,1.7664084,0.45872011,16.750269,3.4626031,2.0620933,6.2830519,48.534851
1913.6667,46.713829,0,2.691e-06,0.5564957,0,0,17.217859,3.4090481,1.9598327,0,12.458028
1913.75,46.634655,0,2.4404599e-06,0.11905852,0,0,17.656277,3.357506,1.8679976,0,12.37863
1913.8333,46.538301,0,2.0597149e-06,0.0011865497,0,0,17.878426,3.3106019,1.7822108,0,12.013503
1913.9167,46.444137,0,2.0831533e-06,1.0452805e-07,0,0,17.945271,3.2679894,1.7023978,0,18.657082
1914,46.878949,0,2.0792206e-06,8.5563328e-06,0,0,17.632753,3.2286689,1.6271617,0,12.035627
1914.0833,46.728987,0,2.0711568e-06,-8.7800991e-06,0,0,16.841627,3.1945701,1.5600193,0,11.947826
1914.1667,46.379328,0,2.1465805e-06,-9.2994799e-06,0,0,15.727095,3.1631043,1.4934235,0,10.993785
1914.25,45.888126,6.2723439,2.3186528e-06,-0.00029494539,-0.00013976435,0,14.113658,3.1332145,1.4278009,142.72811,6.4676916
1914.3333,44.19139,11.869701,2.9596983e-06,0.0012104142,0.017937163,0,8.5977097,3.0997462,1.3630447,0.53254369,0.52983015
1914.4167,40.097505,12.370317,3.5382855e-06,0.10406709,0.29941405,0.017693962,6.9652328,3.0491214,1.3007886,32.219454,1.9626496
1914.5,38.308222,19.972885,3.9892348e-06,1.0084592,2.5546333,0.48712411,6.3922162,2.9777534,1.2418799,75.298669,68.64081
1914.5833,40.088892,21.772616,3.690194e-06,0.88778298,2.2162677,0.51382178,6.4368382,2.9059968,1.1902986,7.4065132,28.662649
1914.6667,41.029099,7.4204472,3.0976764e-06,0.48655889,0.65226503,0.14699306,7.5153942,2.8435702,1.1505466,1.8963526,17.103452
1914.75,41.034453,0,2.6711375e-06,0.034669506,0,0,8.9103098,2.7801306,1.1136918,0,10.994435
1914.8333,40.931225,0,2.247451e-06,0.00036470473,0,0,10.363966,2.7215197,1.0783272,0,10.968866
1914.9167,40.811669,0,2.3454695e-06,0.00052903163,0,0,11.853126,2.6671693,1.0415134,0,15.415821
1915,41.095559,0,2.3482805e-06,-2.4383762e-10,0,0,13.291901,2.6170957,1.0070281,0,10.92908
1915.0833,40.884797,0,2.4285002e-06,-1.561046e-11,0,0,14.285691,2.5742183,0.97698182,0,10.840022
1915.1667,40.645819,0,2.5683012e-06,-2.0907103e-06,0,0,14.239464,2.5354676,0.94909948,0,10.766413
1915.25,40.397272,4.9639721,2.7453439e-06,-0.00011772039,0,0,13.757723,2.499517,0.92286646,226.29716,9.1159265
1915.3333,39.877415,18.780991,2.9671987e-06,0.0023587721,0.072767752,0,12.976949,2.4757242,0.89976078,3.1764837,2.1198427
1915.4167,38.875435,19.890869,3.2170542e-06,0.17140059,0.61300045,0.034797435,12.441144,2.4521265,0.86978,34.922079,18.622333
1915.5,41.332524,23.611687,3.7350615e-06,1.1421996,3.0390079,0.48069944,12.183416,2.4215174,0.82951432,22.936817,48.097729
1915.5833,43.349296,24.785539,3.4191426e-06,0.99312875,2.5048175,0.49489811,12.926875,2.3949139,0.78413612,9.2730175,35.780472
1915.6667,44.611972,1.6849245,2.6766854e-06,0.6518993,0.21632802,0.037545029,13.692883,2.3737383,0.7448163,0.47585708,13.968972
1915.75,44.544708,0,2.2433621e-06,0.13054424,0,0,13.822935,2.350785,0.71075696,0,11.884472
1915.8333,44.469293,0,2.025474e-06,1.6550102e-05,0,0,13.559772,2.3294635,0.67939377,0,11.822346
1915.9167,44.407386,0,2.0703942e-06,5.5867081e-21,0,0,13.144068,2.309787,0.65061027,0,17.159891
1916,44.768523,0,2.0896437e-06,1.5181487e-05,0,0,12.43469,2.2913907,0.62381941,0,11.875894
1916.0833,44.691395,0,2.1178275e-06,6.7755996e-07,0,0,11.605909,2.2752864,0.60044891,0,11.854812
1916.1667,44.61395,0,2.1808032e-06,1.5685322e-06,0,0,10.549144,2.2603345,0.57872063,0,11.838024
1916.25,44.506319,8.2624331,2.3056309e-06,2.3767248e-06,0.0074419664,0,9.296957,2.2466502,0.55789298,250.83584,8.3345516
1916.3333,43.625947,20.803522,2.5720535e-06,0,0.02685994,0,7.2807317,2.2364082,0.53510696,0.13760698,0.87192101
1916.4167,41.177765,21.077277,3.5110033e-06,4.780686e-05,0.068361421,0,3.5268078,2.2184987,0.50667745,2.6117441,0.72350681
1916.5,37.334912,12.531775,4.2412203e-06,0.17053204,0.09518395,0,2.4955738,2.1844053,0.47309661,5.8370989,1.0266835
1916.5833,35.802823,0,4.9914765e-06,1.154825,0,0,2.2569816,2.1370118,0.44068712,0,0.013993951
1916.6667,34.956425,0,4.5528859e-06,0.85488191,0,0,2.1751156,2.0933774,0.4120613,0,0.0011987864
1916.75,34.129705,0,4.3033456e-06,0.36380193,0,0,2.3118713,2.0539777,0.38629553,0,0.0011970686
1916.8333,33.322398,0,3.9694719e-06,0.0096499546,0,0,2.3498764,2.0183582,0.3630769,0,0.0011953465
1916.9167,32.462817,0,3.4763475e-06,0,0,0,2.2834001,1.986163,0.34200558,0,0.0011527218
1917,31.547248,0,3.6457318e-06,0,0,0,2.1350446,1.9564784,0.32202622,0,0.001149187
1917.0833,30.699996,0,3.9450902e-06,0,0,0,1.9468702,1.9307661,0.304162,0,0.0011429795
1917.1667,29.875418,0,4.2920096e-06,0,0,0,1.7180994,1.9073465,0.28735828,0,0.0011368058
1917.25,29.159021,0.80391526,4.7435651e-06,0,0,0,1.5579617,1.8852496,0.27098733,146.63535,21.515651
1917.3333,26.658222,12.128865,5.7415782e-06,0.11155289,0.16075468,0.0098768647,1.3215511,1.8549581,0.25459492,16.532355,0.0011976881
1917.4167,11.710368,22.12924,8.4869098e-06,1.7745862,2.8263741,0.25686983,1.0472108,1.7699553,0.23556592,156.05527,13.419006
1917.5,7.0537399,27.147373,1.2280258e-05,2.0250409,3.2868653,0.45553028,1.1116606,1.6513014,0.21463054,12.643233,10.647208
1917.5833,7.7614207,20.80158,1.0868507e-05,1.7486634,2.1567371,0.33645777,1.326542,1.5460482,0.19712578,5.80853,10.507758
1917.6667,7.9721892,0,7.9407819e-06,1.4371309,0,0,1.4879714,1.4532918,0.18592145,0,2.1395965
1917.75,7.960082,0,6.6872167e-06,0.32748964,0,0,1.440163,1.3695233,0.17657119,0,2.1347267
1917.8333,7.9312585,0,5.9354034e-06,0,0,0,1.2818232,1.2937002,0.16797599,0,2.0307527
1917.9167,7.887234,0,6.7895717e-06,0,0,0,1.0731251,1.2245208,0.15911713,0,5.1225133
1918,8.0890739,0,8.2534234e-06,0,0,0,0.92763275,1.1606679,0.15038702,0,2.1680328
1918.0833,8.043766,0,9.194051e-06,0,0,0,0.88616616,1.1059695,0.14284435,0,2.1561125
1918.1667,7.9987682,0,9.6829335e-06,-2.1303765e-07,0,0,0.83911002,1.0575229,0.13601691,0,2.14432
1918.25,8.0065504,11.656852,1.0630106e-05,-1.7886596e-06,-2.9999618e-05,0,0.81186271,1.0128003,0.1294615,327.72063,5.9423966
1918.3333,8.3377687,27.244519,1.1727559e-05,-1.5865941e-05,-9.5212791e-05,0,0.78183037,0.97889251,0.12162179,4.2444335,9.4426716
1918.4167,8.5295169,27.696222,1.3313275e-05,0.014904832,0.028869249,0,0.7087273,0.95192271,0.11318678,3.2107466,5.8655807
1918.5,8.9081414,28.540228,1.3972676e-05,2.1319274,2.7996893,0.270441,0.6617595,0.92647725,0.10659448,12.417754,12.547031
1918.5833,9.7064599,29.85275,1.3941703e-05,2.3865412,2.8871421,0.37352786,0.68321532,0.90243298,0.1027215,11.768625,14.269344
1918.6667,10.726779,20.480137,1.0692149e-05,1.6389557,1.4297119,0.190391,0.73773402,0.88508487,0.10158968,4.3326278,13.010818
1918.75,10.988571,0,8.1003891e-06,0.40039512,0,0,0.77239174,0.87285233,0.10210383,0,2.9518069
1918.8333,10.947702,0,6.3051039e-06,1.4040526e-06,0,0,0.7771728,0.86343807,0.10269567,0,2.9392969
1918.9167,10.889379,0,6.5160043e-06,0,0,0,0.75579238,0.85522741,0.10314491,0,5.0347054
1919,10.997551,0,6.4031574e-06,0,0,0,0.74228239,0.84618199,0.10343672,0,2.9496644
1919.0833,10.935195,0,6.5601448e-06,-4.6594034e-08,0,0,0.7400896,0.83628887,0.10347854,0,2.9343022
1919.1667,10.873597,0,6.3952339e-06,-1.1364087e-07,0,0,0.76804692,0.82635552,0.10339615,0,2.9183225
1919.25,10.93677,14.421031,6.1624692e-06,0,-2.4781614e-10,0,0.83969545,0.81701297,0.10323989,350.60243,8.768043
1919.3333,11.825767,29.053763,6.2829859e-06,0.89424061,1.1766675,0.051910565,0.92748374,0.81145066,0.10236367,4.4506594,18.057259
1919.4167,13.509802,30.058403,5.3326794e-06,3.2143007,3.7354071,0.33339483,1.1692955,0.80825979,0.10130584,11.131478,27.981214
1919.5,16.0932,30.955367,5.0592053e-06,3.5434875,3.8034565,0.47290084,1.455845,0.81151891,0.10277984,4.759235,40.526673
1919.5833,19.745637,31.466644,3.7685904e-06,2.6297412,2.6666822,0.36358806,1.8369037,0.82283753,0.11136893,2.3719153,52.68248
1919.6667,24.033519,27.612641,2.5883785e-06,1.880312,1.7159115,0.22892675,2.2902811,0.84236771,0.13169846,2.0669956,54.341292
1919.75,25.707651,0,2.07886e-06,0.59104623,0,0,2.41026,0.86745661,0.1634154,0,6.6815067
1919.8333,25.650099,0,1.8733123e-06,0.00017838271,0,0,2.3354635,0.89106166,0.194465,0,6.6709729
1919.9167,25.603594,0,1.7711124e-06,2.5370302e-05,0,0,2.1097314,0.91235662,0.22289895,0,10.621316
1920,25.869591,0,1.7193619e-06,0.00045268203,0,0,1.7895476,0.93188947,0.25067073,0,6.7438241
1920.0833,25.809674,0,1.8494368e-06,0.00017107336,0,0,1.4443644,0.94838184,0.27629939,0,6.7256757
1920.1667,25.750834,0,2.1320484e-06,0,0,0,1.2626996,0.96311259,0.3011705,0,6.706939
1920.25,25.923463,10.174528,2.4201995e-06,0,0.0067189676,0,1.190941,0.97689497,0.32458577,371.86711,17.418143
1920.3333,27.178211,31.044388,2.8271452e-06,0,0.073997004,0,1.0939345,0.99026996,0.34489959,5.7530981,20.887049
1920.4167,27.867362,31.644296,3.7170703e-06,0.0020304557,0.19277105,0,1.0408322,1.0039887,0.36362082,4.2814237,18.876324
1920.5,28.388787,20.789089,4.8420825e-06,1.7810212,0.45799025,0.0068988243,1.0728667,1.0163835,0.38175586,5.9228804,22.297985
1920.5833,28.607322,0,4.9366777e-06,4.3229474,0,0,0.99568862,1.024835,0.40559065,0,6.4118912
1920.6667,28.340818,0,4.5243746e-06,2.6773087,0,0,0.95667315,1.0272595,0.43017507,0,4.5288451
1920.75,28.026585,0,4.2481133e-06,0.46789268,0,0,0.94152331,1.0264421,0.45047849,0,4.199819
1920.8333,27.697524,0,4.135853e-06,0.006748452,0,0,0.93244684,1.0241923,0.46760133,0,4.0322416
1920.9167,27.364772,0,4.1822036e-06,6.1525049e-05,0,0,0.91892117,1.0214032,0.48192376,0,3.9694375
1921,26.859473,0,4.4718417e-06,0.00016325865,0,0,0.90559024,1.0184997,0.49398118,0,3.9603007
1921.0833,26.545415,0,4.7812214e-06,1.6099974e-05,0,0,0.89355236,1.0159475,0.50484145,0,3.6437237
1921.1667,26.173253,0,5.0215226e-06,6.7614693e-06,0,0,0.87987781,1.0137738,0.51689339,0,2.8586597
1921.25,25.835594,9.6874386,5.0191529e-06,-1.178799e-05,-3.9219608e-05,0,0.85473675,1.0112963,0.53368878,195.8835,10.934411
1921.3333,20.247698,16.344324,5.3733356e-06,0.022444019,0.044362071,0,0.73545271,0.99322885,0.53995752,5.2667973,0.014004006
1921.4167,8.6249905,19.882947,6.9200978e-06,1.8321016,0.97618771,0.071952706,0.69386756,0.93711972,0.51900619,157.40294,0.68888083
1921.5,2.9804723,33.893827,6.0896045e-06,5.5830584,3.1811038,0.37463082,0.93853939,0.85348898,0.47460333,59.209867,5.549913
1921.5833,3.0874056,28.621115,4.2792926e-06,4.8943735,2.4120601,0.36190046,1.2879361,0.77560425,0.42989156,3.6932178,5.3064076
1921.6667,3.2631832,0,2.8447441e-06,3.346339,0,0,1.6275973,0.70738477,0.39110005,0,0.88038314
1921.75,3.2583482,0,2.4767633e-06,0.51157783,0,0,1.5810454,0.6456551,0.35576469,0,0.87586172
1921.8333,3.2532946,0,2.4347298e-06,0.10148147,0,0,1.3825871,0.58991963,0.32359627,0,0.87213628
1921.9167,3.2492594,0,2.6944683e-06,0.00015249702,0,0,1.0501838,0.53960121,0.29441318,0,1.2643823
1922,3.2757244,0,3.4538286e-06,0.00030505644,0,0,0.65950334,0.4934268,0.26756352,0,0.86222707
1922.0833,3.2695017,0,4.6930245e-06,0.00011029543,0,0,0.59068406,0.45370704,0.24444552,0,0.86101581
1922.1667,3.2633254,0,4.5924335e-06,5.0029137e-08,0,0,0.60887617,0.41782919,0.22354239,0,0.85980495
1922.25,3.2647885,4.7207382,4.5106858e-06,7.9424748e-07,0.0037686514,0,0.59307885,0.38429135,0.20397897,430.50806,2.2088388
1922.3333,4.4546369,35.566919,4.4346348e-06,3.2468156e-06,0.056243007,0,0.54042125,0.35542428,0.18717921,0.54865407,30.884692
1922.4167,8.4739728,35.871528,4.3415876e-06,0.011476497,0.12202733,0,0.49944597,0.33727232,0.17698796,0.97513456,67.913709
1922.5,15.802529,30.350285,4.0355126e-06,0.61925941,0.31878564,0,0.56924003,0.33919719,0.17851199,1.3686013,99.73307
1922.5833,19.409938,0,3.80952e-06,5.8804021,0,0,0.64867163,0.36158177,0.19229434,0,4.1768748
1922.6667,19.270215,0,3.6207653e-06,3.9783232,0,0,0.73611349,0.38465071,0.20864105,0,3.6306404
1922.75,19.065931,0,3.0270571e-06,1.0658954,0,0,0.83892149,0.40582588,0.22501494,0,2.3528569
1922.8333,18.741386,0,2.7647884e-06,0.00013597365,0,0,0.82469213,0.42493966,0.24087194,0,1.5042764
1922.9167,18.404339,0,2.8317741e-06,2.2333663e-06,0,0,0.76620817,0.4421137,0.25563917,0,1.440786
1923,17.87026,0,2.9339135e-06,-2.371589e-09,0,0,0.6854068,0.45780221,0.26939413,0,1.4080567
1923.0833,17.446389,0,3.1570555e-06,-9.1709648e-07,0,0,0.64384001,0.47104067,0.28118786,0,1.3366993
1923.1667,17.035164,0,3.335691e-06,-3.7786766e-06,0,0,0.65410018,0.48276708,0.29181206,0,1.2923928
1923.25,17.221568,10.171801,3.449022e-06,-6.9237289e-05,-3.4308365e-05,0,0.6776163,0.49341664,0.30146194,264.83167,18.018893
1923.3333,15.601897,21.866214,3.6262902e-06,-0.00028190642,-0.00020836764,0,0.67502767,0.49646014,0.3045232,0.18681304,2.1891223
1923.4167,9.0924567,23.358563,4.2702486e-06,1.8953953,0.75422571,0.031463777,0.64181387,0.47795382,0.29392636,84.10212,9.8488054
1923.5,5.1446827,33.519097,4.5444226e-06,7.7334021,2.8987183,0.29801695,0.76787817,0.43864542,0.26995817,67.42221,15.014468
1923.5833,6.5317014,35.22398,3.65086e-06,5.7885724,2.0811331,0.25756422,0.948026,0.40202752,0.24661981,2.4773465,26.619191
1923.6667,7.7335807,0,2.6572679e-06,4.3179036,0.069743684,0.008342816,1.1359507,0.37437487,0.22884533,0,3.0722155
1923.75,7.717839,0,2.1423639e-06,1.8331064,0,0,1.2660204,0.35042125,0.21362282,0,2.0292476
1923.8333,7.6979999,0,1.8324101e-06,0.023018199,0,0,1.3326381,0.32865301,0.20004438,0,2.0203537
1923.9167,7.653119,0,1.9073939e-06,-2.5261361e-13,0,0,1.2792897,0.308938,0.18786611,0,4.7559158
1924,7.8163547,0,2.0382138e-06,-5.8585623e-06,0,0,1.1943823,0.29076713,0.17669691,0,2.0589803
1924.0833,7.7552046,0,2.2002521e-06,-2.0605952e-06,0,0,1.1027843,0.27504957,0.16706218,0,2.0397197
1924.1667,7.6984628,0,2.420901e-06,-0.00024771654,0,0,1.0135757,0.26073363,0.15834156,0,2.0201542
1924.25,7.7035725,13.603657,2.7536987e-06,-0.00095714854,-0.00023234088,0,0.98788929,0.24704331,0.15057114,385.68231,9.8205761
1924.3333,8.8492278,30.700404,3.0720723e-06,0.038906771,0.018833406,0.00011494557,1.0529554,0.24064605,0.14680624,1.694927,28.523352
1924.4167,13.053059,32.091055,2.6957923e-06,5.9957949,2.385511,0.13562813,1.1232798,0.25282863,0.15154754,23.812854,88.143912
1924.5,22.428432,32.931153,2.2783615e-06,6.7303989,2.4573497,0.22719685,1.3075264,0.29721251,0.17408204,2.041271,153.05991
1924.5833,39.50455,33.276781,1.7017607e-06,5.5945778,1.9499689,0.21805913,1.699865,0.40055272,0.23590714,1.1458784,278.93383
1924.6667,52.570038,0,1.2850991e-06,3.9955133,0.061699746,0.0068736343,2.0529401,0.5720582,0.34821454,0,24.601312
1924.75,52.296389,0,1.1132386e-06,0.44572209,0,0,2.0947058,0.74198264,0.46484753,0,11.252077
1924.8333,51.962797,0,1.065958e-06,0.090639192,0,0,2.0451455,0.89527917,0.57176435,0,10.865758
1924.9167,51.62413,0,1.0343609e-06,0.016175086,0,0,1.9275191,1.0334477,0.66982424,0,15.942832
1925,51.631842,0,1.1040219e-06,0.00012554735,0,0,1.7813606,1.1598462,0.76097769,0,10.440814
1925.0833,50.925538,0,1.2733216e-06,0,0,0,1.6962982,1.2676456,0.83933187,0,9.9590144
1925.1667,49.979582,0,1.4520645e-06,-4.6479025e-05,0,0,1.6550006,1.3629588,0.9102065,0,9.1272231
1925.25,50.197538,17.582279,1.6070796e-06,-5.8894925e-05,-4.0183794e-05,0,1.7043631,1.4539245,0.98152196,307.00639,43.037257
1925.3333,49.392432,24.876973,1.7698907e-06,0.36987855,0.16246282,0,1.9413236,1.5806137,1.0670441,4.986956,18.365739
1925.4167,57.687592,28.467808,1.7405919e-06,7.2536507,2.3942483,0.20051301,2.3567801,1.7437438,1.1555552,63.920262,306.26276
1925.5,82.985431,30.999836,1.3384403e-06,7.3723426,2.2044286,0.29161873,3.4823861,1.9639696,1.2429432,6.9601134,317.73583
1925.5833,105.83895,31.593859,1.0854759e-06,6.3328653,1.8588723,0.27190191,5.1839542,2.3452468,1.3556079,3.4532981,283.88007
1925.6667,122.4504,31.893756,9.196782e-07,3.7121022,1.0866688,0.17408976,7.1049294,2.9712784,1.5297225,1.3335556,200.28689
1925.75,129.61033,4.1287066,7.9907687e-07,2.1674449,0.13434815,0.021461146,7.9530897,3.8704731,1.7846204,0.12359351,35.080844
1925.8333,126.91452,0,6.7091037e-07,0.13387801,0,0,7.7438445,4.7720561,2.0482802,0,3.27955
1925.9167,124.10863,0,6.1894991e-07,0.0012876597,0,0,7.6835589,5.5857863,2.2860575,0,4.9289363
1926,120.84309,0,8.1683339e-07,0.0010716116,0,0,7.6250634,6.3311467,2.5033453,0,3.3047796
1926.0833,116.08504,0,8.222882e-07,0.00066601976,0,0,7.648859,6.966856,2.6893606,0,3.2545451
1926.1667,109.68049,0,8.3072445e-07,-0.00019009761,0,0,7.623775,7.526474,2.8572018,0,3.1022105
1926.25,101.9848,0,8.6684713e-07,0.0089260655,0,0,7.464922,8.0209417,3.0208147,0,3.6577983
1926.3333,96.842431,6.0138563,9.0860516e-07,0.6186493,0.062663319,0,7.1672888,8.4069691,3.201242,116.06924,50.807917
1926.4167,91.238029,11.488869,9.6135591e-07,6.9137533,1.0518696,0.19208498,6.9421229,8.6463976,3.3455703,55.878045,14.901124
1926.5,86.911723,17.723236,9.471666e-07,8.6524121,1.6731098,0.37915832,7.0809417,8.6894646,3.4273374,71.006857,42.343025
1926.5833,86.809762,22.547657,7.027827e-07,6.3164966,1.416267,0.29106117,7.5780711,8.5950871,3.4487615,44.485045,101.209
1926.6667,88.890828,24.707349,6.1003323e-07,4.2853317,0.99181008,0.21481537,8.6399403,8.4712029,3.4170249,9.7120451,117.0759
1926.75,89.652099,4.057487,5.6714771e-07,1.535011,0.14751865,0.027093343,10.112123,8.3889465,3.3712406,1.0473905,22.221055
1926.8333,87.809384,0,5.6571315e-07,0.060093736,0,0,11.942754,8.319603,3.3372638,0,4.1900546
1926.9167,85.785523,0,5.9399883e-07,2.4786716e-06,0,0,14.401185,8.2566986,3.3053625,0,5.6537074
1927,83.470576,0,5.8554906e-07,0.0092292813,0,0,17.026777,8.1984549,3.2740731,0,4.1857092
1927.0833,80.298312,0,5.8023227e-07,1.1241605e-05,0,0,19.441263,8.1447439,3.2448285,0,4.1677213
1927.1667,76.224878,0,5.8148743e-07,6.0116326e-06,0,0,21.859035,8.0882902,3.2159991,0,4.1855608
1927.25,71.371779,2.3066744,5.9412201e-07,-0.00028824096,-9.7662094e-05,0,23.67672,8.0280294,3.1924706,120.34975,27.28349
1927.3333,65.066092,9.7241346,6.2947549e-07,0.068127905,0.017737891,0,24.877811,7.9618611,3.1548588,0.37532422,9.3346237
1927.4167,55.529814,10.95075,6.6328607e-07,4.7960217,0.76887895,0.12738707,25.236746,7.7784495,3.048435,46.963432,67.160944
1927.5,51.869374,16.480379,5.9796849e-07,7.8476751,1.5129118,0.3534091,25.032925,7.4422898,2.889842,66.725101,121.30209
1927.5833,52.720971,20.457929,5.0564319e-07,6.2993999,1.335106,0.31726493,25.960533,7.012877,2.7422452,21.117345,188.30936
1927.6667,57.368968,7.8492677,4.5716928e-07,3.879715,0.39006419,0.092593715,27.697203,6.6251588,2.6513288,3.903527,38.958745
1927.75,56.757145,0,4.4833979e-07,0.37617423,0,0,30.284412,6.2980323,2.6000023,0,3.1936936
1927.8333,55.63945,0,4.6327531e-07,0.0075643148,0,0,33.603851,5.9985485,2.5572042,0,2.9021229
1927.9167,54.470625,0,4.8006711e-07,6.5811278e-06,0,0,37.294765,5.7243776,2.5203466,0,5.4159912
1928,52.844066,0,4.8870174e-07,0.0032644571,0,0,41.332924,5.4699593,2.4872665,0,2.2648806
1928.0833,50.42316,0,4.9749298e-07,0.0091803952,0,0,45.983177,5.2481313,2.4587231,0,2.1667362
1928.1667,47.581859,0,5.0466434e-07,0.0032362671,0,0,50.279621,5.0440454,2.4318452,0,2.1158117
1928.25,45.246266,8.5774185,5.1250601e-07,0.068256936,0.025610276,0,53.26569,4.8448405,2.398562,120.72481,15.685788
1928.3333,41.1359,9.9954661,5.3035461e-07,0.31921856,0.081698875,0,54.210747,4.6475883,2.3495014,5.3479678,4.2942582
1928.4167,36.848214,12.410511,5.6683541e-07,6.0775596,1.1406094,0.22035551,56.406433,4.4503131,2.2928386,59.155066,30.118553
1928.5,38.075045,16.474195,4.9063584e-07,7.6651361,1.6015653,0.43816767,58.423275,4.2647786,2.252552,36.973334,70.060217
1928.5833,46.311487,18.403953,4.1481243e-07,5.632173,1.2300733,0.35768935,60.230392,4.127656,2.2773814,5.2152062,141.14823
1928.6667,54.889802,4.9739685,3.8607959e-07,4.0569207,0.2763379,0.08127664,63.363598,4.0591278,2.4101889,0.46523778,53.740567
1928.75,54.522783,0,3.7205746e-07,0.81034389,0,0,68.810577,4.0232296,2.5779796,0,4.9135429
1928.8333,53.624354,0,3.9802825e-07,0.020855258,0,0,75.667755,3.9867902,2.7344902,0,4.8318665
1928.9167,52.610125,0,4.1481206e-07,4.6291324e-05,0,0,83.744247,3.9509385,2.8784447,0,7.993618
1929,51.330406,0,4.2033889e-07,0.014531908,0,0,93.056564,3.9149086,3.0118186,0,4.6974861
1929.0833,49.359135,0,4.2394643e-07,0.01614032,0,0,102.77333,3.8811417,3.1258323,0,4.1669323
1929.1667,46.967059,0,4.2994586e-07,0.0057894831,0,0,112.56025,3.8435638,3.2262647,0,3.7342103
1929.25,44.714745,4.7258413,4.4006936e-07,0.013415169,0.0080306601,0,121.69426,3.795398,3.3263519,108.30514,21.742509
1929.3333,43.103315,8.7695932,4.6138649e-07,0.16234933,0.044848622,0,128.69098,3.751152,3.5042851,0.9270167,20.626322
1929.4167,43.371283,10.390537,4.8140305e-07,5.1390997,1.0712843,0.20440263,135.24413,3.7258551,3.8089633,47.099996,131.99702
1929.5,56.439679,14.211846,4.3329069e-07,7.130899,1.6312145,0.47128909,144.84702,3.7335665,4.2628636,29.761332,213.11952
1929.5833,68.306871,10.879369,3.8034503e-07,4.5668709,0.81511443,0.24039453,156.53708,3.8161137,4.9928594,4.0302559,111.53084
1929.6667,70.541829,0,3.6860897e-07,3.716286,0,0,168.33533,3.955579,5.8702035,0,5.3832498
1929.75,69.286771,0,3.6157587e-07,0.83882935,0,0,181.78365,4.0895629,6.6831064,0,5.2785346
1929.8333,67.898646,0,3.9037559e-07,0.0041027,0,0,195.23306,4.2111726,7.422719,0,3.8392646
1929.9167,65.833919,0,3.9445663e-07,0.00025974017,0,0,209.68645,4.3201294,8.0899229,0,4.747902
1930,63.07669,0,3.9850818e-07,0.0050571083,0,0,225.27328,4.417088,8.6972466,0,2.4643415
1930.0833,59.704531,0,4.1000638e-07,4.0277731e-05,0,0,240.01332,4.4968519,9.2143021,0,2.1060998
1930.1667,56.160033,0,4.2403465e-07,0.00029154152,0,0,254.01649,4.5672498,9.6776419,0,2.0083748
1930.25,53.018186,1.6248543,4.3617226e-07,0.0072384538,0.002704538,0,266.40933,4.6279879,10.115327,45.630938,15.973397
1930.3333,49.542811,3.7663486,4.8585008e-07,0.045978651,0.012527941,0,285.24353,4.6736097,10.58569,0.55934427,0.11086539
1930.4167,43.611739,4.0315362,5.4676894e-07,1.0240103,0.1497383,0.042760723,308.08932,4.6970544,10.969078,20.945008,2.212038
1930.5,38.887072,7.3480625,5.5590374e-07,4.9429733,0.927585,0.52676033,325.57117,4.6731949,11.19849,33.429899,30.429463
1930.5833,40.386129,9.1610719,4.9515876e-07,4.0318162,0.88428132,0.5353894,343.46356,4.6358528,11.280307,16.648222,52.071251
1930.6667,44.132851,6.6869701,4.6541263e-07,2.1850131,0.46309801,0.26988998,361.09488,4.6327453,11.240581,4.2971821,43.406826
1930.75,44.122092,0,4.7474481e-07,0.39187744,0,0,381.42258,4.6795754,11.142394,0,2.4525637
1930.8333,42.738993,0,5.0318607e-07,0.00015945475,0,0,404.08832,4.7299676,11.049027,0,2.2853875
1930.9167,41.268639,0,5.3566561e-07,0.0088132987,0,0,423.94482,4.7756085,10.963776,0,4.2806718
1931,39.586507,0,3.8700756e-07,0.00068409613,0,0,442.5495,4.8158612,10.883784,0,2.5616678
1931.0833,37.471931,0,4.0698785e-07,0.0090998083,0,0,461.85379,4.8458772,10.812075,0,2.2772855
1931.1667,35.174463,0,4.3220095e-07,0.0017255532,0,0,484.20087,4.8657207,10.743299,0,2.255301
1931.25,33.518285,3.1629743,4.6805738e-07,0.031987487,0.0057294747,0,509.61108,4.8682098,10.6587,47.845955,11.730724
1931.3333,31.995773,4.0410976,5.0342931e-07,0.20753105,0.033789964,0,524.21924,4.8296204,10.425745,0.57173064,4.6624504
1931.4167,28.812703,4.7325292,5.356876e-07,2.8032917,0.46577381,0.27425982,535.48779,4.7411232,9.9600916,22.429269,15.918511
1931.5,27.461089,7.1089556,4.6705594e-07,4.4879201,0.88226593,0.75423876,522.64136,4.6015363,9.3192616,21.864347,37.08617
1931.5833,30.922608,8.4401881,3.8892134e-07,3.6645114,0.80563038,0.6732898,498.91559,4.4635201,8.6435432,11.371719,75.055392
1931.6667,37.108202,6.4351331,3.4736942e-07,2.3492841,0.4453252,0.33677816,488.57031,4.3646531,8.0129185,5.5269228,74.504275
1931.75,38.702011,0,3.4469534e-07,0.30854604,0,0,491.95685,4.3123941,7.4933081,0,4.6738871
1931.8333,38.067646,0,3.5673395e-07,0.0085997951,0,0,497.97623,4.2743568,7.0326109,0,3.4994724
1931.9167,37.32213,0,3.7212442e-07,1.0387857e-05,0,0,506.01572,4.2418132,6.6097202,0,7.5229412
1932,36.612511,0,6.2183398e-07,6.1454716e-07,0,0,564.81494,4.2126112,6.2153401,0,5.1026435
1932.0833,35.227228,0,6.7983649e-07,0,0,0,578.72772,4.1871076,5.8675532,0,2.6058713
1932.1667,33.577584,0,7.1566063e-07,0.00014618098,0,0,585.73328,4.1622505,5.5458426,0,2.3682863
1932.25,32.186974,1.8372377,8.1245753e-07,0.0028158749,0.0020574257,0,633.06458,4.128931,5.2330508,36.991799,8.9022615
1932.3333,30.352129,3.1345387,9.2632399e-07,0.015791663,0.0055982409,0,659.42322,4.0622349,4.9306636,0.23105514,0.0072110448
1932.4167,26.876843,3.2390889,1.0638478e-06,0.076915488,0.010634096,0,583.97607,3.9712806,4.6889329,0.5590377,0.031071264
1932.5,22.73621,5.0862879,1.2464595e-06,2.2195199,0.5773495,0.46263854,449.68137,3.8281856,4.5350127,40.579387,14.104848
1932.5833,22.461245,7.6594101,1.039125e-06,2.2875115,0.71106653,0.68275612,449.61642,3.6574006,4.4425454,15.565898,21.172144
1932.6667,23.359912,0.27574028,9.2543576e-07,1.6172364,0.047150757,0.038311931,451.45926,3.5133367,4.4192085,0.31901153,5.7193111
1932.75,22.992423,0,8.9480142e-07,0.40006925,0,0,462.03601,3.3894773,4.4197121,0,3.0356943
1932.8333,22.498928,0,9.3207103e-07,0.0031263884,0,0,473.5567,3.278378,4.4146018,0,2.9974722
1932.9167,21.868488,0,1.0021345e-06,0.00083076243,0,0,484.67438,3.1782897,4.4029584,0,6.0634164
1933,21.392159,0,1.0512761e-06,4.3115908e-06,0,0,495.06317,3.0866754,4.3855586,0,3.2794257
1933.0833,20.631621,0,1.1071116e-06,0.00065467317,0,0,498.55118,3.008765,4.3629169,0,2.910579
1933.1667,19.879853,0,1.141178e-06,0.00070092677,0,0,501.9035,2.9382942,4.3313885,0,2.8336475
1933.25,19.242357,1.4890583,1.1874445e-06,0.027135014,0.001065993,0,496.35083,2.8713071,4.2889676,54.146149,6.9708371
1933.3333,18.790113,4.5534633,1.2585043e-06,0.064605176,0.0067511337,0,489.30493,2.8123386,4.2160845,0.35622895,0.26050518
1933.4167,17.712036,5.4180804,1.3299206e-06,1.4338841,0.44273335,0.23260643,489.17273,2.7693198,4.1238012,29.310276,19.151835
1933.5,18.967748,7.8243818,1.1427596e-06,3.0691999,1.0646166,0.86981103,446.68069,2.7548282,4.0233378,14.385644,40.39501
1933.5833,21.841669,8.7343231,8.9022376e-07,2.3391876,0.84908331,0.77954807,413.96048,2.7997339,3.9487765,3.2650986,40.504993
1933.6667,23.861038,3.8545316,8.0626501e-07,1.3477554,0.27835678,0.26720986,401.11212,2.9134834,3.9109375,0.32230203,18.979615
1933.75,23.964191,0,8.0015593e-07,0.17362375,0,0,396.87128,3.0488977,3.8896561,0,3.8751121
1933.8333,23.715094,0,8.6259041e-07,0.0019141243,0,0,395.14261,3.171315,3.8691988,0,3.8672252
1933.9167,23.440763,0,8.9624797e-07,1.8918169e-19,0,0,394.61523,3.2814269,3.8495455,0,7.2761986
1934,23.408344,0,9.4469755e-07,1.912012e-08,0,0,390.83139,3.3796825,3.8303614,0,5.4779515
1934.0833,22.887528,0,1.0047221e-06,0.0013565496,0,0,386.20157,3.4582858,3.8124664,0,3.3255256
1934.1667,22.244427,0,1.0357202e-06,0.0010428114,0,0,388.52042,3.5217969,3.795464,0,3.2571062
1934.25,21.954171,4.647247,1.084773e-06,0.017401975,0.0036895591,0,387.69333,3.5710175,3.7815521,76.573575,8.0209352
1934.3333,21.38968,6.4588063,1.1572859e-06,0.050358642,0.018582549,0,394.29742,3.5923791,3.7780664,0.57131482,1.8284731
1934.4167,20.847304,7.4809841,1.2163244e-06,1.7530361,0.82477474,0.40662568,399.5672,3.5700712,3.7741709,21.461566,26.882958
1934.5,22.566991,8.8185547,1.0959872e-06,2.4643334,1.1568408,0.91675419,403.85196,3.5046887,3.7756615,8.0376543,31.461417
1934.5833,24.669534,7.9856189,9.1020331e-07,1.9952017,0.86858068,0.74594984,409.59653,3.4162152,3.7972534,3.6477628,32.953988
1934.6667,25.624273,0,8.6849036e-07,1.4421502,0,0,429.04382,3.3362839,3.8727329,0,5.0819121
1934.75,25.421325,0,8.4583291e-07,0.36400751,0,0,435.04303,3.2644916,3.9780941,0,4.8570191
1934.8333,25.17706,0,9.0048974e-07,0.00049654002,0,0,439.6655,3.1998444,4.0867028,0,4.7694917
1934.9167,24.843778,0,9.5040889e-07,4.6488242e-08,0,0,444.92911,3.1417136,4.1904063,0,6.7518358
1935,24.55648,0,9.6594999e-07,5.3284141e-06,0,0,450.7164,3.0875826,4.2882357,0,4.3089326
1935.0833,24.041647,0,9.8635394e-07,9.2128258e-05,0,0,455.48923,3.0395122,4.3715134,0,4.2662893
1935.1667,23.487469,0,1.0147176e-06,0.0011987267,0,0,461.42981,2.9947321,4.4419374,0,4.055044
1935.25,22.918994,1.0998184,1.0574851e-06,0.00069694655,0.00035485753,0,466.75928,2.9514461,4.5002713,80.139757,5.0480668
1935.3333,22.46302,6.67592,1.2042889e-06,0.0054864117,0.0072905282,0,444.58905,2.9094605,4.5112257,0.24952788,0.39979451
1935.4167,20.842174,6.8384386,1.5710518e-06,0.016697182,0.014541821,0,455.0426,2.8604994,4.4241481,1.022722,0.21576981
1935.5,18.719807,8.6311726,2.2286786e-06,0.82265407,0.92261909,0.54377654,416.91443,2.7827218,4.2775555,33.697342,23.584327
1935.5833,18.668227,10.469693,2.0752727e-06,0.93398178,1.1283354,0.96681608,409.10703,2.6802876,4.0925069,9.5507904,18.991512
1935.6667,19.16948,7.3607462,1.7981984e-06,0.60143257,0.59975107,0.51776557,385.40103,2.5829649,3.9144866,3.0064608,14.470179
1935.75,19.27031,0,1.712531e-06,0.15187263,0,0,372.33942,2.4950204,3.7626181,0,4.7383083
1935.8333,19.204183,0,1.7262408e-06,0.0022185786,0,0,361.76581,2.4184775,3.6100688,0,4.7201042
1935.9167,19.138958,0,1.7855767e-06,1.1966499e-08,0,0,349.03162,2.3589756,3.4496448,0,7.5447694
1936,19.26041,0,1.5568511e-06,5.3566425e-19,0,0,338.34644,2.3106098,3.2812762,0,4.5955705
1936.0833,19.131823,0,1.6155126e-06,0.00039993881,0,0,326.6153,2.2708261,3.1228976,0,4.4500882
1936.1667,18.98485,0,1.6861549e-06,0.00018943577,0,0,314.45065,2.2355511,2.9719031,0,4.389654
1936.25,18.852761,4.6652253,1.8297155e-06,0.001565052,0.0060078093,0,305.3667,2.2036512,2.8248565,121.69004,6.3924228
1936.3333,18.515024,10.175752,2.0934733e-06,0.025678443,0.027933638,0,295.06116,2.1815643,2.6814959,0.81362517,1.8084643
1936.4167,17.818185,10.887223,2.1526441e-06,0.35349674,0.60749895,0.20331054,277.74594,2.1513038,2.5448112,20.502593,17.269601
1936.5,19.121934,12.571948,1.9731813e-06,0.95005506,1.6640026,1.1467174,265.33719,2.1076894,2.4215755,7.2338113,21.095381
1936.5833,20.480607,13.098241,1.6880856e-06,0.71652311,1.2707947,1.0278855,244.77972,2.0598814,2.3339443,3.3900507,20.6669
1936.6667,22.020118,12.605385,1.5348345e-06,0.49349161,0.91631179,0.68226108,225.09641,2.0176327,2.276165,2.8704736,19.542471
1936.75,22.624452,0,1.5035955e-06,0.086273129,0,0,212.0592,1.9819399,2.2241652,0,5.8979357
1936.8333,22.576017,0,1.5631013e-06,0.0027968432,0,0,204.52159,1.9511968,2.1710327,0,5.8880479
1936.9167,22.536522,0,1.621896e-06,2.0587998e-05,0,0,195.96678,1.9245322,2.1147449,0,9.7587353
1937,22.785384,0,2.0240086e-06,0.0013617676,0,0,187.33443,1.9010317,2.0536218,0,5.9031315
1937.0833,22.713905,0,2.1245646e-06,0.00046790303,0,0,178.63312,1.881536,1.9918315,0,5.8757293
1937.1667,22.627553,0,2.2672375e-06,0.00033656185,0,0,170.69366,1.8644592,1.9270571,0,5.8314453
1937.25,22.563798,3.356511,2.5475717e-06,0.0011633992,0.0013983122,0,149.73886,1.8487798,1.8564558,153.2408,7.1344053
1937.3333,22.700129,12.777023,3.9464426e-06,0.0021302963,0.014691284,0,60.102711,1.8350148,1.786474,0.71713375,3.42734
1937.4167,22.247789,13.046063,6.5140675e-06,0.014390729,0.051345568,0,19.167763,1.8208334,1.7318996,2.2426755,3.5144253
1937.5,22.833863,15.041136,7.093442e-06,0.35689235,1.7664591,0.79149866,17.876823,1.7995235,1.6874278,31.446127,41.41006
1937.5833,24.781648,16.462641,7.4526097e-06,0.38851886,1.8956838,1.1711575,18.521379,1.7755609,1.6531442,6.2349078,21.947454
1937.6667,26.069425,13.047215,6.4824094e-06,0.25429334,1.0431649,0.67621692,18.614403,1.7570124,1.6308969,3.6762282,19.376474
1937.75,26.421163,0,5.8620608e-06,0.061863967,0,0,18.414845,1.7455931,1.6144557,0,7.0901076
1937.8333,26.380664,0,4.9046466e-06,0.0010602121,0,0,17.743132,1.7369025,1.5973651,0,7.0522444
1937.9167,26.352022,0,4.7696267e-06,0,0,0,16.702131,1.7291476,1.5787741,0,12.319176
1938,26.741089,0,4.9281311e-06,2.5877026e-09,0,0,15.263885,1.7221437,1.5580842,0,7.1036656
1938.0833,26.687915,0,5.1156485e-06,9.4648882e-10,0,0,13.92048,1.7162204,1.5341924,0,7.0919375
1938.1667,26.637346,0,5.3496501e-06,2.0119742e-05,0,0,12.691314,1.7109874,1.4999663,0,7.080689
1938.25,26.657995,5.638381,5.4254479e-06,0.0042437276,0.010330145,0,10.986823,1.706184,1.4616867,206.01298,10.254968
1938.3333,27.000094,17.175669,5.8161013e-06,0.023880366,0.12052631,0,8.7336521,1.7027148,1.4112822,2.5893426,8.7782997
1938.4167,28.032586,18.121934,6.2218646e-06,0.50845671,2.5002237,0.70798793,7.5336957,1.7013776,1.3586206,11.407734,24.630309
1938.5,29.611617,18.910872,6.7510609e-06,0.5438171,2.4203685,1.1375308,6.6519909,1.7037787,1.3167211,6.2525827,26.411532
1938.5833,31.541787,19.610947,5.5082846e-06,0.43563956,1.8767078,1.0445424,6.3199992,1.7046738,1.292629,5.5786548,29.586426
1938.6667,33.511478,12.750491,4.7499466e-06,0.30072987,0.95833746,0.53727153,6.5042391,1.710889,1.2825913,3.2580642,24.024671
1938.75,33.90434,0,4.242761e-06,0.11686182,0,0,6.6467338,1.7202324,1.2783928,0,9.116899
1938.8333,33.855073,0,3.5486121e-06,0.00052764457,0,0,6.9036336,1.7283287,1.2743568,0,9.1039192
1938.9167,33.82466,0,3.4074492e-06,3.2565727e-05,0,0,7.3201823,1.7349745,1.2701348,0,16.247835
1939,34.35836,0,3.4523471e-06,1.3701352e-07,0,0,7.3998327,1.7401301,1.265636,0,9.1763817
1939.0833,34.301903,0,3.5210728e-06,0.00047736803,0,0,7.2649231,1.7441276,1.2610714,0,9.1619113
1939.1667,34.248553,0,3.592535e-06,1.9574375e-05,0,0,6.960743,1.7474315,1.2563474,0,9.1492247
1939.25,34.193348,0,3.7985726e-06,0.0038730777,0,0,6.4416924,1.7502755,1.2514052,0,9.1360497
1939.3333,34.221869,16.421691,4.0951059e-06,0.0079159689,0.028861386,0,5.6321783,1.7506809,1.2452781,221.13673,5.7196446
1939.4167,34.304682,19.954218,4.5981974e-06,0.27283492,1.2234198,0.20832846,5.0141153,1.7451725,1.2344043,31.144362,26.683141
1939.5,36.393248,22.177948,5.8075188e-06,0.84540738,3.2519265,1.1318779,4.8575144,1.7374442,1.2214613,8.4005361,28.258481
1939.5833,38.323987,23.07022,5.3001636e-06,0.68261139,2.4475837,1.0417873,5.2010531,1.7328521,1.2087055,7.4274723,31.076071
1939.6667,40.043555,11.030269,4.6145524e-06,0.48282594,0.9204823,0.40578167,5.5553193,1.7348741,1.20024,2.9789589,21.08041
1939.75,40.206738,0,3.9997553e-06,0.075232404,0,0,5.7887359,1.7362788,1.1956307,0,10.810843
1939.8333,40.148202,0,3.14616e-06,1.1075057e-06,0,0,5.8570833,1.7369301,1.1914747,0,10.794898
1939.9167,40.010992,0,3.0678591e-06,0,0,0,5.908186,1.7364949,1.1860367,0,16.277625
1940,40.226098,0,3.2558116e-06,0,0,0,5.9171534,1.7343063,1.1767645,0,10.822076
1940.0833,40.000521,0,3.2396397e-06,0,0,0,5.8637795,1.7322685,1.1678931,0,10.761678
1940.1667,39.776344,0,3.2312389e-06,0,0,0,5.5387878,1.7304021,1.1593814,0,10.699816
1940.25,39.786119,11.574223,3.3855524e-06,0.013156005,0.053960988,0,5.0324082,1.7284719,1.1504987,282.37397,17.264176
1940.3333,40.885203,23.906296,3.4729646e-06,0.56255702,2.0881544,0.33431366,4.5024381,1.7255124,1.1392071,10.364106,25.309445
1940.4167,42.60575,24.820656,3.9635415e-06,1.1768969,3.8880237,1.1301718,4.417634,1.7244352,1.1282554,8.0646634,32.657269
1940.5,44.917341,25.70503,3.5604512e-06,1.0654749,3.3735637,1.1604965,4.7844419,1.7289993,1.1218885,7.849274,39.075744
1940.5833,47.659207,26.570583,2.9555636e-06,0.89618624,2.7724191,0.98742853,5.5706372,1.7382239,1.1204334,7.5138013,43.877027
1940.6667,50.486043,21.826927,2.5279944e-06,0.5871819,1.5406959,0.56273992,6.6116209,1.7522389,1.1230769,5.3677075,39.862254
1940.75,51.346876,0,2.1717435e-06,0.12031677,0,0,7.9541931,1.7651041,1.1294794,0,13.773772
1940.8333,51.269352,0,1.8745031e-06,0.0072362848,0,0,9.4435501,1.7748417,1.1363348,0,13.754136
1940.9167,51.209237,0,1.8831524e-06,4.149471e-07,0,0,11.049458,1.7832397,1.1426697,0,20.188705
1941,51.657725,0,1.8936865e-06,2.9496556e-20,0,0,12.642065,1.7905875,1.148626,0,13.861896
1941.0833,51.475596,0,1.9135314e-06,-1.2749337e-08,0,0,13.079888,1.7956998,1.1544005,0,13.815226
1941.1667,51.216036,0,1.9585525e-06,-1.0922515e-07,0,0,12.44206,1.796942,1.1625953,0,13.747742
1941.25,50.93196,4.3322896,2.0797793e-06,0.00046385417,0.0020553022,0,11.310244,1.7962781,1.1731224,316.46184,15.097655
1941.3333,51.460329,26.924685,2.223197e-06,0.28392823,1.0610853,0.10239616,10.049566,1.7943245,1.1789769,26.06079,35.204843
1941.4167,53.898044,28.901344,2.4546196e-06,1.3819176,4.3937416,0.94205752,8.9095078,1.7937299,1.1758741,8.5391871,36.340548
1941.5,56.302257,29.86178,2.1767414e-06,1.2113141,3.736277,1.0970028,8.6281061,1.7956752,1.1712245,8.9006719,43.057928
1941.5833,59.114203,30.805349,1.6958506e-06,1.1524008,3.4812964,1.035289,9.3361254,1.8011328,1.1695789,8.9352349,49.328565
1941.6667,61.993793,18.931689,1.572233e-06,0.74993004,1.6059919,0.48313243,10.59845,1.8098398,1.1712729,4.8711648,38.278896
1941.75,62.470499,0,1.4099371e-06,0.21195779,0,0,12.107945,1.8212776,1.1779511,0,16.785828
1941.8333,62.377889,0,1.3053887e-06,0.00088522632,0,0,13.611385,1.8317828,1.1850004,0,16.751768
1941.9167,62.306937,0,1.3212125e-06,1.0432363e-06,0,0,15.063972,1.8409696,1.1914468,0,24.712405
1942,62.867999,0,1.3523122e-06,0.00062744021,0,0,16.580736,1.8490798,1.1974531,0,16.885325
1942.0833,62.77623,0,1.3711134e-06,0.0020117075,0,0,18.089312,1.8557606,1.2027096,0,16.859437
1942.1667,62.682912,0,1.4068514e-06,0.00069919325,0,0,19.416735,1.8614877,1.2074803,0,16.833749
1942.25,62.584974,0,1.4666575e-06,0.0045730501,0,0,20.364742,1.8664558,1.2117656,0,16.796097
1942.3333,62.143307,22.895247,1.783676e-06,0.010543807,0.11095494,0,21.35807,1.8678788,1.2136497,311.72995,4.3379667
1942.4167,63.521318,31.361915,2.6852167e-06,0.59907527,3.7060122,0.61149338,26.802975,1.8627363,1.2122911,93.597009,73.865145
1942.5,67.736506,35.170954,3.1229242e-06,0.88008656,4.8592662,1.2788458,32.227184,1.8604158,1.2136023,12.357533,51.222228
1942.5833,70.994906,36.428291,2.8734707e-06,0.71595639,3.7496682,1.0357765,37.896046,1.8612051,1.214916,11.944521,56.639007
1942.6667,74.217938,23.67606,2.6532407e-06,0.55947139,2.1916638,0.55063598,42.291229,1.866176,1.2169487,6.8283737,45.755893
1942.75,74.824996,0,2.4326996e-06,0.10915981,0,0,45.546528,1.8726948,1.22075,0,20.131837
1942.8333,74.716784,0,2.3231901e-06,0.0012386177,0,0,47.71291,1.8783633,1.2244978,0,20.104347
1942.9167,74.633069,0,2.2533136e-06,5.7934586e-20,0,0,48.321087,1.8832443,1.2278814,0,29.40101
1943,75.285323,0,2.0611917e-06,1.9908307e-08,0,0,46.487835,1.8874899,1.2309519,0,20.255289
1943.0833,75.174853,0,2.0752552e-06,0.00010570302,0,0,44.506954,1.8909073,1.2335322,0,20.227524
1943.1667,75.060859,0,2.1402757e-06,2.4526954e-07,0,0,41.330738,1.8937595,1.2357202,0,20.19459
1943.25,74.809976,16.794808,2.3226191e-06,0.00035156852,0.0047507273,0,34.990536,1.8947767,1.2371331,408.19872,11.607653
1943.3333,73.567711,33.806849,2.4628007e-06,0.0033039577,0.055281458,0,33.062889,1.8855861,1.2377121,0.86803222,1.3571604
1943.4167,71.297392,35.471696,2.6271052e-06,0.29261459,1.6098534,0.15130042,32.129883,1.8713561,1.2380543,81.632444,65.945874
1943.5,76.244541,41.818291,2.8915874e-06,1.1341014,5.5492535,0.99774274,29.986244,1.8569481,1.2368721,16.977837,59.575287
1943.5833,79.280265,31.900581,2.5983825e-06,0.93200767,3.4167813,0.72621811,29.141649,1.8461832,1.2356863,9.6447669,48.34365
1943.6667,80.070339,0,2.3549139e-06,0.69517036,0,0,29.050167,1.8373312,1.2362109,0,21.556539
1943.75,79.955243,0,2.1933074e-06,0.24055286,0,0,28.569193,1.8290098,1.2370932,0,21.52554
1943.8333,79.840325,0,1.8087629e-06,0.0011881753,0,0,27.721851,1.8213747,1.237891,0,21.494598
1943.9167,79.746664,0,1.8021932e-06,6.7685272e-08,0,0,27.009819,1.8143297,1.2385961,0,29.154214
1944,80.261812,0,1.7908926e-06,3.0556963e-07,0,0,26.239735,1.8076946,1.2392212,0,21.6081
1944.0833,80.149315,0,1.7767181e-06,0.00012905906,0,0,25.540556,1.8018198,1.2397346,0,21.577841
1944.1667,80.034107,0,1.762606e-06,3.8968362e-08,0,0,24.583702,1.7963444,1.2401606,0,21.546843
1944.25,79.907767,2.3351181,1.755382e-06,-2.5836167e-05,0.00011221633,0,22.922695,1.7910494,1.2405003,426.02453,20.185783
1944.3333,78.889847,35.153925,1.8827127e-06,-0.00046718979,0.025363822,0,10.534367,1.7817678,1.2395743,0.57677593,0.14492575
1944.4167,75.722955,36.140349,1.9827387e-06,0.059469137,0.38099997,0.0047870337,9.6176414,1.7665335,1.2370259,49.066102,0.7172837
1944.5,78.113265,46.890687,2.2072127e-06,1.3084158,5.853373,0.71351994,9.5173979,1.7483404,1.233241,101.90866,114.97059
1944.5833,82.078084,49.092103,2.2437521e-06,1.1133918,5.0090066,0.82242079,10.415756,1.7330276,1.2299874,13.769824,56.935744
1944.6667,84.148131,9.9738743,1.9542294e-06,0.83326679,0.81376774,0.11856582,11.153033,1.7214619,1.2280613,2.073963,29.493956
1944.75,84.084339,0,1.8187949e-06,0.22566385,0,0,11.640624,1.7114122,1.2264781,0,22.637003
1944.8333,83.963171,0,1.5909325e-06,8.5225886e-05,0,0,11.802955,1.7016759,1.2250369,0,22.604378
1944.9167,83.862685,0,1.5091216e-06,0.00025906588,0,0,11.944548,1.6910118,1.2237244,0,30.209839
1945,84.35455,0,1.5270597e-06,0.00026388885,0,0,12.000605,1.6809928,1.2224964,0,22.70967
1945.0833,84.23619,0,1.5338343e-06,6.3237921e-05,0,0,11.892384,1.6722457,1.2214113,0,22.677548
1945.1667,84.117696,0,1.548893e-06,-1.4576867e-06,0,0,11.619416,1.6641935,1.2203958,0,22.639994
1945.25,84.002301,8.0943005,1.5727663e-06,-2.7454919e-05,0.004890543,0,11.122249,1.656521,1.2194157,590.89909,22.284083
1945.3333,83.185226,48.734263,1.6261085e-06,7.2778291e-05,0.10558982,0,10.393176,1.6462232,1.2186829,0.75416572,2.3306191
1945.4167,82.643449,49.909893,1.692089e-06,0.37388297,1.9817668,0.1049818,9.4645529,1.6328423,1.2172281,48.928245,73.912531
1945.5,87.846458,53.929873,1.975666e-06,1.5861304,7.2009908,0.85186777,8.8921165,1.6235856,1.2142661,16.610218,59.831848
1945.5833,91.288097,55.404529,1.8798522e-06,1.1132362,5.0535122,0.68816781,8.8029842,1.618535,1.2119778,13.952475,64.185093
1945.6667,94.27762,24.414841,1.7698933e-06,0.96344019,1.9890476,0.25552979,8.4055986,1.6167296,1.2111132,5.4262301,43.86472
1945.75,94.488829,0,1.7666938e-06,0.24077182,0,0,7.7758484,1.6162782,1.2106075,0,25.436418
1945.8333,94.351858,0,1.9573763e-06,0.00018390424,0,0,7.8412881,1.6158314,1.2101185,0,25.39958
1945.9167,94.23431,0,1.9501647e-06,4.899912e-20,0,0,8.1923609,1.6146817,1.2096666,0,32.710827
1946,94.698563,0,1.9278191e-06,0.00010399522,0,0,8.410265,1.6124289,1.2092377,0,25.493048
1946.0833,94.562821,0,1.952935e-06,2.7338202e-08,0,0,8.4694462,1.6103408,1.2088468,0,25.455386
1946.1667,94.426535,0,1.9841527e-06,-9.4523617e-06,0,0,8.1831446,1.6082311,1.2084601,0,25.419318
1946.25,94.381526,24.344774,2.0185903e-06,-1.7914304e-05,0.039243682,0,7.6858511,1.6060466,1.2081133,683.60799,24.086173
1946.3333,93.571678,56.418858,2.1314618e-06,0.0060664274,0.29936634,0,7.1278329,1.5995269,1.208037,2.8657098,13.996447
1946.4167,96.139878,59.086248,2.2522963e-06,1.0126807,4.7517355,0.24460867,6.5693793,1.591908,1.2073957,54.518477,114.97379
1946.5,101.72177,62.280711,2.715966e-06,1.89235,7.570564,0.5960507,6.596396,1.5863693,1.2066681,19.384488,72.82587
1946.5833,106.1197,64.101771,2.5074787e-06,1.3746713,5.3742563,0.41472894,6.8390589,1.5835582,1.2070103,18.007421,79.512573
1946.6667,110.36358,37.084486,2.2837035e-06,1.1084905,2.4139132,0.17828972,6.8229408,1.5841023,1.2089067,10.382275,62.411497
1946.75,110.99369,0,2.0296784e-06,0.53167168,0,0,6.6702485,1.586367,1.2115933,0,29.859156
1946.8333,110.8294,0,1.9089612e-06,0.0059428374,0,0,6.3358493,1.5884467,1.2140797,0,29.814764
1946.9167,110.68101,0,1.8593375e-06,9.836283e-05,0,0,5.9744692,1.5902802,1.2163432,0,36.20002
1947,111.03592,0,1.7986297e-06,2.1168564e-23,0,0,5.5457311,1.5919447,1.2184227,0,29.872793
1947.0833,110.86834,0,1.6896187e-06,0.0015000779,0,0,5.1259518,1.5932435,1.2202005,0,29.828681
1947.1667,110.70848,0,1.672741e-06,0.00020817433,0,0,4.7046452,1.5942971,1.2217982,0,29.78562
1947.25,110.58272,10.592911,1.7005829e-06,0.0096505817,0.040274593,0,4.3117428,1.5952201,1.2232893,774.06974,33.293752
1947.3333,111.42585,64.400062,1.75174e-06,0.19403603,1.0373011,0.0051830442,3.9329503,1.5955112,1.2238647,26.163199,61.095746
1947.4167,115.45537,68.615437,1.8067113e-06,2.6619579,8.9108395,0.38775385,3.5627282,1.5934591,1.2202649,46.907791,87.478698
1947.5,120.0195,71.212217,1.7268757e-06,3.5609333,7.1494581,0.47702811,3.6838822,1.5718516,1.2075272,22.332759,88.732498
1947.5833,124.94988,73.185839,1.6402726e-06,2.7188277,5.2470206,0.34881476,3.8912699,1.5464453,1.1964262,20.281243,94.190959
1947.6667,129.69618,42.314228,1.5449574e-06,1.5766716,2.1768326,0.14468087,3.8962903,1.525957,1.1978348,11.209243,72.222733
1947.75,130.37242,0,1.3742158e-06,0.16874666,0,0,3.5123634,1.5098354,1.2043386,0,34.936329
1947.8333,130.16973,0,1.2079672e-06,0.0028214154,0,0,2.5210886,1.4957063,1.2100364,0,34.851617
1947.9167,129.98715,0,1.1622839e-06,0.00023304047,0,0,2.4533131,1.4831125,1.2147878,0,42.046705
1948,130.37695,0,1.1285902e-06,0.00010148752,0,0,2.3319345,1.4716784,1.2188739,0,34.913848
1948.0833,130.18116,0,1.127223e-06,0.00095940723,0,0,2.1897037,1.4618562,1.2223399,0,34.858868
1948.1667,129.98331,0,1.1265386e-06,0.0012253917,0,0,2.053504,1.4530625,1.2252834,0,34.764273
1948.25,130.16175,39.78974,1.1451242e-06,0.013257003,0.2111977,0,1.9900533,1.4448873,1.2274007,910.27205,48.061138
1948.3333,131.36129,75.499311,1.1557141e-06,0.073828956,1.1356371,0,1.9421093,1.4361088,1.2245499,14.201837,57.406361
1948.4167,133.67891,77.436216,1.1534918e-06,1.8637345,4.0941291,0.093783154,1.8715355,1.4273695,1.211821,26.123355,75.47076
1948.5,136.68737,79.541087,1.2031984e-06,3.8908136,6.7748791,0.36894844,1.8931673,1.4224761,1.1891506,18.265643,79.407341
1948.5833,140.313,73.252112,1.2067475e-06,3.1729892,5.1782064,0.33822253,1.9367942,1.4217761,1.1630495,15.011009,82.153962
1948.6667,141.77807,0,1.1316823e-06,2.2695954,0,0,2.1344185,1.4246901,1.1405405,0,37.996433
1948.75,141.55316,0,1.0353066e-06,0.239088,0,0,2.4062846,1.4283531,1.1218867,0,37.900402
1948.8333,141.32823,0,9.5786288e-07,3.7758139e-05,0,0,2.7370369,1.4318067,1.1051084,0,37.844432
1948.9167,141.10187,0,9.396029e-07,1.3758941e-06,0,0,3.0307477,1.4350144,1.0899507,0,42.6943
1949,141.2496,0,7.1292817e-07,7.9826445e-05,0,0,3.3027699,1.4372578,1.0759804,0,36.929677
1949.0833,140.93661,0,7.1872478e-07,0.00015433315,0,0,3.4406402,1.4383028,1.0637871,0,36.723134
1949.1667,140.62504,0,7.1622549e-07,0.0027192421,0,0,3.3055153,1.4387851,1.0525494,0,36.640114
1949.25,139.78373,59.285849,7.1744768e-07,0.0028237598,0.051077146,0,3.121027,1.4384737,1.0393078,940.13185,17.66146
1949.3333,135.97353,77.586778,7.5173836e-07,0.020294843,0.32244922,0,2.9219475,1.4370728,1.0111079,4.665349,6.5067925
1949.4167,132.79469,79.093896,7.8678477e-07,1.4920438,2.9025233,0.095384641,2.6902606,1.436083,0.96572584,45.967432,93.619472
1949.5,133.76121,83.425343,8.2020796e-07,4.4443504,7.362719,0.40673461,2.5380387,1.4374449,0.90935421,30.856007,68.123059
1949.5833,134.94171,85.510373,7.9541798e-07,3.1536345,5.0452684,0.31579874,2.4700823,1.4430921,0.84124362,16.055026,75.964703
1949.6667,137.90956,86.814836,7.5857378e-07,2.3976807,3.8381788,0.23678646,2.3759713,1.4554156,0.77480835,11.141993,84.210146
1949.75,139.55589,0,7.2911661e-07,0.86731825,0.088464477,0.0046062675,2.6385801,1.4753703,0.72212505,0,38.682143
1949.8333,139.342,0,6.8511014e-07,0.036312574,0,0,3.2245853,1.4946531,0.67999601,0,37.345452
1949.9167,139.14089,0,6.3214071e-07,1.0253278e-19,0,0,3.8607719,1.5118484,0.64259648,0,42.345115
1950,139.3358,0,9.4793876e-07,0.0026490206,0,0,4.3875456,1.5269734,0.60877639,0,37.236872
1950.0833,139.08575,0,9.709803e-07,4.4022326e-06,0,0,4.5693498,1.5393821,0.57971638,0,36.582855
1950.1667,138.82552,0,9.8464443e-07,0.006750699,0,0,4.4274383,1.5488598,0.5534901,0,36.737552
1950.25,138.57487,2.7024599,9.9864155e-07,0.023957165,0,0,4.3193631,1.5571728,0.52955216,986.28169,38.478202
1950.3333,138.6251,81.82814,1.0314166e-06,0.2070584,0.7869987,0,4.1974802,1.5669454,0.50262398,17.040381,59.472079
1950.4167,139.90811,84.132679,1.0464545e-06,2.2942308,4.0636025,0.11108433,3.9059002,1.5858594,0.46864262,37.089983,90.538242
1950.5,143.84086,87.884285,1.0535472e-06,4.8323218,7.6955209,0.33867993,3.8051121,1.6183296,0.43384874,39.852349,110.17001
1950.5833,148.46627,90.599909,7.7677612e-07,3.5668314,5.6110152,0.27504564,3.9057469,1.6803774,0.40316144,20.597072,95.587454
1950.6667,151.2419,15.247828,7.4790893e-07,3.1678956,0.95972727,0.048273616,4.2264977,1.7788422,0.3840082,1.8008574,49.475273
1950.75,150.88794,0,7.3540826e-07,1.3769478,0,0,4.7816887,1.8793085,0.37395275,0,38.08356
1950.8333,150.46212,0,7.3397956e-07,0.097903778,0,0,5.6253681,1.9693474,0.36573428,0,38.026193
1950.9167,150.01474,0,7.5136046e-07,0.0012787811,0,0,6.7307653,2.0499854,0.35876092,0,41.220355
1951,149.67507,0,7.733093e-07,1.6025333e-09,0,0,7.7582879,2.1214447,0.35266274,0,38.037597
1951.0833,148.98852,0,8.0540252e-07,0.0010612256,0,0,8.5479593,2.1750209,0.34729573,0,37.906067
1951.1667,148.2596,0,8.2158436e-07,0.0024910272,0,0,9.0280676,2.2172294,0.34237242,0,37.943807
1951.25,147.50853,0,8.3599548e-07,0.034801094,0,0,8.9500113,2.2514126,0.33774537,0,37.811465
1951.3333,146.369,43.296099,8.6531372e-07,0.39748477,0.75958437,0,8.9881659,2.2638779,0.33191907,961.15406,20.848024
1951.4167,146.26449,85.730955,8.7455845e-07,3.8303236,6.4981124,0.16142008,9.0193033,2.2539878,0.31676576,74.994135,88.619129
1951.5,147.69746,89.739442,7.5993535e-07,4.3341387,6.9150382,0.24661368,9.6542444,2.2476377,0.29953879,33.476584,77.716906
1951.5833,151.07614,92.211664,6.9144295e-07,3.2274705,5.1970128,0.2006734,10.848675,2.243387,0.29124394,21.04177,95.704002
1951.6667,154.43702,24.876351,6.5426042e-07,3.1606094,1.4329244,0.052744762,11.912406,2.2546501,0.29598838,4.8992348,58.534223
1951.75,154.26692,0,6.1759027e-07,0.52866932,0,0,12.940404,2.2708893,0.30273256,0,39.627796
1951.8333,153.8825,0,6.2319361e-07,0.018998432,0,0,14.152399,2.2853584,0.30868167,0,39.460292
1951.9167,153.50063,0,5.8728301e-07,0.00032310978,0,0,15.575089,2.298207,0.31405476,0,42.420342
1952,153.29701,0,5.7674544e-07,6.9057052e-11,0,0,17.341299,2.3094342,0.31898466,0,39.241404
1952.0833,152.77015,0,5.7603216e-07,0.00069865623,0,0,19.01263,2.3173413,0.32320717,0,39.124418
1952.1667,152.18702,0,5.7244671e-07,0.0036270417,0,0,20.606125,2.3220005,0.32700971,0,39.091073
1952.25,151.61772,39.388608,5.7485715e-07,0.0081056919,0.050551582,0,22.225595,2.3212657,0.33099863,1026.4701,33.238156
1952.3333,148.69434,84.674701,5.8722247e-07,0.020489244,0.33927074,0,23.389223,2.3016379,0.33534071,6.6535956,4.6265955
1952.4167,145.23259,85.823067,6.042934e-07,0.82835552,1.9085847,0.018646119,23.147985,2.288981,0.33066195,38.302991,89.597645
1952.5,146.0724,90.084717,5.8256444e-07,4.6069457,7.7804202,0.23126876,22.187574,2.2803187,0.31593665,34.528275,76.812357
1952.5833,148.39202,92.478253,5.3549735e-07,3.1797806,5.3219722,0.1966191,22.598608,2.294812,0.30044395,19.639621,78.697151
1952.6667,151.38267,40.587038,5.0451757e-07,2.9204148,2.1389251,0.076557695,23.79528,2.3568373,0.29500479,6.8830721,69.900688
1952.75,151.74939,0,4.8932668e-07,1.0534609,0,0,25.333172,2.4351737,0.29652146,0,38.747059
1952.8333,151.35244,0,5.0985591e-07,0.12088336,0,0,28.303446,2.5055456,0.29822853,0,38.587001
1952.9167,150.96164,0,5.215262e-07,0.00098276949,0,0,31.693157,2.5686448,0.29977232,0,40.287124
1953,150.61164,0,3.4258429e-07,5.309063e-20,0,0,35.395512,2.6255896,0.30118713,0,38.493754
1953.0833,149.63228,0,3.5935355e-07,-1.9359572e-06,0,0,38.86697,2.6716478,0.30234393,0,38.320812
1953.1667,148.50937,0,3.7612313e-07,-2.8737064e-05,0,0,42.560497,2.7060862,0.30332774,0,38.112505
1953.25,147.48167,2.8430454,3.912445e-07,0.1232175,0,0,45.790974,2.7295067,0.30420622,1037.5945,47.540394
1953.3333,149.27682,85.856825,3.9676766e-07,1.5558085,3.2486271,0.047455999,48.713303,2.7524607,0.30370608,18.755676,85.327764
1953.4167,154.56025,88.328518,3.6765175e-07,4.15398,7.7700648,0.2242057,54.939632,2.7813482,0.30015051,31.761872,134.757
1953.5,164.99306,90.978317,3.04819e-07,4.111969,7.5902023,0.28600211,64.478027,2.8426218,0.30249897,26.20143,214.31404
1953.5833,182.81466,92.597105,2.6698399e-07,2.8466773,5.2019346,0.19934826,73.405739,2.9983881,0.32771152,11.55316,301.84559
1953.6667,201.61676,31.090517,2.4617324e-07,2.6818832,1.6501474,0.062399674,80.875847,3.286078,0.3952364,3.8187752,171.5784
1953.75,202.70623,0,2.4079358e-07,0.87017492,0,0,89.48288,3.6017506,0.47838351,0,50.323802
1953.8333,201.82437,0,2.5668032e-07,0.0010325112,0,0,97.694122,3.8848841,0.55386084,0,49.985786
1953.9167,200.33938,0,2.7290406e-07,-9.5232123e-11,0,0,105.62785,4.1344757,0.62202901,0,51.019718
1954,198.88248,0,4.5521577e-07,3.4395104e-08,0,0,113.4073,4.3522387,0.6845392,0,49.537867
1954.0833,197.44591,0,4.6433627e-07,-4.0914924e-07,0,0,121.99931,4.5252638,0.73831129,0,49.304201
1954.1667,195.5685,0,4.7250219e-07,-0.00011223628,0,0,130.49567,4.6674008,0.78693485,0,48.827414
1954.25,195.48067,40.521428,4.9218738e-07,-0.0017678147,-0.00047072048,0,138.70244,4.7908874,0.83540326,821.95125,67.048569
1954.3333,194.4215,72.111703,5.1489263e-07,0.86197202,2.0623092,0.034191175,148.74222,4.9744992,0.9228605,175.05456,246.05342
1954.4167,259.54241,84.016949,4.7947844e-07,3.6281809,7.9289155,0.26988198,143.53328,5.267714,1.0825218,39.046845,1111.3436
1954.5,365.08855,86.388931,4.024003e-07,3.1126585,6.6482806,0.30148227,138.09923,5.7681823,1.3444556,18.97002,1888.9258
1954.5833,545.40098,87.336555,3.4438335e-07,2.5701452,5.4751025,0.25370385,126.59092,6.6315646,1.7687274,8.2313695,1909.5602
1954.6667,614.78072,70.185363,3.2406754e-07,1.7523832,3.0765647,0.14749869,132.31729,7.9551969,2.3995509,3.7263601,506.17281
1954.75,616.93776,0,3.1191044e-07,0.83452907,0,0,141.23082,9.5720825,3.1793253,0,0.012410295
1954.8333,602.32788,0,3.2657516e-07,0.032452787,0,0,143.52637,11.030081,3.9068801,0,0.01303421
1954.9167,586.65985,0,3.3568739e-07,1.0448353e-19,0,0,139.89873,12.097366,4.5910745,0,0.011470191
1955,558.94411,0,3.3698882e-07,0.00064711958,0,0,145.83784,13.024572,5.2583389,0,0.011453656
1955.0833,516.56717,0,3.4338851e-07,0.00025840526,0,0,154.76434,13.905477,5.893455,0,0.5041971
1955.1667,470.21991,0,3.5224474e-07,0.002064526,0,0,163.64748,14.791746,6.5612559,0,0.0092457819
1955.25,426.77096,0.099681572,3.6484306e-07,0.0043270675,4.7283291e-05,0,173.21378,15.593615,7.2008047,7.2117678,57.542694
1955.3333,389.71314,0.62222482,3.824824e-07,0.27461063,0.0071388207,0.0018075139,175.14662,16.273754,7.756393,0.35920896,0.013022843
1955.4167,352.82522,1.5461277,3.9506639e-07,3.9352127,0.30510531,0.19233306,177.74173,16.81189,8.2123766,26.667452,1.0606746
1955.5,321.04722,5.4701311,3.7336034e-07,3.734458,0.8505857,0.28241927,187.87025,17.215,8.5890188,71.940263,4.3957881
1955.5833,296.99382,11.663587,3.4506004e-07,2.8727365,1.0875525,0.25205564,200.15166,17.589018,9.0045071,58.107434,68.738325
1955.6667,278.28431,1.359489,3.4073443e-07,2.0257518,0.16262317,0.02870607,209.24811,18.028692,9.5626678,4.9595928,18.887067
1955.75,255.77888,0,3.3964562e-07,0.46070112,0,0,215.45995,18.466942,10.139872,0,0.053025134
1955.8333,234.28312,0,3.7021985e-07,0.00010528898,0,0,221.76498,18.852873,10.663693,0,0.038016508
1955.9167,214.05482,0,3.8759555e-07,4.3730426e-05,0,0,230.12498,19.191359,11.137949,0,0.0020265674
1956,194.74955,0,4.0107849e-07,1.3540769e-05,0,0,238.97769,19.489285,11.57408,0,2.1473873e-06
1956.0833,177.57785,0,4.1965777e-07,3.009924e-05,0,0,245.42665,19.730484,11.950027,0,2.1444416e-06
1956.1667,161.71467,0,4.4711248e-07,0,0,0,250.23389,19.929567,12.289871,0,2.1414998e-06
1956.25,147.98239,0.10271715,5.0463041e-07,-6.7496141e-05,2.1301465e-07,0,231.65726,20.09379,12.608555,2.2044297,28.513797
1956.3333,112.37808,0.22099784,6.8658193e-07,-0.000135216,2.579903e-06,0,125.01004,20.155144,12.963566,6.6794669e-05,0
1956.4167,42.111248,0.25399477,1.0349365e-06,0.01975981,0.00047651874,0,109.59835,20.056717,13.414105,0.027796873,0
1956.5,29.616823,0.6555196,1.1919129e-06,1.4451229,0.12817098,0.36685935,114.833,19.75415,13.831647,12.127137,0.16946111
1956.5833,20.036025,2.4313487,1.139059e-06,1.1414651,0.31825344,0.39856061,120.74208,19.208221,14.189885,31.560472,0.15477807
1956.6667,16.531622,3.9834962,1.0802958e-06,0.8726403,0.40284677,0.24643354,121.59061,18.469475,14.493278,39.871998,3.9119964
1956.75,16.18785,0,1.0824942e-06,0.075081819,0,0,119.78725,17.639141,14.751098,0,8.7699117e-05
1956.8333,15.486118,0,1.1862702e-06,0.00017541067,0,0,123.84184,16.879303,14.968497,0,8.7574733e-05
1956.9167,14.635446,0,1.5079125e-06,6.7705857e-21,0,0,148.43704,16.20071,15.157334,0,0.00021222942
1957,13.655956,0,1.8760368e-06,0.00015359474,0,0,170.84453,15.584194,15.323916,0,9.0175563e-05
1957.0833,12.662449,0,2.0911684e-06,1.0896688e-05,0,0,177.83197,15.057406,15.46174,0,9.0048995e-05
1957.1667,11.659988,0,2.9611274e-06,0,0,0,193.34503,14.5827,15.580957,0,8.9875286e-05
1957.25,10.775998,1.160634,3.4551967e-06,0,0.0028988839,0,189.33513,14.138062,15.690163,47.466575,3.7149265
1957.3333,9.3419794,3.8523602,5.6921394e-06,8.7680458e-08,0.019035436,0,95.875847,13.647564,15.905103,2.0494583,0
1957.4167,6.846664,4.5072865,1.0354038e-05,0.39351328,0.36664203,0.082476045,55.440144,12.959324,16.007902,43.148907,0.043740329
1957.5,6.0689184,11.720092,1.0556913e-05,1.3915144,1.5956517,0.466127,41.616325,12.151398,15.828918,71.793598,18.09938
1957.5833,9.4295377,13.623795,7.7610612e-06,1.4061584,1.4446423,0.45786747,30.684055,11.296582,15.245262,4.0919821,68.95895
1957.6667,14.507875,11.064316,5.5578544e-06,0.8653245,0.78393752,0.26521288,24.118904,10.486763,14.468204,1.5170352,80.597476
1957.75,16.516263,0,4.7141552e-06,0.26879789,0,0,20.176489,9.7165737,13.640408,0,3.1137829
1957.8333,16.373478,0,4.6136552e-06,0.015131011,0,0,17.215427,9.0163555,12.861762,0,3.1510094
1957.9167,16.213384,0,5.0295916e-06,8.3471829e-05,0,0,16.056799,8.3867645,12.140101,0,3.7347066
1958,16.079275,0,4.7814897e-06,0.00015509372,0,0,14.134248,7.8087773,11.455994,0,3.1532315
1958.0833,15.8813,0,5.1406982e-06,0.00056881749,0,0,12.247693,7.3104358,10.847119,0,3.1354122
1958.1667,15.655732,0,5.6313083e-06,0.0003407948,0,0,9.8297682,6.8579555,10.276724,0,3.1191419
1958.25,15.34286,0,5.6587151e-06,0.0004211745,0,0,6.8809147,6.4311461,9.7185574,0,3.0809377
1958.3333,16.821509,11.767856,5.4788607e-06,0.0072159083,0.10171844,0,4.7868671,6.0343013,9.1794128,148.17788,61.173627
1958.4167,20.676142,13.122828,5.1242287e-06,0.9703357,1.0097485,0.14995053,3.7302501,5.6270204,8.675807,14.598893,73.838151
1958.5,26.788084,14.430873,4.5135453e-06,2.2021205,1.912404,0.53819231,3.6754365,5.2433372,8.1907578,8.4285203,80.975346
1958.5833,33.540677,14.936381,3.579994e-06,1.8288959,1.5127779,0.44894131,4.2030778,4.9055734,7.7232141,3.6700125,87.577523
1958.6667,40.352244,11.19763,2.9584519e-06,1.1024793,0.75448716,0.22974826,4.7373519,4.6299973,7.2967381,2.5161025,72.140567
1958.75,42.252395,0,2.5102092e-06,0.084608736,0,0,5.3130937,4.3978424,6.9058561,0,11.080437
1958.8333,42.163935,0,2.30108e-06,0.0021576911,0,0,5.9076524,4.1867075,6.5477662,0,11.034963
1958.9167,42.076752,0,2.2559191e-06,1.9786947e-05,0,0,6.0794616,3.9966836,6.2200575,0,13.359223
1959,42.156782,0,2.1237408e-06,0,0,0,5.7469354,3.8227131,5.9137959,0,10.871942
1959.0833,42.014312,0,2.0358145e-06,3.9570274e-05,0,0,5.3139954,3.672987,5.6432848,0,10.560164
1959.1667,41.835401,0,2.0448631e-06,0,0,0,4.6910686,3.5378511,5.3891392,0,9.5293998
1959.25,41.500781,7.4314978,2.1723513e-06,1.7702014e-09,0.011853497,0,3.9404507,3.4139528,5.138433,135.39418,5.8729048
1959.3333,39.733291,11.293065,2.6986024e-06,0.0052326323,0.082528055,0,3.1455622,3.3014693,4.8883567,1.6308686,3.2662901
1959.4167,35.340462,12.618226,3.7208808e-06,0.89453513,0.77588511,0.080569868,2.9958444,3.1879411,4.6236887,57.165058,21.115117
1959.5,33.515017,17.555511,3.7812683e-06,2.3779409,2.031668,0.39639002,3.6416111,3.0640357,4.3562274,27.359352,75.008266
1959.5833,34.893535,19.235915,3.0570284e-06,2.210518,1.8210084,0.40310618,5.0149384,2.9444888,4.1033187,10.763382,41.832172
1959.6667,36.663391,8.6125778,2.5455063e-06,1.5783818,0.67049061,0.13960799,6.6781602,2.8429804,3.8890946,3.568295,22.504239
1959.75,36.7737,0,2.2130871e-06,0.28411958,0,0,8.6010189,2.7534633,3.6967781,0,9.3960277
1959.8333,36.675148,0,1.7859402e-06,0.0020072416,0,0,10.638527,2.6725607,3.5219424,0,9.3345335
1959.9167,36.576908,0,1.7158495e-06,1.3387028e-06,0,0,12.681108,2.5995903,3.3638258,0,12.498192
1960,36.701884,0,1.6617538e-06,1.0496043e-06,0,0,13.639288,2.531415,3.2183952,0,9.1556678
1960.0833,36.544353,0,1.6368869e-06,9.1720303e-06,0,0,13.124677,2.4721758,3.0928917,0,9.06356
1960.1667,36.367614,0,1.6032731e-06,0,0,0,12.409556,2.4186633,2.9791219,0,8.8706553
1960.25,36.153108,10.665218,1.5948355e-06,-8.3657362e-05,0.0092835787,0,11.614209,2.3692043,2.8728271,204.66313,7.4618243
1960.3333,35.05547,17.548075,1.6809839e-06,0.086260352,0.1795786,0,10.896394,2.3239989,2.7694881,14.991334,4.7158757
1960.4167,33.986621,19.697897,1.7326272e-06,2.0571109,1.7397002,0.20474212,9.685257,2.276732,2.6462572,32.851354,42.779029
1960.5,35.10296,21.67386,1.5636298e-06,3.4016466,2.5470876,0.5431027,7.8080478,2.2581675,2.4961271,10.234029,33.646561
1960.5833,37.085939,22.343354,1.2862511e-06,2.9774368,2.2115748,0.4831017,6.904942,2.2335565,2.3478725,4.548998,41.219347
1960.6667,39.489578,7.5514163,1.2027913e-06,1.9079803,0.65173838,0.12642695,6.1798625,2.2020922,2.2248182,1.1995273,23.831367
1960.75,39.568558,0,1.1987692e-06,0.2476123,0,0,6.0838943,2.1608243,2.1150243,0,9.6217929
1960.8333,39.425515,0,1.2080731e-06,0.0010383538,0,0,6.5516214,2.1233149,2.0159335,0,9.6015306
1960.9167,39.287105,0,1.184557e-06,0.0047988913,0,0,6.3894882,2.0894439,1.9268811,0,12.986581
1961,39.352592,0,1.1814362e-06,0.0027307685,0,0,6.0590205,2.0583644,1.8454818,0,9.5451569
1961.0833,39.078716,0,1.1932148e-06,0,0,0,5.6162586,2.03163,1.7754614,0,9.9855754
1961.1667,38.724411,0,1.2702117e-06,-1.465664e-06,0,0,4.9900689,2.0074351,1.7118336,0,9.3517244
1961.25,38.354229,6.5670963,1.3894207e-06,0.0003533642,0.012800902,0,4.0834022,1.9875029,1.651945,239.55273,8.6881894
1961.3333,37.964065,20.199193,1.7363815e-06,0.52346475,0.49566677,0.021262383,2.8242452,2.0046296,1.6020702,21.064392,18.195257
1961.4167,38.71683,23.020914,2.2063498e-06,4.3938619,2.8428296,0.35042493,2.4000793,1.9906689,1.5572165,25.381048,33.400675
1961.5,40.146716,24.329117,2.2183644e-06,4.7320026,2.5206404,0.37560306,2.2738266,1.9685085,1.5193342,10.411998,36.392656
1961.5833,42.571571,25.190219,1.9995878e-06,4.369284,2.0665723,0.33968697,2.0176752,1.9734323,1.4678922,7.7280747,40.282492
1961.6667,45.222901,22.487506,1.838658e-06,2.874658,1.1764398,0.20100623,2.0830107,1.9653615,1.4124773,6.5702277,38.38966
1961.75,46.186443,0,1.6489997e-06,0.51180536,0,0,2.1483715,1.9479622,1.3639348,0,12.455639
1961.8333,46.117261,0,1.5361632e-06,0.01418474,0,0,2.0862548,1.9262499,1.3188081,0,12.353114
1961.9167,46.054166,0,1.5135246e-06,9.9941703e-07,0,0,1.9702921,1.906252,1.2776923,0,16.408931
1962,46.308029,0,1.5371944e-06,0.0032053723,0,0,1.8198532,1.8876055,1.2399521,0,12.356365
1962.0833,46.228651,0,1.5929753e-06,0.035331221,0,0,1.6554155,1.8714156,1.2073846,0,12.32615
1962.1667,46.146527,0,1.6890987e-06,0.029667221,0,0,1.5199968,1.8566226,1.1777489,0,12.270654
1962.25,46.148956,12.481816,1.8015631e-06,0.0021427722,4.7638063e-06,0,1.5459001,1.8451594,1.1489332,303.86142,12.872926
1962.3333,46.304148,25.720624,1.7994716e-06,1.7286319,0.80221229,0.032501641,1.5695276,1.8479829,1.1156114,24.191248,29.336427
1962.4167,48.561841,27.961448,1.6924249e-06,6.9230141,2.6850357,0.20790782,1.6701132,1.8358216,1.0802534,11.057204,38.322633
1962.5,50.435945,28.817143,1.6204956e-06,7.3271859,2.6508756,0.27732,1.9104624,1.8133426,1.053491,7.2144978,35.887486
1962.5833,52.856397,29.604957,1.4968798e-06,5.8179565,2.0985035,0.24020079,2.2067983,1.7954639,1.0327713,6.894574,48.881966
1962.6667,55.561941,15.083977,1.3353397e-06,3.560421,0.80776041,0.090977504,2.5554202,1.7828122,1.0206404,3.0595714,33.430477
1962.75,55.766582,0,1.2163089e-06,0.98370771,0,0,2.859879,1.7753841,1.0151449,0,13.676783
1962.8333,55.574421,0,1.103992e-06,0.00056863944,0,0,2.9572515,1.769107,1.0135319,0,13.654487
1962.9167,55.281572,0,1.0630642e-06,1.6957948e-08,0,0,2.9898977,1.7634205,1.0155364,0,17.560838
1963,55.127397,0,1.0810423e-06,0.008180786,0,0,2.9656017,1.7580382,1.0192606,0,13.565794
1963.0833,54.719556,0,1.0990598e-06,-7.6796091e-06,0,0,2.9232149,1.7532159,1.0225724,0,13.458613
1963.1667,54.220002,0,1.1216972e-06,-0.00025266006,0,0,2.8346894,1.7486728,1.0259544,0,13.364068
1963.25,53.852603,18.134985,1.1593598e-06,-0.00041054324,-9.1407279e-05,0,2.6445453,1.7443382,1.0293361,332.11814,14.669984
1963.3333,52.648343,27.561804,1.2225331e-06,0.31975001,0.19868598,0.0009997584,2.3178709,1.7451679,1.0304863,8.6156988,4.8385695
1963.4167,52.005783,30.043241,1.2811479e-06,5.9584772,2.5502392,0.20358384,2.2248664,1.7360874,1.025171,29.480529,40.000663
1963.5,52.337185,31.25323,1.2751974e-06,6.2848067,2.4875843,0.30590002,2.800123,1.7230886,1.0164413,6.57463,28.466741
1963.5833,53.402264,31.912204,1.152628e-06,4.7356188,1.8549691,0.24560856,3.7506404,1.7131103,1.0091604,4.5118507,29.14895
1963.6667,54.604448,15.087944,1.0044515e-06,3.8696177,0.90350319,0.11901988,5.0353904,1.7080501,1.004715,1.8544209,21.982824
1963.75,54.673232,0,8.7200101e-07,0.67428318,0,0,6.7163615,1.7025311,1.0043557,0,14.525965
1963.8333,54.566521,0,7.8224184e-07,3.5990611e-06,0,0,8.9363508,1.6973082,1.0047714,0,14.508042
1963.9167,54.252405,0,7.566606e-07,-9.4476229e-09,0,0,11.591173,1.6925578,1.0054377,0,18.686706
1964,54.133676,0,5.8326339e-07,0,0,0,14.201312,1.6880082,1.0086539,0,14.410118
1964.0833,53.571805,0,6.0677297e-07,-7.9238791e-06,0,0,16.863302,1.6854416,1.0173748,0,14.279159
1964.1667,52.993558,0,6.3641409e-07,-0.00018308254,0,0,19.133036,1.6849755,1.0359068,0,14.12948
1964.25,52.531723,17.699111,6.5455833e-07,0,-0.00027372788,0,20.996559,1.6855382,1.0592589,359.08908,14.707127
1964.3333,51.86826,29.526442,6.7011968e-07,0.0072644478,0.0060011408,0,22.184557,1.6862346,1.0768079,0.21130113,5.5114843
1964.4167,51.579315,30.373495,6.6173146e-07,3.5692324,2.0323257,0.080213306,22.106226,1.6838138,1.0885593,16.882435,29.833033
1964.5,52.965201,31.315766,6.1487344e-07,5.8522857,3.1103772,0.20754826,22.281683,1.6799092,1.0989606,1.7427116,29.436109
1964.5833,54.49421,31.575177,3.7422186e-07,4.716033,2.500137,0.18508548,23.333103,1.6790447,1.1107221,0.38800075,35.017455
1964.6667,56.433991,23.282826,3.1636307e-07,3.01616,1.290412,0.10125361,23.900423,1.6825508,1.1249244,0.12095019,35.566009
1964.75,56.912597,0,2.7438787e-07,1.34431,0,0,24.509024,1.6890479,1.145076,0,13.789671
1964.8333,56.608874,0,2.6930212e-07,0.00082130672,0,0,27.252138,1.6951305,1.165211,0,13.771097
1964.9167,56.026943,0,3.1226023e-07,0,0,0,32.260624,1.7002069,1.1833392,0,18.186945
1965,55.768378,0,3.498715e-07,0,0,0,38.690784,1.7042497,1.1998762,0,13.517252
1965.0833,55.129569,0,3.7945998e-07,-8.6886973e-08,0,0,45.632397,1.7069525,1.2139961,0,13.3921
1965.1667,54.528985,0,4.1199689e-07,-0.00016061729,0,0,53.234417,1.7079428,1.2265924,0,13.274606
1965.25,53.94955,0,4.3851273e-07,0,0,0,61.533749,1.7082778,1.2382829,0,13.159941
1965.3333,54.604281,28.24568,4.6484334e-07,-3.1923487e-05,-0.00051029471,0,69.646339,1.7098422,1.2475611,332.52854,30.463659
1965.4167,55.314027,28.456939,4.9523089e-07,1.8021359,1.4306161,0.058971712,76.546974,1.723292,1.2630889,6.937563,83.773462
1965.5,61.835799,29.287083,4.0170181e-07,4.2795883,3.0506703,0.23890684,84.442741,1.7588848,1.2965413,5.5983324,122.41763
1965.5833,73.583692,29.849444,3.1401817e-07,3.1218322,2.2211641,0.20959917,94.509933,1.8349359,1.3645666,3.8120577,205.7876
1965.6667,92.8443,26.208876,2.820112e-07,2.0281321,1.313415,0.14524888,103.52545,1.984481,1.5015095,1.796532,255.18494
1965.75,100.48611,0,2.7593731e-07,0.26012668,0,0,113.83326,2.2088246,1.7452508,0,18.616087
1965.8333,99.506311,0,2.9630277e-07,0.027891796,0,0,125.8708,2.4212475,1.9938574,0,18.387427
1965.9167,98.421626,0,3.0943553e-07,3.9459213e-19,0,0,138.8658,2.6130788,2.2181039,0,24.418744
1966,97.1497,0,3.322418e-07,0,0,0,152.36844,2.7892058,2.4232283,0,17.125259
1966.0833,95.103316,0,3.5597802e-07,-2.3089569e-07,0,0,166.10452,2.9393725,2.5989766,0,16.46665
1966.1667,92.764169,0,3.8023242e-07,0,0,0,179.23016,3.072366,2.7573843,0,15.451348
1966.25,90.636358,7.1166935,4.0857987e-07,-8.6116145e-05,0,0,192.24268,3.1975443,2.9045575,185.54747,24.610341
1966.3333,87.383069,15.211095,4.4569816e-07,-4.5762522e-06,-1.8252812e-07,0,206.16982,3.3941627,3.0810697,0,0.01822697
1966.4167,83.711259,16.57179,5.0766909e-07,0.81639566,0.7468232,0.050597702,223.23941,3.7259853,3.3061657,95.471488,36.829953
1966.5,109.62529,25.384972,4.7952562e-07,3.0956625,2.8803965,0.35573045,222.94778,4.2115426,3.4965975,45.679381,575.86629
1966.5833,155.72882,27.470414,3.7629621e-07,2.6380639,2.500785,0.35204926,211.78946,4.9904733,3.718174,9.215603,570.46368
1966.6667,184.57976,7.4387663,3.2457157e-07,1.8290393,0.64712048,0.087359106,208.73296,6.1044536,4.0500913,1.8062152,146.61023
1966.75,181.92787,0,3.1672039e-07,0.46143697,0,0,214.56783,7.2429409,4.3935561,0,1.0453169
1966.8333,177.5578,0,3.2637044e-07,0.01203167,0,0,219.49895,8.2709503,4.7035394,0,0.93575099
1966.9167,170.82134,0,3.4126714e-07,0.00034944641,0,0,225.99034,9.1977253,4.9843144,0,0.90767416
1967,160.21478,0,3.5779016e-07,0.0011601842,0,0,235.2097,10.043918,5.2449322,0,0.89179048
1967.0833,148.09977,0,3.7669869e-07,-3.5582001e-05,0,0,245.31445,10.765609,5.4728394,0,0.88884581
1967.1667,135.29067,0,4.0898883e-07,-0.00036904065,0,0,252.33879,11.405869,5.6809053,0,0.83632662
1967.25,122.85866,0.35389233,4.5000141e-07,-2.8567645e-05,-8.1801343e-06,0,250.8857,11.985996,5.8746448,25.820015,8.752355
1967.3333,112.48084,2.1625981,4.9773212e-07,0.13263236,0.020829551,0,239.23859,12.484741,6.0445094,1.4045383,0.00064599569
1967.4167,102.6248,3.5449096,5.2986115e-07,2.3461911,0.45783179,0.31562963,245.76602,12.878397,6.1196618,35.593423,3.3828343
1967.5,89.329801,6.4788633,4.9298291e-07,2.6349447,0.78462242,0.50809332,263.48541,13.201622,6.0631232,35.39208,28.728155
1967.5833,71.546704,9.5919268,4.610292e-07,2.2571258,0.93566634,0.46368529,289.21475,13.571484,5.8977132,31.909864,97.888737
1967.6667,66.810973,2.9373807,4.3255704e-07,1.6301048,0.28266251,0.11565876,300.98621,14.110188,5.7047181,7.203441,47.059729
1967.75,64.988159,0,4.2697667e-07,0.34980976,0,0,306.5629,14.674696,5.5186048,0,2.2525373
1967.8333,62.519617,0,4.5945532e-07,0.001931525,0,0,310.63977,15.178345,5.3489156,0,2.2459981
1967.9167,59.365638,0,5.0840003e-07,-1.5920715e-12,0,0,315.16891,15.616737,5.1940007,0,2.3665709
1968,55.618245,0,7.6382025e-07,-3.4418489e-08,0,0,320.29102,15.996054,5.0492921,0,1.9276965
1968.0833,51.72256,0,8.0466583e-07,-2.2399153e-06,0,0,323.19077,16.297995,4.9216132,0,5.5753028
1968.1667,48.053537,0,8.4538675e-07,0,0,0,322.89758,16.543106,4.8019185,0,1.6685525
1968.25,44.382159,1.0282448,9.0245288e-07,0,-1.5643984e-08,0,321.79254,16.747293,4.689136,28.871002,8.555711
1968.3333,40.380903,2.3628292,1.0645955e-06,0.0056278836,0.0017010701,0,317.96341,16.853268,4.6107583,0.034576542,0
1968.4167,36.070481,2.8471632,1.2074445e-06,0.82153016,0.25519436,0.15200082,318.6308,16.715656,4.5205536,25.314665,10.927458
1968.5,33.310302,6.684741,1.1590707e-06,1.7421718,0.89644362,0.59853434,312.29773,16.295923,4.4134712,61.741963,46.626392
1968.5833,33.483919,10.867051,1.0130486e-06,1.2970692,0.96635296,0.50326872,304.36606,15.611327,4.3750739,18.708058,99.041626
1968.6667,37.907522,5.3114584,9.2964638e-07,0.8257065,0.42622511,0.19756153,293.57413,14.775547,4.4769073,1.3168995,57.774456
1968.75,37.906747,0,9.2887677e-07,0.066459003,0,0,288.84882,13.941098,4.617981,0,2.7442468
1968.8333,37.225135,0,9.6486485e-07,0.0027172715,0,0,284.70218,13.184676,4.7431607,0,2.6747565
1968.9167,36.49969,0,1.0064841e-06,5.9940117e-06,0,0,281.2587,12.506022,4.8560905,0,4.2029504
1969,35.589073,0,7.5968461e-07,3.5921684e-05,0,0,280.11188,11.886546,4.9586177,0,1.8143068
1969.0833,34.208395,0,7.9924365e-07,3.0513532e-06,0,0,279.04053,11.355866,5.0460339,0,1.7991248
1969.1667,32.56388,0,8.6331391e-07,-0.000133913,0,0,272.1994,10.881291,5.1284781,0,1.4821322
1969.25,32.265216,3.446877,1.0029889e-06,-0.00022895421,-1.5779634e-05,0,212.13022,10.412047,5.2266822,52.445438,34.216566
1969.3333,27.618587,4.6625617,2.0427633e-06,0.19294114,0.25892894,0.076303109,114.29804,9.8224792,5.7912879,25.468176,8.8979296
1969.4167,27.397579,8.6699259,2.5072966e-06,0.83029294,1.3540974,0.6458216,109.81926,9.1661234,6.5660357,42.374469,76.820802
1969.5,36.715828,10.182042,2.2891122e-06,0.74759419,1.3157876,0.67129982,104.6087,8.5767794,7.0585728,2.8883737,137.54751
1969.5833,46.66866,8.4364889,1.94526e-06,0.54750121,0.83580055,0.43977254,99.858101,8.0720158,7.2876773,2.0748462,102.79769
1969.6667,49.431305,0,1.8227652e-06,0.46275346,0,0,98.715691,7.6612644,7.4765539,0,4.9557258
1969.75,48.544385,0,1.7746349e-06,0.17883785,0,0,97.320274,7.2966938,7.6711335,0,4.3944244
1969.8333,47.400638,0,1.4379391e-06,0.001617869,0,0,94.235504,6.9671359,7.8369007,0,4.795198
1969.9167,45.71325,0,1.4210434e-06,0,0,0,90.372841,6.6717119,7.9842134,0,7.4310776
1970,43.831866,0,1.598941e-06,0,0,0,86.240952,6.4051657,8.1725492,0,4.4177363
1970.0833,41.745383,0,1.7821656e-06,-2.6225913e-08,0,0,81.962914,6.1726332,8.50177,0,4.7697456
1970.1667,39.622918,0,2.1058045e-06,-1.8018467e-06,0,0,84.130119,5.9552932,8.8483896,0,3.8060579
1970.25,37.387576,0.48391166,2.5959505e-06,-1.2384186e-05,-1.5105482e-06,0,90.712456,5.7438965,9.1587048,58.820919,6.1048618
1970.3333,35.688449,4.9905009,2.9746104e-06,0.064493382,0.10421959,0.023436997,87.303703,5.5144324,9.2482805,12.186126,5.6011977
1970.4167,35.083745,7.7026417,3.4018237e-06,0.72180887,1.2282635,0.50151916,82.546715,5.2946515,9.0049362,34.215747,43.023392
1970.5,37.784677,9.6956631,3.6696597e-06,0.69776673,1.2625353,0.62980924,74.357323,5.0986681,8.6063652,16.793865,60.784462
1970.5833,41.970763,11.06683,3.0571816e-06,0.58345359,1.1689457,0.55565522,70.429916,4.918334,8.188508,13.603881,73.440331
1970.6667,45.028448,1.951473,2.7243937e-06,0.34223351,0.23146795,0.096224507,69.201363,4.7510538,7.83529,1.0589539,21.665019
1970.75,44.659466,0,2.3007615e-06,0.016369128,0,0,68.003685,4.5922656,7.4975314,0,7.2854448
1970.8333,44.164397,0,2.0319344e-06,0.0019215087,0,0,65.978203,4.4494734,7.1730866,0,7.171739
1970.9167,43.350551,0,2.0498296e-06,-2.4081939e-09,0,0,63.384922,4.3217082,6.8274269,0,12.059851
1971,42.42472,0,1.8316716e-06,-1.265864e-07,0,0,59.170128,4.2076573,6.2591858,0,6.579403
1971.0833,40.967185,0,1.8912224e-06,-6.1752039e-06,0,0,54.186119,4.1069918,5.7055573,0,5.9983287
1971.1667,39.499853,0,1.9949007e-06,-2.1581309e-05,0,0,47.790367,4.0139852,5.2047696,0,5.8893499
1971.25,38.069807,4.7548516,2.5128395e-06,-9.7439878e-05,-1.0947377e-08,0,26.367601,3.9220836,4.7356267,78.521047,4.1770647
1971.3333,35.143316,6.5651229,3.2354678e-06,0.0014030484,0.0057776989,0,17.673609,3.8222411,4.3096924,0.064097085,0.047426754
1971.4167,30.075599,8.6071221,3.9326728e-06,0.32176198,1.0185322,0.30617679,14.849647,3.7099519,3.966243,57.284015,38.381365
1971.5,29.037273,12.675823,5.2116825e-06,0.47864073,1.5925071,0.64472124,12.571934,3.576376,3.7618549,23.357649,42.932585
1971.5833,28.803334,13.997864,4.8507959e-06,0.38407266,1.3226335,0.53376043,11.524729,3.4514992,3.6375554,7.9575827,27.760227
1971.6667,30.478749,6.761428,4.3982691e-06,0.27259684,0.55578042,0.20908681,10.686021,3.3497217,3.5451062,2.7044251,16.991278
1971.75,30.645614,0,4.2533961e-06,0.040213349,0,0,10.303363,3.2700515,3.4361706,0,8.2391789
1971.8333,30.601103,0,4.3262444e-06,0.0022212839,0,0,9.808548,3.199553,3.3266563,0,8.2274674
1971.9167,30.572472,0,4.3596883e-06,0.00013219671,0,0,8.8948107,3.1360421,3.2203393,0,14.435856
1972,31.037303,0,4.4145518e-06,1.641464e-20,0,0,8.3478479,3.0778883,3.1150873,0,8.2944287
1972.0833,30.989641,0,4.3834757e-06,1.8885748e-06,0,0,7.7286077,3.0279274,3.0172522,0,8.2803933
1972.1667,30.92234,0,4.3024402e-06,-2.2996993e-05,0,0,6.8605185,2.9828591,2.9169838,0,8.170664
1972.25,30.722739,4.003624,4.3928203e-06,-8.3315987e-06,0,0,5.7553539,2.9452441,2.7451835,132.63276,5.6840059
1972.3333,30.299436,11.122975,4.7202825e-06,0.013518511,0.083335594,0,4.2786169,2.9528558,2.5653894,5.2790987,2.1341908
1972.4167,30.643137,14.451482,5.4213629e-06,0.45809493,1.6551706,0.39384406,3.2080035,2.9372277,2.4315825,60.691512,58.689298
1972.5,34.388062,17.133459,6.7033429e-06,0.67844134,2.1288709,0.79583454,3.5967987,2.8831317,2.3301067,8.8895652,37.212322
1972.5833,37.013602,17.999196,5.6256804e-06,0.62979942,1.8678072,0.68755282,4.436523,2.8220599,2.2519619,7.8215463,40.214572
1972.6667,39.586749,13.04404,4.8210827e-06,0.39885329,0.97248108,0.34639147,5.3025532,2.7669578,2.210927,4.564574,33.271337
1972.75,40.211976,0,4.1361177e-06,0.13071003,0,0,6.090713,2.7185428,2.1844621,0,10.816439
1972.8333,40.153682,0,3.7303453e-06,0.0025437418,0,0,6.574718,2.6790016,2.1582153,0,10.796106
1972.9167,40.107563,0,3.2684518e-06,2.321438e-05,0,0,6.4779143,2.6450918,2.1308134,0,15.336321
1973,40.415008,0,3.4037014e-06,4.1262729e-06,0,0,6.0013571,2.6139386,2.1018829,0,10.853875
1973.0833,40.355757,0,3.3635763e-06,8.0418453e-05,0,0,5.4528213,2.5870886,2.0733559,0,10.809738
1973.1667,40.293697,0,3.3039096e-06,0.00066254809,0,0,4.7089009,2.5627737,2.0442452,0,10.744284
1973.25,40.228136,0.98865433,3.3978963e-06,0.0029454945,0.00076111914,0,3.9094827,2.5399821,2.014087,180.33706,10.487608
1973.3333,39.987788,15.250805,3.7023767e-06,0.028121297,0.15502305,0,3.1351702,2.5160158,1.9845729,12.828633,4.0403486
1973.4167,40.937521,18.989112,4.1670005e-06,0.67494766,2.0547338,0.38650616,2.8389869,2.4859991,1.9572613,59.977365,63.494824
1973.5,44.69648,21.692989,4.0661807e-06,1.0680924,3.0458968,0.94488587,3.6562853,2.4516518,1.9345206,9.3742984,38.402541
1973.5833,47.436424,22.668719,3.2518096e-06,0.83069329,2.195996,0.74569982,4.9280825,2.420815,1.9170859,9.3650325,43.207555
1973.6667,50.393313,21.216832,2.7444792e-06,0.64573112,1.6756825,0.55102055,6.2654777,2.3968115,1.9062792,8.3336649,43.606506
1973.75,51.568802,0,2.3969189e-06,0.090612372,0,0,7.212544,2.378433,1.8986204,0,13.863604
1973.8333,51.492739,0,2.2741667e-06,0.0026083099,0,0,7.0696177,2.3622096,1.8913631,0,13.834615
1973.9167,51.434781,0,2.2414006e-06,1.0913929e-07,0,0,6.7093492,2.3472607,1.8841509,0,20.956408
1974,51.942926,0,2.2262755e-06,7.3660766e-20,0,0,6.1174955,2.3337059,1.8768302,0,13.894466
1974.0833,51.863071,0,2.1709329e-06,2.972819e-05,0,0,5.3742199,2.322156,1.86981,0,13.870806
1974.1667,51.782362,0,2.208207e-06,0.00048569485,0,0,4.3527031,2.3114698,1.8627534,0,13.838986
1974.25,51.657997,7.9607507,2.6013636e-06,0.0017035055,0.024168503,0,2.953197,2.3023188,1.8552668,242.30588,9.3659568
1974.3333,50.721206,20.563936,3.3048661e-06,0.011229535,0.17727366,0,2.3869748,2.3021772,1.8453679,13.481476,3.2481079
1974.4167,50.441086,24.374526,3.5205862e-06,0.85123123,2.4038218,0.42658693,2.1011424,2.2912807,1.8269492,76.40042,91.831151
1974.5,55.897173,28.745875,3.4879072e-06,1.4003447,3.567104,1.0624765,1.9901702,2.2622046,1.8012966,18.717109,57.317914
1974.5833,59.756014,30.445583,3.019346e-06,1.3797011,3.1411798,0.9958331,2.1579659,2.2351298,1.7751976,16.532194,59.252974
1974.6667,63.589782,31.957578,2.5274085e-06,1.0155845,2.2795227,0.71785575,2.3634112,2.2141962,1.7522225,14.459145,59.275844
1974.75,65.723784,3.1653198,2.2042957e-06,0.22033819,0.2099392,0.054257597,2.3903956,2.2042949,1.7321944,1.2513385,21.954846
1974.8333,65.627232,0,2.1132901e-06,9.6683583e-06,0,0,2.3058918,2.2038841,1.7143085,0,17.385083
1974.9167,65.396965,0,2.125196e-06,8.3120821e-22,0,0,2.1516159,2.2015502,1.6963019,0,26.588409
1975,65.734476,0,2.248521e-06,0,0,0,1.9609925,2.1932132,1.666527,0,17.25509
1975.0833,65.320455,0,2.4777585e-06,-3.649839e-07,0,0,1.842549,2.1819654,1.6172601,0,16.997122
1975.1667,64.894088,0,2.624834e-06,-1.9958657e-06,0,0,1.8311884,2.17102,1.5537254,0,16.736006
1975.25,64.819023,21.758333,2.6312277e-06,-2.1484997e-07,-0.00022619432,0,1.8471888,2.1578934,1.4764575,378.66829,19.266757
1975.3333,63.694872,31.245055,2.6698171e-06,0.013259152,0.048716512,0,1.8764801,2.1378098,1.3915036,0.32113033,0.43707955
1975.4167,64.815886,33.216227,2.6403818e-06,1.6107713,3.7798547,0.5230623,1.9681336,2.1158483,1.3169963,37.64674,76.828596
1975.5,67.738302,35.636179,2.670243e-06,2.1953764,4.5694518,1.0123137,2.2231092,2.0958729,1.267707,19.318048,54.517928
1975.5833,70.433222,37.31769,2.198095e-06,1.8594718,3.8758627,0.85600383,2.7199671,2.0802429,1.2302895,14.764873,62.226031
1975.6667,72.984621,15.324825,1.8310387e-06,1.1340192,1.2543394,0.25941209,3.4101789,2.0705147,1.2040647,5.1730842,37.229107
1975.75,73.146209,0,1.6210087e-06,0.19230127,0,0,3.9177246,2.0646513,1.1816031,0,19.672337
1975.8333,73.019549,0,1.4872019e-06,2.297839e-06,0,0,3.8045218,2.0590918,1.1608657,0,19.627435
1975.9167,72.693989,0,1.4542156e-06,0,0,0,3.5270646,2.0493164,1.1383648,0,31.266981
1976,73.229484,0,1.2683394e-06,0,0,0,3.1448269,2.0340319,1.1066741,0,19.670373
1976.0833,72.820514,0,1.3478212e-06,-1.23259e-06,0,0,2.6801534,2.0181975,1.0716387,0,19.564705
1976.1667,72.415069,0,1.5229517e-06,-4.8839089e-05,0,0,2.2569499,2.0021772,1.0339119,0,19.454229
1976.25,72.003163,21.534204,1.7464242e-06,-7.6995772e-05,-1.4628162e-05,0,2.1182268,1.9853235,0.99601984,436.59622,14.837724
1976.3333,70.953004,36.216684,1.9300396e-06,0.26364217,0.74540169,0.040882771,2.2173696,1.9629116,0.96352142,21.28218,31.720859
1976.4167,74.715503,39.536428,1.789562e-06,2.2066035,5.0938461,0.56775168,2.4656496,1.9442408,0.93505371,29.526318,63.881258
1976.5,77.556886,41.402794,1.6236679e-06,2.404665,4.9080671,0.78930324,3.1679997,1.9312936,0.91343194,14.840843,57.153847
1976.5833,80.89187,42.663265,1.2352508e-06,2.01493,3.9719588,0.6526831,4.2558241,1.9229366,0.90158844,10.227561,60.554664
1976.6667,84.014028,43.567874,9.9773979e-07,1.4099899,2.7974197,0.46207808,5.6091757,1.9201404,0.90116662,5.7721586,56.092721
1976.75,85.79503,7.0887059,8.9288699e-07,0.45919071,0.37477532,0.056767376,6.8553715,1.9219158,0.91051513,0.73325377,28.830932
1976.8333,85.585758,0,8.0027007e-07,1.4177779e-05,0,0,7.3415303,1.9236773,0.92200291,0,22.592408
1976.9167,85.115984,0,8.2404227e-07,0,0,0,7.0990262,1.9212834,0.93322563,0,30.492358
1977,85.230291,0,8.766271e-07,0,0,0,6.7390304,1.9137845,0.94470334,0,22.541597
1977.0833,84.712677,0,9.0011457e-07,-3.6649431e-06,0,0,6.3552585,1.9038315,0.95558804,0,22.317054
1977.1667,84.19551,0,9.1788127e-07,-1.2190141e-05,0,0,5.8480883,1.893208,0.96595716,0,22.194496
1977.25,83.665572,0,9.4679081e-07,-9.690031e-05,0,0,5.1744761,1.8829406,0.97567868,0,22.067608
1977.3333,83.163239,39.014887,1.0385847e-06,0.092530406,0.26363127,0.0093032843,4.2995777,1.8710916,0.98538214,481.28125,21.673858
1977.4167,85.1833,42.921264,1.2094303e-06,2.5583336,5.6686858,0.47871029,3.7053602,1.8606594,0.99516529,33.071986,63.709672
1977.5,87.616548,44.805627,1.3621711e-06,2.9024552,5.3803267,0.71973094,4.1998324,1.8570827,1.0038886,14.568984,61.173781
1977.5833,90.72838,45.938045,1.130341e-06,2.5774368,4.5077162,0.61173519,5.3606706,1.8597817,1.0168159,8.2405147,66.97524
1977.6667,94.24758,35.742454,9.3593115e-07,1.7591732,2.6353302,0.3463914,6.886888,1.8698632,1.0343461,4.1860532,61.113238
1977.75,95.248364,0,8.3711228e-07,0.46237276,0,0,8.4186029,1.8847711,1.0576488,0,25.167058
1977.8333,94.902664,0,7.647148e-07,0,0,0,9.734704,1.8984803,1.0809532,0,24.95115
1977.9167,94.297484,0,8.0413656e-07,-3.4125362e-11,0,0,10.332973,1.9087304,1.1028529,0,33.554122
1978,94.377026,0,1.0823605e-06,-1.8879654e-06,0,0,9.9464111,1.9156257,1.1239901,0,24.826073
1978.0833,93.770683,0,1.0966661e-06,-2.4161392e-05,0,0,9.4619045,1.9196318,1.1430317,0,24.685376
1978.1667,93.171246,0,1.0990212e-06,-4.5739322e-08,0,0,8.8321552,1.9216913,1.1609609,0,24.55107
1978.25,92.680022,17.0085,1.1306714e-06,-9.8445471e-05,-5.3838743e-08,0,8.1740847,1.9220858,1.1778151,517.50656,25.214981
1978.3333,91.593295,42.771198,1.2097717e-06,0.35235663,0.81849684,0.028506381,7.4012332,1.9198048,1.1875077,21.907974,35.217006
1978.4167,94.810411,45.895714,1.2337429e-06,2.6501088,5.2514629,0.38975627,6.5517602,1.9183329,1.1909608,24.890241,65.396052
1978.5,97.240567,47.680181,1.1998139e-06,2.8507806,5.4513565,0.58601359,6.3853436,1.9193964,1.1887134,16.728389,61.783977
1978.5833,100.09115,49.012724,9.2881891e-07,2.3663692,4.516349,0.50377788,6.7636013,1.9239846,1.184599,9.2268874,62.012038
1978.6667,103.15137,49.727261,8.2677087e-07,1.6106383,3.1002883,0.34505549,7.9558301,1.9321284,1.1847632,4.8359554,65.027054
1978.75,105.16686,6.4598578,8.4743527e-07,0.30631189,0.35420431,0.036113238,10.549409,1.9435135,1.1915604,0.63745346,33.916454
1978.8333,104.99313,0,9.0872607e-07,0.015962138,0,0,14.371799,1.9547808,1.202407,0,27.632379
1978.9167,104.80922,0,9.1982884e-07,0.00028998041,0,0,18.595398,1.9648856,1.2123039,0,38.025826
1979,105.4128,0,9.1662463e-07,8.359075e-05,0,0,23.315813,1.9740853,1.2214242,0,27.496046
1979.0833,105.11261,0,9.2390411e-07,0,0,0,28.475906,1.9815195,1.2293131,0,27.076185
1979.1667,104.79164,0,9.3219762e-07,0.0058522271,0,0,34.093151,1.9874781,1.236488,0,26.746947
1979.25,104.50727,6.4556594,9.3412137e-07,0.0074644712,0.015581455,0,40.049881,1.9929272,1.243175,471.02688,29.369018
1979.3333,103.16357,40.08159,9.4743035e-07,0.075443661,0.39286656,0,45.839745,1.9925003,1.2445287,45.092132,2.2230106
1979.4167,102.09814,47.738932,9.6600024e-07,1.9234976,3.8904431,0.21125544,52.280159,1.9852225,1.2386562,84.939761,69.591792
1979.5,102.99979,51.163167,9.2177532e-07,3.0067034,5.7628306,0.50191045,62.478302,1.9783453,1.2256148,23.388584,53.589483
1979.5833,103.82438,52.607257,8.3545439e-07,2.1606437,4.0538963,0.42055677,75.977226,1.9741459,1.2099519,9.3137986,59.049162
1979.6667,105.48493,37.393432,8.0455447e-07,1.7008258,2.5164797,0.23784685,87.904648,1.9734728,1.1988505,5.9489823,53.23241
1979.75,105.95959,0,7.6354587e-07,0.87731775,0,0,98.443695,1.9751486,1.1898082,0,27.913821
1979.8333,105.74771,0,7.7733404e-07,0.052467779,0,0,107.52629,1.9764516,1.1809958,0,27.783263
1979.9167,105.53668,0,7.9929293e-07,3.3848933e-05,0,0,116.78645,1.9771912,1.1728563,0,35.834012
1980,105.92796,0,8.0858933e-07,5.9895243e-05,0,0,126.08389,1.9774032,1.165203,0,27.805415
1980.0833,105.65244,0,8.0890226e-07,0.00091503732,0,0,134.83842,1.9767392,1.158375,0,27.680674
1980.1667,105.36965,0,8.128315e-07,0.0015778126,0,0,143.88947,1.9756759,1.1520371,0,27.605204
1980.25,105.07123,0,8.2346838e-07,0.0023862387,0,0,146.77924,1.97425,1.1459498,0,27.289293
1980.3333,104.76175,6.8890513,8.3749916e-07,0.056832259,0.10210366,0,142.09853,1.9725009,1.1402853,366.62389,25.277733
1980.4167,103.25318,41.815206,8.5247001e-07,1.5159164,2.897558,0.13035686,136.49889,1.9668097,1.1349164,247.41984,36.127573
1980.5,103.97387,53.177185,7.8711543e-07,3.0475615,5.8914617,0.44024518,132.19675,1.960592,1.1239822,28.30303,49.58569
1980.5833,105.62989,54.876342,6.9681454e-07,2.5421617,4.9659114,0.44186026,132.84589,1.9572787,1.1067264,10.918129,58.929288
1980.6667,107.47918,12.942793,6.4824246e-07,1.89051,1.049891,0.087013523,134.16479,1.9572572,1.0903527,1.7196608,37.612887
1980.75,107.37719,0,6.2393786e-07,0.54370667,0,0,134.15105,1.9582435,1.0749469,0,28.466769
1980.8333,107.17685,0,6.5384393e-07,0.0099188288,0,0,135.12839,1.9589639,1.060835,0,28.388796
1980.9167,106.98102,0,6.7890886e-07,0.0002863952,0,0,137.07545,1.9594443,1.0479904,0,35.866107
1981,107.38983,0,6.8806798e-07,0.0011177018,0,0,138.58606,1.959713,1.0365306,0,29.031253
1981.0833,107.16689,0,6.8643459e-07,0.0016926395,0,0,139.45045,1.9597676,1.0289977,0,27.995231
1981.1667,106.89304,0,6.8745186e-07,0.0028338486,0,0,139.0397,1.9596303,1.022501,0,27.930711
1981.25,106.65106,4.6819188,7.173806e-07,0.0031693947,0.0037578849,0,113.40016,1.9582102,1.0165942,427.00719,30.653203
1981.3333,104.59335,36.279991,8.1143958e-07,0.047866915,0.37558998,0,47.007576,1.9499087,1.0096529,43.638581,0.2000932
1981.4167,102.50584,52.277032,8.0894625e-07,2.3925771,6.2678652,0.37570704,50.194729,1.9355652,0.99629641,199.84854,67.430515
1981.5,104.52178,56.664821,7.1977342e-07,2.2858807,5.8493604,0.5749366,58.154495,1.9236473,0.97754323,16.677667,59.389934
1981.5833,107.75653,38.940027,6.6548404e-07,2.1845205,3.8709422,0.38582787,68.300674,1.9176612,0.96360737,4.2430588,62.656091
1981.6667,108.60004,0,6.2107432e-07,1.7561492,0,0,76.047951,1.9163616,0.95825255,0,28.466673
1981.75,108.37407,0,6.042178e-07,0.24507768,0,0,81.843399,1.9153143,0.95372802,0,28.307865
1981.8333,108.13452,0,6.2788456e-07,1.8438993e-05,0,0,87.603882,1.9141273,0.94952303,0,28.156104
1981.9167,107.9058,0,6.1428983e-07,2.1324735e-20,0,0,94.012634,1.9128309,0.94561297,0,33.615309
1982,108.11019,0,6.1025543e-07,0.0001116097,0,0,100.61687,1.9114296,0.94191265,0,28.112425
1982.0833,107.86864,0,6.1532876e-07,0.0007080759,0,0,106.54774,1.9100405,0.93862152,0,28.058927
1982.1667,107.62087,0,6.2081784e-07,0.0010540656,0,0,111.62491,1.9085892,0.93550438,0,27.971435
1982.25,107.75474,11.414165,6.3567228e-07,0.0022035789,0.015925758,0,112.23286,1.9068433,0.93234724,462.53207,39.555682
1982.3333,105.7879,38.155846,6.6764017e-07,0.015189709,0.13751174,0,114.16229,1.9022466,0.93066978,0.12480051,0.41526472
1982.4167,99.421255,45.677014,6.9860545e-07,1.2729167,3.9415989,0.23401886,115.49855,1.8917073,0.92762834,214.93363,51.586993
1982.5,100.71317,57.289846,6.6827181e-07,2.3099112,7.0282626,0.71667068,117.56657,1.8789073,0.92476678,22.199009,55.002651
1982.5833,103.68489,58.625475,6.389435e-07,1.7343876,5.2492712,0.58591337,124.16106,1.8731941,0.93405253,8.8791763,70.075881
1982.6667,107.36903,35.543595,6.3835279e-07,1.2102183,2.3435112,0.25127129,131.04936,1.876877,0.96722829,3.1557841,58.760558
1982.75,107.85312,0,6.4944493e-07,0.21822498,0,0,135.88768,1.8864285,1.0158241,0,27.239249
1982.8333,107.52884,0,6.9086036e-07,0.00026695897,0,0,137.47203,1.8952967,1.0606284,0,27.194255
1982.9167,107.21773,0,6.9532683e-07,0.00011521014,0,0,136.80849,1.9031686,1.1007539,0,33.326488
1983,107.36576,0,7.0003e-07,2.1964546e-05,0,0,136.09288,1.9100717,1.1372143,0,27.254242
1983.0833,106.99551,0,7.0887415e-07,0.0008180589,0,0,133.93343,1.9154692,1.1682478,0,27.180442
1983.1667,106.60711,0,7.2283751e-07,0.00049008131,0,0,130.31502,1.9196731,1.1959254,0,27.114793
1983.25,107.075,23.205994,7.9074442e-07,0.0035708153,0.091496746,0,79.953979,1.9226948,1.2212304,652.14117,46.963481
1983.3333,107.09318,53.964987,9.156002e-07,0.05358245,0.48740589,0.00067406008,37.471069,1.9263797,1.2502114,7.6425352,26.276874
1983.4167,110.22325,56.727521,1.0268438e-06,1.7486906,7.1765131,0.46706843,28.94754,1.930378,1.2911518,40.851945,95.711901
1983.5,113.82978,59.034679,1.0659585e-06,1.9369526,6.9956905,0.68584746,30.515837,1.9369888,1.3514045,22.989692,85.389952
1983.5833,119.31331,60.588464,9.9757153e-07,1.3174636,4.7181774,0.47098563,28.628729,1.9525474,1.4519984,11.17434,109.36126
1983.6667,123.86971,10.195009,9.6059568e-07,1.1895736,0.85649135,0.076545752,26.325272,1.9786378,1.6086918,1.5496684,49.866847
1983.75,123.58286,0,9.5637029e-07,0.24432865,0,0,24.045961,2.0065031,1.7764705,0,31.14307
1983.8333,123.16538,0,1.097413e-06,0.00044486597,0,0,23.352951,2.0322356,1.9277959,0,31.091168
1983.9167,122.72792,0,1.212905e-06,0.00081690265,0,0,24.069267,2.0558941,2.0639052,0,36.599013
1984,122.598,0,1.1921226e-06,5.1369894e-05,0,0,22.700008,2.0776813,2.1882863,0,28.829924
1984.0833,121.8908,0,1.16891e-06,1.5219416e-07,0,0,21.151918,2.0963087,2.2948549,0,28.56193
1984.1667,121.19862,0,1.150454e-06,3.8310627e-05,0,0,19.353666,2.1132104,2.3906128,0,28.498383
1984.25,120.82572,6.2886244,1.1539856e-06,4.500347e-05,0.00012207651,0,16.940947,2.1288445,2.4796796,573.72798,54.986409
1984.3333,120.54378,48.43051,1.1950754e-06,0.043096311,0.40902515,0,10.831637,2.1422238,2.547328,44.646408,1.1710661
1984.4167,118.87861,57.122361,1.185796e-06,1.8613286,6.7342107,0.43826966,9.824563,2.1445718,2.5700927,102.4495,86.511232
1984.5,118.11343,60.544256,1.0408784e-06,2.1156227,6.916131,0.60280143,9.4425583,2.1397505,2.5375698,20.699563,63.818818
1984.5833,118.49826,59.966758,9.3561334e-07,1.5101731,4.9555867,0.4367106,9.6697721,2.1377606,2.4592698,14.834874,70.647683
1984.6667,118.93688,0,8.7077183e-07,1.7506627,0,0,10.880692,2.139807,2.3639874,0,30.881068
1984.75,118.5678,0,8.3556898e-07,0.39706559,0,0,12.858115,2.1421952,2.2746408,0,30.637273
1984.8333,118.20897,0,8.6174259e-07,0.0047164404,0,0,14.630285,2.1445065,2.1923785,0,30.542891
1984.9167,117.85315,0,8.8867591e-07,0.0002093057,0,0,16.610643,2.1467392,2.1164486,0,35.658098
1985,117.89075,0,8.8437127e-07,0.0020166611,0,0,18.64373,2.148906,2.0450177,0,30.475836
1985.0833,117.51285,0,8.7932017e-07,0.0066135485,0,0,20.414721,2.1508355,1.9818355,0,30.399993
1985.1667,117.13207,0,8.7328073e-07,0.0010104553,0,0,20.484962,2.1526084,1.9229393,0,30.214731
1985.25,116.69862,12.833632,8.8887862e-07,0.00018042976,0.00056983735,0,19.637337,2.1543455,1.8657001,585.27925,27.342613
1985.3333,113.13044,48.937209,9.3331175e-07,0.040538157,0.35303404,0,18.734697,2.1557834,1.7962487,37.048144,0.12753065
1985.4167,108.60787,57.940561,9.7375596e-07,1.4037215,4.9583613,0.23591983,17.8197,2.1468124,1.7045386,128.8543,70.550651
1985.5,109.90647,63.262008,8.9309896e-07,2.2446436,7.6661613,0.64104968,16.944706,2.1277761,1.6105331,23.85917,57.328711
1985.5833,112.312,64.851724,7.7012402e-07,1.6441643,5.5606176,0.50554563,17.52457,2.1120777,1.5320398,11.220805,62.853628
1985.6667,115.16089,39.275695,7.3639529e-07,1.2059203,2.3950011,0.22010185,18.551815,2.1014354,1.4794009,3.5279962,53.789864
1985.75,115.60623,0,7.1605717e-07,0.43604623,0,0,20.02367,2.0932789,1.4434797,0,30.835476
1985.8333,115.41293,0,7.1841038e-07,0.0058391642,0,0,21.800188,2.085885,1.4114574,0,30.789211
1985.9167,115.22952,0,7.37177e-07,0.00043910874,0,0,23.76926,2.0792031,1.3822702,0,35.221327
1986,115.39186,0,7.5669396e-07,5.6875567e-07,0,0,25.944691,2.0730643,1.3551356,0,30.785839
1986.0833,115.18829,0,7.7967951e-07,0.00067801392,0,0,28.073704,2.067781,1.3314075,0,30.711449
1986.1667,114.97559,0,8.0200914e-07,0.0019546905,0,0,30.070492,2.0630062,1.3094525,0,30.657265
1986.25,114.82652,10.957297,8.3171312e-07,0.0045130876,0.034722523,0,31.924358,2.0585122,1.2882779,667.26495,32.192505
1986.3333,113.69941,57.763919,9.7971429e-07,0.014090766,0.64128988,0,33.815346,2.0536997,1.2667037,56.103383,19.337409
1986.4167,114.09494,62.778406,1.0935621e-06,0.89384426,5.0541771,0.22378461,33.229214,2.0434861,1.2384144,68.814189,86.469302
1986.5,118.02085,66.637196,1.0252444e-06,1.474858,7.842716,0.69039829,35.15464,2.0291233,1.2170422,21.865016,80.563535
1986.5833,123.01008,68.146452,9.6761016e-07,1.0643475,5.6773696,0.53497639,37.250122,2.0179095,1.2202785,13.565906,97.57477
1986.6667,127.86889,59.846677,9.2499408e-07,0.63497559,3.1271115,0.29464641,38.224792,2.0115433,1.2767855,6.4464795,78.609137
1986.75,129.24172,0,9.0158409e-07,0.21022914,0,0,38.457058,2.0089059,1.3916639,0,32.393485
1986.8333,128.84179,0,9.3839168e-07,0.017998225,0,0,38.551807,2.0069222,1.5047135,0,32.322957
1986.9167,128.45358,0,9.7061036e-07,0.0014155295,0,0,38.5103,2.0050907,1.6071898,0,36.853187
1987,128.42734,0,9.8031592e-07,0.0002037068,0,0,37.95916,2.0033667,1.7016453,0,32.273054
1987.0833,128.03487,0,9.8146256e-07,0.00034499692,0,0,37.069519,2.0018439,1.7833184,0,32.28945
1987.1667,127.64896,0,9.9069348e-07,0.0016526409,0,0,35.8983,2.0005033,1.8574739,0,32.43669
1987.25,127.68181,8.0939475,1.0094986e-06,0.0038417146,0.035254039,0,34.341843,1.9993558,1.9270893,739.86879,70.440468
1987.3333,129.17845,61.655883,1.1391907e-06,0.050845587,0.60811512,0.00044579508,19.301075,2.0009124,1.9826093,17.956979,30.010176
1987.4167,131.02432,65.995879,1.2183625e-06,1.1158333,7.9446727,0.49630815,10.331947,2.0080431,2.0016854,65.301093,97.360917
1987.5,134.69867,69.069676,1.1452444e-06,1.1306457,7.8716919,0.78037271,10.655647,2.0186861,1.9966449,27.70616,95.847264
1987.5833,139.5863,71.100198,1.0812025e-06,0.9223439,6.4906779,0.64652851,11.203803,2.0472481,1.9850212,19.314357,109.64408
1987.6667,144.26619,28.861895,1.0405017e-06,0.85409565,1.9478821,0.18668284,11.75116,2.1026349,1.9886714,4.6111701,64.147476
1987.75,144.18085,0,9.8809051e-07,0.57537912,0,0,12.497256,2.1679807,2.0005157,0,34.776587
1987.8333,143.61398,0,9.666287e-07,0.0078759251,0,0,12.632678,2.2271073,2.0114408,0,34.612055
1987.9167,142.96046,0,9.8616999e-07,0.00066330109,0,0,12.678524,2.27982,2.0214505,0,39.087648
1988,142.49417,0,1.0114023e-06,0.0012985671,0,0,12.922249,2.3260622,2.0307662,0,34.502198
1988.0833,141.58735,0,1.0228542e-06,0.00053992881,0,0,13.287999,2.3626277,2.038821,0,34.451196
1988.1667,140.65148,0,1.0213796e-06,0.0014446448,0,0,13.560727,2.3919115,2.0460303,0,34.396426
1988.25,139.68232,0,1.0300981e-06,0.0087159947,0,0,13.68336,2.4153662,2.0525901,0,34.257845
1988.3333,139.06859,30.567329,1.0489309e-06,0.18522271,0.96618521,0.017326582,13.7398,2.4344933,2.057426,761.21967,41.83205
1988.4167,140.06828,67.619182,1.0321322e-06,1.2403582,8.4493286,0.50606654,14.046124,2.4468489,2.0439076,55.405891,78.791914
1988.5,140.70964,70.702486,9.1710797e-07,1.2928914,8.8426029,0.75668265,15.65286,2.4480464,1.9890596,27.93668,89.371061
1988.5833,143.07594,72.491325,8.4478688e-07,0.87719044,6.0946171,0.54346974,18.03833,2.4538317,1.8946105,14.775767,94.533026
1988.6667,146.90696,63.77206,8.1542123e-07,0.5970648,3.6513995,0.31011268,20.511337,2.4749243,1.7998277,9.7593017,89.344543
1988.75,148.28631,0,7.9739777e-07,0.19358785,0,0,23.26573,2.5056431,1.7199773,0,37.735086
1988.8333,147.86913,0,8.2399072e-07,1.1937445e-05,0,0,26.364695,2.5316353,1.6486698,0,37.679732
1988.9167,147.05375,0,8.1951691e-07,8.1145141e-09,0,0,29.634415,2.553442,1.581774,0,43.286899
1989,146.81748,0,8.5571219e-07,0.0012152674,0,0,33.193981,2.5698099,1.5157751,0,37.683083
1989.0833,145.96783,0,8.6810007e-07,2.4796306e-05,0,0,36.210003,2.5807183,1.45663,0,37.313181
1989.1667,145.28739,0,8.8003281e-07,0.0001307665,0,0,39.986065,2.5864217,1.4005671,0,37.212847
1989.25,144.89986,29.026542,8.896227e-07,0.00019659854,0.03932573,0,43.217434,2.5886345,1.3473154,814.87714,38.460212
1989.3333,142.6812,67.087382,9.2140351e-07,0.0084370756,0.45699012,0,46.304882,2.5868666,1.3013396,1.2204356,19.949893
1989.4167,141.03301,69.056578,9.5507744e-07,0.5424647,4.6408319,0.18429256,49.914257,2.5686345,1.2583992,56.02748,94.984107
1989.5,141.65631,73.281273,9.4591121e-07,0.85884032,6.9848967,0.53637104,56.993641,2.5299089,1.2145766,26.540348,67.999929
1989.5833,142.47386,75.284921,8.9220418e-07,0.77397025,6.3200555,0.54744507,65.124466,2.4859214,1.173288,20.87601,74.941288
1989.6667,145.10307,58.893908,8.6281932e-07,0.65968435,3.9117466,0.32052609,73.359711,2.4459035,1.1383913,12.211424,71.219121
1989.75,145.92654,0,8.376058e-07,0.3976183,0,0,80.526321,2.4113533,1.1132743,0,38.959161
1989.8333,145.66983,0,8.4625185e-07,0.00075884681,0,0,85.829956,2.3800259,1.0908895,0,38.85894
1989.9167,145.42109,0,8.7856461e-07,0.0011766822,0,0,90.923874,2.3515913,1.0690991,0,42.142424
1990,145.42751,0,8.979286e-07,1.8771627e-07,0,0,95.487335,2.3253405,1.0475031,0,38.680995
1990.0833,145.16234,0,9.1482315e-07,5.8158681e-05,0,0,99.015129,2.302413,1.0274303,0,38.571018
1990.1667,144.88886,0,9.2517121e-07,0.0015475045,0,0,98.892349,2.2810206,1.0078,0,38.398056
1990.25,144.63201,16.314369,9.3721917e-07,0.0021164105,0.056912734,0,94.727997,2.260751,0.98777801,744.71849,35.300061
1990.3333,142.2672,64.987965,9.9580882e-07,0.041183202,0.88606787,0,70.355995,2.2397685,0.96328336,109.51709,8.103897
1990.4167,142.43735,74.379049,1.0300528e-06,0.7781367,8.3386574,0.35461716,64.118073,2.2131596,0.93300933,66.817035,100.34724
1990.5,144.52633,77.96146,9.5347804e-07,0.83431957,8.8428491,0.61843086,68.535927,2.1889789,0.90182549,33.267913,76.819983
1990.5833,147.44544,80.369808,9.1765668e-07,0.65230202,6.9862363,0.5054011,73.864479,2.1701269,0.87896079,17.444939,88.006679
1990.6667,151.04206,35.179328,8.773909e-07,0.64209333,2.177081,0.15617495,74.899078,2.1580918,0.87807101,3.8577803,66.51061
1990.75,151.24929,0,8.4855191e-07,0.25582226,0,0,74.561836,2.1495588,0.89119172,0,40.177411
1990.8333,150.97319,0,8.5600618e-07,0.011235972,0,0,72.80439,2.1409187,0.90305406,0,40.062095
1990.9167,150.69762,0,8.8429795e-07,0.00017569694,0,0,70.902527,2.1323822,0.91317952,0,43.164294
1991,150.66569,0,9.1340928e-07,0.00027748385,0,0,68.35215,2.1242955,0.92187071,0,39.768306
1991.0833,150.3696,0,9.3656945e-07,0.00044684356,0,0,65.238007,2.1169381,0.92874527,0,39.660725
1991.1667,150.07064,0,9.5016401e-07,0.00068683766,0,0,62.034927,2.1099594,0.93437439,0,39.556413
1991.25,150.16316,24.328757,9.8854264e-07,0.0013196504,0.14400254,0,57.132816,2.1030486,0.93887264,745.50925,44.992428
1991.3333,147.75428,67.051694,1.1452727e-06,0.036111202,1.0517585,0,16.497715,2.0938072,0.93748003,139.90878,12.804193
1991.4167,146.46156,77.207789,1.1686243e-06,0.38441565,7.4103534,0.30883993,15.150032,2.080138,0.93037814,77.916243,110.06669
1991.5,149.35273,82.182154,1.0849519e-06,0.48393953,9.7809492,0.69278394,14.738065,2.0676517,0.92737383,42.711449,86.829106
1991.5833,152.92867,84.889494,1.0509791e-06,0.36421789,7.5141802,0.55222036,15.526875,2.0638494,0.94256252,20.751789,105.43712
1991.6667,158.30708,77.621654,1.0265825e-06,0.27898517,4.7895781,0.35423539,15.897588,2.0700321,0.9963057,9.95103,105.23574
1991.75,160.2163,0,9.8615169e-07,0.2064149,0,0,16.379572,2.0830336,1.0828989,0,40.985414
1991.8333,159.79683,0,9.9767033e-07,0.0024839797,0,0,16.525354,2.094939,1.1630249,0,40.691075
1991.9167,159.3484,0,9.6601548e-07,3.9102242e-06,0,0,16.509409,2.1054485,1.2354813,0,43.769575
1992,159.15598,0,9.5390874e-07,0.00043382329,0,0,16.328363,2.1146922,1.3020909,0,40.107569
1992.0833,158.65985,0,9.6125484e-07,0.0010258705,0,0,16.054077,2.1218469,1.3595519,0,40.060954
1992.1667,158.14613,0,9.7653162e-07,0.001904875,0,0,15.706459,2.1271803,1.4116553,0,39.986256
1992.25,160.26263,35.463393,9.8255737e-07,0.012203861,0.39227426,0,13.864139,2.1310825,1.4624596,929.92302,113.21099
1992.3333,162.20565,76.817937,9.860745e-07,0.059932216,1.2025029,0.004338542,12.620529,2.1348903,1.5211964,22.595814,64.178391
1992.4167,163.37718,80.726929,9.9410624e-07,0.47325671,9.9144014,0.45593642,11.638809,2.1339998,1.5662273,50.788884,76.887514
1992.5,164.59617,84.445827,9.9562828e-07,0.48638124,9.6000155,0.67708721,11.659504,2.1314468,1.5965252,36.155404,90.672653
1992.5833,167.78126,86.749911,9.8192197e-07,0.34628515,6.7340345,0.48285264,11.826011,2.1340065,1.6259114,16.716352,104.16181
1992.6667,171.84001,46.805937,9.8101691e-07,0.3156068,2.6913184,0.18236025,11.583201,2.144846,1.6733551,7.2579696,79.574474
1992.75,172.06323,0,9.8947794e-07,0.10838147,0,0,11.373242,2.1587081,1.7233921,0,42.744753
1992.8333,171.4672,0,1.0155593e-06,0.0019999243,0,0,10.934326,2.1710892,1.7675097,0,42.681892
1992.9167,170.8588,0,1.0276572e-06,2.7539059e-06,0,0,10.825606,2.1821029,1.8074276,0,47.414635
1993,170.55789,0,1.0419996e-06,0.0022939963,0,0,10.57565,2.1916785,1.8441855,0,42.606634
1993.0833,169.84688,0,1.0604579e-06,0.0012684187,0,0,10.143781,2.1988695,1.876004,0,42.49143
1993.1667,169.11875,0,1.0803091e-06,0.0014475719,0,0,9.7605228,2.2040343,1.9049987,0,42.379599
1993.25,169.12182,19.561678,1.0918037e-06,0.0038525339,0.12683013,0,8.6539841,2.207845,1.9327725,797.74619,68.03644
1993.3333,167.29066,70.073947,1.1094543e-06,0.049609539,1.1150056,0.0011395358,7.5549788,2.2120793,1.9560122,138.09821,11.939557
1993.4167,165.83531,81.482574,1.1106187e-06,0.55117457,10.292387,0.3725971,7.1781716,2.205759,1.9383886,78.078153,116.70415
1993.5,165.77643,85.75239,1.0459805e-06,0.5229521,9.6012869,0.54539423,7.5160747,2.194839,1.8704776,38.199149,91.275538
1993.5833,166.65158,88.135093,9.9258602e-07,0.3907147,7.2397205,0.39937876,8.1398516,2.186245,1.7649016,20.045851,105.51798
1993.6667,171.4132,62.621541,9.6954761e-07,0.37095466,3.7235237,0.20133385,8.763051,2.1848257,1.6471142,9.9778885,100.54403
1993.75,172.74109,0,9.3276964e-07,0.35763138,0,0,9.7599211,2.1886628,1.540042,0,45.628859
1993.8333,172.37988,0,9.3517349e-07,0.041877375,0,0,10.453417,2.1922328,1.4436622,0,45.498183
1993.9167,172.02012,0,9.563222e-07,7.9743617e-21,0,0,11.074406,2.1950562,1.3565629,0,51.244579
1994,172.10388,0,9.6873555e-07,4.4874999e-05,0,0,11.636701,2.1971834,1.2765534,0,44.915892
1994.0833,171.67093,0,9.8583325e-07,0.00084154968,0,0,12.070253,2.1985278,1.2076161,0,44.427373
1994.1667,171.19858,0,1.0075016e-06,0.00059446693,0,0,12.379817,2.1992061,1.1451944,0,43.942635
1994.25,170.67252,0,1.0273484e-06,0.0026424355,0,0,11.845128,2.1992567,1.0866772,0,43.551611
1994.3333,170.06038,28.365437,1.0499942e-06,0.045757131,0.61218019,0,11.065176,2.1999886,1.0336069,754.05408,32.269654
1994.4167,168.88183,80.96306,1.0676013e-06,0.50647079,8.0415433,0.24344831,10.601221,2.2022357,0.9841035,279.90162,85.417248
1994.5,171.0555,89.275464,1.0003034e-06,0.55072902,9.2176657,0.4953991,10.925456,2.1961069,0.93991113,45.242473,87.355385
1994.5833,173.94556,92.321634,9.9051624e-07,0.31521956,5.3574371,0.32275402,11.256484,2.1928961,0.90744686,26.562579,100.91784
1994.6667,177.71414,59.600167,9.6476242e-07,0.48269307,3.3975248,0.18159315,11.385316,2.1942894,0.89816529,14.691228,88.610411
1994.75,178.29224,0,9.2994105e-07,0.19732959,0,0,11.632272,2.1971087,0.9058699,0,46.187948
1994.8333,177.86053,0,9.4129501e-07,0.0047154036,0,0,11.375045,2.1991708,0.91372681,0,45.759093
1994.9167,177.43962,0,9.3120053e-07,5.2939815e-06,0,0,10.971622,2.2007182,0.92065054,0,50.588374
1995,177.37027,0,9.1583382e-07,2.5002967e-05,0,0,10.466746,2.2017953,0.92680991,0,45.607907
1995.0833,176.93062,0,9.1799882e-07,4.2893434e-05,0,0,9.9824953,2.2024195,0.93193829,0,45.393515
1995.1667,176.48505,0,9.2519679e-07,0.00010800214,0,0,9.3620253,2.2026856,0.93640339,0,45.685893
1995.25,176.70733,30.346261,9.350361e-07,0.00087222137,0.11009111,0,8.4797525,2.2034299,0.94038689,851.97725,55.20669
1995.3333,172.93818,71.724579,9.7761574e-07,0.024313911,0.6679636,0,5.711637,2.2063315,0.94185591,66.082869,0.53018864
1995.4167,167.2134,85.5501,1.016329e-06,0.41233803,7.5831369,0.2384866,4.9329534,2.1954215,0.93766493,172.97486,111.71291
1995.5,168.05105,91.65597,1.0097701e-06,0.50607701,9.6512266,0.51858625,4.8535542,2.1777787,0.93643498,45.723692,86.394474
1995.5833,169.63981,95.425896,9.8700662e-07,0.41268028,7.7094818,0.42780036,5.041553,2.1658266,0.9540599,35.31999,97.661215
1995.6667,173.42265,97.756803,9.8875046e-07,0.29016244,5.4990468,0.3082863,5.1938353,2.1628129,1.011059,22.177181,110.18787
1995.75,176.28093,12.728094,9.7116435e-07,0.1980744,0.60864822,0.034905509,5.2591629,2.1685627,1.1174226,1.6828814,56.285886
1995.8333,175.94731,0,9.8042733e-07,0.024911645,0,0,5.3192821,2.1751308,1.2255754,0,45.824071
1995.9167,175.40427,0,9.3939275e-07,9.4395419e-10,0,0,5.3650341,2.1808765,1.3231195,0,51.188497
1996,174.74413,0,9.5197674e-07,-2.3942101e-08,0,0,5.3192935,2.1860101,1.4126233,0,45.508816
1996.0833,173.7671,0,9.6280655e-07,2.6270941e-05,0,0,5.2711582,2.1902452,1.4896995,0,45.45759
1996.1667,173.26111,0,9.7954364e-07,0.0013329809,0,0,5.0670142,2.1931622,1.5594727,0,45.178674
1996.25,172.84472,0,1.0020681e-06,0.002207582,0,0,4.906951,2.1955113,1.6248727,0,45.08284
1996.3333,177.00592,79.513885,1.0093278e-06,0.13188714,2.8397287,0.005264103,4.6293578,2.1975584,1.6855881,1037.8328,121.94938
1996.4167,179.51231,90.439305,1.0189544e-06,0.58156778,9.8773569,0.27458387,4.5429869,2.1984181,1.7377273,53.535904,90.882249
1996.5,183.79366,94.739214,9.9310193e-07,0.63389849,9.919525,0.39912805,4.5803614,2.2036045,1.7853245,43.688042,110.21888
1996.5833,189.57581,97.404212,9.5498945e-07,0.47655183,7.3707919,0.28996488,5.0269508,2.2200379,1.8445979,23.36795,124.02352
1996.6667,195.6396,49.309902,9.2251321e-07,0.42963775,3.5562943,0.13453903,5.3802533,2.2519834,1.9282359,7.9524491,97.903351
1996.75,196.03318,0,9.186441e-07,0.18996968,0,0,5.5610924,2.2902091,2.0256338,0,49.242891
1996.8333,195.40724,0,9.4064035e-07,0.007947512,0,0,5.6426191,2.3247914,2.1144161,0,49.121907
1996.9167,194.78986,0,9.248381e-07,2.0794142e-10,0,0,5.6939273,2.3558447,2.19435,0,56.299947
1997,194.72598,0,9.2434999e-07,3.2490746e-06,0,0,5.6314526,2.3836472,2.2674246,0,49.779072
1997.0833,194.00769,0,9.2911989e-07,5.8010232e-07,0,0,5.5448475,2.4061627,2.3300352,0,48.836573
1997.1667,193.25618,0,9.2717534e-07,-1.74577e-06,0,0,5.3973894,2.4245465,2.3862984,0,48.708745
1997.25,194.82006,33.84481,9.2802776e-07,0.00061165431,0.044274752,0,5.1256437,2.4404986,2.4380362,883.37797,103.74853
1997.3333,193.51237,77.000685,9.5786572e-07,0.17765985,2.3742572,0.026076554,4.848681,2.4575248,2.4707146,183.85209,55.105604
1997.4167,194.98129,90.596907,9.561802e-07,0.81994804,11.1613,0.33516592,4.7247505,2.458034,2.465889,54.195509,96.415565
1997.5,197.07143,94.4383,8.8964566e-07,0.75860334,10.176797,0.39391359,4.956955,2.4530199,2.418993,37.900857,104.67728
1997.5833,198.71266,96.793965,8.4319225e-07,0.5413003,7.3023012,0.30350999,5.3678436,2.453114,2.3339198,20.992197,116.03251
1997.6667,201.66509,98.234564,8.3602339e-07,0.37493958,5.1122793,0.21428134,5.8576536,2.4622278,2.2365341,14.923318,122.08029
1997.75,204.52118,19.151729,8.0775874e-07,0.19492456,0.78038138,0.028882504,6.3444915,2.4799747,2.1546302,2.285021,67.333427
1997.8333,204.06295,0,8.3404723e-07,0.0062076564,0,0,6.7691956,2.4984412,2.0808496,0,51.984614
1997.9167,203.50727,0,8.5169597e-07,1.7198153e-21,0,0,7.238451,2.5149574,2.0141559,0,58.768023
1998,203.41976,0,8.592699e-07,1.9002378e-06,0,0,7.5860357,2.529856,1.9529411,0,51.526307
1998.0833,202.71441,0,8.6395136e-07,0.00014987623,0,0,7.8093004,2.5422277,1.9002831,0,51.340813
1998.1667,201.98466,0,8.7301294e-07,0.00048714861,0,0,7.5498033,2.5484688,1.8526446,0,51.1376
1998.25,201.37444,2.4135152,8.9143106e-07,0.00029653459,0,0,7.0899596,2.5501676,1.8079627,880.81896,102.67593
1998.3333,201.98378,73.095486,9.0410356e-07,-2.2040406e-05,0.4304231,0,6.5980802,2.5533295,1.7691088,32.484779,0.053471602
1998.4167,195.56408,84.859006,9.4375878e-07,0.41977523,5.8369988,0.090455067,5.9318156,2.5462961,1.7312168,214.84627,98.827338
1998.5,196.4756,94.737038,9.4557765e-07,0.84644627,10.775763,0.28478949,5.7735653,2.5229948,1.6903337,57.913163,138.64615
1998.5833,202.53409,99.884644,8.9652229e-07,0.64074119,6.1306572,0.17639228,5.6004481,2.4916728,1.6466078,40.813278,136.93608
1998.6667,208.03893,95.283426,8.7935507e-07,0.68463798,5.0843691,0.14490356,6.041738,2.4561608,1.6052728,17.411501,145.50234
1998.75,210.78646,0,8.4193044e-07,0.40529803,0,0,6.3207221,2.4268289,1.5988678,0,53.755485
1998.8333,210.17052,0,8.3364523e-07,0.061986451,0,0,6.2742224,2.4008899,1.6069458,0,53.646609
1998.9167,209.57743,0,8.388389e-07,0.00043832981,0,0,6.123611,2.3768888,1.6102281,0,59.674855
1999,209.4408,0,8.6393482e-07,1.1643771e-05,0,0,5.9171996,2.3542259,1.6089454,0,53.581668
1999.0833,208.75053,0,8.9695453e-07,5.4845651e-05,0,0,5.6348057,2.3342333,1.605271,0,53.436264
1999.1667,207.97195,0,9.1306578e-07,0.00065464379,0,0,5.3469305,2.315676,1.5996296,0,53.289007
1999.25,207.09242,0,9.2727578e-07,0.0020411154,0,0,4.9936738,2.2979498,1.5918561,0,52.808642
1999.3333,206.26904,49.721498,9.4235713e-07,0.029587041,0.72983219,0,4.4974394,2.2806487,1.5755734,919.90276,43.081586
1999.4167,201.71076,90.816103,9.6380143e-07,0.78912175,5.4435894,0.081158031,4.0354338,2.2587655,1.5346191,282.79411,114.50573
1999.5,209.78206,103.14764,8.7614075e-07,1.4951462,9.1883859,0.2602405,4.1092329,2.2361176,1.4900998,32.147477,183.14103
1999.5833,218.99387,104.96839,8.2139741e-07,1.2523505,7.2628563,0.25325309,4.5845442,2.229517,1.4622767,12.352446,186.55678
1999.6667,228.98716,98.941982,7.9153489e-07,0.84809292,4.778808,0.17141392,5.3551245,2.2532692,1.4785864,9.3562287,171.7189
1999.75,232.53086,0,7.8377246e-07,0.20753469,0,0,5.9479456,2.3010967,1.5853477,0,55.640409
1999.8333,231.57781,0,7.894173e-07,1.8157625e-06,0,0,6.430232,2.3472724,1.722403,0,55.460093
1999.9167,230.07178,0,7.4094896e-07,-2.1229964e-11,0,0,6.9014521,2.3888104,1.8424811,0,60.400765
2000,228.56411,0,7.4873344e-07,-1.1185047e-08,0,0,7.3264318,2.4257159,1.9517139,0,54.999013
2000.0833,226.72914,0,7.8372386e-07,-2.2081866e-07,0,0,7.4889932,2.4468257,2.0696723,0,54.2672
2000.1667,224.83657,0,7.9811338e-07,-5.0785432e-05,0,0,7.7453899,2.4528513,2.2067487,0,53.683872
2000.25,225.67251,54.310296,8.0029753e-07,-0.00015800024,-4.5049492e-05,0,7.4352636,2.4475048,2.3454716,1168.4266,114.07789
2000.3333,222.39503,95.722407,8.1861123e-07,0.011455235,0.29882498,0,7.2976756,2.4344978,2.4426551,0.7993842,6.0637656
2000.4167,219.99243,97.872846,8.3962607e-07,0.84403959,6.3941365,0.098510416,7.6159005,2.4133902,2.5132947,62.711277,171.08423
2000.5,231.70178,102.2892,7.9113033e-07,1.3734674,9.463131,0.21770597,9.1944714,2.3924241,2.5499651,26.902447,226.8159
2000.5833,244.61521,103.78082,7.3637608e-07,1.0644475,7.1306854,0.19868497,11.249671,2.3829191,2.5689776,10.582476,212.40327
2000.6667,254.02477,45.269214,6.9118681e-07,0.94720783,2.6129317,0.074445191,13.332261,2.3872643,2.5969555,3.8926872,118.24143
2000.75,253.47409,0,6.7676291e-07,0.18641433,0,0,14.759212,2.3860669,2.7220383,0,53.351128
2000.8333,251.66324,0,6.8438163e-07,0.0015915021,0,0,16.250439,2.3816588,2.8449697,0,53.26586
2000.9167,249.7541,0,6.9065618e-07,5.3062535e-08,0,0,17.979094,2.3774674,2.9480078,0,60.17888
2001,247.81595,0,4.3816371e-07,1.7944451e-05,0,0,19.784937,2.373244,3.0334949,0,53.262264
2001.0833,244.72408,0,4.3374996e-07,4.8257985e-05,0,0,21.470648,2.3689392,3.0979097,0,53.186159
2001.1667,241.16564,0,4.3998548e-07,0.00016292485,0,0,22.465355,2.3639257,3.146275,0,53.108299
2001.25,237.62748,31.328529,4.492716e-07,7.9356553e-05,0.079895939,0,23.213564,2.3571827,3.1713619,879.41971,56.528435
2001.3333,231.65071,72.935998,4.6027432e-07,0.00043609232,0.35268108,0,23.751179,2.3470113,3.1075556,21.763269,20.783086
2001.4167,217.83268,80.555789,4.9041154e-07,0.16148466,1.7367529,0.0080070636,23.193661,2.3240511,2.9954808,200.63949,30.922421
2001.5,214.57194,95.533192,4.9406538e-07,1.2595515,8.4852097,0.18805339,22.587601,2.2832632,2.8383822,81.436062,210.33421
2001.5833,221.246,99.529974,4.6659747e-07,1.0745384,7.1804605,0.19651691,23.275148,2.2399523,2.6388564,35.710227,165.03431
2001.6667,229.49067,74.3111,4.4146782e-07,0.88082847,4.2751598,0.12711449,24.32015,2.2061014,2.4527671,7.9284029,136.46371
2001.75,230.66753,0,4.3229548e-07,0.25358838,0,0,24.304842,2.182214,2.3195829,0,46.126551
2001.8333,228.40063,0,4.5366966e-07,0,0,0,23.238649,2.161793,2.2106359,0,46.085793
2001.9167,225.57408,0,4.7349545e-07,-4.2091923e-12,0,0,22.040119,2.1446609,2.1130421,0,51.553483
2002,223.00483,0,6.7272771e-07,-1.3527434e-08,0,0,20.815378,2.1291394,2.0245173,0,45.620526
2002.0833,219.88881,0,6.9492319e-07,-1.5102053e-08,0,0,19.74552,2.1159079,1.9491683,0,45.329569
2002.1667,216.30709,0,7.1617694e-07,-2.073293e-06,0,0,18.6894,2.1043324,1.8816987,0,44.903519
2002.25,213.64629,46.100534,7.3596004e-07,-1.7611606e-05,-3.8315098e-05,0,17.603607,2.0938308,1.815118,1052.9179,85.679929
2002.3333,208.84916,86.267121,7.6871493e-07,0.01200777,0.11333908,4.2037492e-05,16.507483,2.0846252,1.7331054,2.2410989,15.348004
2002.4167,204.25369,88.614397,8.1418045e-07,0.87898528,7.8442999,0.12714151,15.319077,2.0747466,1.6523993,65.503007,90.052955
2002.5,201.7691,94.257846,8.1269968e-07,1.0985688,9.6430352,0.2274523,15.495346,2.0663922,1.5776548,49.342262,123.44781
2002.5833,205.82016,96.730061,7.6640822e-07,0.86320989,7.5611436,0.19073097,16.476231,2.0709612,1.5151393,16.196714,166.50051
2002.6667,211.92819,48.884105,7.5896315e-07,0.81958698,2.8395182,0.076067958,17.244799,2.0997779,1.4748603,6.3922569,103.31333
2002.75,211.8127,0,7.7987931e-07,0.42904844,0,0,18.002741,2.136416,1.4571868,0,46.742096
2002.8333,210.48604,0,7.9016922e-07,0.049950671,0,0,17.831007,2.1678305,1.4433199,0,46.619148
2002.9167,208.73193,0,8.1377038e-07,0.0037758214,0,0,17.491493,2.195322,1.4304658,0,52.990498
2003,206.82462,0,5.6927587e-07,0.00059688018,0,0,16.719995,2.220154,1.4184041,0,46.397295
2003.0833,204.14366,0,5.6620735e-07,0.00018351103,0,0,15.777906,2.2417674,1.4078678,0,45.791923
2003.1667,201.33699,0,5.7687106e-07,0.00056926717,0,0,14.887661,2.260963,1.3980242,0,45.689391
2003.25,197.90752,0,6.0201182e-07,0.00058405438,0,0,13.741462,2.2798872,1.3887815,0,45.476745
2003.3333,194.75614,29.150588,6.2987198e-07,0.083416515,0.38908113,-1.8657632e-05,12.556322,2.2985446,1.3797761,846.92505,36.254327
2003.4167,191.81927,88.09337,6.5079627e-07,1.2129979,9.5459277,0.11871358,11.490745,2.3153911,1.3684077,257.1967,72.29943
2003.5,194.24802,94.91349,6.4820415e-07,1.1466859,8.5365964,0.17101912,11.449903,2.3373759,1.3765963,29.362938,115.44631
2003.5833,201.70571,96.331678,6.1889227e-07,1.0100947,7.2872199,0.15802927,12.213706,2.3822622,1.4218343,9.2962374,156.0916
2003.6667,209.62216,58.196329,5.8881091e-07,0.8055112,3.2376433,0.080188817,12.405577,2.4641457,1.5230619,4.3194616,119.83849
2003.75,210.37176,0,5.8003064e-07,0.50736296,0,0,12.478997,2.5490789,1.6575383,0,47.568649
2003.8333,209.24449,0,5.8477309e-07,0.083184007,0,0,12.173274,2.6215093,1.7810397,0,47.47405
2003.9167,207.78745,0,6.0514748e-07,5.0883791e-05,0,0,11.64137,2.6850407,1.893189,0,51.031923
2004,205.90219,0,8.8274265e-07,1.9641416e-06,0,0,10.903716,2.7396536,1.9961793,0,47.365226
2004.0833,203.40733,0,8.9298953e-07,0.00013636623,0,0,10.181512,2.7835548,2.0832424,0,47.233945
2004.1667,200.83603,0,8.9224204e-07,0.0007092652,0,0,9.4169865,2.819258,2.1598709,0,46.701192
2004.25,198.26315,0,9.0144709e-07,0.0026636111,0,0,8.55865,2.84724,2.2301149,0,46.406804
2004.3333,196.00776,38.213,9.2633491e-07,0.046918498,0.36215665,0,7.6644111,2.8725326,2.2918718,837.11827,38.357652
2004.4167,194.65773,86.671844,9.3398228e-07,1.2758481,8.8113777,0.13999821,7.0007372,2.8980105,2.3437436,255.16651,109.49787
2004.5,199.47708,94.345212,8.6179915e-07,1.4940723,9.9371264,0.2490175,6.7970953,2.9031177,2.3551006,35.369112,143.29088
2004.5833,206.83073,95.810585,8.1605754e-07,1.1599267,7.4399549,0.21683365,7.2225289,2.9034808,2.3405011,9.6328182,147.02173
2004.6667,213.52115,48.242725,7.9926451e-07,0.92233991,2.9968084,0.089117015,7.8976474,2.9164696,2.3222518,4.2653794,98.21334
2004.75,213.52415,0,7.7089061e-07,0.48656495,0,0,8.4286318,2.9210482,2.29637,0,49.425776
2004.8333,212.43627,0,7.8735371e-07,0.012892448,0,0,9.0448914,2.9223158,2.270788,0,49.339202
2004.9167,211.07186,0,8.1257929e-07,1.021679e-07,0,0,9.714613,2.9225326,2.2461307,0,55.100293
2005,209.55884,0,8.3819526e-07,0.00025178404,0,0,9.5934668,2.9212337,2.2215042,0,47.966739
2005.0833,207.26384,0,8.6384188e-07,0.00031022134,0,0,9.2517958,2.9180753,2.1981285,0,47.778735
2005.1667,204.88866,0,8.8550848e-07,0.0012964451,0,0,8.724699,2.9128842,2.1745725,0,47.525892
2005.25,202.44347,0,9.0575651e-07,0.0019595247,0,0,8.0692816,2.9055562,2.1499178,0,46.466009
2005.3333,199.30707,49.635258,9.2639834e-07,0.094866463,0.96325464,0,7.2786312,2.9000208,2.1236935,937.83181,21.079095
2005.4167,195.24199,88.168092,9.4205211e-07,1.3242307,7.8247284,0.14887119,6.4169006,2.8877764,2.0713787,155.74155,94.443865
2005.5,196.8285,94.819129,8.5443668e-07,1.6597341,9.4031724,0.29188056,5.9032717,2.8557024,1.9690988,38.439559,120.57724
2005.5833,202.28861,96.550114,8.4402848e-07,1.3327214,7.4117544,0.25906285,5.4297061,2.821317,1.8376198,10.428741,134.77576
2005.6667,206.37901,25.914952,8.3345674e-07,1.1396073,1.7380498,0.059816197,5.0954409,2.7912552,1.7164903,2.5457748,72.320136
2005.75,205.79721,0,8.12336e-07,0.37141678,0,0,5.2081881,2.7541242,1.6100843,0,49.086146
2005.8333,204.92898,0,8.4172103e-07,9.9710065e-05,0,0,5.1968865,2.7180641,1.5136126,0,49.01463
2005.9167,203.76843,0,8.3904342e-07,8.3904056e-09,0,0,5.169867,2.6844873,1.4264574,0,53.80981
2006,202.70401,0,8.5217658e-07,4.2066473e-11,0,0,5.1801858,2.652483,1.346616,0,48.881375
2006.0833,201.00251,0,8.8895791e-07,0.0032409703,0,0,5.3139691,2.624229,1.2781087,0,48.600232
2006.1667,199.14839,0,9.0886425e-07,0.0017039207,0,0,5.1515532,2.598141,1.2167094,0,47.525129
2006.25,196.94568,31.319849,9.2346141e-07,0.0021920927,0.035440358,0,4.883945,2.5738287,1.160107,952.28398,31.391246
2006.3333,191.03846,78.603163,9.5837891e-07,0.057357501,0.46338264,0,4.5849295,2.5463345,1.102656,28.612844,0.27322025
2006.4167,184.72935,91.764659,9.9146462e-07,1.4823113,7.4696883,0.17168748,4.2242975,2.5004177,1.0418559,174.40358,98.308853
2006.5,183.27667,97.698815,9.6484985e-07,1.7696216,8.1131668,0.29684927,4.1916299,2.4380283,0.97748899,42.031397,86.635994
2006.5833,184.27114,99.933296,9.0914341e-07,1.4635418,6.5262147,0.27156373,4.3286705,2.372792,0.9148894,14.444148,99.974443
2006.6667,186.08108,94.390489,8.9008353e-07,1.0005018,4.2183275,0.18065555,4.4231272,2.314959,0.86734891,9.5813191,98.655821
2006.75,186.82905,0,8.7529469e-07,0.6844601,0,0,4.4730349,2.2656691,0.83774406,0,48.697968
2006.8333,186.41599,0,8.7572647e-07,0.02313282,0,0,4.4561048,2.2232876,0.81439084,0,48.526157
2006.9167,186.0173,0,8.9330399e-07,1.0659104e-07,0,0,4.4231911,2.1843803,0.79383636,0,53.696263
2007,185.98329,0,9.1410732e-07,0.00053682498,0,0,4.2593055,2.1476631,0.77507824,0,48.517873
2007.0833,185.46659,0,9.2719546e-07,0.0011086707,0,0,4.061698,2.1137009,0.75835985,0,48.450514
2007.1667,184.89543,0,9.4992436e-07,0.00019003037,0,0,3.8105028,2.0822685,0.74299008,0,48.375318
2007.25,184.28014,0,9.7241536e-07,0.0083849689,0,0,3.4582334,2.0526478,0.72874236,0,48.197811
2007.3333,183.44505,37.653357,9.9981003e-07,0.082127249,0.57499201,0,2.9993372,2.0253797,0.71583611,1036.8939,32.989343
2007.4167,183.16899,97.215235,1.0541246e-06,1.7046876,6.6887176,0.15208877,2.7538593,1.9935796,0.70233297,147.9169,92.847318
2007.5,186.99282,101.6315,9.5877408e-07,2.4597876,8.7418709,0.33715034,2.8686254,1.9622877,0.69234729,20.084928,102.49424
2007.5833,192.1626,103.15011,8.9051707e-07,2.1248227,7.2544733,0.3136737,3.1248546,1.9462788,0.69257742,12.798549,124.00041
2007.6667,199.03652,104.40593,8.525721e-07,1.4199538,4.902681,0.21945936,3.4872921,1.9560348,0.71035606,10.192006,142.25734
2007.75,202.85818,3.3853564,8.2204247e-07,0.48954793,0.19423399,0.0083293814,3.8170044,1.9962302,0.74820739,0.28340436,56.496693
2007.8333,202.19943,0,8.5439177e-07,0.01651314,0,0,4.1702871,2.0397449,0.78790373,0,50.089754
2007.9167,201.53275,0,8.6554894e-07,0.0066147302,0,0,4.4929314,2.0789692,0.82373637,0,55.176237
2008,201.21709,0,8.4379042e-07,0.0046400205,0,0,4.5811896,2.1148739,0.85661012,0,48.679562
2008.0833,200.39494,0,8.3021854e-07,0.0020665807,0,0,4.6279783,2.1455476,0.88489598,0,48.606741
2008.1667,199.4963,0,8.2426942e-07,0.0044013289,0,0,4.5521212,2.172704,0.9104467,0,48.334109
2008.25,198.94725,18.202139,8.2069988e-07,0.0094938965,0.063449885,0,4.3935814,2.1971941,0.9342503,1107.8056,71.538837
2008.3333,199.33216,93.437359,8.1241353e-07,0.19122795,1.4685547,0,4.1188645,2.2329693,0.95040679,45.436128,68.8457
2008.4167,197.99791,97.583801,7.92229e-07,1.9574547,6.8119414,0.17653181,4.0037441,2.3020875,0.94968033,48.412806,107.47666
2008.5,198.6305,100.34189,7.0769067e-07,2.4425363,7.9116064,0.33534856,4.6682448,2.4185936,0.92990202,19.025144,127.1478
2008.5833,201.55069,101.75542,6.3360932e-07,2.0934406,6.8200904,0.31439698,6.0948896,2.5999801,0.89983279,13.262593,131.88868
2008.6667,205.39953,82.297519,6.1664224e-07,1.4456822,4.042966,0.19237767,8.3600016,2.8563111,0.86376113,7.1859066,111.29186
2008.75,206.19966,0,6.2070029e-07,0.22054872,0,0,10.932388,3.1627872,0.82667351,0,50.550421
2008.8333,205.49366,0,6.2256055e-07,0.0049988209,0,0,13.890267,3.4471059,0.79288214,0,50.477894
2008.9167,204.74632,0,5.9295348e-07,2.3940146e-08,0,0,17.281435,3.7029963,0.76241285,0,54.951026
2009,204.09916,0,5.8891641e-07,5.828708e-06,0,0,21.073568,3.9356761,0.73443455,0,49.997606
2009.0833,202.97495,0,5.9700977e-07,0.00082133737,0,0,24.985989,4.1305313,0.71038878,0,49.789106
2009.1667,201.74026,0,6.0386401e-07,0.00088676948,0,0,29.160252,4.2953691,0.68868184,0,49.720605
2009.25,201.2618,79.271466,6.0443455e-07,0.0042610561,0.36457177,0,33.518353,4.4351883,0.66861749,1158.106,66.68338
2009.3333,200.99431,95.665112,6.135171e-07,0.15481893,1.6209389,0,37.480148,4.5426397,0.64754659,14.305954,83.856427
2009.4167,202.50897,98.576225,6.0933883e-07,2.3711482,8.1432103,0.24311764,40.069725,4.6124334,0.61848259,45.865484,129.61678
2009.5,208.17949,101.78339,5.6946379e-07,2.800725,9.1148089,0.42183865,46.036659,4.6763082,0.57878512,27.11212,178.70277
2009.5833,221.66444,103.18596,5.2833809e-07,2.0505164,6.741019,0.32628814,52.893494,4.7824044,0.54565644,10.175293,253.12548
2009.6667,234.94749,90.140633,5.0640614e-07,1.4788882,4.3246725,0.21484146,58.746876,4.9648886,0.538234,6.4851809,169.80601
2009.75,237.64087,0,4.9299473e-07,0.84294514,0,0,63.707607,5.2091804,0.55683011,0,51.338429
2009.8333,236.21084,0,5.1068469e-07,0.0029298863,0,0,67.850891,5.4358234,0.57736361,0,50.517076
2009.9167,234.73865,0,5.1132599e-07,0.0022317947,0,0,73.079742,5.6397886,0.59569949,0,52.596882
2010,232.77022,0,5.1435387e-07,5.3888163e-06,0,0,78.828926,5.834723,0.61235702,0,50.334334
2010.0833,229.91243,0,5.100747e-07,0.0085930774,0,0,84.598473,6.0108433,0.62663841,0,50.261456
2010.1667,226.55326,0,5.090298e-07,0.00038731575,0,0,89.12912,6.1254649,0.63954628,0,50.146512
2010.25,222.96534,0,5.1446426e-07,0.025498618,0,0,89.756432,6.2052894,0.65142781,0,49.851431
2010.3333,219.04367,68.62773,5.2520755e-07,0.4263919,1.7374818,0.022922477,88.455025,6.2669916,0.66131967,1091.1774,47.72941
2010.4167,216.98812,95.1785,5.2481477e-07,2.60789,8.9215418,0.33088294,87.984749,6.3072171,0.66643667,62.731815,75.467371
2010.5,219.25169,100.01578,4.8905559e-07,2.3678083,7.9864406,0.41459779,93.404106,6.3346047,0.67126614,38.360708,121.68539
2010.5833,226.77688,101.39485,4.4986908e-07,1.9938239,6.6717197,0.36792107,98.765472,6.4130197,0.69190878,8.5271053,160.93245
2010.6667,233.91905,91.791697,4.4171028e-07,1.3690663,4.3423325,0.24343712,101.72682,6.583776,0.74621403,5.4889991,140.00911
2010.75,236.20777,0,4.2062112e-07,0.53199851,0,0,102.92029,6.8051386,0.83368278,0,52.196569
2010.8333,234.92643,0,4.4640848e-07,0.02504775,0,0,104.78188,6.9953852,0.91806728,0,52.119343
2010.9167,233.56372,0,4.632646e-07,0.00021920213,0,0,107.01347,7.1662321,0.99451905,0,55.157208
2011,231.67025,0,4.7076531e-07,0.00019173314,0,0,108.46816,7.3161607,1.0650829,0,52.067935
2011.0833,229.25553,0,4.7495155e-07,0.00029995332,0,0,97.833183,7.378263,1.1703278,0,53.830012
2011.1667,226.67713,0,4.8218379e-07,0.00034717063,0,0,90.781273,7.3136773,1.339345,0,52.243695
2011.25,224.27407,14.044911,5.2782127e-07,-0.00022862354,0.070195732,0,64.657936,7.1470604,1.5632898,856.30081,102.12685
2011.3333,218.90286,72.292529,5.4969621e-07,0.039261519,0.77997213,0,58.370907,6.9521685,1.7996919,95.355031,0.30145668
2011.4167,209.34793,87.547608,5.7729335e-07,1.3851276,7.577158,0.15538009,57.68071,6.7341337,1.9696807,172.91038,81.64869
2011.5,210.24999,93.974151,5.4384185e-07,1.5370864,7.9791597,0.27037113,59.587868,6.5034609,2.0471525,32.346642,136.11412
2011.5833,216.33394,95.439911,4.930676e-07,1.3234162,6.7912287,0.24466857,62.16573,6.3308587,2.0431211,10.473246,171.729
2011.6667,221.80904,89.727156,4.7976766e-07,0.96929696,4.7604355,0.17867132,64.637535,6.27458,1.9999021,7.0602862,139.54481
2011.75,221.33483,0,4.694694e-07,0.5520553,0,0,66.945602,6.292923,1.9522134,0,48.1339
2011.8333,219.8898,0,4.9258421e-07,0.0068289298,0,0,68.483612,6.2904258,1.920913,0,48.042407
2011.9167,218.39479,0,5.1289771e-07,0.00016272169,0,0,69.109238,6.2779994,1.9031727,0,49.829279
2012,216.58951,0,5.1113733e-07,1.1798159e-06,0,0,69.506783,6.2589488,1.894151,0,47.87234
2012.0833,214.36994,0,5.1543549e-07,-5.532381e-06,0,0,68.87867,6.2360687,1.8924971,0,50.407372
2012.1667,211.53973,0,5.3714098e-07,-0.0002342583,0,0,68.563477,6.210465,1.8970554,0,47.643487
2012.25,208.69088,23.902833,5.613532e-07,6.3639005e-05,0.09618066,0,64.709404,6.1885495,1.9075924,969.82964,50.389845
2012.3333,200.33213,78.667417,6.106813e-07,0.0020126309,0.49963315,0,49.716152,6.1932254,1.9403343,25.496397,15.934534
2012.4167,194.17426,84.773563,6.5500342e-07,0.90792909,6.7057929,0.13925848,44.04224,6.1753025,2.004673,106.50689,108.41755
2012.5,198.66006,89.965597,6.9459469e-07,1.2148566,8.4121392,0.29051667,46.913376,6.1355076,2.0512033,28.87246,194.06277
2012.5833,210.0161,91.425776,6.5503093e-07,0.92833351,5.9698419,0.22692441,48.770809,6.1298509,2.1058018,13.738392,238.22673
2012.6667,222.07284,46.097361,6.3931583e-07,0.95909134,2.8234009,0.10176593,49.302212,6.1922598,2.1786003,4.9904568,134.09019
2012.75,222.51633,0,6.3033872e-07,0.39943988,0,0,48.97831,6.2639251,2.280117,0,47.823929
2012.8333,220.95373,0,6.6935371e-07,0.0005090573,0,0,48.027431,6.3122325,2.3821695,0,46.700058
2012.9167,219.06251,0,6.8442222e-07,2.5754243e-09,0,0,46.673973,6.3441873,2.4757261,0,49.681752
2013,216.86934,0,6.9564663e-07,0.00037916748,0,0,44.843807,6.3620501,2.5608366,0,46.432713
2013.0833,214.63774,0,7.0085451e-07,2.9948008e-05,0,0,43.430695,6.3625078,2.6291649,0,46.344357
2013.1667,212.20151,0,7.0960562e-07,0.00022108234,0,0,41.547276,6.3475285,2.6831229,0,45.395612
2013.25,209.94762,27.878229,7.1836422e-07,-1.3994679e-05,0.037321195,0,37.749973,6.3192353,2.7193611,782.99937,56.612135
2013.3333,203.02939,65.3245,7.486297e-07,0.022515558,0.55594341,0,33.633324,6.2899952,2.7122531,46.332081,0.48452561
2013.4167,191.41439,78.780793,7.9188015e-07,1.1971845,7.4657384,0.13007346,33.078796,6.1844683,2.665643,209.14004,104.61281
2013.5,192.52805,87.784544,7.6154163e-07,1.4481241,8.4516866,0.22864144,34.535442,6.0018063,2.5953686,47.188282,141.47307
2013.5833,198.14454,90.071261,7.0436602e-07,1.27001,7.28244,0.21451977,37.324554,5.8042984,2.5129402,16.816712,142.45041
2013.6667,204.01068,63.874163,6.7768576e-07,0.98218429,3.7996733,0.11159127,38.195107,5.6429334,2.4919214,9.3961809,111.00127
2013.75,204.26042,0,6.6291528e-07,0.56930414,0,0,37.932331,5.5005693,2.5466371,0,46.830428
2013.8333,202.93385,0,6.6842455e-07,0.07853851,0,0,36.911644,5.3629417,2.6060653,0,46.804726
2013.9167,201.37875,0,7.0040511e-07,0.0019713028,0,0,36.012913,5.2347164,2.6633921,0,49.361274
2014,199.48722,0,7.2614165e-07,0.0001564731,0,0,35.132568,5.1140857,2.718544,0,44.436
2014.0833,197.05246,0,7.3703143e-07,9.9033806e-05,0,0,34.163986,5.0078359,2.7676814,0,43.15982
2014.1667,194.47179,0,7.4711562e-07,2.1499751e-05,0,0,32.501987,4.9101586,2.8133602,0,42.156597
2014.25,191.67185,0,7.7136815e-07,-1.6917643e-05,0,0,25.216778,4.8169241,2.8568525,0,41.700502
2014.3333,189.29149,19.126663,8.2229496e-07,0.061744873,0.25446469,0,11.013467,4.7315173,2.8971717,717.07285,58.381
2014.4167,185.13387,74.031591,8.3483872e-07,1.0604281,6.2974998,0.063156072,10.182452,4.644321,2.9883814,280.68446,47.191339
2014.5,184.09009,85.670806,7.9667797e-07,1.3042487,7.9177227,0.13755781,10.164955,4.5218425,3.2019837,31.136652,102.0084
2014.5833,187.51469,87.119259,7.3618162e-07,1.1974276,7.3228536,0.14770174,10.93955,4.399395,3.5644736,12.703079,130.32905
2014.6667,189.53921,14.616341,7.1061044e-07,1.464073,1.0528804,0.020705548,11.528907,4.3064122,4.0147467,1.9102137,56.669197
2014.75,188.00922,0,6.8963288e-07,0.30930007,0,0,11.583132,4.2279401,4.4092736,0,38.346311
2014.8333,186.35091,0,7.2811969e-07,0.011208892,0,0,11.608039,4.1573195,4.7603145,0,38.1471
2014.9167,184.63506,0,7.3904795e-07,0.00064921596,0,0,11.637849,4.0938315,5.0713229,0,43.747685
2015,182.93427,0,7.3051939e-07,0.00068420135,0,0,11.621563,4.0355101,5.349586,0,37.016426
2015.0833,180.60496,0,7.3057578e-07,0.0017606299,0,0,11.645653,3.9847078,5.5815744,0,36.026557
2015.1667,178.19937,0,7.4701671e-07,0.0022890933,0,0,11.452538,3.9376667,5.7825503,0,35.562672
2015.25,175.86094,0,7.5279274e-07,0.0018286808,0,0,10.99553,3.8920078,5.9599981,0,35.122229
2015.3333,173.76851,62.781595,7.6850466e-07,0.3574441,2.2211326,0.019154304,10.334497,3.8485484,6.1410923,878.50603,58.844391
2015.4167,165.79668,77.671751,7.6977483e-07,1.6330898,9.5148277,0.18777995,9.9104977,3.7932918,6.2883267,68.122744,82.681137
2015.5,159.50051,81.717469,7.0998874e-07,1.5031911,8.737894,0.22815879,10.29311,3.7517495,6.3482094,39.893653,109.55795
2015.5833,163.34283,84.69668,6.4373739e-07,1.1418114,6.7026521,0.18875062,10.696447,3.7524297,6.325067,24.963,129.05058
2015.6667,170.84818,48.686199,6.1351255e-07,0.99464779,3.2488545,0.090521216,10.979446,3.7913499,6.2301712,7.7328591,107.87683
2015.75,171.79805,0,6.0777359e-07,0.47816004,0,0,11.728437,3.8230708,6.0721645,0,42.398088
2015.8333,170.97451,0,6.4376303e-07,0.021733441,0,0,13.143689,3.846071,5.9151683,0,40.426003
2015.9167,169.89625,0,6.7179042e-07,0.00067412266,0,0,14.4748,3.8665988,5.7675343,0,43.369664
2016,168.83664,0,6.9086536e-07,0.00068800328,0,0,15.365294,3.8843942,5.6253176,0,39.38427
2016.0833,167.45391,0,7.0682427e-07,0.00050018188,0,0,15.303135,3.8980882,5.496047,0,38.783545
2016.1667,165.84653,0,7.2076273e-07,8.5235562e-05,0,0,15.087834,3.9083099,5.3718967,0,37.086653
2016.25,164.01623,0,7.4510291e-07,0.00043595013,0,0,13.822253,3.914921,5.2480927,0,35.879426
2016.3333,162.13585,45.842595,7.7158296e-07,0.36249944,2.1048472,0.014711797,12.70992,3.9409335,5.1329408,869.33721,36.831931
2016.4167,161.48321,78.137361,7.7538533e-07,1.5892573,9.4384157,0.15916576,12.178426,3.9671869,4.9756393,88.346232,72.938098
2016.5,164.09454,83.060518,6.8735909e-07,1.5139854,8.4808767,0.19327142,12.221127,3.9517369,4.7113276,37.833284,114.13313
2016.5833,169.34183,85.115261,6.4763952e-07,1.253024,7.0392516,0.17648811,12.390406,3.9662266,4.3872838,13.817718,122.10269
2016.6667,175.60145,62.78722,6.3507144e-07,0.98097528,4.1364873,0.10245083,12.539042,4.0241418,4.0994129,3.4138343,103.24224
2016.75,176.68508,0,6.6066207e-07,0.569443,0,0,13.429959,4.1373978,3.84007,0,42.121452
2016.8333,175.92104,0,7.2159713e-07,0.014253754,0,0,14.718646,4.2531791,3.6024878,0,41.979145
2016.9167,174.90858,0,7.398346e-07,9.2588502e-05,0,0,15.332317,4.3564649,3.3858593,0,46.460197
2017,173.83112,0,7.3611659e-07,0.0044420378,0,0,15.770774,4.4386225,3.1847351,0,41.475347
2017.0833,172.25085,0,7.7030904e-07,0.002962979,0,0,16.854078,4.4306769,3.0093441,0,41.0883
2017.1667,170.65527,0,7.9170769e-07,0.00040696178,0,0,16.937233,4.3993511,2.8483942,0,39.75344
2017.25,168.9575,0,8.1670402e-07,0.013652742,0,0,16.50831,4.3662386,2.6953273,0,38.225138
2017.3333,167.07166,48.80273,8.4608848e-07,0.31368208,1.5991735,0.0089151554,15.75999,4.3484106,2.5532212,872.39546,38.762534
2017.4167,166.56558,79.028644,8.3778235e-07,1.6947585,9.1188491,0.14545066,14.953405,4.3158188,2.4171727,93.900766,78.714257
2017.5,169.91226,84.180087,7.6247267e-07,1.6827724,8.7759079,0.20183674,15.107164,4.2443199,2.2865505,44.47452,109.62338
2017.5833,175.3757,86.17641,7.092633e-07,1.2649254,6.6191151,0.16548145,15.959981,4.1812325,2.1571469,10.226395,130.34721
2017.6667,181.60655,69.410071,6.9058825e-07,0.97988298,3.9285392,0.10051772,17.213253,4.130806,2.0448046,4.0378036,137.60531
2017.75,187.80912,0,6.6816148e-07,0.68829688,0,0,17.845844,4.0933733,1.9563732,0,89.356083
2017.8333,187.96726,0,6.6513718e-07,0.026018523,0,0,18.548504,4.0550852,1.88504,0,46.12382
2017.9167,187.22726,0,6.9107415e-07,0.00099672685,0,0,19.453243,4.0139098,1.8251604,0,51.300227
2018,186.69967,0,7.1444566e-07,0.0012256436,0,0,20.691025,3.9718459,1.7733208,0,45.982942
2018.0833,185.64905,0,7.20044e-07,0.00064397547,0,0,20.740679,3.9327142,1.7307788,0,44.902829
2018.1667,184.45285,0,7.266392e-07,5.7643936e-06,0,0,19.460527,3.8952055,1.6937826,0,43.56062
2018.25,183.05494,0,7.5424549e-07,1.6762814e-05,0,0,15.290863,3.8589575,1.6597252,0,41.878643
2018.3333,181.79737,13.634216,7.7226667e-07,0.014732381,0.1806738,0,13.931643,3.8269501,1.6284792,506.43397,50.748151
2018.4167,176.07065,62.716395,8.0088148e-07,1.1662416,5.8451318,0.051380167,12.618876,3.8065994,1.5915545,431.89969,51.919828
2018.5,176.45285,81.086129,7.4228132e-07,1.7094616,9.0055104,0.1368728,12.051867,3.7509634,1.5529439,50.750609,130.08888
2018.5833,180.4644,84.055737,7.0561742e-07,1.320504,6.8048286,0.12329675,12.354385,3.7030671,1.5279871,23.124912,173.58641
2018.6667,186.41117,76.690257,6.7028679e-07,0.98054761,4.6081446,0.091066914,12.726422,3.6763682,1.546142,6.8765472,153.15932
2018.75,188.31827,0,6.3572321e-07,0.75908342,0,0,12.302569,3.6674249,1.6093688,0,41.731197
2018.8333,187.2786,0,6.3551511e-07,0.047268181,0,0,12.505456,3.662246,1.6724089,0,41.615122
2018.9167,186.22968,0,6.4934233e-07,0.0031605998,0,0,12.872767,3.6574514,1.7295847,0,45.325266
2019,185.21208,0,6.5552331e-07,0.0027053414,0,0,13.277073,3.6525378,1.782428,0,41.570009
2019.0833,183.65148,0,6.967345e-07,0.00069139889,0,0,14.414172,3.6468427,1.8281776,0,40.946859
2019.1667,181.86219,0,7.378743e-07,1.2357636e-05,0,0,15.986238,3.6397083,1.8694837,0,39.82276
2019.25,179.96734,0,7.4897503e-07,2.8825757e-05,0,0,15.717242,3.6308599,1.9079186,0,38.723135
2019.3333,178.54832,18.573249,7.6363392e-07,0.10512807,0.41114148,0,15.224047,3.6226869,1.9422445,654.86018,53.728285
2019.4167,177.29247,72.653614,7.6928359e-07,1.6981046,8.4792923,0.10062609,15.004,3.6217487,1.9673551,270.53109,154.42971
2019.5,183.11188,80.137543,7.0871164e-07,1.8405005,8.736118,0.16164811,16.057941,3.6021473,1.9724472,52.661529,247.47457
2019.5833,198.47055,83.421879,6.6028343e-07,1.4809016,6.8188804,0.14236126,15.979711,3.5930886,1.9722927,21.718442,271.32306
2019.6667,209.29103,64.758725,6.2231129e-07,1.1033741,4.1134452,0.09428089,16.326611,3.5929148,1.9831284,6.4239673,141.42211
2019.75,210.20848,0,5.8944624e-07,0.6372911,0,0,16.869177,3.5783727,2.0139494,0,37.384518
2019.8333,208.1712,0,5.9647954e-07,0.01422795,0,0,17.187643,3.5451283,2.0618722,0,37.58034
2019.9167,206.18233,0,5.8563529e-07,2.7043736e-07,0,0,17.546291,3.5104218,2.1081419,0,43.041906
