year,froot_gCm2,leaf_gCm2,p_uptake_demand_ratio,gpp_pft7_gCm2day,gpp_pft9_gCm2day,gpp_pft10_gCm2day,l2fr_site,l2fr_canopy,l2fr_ustory,leaf_alloc_gCm2yr,froot_alloc_gCm2yr
1901,10.015452,64.287409,2.1625025e-05,0.001224415,0,0,0.78850144,0.6770696,0.47242165,37.847576,9.4864077
1901.0833,10.040908,64.138949,2.2691291e-05,0.00074881623,0,0,0.78002554,0.63500237,0.45583075,42.76152,12.046663
1901.1667,10.059206,63.750997,2.2429005e-05,1.452109e-06,0,0,0.7746073,0.59709001,0.43973064,40.6309,13.772355
1901.25,9.934403,61.744485,2.2497221e-05,-5.0483845e-05,-1.4938724e-05,0,0.77400166,0.56190449,0.42212951,39.883758,14.539483
1901.3333,10.076346,59.779707,2.3229602e-05,0.012590051,0.076669704,0,0.67883587,0.53075624,0.40496218,38.176808,15.309698
1901.4167,10.306823,61.35302,2.6849366e-05,1.6576879,1.5173817,0.059548451,0.54505551,0.50293374,0.3897076,128.18157,24.230629
1901.5,12.591416,69.380715,4.0328567e-05,5.1593428,4.4313088,0.30707891,0.52120346,0.478246,0.37543246,100.34579,46.713495
1901.5833,16.644644,73.187478,3.6251527e-05,4.5201525,3.434876,0.27517034,0.78338188,0.45820537,0.36188418,97.21706,62.977116
1901.6667,21.005552,78.133427,2.696045e-05,3.1941687,0,0,0.9208349,0.44565135,0.34714144,119.74436,76.695816
1901.75,25.891239,83.279058,1.7908811e-05,0.61107573,0,0,0.86338586,0.44069195,0.33481419,107.6116,79.341049
1901.8333,29.088261,85.124023,9.7278253e-06,1.7579776e-05,0,0,0.84526396,0.442296,0.32559368,78.209672,49.325523
1901.9167,29.195325,83.569154,9.3869194e-06,-4.9793578e-10,0,0,0.87339169,0.44827524,0.31788635,89.124226,38.680291
1902,29.420551,82.633406,9.2454375e-06,0,0,0,0.88459742,0.45703939,0.30880582,56.537668,19.527206
1902.0833,28.807413,79.881065,9.4936922e-06,-1.046388e-07,0,0,0.86407274,0.46579418,0.29803926,55.808295,26.441175
1902.1667,27.973123,77.279367,9.7837292e-06,-4.6036078e-05,0,0,0.80587661,0.47329855,0.28833875,53.297945,28.973611
1902.25,25.594937,74.601002,1.0606599e-05,-2.3143861e-05,-0.00018584105,0,0.76891965,0.47237131,0.28104293,51.506865,36.09254
1902.3333,22.629809,72.128154,1.2509832e-05,0.30730239,0.32492381,0.0080199581,0.67830265,0.46106148,0.27151716,73.835924,41.332278
1902.4167,24.292031,77.458605,1.4450773e-05,5.7616992,5.0302239,0.24690937,0.55036163,0.44461018,0.26420289,126.93742,64.029723
1902.5,24.573639,81.41312,2.3093737e-05,5.3531575,4.2495,0.32624087,0.62940127,0.42979404,0.26510981,99.843169,65.366635
1902.5833,27.114609,85.687138,2.097369e-05,4.5765793,2.2635861,0.19218699,0.99476635,0.41441059,0.26144671,111.82351,84.054182
1902.6667,33.343244,90.186164,1.5635718e-05,3.4160686,0,0,1.0961845,0.40418351,0.25633007,116.03176,97.031881
1902.75,40.214818,94.350167,1.1368974e-05,0.78076461,0,0,1.110433,0.40055388,0.251771,110.84797,99.494828
1902.8333,46.290245,97.692415,9.1605325e-06,7.0363484e-05,0,0,1.1263669,0.40245971,0.24840152,103.04848,93.48887
1902.9167,49.987193,100.04127,6.4600335e-06,0.00025058045,0,0,1.140885,0.40798983,0.24289194,111.07488,67.205108
1903,49.748261,102.43253,5.9496056e-06,0.006903952,0,0,1.141943,0.40917295,0.23415382,70.099851,25.259436
1903.0833,47.965847,102.25535,6.1463302e-06,0.029253648,0,0,1.1141365,0.40446442,0.22442578,72.950016,25.999586
1903.1667,44.281948,102.07262,6.6761386e-06,0.033038132,0,0,1.0673276,0.39907673,0.21734311,67.057238,34.161832
1903.25,38.159169,101.71515,7.4407271e-06,0.057908743,0.086179662,0,1.037825,0.39608839,0.21407868,68.134004,56.275477
1903.3333,31.987678,102.36828,8.7054723e-06,0.54084382,0.50843603,0,1.1475652,0.38969848,0.21744469,104.70026,74.909469
1903.4167,33.751667,108.39573,9.0925996e-06,4.3047779,2.5794019,0.12985873,1.3726943,0.38191503,0.23161827,199.85413,124.91877
1903.5,44.731371,114.82418,1.1175267e-05,7.1331171,4.055642,0.33404542,1.9753183,0.38493988,0.25629267,118.18413,176.17693
1903.5833,59.523992,116.57025,7.4704426e-06,5.9728875,3.3576972,0.31166376,3.0814445,0.40473163,0.28906935,106.71035,210.1043
1903.6667,77.172332,117.90355,4.9027553e-06,4.1759574,0.70584017,0.067100567,4.0603395,0.44289356,0.32733652,104.2915,270.75071
1903.75,97.377367,119.11239,3.502556e-06,0.82702902,0,0,4.0294323,0.50194138,0.36759999,98.885381,277.55287
1903.8333,115.7971,119.78462,2.4511514e-06,0.00097656228,0,0,4.0995054,0.58170986,0.41276184,93.537992,252.32849
1903.9167,126.81821,118.52663,2.1711721e-06,0.0083473658,0,0,4.3102903,0.68388557,0.46229717,112.23178,149.05821
1904,125.79989,116.5316,2.5410138e-06,0,0,0,4.5030971,0.81511551,0.5102821,77.935892,86.091873
1904.0833,122.79371,109.93668,2.6626947e-06,-4.0309553e-08,0,0,4.6240597,0.98016262,0.54978222,77.675816,116.52321
1904.1667,122.79198,103.67852,2.7082451e-06,-0.00018758633,0,0,4.4692903,1.1851194,0.58345658,69.161683,141.67551
1904.25,125.5247,99.287733,2.7129727e-06,-0.00048834578,-0.0006500325,0,4.2211061,1.3717812,0.61145288,62.357964,120.97067
1904.3333,124.80774,95.409237,2.8992788e-06,0.19967791,0.12656485,0.0031385188,3.6437635,1.5282847,0.63411671,80.016445,97.912517
1904.4167,147.08817,99.026814,3.0018714e-06,6.2090036,3.5638236,0.24860764,2.8721428,1.636899,0.66977155,136.64524,674.2785
1904.5,194.65099,100.88458,3.5249479e-06,6.4029694,3.8061313,0.36478652,2.910094,1.6892345,0.68325227,91.719084,650.1181
1904.5833,236.56033,103.09198,2.354921e-06,5.5963336,1.3234785,0.12699308,3.7135158,1.7383941,0.68432933,103.76883,756.74071
1904.6667,278.44298,105.18775,1.2968209e-06,4.132686,0,0,5.0329542,1.822192,0.69951212,91.785082,604.37182
1904.75,308.39336,105.97792,1.20967e-06,0.3986652,0,0,6.7078571,1.9605722,0.73566568,79.939726,456.20812
1904.8333,333.72572,105.98862,1.1388573e-06,0.0083121416,0,0,8.603035,2.1780922,0.79885042,72.738635,373.13068
1904.9167,343.37354,105.10656,1.0872147e-06,8.0238102e-08,0,0,10.85101,2.4941492,0.89900827,81.073141,202.09948
1905,335.53469,101.26239,6.3577249e-07,-4.1816148e-08,0,0,13.349673,2.9601538,1.0525421,53.870587,132.144
1905.0833,313.65329,92.85903,6.5799043e-07,-5.6104059e-05,0,0,16.181581,3.586534,1.2574865,45.288395,42.454846
1905.1667,289.48277,83.393298,7.1030502e-07,-7.6135538e-07,0,0,18.956034,4.4107327,1.5338887,39.718855,41.838037
1905.25,266.14049,74.976042,1.2801032e-06,-0.00032239567,-1.1352772e-05,0,20.378962,5.4101815,1.9156578,33.571523,21.625534
1905.3333,246.39839,68.958968,1.4551276e-06,0.25353005,0.21332107,0.0017727501,21.397457,6.4184136,2.3974416,47.225563,19.34329
1905.4167,260.0784,76.546691,1.5313822e-06,5.8047066,4.301188,0.17479526,21.311913,7.3883443,2.927403,166.88849,833.60313
1905.5,347.91735,77.939779,6.0308099e-07,5.8791154,4.1695982,0.26619513,21.981825,8.2877312,3.4731898,61.64722,1196.0879
1905.5833,430.52754,78.109734,4.7480196e-07,4.7428409,3.3229444,0.22135789,24.599129,9.216713,4.0666819,61.612488,1009.7272
1905.6667,483.85397,78.361794,4.2345263e-07,3.197614,0,0,27.875156,10.289329,4.7175198,61.646499,668.83142
1905.75,503.15654,78.075923,4.1420802e-07,0.769562,0,0,32.175961,11.690587,5.4689484,44.055465,131.57765
1905.8333,492.23274,76.447338,4.2087464e-07,0.012686195,0,0,37.770508,13.579103,6.3548126,37.705666,51.812173
1905.9167,479.87738,74.437067,4.3094141e-07,1.8852898e-05,0,0,44.536697,16.104324,7.4047132,41.823353,57.640493
1906,462.48385,72.050154,9.4557993e-07,1.6584511e-06,0,0,52.382805,19.418365,8.6584358,34.963425,34.110634
1906.0833,447.5596,69.649883,9.7004124e-07,0.0028811393,0,0,60.031204,23.177397,10.017892,33.59683,42.500873
1906.1667,433.70089,67.336969,9.7565851e-07,0.00077694356,0,0,66.944511,27.556431,11.495532,31.884635,43.838576
1906.25,418.96018,64.971752,9.8286546e-07,0.01211543,0.01251592,0,72.51355,32.457817,13.056211,28.376091,20.442642
1906.3333,365.6967,58.847897,1.0437217e-06,0.063215228,0.086432362,0,74.298531,36.866074,14.615616,23.866197,0.021432387
1906.4167,319.06527,55.11773,1.1317532e-06,1.5917019,1.052788,0.063717084,72.975128,40.077339,16.147505,134.01364,81.521218
1906.5,345.52217,61.740566,1.0851287e-06,5.1928346,3.2876677,0.38541068,69.414497,42.72131,17.648493,60.388917,823.94715
1906.5833,403.77459,61.866049,9.1742282e-07,4.2407318,0.59334121,0.065304245,69.631371,45.203457,19.107399,49.75324,917.24375
1906.6667,463.3109,61.975911,8.5105739e-07,3.0495398,0,0,73.349594,47.567146,19.843607,49.203797,637.1133
1906.75,478.26234,61.904341,8.1714398e-07,1.1588914,0,0,77.041634,49.974991,19.698757,42.278225,141.61931
1906.8333,465.30303,60.480721,8.3948424e-07,0.019251789,0,0,81.301804,52.544216,19.644878,24.940942,1.4592245
1906.9167,447.82448,58.605187,8.3521144e-07,2.8310042e-07,0,0,86.657661,55.363007,19.695007,24.667516,2.4805183
1907,433.05615,56.702167,8.4534173e-07,3.5141836e-05,0,0,92.429031,58.448391,19.845655,23.109831,0.54323318
1907.0833,419.23627,54.799881,8.6682917e-07,5.5871019e-05,0,0,98.249641,61.17635,20.074911,22.184903,0.00074313672
1907.1667,395.51279,51.753823,8.9333366e-07,0,0,0,103.97604,64.100334,20.365744,20.95169,0.00072853699
1907.25,363.49735,47.79138,9.4342579e-07,-4.7118427e-06,0,0,107.93988,67.264709,20.686335,19.347423,0
1907.3333,328.96867,43.746889,1.0111276e-06,0.0019754503,0.0016622032,0,108.74576,70.330811,20.966417,17.706109,0
1907.4167,296.88516,40.719777,1.1054409e-06,0.27692491,0.15855806,0,108.74291,73.408966,21.121777,30.29488,0
1907.5,288.89742,46.570919,1.16508e-06,3.696205,1.9656747,0.32512659,110.48021,76.591438,21.141621,125.01912,302.42548
1907.5833,313.77894,48.073005,1.1448411e-06,3.2730542,2.1179152,0.41302622,113.28327,79.087311,21.063965,42.855961,514.26383
1907.6667,338.8778,48.320644,1.0554004e-06,2.2061311,0.64189883,0.13671427,113.15549,81.10199,20.973967,38.383057,379.31417
1907.75,340.29502,47.671292,1.0303172e-06,0.083448381,0,0,114.90247,82.637596,23.141138,20.963687,2.8078448
1907.8333,324.71716,46.237238,1.0461791e-06,0.0022156616,0,0,117.4926,84.114151,26.091831,20.026204,3.1114436
1907.9167,305.61435,43.665238,1.2095236e-06,0,0,0,119.07714,85.414627,28.814686,20.407826,5.1982556
1908,286.99601,40.955111,9.618509e-07,0,0,0,119.68225,86.648323,31.468857,17.812509,5.6060092
1908.0833,269.71832,38.420256,1.0500032e-06,0,0,0,120.20956,87.783287,33.925507,16.485322,6.8285659
1908.1667,253.70467,35.968356,1.1174875e-06,-8.7463006e-05,0,0,120.30167,88.860023,36.307041,14.787492,2.4997852
1908.25,236.39974,33.437952,1.2162398e-06,-0.00055155902,-2.8886677e-06,0,119.3456,89.853142,38.597782,13.540074,0.0091460926
1908.3333,219.44121,31.204946,1.4540883e-06,0.2882727,0.21161122,0.016238102,118.81929,90.604744,40.604435,43.146942,1.821948
1908.4167,218.5872,35.422925,1.3598906e-06,3.2519388,2.2906836,0.33750986,115.70628,91.031677,42.324184,66.982089,399.86088
1908.5,259.19098,35.824779,8.0383552e-07,3.2067143,2.5476565,0.48572232,113.1567,91.101204,43.789497,30.301763,645.03127
1908.5833,300.23494,35.97736,6.7125626e-07,2.3106412,1.8509627,0.38491775,109.48415,90.708488,45.143517,29.268456,485.16494
1908.6667,309.90583,36.098883,6.2744067e-07,1.6482411,0.48846381,0.10051774,109.26895,90.45993,46.350971,29.98189,299.30257
1908.75,285.47668,35.912048,6.5915981e-07,0.32831527,0,0,117.9812,90.573235,47.459034,19.563011,43.216609
1908.8333,256.51532,34.586947,6.6926754e-07,0.0048568667,0,0,124.5518,89.887871,48.506939,15.47476,9.6113366
1908.9167,238.28538,32.390948,7.0759688e-07,0,0,0,126.42355,89.353424,49.564014,15.779363,6.8867571
1909,220.07829,30.092807,1.1809574e-06,0,0,0,127.88245,88.577332,50.690414,13.362287,9.9506194
1909.0833,205.85309,28.137229,1.2696911e-06,0,0,0,129.8811,87.78344,51.81472,12.205192,13.36281
1909.1667,191.91898,26.233839,1.3445975e-06,0,0,0,131.5603,87.098602,52.968971,10.889937,7.3943509
1909.25,176.68988,24.28532,1.4984005e-06,0,-1.1554991e-06,0,132.1207,86.447227,54.148026,9.8470977,0.18369578
1909.3333,161.0969,22.528682,1.8325444e-06,0.17723869,0.091695892,0.012288782,130.61838,85.71212,55.256069,30.967691,1.1546986
1909.4167,159.66094,26.106702,2.0195032e-06,2.4213985,1.2813312,0.31763122,130.26866,85.148788,56.307873,60.477483,246.27243
1909.5,183.15844,26.680604,1.2357141e-06,2.425663,1.7932602,0.49374515,130.99751,83.985741,57.30941,21.452795,394.62413
1909.5833,206.47,26.708106,9.4799094e-07,2.0872689,1.6903609,0.45785995,129.75615,82.31675,58.289986,20.982206,363.40575
1909.6667,223.15741,26.728664,8.5296421e-07,1.2467361,0.76949386,0.20613045,128.82867,80.770027,59.243988,20.855694,193.91591
1909.75,222.82501,26.421873,8.3060291e-07,0.077814208,0,0,129.01483,79.384621,60.109722,13.233305,10.815526
1909.8333,217.77524,25.781181,8.2021131e-07,0.0018392256,0,0,129.51903,78.180977,60.976254,12.457767,14.211015
1909.9167,212.74434,25.14527,8.2911532e-07,0.00025552153,0,0,130.30698,77.141144,61.909893,14.83838,23.391217
1910,203.10348,24.172772,8.6410103e-07,4.9608878e-09,0,0,130.01088,76.13752,62.916653,11.827482,34.576472
1910.0833,178.29165,21.577645,9.5655764e-07,-6.2255671e-06,0,0,126.3842,74.642433,63.971714,9.5904091,13.548487
1910.1667,147.27248,19.188972,1.1056442e-06,-1.6532769e-05,0,0,112.91975,73.365692,65.026215,8.1277051,0.0038811568
1910.25,101.0575,15.257208,1.7103461e-06,-0.00011065054,-3.3815268e-06,0,80.526245,69.724625,65.93399,6.5943811,17.414398
1910.3333,64.866468,11.916224,4.2946549e-06,-3.2942322e-05,-5.3169163e-05,0,64.970009,65.863785,66.907104,4.8204526,0
1910.4167,51.975146,11.288497,5.6385388e-06,0.3428242,0.26276488,0.042059107,44.803551,62.590679,67.72673,31.44043,20.421547
1910.5,59.453115,12.677802,8.9482728e-06,1.2937859,1.1947525,0.52028643,47.527454,60.086025,68.205681,12.147723,214.42413
1910.5833,74.835755,12.841383,9.9390045e-06,0.9650745,1.1749324,0.51871847,51.340317,57.938271,68.360077,10.663022,198.0773
1910.6667,84.954798,12.905101,9.0055701e-06,0.75918433,0.84586927,0.34119067,53.4053,56.090069,68.220634,10.230637,138.47441
1910.75,85.895047,12.818399,6.2926574e-06,0.055424786,0,0,55.240005,54.486687,67.806656,6.7161126,5.9042987
1910.8333,79.929911,12.538769,4.6229229e-06,5.2120335e-05,0,0,58.283566,53.460083,67.130905,6.0824279,1.2951414
1910.9167,77.885278,12.192474,4.6785162e-06,1.7730825e-05,0,0,59.093723,53.017776,66.266602,7.1791764,2.3504873
1911,73.710077,11.59832,4.6274163e-06,-3.7909636e-12,0,0,58.49168,53.074253,65.345787,5.6803344,3.1800691
1911.0833,68.791203,10.919405,4.8936163e-06,-6.2700038e-09,0,0,58.003139,53.518902,64.477806,5.3425886,5.1542271
1911.1667,51.904403,10.261552,6.2314239e-06,-3.5487153e-09,0,0,64.340874,54.266327,63.613243,4.813058,6.8439768
1911.25,45.058127,9.5710726,7.1045597e-06,-1.1542075e-07,-5.9225406e-06,0,62.643806,54.987354,62.727779,4.4732557,12.712281
1911.3333,40.300544,8.9166611,8.1944881e-06,-3.1846443e-05,-8.5326593e-06,0,59.222668,55.444241,61.783855,3.9995977,5.9161927
1911.4167,35.563059,8.5361665,1.0032743e-05,0.17475579,0.30606192,0.039155205,55.701496,55.626064,60.525558,19.914692,7.449234
1911.5,38.44551,10.201679,1.7037635e-05,1.070326,1.541688,0.5563047,52.744114,55.038418,59.006786,21.147871,115.87586
1911.5833,47.87397,11.121949,1.7746097e-05,0.95278112,1.4086929,0.57082445,49.407383,54.179165,56.990265,15.436928,137.61026
1911.6667,58.62676,11.344042,1.3923669e-05,0.62055027,0.69973823,0.29510953,44.804562,53.541664,54.525803,9.0700643,86.744139
1911.75,63.159317,11.333274,1.1701602e-05,0.13202528,0,0,42.840492,53.022045,52.108707,7.3947632,21.910295
1911.8333,64.206593,11.197834,9.3029703e-06,0.0073403351,0,0,41.255051,52.51178,49.808743,6.264138,4.2977708
1911.9167,63.125484,10.830828,4.6916821e-06,0,0,0,39.367115,51.916019,47.652779,8.2666686,7.5170872
1912,59.44607,10.481951,5.0470971e-06,0,0,0,37.519398,51.177284,45.60059,5.9336689,11.657419
1912.0833,56.939356,9.999197,5.2878736e-06,-2.0017559e-11,0,0,35.836121,50.355766,43.779232,5.5521997,16.904351
1912.1667,55.63416,9.5185041,5.5091477e-06,-2.7300427e-10,0,0,33.463955,49.427322,42.06403,5.1068323,20.3296
1912.25,54.126557,8.9929039,5.6890553e-06,-5.9881336e-06,-4.5155217e-07,0,30.220211,48.332314,40.36916,4.2429722,10.282144
1912.3333,49.260378,8.4265508,6.6103526e-06,0.0050113739,0.011628178,0,26.529449,47.030048,38.723335,3.7000416,0.007932321
1912.4167,41.535314,8.7106759,8.3800842e-06,0.5610422,1.06562,0.20555424,24.075155,45.422112,37.098511,19.439525,73.323559
1912.5,44.516839,9.5619541,1.7164435e-05,0.94677495,1.8181984,0.59819347,21.1294,43.41185,34.545189,15.960173,171.27644
1912.5833,56.671344,10.166196,1.5324586e-05,0.79036047,1.5326252,0.52039624,17.86857,41.015091,31.874956,9.4545494,171.02748
1912.6667,66.80236,10.250664,1.2043653e-05,0.51082168,0.85604028,0.28611365,16.006098,38.533791,31.128359,8.1809277,83.572298
1912.75,64.417683,10.303684,1.0656064e-05,0.13151561,0,0,15.448286,35.939846,30.455971,6.823171,16.067482
1912.8333,50.152089,10.145381,6.6042649e-06,3.2175044e-05,0,0,16.993904,33.304588,29.656158,5.1588776,8.9650852
1912.9167,47.029849,9.762194,5.7965176e-06,0,0,0,17.994408,30.89127,28.691307,6.3353847,15.110973
1913,44.61655,9.3390802,5.8552982e-06,0,0,0,18.473358,28.638662,27.591461,4.343745,6.3387406
1913.0833,41.923948,8.8603506,6.3621019e-06,-6.0723949e-06,0,0,19.126774,26.593245,26.458807,3.9441151,3.335035
1913.1667,39.156247,8.421313,6.7821793e-06,-1.8720606e-05,0,0,19.569365,24.848009,25.244486,3.6889026,2.8738448
1913.25,35.738386,7.9863165,7.3321175e-06,-3.8042621e-05,-6.6049968e-06,0,18.58226,23.2045,23.908461,3.3904641,1.3079332
1913.3333,31.615958,7.6976581,8.9927807e-06,0.08838183,0.24275933,0.021763474,16.987532,21.643906,22.516155,14.9176,5.2408079
1913.4167,32.536685,9.4210273,1.4789582e-05,1.0365313,2.4002568,0.48171357,15.777426,20.105829,21.233448,26.750719,123.0328
1913.5,37.812814,10.556421,2.1331782e-05,1.0192761,2.16692,0.59058664,16.476885,18.561125,19.974922,14.513886,131.98498
1913.5833,46.507444,11.024676,1.7636572e-05,0.81697795,1.7664084,0.45872011,16.750269,17.214945,19.214693,10.451624,104.20452
1913.6667,53.014014,11.283548,1.40337e-05,0.5564957,0,0,17.217859,16.079323,18.705265,9.7693615,63.010951
1913.75,56.113284,11.400503,1.1321412e-05,0.11905852,0,0,17.656277,15.163316,18.34325,7.5404945,12.219305
1913.8333,56.790356,11.366055,6.7258829e-06,0.0011865497,0,0,17.878426,14.459626,18.250828,6.5252705,9.4016594
1913.9167,57.706658,11.325317,6.6530743e-06,1.0452805e-07,0,0,17.945271,13.95758,18.408033,9.1514278,15.831049
1914,57.962343,11.49387,6.598339e-06,8.5563328e-06,0,0,17.632753,13.619375,18.790619,6.6555265,24.399044
1914.0833,58.460705,11.381345,6.4075425e-06,-8.7800991e-06,0,0,16.841627,13.376572,19.349068,6.3394098,29.700317
1914.1667,54.810096,10.871548,6.5350491e-06,-9.2994799e-06,0,0,15.727095,13.151134,20.201347,4.9549634,7.7199169
1914.25,48.426587,10.254726,7.1949794e-06,-0.00029494539,-0.00013976435,0,14.113658,12.886052,21.144085,4.2801085,0.53579898
1914.3333,31.005569,8.8014826,1.0477598e-05,0.0012104142,0.017937163,0,8.5977097,12.559837,21.847878,3.7229942,0.45120103
1914.4167,24.203619,8.5053081,1.3863366e-05,0.10406709,0.29941405,0.017693962,6.9652328,12.193788,22.251528,14.421914,5.1023936
1914.5,30.235957,10.007925,2.0875032e-05,1.0084592,2.5546333,0.48712411,6.3922162,11.78601,22.492277,21.927147,161.77653
1914.5833,40.60936,10.979519,2.0836294e-05,0.88778298,2.2162677,0.51382178,6.4368382,11.381827,21.660065,14.582396,148.23754
1914.6667,47.573857,11.403086,1.6332277e-05,0.48655889,0.65226503,0.14699306,7.5153942,11.073725,20.487349,11.123708,74.548923
1914.75,49.342301,11.612216,1.1735512e-05,0.034669506,0,0,8.9103098,10.93522,20.580593,7.8086951,7.3743766
1914.8333,49.68423,11.532613,6.6708476e-06,0.00036470473,0,0,10.363966,10.993769,20.627857,6.800604,4.6692239
1914.9167,49.372278,11.365895,6.9809339e-06,0.00052903163,0,0,11.853126,11.252267,20.581442,8.78703,8.797362
1915,48.803851,11.442287,6.8662566e-06,-2.4383762e-10,0,0,13.291901,11.691227,20.433878,6.4858138,5.7925829
1915.0833,45.778528,10.802044,6.9727685e-06,-1.561046e-11,0,0,14.285691,12.249601,20.202173,5.3535049,3.6876469
1915.1667,41.984744,10.25272,7.4490226e-06,-2.0907103e-06,0,0,14.239464,12.824579,19.870817,4.4264578,2.4561115
1915.25,37.799973,9.7650271,8.197535e-06,-0.00011772039,0,0,13.757723,13.292858,19.388979,4.1781558,2.9349906
1915.3333,33.689737,9.3647838,9.3676927e-06,0.0023587721,0.072767752,0,12.976949,13.618172,18.746447,3.9740328,0.41080297
1915.4167,29.802764,9.3524372,1.0759246e-05,0.17140059,0.61300045,0.034797435,12.441144,13.786964,17.929121,19.365412,2.5281134
1915.5,30.251926,11.222013,1.9889514e-05,1.1421996,3.0390079,0.48069944,12.183416,13.795175,17.021027,24.971515,84.850873
1915.5833,39.147809,12.215094,2.0691265e-05,0.99312875,2.5048175,0.49489811,12.926875,13.71492,16.033674,14.623542,111.39088
1915.6667,47.318164,12.763788,1.5137345e-05,0.6518993,0.21632802,0.037545029,13.692883,13.244468,14.931762,14.487256,77.241996
1915.75,51.690802,13.209688,1.030397e-05,0.13054424,0,0,13.822935,12.349836,13.83166,11.79233,22.04489
1915.8333,53.021524,13.367594,6.4697065e-06,1.6550102e-05,0,0,13.559772,11.580561,12.871188,9.5901307,9.7159489
1915.9167,53.536516,13.450592,6.5781383e-06,5.5867081e-21,0,0,13.144068,10.936016,12.02837,13.078496,15.599882
1916,53.172074,13.792985,6.6776574e-06,1.5181487e-05,0,0,12.43469,10.374836,11.265173,8.552068,11.909667
1916.0833,51.901869,13.727672,6.7933402e-06,6.7755996e-07,0,0,11.605909,9.8865614,10.602264,8.9705077,16.232745
1916.1667,49.178895,13.643528,7.0607302e-06,1.5685322e-06,0,0,10.549144,9.4119101,9.9733295,8.6552737,20.125783
1916.25,44.38233,13.471653,7.6167862e-06,2.3767248e-06,0.0074419664,0,9.296957,8.9161224,9.344142,5.8531169,7.3613854
1916.3333,36.487322,12.995892,8.8774295e-06,0,0.02685994,0,7.2807317,8.4289684,8.6768637,5.429301,4.2341045
1916.4167,18.872801,11.551352,1.5611418e-05,4.780686e-05,0.068361421,0,3.5268078,7.9231458,7.9784188,4.7260278,0.6936121
1916.5,13.041427,11.460046,2.1749531e-05,0.17053204,0.09518395,0,2.4955738,7.4071031,7.263536,25.095097,5.8416404
1916.5833,13.230273,14.326141,4.0228977e-05,1.154825,0,0,2.2569816,6.8623734,6.5816774,41.962175,83.029724
1916.6667,19.018045,16.457567,3.4500881e-05,0.85488191,0,0,2.1751156,6.4028902,6.0344582,23.890964,61.119477
1916.75,17.962361,17.496938,3.2347238e-05,0.36380193,0,0,2.3118713,5.9512653,5.5540133,21.662647,25.070075
1916.8333,18.830914,18.308839,2.4737847e-05,0.0096499546,0,0,2.3498764,5.5114303,5.1714272,18.646894,12.463599
1916.9167,19.836221,18.467022,9.1281199e-06,0,0,0,2.2834001,5.118546,4.8274608,20.228776,7.0048491
1917,19.298546,18.476002,8.9205441e-06,0,0,0,2.1350446,4.7667818,4.4598045,10.595249,5.4235306
1917.0833,18.542981,17.919499,9.7477996e-06,0,0,0,1.9468702,4.4562988,4.1395288,10.267602,9.3187843
1917.1667,16.552215,17.401382,1.1648654e-05,0,0,0,1.7180994,4.1595831,3.8430374,9.8648812,13.891098
1917.25,13.455241,16.830018,1.371634e-05,0,0,0,1.5579617,3.8582041,3.5546703,7.7109075,5.5213515
1917.3333,9.6365605,16.385166,2.110696e-05,0.11155289,0.16075468,0.0098768647,1.3215511,3.5617402,3.2799299,25.198995,5.8491312
1917.4167,11.461389,19.270947,3.0233048e-05,1.7745862,2.8263741,0.25686983,1.0472108,3.2751999,3.0234168,42.285539,70.771129
1917.5,12.36637,21.105334,5.8360576e-05,2.0250409,3.2868653,0.45553028,1.1116606,3.0116506,2.8014271,29.382888,37.538641
1917.5833,14.277139,22.915429,5.4516644e-05,1.7486634,2.1567371,0.33645777,1.326542,2.7538319,2.6283109,38.286903,61.82095
1917.6667,18.96758,25.137654,3.6891644e-05,1.4371309,0,0,1.4879714,2.5268643,2.5037282,39.644812,49.371193
1917.75,21.336753,26.983976,2.8407019e-05,0.32748964,0,0,1.440163,2.3206158,2.4057868,33.362662,26.413184
1917.8333,20.757644,27.602384,1.3001938e-05,0,0,0,1.2818232,2.1198812,2.3162518,22.19919,11.375335
1917.9167,17.532986,27.263524,1.5377747e-05,0,0,0,1.0731251,1.9473288,2.1769109,31.342509,10.783773
1918,13.979834,27.520981,1.9340916e-05,0,0,0,0.92763275,1.7946986,1.9990191,19.231955,6.6529925
1918.0833,12.619959,26.870126,2.3230303e-05,0,0,0,0.88616616,1.6602807,1.8427167,22.423436,10.575448
1918.1667,12.044254,26.445875,2.5408437e-05,-2.1303765e-07,0,0,0.83911002,1.5322011,1.6998134,19.639901,8.3750141
1918.25,10.584026,25.694644,2.9142053e-05,-1.7886596e-06,-2.9999618e-05,0,0.81186271,1.4005351,1.5597514,14.493023,2.570114
1918.3333,9.1320723,24.883805,3.4726927e-05,-1.5865941e-05,-9.5212791e-05,0,0.78183037,1.2708722,1.422743,14.104509,5.1987059
1918.4167,7.6637948,24.163062,4.4273766e-05,0.014904832,0.028869249,0,0.7087273,1.1524374,1.2928709,14.370173,9.9366041
1918.5,6.5627717,27.258055,5.6369827e-05,2.1319274,2.7996893,0.270441,0.6617595,1.0507858,1.1860439,85.691959,26.849108
1918.5833,8.9399908,31.303335,7.6365941e-05,2.3865412,2.8871421,0.37352786,0.68321532,0.96819162,1.109733,45.714529,36.129744
1918.6667,12.231085,33.217434,5.5233679e-05,1.6389557,1.4297119,0.190391,0.73773402,0.90638089,1.0508616,42.619273,44.6657
1918.75,15.990403,35.302144,3.4291043e-05,0.40039512,0,0,0.77239174,0.86457801,1.0050455,42.52521,49.002915
1918.8333,17.848207,35.8225,1.4689555e-05,1.4040526e-06,0,0,0.7771728,0.84256876,0.96558714,31.11574,17.550541
1918.9167,17.883277,35.502888,1.5902864e-05,0,0,0,0.75579238,0.83132404,0.92153054,43.650835,24.681864
1919,18.24226,35.588752,1.4477894e-05,0,0,0,0.74228239,0.82270044,0.86995363,26.277303,21.722909
1919.0833,18.503297,34.363359,1.5983685e-05,-4.6594034e-08,0,0,0.7400896,0.81522822,0.81667411,28.636344,30.267515
1919.1667,19.467875,33.888064,1.4257595e-05,-1.1364087e-07,0,0,0.76804692,0.81024283,0.76583177,27.024723,35.661284
1919.25,20.484889,33.130635,1.2760897e-05,0,-2.4781614e-10,0,0.83969545,0.80826241,0.71405011,20.651497,28.25974
1919.3333,21.257989,32.833118,1.4419747e-05,0.89424061,1.1766675,0.051910565,0.92748374,0.81048262,0.66120529,45.490897,51.80391
1919.4167,27.613338,35.060182,1.3482078e-05,3.2143007,3.7354071,0.33339483,1.1692955,0.82102078,0.61268866,35.21966,89.456315
1919.5,34.440316,36.350265,2.0901889e-05,3.5434875,3.8034565,0.47290084,1.455845,0.84878999,0.57469314,39.849726,100.82187
1919.5833,43.959342,38.340326,1.7403509e-05,2.6297412,2.6666822,0.36358806,1.8369037,0.8971718,0.54511547,51.911551,151.24247
1919.6667,56.874949,40.961012,1.1930245e-05,1.880312,1.7159115,0.22892675,2.2902811,0.96448094,0.52317959,55.70156,169.37833
1919.75,66.496819,43.214727,9.1404172e-06,0.59104623,0,0,2.41026,1.0436348,0.50731206,50.475653,117.35184
1919.8333,72.355866,44.932,7.905096e-06,0.00017838271,0,0,2.3354635,1.1197708,0.49636808,45.903234,84.492602
1919.9167,74.906051,46.415355,7.18512e-06,2.5370302e-05,0,0,2.1097314,1.1832266,0.48947909,61.224597,98.627266
1920,75.640231,48.434917,6.7824485e-06,0.00045268203,0,0,1.7895476,1.2306844,0.48642126,39.973942,66.697714
1920.0833,67.827381,48.536777,7.0975975e-06,0.00017107336,0,0,1.4443644,1.2535126,0.48768955,35.956298,35.261286
1920.1667,55.652313,48.310589,7.9331339e-06,0,0,0,1.2626996,1.2304171,0.49246901,25.277525,17.254689
1920.25,46.332974,47.758568,8.5482916e-06,0,0.0067189676,0,1.190941,1.1858506,0.49804375,24.411885,12.219119
1920.3333,35.852525,47.22482,1.0027769e-05,0,0.073997004,0,1.0939345,1.1403533,0.5012756,22.957585,3.4041255
1920.4167,21.525044,46.521451,1.5271666e-05,0.0020304557,0.19277105,0,1.0408322,1.0898608,0.49867135,19.833142,0.6206442
1920.5,10.948029,49.54898,2.7710366e-05,1.7810212,0.45799025,0.0068988243,1.0728667,1.0347098,0.48959413,156.51201,20.921417
1920.5833,11.488636,63.380554,4.4474291e-05,4.3229474,0,0,0.99568862,0.97001612,0.47703463,171.2183,36.347477
1920.6667,13.088129,70.009649,3.809722e-05,2.6773087,0,0,0.95667315,0.91755623,0.47010085,95.806132,30.173133
1920.75,14.334548,72.803147,2.8828379e-05,0.46789268,0,0,0.94152331,0.86972988,0.4664481,72.739622,23.357373
1920.8333,15.04609,74.15434,2.2030734e-05,0.006748452,0,0,0.93244684,0.82505292,0.4605099,60.499086,15.291185
1920.9167,15.142897,74.639268,1.8483614e-05,6.1525049e-05,0,0,0.91892117,0.78481394,0.45085889,62.632122,13.49749
1921,13.8978,73.133662,1.7790391e-05,0.00016325865,0,0,0.90559024,0.74545425,0.43620333,42.172188,13.161183
1921.0833,12.325718,71.569763,1.9791536e-05,1.6099974e-05,0,0,0.89355236,0.70657539,0.41831893,48.891924,21.728018
1921.1667,11.50298,70.508569,2.0790838e-05,6.7614693e-06,0,0,0.87987781,0.66474652,0.39874873,48.010241,33.571596
1921.25,12.371514,68.394423,1.9759367e-05,-1.178799e-05,-3.9219608e-05,0,0.85473675,0.62116623,0.37924376,47.135414,47.277738
1921.3333,14.507445,66.389792,1.8399431e-05,0.022444019,0.044362071,0,0.73545271,0.57970303,0.36164907,44.208786,39.035817
1921.4167,17.011909,67.911036,1.9496274e-05,1.8321016,0.97618771,0.071952706,0.69386756,0.54144293,0.34597042,117.86285,107.81255
1921.5,28.535271,73.498838,2.0683023e-05,5.5830584,3.1811038,0.37463082,0.93853939,0.50808978,0.33214128,77.047757,120.89853
1921.5833,40.868159,76.578602,1.7033921e-05,4.8943735,2.4120601,0.36190046,1.2879361,0.48076218,0.32081252,106.42895,204.26829
1921.6667,56.45822,81.25665,1.1054284e-05,3.346339,0,0,1.6275973,0.46016908,0.31204459,103.58315,159.54087
1921.75,61.653554,83.820395,8.6108103e-06,0.51157783,0,0,1.5810454,0.44557312,0.30565679,76.634069,60.032789
1921.8333,61.251704,84.927246,6.8011673e-06,0.10148147,0,0,1.3825871,0.43633801,0.30112854,68.937494,48.257591
1921.9167,55.663243,85.764192,6.5659628e-06,0.00015249702,0,0,1.0501838,0.43106264,0.29827902,78.22049,46.333797
1922,43.714941,87.100774,8.4138992e-06,0.00030505644,0,0,0.65950334,0.42789719,0.29724005,65.280268,41.198388
1922.0833,31.741522,87.887965,1.1654954e-05,0.00011029543,0,0,0.59068406,0.42713955,0.29785374,73.832136,44.020782
1922.1667,33.217728,88.888496,1.1292855e-05,5.0029137e-08,0,0,0.60887617,0.42945373,0.29855156,73.067103,36.180123
1922.25,34.193255,89.801058,1.1033807e-05,7.9424748e-07,0.0037686514,0,0.59307885,0.43403336,0.29770401,73.340624,38.526819
1922.3333,34.159418,90.50101,1.1004088e-05,3.2468156e-06,0.056243007,0,0.54042125,0.43940824,0.29485813,67.325521,36.453966
1922.4167,31.944662,90.205066,1.1370014e-05,0.011476497,0.12202733,0,0.49944597,0.44308197,0.29176596,51.30314,26.938005
1922.5,29.236572,90.777077,1.1663243e-05,0.61925941,0.31878564,0,0.56924003,0.44121313,0.28720546,121.74153,30.204903
1922.5833,29.834719,103.49581,1.3549723e-05,5.8804021,0,0,0.64867163,0.43236363,0.27881321,233.23584,80.753153
1922.6667,33.927992,111.93372,1.6880413e-05,3.9783232,0,0,0.73611349,0.42417315,0.26752955,163.56435,96.908611
1922.75,39.767049,117.65162,1.2186169e-05,1.0658954,0,0,0.83892149,0.41932595,0.25861397,133.75726,79.269001
1922.8333,42.763501,119.37109,6.7730621e-06,0.00013597365,0,0,0.82469213,0.41808489,0.2522842,95.284748,43.880349
1922.9167,43.62857,119.71308,6.8781205e-06,2.2333663e-06,0,0,0.76620817,0.41916475,0.24743159,112.56084,47.181711
1923,42.767607,118.41344,7.0069027e-06,-2.371589e-09,0,0,0.6854068,0.42314288,0.24523239,74.091883,44.535357
1923.0833,39.474517,112.76545,7.5925591e-06,-9.1709648e-07,0,0,0.64384001,0.42956454,0.244793,70.652214,49.869893
1923.1667,37.262864,108.20641,7.9427473e-06,-3.7786766e-06,0,0,0.65410018,0.43899855,0.24340636,70.891416,47.216386
1923.25,35.902414,103.44929,8.2109937e-06,-6.9237289e-05,-3.4308365e-05,0,0.6776163,0.44889411,0.23895952,60.253722,45.735855
1923.3333,34.867894,98.459594,8.6333821e-06,-0.00028190642,-0.00020836764,0,0.67502767,0.45709312,0.23509324,51.681788,45.970383
1923.4167,32.786325,98.473907,1.0118906e-05,1.8953953,0.75422571,0.031463777,0.64181387,0.46288693,0.23527052,224.80918,69.742602
1923.5,37.825055,111.2325,1.4594436e-05,7.7334021,2.8987183,0.29801695,0.76787817,0.46561268,0.23823127,145.13947,112.33317
1923.5833,47.338236,117.06216,1.4512018e-05,5.7885724,2.0811331,0.25756422,0.948026,0.47455242,0.24413493,159.41584,157.37708
1923.6667,60.151335,123.38796,1.0476431e-05,4.3179036,0.069743684,0.008342816,1.1359507,0.49143529,0.25267994,161.34986,193.4125
1923.75,72.105139,128.55622,7.8426492e-06,1.8331064,0,0,1.2660204,0.51616365,0.26224133,144.54314,178.14527
1923.8333,80.633499,131.53608,4.8111078e-06,0.023018199,0,0,1.3326381,0.54676944,0.27207398,119.40685,117.30469
1923.9167,78.855798,128.32655,3.6403887e-06,-2.5261361e-13,0,0,1.2792897,0.57777816,0.27951613,120.98565,73.223558
1924,76.124288,125.19015,3.9492825e-06,-5.8585623e-06,0,0,1.1943823,0.59622401,0.28411523,83.007757,59.716589
1924.0833,70.535898,118.96373,4.1849066e-06,-2.0605952e-06,0,0,1.1027843,0.6062721,0.28704676,78.091968,68.096646
1924.1667,64.391442,114.16422,4.6414948e-06,-0.00024771654,0,0,1.0135757,0.61688691,0.28890401,81.284628,68.950225
1924.25,55.921964,108.87028,5.3093027e-06,-0.00095714854,-0.00023234088,0,0.98788929,0.62696087,0.2905809,73.129214,74.085119
1924.3333,50.189842,99.573575,6.2014915e-06,0.038906771,0.018833406,0.00011494557,1.0529554,0.62994868,0.29451907,64.232177,77.983221
1924.4167,58.333289,104.28143,6.1300216e-06,5.9957949,2.385511,0.13562813,1.1232798,0.63015586,0.30318639,198.70513,217.93047
1924.5,71.000315,109.48807,8.2250308e-06,6.7303989,2.4573497,0.22719685,1.3075264,0.63499445,0.31941035,118.06363,193.21021
1924.5833,79.508528,112.74154,8.0186428e-06,5.5945778,1.9499689,0.21805913,1.699865,0.6480484,0.34951565,122.65148,207.51551
1924.6667,94.177939,116.80304,6.1494584e-06,3.9955133,0.061699746,0.0068736343,2.0529401,0.67271501,0.39823779,131.34265,232.04586
1924.75,107.79151,120.21126,4.7402455e-06,0.44572209,0,0,2.0947058,0.71001703,0.45206147,118.97014,177.3708
1924.8333,113.48555,122.50037,3.9860333e-06,0.090639192,0,0,2.0451455,0.75233078,0.50236326,111.6372,89.812863
1924.9167,112.71311,124.44577,3.557207e-06,0.016175086,0,0,1.9275191,0.79719275,0.54067528,131.83815,88.630879
1925,103.88923,125.23146,3.1876602e-06,0.00012554735,0,0,1.7813606,0.83796221,0.56484514,85.304453,54.534891
1925.0833,88.059507,120.17559,3.2125308e-06,0,0,0,1.6962982,0.862037,0.57698673,83.090063,60.135486
1925.1667,75.117946,115.15509,3.6859069e-06,-4.6479025e-05,0,0,1.6550006,0.88062739,0.57581222,74.628904,64.556038
1925.25,64.970851,109.49174,4.2074262e-06,-5.8894925e-05,-4.0183794e-05,0,1.7043631,0.89158988,0.57052588,68.825512,66.287073
1925.3333,57.036769,103.66695,4.9243877e-06,0.36987855,0.16246282,0,1.9413236,0.88977975,0.57244247,90.971746,75.524336
1925.4167,56.35561,111.4691,6.2724162e-06,7.2536507,2.3942483,0.20051301,2.3567801,0.87431782,0.58025676,229.35281,198.70062
1925.5,69.553636,119.41754,8.1853532e-06,7.3723426,2.2044286,0.29161873,3.4823861,0.85792422,0.59381223,139.80614,212.4636
1925.5833,86.185925,123.07011,5.0757858e-06,6.3328653,1.8588723,0.27190191,5.1839542,0.84984297,0.61041445,120.80332,244.75649
1925.6667,104.61213,124.96513,3.6049867e-06,3.7121022,1.0866688,0.17408976,7.1049294,0.85115385,0.6291343,108.01837,279.48523
1925.75,126.05214,126.1704,2.944256e-06,2.1674449,0.13434815,0.021461146,7.9530897,0.89163345,0.65091068,105.25598,337.29692
1925.8333,149.85803,126.85052,2.1837297e-06,0.13387801,0,0,7.7438445,0.95733887,0.67373812,97.59848,328.62946
1925.9167,167.95009,126.90648,1.7787593e-06,0.0012876597,0,0,7.6835589,1.0346088,0.6934278,117.89846,291.10999
1926,181.97282,128.28621,2.2830509e-06,0.0010716116,0,0,7.6250634,1.1213286,0.7061637,79.520402,159.24053
1926.0833,184.04141,125.85333,2.2842257e-06,0.00066601976,0,0,7.648859,1.1809406,0.71253228,76.397591,135.11159
1926.1667,182.22211,121.12939,2.245451e-06,-0.00019009761,0,0,7.623775,1.1864276,0.71551317,71.572616,125.79867
1926.25,176.46863,115.11455,2.3474847e-06,0.0089260655,0,0,7.464922,1.1940559,0.71339303,73.450001,142.67715
1926.3333,171.49517,112.55474,2.5122636e-06,0.6186493,0.062663319,0,7.1672888,1.2001466,0.70644557,96.960296,143.17345
1926.4167,167.62033,118.63284,2.8881821e-06,6.9137533,1.0518696,0.19208498,6.9421229,1.2051998,0.68987572,202.24111,657.13243
1926.5,211.82966,125.19535,2.7959697e-06,8.6524121,1.6731098,0.37915832,7.0809417,1.2162318,0.67290211,143.7178,839.82787
1926.5833,266.56836,127.62453,1.5085566e-06,6.3164966,1.416267,0.29106117,7.5780711,1.2429515,0.67412543,110.14095,777.52187
1926.6667,316.68618,128.66494,1.1377599e-06,4.2853317,0.99181008,0.21481537,8.6399403,1.289834,0.69642961,104.10019,734.91289
1926.75,359.07641,129.26266,1.041103e-06,1.535011,0.14751865,0.027093343,10.112123,1.3627616,0.74430907,95.251976,576.14784
1926.8333,382.99128,128.68625,1.0198373e-06,0.060093736,0,0,11.942754,1.4738954,0.82196838,81.191713,299.23546
1926.9167,385.63532,127.45401,1.0044955e-06,2.4786716e-06,0,0,14.401185,1.6446667,0.93304348,97.228635,155.07519
1927,386.51419,127.58505,9.8906878e-07,0.0092292813,0,0,17.026777,1.9095582,1.0823734,72.115449,145.6526
1927.0833,383.01688,125.62655,9.8130261e-07,1.1241605e-05,0,0,19.441263,2.2594018,1.2599672,68.144263,83.196934
1927.1667,374.67366,122.98553,9.874351e-07,6.0116326e-06,0,0,21.859035,2.6946089,1.4676608,65.602721,67.969007
1927.25,354.80988,116.3591,1.0143606e-06,-0.00028824096,-9.7662094e-05,0,23.67672,3.1789162,1.7329948,60.309279,53.810314
1927.3333,326.81981,106.99361,1.0821697e-06,0.068127905,0.017737891,0,24.877811,3.6666787,2.0974274,53.981862,39.567253
1927.4167,319.15489,108.99593,1.1442287e-06,4.7960217,0.76887895,0.12738707,25.236746,4.0920267,2.5260971,230.55962,428.75174
1927.5,385.2182,116.48683,1.0454042e-06,7.8476751,1.5129118,0.3534091,25.032925,4.4993382,2.9629443,94.298635,1253.5879
1927.5833,477.0641,116.78623,8.9829194e-07,6.2993999,1.335106,0.31726493,25.960533,4.9488258,3.4217727,91.9704,1125.8352
1927.6667,537.99051,117.1813,8.0845223e-07,3.879715,0.39006419,0.092593715,27.697203,5.4931121,3.9083097,92.208258,691.27287
1927.75,550.54265,116.33502,7.9043684e-07,0.37617423,0,0,30.284412,6.2253904,4.4631009,61.211741,126.17306
1927.8333,542.84012,113.90579,8.123925e-07,0.0075643148,0,0,33.603851,7.2146807,5.1193218,57.01297,131.60492
1927.9167,539.34085,111.42296,8.3481689e-07,6.5811278e-06,0,0,37.294765,8.5228958,5.9059749,66.430713,221.4836
1928,537.15819,109.65959,8.3885533e-07,0.0032644571,0,0,41.332924,10.222029,6.889667,48.873973,59.377624
1928.0833,522.85004,106.7397,8.4626168e-07,0.0091803952,0,0,45.983177,12.190645,7.9992261,45.687871,10.621204
1928.1667,507.68733,103.6889,8.5189413e-07,0.0032362671,0,0,50.279621,14.482457,9.2342262,44.30495,12.957739
1928.25,490.16181,100.13152,8.6152221e-07,0.068256936,0.025610276,0,53.26569,17.116514,10.602304,42.674914,18.182691
1928.3333,454.4256,93.412928,8.9551764e-07,0.31921856,0.081698875,0,54.210747,19.720135,12.01585,42.525917,26.298646
1928.4167,408.11488,95.653675,9.6318286e-07,6.0775596,1.1406094,0.22035551,56.406433,22.144129,13.377107,254.27807,650.30229
1928.5,475.39034,100.94967,8.6166716e-07,7.6651361,1.6015653,0.43816767,58.423275,24.328171,14.652649,79.364241,1450.1141
1928.5833,576.95836,100.93997,7.3002872e-07,5.632173,1.2300733,0.35768935,60.230392,26.397083,15.81062,79.124948,1198.9644
1928.6667,639.84978,101.00302,6.7591196e-07,4.0569207,0.2763379,0.08127664,63.363598,28.448208,16.929993,79.727897,830.48728
1928.75,655.21008,100.21144,6.5228852e-07,0.81034389,0,0,68.810577,30.694683,18.089222,52.768375,69.683495
1928.8333,635.7972,97.473815,6.8625661e-07,0.020855258,0,0,75.667755,33.302593,19.329639,42.419278,0.041959781
1928.9167,614.24279,94.268844,6.9709455e-07,4.6291324e-05,0,0,83.744247,36.416824,20.683203,43.933427,9.694954
1929,588.02444,90.558976,7.0668051e-07,0.014531908,0,0,93.056564,40.224991,22.177576,39.52394,0.078744373
1929.0833,569.78434,87.8364,7.1598851e-07,0.01614032,0,0,102.77333,44.493664,23.687492,38.415901,0.058050856
1929.1667,549.25793,84.780723,7.2740153e-07,0.0057894831,0,0,112.56025,49.586586,25.248508,37.170511,0.080006802
1929.25,520.80005,80.495752,7.4779041e-07,0.013415169,0.0080306601,0,121.69426,55.599655,26.900942,35.42691,0.10370538
1929.3333,480.66795,74.540064,7.8674475e-07,0.16234933,0.044848622,0,128.69098,61.362679,28.528444,33.345955,0.1444286
1929.4167,452.3783,76.193504,8.2437651e-07,5.1390997,1.0712843,0.20440263,135.24413,66.448524,30.070049,201.57799,368.37488
1929.5,500.20534,81.492469,7.7548475e-07,7.130899,1.6312145,0.47128909,144.84702,70.94545,31.488411,65.738554,1119.0653
1929.5833,557.98018,81.465304,6.8824204e-07,4.5668709,0.81511443,0.24039453,156.53708,75.163269,32.817192,66.665986,835.77297
1929.6667,603.34641,81.469521,6.6024683e-07,3.716286,0,0,168.33533,79.16777,34.084213,64.179449,639.79494
1929.75,614.7145,80.952555,6.456699e-07,0.83882935,0,0,181.78365,83.185417,35.408176,45.774351,96.849651
1929.8333,596.01194,78.847848,6.5614853e-07,0.0041027,0,0,195.23306,87.384605,36.814629,35.712531,1.3278728
1929.9167,578.0887,76.68478,6.6545954e-07,0.00025974017,0,0,209.68645,91.905098,38.306335,38.816757,2.107841
1930,561.09732,74.837908,6.7420285e-07,0.0050571083,0,0,225.27328,96.903061,39.891857,33.953308,13.186189
1930.0833,531.64011,70.85143,6.9247358e-07,4.0277731e-05,0,0,240.01332,102.03275,41.442005,31.651962,26.742441
1930.1667,503.33494,66.94103,7.1709241e-07,0.00029154152,0,0,254.01649,107.41206,42.985073,29.880359,46.749207
1930.25,484.28795,64.008161,7.3892915e-07,0.0072384538,0.002704538,0,266.40933,113.04404,44.549339,27.98676,64.991671
1930.3333,413.24851,56.534261,8.224531e-07,0.045978651,0.012527941,0,285.24353,117.80862,46.04673,22.109617,0.098778119
1930.4167,354.8156,52.308623,9.302936e-07,1.0240103,0.1497383,0.042760723,308.08932,120.43694,47.440033,104.83154,30.817192
1930.5,354.99856,59.278134,9.5722669e-07,4.9429733,0.927585,0.52676033,325.57117,122.46723,48.508614,82.027891,640.02859
1930.5833,392.13282,59.663478,9.058013e-07,4.0318162,0.88428132,0.5353894,343.46356,124.11752,49.287468,53.482483,729.06146
1930.6667,420.88324,60.02197,8.4737604e-07,2.1850131,0.46309801,0.26988998,361.09488,125.58624,49.809586,45.104743,360.28232
1930.75,411.20741,59.339184,8.6425393e-07,0.39187744,0,0,381.42258,127.17435,50.130424,32.922555,10.598165
1930.8333,392.6082,57.76611,9.1285079e-07,0.00015945475,0,0,404.08832,128.81085,50.354885,25.436267,5.3719374
1930.9167,378.79312,56.11169,9.5879557e-07,0.0088132987,0,0,423.94482,130.47725,50.569901,27.662792,8.8789076
1931,366.08595,54.62737,5.891626e-07,0.00068409613,0,0,442.5495,132.17178,50.845009,23.476053,11.182806
1931.0833,352.28753,52.819252,5.92486e-07,0.0090998083,0,0,461.85379,133.72684,51.150986,22.386273,14.38858
1931.1667,333.38639,50.777007,6.2583632e-07,0.0017255532,0,0,484.20087,135.10658,51.435646,20.359828,2.9489372
1931.25,308.33814,48.286624,6.7382842e-07,0.031987487,0.0057294747,0,509.61108,136.17522,51.665489,18.48587,3.0319275
1931.3333,285.77089,45.737781,7.279092e-07,0.20753105,0.033789964,0,524.21924,136.54955,51.816483,23.532763,2.1571637
1931.4167,270.0066,47.522891,7.7514835e-07,2.8032917,0.46577381,0.27425982,535.48779,136.04913,51.882957,134.21517,239.64368
1931.5,304.65263,52.342433,7.2962757e-07,4.4879201,0.88226593,0.75423876,522.64136,134.75917,50.709274,47.301865,733.35141
1931.5833,358.27672,52.780688,6.1924942e-07,3.6645114,0.80563038,0.6732898,498.91559,132.8316,47.809937,45.310817,744.20401
1931.6667,397.85451,52.986536,5.6076453e-07,2.3492841,0.4453252,0.33677816,488.57031,130.41426,45.198673,42.851697,442.14355
1931.75,398.17777,52.596331,5.5580404e-07,0.30854604,0,0,491.95685,127.59305,42.942081,28.477463,18.750698
1931.8333,384.29826,51.232345,5.7373472e-07,0.0085997951,0,0,497.97623,124.48108,41.064491,23.264027,12.54655
1931.9167,369.51533,49.852598,5.9288823e-07,1.0387857e-05,0,0,506.01572,121.16225,39.585846,24.736936,19.371812
1932,314.22937,47.882251,1.1166135e-06,6.1454716e-07,0,0,564.81494,117.55462,38.495686,20.97112,14.630489
1932.0833,286.80691,44.603724,1.218619e-06,0,0,0,578.72772,114.27143,37.843708,19.311369,18.290428
1932.1667,272.84297,42.557478,1.2642612e-06,0.00014618098,0,0,585.73328,111.98597,37.569973,17.940713,15.582385
1932.25,229.14502,38.168076,1.421585e-06,0.0028158749,0.0020574257,0,633.06458,109.87749,37.710072,15.451885,0
1932.3333,191.52324,34.181625,1.611196e-06,0.015791663,0.0055982409,0,659.42322,105.50927,38.341457,13.998694,0
1932.4167,160.44423,30.250199,1.8357039e-06,0.076915488,0.010634096,0,583.97607,100.99906,39.224396,15.481211,0
1932.5,132.66218,30.135294,2.2108707e-06,2.2195199,0.5773495,0.46263854,449.68137,97.658684,39.78429,90.773753,196.91155
1932.5833,155.99786,33.105582,1.9782944e-06,2.2875115,0.71106653,0.68275612,449.61642,95.527359,40.342136,45.27064,336.31185
1932.6667,177.86977,34.081168,1.7427459e-06,1.6172364,0.047150757,0.038311931,451.45926,95.22493,41.044525,28.58481,265.81996
1932.75,184.69748,33.986207,1.6773753e-06,0.40006925,0,0,462.03601,96.392601,41.939064,21.095927,65.030086
1932.8333,181.27772,33.242088,1.7188813e-06,0.0031263884,0,0,473.5567,98.402962,43.056343,15.898848,9.840722
1932.9167,177.24028,32.423444,1.7188955e-06,0.00083076243,0,0,484.67438,101.22289,44.439468,18.870754,15.918815
1933,170.13198,31.355478,1.8106316e-06,4.3115908e-06,0,0,495.06317,104.64512,46.060986,14.885787,15.790841
1933.0833,159.35549,29.358814,1.9158349e-06,0.00065467317,0,0,498.55118,107.98058,47.741505,13.923114,18.403715
1933.1667,153.29234,28.475355,1.992983e-06,0.00070092677,0,0,501.9035,111.89003,49.657341,12.57297,12.581294
1933.25,146.02685,27.416719,2.0805712e-06,0.027135014,0.001065993,0,496.35083,116.17162,51.866531,11.139776,0
1933.3333,136.01089,26.280904,2.2138561e-06,0.064605176,0.0067511337,0,489.30493,120.1256,54.240467,11.20776,0
1933.4167,128.42482,26.842454,2.3416412e-06,1.4338841,0.44273335,0.23260643,489.17273,123.55951,56.683331,69.94493,151.91341
1933.5,156.95979,29.60554,2.1011554e-06,3.0691999,1.0646166,0.86981103,446.68069,126.99936,59.062744,26.931757,602.24729
1933.5833,201.27155,29.827746,1.6724875e-06,2.3391876,0.84908331,0.77954807,413.96048,130.44247,61.673416,24.01991,565.2269
1933.6667,231.79989,29.906237,1.4942549e-06,1.3477554,0.27835678,0.26720986,401.11212,133.58607,64.261391,24.347372,275.94697
1933.75,235.84063,29.681154,1.4635783e-06,0.17362375,0,0,396.87128,136.62312,66.528465,15.24759,16.929046
1933.8333,230.17402,28.819054,1.4856771e-06,0.0019141243,0,0,395.14261,139.87662,69.05896,11.736542,0.20235258
1933.9167,223.8275,27.900493,1.5152896e-06,1.8918169e-19,0,0,394.61523,143.44481,71.861885,11.474017,0.36427082
1934,204.95985,25.502592,1.6085461e-06,1.912012e-08,0,0,390.83139,147.16095,74.965286,10.388428,0.55665699
1934.0833,186.55391,23.131907,1.7129831e-06,0.0013565496,0,0,386.20157,150.95383,78.101433,9.4209046,0.74063069
1934.1667,178.81699,22.353701,1.7661936e-06,0.0010428114,0,0,388.52042,155.44237,81.487732,9.0713055,0.57307412
1934.25,168.21612,21.454388,1.8572391e-06,0.017401975,0.0036895591,0,387.69333,160.35722,85.211029,8.6806233,0
1934.3333,154.36281,20.462414,1.9914614e-06,0.050358642,0.018582549,0,394.29742,165.43616,88.768204,8.5259289,0
1934.4167,146.00298,21.878742,2.1033284e-06,1.7530361,0.82477474,0.40662568,399.5672,170.65929,91.866249,64.046151,143.73002
1934.5,165.04553,23.84541,2.0410714e-06,2.4643334,1.1568408,0.91675419,403.85196,176.02481,94.570679,22.15502,428.81975
1934.5833,197.09101,23.951903,1.7305532e-06,1.9952017,0.86858068,0.74594984,409.59653,181.93474,96.984085,19.459949,419.95665
1934.6667,212.67882,24.078926,1.6356159e-06,1.4421502,0,0,429.04382,188.2606,99.250694,20.704934,279.12547
1934.75,218.4668,24.07489,1.585242e-06,0.36400751,0,0,435.04303,195.08678,101.85088,15.366382,34.193395
1934.8333,213.14514,23.511333,1.5874786e-06,0.00049654002,0,0,439.6655,202.57898,104.44924,10.413425,5.5089862
1934.9167,207.504,22.856299,1.5945483e-06,4.6488242e-08,0,0,444.92911,210.84251,106.92783,11.382915,9.3581465
1935,200.20123,22.17537,1.6304501e-06,5.3284141e-06,0,0,450.7164,220.02652,109.37775,9.8006526,14.282475
1935.0833,194.54105,21.501089,1.6694416e-06,9.2128258e-05,0,0,455.48923,229.47029,111.68048,9.406611,16.367951
1935.1667,186.98855,20.735005,1.7203607e-06,0.0011987267,0,0,461.42981,239.56984,113.91616,8.5683932,3.4715334
1935.25,176.51747,19.774493,1.7982754e-06,0.00069694655,0.00035485753,0,466.75928,250.63933,116.02563,8.0667458,1.2800017
1935.3333,146.54893,17.122731,2.0293946e-06,0.0054864117,0.0072905282,0,444.58905,262.30981,117.77474,6.9767458,0.34053318
1935.4167,100.95206,12.924396,2.6776809e-06,0.016697182,0.014541821,0,455.0426,279.6575,118.98208,5.8526578,0
1935.5,64.010032,10.662636,3.9623387e-06,0.82265407,0.92261909,0.54377654,416.91443,278.67233,119.95749,31.297595,83.806696
1935.5833,70.766129,11.35776,4.1065123e-06,0.93398178,1.1283354,0.96681608,409.10703,262.60248,120.66238,9.8452937,141.27981
1935.6667,80.38909,11.455698,3.6350873e-06,0.60143257,0.59975107,0.51776557,385.40103,248.34796,120.99812,9.8218681,98.735579
1935.75,84.744915,11.45814,3.4064008e-06,0.15187263,0,0,372.33942,235.04874,121.15188,7.1983192,15.357598
1935.8333,84.574193,11.1911,3.374485e-06,0.0022185786,0,0,361.76581,222.71648,121.16592,5.0885858,0.041671777
1935.9167,81.970505,10.655088,3.4919549e-06,1.1966499e-08,0,0,349.03162,211.58488,121.04167,5.6280401,0.083668625
1936,79.628922,10.329494,2.620742e-06,5.3566425e-19,0,0,338.34644,201.48952,120.75735,4.7360176,0.097370029
1936.0833,75.690731,9.7720474,2.6821765e-06,0.00039993881,0,0,326.6153,192.96396,120.28104,4.4941557,0.14144019
1936.1667,72.651148,9.3533769,2.732148e-06,0.00018943577,0,0,314.45065,185.34558,119.50298,4.3133296,0.10495932
1936.25,66.517897,8.9320336,2.8894751e-06,0.001565052,0.0060078093,0,305.3667,178.43036,118.39447,4.1428913,0.0069852371
1936.3333,57.007294,8.1791189,3.3275678e-06,0.025678443,0.027933638,0,295.06116,172.47722,116.81186,4.6679224,0.0059320766
1936.4167,55.91571,8.3334148,3.4257318e-06,0.35349674,0.60749895,0.20331054,277.74594,166.86487,114.74503,19.315455,13.920228
1936.5,60.789466,9.0376437,3.4932546e-06,0.95005506,1.6640026,1.1467174,265.33719,161.6741,112.3033,7.9415219,110.23364
1936.5833,69.894448,9.0954881,3.0524716e-06,0.71652311,1.2707947,1.0278855,244.77972,156.44936,109.51829,7.4474002,117.47469
1936.6667,76.872155,9.136741,2.7365256e-06,0.49349161,0.91631179,0.68226108,225.09641,151.2226,106.45245,7.4741494,77.881
1936.75,78.126557,9.0864953,2.6441453e-06,0.086273129,0,0,212.0592,146.03026,103.3596,4.9854431,9.8361425
1936.8333,74.9752,8.8774264,2.7054448e-06,0.0027968432,0,0,204.52159,140.9201,99.880867,4.2603648,1.9539434
1936.9167,72.270729,8.6700013,2.7468593e-06,2.0587998e-05,0,0,195.96678,135.79256,95.810623,5.0683151,3.3191923
1937,68.648301,8.5336501,3.8382323e-06,0.0013617676,0,0,187.33443,130.60909,91.10759,4.0605965,1.6075118
1937.0833,64.967044,8.3058393,4.0711343e-06,0.00046790303,0,0,178.63312,125.59484,86.177643,3.9199843,0.35429665
1937.1667,59.265889,8.0203991,4.2962834e-06,0.00033656185,0,0,170.69366,120.40262,80.918045,3.7950633,0.037112925
1937.25,50.004631,7.429386,4.7499766e-06,0.0011633992,0.0013983122,0,149.73886,114.68822,75.3545,3.5604619,0.0072718722
1937.3333,27.005624,5.4417932,1.060366e-05,0.0021302963,0.014691284,0,60.102711,108.42075,70.011055,2.7852408,0.006049316
1937.4167,11.057466,3.655988,3.2037984e-05,0.014390729,0.051345568,0,19.167763,100.82996,65.057945,2.5215217,0.0060444954
1937.5,11.201717,3.9728628,4.3909895e-05,0.35689235,1.7664591,0.79149866,17.876823,92.186623,60.466484,9.4837993,15.653626
1937.5833,12.76195,4.4578435,5.5114542e-05,0.38851886,1.8956838,1.1711575,18.521379,83.864777,56.132797,8.621179,23.81955
1937.6667,15.683576,4.7218921,4.5161552e-05,0.25429334,1.0431649,0.67621692,18.614403,76.452812,52.189766,4.39434,14.469062
1937.75,17.418176,4.7834571,3.6318848e-05,0.061863967,0,0,18.414845,69.87397,48.539703,3.5666396,2.8764328
1937.8333,17.945418,4.7870777,2.1038888e-05,0.0010602121,0,0,17.743132,64.053116,45.054333,3.1057942,1.2957706
1937.9167,17.973367,4.7817435,1.8006654e-05,0,0,0,16.702131,58.898106,41.813824,4.3861196,2.1528365
1938,16.620856,4.8465664,1.8989362e-05,2.5877026e-09,0,0,15.263885,54.15358,38.752018,2.8942623,3.2163072
1938.0833,15.519486,4.8163147,2.0052485e-05,9.4648882e-10,0,0,13.92048,50.012035,35.980377,2.9024376,4.8550151
1938.1667,14.478564,4.7958572,2.1879032e-05,2.0119742e-05,0,0,12.691314,46.218887,33.27969,3.0011246,5.5386444
1938.25,14.230189,4.7881291,2.253222e-05,0.0042437276,0.010330145,0,10.986823,42.61821,30.722151,2.9781764,5.2126105
1938.3333,11.513568,4.8003634,2.7555754e-05,0.023880366,0.12052631,0,8.7336521,39.332767,28.081001,3.6573228,4.214058
1938.4167,11.178719,5.1550441,3.9505812e-05,0.50845671,2.5002237,0.70798793,7.5336957,36.25642,25.52363,9.5328992,42.782247
1938.5,14.794708,5.6245304,5.0300379e-05,0.5438171,2.4203685,1.1375308,6.6519909,33.477058,23.243074,7.6892359,65.768475
1938.5833,21.220146,5.8532865,3.646038e-05,0.43563956,1.8767078,1.0445424,6.3199992,30.977539,21.330011,5.3172058,72.898842
1938.6667,25.979485,6.0230307,2.9694262e-05,0.30072987,0.95833746,0.53727153,6.5042391,28.821169,19.857573,5.543234,49.857015
1938.75,29.272469,6.1805025,2.3654395e-05,0.11686182,0,0,6.6467338,26.910776,18.763845,4.7883212,21.310417
1938.8333,30.399978,6.2314779,1.4103655e-05,0.00052764457,0,0,6.9036336,25.309643,17.678925,3.4726151,1.5384314
1938.9167,31.024138,6.2386296,1.1648051e-05,3.2565727e-05,0,0,7.3201823,24.025946,16.708107,4.6754504,1.6476495
1939,30.474979,6.2444974,1.1843583e-05,1.3701352e-07,0,0,7.3998327,23.004631,15.81535,3.4118181,2.6215151
1939.0833,29.600164,6.1074779,1.2128761e-05,0.00047736803,0,0,7.2649231,22.16259,15.020943,3.3261928,3.8159694
1939.1667,28.363964,6.1091837,1.2526e-05,1.9574375e-05,0,0,6.960743,21.384411,14.258357,3.2482902,3.4057229
1939.25,25.597123,6.1020642,1.3982015e-05,0.0038730777,0,0,6.4416924,20.53907,13.483295,3.1473084,0.27250223
1939.3333,21.256896,6.0819197,1.6360806e-05,0.0079159689,0.028861386,0,5.6321783,19.61447,12.651765,3.2218548,0.023106288
1939.4167,15.411714,6.3236873,2.1368844e-05,0.27283492,1.2234198,0.20832846,5.0141153,18.576801,11.692718,16.244353,7.9037921
1939.5,14.599158,7.6892227,4.8040929e-05,0.84540738,3.2519265,1.1318779,4.8575144,17.391127,10.852107,18.04199,55.262927
1939.5833,19.633966,8.493687,4.0895204e-05,0.68261139,2.4475837,1.0417873,5.2010531,16.207161,10.071768,7.9033308,48.122626
1939.6667,24.391539,8.7918099,3.2424963e-05,0.48282594,0.9204823,0.40578167,5.5553193,15.180219,9.5103617,8.0765622,33.436012
1939.75,27.248353,9.0425191,2.3446135e-05,0.075232404,0,0,5.7887359,14.272425,9.0961266,6.7845072,8.6245078
1939.8333,28.507585,9.1847824,1.1089009e-05,1.1075057e-06,0,0,5.8570833,13.467391,8.7681952,6.1456364,6.5871564
1939.9167,28.116997,9.1530764,9.3658091e-06,0,0,0,5.908186,12.759234,8.4193144,8.9198305,11.277266
1940,27.442688,9.2044119,1.0799731e-05,0,0,0,5.9171534,12.128847,7.8910003,6.0772352,14.518007
1940.0833,27.909655,9.0377685,1.0514963e-05,0,0,0,5.8637795,11.575326,7.4596176,5.9169757,21.307786
1940.1667,28.277669,8.875466,1.032945e-05,0,0,0,5.5387878,11.049902,7.1292386,5.4668252,21.780597
1940.25,26.95268,8.6891027,1.1411038e-05,0.013156005,0.053960988,0,5.0324082,10.519785,6.8805408,4.4996635,3.2673028
1940.3333,26.276272,9.1581279,1.2530028e-05,0.56255702,2.0881544,0.33431366,4.5024381,9.9870558,6.7155023,15.422972,65.92633
1940.4167,33.321302,10.190039,2.2082246e-05,1.1768969,3.8880237,1.1301718,4.417634,9.4454012,6.62567,16.603484,170.23314
1940.5,43.132775,10.874559,2.0419555e-05,1.0654749,3.3735637,1.1604965,4.7844419,8.9555531,6.6081634,12.051818,148.75866
1940.5833,55.651795,11.356824,1.6040622e-05,0.89618624,2.7724191,0.98742853,5.5706372,8.6225891,6.6348491,9.8381338,169.54115
1940.6667,69.375753,11.682163,1.279928e-05,0.5871819,1.5406959,0.56273992,6.6116209,8.5181522,6.6927943,9.6438032,153.26546
1940.75,75.040504,11.908462,9.3934095e-06,0.12031677,0,0,7.9541931,8.6731367,6.7736912,7.4611949,30.086842
1940.8333,76.324955,11.94842,5.8236387e-06,0.0072362848,0,0,9.4435501,9.1331911,6.8704453,6.5324283,22.234673
1940.9167,76.495163,11.94465,5.3962476e-06,4.149471e-07,0,0,11.049458,9.9235964,6.9719148,7.6408135,5.0169289
1941,75.284004,12.044729,5.4898137e-06,2.9496556e-20,0,0,12.642065,11.049517,7.0661922,6.0267496,8.9276469
1941.0833,73.106661,11.812718,5.5565824e-06,-1.2749337e-08,0,0,13.079888,12.256618,7.1592674,5.8068306,7.8124738
1941.1667,69.37971,11.40822,5.7238681e-06,-1.0922515e-07,0,0,12.44206,13.178758,7.4001784,5.4361078,6.243459
1941.25,62.260292,10.736862,6.243522e-06,0.00046385417,0.0020553022,0,11.310244,13.842478,7.9021192,4.9018655,1.0840308
1941.3333,57.139769,10.632212,7.1012346e-06,0.28392823,1.0610853,0.10239616,10.049566,14.289025,8.3465185,22.861319,12.588877
1941.4167,61.351817,12.298371,1.0683532e-05,1.3819176,4.3937416,0.94205752,8.9095078,14.515907,8.6335669,18.572954,210.07168
1941.5,82.902953,12.930191,1.0062196e-05,1.2113141,3.736277,1.0970028,8.6281061,14.607985,8.7917814,12.034054,292.49848
1941.5833,107.34111,13.272393,6.6936605e-06,1.1524008,3.4812964,1.035289,9.3361254,14.719668,8.9229012,11.777951,293.01638
1941.6667,122.99506,13.582845,5.4940319e-06,0.74993004,1.6059919,0.48313243,10.59845,14.899718,9.0127745,11.809648,151.94361
1941.75,127.65583,13.794732,5.0821791e-06,0.21195779,0,0,12.107945,15.214355,9.0765123,8.8691392,33.70433
1941.8333,126.52865,13.695872,3.8292956e-06,0.00088522632,0,0,13.611385,15.566999,9.1220503,6.6198327,7.4005892
1941.9167,124.57187,13.548946,3.496101e-06,1.0432363e-06,0,0,15.063972,15.965234,9.1450901,7.2997332,9.8021493
1942,121.70649,13.456569,3.5804526e-06,0.00062744021,0,0,16.580736,16.384203,9.1344175,5.9935381,3.4875641
1942.0833,117.85082,13.228397,3.615085e-06,0.0020117075,0,0,18.089312,16.769735,9.0775833,5.4286205,0.055500786
1942.1667,111.55269,12.88779,3.7714594e-06,0.00069919325,0,0,19.416735,17.081337,8.9549894,5.2880329,0.010529229
1942.25,102.77528,12.476638,4.0404716e-06,0.0045730501,0,0,20.364742,17.163181,8.7366762,5.1228236,0.013526872
1942.3333,77.89965,10.950002,5.6991794e-06,0.010543807,0.11095494,0,21.35807,16.922449,8.4385328,4.5441786,0.035725161
1942.4167,33.435307,7.7074836,1.451155e-05,0.59907527,3.7060122,0.61149338,26.802975,17.105436,8.0824547,23.171524,29.617352
1942.5,34.267269,9.3601458,2.3889635e-05,0.88008656,4.8592662,1.2788458,32.227184,17.419519,7.6401105,21.692087,82.091661
1942.5833,38.823612,10.231688,2.1776381e-05,0.71595639,3.7496682,1.0357765,37.896046,17.766632,7.1102314,10.27266,63.157252
1942.6667,43.776568,10.633833,1.9103209e-05,0.55947139,2.1916638,0.55063598,42.291229,17.974447,6.6275935,10.050981,46.408971
1942.75,46.221614,10.988826,1.5788713e-05,0.10915981,0,0,45.546528,17.001791,6.2043533,8.3827001,15.484926
1942.8333,47.168411,11.200974,1.4172818e-05,0.0012386177,0,0,47.71291,15.831034,5.835948,7.7569491,11.503683
1942.9167,47.935277,11.37019,1.2650249e-05,5.7934586e-20,0,0,48.321087,14.70774,5.5238171,10.834038,18.94041
1943,48.001707,11.737972,9.3897715e-06,1.9908307e-08,0,0,46.487835,13.489068,5.2484856,7.5620811,20.442556
1943.0833,48.32327,11.852353,8.8925162e-06,0.00010570302,0,0,44.506954,12.443993,5.0113783,7.3828941,28.544224
1943.1667,45.57582,11.743209,9.4733268e-06,2.4526954e-07,0,0,41.330738,11.511066,4.7863498,6.0688993,18.59193
1943.25,35.951026,11.203499,1.1424501e-05,0.00035156852,0.0047507273,0,34.990536,10.64921,4.5539541,5.1672967,7.0940693
1943.3333,31.028526,11.114649,1.3057474e-05,0.0033039577,0.055281458,0,33.062889,9.8921986,4.3152585,4.9057247,0.50341305
1943.4167,26.787322,11.38601,1.4953634e-05,0.29261459,1.6098534,0.15130042,32.129883,9.2464161,4.0655055,21.790427,22.487437
1943.5,32.580905,13.340152,2.250187e-05,1.1341014,5.5492535,0.99774274,29.986244,8.7227764,3.8335938,24.157558,138.09073
1943.5833,43.262687,14.307901,1.9292862e-05,0.93200767,3.4167813,0.72621811,29.141649,8.3337955,3.6696117,13.94133,118.85132
1943.6667,51.608402,14.872625,1.5482961e-05,0.69517036,0,0,29.050167,8.1310492,3.5915353,13.783437,82.219406
1943.75,55.384561,15.334457,1.3298357e-05,0.24055286,0,0,28.569193,8.221612,3.6000702,12.518091,29.469472
1943.8333,56.62873,15.606201,7.3283336e-06,0.0011881753,0,0,27.721851,8.6383286,3.6959281,10.224917,17.643998
1943.9167,57.393324,15.742056,6.6779112e-06,6.7685272e-08,0,0,27.009819,9.388732,3.8777184,13.092176,19.49885
1944,58.347449,16.11343,6.647705e-06,3.0556963e-07,0,0,26.239735,10.494517,4.1446376,9.6411152,21.626581
1944.0833,59.527375,16.165374,6.5898885e-06,0.00012905906,0,0,25.540556,11.853575,4.4689565,9.6286605,27.414032
1944.1667,60.914531,16.18694,6.563163e-06,3.8968362e-08,0,0,24.583702,13.491688,4.8567152,9.4367633,35.108427
1944.25,61.173376,16.116403,6.4988071e-06,-2.5836167e-05,0.00011221633,0,22.922695,15.280168,5.3035188,7.7731255,10.154557
1944.3333,51.461402,15.248449,7.4455102e-06,-0.00046718979,0.025363822,0,10.534367,16.808702,5.7374082,6.5237624,2.4579767
1944.4167,48.200697,15.036255,8.0480677e-06,0.059469137,0.38099997,0.0047870337,9.6176414,18.049229,6.1368866,10.921116,2.1567029
1944.5,49.570087,16.892793,1.1855467e-05,1.3084158,5.853373,0.71351994,9.5173979,18.985382,6.4867988,35.570932,148.0247
1944.5833,63.22372,17.667361,1.4020059e-05,1.1133918,5.0090066,0.82242079,10.415756,19.621214,6.799221,16.569034,189.21543
1944.6667,75.218879,18.11295,1.1043557e-05,0.83326679,0.81376774,0.11856582,11.153033,20.197754,7.0805092,16.258104,145.69842
1944.75,81.683435,18.429805,9.4881334e-06,0.22566385,0,0,11.640624,20.822817,7.3615308,13.302557,40.749083
1944.8333,82.35772,18.384747,6.3947055e-06,8.5225886e-05,0,0,11.802955,21.567886,7.6625466,10.194443,13.263249
1944.9167,82.430832,18.238025,4.7074964e-06,0.00025906588,0,0,11.944548,22.565996,7.9927897,11.762607,12.472807
1945,81.975795,18.230442,4.8626994e-06,0.00026388885,0,0,12.000605,23.603796,8.3537388,9.4455067,7.7745777
1945.0833,81.101812,17.966969,4.9215296e-06,6.3237921e-05,0,0,11.892384,24.567146,8.6831789,9.3290813,9.9886819
1945.1667,79.848185,17.693266,5.01562e-06,-1.4576867e-06,0,0,11.619416,25.462252,8.9583111,8.7154725,9.331056
1945.25,77.130824,17.350201,5.1553275e-06,-2.7454919e-05,0.004890543,0,11.122249,26.24403,9.1750393,7.7161006,5.5016472
1945.3333,72.702698,17.003298,5.4644233e-06,7.2778291e-05,0.10558982,0,10.393176,26.796352,9.3036346,7.5664191,8.1982622
1945.4167,67.779154,16.987836,5.8796718e-06,0.37388297,1.9817668,0.1049818,9.4645529,27.031879,9.3232765,35.753285,20.123138
1945.5,70.58613,19.471422,1.0521283e-05,1.5861304,7.2009908,0.85186777,8.8921165,26.898935,9.2136517,25.002299,163.96209
1945.5833,82.688607,20.070506,1.0714646e-05,1.1132362,5.0535122,0.68816781,8.8029842,26.458082,8.9702959,18.787357,161.05959
1945.6667,86.294904,20.651255,9.8637456e-06,0.96344019,1.9890476,0.25552979,8.4055986,25.804956,8.6092634,24.937266,125.35887
1945.75,78.956135,21.458587,9.6746899e-06,0.24077182,0,0,7.7758484,24.971148,8.1315575,17.336012,48.856835
1945.8333,56.21738,21.406,1.1764524e-05,0.00018390424,0,0,7.8412881,24.002096,7.5482898,12.773061,16.74968
1945.9167,46.912812,21.239266,1.111927e-05,4.899912e-20,0,0,8.1923609,22.895435,6.9350243,15.321642,20.000986
1946,46.454262,21.276329,1.0492019e-05,0.00010399522,0,0,8.410265,21.68733,6.3751884,11.310106,9.9535386
1946.0833,45.814872,20.736253,1.0545266e-05,2.7338202e-08,0,0,8.4694462,20.647869,5.8979998,9.6249458,4.5188194
1946.1667,43.781791,20.123482,1.0487001e-05,-9.4523617e-06,0,0,8.1831446,19.682339,5.4657865,9.0124801,4.3728605
1946.25,40.418215,19.69341,1.0612913e-05,-1.7914304e-05,0.039243682,0,7.6858511,18.704786,5.0543761,8.6732611,1.3564175
1946.3333,34.818415,19.385356,1.2254963e-05,0.0060664274,0.29936634,0,7.1278329,17.709572,4.6684041,8.7768555,1.0481513
1946.4167,27.833186,21.52727,1.5652955e-05,1.0126807,4.7517355,0.24460867,6.5693793,16.672028,4.2974811,75.050455,26.194613
1946.5,25.831627,26.728494,3.0271645e-05,1.89235,7.570564,0.5960507,6.596396,15.814127,3.9381666,59.096218,82.614615
1946.5833,30.990224,28.392244,2.6122972e-05,1.3746713,5.3742563,0.41472894,6.8390589,15.140885,3.5966213,30.307894,61.610114
1946.6667,34.813471,29.277917,2.2424421e-05,1.1084905,2.4139132,0.17828972,6.8229408,14.473191,3.2952607,28.681177,47.42142
1946.75,36.368053,30.139809,1.8589417e-05,0.53167168,0,0,6.6702485,13.905721,3.0237806,29.517953,31.782928
1946.8333,36.378995,30.871261,1.6778709e-05,0.0059428374,0,0,6.3358493,13.364807,2.7826307,28.117841,30.260831
1946.9167,37.524603,31.507645,1.5631931e-05,9.836283e-05,0,0,5.9744692,12.801995,2.5713317,38.892796,41.637691
1947,39.016116,32.575045,1.4040587e-05,2.1168564e-23,0,0,5.5457311,11.94334,2.3819971,25.417391,39.541561
1947.0833,39.801165,32.210264,1.110203e-05,0.0015000779,0,0,5.1259518,11.127752,2.2214112,22.751348,43.946861
1947.1667,40.113669,32.262083,1.0358434e-05,0.00020817433,0,0,4.7046452,10.351671,2.0765738,20.689347,57.062242
1947.25,37.436828,32.150768,1.0038233e-05,0.0096505817,0.040274593,0,4.3117428,9.5715532,1.9411701,19.047027,65.205062
1947.3333,32.952085,32.275863,1.1319941e-05,0.19403603,1.0373011,0.0051830442,3.9329503,8.8084879,1.8254434,38.77183,21.159603
1947.4167,34.452658,36.085453,1.4793881e-05,2.6619579,8.9108395,0.38775385,3.5627282,8.1689835,1.7379552,82.018486,196.64755
1947.5,42.244133,39.553918,1.596601e-05,3.5609333,7.1494581,0.47702811,3.6838822,7.5644174,1.6704513,48.105877,90.131647
1947.5833,46.387982,41.607846,1.2002703e-05,2.7188277,5.2470206,0.34881476,3.8912699,7.0422277,1.6015682,53.155219,93.497434
1947.6667,49.853187,43.23541,8.772643e-06,1.5766716,2.1768326,0.14468087,3.8962903,6.5755677,1.5471781,46.38621,78.134228
1947.75,54.661851,44.790238,7.4133181e-06,0.16874666,0,0,3.5123634,6.149044,1.5084988,46.694942,132.58388
1947.8333,61.549723,45.888044,5.0483336e-06,0.0028214154,0,0,2.5210886,5.7619925,1.4948871,40.463389,30.894324
1947.9167,62.751271,46.745405,4.7684666e-06,0.00023304047,0,0,2.4533131,5.4132547,1.4914622,52.391198,47.184077
1948,63.894935,48.127625,4.5969769e-06,0.00010148752,0,0,2.3319345,5.0925407,1.4868758,33.101511,36.60416
1948.0833,62.629372,48.301287,4.7223421e-06,0.00095940723,0,0,2.1897037,4.8144627,1.4765338,37.252747,49.750239
1948.1667,60.381602,48.900511,4.8005013e-06,0.0012253917,0,0,2.053504,4.5531712,1.4553307,40.871089,64.826778
1948.25,56.632049,49.494956,5.158879e-06,0.013257003,0.2111977,0,1.9900533,4.3031487,1.4161056,36.719,41.903134
1948.3333,54.000385,49.291052,5.2931005e-06,0.073828956,1.1356371,0,1.9421093,4.0742493,1.3527358,30.019052,33.071117
1948.4167,53.341862,51.425356,5.1555271e-06,1.8637345,4.0941291,0.093783154,1.8715355,3.8573678,1.2678239,106.23962,137.104
1948.5,62.179327,56.943264,5.2835976e-06,3.8908136,6.7748791,0.36894844,1.8931673,3.6351678,1.1662465,74.374542,213.00812
1948.5833,67.19704,59.568308,5.5992309e-06,3.1729892,5.1782064,0.33822253,1.9367942,3.4162929,1.0688831,71.157661,166.12926
1948.6667,75.160973,62.066697,4.7514541e-06,2.2695954,0,0,2.1344185,3.2119,0.98988563,66.874245,181.48236
1948.75,87.740377,63.293993,3.2376608e-06,0.239088,0,0,2.4062846,3.0265534,0.92406338,54.063759,179.20732
1948.8333,96.42645,63.990504,2.5348363e-06,3.7758139e-05,0,0,2.7370369,2.8607786,0.86871135,50.124913,66.951915
1948.9167,96.772641,64.53266,2.5355428e-06,1.3758941e-06,0,0,3.0307477,2.7121408,0.82269138,72.858922,54.87129
1949,98.032959,66.37679,1.9721688e-06,7.9826445e-05,0,0,3.3027699,2.5703201,0.78503323,46.519872,43.769561
1949.0833,97.926714,65.713242,2.0793059e-06,0.00015433315,0,0,3.4406402,2.4516423,0.75853091,43.094473,48.005291
1949.1667,98.303355,64.998507,2.2249192e-06,0.0027192421,0,0,3.3055153,2.3482227,0.74344575,40.744409,54.826121
1949.25,96.819863,64.477198,2.4591773e-06,0.0028237598,0.051077146,0,3.121027,2.257494,0.74134588,36.776598,40.054624
1949.3333,90.463087,64.004965,2.7836033e-06,0.020294843,0.32244922,0,2.9219475,2.1743574,0.75170088,39.82332,42.841239
1949.4167,85.880734,65.324321,3.0037017e-06,1.4920438,2.9025233,0.095384641,2.6902606,2.1005926,0.76652431,113.0942,102.46882
1949.5,99.52569,71.130723,3.2869696e-06,4.4443504,7.362719,0.40673461,2.5380387,2.0299599,0.77963537,86.163409,344.42838
1949.5833,117.14233,73.41598,3.3948647e-06,3.1536345,5.0452684,0.31579874,2.4700823,1.9769484,0.78984797,70.82261,271.32827
1949.6667,122.30874,75.045064,3.195446e-06,2.3976807,3.8381788,0.23678646,2.3759713,1.9617265,0.80231351,69.915407,269.82676
1949.75,121.48068,76.230057,2.8892198e-06,0.86731825,0.088464477,0.0046062675,2.6385801,2.0027211,0.81709981,62.217397,218.17105
1949.8333,124.12827,76.262631,2.3482962e-06,0.036312574,0,0,3.2245853,2.1079757,0.83859885,48.604311,174.19447
1949.9167,128.48251,75.651228,2.2628622e-06,1.0253278e-19,0,0,3.8607719,2.2668886,0.86432284,56.893523,59.81089
1950,128.99873,75.585134,3.1903828e-06,0.0026490206,0,0,4.3875456,2.4502437,0.88674861,42.089874,44.727895
1950.0833,125.84758,72.818518,3.2523087e-06,4.4022326e-06,0,0,4.5693498,2.5947351,0.90060741,41.801922,54.681006
1950.1667,122.69367,70.605047,3.2599798e-06,0.006750699,0,0,4.4274383,2.7403934,0.90168947,40.650405,60.657928
1950.25,117.24754,69.83117,3.3995962e-06,0.023957165,0,0,4.3193631,2.9057486,0.88373059,38.424126,28.07311
1950.3333,106.85582,69.160759,3.6698857e-06,0.2070584,0.7869987,0,4.1974802,3.0342143,0.83859134,49.770581,19.209139
1950.4167,102.82668,73.222689,3.814127e-06,2.2942308,4.0636025,0.11108433,3.9059002,3.1313446,0.7712732,168.34478,146.24297
1950.5,128.4892,80.825597,3.6972237e-06,4.8323218,7.6955209,0.33867993,3.8051121,3.2422223,0.70681435,89.470292,476.23739
1950.5833,154.43455,82.982525,1.5567782e-06,3.5668314,5.6110152,0.27504564,3.9057469,3.3403134,0.6445601,80.89325,319.48192
1950.6667,166.18189,84.663495,1.4665009e-06,3.1678956,0.95972727,0.048273616,4.2264977,3.4286289,0.58541369,77.353586,232.36383
1950.75,166.64423,85.813895,1.4458913e-06,1.3769478,0,0,4.7816887,3.5783308,0.53421217,72.128712,154.37306
1950.8333,161.85828,86.453445,1.454564e-06,0.097903778,0,0,5.6253681,3.8108919,0.49134895,64.656872,90.200607
1950.9167,156.10349,86.509548,1.4952302e-06,0.0012787811,0,0,6.7307653,4.1554976,0.4573147,69.484263,80.290182
1951,153.14385,84.45935,1.5509985e-06,1.6025333e-09,0,0,7.7582879,4.4932566,0.4327828,48.56676,83.234509
1951.0833,150.02212,80.455147,1.6050815e-06,0.0010612256,0,0,8.5479593,4.8094831,0.41982248,53.354532,104.88726
1951.1667,150.1426,79.748735,1.6313269e-06,0.0024910272,0,0,9.0280676,5.145102,0.41905871,52.472142,128.82704
1951.25,146.24996,79.152033,1.643554e-06,0.034801094,0,0,8.9500113,5.4663038,0.43303475,45.391344,78.076465
1951.3333,131.91672,78.499384,1.7369589e-06,0.39748477,0.75958437,0,8.9881659,5.742723,0.46499714,68.440373,42.028747
1951.4167,128.47628,82.966127,1.7653297e-06,3.8303236,6.4981124,0.16142008,9.0193033,5.8295298,0.51703167,127.99231,375.21154
1951.5,164.44086,87.039351,1.4904389e-06,4.3341387,6.9150382,0.24661368,9.6542444,5.8843064,0.59396881,89.514736,467.86756
1951.5833,195.88396,88.017747,1.3297307e-06,3.2274705,5.1970128,0.2006734,10.848675,6.0208287,0.70265847,69.284253,371.09472
1951.6667,220.99587,88.656411,1.134636e-06,3.1606094,1.4329244,0.052744762,11.912406,6.1775765,0.8454603,72.640902,467.642
1951.75,243.33994,88.902928,1.0594385e-06,0.52866932,0,0,12.940404,6.3160906,1.0334698,57.669199,209.43798
1951.8333,252.4173,87.969877,1.0564621e-06,0.018998432,0,0,14.152399,6.5209689,1.2743571,51.303235,224.04709
1951.9167,261.044,86.860768,9.9711497e-07,0.00032310978,0,0,15.575089,6.8186326,1.5755831,53.335096,137.92106
1952,259.20451,85.417643,9.8656915e-07,6.9057052e-11,0,0,17.341299,7.2395158,1.9473482,40.796871,81.200669
1952.0833,257.82689,83.128318,9.8800399e-07,0.00069865623,0,0,19.01263,7.7248607,2.3644755,39.433658,111.61814
1952.1667,257.62627,81.239767,9.7991222e-07,0.0036270417,0,0,20.606125,8.3034258,2.8408918,35.752991,54.402265
1952.25,250.09272,79.025865,9.8583155e-07,0.0081056919,0.050551582,0,22.225595,8.989213,3.375083,32.776344,2.1057891
1952.3333,240.40073,76.683156,1.0089419e-06,0.020489244,0.33927074,0,23.389223,9.8180771,3.9035556,31.208241,0.27614908
1952.4167,230.24739,75.280406,1.0368899e-06,0.82835552,1.9085847,0.018646119,23.147985,10.560185,4.401165,109.94952,26.177315
1952.5,251.70833,85.943483,9.828608e-07,4.6069457,7.7804202,0.23126876,22.187574,11.054806,4.8477049,162.91005,727.01132
1952.5833,299.63717,88.267386,8.8957103e-07,3.1797806,5.3219722,0.1966191,22.598608,11.480811,5.2464862,70.336595,630.14742
1952.6667,334.39815,88.628389,8.3684057e-07,2.9204148,2.1389251,0.076557695,23.79528,11.958113,5.5838914,72.19779,560.386
1952.75,349.73949,88.775165,8.1093322e-07,1.0534609,0,0,25.333172,12.674136,5.8614464,58.811872,138.35315
1952.8333,327.79646,87.083682,8.4702248e-07,0.12088336,0,0,28.303446,13.609665,6.1155429,40.070313,17.996226
1952.9167,315.76866,84.85543,8.6777516e-07,0.00098276949,0,0,31.693157,14.797601,6.3545442,36.436911,9.066213
1953,305.44153,82.011312,5.1460125e-07,5.309063e-20,0,0,35.395512,16.287083,6.5812783,33.69793,4.8452817
1953.0833,287.22623,76.797731,5.2581237e-07,-1.9359572e-06,0,0,38.86697,17.891249,6.7797494,31.563252,6.6295721
1953.1667,270.73225,72.08652,5.5165663e-07,-2.8737064e-05,0,0,42.560497,19.606413,6.9567266,29.490805,5.2611148
1953.25,255.81107,68.090096,5.8015655e-07,0.1232175,0,0,45.790974,21.493179,7.1063824,28.965165,0.0041409144
1953.3333,247.20353,68.349026,5.945534e-07,1.5558085,3.2486271,0.047455999,48.713303,23.493275,7.2100906,132.726,77.256295
1953.4167,269.01969,75.506754,5.7024056e-07,4.15398,7.7700648,0.2242057,54.939632,25.54649,7.2670078,80.163859,648.38139
1953.5,325.67555,75.971268,4.9409823e-07,4.111969,7.5902023,0.28600211,64.478027,27.528681,7.2738008,60.373365,841.35344
1953.5833,375.59205,76.15602,4.3146062e-07,2.8466773,5.2019346,0.19934826,73.405739,29.411112,7.2211394,59.288028,545.55212
1953.6667,404.3943,76.374903,4.0516449e-07,2.6818832,1.6501474,0.062399674,80.875847,31.563051,7.1115398,60.95705,467.19584
1953.75,413.64366,76.332837,3.9674828e-07,0.87017492,0,0,89.48288,34.114105,6.9502683,48.601286,100.60671
1953.8333,400.26778,74.109435,3.8780718e-07,0.0010325112,0,0,97.694122,37.118752,6.7816968,34.684116,36.868651
1953.9167,379.58789,69.963664,4.039214e-07,-9.5232123e-11,0,0,105.62785,40.594135,6.6322355,33.480824,39.537101
1954,356.49681,65.607242,7.6763507e-07,3.4395104e-08,0,0,113.4073,45.011147,6.4936099,28.374975,33.784028
1954.0833,338.83083,62.423289,7.9196047e-07,-4.0914924e-07,0,0,121.99931,50.46151,6.3632002,25.661058,7.4801548
1954.1667,314.89187,58.610652,8.1349714e-07,-0.00011223628,0,0,130.49567,56.249474,6.2248001,23.906254,0.7604914
1954.25,292.28553,55.582646,8.5482901e-07,-0.0017678147,-0.00047072048,0,138.70244,62.44936,6.062427,22.655676,0.51169317
1954.3333,271.19273,54.760784,9.0201286e-07,0.86197202,2.0623092,0.034191175,148.74222,68.841454,5.8681312,94.677703,14.95812
1954.4167,271.33426,61.167099,8.7710998e-07,3.6281809,7.9289155,0.26988198,143.53328,75.294617,5.6371379,86.684738,464.30292
1954.5,308.95349,62.363625,7.9490087e-07,3.1126585,6.6482806,0.30148227,138.09923,81.806961,5.4624286,50.789014,562.89163
1954.5833,342.03252,62.764831,6.9502948e-07,2.5701452,5.4751025,0.25370385,126.59092,88.325989,5.4046631,53.210954,480.03544
1954.6667,360.12924,63.251488,6.6101069e-07,1.7523832,3.0765647,0.14749869,132.31729,94.986855,5.3636184,54.367194,265.73431
1954.75,364.9517,63.427418,6.395245e-07,0.83452907,0,0,141.23082,101.63921,5.324368,39.876805,81.068835
1954.8333,357.80469,62.324237,6.6958677e-07,0.032452787,0,0,143.52637,107.91211,5.3377161,30.862232,57.680659
1954.9167,346.82477,60.150828,6.7501895e-07,1.0448353e-19,0,0,139.89873,109.77805,5.8013086,26.294277,21.341638
1955,332.6897,56.939788,6.6956801e-07,0.00064711958,0,0,145.83784,109.7253,6.9883981,23.562872,9.2425807
1955.0833,303.88817,47.636494,7.0059127e-07,0.00025840526,0,0,154.76434,109.59343,9.1177588,19.520806,4.3942546
1955.1667,279.59475,41.481558,7.3423405e-07,0.002064526,0,0,163.64748,108.74674,12.871823,16.908368,2.745883
1955.25,264.88671,39.189413,7.5050605e-07,0.0043270675,4.7283291e-05,0,173.21378,107.62182,16.938477,15.861123,0.003102537
1955.3333,250.13047,37.112374,7.8067325e-07,0.27461063,0.0071388207,0.0018075139,175.14662,106.8007,20.773588,31.034963,0.12848153
1955.4167,256.4674,40.899929,7.9376281e-07,3.9352127,0.30510531,0.19233306,177.74173,105.79259,24.371914,88.232436,533.93026
1955.5,299.2166,40.60876,7.6683085e-07,3.734458,0.8505857,0.28241927,187.87025,104.56994,27.838745,31.939649,705.10054
1955.5833,346.22997,40.023986,6.8888562e-07,2.8727365,1.0875525,0.25205564,200.15166,103.30443,31.36866,31.485067,614.5221
1955.6667,375.77423,39.50464,6.6559198e-07,2.0257518,0.16262317,0.02870607,209.24811,102.27837,34.906597,31.032425,424.83091
1955.75,382.58734,38.78881,6.5846916e-07,0.46070112,0,0,215.45995,101.59113,38.562366,22.293029,142.51192
1955.8333,373.11324,37.253872,6.766079e-07,0.00010528898,0,0,221.76498,101.31446,42.415787,15.179506,4.9016524
1955.9167,359.58028,35.671428,6.9373908e-07,4.3730426e-05,0,0,230.12498,101.50442,46.564587,14.449247,0.13872076
1956,345.45222,34.067202,7.1860973e-07,1.3540769e-05,0,0,238.97769,102.17716,51.131763,13.793054,0.024547286
1956.0833,326.27773,32.055501,7.5207817e-07,3.009924e-05,0,0,245.42665,103.19742,55.662487,12.977646,0.0024587873
1956.1667,299.13297,29.742217,8.0407801e-07,0,0,0,250.23389,104.4468,60.177715,12.041009,0
1956.25,246.4366,25.978224,9.0032211e-07,-6.7496141e-05,2.1301465e-07,0,231.65726,104.54552,64.139053,10.274296,0
1956.3333,155.20442,17.975088,1.2388837e-06,-0.000135216,2.579903e-06,0,125.01004,101.17614,64.401932,6.610523,0
1956.4167,118.83743,13.905469,1.7516044e-06,0.01975981,0.00047651874,0,109.59835,98.475464,62.945232,6.0460115,0
1956.5,111.28969,14.944121,1.9925797e-06,1.4451229,0.12817098,0.36685935,114.833,98.231598,62.329002,45.947338,108.64023
1956.5833,120.61365,15.851814,2.0351861e-06,1.1414651,0.31825344,0.39856061,120.74208,97.796066,61.598507,19.903417,140.23834
1956.6667,130.20614,16.022185,1.8980254e-06,0.8726403,0.40284677,0.24643354,121.59061,96.966347,60.664436,12.791867,123.30602
1956.75,129.90691,15.818711,1.9008979e-06,0.075081819,0,0,119.78725,95.743141,59.389622,8.4239031,3.625075
1956.8333,117.80217,15.361554,2.0760151e-06,0.00017541067,0,0,123.84184,94.163254,57.893269,7.1445228,2.6022762
1956.9167,89.734524,14.89987,2.5931058e-06,6.7705857e-21,0,0,148.43704,92.237091,56.302914,8.1046602,4.4405812
1957,71.161024,14.526815,3.0977744e-06,0.00015359474,0,0,170.84453,90.093781,54.575081,6.8025747,6.9017961
1957.0833,63.637428,14.050484,3.4735581e-06,1.0896688e-05,0,0,177.83197,88.005219,52.776802,6.6078686,10.607677
1957.1667,52.809212,13.534512,8.455736e-06,0,0,0,193.34503,85.79953,50.754696,6.1304355,10.246127
1957.25,45.688983,12.866056,1.0074364e-05,0,0.0028988839,0,189.33513,83.352631,48.337185,5.1456019,0
1957.3333,24.252651,11.234307,1.7587934e-05,8.7680458e-08,0.019035436,0,95.875847,78.704727,45.027836,4.2237077,0
1957.4167,11.660662,10.310621,3.5910569e-05,0.39351328,0.36664203,0.082476045,55.440144,72.440521,40.834648,35.201111,22.907278
1957.5,17.310252,13.393641,4.5249613e-05,1.3915144,1.5956517,0.466127,41.616325,66.41758,36.944695,47.453848,104.03648
1957.5833,24.890643,16.158458,3.4780893e-05,1.4061584,1.4446423,0.45786747,30.684055,60.760792,33.391506,27.262575,69.658286
1957.6667,31.857397,16.901596,2.5733301e-05,0.8653245,0.78393752,0.26521288,24.118904,55.59882,30.262079,18.887286,52.842075
1957.75,35.381805,17.213715,2.0969883e-05,0.26879789,0,0,20.176489,50.79361,27.47123,14.637846,13.543542
1957.8333,35.4251,17.193342,2.0087073e-05,0.015131011,0,0,17.215427,46.292774,24.969625,11.333394,9.8035437
1957.9167,30.903419,17.058009,2.2261598e-05,8.3471829e-05,0,0,16.056799,42.099163,22.718523,17.271751,15.266911
1958,29.148849,17.372157,1.8528757e-05,0.00015509372,0,0,14.134248,38.180614,20.648916,11.391754,22.169955
1958.0833,25.291398,17.264292,2.0153049e-05,0.00056881749,0,0,12.247693,34.771984,18.858746,11.380109,32.306715
1958.1667,22.563828,17.160237,2.2356822e-05,0.0003407948,0,0,9.8297682,31.660906,17.226788,11.195099,44.838645
1958.25,22.965156,17.052965,2.2080947e-05,0.0004211745,0,0,6.8809147,28.767488,15.682103,11.054479,60.224326
1958.3333,23.44238,16.854957,2.1641437e-05,0.0072159083,0.10171844,0,4.7868671,26.179277,14.268103,8.5969831,23.612549
1958.4167,24.189476,17.643167,2.134645e-05,0.9703357,1.0097485,0.14995053,3.7302501,23.841751,12.977842,38.105436,145.91192
1958.5,36.397453,20.535376,2.372565e-05,2.2021205,1.912404,0.53819231,3.6754365,21.738808,11.822969,49.759304,141.02059
1958.5833,46.915691,22.145454,1.9125391e-05,1.8288959,1.5127779,0.44894131,4.2030778,19.864901,10.793036,23.257054,127.35517
1958.6667,55.225465,22.810476,1.5451275e-05,1.1024793,0.75448716,0.22974826,4.7373519,18.254284,9.9159937,24.49623,124.91073
1958.75,63.143328,23.299059,1.1530177e-05,0.084608736,0,0,5.3130937,16.793047,9.1809521,19.575267,120.32272
1958.8333,70.383854,23.459218,1.0063182e-05,0.0021576911,0,0,5.9076524,15.51471,8.5530539,16.883378,42.156898
1958.9167,71.799107,23.448272,9.6405402e-06,1.9786947e-05,0,0,6.0794616,14.402451,7.9968586,22.141704,32.361127
1959,72.667383,23.890587,8.2765719e-06,0,0,0,5.7469354,13.395093,7.482789,14.862069,31.31647
1959.0833,73.584534,23.761824,7.5290486e-06,3.9570274e-05,0,0,5.3139954,12.526853,7.0202956,14.750176,45.040913
1959.1667,72.874196,23.248244,7.5650237e-06,0,0,0,4.6910686,11.723319,6.561976,13.519628,56.277924
1959.25,65.725237,22.696774,8.2025972e-06,1.7702014e-09,0.011853497,0,3.9404507,10.93089,6.0699553,10.634347,5.8935623
1959.3333,46.034336,22.210956,1.1175368e-05,0.0052326323,0.082528055,0,3.1455622,10.157241,5.5475907,9.4788416,0.54851282
1959.4167,27.078388,23.123564,1.8185692e-05,0.89453513,0.77588511,0.080569868,2.9958444,9.3831902,5.0286684,58.834182,76.681335
1959.5,39.829757,26.696255,1.9697294e-05,2.3779409,2.031668,0.39639002,3.6416111,8.6766729,4.5480151,51.916421,233.70482
1959.5833,58.876839,29.559752,1.5068275e-05,2.210518,1.8210084,0.40310618,5.0149384,8.0295134,4.1179166,39.595518,203.15374
1959.6667,72.776936,30.46081,1.1766047e-05,1.5783818,0.67049061,0.13960799,6.6781602,7.4640198,3.7507548,29.353449,159.18147
1959.75,79.853281,30.987753,9.4468041e-06,0.28411958,0,0,8.6010189,6.9992585,3.4329052,24.355965,40.765857
1959.8333,81.753314,31.172931,5.66275e-06,0.0020072416,0,0,10.638527,6.6330204,3.1686568,22.48035,37.206247
1959.9167,83.156839,31.301063,5.3328486e-06,1.3387028e-06,0,0,12.681108,6.3486352,2.9582784,32.423907,37.947518
1960,83.799027,31.992868,5.1823245e-06,1.0496043e-06,0,0,13.639288,6.132771,2.7987695,21.030882,37.198793
1960.0833,84.920563,31.927913,5.1258812e-06,9.1720303e-06,0,0,13.124677,5.9691091,2.6965978,21.187975,51.854831
1960.1667,86.431742,31.988669,4.9853193e-06,0,0,0,12.409556,5.816134,2.6415079,21.563474,64.367638
1960.25,85.106581,31.6609,4.9005757e-06,-8.3657362e-05,0.0092835787,0,11.614209,5.6577873,2.6283448,14.547361,13.134956
1960.3333,78.818195,31.045426,5.2992232e-06,0.086260352,0.1795786,0,10.896394,5.4856634,2.6532199,19.123598,3.8181949
1960.4167,77.602401,33.191659,5.7969778e-06,2.0571109,1.7397002,0.20474212,9.685257,5.3003836,2.6928878,79.043496,238.02528
1960.5,107.97015,36.418017,7.2811413e-06,3.4016466,2.5470876,0.5431027,7.8080478,5.2290258,2.7480879,44.620016,464.91387
1960.5833,136.9994,37.8226,5.1462221e-06,2.9774368,2.2115748,0.4831017,6.904942,5.1779261,2.8421125,43.652491,379.72585
1960.6667,147.20793,38.96166,3.7011228e-06,1.9079803,0.65173838,0.12642695,6.1798625,4.9915733,2.9400146,39.49293,228.14162
1960.75,125.86465,40.036015,4.251629e-06,0.2476123,0,0,6.0838943,4.8388243,3.0464325,36.093024,87.675913
1960.8333,112.69128,40.338844,3.1784234e-06,0.0010383538,0,0,6.5516214,4.6994882,3.1771295,27.896058,38.241678
1960.9167,112.22526,40.40676,3.2058319e-06,0.0047988913,0,0,6.3894882,4.5683346,3.3108776,36.958541,44.200086
1961,111.54309,40.985923,3.231095e-06,0.0027307685,0,0,6.0590205,4.4802403,3.4128156,23.952447,28.442345
1961.0833,107.61152,40.44177,3.1277898e-06,0,0,0,5.6162586,4.4213362,3.4702649,20.149416,12.061304
1961.1667,97.476617,38.583916,3.2836172e-06,-1.465664e-06,0,0,4.9900689,4.3179073,3.4807847,17.425364,8.1891608
1961.25,85.86634,37.042636,3.8241878e-06,0.0003533642,0.012800902,0,4.0834022,4.1573701,3.4308298,16.762036,14.396784
1961.3333,59.531063,37.021622,5.2839664e-06,0.52346475,0.49566677,0.021262383,2.8242452,3.9287908,3.3028734,74.773251,20.147184
1961.4167,37.450813,46.821225,1.0949618e-05,4.3938619,2.8428296,0.35042493,2.4000793,3.6518915,3.0882964,174.09651,141.55081
1961.5,39.488316,55.130403,1.3209064e-05,4.7320026,2.5206404,0.37560306,2.2738266,3.4181035,2.827903,112.4277,147.28194
1961.5833,49.324535,60.174044,9.7495367e-06,4.369284,2.0665723,0.33968697,2.0176752,3.2139428,2.5832102,90.71861,137.24928
1961.6667,57.356626,63.133813,7.6685019e-06,2.874658,1.1764398,0.20100623,2.0830107,2.9791324,2.3728635,71.465794,116.7308
1961.75,64.676978,65.141171,5.8820669e-06,0.51180536,0,0,2.1483715,2.7565484,2.1750727,65.54194,88.997406
1961.8333,68.600312,66.323832,4.5329148e-06,0.01418474,0,0,2.0862548,2.5635548,1.993183,56.07405,44.809995
1961.9167,69.86028,67.021906,4.3849941e-06,9.9941703e-07,0,0,1.9702921,2.3940568,1.8293,79.037607,64.385634
1962,69.31705,68.657286,4.6205405e-06,0.0032053723,0,0,1.8198532,2.2379866,1.6762457,48.638584,54.067537
1962.0833,66.499896,69.052994,5.0106723e-06,0.035331221,0,0,1.6554155,2.0975065,1.5382415,57.88036,75.308557
1962.1667,61.055068,69.144003,5.4409238e-06,0.029667221,0,0,1.5199968,1.9607373,1.4054946,41.717907,69.949999
1962.25,55.204745,68.469934,5.9541785e-06,0.0021427722,4.7638063e-06,0,1.5459001,1.8192809,1.276143,39.007769,89.203858
1962.3333,57.568863,69.98723,6.0175744e-06,1.7286319,0.80221229,0.032501641,1.5695276,1.6873121,1.1604764,123.15358,135.23149
1962.4167,66.790059,78.96851,6.7762176e-06,6.9230141,2.6850357,0.20790782,1.6701132,1.5768812,1.0630183,148.26928,196.42041
1962.5,78.419968,83.612062,6.934491e-06,7.3271859,2.6508756,0.27732,1.9104624,1.484581,0.99022329,87.905648,200.46739
1962.5833,93.310773,85.246585,5.0165886e-06,5.8179565,2.0985035,0.24020079,2.2067983,1.4065146,0.93683177,77.601107,221.07098
1962.6667,109.45986,86.640745,4.150852e-06,3.560421,0.80776041,0.090977504,2.5554202,1.3495239,0.90122145,78.474628,237.33084
1962.75,125.35271,88.189386,3.6089316e-06,0.98370771,0,0,2.859879,1.3130361,0.87985545,83.843928,207.67301
1962.8333,134.70648,90.141535,2.815787e-06,0.00056863944,0,0,2.9572515,1.2932669,0.8689031,85.818814,125.93458
1962.9167,137.68576,90.423509,2.3334981e-06,1.6957948e-08,0,0,2.9898977,1.2852284,0.86566502,111.69492,130.00453
1963,137.6953,90.426661,2.4787994e-06,0.008180786,0,0,2.9656017,1.2898238,0.86717701,62.27133,61.924536
1963.0833,135.64305,88.044137,2.5561949e-06,-7.6796091e-06,0,0,2.9232149,1.3103017,0.86768615,64.116658,80.649083
1963.1667,132.79231,85.270561,2.6488917e-06,-0.00025266006,0,0,2.8346894,1.3509209,0.86476237,62.723384,76.864609
1963.25,128.49241,82.379073,2.8098405e-06,-0.00041054324,-9.1407279e-05,0,2.6445453,1.4186723,0.85740864,57.070435,100.19419
1963.3333,121.00389,80.138765,3.0690371e-06,0.31975001,0.19868598,0.0009997584,2.3178709,1.5277508,0.85931671,64.587352,128.56062
1963.4167,120.26127,84.524587,3.6439453e-06,5.9584772,2.5502392,0.20358384,2.2248664,1.6403567,0.87512177,130.84385,355.1932
1963.5,139.24137,88.775143,5.2812607e-06,6.2848067,2.4875843,0.30590002,2.800123,1.7806644,0.90206903,104.59716,440.3559
1963.5833,168.18283,90.997994,3.3925287e-06,4.7356188,1.8549691,0.24560856,3.7506404,1.954801,0.95186359,81.24421,426.66696
1963.6667,200.46726,92.166215,2.8198128e-06,3.8696177,0.90350319,0.11901988,5.0353904,2.1873631,1.0271462,78.621238,513.90884
1963.75,234.29134,92.982858,2.2451961e-06,0.67428318,0,0,6.7163615,2.5227327,1.1440339,71.386345,385.29858
1963.8333,242.72008,92.822194,1.6683031e-06,3.5990611e-06,0,0,8.9363508,3.0004904,1.313939,62.930536,90.357937
1963.9167,235.3963,90.084344,1.5956488e-06,-9.4476229e-09,0,0,11.591173,3.6661391,1.5503336,84.623021,89.642362
1964,225.92595,88.078164,1.2554833e-06,0,0,0,14.201312,4.5358582,1.9924105,57.482246,59.876839
1964.0833,213.50448,82.776286,1.3155473e-06,-7.9238791e-06,0,0,16.863302,5.45228,2.7047703,54.61636,81.498369
1964.1667,203.67765,77.437252,1.3843115e-06,-0.00018308254,0,0,19.133036,6.4143877,3.721905,51.370356,106.54397
1964.25,199.24097,73.258564,1.4368588e-06,0,-0.00027372788,0,20.996559,7.3468084,5.0246401,46.974184,120.25915
1964.3333,197.26615,69.733247,1.5196005e-06,0.0072644478,0.0060011408,0,22.184557,8.1565943,6.488153,42.309175,133.5733
1964.4167,205.7745,70.24464,1.6025302e-06,3.5692324,2.0323257,0.080213306,22.106226,8.9419565,8.0413475,109.60558,402.74632
1964.5,257.40269,73.130153,2.1379528e-06,5.8522857,3.1103772,0.20754826,22.281683,9.6913347,9.6770649,59.369466,795.70558
1964.5833,321.28212,73.340781,5.7167784e-07,4.716033,2.500137,0.18508548,23.333103,10.453784,11.432837,58.073798,885.42379
1964.6667,385.96189,73.47817,4.815027e-07,3.01616,1.290412,0.10125361,23.900423,11.248288,13.267512,58.035498,890.78723
1964.75,451.56258,73.547535,4.1583857e-07,1.34431,0,0,24.509024,12.147285,15.225128,51.488196,857.12474
1964.8333,468.66608,71.683303,3.8956276e-07,0.00082130672,0,0,27.252138,13.237827,17.321148,31.026032,54.98052
1964.9167,442.5292,67.279235,5.4596472e-07,0,0,0,32.260624,14.651581,19.567724,29.27216,8.7205326
1965,414.59319,62.842458,7.0294175e-07,0,0,0,38.690784,16.536129,22.006525,26.208551,6.4261713
1965.0833,377.89804,56.997739,7.6972816e-07,-8.6886973e-08,0,0,45.632397,18.863708,24.473713,23.538729,5.1264871
1965.1667,348.19388,52.217878,8.5169046e-07,-0.00016061729,0,0,53.234417,21.708158,27.082422,21.291651,3.638349
1965.25,327.24255,48.798848,9.4033555e-07,0,0,0,61.533749,25.013195,29.754017,19.812624,2.241596
1965.3333,306.6718,45.556996,1.0188318e-06,-3.1923487e-05,-0.00051029471,0,69.646339,28.628942,32.186741,18.446685,0.066883315
1965.4167,290.22807,45.692235,1.1674019e-06,1.8021359,1.4306161,0.058971712,76.546974,32.568523,34.37635,131.54462,99.338163
1965.5,319.11823,51.52642,6.7009773e-07,4.2795883,3.0506703,0.23890684,84.442741,36.981617,36.331608,41.93759,763.24538
1965.5833,372.4941,51.590811,4.8598361e-07,3.1218322,2.2211641,0.20959917,94.509933,41.819572,38.106037,40.748463,684.14712
1965.6667,405.03863,51.636308,4.3789342e-07,2.0281321,1.313415,0.14524888,103.52545,46.999317,39.681747,40.921482,383.20338
1965.75,407.77299,51.123295,4.276616e-07,0.26012668,0,0,113.83326,52.659298,41.124592,24.487299,29.0493
1965.8333,392.40086,49.249254,4.2831059e-07,0.027891796,0,0,125.8708,58.92844,42.465042,19.941308,0.073037493
1965.9167,374.8455,47.093835,4.4691245e-07,3.9459213e-19,0,0,138.8658,65.815742,43.709599,19.070921,0.081648201
1966,349.23789,43.884046,4.6944768e-07,0,0,0,152.36844,73.376694,44.861538,17.766299,5.4232786e-08
1966.0833,325.94252,41.011013,5.0004161e-07,-2.3089569e-07,0,0,166.10452,81.10997,45.838852,16.603151,8.8286054e-08
1966.1667,301.61962,37.955545,5.3457018e-07,0,0,0,179.23016,88.736488,46.702236,15.366139,1.2617222e-07
1966.25,277.81174,35.054307,5.7447335e-07,-8.6116145e-05,0,0,192.24268,95.068108,47.496655,14.191564,0
1966.3333,250.35194,31.976443,6.2936971e-07,-4.5762522e-06,-1.8252812e-07,0,206.16982,101.13333,48.194817,12.831412,0
1966.4167,212.7464,30.139539,7.2895631e-07,0.81639566,0.7468232,0.050597702,223.23941,108.17632,48.825344,83.489613,10.649644
1966.5,203.01631,34.825541,7.5011457e-07,3.0956625,2.8803965,0.35573045,222.94778,117.29151,49.304451,38.449404,357.20714
1966.5833,231.71265,35.276357,6.3351439e-07,2.6380639,2.500785,0.35204926,211.78946,126.09491,49.684452,31.080553,492.30986
1966.6667,264.52234,35.55011,5.4734306e-07,1.8290393,0.64712048,0.087359106,208.73296,134.22415,49.825096,30.10842,396.77451
1966.75,275.1891,35.508756,5.3126774e-07,0.46143697,0,0,214.56783,142.28235,50.059734,21.977847,55.349851
1966.8333,269.22929,34.599174,5.320299e-07,0.01203167,0,0,219.49895,150.37041,50.174644,14.826627,1.2740153
1966.9167,262.26822,33.526909,5.3898378e-07,0.00034944641,0,0,225.99034,158.48869,50.13559,15.251763,2.2754312
1967,254.67724,32.510769,5.6115357e-07,0.0011601842,0,0,235.2097,166.79546,49.960773,13.906787,3.957424
1967.0833,246.85508,31.353667,5.7849718e-07,-3.5582001e-05,0,0,245.31445,174.73299,49.681488,13.24155,5.048122
1967.1667,231.16702,29.232409,6.1793259e-07,-0.00036904065,0,0,252.33879,182.44069,49.290707,11.996064,2.5855561
1967.25,210.91926,26.69991,6.7691718e-07,-2.8567645e-05,-8.1801343e-06,0,250.8857,189.46912,48.758675,10.712243,0.063109973
1967.3333,189.279,24.618164,7.5387737e-07,0.13263236,0.020829551,0,239.23859,191.75865,47.995354,15.048403,5.6747153e-08
1967.4167,179.97451,26.566757,8.1155355e-07,2.3461911,0.45783179,0.31562963,245.76602,192.5148,46.944874,66.151863,238.33818
1967.5,201.39293,27.924348,8.0994459e-07,2.6349447,0.78462242,0.50809332,263.48541,193.84409,45.724987,27.679685,451.46092
1967.5833,233.83509,28.03812,7.3855779e-07,2.2571258,0.93566634,0.46368529,289.21475,194.93303,44.598103,22.19923,455.00892
1967.6667,256.69369,27.999513,6.960592e-07,1.6301048,0.28266251,0.11565876,300.98621,197.2332,43.651539,22.007312,307.00325
1967.75,260.92407,27.766453,6.8711375e-07,0.34980976,0,0,306.5629,202.30832,42.890453,15.62336,49.348445
1967.8333,250.78335,26.775327,6.7129582e-07,0.001931525,0,0,310.63977,207.84593,42.346634,12.326144,12.634682
1967.9167,234.58454,25.124326,7.1149628e-07,-1.5920715e-12,0,0,315.16891,213.5065,42.05349,13.307967,12.665175
1968,218.78496,23.650846,1.2650087e-06,-3.4418489e-08,0,0,320.29102,219.37544,42.032085,10.875116,16.506994
1968.0833,202.83431,21.940298,1.3464206e-06,-2.2399153e-06,0,0,323.19077,224.02724,42.277229,9.9999785,21.828042
1968.1667,188.54956,20.35062,1.4197409e-06,0,0,0,322.89758,226.82735,42.78685,8.7038012,11.715182
1968.25,172.93824,18.703431,1.5160945e-06,0,-1.5643984e-08,0,321.79254,229.58618,43.580105,7.5738574,0.042283167
1968.3333,138.94324,15.687164,1.7900617e-06,0.0056278836,0.0017010701,0,317.96341,230.24541,44.604717,6.4918109,0
1968.4167,121.34608,14.962327,2.0508771e-06,0.82153016,0.25519436,0.15200082,318.6308,228.24524,45.740025,38.610705,73.556081
1968.5,132.67167,16.359571,2.0897692e-06,1.7421718,0.89644362,0.59853434,312.29773,227.9066,46.001297,13.36459,289.00994
1968.5833,154.50148,16.384669,1.8667128e-06,1.2970692,0.96635296,0.50326872,304.36606,228.14049,44.641148,12.84767,268.94493
1968.6667,171.01917,16.396159,1.709185e-06,0.8257065,0.42622511,0.19756153,293.57413,228.06265,43.787895,12.79378,160.95036
1968.75,172.27614,16.140666,1.6982993e-06,0.066459003,0,0,288.84882,228.03918,43.502403,6.7097925,0.22629355
1968.8333,168.9723,15.649933,1.7355918e-06,0.0027172715,0,0,284.70218,228.03453,43.847454,6.3792281,0.17212864
1968.9167,164.63882,15.141986,1.7192405e-06,5.9940117e-06,0,0,281.2587,228.03885,44.824177,6.1706301,0.26087392
1969,158.00665,14.623516,1.115073e-06,3.5921684e-05,0,0,280.11188,228.03926,46.386707,5.8996172,0.36869158
1969.0833,147.26357,13.806229,1.1584902e-06,3.0513532e-06,0,0,279.04053,227.32043,48.357414,5.6151679,0.53283013
1969.1667,136.22861,12.731898,1.2414365e-06,-0.000133913,0,0,272.1994,225.29494,50.75243,5.1897464,0.68869723
1969.25,113.67222,10.692509,1.4205081e-06,-0.00022895421,-1.5779634e-05,0,212.13022,221.33832,53.5481,4.3446689,0.46584502
1969.3333,58.521815,6.1383019,5.8079718e-06,0.19294114,0.25892894,0.076303109,114.29804,211.39204,57.842831,15.62174,7.6855203
1969.4167,60.850505,6.9155856,1.0439887e-05,0.83029294,1.3540974,0.6458216,109.81926,201.93706,62.498829,8.1450562,113.25758
1969.5,70.44442,7.1860133,1.1491828e-05,0.74759419,1.3157876,0.67129982,104.6087,193.41252,66.44986,7.4341386,141.14262
1969.5833,77.714212,7.2643785,9.9380313e-06,0.54750121,0.83580055,0.43977254,99.858101,185.16092,69.794136,6.2984523,96.328049
1969.6667,83.176635,7.3094238,9.3539538e-06,0.46275346,0,0,98.715691,176.92761,72.50663,5.8032453,72.383858
1969.75,83.558261,7.3114489,8.7581921e-06,0.17883785,0,0,97.320274,168.82672,74.679138,5.2069604,11.898204
1969.8333,80.69583,7.1682152,4.7543435e-06,0.001617869,0,0,94.235504,161.09308,76.354462,3.482211,2.3393968
1969.9167,75.123079,6.8048672,3.5358787e-06,0,0,0,90.372841,153.59818,77.560455,4.0388216,4.6315755
1970,68.45542,6.4804256,3.7380287e-06,0,0,0,86.240952,146.07996,78.813469,3.1346839,6.8823705
1970.0833,63.611999,6.1349655,4.3168538e-06,-2.6225913e-08,0,0,81.962914,138.94263,80.396355,3.0083893,8.2578412
1970.1667,50.950766,5.8062077,5.4243096e-06,-1.8018467e-06,0,0,84.130119,131.78493,81.775635,2.6818528,6.116923
1970.25,36.721475,5.4551824,7.4052409e-06,-1.2384186e-05,-1.5105482e-06,0,90.712456,124.41901,82.762192,2.2937801,0.70866512
1970.3333,32.236859,5.1560877,9.3781782e-06,0.064493382,0.10421959,0.023436997,87.303703,117.42903,83.31076,8.3935582,2.9192466
1970.4167,32.514028,5.863497,1.4465858e-05,0.72180887,1.2282635,0.50151916,82.546715,111.45927,83.492493,12.624934,96.306075
1970.5,42.482857,6.420427,1.9669627e-05,0.69776673,1.2625353,0.62980924,74.357323,106.29253,83.469681,8.3858766,137.57697
1970.5833,53.098712,6.5124966,1.6832744e-05,0.58345359,1.1689457,0.55565522,70.429916,101.5948,83.225189,5.303861,105.21607
1970.6667,57.342611,6.5760617,1.4296676e-05,0.34223351,0.23146795,0.096224507,69.201363,98.309624,82.781761,5.7611819,52.158007
1970.75,59.216861,6.5473211,9.6624708e-06,0.016369128,0,0,68.003685,94.457146,81.94783,3.4249303,4.5836187
1970.8333,59.693091,6.4252983,6.5082622e-06,0.0019215087,0,0,65.978203,90.594048,80.705795,3.2951187,5.1005039
1970.9167,59.394155,6.2625008,6.4396363e-06,-2.4081939e-09,0,0,63.384922,86.871918,79.064873,4.2733048,8.9092315
1971,56.898862,6.0191322,5.3750441e-06,-1.265864e-07,0,0,59.170128,83.155136,76.971497,3.1135338,12.158905
1971.0833,53.725444,5.6151622,5.2772371e-06,-6.1752039e-06,0,0,54.186119,79.512962,74.609818,2.5371108,4.5465126
1971.1667,49.387276,5.2084895,5.327393e-06,-2.1581309e-05,0,0,47.790367,75.736588,71.897675,2.1818702,0.47238039
1971.25,33.163816,4.0887273,7.2157077e-06,-9.7439878e-05,-1.0947377e-08,0,26.367601,71.136185,68.706604,1.7195123,1.4658123
1971.3333,22.53663,3.4812593,1.1013075e-05,0.0014030484,0.0057776989,0,17.673609,65.599342,65.23407,1.4513926,1.1064626
1971.4167,20.136794,3.7496772,1.629269e-05,0.32176198,1.0185322,0.30617679,14.849647,60.134777,61.814579,11.839419,38.104288
1971.5,23.932524,4.4428236,3.3930835e-05,0.47864073,1.5925071,0.64472124,12.571934,55.054146,58.003574,9.0339783,72.27705
1971.5833,27.631566,4.6992488,3.0517647e-05,0.38407266,1.3226335,0.53376043,11.524729,50.378166,54.79097,3.894128,57.984556
1971.6667,29.34791,4.7685076,2.6814909e-05,0.27259684,0.55578042,0.20908681,10.686021,46.286209,52.046997,3.9064618,38.00186
1971.75,28.18642,4.8003853,2.4850135e-05,0.040213349,0,0,10.303363,42.69986,49.052387,2.8374183,3.1536738
1971.8333,25.542166,4.7707707,2.5515854e-05,0.0022212839,0,0,9.808548,39.50597,46.009621,2.5775355,1.9747202
1971.9167,20.782983,4.74538,2.52674e-05,0.00013219671,0,0,8.8948107,36.602264,43.142788,3.5098107,3.2704705
1972,16.126651,4.8003257,2.4961089e-05,1.641464e-20,0,0,8.3478479,33.896381,40.342018,2.6178776,4.9615653
1972.0833,15.357429,4.777268,2.32822e-05,1.8885748e-06,0,0,7.7286077,31.518661,37.732025,2.6073543,7.559808
1972.1667,15.194611,4.7281627,2.1047841e-05,-2.2996993e-05,0,0,6.8605185,29.302319,35.129608,2.5330206,10.009234
1972.25,14.088156,4.544226,2.0992407e-05,-8.3315987e-06,0,0,5.7553539,27.136335,32.15229,1.9892447,0.18027752
1972.3333,12.610359,4.3970314,2.4439254e-05,0.013518511,0.083335594,0,4.2786169,25.045458,29.22575,2.8264029,0.0043702844
1972.4167,9.5188217,5.0914427,4.0533956e-05,0.45809493,1.6551706,0.39384406,3.2080035,22.983522,26.738834,18.196351,37.18872
1972.5,10.874679,6.3240104,7.4498559e-05,0.67844134,2.1288709,0.79583454,3.5967987,21.004477,24.687748,18.031115,51.720399
1972.5833,15.869189,7.1217124,5.2241667e-05,0.62979942,1.8678072,0.68755282,4.436523,19.224815,23.01092,7.5635192,42.199945
1972.6667,19.528836,7.3208967,4.0774263e-05,0.39885329,0.97248108,0.34639147,5.3025532,17.710136,21.943855,6.8385714,25.141727
1972.75,22.476159,7.5182277,3.0071935e-05,0.13071003,0,0,6.090713,16.415369,21.208332,6.1633012,8.1298601
1972.8333,24.703044,7.6391767,2.4597324e-05,0.0025437418,0,0,6.574718,15.381324,20.588322,5.3299068,8.8295485
1972.9167,26.659461,7.7278772,1.8365668e-05,2.321438e-05,0,0,6.4779143,14.493992,19.995029,8.0590737,14.926203
1973,27.675215,8.0283359,1.7570632e-05,4.1262729e-06,0,0,6.0013571,13.69481,19.357882,5.3369048,19.797378
1973.0833,28.72267,8.0699557,1.6723749e-05,8.0418453e-05,0,0,5.4528213,13.004262,18.672274,5.2480448,24.937236
1973.1667,29.139115,8.1132501,1.5508034e-05,0.00066254809,0,0,4.7089009,12.351806,17.876816,5.0974565,32.379368
1973.25,27.227076,8.0807321,1.6230431e-05,0.0029454945,0.00076111914,0,3.9094827,11.681625,16.927818,3.6880382,5.9129957
1973.3333,22.263935,8.0177654,1.9455445e-05,0.028121297,0.15502305,0,3.1351702,10.979122,15.909883,5.4003991,0.4636932
1973.4167,17.18251,8.6572189,2.8026443e-05,0.67494766,2.0547338,0.38650616,2.8389869,10.237823,14.940856,16.371372,112.95749
1973.5,29.415317,9.7018359,2.9223438e-05,1.0680924,3.0458968,0.94488587,3.6562853,9.5537052,14.147282,20.711107,171.89938
1973.5833,38.015816,10.526001,2.2163453e-05,0.83069329,2.195996,0.74569982,4.9280825,8.9431801,13.490926,10.409473,105.81402
1973.6667,44.730045,10.805,1.796094e-05,0.64573112,1.6756825,0.55102055,6.2654777,8.4746513,12.944287,9.7023293,72.524326
1973.75,47.420774,11.022704,1.4536588e-05,0.090612372,0,0,7.212544,8.1600351,12.47686,8.0069059,9.8254708
1973.8333,47.531314,11.113578,1.3287831e-05,0.0026083099,0,0,7.0696177,7.920918,12.016927,7.5018491,7.9231484
1973.9167,47.223959,11.214294,1.2942265e-05,1.0913929e-07,0,0,6.7093492,7.6993322,11.529939,10.326477,11.061102
1974,45.780588,11.501791,1.2706561e-05,7.3660766e-20,0,0,6.1174955,7.4700084,10.988156,7.2756305,7.606612
1974.0833,43.583438,11.517894,1.0598847e-05,2.972819e-05,0,0,5.3742199,7.2289882,10.414026,7.1774411,9.1104051
1974.1667,40.349081,11.456048,1.0123977e-05,0.00048569485,0,0,4.3527031,6.9341822,9.7769508,6.2996322,9.7836919
1974.25,26.267404,11.389194,1.3932822e-05,0.0017035055,0.024168503,0,2.953197,6.5454879,9.0911579,6.247811,12.465037
1974.3333,11.170399,11.297765,2.9989895e-05,0.011229535,0.17727366,0,2.3869748,6.0761576,8.3833609,5.8267651,0.027085071
1974.4167,9.3136402,12.268282,4.0058738e-05,0.85123123,2.4038218,0.42658693,2.1011424,5.5980954,7.651742,35.318121,41.155369
1974.5,11.306735,14.991279,5.6115809e-05,1.4003447,3.567104,1.0624765,1.9901702,5.129241,6.9541125,39.70616,36.155748
1974.5833,15.657345,17.170593,4.3347827e-05,1.3797011,3.1411798,0.9958331,2.1579659,4.6919322,6.3408227,27.843027,65.57864
1974.6667,21.64281,18.269394,2.9920464e-05,1.0155845,2.2795227,0.71785575,2.3634112,4.3148031,5.8432889,21.426788,50.069241
1974.75,24.207335,18.925628,1.8879362e-05,0.22033819,0.2099392,0.054257597,2.3903956,3.9858108,5.4267712,15.974323,14.864023
1974.8333,24.327897,19.176526,9.9627214e-06,9.6683583e-06,0,0,2.3058918,3.6777413,5.06745,13.164772,8.1036318
1974.9167,22.516251,19.08499,8.9702153e-06,8.3120821e-22,0,0,2.1516159,3.3616383,4.7455931,18.435264,12.077981
1975,18.736096,19.06362,1.0205064e-05,0,0,0,1.9609925,3.097075,4.4387164,12.511825,15.693032
1975.0833,13.749488,18.570798,1.4824442e-05,-3.649839e-07,0,0,1.842549,2.8826916,4.1454043,12.170253,23.05813
1975.1667,10.938335,18.120755,1.8777459e-05,-1.9958657e-06,0,0,1.8311884,2.6769786,3.8584898,11.744309,32.654153
1975.25,11.826427,17.717097,1.7950546e-05,-2.1484997e-07,-0.00022619432,0,1.8471888,2.465457,3.5823846,11.367254,45.625536
1975.3333,13.275774,17.30228,1.7287932e-05,0.013259152,0.048716512,0,1.8764801,2.2779031,3.3331163,9.7805609,11.017501
1975.4167,18.550564,19.151585,1.7437094e-05,1.6107713,3.7798547,0.5230623,1.9681336,2.1278059,3.1318545,51.714759,142.28689
1975.5,28.764319,21.584727,2.4026012e-05,2.1953764,4.5694518,1.0123137,2.2231092,2.0227962,2.9883447,29.805713,114.69606
1975.5833,38.097043,22.651967,1.8369219e-05,1.8594718,3.8758627,0.85600383,2.7199671,1.9502683,2.8743899,22.813356,142.64343
1975.6667,49.359262,23.463206,1.2856081e-05,1.1340192,1.2543394,0.25941209,3.4101789,1.9077812,2.7887905,23.591037,161.62724
1975.75,58.653705,24.233647,9.2735218e-06,0.19230127,0,0,3.9177246,1.8731618,2.7188201,21.016618,72.916734
1975.8333,60.559303,24.512714,4.4100802e-06,2.297839e-06,0,0,3.8045218,1.8418332,2.6588891,17.056835,28.572868
1975.9167,59.992313,24.103483,4.0944942e-06,0,0,0,3.5270646,1.824455,2.5930338,23.60781,42.659141
1976,58.01617,24.058973,3.4846619e-06,0,0,0,3.1448269,1.8248942,2.5039477,15.910218,45.25291
1976.0833,51.032141,22.867149,3.8250323e-06,-1.23259e-06,0,0,2.6801534,1.832219,2.4048274,14.230169,35.915611
1976.1667,39.271917,21.409059,4.7403096e-06,-4.8839089e-05,0,0,2.2569499,1.8408715,2.3041925,12.372648,22.467189
1976.25,27.638186,20.753007,6.3791772e-06,-7.6995772e-05,-1.4628162e-05,0,2.1182268,1.8524354,2.2018595,11.256785,26.139734
1976.3333,23.435714,20.373804,8.5530892e-06,0.26364217,0.74540169,0.040882771,2.2173696,1.8835043,2.0974579,30.812427,23.614602
1976.4167,34.220286,23.272777,9.3305807e-06,2.2066035,5.0938461,0.56775168,2.4656496,1.9367974,1.9929758,47.146201,267.36612
1976.5,57.21651,25.909156,1.1223167e-05,2.404665,4.9080671,0.78930324,3.1679997,2.0379927,1.8962891,38.612189,295.05884
1976.5833,80.538347,27.081409,8.3595287e-06,2.01493,3.9719588,0.6526831,4.2558241,2.2279794,1.813709,26.152091,288.18251
1976.6667,98.500706,27.921272,6.335094e-06,1.4099899,2.7974197,0.46207808,5.6091757,2.5313969,1.7470602,26.14794,176.85087
1976.75,105.46754,28.690647,4.9174246e-06,0.45919071,0.37477532,0.056767376,6.8553715,2.9788656,1.6961888,24.608425,72.232718
1976.8333,106.31996,28.807346,2.420386e-06,1.4177779e-05,0,0,7.3415303,3.5182686,1.6582024,19.089015,53.543229
1976.9167,104.40269,28.098507,2.0479363e-06,0,0,0,7.0990262,4.0041981,1.628842,22.838873,39.422766
1977,100.52965,27.60301,2.3311568e-06,0,0,0,6.7390304,4.4144888,1.60759,15.960322,24.868345
1977.0833,97.077228,26.696065,2.4076082e-06,-3.6649431e-06,0,0,6.3552585,4.7288208,1.5975518,15.318017,34.897
1977.1667,94.641618,25.826648,2.4053659e-06,-1.2190141e-05,0,0,5.8480883,4.9677701,1.5988178,14.577532,42.806948
1977.25,91.71398,24.89876,2.4977389e-06,-9.690031e-05,0,0,5.1744761,5.1368685,1.6088407,12.90086,34.255937
1977.3333,81.128836,24.032438,3.0510244e-06,0.092530406,0.26363127,0.0093032843,4.2995777,5.2110424,1.6154965,18.888323,7.0934867
1977.4167,66.319145,27.273947,5.0561416e-06,2.5583336,5.6686858,0.47871029,3.7053602,5.1654644,1.6287569,70.461118,251.5752
1977.5,68.416961,31.351618,9.5748646e-06,2.9024552,5.3803267,0.71973094,4.1998324,5.0282779,1.7219373,63.815044,283.33161
1977.5833,83.313167,33.564728,7.9781121e-06,2.5774368,4.5077162,0.61173519,5.3606706,4.882503,1.9853534,37.378541,265.44371
1977.6667,98.500624,34.595028,5.9583163e-06,1.7591732,2.6353302,0.3463914,6.886888,4.7796249,2.3548324,33.269411,157.18423
1977.75,105.14878,35.435308,4.6117325e-06,0.46237276,0,0,8.4186029,4.7489357,2.7423379,29.984863,65.274141
1977.8333,105.01938,35.279423,2.1230842e-06,0,0,0,9.734704,4.6424484,3.1033287,24.144034,33.587471
1977.9167,102.39034,34.189358,1.902076e-06,-3.4125362e-11,0,0,10.332973,4.4958224,3.4418678,32.44372,49.495492
1978,101.42587,33.82786,2.922151e-06,-1.8879654e-06,0,0,9.9464111,4.3691616,3.7641125,22.341946,55.611058
1978.0833,101.33926,32.729279,2.9550565e-06,-2.4161392e-05,0,0,9.4619045,4.2714438,4.0478458,20.955177,75.257278
1978.1667,102.31628,31.588655,2.9574201e-06,-4.5739322e-08,0,0,8.8321552,4.198946,4.2989058,18.555213,70.74779
1978.25,99.450715,30.221829,3.1155578e-06,-9.8445471e-05,-5.3838743e-08,0,8.1740847,4.152524,4.5096955,15.051768,28.007179
1978.3333,95.902137,29.260034,3.5434221e-06,0.35235663,0.81849684,0.028506381,7.4012332,4.1351829,4.6661582,37.817809,49.496427
1978.4167,110.82249,31.903971,4.5312231e-06,2.6501088,5.2514629,0.38975627,6.5517602,4.1786666,4.7742848,39.158086,375.43108
1978.5,142.76257,32.698929,5.284036e-06,2.8507806,5.4513565,0.58601359,6.3853436,4.3076067,4.8263407,29.792853,464.77051
1978.5833,176.18974,33.288427,2.2480981e-06,2.3663692,4.516349,0.50377788,6.7636013,4.516078,4.8015079,28.512453,429.79891
1978.6667,178.91368,33.918027,1.515881e-06,1.6106383,3.1002883,0.34505549,7.9558301,4.8362665,4.6959634,30.494403,241.97643
1978.75,162.15874,34.318957,1.5781997e-06,0.30631189,0.35420431,0.036113238,10.549409,5.3601413,4.543241,22.59448,56.104422
1978.8333,146.38916,34.027018,1.7117864e-06,0.015962138,0,0,14.371799,6.22399,4.4121709,18.385969,31.189601
1978.9167,144.69337,33.651844,1.7294761e-06,0.00028998041,0,0,18.595398,7.474328,4.2977099,22.270142,48.46149
1979,144.41215,33.539072,1.72404e-06,8.359075e-05,0,0,23.315813,9.1902485,4.1805253,17.246878,37.02428
1979.0833,141.21117,32.903008,1.729952e-06,0,0,0,28.475906,11.250447,4.0601959,16.147526,19.106358
1979.1667,138.58381,32.36597,1.7317859e-06,0.0058522271,0,0,34.093151,13.732871,3.9274635,15.000917,14.369184
1979.25,135.31147,31.717248,1.7503005e-06,0.0074644712,0.015581455,0,40.049881,16.823996,3.779037,13.324921,3.8091639
1979.3333,129.64748,30.950489,1.7900381e-06,0.075443661,0.39286656,0,45.839745,20.459375,3.607336,15.471381,0.23700176
1979.4167,124.79758,34.273542,1.8363999e-06,1.9234976,3.8904431,0.21125544,52.280159,24.284472,3.399883,90.363721,156.85708
1979.5,137.63314,36.65093,1.7610699e-06,3.0067034,5.7628306,0.50191045,62.478302,28.276451,3.1544149,35.464929,340.20846
1979.5833,159.2218,37.495457,1.5816241e-06,2.1606437,4.0538963,0.42055677,75.977226,32.858505,2.8864801,34.846523,282.04653
1979.6667,176.39557,38.206805,1.4954176e-06,1.7008258,2.5164797,0.23784685,87.904648,37.909172,2.6506093,34.790059,237.9149
1979.75,187.70093,38.922787,1.4139557e-06,0.87731775,0,0,98.443695,43.888103,2.4471948,31.838674,146.3156
1979.8333,189.69938,38.934246,1.4236994e-06,0.052467779,0,0,107.52629,50.592583,2.2721746,23.508521,59.445232
1979.9167,189.79052,38.673159,1.4537742e-06,3.3848933e-05,0,0,116.78645,57.961308,2.1227119,29.117771,68.367058
1980,188.49395,38.7238,1.4724076e-06,5.9895243e-05,0,0,126.08389,66.12915,2.000325,21.377404,57.480229
1980.0833,187.39043,38.185731,1.4825348e-06,0.00091503732,0,0,134.83842,74.270195,1.9109198,19.990441,60.47464
1980.1667,183.45927,37.502166,1.4934145e-06,0.0015778126,0,0,143.88947,83.100136,1.8445597,16.189917,12.88071
1980.25,175.93102,36.537986,1.5193253e-06,0.0023862387,0,0,146.77924,92.49839,1.8001131,14.807311,0.05091987
1980.3333,166.40846,35.455644,1.5566333e-06,0.056832259,0.10210366,0,142.09853,100.89836,1.7784095,16.616036,0.036567138
1980.4167,159.41854,37.551094,1.5913754e-06,1.5159164,2.897558,0.13035686,136.49889,107.72518,1.7798792,89.486334,139.04274
1980.5,182.69739,40.412348,1.4476674e-06,3.0475615,5.8914617,0.44024518,132.19675,112.63002,1.894837,33.801583,518.92088
1980.5833,223.06685,40.8407,1.2639829e-06,2.5421617,4.9659114,0.44186026,132.84589,116.89158,2.1456294,32.182079,507.20743
1980.6667,253.22342,41.259207,1.1607427e-06,1.89051,1.049891,0.087013523,134.16479,120.87009,2.4819448,32.190541,377.69846
1980.75,263.68168,41.533083,1.1143958e-06,0.54370667,0,0,134.15105,124.90096,2.8597004,27.036963,92.368907
1980.8333,259.47613,41.009597,1.1586289e-06,0.0099188288,0,0,135.12839,128.84421,3.2760463,19.301909,29.217164
1980.9167,253.19213,40.217135,1.199643e-06,0.0002863952,0,0,137.07545,132.79959,3.7496247,21.267929,27.005666
1981,248.00617,39.624508,1.2025412e-06,0.0011177018,0,0,138.58606,136.93083,4.3002772,18.179655,25.593249
1981.0833,241.86935,38.786974,1.214698e-06,0.0016926395,0,0,139.45045,141.03923,4.8900094,16.823615,7.8572883
1981.1667,234.21167,37.782628,1.2240753e-06,0.0028338486,0,0,139.0397,145.02461,5.5484395,15.998083,5.9271642
1981.25,206.38804,35.122011,1.2939087e-06,0.0031693947,0.0037578849,0,113.40016,148.39018,6.2696805,14.311411,0.70013549
1981.3333,155.60544,30.204322,1.5246775e-06,0.047866915,0.37558998,0,47.007576,144.31911,6.9130955,13.287209,0.28109494
1981.4167,158.52404,33.505272,1.5317454e-06,2.3925771,6.2678652,0.37570704,50.194729,136.71545,7.4585404,82.682804,267.50437
1981.5,184.92712,34.693327,1.369516e-06,2.2858807,5.8493604,0.5749366,58.154495,129.95674,7.9792175,27.349155,400.72044
1981.5833,216.13935,34.921579,1.2435942e-06,2.1845205,3.8709422,0.38582787,68.300674,124.08303,8.4892273,27.519217,441.6056
1981.6667,249.11037,35.142418,1.137804e-06,1.7561492,0,0,76.047951,119.2795,8.9869823,26.518374,384.08249
1981.75,256.14056,35.05357,1.1027195e-06,0.24507768,0,0,81.843399,115.43432,9.5063906,20.909334,52.366959
1981.8333,252.7011,34.407228,1.0988157e-06,1.8438993e-05,0,0,87.603882,112.56531,10.075835,15.148636,23.448848
1981.9167,247.95166,33.612933,1.0736309e-06,2.1324735e-20,0,0,94.012634,110.67741,10.718091,15.094458,22.817158
1982,242.71996,32.806825,1.0844311e-06,0.0001116097,0,0,100.61687,109.71988,11.452759,13.320953,0.60466013
1982.0833,236.67538,31.948242,1.1019928e-06,0.0007080759,0,0,106.54774,109.55238,12.209163,12.938,0.023295484
1982.1667,229.6363,30.989069,1.1166383e-06,0.0010540656,0,0,111.62491,109.88387,12.97961,12.548955,5.6230989e-05
1982.25,219.76303,29.788595,1.1476077e-06,0.0022035789,0.015925758,0,112.23286,110.57291,13.735153,12.050134,0.29310011
1982.3333,199.99203,27.650038,1.2101113e-06,0.015189709,0.13751174,0,114.16229,111.3559,14.434921,11.256721,1.8686499e-07
1982.4167,188.62185,27.885748,1.2697375e-06,1.2729167,3.9415989,0.23401886,115.49855,111.99522,15.074713,70.678214,68.651818
1982.5,201.56355,31.119755,1.2634724e-06,2.3099112,7.0282626,0.71667068,117.56657,112.09643,15.759116,31.702355,316.71844
1982.5833,215.72612,31.45346,1.2049693e-06,1.7343876,5.2492712,0.58591337,124.16106,112.00418,16.436607,26.49377,289.74539
1982.6667,219.8599,31.621493,1.2021999e-06,1.2102183,2.3435112,0.25127129,131.04936,111.92693,17.062389,25.373433,167.42087
1982.75,210.11497,31.50779,1.2335402e-06,0.21822498,0,0,135.88768,111.95158,17.592026,17.051376,36.729811
1982.8333,200.34522,30.755276,1.2510112e-06,0.00026695897,0,0,137.47203,112.11269,18.016411,13.492147,20.199587
1982.9167,195.70652,29.954035,1.2594453e-06,0.00011521014,0,0,136.80849,112.38371,18.382578,13.172939,1.7022481
1983,188.55843,29.140905,1.2778465e-06,2.1964546e-05,0,0,136.09288,112.70657,18.69338,12.312234,1.3140484
1983.0833,180.80692,28.274566,1.302207e-06,0.0008180589,0,0,133.93343,112.96309,18.887058,11.955585,1.7967591
1983.1667,171.23196,27.30665,1.3357975e-06,0.00049008131,0,0,130.31502,113.02969,18.935299,11.56066,2.5248221
1983.25,140.39539,24.791025,1.4920757e-06,0.0035708153,0.091496746,0,79.953979,111.91376,18.841637,10.504626,3.4066582
1983.3333,101.27346,22.603646,1.8237791e-06,0.05358245,0.48740589,0.00067406008,37.471069,107.61316,18.609552,12.103353,0.17009334
1983.4167,73.746227,25.535224,2.2555553e-06,1.7486906,7.1765131,0.46706843,28.94754,100.78866,18.283049,82.937439,64.34341
1983.5,58.548111,28.484229,2.8207253e-06,1.9369526,6.9956905,0.68584746,30.515837,93.82972,17.905777,41.003522,143.73321
1983.5833,66.650711,28.97487,2.5292154e-06,1.3174636,4.7181774,0.47098563,28.628729,86.882217,17.541647,22.830677,98.957982
1983.6667,73.454976,29.117042,2.3602358e-06,1.1895736,0.85649135,0.076545752,26.325272,80.210663,17.233219,24.799175,78.719453
1983.75,76.090306,29.450068,2.3026182e-06,0.24432865,0,0,24.045961,73.715508,16.947235,23.664993,32.926661
1983.8333,55.035744,29.245768,2.5829934e-06,0.00044486597,0,0,23.352951,67.38784,16.676472,17.508847,32.749455
1983.9167,39.122328,28.908597,3.2748856e-06,0.00081690265,0,0,24.069267,61.293156,16.422127,23.345558,32.69226
1984,42.556401,29.050289,3.1100396e-06,5.1369894e-05,0,0,22.700008,55.63937,16.176003,17.320985,45.340318
1984.0833,45.845967,28.406933,2.9678777e-06,1.5219416e-07,0,0,21.151918,50.761414,15.950389,16.940124,66.0026
1984.1667,49.279824,27.770558,2.8451527e-06,3.8310627e-05,0,0,19.353666,46.342308,15.732641,15.344897,67.3558
1984.25,48.790153,27.155211,2.8758673e-06,4.500347e-05,0.00012207651,0,16.940947,42.210152,15.509791,12.434081,23.188382
1984.3333,43.226756,26.336104,3.0850158e-06,0.043096311,0.40902515,0,10.831637,38.499001,15.283346,12.932854,0.15637129
1984.4167,47.974229,29.521627,2.9824928e-06,1.8613286,6.7342107,0.43826966,9.824563,35.13435,15.068135,91.89121,268.14893
1984.5,68.474956,32.889951,2.6228925e-06,2.1156227,6.916131,0.60280143,9.4425583,32.053753,14.894537,40.747409,265.91805
1984.5833,88.074259,33.3784,2.1672809e-06,1.5101731,4.9555867,0.4367106,9.6697721,29.295256,14.738668,30.201002,292.11923
1984.6667,109.20321,33.820543,1.9057844e-06,1.7506627,0,0,10.880692,26.980295,14.597347,34.937677,238.55665
1984.75,118.3152,33.932135,1.7917163e-06,0.39706559,0,0,12.858115,25.116095,14.471424,24.022338,57.080466
1984.8333,118.31631,33.602577,1.7704231e-06,0.0047164404,0,0,14.630285,23.747015,14.372376,19.422746,19.384047
1984.9167,117.88079,33.177271,1.7115559e-06,0.0002093057,0,0,16.610643,22.908537,14.30878,26.654699,31.211161
1985,117.49054,33.331756,1.7135907e-06,0.0020166611,0,0,18.64373,22.601173,14.284082,19.150232,38.087338
1985.0833,118.29218,32.894351,1.7019955e-06,0.0066135485,0,0,20.414721,22.800245,14.297512,18.961114,60.601615
1985.1667,119.04063,32.387976,1.6868557e-06,0.0010104553,0,0,20.484962,23.326674,14.320941,16.275266,44.263758
1985.25,112.27171,31.496823,1.7440382e-06,0.00018042976,0.00056983735,0,19.637337,23.861536,14.294877,13.406961,0.47181467
1985.3333,102.06239,30.492658,1.8537231e-06,0.040538157,0.35303404,0,18.734697,24.286747,14.197356,15.283159,0.022096732
1985.4167,97.330257,32.061681,1.9485442e-06,1.4037215,4.9583613,0.23591983,17.8197,24.608881,14.023911,71.545531,179.52404
1985.5,117.90252,34.092337,1.8431491e-06,2.2446436,7.6661613,0.64104968,16.944706,24.873526,13.763885,33.517282,440.25313
1985.5833,152.58764,34.34087,1.5549962e-06,1.6441643,5.5606176,0.50554563,17.52457,25.227491,13.423053,27.066958,353.35947
1985.6667,167.8082,34.39375,1.4631806e-06,1.2059203,2.3950011,0.22010185,18.551815,25.788147,13.086325,28.40383,230.96467
1985.75,174.37461,34.453962,1.4194421e-06,0.43604623,0,0,20.02367,26.645693,12.791965,21.900749,59.720965
1985.8333,171.58198,33.783194,1.4239415e-06,0.0058391642,0,0,21.800188,27.880545,12.573367,15.313544,5.1098849
1985.9167,168.08994,32.992378,1.4569857e-06,0.00043910874,0,0,23.76926,29.547722,12.419423,15.771359,4.456411
1986,163.84332,32.264844,1.4945234e-06,5.6875567e-07,0,0,25.944691,31.708755,12.328514,14.140082,4.4811509
1986.0833,159.86505,31.474043,1.5421328e-06,0.00067801392,0,0,28.073704,34.217941,12.297952,13.800083,6.2339414
1986.1667,154.74309,30.56231,1.6099212e-06,0.0019546905,0,0,30.070492,37.177292,12.312381,13.250464,9.3855302
1986.25,144.95379,29.519437,1.6735423e-06,0.0045130876,0.034722523,0,31.924358,40.649151,12.35452,12.534122,0.0063597764
1986.3333,95.911637,25.501791,2.1033475e-06,0.014090766,0.64128988,0,33.815346,44.827358,12.397487,11.569607,0.0064908333
1986.4167,67.586958,24.86157,2.6685609e-06,0.89384426,5.0541771,0.22378461,33.229214,50.081913,12.541496,64.90662,45.744402
1986.5,70.089549,27.199624,2.5349364e-06,1.474858,7.842716,0.69039829,35.15464,54.631821,12.906444,27.18296,163.81368
1986.5833,77.1906,27.684942,2.3478224e-06,1.0643475,5.6773696,0.53497639,37.250122,58.68943,13.388189,28.543442,134.99578
1986.6667,83.335608,28.072689,2.2152296e-06,0.63497559,3.1271115,0.29464641,38.224792,62.26387,13.65408,26.001778,62.921531
1986.75,85.201226,28.2802,2.1359454e-06,0.21022914,0,0,38.457058,65.528641,13.75018,18.562716,22.325224
1986.8333,83.579496,27.741607,2.1318174e-06,0.017998225,0,0,38.551807,68.562683,13.927609,13.313219,1.9618839
1986.9167,81.727624,27.149549,2.0120895e-06,0.0014155295,0,0,38.5103,71.392433,14.178955,14.439554,7.9506574
1987,78.654237,26.591416,2.0983339e-06,0.0002037068,0,0,37.95916,73.786705,14.452691,12.184101,16.663795
1987.0833,77.490158,25.980404,2.1260876e-06,0.00034499692,0,0,37.069519,75.926216,14.679281,12.402327,27.731876
1987.1667,75.252645,25.334921,2.1644441e-06,0.0016526409,0,0,35.8983,77.791153,14.870687,11.503885,6.2265841
1987.25,71.394727,24.604399,2.23815e-06,0.0038417146,0.035254039,0,34.341843,79.275459,15.032959,11.157963,7.7240037
1987.3333,45.319818,21.767925,2.9040095e-06,0.050845587,0.60811512,0.00044579508,19.301075,78.585144,15.187028,12.849725,3.1037613
1987.4167,32.094564,23.188861,3.787334e-06,1.1158333,7.9446727,0.49630815,10.331947,72.191742,15.436333,63.071893,65.294455
1987.5,34.135271,24.403786,4.2522006e-06,1.1306457,7.8716919,0.78037271,10.655647,65.910706,15.653666,25.783961,82.779927
1987.5833,37.274506,24.648469,3.8127264e-06,0.9223439,6.4906779,0.64652851,11.203803,60.110413,15.738053,21.17597,64.132448
1987.6667,42.705875,24.74077,3.4476786e-06,0.85409565,1.9478821,0.18668284,11.75116,54.964775,15.716665,23.021987,92.003088
1987.75,51.786032,24.924146,2.9958728e-06,0.57537912,0,0,12.497256,50.209053,15.564514,19.22674,90.613069
1987.8333,58.042221,24.796477,2.7604078e-06,0.0078759251,0,0,12.632678,46.043667,15.394932,15.232122,68.780081
1987.9167,62.603965,24.521081,2.5592235e-06,0.00066330109,0,0,12.678524,42.480293,15.251679,17.594201,42.870645
1988,61.911076,24.434566,2.4668821e-06,0.0012985671,0,0,12.922249,39.454777,15.142391,13.177429,27.039045
1988.0833,59.779163,24.032215,2.5075326e-06,0.00053992881,0,0,13.287999,37.119839,15.078548,12.142759,35.324346
1988.1667,59.638567,23.535334,2.5127981e-06,0.0014446448,0,0,13.560727,35.318863,15.062065,10.823002,19.397126
1988.25,57.658214,22.950353,2.5425129e-06,0.0087159947,0,0,13.68336,33.988899,15.094741,10.110784,18.767734
1988.3333,54.435384,22.554042,2.6416581e-06,0.18522271,0.96618521,0.017326582,13.7398,33.200275,15.172618,28.499943,13.934034
1988.4167,58.099631,24.999976,2.6374596e-06,1.2403582,8.4493286,0.50606654,14.046124,33.147552,15.283486,43.432224,234.9055
1988.5,78.737207,25.528893,2.3446189e-06,1.2928914,8.8426029,0.75668265,15.65286,33.647446,15.429517,21.156258,304.87029
1988.5833,97.644426,25.520639,2.0011762e-06,0.87719044,6.0946171,0.54346974,18.03833,34.719997,15.635228,19.895952,193.60048
1988.6667,106.98842,25.496433,1.8825601e-06,0.5970648,3.6513995,0.31011268,20.511337,36.496948,15.918512,20.541976,112.64264
1988.75,110.15571,25.504682,1.8144908e-06,0.19358785,0,0,23.26573,39.129581,16.315083,16.079738,26.650632
1988.8333,107.00461,24.977995,1.6196364e-06,1.1937445e-05,0,0,26.364695,42.703899,16.842468,10.877797,2.9370294
1988.9167,101.75624,23.801921,1.5923825e-06,8.1145141e-09,0,0,29.634415,47.134754,17.505133,10.359744,6.0097408
1989,97.468823,22.767376,1.7239176e-06,0.0012152674,0,0,33.193981,52.422939,18.29767,9.3606805,3.6986438
1989.0833,90.418577,21.19315,1.8159725e-06,2.4796306e-05,0,0,36.210003,58.783737,19.157345,8.6208386,0.28994113
1989.1667,87.877743,20.579513,1.8609525e-06,0.0001307665,0,0,39.986065,66.265472,20.116091,8.3474019,0.00018385405
1989.25,84.301569,19.952673,1.8850801e-06,0.00019659854,0.03932573,0,43.217434,75.064995,21.226055,8.0937111,0.00018374433
1989.3333,78.334615,19.271182,1.9663501e-06,0.0084370756,0.45699012,0,46.304882,84.457886,22.454967,7.8807507,0.00018363469
1989.4167,72.576605,19.620486,2.0844275e-06,0.5424647,4.6408319,0.18429256,49.914257,94.79335,23.802292,45.989559,23.921708
1989.5,70.558824,22.154585,2.4748751e-06,0.85884032,6.9848967,0.53637104,56.993641,106.0178,25.590887,28.319722,101.82803
1989.5833,77.733062,22.566224,2.4067294e-06,0.77397025,6.3200555,0.54744507,65.124466,118.47323,27.788933,20.235717,132.44243
1989.6667,87.066941,22.686722,2.2286306e-06,0.65968435,3.9117466,0.32052609,73.359711,131.76859,30.035189,19.702861,106.64413
1989.75,93.968175,22.91248,2.0961545e-06,0.3976183,0,0,80.526321,146.17598,32.410336,16.920992,48.767764
1989.8333,94.220683,22.45494,2.0775465e-06,0.00075884681,0,0,85.829956,161.74542,34.845009,9.4264234,0.72748943
1989.9167,93.458854,21.803318,2.1207579e-06,0.0011766822,0,0,90.923874,178.50505,37.327057,9.1059402,0.93170087
1990,92.464738,21.11092,2.1039616e-06,1.8771627e-07,0,0,95.487335,196.72641,39.854446,8.6433968,1.068803
1990.0833,90.732366,20.382406,2.0629125e-06,5.8158681e-05,0,0,99.015129,215.09711,42.082863,8.3468312,1.6714441
1990.1667,88.190079,19.692538,2.1089124e-06,0.0015475045,0,0,98.892349,233.90323,44.061569,8.0189062,1.032474
1990.25,83.466835,18.969869,2.1787582e-06,0.0021164105,0.056912734,0,94.727997,251.77174,45.860249,7.6913909,0.02953022
1990.3333,67.719974,17.452838,2.461331e-06,0.041183202,0.88606787,0,70.355995,265.76367,47.380287,9.8597484,0.011415683
1990.4167,59.767336,18.96747,2.696351e-06,0.7781367,8.3386574,0.35461716,64.118073,273.14871,48.620937,48.922594,50.362323
1990.5,63.724846,20.087169,2.7855183e-06,0.83431957,8.8428491,0.61843086,68.535927,278.64615,49.719723,19.896815,116.1789
1990.5833,72.46796,20.19918,2.5255083e-06,0.65230202,6.9862363,0.5054011,73.864479,283.74277,50.685738,15.680182,104.11919
1990.6667,77.759981,20.221312,2.3620044e-06,0.64209333,2.177081,0.15617495,74.899078,288.36108,51.508823,18.34031,74.67687
1990.75,80.89643,20.313693,2.2476606e-06,0.25582226,0,0,74.561836,292.55225,52.176552,13.42165,24.391949
1990.8333,80.240794,19.924868,2.2454758e-06,0.011235972,0,0,72.80439,296.31079,52.675282,9.8552652,4.6344281
1990.9167,78.707926,19.434828,2.3017205e-06,0.00017569694,0,0,70.902527,299.66122,53.014465,11.786339,5.3607257
1991,76.76173,18.999802,2.3717371e-06,0.00027748385,0,0,68.35215,302.59204,53.202518,9.2282336,10.490132
1991.0833,74.353755,18.277213,2.4403228e-06,0.00044684356,0,0,65.238007,304.86066,53.23209,8.8400233,16.478158
1991.1667,72.27473,17.682785,2.4608778e-06,0.00068683766,0,0,62.034927,306.54898,53.106602,7.4570653,4.6338973
1991.25,60.994413,16.849639,2.6299506e-06,0.0013196504,0.14400254,0,57.132816,307.57227,52.810345,6.86045,0.63009181
1991.3333,29.018765,14.196838,4.3318373e-06,0.036111202,1.0517585,0,16.497715,296.15829,52.361042,8.3291178,0.37689834
1991.4167,26.509563,14.988393,4.7179706e-06,0.38441565,7.4103534,0.30883993,15.150032,277.63467,51.861877,35.395238,28.97988
1991.5,29.54394,16.129376,4.5904944e-06,0.48393953,9.7809492,0.69278394,14.738065,259.78448,51.325703,16.376228,69.879954
1991.5833,33.402815,16.230753,3.9568772e-06,0.36421789,7.5141802,0.55222036,15.526875,242.89587,50.720772,14.086704,57.727614
1991.6667,36.468267,16.28831,3.2610587e-06,0.27898517,4.7895781,0.35423539,15.897588,227.6965,50.046101,13.911649,39.109741
1991.75,40.014695,16.341571,2.9682692e-06,0.2064149,0,0,16.379572,213.93871,49.286789,11.94166,26.846827
1991.8333,40.880032,16.055893,2.8496809e-06,0.0024839797,0,0,16.525354,201.54453,48.466621,7.22352,0.5190818
1991.9167,41.252684,15.636632,2.6710629e-06,3.9102242e-06,0,0,16.509409,190.38576,47.584633,6.9407627,0.77936916
1992,41.477129,15.188185,2.6896191e-06,0.00043382329,0,0,16.328363,180.14473,46.624897,6.2078969,0.70905435
1992.0833,38.663119,14.733082,2.8336203e-06,0.0010258705,0,0,16.054077,170.7132,45.648926,5.9821925,0.29865649
1992.1667,35.477139,14.306673,2.9903606e-06,0.001904875,0,0,15.706459,161.48053,44.61599,5.8098158,0.27317369
1992.25,33.906989,13.844898,3.0586966e-06,0.012203861,0.39227426,0,13.864139,152.6149,43.517612,5.7090928,0.0067327982
1992.3333,32.150619,13.452037,3.1491497e-06,0.059932216,1.2025029,0.004338542,12.620529,144.27853,42.380856,11.241534,0.021908276
1992.4167,30.790921,15.071712,3.2616529e-06,0.47325671,9.9144014,0.45593642,11.638809,136.09444,41.19059,37.207046,24.374443
1992.5,30.171685,16.10449,3.5021644e-06,0.48638124,9.6000155,0.67708721,11.659504,127.99334,39.935692,19.872613,45.59072
1992.5833,30.643024,16.358152,3.4339814e-06,0.34628515,6.7340345,0.48285264,11.826011,120.11657,38.582489,12.994608,27.753221
1992.6667,30.228067,16.385913,3.4412378e-06,0.3156068,2.6913184,0.18236025,11.583201,112.87663,37.172619,13.35737,32.746682
1992.75,30.888787,16.419778,3.3428573e-06,0.10838147,0,0,11.373242,106.16704,35.681591,10.952975,14.960294
1992.8333,29.772684,16.121622,3.3006936e-06,0.0019999243,0,0,10.934326,99.987198,34.109837,7.8424467,10.197647
1992.9167,25.154218,15.761085,3.6741117e-06,2.7539059e-06,0,0,10.825606,94.285522,32.538486,8.2553737,7.8860217
1993,24.302986,15.454082,4.1370308e-06,0.0022939963,0,0,10.57565,88.892113,31.162712,6.9977482,7.2930214
1993.0833,22.049343,14.872576,4.4176213e-06,0.0012684187,0,0,10.143781,84.056236,30.062643,6.7487254,11.369996
1993.1667,19.642465,14.510323,4.8527008e-06,0.0014475719,0,0,9.7605228,79.404121,29.132431,6.456816,13.20362
1993.25,18.187359,14.071984,5.1053617e-06,0.0038525339,0.12683013,0,8.6539841,74.675026,28.275616,5.7175211,0.019805997
1993.3333,16.951876,13.719622,5.4055449e-06,0.049609539,1.1150056,0.0011395358,7.5549788,69.331604,27.504829,11.021099,0.13180454
1993.4167,18.587401,15.559357,5.3006047e-06,0.55117457,10.292387,0.3725971,7.1781716,64.215973,26.786304,42.254795,66.854862
1993.5,25.02062,16.601434,5.0061367e-06,0.5229521,9.6012869,0.54539423,7.5160747,59.515884,25.873234,15.554213,82.917391
1993.5833,31.62143,16.778847,4.1055864e-06,0.3907147,7.2397205,0.39937876,8.1398516,55.307133,24.979717,14.625816,61.091202
1993.6667,35.669647,16.966892,3.7870359e-06,0.37095466,3.7235237,0.20133385,8.763051,51.898041,24.219311,16.889833,45.675705
1993.75,40.561259,17.642785,3.4179932e-06,0.35763138,0,0,9.7599211,48.950989,23.577747,18.990545,38.892201
1993.8333,42.303711,17.708981,3.2857808e-06,0.041877375,0,0,10.453417,46.157089,23.047005,10.939731,3.2974464
1993.9167,41.984402,17.314494,3.326202e-06,7.9743617e-21,0,0,11.074406,43.481731,22.623104,7.5428963,2.3298468
1994,41.994199,16.879577,3.3431827e-06,4.4874999e-05,0,0,11.636701,40.998455,22.292482,7.0785305,2.8811236
1994.0833,41.176021,16.455024,3.4067507e-06,0.00084154968,0,0,12.070253,38.903965,22.059174,6.9063708,4.4692893
1994.1667,39.15289,16.034571,3.5497972e-06,0.00059446693,0,0,12.379817,36.991577,21.890427,6.6000868,2.1232717
1994.25,35.39231,15.582648,3.8039952e-06,0.0026424355,0,0,11.845128,35.235001,21.74588,6.3423425,0.0008909159
1994.3333,30.562472,15.203854,4.240595e-06,0.045757131,0.61218019,0,11.065176,33.356228,21.563368,11.380795,0.18622645
1994.4167,27.626751,17.136429,4.6435703e-06,0.50647079,8.0415433,0.24344831,10.601221,32.514927,21.326403,47.523711,27.762123
1994.5,29.750261,18.340934,4.4113872e-06,0.55072902,9.2176657,0.4953991,10.925456,34.14003,21.048136,17.709399,65.824354
1994.5833,33.605196,18.532395,3.7549949e-06,0.31521956,5.3574371,0.32275402,11.256484,35.825371,20.725958,15.712425,43.2178
1994.6667,35.397109,18.541433,3.3551892e-06,0.48269307,3.3975248,0.18159315,11.385316,37.461872,20.367199,15.533293,57.202157
1994.75,38.94553,18.598897,3.0251908e-06,0.19732959,0,0,11.632272,36.416176,19.970449,12.77388,35.291582
1994.8333,39.443936,18.360104,2.8735219e-06,0.0047154036,0,0,11.375045,34.860184,19.549206,9.4254798,7.7602972
1994.9167,39.539605,17.952131,2.8701591e-06,5.2939815e-06,0,0,10.971622,33.396805,19.125813,9.5117896,6.2680252
1995,39.092124,17.434886,2.9002679e-06,2.5002967e-05,0,0,10.466746,31.794373,18.692308,7.5403737,3.1977195
1995.0833,38.462959,17.012503,2.9254479e-06,4.2893434e-05,0,0,9.9824953,30.40974,18.270706,7.7398913,3.1517617
1995.1667,37.023697,16.626885,2.9965058e-06,0.00010800214,0,0,9.3620253,29.125696,17.831385,8.2290762,3.886723
1995.25,34.413151,16.20405,3.1356522e-06,0.00087222137,0.11009111,0,8.4797525,27.839409,17.346573,8.0388114,5.4620184
1995.3333,26.93199,15.369442,3.6878555e-06,0.024313911,0.6679636,0,5.711637,26.49423,16.806915,8.0088324,1.1394788
1995.4167,24.106596,16.121972,4.0235318e-06,0.41233803,7.5831369,0.2384866,4.9329534,25.164833,16.197067,37.387974,27.404283
1995.5,25.821226,17.263316,3.9282713e-06,0.50607701,9.6512266,0.51858625,4.8535542,24.081387,15.540221,17.645714,65.213871
1995.5833,31.211607,17.280633,3.4639547e-06,0.41268028,7.7094818,0.42780036,5.041553,22.985188,14.826696,13.928869,55.016876
1995.6667,34.269113,17.233146,3.2873966e-06,0.29016244,5.4990468,0.3082863,5.1938353,22.067209,14.079033,14.130085,29.841944
1995.75,35.074275,17.248863,3.1618488e-06,0.1980744,0.60864822,0.034905509,5.2591629,21.543093,13.283822,12.719389,30.287773
1995.8333,32.541536,17.223861,3.1256291e-06,0.024911645,0,0,5.3192821,21.267813,12.467448,9.9199402,1.5690547
1995.9167,31.913999,16.796792,2.9652517e-06,9.4395419e-10,0,0,5.3650341,21.297565,11.712747,8.9957881,1.359927
1996,30.809294,16.225528,3.0867627e-06,-2.3942101e-08,0,0,5.3192935,21.581348,11.029782,7.1367716,0.51586326
1996.0833,30.082481,15.754588,3.1880631e-06,2.6270941e-05,0,0,5.2711582,22.04072,10.449825,6.9105057,0.08911671
1996.1667,27.319424,15.444648,3.433033e-06,0.0013329809,0,0,5.0670142,22.585608,9.9303236,6.7566998,0.025088899
1996.25,22.681821,15.162272,3.905835e-06,0.002207582,0,0,4.906951,23.07526,9.4446545,6.6365124,0.010051347
1996.3333,18.668953,15.281547,4.4787289e-06,0.13188714,2.8397287,0.005264103,4.6293578,23.337831,8.9986057,25.393204,0.13479135
1996.4167,15.664641,17.367406,5.0796011e-06,0.58156778,9.8773569,0.27458387,4.5429869,23.271482,8.5822906,31.871337,35.207651
1996.5,19.113831,18.2338,4.6013452e-06,0.63389849,9.919525,0.39912805,4.5803614,23.011511,8.2666245,21.796898,61.904705
1996.5833,23.731088,18.52466,3.9179895e-06,0.47655183,7.3707919,0.28996488,5.0269508,22.530668,7.9043784,17.349399,46.442131
1996.6667,27.653465,18.778812,3.4750344e-06,0.42963775,3.5562943,0.13453903,5.3802533,22.025854,7.5706258,18.017438,44.955354
1996.75,32.165065,18.975927,3.0771087e-06,0.18996968,0,0,5.5610924,21.844528,7.277863,13.630263,28.918186
1996.8333,34.005184,18.810866,2.9255427e-06,0.007947512,0,0,5.6426191,21.738424,7.0253158,10.105684,8.0486472
1996.9167,35.413161,18.599194,2.7902861e-06,2.0794142e-10,0,0,5.6939273,21.692442,6.8089209,12.830582,12.12618
1997,36.338966,18.611256,2.9298133e-06,3.2490746e-06,0,0,5.6314526,21.67704,6.6189795,9.4339431,16.744764
1997.0833,37.429124,18.343674,2.8934226e-06,5.8010232e-07,0,0,5.5448475,21.66046,6.4616947,8.5891816,19.620427
1997.1667,37.640505,18.047541,2.8768875e-06,-1.74577e-06,0,0,5.3973894,21.622881,6.3238378,7.943648,13.018853
1997.25,35.243712,17.565256,3.0026797e-06,0.00061165431,0.044274752,0,5.1256437,21.512978,6.1961846,7.1179199,0.00010440917
1997.3333,30.960832,17.384216,3.3932081e-06,0.17765985,2.3742572,0.026076554,4.848681,21.248844,6.0769582,27.738035,8.0439521
1997.4167,31.919636,19.648777,3.5388753e-06,0.81994804,11.1613,0.33516592,4.7247505,20.819866,5.9562445,32.367902,135.43769
1997.5,42.895462,20.077614,3.2539836e-06,0.75860334,10.176797,0.39391359,4.956955,20.260101,5.8324513,16.617989,162.69363
1997.5833,53.007204,20.169076,2.7781678e-06,0.5413003,7.3023012,0.30350999,5.3678436,19.707338,5.7133021,16.140132,114.8214
1997.6667,58.655936,20.25724,2.6188152e-06,0.37493958,5.1122793,0.21428134,5.8576536,19.28746,5.6142325,16.868568,63.174954
1997.75,61.944481,20.36617,2.4913677e-06,0.19492456,0.78038138,0.028882504,6.3444915,19.065981,5.5462413,13.713719,33.386043
1997.8333,61.547447,20.093028,2.4405472e-06,0.0062076564,0,0,6.7691956,19.075375,5.5093989,8.5132975,3.4351783
1997.9167,58.935955,19.691069,2.4576782e-06,1.7198153e-21,0,0,7.238451,19.33004,5.5013428,8.1552316,0.38427208
1998,57.411883,19.286687,2.4602057e-06,1.9002378e-06,0,0,7.5860357,19.820126,5.5180426,7.823268,0.42749504
1998.0833,55.104595,18.900784,2.5185002e-06,0.00014987623,0,0,7.8093004,20.457987,5.5529394,7.6565155,0.23555008
1998.1667,50.839398,18.508051,2.6544833e-06,0.00048714861,0,0,7.5498033,21.087259,5.5966496,7.4926217,0.018298393
1998.25,43.706052,18.086037,2.9381665e-06,0.00029653459,0,0,7.0899596,21.454725,5.6301332,7.3217754,0.032989124
1998.3333,38.588319,17.56563,3.190662e-06,-2.2040406e-05,0.4304231,0,6.5980802,21.535881,5.6264958,7.1118869,0.034425854
1998.4167,32.085054,18.150292,3.6811452e-06,0.41977523,5.8369988,0.090455067,5.9318156,21.390308,5.5772223,50.019324,6.9652558
1998.5,27.910531,21.22671,4.5732636e-06,0.84644627,10.775763,0.28478949,5.7735653,21.094954,5.4922299,38.048142,58.478411
1998.5833,27.452171,22.471342,4.8466432e-06,0.64074119,6.1306572,0.17639228,5.6004481,20.338068,5.3562493,26.059089,66.597685
1998.6667,32.640129,23.219531,4.2791062e-06,0.68463798,5.0843691,0.14490356,6.041738,19.147755,5.2054815,21.215419,67.844714
1998.75,38.231127,23.594283,3.7282296e-06,0.40529803,0,0,6.3207221,18.057497,5.0857449,18.699976,45.368439
1998.8333,39.918717,23.760812,3.5785931e-06,0.061986451,0,0,6.2742224,17.070236,4.9997835,16.332708,11.51268
1998.9167,40.646169,23.510961,3.521568e-06,0.00043832981,0,0,6.123611,16.164284,4.9477124,16.64074,12.327848
1999,40.716846,23.402931,3.5323487e-06,1.1643771e-05,0,0,5.9171996,15.286284,4.9272661,12.25854,10.436713
1999.0833,39.964594,22.479568,3.5963196e-06,5.4845651e-05,0,0,5.6348057,14.535955,4.9339247,11.772153,13.558953
1999.1667,39.986122,22.118613,3.5925852e-06,0.00065464379,0,0,5.3469305,13.843738,4.9565687,11.413441,15.724599
1999.25,38.500693,21.821843,3.5841372e-06,0.0020411154,0,0,4.9936738,13.149172,4.9823985,10.603357,1.6130814
1999.3333,34.935556,21.481283,3.7839375e-06,0.029587041,0.72983219,0,4.4974394,12.446809,4.9829149,11.800644,0.018404735
1999.4167,31.926081,22.340195,4.0989858e-06,0.78912175,5.4435894,0.081158031,4.0354338,11.712298,4.9445996,40.73262,67.576655
1999.5,40.515613,24.077943,3.5919727e-06,1.4951462,9.1883859,0.2602405,4.1092329,10.930873,4.8865032,26.494192,193.7947
1999.5833,47.395166,24.910737,3.196013e-06,1.2523505,7.2628563,0.25325309,4.5845442,10.180333,4.7901988,26.649559,133.92393
1999.6667,51.080797,25.499353,2.7607305e-06,0.84809292,4.778808,0.17141392,5.3551245,9.5969458,4.6516366,20.899744,72.319534
1999.75,45.182258,25.875928,2.7237729e-06,0.20753469,0,0,5.9479456,9.0988035,4.4808874,18.618265,15.228839
1999.8333,41.266546,25.766207,2.5198451e-06,1.8157625e-06,0,0,6.430232,8.6823082,4.3092694,14.879985,5.2625245
1999.9167,40.052198,25.117543,2.272574e-06,-2.1229964e-11,0,0,6.9014521,8.4160461,4.1506586,19.322354,8.5638539
2000,37.494816,24.510268,2.3615553e-06,-1.1185047e-08,0,0,7.3264318,8.2983866,3.9881124,14.736963,9.9540375
2000.0833,35.222653,23.619473,2.6340758e-06,-2.2081866e-07,0,0,7.4889932,8.2830172,3.8487813,15.735964,12.234463
2000.1667,32.9036,22.849724,2.7901908e-06,-5.0785432e-05,0,0,7.7453899,8.3386192,3.7581007,13.560184,16.965508
2000.25,30.693956,21.963231,2.9637199e-06,-0.00015800024,-4.5049492e-05,0,7.4352636,8.4915161,3.7112761,11.880105,14.261869
2000.3333,28.980268,21.122443,3.1692655e-06,0.011455235,0.29882498,0,7.2976756,8.7800884,3.7036636,10.743098,21.813235
2000.4167,29.612781,21.965696,3.2185169e-06,0.84403959,6.3941365,0.098510416,7.6159005,9.1718683,3.7198324,41.817386,100.77756
2000.5,41.507944,23.819743,2.7793819e-06,1.3734674,9.463131,0.21770597,9.1944714,9.292675,3.727499,25.650383,207.39431
2000.5833,58.01807,24.346085,2.3128989e-06,1.0644475,7.1306854,0.19868497,11.249671,8.9432297,3.7410743,19.904285,220.61347
2000.6667,76.008677,24.741422,1.9146162e-06,0.94720783,2.6129317,0.074445191,13.332261,8.7620897,3.7911212,21.399922,220.32554
2000.75,84.390119,25.052847,1.7386844e-06,0.18641433,0,0,14.759212,8.8656139,3.8938916,16.441137,26.34385
2000.8333,82.390442,24.956072,1.7370355e-06,0.0015915021,0,0,16.250439,9.3388033,4.021687,14.704092,5.6873057
2000.9167,80.692247,24.850203,1.7486092e-06,5.3062535e-08,0,0,17.979094,10.200796,4.1735377,18.257288,10.921117
2001,80.269121,24.921572,1.1415541e-06,1.7944451e-05,0,0,19.784937,11.516389,4.3816466,12.539326,11.173356
2001.0833,79.914369,24.582453,1.1360409e-06,4.8257985e-05,0,0,21.470648,13.197524,4.6397996,12.767514,11.625449
2001.1667,79.340622,24.299389,1.1419237e-06,0.00016292485,0,0,22.465355,15.311707,4.9679489,13.329494,15.215171
2001.25,78.551255,23.970688,1.1325382e-06,7.9356553e-05,0.079895939,0,23.213564,17.953869,5.4214196,13.058705,18.815155
2001.3333,77.152789,23.5446,1.1584368e-06,0.00043609232,0.35268108,0,23.751179,20.932829,5.9976215,11.467469,12.031238
2001.4167,71.935736,22.853332,1.2451329e-06,0.16148466,1.7367529,0.0080070636,23.193661,23.904791,6.6354804,23.449009,6.6354366
2001.5,73.350571,24.85095,1.3035026e-06,1.2595515,8.4852097,0.18805339,22.587601,26.397619,7.2087922,41.250773,107.60877
2001.5833,80.928676,25.768684,1.3057152e-06,1.0745384,7.1804605,0.19651691,23.275148,28.405882,7.715178,23.758013,128.26093
2001.6667,89.185074,26.054909,1.2389622e-06,0.88082847,4.2751598,0.12711449,24.32015,30.179913,8.1339684,23.822192,115.25958
2001.75,92.848077,26.457818,1.1846118e-06,0.25358838,0,0,24.304842,31.713743,8.4701262,17.947379,53.448619
2001.8333,93.027912,25.699385,8.7710958e-07,0,0,0,23.238649,33.15802,8.7927542,13.044385,28.423419
2001.9167,90.159759,24.403311,8.1766984e-07,-4.2091923e-12,0,0,22.040119,34.92939,9.1767082,14.123909,16.040396
2002,87.049693,23.31119,1.5093507e-06,-1.3527434e-08,0,0,20.815378,36.641331,9.6210365,11.003214,4.6293947
2002.0833,83.302483,22.107251,1.5927552e-06,-1.5102053e-08,0,0,19.74552,38.071121,10.083571,9.8724438,1.2296302
2002.1667,78.731731,20.927601,1.6743925e-06,-2.073293e-06,0,0,18.6894,39.260056,10.57394,9.2001479,0.76221728
2002.25,73.379569,19.739537,1.7599905e-06,-1.7611606e-05,-3.8315098e-05,0,17.603607,40.208424,11.093707,8.6614437,0.17298288
2002.3333,68.435088,18.576223,1.8850867e-06,0.01200777,0.11333908,4.2037492e-05,16.507483,40.824738,11.608519,8.2420587,0.021233981
2002.4167,65.521926,19.49648,2.0401353e-06,0.87898528,7.8442999,0.12714151,15.319077,41.084038,12.088657,46.499274,56.560128
2002.5,69.651917,21.18423,2.3617877e-06,1.0985688,9.6430352,0.2274523,15.495346,40.993202,12.486412,24.4967,150.42123
2002.5833,75.801879,21.737108,2.5503784e-06,0.86320989,7.5611436,0.19073097,16.476231,40.581585,12.79428,19.014728,138.19475
2002.6667,69.978818,22.010982,2.653833e-06,0.81958698,2.8395182,0.076067958,17.244799,40.158829,13.028463,22.685939,84.907445
2002.75,59.852738,22.896443,2.9160385e-06,0.42904844,0,0,18.002741,39.631542,13.17612,23.663531,28.110928
2002.8333,58.401994,22.980899,2.7317813e-06,0.049950671,0,0,17.831007,39.084442,13.23856,13.750594,2.0989314
2002.9167,57.770703,22.617074,2.4686053e-06,0.0037758214,0,0,17.491493,38.501076,13.279354,14.322669,3.6588931
2003,57.273395,22.332802,1.4640103e-06,0.00059688018,0,0,16.719995,37.863674,13.321892,11.283272,5.4613046
2003.0833,56.881145,21.902431,1.4593098e-06,0.00018351103,0,0,15.777906,37.210201,13.438843,10.942757,8.6227336
2003.1667,55.583525,21.450911,1.4557697e-06,0.00056926717,0,0,14.887661,36.41967,13.538546,9.9967442,3.8942562
2003.25,50.423,20.431207,1.5066544e-06,0.00058405438,0,0,13.741462,35.438808,13.587264,9.1646273,0.063436371
2003.3333,43.714114,19.830676,1.6985297e-06,0.083416515,0.38908113,-1.8657632e-05,12.556322,34.263191,13.563529,14.939428,0.059554621
2003.4167,39.30505,22.210021,1.9652412e-06,1.2129979,9.5459277,0.11871358,11.490745,32.8876,13.436103,58.355228,57.210882
2003.5,29.109096,23.897981,3.5975079e-06,1.1466859,8.5365964,0.17101912,11.449903,31.374052,13.180023,28.301255,78.124368
2003.5833,30.940969,24.635332,3.3882377e-06,1.0100947,7.2872199,0.15802927,12.213706,29.697834,12.845552,22.898194,67.684331
2003.6667,34.203235,24.993498,3.1173088e-06,0.8055112,3.2376433,0.080188817,12.405577,28.148584,12.635268,22.360716,55.945034
2003.75,36.206026,25.356591,2.9076316e-06,0.50736296,0,0,12.478997,26.651876,12.567156,21.900632,41.932751
2003.8333,37.251569,25.482284,2.4105245e-06,0.083184007,0,0,12.173274,25.269684,12.607383,17.303888,21.952149
2003.9167,39.246265,25.247432,1.8988538e-06,5.0883791e-05,0,0,11.64137,23.949677,12.74314,22.310864,33.906945
2004,40.917367,25.459634,3.0996871e-06,1.9641416e-06,0,0,10.903716,22.653727,12.929638,14.287351,21.668016
2004.0833,41.171852,24.975747,3.1204629e-06,0.00013636623,0,0,10.181512,21.459757,13.098531,13.491314,19.875489
2004.1667,40.919386,24.570713,3.128273e-06,0.0007092652,0,0,9.4169865,20.287413,13.251307,12.687159,9.1530112
2004.25,38.968217,24.097202,3.1798415e-06,0.0026636111,0,0,8.55865,19.049768,13.400492,12.27731,7.0973096
2004.3333,34.606371,23.455342,3.4565667e-06,0.046918498,0.36215665,0,7.6644111,17.743736,13.529309,14.119912,12.011951
2004.4167,35.82425,25.489129,3.4861955e-06,1.2758481,8.8113777,0.13999821,7.0007372,16.446669,13.639949,59.755865,123.04598
2004.5,47.002666,27.043074,3.7096829e-06,1.4940723,9.9371264,0.2490175,6.7970953,15.243258,13.74521,28.912883,170.89504
2004.5833,48.36053,27.876219,3.5599205e-06,1.1599267,7.4399549,0.21683365,7.2225289,14.118962,13.861609,29.408817,96.096935
2004.6667,52.015699,28.441792,3.3428271e-06,0.92233991,2.9968084,0.089117015,7.8976474,13.157233,14.029801,26.790386,80.372033
2004.75,56.767214,28.928367,3.003556e-06,0.48656495,0,0,8.4286318,12.380995,14.39819,23.794212,37.077032
2004.8333,50.213709,28.825738,3.232484e-06,0.012892448,0,0,9.0448914,11.775611,14.733192,17.384113,2.4671361
2004.9167,46.239641,28.547965,3.4353643e-06,1.021679e-07,0,0,9.714613,11.336642,15.007101,24.082361,4.5514882
2005,45.87752,28.81154,3.4591294e-06,0.00025178404,0,0,9.5934668,10.990598,15.259078,17.527153,6.276095
2005.0833,45.696359,28.525572,3.4700292e-06,0.00031022134,0,0,9.2517958,10.683963,15.46033,17.391416,9.1000853
2005.1667,44.449534,28.213937,3.5052728e-06,0.0012964451,0,0,8.724699,10.375971,15.599776,17.214513,6.802864
2005.25,42.12204,27.854471,3.557032e-06,0.0019595247,0,0,8.0692816,10.028183,15.669335,16.722388,7.7929914
2005.3333,39.532356,27.535604,3.6191536e-06,0.094866463,0.96325464,0,7.2786312,9.6199131,15.654977,21.457044,11.589912
2005.4167,38.665287,28.858934,3.7465029e-06,1.3242307,7.8247284,0.14887119,6.4169006,9.16115,15.545505,48.575569,64.220707
2005.5,44.413019,30.235164,3.6587653e-06,1.6597341,9.4031724,0.29188056,5.9032717,8.6575308,15.330891,27.587541,116.8683
2005.5833,49.111113,30.593943,3.4017091e-06,1.3327214,7.4117544,0.25906285,5.4297061,8.1208563,14.977695,26.478011,105.54314
2005.6667,41.270148,31.2123,3.8103647e-06,1.1396073,1.7380498,0.059816197,5.0954409,7.5560894,14.445997,34.733231,118.57075
2005.75,43.871779,32.16118,3.4999584e-06,0.37141678,0,0,5.2081881,6.9368467,13.75647,28.598862,48.268311
2005.8333,44.331361,32.084692,2.8214163e-06,9.9710065e-05,0,0,5.1968865,6.3794098,13.22029,19.194124,5.7959554
2005.9167,43.948535,31.67969,2.5963529e-06,8.3904056e-09,0,0,5.169867,5.8805485,12.591258,26.059854,9.324654
2006,39.371517,31.893056,2.8148665e-06,4.2066473e-11,0,0,5.1801858,5.4206424,11.854857,18.694022,8.7208573
2006.0833,30.682921,31.373821,3.3910487e-06,0.0032409703,0,0,5.3139691,5.0219417,11.070388,18.043646,5.2993934
2006.1667,28.310874,31.004367,3.6786419e-06,0.0017039207,0,0,5.1515532,4.6551528,10.254214,17.742494,4.6110095
2006.25,26.373405,30.651592,3.8927401e-06,0.0021920927,0.035440358,0,4.883945,4.3070002,9.4035568,17.43543,1.3069861
2006.3333,23.078784,30.332169,4.3397281e-06,0.057357501,0.46338264,0,4.5849295,3.9864571,8.5607624,20.253612,1.7852134
2006.4167,21.849757,33.000361,4.6049936e-06,1.4823113,7.4696883,0.17168748,4.2242975,3.7055349,7.7851348,75.825054,42.754952
2006.5,25.243018,35.49448,5.9220797e-06,1.7696216,8.1131668,0.29684927,4.1916299,3.5123219,7.0894647,38.02933,75.030611
2006.5833,30.389115,36.101744,5.5273113e-06,1.4635418,6.5262147,0.27156373,4.3286705,3.3765304,6.455678,30.896806,76.256661
2006.6667,35.772506,36.556132,4.753254e-06,1.0005018,4.2183275,0.18065555,4.4231272,3.238977,5.8832231,30.903052,56.911197
2006.75,38.719691,37.31294,4.3575428e-06,0.6844601,0,0,4.4730349,3.0675564,5.3586984,36.118586,33.087678
2006.8333,39.63273,37.68374,4.1105532e-06,0.02313282,0,0,4.4561048,3.0283797,4.8805537,25.716689,18.226318
2006.9167,40.688291,37.653048,3.99893e-06,1.0659104e-07,0,0,4.4231911,3.0241358,4.4481416,34.204442,28.492755
2007,42.657584,38.260549,3.8500989e-06,0.00053682498,0,0,4.2593055,3.0333641,4.0538769,23.248856,36.16783
2007.0833,44.097632,37.997544,3.7450782e-06,0.0011086707,0,0,4.061698,3.0376096,3.7174006,22.306792,15.517447
2007.1667,43.246213,37.669465,3.4085422e-06,0.00019003037,0,0,3.8105028,3.0415184,3.4158041,21.423602,3.8986073
2007.25,41.407607,37.308186,3.2756716e-06,0.0083849689,0,0,3.4582334,3.0394051,3.1353052,21.123536,1.8044972
2007.3333,33.901252,36.986075,3.7662514e-06,0.082127249,0.57499201,0,2.9993372,3.0216553,2.8826022,25.467652,0.39531062
2007.4167,21.572458,39.578125,5.2987079e-06,1.7046876,6.6887176,0.15208877,2.7538593,2.9752162,2.6536219,78.728563,85.038789
2007.5,29.20497,42.158257,5.3243434e-06,2.4597876,8.7418709,0.33715034,2.8686254,2.9225485,2.4597011,46.000696,118.79118
2007.5833,37.412841,43.407258,4.4411117e-06,2.1248227,7.2544733,0.3136737,3.1248546,2.8850307,2.3065968,39.047059,108.83208
2007.6667,44.584382,44.003345,3.7974937e-06,1.4199538,4.902681,0.21945936,3.4872921,2.8872545,2.1942258,36.567951,81.230962
2007.75,46.663921,44.598464,3.5335468e-06,0.48954793,0.19423399,0.0083293814,3.8170044,2.9402044,2.1219187,36.353474,53.931326
2007.8333,47.311921,44.797398,3.3441615e-06,0.01651314,0,0,4.1702871,3.0545912,2.0904667,30.059235,33.62103
2007.9167,49.172882,44.743571,2.8890333e-06,0.0066147302,0,0,4.4929314,3.240701,2.1010866,38.993956,47.650252
2008,52.002419,45.29098,2.6033788e-06,0.0046400205,0,0,4.5811896,3.4987442,2.1537814,25.601897,33.90517
2008.0833,52.077685,44.841103,2.5816967e-06,0.0020665807,0,0,4.6279783,3.7765415,2.2401836,24.776011,23.606383
2008.1667,52.915059,44.394918,2.5662998e-06,0.0044013289,0,0,4.5521212,4.0436239,2.3595204,25.587122,35.186136
2008.25,54.576814,44.006173,2.5211889e-06,0.0094938965,0.063449885,0,4.3935814,4.2951598,2.5127549,25.496878,52.805761
2008.3333,57.769787,43.724429,2.4119317e-06,0.19122795,1.4685547,0,4.1188645,4.5197439,2.6921399,35.656757,98.314854
2008.4167,68.30851,46.341568,2.1815297e-06,1.9574547,6.8119414,0.17653181,4.0037441,4.7103758,2.8911486,77.186502,321.46088
2008.5,102.95329,48.343483,2.0404771e-06,2.4425363,7.9116064,0.33534856,4.6682448,4.8851476,3.1083,42.454188,525.9789
2008.5833,139.22571,48.801862,1.7290411e-06,2.0934406,6.8200904,0.31439698,6.0948896,5.1276937,3.3516126,38.359395,432.95349
2008.6667,159.1008,49.24164,1.5089995e-06,1.4456822,4.042966,0.19237767,8.3600016,5.5088768,3.6175344,44.501521,244.51043
2008.75,158.59002,49.690545,1.3819929e-06,0.22054872,0,0,10.932388,6.1159544,3.9149663,30.557505,76.369175
2008.8333,154.40899,48.991065,1.2600955e-06,0.0049988209,0,0,13.890267,7.0471473,4.2471972,25.234941,43.057945
2008.9167,152.67168,47.976874,1.1945529e-06,2.3940146e-08,0,0,17.281435,8.4064951,4.6162591,26.576436,29.743665
2009,149.58829,46.806134,1.1966533e-06,5.828708e-06,0,0,21.073568,10.289604,5.0291409,21.698777,16.049216
2009.0833,146.07598,45.370515,1.2250501e-06,0.00082133737,0,0,24.985989,12.593336,5.4460602,21.111598,20.957813
2009.1667,144.10958,44.37862,1.2503623e-06,0.00088676948,0,0,29.160252,15.439886,5.8671694,20.402341,20.262104
2009.25,141.10808,43.338314,1.2526298e-06,0.0042610561,0.36457177,0,33.518353,18.943798,6.294261,18.788341,8.6439806
2009.3333,136.14735,42.258292,1.2866941e-06,0.15481893,1.6209389,0,37.480148,22.973532,6.6894255,23.685344,0.9686173
2009.4167,138.93563,45.858096,1.2723137e-06,2.3711482,8.1432103,0.24311764,40.069725,27.332979,7.090519,101.71797,254.85975
2009.5,166.94468,47.899958,1.2331136e-06,2.800725,9.1148089,0.42183865,46.036659,32.018719,7.514452,39.871357,460.39923
2009.5833,196.43354,48.079651,1.1235409e-06,2.0505164,6.741019,0.32628814,52.893494,37.137676,7.9548192,36.952901,369.51843
2009.6667,213.16506,48.219498,1.0497012e-06,1.4788882,4.3246725,0.21484146,58.746876,42.586037,8.3984594,40.810634,273.20822
2009.75,225.22655,49.098544,1.0024827e-06,0.84294514,0,0,63.707607,48.567448,8.859314,42.782664,181.12607
2009.8333,229.08145,48.593655,9.9247507e-07,0.0029298863,0,0,67.850891,55.173374,9.3152237,25.100749,48.244479
2009.9167,225.13403,47.618307,9.772665e-07,0.0022317947,0,0,73.079742,62.466412,9.7609215,25.132257,14.521372
2010,220.24406,46.559989,1.0167829e-06,5.3888163e-06,0,0,78.828926,70.488029,10.205376,19.947682,8.7173351
2010.0833,215.23894,45.357063,1.018382e-06,0.0085930774,0,0,84.598473,78.75193,10.616087,19.949925,4.571719
2010.1667,209.40518,44.094495,1.0256414e-06,0.00038731575,0,0,89.12912,87.635605,11.003282,18.906821,5.2111444
2010.25,201.58519,42.631324,1.051896e-06,0.025498618,0,0,89.756432,96.851501,11.367864,18.273309,8.496181
2010.3333,193.82679,41.453056,1.0887655e-06,0.4263919,1.7374818,0.022922477,88.455025,105.45977,11.687358,51.132789,16.449564
2010.4167,196.00269,45.527495,1.1020646e-06,2.60789,8.9215418,0.33088294,87.984749,113.057,12.044038,71.111389,275.21505
2010.5,220.08257,46.288207,1.1483521e-06,2.3678083,7.9864406,0.41459779,93.404106,119.79738,12.47001,37.741213,407.37667
2010.5833,245.84213,46.423756,1.0489314e-06,1.9938239,6.6717197,0.36792107,98.765472,126.04211,12.892613,35.605086,391.79972
2010.6667,264.61092,46.320975,1.0086991e-06,1.3690663,4.3423325,0.24343712,101.72682,131.81641,13.275817,37.944391,297.95621
2010.75,274.87558,46.838887,9.4965526e-07,0.53199851,0,0,102.92029,137.44539,13.605836,33.941897,92.158835
2010.8333,268.5647,45.83526,9.8475084e-07,0.02504775,0,0,104.78188,143.20393,13.856646,19.349158,1.6954854
2010.9167,260.47945,44.503294,9.8546582e-07,0.00021920213,0,0,107.01347,149.07954,14.022771,18.483635,1.0184057
2011,251.48332,43.097261,9.7224495e-07,0.00019173314,0,0,108.46816,155.15199,14.101233,17.594817,1.3640681
2011.0833,242.63272,41.706689,9.8293685e-07,0.00029995332,0,0,97.833183,158.20534,14.696301,16.895634,0.075857409
2011.1667,226.55433,39.812405,1.0134053e-06,0.00034717063,0,0,90.781273,157.44273,16.006409,16.11845,1.6641333e-05
2011.25,169.94146,33.831961,1.1765575e-06,-0.00022862354,0.070195732,0,64.657936,154.60948,17.845737,13.697357,1.6631403e-05
2011.3333,152.1965,31.391222,1.2464399e-06,0.039261519,0.77997213,0,58.370907,150.54271,20.631548,14.551154,1.6621478e-05
2011.4167,138.56167,31.819809,1.3340332e-06,1.3851276,7.577158,0.15538009,57.68071,146.70662,25.396116,70.962651,107.62603
2011.5,149.66451,33.670634,1.4565393e-06,1.5370864,7.9791597,0.27037113,59.587868,143.08786,29.837847,32.407987,243.06771
2011.5833,167.10809,33.737358,1.356406e-06,1.3234162,6.7912287,0.24466857,62.16573,139.79539,33.772655,26.48094,249.07759
2011.6667,180.63661,33.556759,1.2775148e-06,0.96929696,4.7604355,0.17867132,64.637535,137.05112,37.09127,25.550856,160.55706
2011.75,179.07494,34.107827,1.2426234e-06,0.5520553,0,0,66.945602,134.84659,39.853954,31.237889,50.57091
2011.8333,170.30789,33.480603,1.2276772e-06,0.0068289298,0,0,68.483612,133.19405,42.086697,14.680132,1.5074907
2011.9167,166.15517,32.52485,1.0629825e-06,0.00016272169,0,0,69.109238,132.13741,43.806648,15.729723,3.5360967
2012,162.29481,31.680245,1.0726358e-06,1.1798159e-06,0,0,69.506783,131.64343,45.051506,13.993771,4.8553901
2012.0833,154.84542,30.287419,1.1200124e-06,-5.532381e-06,0,0,68.87867,132.11169,45.782139,12.559167,3.7697146
2012.1667,140.65786,28.989561,1.1898678e-06,-0.0002342583,0,0,68.563477,133.82434,46.078552,11.766109,0.40488824
2012.25,127.35201,26.945572,1.2501087e-06,6.3639005e-05,0.09618066,0,64.709404,135.97563,45.992779,10.908693,0
2012.3333,105.08121,22.936704,1.4014852e-06,0.0020126309,0.49963315,0,49.716152,137.40631,45.358131,9.2696458,0
2012.4167,88.285044,22.779096,1.5688159e-06,0.90792909,6.7057929,0.13925848,44.04224,137.46582,44.133232,58.708212,38.080945
2012.5,62.754795,24.750566,2.6509531e-06,1.2148566,8.4121392,0.29051667,46.913376,137.15327,41.785561,30.116189,105.53916
2012.5833,61.690092,25.692232,3.0330082e-06,0.92833351,5.9698419,0.22692441,48.770809,136.93259,38.149094,30.50937,80.319508
2012.6667,61.350133,26.195936,2.9666501e-06,0.95909134,2.8234009,0.10176593,49.302212,136.52846,34.734112,28.868857,67.943602
2012.75,65.096624,27.049746,2.6912537e-06,0.39943988,0,0,48.97831,135.82997,31.503826,24.799627,35.089289
2012.8333,62.359884,26.720688,2.225961e-06,0.0005090573,0,0,48.027431,134.97,28.539618,13.708668,10.988614
2012.9167,60.069114,25.953118,1.9491113e-06,2.5754243e-09,0,0,46.673973,134.03377,25.800346,16.786022,15.343171
2013,59.471086,25.332011,2.0464881e-06,0.00037916748,0,0,44.843807,133.30908,23.29232,11.771618,5.6749137
2013.0833,58.703739,24.6925,2.0768211e-06,2.9948008e-05,0,0,43.430695,132.72871,21.138557,11.51097,9.219211
2013.1667,57.319339,24.063531,2.1179828e-06,0.00022108234,0,0,41.547276,132.42682,19.192995,11.254308,14.596018
2013.25,54.511286,23.286942,2.1291055e-06,-1.3994679e-05,0.037321195,0,37.749973,131.92091,17.371908,10.063006,2.3242983
2013.3333,49.782995,22.408836,2.2730367e-06,0.022515558,0.55594341,0,33.633324,131.06772,15.726663,10.964776,0.053856932
2013.4167,46.646301,24.649214,2.4621372e-06,1.1971845,7.4657384,0.13007346,33.078796,129.83026,14.235049,81.28621,101.32262
2013.5,52.238781,27.581638,3.340831e-06,1.4481241,8.4516866,0.22864144,34.535442,128.57135,12.879687,28.8044,158.93267
2013.5833,59.822902,28.210025,3.3069964e-06,1.27001,7.28244,0.21451977,37.324554,127.15387,11.625333,28.505,146.6136
2013.6667,66.964582,28.83191,2.931936e-06,0.98218429,3.7996733,0.11159127,38.195107,125.286,10.51267,30.034779,99.132167
2013.75,69.667578,29.469231,2.6649941e-06,0.56930414,0,0,37.932331,122.74342,9.5189095,26.150563,42.809836
2013.8333,70.168704,29.570187,2.5785891e-06,0.07853851,0,0,36.911644,119.98283,8.6357555,18.926635,24.016675
2013.9167,69.631547,29.226301,2.4355838e-06,0.0019713028,0,0,36.012913,117.08397,7.8613944,23.144048,7.3747013
2014,68.581864,29.366065,2.1788833e-06,0.0001564731,0,0,35.132568,114.02197,7.1807857,16.621069,7.1013395
2014.0833,67.407623,28.983567,2.175736e-06,9.9033806e-05,0,0,34.163986,110.99985,6.6277428,16.447546,10.473097
2014.1667,65.635487,28.568231,2.1785991e-06,2.1499751e-05,0,0,32.501987,107.94887,6.1641521,16.071884,10.334603
2014.25,57.51171,27.622722,2.3276468e-06,-1.6917643e-05,0,0,25.216778,104.35921,5.7706938,14.897201,12.191544
2014.3333,42.309869,25.968978,2.8674108e-06,0.061744873,0.25446469,0,11.013467,96.891884,5.4593878,17.210319,14.195216
2014.4167,42.440526,27.369017,2.8688723e-06,1.0604281,6.2974998,0.063156072,10.182452,88.921944,5.2237415,60.836216,76.349954
2014.5,50.222643,29.187769,3.2383539e-06,1.3042487,7.9177227,0.13755781,10.164955,81.660881,5.0731249,25.592136,126.84677
2014.5833,55.856653,29.246027,3.311626e-06,1.1974276,7.3228536,0.14770174,10.93955,74.943588,5.0148406,25.709312,120.44025
2014.6667,64.196162,29.629497,2.9124092e-06,1.464073,1.0528804,0.020705548,11.528907,68.950386,5.0126185,29.537655,203.98361
2014.75,71.842536,29.889517,2.497155e-06,0.30930007,0,0,11.583132,63.578941,5.1309471,20.659425,53.549492
2014.8333,72.04438,29.621534,1.9650438e-06,0.011208892,0,0,11.608039,58.787239,5.3565083,17.227611,29.962581
2014.9167,72.81626,29.281434,1.7885299e-06,0.00064921596,0,0,11.637849,54.410278,5.6916733,22.642613,47.067284
2015,75.035937,29.376613,1.7798981e-06,0.00068420135,0,0,11.621563,49.927727,6.1474304,15.812537,37.880796
2015.0833,74.345566,28.697837,1.7892712e-06,0.0017606299,0,0,11.645653,46.139271,6.6889381,13.682942,11.724881
2015.1667,73.201567,27.971411,1.8712755e-06,0.0022890933,0,0,11.452538,42.854088,7.3361688,13.149921,13.458401
2015.25,71.505345,27.295465,1.8803717e-06,0.0018286808,0,0,10.99553,39.861168,8.1082249,12.091182,1.3503927
2015.3333,69.211662,26.940646,1.9752597e-06,0.3574441,2.2211326,0.019154304,10.334497,37.225647,8.9786234,44.077313,18.457223
2015.4167,76.842107,29.932944,2.0571924e-06,1.6330898,9.5148277,0.18777995,9.9104977,34.837013,9.8875408,40.774834,246.69022
2015.5,97.462296,30.186614,2.3340851e-06,1.5031911,8.737894,0.22815879,10.29311,32.695526,10.784008,25.835506,283.75414
2015.5833,117.3868,30.22241,2.0218422e-06,1.1418114,6.7026521,0.18875062,10.696447,30.878483,11.689925,23.93872,207.44918
2015.6667,128.59148,30.227711,1.8666587e-06,0.99464779,3.2488545,0.090521216,10.979446,29.459486,12.584302,25.030876,176.84552
2015.75,126.17092,30.435096,1.7987397e-06,0.47816004,0,0,11.728437,28.48917,13.489959,23.013943,92.137492
2015.8333,114.51122,30.031409,1.864638e-06,0.021733441,0,0,13.143689,28.021194,14.415318,14.640629,58.060459
2015.9167,114.72882,29.346082,1.8597071e-06,0.00067412266,0,0,14.4748,28.071817,15.365001,15.10541,13.201433
2016,112.87772,28.757187,1.8440563e-06,0.00068800328,0,0,15.365294,28.578436,16.342209,12.876405,6.94546
2016.0833,110.87474,28.046841,1.7329772e-06,0.00050018188,0,0,15.303135,29.173409,17.225397,12.319343,7.277736
2016.1667,106.80718,27.24641,1.7181843e-06,8.5235562e-05,0,0,15.087834,29.733704,18.040211,11.323346,0.9844099
2016.25,96.635193,26.052756,1.8015185e-06,0.00043595013,0,0,13.822253,30.18165,18.799917,10.744713,0.81424247
2016.3333,87.016314,25.567548,1.935844e-06,0.36249944,2.1048472,0.014711797,12.70992,30.283344,19.434523,48.172525,7.6164276
2016.4167,86.747557,29.067101,2.0913742e-06,1.5892573,9.4384157,0.15916576,12.178426,29.982485,19.932796,51.214518,163.90848
2016.5,99.637464,29.958555,2.2414108e-06,1.5139854,8.4808767,0.19327142,12.221127,29.358696,20.288275,24.99919,212.03081
2016.5833,110.78089,29.942369,2.0866264e-06,1.253024,7.0392516,0.17648811,12.390406,28.609646,20.49807,23.90142,170.77867
2016.6667,108.86681,29.998189,2.028874e-06,0.98097528,4.1364873,0.10245083,12.539042,27.849388,20.551382,25.765632,126.53079
2016.75,91.767915,30.168103,2.1943481e-06,0.569443,0,0,13.429959,27.238461,20.458006,23.990577,86.719077
2016.8333,74.999981,29.89528,2.4059921e-06,0.014253754,0,0,14.718646,26.700535,20.210268,14.464545,10.098641
2016.9167,74.338101,29.20555,1.8934501e-06,9.2588502e-05,0,0,15.332317,26.369873,19.818548,16.36004,16.400185
2017,73.559612,28.687328,1.926297e-06,0.0044420378,0,0,15.770774,26.29072,19.268259,13.566207,23.287931
2017.0833,61.71177,27.979687,2.1760288e-06,0.002962979,0,0,16.854078,26.425184,18.590155,13.202233,32.932498
2017.1667,57.258178,27.280284,2.3126424e-06,0.00040696178,0,0,16.937233,26.67452,17.836817,11.59185,1.3448964
2017.25,52.054558,26.500991,2.4773076e-06,0.013652742,0,0,16.50831,26.890919,17.050085,11.35933,0.86052351
2017.3333,47.624268,26.391892,2.6938151e-06,0.31368208,1.5991735,0.0089151554,15.75999,26.984516,16.243069,45.533286,10.217131
2017.4167,52.20044,29.975349,2.7523449e-06,1.6947585,9.1188491,0.14545066,14.953405,26.80076,15.387827,51.007587,184.08219
2017.5,67.238271,30.528223,3.0982217e-06,1.6827724,8.7759079,0.20183674,15.107164,26.489525,14.381354,27.189652,211.35654
2017.5833,79.650827,30.702488,2.7444551e-06,1.2649254,6.6191151,0.16548145,15.959981,26.1527,13.394466,27.789928,149.67021
2017.6667,83.471008,30.820059,2.5937511e-06,0.97988298,3.9285392,0.10051772,17.213253,25.913023,12.419268,29.642792,102.28777
2017.75,86.114407,31.141544,2.3505472e-06,0.68829688,0,0,17.845844,25.610989,11.430181,33.54351,67.054479
2017.8333,86.517118,30.803373,2.0571035e-06,0.026018523,0,0,18.548504,25.314796,10.48937,16.242967,19.019303
2017.9167,86.058035,30.243188,2.0307966e-06,0.00099672685,0,0,19.453243,25.129068,9.5870829,18.938418,30.521008
2018,80.575511,29.960509,2.0862196e-06,0.0012256436,0,0,20.691025,25.051321,8.6988916,15.337492,43.405264
2018.0833,79.086348,29.42211,2.0257612e-06,0.00064397547,0,0,20.740679,25.051176,7.9061871,14.540584,45.656255
2018.1667,75.461954,28.65977,2.0255297e-06,5.7643936e-06,0,0,19.460527,25.116034,7.3148685,12.680103,6.5356253
2018.25,63.725539,27.406001,2.2149732e-06,1.6762814e-05,0,0,15.290863,25.008373,6.8016081,11.85255,2.2634954
2018.3333,56.576796,26.499743,2.3357588e-06,0.014732381,0.1806738,0,13.931643,24.579338,6.3373356,12.160501,2.4827718
2018.4167,51.789299,28.631711,2.4717756e-06,1.1662416,5.8451318,0.051380167,12.618876,23.958275,5.9151478,85.748097,121.42327
2018.5,68.562344,31.485535,2.153269e-06,1.7094616,9.0055104,0.1368728,12.051867,23.304756,5.5315542,36.778005,272.60596
2018.5833,88.057727,32.015532,1.8735641e-06,1.320504,6.8048286,0.12329675,12.354385,22.683676,5.1874595,31.232211,214.45377
2018.6667,100.94821,32.080788,1.6722967e-06,0.98054761,4.6081446,0.091066914,12.726422,22.204861,4.8892674,27.886359,143.13065
2018.75,109.16694,32.274079,1.5353289e-06,0.75908342,0,0,12.302569,21.923731,4.8953543,25.368141,83.95355
2018.8333,110.10708,32.178435,1.4890584e-06,0.047268181,0,0,12.505456,21.914574,5.0604095,19.850025,18.411223
2018.9167,109.05134,31.861845,1.4962997e-06,0.0031605998,0,0,12.872767,22.274124,5.0792203,25.396403,14.979759
2019,106.42871,31.832609,1.5159872e-06,0.0027053414,0,0,13.277073,23.128084,4.9632258,17.956519,22.145641
2019.0833,85.289098,31.324744,1.7168148e-06,0.00069139889,0,0,14.414172,24.458282,4.7433639,16.784863,29.405152
2019.1667,69.178052,30.696709,1.9576814e-06,1.2357636e-05,0,0,15.986238,26.193316,4.5055413,13.538093,15.136026
2019.25,66.477917,29.872939,1.9914091e-06,2.8825757e-05,0,0,15.717242,28.033028,4.2945895,12.775103,5.4204369
2019.3333,62.109023,29.12985,2.0512473e-06,0.10512807,0.41114148,0,15.224047,29.678127,4.117641,24.9687,4.2106881
2019.4167,62.045682,32.089289,2.0536172e-06,1.6981046,8.4792923,0.10062609,15.004,30.9811,3.9726322,68.335323,153.99245
2019.5,75.345472,33.714425,1.8737601e-06,1.8405005,8.736118,0.16164811,16.057941,31.967495,3.8681145,41.935335,240.2614
2019.5833,91.579512,34.265399,1.6757615e-06,1.4809016,6.8188804,0.14236126,15.979711,32.9585,3.8006849,29.758125,256.65264
2019.6667,102.79625,34.340933,1.5287967e-06,1.1033741,4.1134452,0.09428089,16.326611,33.266472,3.6925445,31.360512,147.71783
2019.75,108.74198,34.538019,1.4058551e-06,0.6372911,0,0,16.869177,33.514194,3.6921165,30.524016,74.498295
2019.8333,108.26169,34.126773,1.3570162e-06,0.01422795,0,0,17.187643,33.973255,3.8044341,17.714316,9.442205
2019.9167,106.6179,33.4897,1.2807996e-06,2.7043736e-07,0,0,17.546291,34.624104,4.0253577,18.408518,5.9080152
