year,sminp_gPm2,labilep_gPm2,secondp_gPm2,occlp_gPm2,primp_gPm2,litr1p_gPm2,litr2p_gPm2,litr3p_gPm2,vegp_gPm2,storep_gPm2,totsomp_gPm2,p_uptake_gPm2yr,p_efflux_gPm2yr,sminp_leached_gPm2yr,total_inorganic_gPm2,total_ecosystem_gPm2
1901,125.51102,0.20294358,125.13357,0.59951961,0.031485662,204.90898,443.36349,218.38536,1.0985743,0.84751284,125.98616,0.57178116,0.42281541,1.3855753e-09,251.47853,1246.0686
1901.0833,125.4857,0.20342205,125.10737,0.59964269,0.0314859,204.8528,443.2338,218.32227,1.1101172,0.86003274,125.97948,0.60088766,0.4696497,1.5188601e-09,251.42761,1245.7861
1901.1667,125.46014,0.2037552,125.08118,0.59976566,0.031486139,204.79504,443.10242,218.25838,1.1175165,0.86907405,125.97281,0.59977341,0.46650201,1.5571793e-09,251.37633,1245.4915
1901.25,125.43367,0.20407748,125.05412,0.59989285,0.031486385,204.72708,442.95135,218.18478,1.1072696,0.82516539,125.96595,0.59913701,0.36069897,1.5925352e-09,251.32324,1245.0849
1901.3333,125.40721,0.20440364,125.02706,0.60001999,0.031486634,204.65979,442.80316,218.11258,1.1105303,0.78823119,125.9591,0.60307759,0.24931568,1.6051334e-09,251.27019,1244.7036
1901.4167,125.38111,0.20491885,125.00002,0.60014707,0.03148688,204.61334,442.69986,218.06258,1.1223859,0.79850477,125.95226,0.61573243,0.25843462,1.5158502e-09,251.21768,1244.4667
1901.5,125.35519,0.20552599,124.97298,0.60027415,0.031487126,204.76097,443.00058,218.21214,1.1326795,0.74205935,125.94562,0.91066897,0.45695823,9.3148433e-10,251.16547,1244.9595
1901.5833,125.32576,0.20446247,124.9455,0.60040325,0.031487375,204.92409,443.323,218.37294,1.1663184,0.78454453,125.93871,1.070281,0.55925751,7.5421097e-10,251.1076,1245.6171
1901.6667,125.29674,0.20338421,124.91846,0.60053027,0.031487621,205.08057,443.62167,218.52208,1.1613345,0.9104535,125.93169,0.99831885,0.52975404,6.4985556e-10,251.0506,1246.2784
1901.75,125.26864,0.20280606,124.89143,0.60065728,0.031487867,205.15233,443.74268,218.58327,1.1938976,0.9257955,125.92454,0.81805074,0.4191792,7.9617823e-10,250.99504,1246.5175
1901.8333,125.24236,0.20320947,124.8644,0.60078424,0.031488113,205.07793,443.57224,218.50006,1.2127463,0.93732476,125.91732,0.52681714,0.20607436,1.2790532e-09,250.94225,1246.1598
1901.9167,125.21699,0.20409931,124.83739,0.60091114,0.031488359,204.99945,443.3996,218.41571,1.2073755,0.93591279,125.9104,0.51394272,0.1883132,1.7391661e-09,250.89088,1245.7594
1902,125.19085,0.20481293,124.80994,0.60104012,0.031488609,204.92331,443.23361,218.33466,1.2032424,0.93471473,125.90348,0.51158941,0.17812657,1.7891094e-09,250.83813,1245.3711
1902.0833,125.16576,0.20536518,124.78382,0.60116285,0.031488843,204.85049,443.07651,218.25795,1.1976875,0.9364801,125.8969,0.51549703,0.21247497,1.8084381e-09,250.7876,1245.0036
1902.1667,125.14049,0.20581824,124.75772,0.60128552,0.031489082,204.77795,442.92145,218.18224,1.1901892,0.9361946,125.89035,0.51828057,0.22106402,1.8239386e-09,250.73682,1244.6351
1902.25,125.11424,0.20621508,124.73074,0.60141236,0.031489324,204.70465,442.76584,218.10631,1.17731,0.83470106,125.88358,0.52446246,0.1849498,1.8293818e-09,250.6841,1244.1565
1902.3333,125.08758,0.20638269,124.70377,0.60153913,0.03148957,204.63966,442.62885,218.0396,1.1664261,0.76526576,125.87682,0.56710225,0.19513071,1.8129245e-09,250.63075,1243.7474
1902.4167,125.06001,0.20605733,124.6768,0.60166591,0.031489812,204.75801,442.87216,218.16109,1.1916285,0.75949728,125.87012,0.69789737,0.22927472,1.2015523e-09,250.57602,1244.1886
1902.5,125.03128,0.20510285,124.64983,0.60179269,0.031490054,204.97545,443.32346,218.38579,1.2365798,0.76523614,125.86356,1.09319,0.50404966,8.7890295e-10,250.5195,1245.0696
1902.5833,125.00053,0.2032917,124.62242,0.60192144,0.031490304,205.1483,443.67111,218.55948,1.2660818,0.82448673,125.8566,1.1081678,0.50191206,7.2186734e-10,250.45967,1245.7858
1902.6667,124.97192,0.20239992,124.59546,0.60204816,0.031490546,205.26962,443.89999,218.67445,1.2824718,0.92054653,125.84958,1.0034685,0.43708581,6.3925543e-10,250.40332,1246.2999
1902.75,124.94469,0.20225331,124.5685,0.60217482,0.031490788,205.31285,443.96426,218.70772,1.3254572,0.94621986,125.8425,0.87955755,0.37266567,7.1352696e-10,250.34912,1246.4482
1902.8333,124.91792,0.20234752,124.54153,0.60230142,0.03149103,205.28246,443.87665,218.66568,1.3633887,0.9696483,125.83544,0.81461364,0.36621237,8.3631913e-10,250.29559,1246.2888
1902.9167,124.89137,0.20256345,124.51459,0.60242802,0.031491272,205.23778,443.76364,218.61101,1.3944265,0.99113947,125.82833,0.65047777,0.27273232,9.9352226e-10,250.24245,1246.0688
1903,124.86474,0.20297424,124.4872,0.60255671,0.031491518,205.19402,443.65778,218.55981,1.4253765,1.0165417,125.82119,0.61479527,0.22275996,1.1440018e-09,250.18895,1245.8637
1903.0833,124.83917,0.20323582,124.46115,0.60267907,0.031491753,205.15175,443.55801,218.51154,1.4522454,1.0456188,125.81446,0.61917108,0.25020999,1.2806167e-09,250.13774,1245.6713
1903.1667,124.81334,0.20335007,124.4351,0.60280144,0.031491987,205.1113,443.46335,218.46582,1.4775221,1.0751274,125.80777,0.62921047,0.25650772,1.3767061e-09,250.08609,1245.487
1903.25,124.78664,0.20347323,124.40818,0.60292798,0.031492226,205.06918,443.36624,218.41893,1.5013239,1.0160345,125.80087,0.62609851,0.24408169,1.4473195e-09,250.03271,1245.2053
1903.3333,124.75996,0.20359538,124.38126,0.6030544,0.031492468,205.02644,443.26932,218.37212,1.5287157,0.97295123,125.794,0.63705277,0.23205736,1.4830238e-09,249.97937,1244.9429
1903.4167,124.73311,0.20362616,124.35435,0.60318089,0.03149271,205.0311,443.27124,218.37419,1.5557082,0.96492964,125.78717,0.68351775,0.22853866,1.2607909e-09,249.92577,1244.9101
1903.5,124.70556,0.20327857,124.32745,0.60330731,0.031492949,205.21692,443.64349,218.55974,1.5860561,0.92620724,125.78052,0.98971051,0.41838089,8.1511198e-10,249.87109,1245.584
1903.5833,124.67732,0.20278959,124.30011,0.60343575,0.031493194,205.38489,443.97076,218.71674,1.625414,0.92474771,125.77341,0.89645445,0.376335,6.7964362e-10,249.81516,1246.2111
1903.6667,124.65054,0.20284857,124.27322,0.60356212,0.031493433,205.46176,444.11026,218.76855,1.619751,1.0099542,125.76632,0.78287321,0.28876314,6.1901995e-10,249.76166,1246.4983
1903.75,124.62379,0.20292689,124.24633,0.60368842,0.031493671,205.47974,444.13123,218.7616,1.6396586,1.0434421,125.75893,0.69593638,0.24506408,7.6168249e-10,249.70824,1246.5228
1903.8333,124.5975,0.20324498,124.21945,0.60381472,0.031493913,205.42291,444.00262,218.69666,1.6700337,1.0474206,125.75141,0.58672982,0.18117192,1.0694112e-09,249.65552,1246.2466
1903.9167,124.57121,0.20355536,124.19257,0.60394102,0.031494152,205.3531,443.84988,218.62315,1.683025,1.0502688,125.74397,0.5716455,0.18706566,1.3861909e-09,249.60277,1245.9062
1904,124.54663,0.20501275,124.16527,0.60406935,0.031494394,205.27507,443.6821,218.54199,1.6747049,1.0516272,125.71986,0.67832059,0.16693585,1.7470234e-09,249.55246,1245.4978
1904.0833,124.52636,0.2080491,124.13931,0.60419142,0.031494625,205.20341,443.52939,218.46805,1.6404655,1.0417377,125.67953,0.69197518,0.21659274,1.8019778e-09,249.5094,1245.0719
1904.1667,124.50742,0.2117794,124.11337,0.60431349,0.031494856,205.13538,443.38531,218.39836,1.6050329,1.0283325,125.63587,0.69681859,0.24314775,1.8411935e-09,249.46837,1244.6567
1904.25,124.48801,0.21571304,124.08656,0.60443962,0.031495094,205.0681,443.24399,218.33008,1.5919399,0.92674929,125.58978,0.7128765,0.24378094,1.8763269e-09,249.42622,1244.1768
1904.3333,124.46912,0.21990085,124.05979,0.6045658,0.031495333,205.00667,443.116,218.26846,1.5757866,0.90358365,125.54111,0.74860245,0.25229442,1.9092632e-09,249.38487,1243.7965
1904.4167,124.44939,0.22362526,124.03305,0.60469186,0.031495571,205.11517,443.33948,218.38097,1.5744658,0.87218916,125.49128,0.84981114,0.22953385,1.3938053e-09,249.34225,1244.1158
1904.5,124.42751,0.22619432,124.00633,0.60481799,0.03149581,205.44608,444.02615,218.72122,1.5834707,0.82886773,125.44069,1.2034996,0.46305496,9.7940456e-10,249.29634,1245.3429
1904.5833,124.40235,0.22723724,123.97919,0.60494608,0.031496048,205.77237,444.69574,219.02922,1.5831873,0.88214159,125.39033,0.9812941,0.30519,8.1371526e-10,249.24521,1246.5982
1904.6667,124.37521,0.22700089,123.95248,0.60507214,0.031496286,206.08977,445.34015,219.34084,1.601945,0.91000772,125.34488,0.6496864,0.10815033,7.0078909e-10,249.19125,1247.8189
1904.75,124.34684,0.22611251,123.92579,0.60519814,0.031496521,206.17688,445.51016,219.42615,1.6423033,0.91436058,125.30013,0.66549373,0.13338108,9.0345303e-10,249.13544,1248.1053
1904.8333,124.31651,0.2241834,123.89909,0.60532409,0.03149676,206.13974,445.42645,219.38564,1.6866127,0.93091911,125.25593,0.67720932,0.13986355,1.2642061e-09,249.07661,1247.9019
1904.9167,124.28562,0.22196451,123.87239,0.60545009,0.031496994,206.08961,445.31644,219.33209,1.7259129,0.96182084,125.21194,0.66475415,0.20084116,1.7418541e-09,249.01692,1247.6548
1905,124.25694,0.22114806,123.84525,0.60557806,0.031497236,206.04295,445.21347,219.28204,1.692843,0.94710803,125.18627,0.38362557,0.075238071,1.839537e-09,248.9604,1247.3251
1905.0833,124.23109,0.22112893,123.81943,0.60569984,0.031497464,206.004,445.12659,219.23997,1.6111913,0.91078138,125.17982,0.37362915,0.089889921,1.851981e-09,248.90883,1246.9812
1905.1667,124.20528,0.22113416,123.79361,0.60582155,0.031497691,205.96873,445.04724,219.20163,1.5190233,0.86979997,125.17338,0.37412536,0.089241199,1.8689039e-09,248.85733,1246.6372
1905.25,124.17867,0.22117515,123.76692,0.60594743,0.031497926,205.91858,444.94931,219.15463,1.4442769,0.74043953,125.16687,0.59606826,0.22751758,1.8884474e-09,248.8042,1246.1784
1905.3333,124.15188,0.22111945,123.74024,0.6060732,0.031498164,205.86287,444.85178,219.10869,1.4017462,0.72763836,125.16022,0.62584311,0.27454829,1.8823434e-09,248.75082,1245.8638
1905.4167,124.12494,0.22098018,123.71356,0.60619903,0.031498399,206.0188,445.19156,219.2794,1.4222113,0.69728941,125.15359,0.69167459,0.19328664,1.350298e-09,248.69717,1246.46
1905.5,124.09757,0.22060245,123.6869,0.60632479,0.031498633,206.53062,446.24863,219.80345,1.4574397,0.61626232,125.14671,0.39018467,0.036583334,8.9052599e-10,248.64288,1248.446
1905.5833,124.07027,0.22049344,123.65979,0.60645258,0.031498872,207.03944,447.28494,220.31758,1.4856944,0.54912674,125.13986,0.38435408,0.043549206,7.3583195e-10,248.5885,1250.4052
1905.6667,124.04362,0.22049963,123.63313,0.60657829,0.031499103,207.43886,448.09702,220.72058,1.4743689,0.58016694,125.13304,0.38490573,0.044410169,6.5950168e-10,248.53532,1251.9793
1905.75,124.01699,0.22051534,123.60648,0.60670394,0.031499337,207.64041,448.50287,220.92252,1.5008427,0.58261126,125.1259,0.38863921,0.060334269,7.7260687e-10,248.48218,1252.7573
1905.8333,123.99039,0.2205428,123.57983,0.60682958,0.031499572,207.63696,448.48825,220.91624,1.5244081,0.61627811,125.11863,0.38722032,0.080079392,9.3987396e-10,248.42909,1252.7299
1905.9167,123.96379,0.22056355,123.55318,0.60695523,0.031499807,207.63216,448.47095,220.90863,1.5376621,0.6475457,125.11137,0.38644397,0.15935311,1.039164e-09,248.37599,1252.6843
1906,123.92929,0.21661851,123.52611,0.6070829,0.031500041,207.62753,448.45401,220.90118,1.5427524,0.67756283,125.08307,0.81704688,0.25659052,1.103567e-09,248.31061,1252.5967
1906.0833,123.8905,0.20970033,123.50031,0.60720438,0.031500269,207.62527,448.44238,220.89635,1.5636121,0.72106403,125.03609,0.8089869,0.33232167,1.1336988e-09,248.23921,1252.524
1906.1667,123.8535,0.20375067,123.47449,0.60732579,0.031500492,207.62318,448.43124,220.89172,1.5749042,0.75464034,124.98901,0.78629512,0.39426252,1.1826301e-09,248.17056,1252.4352
1906.25,123.81721,0.19865197,123.44777,0.60745132,0.031500727,207.62138,448.42056,220.88733,1.5824586,0.74557436,124.93999,0.76733285,0.45243618,1.2538709e-09,248.10258,1252.2999
1906.3333,123.78379,0.19508521,123.42104,0.60757679,0.031500958,207.62532,448.42166,220.88881,1.4979256,0.68649918,124.88925,0.7305851,0.45908213,1.2892298e-09,248.03897,1252.0484
1906.4167,123.75359,0.19324151,123.39429,0.60770226,0.031501189,207.65862,448.48294,220.92009,1.4223839,0.66795766,124.83916,0.69870263,0.340909,1.2070535e-09,247.98032,1251.9715
1906.5,123.7236,0.19150944,123.36755,0.60782772,0.031501424,208.0336,449.246,221.29886,1.4473166,0.62393975,124.78915,0.72496372,0.12196379,7.5491552e-10,247.922,1253.3609
1906.5833,123.6922,0.18926002,123.34036,0.60795516,0.031501658,208.43901,450.07086,221.70822,1.4661827,0.6322428,124.73938,0.70572209,0.11497987,6.1061733e-10,247.86128,1254.9173
1906.6667,123.65971,0.18619682,123.31361,0.60808057,0.031501889,208.80704,450.81964,222.07973,1.5006821,0.62052506,124.69296,0.73318893,0.1307115,5.6851368e-10,247.7991,1256.3197
1906.75,123.62656,0.18278544,123.28684,0.60820591,0.03150212,209.00935,451.22772,222.28268,1.5385917,0.64390558,124.64653,0.72173297,0.24391432,5.7279548e-10,247.7359,1257.0846
1906.8333,123.59354,0.17945625,123.26006,0.6083312,0.031502351,209.01663,451.23535,222.2874,1.5553896,0.68024409,124.60033,0.72449666,0.48040029,8.0350909e-10,247.67291,1257.0482
1906.9167,123.56078,0.17626674,123.23328,0.60845655,0.031502582,208.96234,451.11731,222.22981,1.5579355,0.71029019,124.55436,0.69662017,0.86923701,1.2014708e-09,247.61029,1256.7423
1907,123.52972,0.17422476,123.20604,0.60858387,0.031502817,208.92563,451.03528,222.19006,1.5216254,0.70027393,124.50756,0.67950237,0.69475168,1.2761152e-09,247.55008,1256.4305
1907.0833,123.50128,0.17287512,123.18012,0.60870498,0.031503037,208.89827,450.97275,222.15994,1.5033389,0.70804667,124.4622,0.67236811,0.73141986,1.2734026e-09,247.49449,1256.1991
1907.1667,123.47399,0.17214182,123.15421,0.6088261,0.03150326,208.86971,450.90768,222.12859,1.4510804,0.69741899,124.41682,0.65414023,0.73344499,1.2892031e-09,247.44067,1255.912
1907.25,123.44714,0.17210974,123.12741,0.60895133,0.031503491,208.84248,450.84515,222.09848,1.3730975,0.6720618,124.37017,0.63638806,0.70407295,1.3104415e-09,247.38712,1255.5885
1907.3333,123.42249,0.17325777,123.10062,0.60907644,0.031503718,208.81848,450.78915,222.07166,1.2940687,0.6083644,124.32112,0.63333303,0.67676252,1.3358192e-09,247.33696,1255.2398
1907.4167,123.39948,0.17526288,123.07385,0.60920161,0.031503949,208.80579,450.75641,222.05634,1.2321839,0.59730923,124.26991,0.6264627,0.63260472,1.3520634e-09,247.28931,1255.0072
1907.5,123.37646,0.17725943,123.0471,0.60932672,0.031504177,209.04749,451.24661,222.29988,1.2192291,0.57438385,124.21918,0.63099021,0.17579329,8.933177e-10,247.24165,1255.8484
1907.5833,123.35147,0.17842719,123.01992,0.60945386,0.031504411,209.62022,452.41672,222.88008,1.2438731,0.55783874,124.16853,0.65841675,0.16472502,6.4636341e-10,247.19078,1258.078
1907.6667,123.32607,0.17913686,122.99319,0.60957891,0.031504638,210.07066,453.33499,223.3356,1.2515626,0.58189273,124.11947,0.65178657,0.27016747,5.6237598e-10,247.1395,1259.8337
1907.75,123.2998,0.17937706,122.96647,0.60970396,0.031504866,210.19315,453.5791,223.45744,1.2404364,0.60280943,124.07355,0.63716942,0.65067399,7.8958839e-10,247.08687,1260.2333
1907.8333,123.27416,0.17995761,122.93976,0.60982895,0.031505097,210.15201,453.48825,223.41333,1.2259556,0.60796219,124.02825,0.62256378,0.65825754,1.2347663e-09,247.03522,1259.951
1907.9167,123.25208,0.18242852,122.91306,0.60995394,0.031505324,210.06236,453.31488,223.32848,1.1868392,0.5961135,123.98333,0.66690248,1.0581537,1.6472366e-09,246.98903,1259.4611
1908,123.22865,0.18440168,122.88594,0.6100809,0.031505555,209.95691,453.11786,223.23212,1.1140332,0.55113554,123.95737,0.5017072,0.55785757,1.7542542e-09,246.94058,1258.87
1908.0833,123.20272,0.18432881,122.86015,0.61020172,0.031505775,209.8694,452.96094,223.15561,1.0725088,0.53707886,123.95125,0.51437438,0.56580085,1.7582076e-09,246.8889,1258.4357
1908.1667,123.17697,0.18435253,122.83435,0.61032254,0.031505994,209.78563,452.81271,223.08344,1.0320518,0.52383846,123.94511,0.51622927,0.56277472,1.7586348e-09,246.83751,1258.0203
1908.25,123.15036,0.18437554,122.80769,0.61044741,0.031506222,209.70381,452.67041,223.01422,0.98729718,0.46423188,123.93877,0.52555203,0.55950242,1.7588631e-09,246.78438,1257.5631
1908.3333,123.12359,0.18431088,122.78104,0.61057222,0.031506449,209.64198,452.57349,222.96761,0.94738996,0.45180783,123.93244,0.5761103,0.55203521,1.7147793e-09,246.731,1257.2457
1908.4167,123.0966,0.1841267,122.75439,0.61069703,0.031506676,209.89777,453.13577,223.24734,0.95041126,0.42515343,123.92602,0.54073817,0.18662108,1.159844e-09,246.67734,1258.2598
1908.5,123.06944,0.18384753,122.72775,0.61082184,0.0315069,210.42935,454.23209,223.79108,0.98441666,0.38675091,123.91954,0.39399463,0.050366014,8.0774348e-10,246.62337,1260.3666
1908.5833,123.04208,0.18369268,122.70068,0.61094862,0.031507131,210.85457,455.09808,224.22086,1.0176107,0.36165616,123.91301,0.38940951,0.065031849,7.1257705e-10,246.56891,1262.0347
1908.6667,123.01556,0.18375582,122.67404,0.61107337,0.031507358,211.21544,455.83298,224.58546,1.0131711,0.38013488,123.90656,0.38848433,0.071838781,6.5482131e-10,246.51593,1263.4496
1908.75,122.98911,0.18384258,122.64742,0.61119807,0.031507581,211.37582,456.15552,224.74608,0.99243373,0.40187779,123.90009,0.38438916,0.095637962,9.0065516e-10,246.46307,1264.0349
1908.8333,122.963,0.18412034,122.6208,0.61132276,0.031507809,211.34195,456.07944,224.70927,0.98116779,0.41997197,123.89362,0.36804101,0.1887451,1.3897876e-09,246.41075,1263.8361
1908.9167,122.93683,0.18436052,122.59418,0.61144739,0.031508032,211.28568,455.95749,224.64975,0.95217305,0.41292891,123.88721,0.36930183,0.48326558,1.6202159e-09,246.35834,1263.5035
1909,122.91013,0.18454841,122.56714,0.61157411,0.031508259,211.21039,455.81464,224.57997,0.89924687,0.38536105,123.88084,0.52404022,0.46881893,1.6574428e-09,246.3049,1263.0754
1909.0833,122.88463,0.18466435,122.54142,0.61169457,0.031508479,211.12393,455.66431,224.50674,0.86588067,0.37491977,123.87469,0.52755338,0.4695231,1.671242e-09,246.25392,1262.6643
1909.1667,122.85909,0.18476769,122.51569,0.61181509,0.031508695,211.03902,455.51614,224.43457,0.8312732,0.365576,123.86854,0.52198458,0.46333036,1.6809076e-09,246.20288,1262.258
1909.25,122.83263,0.18483223,122.48911,0.61193961,0.031508919,210.95578,455.37238,224.36464,0.79480112,0.34280393,123.8622,0.53512913,0.47435349,1.6836104e-09,246.15001,1261.8426
1909.3333,122.80591,0.18475477,122.46253,0.61206412,0.031509142,210.89238,455.27527,224.31789,0.76435292,0.32261065,123.85588,0.58852226,0.5009076,1.6634411e-09,246.09676,1261.5251
1909.4167,122.77913,0.18464483,122.43596,0.61218864,0.031509366,211.12863,455.80209,224.57939,0.76350647,0.31330732,123.84953,0.62478936,0.29523662,1.1334972e-09,246.04343,1262.4799
1909.5,122.75214,0.18441883,122.40939,0.61231309,0.031509589,211.60388,456.80032,225.06349,0.79428363,0.29869193,123.84301,0.45034665,0.091455191,8.506249e-10,245.98978,1264.3934
1909.5833,122.72466,0.18415457,122.38239,0.61243957,0.031509817,212.08447,457.78082,225.54964,0.82711011,0.28895807,123.83648,0.39547622,0.078102037,7.4570289e-10,245.93515,1266.3026
1909.6667,122.6982,0.18420859,122.35583,0.61256397,0.03151004,212.46504,458.55594,225.93423,0.84573525,0.30558059,123.83003,0.39191902,0.096181013,7.0295764e-10,245.88232,1267.8189
1909.75,122.67185,0.18431459,122.32928,0.61268836,0.031510264,212.58733,458.80042,226.05621,0.84833592,0.33469018,123.82359,0.38542074,0.30041778,9.1515545e-10,245.82964,1268.2802
1909.8333,122.64562,0.18448816,122.30273,0.6128127,0.031510487,212.56081,458.73953,226.02693,0.8510133,0.34055248,123.81712,0.37858066,0.34652305,1.1362226e-09,245.77716,1268.1132
1909.9167,122.61936,0.18463601,122.27619,0.61293703,0.031510707,212.52637,458.66229,225.98955,0.84757578,0.34413576,123.81068,0.37628734,0.49689421,1.3186835e-09,245.72464,1267.9052
1910,122.59258,0.18473539,122.24923,0.6130634,0.031510934,212.49422,458.58972,225.95448,0.81526804,0.33037376,123.80414,0.37526104,0.33260271,1.4110296e-09,245.67113,1267.6593
1910.0833,122.56717,0.18486871,122.22357,0.61318356,0.03151115,212.4626,458.51846,225.92004,0.75522125,0.31336853,123.79794,0.37270299,0.32711652,1.4764532e-09,245.62032,1267.388
1910.1667,122.54182,0.18502751,122.19792,0.61330378,0.031511363,212.42891,458.44284,225.88347,0.68985015,0.29916394,123.79176,0.37056455,0.31404129,1.5269029e-09,245.56958,1267.1056
1910.25,122.51571,0.18524648,122.17141,0.613428,0.031511586,212.39464,458.36737,225.84697,0.58830559,0.24894048,123.78541,0.41767585,0.30331138,1.5510696e-09,245.51732,1266.749
1910.3333,122.48979,0.18556575,122.14491,0.61355215,0.031511806,212.33585,458.28015,225.80507,0.5118627,0.22454628,123.77915,0.63219756,0.47729504,1.5594182e-09,245.46532,1266.4019
1910.4167,122.46354,0.18569735,122.11841,0.61367637,0.031512026,212.2915,458.2431,225.78821,0.48627055,0.22648597,123.77279,0.66628492,0.51321441,1.5311914e-09,245.41283,1266.2211
1910.5,122.43732,0.18584703,122.09191,0.61380047,0.031512249,212.57986,458.91757,226.12413,0.47647113,0.21296073,123.76665,1.0233384,0.69588864,9.1683977e-10,245.3604,1267.438
1910.5833,122.40976,0.18549639,122.06499,0.61392665,0.031512473,212.80067,459.5325,226.43234,0.48014101,0.20485552,123.76031,1.3205253,0.95736587,7.3462542e-10,245.30568,1268.5165
1910.6667,122.38268,0.18517458,122.03851,0.61405069,0.031512693,213.125,460.36353,226.84746,0.49340573,0.22246629,123.75391,1.3349797,1.0459013,6.3226879e-10,245.25192,1270.0577
1910.75,122.35624,0.18518864,122.01204,0.61417478,0.031512912,213.27357,460.79681,227.06503,0.49043104,0.27397546,123.7472,0.96862173,0.83114177,8.7234725e-10,245.19916,1270.8461
1910.8333,122.33063,0.18565287,121.98557,0.61429882,0.031513132,213.18915,460.67761,227.00786,0.49395695,0.28612038,123.74058,0.6914959,0.61597848,1.2342377e-09,245.14766,1270.543
1910.9167,122.30478,0.18598342,121.95911,0.6144228,0.031513352,213.1131,460.56424,226.95337,0.49145606,0.28892496,123.73415,0.6847685,0.77511752,1.4390432e-09,245.09579,1270.2411
1911,122.27847,0.18629453,121.93222,0.6145488,0.031513575,213.03525,460.44327,226.8951,0.46827513,0.27561072,123.72762,0.64874125,0.65319622,1.5322449e-09,245.04303,1269.8881
1911.0833,122.25333,0.18653725,121.90664,0.61466873,0.031513788,212.96321,460.32858,226.8398,0.44768605,0.26650739,123.72144,0.64446402,0.66926157,1.5493148e-09,244.99269,1269.5599
1911.1667,122.22831,0.18683463,121.88107,0.61478859,0.031514,212.89333,460.21747,226.78627,0.41238579,0.25649342,123.71527,0.64253896,0.66326886,1.5553203e-09,244.9425,1269.2237
1911.25,122.20251,0.18717922,121.85464,0.61491245,0.031514216,212.8223,460.10413,226.73174,0.38972121,0.21361759,123.7089,0.64020532,0.61758673,1.5661316e-09,244.89075,1268.8611
1911.3333,122.17663,0.18747064,121.82821,0.61503637,0.031514436,212.75398,459.99609,226.67978,0.37501365,0.1997582,123.70255,0.6563732,0.62335265,1.5701672e-09,244.83885,1268.546
1911.4167,122.15059,0.18767238,121.8018,0.61516017,0.031514656,212.7023,459.92523,226.64632,0.3628754,0.20039725,123.6962,0.69391686,0.64066023,1.5307309e-09,244.78673,1268.32
1911.5,122.12453,0.18786547,121.77538,0.61528403,0.031514872,213.05151,460.70245,227.0334,0.3697179,0.1834819,123.69013,1.1732666,0.91527194,8.6584934e-10,244.73457,1269.7653
1911.5833,122.09603,0.18696162,121.74854,0.61540985,0.031515095,213.52783,461.7916,227.57619,0.39385277,0.18107332,123.68379,1.4766738,1.1711738,6.759337e-10,244.67845,1271.8328
1911.6667,122.06818,0.18617626,121.72214,0.61553359,0.031515311,213.92148,462.69635,228.02776,0.41187823,0.20232585,123.67733,1.4246616,1.2165891,5.859957e-10,244.62354,1273.5606
1911.75,122.04141,0.185977,121.69574,0.61565733,0.031515531,214.12508,463.18417,228.27271,0.41228658,0.24019547,123.6708,1.2971144,1.1713266,5.8619615e-10,244.5703,1274.4755
1911.8333,122.01497,0.18595204,121.66934,0.61578107,0.031515747,214.08961,463.1582,228.26294,0.42127904,0.24928333,123.66417,1.0613188,0.99141431,7.7440243e-10,244.51756,1274.3631
1911.9167,121.98978,0.18660155,121.64296,0.61590475,0.031515963,213.98474,462.95792,228.16551,0.41854009,0.25025776,123.65742,0.56617016,0.57717294,1.4444981e-09,244.46675,1273.9012
1912,121.96422,0.18727487,121.61614,0.6160304,0.031516183,213.89105,462.77206,228.0748,0.40405604,0.24236077,123.65094,0.5793981,0.51404613,1.6441567e-09,244.41518,1273.4504
1912.0833,121.93937,0.18763016,121.59064,0.61614996,0.031516396,213.80801,462.60782,227.99481,0.39568728,0.23981325,123.6448,0.58414745,0.53169036,1.6543409e-09,244.3653,1273.0562
1912.1667,121.91424,0.18782952,121.56514,0.61626953,0.031516604,213.72818,462.45032,227.91811,0.38603491,0.23470363,123.63867,0.59395868,0.58259809,1.6626452e-09,244.31499,1272.6709
1912.25,121.88806,0.18792906,121.53879,0.61639309,0.03151682,213.65013,462.29712,227.84364,0.3745093,0.21841902,123.63232,0.59765202,0.57448989,1.6635192e-09,244.26268,1272.2788
1912.3333,121.86174,0.18794273,121.51244,0.61651665,0.031517036,213.58014,462.16141,227.77786,0.37109607,0.1846344,123.62599,0.63486058,0.5347845,1.6630614e-09,244.21016,1271.9113
1912.4167,121.83544,0.18796542,121.48609,0.61664021,0.031517252,213.60873,462.23007,227.81335,0.37015045,0.18676125,123.61967,0.6779685,0.51005411,1.3560277e-09,244.15765,1271.9864
1912.5,121.8092,0.18802182,121.45975,0.61676371,0.031517465,213.9689,462.99689,228.1955,0.38775867,0.17037894,123.61374,1.3700483,0.96984601,8.2167012e-10,244.10526,1273.4385
1912.5833,121.78046,0.18694703,121.43299,0.61688918,0.031517684,214.35072,463.81488,228.60402,0.42529419,0.1763052,123.60733,1.5257635,1.1480675,6.60906e-10,244.04881,1275.0273
1912.6667,121.75321,0.18645015,121.40665,0.61701262,0.031517901,214.67523,464.49539,228.94429,0.4534398,0.19790229,123.60085,1.4208475,1.1667125,5.8158856e-10,243.99486,1276.3619
1912.75,121.72684,0.18642268,121.38033,0.61713606,0.031518117,214.80952,464.76675,229.08177,0.44483861,0.2512553,123.59425,1.2431909,1.1227967,6.6432077e-10,243.94225,1276.8907
1912.8333,121.7012,0.18679528,121.354,0.61725944,0.031518329,214.72505,464.58255,228.99271,0.43466508,0.25766346,123.58745,0.66877306,0.61955488,1.0741811e-09,243.89079,1276.4708
1912.9167,121.67636,0.18759133,121.32769,0.61738282,0.031518545,214.6281,464.37524,228.89145,0.42770168,0.25667393,123.58098,0.57693166,0.57075137,1.5801175e-09,243.84056,1276.0007
1913,121.6508,0.18822664,121.30096,0.61750817,0.031518761,214.53001,464.16669,228.78949,0.41623271,0.25022027,123.57452,0.56537855,0.48730212,1.6739914e-09,243.78902,1275.5162
1913.0833,121.62604,0.18858804,121.27553,0.61762744,0.03151897,214.442,463.97971,228.69817,0.40903333,0.24899168,123.5684,0.58225787,0.5239318,1.6803227e-09,243.7393,1275.0856
1913.1667,121.60099,0.18879272,121.2501,0.61774665,0.031519175,214.35852,463.80252,228.61171,0.40105346,0.24687828,123.56229,0.58665246,0.55672324,1.68214e-09,243.68916,1274.6721
1913.25,121.57506,0.18898119,121.22382,0.61786991,0.031519391,214.27353,463.62253,228.52391,0.39052945,0.22687884,123.55595,0.58961737,0.53912365,1.6837983e-09,243.63725,1274.2306
1913.3333,121.54887,0.18902563,121.19755,0.61799318,0.031519603,214.20337,463.47348,228.45145,0.39632398,0.20009553,123.54966,0.64159101,0.45010328,1.6379323e-09,243.58496,1273.8593
1913.4167,121.5224,0.18891856,121.17128,0.61811638,0.031519815,214.44188,463.96011,228.69391,0.41494831,0.18818597,123.54354,0.97539347,0.60203707,1.0209334e-09,243.53224,1274.7748
1913.5,121.49474,0.18815893,121.14502,0.61823952,0.031520028,214.74542,464.57272,229.00035,0.44790527,0.19379117,123.5375,1.5194297,1.0495563,7.4877915e-10,243.47768,1275.9753
1913.5833,121.46618,0.18714894,121.11832,0.61836469,0.031520244,214.9201,464.89902,229.16571,0.48629189,0.21137679,123.53099,1.5150285,1.277185,6.5939404e-10,243.42154,1276.635
1913.6667,121.43953,0.18693645,121.09206,0.61848783,0.031520456,215.08585,465.19492,229.31535,0.47177941,0.27145606,123.52448,1.3700203,1.2353607,6.1689959e-10,243.36855,1277.2324
1913.75,121.4133,0.18694541,121.06581,0.61861092,0.031520668,215.18611,465.34662,229.39334,0.47962648,0.27635881,123.51791,1.1832074,1.1521786,7.2827472e-10,243.31618,1277.5161
1913.8333,121.38754,0.18720733,121.03956,0.618734,0.031520881,215.12242,465.17868,229.31218,0.48242983,0.27938482,123.51121,0.75473827,0.74022025,1.0315336e-09,243.26456,1277.1508
1913.9167,121.36197,0.18757346,121.01332,0.61885703,0.031521093,215.05089,465.00299,229.22688,0.48478189,0.28168562,123.50478,0.75957602,0.77852088,1.1626264e-09,243.21324,1276.7653
1914,121.3356,0.18773313,120.98666,0.61898208,0.031521309,214.97797,464.82468,229.14027,0.48645353,0.28263891,123.49825,0.7581321,0.6929431,1.3235949e-09,243.16051,1276.3707
1914.0833,121.31055,0.18790489,120.96129,0.61910105,0.031521514,214.9064,464.65167,229.0562,0.48682863,0.28376934,123.49207,0.74520516,0.71535724,1.4422509e-09,243.11037,1275.9874
1914.1667,121.28557,0.18810558,120.93593,0.61921996,0.031521715,214.83287,464.4758,228.97067,0.47557324,0.27975199,123.48588,0.72533399,0.69753081,1.4925837e-09,243.06035,1275.5808
1914.25,121.25977,0.18832855,120.90971,0.61934292,0.031521928,214.75806,464.29788,228.88416,0.46335155,0.24925938,123.47951,0.7219885,0.61490953,1.5108155e-09,243.00868,1275.1408
1914.3333,121.23411,0.1886251,120.88351,0.61946583,0.03152214,214.68661,464.12741,228.80133,0.44390488,0.23008341,123.47316,0.73170966,0.52579743,1.5140909e-09,242.95723,1274.7198
1914.4167,121.20846,0.18892299,120.85731,0.61958867,0.031522349,214.62372,463.97412,228.72702,0.44611135,0.24495228,123.46681,0.75818723,0.6288082,1.4951912e-09,242.90581,1274.3885
1914.5,121.18273,0.18917452,120.83112,0.61971158,0.031522561,214.82568,464.35745,228.91855,0.4607026,0.21955405,123.46075,1.2259192,0.80474317,8.7599406e-10,242.85425,1275.0969
1914.5833,121.15451,0.18830104,120.8045,0.61983639,0.031522773,215.18608,465.02957,229.25404,0.49999759,0.22581975,123.45446,1.5634238,1.0551834,6.7888184e-10,242.79868,1276.4486
1914.6667,121.12726,0.18772501,120.77832,0.61995918,0.031522982,215.45201,465.48837,229.48404,0.50867832,0.28898382,123.44796,1.4263293,1.3097194,6.0609179e-10,242.74478,1277.4148
1914.75,121.10088,0.18761149,120.75214,0.62008196,0.031523194,215.46994,465.44104,229.46317,0.50516039,0.31840631,123.4413,1.0876855,1.0364516,8.238728e-10,242.69223,1277.3313
1914.8333,121.07539,0.18798292,120.72597,0.62020475,0.031523403,215.39244,465.23474,229.3627,0.50560188,0.31984675,123.43461,0.66936612,0.66235566,1.1996188e-09,242.64107,1276.891
1914.9167,121.05005,0.18842897,120.6998,0.62032747,0.031523611,215.31093,465.03494,229.26517,0.50206679,0.31840613,123.42822,0.6961236,0.73945922,1.4551804e-09,242.59013,1276.4499
1915,121.02378,0.18860349,120.67321,0.62045217,0.031523824,215.2348,464.84607,229.1731,0.50033945,0.31736666,123.42172,0.68282384,0.62565976,1.4786228e-09,242.53757,1276.0309
1915.0833,120.99889,0.18881735,120.64792,0.62057084,0.031524025,215.15735,464.65927,229.08192,0.48692295,0.3105135,123.41554,0.66293776,0.66159457,1.5397369e-09,242.48773,1275.5992
1915.1667,120.97401,0.18904401,120.62263,0.62068945,0.031524226,215.07967,464.47415,228.99156,0.47268751,0.30354458,123.40939,0.66122282,0.66212249,1.5626791e-09,242.4379,1275.1689
1915.25,120.94823,0.18923484,120.59649,0.62081206,0.031524435,215.00081,464.28714,228.90034,0.45968187,0.27838871,123.40305,0.6670143,0.61942905,1.5696752e-09,242.38629,1274.7157
1915.3333,120.92231,0.18934964,120.57036,0.62093467,0.031524643,214.92593,464.10892,228.81346,0.46581107,0.23604007,123.39671,0.68882304,0.50743067,1.5719328e-09,242.33447,1274.2814
1915.4167,120.89632,0.18942188,120.54424,0.62105721,0.031524852,214.86044,463.95016,228.73622,0.48399717,0.25470489,123.39037,0.70766217,0.49441203,1.5284467e-09,242.28256,1273.9584
1915.5,120.87054,0.18960673,120.51811,0.62117976,0.031525061,215.05936,464.32748,228.92447,0.50829899,0.24816455,123.38433,1.1894044,0.77614444,8.8918323e-10,242.23097,1274.683
1915.5833,120.84235,0.18870863,120.49158,0.62130427,0.031525269,215.39241,464.93967,229.22984,0.5513984,0.26227388,123.37804,1.5045983,1.0762355,6.6647587e-10,242.17546,1275.9291
1915.6667,120.81523,0.18816309,120.46546,0.62142676,0.031525478,215.61867,465.3194,229.42009,0.53443438,0.33281863,123.37152,1.3153991,1.3544291,5.9044553e-10,242.12181,1276.7188
1915.75,120.78902,0.18810381,120.43935,0.62154925,0.031525686,215.68849,465.38354,229.45387,0.54157269,0.34246075,123.36488,0.99797839,0.92790067,7.5435092e-10,242.06955,1276.8444
1915.8333,120.76368,0.18851799,120.41325,0.62167168,0.031525891,215.60448,465.1676,229.34842,0.54664218,0.34654412,123.35824,0.68392092,0.65670937,1.0718022e-09,242.01865,1276.3906
1915.9167,120.73827,0.18889055,120.38716,0.62179404,0.0315261,215.52356,464.96646,229.25017,0.54929262,0.34921294,123.35181,0.70173115,0.71337301,1.1292722e-09,241.96765,1275.9581
1916,120.71204,0.18904191,120.36064,0.62191844,0.031526309,215.44087,464.76324,229.15089,0.55122298,0.3508293,123.34531,0.70901448,0.63170981,1.2070823e-09,241.91516,1275.5175
1916.0833,120.68697,0.18911913,120.33542,0.62203681,0.03152651,215.36328,464.57352,229.05826,0.55182809,0.35368979,123.3391,0.70759171,0.68342656,1.2636515e-09,241.86507,1275.1047
1916.1667,120.66191,0.18920659,120.3102,0.62215513,0.031526707,215.28488,464.38406,228.96573,0.54917657,0.35489285,123.33291,0.70377344,0.67057967,1.3435211e-09,241.815,1274.6867
1916.25,120.63607,0.18932873,120.28413,0.62227744,0.031526912,215.20354,464.18939,228.87062,0.54678655,0.32559094,123.32652,0.69908255,0.61523139,1.4123669e-09,241.76334,1274.2257
1916.3333,120.61034,0.18950532,120.25807,0.62239969,0.031527121,215.12271,463.99731,228.77681,0.55390054,0.29243648,123.32014,0.69870114,0.5036124,1.4373559e-09,241.71185,1273.7751
1916.4167,120.58491,0.18984647,120.23202,0.62252194,0.031527326,215.04678,463.8165,228.68857,0.54097205,0.30371073,123.31377,0.70156348,0.46484885,1.4401926e-09,241.66083,1273.3711
1916.5,120.55953,0.19020845,120.20598,0.62264419,0.03152753,214.98347,463.66293,228.61375,0.52699965,0.33733743,123.3074,0.70609045,0.91517133,1.4002529e-09,241.60989,1273.0419
1916.5833,120.5339,0.19065535,120.17951,0.62276834,0.031527739,215.14825,463.97156,228.76788,0.49981433,0.35879818,123.30122,1.1128026,0.92455441,8.3730523e-10,241.55836,1273.6059
1916.6667,120.50652,0.18992296,120.15348,0.62289053,0.031527944,215.38493,464.40222,228.98289,0.51538062,0.36561489,123.29494,1.2843533,1.0730041,6.763955e-10,241.50433,1274.4503
1916.75,120.47935,0.18930417,120.12745,0.62301266,0.031528149,215.52565,464.62793,229.09644,0.52550852,0.37680721,123.28845,1.1529824,1.0114061,6.5272132e-10,241.45064,1274.8915
1916.8333,120.45277,0.18900606,120.10142,0.62313479,0.031528354,215.51187,464.53772,229.0536,0.53478748,0.38556236,123.28188,0.94323879,0.84264058,8.8357766e-10,241.39786,1274.7032
1916.9167,120.42837,0.18988414,120.0754,0.62325686,0.031528555,215.41025,464.29858,228.93637,0.53494853,0.38709569,123.27518,0.46480027,0.46233717,1.64812e-09,241.34843,1274.1909
1917,120.40456,0.19130585,120.04897,0.62338096,0.031528763,215.29784,464.05408,228.81624,0.52249086,0.37862346,123.26878,0.45420873,0.37421909,1.8037331e-09,241.29974,1273.6378
1917.0833,120.38126,0.19230828,120.02383,0.62349898,0.031528961,215.18817,463.82465,228.70338,0.51586163,0.37688157,123.26274,0.47811291,0.40180045,1.8409803e-09,241.25243,1273.1241
1917.1667,120.35706,0.19281302,119.99869,0.62361699,0.031529158,215.09442,463.62024,228.60309,0.50816333,0.37517151,123.25671,0.50940025,0.43886915,1.8452461e-09,241.20369,1272.6615
1917.25,120.33198,0.19329917,119.97271,0.623739,0.031529363,214.99855,463.41202,228.50102,0.49695677,0.36767578,123.25044,0.51273602,0.46203274,1.8506559e-09,241.15324,1272.1799
1917.3333,120.30656,0.19359776,119.94674,0.62386096,0.031529564,214.91283,463.22556,228.40971,0.49452674,0.32876578,123.24422,0.57155097,0.26312131,1.8279104e-09,241.10228,1271.7179
1917.4167,120.28142,0.19404094,119.92078,0.62398285,0.031529769,215.0257,463.45047,228.52174,0.49546564,0.31450364,123.23803,0.70576036,0.30189708,1.1995069e-09,241.05174,1272.0977
1917.5,120.25685,0.19479245,119.89483,0.6241048,0.03152997,215.31113,464.02417,228.80644,0.51728112,0.31434777,123.23208,1.2783661,0.81953818,8.2352142e-10,241.00209,1273.2076
1917.5833,120.22747,0.19316402,119.86845,0.62422866,0.031530175,215.5766,464.53513,229.06044,0.5527156,0.36492842,123.22569,1.3542534,0.90401161,6.9580525e-10,240.94484,1274.2603
1917.6667,120.19858,0.19156656,119.8425,0.62435049,0.03153038,215.80597,464.95685,229.27043,0.56482095,0.45009619,123.21919,1.1995174,0.82926077,5.9929944e-10,240.8885,1275.1559
1917.75,120.17088,0.19061823,119.81654,0.62447232,0.031530581,215.88463,465.0668,229.32629,0.58969373,0.46849966,123.21268,1.0409083,0.8110131,6.6583106e-10,240.83403,1275.3826
1917.8333,120.14521,0.19077134,119.7906,0.62459415,0.031530783,215.80623,464.87222,229.2312,0.59936202,0.47796541,123.2059,0.50261867,0.34202191,1.3831261e-09,240.7827,1274.9756
1917.9167,120.12229,0.19240694,119.76466,0.62471592,0.031530984,215.68037,464.62289,229.10878,0.59619635,0.48007289,123.19965,0.51342422,0.34342933,1.8241397e-09,240.73558,1274.4235
1918,120.09904,0.19408765,119.73831,0.62483966,0.031531189,215.53261,464.35971,228.97946,0.59662652,0.48459807,123.19332,0.53597993,0.32905668,1.8752695e-09,240.68779,1273.8341
1918.0833,120.07624,0.1953143,119.71325,0.62495738,0.031531382,215.39244,464.11932,228.86145,0.59044057,0.48218083,123.18732,0.58088815,0.45107278,1.8877611e-09,240.64128,1273.2745
1918.1667,120.05299,0.1962927,119.68819,0.6250751,0.03153158,215.25235,463.88635,228.74712,0.58498532,0.47900444,123.1813,0.60759556,0.50354415,1.8970698e-09,240.59407,1272.7252
1918.25,120.02886,0.19724263,119.66231,0.62519675,0.031531781,215.10693,463.65005,228.63116,0.57847798,0.43588248,123.17507,0.62471724,0.51651669,1.9061048e-09,240.54514,1272.1227
1918.3333,120.00455,0.19809046,119.63643,0.62531841,0.031531982,214.96051,463.41745,228.51707,0.58666527,0.39114493,123.16885,0.65888059,0.47419709,1.9141233e-09,240.49591,1271.5375
1918.4167,119.97953,0.19855441,119.61056,0.62544,0.03153218,214.81464,463.19876,228.40984,0.59948403,0.40309241,123.16262,0.72084606,0.50369328,1.9173925e-09,240.4456,1271.0341
1918.5,119.95412,0.19880104,119.58469,0.62556159,0.031532381,214.83366,463.2666,228.44389,0.62702215,0.41611725,123.15636,0.78142881,0.40362936,1.3291158e-09,240.39471,1271.1385
1918.5833,119.92761,0.19867581,119.55842,0.62568516,0.031532586,215.08472,463.78601,228.70102,0.6753307,0.43804684,123.15025,1.2830698,0.78692263,8.4006307e-10,240.34193,1272.1773
1918.6667,119.89713,0.19616567,119.53256,0.62580669,0.031532783,215.24461,464.09924,228.85667,0.70477903,0.49233931,123.14391,1.241009,1.0727832,7.5958589e-10,240.2832,1272.8248
1918.75,119.86736,0.19404304,119.5067,0.62592822,0.031532984,215.31476,464.21576,228.91522,0.69951957,0.5595631,123.1374,1.0018545,0.68691289,9.6024e-10,240.22557,1273.0677
1918.8333,119.84083,0.19368416,119.48083,0.6260497,0.031533185,215.21796,464.00681,228.81279,0.7118687,0.56940919,123.1308,0.52355504,0.32756266,1.74505e-09,240.17294,1272.6225
1918.9167,119.81686,0.19471003,119.45498,0.62617117,0.031533383,215.07579,463.75259,228.6879,0.70998257,0.56917781,123.1246,0.56128162,0.38961816,1.837865e-09,240.12427,1272.0443
1919,119.79195,0.19544363,119.42871,0.62629461,0.031533584,214.94102,463.50803,228.56758,0.70667583,0.56629395,123.11822,0.52905744,0.3123937,1.8480328e-09,240.07394,1271.4818
1919.0833,119.76823,0.19613294,119.40372,0.62641203,0.031533778,214.81197,463.27682,228.45392,0.6970647,0.55997235,123.11224,0.58015299,0.40642729,1.8584209e-09,240.02603,1270.938
1919.1667,119.74393,0.19650479,119.37874,0.6265294,0.031533971,214.68404,463.05264,228.34377,0.69445777,0.55818361,123.10616,0.54791689,0.3895694,1.8619332e-09,239.97725,1270.4165
1919.25,119.71833,0.19662262,119.35292,0.62665075,0.031534169,214.58368,462.84702,228.24284,0.69205183,0.50665081,123.09989,0.51962626,0.36074156,1.8631807e-09,239.92607,1269.8982
1919.3333,119.69193,0.19630231,119.3271,0.62677211,0.031534366,214.51523,462.70383,228.17287,0.70427275,0.4642846,123.0937,0.60009217,0.35552475,1.7237343e-09,239.87364,1269.5278
1919.4167,119.66396,0.1951357,119.30129,0.6268934,0.031534564,214.67227,463.02866,228.3343,0.74244076,0.4746986,123.08749,0.69776344,0.33769134,1.1723538e-09,239.81883,1270.1586
1919.5,119.63585,0.19388874,119.27547,0.6270147,0.031534761,214.8909,463.48227,228.55974,0.78816593,0.49522582,123.08159,1.2588115,0.78798836,8.7030894e-10,239.76376,1271.0616
1919.5833,119.60515,0.19146928,119.24924,0.6271379,0.031534962,215.09908,463.89932,228.76729,0.8419981,0.52137411,123.07523,1.3174073,0.78203076,7.0906792e-10,239.70453,1271.9088
1919.6667,119.57658,0.18997973,119.22341,0.62725914,0.03153516,215.25389,464.18933,228.91196,0.88861626,0.55200964,123.06881,1.1637077,0.74032289,6.324925e-10,239.64876,1272.5135
1919.75,119.54993,0.18953145,119.19759,0.62738031,0.031535357,215.3013,464.24985,228.94313,0.89056295,0.64667618,123.06239,1.0412551,0.68374968,6.706774e-10,239.59598,1272.6898
1919.8333,119.52409,0.18951547,119.17178,0.62750149,0.031535555,215.25581,464.11508,228.87766,0.91594428,0.66228181,123.05599,0.97817308,0.7081483,7.449581e-10,239.54442,1272.4272
1919.9167,119.49831,0.18953101,119.14597,0.62762266,0.031535752,215.20113,463.96133,228.80281,0.93734354,0.67801595,123.04961,0.92089826,0.64505875,8.3263391e-10,239.49297,1272.1232
1920,119.47218,0.18958303,119.11974,0.62774575,0.031535953,215.14449,463.80386,228.72612,0.9589358,0.69470161,123.04314,0.8822155,0.57526994,9.036914e-10,239.4408,1271.812
1920.0833,119.44744,0.18969631,119.09479,0.62786287,0.031536143,215.09128,463.6572,228.65469,0.96139163,0.70580941,123.03697,0.83989978,0.62053812,9.8379416e-10,239.39134,1271.4987
1920.1667,119.42278,0.18985359,119.06984,0.62797999,0.031536333,215.04166,463.52106,228.58846,0.96619433,0.72467232,123.03079,0.7892406,0.56397343,1.0410839e-09,239.34198,1271.2148
1920.25,119.39735,0.19004554,119.04406,0.62810099,0.031536527,214.99384,463.39224,228.5258,0.97675502,0.70910954,123.02441,0.72888356,0.49404064,1.1178785e-09,239.29111,1270.9133
1920.3333,119.37206,0.19030708,119.01828,0.62822205,0.031536724,214.94597,463.26801,228.46539,0.99363911,0.65786731,123.01804,0.69647926,0.47588205,1.1907176e-09,239.24042,1270.5893
1920.4167,119.34686,0.1906181,118.99251,0.62834305,0.031536918,214.89893,463.14816,228.4071,1.0056076,0.68157357,123.01171,0.69570011,0.46903464,1.2213677e-09,239.18988,1270.3429
1920.5,119.32172,0.19095677,118.96674,0.62846398,0.031537116,214.86519,463.05789,228.36343,1.0065454,0.7270695,123.00539,0.70343387,0.42685512,1.1450531e-09,239.13943,1270.1649
1920.5833,119.29549,0.19092283,118.94057,0.62858689,0.031537313,215.01497,463.34052,228.50409,0.99937874,0.76690328,122.99921,1.0265825,0.6464197,7.1339379e-10,239.0871,1270.7121
1920.6667,119.26862,0.19031726,118.91481,0.62870783,0.03153751,215.16647,463.61572,228.64105,1.0240436,0.77486891,122.99282,0.98715413,0.67701632,6.3349043e-10,239.034,1271.249
1920.75,119.24267,0.19020738,118.88907,0.6288287,0.031537704,215.17305,463.59381,228.63103,1.046916,0.79108298,122.98636,0.83960336,0.5989244,8.3029711e-10,238.98232,1271.2046
1920.8333,119.21719,0.19035263,118.86332,0.62894958,0.031537898,215.08463,463.38333,228.52792,1.0652468,0.80671918,122.97989,0.70402181,0.51304436,9.6930486e-10,238.93137,1270.7791
1920.9167,119.19208,0.19068551,118.83759,0.6290704,0.031538092,215.01497,463.21826,228.4472,1.0810448,0.82230717,122.97346,0.62353003,0.49964535,1.0886919e-09,238.88097,1270.4382
1921,119.16708,0.19130951,118.81144,0.62919319,0.031538289,214.93964,463.04691,228.36337,1.0732967,0.82039624,122.96698,0.58187723,0.40300304,1.3038635e-09,238.83057,1270.0412
1921.0833,119.14303,0.19175543,118.78656,0.62931001,0.031538479,214.86906,462.88864,228.28598,1.0719967,0.82502717,122.96085,0.58791006,0.44016495,1.4021706e-09,238.78218,1269.6838
1921.1667,119.11891,0.19216137,118.7617,0.62942678,0.031538665,214.79764,462.73065,228.20869,1.0705203,0.82782549,122.95473,0.58579564,0.44675562,1.4733984e-09,238.73373,1269.3238
1921.25,119.09383,0.19249739,118.73599,0.62954754,0.031538859,214.72455,462.57056,228.13043,1.059924,0.7819519,122.94844,0.59014851,0.31599391,1.4982178e-09,238.6834,1268.8992
1921.3333,119.06867,0.19278979,118.7103,0.62966824,0.031539053,214.65222,462.41367,228.05373,1.0619537,0.76786602,122.94215,0.59537733,0.22882155,1.5134656e-09,238.63297,1268.5245
1921.4167,119.04372,0.19318995,118.6846,0.62978888,0.031539246,214.59135,462.2822,227.98961,1.0780866,0.78793573,122.93586,0.61485314,0.22227971,1.4405087e-09,238.58284,1268.2479
1921.5,119.01808,0.19321351,118.65892,0.62990952,0.03153944,214.72401,462.55209,228.12387,1.1052542,0.7515685,122.92981,0.95241642,0.44430926,8.5477497e-10,238.53166,1268.7183
1921.5833,118.98953,0.19188435,118.63282,0.63003212,0.031539638,214.87971,462.85782,228.27629,1.1459867,0.78696913,122.92349,1.1073501,0.58712834,6.7744627e-10,238.47581,1269.3461
1921.6667,118.96194,0.19085006,118.60714,0.63015276,0.031539828,215.04039,463.16327,228.42856,1.1547146,0.88377529,122.91707,0.99388766,0.49925053,5.8156785e-10,238.42163,1270.0094
1921.75,118.93597,0.19068958,118.58147,0.63027328,0.031540021,215.06274,463.18161,228.43867,1.1935606,0.91089469,122.91059,0.85038835,0.40693769,7.0955852e-10,238.36995,1270.068
1921.8333,118.91043,0.19075537,118.55579,0.63039386,0.031540215,214.98691,463.00262,228.35109,1.2272274,0.94263411,122.90408,0.67145813,0.27611315,8.6548552e-10,238.31891,1269.7334
1921.9167,118.88538,0.19108656,118.53013,0.63051438,0.031540405,214.91351,462.83551,228.26936,1.2528026,0.97251213,122.89765,0.59377021,0.22125445,1.0117395e-09,238.26865,1269.41
1922,118.86026,0.19160774,118.50405,0.63063687,0.031540602,214.83679,462.66422,228.18562,1.2710246,1.0003638,122.89119,0.60603911,0.22314501,1.0618892e-09,238.21808,1269.0672
1922.0833,118.8363,0.19206178,118.47925,0.63075334,0.031540785,214.76532,462.50598,228.10829,1.2865975,1.0271118,122.88504,0.61046648,0.2484892,1.0915626e-09,238.16989,1268.7482
1922.1667,118.812,0.19233896,118.45444,0.63086987,0.031540971,214.69363,462.34885,228.03154,1.3161792,1.0527794,122.87888,0.61544496,0.25859252,1.1357197e-09,238.1212,1268.443
1922.25,118.78673,0.19253035,118.42881,0.63099027,0.031541161,214.61876,462.18622,227.95206,1.3465438,1.0628952,122.87254,0.61897844,0.26075915,1.2070229e-09,238.0706,1268.1096
1922.3333,118.76132,0.19264965,118.40318,0.63111067,0.031541355,214.54391,462.0249,227.87325,1.3826054,0.98257864,122.8662,0.62540269,0.27020612,1.2687298e-09,238.01979,1267.6933
1922.4167,118.73581,0.19270621,118.37756,0.63123101,0.031541545,214.47075,461.86819,227.79668,1.4206311,1.0122027,122.85986,0.63310617,0.27766329,1.2922765e-09,237.96884,1267.3972
1922.5,118.71019,0.19270302,118.35194,0.63135135,0.031541735,214.39941,461.71658,227.72261,1.4459733,1.0450951,122.85353,0.63926625,0.25075746,1.2910127e-09,237.91772,1267.1009
1922.5833,118.68414,0.19269276,118.32592,0.63147366,0.031541929,214.45285,461.82361,227.77647,1.4133819,1.0935851,122.8472,0.75274438,0.2770882,9.2660873e-10,237.86577,1267.2729
1922.6667,118.65779,0.19228977,118.30031,0.63159394,0.031542119,214.61455,462.15189,227.93996,1.4423081,1.0971878,122.84103,1.0095488,0.46321332,7.0730671e-10,237.81352,1267.9004
1922.75,118.63093,0.19160184,118.27471,0.63171417,0.031542309,214.64053,462.19296,227.9614,1.4761536,1.1099664,122.83458,0.85290354,0.37536553,8.6815777e-10,237.7605,1267.9761
1922.8333,118.6059,0.19191134,118.24911,0.63183445,0.031542499,214.56946,462.03564,227.88452,1.5015125,1.1282836,122.82801,0.53833532,0.1785022,1.3730388e-09,237.7103,1267.6578
1922.9167,118.58128,0.19243896,118.22353,0.63195461,0.031542689,214.48958,461.86374,227.80038,1.5285492,1.1539499,122.82169,0.55558521,0.19771935,1.5036714e-09,237.66075,1267.3186
1923,118.55583,0.19273341,118.19753,0.6320768,0.031542882,214.40962,461.69308,227.71689,1.5255089,1.1562655,122.81529,0.55695283,0.15787511,1.5461006e-09,237.60971,1266.9264
1923.0833,118.53147,0.19293752,118.17278,0.63219297,0.031543065,214.33533,461.5358,227.63998,1.4982756,1.1460094,122.8092,0.56152445,0.18845914,1.5571455e-09,237.56091,1266.5255
1923.1667,118.50712,0.19314033,118.14806,0.6323092,0.031543247,214.26213,461.38196,227.56477,1.4771799,1.1381991,122.80312,0.55731034,0.22151051,1.5774442e-09,237.51216,1266.1396
1923.25,118.48191,0.19333334,118.1225,0.6324293,0.031543437,214.18752,461.22629,227.48871,1.4557105,1.0929518,122.79684,0.55965406,0.23709039,1.593067e-09,237.46172,1265.7098
1923.3333,118.45666,0.19349398,118.09694,0.63254935,0.031543627,214.11469,461.07547,227.41499,1.4422827,1.0521692,122.79058,0.56630957,0.2215884,1.6006479e-09,237.41119,1265.3014
1923.4167,118.43145,0.19368191,118.0714,0.63266939,0.031543817,214.06032,460.9642,227.36086,1.4327105,1.0520555,122.78433,0.58692366,0.20915209,1.5566541e-09,237.36075,1265.0152
1923.5,118.40616,0.19381553,118.04585,0.63278943,0.031544004,214.20453,461.26685,227.51146,1.4628534,1.0156531,122.77828,0.90352136,0.34424767,9.5123331e-10,237.31015,1265.5498
1923.5833,118.37827,0.19276306,118.0199,0.63291138,0.031544197,214.41364,461.70267,227.72813,1.5150789,1.020672,122.77202,1.1140146,0.46525416,7.67713e-10,237.25537,1266.4076
1923.6667,118.35122,0.19194366,117.99436,0.63303137,0.031544384,214.57391,462.02359,227.888,1.522433,1.1223273,122.76562,1.019709,0.40539691,6.4532629e-10,237.20209,1267.098
1923.75,118.32561,0.19190322,117.96883,0.63315135,0.031544574,214.63754,462.13675,227.94505,1.5640645,1.136095,122.7592,0.91410899,0.36902082,6.5829814e-10,237.15102,1267.3297
1923.8333,118.30036,0.1920515,117.9433,0.63327128,0.03154476,214.58855,462.0177,227.88716,1.5951809,1.1508683,122.75262,0.63351798,0.21268781,9.8814856e-10,237.10052,1267.0927
1923.9167,118.27636,0.19287321,117.91778,0.63339114,0.031544946,214.50114,461.8284,227.79439,1.578653,1.1442537,122.74619,0.4764888,0.11072145,1.6325086e-09,237.05194,1266.6449
1924,118.2514,0.19340183,117.89185,0.63351297,0.031545136,214.42029,461.65518,227.70956,1.5529398,1.1300138,122.73985,0.50034374,0.098099858,1.7107976e-09,237.00172,1266.2095
1924.0833,118.22735,0.19373409,117.86719,0.6336289,0.031545319,214.34608,461.49741,227.63235,1.5169276,1.1150874,122.73381,0.49406141,0.12557423,1.7229878e-09,236.95345,1265.7951
1924.1667,118.20322,0.19402379,117.84253,0.63374478,0.031545497,214.27338,461.34424,227.55739,1.4898612,1.1060925,122.7278,0.50270659,0.13009018,1.7319529e-09,236.90506,1265.4038
1924.25,118.17825,0.194298,117.81704,0.63386458,0.031545687,214.20178,461.19446,227.48419,1.445909,1.0393362,122.72157,0.50431019,0.12789884,1.7346865e-09,236.85498,1264.9422
1924.3333,118.15318,0.19452526,117.79156,0.63398433,0.031545874,214.13544,461.05695,227.41701,1.364516,0.9276194,122.71538,0.53443027,0.15586208,1.7375181e-09,236.80479,1264.4217
1924.4167,118.12714,0.19421348,117.76608,0.63410407,0.03154606,214.22488,461.24341,227.51003,1.3801705,0.91003007,122.70919,0.61453313,0.14183351,1.2731574e-09,236.75308,1264.7307
1924.5,118.10056,0.19361357,117.74061,0.63422382,0.031546246,214.52347,461.86758,227.81955,1.430679,0.90851468,122.70321,0.99806923,0.36636898,8.9937519e-10,236.70053,1265.9535
1924.5833,118.07256,0.19246666,117.71472,0.63434547,0.031546433,214.82281,462.49051,228.1286,1.4901896,0.92414641,122.69692,1.1072642,0.44799423,7.2799289e-10,236.64561,1267.1988
1924.6667,118.0465,0.19214717,117.68925,0.63446516,0.031546619,215.07697,463.00613,228.38443,1.510327,1.0077629,122.69057,1.0160177,0.39850616,6.58469e-10,236.5939,1268.2701
1924.75,118.02104,0.19215024,117.66379,0.63458478,0.031546805,215.17117,463.18329,228.47287,1.5566354,1.0282096,122.68416,0.89616728,0.3735016,7.8477536e-10,236.54311,1268.6395
1924.8333,117.99567,0.19219567,117.63833,0.63470435,0.031546991,215.13319,463.08627,228.42299,1.5951371,1.0542129,122.67776,0.80143678,0.34150544,8.9275282e-10,236.49243,1268.462
1924.9167,117.97038,0.19228178,117.61288,0.63482398,0.031547178,215.09418,462.98856,228.37314,1.6280831,1.0829723,122.67138,0.71794564,0.30798388,1.0268044e-09,236.44191,1268.2803
1925,117.94489,0.19248563,117.58702,0.63494551,0.031547364,215.05415,462.892,228.32645,1.6323547,1.0951058,122.66487,0.61506063,0.22542329,1.1934376e-09,236.39088,1268.0558
1925.0833,117.92092,0.19282895,117.56242,0.63506109,0.031547543,215.00183,462.77463,228.26933,1.5942241,1.0874097,122.65873,0.55173796,0.19845146,1.4966888e-09,236.34276,1267.7289
1925.1667,117.89676,0.19306239,117.53782,0.63517672,0.031547721,214.94926,462.65912,228.21312,1.5550798,1.0761716,122.65267,0.55388194,0.1991407,1.5715195e-09,236.29437,1267.3999
1925.25,117.87159,0.19320105,117.51239,0.63529617,0.031547908,214.89607,462.54352,228.15689,1.5071017,0.99330384,122.64642,0.56095421,0.19849646,1.5765296e-09,236.24403,1266.9873
1925.3333,117.84629,0.19326711,117.48698,0.63541561,0.03154809,214.85046,462.44507,228.10918,1.4576912,0.9427222,122.64019,0.5834415,0.19644949,1.5780437e-09,236.19351,1266.6389
1925.4167,117.82082,0.1932313,117.46156,0.63553506,0.031548277,214.96011,462.6691,228.22081,1.4794592,0.92685401,122.63403,0.71227592,0.18119425,1.1583055e-09,236.1427,1267.033
1925.5,117.79447,0.19272284,117.43615,0.63565445,0.031548459,215.28784,463.34241,228.55481,1.5323601,0.91452909,122.62802,1.0671545,0.38185227,7.7398288e-10,236.09055,1268.3505
1925.5833,117.76839,0.1925773,117.41033,0.6357758,0.031548645,215.57707,463.9274,228.83246,1.5902673,0.92592275,122.62144,0.86680198,0.28353941,6.501033e-10,236.03862,1269.5131
1925.6667,117.7431,0.19263524,117.38493,0.63589519,0.031548828,215.82994,464.43802,229.05728,1.6409713,0.93309325,122.61501,0.76939905,0.25167483,5.717915e-10,235.98811,1270.5024
1925.75,117.71783,0.19270253,117.35954,0.63601452,0.031549014,216.07574,464.93591,229.27472,1.6546985,0.98628855,122.60828,0.74581152,0.23959178,5.5832655e-10,235.93765,1271.4733
1925.8333,117.69257,0.19277443,117.33415,0.63613379,0.031549197,216.1295,465.03842,229.30458,1.6870669,0.99490583,122.60143,0.6485979,0.20202105,7.5765305e-10,235.88719,1271.643
1925.9167,117.66781,0.19310665,117.30878,0.63625306,0.031549379,216.06081,464.89053,229.23135,1.7185918,1.0010583,122.59461,0.59114301,0.19795403,1.0193367e-09,235.83749,1271.3345
1926,117.64342,0.1938514,117.28299,0.63637429,0.031549565,215.99387,464.74768,229.16382,1.7550293,1.0156075,122.56879,0.8184126,0.22118035,1.1791561e-09,235.78818,1271.033
1926.0833,117.62173,0.19536835,117.25846,0.63648957,0.031549741,215.9305,464.61343,229.10028,1.7820975,1.0456955,122.52525,0.82398707,0.26527885,1.3291581e-09,235.74361,1270.7409
1926.1667,117.60172,0.19776461,117.23394,0.63660491,0.031549919,215.86807,464.48206,229.03804,1.7730982,1.056267,122.47929,0.80128759,0.2707859,1.4334344e-09,235.70158,1270.3984
1926.25,117.58167,0.20057966,117.20862,0.63672405,0.031550102,215.81024,464.36108,228.98093,1.7384971,1.0549599,122.43147,0.80342376,0.26272362,1.4654552e-09,235.65913,1270.0363
1926.3333,117.56189,0.20352601,117.18331,0.6368432,0.031550281,215.76022,464.25723,228.93231,1.7231967,1.0359849,122.38303,0.83436865,0.27434742,1.4908789e-09,235.61713,1269.7091
1926.4167,117.54314,0.20700812,117.15803,0.63696235,0.031550463,215.82976,464.40164,229.00648,1.7336663,1.0255116,122.33134,0.91798854,0.25843832,1.2161002e-09,235.57669,1269.9051
1926.5,117.52326,0.20986819,117.13277,0.63708144,0.031550646,216.21532,465.19894,229.38663,1.7588879,0.97134399,122.27825,1.0768037,0.31862214,8.023312e-10,235.53455,1271.3439
1926.5833,117.50146,0.21191944,117.10711,0.63720244,0.031550832,216.53284,465.85062,229.68886,1.7992108,0.93507087,122.22264,0.74667609,0.15340507,6.8373723e-10,235.48926,1272.5184
1926.6667,117.47849,0.21311979,117.08189,0.63732147,0.031551011,216.87869,466.5582,230.03859,1.8372511,0.90908521,122.16833,0.67174721,0.10238782,5.9493455e-10,235.44238,1273.8325
1926.75,117.45245,0.21268556,117.05666,0.6374405,0.031551193,217.16206,467.13715,230.32526,1.8526734,0.95287907,122.11591,0.68267173,0.1199066,6.2248195e-10,235.39079,1274.9367
1926.8333,117.42426,0.2111018,117.03144,0.63755953,0.031551376,217.18469,467.1781,230.3461,1.8932766,0.98522973,122.06557,0.7072947,0.13799191,8.1452517e-10,235.33592,1274.9889
1926.9167,117.39429,0.20857832,117.00622,0.6376785,0.031551555,217.1391,467.0788,230.29765,1.9394903,1.0337206,122.01537,0.70465237,0.17272636,1.0911817e-09,235.27832,1274.7825
1927,117.3642,0.20621726,116.98057,0.63779938,0.031551737,217.09045,466.97339,230.24619,1.9807506,1.0776381,121.96469,0.6931833,0.14491121,1.2775454e-09,235.22035,1274.5535
1927.0833,117.33643,0.20442675,116.95616,0.63791442,0.031551912,217.04999,466.88504,230.20311,2.0146971,1.1247317,121.91678,0.67954892,0.18810095,1.3547421e-09,235.16649,1274.3609
1927.1667,117.3098,0.203245,116.93175,0.6380294,0.031552088,217.0087,466.79492,230.15918,2.0312474,1.1632079,121.86873,0.66554594,0.22530106,1.4325185e-09,235.11438,1274.1403
1927.25,117.28378,0.20283125,116.90651,0.63814825,0.031552266,216.96548,466.70065,230.11324,1.9815303,1.1498457,121.81908,0.64659154,0.29017791,1.5049891e-09,235.06284,1273.7926
1927.3333,117.25994,0.20357007,116.88128,0.6382671,0.031552449,216.93103,466.6243,230.07616,1.8771794,1.0788226,121.76711,0.64216083,0.36663234,1.5225879e-09,235.0146,1273.3692
1927.4167,117.23766,0.20513336,116.85606,0.63838589,0.031552628,216.97542,466.71066,230.11952,1.8475623,1.0675116,121.71198,0.65280074,0.2440539,1.3100048e-09,234.96878,1273.4015
1927.5,117.21336,0.20561379,116.83085,0.63850468,0.031552806,217.39548,467.57166,230.54588,1.8702682,0.99204552,121.6566,0.69961393,0.092273265,8.3382995e-10,234.91988,1274.9519
1927.5833,117.185,0.20415412,116.80523,0.63862544,0.031552989,217.9157,468.63855,231.07394,1.902442,0.92895031,121.60033,0.73496205,0.088741496,6.6221773e-10,234.86456,1276.9244
1927.6667,117.15553,0.20188642,116.78002,0.63874418,0.031553168,218.19386,469.20419,231.35454,1.9384068,0.94318169,121.54556,0.74116868,0.094714172,5.861529e-10,234.80775,1277.9876
1927.75,117.12409,0.1985698,116.75481,0.63886285,0.031553347,218.30783,469.43176,231.46794,1.9793738,0.9965905,121.49403,0.73868841,0.18719964,6.4651867e-10,234.74789,1278.4254
1927.8333,117.09212,0.19497617,116.72958,0.63898158,0.031553525,218.34109,469.49435,231.49957,2.0141766,1.0427066,121.44312,0.74833894,0.3994706,7.3251633e-10,234.68721,1278.5222
1927.9167,117.05862,0.19056888,116.70433,0.63910025,0.031553704,218.3588,469.52502,231.51546,2.0357139,1.0717133,121.39277,0.76316476,0.86766917,8.1106993e-10,234.62418,1278.5236
1928,117.02328,0.18540733,116.67865,0.63922083,0.031553887,218.37396,469.55051,231.52876,2.0192788,1.0606157,121.34237,0.76386404,0.61103851,8.5598806e-10,234.55811,1278.4335
1928.0833,116.98991,0.18064624,116.6542,0.63933551,0.031554058,218.38943,469.5769,231.5425,2.0251226,1.0890837,121.29483,0.74984616,0.651999,8.7593843e-10,234.49564,1278.4134
1928.1667,116.95773,0.17652354,116.62973,0.63945025,0.03155423,218.4043,469.6022,231.55568,2.0206423,1.1098804,121.24737,0.73229128,0.70250827,9.0208124e-10,234.43498,1278.375
1928.25,116.92639,0.1733056,116.60442,0.63956881,0.031554408,218.41357,469.61591,231.56314,2.0014994,1.081599,121.1968,0.72253692,0.72875953,9.6797836e-10,234.37524,1278.2478
1928.3333,116.89727,0.17127301,116.57909,0.6396873,0.031554587,218.42636,469.63699,231.57422,1.9091922,1.0439347,121.14431,0.69712067,0.70090592,9.9816644e-10,234.31889,1278.0539
1928.4167,116.87038,0.17043392,116.55376,0.63980585,0.031554762,218.55771,469.9025,231.70618,1.7794328,0.96264052,121.09264,0.67251241,0.23758869,8.1879714e-10,234.26593,1278.2671
1928.5,116.84342,0.1695603,116.52845,0.63992429,0.031554941,219.00615,470.82126,232.16118,1.7921282,0.87380117,121.04092,0.69110042,0.09594126,5.7010907e-10,234.21292,1279.9084
1928.5833,116.81574,0.16851625,116.50271,0.64004469,0.03155512,219.3979,471.62283,232.55809,1.8421478,0.80205894,120.98793,0.71108431,0.096411847,4.9620053e-10,234.15857,1281.3696
1928.6667,116.78536,0.16581316,116.47739,0.64016312,0.031555299,219.73926,472.32083,232.9037,1.8698994,0.80357194,120.93696,0.72699797,0.098471463,4.3469175e-10,234.10028,1282.6744
1928.75,116.7539,0.16252781,116.45206,0.64028156,0.031555474,219.92764,472.70343,233.09344,1.9077173,0.84140301,120.88884,0.71659988,0.17085549,4.980506e-10,234.04031,1283.4029
1928.8333,116.72182,0.15892434,116.42671,0.64039993,0.031555653,219.91498,472.67197,233.07851,1.9421915,0.90164965,120.84091,0.73260278,0.420903,6.1241301e-10,233.97942,1283.3295
1928.9167,116.68918,0.15502261,116.40135,0.64051831,0.031555828,219.88724,472.60956,233.04829,1.9422928,0.93210012,120.79298,0.72046447,1.2202693,6.6313793e-10,233.91762,1283.1301
1929,116.65731,0.15176064,116.37556,0.64063853,0.031556007,219.86543,472.55933,233.02412,1.8682014,0.89575553,120.74466,0.69942182,0.71192098,6.9189499e-10,233.85683,1282.8143
1929.0833,116.6282,0.14931339,116.35101,0.64075297,0.031556178,219.85313,472.52893,233.00972,1.8572164,0.91300565,120.69891,0.68506402,0.70002711,6.8674977e-10,233.80083,1282.6618
1929.1667,116.59985,0.14727916,116.32646,0.64086735,0.031556349,219.83838,472.49347,232.99281,1.836374,0.92456555,120.65421,0.66811335,0.68407881,7.0320583e-10,233.74602,1282.4858
1929.25,116.57196,0.14593504,116.30107,0.64098561,0.031556524,219.82362,472.45776,232.97585,1.7873344,0.89853978,120.60767,0.65765578,0.74980271,7.3702222e-10,233.69151,1282.2423
1929.3333,116.54674,0.14602238,116.27568,0.64110386,0.031556699,219.81586,472.43637,232.96594,1.6992036,0.85145855,120.55743,0.64750683,0.7336185,7.5587631e-10,233.6411,1281.9673
1929.4167,116.52274,0.14676277,116.2503,0.64122206,0.031556875,219.90152,472.60788,233.05141,1.636125,0.81594229,120.50688,0.63883764,0.31427166,6.5891664e-10,233.59258,1282.1123
1929.5,116.4982,0.14720803,116.22493,0.64134026,0.03155705,220.39438,473.61887,233.55193,1.6520568,0.75493705,120.45602,0.66662169,0.093784139,4.6295737e-10,233.54323,1283.9714
1929.5833,116.47285,0.14743574,116.19915,0.6414603,0.031557228,220.80049,474.45001,233.9635,1.6812924,0.73113763,120.40431,0.66156948,0.10117592,4.0016271e-10,233.49245,1285.5232
1929.6667,116.44614,0.14671372,116.1738,0.64157844,0.031557404,221.12682,475.11618,234.29356,1.7100222,0.74629503,120.35532,0.6799674,0.12033598,3.6516351e-10,233.43979,1286.788
1929.75,116.41821,0.14532778,116.14844,0.64169651,0.031557579,221.37833,475.62906,234.54765,1.7477118,0.77078366,120.3073,0.67765105,0.26598126,4.1848322e-10,233.38522,1287.7661
1929.8333,116.39032,0.1439729,116.12308,0.64181459,0.03155775,221.33456,475.53366,234.50111,1.7657603,0.8117637,120.25929,0.67077315,0.59139103,5.740175e-10,233.33075,1287.5369
1929.9167,116.36279,0.14280547,116.09772,0.64193267,0.031557925,221.2899,475.43661,234.45374,1.7563348,0.82553369,120.21137,0.65965599,1.3119028,6.2296401e-10,233.27679,1287.2503
1930,116.33583,0.14217088,116.07194,0.64205259,0.031558104,221.24863,475.34644,234.40977,1.6978805,0.78973371,120.16269,0.64819038,0.74280769,6.6597772e-10,233.22356,1286.8787
1930.0833,116.31097,0.14198892,116.04742,0.64216673,0.031558271,221.21336,475.26883,234.37201,1.6448812,0.77975678,120.11674,0.63291323,0.7185716,6.9345535e-10,233.1741,1286.5697
1930.1667,116.28709,0.1423313,116.0229,0.64228082,0.031558439,221.17935,475.19376,234.33551,1.5901146,0.76718158,120.07145,0.62008846,0.696697,7.3912376e-10,233.12617,1286.2636
1930.25,116.26317,0.14309309,115.99756,0.64239877,0.031558614,221.14865,475.12531,234.30232,1.5552801,0.74996614,120.02437,0.61674982,0.67898113,7.8008366e-10,233.07776,1285.9837
1930.3333,116.24067,0.14460991,115.97223,0.64251667,0.031558786,221.12372,475.06866,234.27498,1.4102355,0.68457073,119.97591,0.59799445,0.69485712,8.1572327e-10,233.03159,1285.5696
1930.4167,116.21963,0.14690167,115.94691,0.64263457,0.031558961,221.11964,475.05481,234.26883,1.2994353,0.65219784,119.9283,0.58040667,0.55555671,8.1650425e-10,232.98764,1285.3108
1930.5,116.19898,0.14939798,115.92162,0.64275247,0.031559132,221.45404,475.73831,234.60762,1.2882549,0.61682862,119.88107,0.58781248,0.18678218,5.7215344e-10,232.94429,1286.5304
1930.5833,116.17678,0.15126935,115.89592,0.64287221,0.031559307,222.00995,476.87766,235.17189,1.3092817,0.58755445,119.83313,0.60912097,0.20091377,4.5633916e-10,232.89839,1288.6879
1930.6667,116.15437,0.15279639,115.87066,0.64299005,0.031559482,222.47078,477.82138,235.63922,1.3265935,0.58821857,119.78633,0.61170703,0.30388534,4.1303055e-10,232.85237,1290.485
1930.75,116.13078,0.15368925,115.84541,0.64310783,0.031559654,222.64413,478.17224,235.81352,1.3211386,0.63368493,119.74191,0.60600293,0.45762759,4.7089593e-10,232.80455,1291.1312
1930.8333,116.10678,0.15435514,115.82016,0.64322561,0.031559825,222.69913,478.2796,235.86742,1.3135912,0.64961708,119.69806,0.6118443,0.66563505,5.2955496e-10,232.75607,1291.2636
1930.9167,116.08201,0.1546046,115.79492,0.64334333,0.03156,222.70987,478.29602,235.87631,1.3013102,0.65608191,119.65417,0.62023669,1.059449,6.062601e-10,232.70642,1291.2002
1931,116.05659,0.15472156,115.76928,0.64346296,0.031560175,222.71698,478.30493,235.88145,1.2562792,0.62902689,119.62899,0.36550516,0.44765475,6.5356903e-10,232.65561,1291.0733
1931.0833,116.03266,0.15497544,115.74489,0.6435768,0.031560339,222.71809,478.30176,235.88058,1.2372526,0.63128352,119.62344,0.35410976,0.43136621,7.1718737e-10,232.60765,1291
1931.1667,116.00865,0.15517758,115.7205,0.64369059,0.031560507,222.71591,478.29181,235.87634,1.2093875,0.63154632,119.6179,0.35400993,0.42255667,7.8145512e-10,232.55957,1290.9024
1931.25,115.98384,0.15539253,115.69529,0.64380825,0.031560678,222.70074,478.2547,235.85873,1.173964,0.60417634,119.61213,0.35392067,0.41086939,8.6823437e-10,232.5099,1290.7144
1931.3333,115.95898,0.15557602,115.67009,0.64392585,0.031560849,222.69261,478.23187,235.84824,1.1429731,0.59694737,119.60637,0.3548944,0.39351073,8.97454e-10,232.46013,1290.5791
1931.4167,115.93414,0.15576607,115.64489,0.64404345,0.031561021,222.75406,478.35297,235.90884,1.1169944,0.58564615,119.6006,0.35501295,0.20693946,8.0598489e-10,232.4104,1290.7295
1931.5,115.909,0.15579261,115.61971,0.64416099,0.031561192,223.22711,479.32294,236.38914,1.1291361,0.53143477,119.59485,0.36976004,0.043705374,5.281488e-10,232.36023,1292.5549
1931.5833,115.88359,0.15588957,115.59411,0.64428043,0.031561363,223.72821,480.35034,236.89764,1.1554052,0.4891063,119.58903,0.36810929,0.048407871,4.346456e-10,232.30943,1294.5192
1931.6667,115.85873,0.15605989,115.56892,0.64439797,0.031561535,224.1572,481.22955,237.33275,1.1747119,0.47788584,119.58311,0.37228063,0.06172131,3.9826448e-10,232.25966,1296.2148
1931.75,115.83392,0.15624745,115.54375,0.64451545,0.031561706,224.32097,481.56174,237.49754,1.1771721,0.52545059,119.57705,0.37095818,0.1417353,4.596924e-10,232.20999,1296.8699
1931.8333,115.80913,0.1564485,115.51859,0.64463294,0.031561878,224.32095,481.55643,237.49561,1.1876839,0.55353707,119.57095,0.36996698,0.22692296,5.1279436e-10,232.16035,1296.8455
1931.9167,115.78437,0.15666182,115.49344,0.64475036,0.031562045,224.32474,481.55887,237.49748,1.1848587,0.56960839,119.56486,0.36878043,0.62311769,5.533593e-10,232.11078,1296.8113
1932,115.75949,0.15702562,115.46787,0.64486969,0.03156222,224.33099,481.56628,237.50183,1.1062897,0.55534554,119.53896,0.60922366,0.52171195,5.8125244e-10,232.06082,1296.6606
1932.0833,115.7367,0.15784732,115.44356,0.64498323,0.031562384,224.34038,481.58023,237.5094,1.06249,0.55010563,119.49512,0.60841948,0.57427377,6.060864e-10,232.01465,1296.5523
1932.1667,115.71439,0.15891245,115.41925,0.64509672,0.031562548,224.35214,481.59903,237.51936,1.0427163,0.55170488,119.45145,0.60061556,0.57619518,6.3424838e-10,231.96919,1296.4856
1932.25,115.69232,0.16054989,115.39413,0.64521402,0.031562716,224.36636,481.62274,237.5318,0.96089345,0.50841582,119.40578,0.5840556,0.53959465,6.6527966e-10,231.92378,1296.3198
1932.3333,115.67202,0.16312498,115.36903,0.64533132,0.031562887,224.38988,481.66553,237.55363,0.89497244,0.47879341,119.36016,0.56154084,0.50681651,6.8827838e-10,231.88106,1296.224
1932.4167,115.65175,0.16570161,115.34394,0.64544863,0.031563055,224.41895,481.71979,237.58116,0.82851565,0.45879284,119.31713,0.54451329,0.48519722,7.013411e-10,231.83841,1296.1628
1932.5,115.63319,0.16918597,115.31888,0.64556587,0.031563222,224.58083,482.04791,237.74414,0.75727481,0.41461065,119.2742,0.53536171,0.25824505,6.0433847e-10,231.7984,1296.6174
1932.5833,115.61464,0.17287283,115.29343,0.64568502,0.031563394,225.0742,483.0592,238.24496,0.78410864,0.38861191,119.22921,0.54839057,0.22358249,4.6996684e-10,231.75821,1298.5385
1932.6667,115.59635,0.17647132,115.26842,0.64580226,0.031563565,225.42926,483.78531,238.60458,0.78705621,0.43543029,119.18632,0.53982854,0.2591497,4.4640389e-10,231.7186,1299.9466
1932.75,115.57693,0.17944989,115.24342,0.64591938,0.031563733,225.64482,484.22348,238.82193,0.80118072,0.44564971,119.14575,0.53845066,0.43819565,4.6679233e-10,231.67731,1300.76
1932.8333,115.5571,0.1821965,115.21845,0.64603657,0.0315639,225.65752,484.24374,238.83267,0.80197543,0.45275196,119.10558,0.54268563,0.53411072,5.7733057e-10,231.63536,1300.7296
1932.9167,115.53684,0.18470971,115.1935,0.64615369,0.031564068,225.62111,484.16318,238.79349,0.80018461,0.45844579,119.06544,0.53340429,0.72379047,6.922275e-10,231.59276,1300.4946
1933,115.51639,0.18732163,115.16816,0.64627272,0.031564239,225.58783,484.0889,238.75745,0.77191043,0.44170883,119.02364,0.54063851,0.53499329,7.5107109e-10,231.54971,1300.2211
1933.0833,115.4977,0.19021603,115.14406,0.64638597,0.031564403,225.5587,484.02341,238.72568,0.74588448,0.43419269,118.98232,0.53637153,0.54539293,8.1514151e-10,231.50993,1299.98
1933.1667,115.47974,0.19348103,115.11998,0.64649916,0.031564564,225.53041,483.95969,238.69482,0.73665506,0.43524098,118.94009,0.53610414,0.55277598,8.9080293e-10,231.47128,1299.7682
1933.25,115.46199,0.19728281,115.09512,0.64661616,0.031564731,225.50311,483.8978,238.66489,0.72575188,0.42224017,118.89512,0.53699124,0.56037617,9.6751629e-10,231.43259,1299.5415
1933.3333,115.44518,0.20156996,115.07027,0.64673316,0.031564899,225.48174,483.84818,238.64104,0.71726871,0.39910901,118.84761,0.54245508,0.54095596,1.0252217e-09,231.39531,1299.3302
1933.4167,115.42875,0.20604008,115.04546,0.64685017,0.031565066,225.51567,483.91302,238.67368,0.71174216,0.39801678,118.79964,0.53945792,0.37330812,9.6599118e-10,231.35866,1299.3705
1933.5,115.41103,0.20980117,115.02066,0.64696711,0.031565234,225.95139,484.80753,239.11644,0.73577768,0.36148044,118.75268,0.57687795,0.16388346,6.7672873e-10,231.32002,1301.0454
1933.5833,115.39089,0.21248026,114.99549,0.64708596,0.031565402,226.34784,485.61908,239.5184,0.77530849,0.33986989,118.70573,0.58564734,0.15351434,5.8999861e-10,231.27751,1302.5837
1933.6667,115.36978,0.21441634,114.97074,0.64720285,0.031565569,226.66754,486.27405,239.84247,0.79431939,0.36556312,118.66077,0.59950328,0.24061537,5.5832039e-10,231.2337,1303.8385
1933.75,115.34684,0.21537262,114.94601,0.64731973,0.031565733,226.78474,486.51096,239.96007,0.80253124,0.40343678,118.61858,0.59513998,0.42960906,6.5494887e-10,231.1871,1304.2674
1933.8333,115.32301,0.21585515,114.92128,0.64743656,0.031565901,226.74237,486.41849,239.91496,0.80528665,0.41377068,118.57692,0.59233981,0.53347123,8.0916296e-10,231.13914,1304.0109
1933.9167,115.29897,0.21622308,114.89656,0.64755338,0.031566069,226.70602,486.33868,239.87601,0.80336362,0.42055464,118.53539,0.58833474,0.73074538,8.9110458e-10,231.09088,1303.7708
1934,115.27555,0.21712562,114.87144,0.64767212,0.031566236,226.66884,486.25711,239.83617,0.75820816,0.40124181,118.49207,0.57672435,0.53009546,1.0019398e-09,231.04335,1303.4571
1934.0833,115.25452,0.21864942,114.84755,0.64778507,0.031566396,226.63626,486.18524,239.80115,0.72192585,0.39156786,118.45116,0.55884373,0.52309555,1.107152e-09,231.00008,1303.1875
1934.1667,115.23362,0.22023222,114.82368,0.64789796,0.031566557,226.60835,486.12296,239.77087,0.71603721,0.39675209,118.41162,0.55184728,0.5202018,1.1954233e-09,230.957,1302.9836
1934.25,115.21277,0.22226501,114.799,0.64801472,0.03156672,226.58197,486.06369,239.7421,0.71007037,0.37052929,118.36977,0.55645049,0.52775997,1.2863035e-09,230.91362,1302.7516
1934.3333,115.19331,0.2250348,114.77435,0.64813143,0.031566888,226.56088,486.01532,239.71872,0.70054615,0.36507785,118.32492,0.55418408,0.5613988,1.3392472e-09,230.87239,1302.5579
1934.4167,115.17426,0.22800191,114.74972,0.64824808,0.031567052,226.63834,486.1709,239.79605,0.69758254,0.36145988,118.28016,0.5519411,0.32014039,1.132416e-09,230.8318,1302.7762
1934.5,115.15449,0.23057021,114.7251,0.64836472,0.031567216,227.08482,487.08932,240.25032,0.72646314,0.3410424,118.23496,0.59530842,0.1872651,7.9127521e-10,230.79008,1304.5169
1934.5833,115.13337,0.23262903,114.7001,0.64848328,0.031567384,227.53041,488.00543,240.70343,0.76140541,0.34303984,118.18826,0.59889972,0.18347201,6.6684452e-10,230.74615,1306.2781
1934.6667,115.11137,0.23400036,114.67552,0.64859986,0.031567547,227.84998,488.66125,241.02777,0.75997019,0.39422691,118.14466,0.60315448,0.26638186,6.2161104e-10,230.70107,1307.539
1934.75,115.08829,0.23479369,114.65095,0.64871645,0.031567711,228.07259,489.11627,241.25301,0.77358299,0.40185088,118.10244,0.59989154,0.54104388,6.4972933e-10,230.65431,1308.3741
1934.8333,115.06519,0.23557445,114.62639,0.64883298,0.031567875,228.04654,489.0575,241.22449,0.77124351,0.40691265,118.06044,0.58962584,0.62583685,9.1553265e-10,230.60756,1308.1746
1934.9167,115.04207,0.23634079,114.60184,0.6489495,0.031568039,227.97247,488.89987,241.14708,0.76621014,0.40999094,118.01837,0.57869214,0.78643847,1.2169398e-09,230.56078,1307.7748
1935,115.01929,0.23749389,114.57689,0.64906794,0.031568207,227.90498,488.75574,241.07628,0.74355006,0.39735276,117.97509,0.57253635,0.60851139,1.4305909e-09,230.51431,1307.3673
1935.0833,114.99831,0.23894952,114.55316,0.64918059,0.031568367,227.84819,488.63391,241.01653,0.7359007,0.39830041,117.93303,0.5700717,0.61606526,1.5473783e-09,230.47118,1307.0371
1935.1667,114.9776,0.24054646,114.52945,0.64929318,0.031568523,227.79428,488.51807,240.95972,0.72518331,0.39865199,117.89124,0.56528687,0.61059165,1.6246711e-09,230.42845,1306.7156
1935.25,114.95659,0.24240129,114.50495,0.64940965,0.031568687,227.74208,488.40561,240.90462,0.70929801,0.38905394,117.84806,0.56097049,0.59612507,1.6628482e-09,230.38493,1306.3837
1935.3333,114.93716,0.24508837,114.48046,0.64952606,0.031568851,227.69165,488.29675,240.8513,0.65473455,0.33061609,117.80268,0.54883039,0.53464562,1.7002673e-09,230.34381,1305.9716
1935.4167,114.91898,0.24842644,114.456,0.64964241,0.031569015,227.6485,488.20294,240.80544,0.56106919,0.29831353,117.76004,0.5140115,0.47142988,1.7268275e-09,230.30463,1305.5808
1935.5,114.90228,0.25253311,114.43156,0.64975876,0.031569175,227.75702,488.4227,240.91452,0.48230886,0.25514093,117.71876,0.49275979,0.32728487,1.3194165e-09,230.2677,1305.8181
1935.5833,114.88429,0.25615141,114.40675,0.64987701,0.031569343,228.23134,489.39868,241.39737,0.49830589,0.23384264,117.67808,0.54483563,0.34324923,9.0437902e-10,230.22862,1307.6662
1935.6667,114.86533,0.25901145,114.38235,0.6499933,0.031569503,228.6657,490.29242,241.83955,0.51038086,0.25929984,117.63864,0.54104263,0.37769696,7.6180878e-10,230.18825,1309.3943
1935.75,114.84631,0.26184684,114.35798,0.65010959,0.031569667,228.87506,490.72003,242.05156,0.50186121,0.312475,117.60073,0.52970141,0.436874,8.0050122e-10,230.14781,1310.2095
1935.8333,114.82714,0.26459539,114.33363,0.65022582,0.031569827,228.91862,490.8045,242.09402,0.49122977,0.30334544,117.56361,0.52355134,0.47650963,9.1478292e-10,230.10715,1310.2825
1935.9167,114.80819,0.26744685,114.3093,0.65034205,0.031569991,228.93541,490.83377,242.10913,0.4857322,0.30285129,117.52573,0.52757198,0.61254501,9.8285846e-10,230.06685,1310.2595
1936,114.78609,0.26882732,114.28458,0.65046018,0.031570155,228.94501,490.8483,242.1169,0.47566167,0.29655662,117.50346,0.37803093,0.39363974,1.0812187e-09,230.02153,1310.2074
1936.0833,114.76224,0.26865092,114.26106,0.65057254,0.031570312,228.95137,490.85632,242.12143,0.46612579,0.29371881,117.49847,0.37043932,0.39788228,1.1619145e-09,229.97411,1310.1615
1936.1667,114.73853,0.26854429,114.23756,0.65068489,0.031570468,228.95607,490.86102,242.12428,0.4587298,0.2916626,117.49347,0.36462659,0.3911362,1.2362905e-09,229.92688,1310.112
1936.25,114.71414,0.2685039,114.21326,0.650801,0.031570628,228.96149,490.8671,242.12781,0.44969982,0.26135358,117.4883,0.36054584,0.36040047,1.2861828e-09,229.87827,1310.0341
1936.3333,114.68974,0.26844668,114.18896,0.65091711,0.031570792,228.96999,490.87955,242.13449,0.44192323,0.23029676,117.48311,0.36215079,0.32452244,1.30781e-09,229.82965,1309.969
1936.4167,114.66519,0.26831245,114.16468,0.65103316,0.031570952,228.99785,490.93243,242.1611,0.45043027,0.23568086,117.47792,0.36408195,0.28518945,1.2449261e-09,229.78078,1310.0362
1936.5,114.64011,0.2678839,114.1404,0.65114921,0.031571113,229.31721,491.58978,242.48608,0.46703359,0.21125804,117.47276,0.39444238,0.23123196,8.4307122e-10,229.73111,1311.2752
1936.5833,114.6144,0.26732853,114.11572,0.65126717,0.031571276,229.65608,492.28717,242.8307,0.48985454,0.20472212,117.46733,0.39125335,0.22917752,7.43196e-10,229.68027,1312.6161
1936.6667,114.58983,0.26717645,114.09144,0.65138316,0.031571437,229.92401,492.83783,243.1026,0.50727099,0.20725459,117.46184,0.38602072,0.26985011,6.773565e-10,229.63139,1313.6722
1936.75,114.56536,0.26707655,114.06716,0.65149915,0.031571597,230.0533,493.10114,243.23286,0.48054245,0.28125009,117.45625,0.38070992,0.34214133,7.2426587e-10,229.58267,1314.188
1936.8333,114.54104,0.26704746,114.04289,0.65161514,0.031571757,230.03064,493.04956,243.20782,0.47020707,0.2760379,117.45065,0.37692228,0.35385227,8.0499207e-10,229.53416,1314.019
1936.9167,114.51676,0.26704264,114.01863,0.65173107,0.031571917,229.99834,492.97784,243.17285,0.46663934,0.27704,117.44502,0.37208462,0.41014805,8.9304536e-10,229.48573,1313.8235
1937,114.49372,0.26790071,113.99398,0.65184885,0.031572081,229.96915,492.91251,243.14101,0.46123013,0.27650779,117.42451,0.52118981,0.48465505,9.3410901e-10,229.43903,1313.6239
1937.0833,114.47315,0.26942843,113.97053,0.65196091,0.031572234,229.94626,492.86038,243.11568,0.45950264,0.28056091,117.39088,0.52692091,0.5087263,9.4438257e-10,229.39664,1313.4499
1937.1667,114.45288,0.27110767,113.94709,0.65207297,0.03157239,229.92184,492.80521,243.08885,0.45397836,0.28333628,117.35727,0.516083,0.49745211,9.7877551e-10,229.35472,1313.2652
1937.25,114.43264,0.27321973,113.92287,0.65218884,0.031572547,229.89409,492.74301,243.05853,0.44053203,0.26220149,117.32268,0.50310862,0.45670757,1.038815e-09,229.31248,1313.0335
1937.3333,114.41387,0.27610207,113.89868,0.65230465,0.031572707,229.86137,492.68423,243.02977,0.40024671,0.19849378,117.2876,0.65098858,0.47860101,1.0828939e-09,229.27252,1312.7342
1937.4167,114.39494,0.27889434,113.8745,0.6524204,0.031572867,229.77396,492.59991,242.98871,0.38187492,0.20201664,117.2587,0.85183036,0.60748762,1.0985026e-09,229.23233,1312.4376
1937.5,114.37475,0.28101012,113.85034,0.65253615,0.031573027,229.8018,492.78894,243.08275,0.40606233,0.20620181,117.23293,1.0740041,0.74164915,9.0110219e-10,229.19022,1312.709
1937.5833,114.35234,0.28212628,113.82581,0.65265381,0.031573188,229.98932,493.4191,243.39474,0.44059113,0.20263323,117.20752,1.4384476,1.0758308,7.0157247e-10,229.14449,1313.7985
1937.6667,114.32922,0.28264418,113.80167,0.65276951,0.031573348,230.06512,493.83286,243.60016,0.45819038,0.23362191,117.18232,1.4264532,1.5433505,6.3241451e-10,229.09787,1314.4701
1937.75,114.30631,0.28327921,113.77754,0.6528852,0.031573504,230.05765,494.04236,243.70488,0.41871974,0.29093021,117.15805,1.2818843,1.2171453,6.5570871e-10,229.05157,1314.7241
1937.8333,114.28333,0.28387511,113.75343,0.65300089,0.031573664,229.91092,493.87946,243.62555,0.42307073,0.29633713,117.13403,0.84069294,0.79131252,8.2005652e-10,229.0052,1314.2746
1937.9167,114.26151,0.28510261,113.72932,0.65311652,0.031573821,229.77682,493.68085,243.52826,0.42508173,0.29989001,117.11031,0.74990171,0.71645665,9.4591945e-10,228.96063,1313.7818
1938,114.24017,0.28678456,113.70482,0.653234,0.031573981,229.64339,493.47806,243.42886,0.42760444,0.30453271,117.08558,0.74446392,0.66518062,1.1016164e-09,228.91658,1313.2846
1938.0833,114.22012,0.28850934,113.68153,0.65334582,0.031574134,229.51929,493.29016,243.33679,0.42839336,0.30817586,117.06168,0.74372363,0.70101821,1.2361038e-09,228.87508,1312.8196
1938.1667,114.19988,0.29012388,113.65825,0.65345758,0.031574287,229.39862,493.11057,243.24881,0.42912394,0.3115454,117.03786,0.7607823,0.71811485,1.357867e-09,228.83328,1312.3697
1938.25,114.17867,0.29163042,113.63419,0.65357316,0.031574443,229.27646,492.93179,243.16132,0.43235248,0.28383711,117.01315,0.77609777,0.65439272,1.4646374e-09,228.78964,1311.8885
1938.3333,114.15734,0.29306611,113.61015,0.65368867,0.031574603,229.15854,492.76422,243.07932,0.4507308,0.24028511,116.98681,0.80498236,0.50299293,1.517873e-09,228.74582,1311.4257
1938.4167,114.13644,0.29472679,113.58613,0.65380412,0.03157476,229.17986,492.90063,243.14719,0.47847751,0.25553808,116.96021,1.0195409,0.63113683,1.1806653e-09,228.70268,1311.6245
1938.5,114.11418,0.29564437,113.56211,0.65391964,0.031574916,229.34767,493.44675,243.41759,0.51651233,0.26179421,116.93429,1.5261289,1.1039091,8.8705659e-10,228.65742,1312.5821
1938.5833,114.08893,0.29516312,113.5377,0.65403694,0.031575076,229.39499,493.77197,243.57956,0.55345917,0.27268973,116.90942,1.5330868,1.2284801,7.6911938e-10,228.60741,1313.0896
1938.6667,114.06463,0.29498726,113.5137,0.65415233,0.031575233,229.42358,494.04303,243.71466,0.54580891,0.3007583,116.88482,1.5113986,1.8295639,6.8443612e-10,228.55905,1313.4717
1938.75,114.04037,0.29484344,113.4897,0.65426773,0.031575389,229.39763,494.17206,243.77971,0.50311625,0.34331894,116.86161,1.3585159,1.289006,7.0875211e-10,228.51076,1313.5683
1938.8333,114.01627,0.2947903,113.4657,0.65438312,0.031575546,229.25768,494.00616,243.69899,0.5078426,0.34839904,116.83904,0.9068979,0.86615491,9.410438e-10,228.46272,1313.1208
1938.9167,113.99306,0.29522112,113.44171,0.65449846,0.031575702,229.12044,493.7825,243.58932,0.51181364,0.35327661,116.81667,0.79229373,0.75225639,1.0544974e-09,228.41606,1312.5901
1939,113.96963,0.29572833,113.41734,0.6546157,0.031575859,228.98529,493.56161,243.481,0.51725334,0.35987329,116.79294,0.79762602,0.70070994,1.1383832e-09,228.36888,1312.0668
1939.0833,113.94762,0.29635331,113.39414,0.65472722,0.031576011,228.85773,493.35263,243.37854,0.51842469,0.36381987,116.76936,0.79648566,0.75194448,1.2377898e-09,228.32442,1311.5649
1939.1667,113.92576,0.29705736,113.37096,0.65483868,0.03157616,228.73193,493.14682,243.27762,0.52007335,0.36824968,116.7458,0.79323763,0.7545892,1.3235535e-09,228.2802,1311.0706
1939.25,113.90329,0.29784557,113.34701,0.65495396,0.031576317,228.60428,492.93878,243.17569,0.51977611,0.3724198,116.72158,0.80887461,0.77374136,1.4018612e-09,228.23466,1310.5671
1939.3333,113.88098,0.29871073,113.32306,0.65506917,0.031576473,228.48016,492.74005,243.07834,0.52599084,0.2978175,116.69667,0.82185912,0.58319813,1.4175284e-09,228.18939,1310.0085
1939.4167,113.85928,0.29989395,113.29913,0.65518439,0.031576626,228.37599,492.58237,243.00122,0.54369515,0.30609313,116.67096,0.81919771,0.49372554,1.3464796e-09,228.14505,1309.6254
1939.5,113.83829,0.30145502,113.2752,0.65529954,0.031576782,228.50957,492.96988,243.19302,0.57455683,0.30364129,116.64558,1.479905,0.96885204,9.1801644e-10,228.10182,1310.2981
1939.5833,113.81521,0.30207583,113.25089,0.65541655,0.031576939,228.5981,493.32733,243.37083,0.62086284,0.32228279,116.61679,1.6217567,1.1630855,7.6436468e-10,228.05516,1310.9114
1939.6667,113.79263,0.30275443,113.22699,0.6555317,0.031577095,228.60529,493.4949,243.45499,0.60585344,0.36998656,116.58863,1.5759124,1.9037765,7.0175032e-10,228.00948,1311.1292
1939.75,113.7697,0.30325639,113.20309,0.6556468,0.031577248,228.56459,493.5372,243.47726,0.57477039,0.4058719,116.56206,1.2968888,1.2295473,8.0104451e-10,227.96326,1311.0851
1939.8333,113.7476,0.30420315,113.17921,0.6557619,0.031577405,228.41983,493.29422,243.35828,0.58078915,0.41168308,116.53553,0.73390245,0.68052119,1.1227175e-09,227.91835,1310.5187
1939.9167,113.72748,0.30621114,113.15533,0.65587693,0.031577557,228.2831,493.03568,243.2312,0.57309878,0.40702704,116.50924,0.63836378,0.60557806,1.7709353e-09,227.87648,1309.9159
1940,113.70654,0.30796605,113.13108,0.65599382,0.031577714,228.15517,492.79745,243.11424,0.56121665,0.39845881,116.48312,0.70150965,0.59823596,2.0873898e-09,227.83315,1309.3428
1940.0833,113.68629,0.30945602,113.10802,0.6561051,0.031577863,228.03783,492.58179,243.00839,0.55219734,0.39235309,116.45824,0.69255292,0.62810457,1.8397538e-09,227.79144,1308.8222
1940.1667,113.66618,0.31101322,113.08497,0.65621632,0.031578012,227.92163,492.36749,242.90323,0.5426622,0.3856211,116.43333,0.6869815,0.61959827,1.5966017e-09,227.74995,1308.304
1940.25,113.64538,0.31260371,113.06115,0.65633124,0.031578168,227.80521,492.15427,242.79863,0.53638715,0.32986477,116.40737,0.72672027,0.56305987,1.4761774e-09,227.70705,1307.7388
1940.3333,113.62438,0.31408072,113.03734,0.65644616,0.031578321,227.76466,492.10333,242.77406,0.55817693,0.29050544,116.37962,0.77620411,0.43402737,1.2076773e-09,227.66383,1307.5342
1940.4167,113.6032,0.31545001,113.01355,0.65656108,0.031578474,227.90356,492.46191,242.95172,0.59832072,0.2931169,116.3519,1.4521066,0.88776171,8.1945817e-10,227.62033,1308.1808
1940.5,113.57925,0.31533706,112.98976,0.65667599,0.031578626,227.9126,492.59323,243.01836,0.6514703,0.31474411,116.32335,1.672235,1.1216522,6.7085698e-10,227.57262,1308.3864
1940.5833,113.55473,0.31512529,112.96559,0.6567927,0.031578783,227.8622,492.59174,243.01984,0.70209998,0.3357552,116.29439,1.6626291,1.1949544,5.7283833e-10,227.52383,1308.3298
1940.6667,113.53004,0.31464157,112.94182,0.65690756,0.031578936,227.81914,492.58905,243.02022,0.73257345,0.36771736,116.26602,1.6416706,1.6163979,5.2116594e-10,227.47499,1308.2698
1940.75,113.50402,0.31345746,112.91804,0.65702236,0.031579088,227.78503,492.58511,243.01955,0.68917984,0.43756476,116.23956,1.3267494,1.2590237,5.9888222e-10,227.42412,1308.18
1940.8333,113.47771,0.31212866,112.89426,0.65713716,0.031579241,227.66599,492.36716,242.91296,0.69528311,0.44373479,116.21395,0.89212996,0.83916658,7.9426271e-10,227.37282,1307.6719
1940.9167,113.45167,0.31094918,112.87048,0.65725189,0.031579394,227.55005,492.14536,242.80423,0.6997329,0.44947988,116.18855,0.84156007,0.85212845,9.7536146e-10,227.32195,1307.1593
1941,113.42532,0.30980125,112.84631,0.65736854,0.031579547,227.42801,491.91037,242.68901,0.70232469,0.45371717,116.16269,0.8418504,0.75736749,1.1177244e-09,227.27037,1306.6165
1941.0833,113.40089,0.30905181,112.82332,0.65747952,0.031579696,227.31256,491.68726,242.57962,0.69745243,0.45413047,116.13805,0.82960141,0.79605389,1.2399994e-09,227.22234,1306.0914
1941.1667,113.37691,0.30853638,112.80032,0.65759045,0.031579841,227.19963,491.46924,242.47275,0.68352741,0.44819424,116.11347,0.81611705,0.78880203,1.2864958e-09,227.17496,1305.5617
1941.25,113.3525,0.30820376,112.77655,0.65770507,0.031579994,227.08467,491.24701,242.36382,0.66044408,0.41886187,116.08904,0.8123433,0.76503855,1.3109438e-09,227.12654,1304.9904
1941.3333,113.32851,0.30808923,112.75278,0.65781975,0.031580146,226.9852,491.05774,242.27115,0.66533893,0.33087113,116.06357,0.85905278,0.6125294,1.2488283e-09,227.07878,1304.4526
1941.4167,113.30425,0.30782664,112.72902,0.65793437,0.031580299,227.07504,491.26984,242.37651,0.69859499,0.32653332,116.03775,1.2736161,0.76677305,8.2773971e-10,227.03061,1304.8148
1941.5,113.27738,0.30616817,112.70525,0.65804899,0.031580448,227.13538,491.43835,242.46118,0.75569659,0.33200368,116.01219,1.5401574,0.9673509,6.5454536e-10,226.97844,1305.1132
1941.5833,113.24929,0.30408332,112.68109,0.6581654,0.031580605,227.16875,491.53476,242.50366,0.80868298,0.3427524,115.98576,1.3286916,0.82670313,5.6911997e-10,226.92422,1305.2685
1941.6667,113.22058,0.30148196,112.65732,0.65827996,0.031580754,227.26965,491.76047,242.56494,0.83140755,0.40190312,115.95985,1.2633548,0.90478951,5.1855525e-10,226.86925,1305.6575
1941.75,113.19111,0.29847783,112.63354,0.65839446,0.031580906,227.26605,491.7663,242.5481,0.82403922,0.48824197,115.93489,1.2017535,1.0438602,5.306488e-10,226.81311,1305.6407
1941.8333,113.16153,0.29542562,112.60974,0.65850896,0.031581055,227.1613,491.55627,242.4397,0.83020866,0.49745739,115.91044,0.93276852,0.91735131,6.6580336e-10,226.75679,1305.1522
1941.9167,113.13142,0.29210082,112.58594,0.65862346,0.031581208,227.05717,491.34351,242.33595,0.83165377,0.50285333,115.88623,0.85674578,0.86686581,7.3576795e-10,226.69968,1304.657
1942,113.10089,0.28876579,112.56173,0.65873981,0.031581361,226.95544,491.13635,242.23492,0.83498186,0.50981623,115.86166,0.86017787,0.77213466,7.6112799e-10,226.64171,1304.1748
1942.0833,113.07213,0.28574845,112.53869,0.65885043,0.031581506,226.85916,490.94034,242.13936,0.83521873,0.51613104,115.83826,0.84546775,0.84111702,7.8450646e-10,226.58701,1303.7155
1942.1667,113.04408,0.28310508,112.51563,0.65896112,0.031581651,226.76172,490.74188,242.04259,0.82934523,0.51920944,115.81447,0.84006113,0.83726877,8.2187218e-10,226.53336,1303.2426
1942.25,113.01611,0.28092745,112.49179,0.6590755,0.0315818,226.66035,490.5354,241.94189,0.81961143,0.52129161,115.78912,0.83626664,0.83115584,8.6237739e-10,226.47949,1302.7472
1942.3333,112.98943,0.27942821,112.46794,0.65918982,0.031581949,226.55678,490.32571,241.83984,0.78426415,0.41301149,115.76304,0.93661165,0.76400238,8.7159691e-10,226.42757,1302.1102
1942.4167,112.96598,0.27965048,112.44409,0.65930414,0.031582098,226.52046,490.25739,241.80788,0.70479947,0.34786677,115.73621,1.0810071,0.69455659,7.3038858e-10,226.38062,1301.7552
1942.5,112.94193,0.27953389,112.42026,0.65941846,0.031582247,226.68504,490.61035,241.98526,0.7441805,0.33504602,115.71104,1.6662805,1.0824122,5.1042848e-10,226.33273,1302.4037
1942.5833,112.91776,0.27955025,112.39603,0.65953463,0.0315824,226.72873,490.70175,242.03445,0.78657192,0.35453823,115.68335,1.6970767,1.2034308,4.3825929e-10,226.28444,1302.5738
1942.6667,112.89457,0.27989113,112.3722,0.6596489,0.031582549,226.7832,490.80261,242.08774,0.80131489,0.42135313,115.65414,1.6738796,1.3702545,4.0223011e-10,226.2379,1302.7883
1942.75,112.87077,0.27989972,112.34838,0.6597631,0.031582698,226.79915,490.81274,242.0961,0.7758826,0.51089877,115.62612,1.4771037,1.3932469,4.2243831e-10,226.1904,1302.8113
1942.8333,112.84718,0.28002125,112.32456,0.6598773,0.031582847,226.67926,490.53687,241.96312,0.7823776,0.51760465,115.5983,1.3663489,1.296554,4.6887932e-10,226.14323,1302.2208
1942.9167,112.82333,0.2800048,112.30075,0.6599915,0.031582996,226.56796,490.27518,241.83698,0.78805184,0.52367592,115.57018,1.2621554,1.2174332,5.0336685e-10,226.09566,1301.6577
1943,112.79876,0.27980319,112.27656,0.66010755,0.031583149,226.46626,490.0383,241.72235,0.79463011,0.52966142,115.54088,0.99635589,0.8495208,5.6074878e-10,226.04681,1301.1389
1943.0833,112.7763,0.28010732,112.25354,0.66021794,0.031583291,226.3728,489.82431,241.6185,0.80071461,0.53666133,115.51129,0.96420473,0.88644254,6.0657851e-10,226.00174,1300.6661
1943.1667,112.7541,0.28054115,112.23052,0.66032833,0.031583436,226.28209,489.61603,241.51749,0.7992208,0.53994465,115.48065,0.97827834,0.91627806,6.264495e-10,225.95708,1300.1925
1943.25,112.73144,0.28114024,112.20674,0.66044241,0.031583585,226.19038,489.40457,241.41495,0.78900564,0.47235367,115.44974,0.96801072,0.76345313,6.4230682e-10,225.91136,1299.6324
1943.3333,112.70963,0.28218231,112.18296,0.66055644,0.03158373,226.10068,489.19696,241.31432,0.81262946,0.4324975,115.41756,0.97699034,0.63638723,6.5643169e-10,225.86691,1299.1416
1943.4167,112.68817,0.283402,112.15919,0.66067052,0.031583879,226.01959,489.00677,241.22229,0.83660603,0.45924228,115.3856,0.97640532,0.59947938,6.4159256e-10,225.82303,1298.7531
1943.5,112.66653,0.28451613,112.13544,0.66078454,0.031584028,226.12199,489.18613,241.31329,0.86407965,0.4287377,115.35447,1.5366867,0.90727466,4.6851262e-10,225.77885,1299.0476
1943.5833,112.6432,0.2849274,112.11131,0.66090035,0.031584177,226.22189,489.33212,241.38907,0.89076257,0.47443977,115.32374,1.6719315,1.3086647,4.0070633e-10,225.73192,1299.364
1943.6667,112.61942,0.28490898,112.08757,0.66101438,0.031584326,226.26088,489.34137,241.39711,0.85393679,0.57561588,115.297,1.5843803,1.3959705,3.7510411e-10,225.68451,1299.4104
1943.75,112.59531,0.28470495,112.06384,0.66112828,0.031584471,226.23775,489.22037,241.3407,0.86512262,0.58303249,115.27146,1.4665955,1.3737929,3.8378459e-10,225.63657,1299.155
1943.8333,112.57099,0.28439417,112.04012,0.66124219,0.03158462,226.14587,488.9751,241.22209,0.87174213,0.58896786,115.24549,0.91123289,0.85083055,4.9949228e-10,225.58833,1298.6376
1943.9167,112.54683,0.28417286,112.01639,0.66135609,0.031584766,226.04227,488.72983,241.10257,0.87660307,0.59384739,115.21987,0.85933548,0.87237412,5.4570193e-10,225.54033,1298.1052
1944,112.52221,0.28390464,111.99228,0.66147184,0.031584915,225.93857,488.48495,240.98325,0.88016087,0.59562939,115.19373,0.86522174,0.74101466,5.8267435e-10,225.49146,1297.5677
1944.0833,112.49891,0.28371555,111.96934,0.66158193,0.031585056,225.84123,488.25519,240.87129,0.88633889,0.60147166,115.16874,0.86893904,0.81419468,6.1323702e-10,225.44511,1297.0694
1944.1667,112.476,0.28372791,111.9464,0.66169202,0.031585198,225.74594,488.02991,240.76158,0.89040524,0.60501826,115.14288,0.87779814,0.82100606,6.269108e-10,225.39941,1296.5752
1944.25,112.45254,0.28385723,111.9227,0.66180587,0.031585347,225.64781,487.79849,240.6489,0.8937223,0.59989297,115.11577,0.87359643,0.80824029,6.4144778e-10,225.35248,1296.0571
1944.3333,112.43019,0.28457454,111.899,0.66191965,0.031585492,225.55023,487.56909,240.53716,0.89213872,0.48181036,115.08653,0.87881148,0.59584731,6.592854e-10,225.30728,1295.4242
1944.4167,112.40874,0.28575811,111.87531,0.66203338,0.031585637,225.45403,487.34277,240.42697,0.91362602,0.50954539,115.05568,0.88645637,0.6050384,6.669606e-10,225.26343,1294.966
1944.5,112.38738,0.28698954,111.85163,0.6621471,0.031585783,225.48642,487.37775,240.446,0.92668539,0.46908566,115.02574,1.2270567,0.70667207,5.2666899e-10,225.21973,1294.9513
1944.5833,112.36406,0.28736472,111.82758,0.66226268,0.031585932,225.64917,487.64301,240.58031,0.96783799,0.46494794,114.99571,1.7116015,1.1390278,4.2433373e-10,225.17285,1295.4739
1944.6667,112.34079,0.28756768,111.80392,0.66237634,0.031586077,225.72469,487.71304,240.61807,0.95719868,0.60478389,114.96658,1.5903031,1.1447548,3.840733e-10,225.12624,1295.7106
1944.75,112.31678,0.28737783,111.78026,0.66249001,0.031586222,225.68869,487.54855,240.54002,0.9706375,0.65390998,114.93861,1.4870112,1.318665,3.9696987e-10,225.07849,1295.4189
1944.8333,112.29233,0.28695625,111.75661,0.66260362,0.031586368,225.58614,487.2634,240.40176,0.97635567,0.65976596,114.91035,1.0650979,1.0346789,4.8764021e-10,225.03008,1294.8278
1944.9167,112.26801,0.28660989,111.73296,0.66271722,0.031586513,225.48273,487.01288,240.27957,0.97694629,0.66128951,114.88213,0.8337847,0.92391795,5.9934691e-10,224.98189,1294.2774
1945,112.24313,0.28616408,111.70893,0.66283268,0.031586662,225.38554,486.77847,240.16525,0.9731319,0.65761226,114.85374,0.85339761,0.76740587,6.4259659e-10,224.93263,1293.7463
1945.0833,112.21955,0.28579092,111.68606,0.66294253,0.031586803,225.29372,486.55789,240.05772,0.97436982,0.66103208,114.82686,0.8538866,0.8331157,6.7556899e-10,224.88594,1293.2575
1945.1667,112.19601,0.28543413,111.6632,0.66305232,0.031586941,225.20303,486.34073,239.95184,0.97324127,0.66249371,114.80018,0.857337,0.84298962,7.0170297e-10,224.83929,1292.7709
1945.25,112.17181,0.28513524,111.63956,0.66316587,0.031587087,225.10994,486.11841,239.84346,0.97122675,0.63506705,114.77258,0.85703528,0.81360638,7.2757789e-10,224.79126,1292.2419
1945.3333,112.14851,0.28530833,111.61593,0.66327935,0.031587232,225.01761,485.89841,239.73624,0.98172134,0.50316238,114.74289,0.87129325,0.64778525,7.5053513e-10,224.74461,1291.6246
1945.4167,112.12591,0.28584984,111.59231,0.66339278,0.031587373,224.93265,485.69406,239.63675,0.99679351,0.51994371,114.71186,0.87867767,0.58441442,7.371514e-10,224.69904,1291.191
1945.5,112.10313,0.28629512,111.5687,0.66350627,0.031587519,225.03603,485.86386,239.72263,1.0172448,0.49122173,114.68174,1.4690825,0.94133455,5.2388044e-10,224.65323,1291.466
1945.5833,112.07867,0.28603175,111.5447,0.66362154,0.031587668,225.13512,485.98041,239.78345,1.0591896,0.50134307,114.65115,1.6909221,1.1888732,4.4771148e-10,224.6046,1291.7152
1945.6667,112.05507,0.286035,111.5211,0.66373491,0.031587809,225.17943,485.97372,239.78304,1.0314326,0.5895766,114.62175,1.6302387,1.1698358,4.0388884e-10,224.55753,1291.7364
1945.75,112.03053,0.28553686,111.49749,0.66384828,0.031587955,225.19531,485.90256,239.75076,1.003405,0.66731191,114.5948,1.4925394,1.1277682,4.3919504e-10,224.50899,1291.6232
1945.8333,112.00676,0.28545091,111.47389,0.66396165,0.031588096,225.10321,485.61722,239.61247,0.99058801,0.67991328,114.56811,1.3641995,1.2667274,4.8107379e-10,224.46165,1291.0332
1945.9167,111.98337,0.28555378,111.4503,0.66407496,0.031588241,225.01901,485.36176,239.48862,0.98278236,0.68304646,114.54105,1.1309218,1.1005616,5.2351112e-10,224.41489,1290.4912
1946,111.95954,0.28563154,111.42633,0.66419011,0.031588387,224.94159,485.13519,239.37878,0.9880724,0.68818861,114.5131,1.0734725,0.94048506,5.4840149e-10,224.36728,1290.0122
1946.0833,111.93678,0.28566137,111.40353,0.66429967,0.031588525,224.86909,484.92416,239.27649,0.98807228,0.69049013,114.48639,1.0710641,1.0386261,5.6098226e-10,224.32187,1289.5566
1946.1667,111.91426,0.28581303,111.38072,0.66440922,0.031588662,224.79497,484.71216,239.17363,0.98416561,0.69052416,114.45952,1.0376576,1.0070028,5.8383082e-10,224.27679,1289.0917
1946.25,111.89126,0.28611538,111.35715,0.66452241,0.031588808,224.71925,484.50015,239.07069,0.98408395,0.61102402,114.43156,0.99956489,0.84061623,6.1278821e-10,224.23064,1288.5474
1946.3333,111.86938,0.28701031,111.3336,0.6646356,0.031588949,224.64514,484.29327,238.97028,1.005864,0.52898628,114.40098,1.0199164,0.68014276,6.311674e-10,224.18622,1288.0308
1946.4167,111.84797,0.2881366,111.31004,0.66474879,0.031589091,224.61147,484.16916,238.9108,1.023212,0.53260356,114.37027,1.0583944,0.59447831,5.7724164e-10,224.14249,1287.7599
1946.5,111.82616,0.28905389,111.28651,0.66486198,0.031589232,224.76274,484.39026,239.02287,1.0520009,0.51877588,114.34112,1.688566,0.96433604,4.4170267e-10,224.09818,1288.1859
1946.5833,111.80423,0.29009309,111.26259,0.66497695,0.031589378,224.87538,484.48792,239.07423,1.1044059,0.5470584,114.31123,1.713313,1.0515114,3.9591352e-10,224.05347,1288.4537
1946.6667,111.78243,0.29100043,111.23907,0.66509002,0.031589519,224.97481,484.54855,239.10696,1.1201878,0.64865398,114.28262,1.6439084,1.0791982,3.6316927e-10,224.00917,1288.691
1946.75,111.7596,0.29135606,111.21556,0.66520309,0.031589665,225.02757,484.52371,239.09735,1.1083065,0.7681908,114.25676,1.432237,1.1721176,3.6868661e-10,223.9633,1288.7452
1946.8333,111.7367,0.29167506,111.19206,0.66531616,0.031589806,224.98041,484.30865,238.99353,1.1186806,0.77740163,114.23148,1.307018,1.156505,3.9989356e-10,223.91733,1288.3275
1946.9167,111.71368,0.2919226,111.16856,0.66542923,0.031589948,224.91293,484.06149,238.87367,1.1272238,0.78367221,114.2058,1.259403,1.1168679,4.246429e-10,223.87119,1287.8359
1947,111.69012,0.29209611,111.14469,0.66554409,0.031590089,224.84697,483.82373,238.75844,1.136012,0.78816593,114.1781,1.1894084,0.97399539,4.4202542e-10,223.82405,1287.3555
1947.0833,111.66741,0.29209587,111.12198,0.66565335,0.031590227,224.78972,483.62863,238.66388,1.1412036,0.79370111,114.15114,1.0027612,0.85221255,4.6653631e-10,223.77872,1286.947
1947.1667,111.64467,0.2920796,111.09927,0.6657626,0.031590365,224.73393,483.45233,238.57846,1.149137,0.80160475,114.12426,0.9589594,0.80229747,4.8668858e-10,223.73335,1286.5732
1947.25,111.62162,0.29230925,111.07579,0.66587555,0.031590506,224.67104,483.26794,238.48897,1.1529355,0.77343166,114.09643,0.90278512,0.72648865,5.1470639e-10,223.68718,1286.1379
1947.3333,111.59978,0.29317126,111.05233,0.66598845,0.031590644,224.60913,483.09052,238.40285,1.1706891,0.61324626,114.06614,0.92090362,0.49951115,5.2799204e-10,223.64285,1285.5954
1947.4167,111.57866,0.2944034,111.02888,0.66610134,0.031590786,224.6613,483.14453,238.43129,1.1964672,0.59952331,114.03436,1.1477491,0.54748535,4.4513732e-10,223.59964,1285.6671
1947.5,111.55701,0.29534158,111.00543,0.66621423,0.031590927,224.80646,483.35437,238.53743,1.2471471,0.60493696,114.00144,1.4089051,0.77635628,3.9260203e-10,223.55559,1286.1073
1947.5833,111.53346,0.2954843,110.98161,0.66632891,0.031591069,224.95956,483.57465,238.64336,1.3013698,0.63028085,113.97227,1.2191808,0.61872631,4.2857204e-10,223.50848,1286.59
1947.6667,111.5095,0.29520312,110.95818,0.66644174,0.031591211,225.19063,483.98517,238.81564,1.3113655,0.73313946,113.94588,1.0210289,0.46597371,8.0720186e-10,223.46091,1287.4428
1947.75,111.48428,0.29425651,110.93475,0.66655451,0.031591352,225.33017,484.20895,238.90762,1.3009596,0.86611426,113.92313,0.92926276,0.42389417,1.288092e-09,223.41142,1287.9484
1947.8333,111.45808,0.29279175,110.91132,0.66666728,0.03159149,225.39793,484.29672,238.94879,1.3391023,0.89495629,113.90155,0.74844968,0.32391396,1.5342118e-09,223.36046,1288.1395
1947.9167,111.43233,0.29156703,110.88789,0.66678005,0.031591631,225.46935,484.40167,239.00337,1.3704917,0.92372882,113.88018,0.7199831,0.41019556,1.6178702e-09,223.31015,1288.359
1948,111.40691,0.29072097,110.86407,0.66689461,0.031591773,225.54163,484.50894,239.05905,1.3896517,0.93822718,113.85831,0.70575714,0.47512966,1.7180921e-09,223.26019,1288.5561
1948.0833,111.38314,0.29013401,110.84142,0.66700363,0.031591907,225.61284,484.61511,239.11403,1.4028779,0.95298517,113.83721,0.70851368,0.50587404,1.7903558e-09,223.21327,1288.7484
1948.1667,111.35957,0.28965184,110.81876,0.66711259,0.031592045,225.68352,484.71997,239.16837,1.41256,0.96434534,113.81628,0.69884115,0.49427149,1.879207e-09,223.16667,1288.9317
1948.25,111.33558,0.28935251,110.79533,0.66722524,0.031592183,225.76376,484.84225,239.23141,1.4239171,0.84611207,113.79424,0.71148825,0.42021948,1.9279762e-09,223.11906,1289.0207
1948.3333,111.31256,0.28956354,110.77191,0.66733789,0.031592324,225.86455,485.00604,239.31468,1.4569985,0.75895989,113.76943,0.71101606,0.31777948,1.9369935e-09,223.07297,1289.2437
1948.4167,111.2897,0.28985703,110.7485,0.66745049,0.031592462,225.96912,485.17953,239.40129,1.4910903,0.77538985,113.74423,0.6954239,0.25878334,1.9008237e-09,223.0271,1289.5879
1948.5,111.26665,0.29004422,110.7251,0.66756308,0.0315926,226.23119,485.67676,239.63849,1.5258548,0.76341385,113.71912,0.79306078,0.25757506,1.5344899e-09,222.98094,1290.5357
1948.5833,111.24258,0.28989351,110.70131,0.66767752,0.031592742,226.58035,486.34091,239.93556,1.557865,0.7901001,113.6937,0.87722117,0.33576512,1.3471346e-09,222.93304,1291.8315
1948.6667,111.21809,0.28931364,110.67792,0.66779006,0.031592879,226.87968,486.90366,240.18443,1.5096875,0.99196333,113.66981,0.82093751,0.31128019,1.2922843e-09,222.88469,1293.0239
1948.75,111.19279,0.28830609,110.65452,0.66790253,0.031593021,227.04547,487.20459,240.30898,1.5485878,1.0151409,113.64636,0.68469489,0.24310316,1.49931e-09,222.83511,1293.6043
1948.8333,111.16681,0.28694108,110.63112,0.668015,0.031593159,227.12329,487.33914,240.36845,1.5822953,1.0384916,113.62288,0.60609162,0.19806708,1.7272503e-09,222.78447,1293.859
1948.9167,111.14095,0.28563818,110.60773,0.66812748,0.031593297,227.20027,487.47482,240.431,1.6145395,1.0697565,113.59952,0.60313064,0.24864867,1.8429903e-09,222.73401,1294.1239
1949,111.11628,0.28517461,110.58394,0.6682418,0.031593438,227.19615,487.44379,240.41063,1.6322918,1.0825257,113.58517,0.46432069,0.26931012,1.92661e-09,222.68523,1294.0358
1949.0833,111.09352,0.28510466,110.56132,0.66835052,0.031593569,227.11423,487.25415,240.31273,1.6390634,1.0914932,113.58057,0.48132142,0.30074987,1.9878672e-09,222.63989,1293.6322
1949.1667,111.07064,0.28496885,110.5387,0.66845924,0.031593703,227.03221,487.06461,240.217,1.6470625,1.1011959,113.576,0.50406122,0.32803395,2.0465514e-09,222.59436,1293.2325
1949.25,111.04697,0.28481856,110.51531,0.66857159,0.031593841,226.94612,486.86618,240.11958,1.6646819,0.92393452,113.5713,0.53542733,0.26239792,2.1076252e-09,222.54729,1292.639
1949.3333,111.0233,0.2846652,110.49193,0.66868395,0.031593978,226.85703,486.66183,240.02287,1.690082,0.90052688,113.56662,0.56095576,0.25672781,2.1639766e-09,222.50018,1292.1992
1949.4167,110.99961,0.28449708,110.46855,0.66879624,0.031594116,226.78242,486.48883,239.94226,1.7034289,0.91500169,113.56193,0.57295328,0.26438197,2.0879005e-09,222.45305,1291.8469
1949.5,110.97588,0.28430498,110.44518,0.66890854,0.031594254,226.88148,486.67337,240.0318,1.7139913,0.86999381,113.55731,0.68699521,0.25867441,1.6524407e-09,222.40587,1292.1339
1949.5833,110.95157,0.28400391,110.42143,0.66902268,0.031594392,227.03799,486.97284,240.15553,1.7423779,0.8565228,113.55262,0.79630566,0.34663177,1.411153e-09,222.35764,1292.6756
1949.6667,110.92785,0.28381726,110.39807,0.66913491,0.03159453,227.19272,487.26932,240.27696,1.7627329,0.85613537,113.54803,0.78313583,0.34684408,1.2830842e-09,222.31047,1293.2163
1949.75,110.9041,0.2836113,110.37471,0.66924715,0.031594668,227.26244,487.39331,240.31683,1.6733724,1.0751077,113.54333,0.71549505,0.30559146,1.3131088e-09,222.26328,1293.5276
1949.8333,110.88039,0.28342474,110.35136,0.66935933,0.031594805,227.20348,487.25681,240.23315,1.6929903,1.0920689,113.53851,0.60963297,0.24891149,1.5062313e-09,222.21613,1293.2331
1949.9167,110.8567,0.28324595,110.328,0.6694715,0.03159494,227.13025,487.0943,240.14821,1.7189312,1.1146774,113.53376,0.59786332,0.27409178,1.6246258e-09,222.16902,1292.9091
1950,110.83054,0.28196013,110.30428,0.66958553,0.031595081,227.05133,486.92099,240.06691,1.7502018,1.1450067,113.51529,0.86909252,0.35013434,1.681064e-09,222.11797,1292.5676
1950.0833,110.80373,0.27972549,110.28168,0.66969395,0.031595211,226.97321,486.75061,239.99059,1.76726,1.1717409,113.48434,0.8713277,0.36803183,1.7188234e-09,222.06644,1292.2042
1950.1667,110.7775,0.27779597,110.25909,0.66980237,0.031595342,226.89566,486.58243,239.91493,1.7821046,1.195066,113.45319,0.8583926,0.49699935,1.802008e-09,222.01579,1291.8392
1950.25,110.75064,0.27594832,110.23573,0.66991448,0.03159548,226.81953,486.4176,239.84116,1.8002292,1.2120727,113.42117,0.85991871,0.56534809,1.8378057e-09,221.96385,1291.4756
1950.3333,110.72504,0.2747587,110.21236,0.67002654,0.031595614,226.74519,486.25696,239.76933,1.8203321,0.98194146,113.38761,0.86602312,0.40397251,1.8554597e-09,221.91379,1290.8752
1950.4167,110.70034,0.27405277,110.189,0.6701386,0.031595752,226.69208,486.14032,239.71924,1.8490714,0.99552178,113.35284,0.86750513,0.34628376,1.7861478e-09,221.86513,1290.6142
1950.5,110.67471,0.27284747,110.16564,0.67025059,0.031595886,226.84988,486.45547,239.87143,1.8858203,0.96121824,113.31867,1.0008166,0.35010469,1.4159371e-09,221.81505,1291.1575
1950.5833,110.64779,0.27116674,110.14189,0.67036444,0.031596024,227.04416,486.84412,240.05276,1.9260486,0.94831568,113.28311,0.57847947,0.10541227,1.2225831e-09,221.76282,1291.8613
1950.6667,110.62152,0.2696296,110.11852,0.67047638,0.031596161,227.20872,487.17169,240.21596,1.8750747,1.1355165,113.24816,0.57437623,0.1093321,1.1209089e-09,221.71175,1292.5669
1950.75,110.59414,0.26750407,110.09515,0.67058831,0.031596296,227.37384,487.50021,240.37973,1.8826374,1.19234,113.21577,0.56517601,0.11659662,1.0873613e-09,221.65898,1293.2035
1950.8333,110.5676,0.26582846,110.07177,0.67070025,0.03159643,227.42326,487.59222,240.42627,1.9054651,1.2190729,113.18337,0.55557424,0.12723126,1.1178684e-09,221.60751,1293.3572
1950.9167,110.54143,0.26434648,110.04839,0.67081213,0.031596564,227.42944,487.59592,240.42906,1.9297675,1.2495849,113.15092,0.55530846,0.14898628,1.1843384e-09,221.55656,1293.3413
1951,110.51478,0.26281446,110.02462,0.67092586,0.031596702,227.42136,487.57047,240.41745,1.9329193,1.2602766,113.11693,0.56779844,0.13002938,1.2380716e-09,221.50475,1293.2242
1951.0833,110.48913,0.26120606,110.00201,0.67103404,0.031596832,227.40506,487.52884,240.39775,1.9202832,1.2605647,113.08331,0.57913089,0.28299206,1.3141843e-09,221.45499,1293.0508
1951.1667,110.46254,0.25910014,109.97938,0.67114216,0.031596962,227.38689,487.48334,240.37622,1.9263754,1.2694389,113.04965,0.58887416,0.41356161,1.3615208e-09,221.40376,1292.8957
1951.25,110.43525,0.25703162,109.95599,0.67125398,0.031597096,227.36731,487.43488,240.35329,1.9259782,1.2759256,113.01387,0.58455807,0.44331202,1.3975686e-09,221.35112,1292.7224
1951.3333,110.40898,0.25550991,109.93259,0.67136574,0.031597231,227.35204,487.39529,240.33481,1.9250336,1.1519036,112.9772,0.57867444,0.31846309,1.3967134e-09,221.30005,1292.4363
1951.4167,110.38434,0.2548475,109.90919,0.6714775,0.031597365,227.3912,487.46704,240.37151,1.937745,1.0198519,112.93837,0.57554466,0.1314925,1.3038181e-09,221.25145,1292.3772
1951.5,110.35857,0.25359163,109.88579,0.67158926,0.031597499,227.62895,487.94431,240.60931,1.9654043,0.97669601,112.90113,0.57820588,0.098580949,1.0854938e-09,221.20114,1293.2269
1951.5833,110.33244,0.25234228,109.862,0.6717028,0.031597637,227.83292,488.35242,240.81253,2.0028176,0.96136934,112.86336,0.59088528,0.10755504,9.9389486e-10,221.15009,1293.9755
1951.6667,110.30512,0.25026193,109.8386,0.67181444,0.031597771,228.10957,488.91086,241.08997,1.9699347,1.1214541,112.82864,0.56326842,0.088432163,1.1355207e-09,221.0974,1295.1278
1951.75,110.27608,0.24726532,109.81519,0.67192614,0.031597905,228.3752,489.44843,241.35684,1.9794719,1.1899848,112.7981,0.56371063,0.14191565,1.9206734e-09,221.04205,1296.19
1951.8333,110.24632,0.24389206,109.79177,0.67203772,0.031598039,228.48618,489.67047,241.46733,2.0096939,1.2126701,112.76753,0.5786047,0.19173528,2.4030788e-09,220.98563,1296.5995
1951.9167,110.21638,0.24043675,109.76833,0.67214936,0.031598169,228.57664,489.85071,241.55743,2.0382068,1.2344693,112.73695,0.5596211,0.27854338,2.586904e-09,220.92891,1296.9233
1952,110.18776,0.23788252,109.74451,0.67226279,0.031598307,228.67442,490.04572,241.65492,2.0533488,1.2544847,112.70541,0.5514397,0.19414222,2.6888309e-09,220.87401,1297.2623
1952.0833,110.16136,0.23590572,109.72182,0.67237067,0.031598434,228.76826,490.23303,241.74852,2.0706091,1.2785412,112.67419,0.54967654,0.22427484,2.7808404e-09,220.82306,1297.5962
1952.1667,110.13515,0.23402378,109.69913,0.67247856,0.031598564,228.86101,490.41803,241.84097,2.090935,1.3036053,112.64313,0.54429984,0.23587547,2.8901388e-09,220.77238,1297.93
1952.25,110.10844,0.23229429,109.67567,0.67259008,0.031598695,228.95723,490.60999,241.93692,2.1103363,1.210251,112.61134,0.53928727,0.24170801,2.9715281e-09,220.7206,1298.1567
1952.3333,110.08334,0.23141696,109.65221,0.67270154,0.031598829,229.05418,490.80344,242.03362,2.1296151,1.1038072,112.57674,0.53888464,0.24379459,3.0324103e-09,220.67126,1298.3727
1952.4167,110.05856,0.23071299,109.62875,0.67281306,0.031598963,229.15614,491.00729,242.13542,2.137521,1.1269338,112.54213,0.53284234,0.2953805,3.0338649e-09,220.62244,1298.728
1952.5,110.03325,0.22972806,109.60529,0.67292446,0.031599093,229.44595,491.59448,242.42749,2.1444311,1.0706103,112.509,0.53744054,0.063273363,2.465983e-09,220.5728,1299.7647
1952.5833,110.00558,0.22768854,109.58145,0.67303771,0.031599227,229.86803,492.45139,242.8531,2.178196,1.0336601,112.47651,0.55959123,0.062615968,2.1412641e-09,220.51936,1301.3803
1952.6667,109.97695,0.2249385,109.55798,0.67314911,0.031599361,230.24905,493.22461,243.237,2.1549854,1.1386228,112.44445,0.57144606,0.082242034,1.967349e-09,220.46461,1302.9134
1952.75,109.9468,0.22137617,109.53451,0.67326051,0.031599492,230.52054,493.77383,243.50989,2.1418588,1.2411318,112.41447,0.57054532,0.13824901,1.972541e-09,220.40755,1304.0092
1952.8333,109.91675,0.21787511,109.51102,0.67337185,0.031599626,230.65736,494.04852,243.64655,2.1541755,1.2807462,112.38483,0.56624103,0.21249574,2.1449151e-09,220.3506,1304.5228
1952.9167,109.88678,0.21442418,109.48751,0.67348319,0.031599756,230.76773,494.26932,243.75662,2.169347,1.313524,112.35519,0.56248301,0.77957851,2.2971789e-09,220.29379,1304.9256
1953,109.86005,0.2129129,109.46362,0.67359626,0.03159989,230.78456,494.29745,243.7715,2.1343827,1.2955929,112.33784,0.33003297,0.25007609,2.4680813e-09,220.24179,1304.8632
1953.0833,109.83755,0.21304069,109.44087,0.67370391,0.031600017,230.70795,494.13376,243.69127,2.0863218,1.2798607,112.33345,0.32368201,0.24603054,2.78107e-09,220.19676,1304.4294
1953.1667,109.81497,0.21312064,109.41814,0.6738115,0.031600144,230.6346,493.97678,243.61435,2.0418375,1.2652024,112.32903,0.3243145,0.23944123,3.0289351e-09,220.15164,1304.0134
1953.25,109.79154,0.21315674,109.39464,0.67392278,0.031600274,230.56631,493.8298,243.54243,2.0082052,1.2490444,112.32449,0.32558587,0.23340532,3.263573e-09,220.10486,1303.6252
1953.3333,109.76806,0.21316299,109.37115,0.67403394,0.031600408,230.5307,493.74945,243.50362,2.014837,0.99758387,112.32001,0.3258419,0.14966924,3.1730221e-09,220.058,1303.1742
1953.4167,109.74454,0.21314745,109.34766,0.67414516,0.031600539,230.7235,494.13492,243.69608,2.0416355,0.96236736,112.31552,0.33082017,0.02896812,2.5161415e-09,220.01111,1303.8851
1953.5,109.72094,0.21308096,109.32418,0.67425632,0.031600669,230.93938,494.56689,243.91156,2.0694323,0.89878565,112.31107,0.33225399,0.037312292,2.2389364e-09,219.96407,1304.6612
1953.5833,109.69707,0.2130753,109.30032,0.67436928,0.031600799,231.1689,495.02686,244.1407,2.095417,0.83841038,112.30663,0.3324891,0.040063687,2.0178241e-09,219.91641,1305.4933
1953.6667,109.67355,0.21305324,109.27684,0.67448038,0.03160093,231.36864,495.42636,244.33983,2.0572023,0.9388808,112.30228,0.33662999,0.045596123,1.8973563e-09,219.86954,1306.3028
1953.75,109.65007,0.21304139,109.25338,0.67459148,0.031601064,231.45906,495.60242,244.42818,2.0433075,1.0134054,112.29784,0.33637616,0.048899002,1.9788096e-09,219.82268,1306.6668
1953.8333,109.62679,0.21313611,109.22991,0.67470253,0.031601191,231.40759,495.48975,244.37326,2.0490127,1.0383132,112.29334,0.32715803,0.038608789,2.6146287e-09,219.77612,1306.4274
1953.9167,109.60347,0.21321273,109.20646,0.67481357,0.031601321,231.32892,495.32196,244.29097,2.023258,1.0452278,112.28875,0.32871976,0.21140565,3.0393124e-09,219.72955,1306.0286
1954,109.57637,0.21147077,109.18262,0.6749264,0.031601455,231.25264,495.15887,244.21104,1.9761652,1.0335231,112.26977,0.58293152,0.35390294,3.3242209e-09,219.67699,1305.579
1954.0833,109.54823,0.20855589,109.15993,0.67503375,0.031601582,231.18535,495.01456,244.14037,1.9561474,1.0404979,112.23775,0.57686752,0.40459284,2.8142448e-09,219.62335,1305.198
1954.1667,109.52168,0.20650591,109.13723,0.6751411,0.031601705,231.11929,494.87274,244.07095,1.9164565,1.0371146,112.20568,0.55888492,0.40707603,1.4467942e-09,219.57216,1304.7944
1954.25,109.49501,0.20479622,109.11375,0.67525202,0.031601835,231.06226,494.74902,244.01053,1.8888794,0.91056913,112.1722,0.55994427,0.44889113,6.7227068e-10,219.52042,1304.3138
1954.3333,109.4694,0.20365331,109.09028,0.67536294,0.031601965,231.02661,494.66885,243.97177,1.8834566,0.82917124,112.13652,0.56186801,0.37759534,4.2483303e-10,219.47031,1303.9867
1954.4167,109.44306,0.20212527,109.0668,0.67547381,0.031602096,231.24358,495.10358,244.18869,1.9049051,0.69750643,112.10085,0.58588725,0.082574554,2.9577268e-10,219.41907,1304.6582
1954.5,109.41387,0.1990719,109.04332,0.67558467,0.031602222,231.5233,495.66571,244.46889,1.9534705,0.63794363,112.06532,0.63239735,0.086209416,2.4534566e-10,219.36345,1305.6781
1954.5833,109.38013,0.19379312,109.01944,0.67569739,0.031602357,231.81528,496.25287,244.76126,2.0019929,0.62530816,112.02924,0.68558443,0.099043831,2.0750685e-10,219.30066,1306.7865
1954.6667,109.34421,0.18715805,108.99591,0.67580819,0.031602483,232.09828,496.82233,245.04468,2.0300422,0.63688922,111.99284,0.70607436,0.13101493,1.8424359e-10,219.2347,1307.8597
1954.75,109.30738,0.18004587,108.97236,0.675919,0.031602614,232.25127,497.12646,245.19647,1.9941677,0.6776244,111.95902,0.67923862,0.20677765,1.9357457e-10,219.1673,1308.3723
1954.8333,109.27059,0.17296219,108.94878,0.67602974,0.03160274,232.22556,497.06647,245.16762,2.0118723,0.68186605,111.92657,0.69589317,0.43341777,2.2439176e-10,219.09996,1308.1799
1954.9167,109.23349,0.1657262,108.92516,0.67614055,0.031602871,232.17996,496.966,245.11882,2.0026155,0.66567576,111.89235,0.68795604,0.83947062,2.3846058e-10,219.03212,1307.8576
1955,109.19795,0.15954627,108.90112,0.67625308,0.031603001,232.13504,496.86688,245.07069,1.9127173,0.59855133,111.85712,0.65639323,0.44059905,2.5154051e-10,218.96648,1307.4074
1955.0833,109.16698,0.1552061,108.87823,0.67636013,0.031603124,232.1022,496.79266,245.03491,1.7482554,0.51407284,111.82285,0.62388384,0.41499656,2.6087066e-10,218.90839,1306.9233
1955.1667,109.13952,0.15275133,108.85533,0.67646718,0.031603247,232.07376,496.72748,245.00357,1.6215961,0.46655682,111.78719,0.5919441,0.41956425,2.5360183e-10,218.85567,1306.5359
1955.25,109.11284,0.15114218,108.83165,0.67657787,0.031603377,232.04616,496.66364,244.97296,1.5528065,0.45652881,111.75141,0.56719762,0.40503725,2.1116053e-10,218.80382,1306.2473
1955.3333,109.08762,0.15031861,108.80796,0.67668849,0.031603504,232.0298,496.6228,244.95374,1.4905044,0.44072339,111.71547,0.55949485,0.37826741,1.688029e-10,218.75418,1306.0072
1955.4167,109.06328,0.14996088,108.78428,0.67679912,0.031603631,232.25015,497.06503,245.17429,1.449851,0.41857517,111.67894,0.55546463,0.084180057,1.2554119e-10,218.70593,1306.7428
1955.5,109.03857,0.1494102,108.7606,0.67690969,0.031603761,232.76822,498.11472,245.69627,1.4329555,0.38351575,111.64301,0.56514627,0.090125561,9.9310705e-11,218.65709,1308.6958
1955.5833,109.01408,0.14918043,108.73654,0.67702204,0.031603891,233.19553,498.9783,246.1257,1.4254794,0.35633954,111.60698,0.55232263,0.088625886,8.4226924e-11,218.60843,1310.2968
1955.6667,108.98923,0.1485472,108.71287,0.67713261,0.031604018,233.57013,499.73517,246.50203,1.4046681,0.36955634,111.57323,0.55095756,0.11320898,7.7933313e-11,218.55939,1311.7142
1955.75,108.96393,0.1476668,108.68919,0.67724311,0.031604145,233.83118,500.26083,246.7636,1.3898391,0.39238703,111.54173,0.54076201,0.17702444,8.5622703e-11,218.50963,1312.6892
1955.8333,108.93854,0.14673975,108.66553,0.67735362,0.031604271,233.81134,500.21338,246.74094,1.3694392,0.42483902,111.51019,0.54172719,0.29934919,1.0993121e-10,218.45975,1312.5298
1955.9167,108.91328,0.14588062,108.64185,0.67746407,0.031604398,233.7737,500.12985,246.70041,1.340467,0.45142728,111.47862,0.5309931,0.5779379,1.1884173e-10,218.41008,1312.2846
1956,108.88847,0.14547406,108.6178,0.6775763,0.031604528,233.74588,500.06616,246.66975,1.2876438,0.45364809,111.44645,0.52194232,0.42805228,1.2302606e-10,218.36092,1312.0304
1956.0833,108.8658,0.14559455,108.59491,0.67768312,0.031604651,233.722,500.01093,246.64325,1.2364666,0.46012473,111.41538,0.5130356,0.46049908,1.2812534e-10,218.31558,1311.8037
1956.1667,108.84409,0.14622094,108.57203,0.67778987,0.031604774,233.70268,499.96494,246.62132,1.1694474,0.45776725,111.38416,0.50202537,0.47586229,1.3318557e-10,218.27173,1311.572
1956.25,108.82239,0.1472695,108.54839,0.67790025,0.031604901,233.68799,499.92816,246.604,1.0552429,0.43103918,111.35253,0.48537374,0.43330559,1.3816889e-10,218.22754,1311.2866
1956.3333,108.80241,0.14923379,108.52475,0.67801058,0.031605024,233.68523,499.91565,246.59875,0.80426282,0.35941443,111.32163,0.44991019,0.36675668,1.4301633e-10,218.18599,1310.8709
1956.4167,108.78313,0.15156925,108.50113,0.67812091,0.031605151,233.70088,499.94049,246.61209,0.59536427,0.32821056,111.29524,0.41901109,0.3782739,1.455298e-10,218.14554,1310.6177
1956.5,108.76417,0.15406491,108.47753,0.67823124,0.031605277,234.01044,500.56506,246.92313,0.55988067,0.31471622,111.27047,0.42355725,0.22478621,1.1760344e-10,218.10561,1311.7493
1956.5833,108.74442,0.15633167,108.45357,0.6783433,0.031605408,234.76729,502.10226,247.68718,0.55816931,0.30767348,111.24444,0.44163811,0.27954105,9.3218544e-11,218.06427,1314.7314
1956.6667,108.72562,0.15889381,108.43,0.67845356,0.031605531,235.42398,503.43542,248.34959,0.54879373,0.29710752,111.21861,0.43395656,0.31587842,8.4117102e-11,218.02457,1317.298
1956.75,108.70591,0.16095158,108.40646,0.67856377,0.031605657,235.74962,504.09259,248.67662,0.50428897,0.28834829,111.1952,0.4260008,0.45018494,9.0967678e-11,217.98347,1318.4902
1956.8333,108.68575,0.16276401,108.38292,0.67867398,0.031605784,235.81793,504.22476,248.74313,0.48675987,0.28662738,111.17299,0.42553288,0.4478167,1.0744224e-10,217.94173,1318.674
1956.9167,108.66576,0.16465914,108.35941,0.67878413,0.031605911,235.842,504.26691,248.76505,0.45118311,0.28456467,111.15075,0.41438767,0.49315646,1.2214248e-10,217.90021,1318.6607
1957,108.64659,0.16719382,108.33552,0.67889613,0.031606037,235.86301,504.3028,248.78383,0.42082813,0.27745196,111.12804,0.39848304,0.38482028,1.3560343e-10,217.85979,1318.6357
1957.0833,108.62843,0.16963485,108.31281,0.67900264,0.031606156,235.89723,504.36603,248.81612,0.40686241,0.27487069,111.10643,0.40121022,0.39805767,1.3931054e-10,217.82147,1318.689
1957.1667,108.61092,0.17242193,108.29011,0.6791091,0.031606279,235.89252,504.40039,248.83484,0.38862136,0.27170813,111.08505,0.77249831,0.74921238,1.4380294e-10,217.78416,1318.6572
1957.25,108.59275,0.17525719,108.26666,0.67921919,0.031606402,235.84853,504.40628,248.84068,0.37473077,0.26236022,111.06253,0.80532396,0.77994686,1.4934458e-10,217.74548,1318.5407
1957.3333,108.57629,0.17900006,108.24324,0.67932928,0.031606529,235.80919,504.42236,248.85161,0.33860332,0.2388531,111.03786,0.79797298,0.74595892,1.5302951e-10,217.70947,1318.408
1957.4167,108.56066,0.18317233,108.21984,0.67943931,0.031606652,235.7953,504.49075,248.8885,0.31565318,0.23150972,111.01543,0.79260159,0.66958743,1.508615e-10,217.67473,1318.4118
1957.5,108.5443,0.18693635,108.19647,0.67954934,0.031606779,236.18352,505.43719,249.36177,0.33731616,0.20976605,110.99439,1.334927,1.0295024,1.1683324e-10,217.63885,1320.1628
1957.5833,108.52287,0.18815319,108.17273,0.6796611,0.031606905,236.52753,506.36893,249.82996,0.37404978,0.21542275,110.97326,1.4883041,1.1188639,1.0752838e-10,217.59502,1321.8841
1957.6667,108.5023,0.1896248,108.14939,0.67977107,0.031607028,236.77568,507.0864,250.19171,0.39917493,0.23371519,110.95279,1.4293861,1.1367264,1.0192906e-10,217.55267,1323.1921
1957.75,108.48241,0.191468,108.12606,0.67988098,0.031607151,236.86052,507.43558,250.37021,0.37116328,0.25600669,110.93455,1.2973994,1.1138694,1.0196669e-10,217.51143,1323.7395
1957.8333,108.46207,0.19305579,108.10275,0.67999095,0.031607278,236.81013,507.48285,250.39886,0.3839086,0.26902607,110.91768,1.2529888,1.1113087,1.0883444e-10,217.46947,1323.7319
1957.9167,108.442,0.19478866,108.07944,0.6801008,0.031607401,236.72478,507.44244,250.38399,0.39026499,0.28095189,110.90076,1.2221775,1.0664703,1.172946e-10,217.42793,1323.5511
1958,108.42154,0.19650026,108.05578,0.6802125,0.031607527,236.64932,507.39175,250.36337,0.40233642,0.29473072,110.88269,0.98188525,0.79458886,1.2771391e-10,217.38564,1323.3698
1958.0833,108.40236,0.19828238,108.03327,0.68031871,0.031607646,236.59943,507.36212,250.35237,0.40822041,0.3054665,110.86531,0.94417733,0.7941128,1.3375817e-10,217.34583,1323.2387
1958.1667,108.38369,0.20033371,108.01077,0.68042493,0.031607766,236.55286,507.33517,250.3427,0.41294658,0.31385654,110.84795,0.94083226,0.82355314,1.3880952e-10,217.30681,1323.1124
1958.25,108.36427,0.20238194,107.98753,0.68053472,0.031607889,236.49925,507.29263,250.32539,0.41692066,0.3182559,110.83013,0.94220638,0.83664644,1.4257309e-10,217.26634,1322.9489
1958.3333,108.34512,0.20456253,107.9643,0.68064451,0.031608012,236.43764,507.22995,250.29817,0.42747542,0.27798748,110.81085,0.96312994,0.80776197,1.4544804e-10,217.22623,1322.7083
1958.4167,108.32642,0.2069732,107.94109,0.6807543,0.031608135,236.44601,507.30817,250.34076,0.44932133,0.28120658,110.78963,0.98837447,0.64555693,1.3884609e-10,217.18684,1322.8019
1958.5,108.30655,0.20874004,107.9179,0.68086398,0.031608257,236.82695,508.17477,250.77583,0.48925814,0.27523056,110.76898,1.5583227,1.0607853,1.1126693e-10,217.14566,1324.4567
1958.5833,108.28611,0.21039949,107.89434,0.6809755,0.031608384,237.13364,508.90384,251.14398,0.53508061,0.28790072,110.74594,1.617837,1.1674761,1.0426299e-10,217.10341,1325.8538
1958.6667,108.26646,0.21227486,107.87118,0.68108517,0.031608507,237.35773,509.44162,251.41698,0.56329924,0.30925062,110.72331,1.5471305,1.1169372,9.7273425e-11,217.06261,1326.8748
1958.75,108.24534,0.21335681,107.84803,0.68119484,0.03160863,237.54727,509.88034,251.63997,0.55090135,0.34033737,110.70555,1.3208313,1.0622891,1.1364206e-10,217.01955,1327.6839
1958.8333,108.22358,0.2140945,107.82488,0.68130445,0.031608753,237.68034,510.18054,251.79375,0.56630415,0.34786367,110.68974,1.2791278,1.1929411,1.2627203e-10,216.97548,1328.234
1958.9167,108.20153,0.21467164,107.80175,0.68141407,0.031608876,237.78682,510.41055,251.91264,0.57247448,0.35281536,110.67378,1.2515907,1.1918408,1.3367456e-10,216.93098,1328.6401
1959,108.17883,0.21509552,107.77824,0.68152547,0.031608999,237.90324,510.64682,252.03436,0.58406311,0.36266577,110.65741,1.1001087,0.95745277,1.4099949e-10,216.8853,1329.0739
1959.0833,108.15705,0.21540925,107.75588,0.68163145,0.031609118,238.03061,510.89664,252.16191,0.58878595,0.36705363,110.64185,1.0188597,0.97185701,1.4538498e-10,216.84158,1329.5285
1959.1667,108.13554,0.21585821,107.73353,0.68173742,0.031609237,238.16219,511.14844,252.29036,0.58549541,0.3660861,110.62564,1.0169529,0.965455,1.4859609e-10,216.79828,1329.9764
1959.25,108.11409,0.21674183,107.71043,0.68184692,0.031609356,238.29962,511.40479,252.42134,0.58309251,0.34273079,110.60707,1.0173357,0.86610049,1.5292471e-10,216.75473,1330.4134
1959.3333,108.09443,0.21857025,107.68733,0.68195641,0.031609479,238.44055,511.66116,252.55247,0.58450758,0.35179693,110.58559,1.018326,0.84522927,1.5691666e-10,216.71391,1330.8899
1959.4167,108.07617,0.22114475,107.66426,0.6820659,0.031609602,238.60094,511.95023,252.69994,0.57916129,0.36678967,110.56351,1.0129147,0.70043463,1.5581959e-10,216.67526,1331.4358
1959.5,108.05798,0.22374393,107.6412,0.68217534,0.031609721,239.05869,512.82556,253.13924,0.60950536,0.3549397,110.54211,1.4405013,0.76860183,1.2940403e-10,216.63673,1333.1668
1959.5833,108.03905,0.22613099,107.61778,0.68228656,0.031609844,239.53345,513.69397,253.5766,0.66032714,0.36637998,110.51765,1.5777118,0.9103027,1.6363674e-10,216.59686,1334.9452
1959.6667,108.01985,0.22816764,107.59476,0.68239594,0.031609967,239.93085,514.37939,253.92339,0.69408286,0.42547545,110.49371,1.5086274,0.99134862,3.5597561e-10,216.55679,1336.4037
1959.75,107.9996,0.22962962,107.57175,0.68250531,0.03161009,240.21135,514.81787,254.14728,0.71076965,0.47083622,110.47192,1.3301704,1.1218147,6.4153949e-10,216.51511,1337.3452
1959.8333,107.97874,0.23077162,107.54876,0.68261468,0.031610209,240.32217,514.95343,254.2187,0.72325623,0.48103642,110.45021,0.84556305,0.75714988,8.4474328e-10,216.4725,1337.6213
1959.9167,107.95778,0.23184691,107.52577,0.682724,0.031610332,240.44397,515.13654,254.31271,0.72573036,0.48206261,110.42896,0.81013989,0.80990517,9.0157831e-10,216.42973,1337.9596
1960,107.93719,0.23332198,107.50242,0.6828351,0.031610455,240.55978,515.30939,254.40169,0.72664195,0.48103973,110.40666,0.79269087,0.63757741,9.7175612e-10,216.38739,1338.2725
1960.0833,107.91793,0.23488851,107.48021,0.68294078,0.031610571,240.67725,515.48706,254.49287,0.73441255,0.48821136,110.38504,0.79214823,0.72176623,1.0207142e-09,216.34758,1338.6124
1960.1667,107.89862,0.23642638,107.45802,0.68304646,0.031610686,240.79619,515.66754,254.58546,0.74092907,0.49342117,110.36336,0.78274328,0.68588597,1.0596181e-09,216.30772,1338.9546
1960.25,107.87894,0.23815764,107.43508,0.68315572,0.031610809,240.91585,515.84906,254.67848,0.74651283,0.46022421,110.34013,0.76703042,0.66879106,1.1163946e-09,216.26695,1339.2572
1960.3333,107.86034,0.24045512,107.41216,0.68326491,0.031610928,241.03723,516.03418,254.77327,0.75688469,0.4528777,110.31438,0.77486461,0.63443291,1.1613953e-09,216.22783,1339.5966
1960.4167,107.84192,0.24284142,107.38926,0.68337411,0.031611048,241.24954,516.40302,254.95912,0.76708668,0.45116231,110.28867,0.81796741,0.4633413,1.0779785e-09,216.18903,1340.3077
1960.5,107.82292,0.24491295,107.36637,0.6834833,0.031611167,241.80653,517.42285,255.46944,0.80428851,0.43047798,110.26301,1.3349328,0.74439842,8.7654317e-10,216.14931,1342.3459
1960.5833,107.80223,0.24626879,107.34312,0.68359423,0.03161129,242.35257,518.3764,255.94321,0.85178167,0.43649244,110.23595,1.2026997,0.64397991,7.8262341e-10,216.10684,1344.3033
1960.6667,107.7808,0.24703054,107.32027,0.68370336,0.031611409,242.74947,519.0907,256.27115,0.85413641,0.48667675,110.20895,0.95263416,0.4761267,7.7193402e-10,216.06342,1345.7246
1960.75,107.75872,0.24743827,107.29742,0.68381244,0.031611532,243.0009,519.50867,256.46475,0.83869177,0.52479982,110.18455,0.93815964,0.55640674,9.4752395e-10,216.019,1346.5414
1960.8333,107.73692,0.24799019,107.27457,0.68392152,0.031611651,243.10031,519.64398,256.53384,0.85108131,0.55040944,110.16052,0.65277743,0.34050569,1.1855968e-09,215.97501,1346.8151
1960.9167,107.71581,0.24890941,107.25173,0.68403053,0.03161177,243.18639,519.77283,256.60095,0.87015575,0.56938028,110.13666,0.65321684,0.53510624,1.3358609e-09,215.9321,1347.0685
1961,107.69498,0.25017506,107.22853,0.6841414,0.03161189,243.28665,519.92786,256.68115,0.88177586,0.57996595,110.11156,0.65417504,0.46226868,1.4112668e-09,215.88945,1347.3583
1961.0833,107.67563,0.25161776,107.20647,0.68424678,0.031612005,243.37645,520.06696,256.75317,0.88910514,0.5927248,110.0871,0.61711484,0.4889726,1.5147635e-09,215.84958,1347.6151
1961.1667,107.65714,0.25351095,107.18441,0.68435222,0.031612121,243.45476,520.18903,256.81641,0.87530386,0.59446454,110.06226,0.59515017,0.48500443,1.7371284e-09,215.81104,1347.8033
1961.25,107.63816,0.25553456,107.16163,0.68446118,0.03161224,243.5433,520.32941,256.88889,0.86329359,0.57458746,110.03648,0.61864424,0.48977891,1.9170348e-09,215.77141,1348.0073
1961.3333,107.62041,0.25819913,107.13885,0.68457013,0.031612359,243.64954,520.50275,256.97791,0.85457951,0.54350322,110.0082,0.6303795,0.3927978,1.8086025e-09,215.73364,1348.2701
1961.4167,107.60381,0.26146922,107.11611,0.68467903,0.031612478,244.01407,521.19452,257.32443,0.84561592,0.52029109,109.98006,0.80403119,0.39001012,1.3987281e-09,215.69768,1349.5767
1961.5,107.58777,0.26502016,107.09338,0.68478793,0.031612597,244.56796,522.22693,257.8364,0.85819823,0.49885595,109.95128,0.97787166,0.49908623,1.190389e-09,215.66257,1351.6023
1961.5833,107.57307,0.26946369,107.07031,0.68489856,0.031612717,245.06874,523.15448,258.28262,0.89940625,0.5056833,109.91599,0.91157472,0.42571416,1.0804732e-09,215.62936,1353.4563
1961.6667,107.55829,0.27365029,107.04764,0.68500739,0.031612836,245.42677,523.8078,258.58746,0.93367863,0.52823508,109.88037,0.84371179,0.38129622,1.018071e-09,215.59621,1354.7605
1961.75,107.5418,0.27691874,107.02499,0.68511623,0.031612955,245.70908,524.3222,258.82407,0.89663351,0.57167703,109.8476,0.73108995,0.32568297,1.1336251e-09,215.56044,1355.7317
1961.8333,107.52386,0.27940595,107.00236,0.68522501,0.031613071,245.82132,524.50806,258.91183,0.92888248,0.59694785,109.81677,0.61458319,0.25445256,1.3513328e-09,215.52248,1356.1063
1961.9167,107.50563,0.28172442,106.97974,0.68533379,0.03161319,245.91876,524.6712,258.99356,0.95534503,0.62033701,109.78571,0.60556537,0.32906386,1.5018655e-09,215.48404,1356.4289
1962,107.48779,0.28444695,106.95678,0.68544436,0.031613309,245.89877,524.5946,258.95749,0.97072536,0.63294822,109.75217,0.63017327,0.30956483,1.6612631e-09,215.44608,1356.2528
1962.0833,107.47105,0.28715202,106.93494,0.6855495,0.031613424,245.77486,524.30725,258.81833,0.98901254,0.65345395,109.71893,0.65459502,0.36565128,1.7672216e-09,215.41031,1355.6721
1962.1667,107.45429,0.2898308,106.91313,0.68565464,0.03161354,245.65497,524.03052,258.68536,1.0020598,0.67214906,109.68562,0.66101688,0.387815,1.8270263e-09,215.37453,1355.1052
1962.25,107.43745,0.29284513,106.89059,0.6857633,0.031613655,245.53081,523.74817,258.54962,1.016344,0.65196723,109.65096,0.66538727,0.3349725,1.7860999e-09,215.33826,1354.4861
1962.3333,107.42126,0.2961984,106.86808,0.68587196,0.031613775,245.42883,523.51422,258.43787,1.0539161,0.63676119,109.61403,0.69653749,0.26553905,1.5173767e-09,215.30302,1353.9885
1962.4167,107.40412,0.29902804,106.84558,0.68598062,0.03161389,245.57704,523.79254,258.58041,1.0914668,0.62575752,109.57786,0.85904247,0.31697679,1.1756943e-09,215.26633,1354.5114
1962.5,107.38461,0.30058223,106.8231,0.68608922,0.031614009,245.80974,524.23145,258.79611,1.1419865,0.64003575,109.54442,1.0015794,0.42453954,1.0233254e-09,215.22601,1355.3897
1962.5833,107.36446,0.30200663,106.80027,0.68619961,0.031614129,246.03511,524.66345,258.98892,1.1957718,0.66305643,109.51113,0.87873602,0.33380949,9.3548957e-10,215.18456,1356.242
1962.6667,107.34348,0.30278474,106.77782,0.68630821,0.031614244,246.16017,524.89746,259.08203,1.2260411,0.7217856,109.47919,0.84679502,0.31767279,8.8801655e-10,215.14201,1356.7086
1962.75,107.32082,0.30266821,106.75537,0.68641675,0.031614359,246.17456,524.90863,259.06851,1.2497982,0.78171253,109.44965,0.83101439,0.30143794,9.3784058e-10,215.09688,1356.7298
1962.8333,107.29683,0.30185518,106.73293,0.68652523,0.031614479,246.04266,524.6236,258.92453,1.2914009,0.80848169,109.42008,0.70721644,0.23282534,1.1820046e-09,215.04974,1356.1606
1962.9167,107.27395,0.30163762,106.71048,0.68663377,0.031614594,245.88692,524.29547,258.76559,1.3117657,0.82544422,109.38997,0.61067039,0.22942129,1.4720765e-09,215.00432,1355.4794
1963,107.25191,0.3020477,106.68768,0.68674397,0.031614713,245.73676,523.98114,258.61319,1.3069167,0.82242233,109.35939,0.64380729,0.24464212,5.3384508e-10,214.95999,1354.7797
1963.0833,107.23021,0.30203864,106.66598,0.68684888,0.031614825,245.6087,523.71381,258.48438,1.3088939,0.83311445,109.3304,0.65294427,0.30481303,1.842362e-10,214.91669,1354.196
1963.1667,107.20895,0.30227229,106.64429,0.68695378,0.031614937,245.48148,523.44977,258.35706,1.2988056,0.83357853,109.30145,0.66184705,0.34508005,8.4234515e-11,214.87408,1353.5962
1963.25,107.18715,0.30259791,106.62186,0.6870622,0.031615052,245.35751,523.19385,258.23404,1.2870852,0.77125734,109.2709,0.68535089,0.34902132,5.9530381e-11,214.83028,1352.945
1963.3333,107.16709,0.30383801,106.59946,0.68717057,0.031615172,245.2397,522.95203,258.11816,1.286737,0.75226998,109.23576,0.71009231,0.35142612,5.5020218e-11,214.78917,1352.3738
1963.4167,107.14729,0.30521083,106.57706,0.68727893,0.031615287,245.26303,523.00159,258.14703,1.3049498,0.75045705,109.19952,0.81684905,0.26183888,4.2572581e-11,214.74846,1352.415
1963.5,107.12629,0.305942,106.55466,0.68738729,0.031615403,245.43616,523.36395,258.33627,1.3449219,0.74782109,109.16353,1.2810099,0.58972734,3.1342602e-11,214.7059,1353.0986
1963.5833,107.10308,0.30569443,106.53191,0.68749738,0.031615518,245.62854,523.75775,258.52151,1.402061,0.76082242,109.12746,1.0143752,0.39885229,2.7015742e-11,214.65981,1353.858
1963.6667,107.07899,0.30478868,106.50954,0.68760568,0.031615634,245.80754,524.12012,258.6745,1.4287361,0.81251752,109.09298,0.99006653,0.38577408,2.4141767e-11,214.61253,1354.549
1963.75,107.05198,0.30233955,106.48715,0.68771392,0.031615749,245.84966,524.20142,258.69357,1.4540392,0.85910875,109.06213,0.91418368,0.36199543,2.748606e-11,214.56079,1354.6807
1963.8333,107.0238,0.29928827,106.46476,0.68782222,0.031615864,245.72223,523.93585,258.56024,1.493269,0.88836384,109.03168,0.71769351,0.27390075,4.5319498e-11,214.50728,1354.1389
1963.9167,106.99892,0.29797742,106.44236,0.68793041,0.03161598,245.5795,523.64026,258.41733,1.4889919,0.89919287,109.00095,0.66760933,0.30321729,4.4937193e-11,214.4588,1353.4851
1964,106.97485,0.29729414,106.41959,0.68804044,0.031616099,245.44937,523.37219,258.28848,1.4569677,0.88401741,108.98341,0.49856433,0.18204787,3.6716959e-11,214.41139,1352.8458
1964.0833,106.95266,0.2970134,106.39793,0.68814504,0.031616211,245.32916,523.12573,258.17014,1.4080838,0.86237693,108.97981,0.49543816,0.20014261,3.4302582e-11,214.36737,1352.2427
1964.1667,106.93051,0.29675218,106.37627,0.68824965,0.031616319,245.21255,522.88776,258.05591,1.3528643,0.8315782,108.9762,0.49854606,0.244367,3.283309e-11,214.32341,1351.6403
1964.25,106.90758,0.29646438,106.35388,0.68835777,0.031616434,245.09596,522.65094,257.94238,1.3104826,0.74801493,108.9725,0.50641859,0.28151202,3.1988901e-11,214.27789,1350.998
1964.3333,106.88458,0.29614317,106.3315,0.68846589,0.03161655,244.98489,522.42676,257.83524,1.2935247,0.70270485,108.96879,0.52830535,0.30773452,3.1860008e-11,214.2323,1350.4441
1964.4167,106.86147,0.29575527,106.30911,0.68857402,0.031616665,244.94722,522.35541,257.80423,1.3019984,0.69713873,108.9651,0.57222515,0.24484925,2.7110293e-11,214.18652,1350.2576
1964.5,106.83825,0.29530868,106.28674,0.68868208,0.031616777,245.19551,522.87952,258.07138,1.3414265,0.66584963,108.96162,0.91400939,0.41491586,1.7309898e-11,214.14058,1351.2559
1964.5833,106.81455,0.29479823,106.26399,0.68879187,0.031616896,245.47813,523.46033,258.36115,1.3756982,0.62557828,108.9575,0.32053939,0.041949749,1.4871148e-11,214.09377,1352.3521
1964.6667,106.79152,0.29445192,106.24162,0.68889993,0.031617008,245.76787,524.04761,258.65247,1.3925681,0.59688967,108.95399,0.32024944,0.047038186,1.2414322e-11,214.0481,1353.4596
1964.75,106.76846,0.29408273,106.21925,0.68900794,0.031617124,245.97426,524.46387,258.85913,1.3896015,0.60391468,108.95058,0.31981885,0.057702385,1.2783223e-11,214.00241,1354.2438
1964.8333,106.74549,0.29377079,106.19688,0.68911588,0.031617239,245.93533,524.37756,258.81693,1.4015633,0.59976327,108.94716,0.31259203,0.076991729,2.1545541e-11,213.95688,1354.0352
1964.9167,106.7229,0.29365543,106.17451,0.68922383,0.031617351,245.81261,524.12378,258.69208,1.3805807,0.61774158,108.94361,0.40963095,0.25292873,3.1506735e-11,213.91191,1353.4822
1965,106.69974,0.29342532,106.15179,0.68933356,0.031617466,245.67162,523.84418,258.556,1.3480096,0.62569636,108.93986,0.49158362,0.23684402,3.0241479e-11,213.86591,1352.8513
1965.0833,106.6776,0.29315084,106.13017,0.68943793,0.031617578,245.5451,523.59607,258.43573,1.2945307,0.62637925,108.93626,0.49394619,0.25519478,2.8705214e-11,213.82198,1352.2561
1965.1667,106.65548,0.29289088,106.10854,0.68954229,0.031617686,245.42297,523.3573,258.32004,1.2530183,0.62895131,108.93266,0.5044812,0.30504304,2.7783963e-11,213.77808,1351.693
1965.25,106.63254,0.29257596,106.0862,0.68965012,0.031617802,245.30583,523.13086,258.21072,1.2284985,0.63579524,108.92895,0.5240624,0.379403,2.7678242e-11,213.73259,1351.1732
1965.3333,106.60963,0.29227677,106.06385,0.689758,0.031617913,245.19478,522.91821,258.10831,1.2063894,0.55004907,108.92525,0.53474724,0.41894132,2.7647832e-11,213.68713,1350.5901
1965.4167,106.58665,0.29193905,106.0415,0.68986583,0.031618025,245.13492,522.81293,258.05933,1.197094,0.55418956,108.92155,0.57868576,0.34518513,2.4584952e-11,213.64157,1350.3216
1965.5,106.56355,0.29153183,106.01917,0.68997359,0.031618141,245.45329,523.47644,258.38989,1.2267754,0.52287364,108.91771,0.37515438,0.064375326,1.5032415e-11,213.59583,1351.5828
1965.5833,106.54001,0.29108682,105.99647,0.69008315,0.031618256,245.88251,524.35065,258.82346,1.2574433,0.47672966,108.91393,0.32146007,0.046551108,1.2050947e-11,213.54926,1353.2541
1965.6667,106.51707,0.29076767,105.97413,0.69019091,0.031618368,246.23871,525.07495,259.18256,1.2817086,0.45716241,108.91035,0.32115847,0.060528606,1.0813981e-11,213.50378,1354.6492
1965.75,106.49408,0.29041827,105.9518,0.69029862,0.03161848,246.36169,525.32086,259.30472,1.2746093,0.52073431,108.90689,0.3194541,0.085542537,1.4736504e-11,213.45821,1355.1478
1965.8333,106.47128,0.29016593,105.92947,0.69040632,0.031618591,246.27457,525.13647,259.2139,1.2824001,0.54876846,108.90338,0.31223422,0.12172867,2.2491019e-11,213.41293,1354.7724
1965.9167,106.44841,0.28987876,105.90715,0.69051403,0.031618703,246.19212,524.96191,259.12793,1.2759467,0.5661394,108.89977,0.31310549,0.43275666,2.407009e-11,213.36758,1354.3914
1966,106.42527,0.28964195,105.88447,0.69062346,0.031618819,246.10117,524.76978,259.03326,1.2205344,0.54631519,108.89605,0.31037399,0.24809748,2.5323316e-11,213.32162,1353.8889
1966.0833,106.40324,0.28940713,105.86288,0.69072753,0.031618927,246.01248,524.58264,258.94104,1.1835238,0.5430519,108.89247,0.31137383,0.27557626,2.5681983e-11,213.27789,1353.433
1966.1667,106.38117,0.28914702,105.8413,0.69083166,0.031619035,245.92944,524.40698,258.85449,1.1387244,0.53409165,108.88889,0.31092665,0.27283445,2.5690566e-11,213.23407,1352.9868
1966.25,106.35838,0.28888911,105.81899,0.69093925,0.031619146,245.84502,524.22833,258.76648,1.0946767,0.49945235,108.88519,0.31119096,0.31122157,2.5744601e-11,213.1888,1352.508
1966.3333,106.33555,0.28861547,105.79669,0.69104677,0.031619258,245.76633,524.06128,258.68427,1.0425655,0.45750833,108.8815,0.3116011,0.35292801,2.5720127e-11,213.14351,1352.0371
1966.4167,106.31268,0.28831604,105.77439,0.69115436,0.03161937,245.71651,523.95349,258.63138,0.98324239,0.44197544,108.87781,0.31361136,0.2504881,2.4244594e-11,213.09816,1351.7026
1966.5,106.28967,0.28793699,105.75209,0.69126189,0.031619482,246.04755,524.62622,258.96533,0.98007172,0.39334217,108.87413,0.32215789,0.031285513,1.4463181e-11,213.05258,1352.9393
1966.5833,106.2662,0.28750253,105.72943,0.69137114,0.031619597,246.5488,525.6474,259.47177,1.0091746,0.37340972,108.87042,0.32292223,0.039109595,1.1371534e-11,213.00613,1354.9271
1966.6667,106.24329,0.28717157,105.70714,0.69147861,0.031619709,246.93037,526.42297,259.85638,1.0131027,0.37767231,108.86693,0.32254678,0.045338605,1.010898e-11,212.96069,1356.4281
1966.75,106.22033,0.28682044,105.68485,0.69158608,0.031619821,247.18108,526.93048,260.10812,1.0261176,0.39040801,108.86353,0.32202068,0.060605064,1.0938824e-11,212.91521,1357.4149
1966.8333,106.19742,0.28648674,105.66257,0.69169348,0.031619933,247.13855,526.83704,260.06235,1.0449429,0.41310832,108.86012,0.31796086,0.11286547,1.6092079e-11,212.86978,1357.2259
1966.9167,106.17456,0.28618467,105.64029,0.69180095,0.031620041,247.06273,526.67584,259.98306,1.0473629,0.42430884,108.85668,0.31559512,0.54074311,1.808642e-11,212.82446,1356.8745
1967,106.15134,0.28588268,105.61765,0.69191009,0.031620156,246.98488,526.51031,259.9017,1.0126659,0.40501159,108.8531,0.31655672,0.32298321,2.1122607e-11,212.7784,1356.4461
1967.0833,106.12932,0.28562599,105.5961,0.69201392,0.03162026,246.91484,526.36115,259.82837,0.9915418,0.40379804,108.84962,0.31411901,0.31962362,2.2674569e-11,212.73468,1356.0841
1967.1667,106.10734,0.28539571,105.57456,0.69211775,0.031620368,246.84514,526.21271,259.75534,0.94407916,0.38968721,108.84609,0.31370237,0.31258601,2.3368642e-11,212.69102,1355.6841
1967.25,106.08459,0.28514439,105.55229,0.6922251,0.03162048,246.77731,526.06787,259.68417,0.88496715,0.36706993,108.84244,0.31382012,0.30398044,2.3545157e-11,212.64587,1355.2698
1967.3333,106.06182,0.28487328,105.53003,0.69233239,0.031620592,246.71773,525.94,259.62137,0.83713549,0.33945552,108.83877,0.31494206,0.28686503,2.3523553e-11,212.60068,1354.8951
1967.4167,106.03902,0.28458515,105.50777,0.69243968,0.0316207,246.82062,526.14563,259.72379,0.82131535,0.32969233,108.83511,0.31685778,0.089640595,1.7666995e-11,212.55542,1355.2316
1967.5,106.01596,0.28416109,105.48551,0.6925469,0.031620812,247.29077,527.10468,260.19931,0.81749862,0.30528641,108.83148,0.32694775,0.052976433,1.1757827e-11,212.50981,1357.0588
1967.5833,105.99272,0.28382999,105.46289,0.69265592,0.031620923,247.79536,528.13422,260.70935,0.80217683,0.28581354,108.8279,0.32464856,0.04899887,9.7064553e-12,212.46371,1359.0185
1967.6667,105.96982,0.28348559,105.44064,0.69276309,0.031621035,248.2101,528.97955,261.12817,0.79144776,0.30221194,108.82449,0.32757756,0.053159766,8.8044129e-12,212.41832,1360.6544
1967.75,105.94696,0.28316182,105.4184,0.69287032,0.031621143,248.42549,529.41516,261.34424,0.80287486,0.32445267,108.82103,0.3273856,0.067982912,1.0334749e-11,212.37302,1361.5062
1967.8333,105.92446,0.28302887,105.39615,0.69297743,0.031621255,248.35834,529.27191,261.27374,0.80410188,0.34169543,108.81746,0.31178215,0.25700939,1.6287478e-11,212.32823,1361.1956
1967.9167,105.90215,0.28299558,105.37392,0.6930846,0.031621363,248.25031,529.04517,261.16187,0.7717309,0.33544016,108.81371,0.31182697,0.49535441,2.3863538e-11,212.28377,1360.662
1968,105.87914,0.28277725,105.35132,0.6931935,0.031621475,248.1597,528.85406,261.06763,0.72461319,0.31495428,108.79361,0.51689452,0.46579453,2.4679474e-11,212.23804,1360.1526
1968.0833,105.85831,0.28313875,105.32981,0.69329703,0.031621579,248.07668,528.67871,260.9812,0.69037759,0.3088454,108.75854,0.51058549,0.47774133,2.4872552e-11,212.19618,1359.6905
1968.1667,105.83884,0.28420934,105.30832,0.69340062,0.031621687,247.99461,528.50531,260.89572,0.65607053,0.30078906,108.72266,0.50021338,0.48074144,2.514689e-11,212.15639,1359.2315
1968.25,105.81956,0.28575897,105.28611,0.69350767,0.031621795,247.91287,528.33228,260.81046,0.6208607,0.28559247,108.68542,0.49393877,0.47571427,2.5391089e-11,212.11655,1358.764
1968.3333,105.80159,0.28799725,105.26392,0.69361472,0.031621903,247.84111,528.17975,260.73538,0.55213398,0.25638613,108.6466,0.48525864,0.45485353,2.5591916e-11,212.07874,1358.2901
1968.4167,105.78391,0.29037359,105.24174,0.69372171,0.031622015,247.84259,528.17767,260.7348,0.52145833,0.24967085,108.60883,0.48282734,0.35280529,2.2680881e-11,212.04137,1358.1765
1968.5,105.76514,0.29216734,105.21958,0.6938287,0.031622123,248.28217,529.07507,261.17975,0.53524536,0.23529749,108.57164,0.51688802,0.21457867,1.3560555e-11,212.00233,1359.8815
1968.5833,105.74472,0.29326668,105.19707,0.69393742,0.031622235,248.79622,530.12408,261.69977,0.56227469,0.23192406,108.53333,0.52619052,0.22235894,1.062197e-11,211.9606,1361.9082
1968.6667,105.7241,0.2940709,105.17493,0.69404435,0.031622343,249.04755,530.63196,261.9519,0.57331717,0.25291872,108.49611,0.53181791,0.34278122,9.6693764e-12,211.91875,1362.8724
1968.75,105.70199,0.29407981,105.15279,0.69415128,0.031622451,249.08971,530.71173,261.99194,0.5688768,0.27326366,108.46153,0.52859348,0.51326293,1.2069427e-11,211.87463,1362.9718
1968.8333,105.67922,0.29374203,105.13067,0.69425815,0.031622559,249.04741,530.61932,261.94666,0.57083875,0.27877617,108.42755,0.53086364,0.52498507,1.4973064e-11,211.82951,1362.72
1968.9167,105.65675,0.29356739,105.10854,0.69436502,0.031622667,248.97948,530.47449,261.87546,0.56944382,0.28235215,108.39346,0.51595658,0.65501553,1.9475411e-11,211.78485,1362.3595
1969,105.63393,0.29339242,105.08606,0.69447362,0.031622779,248.90845,530.3233,261.80109,0.55285341,0.27401048,108.37428,0.32162923,0.34994462,2.2904626e-11,211.73949,1361.9735
1969.0833,105.61206,0.29313898,105.06467,0.69457698,0.031622883,248.84369,530.18518,261.73318,0.53274095,0.26884252,108.37083,0.31330246,0.35389462,2.3700259e-11,211.69606,1361.6305
1969.1667,105.59028,0.29293221,105.04328,0.69468027,0.031622987,248.77658,530.0423,261.66287,0.50408798,0.25687131,108.36736,0.31209376,0.35305923,2.41458e-11,211.65279,1361.2628
1969.25,105.56782,0.29274914,105.02117,0.69478703,0.031623095,248.70636,529.89282,261.58932,0.45132554,0.21378681,108.36375,0.31077576,0.31933191,2.4477462e-11,211.60815,1360.8255
1969.3333,105.54581,0.29281044,104.99907,0.69489378,0.031623203,248.6371,529.78595,261.53745,0.3288734,0.16280627,108.36036,0.63092941,0.54386371,2.314806e-11,211.56421,1360.3767
1969.4167,105.52349,0.29269695,104.97697,0.69500053,0.031623311,248.88066,530.40149,261.8447,0.34210327,0.14996853,108.35708,1.107676,0.88337338,1.4363289e-11,211.51978,1361.4958
1969.5,105.49973,0.29180223,104.95487,0.69510728,0.031623419,249.0623,530.99451,262.14322,0.37172538,0.15031806,108.35371,1.4062117,1.1237143,1.154314e-11,211.47313,1362.549
1969.5833,105.47641,0.29134402,104.93241,0.6952157,0.031623527,249.06419,531.21423,262.25708,0.39732701,0.16440037,108.35027,1.3605955,1.1223758,9.8843954e-12,211.427,1362.8745
1969.6667,105.45358,0.2909551,104.91032,0.69532239,0.031623635,249.0882,531.45435,262.3808,0.40070167,0.20471185,108.34698,1.3695017,1.1799113,9.1412971e-12,211.38179,1363.2576
1969.75,105.43084,0.29060635,104.88823,0.69542903,0.031623743,249.08853,531.62219,262.4686,0.40991482,0.2095179,108.34361,1.2928834,1.2057908,8.9392504e-12,211.33673,1363.4792
1969.8333,105.40813,0.2902756,104.86614,0.69553566,0.031623852,249.02524,531.60565,262.46381,0.41063058,0.21096614,108.33985,0.71477699,0.68168676,1.5828307e-11,211.29172,1363.3479
1969.9167,105.38649,0.29052645,104.84406,0.69564223,0.031623956,248.88617,531.35297,262.34006,0.39725795,0.20440835,108.33614,0.52348113,0.53504783,2.5107659e-11,211.24837,1362.7654
1970,105.36816,0.29271254,104.82162,0.69575059,0.031624068,248.74411,531.08472,262.20834,0.37845051,0.19572496,108.31808,0.52746367,0.47422323,2.8070509e-11,211.20987,1362.1393
1970.0833,105.35431,0.29667863,104.8003,0.69585365,0.031624168,248.60764,530.82056,262.07837,0.36559024,0.19340329,108.28783,0.56385821,0.51278377,2.5637168e-11,211.17877,1361.5321
1970.1667,105.33848,0.29957891,104.77899,0.69595665,0.031624272,248.48694,530.59601,261.96829,0.34416747,0.19118619,108.26042,0.58468384,0.53322482,2.5631698e-11,211.14464,1360.9917
1970.25,105.32243,0.30273333,104.75699,0.69606316,0.03162438,248.36452,530.37048,261.85779,0.31961071,0.18479371,108.23293,0.59613729,0.57342213,2.5954254e-11,211.10985,1360.44
1970.3333,105.30679,0.30608824,104.735,0.69616967,0.031624485,248.25699,530.17969,261.76459,0.31352305,0.15928443,108.2037,0.6653229,0.57790095,2.5475969e-11,211.07568,1359.9534
1970.4167,105.29129,0.30949774,104.71304,0.69627613,0.031624593,248.45337,530.63068,261.98953,0.32534975,0.15075262,108.17194,0.94574773,0.70102668,1.5810287e-11,211.04172,1360.7634
1970.5,105.27515,0.3125535,104.69109,0.69638258,0.031624697,248.65608,531.16699,262.25919,0.35639307,0.14986427,108.13872,1.5468584,1.1905419,1.2367251e-11,211.00682,1361.7341
1970.5833,105.2562,0.314273,104.66881,0.69649076,0.031624805,248.79987,531.59888,262.47845,0.39305943,0.15954481,108.10477,1.6303425,1.2910628,1.0506969e-11,210.96739,1362.502
1970.6667,105.23839,0.31643459,104.6469,0.69659716,0.031624913,248.84941,531.81213,262.58893,0.39235318,0.20531337,108.07207,1.5014573,1.366689,9.8830336e-12,210.92995,1362.8502
1970.75,105.21968,0.31811237,104.625,0.69670355,0.031625018,248.75084,531.68457,262.52972,0.39526501,0.21865793,108.04142,1.0785537,1.0489074,1.5409521e-11,210.89113,1362.5115
1970.8333,105.20177,0.32020962,104.60312,0.69680989,0.031625126,248.623,531.45032,262.4158,0.39626154,0.22033708,108.01088,0.76735359,0.76272321,2.2178754e-11,210.85353,1361.9701
1970.9167,105.18396,0.32235542,104.58125,0.69691622,0.03162523,248.50703,531.23431,262.31064,0.39354008,0.22025104,107.98064,0.75667983,0.77529007,2.2985011e-11,210.81612,1361.4626
1971,105.16355,0.32330596,104.55904,0.69702429,0.031625338,248.38602,531.00616,262.19934,0.37919381,0.21177925,107.96373,0.60674459,0.59030789,2.3881282e-11,210.77455,1360.9208
1971.0833,105.14208,0.32313356,104.53792,0.6971271,0.031625442,248.2674,530.7796,262.08862,0.36334261,0.20380574,107.96032,0.57120961,0.57828361,2.4549135e-11,210.7319,1360.395
1971.1667,105.12069,0.32300058,104.51679,0.69722986,0.031625543,248.14774,530.54871,261.97562,0.34698957,0.19656491,107.95688,0.54196042,0.54719478,2.49938e-11,210.68935,1359.8618
1971.25,105.09872,0.32293907,104.49496,0.69733614,0.031625647,248.02641,530.31384,261.86063,0.31328961,0.1602675,107.95335,0.53726858,0.45090175,2.5097631e-11,210.64558,1359.2735
1971.3333,105.07677,0.32288674,104.47312,0.69744235,0.031625751,247.9108,530.09186,261.75211,0.3028574,0.15716326,107.94984,0.57635629,0.49408385,2.510101e-11,210.60185,1358.7664
1971.4167,105.05445,0.32263264,104.45129,0.69754857,0.031625859,247.90097,530.09253,261.75397,0.30207977,0.15609644,107.94642,0.70647174,0.5485658,2.0148048e-11,210.55756,1358.7098
1971.5,105.03184,0.32221287,104.42947,0.69765472,0.031625964,248.19785,530.75867,262.08725,0.31848308,0.14234121,107.94342,1.5174047,1.1694371,1.1830857e-11,210.5128,1359.9609
1971.5833,105.00694,0.32075077,104.40729,0.69776267,0.031626072,248.31189,531.05505,262.23941,0.34667549,0.15806676,107.93999,1.5513116,1.2567393,1.0247406e-11,210.46437,1360.5154
1971.6667,104.98404,0.32018456,104.38546,0.69786876,0.031626176,248.30936,531.08679,262.26001,0.34969059,0.19529302,107.93673,1.4553772,1.4298208,9.3078644e-12,210.41919,1360.557
1971.75,104.96117,0.31962562,104.36363,0.69797492,0.03162628,248.28775,531.05908,262.25058,0.3334862,0.21877582,107.93347,1.3161342,1.2980283,1.0261263e-11,210.37402,1360.4572
1971.8333,104.93829,0.31906557,104.34181,0.69808102,0.031626385,248.1978,530.87616,262.16382,0.33180946,0.22047155,107.93026,1.2432392,1.2301315,1.1556354e-11,210.32887,1360.0492
1971.9167,104.91558,0.31859824,104.31999,0.69818705,0.031626489,248.09959,530.66626,262.06348,0.32772911,0.22201782,107.92695,1.0479803,1.0251952,1.3483624e-11,210.28398,1359.59
1972,104.89259,0.3181693,104.29782,0.69829482,0.031626593,248.00658,530.46338,261.96591,0.32710198,0.2258267,107.92357,0.85582668,0.80262434,1.5200391e-11,210.23849,1359.1509
1972.0833,104.87106,0.3179473,104.27673,0.6983974,0.031626698,247.92218,530.27875,261.87689,0.3272602,0.22726077,107.92039,0.77992499,0.76282477,1.7431723e-11,210.19576,1358.7486
1972.1667,104.84968,0.31780148,104.25563,0.69849992,0.031626798,247.82916,530.07684,261.77899,0.32600328,0.22678553,107.91711,0.71615565,0.70073664,2.0746287e-11,210.15324,1358.3082
1972.25,104.82775,0.3177458,104.23383,0.6986059,0.031626903,247.72528,529.85315,261.6702,0.31909969,0.20355235,107.91364,0.68300271,0.60175812,2.2353798e-11,210.10957,1357.7946
1972.3333,104.80567,0.31760567,104.21202,0.69871187,0.031627007,247.62515,529.63733,261.56528,0.3338986,0.18630083,107.91017,0.71630752,0.53556144,2.2433852e-11,210.06564,1357.3238
1972.4167,104.78362,0.31747478,104.19022,0.69881779,0.031627107,247.64445,529.66748,261.58209,0.35263464,0.1878694,107.90684,0.88242507,0.5695163,1.6919197e-11,210.02177,1357.3631
1972.5,104.76092,0.31699222,104.16843,0.69892371,0.031627212,247.83362,530.03217,261.76654,0.3912729,0.19029041,107.90383,1.6247858,1.115338,1.0766202e-11,209.9769,1358.0946
1972.5833,104.73657,0.31581375,104.14628,0.69903135,0.03162732,247.94469,530.20654,261.85785,0.43884408,0.21760184,107.90053,1.6308377,1.2382085,8.8109381e-12,209.92934,1358.4953
1972.6667,104.71372,0.31525227,104.12449,0.69913721,0.03162742,248.02139,530.29144,261.90424,0.45171946,0.24538833,107.89732,1.5540012,1.8019586,7.9426483e-12,209.88425,1358.6957
1972.75,104.69075,0.3146247,104.1027,0.69924307,0.031627525,248.06876,530.31116,261.91779,0.41668665,0.27683756,107.89395,1.3276637,1.2749918,8.7530139e-12,209.83894,1358.7241
1972.8333,104.66804,0.31413642,104.08091,0.69934887,0.031627629,248.01616,530.12506,261.82919,0.42236874,0.2804811,107.89059,1.1944127,1.1546079,1.0343925e-11,209.79407,1358.358
1972.9167,104.64532,0.31364009,104.05913,0.69945472,0.031627733,247.9127,529.84613,261.694,0.42704472,0.28343529,107.88715,0.97994226,0.94495022,1.1649554e-11,209.74916,1357.7997
1973,104.62381,0.31397113,104.03699,0.69956219,0.031627838,247.81735,529.59381,261.57166,0.43338919,0.28801495,107.87311,1.0015998,0.90873647,1.2605039e-11,209.70596,1357.2832
1973.0833,104.60498,0.3151474,104.01593,0.69966453,0.031627938,247.72839,529.35999,261.45831,0.43778408,0.29175028,107.84957,0.99024093,0.93331343,1.345791e-11,209.66736,1356.7931
1973.1667,104.58636,0.31643522,103.99488,0.69976676,0.031628035,247.63939,529.12939,261.34641,0.44093466,0.29490951,107.82595,0.9414885,0.87770873,1.4622267e-11,209.62907,1356.3061
1973.25,104.56721,0.3178111,103.97313,0.69987249,0.031628139,247.54903,528.89783,261.23398,0.44261816,0.29462355,107.80149,0.934264,0.85884953,1.5963305e-11,209.58966,1355.8092
1973.3333,104.54903,0.31968451,103.95139,0.69997817,0.03162824,247.46146,528.67249,261.12463,0.45947304,0.24952538,107.77486,0.95432192,0.66074991,1.6655663e-11,209.55171,1355.2942
1973.4167,104.53204,0.32218346,103.92967,0.70008385,0.031628344,247.44742,528.59802,261.08987,0.48467934,0.25848982,107.74627,1.0527086,0.64197153,1.4019168e-11,209.51561,1355.1403
1973.5,104.51373,0.32396585,103.90797,0.70018953,0.031628449,247.67332,528.9823,261.2832,0.53058535,0.2507391,107.7181,1.6567402,1.0790608,9.6156026e-12,209.47749,1355.9158
1973.5833,104.49409,0.32522634,103.88592,0.70029688,0.031628553,247.828,529.18896,261.38876,0.57864505,0.27295953,107.68988,1.5968093,1.1638294,8.3826323e-12,209.43716,1356.3844
1973.6667,104.47424,0.32618898,103.86423,0.7004025,0.031628653,247.94629,529.31555,261.45432,0.61151254,0.2974475,107.66291,1.5141577,1.3890144,7.5877239e-12,209.39671,1356.6848
1973.75,104.45358,0.32671261,103.84257,0.70050806,0.031628754,247.97061,529.25531,261.42728,0.57325393,0.36887702,107.63716,1.3071872,1.2445023,7.8180492e-12,209.355,1356.5875
1973.8333,104.43273,0.32714713,103.8209,0.70061362,0.031628858,247.89534,529.00598,261.30634,0.57813454,0.37430447,107.61246,1.205399,1.1568022,8.5382274e-12,209.31302,1356.0855
1973.9167,104.41186,0.32755873,103.79924,0.70071918,0.031628959,247.81435,528.75073,261.18228,0.58187574,0.37896636,107.58781,1.1706249,1.1214092,9.1196599e-12,209.27101,1355.567
1974,104.39037,0.32783535,103.77724,0.70082641,0.031629063,247.73236,528.49713,261.05902,0.58833098,0.38617656,107.56277,1.1246293,1.0218196,9.6920883e-12,209.22791,1355.0538
1974.0833,104.36975,0.32799688,103.75629,0.70092845,0.031629164,247.65584,528.27356,260.95016,0.59022576,0.39120939,107.53864,0.93125677,0.88570273,1.05947e-11,209.1866,1354.5862
1974.1667,104.3493,0.32825446,103.73537,0.70103049,0.031629261,247.57738,528.06476,260.84833,0.58904004,0.3944453,107.5142,0.85070753,0.81384879,1.1632011e-11,209.1456,1354.1338
1974.25,104.32912,0.3290239,103.71373,0.70113593,0.031629361,247.49472,527.85217,260.74469,0.57850248,0.3635295,107.48862,0.83107537,0.69094807,1.2411319e-11,209.10464,1353.6268
1974.3333,104.31107,0.33090594,103.69211,0.70124137,0.031629462,247.41411,527.64661,260.6445,0.59073299,0.33554974,107.46044,0.83755583,0.51600885,1.2913943e-11,209.06696,1353.1589
1974.4167,104.29341,0.33299115,103.6705,0.70134676,0.031629566,247.38493,527.54901,260.59766,0.61584067,0.34296861,107.43237,0.89857739,0.50877529,1.1588946e-11,209.02988,1352.9527
1974.5,104.27487,0.33458984,103.64891,0.70145214,0.031629667,247.57509,527.8811,260.76373,0.64616364,0.31466362,107.40514,1.3351995,0.81589854,8.4350452e-12,208.99144,1353.5774
1974.5833,104.25626,0.33632958,103.62698,0.70155925,0.031629767,247.73045,528.11926,260.88318,0.69080085,0.32735831,107.37637,1.3770195,0.86616427,7.5557754e-12,208.95276,1354.0802
1974.6667,104.23749,0.33780196,103.60542,0.70166457,0.031629872,247.85777,528.29462,260.97144,0.73420256,0.3436614,107.34724,1.3053643,0.84051895,6.909012e-12,208.91399,1354.4628
1974.75,104.21831,0.3390488,103.58386,0.70176989,0.031629972,247.86664,528.23877,260.94522,0.72658932,0.47454903,107.31817,0.97950071,0.5943535,7.6165237e-12,208.87462,1354.4446
1974.8333,104.19927,0.34037417,103.56232,0.70187521,0.031630073,247.75632,527.97681,260.81668,0.74830389,0.51302063,107.2896,0.63073164,0.4149496,1.0406913e-11,208.83546,1353.9362
1974.9167,104.18193,0.34259516,103.54079,0.70198047,0.031630173,247.63394,527.70691,260.68393,0.74810016,0.51701689,107.2605,0.5635047,0.5024454,1.4862741e-11,208.79892,1353.3493
1975,104.16514,0.34527692,103.51893,0.70208746,0.031630274,247.50606,527.42987,260.54758,0.73601586,0.51098144,107.23118,0.55864304,0.41174036,2.4141347e-11,208.76306,1352.7248
1975.0833,104.14907,0.34776363,103.49814,0.70218927,0.031630371,247.39388,527.18665,260.42798,0.72103339,0.50534683,107.20307,0.60331333,0.51506573,2.6229187e-11,208.72879,1352.1668
1975.1667,104.13387,0.35069084,103.47736,0.70229101,0.031630471,247.28708,526.95557,260.31442,0.7075333,0.49858359,107.17258,0.61457515,0.51726091,2.6457541e-11,208.69585,1351.6316
1975.25,104.11835,0.35381013,103.45591,0.70239621,0.031630572,247.17799,526.72107,260.19922,0.7057097,0.41089189,107.1404,0.6276232,0.33546352,2.6701343e-11,208.66209,1351.0174
1975.3333,104.10313,0.3570708,103.43448,0.70250136,0.031630669,247.0715,526.49353,260.08752,0.73018092,0.39891586,107.10645,0.65881592,0.27972415,2.6950794e-11,208.62881,1350.5169
1975.4167,104.08717,0.3599242,103.41306,0.7026065,0.031630769,247.06995,526.48389,260.08353,0.763969,0.40522403,107.07293,0.79780138,0.34450844,1.977621e-11,208.59441,1350.4738
1975.5,104.06898,0.36158574,103.39167,0.70271164,0.03163087,247.27176,526.88837,260.285,0.80627215,0.39567107,107.04112,1.3962851,0.84198076,1.3010358e-11,208.55658,1351.2448
1975.5833,104.04838,0.36215907,103.36993,0.70281845,0.031630974,247.43297,527.18964,260.43579,0.84950352,0.41135925,107.01012,1.3708637,0.83627939,1.0818688e-11,208.51492,1351.8442
1975.6667,104.02811,0.36274156,103.34856,0.70292354,0.031631071,247.49251,527.27002,260.47702,0.85379368,0.49800462,106.98067,1.2329348,0.78023243,9.6709871e-12,208.47397,1352.046
1975.75,104.00611,0.36240697,103.32718,0.70302862,0.031631172,247.4608,527.16223,260.42493,0.85861462,0.56231147,106.95387,1.0667365,0.79516691,1.1928823e-11,208.43036,1351.8531
1975.8333,103.98416,0.36211237,103.30581,0.70313364,0.031631272,247.34308,526.89478,260.29355,0.87550026,0.57759476,106.92722,0.61486793,0.44895256,2.1883453e-11,208.38686,1351.2985
1975.9167,103.96438,0.36295649,103.28445,0.70323867,0.031631373,247.22241,526.63477,260.16556,0.86908901,0.57497078,106.9002,0.57217228,0.49735287,2.7392581e-11,208.34665,1350.7136
1976,103.94348,0.36338314,103.26274,0.70334542,0.031631473,247.10362,526.38068,260.04056,0.85783827,0.56697232,106.8847,0.46725985,0.31476834,2.7935147e-11,208.30458,1350.139
1976.0833,103.92207,0.36298963,103.24209,0.70344692,0.03163157,246.99234,526.1441,259.92416,0.83330381,0.55503362,106.88145,0.46569064,0.39516699,2.8015605e-11,208.26224,1349.5927
1976.1667,103.90076,0.36264542,103.22144,0.70354843,0.031631663,246.88219,525.9115,259.80975,0.8006174,0.54059696,106.8782,0.47114915,0.40099236,2.8132937e-11,208.22005,1349.043
1976.25,103.87874,0.36228982,103.2001,0.70365334,0.031631764,246.77092,525.6778,259.69482,0.78226727,0.45765769,106.87483,0.48063394,0.28763029,2.8106541e-11,208.17642,1348.4347
1976.3333,103.8565,0.36182198,103.17876,0.7037583,0.031631865,246.67076,525.46875,259.59213,0.79538399,0.42259389,106.87151,0.53369117,0.22861509,2.7221954e-11,208.13248,1347.9536
1976.4167,103.83381,0.36110398,103.15742,0.70386314,0.031631961,246.7648,525.66205,259.68857,0.82332754,0.40129375,106.86829,0.70577532,0.31720668,1.831436e-11,208.08781,1348.2962
1976.5,103.81068,0.3601487,103.13608,0.70396805,0.031632062,246.90201,525.94617,259.83057,0.86515063,0.38535661,106.8653,1.2007322,0.71729809,1.4041636e-11,208.0425,1348.837
1976.5833,103.78729,0.35924438,103.11439,0.70407456,0.031632163,247.02835,526.19379,259.95441,0.90811509,0.38607666,106.862,1.2125074,0.76485598,1.2094439e-11,207.99663,1349.3293
1976.6667,103.76484,0.3586579,103.09305,0.70417941,0.031632259,247.13918,526.39435,260.0546,0.94848573,0.39246345,106.8589,1.114774,0.70248431,1.0598598e-11,207.95236,1349.7404
1976.75,103.74237,0.35806477,103.07171,0.70428419,0.03163236,247.16209,526.40759,260.06085,0.93758827,0.52190101,106.85583,0.93928921,0.56694376,1.1389463e-11,207.90807,1349.854
1976.8333,103.72014,0.35759711,103.05037,0.70438898,0.031632457,247.06601,526.18707,259.95032,0.9507069,0.56550199,106.85257,0.51458943,0.22933386,1.9242462e-11,207.86414,1349.4363
1976.9167,103.6984,0.35739419,103.02904,0.70449376,0.031632554,246.94681,525.93042,259.82407,0.95574808,0.57683611,106.84932,0.44871023,0.21056983,2.7335944e-11,207.82097,1348.9041
1977,103.67606,0.35704499,103.00736,0.70460021,0.031632654,246.83112,525.68359,259.7027,0.95485538,0.5829879,106.84592,0.48858872,0.24847449,2.7947127e-11,207.7767,1348.3779
1977.0833,103.65458,0.35660028,102.98673,0.70470148,0.031632751,246.72565,525.45972,259.59262,0.95095718,0.58738238,106.84267,0.48989931,0.33967704,2.7922716e-11,207.73424,1347.8932
1977.1667,103.63319,0.35620168,102.96611,0.70480275,0.031632844,246.61887,525.23474,259.48203,0.93973446,0.5831483,106.83942,0.48182753,0.41457617,2.7893139e-11,207.69194,1347.3899
1977.25,103.61109,0.35579133,102.94479,0.70490742,0.031632941,246.50783,525.00238,259.36777,0.92471296,0.57572782,106.83605,0.48727089,0.43593064,2.7859888e-11,207.64822,1346.8626
1977.3333,103.58884,0.35530099,102.92347,0.70501208,0.031633042,246.40314,524.78485,259.26086,0.91496235,0.43990234,106.83273,0.53069329,0.35502151,2.7636103e-11,207.60426,1346.2407
1977.4167,103.56654,0.35478035,102.90215,0.70511669,0.031633139,246.45996,524.90204,259.3197,0.91641504,0.42467898,106.82952,0.69433427,0.35175666,1.8512809e-11,207.56023,1346.4124
1977.5,103.54386,0.3540563,102.88084,0.7052213,0.031633236,246.61778,525.23053,259.48376,0.9329434,0.40301687,106.82653,1.2197241,0.72585267,1.3540779e-11,207.51561,1347.0101
1977.5833,103.52089,0.35336444,102.85918,0.70532757,0.031633336,246.78763,525.56915,259.65256,0.9669525,0.40251824,106.8233,1.2048378,0.73652518,1.1470511e-11,207.47038,1347.6725
1977.6667,103.49849,0.3527911,102.83787,0.70543218,0.031633433,246.90613,525.7879,259.75998,0.99364287,0.44090497,106.82025,1.0636779,0.6448614,9.7694639e-12,207.42621,1348.1349
1977.75,103.47608,0.35221195,102.81656,0.70553672,0.03163353,246.9408,525.82782,259.77853,0.98475277,0.56150544,106.81718,0.89107215,0.55878848,1.0728717e-11,207.38202,1348.2926
1977.8333,103.4541,0.35186708,102.79525,0.70564121,0.031633627,246.83549,525.59235,259.66174,0.99994206,0.57859558,106.81388,0.46706575,0.2239414,2.081639e-11,207.3385,1347.8205
1977.9167,103.4327,0.35182881,102.77395,0.7057457,0.031633724,246.71222,525.32953,259.53241,0.99910903,0.58636141,106.81053,0.42754969,0.21951956,2.7550734e-11,207.29585,1347.2661
1978,103.41135,0.35198489,102.7523,0.70585191,0.031633824,246.59415,525.07947,259.40936,1.0004392,0.59175259,106.79218,0.64965886,0.3108277,2.808025e-11,207.25311,1346.7205
1978.0833,103.39124,0.35223821,102.7317,0.70595294,0.031633917,246.48856,524.85663,259.29987,1.0024421,0.59923685,106.76064,0.65528083,0.43979427,2.8111628e-11,207.21277,1346.2201
1978.1667,103.37147,0.35266739,102.71112,0.70605397,0.03163401,246.38185,524.63306,259.18994,0.99493623,0.59597081,106.72922,0.65853137,0.53800571,2.81509e-11,207.17294,1345.6979
1978.25,103.35117,0.35318339,102.68983,0.70615834,0.031634107,246.27319,524.40686,259.07877,0.98348814,0.53281486,106.69653,0.6773721,0.52709687,2.8190766e-11,207.13199,1345.1036
1978.3333,103.33091,0.35370681,102.66856,0.70626277,0.031634204,246.17575,524.20569,258.98001,0.99309373,0.45889622,106.66143,0.74110019,0.45744535,2.7558553e-11,207.09108,1344.5659
1978.4167,103.30945,0.35360363,102.6473,0.70636714,0.031634301,246.2639,524.3891,259.07178,1.0234988,0.44266379,106.62578,1.0007063,0.51171494,1.7017247e-11,207.04836,1344.8651
1978.5,103.28531,0.35208407,102.62604,0.70647144,0.031634398,246.46136,524.80151,259.27597,1.0731702,0.43415952,106.59009,1.3974622,0.76791865,1.2660692e-11,207.00153,1345.6377
1978.5833,103.25793,0.34905073,102.60442,0.70657748,0.031634495,246.73471,525.35931,259.52844,1.1233066,0.4337469,106.55396,0.80411631,0.3121807,9.9548026e-12,206.9496,1346.683
1978.6667,103.22964,0.34537315,102.58313,0.70668179,0.031634592,246.98599,525.86963,259.77811,1.1415489,0.43727216,106.5191,0.60325021,0.16301157,8.6489496e-12,206.89645,1347.6281
1978.75,103.20095,0.34148991,102.56184,0.7067861,0.031634688,247.07513,526.04626,259.86566,1.1041081,0.57550168,106.48583,0.58115113,0.1800147,1.0324576e-11,206.8427,1347.9952
1978.8333,103.1726,0.33778942,102.54052,0.70689034,0.031634785,247.00868,525.90289,259.7951,1.1132548,0.62630904,106.45381,0.5807122,0.19064325,1.2418469e-11,206.78943,1347.6895
1978.9167,103.14408,0.33400589,102.5192,0.70699459,0.031634882,246.94186,525.75885,259.7243,1.1440585,0.66078311,106.42168,0.58062369,0.25091279,1.3336987e-11,206.73592,1347.3875
1979,103.11523,0.33024141,102.4975,0.70710051,0.031634979,246.87642,525.61743,259.65506,1.1713339,0.68831962,106.38889,0.57800102,0.18255521,1.3899875e-11,206.6817,1347.0791
1979.0833,103.08843,0.32700559,102.47684,0.7072013,0.031635072,246.81415,525.48297,259.5892,1.1927426,0.71583259,106.35696,0.57225561,0.30956048,1.452917e-11,206.6311,1346.783
1979.1667,103.06255,0.32425556,102.45618,0.70730203,0.031635161,246.74957,525.34399,259.52109,1.2067324,0.73510635,106.3242,0.56541038,0.45677829,1.5920432e-11,206.58192,1346.4626
1979.25,103.03638,0.32173654,102.43481,0.70740622,0.031635258,246.6857,525.2063,259.45364,1.2083701,0.71928632,106.29004,0.56085205,0.52804816,1.6826396e-11,206.53198,1346.0953
1979.3333,103.01166,0.31997395,102.41343,0.70751035,0.031635355,246.62418,525.07336,259.38852,1.2140329,0.61302161,106.25324,0.56309897,0.41479045,1.7073979e-11,206.48419,1345.6506
1979.4167,102.98756,0.31854281,102.39204,0.70761442,0.031635448,246.63214,525.08337,259.39417,1.2163333,0.59113276,106.21613,0.55462825,0.206745,1.4153744e-11,206.43739,1345.5706
1979.5,102.96266,0.31669047,102.37065,0.70771855,0.031635545,246.86028,525.54541,259.6236,1.2341286,0.5682013,106.18038,0.56715822,0.13333324,1.0007866e-11,206.38934,1346.4014
1979.5833,102.93704,0.31464222,102.34892,0.70782429,0.031635642,247.15175,526.13727,259.91681,1.2626077,0.56000268,106.14411,0.56852478,0.13538605,7.7861415e-12,206.34006,1347.5126
1979.6667,102.91068,0.31202507,102.32751,0.70792836,0.031635735,247.38396,526.60773,260.14975,1.2763938,0.60812759,106.10871,0.58375806,0.19543765,7.0110124e-12,206.28978,1348.4245
1979.75,102.88335,0.3089031,102.30611,0.70803237,0.031635832,247.52342,526.88733,260.28839,1.2608258,0.71937263,106.07533,0.57348359,0.28663054,7.0702892e-12,206.23804,1348.9928
1979.8333,102.85561,0.30556682,102.28468,0.70813638,0.031635925,247.49974,526.83197,260.26135,1.280538,0.73823977,106.04267,0.58326173,0.34131762,8.905445e-12,206.18562,1348.8401
1979.9167,102.82664,0.30158395,102.26324,0.70824033,0.031636022,247.45183,526.72699,260.20978,1.2968775,0.75627583,106.00999,0.59596705,0.56720823,9.3745966e-12,206.13133,1348.5832
1980,102.79656,0.2972149,102.24145,0.70834601,0.031636119,247.3956,526.60486,260.14987,1.2944626,0.75539911,105.97663,0.60112309,0.45765892,9.9555442e-12,206.07521,1348.2521
1980.0833,102.76882,0.29352728,102.22068,0.70844656,0.031636208,247.34268,526.48987,260.09363,1.2969853,0.76147306,105.94267,0.60149109,0.55677104,1.0238815e-11,206.0231,1347.9503
1980.1667,102.74169,0.2901656,102.19991,0.70854706,0.031636301,247.29146,526.37836,260.03918,1.2959433,0.76734155,105.90808,0.59478641,0.55614591,1.0363855e-11,205.97194,1347.6523
1980.25,102.71423,0.28700826,102.17841,0.70865095,0.031636395,247.23817,526.26251,259.98254,1.2902585,0.77310997,105.87263,0.58404464,0.5592705,1.0617435e-11,205.91994,1347.3391
1980.3333,102.68745,0.28421393,102.15691,0.70875478,0.031636491,247.18752,526.15198,259.92859,1.2809923,0.75205284,105.8376,0.57452673,0.52239764,1.0737928e-11,205.86896,1347.0076
1980.4167,102.66201,0.28213432,102.1354,0.70885867,0.031636585,247.16795,526.10553,259.90631,1.2821224,0.63626593,105.80074,0.57350725,0.27818221,9.8685695e-12,205.82004,1346.719
1980.5,102.63628,0.27990359,102.11388,0.7089625,0.031636678,247.3542,526.48175,260.09323,1.3045558,0.58331317,105.76441,0.57542467,0.14309289,7.1385411e-12,205.77068,1347.3521
1980.5833,102.6097,0.27740711,102.09201,0.709068,0.031636775,247.57573,526.93036,260.31546,1.3417823,0.56021327,105.72816,0.59114391,0.11380305,6.1568333e-12,205.7198,1348.1715
1980.6667,102.58182,0.27404594,102.07047,0.70917177,0.031636868,247.71312,527.20618,260.45206,1.3349694,0.67054981,105.69283,0.59840256,0.16746943,5.8030911e-12,205.66713,1348.7368
1980.75,102.55305,0.27021781,102.04893,0.70927554,0.031636961,247.75122,527.27789,260.48785,1.3494549,0.72182781,105.65963,0.5921005,0.30330479,6.1258091e-12,205.6131,1348.861
1980.8333,102.52374,0.26610807,102.02737,0.70937926,0.031637054,247.7054,527.17743,260.43851,1.3670479,0.74609613,105.62642,0.60837811,0.4221094,6.8842254e-12,205.55823,1348.6191
1980.9167,102.49315,0.26132748,102.00579,0.70948297,0.031637151,247.6366,527.02979,260.36584,1.378625,0.76709187,105.59318,0.61743599,0.61766624,7.3986598e-12,205.50139,1348.2725
1981,102.46223,0.25656644,101.98383,0.70958841,0.031637244,247.56154,526.86932,260.28708,1.3775725,0.77274537,105.55894,0.61000401,0.42405936,7.9763219e-12,205.44386,1347.871
1981.0833,102.4341,0.25273192,101.96293,0.70968866,0.031637333,247.49467,526.72601,260.21683,1.3876493,0.79215097,105.52486,0.60177791,0.48871508,8.0788015e-12,205.39108,1347.5333
1981.1667,102.40707,0.24947904,101.942,0.70978892,0.031637426,247.42847,526.58411,260.14725,1.3862253,0.80215019,105.49052,0.58976674,0.56245381,8.2304901e-12,205.33997,1347.1786
1981.25,102.38031,0.24675967,101.92036,0.70989251,0.03163752,247.36259,526.44263,260.07794,1.3398064,0.77655745,105.45509,0.56896961,0.52019483,8.3537326e-12,205.28896,1346.7436
1981.3333,102.35709,0.245921,101.89872,0.70999616,0.031637613,247.30482,526.31769,260.01688,1.2448229,0.63742322,105.41755,0.54233527,0.42118254,8.4858726e-12,205.24335,1346.1826
1981.4167,102.33538,0.24588466,101.87708,0.71009976,0.031637706,247.37332,526.4519,260.08411,1.2563461,0.58907306,105.3792,0.54252189,0.13802373,6.8081348e-12,205.20007,1346.334
1981.5,102.3131,0.24554273,101.85544,0.71020329,0.031637799,247.57413,526.85693,260.28534,1.2903297,0.56462359,105.34154,0.54305375,0.12480437,5.5253844e-12,205.15593,1347.0687
1981.5833,102.2904,0.24516134,101.83345,0.71030855,0.031637892,247.7701,527.25238,260.48132,1.3062341,0.60766739,105.30347,0.55770367,0.12716894,5.0231113e-12,205.11096,1347.8321
1981.6667,102.26544,0.243394,101.81181,0.71041203,0.031637985,247.94348,527.60126,260.65433,1.3013504,0.71087158,105.26825,0.56836885,0.11514009,4.7031112e-12,205.0627,1348.5423
1981.75,102.23997,0.24135372,101.79018,0.71051556,0.031638078,247.95966,527.62781,260.66785,1.3334816,0.73628211,105.2339,0.56484735,0.262878,5.2037936e-12,205.01364,1348.5727
1981.8333,102.21393,0.23901448,101.76853,0.71061903,0.031638172,247.89413,527.48724,260.59875,1.3483478,0.75687319,105.19949,0.56081551,0.43805575,6.6449467e-12,204.96371,1348.2486
1981.9167,102.18921,0.23738457,101.74688,0.71072251,0.031638265,247.80396,527.29626,260.50485,1.3528714,0.76878428,105.16519,0.53900802,0.72412783,7.8121277e-12,204.91582,1347.8077
1982,102.16515,0.23628941,101.72487,0.71082759,0.031638358,247.72122,527.12042,260.41849,1.3359591,0.75898075,105.13016,0.53360981,0.49087375,8.2238548e-12,204.86877,1347.354
1982.0833,102.14268,0.23547921,101.70393,0.71092761,0.031638447,247.64464,526.9574,260.3385,1.3365598,0.76850218,105.09679,0.53033078,0.52868783,8.4939685e-12,204.82465,1346.967
1982.1667,102.12059,0.23486441,101.68298,0.71102762,0.031638537,247.56812,526.79456,260.25854,1.3299475,0.77215046,105.06353,0.52394944,0.56384736,8.8464158e-12,204.7811,1346.568
1982.25,102.09808,0.23441061,101.66133,0.71113098,0.03163863,247.4908,526.62988,260.17773,1.3162968,0.73105305,105.02922,0.52339071,0.53145021,9.2207674e-12,204.7366,1346.1115
1982.3333,102.07674,0.23456636,101.63968,0.71123433,0.031638719,247.41714,526.47278,260.10065,1.2858516,0.63356715,104.99275,0.52015281,0.46119663,9.4188633e-12,204.69385,1345.5965
1982.4167,102.05622,0.2351664,101.61804,0.71133769,0.031638812,247.38577,526.4024,260.06653,1.264608,0.61183143,104.95617,0.51093346,0.29404858,8.5750409e-12,204.65239,1345.3397
1982.5,102.03544,0.23561609,101.59641,0.71144098,0.031638905,247.63988,526.91736,260.32233,1.2779716,0.55407929,104.92023,0.52557784,0.17569079,5.9134056e-12,204.61053,1346.2425
1982.5833,102.01373,0.23575856,101.57443,0.71154594,0.031638999,247.78601,527.20935,260.46738,1.300974,0.55071276,104.88369,0.53236103,0.19045104,5.1922312e-12,204.56709,1346.7653
1982.6667,101.99165,0.23551136,101.55281,0.71164918,0.031639088,247.9247,527.487,260.60516,1.2905269,0.61591357,104.84773,0.54028922,0.24357289,4.7926086e-12,204.52325,1347.2942
1982.75,101.9685,0.23469764,101.53119,0.71175241,0.031639181,247.9886,527.61133,260.66708,1.2514558,0.72000968,104.81445,0.52864039,0.38565364,5.3316409e-12,204.47777,1347.5307
1982.8333,101.9453,0.23386189,101.50957,0.71185565,0.031639274,247.91525,527.45483,260.59018,1.2511144,0.73225027,104.78172,0.52114487,0.45062578,6.8186229e-12,204.43224,1347.1577
1982.9167,101.92229,0.23311801,101.48795,0.71195883,0.031639364,247.83817,527.29059,260.50958,1.2289864,0.71721321,104.74904,0.51437032,0.65677619,7.244066e-12,204.38698,1346.7206
1983,101.89949,0.23267335,101.46598,0.71206367,0.031639457,247.76207,527.1283,260.42999,1.2118819,0.70906562,104.71598,0.50658536,0.43856335,7.6930337e-12,204.34186,1346.299
1983.0833,101.87839,0.23256801,101.44508,0.71216345,0.031639546,247.69034,526.97528,260.35492,1.2093636,0.71726233,104.68461,0.49896491,0.44640476,8.1844453e-12,204.29984,1345.9315
1983.1667,101.85796,0.23282117,101.42418,0.71226317,0.031639632,247.61877,526.82245,260.28,1.2015358,0.72243327,104.6532,0.4904013,0.48177209,8.7412924e-12,204.25887,1345.5573
1983.25,101.83765,0.23350407,101.40258,0.71236628,0.031639725,247.54706,526.66931,260.2049,1.1466726,0.62813199,104.62096,0.47823763,0.43761206,9.3352695e-12,204.21774,1345.0348
1983.3333,101.81927,0.23521499,101.38099,0.7124694,0.031639814,247.48267,526.53101,260.13724,1.0988845,0.52217627,104.58656,0.4686338,0.33393282,9.6991529e-12,204.1796,1344.5381
1983.4167,101.80228,0.23765667,101.35941,0.71257246,0.031639908,247.57635,526.71637,260.22998,1.0787199,0.50213063,104.5519,0.45969331,0.16550364,7.5931162e-12,204.14357,1344.799
1983.5,101.78566,0.24027738,101.33786,0.71267545,0.031639997,247.83914,527.24689,260.49387,1.0784607,0.48863563,104.51693,0.4694283,0.1309423,6.0408479e-12,204.10812,1345.7721
1983.5833,101.76894,0.24302754,101.31597,0.71278018,0.03164009,248.06012,527.69171,260.71475,1.1045487,0.48969227,104.48162,0.47079191,0.15924254,5.3533874e-12,204.07237,1346.6148
1983.6667,101.75125,0.24506709,101.29445,0.71288317,0.031640179,248.24637,528.06598,260.9006,1.0698841,0.62377691,104.44833,0.47171432,0.20384938,5.1475026e-12,204.03531,1347.3903
1983.75,101.73219,0.24636634,101.27294,0.71298617,0.031640269,248.31303,528.1955,260.9653,1.074555,0.6620959,104.41775,0.47229686,0.25995204,6.0289282e-12,203.99612,1347.6244
1983.8333,101.71321,0.24771136,101.25145,0.71308911,0.031640362,248.25073,528.0614,260.8996,1.0664108,0.67779875,104.38687,0.45150188,0.20172095,8.1386183e-12,203.95711,1347.2999
1983.9167,101.6953,0.24961396,101.22997,0.71319205,0.031640451,248.18123,527.91266,260.82669,1.0664991,0.69645971,104.35587,0.44549522,0.26188478,8.734337e-12,203.91972,1346.959
1984,101.67717,0.25157353,101.20815,0.71329659,0.031640545,248.11252,527.76538,260.75458,1.0741957,0.70029843,104.32431,0.44790152,0.33378506,9.3076614e-12,203.88184,1346.6132
1984.0833,101.66024,0.25360388,101.18739,0.71339613,0.03164063,248.04544,527.62177,260.68427,1.0763257,0.70150661,104.29328,0.44970867,0.34574056,1.0103906e-11,203.84627,1346.269
1984.1667,101.64374,0.25585473,101.16666,0.71349561,0.031640716,247.9761,527.47363,260.6116,1.0775467,0.70167464,104.26131,0.45141619,0.33980578,1.1333698e-11,203.8114,1345.9132
1984.25,101.62663,0.25814465,101.14524,0.71359849,0.031640805,247.90845,527.32867,260.54062,1.0799725,0.68496525,104.22797,0.45342058,0.31237271,1.2464242e-11,203.77527,1345.5459
1984.3333,101.61024,0.26081142,101.12383,0.71370131,0.031640898,247.8443,527.19086,260.47321,1.0934994,0.56022716,104.19282,0.45902333,0.15200351,1.3482868e-11,203.74023,1345.0951
1984.4167,101.59374,0.26340184,101.10245,0.71380407,0.031640988,247.90948,527.31769,260.53699,1.1006271,0.52371323,104.15779,0.46273899,0.11155207,1.0184206e-11,203.70505,1345.2514
1984.5,101.57559,0.26510575,101.08109,0.71390688,0.031641077,248.15585,527.81427,260.78418,1.1093605,0.48388398,104.12386,0.49263653,0.13021347,7.8067292e-12,203.66734,1346.1387
1984.5833,101.55684,0.2666716,101.05937,0.71401131,0.031641167,248.40517,528.31702,261.03381,1.1266446,0.47970295,104.08937,0.49242455,0.13091443,6.5110851e-12,203.62852,1347.0802
1984.6667,101.53666,0.26728934,101.03803,0.71411401,0.031641256,248.52647,528.55695,261.15332,1.0777965,0.62537795,104.05769,0.49860188,0.11480388,6.0054782e-12,203.58774,1347.5854
1984.75,101.51505,0.26714495,101.01669,0.71421677,0.031641345,248.59952,528.69824,261.22397,1.1063664,0.64447749,104.02796,0.49874893,0.14175364,6.2759884e-12,203.54475,1347.8453
1984.8333,101.4932,0.26687685,100.99535,0.71431941,0.031641435,248.56146,528.61334,261.1825,1.1334858,0.67304391,103.99817,0.49951389,0.16135503,8.5653732e-12,203.5014,1347.6633
1984.9167,101.47108,0.26646185,100.97402,0.71442211,0.031641524,248.48972,528.4599,261.1073,1.1595917,0.70127612,103.96828,0.49165058,0.20071802,1.0943716e-11,203.45764,1347.3437
1985,101.44871,0.26609141,100.95234,0.71452641,0.031641617,248.42508,528.3208,261.03931,1.177129,0.71911311,103.93777,0.49000576,0.32107708,1.1990319e-11,203.41331,1347.0325
1985.0833,101.42757,0.2658194,100.93171,0.71462572,0.031641703,248.36597,528.19342,260.97705,1.180452,0.72328365,103.9088,0.48830852,0.44877154,1.265958e-11,203.37137,1346.7202
1985.1667,101.40669,0.26568896,100.91109,0.7147249,0.031641789,248.30435,528.06085,260.91223,1.179283,0.72313726,103.87977,0.48658001,0.44551012,1.3905196e-11,203.32983,1346.3895
1985.25,101.38551,0.26576093,100.88977,0.71482754,0.031641878,248.24371,527.93018,260.84833,1.1743079,0.68394297,103.84921,0.48407665,0.40246078,1.4681445e-11,203.28752,1346.0171
1985.3333,101.36605,0.26674408,100.86845,0.71493006,0.031641964,248.18356,527.80048,260.78494,1.1756915,0.57992506,103.81552,0.48559093,0.28853127,1.5419447e-11,203.24783,1345.5879
1985.4167,101.34704,0.26795986,100.84715,0.71503264,0.031642053,248.19234,527.81171,260.79147,1.1718168,0.55473059,103.7815,0.48322877,0.18286997,1.3089198e-11,203.20883,1345.5124
1985.5,101.32699,0.26861393,100.82587,0.7151351,0.031642143,248.46495,528.36194,261.06543,1.1849371,0.50874168,103.74834,0.51287526,0.13496247,8.8009261e-12,203.16826,1346.5026
1985.5833,101.30485,0.26834089,100.80423,0.71523929,0.031642232,248.75757,528.95251,261.35889,1.2152272,0.48997235,103.71523,0.52921891,0.13457391,7.1633281e-12,203.1243,1347.6137
1985.6667,101.28185,0.26743117,100.78294,0.71534175,0.031642321,248.9525,529.34375,261.55322,1.2154659,0.56062257,103.68343,0.53893322,0.15393338,6.2838515e-12,203.07921,1348.3882
1985.75,101.25751,0.26580986,100.76167,0.71544421,0.031642411,249.11139,529.66101,261.711,1.1937025,0.67149985,103.65368,0.53388917,0.26508123,6.1474437e-12,203.03206,1349.0344
1985.8333,101.23328,0.26425028,100.74037,0.71554667,0.031642497,249.14365,529.7193,261.74051,1.2125788,0.69253236,103.62447,0.52907896,0.30069956,6.8705449e-12,202.98509,1349.1181
1985.9167,101.20892,0.26261815,100.71908,0.71564907,0.031642586,249.14072,529.70612,261.73459,1.2298261,0.71559614,103.59525,0.53323913,0.44315559,7.3204481e-12,202.93791,1349.06
1986,101.18382,0.26078683,100.69743,0.71575314,0.031642675,249.13037,529.67773,261.72119,1.2359378,0.72758031,103.56551,0.53699988,0.31690586,7.6640257e-12,202.88945,1348.9477
1986.0833,101.15962,0.25887591,100.67683,0.71585214,0.031642761,249.11751,529.64459,261.70541,1.2504395,0.74856305,103.53688,0.54422116,0.34289816,8.0841072e-12,202.84283,1348.8462
1986.1667,101.13592,0.25723121,100.65623,0.71595114,0.031642847,249.09781,529.59747,261.68277,1.2562677,0.76239473,103.506,0.55374205,0.44612101,8.654826e-12,202.79698,1348.6997
1986.25,101.1117,0.255687,100.63492,0.71605343,0.031642932,249.06979,529.53308,261.65173,1.2527922,0.73480815,103.4729,0.5516094,0.42733505,9.2666647e-12,202.75,1348.4651
1986.3333,101.08949,0.25520304,100.61361,0.71615577,0.031643022,249.04469,529.47467,261.6239,1.1759257,0.56227863,103.43774,0.52526295,0.29280835,9.5001038e-12,202.7061,1348.0253
1986.4167,101.07021,0.25628132,100.5923,0.71625805,0.031643108,249.06973,529.51855,261.64682,1.131234,0.52984452,103.40215,0.50384104,0.20305827,8.6456996e-12,202.6667,1347.9651
1986.5,101.05096,0.25736853,100.57101,0.71636027,0.031643197,249.32668,530.03564,261.90427,1.1470414,0.50269306,103.36883,0.49098858,0.12769917,6.5457791e-12,202.62733,1348.9125
1986.5833,101.03127,0.25839442,100.54938,0.71646422,0.031643286,249.55408,530.49219,262.13104,1.1700824,0.49855205,103.33672,0.49608019,0.13403052,5.9200678e-12,202.58714,1349.7698
1986.6667,101.01125,0.25906569,100.52811,0.71656644,0.031643372,249.7532,530.89117,262.32922,1.1838125,0.52385062,103.30509,0.50209945,0.21101511,5.2079899e-12,202.54665,1350.533
1986.75,100.9903,0.25922835,100.50684,0.71666861,0.031643461,249.83722,531.05505,262.41101,1.1354766,0.68629158,103.27607,0.48603925,0.25389591,5.8312686e-12,202.5047,1350.9057
1986.8333,100.96828,0.25883088,100.48558,0.71677077,0.031643547,249.78435,530.93976,262.35461,1.1516325,0.70647728,103.24894,0.48760471,0.26696217,7.1543661e-12,202.46111,1350.6468
1986.9167,100.94634,0.25847262,100.46432,0.71687293,0.031643633,249.71486,530.79065,262.28168,1.1670102,0.72620475,103.22186,0.47134897,0.38913402,8.5122968e-12,202.41765,1350.3198
1987,100.92468,0.25844187,100.44271,0.71697676,0.031643722,249.64815,530.64728,262.21152,1.1675704,0.73163956,103.19322,0.47505805,0.30746266,9.2152327e-12,202.37445,1349.9738
1987.0833,100.90532,0.25907329,100.42216,0.71707547,0.031643808,249.58693,530.51544,262.14706,1.1709297,0.73861337,103.16335,0.4741663,0.4223533,9.7138105e-12,202.33527,1349.6576
1987.1667,100.88628,0.25987327,100.40162,0.71717423,0.03164389,249.52544,530.383,262.08237,1.1689804,0.74151176,103.13328,0.47238988,0.43333852,1.0326311e-11,202.29659,1349.3312
1987.25,100.86671,0.26075882,100.38039,0.71727628,0.031643979,249.46408,530.25085,262.01776,1.1650035,0.71602076,103.10221,0.47202951,0.40881047,1.0891384e-11,202.25677,1348.9727
1987.3333,100.8484,0.26230562,100.35916,0.71737832,0.031644065,249.40683,530.12695,261.95731,1.1216002,0.52157623,103.0687,0.47111511,0.21087095,1.1327121e-11,202.2189,1348.4218
1987.4167,100.8319,0.2648038,100.33796,0.71748036,0.031644151,249.50824,530.32697,262.05762,1.1070479,0.49230793,103.03334,0.46742189,0.11413752,8.8068997e-12,202.18379,1348.7094
1987.5,100.81407,0.26657823,100.31676,0.71758235,0.031644236,249.81276,530.94104,262.36346,1.1259302,0.47788081,102.99959,0.49703416,0.14486128,6.8058671e-12,202.14664,1349.8672
1987.5833,100.79583,0.26831892,100.29524,0.717686,0.031644326,250.05493,531.42761,262.60541,1.1465303,0.47761565,102.96652,0.48822334,0.150759,6.0767827e-12,202.10872,1350.7873
1987.6667,100.77685,0.26947936,100.27408,0.71778798,0.031644411,250.26328,531.8457,262.81311,1.1221919,0.59255505,102.93514,0.49311116,0.16042134,5.7294057e-12,202.06984,1351.6418
1987.75,100.75714,0.27024597,100.25292,0.7178899,0.031644497,250.40013,532.11749,262.94849,1.1157821,0.68076962,102.90518,0.49017471,0.16416633,5.5255349e-12,202.02985,1352.1976
1987.8333,100.73717,0.27087113,100.23178,0.71799183,0.031644583,250.42072,532.15198,262.96625,1.1401052,0.69912744,102.87545,0.49243549,0.21223544,6.3459784e-12,201.98947,1352.2431
1987.9167,100.71641,0.27106863,100.21064,0.71809369,0.031644668,250.3681,532.03729,262.91025,1.1595408,0.71484721,102.84551,0.49709585,0.30352932,7.6346516e-12,201.94786,1351.9835
1988,100.69488,0.27104524,100.18916,0.71819723,0.031644758,250.31616,531.92401,262.85513,1.1573807,0.713929,102.81517,0.48962408,0.36664996,8.2855788e-12,201.90492,1351.6867
1988.0833,100.67453,0.27109438,100.16872,0.71829575,0.03164484,250.26588,531.81445,262.80182,1.1590464,0.72010839,102.78635,0.48535022,0.37879947,9.0155123e-12,201.86429,1351.4118
1988.1667,100.65443,0.2712695,100.14828,0.71839422,0.031644922,250.22023,531.71436,262.75323,1.1624907,0.72639978,102.75757,0.48328593,0.38108847,9.5025298e-12,201.82402,1351.1582
1988.25,100.63382,0.27154031,100.12717,0.71849602,0.031645007,250.17465,531.61432,262.70462,1.1640681,0.7335366,102.72811,0.47857988,0.3783401,9.8977085e-12,201.78267,1350.902
1988.3333,100.61329,0.27184787,100.10606,0.71859783,0.031645093,250.13458,531.52545,262.66162,1.1677334,0.63639051,102.69885,0.48238674,0.25312674,1.0013009e-11,201.74144,1350.5661
1988.4167,100.5935,0.27254221,100.08495,0.71869957,0.031645179,250.26825,531.79108,262.79459,1.1781687,0.5044263,102.66739,0.49396515,0.11959751,7.7095691e-12,201.70134,1350.9052
1988.5,100.57247,0.2725777,100.06385,0.71880132,0.031645264,250.55881,532.37665,263.08615,1.1957761,0.47555649,102.63664,0.51850289,0.13181734,6.3825273e-12,201.65935,1351.9889
1988.5833,100.55059,0.27234262,100.04241,0.71890473,0.031645354,250.78165,532.82391,263.30844,1.2188798,0.46609676,102.60589,0.525931,0.14941512,5.8539965e-12,201.61589,1352.8208
1988.6667,100.52773,0.27139983,100.02132,0.71900642,0.031645436,250.95799,533.17657,263.48361,1.2337662,0.49332303,102.57578,0.53635526,0.17243585,5.3833691e-12,201.57111,1353.4921
1988.75,100.50414,0.27007815,100.00023,0.7191081,0.031645522,251.01479,533.28516,263.53796,1.1930356,0.67528582,102.54732,0.52513057,0.18219116,5.9976108e-12,201.52519,1353.7787
1988.8333,100.48042,0.26869208,99.979134,0.71920979,0.031645607,250.93748,533.12036,263.45709,1.2168155,0.70462358,102.51978,0.48811612,0.15978378,8.5641928e-12,201.4791,1353.4352
1988.9167,100.45908,0.26856625,99.958038,0.71931142,0.031645693,250.8438,532.9223,263.35971,1.2245741,0.72360843,102.49186,0.46505436,0.24559951,1.2874548e-11,201.43666,1353.0025
1989,100.43669,0.26805681,99.9366,0.71941465,0.031645779,250.77197,532.76874,263.28448,1.2282631,0.73548353,102.46326,0.48425955,0.2467813,1.5123547e-11,201.39243,1352.6447
1989.0833,100.41699,0.268426,99.916206,0.71951294,0.031645861,250.70418,532.62372,263.21347,1.216256,0.73710293,102.43308,0.47986805,0.41631916,1.7173181e-11,201.35278,1352.2806
1989.1667,100.39772,0.26902062,99.895813,0.71961117,0.031645942,250.64273,532.4917,263.1489,1.2147344,0.74151319,102.40214,0.48030877,0.44768769,1.7765851e-11,201.31381,1351.9556
1989.25,100.37807,0.26977426,99.874741,0.71971273,0.031646028,250.57959,532.35608,263.08255,1.2126398,0.64810872,102.37016,0.47736037,0.3866694,1.8144417e-11,201.27394,1351.523
1989.3333,100.35875,0.27070037,99.853676,0.71981424,0.031646114,250.51921,532.22614,263.01907,1.2244507,0.54219687,102.33756,0.4793677,0.28253171,1.8267027e-11,201.23459,1351.1032
1989.4167,100.33946,0.27163616,99.832626,0.71991575,0.031646196,250.49481,532.16968,262.99203,1.2268275,0.54425639,102.30508,0.47827199,0.19637984,1.6073321e-11,201.19528,1350.928
1989.5,100.3195,0.27221018,99.811584,0.72001725,0.031646281,250.76215,532.70813,263.26044,1.2267097,0.51380062,102.27361,0.51175445,0.16899909,9.41262e-12,201.15495,1351.8997
1989.5833,100.29878,0.27255681,99.790199,0.72012037,0.031646367,251.08408,533.35785,263.58374,1.2431369,0.50931042,102.2419,0.52024162,0.17710502,7.6055516e-12,201.11331,1353.1333
1989.6667,100.27791,0.27264211,99.769165,0.72022182,0.031646453,251.37198,533.93823,263.87213,1.246912,0.55574924,102.21116,0.52859277,0.2003457,6.5950223e-12,201.07158,1354.2677
1989.75,100.2557,0.27201533,99.748138,0.72032326,0.031646535,251.53831,534.27039,264.03741,1.2080908,0.71835762,102.18202,0.52396899,0.26917905,6.8341543e-12,201.02782,1354.9825
1989.8333,100.23321,0.27123749,99.727112,0.72042465,0.03164662,251.51222,534.21002,264.00821,1.2242445,0.73625004,102.15369,0.52393299,0.32584253,8.1517206e-12,200.98364,1354.8283
1989.9167,100.20981,0.2699801,99.706085,0.72052604,0.031646702,251.46672,534.11017,263.9595,1.2382704,0.7534712,102.12531,0.53547662,0.49570528,9.0898417e-12,200.93805,1354.5914
1990,100.18545,0.26839587,99.684708,0.72062904,0.031646788,251.41795,534.0033,263.90759,1.2390457,0.75728112,102.09614,0.53405279,0.38482451,1.0014582e-11,200.89082,1354.3122
1990.0833,100.16261,0.26706934,99.66436,0.72072703,0.03164687,251.37289,533.90442,263.85965,1.24017,0.76281971,102.06748,0.52811325,0.50709432,1.0597094e-11,200.84641,1354.0539
1990.1667,100.14069,0.26623517,99.64402,0.72082502,0.031646952,251.32837,533.80664,263.81223,1.2364374,0.7643007,102.0368,0.52863222,0.51205993,1.1180256e-11,200.80341,1353.7883
1990.25,100.11863,0.26569059,99.622986,0.72092634,0.031647034,251.28613,533.71332,263.76706,1.2209319,0.70122868,102.00423,0.52632838,0.46367949,1.1482991e-11,200.75989,1353.4528
1990.3333,100.09777,0.26578355,99.601952,0.72102761,0.03164712,251.24641,533.62512,263.72443,1.2022759,0.5434168,101.97005,0.51962668,0.29573426,1.1632446e-11,200.71819,1353.0298
1990.4167,100.07758,0.26622739,99.580933,0.72112888,0.031647202,251.32668,533.78162,263.80328,1.19279,0.50492173,101.93638,0.51258677,0.17824113,9.1565705e-12,200.67752,1353.2232
1990.5,100.05689,0.26639485,99.559914,0.72123009,0.031647284,251.61455,534.36096,264.09189,1.2071981,0.48644888,101.90462,0.52177912,0.18149537,6.8439161e-12,200.63609,1354.3018
1990.5833,100.03591,0.26659527,99.538559,0.72133297,0.031647369,251.89297,534.92084,264.3699,1.2274448,0.48174873,101.87366,0.52811855,0.18990278,6.0229946e-12,200.59404,1355.3606
1990.6667,100.01433,0.26629007,99.517555,0.72143418,0.031647451,252.06769,535.2691,264.54288,1.2024434,0.60104126,101.84399,0.52206272,0.22230235,5.3962616e-12,200.55125,1356.0784
1990.75,99.992546,0.26587555,99.496552,0.72153533,0.031647537,252.13498,535.39813,264.60748,1.1859491,0.70398557,101.81609,0.50868726,0.2853595,5.5461213e-12,200.50816,1356.3548
1990.8333,99.970901,0.26553273,99.475548,0.72163647,0.031647619,252.12621,535.37238,264.59543,1.1997627,0.72042274,101.78841,0.50809419,0.31435761,6.0559131e-12,200.46526,1356.2678
1990.9167,99.948845,0.26497054,99.454552,0.72173756,0.031647701,252.09737,535.30579,264.5632,1.2122245,0.73663825,101.7606,0.51642245,0.42346832,6.5160642e-12,200.42175,1356.0975
1991,99.925766,0.26404732,99.433205,0.72184032,0.031647786,252.06718,535.23627,264.52963,1.2115232,0.73961067,101.73195,0.52614152,0.42558104,6.9166886e-12,200.37651,1355.8927
1991.0833,99.903763,0.26314613,99.412895,0.72193813,0.031647865,252.03825,535.1698,264.49759,1.2064985,0.73978513,101.70344,0.53134471,0.496544,7.2478486e-12,200.33339,1355.6888
1991.1667,99.881462,0.26208988,99.392586,0.72203583,0.031647947,252.00862,535.10181,264.465,1.202775,0.74059951,101.67515,0.5282355,0.49769163,7.5013294e-12,200.28981,1355.4838
1991.25,99.858727,0.26116472,99.37159,0.72213691,0.031648029,251.97943,535.03455,264.43286,1.1892759,0.6592868,101.64596,0.51797855,0.3995311,7.6755711e-12,200.24527,1355.1865
1991.3333,99.838326,0.26148292,99.350594,0.72223788,0.031648111,251.95436,534.97565,264.40491,1.1467582,0.5183478,101.61465,0.49737546,0.20585656,7.7576582e-12,200.2043,1354.8191
1991.4167,99.818573,0.26213872,99.329605,0.72233891,0.031648193,252.00391,535.06903,264.45251,1.1457145,0.48490301,101.58431,0.49421388,0.15354992,6.9413112e-12,200.16429,1354.9046
1991.5,99.798843,0.26280287,99.308624,0.72243989,0.031648275,252.29222,535.64856,264.74118,1.1604573,0.45948228,101.55501,0.49428692,0.14792104,5.58327e-12,200.12436,1355.9813
1991.5833,99.779053,0.26361185,99.287308,0.72254246,0.03164836,252.52408,536.11316,264.97198,1.1779691,0.45632869,101.52582,0.48769766,0.14693266,5.3610176e-12,200.08417,1356.8535
1991.6667,99.758904,0.26404038,99.266342,0.72264344,0.031648442,252.83418,536.73987,265.2825,1.1888787,0.47938588,101.49836,0.46987158,0.14037323,8.3265807e-12,200.04356,1358.0668
1991.75,99.738174,0.26416212,99.245384,0.72274435,0.031648524,253.09111,537.25891,265.53946,1.1330885,0.68595433,101.47263,0.45696452,0.1555638,1.5344804e-11,200.00211,1359.1833
1991.8333,99.717072,0.26408252,99.224434,0.7228452,0.031648606,253.20987,537.4964,265.65701,1.1542169,0.70783013,101.44765,0.45584595,0.18566437,2.0900689e-11,199.96008,1359.6331
1991.9167,99.696281,0.2641665,99.203484,0.72294611,0.031648688,253.29932,537.67426,265.746,1.1736034,0.72878683,101.42259,0.43561926,0.25270483,2.5404193e-11,199.91853,1359.9632
1992,99.67601,0.26470417,99.182198,0.72304857,0.03164877,253.39757,537.86993,265.84396,1.1829082,0.73938096,101.3969,0.43448809,0.30316082,2.7829078e-11,199.87761,1360.3082
1992.0833,99.657295,0.26551861,99.161957,0.72314608,0.031648852,253.49837,538.07098,265.94449,1.1780274,0.73971152,101.37163,0.43219817,0.3729828,2.9880039e-11,199.83957,1360.6428
1992.1667,99.639153,0.26662725,99.141716,0.72324359,0.03164893,253.60744,538.28888,266.05347,1.1747149,0.74202263,101.34574,0.4284426,0.38407746,3.2127988e-11,199.80237,1361.0146
1992.25,99.620392,0.26776996,99.120804,0.72334439,0.031649012,253.72835,538.5307,266.17438,1.1750026,0.62393963,101.31886,0.43264866,0.2916131,3.3834029e-11,199.76396,1361.3151
1992.3333,99.602066,0.26913983,99.099899,0.72344512,0.031649094,253.83803,538.74963,266.28384,1.1869867,0.4980258,101.29028,0.43686542,0.16964868,3.5054397e-11,199.7262,1361.573
1992.4167,99.583748,0.27050564,99.07901,0.72354591,0.031649176,254.10194,539.28271,266.54932,1.192989,0.48043865,101.26154,0.43837729,0.11255883,2.7378719e-11,199.68845,1362.5574
1992.5,99.565331,0.27181122,99.058128,0.72364658,0.031649254,254.48582,540.05951,266.93503,1.2030602,0.46555299,101.2329,0.44912824,0.12319955,2.2594407e-11,199.65056,1364.0324
1992.5833,99.546234,0.27293172,99.036919,0.72374898,0.03164934,254.88252,540.86261,267.33295,1.2162261,0.46469864,101.20431,0.45034871,0.13894665,2.039971e-11,199.61148,1365.5748
1992.6667,99.52684,0.27370775,99.01606,0.72384965,0.031649418,255.20871,541.52209,267.65964,1.1906292,0.56984502,101.17674,0.45249036,0.14101028,1.8978904e-11,199.5721,1366.8999
1992.75,99.506577,0.27401993,98.995209,0.72395027,0.0316495,255.38516,541.87665,267.8353,1.163853,0.70336437,101.1507,0.4506062,0.15743512,2.1727268e-11,199.5314,1367.6465
1992.8333,99.485497,0.27389771,98.974358,0.72405094,0.031649582,255.48776,542.08093,267.93698,1.1821883,0.72485864,101.12489,0.44988683,0.1657732,2.6071669e-11,199.48944,1368.027
1992.9167,99.464699,0.27392086,98.953514,0.72415155,0.031649664,255.58417,542.27258,268.0329,1.1960025,0.74593163,101.09898,0.44149452,0.25071278,2.778942e-11,199.44794,1368.3786
1993,99.444237,0.27430058,98.932343,0.72425377,0.031649746,255.59518,542.28839,268.04178,1.1946956,0.74717396,101.07186,0.45621762,0.36909398,2.9073173e-11,199.40678,1368.3458
1993.0833,99.425568,0.27508608,98.912193,0.72435105,0.031649824,255.52065,542.12866,267.96362,1.182219,0.74017501,101.04407,0.45781595,0.38046196,3.2069028e-11,199.36885,1367.9483
1993.1667,99.407372,0.2761164,98.892059,0.72444832,0.031649902,255.45734,541.992,267.89691,1.1694688,0.73266131,101.01534,0.45765853,0.38880274,3.3495325e-11,199.33163,1367.5953
1993.25,99.388374,0.27707702,98.871246,0.72454882,0.031649981,255.39667,541.8606,267.83286,1.1691946,0.67087954,100.98631,0.45914134,0.31626254,3.4592863e-11,199.29289,1367.2093
1993.3333,99.369949,0.2783381,98.850449,0.72464937,0.031650063,255.34875,541.75531,267.7818,1.1878012,0.5288254,100.95535,0.4658969,0.1431412,3.511284e-11,199.25504,1366.8128
1993.4167,99.351311,0.27947652,98.829659,0.7247498,0.031650141,255.44809,541.94995,267.8797,1.1843084,0.48132068,100.92504,0.46875602,0.09997014,2.7506457e-11,199.21684,1367.0853
1993.5,99.331696,0.28009003,98.808876,0.7248503,0.031650223,255.65271,542.35815,268.08365,1.1974792,0.4634819,100.89573,0.49380156,0.13641797,2.2879242e-11,199.17715,1367.8283
1993.5833,99.311821,0.28074402,98.787766,0.7249524,0.031650305,255.87047,542.79315,268.3002,1.2123799,0.46130291,100.86659,0.48850605,0.14731227,2.0723338e-11,199.13693,1368.6411
1993.6667,99.292007,0.28124601,98.766998,0.72505283,0.031650387,256.03024,543.11047,268.45828,1.205707,0.52707136,100.83742,0.49736869,0.15990983,1.9505775e-11,199.09694,1369.2661
1993.75,99.271408,0.28133073,98.746246,0.72515321,0.031650465,256.13165,543.30878,268.55743,1.1677126,0.69104022,100.80995,0.48919323,0.14837892,1.8289552e-11,199.05579,1369.7223
1993.8333,99.250366,0.28117588,98.725494,0.72525358,0.031650547,256.15134,543.34052,268.57404,1.1920716,0.71442235,100.78354,0.49046716,0.17834832,2.0184417e-11,199.01393,1369.7699
1993.9167,99.228767,0.28072876,98.704742,0.72535396,0.031650625,256.13239,543.29388,268.55188,1.2140553,0.73860192,100.75713,0.49684361,0.2441335,2.1101771e-11,198.97124,1369.6591
1994,99.206367,0.28003031,98.683655,0.72545594,0.031650707,256.10986,543.23993,268.52609,1.2262424,0.75188959,100.73045,0.50085437,0.364777,2.1835781e-11,198.92714,1369.5116
1994.0833,99.184647,0.27915266,98.663582,0.72555298,0.031650785,256.08731,543.18646,268.50055,1.230094,0.75871885,100.70514,0.50482059,0.42065895,2.2557369e-11,198.88458,1369.3529
1994.1667,99.162781,0.27819982,98.643517,0.72564995,0.03165086,256.05966,543.12262,268.46994,1.2296755,0.76268846,100.67952,0.50894403,0.45837232,2.3736256e-11,198.8418,1369.1659
1994.25,99.140259,0.27725694,98.622772,0.72575027,0.031650942,256.03094,543.0564,268.4382,1.2257951,0.7652728,100.65263,0.50757116,0.4630549,2.4265027e-11,198.79768,1368.9669
1994.3333,99.118294,0.27661234,98.60202,0.72585052,0.03165102,256.00354,542.99292,268.40784,1.224079,0.67690015,100.62492,0.50992113,0.33622378,2.4495368e-11,198.75441,1368.6846
1994.4167,99.097572,0.2766242,98.581276,0.72595078,0.031651098,256.05176,543.08368,268.45404,1.2325774,0.51491916,100.59444,0.51222759,0.149703,2.1837469e-11,198.71307,1368.6444
1994.5,99.077728,0.27709898,98.560539,0.72605097,0.03165118,256.24869,543.47699,268.65021,1.244934,0.48242235,100.56414,0.49930435,0.14287347,1.9096988e-11,198.67307,1369.3406
1994.5833,99.057533,0.27756277,98.539467,0.72615278,0.031651258,256.49936,543.98035,268.90021,1.2623491,0.4786649,100.53374,0.49423122,0.16002567,2.003483e-11,198.63237,1370.287
1994.6667,99.037491,0.27792355,98.518738,0.72625297,0.03165134,256.83292,544.65533,269.23438,1.2463043,0.56308258,100.50441,0.47846591,0.14317106,4.0865835e-11,198.59206,1371.6285
1994.75,99.016884,0.27798271,98.498024,0.72635311,0.031651419,257.08246,545.159,269.48386,1.210436,0.72174251,100.4775,0.46250626,0.15468284,8.2352396e-11,198.55089,1372.6859
1994.8333,98.996063,0.27792573,98.47731,0.72645324,0.031651497,257.18726,545.36816,269.58786,1.2306695,0.7431699,100.45117,0.45800173,0.17938794,1.1153328e-10,198.5094,1373.0777
1994.9167,98.975342,0.27791968,98.456596,0.72655338,0.031651575,257.28635,545.5658,269.68661,1.2494738,0.763897,100.42439,0.45477918,0.24599423,1.1591228e-10,198.46805,1373.4446
1995,98.955696,0.27865866,98.435555,0.72665507,0.031651657,257.38748,545.76733,269.78741,1.2541533,0.77068257,100.39497,0.45161375,0.3634941,1.2018377e-10,198.42821,1373.7902
1995.0833,98.937508,0.27962863,98.415535,0.72675186,0.031651732,257.48398,545.95978,269.88361,1.2556118,0.7748999,100.36641,0.45005512,0.39056644,1.2622083e-10,198.39105,1374.1154
1995.1667,98.919434,0.28065136,98.395531,0.72684866,0.03165181,257.58066,546.1524,269.97989,1.2547426,0.77763653,100.33775,0.44890106,0.39291507,1.3213086e-10,198.35411,1374.4371
1995.25,98.901001,0.28184125,98.374855,0.72694868,0.031651888,257.67993,546.35022,270.0788,1.2540966,0.6815564,100.30768,0.45082036,0.29920736,1.3822582e-10,198.31628,1374.6685
1995.3333,98.883751,0.28364813,98.354195,0.72704864,0.031651966,257.78079,546.55127,270.17923,1.2584089,0.56722683,100.27491,0.45083731,0.15667784,1.4149014e-10,198.28029,1374.892
1995.4167,98.866928,0.28567505,98.333542,0.72714865,0.031652045,257.97153,546.9353,270.37054,1.2485492,0.5236603,100.24218,0.44405228,0.1113562,1.2751442e-10,198.24493,1375.5366
1995.5,98.84951,0.28738061,98.312912,0.72724861,0.031652123,258.40369,547.81036,270.80551,1.2488377,0.48962054,100.21127,0.4485738,0.10574466,1.0401852e-10,198.20869,1377.178
1995.5833,98.831184,0.28877524,98.291954,0.72735018,0.031652205,258.82251,548.65796,271.22592,1.2630213,0.48326227,100.18083,0.45503795,0.11277141,9.4748681e-11,198.17091,1378.8044
1995.6667,98.812431,0.2897574,98.271339,0.72745013,0.031652283,259.15378,549.32751,271.55795,1.2795866,0.48323303,100.15046,0.46951124,0.12675112,1.2126636e-10,198.13263,1380.0852
1995.75,98.792793,0.29026952,98.25074,0.72755003,0.031652361,259.42795,549.8808,271.83221,1.2047025,0.68710005,100.12099,0.45953298,0.13331169,2.3264231e-10,198.093,1381.2467
1995.8333,98.772324,0.29033387,98.230141,0.72764987,0.031652436,259.552,550.12866,271.95538,1.2074364,0.73593342,100.09423,0.44564852,0.1381323,3.5407846e-10,198.05209,1381.7257
1995.9167,98.752922,0.29096428,98.209557,0.72774976,0.031652514,259.62982,550.28259,272.03275,1.2137003,0.74493414,100.06744,0.4204962,0.16191761,4.5654769e-10,198.01285,1381.9841
1996,98.734055,0.29204902,98.188637,0.72785121,0.031652596,259.7178,550.45715,272.12042,1.222289,0.75755644,100.04004,0.42364055,0.2308518,5.2409327e-10,197.97423,1382.2895
1996.0833,98.715965,0.29300812,98.168739,0.72794777,0.03165267,259.80692,550.63416,272.20932,1.2224143,0.76159799,100.01369,0.42807731,0.35454321,5.7381783e-10,197.9373,1382.5853
1996.1667,98.698135,0.29409674,98.148849,0.72804427,0.031652745,259.90051,550.82031,272.30273,1.2214208,0.76522034,99.986221,0.43029046,0.36899531,6.0707211e-10,197.90077,1382.8972
1996.25,98.679848,0.29529122,98.128304,0.72814405,0.031652823,259.99896,551.01617,272.401,1.2184252,0.76885915,99.957817,0.42736867,0.37397432,6.2110878e-10,197.86324,1383.2245
1996.3333,98.661949,0.29669112,98.107765,0.72824383,0.031652901,260.1106,551.23895,272.51263,1.2234806,0.51699406,99.928497,0.43378487,0.12998973,5.9909444e-10,197.82629,1383.3574
1996.4167,98.644272,0.2981998,98.087234,0.72834355,0.03165298,260.37921,551.78125,272.78293,1.2346642,0.48397425,99.898369,0.43297109,0.081298478,4.6139551e-10,197.7897,1384.35
1996.5,98.626091,0.29943639,98.066719,0.72844326,0.031653058,260.75229,552.53552,273.15802,1.2517442,0.46916488,99.869255,0.44400692,0.079354122,3.8594478e-10,197.75233,1385.7883
1996.5833,98.606873,0.30029416,98.045876,0.72854459,0.031653136,261.14151,553.32263,273.54852,1.272983,0.46628737,99.84024,0.45040205,0.087842859,3.4259404e-10,197.71323,1387.3055
1996.6667,98.587273,0.30076906,98.025383,0.72864425,0.031653211,261.48453,554.01599,273.89246,1.2468179,0.58141398,99.812363,0.45094934,0.090593375,3.2129324e-10,197.67371,1388.7072
1996.75,98.566261,0.30049196,98.00489,0.72874391,0.031653289,261.6857,554.42065,274.09326,1.2241852,0.71329433,99.787025,0.45121086,0.10152258,3.686757e-10,197.63203,1389.5562
1996.8333,98.544037,0.29957783,97.984398,0.72884351,0.031653367,261.79279,554.63391,274.19952,1.2507048,0.73906082,99.762115,0.45827147,0.12291174,4.3923939e-10,197.58849,1389.9666
1996.9167,98.521721,0.29861149,97.963905,0.72894311,0.031653445,261.88458,554.81622,274.29092,1.2755208,0.76370597,99.737,0.45121175,0.2194854,5.2158716e-10,197.54483,1390.3127
1997,98.500092,0.29818684,97.943077,0.72904438,0.031653523,261.87805,554.79651,274.28229,1.2830765,0.77017498,99.710228,0.4623881,0.35354921,5.514289e-10,197.50206,1390.2223
1997.0833,98.479729,0.29790175,97.923264,0.72914064,0.031653598,261.78357,554.59668,274.1842,1.2881334,0.77578169,99.68364,0.46611008,0.36784053,4.7549492e-10,197.46169,1389.7737
1997.1667,98.459442,0.2976492,97.90345,0.72923696,0.031653672,261.69073,554.40027,274.08786,1.2910192,0.78044015,99.657051,0.46465063,0.38270462,3.5385622e-10,197.42142,1389.3287
1997.25,98.43885,0.2975913,97.882973,0.72933644,0.031653747,261.5961,554.2002,273.98969,1.2915742,0.67345363,99.629173,0.46705383,0.27703762,2.3555546e-10,197.3804,1388.7605
1997.3333,98.41938,0.29812345,97.862495,0.72943598,0.031653825,261.51251,554.02271,273.90277,1.3073481,0.55840945,99.597878,0.47876611,0.14146204,1.7126364e-10,197.34108,1388.2427
1997.4167,98.399734,0.29855794,97.842026,0.72953546,0.0316539,261.6366,554.26782,274.02582,1.3049141,0.49881724,99.566521,0.48862696,0.093582943,1.2064172e-10,197.3015,1388.6019
1997.5,98.379066,0.298444,97.821564,0.72963488,0.031653978,261.84518,554.68463,274.23413,1.3233745,0.4855333,99.535851,0.51307309,0.12368106,1.0177251e-10,197.26036,1389.3691
1997.5833,98.357803,0.29819617,97.800774,0.72973597,0.031654056,262.07175,555.13818,274.45996,1.3407189,0.48184189,99.505219,0.51373726,0.13505432,8.7784613e-11,197.21815,1390.2158
1997.6667,98.336166,0.29757318,97.780312,0.72983539,0.031654131,262.24921,555.49213,274.63617,1.3599153,0.48470587,99.475174,0.52609295,0.14796624,7.8806794e-11,197.17554,1390.8728
1997.75,98.314041,0.2966888,97.759857,0.72993481,0.031654209,262.34296,555.67572,274.72794,1.2913365,0.66443413,99.445915,0.51596123,0.15591681,8.3231297e-11,197.13217,1391.2805
1997.8333,98.290939,0.29528984,97.739403,0.73003417,0.031654283,262.27362,555.52753,274.65558,1.2946392,0.73181617,99.418617,0.51579946,0.17777175,1.0403219e-10,197.08731,1390.9891
1997.9167,98.267418,0.29366934,97.718941,0.73013353,0.031654362,262.19525,555.3609,274.57428,1.3178492,0.75963527,99.39135,0.51205069,0.21690805,1.0706359e-10,197.04182,1390.6411
1998,98.24366,0.29210314,97.698143,0.7302345,0.031654436,262.11505,555.19049,274.49112,1.3385253,0.78288031,99.363602,0.50849539,0.20960297,1.1121436e-10,196.99582,1390.2775
1998.0833,98.221291,0.29073757,97.678345,0.73033059,0.031654511,262.03955,555.03015,274.41284,1.3493344,0.79826283,99.337151,0.50521213,0.40170336,1.1541723e-10,196.95236,1389.9197
1998.1667,98.199402,0.28963155,97.658554,0.73042661,0.031654585,261.965,554.87177,274.33551,1.3486162,0.80432093,99.310394,0.50200033,0.43640909,1.2031993e-10,196.90967,1389.5454
1998.25,98.177467,0.28885451,97.638084,0.73052585,0.03165466,261.89139,554.71521,274.25909,1.3423214,0.80021745,99.282196,0.49723828,0.43462157,1.2264924e-10,196.86659,1389.157
1998.3333,98.156601,0.28863969,97.617615,0.73062515,0.031654738,261.82022,554.56372,274.18521,1.3487992,0.58840042,99.25209,0.50328517,0.19759089,1.23369e-10,196.82515,1388.5836
1998.4167,98.136833,0.28900805,97.597153,0.73072439,0.031654812,261.79095,554.49762,274.15375,1.3457429,0.56564355,99.220161,0.49697158,0.14358899,1.1333479e-10,196.78539,1388.3593
1998.5,98.116959,0.28931391,97.576698,0.73082358,0.031654887,262.03082,554.97882,274.39423,1.3391218,0.51909763,99.189217,0.51367909,0.1352073,8.5337085e-11,196.74545,1389.1967
1998.5833,98.098053,0.2903091,97.555916,0.73092437,0.031654965,262.27341,555.46545,274.63675,1.3598988,0.50935203,99.15567,0.51687288,0.13560928,7.320939e-11,196.70686,1390.1074
1998.6667,98.079559,0.29133484,97.535477,0.73102355,0.03165504,262.49042,555.90045,274.8533,1.387815,0.53378087,99.121727,0.52834797,0.13536997,6.8226043e-11,196.66905,1390.9565
1998.75,98.059952,0.29177076,97.515053,0.73112273,0.031655114,262.63715,556.1922,274.99887,1.3263794,0.76613814,99.089691,0.51634383,0.1454819,6.7454729e-11,196.62956,1391.64
1998.8333,98.03994,0.29198846,97.494629,0.73122185,0.031655192,262.6543,556.21991,275.01355,1.3529432,0.79113662,99.059311,0.51362979,0.19702449,7.0499231e-11,196.58945,1391.6806
1998.9167,98.019875,0.292173,97.474213,0.73132098,0.031655267,262.63342,556.17035,274.9899,1.3741322,0.81302994,99.028908,0.5149675,0.3109937,7.6090197e-11,196.54924,1391.559
1999,97.998985,0.29209974,97.453468,0.73142165,0.031655341,262.59509,556.08527,274.9487,1.3869897,0.82641518,98.997902,0.52404392,0.23498727,8.2603042e-11,196.50763,1391.348
1999.0833,97.977982,0.2914266,97.433723,0.73151749,0.031655416,262.55579,555.9986,274.90674,1.3937528,0.83742404,98.968719,0.53424191,0.36167616,8.8326006e-11,196.46631,1391.1274
1999.1667,97.956238,0.29036751,97.413986,0.73161328,0.031655487,262.5163,555.91156,274.86475,1.3982847,0.84432924,98.939728,0.53812701,0.44657901,9.1492133e-11,196.42386,1390.8988
1999.25,97.933525,0.28914574,97.393578,0.73171234,0.031655561,262.4765,555.82361,274.82257,1.3994068,0.84951144,98.909828,0.5329594,0.45602152,9.3718928e-11,196.37962,1390.6611
1999.3333,97.910995,0.28802434,97.373161,0.73181134,0.031655639,262.43939,555.74121,274.78305,1.4055494,0.70261031,98.879784,0.53347135,0.27049878,9.4107881e-11,196.33565,1390.2873
1999.4167,97.88945,0.28742504,97.352753,0.73191029,0.031655714,262.42102,555.69702,274.76257,1.4252433,0.60150969,98.847878,0.53357399,0.1421925,9.0473268e-11,196.2932,1390.0485
1999.5,97.868172,0.28696412,97.332336,0.73200929,0.031655788,262.61871,556.09247,274.96024,1.4410222,0.55212486,98.815712,0.53843778,0.11528048,7.160339e-11,196.25114,1390.7313
1999.5833,97.847198,0.28684089,97.3116,0.73210984,0.031655863,262.81314,556.48108,275.15363,1.4699502,0.55299586,98.783592,0.54071909,0.11875796,6.550252e-11,196.20943,1391.4638
1999.6667,97.825325,0.28605896,97.291191,0.73220879,0.031655937,263.01358,556.88251,275.353,1.4922148,0.57653779,98.753571,0.52758026,0.12471271,6.4059417e-11,196.16644,1392.2379
1999.75,97.803329,0.28521746,97.27079,0.73230767,0.031656012,263.24521,557.34979,275.58438,1.3971641,0.80005515,98.72551,0.49258062,0.11294213,9.5406558e-11,196.12332,1393.2253
1999.8333,97.781609,0.28451797,97.250389,0.73240656,0.031656086,263.34482,557.54858,275.68347,1.4211439,0.82751644,98.698425,0.46213868,0.10405894,1.4166263e-10,196.08058,1393.6046
1999.9167,97.762077,0.28497931,97.229988,0.73250538,0.031656161,263.41724,557.6922,275.75565,1.4351661,0.84477872,98.671028,0.4215014,0.1674636,1.9732789e-10,196.0412,1393.8572
2000,97.743607,0.28617489,97.209259,0.73260587,0.031656235,263.48578,557.82794,275.82385,1.4341447,0.84833676,98.643112,0.41884941,0.11296566,1.7506802e-10,196.00331,1394.0665
2000.0833,97.725517,0.28703454,97.189545,0.73270142,0.03165631,263.56845,557.99255,275.90643,1.4330871,0.85210216,98.616104,0.43642342,0.24584107,5.9100481e-11,195.96645,1394.3353
2000.1667,97.70694,0.28763184,97.169846,0.73279703,0.031656381,263.66052,558.17621,275.9985,1.4224225,0.84734309,98.589043,0.43753323,0.3191224,4.9229173e-11,195.92888,1394.6228
2000.25,97.688202,0.28849754,97.149475,0.73289579,0.031656455,263.75613,558.36694,276.09412,1.413543,0.67182803,98.560188,0.44243059,0.21054496,4.560187e-11,195.89073,1394.7535
2000.3333,97.671021,0.2901769,97.129128,0.73299456,0.03165653,263.85367,558.56165,276.19168,1.4262183,0.56228292,98.527023,0.45072058,0.1215742,4.408842e-11,195.855,1394.9774
2000.4167,97.653671,0.29176292,97.108788,0.73309326,0.031656601,264.00745,558.87085,276.34613,1.4410504,0.56761158,98.493423,0.45919099,0.097809896,3.7925572e-11,195.81898,1395.5454
2000.5,97.63533,0.29281265,97.088455,0.73319203,0.031656675,264.44296,559.75305,276.78519,1.4548376,0.53276539,98.459793,0.48684829,0.08801575,2.4062424e-11,195.78145,1397.2101
2000.5833,97.615105,0.29303822,97.067802,0.73329234,0.03165675,264.9136,560.70642,277.25824,1.4872959,0.52662241,98.426155,0.51177549,0.099567115,1.9896383e-11,195.74091,1399.0592
2000.6667,97.593338,0.29227164,97.047485,0.73339099,0.031656824,265.33328,561.55615,277.67947,1.4392622,0.63105857,98.394585,0.51583856,0.096886821,1.7672997e-11,195.69817,1400.7319
2000.75,97.568932,0.29010916,97.027161,0.73348963,0.031656899,265.61053,562.11542,277.95676,1.4083725,0.7281943,98.368034,0.50665873,0.1051575,2.1201959e-11,195.65135,1401.8387
2000.8333,97.544098,0.28772146,97.006836,0.73358828,0.031656973,265.7326,562.35913,278.07751,1.43717,0.75743657,98.34259,0.50235647,0.11224188,2.4646531e-11,195.6039,1402.3103
2000.9167,97.519318,0.28536701,96.986496,0.73368686,0.031657044,265.85089,562.59521,278.1947,1.4652873,0.7875039,98.317131,0.49929988,0.13790408,2.5728307e-11,195.55653,1402.7673
2001,97.495979,0.28395289,96.96582,0.73378712,0.031657118,265.87463,562.63696,278.21616,1.4848304,0.80916297,98.303596,0.31615245,0.084608734,2.6681839e-11,195.5112,1402.8366
2001.0833,97.475487,0.28351995,96.946152,0.73388243,0.031657189,265.80725,562.49194,278.14551,1.4952484,0.82544303,98.30246,0.31086427,0.11379454,2.739935e-11,195.47072,1402.5386
2001.1667,97.455032,0.28310397,96.926476,0.73397774,0.03165726,265.74033,562.34802,278.07544,1.5016061,0.83921921,98.301285,0.31053454,0.14489439,2.8212509e-11,195.43025,1402.2362
2001.25,97.433929,0.28270063,96.906143,0.73407632,0.031657334,265.67163,562.2005,278.0036,1.5028235,0.74966216,98.300018,0.30933788,0.16002256,2.9492589e-11,195.3885,1401.8168
2001.3333,97.412842,0.28229991,96.885811,0.73417479,0.031657409,265.60516,562.05768,277.93408,1.5097394,0.63723129,98.298706,0.3106634,0.11268607,3.0328455e-11,195.3468,1401.3894
2001.4167,97.391769,0.28190741,96.865479,0.73427331,0.03165748,265.54227,561.92236,277.86826,1.4966012,0.6326322,98.297363,0.31171027,0.10146784,3.0339523e-11,195.30508,1401.0645
2001.5,97.370682,0.28150517,96.845146,0.73437178,0.031657554,265.66748,562.16992,277.99265,1.4735688,0.56879801,98.296013,0.31870964,0.058851272,2.1801894e-11,195.26337,1401.4319
2001.5833,97.349197,0.28106859,96.824486,0.73447186,0.031657629,265.97177,562.78168,278.29724,1.4881922,0.55892986,98.294708,0.33041945,0.070437804,1.6899059e-11,195.22087,1402.6133
2001.6667,97.328003,0.28060839,96.804169,0.73457026,0.031657699,266.24969,563.34015,278.57489,1.484832,0.61847085,98.293701,0.33493811,0.076035902,1.5197789e-11,195.17902,1403.7408
2001.75,97.306854,0.28016666,96.783844,0.73466867,0.031657774,266.36441,563.56616,278.68774,1.4301225,0.79082078,98.29277,0.3314805,0.07947965,1.7662366e-11,195.13719,1404.2692
2001.8333,97.286118,0.27995089,96.763527,0.73476708,0.031657845,266.28119,563.38977,278.60117,1.4362794,0.79965866,98.291626,0.29259312,0.077320367,2.9741161e-11,195.09602,1403.8957
2001.9167,97.265625,0.27986103,96.74321,0.73486543,0.031657919,266.17773,563.17224,278.4942,1.4271296,0.79891872,98.290039,0.28514233,0.18685201,3.9778444e-11,195.05522,1403.4155
2002,97.24511,0.27993068,96.722565,0.73496538,0.031657994,266.07599,562.95831,278.38895,1.4125005,0.79182762,98.27475,0.45234558,0.18729509,3.1659043e-11,195.01424,1402.9166
2002.0833,97.225723,0.28006202,96.702927,0.73506045,0.031658061,265.99078,562.77844,278.30057,1.4082512,0.79704976,98.247368,0.45909572,0.19996333,3.0495977e-11,194.97543,1402.498
2002.1667,97.206352,0.28020421,96.683296,0.73515558,0.031658132,265.91028,562.60828,278.21704,1.4014176,0.80168217,98.220001,0.46128446,0.21240529,3.0347058e-11,194.93668,1402.0953
2002.25,97.186546,0.28046364,96.663002,0.73525387,0.031658206,265.83133,562.44116,278.13504,1.390759,0.65943885,98.191246,0.46491709,0.21354592,3.0381506e-11,194.89693,1401.5459
2002.3333,97.167702,0.28123081,96.642708,0.7353521,0.031658277,265.75781,562.28528,278.05869,1.3787076,0.53715646,98.159782,0.47441405,0.22270887,3.0462639e-11,194.85866,1401.0361
2002.4167,97.148308,0.28170058,96.622429,0.73545033,0.031658348,265.80118,562.36768,278.10065,1.3730494,0.53076583,98.128006,0.49059442,0.14818601,2.340979e-11,194.81953,1401.1209
2002.5,97.128273,0.2818245,96.602158,0.73554856,0.031658422,266.11383,562.99847,278.41519,1.3807384,0.5185414,98.095421,0.53529859,0.15444231,1.5628455e-11,194.77946,1402.3016
2002.5833,97.107452,0.28170371,96.581558,0.73564839,0.031658493,266.37891,563.53326,278.68222,1.3944248,0.51712692,98.061295,0.5714553,0.18707675,1.359098e-11,194.73801,1403.3052
2002.6667,97.087082,0.28164935,96.561295,0.73574656,0.031658567,266.5979,563.97437,278.90225,1.353765,0.62551028,98.027672,0.56182164,0.18248264,1.2311311e-11,194.69743,1404.1788
2002.75,97.066223,0.28133148,96.541031,0.73584473,0.031658638,266.76276,564.30426,279.06723,1.3103939,0.74105328,97.997055,0.54290444,0.19327009,1.2470102e-11,194.65608,1404.8389
2002.8333,97.044868,0.28075382,96.520775,0.73594284,0.031658709,266.77194,564.31689,279.07486,1.3326043,0.76315033,97.968559,0.52081525,0.22305837,1.65168e-11,194.61401,1404.842
2002.9167,97.023712,0.2802777,96.500511,0.73604101,0.03165878,266.71005,564.18463,279.0105,1.3515323,0.78460246,97.940231,0.49926272,0.29734525,1.9690574e-11,194.5722,1404.5537
2003,97.002319,0.27985269,96.479927,0.73614067,0.031658854,266.64288,564.04144,278.94061,1.3568248,0.79341304,97.925079,0.31863907,0.12924974,2.2926244e-11,194.52991,1404.2302
2003.0833,96.982079,0.27950409,96.460342,0.73623556,0.031658921,266.58267,563.91284,278.8779,1.3633322,0.80604285,97.923729,0.31372276,0.15384248,2.4594011e-11,194.48982,1403.9564
2003.1667,96.961914,0.27919847,96.44075,0.73633039,0.031658992,266.52341,563.78619,278.81619,1.3617281,0.81225449,97.922264,0.3114467,0.24059409,2.5296426e-11,194.44984,1403.6718
2003.25,96.941124,0.27891263,96.420509,0.73642844,0.031659063,266.46109,563.6532,278.75128,1.3391078,0.80433142,97.920715,0.30867276,0.2497815,2.5931944e-11,194.40865,1403.3383
2003.3333,96.920288,0.27859804,96.400261,0.73652643,0.031659134,266.40515,563.5332,278.69284,1.3224148,0.71123749,97.919136,0.31189707,0.19732493,2.5950865e-11,194.36734,1402.9513
2003.4167,96.899437,0.27827445,96.38002,0.73662442,0.031659205,266.50119,563.7229,278.78821,1.3222971,0.53093344,97.917587,0.32003424,0.070395954,1.891331e-11,194.32602,1403.1092
2003.5,96.878311,0.27780163,96.359787,0.73672241,0.031659279,266.77859,564.28192,279.0672,1.324134,0.51016295,97.9161,0.36800367,0.1046773,1.3164822e-11,194.28429,1404.1624
2003.5833,96.856918,0.27736324,96.339218,0.73682201,0.03165935,267.0477,564.8241,279.33728,1.3412695,0.50709605,97.914871,0.3634994,0.1011352,1.1293067e-11,194.24199,1405.2143
2003.6667,96.8358,0.27689317,96.318985,0.73691994,0.031659421,267.23331,565.19574,279.52261,1.3225287,0.59451616,97.913986,0.36396879,0.10715541,1.0153908e-11,194.20026,1405.9829
2003.75,96.814697,0.27643406,96.298752,0.73701781,0.031659491,267.35489,565.43652,279.64319,1.2774657,0.73063791,97.913208,0.35916948,0.11393195,1.0635236e-11,194.15857,1406.5145
2003.8333,96.793732,0.27604181,96.278519,0.73711574,0.031659562,267.41345,565.54919,279.70038,1.2926282,0.74538982,97.912354,0.33502692,0.10770371,1.4619894e-11,194.11708,1406.7305
2003.9167,96.77298,0.27576688,96.258293,0.73721361,0.031659633,267.35999,565.43353,279.6441,1.3071568,0.75994235,97.911385,0.31610626,0.11476824,1.7608984e-11,194.07591,1406.492
2004,96.751511,0.27528247,96.23774,0.73731303,0.031659704,267.29626,565.29712,279.57755,1.3219261,0.7750299,97.89682,0.49338016,0.14513633,1.9016762e-11,194.03351,1406.1981
2004.0833,96.731056,0.27480558,96.218185,0.73740768,0.031659774,267.23508,565.16626,279.51364,1.3387148,0.79627103,97.870026,0.49603593,0.16087119,2.0929968e-11,193.99312,1405.9132
2004.1667,96.711006,0.27454752,96.198624,0.73750228,0.031659842,267.17535,565.03851,279.45129,1.3481534,0.8112368,97.843048,0.49162966,0.3598868,2.2288714e-11,193.95334,1405.621
2004.25,96.690697,0.27449647,96.178413,0.73760009,0.031659912,267.11475,564.90869,279.38797,1.3447595,0.81579202,97.815239,0.4846054,0.39982864,2.2962127e-11,193.91287,1405.3
2004.3333,96.670616,0.27456644,96.158203,0.73769784,0.031659983,267.0585,564.78796,279.3291,1.3355932,0.69687802,97.787361,0.48800528,0.28939101,2.3031724e-11,193.87276,1404.8682
2004.4167,96.651665,0.27522919,96.137993,0.73779559,0.031660054,267.14285,564.95355,279.41248,1.3431571,0.54914194,97.756554,0.49953938,0.12130314,1.7080655e-11,193.83434,1404.9921
2004.5,96.631935,0.2754752,96.117798,0.73789334,0.031660125,267.46637,565.60626,279.73788,1.3647019,0.52251142,97.725388,0.56287336,0.16826016,1.2200749e-11,193.79477,1406.2179
2004.5833,96.611717,0.27563512,96.097275,0.73799264,0.031660195,267.71796,566.11206,279.98999,1.3867043,0.5254063,97.694298,0.55608219,0.17774002,1.0290217e-11,193.75427,1407.1807
2004.6667,96.591255,0.27549016,96.077087,0.73809034,0.031660266,267.94446,566.56659,280.21622,1.3655733,0.64083999,97.664299,0.55544949,0.17435275,9.5021812e-12,193.71358,1408.1116
2004.75,96.569695,0.27475896,96.0569,0.73818797,0.031660337,268.07819,566.83173,280.34891,1.3429995,0.76472503,97.637581,0.5353592,0.17696503,9.6351581e-12,193.6712,1408.6752
2004.8333,96.548134,0.27402839,96.03672,0.73828566,0.031660404,268.15665,566.98401,280.42572,1.3605299,0.7893427,97.611809,0.52819937,0.20027924,1.0153426e-11,193.62883,1408.9569
2004.9167,96.526642,0.27333567,96.016533,0.73838329,0.031660475,268.15399,566.97113,280.42047,1.3789963,0.81367415,97.586105,0.52802318,0.23504525,1.0782584e-11,193.58656,1408.911
2005,96.504303,0.27236709,95.996025,0.73848248,0.031660546,268.14566,566.94641,280.40945,1.3988615,0.8347953,97.559937,0.53426522,0.196642,1.1555677e-11,193.54285,1408.8379
2005.0833,96.482407,0.2711044,95.976501,0.73857689,0.031660613,268.13086,566.909,280.39212,1.4124311,0.85214663,97.534988,0.53947228,0.37807697,1.2545733e-11,193.50024,1408.7318
2005.1667,96.460114,0.26963606,95.956978,0.73867124,0.03166068,268.1134,566.86609,280.3721,1.414099,0.85922176,97.509964,0.53949106,0.4398427,1.3006331e-11,193.45708,1408.5919
2005.25,96.437073,0.26812077,95.936783,0.73876876,0.031660751,268.09631,566.82373,280.35236,1.4083923,0.86072654,97.483925,0.53355294,0.47251236,1.3286558e-11,193.4124,1408.4379
2005.3333,96.414261,0.26672938,95.916595,0.73886633,0.031660821,268.08041,566.78387,280.3338,1.4076127,0.71066499,97.45771,0.53221017,0.294489,1.3458278e-11,193.36812,1408.1422
2005.4167,96.392517,0.26590687,95.8964,0.73896378,0.031660888,268.13739,566.89276,280.38907,1.4144733,0.60011774,97.429176,0.53646928,0.15196151,1.1864385e-11,193.32545,1408.1884
2005.5,96.371849,0.26565522,95.876205,0.7390613,0.031660959,268.41324,567.44714,280.66528,1.4334719,0.58030713,97.399826,0.53850985,0.13489777,9.4809213e-12,193.28442,1409.2237
2005.5833,96.35154,0.26576471,95.85569,0.73916036,0.03166103,268.6889,568.00092,280.94037,1.458582,0.58428746,97.369255,0.55168015,0.15210071,8.8880864e-12,193.24382,1410.286
2005.6667,96.331154,0.26565441,95.835503,0.73925781,0.031661101,268.90155,568.42621,281.15176,1.3868333,0.74410832,97.340126,0.53031653,0.14372243,7.9747346e-12,193.20323,1411.1538
2005.75,96.310104,0.26519236,95.815323,0.73935521,0.031661168,269.01639,568.65179,281.26437,1.3768988,0.81474519,97.315186,0.51120967,0.15592974,8.0130494e-12,193.16164,1411.6011
2005.8333,96.288803,0.26459667,95.795143,0.7394526,0.031661239,268.96793,568.54529,281.21249,1.3999293,0.83767492,97.291107,0.47468781,0.16310053,1.070455e-11,193.11966,1411.374
2005.9167,96.268379,0.26446697,95.774971,0.73954999,0.031661306,268.88965,568.37872,281.13077,1.4192774,0.85978723,97.266266,0.45532414,0.18228452,1.3741535e-11,193.07903,1411.0235
2006,96.248459,0.26477513,95.754471,0.73964894,0.031661376,268.82413,568.2381,281.06195,1.4321219,0.87864769,97.239769,0.45448604,0.19105634,1.5033088e-11,193.03902,1410.7139
2006.0833,96.230087,0.26537919,95.73497,0.73974311,0.031661443,268.76132,568.10358,280.99612,1.4288738,0.88866615,97.214203,0.45265186,0.3237229,1.6787799e-11,193.00185,1410.3945
2006.1667,96.21167,0.26595196,95.715469,0.73983723,0.03166151,268.70657,567.9856,280.93848,1.4296572,0.89593923,97.188545,0.45586076,0.34206653,1.776455e-11,192.96458,1410.1094
2006.25,96.19294,0.26670286,95.69532,0.73993456,0.031661581,268.65073,567.86523,280.87973,1.432395,0.80609101,97.161537,0.4592984,0.27144372,1.8767363e-11,192.92656,1409.7223
2006.3333,96.175598,0.26818752,95.675186,0.74003184,0.031661648,268.59769,567.75085,280.82391,1.4534758,0.69035894,97.131058,0.46524894,0.13413419,1.9521745e-11,192.89067,1409.3379
2006.4167,96.158669,0.269887,95.65506,0.74012905,0.031661715,268.65149,567.85419,280.87625,1.451455,0.65093219,97.099968,0.46531472,0.086714581,1.6089716e-11,192.85541,1409.4397
2006.5,96.1418,0.27160394,95.634949,0.74022633,0.031661786,268.96832,568.49304,281.19473,1.4635586,0.62949473,97.067947,0.53266639,0.12577796,1.1426506e-11,192.82024,1410.6373
2006.5833,96.124832,0.27344015,95.614517,0.74032515,0.031661857,269.21954,568.99835,281.44702,1.4924499,0.63885546,97.034019,0.5472613,0.14376988,9.8594284e-12,192.78477,1411.615
2006.6667,96.107956,0.27514362,95.594429,0.74042231,0.031661924,269.38647,569.33136,281.6134,1.513741,0.66583461,97.00106,0.54808265,0.15908074,9.0103645e-12,192.74962,1412.2616
2006.75,96.089569,0.27603653,95.574356,0.74051952,0.031661991,269.59262,569.74396,281.81924,1.425727,0.88745779,96.971008,0.53071272,0.17762461,8.7360423e-12,192.71216,1413.1521
2006.8333,96.069977,0.2762883,95.554291,0.74061668,0.031662062,269.6604,569.87433,281.88519,1.4519956,0.91274589,96.944427,0.52099985,0.1791652,1.002835e-11,192.67284,1413.4019
2006.9167,96.049721,0.27618405,95.534233,0.74071378,0.031662129,269.65814,569.86212,281.88043,1.4781239,0.93860555,96.918411,0.525132,0.22146679,1.0764546e-11,192.63251,1413.3683
2007,96.028397,0.27568609,95.51384,0.74081248,0.0316622,269.64532,569.82812,281.8649,1.5021418,0.95942795,96.891777,0.53408754,0.18939468,1.1850351e-11,192.59041,1413.2822
2007.0833,96.007904,0.27510917,95.494446,0.74090642,0.031662263,269.62991,569.78918,281.8468,1.5196757,0.97695237,96.864944,0.53953052,0.39346188,1.2319082e-11,192.55003,1413.1775
2007.1667,95.987289,0.27446339,95.475044,0.74100029,0.03166233,269.60617,569.7334,281.82028,1.5261496,0.98614031,96.837898,0.5171749,0.40942913,1.3418727e-11,192.50945,1413.0195
2007.25,95.966103,0.27386412,95.454987,0.74109739,0.031662397,269.57315,569.65869,281.78424,1.5295175,0.99345714,96.809891,0.50458735,0.41978204,1.4520497e-11,192.46771,1412.8168
2007.3333,95.945457,0.27355072,95.434937,0.74119443,0.031662464,269.54495,569.59412,281.7532,1.5290649,0.8829667,96.780945,0.50596315,0.31406608,1.4716018e-11,192.4268,1412.5119
2007.4167,95.926796,0.2742846,95.414894,0.7412914,0.031662535,269.59711,569.69336,281.80356,1.5372719,0.70704192,96.748703,0.50406575,0.099217102,1.2860604e-11,192.38892,1412.4759
2007.5,95.908028,0.27495489,95.394852,0.74138844,0.031662602,269.87497,570.2522,282.08221,1.5665019,0.68980086,96.716805,0.54436016,0.12436499,9.8977736e-12,192.35089,1413.5334
2007.5833,95.888611,0.27545324,95.374489,0.74148697,0.031662669,270.12335,570.75085,282.33057,1.6026642,0.69459265,96.687035,0.54827261,0.13351694,9.1666449e-12,192.31169,1414.5008
2007.6667,95.868576,0.27544877,95.354469,0.74158394,0.031662736,270.34323,571.19135,282.54962,1.6389729,0.70474696,96.658173,0.55221462,0.13870388,8.4122969e-12,192.27174,1415.3578
2007.75,95.8479,0.27510202,95.334442,0.74168086,0.031662807,270.43964,571.38007,282.64401,1.5414376,0.93821853,96.63121,0.53137887,0.14379647,8.5135909e-12,192.23079,1415.8054
2007.8333,95.825989,0.27409863,95.314423,0.74177778,0.031662874,270.40152,571.29449,282.60272,1.5657766,0.97344893,96.606392,0.52945381,0.13409112,9.9044826e-12,192.18796,1415.6324
2007.9167,95.803558,0.27281857,95.294403,0.74187469,0.031662941,270.35648,571.19513,282.5545,1.5959696,1.002493,96.581596,0.50616938,0.15859288,1.0575331e-11,192.14433,1415.4305
2008,95.781311,0.27181324,95.274048,0.74197316,0.031663008,270.31564,571.10449,282.51053,1.6216149,1.0241057,96.556175,0.48838133,0.13818409,1.1361605e-11,192.10081,1415.2334
2008.0833,95.760895,0.27125594,95.254684,0.7420668,0.031663075,270.28171,571.02844,282.47375,1.6421419,1.0464313,96.531807,0.48149741,0.27407461,1.1951522e-11,192.06056,1415.0649
2008.1667,95.740906,0.2709226,95.235321,0.74216044,0.031663138,270.25131,570.95984,282.44067,1.6509686,1.0564566,96.507385,0.48036018,0.34836668,1.2462168e-11,192.02097,1414.8877
2008.25,95.72036,0.27064332,95.215302,0.7422573,0.031663205,270.23743,570.9248,282.42429,1.657584,1.0047339,96.48201,0.48293564,0.3262724,1.2783374e-11,191.98022,1414.7111
2008.3333,95.700523,0.2707352,95.19529,0.74235409,0.031663273,270.2493,570.94263,282.43405,1.675306,0.77766347,96.45443,0.49258304,0.15578845,1.2880206e-11,191.94057,1414.4739
2008.4167,95.680573,0.27076647,95.175278,0.74245083,0.03166334,270.32809,571.09674,282.5116,1.689631,0.76205391,96.426453,0.49618584,0.094255976,1.1531083e-11,191.90073,1414.7153
2008.5,95.659241,0.27005914,95.155273,0.74254757,0.031663407,270.61185,571.66821,282.79654,1.7107188,0.72886151,96.39901,0.5653826,0.11764848,8.9011827e-12,191.85878,1415.7739
2008.5833,95.635864,0.26844192,95.134941,0.74264592,0.031663474,270.88132,572.21045,283.06674,1.7419374,0.71249217,96.371155,0.59525275,0.13455285,7.8939685e-12,191.81355,1416.7978
2008.6667,95.610954,0.26584056,95.114922,0.7427426,0.031663541,271.08099,572.61047,283.26587,1.7454054,0.75652796,96.344475,0.59317708,0.12743069,7.6429895e-12,191.76611,1417.5698
2008.75,95.58445,0.26239389,95.094902,0.74283934,0.031663608,271.2659,572.98224,283.44992,1.6684791,0.94799244,96.320763,0.55460089,0.11510945,1.0384762e-11,191.71625,1418.3515
2008.8333,95.557404,0.25867078,95.07486,0.74293596,0.031663675,271.36606,573.1817,283.54932,1.6967251,0.97890431,96.297966,0.51500261,0.1033185,1.2994049e-11,191.66553,1418.7362
2008.9167,95.532631,0.25615853,95.05481,0.74303263,0.031663742,271.45651,573.36151,283.63947,1.7250022,1.0105171,96.274628,0.48524588,0.17637193,1.6189562e-11,191.61829,1419.086
2009,95.50885,0.25435045,95.034424,0.74313086,0.031663809,271.56073,573.56915,283.74338,1.7400651,1.0308658,96.250175,0.47836739,0.11214292,1.7837572e-11,191.57242,1419.4668
2009.0833,95.486328,0.2526871,95.015022,0.74322426,0.031663876,271.66248,573.77191,283.84488,1.7581551,1.0563011,96.227119,0.47973615,0.13577311,1.9375387e-11,191.52892,1419.8498
2009.1667,95.463676,0.25096211,94.995613,0.74331772,0.031663939,271.77039,573.98706,283.95251,1.7805634,1.0836716,96.204048,0.48267081,0.15694626,2.0179726e-11,191.48523,1420.2635
2009.25,95.44091,0.24952371,94.975548,0.74341428,0.031664006,271.88184,574.20929,284.06366,1.8005542,0.85565275,96.178848,0.48542434,0.21550736,2.0867792e-11,191.44106,1420.4309
2009.3333,95.419228,0.24866502,94.955475,0.74351084,0.03166407,272.00214,574.44952,284.18381,1.8175728,0.82518655,96.151054,0.48784,0.21053967,2.1364733e-11,191.39854,1420.8279
2009.4167,95.397491,0.24777839,94.935402,0.74360734,0.031664137,272.22632,574.90112,284.40891,1.8353907,0.81631154,96.123466,0.48843259,0.075251803,1.7387803e-11,191.35594,1421.6675
2009.5,95.374985,0.24647968,94.915337,0.74370384,0.031664204,272.63904,575.73584,284.82373,1.8668797,0.78987962,96.096008,0.52610415,0.08061938,1.3129522e-11,191.31216,1423.2635
2009.5833,95.350655,0.24438772,94.894928,0.74380195,0.031664271,273.0607,576.58832,285.24548,1.9051849,0.78015763,96.068123,0.54811525,0.092471153,1.1278746e-11,191.26543,1424.9134
2009.6667,95.325371,0.24161264,94.874847,0.74389839,0.031664338,273.41702,577.30804,285.60126,1.9218718,0.81028157,96.041069,0.55594146,0.09750016,1.0229818e-11,191.21739,1426.317
2009.75,95.298416,0.23795627,94.854752,0.74399483,0.031664401,273.6991,577.87634,285.88208,1.8390825,1.0018845,96.016312,0.54703981,0.10128286,1.0179941e-11,191.16676,1427.4815
2009.8333,95.270004,0.23352961,94.834641,0.74409127,0.031664468,273.83261,578.14233,286.0134,1.870216,1.0275073,95.992966,0.5555734,0.17919542,1.2757899e-11,191.11392,1427.993
2009.9167,95.24086,0.2287171,94.814514,0.74418765,0.031664535,273.93631,578.3479,286.11591,1.8934978,1.0553988,95.969528,0.54309303,0.52805191,1.3638673e-11,191.05994,1428.3785
2010,95.212357,0.22443329,94.794037,0.74428564,0.031664602,273.94666,578.362,286.12378,1.886191,1.0549012,95.944778,0.54859912,0.35545331,1.4610462e-11,191.00679,1428.3251
2010.0833,95.1866,0.22109176,94.774529,0.74437886,0.031664666,273.86609,578.19,286.0394,1.8939812,1.0720779,95.919884,0.53715044,0.3719148,1.5979921e-11,190.95827,1427.9397
2010.1667,95.161942,0.21834381,94.75502,0.74447203,0.031664729,273.79053,578.02863,285.9603,1.8954122,1.0853283,95.894829,0.52707875,0.39988008,1.6838919e-11,190.91145,1427.5665
2010.25,95.137329,0.21597569,94.734833,0.74456835,0.031664792,273.71506,577.86737,285.88123,1.890231,1.0955961,95.86866,0.52246356,0.39800522,1.7820754e-11,190.86436,1427.1825
2010.3333,95.113594,0.2140771,94.714645,0.74466467,0.03166486,273.65024,577.72797,285.81308,1.885944,0.88596523,95.841026,0.52922934,0.3553212,1.788277e-11,190.81865,1426.6228
2010.4167,95.090958,0.21277301,94.69445,0.74476093,0.031664927,273.76562,577.95563,285.92722,1.8942097,0.79659218,95.81105,0.53571361,0.12056264,1.3212377e-11,190.77461,1426.9249
2010.5,95.067802,0.21118885,94.674255,0.74485719,0.03166499,273.98413,578.39264,286.14529,1.9254048,0.77826089,95.780998,0.58334792,0.14591315,1.0701558e-11,190.72977,1427.7365
2010.5833,95.044174,0.20952874,94.653725,0.744955,0.031665057,274.21896,578.86304,286.37903,1.960312,0.77128714,95.750595,0.58358538,0.15324706,9.2964863e-12,190.68404,1428.6273
2010.6667,95.019997,0.20740557,94.633522,0.74505126,0.03166512,274.41446,579.25366,286.57285,1.9826838,0.79457057,95.720848,0.60029554,0.18110859,8.422367e-12,190.63765,1429.3768
2010.75,94.994789,0.20472933,94.613304,0.74514747,0.031665187,274.50195,579.42438,286.65781,1.8941753,0.9912712,95.693428,0.57559705,0.29848614,8.7305345e-12,190.58963,1429.7526
2010.8333,94.968559,0.20151323,94.593086,0.74524361,0.031665251,274.47577,579.36377,286.62851,1.9060876,1.0114374,95.667641,0.59023243,0.43657216,1.0115854e-11,190.54005,1429.5932
2010.9167,94.941238,0.19771568,94.572845,0.74533981,0.031665318,274.41473,579.23248,286.56439,1.909029,1.0258093,95.641754,0.58320135,0.86472583,1.0967839e-11,190.4888,1429.277
2011,94.913727,0.19400491,94.552261,0.7454375,0.031665385,274.34921,579.09204,286.49582,1.8766657,1.0073062,95.615372,0.56522572,0.45656952,1.1216553e-11,190.4371,1428.8736
2011.0833,94.888901,0.19119982,94.532669,0.74553049,0.031665444,274.28326,578.95123,286.42697,1.8709249,1.0172237,95.588707,0.55697846,0.45394388,1.1613271e-11,190.38995,1428.5284
2011.1667,94.865364,0.18909088,94.513062,0.74562341,0.031665508,274.21964,578.81531,286.36053,1.850268,1.023163,95.560776,0.54477936,0.4369252,1.1792448e-11,190.3448,1428.1746
2011.25,94.842308,0.18760026,94.492783,0.74571949,0.031665575,274.15894,578.68536,286.29709,1.7181246,0.92847347,95.533394,0.5135023,0.36528391,1.2080971e-11,190.30006,1427.6214
2011.3333,94.820946,0.18701738,94.472504,0.74581558,0.031665638,274.10876,578.57709,286.24438,1.6796941,0.73757523,95.505455,0.50918412,0.33928618,1.2253534e-11,190.25795,1427.1108
2011.4167,94.800476,0.1869103,94.452232,0.7459116,0.031665701,274.16534,578.68628,286.29968,1.6286745,0.67254329,95.477501,0.50083482,0.17752388,1.0662719e-11,190.21719,1427.1472
2011.5,94.780052,0.18682541,94.431961,0.74600762,0.031665768,274.49747,579.35651,286.63376,1.6391672,0.6439876,95.449554,0.54241431,0.20244406,8.0895395e-12,190.1765,1428.397
2011.5833,94.760063,0.18715322,94.411369,0.74610519,0.031665832,274.80936,579.98517,286.94666,1.6564139,0.63438159,95.421333,0.54439998,0.21595901,6.9738056e-12,190.13635,1429.5897
2011.6667,94.739799,0.18714572,94.391106,0.74620116,0.031665899,275.04715,580.46271,287.18405,1.6672428,0.6458149,95.393768,0.55118257,0.23036407,6.5290299e-12,190.09592,1430.4967
2011.75,94.718994,0.18684997,94.37085,0.74629712,0.031665962,275.13873,580.64185,287.27371,1.5877036,0.85164225,95.368004,0.52659702,0.25977239,6.6958466e-12,190.05466,1430.9164
2011.8333,94.698067,0.18648872,94.350601,0.74639302,0.031666026,275.12448,580.60614,287.25693,1.5935345,0.86842096,95.343552,0.51198363,0.34648216,8.2679506e-12,190.01321,1430.8062
2011.9167,94.677055,0.18607999,94.330353,0.74648893,0.031666089,275.04904,580.44611,287.17841,1.6013774,0.88333565,95.318901,0.46590695,0.58860564,1.0419319e-11,189.97163,1430.4489
2012,94.656357,0.18601435,94.309769,0.74658638,0.031666156,274.98389,580.30695,287.11032,1.5836332,0.8728323,95.293724,0.45963511,0.32306984,1.1152108e-11,189.93037,1430.0817
2012.0833,94.63784,0.18658246,94.290192,0.74667913,0.031666219,274.91882,580.16864,287.04251,1.5728991,0.8755967,95.268326,0.45854208,0.34020972,1.2232745e-11,189.89296,1429.7398
2012.1667,94.6203,0.18766718,94.27063,0.74677187,0.031666279,274.85855,580.04016,286.97958,1.554029,0.87900591,95.241486,0.4531939,0.32597443,1.3041919e-11,189.85703,1429.4099
2012.25,94.601631,0.18850046,94.250404,0.74686766,0.031666342,274.79941,579.91388,286.91782,1.5254203,0.79863566,95.216125,0.44795641,0.31351751,1.3863686e-11,189.81906,1428.9904
2012.3333,94.583298,0.18950829,94.230186,0.7469635,0.031666409,274.74835,579.80438,286.86438,1.4426267,0.59283072,95.190659,0.44403115,0.28776875,1.4289443e-11,189.78162,1428.4248
2012.4167,94.565269,0.19067352,94.209984,0.74705929,0.031666473,274.79965,579.90326,286.91446,1.3979976,0.55773646,95.166,0.43883458,0.17049472,1.235323e-11,189.74464,1428.4837
2012.5,94.547676,0.1920673,94.189796,0.74715507,0.031666536,275.2077,580.72876,287.32565,1.366223,0.52507824,95.141243,0.49805164,0.17932576,9.0600331e-12,189.70836,1430.003
2012.5833,94.530365,0.19378035,94.169281,0.74725235,0.031666599,275.63718,581.59839,287.75912,1.3719487,0.517205,95.114311,0.53179902,0.21815698,7.8197145e-12,189.67235,1431.6706
2012.6667,94.513458,0.19552405,94.149117,0.74734807,0.031666663,275.98752,582.30621,288.11197,1.3343168,0.6077556,95.086975,0.52576363,0.20363927,7.1195142e-12,189.6371,1433.0718
2012.75,94.494812,0.19633457,94.12896,0.7474438,0.031666726,276.18945,582.71112,288.31436,1.2994331,0.70451367,95.063538,0.5066421,0.23550698,7.8425053e-12,189.5992,1433.8817
2012.8333,94.475571,0.19681928,94.108818,0.74753952,0.031666789,276.15311,582.63068,288.27563,1.3132827,0.72036958,95.041199,0.46182013,0.19975372,1.0502317e-11,189.56041,1433.6947
2012.9167,94.456764,0.19753307,94.088676,0.74763519,0.031666853,276.0744,582.46417,288.19385,1.3232784,0.73480117,95.018265,0.43012241,0.21956296,1.4102868e-11,189.52228,1433.331
2013,94.438286,0.19859381,94.068214,0.7477324,0.03166692,276.01147,582.32983,288.12802,1.3283014,0.74362606,94.993713,0.43913677,0.17701985,1.5983761e-11,189.48448,1433.0195
2013.0833,94.420555,0.19952311,94.048752,0.74782485,0.031666979,275.95944,582.21808,288.07346,1.3393962,0.75962329,94.970467,0.43806639,0.22002752,1.6942243e-11,189.4483,1432.7687
2013.1667,94.402809,0.20043871,94.029297,0.74791735,0.031667043,275.90887,582.1095,288.02042,1.3412597,0.76793206,94.947517,0.43709642,0.33418682,1.7918791e-11,189.41212,1432.5076
2013.25,94.384315,0.20129921,94.009193,0.7480129,0.031667106,275.85559,581.9953,287.9646,1.3378006,0.68658388,94.924721,0.43284819,0.28295359,1.9176881e-11,189.3745,1432.139
2013.3333,94.366432,0.20248181,93.989105,0.74810851,0.031667169,275.80518,581.88708,287.91177,1.3407754,0.59099096,94.900681,0.43685436,0.19184364,2.0103291e-11,189.33778,1431.7742
2013.4167,94.348679,0.20373118,93.969017,0.74820405,0.031667233,275.89041,582.05524,287.99622,1.3214971,0.54883999,94.876816,0.43700346,0.11801282,1.6314535e-11,189.30128,1431.9903
2013.5,94.331024,0.20502575,93.948952,0.74829954,0.031667292,276.31631,582.91705,288.42551,1.3175952,0.50309217,94.85183,0.52507818,0.16553348,1.113651e-11,189.26497,1433.5965
2013.5833,94.313004,0.20629129,93.928558,0.74839664,0.031667359,276.78253,583.86127,288.896,1.3362474,0.49954769,94.825607,0.5509764,0.19007219,9.1186876e-12,189.22791,1435.4291
2013.6667,94.294678,0.20721458,93.908508,0.74849212,0.031667423,277.14777,584.59943,289.26404,1.3285429,0.55853915,94.800232,0.54431826,0.19492473,8.3757532e-12,189.19055,1436.8891
2013.75,94.275246,0.20753983,93.888466,0.74858755,0.031667482,277.34103,584.98645,289.45755,1.2757913,0.69824523,94.77816,0.51455998,0.22560439,8.4918296e-12,189.15149,1437.6887
2013.8333,94.255516,0.20770495,93.868431,0.74868304,0.031667545,277.41107,585.12189,289.52615,1.2933191,0.71373373,94.757263,0.50740266,0.23510461,9.9332166e-12,189.112,1437.9355
2013.9167,94.23526,0.20758753,93.848396,0.74877846,0.031667609,277.35934,585.0097,289.47156,1.3115752,0.73428541,94.736305,0.49824673,0.25728989,1.1878423e-11,189.07169,1437.6944
2014,94.214233,0.20722897,93.828041,0.74887538,0.031667672,277.30557,584.89319,289.41473,1.3264805,0.75225097,94.714966,0.47218987,0.19085059,1.2906102e-11,189.03004,1437.4373
2014.0833,94.194168,0.20685691,93.80867,0.74896765,0.031667732,277.25824,584.79034,289.36459,1.3411018,0.77283359,94.694687,0.46839899,0.20191473,1.332601e-11,188.99031,1437.2122
2014.1667,94.174362,0.20662324,93.789299,0.74905992,0.031667795,277.20981,584.68536,289.31335,1.3450115,0.78454727,94.674194,0.46322423,0.30618083,1.4036287e-11,188.951,1436.9633
2014.25,94.153786,0.20632514,93.769279,0.74915522,0.031667855,277.16257,584.58276,289.26334,1.3305932,0.78661036,94.654045,0.45473814,0.31783187,1.4585874e-11,188.91022,1436.6902
2014.3333,94.133286,0.20606634,93.74926,0.74925059,0.031667918,277.12143,584.49274,289.21954,1.2966286,0.71801358,94.635765,0.446834,0.25495008,1.4732838e-11,188.86954,1436.3537
2014.4167,94.1138,0.20634735,93.729248,0.74934584,0.031667981,277.1618,584.56879,289.25827,1.3028457,0.5580011,94.61544,0.45288461,0.10925277,1.316473e-11,188.8304,1436.2956
2014.5,94.094223,0.20657502,93.709244,0.74944115,0.031668045,277.52963,585.3114,289.62817,1.3105814,0.5174759,94.594803,0.50477713,0.1433254,9.6028133e-12,188.79114,1437.6832
2014.5833,94.074203,0.20674162,93.688911,0.74953794,0.031668108,277.89392,586.04651,289.99451,1.322679,0.5139932,94.574615,0.5281536,0.17187974,8.5125518e-12,188.75105,1439.0973
2014.6667,94.053978,0.20661528,93.668915,0.74963319,0.031668168,278.18652,586.63513,290.28778,1.2707394,0.67662442,94.555954,0.51707268,0.17053379,7.9006541e-12,188.7108,1440.3235
2014.75,94.033089,0.20613578,93.648918,0.74972844,0.031668231,278.34012,586.94012,290.44025,1.277277,0.72194833,94.538887,0.49720654,0.18984443,8.5299571e-12,188.66954,1440.9281
2014.8333,94.0121,0.20560429,93.628929,0.74982363,0.031668294,278.3002,586.85156,290.39731,1.2960939,0.74354273,94.521675,0.44635269,0.17221263,1.1019747e-11,188.62811,1440.7386
2014.9167,93.991119,0.2050747,93.60894,0.74991882,0.031668354,278.23813,586.71844,290.33203,1.3129885,0.76320547,94.504036,0.42912769,0.19947417,1.3050051e-11,188.58673,1440.4555
2015,93.970589,0.20495784,93.588623,0.7500155,0.031668417,278.17282,586.57892,290.26355,1.3263074,0.77716732,94.484734,0.42988107,0.17677376,1.4693573e-11,188.54584,1440.1492
2015.0833,93.951668,0.20517606,93.569298,0.75010753,0.031668477,278.11063,586.44623,290.19846,1.3342426,0.79163879,94.465492,0.4264473,0.27641004,1.6462933e-11,188.5079,1439.8547
2015.1667,93.9328,0.20542002,93.549973,0.75019956,0.031668536,278.05698,586.33112,290.14206,1.3347769,0.79946399,94.445984,0.4345516,0.32604218,1.7692934e-11,188.47006,1439.5805
2015.25,93.913223,0.20563138,93.529999,0.75029463,0.0316686,278.00333,586.21594,290.08572,1.3354822,0.80778956,94.426315,0.42946908,0.34686941,1.8610063e-11,188.43082,1439.3053
2015.3333,93.894379,0.20623073,93.510033,0.7503897,0.031668659,277.9631,586.12823,290.043,1.3390534,0.62163067,94.404709,0.44319135,0.16723312,1.8498782e-11,188.3927,1438.8924
2015.4167,93.876366,0.20727088,93.490082,0.75048476,0.031668723,278.18906,586.58276,290.26962,1.333115,0.56744045,94.380692,0.46549124,0.10580595,1.2869115e-11,188.35587,1439.6786
2015.5,93.857864,0.20804423,93.470131,0.75057983,0.031668782,278.4689,587.14679,290.55093,1.3377551,0.54716903,94.356133,0.55301231,0.17180683,1.0727864e-11,188.31828,1440.7259
2015.5833,93.838608,0.20857958,93.449867,0.75067639,0.031668846,278.78613,587.78711,290.87015,1.3598241,0.53457028,94.331383,0.55664062,0.18956521,9.5465242e-12,188.27939,1441.9486
2015.6667,93.818657,0.20857233,93.429932,0.7507714,0.031668909,279.02972,588.27686,291.11453,1.3438182,0.61162263,94.307755,0.55695432,0.20441684,8.7316317e-12,188.23959,1442.924
2015.75,93.797806,0.20807956,93.410004,0.75086635,0.031668968,279.18378,588.58337,291.26785,1.2994392,0.72114104,94.286629,0.53163302,0.21916416,8.6610762e-12,188.19843,1443.5406
2015.8333,93.777145,0.20768535,93.390076,0.7509613,0.031669028,279.19846,588.6059,291.28012,1.3071349,0.74244314,94.265953,0.51820612,0.1982886,1.0040607e-11,188.15753,1443.5575
2015.9167,93.755707,0.20687723,93.370148,0.75105625,0.031669091,279.17294,588.54651,291.25156,1.3288271,0.76589406,94.245201,0.52428389,0.370006,1.1099092e-11,188.11545,1443.4265
2016,93.733223,0.20568202,93.349892,0.75115275,0.031669155,279.14478,588.48163,291.22028,1.3325779,0.77369148,94.224045,0.52002734,0.33801597,1.1633245e-11,188.07161,1443.2486
2016.0833,93.711784,0.20452654,93.33062,0.75124454,0.031669211,279.1171,588.41821,291.18967,1.3414967,0.78767371,94.203735,0.49731556,0.33878264,1.2262585e-11,188.02985,1443.0878
2016.1667,93.690689,0.2035518,93.31134,0.75133628,0.03166927,279.08945,588.35529,291.15921,1.3417436,0.79598898,94.183014,0.48564482,0.43163398,1.2789264e-11,187.98859,1442.9133
2016.25,93.669289,0.20276329,93.291412,0.75143117,0.031669334,279.05399,588.27625,291.12079,1.3256816,0.79610831,94.161682,0.47565517,0.43444031,1.3458302e-11,187.94656,1442.6809
2016.3333,93.648727,0.20242469,93.271477,0.751526,0.031669393,279.03439,588.22974,291.09857,1.3161662,0.65762019,94.139648,0.47804874,0.28124696,1.3350508e-11,187.90581,1442.382
2016.4167,93.629524,0.20281012,93.251556,0.75162077,0.031669453,279.24881,588.65991,291.31308,1.321357,0.55469865,94.11454,0.50015157,0.13301942,1.0167985e-11,187.86717,1443.0796
2016.5,93.61039,0.20322654,93.231636,0.7517156,0.031669516,279.54126,589.24835,291.60645,1.3392787,0.53682995,94.089218,0.54710287,0.18980072,8.9434736e-12,187.82863,1444.1899
2016.5833,93.591171,0.20377046,93.211403,0.75181192,0.031669576,279.83017,589.82953,291.89594,1.3599181,0.53156269,94.064209,0.55536908,0.21182594,8.1123407e-12,187.78983,1445.3011
2016.6667,93.571793,0.20405138,93.191498,0.75190669,0.031669635,280.07028,590.31097,292.13565,1.3480647,0.58214468,94.03978,0.54214859,0.21846776,7.5703419e-12,187.75093,1446.2378
2016.75,93.552299,0.20426551,93.1716,0.7520014,0.031669699,280.20941,590.58618,292.27325,1.2764972,0.72491819,94.017555,0.51324129,0.19817811,7.6352414e-12,187.71184,1446.7996
2016.8333,93.532883,0.20452189,93.151711,0.75209612,0.031669758,280.18808,590.53479,292.24869,1.2767124,0.74406695,93.996399,0.49459979,0.26621145,8.7748246e-12,187.67288,1446.6616
2016.9167,93.513603,0.2048461,93.131821,0.75219083,0.031669818,280.12045,590.38983,292.17752,1.2907534,0.7606914,93.975151,0.4345538,0.38040572,1.057716e-11,187.63416,1446.3485
2017,93.49472,0.20555316,93.111618,0.75228703,0.031669881,280.06192,590.26379,292.11566,1.2892207,0.76174092,93.953255,0.43447778,0.22983137,1.1604439e-11,187.59586,1446.0414
2017.0833,93.477859,0.20681681,93.0924,0.75237858,0.031669937,280.01956,590.17133,292.0705,1.2837958,0.77253729,93.930382,0.43191859,0.30773646,1.2854429e-11,187.56113,1445.8093
2017.1667,93.4617,0.20844565,93.073189,0.75247014,0.031669997,279.96991,590.06403,292.01801,1.2796806,0.77700502,93.906761,0.43243873,0.37089813,1.3973447e-11,187.52748,1445.5429
2017.25,93.445175,0.21022172,93.053345,0.75256473,0.031670056,279.91724,589.95062,291.96246,1.2733921,0.78119403,93.882118,0.43186444,0.38599113,1.492678e-11,187.49298,1445.2599
2017.3333,93.428841,0.21209376,93.033508,0.75265932,0.031670116,279.87723,589.86322,291.9198,1.2730485,0.63656414,93.856796,0.44227254,0.22533549,1.5250141e-11,187.45877,1444.8854
2017.4167,93.413017,0.21423025,93.013695,0.75275391,0.031670175,280.08585,590.28198,292.12866,1.2761933,0.53298485,93.829788,0.46098554,0.13142201,1.1458916e-11,187.42537,1445.5608
2017.5,93.396133,0.21578555,92.993889,0.75284845,0.031670235,280.45218,591.02173,292.49716,1.294057,0.51108569,93.803596,0.5478766,0.20595069,9.395683e-12,187.39034,1446.9702
2017.5833,93.377899,0.21679254,92.973778,0.75294453,0.031670298,280.76181,591.64551,292.80811,1.3137312,0.50474566,93.778168,0.55722618,0.22745121,8.1490344e-12,187.35309,1448.1652
2017.6667,93.359146,0.2173418,92.953995,0.75303906,0.031670358,280.98682,592.09668,293.03317,1.3074223,0.53788728,93.753433,0.55565584,0.23240352,7.6863108e-12,187.3152,1449.0306
2017.75,93.339783,0.21756086,92.934219,0.75313354,0.031670418,281.16953,592.46112,293.21512,1.2355853,0.66776216,93.730209,0.52474934,0.20726737,7.6372207e-12,187.27637,1449.7556
2017.8333,93.320114,0.21761259,92.914444,0.75322801,0.031670477,281.32083,592.76367,293.36517,1.2530113,0.681696,93.708405,0.48570281,0.21197635,8.8939108e-12,187.23709,1450.3299
2017.9167,93.299965,0.2174082,92.894676,0.75332248,0.031670537,281.47412,593.0705,293.517,1.2717545,0.70255911,93.686813,0.48750713,0.24913654,9.5160485e-12,187.19705,1450.9198
2018,93.278755,0.21680932,92.874588,0.75341845,0.031670596,281.62827,593.3786,293.66949,1.2813499,0.71930301,93.664787,0.4842706,0.20492171,1.0049204e-11,187.15524,1451.497
2018.0833,93.258583,0.21624142,92.855469,0.75350976,0.031670656,281.76154,593.64429,293.80112,1.2940073,0.73622549,93.64399,0.47135252,0.23072554,1.0728503e-11,187.11548,1451.9966
2018.1667,93.238266,0.21559763,92.836357,0.75360107,0.031670712,281.89548,593.91125,293.93372,1.3023878,0.75201052,93.623863,0.46116468,0.24654923,1.0883999e-11,187.0755,1452.4942
2018.25,93.217484,0.21505141,92.816597,0.75369543,0.031670772,282.03482,594.18909,294.07172,1.2961236,0.76353616,93.603859,0.44877774,0.2414483,1.1041399e-11,187.0345,1452.9937
2018.3333,93.197159,0.2147454,92.796837,0.75378978,0.031670831,282.17584,594.47015,294.21136,1.2946713,0.73126572,93.584053,0.44152188,0.28101566,1.1142181e-11,186.9942,1453.4616
2018.4167,93.17791,0.21501695,92.777077,0.75388414,0.031670891,282.38443,594.88873,294.41934,1.2894748,0.58541244,93.562469,0.44087046,0.12081885,1.028242e-11,186.95558,1454.0854
2018.5,93.159004,0.21546496,92.757332,0.75397843,0.03167095,282.87015,595.87091,294.90674,1.2977405,0.51467943,93.540161,0.45392156,0.10298201,8.4453755e-12,186.91747,1455.9179
2018.5833,93.138878,0.21543215,92.737267,0.75407428,0.03167101,283.32608,596.79187,295.36209,1.3099177,0.49560198,93.518112,0.47655395,0.11409441,1.4292807e-11,186.87733,1457.6809
2018.6667,93.117722,0.21467184,92.717522,0.75416857,0.03167107,283.72366,597.59406,295.75833,1.3170941,0.50711524,93.49678,0.47891435,0.12148517,3.8714761e-11,186.83575,1459.2329
2018.75,93.095848,0.21352722,92.697784,0.7542628,0.031671129,284.06134,598.27435,296.09436,1.2595192,0.67366117,93.476974,0.46143457,0.15053424,8.667142e-11,186.79309,1460.6333
2018.8333,93.074066,0.21243574,92.67804,0.75435704,0.031671189,284.24002,598.63116,296.27032,1.2812369,0.69476986,93.457855,0.45485544,0.17730862,1.2977602e-10,186.75058,1461.3261
2018.9167,93.051926,0.21115141,92.658295,0.75445127,0.031671248,284.35953,598.86768,296.38687,1.3016841,0.71732026,93.438599,0.45665693,0.21583767,1.4160816e-10,186.7075,1461.7791
2019,93.02948,0.20987631,92.638229,0.754547,0.031671308,284.50204,599.15118,296.52676,1.3148782,0.7337423,93.418549,0.45576504,0.19565624,1.4825789e-10,186.66382,1462.3109
2019.0833,93.008919,0.20909385,92.619125,0.75463808,0.031671364,284.6398,599.42542,296.66232,1.3070707,0.75122684,93.398285,0.44540614,0.19473784,1.5120591e-10,186.62344,1462.8075
2019.1667,92.989281,0.20880117,92.600029,0.75472915,0.03167142,284.78088,599.7063,296.8013,1.3029126,0.76750749,93.378029,0.43537328,0.25154775,1.5260304e-10,186.58452,1463.3214
2019.25,92.969154,0.20859541,92.580284,0.75482327,0.031671479,284.92694,599.99725,296.94522,1.3056858,0.77676821,93.357368,0.43148437,0.34115899,1.5424259e-10,186.54453,1463.8538
2019.3333,92.949112,0.20843175,92.560547,0.75491738,0.031671539,285.07303,600.28821,297.08929,1.3023791,0.7231099,93.336952,0.429003,0.29249418,1.556603e-10,186.50468,1464.3175
2019.4167,92.929848,0.20868167,92.540817,0.7550115,0.031671599,285.35504,600.85608,297.37085,1.3005835,0.55184126,93.314842,0.43208379,0.082434691,1.3724925e-10,186.46603,1465.2154
2019.5,92.910736,0.2090085,92.521088,0.75510556,0.031671654,285.84653,601.84998,297.8634,1.3060377,0.51939166,93.292747,0.44225207,0.080404714,1.4368014e-10,186.42763,1467.1057
2019.5833,92.890587,0.20895164,92.501038,0.75520116,0.031671714,286.30161,602.76929,298.31808,1.3197143,0.49877742,93.269478,0.46416742,0.090159424,3.6477329e-10,186.38747,1468.8645
2019.6667,92.870102,0.20853902,92.481323,0.75529516,0.031671774,286.72119,603.61646,298.73682,1.3195171,0.52785265,93.245712,0.46792474,0.097291231,1.1566028e-09,186.34694,1470.5145
2019.75,92.84893,0.20775853,92.461601,0.75538921,0.031671833,287.04474,604.26831,299.05902,1.2733164,0.65488231,93.22438,0.44314641,0.094588093,2.7729681e-09,186.30534,1471.8299
2019.8333,92.827812,0.20700565,92.441887,0.75548321,0.031671889,287.19556,604.56903,299.20752,1.2953799,0.67306423,93.204422,0.43434855,0.16607171,4.1609112e-09,186.26387,1472.409
2019.9167,92.806648,0.20622903,92.422165,0.75557715,0.031671949,287.28439,604.74438,299.29517,1.3122085,0.68990999,93.184418,0.41236031,0.25431618,4.9667186e-09,186.22231,1472.7328
